countyfips,year,age,totalpopulation
13,1990,0,3227
13,1990,1,3164
13,1990,2,3157
13,1990,3,3161
13,1990,4,3290
13,1990,5,3137
13,1990,6,3074
13,1990,7,3104
13,1990,8,2917
13,1990,9,3094
13,1990,10,2867
13,1990,11,2732
13,1990,12,2623
13,1990,13,2555
13,1990,14,2519
13,1990,15,2497
13,1990,16,2440
13,1990,17,2641
13,1990,18,4087
13,1990,19,5543
13,1990,20,5731
13,1990,21,5557
13,1990,22,4670
13,1990,23,3892
13,1990,24,3601
13,1990,25,3790
13,1990,26,4023
13,1990,27,4166
13,1990,28,4139
13,1990,29,4630
13,1990,30,4722
13,1990,31,4572
13,1990,32,4724
13,1990,33,4700
13,1990,34,4820
13,1990,35,4707
13,1990,36,4630
13,1990,37,4704
13,1990,38,4342
13,1990,39,4387
13,1990,40,4272
13,1990,41,4082
13,1990,42,4050
13,1990,43,4000
13,1990,44,3007
13,1990,45,2968
13,1990,46,2838
13,1990,47,2898
13,1990,48,2311
13,1990,49,2280
13,1990,50,2165
13,1990,51,2078
13,1990,52,1948
13,1990,53,1758
13,1990,54,1746
13,1990,55,1740
13,1990,56,1501
13,1990,57,1496
13,1990,58,1465
13,1990,59,1432
13,1990,60,1369
13,1990,61,1307
13,1990,62,1281
13,1990,63,1243
13,1990,64,1195
13,1990,65,1196
13,1990,66,1147
13,1990,67,1090
13,1990,68,1076
13,1990,69,999
13,1990,70,916
13,1990,71,922
13,1990,72,863
13,1990,73,790
13,1990,74,731
13,1990,75,724
13,1990,76,693
13,1990,77,669
13,1990,78,640
13,1990,79,610
13,1990,80,531
13,1990,81,494
13,1990,82,440
13,1990,83,403
13,1990,84,343
13,1990,85,368
13,1990,86,295
13,1990,87,260
13,1990,88,192
13,1990,89,193
13,1990,90,671
13,1991,0,3230
13,1991,1,3180
13,1991,2,3168
13,1991,3,3171
13,1991,4,3294
13,1991,5,3159
13,1991,6,3102
13,1991,7,3155
13,1991,8,2992
13,1991,9,3157
13,1991,10,2959
13,1991,11,2833
13,1991,12,2720
13,1991,13,2665
13,1991,14,2642
13,1991,15,2606
13,1991,16,2543
13,1991,17,2723
13,1991,18,4143
13,1991,19,5594
13,1991,20,5733
13,1991,21,5558
13,1991,22,4750
13,1991,23,3981
13,1991,24,3685
13,1991,25,3871
13,1991,26,4045
13,1991,27,4188
13,1991,28,4186
13,1991,29,4632
13,1991,30,4735
13,1991,31,4535
13,1991,32,4660
13,1991,33,4641
13,1991,34,4739
13,1991,35,4688
13,1991,36,4615
13,1991,37,4704
13,1991,38,4380
13,1991,39,4437
13,1991,40,4357
13,1991,41,4163
13,1991,42,4156
13,1991,43,4100
13,1991,44,3201
13,1991,45,3174
13,1991,46,3013
13,1991,47,3084
13,1991,48,2542
13,1991,49,2475
13,1991,50,2379
13,1991,51,2264
13,1991,52,2148
13,1991,53,1972
13,1991,54,1853
13,1991,55,1839
13,1991,56,1614
13,1991,57,1594
13,1991,58,1530
13,1991,59,1489
13,1991,60,1414
13,1991,61,1345
13,1991,62,1316
13,1991,63,1265
13,1991,64,1224
13,1991,65,1218
13,1991,66,1156
13,1991,67,1106
13,1991,68,1091
13,1991,69,1012
13,1991,70,940
13,1991,71,931
13,1991,72,882
13,1991,73,811
13,1991,74,754
13,1991,75,743
13,1991,76,712
13,1991,77,687
13,1991,78,659
13,1991,79,623
13,1991,80,547
13,1991,81,513
13,1991,82,456
13,1991,83,412
13,1991,84,360
13,1991,85,375
13,1991,86,306
13,1991,87,269
13,1991,88,202
13,1991,89,201
13,1991,90,701
13,1992,0,3278
13,1992,1,3238
13,1992,2,3223
13,1992,3,3224
13,1992,4,3345
13,1992,5,3221
13,1992,6,3169
13,1992,7,3242
13,1992,8,3096
13,1992,9,3255
13,1992,10,3077
13,1992,11,2957
13,1992,12,2841
13,1992,13,2796
13,1992,14,2785
13,1992,15,2735
13,1992,16,2665
13,1992,17,2830
13,1992,18,4248
13,1992,19,5716
13,1992,20,5817
13,1992,21,5639
13,1992,22,4883
13,1992,23,4114
13,1992,24,3807
13,1992,25,3993
13,1992,26,4121
13,1992,27,4265
13,1992,28,4285
13,1992,29,4700
13,1992,30,4811
13,1992,31,4567
13,1992,32,4670
13,1992,33,4657
13,1992,34,4738
13,1992,35,4736
13,1992,36,4666
13,1992,37,4769
13,1992,38,4472
13,1992,39,4541
13,1992,40,4490
13,1992,41,4289
13,1992,42,4302
13,1992,43,4241
13,1992,44,3409
13,1992,45,3391
13,1992,46,3202
13,1992,47,3283
13,1992,48,2770
13,1992,49,2673
13,1992,50,2593
13,1992,51,2453
13,1992,52,2346
13,1992,53,2180
13,1992,54,1971
13,1992,55,1949
13,1992,56,1731
13,1992,57,1698
13,1992,58,1605
13,1992,59,1558
13,1992,60,1471
13,1992,61,1395
13,1992,62,1365
13,1992,63,1303
13,1992,64,1264
13,1992,65,1253
13,1992,66,1180
13,1992,67,1135
13,1992,68,1120
13,1992,69,1037
13,1992,70,973
13,1992,71,952
13,1992,72,911
13,1992,73,841
13,1992,74,784
13,1992,75,770
13,1992,76,737
13,1992,77,713
13,1992,78,685
13,1992,79,642
13,1992,80,569
13,1992,81,535
13,1992,82,476
13,1992,83,428
13,1992,84,380
13,1992,85,387
13,1992,86,319
13,1992,87,280
13,1992,88,213
13,1992,89,211
13,1992,90,737
13,1993,0,3343
13,1993,1,3314
13,1993,2,3293
13,1993,3,3293
13,1993,4,3412
13,1993,5,3301
13,1993,6,3253
13,1993,7,3347
13,1993,8,3221
13,1993,9,3372
13,1993,10,3216
13,1993,11,3101
13,1993,12,2981
13,1993,13,2947
13,1993,14,2946
13,1993,15,2883
13,1993,16,2807
13,1993,17,2957
13,1993,18,4377
13,1993,19,5869
13,1993,20,5929
13,1993,21,5746
13,1993,22,5046
13,1993,23,4272
13,1993,24,3954
13,1993,25,4141
13,1993,26,4217
13,1993,27,4365
13,1993,28,4406
13,1993,29,4791
13,1993,30,4912
13,1993,31,4619
13,1993,32,4700
13,1993,33,4691
13,1993,34,4755
13,1993,35,4806
13,1993,36,4740
13,1993,37,4858
13,1993,38,4589
13,1993,39,4670
13,1993,40,4649
13,1993,41,4442
13,1993,42,4477
13,1993,43,4410
13,1993,44,3645
13,1993,45,3636
13,1993,46,3417
13,1993,47,3509
13,1993,48,3026
13,1993,49,2896
13,1993,50,2832
13,1993,51,2664
13,1993,52,2568
13,1993,53,2411
13,1993,54,2105
13,1993,55,2075
13,1993,56,1864
13,1993,57,1817
13,1993,58,1693
13,1993,59,1637
13,1993,60,1540
13,1993,61,1455
13,1993,62,1422
13,1993,63,1348
13,1993,64,1314
13,1993,65,1296
13,1993,66,1211
13,1993,67,1172
13,1993,68,1154
13,1993,69,1068
13,1993,70,1012
13,1993,71,978
13,1993,72,945
13,1993,73,876
13,1993,74,820
13,1993,75,802
13,1993,76,769
13,1993,77,744
13,1993,78,715
13,1993,79,665
13,1993,80,595
13,1993,81,563
13,1993,82,500
13,1993,83,444
13,1993,84,402
13,1993,85,402
13,1993,86,335
13,1993,87,293
13,1993,88,227
13,1993,89,223
13,1993,90,779
13,1994,0,3358
13,1994,1,3341
13,1994,2,3316
13,1994,3,3313
13,1994,4,3429
13,1994,5,3332
13,1994,6,3290
13,1994,7,3405
13,1994,8,3300
13,1994,9,3442
13,1994,10,3312
13,1994,11,3205
13,1994,12,3081
13,1994,13,3059
13,1994,14,3072
13,1994,15,2995
13,1994,16,2912
13,1994,17,3043
13,1994,18,4444
13,1994,19,5937
13,1994,20,5952
13,1994,21,5768
13,1994,22,5138
13,1994,23,4371
13,1994,24,4045
13,1994,25,4230
13,1994,26,4253
13,1994,27,4400
13,1994,28,4465
13,1994,29,4810
13,1994,30,4941
13,1994,31,4601
13,1994,32,4656
13,1994,33,4653
13,1994,34,4697
13,1994,35,4804
13,1994,36,4741
13,1994,37,4873
13,1994,38,4638
13,1994,39,4731
13,1994,40,4743
13,1994,41,4532
13,1994,42,4590
13,1994,43,4517
13,1994,44,3836
13,1994,45,3839
13,1994,46,3590
13,1994,47,3692
13,1994,48,3250
13,1994,49,3085
13,1994,50,3040
13,1994,51,2846
13,1994,52,2761
13,1994,53,2618
13,1994,54,2212
13,1994,55,2174
13,1994,56,1975
13,1994,57,1914
13,1994,58,1758
13,1994,59,1695
13,1994,60,1587
13,1994,61,1495
13,1994,62,1460
13,1994,63,1374
13,1994,64,1345
13,1994,65,1320
13,1994,66,1223
13,1994,67,1192
13,1994,68,1174
13,1994,69,1085
13,1994,70,1038
13,1994,71,990
13,1994,72,966
13,1994,73,900
13,1994,74,845
13,1994,75,823
13,1994,76,789
13,1994,77,764
13,1994,78,735
13,1994,79,680
13,1994,80,611
13,1994,81,582
13,1994,82,517
13,1994,83,455
13,1994,84,419
13,1994,85,410
13,1994,86,345
13,1994,87,302
13,1994,88,238
13,1994,89,232
13,1994,90,810
13,1995,0,3362
13,1995,1,3357
13,1995,2,3327
13,1995,3,3323
13,1995,4,3433
13,1995,5,3353
13,1995,6,3317
13,1995,7,3454
13,1995,8,3372
13,1995,9,3502
13,1995,10,3400
13,1995,11,3302
13,1995,12,3175
13,1995,13,3165
13,1995,14,3191
13,1995,15,3100
13,1995,16,3011
13,1995,17,3122
13,1995,18,4498
13,1995,19,5986
13,1995,20,5956
13,1995,21,5770
13,1995,22,5214
13,1995,23,4459
13,1995,24,4126
13,1995,25,4309
13,1995,26,4274
13,1995,27,4421
13,1995,28,4509
13,1995,29,4812
13,1995,30,4953
13,1995,31,4564
13,1995,32,4593
13,1995,33,4597
13,1995,34,4619
13,1995,35,4785
13,1995,36,4726
13,1995,37,4872
13,1995,38,4675
13,1995,39,4778
13,1995,40,4825
13,1995,41,4610
13,1995,42,4691
13,1995,43,4613
13,1995,44,4021
13,1995,45,4036
13,1995,46,3757
13,1995,47,3870
13,1995,48,3470
13,1995,49,3272
13,1995,50,3246
13,1995,51,3025
13,1995,52,2953
13,1995,53,2824
13,1995,54,2317
13,1995,55,2270
13,1995,56,2084
13,1995,57,2008
13,1995,58,1820
13,1995,59,1750
13,1995,60,1630
13,1995,61,1531
13,1995,62,1494
13,1995,63,1395
13,1995,64,1373
13,1995,65,1341
13,1995,66,1233
13,1995,67,1207
13,1995,68,1189
13,1995,69,1098
13,1995,70,1061
13,1995,71,998
13,1995,72,985
13,1995,73,921
13,1995,74,868
13,1995,75,843
13,1995,76,808
13,1995,77,783
13,1995,78,754
13,1995,79,692
13,1995,80,628
13,1995,81,600
13,1995,82,534
13,1995,83,466
13,1995,84,435
13,1995,85,417
13,1995,86,356
13,1995,87,310
13,1995,88,248
13,1995,89,240
13,1995,90,840
13,1996,0,3356
13,1996,1,3364
13,1996,2,3331
13,1996,3,3324
13,1996,4,3429
13,1996,5,3366
13,1996,6,3337
13,1996,7,3495
13,1996,8,3437
13,1996,9,3557
13,1996,10,3482
13,1996,11,3393
13,1996,12,3264
13,1996,13,3267
13,1996,14,3306
13,1996,15,3202
13,1996,16,3106
13,1996,17,3196
13,1996,18,4541
13,1996,19,6022
13,1996,20,5943
13,1996,21,5758
13,1996,22,5281
13,1996,23,4537
13,1996,24,4199
13,1996,25,4378
13,1996,26,4284
13,1996,27,4431
13,1996,28,4544
13,1996,29,4803
13,1996,30,4952
13,1996,31,4516
13,1996,32,4516
13,1996,33,4526
13,1996,34,4526
13,1996,35,4752
13,1996,36,4698
13,1996,37,4858
13,1996,38,4698
13,1996,39,4815
13,1996,40,4896
13,1996,41,4678
13,1996,42,4785
13,1996,43,4700
13,1996,44,4203
13,1996,45,4230
13,1996,46,3921
13,1996,47,4044
13,1996,48,3690
13,1996,49,3457
13,1996,50,3450
13,1996,51,3202
13,1996,52,3145
13,1996,53,3030
13,1996,54,2419
13,1996,55,2363
13,1996,56,2190
13,1996,57,2099
13,1996,58,1880
13,1996,59,1802
13,1996,60,1670
13,1996,61,1565
13,1996,62,1525
13,1996,63,1415
13,1996,64,1398
13,1996,65,1359
13,1996,66,1240
13,1996,67,1222
13,1996,68,1201
13,1996,69,1109
13,1996,70,1083
13,1996,71,1005
13,1996,72,1002
13,1996,73,940
13,1996,74,889
13,1996,75,860
13,1996,76,825
13,1996,77,801
13,1996,78,771
13,1996,79,702
13,1996,80,642
13,1996,81,617
13,1996,82,549
13,1996,83,474
13,1996,84,451
13,1996,85,424
13,1996,86,365
13,1996,87,317
13,1996,88,258
13,1996,89,248
13,1996,90,868
13,1997,0,3349
13,1997,1,3370
13,1997,2,3332
13,1997,3,3324
13,1997,4,3423
13,1997,5,3378
13,1997,6,3356
13,1997,7,3536
13,1997,8,3503
13,1997,9,3610
13,1997,10,3566
13,1997,11,3486
13,1997,12,3353
13,1997,13,3371
13,1997,14,3425
13,1997,15,3304
13,1997,16,3203
13,1997,17,3271
13,1997,18,4585
13,1997,19,6056
13,1997,20,5928
13,1997,21,5742
13,1997,22,5347
13,1997,23,4617
13,1997,24,4273
13,1997,25,4448
13,1997,26,4293
13,1997,27,4439
13,1997,28,4579
13,1997,29,4790
13,1997,30,4950
13,1997,31,4464
13,1997,32,4436
13,1997,33,4451
13,1997,34,4428
13,1997,35,4716
13,1997,36,4667
13,1997,37,4842
13,1997,38,4722
13,1997,39,4850
13,1997,40,4968
13,1997,41,4747
13,1997,42,4878
13,1997,43,4788
13,1997,44,4389
13,1997,45,4428
13,1997,46,4089
13,1997,47,4222
13,1997,48,3914
13,1997,49,3646
13,1997,50,3660
13,1997,51,3384
13,1997,52,3341
13,1997,53,3241
13,1997,54,2524
13,1997,55,2459
13,1997,56,2300
13,1997,57,2193
13,1997,58,1940
13,1997,59,1855
13,1997,60,1711
13,1997,61,1598
13,1997,62,1557
13,1997,63,1434
13,1997,64,1424
13,1997,65,1377
13,1997,66,1245
13,1997,67,1235
13,1997,68,1213
13,1997,69,1119
13,1997,70,1103
13,1997,71,1011
13,1997,72,1019
13,1997,73,960
13,1997,74,911
13,1997,75,878
13,1997,76,842
13,1997,77,817
13,1997,78,788
13,1997,79,713
13,1997,80,657
13,1997,81,635
13,1997,82,564
13,1997,83,484
13,1997,84,467
13,1997,85,430
13,1997,86,376
13,1997,87,326
13,1997,88,267
13,1997,89,257
13,1997,90,897
13,1998,0,3386
13,1998,1,3422
13,1998,2,3379
13,1998,3,3368
13,1998,4,3463
13,1998,5,3436
13,1998,6,3420
13,1998,7,3626
13,1998,8,3618
13,1998,9,3715
13,1998,10,3700
13,1998,11,3631
13,1998,12,3493
13,1998,13,3524
13,1998,14,3594
13,1998,15,3456
13,1998,16,3347
13,1998,17,3392
13,1998,18,4691
13,1998,19,6173
13,1998,20,5992
13,1998,21,5802
13,1998,22,5487
13,1998,23,4762
13,1998,24,4407
13,1998,25,4582
13,1998,26,4360
13,1998,27,4508
13,1998,28,4675
13,1998,29,4842
13,1998,30,5013
13,1998,31,4467
13,1998,32,4410
13,1998,33,4432
13,1998,34,4386
13,1998,35,4742
13,1998,36,4696
13,1998,37,4890
13,1998,38,4809
13,1998,39,4953
13,1998,40,5109
13,1998,41,4883
13,1998,42,5041
13,1998,43,4944
13,1998,44,4643
13,1998,45,4695
13,1998,46,4318
13,1998,47,4466
13,1998,48,4203
13,1998,49,3893
13,1998,50,3928
13,1998,51,3619
13,1998,52,3590
13,1998,53,3506
13,1998,54,2666
13,1998,55,2592
13,1998,56,2445
13,1998,57,2321
13,1998,58,2029
13,1998,59,1934
13,1998,60,1777
13,1998,61,1656
13,1998,62,1612
13,1998,63,1473
13,1998,64,1469
13,1998,65,1414
13,1998,66,1268
13,1998,67,1265
13,1998,68,1243
13,1998,69,1145
13,1998,70,1140
13,1998,71,1031
13,1998,72,1050
13,1998,73,994
13,1998,74,946
13,1998,75,908
13,1998,76,872
13,1998,77,847
13,1998,78,818
13,1998,79,735
13,1998,80,681
13,1998,81,662
13,1998,82,588
13,1998,83,499
13,1998,84,491
13,1998,85,443
13,1998,86,391
13,1998,87,339
13,1998,88,281
13,1998,89,269
13,1998,90,940
13,1999,0,3442
13,1999,1,3493
13,1999,2,3443
13,1999,3,3430
13,1999,4,3520
13,1999,5,3512
13,1999,6,3503
13,1999,7,3739
13,1999,8,3758
13,1999,9,3843
13,1999,10,3860
13,1999,11,3800
13,1999,12,3657
13,1999,13,3703
13,1999,14,3790
13,1999,15,3634
13,1999,16,3515
13,1999,17,3538
13,1999,18,4825
13,1999,19,6325
13,1999,20,6086
13,1999,21,5892
13,1999,22,5662
13,1999,23,4938
13,1999,24,4569
13,1999,25,4743
13,1999,26,4452
13,1999,27,4600
13,1999,28,4799
13,1999,29,4918
13,1999,30,5103
13,1999,31,4492
13,1999,32,4402
13,1999,33,4431
13,1999,34,4359
13,1999,35,4789
13,1999,36,4749
13,1999,37,4962
13,1999,38,4924
13,1999,39,5083
13,1999,40,5283
13,1999,41,5049
13,1999,42,5238
13,1999,43,5132
13,1999,44,4934
13,1999,45,5000
13,1999,46,4584
13,1999,47,4745
13,1999,48,4529
13,1999,49,4174
13,1999,50,4233
13,1999,51,3887
13,1999,52,3873
13,1999,53,3803
13,1999,54,2830
13,1999,55,2745
13,1999,56,2610
13,1999,57,2467
13,1999,58,2133
13,1999,59,2029
13,1999,60,1856
13,1999,61,1723
13,1999,62,1677
13,1999,63,1522
13,1999,64,1524
13,1999,65,1460
13,1999,66,1298
13,1999,67,1304
13,1999,68,1280
13,1999,69,1178
13,1999,70,1185
13,1999,71,1057
13,1999,72,1089
13,1999,73,1034
13,1999,74,988
13,1999,75,945
13,1999,76,907
13,1999,77,881
13,1999,78,852
13,1999,79,760
13,1999,80,710
13,1999,81,693
13,1999,82,616
13,1999,83,520
13,1999,84,517
13,1999,85,459
13,1999,86,409
13,1999,87,354
13,1999,88,297
13,1999,89,282
13,1999,90,990
13,2000,0,3427
13,2000,1,3300
13,2000,2,3353
13,2000,3,3274
13,2000,4,3270
13,2000,5,3326
13,2000,6,3319
13,2000,7,3311
13,2000,8,3527
13,2000,9,3591
13,2000,10,3608
13,2000,11,3672
13,2000,12,3612
13,2000,13,3458
13,2000,14,3522
13,2000,15,3583
13,2000,16,3455
13,2000,17,3416
13,2000,18,5112
13,2000,19,6650
13,2000,20,6244
13,2000,21,5615
13,2000,22,4600
13,2000,23,4521
13,2000,24,4550
13,2000,25,4508
13,2000,26,4708
13,2000,27,4393
13,2000,28,4519
13,2000,29,4740
13,2000,30,4778
13,2000,31,5000
13,2000,32,4310
13,2000,33,4158
13,2000,34,4221
13,2000,35,4085
13,2000,36,4474
13,2000,37,4443
13,2000,38,4661
13,2000,39,4672
13,2000,40,4813
13,2000,41,4997
13,2000,42,4768
13,2000,43,5002
13,2000,44,4857
13,2000,45,4821
13,2000,46,4901
13,2000,47,4462
13,2000,48,4641
13,2000,49,4485
13,2000,50,4111
13,2000,51,4160
13,2000,52,3790
13,2000,53,3818
13,2000,54,3739
13,2000,55,2772
13,2000,56,2629
13,2000,57,2560
13,2000,58,2397
13,2000,59,2056
13,2000,60,1947
13,2000,61,1771
13,2000,62,1644
13,2000,63,1559
13,2000,64,1460
13,2000,65,1392
13,2000,66,1213
13,2000,67,1242
13,2000,68,1196
13,2000,69,1084
13,2000,70,1110
13,2000,71,995
13,2000,72,1022
13,2000,73,962
13,2000,74,929
13,2000,75,871
13,2000,76,881
13,2000,77,841
13,2000,78,827
13,2000,79,728
13,2000,80,689
13,2000,81,673
13,2000,82,603
13,2000,83,514
13,2000,84,509
13,2000,85,442
13,2000,86,409
13,2000,87,351
13,2000,88,307
13,2000,89,290
13,2000,90,1028
13,2001,0,3504
13,2001,1,3353
13,2001,2,3411
13,2001,3,3347
13,2001,4,3338
13,2001,5,3406
13,2001,6,3403
13,2001,7,3401
13,2001,8,3650
13,2001,9,3706
13,2001,10,3749
13,2001,11,3796
13,2001,12,3755
13,2001,13,3583
13,2001,14,3636
13,2001,15,3690
13,2001,16,3566
13,2001,17,3499
13,2001,18,5176
13,2001,19,6739
13,2001,20,6373
13,2001,21,5738
13,2001,22,4751
13,2001,23,4677
13,2001,24,4672
13,2001,25,4654
13,2001,26,4834
13,2001,27,4511
13,2001,28,4724
13,2001,29,5028
13,2001,30,5158
13,2001,31,5313
13,2001,32,4406
13,2001,33,4204
13,2001,34,4255
13,2001,35,4142
13,2001,36,4551
13,2001,37,4503
13,2001,38,4730
13,2001,39,4761
13,2001,40,4928
13,2001,41,5171
13,2001,42,4902
13,2001,43,5121
13,2001,44,4977
13,2001,45,4931
13,2001,46,5014
13,2001,47,4549
13,2001,48,4732
13,2001,49,4559
13,2001,50,4188
13,2001,51,4245
13,2001,52,3838
13,2001,53,3876
13,2001,54,3804
13,2001,55,2810
13,2001,56,2681
13,2001,57,2590
13,2001,58,2430
13,2001,59,2085
13,2001,60,1971
13,2001,61,1794
13,2001,62,1661
13,2001,63,1583
13,2001,64,1491
13,2001,65,1414
13,2001,66,1286
13,2001,67,1323
13,2001,68,1269
13,2001,69,1136
13,2001,70,1155
13,2001,71,1035
13,2001,72,1059
13,2001,73,1001
13,2001,74,956
13,2001,75,900
13,2001,76,896
13,2001,77,859
13,2001,78,845
13,2001,79,739
13,2001,80,702
13,2001,81,689
13,2001,82,622
13,2001,83,523
13,2001,84,526
13,2001,85,461
13,2001,86,423
13,2001,87,366
13,2001,88,318
13,2001,89,300
13,2001,90,1083
13,2002,0,3512
13,2002,1,3449
13,2002,2,3308
13,2002,3,3370
13,2002,4,3322
13,2002,5,3306
13,2002,6,3371
13,2002,7,3392
13,2002,8,3416
13,2002,9,3667
13,2002,10,3708
13,2002,11,3755
13,2002,12,3823
13,2002,13,3730
13,2002,14,3578
13,2002,15,3589
13,2002,16,3729
13,2002,17,3597
13,2002,18,5132
13,2002,19,7089
13,2002,20,6716
13,2002,21,5979
13,2002,22,4575
13,2002,23,3576
13,2002,24,4207
13,2002,25,4626
13,2002,26,4549
13,2002,27,4819
13,2002,28,4605
13,2002,29,4863
13,2002,30,5246
13,2002,31,5192
13,2002,32,4990
13,2002,33,4223
13,2002,34,4119
13,2002,35,4195
13,2002,36,4022
13,2002,37,4449
13,2002,38,4407
13,2002,39,4709
13,2002,40,4731
13,2002,41,4948
13,2002,42,5108
13,2002,43,4879
13,2002,44,5051
13,2002,45,4972
13,2002,46,4903
13,2002,47,4923
13,2002,48,4517
13,2002,49,4647
13,2002,50,4508
13,2002,51,4122
13,2002,52,4117
13,2002,53,3813
13,2002,54,3795
13,2002,55,3774
13,2002,56,2733
13,2002,57,2647
13,2002,58,2533
13,2002,59,2388
13,2002,60,2039
13,2002,61,1928
13,2002,62,1751
13,2002,63,1597
13,2002,64,1518
13,2002,65,1435
13,2002,66,1349
13,2002,67,1394
13,2002,68,1334
13,2002,69,1182
13,2002,70,1196
13,2002,71,1072
13,2002,72,1093
13,2002,73,1036
13,2002,74,979
13,2002,75,927
13,2002,76,910
13,2002,77,876
13,2002,78,862
13,2002,79,752
13,2002,80,715
13,2002,81,703
13,2002,82,638
13,2002,83,532
13,2002,84,541
13,2002,85,479
13,2002,86,435
13,2002,87,380
13,2002,88,330
13,2002,89,306
13,2002,90,1130
13,2003,0,3563
13,2003,1,3413
13,2003,2,3368
13,2003,3,3242
13,2003,4,3306
13,2003,5,3262
13,2003,6,3237
13,2003,7,3332
13,2003,8,3389
13,2003,9,3387
13,2003,10,3649
13,2003,11,3660
13,2003,12,3759
13,2003,13,3752
13,2003,14,3677
13,2003,15,3491
13,2003,16,3598
13,2003,17,3698
13,2003,18,5116
13,2003,19,6960
13,2003,20,7041
13,2003,21,6265
13,2003,22,4815
13,2003,23,3365
13,2003,24,3067
13,2003,25,4128
13,2003,26,4447
13,2003,27,4482
13,2003,28,4940
13,2003,29,4741
13,2003,30,5090
13,2003,31,5154
13,2003,32,4672
13,2003,33,4692
13,2003,34,4083
13,2003,35,4031
13,2003,36,4038
13,2003,37,3871
13,2003,38,4310
13,2003,39,4355
13,2003,40,4645
13,2003,41,4742
13,2003,42,4814
13,2003,43,5016
13,2003,44,4768
13,2003,45,4986
13,2003,46,4895
13,2003,47,4749
13,2003,48,4839
13,2003,49,4384
13,2003,50,4559
13,2003,51,4400
13,2003,52,3935
13,2003,53,4057
13,2003,54,3703
13,2003,55,3721
13,2003,56,3650
13,2003,57,2653
13,2003,58,2568
13,2003,59,2464
13,2003,60,2310
13,2003,61,1973
13,2003,62,1860
13,2003,63,1673
13,2003,64,1552
13,2003,65,1463
13,2003,66,1421
13,2003,67,1475
13,2003,68,1406
13,2003,69,1234
13,2003,70,1243
13,2003,71,1113
13,2003,72,1131
13,2003,73,1076
13,2003,74,1007
13,2003,75,956
13,2003,76,928
13,2003,77,896
13,2003,78,882
13,2003,79,766
13,2003,80,730
13,2003,81,719
13,2003,82,657
13,2003,83,543
13,2003,84,559
13,2003,85,500
13,2003,86,448
13,2003,87,396
13,2003,88,342
13,2003,89,317
13,2003,90,1183
13,2004,0,3562
13,2004,1,3490
13,2004,2,3369
13,2004,3,3346
13,2004,4,3208
13,2004,5,3286
13,2004,6,3224
13,2004,7,3235
13,2004,8,3379
13,2004,9,3383
13,2004,10,3418
13,2004,11,3619
13,2004,12,3712
13,2004,13,3710
13,2004,14,3718
13,2004,15,3610
13,2004,16,3535
13,2004,17,3580
13,2004,18,5194
13,2004,19,6980
13,2004,20,7020
13,2004,21,6660
13,2004,22,5209
13,2004,23,3634
13,2004,24,2873
13,2004,25,3025
13,2004,26,3985
13,2004,27,4425
13,2004,28,4701
13,2004,29,5199
13,2004,30,5071
13,2004,31,4977
13,2004,32,4534
13,2004,33,4389
13,2004,34,4564
13,2004,35,4054
13,2004,36,3925
13,2004,37,3911
13,2004,38,3788
13,2004,39,4313
13,2004,40,4353
13,2004,41,4738
13,2004,42,4630
13,2004,43,4753
13,2004,44,4949
13,2004,45,4738
13,2004,46,4955
13,2004,47,4771
13,2004,48,4710
13,2004,49,4723
13,2004,50,4345
13,2004,51,4493
13,2004,52,4211
13,2004,53,3919
13,2004,54,3979
13,2004,55,3650
13,2004,56,3646
13,2004,57,3549
13,2004,58,2604
13,2004,59,2520
13,2004,60,2400
13,2004,61,2253
13,2004,62,1915
13,2004,63,1799
13,2004,64,1591
13,2004,65,1495
13,2004,66,1500
13,2004,67,1562
13,2004,68,1488
13,2004,69,1292
13,2004,70,1294
13,2004,71,1159
13,2004,72,1173
13,2004,73,1121
13,2004,74,1038
13,2004,75,990
13,2004,76,948
13,2004,77,919
13,2004,78,904
13,2004,79,784
13,2004,80,746
13,2004,81,739
13,2004,82,679
13,2004,83,555
13,2004,84,579
13,2004,85,521
13,2004,86,462
13,2004,87,412
13,2004,88,354
13,2004,89,327
13,2004,90,1242
13,2005,0,3456
13,2005,1,3471
13,2005,2,3438
13,2005,3,3346
13,2005,4,3295
13,2005,5,3183
13,2005,6,3236
13,2005,7,3217
13,2005,8,3288
13,2005,9,3355
13,2005,10,3424
13,2005,11,3367
13,2005,12,3678
13,2005,13,3649
13,2005,14,3662
13,2005,15,3637
13,2005,16,3657
13,2005,17,3490
13,2005,18,5014
13,2005,19,7039
13,2005,20,7080
13,2005,21,6636
13,2005,22,5658
13,2005,23,4004
13,2005,24,3081
13,2005,25,2812
13,2005,26,2874
13,2005,27,3937
13,2005,28,4682
13,2005,29,4973
13,2005,30,5601
13,2005,31,4872
13,2005,32,4220
13,2005,33,4207
13,2005,34,4242
13,2005,35,4537
13,2005,36,3942
13,2005,37,3775
13,2005,38,3818
13,2005,39,3793
13,2005,40,4315
13,2005,41,4466
13,2005,42,4595
13,2005,43,4550
13,2005,44,4689
13,2005,45,4908
13,2005,46,4708
13,2005,47,4814
13,2005,48,4732
13,2005,49,4589
13,2005,50,4691
13,2005,51,4288
13,2005,52,4275
13,2005,53,4202
13,2005,54,3849
13,2005,55,3913
13,2005,56,3595
13,2005,57,3524
13,2005,58,3494
13,2005,59,2556
13,2005,60,2453
13,2005,61,2343
13,2005,62,2182
13,2005,63,1863
13,2005,64,1619
13,2005,65,1516
13,2005,66,1574
13,2005,67,1645
13,2005,68,1562
13,2005,69,1344
13,2005,70,1339
13,2005,71,1199
13,2005,72,1210
13,2005,73,1157
13,2005,74,1063
13,2005,75,1018
13,2005,76,964
13,2005,77,935
13,2005,78,921
13,2005,79,796
13,2005,80,759
13,2005,81,754
13,2005,82,695
13,2005,83,563
13,2005,84,596
13,2005,85,542
13,2005,86,476
13,2005,87,427
13,2005,88,366
13,2005,89,336
13,2005,90,1294
13,2006,0,3448
13,2006,1,3423
13,2006,2,3490
13,2006,3,3492
13,2006,4,3355
13,2006,5,3343
13,2006,6,3199
13,2006,7,3298
13,2006,8,3353
13,2006,9,3318
13,2006,10,3474
13,2006,11,3419
13,2006,12,3495
13,2006,13,3668
13,2006,14,3648
13,2006,15,3631
13,2006,16,3752
13,2006,17,3648
13,2006,18,4939
13,2006,19,6937
13,2006,20,7295
13,2006,21,6817
13,2006,22,5799
13,2006,23,4552
13,2006,24,3497
13,2006,25,3127
13,2006,26,2732
13,2006,27,2910
13,2006,28,4319
13,2006,29,5123
13,2006,30,5575
13,2006,31,5438
13,2006,32,4090
13,2006,33,3964
13,2006,34,4138
13,2006,35,4311
13,2006,36,4512
13,2006,37,3852
13,2006,38,3754
13,2006,39,3908
13,2006,40,3873
13,2006,41,4540
13,2006,42,4376
13,2006,43,4568
13,2006,44,4559
13,2006,45,4706
13,2006,46,4947
13,2006,47,4624
13,2006,48,4836
13,2006,49,4655
13,2006,50,4624
13,2006,51,4695
13,2006,52,4107
13,2006,53,4329
13,2006,54,4185
13,2006,55,3824
13,2006,56,3920
13,2006,57,3492
13,2006,58,3520
13,2006,59,3471
13,2006,60,2518
13,2006,61,2428
13,2006,62,2293
13,2006,63,2158
13,2006,64,1609
13,2006,65,1501
13,2006,66,1611
13,2006,67,1692
13,2006,68,1601
13,2006,69,1365
13,2006,70,1352
13,2006,71,1210
13,2006,72,1217
13,2006,73,1169
13,2006,74,1064
13,2006,75,1023
13,2006,76,954
13,2006,77,930
13,2006,78,916
13,2006,79,788
13,2006,80,753
13,2006,81,750
13,2006,82,697
13,2006,83,558
13,2006,84,598
13,2006,85,550
13,2006,86,476
13,2006,87,432
13,2006,88,368
13,2006,89,335
13,2006,90,1317
13,2007,0,3391
13,2007,1,3412
13,2007,2,3449
13,2007,3,3559
13,2007,4,3502
13,2007,5,3417
13,2007,6,3365
13,2007,7,3271
13,2007,8,3459
13,2007,9,3376
13,2007,10,3454
13,2007,11,3453
13,2007,12,3560
13,2007,13,3474
13,2007,14,3652
13,2007,15,3607
13,2007,16,3749
13,2007,17,3716
13,2007,18,5018
13,2007,19,6827
13,2007,20,7224
13,2007,21,7040
13,2007,22,6057
13,2007,23,4710
13,2007,24,4014
13,2007,25,3595
13,2007,26,3046
13,2007,27,2792
13,2007,28,3259
13,2007,29,4798
13,2007,30,5855
13,2007,31,5346
13,2007,32,4441
13,2007,33,3815
13,2007,34,3900
13,2007,35,4235
13,2007,36,4300
13,2007,37,4401
13,2007,38,3838
13,2007,39,3855
13,2007,40,4004
13,2007,41,4110
13,2007,42,4419
13,2007,43,4331
13,2007,44,4572
13,2007,45,4559
13,2007,46,4734
13,2007,47,4827
13,2007,48,4631
13,2007,49,4731
13,2007,50,4682
13,2007,51,4616
13,2007,52,4451
13,2007,53,4151
13,2007,54,4300
13,2007,55,4127
13,2007,56,3833
13,2007,57,3766
13,2007,58,3484
13,2007,59,3481
13,2007,60,3402
13,2007,61,2481
13,2007,62,2361
13,2007,63,2268
13,2007,64,1611
13,2007,65,1497
13,2007,66,1663
13,2007,67,1750
13,2007,68,1654
13,2007,69,1395
13,2007,70,1375
13,2007,71,1231
13,2007,72,1233
13,2007,73,1188
13,2007,74,1070
13,2007,75,1034
13,2007,76,954
13,2007,77,931
13,2007,78,916
13,2007,79,788
13,2007,80,752
13,2007,81,753
13,2007,82,701
13,2007,83,559
13,2007,84,606
13,2007,85,560
13,2007,86,482
13,2007,87,440
13,2007,88,374
13,2007,89,340
13,2007,90,1349
13,2008,0,3318
13,2008,1,3352
13,2008,2,3442
13,2008,3,3531
13,2008,4,3564
13,2008,5,3574
13,2008,6,3440
13,2008,7,3445
13,2008,8,3451
13,2008,9,3474
13,2008,10,3533
13,2008,11,3420
13,2008,12,3612
13,2008,13,3531
13,2008,14,3450
13,2008,15,3601
13,2008,16,3729
13,2008,17,3694
13,2008,18,5022
13,2008,19,6890
13,2008,20,7153
13,2008,21,6978
13,2008,22,6357
13,2008,23,4973
13,2008,24,4133
13,2008,25,4147
13,2008,26,3483
13,2008,27,3114
13,2008,28,3182
13,2008,29,3677
13,2008,30,5610
13,2008,31,5537
13,2008,32,4227
13,2008,33,4098
13,2008,34,3744
13,2008,35,4012
13,2008,36,4232
13,2008,37,4182
13,2008,38,4380
13,2008,39,3957
13,2008,40,3965
13,2008,41,4283
13,2008,42,3981
13,2008,43,4359
13,2008,44,4337
13,2008,45,4561
13,2008,46,4585
13,2008,47,4605
13,2008,48,4832
13,2008,49,4515
13,2008,50,4763
13,2008,51,4678
13,2008,52,4345
13,2008,53,4504
13,2008,54,4124
13,2008,55,4226
13,2008,56,4154
13,2008,57,3655
13,2008,58,3762
13,2008,59,3443
13,2008,60,3410
13,2008,61,3346
13,2008,62,2407
13,2008,63,2343
13,2008,64,1660
13,2008,65,1537
13,2008,66,1766
13,2008,67,1865
13,2008,68,1758
13,2008,69,1468
13,2008,70,1440
13,2008,71,1288
13,2008,72,1286
13,2008,73,1243
13,2008,74,1109
13,2008,75,1077
13,2008,76,980
13,2008,77,960
13,2008,78,945
13,2008,79,809
13,2008,80,775
13,2008,81,777
13,2008,82,728
13,2008,83,574
13,2008,84,630
13,2008,85,588
13,2008,86,500
13,2008,87,463
13,2008,88,390
13,2008,89,354
13,2008,90,1423
13,2009,0,3197
13,2009,1,3248
13,2009,2,3359
13,2009,3,3507
13,2009,4,3503
13,2009,5,3618
13,2009,6,3568
13,2009,7,3500
13,2009,8,3625
13,2009,9,3432
13,2009,10,3631
13,2009,11,3460
13,2009,12,3570
13,2009,13,3548
13,2009,14,3477
13,2009,15,3378
13,2009,16,3710
13,2009,17,3632
13,2009,18,4925
13,2009,19,6857
13,2009,20,7237
13,2009,21,6882
13,2009,22,6308
13,2009,23,5225
13,2009,24,4301
13,2009,25,4238
13,2009,26,3936
13,2009,27,3498
13,2009,28,3528
13,2009,29,3568
13,2009,30,4281
13,2009,31,5148
13,2009,32,4196
13,2009,33,3841
13,2009,34,3969
13,2009,35,3832
13,2009,36,3989
13,2009,37,4072
13,2009,38,4134
13,2009,39,4499
13,2009,40,4054
13,2009,41,4253
13,2009,42,4102
13,2009,43,3896
13,2009,44,4350
13,2009,45,4302
13,2009,46,4578
13,2009,47,4435
13,2009,48,4601
13,2009,49,4692
13,2009,50,4549
13,2009,51,4759
13,2009,52,4373
13,2009,53,4404
13,2009,54,4477
13,2009,55,4040
13,2009,56,4270
13,2009,57,3929
13,2009,58,3657
13,2009,59,3715
13,2009,60,3367
13,2009,61,3348
13,2009,62,3232
13,2009,63,2395
13,2009,64,2439
13,2009,65,1593
13,2009,66,2046
13,2009,67,1887
13,2009,68,1836
13,2009,69,1616
13,2009,70,1425
13,2009,71,1466
13,2009,72,1236
13,2009,73,1303
13,2009,74,1144
13,2009,75,1113
13,2009,76,997
13,2009,77,963
13,2009,78,954
13,2009,79,884
13,2009,80,790
13,2009,81,769
13,2009,82,784
13,2009,83,650
13,2009,84,593
13,2009,85,646
13,2009,86,530
13,2009,87,505
13,2009,88,434
13,2009,89,350
13,2009,90,1482
13,2010,0,3134
13,2010,1,3137
13,2010,2,3316
13,2010,3,3484
13,2010,4,3486
13,2010,5,3602
13,2010,6,3626
13,2010,7,3651
13,2010,8,3724
13,2010,9,3559
13,2010,10,3620
13,2010,11,3518
13,2010,12,3663
13,2010,13,3443
13,2010,14,3499
13,2010,15,3359
13,2010,16,3529
13,2010,17,3622
13,2010,18,5239
13,2010,19,7283
13,2010,20,7260
13,2010,21,6898
13,2010,22,6043
13,2010,23,4874
13,2010,24,4381
13,2010,25,4444
13,2010,26,3858
13,2010,27,3993
13,2010,28,4025
13,2010,29,3958
13,2010,30,4179
13,2010,31,3748
13,2010,32,3796
13,2010,33,3806
13,2010,34,3710
13,2010,35,4226
13,2010,36,3700
13,2010,37,3885
13,2010,38,4107
13,2010,39,4330
13,2010,40,4747
13,2010,41,4267
13,2010,42,3992
13,2010,43,4019
13,2010,44,3860
13,2010,45,4474
13,2010,46,4288
13,2010,47,4479
13,2010,48,4437
13,2010,49,4486
13,2010,50,4844
13,2010,51,4477
13,2010,52,4436
13,2010,53,4471
13,2010,54,4374
13,2010,55,4409
13,2010,56,4019
13,2010,57,4043
13,2010,58,3937
13,2010,59,3528
13,2010,60,3690
13,2010,61,3206
13,2010,62,3264
13,2010,63,3244
13,2010,64,2273
13,2010,65,2354
13,2010,66,2129
13,2010,67,2198
13,2010,68,1721
13,2010,69,1640
13,2010,70,1532
13,2010,71,1420
13,2010,72,1397
13,2010,73,1209
13,2010,74,1191
13,2010,75,1150
13,2010,76,989
13,2010,77,991
13,2010,78,960
13,2010,79,872
13,2010,80,873
13,2010,81,778
13,2010,82,784
13,2010,83,683
13,2010,84,690
13,2010,85,599
13,2010,86,587
13,2010,87,538
13,2010,88,467
13,2010,89,378
13,2010,90,335
13,2010,91,284
13,2010,92,222
13,2010,93,168
13,2010,94,140
13,2010,95,101
13,2010,96,90
13,2010,97,49
13,2010,98,36
13,2010,99,26
13,2010,100,45
13,2011,0,3011
13,2011,1,3145
13,2011,2,3167
13,2011,3,3350
13,2011,4,3541
13,2011,5,3558
13,2011,6,3674
13,2011,7,3703
13,2011,8,3726
13,2011,9,3799
13,2011,10,3620
13,2011,11,3688
13,2011,12,3570
13,2011,13,3708
13,2011,14,3488
13,2011,15,3540
13,2011,16,3409
13,2011,17,3775
13,2011,18,5470
13,2011,19,7117
13,2011,20,7495
13,2011,21,7100
13,2011,22,6235
13,2011,23,4911
13,2011,24,4239
13,2011,25,4007
13,2011,26,4468
13,2011,27,3949
13,2011,28,4061
13,2011,29,4106
13,2011,30,3929
13,2011,31,4184
13,2011,32,3746
13,2011,33,3815
13,2011,34,3866
13,2011,35,3746
13,2011,36,4260
13,2011,37,3749
13,2011,38,3949
13,2011,39,4178
13,2011,40,4355
13,2011,41,4772
13,2011,42,4327
13,2011,43,4047
13,2011,44,4061
13,2011,45,3852
13,2011,46,4502
13,2011,47,4306
13,2011,48,4483
13,2011,49,4466
13,2011,50,4461
13,2011,51,4838
13,2011,52,4486
13,2011,53,4436
13,2011,54,4461
13,2011,55,4317
13,2011,56,4380
13,2011,57,3995
13,2011,58,4009
13,2011,59,3901
13,2011,60,3468
13,2011,61,3646
13,2011,62,3166
13,2011,63,3222
13,2011,64,3211
13,2011,65,2275
13,2011,66,2364
13,2011,67,2130
13,2011,68,2209
13,2011,69,1729
13,2011,70,1633
13,2011,71,1536
13,2011,72,1425
13,2011,73,1402
13,2011,74,1207
13,2011,75,1179
13,2011,76,1144
13,2011,77,970
13,2011,78,975
13,2011,79,936
13,2011,80,849
13,2011,81,850
13,2011,82,755
13,2011,83,760
13,2011,84,654
13,2011,85,658
13,2011,86,574
13,2011,87,551
13,2011,88,501
13,2011,89,430
13,2011,90,342
13,2011,91,300
13,2011,92,249
13,2011,93,191
13,2011,94,143
13,2011,95,118
13,2011,96,82
13,2011,97,72
13,2011,98,37
13,2011,99,28
13,2011,100,46
13,2012,0,2967
13,2012,1,3025
13,2012,2,3179
13,2012,3,3206
13,2012,4,3431
13,2012,5,3633
13,2012,6,3637
13,2012,7,3768
13,2012,8,3791
13,2012,9,3816
13,2012,10,3864
13,2012,11,3708
13,2012,12,3737
13,2012,13,3618
13,2012,14,3766
13,2012,15,3529
13,2012,16,3607
13,2012,17,3683
13,2012,18,5602
13,2012,19,7389
13,2012,20,7306
13,2012,21,7340
13,2012,22,6448
13,2012,23,5144
13,2012,24,4305
13,2012,25,3936
13,2012,26,4036
13,2012,27,4636
13,2012,28,4077
13,2012,29,4142
13,2012,30,4119
13,2012,31,3970
13,2012,32,4201
13,2012,33,3778
13,2012,34,3884
13,2012,35,3874
13,2012,36,3825
13,2012,37,4318
13,2012,38,3828
13,2012,39,4034
13,2012,40,4184
13,2012,41,4417
13,2012,42,4845
13,2012,43,4391
13,2012,44,4087
13,2012,45,4012
13,2012,46,3925
13,2012,47,4517
13,2012,48,4303
13,2012,49,4542
13,2012,50,4394
13,2012,51,4482
13,2012,52,4864
13,2012,53,4478
13,2012,54,4422
13,2012,55,4361
13,2012,56,4321
13,2012,57,4357
13,2012,58,3957
13,2012,59,3973
13,2012,60,3805
13,2012,61,3449
13,2012,62,3599
13,2012,63,3126
13,2012,64,3198
13,2012,65,3184
13,2012,66,2284
13,2012,67,2345
13,2012,68,2143
13,2012,69,2207
13,2012,70,1702
13,2012,71,1642
13,2012,72,1537
13,2012,73,1424
13,2012,74,1388
13,2012,75,1182
13,2012,76,1176
13,2012,77,1118
13,2012,78,954
13,2012,79,941
13,2012,80,909
13,2012,81,828
13,2012,82,822
13,2012,83,733
13,2012,84,718
13,2012,85,623
13,2012,86,636
13,2012,87,529
13,2012,88,511
13,2012,89,458
13,2012,90,384
13,2012,91,304
13,2012,92,258
13,2012,93,213
13,2012,94,163
13,2012,95,120
13,2012,96,94
13,2012,97,65
13,2012,98,55
13,2012,99,29
13,2012,100,48
13,2013,0,2974
13,2013,1,2980
13,2013,2,3057
13,2013,3,3217
13,2013,4,3299
13,2013,5,3528
13,2013,6,3704
13,2013,7,3731
13,2013,8,3854
13,2013,9,3882
13,2013,10,3870
13,2013,11,3962
13,2013,12,3740
13,2013,13,3776
13,2013,14,3676
13,2013,15,3794
13,2013,16,3603
13,2013,17,3902
13,2013,18,5479
13,2013,19,7550
13,2013,20,7533
13,2013,21,7135
13,2013,22,6675
13,2013,23,5370
13,2013,24,4537
13,2013,25,4034
13,2013,26,3946
13,2013,27,4228
13,2013,28,4809
13,2013,29,4122
13,2013,30,4171
13,2013,31,4171
13,2013,32,3992
13,2013,33,4227
13,2013,34,3835
13,2013,35,3844
13,2013,36,3984
13,2013,37,3875
13,2013,38,4402
13,2013,39,3912
13,2013,40,4010
13,2013,41,4271
13,2013,42,4486
13,2013,43,4903
13,2013,44,4415
13,2013,45,3990
13,2013,46,4126
13,2013,47,3933
13,2013,48,4498
13,2013,49,4385
13,2013,50,4418
13,2013,51,4435
13,2013,52,4521
13,2013,53,4842
13,2013,54,4458
13,2013,55,4281
13,2013,56,4395
13,2013,57,4302
13,2013,58,4306
13,2013,59,3919
13,2013,60,3846
13,2013,61,3806
13,2013,62,3402
13,2013,63,3552
13,2013,64,3112
13,2013,65,3142
13,2013,66,3191
13,2013,67,2247
13,2013,68,2358
13,2013,69,2128
13,2013,70,2144
13,2013,71,1714
13,2013,72,1638
13,2013,73,1529
13,2013,74,1397
13,2013,75,1342
13,2013,76,1180
13,2013,77,1144
13,2013,78,1096
13,2013,79,913
13,2013,80,911
13,2013,81,883
13,2013,82,796
13,2013,83,797
13,2013,84,682
13,2013,85,681
13,2013,86,605
13,2013,87,576
13,2013,88,490
13,2013,89,466
13,2013,90,406
13,2013,91,341
13,2013,92,258
13,2013,93,221
13,2013,94,180
13,2013,95,136
13,2013,96,94
13,2013,97,73
13,2013,98,49
13,2013,99,42
13,2013,100,48
13,2014,0,2943
13,2014,1,2977
13,2014,2,2998
13,2014,3,3079
13,2014,4,3308
13,2014,5,3379
13,2014,6,3564
13,2014,7,3772
13,2014,8,3787
13,2014,9,3920
13,2014,10,3902
13,2014,11,3954
13,2014,12,3955
13,2014,13,3749
13,2014,14,3815
13,2014,15,3675
13,2014,16,3857
13,2014,17,3900
13,2014,18,5644
13,2014,19,7435
13,2014,20,7620
13,2014,21,7310
13,2014,22,6422
13,2014,23,5572
13,2014,24,4719
13,2014,25,4247
13,2014,26,3958
13,2014,27,4100
13,2014,28,4357
13,2014,29,4747
13,2014,30,4127
13,2014,31,4198
13,2014,32,4156
13,2014,33,3970
13,2014,34,4231
13,2014,35,3719
13,2014,36,3953
13,2014,37,3999
13,2014,38,3928
13,2014,39,4463
13,2014,40,3839
13,2014,41,4098
13,2014,42,4317
13,2014,43,4517
13,2014,44,4892
13,2014,45,4246
13,2014,46,4130
13,2014,47,4111
13,2014,48,3895
13,2014,49,4596
13,2014,50,4207
13,2014,51,4469
13,2014,52,4477
13,2014,53,4484
13,2014,54,4804
13,2014,55,4269
13,2014,56,4339
13,2014,57,4375
13,2014,58,4242
13,2014,59,4260
13,2014,60,3765
13,2014,61,3868
13,2014,62,3752
13,2014,63,3358
13,2014,64,3544
13,2014,65,3050
13,2014,66,3165
13,2014,67,3128
13,2014,68,2272
13,2014,69,2343
13,2014,70,2052
13,2014,71,2175
13,2014,72,1714
13,2014,73,1630
13,2014,74,1495
13,2014,75,1342
13,2014,76,1347
13,2014,77,1149
13,2014,78,1127
13,2014,79,1044
13,2014,80,885
13,2014,81,888
13,2014,82,849
13,2014,83,777
13,2014,84,733
13,2014,85,647
13,2014,86,668
13,2014,87,540
13,2014,88,533
13,2014,89,446
13,2014,90,410
13,2014,91,360
13,2014,92,288
13,2014,93,221
13,2014,94,188
13,2014,95,152
13,2014,96,105
13,2014,97,73
13,2014,98,54
13,2014,99,37
13,2014,100,59
13,2015,0,2884
13,2015,1,2976
13,2015,2,3029
13,2015,3,3056
13,2015,4,3223
13,2015,5,3441
13,2015,6,3458
13,2015,7,3684
13,2015,8,3879
13,2015,9,3907
13,2015,10,3979
13,2015,11,4045
13,2015,12,3980
13,2015,13,4004
13,2015,14,3837
13,2015,15,3850
13,2015,16,3790
13,2015,17,4231
13,2015,18,5671
13,2015,19,7716
13,2015,20,7554
13,2015,21,7473
13,2015,22,6671
13,2015,23,5409
13,2015,24,4999
13,2015,25,4555
13,2015,26,4222
13,2015,27,4230
13,2015,28,4338
13,2015,29,4341
13,2015,30,4855
13,2015,31,4233
13,2015,32,4249
13,2015,33,4195
13,2015,34,4028
13,2015,35,4109
13,2015,36,3911
13,2015,37,4016
13,2015,38,4106
13,2015,39,4040
13,2015,40,4396
13,2015,41,3999
13,2015,42,4194
13,2015,43,4394
13,2015,44,4547
13,2015,45,4700
13,2015,46,4482
13,2015,47,4153
13,2015,48,4101
13,2015,49,4048
13,2015,50,4402
13,2015,51,4319
13,2015,52,4569
13,2015,53,4473
13,2015,54,4488
13,2015,55,4600
13,2015,56,4396
13,2015,57,4362
13,2015,58,4345
13,2015,59,4231
13,2015,60,4099
13,2015,61,3843
13,2015,62,3845
13,2015,63,3735
13,2015,64,3389
13,2015,65,3432
13,2015,66,3061
13,2015,67,3070
13,2015,68,3156
13,2015,69,2239
13,2015,70,2226
13,2015,71,2082
13,2015,72,2162
13,2015,73,1696
13,2015,74,1575
13,2015,75,1415
13,2015,76,1346
13,2015,77,1302
13,2015,78,1128
13,2015,79,1059
13,2015,80,1006
13,2015,81,858
13,2015,82,848
13,2015,83,824
13,2015,84,702
13,2015,85,693
13,2015,86,640
13,2015,87,584
13,2015,88,497
13,2015,89,482
13,2015,90,387
13,2015,91,362
13,2015,92,299
13,2015,93,244
13,2015,94,188
13,2015,95,157
13,2015,96,114
13,2015,97,81
13,2015,98,53
13,2015,99,41
13,2015,100,61
13,2016,0,2834
13,2016,1,2886
13,2016,2,2998
13,2016,3,3056
13,2016,4,3183
13,2016,5,3331
13,2016,6,3482
13,2016,7,3545
13,2016,8,3756
13,2016,9,3964
13,2016,10,3918
13,2016,11,4095
13,2016,12,4013
13,2016,13,3981
13,2016,14,4056
13,2016,15,3823
13,2016,16,3935
13,2016,17,4144
13,2016,18,5902
13,2016,19,7696
13,2016,20,7709
13,2016,21,7321
13,2016,22,6760
13,2016,23,5627
13,2016,24,4796
13,2016,25,4849
13,2016,26,4468
13,2016,27,4513
13,2016,28,4476
13,2016,29,4263
13,2016,30,4423
13,2016,31,4948
13,2016,32,4253
13,2016,33,4238
13,2016,34,4197
13,2016,35,3831
13,2016,36,4314
13,2016,37,3932
13,2016,38,4089
13,2016,39,4185
13,2016,40,3918
13,2016,41,4562
13,2016,42,4055
13,2016,43,4224
13,2016,44,4368
13,2016,45,4278
13,2016,46,4952
13,2016,47,4447
13,2016,48,4083
13,2016,49,4239
13,2016,50,3797
13,2016,51,4490
13,2016,52,4382
13,2016,53,4507
13,2016,54,4423
13,2016,55,4211
13,2016,56,4713
13,2016,57,4372
13,2016,58,4278
13,2016,59,4285
13,2016,60,4000
13,2016,61,4161
13,2016,62,3775
13,2016,63,3785
13,2016,64,3737
13,2016,65,3280
13,2016,66,3467
13,2016,67,2966
13,2016,68,3122
13,2016,69,3114
13,2016,70,2117
13,2016,71,2279
13,2016,72,2079
13,2016,73,2144
13,2016,74,1637
13,2016,75,1485
13,2016,76,1432
13,2016,77,1304
13,2016,78,1287
13,2016,79,1058
13,2016,80,1025
13,2016,81,981
13,2016,82,823
13,2016,83,830
13,2016,84,741
13,2016,85,671
13,2016,86,695
13,2016,87,554
13,2016,88,539
13,2016,89,452
13,2016,90,418
13,2016,91,344
13,2016,92,298
13,2016,93,254
13,2016,94,207
13,2016,95,158
13,2016,96,117
13,2016,97,88
13,2016,98,59
13,2016,99,42
13,2016,100,65
13,2017,0,2615
13,2017,1,2831
13,2017,2,2900
13,2017,3,3017
13,2017,4,3190
13,2017,5,3289
13,2017,6,3357
13,2017,7,3562
13,2017,8,3605
13,2017,9,3832
13,2017,10,3955
13,2017,11,4033
13,2017,12,4036
13,2017,13,3997
13,2017,14,4024
13,2017,15,4020
13,2017,16,3907
13,2017,17,4312
13,2017,18,5772
13,2017,19,7848
13,2017,20,7632
13,2017,21,7444
13,2017,22,6587
13,2017,23,5717
13,2017,24,4771
13,2017,25,4476
13,2017,26,4547
13,2017,27,4665
13,2017,28,4706
13,2017,29,4300
13,2017,30,4347
13,2017,31,4515
13,2017,32,4947
13,2017,33,4223
13,2017,34,4232
13,2017,35,3934
13,2017,36,4046
13,2017,37,4315
13,2017,38,3996
13,2017,39,4158
13,2017,40,4017
13,2017,41,4087
13,2017,42,4605
13,2017,43,4069
13,2017,44,4179
13,2017,45,4059
13,2017,46,4545
13,2017,47,4892
13,2017,48,4352
13,2017,49,4237
13,2017,50,3924
13,2017,51,3886
13,2017,52,4560
13,2017,53,4306
13,2017,54,4442
13,2017,55,4108
13,2017,56,4337
13,2017,57,4685
13,2017,58,4275
13,2017,59,4213
13,2017,60,4018
13,2017,61,4079
13,2017,62,4080
13,2017,63,3713
13,2017,64,3792
13,2017,65,3585
13,2017,66,3310
13,2017,67,3331
13,2017,68,3018
13,2017,69,3063
13,2017,70,2908
13,2017,71,2173
13,2017,72,2269
13,2017,73,2051
13,2017,74,2050
13,2017,75,1524
13,2017,76,1504
13,2017,77,1399
13,2017,78,1303
13,2017,79,1210
13,2017,80,1032
13,2017,81,1011
13,2017,82,946
13,2017,83,813
13,2017,84,740
13,2017,85,707
13,2017,86,682
13,2017,87,594
13,2017,88,512
13,2017,89,492
13,2017,90,389
13,2017,91,373
13,2017,92,281
13,2017,93,253
13,2017,94,216
13,2017,95,175
13,2017,96,115
13,2017,97,90
13,2017,98,63
13,2017,99,44
13,2017,100,68
13,2018,0,2570
13,2018,1,2616
13,2018,2,2847
13,2018,3,2923
13,2018,4,3169
13,2018,5,3305
13,2018,6,3310
13,2018,7,3439
13,2018,8,3622
13,2018,9,3686
13,2018,10,3817
13,2018,11,4083
13,2018,12,3963
13,2018,13,4015
13,2018,14,4047
13,2018,15,3985
13,2018,16,4117
13,2018,17,4309
13,2018,18,5902
13,2018,19,7863
13,2018,20,7750
13,2018,21,7363
13,2018,22,6703
13,2018,23,5559
13,2018,24,5092
13,2018,25,4687
13,2018,26,4320
13,2018,27,4905
13,2018,28,4982
13,2018,29,4509
13,2018,30,4406
13,2018,31,4456
13,2018,32,4533
13,2018,33,4897
13,2018,34,4206
13,2018,35,3905
13,2018,36,4187
13,2018,37,4043
13,2018,38,4379
13,2018,39,4068
13,2018,40,3965
13,2018,41,4224
13,2018,42,4136
13,2018,43,4623
13,2018,44,4021
13,2018,45,3850
13,2018,46,4359
13,2018,47,4492
13,2018,48,4778
13,2018,49,4547
13,2018,50,3887
13,2018,51,4041
13,2018,52,3968
13,2018,53,4481
13,2018,54,4249
13,2018,55,4098
13,2018,56,4268
13,2018,57,4326
13,2018,58,4584
13,2018,59,4223
13,2018,60,3933
13,2018,61,4131
13,2018,62,4008
13,2018,63,4023
13,2018,64,3739
13,2018,65,3640
13,2018,66,3646
13,2018,67,3185
13,2018,68,3421
13,2018,69,2971
13,2018,70,2852
13,2018,71,3016
13,2018,72,2177
13,2018,73,2248
13,2018,74,1961
13,2018,75,1903
13,2018,76,1561
13,2018,77,1456
13,2018,78,1392
13,2018,79,1210
13,2018,80,1172
13,2018,81,1014
13,2018,82,968
13,2018,83,931
13,2018,84,714
13,2018,85,706
13,2018,86,726
13,2018,87,572
13,2018,88,548
13,2018,89,465
13,2018,90,420
13,2018,91,346
13,2018,92,303
13,2018,93,238
13,2018,94,216
13,2018,95,182
13,2018,96,125
13,2018,97,88
13,2018,98,64
13,2018,99,49
13,2018,100,71
13,2019,0,2497
13,2019,1,2555
13,2019,2,2616
13,2019,3,2851
13,2019,4,3065
13,2019,5,3268
13,2019,6,3299
13,2019,7,3370
13,2019,8,3474
13,2019,9,3680
13,2019,10,3639
13,2019,11,3926
13,2019,12,3969
13,2019,13,3909
13,2019,14,4040
13,2019,15,3969
13,2019,16,4062
13,2019,17,4531
13,2019,18,5832
13,2019,19,7985
13,2019,20,7670
13,2019,21,7420
13,2019,22,6573
13,2019,23,5656
13,2019,24,4905
13,2019,25,5034
13,2019,26,4467
13,2019,27,4666
13,2019,28,5243
13,2019,29,4693
13,2019,30,4614
13,2019,31,4502
13,2019,32,4438
13,2019,33,4488
13,2019,34,4831
13,2019,35,3805
13,2019,36,4164
13,2019,37,4152
13,2019,38,4084
13,2019,39,4428
13,2019,40,3827
13,2019,41,4169
13,2019,42,4247
13,2019,43,4119
13,2019,44,4518
13,2019,45,3645
13,2019,46,4147
13,2019,47,4275
13,2019,48,4348
13,2019,49,4985
13,2019,50,4099
13,2019,51,3997
13,2019,52,4111
13,2019,53,3869
13,2019,54,4387
13,2019,55,3864
13,2019,56,4258
13,2019,57,4234
13,2019,58,4203
13,2019,59,4497
13,2019,60,3893
13,2019,61,4044
13,2019,62,4034
13,2019,63,3933
13,2019,64,4039
13,2019,65,3570
13,2019,66,3711
13,2019,67,3490
13,2019,68,3283
13,2019,69,3361
13,2019,70,2743
13,2019,71,2974
13,2019,72,3021
13,2019,73,2153
13,2019,74,2139
13,2019,75,1807
13,2019,76,1958
13,2019,77,1513
13,2019,78,1455
13,2019,79,1285
13,2019,80,1175
13,2019,81,1156
13,2019,82,972
13,2019,83,963
13,2019,84,811
13,2019,85,683
13,2019,86,736
13,2019,87,601
13,2019,88,531
13,2019,89,500
13,2019,90,398
13,2019,91,376
13,2019,92,281
13,2019,93,259
13,2019,94,207
13,2019,95,185
13,2019,96,131
13,2019,97,98
13,2019,98,63
13,2019,99,53
13,2019,100,76
13,2020,0,2538
13,2020,1,2520
13,2020,2,2588
13,2020,3,2651
13,2020,4,2887
13,2020,5,3101
13,2020,6,3304
13,2020,7,3334
13,2020,8,3403
13,2020,9,3504
13,2020,10,3708
13,2020,11,3665
13,2020,12,3950
13,2020,13,3992
13,2020,14,3932
13,2020,15,4066
13,2020,16,3997
13,2020,17,4144
13,2020,18,6498
13,2020,19,7915
13,2020,20,7991
13,2020,21,7533
13,2020,22,6856
13,2020,23,5431
13,2020,24,5001
13,2020,25,4462
13,2020,26,5000
13,2020,27,4469
13,2020,28,4620
13,2020,29,5248
13,2020,30,4586
13,2020,31,4526
13,2020,32,4398
13,2020,33,4379
13,2020,34,4485
13,2020,35,4851
13,2020,36,3800
13,2020,37,4179
13,2020,38,4178
13,2020,39,4113
13,2020,40,4442
13,2020,41,3812
13,2020,42,4190
13,2020,43,4266
13,2020,44,4135
13,2020,45,4530
13,2020,46,3656
13,2020,47,4153
13,2020,48,4278
13,2020,49,4348
13,2020,50,4981
13,2020,51,4099
13,2020,52,4001
13,2020,53,4119
13,2020,54,3880
13,2020,55,4395
13,2020,56,3869
13,2020,57,4255
13,2020,58,4225
13,2020,59,4189
13,2020,60,4474
13,2020,61,3870
13,2020,62,4015
13,2020,63,4000
13,2020,64,3896
13,2020,65,3996
13,2020,66,3529
13,2020,67,3663
13,2020,68,3437
13,2020,69,3231
13,2020,70,3304
13,2020,71,2693
13,2020,72,2917
13,2020,73,2960
13,2020,74,2106
13,2020,75,2090
13,2020,76,1762
13,2020,77,1906
13,2020,78,1468
13,2020,79,1407
13,2020,80,1237
13,2020,81,1126
13,2020,82,1103
13,2020,83,922
13,2020,84,908
13,2020,85,759
13,2020,86,634
13,2020,87,677
13,2020,88,547
13,2020,89,479
13,2020,90,445
13,2020,91,349
13,2020,92,326
13,2020,93,240
13,2020,94,218
13,2020,95,170
13,2020,96,150
13,2020,97,104
13,2020,98,76
13,2020,99,46
13,2020,100,86
13,2021,0,2487
13,2021,1,2542
13,2021,2,2533
13,2021,3,2603
13,2021,4,2667
13,2021,5,2903
13,2021,6,3117
13,2021,7,3319
13,2021,8,3348
13,2021,9,3416
13,2021,10,3516
13,2021,11,3719
13,2021,12,3675
13,2021,13,3960
13,2021,14,4002
13,2021,15,3944
13,2021,16,4079
13,2021,17,4063
13,2021,18,6094
13,2021,19,8496
13,2021,20,7855
13,2021,21,7815
13,2021,22,6933
13,2021,23,5680
13,2021,24,4744
13,2021,25,4529
13,2021,26,4401
13,2021,27,4975
13,2021,28,4395
13,2021,29,4597
13,2021,30,4771
13,2021,31,3875
13,2021,32,3504
13,2021,33,4023
13,2021,34,4145
13,2021,35,4330
13,2021,36,4718
13,2021,37,3740
13,2021,38,4153
13,2021,39,4157
13,2021,40,4079
13,2021,41,4375
13,2021,42,3789
13,2021,43,4178
13,2021,44,4253
13,2021,45,4121
13,2021,46,4511
13,2021,47,3641
13,2021,48,4133
13,2021,49,4256
13,2021,50,4324
13,2021,51,4952
13,2021,52,4078
13,2021,53,3984
13,2021,54,4092
13,2021,55,3844
13,2021,56,4339
13,2021,57,3807
13,2021,58,4169
13,2021,59,4127
13,2021,60,4076
13,2021,61,4338
13,2021,62,3739
13,2021,63,3871
13,2021,64,3847
13,2021,65,3741
13,2021,66,3826
13,2021,67,3371
13,2021,68,3504
13,2021,69,3293
13,2021,70,3102
13,2021,71,3174
13,2021,72,2594
13,2021,73,2816
13,2021,74,2863
13,2021,75,2043
13,2021,76,2031
13,2021,77,1715
13,2021,78,1848
13,2021,79,1420
13,2021,80,1355
13,2021,81,1186
13,2021,82,1075
13,2021,83,1047
13,2021,84,870
13,2021,85,851
13,2021,86,704
13,2021,87,586
13,2021,88,618
13,2021,89,494
13,2021,90,428
13,2021,91,391
13,2021,92,303
13,2021,93,278
13,2021,94,202
13,2021,95,180
13,2021,96,139
13,2021,97,118
13,2021,98,80
13,2021,99,62
13,2021,100,83
13,2022,0,2477
13,2022,1,2526
13,2022,2,2592
13,2022,3,2585
13,2022,4,2656
13,2022,5,2720
13,2022,6,2956
13,2022,7,3167
13,2022,8,3367
13,2022,9,3392
13,2022,10,3456
13,2022,11,3554
13,2022,12,3754
13,2022,13,3709
13,2022,14,3994
13,2022,15,4039
13,2022,16,3983
13,2022,17,4174
13,2022,18,6043
13,2022,19,8245
13,2022,20,8555
13,2022,21,7750
13,2022,22,7280
13,2022,23,5817
13,2022,24,5050
13,2022,25,4325
13,2022,26,4517
13,2022,27,4425
13,2022,28,4949
13,2022,29,4421
13,2022,30,4368
13,2022,31,4393
13,2022,32,3437
13,2022,33,3362
13,2022,34,3951
13,2022,35,4120
13,2022,36,4301
13,2022,37,4717
13,2022,38,3771
13,2022,39,4183
13,2022,40,4172
13,2022,41,4063
13,2022,42,4393
13,2022,43,3814
13,2022,44,4197
13,2022,45,4267
13,2022,46,4131
13,2022,47,4515
13,2022,48,3645
13,2022,49,4132
13,2022,50,4249
13,2022,51,4321
13,2022,52,4950
13,2022,53,4088
13,2022,54,3995
13,2022,55,4097
13,2022,56,3840
13,2022,57,4315
13,2022,58,3779
13,2022,59,4123
13,2022,60,4069
13,2022,61,4009
13,2022,62,4252
13,2022,63,3660
13,2022,64,3780
13,2022,65,3750
13,2022,66,3644
13,2022,67,3718
13,2022,68,3272
13,2022,69,3401
13,2022,70,3197
13,2022,71,3014
13,2022,72,3083
13,2022,73,2523
13,2022,74,2742
13,2022,75,2787
13,2022,76,1990
13,2022,77,1976
13,2022,78,1667
13,2022,79,1788
13,2022,80,1371
13,2022,81,1301
13,2022,82,1134
13,2022,83,1023
13,2022,84,990
13,2022,85,820
13,2022,86,795
13,2022,87,652
13,2022,88,539
13,2022,89,561
13,2022,90,445
13,2022,91,382
13,2022,92,343
13,2022,93,263
13,2022,94,236
13,2022,95,170
13,2022,96,149
13,2022,97,113
13,2022,98,94
13,2022,99,67
13,2022,100,94
13,2023,0,2414
13,2023,1,2483
13,2023,2,2540
13,2023,3,2608
13,2023,4,2602
13,2023,5,2673
13,2023,6,2737
13,2023,7,2972
13,2023,8,3183
13,2023,9,3381
13,2023,10,3405
13,2023,11,3468
13,2023,12,3565
13,2023,13,3765
13,2023,14,3720
13,2023,15,4007
13,2023,16,4054
13,2023,17,4051
13,2023,18,6126
13,2023,19,8048
13,2023,20,8190
13,2023,21,8381
13,2023,22,7152
13,2023,23,6106
13,2023,24,5133
13,2023,25,4580
13,2023,26,4266
13,2023,27,4494
13,2023,28,4354
13,2023,29,4928
13,2023,30,4265
13,2023,31,4205
13,2023,32,4184
13,2023,33,3342
13,2023,34,3328
13,2023,35,3939
13,2023,36,4082
13,2023,37,4286
13,2023,38,4717
13,2023,39,3779
13,2023,40,4176
13,2023,41,4136
13,2023,42,4066
13,2023,43,4396
13,2023,44,3817
13,2023,45,4197
13,2023,46,4265
13,2023,47,4127
13,2023,48,4508
13,2023,49,3640
13,2023,50,4123
13,2023,51,4241
13,2023,52,4314
13,2023,53,4941
13,2023,54,4082
13,2023,55,3986
13,2023,56,4082
13,2023,57,3823
13,2023,58,4288
13,2023,59,3752
13,2023,60,4087
13,2023,61,4028
13,2023,62,3964
13,2023,63,4199
13,2023,64,3611
13,2023,65,3727
13,2023,66,3692
13,2023,67,3583
13,2023,68,3652
13,2023,69,3214
13,2023,70,3337
13,2023,71,3134
13,2023,72,2953
13,2023,73,3016
13,2023,74,2469
13,2023,75,2679
13,2023,76,2717
13,2023,77,1938
13,2023,78,1918
13,2023,79,1614
13,2023,80,1724
13,2023,81,1317
13,2023,82,1243
13,2023,83,1077
13,2023,84,966
13,2023,85,928
13,2023,86,767
13,2023,87,738
13,2023,88,598
13,2023,89,492
13,2023,90,505
13,2023,91,395
13,2023,92,335
13,2023,93,296
13,2023,94,224
13,2023,95,197
13,2023,96,141
13,2023,97,120
13,2023,98,89
13,2023,99,76
13,2023,100,106
13,2024,0,2338
13,2024,1,2441
13,2024,2,2520
13,2024,3,2579
13,2024,4,2648
13,2024,5,2642
13,2024,6,2713
13,2024,7,2775
13,2024,8,3008
13,2024,9,3216
13,2024,10,3411
13,2024,11,3433
13,2024,12,3495
13,2024,13,3591
13,2024,14,3790
13,2024,15,3748
13,2024,16,4037
13,2024,17,4138
13,2024,18,6020
13,2024,19,8221
13,2024,20,8065
13,2024,21,8059
13,2024,22,7823
13,2024,23,6015
13,2024,24,5455
13,2024,25,4695
13,2024,26,4551
13,2024,27,4272
13,2024,28,4452
13,2024,29,4363
13,2024,30,4796
13,2024,31,4142
13,2024,32,4045
13,2024,33,4108
13,2024,34,3339
13,2024,35,3351
13,2024,36,3931
13,2024,37,4095
13,2024,38,4313
13,2024,39,4745
13,2024,40,3795
13,2024,41,4161
13,2024,42,4157
13,2024,43,4087
13,2024,44,4413
13,2024,45,3832
13,2024,46,4208
13,2024,47,4272
13,2024,48,4131
13,2024,49,4509
13,2024,50,3640
13,2024,51,4124
13,2024,52,4245
13,2024,53,4323
13,2024,54,4949
13,2024,55,4092
13,2024,56,3990
13,2024,57,4079
13,2024,58,3814
13,2024,59,4269
13,2024,60,3731
13,2024,61,4057
13,2024,62,3993
13,2024,63,3925
13,2024,64,4151
13,2024,65,3568
13,2024,66,3677
13,2024,67,3638
13,2024,68,3524
13,2024,69,3589
13,2024,70,3156
13,2024,71,3275
13,2024,72,3073
13,2024,73,2893
13,2024,74,2952
13,2024,75,2414
13,2024,76,2616
13,2024,77,2647
13,2024,78,1884
13,2024,79,1859
13,2024,80,1559
13,2024,81,1658
13,2024,82,1261
13,2024,83,1183
13,2024,84,1018
13,2024,85,907
13,2024,86,866
13,2024,87,710
13,2024,88,677
13,2024,89,543
13,2024,90,442
13,2024,91,448
13,2024,92,346
13,2024,93,289
13,2024,94,251
13,2024,95,187
13,2024,96,162
13,2024,97,113
13,2024,98,95
13,2024,99,70
13,2024,100,121
13,2025,0,2367
13,2025,1,2346
13,2025,2,2456
13,2025,3,2537
13,2025,4,2596
13,2025,5,2665
13,2025,6,2659
13,2025,7,2729
13,2025,8,2791
13,2025,9,3022
13,2025,10,3229
13,2025,11,3424
13,2025,12,3445
13,2025,13,3506
13,2025,14,3602
13,2025,15,3804
13,2025,16,3764
13,2025,17,4105
13,2025,18,6091
13,2025,19,8028
13,2025,20,8169
13,2025,21,7893
13,2025,22,7463
13,2025,23,6650
13,2025,24,5332
13,2025,25,4986
13,2025,26,4637
13,2025,27,4529
13,2025,28,4202
13,2025,29,4433
13,2025,30,4159
13,2025,31,4507
13,2025,32,3800
13,2025,33,3893
13,2025,34,4031
13,2025,35,3313
13,2025,36,3306
13,2025,37,3909
13,2025,38,4093
13,2025,39,4315
13,2025,40,4731
13,2025,41,3756
13,2025,42,4158
13,2025,43,4159
13,2025,44,4087
13,2025,45,4411
13,2025,46,3829
13,2025,47,4202
13,2025,48,4265
13,2025,49,4123
13,2025,50,4497
13,2025,51,3633
13,2025,52,4116
13,2025,53,4239
13,2025,54,4313
13,2025,55,4929
13,2025,56,4072
13,2025,57,3964
13,2025,58,4044
13,2025,59,3777
13,2025,60,4217
13,2025,61,3681
13,2025,62,3995
13,2025,63,3927
13,2025,64,3856
13,2025,65,4072
13,2025,66,3496
13,2025,67,3598
13,2025,68,3559
13,2025,69,3447
13,2025,70,3510
13,2025,71,3085
13,2025,72,3200
13,2025,73,3002
13,2025,74,2827
13,2025,75,2884
13,2025,76,2357
13,2025,77,2552
13,2025,78,2575
13,2025,79,1827
13,2025,80,1797
13,2025,81,1500
13,2025,82,1588
13,2025,83,1202
13,2025,84,1120
13,2025,85,958
13,2025,86,847
13,2025,87,803
13,2025,88,652
13,2025,89,616
13,2025,90,488
13,2025,91,393
13,2025,92,392
13,2025,93,298
13,2025,94,246
13,2025,95,210
13,2025,96,154
13,2025,97,131
13,2025,98,90
13,2025,99,74
13,2025,100,127
13,2026,0,2359
13,2026,1,2377
13,2026,2,2364
13,2026,3,2476
13,2026,4,2557
13,2026,5,2617
13,2026,6,2685
13,2026,7,2679
13,2026,8,2748
13,2026,9,2808
13,2026,10,3038
13,2026,11,3244
13,2026,12,3437
13,2026,13,3458
13,2026,14,3519
13,2026,15,3617
13,2026,16,3821
13,2026,17,3833
13,2026,18,6059
13,2026,19,8109
13,2026,20,7984
13,2026,21,8002
13,2026,22,7301
13,2026,23,6294
13,2026,24,5970
13,2026,25,4867
13,2026,26,4932
13,2026,27,4618
13,2026,28,4462
13,2026,29,4187
13,2026,30,4230
13,2026,31,3910
13,2026,32,4134
13,2026,33,3658
13,2026,34,3823
13,2026,35,3998
13,2026,36,3272
13,2026,37,3292
13,2026,38,3911
13,2026,39,4098
13,2026,40,4306
13,2026,41,4691
13,2026,42,3757
13,2026,43,4163
13,2026,44,4161
13,2026,45,4087
13,2026,46,4408
13,2026,47,3826
13,2026,48,4197
13,2026,49,4257
13,2026,50,4114
13,2026,51,4487
13,2026,52,3628
13,2026,53,4112
13,2026,54,4232
13,2026,55,4301
13,2026,56,4905
13,2026,57,4048
13,2026,58,3932
13,2026,59,4005
13,2026,60,3734
13,2026,61,4162
13,2026,62,3627
13,2026,63,3930
13,2026,64,3858
13,2026,65,3784
13,2026,66,3991
13,2026,67,3422
13,2026,68,3520
13,2026,69,3481
13,2026,70,3372
13,2026,71,3432
13,2026,72,3016
13,2026,73,3128
13,2026,74,2934
13,2026,75,2763
13,2026,76,2817
13,2026,77,2300
13,2026,78,2484
13,2026,79,2498
13,2026,80,1767
13,2026,81,1730
13,2026,82,1438
13,2026,83,1515
13,2026,84,1140
13,2026,85,1055
13,2026,86,895
13,2026,87,785
13,2026,88,737
13,2026,89,593
13,2026,90,554
13,2026,91,433
13,2026,92,344
13,2026,93,339
13,2026,94,254
13,2026,95,206
13,2026,96,172
13,2026,97,124
13,2026,98,103
13,2026,99,70
13,2026,100,134
13,2027,0,2404
13,2027,1,2397
13,2027,2,2424
13,2027,3,2413
13,2027,4,2526
13,2027,5,2608
13,2027,6,2667
13,2027,7,2734
13,2027,8,2724
13,2027,9,2790
13,2027,10,2847
13,2027,11,3074
13,2027,12,3278
13,2027,13,3470
13,2027,14,3491
13,2027,15,3554
13,2027,16,3655
13,2027,17,3914
13,2027,18,5812
13,2027,19,8200
13,2027,20,8161
13,2027,21,7875
13,2027,22,7464
13,2027,23,6182
13,2027,24,5660
13,2027,25,5547
13,2027,26,4852
13,2027,27,4952
13,2027,28,4590
13,2027,29,4485
13,2027,30,3998
13,2027,31,3948
13,2027,32,3535
13,2027,33,3987
13,2027,34,3611
13,2027,35,3816
13,2027,36,3978
13,2027,37,3288
13,2027,38,3326
13,2027,39,3944
13,2027,40,4115
13,2027,41,4290
13,2027,42,4709
13,2027,43,3783
13,2027,44,4183
13,2027,45,4177
13,2027,46,4100
13,2027,47,4415
13,2027,48,3832
13,2027,49,4198
13,2027,50,4255
13,2027,51,4116
13,2027,52,4493
13,2027,53,3644
13,2027,54,4127
13,2027,55,4241
13,2027,56,4299
13,2027,57,4886
13,2027,58,4026
13,2027,59,3902
13,2027,60,3963
13,2027,61,3687
13,2027,62,4098
13,2027,63,3567
13,2027,64,3857
13,2027,65,3781
13,2027,66,3703
13,2027,67,3897
13,2027,68,3337
13,2027,69,3434
13,2027,70,3396
13,2027,71,3290
13,2027,72,3348
13,2027,73,2943
13,2027,74,3054
13,2027,75,2865
13,2027,76,2699
13,2027,77,2749
13,2027,78,2240
13,2027,79,2411
13,2027,80,2416
13,2027,81,1702
13,2027,82,1659
13,2027,83,1372
13,2027,84,1438
13,2027,85,1075
13,2027,86,987
13,2027,87,830
13,2027,88,721
13,2027,89,671
13,2027,90,534
13,2027,91,493
13,2027,92,380
13,2027,93,298
13,2027,94,289
13,2027,95,213
13,2027,96,170
13,2027,97,139
13,2027,98,98
13,2027,99,81
13,2027,100,135
13,2028,0,2417
13,2028,1,2442
13,2028,2,2444
13,2028,3,2473
13,2028,4,2464
13,2028,5,2578
13,2028,6,2658
13,2028,7,2716
13,2028,8,2780
13,2028,9,2767
13,2028,10,2829
13,2028,11,2883
13,2028,12,3108
13,2028,13,3311
13,2028,14,3503
13,2028,15,3526
13,2028,16,3592
13,2028,17,3748
13,2028,18,5893
13,2028,19,7954
13,2028,20,8252
13,2028,21,8051
13,2028,22,7337
13,2028,23,6345
13,2028,24,5549
13,2028,25,5238
13,2028,26,5532
13,2028,27,4873
13,2028,28,4924
13,2028,29,4614
13,2028,30,4299
13,2028,31,3760
13,2028,32,3608
13,2028,33,3423
13,2028,34,3940
13,2028,35,3614
13,2028,36,3803
13,2028,37,3991
13,2028,38,3323
13,2028,39,3364
13,2028,40,3964
13,2028,41,4103
13,2028,42,4313
13,2028,43,4733
13,2028,44,3806
13,2028,45,4200
13,2028,46,4190
13,2028,47,4109
13,2028,48,4420
13,2028,49,3836
13,2028,50,4197
13,2028,51,4257
13,2028,52,4124
13,2028,53,4506
13,2028,54,3663
13,2028,55,4139
13,2028,56,4243
13,2028,57,4289
13,2028,58,4857
13,2028,59,3998
13,2028,60,3866
13,2028,61,3918
13,2028,62,3638
13,2028,63,4034
13,2028,64,3507
13,2028,65,3786
13,2028,66,3705
13,2028,67,3623
13,2028,68,3806
13,2028,69,3259
13,2028,70,3355
13,2028,71,3317
13,2028,72,3213
13,2028,73,3270
13,2028,74,2877
13,2028,75,2984
13,2028,76,2799
13,2028,77,2636
13,2028,78,2678
13,2028,79,2175
13,2028,80,2333
13,2028,81,2328
13,2028,82,1633
13,2028,83,1584
13,2028,84,1303
13,2028,85,1356
13,2028,86,1007
13,2028,87,917
13,2028,88,763
13,2028,89,656
13,2028,90,604
13,2028,91,475
13,2028,92,433
13,2028,93,328
13,2028,94,254
13,2028,95,242
13,2028,96,176
13,2028,97,138
13,2028,98,111
13,2028,99,77
13,2028,100,144
13,2029,0,2441
13,2029,1,2455
13,2029,2,2489
13,2029,3,2494
13,2029,4,2525
13,2029,5,2516
13,2029,6,2628
13,2029,7,2707
13,2029,8,2762
13,2029,9,2823
13,2029,10,2806
13,2029,11,2866
13,2029,12,2917
13,2029,13,3141
13,2029,14,3344
13,2029,15,3538
13,2029,16,3564
13,2029,17,3686
13,2029,18,5728
13,2029,19,8035
13,2029,20,8006
13,2029,21,8143
13,2029,22,7514
13,2029,23,6218
13,2029,24,5712
13,2029,25,5126
13,2029,26,5223
13,2029,27,5553
13,2029,28,4846
13,2029,29,4948
13,2029,30,4442
13,2029,31,4075
13,2029,32,3485
13,2029,33,3508
13,2029,34,3400
13,2029,35,3946
13,2029,36,3607
13,2029,37,3820
13,2029,38,4025
13,2029,39,3362
13,2029,40,3388
13,2029,41,3954
13,2029,42,4128
13,2029,43,4340
13,2029,44,4754
13,2029,45,3825
13,2029,46,4214
13,2029,47,4200
13,2029,48,4115
13,2029,49,4422
13,2029,50,3837
13,2029,51,4200
13,2029,52,4266
13,2029,53,4139
13,2029,54,4521
13,2029,55,3680
13,2029,56,4144
13,2029,57,4236
13,2029,58,4272
13,2029,59,4824
13,2029,60,3966
13,2029,61,3827
13,2029,62,3870
13,2029,63,3589
13,2029,64,3971
13,2029,65,3450
13,2029,66,3717
13,2029,67,3632
13,2029,68,3546
13,2029,69,3724
13,2029,70,3189
13,2029,71,3281
13,2029,72,3244
13,2029,73,3142
13,2029,74,3198
13,2029,75,2813
13,2029,76,2917
13,2029,77,2734
13,2029,78,2568
13,2029,79,2601
13,2029,80,2105
13,2029,81,2249
13,2029,82,2234
13,2029,83,1559
13,2029,84,1505
13,2029,85,1229
13,2029,86,1271
13,2029,87,936
13,2029,88,844
13,2029,89,695
13,2029,90,591
13,2029,91,538
13,2029,92,417
13,2029,93,376
13,2029,94,280
13,2029,95,214
13,2029,96,201
13,2029,97,142
13,2029,98,110
13,2029,99,86
13,2029,100,147
13,2030,0,2472
13,2030,1,2477
13,2030,2,2499
13,2030,3,2536
13,2030,4,2542
13,2030,5,2573
13,2030,6,2563
13,2030,7,2674
13,2030,8,2750
13,2030,9,2802
13,2030,10,2859
13,2030,11,2840
13,2030,12,2898
13,2030,13,2948
13,2030,14,3172
13,2030,15,3377
13,2030,16,3574
13,2030,17,3655
13,2030,18,5662
13,2030,19,7857
13,2030,20,8078
13,2030,21,7892
13,2030,22,7600
13,2030,23,6390
13,2030,24,5581
13,2030,25,5285
13,2030,26,5108
13,2030,27,5240
13,2030,28,5521
13,2030,29,4866
13,2030,30,4789
13,2030,31,4255
13,2030,32,3838
13,2030,33,3405
13,2030,34,3494
13,2030,35,3421
13,2030,36,3939
13,2030,37,3627
13,2030,38,3854
13,2030,39,4061
13,2030,40,3385
13,2030,41,3379
13,2030,42,3979
13,2030,43,4154
13,2030,44,4361
13,2030,45,4770
13,2030,46,3840
13,2030,47,4224
13,2030,48,4207
13,2030,49,4119
13,2030,50,4422
13,2030,51,3842
13,2030,52,4209
13,2030,53,4280
13,2030,54,4156
13,2030,55,4533
13,2030,56,3690
13,2030,57,4141
13,2030,58,4224
13,2030,59,4251
13,2030,60,4787
13,2030,61,3932
13,2030,62,3788
13,2030,63,3825
13,2030,64,3543
13,2030,65,3914
13,2030,66,3397
13,2030,67,3654
13,2030,68,3564
13,2030,69,3478
13,2030,70,3652
13,2030,71,3125
13,2030,72,3215
13,2030,73,3177
13,2030,74,3078
13,2030,75,3130
13,2030,76,2751
13,2030,77,2850
13,2030,78,2664
13,2030,79,2496
13,2030,80,2518
13,2030,81,2031
13,2030,82,2160
13,2030,83,2134
13,2030,84,1482
13,2030,85,1421
13,2030,86,1152
13,2030,87,1181
13,2030,88,863
13,2030,89,769
13,2030,90,627
13,2030,91,527
13,2030,92,474
13,2030,93,362
13,2030,94,322
13,2030,95,236
13,2030,96,177
13,2030,97,163
13,2030,98,113
13,2030,99,86
13,2030,100,156
13,2031,0,2518
13,2031,1,2508
13,2031,2,2521
13,2031,3,2546
13,2031,4,2584
13,2031,5,2590
13,2031,6,2621
13,2031,7,2609
13,2031,8,2718
13,2031,9,2791
13,2031,10,2839
13,2031,11,2894
13,2031,12,2872
13,2031,13,2929
13,2031,14,2979
13,2031,15,3205
13,2031,16,3413
13,2031,17,3666
13,2031,18,5632
13,2031,19,7792
13,2031,20,7901
13,2031,21,7963
13,2031,22,7349
13,2031,23,6476
13,2031,24,5753
13,2031,25,5154
13,2031,26,5267
13,2031,27,5125
13,2031,28,5209
13,2031,29,5540
13,2031,30,4728
13,2031,31,4625
13,2031,32,4057
13,2031,33,3764
13,2031,34,3402
13,2031,35,3520
13,2031,36,3423
13,2031,37,3960
13,2031,38,3663
13,2031,39,3892
13,2031,40,4083
13,2031,41,3378
13,2031,42,3408
13,2031,43,4006
13,2031,44,4176
13,2031,45,4379
13,2031,46,4783
13,2031,47,3852
13,2031,48,4231
13,2031,49,4212
13,2031,50,4121
13,2031,51,4426
13,2031,52,3853
13,2031,53,4225
13,2031,54,4298
13,2031,55,4172
13,2031,56,4540
13,2031,57,3695
13,2031,58,4134
13,2031,59,4208
13,2031,60,4227
13,2031,61,4750
13,2031,62,3899
13,2031,63,3751
13,2031,64,3782
13,2031,65,3500
13,2031,66,3861
13,2031,67,3346
13,2031,68,3592
13,2031,69,3502
13,2031,70,3417
13,2031,71,3584
13,2031,72,3066
13,2031,73,3152
13,2031,74,3114
13,2031,75,3014
13,2031,76,3063
13,2031,77,2688
13,2031,78,2778
13,2031,79,2588
13,2031,80,2418
13,2031,81,2430
13,2031,82,1951
13,2031,83,2065
13,2031,84,2029
13,2031,85,1400
13,2031,86,1332
13,2031,87,1071
13,2031,88,1089
13,2031,89,788
13,2031,90,695
13,2031,91,559
13,2031,92,464
13,2031,93,411
13,2031,94,310
13,2031,95,271
13,2031,96,195
13,2031,97,145
13,2031,98,130
13,2031,99,89
13,2031,100,162
13,2032,0,2573
13,2032,1,2554
13,2032,2,2552
13,2032,3,2568
13,2032,4,2594
13,2032,5,2632
13,2032,6,2638
13,2032,7,2666
13,2032,8,2653
13,2032,9,2758
13,2032,10,2828
13,2032,11,2873
13,2032,12,2925
13,2032,13,2904
13,2032,14,2960
13,2032,15,3013
13,2032,16,3242
13,2032,17,3504
13,2032,18,5642
13,2032,19,7762
13,2032,20,7836
13,2032,21,7786
13,2032,22,7420
13,2032,23,6226
13,2032,24,5839
13,2032,25,5326
13,2032,26,5136
13,2032,27,5284
13,2032,28,5094
13,2032,29,5229
13,2032,30,5408
13,2032,31,4599
13,2032,32,4452
13,2032,33,3993
13,2032,34,3766
13,2032,35,3436
13,2032,36,3525
13,2032,37,3449
13,2032,38,3997
13,2032,39,3703
13,2032,40,3916
13,2032,41,4076
13,2032,42,3409
13,2032,43,3438
13,2032,44,4030
13,2032,45,4196
13,2032,46,4395
13,2032,47,4794
13,2032,48,3861
13,2032,49,4237
13,2032,50,4214
13,2032,51,4127
13,2032,52,4436
13,2032,53,3870
13,2032,54,4244
13,2032,55,4316
13,2032,56,4184
13,2032,57,4541
13,2032,58,3695
13,2032,59,4123
13,2032,60,4189
13,2032,61,4202
13,2032,62,4713
13,2032,63,3865
13,2032,64,3714
13,2032,65,3741
13,2032,66,3458
13,2032,67,3809
13,2032,68,3295
13,2032,69,3534
13,2032,70,3444
13,2032,71,3358
13,2032,72,3520
13,2032,73,3008
13,2032,74,3093
13,2032,75,3052
13,2032,76,2951
13,2032,77,2993
13,2032,78,2621
13,2032,79,2700
13,2032,80,2508
13,2032,81,2335
13,2032,82,2335
13,2032,83,1866
13,2032,84,1965
13,2032,85,1917
13,2032,86,1313
13,2032,87,1240
13,2032,88,988
13,2032,89,995
13,2032,90,713
13,2032,91,621
13,2032,92,493
13,2032,93,403
13,2032,94,353
13,2032,95,262
13,2032,96,226
13,2032,97,159
13,2032,98,116
13,2032,99,102
13,2032,100,168
13,2033,0,2632
13,2033,1,2609
13,2033,2,2599
13,2033,3,2599
13,2033,4,2616
13,2033,5,2643
13,2033,6,2680
13,2033,7,2684
13,2033,8,2710
13,2033,9,2693
13,2033,10,2795
13,2033,11,2862
13,2033,12,2905
13,2033,13,2957
13,2033,14,2935
13,2033,15,2994
13,2033,16,3049
13,2033,17,3333
13,2033,18,5481
13,2033,19,7773
13,2033,20,7806
13,2033,21,7722
13,2033,22,7243
13,2033,23,6297
13,2033,24,5588
13,2033,25,5412
13,2033,26,5308
13,2033,27,5153
13,2033,28,5253
13,2033,29,5114
13,2033,30,5103
13,2033,31,5259
13,2033,32,4431
13,2033,33,4383
13,2033,34,3993
13,2033,35,3797
13,2033,36,3442
13,2033,37,3552
13,2033,38,3487
13,2033,39,4036
13,2033,40,3728
13,2033,41,3909
13,2033,42,4105
13,2033,43,3438
13,2033,44,3463
13,2033,45,4050
13,2033,46,4211
13,2033,47,4406
13,2033,48,4801
13,2033,49,3867
13,2033,50,4239
13,2033,51,4220
13,2033,52,4138
13,2033,53,4452
13,2033,54,3891
13,2033,55,4262
13,2033,56,4327
13,2033,57,4188
13,2033,58,4534
13,2033,59,3688
13,2033,60,4106
13,2033,61,4165
13,2033,62,4171
13,2033,63,4670
13,2033,64,3829
13,2033,65,3675
13,2033,66,3697
13,2033,67,3413
13,2033,68,3751
13,2033,69,3243
13,2033,70,3477
13,2033,71,3386
13,2033,72,3299
13,2033,73,3455
13,2033,74,2951
13,2033,75,3031
13,2033,76,2988
13,2033,77,2886
13,2033,78,2919
13,2033,79,2549
13,2033,80,2618
13,2033,81,2422
13,2033,82,2245
13,2033,83,2234
13,2033,84,1776
13,2033,85,1858
13,2033,86,1799
13,2033,87,1222
13,2033,88,1144
13,2033,89,903
13,2033,90,901
13,2033,91,638
13,2033,92,548
13,2033,93,429
13,2033,94,346
13,2033,95,298
13,2033,96,218
13,2033,97,184
13,2033,98,128
13,2033,99,91
13,2033,100,183
13,2034,0,2687
13,2034,1,2668
13,2034,2,2654
13,2034,3,2646
13,2034,4,2647
13,2034,5,2665
13,2034,6,2691
13,2034,7,2726
13,2034,8,2728
13,2034,9,2751
13,2034,10,2730
13,2034,11,2829
13,2034,12,2894
13,2034,13,2936
13,2034,14,2988
13,2034,15,2969
13,2034,16,3030
13,2034,17,3140
13,2034,18,5310
13,2034,19,7612
13,2034,20,7817
13,2034,21,7692
13,2034,22,7179
13,2034,23,6121
13,2034,24,5660
13,2034,25,5162
13,2034,26,5394
13,2034,27,5325
13,2034,28,5122
13,2034,29,5273
13,2034,30,4991
13,2034,31,4966
13,2034,32,5063
13,2034,33,4363
13,2034,34,4379
13,2034,35,4022
13,2034,36,3801
13,2034,37,3469
13,2034,38,3590
13,2034,39,3528
13,2034,40,4060
13,2034,41,3721
13,2034,42,3939
13,2034,43,4133
13,2034,44,3464
13,2034,45,3484
13,2034,46,4066
13,2034,47,4224
13,2034,48,4415
13,2034,49,4805
13,2034,50,3871
13,2034,51,4245
13,2034,52,4231
13,2034,53,4155
13,2034,54,4471
13,2034,55,3912
13,2034,56,4274
13,2034,57,4331
13,2034,58,4185
13,2034,59,4521
13,2034,60,3676
13,2034,61,4083
13,2034,62,4135
13,2034,63,4136
13,2034,64,4624
13,2034,65,3789
13,2034,66,3632
13,2034,67,3650
13,2034,68,3363
13,2034,69,3693
13,2034,70,3191
13,2034,71,3418
13,2034,72,3326
13,2034,73,3240
13,2034,74,3390
13,2034,75,2893
13,2034,76,2969
13,2034,77,2922
13,2034,78,2815
13,2034,79,2840
13,2034,80,2472
13,2034,81,2529
13,2034,82,2329
13,2034,83,2150
13,2034,84,2127
13,2034,85,1681
13,2034,86,1745
13,2034,87,1675
13,2034,88,1129
13,2034,89,1046
13,2034,90,818
13,2034,91,807
13,2034,92,565
13,2034,93,478
13,2034,94,368
13,2034,95,292
13,2034,96,248
13,2034,97,178
13,2034,98,148
13,2034,99,101
13,2034,100,184
13,2035,0,2737
13,2035,1,2723
13,2035,2,2713
13,2035,3,2700
13,2035,4,2694
13,2035,5,2696
13,2035,6,2713
13,2035,7,2737
13,2035,8,2770
13,2035,9,2768
13,2035,10,2788
13,2035,11,2765
13,2035,12,2861
13,2035,13,2925
13,2035,14,2968
13,2035,15,3022
13,2035,16,3005
13,2035,17,3121
13,2035,18,5117
13,2035,19,7441
13,2035,20,7656
13,2035,21,7703
13,2035,22,7150
13,2035,23,6056
13,2035,24,5484
13,2035,25,5233
13,2035,26,5144
13,2035,27,5412
13,2035,28,5294
13,2035,29,5142
13,2035,30,5147
13,2035,31,4857
13,2035,32,4782
13,2035,33,4984
13,2035,34,4359
13,2035,35,4404
13,2035,36,4025
13,2035,37,3826
13,2035,38,3507
13,2035,39,3630
13,2035,40,3554
13,2035,41,4053
13,2035,42,3751
13,2035,43,3967
13,2035,44,4157
13,2035,45,3485
13,2035,46,3502
13,2035,47,4079
13,2035,48,4232
13,2035,49,4420
13,2035,50,4806
13,2035,51,3878
13,2035,52,4256
13,2035,53,4248
13,2035,54,4175
13,2035,55,4489
13,2035,56,3926
13,2035,57,4279
13,2035,58,4328
13,2035,59,4175
13,2035,60,4501
13,2035,61,3658
13,2035,62,4055
13,2035,63,4101
13,2035,64,4097
13,2035,65,4574
13,2035,66,3745
13,2035,67,3586
13,2035,68,3595
13,2035,69,3311
13,2035,70,3634
13,2035,71,3138
13,2035,72,3359
13,2035,73,3266
13,2035,74,3180
13,2035,75,3324
13,2035,76,2834
13,2035,77,2905
13,2035,78,2852
13,2035,79,2740
13,2035,80,2755
13,2035,81,2389
13,2035,82,2433
13,2035,83,2230
13,2035,84,2049
13,2035,85,2014
13,2035,86,1579
13,2035,87,1626
13,2035,88,1547
13,2035,89,1033
13,2035,90,948
13,2035,91,732
13,2035,92,714
13,2035,93,493
13,2035,94,411
13,2035,95,312
13,2035,96,244
13,2035,97,204
13,2035,98,143
13,2035,99,117
13,2035,100,192
13,2036,0,2780
13,2036,1,2773
13,2036,2,2767
13,2036,3,2759
13,2036,4,2749
13,2036,5,2743
13,2036,6,2744
13,2036,7,2759
13,2036,8,2780
13,2036,9,2810
13,2036,10,2805
13,2036,11,2822
13,2036,12,2796
13,2036,13,2892
13,2036,14,2956
13,2036,15,3001
13,2036,16,3058
13,2036,17,3096
13,2036,18,5098
13,2036,19,7248
13,2036,20,7484
13,2036,21,7542
13,2036,22,7160
13,2036,23,6027
13,2036,24,5419
13,2036,25,5057
13,2036,26,5216
13,2036,27,5162
13,2036,28,5380
13,2036,29,5314
13,2036,30,5019
13,2036,31,5009
13,2036,32,4679
13,2036,33,4708
13,2036,34,4973
13,2036,35,4385
13,2036,36,4405
13,2036,37,4049
13,2036,38,3864
13,2036,39,3548
13,2036,40,3656
13,2036,41,3548
13,2036,42,4082
13,2036,43,3780
13,2036,44,3992
13,2036,45,4177
13,2036,46,3502
13,2036,47,3515
13,2036,48,4088
13,2036,49,4238
13,2036,50,4423
13,2036,51,4810
13,2036,52,3891
13,2036,53,4273
13,2036,54,4268
13,2036,55,4194
13,2036,56,4500
13,2036,57,3932
13,2036,58,4275
13,2036,59,4317
13,2036,60,4158
13,2036,61,4474
13,2036,62,3635
13,2036,63,4022
13,2036,64,4062
13,2036,65,4054
13,2036,66,4519
13,2036,67,3697
13,2036,68,3532
13,2036,69,3540
13,2036,70,3259
13,2036,71,3574
13,2036,72,3084
13,2036,73,3299
13,2036,74,3207
13,2036,75,3119
13,2036,76,3257
13,2036,77,2772
13,2036,78,2836
13,2036,79,2776
13,2036,80,2660
13,2036,81,2663
13,2036,82,2300
13,2036,83,2331
13,2036,84,2126
13,2036,85,1941
13,2036,86,1893
13,2036,87,1473
13,2036,88,1503
13,2036,89,1416
13,2036,90,936
13,2036,91,850
13,2036,92,649
13,2036,93,624
13,2036,94,425
13,2036,95,349
13,2036,96,261
13,2036,97,200
13,2036,98,164
13,2036,99,114
13,2036,100,210
13,2037,0,2815
13,2037,1,2815
13,2037,2,2817
13,2037,3,2814
13,2037,4,2807
13,2037,5,2797
13,2037,6,2790
13,2037,7,2789
13,2037,8,2802
13,2037,9,2821
13,2037,10,2847
13,2037,11,2839
13,2037,12,2854
13,2037,13,2827
13,2037,14,2923
13,2037,15,2990
13,2037,16,3037
13,2037,17,3149
13,2037,18,5073
13,2037,19,7227
13,2037,20,7290
13,2037,21,7370
13,2037,22,6999
13,2037,23,6037
13,2037,24,5389
13,2037,25,4992
13,2037,26,5039
13,2037,27,5233
13,2037,28,5130
13,2037,29,5400
13,2037,30,5188
13,2037,31,4885
13,2037,32,4826
13,2037,33,4608
13,2037,34,4700
13,2037,35,4993
13,2037,36,4385
13,2037,37,4428
13,2037,38,4086
13,2037,39,3903
13,2037,40,3573
13,2037,41,3649
13,2037,42,3578
13,2037,43,4110
13,2037,44,3805
13,2037,45,4012
13,2037,46,4193
13,2037,47,3516
13,2037,48,3526
13,2037,49,4094
13,2037,50,4241
13,2037,51,4429
13,2037,52,4819
13,2037,53,3908
13,2037,54,4293
13,2037,55,4287
13,2037,56,4207
13,2037,57,4503
13,2037,58,3932
13,2037,59,4265
13,2037,60,4300
13,2037,61,4136
13,2037,62,4443
13,2037,63,3607
13,2037,64,3985
13,2037,65,4020
13,2037,66,4008
13,2037,67,4461
13,2037,68,3643
13,2037,69,3479
13,2037,70,3485
13,2037,71,3205
13,2037,72,3514
13,2037,73,3030
13,2037,74,3240
13,2037,75,3146
13,2037,76,3057
13,2037,77,3187
13,2037,78,2707
13,2037,79,2761
13,2037,80,2695
13,2037,81,2572
13,2037,82,2564
13,2037,83,2205
13,2037,84,2223
13,2037,85,2014
13,2037,86,1826
13,2037,87,1766
13,2037,88,1363
13,2037,89,1378
13,2037,90,1284
13,2037,91,840
13,2037,92,754
13,2037,93,567
13,2037,94,539
13,2037,95,362
13,2037,96,293
13,2037,97,215
13,2037,98,162
13,2037,99,130
13,2037,100,219
13,2038,0,2843
13,2038,1,2850
13,2038,2,2859
13,2038,3,2863
13,2038,4,2861
13,2038,5,2855
13,2038,6,2844
13,2038,7,2835
13,2038,8,2832
13,2038,9,2842
13,2038,10,2857
13,2038,11,2881
13,2038,12,2871
13,2038,13,2884
13,2038,14,2858
13,2038,15,2957
13,2038,16,3026
13,2038,17,3128
13,2038,18,5125
13,2038,19,7200
13,2038,20,7269
13,2038,21,7175
13,2038,22,6826
13,2038,23,5875
13,2038,24,5398
13,2038,25,4962
13,2038,26,4973
13,2038,27,5055
13,2038,28,5200
13,2038,29,5149
13,2038,30,5272
13,2038,31,5050
13,2038,32,4709
13,2038,33,4752
13,2038,34,4600
13,2038,35,4723
13,2038,36,4990
13,2038,37,4408
13,2038,38,4463
13,2038,39,4125
13,2038,40,3927
13,2038,41,3567
13,2038,42,3679
13,2038,43,3607
13,2038,44,4134
13,2038,45,3825
13,2038,46,4028
13,2038,47,4205
13,2038,48,3526
13,2038,49,3534
13,2038,50,4098
13,2038,51,4247
13,2038,52,4440
13,2038,53,4834
13,2038,54,3929
13,2038,55,4311
13,2038,56,4299
13,2038,57,4212
13,2038,58,4498
13,2038,59,3925
13,2038,60,4249
13,2038,61,4276
13,2038,62,4108
13,2038,63,4406
13,2038,64,3576
13,2038,65,3945
13,2038,66,3975
13,2038,67,3957
13,2038,68,4396
13,2038,69,3589
13,2038,70,3425
13,2038,71,3429
13,2038,72,3152
13,2038,73,3453
13,2038,74,2976
13,2038,75,3179
13,2038,76,3084
13,2038,77,2993
13,2038,78,3112
13,2038,79,2636
13,2038,80,2682
13,2038,81,2608
13,2038,82,2479
13,2038,83,2460
13,2038,84,2104
13,2038,85,2108
13,2038,86,1895
13,2038,87,1705
13,2038,88,1634
13,2038,89,1250
13,2038,90,1251
13,2038,91,1153
13,2038,92,746
13,2038,93,660
13,2038,94,490
13,2038,95,459
13,2038,96,304
13,2038,97,241
13,2038,98,173
13,2038,99,128
13,2038,100,238
13,2039,0,2862
13,2039,1,2878
13,2039,2,2894
13,2039,3,2905
13,2039,4,2910
13,2039,5,2908
13,2039,6,2901
13,2039,7,2888
13,2039,8,2878
13,2039,9,2871
13,2039,10,2877
13,2039,11,2890
13,2039,12,2912
13,2039,13,2901
13,2039,14,2915
13,2039,15,2891
13,2039,16,2992
13,2039,17,3116
13,2039,18,5104
13,2039,19,7251
13,2039,20,7240
13,2039,21,7152
13,2039,22,6630
13,2039,23,5701
13,2039,24,5236
13,2039,25,4970
13,2039,26,4942
13,2039,27,4990
13,2039,28,5023
13,2039,29,5219
13,2039,30,5026
13,2039,31,5132
13,2039,32,4867
13,2039,33,4636
13,2039,34,4743
13,2039,35,4624
13,2039,36,4721
13,2039,37,5010
13,2039,38,4443
13,2039,39,4500
13,2039,40,4148
13,2039,41,3920
13,2039,42,3596
13,2039,43,3708
13,2039,44,3632
13,2039,45,4154
13,2039,46,3841
13,2039,47,4041
13,2039,48,4214
13,2039,49,3534
13,2039,50,3538
13,2039,51,4104
13,2039,52,4258
13,2039,53,4456
13,2039,54,4851
13,2039,55,3950
13,2039,56,4323
13,2039,57,4304
13,2039,58,4209
13,2039,59,4487
13,2039,60,3911
13,2039,61,4226
13,2039,62,4248
13,2039,63,4076
13,2039,64,4365
13,2039,65,3542
13,2039,66,3900
13,2039,67,3925
13,2039,68,3901
13,2039,69,4331
13,2039,70,3534
13,2039,71,3370
13,2039,72,3372
13,2039,73,3097
13,2039,74,3392
13,2039,75,2920
13,2039,76,3117
13,2039,77,3019
13,2039,78,2924
13,2039,79,3031
13,2039,80,2560
13,2039,81,2596
13,2039,82,2514
13,2039,83,2379
13,2039,84,2348
13,2039,85,1996
13,2039,86,1984
13,2039,87,1769
13,2039,88,1580
13,2039,89,1499
13,2039,90,1136
13,2039,91,1125
13,2039,92,1024
13,2039,93,654
13,2039,94,571
13,2039,95,418
13,2039,96,386
13,2039,97,251
13,2039,98,196
13,2039,99,138
13,2039,100,249
13,2040,0,2872
13,2040,1,2897
13,2040,2,2921
13,2040,3,2939
13,2040,4,2951
13,2040,5,2956
13,2040,6,2954
13,2040,7,2946
13,2040,8,2930
13,2040,9,2917
13,2040,10,2907
13,2040,11,2911
13,2040,12,2921
13,2040,13,2942
13,2040,14,2931
13,2040,15,2947
13,2040,16,2926
13,2040,17,3082
13,2040,18,5092
13,2040,19,7228
13,2040,20,7290
13,2040,21,7123
13,2040,22,6607
13,2040,23,5505
13,2040,24,5062
13,2040,25,4807
13,2040,26,4951
13,2040,27,4958
13,2040,28,4956
13,2040,29,5041
13,2040,30,5094
13,2040,31,4893
13,2040,32,4945
13,2040,33,4792
13,2040,34,4629
13,2040,35,4764
13,2040,36,4622
13,2040,37,4742
13,2040,38,5043
13,2040,39,4480
13,2040,40,4522
13,2040,41,4140
13,2040,42,3949
13,2040,43,3625
13,2040,44,3732
13,2040,45,3652
13,2040,46,4169
13,2040,47,3854
13,2040,48,4050
13,2040,49,4220
13,2040,50,3539
13,2040,51,3546
13,2040,52,4115
13,2040,53,4274
13,2040,54,4475
13,2040,55,4867
13,2040,56,3963
13,2040,57,4327
13,2040,58,4301
13,2040,59,4200
13,2040,60,4468
13,2040,61,3892
13,2040,62,4198
13,2040,63,4215
13,2040,64,4039
13,2040,65,4321
13,2040,66,3504
13,2040,67,3852
13,2040,68,3869
13,2040,69,3843
13,2040,70,4265
13,2040,71,3478
13,2040,72,3314
13,2040,73,3314
13,2040,74,3043
13,2040,75,3329
13,2040,76,2864
13,2040,77,3052
13,2040,78,2950
13,2040,79,2850
13,2040,80,2945
13,2040,81,2478
13,2040,82,2503
13,2040,83,2413
13,2040,84,2273
13,2040,85,2228
13,2040,86,1880
13,2040,87,1854
13,2040,88,1639
13,2040,89,1451
13,2040,90,1364
13,2040,91,1022
13,2040,92,1000
13,2040,93,898
13,2040,94,566
13,2040,95,488
13,2040,96,352
13,2040,97,319
13,2040,98,204
13,2040,99,156
13,2040,100,263
13,2041,0,2875
13,2041,1,2907
13,2041,2,2939
13,2041,3,2966
13,2041,4,2985
13,2041,5,2998
13,2041,6,3002
13,2041,7,2998
13,2041,8,2987
13,2041,9,2969
13,2041,10,2952
13,2041,11,2940
13,2041,12,2941
13,2041,13,2951
13,2041,14,2972
13,2041,15,2964
13,2041,16,2982
13,2041,17,3016
13,2041,18,5058
13,2041,19,7214
13,2041,20,7265
13,2041,21,7172
13,2041,22,6577
13,2041,23,5481
13,2041,24,4865
13,2041,25,4633
13,2041,26,4787
13,2041,27,4966
13,2041,28,4924
13,2041,29,4974
13,2041,30,4918
13,2041,31,4959
13,2041,32,4717
13,2041,33,4868
13,2041,34,4781
13,2041,35,4651
13,2041,36,4761
13,2041,37,4642
13,2041,38,4775
13,2041,39,5078
13,2041,40,4502
13,2041,41,4513
13,2041,42,4168
13,2041,43,3976
13,2041,44,3649
13,2041,45,3752
13,2041,46,3669
13,2041,47,4181
13,2041,48,3863
13,2041,49,4056
13,2041,50,4223
13,2041,51,3547
13,2041,52,3559
13,2041,53,4132
13,2041,54,4293
13,2041,55,4493
13,2041,56,4875
13,2041,57,3970
13,2041,58,4324
13,2041,59,4292
13,2041,60,4184
13,2041,61,4444
13,2041,62,3868
13,2041,63,4166
13,2041,64,4178
13,2041,65,4000
13,2041,66,4272
13,2041,67,3462
13,2041,68,3798
13,2041,69,3812
13,2041,70,3785
13,2041,71,4198
13,2041,72,3421
13,2041,73,3257
13,2041,74,3257
13,2041,75,2988
13,2041,76,3266
13,2041,77,2805
13,2041,78,2983
13,2041,79,2876
13,2041,80,2771
13,2041,81,2852
13,2041,82,2390
13,2041,83,2404
13,2041,84,2306
13,2041,85,2158
13,2041,86,2100
13,2041,87,1758
13,2041,88,1719
13,2041,89,1506
13,2041,90,1321
13,2041,91,1228
13,2041,92,910
13,2041,93,879
13,2041,94,778
13,2041,95,484
13,2041,96,411
13,2041,97,292
13,2041,98,260
13,2041,99,164
13,2041,100,287
13,2042,0,2863
13,2042,1,2908
13,2042,2,2947
13,2042,3,2982
13,2042,4,3010
13,2042,5,3029
13,2042,6,3041
13,2042,7,3044
13,2042,8,3038
13,2042,9,3024
13,2042,10,3003
13,2042,11,2983
13,2042,12,2969
13,2042,13,2970
13,2042,14,2979
13,2042,15,3003
13,2042,16,2997
13,2042,17,3070
13,2042,18,4990
13,2042,19,7172
13,2042,20,7245
13,2042,21,7144
13,2042,22,6622
13,2042,23,5448
13,2042,24,4838
13,2042,25,4433
13,2042,26,4610
13,2042,27,4800
13,2042,28,4929
13,2042,29,4939
13,2042,30,4858
13,2042,31,4802
13,2042,32,4801
13,2042,33,4649
13,2042,34,4861
13,2042,35,4804
13,2042,36,4648
13,2042,37,4781
13,2042,38,4674
13,2042,39,4810
13,2042,40,5098
13,2042,41,4491
13,2042,42,4539
13,2042,43,4194
13,2042,44,3999
13,2042,45,3669
13,2042,46,3768
13,2042,47,3681
13,2042,48,4190
13,2042,49,3870
13,2042,50,4059
13,2042,51,4228
13,2042,52,3559
13,2042,53,3577
13,2042,54,4151
13,2042,55,4311
13,2042,56,4504
13,2042,57,4876
13,2042,58,3970
13,2042,59,4315
13,2042,60,4277
13,2042,61,4164
13,2042,62,4417
13,2042,63,3841
13,2042,64,4132
13,2042,65,4139
13,2042,66,3958
13,2042,67,4222
13,2042,68,3416
13,2042,69,3745
13,2042,70,3757
13,2042,71,3728
13,2042,72,4132
13,2042,73,3365
13,2042,74,3202
13,2042,75,3199
13,2042,76,2932
13,2042,77,3200
13,2042,78,2743
13,2042,79,2909
13,2042,80,2796
13,2042,81,2685
13,2042,82,2751
13,2042,83,2296
13,2042,84,2299
13,2042,85,2191
13,2042,86,2036
13,2042,87,1964
13,2042,88,1631
13,2042,89,1581
13,2042,90,1371
13,2042,91,1191
13,2042,92,1093
13,2042,93,800
13,2042,94,763
13,2042,95,666
13,2042,96,409
13,2042,97,341
13,2042,98,238
13,2042,99,208
13,2042,100,309
13,2043,0,2846
13,2043,1,2895
13,2043,2,2946
13,2043,3,2988
13,2043,4,3024
13,2043,5,3052
13,2043,6,3071
13,2043,7,3081
13,2043,8,3082
13,2043,9,3074
13,2043,10,3057
13,2043,11,3033
13,2043,12,3011
13,2043,13,2996
13,2043,14,2997
13,2043,15,3009
13,2043,16,3035
13,2043,17,3084
13,2043,18,5043
13,2043,19,7096
13,2043,20,7196
13,2043,21,7119
13,2043,22,6591
13,2043,23,5490
13,2043,24,4802
13,2043,25,4404
13,2043,26,4408
13,2043,27,4620
13,2043,28,4761
13,2043,29,4942
13,2043,30,4822
13,2043,31,4742
13,2043,32,4650
13,2043,33,4730
13,2043,34,4641
13,2043,35,4880
13,2043,36,4798
13,2043,37,4665
13,2043,38,4810
13,2043,39,4708
13,2043,40,4828
13,2043,41,5085
13,2043,42,4516
13,2043,43,4563
13,2043,44,4215
13,2043,45,4017
13,2043,46,3683
13,2043,47,3779
13,2043,48,3690
13,2043,49,4195
13,2043,50,3873
13,2043,51,4065
13,2043,52,4238
13,2043,53,3575
13,2043,54,3596
13,2043,55,4167
13,2043,56,4321
13,2043,57,4507
13,2043,58,4869
13,2043,59,3963
13,2043,60,4300
13,2043,61,4256
13,2043,62,4139
13,2043,63,4385
13,2043,64,3810
13,2043,65,4094
13,2043,66,4097
13,2043,67,3913
13,2043,68,4166
13,2043,69,3370
13,2043,70,3692
13,2043,71,3701
13,2043,72,3670
13,2043,73,4065
13,2043,74,3308
13,2043,75,3145
13,2043,76,3139
13,2043,77,2873
13,2043,78,3129
13,2043,79,2675
13,2043,80,2829
13,2043,81,2709
13,2043,82,2592
13,2043,83,2644
13,2043,84,2195
13,2043,85,2185
13,2043,86,2067
13,2043,87,1906
13,2043,88,1823
13,2043,89,1501
13,2043,90,1441
13,2043,91,1237
13,2043,92,1063
13,2043,93,963
13,2043,94,696
13,2043,95,654
13,2043,96,563
13,2043,97,340
13,2043,98,279
13,2043,99,191
13,2043,100,359
13,2044,0,2822
13,2044,1,2876
13,2044,2,2931
13,2044,3,2985
13,2044,4,3028
13,2044,5,3064
13,2044,6,3092
13,2044,7,3109
13,2044,8,3118
13,2044,9,3116
13,2044,10,3104
13,2044,11,3085
13,2044,12,3060
13,2044,13,3037
13,2044,14,3022
13,2044,15,3025
13,2044,16,3040
13,2044,17,3120
13,2044,18,5054
13,2044,19,7141
13,2044,20,7115
13,2044,21,7067
13,2044,22,6563
13,2044,23,5455
13,2044,24,4841
13,2044,25,4365
13,2044,26,4376
13,2044,27,4416
13,2044,28,4579
13,2044,29,4771
13,2044,30,4826
13,2044,31,4711
13,2044,32,4600
13,2044,33,4582
13,2044,34,4721
13,2044,35,4662
13,2044,36,4873
13,2044,37,4814
13,2044,38,4694
13,2044,39,4842
13,2044,40,4725
13,2044,41,4814
13,2044,42,5107
13,2044,43,4539
13,2044,44,4582
13,2044,45,4231
13,2044,46,4030
13,2044,47,3695
13,2044,48,3787
13,2044,49,3696
13,2044,50,4197
13,2044,51,3879
13,2044,52,4074
13,2044,53,4252
13,2044,54,3594
13,2044,55,3614
13,2044,56,4178
13,2044,57,4324
13,2044,58,4502
13,2044,59,4855
13,2044,60,3950
13,2044,61,4279
13,2044,62,4231
13,2044,63,4111
13,2044,64,4349
13,2044,65,3777
13,2044,66,4053
13,2044,67,4051
13,2044,68,3863
13,2044,69,4110
13,2044,70,3323
13,2044,71,3638
13,2044,72,3644
13,2044,73,3612
13,2044,74,3998
13,2044,75,3251
13,2044,76,3087
13,2044,77,3077
13,2044,78,2810
13,2044,79,3053
13,2044,80,2602
13,2044,81,2742
13,2044,82,2616
13,2044,83,2493
13,2044,84,2530
13,2044,85,2087
13,2044,86,2063
13,2044,87,1936
13,2044,88,1771
13,2044,89,1679
13,2044,90,1370
13,2044,91,1301
13,2044,92,1103
13,2044,93,937
13,2044,94,838
13,2044,95,598
13,2044,96,554
13,2044,97,468
13,2044,98,278
13,2044,99,224
13,2044,100,377
13,2045,0,2792
13,2045,1,2850
13,2045,2,2911
13,2045,3,2969
13,2045,4,3024
13,2045,5,3067
13,2045,6,3102
13,2045,7,3128
13,2045,8,3144
13,2045,9,3150
13,2045,10,3145
13,2045,11,3132
13,2045,12,3111
13,2045,13,3084
13,2045,14,3062
13,2045,15,3050
13,2045,16,3055
13,2045,17,3124
13,2045,18,5090
13,2045,19,7146
13,2045,20,7154
13,2045,21,6982
13,2045,22,6508
13,2045,23,5425
13,2045,24,4804
13,2045,25,4402
13,2045,26,4335
13,2045,27,4381
13,2045,28,4373
13,2045,29,4587
13,2045,30,4657
13,2045,31,4718
13,2045,32,4577
13,2045,33,4533
13,2045,34,4575
13,2045,35,4741
13,2045,36,4654
13,2045,37,4887
13,2045,38,4840
13,2045,39,4724
13,2045,40,4857
13,2045,41,4710
13,2045,42,4836
13,2045,43,5128
13,2045,44,4557
13,2045,45,4597
13,2045,46,4244
13,2045,47,4040
13,2045,48,3702
13,2045,49,3793
13,2045,50,3699
13,2045,51,4201
13,2045,52,3888
13,2045,53,4087
13,2045,54,4267
13,2045,55,3611
13,2045,56,3626
13,2045,57,4181
13,2045,58,4320
13,2045,59,4492
13,2045,60,4836
13,2045,61,3933
13,2045,62,4254
13,2045,63,4203
13,2045,64,4079
13,2045,65,4311
13,2045,66,3741
13,2045,67,4009
13,2045,68,4001
13,2045,69,3812
13,2045,70,4054
13,2045,71,3276
13,2045,72,3584
13,2045,73,3587
13,2045,74,3553
13,2045,75,3929
13,2045,76,3192
13,2045,77,3026
13,2045,78,3010
13,2045,79,2743
13,2045,80,2971
13,2045,81,2523
13,2045,82,2649
13,2045,83,2516
13,2045,84,2387
13,2045,85,2406
13,2045,86,1971
13,2045,87,1934
13,2045,88,1800
13,2045,89,1633
13,2045,90,1532
13,2045,91,1238
13,2045,92,1162
13,2045,93,973
13,2045,94,817
13,2045,95,720
13,2045,96,507
13,2045,97,462
13,2045,98,383
13,2045,99,224
13,2045,100,415
13,2046,0,2757
13,2046,1,2819
13,2046,2,2884
13,2046,3,2947
13,2046,4,3005
13,2046,5,3060
13,2046,6,3103
13,2046,7,3137
13,2046,8,3161
13,2046,9,3175
13,2046,10,3178
13,2046,11,3171
13,2046,12,3156
13,2046,13,3134
13,2046,14,3108
13,2046,15,3088
13,2046,16,3078
13,2046,17,3138
13,2046,18,5092
13,2046,19,7173
13,2046,20,7153
13,2046,21,7018
13,2046,22,6420
13,2046,23,5367
13,2046,24,4771
13,2046,25,4362
13,2046,26,4369
13,2046,27,4338
13,2046,28,4336
13,2046,29,4378
13,2046,30,4475
13,2046,31,4555
13,2046,32,4586
13,2046,33,4510
13,2046,34,4525
13,2046,35,4594
13,2046,36,4731
13,2046,37,4667
13,2046,38,4912
13,2046,39,4869
13,2046,40,4738
13,2046,41,4841
13,2046,42,4730
13,2046,43,4856
13,2046,44,5144
13,2046,45,4572
13,2046,46,4608
13,2046,47,4253
13,2046,48,4047
13,2046,49,3708
13,2046,50,3795
13,2046,51,3704
13,2046,52,4209
13,2046,53,3901
13,2046,54,4102
13,2046,55,4280
13,2046,56,3622
13,2046,57,3632
13,2046,58,4177
13,2046,59,4310
13,2046,60,4476
13,2046,61,4811
13,2046,62,3912
13,2046,63,4226
13,2046,64,4171
13,2046,65,4044
13,2046,66,4270
13,2046,67,3702
13,2046,68,3960
13,2046,69,3950
13,2046,70,3761
13,2046,71,3997
13,2046,72,3228
13,2046,73,3528
13,2046,74,3529
13,2046,75,3493
13,2046,76,3858
13,2046,77,3130
13,2046,78,2961
13,2046,79,2939
13,2046,80,2670
13,2046,81,2882
13,2046,82,2439
13,2046,83,2549
13,2046,84,2410
13,2046,85,2272
13,2046,86,2273
13,2046,87,1847
13,2046,88,1799
13,2046,89,1660
13,2046,90,1492
13,2046,91,1386
13,2046,92,1107
13,2046,93,1026
13,2046,94,849
13,2046,95,703
13,2046,96,611
13,2046,97,423
13,2046,98,379
13,2046,99,309
13,2046,100,440
13,2047,0,2720
13,2047,1,2783
13,2047,2,2850
13,2047,3,2917
13,2047,4,2982
13,2047,5,3040
13,2047,6,3095
13,2047,7,3136
13,2047,8,3169
13,2047,9,3191
13,2047,10,3201
13,2047,11,3203
13,2047,12,3194
13,2047,13,3179
13,2047,14,3157
13,2047,15,3133
13,2047,16,3115
13,2047,17,3159
13,2047,18,5104
13,2047,19,7168
13,2047,20,7175
13,2047,21,7014
13,2047,22,6453
13,2047,23,5276
13,2047,24,4710
13,2047,25,4326
13,2047,26,4327
13,2047,27,4370
13,2047,28,4290
13,2047,29,4339
13,2047,30,4268
13,2047,31,4378
13,2047,32,4433
13,2047,33,4519
13,2047,34,4501
13,2047,35,4543
13,2047,36,4583
13,2047,37,4742
13,2047,38,4690
13,2047,39,4938
13,2047,40,4881
13,2047,41,4720
13,2047,42,4860
13,2047,43,4749
13,2047,44,4872
13,2047,45,5157
13,2047,46,4582
13,2047,47,4616
13,2047,48,4258
13,2047,49,4051
13,2047,50,3710
13,2047,51,3800
13,2047,52,3713
13,2047,53,4220
13,2047,54,3914
13,2047,55,4115
13,2047,56,4287
13,2047,57,3626
13,2047,58,3631
13,2047,59,4168
13,2047,60,4295
13,2047,61,4456
13,2047,62,4782
13,2047,63,3887
13,2047,64,4194
13,2047,65,4137
13,2047,66,4006
13,2047,67,4225
13,2047,68,3657
13,2047,69,3911
13,2047,70,3899
13,2047,71,3709
13,2047,72,3939
13,2047,73,3180
13,2047,74,3473
13,2047,75,3470
13,2047,76,3431
13,2047,77,3784
13,2047,78,3063
13,2047,79,2890
13,2047,80,2861
13,2047,81,2591
13,2047,82,2786
13,2047,83,2348
13,2047,84,2442
13,2047,85,2294
13,2047,86,2148
13,2047,87,2131
13,2047,88,1718
13,2047,89,1660
13,2047,90,1518
13,2047,91,1351
13,2047,92,1240
13,2047,93,979
13,2047,94,896
13,2047,95,731
13,2047,96,598
13,2047,97,511
13,2047,98,348
13,2047,99,307
13,2047,100,524
13,2048,0,2681
13,2048,1,2744
13,2048,2,2813
13,2048,3,2883
13,2048,4,2950
13,2048,5,3015
13,2048,6,3073
13,2048,7,3126
13,2048,8,3166
13,2048,9,3196
13,2048,10,3216
13,2048,11,3225
13,2048,12,3225
13,2048,13,3216
13,2048,14,3200
13,2048,15,3181
13,2048,16,3159
13,2048,17,3195
13,2048,18,5124
13,2048,19,7174
13,2048,20,7165
13,2048,21,7033
13,2048,22,6445
13,2048,23,5306
13,2048,24,4616
13,2048,25,4263
13,2048,26,4289
13,2048,27,4326
13,2048,28,4320
13,2048,29,4292
13,2048,30,4230
13,2048,31,4179
13,2048,32,4266
13,2048,33,4367
13,2048,34,4510
13,2048,35,4519
13,2048,36,4532
13,2048,37,4593
13,2048,38,4764
13,2048,39,4716
13,2048,40,4949
13,2048,41,4862
13,2048,42,4739
13,2048,43,4878
13,2048,44,4765
13,2048,45,4884
13,2048,46,5165
13,2048,47,4589
13,2048,48,4620
13,2048,49,4261
13,2048,50,4052
13,2048,51,3714
13,2048,52,3807
13,2048,53,3724
13,2048,54,4232
13,2048,55,3927
13,2048,56,4122
13,2048,57,4288
13,2048,58,3625
13,2048,59,3625
13,2048,60,4154
13,2048,61,4275
13,2048,62,4432
13,2048,63,4750
13,2048,64,3859
13,2048,65,4160
13,2048,66,4099
13,2048,67,3965
13,2048,68,4175
13,2048,69,3613
13,2048,70,3861
13,2048,71,3847
13,2048,72,3657
13,2048,73,3879
13,2048,74,3131
13,2048,75,3415
13,2048,76,3409
13,2048,77,3366
13,2048,78,3705
13,2048,79,2991
13,2048,80,2814
13,2048,81,2777
13,2048,82,2505
13,2048,83,2683
13,2048,84,2250
13,2048,85,2327
13,2048,86,2170
13,2048,87,2017
13,2048,88,1984
13,2048,89,1586
13,2048,90,1519
13,2048,91,1375
13,2048,92,1211
13,2048,93,1097
13,2048,94,856
13,2048,95,773
13,2048,96,623
13,2048,97,501
13,2048,98,421
13,2048,99,282
13,2048,100,576
13,2049,0,2642
13,2049,1,2704
13,2049,2,2773
13,2049,3,2844
13,2049,4,2914
13,2049,5,2982
13,2049,6,3046
13,2049,7,3103
13,2049,8,3155
13,2049,9,3193
13,2049,10,3221
13,2049,11,3238
13,2049,12,3246
13,2049,13,3245
13,2049,14,3236
13,2049,15,3223
13,2049,16,3206
13,2049,17,3238
13,2049,18,5159
13,2049,19,7188
13,2049,20,7166
13,2049,21,7020
13,2049,22,6462
13,2049,23,5296
13,2049,24,4644
13,2049,25,4167
13,2049,26,4224
13,2049,27,4286
13,2049,28,4274
13,2049,29,4319
13,2049,30,4183
13,2049,31,4144
13,2049,32,4079
13,2049,33,4203
13,2049,34,4359
13,2049,35,4526
13,2049,36,4506
13,2049,37,4541
13,2049,38,4614
13,2049,39,4788
13,2049,40,4726
13,2049,41,4929
13,2049,42,4879
13,2049,43,4756
13,2049,44,4892
13,2049,45,4776
13,2049,46,4893
13,2049,47,5171
13,2049,48,4593
13,2049,49,4622
13,2049,50,4262
13,2049,51,4055
13,2049,52,3721
13,2049,53,3818
13,2049,54,3737
13,2049,55,4242
13,2049,56,3934
13,2049,57,4123
13,2049,58,4284
13,2049,59,3620
13,2049,60,3615
13,2049,61,4136
13,2049,62,4252
13,2049,63,4405
13,2049,64,4715
13,2049,65,3829
13,2049,66,4123
13,2049,67,4058
13,2049,68,3920
13,2049,69,4126
13,2049,70,3568
13,2049,71,3810
13,2049,72,3794
13,2049,73,3603
13,2049,74,3820
13,2049,75,3080
13,2049,76,3356
13,2049,77,3344
13,2049,78,3296
13,2049,79,3619
13,2049,80,2914
13,2049,81,2732
13,2049,82,2686
13,2049,83,2414
13,2049,84,2573
13,2049,85,2145
13,2049,86,2201
13,2049,87,2037
13,2049,88,1879
13,2049,89,1832
13,2049,90,1451
13,2049,91,1378
13,2049,92,1233
13,2049,93,1073
13,2049,94,960
13,2049,95,740
13,2049,96,659
13,2049,97,522
13,2049,98,414
13,2049,99,342
13,2049,100,591
13,2050,0,2604
13,2050,1,2664
13,2050,2,2732
13,2050,3,2802
13,2050,4,2874
13,2050,5,2944
13,2050,6,3012
13,2050,7,3074
13,2050,8,3130
13,2050,9,3180
13,2050,10,3216
13,2050,11,3242
13,2050,12,3258
13,2050,13,3265
13,2050,14,3264
13,2050,15,3258
13,2050,16,3246
13,2050,17,3283
13,2050,18,5200
13,2050,19,7216
13,2050,20,7175
13,2050,21,7017
13,2050,22,6446
13,2050,23,5309
13,2050,24,4632
13,2050,25,4193
13,2050,26,4127
13,2050,27,4219
13,2050,28,4232
13,2050,29,4271
13,2050,30,4209
13,2050,31,4097
13,2050,32,4044
13,2050,33,4016
13,2050,34,4195
13,2050,35,4375
13,2050,36,4512
13,2050,37,4513
13,2050,38,4560
13,2050,39,4637
13,2050,40,4797
13,2050,41,4705
13,2050,42,4945
13,2050,43,4895
13,2050,44,4769
13,2050,45,4903
13,2050,46,4784
13,2050,47,4898
13,2050,48,5174
13,2050,49,4595
13,2050,50,4622
13,2050,51,4264
13,2050,52,4061
13,2050,53,3731
13,2050,54,3829
13,2050,55,3749
13,2050,56,4247
13,2050,57,3935
13,2050,58,4118
13,2050,59,4274
13,2050,60,3609
13,2050,61,3601
13,2050,62,4114
13,2050,63,4226
13,2050,64,4374
13,2050,65,4676
13,2050,66,3796
13,2050,67,4082
13,2050,68,4013
13,2050,69,3874
13,2050,70,4075
13,2050,71,3521
13,2050,72,3758
13,2050,73,3739
13,2050,74,3548
13,2050,75,3758
13,2050,76,3027
13,2050,77,3293
13,2050,78,3275
13,2050,79,3220
13,2050,80,3526
13,2050,81,2830
13,2050,82,2643
13,2050,83,2589
13,2050,84,2316
13,2050,85,2453
13,2050,86,2030
13,2050,87,2068
13,2050,88,1899
13,2050,89,1738
13,2050,90,1678
13,2050,91,1316
13,2050,92,1237
13,2050,93,1094
13,2050,94,941
13,2050,95,831
13,2050,96,632
13,2050,97,554
13,2050,98,431
13,2050,99,337
13,2050,100,649
13,2051,0,2567
13,2051,1,2626
13,2051,2,2691
13,2051,3,2761
13,2051,4,2832
13,2051,5,2904
13,2051,6,2974
13,2051,7,3040
13,2051,8,3101
13,2051,9,3155
13,2051,10,3203
13,2051,11,3237
13,2051,12,3262
13,2051,13,3277
13,2051,14,3284
13,2051,15,3286
13,2051,16,3282
13,2051,17,3324
13,2051,18,5245
13,2051,19,7257
13,2051,20,7203
13,2051,21,7026
13,2051,22,6443
13,2051,23,5293
13,2051,24,4645
13,2051,25,4181
13,2051,26,4152
13,2051,27,4121
13,2051,28,4165
13,2051,29,4229
13,2051,30,4161
13,2051,31,4122
13,2051,32,3998
13,2051,33,3982
13,2051,34,4009
13,2051,35,4211
13,2051,36,4361
13,2051,37,4519
13,2051,38,4532
13,2051,39,4583
13,2051,40,4646
13,2051,41,4775
13,2051,42,4721
13,2051,43,4961
13,2051,44,4908
13,2051,45,4780
13,2051,46,4911
13,2051,47,4790
13,2051,48,4901
13,2051,49,5175
13,2051,50,4595
13,2051,51,4623
13,2051,52,4270
13,2051,53,4070
13,2051,54,3743
13,2051,55,3840
13,2051,56,3756
13,2051,57,4247
13,2051,58,3932
13,2051,59,4110
13,2051,60,4259
13,2051,61,3595
13,2051,62,3584
13,2051,63,4089
13,2051,64,4196
13,2051,65,4340
13,2051,66,4633
13,2051,67,3759
13,2051,68,4036
13,2051,69,3966
13,2051,70,3826
13,2051,71,4022
13,2051,72,3473
13,2051,73,3704
13,2051,74,3684
13,2051,75,3491
13,2051,76,3694
13,2051,77,2972
13,2051,78,3226
13,2051,79,3201
13,2051,80,3139
13,2051,81,3425
13,2051,82,2740
13,2051,83,2548
13,2051,84,2485
13,2051,85,2209
13,2051,86,2323
13,2051,87,1908
13,2051,88,1928
13,2051,89,1756
13,2051,90,1594
13,2051,91,1523
13,2051,92,1182
13,2051,93,1098
13,2051,94,960
13,2051,95,815
13,2051,96,710
13,2051,97,532
13,2051,98,458
13,2051,99,352
13,2051,100,684
13,2052,0,2532
13,2052,1,2590
13,2052,2,2653
13,2052,3,2720
13,2052,4,2790
13,2052,5,2862
13,2052,6,2933
13,2052,7,3002
13,2052,8,3067
13,2052,9,3126
13,2052,10,3178
13,2052,11,3224
13,2052,12,3257
13,2052,13,3281
13,2052,14,3297
13,2052,15,3306
13,2052,16,3310
13,2052,17,3359
13,2052,18,5286
13,2052,19,7302
13,2052,20,7243
13,2052,21,7054
13,2052,22,6452
13,2052,23,5291
13,2052,24,4629
13,2052,25,4194
13,2052,26,4139
13,2052,27,4147
13,2052,28,4067
13,2052,29,4162
13,2052,30,4120
13,2052,31,4075
13,2052,32,4023
13,2052,33,3936
13,2052,34,3975
13,2052,35,4027
13,2052,36,4198
13,2052,37,4368
13,2052,38,4538
13,2052,39,4555
13,2052,40,4592
13,2052,41,4625
13,2052,42,4791
13,2052,43,4737
13,2052,44,4974
13,2052,45,4919
13,2052,46,4788
13,2052,47,4916
13,2052,48,4794
13,2052,49,4903
13,2052,50,5173
13,2052,51,4597
13,2052,52,4628
13,2052,53,4278
13,2052,54,4081
13,2052,55,3755
13,2052,56,3847
13,2052,57,3758
13,2052,58,4243
13,2052,59,3924
13,2052,60,4096
13,2052,61,4241
13,2052,62,3578
13,2052,63,3564
13,2052,64,4061
13,2052,65,4163
13,2052,66,4303
13,2052,67,4587
13,2052,68,3717
13,2052,69,3989
13,2052,70,3918
13,2052,71,3777
13,2052,72,3968
13,2052,73,3424
13,2052,74,3649
13,2052,75,3626
13,2052,76,3432
13,2052,77,3626
13,2052,78,2913
13,2052,79,3153
13,2052,80,3120
13,2052,81,3050
13,2052,82,3317
13,2052,83,2642
13,2052,84,2446
13,2052,85,2371
13,2052,86,2093
13,2052,87,2185
13,2052,88,1780
13,2052,89,1784
13,2052,90,1611
13,2052,91,1449
13,2052,92,1369
13,2052,93,1050
13,2052,94,965
13,2052,95,833
13,2052,96,698
13,2052,97,599
13,2052,98,441
13,2052,99,374
13,2052,100,719
13,2053,0,2499
13,2053,1,2555
13,2053,2,2617
13,2053,3,2682
13,2053,4,2750
13,2053,5,2820
13,2053,6,2891
13,2053,7,2962
13,2053,8,3029
13,2053,9,3092
13,2053,10,3149
13,2053,11,3199
13,2053,12,3244
13,2053,13,3276
13,2053,14,3300
13,2053,15,3318
13,2053,16,3330
13,2053,17,3387
13,2053,18,5321
13,2053,19,7343
13,2053,20,7288
13,2053,21,7094
13,2053,22,6479
13,2053,23,5299
13,2053,24,4626
13,2053,25,4178
13,2053,26,4153
13,2053,27,4134
13,2053,28,4092
13,2053,29,4064
13,2053,30,4053
13,2053,31,4035
13,2053,32,3977
13,2053,33,3960
13,2053,34,3930
13,2053,35,3992
13,2053,36,4014
13,2053,37,4206
13,2053,38,4388
13,2053,39,4561
13,2053,40,4564
13,2053,41,4571
13,2053,42,4641
13,2053,43,4808
13,2053,44,4751
13,2053,45,4984
13,2053,46,4927
13,2053,47,4794
13,2053,48,4920
13,2053,49,4795
13,2053,50,4902
13,2053,51,5174
13,2053,52,4601
13,2053,53,4636
13,2053,54,4289
13,2053,55,4091
13,2053,56,3762
13,2053,57,3850
13,2053,58,3757
13,2053,59,4233
13,2053,60,3912
13,2053,61,4080
13,2053,62,4219
13,2053,63,3558
13,2053,64,3541
13,2053,65,4030
13,2053,66,4127
13,2053,67,4262
13,2053,68,4536
13,2053,69,3675
13,2053,70,3941
13,2053,71,3869
13,2053,72,3726
13,2053,73,3912
13,2053,74,3373
13,2053,75,3592
13,2053,76,3566
13,2053,77,3370
13,2053,78,3553
13,2053,79,2848
13,2053,80,3075
13,2053,81,3032
13,2053,82,2954
13,2053,83,3200
13,2053,84,2538
13,2053,85,2334
13,2053,86,2248
13,2053,87,1969
13,2053,88,2040
13,2053,89,1648
13,2053,90,1638
13,2053,91,1465
13,2053,92,1304
13,2053,93,1217
13,2053,94,923
13,2053,95,839
13,2053,96,714
13,2053,97,590
13,2053,98,497
13,2053,99,361
13,2053,100,761
13,2054,0,2470
13,2054,1,2522
13,2054,2,2581
13,2054,3,2646
13,2054,4,2712
13,2054,5,2780
13,2054,6,2849
13,2054,7,2919
13,2054,8,2988
13,2054,9,3054
13,2054,10,3115
13,2054,11,3170
13,2054,12,3218
13,2054,13,3263
13,2054,14,3295
13,2054,15,3322
13,2054,16,3342
13,2054,17,3407
13,2054,18,5349
13,2054,19,7377
13,2054,20,7328
13,2054,21,7139
13,2054,22,6520
13,2054,23,5327
13,2054,24,4635
13,2054,25,4175
13,2054,26,4137
13,2054,27,4147
13,2054,28,4080
13,2054,29,4090
13,2054,30,3956
13,2054,31,3969
13,2054,32,3938
13,2054,33,3915
13,2054,34,3954
13,2054,35,3948
13,2054,36,3980
13,2054,37,4022
13,2054,38,4225
13,2054,39,4411
13,2054,40,4570
13,2054,41,4543
13,2054,42,4587
13,2054,43,4657
13,2054,44,4821
13,2054,45,4762
13,2054,46,4992
13,2054,47,4933
13,2054,48,4798
13,2054,49,4921
13,2054,50,4795
13,2054,51,4903
13,2054,52,5177
13,2054,53,4610
13,2054,54,4645
13,2054,55,4299
13,2054,56,4098
13,2054,57,3765
13,2054,58,3848
13,2054,59,3751
13,2054,60,4220
13,2054,61,3897
13,2054,62,4059
13,2054,63,4195
13,2054,64,3536
13,2054,65,3515
13,2054,66,3996
13,2054,67,4087
13,2054,68,4216
13,2054,69,4483
13,2054,70,3631
13,2054,71,3891
13,2054,72,3818
13,2054,73,3674
13,2054,74,3855
13,2054,75,3321
13,2054,76,3533
13,2054,77,3503
13,2054,78,3304
13,2054,79,3474
13,2054,80,2779
13,2054,81,2990
13,2054,82,2938
13,2054,83,2852
13,2054,84,3074
13,2054,85,2423
13,2054,86,2213
13,2054,87,2115
13,2054,88,1839
13,2054,89,1890
13,2054,90,1515
13,2054,91,1491
13,2054,92,1319
13,2054,93,1162
13,2054,94,1071
13,2054,95,803
13,2054,96,720
13,2054,97,604
13,2054,98,491
13,2054,99,407
13,2054,100,778
13,2055,0,2445
13,2055,1,2493
13,2055,2,2549
13,2055,3,2610
13,2055,4,2675
13,2055,5,2741
13,2055,6,2809
13,2055,7,2878
13,2055,8,2946
13,2055,9,3013
13,2055,10,3076
13,2055,11,3136
13,2055,12,3190
13,2055,13,3238
13,2055,14,3282
13,2055,15,3316
13,2055,16,3345
13,2055,17,3419
13,2055,18,5369
13,2055,19,7405
13,2055,20,7363
13,2055,21,7179
13,2055,22,6564
13,2055,23,5367
13,2055,24,4662
13,2055,25,4183
13,2055,26,4134
13,2055,27,4131
13,2055,28,4093
13,2055,29,4077
13,2055,30,3981
13,2055,31,3874
13,2055,32,3874
13,2055,33,3876
13,2055,34,3909
13,2055,35,3971
13,2055,36,3935
13,2055,37,3988
13,2055,38,4042
13,2055,39,4249
13,2055,40,4420
13,2055,41,4549
13,2055,42,4560
13,2055,43,4604
13,2055,44,4671
13,2055,45,4832
13,2055,46,4770
13,2055,47,4998
13,2055,48,4936
13,2055,49,4800
13,2055,50,4921
13,2055,51,4796
13,2055,52,4907
13,2055,53,5184
13,2055,54,4619
13,2055,55,4654
13,2055,56,4304
13,2055,57,4099
13,2055,58,3764
13,2055,59,3841
13,2055,60,3741
13,2055,61,4202
13,2055,62,3878
13,2055,63,4036
13,2055,64,4167
13,2055,65,3510
13,2055,66,3486
13,2055,67,3957
13,2055,68,4042
13,2055,69,4169
13,2055,70,4429
13,2055,71,3585
13,2055,72,3840
13,2055,73,3765
13,2055,74,3621
13,2055,75,3796
13,2055,76,3267
13,2055,77,3471
13,2055,78,3435
13,2055,79,3231
13,2055,80,3389
13,2055,81,2703
13,2055,82,2898
13,2055,83,2836
13,2055,84,2741
13,2055,85,2937
13,2055,86,2299
13,2055,87,2083
13,2055,88,1977
13,2055,89,1705
13,2055,90,1738
13,2055,91,1379
13,2055,92,1344
13,2055,93,1175
13,2055,94,1024
13,2055,95,932
13,2055,96,690
13,2055,97,610
13,2055,98,503
13,2055,99,403
13,2055,100,828
13,2056,0,2423
13,2056,1,2467
13,2056,2,2520
13,2056,3,2578
13,2056,4,2640
13,2056,5,2705
13,2056,6,2771
13,2056,7,2837
13,2056,8,2904
13,2056,9,2971
13,2056,10,3036
13,2056,11,3097
13,2056,12,3155
13,2056,13,3209
13,2056,14,3257
13,2056,15,3303
13,2056,16,3340
13,2056,17,3422
13,2056,18,5381
13,2056,19,7424
13,2056,20,7390
13,2056,21,7214
13,2056,22,6604
13,2056,23,5411
13,2056,24,4702
13,2056,25,4211
13,2056,26,4142
13,2056,27,4128
13,2056,28,4076
13,2056,29,4090
13,2056,30,3968
13,2056,31,3899
13,2056,32,3782
13,2056,33,3814
13,2056,34,3870
13,2056,35,3927
13,2056,36,3958
13,2056,37,3943
13,2056,38,4008
13,2056,39,4066
13,2056,40,4258
13,2056,41,4400
13,2056,42,4566
13,2056,43,4576
13,2056,44,4618
13,2056,45,4682
13,2056,46,4840
13,2056,47,4776
13,2056,48,5002
13,2056,49,4938
13,2056,50,4800
13,2056,51,4922
13,2056,52,4801
13,2056,53,4915
13,2056,54,5192
13,2056,55,4628
13,2056,56,4658
13,2056,57,4305
13,2056,58,4096
13,2056,59,3758
13,2056,60,3831
13,2056,61,3727
13,2056,62,4182
13,2056,63,3856
13,2056,64,4010
13,2056,65,4136
13,2056,66,3481
13,2056,67,3454
13,2056,68,3915
13,2056,69,3997
13,2056,70,4120
13,2056,71,4373
13,2056,72,3538
13,2056,73,3787
13,2056,74,3712
13,2056,75,3566
13,2056,76,3735
13,2056,77,3210
13,2056,78,3404
13,2056,79,3361
13,2056,80,3153
13,2056,81,3297
13,2056,82,2621
13,2056,83,2799
13,2056,84,2727
13,2056,85,2620
13,2056,86,2788
13,2056,87,2166
13,2056,88,1947
13,2056,89,1834
13,2056,90,1569
13,2056,91,1584
13,2056,92,1244
13,2056,93,1199
13,2056,94,1037
13,2056,95,893
13,2056,96,802
13,2056,97,584
13,2056,98,509
13,2056,99,414
13,2056,100,859
13,2057,0,2404
13,2057,1,2446
13,2057,2,2494
13,2057,3,2548
13,2057,4,2607
13,2057,5,2669
13,2057,6,2734
13,2057,7,2799
13,2057,8,2864
13,2057,9,2929
13,2057,10,2993
13,2057,11,3057
13,2057,12,3117
13,2057,13,3174
13,2057,14,3228
13,2057,15,3278
13,2057,16,3327
13,2057,17,3417
13,2057,18,5384
13,2057,19,7436
13,2057,20,7410
13,2057,21,7241
13,2057,22,6638
13,2057,23,5451
13,2057,24,4747
13,2057,25,4251
13,2057,26,4169
13,2057,27,4136
13,2057,28,4073
13,2057,29,4074
13,2057,30,3981
13,2057,31,3886
13,2057,32,3806
13,2057,33,3722
13,2057,34,3808
13,2057,35,3888
13,2057,36,3914
13,2057,37,3967
13,2057,38,3963
13,2057,39,4032
13,2057,40,4076
13,2057,41,4238
13,2057,42,4416
13,2057,43,4582
13,2057,44,4590
13,2057,45,4629
13,2057,46,4691
13,2057,47,4846
13,2057,48,4780
13,2057,49,5003
13,2057,50,4938
13,2057,51,4801
13,2057,52,4927
13,2057,53,4809
13,2057,54,4924
13,2057,55,5199
13,2057,56,4633
13,2057,57,4657
13,2057,58,4301
13,2057,59,4089
13,2057,60,3749
13,2057,61,3817
13,2057,62,3711
13,2057,63,4158
13,2057,64,3832
13,2057,65,3981
13,2057,66,4102
13,2057,67,3449
13,2057,68,3417
13,2057,69,3871
13,2057,70,3949
13,2057,71,4071
13,2057,72,4316
13,2057,73,3490
13,2057,74,3733
13,2057,75,3657
13,2057,76,3509
13,2057,77,3670
13,2057,78,3149
13,2057,79,3332
13,2057,80,3282
13,2057,81,3068
13,2057,82,3197
13,2057,83,2533
13,2057,84,2692
13,2057,85,2607
13,2057,86,2487
13,2057,87,2627
13,2057,88,2026
13,2057,89,1806
13,2057,90,1688
13,2057,91,1431
13,2057,92,1430
13,2057,93,1111
13,2057,94,1058
13,2057,95,905
13,2057,96,770
13,2057,97,681
13,2057,98,488
13,2057,99,419
13,2057,100,889
13,2058,0,2390
13,2058,1,2428
13,2058,2,2472
13,2058,3,2523
13,2058,4,2578
13,2058,5,2637
13,2058,6,2698
13,2058,7,2762
13,2058,8,2825
13,2058,9,2888
13,2058,10,2951
13,2058,11,3014
13,2058,12,3076
13,2058,13,3136
13,2058,14,3193
13,2058,15,3249
13,2058,16,3302
13,2058,17,3404
13,2058,18,5379
13,2058,19,7440
13,2058,20,7421
13,2058,21,7260
13,2058,22,6666
13,2058,23,5486
13,2058,24,4787
13,2058,25,4295
13,2058,26,4209
13,2058,27,4163
13,2058,28,4082
13,2058,29,4071
13,2058,30,3965
13,2058,31,3899
13,2058,32,3794
13,2058,33,3746
13,2058,34,3717
13,2058,35,3826
13,2058,36,3876
13,2058,37,3923
13,2058,38,3987
13,2058,39,3987
13,2058,40,4042
13,2058,41,4056
13,2058,42,4255
13,2058,43,4433
13,2058,44,4596
13,2058,45,4602
13,2058,46,4637
13,2058,47,4697
13,2058,48,4850
13,2058,49,4782
13,2058,50,5003
13,2058,51,4939
13,2058,52,4806
13,2058,53,4935
13,2058,54,4818
13,2058,55,4932
13,2058,56,5202
13,2058,57,4633
13,2058,58,4651
13,2058,59,4293
13,2058,60,4078
13,2058,61,3736
13,2058,62,3800
13,2058,63,3692
13,2058,64,4132
13,2058,65,3804
13,2058,66,3948
13,2058,67,4064
13,2058,68,3413
13,2058,69,3379
13,2058,70,3825
13,2058,71,3901
13,2058,72,4019
13,2058,73,4256
13,2058,74,3441
13,2058,75,3677
13,2058,76,3599
13,2058,77,3448
13,2058,78,3601
13,2058,79,3082
13,2058,80,3253
13,2058,81,3195
13,2058,82,2976
13,2058,83,3089
13,2058,84,2437
13,2058,85,2575
13,2058,86,2475
13,2058,87,2345
13,2058,88,2459
13,2058,89,1881
13,2058,90,1663
13,2058,91,1541
13,2058,92,1293
13,2058,93,1278
13,2058,94,982
13,2058,95,925
13,2058,96,781
13,2058,97,655
13,2058,98,569
13,2058,99,403
13,2058,100,915
13,2059,0,2380
13,2059,1,2413
13,2059,2,2454
13,2059,3,2501
13,2059,4,2552
13,2059,5,2607
13,2059,6,2666
13,2059,7,2726
13,2059,8,2789
13,2059,9,2850
13,2059,10,2911
13,2059,11,2973
13,2059,12,3034
13,2059,13,3095
13,2059,14,3155
13,2059,15,3215
13,2059,16,3273
13,2059,17,3379
13,2059,18,5366
13,2059,19,7434
13,2059,20,7425
13,2059,21,7272
13,2059,22,6685
13,2059,23,5513
13,2059,24,4821
13,2059,25,4335
13,2059,26,4254
13,2059,27,4203
13,2059,28,4109
13,2059,29,4079
13,2059,30,3962
13,2059,31,3883
13,2059,32,3806
13,2059,33,3734
13,2059,34,3741
13,2059,35,3736
13,2059,36,3814
13,2059,37,3884
13,2059,38,3943
13,2059,39,4011
13,2059,40,3997
13,2059,41,4022
13,2059,42,4073
13,2059,43,4272
13,2059,44,4447
13,2059,45,4607
13,2059,46,4610
13,2059,47,4644
13,2059,48,4701
13,2059,49,4852
13,2059,50,4783
13,2059,51,5005
13,2059,52,4944
13,2059,53,4814
13,2059,54,4944
13,2059,55,4827
13,2059,56,4936
13,2059,57,5199
13,2059,58,4628
13,2059,59,4641
13,2059,60,4281
13,2059,61,4063
13,2059,62,3720
13,2059,63,3781
13,2059,64,3670
13,2059,65,4102
13,2059,66,3773
13,2059,67,3912
13,2059,68,4021
13,2059,69,3375
13,2059,70,3340
13,2059,71,3779
13,2059,72,3851
13,2059,73,3966
13,2059,74,4196
13,2059,75,3390
13,2059,76,3620
13,2059,77,3538
13,2059,78,3383
13,2059,79,3525
13,2059,80,3010
13,2059,81,3168
13,2059,82,3101
13,2059,83,2877
13,2059,84,2973
13,2059,85,2333
13,2059,86,2446
13,2059,87,2334
13,2059,88,2196
13,2059,89,2284
13,2059,90,1733
13,2059,91,1519
13,2059,92,1393
13,2059,93,1157
13,2059,94,1131
13,2059,95,859
13,2059,96,799
13,2059,97,664
13,2059,98,549
13,2059,99,470
13,2059,100,919
13,2060,0,2373
13,2060,1,2403
13,2060,2,2440
13,2060,3,2483
13,2060,4,2531
13,2060,5,2582
13,2060,6,2637
13,2060,7,2694
13,2060,8,2753
13,2060,9,2813
13,2060,10,2873
13,2060,11,2932
13,2060,12,2992
13,2060,13,3053
13,2060,14,3114
13,2060,15,3176
13,2060,16,3238
13,2060,17,3350
13,2060,18,5341
13,2060,19,7421
13,2060,20,7420
13,2060,21,7276
13,2060,22,6697
13,2060,23,5532
13,2060,24,4848
13,2060,25,4369
13,2060,26,4294
13,2060,27,4248
13,2060,28,4149
13,2060,29,4106
13,2060,30,3970
13,2060,31,3880
13,2060,32,3791
13,2060,33,3746
13,2060,34,3729
13,2060,35,3760
13,2060,36,3725
13,2060,37,3823
13,2060,38,3904
13,2060,39,3967
13,2060,40,4021
13,2060,41,3977
13,2060,42,4039
13,2060,43,4090
13,2060,44,4287
13,2060,45,4459
13,2060,46,4616
13,2060,47,4617
13,2060,48,4648
13,2060,49,4704
13,2060,50,4853
13,2060,51,4785
13,2060,52,5009
13,2060,53,4952
13,2060,54,4824
13,2060,55,4952
13,2060,56,4832
13,2060,57,4935
13,2060,58,5192
13,2060,59,4618
13,2060,60,4627
13,2060,61,4265
13,2060,62,4045
13,2060,63,3701
13,2060,64,3758
13,2060,65,3645
13,2060,66,4069
13,2060,67,3739
13,2060,68,3871
13,2060,69,3977
13,2060,70,3337
13,2060,71,3300
13,2060,72,3731
13,2060,73,3799
13,2060,74,3913
13,2060,75,4134
13,2060,76,3338
13,2060,77,3559
13,2060,78,3473
13,2060,79,3313
13,2060,80,3444
13,2060,81,2931
13,2060,82,3075
13,2060,83,2999
13,2060,84,2770
13,2060,85,2845
13,2060,86,2218
13,2060,87,2308
13,2060,88,2186
13,2060,89,2041
13,2060,90,2106
13,2060,91,1584
13,2060,92,1374
13,2060,93,1247
13,2060,94,1025
13,2060,95,990
13,2060,96,743
13,2060,97,681
13,2060,98,558
13,2060,99,455
13,2060,100,978
14,1990,0,0
14,1990,1,0
14,1990,2,0
14,1990,3,0
14,1990,4,0
14,1990,5,0
14,1990,6,0
14,1990,7,0
14,1990,8,0
14,1990,9,0
14,1990,10,0
14,1990,11,0
14,1990,12,0
14,1990,13,0
14,1990,14,0
14,1990,15,0
14,1990,16,0
14,1990,17,0
14,1990,18,0
14,1990,19,0
14,1990,20,0
14,1990,21,0
14,1990,22,0
14,1990,23,0
14,1990,24,0
14,1990,25,0
14,1990,26,0
14,1990,27,0
14,1990,28,0
14,1990,29,0
14,1990,30,0
14,1990,31,0
14,1990,32,0
14,1990,33,0
14,1990,34,0
14,1990,35,0
14,1990,36,0
14,1990,37,0
14,1990,38,0
14,1990,39,0
14,1990,40,0
14,1990,41,0
14,1990,42,0
14,1990,43,0
14,1990,44,0
14,1990,45,0
14,1990,46,0
14,1990,47,0
14,1990,48,0
14,1990,49,0
14,1990,50,0
14,1990,51,0
14,1990,52,0
14,1990,53,0
14,1990,54,0
14,1990,55,0
14,1990,56,0
14,1990,57,0
14,1990,58,0
14,1990,59,0
14,1990,60,0
14,1990,61,0
14,1990,62,0
14,1990,63,0
14,1990,64,0
14,1990,65,0
14,1990,66,0
14,1990,67,0
14,1990,68,0
14,1990,69,0
14,1990,70,0
14,1990,71,0
14,1990,72,0
14,1990,73,0
14,1990,74,0
14,1990,75,0
14,1990,76,0
14,1990,77,0
14,1990,78,0
14,1990,79,0
14,1990,80,0
14,1990,81,0
14,1990,82,0
14,1990,83,0
14,1990,84,0
14,1990,85,0
14,1990,86,0
14,1990,87,0
14,1990,88,0
14,1990,89,0
14,1990,90,0
14,1991,0,0
14,1991,1,0
14,1991,2,0
14,1991,3,0
14,1991,4,0
14,1991,5,0
14,1991,6,0
14,1991,7,0
14,1991,8,0
14,1991,9,0
14,1991,10,0
14,1991,11,0
14,1991,12,0
14,1991,13,0
14,1991,14,0
14,1991,15,0
14,1991,16,0
14,1991,17,0
14,1991,18,0
14,1991,19,0
14,1991,20,0
14,1991,21,0
14,1991,22,0
14,1991,23,0
14,1991,24,0
14,1991,25,0
14,1991,26,0
14,1991,27,0
14,1991,28,0
14,1991,29,0
14,1991,30,0
14,1991,31,0
14,1991,32,0
14,1991,33,0
14,1991,34,0
14,1991,35,0
14,1991,36,0
14,1991,37,0
14,1991,38,0
14,1991,39,0
14,1991,40,0
14,1991,41,0
14,1991,42,0
14,1991,43,0
14,1991,44,0
14,1991,45,0
14,1991,46,0
14,1991,47,0
14,1991,48,0
14,1991,49,0
14,1991,50,0
14,1991,51,0
14,1991,52,0
14,1991,53,0
14,1991,54,0
14,1991,55,0
14,1991,56,0
14,1991,57,0
14,1991,58,0
14,1991,59,0
14,1991,60,0
14,1991,61,0
14,1991,62,0
14,1991,63,0
14,1991,64,0
14,1991,65,0
14,1991,66,0
14,1991,67,0
14,1991,68,0
14,1991,69,0
14,1991,70,0
14,1991,71,0
14,1991,72,0
14,1991,73,0
14,1991,74,0
14,1991,75,0
14,1991,76,0
14,1991,77,0
14,1991,78,0
14,1991,79,0
14,1991,80,0
14,1991,81,0
14,1991,82,0
14,1991,83,0
14,1991,84,0
14,1991,85,0
14,1991,86,0
14,1991,87,0
14,1991,88,0
14,1991,89,0
14,1991,90,0
14,1992,0,0
14,1992,1,0
14,1992,2,0
14,1992,3,0
14,1992,4,0
14,1992,5,0
14,1992,6,0
14,1992,7,0
14,1992,8,0
14,1992,9,0
14,1992,10,0
14,1992,11,0
14,1992,12,0
14,1992,13,0
14,1992,14,0
14,1992,15,0
14,1992,16,0
14,1992,17,0
14,1992,18,0
14,1992,19,0
14,1992,20,0
14,1992,21,0
14,1992,22,0
14,1992,23,0
14,1992,24,0
14,1992,25,0
14,1992,26,0
14,1992,27,0
14,1992,28,0
14,1992,29,0
14,1992,30,0
14,1992,31,0
14,1992,32,0
14,1992,33,0
14,1992,34,0
14,1992,35,0
14,1992,36,0
14,1992,37,0
14,1992,38,0
14,1992,39,0
14,1992,40,0
14,1992,41,0
14,1992,42,0
14,1992,43,0
14,1992,44,0
14,1992,45,0
14,1992,46,0
14,1992,47,0
14,1992,48,0
14,1992,49,0
14,1992,50,0
14,1992,51,0
14,1992,52,0
14,1992,53,0
14,1992,54,0
14,1992,55,0
14,1992,56,0
14,1992,57,0
14,1992,58,0
14,1992,59,0
14,1992,60,0
14,1992,61,0
14,1992,62,0
14,1992,63,0
14,1992,64,0
14,1992,65,0
14,1992,66,0
14,1992,67,0
14,1992,68,0
14,1992,69,0
14,1992,70,0
14,1992,71,0
14,1992,72,0
14,1992,73,0
14,1992,74,0
14,1992,75,0
14,1992,76,0
14,1992,77,0
14,1992,78,0
14,1992,79,0
14,1992,80,0
14,1992,81,0
14,1992,82,0
14,1992,83,0
14,1992,84,0
14,1992,85,0
14,1992,86,0
14,1992,87,0
14,1992,88,0
14,1992,89,0
14,1992,90,0
14,1993,0,0
14,1993,1,0
14,1993,2,0
14,1993,3,0
14,1993,4,0
14,1993,5,0
14,1993,6,0
14,1993,7,0
14,1993,8,0
14,1993,9,0
14,1993,10,0
14,1993,11,0
14,1993,12,0
14,1993,13,0
14,1993,14,0
14,1993,15,0
14,1993,16,0
14,1993,17,0
14,1993,18,0
14,1993,19,0
14,1993,20,0
14,1993,21,0
14,1993,22,0
14,1993,23,0
14,1993,24,0
14,1993,25,0
14,1993,26,0
14,1993,27,0
14,1993,28,0
14,1993,29,0
14,1993,30,0
14,1993,31,0
14,1993,32,0
14,1993,33,0
14,1993,34,0
14,1993,35,0
14,1993,36,0
14,1993,37,0
14,1993,38,0
14,1993,39,0
14,1993,40,0
14,1993,41,0
14,1993,42,0
14,1993,43,0
14,1993,44,0
14,1993,45,0
14,1993,46,0
14,1993,47,0
14,1993,48,0
14,1993,49,0
14,1993,50,0
14,1993,51,0
14,1993,52,0
14,1993,53,0
14,1993,54,0
14,1993,55,0
14,1993,56,0
14,1993,57,0
14,1993,58,0
14,1993,59,0
14,1993,60,0
14,1993,61,0
14,1993,62,0
14,1993,63,0
14,1993,64,0
14,1993,65,0
14,1993,66,0
14,1993,67,0
14,1993,68,0
14,1993,69,0
14,1993,70,0
14,1993,71,0
14,1993,72,0
14,1993,73,0
14,1993,74,0
14,1993,75,0
14,1993,76,0
14,1993,77,0
14,1993,78,0
14,1993,79,0
14,1993,80,0
14,1993,81,0
14,1993,82,0
14,1993,83,0
14,1993,84,0
14,1993,85,0
14,1993,86,0
14,1993,87,0
14,1993,88,0
14,1993,89,0
14,1993,90,0
14,1994,0,0
14,1994,1,0
14,1994,2,0
14,1994,3,0
14,1994,4,0
14,1994,5,0
14,1994,6,0
14,1994,7,0
14,1994,8,0
14,1994,9,0
14,1994,10,0
14,1994,11,0
14,1994,12,0
14,1994,13,0
14,1994,14,0
14,1994,15,0
14,1994,16,0
14,1994,17,0
14,1994,18,0
14,1994,19,0
14,1994,20,0
14,1994,21,0
14,1994,22,0
14,1994,23,0
14,1994,24,0
14,1994,25,0
14,1994,26,0
14,1994,27,0
14,1994,28,0
14,1994,29,0
14,1994,30,0
14,1994,31,0
14,1994,32,0
14,1994,33,0
14,1994,34,0
14,1994,35,0
14,1994,36,0
14,1994,37,0
14,1994,38,0
14,1994,39,0
14,1994,40,0
14,1994,41,0
14,1994,42,0
14,1994,43,0
14,1994,44,0
14,1994,45,0
14,1994,46,0
14,1994,47,0
14,1994,48,0
14,1994,49,0
14,1994,50,0
14,1994,51,0
14,1994,52,0
14,1994,53,0
14,1994,54,0
14,1994,55,0
14,1994,56,0
14,1994,57,0
14,1994,58,0
14,1994,59,0
14,1994,60,0
14,1994,61,0
14,1994,62,0
14,1994,63,0
14,1994,64,0
14,1994,65,0
14,1994,66,0
14,1994,67,0
14,1994,68,0
14,1994,69,0
14,1994,70,0
14,1994,71,0
14,1994,72,0
14,1994,73,0
14,1994,74,0
14,1994,75,0
14,1994,76,0
14,1994,77,0
14,1994,78,0
14,1994,79,0
14,1994,80,0
14,1994,81,0
14,1994,82,0
14,1994,83,0
14,1994,84,0
14,1994,85,0
14,1994,86,0
14,1994,87,0
14,1994,88,0
14,1994,89,0
14,1994,90,0
14,1995,0,0
14,1995,1,0
14,1995,2,0
14,1995,3,0
14,1995,4,0
14,1995,5,0
14,1995,6,0
14,1995,7,0
14,1995,8,0
14,1995,9,0
14,1995,10,0
14,1995,11,0
14,1995,12,0
14,1995,13,0
14,1995,14,0
14,1995,15,0
14,1995,16,0
14,1995,17,0
14,1995,18,0
14,1995,19,0
14,1995,20,0
14,1995,21,0
14,1995,22,0
14,1995,23,0
14,1995,24,0
14,1995,25,0
14,1995,26,0
14,1995,27,0
14,1995,28,0
14,1995,29,0
14,1995,30,0
14,1995,31,0
14,1995,32,0
14,1995,33,0
14,1995,34,0
14,1995,35,0
14,1995,36,0
14,1995,37,0
14,1995,38,0
14,1995,39,0
14,1995,40,0
14,1995,41,0
14,1995,42,0
14,1995,43,0
14,1995,44,0
14,1995,45,0
14,1995,46,0
14,1995,47,0
14,1995,48,0
14,1995,49,0
14,1995,50,0
14,1995,51,0
14,1995,52,0
14,1995,53,0
14,1995,54,0
14,1995,55,0
14,1995,56,0
14,1995,57,0
14,1995,58,0
14,1995,59,0
14,1995,60,0
14,1995,61,0
14,1995,62,0
14,1995,63,0
14,1995,64,0
14,1995,65,0
14,1995,66,0
14,1995,67,0
14,1995,68,0
14,1995,69,0
14,1995,70,0
14,1995,71,0
14,1995,72,0
14,1995,73,0
14,1995,74,0
14,1995,75,0
14,1995,76,0
14,1995,77,0
14,1995,78,0
14,1995,79,0
14,1995,80,0
14,1995,81,0
14,1995,82,0
14,1995,83,0
14,1995,84,0
14,1995,85,0
14,1995,86,0
14,1995,87,0
14,1995,88,0
14,1995,89,0
14,1995,90,0
14,1996,0,0
14,1996,1,0
14,1996,2,0
14,1996,3,0
14,1996,4,0
14,1996,5,0
14,1996,6,0
14,1996,7,0
14,1996,8,0
14,1996,9,0
14,1996,10,0
14,1996,11,0
14,1996,12,0
14,1996,13,0
14,1996,14,0
14,1996,15,0
14,1996,16,0
14,1996,17,0
14,1996,18,0
14,1996,19,0
14,1996,20,0
14,1996,21,0
14,1996,22,0
14,1996,23,0
14,1996,24,0
14,1996,25,0
14,1996,26,0
14,1996,27,0
14,1996,28,0
14,1996,29,0
14,1996,30,0
14,1996,31,0
14,1996,32,0
14,1996,33,0
14,1996,34,0
14,1996,35,0
14,1996,36,0
14,1996,37,0
14,1996,38,0
14,1996,39,0
14,1996,40,0
14,1996,41,0
14,1996,42,0
14,1996,43,0
14,1996,44,0
14,1996,45,0
14,1996,46,0
14,1996,47,0
14,1996,48,0
14,1996,49,0
14,1996,50,0
14,1996,51,0
14,1996,52,0
14,1996,53,0
14,1996,54,0
14,1996,55,0
14,1996,56,0
14,1996,57,0
14,1996,58,0
14,1996,59,0
14,1996,60,0
14,1996,61,0
14,1996,62,0
14,1996,63,0
14,1996,64,0
14,1996,65,0
14,1996,66,0
14,1996,67,0
14,1996,68,0
14,1996,69,0
14,1996,70,0
14,1996,71,0
14,1996,72,0
14,1996,73,0
14,1996,74,0
14,1996,75,0
14,1996,76,0
14,1996,77,0
14,1996,78,0
14,1996,79,0
14,1996,80,0
14,1996,81,0
14,1996,82,0
14,1996,83,0
14,1996,84,0
14,1996,85,0
14,1996,86,0
14,1996,87,0
14,1996,88,0
14,1996,89,0
14,1996,90,0
14,1997,0,0
14,1997,1,0
14,1997,2,0
14,1997,3,0
14,1997,4,0
14,1997,5,0
14,1997,6,0
14,1997,7,0
14,1997,8,0
14,1997,9,0
14,1997,10,0
14,1997,11,0
14,1997,12,0
14,1997,13,0
14,1997,14,0
14,1997,15,0
14,1997,16,0
14,1997,17,0
14,1997,18,0
14,1997,19,0
14,1997,20,0
14,1997,21,0
14,1997,22,0
14,1997,23,0
14,1997,24,0
14,1997,25,0
14,1997,26,0
14,1997,27,0
14,1997,28,0
14,1997,29,0
14,1997,30,0
14,1997,31,0
14,1997,32,0
14,1997,33,0
14,1997,34,0
14,1997,35,0
14,1997,36,0
14,1997,37,0
14,1997,38,0
14,1997,39,0
14,1997,40,0
14,1997,41,0
14,1997,42,0
14,1997,43,0
14,1997,44,0
14,1997,45,0
14,1997,46,0
14,1997,47,0
14,1997,48,0
14,1997,49,0
14,1997,50,0
14,1997,51,0
14,1997,52,0
14,1997,53,0
14,1997,54,0
14,1997,55,0
14,1997,56,0
14,1997,57,0
14,1997,58,0
14,1997,59,0
14,1997,60,0
14,1997,61,0
14,1997,62,0
14,1997,63,0
14,1997,64,0
14,1997,65,0
14,1997,66,0
14,1997,67,0
14,1997,68,0
14,1997,69,0
14,1997,70,0
14,1997,71,0
14,1997,72,0
14,1997,73,0
14,1997,74,0
14,1997,75,0
14,1997,76,0
14,1997,77,0
14,1997,78,0
14,1997,79,0
14,1997,80,0
14,1997,81,0
14,1997,82,0
14,1997,83,0
14,1997,84,0
14,1997,85,0
14,1997,86,0
14,1997,87,0
14,1997,88,0
14,1997,89,0
14,1997,90,0
14,1998,0,0
14,1998,1,0
14,1998,2,0
14,1998,3,0
14,1998,4,0
14,1998,5,0
14,1998,6,0
14,1998,7,0
14,1998,8,0
14,1998,9,0
14,1998,10,0
14,1998,11,0
14,1998,12,0
14,1998,13,0
14,1998,14,0
14,1998,15,0
14,1998,16,0
14,1998,17,0
14,1998,18,0
14,1998,19,0
14,1998,20,0
14,1998,21,0
14,1998,22,0
14,1998,23,0
14,1998,24,0
14,1998,25,0
14,1998,26,0
14,1998,27,0
14,1998,28,0
14,1998,29,0
14,1998,30,0
14,1998,31,0
14,1998,32,0
14,1998,33,0
14,1998,34,0
14,1998,35,0
14,1998,36,0
14,1998,37,0
14,1998,38,0
14,1998,39,0
14,1998,40,0
14,1998,41,0
14,1998,42,0
14,1998,43,0
14,1998,44,0
14,1998,45,0
14,1998,46,0
14,1998,47,0
14,1998,48,0
14,1998,49,0
14,1998,50,0
14,1998,51,0
14,1998,52,0
14,1998,53,0
14,1998,54,0
14,1998,55,0
14,1998,56,0
14,1998,57,0
14,1998,58,0
14,1998,59,0
14,1998,60,0
14,1998,61,0
14,1998,62,0
14,1998,63,0
14,1998,64,0
14,1998,65,0
14,1998,66,0
14,1998,67,0
14,1998,68,0
14,1998,69,0
14,1998,70,0
14,1998,71,0
14,1998,72,0
14,1998,73,0
14,1998,74,0
14,1998,75,0
14,1998,76,0
14,1998,77,0
14,1998,78,0
14,1998,79,0
14,1998,80,0
14,1998,81,0
14,1998,82,0
14,1998,83,0
14,1998,84,0
14,1998,85,0
14,1998,86,0
14,1998,87,0
14,1998,88,0
14,1998,89,0
14,1998,90,0
14,1999,0,0
14,1999,1,0
14,1999,2,0
14,1999,3,0
14,1999,4,0
14,1999,5,0
14,1999,6,0
14,1999,7,0
14,1999,8,0
14,1999,9,0
14,1999,10,0
14,1999,11,0
14,1999,12,0
14,1999,13,0
14,1999,14,0
14,1999,15,0
14,1999,16,0
14,1999,17,0
14,1999,18,0
14,1999,19,0
14,1999,20,0
14,1999,21,0
14,1999,22,0
14,1999,23,0
14,1999,24,0
14,1999,25,0
14,1999,26,0
14,1999,27,0
14,1999,28,0
14,1999,29,0
14,1999,30,0
14,1999,31,0
14,1999,32,0
14,1999,33,0
14,1999,34,0
14,1999,35,0
14,1999,36,0
14,1999,37,0
14,1999,38,0
14,1999,39,0
14,1999,40,0
14,1999,41,0
14,1999,42,0
14,1999,43,0
14,1999,44,0
14,1999,45,0
14,1999,46,0
14,1999,47,0
14,1999,48,0
14,1999,49,0
14,1999,50,0
14,1999,51,0
14,1999,52,0
14,1999,53,0
14,1999,54,0
14,1999,55,0
14,1999,56,0
14,1999,57,0
14,1999,58,0
14,1999,59,0
14,1999,60,0
14,1999,61,0
14,1999,62,0
14,1999,63,0
14,1999,64,0
14,1999,65,0
14,1999,66,0
14,1999,67,0
14,1999,68,0
14,1999,69,0
14,1999,70,0
14,1999,71,0
14,1999,72,0
14,1999,73,0
14,1999,74,0
14,1999,75,0
14,1999,76,0
14,1999,77,0
14,1999,78,0
14,1999,79,0
14,1999,80,0
14,1999,81,0
14,1999,82,0
14,1999,83,0
14,1999,84,0
14,1999,85,0
14,1999,86,0
14,1999,87,0
14,1999,88,0
14,1999,89,0
14,1999,90,0
14,2000,0,593
14,2000,1,590
14,2000,2,615
14,2000,3,610
14,2000,4,589
14,2000,5,636
14,2000,6,633
14,2000,7,607
14,2000,8,644
14,2000,9,656
14,2000,10,703
14,2000,11,663
14,2000,12,640
14,2000,13,644
14,2000,14,622
14,2000,15,701
14,2000,16,605
14,2000,17,572
14,2000,18,544
14,2000,19,439
14,2000,20,402
14,2000,21,384
14,2000,22,326
14,2000,23,386
14,2000,24,430
14,2000,25,429
14,2000,26,533
14,2000,27,505
14,2000,28,523
14,2000,29,585
14,2000,30,678
14,2000,31,644
14,2000,32,652
14,2000,33,702
14,2000,34,671
14,2000,35,690
14,2000,36,808
14,2000,37,759
14,2000,38,768
14,2000,39,752
14,2000,40,791
14,2000,41,836
14,2000,42,765
14,2000,43,742
14,2000,44,750
14,2000,45,674
14,2000,46,654
14,2000,47,611
14,2000,48,613
14,2000,49,566
14,2000,50,530
14,2000,51,545
14,2000,52,516
14,2000,53,488
14,2000,54,478
14,2000,55,301
14,2000,56,359
14,2000,57,297
14,2000,58,291
14,2000,59,254
14,2000,60,223
14,2000,61,205
14,2000,62,188
14,2000,63,233
14,2000,64,185
14,2000,65,175
14,2000,66,170
14,2000,67,151
14,2000,68,167
14,2000,69,178
14,2000,70,166
14,2000,71,123
14,2000,72,151
14,2000,73,152
14,2000,74,137
14,2000,75,137
14,2000,76,98
14,2000,77,106
14,2000,78,81
14,2000,79,82
14,2000,80,74
14,2000,81,75
14,2000,82,53
14,2000,83,41
14,2000,84,50
14,2000,85,42
14,2000,86,28
14,2000,87,26
14,2000,88,11
14,2000,89,14
14,2000,90,29
14,2001,0,626
14,2001,1,621
14,2001,2,651
14,2001,3,648
14,2001,4,627
14,2001,5,674
14,2001,6,670
14,2001,7,648
14,2001,8,690
14,2001,9,704
14,2001,10,747
14,2001,11,707
14,2001,12,687
14,2001,13,687
14,2001,14,664
14,2001,15,739
14,2001,16,645
14,2001,17,611
14,2001,18,579
14,2001,19,463
14,2001,20,427
14,2001,21,410
14,2001,22,354
14,2001,23,424
14,2001,24,473
14,2001,25,475
14,2001,26,583
14,2001,27,551
14,2001,28,572
14,2001,29,641
14,2001,30,742
14,2001,31,711
14,2001,32,698
14,2001,33,744
14,2001,34,716
14,2001,35,726
14,2001,36,849
14,2001,37,804
14,2001,38,816
14,2001,39,804
14,2001,40,846
14,2001,41,894
14,2001,42,817
14,2001,43,796
14,2001,44,798
14,2001,45,720
14,2001,46,709
14,2001,47,657
14,2001,48,657
14,2001,49,609
14,2001,50,567
14,2001,51,587
14,2001,52,550
14,2001,53,526
14,2001,54,516
14,2001,55,329
14,2001,56,384
14,2001,57,320
14,2001,58,313
14,2001,59,274
14,2001,60,241
14,2001,61,224
14,2001,62,204
14,2001,63,248
14,2001,64,200
14,2001,65,188
14,2001,66,191
14,2001,67,171
14,2001,68,187
14,2001,69,194
14,2001,70,179
14,2001,71,136
14,2001,72,163
14,2001,73,166
14,2001,74,151
14,2001,75,148
14,2001,76,108
14,2001,77,115
14,2001,78,91
14,2001,79,93
14,2001,80,83
14,2001,81,83
14,2001,82,61
14,2001,83,47
14,2001,84,58
14,2001,85,49
14,2001,86,33
14,2001,87,31
14,2001,88,13
14,2001,89,17
14,2001,90,39
14,2002,0,646
14,2002,1,641
14,2002,2,655
14,2002,3,682
14,2002,4,631
14,2002,5,673
14,2002,6,676
14,2002,7,655
14,2002,8,668
14,2002,9,705
14,2002,10,752
14,2002,11,714
14,2002,12,709
14,2002,13,712
14,2002,14,665
14,2002,15,725
14,2002,16,678
14,2002,17,631
14,2002,18,575
14,2002,19,493
14,2002,20,453
14,2002,21,425
14,2002,22,364
14,2002,23,374
14,2002,24,459
14,2002,25,486
14,2002,26,578
14,2002,27,601
14,2002,28,573
14,2002,29,640
14,2002,30,729
14,2002,31,737
14,2002,32,787
14,2002,33,772
14,2002,34,729
14,2002,35,741
14,2002,36,774
14,2002,37,811
14,2002,38,796
14,2002,39,804
14,2002,40,854
14,2002,41,869
14,2002,42,876
14,2002,43,781
14,2002,44,827
14,2002,45,751
14,2002,46,712
14,2002,47,717
14,2002,48,659
14,2002,49,639
14,2002,50,614
14,2002,51,584
14,2002,52,597
14,2002,53,523
14,2002,54,535
14,2002,55,454
14,2002,56,395
14,2002,57,333
14,2002,58,329
14,2002,59,317
14,2002,60,257
14,2002,61,246
14,2002,62,223
14,2002,63,252
14,2002,64,208
14,2002,65,194
14,2002,66,203
14,2002,67,183
14,2002,68,199
14,2002,69,202
14,2002,70,185
14,2002,71,144
14,2002,72,170
14,2002,73,174
14,2002,74,158
14,2002,75,154
14,2002,76,114
14,2002,77,120
14,2002,78,99
14,2002,79,99
14,2002,80,89
14,2002,81,88
14,2002,82,67
14,2002,83,52
14,2002,84,62
14,2002,85,54
14,2002,86,37
14,2002,87,33
14,2002,88,16
14,2002,89,19
14,2002,90,48
14,2003,0,685
14,2003,1,681
14,2003,2,701
14,2003,3,711
14,2003,4,685
14,2003,5,696
14,2003,6,694
14,2003,7,687
14,2003,8,701
14,2003,9,707
14,2003,10,773
14,2003,11,744
14,2003,12,743
14,2003,13,756
14,2003,14,714
14,2003,15,742
14,2003,16,693
14,2003,17,684
14,2003,18,609
14,2003,19,500
14,2003,20,501
14,2003,21,468
14,2003,22,395
14,2003,23,396
14,2003,24,411
14,2003,25,489
14,2003,26,600
14,2003,27,616
14,2003,28,643
14,2003,29,657
14,2003,30,747
14,2003,31,749
14,2003,32,815
14,2003,33,888
14,2003,34,781
14,2003,35,769
14,2003,36,809
14,2003,37,767
14,2003,38,831
14,2003,39,814
14,2003,40,881
14,2003,41,902
14,2003,42,879
14,2003,43,872
14,2003,44,834
14,2003,45,810
14,2003,46,778
14,2003,47,742
14,2003,48,743
14,2003,49,663
14,2003,50,663
14,2003,51,656
14,2003,52,609
14,2003,53,593
14,2003,54,551
14,2003,55,492
14,2003,56,554
14,2003,57,357
14,2003,58,354
14,2003,59,343
14,2003,60,309
14,2003,61,273
14,2003,62,254
14,2003,63,278
14,2003,64,225
14,2003,65,209
14,2003,66,227
14,2003,67,207
14,2003,68,222
14,2003,69,220
14,2003,70,200
14,2003,71,160
14,2003,72,184
14,2003,73,190
14,2003,74,173
14,2003,75,168
14,2003,76,127
14,2003,77,131
14,2003,78,113
14,2003,79,112
14,2003,80,100
14,2003,81,98
14,2003,82,78
14,2003,83,60
14,2003,84,70
14,2003,85,63
14,2003,86,43
14,2003,87,40
14,2003,88,19
14,2003,89,22
14,2003,90,60
14,2004,0,702
14,2004,1,705
14,2004,2,728
14,2004,3,744
14,2004,4,696
14,2004,5,736
14,2004,6,700
14,2004,7,692
14,2004,8,715
14,2004,9,723
14,2004,10,749
14,2004,11,747
14,2004,12,758
14,2004,13,768
14,2004,14,740
14,2004,15,769
14,2004,16,698
14,2004,17,681
14,2004,18,636
14,2004,19,511
14,2004,20,502
14,2004,21,507
14,2004,22,432
14,2004,23,429
14,2004,24,424
14,2004,25,436
14,2004,26,582
14,2004,27,623
14,2004,28,646
14,2004,29,720
14,2004,30,750
14,2004,31,754
14,2004,32,788
14,2004,33,889
14,2004,34,880
14,2004,35,796
14,2004,36,816
14,2004,37,788
14,2004,38,767
14,2004,39,832
14,2004,40,869
14,2004,41,907
14,2004,42,888
14,2004,43,854
14,2004,44,899
14,2004,45,799
14,2004,46,825
14,2004,47,782
14,2004,48,749
14,2004,49,732
14,2004,50,668
14,2004,51,694
14,2004,52,662
14,2004,53,593
14,2004,54,609
14,2004,55,501
14,2004,56,574
14,2004,57,492
14,2004,58,371
14,2004,59,360
14,2004,60,328
14,2004,61,321
14,2004,62,277
14,2004,63,303
14,2004,64,237
14,2004,65,219
14,2004,66,246
14,2004,67,226
14,2004,68,241
14,2004,69,233
14,2004,70,209
14,2004,71,172
14,2004,72,195
14,2004,73,201
14,2004,74,184
14,2004,75,178
14,2004,76,136
14,2004,77,139
14,2004,78,123
14,2004,79,123
14,2004,80,109
14,2004,81,105
14,2004,82,86
14,2004,83,66
14,2004,84,77
14,2004,85,71
14,2004,86,48
14,2004,87,44
14,2004,88,23
14,2004,89,25
14,2004,90,73
14,2005,0,710
14,2005,1,726
14,2005,2,761
14,2005,3,782
14,2005,4,736
14,2005,5,750
14,2005,6,744
14,2005,7,708
14,2005,8,729
14,2005,9,744
14,2005,10,766
14,2005,11,733
14,2005,12,770
14,2005,13,785
14,2005,14,760
14,2005,15,795
14,2005,16,734
14,2005,17,692
14,2005,18,640
14,2005,19,533
14,2005,20,520
14,2005,21,514
14,2005,22,482
14,2005,23,482
14,2005,24,462
14,2005,25,459
14,2005,26,522
14,2005,27,613
14,2005,28,661
14,2005,29,730
14,2005,30,829
14,2005,31,768
14,2005,32,781
14,2005,33,860
14,2005,34,892
14,2005,35,896
14,2005,36,849
14,2005,37,806
14,2005,38,795
14,2005,39,778
14,2005,40,895
14,2005,41,901
14,2005,42,901
14,2005,43,875
14,2005,44,883
14,2005,45,874
14,2005,46,833
14,2005,47,832
14,2005,48,796
14,2005,49,746
14,2005,50,740
14,2005,51,709
14,2005,52,699
14,2005,53,657
14,2005,54,615
14,2005,55,565
14,2005,56,579
14,2005,57,519
14,2005,58,515
14,2005,59,380
14,2005,60,348
14,2005,61,347
14,2005,62,329
14,2005,63,326
14,2005,64,250
14,2005,65,230
14,2005,66,266
14,2005,67,247
14,2005,68,261
14,2005,69,249
14,2005,70,221
14,2005,71,185
14,2005,72,205
14,2005,73,214
14,2005,74,196
14,2005,75,189
14,2005,76,146
14,2005,77,148
14,2005,78,136
14,2005,79,134
14,2005,80,119
14,2005,81,114
14,2005,82,97
14,2005,83,74
14,2005,84,86
14,2005,85,80
14,2005,86,55
14,2005,87,50
14,2005,88,28
14,2005,89,30
14,2005,90,89
14,2006,0,735
14,2006,1,749
14,2006,2,803
14,2006,3,838
14,2006,4,790
14,2006,5,807
14,2006,6,775
14,2006,7,773
14,2006,8,766
14,2006,9,777
14,2006,10,800
14,2006,11,766
14,2006,12,773
14,2006,13,811
14,2006,14,795
14,2006,15,825
14,2006,16,784
14,2006,17,745
14,2006,18,663
14,2006,19,545
14,2006,20,556
14,2006,21,547
14,2006,22,505
14,2006,23,565
14,2006,24,537
14,2006,25,513
14,2006,26,559
14,2006,27,571
14,2006,28,671
14,2006,29,768
14,2006,30,862
14,2006,31,874
14,2006,32,797
14,2006,33,865
14,2006,34,889
14,2006,35,921
14,2006,36,976
14,2006,37,863
14,2006,38,832
14,2006,39,829
14,2006,40,856
14,2006,41,949
14,2006,42,912
14,2006,43,908
14,2006,44,915
14,2006,45,879
14,2006,46,937
14,2006,47,848
14,2006,48,862
14,2006,49,809
14,2006,50,764
14,2006,51,804
14,2006,52,718
14,2006,53,712
14,2006,54,694
14,2006,55,588
14,2006,56,653
14,2006,57,533
14,2006,58,554
14,2006,59,537
14,2006,60,376
14,2006,61,379
14,2006,62,363
14,2006,63,388
14,2006,64,261
14,2006,65,238
14,2006,66,286
14,2006,67,269
14,2006,68,281
14,2006,69,262
14,2006,70,229
14,2006,71,197
14,2006,72,215
14,2006,73,226
14,2006,74,208
14,2006,75,198
14,2006,76,156
14,2006,77,156
14,2006,78,148
14,2006,79,145
14,2006,80,128
14,2006,81,122
14,2006,82,107
14,2006,83,82
14,2006,84,93
14,2006,85,89
14,2006,86,62
14,2006,87,56
14,2006,88,32
14,2006,89,34
14,2006,90,108
14,2007,0,744
14,2007,1,761
14,2007,2,817
14,2007,3,874
14,2007,4,835
14,2007,5,849
14,2007,6,820
14,2007,7,797
14,2007,8,825
14,2007,9,802
14,2007,10,815
14,2007,11,790
14,2007,12,801
14,2007,13,796
14,2007,14,812
14,2007,15,842
14,2007,16,807
14,2007,17,780
14,2007,18,692
14,2007,19,552
14,2007,20,565
14,2007,21,579
14,2007,22,540
14,2007,23,591
14,2007,24,621
14,2007,25,589
14,2007,26,603
14,2007,27,600
14,2007,28,618
14,2007,29,766
14,2007,30,887
14,2007,31,896
14,2007,32,864
14,2007,33,857
14,2007,34,883
14,2007,35,893
14,2007,36,978
14,2007,37,979
14,2007,38,877
14,2007,39,856
14,2007,40,899
14,2007,41,891
14,2007,42,944
14,2007,43,908
14,2007,44,929
14,2007,45,902
14,2007,46,939
14,2007,47,933
14,2007,48,864
14,2007,49,864
14,2007,50,813
14,2007,51,821
14,2007,52,795
14,2007,53,727
14,2007,54,742
14,2007,55,662
14,2007,56,657
14,2007,57,596
14,2007,58,563
14,2007,59,567
14,2007,60,524
14,2007,61,405
14,2007,62,390
14,2007,63,412
14,2007,64,275
14,2007,65,250
14,2007,66,310
14,2007,67,294
14,2007,68,304
14,2007,69,277
14,2007,70,241
14,2007,71,210
14,2007,72,227
14,2007,73,238
14,2007,74,221
14,2007,75,207
14,2007,76,168
14,2007,77,164
14,2007,78,161
14,2007,79,158
14,2007,80,140
14,2007,81,131
14,2007,82,119
14,2007,83,91
14,2007,84,102
14,2007,85,100
14,2007,86,70
14,2007,87,62
14,2007,88,38
14,2007,89,40
14,2007,90,131
14,2008,0,739
14,2008,1,753
14,2008,2,814
14,2008,3,872
14,2008,4,852
14,2008,5,873
14,2008,6,843
14,2008,7,829
14,2008,8,833
14,2008,9,844
14,2008,10,816
14,2008,11,788
14,2008,12,809
14,2008,13,801
14,2008,14,780
14,2008,15,828
14,2008,16,810
14,2008,17,784
14,2008,18,703
14,2008,19,556
14,2008,20,560
14,2008,21,576
14,2008,22,567
14,2008,23,626
14,2008,24,636
14,2008,25,669
14,2008,26,665
14,2008,27,635
14,2008,28,639
14,2008,29,697
14,2008,30,867
14,2008,31,908
14,2008,32,848
14,2008,33,903
14,2008,34,859
14,2008,35,859
14,2008,36,927
14,2008,37,967
14,2008,38,977
14,2008,39,887
14,2008,40,907
14,2008,41,912
14,2008,42,865
14,2008,43,919
14,2008,44,901
14,2008,45,896
14,2008,46,950
14,2008,47,906
14,2008,48,927
14,2008,49,848
14,2008,50,844
14,2008,51,855
14,2008,52,786
14,2008,53,790
14,2008,54,737
14,2008,55,697
14,2008,56,708
14,2008,57,590
14,2008,58,613
14,2008,59,562
14,2008,60,539
14,2008,61,552
14,2008,62,407
14,2008,63,424
14,2008,64,287
14,2008,65,259
14,2008,66,333
14,2008,67,318
14,2008,68,326
14,2008,69,292
14,2008,70,249
14,2008,71,224
14,2008,72,237
14,2008,73,251
14,2008,74,233
14,2008,75,217
14,2008,76,179
14,2008,77,172
14,2008,78,175
14,2008,79,171
14,2008,80,151
14,2008,81,140
14,2008,82,132
14,2008,83,100
14,2008,84,111
14,2008,85,111
14,2008,86,78
14,2008,87,69
14,2008,88,45
14,2008,89,46
14,2008,90,159
14,2009,0,722
14,2009,1,743
14,2009,2,804
14,2009,3,868
14,2009,4,847
14,2009,5,881
14,2009,6,861
14,2009,7,853
14,2009,8,867
14,2009,9,849
14,2009,10,848
14,2009,11,787
14,2009,12,806
14,2009,13,803
14,2009,14,783
14,2009,15,785
14,2009,16,802
14,2009,17,782
14,2009,18,701
14,2009,19,557
14,2009,20,565
14,2009,21,571
14,2009,22,567
14,2009,23,664
14,2009,24,668
14,2009,25,680
14,2009,26,735
14,2009,27,688
14,2009,28,667
14,2009,29,714
14,2009,30,785
14,2009,31,886
14,2009,32,831
14,2009,33,869
14,2009,34,904
14,2009,35,821
14,2009,36,883
14,2009,37,917
14,2009,38,960
14,2009,39,987
14,2009,40,934
14,2009,41,916
14,2009,42,882
14,2009,43,843
14,2009,44,905
14,2009,45,870
14,2009,46,953
14,2009,47,907
14,2009,48,898
14,2009,49,909
14,2009,50,823
14,2009,51,889
14,2009,52,809
14,2009,53,785
14,2009,54,803
14,2009,55,701
14,2009,56,732
14,2009,57,637
14,2009,58,606
14,2009,59,611
14,2009,60,536
14,2009,61,571
14,2009,62,555
14,2009,63,434
14,2009,64,413
14,2009,65,269
14,2009,66,387
14,2009,67,331
14,2009,68,340
14,2009,69,318
14,2009,70,246
14,2009,71,256
14,2009,72,230
14,2009,73,266
14,2009,74,244
14,2009,75,227
14,2009,76,189
14,2009,77,178
14,2009,78,184
14,2009,79,196
14,2009,80,167
14,2009,81,147
14,2009,82,151
14,2009,83,120
14,2009,84,112
14,2009,85,128
14,2009,86,88
14,2009,87,80
14,2009,88,56
14,2009,89,51
14,2009,90,190
14,2010,0,694
14,2010,1,724
14,2010,2,795
14,2010,3,858
14,2010,4,842
14,2010,5,872
14,2010,6,867
14,2010,7,876
14,2010,8,891
14,2010,9,877
14,2010,10,845
14,2010,11,818
14,2010,12,808
14,2010,13,794
14,2010,14,784
14,2010,15,780
14,2010,16,765
14,2010,17,772
14,2010,18,697
14,2010,19,555
14,2010,20,570
14,2010,21,579
14,2010,22,569
14,2010,23,666
14,2010,24,702
14,2010,25,711
14,2010,26,734
14,2010,27,753
14,2010,28,720
14,2010,29,739
14,2010,30,802
14,2010,31,804
14,2010,32,791
14,2010,33,845
14,2010,34,875
14,2010,35,856
14,2010,36,845
14,2010,37,878
14,2010,38,913
14,2010,39,969
14,2010,40,1035
14,2010,41,938
14,2010,42,882
14,2010,43,857
14,2010,44,821
14,2010,45,873
14,2010,46,931
14,2010,47,898
14,2010,48,896
14,2010,49,879
14,2010,50,875
14,2010,51,866
14,2010,52,831
14,2010,53,812
14,2010,54,795
14,2010,55,765
14,2010,56,718
14,2010,57,661
14,2010,58,652
14,2010,59,601
14,2010,60,582
14,2010,61,570
14,2010,62,573
14,2010,63,581
14,2010,64,427
14,2010,65,381
14,2010,66,410
14,2010,67,381
14,2010,68,343
14,2010,69,321
14,2010,70,263
14,2010,71,255
14,2010,72,257
14,2010,73,256
14,2010,74,256
14,2010,75,234
14,2010,76,199
14,2010,77,184
14,2010,78,192
14,2010,79,202
14,2010,80,187
14,2010,81,158
14,2010,82,156
14,2010,83,133
14,2010,84,130
14,2010,85,129
14,2010,86,100
14,2010,87,88
14,2010,88,66
14,2010,89,59
14,2010,90,50
14,2010,91,46
14,2010,92,25
14,2010,93,14
14,2010,94,26
14,2010,95,18
14,2010,96,11
14,2010,97,11
14,2010,98,1
14,2010,99,8
14,2010,100,3
14,2011,0,696
14,2011,1,706
14,2011,2,738
14,2011,3,809
14,2011,4,870
14,2011,5,859
14,2011,6,886
14,2011,7,887
14,2011,8,896
14,2011,9,912
14,2011,10,897
14,2011,11,867
14,2011,12,840
14,2011,13,824
14,2011,14,812
14,2011,15,791
14,2011,16,788
14,2011,17,770
14,2011,18,726
14,2011,19,653
14,2011,20,526
14,2011,21,565
14,2011,22,626
14,2011,23,621
14,2011,24,726
14,2011,25,759
14,2011,26,764
14,2011,27,768
14,2011,28,785
14,2011,29,759
14,2011,30,772
14,2011,31,829
14,2011,32,819
14,2011,33,802
14,2011,34,853
14,2011,35,880
14,2011,36,855
14,2011,37,854
14,2011,38,891
14,2011,39,934
14,2011,40,982
14,2011,41,1048
14,2011,42,955
14,2011,43,898
14,2011,44,872
14,2011,45,833
14,2011,46,885
14,2011,47,940
14,2011,48,912
14,2011,49,911
14,2011,50,880
14,2011,51,875
14,2011,52,870
14,2011,53,832
14,2011,54,818
14,2011,55,798
14,2011,56,764
14,2011,57,722
14,2011,58,659
14,2011,59,653
14,2011,60,602
14,2011,61,582
14,2011,62,573
14,2011,63,575
14,2011,64,583
14,2011,65,434
14,2011,66,386
14,2011,67,417
14,2011,68,388
14,2011,69,348
14,2011,70,326
14,2011,71,268
14,2011,72,258
14,2011,73,260
14,2011,74,257
14,2011,75,266
14,2011,76,240
14,2011,77,203
14,2011,78,186
14,2011,79,191
14,2011,80,193
14,2011,81,177
14,2011,82,149
14,2011,83,147
14,2011,84,125
14,2011,85,124
14,2011,86,122
14,2011,87,94
14,2011,88,82
14,2011,89,61
14,2011,90,55
14,2011,91,46
14,2011,92,41
14,2011,93,23
14,2011,94,13
14,2011,95,22
14,2011,96,15
14,2011,97,9
14,2011,98,9
14,2011,99,1
14,2011,100,8
14,2012,0,690
14,2012,1,710
14,2012,2,722
14,2012,3,754
14,2012,4,820
14,2012,5,894
14,2012,6,872
14,2012,7,914
14,2012,8,909
14,2012,9,919
14,2012,10,933
14,2012,11,923
14,2012,12,891
14,2012,13,852
14,2012,14,846
14,2012,15,814
14,2012,16,798
14,2012,17,787
14,2012,18,715
14,2012,19,675
14,2012,20,623
14,2012,21,520
14,2012,22,633
14,2012,23,708
14,2012,24,709
14,2012,25,801
14,2012,26,831
14,2012,27,806
14,2012,28,813
14,2012,29,847
14,2012,30,800
14,2012,31,807
14,2012,32,851
14,2012,33,832
14,2012,34,819
14,2012,35,859
14,2012,36,877
14,2012,37,878
14,2012,38,873
14,2012,39,922
14,2012,40,944
14,2012,41,993
14,2012,42,1070
14,2012,43,972
14,2012,44,912
14,2012,45,884
14,2012,46,842
14,2012,47,888
14,2012,48,958
14,2012,49,926
14,2012,50,899
14,2012,51,877
14,2012,52,879
14,2012,53,866
14,2012,54,840
14,2012,55,816
14,2012,56,791
14,2012,57,771
14,2012,58,712
14,2012,59,661
14,2012,60,652
14,2012,61,599
14,2012,62,584
14,2012,63,572
14,2012,64,575
14,2012,65,595
14,2012,66,442
14,2012,67,398
14,2012,68,428
14,2012,69,394
14,2012,70,357
14,2012,71,335
14,2012,72,273
14,2012,73,262
14,2012,74,263
14,2012,75,275
14,2012,76,275
14,2012,77,248
14,2012,78,209
14,2012,79,188
14,2012,80,184
14,2012,81,185
14,2012,82,168
14,2012,83,142
14,2012,84,138
14,2012,85,122
14,2012,86,118
14,2012,87,115
14,2012,88,89
14,2012,89,73
14,2012,90,57
14,2012,91,49
14,2012,92,40
14,2012,93,37
14,2012,94,19
14,2012,95,10
14,2012,96,19
14,2012,97,12
14,2012,98,8
14,2012,99,7
14,2012,100,5
14,2013,0,698
14,2013,1,700
14,2013,2,723
14,2013,3,734
14,2013,4,757
14,2013,5,845
14,2013,6,900
14,2013,7,901
14,2013,8,933
14,2013,9,929
14,2013,10,937
14,2013,11,958
14,2013,12,944
14,2013,13,894
14,2013,14,873
14,2013,15,844
14,2013,16,820
14,2013,17,792
14,2013,18,725
14,2013,19,662
14,2013,20,649
14,2013,21,617
14,2013,22,573
14,2013,23,711
14,2013,24,792
14,2013,25,767
14,2013,26,856
14,2013,27,854
14,2013,28,838
14,2013,29,872
14,2013,30,871
14,2013,31,819
14,2013,32,824
14,2013,33,853
14,2013,34,848
14,2013,35,817
14,2013,36,847
14,2013,37,905
14,2013,38,895
14,2013,39,909
14,2013,40,927
14,2013,41,952
14,2013,42,1016
14,2013,43,1085
14,2013,44,982
14,2013,45,924
14,2013,46,890
14,2013,47,840
14,2013,48,910
14,2013,49,970
14,2013,50,904
14,2013,51,894
14,2013,52,883
14,2013,53,873
14,2013,54,879
14,2013,55,834
14,2013,56,805
14,2013,57,804
14,2013,58,754
14,2013,59,716
14,2013,60,659
14,2013,61,648
14,2013,62,604
14,2013,63,583
14,2013,64,571
14,2013,65,585
14,2013,66,602
14,2013,67,455
14,2013,68,408
14,2013,69,432
14,2013,70,404
14,2013,71,365
14,2013,72,339
14,2013,73,274
14,2013,74,264
14,2013,75,277
14,2013,76,277
14,2013,77,277
14,2013,78,248
14,2013,79,202
14,2013,80,180
14,2013,81,175
14,2013,82,172
14,2013,83,160
14,2013,84,133
14,2013,85,136
14,2013,86,116
14,2013,87,110
14,2013,88,107
14,2013,89,78
14,2013,90,68
14,2013,91,50
14,2013,92,44
14,2013,93,37
14,2013,94,31
14,2013,95,16
14,2013,96,9
14,2013,97,15
14,2013,98,10
14,2013,99,6
14,2013,100,9
14,2014,0,720
14,2014,1,714
14,2014,2,719
14,2014,3,742
14,2014,4,741
14,2014,5,794
14,2014,6,854
14,2014,7,943
14,2014,8,928
14,2014,9,960
14,2014,10,954
14,2014,11,971
14,2014,12,988
14,2014,13,947
14,2014,14,925
14,2014,15,870
14,2014,16,855
14,2014,17,815
14,2014,18,726
14,2014,19,672
14,2014,20,646
14,2014,21,649
14,2014,22,690
14,2014,23,677
14,2014,24,826
14,2014,25,868
14,2014,26,840
14,2014,27,888
14,2014,28,899
14,2014,29,923
14,2014,30,905
14,2014,31,898
14,2014,32,847
14,2014,33,832
14,2014,34,883
14,2014,35,852
14,2014,36,810
14,2014,37,892
14,2014,38,933
14,2014,39,948
14,2014,40,915
14,2014,41,940
14,2014,42,985
14,2014,43,1037
14,2014,44,1100
14,2014,45,1001
14,2014,46,934
14,2014,47,889
14,2014,48,872
14,2014,49,927
14,2014,50,941
14,2014,51,900
14,2014,52,906
14,2014,53,877
14,2014,54,895
14,2014,55,872
14,2014,56,823
14,2014,57,825
14,2014,58,781
14,2014,59,763
14,2014,60,717
14,2014,61,657
14,2014,62,658
14,2014,63,603
14,2014,64,585
14,2014,65,575
14,2014,66,586
14,2014,67,620
14,2014,68,464
14,2014,69,407
14,2014,70,442
14,2014,71,411
14,2014,72,367
14,2014,73,337
14,2014,74,273
14,2014,75,281
14,2014,76,278
14,2014,77,279
14,2014,78,275
14,2014,79,238
14,2014,80,194
14,2014,81,172
14,2014,82,162
14,2014,83,163
14,2014,84,149
14,2014,85,132
14,2014,86,130
14,2014,87,108
14,2014,88,103
14,2014,89,92
14,2014,90,73
14,2014,91,61
14,2014,92,44
14,2014,93,39
14,2014,94,31
14,2014,95,25
14,2014,96,13
14,2014,97,7
14,2014,98,13
14,2014,99,8
14,2014,100,10
14,2015,0,711
14,2015,1,755
14,2015,2,753
14,2015,3,757
14,2015,4,765
14,2015,5,802
14,2015,6,821
14,2015,7,923
14,2015,8,992
14,2015,9,976
14,2015,10,1007
14,2015,11,1011
14,2015,12,1022
14,2015,13,1005
14,2015,14,1004
14,2015,15,925
14,2015,16,891
14,2015,17,852
14,2015,18,741
14,2015,19,672
14,2015,20,663
14,2015,21,647
14,2015,22,805
14,2015,23,896
14,2015,24,892
14,2015,25,987
14,2015,26,1025
14,2015,27,926
14,2015,28,991
14,2015,29,1058
14,2015,30,1009
14,2015,31,983
14,2015,32,962
14,2015,33,885
14,2015,34,891
14,2015,35,905
14,2015,36,862
14,2015,37,887
14,2015,38,948
14,2015,39,1023
14,2015,40,967
14,2015,41,944
14,2015,42,995
14,2015,43,1020
14,2015,44,1069
14,2015,45,1131
14,2015,46,1018
14,2015,47,937
14,2015,48,937
14,2015,49,896
14,2015,50,891
14,2015,51,937
14,2015,52,918
14,2015,53,899
14,2015,54,907
14,2015,55,886
14,2015,56,860
14,2015,57,850
14,2015,58,798
14,2015,59,797
14,2015,60,767
14,2015,61,715
14,2015,62,672
14,2015,63,658
14,2015,64,608
14,2015,65,588
14,2015,66,576
14,2015,67,608
14,2015,68,634
14,2015,69,463
14,2015,70,417
14,2015,71,451
14,2015,72,414
14,2015,73,365
14,2015,74,337
14,2015,75,308
14,2015,76,292
14,2015,77,294
14,2015,78,288
14,2015,79,273
14,2015,80,229
14,2015,81,184
14,2015,82,158
14,2015,83,154
14,2015,84,153
14,2015,85,150
14,2015,86,126
14,2015,87,120
14,2015,88,99
14,2015,89,88
14,2015,90,88
14,2015,91,66
14,2015,92,53
14,2015,93,39
14,2015,94,32
14,2015,95,25
14,2015,96,21
14,2015,97,11
14,2015,98,5
14,2015,99,10
14,2015,100,12
14,2016,0,757
14,2016,1,728
14,2016,2,774
14,2016,3,772
14,2016,4,758
14,2016,5,811
14,2016,6,805
14,2016,7,872
14,2016,8,950
14,2016,9,1019
14,2016,10,1001
14,2016,11,1045
14,2016,12,1040
14,2016,13,1009
14,2016,14,1042
14,2016,15,984
14,2016,16,933
14,2016,17,869
14,2016,18,760
14,2016,19,676
14,2016,20,662
14,2016,21,658
14,2016,22,747
14,2016,23,970
14,2016,24,1074
14,2016,25,988
14,2016,26,1079
14,2016,27,1053
14,2016,28,983
14,2016,29,1118
14,2016,30,1087
14,2016,31,1033
14,2016,32,1016
14,2016,33,961
14,2016,34,926
14,2016,35,888
14,2016,36,885
14,2016,37,926
14,2016,38,922
14,2016,39,1022
14,2016,40,1019
14,2016,41,975
14,2016,42,982
14,2016,43,1010
14,2016,44,1032
14,2016,45,1085
14,2016,46,1131
14,2016,47,1000
14,2016,48,979
14,2016,49,948
14,2016,50,842
14,2016,51,876
14,2016,52,948
14,2016,53,898
14,2016,54,925
14,2016,55,885
14,2016,56,859
14,2016,57,883
14,2016,58,806
14,2016,59,808
14,2016,60,791
14,2016,61,755
14,2016,62,725
14,2016,63,662
14,2016,64,656
14,2016,65,606
14,2016,66,584
14,2016,67,598
14,2016,68,619
14,2016,69,627
14,2016,70,475
14,2016,71,425
14,2016,72,451
14,2016,73,407
14,2016,74,362
14,2016,75,364
14,2016,76,304
14,2016,77,299
14,2016,78,292
14,2016,79,273
14,2016,80,262
14,2016,81,216
14,2016,82,169
14,2016,83,150
14,2016,84,144
14,2016,85,155
14,2016,86,145
14,2016,87,115
14,2016,88,111
14,2016,89,83
14,2016,90,85
14,2016,91,78
14,2016,92,56
14,2016,93,47
14,2016,94,33
14,2016,95,27
14,2016,96,21
14,2016,97,15
14,2016,98,8
14,2016,99,4
14,2016,100,14
14,2017,0,695
14,2017,1,773
14,2017,2,747
14,2017,3,794
14,2017,4,770
14,2017,5,810
14,2017,6,813
14,2017,7,863
14,2017,8,901
14,2017,9,978
14,2017,10,1044
14,2017,11,1042
14,2017,12,1075
14,2017,13,1021
14,2017,14,1051
14,2017,15,1020
14,2017,16,995
14,2017,17,909
14,2017,18,816
14,2017,19,733
14,2017,20,712
14,2017,21,672
14,2017,22,752
14,2017,23,916
14,2017,24,1161
14,2017,25,1157
14,2017,26,1074
14,2017,27,1095
14,2017,28,1102
14,2017,29,1117
14,2017,30,1134
14,2017,31,1098
14,2017,32,1065
14,2017,33,1008
14,2017,34,1009
14,2017,35,919
14,2017,36,865
14,2017,37,962
14,2017,38,964
14,2017,39,1005
14,2017,40,1016
14,2017,41,1027
14,2017,42,1023
14,2017,43,1000
14,2017,44,1020
14,2017,45,1050
14,2017,46,1085
14,2017,47,1109
14,2017,48,1054
14,2017,49,992
14,2017,50,883
14,2017,51,829
14,2017,52,892
14,2017,53,929
14,2017,54,932
14,2017,55,902
14,2017,56,857
14,2017,57,893
14,2017,58,834
14,2017,59,823
14,2017,60,806
14,2017,61,782
14,2017,62,773
14,2017,63,718
14,2017,64,664
14,2017,65,651
14,2017,66,599
14,2017,67,608
14,2017,68,608
14,2017,69,610
14,2017,70,644
14,2017,71,482
14,2017,72,423
14,2017,73,441
14,2017,74,400
14,2017,75,387
14,2017,76,348
14,2017,77,309
14,2017,78,294
14,2017,79,273
14,2017,80,264
14,2017,81,250
14,2017,82,198
14,2017,83,162
14,2017,84,140
14,2017,85,149
14,2017,86,151
14,2017,87,133
14,2017,88,106
14,2017,89,91
14,2017,90,81
14,2017,91,74
14,2017,92,66
14,2017,93,50
14,2017,94,39
14,2017,95,26
14,2017,96,21
14,2017,97,15
14,2017,98,13
14,2017,99,6
14,2017,100,12
14,2018,0,654
14,2018,1,710
14,2018,2,790
14,2018,3,765
14,2018,4,784
14,2018,5,823
14,2018,6,806
14,2018,7,873
14,2018,8,889
14,2018,9,927
14,2018,10,1002
14,2018,11,1085
14,2018,12,1070
14,2018,13,1045
14,2018,14,1063
14,2018,15,1024
14,2018,16,1033
14,2018,17,964
14,2018,18,801
14,2018,19,742
14,2018,20,737
14,2018,21,715
14,2018,22,748
14,2018,23,914
14,2018,24,1099
14,2018,25,1220
14,2018,26,1218
14,2018,27,1069
14,2018,28,1130
14,2018,29,1244
14,2018,30,1115
14,2018,31,1125
14,2018,32,1125
14,2018,33,1044
14,2018,34,1058
14,2018,35,991
14,2018,36,886
14,2018,37,945
14,2018,38,999
14,2018,39,1056
14,2018,40,995
14,2018,41,1022
14,2018,42,1081
14,2018,43,1038
14,2018,44,1012
14,2018,45,1040
14,2018,46,1049
14,2018,47,1059
14,2018,48,1174
14,2018,49,1067
14,2018,50,916
14,2018,51,868
14,2018,52,848
14,2018,53,871
14,2018,54,971
14,2018,55,907
14,2018,56,870
14,2018,57,897
14,2018,58,836
14,2018,59,855
14,2018,60,821
14,2018,61,793
14,2018,62,805
14,2018,63,763
14,2018,64,720
14,2018,65,669
14,2018,66,653
14,2018,67,638
14,2018,68,630
14,2018,69,607
14,2018,70,640
14,2018,71,665
14,2018,72,488
14,2018,73,419
14,2018,74,443
14,2018,75,433
14,2018,76,370
14,2018,77,352
14,2018,78,302
14,2018,79,271
14,2018,80,267
14,2018,81,255
14,2018,82,229
14,2018,83,193
14,2018,84,153
14,2018,85,148
14,2018,86,147
14,2018,87,140
14,2018,88,123
14,2018,89,88
14,2018,90,91
14,2018,91,73
14,2018,92,64
14,2018,93,61
14,2018,94,42
14,2018,95,31
14,2018,96,21
14,2018,97,16
14,2018,98,13
14,2018,99,10
14,2018,100,11
14,2019,0,702
14,2019,1,666
14,2019,2,724
14,2019,3,805
14,2019,4,750
14,2019,5,841
14,2019,6,813
14,2019,7,867
14,2019,8,896
14,2019,9,913
14,2019,10,945
14,2019,11,1040
14,2019,12,1110
14,2019,13,1029
14,2019,14,1086
14,2019,15,1026
14,2019,16,1033
14,2019,17,992
14,2019,18,841
14,2019,19,723
14,2019,20,750
14,2019,21,738
14,2019,22,785
14,2019,23,912
14,2019,24,1106
14,2019,25,1149
14,2019,26,1266
14,2019,27,1191
14,2019,28,1098
14,2019,29,1280
14,2019,30,1219
14,2019,31,1095
14,2019,32,1148
14,2019,33,1091
14,2019,34,1096
14,2019,35,1030
14,2019,36,945
14,2019,37,974
14,2019,38,982
14,2019,39,1101
14,2019,40,1038
14,2019,41,996
14,2019,42,1077
14,2019,43,1091
14,2019,44,1042
14,2019,45,1029
14,2019,46,1035
14,2019,47,1017
14,2019,48,1128
14,2019,49,1185
14,2019,50,972
14,2019,51,895
14,2019,52,889
14,2019,53,824
14,2019,54,914
14,2019,55,939
14,2019,56,869
14,2019,57,915
14,2019,58,831
14,2019,59,857
14,2019,60,851
14,2019,61,807
14,2019,62,817
14,2019,63,791
14,2019,64,764
14,2019,65,714
14,2019,66,662
14,2019,67,694
14,2019,68,655
14,2019,69,620
14,2019,70,633
14,2019,71,653
14,2019,72,666
14,2019,73,477
14,2019,74,416
14,2019,75,475
14,2019,76,405
14,2019,77,368
14,2019,78,339
14,2019,79,273
14,2019,80,264
14,2019,81,257
14,2019,82,232
14,2019,83,223
14,2019,84,182
14,2019,85,163
14,2019,86,146
14,2019,87,135
14,2019,88,129
14,2019,89,100
14,2019,90,88
14,2019,91,82
14,2019,92,62
14,2019,93,59
14,2019,94,51
14,2019,95,34
14,2019,96,25
14,2019,97,16
14,2019,98,14
14,2019,99,11
14,2019,100,14
14,2020,0,662
14,2020,1,727
14,2020,2,696
14,2020,3,755
14,2020,4,845
14,2020,5,795
14,2020,6,882
14,2020,7,857
14,2020,8,910
14,2020,9,938
14,2020,10,953
14,2020,11,980
14,2020,12,1073
14,2020,13,1133
14,2020,14,1052
14,2020,15,1106
14,2020,16,1044
14,2020,17,976
14,2020,18,925
14,2020,19,777
14,2020,20,686
14,2020,21,766
14,2020,22,754
14,2020,23,802
14,2020,24,932
14,2020,25,1146
14,2020,26,1195
14,2020,27,1336
14,2020,28,1262
14,2020,29,1188
14,2020,30,1360
14,2020,31,1287
14,2020,32,1161
14,2020,33,1203
14,2020,34,1139
14,2020,35,1122
14,2020,36,1053
14,2020,37,976
14,2020,38,1010
14,2020,39,1019
14,2020,40,1137
14,2020,41,1073
14,2020,42,1033
14,2020,43,1110
14,2020,44,1118
14,2020,45,1064
14,2020,46,1048
14,2020,47,1050
14,2020,48,1033
14,2020,49,1142
14,2020,50,1187
14,2020,51,973
14,2020,52,895
14,2020,53,889
14,2020,54,823
14,2020,55,913
14,2020,56,938
14,2020,57,866
14,2020,58,911
14,2020,59,827
14,2020,60,852
14,2020,61,846
14,2020,62,801
14,2020,63,811
14,2020,64,785
14,2020,65,773
14,2020,66,722
14,2020,67,668
14,2020,68,700
14,2020,69,656
14,2020,70,619
14,2020,71,630
14,2020,72,650
14,2020,73,661
14,2020,74,472
14,2020,75,413
14,2020,76,470
14,2020,77,397
14,2020,78,360
14,2020,79,332
14,2020,80,264
14,2020,81,254
14,2020,82,246
14,2020,83,222
14,2020,84,211
14,2020,85,171
14,2020,86,152
14,2020,87,136
14,2020,88,124
14,2020,89,117
14,2020,90,89
14,2020,91,78
14,2020,92,71
14,2020,93,53
14,2020,94,50
14,2020,95,42
14,2020,96,28
14,2020,97,20
14,2020,98,12
14,2020,99,10
14,2020,100,17
14,2021,0,656
14,2021,1,675
14,2021,2,743
14,2021,3,712
14,2021,4,777
14,2021,5,870
14,2021,6,817
14,2021,7,906
14,2021,8,881
14,2021,9,933
14,2021,10,959
14,2021,11,972
14,2021,12,998
14,2021,13,1086
14,2021,14,1146
14,2021,15,1063
14,2021,16,1115
14,2021,17,982
14,2021,18,907
14,2021,19,851
14,2021,20,732
14,2021,21,695
14,2021,22,775
14,2021,23,763
14,2021,24,813
14,2021,25,953
14,2021,26,1170
14,2021,27,1232
14,2021,28,1374
14,2021,29,1310
14,2021,30,1231
14,2021,31,1396
14,2021,32,1321
14,2021,33,1190
14,2021,34,1228
14,2021,35,1153
14,2021,36,1134
14,2021,37,1070
14,2021,38,995
14,2021,39,1029
14,2021,40,1037
14,2021,41,1155
14,2021,42,1092
14,2021,43,1050
14,2021,44,1124
14,2021,45,1129
14,2021,46,1073
14,2021,47,1055
14,2021,48,1057
14,2021,49,1039
14,2021,50,1142
14,2021,51,1186
14,2021,52,971
14,2021,53,894
14,2021,54,886
14,2021,55,821
14,2021,56,911
14,2021,57,933
14,2021,58,861
14,2021,59,905
14,2021,60,821
14,2021,61,845
14,2021,62,838
14,2021,63,794
14,2021,64,803
14,2021,65,786
14,2021,66,774
14,2021,67,721
14,2021,68,667
14,2021,69,696
14,2021,70,651
14,2021,71,614
14,2021,72,625
14,2021,73,643
14,2021,74,650
14,2021,75,465
14,2021,76,407
14,2021,77,459
14,2021,78,387
14,2021,79,351
14,2021,80,321
14,2021,81,255
14,2021,82,244
14,2021,83,235
14,2021,84,210
14,2021,85,199
14,2021,86,160
14,2021,87,142
14,2021,88,125
14,2021,89,113
14,2021,90,105
14,2021,91,79
14,2021,92,68
14,2021,93,61
14,2021,94,45
14,2021,95,42
14,2021,96,34
14,2021,97,22
14,2021,98,16
14,2021,99,11
14,2021,100,17
14,2022,0,646
14,2022,1,668
14,2022,2,690
14,2022,3,759
14,2022,4,733
14,2022,5,800
14,2022,6,891
14,2022,7,840
14,2022,8,929
14,2022,9,902
14,2022,10,954
14,2022,11,978
14,2022,12,989
14,2022,13,1010
14,2022,14,1098
14,2022,15,1156
14,2022,16,1072
14,2022,17,1049
14,2022,18,913
14,2022,19,834
14,2022,20,801
14,2022,21,740
14,2022,22,703
14,2022,23,784
14,2022,24,773
14,2022,25,833
14,2022,26,976
14,2022,27,1206
14,2022,28,1269
14,2022,29,1420
14,2022,30,1351
14,2022,31,1265
14,2022,32,1430
14,2022,33,1349
14,2022,34,1214
14,2022,35,1241
14,2022,36,1164
14,2022,37,1150
14,2022,38,1087
14,2022,39,1013
14,2022,40,1047
14,2022,41,1055
14,2022,42,1173
14,2022,43,1108
14,2022,44,1063
14,2022,45,1134
14,2022,46,1137
14,2022,47,1080
14,2022,48,1061
14,2022,49,1063
14,2022,50,1039
14,2022,51,1139
14,2022,52,1183
14,2022,53,968
14,2022,54,891
14,2022,55,883
14,2022,56,818
14,2022,57,905
14,2022,58,926
14,2022,59,854
14,2022,60,897
14,2022,61,813
14,2022,62,836
14,2022,63,828
14,2022,64,784
14,2022,65,802
14,2022,66,786
14,2022,67,771
14,2022,68,719
14,2022,69,663
14,2022,70,690
14,2022,71,644
14,2022,72,608
14,2022,73,617
14,2022,74,633
14,2022,75,639
14,2022,76,456
14,2022,77,398
14,2022,78,447
14,2022,79,376
14,2022,80,339
14,2022,81,308
14,2022,82,244
14,2022,83,234
14,2022,84,223
14,2022,85,198
14,2022,86,186
14,2022,87,149
14,2022,88,131
14,2022,89,114
14,2022,90,103
14,2022,91,93
14,2022,92,70
14,2022,93,59
14,2022,94,52
14,2022,95,38
14,2022,96,35
14,2022,97,28
14,2022,98,18
14,2022,99,13
14,2022,100,18
14,2023,0,684
14,2023,1,658
14,2023,2,683
14,2023,3,706
14,2023,4,779
14,2023,5,756
14,2023,6,821
14,2023,7,914
14,2023,8,862
14,2023,9,950
14,2023,10,923
14,2023,11,971
14,2023,12,994
14,2023,13,1001
14,2023,14,1022
14,2023,15,1108
14,2023,16,1165
14,2023,17,1009
14,2023,18,974
14,2023,19,839
14,2023,20,784
14,2023,21,809
14,2023,22,749
14,2023,23,712
14,2023,24,793
14,2023,25,793
14,2023,26,856
14,2023,27,1012
14,2023,28,1242
14,2023,29,1314
14,2023,30,1460
14,2023,31,1385
14,2023,32,1298
14,2023,33,1457
14,2023,34,1373
14,2023,35,1227
14,2023,36,1252
14,2023,37,1179
14,2023,38,1167
14,2023,39,1105
14,2023,40,1031
14,2023,41,1064
14,2023,42,1073
14,2023,43,1189
14,2023,44,1121
14,2023,45,1073
14,2023,46,1143
14,2023,47,1144
14,2023,48,1086
14,2023,49,1067
14,2023,50,1063
14,2023,51,1038
14,2023,52,1137
14,2023,53,1180
14,2023,54,966
14,2023,55,888
14,2023,56,881
14,2023,57,814
14,2023,58,900
14,2023,59,919
14,2023,60,848
14,2023,61,889
14,2023,62,806
14,2023,63,828
14,2023,64,820
14,2023,65,786
14,2023,66,802
14,2023,67,784
14,2023,68,769
14,2023,69,715
14,2023,70,658
14,2023,71,683
14,2023,72,637
14,2023,73,601
14,2023,74,608
14,2023,75,623
14,2023,76,627
14,2023,77,446
14,2023,78,389
14,2023,79,435
14,2023,80,364
14,2023,81,326
14,2023,82,296
14,2023,83,233
14,2023,84,222
14,2023,85,210
14,2023,86,186
14,2023,87,173
14,2023,88,138
14,2023,89,120
14,2023,90,103
14,2023,91,92
14,2023,92,82
14,2023,93,61
14,2023,94,51
14,2023,95,44
14,2023,96,32
14,2023,97,28
14,2023,98,22
14,2023,99,15
14,2023,100,20
14,2024,0,692
14,2024,1,702
14,2024,2,680
14,2024,3,707
14,2024,4,737
14,2024,5,814
14,2024,6,788
14,2024,7,855
14,2024,8,947
14,2024,9,894
14,2024,10,981
14,2024,11,950
14,2024,12,997
14,2024,13,1012
14,2024,14,1019
14,2024,15,1037
14,2024,16,1122
14,2024,17,1098
14,2024,18,939
14,2024,19,898
14,2024,20,792
14,2024,21,797
14,2024,22,821
14,2024,23,762
14,2024,24,727
14,2024,25,824
14,2024,26,829
14,2024,27,911
14,2024,28,1066
14,2024,29,1311
14,2024,30,1375
14,2024,31,1512
14,2024,32,1435
14,2024,33,1340
14,2024,34,1493
14,2024,35,1393
14,2024,36,1245
14,2024,37,1276
14,2024,38,1206
14,2024,39,1195
14,2024,40,1133
14,2024,41,1057
14,2024,42,1092
14,2024,43,1098
14,2024,44,1209
14,2024,45,1138
14,2024,46,1087
14,2024,47,1154
14,2024,48,1155
14,2024,49,1097
14,2024,50,1069
14,2024,51,1063
14,2024,52,1037
14,2024,53,1136
14,2024,54,1177
14,2024,55,964
14,2024,56,887
14,2024,57,877
14,2024,58,810
14,2024,59,894
14,2024,60,913
14,2024,61,842
14,2024,62,882
14,2024,63,799
14,2024,64,821
14,2024,65,824
14,2024,66,790
14,2024,67,803
14,2024,68,785
14,2024,69,766
14,2024,70,711
14,2024,71,654
14,2024,72,678
14,2024,73,631
14,2024,74,592
14,2024,75,600
14,2024,76,613
14,2024,77,613
14,2024,78,435
14,2024,79,379
14,2024,80,421
14,2024,81,350
14,2024,82,312
14,2024,83,282
14,2024,84,221
14,2024,85,208
14,2024,86,196
14,2024,87,173
14,2024,88,159
14,2024,89,125
14,2024,90,107
14,2024,91,92
14,2024,92,80
14,2024,93,71
14,2024,94,51
14,2024,95,42
14,2024,96,36
14,2024,97,25
14,2024,98,22
14,2024,99,17
14,2024,100,23
14,2025,0,708
14,2025,1,705
14,2025,2,719
14,2025,3,698
14,2025,4,730
14,2025,5,762
14,2025,6,838
14,2025,7,813
14,2025,8,880
14,2025,9,971
14,2025,10,917
14,2025,11,1001
14,2025,12,969
14,2025,13,1010
14,2025,14,1026
14,2025,15,1031
14,2025,16,1048
14,2025,17,1055
14,2025,18,1020
14,2025,19,864
14,2025,20,845
14,2025,21,801
14,2025,22,806
14,2025,23,831
14,2025,24,773
14,2025,25,750
14,2025,26,850
14,2025,27,869
14,2025,28,951
14,2025,29,1118
14,2025,30,1357
14,2025,31,1414
14,2025,32,1549
14,2025,33,1466
14,2025,34,1367
14,2025,35,1508
14,2025,36,1405
14,2025,37,1262
14,2025,38,1295
14,2025,39,1227
14,2025,40,1215
14,2025,41,1152
14,2025,42,1078
14,2025,43,1110
14,2025,44,1113
14,2025,45,1221
14,2025,46,1148
14,2025,47,1095
14,2025,48,1162
14,2025,49,1162
14,2025,50,1097
14,2025,51,1067
14,2025,52,1061
14,2025,53,1035
14,2025,54,1132
14,2025,55,1174
14,2025,56,961
14,2025,57,882
14,2025,58,872
14,2025,59,805
14,2025,60,887
14,2025,61,905
14,2025,62,834
14,2025,63,873
14,2025,64,791
14,2025,65,822
14,2025,66,825
14,2025,67,788
14,2025,68,801
14,2025,69,781
14,2025,70,760
14,2025,71,704
14,2025,72,648
14,2025,73,670
14,2025,74,621
14,2025,75,583
14,2025,76,589
14,2025,77,599
14,2025,78,597
14,2025,79,424
14,2025,80,366
14,2025,81,405
14,2025,82,335
14,2025,83,298
14,2025,84,268
14,2025,85,207
14,2025,86,194
14,2025,87,181
14,2025,88,158
14,2025,89,144
14,2025,90,112
14,2025,91,95
14,2025,92,80
14,2025,93,69
14,2025,94,60
14,2025,95,43
14,2025,96,34
14,2025,97,29
14,2025,98,20
14,2025,99,17
14,2025,100,27
14,2026,0,727
14,2026,1,721
14,2026,2,722
14,2026,3,737
14,2026,4,722
14,2026,5,757
14,2026,6,787
14,2026,7,864
14,2026,8,839
14,2026,9,905
14,2026,10,994
14,2026,11,938
14,2026,12,1021
14,2026,13,983
14,2026,14,1024
14,2026,15,1038
14,2026,16,1041
14,2026,17,986
14,2026,18,981
14,2026,19,938
14,2026,20,813
14,2026,21,854
14,2026,22,811
14,2026,23,816
14,2026,24,842
14,2026,25,796
14,2026,26,776
14,2026,27,891
14,2026,28,911
14,2026,29,1004
14,2026,30,1165
14,2026,31,1396
14,2026,32,1452
14,2026,33,1580
14,2026,34,1493
14,2026,35,1382
14,2026,36,1520
14,2026,37,1423
14,2026,38,1282
14,2026,39,1316
14,2026,40,1247
14,2026,41,1234
14,2026,42,1173
14,2026,43,1097
14,2026,44,1126
14,2026,45,1125
14,2026,46,1231
14,2026,47,1155
14,2026,48,1103
14,2026,49,1169
14,2026,50,1162
14,2026,51,1096
14,2026,52,1066
14,2026,53,1059
14,2026,54,1032
14,2026,55,1130
14,2026,56,1170
14,2026,57,956
14,2026,58,877
14,2026,59,866
14,2026,60,800
14,2026,61,880
14,2026,62,897
14,2026,63,826
14,2026,64,865
14,2026,65,793
14,2026,66,823
14,2026,67,824
14,2026,68,788
14,2026,69,797
14,2026,70,775
14,2026,71,753
14,2026,72,697
14,2026,73,640
14,2026,74,660
14,2026,75,612
14,2026,76,573
14,2026,77,576
14,2026,78,584
14,2026,79,580
14,2026,80,410
14,2026,81,353
14,2026,82,388
14,2026,83,319
14,2026,84,282
14,2026,85,252
14,2026,86,194
14,2026,87,180
14,2026,88,166
14,2026,89,143
14,2026,90,129
14,2026,91,99
14,2026,92,83
14,2026,93,69
14,2026,94,58
14,2026,95,50
14,2026,96,35
14,2026,97,27
14,2026,98,23
14,2026,99,15
14,2026,100,29
14,2027,0,715
14,2027,1,742
14,2027,2,740
14,2027,3,742
14,2027,4,763
14,2027,5,751
14,2027,6,783
14,2027,7,815
14,2027,8,892
14,2027,9,866
14,2027,10,930
14,2027,11,1017
14,2027,12,959
14,2027,13,1036
14,2027,14,998
14,2027,15,1037
14,2027,16,1049
14,2027,17,980
14,2027,18,917
14,2027,19,903
14,2027,20,883
14,2027,21,824
14,2027,22,865
14,2027,23,822
14,2027,24,829
14,2027,25,868
14,2027,26,826
14,2027,27,822
14,2027,28,937
14,2027,29,968
14,2027,30,1056
14,2027,31,1208
14,2027,32,1438
14,2027,33,1486
14,2027,34,1611
14,2027,35,1510
14,2027,36,1396
14,2027,37,1540
14,2027,38,1445
14,2027,39,1305
14,2027,40,1338
14,2027,41,1269
14,2027,42,1257
14,2027,43,1194
14,2027,44,1114
14,2027,45,1139
14,2027,46,1136
14,2027,47,1239
14,2027,48,1165
14,2027,49,1112
14,2027,50,1169
14,2027,51,1162
14,2027,52,1095
14,2027,53,1064
14,2027,54,1057
14,2027,55,1030
14,2027,56,1126
14,2027,57,1164
14,2027,58,951
14,2027,59,872
14,2027,60,860
14,2027,61,794
14,2027,62,873
14,2027,63,889
14,2027,64,818
14,2027,65,867
14,2027,66,796
14,2027,67,823
14,2027,68,823
14,2027,69,784
14,2027,70,791
14,2027,71,768
14,2027,72,746
14,2027,73,690
14,2027,74,631
14,2027,75,651
14,2027,76,602
14,2027,77,561
14,2027,78,562
14,2027,79,568
14,2027,80,561
14,2027,81,394
14,2027,82,338
14,2027,83,371
14,2027,84,302
14,2027,85,266
14,2027,86,236
14,2027,87,180
14,2027,88,166
14,2027,89,151
14,2027,90,128
14,2027,91,114
14,2027,92,87
14,2027,93,71
14,2027,94,58
14,2027,95,49
14,2027,96,41
14,2027,97,28
14,2027,98,21
14,2027,99,17
14,2027,100,29
14,2028,0,742
14,2028,1,732
14,2028,2,763
14,2028,3,762
14,2028,4,771
14,2028,5,795
14,2028,6,780
14,2028,7,814
14,2028,8,846
14,2028,9,921
14,2028,10,894
14,2028,11,955
14,2028,12,1040
14,2028,13,976
14,2028,14,1052
14,2028,15,1012
14,2028,16,1049
14,2028,17,988
14,2028,18,912
14,2028,19,845
14,2028,20,851
14,2028,21,895
14,2028,22,835
14,2028,23,877
14,2028,24,835
14,2028,25,857
14,2028,26,900
14,2028,27,875
14,2028,28,872
14,2028,29,1000
14,2028,30,1025
14,2028,31,1103
14,2028,32,1254
14,2028,33,1476
14,2028,34,1520
14,2028,35,1629
14,2028,36,1525
14,2028,37,1417
14,2028,38,1564
14,2028,39,1470
14,2028,40,1329
14,2028,41,1362
14,2028,42,1294
14,2028,43,1280
14,2028,44,1212
14,2028,45,1129
14,2028,46,1152
14,2028,47,1146
14,2028,48,1250
14,2028,49,1174
14,2028,50,1113
14,2028,51,1169
14,2028,52,1160
14,2028,53,1093
14,2028,54,1062
14,2028,55,1055
14,2028,56,1027
14,2028,57,1121
14,2028,58,1158
14,2028,59,945
14,2028,60,866
14,2028,61,854
14,2028,62,787
14,2028,63,865
14,2028,64,881
14,2028,65,823
14,2028,66,870
14,2028,67,796
14,2028,68,823
14,2028,69,820
14,2028,70,779
14,2028,71,785
14,2028,72,762
14,2028,73,738
14,2028,74,680
14,2028,75,623
14,2028,76,640
14,2028,77,589
14,2028,78,548
14,2028,79,548
14,2028,80,550
14,2028,81,541
14,2028,82,378
14,2028,83,323
14,2028,84,352
14,2028,85,285
14,2028,86,249
14,2028,87,219
14,2028,88,165
14,2028,89,150
14,2028,90,135
14,2028,91,114
14,2028,92,100
14,2028,93,75
14,2028,94,60
14,2028,95,48
14,2028,96,40
14,2028,97,33
14,2028,98,22
14,2028,99,16
14,2028,100,31
14,2029,0,701
14,2029,1,761
14,2029,2,754
14,2029,3,787
14,2029,4,793
14,2029,5,805
14,2029,6,827
14,2029,7,814
14,2029,8,848
14,2029,9,878
14,2029,10,951
14,2029,11,921
14,2029,12,980
14,2029,13,1058
14,2029,14,994
14,2029,15,1067
14,2029,16,1025
14,2029,17,989
14,2029,18,920
14,2029,19,841
14,2029,20,798
14,2029,21,863
14,2029,22,907
14,2029,23,848
14,2029,24,892
14,2029,25,866
14,2029,26,892
14,2029,27,954
14,2029,28,929
14,2029,29,940
14,2029,30,1062
14,2029,31,1077
14,2029,32,1153
14,2029,33,1296
14,2029,34,1512
14,2029,35,1539
14,2029,36,1646
14,2029,37,1548
14,2029,38,1444
14,2029,39,1591
14,2029,40,1497
14,2029,41,1355
14,2029,42,1390
14,2029,43,1319
14,2029,44,1300
14,2029,45,1229
14,2029,46,1143
14,2029,47,1163
14,2029,48,1158
14,2029,49,1259
14,2029,50,1175
14,2029,51,1112
14,2029,52,1168
14,2029,53,1159
14,2029,54,1091
14,2029,55,1060
14,2029,56,1052
14,2029,57,1023
14,2029,58,1115
14,2029,59,1150
14,2029,60,939
14,2029,61,860
14,2029,62,847
14,2029,63,781
14,2029,64,857
14,2029,65,886
14,2029,66,827
14,2029,67,871
14,2029,68,798
14,2029,69,821
14,2029,70,815
14,2029,71,773
14,2029,72,779
14,2029,73,754
14,2029,74,728
14,2029,75,671
14,2029,76,613
14,2029,77,627
14,2029,78,575
14,2029,79,534
14,2029,80,530
14,2029,81,530
14,2029,82,519
14,2029,83,362
14,2029,84,307
14,2029,85,332
14,2029,86,266
14,2029,87,231
14,2029,88,202
14,2029,89,150
14,2029,90,135
14,2029,91,120
14,2029,92,99
14,2029,93,86
14,2029,94,63
14,2029,95,50
14,2029,96,40
14,2029,97,32
14,2029,98,26
14,2029,99,16
14,2029,100,31
14,2030,0,714
14,2030,1,722
14,2030,2,786
14,2030,3,780
14,2030,4,821
14,2030,5,831
14,2030,6,840
14,2030,7,864
14,2030,8,850
14,2030,9,883
14,2030,10,911
14,2030,11,981
14,2030,12,949
14,2030,13,1000
14,2030,14,1078
14,2030,15,1010
14,2030,16,1082
14,2030,17,967
14,2030,18,922
14,2030,19,849
14,2030,20,795
14,2030,21,811
14,2030,22,877
14,2030,23,921
14,2030,24,865
14,2030,25,925
14,2030,26,904
14,2030,27,951
14,2030,28,1013
14,2030,29,1005
14,2030,30,1008
14,2030,31,1118
14,2030,32,1132
14,2030,33,1199
14,2030,34,1336
14,2030,35,1534
14,2030,36,1558
14,2030,37,1671
14,2030,38,1578
14,2030,39,1474
14,2030,40,1620
14,2030,41,1525
14,2030,42,1386
14,2030,43,1417
14,2030,44,1341
14,2030,45,1319
14,2030,46,1244
14,2030,47,1155
14,2030,48,1176
14,2030,49,1169
14,2030,50,1261
14,2030,51,1175
14,2030,52,1112
14,2030,53,1166
14,2030,54,1157
14,2030,55,1089
14,2030,56,1058
14,2030,57,1048
14,2030,58,1018
14,2030,59,1108
14,2030,60,1143
14,2030,61,933
14,2030,62,853
14,2030,63,840
14,2030,64,775
14,2030,65,864
14,2030,66,890
14,2030,67,829
14,2030,68,873
14,2030,69,796
14,2030,70,817
14,2030,71,809
14,2030,72,768
14,2030,73,772
14,2030,74,744
14,2030,75,718
14,2030,76,661
14,2030,77,601
14,2030,78,613
14,2030,79,561
14,2030,80,517
14,2030,81,512
14,2030,82,509
14,2030,83,497
14,2030,84,344
14,2030,85,289
14,2030,86,311
14,2030,87,247
14,2030,88,213
14,2030,89,184
14,2030,90,135
14,2030,91,120
14,2030,92,105
14,2030,93,85
14,2030,94,73
14,2030,95,53
14,2030,96,41
14,2030,97,32
14,2030,98,26
14,2030,99,19
14,2030,100,32
14,2031,0,702
14,2031,1,736
14,2031,2,747
14,2031,3,812
14,2031,4,814
14,2031,5,858
14,2031,6,865
14,2031,7,877
14,2031,8,900
14,2031,9,885
14,2031,10,916
14,2031,11,941
14,2031,12,1009
14,2031,13,968
14,2031,14,1020
14,2031,15,1095
14,2031,16,1026
14,2031,17,1021
14,2031,18,901
14,2031,19,850
14,2031,20,802
14,2031,21,808
14,2031,22,825
14,2031,23,891
14,2031,24,938
14,2031,25,898
14,2031,26,964
14,2031,27,964
14,2031,28,1011
14,2031,29,1089
14,2031,30,1073
14,2031,31,1065
14,2031,32,1174
14,2031,33,1178
14,2031,34,1239
14,2031,35,1358
14,2031,36,1553
14,2031,37,1584
14,2031,38,1700
14,2031,39,1608
14,2031,40,1504
14,2031,41,1649
14,2031,42,1555
14,2031,43,1413
14,2031,44,1439
14,2031,45,1359
14,2031,46,1334
14,2031,47,1256
14,2031,48,1168
14,2031,49,1187
14,2031,50,1171
14,2031,51,1261
14,2031,52,1174
14,2031,53,1111
14,2031,54,1164
14,2031,55,1155
14,2031,56,1087
14,2031,57,1053
14,2031,58,1043
14,2031,59,1012
14,2031,60,1100
14,2031,61,1134
14,2031,62,925
14,2031,63,846
14,2031,64,834
14,2031,65,782
14,2031,66,869
14,2031,67,892
14,2031,68,832
14,2031,69,871
14,2031,70,793
14,2031,71,811
14,2031,72,804
14,2031,73,761
14,2031,74,761
14,2031,75,734
14,2031,76,708
14,2031,77,648
14,2031,78,587
14,2031,79,598
14,2031,80,543
14,2031,81,499
14,2031,82,492
14,2031,83,487
14,2031,84,472
14,2031,85,324
14,2031,86,271
14,2031,87,289
14,2031,88,227
14,2031,89,194
14,2031,90,166
14,2031,91,120
14,2031,92,105
14,2031,93,90
14,2031,94,73
14,2031,95,61
14,2031,96,44
14,2031,97,34
14,2031,98,25
14,2031,99,19
14,2031,100,35
14,2032,0,714
14,2032,1,724
14,2032,2,760
14,2032,3,773
14,2032,4,846
14,2032,5,852
14,2032,6,893
14,2032,7,903
14,2032,8,913
14,2032,9,935
14,2032,10,919
14,2032,11,946
14,2032,12,969
14,2032,13,1029
14,2032,14,988
14,2032,15,1037
14,2032,16,1110
14,2032,17,967
14,2032,18,951
14,2032,19,831
14,2032,20,803
14,2032,21,816
14,2032,22,822
14,2032,23,839
14,2032,24,908
14,2032,25,972
14,2032,26,937
14,2032,27,1023
14,2032,28,1024
14,2032,29,1086
14,2032,30,1157
14,2032,31,1130
14,2032,32,1120
14,2032,33,1220
14,2032,34,1218
14,2032,35,1261
14,2032,36,1377
14,2032,37,1578
14,2032,38,1613
14,2032,39,1730
14,2032,40,1637
14,2032,41,1532
14,2032,42,1679
14,2032,43,1583
14,2032,44,1436
14,2032,45,1457
14,2032,46,1375
14,2032,47,1346
14,2032,48,1269
14,2032,49,1180
14,2032,50,1189
14,2032,51,1171
14,2032,52,1260
14,2032,53,1173
14,2032,54,1109
14,2032,55,1163
14,2032,56,1152
14,2032,57,1083
14,2032,58,1048
14,2032,59,1037
14,2032,60,1006
14,2032,61,1092
14,2032,62,1125
14,2032,63,918
14,2032,64,840
14,2032,65,840
14,2032,66,788
14,2032,67,871
14,2032,68,894
14,2032,69,830
14,2032,70,866
14,2032,71,788
14,2032,72,806
14,2032,73,796
14,2032,74,751
14,2032,75,751
14,2032,76,724
14,2032,77,693
14,2032,78,633
14,2032,79,573
14,2032,80,580
14,2032,81,524
14,2032,82,479
14,2032,83,471
14,2032,84,463
14,2032,85,446
14,2032,86,304
14,2032,87,252
14,2032,88,266
14,2032,89,207
14,2032,90,174
14,2032,91,148
14,2032,92,105
14,2032,93,91
14,2032,94,77
14,2032,95,61
14,2032,96,51
14,2032,97,35
14,2032,98,27
14,2032,99,19
14,2032,100,36
14,2033,0,699
14,2033,1,736
14,2033,2,749
14,2033,3,787
14,2033,4,807
14,2033,5,884
14,2033,6,887
14,2033,7,931
14,2033,8,939
14,2033,9,949
14,2033,10,969
14,2033,11,949
14,2033,12,974
14,2033,13,989
14,2033,14,1049
14,2033,15,1005
14,2033,16,1052
14,2033,17,1046
14,2033,18,902
14,2033,19,877
14,2033,20,786
14,2033,21,817
14,2033,22,829
14,2033,23,837
14,2033,24,856
14,2033,25,942
14,2033,26,1010
14,2033,27,996
14,2033,28,1083
14,2033,29,1099
14,2033,30,1154
14,2033,31,1214
14,2033,32,1185
14,2033,33,1166
14,2033,34,1260
14,2033,35,1240
14,2033,36,1281
14,2033,37,1403
14,2033,38,1608
14,2033,39,1643
14,2033,40,1760
14,2033,41,1666
14,2033,42,1563
14,2033,43,1706
14,2033,44,1605
14,2033,45,1454
14,2033,46,1473
14,2033,47,1387
14,2033,48,1358
14,2033,49,1280
14,2033,50,1182
14,2033,51,1189
14,2033,52,1171
14,2033,53,1258
14,2033,54,1171
14,2033,55,1107
14,2033,56,1160
14,2033,57,1148
14,2033,58,1077
14,2033,59,1042
14,2033,60,1031
14,2033,61,999
14,2033,62,1083
14,2033,63,1115
14,2033,64,910
14,2033,65,846
14,2033,66,846
14,2033,67,791
14,2033,68,873
14,2033,69,892
14,2033,70,826
14,2033,71,860
14,2033,72,783
14,2033,73,798
14,2033,74,786
14,2033,75,742
14,2033,76,740
14,2033,77,709
14,2033,78,678
14,2033,79,618
14,2033,80,556
14,2033,81,560
14,2033,82,504
14,2033,83,459
14,2033,84,448
14,2033,85,438
14,2033,86,418
14,2033,87,283
14,2033,88,232
14,2033,89,243
14,2033,90,186
14,2033,91,155
14,2033,92,130
14,2033,93,91
14,2033,94,77
14,2033,95,64
14,2033,96,50
14,2033,97,41
14,2033,98,28
14,2033,99,20
14,2033,100,37
14,2034,0,704
14,2034,1,721
14,2034,2,761
14,2034,3,775
14,2034,4,821
14,2034,5,845
14,2034,6,919
14,2034,7,925
14,2034,8,967
14,2034,9,975
14,2034,10,983
14,2034,11,999
14,2034,12,977
14,2034,13,994
14,2034,14,1009
14,2034,15,1065
14,2034,16,1020
14,2034,17,992
14,2034,18,975
14,2034,19,832
14,2034,20,828
14,2034,21,800
14,2034,22,831
14,2034,23,844
14,2034,24,853
14,2034,25,890
14,2034,26,980
14,2034,27,1070
14,2034,28,1056
14,2034,29,1159
14,2034,30,1167
14,2034,31,1211
14,2034,32,1269
14,2034,33,1231
14,2034,34,1207
14,2034,35,1282
14,2034,36,1260
14,2034,37,1307
14,2034,38,1432
14,2034,39,1638
14,2034,40,1673
14,2034,41,1788
14,2034,42,1696
14,2034,43,1590
14,2034,44,1728
14,2034,45,1623
14,2034,46,1469
14,2034,47,1484
14,2034,48,1399
14,2034,49,1370
14,2034,50,1282
14,2034,51,1182
14,2034,52,1188
14,2034,53,1169
14,2034,54,1256
14,2034,55,1170
14,2034,56,1105
14,2034,57,1156
14,2034,58,1142
14,2034,59,1071
14,2034,60,1036
14,2034,61,1024
14,2034,62,991
14,2034,63,1074
14,2034,64,1106
14,2034,65,917
14,2034,66,852
14,2034,67,848
14,2034,68,794
14,2034,69,871
14,2034,70,888
14,2034,71,821
14,2034,72,855
14,2034,73,776
14,2034,74,788
14,2034,75,776
14,2034,76,731
14,2034,77,725
14,2034,78,693
14,2034,79,661
14,2034,80,599
14,2034,81,537
14,2034,82,538
14,2034,83,483
14,2034,84,437
14,2034,85,423
14,2034,86,410
14,2034,87,389
14,2034,88,261
14,2034,89,212
14,2034,90,219
14,2034,91,166
14,2034,92,136
14,2034,93,113
14,2034,94,78
14,2034,95,65
14,2034,96,53
14,2034,97,41
14,2034,98,33
14,2034,99,21
14,2034,100,39
14,2035,0,695
14,2035,1,725
14,2035,2,745
14,2035,3,787
14,2035,4,809
14,2035,5,859
14,2035,6,880
14,2035,7,956
14,2035,8,961
14,2035,9,1002
14,2035,10,1009
14,2035,11,1012
14,2035,12,1027
14,2035,13,997
14,2035,14,1014
14,2035,15,1025
14,2035,16,1080
14,2035,17,962
14,2035,18,924
14,2035,19,898
14,2035,20,786
14,2035,21,842
14,2035,22,813
14,2035,23,845
14,2035,24,861
14,2035,25,887
14,2035,26,928
14,2035,27,1040
14,2035,28,1130
14,2035,29,1132
14,2035,30,1227
14,2035,31,1224
14,2035,32,1267
14,2035,33,1315
14,2035,34,1272
14,2035,35,1229
14,2035,36,1302
14,2035,37,1286
14,2035,38,1337
14,2035,39,1463
14,2035,40,1667
14,2035,41,1702
14,2035,42,1819
14,2035,43,1723
14,2035,44,1612
14,2035,45,1746
14,2035,46,1638
14,2035,47,1481
14,2035,48,1497
14,2035,49,1410
14,2035,50,1371
14,2035,51,1282
14,2035,52,1181
14,2035,53,1187
14,2035,54,1167
14,2035,55,1254
14,2035,56,1167
14,2035,57,1101
14,2035,58,1150
14,2035,59,1136
14,2035,60,1065
14,2035,61,1029
14,2035,62,1016
14,2035,63,983
14,2035,64,1065
14,2035,65,1111
14,2035,66,922
14,2035,67,855
14,2035,68,851
14,2035,69,793
14,2035,70,867
14,2035,71,881
14,2035,72,815
14,2035,73,847
14,2035,74,766
14,2035,75,778
14,2035,76,764
14,2035,77,717
14,2035,78,709
14,2035,79,677
14,2035,80,641
14,2035,81,579
14,2035,82,517
14,2035,83,516
14,2035,84,459
14,2035,85,413
14,2035,86,397
14,2035,87,382
14,2035,88,359
14,2035,89,238
14,2035,90,191
14,2035,91,196
14,2035,92,146
14,2035,93,118
14,2035,94,97
14,2035,95,65
14,2035,96,54
14,2035,97,43
14,2035,98,32
14,2035,99,25
14,2035,100,41
14,2036,0,717
14,2036,1,717
14,2036,2,750
14,2036,3,772
14,2036,4,821
14,2036,5,847
14,2036,6,894
14,2036,7,918
14,2036,8,993
14,2036,9,997
14,2036,10,1036
14,2036,11,1038
14,2036,12,1040
14,2036,13,1047
14,2036,14,1016
14,2036,15,1030
14,2036,16,1041
14,2036,17,1019
14,2036,18,897
14,2036,19,852
14,2036,20,849
14,2036,21,800
14,2036,22,856
14,2036,23,828
14,2036,24,862
14,2036,25,894
14,2036,26,926
14,2036,27,988
14,2036,28,1100
14,2036,29,1205
14,2036,30,1200
14,2036,31,1284
14,2036,32,1280
14,2036,33,1313
14,2036,34,1356
14,2036,35,1294
14,2036,36,1249
14,2036,37,1328
14,2036,38,1316
14,2036,39,1367
14,2036,40,1493
14,2036,41,1696
14,2036,42,1732
14,2036,43,1846
14,2036,44,1746
14,2036,45,1631
14,2036,46,1761
14,2036,47,1649
14,2036,48,1493
14,2036,49,1508
14,2036,50,1412
14,2036,51,1371
14,2036,52,1281
14,2036,53,1180
14,2036,54,1185
14,2036,55,1166
14,2036,56,1252
14,2036,57,1163
14,2036,58,1096
14,2036,59,1144
14,2036,60,1129
14,2036,61,1057
14,2036,62,1021
14,2036,63,1008
14,2036,64,975
14,2036,65,1070
14,2036,66,1114
14,2036,67,924
14,2036,68,858
14,2036,69,850
14,2036,70,790
14,2036,71,862
14,2036,72,876
14,2036,73,808
14,2036,74,836
14,2036,75,757
14,2036,76,767
14,2036,77,749
14,2036,78,701
14,2036,79,692
14,2036,80,657
14,2036,81,620
14,2036,82,557
14,2036,83,495
14,2036,84,492
14,2036,85,435
14,2036,86,388
14,2036,87,370
14,2036,88,353
14,2036,89,328
14,2036,90,215
14,2036,91,170
14,2036,92,173
14,2036,93,126
14,2036,94,101
14,2036,95,82
14,2036,96,54
14,2036,97,44
14,2036,98,34
14,2036,99,25
14,2036,100,45
14,2037,0,716
14,2037,1,738
14,2037,2,742
14,2037,3,776
14,2037,4,806
14,2037,5,859
14,2037,6,882
14,2037,7,931
14,2037,8,954
14,2037,9,1028
14,2037,10,1030
14,2037,11,1066
14,2037,12,1066
14,2037,13,1060
14,2037,14,1067
14,2037,15,1033
14,2037,16,1046
14,2037,17,981
14,2037,18,949
14,2037,19,827
14,2037,20,806
14,2037,21,862
14,2037,22,814
14,2037,23,870
14,2037,24,845
14,2037,25,896
14,2037,26,933
14,2037,27,985
14,2037,28,1048
14,2037,29,1176
14,2037,30,1273
14,2037,31,1257
14,2037,32,1339
14,2037,33,1326
14,2037,34,1353
14,2037,35,1378
14,2037,36,1313
14,2037,37,1275
14,2037,38,1357
14,2037,39,1346
14,2037,40,1397
14,2037,41,1521
14,2037,42,1727
14,2037,43,1759
14,2037,44,1868
14,2037,45,1763
14,2037,46,1645
14,2037,47,1772
14,2037,48,1662
14,2037,49,1504
14,2037,50,1509
14,2037,51,1412
14,2037,52,1370
14,2037,53,1280
14,2037,54,1178
14,2037,55,1184
14,2037,56,1164
14,2037,57,1246
14,2037,58,1157
14,2037,59,1090
14,2037,60,1137
14,2037,61,1121
14,2037,62,1050
14,2037,63,1013
14,2037,64,1000
14,2037,65,981
14,2037,66,1074
14,2037,67,1115
14,2037,68,926
14,2037,69,856
14,2037,70,846
14,2037,71,786
14,2037,72,856
14,2037,73,868
14,2037,74,798
14,2037,75,826
14,2037,76,747
14,2037,77,752
14,2037,78,733
14,2037,79,684
14,2037,80,672
14,2037,81,635
14,2037,82,597
14,2037,83,534
14,2037,84,472
14,2037,85,466
14,2037,86,408
14,2037,87,362
14,2037,88,342
14,2037,89,323
14,2037,90,297
14,2037,91,192
14,2037,92,150
14,2037,93,150
14,2037,94,108
14,2037,95,86
14,2037,96,68
14,2037,97,44
14,2037,98,35
14,2037,99,26
14,2037,100,47
14,2038,0,728
14,2038,1,738
14,2038,2,763
14,2038,3,768
14,2038,4,810
14,2038,5,844
14,2038,6,894
14,2038,7,919
14,2038,8,968
14,2038,9,989
14,2038,10,1062
14,2038,11,1060
14,2038,12,1094
14,2038,13,1086
14,2038,14,1080
14,2038,15,1084
14,2038,16,1048
14,2038,17,986
14,2038,18,915
14,2038,19,875
14,2038,20,782
14,2038,21,819
14,2038,22,876
14,2038,23,828
14,2038,24,887
14,2038,25,878
14,2038,26,934
14,2038,27,993
14,2038,28,1045
14,2038,29,1124
14,2038,30,1244
14,2038,31,1330
14,2038,32,1313
14,2038,33,1385
14,2038,34,1367
14,2038,35,1375
14,2038,36,1397
14,2038,37,1339
14,2038,38,1305
14,2038,39,1388
14,2038,40,1376
14,2038,41,1426
14,2038,42,1552
14,2038,43,1754
14,2038,44,1781
14,2038,45,1885
14,2038,46,1778
14,2038,47,1657
14,2038,48,1784
14,2038,49,1672
14,2038,50,1506
14,2038,51,1509
14,2038,52,1411
14,2038,53,1368
14,2038,54,1278
14,2038,55,1177
14,2038,56,1181
14,2038,57,1159
14,2038,58,1240
14,2038,59,1151
14,2038,60,1084
14,2038,61,1129
14,2038,62,1113
14,2038,63,1041
14,2038,64,1005
14,2038,65,1006
14,2038,66,986
14,2038,67,1075
14,2038,68,1115
14,2038,69,924
14,2038,70,853
14,2038,71,841
14,2038,72,781
14,2038,73,849
14,2038,74,857
14,2038,75,789
14,2038,76,814
14,2038,77,732
14,2038,78,736
14,2038,79,716
14,2038,80,664
14,2038,81,649
14,2038,82,611
14,2038,83,572
14,2038,84,509
14,2038,85,447
14,2038,86,438
14,2038,87,381
14,2038,88,334
14,2038,89,313
14,2038,90,292
14,2038,91,265
14,2038,92,169
14,2038,93,131
14,2038,94,129
14,2038,95,91
14,2038,96,71
14,2038,97,56
14,2038,98,35
14,2038,99,27
14,2038,100,50
14,2039,0,729
14,2039,1,750
14,2039,2,763
14,2039,3,789
14,2039,4,802
14,2039,5,848
14,2039,6,879
14,2039,7,931
14,2039,8,956
14,2039,9,1003
14,2039,10,1023
14,2039,11,1092
14,2039,12,1088
14,2039,13,1114
14,2039,14,1106
14,2039,15,1097
14,2039,16,1099
14,2039,17,989
14,2039,18,919
14,2039,19,844
14,2039,20,827
14,2039,21,796
14,2039,22,833
14,2039,23,891
14,2039,24,845
14,2039,25,921
14,2039,26,917
14,2039,27,994
14,2039,28,1053
14,2039,29,1121
14,2039,30,1192
14,2039,31,1301
14,2039,32,1386
14,2039,33,1359
14,2039,34,1426
14,2039,35,1389
14,2039,36,1395
14,2039,37,1423
14,2039,38,1369
14,2039,39,1335
14,2039,40,1418
14,2039,41,1405
14,2039,42,1457
14,2039,43,1580
14,2039,44,1776
14,2039,45,1799
14,2039,46,1900
14,2039,47,1790
14,2039,48,1669
14,2039,49,1795
14,2039,50,1674
14,2039,51,1505
14,2039,52,1508
14,2039,53,1409
14,2039,54,1366
14,2039,55,1276
14,2039,56,1175
14,2039,57,1177
14,2039,58,1154
14,2039,59,1234
14,2039,60,1144
14,2039,61,1076
14,2039,62,1121
14,2039,63,1104
14,2039,64,1033
14,2039,65,1011
14,2039,66,1010
14,2039,67,988
14,2039,68,1076
14,2039,69,1111
14,2039,70,920
14,2039,71,847
14,2039,72,836
14,2039,73,775
14,2039,74,838
14,2039,75,846
14,2039,76,778
14,2039,77,799
14,2039,78,717
14,2039,79,719
14,2039,80,695
14,2039,81,643
14,2039,82,626
14,2039,83,587
14,2039,84,546
14,2039,85,482
14,2039,86,420
14,2039,87,409
14,2039,88,352
14,2039,89,306
14,2039,90,284
14,2039,91,261
14,2039,92,235
14,2039,93,148
14,2039,94,112
14,2039,95,110
14,2039,96,76
14,2039,97,58
14,2039,98,45
14,2039,99,27
14,2039,100,52
14,2040,0,731
14,2040,1,750
14,2040,2,775
14,2040,3,789
14,2040,4,824
14,2040,5,840
14,2040,6,883
14,2040,7,916
14,2040,8,968
14,2040,9,991
14,2040,10,1037
14,2040,11,1053
14,2040,12,1120
14,2040,13,1108
14,2040,14,1134
14,2040,15,1123
14,2040,16,1112
14,2040,17,1036
14,2040,18,921
14,2040,19,848
14,2040,20,797
14,2040,21,841
14,2040,22,810
14,2040,23,848
14,2040,24,907
14,2040,25,879
14,2040,26,959
14,2040,27,977
14,2040,28,1054
14,2040,29,1129
14,2040,30,1189
14,2040,31,1249
14,2040,32,1356
14,2040,33,1432
14,2040,34,1400
14,2040,35,1448
14,2040,36,1408
14,2040,37,1421
14,2040,38,1453
14,2040,39,1400
14,2040,40,1365
14,2040,41,1447
14,2040,42,1436
14,2040,43,1485
14,2040,44,1602
14,2040,45,1794
14,2040,46,1814
14,2040,47,1912
14,2040,48,1802
14,2040,49,1680
14,2040,50,1796
14,2040,51,1673
14,2040,52,1504
14,2040,53,1506
14,2040,54,1407
14,2040,55,1364
14,2040,56,1274
14,2040,57,1170
14,2040,58,1172
14,2040,59,1148
14,2040,60,1226
14,2040,61,1137
14,2040,62,1069
14,2040,63,1112
14,2040,64,1096
14,2040,65,1039
14,2040,66,1015
14,2040,67,1012
14,2040,68,990
14,2040,69,1072
14,2040,70,1105
14,2040,71,914
14,2040,72,842
14,2040,73,830
14,2040,74,766
14,2040,75,828
14,2040,76,835
14,2040,77,763
14,2040,78,782
14,2040,79,701
14,2040,80,698
14,2040,81,672
14,2040,82,619
14,2040,83,601
14,2040,84,560
14,2040,85,517
14,2040,86,453
14,2040,87,392
14,2040,88,378
14,2040,89,322
14,2040,90,277
14,2040,91,254
14,2040,92,231
14,2040,93,205
14,2040,94,127
14,2040,95,95
14,2040,96,92
14,2040,97,62
14,2040,98,47
14,2040,99,35
14,2040,100,54
14,2041,0,738
14,2041,1,753
14,2041,2,776
14,2041,3,801
14,2041,4,823
14,2041,5,862
14,2041,6,875
14,2041,7,921
14,2041,8,953
14,2041,9,1004
14,2041,10,1025
14,2041,11,1067
14,2041,12,1081
14,2041,13,1140
14,2041,14,1128
14,2041,15,1151
14,2041,16,1138
14,2041,17,1048
14,2041,18,965
14,2041,19,850
14,2041,20,801
14,2041,21,811
14,2041,22,854
14,2041,23,824
14,2041,24,865
14,2041,25,941
14,2041,26,918
14,2041,27,1019
14,2041,28,1037
14,2041,29,1131
14,2041,30,1197
14,2041,31,1247
14,2041,32,1305
14,2041,33,1403
14,2041,34,1473
14,2041,35,1422
14,2041,36,1468
14,2041,37,1434
14,2041,38,1451
14,2041,39,1484
14,2041,40,1430
14,2041,41,1395
14,2041,42,1478
14,2041,43,1464
14,2041,44,1507
14,2041,45,1621
14,2041,46,1809
14,2041,47,1826
14,2041,48,1924
14,2041,49,1813
14,2041,50,1682
14,2041,51,1795
14,2041,52,1671
14,2041,53,1502
14,2041,54,1503
14,2041,55,1405
14,2041,56,1361
14,2041,57,1269
14,2041,58,1165
14,2041,59,1166
14,2041,60,1141
14,2041,61,1218
14,2041,62,1128
14,2041,63,1060
14,2041,64,1104
14,2041,65,1101
14,2041,66,1044
14,2041,67,1017
14,2041,68,1014
14,2041,69,987
14,2041,70,1066
14,2041,71,1097
14,2041,72,908
14,2041,73,836
14,2041,74,820
14,2041,75,757
14,2041,76,817
14,2041,77,819
14,2041,78,747
14,2041,79,764
14,2041,80,681
14,2041,81,676
14,2041,82,648
14,2041,83,595
14,2041,84,573
14,2041,85,531
14,2041,86,487
14,2041,87,424
14,2041,88,363
14,2041,89,347
14,2041,90,292
14,2041,91,248
14,2041,92,225
14,2041,93,202
14,2041,94,177
14,2041,95,108
14,2041,96,79
14,2041,97,76
14,2041,98,50
14,2041,99,36
14,2041,100,61
14,2042,0,724
14,2042,1,760
14,2042,2,778
14,2042,3,802
14,2042,4,836
14,2042,5,862
14,2042,6,897
14,2042,7,913
14,2042,8,958
14,2042,9,989
14,2042,10,1038
14,2042,11,1055
14,2042,12,1095
14,2042,13,1101
14,2042,14,1160
14,2042,15,1145
14,2042,16,1166
14,2042,17,1073
14,2042,18,977
14,2042,19,890
14,2042,20,803
14,2042,21,815
14,2042,22,825
14,2042,23,869
14,2042,24,841
14,2042,25,899
14,2042,26,980
14,2042,27,978
14,2042,28,1080
14,2042,29,1114
14,2042,30,1199
14,2042,31,1255
14,2042,32,1303
14,2042,33,1352
14,2042,34,1444
14,2042,35,1495
14,2042,36,1441
14,2042,37,1494
14,2042,38,1464
14,2042,39,1482
14,2042,40,1514
14,2042,41,1459
14,2042,42,1426
14,2042,43,1506
14,2042,44,1487
14,2042,45,1526
14,2042,46,1636
14,2042,47,1821
14,2042,48,1838
14,2042,49,1934
14,2042,50,1814
14,2042,51,1681
14,2042,52,1793
14,2042,53,1669
14,2042,54,1500
14,2042,55,1501
14,2042,56,1402
14,2042,57,1356
14,2042,58,1263
14,2042,59,1159
14,2042,60,1159
14,2042,61,1134
14,2042,62,1209
14,2042,63,1120
14,2042,64,1053
14,2042,65,1109
14,2042,66,1106
14,2042,67,1045
14,2042,68,1019
14,2042,69,1012
14,2042,70,983
14,2042,71,1059
14,2042,72,1089
14,2042,73,901
14,2042,74,826
14,2042,75,811
14,2042,76,748
14,2042,77,802
14,2042,78,802
14,2042,79,730
14,2042,80,743
14,2042,81,659
14,2042,82,652
14,2042,83,623
14,2042,84,568
14,2042,85,544
14,2042,86,500
14,2042,87,455
14,2042,88,392
14,2042,89,333
14,2042,90,315
14,2042,91,262
14,2042,92,220
14,2042,93,197
14,2042,94,175
14,2042,95,151
14,2042,96,91
14,2042,97,65
14,2042,98,61
14,2042,99,39
14,2042,100,67
14,2043,0,740
14,2043,1,747
14,2043,2,786
14,2043,3,805
14,2043,4,837
14,2043,5,874
14,2043,6,897
14,2043,7,935
14,2043,8,951
14,2043,9,994
14,2043,10,1023
14,2043,11,1068
14,2043,12,1084
14,2043,13,1115
14,2043,14,1121
14,2043,15,1177
14,2043,16,1160
14,2043,17,1099
14,2043,18,999
14,2043,19,900
14,2043,20,841
14,2043,21,817
14,2043,22,829
14,2043,23,840
14,2043,24,886
14,2043,25,876
14,2043,26,938
14,2043,27,1041
14,2043,28,1039
14,2043,29,1157
14,2043,30,1183
14,2043,31,1257
14,2043,32,1311
14,2043,33,1350
14,2043,34,1393
14,2043,35,1466
14,2043,36,1515
14,2043,37,1468
14,2043,38,1524
14,2043,39,1496
14,2043,40,1512
14,2043,41,1544
14,2043,42,1491
14,2043,43,1454
14,2043,44,1529
14,2043,45,1506
14,2043,46,1542
14,2043,47,1648
14,2043,48,1833
14,2043,49,1849
14,2043,50,1935
14,2043,51,1813
14,2043,52,1680
14,2043,53,1791
14,2043,54,1666
14,2043,55,1498
14,2043,56,1498
14,2043,57,1396
14,2043,58,1349
14,2043,59,1256
14,2043,60,1153
14,2043,61,1151
14,2043,62,1126
14,2043,63,1199
14,2043,64,1112
14,2043,65,1059
14,2043,66,1114
14,2043,67,1107
14,2043,68,1047
14,2043,69,1016
14,2043,70,1007
14,2043,71,977
14,2043,72,1051
14,2043,73,1079
14,2043,74,890
14,2043,75,817
14,2043,76,800
14,2043,77,734
14,2043,78,786
14,2043,79,784
14,2043,80,710
14,2043,81,720
14,2043,82,636
14,2043,83,627
14,2043,84,595
14,2043,85,539
14,2043,86,512
14,2043,87,467
14,2043,88,421
14,2043,89,360
14,2043,90,302
14,2043,91,283
14,2043,92,232
14,2043,93,193
14,2043,94,170
14,2043,95,149
14,2043,96,127
14,2043,97,75
14,2043,98,53
14,2043,99,48
14,2043,100,73
14,2044,0,734
14,2044,1,762
14,2044,2,772
14,2044,3,812
14,2044,4,839
14,2044,5,875
14,2044,6,910
14,2044,7,935
14,2044,8,972
14,2044,9,986
14,2044,10,1028
14,2044,11,1053
14,2044,12,1097
14,2044,13,1104
14,2044,14,1136
14,2044,15,1139
14,2044,16,1192
14,2044,17,1094
14,2044,18,1024
14,2044,19,921
14,2044,20,851
14,2044,21,855
14,2044,22,831
14,2044,23,844
14,2044,24,857
14,2044,25,921
14,2044,26,915
14,2044,27,999
14,2044,28,1102
14,2044,29,1116
14,2044,30,1226
14,2044,31,1241
14,2044,32,1314
14,2044,33,1359
14,2044,34,1391
14,2044,35,1416
14,2044,36,1486
14,2044,37,1541
14,2044,38,1498
14,2044,39,1555
14,2044,40,1526
14,2044,41,1542
14,2044,42,1575
14,2044,43,1519
14,2044,44,1477
14,2044,45,1548
14,2044,46,1521
14,2044,47,1554
14,2044,48,1661
14,2044,49,1844
14,2044,50,1850
14,2044,51,1934
14,2044,52,1811
14,2044,53,1678
14,2044,54,1787
14,2044,55,1664
14,2044,56,1495
14,2044,57,1491
14,2044,58,1390
14,2044,59,1342
14,2044,60,1249
14,2044,61,1145
14,2044,62,1143
14,2044,63,1117
14,2044,64,1190
14,2044,65,1118
14,2044,66,1064
14,2044,67,1115
14,2044,68,1109
14,2044,69,1044
14,2044,70,1011
14,2044,71,1001
14,2044,72,970
14,2044,73,1042
14,2044,74,1066
14,2044,75,880
14,2044,76,806
14,2044,77,786
14,2044,78,720
14,2044,79,768
14,2044,80,763
14,2044,81,688
14,2044,82,695
14,2044,83,612
14,2044,84,599
14,2044,85,564
14,2044,86,508
14,2044,87,479
14,2044,88,433
14,2044,89,387
14,2044,90,327
14,2044,91,272
14,2044,92,252
14,2044,93,203
14,2044,94,167
14,2044,95,145
14,2044,96,125
14,2044,97,105
14,2044,98,61
14,2044,99,41
14,2044,100,83
14,2045,0,735
14,2045,1,756
14,2045,2,788
14,2045,3,799
14,2045,4,847
14,2045,5,878
14,2045,6,911
14,2045,7,948
14,2045,8,973
14,2045,9,1009
14,2045,10,1021
14,2045,11,1059
14,2045,12,1082
14,2045,13,1117
14,2045,14,1124
14,2045,15,1153
14,2045,16,1154
14,2045,17,1124
14,2045,18,1019
14,2045,19,943
14,2045,20,870
14,2045,21,865
14,2045,22,869
14,2045,23,846
14,2045,24,861
14,2045,25,892
14,2045,26,960
14,2045,27,976
14,2045,28,1060
14,2045,29,1180
14,2045,30,1186
14,2045,31,1285
14,2045,32,1298
14,2045,33,1361
14,2045,34,1400
14,2045,35,1414
14,2045,36,1436
14,2045,37,1513
14,2045,38,1572
14,2045,39,1530
14,2045,40,1586
14,2045,41,1556
14,2045,42,1573
14,2045,43,1603
14,2045,44,1542
14,2045,45,1496
14,2045,46,1564
14,2045,47,1534
14,2045,48,1567
14,2045,49,1672
14,2045,50,1846
14,2045,51,1849
14,2045,52,1932
14,2045,53,1809
14,2045,54,1675
14,2045,55,1784
14,2045,56,1660
14,2045,57,1489
14,2045,58,1484
14,2045,59,1382
14,2045,60,1334
14,2045,61,1241
14,2045,62,1137
14,2045,63,1135
14,2045,64,1109
14,2045,65,1196
14,2045,66,1122
14,2045,67,1066
14,2045,68,1117
14,2045,69,1105
14,2045,70,1040
14,2045,71,1005
14,2045,72,995
14,2045,73,963
14,2045,74,1029
14,2045,75,1053
14,2045,76,868
14,2045,77,792
14,2045,78,770
14,2045,79,704
14,2045,80,747
14,2045,81,739
14,2045,82,664
14,2045,83,668
14,2045,84,585
14,2045,85,569
14,2045,86,532
14,2045,87,475
14,2045,88,444
14,2045,89,398
14,2045,90,352
14,2045,91,294
14,2045,92,242
14,2045,93,221
14,2045,94,176
14,2045,95,143
14,2045,96,123
14,2045,97,104
14,2045,98,85
14,2045,99,47
14,2045,100,85
14,2046,0,745
14,2046,1,758
14,2046,2,782
14,2046,3,814
14,2046,4,834
14,2046,5,886
14,2046,6,914
14,2046,7,950
14,2046,8,986
14,2046,9,1009
14,2046,10,1043
14,2046,11,1052
14,2046,12,1088
14,2046,13,1102
14,2046,14,1137
14,2046,15,1142
14,2046,16,1168
14,2046,17,1088
14,2046,18,1046
14,2046,19,939
14,2046,20,891
14,2046,21,884
14,2046,22,879
14,2046,23,884
14,2046,24,863
14,2046,25,896
14,2046,26,931
14,2046,27,1021
14,2046,28,1038
14,2046,29,1138
14,2046,30,1250
14,2046,31,1245
14,2046,32,1342
14,2046,33,1346
14,2046,34,1403
14,2046,35,1423
14,2046,36,1434
14,2046,37,1462
14,2046,38,1543
14,2046,39,1603
14,2046,40,1560
14,2046,41,1616
14,2046,42,1587
14,2046,43,1602
14,2046,44,1626
14,2046,45,1561
14,2046,46,1512
14,2046,47,1576
14,2046,48,1547
14,2046,49,1579
14,2046,50,1674
14,2046,51,1845
14,2046,52,1848
14,2046,53,1930
14,2046,54,1806
14,2046,55,1672
14,2046,56,1781
14,2046,57,1653
14,2046,58,1482
14,2046,59,1477
14,2046,60,1374
14,2046,61,1325
14,2046,62,1232
14,2046,63,1129
14,2046,64,1127
14,2046,65,1116
14,2046,66,1200
14,2046,67,1124
14,2046,68,1068
14,2046,69,1114
14,2046,70,1101
14,2046,71,1033
14,2046,72,999
14,2046,73,987
14,2046,74,951
14,2046,75,1017
14,2046,76,1039
14,2046,77,853
14,2046,78,777
14,2046,79,754
14,2046,80,686
14,2046,81,725
14,2046,82,714
14,2046,83,639
14,2046,84,639
14,2046,85,556
14,2046,86,536
14,2046,87,498
14,2046,88,441
14,2046,89,408
14,2046,90,362
14,2046,91,316
14,2046,92,262
14,2046,93,212
14,2046,94,192
14,2046,95,151
14,2046,96,120
14,2046,97,102
14,2046,98,84
14,2046,99,67
14,2046,100,91
14,2047,0,745
14,2047,1,768
14,2047,2,783
14,2047,3,809
14,2047,4,849
14,2047,5,873
14,2047,6,922
14,2047,7,953
14,2047,8,987
14,2047,9,1022
14,2047,10,1044
14,2047,11,1074
14,2047,12,1080
14,2047,13,1108
14,2047,14,1123
14,2047,15,1154
14,2047,16,1157
14,2047,17,1101
14,2047,18,1013
14,2047,19,964
14,2047,20,887
14,2047,21,905
14,2047,22,898
14,2047,23,894
14,2047,24,901
14,2047,25,898
14,2047,26,936
14,2047,27,992
14,2047,28,1083
14,2047,29,1116
14,2047,30,1208
14,2047,31,1308
14,2047,32,1302
14,2047,33,1389
14,2047,34,1387
14,2047,35,1426
14,2047,36,1443
14,2047,37,1461
14,2047,38,1493
14,2047,39,1575
14,2047,40,1634
14,2047,41,1590
14,2047,42,1647
14,2047,43,1616
14,2047,44,1625
14,2047,45,1645
14,2047,46,1577
14,2047,47,1525
14,2047,48,1589
14,2047,49,1559
14,2047,50,1581
14,2047,51,1674
14,2047,52,1843
14,2047,53,1846
14,2047,54,1927
14,2047,55,1803
14,2047,56,1669
14,2047,57,1773
14,2047,58,1645
14,2047,59,1474
14,2047,60,1468
14,2047,61,1365
14,2047,62,1316
14,2047,63,1223
14,2047,64,1121
14,2047,65,1133
14,2047,66,1120
14,2047,67,1201
14,2047,68,1126
14,2047,69,1066
14,2047,70,1109
14,2047,71,1094
14,2047,72,1027
14,2047,73,991
14,2047,74,975
14,2047,75,941
14,2047,76,1003
14,2047,77,1021
14,2047,78,836
14,2047,79,760
14,2047,80,734
14,2047,81,665
14,2047,82,700
14,2047,83,687
14,2047,84,611
14,2047,85,608
14,2047,86,524
14,2047,87,502
14,2047,88,462
14,2047,89,405
14,2047,90,371
14,2047,91,326
14,2047,92,282
14,2047,93,230
14,2047,94,184
14,2047,95,165
14,2047,96,127
14,2047,97,100
14,2047,98,83
14,2047,99,66
14,2047,100,111
14,2048,0,749
14,2048,1,768
14,2048,2,794
14,2048,3,810
14,2048,4,844
14,2048,5,888
14,2048,6,909
14,2048,7,961
14,2048,8,990
14,2048,9,1023
14,2048,10,1057
14,2048,11,1074
14,2048,12,1103
14,2048,13,1101
14,2048,14,1128
14,2048,15,1140
14,2048,16,1170
14,2048,17,1091
14,2048,18,1026
14,2048,19,934
14,2048,20,911
14,2048,21,901
14,2048,22,919
14,2048,23,913
14,2048,24,911
14,2048,25,936
14,2048,26,938
14,2048,27,997
14,2048,28,1054
14,2048,29,1161
14,2048,30,1186
14,2048,31,1267
14,2048,32,1365
14,2048,33,1349
14,2048,34,1431
14,2048,35,1410
14,2048,36,1446
14,2048,37,1470
14,2048,38,1492
14,2048,39,1524
14,2048,40,1605
14,2048,41,1664
14,2048,42,1622
14,2048,43,1676
14,2048,44,1639
14,2048,45,1644
14,2048,46,1661
14,2048,47,1590
14,2048,48,1538
14,2048,49,1601
14,2048,50,1561
14,2048,51,1581
14,2048,52,1673
14,2048,53,1841
14,2048,54,1842
14,2048,55,1923
14,2048,56,1799
14,2048,57,1662
14,2048,58,1764
14,2048,59,1637
14,2048,60,1465
14,2048,61,1458
14,2048,62,1356
14,2048,63,1306
14,2048,64,1214
14,2048,65,1128
14,2048,66,1138
14,2048,67,1122
14,2048,68,1202
14,2048,69,1123
14,2048,70,1061
14,2048,71,1103
14,2048,72,1087
14,2048,73,1019
14,2048,74,979
14,2048,75,965
14,2048,76,929
14,2048,77,985
14,2048,78,1001
14,2048,79,819
14,2048,80,740
14,2048,81,712
14,2048,82,643
14,2048,83,674
14,2048,84,658
14,2048,85,581
14,2048,86,574
14,2048,87,491
14,2048,88,467
14,2048,89,425
14,2048,90,369
14,2048,91,335
14,2048,92,291
14,2048,93,248
14,2048,94,200
14,2048,95,158
14,2048,96,139
14,2048,97,106
14,2048,98,81
14,2048,99,65
14,2048,100,123
14,2049,0,741
14,2049,1,772
14,2049,2,794
14,2049,3,820
14,2049,4,845
14,2049,5,883
14,2049,6,924
14,2049,7,947
14,2049,8,998
14,2049,9,1026
14,2049,10,1058
14,2049,11,1087
14,2049,12,1103
14,2049,13,1123
14,2049,14,1121
14,2049,15,1146
14,2049,16,1156
14,2049,17,1103
14,2049,18,1016
14,2049,19,945
14,2049,20,882
14,2049,21,925
14,2049,22,915
14,2049,23,934
14,2049,24,931
14,2049,25,946
14,2049,26,976
14,2049,27,999
14,2049,28,1059
14,2049,29,1132
14,2049,30,1231
14,2049,31,1244
14,2049,32,1324
14,2049,33,1413
14,2049,34,1391
14,2049,35,1454
14,2049,36,1431
14,2049,37,1473
14,2049,38,1500
14,2049,39,1523
14,2049,40,1555
14,2049,41,1635
14,2049,42,1696
14,2049,43,1650
14,2049,44,1699
14,2049,45,1658
14,2049,46,1660
14,2049,47,1674
14,2049,48,1603
14,2049,49,1550
14,2049,50,1603
14,2049,51,1561
14,2049,52,1580
14,2049,53,1671
14,2049,54,1838
14,2049,55,1840
14,2049,56,1919
14,2049,57,1792
14,2049,58,1654
14,2049,59,1755
14,2049,60,1627
14,2049,61,1456
14,2049,62,1448
14,2049,63,1346
14,2049,64,1297
14,2049,65,1220
14,2049,66,1133
14,2049,67,1139
14,2049,68,1124
14,2049,69,1198
14,2049,70,1118
14,2049,71,1055
14,2049,72,1096
14,2049,73,1078
14,2049,74,1007
14,2049,75,968
14,2049,76,953
14,2049,77,913
14,2049,78,966
14,2049,79,979
14,2049,80,797
14,2049,81,718
14,2049,82,689
14,2049,83,619
14,2049,84,646
14,2049,85,626
14,2049,86,549
14,2049,87,538
14,2049,88,457
14,2049,89,430
14,2049,90,387
14,2049,91,333
14,2049,92,298
14,2049,93,256
14,2049,94,216
14,2049,95,172
14,2049,96,134
14,2049,97,116
14,2049,98,86
14,2049,99,64
14,2049,100,130
14,2050,0,753
14,2050,1,764
14,2050,2,797
14,2050,3,821
14,2050,4,856
14,2050,5,884
14,2050,6,919
14,2050,7,963
14,2050,8,985
14,2050,9,1034
14,2050,10,1061
14,2050,11,1089
14,2050,12,1116
14,2050,13,1124
14,2050,14,1143
14,2050,15,1139
14,2050,16,1161
14,2050,17,1090
14,2050,18,1027
14,2050,19,937
14,2050,20,893
14,2050,21,896
14,2050,22,939
14,2050,23,930
14,2050,24,951
14,2050,25,965
14,2050,26,986
14,2050,27,1037
14,2050,28,1061
14,2050,29,1137
14,2050,30,1202
14,2050,31,1290
14,2050,32,1302
14,2050,33,1372
14,2050,34,1455
14,2050,35,1414
14,2050,36,1474
14,2050,37,1457
14,2050,38,1504
14,2050,39,1532
14,2050,40,1554
14,2050,41,1585
14,2050,42,1667
14,2050,43,1724
14,2050,44,1674
14,2050,45,1718
14,2050,46,1674
14,2050,47,1672
14,2050,48,1687
14,2050,49,1615
14,2050,50,1552
14,2050,51,1603
14,2050,52,1560
14,2050,53,1579
14,2050,54,1669
14,2050,55,1835
14,2050,56,1836
14,2050,57,1911
14,2050,58,1783
14,2050,59,1646
14,2050,60,1744
14,2050,61,1616
14,2050,62,1445
14,2050,63,1437
14,2050,64,1336
14,2050,65,1302
14,2050,66,1225
14,2050,67,1135
14,2050,68,1142
14,2050,69,1122
14,2050,70,1193
14,2050,71,1112
14,2050,72,1049
14,2050,73,1087
14,2050,74,1066
14,2050,75,996
14,2050,76,956
14,2050,77,936
14,2050,78,895
14,2050,79,945
14,2050,80,954
14,2050,81,774
14,2050,82,695
14,2050,83,664
14,2050,84,593
14,2050,85,614
14,2050,86,591
14,2050,87,515
14,2050,88,501
14,2050,89,421
14,2050,90,392
14,2050,91,350
14,2050,92,297
14,2050,93,263
14,2050,94,223
14,2050,95,186
14,2050,96,146
14,2050,97,112
14,2050,98,95
14,2050,99,68
14,2050,100,134
14,2051,0,741
14,2051,1,775
14,2051,2,789
14,2051,3,824
14,2051,4,856
14,2051,5,895
14,2051,6,920
14,2051,7,958
14,2051,8,1001
14,2051,9,1021
14,2051,10,1069
14,2051,11,1092
14,2051,12,1118
14,2051,13,1137
14,2051,14,1144
14,2051,15,1161
14,2051,16,1154
14,2051,17,1095
14,2051,18,1015
14,2051,19,947
14,2051,20,885
14,2051,21,907
14,2051,22,911
14,2051,23,954
14,2051,24,947
14,2051,25,986
14,2051,26,1005
14,2051,27,1047
14,2051,28,1099
14,2051,29,1139
14,2051,30,1207
14,2051,31,1261
14,2051,32,1347
14,2051,33,1350
14,2051,34,1414
14,2051,35,1478
14,2051,36,1434
14,2051,37,1501
14,2051,38,1488
14,2051,39,1535
14,2051,40,1563
14,2051,41,1584
14,2051,42,1617
14,2051,43,1696
14,2051,44,1748
14,2051,45,1693
14,2051,46,1734
14,2051,47,1687
14,2051,48,1686
14,2051,49,1699
14,2051,50,1617
14,2051,51,1552
14,2051,52,1602
14,2051,53,1559
14,2051,54,1576
14,2051,55,1666
14,2051,56,1832
14,2051,57,1828
14,2051,58,1902
14,2051,59,1774
14,2051,60,1636
14,2051,61,1732
14,2051,62,1604
14,2051,63,1435
14,2051,64,1426
14,2051,65,1341
14,2051,66,1306
14,2051,67,1226
14,2051,68,1137
14,2051,69,1139
14,2051,70,1117
14,2051,71,1186
14,2051,72,1105
14,2051,73,1041
14,2051,74,1075
14,2051,75,1055
14,2051,76,984
14,2051,77,940
14,2051,78,919
14,2051,79,877
14,2051,80,920
14,2051,81,926
14,2051,82,749
14,2051,83,670
14,2051,84,636
14,2051,85,565
14,2051,86,581
14,2051,87,555
14,2051,88,479
14,2051,89,462
14,2051,90,384
14,2051,91,354
14,2051,92,312
14,2051,93,263
14,2051,94,229
14,2051,95,192
14,2051,96,158
14,2051,97,122
14,2051,98,92
14,2051,99,75
14,2051,100,140
14,2052,0,744
14,2052,1,764
14,2052,2,801
14,2052,3,816
14,2052,4,859
14,2052,5,895
14,2052,6,931
14,2052,7,959
14,2052,8,995
14,2052,9,1037
14,2052,10,1056
14,2052,11,1100
14,2052,12,1121
14,2052,13,1138
14,2052,14,1157
14,2052,15,1161
14,2052,16,1176
14,2052,17,1088
14,2052,18,1020
14,2052,19,935
14,2052,20,894
14,2052,21,899
14,2052,22,921
14,2052,23,926
14,2052,24,971
14,2052,25,982
14,2052,26,1026
14,2052,27,1067
14,2052,28,1109
14,2052,29,1177
14,2052,30,1210
14,2052,31,1266
14,2052,32,1319
14,2052,33,1395
14,2052,34,1391
14,2052,35,1437
14,2052,36,1498
14,2052,37,1461
14,2052,38,1532
14,2052,39,1520
14,2052,40,1566
14,2052,41,1593
14,2052,42,1616
14,2052,43,1646
14,2052,44,1719
14,2052,45,1767
14,2052,46,1709
14,2052,47,1747
14,2052,48,1700
14,2052,49,1697
14,2052,50,1701
14,2052,51,1617
14,2052,52,1552
14,2052,53,1601
14,2052,54,1557
14,2052,55,1575
14,2052,56,1664
14,2052,57,1825
14,2052,58,1820
14,2052,59,1892
14,2052,60,1763
14,2052,61,1625
14,2052,62,1720
14,2052,63,1592
14,2052,64,1424
14,2052,65,1431
14,2052,66,1345
14,2052,67,1307
14,2052,68,1228
14,2052,69,1135
14,2052,70,1134
14,2052,71,1111
14,2052,72,1178
14,2052,73,1097
14,2052,74,1030
14,2052,75,1064
14,2052,76,1041
14,2052,77,967
14,2052,78,922
14,2052,79,900
14,2052,80,854
14,2052,81,893
14,2052,82,896
14,2052,83,722
14,2052,84,642
14,2052,85,606
14,2052,86,534
14,2052,87,545
14,2052,88,517
14,2052,89,442
14,2052,90,422
14,2052,91,347
14,2052,92,317
14,2052,93,276
14,2052,94,229
14,2052,95,198
14,2052,96,164
14,2052,97,132
14,2052,98,100
14,2052,99,72
14,2052,100,150
14,2053,0,747
14,2053,1,767
14,2053,2,790
14,2053,3,828
14,2053,4,852
14,2053,5,899
14,2053,6,931
14,2053,7,970
14,2053,8,997
14,2053,9,1032
14,2053,10,1072
14,2053,11,1087
14,2053,12,1129
14,2053,13,1141
14,2053,14,1159
14,2053,15,1175
14,2053,16,1177
14,2053,17,1109
14,2053,18,1014
14,2053,19,940
14,2053,20,884
14,2053,21,908
14,2053,22,913
14,2053,23,936
14,2053,24,943
14,2053,25,1006
14,2053,26,1022
14,2053,27,1088
14,2053,28,1129
14,2053,29,1188
14,2053,30,1248
14,2053,31,1269
14,2053,32,1324
14,2053,33,1367
14,2053,34,1437
14,2053,35,1415
14,2053,36,1457
14,2053,37,1525
14,2053,38,1492
14,2053,39,1564
14,2053,40,1551
14,2053,41,1597
14,2053,42,1625
14,2053,43,1645
14,2053,44,1670
14,2053,45,1738
14,2053,46,1782
14,2053,47,1722
14,2053,48,1760
14,2053,49,1712
14,2053,50,1699
14,2053,51,1700
14,2053,52,1616
14,2053,53,1550
14,2053,54,1599
14,2053,55,1555
14,2053,56,1572
14,2053,57,1657
14,2053,58,1816
14,2053,59,1810
14,2053,60,1881
14,2053,61,1752
14,2053,62,1614
14,2053,63,1707
14,2053,64,1581
14,2053,65,1429
14,2053,66,1434
14,2053,67,1346
14,2053,68,1308
14,2053,69,1224
14,2053,70,1130
14,2053,71,1128
14,2053,72,1104
14,2053,73,1169
14,2053,74,1085
14,2053,75,1019
14,2053,76,1051
14,2053,77,1024
14,2053,78,949
14,2053,79,903
14,2053,80,877
14,2053,81,830
14,2053,82,865
14,2053,83,865
14,2053,84,693
14,2053,85,612
14,2053,86,574
14,2053,87,502
14,2053,88,508
14,2053,89,477
14,2053,90,404
14,2053,91,382
14,2053,92,311
14,2053,93,280
14,2053,94,241
14,2053,95,198
14,2053,96,168
14,2053,97,137
14,2053,98,109
14,2053,99,79
14,2053,100,154
14,2054,0,750
14,2054,1,770
14,2054,2,793
14,2054,3,817
14,2054,4,864
14,2054,5,891
14,2054,6,935
14,2054,7,970
14,2054,8,1007
14,2054,9,1033
14,2054,10,1067
14,2054,11,1103
14,2054,12,1116
14,2054,13,1149
14,2054,14,1162
14,2054,15,1176
14,2054,16,1190
14,2054,17,1110
14,2054,18,1033
14,2054,19,934
14,2054,20,888
14,2054,21,898
14,2054,22,923
14,2054,23,928
14,2054,24,954
14,2054,25,978
14,2054,26,1046
14,2054,27,1084
14,2054,28,1150
14,2054,29,1207
14,2054,30,1258
14,2054,31,1307
14,2054,32,1326
14,2054,33,1372
14,2054,34,1409
14,2054,35,1460
14,2054,36,1435
14,2054,37,1484
14,2054,38,1556
14,2054,39,1524
14,2054,40,1595
14,2054,41,1582
14,2054,42,1629
14,2054,43,1654
14,2054,44,1669
14,2054,45,1689
14,2054,46,1754
14,2054,47,1795
14,2054,48,1735
14,2054,49,1772
14,2054,50,1714
14,2054,51,1699
14,2054,52,1700
14,2054,53,1615
14,2054,54,1549
14,2054,55,1597
14,2054,56,1553
14,2054,57,1567
14,2054,58,1650
14,2054,59,1807
14,2054,60,1800
14,2054,61,1869
14,2054,62,1739
14,2054,63,1602
14,2054,64,1694
14,2054,65,1585
14,2054,66,1433
14,2054,67,1434
14,2054,68,1347
14,2054,69,1304
14,2054,70,1219
14,2054,71,1124
14,2054,72,1121
14,2054,73,1096
14,2054,74,1156
14,2054,75,1074
14,2054,76,1007
14,2054,77,1034
14,2054,78,1006
14,2054,79,930
14,2054,80,880
14,2054,81,853
14,2054,82,803
14,2054,83,834
14,2054,84,830
14,2054,85,660
14,2054,86,579
14,2054,87,539
14,2054,88,467
14,2054,89,469
14,2054,90,436
14,2054,91,365
14,2054,92,342
14,2054,93,275
14,2054,94,245
14,2054,95,208
14,2054,96,169
14,2054,97,141
14,2054,98,113
14,2054,99,86
14,2054,100,162
14,2055,0,754
14,2055,1,773
14,2055,2,796
14,2055,3,820
14,2055,4,853
14,2055,5,903
14,2055,6,927
14,2055,7,974
14,2055,8,1008
14,2055,9,1044
14,2055,10,1068
14,2055,11,1097
14,2055,12,1132
14,2055,13,1136
14,2055,14,1170
14,2055,15,1179
14,2055,16,1192
14,2055,17,1122
14,2055,18,1033
14,2055,19,952
14,2055,20,883
14,2055,21,902
14,2055,22,912
14,2055,23,938
14,2055,24,946
14,2055,25,989
14,2055,26,1018
14,2055,27,1108
14,2055,28,1146
14,2055,29,1229
14,2055,30,1278
14,2055,31,1317
14,2055,32,1364
14,2055,33,1375
14,2055,34,1414
14,2055,35,1432
14,2055,36,1481
14,2055,37,1462
14,2055,38,1515
14,2055,39,1588
14,2055,40,1555
14,2055,41,1625
14,2055,42,1614
14,2055,43,1658
14,2055,44,1678
14,2055,45,1688
14,2055,46,1705
14,2055,47,1767
14,2055,48,1808
14,2055,49,1747
14,2055,50,1774
14,2055,51,1714
14,2055,52,1699
14,2055,53,1698
14,2055,54,1613
14,2055,55,1547
14,2055,56,1595
14,2055,57,1548
14,2055,58,1560
14,2055,59,1642
14,2055,60,1796
14,2055,61,1788
14,2055,62,1855
14,2055,63,1726
14,2055,64,1591
14,2055,65,1698
14,2055,66,1588
14,2055,67,1433
14,2055,68,1435
14,2055,69,1342
14,2055,70,1298
14,2055,71,1212
14,2055,72,1118
14,2055,73,1113
14,2055,74,1084
14,2055,75,1143
14,2055,76,1061
14,2055,77,990
14,2055,78,1015
14,2055,79,986
14,2055,80,907
14,2055,81,856
14,2055,82,826
14,2055,83,775
14,2055,84,800
14,2055,85,792
14,2055,86,625
14,2055,87,545
14,2055,88,503
14,2055,89,432
14,2055,90,429
14,2055,91,396
14,2055,92,328
14,2055,93,304
14,2055,94,241
14,2055,95,212
14,2055,96,178
14,2055,97,142
14,2055,98,117
14,2055,99,89
14,2055,100,173
14,2056,0,758
14,2056,1,777
14,2056,2,799
14,2056,3,823
14,2056,4,855
14,2056,5,892
14,2056,6,939
14,2056,7,966
14,2056,8,1012
14,2056,9,1044
14,2056,10,1079
14,2056,11,1099
14,2056,12,1127
14,2056,13,1152
14,2056,14,1157
14,2056,15,1187
14,2056,16,1195
14,2056,17,1123
14,2056,18,1045
14,2056,19,953
14,2056,20,899
14,2056,21,897
14,2056,22,916
14,2056,23,927
14,2056,24,955
14,2056,25,981
14,2056,26,1029
14,2056,27,1080
14,2056,28,1170
14,2056,29,1225
14,2056,30,1299
14,2056,31,1337
14,2056,32,1375
14,2056,33,1413
14,2056,34,1417
14,2056,35,1437
14,2056,36,1452
14,2056,37,1508
14,2056,38,1493
14,2056,39,1547
14,2056,40,1619
14,2056,41,1586
14,2056,42,1657
14,2056,43,1643
14,2056,44,1681
14,2056,45,1697
14,2056,46,1704
14,2056,47,1718
14,2056,48,1781
14,2056,49,1820
14,2056,50,1749
14,2056,51,1774
14,2056,52,1713
14,2056,53,1697
14,2056,54,1696
14,2056,55,1612
14,2056,56,1545
14,2056,57,1589
14,2056,58,1541
14,2056,59,1553
14,2056,60,1633
14,2056,61,1785
14,2056,62,1776
14,2056,63,1842
14,2056,64,1714
14,2056,65,1595
14,2056,66,1700
14,2056,67,1587
14,2056,68,1433
14,2056,69,1430
14,2056,70,1336
14,2056,71,1290
14,2056,72,1205
14,2056,73,1110
14,2056,74,1101
14,2056,75,1073
14,2056,76,1129
14,2056,77,1044
14,2056,78,973
14,2056,79,995
14,2056,80,962
14,2056,81,882
14,2056,82,829
14,2056,83,798
14,2056,84,744
14,2056,85,763
14,2056,86,750
14,2056,87,588
14,2056,88,508
14,2056,89,465
14,2056,90,396
14,2056,91,389
14,2056,92,355
14,2056,93,290
14,2056,94,266
14,2056,95,209
14,2056,96,181
14,2056,97,150
14,2056,98,117
14,2056,99,92
14,2056,100,184
14,2057,0,762
14,2057,1,781
14,2057,2,803
14,2057,3,826
14,2057,4,858
14,2057,5,894
14,2057,6,928
14,2057,7,978
14,2057,8,1004
14,2057,9,1048
14,2057,10,1079
14,2057,11,1110
14,2057,12,1128
14,2057,13,1147
14,2057,14,1173
14,2057,15,1175
14,2057,16,1203
14,2057,17,1126
14,2057,18,1046
14,2057,19,963
14,2057,20,900
14,2057,21,913
14,2057,22,911
14,2057,23,932
14,2057,24,945
14,2057,25,990
14,2057,26,1021
14,2057,27,1091
14,2057,28,1142
14,2057,29,1249
14,2057,30,1296
14,2057,31,1359
14,2057,32,1395
14,2057,33,1423
14,2057,34,1455
14,2057,35,1440
14,2057,36,1457
14,2057,37,1480
14,2057,38,1539
14,2057,39,1525
14,2057,40,1578
14,2057,41,1650
14,2057,42,1618
14,2057,43,1686
14,2057,44,1666
14,2057,45,1701
14,2057,46,1713
14,2057,47,1717
14,2057,48,1731
14,2057,49,1793
14,2057,50,1822
14,2057,51,1749
14,2057,52,1773
14,2057,53,1712
14,2057,54,1695
14,2057,55,1695
14,2057,56,1609
14,2057,57,1540
14,2057,58,1583
14,2057,59,1534
14,2057,60,1544
14,2057,61,1623
14,2057,62,1773
14,2057,63,1763
14,2057,64,1829
14,2057,65,1718
14,2057,66,1598
14,2057,67,1698
14,2057,68,1586
14,2057,69,1429
14,2057,70,1423
14,2057,71,1328
14,2057,72,1282
14,2057,73,1196
14,2057,74,1098
14,2057,75,1090
14,2057,76,1061
14,2057,77,1111
14,2057,78,1026
14,2057,79,954
14,2057,80,971
14,2057,81,935
14,2057,82,855
14,2057,83,800
14,2057,84,766
14,2057,85,711
14,2057,86,723
14,2057,87,706
14,2057,88,549
14,2057,89,470
14,2057,90,426
14,2057,91,359
14,2057,92,350
14,2057,93,315
14,2057,94,255
14,2057,95,231
14,2057,96,179
14,2057,97,153
14,2057,98,124
14,2057,99,93
14,2057,100,193
14,2058,0,766
14,2058,1,785
14,2058,2,807
14,2058,3,830
14,2058,4,862
14,2058,5,898
14,2058,6,931
14,2058,7,967
14,2058,8,1016
14,2058,9,1041
14,2058,10,1083
14,2058,11,1110
14,2058,12,1139
14,2058,13,1149
14,2058,14,1168
14,2058,15,1190
14,2058,16,1190
14,2058,17,1134
14,2058,18,1049
14,2058,19,964
14,2058,20,909
14,2058,21,914
14,2058,22,928
14,2058,23,926
14,2058,24,949
14,2058,25,980
14,2058,26,1031
14,2058,27,1083
14,2058,28,1153
14,2058,29,1221
14,2058,30,1320
14,2058,31,1355
14,2058,32,1416
14,2058,33,1443
14,2058,34,1465
14,2058,35,1478
14,2058,36,1460
14,2058,37,1484
14,2058,38,1511
14,2058,39,1571
14,2058,40,1557
14,2058,41,1609
14,2058,42,1682
14,2058,43,1647
14,2058,44,1710
14,2058,45,1686
14,2058,46,1717
14,2058,47,1726
14,2058,48,1730
14,2058,49,1743
14,2058,50,1795
14,2058,51,1822
14,2058,52,1748
14,2058,53,1772
14,2058,54,1710
14,2058,55,1694
14,2058,56,1692
14,2058,57,1604
14,2058,58,1534
14,2058,59,1576
14,2058,60,1526
14,2058,61,1535
14,2058,62,1613
14,2058,63,1760
14,2058,64,1751
14,2058,65,1832
14,2058,66,1720
14,2058,67,1597
14,2058,68,1697
14,2058,69,1580
14,2058,70,1422
14,2058,71,1414
14,2058,72,1320
14,2058,73,1272
14,2058,74,1183
14,2058,75,1087
14,2058,76,1077
14,2058,77,1044
14,2058,78,1091
14,2058,79,1006
14,2058,80,931
14,2058,81,945
14,2058,82,907
14,2058,83,826
14,2058,84,769
14,2058,85,732
14,2058,86,673
14,2058,87,680
14,2058,88,659
14,2058,89,508
14,2058,90,431
14,2058,91,387
14,2058,92,323
14,2058,93,311
14,2058,94,277
14,2058,95,221
14,2058,96,198
14,2058,97,151
14,2058,98,127
14,2058,99,98
14,2058,100,200
14,2059,0,769
14,2059,1,789
14,2059,2,811
14,2059,3,834
14,2059,4,866
14,2059,5,901
14,2059,6,934
14,2059,7,970
14,2059,8,1005
14,2059,9,1052
14,2059,10,1076
14,2059,11,1114
14,2059,12,1139
14,2059,13,1160
14,2059,14,1169
14,2059,15,1185
14,2059,16,1206
14,2059,17,1122
14,2059,18,1056
14,2059,19,967
14,2059,20,911
14,2059,21,924
14,2059,22,928
14,2059,23,943
14,2059,24,944
14,2059,25,984
14,2059,26,1020
14,2059,27,1092
14,2059,28,1145
14,2059,29,1232
14,2059,30,1292
14,2059,31,1379
14,2059,32,1413
14,2059,33,1465
14,2059,34,1485
14,2059,35,1489
14,2059,36,1498
14,2059,37,1488
14,2059,38,1516
14,2059,39,1543
14,2059,40,1602
14,2059,41,1587
14,2059,42,1641
14,2059,43,1711
14,2059,44,1671
14,2059,45,1730
14,2059,46,1702
14,2059,47,1730
14,2059,48,1740
14,2059,49,1743
14,2059,50,1746
14,2059,51,1795
14,2059,52,1822
14,2059,53,1747
14,2059,54,1770
14,2059,55,1708
14,2059,56,1691
14,2059,57,1686
14,2059,58,1597
14,2059,59,1527
14,2059,60,1567
14,2059,61,1517
14,2059,62,1526
14,2059,63,1601
14,2059,64,1748
14,2059,65,1755
14,2059,66,1833
14,2059,67,1718
14,2059,68,1597
14,2059,69,1690
14,2059,70,1572
14,2059,71,1413
14,2059,72,1405
14,2059,73,1310
14,2059,74,1258
14,2059,75,1171
14,2059,76,1075
14,2059,77,1061
14,2059,78,1026
14,2059,79,1070
14,2059,80,982
14,2059,81,906
14,2059,82,916
14,2059,83,877
14,2059,84,794
14,2059,85,734
14,2059,86,694
14,2059,87,634
14,2059,88,634
14,2059,89,611
14,2059,90,466
14,2059,91,392
14,2059,92,349
14,2059,93,287
14,2059,94,273
14,2059,95,241
14,2059,96,190
14,2059,97,168
14,2059,98,125
14,2059,99,101
14,2059,100,209
14,2060,0,772
14,2060,1,792
14,2060,2,815
14,2060,3,838
14,2060,4,870
14,2060,5,905
14,2060,6,938
14,2060,7,973
14,2060,8,1008
14,2060,9,1042
14,2060,10,1088
14,2060,11,1107
14,2060,12,1143
14,2060,13,1160
14,2060,14,1180
14,2060,15,1187
14,2060,16,1201
14,2060,17,1137
14,2060,18,1045
14,2060,19,973
14,2060,20,913
14,2060,21,925
14,2060,22,938
14,2060,23,944
14,2060,24,960
14,2060,25,979
14,2060,26,1024
14,2060,27,1082
14,2060,28,1155
14,2060,29,1224
14,2060,30,1303
14,2060,31,1351
14,2060,32,1437
14,2060,33,1461
14,2060,34,1507
14,2060,35,1509
14,2060,36,1509
14,2060,37,1526
14,2060,38,1519
14,2060,39,1548
14,2060,40,1574
14,2060,41,1633
14,2060,42,1619
14,2060,43,1670
14,2060,44,1735
14,2060,45,1691
14,2060,46,1746
14,2060,47,1715
14,2060,48,1744
14,2060,49,1752
14,2060,50,1745
14,2060,51,1746
14,2060,52,1794
14,2060,53,1820
14,2060,54,1745
14,2060,55,1768
14,2060,56,1706
14,2060,57,1685
14,2060,58,1679
14,2060,59,1590
14,2060,60,1519
14,2060,61,1558
14,2060,62,1508
14,2060,63,1516
14,2060,64,1591
14,2060,65,1752
14,2060,66,1757
14,2060,67,1831
14,2060,68,1717
14,2060,69,1591
14,2060,70,1681
14,2060,71,1562
14,2060,72,1404
14,2060,73,1394
14,2060,74,1296
14,2060,75,1245
14,2060,76,1158
14,2060,77,1058
14,2060,78,1042
14,2060,79,1006
14,2060,80,1045
14,2060,81,956
14,2060,82,879
14,2060,83,886
14,2060,84,844
14,2060,85,759
14,2060,86,696
14,2060,87,654
14,2060,88,592
14,2060,89,588
14,2060,90,561
14,2060,91,424
14,2060,92,353
14,2060,93,310
14,2060,94,253
14,2060,95,238
14,2060,96,207
14,2060,97,160
14,2060,98,140
14,2060,99,99
14,2060,100,217
