{
"type": "FeatureCollection",
"name": "bvsd-elementary-attendance-areas",
"crs": { "type": "name", "properties": { "name": "urn:ogc:def:crs:OGC:1.3:CRS84" } },
"features": [
{ "type": "Feature", "properties": { "OBJECTID_1": 1, "OBJECTID": 1, "area_name": "Bear Creek", "area_code": 119, "SchType": "Elementary", "SchType2": "Neighborhood", "resident_students_gis": 169, "Shape_Leng": 14979.965412199999, "State_CD": 652, "Key_ID": 1, "Yld": 0.18, "neighborhood_flag": "Boulder", "capacity_gis": 475, "enrollment_gis": 378, "Perc_Cap": 0.8, "SHAPE__Area": 2005090.640625, "SHAPE__Length": 5962.862775261864 }, "geometry": { "type": "Polygon", "coordinates": [ [ [ -105.255412327200006, 39.985932498148301 ], [ -105.255412356845, 39.985924381129898 ], [ -105.255412366726006, 39.985921652743301 ], [ -105.255425372535001, 39.9822943164042 ], [ -105.254615038249995, 39.982271097037398 ], [ -105.254898553740006, 39.981981962154698 ], [ -105.255254597410001, 39.981650393692398 ], [ -105.255570489080995, 39.981278778877297 ], [ -105.256000577286002, 39.980993046395 ], [ -105.256286930553998, 39.980935180300499 ], [ -105.256728649246995, 39.980854612630502 ], [ -105.256725788113002, 39.980846494320403 ], [ -105.256736111552996, 39.980844408642902 ], [ -105.256601883485999, 39.980494793115 ], [ -105.256157503983005, 39.979233408830602 ], [ -105.256097097669993, 39.979029475386199 ], [ -105.25607246317, 39.978814449054497 ], [ -105.256074456532005, 39.978256796428099 ], [ -105.256066814563994, 39.976870799187701 ], [ -105.256067575437001, 39.975125832668198 ], [ -105.256556215832006, 39.975129532129998 ], [ -105.258707490494999, 39.975088919959298 ], [ -105.260095163928, 39.975091816748197 ], [ -105.264739101806995, 39.975101389643299 ], [ -105.264926498460994, 39.975010177920304 ], [ -105.265071756940003, 39.974945383502103 ], [ -105.265547430154996, 39.974903311120798 ], [ -105.265685698843001, 39.975042361357801 ], [ -105.265820132624, 39.975198394813503 ], [ -105.266035729189994, 39.975181560006199 ], [ -105.267370135221995, 39.975109609830703 ], [ -105.267400646501002, 39.980521780401602 ], [ -105.267298911397006, 39.985714231029498 ], [ -105.267327759894002, 39.985714288846097 ], [ -105.264442724239004, 39.985752813304103 ], [ -105.263796628937001, 39.985772488844802 ], [ -105.259798295880003, 39.985830604133902 ], [ -105.259624655127993, 39.985831633819103 ], [ -105.259624408990007, 39.985901509207302 ], [ -105.25961758359, 39.985942613274801 ], [ -105.259047965462003, 39.985944424856903 ], [ -105.255470416758001, 39.985930762277903 ], [ -105.255439207489005, 39.985936408330403 ], [ -105.255412295759001, 39.985941276613502 ], [ -105.255412327200006, 39.985932498148301 ] ] ] } },
{ "type": "Feature", "properties": { "OBJECTID_1": 2, "OBJECTID": 2, "area_name": "Aspen Creek (K-5)", "area_code": 505, "SchType": "Elementary", "SchType2": "Neighborhood", "resident_students_gis": 470, "Shape_Leng": 68349.652521700002, "State_CD": 441, "Key_ID": 2, "Yld": 0.1, "neighborhood_flag": " ", "capacity_gis": 475, "enrollment_gis": 481, "Perc_Cap": 1.01, "SHAPE__Area": 29911746.08203125, "SHAPE__Length": 27185.778158866364 }, "geometry": { "type": "Polygon", "coordinates": [ [ [ -105.053010839020004, 39.976665237546896 ], [ -105.053024204154994, 39.943968899170599 ], [ -105.053024204154994, 39.943968842696002 ], [ -105.053027544990002, 39.943458797273401 ], [ -105.053029550928002, 39.943152438572398 ], [ -105.061224004509, 39.943243730679001 ], [ -105.061969219919007, 39.9432241482696 ], [ -105.063303361847005, 39.943229213125697 ], [ -105.071910278687, 39.943261517587302 ], [ -105.071909548356999, 39.943220375454302 ], [ -105.071910536504006, 39.943220378897898 ], [ -105.090577361919003, 39.943288230999798 ], [ -105.090663972089004, 39.9432885388579 ], [ -105.090664023293002, 39.9432799711727 ], [ -105.090670306109999, 39.942232313565803 ], [ -105.090670386959005, 39.934361242503002 ], [ -105.090680747229001, 39.932633411225503 ], [ -105.090722156869006, 39.931402287023303 ], [ -105.090708854615997, 39.9288920292311 ], [ -105.090707600567995, 39.928655365626099 ], [ -105.090755386449004, 39.9286555357765 ], [ -105.091072034502005, 39.928656660008897 ], [ -105.093442463060001, 39.928665051797097 ], [ -105.103896898233003, 39.9286675186327 ], [ -105.115007885995993, 39.928675178841999 ], [ -105.116468920347003, 39.928670945749801 ], [ -105.116468649954001, 39.928676106746799 ], [ -105.116484850172, 39.928689474223198 ], [ -105.118576288951999, 39.930415103610002 ], [ -105.119123260552001, 39.930767071403302 ], [ -105.119310650917001, 39.930912579772297 ], [ -105.119524524515001, 39.931025275441897 ], [ -105.120114724843006, 39.931405049272698 ], [ -105.122489852488002, 39.932669405227898 ], [ -105.125482293413, 39.934003642849703 ], [ -105.127640366525, 39.934913773737101 ], [ -105.128065500521998, 39.935104327910302 ], [ -105.128065965849004, 39.935104538684101 ], [ -105.128078568313995, 39.935110248860703 ], [ -105.128072128292004, 39.935246251490099 ], [ -105.128069855554003, 39.935294247856099 ], [ -105.127914008632004, 39.938584828504702 ], [ -105.127820542519999, 39.943284551853999 ], [ -105.127691313577998, 39.944532671063399 ], [ -105.127670622682004, 39.9452856914113 ], [ -105.127565474877997, 39.945748006937698 ], [ -105.127506753804994, 39.946315111893099 ], [ -105.127399242533002, 39.946478887039099 ], [ -105.127354169564001, 39.946677056872602 ], [ -105.126464287664007, 39.948032602339403 ], [ -105.126247226843006, 39.948233731711603 ], [ -105.126232760373995, 39.948255768486597 ], [ -105.125994881994998, 39.948467553659697 ], [ -105.125222495242994, 39.9491832328114 ], [ -105.125119683956996, 39.949246736994297 ], [ -105.124888462094006, 39.949452589749299 ], [ -105.122427750154998, 39.950931738010802 ], [ -105.122168559247001, 39.951087532449598 ], [ -105.121547396685003, 39.951480546953299 ], [ -105.121089882915001, 39.951735888687097 ], [ -105.119966930418997, 39.9524108343169 ], [ -105.117357037955998, 39.953946583245603 ], [ -105.114377993606993, 39.955023442073198 ], [ -105.111846105452997, 39.955872932639501 ], [ -105.109463787693002, 39.956551277625302 ], [ -105.109463254991994, 39.956644336666798 ], [ -105.109385040476994, 39.956573757925 ], [ -105.109295089471999, 39.956601675985802 ], [ -105.108222622295997, 39.9569054948686 ], [ -105.106791995917007, 39.957376797004599 ], [ -105.104285401626996, 39.957866522131603 ], [ -105.103377530065003, 39.958095944230301 ], [ -105.099102749462006, 39.958280473583997 ], [ -105.095821202829995, 39.958401891036701 ], [ -105.092927760741006, 39.958591028829701 ], [ -105.090293910209994, 39.9586813549328 ], [ -105.087745386155007, 39.958938029006902 ], [ -105.085844569879001, 39.959163755447797 ], [ -105.084141671324005, 39.959516898092502 ], [ -105.083490590371994, 39.959670891681903 ], [ -105.081477225970005, 39.960343912316098 ], [ -105.079485917005002, 39.961233614326503 ], [ -105.078719007280995, 39.961617426768299 ], [ -105.076909583805005, 39.962804011350102 ], [ -105.074843030154994, 39.964466541476703 ], [ -105.074499236810993, 39.964769897854701 ], [ -105.072849345145997, 39.9662587137774 ], [ -105.072831055446997, 39.966274469854497 ], [ -105.071895315450007, 39.967132465904903 ], [ -105.071128950103997, 39.967809842045199 ], [ -105.070156930745995, 39.968740237053503 ], [ -105.068811384705995, 39.969864705601402 ], [ -105.067962778597007, 39.970425035233497 ], [ -105.067413946586001, 39.970851411406301 ], [ -105.066114350270993, 39.971432220157197 ], [ -105.065171547719004, 39.971910696829603 ], [ -105.062184059206004, 39.973194983691997 ], [ -105.061818143950006, 39.973352082217403 ], [ -105.061083878104995, 39.973680179342601 ], [ -105.060073951638003, 39.974100888179798 ], [ -105.053010640493, 39.977151901656804 ], [ -105.053010839020004, 39.976665237546896 ] ] ] } },
{ "type": "Feature", "properties": { "OBJECTID_1": 3, "OBJECTID": 3, "area_name": "BC-Mesa", "area_code": 1, "SchType": "Elementary", "SchType2": "Dual", "resident_students_gis": 134, "Shape_Leng": 21038.322355100001, "State_CD": 0, "Key_ID": 3, "Yld": 0.15, "neighborhood_flag": "Boulder", "capacity_gis": 0, "enrollment_gis": 0, "Perc_Cap": 0.0, "SHAPE__Area": 2728257.0390625, "SHAPE__Length": 8373.6722059583117 }, "geometry": { "type": "Polygon", "coordinates": [ [ [ -105.255276353707004, 39.985965870626501 ], [ -105.255075667377994, 39.9857426451509 ], [ -105.254744878045997, 39.985374699878498 ], [ -105.254691368099003, 39.985315178698301 ], [ -105.254676980682007, 39.985324183692597 ], [ -105.254560526681999, 39.985377621010102 ], [ -105.254382294641005, 39.985423501481002 ], [ -105.254380957948001, 39.985423955756602 ], [ -105.254379850324995, 39.9854241532976 ], [ -105.254379571848006, 39.985424202854901 ], [ -105.254309118776007, 39.985448332454197 ], [ -105.253763102085003, 39.985423389288698 ], [ -105.253625976951994, 39.985417125103602 ], [ -105.253620882606, 39.985416891771202 ], [ -105.253616822221005, 39.985416706619397 ], [ -105.253613305317003, 39.9854160837112 ], [ -105.253604805457996, 39.985414579783601 ], [ -105.253148212460005, 39.985333725557602 ], [ -105.253011595773003, 39.985282764700997 ], [ -105.252851537549006, 39.985211953282203 ], [ -105.252712420850997, 39.985117787107498 ], [ -105.252454537888994, 39.984912434740401 ], [ -105.252426965897996, 39.984877217098798 ], [ -105.25204920905, 39.984350697908503 ], [ -105.251690513553996, 39.984599267182901 ], [ -105.251634529647006, 39.984638062084898 ], [ -105.251595490661003, 39.984660453994302 ], [ -105.251348775555002, 39.984801962266801 ], [ -105.250685262817996, 39.985223574512098 ], [ -105.249905112825004, 39.985535207751099 ], [ -105.24801947089, 39.983530128336803 ], [ -105.246877248632998, 39.9822544291711 ], [ -105.245733534275004, 39.980979691202599 ], [ -105.243821601345999, 39.978826492650597 ], [ -105.242815309462998, 39.977681129316302 ], [ -105.241391569569998, 39.976189498152799 ], [ -105.241172341113995, 39.9759555844335 ], [ -105.240872991021007, 39.975623769884301 ], [ -105.239283240665998, 39.973932723775597 ], [ -105.237556250192995, 39.9721176551393 ], [ -105.237327818498002, 39.971799079122803 ], [ -105.237323707806993, 39.971793717602097 ], [ -105.237308189410996, 39.971770465064502 ], [ -105.237119349164999, 39.971467207217799 ], [ -105.236990322343999, 39.971166421590397 ], [ -105.236985820886005, 39.971153353622398 ], [ -105.236946539355003, 39.970945089860201 ], [ -105.236947779928997, 39.9706231735491 ], [ -105.238779150146001, 39.970627339332097 ], [ -105.240973318464995, 39.970605281539299 ], [ -105.241918542874998, 39.970602679214899 ], [ -105.246308291665002, 39.970587591927803 ], [ -105.246694507948007, 39.9708864524627 ], [ -105.246698704877005, 39.970881637493903 ], [ -105.246701262380995, 39.970883564445302 ], [ -105.246803210386005, 39.970761770548101 ], [ -105.246888999494999, 39.970663370487301 ], [ -105.246913942117004, 39.970592218971603 ], [ -105.247031901694001, 39.970295081714198 ], [ -105.247728750012996, 39.970516206261401 ], [ -105.247772615645999, 39.9704994515374 ], [ -105.247779812049998, 39.970499697312803 ], [ -105.248128039478004, 39.970367630400197 ], [ -105.248283173138006, 39.970325737639698 ], [ -105.248865047880003, 39.970177913151801 ], [ -105.249090762172003, 39.970124947239398 ], [ -105.249213531327996, 39.970130287549097 ], [ -105.249419130543998, 39.970143920930298 ], [ -105.250422440020003, 39.970469528885801 ], [ -105.250504650241993, 39.970497414423697 ], [ -105.251923115227996, 39.970972328757199 ], [ -105.252008911524996, 39.971020620184497 ], [ -105.252211749319002, 39.9712224337284 ], [ -105.252219894343995, 39.972141277934199 ], [ -105.252115585566003, 39.9724060999621 ], [ -105.251896222363996, 39.972732518431499 ], [ -105.250939845369999, 39.9736316123631 ], [ -105.249729937750999, 39.974768689789997 ], [ -105.249750754410996, 39.974782782787997 ], [ -105.249714154350997, 39.974816866325398 ], [ -105.249906259973002, 39.974888065762002 ], [ -105.250004857261999, 39.974954818737402 ], [ -105.250371904396005, 39.975070467383503 ], [ -105.250408676033999, 39.975074271485099 ], [ -105.250455569888004, 39.975091650843602 ], [ -105.250579292156999, 39.975091918631399 ], [ -105.250808110128006, 39.975115585832697 ], [ -105.253638051208, 39.975107408326799 ], [ -105.256057192708994, 39.9751257541906 ], [ -105.256066814563994, 39.976870799187701 ], [ -105.256065991707004, 39.9787579640373 ], [ -105.25607246317, 39.978814449054497 ], [ -105.256071996944002, 39.978944735374903 ], [ -105.256097097669993, 39.979029475386199 ], [ -105.256121674677999, 39.979243999227997 ], [ -105.256601883485999, 39.980494793115 ], [ -105.256725788113002, 39.980846494320403 ], [ -105.256286930553998, 39.980935180300499 ], [ -105.256007002934993, 39.980986237326 ], [ -105.255631199923002, 39.981207358258899 ], [ -105.255570489080995, 39.981278778877297 ], [ -105.255563127387006, 39.981283670207503 ], [ -105.255194199181005, 39.981680455310602 ], [ -105.254898553740006, 39.981981962154698 ], [ -105.254588878410004, 39.982270346759798 ], [ -105.254615038249995, 39.982271097037398 ], [ -105.254606329981002, 39.982279976468902 ], [ -105.255410155074003, 39.982308189650396 ], [ -105.255417077491998, 39.983580424900197 ], [ -105.255412366726006, 39.985921652743301 ], [ -105.255412295759001, 39.985941276613502 ], [ -105.255319008412002, 39.985956781745202 ], [ -105.255310749301003, 39.9859596484769 ], [ -105.255301702368001, 39.985961285232698 ], [ -105.255295364754005, 39.985962431925302 ], [ -105.255276353707004, 39.985965870626501 ] ] ] } },
{ "type": "Feature", "properties": { "OBJECTID_1": 4, "OBJECTID": 4, "area_name": "Birch", "area_code": 120, "SchType": "Elementary", "SchType2": "Neighborhood", "resident_students_gis": 447, "Shape_Leng": 24078.308697100001, "State_CD": 872, "Key_ID": 4, "Yld": 0.0, "neighborhood_flag": " ", "capacity_gis": 436, "enrollment_gis": 376, "Perc_Cap": 0.86, "SHAPE__Area": 5559032.81640625, "SHAPE__Length": 9579.709761178794 }, "geometry": { "type": "Polygon", "coordinates": [ [ [ -105.053024412564, 39.943458879919703 ], [ -105.053031894631999, 39.925139174351003 ], [ -105.053570430153997, 39.9251299788693 ], [ -105.055459746197997, 39.9250976968491 ], [ -105.057251501609002, 39.925104598974997 ], [ -105.058139385656006, 39.925113109690002 ], [ -105.061861476882001, 39.925157497109304 ], [ -105.063507119516004, 39.925163746149103 ], [ -105.064174176107002, 39.925015432741297 ], [ -105.065066835598003, 39.924807649862402 ], [ -105.065079664438002, 39.924805306890903 ], [ -105.066630762982001, 39.924564315209302 ], [ -105.066722605837995, 39.924544064035203 ], [ -105.067390914680004, 39.924424204049501 ], [ -105.068191211189998, 39.9242933949796 ], [ -105.068645871013004, 39.924313528424001 ], [ -105.069017963085997, 39.924352313447002 ], [ -105.070049889293003, 39.924659409396298 ], [ -105.070387957674001, 39.924791134012899 ], [ -105.070874471756994, 39.925010425094001 ], [ -105.070977122244997, 39.925020693216098 ], [ -105.071115944295997, 39.925074781841303 ], [ -105.071381705483006, 39.925061160142299 ], [ -105.071814270342998, 39.925104426060201 ], [ -105.071863827702003, 39.925104609997497 ], [ -105.071863739666995, 39.925118703586598 ], [ -105.071848784514998, 39.927503412418801 ], [ -105.071840520014007, 39.9288211993522 ], [ -105.071840004381002, 39.928903477486301 ], [ -105.071816265500999, 39.932688249479497 ], [ -105.071833321813997, 39.9384890201232 ], [ -105.071835423870994, 39.938907310978102 ], [ -105.071835476871996, 39.938917993029399 ], [ -105.071856368092, 39.943076383648197 ], [ -105.071909548356999, 39.943220375454302 ], [ -105.071910278687, 39.943261517587302 ], [ -105.063303361847005, 39.943229213125697 ], [ -105.061969219919007, 39.9432241482696 ], [ -105.061224004509, 39.943243730679001 ], [ -105.053029550928002, 39.943152438572398 ], [ -105.053027544990002, 39.943458797273401 ], [ -105.053024412564, 39.943458879919703 ] ] ] } },
{ "type": "Feature", "properties": { "OBJECTID_1": 5, "OBJECTID": 5, "area_name": "Coal Creek", "area_code": 158, "SchType": "Elementary", "SchType2": "Neighborhood", "resident_students_gis": 418, "Shape_Leng": 33863.278990500003, "State_CD": 1725, "Key_ID": 5, "Yld": 0.22, "neighborhood_flag": " ", "capacity_gis": 496, "enrollment_gis": 467, "Perc_Cap": 0.94, "SHAPE__Area": 9167483.48828125, "SHAPE__Length": 13481.308734056509 }, "geometry": { "type": "Polygon", "coordinates": [ [ [ -105.142073223598004, 40.000105511096301 ], [ -105.138976180146003, 39.996211361815298 ], [ -105.137598187856995, 39.994462603089701 ], [ -105.137069809585995, 39.993814073249098 ], [ -105.136620951083003, 39.993249597558702 ], [ -105.134463204059003, 39.990605089366099 ], [ -105.133606764640007, 39.989546272665201 ], [ -105.133107110001006, 39.988942953437999 ], [ -105.132525681722001, 39.988230278321197 ], [ -105.132149257972998, 39.9870513235117 ], [ -105.132135695209001, 39.987008843550598 ], [ -105.132134950506, 39.987006510968499 ], [ -105.133041551849999, 39.987007426381403 ], [ -105.133204922161994, 39.9870075901921 ], [ -105.133355767265002, 39.987010346066597 ], [ -105.133932588085003, 39.987009903502297 ], [ -105.138008261596994, 39.987022773654999 ], [ -105.144367768769001, 39.9870425679023 ], [ -105.146472128016995, 39.987016669297603 ], [ -105.146761252588007, 39.987015331280801 ], [ -105.146764304165004, 39.981799279556 ], [ -105.146764303267005, 39.981798923687897 ], [ -105.146750268887004, 39.979974273550702 ], [ -105.146750267089999, 39.979973917673 ], [ -105.146824414931999, 39.9799671718309 ], [ -105.148713880097006, 39.9789088476345 ], [ -105.150410522784, 39.977984288000997 ], [ -105.152107118759005, 39.977395343240801 ], [ -105.153575074629003, 39.976872092658297 ], [ -105.153845789127004, 39.976776952629301 ], [ -105.156196283170004, 39.976001683255902 ], [ -105.157342740982997, 39.975639731698003 ], [ -105.158066966359002, 39.975420871342799 ], [ -105.158153537901001, 39.9753837440132 ], [ -105.158209459823993, 39.9753660873047 ], [ -105.159541674864997, 39.974867815024297 ], [ -105.160104168455007, 39.9745375571868 ], [ -105.160571516980994, 39.974293872052201 ], [ -105.161891112489002, 39.974000504793999 ], [ -105.163029867248994, 39.9735016236353 ], [ -105.163758320995001, 39.972879995248498 ], [ -105.164304681740006, 39.972477364557001 ], [ -105.165303127737999, 39.973359443469803 ], [ -105.165481538543006, 39.973679046212197 ], [ -105.165574473750993, 39.973878008074301 ], [ -105.165805175488998, 39.974340561272598 ], [ -105.165809645505007, 39.975257448435002 ], [ -105.165813307039002, 39.975515059142701 ], [ -105.165798155155002, 39.975946357919099 ], [ -105.165820634596002, 39.976672532357398 ], [ -105.165816691890001, 39.977477269714299 ], [ -105.165828703263998, 39.978683717802397 ], [ -105.165832485172004, 39.9786837288162 ], [ -105.165836266181003, 39.978683739829997 ], [ -105.165836581489003, 39.978683740518399 ], [ -105.165841214999006, 39.978683752220597 ], [ -105.165841666852003, 39.978683753597302 ], [ -105.165848536268996, 39.978683768741298 ], [ -105.165852896691007, 39.978683781131899 ], [ -105.165855920420995, 39.978683790768997 ], [ -105.165850293374007, 39.978693388630496 ], [ -105.165830130686999, 39.978723315253703 ], [ -105.165830401080001, 39.978730812911898 ], [ -105.165887281506002, 39.980308255922303 ], [ -105.165901085018007, 39.980691035449297 ], [ -105.165957794763997, 39.982263657587197 ], [ -105.165989463071995, 39.9831418340694 ], [ -105.166005851937001, 39.984170624827499 ], [ -105.1660213344, 39.985142499116101 ], [ -105.166038599122004, 39.986226210636801 ], [ -105.166047537359006, 39.9867872747379 ], [ -105.166048099704, 39.986891164030098 ], [ -105.166049624145003, 39.987172084868298 ], [ -105.166053002709006, 39.987795363120298 ], [ -105.166062850041001, 39.989611674731897 ], [ -105.166066515167998, 39.990287665630099 ], [ -105.166067563501997, 39.990480989206098 ], [ -105.165898483497003, 39.990628093233198 ], [ -105.165721686065993, 39.990811959401 ], [ -105.165359198781005, 39.991280771049802 ], [ -105.164949200498995, 39.991843400657203 ], [ -105.164756233393007, 39.9921374635042 ], [ -105.163980573179003, 39.993371302513701 ], [ -105.163949518419997, 39.993421565679398 ], [ -105.162664597881999, 39.995854992565398 ], [ -105.162276295710001, 39.997127018886403 ], [ -105.161969862399999, 39.998411902595699 ], [ -105.161888883768995, 39.998707241228999 ], [ -105.161733291969, 39.999408711212297 ], [ -105.161632307855996, 40.000124253502698 ], [ -105.160191402953998, 40.000135394620898 ], [ -105.152798951782998, 40.000192272787501 ], [ -105.152679454291004, 40.000115295189197 ], [ -105.151977424489999, 40.000116063162601 ], [ -105.151942669570005, 40.000116101699 ], [ -105.151346627497006, 40.000116838017597 ], [ -105.151346561919993, 40.000116837329401 ], [ -105.150335729952005, 40.000123865387202 ], [ -105.149326308338004, 40.000131755005697 ], [ -105.148428401787996, 40.000138764481903 ], [ -105.148337395262999, 40.000139473962498 ], [ -105.147915502388003, 40.000142764686302 ], [ -105.147376227552996, 40.000146969270403 ], [ -105.147336824749999, 40.0001472761844 ], [ -105.146726522820998, 40.000152030598301 ], [ -105.146624215489993, 40.000152827473599 ], [ -105.146128119077005, 40.0001566893595 ], [ -105.146052846545004, 40.000157274973297 ], [ -105.145768295297003, 40.000160780398403 ], [ -105.145504209468001, 40.000162509713803 ], [ -105.145312770396004, 40.000163032706098 ], [ -105.144980102687001, 40.000165618765401 ], [ -105.144718004829997, 40.000167655682802 ], [ -105.143232753695003, 40.000163069866097 ], [ -105.142120068045003, 40.000164408313502 ], [ -105.142116251103005, 40.000159609858898 ], [ -105.142073223598004, 40.000105511096301 ] ] ] } },
{ "type": "Feature", "properties": { "OBJECTID_1": 6, "OBJECTID": 6, "area_name": "Columbine", "area_code": 124, "SchType": "Elementary", "SchType2": "Neighborhood", "resident_students_gis": 568, "Shape_Leng": 60262.826324499998, "State_CD": 1842, "Key_ID": 6, "Yld": 0.1, "neighborhood_flag": "Boulder", "capacity_gis": 579, "enrollment_gis": 398, "Perc_Cap": 0.69, "SHAPE__Area": 13152229.12109375, "SHAPE__Length": 23994.02037703415 }, "geometry": { "type": "Polygon", "coordinates": [ [ [ -105.253661505322, 40.023340630886402 ], [ -105.253645332052997, 40.023393784616097 ], [ -105.253604362588007, 40.025434157471899 ], [ -105.253630906907006, 40.027499763059303 ], [ -105.253631751322999, 40.027565437626997 ], [ -105.253771631589004, 40.027700624200399 ], [ -105.253886973475005, 40.027699454821203 ], [ -105.253888587747994, 40.027699439000102 ], [ -105.253890202918001, 40.027699408733802 ], [ -105.255984613324998, 40.0276581647122 ], [ -105.255986765689002, 40.027658122064302 ], [ -105.255987177117007, 40.027653750646401 ], [ -105.256007096359994, 40.027442031295998 ], [ -105.256007187988004, 40.027441028377503 ], [ -105.256018869680005, 40.027327714308797 ], [ -105.258155638348001, 40.027357104404601 ], [ -105.258335407405994, 40.027356099421198 ], [ -105.258353886649004, 40.027244910056602 ], [ -105.258364567618003, 40.027170900193198 ], [ -105.258365351847004, 40.027165466664201 ], [ -105.258367103561994, 40.027165388246303 ], [ -105.259439395567, 40.027117728082096 ], [ -105.260406194815999, 40.027094113980702 ], [ -105.260560854165007, 40.027153964007702 ], [ -105.260835443095999, 40.0272435171102 ], [ -105.261153656912001, 40.027383365351803 ], [ -105.261250244669995, 40.027420743005599 ], [ -105.261414789081002, 40.027436900452699 ], [ -105.261518937060004, 40.027447127745397 ], [ -105.261738452976005, 40.027447581053501 ], [ -105.261948613835997, 40.027581348094003 ], [ -105.262558096502005, 40.027492464734799 ], [ -105.262771648503005, 40.027460780642102 ], [ -105.262826848181007, 40.027454530631402 ], [ -105.263072223899002, 40.027369396017697 ], [ -105.263188074230996, 40.027368284414102 ], [ -105.265388376247003, 40.027347152247899 ], [ -105.267844801424999, 40.027352122135603 ], [ -105.268006428107995, 40.027342184423503 ], [ -105.268349605207007, 40.027342819330997 ], [ -105.268463947268003, 40.027281629490403 ], [ -105.268595130045995, 40.027256697477902 ], [ -105.268801887189994, 40.027219527472603 ], [ -105.269143655731995, 40.027219841831403 ], [ -105.269154333106997, 40.027542588594002 ], [ -105.269157176275002, 40.027542350590302 ], [ -105.269218611159005, 40.027537227321098 ], [ -105.269458501764007, 40.027510182946799 ], [ -105.269506844600997, 40.027496276234999 ], [ -105.269531841122003, 40.027382515140303 ], [ -105.269583685591996, 40.0273830757572 ], [ -105.269834347895994, 40.027387978918497 ], [ -105.270371865626004, 40.027222293417999 ], [ -105.270334392403996, 40.027144860660201 ], [ -105.270366433513004, 40.027091037109898 ], [ -105.270371261058997, 40.027082929111103 ], [ -105.270374229991006, 40.027077942006898 ], [ -105.270498492147993, 40.027115440206302 ], [ -105.271013011210002, 40.026891583636598 ], [ -105.271352271655005, 40.026740345160697 ], [ -105.272621246198995, 40.026174627660197 ], [ -105.272630000280998, 40.0260224954053 ], [ -105.272615360437001, 40.025520841570298 ], [ -105.272708417816006, 40.025520309829602 ], [ -105.274799794611994, 40.025508333625901 ], [ -105.276638895730002, 40.025501416180703 ], [ -105.278404071788998, 40.025498522217497 ], [ -105.282043527889996, 40.025542534246199 ], [ -105.282055514110993, 40.026087782051498 ], [ -105.282053520749002, 40.026711292548299 ], [ -105.282095632872, 40.029215779029101 ], [ -105.282070435128006, 40.030881010031102 ], [ -105.282072750086002, 40.031039333673 ], [ -105.282070409076994, 40.031194067824501 ], [ -105.28207238537, 40.031329181174698 ], [ -105.280128069073996, 40.031342285091199 ], [ -105.279611332071994, 40.031699789035102 ], [ -105.279550000493998, 40.031851669264398 ], [ -105.279527636037002, 40.031899487760597 ], [ -105.279486170702, 40.031957091254597 ], [ -105.279482479524006, 40.0319597132521 ], [ -105.279436632206995, 40.031992277049099 ], [ -105.279386125328998, 40.032021245560898 ], [ -105.279145669683004, 40.032159158096803 ], [ -105.278706831887007, 40.032410850077397 ], [ -105.278526933471994, 40.032693761966399 ], [ -105.278325016449998, 40.0330112980675 ], [ -105.278296626094004, 40.033055944230398 ], [ -105.278243526677997, 40.033121903018902 ], [ -105.278094250932, 40.0333206312025 ], [ -105.277728756984999, 40.033807194934496 ], [ -105.277699050596993, 40.033847818274097 ], [ -105.277695826544004, 40.0338522264367 ], [ -105.277516403337003, 40.0340011848849 ], [ -105.277155928278006, 40.034295266987698 ], [ -105.277121678211003, 40.0343306035805 ], [ -105.276587870523997, 40.034948049396 ], [ -105.276587587554005, 40.0349486938618 ], [ -105.276564277171005, 40.035002002930099 ], [ -105.276543534173001, 40.035063684497203 ], [ -105.276518137002995, 40.0351217626487 ], [ -105.276334556392996, 40.035667649186102 ], [ -105.276252522240995, 40.036091082935499 ], [ -105.276201214066006, 40.0363559135671 ], [ -105.275698672241006, 40.036371730508598 ], [ -105.275305476048004, 40.0363541721008 ], [ -105.275304921788006, 40.036522316246398 ], [ -105.275309449296998, 40.036565083844899 ], [ -105.275374064217004, 40.036668356115499 ], [ -105.275472614793003, 40.036818179827797 ], [ -105.275565819495995, 40.036908855762398 ], [ -105.275194635619997, 40.037235576031001 ], [ -105.275130473451, 40.037303050068502 ], [ -105.275100578416996, 40.037338753749097 ], [ -105.275031085644997, 40.037421751391499 ], [ -105.274972960154003, 40.037500331377601 ], [ -105.274910183187004, 40.037575306667399 ], [ -105.274820399269004, 40.037696685690499 ], [ -105.274791731334005, 40.037973935966697 ], [ -105.274787345758995, 40.038064974880299 ], [ -105.274779916691003, 40.038136818843398 ], [ -105.274781415979007, 40.038188092387998 ], [ -105.274778582693003, 40.038246901722701 ], [ -105.274794888911998, 40.038804989522497 ], [ -105.274684218266003, 40.038913787968298 ], [ -105.274655981520993, 40.038949721204098 ], [ -105.274627053971997, 40.038985186058802 ], [ -105.274167198293995, 40.039641974420398 ], [ -105.274210638125993, 40.039887051542102 ], [ -105.274210908518995, 40.039888576965602 ], [ -105.274210984876007, 40.039889012997399 ], [ -105.274211098961999, 40.039889667045003 ], [ -105.274244811835999, 40.040084208458701 ], [ -105.274244845972007, 40.040084402402897 ], [ -105.274244872023004, 40.040084597034799 ], [ -105.274250859294, 40.0401352680258 ], [ -105.273755721385001, 40.0401260825059 ], [ -105.272763144080997, 40.040107546403597 ], [ -105.272761171381006, 40.040194804002198 ], [ -105.272720297136999, 40.042002602268397 ], [ -105.272718618186005, 40.042505925022603 ], [ -105.272768168357999, 40.0435814885941 ], [ -105.272773234856999, 40.043691444397197 ], [ -105.272714656614994, 40.043693818368403 ], [ -105.272714121218996, 40.043693840375099 ], [ -105.272713968505997, 40.043693843125901 ], [ -105.272713739435005, 40.043693845876703 ], [ -105.269128656560994, 40.0437397208579 ], [ -105.263208487547999, 40.043779722781998 ], [ -105.261726472145, 40.043776671421497 ], [ -105.259487350331995, 40.043772025265703 ], [ -105.259487900999005, 40.043616026758002 ], [ -105.258476639636001, 40.043609107022903 ], [ -105.258485432346006, 40.040118983602902 ], [ -105.256907224445001, 40.040106337347702 ], [ -105.255648378405994, 40.040108241713803 ], [ -105.244142777806999, 40.0401250130626 ], [ -105.241520312522994, 40.039986780327297 ], [ -105.240104917978002, 40.039971375496798 ], [ -105.239649466738996, 40.039966415469301 ], [ -105.234399574776006, 40.039909108969503 ], [ -105.233969646470996, 40.039904405467098 ], [ -105.228189438572002, 40.039841010284697 ], [ -105.227887419583993, 40.039837690526198 ], [ -105.224440150850995, 40.039799735091101 ], [ -105.224435352051003, 40.0397996821345 ], [ -105.224430552352004, 40.039799629177899 ], [ -105.224033245467993, 40.0397952482219 ], [ -105.220957546885998, 40.039761285831297 ], [ -105.220942559394004, 40.038787580984803 ], [ -105.220895625115006, 40.035738279663803 ], [ -105.220885124708005, 40.035055998377203 ], [ -105.220884042237998, 40.034992214896697 ], [ -105.220883378382993, 40.034953116396998 ], [ -105.220881273629999, 40.034829136739802 ], [ -105.220879659358005, 40.034727458753999 ], [ -105.220879047604996, 40.034677948877402 ], [ -105.220878083713004, 40.034598534088197 ], [ -105.220877277024996, 40.034546113343602 ], [ -105.220874372772002, 40.0343574113976 ], [ -105.220873554407007, 40.034304164415502 ], [ -105.220871399348994, 40.034164153597203 ], [ -105.220857886890002, 40.033286121526601 ], [ -105.220857270645993, 40.0332459855127 ], [ -105.220857165542995, 40.033239110120903 ], [ -105.220857116134994, 40.033235932418599 ], [ -105.220857114338997, 40.033235811363298 ], [ -105.220857105356004, 40.033235223969797 ], [ -105.220856911319999, 40.033222701620197 ], [ -105.220856508873993, 40.033193027920703 ], [ -105.220856352568006, 40.033179974570203 ], [ -105.220856286989999, 40.033174876485802 ], [ -105.220856212429993, 40.033169406292998 ], [ -105.220856122599002, 40.033162331427199 ], [ -105.220856048936994, 40.033156643196001 ], [ -105.220855968088998, 40.033150042233601 ], [ -105.220855672542996, 40.033124684544802 ], [ -105.220855465930001, 40.033106784144401 ], [ -105.220855300639997, 40.0330924480009 ], [ -105.220855257520995, 40.0330888073917 ], [ -105.220855231469997, 40.033086444056401 ], [ -105.220855065281995, 40.033070115993503 ], [ -105.220854652954998, 40.033030014243302 ], [ -105.220854649361996, 40.033029771444099 ], [ -105.220854340341006, 40.0329990308568 ], [ -105.220854010660005, 40.032930560728097 ], [ -105.220854042998994, 40.032849647211599 ], [ -105.220854064557997, 40.032795485629002 ], [ -105.220854088812999, 40.032736377894203 ], [ -105.220854109474004, 40.032686490334697 ], [ -105.220854132829999, 40.0326260268113 ], [ -105.220856101039004, 40.032491126503601 ], [ -105.220858803172007, 40.0323058160334 ], [ -105.220861983207996, 40.032087889049102 ], [ -105.220863616345, 40.031975888883302 ], [ -105.220868725063994, 40.031625714534201 ], [ -105.220879202115, 40.030907387242003 ], [ -105.220903598562003, 40.0292347823939 ], [ -105.220904164499999, 40.029195961926398 ], [ -105.221779481116002, 40.029187656763398 ], [ -105.223926857988999, 40.029177625770402 ], [ -105.223926891226995, 40.0291776649781 ], [ -105.224190684204999, 40.029556148047298 ], [ -105.224128088697, 40.029984608008903 ], [ -105.223852520603003, 40.030244631621102 ], [ -105.223688223229004, 40.030939393705196 ], [ -105.223383364666006, 40.031626685063202 ], [ -105.223248195164999, 40.031931418097301 ], [ -105.222697486572997, 40.0323397401799 ], [ -105.222689810469006, 40.034226571872701 ], [ -105.222350179917996, 40.0343498888952 ], [ -105.222623599242993, 40.034623643620897 ], [ -105.222931336906001, 40.034400941063403 ], [ -105.223303163975004, 40.034302524691803 ], [ -105.223481506509003, 40.034129163572103 ], [ -105.223710819451, 40.034051932616102 ], [ -105.224176858234003, 40.033894972324198 ], [ -105.225033643504005, 40.033673574913998 ], [ -105.225938918935, 40.033456190856903 ], [ -105.225987931915995, 40.029281471892403 ], [ -105.225887021464999, 40.029260713135997 ], [ -105.225505791730001, 40.029185367581199 ], [ -105.225364778688004, 40.029157497745899 ], [ -105.225364702331007, 40.029157482613002 ], [ -105.225382002087002, 40.029092889512398 ], [ -105.225390745389006, 40.028777113973 ], [ -105.225400105835007, 40.028439076361501 ], [ -105.225401854854994, 40.028375879631 ], [ -105.225403646993996, 40.028311170916901 ], [ -105.225405272046004, 40.028252491962903 ], [ -105.225407972382001, 40.028154954753703 ], [ -105.225426234232998, 40.027799235823103 ], [ -105.225442535062001, 40.027481700908503 ], [ -105.225509866487997, 40.0274724545271 ], [ -105.225713665480001, 40.027444469805097 ], [ -105.226054731537999, 40.027397633907903 ], [ -105.226151758572001, 40.027384309802002 ], [ -105.226542072071993, 40.027330709999802 ], [ -105.226937197845999, 40.027276447732199 ], [ -105.228768132379997, 40.027024987880502 ], [ -105.228899431938999, 40.0270084636972 ], [ -105.229013164942003, 40.026994153787101 ], [ -105.229111583465993, 40.026981781624698 ], [ -105.229208895265998, 40.026969562856699 ], [ -105.229278675499003, 40.026960805487001 ], [ -105.238168691910005, 40.025657819335798 ], [ -105.241810576156993, 40.025073835395197 ], [ -105.244465706880007, 40.024720449577302 ], [ -105.244462967915993, 40.024586454046798 ], [ -105.244877312247993, 40.024557458300897 ], [ -105.248718644947004, 40.024097335692304 ], [ -105.249280725312005, 40.024120167993701 ], [ -105.249378538371005, 40.024129230470599 ], [ -105.250305514404999, 40.023975846477697 ], [ -105.251006086239997, 40.023871029206397 ], [ -105.251797684364007, 40.023752586342198 ], [ -105.253646331878002, 40.023343984467701 ], [ -105.253661505322, 40.023340630886402 ] ], [ [ -105.236455443864003, 40.029609401487598 ], [ -105.234786998396004, 40.029802811139803 ], [ -105.234803583092003, 40.031035560201701 ], [ -105.234815564822, 40.0334517008191 ], [ -105.234807507832002, 40.035522635421998 ], [ -105.235771816051994, 40.034982455749301 ], [ -105.236264051505003, 40.034868529688097 ], [ -105.237140720086003, 40.034870530492199 ], [ -105.238015998074005, 40.035234116677003 ], [ -105.238591302537998, 40.035761377682199 ], [ -105.238790686311006, 40.035900864566401 ], [ -105.239486976776007, 40.036387976622798 ], [ -105.239476525775999, 40.033528065812398 ], [ -105.237167234758999, 40.0335392633814 ], [ -105.237108288209001, 40.032191366193203 ], [ -105.237112852549004, 40.0310079738233 ], [ -105.237096479854003, 40.029709480974098 ], [ -105.236455443864003, 40.029609401487598 ] ] ] } },
{ "type": "Feature", "properties": { "OBJECTID_1": 7, "OBJECTID": 7, "area_name": "BC-Creekside", "area_code": 2, "SchType": "Elementary", "SchType2": "Dual", "resident_students_gis": 45, "Shape_Leng": 15875.525038399999, "State_CD": 0, "Key_ID": 7, "Yld": 0.12, "neighborhood_flag": "Boulder", "capacity_gis": 0, "enrollment_gis": 0, "Perc_Cap": 0.0, "SHAPE__Area": 1267705.125, "SHAPE__Length": 6311.6837707935074 }, "geometry": { "type": "Polygon", "coordinates": [ [ [ -105.270485736070995, 39.989856611543303 ], [ -105.269854409073005, 39.989294649698202 ], [ -105.263489277548999, 39.989281766896703 ], [ -105.263020339902994, 39.989280804024503 ], [ -105.258143383531007, 39.989270675627203 ], [ -105.257627552030002, 39.989269592309803 ], [ -105.257064826675006, 39.9892684078185 ], [ -105.256334882624003, 39.9892668668098 ], [ -105.255893948159994, 39.989020801890298 ], [ -105.255232348834994, 39.9886515885973 ], [ -105.255165736061997, 39.988614412707001 ], [ -105.254445364459002, 39.988212390232697 ], [ -105.254762567670994, 39.987848580322698 ], [ -105.255033700783002, 39.987412622017899 ], [ -105.254366898415, 39.987214452538502 ], [ -105.254354217797001, 39.987204866886401 ], [ -105.254341482380994, 39.987195240624501 ], [ -105.254339313848007, 39.987194588136497 ], [ -105.254331717694001, 39.987192303051998 ], [ -105.254240119179002, 39.987118619358398 ], [ -105.253970780003002, 39.986915020551898 ], [ -105.253977581148007, 39.986911727125801 ], [ -105.253980921982006, 39.986910109664699 ], [ -105.253977778776999, 39.986907580919102 ], [ -105.253971752878002, 39.986902733353297 ], [ -105.254373809154998, 39.986702255268597 ], [ -105.254637199688005, 39.986570918275298 ], [ -105.254625883610004, 39.985841760661401 ], [ -105.254625721015003, 39.985831282101699 ], [ -105.254593413105994, 39.9858263387869 ], [ -105.254544805265994, 39.985818901100501 ], [ -105.254554167508005, 39.985513843065299 ], [ -105.254560526681999, 39.985377621010102 ], [ -105.254691368099003, 39.985315178698301 ], [ -105.255276353707004, 39.985965870626501 ], [ -105.255291459776998, 39.9859631381117 ], [ -105.255293673226006, 39.985965575349702 ], [ -105.255310749301003, 39.9859596484769 ], [ -105.255412295759001, 39.985941276613502 ], [ -105.255470416758001, 39.985930762277903 ], [ -105.259047965462003, 39.985944424856903 ], [ -105.259616923329006, 39.985946588155699 ], [ -105.259617418299996, 39.985943604413897 ], [ -105.25961758359, 39.985942613274801 ], [ -105.259619213134002, 39.9859426077685 ], [ -105.259624264360994, 39.9859425919378 ], [ -105.259624408990007, 39.985901509207302 ], [ -105.259635793339996, 39.985832964287802 ], [ -105.259798295880003, 39.985830604133902 ], [ -105.262394224030999, 39.985815184321801 ], [ -105.263796628937001, 39.985772488844802 ], [ -105.267338239639997, 39.985720895774001 ], [ -105.267429963020007, 39.985720955655502 ], [ -105.267430301684996, 39.985781047076898 ], [ -105.272491872627995, 39.985726196320599 ], [ -105.273341112948003, 39.985732832843901 ], [ -105.276018471583996, 39.985753715656202 ], [ -105.276909506921001, 39.985743557139301 ], [ -105.276920107940001, 39.985743436687997 ], [ -105.276935430503997, 39.985743246719103 ], [ -105.276939101020005, 39.985743200603501 ], [ -105.276951141140003, 39.985743063633201 ], [ -105.276953616897003, 39.985743035413101 ], [ -105.276965984900997, 39.985742897754498 ], [ -105.276978987117005, 39.985742751836398 ], [ -105.276989164130995, 39.985742636891402 ], [ -105.276991756669005, 39.985742607983099 ], [ -105.277031767631001, 39.985742145450203 ], [ -105.277044600064997, 39.985741997467201 ], [ -105.277048867063002, 39.985741948598303 ], [ -105.277049928870994, 39.985741936209102 ], [ -105.277052846599005, 39.985742265901401 ], [ -105.277053012788002, 39.985760486394 ], [ -105.277053017279002, 39.985760929654603 ], [ -105.277053050516997, 39.985764512907402 ], [ -105.277118195442995, 39.986848282012801 ], [ -105.277270067320003, 39.989271684612703 ], [ -105.277271119247004, 39.989288462952999 ], [ -105.277265628744004, 39.989288427163601 ], [ -105.277186267079998, 39.9892879151001 ], [ -105.274659272050002, 39.989271568985501 ], [ -105.272615269707003, 39.989258306261398 ], [ -105.272454586256003, 39.9892198168166 ], [ -105.272306552879996, 39.989229526760703 ], [ -105.272144595616993, 39.989240149333298 ], [ -105.272003481964006, 39.989249405712499 ], [ -105.271975007167001, 39.989251272955897 ], [ -105.271949301874997, 39.9892529598756 ], [ -105.271940524436005, 39.989253535259003 ], [ -105.271939328778004, 39.989253613032098 ], [ -105.271935182155005, 39.989253880076099 ], [ -105.271934619809997, 39.989253915865497 ], [ -105.271927694696998, 39.989254293030797 ], [ -105.271927339862998, 39.989254312302002 ], [ -105.271913159058002, 39.989255083838898 ], [ -105.271835667686005, 39.989259299417199 ], [ -105.271732663262, 39.989264903210902 ], [ -105.271732599481993, 39.989264907340399 ], [ -105.271537686624995, 39.9892755113245 ], [ -105.271516724438001, 39.989276651079003 ], [ -105.271512015469, 39.989279300181899 ], [ -105.271507305602, 39.989281949284901 ], [ -105.271384162746003, 39.989351222360703 ], [ -105.270547381160995, 39.9899114830719 ], [ -105.270485736070995, 39.989856611543303 ] ] ] } },
{ "type": "Feature", "properties": { "OBJECTID_1": 8, "OBJECTID": 8, "area_name": "Creekside", "area_code": 164, "SchType": "Elementary", "SchType2": "Neighborhood", "resident_students_gis": 531, "Shape_Leng": 77235.263410800006, "State_CD": 5606, "Key_ID": 8, "Yld": 0.09, "neighborhood_flag": "Boulder", "capacity_gis": 484, "enrollment_gis": 314, "Perc_Cap": 0.65, "SHAPE__Area": 16623619.49609375, "SHAPE__Length": 30770.456694581648 }, "geometry": { "type": "MultiPolygon", "coordinates": [ [ [ [ -105.271070158434995, 40.011572016324699 ], [ -105.272553642584, 40.011864226667399 ], [ -105.272561333061006, 40.012606974929398 ], [ -105.272554584017996, 40.014589140634598 ], [ -105.268053833104005, 40.014614126124499 ], [ -105.267950427133002, 40.0140598019346 ], [ -105.267951251786002, 40.013817437714003 ], [ -105.267951890489002, 40.0136298019493 ], [ -105.267290986459003, 40.013628469958 ], [ -105.267272332044001, 40.013135881814598 ], [ -105.267373981808007, 40.013143905468702 ], [ -105.267455296410006, 40.013151888529002 ], [ -105.267459269658005, 40.0119869765864 ], [ -105.269940146080003, 40.011991952409197 ], [ -105.269931376726007, 40.011577568061199 ], [ -105.271070158434995, 40.011572016324699 ] ] ], [ [ [ -105.231903547369001, 39.971447000903403 ], [ -105.233931156355993, 39.971451699486501 ], [ -105.235086174215994, 39.971450321235501 ], [ -105.237109702156999, 39.971512873975897 ], [ -105.237316194298003, 39.971783407619597 ], [ -105.237320272649995, 39.971789236587597 ], [ -105.237329861267, 39.971802937792802 ], [ -105.237541230361998, 39.972105005230503 ], [ -105.239273309789994, 39.973931272602997 ], [ -105.240866254554007, 39.975622788232897 ], [ -105.241172341113995, 39.9759555844335 ], [ -105.241383861125996, 39.976185497922302 ], [ -105.242816345221001, 39.977688306994899 ], [ -105.243821601345999, 39.978826492650597 ], [ -105.245726531906996, 39.980983140479701 ], [ -105.246873575422001, 39.982260473381103 ], [ -105.247921822221997, 39.983422899728502 ], [ -105.24801947089, 39.983530128336803 ], [ -105.248750845957005, 39.984346940439799 ], [ -105.249903049394007, 39.985536127313502 ], [ -105.249906594147006, 39.985539785602299 ], [ -105.249908659373006, 39.9855389782321 ], [ -105.250728847279007, 39.9852184907406 ], [ -105.251595490661003, 39.984660453994302 ], [ -105.251690513553996, 39.984599267182901 ], [ -105.252052834650002, 39.984365960428804 ], [ -105.252226349636999, 39.984607384358704 ], [ -105.252426965897996, 39.984877217098798 ], [ -105.252452743953995, 39.984911007891498 ], [ -105.252453234434, 39.984911460793903 ], [ -105.252455194557996, 39.984913273779902 ], [ -105.252516512661003, 39.984970009756701 ], [ -105.252712420850997, 39.985117787107498 ], [ -105.252845034645006, 39.985215080910301 ], [ -105.253011595773003, 39.985282764700997 ], [ -105.253151252359004, 39.985339810793 ], [ -105.253545693616999, 39.985407471057997 ], [ -105.253604805457996, 39.985414579783601 ], [ -105.253625976951994, 39.985417125103602 ], [ -105.253632736775003, 39.985417937293398 ], [ -105.253638817471, 39.985418668264103 ], [ -105.253763102085003, 39.985423389288698 ], [ -105.254309118776007, 39.985448332454197 ], [ -105.254379571848006, 39.985424202854901 ], [ -105.254380115328004, 39.985424062442398 ], [ -105.254382294641005, 39.985423501481002 ], [ -105.254560526681999, 39.985377621010102 ], [ -105.254554167508005, 39.985513843065299 ], [ -105.254544913063995, 39.985815392186097 ], [ -105.254544805265994, 39.985818901100501 ], [ -105.254565197022998, 39.985822021129501 ], [ -105.254625721015003, 39.985831282101699 ], [ -105.254625883610004, 39.985841760661401 ], [ -105.254637199688005, 39.986570918275298 ], [ -105.254373809154998, 39.986702255268597 ], [ -105.253977778776999, 39.986907580919102 ], [ -105.253974485553002, 39.986909287856797 ], [ -105.253977581148007, 39.986911727125801 ], [ -105.254240119179002, 39.987118619358398 ], [ -105.254339313848007, 39.987194588136497 ], [ -105.254351750124997, 39.987204112533298 ], [ -105.254354217797001, 39.987204866886401 ], [ -105.255033700783002, 39.987412622017899 ], [ -105.254762567670994, 39.987848580322698 ], [ -105.254445364459002, 39.988212390232697 ], [ -105.255165736061997, 39.988614412707001 ], [ -105.255232348834994, 39.9886515885973 ], [ -105.255893948159994, 39.989020801890298 ], [ -105.256334882624003, 39.9892668668098 ], [ -105.257064826675006, 39.9892684078185 ], [ -105.257627552030002, 39.989269592309803 ], [ -105.258143383531007, 39.989270675627203 ], [ -105.263020339902994, 39.989280804024503 ], [ -105.263489277548999, 39.989281766896703 ], [ -105.269854409073005, 39.989294649698202 ], [ -105.270485736070995, 39.989856611543303 ], [ -105.270547381160995, 39.9899114830719 ], [ -105.271384162746003, 39.989351222360703 ], [ -105.271507305602, 39.989281949284901 ], [ -105.271512015469, 39.989279300181899 ], [ -105.271516724438001, 39.989276651079003 ], [ -105.271537686624995, 39.9892755113245 ], [ -105.271732599481993, 39.989264907340399 ], [ -105.271732663262, 39.989264903210902 ], [ -105.271835667686005, 39.989259299417199 ], [ -105.271913159058002, 39.989255083838898 ], [ -105.271927339862998, 39.989254312302002 ], [ -105.271927694696998, 39.989254293030797 ], [ -105.271934619809997, 39.989253915865497 ], [ -105.271935182155005, 39.989253880076099 ], [ -105.271939328778004, 39.989253613032098 ], [ -105.271940524436005, 39.989253535259003 ], [ -105.271949301874997, 39.9892529598756 ], [ -105.271975007167001, 39.989251272955897 ], [ -105.272003481964006, 39.989249405712499 ], [ -105.272144595616993, 39.989240149333298 ], [ -105.272306552879996, 39.989229526760703 ], [ -105.272454586256003, 39.9892198168166 ], [ -105.272615269707003, 39.989258306261398 ], [ -105.274659272050002, 39.989271568985501 ], [ -105.277186267079998, 39.9892879151001 ], [ -105.277269157326998, 39.989294371642202 ], [ -105.277273877075004, 39.989294739859901 ], [ -105.277274560693002, 39.989303476597598 ], [ -105.277313220590003, 39.989797307626198 ], [ -105.277496074461993, 39.994052615978603 ], [ -105.277796598654007, 39.994037879349797 ], [ -105.277809806584003, 39.996637122894398 ], [ -105.277679826650001, 39.996636872395698 ], [ -105.277721418647999, 39.997118281772998 ], [ -105.277784364498004, 39.997925358264702 ], [ -105.277714920234999, 39.997925224759697 ], [ -105.277708423619003, 39.998161846216 ], [ -105.277572991810004, 39.9983229124243 ], [ -105.277359956341002, 39.998371617379199 ], [ -105.277286648423001, 39.998376173724999 ], [ -105.276872958964006, 39.998288541260003 ], [ -105.276749150455998, 39.998260833599403 ], [ -105.276733073307994, 39.998931369869098 ], [ -105.276747742796005, 39.9990121329907 ], [ -105.276790816116005, 39.999089970654602 ], [ -105.276787580383996, 40.000078555631298 ], [ -105.276391078391001, 40.0000777869693 ], [ -105.276119983008002, 40.000069241538803 ], [ -105.274956970142, 40.000066977529499 ], [ -105.273742269113001, 40.000064600663599 ], [ -105.272475878124993, 40.0000621081887 ], [ -105.271235265190995, 40.000079530049803 ], [ -105.269994652258006, 40.0000969381435 ], [ -105.268558224559001, 40.0001067614619 ], [ -105.267731695446003, 40.0001050995836 ], [ -105.264596739496, 40.000124120001999 ], [ -105.263618608000996, 40.000127771316201 ], [ -105.263120997927004, 40.000172996397197 ], [ -105.261491560002995, 40.000314515886998 ], [ -105.260242413973003, 40.0004054192596 ], [ -105.260090101922003, 40.0004165025276 ], [ -105.259859068704998, 40.0004333132254 ], [ -105.258686743005001, 40.000324759631503 ], [ -105.258421762454006, 40.000298483453498 ], [ -105.258418215006998, 40.000298132498898 ], [ -105.258408834798999, 40.000297202124898 ], [ -105.258391473059007, 40.000338160588498 ], [ -105.258424533756994, 40.000478033005997 ], [ -105.258454398248006, 40.000604378304701 ], [ -105.258550113742004, 40.000944136535402 ], [ -105.258620647661004, 40.001444748231698 ], [ -105.258731070373003, 40.002002910724002 ], [ -105.258690133247001, 40.008163653446502 ], [ -105.258690020957005, 40.008180525539103 ], [ -105.258690063177994, 40.0081974361592 ], [ -105.258701743971997, 40.012927368990901 ], [ -105.258598797039994, 40.013552525080001 ], [ -105.258445746573997, 40.014548607650298 ], [ -105.258411670780006, 40.014770376045 ], [ -105.258385022257002, 40.022290626422702 ], [ -105.253661974241993, 40.023339207592002 ], [ -105.253646357929, 40.023342670551799 ], [ -105.251797684364007, 40.023752586342198 ], [ -105.251006086239997, 40.023871029206397 ], [ -105.250305514404999, 40.023975846477697 ], [ -105.249378538371005, 40.024129230470599 ], [ -105.249280725312005, 40.024120167993701 ], [ -105.248718644947004, 40.024097335692304 ], [ -105.244877312247993, 40.024557458300897 ], [ -105.244462967915993, 40.024586454046798 ], [ -105.244460023239, 40.024442458895301 ], [ -105.244457212409998, 40.024305164317198 ], [ -105.244457209716003, 40.024305012978203 ], [ -105.244457206121993, 40.024304861639301 ], [ -105.244394976229003, 40.021260643288997 ], [ -105.244332723878003, 40.018215274361097 ], [ -105.244309823126997, 40.017094863286097 ], [ -105.244268200586006, 40.015058502500402 ], [ -105.244258265219003, 40.014572370574498 ], [ -105.241961348496005, 40.014578612133398 ], [ -105.240607596345995, 40.0145814769757 ], [ -105.240607404106996, 40.0145805736284 ], [ -105.240394879779004, 40.013582091048903 ], [ -105.240380186934004, 40.013161533148697 ], [ -105.240397696895002, 40.012842076581798 ], [ -105.240391857846006, 40.010532476859602 ], [ -105.240373080362005, 40.010209364093001 ], [ -105.240181016061996, 40.009459495902703 ], [ -105.239748688356997, 40.008593403010998 ], [ -105.237348499511995, 40.005710711219699 ], [ -105.234451911522996, 40.002251375163098 ], [ -105.232797638774997, 40.000073629863202 ], [ -105.236455909192003, 40.000018110692501 ], [ -105.243439166071994, 40.000097800393497 ], [ -105.245756906642001, 40.000087160241399 ], [ -105.246766510613, 39.999985892225197 ], [ -105.249112091770002, 39.999991019627501 ], [ -105.254778042050006, 40.000003209507 ], [ -105.255904719859004, 40.000122739576703 ], [ -105.258274553731994, 40.000188995140903 ], [ -105.257976878996004, 39.999896962597902 ], [ -105.257552725061998, 39.999649652569701 ], [ -105.256631021241006, 39.999112226388299 ], [ -105.254187399749995, 39.9976873238585 ], [ -105.253094167117993, 39.997049811421597 ], [ -105.245877536910001, 39.992750221016799 ], [ -105.236836569394995, 39.987550879373899 ], [ -105.234928002453998, 39.9867152996149 ], [ -105.234814355688997, 39.986663816693301 ], [ -105.234334929314002, 39.986434254383397 ], [ -105.233657794524007, 39.986139864136298 ], [ -105.232884988257993, 39.985777046031203 ], [ -105.232476044598002, 39.985585050628799 ], [ -105.232398996993993, 39.9855488766039 ], [ -105.231912339180994, 39.985320391862601 ], [ -105.231100387029997, 39.984939173181999 ], [ -105.231024385064998, 39.984903489574101 ], [ -105.230201880403996, 39.984517304508501 ], [ -105.229876763933007, 39.984364652645603 ], [ -105.229294861344002, 39.984091427267401 ], [ -105.228733866143997, 39.983828013378698 ], [ -105.228635096378, 39.983781636939398 ], [ -105.227840896733994, 39.983408714212999 ], [ -105.227462104127994, 39.983230845398097 ], [ -105.227240244507001, 39.983122947961903 ], [ -105.226926150365003, 39.982968016017502 ], [ -105.226913341287002, 39.982962698048901 ], [ -105.226900533107994, 39.982957380768198 ], [ -105.226696808675996, 39.9828728018771 ], [ -105.225811421046998, 39.982496350650401 ], [ -105.225700106309006, 39.982436012672302 ], [ -105.228298059262997, 39.977665662232198 ], [ -105.229599253681002, 39.975296027665401 ], [ -105.231692388479999, 39.971448443179099 ], [ -105.231903547369001, 39.971447000903403 ] ] ] ] } },
{ "type": "Feature", "properties": { "OBJECTID_1": 9, "OBJECTID": 9, "area_name": "Crest View", "area_code": 127, "SchType": "Elementary", "SchType2": "Neighborhood", "resident_students_gis": 724, "Shape_Leng": 88948.395571800007, "State_CD": 1996, "Key_ID": 9, "Yld": 0.17, "neighborhood_flag": "Boulder", "capacity_gis": 685, "enrollment_gis": 625, "Perc_Cap": 0.91, "SHAPE__Area": 59598340.30859375, "SHAPE__Length": 35443.918769038617 }, "geometry": { "type": "Polygon", "coordinates": [ [ [ -105.197369241896993, 40.087336140319401 ], [ -105.197405070304001, 40.082629999651701 ], [ -105.197504932420998, 40.0825565997648 ], [ -105.201443969482995, 40.0791350271369 ], [ -105.204582124333996, 40.076377876903997 ], [ -105.205224594035002, 40.075850606300399 ], [ -105.206886789924994, 40.074486398542803 ], [ -105.206860752256006, 40.074439472602698 ], [ -105.206843919624006, 40.071154593627497 ], [ -105.206804683908004, 40.067230810968098 ], [ -105.206839954461003, 40.062158656788597 ], [ -105.206839859238997, 40.061798286055897 ], [ -105.206847071813002, 40.061135227033802 ], [ -105.206878285574007, 40.056645667921003 ], [ -105.206876779099005, 40.054172059002198 ], [ -105.206852444635999, 40.0510083089058 ], [ -105.206868549633, 40.0472643437869 ], [ -105.20689932322, 40.045232335763203 ], [ -105.206904014222005, 40.044141661176504 ], [ -105.206884797461001, 40.043708796666202 ], [ -105.206849983252994, 40.042924531177398 ], [ -105.206813270903993, 40.042097499442399 ], [ -105.206772494576001, 40.0411789099917 ], [ -105.206740709485999, 40.040462834575798 ], [ -105.206727985748998, 40.040176325001298 ], [ -105.206726280745997, 40.040128156744402 ], [ -105.206726021132994, 40.040120790308897 ], [ -105.206726152287004, 40.040120776553998 ], [ -105.206726283441, 40.0401207621113 ], [ -105.206904117527998, 40.040101417907003 ], [ -105.207086002118999, 40.040098238461297 ], [ -105.207520059081006, 40.040094948976098 ], [ -105.211573488509998, 40.040017869202998 ], [ -105.214094328284006, 40.0399490189197 ], [ -105.215253780227997, 40.0399173330484 ], [ -105.220835081359994, 40.039764639293303 ], [ -105.220957546885998, 40.039761285831297 ], [ -105.224033245467993, 40.0397952482219 ], [ -105.224430552352004, 40.039799629177899 ], [ -105.224435352051003, 40.0397996821345 ], [ -105.224440150850995, 40.039799735091101 ], [ -105.227887419583993, 40.039837690526198 ], [ -105.228189438572002, 40.039841010284697 ], [ -105.233969646470996, 40.039904405467098 ], [ -105.234399574776006, 40.039909108969503 ], [ -105.239649466738996, 40.039966415469301 ], [ -105.240104917978002, 40.039971375496798 ], [ -105.241520312522994, 40.039986780327297 ], [ -105.244142777806999, 40.0401250130626 ], [ -105.255648378405994, 40.040108241713803 ], [ -105.256907224445001, 40.040106337347702 ], [ -105.258485432346006, 40.040118983602902 ], [ -105.258476639636001, 40.043609107022903 ], [ -105.259487900999005, 40.043616026758002 ], [ -105.259487350331995, 40.043772025265703 ], [ -105.261726472145, 40.043776671421497 ], [ -105.263208487547999, 40.043779722781998 ], [ -105.269128656560994, 40.0437397208579 ], [ -105.272713739435005, 40.043693845876703 ], [ -105.272713968505997, 40.043693843125901 ], [ -105.272714121218996, 40.043693840375099 ], [ -105.272714656614994, 40.043693818368403 ], [ -105.272773234856999, 40.043691444397197 ], [ -105.272768168357999, 40.0435814885941 ], [ -105.272718618186005, 40.042505925022603 ], [ -105.272720297136999, 40.042002602268397 ], [ -105.272761171381006, 40.040194804002198 ], [ -105.272763144080997, 40.040107546403597 ], [ -105.273755721385001, 40.0401260825059 ], [ -105.274250859294, 40.0401352680258 ], [ -105.274253046691996, 40.040135303100797 ], [ -105.274263346775001, 40.040135328547301 ], [ -105.275297362464002, 40.040137899337303 ], [ -105.275636229447997, 40.039956559373699 ], [ -105.275874041351003, 40.039645021151699 ], [ -105.276309023577994, 40.039107970407002 ], [ -105.276412451108001, 40.039100065348997 ], [ -105.277431843122997, 40.039102036455397 ], [ -105.282041290186996, 40.039059491905398 ], [ -105.282055300311995, 40.0412837116708 ], [ -105.282051867849006, 40.041474562867599 ], [ -105.282053093151006, 40.041669011729901 ], [ -105.282017740851998, 40.043634792976803 ], [ -105.282083739176997, 40.050813402584403 ], [ -105.282087203979003, 40.051190168892802 ], [ -105.282086010117993, 40.051563328564797 ], [ -105.282076796997003, 40.054444263367003 ], [ -105.282105040028995, 40.0551094275894 ], [ -105.282108513813995, 40.055191242942001 ], [ -105.282107328937002, 40.055269462777296 ], [ -105.281946534094004, 40.065890626587397 ], [ -105.283465640935006, 40.069534769864703 ], [ -105.283485122699005, 40.069585291785799 ], [ -105.283827284701999, 40.070668427745197 ], [ -105.283842146430004, 40.070715473147899 ], [ -105.283852349495007, 40.0707589211666 ], [ -105.284502417146996, 40.073527117319003 ], [ -105.284513295745001, 40.073573438281898 ], [ -105.284519514782005, 40.073616162012797 ], [ -105.284638442741993, 40.074442662819699 ], [ -105.283435264404005, 40.076605392814798 ], [ -105.282426657561999, 40.0791719626339 ], [ -105.282395831873004, 40.079250401009197 ], [ -105.282360346622994, 40.0793252423952 ], [ -105.282080330968995, 40.079915809006998 ], [ -105.282100204398006, 40.084217869355399 ], [ -105.282101946230995, 40.0845948468316 ], [ -105.282085928371998, 40.086644285637199 ], [ -105.282081296658006, 40.087236794903703 ], [ -105.281880735193994, 40.087346666522301 ], [ -105.281879639249993, 40.0873472671949 ], [ -105.279469147626997, 40.087350945455 ], [ -105.263493594853003, 40.087354182488603 ], [ -105.206813629330995, 40.087193740207297 ], [ -105.206848122842004, 40.0945139372756 ], [ -105.197342930242996, 40.094560382774802 ], [ -105.197369241896993, 40.087336140319401 ] ] ] } },
{ "type": "Feature", "properties": { "OBJECTID_1": 10, "OBJECTID": 10, "area_name": "Douglass", "area_code": 130, "SchType": "Elementary", "SchType2": "Neighborhood", "resident_students_gis": 429, "Shape_Leng": 156975.63435199999, "State_CD": 2240, "Key_ID": 10, "Yld": 0.18, "neighborhood_flag": " ", "capacity_gis": 491, "enrollment_gis": 433, "Perc_Cap": 0.88, "SHAPE__Area": 109587485.07421875, "SHAPE__Length": 62533.770477973856 }, "geometry": { "type": "Polygon", "coordinates": [ [ [ -105.131462219257003, 40.087188091535801 ], [ -105.131398666145998, 40.083560665854797 ], [ -105.121825846576002, 40.083690991428597 ], [ -105.121773237639005, 40.080125770775901 ], [ -105.112997676476994, 40.080191232437997 ], [ -105.113072004881005, 40.079852218717903 ], [ -105.112231143147, 40.079862214073898 ], [ -105.111922644610004, 40.0795308062755 ], [ -105.112255788427007, 40.073050476664697 ], [ -105.112255796512002, 40.073050120584902 ], [ -105.112241259973999, 40.0713518848953 ], [ -105.112241257278995, 40.071351528806602 ], [ -105.112237859849998, 40.070954637982197 ], [ -105.112237854461, 40.070954282578903 ], [ -105.112231586915001, 40.0706602733704 ], [ -105.112231579728004, 40.070659917278199 ], [ -105.112220451398997, 40.070137879897104 ], [ -105.112220451398997, 40.070137524489603 ], [ -105.112235579925994, 40.069411123952499 ], [ -105.112235583518995, 40.069410767853697 ], [ -105.112259784133002, 40.061855116950298 ], [ -105.112259785031995, 40.061854761499497 ], [ -105.112263795111005, 40.061150083243497 ], [ -105.112263793314, 40.0611497277891 ], [ -105.112226320092006, 40.057503203207098 ], [ -105.112226318295995, 40.057502847046102 ], [ -105.112288679342996, 40.046543178810801 ], [ -105.112288678444003, 40.046542823280198 ], [ -105.112259569436006, 40.040153139071599 ], [ -105.112259568537993, 40.040152783507601 ], [ -105.112259321501, 40.040098862246097 ], [ -105.112259322398998, 40.0400985066819 ], [ -105.112355959563999, 40.040100196471698 ], [ -105.112429846894997, 40.040100951615798 ], [ -105.116880139439999, 40.040164686302397 ], [ -105.117522910974998, 40.040152903862896 ], [ -105.121624549391996, 40.040194577734397 ], [ -105.131144167138004, 40.040198000637098 ], [ -105.131144247986001, 40.040198000637098 ], [ -105.131144330631003, 40.040198001324796 ], [ -105.131144493226003, 40.040198000637098 ], [ -105.131144820212995, 40.040198000637098 ], [ -105.131145474185999, 40.040198001324796 ], [ -105.131146780337005, 40.040198002012502 ], [ -105.131149394434004, 40.040198002012502 ], [ -105.131154621731, 40.040198003387999 ], [ -105.131165070036005, 40.040198006139001 ], [ -105.131162306817998, 40.040103626944401 ], [ -105.131162302326999, 40.040103271380097 ], [ -105.131227229860002, 40.0401034350635 ], [ -105.131226973840995, 40.040096282514 ], [ -105.131226961264005, 40.040095926949803 ], [ -105.131226839093003, 40.040092528113 ], [ -105.131226826516993, 40.040092172548803 ], [ -105.131226771719994, 40.0400906512563 ], [ -105.131226760041997, 40.040090295004298 ], [ -105.131226738481999, 40.040089712484097 ], [ -105.131226725906004, 40.040089356232002 ], [ -105.131226722311993, 40.0400892427541 ], [ -105.131226714226997, 40.040089008920702 ], [ -105.131226709735998, 40.040088889940797 ], [ -105.131226707939007, 40.040088833545703 ], [ -105.131226706142996, 40.040088773711801 ], [ -105.131226701651002, 40.040088653356399 ], [ -105.131226698058001, 40.040088535751998 ], [ -105.131226695362997, 40.040088477293601 ], [ -105.131226693566006, 40.040088418147498 ], [ -105.131066665885001, 40.035601705927697 ], [ -105.131066658698003, 40.035601350340002 ], [ -105.131082301061994, 40.0327112724814 ], [ -105.131082302858999, 40.032710916878699 ], [ -105.131026619888004, 40.031852858519599 ], [ -105.131008031050001, 40.029263059407498 ], [ -105.131008028354998, 40.029262703786799 ], [ -105.131004691113006, 40.0285418849368 ], [ -105.131004690214994, 40.028541529312299 ], [ -105.131031062057005, 40.023669311347 ], [ -105.131031063853996, 40.0236689550092 ], [ -105.131079663609, 40.014688139289298 ], [ -105.131079660015004, 40.014687783592599 ], [ -105.131050529446995, 40.013676696146597 ], [ -105.131050523159004, 40.013676340444597 ], [ -105.131042154453993, 40.012766732846899 ], [ -105.131042152657002, 40.012766377140203 ], [ -105.131068308004998, 40.007932380611898 ], [ -105.131068305309995, 40.007932024879999 ], [ -105.131054522458996, 40.007139836251 ], [ -105.131054517967002, 40.007139480515001 ], [ -105.131069407542995, 40.004387479140597 ], [ -105.131069405746004, 40.004387123390202 ], [ -105.131027365489999, 40.000211912514203 ], [ -105.131027361896003, 40.000211556742002 ], [ -105.131026490530004, 40.000125010465702 ], [ -105.131026489632006, 40.000124654693103 ], [ -105.131083223632004, 40.0001248363643 ], [ -105.133865736359994, 40.0001441781422 ], [ -105.133866718218997, 40.000144178830404 ], [ -105.133867178155995, 40.0001441795185 ], [ -105.133867243732993, 40.0001441795185 ], [ -105.137748963788994, 40.0001459714559 ], [ -105.138152018094004, 40.000147236959897 ], [ -105.138347085461007, 40.0001478487235 ], [ -105.139680921063004, 40.000172543596001 ], [ -105.140623486460001, 40.000189984008898 ], [ -105.141961034798996, 40.000183994372698 ], [ -105.141962366102007, 40.000183988179302 ], [ -105.142061276902993, 40.000183543635998 ], [ -105.142065761292997, 40.000183522991598 ], [ -105.142077338779998, 40.000179448469602 ], [ -105.142087959562005, 40.0001757104516 ], [ -105.1420920451, 40.000174272222999 ], [ -105.142119845262997, 40.000164486762401 ], [ -105.142120068045003, 40.000164408313502 ], [ -105.143232753695003, 40.000163069866097 ], [ -105.144718004829997, 40.000167655682802 ], [ -105.144980102687001, 40.000165618765401 ], [ -105.145312770396004, 40.000163032706098 ], [ -105.145504209468001, 40.000162509713803 ], [ -105.145768295297003, 40.000160780398403 ], [ -105.146052846545004, 40.000157274973297 ], [ -105.146128119077005, 40.0001566893595 ], [ -105.146624215489993, 40.000152827473599 ], [ -105.146726522820998, 40.000152030598301 ], [ -105.147336824749999, 40.0001472761844 ], [ -105.147376227552996, 40.000146969270403 ], [ -105.147915502388003, 40.000142764686302 ], [ -105.148337395262999, 40.000139473962498 ], [ -105.148428401787996, 40.000138764481903 ], [ -105.149326308338004, 40.000131755005697 ], [ -105.150335729952005, 40.000123865387202 ], [ -105.151346561919993, 40.000116837329401 ], [ -105.151346627497006, 40.000116838017597 ], [ -105.151942669570005, 40.000116101699 ], [ -105.151977424489999, 40.000116063162601 ], [ -105.152679454291004, 40.000115295189197 ], [ -105.152798951782998, 40.000192272787501 ], [ -105.160191402953998, 40.000135394620898 ], [ -105.161632307855996, 40.000124253502698 ], [ -105.161733291969, 39.999408711212297 ], [ -105.161888883768995, 39.998707241228999 ], [ -105.161969862399999, 39.998411902595699 ], [ -105.162276295710001, 39.997127018886403 ], [ -105.162664597881999, 39.995854992565398 ], [ -105.163949518419997, 39.993421565679398 ], [ -105.163980573179003, 39.993371302513701 ], [ -105.164756233393007, 39.9921374635042 ], [ -105.164949200498995, 39.991843400657203 ], [ -105.165359198781005, 39.991280771049802 ], [ -105.165721686065993, 39.990811959401 ], [ -105.165898483497003, 39.990628093233198 ], [ -105.166067563501997, 39.990480989206098 ], [ -105.166066515167998, 39.990287665630099 ], [ -105.166062850041001, 39.989611674731897 ], [ -105.166053002709006, 39.987795363120298 ], [ -105.166049624145003, 39.987172084868298 ], [ -105.166048099704, 39.986891164030098 ], [ -105.166047537359006, 39.9867872747379 ], [ -105.166038599122004, 39.986226210636801 ], [ -105.1660213344, 39.985142499116101 ], [ -105.166005851937001, 39.984170624827499 ], [ -105.165989463071995, 39.9831418340694 ], [ -105.165957794763997, 39.982263657587197 ], [ -105.165901085018007, 39.980691035449297 ], [ -105.165887281506002, 39.980308255922303 ], [ -105.165830401080001, 39.978730812911898 ], [ -105.165830130686999, 39.978723315253703 ], [ -105.165850293374007, 39.978693388630496 ], [ -105.165855920420995, 39.978683790768997 ], [ -105.165865678819998, 39.978683821745399 ], [ -105.165873000987006, 39.978683844461401 ], [ -105.165879787758996, 39.978683865800697 ], [ -105.165881789205997, 39.978683871995997 ], [ -105.165886521530993, 39.978683885763203 ], [ -105.166039244112, 39.978684328381398 ], [ -105.166307382241001, 39.978685104856297 ], [ -105.169117320534994, 39.978693205525602 ], [ -105.171823484548995, 39.9787009420495 ], [ -105.175309371856002, 39.978683239389298 ], [ -105.175312876183995, 39.974181604936597 ], [ -105.17532183598, 39.972299041838298 ], [ -105.182685029919995, 39.972308598602403 ], [ -105.182689980535997, 39.972308604798201 ], [ -105.182690022757001, 39.9723063109547 ], [ -105.182692902754994, 39.972148962190701 ], [ -105.182731128765994, 39.970060035284 ], [ -105.182770102174004, 39.968158933138 ], [ -105.184418994913003, 39.968112717493497 ], [ -105.184403599584996, 39.9673025844194 ], [ -105.184411936849003, 39.965500021836398 ], [ -105.184800669314001, 39.965641388713102 ], [ -105.185307507779996, 39.965825702860599 ], [ -105.186196905488998, 39.966149128215697 ], [ -105.187325401487996, 39.966559486575903 ], [ -105.192441111197994, 39.968419527569402 ], [ -105.193909375190998, 39.968953319196103 ], [ -105.195312243627001, 39.969507268798701 ], [ -105.197626237324002, 39.970420934152202 ], [ -105.203639178052001, 39.972794774664798 ], [ -105.203783275009997, 39.973002880649901 ], [ -105.203893236884994, 39.973161685521198 ], [ -105.204038176463001, 39.973371005446403 ], [ -105.204686306449005, 39.974307007572101 ], [ -105.204866946872997, 39.974567875267603 ], [ -105.205348856192003, 39.975263804420202 ], [ -105.206037640334003, 39.976258454077602 ], [ -105.206560527202996, 39.9770135131158 ], [ -105.206770811132998, 39.977317162133801 ], [ -105.207334026968994, 39.9781304297505 ], [ -105.207799303081998, 39.978802257458199 ], [ -105.208182730095999, 39.979355890444403 ], [ -105.208182751655997, 39.979355922108802 ], [ -105.208182773215, 39.979355953084898 ], [ -105.208313566124005, 39.979544801621799 ], [ -105.209139276871994, 39.980737005798801 ], [ -105.209263181498997, 39.9809159012283 ], [ -105.209829050958007, 39.981732900836199 ], [ -105.210284624368001, 39.982390639557103 ], [ -105.211198544287001, 39.983710077144501 ], [ -105.211756290279993, 39.984515273319097 ], [ -105.211933849483003, 39.984773912554601 ], [ -105.212101806592997, 39.985023119720204 ], [ -105.212380594250007, 39.985424647494298 ], [ -105.212676409473005, 39.985867660399798 ], [ -105.212848883313001, 39.986092543556403 ], [ -105.212739231355997, 39.986125807895 ], [ -105.212803933412005, 39.989987134901902 ], [ -105.212986979524999, 39.9915935507846 ], [ -105.212606323813006, 39.992796314702503 ], [ -105.212139991281006, 39.995640661960699 ], [ -105.212114648010001, 39.995739929651997 ], [ -105.212693876315001, 39.996380764491398 ], [ -105.212783923439005, 39.998555551473999 ], [ -105.212779447133997, 39.998682806640197 ], [ -105.212793733042005, 39.998792490741401 ], [ -105.212844795978, 40.000025663818199 ], [ -105.212625249518993, 40.001018892574301 ], [ -105.212504420724002, 40.001320699422102 ], [ -105.212502739976003, 40.001719442174 ], [ -105.212398912694994, 40.007185717241398 ], [ -105.212479081045998, 40.007330862803599 ], [ -105.212478534870002, 40.0074603997829 ], [ -105.212765670571002, 40.0078497303437 ], [ -105.212894016468994, 40.008082096798397 ], [ -105.213124714613997, 40.008923246456597 ], [ -105.212997440405999, 40.009592850287703 ], [ -105.21297620064, 40.014638911396602 ], [ -105.212976197046004, 40.014639633110598 ], [ -105.214905581544997, 40.0146394225821 ], [ -105.215585201973994, 40.014638281186897 ], [ -105.217469440740004, 40.0146350241859 ], [ -105.219080125434004, 40.014634848745402 ], [ -105.220544301193996, 40.014634603128698 ], [ -105.225912398871998, 40.014620942849199 ], [ -105.227049242017003, 40.014618018152397 ], [ -105.227915143390007, 40.014615782833602 ], [ -105.234463866303003, 40.014598665338902 ], [ -105.234625874770003, 40.014598238089498 ], [ -105.238577589756005, 40.014587722661702 ], [ -105.239334556027998, 40.014585693054599 ], [ -105.239998808977006, 40.014583909064299 ], [ -105.240007687027003, 40.014583884984198 ], [ -105.240016565974997, 40.014583860904203 ], [ -105.240494865862999, 40.014582572963597 ], [ -105.240607596345995, 40.0145814769757 ], [ -105.241961348496005, 40.014578612133398 ], [ -105.244258265219003, 40.014572370574498 ], [ -105.244268200586006, 40.015058502500402 ], [ -105.244309823126997, 40.017094863286097 ], [ -105.244332723878003, 40.018215274361097 ], [ -105.244394976229003, 40.021260643288997 ], [ -105.244457206121993, 40.024304861639301 ], [ -105.244457209716003, 40.024305012978203 ], [ -105.244457212409998, 40.024305164317198 ], [ -105.244460023239, 40.024442458895301 ], [ -105.244462967915993, 40.024586454046798 ], [ -105.244465706880007, 40.024720449577302 ], [ -105.241810576156993, 40.025073835395197 ], [ -105.238168691910005, 40.025657819335798 ], [ -105.229278675499003, 40.026960805487001 ], [ -105.229208895265998, 40.026969562856699 ], [ -105.229111583465993, 40.026981781624698 ], [ -105.229013164942003, 40.026994153787101 ], [ -105.228899431938999, 40.0270084636972 ], [ -105.228768132379997, 40.027024987880502 ], [ -105.226937197845999, 40.027276447732199 ], [ -105.226542072071993, 40.027330709999802 ], [ -105.226151758572001, 40.027384309802002 ], [ -105.226054731537999, 40.027397633907903 ], [ -105.225713665480001, 40.027444469805097 ], [ -105.225509866487997, 40.0274724545271 ], [ -105.225442535062001, 40.027481700908503 ], [ -105.225426234232998, 40.027799235823103 ], [ -105.225407972382001, 40.028154954753703 ], [ -105.225405272046004, 40.028252491962903 ], [ -105.225403646993996, 40.028311170916901 ], [ -105.225401854854994, 40.028375879631 ], [ -105.225400105835007, 40.028439076361501 ], [ -105.225390745389006, 40.028777113973 ], [ -105.225382002087002, 40.029092889512398 ], [ -105.225359964616004, 40.029157549334997 ], [ -105.225355226003003, 40.029157615369201 ], [ -105.224934805467001, 40.029163517856901 ], [ -105.224811030197003, 40.0291652464376 ], [ -105.224365779327997, 40.0291714804709 ], [ -105.223934608652996, 40.029177515713499 ], [ -105.223929641867997, 40.029177585186901 ], [ -105.223929117251998, 40.029177589314003 ], [ -105.221779481116002, 40.029187656763398 ], [ -105.220904164499999, 40.029195961926398 ], [ -105.220903598562003, 40.0292347823939 ], [ -105.220879202115, 40.030907387242003 ], [ -105.220868725063994, 40.031625714534201 ], [ -105.220863616345, 40.031975888883302 ], [ -105.220861983207996, 40.032087889049102 ], [ -105.220858803172007, 40.0323058160334 ], [ -105.220856101039004, 40.032491126503601 ], [ -105.220854132829999, 40.0326260268113 ], [ -105.220854109474004, 40.032686490334697 ], [ -105.220854088812999, 40.032736377894203 ], [ -105.220854064557997, 40.032795485629002 ], [ -105.220854042998994, 40.032849647211599 ], [ -105.220854010660005, 40.032930560728097 ], [ -105.220854340341006, 40.0329990308568 ], [ -105.220854649361996, 40.033029771444099 ], [ -105.220854652954998, 40.033030014243302 ], [ -105.220855032044, 40.033069662034897 ], [ -105.220855231469997, 40.033086444056401 ], [ -105.220855257520995, 40.0330888073917 ], [ -105.220855300639997, 40.0330924480009 ], [ -105.220855465930001, 40.033106784144401 ], [ -105.220855672542996, 40.033124684544802 ], [ -105.220855968088998, 40.033150042233601 ], [ -105.220856048936994, 40.033156643196001 ], [ -105.220856122599002, 40.033162331427199 ], [ -105.220856212429993, 40.033169406292998 ], [ -105.220856286989999, 40.033174876485802 ], [ -105.220856352568006, 40.033179974570203 ], [ -105.220856508873993, 40.033193027920703 ], [ -105.220856911319999, 40.033222701620197 ], [ -105.220857105356004, 40.033235223969797 ], [ -105.220857114338997, 40.033235811363298 ], [ -105.220857116134994, 40.033235932418599 ], [ -105.220857165542995, 40.033239110120903 ], [ -105.220857270645993, 40.0332459855127 ], [ -105.220857886890002, 40.033286121526601 ], [ -105.220871399348994, 40.034164153597203 ], [ -105.220873554407007, 40.034304164415502 ], [ -105.220874372772002, 40.0343574113976 ], [ -105.220877277024996, 40.034546113343602 ], [ -105.220878083713004, 40.034598534088197 ], [ -105.220879047604996, 40.034677948877402 ], [ -105.220879659358005, 40.034727458753999 ], [ -105.220881273629999, 40.034829136739802 ], [ -105.220883378382993, 40.034953116396998 ], [ -105.220884042237998, 40.034992214896697 ], [ -105.220885124708005, 40.035055998377203 ], [ -105.220895625115006, 40.035738279663803 ], [ -105.220942559394004, 40.038787580984803 ], [ -105.220957546885998, 40.039761285831297 ], [ -105.220835081359994, 40.039764639293303 ], [ -105.215253780227997, 40.0399173330484 ], [ -105.214094328284006, 40.0399490189197 ], [ -105.211573488509998, 40.040017869202998 ], [ -105.207520059081006, 40.040094948976098 ], [ -105.207086002118999, 40.040098238461297 ], [ -105.206904117527998, 40.040101417907003 ], [ -105.206726283441, 40.0401207621113 ], [ -105.206726152287004, 40.040120776553998 ], [ -105.206471633516003, 40.040109073885297 ], [ -105.201283620205004, 40.040095757076699 ], [ -105.196606750986007, 40.0401083441878 ], [ -105.193856204807005, 40.040090180150898 ], [ -105.186436087323003, 40.040094520510898 ], [ -105.180106990818999, 40.040060541075697 ], [ -105.178367891055998, 40.040077264981797 ], [ -105.168974124586995, 40.040050693934496 ], [ -105.168908547570993, 40.040090313573401 ], [ -105.168893514264994, 40.041808875096201 ], [ -105.168870645853005, 40.043629948751096 ], [ -105.168835540589996, 40.043675000587498 ], [ -105.168835404046007, 40.043675002650701 ], [ -105.166594384093003, 40.043692467708098 ], [ -105.159416941092999, 40.043687873124803 ], [ -105.155985302147002, 40.043701381102601 ], [ -105.150100506992999, 40.043619524449298 ], [ -105.150058766773, 40.0437400977221 ], [ -105.150095038049997, 40.050946852866403 ], [ -105.150085896793001, 40.058190576789499 ], [ -105.150065081929995, 40.062243563025802 ], [ -105.150121289517003, 40.066629461262302 ], [ -105.150128429326998, 40.072671320089803 ], [ -105.150128429326998, 40.072671531814102 ], [ -105.150131252731995, 40.072675482396498 ], [ -105.150178857154003, 40.072742090956297 ], [ -105.150178857154003, 40.072742459411202 ], [ -105.150160319519998, 40.078589820688997 ], [ -105.150064383040004, 40.082976661013397 ], [ -105.150051884779998, 40.085409292005103 ], [ -105.150046017883, 40.086551139132403 ], [ -105.149978320843005, 40.087146688319301 ], [ -105.131462219257003, 40.087188091535801 ] ] ] } },
{ "type": "Feature", "properties": { "OBJECTID_1": 11, "OBJECTID": 11, "area_name": "Eisenhower", "area_code": 132, "SchType": "Elementary", "SchType2": "Neighborhood", "resident_students_gis": 483, "Shape_Leng": 47110.678601699998, "State_CD": 2552, "Key_ID": 11, "Yld": 0.16, "neighborhood_flag": "Boulder", "capacity_gis": 613, "enrollment_gis": 453, "Perc_Cap": 0.74, "SHAPE__Area": 13707668.1640625, "SHAPE__Length": 18750.546385436999 }, "geometry": { "type": "Polygon", "coordinates": [ [ [ -105.212844795978, 40.000025663818199 ], [ -105.212793733042005, 39.998792490741401 ], [ -105.212779447133997, 39.998682806640197 ], [ -105.212783923439005, 39.998555551473999 ], [ -105.212693876315001, 39.996380764491398 ], [ -105.212114648010001, 39.995739929651997 ], [ -105.212139991281006, 39.995640661960699 ], [ -105.212606323813006, 39.992796314702503 ], [ -105.212986979524999, 39.9915935507846 ], [ -105.212803933412005, 39.989987134901902 ], [ -105.212739231355997, 39.986125807895 ], [ -105.212848883313001, 39.986092543556403 ], [ -105.213016196330997, 39.986086832129303 ], [ -105.214078262813004, 39.986050573710401 ], [ -105.215401349174002, 39.986005389522298 ], [ -105.220852900341995, 39.985819056654499 ], [ -105.22453469045, 39.985945407736502 ], [ -105.225412947251996, 39.985975530099502 ], [ -105.226567333595995, 39.986015112312501 ], [ -105.226572108141994, 39.986015276125599 ], [ -105.226576881789001, 39.986015439250401 ], [ -105.227214344280995, 39.986037292465397 ], [ -105.227217217092999, 39.985714082358101 ], [ -105.227220751065005, 39.985316478892102 ], [ -105.227220778912994, 39.985313382241998 ], [ -105.227220806760997, 39.985310286280203 ], [ -105.227226528130998, 39.984666429161003 ], [ -105.227230006408007, 39.984275113485303 ], [ -105.227233707466993, 39.983858623311903 ], [ -105.227237690596994, 39.983410412289999 ], [ -105.227240244507001, 39.983122947961903 ], [ -105.227462104127994, 39.983230845398097 ], [ -105.227840896733994, 39.983408714212999 ], [ -105.228635096378, 39.983781636939398 ], [ -105.228733866143997, 39.983828013378698 ], [ -105.229294861344002, 39.984091427267401 ], [ -105.229876763933007, 39.984364652645603 ], [ -105.230201880403996, 39.984517304508501 ], [ -105.231024385064998, 39.984903489574101 ], [ -105.231100387029997, 39.984939173181999 ], [ -105.231912339180994, 39.985320391862601 ], [ -105.232398996993993, 39.9855488766039 ], [ -105.232476044598002, 39.985585050628799 ], [ -105.232884988257993, 39.985777046031203 ], [ -105.233657794524007, 39.986139864136298 ], [ -105.234334929314002, 39.986434254383397 ], [ -105.234814355688997, 39.986663816693301 ], [ -105.234928002453998, 39.9867152996149 ], [ -105.236836569394995, 39.987550879373899 ], [ -105.245877536910001, 39.992750221016799 ], [ -105.253094167117993, 39.997049811421597 ], [ -105.254187399749995, 39.9976873238585 ], [ -105.256631021241006, 39.999112226388299 ], [ -105.257552725061998, 39.999649652569701 ], [ -105.257976878996004, 39.999896962597902 ], [ -105.258274553731994, 40.000188995140903 ], [ -105.255904719859004, 40.000122739576703 ], [ -105.254778042050006, 40.000003209507 ], [ -105.249112091770002, 39.999991019627501 ], [ -105.246766510613, 39.999985892225197 ], [ -105.245756906642001, 40.000087160241399 ], [ -105.243439166071994, 40.000097800393497 ], [ -105.236455909192003, 40.000018110692501 ], [ -105.232797638774997, 40.000073629863202 ], [ -105.234451911522996, 40.002251375163098 ], [ -105.237348499511995, 40.005710711219699 ], [ -105.239748688356997, 40.008593403010998 ], [ -105.240181016061996, 40.009459495902703 ], [ -105.240373080362005, 40.010209364093001 ], [ -105.240391857846006, 40.010532476859602 ], [ -105.240397696895002, 40.012842076581798 ], [ -105.240380186934004, 40.013161533148697 ], [ -105.240394879779004, 40.013582091048903 ], [ -105.240607404106996, 40.0145805736284 ], [ -105.240607596345995, 40.0145814769757 ], [ -105.240494865862999, 40.014582572963597 ], [ -105.240016565974997, 40.014583860904203 ], [ -105.240007687027003, 40.014583884984198 ], [ -105.239998808977006, 40.014583909064299 ], [ -105.239334556027998, 40.014585693054599 ], [ -105.238577589756005, 40.014587722661702 ], [ -105.234625874770003, 40.014598238089498 ], [ -105.234463866303003, 40.014598665338902 ], [ -105.227915143390007, 40.014615782833602 ], [ -105.227049242017003, 40.014618018152397 ], [ -105.225912398871998, 40.014620942849199 ], [ -105.220544301193996, 40.014634603128698 ], [ -105.219080121841003, 40.014632784739703 ], [ -105.217469434451999, 40.014630542541298 ], [ -105.215585201075001, 40.014637132911801 ], [ -105.214905581544997, 40.0146394225821 ], [ -105.212976185368007, 40.014642405758103 ], [ -105.212976195249993, 40.0146400293997 ], [ -105.212976196148006, 40.014639959223501 ], [ -105.212976197046004, 40.014639633110598 ], [ -105.21297620064, 40.014638911396602 ], [ -105.212997440405999, 40.009592850287703 ], [ -105.213124714613997, 40.008923246456597 ], [ -105.212894016468994, 40.008082096798397 ], [ -105.212765670571002, 40.0078497303437 ], [ -105.212478534870002, 40.0074603997829 ], [ -105.212479081045998, 40.007330862803599 ], [ -105.212398912694994, 40.007185717241398 ], [ -105.212502739976003, 40.001719442174 ], [ -105.212504420724002, 40.001320699422102 ], [ -105.212625249518993, 40.001018892574301 ], [ -105.212844795978, 40.000025663818199 ] ] ] } },
{ "type": "Feature", "properties": { "OBJECTID_1": 12, "OBJECTID": 12, "area_name": "Eldorado (K-5)", "area_code": 506, "SchType": "Elementary", "SchType2": "Neighborhood", "resident_students_gis": 472, "Shape_Leng": 50180.874323999997, "State_CD": 2589, "Key_ID": 12, "Yld": 0.4, "neighborhood_flag": " ", "capacity_gis": 470, "enrollment_gis": 516, "Perc_Cap": 1.1, "SHAPE__Area": 16553762.40625, "SHAPE__Length": 19933.366675458572 }, "geometry": { "type": "Polygon", "coordinates": [ [ [ -105.156038265917999, 39.929328007390097 ], [ -105.153002936727006, 39.929249138255102 ], [ -105.151688807466996, 39.929280054371702 ], [ -105.150421593621999, 39.9289971548518 ], [ -105.150420706983994, 39.928997141763404 ], [ -105.150285108088994, 39.928965374771003 ], [ -105.149383406156005, 39.928983048972597 ], [ -105.147465170648005, 39.928956961664802 ], [ -105.147290106965002, 39.928954579570103 ], [ -105.146993720414002, 39.928970071450998 ], [ -105.147025764218, 39.928930723485699 ], [ -105.147070802152996, 39.928838347986201 ], [ -105.147126086273005, 39.926587089774998 ], [ -105.147105314528005, 39.921448876247702 ], [ -105.146936632478003, 39.914279376588098 ], [ -105.146935497905005, 39.914231120198998 ], [ -105.147108746990995, 39.914231482619797 ], [ -105.216840239155005, 39.914194555645402 ], [ -105.217428682378994, 39.914194064378798 ], [ -105.217356577306006, 39.917379153240297 ], [ -105.217387513488006, 39.920674173517902 ], [ -105.217389422408004, 39.920877539706098 ], [ -105.217404321865004, 39.928484876117501 ], [ -105.217404455714004, 39.928553399322404 ], [ -105.217105105620007, 39.928555645035097 ], [ -105.204522122263, 39.928649316676697 ], [ -105.195158176267995, 39.928655591574802 ], [ -105.189668526651005, 39.928705700496799 ], [ -105.180417654294999, 39.928700580145197 ], [ -105.167699249909006, 39.928725405545897 ], [ -105.165811542746994, 39.928719944206598 ], [ -105.164916588959002, 39.928726292118 ], [ -105.162203362390997, 39.928718366700501 ], [ -105.160932997255003, 39.929063460091399 ], [ -105.159844201401995, 39.929339310222701 ], [ -105.156038265917999, 39.929328007390097 ] ] ] } },
{ "type": "Feature", "properties": { "OBJECTID_1": 13, "OBJECTID": 13, "area_name": "Emerald", "area_code": 134, "SchType": "Elementary", "SchType2": "Neighborhood", "resident_students_gis": 364, "Shape_Leng": 69747.690267600003, "State_CD": 2702, "Key_ID": 13, "Yld": 0.0, "neighborhood_flag": " ", "capacity_gis": 454, "enrollment_gis": 304, "Perc_Cap": 0.67, "SHAPE__Area": 21052559.15625, "SHAPE__Length": 27711.578538384743 }, "geometry": { "type": "Polygon", "coordinates": [ [ [ -105.118576288951999, 39.930415103610002 ], [ -105.116484850172, 39.928689474223198 ], [ -105.116468649954001, 39.928676106746799 ], [ -105.116468920347003, 39.928670945749801 ], [ -105.115007885995993, 39.928675178841999 ], [ -105.103896898233003, 39.9286675186327 ], [ -105.093442463060001, 39.928665051797097 ], [ -105.091072034502005, 39.928656660008897 ], [ -105.090755386449004, 39.9286555357765 ], [ -105.090736109502004, 39.925687295304002 ], [ -105.090736101416994, 39.925686071132702 ], [ -105.090746590145997, 39.923936376530698 ], [ -105.090752084241998, 39.923019749174998 ], [ -105.090743885319, 39.922101857755102 ], [ -105.088713541860002, 39.922094624638198 ], [ -105.087698123093006, 39.9221321343244 ], [ -105.086147902204004, 39.922249993529398 ], [ -105.085511226636001, 39.9223211856958 ], [ -105.085074649899994, 39.922377523746903 ], [ -105.083427599605997, 39.922612920757601 ], [ -105.082234842622995, 39.922797496910697 ], [ -105.081991082974, 39.922852838382397 ], [ -105.081269708852005, 39.923087779758099 ], [ -105.079584508005993, 39.923475976959097 ], [ -105.079193614195006, 39.923582406753297 ], [ -105.078869863163007, 39.923653827632997 ], [ -105.077934304625998, 39.923890135824998 ], [ -105.076717066754995, 39.924308018508803 ], [ -105.076521687671999, 39.9243783969982 ], [ -105.076035042434995, 39.924558177718097 ], [ -105.076008899662995, 39.924563107551698 ], [ -105.075970931469001, 39.924576783773503 ], [ -105.074715353502, 39.924807031224198 ], [ -105.074323168812001, 39.9248809811778 ], [ -105.074165329427004, 39.924898389827398 ], [ -105.073578212116004, 39.924990299432501 ], [ -105.072519545757004, 39.925107045960701 ], [ -105.072037728067002, 39.925105256877998 ], [ -105.071863739666995, 39.925118703586598 ], [ -105.071863827702003, 39.925104609997497 ], [ -105.071814270342998, 39.925104426060201 ], [ -105.071381705483006, 39.925061160142299 ], [ -105.071115944295997, 39.925074781841303 ], [ -105.070977122244997, 39.925020693216098 ], [ -105.070874471756994, 39.925010425094001 ], [ -105.070387957674001, 39.924791134012899 ], [ -105.070049889293003, 39.924659409396298 ], [ -105.069017963085997, 39.924352313447002 ], [ -105.068645871013004, 39.924313528424001 ], [ -105.068191211189998, 39.9242933949796 ], [ -105.067390914680004, 39.924424204049501 ], [ -105.066722605837995, 39.924544064035203 ], [ -105.066630762982001, 39.924564315209302 ], [ -105.065079664438002, 39.924805306890903 ], [ -105.065066835598003, 39.924807649862402 ], [ -105.064174176107002, 39.925015432741297 ], [ -105.063507119516004, 39.925163746149103 ], [ -105.061861476882001, 39.925157497109304 ], [ -105.058139385656006, 39.925113109690002 ], [ -105.057251501609002, 39.925104598974997 ], [ -105.055459746197997, 39.9250976968491 ], [ -105.053570430153997, 39.9251299788693 ], [ -105.053041907253998, 39.925158124700097 ], [ -105.053036251460995, 39.914469786320197 ], [ -105.090214032912996, 39.914332818447797 ], [ -105.111661780139997, 39.914407144889601 ], [ -105.132217396984004, 39.914199362891701 ], [ -105.146910232788002, 39.914231067145003 ], [ -105.146936632478003, 39.914279376588098 ], [ -105.147105314528005, 39.921448876247702 ], [ -105.147126086273005, 39.926587089774998 ], [ -105.147070802152996, 39.928838347986201 ], [ -105.147025764218, 39.928930723485699 ], [ -105.146993720414002, 39.928970071450998 ], [ -105.146986460229996, 39.928978986049003 ], [ -105.143278986390001, 39.928919180171597 ], [ -105.142461020916002, 39.928916644458603 ], [ -105.137617140512006, 39.928901505953498 ], [ -105.137557522021993, 39.928901318582099 ], [ -105.137557237256004, 39.9289549143584 ], [ -105.137533227085001, 39.933477205017198 ], [ -105.137574568453005, 39.939429852744198 ], [ -105.137575337410993, 39.939540486022501 ], [ -105.137505523041995, 39.9395081508762 ], [ -105.133720889309004, 39.937755110151201 ], [ -105.128179820124998, 39.935294086676699 ], [ -105.128072128292004, 39.935246251490099 ], [ -105.128078568313995, 39.935110248860703 ], [ -105.128065965849004, 39.935104538684101 ], [ -105.128065500521998, 39.935104327910302 ], [ -105.127640366525, 39.934913773737101 ], [ -105.125482293413, 39.934003642849703 ], [ -105.122489852488002, 39.932669405227898 ], [ -105.120114724843006, 39.931405049272698 ], [ -105.119524524515001, 39.931025275441897 ], [ -105.119310650917001, 39.930912579772297 ], [ -105.119123260552001, 39.930767071403302 ], [ -105.118576288951999, 39.930415103610002 ] ] ] } },
{ "type": "Feature", "properties": { "OBJECTID_1": 14, "OBJECTID": 14, "area_name": "Fireside", "area_code": 156, "SchType": "Elementary", "SchType2": "Neighborhood", "resident_students_gis": 313, "Shape_Leng": 36590.783790900001, "State_CD": 2940, "Key_ID": 14, "Yld": 0.24, "neighborhood_flag": " ", "capacity_gis": 475, "enrollment_gis": 448, "Perc_Cap": 0.94, "SHAPE__Area": 7563347.7578125, "SHAPE__Length": 14559.68012503504 }, "geometry": { "type": "Polygon", "coordinates": [ [ [ -105.146817040662, 39.9724360004247 ], [ -105.146817134087001, 39.9724126668712 ], [ -105.146817135882998, 39.972412310954297 ], [ -105.146817227512003, 39.972389422116898 ], [ -105.146817229307999, 39.972389066199803 ], [ -105.146817343394005, 39.972360367711801 ], [ -105.146817345190996, 39.972360011794599 ], [ -105.146817404480004, 39.9723451713527 ], [ -105.146817406276, 39.972344815435299 ], [ -105.146817452090005, 39.972332208251103 ], [ -105.146817453886996, 39.972331852333703 ], [ -105.146817461972006, 39.9723293140989 ], [ -105.146817463768997, 39.972328958870001 ], [ -105.146817545515006, 39.972309575482299 ], [ -105.146817547311997, 39.972309220253202 ], [ -105.146817584142994, 39.972300029044803 ], [ -105.146817586837997, 39.972299673127203 ], [ -105.146817605701997, 39.972295083374199 ], [ -105.146817607499003, 39.9722947274566 ], [ -105.146817762008993, 39.972255772026799 ], [ -105.146817763805998, 39.972255416109 ], [ -105.146817859026996, 39.9722313444977 ], [ -105.146817860824001, 39.972230988579803 ], [ -105.146817901247999, 39.972220907910199 ], [ -105.146817903943003, 39.972220551992301 ], [ -105.146817974909993, 39.972202752650098 ], [ -105.146817976706998, 39.972202396732101 ], [ -105.146818049469999, 39.9721839323621 ], [ -105.146818051267005, 39.972183577132398 ], [ -105.146818077318002, 39.972177047376498 ], [ -105.146818079114993, 39.972176691458301 ], [ -105.146818121335002, 39.972166030434401 ], [ -105.146818123131993, 39.972165674516098 ], [ -105.146820328496005, 39.971614569731003 ], [ -105.146820330292996, 39.9716142138099 ], [ -105.146824255032001, 39.970633270288602 ], [ -105.146824257727005, 39.970632915050899 ], [ -105.146827106285002, 39.969920999006298 ], [ -105.146827108980006, 39.969920643076399 ], [ -105.146829831773005, 39.969240030062601 ], [ -105.146829833569996, 39.969239674129099 ], [ -105.146831556538999, 39.968809255571202 ], [ -105.146831559234002, 39.9688089003239 ], [ -105.146838309174996, 39.968240458978897 ], [ -105.146838313665995, 39.968240103728697 ], [ -105.146846687760998, 39.967534910521898 ], [ -105.146846691354995, 39.967534554579501 ], [ -105.146857834057002, 39.965381685624102 ], [ -105.146857835853993, 39.965381329670599 ], [ -105.146857922091996, 39.965364689355702 ], [ -105.146857923889002, 39.965364333402 ], [ -105.146858296689999, 39.965292202832899 ], [ -105.146858298485995, 39.965291846878898 ], [ -105.146865812894006, 39.965291801437999 ], [ -105.146872728125004, 39.965291768390003 ], [ -105.146873326402996, 39.965291765636003 ], [ -105.146879386438002, 39.9652917126216 ], [ -105.146890966620006, 39.965291610723703 ], [ -105.147080179667, 39.9652899452444 ], [ -105.149546105427007, 39.965268203816002 ], [ -105.152840801598003, 39.965239072026101 ], [ -105.156511178610003, 39.965250070118202 ], [ -105.157283846534995, 39.965178088144597 ], [ -105.158104634514999, 39.965171372512899 ], [ -105.159294565398, 39.965060498399097 ], [ -105.161677820102, 39.964152330761401 ], [ -105.163285405607994, 39.964157038796401 ], [ -105.163398611299996, 39.964160854521701 ], [ -105.163398628368, 39.964157369970003 ], [ -105.163461832932995, 39.964157554490797 ], [ -105.163467848951001, 39.962937858247699 ], [ -105.164062963063998, 39.962347183691698 ], [ -105.164333457474001, 39.961990778250197 ], [ -105.164663543424993, 39.961644286556101 ], [ -105.164938948026006, 39.961161849834298 ], [ -105.165448939578994, 39.960384305338103 ], [ -105.165650742514998, 39.959325785318498 ], [ -105.165889281155003, 39.958337361811601 ], [ -105.174754939747004, 39.961469101473 ], [ -105.174967187394003, 39.961547201558702 ], [ -105.176737467679999, 39.962218903780403 ], [ -105.184343001930998, 39.965193562874198 ], [ -105.184520308706993, 39.965262900993899 ], [ -105.184467929739, 39.9654171143547 ], [ -105.184411936849003, 39.965500021836398 ], [ -105.184403599584996, 39.9673025844194 ], [ -105.184418994913003, 39.968112717493497 ], [ -105.182770102174004, 39.968158933138 ], [ -105.182731128765994, 39.970060035284 ], [ -105.182692902754994, 39.972148962190701 ], [ -105.182690022757001, 39.9723063109547 ], [ -105.182689980535997, 39.972308604798201 ], [ -105.182685029919995, 39.972308598602403 ], [ -105.17532183598, 39.972299041838298 ], [ -105.175312876183995, 39.974181604936597 ], [ -105.175309371856002, 39.978683239389298 ], [ -105.171823484548995, 39.9787009420495 ], [ -105.169117320534994, 39.978693205525602 ], [ -105.166307382241001, 39.978685104856297 ], [ -105.166039244112, 39.978684328381398 ], [ -105.165886521530993, 39.978683885763203 ], [ -105.165881789205997, 39.978683871995997 ], [ -105.165879787758996, 39.978683865800697 ], [ -105.165873000987006, 39.978683844461401 ], [ -105.165865678819998, 39.978683821745399 ], [ -105.165855920420995, 39.978683790768997 ], [ -105.165852896691007, 39.978683781131899 ], [ -105.165848536268996, 39.978683768741298 ], [ -105.165841666852003, 39.978683753597302 ], [ -105.165841214999006, 39.978683752220597 ], [ -105.165836581489003, 39.978683740518399 ], [ -105.165836266181003, 39.978683739829997 ], [ -105.165832485172004, 39.9786837288162 ], [ -105.165828703263998, 39.978683717802397 ], [ -105.165816691890001, 39.977477269714299 ], [ -105.165820634596002, 39.976672532357398 ], [ -105.165798155155002, 39.975946357919099 ], [ -105.165813307039002, 39.975515059142701 ], [ -105.165809645505007, 39.975257448435002 ], [ -105.165805175488998, 39.974340561272598 ], [ -105.165574473750993, 39.973878008074301 ], [ -105.165481538543006, 39.973679046212197 ], [ -105.165303127737999, 39.973359443469803 ], [ -105.164304681740006, 39.972477364557001 ], [ -105.163758320995001, 39.972879995248498 ], [ -105.163029867248994, 39.9735016236353 ], [ -105.161891112489002, 39.974000504793999 ], [ -105.160571516980994, 39.974293872052201 ], [ -105.160104168455007, 39.9745375571868 ], [ -105.159541674864997, 39.974867815024297 ], [ -105.158209459823993, 39.9753660873047 ], [ -105.158153537901001, 39.9753837440132 ], [ -105.158066966359002, 39.975420871342799 ], [ -105.157342740982997, 39.975639731698003 ], [ -105.156196283170004, 39.976001683255902 ], [ -105.153845789127004, 39.976776952629301 ], [ -105.153575074629003, 39.976872092658297 ], [ -105.152107118759005, 39.977395343240801 ], [ -105.150410522784, 39.977984288000997 ], [ -105.148713880097006, 39.9789088476345 ], [ -105.146824414931999, 39.9799671718309 ], [ -105.146750267089999, 39.979973917673 ], [ -105.146749931119999, 39.979930271373803 ], [ -105.146749929324002, 39.979929915496001 ], [ -105.146749943697003, 39.979927055394803 ], [ -105.146749946392006, 39.979926699517002 ], [ -105.146749960765007, 39.979923838038999 ], [ -105.146749962561003, 39.979923482161098 ], [ -105.146758547760996, 39.978265542149501 ], [ -105.146758546862003, 39.978265186263002 ], [ -105.146756089071999, 39.977703268118901 ], [ -105.146756087274994, 39.977702913606201 ], [ -105.146827881530996, 39.9776824516834 ], [ -105.146840511844005, 39.976972785039798 ], [ -105.146840518131995, 39.976972429835001 ], [ -105.146853180784007, 39.976255858852298 ], [ -105.146853187071997, 39.976255513969598 ], [ -105.146800459559003, 39.9760554321333 ], [ -105.146756193276005, 39.975951889146799 ], [ -105.146758618728001, 39.975483474144198 ], [ -105.146758620523997, 39.975483118243297 ], [ -105.146705358513003, 39.975386442531097 ], [ -105.146589006021998, 39.975296210779298 ], [ -105.146533659021003, 39.9752661497944 ], [ -105.146533557511006, 39.9752660947225 ], [ -105.146680072734, 39.974840938402799 ], [ -105.146782398030993, 39.9745968839879 ], [ -105.146817517667003, 39.974490592049897 ], [ -105.146810242211998, 39.974166917028697 ], [ -105.146810238618997, 39.974166561120903 ], [ -105.146810622198998, 39.9740924813118 ], [ -105.146810623996004, 39.974092125403601 ], [ -105.146781487140004, 39.973842306298302 ], [ -105.146781451207005, 39.973841999954502 ], [ -105.147093224103003, 39.973434531915998 ], [ -105.147203418641993, 39.973277377129797 ], [ -105.147435520854003, 39.972937276809603 ], [ -105.147437884320993, 39.972479858038596 ], [ -105.147437886117999, 39.972479502121999 ], [ -105.146819053786999, 39.972474396749398 ], [ -105.146816887948006, 39.972474378850301 ], [ -105.14681689244, 39.972473123848303 ], [ -105.146816894237006, 39.972472767931599 ], [ -105.146816951728994, 39.972458260024297 ], [ -105.146816953525004, 39.972457904796002 ], [ -105.146817038864995, 39.972436356341603 ], [ -105.146817040662, 39.9724360004247 ] ] ] } },
{ "type": "Feature", "properties": { "OBJECTID_1": 15, "OBJECTID": 15, "area_name": "Flatirons", "area_code": 136, "SchType": "Elementary", "SchType2": "Neighborhood", "resident_students_gis": 304, "Shape_Leng": 193832.58826, "State_CD": 2970, "Key_ID": 15, "Yld": 0.1, "neighborhood_flag": "Boulder", "capacity_gis": 337, "enrollment_gis": 292, "Perc_Cap": 0.87, "SHAPE__Area": 207994803.3984375, "SHAPE__Length": 77166.363403227646 }, "geometry": { "type": "Polygon", "coordinates": [ [ [ -105.351710506643997, 40.064499791873097 ], [ -105.347071922723998, 40.057490100880102 ], [ -105.343206535836998, 40.0575573554773 ], [ -105.342951853572004, 40.057561782046498 ], [ -105.340859902752996, 40.057598121432399 ], [ -105.340461172038999, 40.057605043872798 ], [ -105.339519749299001, 40.057621381874597 ], [ -105.339356719448006, 40.057624209843198 ], [ -105.338427460795998, 40.057640328506103 ], [ -105.338232831807005, 40.057643703090697 ], [ -105.337595965795998, 40.0576547440591 ], [ -105.336392279010994, 40.056455358379999 ], [ -105.336106831243995, 40.056173532448902 ], [ -105.333765373355007, 40.053861664593903 ], [ -105.325629513286003, 40.045728597559403 ], [ -105.325479653635995, 40.045583782615303 ], [ -105.323531235632004, 40.043636827221498 ], [ -105.322270462706996, 40.042444151155401 ], [ -105.319802142935998, 40.040108989980403 ], [ -105.315946758790005, 40.036461164902903 ], [ -105.313067826289, 40.034068761166701 ], [ -105.30372513623, 40.026785970153497 ], [ -105.300816565613005, 40.0246404797523 ], [ -105.300709234004998, 40.024561357328601 ], [ -105.300441354591001, 40.024619070892797 ], [ -105.299500137565005, 40.024835736056097 ], [ -105.297995673263003, 40.025160610753503 ], [ -105.297398433737001, 40.0252320349367 ], [ -105.297203652931998, 40.025259481256903 ], [ -105.297004213464007, 40.025283331253398 ], [ -105.296134970357002, 40.0254058100818 ], [ -105.294882834733997, 40.025450163365299 ], [ -105.294809063285996, 40.025452775982401 ], [ -105.292721829520005, 40.025526679710801 ], [ -105.292673546870006, 40.025510944864997 ], [ -105.292623826916, 40.025494936234303 ], [ -105.292623805356001, 40.025494295118598 ], [ -105.292593073991, 40.0245936212931 ], [ -105.292392908683993, 40.024593260832702 ], [ -105.291780306169002, 40.024592156750799 ], [ -105.291592048032001, 40.024591816927398 ], [ -105.291540362564007, 40.024591723372801 ], [ -105.291482805707005, 40.020464066181098 ], [ -105.292529197486004, 40.0205132843681 ], [ -105.293184442129004, 40.020544098688603 ], [ -105.293272063801993, 40.020548219463102 ], [ -105.292704893581998, 40.020041634069401 ], [ -105.292152279663995, 40.019548039648598 ], [ -105.292053121826001, 40.018926298470703 ], [ -105.292052088763995, 40.018919819275801 ], [ -105.292049158458994, 40.018845362838697 ], [ -105.292049828602003, 40.018625708721402 ], [ -105.292050388253003, 40.018442311648798 ], [ -105.292157704589997, 40.018405598464902 ], [ -105.292155980722995, 40.018334059124797 ], [ -105.292157707285, 40.017767535790703 ], [ -105.292368804190005, 40.017579072936201 ], [ -105.292416350221004, 40.017452248576198 ], [ -105.292439552806997, 40.0173903577627 ], [ -105.292522195117996, 40.017308153059098 ], [ -105.292740697734999, 40.017118645963002 ], [ -105.293031389866002, 40.016737538042499 ], [ -105.293609875263996, 40.016929389452798 ], [ -105.293610549001002, 40.0167067729137 ], [ -105.294024570836996, 40.016695563637697 ], [ -105.294031433965998, 40.0166953771949 ], [ -105.294031522001006, 40.016691797628901 ], [ -105.294049408356003, 40.015964839128202 ], [ -105.294059490148996, 40.0154239053292 ], [ -105.294069411142999, 40.0153763119541 ], [ -105.294132418977, 40.015101679843099 ], [ -105.29419751719, 40.015055689965898 ], [ -105.294941289007994, 40.014529881587897 ], [ -105.294990626279997, 40.0144744711816 ], [ -105.295064867546998, 40.014390937181098 ], [ -105.295293430396001, 40.014133769604101 ], [ -105.295290345580995, 40.013594573659098 ], [ -105.294015783516997, 40.013636117211597 ], [ -105.292804373915004, 40.013678298525498 ], [ -105.292337587733996, 40.013667348820597 ], [ -105.292149237070007, 40.013690041505903 ], [ -105.291427331145002, 40.013777014353103 ], [ -105.290330275282003, 40.013477098879697 ], [ -105.290329529679994, 40.0134768945397 ], [ -105.290322547974, 40.013477941008297 ], [ -105.290057082333007, 40.0135177240061 ], [ -105.289216002309004, 40.013642076083201 ], [ -105.287223000918004, 40.013738889612902 ], [ -105.285285240527003, 40.0138134465669 ], [ -105.283656445795998, 40.013883206637502 ], [ -105.283506512483996, 40.013889627141801 ], [ -105.283090549388007, 40.014207907818999 ], [ -105.283078704203007, 40.014216970924302 ], [ -105.280847002474005, 40.014668582159203 ], [ -105.280696825719005, 40.014697886892201 ], [ -105.279015248676998, 40.015025999419699 ], [ -105.278998497792003, 40.014980104435303 ], [ -105.278666780500004, 40.014071255886101 ], [ -105.278590145223006, 40.013842514991701 ], [ -105.278277635709003, 40.012909715793697 ], [ -105.277675742908997, 40.011921233356802 ], [ -105.276848583179003, 40.010455002454897 ], [ -105.273355041326994, 40.0105266181709 ], [ -105.272081656054993, 40.010528347223698 ], [ -105.271898588384005, 40.010355771981203 ], [ -105.269546206979996, 40.008138117205597 ], [ -105.269468573674999, 40.008161102093503 ], [ -105.269243035453002, 40.008227877604199 ], [ -105.266704971381998, 40.008244217805597 ], [ -105.266050484917002, 40.008248421890798 ], [ -105.264779119956998, 40.008213777743997 ], [ -105.263910671858994, 40.008190105494997 ], [ -105.262913354145994, 40.008157378961897 ], [ -105.261279810022998, 40.008103756486697 ], [ -105.260717931778998, 40.008264457274002 ], [ -105.259595308065997, 40.008262121977502 ], [ -105.259410537188998, 40.008261736660401 ], [ -105.259069079464993, 40.008261023823898 ], [ -105.258758903773, 40.0081813243848 ], [ -105.258690133247001, 40.008163653446502 ], [ -105.258689978736996, 40.008163613538599 ], [ -105.258731070373003, 40.002002910724002 ], [ -105.258620647661004, 40.001444748231698 ], [ -105.258550113742004, 40.000944136535402 ], [ -105.258454398248006, 40.000604378304701 ], [ -105.258424533756994, 40.000478033005997 ], [ -105.258391473059007, 40.000338160588498 ], [ -105.258418215006998, 40.000298132498898 ], [ -105.258418837538997, 40.000297200748598 ], [ -105.258421747182993, 40.000297499404198 ], [ -105.258686743005001, 40.000324759631503 ], [ -105.259859068704998, 40.0004333132254 ], [ -105.260090101922003, 40.0004165025276 ], [ -105.260242413973003, 40.0004054192596 ], [ -105.261491560002995, 40.000314515886998 ], [ -105.263120997927004, 40.000172996397197 ], [ -105.263618608000996, 40.000127771316201 ], [ -105.264596739496, 40.000124120001999 ], [ -105.267731695446003, 40.0001050995836 ], [ -105.268558224559001, 40.0001067614619 ], [ -105.269994652258006, 40.0000969381435 ], [ -105.271235265190995, 40.000079530049803 ], [ -105.272475878124993, 40.0000621081887 ], [ -105.273742269113001, 40.000064600663599 ], [ -105.274956970142, 40.000066977529499 ], [ -105.276119983008002, 40.000069241538803 ], [ -105.276391078391001, 40.0000777869693 ], [ -105.276787580383996, 40.000078555631298 ], [ -105.276790816116005, 39.999089970654602 ], [ -105.276747742796005, 39.9990121329907 ], [ -105.276733073307994, 39.998931369869098 ], [ -105.276749295084997, 39.998261077898697 ], [ -105.276872958964006, 39.998288541260003 ], [ -105.277286648423001, 39.998376173724999 ], [ -105.277359956341002, 39.998371617379199 ], [ -105.277572991810004, 39.9983229124243 ], [ -105.277708423619003, 39.998161846216 ], [ -105.277714920234999, 39.997925224759697 ], [ -105.277784364498004, 39.997925358264702 ], [ -105.277721418647999, 39.997118281772998 ], [ -105.277679826650001, 39.996636872395698 ], [ -105.277809806584003, 39.996637122894398 ], [ -105.277796598654007, 39.994037879349797 ], [ -105.277496074461993, 39.994052615978603 ], [ -105.277313220590003, 39.989797307626198 ], [ -105.277274852644993, 39.989303968013203 ], [ -105.277274560693002, 39.989303476597598 ], [ -105.277269157326998, 39.989294371642202 ], [ -105.277265628744004, 39.989288427163601 ], [ -105.277271119247004, 39.989288462952999 ], [ -105.277270067320003, 39.989271684612703 ], [ -105.277118195442995, 39.986848282012801 ], [ -105.277053050516997, 39.985764512907402 ], [ -105.277053017279002, 39.985760929654603 ], [ -105.277053193349005, 39.985760487770499 ], [ -105.277052846599005, 39.985742265901401 ], [ -105.277103153154002, 39.985747616691803 ], [ -105.277112061745996, 39.985748564471301 ], [ -105.277154709263996, 39.985748945097299 ], [ -105.277300438460998, 39.985750245971197 ], [ -105.277672833265996, 39.985753570426397 ], [ -105.278185253863001, 39.985758142756502 ], [ -105.279687105863999, 39.985771532117802 ], [ -105.280991217112003, 39.985783142239796 ], [ -105.282260523133999, 39.985794428174103 ], [ -105.284130851488001, 39.983939283114999 ], [ -105.286177639505993, 39.981908960485001 ], [ -105.289295134004007, 39.978816241551399 ], [ -105.290505016468998, 39.977615876907699 ], [ -105.291636294550997, 39.976493446838198 ], [ -105.292667394309007, 39.9754765888026 ], [ -105.292740424646993, 39.975404875746399 ], [ -105.292999236466997, 39.975150731405002 ], [ -105.293118794145997, 39.975033328849101 ], [ -105.294917016528998, 39.973304175886398 ], [ -105.296678420562003, 39.971610315200003 ], [ -105.298248023501003, 39.970100806721199 ], [ -105.300463003988995, 39.967970479302203 ], [ -105.302477193043998, 39.966033117474701 ], [ -105.3026806381, 39.965837425153701 ], [ -105.30285550056, 39.9656692245835 ], [ -105.303069004052006, 39.965463851637097 ], [ -105.303084349971996, 39.965449090940602 ], [ -105.303085016522004, 39.965448449949399 ], [ -105.303085490832004, 39.965447988656003 ], [ -105.303085693851997, 39.965447791057201 ], [ -105.303086858067999, 39.965446630938899 ], [ -105.303087839927002, 39.965445652583902 ], [ -105.303088891854003, 39.965444602625098 ], [ -105.303089965341002, 39.965443532699901 ], [ -105.303090975944997, 39.965442524050999 ], [ -105.303091629020997, 39.965441874109302 ], [ -105.303092496792999, 39.965441008667803 ], [ -105.303100780158005, 39.965432749450201 ], [ -105.303107690898003, 39.9654258596536 ], [ -105.303125522456, 39.965408079885599 ], [ -105.303137265234, 39.965396371288897 ], [ -105.303144262211006, 39.965389395426399 ], [ -105.303149413151004, 39.965384260607301 ], [ -105.303159355705006, 39.9653743469215 ], [ -105.303171090397001, 39.965362646580999 ], [ -105.303172014764002, 39.965361726058703 ], [ -105.303181980673997, 39.965351788960703 ], [ -105.303202045443996, 39.965331782568697 ], [ -105.303202202649004, 39.9653316262795 ], [ -105.303228711035004, 39.965305195498097 ], [ -105.303333342306999, 39.965200871302201 ], [ -105.303409191558003, 39.965125246419298 ], [ -105.303562168363001, 39.964972716476801 ], [ -105.303716203383004, 39.964819132782999 ], [ -105.305566864021998, 39.962973817718499 ], [ -105.307505182266993, 39.961040958508299 ], [ -105.309460501128996, 39.959091001386 ], [ -105.311359002447006, 39.957197568660398 ], [ -105.313631644894002, 39.954930813957603 ], [ -105.314263542323005, 39.954309945633199 ], [ -105.316781968323994, 39.951864805968903 ], [ -105.318695714051998, 39.950006596116701 ], [ -105.320521408713006, 39.9482337585697 ], [ -105.324657160653004, 39.944217294364897 ], [ -105.324657199279997, 39.944217255797099 ], [ -105.325082970181995, 39.943803730254302 ], [ -105.32570140995, 39.943203065819198 ], [ -105.325825642461993, 39.9430824023962 ], [ -105.325830403533004, 39.943077779000497 ], [ -105.325832424742998, 39.943075794101503 ], [ -105.325833731790993, 39.943074511010998 ], [ -105.325838565626, 39.943069687885099 ], [ -105.325844370539002, 39.943063895725899 ], [ -105.325866389145006, 39.943041923395903 ], [ -105.325886825818003, 39.943021528924 ], [ -105.325926212450995, 39.942982226227699 ], [ -105.326099414824995, 39.9428093894158 ], [ -105.326295808105002, 39.942613409552003 ], [ -105.326893156327998, 39.9420173092346 ], [ -105.327303274086006, 39.941608039879597 ], [ -105.327678813893002, 39.941233272647999 ], [ -105.328165355823998, 39.940747722069702 ], [ -105.328776151826006, 39.9401381589878 ], [ -105.331958335804003, 39.936962169717503 ], [ -105.332589690649996, 39.936331998051699 ], [ -105.333402217723005, 39.935520971871803 ], [ -105.334056353845, 39.934868024676199 ], [ -105.334235321606002, 39.9346893793223 ], [ -105.334739532499995, 39.934186070884103 ], [ -105.335151840351003, 39.9337744939956 ], [ -105.335909914246002, 39.933006370551801 ], [ -105.335910624812996, 39.933006721163203 ], [ -105.335911047920007, 39.933006928499303 ], [ -105.335912249865999, 39.933007525709797 ], [ -105.335912390003003, 39.933007595280998 ], [ -105.335913131113003, 39.933007952091899 ], [ -105.335913745561001, 39.933008247597499 ], [ -105.335913814731001, 39.933008280660999 ], [ -105.335914283652002, 39.933008507973 ], [ -105.335914385161004, 39.9330085575683 ], [ -105.335915248442006, 39.933008978439801 ], [ -105.335916522253001, 39.933009562562702 ], [ -105.335922079232006, 39.933012113967102 ], [ -105.335922784408993, 39.933012427382003 ], [ -105.335923324296999, 39.933012679491597 ], [ -105.335923588401002, 39.933012802791097 ], [ -105.335924086966003, 39.933013057655998 ], [ -105.335924802025005, 39.933013403445699 ], [ -105.335927170882997, 39.933014578579503 ], [ -105.335929517281997, 39.933015744758599 ], [ -105.335935960897999, 39.933018956745002 ], [ -105.335941578960998, 39.933021758192098 ], [ -105.336647620638999, 39.933373847590701 ], [ -105.340058884895001, 39.935074867799401 ], [ -105.343381800741994, 39.936809707140803 ], [ -105.344414979201005, 39.9373490746123 ], [ -105.351589124485997, 39.941044362351903 ], [ -105.356234023563005, 39.944823002926 ], [ -105.367600411344995, 39.954068555150997 ], [ -105.370171868490004, 39.9561691361898 ], [ -105.370171876575, 39.956170554687098 ], [ -105.370171882863005, 39.956171972495902 ], [ -105.370171884659001, 39.956172256195302 ], [ -105.370171884659001, 39.956172312659803 ], [ -105.370171897236006, 39.956174808801798 ], [ -105.370174169075, 39.956617441174302 ], [ -105.370221266846997, 39.965789642992704 ], [ -105.370197420170001, 39.978324847816701 ], [ -105.370205564296, 39.985459142831303 ], [ -105.370593256511, 39.985728537894197 ], [ -105.395218638648004, 40.001731366814099 ], [ -105.397857468541005, 40.003353956555401 ], [ -105.400407843124995, 40.005010450288196 ], [ -105.406267934609005, 40.008612968762598 ], [ -105.406471683294996, 40.008738211870401 ], [ -105.406617407102004, 40.008739367813398 ], [ -105.406674548039007, 40.008774491272 ], [ -105.406853959567002, 40.0088724697112 ], [ -105.406854037721004, 40.0088724697112 ], [ -105.406857496235006, 40.008872472463501 ], [ -105.420414715093997, 40.008882626164201 ], [ -105.425284126516004, 40.008885883439703 ], [ -105.425749272374006, 40.008889495753898 ], [ -105.425816863413004, 40.008920267847003 ], [ -105.431527221010001, 40.011519732004601 ], [ -105.432443438819007, 40.011936767679998 ], [ -105.433271094419993, 40.012387784413399 ], [ -105.439814396898001, 40.015953023612497 ], [ -105.444655475456997, 40.0185965260684 ], [ -105.446229851145006, 40.019456136715299 ], [ -105.447715690677001, 40.020349725118002 ], [ -105.449339267094004, 40.021326100972097 ], [ -105.46678816024, 40.021213726097699 ], [ -105.469830565460995, 40.021193862642498 ], [ -105.475310492611996, 40.026797436414398 ], [ -105.477463031203996, 40.028993992923397 ], [ -105.478701673233999, 40.030257882256798 ], [ -105.486864513303999, 40.038639042208302 ], [ -105.489284359083001, 40.041108070575802 ], [ -105.489214212337998, 40.041113540819502 ], [ -105.489195103374996, 40.041115030453298 ], [ -105.489192959994995, 40.041115198260698 ], [ -105.489176999627006, 40.041116029732102 ], [ -105.469077090042006, 40.042161926864303 ], [ -105.467025892194002, 40.042268701485902 ], [ -105.457792039319997, 40.042911388911001 ], [ -105.453525710066998, 40.043191202413297 ], [ -105.449253557036002, 40.043505008319997 ], [ -105.439676375247004, 40.044170077802697 ], [ -105.415198388682001, 40.045962801806603 ], [ -105.411329719351002, 40.046272836769198 ], [ -105.411171006803002, 40.046296407783203 ], [ -105.410939116593994, 40.046333859656698 ], [ -105.410315256391996, 40.046434773514498 ], [ -105.409628847394998, 40.0465458009351 ], [ -105.409345191767997, 40.046591680186303 ], [ -105.405718445928997, 40.047178412818901 ], [ -105.400287795862994, 40.048054555790102 ], [ -105.393533966909999, 40.056011195288001 ], [ -105.392309950352001, 40.057453075241703 ], [ -105.386100902007001, 40.0632713363295 ], [ -105.383517124468, 40.065772302078003 ], [ -105.383510892855, 40.065826887079602 ], [ -105.383518224903995, 40.066722936822998 ], [ -105.383526054620006, 40.073488330319499 ], [ -105.383516861261995, 40.073657090898401 ], [ -105.383516727412996, 40.0736595428775 ], [ -105.382692402765002, 40.073822511646298 ], [ -105.381001812926002, 40.074148748408398 ], [ -105.378856705198004, 40.074568480709701 ], [ -105.377235250601998, 40.074885719346597 ], [ -105.376461266644995, 40.075037141110499 ], [ -105.373555479008999, 40.075605573939796 ], [ -105.371970404384996, 40.075915613587497 ], [ -105.371626446649003, 40.075983033527301 ], [ -105.363032071188002, 40.077667189897298 ], [ -105.362764574455994, 40.0777195967285 ], [ -105.362736320644004, 40.0777643710178 ], [ -105.362696967247999, 40.077724371169403 ], [ -105.362628846202995, 40.077655127309001 ], [ -105.362568715673007, 40.077594006679803 ], [ -105.356518104992006, 40.071443097146599 ], [ -105.353598412333994, 40.067226565144502 ], [ -105.352616815138006, 40.0658088398934 ], [ -105.351710506643997, 40.064499791873097 ] ] ] } },
{ "type": "Feature", "properties": { "OBJECTID_1": 16, "OBJECTID": 16, "area_name": "Foothill", "area_code": 138, "SchType": "Elementary", "SchType2": "Neighborhood", "resident_students_gis": 597, "Shape_Leng": 99909.6502, "State_CD": 3022, "Key_ID": 16, "Yld": 0.16, "neighborhood_flag": "Boulder", "capacity_gis": 644, "enrollment_gis": 583, "Perc_Cap": 0.91, "SHAPE__Area": 71248563.17578125, "SHAPE__Length": 39832.967711242854 }, "geometry": { "type": "Polygon", "coordinates": [ [ [ -105.282204202358997, 40.1018247868694 ], [ -105.282074508088996, 40.087350207328797 ], [ -105.282074506293, 40.087349983279303 ], [ -105.282074504495995, 40.0873497578553 ], [ -105.282074500902993, 40.087349308381803 ], [ -105.282074492817998, 40.087348408747602 ], [ -105.281880735193994, 40.087346666522301 ], [ -105.282081296658006, 40.087236794903703 ], [ -105.282085928371998, 40.086644285637199 ], [ -105.282101946230995, 40.0845948468316 ], [ -105.282100204398006, 40.084217869355399 ], [ -105.282080330968995, 40.079915809006998 ], [ -105.282360346622994, 40.0793252423952 ], [ -105.282395831873004, 40.079250401009197 ], [ -105.282426657561999, 40.0791719626339 ], [ -105.283435264404005, 40.076605392814798 ], [ -105.284638442741993, 40.074442662819699 ], [ -105.284519514782005, 40.073616162012797 ], [ -105.284513295745001, 40.073573438281898 ], [ -105.284502417146996, 40.073527117319003 ], [ -105.283852349495007, 40.0707589211666 ], [ -105.283842146430004, 40.070715473147899 ], [ -105.283827284701999, 40.070668427745197 ], [ -105.283485122699005, 40.069585291785799 ], [ -105.283465640935006, 40.069534769864703 ], [ -105.281946534094004, 40.065890626587397 ], [ -105.282107328937002, 40.055269462777296 ], [ -105.282108513813995, 40.055191242942001 ], [ -105.282105040028995, 40.0551094275894 ], [ -105.282076796997003, 40.054444263367003 ], [ -105.282086010117993, 40.051563328564797 ], [ -105.282087203979003, 40.051190168892802 ], [ -105.282083739176997, 40.050813402584403 ], [ -105.282017740851998, 40.043634792976803 ], [ -105.282053093151006, 40.041669011729901 ], [ -105.282051867849006, 40.041474562867599 ], [ -105.282055300311995, 40.0412837116708 ], [ -105.282041290186996, 40.039059491905398 ], [ -105.277431843122997, 40.039102036455397 ], [ -105.276412451108001, 40.039100065348997 ], [ -105.276309023577994, 40.039107970407002 ], [ -105.275874041351003, 40.039645021151699 ], [ -105.275636229447997, 40.039956559373699 ], [ -105.275297362464002, 40.040137899337303 ], [ -105.274263431216994, 40.040135561005101 ], [ -105.274263361148002, 40.040135367748803 ], [ -105.274263346775001, 40.040135328547301 ], [ -105.274244872023004, 40.040084597034799 ], [ -105.274244845972007, 40.040084402402897 ], [ -105.274244811835999, 40.040084208458701 ], [ -105.274211098961999, 40.039889667045003 ], [ -105.274210984876007, 40.039889012997399 ], [ -105.274210908518995, 40.039888576965602 ], [ -105.274210638125993, 40.039887051542102 ], [ -105.274167198293995, 40.039641974420398 ], [ -105.274627053971997, 40.038985186058802 ], [ -105.274655981520993, 40.038949721204098 ], [ -105.274684218266003, 40.038913787968298 ], [ -105.274794888911998, 40.038804989522497 ], [ -105.274778582693003, 40.038246901722701 ], [ -105.274781415979007, 40.038188092387998 ], [ -105.274779916691003, 40.038136818843398 ], [ -105.274787345758995, 40.038064974880299 ], [ -105.274791731334005, 40.037973935966697 ], [ -105.274820399269004, 40.037696685690499 ], [ -105.274910183187004, 40.037575306667399 ], [ -105.274972960154003, 40.037500331377601 ], [ -105.275031085644997, 40.037421751391499 ], [ -105.275100578416996, 40.037338753749097 ], [ -105.275130473451, 40.037303050068502 ], [ -105.275191293887005, 40.037239567183597 ], [ -105.275565819495995, 40.036908855762398 ], [ -105.275474394355996, 40.0368199701145 ], [ -105.275472303976002, 40.036817937042102 ], [ -105.275471764987003, 40.036817116522599 ], [ -105.275374064217004, 40.036668356115499 ], [ -105.275309449296998, 40.036565083844899 ], [ -105.275304921788006, 40.036522316246398 ], [ -105.275305476048004, 40.0363541721008 ], [ -105.275698672241006, 40.036371730508598 ], [ -105.276201214066006, 40.0363559135671 ], [ -105.276252522240995, 40.036091082935499 ], [ -105.276334556392996, 40.035667649186102 ], [ -105.276518137002995, 40.0351217626487 ], [ -105.276543534173001, 40.035063684497203 ], [ -105.276564277171005, 40.035002002930099 ], [ -105.276587587554005, 40.0349486938618 ], [ -105.276587870523997, 40.034948049396 ], [ -105.276588152594996, 40.034947404242303 ], [ -105.277121678211003, 40.0343306035805 ], [ -105.277155928278006, 40.034295266987698 ], [ -105.277516403337003, 40.0340011848849 ], [ -105.277692604286997, 40.033856633223401 ], [ -105.277695826544004, 40.0338522264367 ], [ -105.277699050596993, 40.033847818274097 ], [ -105.277728756984999, 40.033807194934496 ], [ -105.278094250932, 40.0333206312025 ], [ -105.278243526677997, 40.033121903018902 ], [ -105.278296626094004, 40.033055944230398 ], [ -105.278325016449998, 40.0330112980675 ], [ -105.278526933471994, 40.032693761966399 ], [ -105.278706831887007, 40.032410850077397 ], [ -105.279145669683004, 40.032159158096803 ], [ -105.279386125328998, 40.032021245560898 ], [ -105.279436632206995, 40.031992277049099 ], [ -105.279482479524006, 40.0319597132521 ], [ -105.279486170702, 40.031957091254597 ], [ -105.279489862777993, 40.031954469257002 ], [ -105.279527636037002, 40.031899487760597 ], [ -105.279550000493998, 40.031851669264398 ], [ -105.279611332071994, 40.031699789035102 ], [ -105.280128069073996, 40.031342285091199 ], [ -105.28207238537, 40.031329181174698 ], [ -105.282070409076994, 40.031194067824501 ], [ -105.282072750086002, 40.031039333673 ], [ -105.282070435128006, 40.030881010031102 ], [ -105.282095632872, 40.029215779029101 ], [ -105.282053520749002, 40.026711292548299 ], [ -105.282055514110993, 40.026087782051498 ], [ -105.282060352437, 40.025545389685597 ], [ -105.282060363216999, 40.025544194129502 ], [ -105.282061919098993, 40.025544196193103 ], [ -105.285568010415005, 40.0255483758244 ], [ -105.285620237567997, 40.025546419459801 ], [ -105.285911030310004, 40.025544233339303 ], [ -105.286359586081005, 40.025537228535498 ], [ -105.286812848124995, 40.025533817966803 ], [ -105.287651698530993, 40.0255207088071 ], [ -105.287760280594, 40.025519011089202 ], [ -105.287855923324003, 40.025517516299502 ], [ -105.287953961861007, 40.025512314458403 ], [ -105.288039737496007, 40.025512807677202 ], [ -105.288730287725997, 40.025503844440699 ], [ -105.289402168270001, 40.025518150536101 ], [ -105.290232810768998, 40.025535832802603 ], [ -105.291363751084006, 40.0255598966368 ], [ -105.291559098725998, 40.025557304660502 ], [ -105.292443490123006, 40.025541201799498 ], [ -105.292607747071997, 40.025537858644498 ], [ -105.292623849373996, 40.02549557735 ], [ -105.292673546870006, 40.025510944864997 ], [ -105.292721829520005, 40.025526679710801 ], [ -105.294809063285996, 40.025452775982401 ], [ -105.294882834733997, 40.025450163365299 ], [ -105.296134970357002, 40.0254058100818 ], [ -105.297004213464007, 40.025283331253398 ], [ -105.297203652931998, 40.025259481256903 ], [ -105.297398433737001, 40.0252320349367 ], [ -105.297995673263003, 40.025160610753503 ], [ -105.299500137565005, 40.024835736056097 ], [ -105.300441354591001, 40.024619070892797 ], [ -105.300709234004998, 40.024561357328601 ], [ -105.300816565613005, 40.0246404797523 ], [ -105.30372513623, 40.026785970153497 ], [ -105.313067826289, 40.034068761166701 ], [ -105.315946758790005, 40.036461164902903 ], [ -105.319802142935998, 40.040108989980403 ], [ -105.322270462706996, 40.042444151155401 ], [ -105.323531235632004, 40.043636827221498 ], [ -105.325479653635995, 40.045583782615303 ], [ -105.325629513286003, 40.045728597559403 ], [ -105.333765373355007, 40.053861664593903 ], [ -105.336106831243995, 40.056173532448902 ], [ -105.336392279010994, 40.056455358379999 ], [ -105.337595965795998, 40.0576547440591 ], [ -105.338232831807005, 40.057643703090697 ], [ -105.338427460795998, 40.057640328506103 ], [ -105.339356719448006, 40.057624209843198 ], [ -105.339519749299001, 40.057621381874597 ], [ -105.340461172038999, 40.057605043872798 ], [ -105.340859902752996, 40.057598121432399 ], [ -105.342951853572004, 40.057561782046498 ], [ -105.343206535836998, 40.0575573554773 ], [ -105.347071922723998, 40.057490100880102 ], [ -105.351710506643997, 40.064499791873097 ], [ -105.352616815138006, 40.0658088398934 ], [ -105.353598412333994, 40.067226565144502 ], [ -105.356518104992006, 40.071443097146599 ], [ -105.362568715673007, 40.077594006679803 ], [ -105.362628846202995, 40.077655127309001 ], [ -105.362696967247999, 40.077724371169403 ], [ -105.362736320644004, 40.0777643710178 ], [ -105.356775599881999, 40.087209428515401 ], [ -105.353644286600002, 40.087163156690004 ], [ -105.350938639117999, 40.0871418561211 ], [ -105.348019213258993, 40.089902977767103 ], [ -105.347131202550003, 40.0907479344813 ], [ -105.345117434803996, 40.092647114226601 ], [ -105.342618563331001, 40.095009994761902 ], [ -105.33781667737, 40.0995497691408 ], [ -105.334926259908002, 40.1018381465841 ], [ -105.334858690429002, 40.1018378105815 ], [ -105.334672457992994, 40.101983083139203 ], [ -105.328911565669003, 40.101989486415398 ], [ -105.328592069956997, 40.101843970630199 ], [ -105.319568094076004, 40.101872552149302 ], [ -105.313775342102005, 40.101987177690503 ], [ -105.311946589575996, 40.102007608528901 ], [ -105.311946505134003, 40.102007609216002 ], [ -105.311946420693005, 40.102007610590199 ], [ -105.309521482362996, 40.102029319465899 ], [ -105.306534348685005, 40.102055992088403 ], [ -105.305744269613001, 40.102063034379 ], [ -105.306067069329004, 40.109251848320497 ], [ -105.301193814914001, 40.114172464102097 ], [ -105.301353079026995, 40.109284390300601 ], [ -105.301224749298996, 40.101913373348602 ], [ -105.282205769919003, 40.101825999639999 ], [ -105.282204212240003, 40.101825992081601 ], [ -105.282204202358997, 40.1018247868694 ] ] ] } },
{ "type": "Feature", "properties": { "OBJECTID_1": 17, "OBJECTID": 17, "area_name": "Gold Hill", "area_code": 141, "SchType": "Elementary", "SchType2": "Neighborhood", "resident_students_gis": 14, "Shape_Leng": 74126.612577099993, "State_CD": 3488, "Key_ID": 17, "Yld": 0.08, "neighborhood_flag": " ", "capacity_gis": 37, "enrollment_gis": 26, "Perc_Cap": 0.7, "SHAPE__Area": 34613594.30078125, "SHAPE__Length": 29499.866034764505 }, "geometry": { "type": "Polygon", "coordinates": [ [ [ -105.489174213951003, 40.041115168688002 ], [ -105.489194108042, 40.041114130896098 ], [ -105.489195103374996, 40.041115030453298 ], [ -105.489199276948, 40.041118803366899 ], [ -105.489206201162006, 40.041125061066097 ], [ -105.489238527037998, 40.041154278784902 ], [ -105.489369947868994, 40.041273059370504 ], [ -105.489591461638, 40.0414732671818 ], [ -105.490252300090006, 40.042119913083802 ], [ -105.490668752768002, 40.042527414233199 ], [ -105.491410560868005, 40.043253259629303 ], [ -105.492155511275001, 40.043982161027998 ], [ -105.492403470547998, 40.044224772949498 ], [ -105.493807568777996, 40.045590891952301 ], [ -105.495123138037002, 40.0469910304083 ], [ -105.499087857934001, 40.051210178330201 ], [ -105.499187043619003, 40.0513287495463 ], [ -105.499187328385005, 40.051329091299401 ], [ -105.499187613150994, 40.051329431677203 ], [ -105.499187897916997, 40.051329772054999 ], [ -105.499188182683, 40.051330112432701 ], [ -105.499189321746996, 40.051331473943698 ], [ -105.499216564055999, 40.051364040867497 ], [ -105.499050713494995, 40.051437333407698 ], [ -105.492146617954006, 40.054488044247698 ], [ -105.491361213714995, 40.054835046888101 ], [ -105.478894468761993, 40.057326949333202 ], [ -105.467083429287996, 40.059433949585703 ], [ -105.466828738039993, 40.059483250346901 ], [ -105.462380278058006, 40.060621121665598 ], [ -105.459008621421006, 40.061464726388998 ], [ -105.447358714556003, 40.0644246921945 ], [ -105.429887645598001, 40.067909488984803 ], [ -105.427264713189999, 40.068250290437099 ], [ -105.41106150217, 40.070519664903202 ], [ -105.401795699814002, 40.071537962268003 ], [ -105.391993856558997, 40.072655998261702 ], [ -105.383842996422004, 40.0736272925054 ], [ -105.383589787394996, 40.073657456598703 ], [ -105.383516727412996, 40.0736595428775 ], [ -105.383516861261995, 40.073657090898401 ], [ -105.383526054620006, 40.073488330319499 ], [ -105.383518224903995, 40.066722936822998 ], [ -105.383510892855, 40.065826887079602 ], [ -105.383517124468, 40.065772302078003 ], [ -105.386100902007001, 40.0632713363295 ], [ -105.392309950352001, 40.057453075241703 ], [ -105.393533966909999, 40.056011195288001 ], [ -105.400287795862994, 40.048054555790102 ], [ -105.405718445928997, 40.047178412818901 ], [ -105.409345191767997, 40.046591680186303 ], [ -105.409628847394998, 40.0465458009351 ], [ -105.410315256391996, 40.046434773514498 ], [ -105.410939116593994, 40.046333859656698 ], [ -105.411171006803002, 40.046296407783203 ], [ -105.411329719351002, 40.046272836769198 ], [ -105.415198388682001, 40.045962801806603 ], [ -105.439676375247004, 40.044170077802697 ], [ -105.449253557036002, 40.043505008319997 ], [ -105.453525710066998, 40.043191202413297 ], [ -105.457792039319997, 40.042911388911001 ], [ -105.467025892194002, 40.042268701485902 ], [ -105.469077090042006, 40.042161926864303 ], [ -105.489174213951003, 40.041115168688002 ] ] ] } },
{ "type": "Feature", "properties": { "OBJECTID_1": 18, "OBJECTID": 18, "area_name": "Heatherwood", "area_code": 144, "SchType": "Elementary", "SchType2": "Neighborhood", "resident_students_gis": 393, "Shape_Leng": 61431.8732552, "State_CD": 3882, "Key_ID": 18, "Yld": 0.15, "neighborhood_flag": "Boulder", "capacity_gis": 552, "enrollment_gis": 364, "Perc_Cap": 0.66, "SHAPE__Area": 29803903.34765625, "SHAPE__Length": 24478.383674565284 }, "geometry": { "type": "Polygon", "coordinates": [ [ [ -105.197853455395006, 40.073718781483699 ], [ -105.197859598972997, 40.072814369937902 ], [ -105.193856530895999, 40.072803822240502 ], [ -105.188537569267993, 40.072794507764499 ], [ -105.188085446287005, 40.072791647429497 ], [ -105.182979756384995, 40.072782653287398 ], [ -105.180759622262997, 40.072776533915501 ], [ -105.178498953459993, 40.072773535409297 ], [ -105.175952511700004, 40.0727680539581 ], [ -105.159642382296994, 40.072740309861999 ], [ -105.150177660598004, 40.072731279279999 ], [ -105.150131252731995, 40.072675482396498 ], [ -105.150130102887999, 40.072674100001997 ], [ -105.150125135205002, 40.072668126352703 ], [ -105.150125135205002, 40.072668094731497 ], [ -105.150121289517003, 40.066629461262302 ], [ -105.150065081929995, 40.062243563025802 ], [ -105.150085896793001, 40.058190576789499 ], [ -105.150095038049997, 40.050946852866403 ], [ -105.150058766773, 40.0437400977221 ], [ -105.150100506992999, 40.043619524449298 ], [ -105.155985302147002, 40.043701381102601 ], [ -105.159416941092999, 40.043687873124803 ], [ -105.166594384093003, 40.043692467708098 ], [ -105.168835404046007, 40.043675002650701 ], [ -105.168835540589996, 40.043675000587498 ], [ -105.168835955611996, 40.043674997148997 ], [ -105.168855685310007, 40.043674843102202 ], [ -105.168870645853005, 40.043629948751096 ], [ -105.168893514264994, 40.041808875096201 ], [ -105.168908547570993, 40.040090313573401 ], [ -105.168974124586995, 40.040050693934496 ], [ -105.178367891055998, 40.040077264981797 ], [ -105.180106990818999, 40.040060541075697 ], [ -105.186436087323003, 40.040094520510898 ], [ -105.193856204807005, 40.040090180150898 ], [ -105.196606750986007, 40.0401083441878 ], [ -105.201283620205004, 40.040095757076699 ], [ -105.206471633516003, 40.040109073885297 ], [ -105.206726021132994, 40.040120790308897 ], [ -105.206726280745997, 40.040128156744402 ], [ -105.206727985748998, 40.040176325001298 ], [ -105.206740709485999, 40.040462834575798 ], [ -105.206772494576001, 40.0411789099917 ], [ -105.206813270903993, 40.042097499442399 ], [ -105.206849983252994, 40.042924531177398 ], [ -105.206884797461001, 40.043708796666202 ], [ -105.206904014222005, 40.044141661176504 ], [ -105.20689932322, 40.045232335763203 ], [ -105.206868549633, 40.0472643437869 ], [ -105.206852444635999, 40.0510083089058 ], [ -105.206876779099005, 40.054172059002198 ], [ -105.206878285574007, 40.056645667921003 ], [ -105.206847071813002, 40.061135227033802 ], [ -105.206839859238997, 40.061798286055897 ], [ -105.206839954461003, 40.062158656788597 ], [ -105.206804683908004, 40.067230810968098 ], [ -105.206843919624006, 40.071154593627497 ], [ -105.206860752256006, 40.074439472602698 ], [ -105.206886789924994, 40.074486398542803 ], [ -105.205224594035002, 40.075850606300399 ], [ -105.204582124333996, 40.076377876903997 ], [ -105.201443969482995, 40.0791350271369 ], [ -105.197504932420998, 40.0825565997648 ], [ -105.197405070304001, 40.082629999651701 ], [ -105.197446533843006, 40.077182993080797 ], [ -105.197411292934007, 40.077034054753398 ], [ -105.197462595719998, 40.076247531832799 ], [ -105.197188061586004, 40.0761124587005 ], [ -105.197345693461003, 40.075677042203601 ], [ -105.197375915481999, 40.0755951998961 ], [ -105.197453315225005, 40.075456133805702 ], [ -105.197745968378001, 40.075032725300197 ], [ -105.197805335340007, 40.074950773610198 ], [ -105.198012831797996, 40.074812047839103 ], [ -105.197606259690005, 40.074634030201999 ], [ -105.197378667020999, 40.074495803524101 ], [ -105.197847766364006, 40.0740399030921 ], [ -105.197853455395006, 40.073718781483699 ] ] ] } },
{ "type": "Feature", "properties": { "OBJECTID_1": 19, "OBJECTID": 19, "area_name": "Jamestown", "area_code": 147, "SchType": "Elementary", "SchType2": "Neighborhood", "resident_students_gis": 22, "Shape_Leng": 143397.808227, "State_CD": 4386, "Key_ID": 19, "Yld": 0.06, "neighborhood_flag": " ", "capacity_gis": 19, "enrollment_gis": 21, "Perc_Cap": 1.11, "SHAPE__Area": 107100501.07421875, "SHAPE__Length": 57140.394702027566 }, "geometry": { "type": "Polygon", "coordinates": [ [ [ -105.356554354709004, 40.130657157919799 ], [ -105.356701399936995, 40.123550205632903 ], [ -105.347583440514995, 40.123633280968001 ], [ -105.338347744298005, 40.123862807461997 ], [ -105.328556753589993, 40.1238058813259 ], [ -105.328654981670994, 40.116262921207301 ], [ -105.328560412428004, 40.106620979883601 ], [ -105.328589805304006, 40.1054348068525 ], [ -105.32859847764, 40.101989825852897 ], [ -105.328911565669003, 40.101989486415398 ], [ -105.334672457992994, 40.101983083139203 ], [ -105.334858690429002, 40.1018378105815 ], [ -105.334926259908002, 40.1018381465841 ], [ -105.33781667737, 40.0995497691408 ], [ -105.342618563331001, 40.095009994761902 ], [ -105.345117434803996, 40.092647114226601 ], [ -105.347131202550003, 40.0907479344813 ], [ -105.348019213258993, 40.089902977767103 ], [ -105.350938639117999, 40.0871418561211 ], [ -105.353644286600002, 40.087163156690004 ], [ -105.356775599881999, 40.087209428515401 ], [ -105.362736320644004, 40.0777643710178 ], [ -105.362764574455994, 40.0777195967285 ], [ -105.363032071188002, 40.077667189897298 ], [ -105.371626446649003, 40.075983033527301 ], [ -105.371970404384996, 40.075915613587497 ], [ -105.373555479008999, 40.075605573939796 ], [ -105.376461266644995, 40.075037141110499 ], [ -105.377235250601998, 40.074885719346597 ], [ -105.378856705198004, 40.074568480709701 ], [ -105.381001812926002, 40.074148748408398 ], [ -105.382692402765002, 40.073822511646298 ], [ -105.383516727412996, 40.0736595428775 ], [ -105.383589787394996, 40.073657456598703 ], [ -105.383842996422004, 40.0736272925054 ], [ -105.391993856558997, 40.072655998261702 ], [ -105.401795699814002, 40.071537962268003 ], [ -105.41106150217, 40.070519664903202 ], [ -105.427264713189999, 40.068250290437099 ], [ -105.429887645598001, 40.067909488984803 ], [ -105.447358714556003, 40.0644246921945 ], [ -105.459008621421006, 40.061464726388998 ], [ -105.462380278058006, 40.060621121665598 ], [ -105.466828738039993, 40.059483250346901 ], [ -105.467083429287996, 40.059433949585703 ], [ -105.478894468761993, 40.057326949333202 ], [ -105.491361213714995, 40.054835046888101 ], [ -105.492146617954006, 40.054488044247698 ], [ -105.499050713494995, 40.051437333407698 ], [ -105.499216564055999, 40.051364040867497 ], [ -105.503992624351, 40.057073017760501 ], [ -105.504101322297004, 40.057178250178502 ], [ -105.506747339610001, 40.059739794554801 ], [ -105.512609308573005, 40.065413715933197 ], [ -105.512976913561005, 40.065769487509797 ], [ -105.512294748204994, 40.0657436029636 ], [ -105.504731554249005, 40.065456352658899 ], [ -105.494644845335998, 40.065366043315201 ], [ -105.493839740143997, 40.065593553388297 ], [ -105.493729359653003, 40.065626609862399 ], [ -105.492059929630997, 40.066126554507903 ], [ -105.492059893697999, 40.066126565507602 ], [ -105.492059856867002, 40.066126575819801 ], [ -105.489446166326999, 40.066889754861798 ], [ -105.489363216792, 40.066914224837198 ], [ -105.489343153818993, 40.066920143305801 ], [ -105.489323092641996, 40.066926061086399 ], [ -105.489232298119006, 40.066952845086902 ], [ -105.485587520397999, 40.068027963086202 ], [ -105.476075946167001, 40.071135373718903 ], [ -105.467328795124004, 40.072971426911302 ], [ -105.467139297312002, 40.073011194456299 ], [ -105.466945933150001, 40.073104685318903 ], [ -105.457645807066001, 40.077600565533601 ], [ -105.448928300426999, 40.081811965013202 ], [ -105.448738161218003, 40.081903807276902 ], [ -105.448577978128, 40.081981179904503 ], [ -105.448138997499996, 40.0821843940655 ], [ -105.448126821733993, 40.082190030093201 ], [ -105.448124131279997, 40.082191275517701 ], [ -105.448117337322003, 40.082194420008499 ], [ -105.448048982714994, 40.0822260635437 ], [ -105.447891972475006, 40.0822917060134 ], [ -105.445893014354994, 40.083127397406898 ], [ -105.444362849252997, 40.083767054084703 ], [ -105.444346323844997, 40.083773962181901 ], [ -105.444329793945002, 40.083780862030601 ], [ -105.443683660016006, 40.084050578282103 ], [ -105.439224616982003, 40.085911745726001 ], [ -105.435689475046999, 40.087140799099203 ], [ -105.433312538196006, 40.091695104732501 ], [ -105.432119950993993, 40.094116753329402 ], [ -105.428653611027002, 40.101008328994297 ], [ -105.428310471656999, 40.101606029498001 ], [ -105.428222051381994, 40.1017600434404 ], [ -105.427501623184995, 40.103014883030198 ], [ -105.425448154395994, 40.1063140901583 ], [ -105.422565984366997, 40.111049828990197 ], [ -105.421576123568997, 40.112676117070102 ], [ -105.420511740330994, 40.114605012801299 ], [ -105.419790448854002, 40.115853220348598 ], [ -105.419363635007997, 40.1165918034553 ], [ -105.418992560727006, 40.117233919580002 ], [ -105.416364209681007, 40.121781698749601 ], [ -105.414551707678996, 40.124909238648797 ], [ -105.414472175335007, 40.125047362949601 ], [ -105.414472155572, 40.125047397980801 ], [ -105.414472134910994, 40.125047433012099 ], [ -105.413336703918006, 40.127019295827402 ], [ -105.410832211685005, 40.131974700386699 ], [ -105.408292797445995, 40.137862728064299 ], [ -105.407536107854995, 40.1397888057774 ], [ -105.406768103982003, 40.141569227113301 ], [ -105.406690621593995, 40.141748846889499 ], [ -105.406257579728006, 40.142752691859698 ], [ -105.406168312342004, 40.142971637568699 ], [ -105.406133585269998, 40.1430960542381 ], [ -105.406132499207004, 40.143099943736097 ], [ -105.406132065319994, 40.143101498436401 ], [ -105.392315651060002, 40.143447519334103 ], [ -105.374912116546994, 40.145065165128202 ], [ -105.356748405182998, 40.145145388460001 ], [ -105.356623481865995, 40.135462920207097 ], [ -105.356588019073996, 40.1334858587486 ], [ -105.356554354709004, 40.130657157919799 ] ] ] } },
{ "type": "Feature", "properties": { "OBJECTID_1": 20, "OBJECTID": 20, "area_name": "Kohl", "area_code": 150, "SchType": "Elementary", "SchType2": "Neighborhood", "resident_students_gis": 352, "Shape_Leng": 25041.433383, "State_CD": 4792, "Key_ID": 20, "Yld": 0.0, "neighborhood_flag": " ", "capacity_gis": 521, "enrollment_gis": 449, "Perc_Cap": 0.86, "SHAPE__Area": 6078277.37890625, "SHAPE__Length": 9963.5260591543065 }, "geometry": { "type": "Polygon", "coordinates": [ [ [ -105.088713541860002, 39.922094624638198 ], [ -105.090743885319, 39.922101857755102 ], [ -105.090752084241998, 39.923019749174998 ], [ -105.090746590145997, 39.923936376530698 ], [ -105.090736101416994, 39.925686071132702 ], [ -105.090736109502004, 39.925687295304002 ], [ -105.090755386449004, 39.9286555357765 ], [ -105.090707600567995, 39.928655365626099 ], [ -105.090708854615997, 39.9288920292311 ], [ -105.090722156869006, 39.931402287023303 ], [ -105.090680747229001, 39.932633411225503 ], [ -105.090670386959005, 39.934361242503002 ], [ -105.090670306109999, 39.942232313565803 ], [ -105.090664023293002, 39.9432799711727 ], [ -105.090663972089004, 39.9432885388579 ], [ -105.090577361919003, 39.943288230999798 ], [ -105.071910536504006, 39.943220378897898 ], [ -105.071909548356999, 39.943220375454302 ], [ -105.071856368092, 39.943076383648197 ], [ -105.071835476871996, 39.938917993029399 ], [ -105.071835423870994, 39.938907310978102 ], [ -105.071833321813997, 39.9384890201232 ], [ -105.071816265500999, 39.932688249479497 ], [ -105.071840004381002, 39.928903477486301 ], [ -105.071840520014007, 39.9288211993522 ], [ -105.071848784514998, 39.927503412418801 ], [ -105.071863739666995, 39.925118703586598 ], [ -105.072037728067002, 39.925105256877998 ], [ -105.072519545757004, 39.925107045960701 ], [ -105.073578212116004, 39.924990299432501 ], [ -105.074165329427004, 39.924898389827398 ], [ -105.074323168812001, 39.9248809811778 ], [ -105.074715353502, 39.924807031224198 ], [ -105.075970931469001, 39.924576783773503 ], [ -105.076008899662995, 39.924563107551698 ], [ -105.076035042434995, 39.924558177718097 ], [ -105.076521687671999, 39.9243783969982 ], [ -105.076717066754995, 39.924308018508803 ], [ -105.077934304625998, 39.923890135824998 ], [ -105.078869863163007, 39.923653827632997 ], [ -105.079193614195006, 39.923582406753297 ], [ -105.079584508005993, 39.923475976959097 ], [ -105.081269708852005, 39.923087779758099 ], [ -105.081991082974, 39.922852838382397 ], [ -105.082234842622995, 39.922797496910697 ], [ -105.083427599605997, 39.922612920757601 ], [ -105.085074649899994, 39.922377523746903 ], [ -105.085511226636001, 39.9223211856958 ], [ -105.086147902204004, 39.922249993529398 ], [ -105.087698123093006, 39.9221321343244 ], [ -105.088713541860002, 39.922094624638198 ] ] ] } },
{ "type": "Feature", "properties": { "OBJECTID_1": 21, "OBJECTID": 21, "area_name": "Meadowlark", "area_code": 153, "SchType": "Elementary", "SchType2": "Neighborhood", "resident_students_gis": 0, "Shape_Leng": 90148.101817500006, "State_CD": 2639, "Key_ID": 21, "Yld": 0.0, "neighborhood_flag": "Erie", "capacity_gis": 0, "enrollment_gis": 0, "Perc_Cap": 0.0, "SHAPE__Area": 34412831.93359375, "SHAPE__Length": 35919.011186557924 }, "geometry": { "type": "Polygon", "coordinates": [ [ [ -105.102821569024002, 40.014741877680102 ], [ -105.102922495643995, 40.014737655418799 ], [ -105.102923027447005, 40.015000127938897 ], [ -105.102917650131005, 40.016592713819001 ], [ -105.102928904224996, 40.019508880699597 ], [ -105.102892966224005, 40.020039132004598 ], [ -105.102819030385007, 40.021200052688499 ], [ -105.102784889014004, 40.021736122436899 ], [ -105.102709136781002, 40.022970931063298 ], [ -105.102663146631997, 40.028437899428397 ], [ -105.102672030969998, 40.029031124129702 ], [ -105.102734351593, 40.030072150259898 ], [ -105.102803798550994, 40.030975688130397 ], [ -105.102879908313, 40.0319659167656 ], [ -105.102967046692001, 40.032930581362599 ], [ -105.103049413221001, 40.033897791648002 ], [ -105.103109155678993, 40.034913957348699 ], [ -105.103081257599001, 40.035892498318901 ], [ -105.103033986452004, 40.036598980424799 ], [ -105.102954190901997, 40.037521380616603 ], [ -105.102906167865001, 40.038191019513299 ], [ -105.102866390464996, 40.038745673790999 ], [ -105.102764344543004, 40.040045788244697 ], [ -105.107512244451001, 40.040109210058802 ], [ -105.109501927465004, 40.040122621773598 ], [ -105.111495128282002, 40.040136029359203 ], [ -105.112259514639007, 40.040141161998299 ], [ -105.112259568537993, 40.040152783507601 ], [ -105.112259569436006, 40.040153139071599 ], [ -105.112288678444003, 40.046542823280198 ], [ -105.112288679342996, 40.046543178810801 ], [ -105.112226318295995, 40.057502847046102 ], [ -105.112226320092006, 40.057503203207098 ], [ -105.112263793314, 40.0611497277891 ], [ -105.112263795111005, 40.061150083243497 ], [ -105.112259785031995, 40.061854761499497 ], [ -105.112259784133002, 40.061855116950298 ], [ -105.112235583518995, 40.069410767853697 ], [ -105.112235579925994, 40.069411123952499 ], [ -105.112220451398997, 40.070137524489603 ], [ -105.112220451398997, 40.070137879897104 ], [ -105.112231579728004, 40.070659917278199 ], [ -105.112231586915001, 40.0706602733704 ], [ -105.112237854461, 40.070954282578903 ], [ -105.112237859849998, 40.070954637982197 ], [ -105.112241257278995, 40.071351528806602 ], [ -105.112241259973999, 40.0713518848953 ], [ -105.112255796512002, 40.073050120584902 ], [ -105.112255788427007, 40.073050476664697 ], [ -105.111922644610004, 40.0795308062755 ], [ -105.111922626644002, 40.079531161634002 ], [ -105.111905406838005, 40.079866084507302 ], [ -105.111905405041995, 40.079866440551498 ], [ -105.102855333101999, 40.07997360425 ], [ -105.102296872048996, 40.080138532639701 ], [ -105.093290436673001, 40.080062659072802 ], [ -105.083948803032001, 40.0803408243927 ], [ -105.082131394431997, 40.080356506032103 ], [ -105.079814449769003, 40.0803647802176 ], [ -105.079814451565994, 40.080364424863298 ], [ -105.079806868887005, 40.079246848783903 ], [ -105.074398506921, 40.079238159303102 ], [ -105.074398509616003, 40.079237803255602 ], [ -105.074428171986995, 40.077079241229299 ], [ -105.074428176479003, 40.077078885858 ], [ -105.074477935958996, 40.073338230437898 ], [ -105.074477940449995, 40.073337874359702 ], [ -105.074460452946994, 40.069799745553098 ], [ -105.074460452048001, 40.0697993894563 ], [ -105.074470305668996, 40.066109278069199 ], [ -105.083989759022998, 40.0659567653557 ], [ -105.090821785423003, 40.0658236909591 ], [ -105.090821788118006, 40.065823335528997 ], [ -105.090835729073007, 40.063501969188998 ], [ -105.090835730869998, 40.063501613746801 ], [ -105.090997371925994, 40.058554834122802 ], [ -105.090997382704998, 40.058554478654798 ], [ -105.091031993895001, 40.054986116482603 ], [ -105.091031996590004, 40.054985760995997 ], [ -105.091144536629997, 40.051620449923298 ], [ -105.093428480781995, 40.051364912096602 ], [ -105.093428404424998, 40.0513645648427 ], [ -105.093197304734005, 40.050309667378002 ], [ -105.093197383786006, 40.050309659126299 ], [ -105.093949766853001, 40.050231206676301 ], [ -105.093949432680006, 40.050230885547002 ], [ -105.093333224328006, 40.049640987809802 ], [ -105.093333452500005, 40.049640848904701 ], [ -105.093730448567001, 40.049399056684202 ], [ -105.093730217699999, 40.049398843512201 ], [ -105.093389321421995, 40.049083553958297 ], [ -105.093376855501006, 40.048961845189197 ], [ -105.093231920414993, 40.0489309178651 ], [ -105.093193432994994, 40.048748284423901 ], [ -105.093193434791999, 40.048747928904803 ], [ -105.093211407384999, 40.045737135897497 ], [ -105.093211409182004, 40.045736780362702 ], [ -105.093235609795997, 40.043891966954 ], [ -105.074527383724003, 40.044290874980803 ], [ -105.07452738552, 40.044290519438398 ], [ -105.074515030092002, 40.039931156761199 ], [ -105.074515029194004, 40.0399308011961 ], [ -105.074533444657007, 40.036980839874502 ], [ -105.074533446453998, 40.036980484293998 ], [ -105.074541646274994, 40.033553961219603 ], [ -105.074541647174001, 40.0335536056213 ], [ -105.074526192557997, 40.029691026645899 ], [ -105.055495800979998, 40.0295077356677 ], [ -105.055495803675001, 40.029507380048202 ], [ -105.055327131506004, 40.014925795880899 ], [ -105.055327127913003, 40.014925440185401 ], [ -105.055325425605005, 40.0147782440188 ], [ -105.055471880640994, 40.014768995227897 ], [ -105.055525855914993, 40.014768961515799 ], [ -105.055525593607001, 40.014809330625098 ], [ -105.055525590911998, 40.014809687009198 ], [ -105.058287189961007, 40.014829036322901 ], [ -105.074489844924997, 40.014941227696497 ], [ -105.093222186271007, 40.014708773823699 ], [ -105.102796577891993, 40.014742147376403 ], [ -105.102821567226997, 40.014742233376502 ], [ -105.102821569024002, 40.014741877680102 ] ] ] } },
{ "type": "Feature", "properties": { "OBJECTID_1": 22, "OBJECTID": 22, "area_name": "Louisville", "area_code": 157, "SchType": "Elementary", "SchType2": "Neighborhood", "resident_students_gis": 376, "Shape_Leng": 52880.394649900001, "State_CD": 5302, "Key_ID": 22, "Yld": 0.15, "neighborhood_flag": " ", "capacity_gis": 572, "enrollment_gis": 522, "Perc_Cap": 0.91, "SHAPE__Area": 11992043.19140625, "SHAPE__Length": 21049.47359125366 }, "geometry": { "type": "Polygon", "coordinates": [ [ [ -105.139680919265999, 40.000172899368401 ], [ -105.138347083664996, 40.000148204496 ], [ -105.138152016296999, 40.000147592732397 ], [ -105.137748961992003, 40.0001463272283 ], [ -105.137270275828001, 40.000146499953502 ], [ -105.133864219106002, 40.000147675310103 ], [ -105.133866977832, 40.000145573018102 ], [ -105.133867176359999, 40.000144535291 ], [ -105.133867243732993, 40.0001441795185 ], [ -105.133869176907993, 40.0001340720003 ], [ -105.133875695083006, 40.000099985264796 ], [ -105.133876154122007, 40.000097586379297 ], [ -105.133887241129997, 40.000039615353103 ], [ -105.133889162626005, 40.000039410972903 ], [ -105.133889242576004, 40.0000394020269 ], [ -105.133891244921003, 40.000039188700697 ], [ -105.134014795612003, 40.000026014086103 ], [ -105.134255090459007, 39.999842727373299 ], [ -105.134257824930003, 39.9998386259931 ], [ -105.134258049509, 39.9998382894873 ], [ -105.134297925724994, 39.999778469865603 ], [ -105.134301370764007, 39.999778480876103 ], [ -105.134301457899994, 39.999778480876103 ], [ -105.134324918301999, 39.999745973960003 ], [ -105.134326388844997, 39.999743942535297 ], [ -105.134336286481997, 39.999730278587599 ], [ -105.134351400637001, 39.999709413123 ], [ -105.134354856456, 39.999704640786298 ], [ -105.134360965897997, 39.999696206101703 ], [ -105.134361408768001, 39.999695595022203 ], [ -105.134362800258003, 39.999683045184 ], [ -105.134364167493999, 39.999670587555897 ], [ -105.134364232172999, 39.999669990239298 ], [ -105.134364611262001, 39.999666536400497 ], [ -105.134364674143995, 39.999665958352097 ], [ -105.134364948129999, 39.999663472744203 ], [ -105.134367320579997, 39.999641972782101 ], [ -105.134368417423005, 39.999632001443899 ], [ -105.134369569064006, 39.999621499538002 ], [ -105.134370038883006, 39.999617262578397 ], [ -105.134370414377997, 39.999613824564399 ], [ -105.134370532955998, 39.999612736594003 ], [ -105.134370709026001, 39.999611122186302 ], [ -105.134370718906993, 39.999611036167103 ], [ -105.134370757534995, 39.999610683144397 ], [ -105.134370830297996, 39.999597039814603 ], [ -105.134370832095001, 39.999596684039297 ], [ -105.134371596560996, 39.999454053755898 ], [ -105.134371589374993, 39.999453697979902 ], [ -105.134371391745006, 39.999444217268604 ], [ -105.134371384559003, 39.999443861492502 ], [ -105.134371332456993, 39.999441354543599 ], [ -105.134371325269996, 39.999440998767497 ], [ -105.134371301914001, 39.999439883268103 ], [ -105.134371293829005, 39.999439527491901 ], [ -105.134371248912998, 39.999437359115198 ], [ -105.134371240828003, 39.999437003338997 ], [ -105.134371227353995, 39.999436311055 ], [ -105.134371219268999, 39.999435955278798 ], [ -105.134371120454006, 39.999431232470101 ], [ -105.134371113268003, 39.9994308766938 ], [ -105.134371067453998, 39.999428675285401 ], [ -105.134371060267, 39.9994283195092 ], [ -105.134371038707002, 39.999427283147497 ], [ -105.134371031520999, 39.999426927371204 ], [ -105.134370868028, 39.999419061756797 ], [ -105.134370859943004, 39.999418705980503 ], [ -105.134370821315002, 39.999416814929702 ], [ -105.134370813230007, 39.999416459153402 ], [ -105.134370804246998, 39.999415996712997 ], [ -105.134370797060996, 39.999415640936803 ], [ -105.134370740467006, 39.999412990162398 ], [ -105.134370733279994, 39.999412634386097 ], [ -105.134370698246002, 39.999410941523898 ], [ -105.134370690161006, 39.999410585747597 ], [ -105.134370625482006, 39.999407021102698 ], [ -105.134370619194002, 39.999406669455297 ], [ -105.134371855276001, 39.999405952397296 ], [ -105.134411162858001, 39.999383500634899 ], [ -105.134424630401, 39.999375686627097 ], [ -105.134460067142001, 39.999355125219203 ], [ -105.136081532518006, 39.998234295123602 ], [ -105.136138667167003, 39.998194799818798 ], [ -105.136171592219, 39.998203420494001 ], [ -105.136187911014005, 39.998207693326201 ], [ -105.136204228910998, 39.9982119654698 ], [ -105.136261345592999, 39.998226918658702 ], [ -105.137225125604004, 39.998601339826003 ], [ -105.137294488120006, 39.998628286239899 ], [ -105.137294494409005, 39.998627930459499 ], [ -105.137295728693999, 39.998560292235602 ], [ -105.137295735880002, 39.998559936454903 ], [ -105.137317011579, 39.997394514676898 ], [ -105.137317018765998, 39.997394158890103 ], [ -105.137334566457, 39.996432885607398 ], [ -105.137334566457, 39.9964325298156 ], [ -105.137334227791996, 39.995491718173298 ], [ -105.137334227791996, 39.995491362376598 ], [ -105.137333860381005, 39.994470129301703 ], [ -105.137333860381005, 39.994469773499603 ], [ -105.137333837922995, 39.9944066141299 ], [ -105.137190403022998, 39.994221028861098 ], [ -105.137150466620994, 39.9941693547688 ], [ -105.137133600751, 39.994169340316397 ], [ -105.137116735779998, 39.9941693258641 ], [ -105.131264436283004, 39.994167391310803 ], [ -105.131195740316002, 39.994167367223497 ], [ -105.131189028104998, 39.994167364470698 ], [ -105.130949000057001, 39.994167292896996 ], [ -105.130932291392995, 39.994167288079602 ], [ -105.130582670677995, 39.994167182783798 ], [ -105.130490739787007, 39.994167155255397 ], [ -105.130064863781996, 39.994167025184097 ], [ -105.128287856013003, 39.994166823538997 ], [ -105.128284256463004, 39.994166820786198 ], [ -105.128264489933997, 39.994166814592297 ], [ -105.128185393273, 39.994166789128698 ], [ -105.128068704811994, 39.994166751277199 ], [ -105.128068706609, 39.994166493199103 ], [ -105.128024820313996, 39.994166381709398 ], [ -105.128017539468999, 39.994166380332999 ], [ -105.127964218168003, 39.994166363127697 ], [ -105.127958918108007, 39.994166361063101 ], [ -105.127954056426006, 39.994166358998498 ], [ -105.127951044374996, 39.994166358310302 ], [ -105.127950491910994, 39.994166358310302 ], [ -105.127944845998996, 39.9941663562456 ], [ -105.127944843303993, 39.994166712049299 ], [ -105.127944784015995, 39.994172238361102 ], [ -105.127944779524, 39.994172594164702 ], [ -105.127926092769002, 39.995847590380301 ], [ -105.127926088278002, 39.995847946175303 ], [ -105.127924814466994, 39.997476201770503 ], [ -105.127924813568995, 39.997476557556901 ], [ -105.127924787517003, 39.997509806717296 ], [ -105.127924787517003, 39.997510162503502 ], [ -105.127898667203993, 39.997510093686103 ], [ -105.124767337752999, 39.997501788107201 ], [ -105.124767337752999, 39.997501432320902 ], [ -105.124769115519001, 39.994175456422298 ], [ -105.124676435433003, 39.994174307114797 ], [ -105.122740429450999, 39.994150281076202 ], [ -105.122659204681995, 39.994149272162701 ], [ -105.122443079006999, 39.994146587461699 ], [ -105.122406106146997, 39.994146129114903 ], [ -105.122394594236994, 39.994145985967499 ], [ -105.122385436811001, 39.994145872413199 ], [ -105.122385430522002, 39.9941455166094 ], [ -105.122385390098003, 39.994143133343599 ], [ -105.122385383809998, 39.9941427775398 ], [ -105.122384147727999, 39.994070350443401 ], [ -105.122384141439994, 39.994069994639297 ], [ -105.122383671620995, 39.994042416026801 ], [ -105.122383665333004, 39.994042060222498 ], [ -105.122383633891999, 39.994040223391401 ], [ -105.122383627603995, 39.994039867586999 ], [ -105.122381869601, 39.993936929950799 ], [ -105.122381864210993, 39.993936574145998 ], [ -105.122381423137995, 39.993910698113197 ], [ -105.122381416850004, 39.993910342308197 ], [ -105.122381318034996, 39.993904591618502 ], [ -105.122381311747006, 39.993904235813503 ], [ -105.122361619778005, 39.992750609174301 ], [ -105.122361615285996, 39.992750253363297 ], [ -105.122358312181007, 39.992436030898702 ], [ -105.122358307688998, 39.992435675086099 ], [ -105.122358256485001, 39.992430758401802 ], [ -105.122266249237001, 39.9924300144298 ], [ -105.122254952023994, 39.992429923583998 ], [ -105.121261671339994, 39.9924218885483 ], [ -105.118526408199003, 39.992412870036802 ], [ -105.118526404606001, 39.9924125142241 ], [ -105.118526278841998, 39.992399719415303 ], [ -105.118526275248001, 39.992399363602502 ], [ -105.118526148586, 39.992386567414798 ], [ -105.118526144992998, 39.992386211601897 ], [ -105.118542794367997, 39.9915566449069 ], [ -105.118553023483997, 39.990569521589897 ], [ -105.118559238028993, 39.988883895125298 ], [ -105.118570189390994, 39.986892387794597 ], [ -105.117371886209, 39.9868990131922 ], [ -105.117380748987998, 39.9851846594904 ], [ -105.117384156298002, 39.985184670503102 ], [ -105.117384959391998, 39.985184673256299 ], [ -105.117392710055995, 39.984904310029499 ], [ -105.117392719937001, 39.984903954177597 ], [ -105.117403564400007, 39.984511626676699 ], [ -105.117403566196003, 39.984511270822701 ], [ -105.117396534183996, 39.984139402438799 ], [ -105.117396530590995, 39.984139046583003 ], [ -105.117402189079002, 39.983287100261201 ], [ -105.117402190874998, 39.9832867444009 ], [ -105.117402300470005, 39.983270322511999 ], [ -105.117402303164994, 39.983269966651498 ], [ -105.117402303164994, 39.983269888871597 ], [ -105.117402304961999, 39.983269533011203 ], [ -105.117402402878, 39.983254761705098 ], [ -105.117402405573003, 39.9832544065329 ], [ -105.117402425335996, 39.983251447453 ], [ -105.117402427132006, 39.983251091592599 ], [ -105.117304552088996, 39.983251562402202 ], [ -105.117303990642, 39.983251565155399 ], [ -105.114153554923007, 39.983266647581999 ], [ -105.114052705557995, 39.983266871973697 ], [ -105.113993617073007, 39.9800578124906 ], [ -105.113993610785002, 39.980057456613402 ], [ -105.113951052199994, 39.977745901177798 ], [ -105.113951045912003, 39.977745545288698 ], [ -105.113941600127006, 39.977232459236603 ], [ -105.113941599227999, 39.977232103344797 ], [ -105.113950037104004, 39.976698557415702 ], [ -105.113950042493997, 39.976698201521103 ], [ -105.113963801989001, 39.975828132035197 ], [ -105.113963813666999, 39.9758277761361 ], [ -105.114078523139, 39.973451856618198 ], [ -105.114078541105002, 39.973451501395097 ], [ -105.114086063597, 39.973295675983898 ], [ -105.114086073479001, 39.9732953200715 ], [ -105.114086086054996, 39.973295225069798 ], [ -105.114086928674993, 39.973289372823999 ], [ -105.114087016710002, 39.973288756689399 ], [ -105.114112235115002, 39.973112792550403 ], [ -105.114122821761001, 39.973040108405399 ], [ -105.114174721926005, 39.972683812405201 ], [ -105.114173994290994, 39.972690057104899 ], [ -105.114179548574, 39.972651924568098 ], [ -105.114185590643004, 39.972610447639802 ], [ -105.114187572326003, 39.972596845729697 ], [ -105.114191402743003, 39.972570549935 ], [ -105.114192607383004, 39.972562280563899 ], [ -105.114194113858005, 39.972551937652902 ], [ -105.114194636677993, 39.972548353018702 ], [ -105.114195162192004, 39.972544744977903 ], [ -105.114195225971997, 39.972544307827398 ], [ -105.114195278075002, 39.972543952599501 ], [ -105.114196290476002, 39.972543967744897 ], [ -105.114196548292995, 39.972543971187001 ], [ -105.114213798641003, 39.972544198367601 ], [ -105.114231109176004, 39.972544426925097 ], [ -105.114234864134005, 39.972544476491798 ], [ -105.114245791241004, 39.972544619684399 ], [ -105.114258824, 39.972544791790902 ], [ -105.114266587239996, 39.972544894366401 ], [ -105.114272770344002, 39.972544974912203 ], [ -105.114290372832002, 39.972545206911803 ], [ -105.114305021660002, 39.9725454003595 ], [ -105.114337098701995, 39.972545822364701 ], [ -105.114370053398005, 39.972546256073102 ], [ -105.114409823611993, 39.972546779276797 ], [ -105.114430509117994, 39.972547051205197 ], [ -105.114451162284993, 39.972547002326898 ], [ -105.124446460431997, 39.9725230409665 ], [ -105.128785342119002, 39.972537097941 ], [ -105.128906360458998, 39.972537487590202 ], [ -105.128907032398999, 39.9725378455718 ], [ -105.128907036889998, 39.972537489655402 ], [ -105.128908210988001, 39.972477236509597 ], [ -105.128908218174999, 39.972476880593 ], [ -105.128908981742995, 39.972437551451101 ], [ -105.128908988031, 39.972437207237498 ], [ -105.128828512455996, 39.972144194124098 ], [ -105.128765929525002, 39.971830720898701 ], [ -105.128472812840997, 39.970362514543098 ], [ -105.127291801330998, 39.968814317155903 ], [ -105.126726356774995, 39.967490564358997 ], [ -105.126484407231004, 39.966924123797597 ], [ -105.125897553127999, 39.965492235623401 ], [ -105.125883479221997, 39.965414074636698 ], [ -105.125835269335994, 39.965146338637098 ], [ -105.125835201064007, 39.9651463283097 ], [ -105.125832547439998, 39.9651315950846 ], [ -105.125829895614004, 39.9651168611679 ], [ -105.125829962089, 39.965116862544903 ], [ -105.125830117497003, 39.965116507966897 ], [ -105.126057586198996, 39.9651191490562 ], [ -105.127192708172004, 39.965132321452899 ], [ -105.127980810950007, 39.965155782110202 ], [ -105.131703501353002, 39.965167739985198 ], [ -105.132709818387994, 39.965174861832402 ], [ -105.142323901173, 39.965242093850797 ], [ -105.142328885924002, 39.965242483541601 ], [ -105.142330060022005, 39.965242122079303 ], [ -105.146862869114997, 39.9652191929735 ], [ -105.146874186090997, 39.965219135828001 ], [ -105.146874182497001, 39.965219491093897 ], [ -105.146873326402996, 39.965291751865998 ], [ -105.146872728125004, 39.965291768390003 ], [ -105.146865812894006, 39.965291801437999 ], [ -105.146858298485995, 39.965291846878898 ], [ -105.146858296689999, 39.965292202832899 ], [ -105.146857923889002, 39.965364333402 ], [ -105.146857922091996, 39.965364689355702 ], [ -105.146857835853993, 39.965381329670599 ], [ -105.146857834057002, 39.965381685624102 ], [ -105.146846691354995, 39.967534554579501 ], [ -105.146846687760998, 39.967534910521898 ], [ -105.146838313665995, 39.968240103728697 ], [ -105.146838309174996, 39.968240458978897 ], [ -105.146831559234002, 39.9688089003239 ], [ -105.146831556538999, 39.968809255571202 ], [ -105.146829833569996, 39.969239674129099 ], [ -105.146829831773005, 39.969240030062601 ], [ -105.146827108980006, 39.969920643076399 ], [ -105.146827106285002, 39.969920999006298 ], [ -105.146824257727005, 39.970632915050899 ], [ -105.146824255032001, 39.970633270288602 ], [ -105.146820330292996, 39.9716142138099 ], [ -105.146820328496005, 39.971614569731003 ], [ -105.146818123131993, 39.972165674516098 ], [ -105.146818121335002, 39.972166030434401 ], [ -105.146818079114993, 39.972176691458301 ], [ -105.146818077318002, 39.972177047376498 ], [ -105.146818051267005, 39.972183577132398 ], [ -105.146818049469999, 39.9721839323621 ], [ -105.146817976706998, 39.972202396732101 ], [ -105.146817974909993, 39.972202752650098 ], [ -105.146817903943003, 39.972220551992301 ], [ -105.146817901247999, 39.972220907910199 ], [ -105.146817860824001, 39.972230988579803 ], [ -105.146817859026996, 39.9722313444977 ], [ -105.146817763805998, 39.972255416109 ], [ -105.146817762008993, 39.972255772026799 ], [ -105.146817607499003, 39.9722947274566 ], [ -105.146817605701997, 39.972295083374199 ], [ -105.146817586837997, 39.972299673127203 ], [ -105.146817584142994, 39.972300029044803 ], [ -105.146817547311997, 39.972309220253202 ], [ -105.146817545515006, 39.972309575482299 ], [ -105.146817463768997, 39.972328958870001 ], [ -105.146817461972006, 39.9723293140989 ], [ -105.146817453886996, 39.972331852333703 ], [ -105.146817452090005, 39.972332208251103 ], [ -105.146817406276, 39.972344815435299 ], [ -105.146817404480004, 39.9723451713527 ], [ -105.146817345190996, 39.972360011794599 ], [ -105.146817343394005, 39.972360367711801 ], [ -105.146817229307999, 39.972389066199803 ], [ -105.146817227512003, 39.972389422116898 ], [ -105.146817135882998, 39.972412310954297 ], [ -105.146817134087001, 39.9724126668712 ], [ -105.146817040662, 39.9724360004247 ], [ -105.146817038864995, 39.972436356341603 ], [ -105.146816953525004, 39.972457904796002 ], [ -105.146816951728994, 39.972458260024297 ], [ -105.146816894237006, 39.972472767931599 ], [ -105.14681689244, 39.972473123848303 ], [ -105.146816887948006, 39.972474378850301 ], [ -105.146816886151996, 39.972474734766898 ], [ -105.146819051989993, 39.972474752666002 ], [ -105.147437884320993, 39.972479858038596 ], [ -105.147435520854003, 39.972937276809603 ], [ -105.147435519056998, 39.972937632723799 ], [ -105.147203416845997, 39.973277733042202 ], [ -105.147093222305998, 39.973434887139298 ], [ -105.146781487140004, 39.973842306298302 ], [ -105.14678144941, 39.973842355175599 ], [ -105.146810622198998, 39.9740924813118 ], [ -105.146810238618997, 39.974166561120903 ], [ -105.146810242211998, 39.974166917028697 ], [ -105.146817517667003, 39.974490592049897 ], [ -105.146817520362006, 39.974490947956099 ], [ -105.146782396234997, 39.974597239893399 ], [ -105.146680070038997, 39.974841293618702 ], [ -105.146533659021003, 39.9752661497944 ], [ -105.146533555714996, 39.975266450624602 ], [ -105.146589004226001, 39.975296566681301 ], [ -105.146705356715998, 39.975386798432602 ], [ -105.146758618728001, 39.975483474144198 ], [ -105.146756193276005, 39.975951889146799 ], [ -105.146756191479994, 39.975952245045399 ], [ -105.146800457761998, 39.976055788031303 ], [ -105.146853180784007, 39.976255858852298 ], [ -105.146840518131995, 39.976972429835001 ], [ -105.146840511844005, 39.976972785039798 ], [ -105.146827881530996, 39.9776824516834 ], [ -105.146827877937994, 39.977682807572897 ], [ -105.146756089071999, 39.977703268118901 ], [ -105.146758546862003, 39.978265186263002 ], [ -105.146758547760996, 39.978265542149501 ], [ -105.146749962561003, 39.979923482161098 ], [ -105.146749960765007, 39.979923838038999 ], [ -105.146749946392006, 39.979926699517002 ], [ -105.146749943697003, 39.979927055394803 ], [ -105.146749929324002, 39.979929915496001 ], [ -105.146749931119999, 39.979930271373803 ], [ -105.146750267089999, 39.979973917673 ], [ -105.146750268887004, 39.979974273550702 ], [ -105.146764303267005, 39.981798923687897 ], [ -105.146764304165004, 39.981799279556 ], [ -105.146761252588007, 39.987015331280801 ], [ -105.146761251689995, 39.987015687121698 ], [ -105.146472126220999, 39.987017025138499 ], [ -105.144367766971996, 39.987042923743097 ], [ -105.138008258902005, 39.987023129495903 ], [ -105.133932586289006, 39.9870102593433 ], [ -105.133355765467996, 39.987010701907501 ], [ -105.133204920365998, 39.987007946033103 ], [ -105.133041551849999, 39.987007426381403 ], [ -105.132134204005993, 39.987004534227303 ], [ -105.132134947810997, 39.987006866809502 ], [ -105.132135693411996, 39.987009198703298 ], [ -105.132149256176007, 39.987051679352298 ], [ -105.132525679924996, 39.988230634155798 ], [ -105.133107108204001, 39.988943309268898 ], [ -105.133606762843002, 39.989546628492903 ], [ -105.134463202261998, 39.9906054451884 ], [ -105.136620949287007, 39.993249953367197 ], [ -105.137069807789999, 39.993814429054702 ], [ -105.137598186060004, 39.994462958891802 ], [ -105.138976178350006, 39.996211717608404 ], [ -105.142073220903001, 40.000105866869099 ], [ -105.142116249306994, 40.000159965631397 ], [ -105.142119845262997, 40.000164486762401 ], [ -105.142120066247998, 40.000164764085902 ], [ -105.142092043302995, 40.000174627995399 ], [ -105.142090962629993, 40.000175007852903 ], [ -105.142087957765, 40.000176066224 ], [ -105.142077336984002, 40.000179804242002 ], [ -105.142065759496006, 40.000183878763899 ], [ -105.142061275106002, 40.000183899408299 ], [ -105.142060428893004, 40.000183902849002 ], [ -105.141962364305002, 40.000184343951602 ], [ -105.141961033002005, 40.000184349456802 ], [ -105.140670360550999, 40.000190129896197 ], [ -105.140623484662996, 40.000190339781199 ], [ -105.139680919265999, 40.000172899368401 ] ] ] } },
{ "type": "Feature", "properties": { "OBJECTID_1": 23, "OBJECTID": 24, "area_name": "Monarch (K-5)", "area_code": 502, "SchType": "Elementary", "SchType2": "Neighborhood", "resident_students_gis": 336, "Shape_Leng": 92811.894546099997, "State_CD": 6000, "Key_ID": 24, "Yld": 0.23, "neighborhood_flag": " ", "capacity_gis": 423, "enrollment_gis": 369, "Perc_Cap": 0.87, "SHAPE__Area": 32612388.2890625, "SHAPE__Length": 36916.490433929735 }, "geometry": { "type": "Polygon", "coordinates": [ [ [ -105.114196290476002, 39.972543967744897 ], [ -105.114142163387001, 39.972483695328897 ], [ -105.110716963564997, 39.972472177261501 ], [ -105.109372765897007, 39.972452418721701 ], [ -105.109372190076996, 39.972320036151203 ], [ -105.109340673583006, 39.965073582678897 ], [ -105.109388158529001, 39.962113016040803 ], [ -105.109456258912005, 39.957866839564197 ], [ -105.109463254991994, 39.956644336666798 ], [ -105.109463787693002, 39.956551277625302 ], [ -105.111846105452997, 39.955872932639501 ], [ -105.114377993606993, 39.955023442073198 ], [ -105.117357037955998, 39.953946583245603 ], [ -105.119966930418997, 39.9524108343169 ], [ -105.121089882915001, 39.951735888687097 ], [ -105.121547396685003, 39.951480546953299 ], [ -105.122168559247001, 39.951087532449598 ], [ -105.122427750154998, 39.950931738010802 ], [ -105.124888462094006, 39.949452589749299 ], [ -105.125119683956996, 39.949246736994297 ], [ -105.125222495242994, 39.9491832328114 ], [ -105.125994881994998, 39.948467553659697 ], [ -105.126232760373995, 39.948255768486597 ], [ -105.126247226843006, 39.948233731711603 ], [ -105.126464287664007, 39.948032602339403 ], [ -105.127354169564001, 39.946677056872602 ], [ -105.127399242533002, 39.946478887039099 ], [ -105.127506753804994, 39.946315111893099 ], [ -105.127565474877997, 39.945748006937698 ], [ -105.127670622682004, 39.9452856914113 ], [ -105.127691313577998, 39.944532671063399 ], [ -105.127820542519999, 39.943284551853999 ], [ -105.127914008632004, 39.938584828504702 ], [ -105.128069855554003, 39.935294247856099 ], [ -105.128072128292004, 39.935246251490099 ], [ -105.128179820124998, 39.935294086676699 ], [ -105.133720889309004, 39.937755110151201 ], [ -105.137505523041995, 39.9395081508762 ], [ -105.137575337410993, 39.939540486022501 ], [ -105.137574568453005, 39.939429852744198 ], [ -105.137533227085001, 39.933477205017198 ], [ -105.137557237256004, 39.9289549143584 ], [ -105.137557522021993, 39.928901318582099 ], [ -105.137617140512006, 39.928901505953498 ], [ -105.142461020916002, 39.928916644458603 ], [ -105.143278986390001, 39.928919180171597 ], [ -105.146986460229996, 39.928978986049003 ], [ -105.146993720414002, 39.928970071450998 ], [ -105.147290106965002, 39.928954579570103 ], [ -105.147289630857998, 39.929046781319002 ], [ -105.147287901601004, 39.929381469193402 ], [ -105.147382681050004, 39.929615778526099 ], [ -105.147284783548997, 39.9299849814387 ], [ -105.147284315527003, 39.930075505818898 ], [ -105.147244808519005, 39.930135735019597 ], [ -105.147197840103999, 39.930312865075898 ], [ -105.146829769790003, 39.9308553966424 ], [ -105.146609426525004, 39.931274626893298 ], [ -105.146277482857997, 39.931705121199002 ], [ -105.145827521224007, 39.932436499161703 ], [ -105.145558456033001, 39.933351332802602 ], [ -105.145552624169994, 39.934474553111798 ], [ -105.145918197168996, 39.935619667027503 ], [ -105.146581886874003, 39.936594096857299 ], [ -105.145017937930007, 39.937275681575798 ], [ -105.145007527353997, 39.939277631910301 ], [ -105.146199487532002, 39.9393180063797 ], [ -105.146607540961, 39.939310770260398 ], [ -105.146629132868, 39.939332556445699 ], [ -105.146864899307005, 39.9393405398677 ], [ -105.147159169427994, 39.939913436636999 ], [ -105.147036964413005, 39.9439010298372 ], [ -105.147027683917997, 39.945695573057201 ], [ -105.148797032651004, 39.946854865170998 ], [ -105.149060249808997, 39.947027320563301 ], [ -105.149631814586996, 39.947020434421603 ], [ -105.151525551240994, 39.946997601130803 ], [ -105.155520406020997, 39.946974274046298 ], [ -105.164141529717995, 39.946885329822003 ], [ -105.163853847842006, 39.944939710807098 ], [ -105.163141899742001, 39.943162473251199 ], [ -105.171037910528, 39.9431648961748 ], [ -105.176123905764996, 39.943201677356697 ], [ -105.190020350034999, 39.943182707897599 ], [ -105.198789066035005, 39.943205968091597 ], [ -105.201111242484998, 39.943184518547 ], [ -105.203383168976004, 39.9432027056179 ], [ -105.203495996477002, 39.943203607843103 ], [ -105.203496258784995, 39.943265873746903 ], [ -105.203497307118994, 39.943515292862898 ], [ -105.203518826261003, 39.949995183069603 ], [ -105.203514172089996, 39.9503109394362 ], [ -105.203494196253004, 39.954908850947803 ], [ -105.203470015402004, 39.957223794624703 ], [ -105.194086352284998, 39.957519071007603 ], [ -105.194052638512005, 39.960781201451503 ], [ -105.194063492856003, 39.962139863240402 ], [ -105.194077418538996, 39.963044884901898 ], [ -105.194072568535006, 39.964173610554198 ], [ -105.194067127438998, 39.965662502115201 ], [ -105.194067339442, 39.966400473588898 ], [ -105.194059640879999, 39.968295791241999 ], [ -105.194042239615001, 39.969005784127802 ], [ -105.189630016772995, 39.967397471884702 ], [ -105.186839789312998, 39.966382904751597 ], [ -105.185460560042998, 39.965881360670103 ], [ -105.184411936849003, 39.965500021836398 ], [ -105.184467929739, 39.9654171143547 ], [ -105.184501269812998, 39.965318955836899 ], [ -105.184520308706993, 39.965262900993899 ], [ -105.176737467679999, 39.962218903780403 ], [ -105.174967187394003, 39.961547201558702 ], [ -105.174754939747004, 39.961469101473 ], [ -105.165889281155003, 39.958337361811601 ], [ -105.165650742514998, 39.959325785318498 ], [ -105.165448939578994, 39.960384305338103 ], [ -105.164938948026006, 39.961161849834298 ], [ -105.164663543424993, 39.961644286556101 ], [ -105.164333457474001, 39.961990778250197 ], [ -105.164062963063998, 39.962347183691698 ], [ -105.163467848951001, 39.962937858247699 ], [ -105.163461832932995, 39.964157554490797 ], [ -105.163398628368, 39.964157369970003 ], [ -105.163398611299996, 39.964160854521701 ], [ -105.163285405607994, 39.964157038796401 ], [ -105.161677820102, 39.964152330761401 ], [ -105.159294565398, 39.965060498399097 ], [ -105.158104634514999, 39.965171372512899 ], [ -105.157283846534995, 39.965178088144597 ], [ -105.156511178610003, 39.965250070118202 ], [ -105.152840801598003, 39.965239072026101 ], [ -105.149546077579004, 39.965273713187401 ], [ -105.149546105427007, 39.965268203816002 ], [ -105.147080179667, 39.9652899452444 ], [ -105.146890966620006, 39.965291610723703 ], [ -105.146879386438002, 39.9652917126216 ], [ -105.146873326402996, 39.965291751865998 ], [ -105.146874182497001, 39.965219491093897 ], [ -105.146874186090997, 39.965219135828001 ], [ -105.146862869114997, 39.9652191929735 ], [ -105.142330060022005, 39.965242122079303 ], [ -105.142328887721007, 39.965242128275797 ], [ -105.142323901173, 39.965242093850797 ], [ -105.132709818387994, 39.965174861832402 ], [ -105.131703501353002, 39.965167739985198 ], [ -105.127980810950007, 39.965155782110202 ], [ -105.127192708172004, 39.965132321452899 ], [ -105.126057586198996, 39.9651191490562 ], [ -105.125830117497003, 39.965116507966897 ], [ -105.12582989741, 39.965116505901499 ], [ -105.125829962089, 39.965116862544903 ], [ -105.125832550135001, 39.965131239129697 ], [ -105.125835202860003, 39.965145973043398 ], [ -105.125835269335994, 39.965146338637098 ], [ -105.125883479221997, 39.965414074636698 ], [ -105.125897553127999, 39.965492235623401 ], [ -105.126484407231004, 39.966924123797597 ], [ -105.126726356774995, 39.967490564358997 ], [ -105.127291801330998, 39.968814317155903 ], [ -105.128472812840997, 39.970362514543098 ], [ -105.128765929525002, 39.971830720898701 ], [ -105.128828512455996, 39.972144194124098 ], [ -105.128908988031, 39.972437207237498 ], [ -105.128908981742995, 39.972437551451101 ], [ -105.128908218174999, 39.972476880593 ], [ -105.128908210988001, 39.972477236509597 ], [ -105.128907036889998, 39.972537489655402 ], [ -105.128906360458998, 39.972537487590202 ], [ -105.128785342119002, 39.972537097941 ], [ -105.124446460431997, 39.9725230409665 ], [ -105.114451162284993, 39.972547002326898 ], [ -105.114430509117994, 39.972547051205197 ], [ -105.114409823611993, 39.972546779276797 ], [ -105.114370053398005, 39.972546256073102 ], [ -105.114337098701995, 39.972545822364701 ], [ -105.114305021660002, 39.9725454003595 ], [ -105.114290372832002, 39.972545206911803 ], [ -105.114272770344002, 39.972544974912203 ], [ -105.114266587239996, 39.972544894366401 ], [ -105.114258824, 39.972544791790902 ], [ -105.114245791241004, 39.972544619684399 ], [ -105.114234864134005, 39.972544476491798 ], [ -105.114231109176004, 39.972544426925097 ], [ -105.114213798641003, 39.972544198367601 ], [ -105.114196548292995, 39.972543971187001 ], [ -105.114196290476002, 39.972543967744897 ] ] ] } },
{ "type": "Feature", "properties": { "OBJECTID_1": 24, "OBJECTID": 25, "area_name": "Nederland", "area_code": 169, "SchType": "Elementary", "SchType2": "Neighborhood", "resident_students_gis": 320, "Shape_Leng": 460069.88904500002, "State_CD": 6208, "Key_ID": 25, "Yld": 0.07, "neighborhood_flag": " ", "capacity_gis": 405, "enrollment_gis": 265, "Perc_Cap": 0.61, "SHAPE__Area": 1079340308.859375, "SHAPE__Length": 183074.22010454928 }, "geometry": { "type": "Polygon", "coordinates": [ [ [ -105.420540228603997, 40.143660904658702 ], [ -105.410731863579997, 40.143019920566999 ], [ -105.406196335287007, 40.143125502209401 ], [ -105.406133585269998, 40.1430960542381 ], [ -105.406168312342004, 40.142971637568699 ], [ -105.406257579728006, 40.142752691859698 ], [ -105.406690621593995, 40.141748846889499 ], [ -105.406768103982003, 40.141569227113301 ], [ -105.407536107854995, 40.1397888057774 ], [ -105.408292797445995, 40.137862728064299 ], [ -105.410832211685005, 40.131974700386699 ], [ -105.413336703918006, 40.127019295827402 ], [ -105.414472134910994, 40.125047433012099 ], [ -105.414472155572, 40.125047397980801 ], [ -105.414472175335007, 40.125047362949601 ], [ -105.414551707678996, 40.124909238648797 ], [ -105.416364209681007, 40.121781698749601 ], [ -105.418992560727006, 40.117233919580002 ], [ -105.419363635007997, 40.1165918034553 ], [ -105.419790448854002, 40.115853220348598 ], [ -105.420511740330994, 40.114605012801299 ], [ -105.421576123568997, 40.112676117070102 ], [ -105.422565984366997, 40.111049828990197 ], [ -105.425448154395994, 40.1063140901583 ], [ -105.427501623184995, 40.103014883030198 ], [ -105.428222051381994, 40.1017600434404 ], [ -105.428310471656999, 40.101606029498001 ], [ -105.428653611027002, 40.101008328994297 ], [ -105.432119950993993, 40.094116753329402 ], [ -105.433312538196006, 40.091695104732501 ], [ -105.435689475046999, 40.087140799099203 ], [ -105.439224616982003, 40.085911745726001 ], [ -105.443683660016006, 40.084050578282103 ], [ -105.444329793945002, 40.083780862030601 ], [ -105.444346323844997, 40.083773962181901 ], [ -105.444362849252997, 40.083767054084703 ], [ -105.445893014354994, 40.083127397406898 ], [ -105.447891972475006, 40.0822917060134 ], [ -105.448048982714994, 40.0822260635437 ], [ -105.448117337322003, 40.082194420008499 ], [ -105.448124131279997, 40.082191275517701 ], [ -105.448126821733993, 40.082190030093201 ], [ -105.448138997499996, 40.0821843940655 ], [ -105.448577978128, 40.081981179904503 ], [ -105.448738161218003, 40.081903807276902 ], [ -105.448928300426999, 40.081811965013202 ], [ -105.457645807066001, 40.077600565533601 ], [ -105.466945933150001, 40.073104685318903 ], [ -105.467139297312002, 40.073011194456299 ], [ -105.467328795124004, 40.072971426911302 ], [ -105.476075946167001, 40.071135373718903 ], [ -105.485587520397999, 40.068027963086202 ], [ -105.489232298119006, 40.066952845086902 ], [ -105.489323092641996, 40.066926061086399 ], [ -105.489343153818993, 40.066920143305801 ], [ -105.489363216792, 40.066914224837198 ], [ -105.489446166326999, 40.066889754861798 ], [ -105.492059856867002, 40.066126575819801 ], [ -105.492059893697999, 40.066126565507602 ], [ -105.492059929630997, 40.066126554507903 ], [ -105.493729359653003, 40.065626609862399 ], [ -105.493839740143997, 40.065593553388297 ], [ -105.494644556078001, 40.0653618111252 ], [ -105.494649817511004, 40.065361860624499 ], [ -105.494661840562003, 40.065361974060401 ], [ -105.494667852088, 40.065362031122099 ], [ -105.494673863613997, 40.065362087496297 ], [ -105.504731554249005, 40.065456352658899 ], [ -105.512294748204994, 40.0657436029636 ], [ -105.512976913561005, 40.065769487509797 ], [ -105.512609308573005, 40.065413715933197 ], [ -105.506747339610001, 40.059739794554801 ], [ -105.504101322297004, 40.057178250178502 ], [ -105.503992624351, 40.057073017760501 ], [ -105.499216564055999, 40.051364040867497 ], [ -105.499189321746996, 40.051331473943698 ], [ -105.499188182683, 40.051330112432701 ], [ -105.499187897916997, 40.051329772054999 ], [ -105.499187613150994, 40.051329431677203 ], [ -105.499187328385005, 40.051329091299401 ], [ -105.499187043619003, 40.0513287495463 ], [ -105.499087857934001, 40.051210178330201 ], [ -105.495123138037002, 40.0469910304083 ], [ -105.493807568777996, 40.045590891952301 ], [ -105.492403470547998, 40.044224772949498 ], [ -105.492155511275001, 40.043982161027998 ], [ -105.491410560868005, 40.043253259629303 ], [ -105.490668752768002, 40.042527414233199 ], [ -105.490252300090006, 40.042119913083802 ], [ -105.489591461638, 40.0414732671818 ], [ -105.489221783339005, 40.041120759284802 ], [ -105.489217682529997, 40.041116850199799 ], [ -105.489214212337998, 40.041113540819502 ], [ -105.489212417504007, 40.041111829047303 ], [ -105.489221607269002, 40.041111349008297 ], [ -105.489284359083001, 40.041108070575802 ], [ -105.486864513303999, 40.038639042208302 ], [ -105.478701673233999, 40.030257882256798 ], [ -105.477463031203996, 40.028993992923397 ], [ -105.475310492611996, 40.026797436414398 ], [ -105.469830565460995, 40.021193862642498 ], [ -105.46678816024, 40.021213726097699 ], [ -105.449339267094004, 40.021326100972097 ], [ -105.447715690677001, 40.020349725118002 ], [ -105.446229851145006, 40.019456136715299 ], [ -105.444655475456997, 40.0185965260684 ], [ -105.439814396898001, 40.015953023612497 ], [ -105.433271094419993, 40.012387784413399 ], [ -105.432443438819007, 40.011936767679998 ], [ -105.431527221010001, 40.011519732004601 ], [ -105.425816863413004, 40.008920267847003 ], [ -105.425749272374006, 40.008889495753898 ], [ -105.425284126516004, 40.008885883439703 ], [ -105.420414715093997, 40.008882626164201 ], [ -105.406857496235006, 40.008872472463501 ], [ -105.406854037721004, 40.0088724697112 ], [ -105.406853959567002, 40.0088724697112 ], [ -105.406853566104999, 40.008872469023203 ], [ -105.406851600592006, 40.008872467647002 ], [ -105.406849636874, 40.008872466270901 ], [ -105.406674548039007, 40.008774491272 ], [ -105.406617407102004, 40.008739367813398 ], [ -105.406471683294996, 40.008738211870401 ], [ -105.406267934609005, 40.008612968762598 ], [ -105.400407843124995, 40.005010450288196 ], [ -105.397857468541005, 40.003353956555401 ], [ -105.395218638648004, 40.001731366814099 ], [ -105.370593256511, 39.985728537894197 ], [ -105.370205564296, 39.985459142831303 ], [ -105.370197420170001, 39.978324847816701 ], [ -105.370221266846997, 39.965789642992704 ], [ -105.370174169075, 39.956617441174302 ], [ -105.370171897236006, 39.956174808801798 ], [ -105.370171884659001, 39.956172312659803 ], [ -105.370171884659001, 39.956172256195302 ], [ -105.370171882863005, 39.956171972495902 ], [ -105.370171876575, 39.956170554687098 ], [ -105.370171868490004, 39.9561691361898 ], [ -105.367600411344995, 39.954068555150997 ], [ -105.356234023563005, 39.944823002926 ], [ -105.351589124485997, 39.941044362351903 ], [ -105.344414979201005, 39.9373490746123 ], [ -105.343381800741994, 39.936809707140803 ], [ -105.340058884895001, 39.935074867799401 ], [ -105.336647620638999, 39.933373847590701 ], [ -105.335941578960998, 39.933021758192098 ], [ -105.335935960897999, 39.933018956745002 ], [ -105.335929517281997, 39.933015744758599 ], [ -105.335927170882997, 39.933014578579503 ], [ -105.335924802025005, 39.933013403445699 ], [ -105.335924086966003, 39.933013057655998 ], [ -105.335923588401002, 39.933012802791097 ], [ -105.335923324296999, 39.933012679491597 ], [ -105.335922784408993, 39.933012427382003 ], [ -105.335922079232006, 39.933012113967102 ], [ -105.335916522253001, 39.933009562562702 ], [ -105.335915248442006, 39.933008978439801 ], [ -105.335914385161004, 39.9330085575683 ], [ -105.335914283652002, 39.933008507973 ], [ -105.335913814731001, 39.933008280660999 ], [ -105.335913745561001, 39.933008247597499 ], [ -105.335913131113003, 39.933007952091899 ], [ -105.335912390003003, 39.933007595280998 ], [ -105.335912249865999, 39.933007525709797 ], [ -105.335911047920007, 39.933006928499303 ], [ -105.335910624812996, 39.933006721163203 ], [ -105.335909914246002, 39.933006370551801 ], [ -105.335908588332998, 39.933005836024201 ], [ -105.335908199361995, 39.9330056789723 ], [ -105.335441432943995, 39.9328175029829 ], [ -105.332672489268006, 39.931783508073998 ], [ -105.331262078576998, 39.931256785894803 ], [ -105.324204662176001, 39.928464787298601 ], [ -105.324202225047003, 39.928408235884604 ], [ -105.324199192335001, 39.928337842938298 ], [ -105.324107640532006, 39.928301356181699 ], [ -105.323945656320006, 39.9245414482466 ], [ -105.323950737192007, 39.9225708754255 ], [ -105.323930745184995, 39.922106780876199 ], [ -105.323958811249, 39.919439361185503 ], [ -105.323942762846997, 39.914009008218002 ], [ -105.327898511268003, 39.9140149881813 ], [ -105.332546266088997, 39.914011701578602 ], [ -105.336035404399993, 39.913996445401402 ], [ -105.341934081220003, 39.913943859725997 ], [ -105.346476613676998, 39.913889173199102 ], [ -105.351348321193001, 39.913824593721202 ], [ -105.360896595195996, 39.913693590769498 ], [ -105.368109649210993, 39.913550985851501 ], [ -105.370124167948006, 39.913512720432799 ], [ -105.393481614891996, 39.9132528090935 ], [ -105.396496761633998, 39.9132048641086 ], [ -105.39853271058, 39.9132141466307 ], [ -105.398075011757001, 39.8545669107192 ], [ -105.537397648695006, 39.8535158326399 ], [ -105.537767219196994, 39.8824046002687 ], [ -105.700838907456998, 39.878965129215899 ], [ -105.698723616609996, 39.8814216345448 ], [ -105.698376198564006, 39.883602531487497 ], [ -105.698024806370995, 39.884420747949299 ], [ -105.699796823998994, 39.885507833926098 ], [ -105.699803200241007, 39.887688119779902 ], [ -105.700167365579006, 39.8912304669444 ], [ -105.697701800941005, 39.895050244467697 ], [ -105.695228171227996, 39.896144614155297 ], [ -105.692401396709997, 39.897512057031001 ], [ -105.691345240244004, 39.899421575107297 ], [ -105.690645921558001, 39.902420638430897 ], [ -105.688174163933994, 39.904332461252999 ], [ -105.688535557072001, 39.907057236879197 ], [ -105.688895469784995, 39.909236939251301 ], [ -105.688903763032002, 39.9122348274134 ], [ -105.686430113556, 39.9136015412885 ], [ -105.686083623469997, 39.916327466781503 ], [ -105.683256561489998, 39.917967217670899 ], [ -105.682559613459006, 39.922056370193502 ], [ -105.681148106821993, 39.923693816569198 ], [ -105.680095544516007, 39.927238437161797 ], [ -105.676913890544, 39.928878584641303 ], [ -105.678332724737999, 39.9299665421782 ], [ -105.675816332522999, 39.932725580466098 ], [ -105.675369255378996, 39.933000009260702 ], [ -105.675172694113996, 39.933385582334402 ], [ -105.675344193281006, 39.9334968480767 ], [ -105.675726230601995, 39.933536821620002 ], [ -105.676345123120001, 39.933495319586903 ], [ -105.677082201591006, 39.933321829230202 ], [ -105.678398787743006, 39.933157577611802 ], [ -105.679478947193005, 39.933237009832602 ], [ -105.680124843068995, 39.9334489165769 ], [ -105.680731123241003, 39.933620325692502 ], [ -105.681350364305004, 39.933710601423698 ], [ -105.681745469418004, 39.933709978733098 ], [ -105.682219838278996, 39.933800477522603 ], [ -105.683050376572993, 39.934103325196197 ], [ -105.683472503908007, 39.934356123263299 ], [ -105.683749763530997, 39.934609150458499 ], [ -105.684344618929003, 39.935419303024801 ], [ -105.685176643934994, 39.936259486955002 ], [ -105.686471023733006, 39.937595718169099 ], [ -105.686814162204996, 39.937848631448297 ], [ -105.687078053099995, 39.938020561967001 ], [ -105.687447314579998, 39.938192321926898 ], [ -105.687855979763, 39.938323459843701 ], [ -105.689385058800994, 39.938767062493497 ], [ -105.690097345566997, 39.939141023605202 ], [ -105.690335445829007, 39.939505627264303 ], [ -105.690521117716997, 39.9399615654144 ], [ -105.690745738759006, 39.940214663489002 ], [ -105.690956877885, 39.940356256202101 ], [ -105.691682674413997, 39.940841712445099 ], [ -105.692183878647, 39.941084208201801 ], [ -105.693318099609002, 39.941599387958 ], [ -105.693701201433996, 39.941994156767798 ], [ -105.693926878894004, 39.942612242847702 ], [ -105.693732293023999, 39.9436670035726 ], [ -105.693510524133004, 39.944427784181698 ], [ -105.693195853272002, 39.944945389860202 ], [ -105.692867547782001, 39.945300796678197 ], [ -105.692592271639995, 39.945777780631197 ], [ -105.692080028009997, 39.946305851075799 ], [ -105.691948730248001, 39.946458151313401 ], [ -105.691883437100003, 39.946661036644798 ], [ -105.691975958184003, 39.946772408898397 ], [ -105.692108113836994, 39.9469242700943 ], [ -105.692610365505999, 39.947521618931198 ], [ -105.692941462959993, 39.948149669052597 ], [ -105.693021418409998, 39.948473975493201 ], [ -105.693588088268001, 39.948554135074303 ], [ -105.693878557616998, 39.948786838912199 ], [ -105.694076902936999, 39.949050112388299 ], [ -105.694381329410007, 39.949556537173699 ], [ -105.694461350436995, 39.9499011212529 ], [ -105.694344782350996, 39.950600892812197 ], [ -105.694056466264001, 39.951128594789601 ], [ -105.693636208322999, 39.951585546976702 ], [ -105.693162991102994, 39.951951337633702 ], [ -105.692321560734996, 39.952550932259001 ], [ -105.691703673432002, 39.953008206171504 ], [ -105.691006478362993, 39.953374360386 ], [ -105.690348318687001, 39.953568085190199 ], [ -105.689453021743006, 39.953762198513402 ], [ -105.688992941484997, 39.954127949296698 ], [ -105.688783950230999, 39.954777172588798 ], [ -105.688653020778005, 39.955071411483203 ], [ -105.688627316384995, 39.9553046447177 ], [ -105.688695682669007, 39.956206884046999 ], [ -105.688604721958995, 39.956663276226898 ], [ -105.688079135652004, 39.957171074139403 ], [ -105.687553039102994, 39.957496372050997 ], [ -105.686526987877002, 39.958075947420802 ], [ -105.685790714296999, 39.958634767941398 ], [ -105.685540968275006, 39.958848084707299 ], [ -105.685225152960001, 39.958990536052703 ], [ -105.685488929768994, 39.959091499216001 ], [ -105.686649416571996, 39.959485037852701 ], [ -105.687519840064994, 39.959797925270102 ], [ -105.688113030883997, 39.959908484986499 ], [ -105.688429628631994, 39.960049910246298 ], [ -105.688549214158996, 39.960414709567999 ], [ -105.688523816091006, 39.960759469606103 ], [ -105.688446780164995, 39.961489586840301 ], [ -105.688422080088003, 39.962087813043503 ], [ -105.688608024166001, 39.962624864017599 ], [ -105.688530147416998, 39.9630508192704 ], [ -105.688675725696996, 39.9632837726041 ], [ -105.689032373033996, 39.963607628601999 ], [ -105.689283756685001, 39.963982349683803 ], [ -105.689404732805002, 39.964843945080503 ], [ -105.688701232461, 39.9670148836518 ], [ -105.688792943265, 39.967551996441102 ], [ -105.689004977113001, 39.967987615371001 ], [ -105.689547535290004, 39.968818103017199 ], [ -105.689997584061004, 39.969547352109402 ], [ -105.690182854401996, 39.969830932152298 ], [ -105.690407319136995, 39.969992781154097 ], [ -105.689975238467994, 39.970987092391802 ], [ -105.689726560542994, 39.971595826385801 ], [ -105.689491364534007, 39.972316065296603 ], [ -105.689009157873002, 39.974253358515703 ], [ -105.688747281001, 39.974862112296499 ], [ -105.688512063432, 39.975582348454203 ], [ -105.688157453474005, 39.976018894411197 ], [ -105.687855022158004, 39.976262717268298 ], [ -105.687330531797002, 39.977226752575902 ], [ -105.686646799778998, 39.977795631337798 ], [ -105.686174801573003, 39.978688605188097 ], [ -105.685543293115003, 39.9790850336462 ], [ -105.685017674468995, 39.979653647753999 ], [ -105.684965700641996, 39.979927478042697 ], [ -105.685111165734, 39.980109742310901 ], [ -105.685428512675998, 39.980494504009698 ], [ -105.685521621258005, 39.9808086554387 ], [ -105.685431186062004, 39.981477957466801 ], [ -105.685314059223998, 39.982025637429999 ], [ -105.685079578273005, 39.9830398883988 ], [ -105.685185814836004, 39.983333742038397 ], [ -105.685516301435001, 39.983698205110898 ], [ -105.686190325358993, 39.984376414434202 ], [ -105.686626290343, 39.984750842703903 ], [ -105.687233991650004, 39.985266931786498 ], [ -105.687419097599005, 39.985479544608502 ], [ -105.687419571011006, 39.985651903282097 ], [ -105.68735433805, 39.985895339362102 ], [ -105.687236217674993, 39.986078028216198 ], [ -105.686933904038995, 39.9863826810844 ], [ -105.686381854263004, 39.986941204831702 ], [ -105.686237671965003, 39.987235461541097 ], [ -105.686159280480993, 39.987489055743303 ], [ -105.686068233531998, 39.987935308030401 ], [ -105.686243263977005, 39.989283477216397 ], [ -105.686112754038007, 39.989760209443702 ], [ -105.685705440820001, 39.990237386393098 ], [ -105.684942890619993, 39.990958461881299 ], [ -105.683995729442003, 39.991659550342398 ], [ -105.683194335191004, 39.992654422443799 ], [ -105.682918500295997, 39.993019854356099 ], [ -105.682827127259003, 39.993354577480801 ], [ -105.682828214219995, 39.993760124995497 ], [ -105.682869390297995, 39.994368383598903 ], [ -105.682910023792999, 39.994773867972903 ], [ -105.683305863727995, 39.994915181868997 ], [ -105.684281385617993, 39.994933904365801 ], [ -105.685296784621002, 39.9950742186657 ], [ -105.686258879392, 39.995001697585501 ], [ -105.687398386042005, 39.9951736475305 ], [ -105.689121369130007, 39.995716886903303 ], [ -105.690098006726998, 39.9961309690676 ], [ -105.690639610893001, 39.9965356240372 ], [ -105.691182728721003, 39.997477626980597 ], [ -105.691382400852007, 39.998166729455598 ], [ -105.691174491168994, 39.9992417782736 ], [ -105.691070675567005, 39.999829996578299 ], [ -105.690545171905995, 40.0004797451098 ], [ -105.690295825633996, 40.000885705861897 ], [ -105.690204448105007, 40.001210295461597 ], [ -105.690152676398, 40.001555098138702 ], [ -105.690206200717995, 40.0018388935449 ], [ -105.690286545139003, 40.002284866283397 ], [ -105.690313846736998, 40.002619398115201 ], [ -105.690340921060994, 40.0028728216597 ], [ -105.690777282202006, 40.003338481521297 ], [ -105.690909940910998, 40.003632285686002 ], [ -105.690687038346994, 40.004068619385798 ], [ -105.690174568342002, 40.004677788736302 ], [ -105.689912076124003, 40.005104047505299 ], [ -105.689623974734005, 40.005804092792303 ], [ -105.689334966046005, 40.0061797013336 ], [ -105.689045533352996, 40.006403227454101 ], [ -105.688216774622006, 40.007073738808998 ], [ -105.689261122733001, 40.0080757624443 ], [ -105.689538899785006, 40.0083997453915 ], [ -105.689711316133, 40.008764455213601 ], [ -105.689765605817001, 40.009321995034902 ], [ -105.689687681457997, 40.009747949585297 ], [ -105.689452127918997, 40.010387075959898 ], [ -105.689282188226997, 40.010914568237503 ], [ -105.689282863759999, 40.011157896385598 ], [ -105.689442043431995, 40.011502351592704 ], [ -105.689627960558994, 40.011978565436102 ], [ -105.689523718257007, 40.012424840030697 ], [ -105.689459001827004, 40.012860911126502 ], [ -105.689566374758002, 40.0135400280138 ], [ -105.689514956988006, 40.014016632876697 ], [ -105.689212924524995, 40.014463231266902 ], [ -105.688726735632002, 40.0150723512036 ], [ -105.688226707294007, 40.015448300902897 ], [ -105.687871021153995, 40.015570544205303 ], [ -105.687436022756998, 40.015621946168601 ], [ -105.687132745228993, 40.015622438770798 ], [ -105.686908332596005, 40.015531554284003 ], [ -105.686644142562997, 40.015359623270797 ], [ -105.686353552840004, 40.015177597541403 ], [ -105.686049695, 40.014965174867598 ], [ -105.685561183961994, 40.014732771988399 ], [ -105.684703886652002, 40.014653038137702 ], [ -105.683991552275998, 40.014542650922003 ], [ -105.683212881808004, 40.0142802846593 ], [ -105.682606012340997, 40.014159581556697 ], [ -105.681669963323998, 40.014211753773601 ], [ -105.680799570374006, 40.014162427840397 ], [ -105.680351202351005, 40.014142852671498 ], [ -105.679718556625005, 40.014245227330299 ], [ -105.678756609177995, 40.014479912601402 ], [ -105.67783400255, 40.014633420453499 ], [ -105.676925524625005, 40.015151891237302 ], [ -105.675635237552001, 40.015904127554997 ], [ -105.675161086084003, 40.016117761603198 ], [ -105.674554916405, 40.016270762165902 ], [ -105.673460803422998, 40.016404215384703 ], [ -105.672182131566004, 40.016558212191903 ], [ -105.671101169919993, 40.016681485478202 ], [ -105.669941390988996, 40.016926529524902 ], [ -105.669479796171998, 40.0168967923221 ], [ -105.668833068455996, 40.016654412033198 ], [ -105.668120613705995, 40.016493233586999 ], [ -105.667171036059997, 40.016423642676401 ], [ -105.666248104242996, 40.016465531250503 ], [ -105.663321092111005, 40.016601516550502 ], [ -105.662266028895004, 40.016532035827602 ], [ -105.661541101037002, 40.016664855592502 ], [ -105.661001328536003, 40.017030604128898 ], [ -105.660527865177002, 40.017558476420298 ], [ -105.660213034416003, 40.018258484792902 ], [ -105.660068532317993, 40.0184918752757 ], [ -105.659739128187994, 40.018603857678897 ], [ -105.659067773158995, 40.019101581855303 ], [ -105.658330001189, 40.019396619096398 ], [ -105.657552641362997, 40.019681567636397 ], [ -105.656273871590002, 40.019835387124097 ], [ -105.655272158420004, 40.020049654159898 ], [ -105.654112424405, 40.020365509310203 ], [ -105.652807715777996, 40.020722098722402 ], [ -105.652293808468002, 40.020895136189402 ], [ -105.651911881640004, 40.021118691169001 ], [ -105.651951849484007, 40.021301135138103 ], [ -105.652123552568995, 40.021422573392897 ], [ -105.652519733863997, 40.021675517124201 ], [ -105.652757693091004, 40.021938809111496 ], [ -105.652811123985998, 40.022242898187898 ], [ -105.652785227352993, 40.022455846482103 ], [ -105.652680999424007, 40.023023750065299 ], [ -105.652524066438005, 40.023612002159297 ], [ -105.652486046142002, 40.024301483340501 ], [ -105.652131426302006, 40.024950828352999 ], [ -105.651684552177997, 40.0256307088668 ], [ -105.651316506117993, 40.0261786813698 ], [ -105.650552495257003, 40.026585229449999 ], [ -105.650196884574996, 40.0267986051213 ], [ -105.649736946250997, 40.027549466623498 ], [ -105.649751071360996, 40.027975273015599 ], [ -105.649487391570005, 40.0280161694726 ], [ -105.649237988704996, 40.028553843411402 ], [ -105.648843218663004, 40.028959899963397 ], [ -105.648211378726998, 40.029518342344097 ], [ -105.647185025667, 40.030614634571897 ], [ -105.646144928382995, 40.031467606857099 ], [ -105.645171268701006, 40.032563814105103 ], [ -105.642604297743006, 40.033528601617498 ], [ -105.640791197461994, 40.034269301705997 ], [ -105.640679394938005, 40.035316961439598 ], [ -105.640773064070004, 40.0359657215201 ], [ -105.640641875902006, 40.036310597600199 ], [ -105.640602995918002, 40.036645221264202 ], [ -105.639412084973003, 40.038455659045098 ], [ -105.638881176148999, 40.039851193764797 ], [ -105.638990773307995, 40.041245955107897 ], [ -105.638992446870006, 40.042066478911998 ], [ -105.638649347923007, 40.042386074426098 ], [ -105.638412566387004, 40.042710796761497 ], [ -105.638347433139003, 40.043116421732101 ], [ -105.638559648447, 40.043683932552398 ], [ -105.638507810264997, 40.044140235565301 ], [ -105.638113029444, 40.044617225656602 ], [ -105.637520286883998, 40.045053896293403 ], [ -105.637375689563996, 40.045307534991302 ], [ -105.637376138722004, 40.045530584973001 ], [ -105.637429519310999, 40.045834681658697 ], [ -105.637522271262, 40.046037344864899 ], [ -105.639109418299, 40.047071542047597 ], [ -105.640788313870004, 40.0475994335739 ], [ -105.641378383044, 40.0479995852114 ], [ -105.642091124356995, 40.048171066753902 ], [ -105.642499944049007, 40.048392751297897 ], [ -105.642963625652996, 40.049031775616498 ], [ -105.643162576437007, 40.049538462033397 ], [ -105.645203179554997, 40.050920500597698 ], [ -105.645705049439997, 40.053126675494902 ], [ -105.645901620586997, 40.053357306936903 ], [ -105.646192265107004, 40.053539435012397 ], [ -105.647101776992997, 40.053885739061798 ], [ -105.648172544556999, 40.054124951292103 ], [ -105.648476281124005, 40.054256363225399 ], [ -105.648678099330994, 40.054437053188501 ], [ -105.648860863371993, 40.055158208220902 ], [ -105.649266251499995, 40.055854213349498 ], [ -105.650349109489994, 40.0570978096084 ], [ -105.650726572588994, 40.057599202290298 ], [ -105.650912681956001, 40.058227556648198 ], [ -105.650979237238005, 40.058491074688199 ], [ -105.650847989780999, 40.0588055444723 ], [ -105.650264207915995, 40.059415006890703 ], [ -105.649781453282003, 40.059810659987299 ], [ -105.649452412970007, 40.060186216672498 ], [ -105.649242231448, 40.0606123122393 ], [ -105.649150556576998, 40.0609267289191 ], [ -105.648887702338001, 40.0614035850422 ], [ -105.648533341212996, 40.0622759659175 ], [ -105.648349561177, 40.062712164541701 ], [ -105.648284202452004, 40.062996129787003 ], [ -105.647876385279005, 40.063564416981301 ], [ -105.6476130729, 40.063838498531503 ], [ -105.647534932046995, 40.064315114275097 ], [ -105.647469438574007, 40.064538248491999 ], [ -105.647218964917002, 40.064650093419203 ], [ -105.646929079472997, 40.064843097055203 ], [ -105.646732237932994, 40.065350279162502 ], [ -105.646455696063995, 40.065614235084503 ], [ -105.645915173470001, 40.065848109068497 ], [ -105.645032009171004, 40.066295322327903 ], [ -105.644267253606998, 40.066580163609601 ], [ -105.643660928518997, 40.066905356414303 ], [ -105.642948816027001, 40.067129290614801 ], [ -105.642066060462, 40.0677893922579 ], [ -105.641644080451002, 40.067931851515702 ], [ -105.641169020785995, 40.067932433797999 ], [ -105.638963860681002, 40.067245682347902 ], [ -105.639572495337006, 40.068035761670203 ], [ -105.640248087719002, 40.0692921339189 ], [ -105.640790040431995, 40.070216960436902 ], [ -105.641044047163007, 40.071308752785299 ], [ -105.640953663171004, 40.072272034421403 ], [ -105.640915036511998, 40.072738458651202 ], [ -105.641104220813006, 40.073098577662002 ], [ -105.640955782296999, 40.073296033776302 ], [ -105.640163826643999, 40.073236166508899 ], [ -105.639121831219995, 40.073521308722398 ], [ -105.638737987387003, 40.074395428894697 ], [ -105.637316061191996, 40.074638721684202 ], [ -105.636933600765005, 40.074770977356799 ], [ -105.636524602308, 40.074832293677801 ], [ -105.635799043831994, 40.074985229200202 ], [ -105.635311119394004, 40.075178435891502 ], [ -105.635087565551004, 40.075584243634097 ], [ -105.634930238205001, 40.076111636591897 ], [ -105.634694805040994, 40.077186605215097 ], [ -105.634682529561999, 40.077652996473802 ], [ -105.634709747616995, 40.078068649679103 ], [ -105.634830898908007, 40.079264866290302 ], [ -105.634726234398002, 40.079731364287397 ], [ -105.634581552636007, 40.079984999017697 ], [ -105.634213274811003, 40.080634299677399 ], [ -105.633778476738996, 40.081020072854798 ], [ -105.633119237288, 40.081375685934603 ], [ -105.632538906749005, 40.081589264724997 ], [ -105.633423205620005, 40.081578108040702 ], [ -105.633911619640003, 40.081607958627899 ], [ -105.634241788235997, 40.081708961151399 ], [ -105.634612337003006, 40.082205321596 ], [ -105.635180674134006, 40.082600064285202 ], [ -105.635593875807999, 40.083019003572502 ], [ -105.635962954031996, 40.084373403779999 ], [ -105.636029883012995, 40.084839702512802 ], [ -105.635766157408, 40.0849718139727 ], [ -105.635436191831005, 40.084982341228503 ], [ -105.635079989160005, 40.085074005330803 ], [ -105.634842760262998, 40.085256777835099 ], [ -105.634856481130996, 40.085520365201504 ], [ -105.635253735014004, 40.086158635144102 ], [ -105.635400039133003, 40.086716086639697 ], [ -105.635255425642995, 40.087010276009899 ], [ -105.635322050094999, 40.087324495241603 ], [ -105.635150713521995, 40.087456497414799 ], [ -105.634886895391006, 40.0875480537211 ], [ -105.634306817280006, 40.087913721032102 ], [ -105.633963957285005, 40.088086475270799 ], [ -105.633687333669997, 40.088380816100603 ], [ -105.633608769709994, 40.088705342636899 ], [ -105.633636243785006, 40.089252795795304 ], [ -105.633821804280998, 40.0896378480114 ], [ -105.633941370944001, 40.089799252170799 ], [ -105.634232095414006, 40.090184856585203 ], [ -105.634312295206001, 40.090691694662603 ], [ -105.634529386569, 40.091147315232597 ], [ -105.634459283840997, 40.091593860002497 ], [ -105.634513287860997, 40.092202113676798 ], [ -105.634461045438002, 40.092486054931001 ], [ -105.634382661141004, 40.092901829929097 ], [ -105.634608158937993, 40.093449052106202 ], [ -105.634768056363995, 40.094199122445602 ], [ -105.634650568403003, 40.0948684078474 ], [ -105.634651771246993, 40.095476722964897 ], [ -105.634440948328006, 40.0956797401616 ], [ -105.633925989990004, 40.095629645788399 ], [ -105.633424253056006, 40.095589672928703 ], [ -105.632896569183004, 40.095782913921198 ], [ -105.632382321411995, 40.096097801824698 ], [ -105.632066092873004, 40.0964124608155 ], [ -105.631926739018994, 40.096819684013298 ], [ -105.631896101077999, 40.097254159249196 ], [ -105.631989082998004, 40.097548072184601 ], [ -105.632155657601004, 40.097720869311999 ], [ -105.633125850685005, 40.098266608333098 ], [ -105.633643622546003, 40.098687486551903 ], [ -105.633813988938002, 40.099097178119798 ], [ -105.633906962774006, 40.099380951802402 ], [ -105.634105495840998, 40.099634186242199 ], [ -105.634687156783997, 40.100018775686003 ], [ -105.635123598774001, 40.100403532678499 ], [ -105.635506933261993, 40.100636271600699 ], [ -105.635811136054002, 40.100909656309803 ], [ -105.635945270695998, 40.101174789566201 ], [ -105.636049956766001, 40.1014974136014 ], [ -105.636063645294001, 40.101740723605701 ], [ -105.636514141426005, 40.102541140928501 ], [ -105.636383128429998, 40.103048225041498 ], [ -105.636159510805996, 40.103464172558901 ], [ -105.636121644121999, 40.104336136271201 ], [ -105.636083027344995, 40.104832972773998 ], [ -105.636362773504004, 40.106069550835002 ], [ -105.636562126734006, 40.106718185629397 ], [ -105.636629406954995, 40.1073466989994 ], [ -105.636445468816007, 40.1078031534568 ], [ -105.636234754593005, 40.108077143522301 ], [ -105.635720266074003, 40.108310936933997 ], [ -105.635628323503994, 40.108554370974197 ], [ -105.635972438444995, 40.108959509819996 ], [ -105.635986512350996, 40.109395452701499 ], [ -105.635696850586996, 40.109811474772101 ], [ -105.635565492637994, 40.110156341931201 ], [ -105.635462038159005, 40.111251430475697 ], [ -105.635199557619003, 40.112062825068499 ], [ -105.634910923527997, 40.113006051300601 ], [ -105.634515758228005, 40.113503301947603 ], [ -105.634106784024993, 40.113696410996397 ], [ -105.633420145060001, 40.113707344636197 ], [ -105.632852092695003, 40.113586336659303 ], [ -105.632244741731995, 40.113627587763503 ], [ -105.631716523361007, 40.113618052848999 ], [ -105.630977394037004, 40.113801388293702 ], [ -105.630251602897999, 40.114055673063397 ], [ -105.629882363874998, 40.114319692302701 ], [ -105.629777284343007, 40.114613828982797 ], [ -105.629870802558003, 40.115181484103402 ], [ -105.629897889457993, 40.115536303845801 ], [ -105.629700215179994, 40.115749436757497 ], [ -105.629357935496998, 40.116307441380101 ], [ -105.629095169294004, 40.117017436852898 ], [ -105.628686600231006, 40.117443712646001 ], [ -105.628238197173999, 40.117758507166698 ], [ -105.627842957313007, 40.118255736116602 ], [ -105.627552997308996, 40.118560213651897 ], [ -105.627038268042, 40.118722997300999 ], [ -105.626510143095999, 40.118784408673498 ], [ -105.626814558790002, 40.119149063187301 ], [ -105.627541842929006, 40.119655191607599 ], [ -105.627978484343998, 40.1201008060197 ], [ -105.628145704836001, 40.120550272579401 ], [ -105.628204708878002, 40.121013026171603 ], [ -105.628020524600998, 40.121388357966801 ], [ -105.627717345887007, 40.1216928510119 ], [ -105.627480102617, 40.121946577345 ], [ -105.62753345985, 40.122230398589799 ], [ -105.627864236606001, 40.122554466940898 ], [ -105.628260935330005, 40.122817629577703 ], [ -105.628591927681995, 40.123253219856203 ], [ -105.628698368160997, 40.123668782794198 ], [ -105.628553800486003, 40.124044070391598 ], [ -105.628356650824003, 40.124551218813998 ], [ -105.628199330664998, 40.125169845195998 ], [ -105.626938067259999, 40.125185741117598 ], [ -105.623379146022003, 40.1252241799437 ], [ -105.618069386735002, 40.125180643735199 ], [ -105.606183177136003, 40.125384814862798 ], [ -105.592395112809001, 40.125639990475101 ], [ -105.580257843851001, 40.125872110031899 ], [ -105.569784574598998, 40.126051267132901 ], [ -105.557264130156, 40.1262710620584 ], [ -105.552456689012999, 40.126364592416799 ], [ -105.543171939391996, 40.1265306516216 ], [ -105.531668265679002, 40.126666179002299 ], [ -105.523109823726998, 40.1267797324561 ], [ -105.511672089949002, 40.126811870411998 ], [ -105.504156989098007, 40.126842800836101 ], [ -105.499745664572004, 40.126457610239001 ], [ -105.495268346211006, 40.126163495255803 ], [ -105.490592931365001, 40.126041546442899 ], [ -105.486009975618003, 40.1259701132036 ], [ -105.479525138194006, 40.125989421348301 ], [ -105.477319517252994, 40.125948455929098 ], [ -105.476778017290997, 40.125938209762303 ], [ -105.476210081706995, 40.125988786672998 ], [ -105.471693662377007, 40.126220343174502 ], [ -105.446994427047002, 40.127124731989397 ], [ -105.446345096911998, 40.1298618415669 ], [ -105.446130893632002, 40.133491342177898 ], [ -105.445917207782003, 40.136441558731299 ], [ -105.445869700377997, 40.138349768955997 ], [ -105.445808181950994, 40.140649000169503 ], [ -105.445740151636002, 40.143132909694401 ], [ -105.445712903936993, 40.144167027741702 ], [ -105.430003357589996, 40.143701608070202 ], [ -105.420540228603997, 40.143660904658702 ] ] ] } },
{ "type": "Feature", "properties": { "OBJECTID_1": 25, "OBJECTID": 26, "area_name": "Ryan", "area_code": 154, "SchType": "Elementary", "SchType2": "Neighborhood", "resident_students_gis": 516, "Shape_Leng": 56498.631356700003, "State_CD": 7528, "Key_ID": 26, "Yld": 0.24, "neighborhood_flag": " ", "capacity_gis": 512, "enrollment_gis": 422, "Perc_Cap": 0.82, "SHAPE__Area": 23622951.41015625, "SHAPE__Length": 22475.868448445144 }, "geometry": { "type": "Polygon", "coordinates": [ [ [ -105.108557559149006, 39.990576781191997 ], [ -105.102520832829001, 39.990513718017802 ], [ -105.099019943656998, 39.9905015945806 ], [ -105.097933120503995, 39.990309948321098 ], [ -105.097619271601005, 39.990233305083599 ], [ -105.096667999733, 39.990242815979897 ], [ -105.095217464890993, 39.9902126569567 ], [ -105.095217463094002, 39.990213012780899 ], [ -105.095217199887998, 39.990257308411302 ], [ -105.095157353225005, 39.990257905810303 ], [ -105.095157350530002, 39.990258261634303 ], [ -105.095157120562007, 39.990296992756903 ], [ -105.090558656300004, 39.990260186662802 ], [ -105.090535733091002, 39.990260002900598 ], [ -105.090481356270004, 39.9902595665517 ], [ -105.090494036888998, 39.988147561530802 ], [ -105.090471890722, 39.987025545359302 ], [ -105.090469794054002, 39.986919314050397 ], [ -105.090066405575996, 39.986912749223599 ], [ -105.088094766121998, 39.986877632414 ], [ -105.080580768402001, 39.9868091304591 ], [ -105.079855509065993, 39.986803420468497 ], [ -105.079140569575998, 39.986802151964 ], [ -105.073040247923998, 39.986730926397101 ], [ -105.071814295495997, 39.9867186488014 ], [ -105.061795616897001, 39.986614558955999 ], [ -105.060247417217994, 39.986705936896598 ], [ -105.053006558548006, 39.987133029170998 ], [ -105.053006738210996, 39.986692496785501 ], [ -105.053010640493, 39.977151901656804 ], [ -105.060073951638003, 39.974100888179798 ], [ -105.061083878104995, 39.973680179342601 ], [ -105.061818143950006, 39.973352082217403 ], [ -105.062184059206004, 39.973194983691997 ], [ -105.065171547719004, 39.971910696829603 ], [ -105.066114350270993, 39.971432220157197 ], [ -105.067413946586001, 39.970851411406301 ], [ -105.067962778597007, 39.970425035233497 ], [ -105.068811384705995, 39.969864705601402 ], [ -105.070156930745995, 39.968740237053503 ], [ -105.071128950103997, 39.967809842045199 ], [ -105.071895315450007, 39.967132465904903 ], [ -105.072831055446997, 39.966274469854497 ], [ -105.072849345145997, 39.9662587137774 ], [ -105.074499236810993, 39.964769897854701 ], [ -105.074843030154994, 39.964466541476703 ], [ -105.076909583805005, 39.962804011350102 ], [ -105.078719007280995, 39.961617426768299 ], [ -105.079485917005002, 39.961233614326503 ], [ -105.081477225970005, 39.960343912316098 ], [ -105.083490590371994, 39.959670891681903 ], [ -105.084141671324005, 39.959516898092502 ], [ -105.085844569879001, 39.959163755447797 ], [ -105.087745386155007, 39.958938029006902 ], [ -105.090293910209994, 39.9586813549328 ], [ -105.092927760741006, 39.958591028829701 ], [ -105.095821202829995, 39.958401891036701 ], [ -105.099102749462006, 39.958280473583997 ], [ -105.103377530065003, 39.958095944230301 ], [ -105.104285401626996, 39.957866522131603 ], [ -105.106791995917007, 39.957376797004599 ], [ -105.108222622295997, 39.9569054948686 ], [ -105.109295089471999, 39.956601675985802 ], [ -105.109385040476994, 39.956573757925 ], [ -105.109463254991994, 39.956644336666798 ], [ -105.109456258912005, 39.957866839564197 ], [ -105.109388158529001, 39.962113016040803 ], [ -105.109340673583006, 39.965073582678897 ], [ -105.109372190076996, 39.972320036151203 ], [ -105.109372765897007, 39.972452418721701 ], [ -105.110716963564997, 39.972472177261501 ], [ -105.114142163387001, 39.972483695328897 ], [ -105.114196290476002, 39.972543967744897 ], [ -105.114195278075002, 39.972543952599501 ], [ -105.114195225971997, 39.972544307827398 ], [ -105.114195162192004, 39.972544744977903 ], [ -105.114194636677993, 39.972548353018702 ], [ -105.114194113858005, 39.972551937652902 ], [ -105.114192607383004, 39.972562280563899 ], [ -105.114191402743003, 39.972570549935 ], [ -105.114187572326003, 39.972596845729697 ], [ -105.114185590643004, 39.972610447639802 ], [ -105.114179548574, 39.972651924568098 ], [ -105.114173994290994, 39.972690057104899 ], [ -105.114174721926005, 39.972683812405201 ], [ -105.114122821761001, 39.973040108405399 ], [ -105.114112235115002, 39.973112792550403 ], [ -105.114086855912007, 39.973288983179103 ], [ -105.114086086054996, 39.973295225069798 ], [ -105.114086073479001, 39.9732953200715 ], [ -105.114086063597, 39.973295675983898 ], [ -105.114078541105002, 39.973451501395097 ], [ -105.114078523139, 39.973451856618198 ], [ -105.113963813666999, 39.9758277761361 ], [ -105.113963801989001, 39.975828132035197 ], [ -105.113950042493997, 39.976698201521103 ], [ -105.113950037104004, 39.976698557415702 ], [ -105.113941599227999, 39.977232103344797 ], [ -105.113941600127006, 39.977232459236603 ], [ -105.113951045912003, 39.977745545288698 ], [ -105.113951052199994, 39.977745901177798 ], [ -105.113993610785002, 39.980057456613402 ], [ -105.113993617073007, 39.9800578124906 ], [ -105.114052705557995, 39.983266871973697 ], [ -105.114153554923007, 39.983266647581999 ], [ -105.117303990642, 39.983251565155399 ], [ -105.117304552088996, 39.983251562402202 ], [ -105.117402427132006, 39.983251091592599 ], [ -105.117402425335996, 39.983251447453 ], [ -105.117402405573003, 39.9832544065329 ], [ -105.117402402878, 39.983254761705098 ], [ -105.117402304961999, 39.983269533011203 ], [ -105.117402303164994, 39.983269888871597 ], [ -105.117402303164994, 39.983269966651498 ], [ -105.117402300470005, 39.983270322511999 ], [ -105.117402190874998, 39.9832867444009 ], [ -105.117402189079002, 39.983287100261201 ], [ -105.117396530590995, 39.984139046583003 ], [ -105.117396534183996, 39.984139402438799 ], [ -105.117403566196003, 39.984511270822701 ], [ -105.117403564400007, 39.984511626676699 ], [ -105.117392719937001, 39.984903954177597 ], [ -105.117392710055995, 39.984904310029499 ], [ -105.117384959391998, 39.985184673256299 ], [ -105.117384156298002, 39.985184670503102 ], [ -105.117380748987998, 39.9851846594904 ], [ -105.117371886209, 39.9868990131922 ], [ -105.118570189390994, 39.986892387794597 ], [ -105.118559238028993, 39.988883895125298 ], [ -105.118551995811998, 39.990653292589698 ], [ -105.116103761472004, 39.990644744603401 ], [ -105.115058954321, 39.990620810924398 ], [ -105.115007908454004, 39.990619705604601 ], [ -105.114783814722998, 39.990618220374202 ], [ -105.108557559149006, 39.990576781191997 ] ] ] } },
{ "type": "Feature", "properties": { "OBJECTID_1": 26, "OBJECTID": 27, "area_name": "Sanchez", "area_code": 131, "SchType": "Elementary", "SchType2": "Neighborhood", "resident_students_gis": 510, "Shape_Leng": 48102.256351999997, "State_CD": 7592, "Key_ID": 27, "Yld": 0.16, "neighborhood_flag": " ", "capacity_gis": 301, "enrollment_gis": 284, "Perc_Cap": 0.94, "SHAPE__Area": 19386681.20703125, "SHAPE__Length": 19145.699382463303 }, "geometry": { "type": "Polygon", "coordinates": [ [ [ -105.055525855914993, 40.014768961515799 ], [ -105.055525858609997, 40.014768605819498 ], [ -105.055471882437004, 40.014768639531503 ], [ -105.055325422012004, 40.014777888322598 ], [ -105.055159764589007, 40.000450795548602 ], [ -105.053001098587998, 40.000477031755601 ], [ -105.053006558548006, 39.987133029170998 ], [ -105.060247417217994, 39.986705936896598 ], [ -105.061795616897001, 39.986614558955999 ], [ -105.071814295495997, 39.9867186488014 ], [ -105.073040247923998, 39.986730926397101 ], [ -105.079168647317999, 39.986801336349302 ], [ -105.079855509065993, 39.986803420468497 ], [ -105.080580768402001, 39.9868091304591 ], [ -105.088094766121998, 39.986877632414 ], [ -105.090066405575996, 39.986912749223599 ], [ -105.090469794054002, 39.986919314050397 ], [ -105.090471890722, 39.987025545359302 ], [ -105.090494036888998, 39.988147561530802 ], [ -105.090481356270004, 39.9902595665517 ], [ -105.090481354472999, 39.990259922375699 ], [ -105.090481328422001, 39.990264208093301 ], [ -105.090481326626005, 39.9902645639173 ], [ -105.090478894886004, 39.990669635620698 ], [ -105.090478895784997, 39.990669991442601 ], [ -105.090491214381998, 39.992273932229601 ], [ -105.090491214381998, 39.992274288043099 ], [ -105.090479248822007, 39.994267042410399 ], [ -105.090479249721, 39.994267398213502 ], [ -105.090489118611998, 39.997214397528097 ], [ -105.090489116816002, 39.997214753315902 ], [ -105.090460924986999, 39.999081981132797 ], [ -105.090460928580995, 39.999082336910803 ], [ -105.090497844846993, 40.000187901674501 ], [ -105.090497856525005, 40.000188257446801 ], [ -105.090499185133993, 40.000228019975999 ], [ -105.090499196812004, 40.000228375748101 ], [ -105.090499467205007, 40.000236452530402 ], [ -105.095048103714007, 40.000252518009603 ], [ -105.096922416096007, 40.000247996884397 ], [ -105.100424177533, 40.0001965743974 ], [ -105.102692206233002, 40.000224463631596 ], [ -105.102822642510006, 40.000226065638103 ], [ -105.102822641611994, 40.000226421410197 ], [ -105.102822741324999, 40.000279561488703 ], [ -105.102822741324999, 40.000279917260499 ], [ -105.102823053939005, 40.000446463676397 ], [ -105.102823047651, 40.000446819447298 ], [ -105.102729469248999, 40.003759800442403 ], [ -105.102729469248999, 40.003760156196002 ], [ -105.102794209034997, 40.006040389691201 ], [ -105.102794215323001, 40.006040745432998 ], [ -105.102847082075996, 40.010361264644601 ], [ -105.102847083873002, 40.010361620363902 ], [ -105.102822171792994, 40.014638393331197 ], [ -105.102822169996998, 40.014638749028201 ], [ -105.102821764856003, 40.014708191086598 ], [ -105.102821763060007, 40.014708546783297 ], [ -105.102821569024002, 40.014741877680102 ], [ -105.102796579688999, 40.014741791680002 ], [ -105.093222188067003, 40.014708418127 ], [ -105.074489847620001, 40.014940872000999 ], [ -105.058287191757998, 40.014828680626898 ], [ -105.055525593607001, 40.014809330625098 ], [ -105.055525855914993, 40.014768961515799 ] ] ] } },
{ "type": "Feature", "properties": { "OBJECTID_1": 27, "OBJECTID": 28, "area_name": "Superior", "area_code": 185, "SchType": "Elementary", "SchType2": "Neighborhood", "resident_students_gis": 700, "Shape_Leng": 53753.340931600003, "State_CD": 8418, "Key_ID": 28, "Yld": 0.46, "neighborhood_flag": " ", "capacity_gis": 521, "enrollment_gis": 573, "Perc_Cap": 1.1, "SHAPE__Area": 15947536.63671875, "SHAPE__Length": 21359.296894197498 }, "geometry": { "type": "Polygon", "coordinates": [ [ [ -105.147036964413005, 39.9439010298372 ], [ -105.147159169427994, 39.939913436636999 ], [ -105.146864899307005, 39.9393405398677 ], [ -105.146629132868, 39.939332556445699 ], [ -105.146607540961, 39.939310770260398 ], [ -105.146199487532002, 39.9393180063797 ], [ -105.145007527353997, 39.939277631910301 ], [ -105.145017937930007, 39.937275681575798 ], [ -105.146581886874003, 39.936594096857299 ], [ -105.145918197168996, 39.935619667027503 ], [ -105.145552624169994, 39.934474553111798 ], [ -105.145558456033001, 39.933351332802602 ], [ -105.145827521224007, 39.932436499161703 ], [ -105.146277482857997, 39.931705121199002 ], [ -105.146609426525004, 39.931274626893298 ], [ -105.146829769790003, 39.9308553966424 ], [ -105.147197840103999, 39.930312865075898 ], [ -105.147244808519005, 39.930135735019597 ], [ -105.147284315527003, 39.930075505818898 ], [ -105.147284783548997, 39.9299849814387 ], [ -105.147382681050004, 39.929615778526099 ], [ -105.147287901601004, 39.929381469193402 ], [ -105.147289630857998, 39.929046781319002 ], [ -105.147290106965002, 39.928954579570103 ], [ -105.147465170648005, 39.928956961664802 ], [ -105.149383406156005, 39.928983048972597 ], [ -105.150285108088994, 39.928965374771003 ], [ -105.150420706983994, 39.928997141763404 ], [ -105.150421593621999, 39.9289971548518 ], [ -105.151688807466996, 39.929280054371702 ], [ -105.153002936727006, 39.929249138255102 ], [ -105.156038265917999, 39.929328007390097 ], [ -105.159844201401995, 39.929339310222701 ], [ -105.160932997255003, 39.929063460091399 ], [ -105.162203362390997, 39.928718366700501 ], [ -105.164916588959002, 39.928726292118 ], [ -105.165811542746994, 39.928719944206598 ], [ -105.167699249909006, 39.928725405545897 ], [ -105.180417654294999, 39.928700580145197 ], [ -105.189668526651005, 39.928705700496799 ], [ -105.195158176267995, 39.928655591574802 ], [ -105.204522122263, 39.928649316676697 ], [ -105.217105105620007, 39.928555645035097 ], [ -105.217404455714004, 39.928553399322404 ], [ -105.217420052264004, 39.9285532829036 ], [ -105.217435648814003, 39.928553165106997 ], [ -105.217496299469005, 39.928589108900901 ], [ -105.217497049561999, 39.928649842283001 ], [ -105.217531148711998, 39.936000905916302 ], [ -105.203538966490001, 39.935965745040797 ], [ -105.203465578622996, 39.935965556311203 ], [ -105.203465785236006, 39.936014513040199 ], [ -105.203495783576003, 39.943152904837198 ], [ -105.203495996477002, 39.943203607843103 ], [ -105.203383168976004, 39.9432027056179 ], [ -105.201111242484998, 39.943184518547 ], [ -105.198789066035005, 39.943205968091597 ], [ -105.190020350034999, 39.943182707897599 ], [ -105.176123905764996, 39.943201677356697 ], [ -105.171037910528, 39.9431648961748 ], [ -105.163141899742001, 39.943162473251199 ], [ -105.163853847842006, 39.944939710807098 ], [ -105.164141529717995, 39.946885329822003 ], [ -105.155520406020997, 39.946974274046298 ], [ -105.151525551240994, 39.946997601130803 ], [ -105.149631814586996, 39.947020434421603 ], [ -105.149060249808997, 39.947027320563301 ], [ -105.148797032651004, 39.946854865170998 ], [ -105.147027683917997, 39.945695573057201 ], [ -105.147036964413005, 39.9439010298372 ] ] ] } },
{ "type": "Feature", "properties": { "OBJECTID_1": 28, "OBJECTID": 29, "area_name": "Whittier", "area_code": 196, "SchType": "Elementary", "SchType2": "Neighborhood", "resident_students_gis": 354, "Shape_Leng": 55499.498784800002, "State_CD": 9544, "Key_ID": 29, "Yld": 0.09, "neighborhood_flag": "Boulder", "capacity_gis": 371, "enrollment_gis": 394, "Perc_Cap": 1.06, "SHAPE__Area": 8928080.734375, "SHAPE__Length": 22120.086976696479 }, "geometry": { "type": "MultiPolygon", "coordinates": [ [ [ [ -105.236455443864003, 40.029609401487598 ], [ -105.237096479854003, 40.029709480974098 ], [ -105.237112852549004, 40.0310079738233 ], [ -105.237108288209001, 40.032191366193203 ], [ -105.237167234758999, 40.0335392633814 ], [ -105.239476525775999, 40.033528065812398 ], [ -105.239486976776007, 40.036387976622798 ], [ -105.238790686311006, 40.035900864566401 ], [ -105.238591302537998, 40.035761377682199 ], [ -105.238015998074005, 40.035234116677003 ], [ -105.237140720086003, 40.034870530492199 ], [ -105.236264051505003, 40.034868529688097 ], [ -105.235771816051994, 40.034982455749301 ], [ -105.234807507832002, 40.035522635421998 ], [ -105.234815564822, 40.0334517008191 ], [ -105.234803583092003, 40.031035560201701 ], [ -105.234786998396004, 40.029802811139803 ], [ -105.236455443864003, 40.029609401487598 ] ] ], [ [ [ -105.225364702331007, 40.029157482613002 ], [ -105.225364778688004, 40.029157497745899 ], [ -105.225505791730001, 40.029185367581199 ], [ -105.225887021464999, 40.029260713135997 ], [ -105.225987931915995, 40.029281471892403 ], [ -105.225938918935, 40.033456190856903 ], [ -105.225033643504005, 40.033673574913998 ], [ -105.224176858234003, 40.033894972324198 ], [ -105.223710819451, 40.034051932616102 ], [ -105.223481506509003, 40.034129163572103 ], [ -105.223303163975004, 40.034302524691803 ], [ -105.222931336906001, 40.034400941063403 ], [ -105.222623599242993, 40.034623643620897 ], [ -105.222350179917996, 40.0343498888952 ], [ -105.222689810469006, 40.034226571872701 ], [ -105.222697486572997, 40.0323397401799 ], [ -105.223248195164999, 40.031931418097301 ], [ -105.223383364666006, 40.031626685063202 ], [ -105.223688223229004, 40.030939393705196 ], [ -105.223852520603003, 40.030244631621102 ], [ -105.224128088697, 40.029984608008903 ], [ -105.224190684204999, 40.029556148047298 ], [ -105.223926891226995, 40.0291776649781 ], [ -105.223926857988999, 40.029177625770402 ], [ -105.223927986272997, 40.029177609949699 ], [ -105.223929117251998, 40.029177589314003 ], [ -105.223929641867997, 40.029177585186901 ], [ -105.223934608652996, 40.029177515713499 ], [ -105.224365779327997, 40.0291714804709 ], [ -105.224811030197003, 40.0291652464376 ], [ -105.224934805467001, 40.029163517856901 ], [ -105.225355226003003, 40.029157615369201 ], [ -105.225355908723003, 40.029157646322702 ], [ -105.225364702331007, 40.029157482613002 ] ] ], [ [ [ -105.261279810022998, 40.008103756486697 ], [ -105.262913354145994, 40.008157378961897 ], [ -105.263910671858994, 40.008190105494997 ], [ -105.264779119956998, 40.008213777743997 ], [ -105.266050484917002, 40.008248421890798 ], [ -105.266704971381998, 40.008244217805597 ], [ -105.269243035453002, 40.008227877604199 ], [ -105.269468573674999, 40.008161102093503 ], [ -105.269546206979996, 40.008138117205597 ], [ -105.271898588384005, 40.010355771981203 ], [ -105.272081656054993, 40.010528347223698 ], [ -105.273355041326994, 40.0105266181709 ], [ -105.276848583179003, 40.010455002454897 ], [ -105.277675742908997, 40.011921233356802 ], [ -105.278277635709003, 40.012909715793697 ], [ -105.278590145223006, 40.013842514991701 ], [ -105.278666780500004, 40.014071255886101 ], [ -105.278998497792003, 40.014980104435303 ], [ -105.279015248676998, 40.015025999419699 ], [ -105.280696825719005, 40.014697886892201 ], [ -105.280847002474005, 40.014668582159203 ], [ -105.283050440509001, 40.014238598393703 ], [ -105.283067398905004, 40.0142256219129 ], [ -105.283078166112006, 40.014217382352001 ], [ -105.283078704203007, 40.014216970924302 ], [ -105.283090549388007, 40.014207907818999 ], [ -105.283506512483996, 40.013889627141801 ], [ -105.283656445795998, 40.013883206637502 ], [ -105.285285240527003, 40.0138134465669 ], [ -105.287223000918004, 40.013738889612902 ], [ -105.289216002309004, 40.013642076083201 ], [ -105.290057082333007, 40.0135177240061 ], [ -105.290321617318995, 40.013477679563202 ], [ -105.290322314411995, 40.013477874959001 ], [ -105.290322547974, 40.013477941008297 ], [ -105.290323788546999, 40.013478290519302 ], [ -105.290330275282003, 40.013477098879697 ], [ -105.290333504725993, 40.013476505812001 ], [ -105.290352903843996, 40.013472943277499 ], [ -105.291427331145002, 40.013777014353103 ], [ -105.292149237070007, 40.013690041505903 ], [ -105.292337587733996, 40.013667348820597 ], [ -105.292804373915004, 40.013678298525498 ], [ -105.294015783516997, 40.013636117211597 ], [ -105.295283127618006, 40.013591975036199 ], [ -105.295292870745996, 40.013593289139997 ], [ -105.295295037482006, 40.013598455424997 ], [ -105.295293430396001, 40.014133769604101 ], [ -105.295064867546998, 40.014390937181098 ], [ -105.294990626279997, 40.0144744711816 ], [ -105.294943239250003, 40.014527787306797 ], [ -105.294940673661998, 40.014530674167297 ], [ -105.294939952315005, 40.014531183977503 ], [ -105.29419751719, 40.015055689965898 ], [ -105.294132418977, 40.015101679843099 ], [ -105.294069561160995, 40.015371888149701 ], [ -105.294069411142999, 40.0153763119541 ], [ -105.294069260225996, 40.015380735070202 ], [ -105.294059490148996, 40.0154239053292 ], [ -105.294049408356003, 40.015964839128202 ], [ -105.294055659731995, 40.016691840971703 ], [ -105.294034947276998, 40.016691803820699 ], [ -105.294031522001006, 40.016691797628901 ], [ -105.294024700194001, 40.0166917852452 ], [ -105.294024570836996, 40.016695563637697 ], [ -105.294024513344993, 40.016697282902598 ], [ -105.294024164798003, 40.016707512493198 ], [ -105.293610549001002, 40.0167067729137 ], [ -105.293609875263996, 40.016929389452798 ], [ -105.293031389866002, 40.016737538042499 ], [ -105.292740697734999, 40.017118645963002 ], [ -105.292522195117996, 40.017308153059098 ], [ -105.292439552806997, 40.0173903577627 ], [ -105.292416350221004, 40.017452248576198 ], [ -105.292368804190005, 40.017579072936201 ], [ -105.292157707285, 40.017767535790703 ], [ -105.292155980722995, 40.018334059124797 ], [ -105.292157704589997, 40.018405598464902 ], [ -105.292050388253003, 40.018442311648798 ], [ -105.292049828602003, 40.018625708721402 ], [ -105.292049158458994, 40.018845362838697 ], [ -105.292048990474001, 40.018900394070499 ], [ -105.292051056599007, 40.018913343519998 ], [ -105.292052088763995, 40.018919819275801 ], [ -105.292053121826001, 40.018926298470703 ], [ -105.292152279663995, 40.019548039648598 ], [ -105.292704893581998, 40.020041634069401 ], [ -105.293272063801993, 40.020548219463102 ], [ -105.293184442129004, 40.020544098688603 ], [ -105.292529197486004, 40.0205132843681 ], [ -105.291482805707005, 40.020464066181098 ], [ -105.291540362564007, 40.024591723372801 ], [ -105.291592048032001, 40.024591816927398 ], [ -105.291780306169002, 40.024592156750799 ], [ -105.292392908683993, 40.024593260832702 ], [ -105.292593073991, 40.0245936212931 ], [ -105.292623805356001, 40.025494295118598 ], [ -105.292623826916, 40.025494936234303 ], [ -105.292623849373996, 40.02549557735 ], [ -105.292623936511006, 40.025498143188699 ], [ -105.292625292967003, 40.025537890287502 ], [ -105.292607747071997, 40.025537858644498 ], [ -105.292590201178001, 40.0255378270015 ], [ -105.292443490123006, 40.025541201799498 ], [ -105.291559098725998, 40.025557304660502 ], [ -105.291363751084006, 40.0255598966368 ], [ -105.290232810768998, 40.025535832802603 ], [ -105.289402168270001, 40.025518150536101 ], [ -105.288730287725997, 40.025503844440699 ], [ -105.288039732106, 40.025514642285799 ], [ -105.288039737496007, 40.025512807677202 ], [ -105.288039743783997, 40.025510973068499 ], [ -105.287953961861007, 40.025512314458403 ], [ -105.287855923324003, 40.025517516299502 ], [ -105.287760280594, 40.025519011089202 ], [ -105.287651698530993, 40.0255207088071 ], [ -105.286812848124995, 40.025533817966803 ], [ -105.286359586081005, 40.025537228535498 ], [ -105.285911030310004, 40.025544233339303 ], [ -105.285620237567997, 40.025546419459801 ], [ -105.285568010415005, 40.0255483758244 ], [ -105.282061927184003, 40.025541804392901 ], [ -105.282061919098993, 40.025544196193103 ], [ -105.282061915506006, 40.0255453931251 ], [ -105.282060352437, 40.025545389685597 ], [ -105.282057247859996, 40.0255453841825 ], [ -105.282057259538007, 40.025541796138199 ], [ -105.282035045997006, 40.025541804392901 ], [ -105.282034471974001, 40.025541800265501 ], [ -105.282030072924002, 40.025541800953398 ], [ -105.282030072026004, 40.025541747985699 ], [ -105.282030030702998, 40.025539017054598 ], [ -105.282005286609007, 40.025538741897797 ], [ -105.278404071788998, 40.025498522217497 ], [ -105.276638895730002, 40.025501416180703 ], [ -105.274799794611994, 40.025508333625901 ], [ -105.272708417816006, 40.025520309829602 ], [ -105.272615360437001, 40.025520841570298 ], [ -105.272630000280998, 40.0260224954053 ], [ -105.272621246198995, 40.026174627660197 ], [ -105.271352271655005, 40.026740345160697 ], [ -105.271013011210002, 40.026891583636598 ], [ -105.270512931667994, 40.027128831088703 ], [ -105.270498492147993, 40.027115440206302 ], [ -105.270484053526999, 40.027102049321201 ], [ -105.270385743698, 40.027058603045298 ], [ -105.270379346794996, 40.027069346302099 ], [ -105.270378019085001, 40.027071576397901 ], [ -105.270376088606, 40.027074820423501 ], [ -105.270374229991006, 40.027077942006898 ], [ -105.270371261058997, 40.027082929111103 ], [ -105.270366433513004, 40.027091037109898 ], [ -105.270334392403996, 40.027144860660201 ], [ -105.270371865626004, 40.027222293417999 ], [ -105.269855689172005, 40.027379828994697 ], [ -105.269834347895994, 40.027387978918497 ], [ -105.269813006619003, 40.027396128841303 ], [ -105.269587376768996, 40.027383286246398 ], [ -105.269585211830005, 40.027383163117101 ], [ -105.269583685591996, 40.0273830757572 ], [ -105.269574778795999, 40.027382568794501 ], [ -105.269552156521996, 40.027382524082697 ], [ -105.269536969604005, 40.027382493816297 ], [ -105.269522098893006, 40.027382463549799 ], [ -105.269507229978004, 40.027382433971297 ], [ -105.269506844600997, 40.027496276234999 ], [ -105.269458525120001, 40.0275031418875 ], [ -105.269458501764007, 40.027510182946799 ], [ -105.269458477509005, 40.027517223317403 ], [ -105.269218611159005, 40.027537227321098 ], [ -105.269157176275002, 40.027542350590302 ], [ -105.269154333106997, 40.027542588594002 ], [ -105.269153521030006, 40.027542656005402 ], [ -105.269152303813001, 40.027542757122497 ], [ -105.269149866682994, 40.027542960044698 ], [ -105.269142558889001, 40.027543569499102 ], [ -105.269143655731995, 40.027219841831403 ], [ -105.268814891201998, 40.027219183535003 ], [ -105.268801887189994, 40.027219527472603 ], [ -105.268788882280006, 40.027219872097902 ], [ -105.268595130045995, 40.027256697477902 ], [ -105.268463947268003, 40.027281629490403 ], [ -105.268349605207007, 40.027342819330997 ], [ -105.268021940216002, 40.027342160347999 ], [ -105.268006428107995, 40.027342184423503 ], [ -105.267990917795998, 40.027342207123397 ], [ -105.267844801424999, 40.027352122135603 ], [ -105.265388376247003, 40.027347152247899 ], [ -105.263188074230996, 40.027368284414102 ], [ -105.263072223899002, 40.027369396017697 ], [ -105.262826848181007, 40.027454530631402 ], [ -105.262771648503005, 40.027460780642102 ], [ -105.262558096502005, 40.027492464734799 ], [ -105.261954610988994, 40.027582000196098 ], [ -105.261948532090003, 40.027582901995402 ], [ -105.261942696633994, 40.027579142778301 ], [ -105.261738452976005, 40.027447581053501 ], [ -105.261518937060004, 40.027447127745397 ], [ -105.261414789081002, 40.027436900452699 ], [ -105.261250244669995, 40.027420743005599 ], [ -105.261153656912001, 40.027383365351803 ], [ -105.260835443095999, 40.0272435171102 ], [ -105.260560854165007, 40.027153964007702 ], [ -105.260406194815999, 40.027094113980702 ], [ -105.259439395567, 40.027117728082096 ], [ -105.258370687839999, 40.027143822655503 ], [ -105.258368824734006, 40.027155030902897 ], [ -105.258368460018005, 40.027157227977803 ], [ -105.258367711722002, 40.027161729436003 ], [ -105.258367552720003, 40.027162686270998 ], [ -105.258367103561994, 40.027165388246303 ], [ -105.258366191771998, 40.027170878869001 ], [ -105.258364632297003, 40.0271708995053 ], [ -105.258364567618003, 40.027170900193198 ], [ -105.258363712421996, 40.027170911886998 ], [ -105.258363345909004, 40.027170916702197 ], [ -105.258361802604, 40.027170937338497 ], [ -105.258345429011001, 40.027171154707098 ], [ -105.258353886649004, 40.027244910056602 ], [ -105.258335407405994, 40.027356099421198 ], [ -105.258155638348001, 40.027357104404601 ], [ -105.256018869680005, 40.027327714308797 ], [ -105.256007780876004, 40.027434674496099 ], [ -105.256007442211995, 40.027437937077003 ], [ -105.256007105343002, 40.027441198282098 ], [ -105.256007096359994, 40.027442031295998 ], [ -105.256007093665005, 40.027442692341801 ], [ -105.256006346267, 40.027653235431302 ], [ -105.255991900458994, 40.0276536233903 ], [ -105.255989596280003, 40.027653685298603 ], [ -105.255988247011004, 40.027653722443702 ], [ -105.255987252576006, 40.027653748582701 ], [ -105.255987177117007, 40.027653750646401 ], [ -105.255985065177995, 40.027653807051799 ], [ -105.255984613324998, 40.0276581647122 ], [ -105.255984505526996, 40.027659203396901 ], [ -105.255984386950004, 40.027660352828597 ], [ -105.255984224355004, 40.027661923237098 ], [ -105.255983656618994, 40.027667401438201 ], [ -105.255982521148994, 40.027678345457304 ], [ -105.253890202918001, 40.027699408733802 ], [ -105.253888587747994, 40.027699439000102 ], [ -105.253886973475005, 40.027699454821203 ], [ -105.253771631589004, 40.027700624200399 ], [ -105.253631751322999, 40.027565437626997 ], [ -105.253630906907006, 40.027499763059303 ], [ -105.253604362588007, 40.025434157471899 ], [ -105.253645332052997, 40.023393784616097 ], [ -105.253646331878002, 40.023343984467701 ], [ -105.253646357929, 40.023342670551799 ], [ -105.253646365115998, 40.023342344480497 ], [ -105.253654112186993, 40.023340625383099 ], [ -105.253661861054994, 40.023338905597697 ], [ -105.253668834676006, 40.023337357790801 ], [ -105.253671448774, 40.023336777879102 ], [ -105.253685104962997, 40.023333746929097 ], [ -105.258385022257002, 40.022290626422702 ], [ -105.258411670780006, 40.014770376045 ], [ -105.258445746573997, 40.014548607650298 ], [ -105.258598797039994, 40.013552525080001 ], [ -105.258701743971997, 40.012927368990901 ], [ -105.258690063177994, 40.0081974361592 ], [ -105.258690020957005, 40.008180525539103 ], [ -105.258689978736996, 40.008163613538599 ], [ -105.258690133247001, 40.008163653446502 ], [ -105.258758903773, 40.0081813243848 ], [ -105.259069079464993, 40.008261023823898 ], [ -105.259410537188998, 40.008261736660401 ], [ -105.259595308065997, 40.008262121977502 ], [ -105.260717931778998, 40.008264457274002 ], [ -105.261279810022998, 40.008103756486697 ] ] ], [ [ [ -105.271070158434995, 40.011572016324699 ], [ -105.269931376726007, 40.011577568061199 ], [ -105.269940146080003, 40.011991952409197 ], [ -105.267459269658005, 40.0119869765864 ], [ -105.267455296410006, 40.013151888529002 ], [ -105.267373981808007, 40.013143905468702 ], [ -105.267272332044001, 40.013135881814598 ], [ -105.267289892310998, 40.013599594773503 ], [ -105.267951890489002, 40.0136298019493 ], [ -105.267951251786002, 40.013817437714003 ], [ -105.267950427133002, 40.0140598019346 ], [ -105.268053833104005, 40.014614126124499 ], [ -105.272554584017996, 40.014589140634598 ], [ -105.272561333061006, 40.012606974929398 ], [ -105.272553642584, 40.011864226667399 ], [ -105.271070158434995, 40.011572016324699 ] ] ] ] } },
{ "type": "Feature", "properties": { "OBJECTID_1": 29, "OBJECTID": 30, "area_name": "Mesa", "area_code": 166, "SchType": "Elementary", "SchType2": "Neighborhood", "resident_students_gis": 258, "Shape_Leng": 129305.262387, "State_CD": 5838, "Key_ID": 23, "Yld": 0.17, "neighborhood_flag": "Boulder", "capacity_gis": 485, "enrollment_gis": 371, "Perc_Cap": 0.76, "SHAPE__Area": 115289727.44140625, "SHAPE__Length": 51430.491169028493 }, "geometry": { "type": "Polygon", "coordinates": [ [ [ -105.267327759894002, 39.985714288846097 ], [ -105.267298911397006, 39.985714231029498 ], [ -105.267400646501002, 39.980521780401602 ], [ -105.267370135221995, 39.975109609830703 ], [ -105.266035729189994, 39.975181560006199 ], [ -105.265820132624, 39.975198394813503 ], [ -105.265685698843001, 39.975042361357801 ], [ -105.265547430154996, 39.974903311120798 ], [ -105.265071756940003, 39.974945383502103 ], [ -105.264926498460994, 39.975010177920304 ], [ -105.264739101806995, 39.975101389643299 ], [ -105.260095163928, 39.975091816748197 ], [ -105.258707490494999, 39.975088919959298 ], [ -105.256556215832006, 39.975129532129998 ], [ -105.256067575437001, 39.975125832668198 ], [ -105.256057192708994, 39.9751257541906 ], [ -105.253638051208, 39.975107408326799 ], [ -105.250808110128006, 39.975115585832697 ], [ -105.250579292156999, 39.975091918631399 ], [ -105.250455569888004, 39.975091650843602 ], [ -105.250408676033999, 39.975074271485099 ], [ -105.250371904396005, 39.975070467383503 ], [ -105.250004857261999, 39.974954818737402 ], [ -105.249906259973002, 39.974888065762002 ], [ -105.249714154350997, 39.974816866325398 ], [ -105.249750754410996, 39.974782782787997 ], [ -105.249729937750999, 39.974768689789997 ], [ -105.250939845369999, 39.9736316123631 ], [ -105.251896222363996, 39.972732518431499 ], [ -105.252115585566003, 39.9724060999621 ], [ -105.252219894343995, 39.972141277934199 ], [ -105.252211749319002, 39.9712224337284 ], [ -105.252008911524996, 39.971020620184497 ], [ -105.251923115227996, 39.970972328757199 ], [ -105.250504650241993, 39.970497414423697 ], [ -105.250422440020003, 39.970469528885801 ], [ -105.249419130543998, 39.970143920930298 ], [ -105.249213531327996, 39.970130287549097 ], [ -105.249090762172003, 39.970124947239398 ], [ -105.248865047880003, 39.970177913151801 ], [ -105.248283173138006, 39.970325737639698 ], [ -105.248128039478004, 39.970367630400197 ], [ -105.247779812049998, 39.970499697312803 ], [ -105.247772615645999, 39.9704994515374 ], [ -105.247728750012996, 39.970516206261401 ], [ -105.247031901694001, 39.970295081714198 ], [ -105.246913942117004, 39.970592218971603 ], [ -105.246888999494999, 39.970663370487301 ], [ -105.246803210386005, 39.970761770548101 ], [ -105.246701262380995, 39.970883564445302 ], [ -105.246698704877005, 39.970881637493903 ], [ -105.246694507948007, 39.9708864524627 ], [ -105.246308291665002, 39.970587591927803 ], [ -105.241918542874998, 39.970602679214899 ], [ -105.240973318464995, 39.970605281539299 ], [ -105.238779150146001, 39.970627339332097 ], [ -105.236947779928997, 39.9706231735491 ], [ -105.236946539355003, 39.970945089860201 ], [ -105.236985820886005, 39.971153353622398 ], [ -105.236990322343999, 39.971166421590397 ], [ -105.237119349164999, 39.971467207217799 ], [ -105.237109702156999, 39.971512873975897 ], [ -105.235086174215994, 39.971450321235501 ], [ -105.233931156355993, 39.971451699486501 ], [ -105.231903547369001, 39.971447000903403 ], [ -105.231692388479999, 39.971448443179099 ], [ -105.229599253681002, 39.975296027665401 ], [ -105.228298059262997, 39.977665662232198 ], [ -105.225700106309006, 39.982436012672302 ], [ -105.225811421046998, 39.982496350650401 ], [ -105.226696808675996, 39.9828728018771 ], [ -105.226900533107994, 39.982957380768198 ], [ -105.226913341287002, 39.982962698048901 ], [ -105.227240244507001, 39.983122947961903 ], [ -105.227237690596994, 39.983410412289999 ], [ -105.227233707466993, 39.983858623311903 ], [ -105.227230006408007, 39.984275113485303 ], [ -105.227226528130998, 39.984666429161003 ], [ -105.227220806760997, 39.985310286280203 ], [ -105.227220778912994, 39.985313382241998 ], [ -105.227220751065005, 39.985316478892102 ], [ -105.227217217092999, 39.985714082358101 ], [ -105.227214344280995, 39.986037292465397 ], [ -105.226576881789001, 39.986015439250401 ], [ -105.226572108141994, 39.986015276125599 ], [ -105.226567333595995, 39.986015112312501 ], [ -105.225412947251996, 39.985975530099502 ], [ -105.22453469045, 39.985945407736502 ], [ -105.220852900341995, 39.985819056654499 ], [ -105.215401349174002, 39.986005389522298 ], [ -105.214078262813004, 39.986050573710401 ], [ -105.213016196330997, 39.986086832129303 ], [ -105.212848883313001, 39.986092543556403 ], [ -105.212676409473005, 39.985867660399798 ], [ -105.212380594250007, 39.985424647494298 ], [ -105.212101806592997, 39.985023119720204 ], [ -105.211933849483003, 39.984773912554601 ], [ -105.211756290279993, 39.984515273319097 ], [ -105.211198544287001, 39.983710077144501 ], [ -105.210284624368001, 39.982390639557103 ], [ -105.209829050958007, 39.981732900836199 ], [ -105.209263181498997, 39.9809159012283 ], [ -105.209139276871994, 39.980737005798801 ], [ -105.208313566124005, 39.979544801621799 ], [ -105.208182773215, 39.979355953084898 ], [ -105.208182751655997, 39.979355922108802 ], [ -105.208182730095999, 39.979355890444403 ], [ -105.207799303081998, 39.978802257458199 ], [ -105.207334026968994, 39.9781304297505 ], [ -105.206770811132998, 39.977317162133801 ], [ -105.206560527202996, 39.9770135131158 ], [ -105.206037640334003, 39.976258454077602 ], [ -105.205348856192003, 39.975263804420202 ], [ -105.204866946872997, 39.974567875267603 ], [ -105.204686306449005, 39.974307007572101 ], [ -105.204038176463001, 39.973371005446403 ], [ -105.203893236884994, 39.973161685521198 ], [ -105.203783275009997, 39.973002880649901 ], [ -105.203639178052001, 39.972794774664798 ], [ -105.197626237324002, 39.970420934152202 ], [ -105.195312243627001, 39.969507268798701 ], [ -105.194042239615001, 39.969005784127802 ], [ -105.194059640879999, 39.968295791241999 ], [ -105.194068246740002, 39.964629402889699 ], [ -105.194063492856003, 39.962139863240402 ], [ -105.194055509527999, 39.960503357337998 ], [ -105.194086348691997, 39.957519064810398 ], [ -105.203470015402004, 39.957223794624703 ], [ -105.203494196253004, 39.954908850947803 ], [ -105.203514172089996, 39.9503109394362 ], [ -105.203518826261003, 39.949995183069603 ], [ -105.203497307118994, 39.943515292862898 ], [ -105.203496258784995, 39.943265873746903 ], [ -105.203495996477002, 39.943203607843103 ], [ -105.203495783576003, 39.943152904837198 ], [ -105.203465785236006, 39.936014513040199 ], [ -105.203465578622996, 39.935965556311203 ], [ -105.203538966490001, 39.935965745040797 ], [ -105.217531148711998, 39.936000905916302 ], [ -105.217497049561999, 39.928649842283001 ], [ -105.217496299469005, 39.928589108900901 ], [ -105.217420052264004, 39.9285532829036 ], [ -105.217404321865004, 39.928484876117501 ], [ -105.217389422408004, 39.920877539706098 ], [ -105.217387513488006, 39.920674173517902 ], [ -105.217356577306006, 39.917379153240297 ], [ -105.217428682378994, 39.914194064378798 ], [ -105.26015951654, 39.914150351286999 ], [ -105.276507948310993, 39.913941153271402 ], [ -105.295640131587007, 39.9139421110036 ], [ -105.304791160690002, 39.914109939234798 ], [ -105.314073573792996, 39.914084746112898 ], [ -105.322697793982996, 39.914007098267597 ], [ -105.323345985054004, 39.914008094583799 ], [ -105.323876454602001, 39.9140089069328 ], [ -105.323942762846997, 39.914009008218002 ], [ -105.323958811249, 39.919439361185503 ], [ -105.323930745184995, 39.922106780876199 ], [ -105.323950737192007, 39.9225708754255 ], [ -105.323945656320006, 39.9245414482466 ], [ -105.324107640532006, 39.928301356181699 ], [ -105.324199192335001, 39.928337842938298 ], [ -105.324202225047003, 39.928408235884604 ], [ -105.324204662176001, 39.928464787298601 ], [ -105.331262078576998, 39.931256785894803 ], [ -105.332672489268006, 39.931783508073998 ], [ -105.335441432943995, 39.9328175029829 ], [ -105.335908199361995, 39.9330056789723 ], [ -105.335908588332998, 39.933005836024201 ], [ -105.335909914246002, 39.933006370551801 ], [ -105.335151840351003, 39.9337744939956 ], [ -105.334739532499995, 39.934186070884103 ], [ -105.334235321606002, 39.9346893793223 ], [ -105.334056353845, 39.934868024676199 ], [ -105.333402217723005, 39.935520971871803 ], [ -105.332589690649996, 39.936331998051699 ], [ -105.331958335804003, 39.936962169717503 ], [ -105.328776151826006, 39.9401381589878 ], [ -105.328165355823998, 39.940747722069702 ], [ -105.327678813893002, 39.941233272647999 ], [ -105.327303274086006, 39.941608039879597 ], [ -105.326893156327998, 39.9420173092346 ], [ -105.326295808105002, 39.942613409552003 ], [ -105.326099414824995, 39.9428093894158 ], [ -105.325926212450995, 39.942982226227699 ], [ -105.325886825818003, 39.943021528924 ], [ -105.325866389145006, 39.943041923395903 ], [ -105.325844370539002, 39.943063895725899 ], [ -105.325838565626, 39.943069687885099 ], [ -105.325833731790993, 39.943074511010998 ], [ -105.325832424742998, 39.943075794101503 ], [ -105.325830403533004, 39.943077779000497 ], [ -105.325825642461993, 39.9430824023962 ], [ -105.32570140995, 39.943203065819198 ], [ -105.325082970181995, 39.943803730254302 ], [ -105.324657199279997, 39.944217255797099 ], [ -105.324657160653004, 39.944217294364897 ], [ -105.320521408713006, 39.9482337585697 ], [ -105.318695714051998, 39.950006596116701 ], [ -105.316781968323994, 39.951864805968903 ], [ -105.314263542323005, 39.954309945633199 ], [ -105.313631644894002, 39.954930813957603 ], [ -105.311359002447006, 39.957197568660398 ], [ -105.309460501128996, 39.959091001386 ], [ -105.307505182266993, 39.961040958508299 ], [ -105.305566864021998, 39.962973817718499 ], [ -105.303716203383004, 39.964819132782999 ], [ -105.303562168363001, 39.964972716476801 ], [ -105.303409191558003, 39.965125246419298 ], [ -105.303333342306999, 39.965200871302201 ], [ -105.303228711035004, 39.965305195498097 ], [ -105.303202202649004, 39.9653316262795 ], [ -105.303202045443996, 39.965331782568697 ], [ -105.303181980673997, 39.965351788960703 ], [ -105.303172014764002, 39.965361726058703 ], [ -105.303171090397001, 39.965362646580999 ], [ -105.303159355705006, 39.9653743469215 ], [ -105.303149413151004, 39.965384260607301 ], [ -105.303144262211006, 39.965389395426399 ], [ -105.303137265234, 39.965396371288897 ], [ -105.303125522456, 39.965408079885599 ], [ -105.303107690898003, 39.9654258596536 ], [ -105.303100780158005, 39.965432749450201 ], [ -105.303092496792999, 39.965441008667803 ], [ -105.303091629020997, 39.965441874109302 ], [ -105.303090975944997, 39.965442524050999 ], [ -105.303089965341002, 39.965443532699901 ], [ -105.303088891854003, 39.965444602625098 ], [ -105.303087839927002, 39.965445652583902 ], [ -105.303086858067999, 39.965446630938899 ], [ -105.303085693851997, 39.965447791057201 ], [ -105.303085490832004, 39.965447988656003 ], [ -105.303085016522004, 39.965448449949399 ], [ -105.303084349971996, 39.965449090940602 ], [ -105.303069004052006, 39.965463851637097 ], [ -105.30285550056, 39.9656692245835 ], [ -105.3026806381, 39.965837425153701 ], [ -105.302477193043998, 39.966033117474701 ], [ -105.300463003988995, 39.967970479302203 ], [ -105.298248023501003, 39.970100806721199 ], [ -105.296678420562003, 39.971610315200003 ], [ -105.294917016528998, 39.973304175886398 ], [ -105.293118794145997, 39.975033328849101 ], [ -105.292999236466997, 39.975150731405002 ], [ -105.292740424646993, 39.975404875746399 ], [ -105.292667394309007, 39.9754765888026 ], [ -105.291636294550997, 39.976493446838198 ], [ -105.290505016468998, 39.977615876907699 ], [ -105.289295134004007, 39.978816241551399 ], [ -105.286177639505993, 39.981908960485001 ], [ -105.284130851488001, 39.983939283114999 ], [ -105.282260523133999, 39.985794428174103 ], [ -105.280991217112003, 39.985783142239796 ], [ -105.279687105863999, 39.985771532117802 ], [ -105.278185253863001, 39.985758142756502 ], [ -105.277672833265996, 39.985753570426397 ], [ -105.277300438460998, 39.985750245971197 ], [ -105.277154709263996, 39.985748945097299 ], [ -105.277112061745996, 39.985748564471301 ], [ -105.277103153154002, 39.985747616691803 ], [ -105.277052846599005, 39.985742265901401 ], [ -105.277049928870994, 39.985741936209102 ], [ -105.277048867063002, 39.985741948598303 ], [ -105.277044600064997, 39.985741997467201 ], [ -105.277031767631001, 39.985742145450203 ], [ -105.276991756669005, 39.985742607983099 ], [ -105.276989164130995, 39.985742636891402 ], [ -105.276978987117005, 39.985742751836398 ], [ -105.276965984900997, 39.985742897754498 ], [ -105.276953616897003, 39.985743035413101 ], [ -105.276951141140003, 39.985743063633201 ], [ -105.276939101020005, 39.985743200603501 ], [ -105.276935430503997, 39.985743246719103 ], [ -105.276920107940001, 39.985743436687997 ], [ -105.276909506921001, 39.985743557139301 ], [ -105.276018471583996, 39.985753715656202 ], [ -105.273341112948003, 39.985732832843901 ], [ -105.272491872627995, 39.985726196320599 ], [ -105.267430301684996, 39.985781047076898 ], [ -105.267429963020007, 39.985720955655502 ], [ -105.267312555008999, 39.985717120484999 ], [ -105.267327759894002, 39.985714288846097 ] ] ] } },
{ "type": "Feature", "properties": { "OBJECTID_1": 30, "OBJECTID": 33, "area_name": "Lafayette", "area_code": 153, "SchType": "Elementary", "SchType2": "Neighborhood", "resident_students_gis": 1061, "Shape_Leng": 64819.970544099997, "State_CD": 4874, "Key_ID": 21, "Yld": 0.22, "neighborhood_flag": " ", "capacity_gis": 623, "enrollment_gis": 589, "Perc_Cap": 0.95, "SHAPE__Area": 24353125.74609375, "SHAPE__Length": 25821.573229391845 }, "geometry": { "type": "Polygon", "coordinates": [ [ [ -105.112259514639007, 40.040141161998299 ], [ -105.111495128282002, 40.040136029359203 ], [ -105.109501927465004, 40.040122621773598 ], [ -105.107512244451001, 40.040109210058802 ], [ -105.102764344543004, 40.040045788244697 ], [ -105.102866390464996, 40.038745673790999 ], [ -105.102906167865001, 40.038191019513299 ], [ -105.102954190901997, 40.037521380616603 ], [ -105.103033986452004, 40.036598980424799 ], [ -105.103081257599001, 40.035892498318901 ], [ -105.103109155678993, 40.034913957348699 ], [ -105.103049413221001, 40.033897791648002 ], [ -105.102967046692001, 40.032930581362599 ], [ -105.102879908313, 40.0319659167656 ], [ -105.102803798550994, 40.030975688130397 ], [ -105.102734351593, 40.030072150259898 ], [ -105.102672030969998, 40.029031124129702 ], [ -105.102663146631997, 40.028437899428397 ], [ -105.102709136781002, 40.022970931063298 ], [ -105.102784889014004, 40.021736122436899 ], [ -105.102819030385007, 40.021200052688499 ], [ -105.102892966224005, 40.020039132004598 ], [ -105.102928904224996, 40.019508880699597 ], [ -105.102917650131005, 40.016592713819001 ], [ -105.102923027447005, 40.015000127938897 ], [ -105.102922495643995, 40.014737655418799 ], [ -105.102821569024002, 40.014741877680102 ], [ -105.102821763060007, 40.014708546783297 ], [ -105.102821764856003, 40.014708191086598 ], [ -105.102822169996998, 40.014638749028201 ], [ -105.102822171792994, 40.014638393331197 ], [ -105.102847083873002, 40.010361620363902 ], [ -105.102847082075996, 40.010361264644601 ], [ -105.102794215323001, 40.006040745432998 ], [ -105.102794209034997, 40.006040389691201 ], [ -105.102729469248999, 40.003760156196002 ], [ -105.102729469248999, 40.003759800442403 ], [ -105.102823047651, 40.000446819447298 ], [ -105.102823053939005, 40.000446463676397 ], [ -105.102822741324999, 40.000279917260499 ], [ -105.102822741324999, 40.000279561488703 ], [ -105.102822641611994, 40.000226421410197 ], [ -105.102692204435996, 40.000224819403599 ], [ -105.100424175735995, 40.000196930169601 ], [ -105.096922413401003, 40.0002483526563 ], [ -105.095048101917001, 40.000252873781498 ], [ -105.090499471696006, 40.000236808302503 ], [ -105.090499467205007, 40.000236452530402 ], [ -105.090499196812004, 40.000228375748101 ], [ -105.090499185133993, 40.000228019975999 ], [ -105.090497856525005, 40.000188257446801 ], [ -105.090497844846993, 40.000187901674501 ], [ -105.090460928580995, 39.999082336910803 ], [ -105.090460924986999, 39.999081981132797 ], [ -105.090489116816002, 39.997214753315902 ], [ -105.090489118611998, 39.997214397528097 ], [ -105.090479249721, 39.994267398213502 ], [ -105.090479248822007, 39.994267042410399 ], [ -105.090491214381998, 39.992274288043099 ], [ -105.090491214381998, 39.992273932229601 ], [ -105.090478895784997, 39.990669991442601 ], [ -105.090478894886004, 39.990669635620698 ], [ -105.090481326626005, 39.9902645639173 ], [ -105.090481328422001, 39.990264208093301 ], [ -105.090481354472999, 39.990259922375699 ], [ -105.090535731293997, 39.990260358724697 ], [ -105.090558654503994, 39.990260542486801 ], [ -105.095157118765002, 39.990297348580697 ], [ -105.095157120562007, 39.990296992756903 ], [ -105.095157350530002, 39.990258261634303 ], [ -105.095217198091007, 39.990257663547098 ], [ -105.095217199887998, 39.990257308411302 ], [ -105.095217463094002, 39.990213012780899 ], [ -105.096667997935995, 39.990243171804003 ], [ -105.097619268906001, 39.990233660907698 ], [ -105.097933117809006, 39.990310304144799 ], [ -105.099019941860007, 39.990501950403299 ], [ -105.102520831033004, 39.990514073840501 ], [ -105.108557556454002, 39.990577137014398 ], [ -105.114783812926007, 39.990618576196297 ], [ -105.115007905759001, 39.990620061426803 ], [ -105.115058952525004, 39.9906211667465 ], [ -105.116103756081998, 39.990645100425397 ], [ -105.116161106326999, 39.990645029536303 ], [ -105.116165745226994, 39.990645023342097 ], [ -105.116166551914006, 39.990645021965697 ], [ -105.116172408031005, 39.990645015771499 ], [ -105.116176308516003, 39.990645010265503 ], [ -105.116184295436994, 39.990645001318299 ], [ -105.116188215685, 39.990644995812403 ], [ -105.116492285527997, 39.990646104573003 ], [ -105.117087988036999, 39.990648187198403 ], [ -105.117859703747996, 39.9906505100207 ], [ -105.118551995811998, 39.990653292589698 ], [ -105.118542794367997, 39.9915566449069 ], [ -105.118526144992998, 39.992386211601897 ], [ -105.118526148586, 39.992386567414798 ], [ -105.118526275248001, 39.992399363602502 ], [ -105.118526278841998, 39.992399719415303 ], [ -105.118526404606001, 39.9924125142241 ], [ -105.118526408199003, 39.992412870036802 ], [ -105.121261671339994, 39.9924218885483 ], [ -105.122254952023994, 39.992429923583998 ], [ -105.122266249237001, 39.9924300144298 ], [ -105.122358256485001, 39.992430758401802 ], [ -105.122358307688998, 39.992435675086099 ], [ -105.122358312181007, 39.992436030898702 ], [ -105.122361615285996, 39.992750253363297 ], [ -105.122361619778005, 39.992750609174301 ], [ -105.122381311747006, 39.993904235813503 ], [ -105.122381318034996, 39.993904591618502 ], [ -105.122381416850004, 39.993910342308197 ], [ -105.122381423137995, 39.993910698113197 ], [ -105.122381864210993, 39.993936574145998 ], [ -105.122381869601, 39.993936929950799 ], [ -105.122383627603995, 39.994039867586999 ], [ -105.122383633891999, 39.994040223391401 ], [ -105.122383665333004, 39.994042060222498 ], [ -105.122383671620995, 39.994042416026801 ], [ -105.122384141439994, 39.994069994639297 ], [ -105.122384147727999, 39.994070350443401 ], [ -105.122385383809998, 39.9941427775398 ], [ -105.122385390098003, 39.994143133343599 ], [ -105.122385430522002, 39.9941455166094 ], [ -105.122385436811001, 39.994145872413199 ], [ -105.122394594236994, 39.994145985967499 ], [ -105.122406106146997, 39.994146129114903 ], [ -105.122443079006999, 39.994146587461699 ], [ -105.122659204681995, 39.994149272162701 ], [ -105.122740429450999, 39.994150281076202 ], [ -105.124676435433003, 39.994174307114797 ], [ -105.124769115519001, 39.994175456422298 ], [ -105.124767337752999, 39.997501432320902 ], [ -105.124767337752999, 39.997501788107201 ], [ -105.127898667203993, 39.997510093686103 ], [ -105.127924787517003, 39.997510162503502 ], [ -105.127924787517003, 39.997509806717296 ], [ -105.127924813568995, 39.997476557556901 ], [ -105.127924814466994, 39.997476201770503 ], [ -105.127926088278002, 39.995847946175303 ], [ -105.127926092769002, 39.995847590380301 ], [ -105.127944779524, 39.994172594164702 ], [ -105.127944784015995, 39.994172238361102 ], [ -105.127944843303993, 39.994166712049299 ], [ -105.127944845998996, 39.9941663562456 ], [ -105.127950491910994, 39.994166358310302 ], [ -105.127951044374996, 39.994166358310302 ], [ -105.127954056426006, 39.994166358998498 ], [ -105.127958918108007, 39.994166361063101 ], [ -105.127964218168003, 39.994166363127697 ], [ -105.128017539468999, 39.994166380332999 ], [ -105.128024820313996, 39.994166381709398 ], [ -105.128068706609, 39.994166493199103 ], [ -105.128185393273, 39.994166789128698 ], [ -105.128264489933997, 39.994166814592297 ], [ -105.128284256463004, 39.994166820786198 ], [ -105.128287856013003, 39.994166823538997 ], [ -105.130064863781996, 39.994167025184097 ], [ -105.130490739787007, 39.994167155255397 ], [ -105.130582670677995, 39.994167182783798 ], [ -105.130932291392995, 39.994167288079602 ], [ -105.130949000057001, 39.994167292896996 ], [ -105.131189028104998, 39.994167364470698 ], [ -105.131195740316002, 39.994167367223497 ], [ -105.131264436283004, 39.994167391310803 ], [ -105.137116735779998, 39.9941693258641 ], [ -105.137133600751, 39.994169340316397 ], [ -105.137150466620994, 39.9941693547688 ], [ -105.137190403022998, 39.994221028861098 ], [ -105.137333837922995, 39.9944066141299 ], [ -105.137333860381005, 39.994469773499603 ], [ -105.137333860381005, 39.994470129301703 ], [ -105.137334227791996, 39.995491362376598 ], [ -105.137334227791996, 39.995491718173298 ], [ -105.137334566457, 39.9964325298156 ], [ -105.137334566457, 39.996432885607398 ], [ -105.137317018765998, 39.997394158890103 ], [ -105.137317011579, 39.997394514676898 ], [ -105.137295735880002, 39.998559936454903 ], [ -105.137295728693999, 39.998560292235602 ], [ -105.137294494409005, 39.998627930459499 ], [ -105.137294488120006, 39.998628286239899 ], [ -105.137225125604004, 39.998601339826003 ], [ -105.136261345592999, 39.998226918658702 ], [ -105.136204228910998, 39.9982119654698 ], [ -105.136187911014005, 39.998207693326201 ], [ -105.136171592219, 39.998203420494001 ], [ -105.136138667167003, 39.998194799818798 ], [ -105.136081532518006, 39.998234295123602 ], [ -105.134460067142001, 39.999355125219203 ], [ -105.134424630401, 39.999375686627097 ], [ -105.134411162858001, 39.999383500634899 ], [ -105.134371855276001, 39.999405952397296 ], [ -105.134370619194002, 39.999406669455297 ], [ -105.134370625482006, 39.999407021102698 ], [ -105.134370690161006, 39.999410585747597 ], [ -105.134370698246002, 39.999410941523898 ], [ -105.134370733279994, 39.999412634386097 ], [ -105.134370740467006, 39.999412990162398 ], [ -105.134370797060996, 39.999415640936803 ], [ -105.134370804246998, 39.999415996712997 ], [ -105.134370813230007, 39.999416459153402 ], [ -105.134370821315002, 39.999416814929702 ], [ -105.134370859943004, 39.999418705980503 ], [ -105.134370868028, 39.999419061756797 ], [ -105.134371031520999, 39.999426927371204 ], [ -105.134371038707002, 39.999427283147497 ], [ -105.134371060267, 39.9994283195092 ], [ -105.134371067453998, 39.999428675285401 ], [ -105.134371113268003, 39.9994308766938 ], [ -105.134371120454006, 39.999431232470101 ], [ -105.134371219268999, 39.999435955278798 ], [ -105.134371227353995, 39.999436311055 ], [ -105.134371240828003, 39.999437003338997 ], [ -105.134371248912998, 39.999437359115198 ], [ -105.134371293829005, 39.999439527491901 ], [ -105.134371301914001, 39.999439883268103 ], [ -105.134371325269996, 39.999440998767497 ], [ -105.134371332456993, 39.999441354543599 ], [ -105.134371384559003, 39.999443861492502 ], [ -105.134371391745006, 39.999444217268604 ], [ -105.134371589374993, 39.999453697979902 ], [ -105.134371596560996, 39.999454053755898 ], [ -105.134370832095001, 39.999596684039297 ], [ -105.134370830297996, 39.999597039814603 ], [ -105.134370757534995, 39.999610683144397 ], [ -105.134370718906993, 39.999611036167103 ], [ -105.134370709026001, 39.999611122186302 ], [ -105.134370532955998, 39.999612736594003 ], [ -105.134370414377997, 39.999613824564399 ], [ -105.134370038883006, 39.999617262578397 ], [ -105.134369569064006, 39.999621499538002 ], [ -105.134368417423005, 39.999632001443899 ], [ -105.134367320579997, 39.999641972782101 ], [ -105.134364948129999, 39.999663472744203 ], [ -105.134364674143995, 39.999665958352097 ], [ -105.134364611262001, 39.999666536400497 ], [ -105.134364232172999, 39.999669990239298 ], [ -105.134364167493999, 39.999670587555897 ], [ -105.134362800258003, 39.999683045184 ], [ -105.134361408768001, 39.999695595022203 ], [ -105.134360965897997, 39.999696206101703 ], [ -105.134354856456, 39.999704640786298 ], [ -105.134351400637001, 39.999709413123 ], [ -105.134336286481997, 39.999730278587599 ], [ -105.134326388844997, 39.999743942535297 ], [ -105.134324918301999, 39.999745973960003 ], [ -105.134301457899994, 39.999778480876103 ], [ -105.134279246157007, 39.999809259140399 ], [ -105.134255090459007, 39.999842727373299 ], [ -105.134014795612003, 40.000026014086103 ], [ -105.133891244921003, 40.000039188700697 ], [ -105.133889242576004, 40.0000394020269 ], [ -105.133889162626005, 40.000039410972903 ], [ -105.133887241129997, 40.000039615353103 ], [ -105.133876154122007, 40.000097586379297 ], [ -105.133875695083006, 40.000099985264796 ], [ -105.133869176907993, 40.0001340720003 ], [ -105.133867243732993, 40.0001441795185 ], [ -105.133867176359999, 40.000144535291 ], [ -105.133866807152003, 40.000144534602903 ], [ -105.133866716422006, 40.000144534602903 ], [ -105.133865734563003, 40.0001445339147 ], [ -105.131083221835993, 40.0001251921368 ], [ -105.131026490530004, 40.000125010465702 ], [ -105.131027361896003, 40.000211556742002 ], [ -105.131027365489999, 40.000211912514203 ], [ -105.131069405746004, 40.004387123390202 ], [ -105.131069407542995, 40.004387479140597 ], [ -105.131054517967002, 40.007139480515001 ], [ -105.131054522458996, 40.007139836251 ], [ -105.131068305309995, 40.007932024879999 ], [ -105.131068308004998, 40.007932380611898 ], [ -105.131042152657002, 40.012766377140203 ], [ -105.131042154453993, 40.012766732846899 ], [ -105.131050523159004, 40.013676340444597 ], [ -105.131050529446995, 40.013676696146597 ], [ -105.131079660015004, 40.014687783592599 ], [ -105.131079663609, 40.014688139289298 ], [ -105.131031063853996, 40.0236689550092 ], [ -105.131031062057005, 40.023669311347 ], [ -105.131004690214994, 40.028541529312299 ], [ -105.131004691113006, 40.0285418849368 ], [ -105.131008028354998, 40.029262703786799 ], [ -105.131008031050001, 40.029263059407498 ], [ -105.131026619888004, 40.031852858519599 ], [ -105.131026620786002, 40.031853214126798 ], [ -105.131082301061994, 40.0327112724814 ], [ -105.131066658698003, 40.035601350340002 ], [ -105.131066665885001, 40.035601705927697 ], [ -105.131226693566006, 40.040088418147498 ], [ -105.131226695362997, 40.040088477293601 ], [ -105.131226698058001, 40.040088535751998 ], [ -105.131226701651002, 40.040088653356399 ], [ -105.131226706142996, 40.040088773711801 ], [ -105.131226707939007, 40.040088833545703 ], [ -105.131226709735998, 40.040088889940797 ], [ -105.131226714226997, 40.040089008920702 ], [ -105.131226722311993, 40.0400892427541 ], [ -105.131226725906004, 40.040089356232002 ], [ -105.131226738481999, 40.040089712484097 ], [ -105.131226760041997, 40.040090295004298 ], [ -105.131226771719994, 40.0400906512563 ], [ -105.131226826516993, 40.040092172548803 ], [ -105.131226839093003, 40.040092528113 ], [ -105.131226961264005, 40.040095926949803 ], [ -105.131226973840995, 40.040096282514 ], [ -105.131227229860002, 40.0401034350635 ], [ -105.131227235249995, 40.040103791315403 ], [ -105.131162306817998, 40.040103626944401 ], [ -105.131165070036005, 40.040198006139001 ], [ -105.131165074527999, 40.040198361702799 ], [ -105.131154619933994, 40.040198358951699 ], [ -105.131149392637994, 40.040198357576301 ], [ -105.13114677854, 40.040198357576301 ], [ -105.131145472390003, 40.040198356888503 ], [ -105.131144818416004, 40.040198356888503 ], [ -105.131144491430007, 40.040198356200797 ], [ -105.131144327935999, 40.040198356888503 ], [ -105.131144246188995, 40.040198356888503 ], [ -105.131144165340999, 40.040198356200797 ], [ -105.121624547595005, 40.040194933298103 ], [ -105.117522908279994, 40.040153259426901 ], [ -105.116880137642994, 40.040165041866302 ], [ -105.112429845098006, 40.0401013078679 ], [ -105.112355957768003, 40.0401005527237 ], [ -105.112259321501, 40.040098862246097 ], [ -105.112259514639007, 40.040141161998299 ] ] ] } }
]
}
