{
"type": "FeatureCollection",
"name": "bvsd-places",
"crs": { "type": "name", "properties": { "name": "urn:ogc:def:crs:OGC:1.3:CRS84" } },
"features": [
{ "type": "Feature", "properties": { "GEOID": "0846355", "NAME": "Louisville", "share_in_bvsd": 1.0000000000000002 }, "geometry": { "type": "MultiPolygon", "coordinates": [ [ [ [ -105.184377, 39.9681 ], [ -105.183484, 39.968102 ], [ -105.182697, 39.968101 ], [ -105.182705, 39.968844 ], [ -105.182717, 39.96994 ], [ -105.182744, 39.972322 ], [ -105.178394, 39.972319 ], [ -105.176351, 39.97231 ], [ -105.175336, 39.972319 ], [ -105.175321, 39.97313 ], [ -105.175318, 39.977623 ], [ -105.17531, 39.97864 ], [ -105.174633, 39.978645 ], [ -105.173599, 39.978634 ], [ -105.171665, 39.978639 ], [ -105.166051, 39.978635 ], [ -105.166052, 39.978991 ], [ -105.166053, 39.979078 ], [ -105.166051, 39.979539 ], [ -105.166052, 39.979571 ], [ -105.166056, 39.98001 ], [ -105.166095, 39.98001 ], [ -105.166263, 39.980009 ], [ -105.17054, 39.979995 ], [ -105.17055, 39.980376 ], [ -105.166451, 39.980426 ], [ -105.166068, 39.980423 ], [ -105.166051, 39.980727 ], [ -105.166048, 39.980789 ], [ -105.166047, 39.981558 ], [ -105.166049, 39.983145 ], [ -105.166026, 39.98326 ], [ -105.166014, 39.983364 ], [ -105.166001, 39.983525 ], [ -105.165943, 39.984265 ], [ -105.165978, 39.984724 ], [ -105.165981, 39.984969 ], [ -105.165973, 39.986196 ], [ -105.165909, 39.986384 ], [ -105.165828, 39.986621 ], [ -105.165437, 39.986625 ], [ -105.164462, 39.986629 ], [ -105.164454, 39.986689 ], [ -105.164453, 39.98677 ], [ -105.164451, 39.986893 ], [ -105.164448, 39.987003 ], [ -105.164444, 39.987164 ], [ -105.165242, 39.987174 ], [ -105.16526, 39.988428 ], [ -105.164426, 39.988069 ], [ -105.164119, 39.987941 ], [ -105.163959, 39.988089 ], [ -105.163819, 39.988176 ], [ -105.163183, 39.988667 ], [ -105.163076, 39.988868 ], [ -105.163031, 39.988971 ], [ -105.163001, 39.989135 ], [ -105.163007, 39.989304 ], [ -105.163008, 39.989383 ], [ -105.16528, 39.989638 ], [ -105.165285, 39.989977 ], [ -105.165294, 39.990473 ], [ -105.164441, 39.990466 ], [ -105.158235, 39.990489 ], [ -105.158572, 39.990931 ], [ -105.158507, 39.991045 ], [ -105.158432, 39.991176 ], [ -105.158249, 39.991492 ], [ -105.157909, 39.991843 ], [ -105.157766, 39.991992 ], [ -105.157418, 39.992248 ], [ -105.15732, 39.992312 ], [ -105.157094, 39.992463 ], [ -105.156365, 39.992743 ], [ -105.15617, 39.992746 ], [ -105.155464, 39.992541 ], [ -105.154891, 39.992368 ], [ -105.154887, 39.9926 ], [ -105.154867, 39.993544 ], [ -105.15486, 39.994106 ], [ -105.152729, 39.994128 ], [ -105.152729, 39.993971 ], [ -105.151184, 39.993976 ], [ -105.146779, 39.994001 ], [ -105.14678, 39.994163 ], [ -105.14644, 39.99416 ], [ -105.145959, 39.994557 ], [ -105.145695, 39.994673 ], [ -105.145431, 39.99479 ], [ -105.145379, 39.994788 ], [ -105.144921, 39.994785 ], [ -105.144576, 39.994783 ], [ -105.144425, 39.994783 ], [ -105.144304, 39.994783 ], [ -105.14426, 39.99492 ], [ -105.143359, 39.995649 ], [ -105.143137, 39.995833 ], [ -105.142602, 39.996252 ], [ -105.142262, 39.996514 ], [ -105.141967, 39.996953 ], [ -105.141297, 39.997737 ], [ -105.140531, 39.998129 ], [ -105.140323, 39.997869 ], [ -105.139676, 39.997062 ], [ -105.138161, 39.995169 ], [ -105.137353, 39.994162 ], [ -105.136876, 39.994161 ], [ -105.131815, 39.994132 ], [ -105.130749, 39.994126 ], [ -105.129596, 39.994128 ], [ -105.127951, 39.994132 ], [ -105.127869, 39.994132 ], [ -105.125754, 39.994144 ], [ -105.124749, 39.994154 ], [ -105.124429, 39.994156 ], [ -105.124365, 39.994157 ], [ -105.124178, 39.994158 ], [ -105.123894, 39.994165 ], [ -105.123251, 39.994144 ], [ -105.122813, 39.994145 ], [ -105.122613, 39.993868 ], [ -105.122539, 39.993842 ], [ -105.122513, 39.993833 ], [ -105.122459, 39.993813 ], [ -105.122383, 39.993786 ], [ -105.122322, 39.993786 ], [ -105.122323, 39.993644 ], [ -105.122338, 39.992515 ], [ -105.122338, 39.992443 ], [ -105.12234, 39.992366 ], [ -105.118666, 39.992388 ], [ -105.118546, 39.992391 ], [ -105.118562, 39.990574 ], [ -105.118657, 39.990119 ], [ -105.118648, 39.989853 ], [ -105.118648, 39.988206 ], [ -105.118639, 39.987005 ], [ -105.117576, 39.987007 ], [ -105.117379, 39.987008 ], [ -105.117388, 39.986898 ], [ -105.117393, 39.985337 ], [ -105.117395, 39.98521 ], [ -105.117397, 39.985148 ], [ -105.117412, 39.983313 ], [ -105.118597, 39.983296 ], [ -105.118575, 39.986778 ], [ -105.118646, 39.986778 ], [ -105.123191, 39.986764 ], [ -105.123873, 39.986751 ], [ -105.127664, 39.986691 ], [ -105.127839, 39.986692 ], [ -105.127831, 39.985809 ], [ -105.127824, 39.985129 ], [ -105.127798, 39.984616 ], [ -105.127815, 39.983791 ], [ -105.127831, 39.983645 ], [ -105.127713, 39.983649 ], [ -105.127581, 39.983651 ], [ -105.127364, 39.983648 ], [ -105.12685, 39.983645 ], [ -105.126834, 39.98313 ], [ -105.12428, 39.983148 ], [ -105.124215, 39.983148 ], [ -105.123992, 39.983052 ], [ -105.123846, 39.982958 ], [ -105.123734, 39.982861 ], [ -105.123659, 39.982777 ], [ -105.123568, 39.982634 ], [ -105.123576, 39.981605 ], [ -105.123631, 39.981407 ], [ -105.123703, 39.981265 ], [ -105.123838, 39.981091 ], [ -105.123938, 39.980984 ], [ -105.123934, 39.980632 ], [ -105.125079, 39.980641 ], [ -105.12532, 39.980663 ], [ -105.125464, 39.980693 ], [ -105.125623, 39.980726 ], [ -105.125723, 39.980739 ], [ -105.125833, 39.980746 ], [ -105.125957, 39.980747 ], [ -105.126138, 39.980733 ], [ -105.126321, 39.9807 ], [ -105.126489, 39.980666 ], [ -105.126599, 39.980652 ], [ -105.126687, 39.980646 ], [ -105.126787, 39.980644 ], [ -105.12688, 39.980644 ], [ -105.126961, 39.980652 ], [ -105.127088, 39.980669 ], [ -105.127161, 39.980683 ], [ -105.127317, 39.98072 ], [ -105.127442, 39.98074 ], [ -105.127537, 39.980749 ], [ -105.127583, 39.980751 ], [ -105.127693, 39.980755 ], [ -105.127684, 39.979641 ], [ -105.12766, 39.97808 ], [ -105.127601, 39.978079 ], [ -105.127385, 39.978111 ], [ -105.127242, 39.978133 ], [ -105.127197, 39.97814 ], [ -105.127098, 39.978155 ], [ -105.126698, 39.978405 ], [ -105.126221, 39.978702 ], [ -105.125995, 39.978842 ], [ -105.125344, 39.979248 ], [ -105.125567, 39.979467 ], [ -105.123579, 39.980661 ], [ -105.123232, 39.980325 ], [ -105.122529, 39.980733 ], [ -105.122175, 39.980877 ], [ -105.121898, 39.98099 ], [ -105.121059, 39.981033 ], [ -105.12022, 39.981076 ], [ -105.120165, 39.980475 ], [ -105.119997, 39.978426 ], [ -105.119982, 39.978235 ], [ -105.119976, 39.978169 ], [ -105.119982, 39.978158 ], [ -105.120005, 39.978168 ], [ -105.120027, 39.978178 ], [ -105.120049, 39.978188 ], [ -105.120071, 39.978199 ], [ -105.120093, 39.978211 ], [ -105.120115, 39.978221 ], [ -105.120137, 39.978232 ], [ -105.12016, 39.978242 ], [ -105.120183, 39.978252 ], [ -105.120206, 39.978261 ], [ -105.120229, 39.978271 ], [ -105.120253, 39.978279 ], [ -105.120277, 39.978288 ], [ -105.120301, 39.978296 ], [ -105.120325, 39.978304 ], [ -105.120349, 39.978312 ], [ -105.120374, 39.978319 ], [ -105.120399, 39.978326 ], [ -105.120423, 39.978333 ], [ -105.120448, 39.978339 ], [ -105.120474, 39.978345 ], [ -105.120499, 39.978351 ], [ -105.120524, 39.978356 ], [ -105.12055, 39.978361 ], [ -105.120575, 39.978366 ], [ -105.120601, 39.97837 ], [ -105.120627, 39.978374 ], [ -105.120653, 39.978378 ], [ -105.120679, 39.978381 ], [ -105.120705, 39.978384 ], [ -105.120731, 39.978387 ], [ -105.120757, 39.978389 ], [ -105.120784, 39.978391 ], [ -105.12081, 39.978392 ], [ -105.120836, 39.978394 ], [ -105.120863, 39.978395 ], [ -105.120889, 39.978395 ], [ -105.120915, 39.978395 ], [ -105.120942, 39.978395 ], [ -105.120968, 39.978394 ], [ -105.120995, 39.978393 ], [ -105.121021, 39.978392 ], [ -105.121047, 39.978391 ], [ -105.121074, 39.978389 ], [ -105.1211, 39.978386 ], [ -105.121335, 39.978371 ], [ -105.121619, 39.978337 ], [ -105.121897, 39.978301 ], [ -105.122167, 39.978254 ], [ -105.123839, 39.977939 ], [ -105.123846, 39.978015 ], [ -105.125182, 39.977767 ], [ -105.127132, 39.977394 ], [ -105.127646, 39.977289 ], [ -105.127645, 39.977081 ], [ -105.127654, 39.976555 ], [ -105.127663, 39.97603 ], [ -105.127559, 39.975355 ], [ -105.12755, 39.975295 ], [ -105.12754, 39.975244 ], [ -105.127529, 39.975192 ], [ -105.127518, 39.975141 ], [ -105.127505, 39.97509 ], [ -105.12749, 39.975039 ], [ -105.127475, 39.974988 ], [ -105.127458, 39.974938 ], [ -105.127441, 39.974888 ], [ -105.127422, 39.974838 ], [ -105.127411, 39.97481 ], [ -105.127366, 39.974705 ], [ -105.127341, 39.974654 ], [ -105.127316, 39.974602 ], [ -105.127289, 39.974551 ], [ -105.127261, 39.974501 ], [ -105.127232, 39.974451 ], [ -105.127201, 39.974401 ], [ -105.127172, 39.974354 ], [ -105.127141, 39.974308 ], [ -105.127107, 39.97426 ], [ -105.127072, 39.974212 ], [ -105.126986, 39.974102 ], [ -105.126893, 39.973995 ], [ -105.126796, 39.973892 ], [ -105.126692, 39.973791 ], [ -105.126583, 39.973695 ], [ -105.126468, 39.973602 ], [ -105.126418, 39.973563 ], [ -105.126366, 39.973525 ], [ -105.126314, 39.973488 ], [ -105.126205, 39.973414 ], [ -105.1261, 39.973349 ], [ -105.126055, 39.973322 ], [ -105.125945, 39.97326 ], [ -105.125789, 39.97318 ], [ -105.125628, 39.973105 ], [ -105.125462, 39.973036 ], [ -105.125293, 39.972974 ], [ -105.125168, 39.972933 ], [ -105.125058, 39.9729 ], [ -105.124891, 39.972856 ], [ -105.124843, 39.972844 ], [ -105.124782, 39.97283 ], [ -105.124716, 39.972816 ], [ -105.12465, 39.972802 ], [ -105.124584, 39.97279 ], [ -105.124517, 39.972778 ], [ -105.124451, 39.972768 ], [ -105.124383, 39.972757 ], [ -105.124316, 39.972748 ], [ -105.124248, 39.97274 ], [ -105.124181, 39.972733 ], [ -105.123695, 39.972721 ], [ -105.123312, 39.972711 ], [ -105.123051, 39.972705 ], [ -105.122891, 39.9727 ], [ -105.122452, 39.972739 ], [ -105.122018, 39.97278 ], [ -105.121395, 39.972841 ], [ -105.121282, 39.972845 ], [ -105.12067, 39.972864 ], [ -105.120035, 39.972863 ], [ -105.118608, 39.972871 ], [ -105.118606, 39.973274 ], [ -105.118606, 39.973678 ], [ -105.118462, 39.973731 ], [ -105.118262, 39.973804 ], [ -105.118008, 39.973947 ], [ -105.117188, 39.974198 ], [ -105.114348, 39.975446 ], [ -105.113992, 39.975515 ], [ -105.113561, 39.975535 ], [ -105.113396, 39.97567 ], [ -105.113253, 39.975701 ], [ -105.113379, 39.976082 ], [ -105.112707, 39.976084 ], [ -105.112383, 39.976085 ], [ -105.111767, 39.97609 ], [ -105.110761, 39.976085 ], [ -105.110034, 39.97609 ], [ -105.109239, 39.976097 ], [ -105.109287, 39.975303 ], [ -105.109234, 39.975118 ], [ -105.109226, 39.974999 ], [ -105.109222, 39.974725 ], [ -105.10922, 39.974627 ], [ -105.109223, 39.973822 ], [ -105.109232, 39.973353 ], [ -105.109235, 39.973277 ], [ -105.109265, 39.97241 ], [ -105.109358, 39.970823 ], [ -105.109358, 39.969818 ], [ -105.109347, 39.96893 ], [ -105.109353, 39.967503 ], [ -105.109354, 39.966992 ], [ -105.109348, 39.966016 ], [ -105.109353, 39.965206 ], [ -105.109344, 39.965052 ], [ -105.109343, 39.963567 ], [ -105.109344, 39.96284 ], [ -105.109364, 39.95969 ], [ -105.109368, 39.959514 ], [ -105.109372, 39.959283 ], [ -105.107892, 39.959308 ], [ -105.107877, 39.958506 ], [ -105.107874, 39.958467 ], [ -105.107999, 39.95847 ], [ -105.108138, 39.958466 ], [ -105.108147, 39.957964 ], [ -105.107371, 39.957966 ], [ -105.107374, 39.957915 ], [ -105.107376, 39.957828 ], [ -105.107377, 39.957818 ], [ -105.10815, 39.957821 ], [ -105.109359, 39.957825 ], [ -105.109416, 39.957826 ], [ -105.111639, 39.957809 ], [ -105.111856, 39.957807 ], [ -105.112707, 39.957797 ], [ -105.113919, 39.957783 ], [ -105.113992, 39.957783 ], [ -105.114037, 39.957782 ], [ -105.114586, 39.957774 ], [ -105.114586, 39.957847 ], [ -105.114559, 39.960327 ], [ -105.115042, 39.960325 ], [ -105.115264, 39.960323 ], [ -105.115275, 39.957842 ], [ -105.115554, 39.957841 ], [ -105.118227, 39.957822 ], [ -105.11848, 39.957823 ], [ -105.121551, 39.957826 ], [ -105.123104, 39.957819 ], [ -105.123584, 39.957816 ], [ -105.124705, 39.957807 ], [ -105.127354, 39.957811 ], [ -105.128053, 39.957811 ], [ -105.128054, 39.957481 ], [ -105.128062, 39.954536 ], [ -105.128064, 39.954194 ], [ -105.128265, 39.954205 ], [ -105.132532, 39.954243 ], [ -105.135399, 39.954261 ], [ -105.135415, 39.954262 ], [ -105.137522, 39.954283 ], [ -105.137563, 39.950611 ], [ -105.135388, 39.950602 ], [ -105.135009, 39.950599 ], [ -105.132904, 39.950578 ], [ -105.13051, 39.950571 ], [ -105.130127, 39.950565 ], [ -105.128271, 39.950537 ], [ -105.128029, 39.950535 ], [ -105.128031, 39.950453 ], [ -105.128027, 39.950319 ], [ -105.128028, 39.949561 ], [ -105.12803, 39.948874 ], [ -105.128035, 39.947483 ], [ -105.128041, 39.945765 ], [ -105.128042, 39.945405 ], [ -105.128052, 39.943276 ], [ -105.128069, 39.943276 ], [ -105.128116, 39.943276 ], [ -105.128141, 39.943276 ], [ -105.128141, 39.943255 ], [ -105.128161, 39.940899 ], [ -105.12816, 39.940795 ], [ -105.12816, 39.940534 ], [ -105.12816, 39.940399 ], [ -105.128163, 39.939824 ], [ -105.128165, 39.939618 ], [ -105.13016, 39.939638 ], [ -105.130814, 39.939645 ], [ -105.136419, 39.939702 ], [ -105.136726, 39.939705 ], [ -105.137324, 39.939711 ], [ -105.13751, 39.939713 ], [ -105.137531, 39.939713 ], [ -105.137578, 39.939712 ], [ -105.137572, 39.939858 ], [ -105.137605, 39.939965 ], [ -105.137675, 39.94019 ], [ -105.137674, 39.940222 ], [ -105.137767, 39.940257 ], [ -105.137787, 39.940263 ], [ -105.138052, 39.940434 ], [ -105.140267, 39.941872 ], [ -105.142624, 39.943402 ], [ -105.142862, 39.943406 ], [ -105.145145, 39.944885 ], [ -105.145517, 39.945445 ], [ -105.146538, 39.946983 ], [ -105.146554, 39.946983 ], [ -105.14677, 39.946979 ], [ -105.146978, 39.946983 ], [ -105.146995, 39.94725 ], [ -105.146969, 39.94749 ], [ -105.146976, 39.947578 ], [ -105.146927, 39.949499 ], [ -105.14979, 39.949294 ], [ -105.150496, 39.949971 ], [ -105.151376, 39.949975 ], [ -105.151895, 39.949976 ], [ -105.153494, 39.950598 ], [ -105.153595, 39.950597 ], [ -105.153829, 39.950774 ], [ -105.154154, 39.951022 ], [ -105.156605, 39.95289 ], [ -105.157779, 39.953817 ], [ -105.158174, 39.954123 ], [ -105.159229, 39.954899 ], [ -105.159039, 39.95505 ], [ -105.15888, 39.955176 ], [ -105.158833, 39.955211 ], [ -105.159974, 39.955969 ], [ -105.160313, 39.955658 ], [ -105.16043, 39.955729 ], [ -105.161138, 39.956148 ], [ -105.161152, 39.956975 ], [ -105.161168, 39.95743 ], [ -105.161188, 39.957939 ], [ -105.162135, 39.957935 ], [ -105.162717, 39.957909 ], [ -105.162738, 39.957923 ], [ -105.163877, 39.958274 ], [ -105.165114, 39.958671 ], [ -105.165359, 39.958899 ], [ -105.165507, 39.959034 ], [ -105.165549, 39.959072 ], [ -105.165714, 39.959222 ], [ -105.165755, 39.959261 ], [ -105.165952, 39.959444 ], [ -105.165948, 39.958927 ], [ -105.166144, 39.958795 ], [ -105.168059, 39.959043 ], [ -105.170502, 39.960007 ], [ -105.170514, 39.960461 ], [ -105.170512, 39.9624 ], [ -105.170788, 39.962432 ], [ -105.17195, 39.962566 ], [ -105.173834, 39.962798 ], [ -105.175302, 39.963007 ], [ -105.176608, 39.963169 ], [ -105.176609, 39.963347 ], [ -105.176597, 39.964852 ], [ -105.177471, 39.964881 ], [ -105.178045, 39.964721 ], [ -105.179078, 39.964431 ], [ -105.179091, 39.963551 ], [ -105.179338, 39.96361 ], [ -105.181889, 39.964599 ], [ -105.183634, 39.965275 ], [ -105.18438, 39.965564 ], [ -105.184377, 39.9681 ] ], [ [ -105.156368, 39.986113 ], [ -105.156111, 39.986109 ], [ -105.156117, 39.986821 ], [ -105.156375, 39.986818 ], [ -105.156368, 39.986113 ] ], [ [ -105.154723, 39.992223 ], [ -105.154615, 39.992077 ], [ -105.154511, 39.991866 ], [ -105.15443, 39.991582 ], [ -105.154412, 39.991388 ], [ -105.154448, 39.991175 ], [ -105.154343, 39.991172 ], [ -105.154155, 39.991173 ], [ -105.153746, 39.991292 ], [ -105.152724, 39.99169 ], [ -105.152461, 39.991711 ], [ -105.152288, 39.991618 ], [ -105.152108, 39.991433 ], [ -105.152053, 39.991273 ], [ -105.152034, 39.991215 ], [ -105.15172, 39.991339 ], [ -105.151374, 39.991476 ], [ -105.150656, 39.991774 ], [ -105.150644, 39.991786 ], [ -105.150605, 39.991823 ], [ -105.15057, 39.991876 ], [ -105.150548, 39.991903 ], [ -105.150541, 39.991921 ], [ -105.150526, 39.991948 ], [ -105.150513, 39.991984 ], [ -105.150505, 39.99201 ], [ -105.150497, 39.992043 ], [ -105.1505, 39.992076 ], [ -105.150512, 39.992103 ], [ -105.150567, 39.99214 ], [ -105.150736, 39.992322 ], [ -105.150997, 39.992562 ], [ -105.151156, 39.992706 ], [ -105.151234, 39.992796 ], [ -105.151259, 39.992816 ], [ -105.151275, 39.992838 ], [ -105.15128, 39.992848 ], [ -105.151283, 39.992857 ], [ -105.151287, 39.992877 ], [ -105.151286, 39.992893 ], [ -105.151284, 39.992903 ], [ -105.15128, 39.992916 ], [ -105.15127, 39.992933 ], [ -105.151254, 39.992952 ], [ -105.15123, 39.992968 ], [ -105.15121, 39.992978 ], [ -105.151131, 39.993019 ], [ -105.151062, 39.993072 ], [ -105.151055, 39.993093 ], [ -105.15103, 39.993123 ], [ -105.153159, 39.993109 ], [ -105.154077, 39.992818 ], [ -105.154587, 39.992479 ], [ -105.154678, 39.992416 ], [ -105.154828, 39.992314 ], [ -105.154723, 39.992223 ] ], [ [ -105.144967, 39.958035 ], [ -105.143499, 39.958012 ], [ -105.14235, 39.957994 ], [ -105.142285, 39.957993 ], [ -105.139137, 39.957964 ], [ -105.137508, 39.957949 ], [ -105.135001, 39.957931 ], [ -105.132768, 39.95792 ], [ -105.128449, 39.957907 ], [ -105.12845, 39.958076 ], [ -105.128448, 39.958227 ], [ -105.128447, 39.958427 ], [ -105.128447, 39.958457 ], [ -105.128447, 39.958482 ], [ -105.128446, 39.958514 ], [ -105.128445, 39.958547 ], [ -105.128444, 39.958586 ], [ -105.128443, 39.958616 ], [ -105.128442, 39.958652 ], [ -105.128441, 39.958685 ], [ -105.128439, 39.958718 ], [ -105.128437, 39.958753 ], [ -105.128435, 39.958786 ], [ -105.128433, 39.958823 ], [ -105.128432, 39.958833 ], [ -105.12843, 39.95886 ], [ -105.128429, 39.958885 ], [ -105.128426, 39.95892 ], [ -105.128423, 39.958951 ], [ -105.128421, 39.958978 ], [ -105.128419, 39.958997 ], [ -105.128417, 39.959019 ], [ -105.128413, 39.959057 ], [ -105.12832, 39.959937 ], [ -105.128219, 39.965109 ], [ -105.128221, 39.965156 ], [ -105.129105, 39.965163 ], [ -105.129237, 39.96509 ], [ -105.129261, 39.965083 ], [ -105.130961, 39.964222 ], [ -105.131625, 39.963884 ], [ -105.131824, 39.963782 ], [ -105.132015, 39.963777 ], [ -105.132637, 39.963757 ], [ -105.132739, 39.963748 ], [ -105.132736, 39.964108 ], [ -105.132728, 39.964248 ], [ -105.135923, 39.964467 ], [ -105.135906, 39.965107 ], [ -105.136144, 39.965032 ], [ -105.136188, 39.965017 ], [ -105.136655, 39.96487 ], [ -105.136733, 39.964798 ], [ -105.136778, 39.964757 ], [ -105.136944, 39.964672 ], [ -105.137117, 39.96474 ], [ -105.137203, 39.965114 ], [ -105.137235, 39.965259 ], [ -105.137262, 39.965382 ], [ -105.137182, 39.965488 ], [ -105.137412, 39.965525 ], [ -105.137623, 39.965474 ], [ -105.137976, 39.965358 ], [ -105.138307, 39.965297 ], [ -105.138692, 39.965165 ], [ -105.139265, 39.965054 ], [ -105.139325, 39.965094 ], [ -105.139381, 39.965147 ], [ -105.139449, 39.965094 ], [ -105.139552, 39.965042 ], [ -105.139656, 39.964979 ], [ -105.139841, 39.964861 ], [ -105.140198, 39.964419 ], [ -105.140475, 39.964218 ], [ -105.140596, 39.964148 ], [ -105.140647, 39.964007 ], [ -105.140749, 39.963727 ], [ -105.140877, 39.963535 ], [ -105.14107, 39.963453 ], [ -105.141342, 39.963409 ], [ -105.141634, 39.963458 ], [ -105.141813, 39.963442 ], [ -105.141963, 39.963376 ], [ -105.142172, 39.963218 ], [ -105.142178, 39.963019 ], [ -105.142191, 39.962518 ], [ -105.142219, 39.961535 ], [ -105.142251, 39.960393 ], [ -105.142246, 39.9602 ], [ -105.142754, 39.959834 ], [ -105.143493, 39.959307 ], [ -105.143553, 39.959286 ], [ -105.143785, 39.959293 ], [ -105.144077, 39.959065 ], [ -105.144145, 39.959031 ], [ -105.144606, 39.958667 ], [ -105.144966, 39.958373 ], [ -105.144969, 39.958049 ], [ -105.144967, 39.958035 ] ], [ [ -105.140945, 39.977766 ], [ -105.140691, 39.977763 ], [ -105.140567, 39.977763 ], [ -105.140473, 39.977763 ], [ -105.140479, 39.977916 ], [ -105.140474, 39.978266 ], [ -105.140473, 39.978407 ], [ -105.140468, 39.978742 ], [ -105.140469, 39.978809 ], [ -105.140911, 39.978809 ], [ -105.140936, 39.978292 ], [ -105.140945, 39.977766 ] ], [ [ -105.140263, 39.976812 ], [ -105.139861, 39.976815 ], [ -105.139779, 39.976815 ], [ -105.139776, 39.976901 ], [ -105.139771, 39.977325 ], [ -105.14025, 39.977325 ], [ -105.140256, 39.977068 ], [ -105.140263, 39.976812 ] ], [ [ -105.134962, 39.971904 ], [ -105.134702, 39.971903 ], [ -105.134686, 39.972386 ], [ -105.134947, 39.972384 ], [ -105.134962, 39.971904 ] ], [ [ -105.127946, 39.958446 ], [ -105.127872, 39.958447 ], [ -105.127764, 39.958447 ], [ -105.127761, 39.958726 ], [ -105.127944, 39.958726 ], [ -105.127946, 39.958446 ] ], [ [ -105.125681, 39.968757 ], [ -105.124159, 39.968752 ], [ -105.124, 39.96875 ], [ -105.123751, 39.968747 ], [ -105.123313, 39.968747 ], [ -105.123323, 39.971668 ], [ -105.12332, 39.972381 ], [ -105.123319, 39.972555 ], [ -105.123423, 39.972554 ], [ -105.123937, 39.972574 ], [ -105.123974, 39.972574 ], [ -105.124161, 39.972588 ], [ -105.124474, 39.972579 ], [ -105.125636, 39.972589 ], [ -105.125638, 39.972498 ], [ -105.125641, 39.972391 ], [ -105.125661, 39.971048 ], [ -105.125681, 39.968757 ] ], [ [ -105.137522, 39.954283 ], [ -105.137522, 39.954571 ], [ -105.137519, 39.95651 ], [ -105.137518, 39.957602 ], [ -105.137509, 39.957808 ], [ -105.139136, 39.957836 ], [ -105.14229, 39.957873 ], [ -105.142571, 39.957876 ], [ -105.142891, 39.95788 ], [ -105.144971, 39.957905 ], [ -105.145067, 39.957906 ], [ -105.145123, 39.957907 ], [ -105.145299, 39.957871 ], [ -105.145409, 39.957845 ], [ -105.14554, 39.957803 ], [ -105.145737, 39.957735 ], [ -105.145981, 39.957588 ], [ -105.146352, 39.957362 ], [ -105.146573, 39.957227 ], [ -105.146973, 39.956985 ], [ -105.147186, 39.956801 ], [ -105.147415, 39.956583 ], [ -105.147479, 39.956522 ], [ -105.147662, 39.956354 ], [ -105.147772, 39.956254 ], [ -105.147835, 39.956196 ], [ -105.147892, 39.956141 ], [ -105.148111, 39.955926 ], [ -105.148407, 39.955623 ], [ -105.148437, 39.955591 ], [ -105.148421, 39.955572 ], [ -105.148404, 39.955553 ], [ -105.148378, 39.955526 ], [ -105.14835, 39.955499 ], [ -105.148312, 39.955465 ], [ -105.148285, 39.955442 ], [ -105.148243, 39.955409 ], [ -105.1482, 39.955379 ], [ -105.148158, 39.955352 ], [ -105.148091, 39.955312 ], [ -105.14804, 39.955286 ], [ -105.148001, 39.955268 ], [ -105.147962, 39.95525 ], [ -105.147925, 39.955235 ], [ -105.147884, 39.955219 ], [ -105.147842, 39.955205 ], [ -105.1478, 39.955191 ], [ -105.147576, 39.955083 ], [ -105.147561, 39.955076 ], [ -105.147531, 39.955062 ], [ -105.147501, 39.955047 ], [ -105.147462, 39.955027 ], [ -105.147405, 39.954994 ], [ -105.147372, 39.954973 ], [ -105.147308, 39.954928 ], [ -105.147253, 39.954885 ], [ -105.147196, 39.954836 ], [ -105.147108, 39.954745 ], [ -105.147067, 39.954693 ], [ -105.147046, 39.954667 ], [ -105.147037, 39.954655 ], [ -105.147029, 39.954642 ], [ -105.147022, 39.954633 ], [ -105.146924, 39.954522 ], [ -105.146928, 39.954356 ], [ -105.146928, 39.95431 ], [ -105.137522, 39.954283 ] ] ], [ [ [ -105.189261, 39.962065 ], [ -105.189262, 39.962222 ], [ -105.18926, 39.962374 ], [ -105.189263, 39.962664 ], [ -105.188278, 39.962791 ], [ -105.187539, 39.962898 ], [ -105.186746, 39.963026 ], [ -105.185899, 39.963189 ], [ -105.1852, 39.963341 ], [ -105.185077, 39.963369 ], [ -105.184673, 39.963459 ], [ -105.184671, 39.963516 ], [ -105.184671, 39.963585 ], [ -105.183788, 39.963795 ], [ -105.183349, 39.963899 ], [ -105.183133, 39.963903 ], [ -105.18251, 39.963918 ], [ -105.182406, 39.963876 ], [ -105.182277, 39.963787 ], [ -105.182311, 39.963722 ], [ -105.182176, 39.963703 ], [ -105.181988, 39.96367 ], [ -105.181895, 39.96365 ], [ -105.181626, 39.963575 ], [ -105.181235, 39.963447 ], [ -105.1807, 39.963247 ], [ -105.180477, 39.96316 ], [ -105.179253, 39.962684 ], [ -105.179023, 39.962595 ], [ -105.179082, 39.962508 ], [ -105.1791, 39.962482 ], [ -105.180013, 39.962826 ], [ -105.180379, 39.962869 ], [ -105.180397, 39.962881 ], [ -105.180444, 39.962914 ], [ -105.180491, 39.962945 ], [ -105.180539, 39.962976 ], [ -105.180588, 39.963006 ], [ -105.180637, 39.963035 ], [ -105.180687, 39.963064 ], [ -105.180738, 39.963092 ], [ -105.180789, 39.96312 ], [ -105.180841, 39.963147 ], [ -105.180894, 39.963173 ], [ -105.180947, 39.963198 ], [ -105.181001, 39.963223 ], [ -105.181055, 39.963247 ], [ -105.18111, 39.96327 ], [ -105.181165, 39.963292 ], [ -105.181221, 39.963314 ], [ -105.181278, 39.963335 ], [ -105.181335, 39.963355 ], [ -105.181366, 39.963366 ], [ -105.181418, 39.963383 ], [ -105.18145, 39.963393 ], [ -105.181468, 39.963399 ], [ -105.181508, 39.963411 ], [ -105.181567, 39.963428 ], [ -105.181589, 39.963434 ], [ -105.181745, 39.963474 ], [ -105.181866, 39.963501 ], [ -105.181987, 39.963525 ], [ -105.182015, 39.96353 ], [ -105.18211, 39.963545 ], [ -105.182172, 39.963554 ], [ -105.182234, 39.963562 ], [ -105.182259, 39.963565 ], [ -105.182296, 39.96357 ], [ -105.182342, 39.96357 ], [ -105.18241, 39.963578 ], [ -105.182484, 39.963587 ], [ -105.18261, 39.963594 ], [ -105.182735, 39.963598 ], [ -105.182861, 39.963599 ], [ -105.182987, 39.963597 ], [ -105.183112, 39.963592 ], [ -105.183237, 39.963583 ], [ -105.183362, 39.963571 ], [ -105.183486, 39.963555 ], [ -105.183548, 39.963547 ], [ -105.183671, 39.963526 ], [ -105.183746, 39.963514 ], [ -105.184173, 39.963412 ], [ -105.184674, 39.963288 ], [ -105.184674, 39.963176 ], [ -105.184681, 39.962702 ], [ -105.184678, 39.962622 ], [ -105.184678, 39.962558 ], [ -105.184851, 39.962565 ], [ -105.185009, 39.962561 ], [ -105.185159, 39.962558 ], [ -105.185212, 39.962507 ], [ -105.185237, 39.962483 ], [ -105.185248, 39.962472 ], [ -105.185268, 39.962453 ], [ -105.185741, 39.962449 ], [ -105.185901, 39.962447 ], [ -105.186272, 39.962443 ], [ -105.186726, 39.962391 ], [ -105.187063, 39.962295 ], [ -105.187245, 39.962272 ], [ -105.187602, 39.962161 ], [ -105.187703, 39.96209 ], [ -105.188308, 39.961957 ], [ -105.18846, 39.961897 ], [ -105.188473, 39.961893 ], [ -105.188897, 39.961742 ], [ -105.189091, 39.961603 ], [ -105.189271, 39.961474 ], [ -105.189261, 39.962065 ] ] ] ] } },
{ "type": "Feature", "properties": { "GEOID": "0807850", "NAME": "Boulder", "share_in_bvsd": 0.97731029355606247 }, "geometry": { "type": "MultiPolygon", "coordinates": [ [ [ [ -105.213436, 40.017538 ], [ -105.213273, 40.017606 ], [ -105.213149, 40.017646 ], [ -105.213006, 40.017763 ], [ -105.21288, 40.017863 ], [ -105.212767, 40.017949 ], [ -105.212685, 40.018011 ], [ -105.212517, 40.01792 ], [ -105.212196, 40.017748 ], [ -105.212005, 40.017646 ], [ -105.211925, 40.017603 ], [ -105.211296, 40.017266 ], [ -105.210973, 40.01717 ], [ -105.212218, 40.017301 ], [ -105.212388, 40.017318 ], [ -105.212682, 40.017347 ], [ -105.21366, 40.017445 ], [ -105.213436, 40.017538 ] ] ], [ [ [ -105.222964, 40.05831 ], [ -105.22249, 40.058733 ], [ -105.222122, 40.059061 ], [ -105.216619, 40.064113 ], [ -105.215754, 40.064907 ], [ -105.215701, 40.064956 ], [ -105.213802, 40.0667 ], [ -105.212909, 40.06752 ], [ -105.212239, 40.068135 ], [ -105.211858, 40.068484 ], [ -105.210923, 40.069354 ], [ -105.210335, 40.069891 ], [ -105.209411, 40.070733 ], [ -105.209059, 40.071056 ], [ -105.207153, 40.072799 ], [ -105.206963, 40.072978 ], [ -105.206712, 40.073215 ], [ -105.206383, 40.073533 ], [ -105.205038, 40.07475 ], [ -105.203572, 40.076098 ], [ -105.203357, 40.076298 ], [ -105.203258, 40.076388 ], [ -105.202923, 40.076681 ], [ -105.202303, 40.077237 ], [ -105.19989, 40.079446 ], [ -105.199847, 40.079483 ], [ -105.199815, 40.079511 ], [ -105.199745, 40.079578 ], [ -105.19931, 40.079977 ], [ -105.197646, 40.081506 ], [ -105.197451, 40.081685 ], [ -105.196311, 40.082715 ], [ -105.195694, 40.083271 ], [ -105.195369, 40.083562 ], [ -105.19294, 40.085754 ], [ -105.192725, 40.085951 ], [ -105.191533, 40.087022 ], [ -105.191441, 40.087106 ], [ -105.19076, 40.087712 ], [ -105.189982, 40.088406 ], [ -105.189814, 40.088558 ], [ -105.189703, 40.088659 ], [ -105.188655, 40.089609 ], [ -105.188096, 40.090116 ], [ -105.187861, 40.09033 ], [ -105.187777, 40.090409 ], [ -105.187905, 40.087827 ], [ -105.187912, 40.087501 ], [ -105.187924, 40.087336 ], [ -105.187929, 40.087259 ], [ -105.187932, 40.087085 ], [ -105.187953, 40.086016 ], [ -105.187983, 40.084209 ], [ -105.187985, 40.083378 ], [ -105.18801, 40.081538 ], [ -105.188012, 40.081341 ], [ -105.18804, 40.079042 ], [ -105.188052, 40.077331 ], [ -105.188069, 40.076321 ], [ -105.18807, 40.076207 ], [ -105.18807, 40.076193 ], [ -105.188182, 40.076179 ], [ -105.188282, 40.076149 ], [ -105.188504, 40.076103 ], [ -105.188719, 40.076034 ], [ -105.188953, 40.075917 ], [ -105.189093, 40.0759 ], [ -105.189318, 40.075847 ], [ -105.189664, 40.075695 ], [ -105.189954, 40.075658 ], [ -105.190741, 40.075489 ], [ -105.190742, 40.075467 ], [ -105.190742, 40.075456 ], [ -105.190743, 40.075439 ], [ -105.190744, 40.075426 ], [ -105.190746, 40.075412 ], [ -105.190747, 40.075398 ], [ -105.190748, 40.075387 ], [ -105.19075, 40.075371 ], [ -105.190752, 40.075355 ], [ -105.190754, 40.075341 ], [ -105.190757, 40.075319 ], [ -105.19076, 40.075302 ], [ -105.190762, 40.075292 ], [ -105.190765, 40.075276 ], [ -105.190768, 40.075262 ], [ -105.190771, 40.075249 ], [ -105.190775, 40.075232 ], [ -105.190779, 40.075213 ], [ -105.190782, 40.075203 ], [ -105.190786, 40.075186 ], [ -105.190791, 40.07517 ], [ -105.190795, 40.075157 ], [ -105.190798, 40.075146 ], [ -105.190801, 40.075136 ], [ -105.190808, 40.075114 ], [ -105.190813, 40.075101 ], [ -105.190818, 40.075085 ], [ -105.190822, 40.075074 ], [ -105.190832, 40.075048 ], [ -105.191081, 40.075054 ], [ -105.1914, 40.075018 ], [ -105.191913, 40.075017 ], [ -105.192094, 40.07508 ], [ -105.192442, 40.07516 ], [ -105.1929, 40.075449 ], [ -105.194081, 40.075889 ], [ -105.194252, 40.075953 ], [ -105.194554, 40.075424 ], [ -105.194485, 40.075404 ], [ -105.194451, 40.075394 ], [ -105.194468, 40.075363 ], [ -105.194476, 40.075349 ], [ -105.194482, 40.075255 ], [ -105.194486, 40.075229 ], [ -105.194456, 40.075149 ], [ -105.194344, 40.074892 ], [ -105.19426, 40.074699 ], [ -105.19412, 40.074476 ], [ -105.194049, 40.074284 ], [ -105.193974, 40.074082 ], [ -105.193956, 40.074035 ], [ -105.193899, 40.073914 ], [ -105.193857, 40.073744 ], [ -105.193856, 40.07353 ], [ -105.193855, 40.073384 ], [ -105.193853, 40.072891 ], [ -105.188089, 40.072911 ], [ -105.183105, 40.07288 ], [ -105.182975, 40.07288 ], [ -105.181286, 40.072911 ], [ -105.179601, 40.0729 ], [ -105.17862, 40.072894 ], [ -105.178493, 40.072894 ], [ -105.178464, 40.072894 ], [ -105.178458, 40.072723 ], [ -105.178363, 40.072724 ], [ -105.178355, 40.072509 ], [ -105.178355, 40.072401 ], [ -105.178381, 40.070476 ], [ -105.178363, 40.069134 ], [ -105.178495, 40.069124 ], [ -105.18022, 40.069138 ], [ -105.180713, 40.069141 ], [ -105.181224, 40.069145 ], [ -105.181279, 40.069146 ], [ -105.181277, 40.068472 ], [ -105.181277, 40.068193 ], [ -105.181276, 40.068 ], [ -105.181389, 40.068 ], [ -105.181715, 40.068001 ], [ -105.182383, 40.067982 ], [ -105.182517, 40.06799 ], [ -105.182781, 40.06803 ], [ -105.182958, 40.068078 ], [ -105.183127, 40.068153 ], [ -105.18316, 40.068171 ], [ -105.183426, 40.068351 ], [ -105.18374, 40.068564 ], [ -105.183553, 40.068736 ], [ -105.183386, 40.068891 ], [ -105.183251, 40.069114 ], [ -105.183911, 40.069118 ], [ -105.188057, 40.069125 ], [ -105.188062, 40.072361 ], [ -105.188074, 40.072633 ], [ -105.193852, 40.072665 ], [ -105.194004, 40.07265 ], [ -105.195567, 40.072662 ], [ -105.195931, 40.072657 ], [ -105.195848, 40.072578 ], [ -105.195673, 40.072287 ], [ -105.195568, 40.072272 ], [ -105.195581, 40.07224 ], [ -105.195585, 40.072222 ], [ -105.195588, 40.072209 ], [ -105.195587, 40.072198 ], [ -105.195585, 40.072181 ], [ -105.195577, 40.072159 ], [ -105.19557, 40.072146 ], [ -105.195562, 40.072134 ], [ -105.195552, 40.072121 ], [ -105.195553, 40.072054 ], [ -105.195558, 40.071787 ], [ -105.195752, 40.071787 ], [ -105.196082, 40.071791 ], [ -105.196197, 40.071788 ], [ -105.196357, 40.07179 ], [ -105.196386, 40.071791 ], [ -105.196411, 40.071791 ], [ -105.197105, 40.071795 ], [ -105.197401, 40.071732 ], [ -105.197479, 40.071082 ], [ -105.197669, 40.070801 ], [ -105.198013, 40.070313 ], [ -105.198182, 40.070045 ], [ -105.198333, 40.069687 ], [ -105.198238, 40.06916 ], [ -105.201095, 40.069153 ], [ -105.202147, 40.069151 ], [ -105.202148, 40.069083 ], [ -105.202151, 40.068953 ], [ -105.202148, 40.068201 ], [ -105.202174, 40.068081 ], [ -105.202222, 40.067965 ], [ -105.202339, 40.067773 ], [ -105.202466, 40.067632 ], [ -105.202619, 40.067506 ], [ -105.202485, 40.067375 ], [ -105.20228, 40.067216 ], [ -105.202236, 40.06719 ], [ -105.202227, 40.065535 ], [ -105.200752, 40.065552 ], [ -105.19749, 40.065524 ], [ -105.196771, 40.065525 ], [ -105.196745, 40.065484 ], [ -105.196739, 40.065476 ], [ -105.196702, 40.065427 ], [ -105.196603, 40.065335 ], [ -105.19645, 40.065205 ], [ -105.196325, 40.06511 ], [ -105.196296, 40.065086 ], [ -105.196276, 40.065072 ], [ -105.196255, 40.065056 ], [ -105.196237, 40.065043 ], [ -105.196216, 40.065029 ], [ -105.196206, 40.065022 ], [ -105.19619, 40.065011 ], [ -105.196171, 40.064998 ], [ -105.196146, 40.064981 ], [ -105.195552, 40.064675 ], [ -105.195526, 40.064662 ], [ -105.195509, 40.064653 ], [ -105.195497, 40.064647 ], [ -105.195476, 40.064636 ], [ -105.195464, 40.064629 ], [ -105.195453, 40.064623 ], [ -105.195438, 40.064615 ], [ -105.195424, 40.064607 ], [ -105.195412, 40.064601 ], [ -105.195398, 40.064592 ], [ -105.195316, 40.064543 ], [ -105.195289, 40.064526 ], [ -105.195208, 40.064471 ], [ -105.195179, 40.064451 ], [ -105.195149, 40.064428 ], [ -105.195126, 40.064411 ], [ -105.195086, 40.064379 ], [ -105.195061, 40.064359 ], [ -105.195049, 40.064349 ], [ -105.195016, 40.064321 ], [ -105.195056, 40.064286 ], [ -105.19486, 40.064101 ], [ -105.194774, 40.06402 ], [ -105.194156, 40.063437 ], [ -105.193676, 40.062985 ], [ -105.193583, 40.062897 ], [ -105.193438, 40.062762 ], [ -105.193336, 40.062665 ], [ -105.1932, 40.062537 ], [ -105.193004, 40.062353 ], [ -105.192888, 40.062209 ], [ -105.192871, 40.062176 ], [ -105.192852, 40.062138 ], [ -105.192838, 40.062104 ], [ -105.19282, 40.062054 ], [ -105.192793, 40.061966 ], [ -105.193043, 40.061877 ], [ -105.193768, 40.061878 ], [ -105.194032, 40.061879 ], [ -105.19415, 40.061878 ], [ -105.194265, 40.061881 ], [ -105.194453, 40.061878 ], [ -105.194473, 40.061878 ], [ -105.194701, 40.061883 ], [ -105.195197, 40.061884 ], [ -105.196072, 40.061889 ], [ -105.196153, 40.062583 ], [ -105.196215, 40.063117 ], [ -105.196694, 40.063387 ], [ -105.197389, 40.063779 ], [ -105.197503, 40.063841 ], [ -105.197502, 40.063904 ], [ -105.1975, 40.064102 ], [ -105.199478, 40.063702 ], [ -105.200417, 40.0631 ], [ -105.20086, 40.062799 ], [ -105.201033, 40.062684 ], [ -105.201122, 40.062624 ], [ -105.201224, 40.062556 ], [ -105.202293, 40.062165 ], [ -105.203559, 40.061934 ], [ -105.203909, 40.061876 ], [ -105.203915, 40.061022 ], [ -105.202299, 40.060605 ], [ -105.202087, 40.06055 ], [ -105.202075, 40.060332 ], [ -105.202069, 40.060266 ], [ -105.202172, 40.060231 ], [ -105.202248, 40.060209 ], [ -105.202551, 40.059938 ], [ -105.202677, 40.059579 ], [ -105.202891, 40.058973 ], [ -105.202909, 40.05892 ], [ -105.203074, 40.058789 ], [ -105.203604, 40.05861 ], [ -105.203872, 40.05856 ], [ -105.204291, 40.058483 ], [ -105.204807, 40.058438 ], [ -105.205245, 40.058465 ], [ -105.205544, 40.058379 ], [ -105.206447, 40.058342 ], [ -105.206543, 40.058342 ], [ -105.206559, 40.058343 ], [ -105.206713, 40.05834 ], [ -105.20687, 40.058343 ], [ -105.207016, 40.058334 ], [ -105.207015, 40.058477 ], [ -105.206995, 40.058981 ], [ -105.207043, 40.060856 ], [ -105.207032, 40.061678 ], [ -105.207031, 40.061697 ], [ -105.208808, 40.061711 ], [ -105.211668, 40.061732 ], [ -105.214158, 40.061751 ], [ -105.215553, 40.061761 ], [ -105.216005, 40.061766 ], [ -105.216005, 40.061723 ], [ -105.21599, 40.059184 ], [ -105.215922, 40.058252 ], [ -105.215481, 40.058248 ], [ -105.213525, 40.058229 ], [ -105.21281, 40.058224 ], [ -105.212848, 40.057585 ], [ -105.21288, 40.057586 ], [ -105.213033, 40.057578 ], [ -105.213107, 40.057561 ], [ -105.213188, 40.057543 ], [ -105.213352, 40.057494 ], [ -105.213594, 40.057423 ], [ -105.213926, 40.057333 ], [ -105.214243, 40.057275 ], [ -105.214328, 40.057259 ], [ -105.214739, 40.057219 ], [ -105.215017, 40.057212 ], [ -105.21514, 40.057212 ], [ -105.215633, 40.057214 ], [ -105.215959, 40.057215 ], [ -105.216089, 40.057216 ], [ -105.216085, 40.057094 ], [ -105.216078, 40.056943 ], [ -105.216028, 40.056764 ], [ -105.215979, 40.056665 ], [ -105.215914, 40.056542 ], [ -105.215917, 40.056067 ], [ -105.215939, 40.055054 ], [ -105.215963, 40.05462 ], [ -105.216119, 40.054623 ], [ -105.217957, 40.054639 ], [ -105.220282, 40.05465 ], [ -105.220798, 40.054658 ], [ -105.220797, 40.055019 ], [ -105.220785, 40.055752 ], [ -105.220796, 40.056666 ], [ -105.220796, 40.057574 ], [ -105.220801, 40.058285 ], [ -105.221467, 40.058301 ], [ -105.222914, 40.058309 ], [ -105.222964, 40.05831 ] ], [ [ -105.18019, 40.069204 ], [ -105.178622, 40.069196 ], [ -105.178622, 40.069759 ], [ -105.178623, 40.069844 ], [ -105.178617, 40.070562 ], [ -105.178923, 40.070562 ], [ -105.180183, 40.070566 ], [ -105.180186, 40.069843 ], [ -105.180186, 40.069767 ], [ -105.18019, 40.069204 ] ] ], [ [ [ -105.301435, 40.012871 ], [ -105.301432, 40.012983 ], [ -105.301376, 40.013348 ], [ -105.30125, 40.013628 ], [ -105.301008, 40.013771 ], [ -105.301007, 40.013894 ], [ -105.301004, 40.014125 ], [ -105.301002, 40.014305 ], [ -105.301001, 40.014428 ], [ -105.301001, 40.014445 ], [ -105.300997, 40.014814 ], [ -105.300977, 40.017672 ], [ -105.300949, 40.021611 ], [ -105.300949, 40.021627 ], [ -105.300948, 40.022482 ], [ -105.300611, 40.022121 ], [ -105.300547, 40.022054 ], [ -105.300386, 40.021882 ], [ -105.30029, 40.021781 ], [ -105.300186, 40.021671 ], [ -105.300141, 40.021623 ], [ -105.299992, 40.02163 ], [ -105.29996, 40.021633 ], [ -105.299744, 40.021638 ], [ -105.299411, 40.021649 ], [ -105.296884, 40.021694 ], [ -105.296646, 40.021701 ], [ -105.296545, 40.021705 ], [ -105.296517, 40.021732 ], [ -105.296515, 40.021771 ], [ -105.296501, 40.02192 ], [ -105.296479, 40.022121 ], [ -105.296276, 40.022144 ], [ -105.296238, 40.022148 ], [ -105.296244, 40.02226 ], [ -105.296245, 40.022431 ], [ -105.296237, 40.022488 ], [ -105.296238, 40.022645 ], [ -105.296238, 40.024228 ], [ -105.296238, 40.025351 ], [ -105.296121, 40.025355 ], [ -105.295932, 40.025359 ], [ -105.295621, 40.025367 ], [ -105.293813, 40.025408 ], [ -105.293623, 40.025413 ], [ -105.293622, 40.02546 ], [ -105.293621, 40.025512 ], [ -105.293619, 40.0256 ], [ -105.293626, 40.026065 ], [ -105.293628, 40.026322 ], [ -105.293631, 40.026788 ], [ -105.293626, 40.026822 ], [ -105.293625, 40.026897 ], [ -105.293625, 40.026948 ], [ -105.293198, 40.026958 ], [ -105.293198, 40.027162 ], [ -105.293625, 40.027162 ], [ -105.293624, 40.027362 ], [ -105.292668, 40.027359 ], [ -105.292673, 40.027482 ], [ -105.292678, 40.027599 ], [ -105.292676, 40.027649 ], [ -105.292656, 40.027813 ], [ -105.292655, 40.027976 ], [ -105.292738, 40.027972 ], [ -105.293188, 40.027969 ], [ -105.29325, 40.027969 ], [ -105.293246, 40.028056 ], [ -105.293242, 40.028905 ], [ -105.292681, 40.028907 ], [ -105.292671, 40.029249 ], [ -105.292769, 40.029252 ], [ -105.29277, 40.029319 ], [ -105.293346, 40.029315 ], [ -105.293644, 40.029317 ], [ -105.293645, 40.029412 ], [ -105.293647, 40.029654 ], [ -105.293357, 40.029653 ], [ -105.293327, 40.029682 ], [ -105.293274, 40.029705 ], [ -105.293213, 40.029702 ], [ -105.293213, 40.029955 ], [ -105.293183, 40.029953 ], [ -105.292685, 40.029964 ], [ -105.292686, 40.030001 ], [ -105.292684, 40.030321 ], [ -105.29268, 40.030485 ], [ -105.292782, 40.03048 ], [ -105.292973, 40.030479 ], [ -105.293654, 40.030478 ], [ -105.293652, 40.030654 ], [ -105.293659, 40.031034 ], [ -105.293218, 40.031034 ], [ -105.293224, 40.031096 ], [ -105.293206, 40.03146 ], [ -105.293206, 40.031543 ], [ -105.293315, 40.031543 ], [ -105.293663, 40.031544 ], [ -105.293664, 40.031672 ], [ -105.293302, 40.031673 ], [ -105.293302, 40.03195 ], [ -105.293662, 40.03195 ], [ -105.293671, 40.032782 ], [ -105.293239, 40.032779 ], [ -105.293025, 40.032779 ], [ -105.2928, 40.032779 ], [ -105.292702, 40.032781 ], [ -105.292701, 40.032867 ], [ -105.292699, 40.032942 ], [ -105.29301, 40.032943 ], [ -105.293095, 40.032942 ], [ -105.293421, 40.032944 ], [ -105.29373, 40.032944 ], [ -105.293727, 40.033615 ], [ -105.293542, 40.033615 ], [ -105.293326, 40.033615 ], [ -105.293001, 40.033615 ], [ -105.292923, 40.033751 ], [ -105.292914, 40.033765 ], [ -105.292906, 40.033777 ], [ -105.292895, 40.033784 ], [ -105.29289, 40.033794 ], [ -105.292881, 40.033808 ], [ -105.292875, 40.033819 ], [ -105.292873, 40.033831 ], [ -105.292867, 40.033849 ], [ -105.29285, 40.033872 ], [ -105.29284, 40.033888 ], [ -105.292834, 40.033903 ], [ -105.292832, 40.033919 ], [ -105.292832, 40.033933 ], [ -105.292833, 40.033952 ], [ -105.292833, 40.033972 ], [ -105.292846, 40.033984 ], [ -105.292857, 40.034003 ], [ -105.292869, 40.03402 ], [ -105.292881, 40.034035 ], [ -105.2929, 40.03405 ], [ -105.292947, 40.034075 ], [ -105.292985, 40.0341 ], [ -105.293004, 40.0341 ], [ -105.293021, 40.034109 ], [ -105.293061, 40.034131 ], [ -105.293102, 40.03413 ], [ -105.293374, 40.034125 ], [ -105.293395, 40.034157 ], [ -105.293632, 40.034553 ], [ -105.293636, 40.034562 ], [ -105.29364, 40.034575 ], [ -105.293644, 40.034588 ], [ -105.293649, 40.034606 ], [ -105.293652, 40.03462 ], [ -105.293655, 40.034638 ], [ -105.293657, 40.034661 ], [ -105.293657, 40.034673 ], [ -105.293657, 40.034692 ], [ -105.293655, 40.034714 ], [ -105.293651, 40.034733 ], [ -105.293649, 40.034743 ], [ -105.293643, 40.034766 ], [ -105.293636, 40.034786 ], [ -105.29363, 40.0348 ], [ -105.293624, 40.034812 ], [ -105.293518, 40.03497 ], [ -105.293454, 40.035062 ], [ -105.293371, 40.035055 ], [ -105.293251, 40.035023 ], [ -105.293124, 40.035009 ], [ -105.292745, 40.034988 ], [ -105.292682, 40.035051 ], [ -105.292643, 40.035109 ], [ -105.29268, 40.035248 ], [ -105.292593, 40.03539 ], [ -105.29257, 40.035427 ], [ -105.292613, 40.035586 ], [ -105.292648, 40.035759 ], [ -105.292688, 40.035848 ], [ -105.292706, 40.035882 ], [ -105.292732, 40.035931 ], [ -105.29275, 40.035964 ], [ -105.292773, 40.035998 ], [ -105.292898, 40.036164 ], [ -105.292932, 40.036192 ], [ -105.293024, 40.036279 ], [ -105.29304, 40.036345 ], [ -105.293017, 40.036345 ], [ -105.292926, 40.036345 ], [ -105.291614, 40.036332 ], [ -105.291615, 40.036591 ], [ -105.291615, 40.036874 ], [ -105.292801, 40.036873 ], [ -105.293073, 40.036874 ], [ -105.293248, 40.036874 ], [ -105.293253, 40.037303 ], [ -105.292947, 40.037304 ], [ -105.292769, 40.037307 ], [ -105.292914, 40.037652 ], [ -105.292648, 40.037652 ], [ -105.292156, 40.037651 ], [ -105.292156, 40.037841 ], [ -105.292613, 40.037841 ], [ -105.292914, 40.037845 ], [ -105.292947, 40.037927 ], [ -105.292832, 40.038369 ], [ -105.292716, 40.038613 ], [ -105.292599, 40.03882 ], [ -105.292481, 40.038961 ], [ -105.292379, 40.039016 ], [ -105.292345, 40.039183 ], [ -105.292358, 40.039183 ], [ -105.292605, 40.039186 ], [ -105.293469, 40.039198 ], [ -105.293462, 40.040101 ], [ -105.29358, 40.0401 ], [ -105.293626, 40.040108 ], [ -105.293628, 40.040876 ], [ -105.293849, 40.040906 ], [ -105.294475, 40.041062 ], [ -105.294747, 40.04115 ], [ -105.294804, 40.041175 ], [ -105.294883, 40.041219 ], [ -105.294961, 40.041268 ], [ -105.295096, 40.041376 ], [ -105.295209, 40.041497 ], [ -105.295257, 40.041562 ], [ -105.2953, 40.041631 ], [ -105.295173, 40.041658 ], [ -105.295044, 40.041686 ], [ -105.295037, 40.041752 ], [ -105.295033, 40.04178 ], [ -105.295011, 40.041965 ], [ -105.294968, 40.042324 ], [ -105.295302, 40.042733 ], [ -105.294734, 40.04273 ], [ -105.294707, 40.042745 ], [ -105.294673, 40.042763 ], [ -105.294624, 40.042789 ], [ -105.294053, 40.043092 ], [ -105.293981, 40.043132 ], [ -105.293988, 40.043146 ], [ -105.294024, 40.043221 ], [ -105.293658, 40.043652 ], [ -105.293863, 40.044243 ], [ -105.294104, 40.044857 ], [ -105.294197, 40.045878 ], [ -105.29411, 40.046313 ], [ -105.294211, 40.046573 ], [ -105.294429, 40.046785 ], [ -105.294384, 40.047002 ], [ -105.29442, 40.047164 ], [ -105.294443, 40.047272 ], [ -105.294741, 40.04727 ], [ -105.294746, 40.047285 ], [ -105.294935, 40.047285 ], [ -105.295546, 40.047285 ], [ -105.300146, 40.047285 ], [ -105.301124, 40.047282 ], [ -105.301129, 40.048236 ], [ -105.301144, 40.051091 ], [ -105.301158, 40.05383 ], [ -105.300481, 40.053839 ], [ -105.300479, 40.053904 ], [ -105.300467, 40.054347 ], [ -105.300475, 40.054605 ], [ -105.300962, 40.055268 ], [ -105.301168, 40.055169 ], [ -105.301152, 40.057744 ], [ -105.300411, 40.057749 ], [ -105.300092, 40.058107 ], [ -105.300058, 40.058218 ], [ -105.299616, 40.059664 ], [ -105.299682, 40.059664 ], [ -105.299968, 40.059665 ], [ -105.299721, 40.060251 ], [ -105.299581, 40.060427 ], [ -105.299416, 40.060751 ], [ -105.299227, 40.06112 ], [ -105.299123, 40.061182 ], [ -105.298819, 40.061365 ], [ -105.298524, 40.061681 ], [ -105.298435, 40.061812 ], [ -105.298194, 40.062371 ], [ -105.297717, 40.062858 ], [ -105.297293, 40.062925 ], [ -105.297087, 40.062823 ], [ -105.296525, 40.062901 ], [ -105.296528, 40.06298 ], [ -105.296527, 40.063357 ], [ -105.296527, 40.063433 ], [ -105.296534, 40.063526 ], [ -105.296603, 40.063534 ], [ -105.296964, 40.06358 ], [ -105.297011, 40.063586 ], [ -105.297184, 40.063609 ], [ -105.29733, 40.063628 ], [ -105.297524, 40.064016 ], [ -105.298198, 40.065345 ], [ -105.29843, 40.066426 ], [ -105.298736, 40.067884 ], [ -105.298721, 40.067988 ], [ -105.2987, 40.068568 ], [ -105.298675, 40.069005 ], [ -105.298668, 40.069142 ], [ -105.298624, 40.069914 ], [ -105.298573, 40.070817 ], [ -105.298523, 40.071739 ], [ -105.298501, 40.072195 ], [ -105.298498, 40.072677 ], [ -105.298489, 40.073116 ], [ -105.298479, 40.073575 ], [ -105.298463, 40.074385 ], [ -105.298455, 40.074795 ], [ -105.298447, 40.075206 ], [ -105.29843, 40.076026 ], [ -105.298423, 40.076377 ], [ -105.298422, 40.076439 ], [ -105.298414, 40.076841 ], [ -105.298406, 40.077256 ], [ -105.298399, 40.077675 ], [ -105.298384, 40.078503 ], [ -105.298374, 40.079026 ], [ -105.298358, 40.079946 ], [ -105.282842, 40.080013 ], [ -105.2822, 40.080015 ], [ -105.282215, 40.07991 ], [ -105.282124, 40.079119 ], [ -105.282107, 40.07739 ], [ -105.282101, 40.076661 ], [ -105.280401, 40.076663 ], [ -105.278243, 40.076656 ], [ -105.278362, 40.076531 ], [ -105.278364, 40.075785 ], [ -105.27801, 40.075784 ], [ -105.277892, 40.076032 ], [ -105.277751, 40.076194 ], [ -105.27771, 40.076229 ], [ -105.277592, 40.07633 ], [ -105.277502, 40.076408 ], [ -105.277404, 40.076473 ], [ -105.277408, 40.076622 ], [ -105.277413, 40.07679 ], [ -105.27745, 40.078101 ], [ -105.277479, 40.079261 ], [ -105.277484, 40.079454 ], [ -105.277493, 40.079888 ], [ -105.277434, 40.079887 ], [ -105.277439, 40.079988 ], [ -105.276542, 40.079978 ], [ -105.276049, 40.07997 ], [ -105.275675, 40.079975 ], [ -105.275637, 40.079976 ], [ -105.275431, 40.079976 ], [ -105.274516, 40.079974 ], [ -105.273837, 40.079967 ], [ -105.269952, 40.080037 ], [ -105.267899, 40.080088 ], [ -105.267412, 40.080097 ], [ -105.26622, 40.080127 ], [ -105.265011, 40.08016 ], [ -105.263492, 40.080201 ], [ -105.263489, 40.079998 ], [ -105.263484, 40.079643 ], [ -105.263471, 40.078694 ], [ -105.263465, 40.078243 ], [ -105.261575, 40.078253 ], [ -105.261062, 40.078255 ], [ -105.260947, 40.078256 ], [ -105.260042, 40.07826 ], [ -105.259163, 40.078264 ], [ -105.257042, 40.078275 ], [ -105.25539, 40.078283 ], [ -105.254768, 40.078288 ], [ -105.252142, 40.078298 ], [ -105.250579, 40.078306 ], [ -105.249678, 40.07831 ], [ -105.247966, 40.078319 ], [ -105.246725, 40.078325 ], [ -105.246149, 40.07833 ], [ -105.245103, 40.078332 ], [ -105.245038, 40.078333 ], [ -105.244712, 40.078332 ], [ -105.243542, 40.078332 ], [ -105.243247, 40.078332 ], [ -105.242355, 40.078331 ], [ -105.24227, 40.07833 ], [ -105.242088, 40.078332 ], [ -105.240333, 40.078327 ], [ -105.239835, 40.078326 ], [ -105.238954, 40.078325 ], [ -105.238471, 40.078326 ], [ -105.237803, 40.078328 ], [ -105.237639, 40.078353 ], [ -105.237346, 40.078398 ], [ -105.236821, 40.078488 ], [ -105.23616, 40.078583 ], [ -105.235922, 40.078617 ], [ -105.235279, 40.078732 ], [ -105.234293, 40.078867 ], [ -105.233433, 40.078985 ], [ -105.230167, 40.07999 ], [ -105.229895, 40.080074 ], [ -105.234993, 40.080154 ], [ -105.235075, 40.084606 ], [ -105.235128, 40.085505 ], [ -105.235106, 40.0856 ], [ -105.234917, 40.086079 ], [ -105.234743, 40.086346 ], [ -105.234605, 40.08652 ], [ -105.234505, 40.08661 ], [ -105.2342, 40.086885 ], [ -105.234164, 40.086907 ], [ -105.233865, 40.087094 ], [ -105.233654, 40.087203 ], [ -105.233474, 40.087275 ], [ -105.233428, 40.087293 ], [ -105.233151, 40.08738 ], [ -105.232803, 40.087459 ], [ -105.232703, 40.087482 ], [ -105.232407, 40.087532 ], [ -105.232217, 40.087549 ], [ -105.231981, 40.087557 ], [ -105.231738, 40.08754 ], [ -105.230247, 40.087383 ], [ -105.229471, 40.087296 ], [ -105.22892, 40.087245 ], [ -105.227926, 40.087154 ], [ -105.227693, 40.087132 ], [ -105.227406, 40.087135 ], [ -105.227261, 40.087161 ], [ -105.227083, 40.087203 ], [ -105.226669, 40.087357 ], [ -105.226541, 40.087426 ], [ -105.226305, 40.08761 ], [ -105.22609, 40.087861 ], [ -105.22591, 40.088138 ], [ -105.225877, 40.088225 ], [ -105.225867, 40.088338 ], [ -105.225866, 40.088397 ], [ -105.225856, 40.088462 ], [ -105.225846, 40.088324 ], [ -105.225834, 40.088167 ], [ -105.225832, 40.087697 ], [ -105.225838, 40.086892 ], [ -105.225832, 40.086117 ], [ -105.224661, 40.086107 ], [ -105.224675, 40.085534 ], [ -105.223036, 40.086026 ], [ -105.221971, 40.086177 ], [ -105.221106, 40.086268 ], [ -105.221116, 40.086387 ], [ -105.219853, 40.0864 ], [ -105.219079, 40.086401 ], [ -105.218233, 40.086407 ], [ -105.21824, 40.086901 ], [ -105.218241, 40.08696 ], [ -105.218243, 40.087143 ], [ -105.217297, 40.08714 ], [ -105.217232, 40.08714 ], [ -105.217155, 40.08714 ], [ -105.216359, 40.087139 ], [ -105.216356, 40.088486 ], [ -105.21635, 40.088915 ], [ -105.216319, 40.088914 ], [ -105.21627, 40.088914 ], [ -105.215964, 40.088914 ], [ -105.215293, 40.088915 ], [ -105.214794, 40.088921 ], [ -105.21429, 40.088916 ], [ -105.213441, 40.088918 ], [ -105.213427, 40.088918 ], [ -105.212855, 40.088913 ], [ -105.211426, 40.088911 ], [ -105.21083, 40.088911 ], [ -105.208446, 40.08891 ], [ -105.208367, 40.08891 ], [ -105.207292, 40.088898 ], [ -105.207101, 40.088898 ], [ -105.206902, 40.088899 ], [ -105.206901, 40.08899 ], [ -105.206899, 40.089261 ], [ -105.206897, 40.089882 ], [ -105.206892, 40.091516 ], [ -105.206894, 40.092467 ], [ -105.206895, 40.093073 ], [ -105.206898, 40.09423 ], [ -105.206898, 40.094401 ], [ -105.205751, 40.094412 ], [ -105.204604, 40.094398 ], [ -105.203433, 40.094404 ], [ -105.202659, 40.094396 ], [ -105.201716, 40.094406 ], [ -105.201299, 40.094411 ], [ -105.199939, 40.094393 ], [ -105.19615, 40.094384 ], [ -105.194182, 40.094384 ], [ -105.192155, 40.094386 ], [ -105.19141, 40.094385 ], [ -105.190002, 40.094382 ], [ -105.187849, 40.094367 ], [ -105.187862, 40.093847 ], [ -105.187867, 40.093538 ], [ -105.187869, 40.093395 ], [ -105.187877, 40.092881 ], [ -105.187884, 40.092564 ], [ -105.187883, 40.09238 ], [ -105.187885, 40.092214 ], [ -105.187886, 40.092075 ], [ -105.187973, 40.091998 ], [ -105.187991, 40.091981 ], [ -105.188468, 40.091556 ], [ -105.18959, 40.090828 ], [ -105.191129, 40.089829 ], [ -105.191536, 40.089465 ], [ -105.191964, 40.08908 ], [ -105.192235, 40.088838 ], [ -105.193609, 40.087114 ], [ -105.193676, 40.087029 ], [ -105.194049, 40.086555 ], [ -105.19478, 40.085886 ], [ -105.195168, 40.08553 ], [ -105.196245, 40.084544 ], [ -105.197254, 40.083623 ], [ -105.198782, 40.082231 ], [ -105.198949, 40.082079 ], [ -105.199416, 40.081655 ], [ -105.199508, 40.081572 ], [ -105.199793, 40.081313 ], [ -105.200084, 40.081049 ], [ -105.200208, 40.080937 ], [ -105.200279, 40.080872 ], [ -105.200328, 40.080828 ], [ -105.200391, 40.080771 ], [ -105.200667, 40.08052 ], [ -105.200857, 40.080348 ], [ -105.200897, 40.080312 ], [ -105.201309, 40.079938 ], [ -105.201324, 40.079924 ], [ -105.201354, 40.079897 ], [ -105.201431, 40.079827 ], [ -105.201548, 40.07972 ], [ -105.201615, 40.079659 ], [ -105.202183, 40.079142 ], [ -105.202496, 40.078857 ], [ -105.202717, 40.078655 ], [ -105.202994, 40.078403 ], [ -105.203629, 40.077939 ], [ -105.204201, 40.077521 ], [ -105.204843, 40.077052 ], [ -105.20576, 40.07638 ], [ -105.206108, 40.07611 ], [ -105.206546, 40.07577 ], [ -105.206691, 40.075657 ], [ -105.206732, 40.075625 ], [ -105.206748, 40.075612 ], [ -105.20686, 40.075522 ], [ -105.206953, 40.075449 ], [ -105.207061, 40.075365 ], [ -105.207086, 40.075345 ], [ -105.207321, 40.075161 ], [ -105.207703, 40.074856 ], [ -105.208013, 40.07449 ], [ -105.208254, 40.074204 ], [ -105.208563, 40.07384 ], [ -105.209026, 40.073293 ], [ -105.209379, 40.072795 ], [ -105.211574, 40.072795 ], [ -105.211529, 40.071127 ], [ -105.211515, 40.070602 ], [ -105.212443, 40.069759 ], [ -105.213089, 40.069172 ], [ -105.216929, 40.069175 ], [ -105.216929, 40.069404 ], [ -105.218281, 40.069412 ], [ -105.218646, 40.069458 ], [ -105.220029, 40.069632 ], [ -105.220855, 40.069091 ], [ -105.221096, 40.069075 ], [ -105.222447, 40.068987 ], [ -105.222578, 40.069013 ], [ -105.223036, 40.069096 ], [ -105.223605, 40.069205 ], [ -105.224951, 40.069469 ], [ -105.225606, 40.069885 ], [ -105.226002, 40.069928 ], [ -105.226378, 40.070267 ], [ -105.226375, 40.070553 ], [ -105.227191, 40.070877 ], [ -105.228588, 40.070821 ], [ -105.229699, 40.070458 ], [ -105.230651, 40.070619 ], [ -105.231033, 40.070683 ], [ -105.231698, 40.070631 ], [ -105.231955, 40.070546 ], [ -105.233492, 40.070203 ], [ -105.233869, 40.070121 ], [ -105.235066, 40.070099 ], [ -105.235083, 40.071055 ], [ -105.235086, 40.07119 ], [ -105.235089, 40.071251 ], [ -105.2351, 40.071439 ], [ -105.235107, 40.071574 ], [ -105.235187, 40.071758 ], [ -105.235324, 40.072018 ], [ -105.235613, 40.072437 ], [ -105.236212, 40.073175 ], [ -105.236344, 40.073329 ], [ -105.237379, 40.074534 ], [ -105.237519, 40.074692 ], [ -105.237563, 40.074742 ], [ -105.240017, 40.074736 ], [ -105.241307, 40.074733 ], [ -105.242615, 40.07473 ], [ -105.243791, 40.074727 ], [ -105.244272, 40.074726 ], [ -105.244514, 40.074726 ], [ -105.244681, 40.074725 ], [ -105.244722, 40.074725 ], [ -105.246002, 40.074724 ], [ -105.247613, 40.074722 ], [ -105.248885, 40.074721 ], [ -105.249387, 40.074721 ], [ -105.250443, 40.074719 ], [ -105.251359, 40.074719 ], [ -105.252934, 40.074717 ], [ -105.253772, 40.074716 ], [ -105.257331, 40.074685 ], [ -105.25737, 40.074684 ], [ -105.257577, 40.074682 ], [ -105.262287, 40.074631 ], [ -105.263422, 40.074622 ], [ -105.263406, 40.073874 ], [ -105.263398, 40.072804 ], [ -105.263398, 40.072761 ], [ -105.264072, 40.072756 ], [ -105.264203, 40.072755 ], [ -105.26502, 40.072749 ], [ -105.268243, 40.072726 ], [ -105.269656, 40.072733 ], [ -105.271435, 40.072742 ], [ -105.274192, 40.072768 ], [ -105.276695, 40.072784 ], [ -105.277461, 40.072802 ], [ -105.278022, 40.072785 ], [ -105.278846, 40.072783 ], [ -105.278929, 40.072782 ], [ -105.279195, 40.072994 ], [ -105.280206, 40.073799 ], [ -105.280206, 40.073872 ], [ -105.2802, 40.07421 ], [ -105.282061, 40.074212 ], [ -105.282099, 40.076398 ], [ -105.283802, 40.076374 ], [ -105.284019, 40.076384 ], [ -105.286802, 40.076368 ], [ -105.2868, 40.076297 ], [ -105.286806, 40.072743 ], [ -105.291463, 40.072715 ], [ -105.291545, 40.072714 ], [ -105.291519, 40.06928 ], [ -105.291116, 40.069279 ], [ -105.28423, 40.067817 ], [ -105.283216, 40.067601 ], [ -105.283098, 40.067234 ], [ -105.283086, 40.066954 ], [ -105.282899, 40.066413 ], [ -105.282889, 40.066387 ], [ -105.282821, 40.06622 ], [ -105.28269, 40.065893 ], [ -105.282624, 40.065729 ], [ -105.282587, 40.065637 ], [ -105.282556, 40.065561 ], [ -105.282545, 40.065533 ], [ -105.282566, 40.06554 ], [ -105.282642, 40.065555 ], [ -105.282818, 40.065555 ], [ -105.283927, 40.065557 ], [ -105.284032, 40.065557 ], [ -105.2841, 40.065561 ], [ -105.284199, 40.065581 ], [ -105.284245, 40.065597 ], [ -105.284303, 40.065624 ], [ -105.284429, 40.065716 ], [ -105.284453, 40.064338 ], [ -105.284456, 40.064124 ], [ -105.284464, 40.063727 ], [ -105.283386, 40.063726 ], [ -105.282319, 40.063724 ], [ -105.282124, 40.063732 ], [ -105.281743, 40.063742 ], [ -105.281422, 40.064196 ], [ -105.280951, 40.064309 ], [ -105.28088, 40.064377 ], [ -105.280162, 40.063874 ], [ -105.278753, 40.062951 ], [ -105.276966, 40.061898 ], [ -105.27152, 40.058471 ], [ -105.270596, 40.057905 ], [ -105.26661, 40.055499 ], [ -105.2659, 40.055062 ], [ -105.265763, 40.054982 ], [ -105.26561, 40.054881 ], [ -105.265307, 40.054699 ], [ -105.264601, 40.054203 ], [ -105.263764, 40.053642 ], [ -105.262925, 40.053143 ], [ -105.262589, 40.052959 ], [ -105.262023, 40.05257 ], [ -105.261332, 40.052071 ], [ -105.260777, 40.051604 ], [ -105.260729, 40.051564 ], [ -105.260718, 40.051553 ], [ -105.260625, 40.051455 ], [ -105.260484, 40.051455 ], [ -105.260376, 40.051336 ], [ -105.260119, 40.051034 ], [ -105.259225, 40.051029 ], [ -105.25918, 40.051029 ], [ -105.259032, 40.051028 ], [ -105.259004, 40.051027 ], [ -105.259007, 40.050914 ], [ -105.259007, 40.050745 ], [ -105.259005, 40.050149 ], [ -105.2593, 40.050146 ], [ -105.258905, 40.049435 ], [ -105.258418, 40.047918 ], [ -105.258392, 40.047462 ], [ -105.258358, 40.046865 ], [ -105.258353, 40.046359 ], [ -105.25834, 40.045596 ], [ -105.258341, 40.045548 ], [ -105.258345, 40.045353 ], [ -105.258323, 40.043737 ], [ -105.258328, 40.043607 ], [ -105.258086, 40.043613 ], [ -105.257558, 40.043626 ], [ -105.257029, 40.043637 ], [ -105.256872, 40.043641 ], [ -105.256817, 40.043642 ], [ -105.256704, 40.043644 ], [ -105.256698, 40.043248 ], [ -105.256698, 40.042715 ], [ -105.256711, 40.042648 ], [ -105.25673, 40.042583 ], [ -105.256812, 40.042415 ], [ -105.257037, 40.042111 ], [ -105.257099, 40.042011 ], [ -105.25698, 40.041946 ], [ -105.256934, 40.04193 ], [ -105.256933, 40.041844 ], [ -105.256928, 40.041542 ], [ -105.253718, 40.041535 ], [ -105.253719, 40.041891 ], [ -105.253721, 40.04234 ], [ -105.25373, 40.043651 ], [ -105.253727, 40.043784 ], [ -105.253729, 40.043914 ], [ -105.253335, 40.043914 ], [ -105.25266, 40.043907 ], [ -105.25198, 40.0439 ], [ -105.25131, 40.04391 ], [ -105.250631, 40.04391 ], [ -105.250301, 40.043906 ], [ -105.250298, 40.044547 ], [ -105.249569, 40.044962 ], [ -105.249386, 40.045067 ], [ -105.249272, 40.04513 ], [ -105.249069, 40.045245 ], [ -105.249022, 40.045272 ], [ -105.248965, 40.045305 ], [ -105.248966, 40.045539 ], [ -105.248974, 40.046346 ], [ -105.248977, 40.046815 ], [ -105.24898, 40.047178 ], [ -105.248981, 40.047414 ], [ -105.249463, 40.047415 ], [ -105.25045, 40.047412 ], [ -105.251295, 40.047409 ], [ -105.251606, 40.047408 ], [ -105.253746, 40.047402 ], [ -105.253755, 40.049063 ], [ -105.253764, 40.05085 ], [ -105.25377, 40.050982 ], [ -105.253773, 40.051052 ], [ -105.253348, 40.051061 ], [ -105.2532, 40.051064 ], [ -105.25242, 40.051078 ], [ -105.251043, 40.051085 ], [ -105.250876, 40.051086 ], [ -105.249066, 40.051091 ], [ -105.249068, 40.050994 ], [ -105.249061, 40.050956 ], [ -105.249059, 40.0509 ], [ -105.249068, 40.050674 ], [ -105.249069, 40.050596 ], [ -105.249069, 40.050435 ], [ -105.24907, 40.050413 ], [ -105.24907, 40.05037 ], [ -105.249068, 40.050297 ], [ -105.249068, 40.050229 ], [ -105.249065, 40.050046 ], [ -105.24906, 40.049764 ], [ -105.249061, 40.049721 ], [ -105.249059, 40.049611 ], [ -105.249056, 40.049427 ], [ -105.249055, 40.049397 ], [ -105.249053, 40.049232 ], [ -105.249053, 40.049188 ], [ -105.249053, 40.04906 ], [ -105.249053, 40.048944 ], [ -105.249052, 40.048877 ], [ -105.249052, 40.048714 ], [ -105.249052, 40.048693 ], [ -105.249052, 40.048514 ], [ -105.249049, 40.048335 ], [ -105.249051, 40.048279 ], [ -105.249029, 40.048279 ], [ -105.24835, 40.048279 ], [ -105.248277, 40.04828 ], [ -105.248276, 40.048503 ], [ -105.248274, 40.049083 ], [ -105.248281, 40.049185 ], [ -105.24827, 40.049606 ], [ -105.248264, 40.050313 ], [ -105.248262, 40.050609 ], [ -105.24827, 40.050683 ], [ -105.24827, 40.050873 ], [ -105.24827, 40.050996 ], [ -105.248275, 40.051094 ], [ -105.248145, 40.051094 ], [ -105.24773, 40.051097 ], [ -105.247562, 40.051098 ], [ -105.246896, 40.051095 ], [ -105.24615, 40.051079 ], [ -105.244277, 40.051073 ], [ -105.244243, 40.051073 ], [ -105.244125, 40.051072 ], [ -105.244125, 40.051004 ], [ -105.244125, 40.050955 ], [ -105.24413, 40.04903 ], [ -105.244142, 40.047455 ], [ -105.24414, 40.047377 ], [ -105.244082, 40.045349 ], [ -105.244079, 40.045219 ], [ -105.244031, 40.045216 ], [ -105.243892, 40.043788 ], [ -105.243889, 40.043556 ], [ -105.243887, 40.043379 ], [ -105.243885, 40.043271 ], [ -105.244197, 40.043068 ], [ -105.244421, 40.042924 ], [ -105.244463, 40.042884 ], [ -105.244629, 40.042679 ], [ -105.24476, 40.042534 ], [ -105.24478, 40.042507 ], [ -105.244824, 40.042447 ], [ -105.244872, 40.042381 ], [ -105.244888, 40.042356 ], [ -105.244921, 40.042307 ], [ -105.244945, 40.042271 ], [ -105.244987, 40.042203 ], [ -105.245008, 40.042168 ], [ -105.245035, 40.042121 ], [ -105.245071, 40.042057 ], [ -105.245117, 40.041968 ], [ -105.245142, 40.04192 ], [ -105.245212, 40.041763 ], [ -105.245251, 40.041667 ], [ -105.245297, 40.041539 ], [ -105.245308, 40.041501 ], [ -105.245329, 40.041436 ], [ -105.245377, 40.041257 ], [ -105.245401, 40.041126 ], [ -105.245432, 40.040958 ], [ -105.245489, 40.040647 ], [ -105.245542, 40.040355 ], [ -105.245704, 40.040355 ], [ -105.245706, 40.040123 ], [ -105.246183, 40.040122 ], [ -105.248415, 40.040119 ], [ -105.248723, 40.04012 ], [ -105.249602, 40.040116 ], [ -105.249826, 40.040115 ], [ -105.250458, 40.040121 ], [ -105.251096, 40.040122 ], [ -105.252034, 40.040115 ], [ -105.252086, 40.040115 ], [ -105.253196, 40.040106 ], [ -105.25325, 40.040106 ], [ -105.253694, 40.040094 ], [ -105.25376, 40.040093 ], [ -105.254118, 40.040085 ], [ -105.254116, 40.040016 ], [ -105.254107, 40.039489 ], [ -105.2541, 40.039083 ], [ -105.253694, 40.039081 ], [ -105.253695, 40.03906 ], [ -105.253694, 40.038296 ], [ -105.253694, 40.038128 ], [ -105.253694, 40.038104 ], [ -105.253484, 40.038141 ], [ -105.253299, 40.038167 ], [ -105.253217, 40.038179 ], [ -105.252948, 40.03821 ], [ -105.252631, 40.03824 ], [ -105.252368, 40.038259 ], [ -105.252141, 40.038269 ], [ -105.251969, 40.038275 ], [ -105.251851, 40.038277 ], [ -105.251779, 40.038278 ], [ -105.251326, 40.038279 ], [ -105.25071, 40.038279 ], [ -105.24892, 40.038278 ], [ -105.246882, 40.038278 ], [ -105.246691, 40.038277 ], [ -105.246671, 40.038278 ], [ -105.245657, 40.038308 ], [ -105.245538, 40.038319 ], [ -105.245268, 40.038355 ], [ -105.245102, 40.03839 ], [ -105.244892, 40.038462 ], [ -105.244708, 40.038521 ], [ -105.24465, 40.038544 ], [ -105.244332, 40.038865 ], [ -105.244233, 40.038863 ], [ -105.244233, 40.038881 ], [ -105.24423, 40.039182 ], [ -105.244195, 40.03963 ], [ -105.24419, 40.04012 ], [ -105.244192, 40.040218 ], [ -105.244192, 40.040253 ], [ -105.244192, 40.040359 ], [ -105.244193, 40.040834 ], [ -105.244195, 40.041557 ], [ -105.244095, 40.04171 ], [ -105.243908, 40.042001 ], [ -105.243778, 40.042178 ], [ -105.243654, 40.042322 ], [ -105.243513, 40.042453 ], [ -105.243422, 40.042527 ], [ -105.243364, 40.042574 ], [ -105.242985, 40.042883 ], [ -105.241822, 40.043853 ], [ -105.241352, 40.04423 ], [ -105.241223, 40.044331 ], [ -105.241079, 40.044445 ], [ -105.239596, 40.04562 ], [ -105.239198, 40.045927 ], [ -105.239125, 40.04599 ], [ -105.239069, 40.045938 ], [ -105.239239, 40.045673 ], [ -105.240455, 40.043699 ], [ -105.240838, 40.043051 ], [ -105.241231, 40.042379 ], [ -105.242432, 40.040475 ], [ -105.2429, 40.040257 ], [ -105.243076, 40.040237 ], [ -105.243091, 40.040123 ], [ -105.243058, 40.040124 ], [ -105.242703, 40.040129 ], [ -105.242632, 40.04013 ], [ -105.242357, 40.04014 ], [ -105.242504, 40.039905 ], [ -105.242631, 40.039712 ], [ -105.242805, 40.039496 ], [ -105.242999, 40.03929 ], [ -105.243214, 40.039096 ], [ -105.243412, 40.038943 ], [ -105.243447, 40.038916 ], [ -105.243509, 40.038873 ], [ -105.243542, 40.038852 ], [ -105.243743, 40.038724 ], [ -105.243777, 40.038706 ], [ -105.243792, 40.038577 ], [ -105.243812, 40.038414 ], [ -105.243221, 40.038199 ], [ -105.242964, 40.038618 ], [ -105.242722, 40.038578 ], [ -105.242686, 40.038625 ], [ -105.242064, 40.038635 ], [ -105.238509, 40.038635 ], [ -105.239545, 40.037959 ], [ -105.239892, 40.037721 ], [ -105.240457, 40.037257 ], [ -105.241008, 40.036502 ], [ -105.240893, 40.036517 ], [ -105.239596, 40.036516 ], [ -105.239443, 40.036516 ], [ -105.238657, 40.035796 ], [ -105.238224, 40.035399 ], [ -105.237878, 40.035157 ], [ -105.237387, 40.034944 ], [ -105.237056, 40.034871 ], [ -105.236724, 40.034824 ], [ -105.236303, 40.034834 ], [ -105.236287, 40.034834 ], [ -105.236194, 40.034842 ], [ -105.235982, 40.034907 ], [ -105.235785, 40.034997 ], [ -105.235624, 40.035071 ], [ -105.235384, 40.035205 ], [ -105.234847, 40.035519 ], [ -105.234814, 40.036409 ], [ -105.234827, 40.038361 ], [ -105.23379, 40.039447 ], [ -105.233679, 40.040146 ], [ -105.233536, 40.040146 ], [ -105.23291, 40.040147 ], [ -105.229394, 40.040157 ], [ -105.225466, 40.040154 ], [ -105.221049, 40.040134 ], [ -105.220972, 40.040142 ], [ -105.220903, 40.04017 ], [ -105.220849, 40.040213 ], [ -105.220848, 40.040078 ], [ -105.220847, 40.039971 ], [ -105.218458, 40.039964 ], [ -105.218423, 40.039965 ], [ -105.218428, 40.038671 ], [ -105.218431, 40.03853 ], [ -105.218431, 40.038322 ], [ -105.218884, 40.038322 ], [ -105.219025, 40.038326 ], [ -105.220706, 40.038345 ], [ -105.220737, 40.037551 ], [ -105.220731, 40.037142 ], [ -105.22073, 40.037021 ], [ -105.220727, 40.036821 ], [ -105.220724, 40.036698 ], [ -105.220719, 40.036501 ], [ -105.220742, 40.036465 ], [ -105.22084, 40.036315 ], [ -105.220919, 40.036193 ], [ -105.22103, 40.036089 ], [ -105.221423, 40.035795 ], [ -105.221599, 40.035623 ], [ -105.221595, 40.035032 ], [ -105.221882, 40.034765 ], [ -105.221986, 40.034673 ], [ -105.222096, 40.034585 ], [ -105.222213, 40.034503 ], [ -105.222336, 40.034425 ], [ -105.222463, 40.034353 ], [ -105.222541, 40.034484 ], [ -105.222642, 40.034656 ], [ -105.222652, 40.034649 ], [ -105.222694, 40.034631 ], [ -105.222733, 40.034639 ], [ -105.222907, 40.03452 ], [ -105.223021, 40.034479 ], [ -105.223279, 40.034386 ], [ -105.223601, 40.034207 ], [ -105.224158, 40.033986 ], [ -105.224615, 40.033842 ], [ -105.224873, 40.033774 ], [ -105.225027, 40.033734 ], [ -105.225581, 40.033591 ], [ -105.225972, 40.033473 ], [ -105.225976, 40.032876 ], [ -105.225976, 40.032523 ], [ -105.225978, 40.031877 ], [ -105.225979, 40.031266 ], [ -105.225979, 40.031126 ], [ -105.225979, 40.030999 ], [ -105.225979, 40.030708 ], [ -105.225977, 40.030293 ], [ -105.225983, 40.029845 ], [ -105.225984, 40.029618 ], [ -105.225986, 40.029322 ], [ -105.225385, 40.02932 ], [ -105.225384, 40.029227 ], [ -105.225381, 40.029131 ], [ -105.22514, 40.029148 ], [ -105.224991, 40.029148 ], [ -105.224006, 40.029148 ], [ -105.22402, 40.028768 ], [ -105.224042, 40.028241 ], [ -105.224046, 40.028163 ], [ -105.224051, 40.028029 ], [ -105.224052, 40.028006 ], [ -105.224065, 40.027122 ], [ -105.224071, 40.026688 ], [ -105.224076, 40.025871 ], [ -105.223161, 40.026091 ], [ -105.222891, 40.026156 ], [ -105.220924, 40.026656 ], [ -105.220921, 40.026789 ], [ -105.22092, 40.02698 ], [ -105.22092, 40.02806 ], [ -105.220912, 40.0288 ], [ -105.22091, 40.029247 ], [ -105.220798, 40.029247 ], [ -105.220767, 40.029247 ], [ -105.220726, 40.029247 ], [ -105.220685, 40.029247 ], [ -105.220409, 40.029247 ], [ -105.22023, 40.029248 ], [ -105.218669, 40.029254 ], [ -105.218466, 40.029256 ], [ -105.218427, 40.029158 ], [ -105.218399, 40.029087 ], [ -105.218358, 40.029086 ], [ -105.218292, 40.029086 ], [ -105.21822, 40.029086 ], [ -105.21808, 40.029086 ], [ -105.217972, 40.029086 ], [ -105.217902, 40.029087 ], [ -105.217817, 40.02909 ], [ -105.217732, 40.029095 ], [ -105.217629, 40.029105 ], [ -105.217524, 40.029119 ], [ -105.217425, 40.029137 ], [ -105.217325, 40.029159 ], [ -105.217227, 40.029184 ], [ -105.217144, 40.02921 ], [ -105.217069, 40.029236 ], [ -105.216998, 40.029263 ], [ -105.216893, 40.02932 ], [ -105.216878, 40.029331 ], [ -105.216839, 40.029353 ], [ -105.216714, 40.029415 ], [ -105.216612, 40.029481 ], [ -105.216574, 40.029503 ], [ -105.216539, 40.029524 ], [ -105.216461, 40.029574 ], [ -105.216378, 40.029638 ], [ -105.216359, 40.029652 ], [ -105.216243, 40.029652 ], [ -105.216142, 40.029652 ], [ -105.21602, 40.029661 ], [ -105.216014, 40.02958 ], [ -105.216003, 40.029439 ], [ -105.216001, 40.029411 ], [ -105.21598, 40.029305 ], [ -105.215975, 40.029282 ], [ -105.215944, 40.029283 ], [ -105.21585, 40.029286 ], [ -105.215679, 40.029291 ], [ -105.215528, 40.029293 ], [ -105.215116, 40.029298 ], [ -105.214317, 40.029307 ], [ -105.214217, 40.029308 ], [ -105.213285, 40.029304 ], [ -105.213053, 40.029305 ], [ -105.212845, 40.029305 ], [ -105.211646, 40.029309 ], [ -105.211546, 40.029289 ], [ -105.211456, 40.02925 ], [ -105.21138, 40.029196 ], [ -105.211359, 40.029175 ], [ -105.211311, 40.029104 ], [ -105.211287, 40.029027 ], [ -105.211297, 40.028524 ], [ -105.211306, 40.026628 ], [ -105.211277, 40.025561 ], [ -105.211273, 40.024715 ], [ -105.211273, 40.024141 ], [ -105.211256, 40.0238 ], [ -105.211243, 40.023663 ], [ -105.21123, 40.0236 ], [ -105.211218, 40.023542 ], [ -105.211132, 40.023343 ], [ -105.211017, 40.02314 ], [ -105.210895, 40.022981 ], [ -105.210742, 40.022835 ], [ -105.210658, 40.022754 ], [ -105.21042, 40.022609 ], [ -105.21013, 40.022467 ], [ -105.209644, 40.022285 ], [ -105.209267, 40.02218 ], [ -105.209129, 40.022141 ], [ -105.208566, 40.022015 ], [ -105.208428, 40.021974 ], [ -105.208129, 40.021832 ], [ -105.208052, 40.021883 ], [ -105.207613, 40.021652 ], [ -105.207581, 40.021638 ], [ -105.207545, 40.021622 ], [ -105.207518, 40.021609 ], [ -105.207487, 40.021594 ], [ -105.207456, 40.021578 ], [ -105.207425, 40.021562 ], [ -105.207395, 40.021545 ], [ -105.207366, 40.021529 ], [ -105.207336, 40.021511 ], [ -105.207307, 40.021494 ], [ -105.207279, 40.021476 ], [ -105.20725, 40.021457 ], [ -105.207223, 40.021438 ], [ -105.20719, 40.021416 ], [ -105.207169, 40.0214 ], [ -105.207142, 40.02138 ], [ -105.207116, 40.02136 ], [ -105.20709, 40.021339 ], [ -105.207065, 40.021319 ], [ -105.207041, 40.021297 ], [ -105.207017, 40.021276 ], [ -105.206993, 40.021254 ], [ -105.20697, 40.021232 ], [ -105.206947, 40.02121 ], [ -105.206925, 40.021187 ], [ -105.206903, 40.021164 ], [ -105.206882, 40.021141 ], [ -105.206862, 40.021117 ], [ -105.206842, 40.021093 ], [ -105.206822, 40.021069 ], [ -105.206803, 40.021045 ], [ -105.206785, 40.02102 ], [ -105.206767, 40.020996 ], [ -105.20675, 40.020971 ], [ -105.206733, 40.020946 ], [ -105.206717, 40.02092 ], [ -105.206701, 40.020894 ], [ -105.206686, 40.020869 ], [ -105.206672, 40.020843 ], [ -105.206658, 40.020816 ], [ -105.206645, 40.02079 ], [ -105.206632, 40.020764 ], [ -105.206589, 40.020687 ], [ -105.206598, 40.02041 ], [ -105.206606, 40.020184 ], [ -105.206601, 40.019991 ], [ -105.206566, 40.018469 ], [ -105.206575, 40.017395 ], [ -105.206573, 40.017242 ], [ -105.206579, 40.016508 ], [ -105.206578, 40.016376 ], [ -105.206568, 40.015152 ], [ -105.206566, 40.014841 ], [ -105.206566, 40.01477 ], [ -105.206521, 40.01477 ], [ -105.206364, 40.01477 ], [ -105.205509, 40.014767 ], [ -105.205032, 40.014763 ], [ -105.203834, 40.014757 ], [ -105.203321, 40.014755 ], [ -105.2028, 40.014754 ], [ -105.200682, 40.014759 ], [ -105.197243, 40.014735 ], [ -105.196631, 40.014737 ], [ -105.195242, 40.01474 ], [ -105.195251, 40.014601 ], [ -105.195255, 40.014533 ], [ -105.195263, 40.014409 ], [ -105.195582, 40.014303 ], [ -105.195728, 40.014251 ], [ -105.195832, 40.014181 ], [ -105.195908, 40.014078 ], [ -105.195971, 40.014003 ], [ -105.196044, 40.013947 ], [ -105.196161, 40.013893 ], [ -105.196438, 40.013789 ], [ -105.196655, 40.013713 ], [ -105.196823, 40.013628 ], [ -105.196989, 40.013454 ], [ -105.197134, 40.013327 ], [ -105.197157, 40.013295 ], [ -105.196605, 40.012499 ], [ -105.196699, 40.012414 ], [ -105.197016, 40.012102 ], [ -105.197097, 40.012143 ], [ -105.197519, 40.012371 ], [ -105.197674, 40.012403 ], [ -105.197826, 40.012435 ], [ -105.198141, 40.012451 ], [ -105.198298, 40.012349 ], [ -105.198451, 40.011262 ], [ -105.200298, 40.011416 ], [ -105.200667, 40.011745 ], [ -105.200712, 40.011785 ], [ -105.201021, 40.011797 ], [ -105.201047, 40.011798 ], [ -105.201216, 40.011893 ], [ -105.201538, 40.012012 ], [ -105.201763, 40.012033 ], [ -105.202037, 40.012069 ], [ -105.202039, 40.011494 ], [ -105.202762, 40.011495 ], [ -105.20276, 40.012099 ], [ -105.203319, 40.012086 ], [ -105.203528, 40.012115 ], [ -105.203655, 40.012167 ], [ -105.203803, 40.012276 ], [ -105.20388, 40.012296 ], [ -105.203947, 40.012313 ], [ -105.206636, 40.012598 ], [ -105.206639, 40.012808 ], [ -105.206515, 40.012813 ], [ -105.206444, 40.012818 ], [ -105.2058, 40.012818 ], [ -105.205714, 40.012818 ], [ -105.205697, 40.012781 ], [ -105.205608, 40.0127 ], [ -105.205476, 40.012669 ], [ -105.20526, 40.012678 ], [ -105.205122, 40.012694 ], [ -105.205023, 40.012694 ], [ -105.205025, 40.012954 ], [ -105.205033, 40.014597 ], [ -105.205511, 40.014602 ], [ -105.206376, 40.014615 ], [ -105.206568, 40.014618 ], [ -105.206627, 40.014619 ], [ -105.206728, 40.014619 ], [ -105.207249, 40.014618 ], [ -105.207802, 40.014617 ], [ -105.207805, 40.014465 ], [ -105.207826, 40.013483 ], [ -105.207491, 40.013482 ], [ -105.207465, 40.013482 ], [ -105.207464, 40.012672 ], [ -105.207462, 40.011994 ], [ -105.207462, 40.011939 ], [ -105.207458, 40.011034 ], [ -105.208709, 40.011034 ], [ -105.209801, 40.011034 ], [ -105.20982, 40.012467 ], [ -105.209821, 40.012613 ], [ -105.210188, 40.012616 ], [ -105.210763, 40.012614 ], [ -105.211054, 40.012616 ], [ -105.212969, 40.01262 ], [ -105.213064, 40.01262 ], [ -105.213063, 40.012575 ], [ -105.213059, 40.012205 ], [ -105.213053, 40.01187 ], [ -105.214153, 40.011878 ], [ -105.214253, 40.011875 ], [ -105.214383, 40.011882 ], [ -105.214445, 40.011882 ], [ -105.214448, 40.011771 ], [ -105.214319, 40.011615 ], [ -105.21439, 40.011615 ], [ -105.214812, 40.011616 ], [ -105.21481, 40.011442 ], [ -105.214809, 40.011329 ], [ -105.21439, 40.011325 ], [ -105.214265, 40.011324 ], [ -105.213146, 40.011323 ], [ -105.213045, 40.011323 ], [ -105.213044, 40.011191 ], [ -105.213042, 40.01105 ], [ -105.213132, 40.011054 ], [ -105.214028, 40.011052 ], [ -105.214518, 40.011052 ], [ -105.214814, 40.011051 ], [ -105.214908, 40.011051 ], [ -105.215403, 40.01105 ], [ -105.215753, 40.011048 ], [ -105.216104, 40.011048 ], [ -105.216117, 40.010978 ], [ -105.216094, 40.010357 ], [ -105.216103, 40.009834 ], [ -105.2161, 40.009639 ], [ -105.215581, 40.009633 ], [ -105.215389, 40.009632 ], [ -105.215301, 40.009629 ], [ -105.215243, 40.009628 ], [ -105.215216, 40.009626 ], [ -105.215178, 40.009626 ], [ -105.21517, 40.009502 ], [ -105.215169, 40.009486 ], [ -105.215153, 40.009235 ], [ -105.214904, 40.009235 ], [ -105.214902, 40.009052 ], [ -105.214371, 40.009049 ], [ -105.214144, 40.008992 ], [ -105.213022, 40.008967 ], [ -105.213022, 40.008909 ], [ -105.213021, 40.008838 ], [ -105.21454, 40.008817 ], [ -105.214598, 40.00871 ], [ -105.214581, 40.008046 ], [ -105.213136, 40.008047 ], [ -105.213027, 40.008046 ], [ -105.212904, 40.008047 ], [ -105.212886, 40.007999 ], [ -105.212758, 40.007773 ], [ -105.212855, 40.007774 ], [ -105.21351, 40.007775 ], [ -105.214574, 40.007777 ], [ -105.214549, 40.006767 ], [ -105.213813, 40.006777 ], [ -105.213813, 40.006582 ], [ -105.213827, 40.005912 ], [ -105.214194, 40.005912 ], [ -105.214181, 40.003983 ], [ -105.213615, 40.003983 ], [ -105.213619, 40.003691 ], [ -105.212511, 40.003691 ], [ -105.212384, 40.0037 ], [ -105.212288, 40.003701 ], [ -105.211767, 40.003703 ], [ -105.211021, 40.003707 ], [ -105.211021, 40.003618 ], [ -105.211021, 40.003517 ], [ -105.211145, 40.00343 ], [ -105.211147, 40.003409 ], [ -105.211161, 40.003248 ], [ -105.211134, 40.002996 ], [ -105.211766, 40.002998 ], [ -105.211769, 40.003534 ], [ -105.212512, 40.003519 ], [ -105.213623, 40.003517 ], [ -105.213621, 40.002456 ], [ -105.213619, 40.002357 ], [ -105.213615, 40.002109 ], [ -105.213643, 40.001101 ], [ -105.213638, 40.001059 ], [ -105.2136, 40.000759 ], [ -105.2136, 40.000185 ], [ -105.213603, 40.000102 ], [ -105.213779, 40.000105 ], [ -105.214101, 40.000104 ], [ -105.214705, 40.000101 ], [ -105.215337, 40.000102 ], [ -105.215453, 40.000102 ], [ -105.215447, 40.001244 ], [ -105.215439, 40.001557 ], [ -105.215588, 40.001557 ], [ -105.215892, 40.001557 ], [ -105.21589, 40.000102 ], [ -105.217296, 40.000105 ], [ -105.217629, 40.000105 ], [ -105.220459, 40.00011 ], [ -105.220661, 40.00011 ], [ -105.220913, 40.000111 ], [ -105.221575, 40.000114 ], [ -105.222567, 40.000111 ], [ -105.222847, 40.000111 ], [ -105.224159, 40.000103 ], [ -105.224451, 40.000106 ], [ -105.224807, 40.000109 ], [ -105.224805, 40.000025 ], [ -105.224806, 39.999261 ], [ -105.224715, 39.999261 ], [ -105.224435, 39.99926 ], [ -105.224299, 39.99926 ], [ -105.224298, 39.999089 ], [ -105.224294, 39.998514 ], [ -105.224298, 39.997614 ], [ -105.224399, 39.997604 ], [ -105.224388, 39.99754 ], [ -105.22438, 39.996556 ], [ -105.224381, 39.995807 ], [ -105.224376, 39.994921 ], [ -105.224384, 39.994265 ], [ -105.224382, 39.993534 ], [ -105.224373, 39.993333 ], [ -105.224374, 39.993167 ], [ -105.224347, 39.993111 ], [ -105.224319, 39.993081 ], [ -105.224294, 39.993066 ], [ -105.224233, 39.993031 ], [ -105.224159, 39.993015 ], [ -105.224055, 39.993022 ], [ -105.223826, 39.993079 ], [ -105.223652, 39.993094 ], [ -105.222817, 39.993103 ], [ -105.22249, 39.993133 ], [ -105.222383, 39.993128 ], [ -105.221414, 39.993139 ], [ -105.220548, 39.993149 ], [ -105.220026, 39.993158 ], [ -105.219638, 39.993164 ], [ -105.218756, 39.99317 ], [ -105.217884, 39.993187 ], [ -105.217879, 39.993098 ], [ -105.217887, 39.992947 ], [ -105.217873, 39.991465 ], [ -105.217871, 39.99133 ], [ -105.21787, 39.991253 ], [ -105.217862, 39.990469 ], [ -105.217861, 39.990387 ], [ -105.219442, 39.989941 ], [ -105.219701, 39.989867 ], [ -105.219762, 39.989849 ], [ -105.220757, 39.989568 ], [ -105.220797, 39.989604 ], [ -105.221631, 39.989988 ], [ -105.221782, 39.990058 ], [ -105.222017, 39.990167 ], [ -105.222168, 39.990237 ], [ -105.222874, 39.990563 ], [ -105.223117, 39.990675 ], [ -105.223317, 39.990775 ], [ -105.223454, 39.990843 ], [ -105.224256, 39.991203 ], [ -105.225119, 39.991603 ], [ -105.22697, 39.992439 ], [ -105.226971, 39.992356 ], [ -105.226976, 39.992232 ], [ -105.226978, 39.991836 ], [ -105.226973, 39.991756 ], [ -105.226977, 39.991408 ], [ -105.226986, 39.990144 ], [ -105.226985, 39.989521 ], [ -105.226985, 39.989018 ], [ -105.22698, 39.988768 ], [ -105.226992, 39.988655 ], [ -105.226983, 39.988569 ], [ -105.22697, 39.988567 ], [ -105.225643, 39.98857 ], [ -105.223588, 39.98856 ], [ -105.2214, 39.988568 ], [ -105.220872, 39.98857 ], [ -105.220803, 39.98857 ], [ -105.220806, 39.987311 ], [ -105.220812, 39.986908 ], [ -105.221358, 39.986909 ], [ -105.221666, 39.9869 ], [ -105.22186, 39.986908 ], [ -105.222357, 39.986909 ], [ -105.22288, 39.98691 ], [ -105.223619, 39.986907 ], [ -105.224129, 39.986913 ], [ -105.22431, 39.986912 ], [ -105.224622, 39.986911 ], [ -105.22539, 39.986909 ], [ -105.225808, 39.986905 ], [ -105.226018, 39.986903 ], [ -105.226011, 39.985959 ], [ -105.22601, 39.985942 ], [ -105.22601, 39.985837 ], [ -105.225881, 39.985832 ], [ -105.225182, 39.985812 ], [ -105.224931, 39.985812 ], [ -105.224237, 39.985811 ], [ -105.223838, 39.985811 ], [ -105.22332, 39.985812 ], [ -105.223003, 39.985812 ], [ -105.222239, 39.985824 ], [ -105.220965, 39.985832 ], [ -105.220915, 39.985832 ], [ -105.220293, 39.985839 ], [ -105.219899, 39.985842 ], [ -105.219576, 39.985844 ], [ -105.217981, 39.985867 ], [ -105.21732, 39.985868 ], [ -105.216549, 39.985896 ], [ -105.216133, 39.985908 ], [ -105.215687, 39.98593 ], [ -105.215112, 39.98596 ], [ -105.21404, 39.986024 ], [ -105.213452, 39.986024 ], [ -105.212839, 39.986036 ], [ -105.212821, 39.985105 ], [ -105.212824, 39.98448 ], [ -105.212828, 39.983766 ], [ -105.21283, 39.983446 ], [ -105.212833, 39.98092 ], [ -105.212833, 39.980126 ], [ -105.21282, 39.978267 ], [ -105.21282, 39.978082 ], [ -105.213274, 39.978005 ], [ -105.213526, 39.977962 ], [ -105.214648, 39.97777 ], [ -105.214903, 39.977727 ], [ -105.216049, 39.978259 ], [ -105.217542, 39.978964 ], [ -105.219523, 39.979893 ], [ -105.219721, 39.97999 ], [ -105.22036, 39.980287 ], [ -105.220605, 39.9804 ], [ -105.220239, 39.980865 ], [ -105.220615, 39.981041 ], [ -105.220993, 39.981221 ], [ -105.221148, 39.981294 ], [ -105.221518, 39.980828 ], [ -105.221635, 39.980884 ], [ -105.22307, 39.981534 ], [ -105.225696, 39.982749 ], [ -105.22589, 39.982842 ], [ -105.225968, 39.982878 ], [ -105.226371, 39.983064 ], [ -105.226931, 39.983322 ], [ -105.227014, 39.983361 ], [ -105.227244, 39.98347 ], [ -105.227585, 39.983631 ], [ -105.227745, 39.983705 ], [ -105.228549, 39.984082 ], [ -105.228433, 39.984001 ], [ -105.228221, 39.983852 ], [ -105.229003, 39.984238 ], [ -105.229901, 39.984652 ], [ -105.230146, 39.984766 ], [ -105.230394, 39.984903 ], [ -105.230531, 39.984966 ], [ -105.230652, 39.985023 ], [ -105.23161, 39.985469 ], [ -105.231722, 39.985296 ], [ -105.231791, 39.985185 ], [ -105.231931, 39.984978 ], [ -105.232134, 39.985072 ], [ -105.232366, 39.985185 ], [ -105.232368, 39.985155 ], [ -105.232367, 39.985062 ], [ -105.232348, 39.984923 ], [ -105.232308, 39.984787 ], [ -105.232264, 39.984683 ], [ -105.23219, 39.984559 ], [ -105.232091, 39.984424 ], [ -105.231979, 39.984297 ], [ -105.231851, 39.984179 ], [ -105.231701, 39.984055 ], [ -105.23164, 39.984014 ], [ -105.231536, 39.983943 ], [ -105.231418, 39.983877 ], [ -105.23123, 39.98379 ], [ -105.231098, 39.983742 ], [ -105.230961, 39.983701 ], [ -105.230751, 39.983653 ], [ -105.230535, 39.983624 ], [ -105.229623, 39.983586 ], [ -105.229519, 39.983585 ], [ -105.229068, 39.983561 ], [ -105.228916, 39.983546 ], [ -105.228914, 39.983374 ], [ -105.228902, 39.98247 ], [ -105.228901, 39.982305 ], [ -105.228908, 39.980379 ], [ -105.228928, 39.98032 ], [ -105.228937, 39.980273 ], [ -105.228941, 39.980155 ], [ -105.228938, 39.979833 ], [ -105.228939, 39.97942 ], [ -105.228931, 39.979302 ], [ -105.228922, 39.979269 ], [ -105.228874, 39.979199 ], [ -105.228654, 39.97893 ], [ -105.228632, 39.978909 ], [ -105.228582, 39.978873 ], [ -105.228512, 39.978839 ], [ -105.228465, 39.978787 ], [ -105.22826, 39.978721 ], [ -105.22817, 39.978697 ], [ -105.228089, 39.978685 ], [ -105.228041, 39.978686 ], [ -105.228003, 39.978697 ], [ -105.227954, 39.978683 ], [ -105.22783, 39.978684 ], [ -105.227761, 39.978702 ], [ -105.227265, 39.978701 ], [ -105.226287, 39.978704 ], [ -105.226281, 39.978693 ], [ -105.226215, 39.978682 ], [ -105.226152, 39.978687 ], [ -105.226119, 39.978696 ], [ -105.225988, 39.978706 ], [ -105.225655, 39.978708 ], [ -105.225489, 39.978714 ], [ -105.224642, 39.978026 ], [ -105.224384, 39.976945 ], [ -105.225421, 39.973326 ], [ -105.226178, 39.972083 ], [ -105.227081, 39.97146 ], [ -105.228353, 39.970752 ], [ -105.22901, 39.969388 ], [ -105.229014, 39.967832 ], [ -105.229078, 39.967829 ], [ -105.230417, 39.967816 ], [ -105.2306, 39.967809 ], [ -105.230837, 39.967806 ], [ -105.230953, 39.967812 ], [ -105.23118, 39.967814 ], [ -105.231602, 39.967806 ], [ -105.231701, 39.967795 ], [ -105.231693, 39.970156 ], [ -105.231691, 39.971013 ], [ -105.231689, 39.971435 ], [ -105.232574, 39.971442 ], [ -105.233366, 39.971447 ], [ -105.234242, 39.971454 ], [ -105.235539, 39.971464 ], [ -105.236552, 39.971471 ], [ -105.23674, 39.971458 ], [ -105.237117, 39.971478 ], [ -105.237169, 39.97148 ], [ -105.237211, 39.971482 ], [ -105.237853, 39.971487 ], [ -105.237676, 39.971111 ], [ -105.237568, 39.97104 ], [ -105.237388, 39.970921 ], [ -105.237382, 39.970896 ], [ -105.237378, 39.97088 ], [ -105.237364, 39.970825 ], [ -105.237296, 39.970559 ], [ -105.238444, 39.970563 ], [ -105.238604, 39.970565 ], [ -105.241425, 39.97057 ], [ -105.243145, 39.970572 ], [ -105.243439, 39.970573 ], [ -105.244452, 39.970574 ], [ -105.244774, 39.970574 ], [ -105.246283, 39.97058 ], [ -105.246343, 39.970435 ], [ -105.246408, 39.970278 ], [ -105.247029, 39.968771 ], [ -105.247393, 39.96789 ], [ -105.247487, 39.967661 ], [ -105.247988, 39.966448 ], [ -105.248173, 39.965997 ], [ -105.248405, 39.965447 ], [ -105.248875, 39.964325 ], [ -105.250577, 39.964331 ], [ -105.25175, 39.964347 ], [ -105.254936, 39.96436 ], [ -105.257458, 39.96437 ], [ -105.258486, 39.964369 ], [ -105.260082, 39.964362 ], [ -105.260089, 39.961313 ], [ -105.260088, 39.95726 ], [ -105.274092, 39.956915 ], [ -105.274154, 39.96057 ], [ -105.276776, 39.960524 ], [ -105.276827, 39.9636 ], [ -105.27686, 39.965473 ], [ -105.276898, 39.967697 ], [ -105.281641, 39.967651 ], [ -105.281657, 39.968584 ], [ -105.281659, 39.968886 ], [ -105.281681, 39.969966 ], [ -105.281683, 39.970022 ], [ -105.281704, 39.971279 ], [ -105.285724, 39.971316 ], [ -105.286117, 39.97132 ], [ -105.286466, 39.971323 ], [ -105.286462, 39.972154 ], [ -105.286463, 39.972244 ], [ -105.286463, 39.972315 ], [ -105.286466, 39.972576 ], [ -105.286489, 39.974894 ], [ -105.286511, 39.977206 ], [ -105.286523, 39.978517 ], [ -105.286532, 39.978665 ], [ -105.286529, 39.979101 ], [ -105.286549, 39.981179 ], [ -105.286588, 39.985229 ], [ -105.286064, 39.98547 ], [ -105.285971, 39.985807 ], [ -105.285947, 39.985786 ], [ -105.285611, 39.985768 ], [ -105.277666, 39.985694 ], [ -105.277412, 39.985695 ], [ -105.277287, 39.985695 ], [ -105.277067, 39.985696 ], [ -105.27707, 39.98576 ], [ -105.277278, 39.989293 ], [ -105.277431, 39.991892 ], [ -105.277488, 39.992791 ], [ -105.27749, 39.992885 ], [ -105.27782, 39.992876 ], [ -105.27987, 39.992824 ], [ -105.281266, 39.992782 ], [ -105.282602, 39.992733 ], [ -105.28266, 39.99353 ], [ -105.282742, 39.994317 ], [ -105.282796, 39.994825 ], [ -105.282871, 39.995781 ], [ -105.283239, 39.999962 ], [ -105.283445, 39.999962 ], [ -105.284008, 39.999961 ], [ -105.284256, 39.99996 ], [ -105.285421, 39.999959 ], [ -105.285868, 39.999959 ], [ -105.286644, 39.999961 ], [ -105.286755, 39.999961 ], [ -105.286756, 40.000061 ], [ -105.287662, 40.000062 ], [ -105.287773, 40.000056 ], [ -105.287966, 40.000064 ], [ -105.288341, 40.000037 ], [ -105.288551, 40.000022 ], [ -105.289415, 40.000039 ], [ -105.289695, 40.000049 ], [ -105.290028, 40.000051 ], [ -105.290353, 40.000058 ], [ -105.290374, 40.000059 ], [ -105.290443, 40.000057 ], [ -105.290586, 40.000061 ], [ -105.290576, 40.000084 ], [ -105.290561, 40.00012 ], [ -105.290522, 40.000212 ], [ -105.290483, 40.000305 ], [ -105.290419, 40.000533 ], [ -105.29041, 40.000642 ], [ -105.290415, 40.000703 ], [ -105.290439, 40.000803 ], [ -105.290486, 40.000905 ], [ -105.290553, 40.001001 ], [ -105.29064, 40.001086 ], [ -105.290743, 40.00116 ], [ -105.290763, 40.001171 ], [ -105.290886, 40.001241 ], [ -105.290944, 40.001284 ], [ -105.290982, 40.001313 ], [ -105.291065, 40.0014 ], [ -105.291129, 40.001496 ], [ -105.291243, 40.00179 ], [ -105.291307, 40.001946 ], [ -105.291336, 40.002 ], [ -105.29134, 40.002663 ], [ -105.290946, 40.002662 ], [ -105.290862, 40.002662 ], [ -105.290857, 40.003 ], [ -105.290852, 40.00304 ], [ -105.290852, 40.003654 ], [ -105.290229, 40.003655 ], [ -105.28968, 40.003657 ], [ -105.289605, 40.003657 ], [ -105.289271, 40.003656 ], [ -105.289131, 40.00366 ], [ -105.289133, 40.003744 ], [ -105.28916, 40.003773 ], [ -105.289167, 40.003798 ], [ -105.289169, 40.003902 ], [ -105.289171, 40.003978 ], [ -105.289173, 40.004102 ], [ -105.2902, 40.004107 ], [ -105.290198, 40.004465 ], [ -105.289928, 40.004465 ], [ -105.289812, 40.004464 ], [ -105.289673, 40.004464 ], [ -105.289181, 40.004463 ], [ -105.289179, 40.004531 ], [ -105.289183, 40.004595 ], [ -105.289186, 40.004649 ], [ -105.289193, 40.004784 ], [ -105.289212, 40.005124 ], [ -105.28927, 40.005443 ], [ -105.289254, 40.005556 ], [ -105.289173, 40.005685 ], [ -105.289176, 40.005732 ], [ -105.289297, 40.005732 ], [ -105.289296, 40.005855 ], [ -105.290922, 40.005862 ], [ -105.291015, 40.005862 ], [ -105.291431, 40.005861 ], [ -105.29143, 40.006569 ], [ -105.291427, 40.007201 ], [ -105.291427, 40.007249 ], [ -105.291426, 40.007381 ], [ -105.291424, 40.008008 ], [ -105.291422, 40.008411 ], [ -105.291419, 40.008932 ], [ -105.290763, 40.00893 ], [ -105.290365, 40.008931 ], [ -105.290061, 40.008931 ], [ -105.29006, 40.009207 ], [ -105.290252, 40.009208 ], [ -105.290356, 40.009208 ], [ -105.290683, 40.009208 ], [ -105.290682, 40.009337 ], [ -105.290681, 40.009464 ], [ -105.29068, 40.009624 ], [ -105.290679, 40.009756 ], [ -105.290681, 40.009837 ], [ -105.290679, 40.009896 ], [ -105.290682, 40.010191 ], [ -105.290681, 40.010341 ], [ -105.290144, 40.010339 ], [ -105.290145, 40.010386 ], [ -105.290424, 40.010491 ], [ -105.290774, 40.010668 ], [ -105.290963, 40.010765 ], [ -105.29134, 40.010961 ], [ -105.29139, 40.010987 ], [ -105.291507, 40.011035 ], [ -105.291509, 40.010818 ], [ -105.291714, 40.010817 ], [ -105.292182, 40.010818 ], [ -105.292181, 40.011135 ], [ -105.292159, 40.011433 ], [ -105.292221, 40.011489 ], [ -105.292221, 40.011617 ], [ -105.292353, 40.011626 ], [ -105.292462, 40.011634 ], [ -105.29247, 40.011672 ], [ -105.293097, 40.01167 ], [ -105.293097, 40.011618 ], [ -105.293531, 40.011618 ], [ -105.293559, 40.011696 ], [ -105.29358, 40.011755 ], [ -105.29358, 40.011814 ], [ -105.293589, 40.012335 ], [ -105.293442, 40.012335 ], [ -105.293446, 40.012607 ], [ -105.293451, 40.012789 ], [ -105.293452, 40.01285 ], [ -105.293541, 40.01285 ], [ -105.293627, 40.012796 ], [ -105.293795, 40.012772 ], [ -105.294804, 40.012664 ], [ -105.294797, 40.012549 ], [ -105.294797, 40.012135 ], [ -105.294893, 40.012133 ], [ -105.295117, 40.012129 ], [ -105.295195, 40.012128 ], [ -105.295303, 40.012119 ], [ -105.295456, 40.012144 ], [ -105.295772, 40.012177 ], [ -105.295775, 40.012499 ], [ -105.295799, 40.012564 ], [ -105.296173, 40.012522 ], [ -105.296848, 40.012623 ], [ -105.296912, 40.012635 ], [ -105.296911, 40.012379 ], [ -105.29691, 40.012108 ], [ -105.297034, 40.01213 ], [ -105.297139, 40.012146 ], [ -105.297179, 40.012152 ], [ -105.297342, 40.012178 ], [ -105.297414, 40.01219 ], [ -105.297442, 40.012075 ], [ -105.297505, 40.011807 ], [ -105.297529, 40.011702 ], [ -105.297681, 40.011717 ], [ -105.298112, 40.011762 ], [ -105.29858, 40.011832 ], [ -105.2987, 40.011603 ], [ -105.298737, 40.011607 ], [ -105.299472, 40.011685 ], [ -105.29949, 40.011687 ], [ -105.299449, 40.011949 ], [ -105.299421, 40.012128 ], [ -105.299359, 40.012524 ], [ -105.299601, 40.012541 ], [ -105.30072, 40.012622 ], [ -105.300893, 40.012635 ], [ -105.301012, 40.012874 ], [ -105.301019, 40.012889 ], [ -105.301069, 40.012927 ], [ -105.301148, 40.012986 ], [ -105.301195, 40.013021 ], [ -105.301342, 40.012897 ], [ -105.30145, 40.012805 ], [ -105.301435, 40.012871 ] ], [ [ -105.297504, 40.013491 ], [ -105.297265, 40.013496 ], [ -105.297075, 40.01351 ], [ -105.296888, 40.013536 ], [ -105.29675, 40.013561 ], [ -105.296527, 40.013616 ], [ -105.296353, 40.01367 ], [ -105.296224, 40.013718 ], [ -105.296197, 40.013997 ], [ -105.296188, 40.014429 ], [ -105.296188, 40.014442 ], [ -105.29749, 40.014443 ], [ -105.297491, 40.014352 ], [ -105.297504, 40.013491 ] ], [ [ -105.294266, 40.063558 ], [ -105.29407, 40.063635 ], [ -105.294172, 40.063907 ], [ -105.29438, 40.063853 ], [ -105.294266, 40.063558 ] ], [ [ -105.29365, 40.013084 ], [ -105.29365, 40.013015 ], [ -105.293619, 40.01302 ], [ -105.293606, 40.013022 ], [ -105.293404, 40.01306 ], [ -105.293405, 40.013081 ], [ -105.29341, 40.013206 ], [ -105.293476, 40.013221 ], [ -105.293651, 40.013234 ], [ -105.29365, 40.013084 ] ], [ [ -105.293212, 40.012334 ], [ -105.293095, 40.012333 ], [ -105.292692, 40.012332 ], [ -105.292684, 40.012846 ], [ -105.292781, 40.01285 ], [ -105.293205, 40.01285 ], [ -105.293205, 40.012833 ], [ -105.293212, 40.012334 ] ], [ [ -105.292482, 40.018147 ], [ -105.292254, 40.018148 ], [ -105.292184, 40.018125 ], [ -105.292153, 40.018127 ], [ -105.292152, 40.018381 ], [ -105.292266, 40.018403 ], [ -105.292294, 40.018402 ], [ -105.292477, 40.018402 ], [ -105.292482, 40.018147 ] ], [ [ -105.29131, 40.039972 ], [ -105.289127, 40.039974 ], [ -105.289389, 40.040319 ], [ -105.289747, 40.040583 ], [ -105.289974, 40.040679 ], [ -105.290132, 40.040698 ], [ -105.290135, 40.040794 ], [ -105.291294, 40.040782 ], [ -105.291298, 40.040701 ], [ -105.291303, 40.040467 ], [ -105.291306, 40.040326 ], [ -105.29131, 40.040052 ], [ -105.29131, 40.039972 ] ], [ [ -105.285705, 40.057678 ], [ -105.285593, 40.057635 ], [ -105.285524, 40.057612 ], [ -105.285256, 40.057514 ], [ -105.284712, 40.057317 ], [ -105.284467, 40.057228 ], [ -105.284464, 40.057318 ], [ -105.28446, 40.058146 ], [ -105.284463, 40.058205 ], [ -105.283798, 40.058208 ], [ -105.283657, 40.058209 ], [ -105.283661, 40.058272 ], [ -105.283667, 40.058758 ], [ -105.283119, 40.058763 ], [ -105.282248, 40.058771 ], [ -105.282129, 40.058773 ], [ -105.282129, 40.058955 ], [ -105.282249, 40.058953 ], [ -105.282717, 40.058957 ], [ -105.283523, 40.058962 ], [ -105.283843, 40.058963 ], [ -105.284025, 40.058962 ], [ -105.284025, 40.058982 ], [ -105.284025, 40.05905 ], [ -105.284029, 40.059285 ], [ -105.284035, 40.059482 ], [ -105.284045, 40.059822 ], [ -105.284223, 40.059824 ], [ -105.284462, 40.059819 ], [ -105.284462, 40.059673 ], [ -105.284461, 40.059424 ], [ -105.284455, 40.058953 ], [ -105.284453, 40.058699 ], [ -105.284453, 40.058583 ], [ -105.284459, 40.058488 ], [ -105.284459, 40.058297 ], [ -105.28478, 40.05829 ], [ -105.285105, 40.058295 ], [ -105.285694, 40.058306 ], [ -105.285698, 40.058115 ], [ -105.285704, 40.057929 ], [ -105.285702, 40.057771 ], [ -105.285705, 40.057678 ] ], [ [ -105.283322, 40.057842 ], [ -105.282248, 40.057839 ], [ -105.282248, 40.058018 ], [ -105.282249, 40.058209 ], [ -105.283322, 40.058209 ], [ -105.283322, 40.058144 ], [ -105.283322, 40.057842 ] ], [ [ -105.281198, 39.969628 ], [ -105.280454, 39.969612 ], [ -105.280451, 39.97019 ], [ -105.281196, 39.970199 ], [ -105.281198, 39.969628 ] ], [ [ -105.281002, 40.058309 ], [ -105.281002, 40.058232 ], [ -105.28089, 40.058233 ], [ -105.280581, 40.058235 ], [ -105.280434, 40.058235 ], [ -105.28034, 40.058236 ], [ -105.280341, 40.058314 ], [ -105.280343, 40.059121 ], [ -105.280441, 40.059121 ], [ -105.280558, 40.059122 ], [ -105.281007, 40.059124 ], [ -105.281002, 40.058309 ] ], [ [ -105.277799, 39.996217 ], [ -105.277776, 39.995672 ], [ -105.277779, 39.995582 ], [ -105.27781, 39.994027 ], [ -105.277557, 39.994028 ], [ -105.27734, 39.994029 ], [ -105.277288, 39.994029 ], [ -105.277212, 39.994029 ], [ -105.277038, 39.994299 ], [ -105.276896, 39.994578 ], [ -105.276845, 39.994834 ], [ -105.276842, 39.994869 ], [ -105.276837, 39.994899 ], [ -105.276826, 39.994944 ], [ -105.27682, 39.994961 ], [ -105.276769, 39.995121 ], [ -105.27655, 39.995528 ], [ -105.276213, 39.995608 ], [ -105.276179, 39.995717 ], [ -105.27614, 39.995853 ], [ -105.276151, 39.996108 ], [ -105.27631, 39.996302 ], [ -105.276622, 39.996424 ], [ -105.277115, 39.996316 ], [ -105.27727, 39.996385 ], [ -105.277606, 39.996541 ], [ -105.277708, 39.996594 ], [ -105.277722, 39.996601 ], [ -105.277825, 39.996668 ], [ -105.277799, 39.996217 ] ], [ [ -105.272762, 40.048187 ], [ -105.272615, 40.048187 ], [ -105.272174, 40.048189 ], [ -105.271552, 40.048191 ], [ -105.27085, 40.048192 ], [ -105.27079, 40.048193 ], [ -105.27038, 40.048195 ], [ -105.270344, 40.048194 ], [ -105.269968, 40.048185 ], [ -105.269802, 40.048187 ], [ -105.2698, 40.048112 ], [ -105.269799, 40.048052 ], [ -105.269797, 40.047927 ], [ -105.269795, 40.047522 ], [ -105.269793, 40.047346 ], [ -105.268698, 40.047349 ], [ -105.268699, 40.047398 ], [ -105.268709, 40.048203 ], [ -105.268601, 40.048204 ], [ -105.268324, 40.04819 ], [ -105.267995, 40.048145 ], [ -105.267982, 40.04735 ], [ -105.266219, 40.047341 ], [ -105.265793, 40.047339 ], [ -105.26562, 40.047344 ], [ -105.265627, 40.048238 ], [ -105.264228, 40.048242 ], [ -105.264193, 40.048287 ], [ -105.264158, 40.048322 ], [ -105.264119, 40.048361 ], [ -105.264109, 40.048378 ], [ -105.264046, 40.048436 ], [ -105.263786, 40.048448 ], [ -105.263574, 40.048447 ], [ -105.263384, 40.048415 ], [ -105.263388, 40.048497 ], [ -105.263364, 40.049411 ], [ -105.263366, 40.050101 ], [ -105.264217, 40.050098 ], [ -105.265162, 40.050095 ], [ -105.265165, 40.05038 ], [ -105.265161, 40.050473 ], [ -105.265159, 40.050539 ], [ -105.265186, 40.050539 ], [ -105.265335, 40.050538 ], [ -105.265489, 40.050537 ], [ -105.265832, 40.050534 ], [ -105.266111, 40.050534 ], [ -105.266105, 40.050226 ], [ -105.266104, 40.050091 ], [ -105.266342, 40.050094 ], [ -105.266498, 40.050089 ], [ -105.266581, 40.050089 ], [ -105.266662, 40.05009 ], [ -105.267058, 40.050087 ], [ -105.267073, 40.050087 ], [ -105.267392, 40.050085 ], [ -105.267993, 40.050083 ], [ -105.267994, 40.050136 ], [ -105.269223, 40.050104 ], [ -105.269588, 40.050095 ], [ -105.269744, 40.050091 ], [ -105.269908, 40.050086 ], [ -105.270162, 40.05008 ], [ -105.270164, 40.049953 ], [ -105.270161, 40.049781 ], [ -105.270155, 40.049355 ], [ -105.270254, 40.049274 ], [ -105.270388, 40.049163 ], [ -105.271711, 40.049159 ], [ -105.272157, 40.049156 ], [ -105.272192, 40.049153 ], [ -105.272513, 40.049156 ], [ -105.272621, 40.049156 ], [ -105.272757, 40.049154 ], [ -105.272758, 40.049065 ], [ -105.272758, 40.04904 ], [ -105.272759, 40.048792 ], [ -105.272762, 40.048187 ] ], [ [ -105.272606, 40.050853 ], [ -105.270936, 40.050859 ], [ -105.270703, 40.050859 ], [ -105.271049, 40.051071 ], [ -105.271108, 40.051077 ], [ -105.271162, 40.051144 ], [ -105.271208, 40.051196 ], [ -105.271325, 40.051231 ], [ -105.271453, 40.051229 ], [ -105.271665, 40.051228 ], [ -105.272612, 40.051217 ], [ -105.272606, 40.050853 ] ], [ [ -105.272574, 40.054011 ], [ -105.272068, 40.054013 ], [ -105.272069, 40.054541 ], [ -105.272576, 40.054539 ], [ -105.272574, 40.054011 ] ], [ [ -105.270564, 40.053653 ], [ -105.270554, 40.053259 ], [ -105.270556, 40.05287 ], [ -105.270062, 40.052871 ], [ -105.270052, 40.053651 ], [ -105.270052, 40.053669 ], [ -105.270566, 40.053674 ], [ -105.270564, 40.053653 ] ], [ [ -105.270555, 40.052009 ], [ -105.270206, 40.052011 ], [ -105.270056, 40.052012 ], [ -105.270062, 40.052722 ], [ -105.270556, 40.052723 ], [ -105.270555, 40.052009 ] ], [ [ -105.270066, 40.05446 ], [ -105.270055, 40.053828 ], [ -105.269554, 40.05383 ], [ -105.269552, 40.054503 ], [ -105.270061, 40.054502 ], [ -105.270066, 40.05446 ] ], [ [ -105.267067, 40.050617 ], [ -105.266113, 40.050634 ], [ -105.265159, 40.050638 ], [ -105.265157, 40.050995 ], [ -105.265172, 40.050997 ], [ -105.265186, 40.050997 ], [ -105.265183, 40.051837 ], [ -105.265183, 40.051893 ], [ -105.265308, 40.051892 ], [ -105.26564, 40.051891 ], [ -105.265655, 40.050993 ], [ -105.266665, 40.050989 ], [ -105.267073, 40.050988 ], [ -105.267067, 40.050617 ] ], [ [ -105.266849, 40.077146 ], [ -105.266841, 40.07642 ], [ -105.266836, 40.076135 ], [ -105.266279, 40.076135 ], [ -105.265623, 40.076136 ], [ -105.265636, 40.078107 ], [ -105.266853, 40.07809 ], [ -105.266849, 40.077146 ] ], [ [ -105.266113, 40.052816 ], [ -105.265661, 40.052818 ], [ -105.26566, 40.053223 ], [ -105.26569, 40.053721 ], [ -105.266127, 40.05371 ], [ -105.266113, 40.052816 ] ], [ [ -105.263159, 40.047676 ], [ -105.263158, 40.047613 ], [ -105.263158, 40.047477 ], [ -105.263157, 40.047363 ], [ -105.263126, 40.047364 ], [ -105.262324, 40.047367 ], [ -105.262327, 40.047467 ], [ -105.262337, 40.04779 ], [ -105.262338, 40.047823 ], [ -105.262397, 40.047822 ], [ -105.263159, 40.047821 ], [ -105.263159, 40.047676 ] ], [ [ -105.233604, 40.006516 ], [ -105.233525, 40.006516 ], [ -105.232542, 40.006525 ], [ -105.229243, 40.006506 ], [ -105.22695, 40.006503 ], [ -105.226983, 40.007189 ], [ -105.226984, 40.007215 ], [ -105.227003, 40.007215 ], [ -105.227002, 40.007385 ], [ -105.227502, 40.007389 ], [ -105.228102, 40.007383 ], [ -105.228469, 40.007383 ], [ -105.229185, 40.00738 ], [ -105.229318, 40.00738 ], [ -105.229783, 40.00738 ], [ -105.229887, 40.007381 ], [ -105.230052, 40.00738 ], [ -105.23032, 40.00738 ], [ -105.230597, 40.00738 ], [ -105.230868, 40.007379 ], [ -105.23115, 40.007382 ], [ -105.231411, 40.007384 ], [ -105.231682, 40.007383 ], [ -105.231972, 40.007384 ], [ -105.232572, 40.00738 ], [ -105.2336, 40.007378 ], [ -105.233604, 40.007269 ], [ -105.233604, 40.006516 ] ], [ [ -105.231919, 40.018828 ], [ -105.230778, 40.018851 ], [ -105.230241, 40.018845 ], [ -105.230176, 40.018826 ], [ -105.230079, 40.01884 ], [ -105.230079, 40.018885 ], [ -105.230146, 40.018892 ], [ -105.231203, 40.019012 ], [ -105.231915, 40.01909 ], [ -105.231919, 40.018828 ] ], [ [ -105.226834, 40.000127 ], [ -105.22668, 40.000138 ], [ -105.226607, 40.000142 ], [ -105.226217, 40.000155 ], [ -105.225522, 40.000152 ], [ -105.225354, 40.000113 ], [ -105.225342, 40.001271 ], [ -105.226031, 40.001271 ], [ -105.226124, 40.0012 ], [ -105.226259, 40.001098 ], [ -105.22629, 40.001061 ], [ -105.22647, 40.000932 ], [ -105.226594, 40.000821 ], [ -105.226628, 40.000818 ], [ -105.226685, 40.00077 ], [ -105.226728, 40.000737 ], [ -105.226833, 40.000643 ], [ -105.226834, 40.000127 ] ], [ [ -105.225355, 40.002411 ], [ -105.224342, 40.002411 ], [ -105.224351, 40.002446 ], [ -105.224348, 40.00279 ], [ -105.22536, 40.002796 ], [ -105.225355, 40.002411 ] ], [ [ -105.218348, 40.017777 ], [ -105.218344, 40.017668 ], [ -105.218315, 40.017665 ], [ -105.217955, 40.01761 ], [ -105.217551, 40.017565 ], [ -105.216925, 40.017495 ], [ -105.216011, 40.017384 ], [ -105.21588, 40.017379 ], [ -105.215837, 40.017373 ], [ -105.215726, 40.01736 ], [ -105.215308, 40.017317 ], [ -105.214754, 40.017258 ], [ -105.214345, 40.017214 ], [ -105.213874, 40.017164 ], [ -105.213613, 40.017136 ], [ -105.213173, 40.017089 ], [ -105.212982, 40.01706 ], [ -105.212759, 40.017035 ], [ -105.211929, 40.016951 ], [ -105.210969, 40.016848 ], [ -105.209708, 40.016718 ], [ -105.209655, 40.016712 ], [ -105.208843, 40.016627 ], [ -105.208274, 40.016569 ], [ -105.206802, 40.016393 ], [ -105.206692, 40.01638 ], [ -105.206692, 40.016392 ], [ -105.206693, 40.01652 ], [ -105.206698, 40.017188 ], [ -105.206694, 40.017364 ], [ -105.206749, 40.017324 ], [ -105.207161, 40.017177 ], [ -105.207702, 40.01707 ], [ -105.208023, 40.017055 ], [ -105.210528, 40.017349 ], [ -105.210697, 40.017394 ], [ -105.211019, 40.017481 ], [ -105.211252, 40.017569 ], [ -105.211724, 40.017823 ], [ -105.211928, 40.017933 ], [ -105.212092, 40.018019 ], [ -105.212484, 40.01825 ], [ -105.212798, 40.018417 ], [ -105.213065, 40.018592 ], [ -105.213165, 40.018652 ], [ -105.213241, 40.018707 ], [ -105.21333, 40.018769 ], [ -105.213713, 40.019168 ], [ -105.214046, 40.019687 ], [ -105.214604, 40.021879 ], [ -105.214625, 40.021958 ], [ -105.214632, 40.021987 ], [ -105.215237, 40.024398 ], [ -105.215341, 40.025077 ], [ -105.215345, 40.025114 ], [ -105.215517, 40.025101 ], [ -105.215711, 40.025083 ], [ -105.215129, 40.022649 ], [ -105.214962, 40.02196 ], [ -105.214947, 40.021893 ], [ -105.214358, 40.019549 ], [ -105.213909, 40.018887 ], [ -105.213295, 40.018392 ], [ -105.213009, 40.018156 ], [ -105.213061, 40.018119 ], [ -105.213455, 40.017847 ], [ -105.213633, 40.017787 ], [ -105.213975, 40.017672 ], [ -105.214832, 40.017569 ], [ -105.215743, 40.017658 ], [ -105.216002, 40.017687 ], [ -105.216731, 40.017765 ], [ -105.21709, 40.017803 ], [ -105.21741, 40.017834 ], [ -105.217827, 40.017875 ], [ -105.218353, 40.01794 ], [ -105.218348, 40.017777 ] ], [ [ -105.217139, 40.008448 ], [ -105.217138, 40.008349 ], [ -105.217025, 40.008348 ], [ -105.216844, 40.008346 ], [ -105.216781, 40.008346 ], [ -105.216087, 40.008338 ], [ -105.216088, 40.008453 ], [ -105.216091, 40.008778 ], [ -105.216636, 40.008781 ], [ -105.216845, 40.008782 ], [ -105.217141, 40.008781 ], [ -105.217139, 40.008448 ] ], [ [ -105.216598, 40.014113 ], [ -105.216603, 40.013747 ], [ -105.216603, 40.013732 ], [ -105.216465, 40.013729 ], [ -105.216465, 40.01374 ], [ -105.216234, 40.013735 ], [ -105.215971, 40.013729 ], [ -105.215721, 40.013737 ], [ -105.215727, 40.014085 ], [ -105.215732, 40.014402 ], [ -105.215744, 40.014659 ], [ -105.216487, 40.014622 ], [ -105.216607, 40.014616 ], [ -105.216598, 40.014113 ] ], [ [ -105.215984, 40.008008 ], [ -105.215983, 40.007898 ], [ -105.215983, 40.00787 ], [ -105.21598, 40.007532 ], [ -105.215976, 40.007274 ], [ -105.215979, 40.006838 ], [ -105.215586, 40.006837 ], [ -105.215164, 40.006835 ], [ -105.21507, 40.006842 ], [ -105.21507, 40.007278 ], [ -105.215062, 40.007874 ], [ -105.215022, 40.007975 ], [ -105.214835, 40.008192 ], [ -105.214766, 40.008261 ], [ -105.214741, 40.008307 ], [ -105.215102, 40.008311 ], [ -105.215103, 40.008457 ], [ -105.215271, 40.008455 ], [ -105.215449, 40.008457 ], [ -105.215987, 40.008454 ], [ -105.215984, 40.008008 ] ], [ [ -105.215699, 40.01221 ], [ -105.214816, 40.012203 ], [ -105.214827, 40.012949 ], [ -105.21571, 40.01295 ], [ -105.215699, 40.01221 ] ], [ [ -105.214835, 40.014219 ], [ -105.214835, 40.013732 ], [ -105.214833, 40.013357 ], [ -105.214543, 40.013392 ], [ -105.214326, 40.013393 ], [ -105.214338, 40.013765 ], [ -105.213146, 40.013765 ], [ -105.213079, 40.013767 ], [ -105.213094, 40.014676 ], [ -105.213668, 40.014682 ], [ -105.213905, 40.014678 ], [ -105.214492, 40.014679 ], [ -105.214556, 40.014675 ], [ -105.214581, 40.014674 ], [ -105.214838, 40.014672 ], [ -105.214835, 40.014219 ] ], [ [ -105.214658, 40.023934 ], [ -105.213369, 40.023934 ], [ -105.212666, 40.023936 ], [ -105.212662, 40.023881 ], [ -105.212343, 40.023884 ], [ -105.211497, 40.023888 ], [ -105.211379, 40.023888 ], [ -105.211392, 40.024688 ], [ -105.211406, 40.025567 ], [ -105.211432, 40.025577 ], [ -105.212273, 40.025849 ], [ -105.212341, 40.025871 ], [ -105.212519, 40.02622 ], [ -105.212581, 40.02622 ], [ -105.212826, 40.026207 ], [ -105.212917, 40.026008 ], [ -105.213311, 40.025646 ], [ -105.213471, 40.02559 ], [ -105.213822, 40.025534 ], [ -105.21411, 40.025489 ], [ -105.21468, 40.025478 ], [ -105.214658, 40.023934 ] ], [ [ -105.210961, 40.014803 ], [ -105.210773, 40.014794 ], [ -105.210028, 40.014753 ], [ -105.209536, 40.014737 ], [ -105.209364, 40.014733 ], [ -105.209189, 40.014729 ], [ -105.208991, 40.014729 ], [ -105.208776, 40.014729 ], [ -105.208586, 40.014732 ], [ -105.208501, 40.014734 ], [ -105.208497, 40.014897 ], [ -105.208494, 40.014921 ], [ -105.208483, 40.015375 ], [ -105.208479, 40.015585 ], [ -105.208473, 40.015777 ], [ -105.209662, 40.015774 ], [ -105.209722, 40.015773 ], [ -105.209922, 40.015773 ], [ -105.210949, 40.015777 ], [ -105.210961, 40.014803 ] ], [ [ -105.295044, 40.041686 ], [ -105.295033, 40.041671 ], [ -105.295016, 40.041647 ], [ -105.294996, 40.041622 ], [ -105.294983, 40.041607 ], [ -105.29494, 40.041561 ], [ -105.294909, 40.041531 ], [ -105.294752, 40.041421 ], [ -105.294651, 40.041342 ], [ -105.294606, 40.041316 ], [ -105.29457, 40.041301 ], [ -105.294533, 40.041286 ], [ -105.294491, 40.041269 ], [ -105.294457, 40.041255 ], [ -105.294393, 40.041229 ], [ -105.294154, 40.041171 ], [ -105.294144, 40.041191 ], [ -105.29414, 40.041205 ], [ -105.294136, 40.041218 ], [ -105.294134, 40.041236 ], [ -105.294134, 40.041258 ], [ -105.294135, 40.041272 ], [ -105.294137, 40.041286 ], [ -105.294142, 40.0413 ], [ -105.294147, 40.041313 ], [ -105.294155, 40.04133 ], [ -105.294162, 40.041343 ], [ -105.294312, 40.04154 ], [ -105.29443, 40.041762 ], [ -105.294487, 40.041764 ], [ -105.294541, 40.04178 ], [ -105.294587, 40.041807 ], [ -105.294621, 40.041844 ], [ -105.294918, 40.041734 ], [ -105.295044, 40.041686 ] ] ] ] } },
{ "type": "Feature", "properties": { "GEOID": "0839195", "NAME": "Jamestown", "share_in_bvsd": 0.99999999999999978 }, "geometry": { "type": "Polygon", "coordinates": [ [ [ -105.403878, 40.124288 ], [ -105.403041, 40.124356 ], [ -105.40357, 40.125574 ], [ -105.401676, 40.126148 ], [ -105.399497, 40.126733 ], [ -105.39935, 40.126774 ], [ -105.39931, 40.126785 ], [ -105.399183, 40.126818 ], [ -105.399062, 40.12685 ], [ -105.397968, 40.127142 ], [ -105.397517, 40.127263 ], [ -105.396658, 40.127493 ], [ -105.394671, 40.128024 ], [ -105.394488, 40.128145 ], [ -105.394236, 40.12777 ], [ -105.394359, 40.127688 ], [ -105.394476, 40.12761 ], [ -105.394429, 40.127496 ], [ -105.394216, 40.126984 ], [ -105.392519, 40.127695 ], [ -105.392413, 40.127539 ], [ -105.392269, 40.127326 ], [ -105.392413, 40.127272 ], [ -105.392924, 40.12706 ], [ -105.392413, 40.125474 ], [ -105.392386, 40.125389 ], [ -105.392433, 40.125371 ], [ -105.393319, 40.125004 ], [ -105.392663, 40.123591 ], [ -105.392417, 40.123058 ], [ -105.391996, 40.122122 ], [ -105.391635, 40.121327 ], [ -105.390223, 40.118155 ], [ -105.389807, 40.117247 ], [ -105.389621, 40.11728 ], [ -105.388556, 40.117443 ], [ -105.388482, 40.11741 ], [ -105.385556, 40.11613 ], [ -105.38413, 40.115507 ], [ -105.383884, 40.115408 ], [ -105.383831, 40.11538 ], [ -105.38297, 40.115014 ], [ -105.382638, 40.114873 ], [ -105.382532, 40.114827 ], [ -105.382389, 40.114751 ], [ -105.379718, 40.11334 ], [ -105.37848, 40.112681 ], [ -105.377508, 40.112094 ], [ -105.377043, 40.111813 ], [ -105.376633, 40.111575 ], [ -105.375909, 40.111154 ], [ -105.375773, 40.111039 ], [ -105.37556, 40.110904 ], [ -105.375527, 40.110884 ], [ -105.3752, 40.11068 ], [ -105.375232, 40.109465 ], [ -105.375236, 40.109324 ], [ -105.375243, 40.109043 ], [ -105.376581, 40.109387 ], [ -105.378862, 40.109974 ], [ -105.379451, 40.110124 ], [ -105.381546, 40.110623 ], [ -105.382863, 40.110906 ], [ -105.383186, 40.110978 ], [ -105.384241, 40.111204 ], [ -105.385098, 40.111426 ], [ -105.38529, 40.111477 ], [ -105.385865, 40.110777 ], [ -105.387029, 40.111826 ], [ -105.387119, 40.111907 ], [ -105.38754, 40.112287 ], [ -105.387952, 40.112659 ], [ -105.388532, 40.113182 ], [ -105.388847, 40.113455 ], [ -105.389176, 40.113741 ], [ -105.389344, 40.113886 ], [ -105.390138, 40.113873 ], [ -105.389354, 40.112541 ], [ -105.388998, 40.111927 ], [ -105.388452, 40.11096 ], [ -105.388324, 40.110737 ], [ -105.38809, 40.110319 ], [ -105.388004, 40.110166 ], [ -105.388556, 40.110156 ], [ -105.38875, 40.1105 ], [ -105.388829, 40.110659 ], [ -105.389419, 40.111684 ], [ -105.389875, 40.112459 ], [ -105.390556, 40.113611 ], [ -105.390727, 40.113865 ], [ -105.392417, 40.113835 ], [ -105.392416, 40.114049 ], [ -105.39372, 40.114055 ], [ -105.395426, 40.114401 ], [ -105.397037, 40.114728 ], [ -105.397227, 40.114766 ], [ -105.397994, 40.11492 ], [ -105.398148, 40.114951 ], [ -105.398272, 40.114977 ], [ -105.398753, 40.115074 ], [ -105.398906, 40.115395 ], [ -105.399303, 40.116229 ], [ -105.399862, 40.117405 ], [ -105.397002, 40.117593 ], [ -105.395118, 40.117672 ], [ -105.394982, 40.117679 ], [ -105.394897, 40.117592 ], [ -105.394922, 40.117286 ], [ -105.393601, 40.116175 ], [ -105.392712, 40.116407 ], [ -105.392714, 40.116725 ], [ -105.392587, 40.116746 ], [ -105.392415, 40.116776 ], [ -105.392415, 40.11687 ], [ -105.392415, 40.116985 ], [ -105.392415, 40.11705 ], [ -105.392415, 40.117617 ], [ -105.392714, 40.117868 ], [ -105.392666, 40.118412 ], [ -105.392637, 40.118714 ], [ -105.392705, 40.118898 ], [ -105.392931, 40.119506 ], [ -105.393489, 40.120179 ], [ -105.39366, 40.120134 ], [ -105.394051, 40.120029 ], [ -105.394134, 40.120005 ], [ -105.394511, 40.119899 ], [ -105.394598, 40.119874 ], [ -105.394543, 40.11967 ], [ -105.394404, 40.11915 ], [ -105.394364, 40.119007 ], [ -105.394302, 40.119026 ], [ -105.394311, 40.118875 ], [ -105.394299, 40.11874 ], [ -105.394122, 40.118288 ], [ -105.394083, 40.118219 ], [ -105.393806, 40.117865 ], [ -105.393761, 40.117807 ], [ -105.393701, 40.117749 ], [ -105.394321, 40.117713 ], [ -105.394809, 40.117685 ], [ -105.395421, 40.118406 ], [ -105.395438, 40.118426 ], [ -105.3956, 40.118615 ], [ -105.395728, 40.118765 ], [ -105.395571, 40.118948 ], [ -105.395532, 40.118988 ], [ -105.395239, 40.119324 ], [ -105.394776, 40.11986 ], [ -105.395774, 40.119989 ], [ -105.395757, 40.120182 ], [ -105.395737, 40.120383 ], [ -105.395391, 40.120386 ], [ -105.395237, 40.120385 ], [ -105.394991, 40.120389 ], [ -105.394802, 40.120448 ], [ -105.394757, 40.120462 ], [ -105.394814, 40.120669 ], [ -105.394846, 40.120787 ], [ -105.395099, 40.120848 ], [ -105.395375, 40.12092 ], [ -105.395511, 40.120815 ], [ -105.39567, 40.120923 ], [ -105.395912, 40.120916 ], [ -105.395927, 40.1211 ], [ -105.396705, 40.12105 ], [ -105.397247, 40.121015 ], [ -105.397398, 40.120902 ], [ -105.397535, 40.120998 ], [ -105.397935, 40.120858 ], [ -105.397993, 40.121002 ], [ -105.398003, 40.121026 ], [ -105.398832, 40.120912 ], [ -105.398968, 40.120903 ], [ -105.398972, 40.121125 ], [ -105.398986, 40.12228 ], [ -105.399517, 40.122264 ], [ -105.399502, 40.121113 ], [ -105.399498, 40.120861 ], [ -105.400313, 40.120571 ], [ -105.40046, 40.120807 ], [ -105.40127, 40.120754 ], [ -105.401247, 40.12046 ], [ -105.401233, 40.120278 ], [ -105.401611, 40.121067 ], [ -105.401701, 40.121274 ], [ -105.402858, 40.123935 ], [ -105.40384, 40.123854 ], [ -105.403878, 40.124288 ] ] ] } },
{ "type": "Feature", "properties": { "GEOID": "0853175", "NAME": "Nederland", "share_in_bvsd": 0.99999999999999911 }, "geometry": { "type": "Polygon", "coordinates": [ [ [ -105.523492, 39.970807 ], [ -105.523486, 39.971189 ], [ -105.523451, 39.973626 ], [ -105.523119, 39.973632 ], [ -105.522974, 39.973635 ], [ -105.522586, 39.973613 ], [ -105.522227, 39.973649 ], [ -105.521973, 39.973691 ], [ -105.521534, 39.973705 ], [ -105.521313, 39.97367 ], [ -105.520836, 39.973478 ], [ -105.520588, 39.973365 ], [ -105.520404, 39.973298 ], [ -105.520065, 39.97324 ], [ -105.519574, 39.973287 ], [ -105.519229, 39.97325 ], [ -105.519151, 39.973242 ], [ -105.518109, 39.973094 ], [ -105.517644, 39.9731 ], [ -105.517283, 39.973147 ], [ -105.516838, 39.973222 ], [ -105.516451, 39.973169 ], [ -105.516239, 39.973109 ], [ -105.515931, 39.973022 ], [ -105.515536, 39.972863 ], [ -105.515288, 39.972685 ], [ -105.515034, 39.972525 ], [ -105.514869, 39.97244 ], [ -105.514573, 39.972437 ], [ -105.514303, 39.972425 ], [ -105.513897, 39.972299 ], [ -105.51345, 39.972207 ], [ -105.513369, 39.972193 ], [ -105.511391, 39.974813 ], [ -105.511147, 39.975136 ], [ -105.511025, 39.975302 ], [ -105.510876, 39.975496 ], [ -105.510593, 39.975875 ], [ -105.509718, 39.977035 ], [ -105.509714, 39.97706 ], [ -105.509581, 39.977621 ], [ -105.509555, 39.977726 ], [ -105.508942, 39.977645 ], [ -105.508523, 39.977587 ], [ -105.508025, 39.977302 ], [ -105.508219, 39.977102 ], [ -105.509247, 39.97601 ], [ -105.509312, 39.975939 ], [ -105.509357, 39.975886 ], [ -105.509394, 39.97584 ], [ -105.509415, 39.975811 ], [ -105.509457, 39.975753 ], [ -105.509485, 39.97571 ], [ -105.509514, 39.975663 ], [ -105.509549, 39.975602 ], [ -105.509566, 39.975571 ], [ -105.509752, 39.975019 ], [ -105.509583, 39.974982 ], [ -105.509591, 39.974665 ], [ -105.509526, 39.974376 ], [ -105.509359, 39.974023 ], [ -105.50894, 39.973252 ], [ -105.508504, 39.97248 ], [ -105.508355, 39.972229 ], [ -105.508178, 39.971858 ], [ -105.507964, 39.9713 ], [ -105.507913, 39.971048 ], [ -105.507886, 39.970839 ], [ -105.507874, 39.970671 ], [ -105.50787, 39.970612 ], [ -105.507869, 39.970459 ], [ -105.507891, 39.97001 ], [ -105.507911, 39.969758 ], [ -105.506824, 39.969721 ], [ -105.506474, 39.969709 ], [ -105.505602, 39.969678 ], [ -105.505526, 39.969678 ], [ -105.504111, 39.969626 ], [ -105.504111, 39.969678 ], [ -105.504095, 39.970658 ], [ -105.501466, 39.970658 ], [ -105.501074, 39.970674 ], [ -105.501073, 39.969522 ], [ -105.499456, 39.969474 ], [ -105.499369, 39.96667 ], [ -105.49936, 39.966366 ], [ -105.499356, 39.966044 ], [ -105.499353, 39.965736 ], [ -105.499362, 39.963887 ], [ -105.499355, 39.961673 ], [ -105.498554, 39.961821 ], [ -105.497904, 39.961991 ], [ -105.497559, 39.962081 ], [ -105.497377, 39.962128 ], [ -105.496702, 39.962359 ], [ -105.496112, 39.962518 ], [ -105.495888, 39.962594 ], [ -105.495583, 39.962715 ], [ -105.495258, 39.962835 ], [ -105.494654, 39.963005 ], [ -105.493901, 39.963131 ], [ -105.492373, 39.963255 ], [ -105.492366, 39.963231 ], [ -105.492256, 39.962746 ], [ -105.492189, 39.962451 ], [ -105.492166, 39.962448 ], [ -105.491939, 39.962423 ], [ -105.491884, 39.96242 ], [ -105.491711, 39.962411 ], [ -105.491607, 39.962405 ], [ -105.491261, 39.962798 ], [ -105.491206, 39.962861 ], [ -105.49098, 39.963098 ], [ -105.490269, 39.964173 ], [ -105.490098, 39.964255 ], [ -105.488958, 39.964126 ], [ -105.4885, 39.964205 ], [ -105.488029, 39.964189 ], [ -105.487767, 39.96418 ], [ -105.487353, 39.964197 ], [ -105.486835, 39.964208 ], [ -105.48646, 39.964079 ], [ -105.486205, 39.963809 ], [ -105.485465, 39.964179 ], [ -105.485313, 39.964223 ], [ -105.484741, 39.964113 ], [ -105.484514, 39.964033 ], [ -105.48395, 39.963541 ], [ -105.483886, 39.963448 ], [ -105.484186, 39.963444 ], [ -105.484823, 39.963385 ], [ -105.485202, 39.963353 ], [ -105.48662, 39.963231 ], [ -105.487206, 39.96318 ], [ -105.487387, 39.963133 ], [ -105.487412, 39.963127 ], [ -105.487458, 39.963102 ], [ -105.487492, 39.963087 ], [ -105.487528, 39.963073 ], [ -105.487569, 39.963059 ], [ -105.487629, 39.963041 ], [ -105.487663, 39.963032 ], [ -105.487692, 39.963025 ], [ -105.487954, 39.963003 ], [ -105.487809, 39.959827 ], [ -105.487793, 39.959462 ], [ -105.488344, 39.959417 ], [ -105.4887, 39.959385 ], [ -105.491846, 39.95913 ], [ -105.49179, 39.956673 ], [ -105.491759, 39.955477 ], [ -105.492635, 39.955408 ], [ -105.493795, 39.955313 ], [ -105.496611, 39.955082 ], [ -105.496908, 39.955058 ], [ -105.497492, 39.955003 ], [ -105.49802, 39.954966 ], [ -105.498801, 39.954902 ], [ -105.499419, 39.954852 ], [ -105.499517, 39.954857 ], [ -105.507879, 39.955409 ], [ -105.509264, 39.955504 ], [ -105.509496, 39.955496 ], [ -105.510753, 39.955438 ], [ -105.512644, 39.955356 ], [ -105.516824, 39.955166 ], [ -105.518984, 39.955069 ], [ -105.519156, 39.955068 ], [ -105.519199, 39.956072 ], [ -105.519177, 39.95772 ], [ -105.519155, 39.95857 ], [ -105.519152, 39.958668 ], [ -105.51913, 39.959796 ], [ -105.519071, 39.9627 ], [ -105.518955, 39.964374 ], [ -105.518926, 39.964788 ], [ -105.518906, 39.965085 ], [ -105.518866, 39.96565 ], [ -105.518566, 39.969977 ], [ -105.518844, 39.969954 ], [ -105.522696, 39.969848 ], [ -105.523148, 39.969841 ], [ -105.523503, 39.969822 ], [ -105.523492, 39.970807 ] ] ] } },
{ "type": "Feature", "properties": { "GEOID": "0824950", "NAME": "Erie", "share_in_bvsd": 0.15243285608359952 }, "geometry": { "type": "MultiPolygon", "coordinates": [ [ [ [ -105.102943, 40.018236 ], [ -105.102893, 40.020039 ], [ -105.10287, 40.020393 ], [ -105.102831, 40.021011 ], [ -105.102665, 40.021004 ], [ -105.10236, 40.021 ], [ -105.098718, 40.020955 ], [ -105.098721, 40.021962 ], [ -105.098018, 40.021958 ], [ -105.098018, 40.022041 ], [ -105.097035, 40.02199 ], [ -105.096361, 40.021955 ], [ -105.096249, 40.021883 ], [ -105.095031, 40.021739 ], [ -105.093364, 40.021586 ], [ -105.093371, 40.021521 ], [ -105.093131, 40.021523 ], [ -105.092814, 40.021572 ], [ -105.092549, 40.021604 ], [ -105.09217, 40.021628 ], [ -105.091683, 40.021665 ], [ -105.091613, 40.021682 ], [ -105.091555, 40.0217 ], [ -105.091497, 40.02172 ], [ -105.091406, 40.021759 ], [ -105.091335, 40.021794 ], [ -105.091237, 40.021854 ], [ -105.091146, 40.021921 ], [ -105.091106, 40.021955 ], [ -105.091026, 40.022037 ], [ -105.090996, 40.022074 ], [ -105.090868, 40.022636 ], [ -105.090931, 40.022882 ], [ -105.091115, 40.022957 ], [ -105.091849, 40.023254 ], [ -105.093277, 40.023677 ], [ -105.093313, 40.023906 ], [ -105.093327, 40.023978 ], [ -105.093334, 40.024021 ], [ -105.09334, 40.024092 ], [ -105.09334, 40.02418 ], [ -105.093331, 40.025045 ], [ -105.093314, 40.025551 ], [ -105.093356, 40.027981 ], [ -105.093358, 40.028105 ], [ -105.09337, 40.032856 ], [ -105.093373, 40.034498 ], [ -105.093374, 40.034682 ], [ -105.093371, 40.034979 ], [ -105.093379, 40.036378 ], [ -105.094024, 40.036386 ], [ -105.094334, 40.03639 ], [ -105.096468, 40.036415 ], [ -105.096715, 40.036419 ], [ -105.09713, 40.036423 ], [ -105.097926, 40.036433 ], [ -105.098043, 40.036434 ], [ -105.098147, 40.036435 ], [ -105.098143, 40.036578 ], [ -105.098123, 40.037852 ], [ -105.098156, 40.037852 ], [ -105.098156, 40.038703 ], [ -105.098158, 40.039769 ], [ -105.10259, 40.039804 ], [ -105.102739, 40.039815 ], [ -105.102702, 40.040689 ], [ -105.102645, 40.04208 ], [ -105.102633, 40.042716 ], [ -105.102626, 40.043941 ], [ -105.102624, 40.045496 ], [ -105.102408, 40.045514 ], [ -105.102459, 40.047838 ], [ -105.102488, 40.048609 ], [ -105.102508, 40.049963 ], [ -105.102532, 40.051068 ], [ -105.097892, 40.051046 ], [ -105.09789, 40.050815 ], [ -105.097889, 40.050707 ], [ -105.097104, 40.050805 ], [ -105.095453, 40.05101 ], [ -105.094298, 40.051165 ], [ -105.093385, 40.051254 ], [ -105.090885, 40.051544 ], [ -105.089779, 40.051603 ], [ -105.088592, 40.051603 ], [ -105.088553, 40.054711 ], [ -105.088553, 40.054796 ], [ -105.087066, 40.054825 ], [ -105.085136, 40.054865 ], [ -105.085073, 40.054868 ], [ -105.085072, 40.055933 ], [ -105.085129, 40.055934 ], [ -105.085129, 40.055976 ], [ -105.085135, 40.057676 ], [ -105.085136, 40.058386 ], [ -105.084301, 40.058396 ], [ -105.084174, 40.058396 ], [ -105.084009, 40.058399 ], [ -105.08401, 40.058307 ], [ -105.075935, 40.058517 ], [ -105.075934, 40.05861 ], [ -105.074456, 40.05864 ], [ -105.074456, 40.058629 ], [ -105.074328, 40.05863 ], [ -105.073442, 40.058633 ], [ -105.072623, 40.058634 ], [ -105.072626, 40.058994 ], [ -105.074376, 40.059008 ], [ -105.074455, 40.059009 ], [ -105.074455, 40.059032 ], [ -105.074455, 40.059946 ], [ -105.074454, 40.061903 ], [ -105.074459, 40.062166 ], [ -105.07446, 40.0623 ], [ -105.074382, 40.062298 ], [ -105.073971, 40.062294 ], [ -105.073714, 40.062291 ], [ -105.072969, 40.06228 ], [ -105.07218, 40.062277 ], [ -105.07095, 40.062273 ], [ -105.070783, 40.062273 ], [ -105.069732, 40.062272 ], [ -105.069732, 40.062377 ], [ -105.069732, 40.062655 ], [ -105.069733, 40.066505 ], [ -105.069742, 40.067475 ], [ -105.069756, 40.069504 ], [ -105.069615, 40.069503 ], [ -105.069589, 40.069452 ], [ -105.069561, 40.069398 ], [ -105.069508, 40.069295 ], [ -105.069401, 40.06909 ], [ -105.069138, 40.068583 ], [ -105.068482, 40.068171 ], [ -105.068337, 40.068401 ], [ -105.068259, 40.068468 ], [ -105.06808, 40.068529 ], [ -105.068048, 40.068537 ], [ -105.068441, 40.0694 ], [ -105.068458, 40.069437 ], [ -105.068488, 40.069499 ], [ -105.064963, 40.069468 ], [ -105.062603, 40.069443 ], [ -105.061945, 40.069439 ], [ -105.061658, 40.069436 ], [ -105.060579, 40.069422 ], [ -105.060183, 40.069418 ], [ -105.059212, 40.069405 ], [ -105.057218, 40.069372 ], [ -105.055645, 40.069365 ], [ -105.055546, 40.069364 ], [ -105.055539, 40.070962 ], [ -105.055543, 40.071442 ], [ -105.055578, 40.080451 ], [ -105.055546, 40.087251 ], [ -105.055593, 40.087286 ], [ -105.055706, 40.087371 ], [ -105.055705, 40.08739 ], [ -105.055708, 40.08751 ], [ -105.055708, 40.087676 ], [ -105.055699, 40.087683 ], [ -105.055697, 40.087738 ], [ -105.05559, 40.087829 ], [ -105.055432, 40.087832 ], [ -105.055411, 40.087834 ], [ -105.055411, 40.087697 ], [ -105.055007, 40.087702 ], [ -105.054845, 40.087703 ], [ -105.04894, 40.087767 ], [ -105.046384, 40.087794 ], [ -105.046383, 40.087834 ], [ -105.046375, 40.088627 ], [ -105.046344, 40.091815 ], [ -105.046322, 40.094976 ], [ -105.048678, 40.094921 ], [ -105.050878, 40.094871 ], [ -105.050556, 40.095442 ], [ -105.049032, 40.098054 ], [ -105.048973, 40.098039 ], [ -105.048876, 40.098023 ], [ -105.048739, 40.098019 ], [ -105.048627, 40.09803 ], [ -105.048532, 40.098051 ], [ -105.048451, 40.098078 ], [ -105.048346, 40.098128 ], [ -105.04822, 40.098221 ], [ -105.048134, 40.098326 ], [ -105.048077, 40.098453 ], [ -105.048062, 40.098596 ], [ -105.048077, 40.098681 ], [ -105.048113, 40.098773 ], [ -105.048177, 40.098866 ], [ -105.048262, 40.098948 ], [ -105.048366, 40.099017 ], [ -105.048451, 40.099056 ], [ -105.048991, 40.099043 ], [ -105.047582, 40.101473 ], [ -105.047724, 40.10147 ], [ -105.048154, 40.10146 ], [ -105.048288, 40.101457 ], [ -105.047964, 40.102009 ], [ -105.047973, 40.102146 ], [ -105.047938, 40.102146 ], [ -105.047655, 40.10216 ], [ -105.046628, 40.102177 ], [ -105.041571, 40.102295 ], [ -105.04162, 40.095084 ], [ -105.043872, 40.095034 ], [ -105.044964, 40.095007 ], [ -105.044993, 40.094093 ], [ -105.045018, 40.088218 ], [ -105.04502, 40.087812 ], [ -105.044161, 40.08781 ], [ -105.041628, 40.087815 ], [ -105.041564, 40.087816 ], [ -105.040752, 40.087818 ], [ -105.040544, 40.087819 ], [ -105.040307, 40.087822 ], [ -105.039861, 40.087831 ], [ -105.039565, 40.08784 ], [ -105.039388, 40.087847 ], [ -105.038577, 40.08789 ], [ -105.037942, 40.087918 ], [ -105.037482, 40.087953 ], [ -105.03701, 40.087974 ], [ -105.036911, 40.087975 ], [ -105.036848, 40.087976 ], [ -105.036665, 40.087977 ], [ -105.035944, 40.087962 ], [ -105.032997, 40.087873 ], [ -105.032555, 40.087859 ], [ -105.032371, 40.087994 ], [ -105.032265, 40.08799 ], [ -105.032157, 40.087987 ], [ -105.032163, 40.087847 ], [ -105.027396, 40.087729 ], [ -105.027396, 40.08774 ], [ -105.027381, 40.08774 ], [ -105.027042, 40.087734 ], [ -105.027011, 40.087719 ], [ -105.02657, 40.087705 ], [ -105.025523, 40.087675 ], [ -105.025473, 40.087674 ], [ -105.024859, 40.087655 ], [ -105.022859, 40.087594 ], [ -105.020456, 40.087555 ], [ -105.018624, 40.087467 ], [ -105.01834, 40.08746 ], [ -105.018095, 40.087456 ], [ -105.017785, 40.087451 ], [ -105.017785, 40.087503 ], [ -105.017785, 40.087546 ], [ -105.017785, 40.087625 ], [ -105.017785, 40.087674 ], [ -105.017738, 40.087674 ], [ -105.017665, 40.087674 ], [ -105.017666, 40.087642 ], [ -105.017666, 40.087629 ], [ -105.017667, 40.087545 ], [ -105.017668, 40.087505 ], [ -105.017669, 40.08746 ], [ -105.017437, 40.087457 ], [ -105.016511, 40.087444 ], [ -105.011011, 40.087517 ], [ -105.008357, 40.087552 ], [ -105.00685, 40.08754 ], [ -105.003696, 40.08757 ], [ -105.002755, 40.087552 ], [ -104.999642, 40.087622 ], [ -104.998917, 40.087695 ], [ -104.998915, 40.087852 ], [ -104.998824, 40.087854 ], [ -104.998638, 40.087715 ], [ -104.998619, 40.087701 ], [ -104.998398, 40.087703 ], [ -104.996757, 40.087719 ], [ -104.995619, 40.087731 ], [ -104.995125, 40.087737 ], [ -104.994665, 40.087742 ], [ -104.994666, 40.087648 ], [ -104.994667, 40.087591 ], [ -104.994672, 40.086455 ], [ -104.994675, 40.086114 ], [ -104.994693, 40.084069 ], [ -104.996105, 40.084064 ], [ -104.998728, 40.084057 ], [ -104.998811, 40.084057 ], [ -104.998811, 40.082266 ], [ -104.998814, 40.081567 ], [ -104.998848, 40.073106 ], [ -104.995904, 40.073105 ], [ -104.994174, 40.073104 ], [ -104.99417, 40.075288 ], [ -104.994161, 40.080342 ], [ -104.994043, 40.080345 ], [ -104.989465, 40.080339 ], [ -104.988697, 40.080332 ], [ -104.983209, 40.080317 ], [ -104.980837, 40.080317 ], [ -104.980811, 40.079819 ], [ -104.980802, 40.06677 ], [ -104.980817, 40.058413 ], [ -104.980817, 40.058342 ], [ -104.980818, 40.058132 ], [ -104.980835, 40.049644 ], [ -104.980799, 40.048755 ], [ -104.980872, 40.048194 ], [ -104.980862, 40.047965 ], [ -104.980891, 40.047774 ], [ -104.980894, 40.04715 ], [ -104.980899, 40.046376 ], [ -104.981373, 40.044283 ], [ -104.98143, 40.044031 ], [ -104.981224, 40.044026 ], [ -104.980746, 40.044028 ], [ -104.980611, 40.044028 ], [ -104.980289, 40.044029 ], [ -104.98003, 40.04403 ], [ -104.97967, 40.044029 ], [ -104.979433, 40.044029 ], [ -104.979358, 40.044029 ], [ -104.978523, 40.044026 ], [ -104.978526, 40.043888 ], [ -104.979242, 40.043758 ], [ -104.979447, 40.043249 ], [ -104.979905, 40.042111 ], [ -104.979915, 40.041297 ], [ -104.979927, 40.040313 ], [ -104.980041, 40.040316 ], [ -104.980198, 40.040321 ], [ -104.9803, 40.040324 ], [ -104.980629, 40.040316 ], [ -104.980738, 40.040316 ], [ -104.980837, 40.040316 ], [ -104.982429, 40.040313 ], [ -104.9967, 40.040283 ], [ -104.997155, 40.040292 ], [ -104.997338, 40.040299 ], [ -104.998388, 40.04029 ], [ -104.998394, 40.040446 ], [ -104.998391, 40.040916 ], [ -104.99898, 40.040916 ], [ -104.999069, 40.040915 ], [ -104.999085, 40.04044 ], [ -104.999067, 40.038459 ], [ -104.999049, 40.038296 ], [ -104.999049, 40.037195 ], [ -104.999055, 40.033807 ], [ -104.999024, 40.033174 ], [ -104.999012, 40.033057 ], [ -104.998637, 40.033051 ], [ -104.985726, 40.033059 ], [ -104.984837, 40.033061 ], [ -104.980938, 40.033071 ], [ -104.980941, 40.033002 ], [ -104.980938, 40.032948 ], [ -104.980938, 40.032921 ], [ -104.980994, 40.032943 ], [ -104.981038, 40.032949 ], [ -104.981125, 40.032953 ], [ -104.981248, 40.032948 ], [ -104.981479, 40.032941 ], [ -104.981741, 40.032922 ], [ -104.982526, 40.032828 ], [ -104.983201, 40.032716 ], [ -104.983728, 40.032545 ], [ -104.984037, 40.032445 ], [ -104.984476, 40.032366 ], [ -104.984876, 40.032306 ], [ -104.984998, 40.032273 ], [ -104.985031, 40.032268 ], [ -104.98547, 40.032266 ], [ -104.985593, 40.032057 ], [ -104.985773, 40.031755 ], [ -104.986171, 40.031233 ], [ -104.987058, 40.030861 ], [ -104.987336, 40.030542 ], [ -104.988473, 40.030523 ], [ -104.989521, 40.030507 ], [ -104.989519, 40.029838 ], [ -104.989508, 40.029403 ], [ -104.989511, 40.029327 ], [ -104.991803, 40.029324 ], [ -104.993025, 40.029323 ], [ -104.998744, 40.029317 ], [ -104.999019, 40.029318 ], [ -104.999031, 40.029318 ], [ -104.999029, 40.029292 ], [ -104.99902, 40.027093 ], [ -104.999007, 40.025776 ], [ -104.999005, 40.023996 ], [ -104.999005, 40.023509 ], [ -104.999004, 40.022164 ], [ -104.999112, 40.022164 ], [ -105.003293, 40.022167 ], [ -105.008575, 40.022164 ], [ -105.008568, 40.021595 ], [ -105.008575, 40.021265 ], [ -105.007059, 40.021261 ], [ -105.007061, 40.020163 ], [ -105.008574, 40.020166 ], [ -105.008582, 40.015325 ], [ -105.008562, 40.009585 ], [ -105.008557, 40.008293 ], [ -105.008555, 40.007584 ], [ -105.007995, 40.007581 ], [ -105.007999, 40.007455 ], [ -105.007954, 40.00578 ], [ -105.007933, 40.002987 ], [ -105.007932, 40.002908 ], [ -105.007929, 40.002536 ], [ -105.007906, 40.000483 ], [ -105.00801, 40.000483 ], [ -105.008402, 40.000483 ], [ -105.008905, 40.000486 ], [ -105.009038, 40.00048 ], [ -105.010297, 40.000478 ], [ -105.010346, 40.000478 ], [ -105.011655, 40.000478 ], [ -105.012032, 40.000478 ], [ -105.012559, 40.000478 ], [ -105.017356, 40.000475 ], [ -105.017653, 40.000475 ], [ -105.017772, 40.000475 ], [ -105.018231, 40.000475 ], [ -105.02239, 40.000473 ], [ -105.026568, 40.000472 ], [ -105.027557, 40.000472 ], [ -105.037067, 40.000467 ], [ -105.037172, 40.000473 ], [ -105.042292, 40.000469 ], [ -105.045897, 40.000466 ], [ -105.046232, 40.000466 ], [ -105.046237, 40.000265 ], [ -105.047106, 40.000264 ], [ -105.052809, 40.00026 ], [ -105.052823, 40.00026 ], [ -105.054348, 40.000255 ], [ -105.055432, 40.000251 ], [ -105.055518, 40.000251 ], [ -105.055531, 40.000416 ], [ -105.055536, 40.00086 ], [ -105.055546, 40.002008 ], [ -105.055563, 40.003859 ], [ -105.055549, 40.004599 ], [ -105.05553, 40.005634 ], [ -105.055569, 40.005659 ], [ -105.055607, 40.005664 ], [ -105.055637, 40.005666 ], [ -105.05571, 40.005665 ], [ -105.055826, 40.00567 ], [ -105.055896, 40.005669 ], [ -105.05596, 40.005674 ], [ -105.056018, 40.005669 ], [ -105.056112, 40.005665 ], [ -105.056156, 40.005627 ], [ -105.056143, 40.005536 ], [ -105.056097, 40.005443 ], [ -105.056209, 40.005446 ], [ -105.05643, 40.005446 ], [ -105.057124, 40.005448 ], [ -105.057363, 40.005083 ], [ -105.058011, 40.004063 ], [ -105.058133, 40.003875 ], [ -105.058284, 40.003645 ], [ -105.058827, 40.003651 ], [ -105.059872, 40.003653 ], [ -105.060231, 40.003111 ], [ -105.060409, 40.002842 ], [ -105.061998, 40.000449 ], [ -105.062046, 40.000372 ], [ -105.065061, 40.000368 ], [ -105.067101, 40.000365 ], [ -105.067319, 40.000365 ], [ -105.067312, 40.001954 ], [ -105.073314, 40.001945 ], [ -105.073314, 40.001957 ], [ -105.07418, 40.001956 ], [ -105.074376, 40.001956 ], [ -105.074375, 40.000357 ], [ -105.074478, 40.000357 ], [ -105.074591, 40.000356 ], [ -105.074593, 40.001943 ], [ -105.074595, 40.00387 ], [ -105.074595, 40.003965 ], [ -105.074595, 40.004052 ], [ -105.074595, 40.004186 ], [ -105.074595, 40.004242 ], [ -105.07459, 40.004856 ], [ -105.074596, 40.005491 ], [ -105.074595, 40.00573 ], [ -105.074595, 40.00576 ], [ -105.074595, 40.006257 ], [ -105.074515, 40.006258 ], [ -105.0745, 40.006258 ], [ -105.074483, 40.006267 ], [ -105.074484, 40.007187 ], [ -105.074484, 40.007549 ], [ -105.074598, 40.007548 ], [ -105.074599, 40.011171 ], [ -105.074603, 40.014637 ], [ -105.074603, 40.014734 ], [ -105.074602, 40.014866 ], [ -105.074603, 40.014953 ], [ -105.074604, 40.015017 ], [ -105.074604, 40.015308 ], [ -105.074606, 40.01615 ], [ -105.074608, 40.017045 ], [ -105.074611, 40.018511 ], [ -105.074615, 40.020286 ], [ -105.074616, 40.020693 ], [ -105.074617, 40.021223 ], [ -105.074618, 40.021535 ], [ -105.074619, 40.022117 ], [ -105.074619, 40.023923 ], [ -105.074618, 40.025774 ], [ -105.075458, 40.025759 ], [ -105.076488, 40.025759 ], [ -105.076868, 40.025759 ], [ -105.081584, 40.025712 ], [ -105.083898, 40.025697 ], [ -105.083893, 40.024867 ], [ -105.083891, 40.024695 ], [ -105.083885, 40.023885 ], [ -105.083886, 40.02384 ], [ -105.08388, 40.023004 ], [ -105.083881, 40.022941 ], [ -105.083875, 40.022037 ], [ -105.081849, 40.022055 ], [ -105.081575, 40.022057 ], [ -105.081394, 40.022059 ], [ -105.080471, 40.022067 ], [ -105.079197, 40.022078 ], [ -105.07903, 40.022081 ], [ -105.07921, 40.021929 ], [ -105.079496, 40.021692 ], [ -105.080217, 40.021494 ], [ -105.080578, 40.02125 ], [ -105.080717, 40.021 ], [ -105.080923, 40.020628 ], [ -105.081186, 40.020173 ], [ -105.081619, 40.019504 ], [ -105.08161, 40.019356 ], [ -105.081598, 40.019173 ], [ -105.08179, 40.018953 ], [ -105.082003, 40.018706 ], [ -105.082498, 40.018062 ], [ -105.082703, 40.017794 ], [ -105.083654, 40.016624 ], [ -105.083676, 40.016598 ], [ -105.083728, 40.016554 ], [ -105.083881, 40.016409 ], [ -105.083871, 40.015622 ], [ -105.083863, 40.014747 ], [ -105.083963, 40.014749 ], [ -105.084276, 40.014752 ], [ -105.084409, 40.01475 ], [ -105.086375, 40.014726 ], [ -105.086565, 40.014724 ], [ -105.090529, 40.014682 ], [ -105.093312, 40.014671 ], [ -105.094002, 40.014672 ], [ -105.096811, 40.014649 ], [ -105.096809, 40.014274 ], [ -105.096809, 40.014208 ], [ -105.096802, 40.013675 ], [ -105.096801, 40.013592 ], [ -105.096798, 40.013393 ], [ -105.097706, 40.013395 ], [ -105.0977, 40.012937 ], [ -105.097696, 40.012666 ], [ -105.097693, 40.012455 ], [ -105.097683, 40.011074 ], [ -105.098143, 40.011082 ], [ -105.098884, 40.011092 ], [ -105.102756, 40.011084 ], [ -105.102918, 40.011085 ], [ -105.102927, 40.012248 ], [ -105.102923, 40.013047 ], [ -105.102923, 40.013071 ], [ -105.102923, 40.013223 ], [ -105.102923, 40.013394 ], [ -105.102922, 40.014261 ], [ -105.102922, 40.014325 ], [ -105.102922, 40.014397 ], [ -105.102922, 40.0145 ], [ -105.102923, 40.015 ], [ -105.102928, 40.015501 ], [ -105.102919, 40.016196 ], [ -105.102915, 40.016498 ], [ -105.102928, 40.016966 ], [ -105.102943, 40.018236 ] ], [ [ -105.09805, 40.040996 ], [ -105.098044, 40.040082 ], [ -105.097938, 40.040078 ], [ -105.097409, 40.040069 ], [ -105.095605, 40.040036 ], [ -105.095289, 40.04003 ], [ -105.095284, 40.0412 ], [ -105.095283, 40.042824 ], [ -105.094642, 40.042826 ], [ -105.093266, 40.042802 ], [ -105.093262, 40.043615 ], [ -105.093261, 40.043701 ], [ -105.09323, 40.043701 ], [ -105.092745, 40.043707 ], [ -105.092289, 40.043713 ], [ -105.091846, 40.043719 ], [ -105.091425, 40.043724 ], [ -105.090966, 40.04373 ], [ -105.090508, 40.043741 ], [ -105.090054, 40.043752 ], [ -105.089609, 40.043763 ], [ -105.089177, 40.043773 ], [ -105.088785, 40.043783 ], [ -105.088648, 40.043786 ], [ -105.088015, 40.043801 ], [ -105.087497, 40.043814 ], [ -105.086974, 40.043827 ], [ -105.086457, 40.043839 ], [ -105.085947, 40.043852 ], [ -105.085412, 40.043865 ], [ -105.084633, 40.043884 ], [ -105.084569, 40.043886 ], [ -105.084454, 40.043888 ], [ -105.084315, 40.043891 ], [ -105.084238, 40.043893 ], [ -105.08382, 40.043905 ], [ -105.083393, 40.043911 ], [ -105.082631, 40.043925 ], [ -105.081838, 40.043938 ], [ -105.081282, 40.043946 ], [ -105.081067, 40.04395 ], [ -105.080853, 40.043954 ], [ -105.080095, 40.043967 ], [ -105.079319, 40.04398 ], [ -105.079003, 40.043985 ], [ -105.078579, 40.043995 ], [ -105.077829, 40.044014 ], [ -105.077075, 40.04403 ], [ -105.076321, 40.044048 ], [ -105.075562, 40.044065 ], [ -105.075061, 40.044077 ], [ -105.074713, 40.044086 ], [ -105.07462, 40.044088 ], [ -105.074614, 40.044971 ], [ -105.074614, 40.044994 ], [ -105.074592, 40.046761 ], [ -105.074592, 40.046788 ], [ -105.074589, 40.047123 ], [ -105.074583, 40.047694 ], [ -105.075581, 40.047679 ], [ -105.075663, 40.047674 ], [ -105.076192, 40.047664 ], [ -105.076707, 40.047654 ], [ -105.077239, 40.047644 ], [ -105.077763, 40.047633 ], [ -105.078296, 40.047623 ], [ -105.0788, 40.047615 ], [ -105.079087, 40.04761 ], [ -105.079297, 40.047607 ], [ -105.079793, 40.047599 ], [ -105.08007, 40.047595 ], [ -105.080214, 40.047593 ], [ -105.080629, 40.047587 ], [ -105.084153, 40.047531 ], [ -105.084234, 40.051403 ], [ -105.088328, 40.051323 ], [ -105.089259, 40.05133 ], [ -105.089832, 40.051329 ], [ -105.090118, 40.051324 ], [ -105.090689, 40.0513 ], [ -105.091258, 40.051261 ], [ -105.091825, 40.051207 ], [ -105.092459, 40.051128 ], [ -105.09338, 40.051003 ], [ -105.095424, 40.050739 ], [ -105.097886, 40.05042 ], [ -105.097885, 40.050285 ], [ -105.097883, 40.049601 ], [ -105.09786, 40.048421 ], [ -105.097864, 40.048303 ], [ -105.097871, 40.048065 ], [ -105.097886, 40.04784 ], [ -105.097907, 40.047675 ], [ -105.097998, 40.047211 ], [ -105.09802, 40.047006 ], [ -105.098003, 40.046552 ], [ -105.098032, 40.046414 ], [ -105.098037, 40.044503 ], [ -105.098042, 40.043805 ], [ -105.098042, 40.042054 ], [ -105.098042, 40.041753 ], [ -105.098048, 40.041202 ], [ -105.09805, 40.040996 ] ], [ [ -105.097929, 40.036771 ], [ -105.097832, 40.03666 ], [ -105.097346, 40.036624 ], [ -105.09683, 40.036586 ], [ -105.096793, 40.036583 ], [ -105.096645, 40.036581 ], [ -105.094516, 40.036556 ], [ -105.093881, 40.036549 ], [ -105.093378, 40.036543 ], [ -105.09328, 40.036543 ], [ -105.093279, 40.036646 ], [ -105.092541, 40.036626 ], [ -105.091534, 40.036599 ], [ -105.091537, 40.03709 ], [ -105.091538, 40.037414 ], [ -105.091539, 40.038042 ], [ -105.093266, 40.038036 ], [ -105.093265, 40.038277 ], [ -105.095649, 40.038321 ], [ -105.095628, 40.037853 ], [ -105.097903, 40.037852 ], [ -105.097913, 40.037631 ], [ -105.097929, 40.036771 ] ], [ [ -105.090638, 40.036502 ], [ -105.090302, 40.036515 ], [ -105.09006, 40.036524 ], [ -105.088269, 40.036556 ], [ -105.088264, 40.037379 ], [ -105.08837, 40.038562 ], [ -105.088374, 40.038605 ], [ -105.088389, 40.038613 ], [ -105.088533, 40.038528 ], [ -105.090574, 40.038184 ], [ -105.090669, 40.0381 ], [ -105.090638, 40.036502 ] ], [ [ -105.081834, 40.054851 ], [ -105.080434, 40.054881 ], [ -105.080435, 40.055626 ], [ -105.08183, 40.055618 ], [ -105.081834, 40.054851 ] ], [ [ -105.077065, 40.053803 ], [ -105.076865, 40.053906 ], [ -105.076866, 40.053807 ], [ -105.076871, 40.053412 ], [ -105.076879, 40.052555 ], [ -105.075808, 40.052551 ], [ -105.075802, 40.052076 ], [ -105.075801, 40.052038 ], [ -105.074567, 40.052042 ], [ -105.074567, 40.052088 ], [ -105.074565, 40.052207 ], [ -105.074551, 40.053273 ], [ -105.074547, 40.053529 ], [ -105.07454, 40.054019 ], [ -105.074539, 40.054243 ], [ -105.074529, 40.054915 ], [ -105.07484, 40.05491 ], [ -105.075054, 40.054908 ], [ -105.075805, 40.054891 ], [ -105.075927, 40.054889 ], [ -105.076263, 40.054884 ], [ -105.076441, 40.054881 ], [ -105.076477, 40.05488 ], [ -105.07683, 40.054874 ], [ -105.07683, 40.054907 ], [ -105.077073, 40.054903 ], [ -105.077065, 40.053803 ] ], [ [ -105.074411, 40.029188 ], [ -105.07441, 40.028232 ], [ -105.074409, 40.027462 ], [ -105.074409, 40.02729 ], [ -105.074409, 40.02706 ], [ -105.074409, 40.026496 ], [ -105.074408, 40.025869 ], [ -105.074408, 40.025786 ], [ -105.074406, 40.024002 ], [ -105.074406, 40.023931 ], [ -105.074406, 40.023626 ], [ -105.074405, 40.022117 ], [ -105.074396, 40.018388 ], [ -105.074391, 40.016006 ], [ -105.07439, 40.015373 ], [ -105.07439, 40.015243 ], [ -105.074389, 40.015058 ], [ -105.07439, 40.014949 ], [ -105.074385, 40.014866 ], [ -105.074388, 40.014747 ], [ -105.074388, 40.014636 ], [ -105.074384, 40.01312 ], [ -105.074384, 40.011213 ], [ -105.074381, 40.011172 ], [ -105.073805, 40.011175 ], [ -105.069806, 40.011156 ], [ -105.069709, 40.011155 ], [ -105.064981, 40.011169 ], [ -105.064971, 40.012848 ], [ -105.06497, 40.012975 ], [ -105.06496, 40.014729 ], [ -105.064959, 40.014815 ], [ -105.06496, 40.014893 ], [ -105.064965, 40.015612 ], [ -105.065, 40.02144 ], [ -105.065004, 40.021998 ], [ -105.059737, 40.021981 ], [ -105.055563, 40.021969 ], [ -105.055392, 40.021971 ], [ -105.055392, 40.021998 ], [ -105.055392, 40.022245 ], [ -105.055391, 40.022492 ], [ -105.055369, 40.029185 ], [ -105.05537, 40.029211 ], [ -105.055372, 40.029309 ], [ -105.055889, 40.029316 ], [ -105.057298, 40.029329 ], [ -105.059028, 40.029347 ], [ -105.063888, 40.029399 ], [ -105.064974, 40.02941 ], [ -105.069653, 40.029443 ], [ -105.074283, 40.029476 ], [ -105.074327, 40.029476 ], [ -105.074411, 40.029477 ], [ -105.074411, 40.029188 ] ], [ [ -105.07441, 40.044089 ], [ -105.072154, 40.044054 ], [ -105.071954, 40.044054 ], [ -105.070035, 40.044021 ], [ -105.06989, 40.044019 ], [ -105.069756, 40.044017 ], [ -105.06978, 40.046083 ], [ -105.069774, 40.047727 ], [ -105.069766, 40.051193 ], [ -105.070394, 40.051195 ], [ -105.074341, 40.051221 ], [ -105.074344, 40.050818 ], [ -105.074362, 40.048712 ], [ -105.07437, 40.047695 ], [ -105.074378, 40.047013 ], [ -105.07438, 40.046788 ], [ -105.074399, 40.04501 ], [ -105.07441, 40.044089 ] ], [ [ -105.07438, 40.003874 ], [ -105.069747, 40.003875 ], [ -105.069747, 40.003902 ], [ -105.069747, 40.003985 ], [ -105.069744, 40.005527 ], [ -105.069744, 40.005725 ], [ -105.07438, 40.005724 ], [ -105.07438, 40.005481 ], [ -105.07438, 40.004859 ], [ -105.07438, 40.0042 ], [ -105.07438, 40.004029 ], [ -105.07438, 40.003874 ] ], [ [ -105.074326, 40.054225 ], [ -105.074326, 40.054014 ], [ -105.074326, 40.053527 ], [ -105.074325, 40.05327 ], [ -105.074324, 40.052206 ], [ -105.074324, 40.052118 ], [ -105.074324, 40.052087 ], [ -105.074323, 40.051819 ], [ -105.074324, 40.051782 ], [ -105.072791, 40.051767 ], [ -105.071278, 40.051754 ], [ -105.070777, 40.051749 ], [ -105.069622, 40.051738 ], [ -105.069117, 40.051736 ], [ -105.068451, 40.051734 ], [ -105.06845, 40.05202 ], [ -105.068435, 40.05489 ], [ -105.071546, 40.054914 ], [ -105.071654, 40.054915 ], [ -105.071684, 40.054915 ], [ -105.07197, 40.054918 ], [ -105.072279, 40.05492 ], [ -105.072438, 40.054923 ], [ -105.073355, 40.054933 ], [ -105.073538, 40.054934 ], [ -105.073643, 40.054932 ], [ -105.074327, 40.054922 ], [ -105.074326, 40.054225 ] ], [ [ -105.071682, 40.05508 ], [ -105.071542, 40.05508 ], [ -105.065878, 40.055089 ], [ -105.065828, 40.055088 ], [ -105.065795, 40.055087 ], [ -105.065728, 40.055081 ], [ -105.065389, 40.055081 ], [ -105.065172, 40.055081 ], [ -105.06512, 40.055098 ], [ -105.065076, 40.055123 ], [ -105.065047, 40.055144 ], [ -105.065039, 40.055152 ], [ -105.065019, 40.055174 ], [ -105.06501, 40.055188 ], [ -105.065008, 40.055308 ], [ -105.065007, 40.055327 ], [ -105.064994, 40.056712 ], [ -105.064992, 40.05697 ], [ -105.064993, 40.057026 ], [ -105.065013, 40.057193 ], [ -105.065034, 40.057271 ], [ -105.065063, 40.057353 ], [ -105.0651, 40.057435 ], [ -105.065144, 40.057513 ], [ -105.065404, 40.05793 ], [ -105.065451, 40.058013 ], [ -105.065492, 40.058098 ], [ -105.065525, 40.058184 ], [ -105.065551, 40.058272 ], [ -105.065569, 40.058361 ], [ -105.065581, 40.05845 ], [ -105.065585, 40.058541 ], [ -105.065585, 40.058561 ], [ -105.065725, 40.058563 ], [ -105.069016, 40.058593 ], [ -105.069022, 40.05828 ], [ -105.069024, 40.056935 ], [ -105.06903, 40.056664 ], [ -105.069362, 40.056502 ], [ -105.069524, 40.056424 ], [ -105.069504, 40.056379 ], [ -105.069941, 40.056254 ], [ -105.07022, 40.055966 ], [ -105.07063, 40.055802 ], [ -105.0708, 40.055283 ], [ -105.071053, 40.055191 ], [ -105.071204, 40.055136 ], [ -105.071603, 40.055106 ], [ -105.071682, 40.05508 ] ], [ [ -105.067867, 40.051733 ], [ -105.067635, 40.05173 ], [ -105.06745, 40.051725 ], [ -105.067265, 40.051718 ], [ -105.067081, 40.051709 ], [ -105.066897, 40.051698 ], [ -105.066713, 40.051684 ], [ -105.066529, 40.051668 ], [ -105.066346, 40.051649 ], [ -105.066164, 40.051628 ], [ -105.065982, 40.051604 ], [ -105.0658, 40.051578 ], [ -105.065619, 40.051549 ], [ -105.065439, 40.051518 ], [ -105.06526, 40.051485 ], [ -105.065081, 40.051449 ], [ -105.064987, 40.051429 ], [ -105.064904, 40.051411 ], [ -105.064727, 40.051371 ], [ -105.064551, 40.051328 ], [ -105.064376, 40.051283 ], [ -105.064203, 40.051235 ], [ -105.064009, 40.051178 ], [ -105.063859, 40.051133 ], [ -105.063689, 40.051078 ], [ -105.06352, 40.051022 ], [ -105.063353, 40.050962 ], [ -105.063187, 40.050901 ], [ -105.063022, 40.050838 ], [ -105.062859, 40.050772 ], [ -105.062698, 40.050704 ], [ -105.062583, 40.050654 ], [ -105.062538, 40.050634 ], [ -105.06238, 40.050562 ], [ -105.062223, 40.050488 ], [ -105.062069, 40.050411 ], [ -105.061914, 40.050333 ], [ -105.06175, 40.050251 ], [ -105.060567, 40.049647 ], [ -105.058989, 40.048841 ], [ -105.059146, 40.049684 ], [ -105.059182, 40.049895 ], [ -105.059243, 40.050228 ], [ -105.058861, 40.050224 ], [ -105.058659, 40.050222 ], [ -105.058592, 40.050222 ], [ -105.058369, 40.05022 ], [ -105.058371, 40.05064 ], [ -105.057859, 40.050639 ], [ -105.057857, 40.050912 ], [ -105.05775, 40.050939 ], [ -105.057653, 40.050935 ], [ -105.057473, 40.050927 ], [ -105.057337, 40.05092 ], [ -105.057087, 40.050906 ], [ -105.05661, 40.050908 ], [ -105.056453, 40.050909 ], [ -105.056332, 40.050925 ], [ -105.055896, 40.051019 ], [ -105.055588, 40.051149 ], [ -105.055588, 40.051235 ], [ -105.055588, 40.051436 ], [ -105.055987, 40.051432 ], [ -105.056201, 40.05143 ], [ -105.0566, 40.051437 ], [ -105.056616, 40.051437 ], [ -105.056681, 40.051438 ], [ -105.056694, 40.051438 ], [ -105.056814, 40.05144 ], [ -105.056839, 40.05144 ], [ -105.057281, 40.051448 ], [ -105.05731, 40.051449 ], [ -105.057324, 40.051449 ], [ -105.057342, 40.051449 ], [ -105.0574, 40.05145 ], [ -105.057835, 40.051454 ], [ -105.058549, 40.051473 ], [ -105.058757, 40.051478 ], [ -105.060518, 40.051554 ], [ -105.060556, 40.051556 ], [ -105.060724, 40.051567 ], [ -105.061272, 40.051606 ], [ -105.063459, 40.051751 ], [ -105.063831, 40.051775 ], [ -105.064003, 40.051787 ], [ -105.064879, 40.051852 ], [ -105.064902, 40.051854 ], [ -105.064967, 40.051858 ], [ -105.064967, 40.051884 ], [ -105.064967, 40.051896 ], [ -105.064967, 40.051969 ], [ -105.064965, 40.052559 ], [ -105.064964, 40.05295 ], [ -105.064961, 40.053883 ], [ -105.064961, 40.05396 ], [ -105.06496, 40.054253 ], [ -105.064994, 40.054436 ], [ -105.064951, 40.054436 ], [ -105.065025, 40.054583 ], [ -105.065136, 40.054716 ], [ -105.06524, 40.054804 ], [ -105.06538, 40.05488 ], [ -105.065455, 40.054911 ], [ -105.065468, 40.05486 ], [ -105.065532, 40.05487 ], [ -105.065775, 40.054871 ], [ -105.065862, 40.054873 ], [ -105.065946, 40.054874 ], [ -105.066007, 40.054873 ], [ -105.067846, 40.054886 ], [ -105.067865, 40.052 ], [ -105.067867, 40.051733 ] ], [ [ -105.059691, 40.057758 ], [ -105.058318, 40.057814 ], [ -105.057707, 40.057839 ], [ -105.056994, 40.057758 ], [ -105.055965, 40.057593 ], [ -105.055613, 40.05764 ], [ -105.055482, 40.057657 ], [ -105.055491, 40.058381 ], [ -105.055492, 40.058425 ], [ -105.055616, 40.058425 ], [ -105.058551, 40.058475 ], [ -105.05855, 40.058455 ], [ -105.058578, 40.058281 ], [ -105.058598, 40.05815 ], [ -105.058708, 40.057986 ], [ -105.058933, 40.057866 ], [ -105.058989, 40.057854 ], [ -105.059038, 40.057835 ], [ -105.059078, 40.05782 ], [ -105.059111, 40.057813 ], [ -105.059399, 40.057783 ], [ -105.059691, 40.057758 ] ], [ [ -105.058751, 40.051587 ], [ -105.057417, 40.051561 ], [ -105.057397, 40.051561 ], [ -105.057322, 40.05156 ], [ -105.057321, 40.051727 ], [ -105.057314, 40.052343 ], [ -105.058313, 40.052342 ], [ -105.058293, 40.052304 ], [ -105.058336, 40.052116 ], [ -105.058523, 40.052156 ], [ -105.05867, 40.052187 ], [ -105.058732, 40.0522 ], [ -105.058744, 40.0519 ], [ -105.058746, 40.051848 ], [ -105.058748, 40.051787 ], [ -105.05875, 40.051645 ], [ -105.058751, 40.051587 ] ], [ [ -105.058672, 40.048643 ], [ -105.057883, 40.048252 ], [ -105.057871, 40.048272 ], [ -105.05787, 40.048923 ], [ -105.058669, 40.048929 ], [ -105.058671, 40.048679 ], [ -105.058672, 40.048643 ] ], [ [ -105.057814, 40.055145 ], [ -105.05776, 40.055125 ], [ -105.057589, 40.05509 ], [ -105.057522, 40.055083 ], [ -105.057051, 40.055071 ], [ -105.057058, 40.053898 ], [ -105.055611, 40.053885 ], [ -105.055619, 40.054566 ], [ -105.055621, 40.055058 ], [ -105.055624, 40.055726 ], [ -105.055623, 40.055904 ], [ -105.055621, 40.056298 ], [ -105.05562, 40.056351 ], [ -105.056993, 40.056352 ], [ -105.057056, 40.056352 ], [ -105.057077, 40.056352 ], [ -105.057066, 40.055781 ], [ -105.057814, 40.055789 ], [ -105.057812, 40.055215 ], [ -105.057814, 40.055145 ] ], [ [ -105.057056, 40.056919 ], [ -105.055618, 40.056911 ], [ -105.055618, 40.057373 ], [ -105.05597, 40.057325 ], [ -105.057057, 40.057487 ], [ -105.057056, 40.056919 ] ], [ [ -105.055465, 40.046751 ], [ -105.055464, 40.046718 ], [ -105.055465, 40.046576 ], [ -105.054346, 40.045992 ], [ -105.053638, 40.045603 ], [ -105.053316, 40.045441 ], [ -105.052692, 40.045128 ], [ -105.051761, 40.044721 ], [ -105.051709, 40.044698 ], [ -105.051347, 40.044515 ], [ -105.050995, 40.044336 ], [ -105.050968, 40.044604 ], [ -105.05261, 40.04545 ], [ -105.053039, 40.045674 ], [ -105.053438, 40.045852 ], [ -105.053631, 40.045942 ], [ -105.055467, 40.046893 ], [ -105.055465, 40.046751 ] ], [ [ -105.055378, 40.055731 ], [ -105.055376, 40.055698 ], [ -105.05518, 40.055698 ], [ -105.051301, 40.055684 ], [ -105.051227, 40.055726 ], [ -105.051285, 40.055769 ], [ -105.051383, 40.055817 ], [ -105.051512, 40.055848 ], [ -105.051662, 40.0559 ], [ -105.051848, 40.056048 ], [ -105.052324, 40.056623 ], [ -105.052414, 40.056769 ], [ -105.052571, 40.056931 ], [ -105.052762, 40.057032 ], [ -105.053005, 40.057186 ], [ -105.053305, 40.057347 ], [ -105.053448, 40.057404 ], [ -105.05373, 40.057493 ], [ -105.054224, 40.057522 ], [ -105.054718, 40.05745 ], [ -105.055204, 40.057398 ], [ -105.055372, 40.057385 ], [ -105.055372, 40.057068 ], [ -105.055372, 40.056523 ], [ -105.055376, 40.056308 ], [ -105.055377, 40.055903 ], [ -105.055378, 40.055731 ] ], [ [ -105.055362, 40.065911 ], [ -105.052524, 40.065885 ], [ -105.051883, 40.065879 ], [ -105.050666, 40.065868 ], [ -105.049877, 40.065861 ], [ -105.049792, 40.065858 ], [ -105.049883, 40.065945 ], [ -105.050098, 40.066278 ], [ -105.050231, 40.066701 ], [ -105.050297, 40.066772 ], [ -105.050489, 40.066858 ], [ -105.050743, 40.066997 ], [ -105.050667, 40.067158 ], [ -105.050058, 40.067654 ], [ -105.050038, 40.067771 ], [ -105.050054, 40.067803 ], [ -105.049864, 40.068062 ], [ -105.04994, 40.06818 ], [ -105.050721, 40.068353 ], [ -105.051004, 40.068554 ], [ -105.05108, 40.068609 ], [ -105.051442, 40.068689 ], [ -105.051475, 40.068697 ], [ -105.051618, 40.068794 ], [ -105.051508, 40.069116 ], [ -105.051498, 40.069188 ], [ -105.051474, 40.069206 ], [ -105.051397, 40.06942 ], [ -105.05306, 40.070063 ], [ -105.052399, 40.070326 ], [ -105.052268, 40.07047 ], [ -105.05237, 40.070939 ], [ -105.052246, 40.071322 ], [ -105.051685, 40.072167 ], [ -105.051351, 40.072421 ], [ -105.051156, 40.072839 ], [ -105.051058, 40.072985 ], [ -105.051047, 40.073007 ], [ -105.052106, 40.073008 ], [ -105.052636, 40.073009 ], [ -105.049345, 40.078996 ], [ -105.049509, 40.07905 ], [ -105.049457, 40.079143 ], [ -105.049426, 40.079201 ], [ -105.049261, 40.079148 ], [ -105.048704, 40.079073 ], [ -105.047701, 40.078937 ], [ -105.047487, 40.078548 ], [ -105.047489, 40.078286 ], [ -105.047487, 40.078206 ], [ -105.047223, 40.077896 ], [ -105.046801, 40.078097 ], [ -105.046616, 40.078164 ], [ -105.046617, 40.078097 ], [ -105.046449, 40.07812 ], [ -105.045967, 40.078064 ], [ -105.045731, 40.078173 ], [ -105.045487, 40.078483 ], [ -105.045451, 40.078528 ], [ -105.04547, 40.078573 ], [ -105.045621, 40.078851 ], [ -105.045832, 40.079158 ], [ -105.045824, 40.079274 ], [ -105.045726, 40.079343 ], [ -105.046509, 40.080082 ], [ -105.046566, 40.080137 ], [ -105.046472, 40.083853 ], [ -105.04638, 40.087467 ], [ -105.0464, 40.087487 ], [ -105.046943, 40.087481 ], [ -105.05514, 40.087396 ], [ -105.055329, 40.087242 ], [ -105.05533, 40.080453 ], [ -105.05533, 40.079169 ], [ -105.055345, 40.075566 ], [ -105.055349, 40.070954 ], [ -105.055349, 40.069283 ], [ -105.055362, 40.065911 ] ], [ [ -105.052518, 40.05286 ], [ -105.052285, 40.052862 ], [ -105.052283, 40.053269 ], [ -105.052487, 40.053268 ], [ -105.052518, 40.05286 ] ], [ [ -105.051025, 40.056619 ], [ -105.050823, 40.056628 ], [ -105.050646, 40.056636 ], [ -105.050658, 40.056713 ], [ -105.050681, 40.056841 ], [ -105.050708, 40.056968 ], [ -105.050737, 40.057095 ], [ -105.050769, 40.057222 ], [ -105.050805, 40.057348 ], [ -105.050843, 40.057474 ], [ -105.050883, 40.057599 ], [ -105.050927, 40.057724 ], [ -105.050974, 40.057848 ], [ -105.051023, 40.057971 ], [ -105.051023, 40.05738 ], [ -105.051025, 40.056619 ] ], [ [ -105.046819, 40.054932 ], [ -105.046753, 40.054824 ], [ -105.04668, 40.054719 ], [ -105.0466, 40.054617 ], [ -105.046513, 40.054518 ], [ -105.046468, 40.054474 ], [ -105.046452, 40.054457 ], [ -105.04642, 40.054426 ], [ -105.046387, 40.054395 ], [ -105.046354, 40.054364 ], [ -105.04632, 40.054334 ], [ -105.046285, 40.054305 ], [ -105.04625, 40.054276 ], [ -105.046214, 40.054247 ], [ -105.046177, 40.054219 ], [ -105.04614, 40.054192 ], [ -105.046102, 40.054165 ], [ -105.046053, 40.054131 ], [ -105.045486, 40.053752 ], [ -105.045418, 40.053704 ], [ -105.045384, 40.053679 ], [ -105.045224, 40.053549 ], [ -105.045136, 40.053467 ], [ -105.045053, 40.053381 ], [ -105.044952, 40.053261 ], [ -105.044906, 40.053199 ], [ -105.044863, 40.053136 ], [ -105.044817, 40.053063 ], [ -105.04436, 40.052296 ], [ -105.044216, 40.052054 ], [ -105.04419, 40.052012 ], [ -105.044171, 40.051978 ], [ -105.044152, 40.051945 ], [ -105.044134, 40.051912 ], [ -105.044117, 40.051878 ], [ -105.044101, 40.051844 ], [ -105.044086, 40.051809 ], [ -105.04407, 40.051775 ], [ -105.044056, 40.05174 ], [ -105.044043, 40.051705 ], [ -105.044032, 40.051659 ], [ -105.043905, 40.051658 ], [ -105.043814, 40.051658 ], [ -105.043805, 40.052706 ], [ -105.043796, 40.052886 ], [ -105.042435, 40.052881 ], [ -105.042444, 40.052853 ], [ -105.04251, 40.052689 ], [ -105.042518, 40.052671 ], [ -105.042559, 40.052582 ], [ -105.0426, 40.052499 ], [ -105.042645, 40.052417 ], [ -105.042776, 40.052199 ], [ -105.042909, 40.052008 ], [ -105.043047, 40.051829 ], [ -105.043137, 40.051707 ], [ -105.043231, 40.051578 ], [ -105.043294, 40.051498 ], [ -105.043359, 40.05141 ], [ -105.043387, 40.051369 ], [ -105.043503, 40.051194 ], [ -105.043573, 40.051075 ], [ -105.04366, 40.050924 ], [ -105.043704, 40.050824 ], [ -105.043732, 40.050761 ], [ -105.04375, 40.050721 ], [ -105.043785, 40.050632 ], [ -105.043814, 40.05056 ], [ -105.043835, 40.050494 ], [ -105.043861, 40.050412 ], [ -105.043885, 40.050328 ], [ -105.043907, 40.050228 ], [ -105.043931, 40.050111 ], [ -105.04395, 40.050006 ], [ -105.04396, 40.049914 ], [ -105.04397, 40.049794 ], [ -105.043973, 40.049734 ], [ -105.043977, 40.049663 ], [ -105.043974, 40.049551 ], [ -105.04397, 40.049438 ], [ -105.043964, 40.049356 ], [ -105.043958, 40.049294 ], [ -105.043949, 40.049212 ], [ -105.043943, 40.049164 ], [ -105.043927, 40.049087 ], [ -105.043915, 40.049029 ], [ -105.043895, 40.048934 ], [ -105.04388, 40.048863 ], [ -105.043862, 40.048783 ], [ -105.043843, 40.048695 ], [ -105.043819, 40.04859 ], [ -105.043808, 40.048544 ], [ -105.043773, 40.048392 ], [ -105.043734, 40.048226 ], [ -105.043699, 40.048076 ], [ -105.043686, 40.048019 ], [ -105.043646, 40.047842 ], [ -105.043601, 40.047648 ], [ -105.043555, 40.047449 ], [ -105.043511, 40.047256 ], [ -105.043485, 40.047144 ], [ -105.043469, 40.047056 ], [ -105.043439, 40.046864 ], [ -105.043428, 40.04678 ], [ -105.043425, 40.046678 ], [ -105.043421, 40.046544 ], [ -105.043435, 40.046366 ], [ -105.043454, 40.046238 ], [ -105.043475, 40.046154 ], [ -105.043525, 40.045972 ], [ -105.043587, 40.045829 ], [ -105.043659, 40.045665 ], [ -105.043685, 40.045609 ], [ -105.043768, 40.04547 ], [ -105.043862, 40.045336 ], [ -105.04391, 40.045269 ], [ -105.043971, 40.045194 ], [ -105.044032, 40.045121 ], [ -105.044081, 40.045063 ], [ -105.04415, 40.044983 ], [ -105.044199, 40.044961 ], [ -105.043938, 40.04483 ], [ -105.043893, 40.044807 ], [ -105.043785, 40.044934 ], [ -105.04381, 40.044946 ], [ -105.043706, 40.045069 ], [ -105.043671, 40.045109 ], [ -105.043603, 40.04519 ], [ -105.043539, 40.045273 ], [ -105.043479, 40.045358 ], [ -105.043423, 40.045444 ], [ -105.04337, 40.045532 ], [ -105.043322, 40.045621 ], [ -105.043278, 40.045711 ], [ -105.043238, 40.045803 ], [ -105.043202, 40.045895 ], [ -105.04317, 40.045989 ], [ -105.043142, 40.046083 ], [ -105.043119, 40.046178 ], [ -105.0431, 40.046273 ], [ -105.043086, 40.046369 ], [ -105.043076, 40.046465 ], [ -105.04307, 40.046562 ], [ -105.043068, 40.046658 ], [ -105.043071, 40.046755 ], [ -105.043079, 40.046851 ], [ -105.043091, 40.046947 ], [ -105.043123, 40.047121 ], [ -105.043555, 40.049 ], [ -105.04358, 40.049122 ], [ -105.0436, 40.049244 ], [ -105.043614, 40.049367 ], [ -105.043622, 40.04949 ], [ -105.043625, 40.049614 ], [ -105.043622, 40.049737 ], [ -105.043614, 40.04986 ], [ -105.0436, 40.049983 ], [ -105.04358, 40.050106 ], [ -105.043541, 40.050288 ], [ -105.043507, 40.050409 ], [ -105.043468, 40.050529 ], [ -105.043424, 40.050647 ], [ -105.043375, 40.050764 ], [ -105.04332, 40.05088 ], [ -105.04326, 40.050995 ], [ -105.043195, 40.051107 ], [ -105.043124, 40.051218 ], [ -105.043018, 40.05137 ], [ -105.042567, 40.051975 ], [ -105.04247, 40.052117 ], [ -105.042379, 40.052261 ], [ -105.042285, 40.052401 ], [ -105.042218, 40.052557 ], [ -105.042147, 40.052708 ], [ -105.042083, 40.052861 ], [ -105.042004, 40.053083 ], [ -105.041642, 40.054207 ], [ -105.04156, 40.054483 ], [ -105.04149, 40.054762 ], [ -105.041433, 40.055042 ], [ -105.041388, 40.055323 ], [ -105.041357, 40.055605 ], [ -105.041338, 40.055888 ], [ -105.041333, 40.056172 ], [ -105.04134, 40.056455 ], [ -105.041349, 40.056597 ], [ -105.04137, 40.05684 ], [ -105.041476, 40.057802 ], [ -105.041489, 40.057953 ], [ -105.041496, 40.05815 ], [ -105.041496, 40.058179 ], [ -105.041495, 40.058255 ], [ -105.037328, 40.058273 ], [ -105.037073, 40.058276 ], [ -105.032102, 40.058312 ], [ -105.0276, 40.058352 ], [ -105.027602, 40.061382 ], [ -105.027576, 40.062689 ], [ -105.026437, 40.063623 ], [ -105.026343, 40.063698 ], [ -105.025848, 40.064051 ], [ -105.025482, 40.06427 ], [ -105.025292, 40.064372 ], [ -105.025196, 40.064421 ], [ -105.024696, 40.064646 ], [ -105.023958, 40.064903 ], [ -105.022958, 40.06513 ], [ -105.022223, 40.065214 ], [ -105.021924, 40.06523 ], [ -105.021804, 40.065234 ], [ -105.021689, 40.065236 ], [ -105.021567, 40.065236 ], [ -105.021461, 40.065236 ], [ -105.021345, 40.065234 ], [ -105.021229, 40.065229 ], [ -105.021113, 40.065224 ], [ -105.020993, 40.065216 ], [ -105.020819, 40.065203 ], [ -105.018297, 40.06498 ], [ -105.018007, 40.064951 ], [ -105.018002, 40.065116 ], [ -105.017998, 40.065252 ], [ -105.018525, 40.065278 ], [ -105.019176, 40.065336 ], [ -105.020784, 40.065478 ], [ -105.021027, 40.065496 ], [ -105.021393, 40.065511 ], [ -105.021759, 40.065512 ], [ -105.022125, 40.065498 ], [ -105.02249, 40.065469 ], [ -105.022731, 40.065441 ], [ -105.022971, 40.065407 ], [ -105.023328, 40.065344 ], [ -105.023681, 40.065267 ], [ -105.024027, 40.065176 ], [ -105.024321, 40.065085 ], [ -105.024367, 40.065071 ], [ -105.024808, 40.06491 ], [ -105.025073, 40.064804 ], [ -105.025338, 40.064676 ], [ -105.025642, 40.064519 ], [ -105.02603, 40.064291 ], [ -105.026396, 40.064043 ], [ -105.026697, 40.06381 ], [ -105.027098, 40.06348 ], [ -105.027226, 40.063376 ], [ -105.02757, 40.063094 ], [ -105.027569, 40.063116 ], [ -105.027545, 40.065638 ], [ -105.025107, 40.065666 ], [ -105.023901, 40.065684 ], [ -105.017987, 40.065689 ], [ -105.017854, 40.065684 ], [ -105.017866, 40.065242 ], [ -105.01787, 40.065083 ], [ -105.017922, 40.063139 ], [ -105.018048, 40.058353 ], [ -105.01807, 40.052434 ], [ -105.018072, 40.051843 ], [ -105.014319, 40.051854 ], [ -105.014446, 40.050333 ], [ -105.013583, 40.049652 ], [ -105.013409, 40.049653 ], [ -105.013377, 40.049345 ], [ -105.013387, 40.048426 ], [ -105.013435, 40.044019 ], [ -105.010408, 40.043989 ], [ -105.008663, 40.043993 ], [ -105.005638, 40.043996 ], [ -105.004135, 40.043998 ], [ -104.999257, 40.044001 ], [ -104.999259, 40.044111 ], [ -104.999248, 40.044969 ], [ -104.999254, 40.048405 ], [ -104.999273, 40.051872 ], [ -104.999297, 40.054798 ], [ -104.999281, 40.055132 ], [ -104.999273, 40.056742 ], [ -104.999284, 40.057164 ], [ -104.999242, 40.05754 ], [ -104.999187, 40.057977 ], [ -104.999176, 40.058067 ], [ -104.999172, 40.058127 ], [ -104.999158, 40.058333 ], [ -104.999153, 40.058407 ], [ -104.99913, 40.061011 ], [ -104.999117, 40.062221 ], [ -104.99911, 40.065645 ], [ -104.999109, 40.066568 ], [ -104.999049, 40.073032 ], [ -104.999144, 40.073032 ], [ -104.999476, 40.07303 ], [ -104.999799, 40.07303 ], [ -105.00392, 40.073035 ], [ -105.004258, 40.073037 ], [ -105.004707, 40.073034 ], [ -105.004956, 40.073034 ], [ -105.005095, 40.073034 ], [ -105.005508, 40.073035 ], [ -105.006198, 40.073041 ], [ -105.006956, 40.073044 ], [ -105.00781, 40.073047 ], [ -105.008587, 40.073045 ], [ -105.008625, 40.073045 ], [ -105.009937, 40.073043 ], [ -105.01262, 40.073049 ], [ -105.013688, 40.073045 ], [ -105.016692, 40.073042 ], [ -105.017808, 40.073041 ], [ -105.017781, 40.074777 ], [ -105.017777, 40.075385 ], [ -105.017768, 40.077192 ], [ -105.017736, 40.080839 ], [ -105.017699, 40.086705 ], [ -105.017701, 40.086874 ], [ -105.017696, 40.087095 ], [ -105.017735, 40.087095 ], [ -105.017978, 40.087095 ], [ -105.018381, 40.087088 ], [ -105.018494, 40.08709 ], [ -105.018586, 40.087093 ], [ -105.018619, 40.087094 ], [ -105.019937, 40.087115 ], [ -105.022699, 40.087196 ], [ -105.025007, 40.087302 ], [ -105.025172, 40.087318 ], [ -105.026528, 40.087392 ], [ -105.027115, 40.087408 ], [ -105.032095, 40.08755 ], [ -105.032253, 40.087555 ], [ -105.033201, 40.08758 ], [ -105.035959, 40.08766 ], [ -105.036505, 40.087684 ], [ -105.036829, 40.08768 ], [ -105.036918, 40.08768 ], [ -105.036922, 40.087535 ], [ -105.036832, 40.087532 ], [ -105.036919, 40.08468 ], [ -105.036944, 40.083782 ], [ -105.037007, 40.081628 ], [ -105.037055, 40.079979 ], [ -105.037058, 40.079874 ], [ -105.037072, 40.079517 ], [ -105.037106, 40.078169 ], [ -105.037126, 40.077416 ], [ -105.037249, 40.073015 ], [ -105.037357, 40.073016 ], [ -105.037464, 40.073016 ], [ -105.037438, 40.073938 ], [ -105.038831, 40.073937 ], [ -105.040395, 40.072996 ], [ -105.037471, 40.072995 ], [ -105.037472, 40.072964 ], [ -105.037475, 40.072865 ], [ -105.037362, 40.072863 ], [ -105.037191, 40.07286 ], [ -105.037192, 40.072762 ], [ -105.037237, 40.071228 ], [ -105.037335, 40.067709 ], [ -105.037346, 40.067337 ], [ -105.037358, 40.066963 ], [ -105.037362, 40.066889 ], [ -105.037395, 40.065658 ], [ -105.037396, 40.065462 ], [ -105.037564, 40.065467 ], [ -105.042063, 40.065522 ], [ -105.041787, 40.059854 ], [ -105.041784, 40.059802 ], [ -105.042239, 40.059434 ], [ -105.042354, 40.05934 ], [ -105.042444, 40.059269 ], [ -105.042636, 40.059083 ], [ -105.042743, 40.058979 ], [ -105.043359, 40.058384 ], [ -105.043477, 40.058269 ], [ -105.044507, 40.057282 ], [ -105.044995, 40.056813 ], [ -105.045042, 40.056771 ], [ -105.045102, 40.056719 ], [ -105.045178, 40.056662 ], [ -105.046525, 40.055687 ], [ -105.046976, 40.055269 ], [ -105.046819, 40.054932 ] ], [ [ -105.046078, 40.014896 ], [ -105.045751, 40.014894 ], [ -105.045749, 40.014948 ], [ -105.045753, 40.015223 ], [ -105.046081, 40.015224 ], [ -105.046078, 40.014896 ] ], [ [ -105.045755, 40.085147 ], [ -105.043573, 40.085153 ], [ -105.043653, 40.082356 ], [ -105.041804, 40.08224 ], [ -105.041772, 40.083423 ], [ -105.041709, 40.083422 ], [ -105.041613, 40.083421 ], [ -105.041371, 40.08428 ], [ -105.041085, 40.084724 ], [ -105.040785, 40.085177 ], [ -105.040408, 40.085757 ], [ -105.040176, 40.085903 ], [ -105.039972, 40.085957 ], [ -105.039733, 40.086094 ], [ -105.039234, 40.086605 ], [ -105.039029, 40.086934 ], [ -105.038829, 40.087097 ], [ -105.038083, 40.087615 ], [ -105.038544, 40.087586 ], [ -105.039023, 40.087559 ], [ -105.039502, 40.087538 ], [ -105.04011, 40.087522 ], [ -105.041565, 40.087512 ], [ -105.044214, 40.087506 ], [ -105.044319, 40.087505 ], [ -105.044325, 40.08749 ], [ -105.044569, 40.086921 ], [ -105.044784, 40.086632 ], [ -105.044992, 40.08634 ], [ -105.045193, 40.086046 ], [ -105.045387, 40.085749 ], [ -105.045575, 40.085449 ], [ -105.045755, 40.085147 ] ], [ [ -105.045144, 40.043989 ], [ -105.044738, 40.043984 ], [ -105.044695, 40.044019 ], [ -105.044395, 40.044305 ], [ -105.044232, 40.044459 ], [ -105.04419, 40.0445 ], [ -105.044393, 40.0446 ], [ -105.044479, 40.044643 ], [ -105.044677, 40.04442 ], [ -105.044762, 40.044331 ], [ -105.04484, 40.044249 ], [ -105.044917, 40.044174 ], [ -105.045092, 40.04403 ], [ -105.045144, 40.043989 ] ], [ [ -105.039203, 40.082566 ], [ -105.038931, 40.082346 ], [ -105.038127, 40.08166 ], [ -105.037614, 40.080867 ], [ -105.037587, 40.080731 ], [ -105.037614, 40.080571 ], [ -105.037632, 40.080462 ], [ -105.037587, 40.080405 ], [ -105.03753, 40.080337 ], [ -105.037269, 40.080008 ], [ -105.037222, 40.081627 ], [ -105.0372, 40.082388 ], [ -105.037165, 40.083579 ], [ -105.037137, 40.08452 ], [ -105.037892, 40.084142 ], [ -105.038047, 40.083984 ], [ -105.038217, 40.08362 ], [ -105.038405, 40.083457 ], [ -105.038937, 40.083226 ], [ -105.039093, 40.083076 ], [ -105.039231, 40.082706 ], [ -105.039203, 40.082566 ] ], [ [ -105.036966, 40.034883 ], [ -105.03695, 40.033878 ], [ -105.036936, 40.032862 ], [ -105.028061, 40.032912 ], [ -105.027712, 40.032914 ], [ -105.027674, 40.032918 ], [ -105.027669, 40.03383 ], [ -105.027663, 40.035014 ], [ -105.027657, 40.035772 ], [ -105.027652, 40.03653 ], [ -105.02772, 40.03653 ], [ -105.027953, 40.036528 ], [ -105.036972, 40.036485 ], [ -105.036966, 40.034883 ] ], [ [ -105.036671, 40.002993 ], [ -105.035452, 40.002989 ], [ -105.035453, 40.004081 ], [ -105.036673, 40.004088 ], [ -105.036671, 40.002993 ] ], [ [ -105.023375, 40.038145 ], [ -105.022087, 40.038368 ], [ -105.020704, 40.038586 ], [ -105.020711, 40.037549 ], [ -105.020718, 40.036585 ], [ -105.018469, 40.0366 ], [ -105.018357, 40.036601 ], [ -105.01835, 40.037578 ], [ -105.01835, 40.03928 ], [ -105.018428, 40.039266 ], [ -105.022087, 40.038636 ], [ -105.023434, 40.038409 ], [ -105.023375, 40.038145 ] ], [ [ -105.010336, 40.003086 ], [ -105.008931, 40.003074 ], [ -105.008796, 40.003073 ], [ -105.008405, 40.003069 ], [ -105.008353, 40.003069 ], [ -105.008314, 40.003078 ], [ -105.008303, 40.003083 ], [ -105.008284, 40.003095 ], [ -105.008263, 40.00312 ], [ -105.008255, 40.003152 ], [ -105.008269, 40.004123 ], [ -105.008413, 40.004123 ], [ -105.008543, 40.004124 ], [ -105.008543, 40.004254 ], [ -105.008944, 40.00426 ], [ -105.010331, 40.00426 ], [ -105.010336, 40.003086 ] ], [ [ -105.008653, 40.033116 ], [ -105.008646, 40.031011 ], [ -105.008642, 40.029465 ], [ -105.00864, 40.02942 ], [ -104.999393, 40.029479 ], [ -104.999243, 40.029479 ], [ -104.999227, 40.033181 ], [ -104.999217, 40.035848 ], [ -104.999224, 40.037189 ], [ -104.99923, 40.038181 ], [ -104.999234, 40.038238 ], [ -104.999376, 40.038152 ], [ -104.999468, 40.038096 ], [ -104.999552, 40.038049 ], [ -104.99964, 40.038007 ], [ -104.999733, 40.037971 ], [ -104.999829, 40.03794 ], [ -105.000029, 40.037896 ], [ -105.000111, 40.037886 ], [ -105.000345, 40.037863 ], [ -105.000483, 40.03785 ], [ -105.000734, 40.037826 ], [ -105.000934, 40.037807 ], [ -105.001045, 40.037799 ], [ -105.001267, 40.037798 ], [ -105.001378, 40.037805 ], [ -105.00156, 40.037821 ], [ -105.001934, 40.037854 ], [ -105.002253, 40.037879 ], [ -105.002375, 40.037881 ], [ -105.002498, 40.037877 ], [ -105.002619, 40.037868 ], [ -105.00274, 40.037853 ], [ -105.002881, 40.037828 ], [ -105.002958, 40.03781 ], [ -105.003032, 40.037786 ], [ -105.003102, 40.037756 ], [ -105.003168, 40.037722 ], [ -105.003233, 40.037684 ], [ -105.003285, 40.037649 ], [ -105.003332, 40.03761 ], [ -105.003373, 40.037568 ], [ -105.003406, 40.037522 ], [ -105.003433, 40.037473 ], [ -105.003452, 40.037423 ], [ -105.003462, 40.037371 ], [ -105.003502, 40.037079 ], [ -105.003507, 40.036984 ], [ -105.003516, 40.036738 ], [ -105.003529, 40.036311 ], [ -105.00354, 40.036022 ], [ -105.003543, 40.035962 ], [ -105.003557, 40.035838 ], [ -105.003578, 40.035715 ], [ -105.00364, 40.035456 ], [ -105.00367, 40.035344 ], [ -105.003706, 40.035233 ], [ -105.003746, 40.035123 ], [ -105.003777, 40.035045 ], [ -105.003805, 40.034985 ], [ -105.00384, 40.034927 ], [ -105.003883, 40.034873 ], [ -105.003933, 40.034821 ], [ -105.003989, 40.034774 ], [ -105.004052, 40.034731 ], [ -105.004116, 40.034694 ], [ -105.004191, 40.03466 ], [ -105.004357, 40.034593 ], [ -105.00446, 40.034544 ], [ -105.004528, 40.034511 ], [ -105.004567, 40.034488 ], [ -105.004596, 40.034468 ], [ -105.004635, 40.034436 ], [ -105.004684, 40.034384 ], [ -105.004725, 40.034336 ], [ -105.004778, 40.034275 ], [ -105.00484, 40.034202 ], [ -105.004889, 40.034146 ], [ -105.004934, 40.034099 ], [ -105.004986, 40.034056 ], [ -105.005043, 40.034017 ], [ -105.005128, 40.033974 ], [ -105.005173, 40.033955 ], [ -105.005244, 40.033932 ], [ -105.005346, 40.033904 ], [ -105.005464, 40.033871 ], [ -105.005562, 40.033844 ], [ -105.005665, 40.033816 ], [ -105.005821, 40.033773 ], [ -105.005931, 40.03374 ], [ -105.00596, 40.033732 ], [ -105.006001, 40.033718 ], [ -105.006086, 40.03369 ], [ -105.006167, 40.033659 ], [ -105.006258, 40.033624 ], [ -105.006377, 40.033573 ], [ -105.006453, 40.033538 ], [ -105.006526, 40.033502 ], [ -105.006601, 40.033466 ], [ -105.006779, 40.033378 ], [ -105.006848, 40.033344 ], [ -105.006915, 40.033312 ], [ -105.006954, 40.033295 ], [ -105.006978, 40.033286 ], [ -105.007024, 40.033269 ], [ -105.007088, 40.033252 ], [ -105.007164, 40.033239 ], [ -105.007246, 40.033226 ], [ -105.007326, 40.033214 ], [ -105.007433, 40.033198 ], [ -105.007532, 40.033183 ], [ -105.007603, 40.033174 ], [ -105.00775, 40.033175 ], [ -105.007809, 40.033185 ], [ -105.007924, 40.033219 ], [ -105.007984, 40.033237 ], [ -105.008041, 40.033255 ], [ -105.008105, 40.033272 ], [ -105.00819, 40.033289 ], [ -105.008277, 40.033301 ], [ -105.008364, 40.033306 ], [ -105.008452, 40.033305 ], [ -105.00854, 40.033298 ], [ -105.008626, 40.033285 ], [ -105.008654, 40.033279 ], [ -105.008653, 40.033116 ] ], [ [ -105.004143, 40.041678 ], [ -105.004064, 40.041672 ], [ -105.003979, 40.041672 ], [ -105.00387, 40.041678 ], [ -105.001991, 40.042041 ], [ -105.001172, 40.042186 ], [ -105.000979, 40.04221 ], [ -105.000827, 40.04221 ], [ -105.000603, 40.042204 ], [ -105.000452, 40.0422 ], [ -105.000262, 40.042157 ], [ -104.999895, 40.042073 ], [ -104.999253, 40.04185 ], [ -104.999254, 40.043825 ], [ -105.001414, 40.043838 ], [ -105.004135, 40.043856 ], [ -105.004161, 40.041744 ], [ -105.004143, 40.041678 ] ], [ [ -105.001061, 40.039754 ], [ -105.001056, 40.038524 ], [ -104.999254, 40.038529 ], [ -104.999273, 40.040395 ], [ -104.999336, 40.040395 ], [ -105.001064, 40.040391 ], [ -105.001061, 40.039754 ] ], [ [ -104.999127, 40.05526 ], [ -104.999117, 40.054786 ], [ -104.999103, 40.05189 ], [ -104.999115, 40.048393 ], [ -104.999082, 40.044854 ], [ -104.999084, 40.044001 ], [ -104.99871, 40.044002 ], [ -104.996452, 40.044005 ], [ -104.995144, 40.044007 ], [ -104.994432, 40.044008 ], [ -104.991046, 40.044012 ], [ -104.991003, 40.044012 ], [ -104.990989, 40.044802 ], [ -104.989606, 40.045226 ], [ -104.989588, 40.054786 ], [ -104.993131, 40.057557 ], [ -104.993315, 40.057697 ], [ -104.993504, 40.057832 ], [ -104.993698, 40.057964 ], [ -104.993897, 40.058092 ], [ -104.994101, 40.058215 ], [ -104.994316, 40.058334 ], [ -104.998965, 40.058335 ], [ -104.999052, 40.058335 ], [ -104.999104, 40.058335 ], [ -104.999103, 40.057964 ], [ -104.999103, 40.057362 ], [ -104.999133, 40.057141 ], [ -104.999127, 40.05526 ] ], [ [ -104.999072, 40.041793 ], [ -104.998692, 40.041591 ], [ -104.998706, 40.041785 ], [ -104.998712, 40.043834 ], [ -104.99908, 40.043837 ], [ -104.999072, 40.041793 ] ], [ [ -104.996417, 40.041548 ], [ -104.995134, 40.041557 ], [ -104.995141, 40.043828 ], [ -104.996452, 40.043839 ], [ -104.996417, 40.041548 ] ] ], [ [ [ -105.104693, 40.014492 ], [ -105.104688, 40.014549 ], [ -105.104645, 40.014549 ], [ -105.104395, 40.01455 ], [ -105.103805, 40.014551 ], [ -105.103791, 40.01455 ], [ -105.103764, 40.014548 ], [ -105.10375, 40.014548 ], [ -105.103736, 40.014547 ], [ -105.103721, 40.014546 ], [ -105.103704, 40.014544 ], [ -105.103668, 40.01454 ], [ -105.103656, 40.014538 ], [ -105.103643, 40.014536 ], [ -105.103615, 40.014531 ], [ -105.103602, 40.014528 ], [ -105.103588, 40.014525 ], [ -105.103553, 40.014516 ], [ -105.10354, 40.014513 ], [ -105.103527, 40.014509 ], [ -105.103505, 40.014502 ], [ -105.103485, 40.014496 ], [ -105.103474, 40.014491 ], [ -105.10346, 40.014486 ], [ -105.103439, 40.014478 ], [ -105.103426, 40.014472 ], [ -105.103404, 40.014462 ], [ -105.103394, 40.014457 ], [ -105.103371, 40.014446 ], [ -105.103339, 40.014428 ], [ -105.103314, 40.014413 ], [ -105.103281, 40.014391 ], [ -105.103265, 40.014378 ], [ -105.103247, 40.014364 ], [ -105.103238, 40.014357 ], [ -105.103222, 40.014343 ], [ -105.103205, 40.014327 ], [ -105.103189, 40.01431 ], [ -105.10316, 40.014278 ], [ -105.103114, 40.014254 ], [ -105.103103, 40.01338 ], [ -105.103103, 40.013286 ], [ -105.103103, 40.013147 ], [ -105.103118, 40.013164 ], [ -105.103201, 40.013195 ], [ -105.103612, 40.013387 ], [ -105.104736, 40.014 ], [ -105.104693, 40.014492 ] ] ] ] } },
{ "type": "Feature", "properties": { "GEOID": "0809280", "NAME": "Broomfield", "share_in_bvsd": 0.3180526160368391 }, "geometry": { "type": "MultiPolygon", "coordinates": [ [ [ [ -105.109178, 39.956566 ], [ -105.109178, 39.956804 ], [ -105.109179, 39.957103 ], [ -105.107908, 39.957495 ], [ -105.106674, 39.95783 ], [ -105.107376, 39.957828 ], [ -105.107374, 39.957915 ], [ -105.107371, 39.957966 ], [ -105.107365, 39.958101 ], [ -105.107343, 39.958103 ], [ -105.107135, 39.958122 ], [ -105.106758, 39.958159 ], [ -105.105264, 39.958431 ], [ -105.104326, 39.958584 ], [ -105.104256, 39.958596 ], [ -105.104232, 39.958599 ], [ -105.103871, 39.958648 ], [ -105.103852, 39.958651 ], [ -105.103493, 39.958694 ], [ -105.103124, 39.958734 ], [ -105.102843, 39.958761 ], [ -105.102763, 39.958769 ], [ -105.102408, 39.958798 ], [ -105.102368, 39.9588 ], [ -105.10206, 39.958822 ], [ -105.101718, 39.958841 ], [ -105.100931, 39.958866 ], [ -105.100757, 39.958872 ], [ -105.10052, 39.958892 ], [ -105.100374, 39.958899 ], [ -105.09996, 39.958979 ], [ -105.09996, 39.958798 ], [ -105.099962, 39.958438 ], [ -105.099962, 39.958283 ], [ -105.099961, 39.958133 ], [ -105.099964, 39.957994 ], [ -105.099965, 39.957855 ], [ -105.09984, 39.957857 ], [ -105.099305, 39.957863 ], [ -105.098953, 39.957863 ], [ -105.097555, 39.95786 ], [ -105.097262, 39.95786 ], [ -105.094895, 39.957867 ], [ -105.094002, 39.95787 ], [ -105.093466, 39.957872 ], [ -105.092521, 39.957875 ], [ -105.091931, 39.957877 ], [ -105.091389, 39.957879 ], [ -105.091264, 39.957859 ], [ -105.091149, 39.95784 ], [ -105.091025, 39.957803 ], [ -105.091025, 39.957785 ], [ -105.091024, 39.957767 ], [ -105.091024, 39.957718 ], [ -105.091101, 39.957718 ], [ -105.091351, 39.957718 ], [ -105.091526, 39.957718 ], [ -105.09178, 39.957718 ], [ -105.091928, 39.957717 ], [ -105.092147, 39.957718 ], [ -105.092523, 39.957718 ], [ -105.092991, 39.957718 ], [ -105.093463, 39.957718 ], [ -105.093994, 39.95772 ], [ -105.094889, 39.957718 ], [ -105.095396, 39.957718 ], [ -105.096128, 39.957718 ], [ -105.096222, 39.957718 ], [ -105.096767, 39.957714 ], [ -105.096839, 39.957715 ], [ -105.096873, 39.957715 ], [ -105.097271, 39.957691 ], [ -105.097722, 39.957664 ], [ -105.0978, 39.957664 ], [ -105.099845, 39.957651 ], [ -105.100143, 39.957651 ], [ -105.100266, 39.957651 ], [ -105.100562, 39.957649 ], [ -105.100937, 39.957648 ], [ -105.101352, 39.957646 ], [ -105.101465, 39.957646 ], [ -105.101692, 39.957645 ], [ -105.101816, 39.957644 ], [ -105.101846, 39.957643 ], [ -105.101924, 39.957638 ], [ -105.102059, 39.957631 ], [ -105.102247, 39.957621 ], [ -105.102461, 39.95761 ], [ -105.102556, 39.957605 ], [ -105.10268, 39.957598 ], [ -105.102789, 39.957592 ], [ -105.102851, 39.957592 ], [ -105.103053, 39.957578 ], [ -105.103253, 39.957567 ], [ -105.103404, 39.957559 ], [ -105.103631, 39.957547 ], [ -105.103729, 39.957541 ], [ -105.103757, 39.957538 ], [ -105.103919, 39.957515 ], [ -105.104018, 39.957501 ], [ -105.104183, 39.957476 ], [ -105.104294, 39.957458 ], [ -105.104398, 39.957442 ], [ -105.104416, 39.957439 ], [ -105.10446, 39.957432 ], [ -105.104634, 39.957403 ], [ -105.104779, 39.957378 ], [ -105.104943, 39.957347 ], [ -105.105052, 39.957327 ], [ -105.1052, 39.957299 ], [ -105.105366, 39.957266 ], [ -105.105549, 39.957227 ], [ -105.105804, 39.957174 ], [ -105.106609, 39.95698 ], [ -105.106729, 39.956951 ], [ -105.106953, 39.956889 ], [ -105.107476, 39.956743 ], [ -105.107671, 39.956686 ], [ -105.107694, 39.956679 ], [ -105.109065, 39.956252 ], [ -105.109179, 39.956214 ], [ -105.109178, 39.956566 ] ] ], [ [ [ -105.166056, 39.901768 ], [ -105.166034, 39.901768 ], [ -105.165937, 39.901769 ], [ -105.16589, 39.901769 ], [ -105.165625, 39.901774 ], [ -105.165627, 39.901889 ], [ -105.165658, 39.9044 ], [ -105.165658, 39.904417 ], [ -105.165658, 39.904437 ], [ -105.165658, 39.904453 ], [ -105.165659, 39.90447 ], [ -105.165659, 39.904503 ], [ -105.165659, 39.904518 ], [ -105.16566, 39.904612 ], [ -105.16566, 39.90465 ], [ -105.16566, 39.904667 ], [ -105.165661, 39.904759 ], [ -105.165683, 39.906683 ], [ -105.165678, 39.906857 ], [ -105.165673, 39.907068 ], [ -105.165682, 39.909656 ], [ -105.165682, 39.909835 ], [ -105.165689, 39.910503 ], [ -105.16569, 39.910515 ], [ -105.165367, 39.910645 ], [ -105.165277, 39.910678 ], [ -105.165098, 39.910715 ], [ -105.164641, 39.910833 ], [ -105.164391, 39.91091 ], [ -105.163161, 39.911242 ], [ -105.162846, 39.91131 ], [ -105.162493, 39.911369 ], [ -105.162057, 39.911434 ], [ -105.160996, 39.911462 ], [ -105.160175, 39.911472 ], [ -105.159584, 39.911462 ], [ -105.15941, 39.911467 ], [ -105.159009, 39.911496 ], [ -105.158458, 39.911596 ], [ -105.157268, 39.911948 ], [ -105.156872, 39.91205 ], [ -105.156407, 39.912173 ], [ -105.156065, 39.912273 ], [ -105.155762, 39.912365 ], [ -105.155324, 39.912501 ], [ -105.154706, 39.912682 ], [ -105.154396, 39.912761 ], [ -105.153313, 39.913039 ], [ -105.152972, 39.913086 ], [ -105.152417, 39.913136 ], [ -105.151237, 39.913169 ], [ -105.150446, 39.91324 ], [ -105.148487, 39.913723 ], [ -105.148399, 39.91375 ], [ -105.148198, 39.913714 ], [ -105.147967, 39.913744 ], [ -105.147808, 39.913766 ], [ -105.147509, 39.913802 ], [ -105.147439, 39.913812 ], [ -105.147342, 39.913824 ], [ -105.147267, 39.913833 ], [ -105.147161, 39.913847 ], [ -105.147142, 39.913849 ], [ -105.147143, 39.913889 ], [ -105.147141, 39.913936 ], [ -105.14714, 39.914001 ], [ -105.147135, 39.914098 ], [ -105.147134, 39.914146 ], [ -105.147126, 39.914787 ], [ -105.147124, 39.914942 ], [ -105.147088, 39.918027 ], [ -105.147034, 39.92267 ], [ -105.147005, 39.925215 ], [ -105.146996, 39.92671 ], [ -105.146988, 39.927352 ], [ -105.146987, 39.927473 ], [ -105.146989, 39.927761 ], [ -105.14699, 39.927837 ], [ -105.147003, 39.928109 ], [ -105.147006, 39.928184 ], [ -105.147011, 39.928275 ], [ -105.147024, 39.928614 ], [ -105.147035, 39.928816 ], [ -105.147041, 39.928938 ], [ -105.147015, 39.928938 ], [ -105.146805, 39.928937 ], [ -105.143875, 39.928931 ], [ -105.143251, 39.92893 ], [ -105.142523, 39.928929 ], [ -105.142428, 39.928929 ], [ -105.14235, 39.928929 ], [ -105.142258, 39.928929 ], [ -105.141848, 39.92893 ], [ -105.141792, 39.92893 ], [ -105.139722, 39.928935 ], [ -105.138894, 39.928935 ], [ -105.138625, 39.928935 ], [ -105.138407, 39.928938 ], [ -105.137604, 39.928931 ], [ -105.137631, 39.929825 ], [ -105.137618, 39.931499 ], [ -105.137585, 39.936112 ], [ -105.137578, 39.937109 ], [ -105.137598, 39.938867 ], [ -105.137601, 39.939063 ], [ -105.137603, 39.939249 ], [ -105.137593, 39.939443 ], [ -105.137592, 39.939543 ], [ -105.137579, 39.939688 ], [ -105.137578, 39.939712 ], [ -105.137531, 39.939713 ], [ -105.13751, 39.939713 ], [ -105.137324, 39.939711 ], [ -105.136726, 39.939705 ], [ -105.136419, 39.939702 ], [ -105.130814, 39.939645 ], [ -105.13016, 39.939638 ], [ -105.128165, 39.939618 ], [ -105.128163, 39.939824 ], [ -105.12816, 39.940399 ], [ -105.12816, 39.940534 ], [ -105.12816, 39.940795 ], [ -105.128161, 39.940899 ], [ -105.128141, 39.943255 ], [ -105.128141, 39.943276 ], [ -105.128116, 39.943276 ], [ -105.128069, 39.943276 ], [ -105.128052, 39.943276 ], [ -105.128042, 39.945405 ], [ -105.128041, 39.945765 ], [ -105.128035, 39.947483 ], [ -105.12803, 39.948874 ], [ -105.128028, 39.949561 ], [ -105.128027, 39.950319 ], [ -105.128031, 39.950453 ], [ -105.128029, 39.950535 ], [ -105.128024, 39.950764 ], [ -105.128022, 39.950972 ], [ -105.128016, 39.951678 ], [ -105.128011, 39.952379 ], [ -105.128005, 39.953696 ], [ -105.128002, 39.954173 ], [ -105.127597, 39.954173 ], [ -105.127317, 39.954172 ], [ -105.123746, 39.954163 ], [ -105.123684, 39.954163 ], [ -105.122239, 39.95416 ], [ -105.122141, 39.954166 ], [ -105.121943, 39.95416 ], [ -105.121846, 39.953897 ], [ -105.121258, 39.952389 ], [ -105.1212, 39.952241 ], [ -105.12116, 39.952138 ], [ -105.121117, 39.952163 ], [ -105.12098, 39.952243 ], [ -105.119567, 39.953068 ], [ -105.118672, 39.953553 ], [ -105.11795, 39.953944 ], [ -105.117094, 39.95433 ], [ -105.116505, 39.954622 ], [ -105.115643, 39.954984 ], [ -105.114389, 39.955458 ], [ -105.113311, 39.955818 ], [ -105.113183, 39.955858 ], [ -105.11188, 39.956264 ], [ -105.111657, 39.956333 ], [ -105.110587, 39.956667 ], [ -105.109517, 39.956996 ], [ -105.10952, 39.956807 ], [ -105.109521, 39.956698 ], [ -105.109525, 39.956586 ], [ -105.109528, 39.956457 ], [ -105.109537, 39.956105 ], [ -105.110948, 39.955666 ], [ -105.111751, 39.955416 ], [ -105.112798, 39.955089 ], [ -105.113353, 39.954908 ], [ -105.113654, 39.954809 ], [ -105.115972, 39.953907 ], [ -105.117096, 39.953387 ], [ -105.117109, 39.953381 ], [ -105.117603, 39.953117 ], [ -105.118688, 39.952536 ], [ -105.11892, 39.952412 ], [ -105.119727, 39.951941 ], [ -105.120649, 39.951402 ], [ -105.120837, 39.951293 ], [ -105.120648, 39.950857 ], [ -105.120531, 39.950587 ], [ -105.120532, 39.950568 ], [ -105.120514, 39.950527 ], [ -105.120324, 39.950524 ], [ -105.118782, 39.950516 ], [ -105.118597, 39.950516 ], [ -105.115419, 39.950539 ], [ -105.114428, 39.95053 ], [ -105.114378, 39.950537 ], [ -105.114048, 39.950541 ], [ -105.113487, 39.950546 ], [ -105.109333, 39.95064 ], [ -105.109322, 39.950485 ], [ -105.109321, 39.950401 ], [ -105.109321, 39.950391 ], [ -105.109321, 39.950379 ], [ -105.109321, 39.950363 ], [ -105.109321, 39.950341 ], [ -105.109321, 39.950311 ], [ -105.109321, 39.950264 ], [ -105.109321, 39.950183 ], [ -105.10932, 39.949529 ], [ -105.109323, 39.949235 ], [ -105.109323, 39.94922 ], [ -105.109323, 39.949194 ], [ -105.109323, 39.949137 ], [ -105.109323, 39.949082 ], [ -105.109323, 39.949032 ], [ -105.109323, 39.948989 ], [ -105.109323, 39.948953 ], [ -105.109323, 39.948924 ], [ -105.109323, 39.948834 ], [ -105.109327, 39.947889 ], [ -105.109327, 39.9478 ], [ -105.109328, 39.947658 ], [ -105.109328, 39.947569 ], [ -105.109329, 39.947478 ], [ -105.109329, 39.947465 ], [ -105.10933, 39.94721 ], [ -105.109352, 39.946282 ], [ -105.109353, 39.946244 ], [ -105.109354, 39.946216 ], [ -105.109358, 39.94605 ], [ -105.10936, 39.945571 ], [ -105.10936, 39.945481 ], [ -105.109361, 39.945185 ], [ -105.109363, 39.944725 ], [ -105.109357, 39.943889 ], [ -105.109353, 39.94339 ], [ -105.109353, 39.943336 ], [ -105.110092, 39.943339 ], [ -105.114054, 39.943356 ], [ -105.114164, 39.943355 ], [ -105.114349, 39.943334 ], [ -105.11724, 39.943317 ], [ -105.117456, 39.943314 ], [ -105.117665, 39.94332 ], [ -105.117689, 39.943322 ], [ -105.118529, 39.943323 ], [ -105.118562, 39.943323 ], [ -105.118557, 39.943213 ], [ -105.118562, 39.942818 ], [ -105.118601, 39.93991 ], [ -105.118594, 39.939267 ], [ -105.118595, 39.939168 ], [ -105.118596, 39.93899 ], [ -105.118597, 39.938849 ], [ -105.1186, 39.938526 ], [ -105.118603, 39.938019 ], [ -105.118605, 39.937673 ], [ -105.118608, 39.93732 ], [ -105.11861, 39.936957 ], [ -105.118613, 39.93659 ], [ -105.118615, 39.936226 ], [ -105.118617, 39.935959 ], [ -105.118618, 39.935741 ], [ -105.118619, 39.935681 ], [ -105.118541, 39.935532 ], [ -105.11844, 39.935346 ], [ -105.11833, 39.935143 ], [ -105.118287, 39.935063 ], [ -105.118257, 39.935007 ], [ -105.118338, 39.934855 ], [ -105.118412, 39.934719 ], [ -105.118503, 39.934549 ], [ -105.118606, 39.934358 ], [ -105.118713, 39.934159 ], [ -105.118753, 39.933844 ], [ -105.118751, 39.933797 ], [ -105.118774, 39.933796 ], [ -105.118711, 39.933333 ], [ -105.118678, 39.933107 ], [ -105.118657, 39.932965 ], [ -105.118299, 39.932722 ], [ -105.118265, 39.932699 ], [ -105.117657, 39.932285 ], [ -105.116981, 39.931825 ], [ -105.114673, 39.930255 ], [ -105.114484, 39.930126 ], [ -105.11448, 39.930109 ], [ -105.11447, 39.930074 ], [ -105.114459, 39.930039 ], [ -105.114447, 39.930005 ], [ -105.114425, 39.929954 ], [ -105.1144, 39.929904 ], [ -105.114371, 39.929855 ], [ -105.11434, 39.929808 ], [ -105.114312, 39.92977 ], [ -105.114062, 39.929245 ], [ -105.114018, 39.929152 ], [ -105.11394, 39.928989 ], [ -105.113788, 39.928671 ], [ -105.113762, 39.928615 ], [ -105.113726, 39.928585 ], [ -105.112811, 39.927848 ], [ -105.11225, 39.927405 ], [ -105.11184, 39.927081 ], [ -105.111055, 39.926542 ], [ -105.110989, 39.926496 ], [ -105.110941, 39.926463 ], [ -105.110582, 39.92623 ], [ -105.110532, 39.926198 ], [ -105.110522, 39.926191 ], [ -105.109414, 39.925475 ], [ -105.109414, 39.92549 ], [ -105.109414, 39.925514 ], [ -105.109412, 39.925641 ], [ -105.109409, 39.925859 ], [ -105.109406, 39.926101 ], [ -105.109406, 39.926114 ], [ -105.109404, 39.926195 ], [ -105.110894, 39.927071 ], [ -105.110946, 39.927108 ], [ -105.111004, 39.927149 ], [ -105.11106, 39.927191 ], [ -105.111125, 39.927242 ], [ -105.111179, 39.927285 ], [ -105.111233, 39.92733 ], [ -105.111286, 39.927376 ], [ -105.111323, 39.927409 ], [ -105.111389, 39.927471 ], [ -105.111439, 39.927519 ], [ -105.111489, 39.92757 ], [ -105.111535, 39.927619 ], [ -105.11158, 39.927669 ], [ -105.111626, 39.92772 ], [ -105.111672, 39.927776 ], [ -105.111715, 39.92783 ], [ -105.111757, 39.927884 ], [ -105.111796, 39.927938 ], [ -105.111835, 39.927994 ], [ -105.111873, 39.92805 ], [ -105.111907, 39.928105 ], [ -105.111942, 39.928161 ], [ -105.111974, 39.928217 ], [ -105.111985, 39.928238 ], [ -105.112011, 39.928284 ], [ -105.11204, 39.928343 ], [ -105.112075, 39.928415 ], [ -105.112107, 39.928487 ], [ -105.112202, 39.928622 ], [ -105.112531, 39.929248 ], [ -105.11325, 39.930656 ], [ -105.11327, 39.930699 ], [ -105.113288, 39.930738 ], [ -105.113306, 39.930782 ], [ -105.113321, 39.93082 ], [ -105.113338, 39.930866 ], [ -105.113353, 39.930911 ], [ -105.113366, 39.930951 ], [ -105.113378, 39.930993 ], [ -105.11339, 39.931039 ], [ -105.113399, 39.931077 ], [ -105.11341, 39.931127 ], [ -105.113418, 39.931168 ], [ -105.113425, 39.931209 ], [ -105.113432, 39.931251 ], [ -105.113437, 39.931292 ], [ -105.113442, 39.931345 ], [ -105.113446, 39.931399 ], [ -105.113448, 39.931432 ], [ -105.113449, 39.931472 ], [ -105.11345, 39.931514 ], [ -105.113449, 39.931563 ], [ -105.113448, 39.931609 ], [ -105.113437, 39.931733 ], [ -105.113432, 39.931779 ], [ -105.113426, 39.931819 ], [ -105.113419, 39.93186 ], [ -105.113406, 39.931925 ], [ -105.113398, 39.931961 ], [ -105.113387, 39.932005 ], [ -105.113378, 39.93204 ], [ -105.113365, 39.932084 ], [ -105.113352, 39.932125 ], [ -105.113339, 39.932163 ], [ -105.113324, 39.932205 ], [ -105.113311, 39.93224 ], [ -105.113296, 39.932278 ], [ -105.113273, 39.93233 ], [ -105.113253, 39.932374 ], [ -105.113236, 39.93241 ], [ -105.113218, 39.932445 ], [ -105.1132, 39.93248 ], [ -105.113174, 39.932526 ], [ -105.113148, 39.932571 ], [ -105.113127, 39.932606 ], [ -105.113105, 39.932641 ], [ -105.113082, 39.932676 ], [ -105.113055, 39.932715 ], [ -105.113027, 39.932755 ], [ -105.113002, 39.932788 ], [ -105.112975, 39.932823 ], [ -105.112945, 39.932861 ], [ -105.112917, 39.932895 ], [ -105.112883, 39.932934 ], [ -105.112856, 39.932965 ], [ -105.112824, 39.932999 ], [ -105.112793, 39.933033 ], [ -105.112768, 39.933058 ], [ -105.112727, 39.933099 ], [ -105.112691, 39.933133 ], [ -105.112658, 39.933164 ], [ -105.112636, 39.933183 ], [ -105.112599, 39.933215 ], [ -105.112576, 39.933235 ], [ -105.112501, 39.933296 ], [ -105.112445, 39.93334 ], [ -105.112393, 39.933378 ], [ -105.11234, 39.933416 ], [ -105.112296, 39.933447 ], [ -105.112005, 39.933633 ], [ -105.11135, 39.934045 ], [ -105.111123, 39.934189 ], [ -105.110937, 39.934306 ], [ -105.110792, 39.934399 ], [ -105.110287, 39.934726 ], [ -105.1099, 39.934982 ], [ -105.10951, 39.935232 ], [ -105.109235, 39.935408 ], [ -105.109235, 39.935538 ], [ -105.109235, 39.935768 ], [ -105.109236, 39.936135 ], [ -105.109038, 39.936134 ], [ -105.108382, 39.936134 ], [ -105.108145, 39.936133 ], [ -105.107417, 39.936127 ], [ -105.105697, 39.936113 ], [ -105.104657, 39.936104 ], [ -105.103743, 39.936093 ], [ -105.100014, 39.936047 ], [ -105.098692, 39.936051 ], [ -105.09759, 39.936054 ], [ -105.095033, 39.93606 ], [ -105.094593, 39.936061 ], [ -105.093876, 39.936059 ], [ -105.092406, 39.936055 ], [ -105.091312, 39.936052 ], [ -105.090925, 39.936051 ], [ -105.090853, 39.936051 ], [ -105.090855, 39.936177 ], [ -105.090854, 39.936386 ], [ -105.090851, 39.937836 ], [ -105.09083, 39.938827 ], [ -105.090813, 39.939249 ], [ -105.090858, 39.939248 ], [ -105.090976, 39.939248 ], [ -105.090978, 39.939914 ], [ -105.090979, 39.940035 ], [ -105.090979, 39.940059 ], [ -105.090938, 39.940058 ], [ -105.090938, 39.94007 ], [ -105.090938, 39.940688 ], [ -105.090938, 39.941421 ], [ -105.091098, 39.941424 ], [ -105.091072, 39.943281 ], [ -105.090526, 39.943282 ], [ -105.090297, 39.943283 ], [ -105.089747, 39.943285 ], [ -105.087232, 39.943294 ], [ -105.085952, 39.943298 ], [ -105.076637, 39.943329 ], [ -105.076636, 39.943432 ], [ -105.076611, 39.946002 ], [ -105.076606, 39.946491 ], [ -105.076582, 39.948972 ], [ -105.076579, 39.949215 ], [ -105.076568, 39.950538 ], [ -105.076104, 39.950536 ], [ -105.074604, 39.95052 ], [ -105.072652, 39.950288 ], [ -105.071899, 39.950198 ], [ -105.0719, 39.950228 ], [ -105.07192, 39.950585 ], [ -105.071946, 39.952929 ], [ -105.07197, 39.954922 ], [ -105.072002, 39.95767 ], [ -105.075561, 39.957718 ], [ -105.076523, 39.95773 ], [ -105.079736, 39.957763 ], [ -105.080028, 39.957766 ], [ -105.080953, 39.957775 ], [ -105.082525, 39.95779 ], [ -105.082599, 39.957791 ], [ -105.083117, 39.957796 ], [ -105.083117, 39.957914 ], [ -105.083118, 39.958269 ], [ -105.083353, 39.958351 ], [ -105.083588, 39.958413 ], [ -105.083845, 39.958459 ], [ -105.084126, 39.958487 ], [ -105.084216, 39.95849 ], [ -105.084439, 39.958489 ], [ -105.084798, 39.958457 ], [ -105.085237, 39.958362 ], [ -105.085319, 39.958337 ], [ -105.085401, 39.958311 ], [ -105.085909, 39.958155 ], [ -105.08627, 39.958043 ], [ -105.086693, 39.957913 ], [ -105.087295, 39.957918 ], [ -105.087742, 39.957923 ], [ -105.087824, 39.957924 ], [ -105.088231, 39.957928 ], [ -105.088237, 39.95803 ], [ -105.088613, 39.95803 ], [ -105.088695, 39.95803 ], [ -105.088693, 39.958424 ], [ -105.088104, 39.958422 ], [ -105.088104, 39.958443 ], [ -105.088038, 39.958443 ], [ -105.088037, 39.958685 ], [ -105.088036, 39.958856 ], [ -105.088032, 39.959644 ], [ -105.088031, 39.959753 ], [ -105.087747, 39.959751 ], [ -105.087525, 39.959748 ], [ -105.087464, 39.95996 ], [ -105.087215, 39.959989 ], [ -105.086851, 39.960029 ], [ -105.086374, 39.960083 ], [ -105.085845, 39.960159 ], [ -105.085708, 39.960176 ], [ -105.08532, 39.96023 ], [ -105.084581, 39.960336 ], [ -105.084027, 39.960454 ], [ -105.08203, 39.96085 ], [ -105.081205, 39.961068 ], [ -105.080023, 39.961452 ], [ -105.079891, 39.961518 ], [ -105.079803, 39.961565 ], [ -105.07889, 39.962054 ], [ -105.078812, 39.962107 ], [ -105.078632, 39.962182 ], [ -105.076572, 39.963608 ], [ -105.075704, 39.964332 ], [ -105.075551, 39.964468 ], [ -105.074746, 39.965211 ], [ -105.07397, 39.96592 ], [ -105.073794, 39.966089 ], [ -105.073563, 39.966302 ], [ -105.072036, 39.967711 ], [ -105.07189, 39.96785 ], [ -105.070769, 39.968879 ], [ -105.070611, 39.969021 ], [ -105.069611, 39.969857 ], [ -105.069016, 39.970289 ], [ -105.068389, 39.970723 ], [ -105.068065, 39.970932 ], [ -105.06742, 39.971289 ], [ -105.067304, 39.97138 ], [ -105.066889, 39.971624 ], [ -105.065671, 39.972242 ], [ -105.065137, 39.972485 ], [ -105.064926, 39.972577 ], [ -105.063683, 39.973101 ], [ -105.062974, 39.9734 ], [ -105.062415, 39.973635 ], [ -105.06208, 39.973777 ], [ -105.059887, 39.9747 ], [ -105.058553, 39.97526 ], [ -105.05447, 39.976968 ], [ -105.052797, 39.977674 ], [ -105.052794, 39.978581 ], [ -105.052793, 39.97879 ], [ -105.052792, 39.97938 ], [ -105.052792, 39.979489 ], [ -105.052774, 39.986398 ], [ -105.052774, 39.98654 ], [ -105.052822, 40.000122 ], [ -105.052823, 40.00026 ], [ -105.052809, 40.00026 ], [ -105.047106, 40.000264 ], [ -105.046237, 40.000265 ], [ -105.046232, 40.000466 ], [ -105.045897, 40.000466 ], [ -105.042292, 40.000469 ], [ -105.037172, 40.000473 ], [ -105.037067, 40.000467 ], [ -105.027557, 40.000472 ], [ -105.026568, 40.000472 ], [ -105.02239, 40.000473 ], [ -105.018231, 40.000475 ], [ -105.017772, 40.000475 ], [ -105.017653, 40.000475 ], [ -105.017356, 40.000475 ], [ -105.012559, 40.000478 ], [ -105.012032, 40.000478 ], [ -105.011655, 40.000478 ], [ -105.010346, 40.000478 ], [ -105.010297, 40.000478 ], [ -105.009038, 40.00048 ], [ -105.008905, 40.000486 ], [ -105.008402, 40.000483 ], [ -105.00801, 40.000483 ], [ -105.007906, 40.000483 ], [ -105.007929, 40.002536 ], [ -105.007932, 40.002908 ], [ -105.007933, 40.002987 ], [ -105.007954, 40.00578 ], [ -105.007999, 40.007455 ], [ -105.007995, 40.007581 ], [ -105.007975, 40.007581 ], [ -105.007959, 40.007581 ], [ -105.00755, 40.007583 ], [ -105.006238, 40.007589 ], [ -105.005744, 40.007592 ], [ -105.000321, 40.007619 ], [ -104.999082, 40.007648 ], [ -104.998528, 40.007646 ], [ -104.998486, 40.007646 ], [ -104.996945, 40.007653 ], [ -104.996885, 40.007653 ], [ -104.996858, 40.007653 ], [ -104.996822, 40.007654 ], [ -104.99681, 40.007654 ], [ -104.996779, 40.007654 ], [ -104.996716, 40.007654 ], [ -104.996653, 40.007654 ], [ -104.996609, 40.007654 ], [ -104.996576, 40.007654 ], [ -104.996551, 40.007654 ], [ -104.996532, 40.007654 ], [ -104.996517, 40.007654 ], [ -104.995974, 40.007651 ], [ -104.995175, 40.007656 ], [ -104.994335, 40.007655 ], [ -104.993513, 40.007658 ], [ -104.992009, 40.007666 ], [ -104.989819, 40.007681 ], [ -104.989727, 40.00768 ], [ -104.989647, 40.007679 ], [ -104.989645, 40.007971 ], [ -104.989614, 40.01489 ], [ -104.992735, 40.014899 ], [ -104.997215, 40.014887 ], [ -104.999065, 40.014887 ], [ -104.999073, 40.015907 ], [ -104.999073, 40.015939 ], [ -104.99907, 40.016131 ], [ -104.998841, 40.016375 ], [ -104.998678, 40.016543 ], [ -104.998569, 40.016638 ], [ -104.998449, 40.01671 ], [ -104.998288, 40.016826 ], [ -104.99819, 40.016902 ], [ -104.998111, 40.016984 ], [ -104.998019, 40.017108 ], [ -104.997982, 40.017167 ], [ -104.997953, 40.017234 ], [ -104.997923, 40.017301 ], [ -104.997862, 40.017428 ], [ -104.997805, 40.017509 ], [ -104.997751, 40.017622 ], [ -104.997712, 40.017706 ], [ -104.997686, 40.017762 ], [ -104.9976, 40.017881 ], [ -104.99751, 40.018096 ], [ -104.997406, 40.018196 ], [ -104.99729, 40.018282 ], [ -104.997204, 40.018334 ], [ -104.997046, 40.01841 ], [ -104.996936, 40.018473 ], [ -104.996905, 40.018492 ], [ -104.996872, 40.018528 ], [ -104.996749, 40.018676 ], [ -104.996648, 40.018798 ], [ -104.996568, 40.018919 ], [ -104.996488, 40.01904 ], [ -104.996436, 40.019086 ], [ -104.996313, 40.019196 ], [ -104.99625, 40.019304 ], [ -104.996176, 40.019432 ], [ -104.995983, 40.019896 ], [ -104.995966, 40.019934 ], [ -104.995792, 40.020361 ], [ -104.996038, 40.020556 ], [ -104.997162, 40.020582 ], [ -104.997292, 40.020584 ], [ -104.997459, 40.020594 ], [ -104.997509, 40.020598 ], [ -104.997996, 40.020594 ], [ -104.999013, 40.020627 ], [ -104.999015, 40.020938 ], [ -104.998997, 40.020938 ], [ -104.998628, 40.020937 ], [ -104.998592, 40.020938 ], [ -104.998504, 40.020912 ], [ -104.998451, 40.020897 ], [ -104.998241, 40.020855 ], [ -104.99803, 40.020813 ], [ -104.997422, 40.020816 ], [ -104.996784, 40.02082 ], [ -104.996769, 40.02095 ], [ -104.996753, 40.022423 ], [ -104.996742, 40.023509 ], [ -104.997354, 40.023511 ], [ -104.997537, 40.02351 ], [ -104.999005, 40.023509 ], [ -104.999005, 40.023996 ], [ -104.999007, 40.025776 ], [ -104.998978, 40.025775 ], [ -104.998661, 40.025777 ], [ -104.99523, 40.025783 ], [ -104.994721, 40.025786 ], [ -104.994552, 40.025785 ], [ -104.994333, 40.025785 ], [ -104.990261, 40.025792 ], [ -104.989519, 40.025793 ], [ -104.988401, 40.025796 ], [ -104.986543, 40.025799 ], [ -104.986538, 40.026 ], [ -104.98652, 40.027895 ], [ -104.986523, 40.028536 ], [ -104.986482, 40.028536 ], [ -104.9865, 40.029309 ], [ -104.981529, 40.029319 ], [ -104.98141, 40.029319 ], [ -104.980986, 40.029321 ], [ -104.980853, 40.029322 ], [ -104.98063, 40.029323 ], [ -104.980433, 40.029324 ], [ -104.980331, 40.029324 ], [ -104.980063, 40.029325 ], [ -104.980048, 40.029411 ], [ -104.980049, 40.029647 ], [ -104.980051, 40.029704 ], [ -104.980071, 40.03042 ], [ -104.980072, 40.031203 ], [ -104.980059, 40.03242 ], [ -104.980058, 40.032708 ], [ -104.980058, 40.032882 ], [ -104.980054, 40.035048 ], [ -104.980054, 40.035136 ], [ -104.980054, 40.035179 ], [ -104.980051, 40.036828 ], [ -104.98005, 40.037516 ], [ -104.980048, 40.038342 ], [ -104.980047, 40.038969 ], [ -104.980046, 40.039173 ], [ -104.980044, 40.03956 ], [ -104.980041, 40.040316 ], [ -104.979927, 40.040313 ], [ -104.979915, 40.041297 ], [ -104.979905, 40.042111 ], [ -104.979447, 40.043249 ], [ -104.979242, 40.043758 ], [ -104.978526, 40.043888 ], [ -104.976974, 40.043911 ], [ -104.976439, 40.043919 ], [ -104.973947, 40.043956 ], [ -104.970727, 40.044001 ], [ -104.967252, 40.04405 ], [ -104.961157, 40.044144 ], [ -104.961071, 40.044144 ], [ -104.961076, 40.043689 ], [ -104.961099, 40.041768 ], [ -104.961111, 40.040967 ], [ -104.961115, 40.040726 ], [ -104.961116, 40.040625 ], [ -104.961156, 40.03799 ], [ -104.961173, 40.036846 ], [ -104.961175, 40.036744 ], [ -104.961211, 40.034565 ], [ -104.961242, 40.032687 ], [ -104.961257, 40.029459 ], [ -104.961285, 40.023642 ], [ -104.961292, 40.022061 ], [ -104.961325, 40.015151 ], [ -104.96132, 40.014982 ], [ -104.961483, 40.014979 ], [ -104.961484, 40.014888 ], [ -104.961494, 40.013847 ], [ -104.961496, 40.013604 ], [ -104.96152, 40.011188 ], [ -104.961522, 40.010347 ], [ -104.961536, 40.003432 ], [ -104.961537, 40.002657 ], [ -104.961538, 40.000404 ], [ -104.961405, 40.000419 ], [ -104.961405, 40.0004 ], [ -104.961405, 40.000337 ], [ -104.964325, 40.000331 ], [ -104.964743, 40.00033 ], [ -104.965003, 40.00033 ], [ -104.966143, 40.000329 ], [ -104.966537, 40.000329 ], [ -104.970168, 40.000327 ], [ -104.970849, 40.000326 ], [ -104.970862, 40.000326 ], [ -104.971379, 40.000326 ], [ -104.975509, 40.000332 ], [ -104.97571, 40.000322 ], [ -104.978217, 40.000322 ], [ -104.97847, 40.00033 ], [ -104.978879, 40.000327 ], [ -104.979643, 40.000327 ], [ -104.980219, 40.000327 ], [ -104.980732, 40.000324 ], [ -104.980793, 40.000324 ], [ -104.980944, 40.000325 ], [ -104.980959, 40.000239 ], [ -104.981026, 40.000015 ], [ -104.981208, 39.999499 ], [ -104.981607, 39.998657 ], [ -104.981727, 39.998431 ], [ -104.981779, 39.998334 ], [ -104.982443, 39.99709 ], [ -104.983329, 39.995464 ], [ -104.984213, 39.993853 ], [ -104.9843, 39.993691 ], [ -104.984723, 39.992914 ], [ -104.985087, 39.992248 ], [ -104.985326, 39.991786 ], [ -104.985954, 39.990634 ], [ -104.986079, 39.990421 ], [ -104.986331, 39.989961 ], [ -104.986768, 39.989107 ], [ -104.986848, 39.988934 ], [ -104.987052, 39.988529 ], [ -104.987486, 39.987445 ], [ -104.987581, 39.987113 ], [ -104.987594, 39.987062 ], [ -104.987716, 39.986619 ], [ -104.987746, 39.986483 ], [ -104.987747, 39.985944 ], [ -104.987757, 39.982868 ], [ -104.987763, 39.98165 ], [ -104.987762, 39.981573 ], [ -104.987762, 39.981534 ], [ -104.987762, 39.981434 ], [ -104.987763, 39.98123 ], [ -104.987764, 39.981151 ], [ -104.987766, 39.980882 ], [ -104.987766, 39.979354 ], [ -104.987785, 39.976003 ], [ -104.987784, 39.975807 ], [ -104.987784, 39.975746 ], [ -104.988023, 39.975752 ], [ -104.98811, 39.975747 ], [ -104.988192, 39.975748 ], [ -104.988303, 39.975748 ], [ -104.990096, 39.975766 ], [ -104.992623, 39.975787 ], [ -104.992636, 39.975787 ], [ -104.992652, 39.975787 ], [ -104.993444, 39.975794 ], [ -104.993696, 39.975797 ], [ -104.994356, 39.975803 ], [ -104.994376, 39.975803 ], [ -104.994391, 39.975803 ], [ -104.994411, 39.975803 ], [ -104.994411, 39.975768 ], [ -104.994395, 39.974847 ], [ -104.994381, 39.973984 ], [ -104.99438, 39.973953 ], [ -104.994677, 39.973955 ], [ -104.99708, 39.973954 ], [ -104.997079, 39.973918 ], [ -104.997079, 39.97384 ], [ -104.997065, 39.972149 ], [ -104.996967, 39.972147 ], [ -104.996905, 39.972146 ], [ -104.996212, 39.972135 ], [ -104.996199, 39.972135 ], [ -104.995519, 39.972125 ], [ -104.994995, 39.97212 ], [ -104.994994, 39.972148 ], [ -104.994995, 39.972221 ], [ -104.994736, 39.97222 ], [ -104.992459, 39.972204 ], [ -104.992438, 39.972203 ], [ -104.990929, 39.972194 ], [ -104.990134, 39.97219 ], [ -104.990036, 39.972189 ], [ -104.988174, 39.972176 ], [ -104.988108, 39.972175 ], [ -104.988108, 39.972011 ], [ -104.988108, 39.971849 ], [ -104.988108, 39.968468 ], [ -104.988159, 39.968466 ], [ -104.996941, 39.968527 ], [ -104.997118, 39.968528 ], [ -104.997166, 39.968529 ], [ -104.99725, 39.968529 ], [ -104.997255, 39.969219 ], [ -104.997256, 39.969356 ], [ -104.99726, 39.969732 ], [ -104.997262, 39.970075 ], [ -104.997278, 39.972071 ], [ -104.997349, 39.972071 ], [ -104.99735, 39.972151 ], [ -104.99735, 39.972179 ], [ -104.99735, 39.972199 ], [ -104.99735, 39.972212 ], [ -104.99735, 39.972229 ], [ -104.997351, 39.972276 ], [ -104.997351, 39.972293 ], [ -104.997354, 39.972674 ], [ -104.997356, 39.972937 ], [ -104.997357, 39.973166 ], [ -104.997363, 39.973842 ], [ -104.997365, 39.974219 ], [ -104.997369, 39.974807 ], [ -104.997379, 39.975785 ], [ -104.998389, 39.975805 ], [ -104.998335, 39.976284 ], [ -104.998404, 39.977586 ], [ -104.999328, 39.977581 ], [ -104.999474, 39.977582 ], [ -104.999476, 39.978416 ], [ -104.999378, 39.978416 ], [ -104.997398, 39.97842 ], [ -104.997408, 39.979409 ], [ -104.997423, 39.981213 ], [ -105.000787, 39.981235 ], [ -105.006233, 39.981263 ], [ -105.0066, 39.981265 ], [ -105.006963, 39.981267 ], [ -105.014036, 39.981203 ], [ -105.015165, 39.981193 ], [ -105.015845, 39.981193 ], [ -105.01581, 39.979868 ], [ -105.015801, 39.979437 ], [ -105.0158, 39.979017 ], [ -105.015796, 39.978498 ], [ -105.015782, 39.977222 ], [ -105.015778, 39.976749 ], [ -105.015772, 39.976029 ], [ -105.015772, 39.976006 ], [ -105.015764, 39.974986 ], [ -105.015741, 39.973252 ], [ -105.015741, 39.973216 ], [ -105.015722, 39.972276 ], [ -105.015225, 39.97227 ], [ -105.015208, 39.972262 ], [ -105.014461, 39.972268 ], [ -105.014446, 39.972268 ], [ -105.013409, 39.972265 ], [ -105.013404, 39.972224 ], [ -105.013404, 39.97217 ], [ -105.013404, 39.972152 ], [ -105.013411, 39.97128 ], [ -105.013412, 39.971116 ], [ -105.013417, 39.970465 ], [ -105.013423, 39.970448 ], [ -105.015691, 39.970437 ], [ -105.015689, 39.970295 ], [ -105.015672, 39.969273 ], [ -105.015671, 39.969206 ], [ -105.015671, 39.969196 ], [ -105.01567, 39.969174 ], [ -105.01567, 39.969156 ], [ -105.015667, 39.968986 ], [ -105.015667, 39.968938 ], [ -105.015666, 39.968677 ], [ -105.015665, 39.968449 ], [ -105.015665, 39.968251 ], [ -105.015666, 39.968086 ], [ -105.015669, 39.967365 ], [ -105.01567, 39.967161 ], [ -105.015672, 39.96677 ], [ -105.015672, 39.966382 ], [ -105.015672, 39.965802 ], [ -105.015672, 39.965643 ], [ -105.015671, 39.963054 ], [ -105.015666, 39.962872 ], [ -105.015666, 39.962852 ], [ -105.015666, 39.96283 ], [ -105.015666, 39.962807 ], [ -105.015666, 39.962782 ], [ -105.015666, 39.962756 ], [ -105.015666, 39.962728 ], [ -105.015666, 39.962698 ], [ -105.015666, 39.962667 ], [ -105.015666, 39.962635 ], [ -105.015666, 39.962602 ], [ -105.015666, 39.962568 ], [ -105.015666, 39.962534 ], [ -105.015666, 39.9625 ], [ -105.015666, 39.962466 ], [ -105.015666, 39.962432 ], [ -105.015666, 39.962399 ], [ -105.015666, 39.962367 ], [ -105.015666, 39.962336 ], [ -105.015666, 39.962306 ], [ -105.015666, 39.962277 ], [ -105.015666, 39.96225 ], [ -105.015666, 39.962224 ], [ -105.015666, 39.9622 ], [ -105.015666, 39.962178 ], [ -105.015666, 39.962157 ], [ -105.015666, 39.962138 ], [ -105.015666, 39.96212 ], [ -105.015666, 39.962104 ], [ -105.015666, 39.962089 ], [ -105.015666, 39.962076 ], [ -105.015666, 39.962064 ], [ -105.015666, 39.962053 ], [ -105.015666, 39.962026 ], [ -105.015664, 39.961657 ], [ -105.015663, 39.961493 ], [ -105.015663, 39.961437 ], [ -105.015663, 39.961416 ], [ -105.015658, 39.960363 ], [ -105.015657, 39.960205 ], [ -105.015655, 39.959877 ], [ -105.015653, 39.957889 ], [ -105.015653, 39.957724 ], [ -105.015648, 39.956966 ], [ -105.015649, 39.956933 ], [ -105.015653, 39.956828 ], [ -105.01568, 39.956665 ], [ -105.015565, 39.955188 ], [ -105.015816, 39.954864 ], [ -105.01641, 39.954101 ], [ -105.016835, 39.953117 ], [ -105.016856, 39.952842 ], [ -105.016609, 39.952538 ], [ -105.015942, 39.952012 ], [ -105.015745, 39.951877 ], [ -105.015665, 39.951803 ], [ -105.015537, 39.951687 ], [ -105.01554, 39.951644 ], [ -105.015069, 39.951413 ], [ -105.014518, 39.951142 ], [ -105.013279, 39.950559 ], [ -105.012533, 39.950344 ], [ -105.012458, 39.950395 ], [ -105.012407, 39.950429 ], [ -105.011416, 39.95104 ], [ -105.010995, 39.951344 ], [ -105.010994, 39.95123 ], [ -105.010992, 39.950474 ], [ -105.010922, 39.950474 ], [ -105.00726, 39.95045 ], [ -105.006298, 39.950439 ], [ -105.006265, 39.946805 ], [ -105.00619, 39.946804 ], [ -105.002601, 39.946791 ], [ -105.001843, 39.946789 ], [ -104.999606, 39.94678 ], [ -104.998113, 39.946774 ], [ -104.998054, 39.946774 ], [ -104.997056, 39.946772 ], [ -104.99705, 39.946231 ], [ -104.997025, 39.943239 ], [ -104.999396, 39.943219 ], [ -105.000481, 39.943206 ], [ -105.001218, 39.943198 ], [ -105.003057, 39.94318 ], [ -105.003169, 39.943179 ], [ -105.003664, 39.943174 ], [ -105.004952, 39.943164 ], [ -105.005056, 39.943163 ], [ -105.005074, 39.943163 ], [ -105.005185, 39.943164 ], [ -105.006254, 39.943168 ], [ -105.006805, 39.94317 ], [ -105.006868, 39.94317 ], [ -105.006925, 39.943171 ], [ -105.008398, 39.943167 ], [ -105.008689, 39.943167 ], [ -105.008727, 39.943167 ], [ -105.008743, 39.943167 ], [ -105.008764, 39.943167 ], [ -105.00954, 39.943157 ], [ -105.009574, 39.943157 ], [ -105.009763, 39.943153 ], [ -105.009793, 39.943154 ], [ -105.009978, 39.943152 ], [ -105.010437, 39.943151 ], [ -105.011746, 39.943148 ], [ -105.012159, 39.943142 ], [ -105.013039, 39.94313 ], [ -105.013519, 39.943128 ], [ -105.013531, 39.943128 ], [ -105.01487, 39.943123 ], [ -105.015483, 39.943132 ], [ -105.015559, 39.943132 ], [ -105.015612, 39.943131 ], [ -105.015657, 39.943131 ], [ -105.015657, 39.943093 ], [ -105.015658, 39.942942 ], [ -105.015659, 39.942749 ], [ -105.015655, 39.9424 ], [ -105.015645, 39.941031 ], [ -105.015619, 39.939769 ], [ -105.015582, 39.937895 ], [ -105.015586, 39.937276 ], [ -105.015554, 39.93596 ], [ -105.015524, 39.933866 ], [ -105.015524, 39.933468 ], [ -105.015524, 39.933421 ], [ -105.015521, 39.933185 ], [ -105.015538, 39.931981 ], [ -105.015528, 39.931838 ], [ -105.015523, 39.931302 ], [ -105.015499, 39.929274 ], [ -105.015491, 39.928544 ], [ -105.015488, 39.928426 ], [ -105.015511, 39.92715 ], [ -105.015543, 39.92542 ], [ -105.015542, 39.925362 ], [ -105.015539, 39.925253 ], [ -105.015537, 39.925167 ], [ -105.015535, 39.925104 ], [ -105.015535, 39.925034 ], [ -105.015536, 39.92491 ], [ -105.015537, 39.924855 ], [ -105.0155, 39.922942 ], [ -105.015493, 39.922619 ], [ -105.015484, 39.92218 ], [ -105.015474, 39.921552 ], [ -105.015469, 39.921402 ], [ -105.015469, 39.921309 ], [ -105.019923, 39.92134 ], [ -105.020698, 39.921349 ], [ -105.021139, 39.921353 ], [ -105.02149, 39.921358 ], [ -105.021536, 39.921359 ], [ -105.021536, 39.92127 ], [ -105.021537, 39.91944 ], [ -105.021537, 39.919207 ], [ -105.021552, 39.919207 ], [ -105.023068, 39.919221 ], [ -105.023545, 39.919225 ], [ -105.023546, 39.919809 ], [ -105.023551, 39.921248 ], [ -105.023548, 39.921317 ], [ -105.023673, 39.921318 ], [ -105.023996, 39.921321 ], [ -105.024249, 39.921322 ], [ -105.024404, 39.921323 ], [ -105.024729, 39.921322 ], [ -105.024842, 39.92132 ], [ -105.024943, 39.921323 ], [ -105.025001, 39.921324 ], [ -105.027041, 39.921337 ], [ -105.027659, 39.921338 ], [ -105.028497, 39.921345 ], [ -105.029306, 39.921351 ], [ -105.030083, 39.921357 ], [ -105.031658, 39.921368 ], [ -105.033225, 39.92138 ], [ -105.03375, 39.921384 ], [ -105.033925, 39.92139 ], [ -105.034221, 39.921388 ], [ -105.0344, 39.921371 ], [ -105.034395, 39.921305 ], [ -105.034389, 39.921224 ], [ -105.034392, 39.921155 ], [ -105.034404, 39.920888 ], [ -105.034405, 39.920805 ], [ -105.034411, 39.920471 ], [ -105.034409, 39.920221 ], [ -105.034406, 39.919492 ], [ -105.034405, 39.919288 ], [ -105.034405, 39.919181 ], [ -105.034403, 39.917579 ], [ -105.034403, 39.917537 ], [ -105.034383, 39.917107 ], [ -105.034363, 39.916569 ], [ -105.034362, 39.915622 ], [ -105.034362, 39.915428 ], [ -105.034347, 39.914181 ], [ -105.035888, 39.914185 ], [ -105.038828, 39.914194 ], [ -105.03907, 39.914195 ], [ -105.04141, 39.914202 ], [ -105.041736, 39.914204 ], [ -105.041978, 39.914205 ], [ -105.042992, 39.914208 ], [ -105.043478, 39.914209 ], [ -105.043688, 39.91421 ], [ -105.04378, 39.914211 ], [ -105.043844, 39.914211 ], [ -105.043974, 39.914211 ], [ -105.044107, 39.914212 ], [ -105.044184, 39.914212 ], [ -105.044385, 39.914212 ], [ -105.044561, 39.914213 ], [ -105.046209, 39.914219 ], [ -105.046441, 39.91422 ], [ -105.047715, 39.914227 ], [ -105.048234, 39.914218 ], [ -105.048362, 39.914216 ], [ -105.048544, 39.914214 ], [ -105.048698, 39.914216 ], [ -105.04876, 39.914217 ], [ -105.049654, 39.914218 ], [ -105.052892, 39.914224 ], [ -105.052957, 39.914224 ], [ -105.052971, 39.914224 ], [ -105.052975, 39.914077 ], [ -105.052979, 39.913795 ], [ -105.052979, 39.913722 ], [ -105.053131, 39.913721 ], [ -105.055047, 39.913725 ], [ -105.055319, 39.913725 ], [ -105.055294, 39.912426 ], [ -105.057676, 39.912429 ], [ -105.057675, 39.912897 ], [ -105.057676, 39.913702 ], [ -105.057799, 39.9137 ], [ -105.058835, 39.913688 ], [ -105.058864, 39.913687 ], [ -105.058857, 39.912912 ], [ -105.058861, 39.912438 ], [ -105.060042, 39.912453 ], [ -105.060043, 39.912931 ], [ -105.060042, 39.913977 ], [ -105.060552, 39.913981 ], [ -105.061936, 39.913986 ], [ -105.061998, 39.913986 ], [ -105.062244, 39.913989 ], [ -105.062384, 39.913987 ], [ -105.062386, 39.913821 ], [ -105.062385, 39.913008 ], [ -105.062386, 39.912528 ], [ -105.062386, 39.91159 ], [ -105.062388, 39.910749 ], [ -105.06239, 39.909373 ], [ -105.062391, 39.908805 ], [ -105.062392, 39.907654 ], [ -105.062392, 39.907311 ], [ -105.062393, 39.907097 ], [ -105.062392, 39.907025 ], [ -105.063108, 39.907031 ], [ -105.065522, 39.907052 ], [ -105.066028, 39.907049 ], [ -105.071355, 39.90702 ], [ -105.071775, 39.907018 ], [ -105.071771, 39.906667 ], [ -105.071762, 39.905592 ], [ -105.071755, 39.904585 ], [ -105.07175, 39.904215 ], [ -105.07175, 39.904038 ], [ -105.071695, 39.904039 ], [ -105.07168, 39.903816 ], [ -105.071678, 39.902414 ], [ -105.071683, 39.901649 ], [ -105.071688, 39.899846 ], [ -105.071688, 39.899832 ], [ -105.071713, 39.899833 ], [ -105.072169, 39.899836 ], [ -105.07229, 39.899837 ], [ -105.072311, 39.899836 ], [ -105.072818, 39.89982 ], [ -105.073391, 39.899802 ], [ -105.073916, 39.899785 ], [ -105.074379, 39.89978 ], [ -105.076973, 39.8998 ], [ -105.077524, 39.899813 ], [ -105.078843, 39.899823 ], [ -105.08025, 39.899819 ], [ -105.080424, 39.899819 ], [ -105.081055, 39.899821 ], [ -105.081151, 39.899821 ], [ -105.08203, 39.899826 ], [ -105.084085, 39.899837 ], [ -105.08423, 39.899837 ], [ -105.08423, 39.899765 ], [ -105.084285, 39.898957 ], [ -105.085507, 39.898949 ], [ -105.087428, 39.898936 ], [ -105.089624, 39.898932 ], [ -105.09009, 39.898914 ], [ -105.090347, 39.898911 ], [ -105.090383, 39.898911 ], [ -105.090471, 39.89891 ], [ -105.090624, 39.898903 ], [ -105.090624, 39.898924 ], [ -105.090625, 39.899306 ], [ -105.090626, 39.899677 ], [ -105.090824, 39.899681 ], [ -105.095908, 39.899777 ], [ -105.095934, 39.899777 ], [ -105.096083, 39.89978 ], [ -105.096157, 39.899781 ], [ -105.096692, 39.899788 ], [ -105.096684, 39.900472 ], [ -105.096681, 39.900787 ], [ -105.100102, 39.902206 ], [ -105.100141, 39.902706 ], [ -105.100418, 39.906356 ], [ -105.100468, 39.906968 ], [ -105.10064, 39.908614 ], [ -105.100641, 39.908638 ], [ -105.100662, 39.908643 ], [ -105.100755, 39.908669 ], [ -105.100867, 39.908702 ], [ -105.100979, 39.908736 ], [ -105.101031, 39.908753 ], [ -105.101341, 39.908879 ], [ -105.102404, 39.90937 ], [ -105.103442, 39.9099 ], [ -105.105626, 39.911027 ], [ -105.106804, 39.911641 ], [ -105.106951, 39.911729 ], [ -105.106906, 39.911779 ], [ -105.10674, 39.911967 ], [ -105.106719, 39.91199 ], [ -105.106033, 39.912768 ], [ -105.106501, 39.913013 ], [ -105.106533, 39.91303 ], [ -105.106565, 39.913047 ], [ -105.106577, 39.913053 ], [ -105.106617, 39.913009 ], [ -105.107246, 39.912298 ], [ -105.107285, 39.912249 ], [ -105.107331, 39.912273 ], [ -105.107494, 39.912359 ], [ -105.107553, 39.91239 ], [ -105.107564, 39.912403 ], [ -105.10762, 39.912507 ], [ -105.107676, 39.912549 ], [ -105.108178, 39.91281 ], [ -105.108159, 39.912831 ], [ -105.108053, 39.912954 ], [ -105.10802, 39.912992 ], [ -105.107654, 39.913416 ], [ -105.108114, 39.913766 ], [ -105.108439, 39.91401 ], [ -105.108609, 39.914137 ], [ -105.109031, 39.914139 ], [ -105.112344, 39.914118 ], [ -105.113691, 39.914109 ], [ -105.114544, 39.914104 ], [ -105.115465, 39.914099 ], [ -105.115553, 39.914098 ], [ -105.116017, 39.914095 ], [ -105.116226, 39.914094 ], [ -105.116338, 39.914093 ], [ -105.116515, 39.914091 ], [ -105.116712, 39.91409 ], [ -105.117353, 39.914086 ], [ -105.118536, 39.914078 ], [ -105.118871, 39.914076 ], [ -105.120649, 39.914064 ], [ -105.121094, 39.914061 ], [ -105.121281, 39.91406 ], [ -105.124033, 39.914041 ], [ -105.125579, 39.914043 ], [ -105.125972, 39.914038 ], [ -105.126024, 39.914037 ], [ -105.127911, 39.914015 ], [ -105.128346, 39.914015 ], [ -105.131204, 39.914018 ], [ -105.132576, 39.914019 ], [ -105.135483, 39.914024 ], [ -105.138184, 39.914028 ], [ -105.139594, 39.914029 ], [ -105.139971, 39.914029 ], [ -105.140276, 39.914029 ], [ -105.140289, 39.914029 ], [ -105.140573, 39.914029 ], [ -105.143462, 39.91403 ], [ -105.144734, 39.914031 ], [ -105.145561, 39.914031 ], [ -105.146069, 39.914031 ], [ -105.146271, 39.914031 ], [ -105.146531, 39.914032 ], [ -105.147117, 39.914002 ], [ -105.147121, 39.91389 ], [ -105.147121, 39.91387 ], [ -105.147124, 39.91372 ], [ -105.147131, 39.913496 ], [ -105.14714, 39.913135 ], [ -105.147156, 39.912531 ], [ -105.14718, 39.911607 ], [ -105.14722, 39.910086 ], [ -105.147245, 39.909141 ], [ -105.147298, 39.907147 ], [ -105.147299, 39.907097 ], [ -105.147319, 39.907096 ], [ -105.147321, 39.90698 ], [ -105.147322, 39.906794 ], [ -105.147326, 39.906468 ], [ -105.147329, 39.90624 ], [ -105.147333, 39.905913 ], [ -105.147338, 39.905463 ], [ -105.147342, 39.905124 ], [ -105.147344, 39.904866 ], [ -105.147346, 39.904774 ], [ -105.147349, 39.904492 ], [ -105.147354, 39.904016 ], [ -105.147357, 39.903808 ], [ -105.147359, 39.903638 ], [ -105.147361, 39.903473 ], [ -105.147365, 39.90309 ], [ -105.147369, 39.902743 ], [ -105.147374, 39.902341 ], [ -105.14738, 39.901808 ], [ -105.147387, 39.901158 ], [ -105.147395, 39.900511 ], [ -105.147398, 39.900219 ], [ -105.147396, 39.900094 ], [ -105.147147, 39.900087 ], [ -105.145001, 39.900069 ], [ -105.144785, 39.900066 ], [ -105.144454, 39.900061 ], [ -105.144137, 39.90009 ], [ -105.143984, 39.900106 ], [ -105.143809, 39.900102 ], [ -105.143737, 39.9001 ], [ -105.141236, 39.900106 ], [ -105.140955, 39.900107 ], [ -105.140246, 39.900109 ], [ -105.139861, 39.90011 ], [ -105.139124, 39.900112 ], [ -105.139093, 39.900112 ], [ -105.13847, 39.900102 ], [ -105.138277, 39.900099 ], [ -105.138017, 39.9001 ], [ -105.134239, 39.90011 ], [ -105.134142, 39.90011 ], [ -105.13145, 39.900099 ], [ -105.131429, 39.900099 ], [ -105.131378, 39.900103 ], [ -105.13121, 39.900118 ], [ -105.130415, 39.900187 ], [ -105.129491, 39.90026 ], [ -105.129362, 39.900261 ], [ -105.129216, 39.900262 ], [ -105.12907, 39.900264 ], [ -105.129002, 39.900265 ], [ -105.128918, 39.900255 ], [ -105.128918, 39.900037 ], [ -105.128918, 39.899985 ], [ -105.128678, 39.899985 ], [ -105.128679, 39.899383 ], [ -105.128681, 39.899126 ], [ -105.128689, 39.898368 ], [ -105.128721, 39.896499 ], [ -105.128721, 39.896355 ], [ -105.128723, 39.894599 ], [ -105.128941, 39.894598 ], [ -105.12894, 39.894538 ], [ -105.12894, 39.894383 ], [ -105.128941, 39.894087 ], [ -105.128942, 39.893898 ], [ -105.128943, 39.893331 ], [ -105.128943, 39.893036 ], [ -105.128943, 39.892801 ], [ -105.128944, 39.892642 ], [ -105.128942, 39.892565 ], [ -105.128945, 39.892487 ], [ -105.128895, 39.890353 ], [ -105.129124, 39.890348 ], [ -105.129559, 39.890344 ], [ -105.129589, 39.890344 ], [ -105.129649, 39.890348 ], [ -105.129723, 39.890357 ], [ -105.129825, 39.890378 ], [ -105.129922, 39.890408 ], [ -105.13004, 39.890462 ], [ -105.130089, 39.89049 ], [ -105.130156, 39.890536 ], [ -105.130209, 39.89058 ], [ -105.130271, 39.890643 ], [ -105.130302, 39.890682 ], [ -105.130319, 39.890706 ], [ -105.130885, 39.892697 ], [ -105.131447, 39.892672 ], [ -105.131482, 39.89267 ], [ -105.131497, 39.892669 ], [ -105.131514, 39.892668 ], [ -105.131501, 39.892644 ], [ -105.131495, 39.892626 ], [ -105.131493, 39.892613 ], [ -105.131492, 39.892597 ], [ -105.131904, 39.892531 ], [ -105.132179, 39.892487 ], [ -105.132582, 39.892279 ], [ -105.132841, 39.892147 ], [ -105.133105, 39.892012 ], [ -105.136308, 39.89202 ], [ -105.136315, 39.891648 ], [ -105.136316, 39.891532 ], [ -105.136318, 39.891279 ], [ -105.136349, 39.891088 ], [ -105.136363, 39.891061 ], [ -105.136379, 39.891035 ], [ -105.136392, 39.891016 ], [ -105.136412, 39.890992 ], [ -105.136433, 39.890968 ], [ -105.136457, 39.890946 ], [ -105.136477, 39.890931 ], [ -105.136511, 39.890907 ], [ -105.136548, 39.890885 ], [ -105.136595, 39.890862 ], [ -105.136637, 39.890846 ], [ -105.136677, 39.890834 ], [ -105.136698, 39.890829 ], [ -105.136725, 39.890823 ], [ -105.136754, 39.890818 ], [ -105.137086, 39.890829 ], [ -105.137138, 39.890831 ], [ -105.135521, 39.889673 ], [ -105.134852, 39.889292 ], [ -105.135351, 39.889283 ], [ -105.135366, 39.889278 ], [ -105.138325, 39.889228 ], [ -105.138748, 39.889232 ], [ -105.141994, 39.88925 ], [ -105.146989, 39.889212 ], [ -105.146989, 39.889297 ], [ -105.147183, 39.889297 ], [ -105.14744, 39.889297 ], [ -105.14744, 39.88945 ], [ -105.157882, 39.89065 ], [ -105.164423, 39.891408 ], [ -105.165167, 39.891486 ], [ -105.165173, 39.892499 ], [ -105.165571, 39.892495 ], [ -105.165574, 39.892669 ], [ -105.165574, 39.892685 ], [ -105.165574, 39.892706 ], [ -105.165574, 39.892733 ], [ -105.165578, 39.893128 ], [ -105.165585, 39.893905 ], [ -105.165585, 39.89399 ], [ -105.165582, 39.894477 ], [ -105.165582, 39.894487 ], [ -105.165577, 39.895235 ], [ -105.16558, 39.896252 ], [ -105.165606, 39.897252 ], [ -105.165606, 39.89728 ], [ -105.165617, 39.89767 ], [ -105.165615, 39.898193 ], [ -105.165615, 39.898224 ], [ -105.165615, 39.898235 ], [ -105.165607, 39.899701 ], [ -105.165607, 39.899816 ], [ -105.16562, 39.900606 ], [ -105.165621, 39.901017 ], [ -105.165622, 39.901499 ], [ -105.165706, 39.901494 ], [ -105.166055, 39.901494 ], [ -105.166056, 39.901768 ] ], [ [ -105.082566, 39.959277 ], [ -105.082052, 39.958861 ], [ -105.081887, 39.958727 ], [ -105.081378, 39.958408 ], [ -105.081217, 39.958337 ], [ -105.081081, 39.958287 ], [ -105.080958, 39.958246 ], [ -105.080722, 39.958184 ], [ -105.080466, 39.958138 ], [ -105.080371, 39.958128 ], [ -105.080183, 39.958109 ], [ -105.080044, 39.958104 ], [ -105.080048, 39.957928 ], [ -105.079718, 39.957925 ], [ -105.078538, 39.957914 ], [ -105.077609, 39.957906 ], [ -105.076348, 39.957927 ], [ -105.075878, 39.957936 ], [ -105.07299, 39.957937 ], [ -105.072977, 39.957937 ], [ -105.071954, 39.957938 ], [ -105.071937, 39.957938 ], [ -105.071787, 39.957937 ], [ -105.07168, 39.957936 ], [ -105.071663, 39.957786 ], [ -105.068111, 39.957793 ], [ -105.068016, 39.957793 ], [ -105.064899, 39.9578 ], [ -105.063463, 39.957767 ], [ -105.062361, 39.957766 ], [ -105.061561, 39.957771 ], [ -105.061079, 39.957765 ], [ -105.060983, 39.957765 ], [ -105.060959, 39.957765 ], [ -105.060939, 39.957765 ], [ -105.060909, 39.957765 ], [ -105.060861, 39.957765 ], [ -105.060774, 39.957765 ], [ -105.060156, 39.957766 ], [ -105.059992, 39.957766 ], [ -105.059831, 39.957767 ], [ -105.059701, 39.957767 ], [ -105.059332, 39.957763 ], [ -105.059328, 39.958708 ], [ -105.058195, 39.958716 ], [ -105.058207, 39.957894 ], [ -105.058173, 39.95789 ], [ -105.057627, 39.957883 ], [ -105.055337, 39.957856 ], [ -105.055225, 39.957855 ], [ -105.05482, 39.957852 ], [ -105.054584, 39.95785 ], [ -105.053725, 39.957838 ], [ -105.052889, 39.957826 ], [ -105.052875, 39.959771 ], [ -105.052846, 39.962028 ], [ -105.052839, 39.962521 ], [ -105.052837, 39.962784 ], [ -105.052833, 39.964319 ], [ -105.052828, 39.965892 ], [ -105.053804, 39.965875 ], [ -105.054202, 39.96587 ], [ -105.056228, 39.967444 ], [ -105.057747, 39.968636 ], [ -105.057724, 39.972362 ], [ -105.057713, 39.974121 ], [ -105.057709, 39.974669 ], [ -105.058473, 39.974345 ], [ -105.061442, 39.973099 ], [ -105.062232, 39.972783 ], [ -105.062262, 39.972767 ], [ -105.062378, 39.972706 ], [ -105.062376, 39.972747 ], [ -105.062804, 39.972554 ], [ -105.063517, 39.972232 ], [ -105.064311, 39.971894 ], [ -105.065075, 39.971554 ], [ -105.065619, 39.971283 ], [ -105.065985, 39.971102 ], [ -105.066138, 39.971018 ], [ -105.067269, 39.970369 ], [ -105.06833, 39.969662 ], [ -105.069801, 39.968482 ], [ -105.069877, 39.968414 ], [ -105.069953, 39.968346 ], [ -105.071903, 39.966566 ], [ -105.073362, 39.965202 ], [ -105.074735, 39.963935 ], [ -105.076567, 39.962466 ], [ -105.076796, 39.962306 ], [ -105.078562, 39.961238 ], [ -105.078836, 39.96107 ], [ -105.078931, 39.96102 ], [ -105.081217, 39.959818 ], [ -105.081672, 39.959634 ], [ -105.082349, 39.959364 ], [ -105.082566, 39.959277 ] ], [ [ -104.979917, 40.029486 ], [ -104.979881, 40.029486 ], [ -104.978459, 40.02949 ], [ -104.978192, 40.029491 ], [ -104.974969, 40.0295 ], [ -104.973074, 40.029512 ], [ -104.973044, 40.032752 ], [ -104.97305, 40.033037 ], [ -104.975294, 40.033047 ], [ -104.976277, 40.033051 ], [ -104.976687, 40.033053 ], [ -104.977436, 40.033056 ], [ -104.977635, 40.033057 ], [ -104.977701, 40.033216 ], [ -104.977854, 40.033377 ], [ -104.97803, 40.033451 ], [ -104.978259, 40.033471 ], [ -104.97837, 40.033444 ], [ -104.978505, 40.033405 ], [ -104.978565, 40.033388 ], [ -104.978583, 40.033383 ], [ -104.978867, 40.033282 ], [ -104.97909, 40.033195 ], [ -104.979409, 40.033072 ], [ -104.979431, 40.033063 ], [ -104.979445, 40.033058 ], [ -104.979459, 40.033052 ], [ -104.979661, 40.033051 ], [ -104.979712, 40.033051 ], [ -104.979868, 40.033051 ], [ -104.979886, 40.033051 ], [ -104.979911, 40.033053 ], [ -104.979911, 40.032844 ], [ -104.979917, 40.029486 ] ] ] ] } },
{ "type": "Feature", "properties": { "GEOID": "0875640", "NAME": "Superior", "share_in_bvsd": 0.94895394537233313 }, "geometry": { "type": "Polygon", "coordinates": [ [ [ -105.214405, 39.91409 ], [ -105.214379, 39.914146 ], [ -105.214066, 39.914096 ], [ -105.213925, 39.914076 ], [ -105.213732, 39.914055 ], [ -105.213455, 39.914034 ], [ -105.213139, 39.914018 ], [ -105.212993, 39.91401 ], [ -105.212912, 39.914012 ], [ -105.212915, 39.914103 ], [ -105.206278, 39.914053 ], [ -105.20345, 39.91404 ], [ -105.201429, 39.914005 ], [ -105.201254, 39.914002 ], [ -105.198336, 39.914841 ], [ -105.197729, 39.915005 ], [ -105.197193, 39.915079 ], [ -105.196687, 39.915124 ], [ -105.195917, 39.915119 ], [ -105.195345, 39.915099 ], [ -105.194318, 39.914922 ], [ -105.194251, 39.914904 ], [ -105.194, 39.914844 ], [ -105.19381, 39.914787 ], [ -105.193598, 39.914731 ], [ -105.193213, 39.9146 ], [ -105.19263, 39.914364 ], [ -105.192272, 39.914236 ], [ -105.191895, 39.914097 ], [ -105.191637, 39.914001 ], [ -105.190973, 39.913823 ], [ -105.190327, 39.913666 ], [ -105.189739, 39.913599 ], [ -105.188934, 39.913527 ], [ -105.18679, 39.913504 ], [ -105.186332, 39.913473 ], [ -105.185756, 39.91341 ], [ -105.185163, 39.913302 ], [ -105.184601, 39.913145 ], [ -105.183994, 39.912938 ], [ -105.179469, 39.910966 ], [ -105.176467, 39.909571 ], [ -105.175742, 39.909329 ], [ -105.175254, 39.909177 ], [ -105.174465, 39.909035 ], [ -105.173835, 39.908935 ], [ -105.173093, 39.908935 ], [ -105.172419, 39.908972 ], [ -105.171808, 39.909059 ], [ -105.171321, 39.909151 ], [ -105.17101, 39.909214 ], [ -105.170642, 39.909312 ], [ -105.170274, 39.909412 ], [ -105.169754, 39.909592 ], [ -105.169742, 39.909596 ], [ -105.169754, 39.90962 ], [ -105.169745, 39.909786 ], [ -105.169503, 39.910101 ], [ -105.168353, 39.911768 ], [ -105.16802, 39.91223 ], [ -105.167687, 39.912637 ], [ -105.167305, 39.913033 ], [ -105.16615, 39.914047 ], [ -105.166045, 39.914139 ], [ -105.166771, 39.91414 ], [ -105.166419, 39.914456 ], [ -105.165937, 39.914891 ], [ -105.165761, 39.91505 ], [ -105.165316, 39.915432 ], [ -105.165229, 39.915511 ], [ -105.165181, 39.915557 ], [ -105.165134, 39.915604 ], [ -105.165088, 39.915651 ], [ -105.165043, 39.915698 ], [ -105.165, 39.915747 ], [ -105.164957, 39.915796 ], [ -105.164915, 39.915845 ], [ -105.164875, 39.915895 ], [ -105.164836, 39.915946 ], [ -105.164797, 39.915997 ], [ -105.16476, 39.916049 ], [ -105.164725, 39.916101 ], [ -105.16469, 39.916154 ], [ -105.164624, 39.916261 ], [ -105.164593, 39.916315 ], [ -105.164563, 39.916369 ], [ -105.164535, 39.916424 ], [ -105.164481, 39.916535 ], [ -105.164456, 39.916591 ], [ -105.164433, 39.916647 ], [ -105.16441, 39.916704 ], [ -105.164389, 39.916761 ], [ -105.164369, 39.916818 ], [ -105.164333, 39.916933 ], [ -105.164308, 39.917033 ], [ -105.164291, 39.917105 ], [ -105.164273, 39.917202 ], [ -105.164259, 39.917288 ], [ -105.16425, 39.917362 ], [ -105.164242, 39.917454 ], [ -105.164236, 39.917571 ], [ -105.164235, 39.91763 ], [ -105.164235, 39.917688 ], [ -105.164237, 39.917747 ], [ -105.16424, 39.917806 ], [ -105.164245, 39.917864 ], [ -105.16425, 39.917923 ], [ -105.164257, 39.917981 ], [ -105.164266, 39.91804 ], [ -105.164275, 39.918098 ], [ -105.164286, 39.918156 ], [ -105.164298, 39.918214 ], [ -105.164312, 39.918272 ], [ -105.164327, 39.91833 ], [ -105.164343, 39.918387 ], [ -105.16436, 39.918445 ], [ -105.164376, 39.918492 ], [ -105.164322, 39.918497 ], [ -105.164328, 39.918514 ], [ -105.164299, 39.91852 ], [ -105.165234, 39.921405 ], [ -105.165546, 39.922358 ], [ -105.165727, 39.922911 ], [ -105.165727, 39.922755 ], [ -105.165763, 39.922867 ], [ -105.165776, 39.922173 ], [ -105.165775, 39.921774 ], [ -105.166487, 39.921463 ], [ -105.166492, 39.920177 ], [ -105.166495, 39.919673 ], [ -105.165783, 39.919671 ], [ -105.165787, 39.918881 ], [ -105.165791, 39.917851 ], [ -105.17147, 39.917856 ], [ -105.17277, 39.917859 ], [ -105.175109, 39.917859 ], [ -105.175162, 39.921743 ], [ -105.17519, 39.923803 ], [ -105.175208, 39.92508 ], [ -105.175208, 39.925095 ], [ -105.172053, 39.925077 ], [ -105.172053, 39.925163 ], [ -105.171436, 39.925599 ], [ -105.170955, 39.926025 ], [ -105.169187, 39.926383 ], [ -105.169186, 39.926649 ], [ -105.169187, 39.928539 ], [ -105.169187, 39.928693 ], [ -105.16908, 39.928694 ], [ -105.167145, 39.928702 ], [ -105.16601, 39.928718 ], [ -105.166061, 39.934656 ], [ -105.166016, 39.935588 ], [ -105.165977, 39.936256 ], [ -105.165945, 39.936824 ], [ -105.165882, 39.936968 ], [ -105.165831, 39.937074 ], [ -105.16579, 39.937155 ], [ -105.165731, 39.937264 ], [ -105.165731, 39.937787 ], [ -105.165749, 39.939455 ], [ -105.165752, 39.940096 ], [ -105.165794, 39.940062 ], [ -105.166427, 39.93963 ], [ -105.167686, 39.939236 ], [ -105.168886, 39.939235 ], [ -105.169306, 39.939234 ], [ -105.169304, 39.939537 ], [ -105.169296, 39.940885 ], [ -105.169294, 39.941267 ], [ -105.168292, 39.943205 ], [ -105.166558, 39.943193 ], [ -105.166245, 39.943215 ], [ -105.165765, 39.943198 ], [ -105.165765, 39.94335 ], [ -105.165741, 39.946869 ], [ -105.165737, 39.94729 ], [ -105.165732, 39.94771 ], [ -105.165732, 39.948139 ], [ -105.165728, 39.948575 ], [ -105.166377, 39.948434 ], [ -105.166395, 39.94843 ], [ -105.169478, 39.947758 ], [ -105.169679, 39.947715 ], [ -105.169959, 39.947654 ], [ -105.17035, 39.948722 ], [ -105.170244, 39.948745 ], [ -105.170294, 39.948747 ], [ -105.170312, 39.948748 ], [ -105.170326, 39.948748 ], [ -105.170339, 39.948748 ], [ -105.170357, 39.948748 ], [ -105.170371, 39.948749 ], [ -105.170385, 39.94875 ], [ -105.170398, 39.948751 ], [ -105.17049, 39.948764 ], [ -105.170665, 39.948828 ], [ -105.170786, 39.948906 ], [ -105.170863, 39.948992 ], [ -105.170913, 39.949085 ], [ -105.170972, 39.949309 ], [ -105.17106, 39.949651 ], [ -105.171165, 39.949871 ], [ -105.171342, 39.950257 ], [ -105.171711, 39.950259 ], [ -105.171711, 39.950487 ], [ -105.172512, 39.950503 ], [ -105.173259, 39.950488 ], [ -105.173507, 39.950385 ], [ -105.17378, 39.950272 ], [ -105.17449, 39.950276 ], [ -105.176534, 39.950289 ], [ -105.176532, 39.950487 ], [ -105.177699, 39.950482 ], [ -105.177696, 39.95151 ], [ -105.177695, 39.951966 ], [ -105.177693, 39.952031 ], [ -105.177682, 39.952075 ], [ -105.177641, 39.952103 ], [ -105.177645, 39.952213 ], [ -105.177622, 39.952229 ], [ -105.177448, 39.952367 ], [ -105.17743, 39.95249 ], [ -105.177408, 39.952593 ], [ -105.177386, 39.95273 ], [ -105.177291, 39.953324 ], [ -105.177273, 39.953421 ], [ -105.177261, 39.953498 ], [ -105.177251, 39.953576 ], [ -105.177242, 39.953654 ], [ -105.177237, 39.95373 ], [ -105.177241, 39.953803 ], [ -105.177247, 39.953875 ], [ -105.177255, 39.953947 ], [ -105.177265, 39.95402 ], [ -105.177277, 39.954091 ], [ -105.17729, 39.954162 ], [ -105.177306, 39.954232 ], [ -105.177322, 39.954303 ], [ -105.177361, 39.954443 ], [ -105.177383, 39.954513 ], [ -105.177406, 39.954583 ], [ -105.177431, 39.954652 ], [ -105.177458, 39.954721 ], [ -105.177486, 39.954789 ], [ -105.177516, 39.954858 ], [ -105.17758, 39.954993 ], [ -105.177614, 39.95506 ], [ -105.1777, 39.955222 ], [ -105.178981, 39.957654 ], [ -105.178194, 39.957639 ], [ -105.177064, 39.957615 ], [ -105.175369, 39.95758 ], [ -105.175371, 39.958164 ], [ -105.177035, 39.958194 ], [ -105.177038, 39.958352 ], [ -105.177029, 39.95944 ], [ -105.175381, 39.959406 ], [ -105.175263, 39.959405 ], [ -105.175264, 39.959733 ], [ -105.175265, 39.960109 ], [ -105.175254, 39.960492 ], [ -105.175256, 39.960673 ], [ -105.175414, 39.960671 ], [ -105.176033, 39.960662 ], [ -105.178056, 39.960634 ], [ -105.17808, 39.962122 ], [ -105.178026, 39.962208 ], [ -105.177956, 39.96232 ], [ -105.175297, 39.961285 ], [ -105.17248, 39.960187 ], [ -105.172024, 39.96001 ], [ -105.171153, 39.959672 ], [ -105.168882, 39.958791 ], [ -105.168844, 39.958769 ], [ -105.168522, 39.958641 ], [ -105.168225, 39.958519 ], [ -105.16666, 39.957872 ], [ -105.166264, 39.957709 ], [ -105.165799, 39.957516 ], [ -105.165627, 39.957446 ], [ -105.164255, 39.956878 ], [ -105.162306, 39.956075 ], [ -105.162036, 39.95593 ], [ -105.161741, 39.955765 ], [ -105.161431, 39.955588 ], [ -105.161172, 39.955435 ], [ -105.161122, 39.955405 ], [ -105.161061, 39.955367 ], [ -105.160819, 39.955219 ], [ -105.160693, 39.955143 ], [ -105.16052, 39.955028 ], [ -105.160226, 39.954834 ], [ -105.159942, 39.954637 ], [ -105.159786, 39.954525 ], [ -105.15975, 39.954499 ], [ -105.159662, 39.954436 ], [ -105.159295, 39.95416 ], [ -105.159195, 39.954085 ], [ -105.158805, 39.95378 ], [ -105.156806, 39.952214 ], [ -105.156518, 39.951989 ], [ -105.156521, 39.951835 ], [ -105.156475, 39.951835 ], [ -105.156364, 39.95176 ], [ -105.156367, 39.951536 ], [ -105.155457, 39.950825 ], [ -105.155138, 39.950576 ], [ -105.154909, 39.950569 ], [ -105.153713, 39.949647 ], [ -105.153585, 39.949749 ], [ -105.153494, 39.949672 ], [ -105.153339, 39.949555 ], [ -105.15251, 39.948934 ], [ -105.151981, 39.948557 ], [ -105.151444, 39.948188 ], [ -105.150956, 39.947869 ], [ -105.150889, 39.947821 ], [ -105.149657, 39.947012 ], [ -105.149459, 39.946887 ], [ -105.147282, 39.945509 ], [ -105.147004, 39.945348 ], [ -105.147027, 39.944418 ], [ -105.147028, 39.943661 ], [ -105.147038, 39.943577 ], [ -105.147051, 39.943457 ], [ -105.147052, 39.943444 ], [ -105.144817, 39.94341 ], [ -105.144612, 39.943405 ], [ -105.143768, 39.942849 ], [ -105.142368, 39.941925 ], [ -105.142341, 39.941906 ], [ -105.142847, 39.941708 ], [ -105.142863, 39.941699 ], [ -105.142957, 39.941657 ], [ -105.143483, 39.941516 ], [ -105.144316, 39.941126 ], [ -105.144781, 39.940909 ], [ -105.145095, 39.940762 ], [ -105.145186, 39.940757 ], [ -105.145417, 39.940765 ], [ -105.145481, 39.940726 ], [ -105.145495, 39.940691 ], [ -105.145414, 39.940563 ], [ -105.145545, 39.940347 ], [ -105.145744, 39.940021 ], [ -105.145787, 39.940011 ], [ -105.146194, 39.939918 ], [ -105.147048, 39.939831 ], [ -105.147048, 39.939816 ], [ -105.147043, 39.939699 ], [ -105.14689, 39.9397 ], [ -105.146071, 39.93971 ], [ -105.145847, 39.939398 ], [ -105.145782, 39.939308 ], [ -105.145766, 39.939308 ], [ -105.145774, 39.939381 ], [ -105.145774, 39.939411 ], [ -105.145774, 39.939442 ], [ -105.145776, 39.939595 ], [ -105.145039, 39.94004 ], [ -105.145003, 39.940062 ], [ -105.144992, 39.940054 ], [ -105.144954, 39.940029 ], [ -105.144852, 39.939959 ], [ -105.144766, 39.939899 ], [ -105.14473, 39.93983 ], [ -105.144721, 39.939811 ], [ -105.144648, 39.939667 ], [ -105.144598, 39.939568 ], [ -105.144549, 39.939472 ], [ -105.14448, 39.939305 ], [ -105.144306, 39.939282 ], [ -105.144184, 39.939251 ], [ -105.144106, 39.939223 ], [ -105.143564, 39.939007 ], [ -105.143532, 39.939002 ], [ -105.143335, 39.939013 ], [ -105.142753, 39.93907 ], [ -105.142183, 39.939091 ], [ -105.142006, 39.939085 ], [ -105.141936, 39.939102 ], [ -105.141924, 39.939108 ], [ -105.141944, 39.939148 ], [ -105.142167, 39.939698 ], [ -105.142133, 39.939828 ], [ -105.141492, 39.940098 ], [ -105.141613, 39.940653 ], [ -105.141817, 39.941577 ], [ -105.141733, 39.941567 ], [ -105.14128, 39.941287 ], [ -105.140349, 39.94071 ], [ -105.140188, 39.940609 ], [ -105.138778, 39.939663 ], [ -105.137598, 39.938867 ], [ -105.137578, 39.937109 ], [ -105.137585, 39.936112 ], [ -105.137618, 39.931499 ], [ -105.137631, 39.929825 ], [ -105.137604, 39.928931 ], [ -105.138407, 39.928938 ], [ -105.138625, 39.928935 ], [ -105.138894, 39.928935 ], [ -105.139722, 39.928935 ], [ -105.141792, 39.92893 ], [ -105.141848, 39.92893 ], [ -105.142258, 39.928929 ], [ -105.14235, 39.928929 ], [ -105.142428, 39.928929 ], [ -105.142523, 39.928929 ], [ -105.143251, 39.92893 ], [ -105.143875, 39.928931 ], [ -105.146805, 39.928937 ], [ -105.147015, 39.928938 ], [ -105.147041, 39.928938 ], [ -105.147035, 39.928816 ], [ -105.147024, 39.928614 ], [ -105.147011, 39.928275 ], [ -105.147006, 39.928184 ], [ -105.147003, 39.928109 ], [ -105.14699, 39.927837 ], [ -105.146989, 39.927761 ], [ -105.146987, 39.927473 ], [ -105.146988, 39.927352 ], [ -105.146996, 39.92671 ], [ -105.147005, 39.925215 ], [ -105.147034, 39.92267 ], [ -105.147088, 39.918027 ], [ -105.147124, 39.914942 ], [ -105.147126, 39.914787 ], [ -105.147134, 39.914146 ], [ -105.147135, 39.914098 ], [ -105.14714, 39.914001 ], [ -105.147141, 39.913936 ], [ -105.147143, 39.913889 ], [ -105.147142, 39.913849 ], [ -105.147161, 39.913847 ], [ -105.147267, 39.913833 ], [ -105.147342, 39.913824 ], [ -105.147439, 39.913812 ], [ -105.147509, 39.913802 ], [ -105.147808, 39.913766 ], [ -105.147967, 39.913744 ], [ -105.148198, 39.913714 ], [ -105.148399, 39.91375 ], [ -105.148487, 39.913723 ], [ -105.150446, 39.91324 ], [ -105.151237, 39.913169 ], [ -105.152417, 39.913136 ], [ -105.152972, 39.913086 ], [ -105.153313, 39.913039 ], [ -105.154396, 39.912761 ], [ -105.154706, 39.912682 ], [ -105.155324, 39.912501 ], [ -105.155762, 39.912365 ], [ -105.156065, 39.912273 ], [ -105.156407, 39.912173 ], [ -105.156872, 39.91205 ], [ -105.157268, 39.911948 ], [ -105.158458, 39.911596 ], [ -105.159009, 39.911496 ], [ -105.15941, 39.911467 ], [ -105.159584, 39.911462 ], [ -105.160175, 39.911472 ], [ -105.160996, 39.911462 ], [ -105.162057, 39.911434 ], [ -105.162493, 39.911369 ], [ -105.162846, 39.91131 ], [ -105.163161, 39.911242 ], [ -105.164391, 39.91091 ], [ -105.164641, 39.910833 ], [ -105.165098, 39.910715 ], [ -105.165277, 39.910678 ], [ -105.165367, 39.910645 ], [ -105.16569, 39.910515 ], [ -105.165689, 39.910503 ], [ -105.165962, 39.910435 ], [ -105.166397, 39.910341 ], [ -105.169368, 39.909456 ], [ -105.169629, 39.909375 ], [ -105.1702, 39.909225 ], [ -105.17057, 39.909125 ], [ -105.170947, 39.909029 ], [ -105.171245, 39.908961 ], [ -105.171765, 39.908874 ], [ -105.17239, 39.908795 ], [ -105.173081, 39.908735 ], [ -105.173847, 39.908752 ], [ -105.174471, 39.908823 ], [ -105.175271, 39.908976 ], [ -105.175819, 39.909112 ], [ -105.176584, 39.909382 ], [ -105.178138, 39.910088 ], [ -105.179581, 39.910744 ], [ -105.18408, 39.91274 ], [ -105.18465, 39.912929 ], [ -105.185199, 39.913095 ], [ -105.185779, 39.913176 ], [ -105.186372, 39.913275 ], [ -105.18893, 39.913324 ], [ -105.189779, 39.913378 ], [ -105.190377, 39.913477 ], [ -105.191127, 39.913636 ], [ -105.191801, 39.913847 ], [ -105.192439, 39.914107 ], [ -105.192719, 39.914221 ], [ -105.193263, 39.914459 ], [ -105.193649, 39.914584 ], [ -105.193848, 39.914641 ], [ -105.19406, 39.914705 ], [ -105.194485, 39.914792 ], [ -105.195355, 39.914925 ], [ -105.195926, 39.914954 ], [ -105.196677, 39.91495 ], [ -105.197153, 39.91491 ], [ -105.19767, 39.914831 ], [ -105.198251, 39.914692 ], [ -105.200272, 39.91414 ], [ -105.200796, 39.913994 ], [ -105.200621, 39.913991 ], [ -105.200241, 39.913986 ], [ -105.200081, 39.913995 ], [ -105.199728, 39.914015 ], [ -105.199494, 39.914028 ], [ -105.201206, 39.913594 ], [ -105.202874, 39.913334 ], [ -105.203291, 39.913315 ], [ -105.203333, 39.913309 ], [ -105.206342, 39.913428 ], [ -105.212381, 39.913667 ], [ -105.212742, 39.913684 ], [ -105.212901, 39.913696 ], [ -105.212907, 39.913837 ], [ -105.213108, 39.913841 ], [ -105.213266, 39.913862 ], [ -105.213483, 39.913893 ], [ -105.213802, 39.91392 ], [ -105.213956, 39.91395 ], [ -105.214115, 39.913977 ], [ -105.214369, 39.914028 ], [ -105.214424, 39.914041 ], [ -105.214405, 39.91409 ] ], [ [ -105.1766, 39.95283 ], [ -105.17544, 39.952829 ], [ -105.175225, 39.952825 ], [ -105.175228, 39.95304 ], [ -105.175243, 39.953901 ], [ -105.176394, 39.952993 ], [ -105.1766, 39.95283 ] ], [ [ -105.170529, 39.951035 ], [ -105.170524, 39.950399 ], [ -105.170412, 39.950399 ], [ -105.170255, 39.950398 ], [ -105.170012, 39.950396 ], [ -105.170014, 39.95114 ], [ -105.170015, 39.951265 ], [ -105.170015, 39.951374 ], [ -105.169907, 39.951373 ], [ -105.169508, 39.951368 ], [ -105.169441, 39.951367 ], [ -105.16944, 39.951482 ], [ -105.169552, 39.951484 ], [ -105.169827, 39.951486 ], [ -105.170532, 39.951497 ], [ -105.170529, 39.951035 ] ] ] } },
{ "type": "Feature", "properties": { "GEOID": "0841835", "NAME": "Lafayette", "share_in_bvsd": 1.0000000000000022 }, "geometry": { "type": "MultiPolygon", "coordinates": [ [ [ [ -105.103114, 40.014254 ], [ -105.102922, 40.014261 ], [ -105.102923, 40.013394 ], [ -105.102923, 40.013223 ], [ -105.102923, 40.013071 ], [ -105.103103, 40.013147 ], [ -105.103103, 40.013286 ], [ -105.103103, 40.01338 ], [ -105.103114, 40.014254 ] ] ], [ [ [ -105.120618, 40.043412 ], [ -105.120559, 40.043489 ], [ -105.12027, 40.043854 ], [ -105.114819, 40.043894 ], [ -105.11237, 40.043914 ], [ -105.112355, 40.043913 ], [ -105.112342, 40.045777 ], [ -105.112337, 40.046513 ], [ -105.111836, 40.046487 ], [ -105.111822, 40.046487 ], [ -105.111807, 40.046487 ], [ -105.111795, 40.046488 ], [ -105.11178, 40.046489 ], [ -105.111765, 40.046491 ], [ -105.111752, 40.046493 ], [ -105.11174, 40.046495 ], [ -105.111727, 40.046498 ], [ -105.111713, 40.046501 ], [ -105.1117, 40.046505 ], [ -105.111688, 40.046509 ], [ -105.111666, 40.046517 ], [ -105.111653, 40.046522 ], [ -105.111634, 40.046532 ], [ -105.111622, 40.046538 ], [ -105.111612, 40.046544 ], [ -105.111602, 40.04655 ], [ -105.111592, 40.046557 ], [ -105.111583, 40.046564 ], [ -105.111574, 40.046571 ], [ -105.111566, 40.046578 ], [ -105.11155, 40.046593 ], [ -105.111541, 40.046603 ], [ -105.111535, 40.046611 ], [ -105.111528, 40.046619 ], [ -105.111522, 40.046628 ], [ -105.111214, 40.046939 ], [ -105.111175, 40.046922 ], [ -105.111107, 40.047017 ], [ -105.110313, 40.047512 ], [ -105.110023, 40.04752 ], [ -105.109601, 40.04741 ], [ -105.109115, 40.047406 ], [ -105.108858, 40.047531 ], [ -105.107564, 40.048158 ], [ -105.107278, 40.048296 ], [ -105.106272, 40.0482 ], [ -105.105613, 40.048168 ], [ -105.105185, 40.048227 ], [ -105.103737, 40.048039 ], [ -105.103329, 40.047899 ], [ -105.103007, 40.047677 ], [ -105.102643, 40.047647 ], [ -105.102641, 40.04749 ], [ -105.10263, 40.046521 ], [ -105.102624, 40.045596 ], [ -105.102624, 40.045496 ], [ -105.102626, 40.043941 ], [ -105.102633, 40.042716 ], [ -105.102645, 40.04208 ], [ -105.102702, 40.040689 ], [ -105.105102, 40.04068 ], [ -105.10752, 40.040686 ], [ -105.107521, 40.040113 ], [ -105.107613, 40.040113 ], [ -105.112336, 40.040145 ], [ -105.11702, 40.040189 ], [ -105.120565, 40.04021 ], [ -105.120567, 40.04032 ], [ -105.120597, 40.042129 ], [ -105.120618, 40.043412 ] ] ], [ [ [ -105.157177, 39.99704 ], [ -105.157119, 39.997362 ], [ -105.157085, 39.99755 ], [ -105.157043, 39.997969 ], [ -105.156853, 39.999954 ], [ -105.156851, 39.99998 ], [ -105.156848, 40.000017 ], [ -105.156846, 40.000043 ], [ -105.156837, 40.00013 ], [ -105.15505, 40.000125 ], [ -105.153902, 40.000124 ], [ -105.153771, 40.000124 ], [ -105.153568, 40.000124 ], [ -105.153441, 40.000273 ], [ -105.153239, 40.000399 ], [ -105.15302, 40.000557 ], [ -105.152682, 40.000624 ], [ -105.152192, 40.000565 ], [ -105.151773, 40.000412 ], [ -105.151703, 40.0002 ], [ -105.151676, 40.000201 ], [ -105.151537, 40.000201 ], [ -105.151287, 40.0002 ], [ -105.151164, 40.000199 ], [ -105.149854, 40.000212 ], [ -105.149687, 40.000209 ], [ -105.149619, 40.000208 ], [ -105.149534, 40.000208 ], [ -105.147216, 40.000204 ], [ -105.146657, 40.000205 ], [ -105.144741, 40.000213 ], [ -105.143677, 40.000215 ], [ -105.143538, 40.000216 ], [ -105.142645, 40.000214 ], [ -105.142267, 40.000214 ], [ -105.1422, 40.000213 ], [ -105.140593, 40.000225 ], [ -105.14059, 40.000276 ], [ -105.140577, 40.000636 ], [ -105.140603, 40.000815 ], [ -105.140659, 40.000985 ], [ -105.140752, 40.001129 ], [ -105.140847, 40.001225 ], [ -105.141306, 40.001604 ], [ -105.141792, 40.001983 ], [ -105.141593, 40.002177 ], [ -105.141527, 40.002303 ], [ -105.141513, 40.002342 ], [ -105.141501, 40.002385 ], [ -105.141484, 40.002502 ], [ -105.141484, 40.003478 ], [ -105.141492, 40.003591 ], [ -105.141519, 40.003655 ], [ -105.141511, 40.003777 ], [ -105.141058, 40.003775 ], [ -105.140488, 40.003772 ], [ -105.140491, 40.003828 ], [ -105.1405, 40.004002 ], [ -105.140527, 40.007378 ], [ -105.140527, 40.007408 ], [ -105.133946, 40.007403 ], [ -105.131252, 40.007401 ], [ -105.131223, 40.007401 ], [ -105.131207, 40.007946 ], [ -105.131224, 40.010047 ], [ -105.131216, 40.010641 ], [ -105.131234, 40.012073 ], [ -105.135804, 40.012037 ], [ -105.135813, 40.01344 ], [ -105.135822, 40.014585 ], [ -105.135831, 40.014672 ], [ -105.135833, 40.014754 ], [ -105.135831, 40.015556 ], [ -105.135828, 40.017261 ], [ -105.135826, 40.018331 ], [ -105.135595, 40.018331 ], [ -105.134498, 40.01833 ], [ -105.131057, 40.018328 ], [ -105.131043, 40.018765 ], [ -105.131041, 40.018889 ], [ -105.131025, 40.020213 ], [ -105.131011, 40.02141 ], [ -105.131006, 40.021771 ], [ -105.131002, 40.022162 ], [ -105.131, 40.022302 ], [ -105.131003, 40.022775 ], [ -105.131005, 40.02286 ], [ -105.129385, 40.022866 ], [ -105.123603, 40.02289 ], [ -105.121831, 40.022897 ], [ -105.121694, 40.022898 ], [ -105.121696, 40.022166 ], [ -105.121696, 40.02199 ], [ -105.116998, 40.022001 ], [ -105.116996, 40.020854 ], [ -105.116992, 40.019379 ], [ -105.116992, 40.019087 ], [ -105.116988, 40.016549 ], [ -105.116976, 40.0148 ], [ -105.115743, 40.014803 ], [ -105.115698, 40.014803 ], [ -105.114725, 40.014805 ], [ -105.114664, 40.014809 ], [ -105.114507, 40.014806 ], [ -105.112303, 40.01481 ], [ -105.110555, 40.014823 ], [ -105.11026, 40.014825 ], [ -105.107568, 40.014844 ], [ -105.107567, 40.014753 ], [ -105.107563, 40.014301 ], [ -105.107537, 40.013312 ], [ -105.107534, 40.010773 ], [ -105.103121, 40.010766 ], [ -105.102919, 40.010765 ], [ -105.102918, 40.011085 ], [ -105.102756, 40.011084 ], [ -105.098884, 40.011092 ], [ -105.098143, 40.011082 ], [ -105.097683, 40.011074 ], [ -105.097693, 40.012455 ], [ -105.096873, 40.012454 ], [ -105.095554, 40.012455 ], [ -105.094594, 40.012447 ], [ -105.093314, 40.012438 ], [ -105.093314, 40.012486 ], [ -105.093312, 40.014671 ], [ -105.090529, 40.014682 ], [ -105.086565, 40.014724 ], [ -105.086375, 40.014726 ], [ -105.084409, 40.01475 ], [ -105.084276, 40.014752 ], [ -105.083963, 40.014749 ], [ -105.083863, 40.014747 ], [ -105.083868, 40.014601 ], [ -105.083876, 40.007697 ], [ -105.083874, 40.007475 ], [ -105.074598, 40.007548 ], [ -105.074484, 40.007549 ], [ -105.074484, 40.007187 ], [ -105.074483, 40.006267 ], [ -105.0745, 40.006258 ], [ -105.074515, 40.006258 ], [ -105.074595, 40.006257 ], [ -105.076448, 40.006245 ], [ -105.076454, 40.005498 ], [ -105.074596, 40.005491 ], [ -105.07459, 40.004856 ], [ -105.074595, 40.004242 ], [ -105.074595, 40.004186 ], [ -105.074595, 40.004052 ], [ -105.074607, 40.004049 ], [ -105.074731, 40.004026 ], [ -105.074865, 40.003995 ], [ -105.074996, 40.003959 ], [ -105.075124, 40.003917 ], [ -105.075249, 40.00387 ], [ -105.075371, 40.003817 ], [ -105.07539, 40.003809 ], [ -105.075488, 40.00376 ], [ -105.075601, 40.003697 ], [ -105.075709, 40.003629 ], [ -105.077502, 40.002453 ], [ -105.078455, 40.001785 ], [ -105.078575, 40.001701 ], [ -105.079155, 40.001294 ], [ -105.079156, 40.000308 ], [ -105.078584, 40.00033 ], [ -105.074591, 40.000356 ], [ -105.074478, 40.000357 ], [ -105.074375, 40.000357 ], [ -105.067319, 40.000365 ], [ -105.067101, 40.000365 ], [ -105.065061, 40.000368 ], [ -105.062046, 40.000372 ], [ -105.060715, 40.000373 ], [ -105.060589, 40.000594 ], [ -105.059382, 40.002403 ], [ -105.059482, 40.002448 ], [ -105.060409, 40.002842 ], [ -105.060231, 40.003111 ], [ -105.059872, 40.003653 ], [ -105.058827, 40.003651 ], [ -105.058284, 40.003645 ], [ -105.058133, 40.003875 ], [ -105.058011, 40.004063 ], [ -105.057363, 40.005083 ], [ -105.057124, 40.005448 ], [ -105.05643, 40.005446 ], [ -105.056209, 40.005446 ], [ -105.056097, 40.005443 ], [ -105.056143, 40.005536 ], [ -105.056156, 40.005627 ], [ -105.056112, 40.005665 ], [ -105.056018, 40.005669 ], [ -105.05596, 40.005674 ], [ -105.055896, 40.005669 ], [ -105.055826, 40.00567 ], [ -105.05571, 40.005665 ], [ -105.055637, 40.005666 ], [ -105.055607, 40.005664 ], [ -105.055569, 40.005659 ], [ -105.05553, 40.005634 ], [ -105.055549, 40.004599 ], [ -105.055563, 40.003859 ], [ -105.055546, 40.002008 ], [ -105.055536, 40.00086 ], [ -105.055531, 40.000416 ], [ -105.055518, 40.000251 ], [ -105.055432, 40.000251 ], [ -105.054348, 40.000255 ], [ -105.052823, 40.00026 ], [ -105.052822, 40.000122 ], [ -105.054286, 40.000125 ], [ -105.058696, 40.000133 ], [ -105.059559, 40.000135 ], [ -105.059932, 40.000144 ], [ -105.060592, 40.000141 ], [ -105.071703, 40.000107 ], [ -105.071727, 39.997075 ], [ -105.071755, 39.995492 ], [ -105.071783, 39.993957 ], [ -105.071791, 39.993493 ], [ -105.071795, 39.993118 ], [ -105.071796, 39.992458 ], [ -105.071789, 39.991533 ], [ -105.07177, 39.990992 ], [ -105.071766, 39.990577 ], [ -105.071691, 39.990577 ], [ -105.068139, 39.990537 ], [ -105.067353, 39.990528 ], [ -105.0678, 39.989998 ], [ -105.068274, 39.989427 ], [ -105.069233, 39.989434 ], [ -105.070685, 39.989442 ], [ -105.071758, 39.989455 ], [ -105.071755, 39.988738 ], [ -105.071756, 39.988685 ], [ -105.068739, 39.988601 ], [ -105.070311, 39.986706 ], [ -105.070332, 39.98668 ], [ -105.070715, 39.986686 ], [ -105.070771, 39.986688 ], [ -105.071788, 39.986693 ], [ -105.071783, 39.986247 ], [ -105.071794, 39.985219 ], [ -105.071797, 39.984815 ], [ -105.071811, 39.983514 ], [ -105.071812, 39.983092 ], [ -105.071408, 39.983086 ], [ -105.070914, 39.983081 ], [ -105.069841, 39.983069 ], [ -105.069485, 39.983067 ], [ -105.067781, 39.983064 ], [ -105.067629, 39.983064 ], [ -105.067343, 39.983063 ], [ -105.067326, 39.983062 ], [ -105.067092, 39.983061 ], [ -105.06709, 39.983167 ], [ -105.067069, 39.98445 ], [ -105.067044, 39.985915 ], [ -105.067042, 39.985998 ], [ -105.06704, 39.986121 ], [ -105.067036, 39.986337 ], [ -105.067033, 39.986535 ], [ -105.064087, 39.986486 ], [ -105.063994, 39.986484 ], [ -105.063473, 39.986475 ], [ -105.062955, 39.986467 ], [ -105.062749, 39.986464 ], [ -105.06235, 39.986457 ], [ -105.060247, 39.986481 ], [ -105.060034, 39.986476 ], [ -105.059708, 39.986478 ], [ -105.058058, 39.986491 ], [ -105.057791, 39.986493 ], [ -105.052774, 39.98654 ], [ -105.052774, 39.986398 ], [ -105.052792, 39.979489 ], [ -105.052792, 39.97938 ], [ -105.059806, 39.97943 ], [ -105.062368, 39.979449 ], [ -105.062375, 39.978332 ], [ -105.062391, 39.975845 ], [ -105.063126, 39.975848 ], [ -105.071886, 39.975886 ], [ -105.071883, 39.975481 ], [ -105.071899, 39.975205 ], [ -105.071907, 39.975064 ], [ -105.071883, 39.97431 ], [ -105.071878, 39.973174 ], [ -105.071884, 39.972271 ], [ -105.07226, 39.972274 ], [ -105.074249, 39.972287 ], [ -105.076501, 39.972302 ], [ -105.076495, 39.965266 ], [ -105.081064, 39.965287 ], [ -105.083546, 39.965292 ], [ -105.083835, 39.965292 ], [ -105.084552, 39.965294 ], [ -105.085066, 39.965295 ], [ -105.085151, 39.96515 ], [ -105.085244, 39.964984 ], [ -105.085754, 39.964072 ], [ -105.085906, 39.96379 ], [ -105.086065, 39.96348 ], [ -105.086215, 39.963168 ], [ -105.086357, 39.962853 ], [ -105.086364, 39.962834 ], [ -105.086491, 39.962536 ], [ -105.086617, 39.962218 ], [ -105.086734, 39.9619 ], [ -105.086841, 39.961583 ], [ -105.086997, 39.961053 ], [ -105.087104, 39.960621 ], [ -105.087182, 39.960189 ], [ -105.087197, 39.960076 ], [ -105.087215, 39.959989 ], [ -105.087464, 39.95996 ], [ -105.087525, 39.959748 ], [ -105.087747, 39.959751 ], [ -105.088031, 39.959753 ], [ -105.088032, 39.959644 ], [ -105.088036, 39.958856 ], [ -105.088037, 39.958685 ], [ -105.088038, 39.958443 ], [ -105.088104, 39.958443 ], [ -105.088104, 39.958422 ], [ -105.088693, 39.958424 ], [ -105.088695, 39.95803 ], [ -105.089044, 39.958032 ], [ -105.089125, 39.958033 ], [ -105.089124, 39.958104 ], [ -105.089145, 39.958104 ], [ -105.089249, 39.958105 ], [ -105.089363, 39.958105 ], [ -105.089694, 39.958106 ], [ -105.089829, 39.958106 ], [ -105.089866, 39.958106 ], [ -105.089867, 39.958034 ], [ -105.089868, 39.957958 ], [ -105.089865, 39.957797 ], [ -105.089866, 39.957764 ], [ -105.089866, 39.957719 ], [ -105.089999, 39.957719 ], [ -105.090249, 39.957718 ], [ -105.090358, 39.957718 ], [ -105.090383, 39.957718 ], [ -105.090862, 39.957719 ], [ -105.090948, 39.957771 ], [ -105.091025, 39.957785 ], [ -105.091025, 39.957803 ], [ -105.091149, 39.95784 ], [ -105.091264, 39.957859 ], [ -105.091389, 39.957879 ], [ -105.091931, 39.957877 ], [ -105.092521, 39.957875 ], [ -105.093466, 39.957872 ], [ -105.094002, 39.95787 ], [ -105.094895, 39.957867 ], [ -105.097262, 39.95786 ], [ -105.097555, 39.95786 ], [ -105.098953, 39.957863 ], [ -105.099305, 39.957863 ], [ -105.09984, 39.957857 ], [ -105.099965, 39.957855 ], [ -105.099964, 39.957994 ], [ -105.099961, 39.958133 ], [ -105.099962, 39.958283 ], [ -105.099962, 39.958438 ], [ -105.09996, 39.958798 ], [ -105.09996, 39.958979 ], [ -105.099893, 39.961604 ], [ -105.098352, 39.961606 ], [ -105.098217, 39.961607 ], [ -105.096597, 39.961611 ], [ -105.095536, 39.961614 ], [ -105.095051, 39.961616 ], [ -105.093341, 39.961621 ], [ -105.092604, 39.961623 ], [ -105.091842, 39.961625 ], [ -105.09071, 39.961624 ], [ -105.090346, 39.961624 ], [ -105.090346, 39.962183 ], [ -105.090362, 39.963447 ], [ -105.090341, 39.964917 ], [ -105.090341, 39.965 ], [ -105.090341, 39.965262 ], [ -105.090436, 39.965262 ], [ -105.090694, 39.965262 ], [ -105.092193, 39.965264 ], [ -105.092853, 39.965264 ], [ -105.095204, 39.965245 ], [ -105.099867, 39.96526 ], [ -105.099866, 39.965772 ], [ -105.099864, 39.966793 ], [ -105.099863, 39.967176 ], [ -105.099861, 39.967403 ], [ -105.099854, 39.968492 ], [ -105.099879, 39.972412 ], [ -105.097735, 39.972411 ], [ -105.097545, 39.972413 ], [ -105.097543, 39.973673 ], [ -105.097552, 39.976106 ], [ -105.103037, 39.976095 ], [ -105.104543, 39.976099 ], [ -105.108616, 39.976108 ], [ -105.10862, 39.975354 ], [ -105.109102, 39.975314 ], [ -105.10922, 39.975307 ], [ -105.109287, 39.975303 ], [ -105.109239, 39.976097 ], [ -105.110034, 39.97609 ], [ -105.110761, 39.976085 ], [ -105.111767, 39.97609 ], [ -105.112383, 39.976085 ], [ -105.112707, 39.976084 ], [ -105.113379, 39.976082 ], [ -105.113809, 39.976083 ], [ -105.113928, 39.976083 ], [ -105.113922, 39.976936 ], [ -105.113921, 39.977323 ], [ -105.11392, 39.977485 ], [ -105.113918, 39.978078 ], [ -105.113913, 39.979295 ], [ -105.113913, 39.979711 ], [ -105.113863, 39.983086 ], [ -105.113862, 39.983288 ], [ -105.113862, 39.983354 ], [ -105.117019, 39.983318 ], [ -105.117139, 39.983317 ], [ -105.117338, 39.983314 ], [ -105.117412, 39.983313 ], [ -105.117397, 39.985148 ], [ -105.117395, 39.98521 ], [ -105.117393, 39.985337 ], [ -105.117388, 39.986898 ], [ -105.117379, 39.987008 ], [ -105.117576, 39.987007 ], [ -105.118639, 39.987005 ], [ -105.118648, 39.988206 ], [ -105.118648, 39.989853 ], [ -105.118657, 39.990119 ], [ -105.118562, 39.990574 ], [ -105.118546, 39.992391 ], [ -105.118666, 39.992388 ], [ -105.12234, 39.992366 ], [ -105.122338, 39.992443 ], [ -105.122338, 39.992515 ], [ -105.122323, 39.993644 ], [ -105.122322, 39.993786 ], [ -105.122322, 39.993868 ], [ -105.122321, 39.994147 ], [ -105.122347, 39.994147 ], [ -105.122398, 39.994146 ], [ -105.12249, 39.994146 ], [ -105.122506, 39.994146 ], [ -105.122813, 39.994145 ], [ -105.123251, 39.994144 ], [ -105.123894, 39.994165 ], [ -105.124178, 39.994158 ], [ -105.124365, 39.994157 ], [ -105.124429, 39.994156 ], [ -105.124749, 39.994154 ], [ -105.125754, 39.994144 ], [ -105.127869, 39.994132 ], [ -105.127951, 39.994132 ], [ -105.129596, 39.994128 ], [ -105.130749, 39.994126 ], [ -105.131815, 39.994132 ], [ -105.136876, 39.994161 ], [ -105.137353, 39.994162 ], [ -105.137334, 39.995666 ], [ -105.137327, 39.998652 ], [ -105.137047, 39.998585 ], [ -105.136826, 39.998487 ], [ -105.136741, 39.998414 ], [ -105.136678, 39.998392 ], [ -105.136477, 39.998336 ], [ -105.13643, 39.99982 ], [ -105.136429, 40.000032 ], [ -105.136429, 40.00006 ], [ -105.138223, 40.000059 ], [ -105.142076, 40.000057 ], [ -105.1424, 40.000057 ], [ -105.142789, 40.000056 ], [ -105.144721, 40.000049 ], [ -105.146736, 40.000041 ], [ -105.149517, 40.000041 ], [ -105.149692, 40.000041 ], [ -105.149814, 40.000041 ], [ -105.149814, 40.000005 ], [ -105.149822, 39.998897 ], [ -105.149822, 39.998879 ], [ -105.149825, 39.998364 ], [ -105.149831, 39.998255 ], [ -105.149697, 39.996444 ], [ -105.149707, 39.995213 ], [ -105.147087, 39.995185 ], [ -105.14677, 39.995181 ], [ -105.146777, 39.994546 ], [ -105.14678, 39.994163 ], [ -105.146779, 39.994001 ], [ -105.151184, 39.993976 ], [ -105.152729, 39.993971 ], [ -105.152729, 39.994128 ], [ -105.152729, 39.994294 ], [ -105.15273, 39.994587 ], [ -105.152733, 39.996186 ], [ -105.153954, 39.996179 ], [ -105.154575, 39.996176 ], [ -105.157083, 39.996172 ], [ -105.157268, 39.996172 ], [ -105.157177, 39.99704 ] ], [ [ -105.135749, 39.998515 ], [ -105.13499, 39.998986 ], [ -105.134803, 39.999105 ], [ -105.134547, 39.999273 ], [ -105.134461, 39.999391 ], [ -105.134361, 39.999641 ], [ -105.134202, 39.999878 ], [ -105.133936, 40.000064 ], [ -105.133859, 40.000116 ], [ -105.133797, 40.000157 ], [ -105.133861, 40.000157 ], [ -105.134939, 40.000151 ], [ -105.134999, 40.000151 ], [ -105.135693, 40.000149 ], [ -105.135749, 39.998515 ] ], [ [ -105.129076, 39.99834 ], [ -105.127919, 39.998335 ], [ -105.127919, 39.998408 ], [ -105.127925, 40.000141 ], [ -105.127926, 40.000188 ], [ -105.12803, 40.000188 ], [ -105.128139, 40.000184 ], [ -105.128519, 40.000191 ], [ -105.128646, 40.00019 ], [ -105.128872, 40.000186 ], [ -105.128899, 40.000185 ], [ -105.129011, 40.000185 ], [ -105.129069, 40.000048 ], [ -105.129073, 39.998726 ], [ -105.129075, 39.998353 ], [ -105.129076, 39.99834 ] ], [ [ -105.128027, 39.997083 ], [ -105.127947, 39.996991 ], [ -105.127903, 39.996885 ], [ -105.1279, 39.996289 ], [ -105.127925, 39.996068 ], [ -105.127952, 39.995954 ], [ -105.127988, 39.995837 ], [ -105.127971, 39.995627 ], [ -105.127954, 39.995412 ], [ -105.127951, 39.994236 ], [ -105.125738, 39.994243 ], [ -105.124767, 39.994244 ], [ -105.124753, 39.997315 ], [ -105.124611, 39.997315 ], [ -105.123226, 39.997318 ], [ -105.123226, 39.997494 ], [ -105.123898, 39.997496 ], [ -105.124508, 39.997498 ], [ -105.124831, 39.997499 ], [ -105.125154, 39.9975 ], [ -105.125397, 39.997501 ], [ -105.125471, 39.997501 ], [ -105.125794, 39.997501 ], [ -105.126114, 39.997501 ], [ -105.127392, 39.997501 ], [ -105.127922, 39.997506 ], [ -105.127923, 39.99742 ], [ -105.127929, 39.997242 ], [ -105.127963, 39.997157 ], [ -105.128027, 39.997083 ] ], [ [ -105.125177, 40.011054 ], [ -105.123026, 40.01106 ], [ -105.121697, 40.011064 ], [ -105.121692, 40.010824 ], [ -105.121674, 40.009826 ], [ -105.121631, 40.007446 ], [ -105.119454, 40.007453 ], [ -105.115944, 40.007465 ], [ -105.112255, 40.007478 ], [ -105.112257, 40.007541 ], [ -105.112271, 40.009926 ], [ -105.11228, 40.011412 ], [ -105.112292, 40.01303 ], [ -105.112303, 40.01462 ], [ -105.114666, 40.014613 ], [ -105.115534, 40.01461 ], [ -105.1157, 40.014609 ], [ -105.115812, 40.014609 ], [ -105.115813, 40.014641 ], [ -105.116665, 40.014637 ], [ -105.117414, 40.014634 ], [ -105.117681, 40.014632 ], [ -105.118178, 40.01463 ], [ -105.118846, 40.014627 ], [ -105.121506, 40.014615 ], [ -105.121824, 40.014614 ], [ -105.123923, 40.014611 ], [ -105.124368, 40.014611 ], [ -105.125191, 40.014608 ], [ -105.125177, 40.011054 ] ], [ [ -105.114573, 39.999517 ], [ -105.112253, 39.999508 ], [ -105.112143, 39.999192 ], [ -105.112018, 39.998892 ], [ -105.111165, 39.9989 ], [ -105.111168, 40.00018 ], [ -105.111712, 40.000178 ], [ -105.114564, 40.000174 ], [ -105.114573, 39.999517 ] ], [ [ -105.113379, 39.990556 ], [ -105.113377, 39.990419 ], [ -105.112658, 39.990417 ], [ -105.112654, 39.99057 ], [ -105.112644, 39.99105 ], [ -105.113388, 39.991048 ], [ -105.113379, 39.990556 ] ], [ [ -105.102921, 40.009607 ], [ -105.10292, 40.009571 ], [ -105.102913, 40.008793 ], [ -105.102913, 40.008684 ], [ -105.102095, 40.008677 ], [ -105.100652, 40.008669 ], [ -105.100652, 40.009875 ], [ -105.101238, 40.00988 ], [ -105.1021, 40.00989 ], [ -105.102636, 40.009896 ], [ -105.102921, 40.009898 ], [ -105.102921, 40.009607 ] ], [ [ -105.095932, 39.97242 ], [ -105.095754, 39.972419 ], [ -105.095349, 39.972417 ], [ -105.095316, 39.973275 ], [ -105.095938, 39.973275 ], [ -105.095932, 39.97242 ] ], [ [ -105.095693, 40.009786 ], [ -105.095174, 40.009788 ], [ -105.095088, 40.009789 ], [ -105.095074, 40.010266 ], [ -105.094631, 40.010265 ], [ -105.094618, 40.010271 ], [ -105.093309, 40.010258 ], [ -105.09331, 40.010711 ], [ -105.09331, 40.010878 ], [ -105.093311, 40.011047 ], [ -105.093438, 40.011052 ], [ -105.093785, 40.011053 ], [ -105.094636, 40.011055 ], [ -105.094874, 40.011058 ], [ -105.095691, 40.011069 ], [ -105.095692, 40.010069 ], [ -105.095693, 40.009786 ] ], [ [ -105.095204, 39.978586 ], [ -105.095203, 39.978449 ], [ -105.093936, 39.978143 ], [ -105.093738, 39.978417 ], [ -105.09353, 39.978646 ], [ -105.093323, 39.978766 ], [ -105.093022, 39.978826 ], [ -105.092295, 39.978872 ], [ -105.091549, 39.97886 ], [ -105.091304, 39.978866 ], [ -105.091107, 39.978914 ], [ -105.09088, 39.979019 ], [ -105.090688, 39.979195 ], [ -105.090569, 39.979404 ], [ -105.090573, 39.979702 ], [ -105.090786, 39.979703 ], [ -105.090986, 39.979701 ], [ -105.091409, 39.979698 ], [ -105.091528, 39.979697 ], [ -105.092504, 39.979689 ], [ -105.093046, 39.979709 ], [ -105.093075, 39.979709 ], [ -105.095209, 39.979713 ], [ -105.095204, 39.978586 ] ], [ [ -105.093531, 39.978065 ], [ -105.09282, 39.977852 ], [ -105.092319, 39.977685 ], [ -105.092079, 39.977581 ], [ -105.091891, 39.977476 ], [ -105.09165, 39.977278 ], [ -105.091295, 39.977037 ], [ -105.09094, 39.976724 ], [ -105.090689, 39.976463 ], [ -105.090421, 39.976076 ], [ -105.090318, 39.976073 ], [ -105.090555, 39.976493 ], [ -105.0906, 39.976626 ], [ -105.090608, 39.978543 ], [ -105.090643, 39.978636 ], [ -105.090757, 39.978772 ], [ -105.090806, 39.97882 ], [ -105.090939, 39.978759 ], [ -105.091136, 39.978687 ], [ -105.091416, 39.978651 ], [ -105.092558, 39.978679 ], [ -105.092951, 39.978668 ], [ -105.093186, 39.978591 ], [ -105.093361, 39.97846 ], [ -105.093492, 39.978296 ], [ -105.093531, 39.978065 ] ], [ [ -105.090614, 39.978947 ], [ -105.090509, 39.978777 ], [ -105.090433, 39.978614 ], [ -105.090396, 39.978459 ], [ -105.09039, 39.976755 ], [ -105.090369, 39.976651 ], [ -105.09033, 39.976554 ], [ -105.0903, 39.976505 ], [ -105.090111, 39.9762 ], [ -105.090058, 39.976115 ], [ -105.090031, 39.976068 ], [ -105.088544, 39.976057 ], [ -105.085398, 39.976032 ], [ -105.081069, 39.976005 ], [ -105.078689, 39.975994 ], [ -105.0786, 39.976118 ], [ -105.076533, 39.978792 ], [ -105.076547, 39.97911 ], [ -105.076548, 39.979175 ], [ -105.07655, 39.979532 ], [ -105.077958, 39.979549 ], [ -105.087801, 39.979673 ], [ -105.08977, 39.979695 ], [ -105.089907, 39.979697 ], [ -105.090326, 39.979703 ], [ -105.090385, 39.979703 ], [ -105.090408, 39.979266 ], [ -105.090562, 39.978989 ], [ -105.090614, 39.978947 ] ], [ [ -105.090504, 39.981887 ], [ -105.089656, 39.98189 ], [ -105.08964, 39.982285 ], [ -105.090504, 39.982292 ], [ -105.090504, 39.981887 ] ], [ [ -105.079826, 39.999612 ], [ -105.079807, 39.999392 ], [ -105.079757, 39.999099 ], [ -105.07968, 39.99881 ], [ -105.079662, 39.998759 ], [ -105.079577, 39.998525 ], [ -105.079482, 39.998315 ], [ -105.079411, 39.998178 ], [ -105.07886, 39.996865 ], [ -105.078692, 39.996321 ], [ -105.078423, 39.994464 ], [ -105.078396, 39.994322 ], [ -105.078343, 39.994139 ], [ -105.07827, 39.993956 ], [ -105.075844, 39.993899 ], [ -105.074545, 39.99387 ], [ -105.072189, 39.993835 ], [ -105.071992, 39.993832 ], [ -105.072033, 39.993981 ], [ -105.072196, 39.994394 ], [ -105.072414, 39.994717 ], [ -105.072759, 39.995062 ], [ -105.073305, 39.995547 ], [ -105.073639, 39.99584 ], [ -105.073912, 39.99612 ], [ -105.074126, 39.996325 ], [ -105.074413, 39.996798 ], [ -105.074598, 39.997203 ], [ -105.074649, 39.997574 ], [ -105.07463, 40.000053 ], [ -105.074638, 40.000128 ], [ -105.078595, 40.000078 ], [ -105.078851, 40.000078 ], [ -105.079463, 40.000078 ], [ -105.07946, 39.999699 ], [ -105.079829, 39.9997 ], [ -105.079826, 39.999612 ] ] ] ] } },
{ "type": "Feature", "properties": { "GEOID": "0882735", "NAME": "Ward", "share_in_bvsd": 1.0 }, "geometry": { "type": "Polygon", "coordinates": [ [ [ -105.523646, 40.072422 ], [ -105.523563, 40.075794 ], [ -105.523363, 40.075803 ], [ -105.521629, 40.075881 ], [ -105.52088, 40.075915 ], [ -105.516797, 40.075982 ], [ -105.513939, 40.075937 ], [ -105.509973, 40.075936 ], [ -105.50923, 40.075936 ], [ -105.509166, 40.075934 ], [ -105.508704, 40.075912 ], [ -105.507591, 40.07586 ], [ -105.504288, 40.075707 ], [ -105.504287, 40.075733 ], [ -105.504156, 40.075739 ], [ -105.504245, 40.075374 ], [ -105.503646, 40.075331 ], [ -105.503232, 40.075301 ], [ -105.503042, 40.075282 ], [ -105.503134, 40.075123 ], [ -105.503282, 40.074868 ], [ -105.503486, 40.074736 ], [ -105.504115, 40.074286 ], [ -105.504239, 40.074026 ], [ -105.504299, 40.073913 ], [ -105.504294, 40.073893 ], [ -105.504299, 40.072312 ], [ -105.504299, 40.072149 ], [ -105.504299, 40.07212 ], [ -105.504299, 40.07191 ], [ -105.504298, 40.071812 ], [ -105.504293, 40.07003 ], [ -105.504293, 40.069772 ], [ -105.504293, 40.069662 ], [ -105.503626, 40.068663 ], [ -105.50358, 40.068597 ], [ -105.503444, 40.068391 ], [ -105.503218, 40.068052 ], [ -105.504206, 40.067478 ], [ -105.504467, 40.067327 ], [ -105.504627, 40.067234 ], [ -105.505047, 40.067873 ], [ -105.50546, 40.068503 ], [ -105.508115, 40.068522 ], [ -105.508181, 40.068522 ], [ -105.509439, 40.068531 ], [ -105.510622, 40.06854 ], [ -105.513202, 40.06853 ], [ -105.515444, 40.068578 ], [ -105.516211, 40.068585 ], [ -105.516659, 40.0686 ], [ -105.523447, 40.06877 ], [ -105.524966, 40.068809 ], [ -105.523646, 40.072422 ] ] ] } },
{ "type": "Feature", "properties": { "GEOID": "0815302", "NAME": "Coal Creek", "share_in_bvsd": 0.36706435489113398 }, "geometry": { "type": "Polygon", "coordinates": [ [ [ -105.422931, 39.92674 ], [ -105.422858, 39.926911 ], [ -105.422828, 39.926966 ], [ -105.422784, 39.927045 ], [ -105.422734, 39.927183 ], [ -105.422706, 39.927287 ], [ -105.42267, 39.927468 ], [ -105.422634, 39.927617 ], [ -105.422541, 39.92782 ], [ -105.422427, 39.928171 ], [ -105.422334, 39.928374 ], [ -105.422263, 39.928479 ], [ -105.422149, 39.928605 ], [ -105.421963, 39.928715 ], [ -105.421785, 39.928814 ], [ -105.421592, 39.928962 ], [ -105.421207, 39.929149 ], [ -105.420986, 39.929242 ], [ -105.420927, 39.92926 ], [ -105.420778, 39.928952 ], [ -105.420595, 39.928707 ], [ -105.420386, 39.928561 ], [ -105.420053, 39.928392 ], [ -105.419698, 39.928288 ], [ -105.419309, 39.928238 ], [ -105.418928, 39.928257 ], [ -105.41857, 39.928347 ], [ -105.418235, 39.928504 ], [ -105.41815, 39.928568 ], [ -105.417975, 39.9287 ], [ -105.417725, 39.929014 ], [ -105.417234, 39.929881 ], [ -105.416997, 39.930172 ], [ -105.416667, 39.930445 ], [ -105.416045, 39.930747 ], [ -105.415507, 39.931029 ], [ -105.41515, 39.931275 ], [ -105.414815, 39.931563 ], [ -105.414604, 39.931785 ], [ -105.413922, 39.931912 ], [ -105.412968, 39.931945 ], [ -105.412321, 39.931933 ], [ -105.410481, 39.931387 ], [ -105.408996, 39.93097 ], [ -105.40787, 39.930627 ], [ -105.407383, 39.930533 ], [ -105.406984, 39.930486 ], [ -105.406617, 39.930467 ], [ -105.406179, 39.930558 ], [ -105.405327, 39.93083 ], [ -105.404607, 39.931112 ], [ -105.403331, 39.931569 ], [ -105.402752, 39.931833 ], [ -105.402617, 39.93194 ], [ -105.402453, 39.93207 ], [ -105.402282, 39.932315 ], [ -105.40208, 39.93266 ], [ -105.401715, 39.93307 ], [ -105.401447, 39.933269 ], [ -105.401169, 39.93343 ], [ -105.4007, 39.933592 ], [ -105.400227, 39.933627 ], [ -105.399798, 39.933612 ], [ -105.399399, 39.933532 ], [ -105.399053, 39.933434 ], [ -105.398317, 39.933126 ], [ -105.397955, 39.932985 ], [ -105.397892, 39.932964 ], [ -105.397457, 39.932878 ], [ -105.397009, 39.932851 ], [ -105.39659, 39.932899 ], [ -105.396295, 39.932921 ], [ -105.393741, 39.933614 ], [ -105.393298, 39.933677 ], [ -105.392848, 39.933661 ], [ -105.392416, 39.933565 ], [ -105.392013, 39.93339 ], [ -105.39138, 39.933198 ], [ -105.390918, 39.933134 ], [ -105.390469, 39.933098 ], [ -105.390018, 39.93309 ], [ -105.388981, 39.933132 ], [ -105.388531, 39.933108 ], [ -105.388087, 39.933049 ], [ -105.387597, 39.932934 ], [ -105.386784, 39.932633 ], [ -105.386399, 39.932453 ], [ -105.385679, 39.932035 ], [ -105.385348, 39.931779 ], [ -105.384758, 39.931528 ], [ -105.384642, 39.931479 ], [ -105.384207, 39.93139 ], [ -105.383758, 39.93136 ], [ -105.383309, 39.931389 ], [ -105.382355, 39.931511 ], [ -105.381486, 39.931587 ], [ -105.381044, 39.93152 ], [ -105.38063, 39.931383 ], [ -105.380263, 39.931182 ], [ -105.379711, 39.930935 ], [ -105.379393, 39.930837 ], [ -105.379292, 39.930806 ], [ -105.378856, 39.930718 ], [ -105.378409, 39.930671 ], [ -105.377519, 39.930664 ], [ -105.377076, 39.930599 ], [ -105.376646, 39.930493 ], [ -105.376236, 39.930349 ], [ -105.375851, 39.930169 ], [ -105.375497, 39.929954 ], [ -105.374961, 39.929563 ], [ -105.372331, 39.927647 ], [ -105.370114, 39.926032 ], [ -105.369923, 39.92597 ], [ -105.370178, 39.925789 ], [ -105.3707, 39.925593 ], [ -105.371044, 39.925503 ], [ -105.371461, 39.925535 ], [ -105.371805, 39.925606 ], [ -105.3724, 39.925492 ], [ -105.372786, 39.925348 ], [ -105.372911, 39.925279 ], [ -105.373171, 39.925154 ], [ -105.373203, 39.924997 ], [ -105.37313, 39.924795 ], [ -105.373114, 39.924779 ], [ -105.37241, 39.924082 ], [ -105.371565, 39.923433 ], [ -105.370919, 39.92281 ], [ -105.370543, 39.922391 ], [ -105.37021, 39.92227 ], [ -105.370053, 39.922086 ], [ -105.369855, 39.921808 ], [ -105.369431, 39.920769 ], [ -105.369184, 39.920862 ], [ -105.368944, 39.920923 ], [ -105.368648, 39.920954 ], [ -105.36835, 39.920976 ], [ -105.368027, 39.920928 ], [ -105.367268, 39.920722 ], [ -105.366634, 39.920609 ], [ -105.36598, 39.920469 ], [ -105.365411, 39.920331 ], [ -105.364892, 39.920172 ], [ -105.363824, 39.919704 ], [ -105.36337, 39.919544 ], [ -105.362903, 39.919437 ], [ -105.361481, 39.919141 ], [ -105.360851, 39.919033 ], [ -105.360652, 39.918984 ], [ -105.360399, 39.918854 ], [ -105.360297, 39.918794 ], [ -105.360131, 39.918664 ], [ -105.360053, 39.918585 ], [ -105.359979, 39.918483 ], [ -105.359885, 39.918326 ], [ -105.359834, 39.918182 ], [ -105.359829, 39.918064 ], [ -105.359836, 39.917866 ], [ -105.359864, 39.917664 ], [ -105.359899, 39.917448 ], [ -105.359885, 39.917128 ], [ -105.359832, 39.91686 ], [ -105.359645, 39.91654 ], [ -105.359458, 39.916313 ], [ -105.359178, 39.915846 ], [ -105.358563, 39.914965 ], [ -105.358516, 39.914873 ], [ -105.358184, 39.914286 ], [ -105.358062, 39.914042 ], [ -105.357666, 39.913485 ], [ -105.357346, 39.913486 ], [ -105.35106, 39.913572 ], [ -105.350741, 39.913578 ], [ -105.342281, 39.913737 ], [ -105.339547, 39.913786 ], [ -105.34142, 39.913143 ], [ -105.341349, 39.913143 ], [ -105.341057, 39.913122 ], [ -105.340693, 39.913033 ], [ -105.340433, 39.912856 ], [ -105.340213, 39.912683 ], [ -105.339978, 39.912553 ], [ -105.339615, 39.91245 ], [ -105.339456, 39.912293 ], [ -105.339338, 39.911938 ], [ -105.339197, 39.911785 ], [ -105.339015, 39.911759 ], [ -105.33863, 39.911836 ], [ -105.338274, 39.911973 ], [ -105.337947, 39.912073 ], [ -105.337532, 39.912173 ], [ -105.337674, 39.912416 ], [ -105.337675, 39.912749 ], [ -105.337367, 39.913051 ], [ -105.337028, 39.91321 ], [ -105.336567, 39.913319 ], [ -105.33602, 39.913348 ], [ -105.335433, 39.913318 ], [ -105.334818, 39.913234 ], [ -105.334444, 39.913091 ], [ -105.334066, 39.912851 ], [ -105.33357, 39.912504 ], [ -105.332916, 39.91274 ], [ -105.332291, 39.913001 ], [ -105.331796, 39.913234 ], [ -105.331478, 39.913273 ], [ -105.33117, 39.913252 ], [ -105.330801, 39.913187 ], [ -105.330707, 39.913129 ], [ -105.330631, 39.912972 ], [ -105.330648, 39.912828 ], [ -105.330712, 39.91276 ], [ -105.33095, 39.91243 ], [ -105.331112, 39.912232 ], [ -105.331342, 39.911842 ], [ -105.33158, 39.911466 ], [ -105.331861, 39.911077 ], [ -105.332124, 39.910986 ], [ -105.332469, 39.910994 ], [ -105.333281, 39.910929 ], [ -105.33314, 39.910686 ], [ -105.332357, 39.90954 ], [ -105.332122, 39.909329 ], [ -105.331855, 39.908928 ], [ -105.331557, 39.908624 ], [ -105.331328, 39.908436 ], [ -105.331222, 39.908332 ], [ -105.33117, 39.908265 ], [ -105.331135, 39.908137 ], [ -105.331186, 39.90799 ], [ -105.33139, 39.907967 ], [ -105.331887, 39.907952 ], [ -105.332214, 39.907933 ], [ -105.332533, 39.90796 ], [ -105.333014, 39.908019 ], [ -105.333395, 39.907996 ], [ -105.33372, 39.907962 ], [ -105.334038, 39.907856 ], [ -105.333972, 39.907496 ], [ -105.333846, 39.906907 ], [ -105.333751, 39.906511 ], [ -105.333744, 39.906353 ], [ -105.333771, 39.90603 ], [ -105.333694, 39.9058 ], [ -105.33362, 39.905632 ], [ -105.333611, 39.90548 ], [ -105.333598, 39.905367 ], [ -105.333482, 39.905091 ], [ -105.333279, 39.904848 ], [ -105.333163, 39.904641 ], [ -105.333153, 39.904493 ], [ -105.333289, 39.904281 ], [ -105.333365, 39.904184 ], [ -105.333534, 39.904053 ], [ -105.333815, 39.904011 ], [ -105.33423, 39.904051 ], [ -105.334687, 39.904149 ], [ -105.334903, 39.904247 ], [ -105.334969, 39.904449 ], [ -105.335053, 39.904895 ], [ -105.334991, 39.90548 ], [ -105.335009, 39.905584 ], [ -105.33507, 39.905635 ], [ -105.335437, 39.905808 ], [ -105.336381, 39.906269 ], [ -105.336615, 39.906439 ], [ -105.336772, 39.906672 ], [ -105.336897, 39.906761 ], [ -105.337383, 39.90682 ], [ -105.337769, 39.906915 ], [ -105.338053, 39.907061 ], [ -105.338388, 39.907158 ], [ -105.338632, 39.907189 ], [ -105.338287, 39.90698 ], [ -105.338001, 39.906817 ], [ -105.337827, 39.906616 ], [ -105.337595, 39.906498 ], [ -105.337353, 39.906387 ], [ -105.337258, 39.906275 ], [ -105.33714, 39.9061 ], [ -105.337129, 39.905935 ], [ -105.337178, 39.905818 ], [ -105.337351, 39.905742 ], [ -105.337814, 39.905704 ], [ -105.338942, 39.905688 ], [ -105.339255, 39.905643 ], [ -105.339493, 39.905566 ], [ -105.339787, 39.905412 ], [ -105.340053, 39.905349 ], [ -105.340538, 39.905348 ], [ -105.340948, 39.905355 ], [ -105.341428, 39.905272 ], [ -105.341608, 39.905164 ], [ -105.341892, 39.904835 ], [ -105.34218, 39.904522 ], [ -105.342451, 39.904262 ], [ -105.342676, 39.904063 ], [ -105.342952, 39.903917 ], [ -105.343159, 39.903903 ], [ -105.343291, 39.903988 ], [ -105.343378, 39.904142 ], [ -105.343282, 39.904384 ], [ -105.343079, 39.904678 ], [ -105.342674, 39.905284 ], [ -105.342428, 39.905499 ], [ -105.342195, 39.905693 ], [ -105.342148, 39.905897 ], [ -105.342158, 39.906269 ], [ -105.342206, 39.906742 ], [ -105.342102, 39.906993 ], [ -105.341976, 39.907101 ], [ -105.341794, 39.907157 ], [ -105.341633, 39.907145 ], [ -105.3414, 39.907093 ], [ -105.340809, 39.906796 ], [ -105.340416, 39.906622 ], [ -105.339992, 39.906529 ], [ -105.339692, 39.906541 ], [ -105.339598, 39.906588 ], [ -105.339557, 39.906687 ], [ -105.339587, 39.906836 ], [ -105.339704, 39.906924 ], [ -105.339854, 39.906953 ], [ -105.340103, 39.906968 ], [ -105.340279, 39.907032 ], [ -105.34045, 39.907148 ], [ -105.340492, 39.907176 ], [ -105.340549, 39.907243 ], [ -105.340635, 39.90731 ], [ -105.340693, 39.907376 ], [ -105.340849, 39.907576 ], [ -105.341095, 39.907853 ], [ -105.341253, 39.907974 ], [ -105.341324, 39.908028 ], [ -105.341523, 39.908167 ], [ -105.341781, 39.90827 ], [ -105.341963, 39.908281 ], [ -105.342195, 39.908296 ], [ -105.342367, 39.908305 ], [ -105.342658, 39.908322 ], [ -105.343114, 39.90832 ], [ -105.343394, 39.908229 ], [ -105.343738, 39.908095 ], [ -105.344294, 39.907997 ], [ -105.345245, 39.907751 ], [ -105.34577, 39.907595 ], [ -105.345896, 39.907381 ], [ -105.345931, 39.907322 ], [ -105.346073, 39.907056 ], [ -105.34624, 39.906824 ], [ -105.346487, 39.906536 ], [ -105.346772, 39.90624 ], [ -105.347109, 39.906008 ], [ -105.347332, 39.905912 ], [ -105.346939, 39.904488 ], [ -105.34676, 39.903873 ], [ -105.346561, 39.903141 ], [ -105.346382, 39.902522 ], [ -105.346078, 39.90181 ], [ -105.34581, 39.901238 ], [ -105.345503, 39.900774 ], [ -105.345264, 39.900525 ], [ -105.345025, 39.900317 ], [ -105.344691, 39.900128 ], [ -105.34442, 39.900019 ], [ -105.344126, 39.899937 ], [ -105.343853, 39.899958 ], [ -105.343525, 39.900047 ], [ -105.343222, 39.900173 ], [ -105.342975, 39.900232 ], [ -105.34261, 39.90018 ], [ -105.342646, 39.900117 ], [ -105.342705, 39.900013 ], [ -105.343038, 39.899764 ], [ -105.343232, 39.8996 ], [ -105.343498, 39.899374 ], [ -105.343957, 39.898874 ], [ -105.344388, 39.898569 ], [ -105.344749, 39.898399 ], [ -105.3453, 39.898105 ], [ -105.345674, 39.897821 ], [ -105.345963, 39.897571 ], [ -105.346257, 39.897358 ], [ -105.346722, 39.897152 ], [ -105.347121, 39.897027 ], [ -105.347563, 39.896914 ], [ -105.347914, 39.896689 ], [ -105.348298, 39.89638 ], [ -105.348582, 39.896193 ], [ -105.348916, 39.896012 ], [ -105.349655, 39.895702 ], [ -105.350315, 39.895405 ], [ -105.351159, 39.894902 ], [ -105.351458, 39.894692 ], [ -105.351831, 39.894349 ], [ -105.352055, 39.894178 ], [ -105.352196, 39.893957 ], [ -105.352229, 39.89388 ], [ -105.352277, 39.89367 ], [ -105.352607, 39.893249 ], [ -105.353174, 39.892815 ], [ -105.353593, 39.892485 ], [ -105.354119, 39.892189 ], [ -105.354408, 39.892005 ], [ -105.3549, 39.891609 ], [ -105.355261, 39.891361 ], [ -105.355499, 39.891254 ], [ -105.355987, 39.890772 ], [ -105.356331, 39.890339 ], [ -105.356553, 39.889935 ], [ -105.356756, 39.889711 ], [ -105.35695, 39.88956 ], [ -105.357164, 39.889394 ], [ -105.357495, 39.88899 ], [ -105.357938, 39.888241 ], [ -105.358225, 39.887573 ], [ -105.358701, 39.886776 ], [ -105.358791, 39.886629 ], [ -105.358846, 39.886539 ], [ -105.359078, 39.886163 ], [ -105.359305, 39.885928 ], [ -105.359528, 39.885774 ], [ -105.359803, 39.88564 ], [ -105.360159, 39.88549 ], [ -105.361247, 39.885056 ], [ -105.361542, 39.884916 ], [ -105.361758, 39.884802 ], [ -105.361921, 39.884669 ], [ -105.362133, 39.884452 ], [ -105.362262, 39.884259 ], [ -105.362539, 39.883718 ], [ -105.362768, 39.883506 ], [ -105.363019, 39.883354 ], [ -105.363786, 39.882867 ], [ -105.364213, 39.882521 ], [ -105.364425, 39.88235 ], [ -105.364841, 39.88202 ], [ -105.365235, 39.881796 ], [ -105.365451, 39.881712 ], [ -105.365523, 39.881703 ], [ -105.365643, 39.881689 ], [ -105.365816, 39.881742 ], [ -105.366552, 39.882005 ], [ -105.366896, 39.88208 ], [ -105.367392, 39.88216 ], [ -105.367895, 39.882266 ], [ -105.3701, 39.883981 ], [ -105.372557, 39.885485 ], [ -105.375512, 39.886318 ], [ -105.380456, 39.886562 ], [ -105.38062, 39.886604 ], [ -105.380773, 39.886617 ], [ -105.380878, 39.886585 ], [ -105.380995, 39.88652 ], [ -105.381056, 39.886438 ], [ -105.381072, 39.886343 ], [ -105.381055, 39.886283 ], [ -105.380701, 39.886081 ], [ -105.379488, 39.885474 ], [ -105.378865, 39.88504 ], [ -105.37839, 39.884692 ], [ -105.378273, 39.884544 ], [ -105.378239, 39.884458 ], [ -105.378216, 39.88432 ], [ -105.378215, 39.88416 ], [ -105.378198, 39.883892 ], [ -105.378063, 39.883507 ], [ -105.378075, 39.883007 ], [ -105.378187, 39.882522 ], [ -105.37831, 39.882121 ], [ -105.378319, 39.881882 ], [ -105.378208, 39.881717 ], [ -105.378018, 39.881625 ], [ -105.377742, 39.881526 ], [ -105.377402, 39.881435 ], [ -105.377256, 39.881312 ], [ -105.377226, 39.881178 ], [ -105.3773, 39.881005 ], [ -105.377545, 39.880663 ], [ -105.377738, 39.880465 ], [ -105.377973, 39.880356 ], [ -105.378191, 39.880305 ], [ -105.37835, 39.880286 ], [ -105.378452, 39.880268 ], [ -105.378638, 39.880266 ], [ -105.3787, 39.880113 ], [ -105.3787, 39.879984 ], [ -105.378507, 39.879644 ], [ -105.378472, 39.879445 ], [ -105.378507, 39.879261 ], [ -105.378679, 39.878953 ], [ -105.379358, 39.878066 ], [ -105.379953, 39.877159 ], [ -105.380246, 39.877092 ], [ -105.380598, 39.877091 ], [ -105.38114, 39.877203 ], [ -105.381786, 39.877286 ], [ -105.381886, 39.877299 ], [ -105.382361, 39.877352 ], [ -105.382716, 39.877351 ], [ -105.382743, 39.877351 ], [ -105.383102, 39.877215 ], [ -105.383472, 39.877061 ], [ -105.383884, 39.876911 ], [ -105.384313, 39.876846 ], [ -105.384879, 39.876841 ], [ -105.385217, 39.87693 ], [ -105.385949, 39.877305 ], [ -105.386691, 39.877649 ], [ -105.387435, 39.877885 ], [ -105.388854, 39.878294 ], [ -105.388941, 39.878251 ], [ -105.389022, 39.878211 ], [ -105.389062, 39.878151 ], [ -105.3891, 39.878094 ], [ -105.389149, 39.877806 ], [ -105.389248, 39.877644 ], [ -105.389421, 39.877545 ], [ -105.389809, 39.877473 ], [ -105.390367, 39.877353 ], [ -105.390675, 39.877258 ], [ -105.391165, 39.877091 ], [ -105.391491, 39.87705 ], [ -105.391961, 39.877033 ], [ -105.392594, 39.877023 ], [ -105.393167, 39.876916 ], [ -105.393414, 39.876765 ], [ -105.393627, 39.876489 ], [ -105.39413, 39.875954 ], [ -105.394692, 39.875423 ], [ -105.395765, 39.874712 ], [ -105.396212, 39.874321 ], [ -105.396702, 39.8737 ], [ -105.396729, 39.873666 ], [ -105.397309, 39.872824 ], [ -105.397361, 39.872731 ], [ -105.397569, 39.872357 ], [ -105.397811, 39.871849 ], [ -105.397999, 39.871433 ], [ -105.398, 39.871539 ], [ -105.398043, 39.872186 ], [ -105.398044, 39.872686 ], [ -105.398045, 39.873443 ], [ -105.398045, 39.873886 ], [ -105.397955, 39.87641 ], [ -105.397947, 39.876587 ], [ -105.397949, 39.876905 ], [ -105.397948, 39.877586 ], [ -105.397949, 39.877701 ], [ -105.39795, 39.879587 ], [ -105.397951, 39.8797 ], [ -105.39795, 39.880287 ], [ -105.397949, 39.880912 ], [ -105.397949, 39.881087 ], [ -105.397937, 39.88116 ], [ -105.397849, 39.881686 ], [ -105.397849, 39.881699 ], [ -105.397848, 39.882187 ], [ -105.397783, 39.88238 ], [ -105.397772, 39.882418 ], [ -105.397759, 39.882455 ], [ -105.397749, 39.882487 ], [ -105.397649, 39.883187 ], [ -105.397848, 39.895341 ], [ -105.397852, 39.895446 ], [ -105.397949, 39.897286 ], [ -105.39789, 39.897995 ], [ -105.397849, 39.898486 ], [ -105.397835, 39.899269 ], [ -105.397835, 39.899281 ], [ -105.397833, 39.899383 ], [ -105.397826, 39.899727 ], [ -105.397825, 39.899842 ], [ -105.397824, 39.899889 ], [ -105.397823, 39.899952 ], [ -105.397821, 39.900033 ], [ -105.397821, 39.900081 ], [ -105.397819, 39.900205 ], [ -105.397817, 39.90033 ], [ -105.397749, 39.904086 ], [ -105.397749, 39.905586 ], [ -105.397749, 39.906186 ], [ -105.397749, 39.906653 ], [ -105.397749, 39.906685 ], [ -105.397749, 39.906792 ], [ -105.397747, 39.907234 ], [ -105.397747, 39.907545 ], [ -105.397749, 39.907643 ], [ -105.397751, 39.907985 ], [ -105.397822, 39.908349 ], [ -105.397897, 39.908354 ], [ -105.398124, 39.90837 ], [ -105.3982, 39.908376 ], [ -105.398218, 39.908404 ], [ -105.39829, 39.908464 ], [ -105.398539, 39.908525 ], [ -105.398634, 39.908533 ], [ -105.398661, 39.908536 ], [ -105.398703, 39.908453 ], [ -105.398917, 39.908486 ], [ -105.399039, 39.908514 ], [ -105.399281, 39.90864 ], [ -105.399459, 39.908684 ], [ -105.399623, 39.908756 ], [ -105.399823, 39.908855 ], [ -105.399924, 39.908909 ], [ -105.400186, 39.909052 ], [ -105.400443, 39.909256 ], [ -105.4006, 39.909464 ], [ -105.400707, 39.909651 ], [ -105.400799, 39.909761 ], [ -105.401384, 39.910289 ], [ -105.401705, 39.910558 ], [ -105.402282, 39.911074 ], [ -105.402525, 39.911195 ], [ -105.402774, 39.911366 ], [ -105.402889, 39.911454 ], [ -105.403188, 39.911684 ], [ -105.403409, 39.91186 ], [ -105.40383, 39.912041 ], [ -105.404, 39.912142 ], [ -105.404043, 39.912168 ], [ -105.404157, 39.912283 ], [ -105.4043, 39.91247 ], [ -105.4045, 39.912657 ], [ -105.404692, 39.912849 ], [ -105.404899, 39.913052 ], [ -105.405134, 39.913245 ], [ -105.405398, 39.913388 ], [ -105.405655, 39.913541 ], [ -105.405946, 39.913679 ], [ -105.406026, 39.913717 ], [ -105.406311, 39.9138 ], [ -105.406461, 39.913849 ], [ -105.406682, 39.913943 ], [ -105.406896, 39.914047 ], [ -105.407109, 39.914162 ], [ -105.407516, 39.914459 ], [ -105.407908, 39.914717 ], [ -105.4084, 39.915009 ], [ -105.408892, 39.915201 ], [ -105.409384, 39.915399 ], [ -105.40945, 39.915419 ], [ -105.409531, 39.915362 ], [ -105.409812, 39.915416 ], [ -105.410068, 39.915535 ], [ -105.410268, 39.915678 ], [ -105.410721, 39.916055 ], [ -105.411103, 39.916408 ], [ -105.411256, 39.916577 ], [ -105.411345, 39.916635 ], [ -105.411488, 39.916805 ], [ -105.411602, 39.91697 ], [ -105.41178, 39.917129 ], [ -105.411994, 39.917272 ], [ -105.412229, 39.917399 ], [ -105.412356, 39.917445 ], [ -105.4125, 39.917498 ], [ -105.412936, 39.917701 ], [ -105.413178, 39.917783 ], [ -105.413563, 39.917729 ], [ -105.413605, 39.917734 ], [ -105.413706, 39.917745 ], [ -105.413948, 39.917844 ], [ -105.414162, 39.917943 ], [ -105.414326, 39.918086 ], [ -105.414583, 39.918355 ], [ -105.414854, 39.918586 ], [ -105.415018, 39.918701 ], [ -105.415175, 39.918827 ], [ -105.41531, 39.918998 ], [ -105.41541, 39.91909 ], [ -105.415451, 39.919123 ], [ -105.415476, 39.919142 ], [ -105.415574, 39.919217 ], [ -105.415632, 39.919275 ], [ -105.415717, 39.91936 ], [ -105.41582, 39.919428 ], [ -105.415959, 39.91952 ], [ -105.416159, 39.919673 ], [ -105.416337, 39.919827 ], [ -105.416551, 39.920074 ], [ -105.416737, 39.920267 ], [ -105.416951, 39.920415 ], [ -105.417129, 39.920514 ], [ -105.417314, 39.920668 ], [ -105.417342, 39.920696 ], [ -105.417478, 39.920833 ], [ -105.417642, 39.920931 ], [ -105.418113, 39.921195 ], [ -105.418234, 39.921289 ], [ -105.418282, 39.921338 ], [ -105.418384, 39.921442 ], [ -105.418512, 39.921728 ], [ -105.418655, 39.921942 ], [ -105.418783, 39.92208 ], [ -105.41894, 39.922184 ], [ -105.419032, 39.922233 ], [ -105.419197, 39.922321 ], [ -105.419291, 39.922397 ], [ -105.419361, 39.922453 ], [ -105.419611, 39.922744 ], [ -105.419775, 39.922948 ], [ -105.419859, 39.923118 ], [ -105.419932, 39.923266 ], [ -105.419939, 39.923288 ], [ -105.420011, 39.923385 ], [ -105.420167, 39.923596 ], [ -105.420561, 39.924099 ], [ -105.420645, 39.924205 ], [ -105.420823, 39.924387 ], [ -105.421001, 39.92453 ], [ -105.421165, 39.9247 ], [ -105.421379, 39.924936 ], [ -105.421529, 39.925051 ], [ -105.421743, 39.925167 ], [ -105.422085, 39.925365 ], [ -105.422271, 39.925568 ], [ -105.422356, 39.925749 ], [ -105.422399, 39.925947 ], [ -105.422416, 39.925968 ], [ -105.422499, 39.926073 ], [ -105.422592, 39.926161 ], [ -105.422777, 39.926359 ], [ -105.422955, 39.926683 ], [ -105.422931, 39.92674 ] ] ] } },
{ "type": "Feature", "properties": { "GEOID": "0823575", "NAME": "Eldora", "share_in_bvsd": 1.0000000000000002 }, "geometry": { "type": "Polygon", "coordinates": [ [ [ -105.610526, 39.976943 ], [ -105.609504, 39.977012 ], [ -105.59523, 39.972273 ], [ -105.588698, 39.970105 ], [ -105.584833, 39.968822 ], [ -105.583341, 39.968235 ], [ -105.58317, 39.967972 ], [ -105.583084, 39.967578 ], [ -105.583298, 39.967052 ], [ -105.583469, 39.966658 ], [ -105.583426, 39.965805 ], [ -105.583255, 39.965345 ], [ -105.582742, 39.965214 ], [ -105.5818, 39.964885 ], [ -105.581458, 39.964458 ], [ -105.581069, 39.963788 ], [ -105.580522, 39.963669 ], [ -105.57973, 39.963365 ], [ -105.579255, 39.96294 ], [ -105.578939, 39.962394 ], [ -105.578543, 39.96203 ], [ -105.577909, 39.961848 ], [ -105.577118, 39.961362 ], [ -105.576722, 39.960634 ], [ -105.57593, 39.960149 ], [ -105.575059, 39.959542 ], [ -105.573951, 39.959056 ], [ -105.572447, 39.958631 ], [ -105.570388, 39.958025 ], [ -105.568409, 39.957782 ], [ -105.567063, 39.957903 ], [ -105.565875, 39.957843 ], [ -105.564292, 39.957357 ], [ -105.563421, 39.956629 ], [ -105.561838, 39.95584 ], [ -105.560175, 39.954808 ], [ -105.558829, 39.954626 ], [ -105.557483, 39.954565 ], [ -105.555425, 39.954262 ], [ -105.553287, 39.953655 ], [ -105.550833, 39.952988 ], [ -105.545452, 39.949442 ], [ -105.544633, 39.948558 ], [ -105.543051, 39.947537 ], [ -105.541632, 39.947803 ], [ -105.541122, 39.94789 ], [ -105.540613, 39.947978 ], [ -105.538697, 39.948324 ], [ -105.53957, 39.947704 ], [ -105.540305, 39.947141 ], [ -105.541132, 39.946373 ], [ -105.541902, 39.945684 ], [ -105.542698, 39.945102 ], [ -105.543523, 39.94436 ], [ -105.544348, 39.943513 ], [ -105.544829, 39.943036 ], [ -105.546067, 39.942665 ], [ -105.547099, 39.942506 ], [ -105.547649, 39.942188 ], [ -105.54923, 39.941129 ], [ -105.550812, 39.941181 ], [ -105.551775, 39.940863 ], [ -105.552119, 39.940651 ], [ -105.552738, 39.940544 ], [ -105.553356, 39.94028 ], [ -105.553838, 39.940121 ], [ -105.558515, 39.940171 ], [ -105.560097, 39.940276 ], [ -105.560416, 39.940229 ], [ -105.560644, 39.940097 ], [ -105.560873, 39.93984 ], [ -105.561243, 39.939397 ], [ -105.561507, 39.939097 ], [ -105.561735, 39.938883 ], [ -105.561933, 39.938767 ], [ -105.562146, 39.9387 ], [ -105.56238, 39.938685 ], [ -105.562557, 39.938693 ], [ -105.562624, 39.938689 ], [ -105.562718, 39.938698 ], [ -105.562861, 39.938731 ], [ -105.56288, 39.938735 ], [ -105.562941, 39.93877 ], [ -105.563043, 39.938864 ], [ -105.563397, 39.939309 ], [ -105.563703, 39.939738 ], [ -105.563971, 39.940052 ], [ -105.564258, 39.940335 ], [ -105.564414, 39.940454 ], [ -105.564606, 39.940537 ], [ -105.56471, 39.940564 ], [ -105.565149, 39.940604 ], [ -105.56526, 39.940601 ], [ -105.565757, 39.940508 ], [ -105.565956, 39.940479 ], [ -105.566349, 39.940455 ], [ -105.566523, 39.940467 ], [ -105.566894, 39.94053 ], [ -105.567235, 39.940628 ], [ -105.567737, 39.940772 ], [ -105.568124, 39.940824 ], [ -105.568459, 39.940894 ], [ -105.568586, 39.940932 ], [ -105.569774, 39.941334 ], [ -105.570182, 39.941457 ], [ -105.570601, 39.941492 ], [ -105.570944, 39.941488 ], [ -105.571142, 39.94147 ], [ -105.571643, 39.941378 ], [ -105.571843, 39.941355 ], [ -105.572366, 39.941328 ], [ -105.572624, 39.941305 ], [ -105.572838, 39.941269 ], [ -105.574742, 39.940855 ], [ -105.574965, 39.940797 ], [ -105.575123, 39.940732 ], [ -105.575283, 39.940645 ], [ -105.57544, 39.940519 ], [ -105.57561, 39.940315 ], [ -105.575806, 39.939969 ], [ -105.575879, 39.93978 ], [ -105.575902, 39.939684 ], [ -105.575883, 39.93953 ], [ -105.575758, 39.939186 ], [ -105.575727, 39.939063 ], [ -105.575723, 39.938878 ], [ -105.575731, 39.938817 ], [ -105.575764, 39.938742 ], [ -105.575814, 39.938669 ], [ -105.575875, 39.938611 ], [ -105.575968, 39.938542 ], [ -105.57611, 39.938465 ], [ -105.576364, 39.938365 ], [ -105.577107, 39.938072 ], [ -105.577423, 39.93793 ], [ -105.577696, 39.937792 ], [ -105.578131, 39.937547 ], [ -105.578969, 39.937275 ], [ -105.579237, 39.937162 ], [ -105.579469, 39.937094 ], [ -105.579715, 39.937075 ], [ -105.579915, 39.937071 ], [ -105.580083, 39.937089 ], [ -105.580484, 39.937194 ], [ -105.580716, 39.937294 ], [ -105.580884, 39.937394 ], [ -105.581067, 39.937522 ], [ -105.581305, 39.937618 ], [ -105.581474, 39.937665 ], [ -105.581637, 39.937723 ], [ -105.58191, 39.937849 ], [ -105.582047, 39.937875 ], [ -105.582284, 39.937896 ], [ -105.582578, 39.937907 ], [ -105.583551, 39.937854 ], [ -105.583699, 39.93786 ], [ -105.583836, 39.937881 ], [ -105.584099, 39.93797 ], [ -105.584199, 39.938023 ], [ -105.584314, 39.938101 ], [ -105.59251, 39.94978 ], [ -105.592611, 39.949794 ], [ -105.592717, 39.94982 ], [ -105.592916, 39.949891 ], [ -105.593081, 39.950007 ], [ -105.59327, 39.950187 ], [ -105.593388, 39.950267 ], [ -105.593506, 39.95033 ], [ -105.593974, 39.950399 ], [ -105.59428, 39.950488 ], [ -105.594503, 39.950586 ], [ -105.594797, 39.950774 ], [ -105.595174, 39.951024 ], [ -105.59535, 39.951131 ], [ -105.595574, 39.951256 ], [ -105.595691, 39.951282 ], [ -105.596207, 39.951307 ], [ -105.596535, 39.951368 ], [ -105.596723, 39.951439 ], [ -105.596863, 39.951448 ], [ -105.596992, 39.951438 ], [ -105.597097, 39.951419 ], [ -105.59725, 39.951446 ], [ -105.597309, 39.951499 ], [ -105.59731, 39.951644 ], [ -105.597323, 39.95177 ], [ -105.597394, 39.951868 ], [ -105.597535, 39.951931 ], [ -105.597816, 39.951965 ], [ -105.598097, 39.951982 ], [ -105.598379, 39.952026 ], [ -105.598567, 39.952097 ], [ -105.598696, 39.952195 ], [ -105.598709, 39.952357 ], [ -105.598746, 39.952519 ], [ -105.598828, 39.952591 ], [ -105.599004, 39.952599 ], [ -105.599367, 39.952552 ], [ -105.5996, 39.952452 ], [ -105.599857, 39.952378 ], [ -105.600185, 39.952395 ], [ -105.600583, 39.952474 ], [ -105.600989, 39.952597 ], [ -105.601323, 39.952713 ], [ -105.601734, 39.952906 ], [ -105.601911, 39.952989 ], [ -105.602122, 39.953096 ], [ -105.602228, 39.953168 ], [ -105.602358, 39.953221 ], [ -105.602453, 39.953392 ], [ -105.602536, 39.953581 ], [ -105.602574, 39.953824 ], [ -105.602633, 39.953932 ], [ -105.602693, 39.95403 ], [ -105.602658, 39.954139 ], [ -105.602612, 39.954229 ], [ -105.60266, 39.954337 ], [ -105.602755, 39.954481 ], [ -105.602851, 39.954696 ], [ -105.602899, 39.954876 ], [ -105.602866, 39.955075 ], [ -105.602739, 39.955265 ], [ -105.602541, 39.955437 ], [ -105.602356, 39.955654 ], [ -105.60223, 39.956006 ], [ -105.60214, 39.956394 ], [ -105.602084, 39.956664 ], [ -105.602053, 39.957178 ], [ -105.602044, 39.95753 ], [ -105.602106, 39.957881 ], [ -105.602201, 39.958087 ], [ -105.602402, 39.958321 ], [ -105.602474, 39.958428 ], [ -105.602487, 39.958609 ], [ -105.602488, 39.958735 ], [ -105.602571, 39.95886 ], [ -105.602642, 39.958977 ], [ -105.602655, 39.959085 ], [ -105.602562, 39.959203 ], [ -105.602423, 39.959357 ], [ -105.602296, 39.959484 ], [ -105.602215, 39.95961 ], [ -105.601951, 39.960197 ], [ -105.601848, 39.960522 ], [ -105.601769, 39.960874 ], [ -105.601748, 39.961072 ], [ -105.601749, 39.961198 ], [ -105.601762, 39.961378 ], [ -105.601869, 39.961549 ], [ -105.60207, 39.9618 ], [ -105.602306, 39.962015 ], [ -105.602402, 39.962222 ], [ -105.602415, 39.962402 ], [ -105.602324, 39.962718 ], [ -105.60228, 39.962997 ], [ -105.602247, 39.963286 ], [ -105.60226, 39.963484 ], [ -105.60232, 39.963601 ], [ -105.602403, 39.9637 ], [ -105.602544, 39.963816 ], [ -105.602627, 39.963915 ], [ -105.602783, 39.964337 ], [ -105.603019, 39.964498 ], [ -105.603278, 39.964641 ], [ -105.603548, 39.964721 ], [ -105.603759, 39.964837 ], [ -105.60389, 39.965007 ], [ -105.603903, 39.96516 ], [ -105.603869, 39.965341 ], [ -105.603742, 39.965495 ], [ -105.603638, 39.965666 ], [ -105.603593, 39.965892 ], [ -105.603665, 39.966108 ], [ -105.60369, 39.966297 ], [ -105.603692, 39.966477 ], [ -105.603623, 39.966594 ], [ -105.603448, 39.966694 ], [ -105.603203, 39.966804 ], [ -105.603134, 39.966903 ], [ -105.603146, 39.967038 ], [ -105.603206, 39.967101 ], [ -105.603312, 39.967191 ], [ -105.603418, 39.967307 ], [ -105.603478, 39.967478 ], [ -105.603456, 39.967604 ], [ -105.603352, 39.967821 ], [ -105.603296, 39.968029 ], [ -105.603262, 39.968227 ], [ -105.603266, 39.968615 ], [ -105.60322, 39.968759 ], [ -105.603107, 39.969165 ], [ -105.603107, 39.969237 ], [ -105.603178, 39.969345 ], [ -105.603367, 39.969461 ], [ -105.603508, 39.969586 ], [ -105.603603, 39.969712 ], [ -105.603663, 39.969865 ], [ -105.603722, 39.969937 ], [ -105.603852, 39.969999 ], [ -105.604028, 39.970052 ], [ -105.604146, 39.970178 ], [ -105.604182, 39.97025 ], [ -105.604229, 39.970294 ], [ -105.604546, 39.970338 ], [ -105.604652, 39.970409 ], [ -105.604722, 39.97049 ], [ -105.604771, 39.970643 ], [ -105.604796, 39.970814 ], [ -105.604832, 39.97094 ], [ -105.604891, 39.970976 ], [ -105.605161, 39.971046 ], [ -105.605232, 39.971145 ], [ -105.605291, 39.971253 ], [ -105.605305, 39.971424 ], [ -105.605376, 39.971577 ], [ -105.605518, 39.971738 ], [ -105.60566, 39.971873 ], [ -105.605836, 39.97198 ], [ -105.605966, 39.972024 ], [ -105.606129, 39.972005 ], [ -105.606328, 39.972004 ], [ -105.606505, 39.972076 ], [ -105.606776, 39.972245 ], [ -105.607012, 39.972442 ], [ -105.607142, 39.972586 ], [ -105.607143, 39.972748 ], [ -105.607157, 39.972955 ], [ -105.60724, 39.973171 ], [ -105.607441, 39.97335 ], [ -105.60763, 39.973529 ], [ -105.607737, 39.973646 ], [ -105.607843, 39.973798 ], [ -105.607985, 39.973924 ], [ -105.608139, 39.974139 ], [ -105.608294, 39.974427 ], [ -105.608401, 39.974651 ], [ -105.608474, 39.974921 ], [ -105.608569, 39.975047 ], [ -105.608675, 39.9752 ], [ -105.608865, 39.975406 ], [ -105.60897, 39.97545 ], [ -105.6091, 39.975567 ], [ -105.609278, 39.975755 ], [ -105.609397, 39.976016 ], [ -105.609504, 39.976231 ], [ -105.609588, 39.97642 ], [ -105.609671, 39.976483 ], [ -105.609882, 39.976518 ], [ -105.610128, 39.97657 ], [ -105.610328, 39.97666 ], [ -105.610435, 39.976803 ], [ -105.610506, 39.976929 ], [ -105.610526, 39.976943 ] ] ] } },
{ "type": "Feature", "properties": { "GEOID": "0823630", "NAME": "Eldorado Springs", "share_in_bvsd": 1.0000000000000009 }, "geometry": { "type": "Polygon", "coordinates": [ [ [ -105.295357, 39.930554 ], [ -105.295333, 39.930921 ], [ -105.295338, 39.936066 ], [ -105.272434, 39.936085 ], [ -105.270709, 39.936196 ], [ -105.270441, 39.936386 ], [ -105.270254, 39.936548 ], [ -105.270055, 39.936639 ], [ -105.269892, 39.936675 ], [ -105.269716, 39.936694 ], [ -105.269576, 39.936703 ], [ -105.269482, 39.93673 ], [ -105.269365, 39.936803 ], [ -105.269225, 39.936884 ], [ -105.269073, 39.936956 ], [ -105.268933, 39.936984 ], [ -105.268676, 39.937002 ], [ -105.26843, 39.93703 ], [ -105.268149, 39.937094 ], [ -105.267763, 39.937158 ], [ -105.267448, 39.937221 ], [ -105.267085, 39.937303 ], [ -105.266793, 39.937403 ], [ -105.266571, 39.937467 ], [ -105.266279, 39.937585 ], [ -105.266022, 39.937711 ], [ -105.265835, 39.937784 ], [ -105.265648, 39.937847 ], [ -105.265484, 39.937893 ], [ -105.265297, 39.937929 ], [ -105.26491, 39.93793 ], [ -105.264735, 39.937876 ], [ -105.264594, 39.937796 ], [ -105.264054, 39.937382 ], [ -105.263878, 39.937302 ], [ -105.263714, 39.937221 ], [ -105.26348, 39.937177 ], [ -105.263269, 39.93715 ], [ -105.26307, 39.937159 ], [ -105.262813, 39.937277 ], [ -105.26272, 39.937358 ], [ -105.26258, 39.937521 ], [ -105.262312, 39.937945 ], [ -105.262184, 39.938216 ], [ -105.262103, 39.938414 ], [ -105.262033, 39.938549 ], [ -105.261976, 39.938721 ], [ -105.261917, 39.938811 ], [ -105.261801, 39.938892 ], [ -105.261672, 39.938956 ], [ -105.261485, 39.938974 ], [ -105.261192, 39.938966 ], [ -105.260712, 39.938913 ], [ -105.260396, 39.938841 ], [ -105.260173, 39.938779 ], [ -105.260033, 39.938761 ], [ -105.259928, 39.938815 ], [ -105.259811, 39.938888 ], [ -105.259683, 39.939014 ], [ -105.259578, 39.939167 ], [ -105.259485, 39.939357 ], [ -105.259392, 39.939492 ], [ -105.259252, 39.939664 ], [ -105.258948, 39.939872 ], [ -105.25868, 39.940025 ], [ -105.258575, 39.940116 ], [ -105.258458, 39.940233 ], [ -105.258319, 39.94054 ], [ -105.258203, 39.940747 ], [ -105.258098, 39.940964 ], [ -105.258005, 39.941135 ], [ -105.257889, 39.941289 ], [ -105.25776, 39.941415 ], [ -105.257585, 39.941496 ], [ -105.257398, 39.941533 ], [ -105.257211, 39.941542 ], [ -105.256988, 39.941516 ], [ -105.256813, 39.941507 ], [ -105.256613, 39.941481 ], [ -105.256473, 39.941481 ], [ -105.256368, 39.941508 ], [ -105.256204, 39.941572 ], [ -105.255655, 39.94187 ], [ -105.255456, 39.94197 ], [ -105.255293, 39.942033 ], [ -105.255153, 39.942097 ], [ -105.255036, 39.942187 ], [ -105.254978, 39.942295 ], [ -105.254966, 39.942367 ], [ -105.254979, 39.942493 ], [ -105.255014, 39.942646 ], [ -105.255214, 39.942988 ], [ -105.255262, 39.94315 ], [ -105.255356, 39.943357 ], [ -105.255345, 39.94352 ], [ -105.255322, 39.943682 ], [ -105.255241, 39.94379 ], [ -105.255101, 39.943854 ], [ -105.254972, 39.943872 ], [ -105.25482, 39.943863 ], [ -105.254632, 39.943828 ], [ -105.25448, 39.943783 ], [ -105.254351, 39.943738 ], [ -105.254175, 39.943693 ], [ -105.254035, 39.94364 ], [ -105.253906, 39.943631 ], [ -105.253718, 39.943595 ], [ -105.253227, 39.943533 ], [ -105.253086, 39.943552 ], [ -105.252993, 39.943597 ], [ -105.252923, 39.943669 ], [ -105.2529, 39.943759 ], [ -105.2529, 39.943948 ], [ -105.252924, 39.944156 ], [ -105.252914, 39.944354 ], [ -105.252844, 39.944498 ], [ -105.252727, 39.944634 ], [ -105.252587, 39.944751 ], [ -105.252143, 39.94504 ], [ -105.25191, 39.945149 ], [ -105.251629, 39.945267 ], [ -105.251443, 39.945325 ], [ -105.251372, 39.945348 ], [ -105.251213, 39.945372 ], [ -105.251068, 39.945394 ], [ -105.250799, 39.945422 ], [ -105.250576, 39.945408 ], [ -105.249613, 39.94543 ], [ -105.249249, 39.945529 ], [ -105.249014, 39.945738 ], [ -105.248857, 39.946233 ], [ -105.248729, 39.94648 ], [ -105.248601, 39.94659 ], [ -105.248116, 39.946804 ], [ -105.247973, 39.94692 ], [ -105.247845, 39.947134 ], [ -105.24786, 39.947562 ], [ -105.247674, 39.947843 ], [ -105.247396, 39.947947 ], [ -105.247196, 39.948041 ], [ -105.247018, 39.948227 ], [ -105.24689, 39.94837 ], [ -105.246226, 39.948574 ], [ -105.245955, 39.9487 ], [ -105.245413, 39.949058 ], [ -105.245242, 39.949118 ], [ -105.244022, 39.949179 ], [ -105.243915, 39.949294 ], [ -105.243729, 39.949652 ], [ -105.243665, 39.949729 ], [ -105.243401, 39.949888 ], [ -105.243102, 39.950014 ], [ -105.24251, 39.950311 ], [ -105.24236, 39.950454 ], [ -105.242189, 39.950833 ], [ -105.242125, 39.95102 ], [ -105.242139, 39.951097 ], [ -105.242304, 39.951404 ], [ -105.242439, 39.951635 ], [ -105.242547, 39.951789 ], [ -105.242547, 39.951975 ], [ -105.242233, 39.952525 ], [ -105.241991, 39.952816 ], [ -105.241905, 39.95286 ], [ -105.241734, 39.953008 ], [ -105.241577, 39.953217 ], [ -105.241271, 39.953373 ], [ -105.240471, 39.953564 ], [ -105.240069, 39.953691 ], [ -105.23995, 39.953729 ], [ -105.239801, 39.953822 ], [ -105.239694, 39.953987 ], [ -105.239459, 39.954696 ], [ -105.239323, 39.955069 ], [ -105.239223, 39.95519 ], [ -105.23856, 39.955361 ], [ -105.238401, 39.955406 ], [ -105.238267, 39.955443 ], [ -105.238132, 39.955498 ], [ -105.237882, 39.955581 ], [ -105.237647, 39.955779 ], [ -105.237461, 39.956042 ], [ -105.237383, 39.956213 ], [ -105.237394, 39.956588 ], [ -105.237396, 39.956658 ], [ -105.237397, 39.956701 ], [ -105.237298, 39.956817 ], [ -105.237019, 39.956987 ], [ -105.236698, 39.957064 ], [ -105.23632, 39.957196 ], [ -105.236135, 39.957268 ], [ -105.236006, 39.957377 ], [ -105.235878, 39.957559 ], [ -105.235778, 39.957888 ], [ -105.235507, 39.958108 ], [ -105.235243, 39.958235 ], [ -105.234458, 39.958312 ], [ -105.234037, 39.958482 ], [ -105.233716, 39.95862 ], [ -105.233573, 39.95869 ], [ -105.233446, 39.958752 ], [ -105.232488, 39.958049 ], [ -105.232457, 39.958016 ], [ -105.232328, 39.957886 ], [ -105.232106, 39.957687 ], [ -105.2319, 39.957474 ], [ -105.231803, 39.95734 ], [ -105.231567, 39.957001 ], [ -105.231478, 39.95685 ], [ -105.231437, 39.956765 ], [ -105.231361, 39.956598 ], [ -105.231259, 39.956311 ], [ -105.231202, 39.95603 ], [ -105.231168, 39.95564 ], [ -105.231177, 39.955327 ], [ -105.231217, 39.955096 ], [ -105.231262, 39.954917 ], [ -105.231439, 39.954427 ], [ -105.231477, 39.954338 ], [ -105.231672, 39.953976 ], [ -105.231834, 39.953711 ], [ -105.231893, 39.953624 ], [ -105.23209, 39.953301 ], [ -105.232315, 39.952965 ], [ -105.232526, 39.9526 ], [ -105.232721, 39.952246 ], [ -105.232792, 39.95216 ], [ -105.232883, 39.952045 ], [ -105.232928, 39.95199 ], [ -105.233219, 39.951431 ], [ -105.233715, 39.950552 ], [ -105.233895, 39.950284 ], [ -105.233986, 39.950161 ], [ -105.23416, 39.949937 ], [ -105.234546, 39.949474 ], [ -105.234903, 39.94909 ], [ -105.235339, 39.948649 ], [ -105.235814, 39.948156 ], [ -105.236037, 39.947887 ], [ -105.236182, 39.947675 ], [ -105.236268, 39.947527 ], [ -105.236345, 39.947378 ], [ -105.236412, 39.947222 ], [ -105.23647, 39.947065 ], [ -105.236533, 39.946827 ], [ -105.236563, 39.946666 ], [ -105.236583, 39.946504 ], [ -105.236591, 39.946267 ], [ -105.236587, 39.946109 ], [ -105.236559, 39.94587 ], [ -105.236515, 39.945633 ], [ -105.236366, 39.945216 ], [ -105.236301, 39.945019 ], [ -105.236418, 39.944882 ], [ -105.236397, 39.944525 ], [ -105.236397, 39.9443 ], [ -105.236296, 39.943783 ], [ -105.236296, 39.943344 ], [ -105.236417, 39.943014 ], [ -105.236417, 39.942614 ], [ -105.236352, 39.942185 ], [ -105.236366, 39.941998 ], [ -105.236466, 39.941806 ], [ -105.236666, 39.94157 ], [ -105.236994, 39.941306 ], [ -105.237136, 39.941174 ], [ -105.237315, 39.940921 ], [ -105.237343, 39.940746 ], [ -105.237343, 39.940625 ], [ -105.237443, 39.940455 ], [ -105.237771, 39.940097 ], [ -105.238199, 39.93979 ], [ -105.238341, 39.939784 ], [ -105.239248, 39.939822 ], [ -105.239526, 39.939767 ], [ -105.239647, 39.939674 ], [ -105.239725, 39.939564 ], [ -105.239675, 39.939443 ], [ -105.239604, 39.939295 ], [ -105.239304, 39.938597 ], [ -105.239304, 39.938427 ], [ -105.239375, 39.93829 ], [ -105.23966, 39.938097 ], [ -105.239945, 39.937888 ], [ -105.240216, 39.937784 ], [ -105.240545, 39.937723 ], [ -105.241258, 39.937712 ], [ -105.242072, 39.937805 ], [ -105.242414, 39.937805 ], [ -105.242692, 39.937744 ], [ -105.243127, 39.937601 ], [ -105.243377, 39.937398 ], [ -105.243634, 39.937085 ], [ -105.243755, 39.936904 ], [ -105.243983, 39.936706 ], [ -105.244211, 39.936689 ], [ -105.244625, 39.936694 ], [ -105.24511, 39.93676 ], [ -105.245467, 39.936798 ], [ -105.245781, 39.936864 ], [ -105.246188, 39.936809 ], [ -105.246316, 39.936737 ], [ -105.246394, 39.936578 ], [ -105.246558, 39.936221 ], [ -105.246743, 39.935897 ], [ -105.246929, 39.935787 ], [ -105.247114, 39.935705 ], [ -105.247257, 39.935567 ], [ -105.247371, 39.935139 ], [ -105.24747, 39.93499 ], [ -105.247642, 39.934886 ], [ -105.247877, 39.934798 ], [ -105.248491, 39.934841 ], [ -105.24894, 39.934929 ], [ -105.249283, 39.935088 ], [ -105.249647, 39.935137 ], [ -105.250296, 39.935132 ], [ -105.250544, 39.935089 ], [ -105.250714, 39.935096 ], [ -105.251276, 39.935032 ], [ -105.252012, 39.934859 ], [ -105.252293, 39.934751 ], [ -105.252702, 39.93456 ], [ -105.252877, 39.93447 ], [ -105.253087, 39.934343 ], [ -105.253239, 39.934235 ], [ -105.253379, 39.934109 ], [ -105.253636, 39.933829 ], [ -105.253845, 39.933576 ], [ -105.253973, 39.933413 ], [ -105.25409, 39.933233 ], [ -105.254218, 39.933062 ], [ -105.254323, 39.93289 ], [ -105.254392, 39.932701 ], [ -105.254474, 39.932556 ], [ -105.254531, 39.932412 ], [ -105.254625, 39.932277 ], [ -105.254765, 39.93215 ], [ -105.255126, 39.931762 ], [ -105.255301, 39.931609 ], [ -105.255453, 39.931455 ], [ -105.255651, 39.931283 ], [ -105.255814, 39.931229 ], [ -105.255943, 39.931229 ], [ -105.256037, 39.931247 ], [ -105.256201, 39.931327 ], [ -105.256342, 39.931417 ], [ -105.256506, 39.931543 ], [ -105.256671, 39.931678 ], [ -105.256858, 39.931848 ], [ -105.256999, 39.931938 ], [ -105.257163, 39.931992 ], [ -105.257468, 39.932063 ], [ -105.25769, 39.93209 ], [ -105.257901, 39.932098 ], [ -105.258076, 39.932071 ], [ -105.258275, 39.932034 ], [ -105.258474, 39.931962 ], [ -105.258941, 39.931772 ], [ -105.259117, 39.931717 ], [ -105.259631, 39.931545 ], [ -105.259935, 39.931436 ], [ -105.260122, 39.931355 ], [ -105.260262, 39.931354 ], [ -105.260513, 39.931375 ], [ -105.260503, 39.931249 ], [ -105.260453, 39.931175 ], [ -105.260339, 39.931037 ], [ -105.260243, 39.930902 ], [ -105.260197, 39.930814 ], [ -105.260176, 39.93072 ], [ -105.260141, 39.930479 ], [ -105.260133, 39.929324 ], [ -105.260122, 39.928991 ], [ -105.260072, 39.928855 ], [ -105.259953, 39.928682 ], [ -105.259849, 39.928491 ], [ -105.259739, 39.928311 ], [ -105.259713, 39.928212 ], [ -105.269245, 39.925086 ], [ -105.26956, 39.923657 ], [ -105.27038, 39.919932 ], [ -105.270622, 39.919978 ], [ -105.270774, 39.920023 ], [ -105.271079, 39.92013 ], [ -105.271161, 39.920175 ], [ -105.271266, 39.920247 ], [ -105.271372, 39.920355 ], [ -105.27149, 39.920499 ], [ -105.271537, 39.920643 ], [ -105.271702, 39.920922 ], [ -105.271796, 39.921038 ], [ -105.271996, 39.921218 ], [ -105.272184, 39.921344 ], [ -105.272488, 39.921487 ], [ -105.272711, 39.921577 ], [ -105.272817, 39.921631 ], [ -105.272969, 39.921729 ], [ -105.273075, 39.921819 ], [ -105.273145, 39.921909 ], [ -105.273286, 39.922071 ], [ -105.273381, 39.922215 ], [ -105.27344, 39.922359 ], [ -105.273546, 39.922593 ], [ -105.273629, 39.922926 ], [ -105.273665, 39.923115 ], [ -105.273724, 39.923331 ], [ -105.273796, 39.923566 ], [ -105.273866, 39.923683 ], [ -105.27396, 39.923736 ], [ -105.274112, 39.923817 ], [ -105.275108, 39.924139 ], [ -105.276503, 39.924604 ], [ -105.277065, 39.924783 ], [ -105.277546, 39.924953 ], [ -105.278413, 39.92523 ], [ -105.278893, 39.9254 ], [ -105.279409, 39.925561 ], [ -105.279807, 39.92566 ], [ -105.280093, 39.925705 ], [ -105.280369, 39.925748 ], [ -105.280557, 39.925757 ], [ -105.28099, 39.92581 ], [ -105.282922, 39.92603 ], [ -105.283367, 39.926101 ], [ -105.283929, 39.926154 ], [ -105.286551, 39.926463 ], [ -105.290637, 39.926921 ], [ -105.291738, 39.927036 ], [ -105.292002, 39.92708 ], [ -105.292218, 39.927116 ], [ -105.292815, 39.927204 ], [ -105.293272, 39.927302 ], [ -105.294303, 39.927498 ], [ -105.294713, 39.927587 ], [ -105.295349, 39.927711 ], [ -105.295357, 39.930554 ] ] ] } },
{ "type": "Feature", "properties": { "GEOID": "0833502", "NAME": "Gunbarrel", "share_in_bvsd": 0.89080526405696225 }, "geometry": { "type": "MultiPolygon", "coordinates": [ [ [ [ -105.180186, 40.069767 ], [ -105.180186, 40.069843 ], [ -105.180183, 40.070566 ], [ -105.178923, 40.070562 ], [ -105.178617, 40.070562 ], [ -105.178623, 40.069844 ], [ -105.178622, 40.069759 ], [ -105.178622, 40.069196 ], [ -105.18019, 40.069204 ], [ -105.180186, 40.069767 ] ] ], [ [ [ -105.225508, 40.054759 ], [ -105.225252, 40.054754 ], [ -105.224888, 40.054793 ], [ -105.224552, 40.054887 ], [ -105.22388, 40.055057 ], [ -105.223451, 40.055145 ], [ -105.222665, 40.055228 ], [ -105.222518, 40.055263 ], [ -105.222, 40.055388 ], [ -105.2215, 40.055508 ], [ -105.22095, 40.0557 ], [ -105.220785, 40.055752 ], [ -105.220797, 40.055019 ], [ -105.220798, 40.054658 ], [ -105.220282, 40.05465 ], [ -105.217957, 40.054639 ], [ -105.216119, 40.054623 ], [ -105.215963, 40.05462 ], [ -105.215939, 40.055054 ], [ -105.215917, 40.056067 ], [ -105.215914, 40.056542 ], [ -105.215979, 40.056665 ], [ -105.216028, 40.056764 ], [ -105.216078, 40.056943 ], [ -105.216085, 40.057094 ], [ -105.216089, 40.057216 ], [ -105.215959, 40.057215 ], [ -105.215633, 40.057214 ], [ -105.21514, 40.057212 ], [ -105.215017, 40.057212 ], [ -105.214739, 40.057219 ], [ -105.214328, 40.057259 ], [ -105.214243, 40.057275 ], [ -105.213926, 40.057333 ], [ -105.213594, 40.057423 ], [ -105.213352, 40.057494 ], [ -105.213188, 40.057543 ], [ -105.213107, 40.057561 ], [ -105.213033, 40.057578 ], [ -105.21288, 40.057586 ], [ -105.212848, 40.057585 ], [ -105.21281, 40.058224 ], [ -105.213525, 40.058229 ], [ -105.215481, 40.058248 ], [ -105.215922, 40.058252 ], [ -105.21599, 40.059184 ], [ -105.216005, 40.061723 ], [ -105.216005, 40.061766 ], [ -105.215553, 40.061761 ], [ -105.214158, 40.061751 ], [ -105.211668, 40.061732 ], [ -105.208808, 40.061711 ], [ -105.207031, 40.061697 ], [ -105.207032, 40.061678 ], [ -105.207043, 40.060856 ], [ -105.206995, 40.058981 ], [ -105.207015, 40.058477 ], [ -105.207016, 40.058334 ], [ -105.20687, 40.058343 ], [ -105.206713, 40.05834 ], [ -105.206559, 40.058343 ], [ -105.206543, 40.058342 ], [ -105.206447, 40.058342 ], [ -105.205544, 40.058379 ], [ -105.205245, 40.058465 ], [ -105.204807, 40.058438 ], [ -105.204291, 40.058483 ], [ -105.203872, 40.05856 ], [ -105.203604, 40.05861 ], [ -105.203074, 40.058789 ], [ -105.202909, 40.05892 ], [ -105.202891, 40.058973 ], [ -105.202677, 40.059579 ], [ -105.202551, 40.059938 ], [ -105.202248, 40.060209 ], [ -105.202172, 40.060231 ], [ -105.202069, 40.060266 ], [ -105.202075, 40.060332 ], [ -105.202087, 40.06055 ], [ -105.202299, 40.060605 ], [ -105.203915, 40.061022 ], [ -105.203909, 40.061876 ], [ -105.203559, 40.061934 ], [ -105.202293, 40.062165 ], [ -105.201224, 40.062556 ], [ -105.201122, 40.062624 ], [ -105.201033, 40.062684 ], [ -105.20086, 40.062799 ], [ -105.200417, 40.0631 ], [ -105.199478, 40.063702 ], [ -105.1975, 40.064102 ], [ -105.197502, 40.063904 ], [ -105.197503, 40.063841 ], [ -105.197389, 40.063779 ], [ -105.196694, 40.063387 ], [ -105.196215, 40.063117 ], [ -105.196153, 40.062583 ], [ -105.196072, 40.061889 ], [ -105.195197, 40.061884 ], [ -105.194701, 40.061883 ], [ -105.194473, 40.061878 ], [ -105.194453, 40.061878 ], [ -105.194265, 40.061881 ], [ -105.19415, 40.061878 ], [ -105.194032, 40.061879 ], [ -105.193768, 40.061878 ], [ -105.193043, 40.061877 ], [ -105.192793, 40.061966 ], [ -105.19282, 40.062054 ], [ -105.192838, 40.062104 ], [ -105.192852, 40.062138 ], [ -105.192871, 40.062176 ], [ -105.192888, 40.062209 ], [ -105.193004, 40.062353 ], [ -105.1932, 40.062537 ], [ -105.193336, 40.062665 ], [ -105.193438, 40.062762 ], [ -105.193583, 40.062897 ], [ -105.193676, 40.062985 ], [ -105.194156, 40.063437 ], [ -105.194774, 40.06402 ], [ -105.19486, 40.064101 ], [ -105.195056, 40.064286 ], [ -105.195016, 40.064321 ], [ -105.195049, 40.064349 ], [ -105.195061, 40.064359 ], [ -105.195086, 40.064379 ], [ -105.195126, 40.064411 ], [ -105.195149, 40.064428 ], [ -105.195179, 40.064451 ], [ -105.195208, 40.064471 ], [ -105.195289, 40.064526 ], [ -105.195316, 40.064543 ], [ -105.195398, 40.064592 ], [ -105.195412, 40.064601 ], [ -105.195424, 40.064607 ], [ -105.195438, 40.064615 ], [ -105.195453, 40.064623 ], [ -105.195464, 40.064629 ], [ -105.195476, 40.064636 ], [ -105.195497, 40.064647 ], [ -105.195509, 40.064653 ], [ -105.195526, 40.064662 ], [ -105.195552, 40.064675 ], [ -105.196146, 40.064981 ], [ -105.196171, 40.064998 ], [ -105.19619, 40.065011 ], [ -105.196206, 40.065022 ], [ -105.196216, 40.065029 ], [ -105.196237, 40.065043 ], [ -105.196255, 40.065056 ], [ -105.196276, 40.065072 ], [ -105.196296, 40.065086 ], [ -105.196325, 40.06511 ], [ -105.19645, 40.065205 ], [ -105.196603, 40.065335 ], [ -105.196702, 40.065427 ], [ -105.196739, 40.065476 ], [ -105.196745, 40.065484 ], [ -105.196771, 40.065525 ], [ -105.19749, 40.065524 ], [ -105.200752, 40.065552 ], [ -105.202227, 40.065535 ], [ -105.202236, 40.06719 ], [ -105.20228, 40.067216 ], [ -105.202485, 40.067375 ], [ -105.202619, 40.067506 ], [ -105.202466, 40.067632 ], [ -105.202339, 40.067773 ], [ -105.202222, 40.067965 ], [ -105.202174, 40.068081 ], [ -105.202148, 40.068201 ], [ -105.202151, 40.068953 ], [ -105.202148, 40.069083 ], [ -105.202147, 40.069151 ], [ -105.201095, 40.069153 ], [ -105.198238, 40.06916 ], [ -105.198333, 40.069687 ], [ -105.198182, 40.070045 ], [ -105.198013, 40.070313 ], [ -105.197669, 40.070801 ], [ -105.197479, 40.071082 ], [ -105.197401, 40.071732 ], [ -105.197105, 40.071795 ], [ -105.196411, 40.071791 ], [ -105.196386, 40.071791 ], [ -105.196357, 40.07179 ], [ -105.196197, 40.071788 ], [ -105.196082, 40.071791 ], [ -105.195752, 40.071787 ], [ -105.195558, 40.071787 ], [ -105.195553, 40.072054 ], [ -105.195552, 40.072121 ], [ -105.195562, 40.072134 ], [ -105.19557, 40.072146 ], [ -105.195577, 40.072159 ], [ -105.195585, 40.072181 ], [ -105.195587, 40.072198 ], [ -105.195588, 40.072209 ], [ -105.195585, 40.072222 ], [ -105.195581, 40.07224 ], [ -105.195568, 40.072272 ], [ -105.195673, 40.072287 ], [ -105.195848, 40.072578 ], [ -105.195931, 40.072657 ], [ -105.195567, 40.072662 ], [ -105.194004, 40.07265 ], [ -105.193852, 40.072665 ], [ -105.188074, 40.072633 ], [ -105.188062, 40.072361 ], [ -105.188057, 40.069125 ], [ -105.183911, 40.069118 ], [ -105.183251, 40.069114 ], [ -105.183386, 40.068891 ], [ -105.183553, 40.068736 ], [ -105.18374, 40.068564 ], [ -105.183426, 40.068351 ], [ -105.18316, 40.068171 ], [ -105.183127, 40.068153 ], [ -105.182958, 40.068078 ], [ -105.182781, 40.06803 ], [ -105.182517, 40.06799 ], [ -105.182383, 40.067982 ], [ -105.181715, 40.068001 ], [ -105.181389, 40.068 ], [ -105.181276, 40.068 ], [ -105.181277, 40.068193 ], [ -105.181277, 40.068472 ], [ -105.181279, 40.069146 ], [ -105.181224, 40.069145 ], [ -105.180713, 40.069141 ], [ -105.18022, 40.069138 ], [ -105.178495, 40.069124 ], [ -105.178363, 40.069134 ], [ -105.178381, 40.070476 ], [ -105.178355, 40.072401 ], [ -105.178355, 40.072509 ], [ -105.178363, 40.072724 ], [ -105.178458, 40.072723 ], [ -105.178464, 40.072894 ], [ -105.178493, 40.072894 ], [ -105.17862, 40.072894 ], [ -105.179601, 40.0729 ], [ -105.181286, 40.072911 ], [ -105.182975, 40.07288 ], [ -105.183105, 40.07288 ], [ -105.188089, 40.072911 ], [ -105.193853, 40.072891 ], [ -105.193855, 40.073384 ], [ -105.193856, 40.07353 ], [ -105.193857, 40.073744 ], [ -105.193899, 40.073914 ], [ -105.193956, 40.074035 ], [ -105.193974, 40.074082 ], [ -105.194049, 40.074284 ], [ -105.19412, 40.074476 ], [ -105.19426, 40.074699 ], [ -105.194344, 40.074892 ], [ -105.194456, 40.075149 ], [ -105.194486, 40.075229 ], [ -105.194482, 40.075255 ], [ -105.194476, 40.075349 ], [ -105.194468, 40.075363 ], [ -105.194451, 40.075394 ], [ -105.194485, 40.075404 ], [ -105.194554, 40.075424 ], [ -105.194252, 40.075953 ], [ -105.194081, 40.075889 ], [ -105.1929, 40.075449 ], [ -105.192442, 40.07516 ], [ -105.192094, 40.07508 ], [ -105.191913, 40.075017 ], [ -105.1914, 40.075018 ], [ -105.191081, 40.075054 ], [ -105.190832, 40.075048 ], [ -105.190822, 40.075074 ], [ -105.190818, 40.075085 ], [ -105.190813, 40.075101 ], [ -105.190808, 40.075114 ], [ -105.190801, 40.075136 ], [ -105.190798, 40.075146 ], [ -105.190795, 40.075157 ], [ -105.190791, 40.07517 ], [ -105.190786, 40.075186 ], [ -105.190782, 40.075203 ], [ -105.190779, 40.075213 ], [ -105.190775, 40.075232 ], [ -105.190771, 40.075249 ], [ -105.190768, 40.075262 ], [ -105.190765, 40.075276 ], [ -105.190762, 40.075292 ], [ -105.19076, 40.075302 ], [ -105.190757, 40.075319 ], [ -105.190754, 40.075341 ], [ -105.190752, 40.075355 ], [ -105.19075, 40.075371 ], [ -105.190748, 40.075387 ], [ -105.190747, 40.075398 ], [ -105.190746, 40.075412 ], [ -105.190744, 40.075426 ], [ -105.190743, 40.075439 ], [ -105.190742, 40.075456 ], [ -105.190742, 40.075467 ], [ -105.190741, 40.075489 ], [ -105.189954, 40.075658 ], [ -105.189664, 40.075695 ], [ -105.189318, 40.075847 ], [ -105.189093, 40.0759 ], [ -105.188953, 40.075917 ], [ -105.188719, 40.076034 ], [ -105.188504, 40.076103 ], [ -105.188282, 40.076149 ], [ -105.188182, 40.076179 ], [ -105.18807, 40.076193 ], [ -105.188071, 40.076163 ], [ -105.188072, 40.076111 ], [ -105.188073, 40.076072 ], [ -105.188074, 40.075984 ], [ -105.188074, 40.075889 ], [ -105.188075, 40.075703 ], [ -105.188007, 40.075709 ], [ -105.187959, 40.075722 ], [ -105.187842, 40.075755 ], [ -105.187671, 40.075802 ], [ -105.187559, 40.07586 ], [ -105.187256, 40.076016 ], [ -105.187006, 40.076181 ], [ -105.186777, 40.0764 ], [ -105.186663, 40.076554 ], [ -105.186534, 40.076845 ], [ -105.18657, 40.077373 ], [ -105.186627, 40.077796 ], [ -105.186577, 40.0779 ], [ -105.186384, 40.077977 ], [ -105.185855, 40.077971 ], [ -105.185297, 40.077988 ], [ -105.184525, 40.078081 ], [ -105.183804, 40.078224 ], [ -105.183781, 40.078229 ], [ -105.183481, 40.078361 ], [ -105.183145, 40.07857 ], [ -105.182673, 40.07902 ], [ -105.182387, 40.079284 ], [ -105.181822, 40.079619 ], [ -105.181114, 40.07991 ], [ -105.18085, 40.080069 ], [ -105.180507, 40.080366 ], [ -105.180163, 40.080712 ], [ -105.180006, 40.080937 ], [ -105.179927, 40.081184 ], [ -105.179992, 40.081376 ], [ -105.18002, 40.081519 ], [ -105.180185, 40.081915 ], [ -105.180185, 40.082052 ], [ -105.18012, 40.082118 ], [ -105.179977, 40.082156 ], [ -105.179233, 40.082172 ], [ -105.179205, 40.082173 ], [ -105.178812, 40.082239 ], [ -105.178371, 40.08236 ], [ -105.178333, 40.08237 ], [ -105.178047, 40.082497 ], [ -105.177846, 40.082667 ], [ -105.177267, 40.083458 ], [ -105.176945, 40.083688 ], [ -105.176674, 40.083787 ], [ -105.176016, 40.083946 ], [ -105.175687, 40.084089 ], [ -105.175515, 40.084254 ], [ -105.175322, 40.084391 ], [ -105.174964, 40.084545 ], [ -105.174514, 40.084666 ], [ -105.174314, 40.084671 ], [ -105.173935, 40.08471 ], [ -105.17352, 40.084759 ], [ -105.173313, 40.08483 ], [ -105.173005, 40.085061 ], [ -105.172798, 40.085336 ], [ -105.172619, 40.085517 ], [ -105.172361, 40.085643 ], [ -105.170681, 40.086165 ], [ -105.170173, 40.086555 ], [ -105.169438, 40.086842 ], [ -105.16907, 40.087091 ], [ -105.16907, 40.087071 ], [ -105.169069, 40.08701 ], [ -105.169065, 40.08635 ], [ -105.16908, 40.084636 ], [ -105.169073, 40.084313 ], [ -105.169072, 40.082551 ], [ -105.169091, 40.081995 ], [ -105.169083, 40.081391 ], [ -105.16909, 40.078994 ], [ -105.169088, 40.078203 ], [ -105.169087, 40.077695 ], [ -105.169104, 40.076341 ], [ -105.169114, 40.073983 ], [ -105.169138, 40.0727 ], [ -105.163962, 40.072712 ], [ -105.161155, 40.072699 ], [ -105.15976, 40.072706 ], [ -105.15782, 40.072692 ], [ -105.155695, 40.072687 ], [ -105.154548, 40.072675 ], [ -105.153048, 40.072681 ], [ -105.151566, 40.072669 ], [ -105.150471, 40.072678 ], [ -105.150049, 40.07268 ], [ -105.148098, 40.072687 ], [ -105.143963, 40.072716 ], [ -105.140764, 40.072743 ], [ -105.138241, 40.07275 ], [ -105.137546, 40.072755 ], [ -105.133956, 40.072791 ], [ -105.132722, 40.072797 ], [ -105.131268, 40.072805 ], [ -105.131238, 40.071569 ], [ -105.131241, 40.071421 ], [ -105.131247, 40.07114 ], [ -105.131248, 40.070518 ], [ -105.131238, 40.068767 ], [ -105.131233, 40.0684 ], [ -105.131222, 40.067577 ], [ -105.131209, 40.065548 ], [ -105.131217, 40.064858 ], [ -105.131207, 40.064229 ], [ -105.131211, 40.063611 ], [ -105.131225, 40.062229 ], [ -105.13122, 40.061865 ], [ -105.131216, 40.060714 ], [ -105.131205, 40.060233 ], [ -105.131211, 40.060015 ], [ -105.131219, 40.059743 ], [ -105.131205, 40.058864 ], [ -105.131204, 40.058743 ], [ -105.131196, 40.057272 ], [ -105.131198, 40.055643 ], [ -105.131197, 40.055186 ], [ -105.131196, 40.054921 ], [ -105.131206, 40.054632 ], [ -105.131301, 40.05456 ], [ -105.131694, 40.054357 ], [ -105.131987, 40.054252 ], [ -105.132495, 40.054148 ], [ -105.132895, 40.05411 ], [ -105.133331, 40.05411 ], [ -105.133681, 40.054039 ], [ -105.134067, 40.053863 ], [ -105.134403, 40.05377 ], [ -105.134925, 40.053776 ], [ -105.135204, 40.053716 ], [ -105.136076, 40.053342 ], [ -105.136612, 40.053211 ], [ -105.136912, 40.053189 ], [ -105.137105, 40.053195 ], [ -105.13747, 40.053068 ], [ -105.138049, 40.052783 ], [ -105.138256, 40.052646 ], [ -105.138535, 40.05252 ], [ -105.138757, 40.052339 ], [ -105.139186, 40.052146 ], [ -105.139479, 40.052086 ], [ -105.139772, 40.052125 ], [ -105.140401, 40.052262 ], [ -105.140544, 40.052262 ], [ -105.140637, 40.052295 ], [ -105.141123, 40.052263 ], [ -105.141201, 40.052235 ], [ -105.141451, 40.052219 ], [ -105.141809, 40.052175 ], [ -105.142209, 40.052181 ], [ -105.142881, 40.052274 ], [ -105.143524, 40.052351 ], [ -105.143874, 40.052324 ], [ -105.144253, 40.052242 ], [ -105.14435, 40.052208 ], [ -105.146026, 40.051616 ], [ -105.146233, 40.051578 ], [ -105.146498, 40.051622 ], [ -105.146705, 40.051737 ], [ -105.147519, 40.052402 ], [ -105.147762, 40.052485 ], [ -105.148041, 40.052485 ], [ -105.14912, 40.052414 ], [ -105.14942, 40.05242 ], [ -105.149585, 40.052491 ], [ -105.14972, 40.05259 ], [ -105.149935, 40.052881 ], [ -105.15007, 40.05298 ], [ -105.150313, 40.053051 ], [ -105.150592, 40.053051 ], [ -105.150663, 40.053117 ], [ -105.150842, 40.053156 ], [ -105.151164, 40.053118 ], [ -105.151414, 40.053035 ], [ -105.151693, 40.052854 ], [ -105.152143, 40.052503 ], [ -105.152444, 40.052371 ], [ -105.152958, 40.052129 ], [ -105.153301, 40.05191 ], [ -105.153666, 40.051575 ], [ -105.153995, 40.051361 ], [ -105.154259, 40.051306 ], [ -105.154795, 40.051339 ], [ -105.155417, 40.051449 ], [ -105.156489, 40.051746 ], [ -105.156854, 40.051796 ], [ -105.157197, 40.051768 ], [ -105.157404, 40.051708 ], [ -105.157761, 40.051483 ], [ -105.157977, 40.051378 ], [ -105.158033, 40.051351 ], [ -105.158348, 40.051153 ], [ -105.158548, 40.051027 ], [ -105.158726, 40.050961 ], [ -105.159012, 40.050923 ], [ -105.159227, 40.050967 ], [ -105.159591, 40.051176 ], [ -105.159891, 40.051456 ], [ -105.160091, 40.051709 ], [ -105.160705, 40.052829 ], [ -105.160841, 40.052994 ], [ -105.161034, 40.053082 ], [ -105.16142, 40.053131 ], [ -105.161642, 40.053104 ], [ -105.161913, 40.053005 ], [ -105.162106, 40.052846 ], [ -105.162206, 40.052747 ], [ -105.162442, 40.052621 ], [ -105.16325, 40.052319 ], [ -105.164193, 40.052034 ], [ -105.164679, 40.051951 ], [ -105.165058, 40.051951 ], [ -105.165659, 40.0521 ], [ -105.165916, 40.052155 ], [ -105.166238, 40.052149 ], [ -105.166652, 40.052089 ], [ -105.166988, 40.051941 ], [ -105.167381, 40.051694 ], [ -105.167839, 40.051545 ], [ -105.168189, 40.051491 ], [ -105.168593, 40.051479 ], [ -105.169318, 40.051458 ], [ -105.169861, 40.051348 ], [ -105.17019, 40.051354 ], [ -105.170562, 40.051469 ], [ -105.17074, 40.051601 ], [ -105.170976, 40.051881 ], [ -105.171219, 40.052194 ], [ -105.17139, 40.052309 ], [ -105.171669, 40.052381 ], [ -105.171819, 40.052386 ], [ -105.172055, 40.052337 ], [ -105.172298, 40.052194 ], [ -105.172498, 40.051958 ], [ -105.172713, 40.051667 ], [ -105.17282, 40.051596 ], [ -105.173328, 40.051469 ], [ -105.174264, 40.051409 ], [ -105.174871, 40.051404 ], [ -105.175393, 40.051288 ], [ -105.175643, 40.051261 ], [ -105.176072, 40.051305 ], [ -105.177759, 40.051684 ], [ -105.178263, 40.051737 ], [ -105.17826, 40.052072 ], [ -105.178315, 40.052897 ], [ -105.17862, 40.052902 ], [ -105.179279, 40.052914 ], [ -105.180748, 40.052967 ], [ -105.18085, 40.052971 ], [ -105.18109, 40.052959 ], [ -105.181634, 40.052872 ], [ -105.182081, 40.05276 ], [ -105.183324, 40.052452 ], [ -105.18348, 40.052414 ], [ -105.183745, 40.052338 ], [ -105.183897, 40.052287 ], [ -105.184111, 40.052214 ], [ -105.184595, 40.052016 ], [ -105.185632, 40.05149 ], [ -105.186074, 40.051283 ], [ -105.186589, 40.051101 ], [ -105.186762, 40.051067 ], [ -105.186974, 40.05104 ], [ -105.187114, 40.051022 ], [ -105.187439, 40.05101 ], [ -105.18747, 40.051009 ], [ -105.187483, 40.051077 ], [ -105.187566, 40.051286 ], [ -105.187588, 40.051408 ], [ -105.187578, 40.051816 ], [ -105.187566, 40.05236 ], [ -105.18756, 40.052662 ], [ -105.187566, 40.052868 ], [ -105.187657, 40.052789 ], [ -105.188286, 40.052843 ], [ -105.188936, 40.052893 ], [ -105.189937, 40.053178 ], [ -105.190243, 40.053205 ], [ -105.190291, 40.05321 ], [ -105.19032, 40.053219 ], [ -105.190429, 40.053227 ], [ -105.190702, 40.053246 ], [ -105.191474, 40.053294 ], [ -105.19236, 40.05325 ], [ -105.193189, 40.053189 ], [ -105.194347, 40.053156 ], [ -105.194862, 40.053123 ], [ -105.195891, 40.053123 ], [ -105.196377, 40.053068 ], [ -105.196618, 40.05302 ], [ -105.196707, 40.053003 ], [ -105.197177, 40.052909 ], [ -105.197406, 40.052882 ], [ -105.197892, 40.052799 ], [ -105.198499, 40.052761 ], [ -105.199457, 40.052777 ], [ -105.199689, 40.052793 ], [ -105.199745, 40.052797 ], [ -105.200179, 40.052826 ], [ -105.200736, 40.052832 ], [ -105.201868, 40.052933 ], [ -105.201931, 40.052938 ], [ -105.202107, 40.05292 ], [ -105.202357, 40.052895 ], [ -105.203274, 40.052804 ], [ -105.204081, 40.052764 ], [ -105.204754, 40.052736 ], [ -105.204624, 40.052612 ], [ -105.204517, 40.052365 ], [ -105.204417, 40.052106 ], [ -105.204353, 40.051782 ], [ -105.204245, 40.051425 ], [ -105.204202, 40.051019 ], [ -105.204153, 40.050955 ], [ -105.204798, 40.050952 ], [ -105.205093, 40.05095 ], [ -105.206851, 40.050964 ], [ -105.208198, 40.050951 ], [ -105.209024, 40.050951 ], [ -105.212985, 40.050978 ], [ -105.214272, 40.051003 ], [ -105.216128, 40.051017 ], [ -105.218133, 40.050981 ], [ -105.218558, 40.050988 ], [ -105.219542, 40.051009 ], [ -105.220856, 40.051023 ], [ -105.22384, 40.051038 ], [ -105.223961, 40.051039 ], [ -105.225502, 40.051042 ], [ -105.225502, 40.051122 ], [ -105.225503, 40.05166 ], [ -105.225507, 40.053739 ], [ -105.225509, 40.054581 ], [ -105.225508, 40.054759 ] ] ] ] } },
{ "type": "Feature", "properties": { "GEOID": "0804620", "NAME": "Bark Ranch", "share_in_bvsd": 1.0000000000000013 }, "geometry": { "type": "Polygon", "coordinates": [ [ [ -105.452576, 40.11643 ], [ -105.452553, 40.116556 ], [ -105.452531, 40.116782 ], [ -105.452497, 40.11698 ], [ -105.45244, 40.117197 ], [ -105.45237, 40.117305 ], [ -105.452219, 40.117468 ], [ -105.452078, 40.11754 ], [ -105.451833, 40.11764 ], [ -105.451622, 40.117731 ], [ -105.451482, 40.117885 ], [ -105.451401, 40.118066 ], [ -105.451379, 40.118309 ], [ -105.451345, 40.118471 ], [ -105.451288, 40.118652 ], [ -105.451184, 40.118913 ], [ -105.450929, 40.119347 ], [ -105.450824, 40.119563 ], [ -105.45079, 40.119744 ], [ -105.450709, 40.119924 ], [ -105.450628, 40.120078 ], [ -105.45036, 40.120376 ], [ -105.450209, 40.120512 ], [ -105.449893, 40.120765 ], [ -105.449508, 40.121055 ], [ -105.449333, 40.1212 ], [ -105.449028, 40.121183 ], [ -105.448313, 40.121294 ], [ -105.447914, 40.12144 ], [ -105.447505, 40.121631 ], [ -105.446932, 40.121984 ], [ -105.446372, 40.122428 ], [ -105.445964, 40.122744 ], [ -105.445788, 40.122751 ], [ -105.445741, 40.122745 ], [ -105.445343, 40.122695 ], [ -105.445103, 40.12268 ], [ -105.444891, 40.122684 ], [ -105.444684, 40.122701 ], [ -105.444394, 40.122755 ], [ -105.444294, 40.122774 ], [ -105.443989, 40.12281 ], [ -105.443683, 40.122871 ], [ -105.443475, 40.122935 ], [ -105.443359, 40.122996 ], [ -105.442925, 40.123322 ], [ -105.442573, 40.123518 ], [ -105.44244, 40.123576 ], [ -105.44232, 40.123607 ], [ -105.442019, 40.123626 ], [ -105.441467, 40.123748 ], [ -105.441332, 40.123755 ], [ -105.441192, 40.123748 ], [ -105.440887, 40.12366 ], [ -105.440721, 40.123646 ], [ -105.440408, 40.123666 ], [ -105.439956, 40.123725 ], [ -105.43819, 40.12383 ], [ -105.438078, 40.123843 ], [ -105.438015, 40.123862 ], [ -105.437976, 40.123909 ], [ -105.437967, 40.124003 ], [ -105.438137, 40.124555 ], [ -105.43815, 40.124688 ], [ -105.43813, 40.12482 ], [ -105.437999, 40.125013 ], [ -105.43789, 40.125124 ], [ -105.437947, 40.124724 ], [ -105.437952, 40.124597 ], [ -105.437939, 40.124509 ], [ -105.437911, 40.124419 ], [ -105.43784, 40.124321 ], [ -105.437489, 40.12395 ], [ -105.437432, 40.123873 ], [ -105.437398, 40.12376 ], [ -105.437403, 40.123664 ], [ -105.434172, 40.121303 ], [ -105.434176, 40.120286 ], [ -105.434138, 40.119552 ], [ -105.433867, 40.114213 ], [ -105.433799, 40.108461 ], [ -105.433798, 40.108348 ], [ -105.433754, 40.107315 ], [ -105.442775, 40.107017 ], [ -105.442904, 40.107116 ], [ -105.443081, 40.107205 ], [ -105.443481, 40.107429 ], [ -105.443741, 40.107617 ], [ -105.443941, 40.107814 ], [ -105.44406, 40.107967 ], [ -105.444166, 40.108093 ], [ -105.444261, 40.108273 ], [ -105.444367, 40.108424 ], [ -105.444521, 40.108605 ], [ -105.444805, 40.108865 ], [ -105.445123, 40.109098 ], [ -105.4453, 40.109269 ], [ -105.445442, 40.109385 ], [ -105.445571, 40.109475 ], [ -105.445795, 40.109555 ], [ -105.446171, 40.109707 ], [ -105.446282, 40.109743 ], [ -105.446683, 40.110912 ], [ -105.446779, 40.111202 ], [ -105.446854, 40.111103 ], [ -105.447148, 40.111052 ], [ -105.447505, 40.111213 ], [ -105.447768, 40.111442 ], [ -105.44871, 40.112237 ], [ -105.448912, 40.112498 ], [ -105.449007, 40.112723 ], [ -105.449055, 40.112894 ], [ -105.449091, 40.112993 ], [ -105.449092, 40.113074 ], [ -105.449269, 40.113191 ], [ -105.44954, 40.113424 ], [ -105.44967, 40.113576 ], [ -105.449848, 40.11381 ], [ -105.450025, 40.114017 ], [ -105.450167, 40.114151 ], [ -105.450332, 40.114232 ], [ -105.450567, 40.114321 ], [ -105.450778, 40.114365 ], [ -105.451119, 40.114454 ], [ -105.451414, 40.114588 ], [ -105.452003, 40.114955 ], [ -105.452227, 40.115179 ], [ -105.452416, 40.115404 ], [ -105.452488, 40.115611 ], [ -105.452525, 40.115845 ], [ -105.452538, 40.116061 ], [ -105.452575, 40.11625 ], [ -105.452576, 40.11643 ] ] ] } },
{ "type": "Feature", "properties": { "GEOID": "0807580", "NAME": "Bonanza Mountain Estates", "share_in_bvsd": 1.0000000000000002 }, "geometry": { "type": "Polygon", "coordinates": [ [ [ -105.485001, 39.978769 ], [ -105.483925, 39.97939 ], [ -105.481863, 39.979111 ], [ -105.480933, 39.978747 ], [ -105.480258, 39.978943 ], [ -105.479328, 39.979139 ], [ -105.477503, 39.979013 ], [ -105.475223, 39.979125 ], [ -105.474603, 39.978957 ], [ -105.474165, 39.978496 ], [ -105.474121, 39.976756 ], [ -105.474493, 39.975155 ], [ -105.475022, 39.974833 ], [ -105.47754, 39.974819 ], [ -105.479285, 39.974899 ], [ -105.479674, 39.974917 ], [ -105.480459, 39.973938 ], [ -105.483687, 39.974498 ], [ -105.484903, 39.977704 ], [ -105.485171, 39.97771 ], [ -105.485001, 39.978769 ] ] ] } },
{ "type": "Feature", "properties": { "GEOID": "0818585", "NAME": "Crisman", "share_in_bvsd": 1.0000000000000007 }, "geometry": { "type": "Polygon", "coordinates": [ [ [ -105.381006, 40.033493 ], [ -105.380874, 40.033718 ], [ -105.380721, 40.033924 ], [ -105.380579, 40.034165 ], [ -105.380568, 40.03432 ], [ -105.380559, 40.034464 ], [ -105.380605, 40.034561 ], [ -105.380703, 40.034649 ], [ -105.380879, 40.03476 ], [ -105.381092, 40.03489 ], [ -105.381046, 40.034983 ], [ -105.380962, 40.035015 ], [ -105.380369, 40.03515 ], [ -105.379906, 40.035321 ], [ -105.379586, 40.035483 ], [ -105.379424, 40.035479 ], [ -105.379303, 40.035377 ], [ -105.379313, 40.035275 ], [ -105.379373, 40.035191 ], [ -105.379572, 40.035024 ], [ -105.379743, 40.034811 ], [ -105.379804, 40.034649 ], [ -105.379693, 40.034593 ], [ -105.379604, 40.034644 ], [ -105.3796, 40.034797 ], [ -105.379489, 40.034872 ], [ -105.379266, 40.034936 ], [ -105.379136, 40.034969 ], [ -105.378775, 40.035219 ], [ -105.378474, 40.0354 ], [ -105.378122, 40.035696 ], [ -105.378089, 40.035854 ], [ -105.378094, 40.036025 ], [ -105.378145, 40.036109 ], [ -105.378293, 40.036289 ], [ -105.37846, 40.036466 ], [ -105.378729, 40.036776 ], [ -105.378908, 40.037148 ], [ -105.379025, 40.037388 ], [ -105.378993, 40.037754 ], [ -105.378997, 40.038078 ], [ -105.379053, 40.038259 ], [ -105.379211, 40.038458 ], [ -105.379271, 40.038583 ], [ -105.379234, 40.038643 ], [ -105.379025, 40.038713 ], [ -105.378835, 40.038685 ], [ -105.378608, 40.038579 ], [ -105.379609, 40.042776 ], [ -105.379563, 40.042974 ], [ -105.379575, 40.043091 ], [ -105.3796, 40.043217 ], [ -105.379683, 40.043496 ], [ -105.379708, 40.043677 ], [ -105.379709, 40.043866 ], [ -105.379593, 40.044064 ], [ -105.379348, 40.044272 ], [ -105.37902, 40.044463 ], [ -105.378798, 40.044599 ], [ -105.378623, 40.044761 ], [ -105.378554, 40.044897 ], [ -105.378566, 40.045005 ], [ -105.378567, 40.045203 ], [ -105.378522, 40.045464 ], [ -105.378441, 40.045609 ], [ -105.378382, 40.045654 ], [ -105.378183, 40.045709 ], [ -105.37775, 40.045818 ], [ -105.377458, 40.045954 ], [ -105.377212, 40.04609 ], [ -105.377072, 40.046208 ], [ -105.376944, 40.046343 ], [ -105.376875, 40.046506 ], [ -105.376876, 40.046749 ], [ -105.376912, 40.046848 ], [ -105.376948, 40.047001 ], [ -105.376925, 40.047109 ], [ -105.376855, 40.047191 ], [ -105.376668, 40.047281 ], [ -105.376223, 40.047409 ], [ -105.375837, 40.047509 ], [ -105.37555, 40.047575 ], [ -105.375404, 40.047628 ], [ -105.375193, 40.047719 ], [ -105.375076, 40.047791 ], [ -105.374971, 40.047909 ], [ -105.374878, 40.048053 ], [ -105.374751, 40.048279 ], [ -105.374576, 40.04845 ], [ -105.374342, 40.048649 ], [ -105.374074, 40.048848 ], [ -105.373735, 40.049075 ], [ -105.373583, 40.049237 ], [ -105.373351, 40.049563 ], [ -105.373129, 40.049789 ], [ -105.372942, 40.049888 ], [ -105.372673, 40.049988 ], [ -105.372299, 40.050116 ], [ -105.372182, 40.050143 ], [ -105.37224, 40.050161 ], [ -105.372276, 40.050188 ], [ -105.372288, 40.050233 ], [ -105.372276, 40.050314 ], [ -105.372292, 40.050381 ], [ -105.372312, 40.050467 ], [ -105.372042, 40.050382 ], [ -105.371933, 40.050407 ], [ -105.371825, 40.050464 ], [ -105.37157, 40.05068 ], [ -105.371373, 40.050826 ], [ -105.371165, 40.050924 ], [ -105.370926, 40.050983 ], [ -105.37069, 40.050994 ], [ -105.370478, 40.050951 ], [ -105.370428, 40.051041 ], [ -105.370242, 40.051311 ], [ -105.370231, 40.051411 ], [ -105.370266, 40.051537 ], [ -105.370326, 40.051645 ], [ -105.370444, 40.051878 ], [ -105.370515, 40.052076 ], [ -105.370528, 40.052266 ], [ -105.37047, 40.05241 ], [ -105.370354, 40.0526 ], [ -105.370156, 40.052816 ], [ -105.369689, 40.053259 ], [ -105.369514, 40.053413 ], [ -105.369176, 40.053684 ], [ -105.368989, 40.053892 ], [ -105.368908, 40.054037 ], [ -105.368897, 40.054154 ], [ -105.368921, 40.054262 ], [ -105.368922, 40.054379 ], [ -105.368794, 40.054623 ], [ -105.368748, 40.054794 ], [ -105.368796, 40.054974 ], [ -105.368902, 40.055127 ], [ -105.369091, 40.055325 ], [ -105.369182, 40.055427 ], [ -105.363982, 40.05283 ], [ -105.36445, 40.052555 ], [ -105.365207, 40.052207 ], [ -105.365904, 40.05193 ], [ -105.365882, 40.05152 ], [ -105.365802, 40.051333 ], [ -105.365075, 40.050729 ], [ -105.364197, 40.050268 ], [ -105.3632, 40.049996 ], [ -105.362426, 40.049977 ], [ -105.361795, 40.049963 ], [ -105.361661, 40.049968 ], [ -105.360712, 40.050009 ], [ -105.359859, 40.050099 ], [ -105.359464, 40.050197 ], [ -105.358627, 40.047623 ], [ -105.357997, 40.04649 ], [ -105.357928, 40.046057 ], [ -105.357912, 40.045094 ], [ -105.357757, 40.044967 ], [ -105.357418, 40.044794 ], [ -105.356647, 40.044712 ], [ -105.356645, 40.044693 ], [ -105.356643, 40.044674 ], [ -105.35661, 40.044608 ], [ -105.356543, 40.044577 ], [ -105.356468, 40.044584 ], [ -105.355898, 40.043389 ], [ -105.355604, 40.042726 ], [ -105.355581, 40.042697 ], [ -105.35554, 40.042686 ], [ -105.355494, 40.042701 ], [ -105.355457, 40.042767 ], [ -105.355394, 40.042805 ], [ -105.355317, 40.042818 ], [ -105.35524, 40.042801 ], [ -105.355071, 40.042696 ], [ -105.354916, 40.042626 ], [ -105.354903, 40.042622 ], [ -105.354447, 40.042489 ], [ -105.354335, 40.042469 ], [ -105.354108, 40.042451 ], [ -105.353646, 40.042468 ], [ -105.353532, 40.042467 ], [ -105.353421, 40.042446 ], [ -105.353319, 40.042408 ], [ -105.35319, 40.042326 ], [ -105.353047, 40.042204 ], [ -105.352934, 40.042064 ], [ -105.352827, 40.041861 ], [ -105.352725, 40.04169 ], [ -105.352715, 40.041677 ], [ -105.352694, 40.041631 ], [ -105.352668, 40.04151 ], [ -105.352679, 40.041388 ], [ -105.352725, 40.04127 ], [ -105.352782, 40.041227 ], [ -105.353221, 40.040909 ], [ -105.353338, 40.040783 ], [ -105.353419, 40.040641 ], [ -105.353461, 40.040489 ], [ -105.353279, 40.040152 ], [ -105.353224, 40.040084 ], [ -105.353089, 40.039963 ], [ -105.352841, 40.039716 ], [ -105.352807, 40.039639 ], [ -105.352809, 40.039589 ], [ -105.35281, 40.039557 ], [ -105.352849, 40.039481 ], [ -105.352929, 40.039403 ], [ -105.35295, 40.039384 ], [ -105.353059, 40.039323 ], [ -105.353184, 40.039286 ], [ -105.3533, 40.039267 ], [ -105.353653, 40.039211 ], [ -105.353854, 40.039209 ], [ -105.354314, 40.039258 ], [ -105.354551, 40.039267 ], [ -105.354772, 40.039248 ], [ -105.354873, 40.039208 ], [ -105.354984, 40.039138 ], [ -105.354606, 40.039141 ], [ -105.354369, 40.039115 ], [ -105.353721, 40.038971 ], [ -105.353669, 40.038954 ], [ -105.353577, 40.038903 ], [ -105.353513, 40.038838 ], [ -105.353474, 40.038751 ], [ -105.353475, 40.038526 ], [ -105.353453, 40.038403 ], [ -105.353399, 40.038286 ], [ -105.353012, 40.037801 ], [ -105.352961, 40.037736 ], [ -105.352719, 40.037486 ], [ -105.352587, 40.03728 ], [ -105.352415, 40.036917 ], [ -105.353479, 40.035849 ], [ -105.353514, 40.035858 ], [ -105.353655, 40.035875 ], [ -105.353796, 40.035875 ], [ -105.35417, 40.035829 ], [ -105.354428, 40.035846 ], [ -105.354862, 40.035881 ], [ -105.355132, 40.035871 ], [ -105.355483, 40.035816 ], [ -105.355588, 40.035788 ], [ -105.355705, 40.035725 ], [ -105.355834, 40.035625 ], [ -105.356102, 40.035273 ], [ -105.356498, 40.034875 ], [ -105.356731, 40.034667 ], [ -105.35693, 40.03455 ], [ -105.357024, 40.03454 ], [ -105.357164, 40.034558 ], [ -105.357482, 40.03471 ], [ -105.357611, 40.034764 ], [ -105.357951, 40.034808 ], [ -105.358291, 40.034807 ], [ -105.358595, 40.034761 ], [ -105.3589, 40.034679 ], [ -105.359157, 40.034597 ], [ -105.359556, 40.03456 ], [ -105.360071, 40.034531 ], [ -105.360611, 40.034583 ], [ -105.360834, 40.034611 ], [ -105.361033, 40.034636 ], [ -105.361314, 40.034635 ], [ -105.361654, 40.034598 ], [ -105.361841, 40.034589 ], [ -105.361994, 40.034606 ], [ -105.362099, 40.034624 ], [ -105.362521, 40.034614 ], [ -105.362966, 40.034567 ], [ -105.363189, 40.034548 ], [ -105.363517, 40.034502 ], [ -105.363752, 40.034529 ], [ -105.363975, 40.034582 ], [ -105.36415, 40.034599 ], [ -105.36425, 40.03459 ], [ -105.364549, 40.034571 ], [ -105.364807, 40.034561 ], [ -105.365064, 40.034506 ], [ -105.365333, 40.034424 ], [ -105.365497, 40.034334 ], [ -105.365942, 40.034188 ], [ -105.366047, 40.034125 ], [ -105.366338, 40.033836 ], [ -105.366536, 40.033574 ], [ -105.366652, 40.033375 ], [ -105.366756, 40.033141 ], [ -105.366814, 40.033032 ], [ -105.366931, 40.032906 ], [ -105.367234, 40.032617 ], [ -105.374667, 40.03325 ], [ -105.37632, 40.031627 ], [ -105.377282, 40.030683 ], [ -105.377444, 40.030802 ], [ -105.37784, 40.031591 ], [ -105.381141, 40.033351 ], [ -105.381006, 40.033493 ] ] ] } },
{ "type": "Feature", "properties": { "GEOID": "0830350", "NAME": "Glendale", "share_in_bvsd": 1.000000000000002 }, "geometry": { "type": "Polygon", "coordinates": [ [ [ -105.391715, 40.088951 ], [ -105.391506, 40.08911 ], [ -105.390053, 40.089229 ], [ -105.388599, 40.089746 ], [ -105.38673, 40.091375 ], [ -105.38538, 40.092765 ], [ -105.384705, 40.093758 ], [ -105.383614, 40.094036 ], [ -105.381286, 40.094425 ], [ -105.380512, 40.094498 ], [ -105.37958, 40.094474 ], [ -105.378905, 40.094314 ], [ -105.378132, 40.093885 ], [ -105.377579, 40.093701 ], [ -105.377162, 40.093591 ], [ -105.376708, 40.09356 ], [ -105.376254, 40.093554 ], [ -105.375726, 40.093591 ], [ -105.375432, 40.093677 ], [ -105.375211, 40.093775 ], [ -105.375099, 40.093917 ], [ -105.375051, 40.09402 ], [ -105.374988, 40.094124 ], [ -105.374925, 40.094185 ], [ -105.374833, 40.094242 ], [ -105.374726, 40.094264 ], [ -105.374633, 40.094261 ], [ -105.374498, 40.094237 ], [ -105.374366, 40.094199 ], [ -105.369498, 40.091802 ], [ -105.368899, 40.091689 ], [ -105.368711, 40.091644 ], [ -105.368441, 40.091555 ], [ -105.368335, 40.091483 ], [ -105.368276, 40.09142 ], [ -105.368142, 40.091252 ], [ -105.367725, 40.091136 ], [ -105.367207, 40.090646 ], [ -105.366635, 40.090103 ], [ -105.366572, 40.089994 ], [ -105.366426, 40.089877 ], [ -105.366285, 40.089805 ], [ -105.366073, 40.089607 ], [ -105.365861, 40.089455 ], [ -105.365743, 40.089356 ], [ -105.365684, 40.089257 ], [ -105.365589, 40.089131 ], [ -105.365472, 40.08906 ], [ -105.365119, 40.088989 ], [ -105.364943, 40.088944 ], [ -105.36472, 40.088864 ], [ -105.364391, 40.088757 ], [ -105.364003, 40.088704 ], [ -105.363769, 40.088696 ], [ -105.363499, 40.088706 ], [ -105.363405, 40.088688 ], [ -105.363311, 40.088733 ], [ -105.36289, 40.088978 ], [ -105.362661, 40.089133 ], [ -105.362622, 40.089159 ], [ -105.362306, 40.089358 ], [ -105.362025, 40.089494 ], [ -105.361698, 40.089666 ], [ -105.361147, 40.089875 ], [ -105.360902, 40.089984 ], [ -105.359707, 40.090339 ], [ -105.359344, 40.090394 ], [ -105.359015, 40.090422 ], [ -105.358699, 40.090423 ], [ -105.358534, 40.090397 ], [ -105.358253, 40.090425 ], [ -105.357866, 40.090516 ], [ -105.357667, 40.090589 ], [ -105.357375, 40.09077 ], [ -105.357117, 40.090852 ], [ -105.356883, 40.090888 ], [ -105.356695, 40.090898 ], [ -105.356378, 40.090854 ], [ -105.356061, 40.090819 ], [ -105.355803, 40.090874 ], [ -105.355557, 40.090947 ], [ -105.35523, 40.091083 ], [ -105.354807, 40.091111 ], [ -105.354714, 40.091201 ], [ -105.354562, 40.091319 ], [ -105.354457, 40.091373 ], [ -105.354293, 40.091401 ], [ -105.35407, 40.091429 ], [ -105.353812, 40.091484 ], [ -105.353496, 40.091584 ], [ -105.353309, 40.091674 ], [ -105.353145, 40.091828 ], [ -105.353017, 40.092009 ], [ -105.352866, 40.092198 ], [ -105.352773, 40.09237 ], [ -105.352738, 40.09246 ], [ -105.352703, 40.092586 ], [ -105.352657, 40.092667 ], [ -105.35254, 40.092785 ], [ -105.352412, 40.092884 ], [ -105.352319, 40.093038 ], [ -105.352109, 40.093336 ], [ -105.351981, 40.093435 ], [ -105.351864, 40.093508 ], [ -105.351793, 40.093526 ], [ -105.351594, 40.093545 ], [ -105.35143, 40.093545 ], [ -105.351195, 40.093501 ], [ -105.351104, 40.09345 ], [ -105.35136, 40.093338 ], [ -105.352018, 40.092994 ], [ -105.352147, 40.092895 ], [ -105.352286, 40.092738 ], [ -105.352383, 40.092602 ], [ -105.352534, 40.092334 ], [ -105.352424, 40.092331 ], [ -105.352207, 40.092302 ], [ -105.352039, 40.092253 ], [ -105.35193, 40.092191 ], [ -105.351849, 40.092107 ], [ -105.351796, 40.091993 ], [ -105.351692, 40.091655 ], [ -105.351462, 40.091327 ], [ -105.35143, 40.091264 ], [ -105.351357, 40.091039 ], [ -105.351251, 40.090788 ], [ -105.351169, 40.090664 ], [ -105.351018, 40.090514 ], [ -105.35083, 40.090367 ], [ -105.350644, 40.090254 ], [ -105.350551, 40.090177 ], [ -105.353525, 40.087706 ], [ -105.358203, 40.083895 ], [ -105.358404, 40.083732 ], [ -105.358601, 40.083009 ], [ -105.359109, 40.08265 ], [ -105.3599, 40.082239 ], [ -105.363854, 40.081126 ], [ -105.365151, 40.080798 ], [ -105.365994, 40.080584 ], [ -105.366343, 40.08044 ], [ -105.366434, 40.080379 ], [ -105.366809, 40.080129 ], [ -105.366973, 40.079963 ], [ -105.367118, 40.079774 ], [ -105.367906, 40.079153 ], [ -105.369312, 40.078059 ], [ -105.369223, 40.078214 ], [ -105.369126, 40.078446 ], [ -105.369109, 40.078582 ], [ -105.369165, 40.078867 ], [ -105.369351, 40.079134 ], [ -105.369487, 40.079246 ], [ -105.369992, 40.079447 ], [ -105.370188, 40.079468 ], [ -105.370699, 40.0795 ], [ -105.370958, 40.079592 ], [ -105.371279, 40.079856 ], [ -105.371546, 40.080024 ], [ -105.371793, 40.080069 ], [ -105.372006, 40.080026 ], [ -105.372507, 40.079774 ], [ -105.3727, 40.079636 ], [ -105.373134, 40.07917 ], [ -105.373393, 40.078752 ], [ -105.37344, 40.078701 ], [ -105.37356, 40.078618 ], [ -105.374262, 40.07827 ], [ -105.374381, 40.078279 ], [ -105.374446, 40.078317 ], [ -105.374777, 40.078733 ], [ -105.374913, 40.078853 ], [ -105.375243, 40.079044 ], [ -105.375458, 40.079118 ], [ -105.375589, 40.079177 ], [ -105.375794, 40.079159 ], [ -105.375975, 40.079069 ], [ -105.376084, 40.078928 ], [ -105.37638, 40.078573 ], [ -105.376578, 40.078517 ], [ -105.37676, 40.078615 ], [ -105.376885, 40.078818 ], [ -105.376989, 40.078905 ], [ -105.377055, 40.078933 ], [ -105.377152, 40.07894 ], [ -105.377273, 40.078998 ], [ -105.377455, 40.079223 ], [ -105.377577, 40.079325 ], [ -105.377771, 40.079376 ], [ -105.37787, 40.079371 ], [ -105.378474, 40.079238 ], [ -105.378805, 40.079208 ], [ -105.379936, 40.079203 ], [ -105.380434, 40.079177 ], [ -105.381176, 40.079042 ], [ -105.381363, 40.078981 ], [ -105.381414, 40.078825 ], [ -105.381288, 40.078643 ], [ -105.381265, 40.078553 ], [ -105.381437, 40.078449 ], [ -105.38168, 40.078562 ], [ -105.381871, 40.07857 ], [ -105.382011, 40.07853 ], [ -105.38213, 40.078448 ], [ -105.382213, 40.078282 ], [ -105.382159, 40.077981 ], [ -105.38221, 40.077929 ], [ -105.382349, 40.077894 ], [ -105.382705, 40.078043 ], [ -105.382783, 40.07807 ], [ -105.382884, 40.078088 ], [ -105.383154, 40.078051 ], [ -105.383742, 40.077798 ], [ -105.383826, 40.077776 ], [ -105.384091, 40.077786 ], [ -105.384119, 40.077788 ], [ -105.385222, 40.077884 ], [ -105.385495, 40.077964 ], [ -105.386247, 40.078289 ], [ -105.385957, 40.07828 ], [ -105.38584, 40.078267 ], [ -105.385206, 40.078161 ], [ -105.384801, 40.078132 ], [ -105.38441, 40.078172 ], [ -105.384067, 40.078288 ], [ -105.383858, 40.07839 ], [ -105.383446, 40.078618 ], [ -105.38322, 40.078714 ], [ -105.382735, 40.078866 ], [ -105.382388, 40.079009 ], [ -105.38218, 40.079124 ], [ -105.381888, 40.079341 ], [ -105.381567, 40.079639 ], [ -105.381381, 40.079755 ], [ -105.381058, 40.079902 ], [ -105.380694, 40.080027 ], [ -105.379689, 40.080312 ], [ -105.379187, 40.080495 ], [ -105.378799, 40.080687 ], [ -105.378664, 40.080748 ], [ -105.378531, 40.080818 ], [ -105.377922, 40.08104 ], [ -105.377602, 40.08113 ], [ -105.377627, 40.081297 ], [ -105.377676, 40.081356 ], [ -105.377886, 40.081499 ], [ -105.378236, 40.081672 ], [ -105.37828, 40.081709 ], [ -105.378331, 40.081771 ], [ -105.37855, 40.082115 ], [ -105.378962, 40.082831 ], [ -105.379158, 40.083117 ], [ -105.379293, 40.083284 ], [ -105.379315, 40.083393 ], [ -105.379013, 40.083502 ], [ -105.378006, 40.083469 ], [ -105.377591, 40.083549 ], [ -105.377539, 40.083866 ], [ -105.380759, 40.085456 ], [ -105.382472, 40.085734 ], [ -105.385795, 40.086568 ], [ -105.391559, 40.088634 ], [ -105.391715, 40.088951 ] ] ] } },
{ "type": "Feature", "properties": { "GEOID": "0830945", "NAME": "Gold Hill", "share_in_bvsd": 1.0000000000000004 }, "geometry": { "type": "Polygon", "coordinates": [ [ [ -105.430649, 40.05888 ], [ -105.430643, 40.069091 ], [ -105.430642, 40.069493 ], [ -105.430442, 40.069529 ], [ -105.430137, 40.069557 ], [ -105.42934, 40.069596 ], [ -105.428918, 40.069642 ], [ -105.428484, 40.069734 ], [ -105.428004, 40.06988 ], [ -105.427747, 40.06998 ], [ -105.427619, 40.070098 ], [ -105.427455, 40.07017 ], [ -105.427268, 40.070243 ], [ -105.426952, 40.070343 ], [ -105.426589, 40.070435 ], [ -105.42625, 40.070544 ], [ -105.425782, 40.070762 ], [ -105.425525, 40.070934 ], [ -105.42528, 40.07117 ], [ -105.425152, 40.071314 ], [ -105.425094, 40.071413 ], [ -105.424919, 40.071531 ], [ -105.424521, 40.071758 ], [ -105.424078, 40.072057 ], [ -105.423926, 40.072166 ], [ -105.423704, 40.072275 ], [ -105.423353, 40.072429 ], [ -105.423096, 40.072556 ], [ -105.422769, 40.072773 ], [ -105.422453, 40.072955 ], [ -105.422266, 40.073055 ], [ -105.422173, 40.073127 ], [ -105.422044, 40.073245 ], [ -105.421857, 40.073362 ], [ -105.421659, 40.073471 ], [ -105.421495, 40.073517 ], [ -105.421378, 40.073535 ], [ -105.421214, 40.073572 ], [ -105.421097, 40.073635 ], [ -105.421027, 40.073699 ], [ -105.420957, 40.073843 ], [ -105.420841, 40.073997 ], [ -105.420689, 40.074114 ], [ -105.420397, 40.074242 ], [ -105.420221, 40.074305 ], [ -105.420022, 40.07436 ], [ -105.419834, 40.074239 ], [ -105.419077, 40.074331 ], [ -105.418509, 40.074555 ], [ -105.417425, 40.07485 ], [ -105.417245, 40.074794 ], [ -105.416987, 40.074722 ], [ -105.416717, 40.074687 ], [ -105.416389, 40.074725 ], [ -105.416061, 40.074834 ], [ -105.415781, 40.074997 ], [ -105.415535, 40.075115 ], [ -105.41523, 40.07517 ], [ -105.414906, 40.075156 ], [ -105.414485, 40.075139 ], [ -105.414525, 40.075024 ], [ -105.414528, 40.074952 ], [ -105.414477, 40.074827 ], [ -105.414273, 40.074605 ], [ -105.414093, 40.074374 ], [ -105.414057, 40.074219 ], [ -105.4135, 40.074211 ], [ -105.413757, 40.073905 ], [ -105.413861, 40.073752 ], [ -105.41399, 40.073607 ], [ -105.414153, 40.073471 ], [ -105.414316, 40.073218 ], [ -105.414408, 40.073002 ], [ -105.414431, 40.07284 ], [ -105.414441, 40.072668 ], [ -105.414402, 40.072526 ], [ -105.414368, 40.072418 ], [ -105.414322, 40.072317 ], [ -105.414227, 40.072174 ], [ -105.414132, 40.072012 ], [ -105.413777, 40.071481 ], [ -105.413671, 40.071338 ], [ -105.413541, 40.071212 ], [ -105.413423, 40.071068 ], [ -105.413293, 40.070934 ], [ -105.413117, 40.070817 ], [ -105.412869, 40.070674 ], [ -105.411903, 40.069938 ], [ -105.411715, 40.069831 ], [ -105.411562, 40.06975 ], [ -105.411339, 40.069652 ], [ -105.411033, 40.069482 ], [ -105.41075, 40.069267 ], [ -105.410538, 40.069069 ], [ -105.410373, 40.068935 ], [ -105.410255, 40.068782 ], [ -105.410148, 40.068593 ], [ -105.4099, 40.068225 ], [ -105.409675, 40.067955 ], [ -105.409534, 40.067848 ], [ -105.409404, 40.067731 ], [ -105.409274, 40.067596 ], [ -105.409215, 40.067434 ], [ -105.409202, 40.06729 ], [ -105.409212, 40.067002 ], [ -105.409245, 40.066695 ], [ -105.409232, 40.066407 ], [ -105.409195, 40.066173 ], [ -105.409159, 40.066029 ], [ -105.409135, 40.065831 ], [ -105.409098, 40.065651 ], [ -105.408788, 40.064706 ], [ -105.407026, 40.06466 ], [ -105.404858, 40.0639 ], [ -105.405508, 40.061935 ], [ -105.406446, 40.057187 ], [ -105.406466, 40.055461 ], [ -105.406385, 40.05508 ], [ -105.406352, 40.05421 ], [ -105.406398, 40.053734 ], [ -105.406449, 40.05341 ], [ -105.406462, 40.053006 ], [ -105.406443, 40.052829 ], [ -105.406371, 40.052545 ], [ -105.406292, 40.05238 ], [ -105.406046, 40.052079 ], [ -105.405926, 40.051895 ], [ -105.40606, 40.051659 ], [ -105.407703, 40.048762 ], [ -105.409178, 40.048628 ], [ -105.419046, 40.047735 ], [ -105.423805, 40.047304 ], [ -105.424864, 40.047304 ], [ -105.430643, 40.047304 ], [ -105.430644, 40.049462 ], [ -105.430649, 40.05888 ] ] ] } },
{ "type": "Feature", "properties": { "GEOID": "0835860", "NAME": "Hidden Lake", "share_in_bvsd": 1.0000000000000004 }, "geometry": { "type": "Polygon", "coordinates": [ [ [ -105.487826, 40.103378 ], [ -105.487798, 40.10362 ], [ -105.487746, 40.103866 ], [ -105.48758, 40.104278 ], [ -105.487371, 40.104663 ], [ -105.487198, 40.104931 ], [ -105.487042, 40.105177 ], [ -105.486958, 40.105296 ], [ -105.486635, 40.105655 ], [ -105.486305, 40.105983 ], [ -105.486027, 40.106209 ], [ -105.485399, 40.106675 ], [ -105.484846, 40.107065 ], [ -105.484534, 40.107284 ], [ -105.484198, 40.10752 ], [ -105.483685, 40.107888 ], [ -105.483065, 40.108345 ], [ -105.482817, 40.108512 ], [ -105.482696, 40.108606 ], [ -105.482582, 40.108695 ], [ -105.482359, 40.108935 ], [ -105.481695, 40.11004 ], [ -105.481173, 40.110979 ], [ -105.481037, 40.111197 ], [ -105.480741, 40.11167 ], [ -105.480328, 40.112377 ], [ -105.480075, 40.112892 ], [ -105.480023, 40.113016 ], [ -105.479983, 40.113151 ], [ -105.479947, 40.11348 ], [ -105.479957, 40.11392 ], [ -105.480071, 40.114832 ], [ -105.48011, 40.115363 ], [ -105.479964, 40.115372 ], [ -105.47997, 40.11532 ], [ -105.479957, 40.115113 ], [ -105.479859, 40.114627 ], [ -105.479787, 40.114312 ], [ -105.479738, 40.11405 ], [ -105.479701, 40.11378 ], [ -105.479652, 40.11351 ], [ -105.479639, 40.113303 ], [ -105.479637, 40.113078 ], [ -105.479612, 40.112862 ], [ -105.479576, 40.112709 ], [ -105.479552, 40.112583 ], [ -105.479528, 40.112529 ], [ -105.475925, 40.111353 ], [ -105.466276, 40.107431 ], [ -105.467127, 40.104473 ], [ -105.467322, 40.104336 ], [ -105.467461, 40.104272 ], [ -105.467542, 40.104229 ], [ -105.467826, 40.104204 ], [ -105.46838, 40.104228 ], [ -105.469294, 40.10419 ], [ -105.46994, 40.104128 ], [ -105.47014, 40.104095 ], [ -105.470234, 40.104043 ], [ -105.470286, 40.103996 ], [ -105.470851, 40.10335 ], [ -105.470935, 40.103296 ], [ -105.470999, 40.103271 ], [ -105.4713, 40.103191 ], [ -105.471374, 40.103151 ], [ -105.471632, 40.102958 ], [ -105.472223, 40.102578 ], [ -105.472478, 40.102462 ], [ -105.472634, 40.102407 ], [ -105.472766, 40.102385 ], [ -105.472867, 40.102383 ], [ -105.473108, 40.102403 ], [ -105.473249, 40.102407 ], [ -105.473373, 40.10239 ], [ -105.473615, 40.102327 ], [ -105.473896, 40.102134 ], [ -105.474019, 40.101991 ], [ -105.474169, 40.101699 ], [ -105.47413, 40.10156 ], [ -105.474102, 40.1014 ], [ -105.474159, 40.101234 ], [ -105.474313, 40.101087 ], [ -105.474396, 40.101045 ], [ -105.474449, 40.101009 ], [ -105.47476, 40.10088 ], [ -105.475003, 40.100795 ], [ -105.47532, 40.100676 ], [ -105.475613, 40.100549 ], [ -105.475912, 40.10041 ], [ -105.47636, 40.100241 ], [ -105.476669, 40.10014 ], [ -105.476903, 40.100045 ], [ -105.477238, 40.099878 ], [ -105.477638, 40.099575 ], [ -105.477821, 40.0994 ], [ -105.478006, 40.099243 ], [ -105.478299, 40.099065 ], [ -105.47863, 40.098937 ], [ -105.479308, 40.098705 ], [ -105.479523, 40.098917 ], [ -105.479682, 40.099039 ], [ -105.479879, 40.099152 ], [ -105.480413, 40.099345 ], [ -105.481063, 40.099533 ], [ -105.483019, 40.100076 ], [ -105.483909, 40.100314 ], [ -105.484992, 40.100635 ], [ -105.485836, 40.101006 ], [ -105.486259, 40.101263 ], [ -105.486441, 40.10137 ], [ -105.486632, 40.101508 ], [ -105.48682, 40.101653 ], [ -105.487066, 40.101851 ], [ -105.487223, 40.101962 ], [ -105.487466, 40.10197 ], [ -105.487656, 40.102336 ], [ -105.48775, 40.10256 ], [ -105.487788, 40.102736 ], [ -105.487819, 40.103062 ], [ -105.487826, 40.103378 ] ] ] } },
{ "type": "Feature", "properties": { "GEOID": "0844270", "NAME": "Lazy Acres", "share_in_bvsd": 1.0000000000000002 }, "geometry": { "type": "Polygon", "coordinates": [ [ [ -105.365994, 40.080584 ], [ -105.365151, 40.080798 ], [ -105.363854, 40.081126 ], [ -105.3599, 40.082239 ], [ -105.359109, 40.08265 ], [ -105.358601, 40.083009 ], [ -105.358404, 40.083732 ], [ -105.358203, 40.083895 ], [ -105.353525, 40.087706 ], [ -105.350551, 40.090177 ], [ -105.350426, 40.09028 ], [ -105.343643, 40.095883 ], [ -105.340724, 40.098294 ], [ -105.337953, 40.100056 ], [ -105.336928, 40.100561 ], [ -105.33558, 40.101225 ], [ -105.332213, 40.102264 ], [ -105.329025, 40.102741 ], [ -105.327612, 40.102869 ], [ -105.32758, 40.100862 ], [ -105.321227, 40.100905 ], [ -105.318187, 40.100926 ], [ -105.316563, 40.100938 ], [ -105.316024, 40.100942 ], [ -105.312812, 40.100964 ], [ -105.311547, 40.100973 ], [ -105.307736, 40.101 ], [ -105.307704, 40.100957 ], [ -105.307562, 40.10086 ], [ -105.307484, 40.100817 ], [ -105.307033, 40.100662 ], [ -105.306999, 40.100618 ], [ -105.30699, 40.100568 ], [ -105.307005, 40.100518 ], [ -105.307031, 40.100492 ], [ -105.307108, 40.100464 ], [ -105.307198, 40.10047 ], [ -105.30744, 40.100583 ], [ -105.307485, 40.100593 ], [ -105.307508, 40.100597 ], [ -105.307662, 40.100601 ], [ -105.307828, 40.100613 ], [ -105.308119, 40.100704 ], [ -105.308172, 40.100708 ], [ -105.308239, 40.100691 ], [ -105.308287, 40.100652 ], [ -105.308302, 40.100599 ], [ -105.308284, 40.100547 ], [ -105.308229, 40.100504 ], [ -105.30812, 40.100459 ], [ -105.308093, 40.10046 ], [ -105.30799, 40.100444 ], [ -105.307894, 40.100403 ], [ -105.307809, 40.100338 ], [ -105.307767, 40.100276 ], [ -105.307635, 40.100129 ], [ -105.307451, 40.09999 ], [ -105.307194, 40.099854 ], [ -105.30713, 40.099806 ], [ -105.306993, 40.099731 ], [ -105.306814, 40.099686 ], [ -105.30661, 40.099663 ], [ -105.306502, 40.099632 ], [ -105.306483, 40.099621 ], [ -105.306433, 40.09959 ], [ -105.306344, 40.099552 ], [ -105.305533, 40.099331 ], [ -105.30575, 40.099225 ], [ -105.305832, 40.09917 ], [ -105.30601, 40.099084 ], [ -105.306253, 40.098998 ], [ -105.306581, 40.098916 ], [ -105.30705, 40.09878 ], [ -105.307167, 40.098725 ], [ -105.307214, 40.098635 ], [ -105.30713, 40.098338 ], [ -105.307142, 40.098302 ], [ -105.307177, 40.098266 ], [ -105.307223, 40.098194 ], [ -105.307223, 40.09814 ], [ -105.307199, 40.097959 ], [ -105.30721, 40.097896 ], [ -105.307468, 40.097697 ], [ -105.307526, 40.09758 ], [ -105.307548, 40.097409 ], [ -105.307512, 40.097202 ], [ -105.307488, 40.09695 ], [ -105.307523, 40.096895 ], [ -105.307616, 40.096778 ], [ -105.307627, 40.096697 ], [ -105.307604, 40.096625 ], [ -105.307545, 40.096535 ], [ -105.307462, 40.096427 ], [ -105.307403, 40.096319 ], [ -105.307402, 40.096247 ], [ -105.30746, 40.096013 ], [ -105.307565, 40.095805 ], [ -105.307693, 40.095634 ], [ -105.307891, 40.095318 ], [ -105.307914, 40.095191 ], [ -105.307902, 40.095146 ], [ -105.307819, 40.09503 ], [ -105.307619, 40.094805 ], [ -105.307572, 40.094724 ], [ -105.307571, 40.094652 ], [ -105.307593, 40.094273 ], [ -105.307581, 40.094102 ], [ -105.307545, 40.093922 ], [ -105.307367, 40.093508 ], [ -105.307319, 40.093346 ], [ -105.30733, 40.093247 ], [ -105.307435, 40.093012 ], [ -105.307423, 40.092913 ], [ -105.307387, 40.092724 ], [ -105.307327, 40.092544 ], [ -105.307267, 40.092202 ], [ -105.307208, 40.092067 ], [ -105.307113, 40.091878 ], [ -105.307113, 40.091833 ], [ -105.307171, 40.091716 ], [ -105.307206, 40.091598 ], [ -105.30724, 40.091436 ], [ -105.307228, 40.091265 ], [ -105.307227, 40.09113 ], [ -105.307191, 40.090977 ], [ -105.307132, 40.090806 ], [ -105.307049, 40.090671 ], [ -105.307037, 40.090599 ], [ -105.307048, 40.090455 ], [ -105.307047, 40.090229 ], [ -105.307069, 40.089923 ], [ -105.307033, 40.089617 ], [ -105.306984, 40.089329 ], [ -105.306889, 40.089049 ], [ -105.306794, 40.088797 ], [ -105.30677, 40.088689 ], [ -105.306758, 40.088455 ], [ -105.306733, 40.08823 ], [ -105.306721, 40.088176 ], [ -105.306744, 40.087978 ], [ -105.30679, 40.087869 ], [ -105.306941, 40.08759 ], [ -105.306976, 40.087464 ], [ -105.306999, 40.087283 ], [ -105.307057, 40.087112 ], [ -105.30722, 40.086832 ], [ -105.307348, 40.086706 ], [ -105.3075, 40.086579 ], [ -105.307582, 40.086525 ], [ -105.308015, 40.086353 ], [ -105.308202, 40.086271 ], [ -105.308355, 40.086226 ], [ -105.308941, 40.086278 ], [ -105.30907, 40.086278 ], [ -105.309586, 40.086213 ], [ -105.309668, 40.086213 ], [ -105.309833, 40.08624 ], [ -105.309958, 40.086274 ], [ -105.31022, 40.08558 ], [ -105.310751, 40.084488 ], [ -105.311322, 40.083362 ], [ -105.311389, 40.083198 ], [ -105.311566, 40.082886 ], [ -105.311694, 40.082585 ], [ -105.311737, 40.082451 ], [ -105.311797, 40.082268 ], [ -105.311853, 40.08197 ], [ -105.311926, 40.081354 ], [ -105.311997, 40.08088 ], [ -105.312023, 40.080709 ], [ -105.311898, 40.080666 ], [ -105.311511, 40.080561 ], [ -105.311451, 40.080533 ], [ -105.311392, 40.080506 ], [ -105.311354, 40.080479 ], [ -105.311202, 40.080373 ], [ -105.310971, 40.080162 ], [ -105.310905, 40.080102 ], [ -105.310864, 40.080064 ], [ -105.31081, 40.080016 ], [ -105.310655, 40.079852 ], [ -105.310543, 40.079694 ], [ -105.31039, 40.079394 ], [ -105.31028, 40.079137 ], [ -105.310154, 40.07877 ], [ -105.310118, 40.078665 ], [ -105.310064, 40.078463 ], [ -105.310062, 40.078434 ], [ -105.310052, 40.078309 ], [ -105.31007, 40.078055 ], [ -105.31008, 40.077738 ], [ -105.310045, 40.077527 ], [ -105.309853, 40.076969 ], [ -105.309844, 40.076793 ], [ -105.309853, 40.076663 ], [ -105.309865, 40.076493 ], [ -105.309856, 40.07631 ], [ -105.309808, 40.076133 ], [ -105.309732, 40.076001 ], [ -105.309675, 40.075847 ], [ -105.309638, 40.075693 ], [ -105.309609, 40.075546 ], [ -105.309581, 40.075315 ], [ -105.309454, 40.074287 ], [ -105.309453, 40.074103 ], [ -105.309471, 40.073705 ], [ -105.309477, 40.073579 ], [ -105.30944, 40.073062 ], [ -105.309419, 40.072969 ], [ -105.309401, 40.072888 ], [ -105.309331, 40.072217 ], [ -105.30924, 40.071775 ], [ -105.309204, 40.071649 ], [ -105.309179, 40.071493 ], [ -105.309173, 40.071324 ], [ -105.309197, 40.071126 ], [ -105.30925, 40.070885 ], [ -105.31057, 40.070758 ], [ -105.311438, 40.070674 ], [ -105.31425, 40.07012 ], [ -105.314669, 40.070037 ], [ -105.316932, 40.069513 ], [ -105.320328, 40.067945 ], [ -105.324092, 40.066208 ], [ -105.327619, 40.06458 ], [ -105.329444, 40.064202 ], [ -105.3328, 40.063506 ], [ -105.332796, 40.063543 ], [ -105.33282, 40.063597 ], [ -105.332973, 40.063786 ], [ -105.333079, 40.063948 ], [ -105.333209, 40.064119 ], [ -105.333315, 40.064235 ], [ -105.333397, 40.064289 ], [ -105.333597, 40.064397 ], [ -105.333797, 40.064477 ], [ -105.33402, 40.064603 ], [ -105.334174, 40.064747 ], [ -105.334374, 40.064899 ], [ -105.334527, 40.065007 ], [ -105.334633, 40.065142 ], [ -105.334774, 40.065303 ], [ -105.334869, 40.065366 ], [ -105.334987, 40.065537 ], [ -105.33507, 40.065708 ], [ -105.335164, 40.065843 ], [ -105.335352, 40.065978 ], [ -105.335529, 40.066112 ], [ -105.335592, 40.066214 ], [ -105.335635, 40.066283 ], [ -105.335753, 40.066391 ], [ -105.335882, 40.066472 ], [ -105.33607, 40.066516 ], [ -105.336246, 40.06657 ], [ -105.336376, 40.066623 ], [ -105.336564, 40.066767 ], [ -105.336705, 40.066884 ], [ -105.336929, 40.067018 ], [ -105.337223, 40.067288 ], [ -105.337271, 40.067396 ], [ -105.337271, 40.067567 ], [ -105.337343, 40.067738 ], [ -105.337414, 40.067891 ], [ -105.337461, 40.067972 ], [ -105.33752, 40.068034 ], [ -105.337591, 40.068061 ], [ -105.337731, 40.068097 ], [ -105.337884, 40.068096 ], [ -105.337978, 40.068078 ], [ -105.338247, 40.068095 ], [ -105.338576, 40.068176 ], [ -105.338741, 40.068238 ], [ -105.338976, 40.068373 ], [ -105.339223, 40.068507 ], [ -105.339317, 40.068543 ], [ -105.339716, 40.068614 ], [ -105.340139, 40.068739 ], [ -105.340409, 40.068801 ], [ -105.34062, 40.0688 ], [ -105.341019, 40.068835 ], [ -105.341148, 40.068898 ], [ -105.341348, 40.069032 ], [ -105.341477, 40.069104 ], [ -105.341654, 40.069176 ], [ -105.342029, 40.069301 ], [ -105.342265, 40.069498 ], [ -105.34236, 40.069642 ], [ -105.342395, 40.069723 ], [ -105.342596, 40.07011 ], [ -105.35465, 40.073186 ], [ -105.355985, 40.073526 ], [ -105.357381, 40.073883 ], [ -105.358435, 40.074819 ], [ -105.359088, 40.075059 ], [ -105.359585, 40.075253 ], [ -105.359851, 40.075438 ], [ -105.360085, 40.075588 ], [ -105.360607, 40.076242 ], [ -105.361219, 40.076882 ], [ -105.361721, 40.077278 ], [ -105.362142, 40.07752 ], [ -105.362641, 40.077797 ], [ -105.363452, 40.078269 ], [ -105.363641, 40.078527 ], [ -105.363693, 40.078798 ], [ -105.363503, 40.079354 ], [ -105.363582, 40.079507 ], [ -105.363863, 40.079644 ], [ -105.364002, 40.079689 ], [ -105.364141, 40.079688 ], [ -105.364418, 40.079637 ], [ -105.364632, 40.07954 ], [ -105.365003, 40.079547 ], [ -105.365173, 40.079581 ], [ -105.365421, 40.07966 ], [ -105.365454, 40.079681 ], [ -105.365531, 40.079729 ], [ -105.36564, 40.079846 ], [ -105.365733, 40.080032 ], [ -105.365961, 40.08049 ], [ -105.365994, 40.080584 ] ] ] } },
{ "type": "Feature", "properties": { "GEOID": "0844695", "NAME": "Leyner", "share_in_bvsd": 0.99999999999999967 }, "geometry": { "type": "Polygon", "coordinates": [ [ [ -105.11241, 40.052421 ], [ -105.112239, 40.05247 ], [ -105.111753, 40.052723 ], [ -105.111525, 40.052849 ], [ -105.11091, 40.053097 ], [ -105.110432, 40.053251 ], [ -105.110139, 40.05341 ], [ -105.109846, 40.053625 ], [ -105.109631, 40.05391 ], [ -105.109374, 40.054427 ], [ -105.109203, 40.054679 ], [ -105.108939, 40.054932 ], [ -105.10866, 40.055152 ], [ -105.10841, 40.055328 ], [ -105.107938, 40.055163 ], [ -105.107274, 40.055037 ], [ -105.107045, 40.055021 ], [ -105.106716, 40.05496 ], [ -105.106237, 40.054895 ], [ -105.10593, 40.05484 ], [ -105.105394, 40.054813 ], [ -105.104379, 40.054802 ], [ -105.103342, 40.054841 ], [ -105.102685, 40.05483 ], [ -105.102686, 40.054446 ], [ -105.10269, 40.052398 ], [ -105.102694, 40.05106 ], [ -105.102694, 40.05076 ], [ -105.102686, 40.050174 ], [ -105.102682, 40.049941 ], [ -105.102678, 40.049649 ], [ -105.102659, 40.04861 ], [ -105.102646, 40.047844 ], [ -105.102643, 40.047647 ], [ -105.103007, 40.047677 ], [ -105.103329, 40.047899 ], [ -105.103737, 40.048039 ], [ -105.105185, 40.048227 ], [ -105.105613, 40.048168 ], [ -105.106272, 40.0482 ], [ -105.107278, 40.048296 ], [ -105.107564, 40.048158 ], [ -105.108858, 40.047531 ], [ -105.109115, 40.047406 ], [ -105.109601, 40.04741 ], [ -105.110023, 40.04752 ], [ -105.110313, 40.047512 ], [ -105.111107, 40.047017 ], [ -105.111175, 40.046922 ], [ -105.111214, 40.046939 ], [ -105.111522, 40.046628 ], [ -105.111528, 40.046619 ], [ -105.111535, 40.046611 ], [ -105.111541, 40.046603 ], [ -105.11155, 40.046593 ], [ -105.111566, 40.046578 ], [ -105.111574, 40.046571 ], [ -105.111583, 40.046564 ], [ -105.111592, 40.046557 ], [ -105.111602, 40.04655 ], [ -105.111612, 40.046544 ], [ -105.111622, 40.046538 ], [ -105.111634, 40.046532 ], [ -105.111653, 40.046522 ], [ -105.111666, 40.046517 ], [ -105.111688, 40.046509 ], [ -105.1117, 40.046505 ], [ -105.111713, 40.046501 ], [ -105.111727, 40.046498 ], [ -105.11174, 40.046495 ], [ -105.111752, 40.046493 ], [ -105.111765, 40.046491 ], [ -105.11178, 40.046489 ], [ -105.111795, 40.046488 ], [ -105.111807, 40.046487 ], [ -105.111822, 40.046487 ], [ -105.111836, 40.046487 ], [ -105.112337, 40.046513 ], [ -105.112332, 40.046583 ], [ -105.112299, 40.046582 ], [ -105.112382, 40.048689 ], [ -105.11241, 40.052421 ] ] ] } },
{ "type": "Feature", "properties": { "GEOID": "0857445", "NAME": "Paragon Estates", "share_in_bvsd": 0.99999999999999967 }, "geometry": { "type": "Polygon", "coordinates": [ [ [ -105.194221, 39.984746 ], [ -105.1942, 39.984932 ], [ -105.194085, 39.985976 ], [ -105.194061, 39.986279 ], [ -105.194077, 39.986498 ], [ -105.193943, 39.986506 ], [ -105.193563, 39.986516 ], [ -105.192982, 39.986551 ], [ -105.19259, 39.986561 ], [ -105.19112, 39.986617 ], [ -105.190433, 39.986636 ], [ -105.190053, 39.986647 ], [ -105.189276, 39.986665 ], [ -105.187207, 39.986683 ], [ -105.185922, 39.986697 ], [ -105.185619, 39.9867 ], [ -105.185635, 39.98682 ], [ -105.185671, 39.987092 ], [ -105.185731, 39.987359 ], [ -105.185779, 39.987507 ], [ -105.185838, 39.987639 ], [ -105.185888, 39.987717 ], [ -105.185969, 39.987814 ], [ -105.186021, 39.987861 ], [ -105.186082, 39.987931 ], [ -105.186158, 39.987984 ], [ -105.184577, 39.988752 ], [ -105.184069, 39.989047 ], [ -105.183687, 39.989299 ], [ -105.183595, 39.989365 ], [ -105.183152, 39.989746 ], [ -105.18296, 39.989673 ], [ -105.182757, 39.989621 ], [ -105.182584, 39.989598 ], [ -105.182247, 39.989587 ], [ -105.178597, 39.989592 ], [ -105.176526, 39.989591 ], [ -105.175658, 39.989583 ], [ -105.175285, 39.989587 ], [ -105.172797, 39.989586 ], [ -105.17255, 39.989693 ], [ -105.17245, 39.989742 ], [ -105.171428, 39.990099 ], [ -105.170893, 39.99028 ], [ -105.170429, 39.990368 ], [ -105.170279, 39.99044 ], [ -105.170226, 39.990484 ], [ -105.170132, 39.990483 ], [ -105.169163, 39.990479 ], [ -105.167346, 39.990491 ], [ -105.166078, 39.990484 ], [ -105.166052, 39.990002 ], [ -105.166016, 39.989972 ], [ -105.165855, 39.98997 ], [ -105.165285, 39.989977 ], [ -105.16528, 39.989638 ], [ -105.163008, 39.989383 ], [ -105.163007, 39.989304 ], [ -105.163001, 39.989135 ], [ -105.163031, 39.988971 ], [ -105.163076, 39.988868 ], [ -105.163183, 39.988667 ], [ -105.163819, 39.988176 ], [ -105.163959, 39.988089 ], [ -105.164119, 39.987941 ], [ -105.164426, 39.988069 ], [ -105.16526, 39.988428 ], [ -105.165242, 39.987174 ], [ -105.164444, 39.987164 ], [ -105.164448, 39.987003 ], [ -105.164451, 39.986893 ], [ -105.164453, 39.98677 ], [ -105.164454, 39.986689 ], [ -105.164462, 39.986629 ], [ -105.165437, 39.986625 ], [ -105.165828, 39.986621 ], [ -105.165909, 39.986384 ], [ -105.165973, 39.986196 ], [ -105.165981, 39.984969 ], [ -105.165978, 39.984724 ], [ -105.165943, 39.984265 ], [ -105.166001, 39.983525 ], [ -105.166014, 39.983364 ], [ -105.166026, 39.98326 ], [ -105.166049, 39.983145 ], [ -105.166047, 39.981558 ], [ -105.166048, 39.980789 ], [ -105.166051, 39.980727 ], [ -105.166068, 39.980423 ], [ -105.166451, 39.980426 ], [ -105.17055, 39.980376 ], [ -105.17054, 39.979995 ], [ -105.166263, 39.980009 ], [ -105.166095, 39.98001 ], [ -105.166056, 39.98001 ], [ -105.166052, 39.979571 ], [ -105.166051, 39.979539 ], [ -105.166053, 39.979078 ], [ -105.166052, 39.978991 ], [ -105.166051, 39.978635 ], [ -105.171665, 39.978639 ], [ -105.173599, 39.978634 ], [ -105.174633, 39.978645 ], [ -105.17531, 39.97864 ], [ -105.175318, 39.977623 ], [ -105.175321, 39.97313 ], [ -105.175336, 39.972319 ], [ -105.176351, 39.97231 ], [ -105.178394, 39.972319 ], [ -105.182744, 39.972322 ], [ -105.182717, 39.96994 ], [ -105.182705, 39.968844 ], [ -105.182697, 39.968101 ], [ -105.183484, 39.968102 ], [ -105.184377, 39.9681 ], [ -105.18438, 39.965564 ], [ -105.183634, 39.965275 ], [ -105.183643, 39.965096 ], [ -105.183653, 39.964898 ], [ -105.184751, 39.965328 ], [ -105.187896, 39.966551 ], [ -105.188657, 39.966848 ], [ -105.189283, 39.967089 ], [ -105.190113, 39.967408 ], [ -105.191142, 39.967813 ], [ -105.191885, 39.968101 ], [ -105.191821, 39.968477 ], [ -105.191863, 39.968702 ], [ -105.191899, 39.969048 ], [ -105.192042, 39.96935 ], [ -105.192213, 39.969762 ], [ -105.192285, 39.970036 ], [ -105.192263, 39.97024 ], [ -105.192135, 39.970481 ], [ -105.191785, 39.970751 ], [ -105.191371, 39.970976 ], [ -105.1912, 39.971146 ], [ -105.191167, 39.971222 ], [ -105.191272, 39.971255 ], [ -105.191393, 39.971283 ], [ -105.191612, 39.971321 ], [ -105.192244, 39.971378 ], [ -105.192472, 39.971408 ], [ -105.192892, 39.971497 ], [ -105.193262, 39.971605 ], [ -105.193447, 39.971675 ], [ -105.193633, 39.971745 ], [ -105.193807, 39.971825 ], [ -105.193872, 39.971883 ], [ -105.193932, 39.971988 ], [ -105.193979, 39.972138 ], [ -105.194025, 39.97276 ], [ -105.194025, 39.972775 ], [ -105.194014, 39.973541 ], [ -105.19403, 39.974042 ], [ -105.194028, 39.974722 ], [ -105.194035, 39.976541 ], [ -105.194039, 39.977598 ], [ -105.194033, 39.978813 ], [ -105.194034, 39.979067 ], [ -105.194035, 39.979157 ], [ -105.194041, 39.980214 ], [ -105.194049, 39.981754 ], [ -105.19424, 39.984118 ], [ -105.194221, 39.984746 ] ] ] } },
{ "type": "Feature", "properties": { "GEOID": "0865685", "NAME": "Rollinsville", "share_in_bvsd": 1.0000000000000007 }, "geometry": { "type": "Polygon", "coordinates": [ [ [ -105.53301, 39.926517 ], [ -105.532786, 39.926538 ], [ -105.532444, 39.926587 ], [ -105.531652, 39.926806 ], [ -105.531188, 39.926988 ], [ -105.53071, 39.927207 ], [ -105.530656, 39.927241 ], [ -105.530325, 39.927454 ], [ -105.529982, 39.927613 ], [ -105.529069, 39.928074 ], [ -105.528712, 39.928234 ], [ -105.528598, 39.928294 ], [ -105.528341, 39.928415 ], [ -105.527848, 39.928662 ], [ -105.527406, 39.928942 ], [ -105.526942, 39.929271 ], [ -105.526721, 39.929485 ], [ -105.526385, 39.929787 ], [ -105.526057, 39.930023 ], [ -105.525886, 39.930139 ], [ -105.525579, 39.93032 ], [ -105.525194, 39.930501 ], [ -105.524716, 39.930677 ], [ -105.524252, 39.930786 ], [ -105.523717, 39.930923 ], [ -105.523658, 39.930939 ], [ -105.52326, 39.93105 ], [ -105.522817, 39.931242 ], [ -105.522525, 39.931346 ], [ -105.522197, 39.931445 ], [ -105.52179, 39.931543 ], [ -105.521369, 39.931626 ], [ -105.521112, 39.931702 ], [ -105.520692, 39.931817 ], [ -105.52027, 39.931933 ], [ -105.519999, 39.931993 ], [ -105.519699, 39.932031 ], [ -105.519428, 39.932103 ], [ -105.519136, 39.932212 ], [ -105.519031, 39.93229 ], [ -105.518809, 39.932317 ], [ -105.518557, 39.932348 ], [ -105.518249, 39.932387 ], [ -105.517129, 39.932387 ], [ -105.516653, 39.932387 ], [ -105.516432, 39.932387 ], [ -105.516409, 39.932387 ], [ -105.515677, 39.932387 ], [ -105.515434, 39.932387 ], [ -105.515116, 39.931747 ], [ -105.514945, 39.931402 ], [ -105.514843, 39.931136 ], [ -105.514629, 39.930777 ], [ -105.514502, 39.930592 ], [ -105.514382, 39.930498 ], [ -105.514053, 39.930416 ], [ -105.513794, 39.930371 ], [ -105.513726, 39.930344 ], [ -105.513595, 39.930294 ], [ -105.513469, 39.930203 ], [ -105.513146, 39.929939 ], [ -105.513027, 39.929894 ], [ -105.512848, 39.929809 ], [ -105.51262, 39.929605 ], [ -105.512546, 39.929554 ], [ -105.512469, 39.929542 ], [ -105.512229, 39.92958 ], [ -105.512072, 39.929651 ], [ -105.511957, 39.929678 ], [ -105.511793, 39.92969 ], [ -105.511591, 39.929682 ], [ -105.511416, 39.929705 ], [ -105.511207, 39.929751 ], [ -105.510873, 39.92978 ], [ -105.510674, 39.929821 ], [ -105.510476, 39.929892 ], [ -105.510433, 39.929897 ], [ -105.510287, 39.929917 ], [ -105.510088, 39.929909 ], [ -105.509717, 39.929868 ], [ -105.509592, 39.929797 ], [ -105.509541, 39.929789 ], [ -105.508965, 39.929701 ], [ -105.508773, 39.929672 ], [ -105.508692, 39.929605 ], [ -105.508498, 39.929477 ], [ -105.508382, 39.929409 ], [ -105.508361, 39.929397 ], [ -105.508059, 39.929336 ], [ -105.507671, 39.929284 ], [ -105.507349, 39.929172 ], [ -105.507031, 39.929029 ], [ -105.506921, 39.92898 ], [ -105.50661, 39.928819 ], [ -105.506163, 39.928533 ], [ -105.50591, 39.928349 ], [ -105.505738, 39.928253 ], [ -105.505249, 39.92798 ], [ -105.505015, 39.927855 ], [ -105.504844, 39.927794 ], [ -105.50469, 39.927788 ], [ -105.504415, 39.92781 ], [ -105.504283, 39.927811 ], [ -105.504074, 39.92777 ], [ -105.503821, 39.927679 ], [ -105.503642, 39.927593 ], [ -105.503627, 39.927572 ], [ -105.503489, 39.927251 ], [ -105.503406, 39.926932 ], [ -105.503325, 39.926786 ], [ -105.503233, 39.926673 ], [ -105.503092, 39.926522 ], [ -105.502894, 39.92638 ], [ -105.502684, 39.926291 ], [ -105.502471, 39.92626 ], [ -105.502479, 39.926181 ], [ -105.502513, 39.926023 ], [ -105.502552, 39.925853 ], [ -105.502651, 39.925526 ], [ -105.502754, 39.925349 ], [ -105.502876, 39.925142 ], [ -105.502751, 39.925048 ], [ -105.502699, 39.924997 ], [ -105.502662, 39.924901 ], [ -105.50265, 39.924768 ], [ -105.502655, 39.924675 ], [ -105.502689, 39.92405 ], [ -105.502704, 39.923627 ], [ -105.502758, 39.923011 ], [ -105.502767, 39.922614 ], [ -105.50276, 39.922448 ], [ -105.502754, 39.922324 ], [ -105.50274, 39.92197 ], [ -105.502735, 39.921952 ], [ -105.502703, 39.921833 ], [ -105.50219, 39.921818 ], [ -105.502163, 39.921818 ], [ -105.501885, 39.921834 ], [ -105.501512, 39.921873 ], [ -105.501131, 39.921986 ], [ -105.500843, 39.922047 ], [ -105.500686, 39.922028 ], [ -105.500538, 39.921968 ], [ -105.500368, 39.921871 ], [ -105.50022, 39.921798 ], [ -105.499994, 39.921751 ], [ -105.499846, 39.921739 ], [ -105.499776, 39.921734 ], [ -105.499228, 39.921653 ], [ -105.499009, 39.921651 ], [ -105.498751, 39.92167 ], [ -105.498718, 39.921677 ], [ -105.498564, 39.921712 ], [ -105.498354, 39.921779 ], [ -105.498347, 39.921628 ], [ -105.498348, 39.921395 ], [ -105.498375, 39.921278 ], [ -105.498526, 39.921103 ], [ -105.498535, 39.921073 ], [ -105.498561, 39.920999 ], [ -105.498568, 39.920806 ], [ -105.49856, 39.920498 ], [ -105.498563, 39.919269 ], [ -105.498543, 39.91923 ], [ -105.498486, 39.919178 ], [ -105.498391, 39.919131 ], [ -105.498222, 39.919095 ], [ -105.498132, 39.919094 ], [ -105.498062, 39.919094 ], [ -105.497829, 39.919105 ], [ -105.497695, 39.919121 ], [ -105.497569, 39.919171 ], [ -105.497381, 39.91921 ], [ -105.497356, 39.919207 ], [ -105.497322, 39.919194 ], [ -105.497259, 39.919092 ], [ -105.497155, 39.918923 ], [ -105.496997, 39.918615 ], [ -105.496947, 39.918517 ], [ -105.496928, 39.918449 ], [ -105.496652, 39.918413 ], [ -105.496331, 39.918414 ], [ -105.496101, 39.91841 ], [ -105.495949, 39.918377 ], [ -105.495801, 39.918307 ], [ -105.495639, 39.918211 ], [ -105.495563, 39.918166 ], [ -105.495371, 39.91807 ], [ -105.495257, 39.918035 ], [ -105.495076, 39.918019 ], [ -105.494841, 39.91802 ], [ -105.49464, 39.917971 ], [ -105.494297, 39.917874 ], [ -105.493933, 39.917721 ], [ -105.493848, 39.917712 ], [ -105.493819, 39.917719 ], [ -105.493798, 39.917742 ], [ -105.493798, 39.917785 ], [ -105.493875, 39.918038 ], [ -105.493916, 39.918228 ], [ -105.493967, 39.918402 ], [ -105.493967, 39.918469 ], [ -105.493958, 39.91851 ], [ -105.493927, 39.918549 ], [ -105.493864, 39.918588 ], [ -105.493746, 39.918622 ], [ -105.493543, 39.918657 ], [ -105.493507, 39.91866 ], [ -105.493408, 39.918669 ], [ -105.493321, 39.918656 ], [ -105.493224, 39.918612 ], [ -105.493042, 39.918499 ], [ -105.492843, 39.918405 ], [ -105.492789, 39.918396 ], [ -105.492596, 39.918367 ], [ -105.492506, 39.918354 ], [ -105.492346, 39.918301 ], [ -105.492106, 39.918185 ], [ -105.491927, 39.918068 ], [ -105.49165, 39.917958 ], [ -105.491575, 39.917889 ], [ -105.491565, 39.917839 ], [ -105.491569, 39.917757 ], [ -105.491631, 39.917612 ], [ -105.491688, 39.917442 ], [ -105.491709, 39.917382 ], [ -105.491732, 39.91722 ], [ -105.491735, 39.917034 ], [ -105.491729, 39.916904 ], [ -105.491718, 39.916675 ], [ -105.491805, 39.916273 ], [ -105.491864, 39.916095 ], [ -105.491873, 39.916058 ], [ -105.491902, 39.915906 ], [ -105.492012, 39.915613 ], [ -105.492777, 39.913916 ], [ -105.493296, 39.91405 ], [ -105.493907, 39.914156 ], [ -105.494846, 39.914272 ], [ -105.496887, 39.91445 ], [ -105.498003, 39.914568 ], [ -105.498078, 39.914577 ], [ -105.498406, 39.914617 ], [ -105.498814, 39.914735 ], [ -105.499902, 39.915316 ], [ -105.500511, 39.915706 ], [ -105.501302, 39.916199 ], [ -105.501999, 39.916517 ], [ -105.502343, 39.916627 ], [ -105.502443, 39.916659 ], [ -105.502615, 39.916715 ], [ -105.502745, 39.916749 ], [ -105.502847, 39.916776 ], [ -105.503121, 39.916849 ], [ -105.503612, 39.916912 ], [ -105.504825, 39.916992 ], [ -105.506848, 39.917088 ], [ -105.514382, 39.917391 ], [ -105.516036, 39.917457 ], [ -105.516452, 39.917448 ], [ -105.516837, 39.917412 ], [ -105.517301, 39.917339 ], [ -105.517844, 39.917203 ], [ -105.518731, 39.916958 ], [ -105.520123, 39.91646 ], [ -105.52076, 39.916237 ], [ -105.520814, 39.916304 ], [ -105.520665, 39.916384 ], [ -105.520648, 39.916416 ], [ -105.520593, 39.916521 ], [ -105.520625, 39.916667 ], [ -105.520672, 39.916785 ], [ -105.520885, 39.917279 ], [ -105.520968, 39.917432 ], [ -105.521071, 39.91762 ], [ -105.52109, 39.91768 ], [ -105.521369, 39.917622 ], [ -105.52156, 39.917613 ], [ -105.521793, 39.917644 ], [ -105.522045, 39.917658 ], [ -105.522285, 39.917651 ], [ -105.522365, 39.91765 ], [ -105.52272, 39.917669 ], [ -105.52298, 39.9177 ], [ -105.523196, 39.917779 ], [ -105.523367, 39.917881 ], [ -105.523616, 39.918106 ], [ -105.523886, 39.918401 ], [ -105.524285, 39.918943 ], [ -105.524652, 39.919566 ], [ -105.524723, 39.919684 ], [ -105.52482, 39.919813 ], [ -105.52487, 39.919838 ], [ -105.524896, 39.919851 ], [ -105.525317, 39.920002 ], [ -105.525735, 39.920211 ], [ -105.525907, 39.920278 ], [ -105.525983, 39.920287 ], [ -105.525998, 39.920302 ], [ -105.526233, 39.920417 ], [ -105.526284, 39.92045 ], [ -105.526454, 39.92056 ], [ -105.526711, 39.920692 ], [ -105.527039, 39.920846 ], [ -105.527207, 39.920908 ], [ -105.527438, 39.920994 ], [ -105.527494, 39.921008 ], [ -105.527534, 39.921015 ], [ -105.527552, 39.92103 ], [ -105.527608, 39.921083 ], [ -105.527637, 39.921118 ], [ -105.527737, 39.921239 ], [ -105.528007, 39.921353 ], [ -105.528136, 39.921402 ], [ -105.528385, 39.921524 ], [ -105.528557, 39.92162 ], [ -105.528749, 39.921805 ], [ -105.528961, 39.921989 ], [ -105.529248, 39.922175 ], [ -105.529508, 39.922384 ], [ -105.52965, 39.922542 ], [ -105.529668, 39.922909 ], [ -105.529604, 39.923115 ], [ -105.529615, 39.923269 ], [ -105.529754, 39.923679 ], [ -105.530068, 39.924072 ], [ -105.530223, 39.924401 ], [ -105.530384, 39.925008 ], [ -105.530393, 39.92512 ], [ -105.530804, 39.925552 ], [ -105.531052, 39.925825 ], [ -105.531305, 39.926029 ], [ -105.531582, 39.926121 ], [ -105.531955, 39.926177 ], [ -105.53207, 39.926165 ], [ -105.53282, 39.926177 ], [ -105.532971, 39.926188 ], [ -105.532979, 39.926364 ], [ -105.53301, 39.926517 ] ] ] } },
{ "type": "Feature", "properties": { "GEOID": "0875585", "NAME": "Sunshine", "share_in_bvsd": 1.0000000000000002 }, "geometry": { "type": "Polygon", "coordinates": [ [ [ -105.391475, 40.070831 ], [ -105.391286, 40.070925 ], [ -105.391108, 40.070955 ], [ -105.390944, 40.070955 ], [ -105.390769, 40.070933 ], [ -105.389795, 40.070731 ], [ -105.389675, 40.070719 ], [ -105.389574, 40.070718 ], [ -105.389487, 40.070729 ], [ -105.389268, 40.070778 ], [ -105.389011, 40.070867 ], [ -105.388738, 40.070984 ], [ -105.388437, 40.071165 ], [ -105.388089, 40.071368 ], [ -105.387629, 40.071601 ], [ -105.38754, 40.071623 ], [ -105.387454, 40.071623 ], [ -105.387349, 40.071608 ], [ -105.386869, 40.071501 ], [ -105.386771, 40.071463 ], [ -105.38668, 40.07141 ], [ -105.386534, 40.07129 ], [ -105.386404, 40.071131 ], [ -105.386361, 40.071115 ], [ -105.386313, 40.071109 ], [ -105.386269, 40.071118 ], [ -105.386237, 40.071148 ], [ -105.386204, 40.071253 ], [ -105.386284, 40.071851 ], [ -105.386275, 40.071973 ], [ -105.38624, 40.072037 ], [ -105.386184, 40.072093 ], [ -105.386138, 40.072115 ], [ -105.386012, 40.072153 ], [ -105.385775, 40.072202 ], [ -105.385287, 40.072266 ], [ -105.384674, 40.072388 ], [ -105.38456, 40.072386 ], [ -105.384417, 40.072361 ], [ -105.384381, 40.072343 ], [ -105.384348, 40.072306 ], [ -105.384328, 40.072264 ], [ -105.38433, 40.07222 ], [ -105.384332, 40.072173 ], [ -105.384361, 40.072104 ], [ -105.3847, 40.07159 ], [ -105.384817, 40.07145 ], [ -105.385116, 40.071206 ], [ -105.385196, 40.071098 ], [ -105.385214, 40.071013 ], [ -105.385205, 40.070911 ], [ -105.385063, 40.070492 ], [ -105.384982, 40.070293 ], [ -105.384941, 40.070242 ], [ -105.384871, 40.070179 ], [ -105.384769, 40.070115 ], [ -105.384313, 40.069771 ], [ -105.384224, 40.069727 ], [ -105.383894, 40.069623 ], [ -105.383643, 40.069505 ], [ -105.383453, 40.069435 ], [ -105.383167, 40.069344 ], [ -105.382687, 40.069226 ], [ -105.382383, 40.06914 ], [ -105.382049, 40.069065 ], [ -105.380356, 40.070333 ], [ -105.380247, 40.070416 ], [ -105.380114, 40.070407 ], [ -105.379938, 40.070408 ], [ -105.379386, 40.070392 ], [ -105.379128, 40.070348 ], [ -105.37894, 40.070348 ], [ -105.378706, 40.070367 ], [ -105.378671, 40.070358 ], [ -105.378096, 40.070342 ], [ -105.377732, 40.070271 ], [ -105.377568, 40.070227 ], [ -105.377415, 40.070173 ], [ -105.377192, 40.07012 ], [ -105.376934, 40.070093 ], [ -105.376699, 40.070076 ], [ -105.376441, 40.070086 ], [ -105.376253, 40.070069 ], [ -105.364245, 40.074242 ], [ -105.363664, 40.073691 ], [ -105.36347, 40.073586 ], [ -105.363359, 40.073557 ], [ -105.363141, 40.073546 ], [ -105.363019, 40.073568 ], [ -105.362664, 40.073681 ], [ -105.362523, 40.073706 ], [ -105.362205, 40.073717 ], [ -105.362031, 40.073697 ], [ -105.361865, 40.07366 ], [ -105.361486, 40.073567 ], [ -105.361263, 40.073548 ], [ -105.360865, 40.073576 ], [ -105.360685, 40.073554 ], [ -105.360648, 40.073511 ], [ -105.36034, 40.070254 ], [ -105.360339, 40.070002 ], [ -105.360314, 40.069768 ], [ -105.360279, 40.069642 ], [ -105.360066, 40.069354 ], [ -105.360018, 40.069192 ], [ -105.359923, 40.068985 ], [ -105.359911, 40.068868 ], [ -105.35984, 40.068715 ], [ -105.359663, 40.068463 ], [ -105.35958, 40.068275 ], [ -105.35945, 40.068086 ], [ -105.359273, 40.067906 ], [ -105.359166, 40.067717 ], [ -105.359025, 40.067582 ], [ -105.358754, 40.067304 ], [ -105.358648, 40.067205 ], [ -105.358399, 40.066855 ], [ -105.358246, 40.066711 ], [ -105.358022, 40.066468 ], [ -105.357822, 40.066325 ], [ -105.35761, 40.066064 ], [ -105.357444, 40.065803 ], [ -105.357338, 40.065678 ], [ -105.357255, 40.065561 ], [ -105.35716, 40.065372 ], [ -105.357077, 40.065183 ], [ -105.357029, 40.064985 ], [ -105.356958, 40.064796 ], [ -105.356875, 40.064607 ], [ -105.356745, 40.064418 ], [ -105.356568, 40.064193 ], [ -105.356427, 40.064059 ], [ -105.356238, 40.063906 ], [ -105.356061, 40.063726 ], [ -105.355849, 40.063448 ], [ -105.355484, 40.063097 ], [ -105.355107, 40.062765 ], [ -105.354954, 40.062658 ], [ -105.354718, 40.062541 ], [ -105.354542, 40.06247 ], [ -105.354343, 40.062407 ], [ -105.353884, 40.062237 ], [ -105.353755, 40.062175 ], [ -105.353673, 40.062121 ], [ -105.353555, 40.062022 ], [ -105.35319, 40.06169 ], [ -105.352931, 40.061565 ], [ -105.352825, 40.061466 ], [ -105.352601, 40.061277 ], [ -105.35246, 40.061107 ], [ -105.352436, 40.061035 ], [ -105.352424, 40.060953 ], [ -105.352458, 40.060728 ], [ -105.352504, 40.06062 ], [ -105.352574, 40.060493 ], [ -105.352549, 40.060313 ], [ -105.352537, 40.060178 ], [ -105.352466, 40.059971 ], [ -105.352406, 40.059764 ], [ -105.352382, 40.059629 ], [ -105.352287, 40.059485 ], [ -105.352169, 40.059359 ], [ -105.35214, 40.059324 ], [ -105.352155, 40.059265 ], [ -105.351864, 40.058682 ], [ -105.351175, 40.058032 ], [ -105.350989, 40.057807 ], [ -105.351759, 40.057629 ], [ -105.353671, 40.057172 ], [ -105.355613, 40.056591 ], [ -105.357057, 40.055953 ], [ -105.357169, 40.055466 ], [ -105.358238, 40.053937 ], [ -105.358709, 40.053873 ], [ -105.359169, 40.053976 ], [ -105.359205, 40.05394 ], [ -105.359249, 40.05384 ], [ -105.359257, 40.053778 ], [ -105.359257, 40.05374 ], [ -105.359258, 40.05365 ], [ -105.359252, 40.053524 ], [ -105.359253, 40.053478 ], [ -105.359265, 40.053389 ], [ -105.359295, 40.053313 ], [ -105.35937, 40.053257 ], [ -105.359646, 40.053237 ], [ -105.359717, 40.053242 ], [ -105.35978, 40.053243 ], [ -105.359892, 40.053232 ], [ -105.359986, 40.053231 ], [ -105.360133, 40.053234 ], [ -105.360197, 40.053239 ], [ -105.360258, 40.053241 ], [ -105.360339, 40.053242 ], [ -105.360521, 40.053245 ], [ -105.360797, 40.053249 ], [ -105.360966, 40.05324 ], [ -105.361041, 40.053227 ], [ -105.361114, 40.053208 ], [ -105.36118, 40.053182 ], [ -105.361239, 40.053147 ], [ -105.361298, 40.053108 ], [ -105.361351, 40.053058 ], [ -105.361398, 40.053004 ], [ -105.361435, 40.052951 ], [ -105.361485, 40.052857 ], [ -105.361506, 40.052808 ], [ -105.361628, 40.052622 ], [ -105.361759, 40.052394 ], [ -105.361822, 40.052243 ], [ -105.361849, 40.052185 ], [ -105.361876, 40.052114 ], [ -105.361913, 40.051937 ], [ -105.361914, 40.051861 ], [ -105.361916, 40.051809 ], [ -105.361914, 40.051739 ], [ -105.361907, 40.051658 ], [ -105.36189, 40.051607 ], [ -105.361876, 40.05156 ], [ -105.361801, 40.051283 ], [ -105.361822, 40.051137 ], [ -105.361858, 40.051032 ], [ -105.361877, 40.050978 ], [ -105.361893, 40.050873 ], [ -105.361891, 40.05069 ], [ -105.361832, 40.050369 ], [ -105.361813, 40.050313 ], [ -105.361767, 40.050211 ], [ -105.361678, 40.05002 ], [ -105.361661, 40.049968 ], [ -105.361795, 40.049963 ], [ -105.362426, 40.049977 ], [ -105.3632, 40.049996 ], [ -105.364197, 40.050268 ], [ -105.365075, 40.050729 ], [ -105.365802, 40.051333 ], [ -105.365882, 40.05152 ], [ -105.365904, 40.05193 ], [ -105.365207, 40.052207 ], [ -105.36445, 40.052555 ], [ -105.363982, 40.05283 ], [ -105.369182, 40.055427 ], [ -105.373521, 40.057593 ], [ -105.379724, 40.060691 ], [ -105.382025, 40.061834 ], [ -105.387701, 40.064652 ], [ -105.390087, 40.065838 ], [ -105.391741, 40.070687 ], [ -105.391475, 40.070831 ] ] ] } },
{ "type": "Feature", "properties": { "GEOID": "0880370", "NAME": "Valmont", "share_in_bvsd": 1.0000000000000007 }, "geometry": { "type": "Polygon", "coordinates": [ [ [ -105.218519, 40.030299 ], [ -105.218516, 40.030331 ], [ -105.218478, 40.030401 ], [ -105.218459, 40.030436 ], [ -105.218066, 40.030645 ], [ -105.218051, 40.030661 ], [ -105.217938, 40.030776 ], [ -105.217852, 40.031046 ], [ -105.217788, 40.031183 ], [ -105.217388, 40.03154 ], [ -105.217152, 40.03182 ], [ -105.217052, 40.032128 ], [ -105.216995, 40.032902 ], [ -105.21696, 40.03304 ], [ -105.216817, 40.033188 ], [ -105.216438, 40.033358 ], [ -105.216295, 40.033446 ], [ -105.216188, 40.033595 ], [ -105.216045, 40.033902 ], [ -105.215831, 40.033847 ], [ -105.215452, 40.033869 ], [ -105.215074, 40.033946 ], [ -105.214516, 40.034007 ], [ -105.214173, 40.034078 ], [ -105.213895, 40.034188 ], [ -105.213509, 40.034298 ], [ -105.213302, 40.034419 ], [ -105.213188, 40.03454 ], [ -105.213109, 40.03476 ], [ -105.213131, 40.035067 ], [ -105.213209, 40.035281 ], [ -105.213452, 40.035688 ], [ -105.213624, 40.036034 ], [ -105.213617, 40.036226 ], [ -105.21351, 40.036655 ], [ -105.213224, 40.037209 ], [ -105.213039, 40.037462 ], [ -105.212831, 40.037693 ], [ -105.212481, 40.037885 ], [ -105.211895, 40.038083 ], [ -105.21146, 40.038145 ], [ -105.210995, 40.038154 ], [ -105.210645, 40.038083 ], [ -105.210209, 40.037913 ], [ -105.209866, 40.037682 ], [ -105.209652, 40.037611 ], [ -105.209559, 40.037534 ], [ -105.209158, 40.037292 ], [ -105.208894, 40.037199 ], [ -105.207972, 40.037035 ], [ -105.207536, 40.037018 ], [ -105.20715, 40.036941 ], [ -105.206607, 40.036683 ], [ -105.2063, 40.036584 ], [ -105.205021, 40.03642 ], [ -105.204499, 40.036403 ], [ -105.203985, 40.036464 ], [ -105.203817, 40.036515 ], [ -105.202759, 40.036116 ], [ -105.201405, 40.035687 ], [ -105.200652, 40.035493 ], [ -105.200448, 40.035475 ], [ -105.20038, 40.035474 ], [ -105.20035, 40.035466 ], [ -105.199297, 40.035373 ], [ -105.19764, 40.035253 ], [ -105.196731, 40.035009 ], [ -105.196186, 40.034863 ], [ -105.194427, 40.03509 ], [ -105.19297, 40.035241 ], [ -105.192216, 40.035548 ], [ -105.19173, 40.035628 ], [ -105.191171, 40.035626 ], [ -105.190533, 40.035609 ], [ -105.190215, 40.035547 ], [ -105.189816, 40.035485 ], [ -105.189787, 40.035482 ], [ -105.189278, 40.035437 ], [ -105.189059, 40.035467 ], [ -105.18854, 40.035481 ], [ -105.188222, 40.035496 ], [ -105.187922, 40.03551 ], [ -105.187874, 40.035505 ], [ -105.187876, 40.03496 ], [ -105.187879, 40.034231 ], [ -105.187877, 40.033762 ], [ -105.188184, 40.033827 ], [ -105.188422, 40.033867 ], [ -105.188512, 40.033882 ], [ -105.18887, 40.033927 ], [ -105.18942, 40.033955 ], [ -105.189795, 40.033976 ], [ -105.190148, 40.034 ], [ -105.190609, 40.034021 ], [ -105.191178, 40.034032 ], [ -105.191763, 40.034037 ], [ -105.192087, 40.034069 ], [ -105.19225, 40.034095 ], [ -105.1925, 40.034135 ], [ -105.192832, 40.034223 ], [ -105.193252, 40.034361 ], [ -105.193617, 40.034462 ], [ -105.193813, 40.034492 ], [ -105.194095, 40.034526 ], [ -105.194433, 40.034537 ], [ -105.194747, 40.034532 ], [ -105.19493, 40.034521 ], [ -105.195196, 40.034508 ], [ -105.195393, 40.034457 ], [ -105.195646, 40.034388 ], [ -105.195912, 40.034298 ], [ -105.196218, 40.034165 ], [ -105.196654, 40.033952 ], [ -105.197026, 40.033795 ], [ -105.197364, 40.033646 ], [ -105.197805, 40.033494 ], [ -105.198037, 40.033423 ], [ -105.198281, 40.033351 ], [ -105.198715, 40.033239 ], [ -105.199289, 40.033101 ], [ -105.199752, 40.033013 ], [ -105.200212, 40.032949 ], [ -105.200651, 40.032893 ], [ -105.201672, 40.03278 ], [ -105.202078, 40.032718 ], [ -105.202337, 40.032679 ], [ -105.202848, 40.032601 ], [ -105.203291, 40.032532 ], [ -105.203663, 40.03247 ], [ -105.204754, 40.032267 ], [ -105.205585, 40.032113 ], [ -105.206196, 40.032 ], [ -105.206686, 40.031952 ], [ -105.20726, 40.031911 ], [ -105.207758, 40.031895 ], [ -105.208103, 40.031897 ], [ -105.208558, 40.031905 ], [ -105.209228, 40.03191 ], [ -105.209789, 40.031901 ], [ -105.210369, 40.031879 ], [ -105.210925, 40.031829 ], [ -105.211378, 40.031795 ], [ -105.212518, 40.031644 ], [ -105.213528, 40.031487 ], [ -105.21373, 40.031449 ], [ -105.214024, 40.031376 ], [ -105.214311, 40.031284 ], [ -105.214582, 40.031176 ], [ -105.214869, 40.031036 ], [ -105.215009, 40.030957 ], [ -105.215197, 40.030831 ], [ -105.215455, 40.030659 ], [ -105.215871, 40.030371 ], [ -105.216383, 40.030012 ], [ -105.216704, 40.029783 ], [ -105.216965, 40.029604 ], [ -105.217076, 40.029533 ], [ -105.217196, 40.029474 ], [ -105.217318, 40.029421 ], [ -105.217515, 40.029351 ], [ -105.217847, 40.029283 ], [ -105.218073, 40.02926 ], [ -105.218466, 40.029256 ], [ -105.218501, 40.029343 ], [ -105.218552, 40.029914 ], [ -105.218519, 40.030299 ] ] ] } },
{ "type": "Feature", "properties": { "GEOID": "0852210", "NAME": "Mountain Meadows", "share_in_bvsd": 1.0 }, "geometry": { "type": "Polygon", "coordinates": [ [ [ -105.404233, 40.03464 ], [ -105.401327, 40.03514 ], [ -105.396469, 40.035976 ], [ -105.394901, 40.035944 ], [ -105.39353, 40.035948 ], [ -105.385592, 40.035185 ], [ -105.384441, 40.034907 ], [ -105.383287, 40.034628 ], [ -105.381141, 40.033351 ], [ -105.37784, 40.031591 ], [ -105.377444, 40.030802 ], [ -105.377282, 40.030683 ], [ -105.37632, 40.031627 ], [ -105.374667, 40.03325 ], [ -105.367234, 40.032617 ], [ -105.366941, 40.029447 ], [ -105.36648, 40.024451 ], [ -105.368171, 40.018728 ], [ -105.368385, 40.018669 ], [ -105.368474, 40.018621 ], [ -105.368558, 40.018561 ], [ -105.368726, 40.018431 ], [ -105.368817, 40.01838 ], [ -105.36901, 40.018327 ], [ -105.369203, 40.01835 ], [ -105.369415, 40.018422 ], [ -105.369635, 40.018524 ], [ -105.369848, 40.018629 ], [ -105.370088, 40.018687 ], [ -105.370337, 40.018711 ], [ -105.370573, 40.018706 ], [ -105.370952, 40.018605 ], [ -105.3712, 40.018512 ], [ -105.371585, 40.018441 ], [ -105.371759, 40.018391 ], [ -105.372041, 40.018429 ], [ -105.372287, 40.018542 ], [ -105.372475, 40.01867 ], [ -105.372872, 40.018875 ], [ -105.373329, 40.018991 ], [ -105.373957, 40.019069 ], [ -105.374201, 40.019123 ], [ -105.374449, 40.019086 ], [ -105.374598, 40.01904 ], [ -105.375377, 40.018682 ], [ -105.375629, 40.018591 ], [ -105.375999, 40.018485 ], [ -105.376258, 40.018391 ], [ -105.376455, 40.018242 ], [ -105.376609, 40.018084 ], [ -105.376689, 40.018015 ], [ -105.376889, 40.017917 ], [ -105.377261, 40.017915 ], [ -105.377573, 40.017944 ], [ -105.377917, 40.017968 ], [ -105.378418, 40.018016 ], [ -105.378886, 40.01798 ], [ -105.379029, 40.017942 ], [ -105.379284, 40.01783 ], [ -105.379632, 40.017617 ], [ -105.380207, 40.01743 ], [ -105.38067, 40.017331 ], [ -105.38113, 40.017262 ], [ -105.381587, 40.017265 ], [ -105.382054, 40.017314 ], [ -105.382852, 40.017397 ], [ -105.383256, 40.017428 ], [ -105.383674, 40.017461 ], [ -105.384185, 40.017452 ], [ -105.384704, 40.017401 ], [ -105.385056, 40.017362 ], [ -105.385599, 40.017321 ], [ -105.385777, 40.017322 ], [ -105.386119, 40.017352 ], [ -105.386567, 40.01746 ], [ -105.386895, 40.017683 ], [ -105.387238, 40.017929 ], [ -105.387527, 40.018065 ], [ -105.388195, 40.018203 ], [ -105.388622, 40.018264 ], [ -105.389314, 40.018347 ], [ -105.389789, 40.0184 ], [ -105.390225, 40.01848 ], [ -105.39036, 40.018532 ], [ -105.390714, 40.018784 ], [ -105.390942, 40.01898 ], [ -105.391254, 40.019412 ], [ -105.391466, 40.019754 ], [ -105.391654, 40.019964 ], [ -105.391935, 40.020248 ], [ -105.392406, 40.020589 ], [ -105.393062, 40.020994 ], [ -105.39297, 40.021053 ], [ -105.392863, 40.021071 ], [ -105.392739, 40.021058 ], [ -105.392507, 40.021058 ], [ -105.392352, 40.021089 ], [ -105.392133, 40.02115 ], [ -105.392062, 40.021156 ], [ -105.391893, 40.021103 ], [ -105.391855, 40.021059 ], [ -105.391732, 40.02085 ], [ -105.391649, 40.020762 ], [ -105.391512, 40.02071 ], [ -105.391333, 40.020722 ], [ -105.391156, 40.020803 ], [ -105.391001, 40.020921 ], [ -105.390531, 40.021321 ], [ -105.390198, 40.021591 ], [ -105.390127, 40.021782 ], [ -105.390106, 40.022004 ], [ -105.390115, 40.022156 ], [ -105.390145, 40.022313 ], [ -105.390336, 40.02262 ], [ -105.390405, 40.022791 ], [ -105.390404, 40.022928 ], [ -105.390691, 40.022971 ], [ -105.39089, 40.022971 ], [ -105.391301, 40.023041 ], [ -105.391688, 40.023094 ], [ -105.391841, 40.02313 ], [ -105.392111, 40.023246 ], [ -105.392264, 40.023317 ], [ -105.392475, 40.023443 ], [ -105.392617, 40.02356 ], [ -105.392993, 40.023784 ], [ -105.393181, 40.023936 ], [ -105.393334, 40.024044 ], [ -105.393534, 40.024205 ], [ -105.393781, 40.024385 ], [ -105.393935, 40.02451 ], [ -105.394029, 40.024627 ], [ -105.394088, 40.024708 ], [ -105.394288, 40.024842 ], [ -105.394476, 40.024941 ], [ -105.394594, 40.025121 ], [ -105.394736, 40.025291 ], [ -105.39483, 40.025381 ], [ -105.394948, 40.025435 ], [ -105.394981, 40.025444 ], [ -105.394932, 40.027288 ], [ -105.396268, 40.029027 ], [ -105.401113, 40.028569 ], [ -105.403148, 40.032529 ], [ -105.404233, 40.03464 ] ] ] } },
{ "type": "Feature", "properties": { "GEOID": "0874980", "NAME": "Sugarloaf", "share_in_bvsd": 0.99999999999999956 }, "geometry": { "type": "Polygon", "coordinates": [ [ [ -105.42746, 40.017106 ], [ -105.424971, 40.02466 ], [ -105.424889, 40.025007 ], [ -105.424934, 40.025091 ], [ -105.424086, 40.025038 ], [ -105.419661, 40.026282 ], [ -105.418409, 40.026821 ], [ -105.416914, 40.027173 ], [ -105.41595, 40.02717 ], [ -105.408164, 40.027905 ], [ -105.401113, 40.028569 ], [ -105.396268, 40.029027 ], [ -105.394932, 40.027288 ], [ -105.394981, 40.025444 ], [ -105.394948, 40.025435 ], [ -105.39483, 40.025381 ], [ -105.394736, 40.025291 ], [ -105.394594, 40.025121 ], [ -105.394476, 40.024941 ], [ -105.394288, 40.024842 ], [ -105.394088, 40.024708 ], [ -105.394029, 40.024627 ], [ -105.393935, 40.02451 ], [ -105.393781, 40.024385 ], [ -105.393534, 40.024205 ], [ -105.393334, 40.024044 ], [ -105.393181, 40.023936 ], [ -105.392993, 40.023784 ], [ -105.392617, 40.02356 ], [ -105.392475, 40.023443 ], [ -105.392264, 40.023317 ], [ -105.392111, 40.023246 ], [ -105.391841, 40.02313 ], [ -105.391688, 40.023094 ], [ -105.391301, 40.023041 ], [ -105.39089, 40.022971 ], [ -105.390691, 40.022971 ], [ -105.390404, 40.022928 ], [ -105.390405, 40.022791 ], [ -105.390336, 40.02262 ], [ -105.390145, 40.022313 ], [ -105.390115, 40.022156 ], [ -105.390106, 40.022004 ], [ -105.390127, 40.021782 ], [ -105.390198, 40.021591 ], [ -105.390531, 40.021321 ], [ -105.391001, 40.020921 ], [ -105.391156, 40.020803 ], [ -105.391333, 40.020722 ], [ -105.391512, 40.02071 ], [ -105.391649, 40.020762 ], [ -105.391732, 40.02085 ], [ -105.391855, 40.021059 ], [ -105.391893, 40.021103 ], [ -105.392062, 40.021156 ], [ -105.392133, 40.02115 ], [ -105.392352, 40.021089 ], [ -105.392507, 40.021058 ], [ -105.392739, 40.021058 ], [ -105.392863, 40.021071 ], [ -105.39297, 40.021053 ], [ -105.393062, 40.020994 ], [ -105.392406, 40.020589 ], [ -105.391935, 40.020248 ], [ -105.391654, 40.019964 ], [ -105.391466, 40.019754 ], [ -105.391254, 40.019412 ], [ -105.390942, 40.01898 ], [ -105.390714, 40.018784 ], [ -105.39036, 40.018532 ], [ -105.390225, 40.01848 ], [ -105.389789, 40.0184 ], [ -105.389314, 40.018347 ], [ -105.388622, 40.018264 ], [ -105.388195, 40.018203 ], [ -105.387527, 40.018065 ], [ -105.387238, 40.017929 ], [ -105.386895, 40.017683 ], [ -105.386567, 40.01746 ], [ -105.386119, 40.017352 ], [ -105.385777, 40.017322 ], [ -105.385599, 40.017321 ], [ -105.385056, 40.017362 ], [ -105.384704, 40.017401 ], [ -105.384612, 40.017253 ], [ -105.384578, 40.017199 ], [ -105.384445, 40.017121 ], [ -105.384051, 40.017023 ], [ -105.383834, 40.016985 ], [ -105.383561, 40.016928 ], [ -105.383301, 40.016867 ], [ -105.383048, 40.016735 ], [ -105.382916, 40.016636 ], [ -105.382545, 40.016449 ], [ -105.382362, 40.016291 ], [ -105.382073, 40.015919 ], [ -105.381993, 40.015632 ], [ -105.382074, 40.01546 ], [ -105.382086, 40.01532 ], [ -105.38196, 40.01516 ], [ -105.38173, 40.015042 ], [ -105.381281, 40.014831 ], [ -105.380956, 40.014721 ], [ -105.380631, 40.014629 ], [ -105.380167, 40.014427 ], [ -105.380725, 40.014447 ], [ -105.380837, 40.014451 ], [ -105.381852, 40.014468 ], [ -105.382362, 40.01446 ], [ -105.382936, 40.014444 ], [ -105.383329, 40.014461 ], [ -105.383823, 40.014444 ], [ -105.38469, 40.014387 ], [ -105.385498, 40.014384 ], [ -105.386143, 40.014364 ], [ -105.388041, 40.014394 ], [ -105.388674, 40.014374 ], [ -105.38892, 40.014373 ], [ -105.389178, 40.01439 ], [ -105.389354, 40.014435 ], [ -105.389506, 40.014461 ], [ -105.389647, 40.014479 ], [ -105.389787, 40.014469 ], [ -105.39008, 40.01436 ], [ -105.390419, 40.014179 ], [ -105.390641, 40.01407 ], [ -105.391155, 40.013852 ], [ -105.391459, 40.013779 ], [ -105.391822, 40.013633 ], [ -105.392138, 40.013551 ], [ -105.392992, 40.013377 ], [ -105.393601, 40.013276 ], [ -105.394104, 40.013148 ], [ -105.394431, 40.013084 ], [ -105.394783, 40.01302 ], [ -105.395685, 40.012719 ], [ -105.397277, 40.009375 ], [ -105.401877, 40.010211 ], [ -105.405687, 40.011014 ], [ -105.405907, 40.01097 ], [ -105.406147, 40.010783 ], [ -105.406214, 40.010648 ], [ -105.406307, 40.010368 ], [ -105.406559, 40.010243 ], [ -105.406673, 40.010246 ], [ -105.406877, 40.010474 ], [ -105.406949, 40.010658 ], [ -105.407056, 40.0109 ], [ -105.407151, 40.011148 ], [ -105.40728, 40.011356 ], [ -105.407305, 40.011396 ], [ -105.407427, 40.011538 ], [ -105.407585, 40.011407 ], [ -105.407752, 40.011328 ], [ -105.408002, 40.011182 ], [ -105.40825, 40.011136 ], [ -105.408575, 40.011051 ], [ -105.40875, 40.011021 ], [ -105.409088, 40.010998 ], [ -105.409381, 40.011027 ], [ -105.409724, 40.011086 ], [ -105.410231, 40.011163 ], [ -105.41051, 40.01121 ], [ -105.410895, 40.011232 ], [ -105.411201, 40.011304 ], [ -105.411497, 40.011357 ], [ -105.411614, 40.011342 ], [ -105.412189, 40.011192 ], [ -105.412432, 40.011129 ], [ -105.41333, 40.010918 ], [ -105.413746, 40.010796 ], [ -105.414146, 40.010678 ], [ -105.414835, 40.010505 ], [ -105.415383, 40.010422 ], [ -105.415941, 40.010437 ], [ -105.416484, 40.010479 ], [ -105.416934, 40.010493 ], [ -105.417036, 40.01049 ], [ -105.417514, 40.010477 ], [ -105.418135, 40.010433 ], [ -105.418519, 40.010352 ], [ -105.419175, 40.010173 ], [ -105.419494, 40.010124 ], [ -105.420185, 40.010193 ], [ -105.421303, 40.01025 ], [ -105.421748, 40.010287 ], [ -105.421849, 40.010299 ], [ -105.422317, 40.010355 ], [ -105.422771, 40.010632 ], [ -105.42284, 40.01067 ], [ -105.422929, 40.010747 ], [ -105.423022, 40.010848 ], [ -105.423391, 40.011106 ], [ -105.42373, 40.011299 ], [ -105.42409, 40.011422 ], [ -105.424393, 40.011521 ], [ -105.424508, 40.011594 ], [ -105.424591, 40.011659 ], [ -105.424689, 40.011743 ], [ -105.424807, 40.011887 ], [ -105.425055, 40.012246 ], [ -105.425131, 40.012311 ], [ -105.425315, 40.01247 ], [ -105.425585, 40.012677 ], [ -105.425739, 40.012802 ], [ -105.426103, 40.013008 ], [ -105.426811, 40.013726 ], [ -105.42713, 40.014167 ], [ -105.427201, 40.014328 ], [ -105.427284, 40.014463 ], [ -105.427356, 40.014724 ], [ -105.427428, 40.015048 ], [ -105.427429, 40.015238 ], [ -105.427396, 40.015481 ], [ -105.427385, 40.01567 ], [ -105.427316, 40.015797 ], [ -105.427246, 40.015968 ], [ -105.427189, 40.016194 ], [ -105.427097, 40.016419 ], [ -105.42704, 40.016636 ], [ -105.427076, 40.016807 ], [ -105.427241, 40.016959 ], [ -105.427382, 40.017067 ], [ -105.42746, 40.017106 ] ] ] } },
{ "type": "Feature", "properties": { "GEOID": "0859240", "NAME": "Pine Brook Hill", "share_in_bvsd": 0.99999999999999944 }, "geometry": { "type": "Polygon", "coordinates": [ [ [ -105.328827, 40.052581 ], [ -105.328816, 40.052761 ], [ -105.32877, 40.052914 ], [ -105.328712, 40.053058 ], [ -105.328642, 40.053167 ], [ -105.328549, 40.053257 ], [ -105.32842, 40.053393 ], [ -105.328374, 40.053492 ], [ -105.328363, 40.0536 ], [ -105.328375, 40.053654 ], [ -105.328457, 40.05378 ], [ -105.32847, 40.053861 ], [ -105.328446, 40.053924 ], [ -105.328435, 40.054077 ], [ -105.328366, 40.054276 ], [ -105.328214, 40.054429 ], [ -105.328027, 40.054574 ], [ -105.327934, 40.054637 ], [ -105.327735, 40.054692 ], [ -105.327594, 40.054746 ], [ -105.327466, 40.054846 ], [ -105.327361, 40.054999 ], [ -105.327338, 40.055062 ], [ -105.327362, 40.055207 ], [ -105.327434, 40.055459 ], [ -105.327493, 40.055612 ], [ -105.327541, 40.055774 ], [ -105.327506, 40.055909 ], [ -105.327425, 40.056017 ], [ -105.327331, 40.056108 ], [ -105.327144, 40.056189 ], [ -105.327097, 40.056243 ], [ -105.326851, 40.056235 ], [ -105.32657, 40.05629 ], [ -105.326313, 40.056408 ], [ -105.325985, 40.056535 ], [ -105.325564, 40.056689 ], [ -105.325107, 40.056817 ], [ -105.32458, 40.056926 ], [ -105.324298, 40.056936 ], [ -105.324123, 40.056955 ], [ -105.323923, 40.056946 ], [ -105.323665, 40.056902 ], [ -105.323431, 40.056884 ], [ -105.323278, 40.056903 ], [ -105.323173, 40.056984 ], [ -105.323153, 40.057074 ], [ -105.32315, 40.057092 ], [ -105.323162, 40.057182 ], [ -105.323292, 40.05738 ], [ -105.323434, 40.057551 ], [ -105.323563, 40.057659 ], [ -105.323599, 40.057785 ], [ -105.3236, 40.057929 ], [ -105.323506, 40.058028 ], [ -105.323342, 40.05811 ], [ -105.323178, 40.058119 ], [ -105.322709, 40.058112 ], [ -105.32224, 40.058095 ], [ -105.322029, 40.05806 ], [ -105.321677, 40.058043 ], [ -105.321408, 40.058088 ], [ -105.321185, 40.058188 ], [ -105.321056, 40.058235 ], [ -105.320916, 40.058288 ], [ -105.320648, 40.058532 ], [ -105.320425, 40.058659 ], [ -105.32018, 40.058822 ], [ -105.319934, 40.058957 ], [ -105.319724, 40.059057 ], [ -105.31949, 40.059157 ], [ -105.319197, 40.059329 ], [ -105.318999, 40.059419 ], [ -105.318764, 40.059483 ], [ -105.318168, 40.0598 ], [ -105.317782, 40.060035 ], [ -105.317444, 40.060451 ], [ -105.317351, 40.060586 ], [ -105.317257, 40.060695 ], [ -105.317152, 40.060794 ], [ -105.316942, 40.06093 ], [ -105.316764, 40.06097 ], [ -105.316768, 40.061064 ], [ -105.316562, 40.06107 ], [ -105.315678, 40.061039 ], [ -105.315451, 40.061047 ], [ -105.315385, 40.061055 ], [ -105.315263, 40.061092 ], [ -105.314787, 40.06137 ], [ -105.314713, 40.061413 ], [ -105.314505, 40.061565 ], [ -105.314228, 40.061832 ], [ -105.314081, 40.061952 ], [ -105.313669, 40.062228 ], [ -105.313493, 40.062394 ], [ -105.313439, 40.062484 ], [ -105.313375, 40.062641 ], [ -105.313312, 40.062766 ], [ -105.313219, 40.062879 ], [ -105.313045, 40.062974 ], [ -105.312586, 40.063167 ], [ -105.312312, 40.063291 ], [ -105.312033, 40.063447 ], [ -105.311335, 40.063799 ], [ -105.31109, 40.063879 ], [ -105.310835, 40.063939 ], [ -105.310613, 40.063947 ], [ -105.310075, 40.063931 ], [ -105.309858, 40.063942 ], [ -105.309627, 40.063987 ], [ -105.309385, 40.064067 ], [ -105.30921, 40.064148 ], [ -105.309014, 40.064265 ], [ -105.308856, 40.064391 ], [ -105.308617, 40.064644 ], [ -105.308471, 40.06476 ], [ -105.308334, 40.064848 ], [ -105.308185, 40.064917 ], [ -105.308039, 40.064956 ], [ -105.307812, 40.064981 ], [ -105.307657, 40.064967 ], [ -105.307532, 40.064932 ], [ -105.307227, 40.064769 ], [ -105.306701, 40.064462 ], [ -105.306515, 40.064361 ], [ -105.306482, 40.064348 ], [ -105.306296, 40.064279 ], [ -105.306156, 40.064251 ], [ -105.305964, 40.06424 ], [ -105.305765, 40.064263 ], [ -105.305492, 40.064328 ], [ -105.305064, 40.064448 ], [ -105.304872, 40.064485 ], [ -105.304639, 40.064521 ], [ -105.304402, 40.064535 ], [ -105.303715, 40.064503 ], [ -105.303366, 40.064495 ], [ -105.303187, 40.064502 ], [ -105.302785, 40.064542 ], [ -105.302286, 40.064614 ], [ -105.301391, 40.064756 ], [ -105.301223, 40.064783 ], [ -105.300728, 40.064847 ], [ -105.300158, 40.064516 ], [ -105.299831, 40.06432 ], [ -105.299499, 40.064139 ], [ -105.299122, 40.063973 ], [ -105.298826, 40.06387 ], [ -105.298553, 40.0638 ], [ -105.298175, 40.063737 ], [ -105.29789, 40.063702 ], [ -105.297763, 40.063686 ], [ -105.29733, 40.063628 ], [ -105.297184, 40.063609 ], [ -105.297011, 40.063586 ], [ -105.296964, 40.06358 ], [ -105.296603, 40.063534 ], [ -105.296534, 40.063526 ], [ -105.296527, 40.063433 ], [ -105.296527, 40.063357 ], [ -105.296528, 40.06298 ], [ -105.296525, 40.062901 ], [ -105.297087, 40.062823 ], [ -105.297293, 40.062925 ], [ -105.297717, 40.062858 ], [ -105.298194, 40.062371 ], [ -105.298435, 40.061812 ], [ -105.298524, 40.061681 ], [ -105.298819, 40.061365 ], [ -105.299123, 40.061182 ], [ -105.299227, 40.06112 ], [ -105.299416, 40.060751 ], [ -105.299581, 40.060427 ], [ -105.299721, 40.060251 ], [ -105.299968, 40.059665 ], [ -105.299682, 40.059664 ], [ -105.299616, 40.059664 ], [ -105.300058, 40.058218 ], [ -105.300092, 40.058107 ], [ -105.300411, 40.057749 ], [ -105.301152, 40.057744 ], [ -105.301168, 40.055169 ], [ -105.300962, 40.055268 ], [ -105.300475, 40.054605 ], [ -105.300467, 40.054347 ], [ -105.300479, 40.053904 ], [ -105.300481, 40.053839 ], [ -105.301158, 40.05383 ], [ -105.301144, 40.051091 ], [ -105.301129, 40.048236 ], [ -105.301124, 40.047282 ], [ -105.300146, 40.047285 ], [ -105.295546, 40.047285 ], [ -105.295614, 40.046983 ], [ -105.297005, 40.043429 ], [ -105.296651, 40.043118 ], [ -105.296516, 40.042999 ], [ -105.296571, 40.042671 ], [ -105.295833, 40.040816 ], [ -105.297071, 40.040826 ], [ -105.297079, 40.037126 ], [ -105.297071, 40.036338 ], [ -105.296496, 40.036334 ], [ -105.296226, 40.036334 ], [ -105.296227, 40.035486 ], [ -105.296218, 40.034712 ], [ -105.296229, 40.032895 ], [ -105.296232, 40.032464 ], [ -105.296247, 40.030482 ], [ -105.296245, 40.029941 ], [ -105.296247, 40.029009 ], [ -105.296245, 40.027844 ], [ -105.296234, 40.027305 ], [ -105.296238, 40.025351 ], [ -105.296238, 40.024228 ], [ -105.296238, 40.022645 ], [ -105.296237, 40.022488 ], [ -105.296245, 40.022431 ], [ -105.296244, 40.02226 ], [ -105.296238, 40.022148 ], [ -105.296276, 40.022144 ], [ -105.296479, 40.022121 ], [ -105.296501, 40.02192 ], [ -105.296515, 40.021771 ], [ -105.296517, 40.021732 ], [ -105.296545, 40.021705 ], [ -105.296646, 40.021701 ], [ -105.296884, 40.021694 ], [ -105.296989, 40.021788 ], [ -105.298118, 40.022537 ], [ -105.300395, 40.024047 ], [ -105.300787, 40.024332 ], [ -105.302056, 40.02531 ], [ -105.308103, 40.030109 ], [ -105.317288, 40.036794 ], [ -105.320798, 40.039349 ], [ -105.322862, 40.0422 ], [ -105.323378, 40.042941 ], [ -105.323638, 40.043136 ], [ -105.323949, 40.043369 ], [ -105.325231, 40.04455 ], [ -105.325501, 40.044881 ], [ -105.32559, 40.044991 ], [ -105.326525, 40.046811 ], [ -105.326947, 40.047631 ], [ -105.327919, 40.049903 ], [ -105.32834, 40.051056 ], [ -105.328836, 40.052538 ], [ -105.328827, 40.052581 ] ] ] } },
{ "type": "Feature", "properties": { "GEOID": "0867040", "NAME": "St. Ann Highlands", "share_in_bvsd": 0.99999999999999889 }, "geometry": { "type": "Polygon", "coordinates": [ [ [ -105.473355, 39.987153 ], [ -105.473279, 39.987333 ], [ -105.473192, 39.987446 ], [ -105.473085, 39.987556 ], [ -105.472693, 39.987841 ], [ -105.472506, 39.988006 ], [ -105.472415, 39.988135 ], [ -105.472284, 39.988354 ], [ -105.472, 39.988591 ], [ -105.471843, 39.988772 ], [ -105.471792, 39.988913 ], [ -105.471822, 39.989118 ], [ -105.471797, 39.989124 ], [ -105.471613, 39.989082 ], [ -105.471414, 39.989074 ], [ -105.471262, 39.989155 ], [ -105.471157, 39.989273 ], [ -105.471123, 39.989408 ], [ -105.471018, 39.989517 ], [ -105.470902, 39.989562 ], [ -105.47075, 39.989635 ], [ -105.470575, 39.989753 ], [ -105.470319, 39.989952 ], [ -105.469702, 39.990504 ], [ -105.469515, 39.990649 ], [ -105.469071, 39.99084 ], [ -105.468768, 39.99095 ], [ -105.468522, 39.991014 ], [ -105.468253, 39.99106 ], [ -105.468042, 39.991106 ], [ -105.46775, 39.991179 ], [ -105.467493, 39.991288 ], [ -105.467225, 39.991415 ], [ -105.467108, 39.991488 ], [ -105.467003, 39.991524 ], [ -105.466897, 39.991543 ], [ -105.466804, 39.991552 ], [ -105.466581, 39.991562 ], [ -105.46623, 39.991644 ], [ -105.466067, 39.991708 ], [ -105.465845, 39.991817 ], [ -105.465647, 39.991935 ], [ -105.465425, 39.992053 ], [ -105.465227, 39.992189 ], [ -105.46504, 39.992289 ], [ -105.464619, 39.992462 ], [ -105.464339, 39.992535 ], [ -105.464082, 39.992617 ], [ -105.463894, 39.992654 ], [ -105.463719, 39.992673 ], [ -105.46304, 39.99272 ], [ -105.462548, 39.99274 ], [ -105.462208, 39.992715 ], [ -105.46215, 39.992715 ], [ -105.461739, 39.992681 ], [ -105.46134, 39.992574 ], [ -105.4608, 39.992387 ], [ -105.460613, 39.992361 ], [ -105.460414, 39.992379 ], [ -105.460168, 39.99238 ], [ -105.459875, 39.992364 ], [ -105.459664, 39.992391 ], [ -105.459524, 39.992446 ], [ -105.459407, 39.992528 ], [ -105.459338, 39.992636 ], [ -105.459281, 39.992843 ], [ -105.459294, 39.993168 ], [ -105.459272, 39.993312 ], [ -105.459214, 39.99342 ], [ -105.459028, 39.993673 ], [ -105.458947, 39.993809 ], [ -105.458948, 39.993908 ], [ -105.45902, 39.994169 ], [ -105.458986, 39.994286 ], [ -105.458904, 39.994368 ], [ -105.458718, 39.994513 ], [ -105.458566, 39.994612 ], [ -105.458369, 39.994865 ], [ -105.458252, 39.994938 ], [ -105.458088, 39.995002 ], [ -105.457843, 39.99503 ], [ -105.457292, 39.995041 ], [ -105.457047, 39.995114 ], [ -105.456883, 39.995177 ], [ -105.45672, 39.995277 ], [ -105.456556, 39.995368 ], [ -105.456054, 39.995595 ], [ -105.45582, 39.995686 ], [ -105.455645, 39.995732 ], [ -105.455399, 39.995778 ], [ -105.455212, 39.99577 ], [ -105.455071, 39.995734 ], [ -105.45466, 39.995646 ], [ -105.454132, 39.995486 ], [ -105.453874, 39.995442 ], [ -105.453628, 39.995434 ], [ -105.453406, 39.995452 ], [ -105.453242, 39.99548 ], [ -105.453067, 39.995562 ], [ -105.452799, 39.995761 ], [ -105.452577, 39.995933 ], [ -105.452449, 39.996006 ], [ -105.452203, 39.996106 ], [ -105.451946, 39.99617 ], [ -105.45163, 39.996216 ], [ -105.451057, 39.996318 ], [ -105.450729, 39.996355 ], [ -105.450471, 39.996374 ], [ -105.450214, 39.996375 ], [ -105.450015, 39.996403 ], [ -105.449804, 39.996439 ], [ -105.4495, 39.996513 ], [ -105.449185, 39.996595 ], [ -105.449044, 39.996632 ], [ -105.448787, 39.996678 ], [ -105.448599, 39.996705 ], [ -105.448236, 39.996716 ], [ -105.448037, 39.996681 ], [ -105.447728, 39.99661 ], [ -105.447457, 39.996441 ], [ -105.447012, 39.996319 ], [ -105.44672, 39.996327 ], [ -105.446756, 39.996118 ], [ -105.446755, 39.995947 ], [ -105.446695, 39.995668 ], [ -105.446517, 39.995335 ], [ -105.446374, 39.99502 ], [ -105.446291, 39.994822 ], [ -105.446196, 39.99457 ], [ -105.446065, 39.994283 ], [ -105.445899, 39.994058 ], [ -105.445534, 39.993762 ], [ -105.445158, 39.99352 ], [ -105.444899, 39.993323 ], [ -105.444769, 39.993206 ], [ -105.444686, 39.993071 ], [ -105.44458, 39.992883 ], [ -105.441079, 39.991896 ], [ -105.440879, 39.991466 ], [ -105.440374, 39.991328 ], [ -105.439813, 39.991238 ], [ -105.439203, 39.991157 ], [ -105.438394, 39.991164 ], [ -105.438203, 39.991141 ], [ -105.438178, 39.9911 ], [ -105.43817, 39.991035 ], [ -105.438317, 39.990929 ], [ -105.438886, 39.990653 ], [ -105.43939, 39.990482 ], [ -105.439862, 39.990458 ], [ -105.440325, 39.990384 ], [ -105.440464, 39.990311 ], [ -105.440439, 39.990254 ], [ -105.440334, 39.990181 ], [ -105.440016, 39.990149 ], [ -105.439602, 39.989994 ], [ -105.439301, 39.989823 ], [ -105.439089, 39.989717 ], [ -105.438512, 39.989791 ], [ -105.438447, 39.989766 ], [ -105.438422, 39.989677 ], [ -105.438536, 39.989604 ], [ -105.438675, 39.989539 ], [ -105.438959, 39.989441 ], [ -105.439276, 39.989319 ], [ -105.439325, 39.989286 ], [ -105.439333, 39.98923 ], [ -105.439268, 39.989091 ], [ -105.439236, 39.988994 ], [ -105.439261, 39.988713 ], [ -105.43961, 39.988075 ], [ -105.439919, 39.987717 ], [ -105.440147, 39.987481 ], [ -105.440415, 39.987188 ], [ -105.440569, 39.98705 ], [ -105.440635, 39.986895 ], [ -105.440578, 39.986749 ], [ -105.44096, 39.986375 ], [ -105.441732, 39.985651 ], [ -105.442538, 39.984992 ], [ -105.443392, 39.984382 ], [ -105.444554, 39.983626 ], [ -105.445262, 39.983162 ], [ -105.445848, 39.982813 ], [ -105.44636, 39.982593 ], [ -105.446848, 39.982471 ], [ -105.447393, 39.982414 ], [ -105.447799, 39.982406 ], [ -105.44819, 39.982447 ], [ -105.448613, 39.982561 ], [ -105.448979, 39.982658 ], [ -105.449288, 39.982772 ], [ -105.449621, 39.98287 ], [ -105.449733, 39.982895 ], [ -105.450151, 39.982943 ], [ -105.450407, 39.982939 ], [ -105.450797, 39.982874 ], [ -105.451375, 39.982703 ], [ -105.452469, 39.98237 ], [ -105.453022, 39.982195 ], [ -105.45344, 39.982061 ], [ -105.453859, 39.981906 ], [ -105.45416, 39.981731 ], [ -105.454465, 39.981483 ], [ -105.454644, 39.9813 ], [ -105.454896, 39.980963 ], [ -105.455022, 39.980739 ], [ -105.455112, 39.98054 ], [ -105.455201, 39.980329 ], [ -105.455262, 39.98015 ], [ -105.455319, 39.979987 ], [ -105.455392, 39.9798 ], [ -105.455506, 39.979625 ], [ -105.45562, 39.979491 ], [ -105.455738, 39.979365 ], [ -105.455901, 39.979255 ], [ -105.456153, 39.979145 ], [ -105.456511, 39.979027 ], [ -105.456799, 39.97893 ], [ -105.457125, 39.978779 ], [ -105.457324, 39.978653 ], [ -105.457535, 39.978511 ], [ -105.457743, 39.978324 ], [ -105.457901, 39.978116 ], [ -105.458194, 39.977759 ], [ -105.458438, 39.977482 ], [ -105.458698, 39.977319 ], [ -105.459064, 39.977189 ], [ -105.459365, 39.977157 ], [ -105.459609, 39.977141 ], [ -105.460036, 39.977112 ], [ -105.460463, 39.977047 ], [ -105.460825, 39.976949 ], [ -105.461504, 39.976709 ], [ -105.462944, 39.976209 ], [ -105.463346, 39.976055 ], [ -105.463647, 39.975921 ], [ -105.463907, 39.975782 ], [ -105.464192, 39.975575 ], [ -105.464242, 39.975527 ], [ -105.464497, 39.975233 ], [ -105.464686, 39.975362 ], [ -105.464713, 39.975384 ], [ -105.46857, 39.978482 ], [ -105.468264, 39.97862 ], [ -105.467899, 39.978683 ], [ -105.467218, 39.97871 ], [ -105.466706, 39.978722 ], [ -105.466129, 39.978802 ], [ -105.465508, 39.979058 ], [ -105.465241, 39.979243 ], [ -105.464656, 39.979899 ], [ -105.464403, 39.980328 ], [ -105.463828, 39.980999 ], [ -105.46362, 39.981649 ], [ -105.463593, 39.981834 ], [ -105.463575, 39.982062 ], [ -105.463571, 39.982164 ], [ -105.463597, 39.982684 ], [ -105.46375, 39.983217 ], [ -105.464041, 39.983609 ], [ -105.464323, 39.983989 ], [ -105.464796, 39.984367 ], [ -105.465261, 39.984483 ], [ -105.466068, 39.984609 ], [ -105.467335, 39.984758 ], [ -105.467653, 39.984691 ], [ -105.468224, 39.984675 ], [ -105.468553, 39.984594 ], [ -105.468933, 39.984579 ], [ -105.469323, 39.984725 ], [ -105.469591, 39.984861 ], [ -105.47118, 39.985501 ], [ -105.471457, 39.985574 ], [ -105.471795, 39.985625 ], [ -105.472029, 39.985684 ], [ -105.472256, 39.985791 ], [ -105.472395, 39.985872 ], [ -105.472745, 39.9861 ], [ -105.473068, 39.986379 ], [ -105.473152, 39.986536 ], [ -105.473322, 39.986898 ], [ -105.473355, 39.987153 ] ] ] } },
{ "type": "Feature", "properties": { "GEOID": "0876325", "NAME": "Tall Timber", "share_in_bvsd": 1.0 }, "geometry": { "type": "Polygon", "coordinates": [ [ [ -105.360413, 40.01622 ], [ -105.359933, 40.017632 ], [ -105.359924, 40.017683 ], [ -105.359386, 40.018235 ], [ -105.357129, 40.019032 ], [ -105.357112, 40.019039 ], [ -105.355296, 40.019039 ], [ -105.353382, 40.018809 ], [ -105.353264, 40.01884 ], [ -105.348848, 40.01911 ], [ -105.342478, 40.018955 ], [ -105.337754, 40.018352 ], [ -105.337746, 40.016083 ], [ -105.33771, 40.016069 ], [ -105.338716, 40.01413 ], [ -105.342395, 40.013222 ], [ -105.345669, 40.013109 ], [ -105.347633, 40.011339 ], [ -105.347815, 40.010112 ], [ -105.348218, 40.010151 ], [ -105.351048, 40.008969 ], [ -105.351164, 40.009105 ], [ -105.351319, 40.009247 ], [ -105.351466, 40.009336 ], [ -105.351531, 40.009408 ], [ -105.351688, 40.009607 ], [ -105.35172, 40.009631 ], [ -105.351818, 40.009679 ], [ -105.351928, 40.009704 ], [ -105.352186, 40.009706 ], [ -105.352289, 40.009721 ], [ -105.352336, 40.009743 ], [ -105.355077, 40.010529 ], [ -105.358204, 40.01197 ], [ -105.359691, 40.013578 ], [ -105.360347, 40.01532 ], [ -105.360431, 40.015997 ], [ -105.360413, 40.01622 ] ] ] } },
{ "type": "Feature", "properties": { "GEOID": "0869110", "NAME": "Seven Hills", "share_in_bvsd": 0.999999999999999 }, "geometry": { "type": "Polygon", "coordinates": [ [ [ -105.340336, 40.03075 ], [ -105.340289, 40.030819 ], [ -105.340156, 40.030913 ], [ -105.340055, 40.031021 ], [ -105.339985, 40.031169 ], [ -105.339877, 40.031557 ], [ -105.339687, 40.03184 ], [ -105.339652, 40.032043 ], [ -105.33964, 40.032124 ], [ -105.339654, 40.03251 ], [ -105.3397, 40.032737 ], [ -105.339776, 40.032765 ], [ -105.339777, 40.032923 ], [ -105.339777, 40.033018 ], [ -105.339802, 40.033104 ], [ -105.33985, 40.033184 ], [ -105.33987, 40.033208 ], [ -105.339975, 40.033233 ], [ -105.340069, 40.03323 ], [ -105.340105, 40.033537 ], [ -105.340094, 40.033708 ], [ -105.34006, 40.033844 ], [ -105.339967, 40.033979 ], [ -105.339862, 40.034105 ], [ -105.339663, 40.034277 ], [ -105.339559, 40.034395 ], [ -105.339524, 40.034458 ], [ -105.339524, 40.034566 ], [ -105.33963, 40.034719 ], [ -105.339654, 40.034791 ], [ -105.339632, 40.034944 ], [ -105.339365, 40.03553 ], [ -105.339343, 40.035774 ], [ -105.339379, 40.036053 ], [ -105.339392, 40.036224 ], [ -105.339357, 40.036332 ], [ -105.339217, 40.036486 ], [ -105.338926, 40.036766 ], [ -105.338774, 40.036875 ], [ -105.338727, 40.036992 ], [ -105.338681, 40.037064 ], [ -105.338553, 40.037209 ], [ -105.338506, 40.037308 ], [ -105.338507, 40.037398 ], [ -105.338519, 40.037524 ], [ -105.338626, 40.03792 ], [ -105.338698, 40.0381 ], [ -105.338793, 40.038379 ], [ -105.338852, 40.038532 ], [ -105.338853, 40.038667 ], [ -105.338842, 40.038758 ], [ -105.338748, 40.038857 ], [ -105.338585, 40.038957 ], [ -105.338351, 40.039065 ], [ -105.338, 40.039211 ], [ -105.33759, 40.039365 ], [ -105.337333, 40.039429 ], [ -105.33704, 40.039556 ], [ -105.336853, 40.039601 ], [ -105.336666, 40.039665 ], [ -105.336514, 40.039764 ], [ -105.336362, 40.039927 ], [ -105.336257, 40.040062 ], [ -105.336152, 40.040135 ], [ -105.335824, 40.040181 ], [ -105.335696, 40.040208 ], [ -105.335415, 40.040371 ], [ -105.33524, 40.040507 ], [ -105.335217, 40.04057 ], [ -105.335217, 40.040642 ], [ -105.335323, 40.040831 ], [ -105.33543, 40.041047 ], [ -105.335478, 40.041254 ], [ -105.335479, 40.04138 ], [ -105.335432, 40.041533 ], [ -105.335363, 40.041723 ], [ -105.335247, 40.041912 ], [ -105.335153, 40.042003 ], [ -105.335048, 40.042066 ], [ -105.334533, 40.04223 ], [ -105.334299, 40.042348 ], [ -105.334159, 40.042438 ], [ -105.333984, 40.042565 ], [ -105.333785, 40.042746 ], [ -105.333727, 40.042836 ], [ -105.333611, 40.043052 ], [ -105.333589, 40.043296 ], [ -105.333625, 40.043467 ], [ -105.329483, 40.043859 ], [ -105.329538, 40.043756 ], [ -105.329583, 40.043647 ], [ -105.329713, 40.043368 ], [ -105.329917, 40.043096 ], [ -105.330119, 40.042916 ], [ -105.330214, 40.042829 ], [ -105.330274, 40.042726 ], [ -105.330293, 40.042642 ], [ -105.330307, 40.042406 ], [ -105.330282, 40.04217 ], [ -105.33025, 40.04208 ], [ -105.330175, 40.041969 ], [ -105.330098, 40.041897 ], [ -105.329972, 40.041818 ], [ -105.329889, 40.041793 ], [ -105.329615, 40.041714 ], [ -105.329466, 40.041648 ], [ -105.329341, 40.041558 ], [ -105.329303, 40.041519 ], [ -105.328849, 40.041041 ], [ -105.328575, 40.040776 ], [ -105.328438, 40.040633 ], [ -105.328394, 40.040582 ], [ -105.328329, 40.040505 ], [ -105.328249, 40.040364 ], [ -105.328201, 40.040215 ], [ -105.328191, 40.039943 ], [ -105.328165, 40.039728 ], [ -105.328116, 40.039556 ], [ -105.328102, 40.039517 ], [ -105.32781, 40.038911 ], [ -105.327791, 40.03884 ], [ -105.327782, 40.038697 ], [ -105.327811, 40.038554 ], [ -105.327965, 40.038215 ], [ -105.327983, 40.038166 ], [ -105.328017, 40.038079 ], [ -105.328041, 40.037889 ], [ -105.328022, 40.037792 ], [ -105.327982, 40.037726 ], [ -105.32732, 40.037122 ], [ -105.327242, 40.037051 ], [ -105.327108, 40.0369 ], [ -105.327004, 40.036737 ], [ -105.326775, 40.036216 ], [ -105.326691, 40.036086 ], [ -105.32658, 40.03597 ], [ -105.326479, 40.035904 ], [ -105.326359, 40.035863 ], [ -105.326228, 40.035849 ], [ -105.326098, 40.035865 ], [ -105.325721, 40.036073 ], [ -105.325664, 40.036098 ], [ -105.325539, 40.03613 ], [ -105.325409, 40.036135 ], [ -105.325284, 40.036114 ], [ -105.325348, 40.035994 ], [ -105.325371, 40.035886 ], [ -105.325373, 40.03584 ], [ -105.325382, 40.035679 ], [ -105.32537, 40.035517 ], [ -105.325322, 40.035318 ], [ -105.325239, 40.035147 ], [ -105.325132, 40.034886 ], [ -105.325096, 40.03476 ], [ -105.325107, 40.034499 ], [ -105.325141, 40.03422 ], [ -105.325199, 40.034066 ], [ -105.325408, 40.033687 ], [ -105.325548, 40.03348 ], [ -105.325546, 40.033209 ], [ -105.325487, 40.033038 ], [ -105.325368, 40.032796 ], [ -105.325333, 40.032678 ], [ -105.325297, 40.032453 ], [ -105.325272, 40.032147 ], [ -105.325376, 40.031849 ], [ -105.325375, 40.031705 ], [ -105.325304, 40.031507 ], [ -105.325292, 40.031399 ], [ -105.325326, 40.031228 ], [ -105.32536, 40.031093 ], [ -105.325523, 40.030777 ], [ -105.325616, 40.030659 ], [ -105.325721, 40.030542 ], [ -105.325767, 40.030425 ], [ -105.325837, 40.030271 ], [ -105.325907, 40.030136 ], [ -105.325953, 40.030073 ], [ -105.326152, 40.029973 ], [ -105.326304, 40.029946 ], [ -105.326504, 40.029945 ], [ -105.326668, 40.029963 ], [ -105.326937, 40.029971 ], [ -105.327101, 40.029953 ], [ -105.327312, 40.029907 ], [ -105.327581, 40.029789 ], [ -105.327663, 40.029762 ], [ -105.328448, 40.029705 ], [ -105.328589, 40.029705 ], [ -105.328577, 40.029741 ], [ -105.328577, 40.029795 ], [ -105.328589, 40.029849 ], [ -105.328602, 40.029966 ], [ -105.328731, 40.030047 ], [ -105.328966, 40.030218 ], [ -105.329166, 40.030316 ], [ -105.329377, 40.030361 ], [ -105.329612, 40.030423 ], [ -105.330257, 40.030484 ], [ -105.330444, 40.030511 ], [ -105.330796, 40.030573 ], [ -105.330914, 40.030617 ], [ -105.33102, 40.030725 ], [ -105.331102, 40.030878 ], [ -105.331174, 40.031139 ], [ -105.331233, 40.031292 ], [ -105.331281, 40.031373 ], [ -105.331375, 40.031463 ], [ -105.331668, 40.03144 ], [ -105.334491, 40.030984 ], [ -105.335379, 40.032328 ], [ -105.33556, 40.032295 ], [ -105.335842, 40.03229 ], [ -105.336071, 40.032274 ], [ -105.336667, 40.032251 ], [ -105.337195, 40.032265 ], [ -105.337433, 40.032296 ], [ -105.337747, 40.032393 ], [ -105.337923, 40.032408 ], [ -105.338101, 40.032398 ], [ -105.338203, 40.032351 ], [ -105.33839, 40.032237 ], [ -105.33849, 40.032144 ], [ -105.338594, 40.032018 ], [ -105.338806, 40.031701 ], [ -105.338886, 40.031616 ], [ -105.338985, 40.03153 ], [ -105.339317, 40.031279 ], [ -105.339915, 40.030723 ], [ -105.339944, 40.030688 ], [ -105.34002, 40.030629 ], [ -105.340114, 40.030589 ], [ -105.340192, 40.03058 ], [ -105.340269, 40.030595 ], [ -105.340331, 40.030633 ], [ -105.340346, 40.030691 ], [ -105.340336, 40.03075 ] ] ] } }
]
}
