county,year,population,basis,countyfips
Adams,1870,0.0,decennial census,001
Adams,1880,0.0,decennial census,001
Adams,1890,0.0,decennial census,001
Adams,1900,0.0,decennial census,001
Adams,1910,8892.0,decennial census,001
Adams,1920,14430.0,decennial census,001
Adams,1930,20245.0,decennial census,001
Adams,1940,22481.0,decennial census,001
Adams,1950,40234.0,decennial census,001
Adams,1960,120296.0,decennial census,001
Adams,1970,185789.0,decennial census,001
Adams,1980,245944.0,sdo annual estimate,001
Adams,1981,253031.0,sdo annual estimate,001
Adams,1982,260136.0,sdo annual estimate,001
Adams,1983,267244.0,sdo annual estimate,001
Adams,1984,265770.0,sdo annual estimate,001
Adams,1985,268764.0,sdo annual estimate,001
Adams,1986,268643.0,sdo annual estimate,001
Adams,1987,269323.0,sdo annual estimate,001
Adams,1988,269019.0,sdo annual estimate,001
Adams,1989,266771.0,sdo annual estimate,001
Adams,1990,265038.0,sdo annual estimate,001
Adams,1991,273624.0,sdo annual estimate,001
Adams,1992,281385.0,sdo annual estimate,001
Adams,1993,290777.0,sdo annual estimate,001
Adams,1994,300794.0,sdo annual estimate,001
Adams,1995,312593.0,sdo annual estimate,001
Adams,1996,323042.0,sdo annual estimate,001
Adams,1997,332744.0,sdo annual estimate,001
Adams,1998,344024.0,sdo annual estimate,001
Adams,1999,355308.0,sdo annual estimate,001
Adams,2000,351735.0,sdo annual estimate,001
Adams,2001,359437.0,sdo annual estimate,001
Adams,2002,371181.0,sdo annual estimate,001
Adams,2003,377665.0,sdo annual estimate,001
Adams,2004,385945.0,sdo annual estimate,001
Adams,2005,395384.0,sdo annual estimate,001
Adams,2006,407587.0,sdo annual estimate,001
Adams,2007,415915.0,sdo annual estimate,001
Adams,2008,425138.0,sdo annual estimate,001
Adams,2009,436323.0,sdo annual estimate,001
Adams,2010,443711.0,sdo annual estimate,001
Adams,2011,452181.0,sdo annual estimate,001
Adams,2012,460468.0,sdo annual estimate,001
Adams,2013,469878.0,sdo annual estimate,001
Adams,2014,479901.0,sdo annual estimate,001
Adams,2015,490351.0,sdo annual estimate,001
Adams,2016,497822.0,sdo annual estimate,001
Adams,2017,503706.0,sdo annual estimate,001
Adams,2018,511422.0,sdo annual estimate,001
Adams,2019,516481.0,sdo annual estimate,001
Adams,2020,520489.0,sdo annual estimate,001
Adams,2021,523505.0,sdo annual estimate,001
Adams,2022,528201.0,sdo annual estimate,001
Adams,2023,535901.0,sdo annual estimate,001
Adams,2024,543760.0,sdo annual estimate,001
Alamosa,1870,0.0,decennial census,003
Alamosa,1880,0.0,decennial census,003
Alamosa,1890,0.0,decennial census,003
Alamosa,1900,0.0,decennial census,003
Alamosa,1910,0.0,decennial census,003
Alamosa,1920,5148.0,decennial census,003
Alamosa,1930,8602.0,decennial census,003
Alamosa,1940,10484.0,decennial census,003
Alamosa,1950,10531.0,decennial census,003
Alamosa,1960,10000.0,decennial census,003
Alamosa,1970,11422.0,decennial census,003
Alamosa,1980,11799.0,sdo annual estimate,003
Alamosa,1981,12184.0,sdo annual estimate,003
Alamosa,1982,12258.0,sdo annual estimate,003
Alamosa,1983,12643.0,sdo annual estimate,003
Alamosa,1984,12928.0,sdo annual estimate,003
Alamosa,1985,13011.0,sdo annual estimate,003
Alamosa,1986,13336.0,sdo annual estimate,003
Alamosa,1987,13427.0,sdo annual estimate,003
Alamosa,1988,13715.0,sdo annual estimate,003
Alamosa,1989,13660.0,sdo annual estimate,003
Alamosa,1990,13617.0,sdo annual estimate,003
Alamosa,1991,13639.0,sdo annual estimate,003
Alamosa,1992,13572.0,sdo annual estimate,003
Alamosa,1993,13657.0,sdo annual estimate,003
Alamosa,1994,13823.0,sdo annual estimate,003
Alamosa,1995,14097.0,sdo annual estimate,003
Alamosa,1996,14322.0,sdo annual estimate,003
Alamosa,1997,14478.0,sdo annual estimate,003
Alamosa,1998,14623.0,sdo annual estimate,003
Alamosa,1999,14822.0,sdo annual estimate,003
Alamosa,2000,15099.0,sdo annual estimate,003
Alamosa,2001,15231.0,sdo annual estimate,003
Alamosa,2002,15266.0,sdo annual estimate,003
Alamosa,2003,15360.0,sdo annual estimate,003
Alamosa,2004,15406.0,sdo annual estimate,003
Alamosa,2005,15395.0,sdo annual estimate,003
Alamosa,2006,15350.0,sdo annual estimate,003
Alamosa,2007,15293.0,sdo annual estimate,003
Alamosa,2008,15346.0,sdo annual estimate,003
Alamosa,2009,15301.0,sdo annual estimate,003
Alamosa,2010,15474.0,sdo annual estimate,003
Alamosa,2011,15528.0,sdo annual estimate,003
Alamosa,2012,15604.0,sdo annual estimate,003
Alamosa,2013,15709.0,sdo annual estimate,003
Alamosa,2014,15788.0,sdo annual estimate,003
Alamosa,2015,15885.0,sdo annual estimate,003
Alamosa,2016,15936.0,sdo annual estimate,003
Alamosa,2017,16053.0,sdo annual estimate,003
Alamosa,2018,16184.0,sdo annual estimate,003
Alamosa,2019,16247.0,sdo annual estimate,003
Alamosa,2020,16373.0,sdo annual estimate,003
Alamosa,2021,16577.0,sdo annual estimate,003
Alamosa,2022,16593.0,sdo annual estimate,003
Alamosa,2023,16650.0,sdo annual estimate,003
Alamosa,2024,16632.0,sdo annual estimate,003
Arapahoe,1870,6829.0,decennial census,005
Arapahoe,1880,38644.0,decennial census,005
Arapahoe,1890,132135.0,decennial census,005
Arapahoe,1900,153017.0,decennial census,005
Arapahoe,1910,10263.0,decennial census,005
Arapahoe,1920,13768.0,decennial census,005
Arapahoe,1930,22647.0,decennial census,005
Arapahoe,1940,32150.0,decennial census,005
Arapahoe,1950,52125.0,decennial census,005
Arapahoe,1960,113426.0,decennial census,005
Arapahoe,1970,162142.0,decennial census,005
Arapahoe,1980,293292.0,sdo annual estimate,005
Arapahoe,1981,315543.0,sdo annual estimate,005
Arapahoe,1982,334909.0,sdo annual estimate,005
Arapahoe,1983,349463.0,sdo annual estimate,005
Arapahoe,1984,367287.0,sdo annual estimate,005
Arapahoe,1985,381244.0,sdo annual estimate,005
Arapahoe,1986,387244.0,sdo annual estimate,005
Arapahoe,1987,388687.0,sdo annual estimate,005
Arapahoe,1988,386723.0,sdo annual estimate,005
Arapahoe,1989,389502.0,sdo annual estimate,005
Arapahoe,1990,391511.0,sdo annual estimate,005
Arapahoe,1991,403202.0,sdo annual estimate,005
Arapahoe,1992,417681.0,sdo annual estimate,005
Arapahoe,1993,427470.0,sdo annual estimate,005
Arapahoe,1994,436405.0,sdo annual estimate,005
Arapahoe,1995,442539.0,sdo annual estimate,005
Arapahoe,1996,451065.0,sdo annual estimate,005
Arapahoe,1997,459058.0,sdo annual estimate,005
Arapahoe,1998,472399.0,sdo annual estimate,005
Arapahoe,1999,481306.0,sdo annual estimate,005
Arapahoe,2000,490722.0,sdo annual estimate,005
Arapahoe,2001,501671.0,sdo annual estimate,005
Arapahoe,2002,510503.0,sdo annual estimate,005
Arapahoe,2003,516354.0,sdo annual estimate,005
Arapahoe,2004,523715.0,sdo annual estimate,005
Arapahoe,2005,528214.0,sdo annual estimate,005
Arapahoe,2006,536051.0,sdo annual estimate,005
Arapahoe,2007,545882.0,sdo annual estimate,005
Arapahoe,2008,556246.0,sdo annual estimate,005
Arapahoe,2009,566480.0,sdo annual estimate,005
Arapahoe,2010,574819.0,sdo annual estimate,005
Arapahoe,2011,585817.0,sdo annual estimate,005
Arapahoe,2012,596228.0,sdo annual estimate,005
Arapahoe,2013,607861.0,sdo annual estimate,005
Arapahoe,2014,618310.0,sdo annual estimate,005
Arapahoe,2015,629965.0,sdo annual estimate,005
Arapahoe,2016,637656.0,sdo annual estimate,005
Arapahoe,2017,642976.0,sdo annual estimate,005
Arapahoe,2018,650167.0,sdo annual estimate,005
Arapahoe,2019,653807.0,sdo annual estimate,005
Arapahoe,2020,655288.0,sdo annual estimate,005
Arapahoe,2021,656858.0,sdo annual estimate,005
Arapahoe,2022,658069.0,sdo annual estimate,005
Arapahoe,2023,661564.0,sdo annual estimate,005
Arapahoe,2024,666557.0,sdo annual estimate,005
Archuleta,1870,0.0,decennial census,007
Archuleta,1880,0.0,decennial census,007
Archuleta,1890,826.0,decennial census,007
Archuleta,1900,2117.0,decennial census,007
Archuleta,1910,3302.0,decennial census,007
Archuleta,1920,3590.0,decennial census,007
Archuleta,1930,3204.0,decennial census,007
Archuleta,1940,3806.0,decennial census,007
Archuleta,1950,3030.0,decennial census,007
Archuleta,1960,2629.0,decennial census,007
Archuleta,1970,2733.0,decennial census,007
Archuleta,1980,3664.0,sdo annual estimate,007
Archuleta,1981,4012.0,sdo annual estimate,007
Archuleta,1982,4196.0,sdo annual estimate,007
Archuleta,1983,4989.0,sdo annual estimate,007
Archuleta,1984,4981.0,sdo annual estimate,007
Archuleta,1985,5213.0,sdo annual estimate,007
Archuleta,1986,5335.0,sdo annual estimate,007
Archuleta,1987,5265.0,sdo annual estimate,007
Archuleta,1988,5004.0,sdo annual estimate,007
Archuleta,1989,5196.0,sdo annual estimate,007
Archuleta,1990,5345.0,sdo annual estimate,007
Archuleta,1991,5626.0,sdo annual estimate,007
Archuleta,1992,5880.0,sdo annual estimate,007
Archuleta,1993,6177.0,sdo annual estimate,007
Archuleta,1994,6539.0,sdo annual estimate,007
Archuleta,1995,7108.0,sdo annual estimate,007
Archuleta,1996,7928.0,sdo annual estimate,007
Archuleta,1997,8534.0,sdo annual estimate,007
Archuleta,1998,9133.0,sdo annual estimate,007
Archuleta,1999,9570.0,sdo annual estimate,007
Archuleta,2000,10043.0,sdo annual estimate,007
Archuleta,2001,10465.0,sdo annual estimate,007
Archuleta,2002,10700.0,sdo annual estimate,007
Archuleta,2003,10964.0,sdo annual estimate,007
Archuleta,2004,11171.0,sdo annual estimate,007
Archuleta,2005,11402.0,sdo annual estimate,007
Archuleta,2006,11798.0,sdo annual estimate,007
Archuleta,2007,12108.0,sdo annual estimate,007
Archuleta,2008,12074.0,sdo annual estimate,007
Archuleta,2009,11899.0,sdo annual estimate,007
Archuleta,2010,12060.0,sdo annual estimate,007
Archuleta,2011,11955.0,sdo annual estimate,007
Archuleta,2012,11990.0,sdo annual estimate,007
Archuleta,2013,11995.0,sdo annual estimate,007
Archuleta,2014,11931.0,sdo annual estimate,007
Archuleta,2015,12009.0,sdo annual estimate,007
Archuleta,2016,12362.0,sdo annual estimate,007
Archuleta,2017,12758.0,sdo annual estimate,007
Archuleta,2018,13034.0,sdo annual estimate,007
Archuleta,2019,13194.0,sdo annual estimate,007
Archuleta,2020,13429.0,sdo annual estimate,007
Archuleta,2021,13815.0,sdo annual estimate,007
Archuleta,2022,13993.0,sdo annual estimate,007
Archuleta,2023,14182.0,sdo annual estimate,007
Archuleta,2024,14137.0,sdo annual estimate,007
Baca,1870,0.0,decennial census,009
Baca,1880,0.0,decennial census,009
Baca,1890,1479.0,decennial census,009
Baca,1900,759.0,decennial census,009
Baca,1910,2516.0,decennial census,009
Baca,1920,8721.0,decennial census,009
Baca,1930,10570.0,decennial census,009
Baca,1940,6207.0,decennial census,009
Baca,1950,7964.0,decennial census,009
Baca,1960,6310.0,decennial census,009
Baca,1970,5674.0,decennial census,009
Baca,1980,5419.0,sdo annual estimate,009
Baca,1981,5357.0,sdo annual estimate,009
Baca,1982,5330.0,sdo annual estimate,009
Baca,1983,5276.0,sdo annual estimate,009
Baca,1984,5051.0,sdo annual estimate,009
Baca,1985,4873.0,sdo annual estimate,009
Baca,1986,4587.0,sdo annual estimate,009
Baca,1987,4559.0,sdo annual estimate,009
Baca,1988,4728.0,sdo annual estimate,009
Baca,1989,4629.0,sdo annual estimate,009
Baca,1990,4556.0,sdo annual estimate,009
Baca,1991,4441.0,sdo annual estimate,009
Baca,1992,4302.0,sdo annual estimate,009
Baca,1993,4326.0,sdo annual estimate,009
Baca,1994,4391.0,sdo annual estimate,009
Baca,1995,4428.0,sdo annual estimate,009
Baca,1996,4526.0,sdo annual estimate,009
Baca,1997,4562.0,sdo annual estimate,009
Baca,1998,4531.0,sdo annual estimate,009
Baca,1999,4523.0,sdo annual estimate,009
Baca,2000,4499.0,sdo annual estimate,009
Baca,2001,4447.0,sdo annual estimate,009
Baca,2002,4315.0,sdo annual estimate,009
Baca,2003,4258.0,sdo annual estimate,009
Baca,2004,4166.0,sdo annual estimate,009
Baca,2005,4098.0,sdo annual estimate,009
Baca,2006,4088.0,sdo annual estimate,009
Baca,2007,3993.0,sdo annual estimate,009
Baca,2008,3906.0,sdo annual estimate,009
Baca,2009,3814.0,sdo annual estimate,009
Baca,2010,3795.0,sdo annual estimate,009
Baca,2011,3767.0,sdo annual estimate,009
Baca,2012,3704.0,sdo annual estimate,009
Baca,2013,3637.0,sdo annual estimate,009
Baca,2014,3564.0,sdo annual estimate,009
Baca,2015,3530.0,sdo annual estimate,009
Baca,2016,3505.0,sdo annual estimate,009
Baca,2017,3523.0,sdo annual estimate,009
Baca,2018,3550.0,sdo annual estimate,009
Baca,2019,3565.0,sdo annual estimate,009
Baca,2020,3478.0,sdo annual estimate,009
Baca,2021,3490.0,sdo annual estimate,009
Baca,2022,3434.0,sdo annual estimate,009
Baca,2023,3389.0,sdo annual estimate,009
Baca,2024,3398.0,sdo annual estimate,009
Bent,1870,592.0,decennial census,011
Bent,1880,1654.0,decennial census,011
Bent,1890,1313.0,decennial census,011
Bent,1900,3049.0,decennial census,011
Bent,1910,5043.0,decennial census,011
Bent,1920,9705.0,decennial census,011
Bent,1930,9134.0,decennial census,011
Bent,1940,9653.0,decennial census,011
Bent,1950,8775.0,decennial census,011
Bent,1960,7419.0,decennial census,011
Bent,1970,6493.0,decennial census,011
Bent,1980,5945.0,sdo annual estimate,011
Bent,1981,5941.0,sdo annual estimate,011
Bent,1982,5767.0,sdo annual estimate,011
Bent,1983,5972.0,sdo annual estimate,011
Bent,1984,5838.0,sdo annual estimate,011
Bent,1985,5699.0,sdo annual estimate,011
Bent,1986,5729.0,sdo annual estimate,011
Bent,1987,5432.0,sdo annual estimate,011
Bent,1988,5432.0,sdo annual estimate,011
Bent,1989,5210.0,sdo annual estimate,011
Bent,1990,5048.0,sdo annual estimate,011
Bent,1991,4960.0,sdo annual estimate,011
Bent,1992,5040.0,sdo annual estimate,011
Bent,1993,5350.0,sdo annual estimate,011
Bent,1994,5400.0,sdo annual estimate,011
Bent,1995,5549.0,sdo annual estimate,011
Bent,1996,5623.0,sdo annual estimate,011
Bent,1997,5640.0,sdo annual estimate,011
Bent,1998,5993.0,sdo annual estimate,011
Bent,1999,5996.0,sdo annual estimate,011
Bent,2000,5967.0,sdo annual estimate,011
Bent,2001,5882.0,sdo annual estimate,011
Bent,2002,6203.0,sdo annual estimate,011
Bent,2003,6653.0,sdo annual estimate,011
Bent,2004,6357.0,sdo annual estimate,011
Bent,2005,6261.0,sdo annual estimate,011
Bent,2006,6076.0,sdo annual estimate,011
Bent,2007,5773.0,sdo annual estimate,011
Bent,2008,6008.0,sdo annual estimate,011
Bent,2009,6481.0,sdo annual estimate,011
Bent,2010,6506.0,sdo annual estimate,011
Bent,2011,6355.0,sdo annual estimate,011
Bent,2012,5864.0,sdo annual estimate,011
Bent,2013,5800.0,sdo annual estimate,011
Bent,2014,5851.0,sdo annual estimate,011
Bent,2015,5966.0,sdo annual estimate,011
Bent,2016,5753.0,sdo annual estimate,011
Bent,2017,5968.0,sdo annual estimate,011
Bent,2018,5984.0,sdo annual estimate,011
Bent,2019,5980.0,sdo annual estimate,011
Bent,2020,5479.0,sdo annual estimate,011
Bent,2021,5343.0,sdo annual estimate,011
Bent,2022,5425.0,sdo annual estimate,011
Bent,2023,5700.0,sdo annual estimate,011
Bent,2024,5744.0,sdo annual estimate,011
Boulder,1870,1939.0,decennial census,013
Boulder,1880,9723.0,decennial census,013
Boulder,1890,14082.0,decennial census,013
Boulder,1900,21544.0,decennial census,013
Boulder,1910,30330.0,decennial census,013
Boulder,1920,31881.0,decennial census,013
Boulder,1930,32456.0,decennial census,013
Boulder,1940,37438.0,decennial census,013
Boulder,1950,48296.0,decennial census,013
Boulder,1960,74254.0,decennial census,013
Boulder,1970,131889.0,decennial census,013
Boulder,1980,189625.0,sdo annual estimate,013
Boulder,1981,194914.0,sdo annual estimate,013
Boulder,1982,200177.0,sdo annual estimate,013
Boulder,1983,204606.0,sdo annual estimate,013
Boulder,1984,210225.0,sdo annual estimate,013
Boulder,1985,209444.0,sdo annual estimate,013
Boulder,1986,211841.0,sdo annual estimate,013
Boulder,1987,214222.0,sdo annual estimate,013
Boulder,1988,218380.0,sdo annual estimate,013
Boulder,1989,222354.0,sdo annual estimate,013
Boulder,1990,225339.0,sdo annual estimate,013
Boulder,1991,230977.0,sdo annual estimate,013
Boulder,1992,238397.0,sdo annual estimate,013
Boulder,1993,247275.0,sdo annual estimate,013
Boulder,1994,252725.0,sdo annual estimate,013
Boulder,1995,257500.0,sdo annual estimate,013
Boulder,1996,261765.0,sdo annual estimate,013
Boulder,1997,266063.0,sdo annual estimate,013
Boulder,1998,274115.0,sdo annual estimate,013
Boulder,1999,283924.0,sdo annual estimate,013
Boulder,2000,276255.0,sdo annual estimate,013
Boulder,2001,283510.0,sdo annual estimate,013
Boulder,2002,284433.0,sdo annual estimate,013
Boulder,2003,282763.0,sdo annual estimate,013
Boulder,2004,283288.0,sdo annual estimate,013
Boulder,2005,282910.0,sdo annual estimate,013
Boulder,2006,286133.0,sdo annual estimate,013
Boulder,2007,288757.0,sdo annual estimate,013
Boulder,2008,291827.0,sdo annual estimate,013
Boulder,2009,293641.0,sdo annual estimate,013
Boulder,2010,295605.0,sdo annual estimate,013
Boulder,2011,300526.0,sdo annual estimate,013
Boulder,2012,305881.0,sdo annual estimate,013
Boulder,2013,310896.0,sdo annual estimate,013
Boulder,2014,314213.0,sdo annual estimate,013
Boulder,2015,320352.0,sdo annual estimate,013
Boulder,2016,323957.0,sdo annual estimate,013
Boulder,2017,325414.0,sdo annual estimate,013
Boulder,2018,328055.0,sdo annual estimate,013
Boulder,2019,328827.0,sdo annual estimate,013
Boulder,2020,330951.0,sdo annual estimate,013
Boulder,2021,327135.0,sdo annual estimate,013
Boulder,2022,328029.0,sdo annual estimate,013
Boulder,2023,328337.0,sdo annual estimate,013
Boulder,2024,329996.0,sdo annual estimate,013
Broomfield,1870,0.0,decennial census,014
Broomfield,1880,0.0,decennial census,014
Broomfield,1890,0.0,decennial census,014
Broomfield,1900,0.0,decennial census,014
Broomfield,1910,0.0,decennial census,014
Broomfield,1920,0.0,decennial census,014
Broomfield,1930,0.0,decennial census,014
Broomfield,1940,0.0,decennial census,014
Broomfield,1950,0.0,decennial census,014
Broomfield,1960,0.0,decennial census,014
Broomfield,1970,0.0,decennial census,014
Broomfield,1980,,sdo annual estimate,014
Broomfield,1981,,sdo annual estimate,014
Broomfield,1982,,sdo annual estimate,014
Broomfield,1983,,sdo annual estimate,014
Broomfield,1984,,sdo annual estimate,014
Broomfield,1985,,sdo annual estimate,014
Broomfield,1986,,sdo annual estimate,014
Broomfield,1987,,sdo annual estimate,014
Broomfield,1988,,sdo annual estimate,014
Broomfield,1989,,sdo annual estimate,014
Broomfield,1990,,sdo annual estimate,014
Broomfield,1991,,sdo annual estimate,014
Broomfield,1992,,sdo annual estimate,014
Broomfield,1993,,sdo annual estimate,014
Broomfield,1994,,sdo annual estimate,014
Broomfield,1995,,sdo annual estimate,014
Broomfield,1996,,sdo annual estimate,014
Broomfield,1997,,sdo annual estimate,014
Broomfield,1998,,sdo annual estimate,014
Broomfield,1999,,sdo annual estimate,014
Broomfield,2000,38544.0,sdo annual estimate,014
Broomfield,2001,41387.0,sdo annual estimate,014
Broomfield,2002,42432.0,sdo annual estimate,014
Broomfield,2003,44960.0,sdo annual estimate,014
Broomfield,2004,46406.0,sdo annual estimate,014
Broomfield,2005,48251.0,sdo annual estimate,014
Broomfield,2006,51152.0,sdo annual estimate,014
Broomfield,2007,53328.0,sdo annual estimate,014
Broomfield,2008,54400.0,sdo annual estimate,014
Broomfield,2009,55378.0,sdo annual estimate,014
Broomfield,2010,56107.0,sdo annual estimate,014
Broomfield,2011,57584.0,sdo annual estimate,014
Broomfield,2012,59271.0,sdo annual estimate,014
Broomfield,2013,60669.0,sdo annual estimate,014
Broomfield,2014,62504.0,sdo annual estimate,014
Broomfield,2015,65831.0,sdo annual estimate,014
Broomfield,2016,67707.0,sdo annual estimate,014
Broomfield,2017,69655.0,sdo annual estimate,014
Broomfield,2018,71322.0,sdo annual estimate,014
Broomfield,2019,72669.0,sdo annual estimate,014
Broomfield,2020,74502.0,sdo annual estimate,014
Broomfield,2021,75433.0,sdo annual estimate,014
Broomfield,2022,76269.0,sdo annual estimate,014
Broomfield,2023,77133.0,sdo annual estimate,014
Broomfield,2024,78453.0,sdo annual estimate,014
Chaffee,1870,0.0,decennial census,015
Chaffee,1880,6512.0,decennial census,015
Chaffee,1890,6612.0,decennial census,015
Chaffee,1900,7085.0,decennial census,015
Chaffee,1910,7622.0,decennial census,015
Chaffee,1920,7753.0,decennial census,015
Chaffee,1930,8126.0,decennial census,015
Chaffee,1940,8109.0,decennial census,015
Chaffee,1950,7168.0,decennial census,015
Chaffee,1960,8298.0,decennial census,015
Chaffee,1970,10162.0,decennial census,015
Chaffee,1980,13227.0,sdo annual estimate,015
Chaffee,1981,13561.0,sdo annual estimate,015
Chaffee,1982,13417.0,sdo annual estimate,015
Chaffee,1983,13211.0,sdo annual estimate,015
Chaffee,1984,12839.0,sdo annual estimate,015
Chaffee,1985,12349.0,sdo annual estimate,015
Chaffee,1986,12473.0,sdo annual estimate,015
Chaffee,1987,12453.0,sdo annual estimate,015
Chaffee,1988,12390.0,sdo annual estimate,015
Chaffee,1989,12559.0,sdo annual estimate,015
Chaffee,1990,12684.0,sdo annual estimate,015
Chaffee,1991,12864.0,sdo annual estimate,015
Chaffee,1992,13121.0,sdo annual estimate,015
Chaffee,1993,13700.0,sdo annual estimate,015
Chaffee,1994,14107.0,sdo annual estimate,015
Chaffee,1995,14656.0,sdo annual estimate,015
Chaffee,1996,15125.0,sdo annual estimate,015
Chaffee,1997,15406.0,sdo annual estimate,015
Chaffee,1998,15526.0,sdo annual estimate,015
Chaffee,1999,15936.0,sdo annual estimate,015
Chaffee,2000,16312.0,sdo annual estimate,015
Chaffee,2001,16410.0,sdo annual estimate,015
Chaffee,2002,16646.0,sdo annual estimate,015
Chaffee,2003,16794.0,sdo annual estimate,015
Chaffee,2004,16946.0,sdo annual estimate,015
Chaffee,2005,17022.0,sdo annual estimate,015
Chaffee,2006,16984.0,sdo annual estimate,015
Chaffee,2007,17238.0,sdo annual estimate,015
Chaffee,2008,17403.0,sdo annual estimate,015
Chaffee,2009,17604.0,sdo annual estimate,015
Chaffee,2010,17797.0,sdo annual estimate,015
Chaffee,2011,17932.0,sdo annual estimate,015
Chaffee,2012,17967.0,sdo annual estimate,015
Chaffee,2013,18036.0,sdo annual estimate,015
Chaffee,2014,18066.0,sdo annual estimate,015
Chaffee,2015,18108.0,sdo annual estimate,015
Chaffee,2016,18519.0,sdo annual estimate,015
Chaffee,2017,18967.0,sdo annual estimate,015
Chaffee,2018,19250.0,sdo annual estimate,015
Chaffee,2019,19390.0,sdo annual estimate,015
Chaffee,2020,19485.0,sdo annual estimate,015
Chaffee,2021,19737.0,sdo annual estimate,015
Chaffee,2022,20255.0,sdo annual estimate,015
Chaffee,2023,20602.0,sdo annual estimate,015
Chaffee,2024,20802.0,sdo annual estimate,015
Cheyenne,1870,0.0,decennial census,017
Cheyenne,1880,0.0,decennial census,017
Cheyenne,1890,534.0,decennial census,017
Cheyenne,1900,501.0,decennial census,017
Cheyenne,1910,3687.0,decennial census,017
Cheyenne,1920,3746.0,decennial census,017
Cheyenne,1930,3723.0,decennial census,017
Cheyenne,1940,2964.0,decennial census,017
Cheyenne,1950,3453.0,decennial census,017
Cheyenne,1960,2789.0,decennial census,017
Cheyenne,1970,2396.0,decennial census,017
Cheyenne,1980,2153.0,sdo annual estimate,017
Cheyenne,1981,2209.0,sdo annual estimate,017
Cheyenne,1982,2240.0,sdo annual estimate,017
Cheyenne,1983,2226.0,sdo annual estimate,017
Cheyenne,1984,2237.0,sdo annual estimate,017
Cheyenne,1985,2294.0,sdo annual estimate,017
Cheyenne,1986,2185.0,sdo annual estimate,017
Cheyenne,1987,2097.0,sdo annual estimate,017
Cheyenne,1988,2208.0,sdo annual estimate,017
Cheyenne,1989,2314.0,sdo annual estimate,017
Cheyenne,1990,2397.0,sdo annual estimate,017
Cheyenne,1991,2476.0,sdo annual estimate,017
Cheyenne,1992,2407.0,sdo annual estimate,017
Cheyenne,1993,2306.0,sdo annual estimate,017
Cheyenne,1994,2291.0,sdo annual estimate,017
Cheyenne,1995,2269.0,sdo annual estimate,017
Cheyenne,1996,2284.0,sdo annual estimate,017
Cheyenne,1997,2295.0,sdo annual estimate,017
Cheyenne,1998,2343.0,sdo annual estimate,017
Cheyenne,1999,2279.0,sdo annual estimate,017
Cheyenne,2000,2216.0,sdo annual estimate,017
Cheyenne,2001,2173.0,sdo annual estimate,017
Cheyenne,2002,2162.0,sdo annual estimate,017
Cheyenne,2003,2119.0,sdo annual estimate,017
Cheyenne,2004,2070.0,sdo annual estimate,017
Cheyenne,2005,2041.0,sdo annual estimate,017
Cheyenne,2006,1977.0,sdo annual estimate,017
Cheyenne,2007,1910.0,sdo annual estimate,017
Cheyenne,2008,1898.0,sdo annual estimate,017
Cheyenne,2009,1833.0,sdo annual estimate,017
Cheyenne,2010,1834.0,sdo annual estimate,017
Cheyenne,2011,1832.0,sdo annual estimate,017
Cheyenne,2012,1832.0,sdo annual estimate,017
Cheyenne,2013,1818.0,sdo annual estimate,017
Cheyenne,2014,1817.0,sdo annual estimate,017
Cheyenne,2015,1806.0,sdo annual estimate,017
Cheyenne,2016,1794.0,sdo annual estimate,017
Cheyenne,2017,1788.0,sdo annual estimate,017
Cheyenne,2018,1783.0,sdo annual estimate,017
Cheyenne,2019,1777.0,sdo annual estimate,017
Cheyenne,2020,1745.0,sdo annual estimate,017
Cheyenne,2021,1717.0,sdo annual estimate,017
Cheyenne,2022,1733.0,sdo annual estimate,017
Cheyenne,2023,1741.0,sdo annual estimate,017
Cheyenne,2024,1737.0,sdo annual estimate,017
Clear Creek,1870,1596.0,decennial census,019
Clear Creek,1880,7823.0,decennial census,019
Clear Creek,1890,7184.0,decennial census,019
Clear Creek,1900,7082.0,decennial census,019
Clear Creek,1910,5001.0,decennial census,019
Clear Creek,1920,2891.0,decennial census,019
Clear Creek,1930,2155.0,decennial census,019
Clear Creek,1940,3784.0,decennial census,019
Clear Creek,1950,3289.0,decennial census,019
Clear Creek,1960,2793.0,decennial census,019
Clear Creek,1970,4819.0,decennial census,019
Clear Creek,1980,7308.0,sdo annual estimate,019
Clear Creek,1981,7514.0,sdo annual estimate,019
Clear Creek,1982,7421.0,sdo annual estimate,019
Clear Creek,1983,7723.0,sdo annual estimate,019
Clear Creek,1984,7747.0,sdo annual estimate,019
Clear Creek,1985,7936.0,sdo annual estimate,019
Clear Creek,1986,8159.0,sdo annual estimate,019
Clear Creek,1987,7822.0,sdo annual estimate,019
Clear Creek,1988,7727.0,sdo annual estimate,019
Clear Creek,1989,7667.0,sdo annual estimate,019
Clear Creek,1990,7619.0,sdo annual estimate,019
Clear Creek,1991,7653.0,sdo annual estimate,019
Clear Creek,1992,7842.0,sdo annual estimate,019
Clear Creek,1993,8037.0,sdo annual estimate,019
Clear Creek,1994,8458.0,sdo annual estimate,019
Clear Creek,1995,8684.0,sdo annual estimate,019
Clear Creek,1996,8716.0,sdo annual estimate,019
Clear Creek,1997,8880.0,sdo annual estimate,019
Clear Creek,1998,8998.0,sdo annual estimate,019
Clear Creek,1999,9183.0,sdo annual estimate,019
Clear Creek,2000,9361.0,sdo annual estimate,019
Clear Creek,2001,9464.0,sdo annual estimate,019
Clear Creek,2002,9466.0,sdo annual estimate,019
Clear Creek,2003,9517.0,sdo annual estimate,019
Clear Creek,2004,9461.0,sdo annual estimate,019
Clear Creek,2005,9392.0,sdo annual estimate,019
Clear Creek,2006,9279.0,sdo annual estimate,019
Clear Creek,2007,9333.0,sdo annual estimate,019
Clear Creek,2008,9294.0,sdo annual estimate,019
Clear Creek,2009,9060.0,sdo annual estimate,019
Clear Creek,2010,9155.0,sdo annual estimate,019
Clear Creek,2011,9027.0,sdo annual estimate,019
Clear Creek,2012,9016.0,sdo annual estimate,019
Clear Creek,2013,8966.0,sdo annual estimate,019
Clear Creek,2014,9034.0,sdo annual estimate,019
Clear Creek,2015,9158.0,sdo annual estimate,019
Clear Creek,2016,9237.0,sdo annual estimate,019
Clear Creek,2017,9427.0,sdo annual estimate,019
Clear Creek,2018,9385.0,sdo annual estimate,019
Clear Creek,2019,9415.0,sdo annual estimate,019
Clear Creek,2020,9398.0,sdo annual estimate,019
Clear Creek,2021,9461.0,sdo annual estimate,019
Clear Creek,2022,9360.0,sdo annual estimate,019
Clear Creek,2023,9164.0,sdo annual estimate,019
Clear Creek,2024,9125.0,sdo annual estimate,019
Colorado,1870,39864.0,decennial census,
Colorado,1880,194327.0,decennial census,
Colorado,1890,412198.0,decennial census,
Colorado,1900,541483.0,decennial census,
Colorado,1910,799044.0,decennial census,
Colorado,1920,939191.0,decennial census,
Colorado,1930,1035791.0,decennial census,
Colorado,1940,1123296.0,decennial census,
Colorado,1950,1325089.0,decennial census,
Colorado,1960,1753947.0,decennial census,
Colorado,1970,2209596.0,decennial census,
Conejos,1870,2504.0,decennial census,021
Conejos,1880,5605.0,decennial census,021
Conejos,1890,7193.0,decennial census,021
Conejos,1900,8794.0,decennial census,021
Conejos,1910,11285.0,decennial census,021
Conejos,1920,8416.0,decennial census,021
Conejos,1930,9803.0,decennial census,021
Conejos,1940,11648.0,decennial census,021
Conejos,1950,10171.0,decennial census,021
Conejos,1960,8428.0,decennial census,021
Conejos,1970,7846.0,decennial census,021
Conejos,1980,7794.0,sdo annual estimate,021
Conejos,1981,7703.0,sdo annual estimate,021
Conejos,1982,7713.0,sdo annual estimate,021
Conejos,1983,7901.0,sdo annual estimate,021
Conejos,1984,7999.0,sdo annual estimate,021
Conejos,1985,7776.0,sdo annual estimate,021
Conejos,1986,7947.0,sdo annual estimate,021
Conejos,1987,8090.0,sdo annual estimate,021
Conejos,1988,7854.0,sdo annual estimate,021
Conejos,1989,7623.0,sdo annual estimate,021
Conejos,1990,7453.0,sdo annual estimate,021
Conejos,1991,7534.0,sdo annual estimate,021
Conejos,1992,7514.0,sdo annual estimate,021
Conejos,1993,7642.0,sdo annual estimate,021
Conejos,1994,7755.0,sdo annual estimate,021
Conejos,1995,7906.0,sdo annual estimate,021
Conejos,1996,8019.0,sdo annual estimate,021
Conejos,1997,8100.0,sdo annual estimate,021
Conejos,1998,8187.0,sdo annual estimate,021
Conejos,1999,8308.0,sdo annual estimate,021
Conejos,2000,8408.0,sdo annual estimate,021
Conejos,2001,8365.0,sdo annual estimate,021
Conejos,2002,8389.0,sdo annual estimate,021
Conejos,2003,8387.0,sdo annual estimate,021
Conejos,2004,8501.0,sdo annual estimate,021
Conejos,2005,8500.0,sdo annual estimate,021
Conejos,2006,8470.0,sdo annual estimate,021
Conejos,2007,8433.0,sdo annual estimate,021
Conejos,2008,8384.0,sdo annual estimate,021
Conejos,2009,8210.0,sdo annual estimate,021
Conejos,2010,8282.0,sdo annual estimate,021
Conejos,2011,8201.0,sdo annual estimate,021
Conejos,2012,8134.0,sdo annual estimate,021
Conejos,2013,8067.0,sdo annual estimate,021
Conejos,2014,7997.0,sdo annual estimate,021
Conejos,2015,7930.0,sdo annual estimate,021
Conejos,2016,7842.0,sdo annual estimate,021
Conejos,2017,7757.0,sdo annual estimate,021
Conejos,2018,7660.0,sdo annual estimate,021
Conejos,2019,7550.0,sdo annual estimate,021
Conejos,2020,7455.0,sdo annual estimate,021
Conejos,2021,7586.0,sdo annual estimate,021
Conejos,2022,7567.0,sdo annual estimate,021
Conejos,2023,7492.0,sdo annual estimate,021
Conejos,2024,7525.0,sdo annual estimate,021
Costilla,1870,1779.0,decennial census,023
Costilla,1880,2879.0,decennial census,023
Costilla,1890,3491.0,decennial census,023
Costilla,1900,4832.0,decennial census,023
Costilla,1910,5498.0,decennial census,023
Costilla,1920,5032.0,decennial census,023
Costilla,1930,5779.0,decennial census,023
Costilla,1940,7533.0,decennial census,023
Costilla,1950,6067.0,decennial census,023
Costilla,1960,4219.0,decennial census,023
Costilla,1970,3091.0,decennial census,023
Costilla,1980,3071.0,sdo annual estimate,023
Costilla,1981,3062.0,sdo annual estimate,023
Costilla,1982,3125.0,sdo annual estimate,023
Costilla,1983,3276.0,sdo annual estimate,023
Costilla,1984,3267.0,sdo annual estimate,023
Costilla,1985,3363.0,sdo annual estimate,023
Costilla,1986,3307.0,sdo annual estimate,023
Costilla,1987,3349.0,sdo annual estimate,023
Costilla,1988,3397.0,sdo annual estimate,023
Costilla,1989,3277.0,sdo annual estimate,023
Costilla,1990,3190.0,sdo annual estimate,023
Costilla,1991,3256.0,sdo annual estimate,023
Costilla,1992,3190.0,sdo annual estimate,023
Costilla,1993,3337.0,sdo annual estimate,023
Costilla,1994,3376.0,sdo annual estimate,023
Costilla,1995,3511.0,sdo annual estimate,023
Costilla,1996,3581.0,sdo annual estimate,023
Costilla,1997,3641.0,sdo annual estimate,023
Costilla,1998,3700.0,sdo annual estimate,023
Costilla,1999,3679.0,sdo annual estimate,023
Costilla,2000,3674.0,sdo annual estimate,023
Costilla,2001,3741.0,sdo annual estimate,023
Costilla,2002,3734.0,sdo annual estimate,023
Costilla,2003,3800.0,sdo annual estimate,023
Costilla,2004,3802.0,sdo annual estimate,023
Costilla,2005,3695.0,sdo annual estimate,023
Costilla,2006,3698.0,sdo annual estimate,023
Costilla,2007,3676.0,sdo annual estimate,023
Costilla,2008,3611.0,sdo annual estimate,023
Costilla,2009,3505.0,sdo annual estimate,023
Costilla,2010,3532.0,sdo annual estimate,023
Costilla,2011,3518.0,sdo annual estimate,023
Costilla,2012,3517.0,sdo annual estimate,023
Costilla,2013,3516.0,sdo annual estimate,023
Costilla,2014,3516.0,sdo annual estimate,023
Costilla,2015,3516.0,sdo annual estimate,023
Costilla,2016,3516.0,sdo annual estimate,023
Costilla,2017,3516.0,sdo annual estimate,023
Costilla,2018,3515.0,sdo annual estimate,023
Costilla,2019,3500.0,sdo annual estimate,023
Costilla,2020,3503.0,sdo annual estimate,023
Costilla,2021,3618.0,sdo annual estimate,023
Costilla,2022,3615.0,sdo annual estimate,023
Costilla,2023,3632.0,sdo annual estimate,023
Costilla,2024,3692.0,sdo annual estimate,023
Crowley,1870,0.0,decennial census,025
Crowley,1880,0.0,decennial census,025
Crowley,1890,0.0,decennial census,025
Crowley,1900,0.0,decennial census,025
Crowley,1910,0.0,decennial census,025
Crowley,1920,6383.0,decennial census,025
Crowley,1930,5934.0,decennial census,025
Crowley,1940,5398.0,decennial census,025
Crowley,1950,5222.0,decennial census,025
Crowley,1960,3978.0,decennial census,025
Crowley,1970,3086.0,decennial census,025
Crowley,1980,2988.0,sdo annual estimate,025
Crowley,1981,2962.0,sdo annual estimate,025
Crowley,1982,2909.0,sdo annual estimate,025
Crowley,1983,3032.0,sdo annual estimate,025
Crowley,1984,2893.0,sdo annual estimate,025
Crowley,1985,2997.0,sdo annual estimate,025
Crowley,1986,2985.0,sdo annual estimate,025
Crowley,1987,3072.0,sdo annual estimate,025
Crowley,1988,3842.0,sdo annual estimate,025
Crowley,1989,3901.0,sdo annual estimate,025
Crowley,1990,3946.0,sdo annual estimate,025
Crowley,1991,3973.0,sdo annual estimate,025
Crowley,1992,4140.0,sdo annual estimate,025
Crowley,1993,4145.0,sdo annual estimate,025
Crowley,1994,4207.0,sdo annual estimate,025
Crowley,1995,4221.0,sdo annual estimate,025
Crowley,1996,4266.0,sdo annual estimate,025
Crowley,1997,4303.0,sdo annual estimate,025
Crowley,1998,4286.0,sdo annual estimate,025
Crowley,1999,4998.0,sdo annual estimate,025
Crowley,2000,5130.0,sdo annual estimate,025
Crowley,2001,5253.0,sdo annual estimate,025
Crowley,2002,5344.0,sdo annual estimate,025
Crowley,2003,5156.0,sdo annual estimate,025
Crowley,2004,5432.0,sdo annual estimate,025
Crowley,2005,5437.0,sdo annual estimate,025
Crowley,2006,5713.0,sdo annual estimate,025
Crowley,2007,5907.0,sdo annual estimate,025
Crowley,2008,5893.0,sdo annual estimate,025
Crowley,2009,5803.0,sdo annual estimate,025
Crowley,2010,5838.0,sdo annual estimate,025
Crowley,2011,5837.0,sdo annual estimate,025
Crowley,2012,5839.0,sdo annual estimate,025
Crowley,2013,5843.0,sdo annual estimate,025
Crowley,2014,5843.0,sdo annual estimate,025
Crowley,2015,5839.0,sdo annual estimate,025
Crowley,2016,5837.0,sdo annual estimate,025
Crowley,2017,5837.0,sdo annual estimate,025
Crowley,2018,5837.0,sdo annual estimate,025
Crowley,2019,5841.0,sdo annual estimate,025
Crowley,2020,5689.0,sdo annual estimate,025
Crowley,2021,5736.0,sdo annual estimate,025
Crowley,2022,5605.0,sdo annual estimate,025
Crowley,2023,5639.0,sdo annual estimate,025
Crowley,2024,5632.0,sdo annual estimate,025
Custer,1870,0.0,decennial census,027
Custer,1880,8080.0,decennial census,027
Custer,1890,2970.0,decennial census,027
Custer,1900,2937.0,decennial census,027
Custer,1910,1947.0,decennial census,027
Custer,1920,2172.0,decennial census,027
Custer,1930,2124.0,decennial census,027
Custer,1940,2270.0,decennial census,027
Custer,1950,1573.0,decennial census,027
Custer,1960,1305.0,decennial census,027
Custer,1970,1120.0,decennial census,027
Custer,1980,1528.0,sdo annual estimate,027
Custer,1981,1563.0,sdo annual estimate,027
Custer,1982,1621.0,sdo annual estimate,027
Custer,1983,1767.0,sdo annual estimate,027
Custer,1984,1898.0,sdo annual estimate,027
Custer,1985,2066.0,sdo annual estimate,027
Custer,1986,2075.0,sdo annual estimate,027
Custer,1987,2050.0,sdo annual estimate,027
Custer,1988,1976.0,sdo annual estimate,027
Custer,1989,1947.0,sdo annual estimate,027
Custer,1990,1926.0,sdo annual estimate,027
Custer,1991,2012.0,sdo annual estimate,027
Custer,1992,2141.0,sdo annual estimate,027
Custer,1993,2323.0,sdo annual estimate,027
Custer,1994,2418.0,sdo annual estimate,027
Custer,1995,2618.0,sdo annual estimate,027
Custer,1996,2848.0,sdo annual estimate,027
Custer,1997,3057.0,sdo annual estimate,027
Custer,1998,3175.0,sdo annual estimate,027
Custer,1999,3364.0,sdo annual estimate,027
Custer,2000,3520.0,sdo annual estimate,027
Custer,2001,3730.0,sdo annual estimate,027
Custer,2002,3783.0,sdo annual estimate,027
Custer,2003,3934.0,sdo annual estimate,027
Custer,2004,3984.0,sdo annual estimate,027
Custer,2005,4045.0,sdo annual estimate,027
Custer,2006,4017.0,sdo annual estimate,027
Custer,2007,4130.0,sdo annual estimate,027
Custer,2008,4119.0,sdo annual estimate,027
Custer,2009,4166.0,sdo annual estimate,027
Custer,2010,4272.0,sdo annual estimate,027
Custer,2011,4318.0,sdo annual estimate,027
Custer,2012,4367.0,sdo annual estimate,027
Custer,2013,4405.0,sdo annual estimate,027
Custer,2014,4437.0,sdo annual estimate,027
Custer,2015,4467.0,sdo annual estimate,027
Custer,2016,4496.0,sdo annual estimate,027
Custer,2017,4539.0,sdo annual estimate,027
Custer,2018,4591.0,sdo annual estimate,027
Custer,2019,4645.0,sdo annual estimate,027
Custer,2020,4721.0,sdo annual estimate,027
Custer,2021,5062.0,sdo annual estimate,027
Custer,2022,5339.0,sdo annual estimate,027
Custer,2023,5551.0,sdo annual estimate,027
Custer,2024,5558.0,sdo annual estimate,027
Delta,1870,0.0,decennial census,029
Delta,1880,0.0,decennial census,029
Delta,1890,2534.0,decennial census,029
Delta,1900,5487.0,decennial census,029
Delta,1910,13688.0,decennial census,029
Delta,1920,13668.0,decennial census,029
Delta,1930,14204.0,decennial census,029
Delta,1940,16470.0,decennial census,029
Delta,1950,17365.0,decennial census,029
Delta,1960,15602.0,decennial census,029
Delta,1970,15286.0,decennial census,029
Delta,1980,21225.0,sdo annual estimate,029
Delta,1981,22479.0,sdo annual estimate,029
Delta,1982,23433.0,sdo annual estimate,029
Delta,1983,23627.0,sdo annual estimate,029
Delta,1984,24015.0,sdo annual estimate,029
Delta,1985,23466.0,sdo annual estimate,029
Delta,1986,22353.0,sdo annual estimate,029
Delta,1987,21782.0,sdo annual estimate,029
Delta,1988,21502.0,sdo annual estimate,029
Delta,1989,21205.0,sdo annual estimate,029
Delta,1990,20980.0,sdo annual estimate,029
Delta,1991,21229.0,sdo annual estimate,029
Delta,1992,21869.0,sdo annual estimate,029
Delta,1993,23233.0,sdo annual estimate,029
Delta,1994,24343.0,sdo annual estimate,029
Delta,1995,25193.0,sdo annual estimate,029
Delta,1996,25718.0,sdo annual estimate,029
Delta,1997,26005.0,sdo annual estimate,029
Delta,1998,26821.0,sdo annual estimate,029
Delta,1999,27400.0,sdo annual estimate,029
Delta,2000,27909.0,sdo annual estimate,029
Delta,2001,28387.0,sdo annual estimate,029
Delta,2002,28778.0,sdo annual estimate,029
Delta,2003,29061.0,sdo annual estimate,029
Delta,2004,29453.0,sdo annual estimate,029
Delta,2005,29412.0,sdo annual estimate,029
Delta,2006,29702.0,sdo annual estimate,029
Delta,2007,29877.0,sdo annual estimate,029
Delta,2008,30342.0,sdo annual estimate,029
Delta,2009,30625.0,sdo annual estimate,029
Delta,2010,30889.0,sdo annual estimate,029
Delta,2011,30433.0,sdo annual estimate,029
Delta,2012,30554.0,sdo annual estimate,029
Delta,2013,30428.0,sdo annual estimate,029
Delta,2014,30066.0,sdo annual estimate,029
Delta,2015,30039.0,sdo annual estimate,029
Delta,2016,30489.0,sdo annual estimate,029
Delta,2017,30703.0,sdo annual estimate,029
Delta,2018,31033.0,sdo annual estimate,029
Delta,2019,31238.0,sdo annual estimate,029
Delta,2020,31058.0,sdo annual estimate,029
Delta,2021,31390.0,sdo annual estimate,029
Delta,2022,31576.0,sdo annual estimate,029
Delta,2023,31783.0,sdo annual estimate,029
Delta,2024,32295.0,sdo annual estimate,029
Denver,1870,0.0,decennial census,031
Denver,1880,0.0,decennial census,031
Denver,1890,0.0,decennial census,031
Denver,1900,0.0,decennial census,031
Denver,1910,213381.0,decennial census,031
Denver,1920,256491.0,decennial census,031
Denver,1930,287861.0,decennial census,031
Denver,1940,322412.0,decennial census,031
Denver,1950,415786.0,decennial census,031
Denver,1960,493887.0,decennial census,031
Denver,1970,514678.0,decennial census,031
Denver,1980,492694.0,sdo annual estimate,031
Denver,1981,495990.0,sdo annual estimate,031
Denver,1982,498377.0,sdo annual estimate,031
Denver,1983,503273.0,sdo annual estimate,031
Denver,1984,496672.0,sdo annual estimate,031
Denver,1985,496431.0,sdo annual estimate,031
Denver,1986,497014.0,sdo annual estimate,031
Denver,1987,490274.0,sdo annual estimate,031
Denver,1988,479622.0,sdo annual estimate,031
Denver,1989,472785.0,sdo annual estimate,031
Denver,1990,467610.0,sdo annual estimate,031
Denver,1991,475183.0,sdo annual estimate,031
Denver,1992,488258.0,sdo annual estimate,031
Denver,1993,501335.0,sdo annual estimate,031
Denver,1994,504249.0,sdo annual estimate,031
Denver,1995,507723.0,sdo annual estimate,031
Denver,1996,518255.0,sdo annual estimate,031
Denver,1997,527442.0,sdo annual estimate,031
Denver,1998,533406.0,sdo annual estimate,031
Denver,1999,545517.0,sdo annual estimate,031
Denver,2000,556738.0,sdo annual estimate,031
Denver,2001,563300.0,sdo annual estimate,031
Denver,2002,559090.0,sdo annual estimate,031
Denver,2003,560348.0,sdo annual estimate,031
Denver,2004,560230.0,sdo annual estimate,031
Denver,2005,559459.0,sdo annual estimate,031
Denver,2006,562862.0,sdo annual estimate,031
Denver,2007,570437.0,sdo annual estimate,031
Denver,2008,581903.0,sdo annual estimate,031
Denver,2009,595573.0,sdo annual estimate,031
Denver,2010,604879.0,sdo annual estimate,031
Denver,2011,620229.0,sdo annual estimate,031
Denver,2012,632924.0,sdo annual estimate,031
Denver,2013,645302.0,sdo annual estimate,031
Denver,2014,658632.0,sdo annual estimate,031
Denver,2015,675534.0,sdo annual estimate,031
Denver,2016,686468.0,sdo annual estimate,031
Denver,2017,693134.0,sdo annual estimate,031
Denver,2018,702679.0,sdo annual estimate,031
Denver,2019,710143.0,sdo annual estimate,031
Denver,2020,717626.0,sdo annual estimate,031
Denver,2021,711487.0,sdo annual estimate,031
Denver,2022,714747.0,sdo annual estimate,031
Denver,2023,720885.0,sdo annual estimate,031
Denver,2024,728309.0,sdo annual estimate,031
Dolores,1870,0.0,decennial census,033
Dolores,1880,0.0,decennial census,033
Dolores,1890,1498.0,decennial census,033
Dolores,1900,1134.0,decennial census,033
Dolores,1910,642.0,decennial census,033
Dolores,1920,1243.0,decennial census,033
Dolores,1930,1412.0,decennial census,033
Dolores,1940,1958.0,decennial census,033
Dolores,1950,1966.0,decennial census,033
Dolores,1960,2196.0,decennial census,033
Dolores,1970,1641.0,decennial census,033
Dolores,1980,1658.0,sdo annual estimate,033
Dolores,1981,1680.0,sdo annual estimate,033
Dolores,1982,1682.0,sdo annual estimate,033
Dolores,1983,1789.0,sdo annual estimate,033
Dolores,1984,1687.0,sdo annual estimate,033
Dolores,1985,1548.0,sdo annual estimate,033
Dolores,1986,1529.0,sdo annual estimate,033
Dolores,1987,1494.0,sdo annual estimate,033
Dolores,1988,1591.0,sdo annual estimate,033
Dolores,1989,1541.0,sdo annual estimate,033
Dolores,1990,1504.0,sdo annual estimate,033
Dolores,1991,1437.0,sdo annual estimate,033
Dolores,1992,1403.0,sdo annual estimate,033
Dolores,1993,1426.0,sdo annual estimate,033
Dolores,1994,1499.0,sdo annual estimate,033
Dolores,1995,1566.0,sdo annual estimate,033
Dolores,1996,1636.0,sdo annual estimate,033
Dolores,1997,1674.0,sdo annual estimate,033
Dolores,1998,1766.0,sdo annual estimate,033
Dolores,1999,1811.0,sdo annual estimate,033
Dolores,2000,1849.0,sdo annual estimate,033
Dolores,2001,1865.0,sdo annual estimate,033
Dolores,2002,1880.0,sdo annual estimate,033
Dolores,2003,1879.0,sdo annual estimate,033
Dolores,2004,1873.0,sdo annual estimate,033
Dolores,2005,1888.0,sdo annual estimate,033
Dolores,2006,1990.0,sdo annual estimate,033
Dolores,2007,2001.0,sdo annual estimate,033
Dolores,2008,2074.0,sdo annual estimate,033
Dolores,2009,2052.0,sdo annual estimate,033
Dolores,2010,2060.0,sdo annual estimate,033
Dolores,2011,2065.0,sdo annual estimate,033
Dolores,2012,2078.0,sdo annual estimate,033
Dolores,2013,2082.0,sdo annual estimate,033
Dolores,2014,2084.0,sdo annual estimate,033
Dolores,2015,2087.0,sdo annual estimate,033
Dolores,2016,2088.0,sdo annual estimate,033
Dolores,2017,2088.0,sdo annual estimate,033
Dolores,2018,2091.0,sdo annual estimate,033
Dolores,2019,2085.0,sdo annual estimate,033
Dolores,2020,2078.0,sdo annual estimate,033
Dolores,2021,2122.0,sdo annual estimate,033
Dolores,2022,2205.0,sdo annual estimate,033
Dolores,2023,2271.0,sdo annual estimate,033
Dolores,2024,2209.0,sdo annual estimate,033
Douglas,1870,1388.0,decennial census,035
Douglas,1880,2486.0,decennial census,035
Douglas,1890,3006.0,decennial census,035
Douglas,1900,3120.0,decennial census,035
Douglas,1910,3192.0,decennial census,035
Douglas,1920,3517.0,decennial census,035
Douglas,1930,3498.0,decennial census,035
Douglas,1940,3496.0,decennial census,035
Douglas,1950,3507.0,decennial census,035
Douglas,1960,4816.0,decennial census,035
Douglas,1970,8407.0,decennial census,035
Douglas,1980,25153.0,sdo annual estimate,035
Douglas,1981,27515.0,sdo annual estimate,035
Douglas,1982,29927.0,sdo annual estimate,035
Douglas,1983,33124.0,sdo annual estimate,035
Douglas,1984,36327.0,sdo annual estimate,035
Douglas,1985,40048.0,sdo annual estimate,035
Douglas,1986,45654.0,sdo annual estimate,035
Douglas,1987,48844.0,sdo annual estimate,035
Douglas,1988,53127.0,sdo annual estimate,035
Douglas,1989,57164.0,sdo annual estimate,035
Douglas,1990,60391.0,sdo annual estimate,035
Douglas,1991,66688.0,sdo annual estimate,035
Douglas,1992,75361.0,sdo annual estimate,035
Douglas,1993,83132.0,sdo annual estimate,035
Douglas,1994,92526.0,sdo annual estimate,035
Douglas,1995,103839.0,sdo annual estimate,035
Douglas,1996,114713.0,sdo annual estimate,035
Douglas,1997,129331.0,sdo annual estimate,035
Douglas,1998,144354.0,sdo annual estimate,035
Douglas,1999,162323.0,sdo annual estimate,035
Douglas,2000,180510.0,sdo annual estimate,035
Douglas,2001,199038.0,sdo annual estimate,035
Douglas,2002,209705.0,sdo annual estimate,035
Douglas,2003,221146.0,sdo annual estimate,035
Douglas,2004,233646.0,sdo annual estimate,035
Douglas,2005,244442.0,sdo annual estimate,035
Douglas,2006,257833.0,sdo annual estimate,035
Douglas,2007,268599.0,sdo annual estimate,035
Douglas,2008,276740.0,sdo annual estimate,035
Douglas,2009,282163.0,sdo annual estimate,035
Douglas,2010,287124.0,sdo annual estimate,035
Douglas,2011,292623.0,sdo annual estimate,035
Douglas,2012,298733.0,sdo annual estimate,035
Douglas,2013,306327.0,sdo annual estimate,035
Douglas,2014,314609.0,sdo annual estimate,035
Douglas,2015,322079.0,sdo annual estimate,035
Douglas,2016,328333.0,sdo annual estimate,035
Douglas,2017,335933.0,sdo annual estimate,035
Douglas,2018,343267.0,sdo annual estimate,035
Douglas,2019,351212.0,sdo annual estimate,035
Douglas,2020,360315.0,sdo annual estimate,035
Douglas,2021,369842.0,sdo annual estimate,035
Douglas,2022,376444.0,sdo annual estimate,035
Douglas,2023,385141.0,sdo annual estimate,035
Douglas,2024,394030.0,sdo annual estimate,035
Eagle,1870,0.0,decennial census,037
Eagle,1880,0.0,decennial census,037
Eagle,1890,3725.0,decennial census,037
Eagle,1900,3608.0,decennial census,037
Eagle,1910,2985.0,decennial census,037
Eagle,1920,3385.0,decennial census,037
Eagle,1930,3924.0,decennial census,037
Eagle,1940,5361.0,decennial census,037
Eagle,1950,4488.0,decennial census,037
Eagle,1960,4677.0,decennial census,037
Eagle,1970,7498.0,decennial census,037
Eagle,1980,13320.0,sdo annual estimate,037
Eagle,1981,13772.0,sdo annual estimate,037
Eagle,1982,15378.0,sdo annual estimate,037
Eagle,1983,15959.0,sdo annual estimate,037
Eagle,1984,16771.0,sdo annual estimate,037
Eagle,1985,18029.0,sdo annual estimate,037
Eagle,1986,18853.0,sdo annual estimate,037
Eagle,1987,19002.0,sdo annual estimate,037
Eagle,1988,19567.0,sdo annual estimate,037
Eagle,1989,20881.0,sdo annual estimate,037
Eagle,1990,21928.0,sdo annual estimate,037
Eagle,1991,23458.0,sdo annual estimate,037
Eagle,1992,24940.0,sdo annual estimate,037
Eagle,1993,26832.0,sdo annual estimate,037
Eagle,1994,29027.0,sdo annual estimate,037
Eagle,1995,30883.0,sdo annual estimate,037
Eagle,1996,32928.0,sdo annual estimate,037
Eagle,1997,35206.0,sdo annual estimate,037
Eagle,1998,37614.0,sdo annual estimate,037
Eagle,1999,39909.0,sdo annual estimate,037
Eagle,2000,43289.0,sdo annual estimate,037
Eagle,2001,44440.0,sdo annual estimate,037
Eagle,2002,45100.0,sdo annual estimate,037
Eagle,2003,45758.0,sdo annual estimate,037
Eagle,2004,46485.0,sdo annual estimate,037
Eagle,2005,47278.0,sdo annual estimate,037
Eagle,2006,48214.0,sdo annual estimate,037
Eagle,2007,49284.0,sdo annual estimate,037
Eagle,2008,50301.0,sdo annual estimate,037
Eagle,2009,51520.0,sdo annual estimate,037
Eagle,2010,52057.0,sdo annual estimate,037
Eagle,2011,52120.0,sdo annual estimate,037
Eagle,2012,52160.0,sdo annual estimate,037
Eagle,2013,52262.0,sdo annual estimate,037
Eagle,2014,52398.0,sdo annual estimate,037
Eagle,2015,52780.0,sdo annual estimate,037
Eagle,2016,53041.0,sdo annual estimate,037
Eagle,2017,53724.0,sdo annual estimate,037
Eagle,2018,54205.0,sdo annual estimate,037
Eagle,2019,54818.0,sdo annual estimate,037
Eagle,2020,55673.0,sdo annual estimate,037
Eagle,2021,55799.0,sdo annual estimate,037
Eagle,2022,55318.0,sdo annual estimate,037
Eagle,2023,54577.0,sdo annual estimate,037
Eagle,2024,54196.0,sdo annual estimate,037
El Paso,1870,987.0,decennial census,041
El Paso,1880,7949.0,decennial census,041
El Paso,1890,21239.0,decennial census,041
El Paso,1900,31602.0,decennial census,041
El Paso,1910,43321.0,decennial census,041
El Paso,1920,44027.0,decennial census,041
El Paso,1930,49570.0,decennial census,041
El Paso,1940,54025.0,decennial census,041
El Paso,1950,74523.0,decennial census,041
El Paso,1960,143742.0,decennial census,041
El Paso,1970,235972.0,decennial census,041
El Paso,1980,309424.0,sdo annual estimate,041
El Paso,1981,322174.0,sdo annual estimate,041
El Paso,1982,331738.0,sdo annual estimate,041
El Paso,1983,341721.0,sdo annual estimate,041
El Paso,1984,354753.0,sdo annual estimate,041
El Paso,1985,368506.0,sdo annual estimate,041
El Paso,1986,379304.0,sdo annual estimate,041
El Paso,1987,392720.0,sdo annual estimate,041
El Paso,1988,395265.0,sdo annual estimate,041
El Paso,1989,396314.0,sdo annual estimate,041
El Paso,1990,397014.0,sdo annual estimate,041
El Paso,1991,405954.0,sdo annual estimate,041
El Paso,1992,422815.0,sdo annual estimate,041
El Paso,1993,437135.0,sdo annual estimate,041
El Paso,1994,456500.0,sdo annual estimate,041
El Paso,1995,469693.0,sdo annual estimate,041
El Paso,1996,476989.0,sdo annual estimate,041
El Paso,1997,486805.0,sdo annual estimate,041
El Paso,1998,498021.0,sdo annual estimate,041
El Paso,1999,508815.0,sdo annual estimate,041
El Paso,2000,519802.0,sdo annual estimate,041
El Paso,2001,536336.0,sdo annual estimate,041
El Paso,2002,545240.0,sdo annual estimate,041
El Paso,2003,551668.0,sdo annual estimate,041
El Paso,2004,558455.0,sdo annual estimate,041
El Paso,2005,569322.0,sdo annual estimate,041
El Paso,2006,582502.0,sdo annual estimate,041
El Paso,2007,588772.0,sdo annual estimate,041
El Paso,2008,599060.0,sdo annual estimate,041
El Paso,2009,608518.0,sdo annual estimate,041
El Paso,2010,627232.0,sdo annual estimate,041
El Paso,2011,639139.0,sdo annual estimate,041
El Paso,2012,648445.0,sdo annual estimate,041
El Paso,2013,658303.0,sdo annual estimate,041
El Paso,2014,665754.0,sdo annual estimate,041
El Paso,2015,677969.0,sdo annual estimate,041
El Paso,2016,692295.0,sdo annual estimate,041
El Paso,2017,704797.0,sdo annual estimate,041
El Paso,2018,717812.0,sdo annual estimate,041
El Paso,2019,725498.0,sdo annual estimate,041
El Paso,2020,733831.0,sdo annual estimate,041
El Paso,2021,738767.0,sdo annual estimate,041
El Paso,2022,742583.0,sdo annual estimate,041
El Paso,2023,746917.0,sdo annual estimate,041
El Paso,2024,752892.0,sdo annual estimate,041
Elbert,1870,510.0,decennial census,039
Elbert,1880,1708.0,decennial census,039
Elbert,1890,1856.0,decennial census,039
Elbert,1900,3101.0,decennial census,039
Elbert,1910,5331.0,decennial census,039
Elbert,1920,6380.0,decennial census,039
Elbert,1930,6580.0,decennial census,039
Elbert,1940,5460.0,decennial census,039
Elbert,1950,4477.0,decennial census,039
Elbert,1960,3708.0,decennial census,039
Elbert,1970,3903.0,decennial census,039
Elbert,1980,6850.0,sdo annual estimate,039
Elbert,1981,7122.0,sdo annual estimate,039
Elbert,1982,7500.0,sdo annual estimate,039
Elbert,1983,7997.0,sdo annual estimate,039
Elbert,1984,8261.0,sdo annual estimate,039
Elbert,1985,8560.0,sdo annual estimate,039
Elbert,1986,8793.0,sdo annual estimate,039
Elbert,1987,9340.0,sdo annual estimate,039
Elbert,1988,9829.0,sdo annual estimate,039
Elbert,1989,9725.0,sdo annual estimate,039
Elbert,1990,9646.0,sdo annual estimate,039
Elbert,1991,10268.0,sdo annual estimate,039
Elbert,1992,10766.0,sdo annual estimate,039
Elbert,1993,11542.0,sdo annual estimate,039
Elbert,1994,12847.0,sdo annual estimate,039
Elbert,1995,14328.0,sdo annual estimate,039
Elbert,1996,15806.0,sdo annual estimate,039
Elbert,1997,16987.0,sdo annual estimate,039
Elbert,1998,18032.0,sdo annual estimate,039
Elbert,1999,19087.0,sdo annual estimate,039
Elbert,2000,20104.0,sdo annual estimate,039
Elbert,2001,21294.0,sdo annual estimate,039
Elbert,2002,21604.0,sdo annual estimate,039
Elbert,2003,21933.0,sdo annual estimate,039
Elbert,2004,22041.0,sdo annual estimate,039
Elbert,2005,22259.0,sdo annual estimate,039
Elbert,2006,22527.0,sdo annual estimate,039
Elbert,2007,22478.0,sdo annual estimate,039
Elbert,2008,22663.0,sdo annual estimate,039
Elbert,2009,22890.0,sdo annual estimate,039
Elbert,2010,23107.0,sdo annual estimate,039
Elbert,2011,23032.0,sdo annual estimate,039
Elbert,2012,23034.0,sdo annual estimate,039
Elbert,2013,23183.0,sdo annual estimate,039
Elbert,2014,23569.0,sdo annual estimate,039
Elbert,2015,24061.0,sdo annual estimate,039
Elbert,2016,24450.0,sdo annual estimate,039
Elbert,2017,24942.0,sdo annual estimate,039
Elbert,2018,25366.0,sdo annual estimate,039
Elbert,2019,25668.0,sdo annual estimate,039
Elbert,2020,26223.0,sdo annual estimate,039
Elbert,2021,27153.0,sdo annual estimate,039
Elbert,2022,27825.0,sdo annual estimate,039
Elbert,2023,28795.0,sdo annual estimate,039
Elbert,2024,29337.0,sdo annual estimate,039
Fremont,1870,1064.0,decennial census,043
Fremont,1880,4735.0,decennial census,043
Fremont,1890,9156.0,decennial census,043
Fremont,1900,15638.0,decennial census,043
Fremont,1910,18181.0,decennial census,043
Fremont,1920,17883.0,decennial census,043
Fremont,1930,18896.0,decennial census,043
Fremont,1940,19742.0,decennial census,043
Fremont,1950,18366.0,decennial census,043
Fremont,1960,20196.0,decennial census,043
Fremont,1970,21942.0,decennial census,043
Fremont,1980,28676.0,sdo annual estimate,043
Fremont,1981,29521.0,sdo annual estimate,043
Fremont,1982,30343.0,sdo annual estimate,043
Fremont,1983,31366.0,sdo annual estimate,043
Fremont,1984,31296.0,sdo annual estimate,043
Fremont,1985,31366.0,sdo annual estimate,043
Fremont,1986,31130.0,sdo annual estimate,043
Fremont,1987,31394.0,sdo annual estimate,043
Fremont,1988,31893.0,sdo annual estimate,043
Fremont,1989,32114.0,sdo annual estimate,043
Fremont,1990,32273.0,sdo annual estimate,043
Fremont,1991,32237.0,sdo annual estimate,043
Fremont,1992,33818.0,sdo annual estimate,043
Fremont,1993,36507.0,sdo annual estimate,043
Fremont,1994,38705.0,sdo annual estimate,043
Fremont,1995,40522.0,sdo annual estimate,043
Fremont,1996,41828.0,sdo annual estimate,043
Fremont,1997,42844.0,sdo annual estimate,043
Fremont,1998,43813.0,sdo annual estimate,043
Fremont,1999,45144.0,sdo annual estimate,043
Fremont,2000,46370.0,sdo annual estimate,043
Fremont,2001,46733.0,sdo annual estimate,043
Fremont,2002,46969.0,sdo annual estimate,043
Fremont,2003,46828.0,sdo annual estimate,043
Fremont,2004,46540.0,sdo annual estimate,043
Fremont,2005,46447.0,sdo annual estimate,043
Fremont,2006,46703.0,sdo annual estimate,043
Fremont,2007,46654.0,sdo annual estimate,043
Fremont,2008,46774.0,sdo annual estimate,043
Fremont,2009,46635.0,sdo annual estimate,043
Fremont,2010,46854.0,sdo annual estimate,043
Fremont,2011,47076.0,sdo annual estimate,043
Fremont,2012,47130.0,sdo annual estimate,043
Fremont,2013,47183.0,sdo annual estimate,043
Fremont,2014,47119.0,sdo annual estimate,043
Fremont,2015,47213.0,sdo annual estimate,043
Fremont,2016,47284.0,sdo annual estimate,043
Fremont,2017,47564.0,sdo annual estimate,043
Fremont,2018,47990.0,sdo annual estimate,043
Fremont,2019,48380.0,sdo annual estimate,043
Fremont,2020,48891.0,sdo annual estimate,043
Fremont,2021,49251.0,sdo annual estimate,043
Fremont,2022,49588.0,sdo annual estimate,043
Fremont,2023,50372.0,sdo annual estimate,043
Fremont,2024,50071.0,sdo annual estimate,043
Garfield,1870,0.0,decennial census,045
Garfield,1880,0.0,decennial census,045
Garfield,1890,4478.0,decennial census,045
Garfield,1900,5835.0,decennial census,045
Garfield,1910,10144.0,decennial census,045
Garfield,1920,9304.0,decennial census,045
Garfield,1930,9975.0,decennial census,045
Garfield,1940,10560.0,decennial census,045
Garfield,1950,11625.0,decennial census,045
Garfield,1960,12017.0,decennial census,045
Garfield,1970,14821.0,decennial census,045
Garfield,1980,22514.0,sdo annual estimate,045
Garfield,1981,24940.0,sdo annual estimate,045
Garfield,1982,29029.0,sdo annual estimate,045
Garfield,1983,28925.0,sdo annual estimate,045
Garfield,1984,25642.0,sdo annual estimate,045
Garfield,1985,25714.0,sdo annual estimate,045
Garfield,1986,26191.0,sdo annual estimate,045
Garfield,1987,26387.0,sdo annual estimate,045
Garfield,1988,27325.0,sdo annual estimate,045
Garfield,1989,28809.0,sdo annual estimate,045
Garfield,1990,29974.0,sdo annual estimate,045
Garfield,1991,31230.0,sdo annual estimate,045
Garfield,1992,31339.0,sdo annual estimate,045
Garfield,1993,32574.0,sdo annual estimate,045
Garfield,1994,34496.0,sdo annual estimate,045
Garfield,1995,36417.0,sdo annual estimate,045
Garfield,1996,37677.0,sdo annual estimate,045
Garfield,1997,38894.0,sdo annual estimate,045
Garfield,1998,41231.0,sdo annual estimate,045
Garfield,1999,42691.0,sdo annual estimate,045
Garfield,2000,44240.0,sdo annual estimate,045
Garfield,2001,45907.0,sdo annual estimate,045
Garfield,2002,46728.0,sdo annual estimate,045
Garfield,2003,47484.0,sdo annual estimate,045
Garfield,2004,48156.0,sdo annual estimate,045
Garfield,2005,49256.0,sdo annual estimate,045
Garfield,2006,51106.0,sdo annual estimate,045
Garfield,2007,52676.0,sdo annual estimate,045
Garfield,2008,54226.0,sdo annual estimate,045
Garfield,2009,55400.0,sdo annual estimate,045
Garfield,2010,56150.0,sdo annual estimate,045
Garfield,2011,56267.0,sdo annual estimate,045
Garfield,2012,56415.0,sdo annual estimate,045
Garfield,2013,56798.0,sdo annual estimate,045
Garfield,2014,57131.0,sdo annual estimate,045
Garfield,2015,57495.0,sdo annual estimate,045
Garfield,2016,58161.0,sdo annual estimate,045
Garfield,2017,58871.0,sdo annual estimate,045
Garfield,2018,59769.0,sdo annual estimate,045
Garfield,2019,60556.0,sdo annual estimate,045
Garfield,2020,61799.0,sdo annual estimate,045
Garfield,2021,62103.0,sdo annual estimate,045
Garfield,2022,62371.0,sdo annual estimate,045
Garfield,2023,62864.0,sdo annual estimate,045
Garfield,2024,63174.0,sdo annual estimate,045
Gilpin,1870,5490.0,decennial census,047
Gilpin,1880,6489.0,decennial census,047
Gilpin,1890,5867.0,decennial census,047
Gilpin,1900,6690.0,decennial census,047
Gilpin,1910,4131.0,decennial census,047
Gilpin,1920,1364.0,decennial census,047
Gilpin,1930,1212.0,decennial census,047
Gilpin,1940,1625.0,decennial census,047
Gilpin,1950,850.0,decennial census,047
Gilpin,1960,685.0,decennial census,047
Gilpin,1970,1272.0,decennial census,047
Gilpin,1980,2441.0,sdo annual estimate,047
Gilpin,1981,2620.0,sdo annual estimate,047
Gilpin,1982,2776.0,sdo annual estimate,047
Gilpin,1983,3024.0,sdo annual estimate,047
Gilpin,1984,3013.0,sdo annual estimate,047
Gilpin,1985,3081.0,sdo annual estimate,047
Gilpin,1986,3237.0,sdo annual estimate,047
Gilpin,1987,3279.0,sdo annual estimate,047
Gilpin,1988,3172.0,sdo annual estimate,047
Gilpin,1989,3114.0,sdo annual estimate,047
Gilpin,1990,3070.0,sdo annual estimate,047
Gilpin,1991,3089.0,sdo annual estimate,047
Gilpin,1992,3244.0,sdo annual estimate,047
Gilpin,1993,3376.0,sdo annual estimate,047
Gilpin,1994,3499.0,sdo annual estimate,047
Gilpin,1995,3668.0,sdo annual estimate,047
Gilpin,1996,3792.0,sdo annual estimate,047
Gilpin,1997,4035.0,sdo annual estimate,047
Gilpin,1998,4246.0,sdo annual estimate,047
Gilpin,1999,4538.0,sdo annual estimate,047
Gilpin,2000,4803.0,sdo annual estimate,047
Gilpin,2001,4829.0,sdo annual estimate,047
Gilpin,2002,4830.0,sdo annual estimate,047
Gilpin,2003,4851.0,sdo annual estimate,047
Gilpin,2004,4825.0,sdo annual estimate,047
Gilpin,2005,4892.0,sdo annual estimate,047
Gilpin,2006,4953.0,sdo annual estimate,047
Gilpin,2007,4964.0,sdo annual estimate,047
Gilpin,2008,5084.0,sdo annual estimate,047
Gilpin,2009,5396.0,sdo annual estimate,047
Gilpin,2010,5463.0,sdo annual estimate,047
Gilpin,2011,5477.0,sdo annual estimate,047
Gilpin,2012,5500.0,sdo annual estimate,047
Gilpin,2013,5512.0,sdo annual estimate,047
Gilpin,2014,5536.0,sdo annual estimate,047
Gilpin,2015,5553.0,sdo annual estimate,047
Gilpin,2016,5578.0,sdo annual estimate,047
Gilpin,2017,5635.0,sdo annual estimate,047
Gilpin,2018,5707.0,sdo annual estimate,047
Gilpin,2019,5751.0,sdo annual estimate,047
Gilpin,2020,5824.0,sdo annual estimate,047
Gilpin,2021,5896.0,sdo annual estimate,047
Gilpin,2022,5913.0,sdo annual estimate,047
Gilpin,2023,5919.0,sdo annual estimate,047
Gilpin,2024,5969.0,sdo annual estimate,047
Grand,1870,0.0,decennial census,049
Grand,1880,417.0,decennial census,049
Grand,1890,604.0,decennial census,049
Grand,1900,741.0,decennial census,049
Grand,1910,1862.0,decennial census,049
Grand,1920,2659.0,decennial census,049
Grand,1930,2108.0,decennial census,049
Grand,1940,3587.0,decennial census,049
Grand,1950,3963.0,decennial census,049
Grand,1960,3557.0,decennial census,049
Grand,1970,4107.0,decennial census,049
Grand,1980,7475.0,sdo annual estimate,049
Grand,1981,7748.0,sdo annual estimate,049
Grand,1982,8113.0,sdo annual estimate,049
Grand,1983,8115.0,sdo annual estimate,049
Grand,1984,8893.0,sdo annual estimate,049
Grand,1985,9212.0,sdo annual estimate,049
Grand,1986,9139.0,sdo annual estimate,049
Grand,1987,8908.0,sdo annual estimate,049
Grand,1988,8467.0,sdo annual estimate,049
Grand,1989,8178.0,sdo annual estimate,049
Grand,1990,7966.0,sdo annual estimate,049
Grand,1991,8389.0,sdo annual estimate,049
Grand,1992,8604.0,sdo annual estimate,049
Grand,1993,8925.0,sdo annual estimate,049
Grand,1994,9339.0,sdo annual estimate,049
Grand,1995,9953.0,sdo annual estimate,049
Grand,1996,10511.0,sdo annual estimate,049
Grand,1997,10966.0,sdo annual estimate,049
Grand,1998,11409.0,sdo annual estimate,049
Grand,1999,11995.0,sdo annual estimate,049
Grand,2000,12853.0,sdo annual estimate,049
Grand,2001,13283.0,sdo annual estimate,049
Grand,2002,13461.0,sdo annual estimate,049
Grand,2003,13688.0,sdo annual estimate,049
Grand,2004,13912.0,sdo annual estimate,049
Grand,2005,13897.0,sdo annual estimate,049
Grand,2006,14135.0,sdo annual estimate,049
Grand,2007,14339.0,sdo annual estimate,049
Grand,2008,14535.0,sdo annual estimate,049
Grand,2009,14664.0,sdo annual estimate,049
Grand,2010,14790.0,sdo annual estimate,049
Grand,2011,14836.0,sdo annual estimate,049
Grand,2012,14925.0,sdo annual estimate,049
Grand,2013,14948.0,sdo annual estimate,049
Grand,2014,14934.0,sdo annual estimate,049
Grand,2015,14961.0,sdo annual estimate,049
Grand,2016,15042.0,sdo annual estimate,049
Grand,2017,15147.0,sdo annual estimate,049
Grand,2018,15268.0,sdo annual estimate,049
Grand,2019,15409.0,sdo annual estimate,049
Grand,2020,15750.0,sdo annual estimate,049
Grand,2021,15863.0,sdo annual estimate,049
Grand,2022,15759.0,sdo annual estimate,049
Grand,2023,16000.0,sdo annual estimate,049
Grand,2024,16202.0,sdo annual estimate,049
Gunnison,1870,0.0,decennial census,051
Gunnison,1880,8235.0,decennial census,051
Gunnison,1890,4359.0,decennial census,051
Gunnison,1900,5331.0,decennial census,051
Gunnison,1910,5897.0,decennial census,051
Gunnison,1920,5590.0,decennial census,051
Gunnison,1930,5527.0,decennial census,051
Gunnison,1940,6192.0,decennial census,051
Gunnison,1950,5716.0,decennial census,051
Gunnison,1960,5477.0,decennial census,051
Gunnison,1970,7578.0,decennial census,051
Gunnison,1980,10689.0,sdo annual estimate,051
Gunnison,1981,10669.0,sdo annual estimate,051
Gunnison,1982,10619.0,sdo annual estimate,051
Gunnison,1983,10375.0,sdo annual estimate,051
Gunnison,1984,10419.0,sdo annual estimate,051
Gunnison,1985,10390.0,sdo annual estimate,051
Gunnison,1986,10890.0,sdo annual estimate,051
Gunnison,1987,10855.0,sdo annual estimate,051
Gunnison,1988,10827.0,sdo annual estimate,051
Gunnison,1989,10509.0,sdo annual estimate,051
Gunnison,1990,10273.0,sdo annual estimate,051
Gunnison,1991,10416.0,sdo annual estimate,051
Gunnison,1992,10776.0,sdo annual estimate,051
Gunnison,1993,11311.0,sdo annual estimate,051
Gunnison,1994,11671.0,sdo annual estimate,051
Gunnison,1995,11974.0,sdo annual estimate,051
Gunnison,1996,12244.0,sdo annual estimate,051
Gunnison,1997,12405.0,sdo annual estimate,051
Gunnison,1998,13442.0,sdo annual estimate,051
Gunnison,1999,13736.0,sdo annual estimate,051
Gunnison,2000,13989.0,sdo annual estimate,051
Gunnison,2001,14345.0,sdo annual estimate,051
Gunnison,2002,14316.0,sdo annual estimate,051
Gunnison,2003,14206.0,sdo annual estimate,051
Gunnison,2004,14230.0,sdo annual estimate,051
Gunnison,2005,14473.0,sdo annual estimate,051
Gunnison,2006,14650.0,sdo annual estimate,051
Gunnison,2007,14957.0,sdo annual estimate,051
Gunnison,2008,15137.0,sdo annual estimate,051
Gunnison,2009,15266.0,sdo annual estimate,051
Gunnison,2010,15309.0,sdo annual estimate,051
Gunnison,2011,15348.0,sdo annual estimate,051
Gunnison,2012,15270.0,sdo annual estimate,051
Gunnison,2013,15425.0,sdo annual estimate,051
Gunnison,2014,15552.0,sdo annual estimate,051
Gunnison,2015,15826.0,sdo annual estimate,051
Gunnison,2016,16082.0,sdo annual estimate,051
Gunnison,2017,16464.0,sdo annual estimate,051
Gunnison,2018,16681.0,sdo annual estimate,051
Gunnison,2019,16941.0,sdo annual estimate,051
Gunnison,2020,16945.0,sdo annual estimate,051
Gunnison,2021,17294.0,sdo annual estimate,051
Gunnison,2022,17318.0,sdo annual estimate,051
Gunnison,2023,17342.0,sdo annual estimate,051
Gunnison,2024,17304.0,sdo annual estimate,051
Hinsdale,1870,0.0,decennial census,053
Hinsdale,1880,1487.0,decennial census,053
Hinsdale,1890,862.0,decennial census,053
Hinsdale,1900,1609.0,decennial census,053
Hinsdale,1910,646.0,decennial census,053
Hinsdale,1920,538.0,decennial census,053
Hinsdale,1930,449.0,decennial census,053
Hinsdale,1940,349.0,decennial census,053
Hinsdale,1950,263.0,decennial census,053
Hinsdale,1960,208.0,decennial census,053
Hinsdale,1970,202.0,decennial census,053
Hinsdale,1980,408.0,sdo annual estimate,053
Hinsdale,1981,455.0,sdo annual estimate,053
Hinsdale,1982,478.0,sdo annual estimate,053
Hinsdale,1983,559.0,sdo annual estimate,053
Hinsdale,1984,580.0,sdo annual estimate,053
Hinsdale,1985,472.0,sdo annual estimate,053
Hinsdale,1986,468.0,sdo annual estimate,053
Hinsdale,1987,508.0,sdo annual estimate,053
Hinsdale,1988,489.0,sdo annual estimate,053
Hinsdale,1989,476.0,sdo annual estimate,053
Hinsdale,1990,467.0,sdo annual estimate,053
Hinsdale,1991,453.0,sdo annual estimate,053
Hinsdale,1992,504.0,sdo annual estimate,053
Hinsdale,1993,546.0,sdo annual estimate,053
Hinsdale,1994,612.0,sdo annual estimate,053
Hinsdale,1995,659.0,sdo annual estimate,053
Hinsdale,1996,707.0,sdo annual estimate,053
Hinsdale,1997,739.0,sdo annual estimate,053
Hinsdale,1998,776.0,sdo annual estimate,053
Hinsdale,1999,784.0,sdo annual estimate,053
Hinsdale,2000,792.0,sdo annual estimate,053
Hinsdale,2001,804.0,sdo annual estimate,053
Hinsdale,2002,806.0,sdo annual estimate,053
Hinsdale,2003,784.0,sdo annual estimate,053
Hinsdale,2004,831.0,sdo annual estimate,053
Hinsdale,2005,813.0,sdo annual estimate,053
Hinsdale,2006,830.0,sdo annual estimate,053
Hinsdale,2007,845.0,sdo annual estimate,053
Hinsdale,2008,824.0,sdo annual estimate,053
Hinsdale,2009,827.0,sdo annual estimate,053
Hinsdale,2010,843.0,sdo annual estimate,053
Hinsdale,2011,835.0,sdo annual estimate,053
Hinsdale,2012,831.0,sdo annual estimate,053
Hinsdale,2013,825.0,sdo annual estimate,053
Hinsdale,2014,819.0,sdo annual estimate,053
Hinsdale,2015,813.0,sdo annual estimate,053
Hinsdale,2016,809.0,sdo annual estimate,053
Hinsdale,2017,805.0,sdo annual estimate,053
Hinsdale,2018,801.0,sdo annual estimate,053
Hinsdale,2019,798.0,sdo annual estimate,053
Hinsdale,2020,792.0,sdo annual estimate,053
Hinsdale,2021,778.0,sdo annual estimate,053
Hinsdale,2022,779.0,sdo annual estimate,053
Hinsdale,2023,771.0,sdo annual estimate,053
Hinsdale,2024,754.0,sdo annual estimate,053
Huerfano,1870,2250.0,decennial census,055
Huerfano,1880,4124.0,decennial census,055
Huerfano,1890,6882.0,decennial census,055
Huerfano,1900,8395.0,decennial census,055
Huerfano,1910,13320.0,decennial census,055
Huerfano,1920,16879.0,decennial census,055
Huerfano,1930,17062.0,decennial census,055
Huerfano,1940,16088.0,decennial census,055
Huerfano,1950,10549.0,decennial census,055
Huerfano,1960,7867.0,decennial census,055
Huerfano,1970,6590.0,decennial census,055
Huerfano,1980,6440.0,sdo annual estimate,055
Huerfano,1981,6326.0,sdo annual estimate,055
Huerfano,1982,6523.0,sdo annual estimate,055
Huerfano,1983,6741.0,sdo annual estimate,055
Huerfano,1984,6639.0,sdo annual estimate,055
Huerfano,1985,6809.0,sdo annual estimate,055
Huerfano,1986,6752.0,sdo annual estimate,055
Huerfano,1987,6500.0,sdo annual estimate,055
Huerfano,1988,6292.0,sdo annual estimate,055
Huerfano,1989,6130.0,sdo annual estimate,055
Huerfano,1990,6009.0,sdo annual estimate,055
Huerfano,1991,6057.0,sdo annual estimate,055
Huerfano,1992,6181.0,sdo annual estimate,055
Huerfano,1993,6439.0,sdo annual estimate,055
Huerfano,1994,6923.0,sdo annual estimate,055
Huerfano,1995,7162.0,sdo annual estimate,055
Huerfano,1996,7389.0,sdo annual estimate,055
Huerfano,1997,7672.0,sdo annual estimate,055
Huerfano,1998,7781.0,sdo annual estimate,055
Huerfano,1999,7827.0,sdo annual estimate,055
Huerfano,2000,7827.0,sdo annual estimate,055
Huerfano,2001,7905.0,sdo annual estimate,055
Huerfano,2002,7916.0,sdo annual estimate,055
Huerfano,2003,8042.0,sdo annual estimate,055
Huerfano,2004,7729.0,sdo annual estimate,055
Huerfano,2005,7823.0,sdo annual estimate,055
Huerfano,2006,7750.0,sdo annual estimate,055
Huerfano,2007,7658.0,sdo annual estimate,055
Huerfano,2008,7680.0,sdo annual estimate,055
Huerfano,2009,6710.0,sdo annual estimate,055
Huerfano,2010,6655.0,sdo annual estimate,055
Huerfano,2011,6671.0,sdo annual estimate,055
Huerfano,2012,6686.0,sdo annual estimate,055
Huerfano,2013,6697.0,sdo annual estimate,055
Huerfano,2014,6700.0,sdo annual estimate,055
Huerfano,2015,6706.0,sdo annual estimate,055
Huerfano,2016,6721.0,sdo annual estimate,055
Huerfano,2017,6737.0,sdo annual estimate,055
Huerfano,2018,6758.0,sdo annual estimate,055
Huerfano,2019,6778.0,sdo annual estimate,055
Huerfano,2020,6834.0,sdo annual estimate,055
Huerfano,2021,6950.0,sdo annual estimate,055
Huerfano,2022,7101.0,sdo annual estimate,055
Huerfano,2023,7059.0,sdo annual estimate,055
Huerfano,2024,7025.0,sdo annual estimate,055
Jackson,1870,0.0,decennial census,057
Jackson,1880,0.0,decennial census,057
Jackson,1890,0.0,decennial census,057
Jackson,1900,0.0,decennial census,057
Jackson,1910,1013.0,decennial census,057
Jackson,1920,1340.0,decennial census,057
Jackson,1930,1386.0,decennial census,057
Jackson,1940,1798.0,decennial census,057
Jackson,1950,1976.0,decennial census,057
Jackson,1960,1758.0,decennial census,057
Jackson,1970,1811.0,decennial census,057
Jackson,1980,1863.0,sdo annual estimate,057
Jackson,1981,2022.0,sdo annual estimate,057
Jackson,1982,2057.0,sdo annual estimate,057
Jackson,1983,1818.0,sdo annual estimate,057
Jackson,1984,1799.0,sdo annual estimate,057
Jackson,1985,1729.0,sdo annual estimate,057
Jackson,1986,1708.0,sdo annual estimate,057
Jackson,1987,1775.0,sdo annual estimate,057
Jackson,1988,1713.0,sdo annual estimate,057
Jackson,1989,1651.0,sdo annual estimate,057
Jackson,1990,1605.0,sdo annual estimate,057
Jackson,1991,1556.0,sdo annual estimate,057
Jackson,1992,1574.0,sdo annual estimate,057
Jackson,1993,1632.0,sdo annual estimate,057
Jackson,1994,1642.0,sdo annual estimate,057
Jackson,1995,1609.0,sdo annual estimate,057
Jackson,1996,1594.0,sdo annual estimate,057
Jackson,1997,1596.0,sdo annual estimate,057
Jackson,1998,1587.0,sdo annual estimate,057
Jackson,1999,1582.0,sdo annual estimate,057
Jackson,2000,1576.0,sdo annual estimate,057
Jackson,2001,1590.0,sdo annual estimate,057
Jackson,2002,1591.0,sdo annual estimate,057
Jackson,2003,1586.0,sdo annual estimate,057
Jackson,2004,1521.0,sdo annual estimate,057
Jackson,2005,1492.0,sdo annual estimate,057
Jackson,2006,1443.0,sdo annual estimate,057
Jackson,2007,1422.0,sdo annual estimate,057
Jackson,2008,1381.0,sdo annual estimate,057
Jackson,2009,1386.0,sdo annual estimate,057
Jackson,2010,1387.0,sdo annual estimate,057
Jackson,2011,1387.0,sdo annual estimate,057
Jackson,2012,1385.0,sdo annual estimate,057
Jackson,2013,1383.0,sdo annual estimate,057
Jackson,2014,1381.0,sdo annual estimate,057
Jackson,2015,1381.0,sdo annual estimate,057
Jackson,2016,1379.0,sdo annual estimate,057
Jackson,2017,1379.0,sdo annual estimate,057
Jackson,2018,1379.0,sdo annual estimate,057
Jackson,2019,1379.0,sdo annual estimate,057
Jackson,2020,1377.0,sdo annual estimate,057
Jackson,2021,1358.0,sdo annual estimate,057
Jackson,2022,1314.0,sdo annual estimate,057
Jackson,2023,1310.0,sdo annual estimate,057
Jackson,2024,1270.0,sdo annual estimate,057
Jefferson,1870,2390.0,decennial census,059
Jefferson,1880,6804.0,decennial census,059
Jefferson,1890,8450.0,decennial census,059
Jefferson,1900,9306.0,decennial census,059
Jefferson,1910,14231.0,decennial census,059
Jefferson,1920,14400.0,decennial census,059
Jefferson,1930,21810.0,decennial census,059
Jefferson,1940,30725.0,decennial census,059
Jefferson,1950,55687.0,decennial census,059
Jefferson,1960,127520.0,decennial census,059
Jefferson,1970,235368.0,decennial census,059
Jefferson,1980,371753.0,sdo annual estimate,059
Jefferson,1981,386410.0,sdo annual estimate,059
Jefferson,1982,398695.0,sdo annual estimate,059
Jefferson,1983,406163.0,sdo annual estimate,059
Jefferson,1984,413716.0,sdo annual estimate,059
Jefferson,1985,421617.0,sdo annual estimate,059
Jefferson,1986,427070.0,sdo annual estimate,059
Jefferson,1987,430187.0,sdo annual estimate,059
Jefferson,1988,432429.0,sdo annual estimate,059
Jefferson,1989,435905.0,sdo annual estimate,059
Jefferson,1990,438430.0,sdo annual estimate,059
Jefferson,1991,449663.0,sdo annual estimate,059
Jefferson,1992,463540.0,sdo annual estimate,059
Jefferson,1993,476208.0,sdo annual estimate,059
Jefferson,1994,483433.0,sdo annual estimate,059
Jefferson,1995,491314.0,sdo annual estimate,059
Jefferson,1996,498046.0,sdo annual estimate,059
Jefferson,1997,504234.0,sdo annual estimate,059
Jefferson,1998,512483.0,sdo annual estimate,059
Jefferson,1999,520810.0,sdo annual estimate,059
Jefferson,2000,526718.0,sdo annual estimate,059
Jefferson,2001,528067.0,sdo annual estimate,059
Jefferson,2002,527539.0,sdo annual estimate,059
Jefferson,2003,525429.0,sdo annual estimate,059
Jefferson,2004,524876.0,sdo annual estimate,059
Jefferson,2005,523517.0,sdo annual estimate,059
Jefferson,2006,524579.0,sdo annual estimate,059
Jefferson,2007,527120.0,sdo annual estimate,059
Jefferson,2008,530565.0,sdo annual estimate,059
Jefferson,2009,532606.0,sdo annual estimate,059
Jefferson,2010,535651.0,sdo annual estimate,059
Jefferson,2011,540625.0,sdo annual estimate,059
Jefferson,2012,546631.0,sdo annual estimate,059
Jefferson,2013,552236.0,sdo annual estimate,059
Jefferson,2014,559016.0,sdo annual estimate,059
Jefferson,2015,565161.0,sdo annual estimate,059
Jefferson,2016,571744.0,sdo annual estimate,059
Jefferson,2017,575923.0,sdo annual estimate,059
Jefferson,2018,579821.0,sdo annual estimate,059
Jefferson,2019,582568.0,sdo annual estimate,059
Jefferson,2020,583138.0,sdo annual estimate,059
Jefferson,2021,580840.0,sdo annual estimate,059
Jefferson,2022,576580.0,sdo annual estimate,059
Jefferson,2023,577599.0,sdo annual estimate,059
Jefferson,2024,578437.0,sdo annual estimate,059
Kiowa,1870,0.0,decennial census,061
Kiowa,1880,0.0,decennial census,061
Kiowa,1890,1243.0,decennial census,061
Kiowa,1900,701.0,decennial census,061
Kiowa,1910,2899.0,decennial census,061
Kiowa,1920,3755.0,decennial census,061
Kiowa,1930,3786.0,decennial census,061
Kiowa,1940,2793.0,decennial census,061
Kiowa,1950,3003.0,decennial census,061
Kiowa,1960,2425.0,decennial census,061
Kiowa,1970,2029.0,decennial census,061
Kiowa,1980,1936.0,sdo annual estimate,061
Kiowa,1981,1995.0,sdo annual estimate,061
Kiowa,1982,1927.0,sdo annual estimate,061
Kiowa,1983,1925.0,sdo annual estimate,061
Kiowa,1984,1950.0,sdo annual estimate,061
Kiowa,1985,1847.0,sdo annual estimate,061
Kiowa,1986,1798.0,sdo annual estimate,061
Kiowa,1987,1758.0,sdo annual estimate,061
Kiowa,1988,1711.0,sdo annual estimate,061
Kiowa,1989,1698.0,sdo annual estimate,061
Kiowa,1990,1688.0,sdo annual estimate,061
Kiowa,1991,1683.0,sdo annual estimate,061
Kiowa,1992,1695.0,sdo annual estimate,061
Kiowa,1993,1698.0,sdo annual estimate,061
Kiowa,1994,1693.0,sdo annual estimate,061
Kiowa,1995,1643.0,sdo annual estimate,061
Kiowa,1996,1662.0,sdo annual estimate,061
Kiowa,1997,1661.0,sdo annual estimate,061
Kiowa,1998,1644.0,sdo annual estimate,061
Kiowa,1999,1632.0,sdo annual estimate,061
Kiowa,2000,1614.0,sdo annual estimate,061
Kiowa,2001,1606.0,sdo annual estimate,061
Kiowa,2002,1566.0,sdo annual estimate,061
Kiowa,2003,1548.0,sdo annual estimate,061
Kiowa,2004,1523.0,sdo annual estimate,061
Kiowa,2005,1543.0,sdo annual estimate,061
Kiowa,2006,1514.0,sdo annual estimate,061
Kiowa,2007,1471.0,sdo annual estimate,061
Kiowa,2008,1432.0,sdo annual estimate,061
Kiowa,2009,1392.0,sdo annual estimate,061
Kiowa,2010,1399.0,sdo annual estimate,061
Kiowa,2011,1383.0,sdo annual estimate,061
Kiowa,2012,1392.0,sdo annual estimate,061
Kiowa,2013,1397.0,sdo annual estimate,061
Kiowa,2014,1393.0,sdo annual estimate,061
Kiowa,2015,1406.0,sdo annual estimate,061
Kiowa,2016,1420.0,sdo annual estimate,061
Kiowa,2017,1428.0,sdo annual estimate,061
Kiowa,2018,1442.0,sdo annual estimate,061
Kiowa,2019,1454.0,sdo annual estimate,061
Kiowa,2020,1454.0,sdo annual estimate,061
Kiowa,2021,1453.0,sdo annual estimate,061
Kiowa,2022,1430.0,sdo annual estimate,061
Kiowa,2023,1380.0,sdo annual estimate,061
Kiowa,2024,1417.0,sdo annual estimate,061
Kit Carson,1870,0.0,decennial census,063
Kit Carson,1880,0.0,decennial census,063
Kit Carson,1890,2472.0,decennial census,063
Kit Carson,1900,1580.0,decennial census,063
Kit Carson,1910,7483.0,decennial census,063
Kit Carson,1920,8915.0,decennial census,063
Kit Carson,1930,9725.0,decennial census,063
Kit Carson,1940,7512.0,decennial census,063
Kit Carson,1950,8600.0,decennial census,063
Kit Carson,1960,6957.0,decennial census,063
Kit Carson,1970,7530.0,decennial census,063
Kit Carson,1980,7599.0,sdo annual estimate,063
Kit Carson,1981,7513.0,sdo annual estimate,063
Kit Carson,1982,7570.0,sdo annual estimate,063
Kit Carson,1983,7765.0,sdo annual estimate,063
Kit Carson,1984,7812.0,sdo annual estimate,063
Kit Carson,1985,7547.0,sdo annual estimate,063
Kit Carson,1986,7373.0,sdo annual estimate,063
Kit Carson,1987,7241.0,sdo annual estimate,063
Kit Carson,1988,7280.0,sdo annual estimate,063
Kit Carson,1989,7201.0,sdo annual estimate,063
Kit Carson,1990,7140.0,sdo annual estimate,063
Kit Carson,1991,7161.0,sdo annual estimate,063
Kit Carson,1992,7232.0,sdo annual estimate,063
Kit Carson,1993,7267.0,sdo annual estimate,063
Kit Carson,1994,7340.0,sdo annual estimate,063
Kit Carson,1995,7413.0,sdo annual estimate,063
Kit Carson,1996,7486.0,sdo annual estimate,063
Kit Carson,1997,7599.0,sdo annual estimate,063
Kit Carson,1998,7754.0,sdo annual estimate,063
Kit Carson,1999,7901.0,sdo annual estimate,063
Kit Carson,2000,7975.0,sdo annual estimate,063
Kit Carson,2001,8073.0,sdo annual estimate,063
Kit Carson,2002,8289.0,sdo annual estimate,063
Kit Carson,2003,8185.0,sdo annual estimate,063
Kit Carson,2004,8257.0,sdo annual estimate,063
Kit Carson,2005,7998.0,sdo annual estimate,063
Kit Carson,2006,7946.0,sdo annual estimate,063
Kit Carson,2007,7835.0,sdo annual estimate,063
Kit Carson,2008,8042.0,sdo annual estimate,063
Kit Carson,2009,8269.0,sdo annual estimate,063
Kit Carson,2010,8267.0,sdo annual estimate,063
Kit Carson,2011,8165.0,sdo annual estimate,063
Kit Carson,2012,8085.0,sdo annual estimate,063
Kit Carson,2013,8006.0,sdo annual estimate,063
Kit Carson,2014,7664.0,sdo annual estimate,063
Kit Carson,2015,7561.0,sdo annual estimate,063
Kit Carson,2016,7480.0,sdo annual estimate,063
Kit Carson,2017,7400.0,sdo annual estimate,063
Kit Carson,2018,7285.0,sdo annual estimate,063
Kit Carson,2019,7182.0,sdo annual estimate,063
Kit Carson,2020,7069.0,sdo annual estimate,063
Kit Carson,2021,6930.0,sdo annual estimate,063
Kit Carson,2022,7011.0,sdo annual estimate,063
Kit Carson,2023,7021.0,sdo annual estimate,063
Kit Carson,2024,7063.0,sdo annual estimate,063
La Plata,1870,0.0,decennial census,067
La Plata,1880,1110.0,decennial census,067
La Plata,1890,5509.0,decennial census,067
La Plata,1900,7016.0,decennial census,067
La Plata,1910,10812.0,decennial census,067
La Plata,1920,11218.0,decennial census,067
La Plata,1930,12975.0,decennial census,067
La Plata,1940,15494.0,decennial census,067
La Plata,1950,14880.0,decennial census,067
La Plata,1960,19225.0,decennial census,067
La Plata,1970,19199.0,decennial census,067
La Plata,1980,27195.0,sdo annual estimate,067
La Plata,1981,28531.0,sdo annual estimate,067
La Plata,1982,29729.0,sdo annual estimate,067
La Plata,1983,30845.0,sdo annual estimate,067
La Plata,1984,31072.0,sdo annual estimate,067
La Plata,1985,31393.0,sdo annual estimate,067
La Plata,1986,30790.0,sdo annual estimate,067
La Plata,1987,30916.0,sdo annual estimate,067
La Plata,1988,31179.0,sdo annual estimate,067
La Plata,1989,31809.0,sdo annual estimate,067
La Plata,1990,32284.0,sdo annual estimate,067
La Plata,1991,33411.0,sdo annual estimate,067
La Plata,1992,34429.0,sdo annual estimate,067
La Plata,1993,35598.0,sdo annual estimate,067
La Plata,1994,36906.0,sdo annual estimate,067
La Plata,1995,38760.0,sdo annual estimate,067
La Plata,1996,39704.0,sdo annual estimate,067
La Plata,1997,40318.0,sdo annual estimate,067
La Plata,1998,41173.0,sdo annual estimate,067
La Plata,1999,42757.0,sdo annual estimate,067
La Plata,2000,44578.0,sdo annual estimate,067
La Plata,2001,45645.0,sdo annual estimate,067
La Plata,2002,46089.0,sdo annual estimate,067
La Plata,2003,46447.0,sdo annual estimate,067
La Plata,2004,46926.0,sdo annual estimate,067
La Plata,2005,47713.0,sdo annual estimate,067
La Plata,2006,48408.0,sdo annual estimate,067
La Plata,2007,49146.0,sdo annual estimate,067
La Plata,2008,50073.0,sdo annual estimate,067
La Plata,2009,50759.0,sdo annual estimate,067
La Plata,2010,51441.0,sdo annual estimate,067
La Plata,2011,51803.0,sdo annual estimate,067
La Plata,2012,52314.0,sdo annual estimate,067
La Plata,2013,53146.0,sdo annual estimate,067
La Plata,2014,53557.0,sdo annual estimate,067
La Plata,2015,54300.0,sdo annual estimate,067
La Plata,2016,54884.0,sdo annual estimate,067
La Plata,2017,55034.0,sdo annual estimate,067
La Plata,2018,55731.0,sdo annual estimate,067
La Plata,2019,55509.0,sdo annual estimate,067
La Plata,2020,55673.0,sdo annual estimate,067
La Plata,2021,56179.0,sdo annual estimate,067
La Plata,2022,56571.0,sdo annual estimate,067
La Plata,2023,56421.0,sdo annual estimate,067
La Plata,2024,56841.0,sdo annual estimate,067
Lake,1870,522.0,decennial census,065
Lake,1880,23563.0,decennial census,065
Lake,1890,14663.0,decennial census,065
Lake,1900,18054.0,decennial census,065
Lake,1910,10600.0,decennial census,065
Lake,1920,6630.0,decennial census,065
Lake,1930,4899.0,decennial census,065
Lake,1940,6883.0,decennial census,065
Lake,1950,6150.0,decennial census,065
Lake,1960,7101.0,decennial census,065
Lake,1970,8282.0,decennial census,065
Lake,1980,8830.0,sdo annual estimate,065
Lake,1981,8979.0,sdo annual estimate,065
Lake,1982,8425.0,sdo annual estimate,065
Lake,1983,7657.0,sdo annual estimate,065
Lake,1984,7163.0,sdo annual estimate,065
Lake,1985,6789.0,sdo annual estimate,065
Lake,1986,6450.0,sdo annual estimate,065
Lake,1987,6045.0,sdo annual estimate,065
Lake,1988,5750.0,sdo annual estimate,065
Lake,1989,5896.0,sdo annual estimate,065
Lake,1990,6007.0,sdo annual estimate,065
Lake,1991,6141.0,sdo annual estimate,065
Lake,1992,6209.0,sdo annual estimate,065
Lake,1993,6271.0,sdo annual estimate,065
Lake,1994,6380.0,sdo annual estimate,065
Lake,1995,7143.0,sdo annual estimate,065
Lake,1996,7554.0,sdo annual estimate,065
Lake,1997,7860.0,sdo annual estimate,065
Lake,1998,7835.0,sdo annual estimate,065
Lake,1999,7822.0,sdo annual estimate,065
Lake,2000,7940.0,sdo annual estimate,065
Lake,2001,7821.0,sdo annual estimate,065
Lake,2002,7726.0,sdo annual estimate,065
Lake,2003,7520.0,sdo annual estimate,065
Lake,2004,7416.0,sdo annual estimate,065
Lake,2005,7284.0,sdo annual estimate,065
Lake,2006,7217.0,sdo annual estimate,065
Lake,2007,7271.0,sdo annual estimate,065
Lake,2008,7269.0,sdo annual estimate,065
Lake,2009,7174.0,sdo annual estimate,065
Lake,2010,7282.0,sdo annual estimate,065
Lake,2011,7242.0,sdo annual estimate,065
Lake,2012,7103.0,sdo annual estimate,065
Lake,2013,7071.0,sdo annual estimate,065
Lake,2014,7085.0,sdo annual estimate,065
Lake,2015,7159.0,sdo annual estimate,065
Lake,2016,7246.0,sdo annual estimate,065
Lake,2017,7352.0,sdo annual estimate,065
Lake,2018,7332.0,sdo annual estimate,065
Lake,2019,7555.0,sdo annual estimate,065
Lake,2020,7413.0,sdo annual estimate,065
Lake,2021,7400.0,sdo annual estimate,065
Lake,2022,7353.0,sdo annual estimate,065
Lake,2023,7366.0,sdo annual estimate,065
Lake,2024,7353.0,sdo annual estimate,065
Larimer,1870,838.0,decennial census,069
Larimer,1880,4892.0,decennial census,069
Larimer,1890,9712.0,decennial census,069
Larimer,1900,13168.0,decennial census,069
Larimer,1910,25270.0,decennial census,069
Larimer,1920,27872.0,decennial census,069
Larimer,1930,33137.0,decennial census,069
Larimer,1940,35539.0,decennial census,069
Larimer,1950,43554.0,decennial census,069
Larimer,1960,53343.0,decennial census,069
Larimer,1970,89900.0,decennial census,069
Larimer,1980,149184.0,sdo annual estimate,069
Larimer,1981,153793.0,sdo annual estimate,069
Larimer,1982,158719.0,sdo annual estimate,069
Larimer,1983,162804.0,sdo annual estimate,069
Larimer,1984,166500.0,sdo annual estimate,069
Larimer,1985,170724.0,sdo annual estimate,069
Larimer,1986,174980.0,sdo annual estimate,069
Larimer,1987,178151.0,sdo annual estimate,069
Larimer,1988,180220.0,sdo annual estimate,069
Larimer,1989,183598.0,sdo annual estimate,069
Larimer,1990,186136.0,sdo annual estimate,069
Larimer,1991,193542.0,sdo annual estimate,069
Larimer,1992,199666.0,sdo annual estimate,069
Larimer,1993,206844.0,sdo annual estimate,069
Larimer,1994,214936.0,sdo annual estimate,069
Larimer,1995,221622.0,sdo annual estimate,069
Larimer,1996,227248.0,sdo annual estimate,069
Larimer,1997,232796.0,sdo annual estimate,069
Larimer,1998,239080.0,sdo annual estimate,069
Larimer,1999,246156.0,sdo annual estimate,069
Larimer,2000,253088.0,sdo annual estimate,069
Larimer,2001,260911.0,sdo annual estimate,069
Larimer,2002,266171.0,sdo annual estimate,069
Larimer,2003,268146.0,sdo annual estimate,069
Larimer,2004,273269.0,sdo annual estimate,069
Larimer,2005,275873.0,sdo annual estimate,069
Larimer,2006,281027.0,sdo annual estimate,069
Larimer,2007,286754.0,sdo annual estimate,069
Larimer,2008,292394.0,sdo annual estimate,069
Larimer,2009,297502.0,sdo annual estimate,069
Larimer,2010,300532.0,sdo annual estimate,069
Larimer,2011,305342.0,sdo annual estimate,069
Larimer,2012,310952.0,sdo annual estimate,069
Larimer,2013,316337.0,sdo annual estimate,069
Larimer,2014,324123.0,sdo annual estimate,069
Larimer,2015,333445.0,sdo annual estimate,069
Larimer,2016,339128.0,sdo annual estimate,069
Larimer,2017,344187.0,sdo annual estimate,069
Larimer,2018,350661.0,sdo annual estimate,069
Larimer,2019,356800.0,sdo annual estimate,069
Larimer,2020,359957.0,sdo annual estimate,069
Larimer,2021,362836.0,sdo annual estimate,069
Larimer,2022,368062.0,sdo annual estimate,069
Larimer,2023,371450.0,sdo annual estimate,069
Larimer,2024,374387.0,sdo annual estimate,069
Las Animas,1870,4276.0,decennial census,071
Las Animas,1880,8903.0,decennial census,071
Las Animas,1890,17208.0,decennial census,071
Las Animas,1900,21842.0,decennial census,071
Las Animas,1910,33643.0,decennial census,071
Las Animas,1920,38975.0,decennial census,071
Las Animas,1930,36008.0,decennial census,071
Las Animas,1940,32369.0,decennial census,071
Las Animas,1950,25902.0,decennial census,071
Las Animas,1960,19983.0,decennial census,071
Las Animas,1970,15744.0,decennial census,071
Las Animas,1980,14897.0,sdo annual estimate,071
Las Animas,1981,15123.0,sdo annual estimate,071
Las Animas,1982,15160.0,sdo annual estimate,071
Las Animas,1983,15135.0,sdo annual estimate,071
Las Animas,1984,14714.0,sdo annual estimate,071
Las Animas,1985,14241.0,sdo annual estimate,071
Las Animas,1986,14113.0,sdo annual estimate,071
Las Animas,1987,14397.0,sdo annual estimate,071
Las Animas,1988,14222.0,sdo annual estimate,071
Las Animas,1989,13960.0,sdo annual estimate,071
Las Animas,1990,13765.0,sdo annual estimate,071
Las Animas,1991,13816.0,sdo annual estimate,071
Las Animas,1992,14029.0,sdo annual estimate,071
Las Animas,1993,14212.0,sdo annual estimate,071
Las Animas,1994,14754.0,sdo annual estimate,071
Las Animas,1995,14909.0,sdo annual estimate,071
Las Animas,1996,14967.0,sdo annual estimate,071
Las Animas,1997,15045.0,sdo annual estimate,071
Las Animas,1998,15054.0,sdo annual estimate,071
Las Animas,1999,15142.0,sdo annual estimate,071
Las Animas,2000,15286.0,sdo annual estimate,071
Las Animas,2001,15310.0,sdo annual estimate,071
Las Animas,2002,15659.0,sdo annual estimate,071
Las Animas,2003,16089.0,sdo annual estimate,071
Las Animas,2004,15700.0,sdo annual estimate,071
Las Animas,2005,15570.0,sdo annual estimate,071
Las Animas,2006,15552.0,sdo annual estimate,071
Las Animas,2007,15525.0,sdo annual estimate,071
Las Animas,2008,15486.0,sdo annual estimate,071
Las Animas,2009,15477.0,sdo annual estimate,071
Las Animas,2010,15407.0,sdo annual estimate,071
Las Animas,2011,15325.0,sdo annual estimate,071
Las Animas,2012,15245.0,sdo annual estimate,071
Las Animas,2013,15172.0,sdo annual estimate,071
Las Animas,2014,15086.0,sdo annual estimate,071
Las Animas,2015,14997.0,sdo annual estimate,071
Las Animas,2016,14906.0,sdo annual estimate,071
Las Animas,2017,14817.0,sdo annual estimate,071
Las Animas,2018,14729.0,sdo annual estimate,071
Las Animas,2019,14644.0,sdo annual estimate,071
Las Animas,2020,14491.0,sdo annual estimate,071
Las Animas,2021,14333.0,sdo annual estimate,071
Las Animas,2022,14308.0,sdo annual estimate,071
Las Animas,2023,14419.0,sdo annual estimate,071
Las Animas,2024,14565.0,sdo annual estimate,071
Lincoln,1870,0.0,decennial census,073
Lincoln,1880,0.0,decennial census,073
Lincoln,1890,689.0,decennial census,073
Lincoln,1900,926.0,decennial census,073
Lincoln,1910,5917.0,decennial census,073
Lincoln,1920,8273.0,decennial census,073
Lincoln,1930,7850.0,decennial census,073
Lincoln,1940,5882.0,decennial census,073
Lincoln,1950,5909.0,decennial census,073
Lincoln,1960,5310.0,decennial census,073
Lincoln,1970,4836.0,decennial census,073
Lincoln,1980,4663.0,sdo annual estimate,073
Lincoln,1981,4508.0,sdo annual estimate,073
Lincoln,1982,4495.0,sdo annual estimate,073
Lincoln,1983,4558.0,sdo annual estimate,073
Lincoln,1984,4465.0,sdo annual estimate,073
Lincoln,1985,4588.0,sdo annual estimate,073
Lincoln,1986,4431.0,sdo annual estimate,073
Lincoln,1987,4442.0,sdo annual estimate,073
Lincoln,1988,4577.0,sdo annual estimate,073
Lincoln,1989,4549.0,sdo annual estimate,073
Lincoln,1990,4529.0,sdo annual estimate,073
Lincoln,1991,5430.0,sdo annual estimate,073
Lincoln,1992,5975.0,sdo annual estimate,073
Lincoln,1993,5878.0,sdo annual estimate,073
Lincoln,1994,5939.0,sdo annual estimate,073
Lincoln,1995,5983.0,sdo annual estimate,073
Lincoln,1996,6112.0,sdo annual estimate,073
Lincoln,1997,6094.0,sdo annual estimate,073
Lincoln,1998,6107.0,sdo annual estimate,073
Lincoln,1999,6096.0,sdo annual estimate,073
Lincoln,2000,6163.0,sdo annual estimate,073
Lincoln,2001,6076.0,sdo annual estimate,073
Lincoln,2002,6047.0,sdo annual estimate,073
Lincoln,2003,6052.0,sdo annual estimate,073
Lincoln,2004,5907.0,sdo annual estimate,073
Lincoln,2005,5787.0,sdo annual estimate,073
Lincoln,2006,5665.0,sdo annual estimate,073
Lincoln,2007,5571.0,sdo annual estimate,073
Lincoln,2008,5522.0,sdo annual estimate,073
Lincoln,2009,5463.0,sdo annual estimate,073
Lincoln,2010,5474.0,sdo annual estimate,073
Lincoln,2011,5488.0,sdo annual estimate,073
Lincoln,2012,5503.0,sdo annual estimate,073
Lincoln,2013,5522.0,sdo annual estimate,073
Lincoln,2014,5538.0,sdo annual estimate,073
Lincoln,2015,5553.0,sdo annual estimate,073
Lincoln,2016,5573.0,sdo annual estimate,073
Lincoln,2017,5591.0,sdo annual estimate,073
Lincoln,2018,5621.0,sdo annual estimate,073
Lincoln,2019,5642.0,sdo annual estimate,073
Lincoln,2020,5662.0,sdo annual estimate,073
Lincoln,2021,5476.0,sdo annual estimate,073
Lincoln,2022,5522.0,sdo annual estimate,073
Lincoln,2023,5501.0,sdo annual estimate,073
Lincoln,2024,5575.0,sdo annual estimate,073
Logan,1870,0.0,decennial census,075
Logan,1880,0.0,decennial census,075
Logan,1890,3070.0,decennial census,075
Logan,1900,3292.0,decennial census,075
Logan,1910,9549.0,decennial census,075
Logan,1920,18427.0,decennial census,075
Logan,1930,19946.0,decennial census,075
Logan,1940,18370.0,decennial census,075
Logan,1950,17187.0,decennial census,075
Logan,1960,20302.0,decennial census,075
Logan,1970,18852.0,decennial census,075
Logan,1980,19800.0,sdo annual estimate,075
Logan,1981,19780.0,sdo annual estimate,075
Logan,1982,19649.0,sdo annual estimate,075
Logan,1983,19787.0,sdo annual estimate,075
Logan,1984,19382.0,sdo annual estimate,075
Logan,1985,19063.0,sdo annual estimate,075
Logan,1986,18167.0,sdo annual estimate,075
Logan,1987,17740.0,sdo annual estimate,075
Logan,1988,17932.0,sdo annual estimate,075
Logan,1989,17725.0,sdo annual estimate,075
Logan,1990,17567.0,sdo annual estimate,075
Logan,1991,17503.0,sdo annual estimate,075
Logan,1992,17562.0,sdo annual estimate,075
Logan,1993,17959.0,sdo annual estimate,075
Logan,1994,18828.0,sdo annual estimate,075
Logan,1995,19368.0,sdo annual estimate,075
Logan,1996,19661.0,sdo annual estimate,075
Logan,1997,20008.0,sdo annual estimate,075
Logan,1998,20003.0,sdo annual estimate,075
Logan,1999,20289.0,sdo annual estimate,075
Logan,2000,20655.0,sdo annual estimate,075
Logan,2001,22354.0,sdo annual estimate,075
Logan,2002,22095.0,sdo annual estimate,075
Logan,2003,22371.0,sdo annual estimate,075
Logan,2004,22181.0,sdo annual estimate,075
Logan,2005,22088.0,sdo annual estimate,075
Logan,2006,22267.0,sdo annual estimate,075
Logan,2007,22403.0,sdo annual estimate,075
Logan,2008,22324.0,sdo annual estimate,075
Logan,2009,22517.0,sdo annual estimate,075
Logan,2010,22293.0,sdo annual estimate,075
Logan,2011,22210.0,sdo annual estimate,075
Logan,2012,22131.0,sdo annual estimate,075
Logan,2013,22056.0,sdo annual estimate,075
Logan,2014,21964.0,sdo annual estimate,075
Logan,2015,21873.0,sdo annual estimate,075
Logan,2016,21772.0,sdo annual estimate,075
Logan,2017,21691.0,sdo annual estimate,075
Logan,2018,21611.0,sdo annual estimate,075
Logan,2019,21504.0,sdo annual estimate,075
Logan,2020,21205.0,sdo annual estimate,075
Logan,2021,20997.0,sdo annual estimate,075
Logan,2022,20816.0,sdo annual estimate,075
Logan,2023,20624.0,sdo annual estimate,075
Logan,2024,20756.0,sdo annual estimate,075
Mesa,1870,0.0,decennial census,077
Mesa,1880,0.0,decennial census,077
Mesa,1890,4260.0,decennial census,077
Mesa,1900,9267.0,decennial census,077
Mesa,1910,22197.0,decennial census,077
Mesa,1920,22281.0,decennial census,077
Mesa,1930,25908.0,decennial census,077
Mesa,1940,33791.0,decennial census,077
Mesa,1950,38974.0,decennial census,077
Mesa,1960,50715.0,decennial census,077
Mesa,1970,54374.0,decennial census,077
Mesa,1980,81530.0,sdo annual estimate,077
Mesa,1981,87073.0,sdo annual estimate,077
Mesa,1982,93831.0,sdo annual estimate,077
Mesa,1983,96675.0,sdo annual estimate,077
Mesa,1984,93474.0,sdo annual estimate,077
Mesa,1985,88021.0,sdo annual estimate,077
Mesa,1986,85562.0,sdo annual estimate,077
Mesa,1987,85559.0,sdo annual estimate,077
Mesa,1988,87288.0,sdo annual estimate,077
Mesa,1989,90593.0,sdo annual estimate,077
Mesa,1990,93145.0,sdo annual estimate,077
Mesa,1991,95992.0,sdo annual estimate,077
Mesa,1992,97411.0,sdo annual estimate,077
Mesa,1993,99903.0,sdo annual estimate,077
Mesa,1994,102767.0,sdo annual estimate,077
Mesa,1995,105406.0,sdo annual estimate,077
Mesa,1996,107529.0,sdo annual estimate,077
Mesa,1997,109762.0,sdo annual estimate,077
Mesa,1998,112327.0,sdo annual estimate,077
Mesa,1999,114573.0,sdo annual estimate,077
Mesa,2000,117651.0,sdo annual estimate,077
Mesa,2001,119864.0,sdo annual estimate,077
Mesa,2002,121787.0,sdo annual estimate,077
Mesa,2003,124152.0,sdo annual estimate,077
Mesa,2004,126626.0,sdo annual estimate,077
Mesa,2005,128999.0,sdo annual estimate,077
Mesa,2006,133128.0,sdo annual estimate,077
Mesa,2007,137390.0,sdo annual estimate,077
Mesa,2008,140680.0,sdo annual estimate,077
Mesa,2009,144795.0,sdo annual estimate,077
Mesa,2010,147155.0,sdo annual estimate,077
Mesa,2011,147957.0,sdo annual estimate,077
Mesa,2012,147939.0,sdo annual estimate,077
Mesa,2013,147926.0,sdo annual estimate,077
Mesa,2014,147876.0,sdo annual estimate,077
Mesa,2015,148774.0,sdo annual estimate,077
Mesa,2016,150346.0,sdo annual estimate,077
Mesa,2017,152148.0,sdo annual estimate,077
Mesa,2018,154047.0,sdo annual estimate,077
Mesa,2019,155108.0,sdo annual estimate,077
Mesa,2020,156010.0,sdo annual estimate,077
Mesa,2021,157465.0,sdo annual estimate,077
Mesa,2022,158596.0,sdo annual estimate,077
Mesa,2023,159701.0,sdo annual estimate,077
Mesa,2024,161196.0,sdo annual estimate,077
Mineral,1870,0.0,decennial census,079
Mineral,1880,0.0,decennial census,079
Mineral,1890,0.0,decennial census,079
Mineral,1900,1913.0,decennial census,079
Mineral,1910,1239.0,decennial census,079
Mineral,1920,779.0,decennial census,079
Mineral,1930,640.0,decennial census,079
Mineral,1940,975.0,decennial census,079
Mineral,1950,698.0,decennial census,079
Mineral,1960,424.0,decennial census,079
Mineral,1970,786.0,decennial census,079
Mineral,1980,804.0,sdo annual estimate,079
Mineral,1981,910.0,sdo annual estimate,079
Mineral,1982,864.0,sdo annual estimate,079
Mineral,1983,877.0,sdo annual estimate,079
Mineral,1984,867.0,sdo annual estimate,079
Mineral,1985,836.0,sdo annual estimate,079
Mineral,1986,771.0,sdo annual estimate,079
Mineral,1987,738.0,sdo annual estimate,079
Mineral,1988,689.0,sdo annual estimate,079
Mineral,1989,611.0,sdo annual estimate,079
Mineral,1990,558.0,sdo annual estimate,079
Mineral,1991,570.0,sdo annual estimate,079
Mineral,1992,590.0,sdo annual estimate,079
Mineral,1993,600.0,sdo annual estimate,079
Mineral,1994,646.0,sdo annual estimate,079
Mineral,1995,674.0,sdo annual estimate,079
Mineral,1996,724.0,sdo annual estimate,079
Mineral,1997,744.0,sdo annual estimate,079
Mineral,1998,772.0,sdo annual estimate,079
Mineral,1999,806.0,sdo annual estimate,079
Mineral,2000,837.0,sdo annual estimate,079
Mineral,2001,820.0,sdo annual estimate,079
Mineral,2002,805.0,sdo annual estimate,079
Mineral,2003,830.0,sdo annual estimate,079
Mineral,2004,842.0,sdo annual estimate,079
Mineral,2005,806.0,sdo annual estimate,079
Mineral,2006,789.0,sdo annual estimate,079
Mineral,2007,803.0,sdo annual estimate,079
Mineral,2008,767.0,sdo annual estimate,079
Mineral,2009,714.0,sdo annual estimate,079
Mineral,2010,705.0,sdo annual estimate,079
Mineral,2011,712.0,sdo annual estimate,079
Mineral,2012,723.0,sdo annual estimate,079
Mineral,2013,734.0,sdo annual estimate,079
Mineral,2014,747.0,sdo annual estimate,079
Mineral,2015,755.0,sdo annual estimate,079
Mineral,2016,770.0,sdo annual estimate,079
Mineral,2017,788.0,sdo annual estimate,079
Mineral,2018,811.0,sdo annual estimate,079
Mineral,2019,834.0,sdo annual estimate,079
Mineral,2020,871.0,sdo annual estimate,079
Mineral,2021,926.0,sdo annual estimate,079
Mineral,2022,924.0,sdo annual estimate,079
Mineral,2023,934.0,sdo annual estimate,079
Mineral,2024,934.0,sdo annual estimate,079
Moffat,1870,0.0,decennial census,081
Moffat,1880,0.0,decennial census,081
Moffat,1890,0.0,decennial census,081
Moffat,1900,0.0,decennial census,081
Moffat,1910,0.0,decennial census,081
Moffat,1920,5129.0,decennial census,081
Moffat,1930,4861.0,decennial census,081
Moffat,1940,5086.0,decennial census,081
Moffat,1950,5946.0,decennial census,081
Moffat,1960,7061.0,decennial census,081
Moffat,1970,6525.0,decennial census,081
Moffat,1980,13133.0,sdo annual estimate,081
Moffat,1981,13665.0,sdo annual estimate,081
Moffat,1982,14887.0,sdo annual estimate,081
Moffat,1983,15622.0,sdo annual estimate,081
Moffat,1984,14412.0,sdo annual estimate,081
Moffat,1985,13286.0,sdo annual estimate,081
Moffat,1986,12679.0,sdo annual estimate,081
Moffat,1987,11886.0,sdo annual estimate,081
Moffat,1988,11754.0,sdo annual estimate,081
Moffat,1989,11526.0,sdo annual estimate,081
Moffat,1990,11357.0,sdo annual estimate,081
Moffat,1991,11449.0,sdo annual estimate,081
Moffat,1992,11692.0,sdo annual estimate,081
Moffat,1993,11797.0,sdo annual estimate,081
Moffat,1994,11996.0,sdo annual estimate,081
Moffat,1995,12187.0,sdo annual estimate,081
Moffat,1996,12291.0,sdo annual estimate,081
Moffat,1997,12572.0,sdo annual estimate,081
Moffat,1998,12812.0,sdo annual estimate,081
Moffat,1999,13025.0,sdo annual estimate,081
Moffat,2000,13182.0,sdo annual estimate,081
Moffat,2001,13089.0,sdo annual estimate,081
Moffat,2002,13134.0,sdo annual estimate,081
Moffat,2003,13054.0,sdo annual estimate,081
Moffat,2004,13063.0,sdo annual estimate,081
Moffat,2005,12965.0,sdo annual estimate,081
Moffat,2006,13102.0,sdo annual estimate,081
Moffat,2007,13270.0,sdo annual estimate,081
Moffat,2008,13446.0,sdo annual estimate,081
Moffat,2009,13544.0,sdo annual estimate,081
Moffat,2010,13806.0,sdo annual estimate,081
Moffat,2011,13452.0,sdo annual estimate,081
Moffat,2012,13216.0,sdo annual estimate,081
Moffat,2013,13187.0,sdo annual estimate,081
Moffat,2014,13016.0,sdo annual estimate,081
Moffat,2015,13038.0,sdo annual estimate,081
Moffat,2016,13266.0,sdo annual estimate,081
Moffat,2017,13223.0,sdo annual estimate,081
Moffat,2018,13291.0,sdo annual estimate,081
Moffat,2019,13364.0,sdo annual estimate,081
Moffat,2020,13267.0,sdo annual estimate,081
Moffat,2021,13163.0,sdo annual estimate,081
Moffat,2022,13169.0,sdo annual estimate,081
Moffat,2023,13319.0,sdo annual estimate,081
Moffat,2024,13186.0,sdo annual estimate,081
Montezuma,1870,0.0,decennial census,083
Montezuma,1880,0.0,decennial census,083
Montezuma,1890,1529.0,decennial census,083
Montezuma,1900,3058.0,decennial census,083
Montezuma,1910,5029.0,decennial census,083
Montezuma,1920,6260.0,decennial census,083
Montezuma,1930,7798.0,decennial census,083
Montezuma,1940,10463.0,decennial census,083
Montezuma,1950,9991.0,decennial census,083
Montezuma,1960,14024.0,decennial census,083
Montezuma,1970,12952.0,decennial census,083
Montezuma,1980,16510.0,sdo annual estimate,083
Montezuma,1981,17595.0,sdo annual estimate,083
Montezuma,1982,18550.0,sdo annual estimate,083
Montezuma,1983,19609.0,sdo annual estimate,083
Montezuma,1984,19826.0,sdo annual estimate,083
Montezuma,1985,19283.0,sdo annual estimate,083
Montezuma,1986,18835.0,sdo annual estimate,083
Montezuma,1987,18192.0,sdo annual estimate,083
Montezuma,1988,18110.0,sdo annual estimate,083
Montezuma,1989,18432.0,sdo annual estimate,083
Montezuma,1990,18672.0,sdo annual estimate,083
Montezuma,1991,19060.0,sdo annual estimate,083
Montezuma,1992,19651.0,sdo annual estimate,083
Montezuma,1993,20640.0,sdo annual estimate,083
Montezuma,1994,21393.0,sdo annual estimate,083
Montezuma,1995,22159.0,sdo annual estimate,083
Montezuma,1996,22650.0,sdo annual estimate,083
Montezuma,1997,22973.0,sdo annual estimate,083
Montezuma,1998,23117.0,sdo annual estimate,083
Montezuma,1999,23524.0,sdo annual estimate,083
Montezuma,2000,23852.0,sdo annual estimate,083
Montezuma,2001,23873.0,sdo annual estimate,083
Montezuma,2002,24109.0,sdo annual estimate,083
Montezuma,2003,24378.0,sdo annual estimate,083
Montezuma,2004,24607.0,sdo annual estimate,083
Montezuma,2005,24603.0,sdo annual estimate,083
Montezuma,2006,25017.0,sdo annual estimate,083
Montezuma,2007,25177.0,sdo annual estimate,083
Montezuma,2008,25200.0,sdo annual estimate,083
Montezuma,2009,25365.0,sdo annual estimate,083
Montezuma,2010,25532.0,sdo annual estimate,083
Montezuma,2011,25519.0,sdo annual estimate,083
Montezuma,2012,25501.0,sdo annual estimate,083
Montezuma,2013,25485.0,sdo annual estimate,083
Montezuma,2014,25464.0,sdo annual estimate,083
Montezuma,2015,25522.0,sdo annual estimate,083
Montezuma,2016,25543.0,sdo annual estimate,083
Montezuma,2017,25556.0,sdo annual estimate,083
Montezuma,2018,25612.0,sdo annual estimate,083
Montezuma,2019,25732.0,sdo annual estimate,083
Montezuma,2020,25891.0,sdo annual estimate,083
Montezuma,2021,26256.0,sdo annual estimate,083
Montezuma,2022,26511.0,sdo annual estimate,083
Montezuma,2023,26641.0,sdo annual estimate,083
Montezuma,2024,26861.0,sdo annual estimate,083
Montrose,1870,0.0,decennial census,085
Montrose,1880,0.0,decennial census,085
Montrose,1890,3980.0,decennial census,085
Montrose,1900,4535.0,decennial census,085
Montrose,1910,10291.0,decennial census,085
Montrose,1920,11852.0,decennial census,085
Montrose,1930,11742.0,decennial census,085
Montrose,1940,15418.0,decennial census,085
Montrose,1950,15220.0,decennial census,085
Montrose,1960,18286.0,decennial census,085
Montrose,1970,18366.0,decennial census,085
Montrose,1980,24352.0,sdo annual estimate,085
Montrose,1981,25031.0,sdo annual estimate,085
Montrose,1982,25245.0,sdo annual estimate,085
Montrose,1983,25543.0,sdo annual estimate,085
Montrose,1984,24943.0,sdo annual estimate,085
Montrose,1985,24389.0,sdo annual estimate,085
Montrose,1986,23833.0,sdo annual estimate,085
Montrose,1987,23822.0,sdo annual estimate,085
Montrose,1988,24087.0,sdo annual estimate,085
Montrose,1989,24281.0,sdo annual estimate,085
Montrose,1990,24423.0,sdo annual estimate,085
Montrose,1991,25275.0,sdo annual estimate,085
Montrose,1992,26223.0,sdo annual estimate,085
Montrose,1993,27287.0,sdo annual estimate,085
Montrose,1994,28502.0,sdo annual estimate,085
Montrose,1995,29670.0,sdo annual estimate,085
Montrose,1996,30487.0,sdo annual estimate,085
Montrose,1997,31252.0,sdo annual estimate,085
Montrose,1998,31837.0,sdo annual estimate,085
Montrose,1999,32748.0,sdo annual estimate,085
Montrose,2000,33577.0,sdo annual estimate,085
Montrose,2001,34442.0,sdo annual estimate,085
Montrose,2002,34926.0,sdo annual estimate,085
Montrose,2003,35640.0,sdo annual estimate,085
Montrose,2004,36131.0,sdo annual estimate,085
Montrose,2005,36997.0,sdo annual estimate,085
Montrose,2006,37968.0,sdo annual estimate,085
Montrose,2007,39131.0,sdo annual estimate,085
Montrose,2008,39952.0,sdo annual estimate,085
Montrose,2009,40680.0,sdo annual estimate,085
Montrose,2010,41188.0,sdo annual estimate,085
Montrose,2011,41260.0,sdo annual estimate,085
Montrose,2012,41303.0,sdo annual estimate,085
Montrose,2013,41331.0,sdo annual estimate,085
Montrose,2014,41388.0,sdo annual estimate,085
Montrose,2015,41457.0,sdo annual estimate,085
Montrose,2016,41594.0,sdo annual estimate,085
Montrose,2017,41768.0,sdo annual estimate,085
Montrose,2018,42084.0,sdo annual estimate,085
Montrose,2019,42500.0,sdo annual estimate,085
Montrose,2020,42814.0,sdo annual estimate,085
Montrose,2021,43242.0,sdo annual estimate,085
Montrose,2022,43847.0,sdo annual estimate,085
Montrose,2023,44287.0,sdo annual estimate,085
Montrose,2024,44748.0,sdo annual estimate,085
Morgan,1870,0.0,decennial census,087
Morgan,1880,0.0,decennial census,087
Morgan,1890,1601.0,decennial census,087
Morgan,1900,3268.0,decennial census,087
Morgan,1910,9577.0,decennial census,087
Morgan,1920,16124.0,decennial census,087
Morgan,1930,18284.0,decennial census,087
Morgan,1940,17214.0,decennial census,087
Morgan,1950,18074.0,decennial census,087
Morgan,1960,21192.0,decennial census,087
Morgan,1970,20105.0,decennial census,087
Morgan,1980,22513.0,sdo annual estimate,087
Morgan,1981,22435.0,sdo annual estimate,087
Morgan,1982,22700.0,sdo annual estimate,087
Morgan,1983,23286.0,sdo annual estimate,087
Morgan,1984,22827.0,sdo annual estimate,087
Morgan,1985,22431.0,sdo annual estimate,087
Morgan,1986,21508.0,sdo annual estimate,087
Morgan,1987,21678.0,sdo annual estimate,087
Morgan,1988,21831.0,sdo annual estimate,087
Morgan,1989,21895.0,sdo annual estimate,087
Morgan,1990,21939.0,sdo annual estimate,087
Morgan,1991,22703.0,sdo annual estimate,087
Morgan,1992,23482.0,sdo annual estimate,087
Morgan,1993,24241.0,sdo annual estimate,087
Morgan,1994,25088.0,sdo annual estimate,087
Morgan,1995,25362.0,sdo annual estimate,087
Morgan,1996,26042.0,sdo annual estimate,087
Morgan,1997,26647.0,sdo annual estimate,087
Morgan,1998,26662.0,sdo annual estimate,087
Morgan,1999,26953.0,sdo annual estimate,087
Morgan,2000,27251.0,sdo annual estimate,087
Morgan,2001,27475.0,sdo annual estimate,087
Morgan,2002,27662.0,sdo annual estimate,087
Morgan,2003,27855.0,sdo annual estimate,087
Morgan,2004,27912.0,sdo annual estimate,087
Morgan,2005,27947.0,sdo annual estimate,087
Morgan,2006,27983.0,sdo annual estimate,087
Morgan,2007,27848.0,sdo annual estimate,087
Morgan,2008,27746.0,sdo annual estimate,087
Morgan,2009,28026.0,sdo annual estimate,087
Morgan,2010,28196.0,sdo annual estimate,087
Morgan,2011,28430.0,sdo annual estimate,087
Morgan,2012,28247.0,sdo annual estimate,087
Morgan,2013,28249.0,sdo annual estimate,087
Morgan,2014,28162.0,sdo annual estimate,087
Morgan,2015,28335.0,sdo annual estimate,087
Morgan,2016,28294.0,sdo annual estimate,087
Morgan,2017,28425.0,sdo annual estimate,087
Morgan,2018,28933.0,sdo annual estimate,087
Morgan,2019,29131.0,sdo annual estimate,087
Morgan,2020,29082.0,sdo annual estimate,087
Morgan,2021,29017.0,sdo annual estimate,087
Morgan,2022,29396.0,sdo annual estimate,087
Morgan,2023,29795.0,sdo annual estimate,087
Morgan,2024,30302.0,sdo annual estimate,087
Otero,1870,0.0,decennial census,089
Otero,1880,0.0,decennial census,089
Otero,1890,4192.0,decennial census,089
Otero,1900,11522.0,decennial census,089
Otero,1910,20201.0,decennial census,089
Otero,1920,22623.0,decennial census,089
Otero,1930,24390.0,decennial census,089
Otero,1940,23571.0,decennial census,089
Otero,1950,25275.0,decennial census,089
Otero,1960,24128.0,decennial census,089
Otero,1970,23523.0,decennial census,089
Otero,1980,22567.0,sdo annual estimate,089
Otero,1981,22523.0,sdo annual estimate,089
Otero,1982,22355.0,sdo annual estimate,089
Otero,1983,22291.0,sdo annual estimate,089
Otero,1984,21815.0,sdo annual estimate,089
Otero,1985,21760.0,sdo annual estimate,089
Otero,1986,21457.0,sdo annual estimate,089
Otero,1987,20914.0,sdo annual estimate,089
Otero,1988,20845.0,sdo annual estimate,089
Otero,1989,20468.0,sdo annual estimate,089
Otero,1990,20185.0,sdo annual estimate,089
Otero,1991,20373.0,sdo annual estimate,089
Otero,1992,20294.0,sdo annual estimate,089
Otero,1993,20435.0,sdo annual estimate,089
Otero,1994,20490.0,sdo annual estimate,089
Otero,1995,20695.0,sdo annual estimate,089
Otero,1996,20747.0,sdo annual estimate,089
Otero,1997,20767.0,sdo annual estimate,089
Otero,1998,20516.0,sdo annual estimate,089
Otero,1999,20399.0,sdo annual estimate,089
Otero,2000,20243.0,sdo annual estimate,089
Otero,2001,19900.0,sdo annual estimate,089
Otero,2002,19624.0,sdo annual estimate,089
Otero,2003,19667.0,sdo annual estimate,089
Otero,2004,19561.0,sdo annual estimate,089
Otero,2005,19370.0,sdo annual estimate,089
Otero,2006,19193.0,sdo annual estimate,089
Otero,2007,18937.0,sdo annual estimate,089
Otero,2008,18853.0,sdo annual estimate,089
Otero,2009,18844.0,sdo annual estimate,089
Otero,2010,18838.0,sdo annual estimate,089
Otero,2011,18831.0,sdo annual estimate,089
Otero,2012,18815.0,sdo annual estimate,089
Otero,2013,18799.0,sdo annual estimate,089
Otero,2014,18779.0,sdo annual estimate,089
Otero,2015,18817.0,sdo annual estimate,089
Otero,2016,18797.0,sdo annual estimate,089
Otero,2017,18763.0,sdo annual estimate,089
Otero,2018,18756.0,sdo annual estimate,089
Otero,2019,18734.0,sdo annual estimate,089
Otero,2020,18670.0,sdo annual estimate,089
Otero,2021,18527.0,sdo annual estimate,089
Otero,2022,18277.0,sdo annual estimate,089
Otero,2023,18142.0,sdo annual estimate,089
Otero,2024,17916.0,sdo annual estimate,089
Ouray,1870,0.0,decennial census,091
Ouray,1880,2669.0,decennial census,091
Ouray,1890,6510.0,decennial census,091
Ouray,1900,4731.0,decennial census,091
Ouray,1910,3514.0,decennial census,091
Ouray,1920,2620.0,decennial census,091
Ouray,1930,1784.0,decennial census,091
Ouray,1940,2089.0,decennial census,091
Ouray,1950,2103.0,decennial census,091
Ouray,1960,1601.0,decennial census,091
Ouray,1970,1546.0,decennial census,091
Ouray,1980,1925.0,sdo annual estimate,091
Ouray,1981,2056.0,sdo annual estimate,091
Ouray,1982,2110.0,sdo annual estimate,091
Ouray,1983,2124.0,sdo annual estimate,091
Ouray,1984,2207.0,sdo annual estimate,091
Ouray,1985,2130.0,sdo annual estimate,091
Ouray,1986,1999.0,sdo annual estimate,091
Ouray,1987,2151.0,sdo annual estimate,091
Ouray,1988,2219.0,sdo annual estimate,091
Ouray,1989,2262.0,sdo annual estimate,091
Ouray,1990,2295.0,sdo annual estimate,091
Ouray,1991,2419.0,sdo annual estimate,091
Ouray,1992,2535.0,sdo annual estimate,091
Ouray,1993,2653.0,sdo annual estimate,091
Ouray,1994,2902.0,sdo annual estimate,091
Ouray,1995,3085.0,sdo annual estimate,091
Ouray,1996,3252.0,sdo annual estimate,091
Ouray,1997,3322.0,sdo annual estimate,091
Ouray,1998,3453.0,sdo annual estimate,091
Ouray,1999,3618.0,sdo annual estimate,091
Ouray,2000,3775.0,sdo annual estimate,091
Ouray,2001,3809.0,sdo annual estimate,091
Ouray,2002,3903.0,sdo annual estimate,091
Ouray,2003,3905.0,sdo annual estimate,091
Ouray,2004,4023.0,sdo annual estimate,091
Ouray,2005,4084.0,sdo annual estimate,091
Ouray,2006,4137.0,sdo annual estimate,091
Ouray,2007,4274.0,sdo annual estimate,091
Ouray,2008,4407.0,sdo annual estimate,091
Ouray,2009,4372.0,sdo annual estimate,091
Ouray,2010,4446.0,sdo annual estimate,091
Ouray,2011,4404.0,sdo annual estimate,091
Ouray,2012,4478.0,sdo annual estimate,091
Ouray,2013,4515.0,sdo annual estimate,091
Ouray,2014,4528.0,sdo annual estimate,091
Ouray,2015,4550.0,sdo annual estimate,091
Ouray,2016,4721.0,sdo annual estimate,091
Ouray,2017,4730.0,sdo annual estimate,091
Ouray,2018,4736.0,sdo annual estimate,091
Ouray,2019,4886.0,sdo annual estimate,091
Ouray,2020,4877.0,sdo annual estimate,091
Ouray,2021,5052.0,sdo annual estimate,091
Ouray,2022,5096.0,sdo annual estimate,091
Ouray,2023,5177.0,sdo annual estimate,091
Ouray,2024,5191.0,sdo annual estimate,091
Park,1870,447.0,decennial census,093
Park,1880,3970.0,decennial census,093
Park,1890,3548.0,decennial census,093
Park,1900,2988.0,decennial census,093
Park,1910,2492.0,decennial census,093
Park,1920,1977.0,decennial census,093
Park,1930,2052.0,decennial census,093
Park,1940,3272.0,decennial census,093
Park,1950,1870.0,decennial census,093
Park,1960,1822.0,decennial census,093
Park,1970,2185.0,decennial census,093
Park,1980,5333.0,sdo annual estimate,093
Park,1981,5975.0,sdo annual estimate,093
Park,1982,6399.0,sdo annual estimate,093
Park,1983,6888.0,sdo annual estimate,093
Park,1984,6747.0,sdo annual estimate,093
Park,1985,6601.0,sdo annual estimate,093
Park,1986,6860.0,sdo annual estimate,093
Park,1987,6937.0,sdo annual estimate,093
Park,1988,6893.0,sdo annual estimate,093
Park,1989,7054.0,sdo annual estimate,093
Park,1990,7174.0,sdo annual estimate,093
Park,1991,7700.0,sdo annual estimate,093
Park,1992,8092.0,sdo annual estimate,093
Park,1993,8581.0,sdo annual estimate,093
Park,1994,9526.0,sdo annual estimate,093
Park,1995,10577.0,sdo annual estimate,093
Park,1996,11377.0,sdo annual estimate,093
Park,1997,12362.0,sdo annual estimate,093
Park,1998,13065.0,sdo annual estimate,093
Park,1999,13900.0,sdo annual estimate,093
Park,2000,14729.0,sdo annual estimate,093
Park,2001,15172.0,sdo annual estimate,093
Park,2002,15417.0,sdo annual estimate,093
Park,2003,15789.0,sdo annual estimate,093
Park,2004,15913.0,sdo annual estimate,093
Park,2005,16061.0,sdo annual estimate,093
Park,2006,16128.0,sdo annual estimate,093
Park,2007,16336.0,sdo annual estimate,093
Park,2008,16278.0,sdo annual estimate,093
Park,2009,15971.0,sdo annual estimate,093
Park,2010,16262.0,sdo annual estimate,093
Park,2011,15896.0,sdo annual estimate,093
Park,2012,15739.0,sdo annual estimate,093
Park,2013,15730.0,sdo annual estimate,093
Park,2014,15778.0,sdo annual estimate,093
Park,2015,15975.0,sdo annual estimate,093
Park,2016,16461.0,sdo annual estimate,093
Park,2017,16866.0,sdo annual estimate,093
Park,2018,17366.0,sdo annual estimate,093
Park,2019,17512.0,sdo annual estimate,093
Park,2020,17419.0,sdo annual estimate,093
Park,2021,17740.0,sdo annual estimate,093
Park,2022,17914.0,sdo annual estimate,093
Park,2023,18124.0,sdo annual estimate,093
Park,2024,18327.0,sdo annual estimate,093
Phillips,1870,0.0,decennial census,095
Phillips,1880,0.0,decennial census,095
Phillips,1890,2642.0,decennial census,095
Phillips,1900,1583.0,decennial census,095
Phillips,1910,3179.0,decennial census,095
Phillips,1920,5499.0,decennial census,095
Phillips,1930,5797.0,decennial census,095
Phillips,1940,4948.0,decennial census,095
Phillips,1950,4924.0,decennial census,095
Phillips,1960,4440.0,decennial census,095
Phillips,1970,4131.0,decennial census,095
Phillips,1980,4542.0,sdo annual estimate,095
Phillips,1981,4495.0,sdo annual estimate,095
Phillips,1982,4561.0,sdo annual estimate,095
Phillips,1983,4688.0,sdo annual estimate,095
Phillips,1984,4430.0,sdo annual estimate,095
Phillips,1985,4421.0,sdo annual estimate,095
Phillips,1986,4445.0,sdo annual estimate,095
Phillips,1987,4411.0,sdo annual estimate,095
Phillips,1988,4332.0,sdo annual estimate,095
Phillips,1989,4249.0,sdo annual estimate,095
Phillips,1990,4189.0,sdo annual estimate,095
Phillips,1991,4209.0,sdo annual estimate,095
Phillips,1992,4231.0,sdo annual estimate,095
Phillips,1993,4378.0,sdo annual estimate,095
Phillips,1994,4401.0,sdo annual estimate,095
Phillips,1995,4479.0,sdo annual estimate,095
Phillips,1996,4504.0,sdo annual estimate,095
Phillips,1997,4574.0,sdo annual estimate,095
Phillips,1998,4570.0,sdo annual estimate,095
Phillips,1999,4518.0,sdo annual estimate,095
Phillips,2000,4452.0,sdo annual estimate,095
Phillips,2001,4487.0,sdo annual estimate,095
Phillips,2002,4496.0,sdo annual estimate,095
Phillips,2003,4477.0,sdo annual estimate,095
Phillips,2004,4580.0,sdo annual estimate,095
Phillips,2005,4548.0,sdo annual estimate,095
Phillips,2006,4504.0,sdo annual estimate,095
Phillips,2007,4484.0,sdo annual estimate,095
Phillips,2008,4451.0,sdo annual estimate,095
Phillips,2009,4454.0,sdo annual estimate,095
Phillips,2010,4465.0,sdo annual estimate,095
Phillips,2011,4473.0,sdo annual estimate,095
Phillips,2012,4482.0,sdo annual estimate,095
Phillips,2013,4486.0,sdo annual estimate,095
Phillips,2014,4494.0,sdo annual estimate,095
Phillips,2015,4499.0,sdo annual estimate,095
Phillips,2016,4505.0,sdo annual estimate,095
Phillips,2017,4514.0,sdo annual estimate,095
Phillips,2018,4515.0,sdo annual estimate,095
Phillips,2019,4520.0,sdo annual estimate,095
Phillips,2020,4523.0,sdo annual estimate,095
Phillips,2021,4499.0,sdo annual estimate,095
Phillips,2022,4450.0,sdo annual estimate,095
Phillips,2023,4471.0,sdo annual estimate,095
Phillips,2024,4484.0,sdo annual estimate,095
Pitkin,1870,0.0,decennial census,097
Pitkin,1880,0.0,decennial census,097
Pitkin,1890,8929.0,decennial census,097
Pitkin,1900,7020.0,decennial census,097
Pitkin,1910,4566.0,decennial census,097
Pitkin,1920,2787.0,decennial census,097
Pitkin,1930,1770.0,decennial census,097
Pitkin,1940,1836.0,decennial census,097
Pitkin,1950,1646.0,decennial census,097
Pitkin,1960,2381.0,decennial census,097
Pitkin,1970,6185.0,decennial census,097
Pitkin,1980,10338.0,sdo annual estimate,097
Pitkin,1981,9924.0,sdo annual estimate,097
Pitkin,1982,10036.0,sdo annual estimate,097
Pitkin,1983,10207.0,sdo annual estimate,097
Pitkin,1984,10773.0,sdo annual estimate,097
Pitkin,1985,11316.0,sdo annual estimate,097
Pitkin,1986,11968.0,sdo annual estimate,097
Pitkin,1987,12042.0,sdo annual estimate,097
Pitkin,1988,12092.0,sdo annual estimate,097
Pitkin,1989,12415.0,sdo annual estimate,097
Pitkin,1990,12661.0,sdo annual estimate,097
Pitkin,1991,12982.0,sdo annual estimate,097
Pitkin,1992,13371.0,sdo annual estimate,097
Pitkin,1993,14061.0,sdo annual estimate,097
Pitkin,1994,14539.0,sdo annual estimate,097
Pitkin,1995,14652.0,sdo annual estimate,097
Pitkin,1996,14553.0,sdo annual estimate,097
Pitkin,1997,14787.0,sdo annual estimate,097
Pitkin,1998,14781.0,sdo annual estimate,097
Pitkin,1999,14833.0,sdo annual estimate,097
Pitkin,2000,15764.0,sdo annual estimate,097
Pitkin,2001,16184.0,sdo annual estimate,097
Pitkin,2002,16101.0,sdo annual estimate,097
Pitkin,2003,16275.0,sdo annual estimate,097
Pitkin,2004,16077.0,sdo annual estimate,097
Pitkin,2005,16136.0,sdo annual estimate,097
Pitkin,2006,16087.0,sdo annual estimate,097
Pitkin,2007,16236.0,sdo annual estimate,097
Pitkin,2008,16673.0,sdo annual estimate,097
Pitkin,2009,17053.0,sdo annual estimate,097
Pitkin,2010,17156.0,sdo annual estimate,097
Pitkin,2011,17128.0,sdo annual estimate,097
Pitkin,2012,17201.0,sdo annual estimate,097
Pitkin,2013,17321.0,sdo annual estimate,097
Pitkin,2014,17521.0,sdo annual estimate,097
Pitkin,2015,17701.0,sdo annual estimate,097
Pitkin,2016,17691.0,sdo annual estimate,097
Pitkin,2017,17658.0,sdo annual estimate,097
Pitkin,2018,17643.0,sdo annual estimate,097
Pitkin,2019,17413.0,sdo annual estimate,097
Pitkin,2020,17358.0,sdo annual estimate,097
Pitkin,2021,17341.0,sdo annual estimate,097
Pitkin,2022,16868.0,sdo annual estimate,097
Pitkin,2023,16679.0,sdo annual estimate,097
Pitkin,2024,16593.0,sdo annual estimate,097
Prowers,1870,0.0,decennial census,099
Prowers,1880,0.0,decennial census,099
Prowers,1890,1969.0,decennial census,099
Prowers,1900,3766.0,decennial census,099
Prowers,1910,9520.0,decennial census,099
Prowers,1920,13845.0,decennial census,099
Prowers,1930,14762.0,decennial census,099
Prowers,1940,12304.0,decennial census,099
Prowers,1950,14836.0,decennial census,099
Prowers,1960,13296.0,decennial census,099
Prowers,1970,13258.0,decennial census,099
Prowers,1980,13070.0,sdo annual estimate,099
Prowers,1981,13092.0,sdo annual estimate,099
Prowers,1982,13363.0,sdo annual estimate,099
Prowers,1983,14104.0,sdo annual estimate,099
Prowers,1984,14307.0,sdo annual estimate,099
Prowers,1985,14374.0,sdo annual estimate,099
Prowers,1986,14128.0,sdo annual estimate,099
Prowers,1987,13986.0,sdo annual estimate,099
Prowers,1988,14231.0,sdo annual estimate,099
Prowers,1989,13719.0,sdo annual estimate,099
Prowers,1990,13347.0,sdo annual estimate,099
Prowers,1991,12958.0,sdo annual estimate,099
Prowers,1992,13105.0,sdo annual estimate,099
Prowers,1993,13422.0,sdo annual estimate,099
Prowers,1994,13686.0,sdo annual estimate,099
Prowers,1995,13823.0,sdo annual estimate,099
Prowers,1996,14002.0,sdo annual estimate,099
Prowers,1997,14117.0,sdo annual estimate,099
Prowers,1998,14224.0,sdo annual estimate,099
Prowers,1999,14372.0,sdo annual estimate,099
Prowers,2000,14453.0,sdo annual estimate,099
Prowers,2001,14109.0,sdo annual estimate,099
Prowers,2002,14011.0,sdo annual estimate,099
Prowers,2003,13822.0,sdo annual estimate,099
Prowers,2004,13656.0,sdo annual estimate,099
Prowers,2005,13510.0,sdo annual estimate,099
Prowers,2006,13208.0,sdo annual estimate,099
Prowers,2007,12772.0,sdo annual estimate,099
Prowers,2008,12682.0,sdo annual estimate,099
Prowers,2009,12576.0,sdo annual estimate,099
Prowers,2010,12531.0,sdo annual estimate,099
Prowers,2011,12478.0,sdo annual estimate,099
Prowers,2012,12398.0,sdo annual estimate,099
Prowers,2013,12287.0,sdo annual estimate,099
Prowers,2014,12023.0,sdo annual estimate,099
Prowers,2015,11891.0,sdo annual estimate,099
Prowers,2016,11887.0,sdo annual estimate,099
Prowers,2017,11930.0,sdo annual estimate,099
Prowers,2018,11971.0,sdo annual estimate,099
Prowers,2019,12011.0,sdo annual estimate,099
Prowers,2020,12013.0,sdo annual estimate,099
Prowers,2021,11937.0,sdo annual estimate,099
Prowers,2022,11825.0,sdo annual estimate,099
Prowers,2023,11779.0,sdo annual estimate,099
Prowers,2024,11944.0,sdo annual estimate,099
Pueblo,1870,2265.0,decennial census,101
Pueblo,1880,7617.0,decennial census,101
Pueblo,1890,31491.0,decennial census,101
Pueblo,1900,34448.0,decennial census,101
Pueblo,1910,52223.0,decennial census,101
Pueblo,1920,57638.0,decennial census,101
Pueblo,1930,66038.0,decennial census,101
Pueblo,1940,68870.0,decennial census,101
Pueblo,1950,90188.0,decennial census,101
Pueblo,1960,118707.0,decennial census,101
Pueblo,1970,118238.0,decennial census,101
Pueblo,1980,125972.0,sdo annual estimate,101
Pueblo,1981,124797.0,sdo annual estimate,101
Pueblo,1982,123756.0,sdo annual estimate,101
Pueblo,1983,123434.0,sdo annual estimate,101
Pueblo,1984,122360.0,sdo annual estimate,101
Pueblo,1985,121907.0,sdo annual estimate,101
Pueblo,1986,122365.0,sdo annual estimate,101
Pueblo,1987,122838.0,sdo annual estimate,101
Pueblo,1988,123737.0,sdo annual estimate,101
Pueblo,1989,123363.0,sdo annual estimate,101
Pueblo,1990,123051.0,sdo annual estimate,101
Pueblo,1991,123486.0,sdo annual estimate,101
Pueblo,1992,124410.0,sdo annual estimate,101
Pueblo,1993,126348.0,sdo annual estimate,101
Pueblo,1994,128722.0,sdo annual estimate,101
Pueblo,1995,130832.0,sdo annual estimate,101
Pueblo,1996,132498.0,sdo annual estimate,101
Pueblo,1997,134794.0,sdo annual estimate,101
Pueblo,1998,137381.0,sdo annual estimate,101
Pueblo,1999,139718.0,sdo annual estimate,101
Pueblo,2000,141854.0,sdo annual estimate,101
Pueblo,2001,143996.0,sdo annual estimate,101
Pueblo,2002,146481.0,sdo annual estimate,101
Pueblo,2003,147972.0,sdo annual estimate,101
Pueblo,2004,148720.0,sdo annual estimate,101
Pueblo,2005,149969.0,sdo annual estimate,101
Pueblo,2006,152064.0,sdo annual estimate,101
Pueblo,2007,154759.0,sdo annual estimate,101
Pueblo,2008,156252.0,sdo annual estimate,101
Pueblo,2009,157324.0,sdo annual estimate,101
Pueblo,2010,159496.0,sdo annual estimate,101
Pueblo,2011,159838.0,sdo annual estimate,101
Pueblo,2012,160327.0,sdo annual estimate,101
Pueblo,2013,160565.0,sdo annual estimate,101
Pueblo,2014,160867.0,sdo annual estimate,101
Pueblo,2015,162449.0,sdo annual estimate,101
Pueblo,2016,164124.0,sdo annual estimate,101
Pueblo,2017,165549.0,sdo annual estimate,101
Pueblo,2018,166686.0,sdo annual estimate,101
Pueblo,2019,167486.0,sdo annual estimate,101
Pueblo,2020,168339.0,sdo annual estimate,101
Pueblo,2021,169307.0,sdo annual estimate,101
Pueblo,2022,169404.0,sdo annual estimate,101
Pueblo,2023,169681.0,sdo annual estimate,101
Pueblo,2024,169916.0,sdo annual estimate,101
Rio Blanco,1870,0.0,decennial census,103
Rio Blanco,1880,0.0,decennial census,103
Rio Blanco,1890,1200.0,decennial census,103
Rio Blanco,1900,1690.0,decennial census,103
Rio Blanco,1910,2332.0,decennial census,103
Rio Blanco,1920,3135.0,decennial census,103
Rio Blanco,1930,2980.0,decennial census,103
Rio Blanco,1940,2943.0,decennial census,103
Rio Blanco,1950,4719.0,decennial census,103
Rio Blanco,1960,5150.0,decennial census,103
Rio Blanco,1970,4842.0,decennial census,103
Rio Blanco,1980,6255.0,sdo annual estimate,103
Rio Blanco,1981,6886.0,sdo annual estimate,103
Rio Blanco,1982,7272.0,sdo annual estimate,103
Rio Blanco,1983,7621.0,sdo annual estimate,103
Rio Blanco,1984,6941.0,sdo annual estimate,103
Rio Blanco,1985,6590.0,sdo annual estimate,103
Rio Blanco,1986,6440.0,sdo annual estimate,103
Rio Blanco,1987,6428.0,sdo annual estimate,103
Rio Blanco,1988,6299.0,sdo annual estimate,103
Rio Blanco,1989,6111.0,sdo annual estimate,103
Rio Blanco,1990,6051.0,sdo annual estimate,103
Rio Blanco,1991,6027.0,sdo annual estimate,103
Rio Blanco,1992,6180.0,sdo annual estimate,103
Rio Blanco,1993,6259.0,sdo annual estimate,103
Rio Blanco,1994,6314.0,sdo annual estimate,103
Rio Blanco,1995,6403.0,sdo annual estimate,103
Rio Blanco,1996,6341.0,sdo annual estimate,103
Rio Blanco,1997,6322.0,sdo annual estimate,103
Rio Blanco,1998,6232.0,sdo annual estimate,103
Rio Blanco,1999,6091.0,sdo annual estimate,103
Rio Blanco,2000,5969.0,sdo annual estimate,103
Rio Blanco,2001,5880.0,sdo annual estimate,103
Rio Blanco,2002,5936.0,sdo annual estimate,103
Rio Blanco,2003,5855.0,sdo annual estimate,103
Rio Blanco,2004,5904.0,sdo annual estimate,103
Rio Blanco,2005,5818.0,sdo annual estimate,103
Rio Blanco,2006,5981.0,sdo annual estimate,103
Rio Blanco,2007,6093.0,sdo annual estimate,103
Rio Blanco,2008,6160.0,sdo annual estimate,103
Rio Blanco,2009,6317.0,sdo annual estimate,103
Rio Blanco,2010,6617.0,sdo annual estimate,103
Rio Blanco,2011,6736.0,sdo annual estimate,103
Rio Blanco,2012,6793.0,sdo annual estimate,103
Rio Blanco,2013,6764.0,sdo annual estimate,103
Rio Blanco,2014,6644.0,sdo annual estimate,103
Rio Blanco,2015,6621.0,sdo annual estimate,103
Rio Blanco,2016,6616.0,sdo annual estimate,103
Rio Blanco,2017,6568.0,sdo annual estimate,103
Rio Blanco,2018,6588.0,sdo annual estimate,103
Rio Blanco,2019,6528.0,sdo annual estimate,103
Rio Blanco,2020,6522.0,sdo annual estimate,103
Rio Blanco,2021,6445.0,sdo annual estimate,103
Rio Blanco,2022,6557.0,sdo annual estimate,103
Rio Blanco,2023,6581.0,sdo annual estimate,103
Rio Blanco,2024,6601.0,sdo annual estimate,103
Rio Grande,1870,0.0,decennial census,105
Rio Grande,1880,1944.0,decennial census,105
Rio Grande,1890,3451.0,decennial census,105
Rio Grande,1900,4080.0,decennial census,105
Rio Grande,1910,6583.0,decennial census,105
Rio Grande,1920,7855.0,decennial census,105
Rio Grande,1930,9953.0,decennial census,105
Rio Grande,1940,12404.0,decennial census,105
Rio Grande,1950,12832.0,decennial census,105
Rio Grande,1960,11160.0,decennial census,105
Rio Grande,1970,10494.0,decennial census,105
Rio Grande,1980,10511.0,sdo annual estimate,105
Rio Grande,1981,10856.0,sdo annual estimate,105
Rio Grande,1982,11092.0,sdo annual estimate,105
Rio Grande,1983,11373.0,sdo annual estimate,105
Rio Grande,1984,11375.0,sdo annual estimate,105
Rio Grande,1985,11546.0,sdo annual estimate,105
Rio Grande,1986,11906.0,sdo annual estimate,105
Rio Grande,1987,11758.0,sdo annual estimate,105
Rio Grande,1988,11578.0,sdo annual estimate,105
Rio Grande,1989,11109.0,sdo annual estimate,105
Rio Grande,1990,10770.0,sdo annual estimate,105
Rio Grande,1991,10835.0,sdo annual estimate,105
Rio Grande,1992,10940.0,sdo annual estimate,105
Rio Grande,1993,11211.0,sdo annual estimate,105
Rio Grande,1994,11461.0,sdo annual estimate,105
Rio Grande,1995,11698.0,sdo annual estimate,105
Rio Grande,1996,11820.0,sdo annual estimate,105
Rio Grande,1997,11966.0,sdo annual estimate,105
Rio Grande,1998,12123.0,sdo annual estimate,105
Rio Grande,1999,12289.0,sdo annual estimate,105
Rio Grande,2000,12429.0,sdo annual estimate,105
Rio Grande,2001,12406.0,sdo annual estimate,105
Rio Grande,2002,12409.0,sdo annual estimate,105
Rio Grande,2003,12619.0,sdo annual estimate,105
Rio Grande,2004,12824.0,sdo annual estimate,105
Rio Grande,2005,12696.0,sdo annual estimate,105
Rio Grande,2006,12439.0,sdo annual estimate,105
Rio Grande,2007,12167.0,sdo annual estimate,105
Rio Grande,2008,12105.0,sdo annual estimate,105
Rio Grande,2009,11995.0,sdo annual estimate,105
Rio Grande,2010,12001.0,sdo annual estimate,105
Rio Grande,2011,11957.0,sdo annual estimate,105
Rio Grande,2012,11912.0,sdo annual estimate,105
Rio Grande,2013,11868.0,sdo annual estimate,105
Rio Grande,2014,11823.0,sdo annual estimate,105
Rio Grande,2015,11778.0,sdo annual estimate,105
Rio Grande,2016,11734.0,sdo annual estimate,105
Rio Grande,2017,11688.0,sdo annual estimate,105
Rio Grande,2018,11644.0,sdo annual estimate,105
Rio Grande,2019,11600.0,sdo annual estimate,105
Rio Grande,2020,11537.0,sdo annual estimate,105
Rio Grande,2021,11408.0,sdo annual estimate,105
Rio Grande,2022,11330.0,sdo annual estimate,105
Rio Grande,2023,11208.0,sdo annual estimate,105
Rio Grande,2024,11139.0,sdo annual estimate,105
Routt,1870,0.0,decennial census,107
Routt,1880,140.0,decennial census,107
Routt,1890,2369.0,decennial census,107
Routt,1900,3661.0,decennial census,107
Routt,1910,7561.0,decennial census,107
Routt,1920,8948.0,decennial census,107
Routt,1930,9352.0,decennial census,107
Routt,1940,10525.0,decennial census,107
Routt,1950,8940.0,decennial census,107
Routt,1960,5900.0,decennial census,107
Routt,1970,6592.0,decennial census,107
Routt,1980,13404.0,sdo annual estimate,107
Routt,1981,13473.0,sdo annual estimate,107
Routt,1982,13758.0,sdo annual estimate,107
Routt,1983,13853.0,sdo annual estimate,107
Routt,1984,14248.0,sdo annual estimate,107
Routt,1985,14196.0,sdo annual estimate,107
Routt,1986,13863.0,sdo annual estimate,107
Routt,1987,13862.0,sdo annual estimate,107
Routt,1988,13765.0,sdo annual estimate,107
Routt,1989,13950.0,sdo annual estimate,107
Routt,1990,14088.0,sdo annual estimate,107
Routt,1991,14731.0,sdo annual estimate,107
Routt,1992,15149.0,sdo annual estimate,107
Routt,1993,15924.0,sdo annual estimate,107
Routt,1994,16617.0,sdo annual estimate,107
Routt,1995,17254.0,sdo annual estimate,107
Routt,1996,17718.0,sdo annual estimate,107
Routt,1997,18117.0,sdo annual estimate,107
Routt,1998,18606.0,sdo annual estimate,107
Routt,1999,19224.0,sdo annual estimate,107
Routt,2000,20123.0,sdo annual estimate,107
Routt,2001,20436.0,sdo annual estimate,107
Routt,2002,20892.0,sdo annual estimate,107
Routt,2003,21128.0,sdo annual estimate,107
Routt,2004,21293.0,sdo annual estimate,107
Routt,2005,21453.0,sdo annual estimate,107
Routt,2006,21886.0,sdo annual estimate,107
Routt,2007,22415.0,sdo annual estimate,107
Routt,2008,22931.0,sdo annual estimate,107
Routt,2009,23325.0,sdo annual estimate,107
Routt,2010,23439.0,sdo annual estimate,107
Routt,2011,23485.0,sdo annual estimate,107
Routt,2012,23525.0,sdo annual estimate,107
Routt,2013,23578.0,sdo annual estimate,107
Routt,2014,23659.0,sdo annual estimate,107
Routt,2015,23824.0,sdo annual estimate,107
Routt,2016,23952.0,sdo annual estimate,107
Routt,2017,24162.0,sdo annual estimate,107
Routt,2018,24314.0,sdo annual estimate,107
Routt,2019,24520.0,sdo annual estimate,107
Routt,2020,24837.0,sdo annual estimate,107
Routt,2021,25068.0,sdo annual estimate,107
Routt,2022,25105.0,sdo annual estimate,107
Routt,2023,25137.0,sdo annual estimate,107
Routt,2024,25241.0,sdo annual estimate,107
Saguache,1870,304.0,decennial census,109
Saguache,1880,1973.0,decennial census,109
Saguache,1890,3313.0,decennial census,109
Saguache,1900,3853.0,decennial census,109
Saguache,1910,4160.0,decennial census,109
Saguache,1920,4638.0,decennial census,109
Saguache,1930,6250.0,decennial census,109
Saguache,1940,6173.0,decennial census,109
Saguache,1950,5664.0,decennial census,109
Saguache,1960,4473.0,decennial census,109
Saguache,1970,3827.0,decennial census,109
Saguache,1980,3935.0,sdo annual estimate,109
Saguache,1981,4106.0,sdo annual estimate,109
Saguache,1982,4201.0,sdo annual estimate,109
Saguache,1983,4434.0,sdo annual estimate,109
Saguache,1984,4387.0,sdo annual estimate,109
Saguache,1985,4400.0,sdo annual estimate,109
Saguache,1986,4598.0,sdo annual estimate,109
Saguache,1987,4785.0,sdo annual estimate,109
Saguache,1988,4663.0,sdo annual estimate,109
Saguache,1989,4639.0,sdo annual estimate,109
Saguache,1990,4619.0,sdo annual estimate,109
Saguache,1991,4732.0,sdo annual estimate,109
Saguache,1992,4788.0,sdo annual estimate,109
Saguache,1993,4826.0,sdo annual estimate,109
Saguache,1994,4942.0,sdo annual estimate,109
Saguache,1995,5270.0,sdo annual estimate,109
Saguache,1996,5425.0,sdo annual estimate,109
Saguache,1997,5492.0,sdo annual estimate,109
Saguache,1998,5558.0,sdo annual estimate,109
Saguache,1999,5765.0,sdo annual estimate,109
Saguache,2000,5983.0,sdo annual estimate,109
Saguache,2001,6083.0,sdo annual estimate,109
Saguache,2002,6245.0,sdo annual estimate,109
Saguache,2003,6279.0,sdo annual estimate,109
Saguache,2004,6240.0,sdo annual estimate,109
Saguache,2005,6284.0,sdo annual estimate,109
Saguache,2006,6241.0,sdo annual estimate,109
Saguache,2007,6159.0,sdo annual estimate,109
Saguache,2008,6176.0,sdo annual estimate,109
Saguache,2009,6126.0,sdo annual estimate,109
Saguache,2010,6144.0,sdo annual estimate,109
Saguache,2011,6156.0,sdo annual estimate,109
Saguache,2012,6158.0,sdo annual estimate,109
Saguache,2013,6166.0,sdo annual estimate,109
Saguache,2014,6175.0,sdo annual estimate,109
Saguache,2015,6183.0,sdo annual estimate,109
Saguache,2016,6188.0,sdo annual estimate,109
Saguache,2017,6214.0,sdo annual estimate,109
Saguache,2018,6276.0,sdo annual estimate,109
Saguache,2019,6360.0,sdo annual estimate,109
Saguache,2020,6391.0,sdo annual estimate,109
Saguache,2021,6509.0,sdo annual estimate,109
Saguache,2022,6623.0,sdo annual estimate,109
Saguache,2023,6683.0,sdo annual estimate,109
Saguache,2024,6682.0,sdo annual estimate,109
San Juan,1870,0.0,decennial census,111
San Juan,1880,1087.0,decennial census,111
San Juan,1890,1572.0,decennial census,111
San Juan,1900,2343.0,decennial census,111
San Juan,1910,3063.0,decennial census,111
San Juan,1920,1700.0,decennial census,111
San Juan,1930,1935.0,decennial census,111
San Juan,1940,1439.0,decennial census,111
San Juan,1950,1471.0,decennial census,111
San Juan,1960,849.0,decennial census,111
San Juan,1970,831.0,decennial census,111
San Juan,1980,833.0,sdo annual estimate,111
San Juan,1981,976.0,sdo annual estimate,111
San Juan,1982,1147.0,sdo annual estimate,111
San Juan,1983,1009.0,sdo annual estimate,111
San Juan,1984,916.0,sdo annual estimate,111
San Juan,1985,763.0,sdo annual estimate,111
San Juan,1986,754.0,sdo annual estimate,111
San Juan,1987,811.0,sdo annual estimate,111
San Juan,1988,747.0,sdo annual estimate,111
San Juan,1989,746.0,sdo annual estimate,111
San Juan,1990,745.0,sdo annual estimate,111
San Juan,1991,711.0,sdo annual estimate,111
San Juan,1992,574.0,sdo annual estimate,111
San Juan,1993,540.0,sdo annual estimate,111
San Juan,1994,563.0,sdo annual estimate,111
San Juan,1995,571.0,sdo annual estimate,111
San Juan,1996,579.0,sdo annual estimate,111
San Juan,1997,570.0,sdo annual estimate,111
San Juan,1998,555.0,sdo annual estimate,111
San Juan,1999,557.0,sdo annual estimate,111
San Juan,2000,561.0,sdo annual estimate,111
San Juan,2001,566.0,sdo annual estimate,111
San Juan,2002,599.0,sdo annual estimate,111
San Juan,2003,615.0,sdo annual estimate,111
San Juan,2004,635.0,sdo annual estimate,111
San Juan,2005,645.0,sdo annual estimate,111
San Juan,2006,672.0,sdo annual estimate,111
San Juan,2007,686.0,sdo annual estimate,111
San Juan,2008,698.0,sdo annual estimate,111
San Juan,2009,687.0,sdo annual estimate,111
San Juan,2010,709.0,sdo annual estimate,111
San Juan,2011,706.0,sdo annual estimate,111
San Juan,2012,703.0,sdo annual estimate,111
San Juan,2013,704.0,sdo annual estimate,111
San Juan,2014,700.0,sdo annual estimate,111
San Juan,2015,696.0,sdo annual estimate,111
San Juan,2016,697.0,sdo annual estimate,111
San Juan,2017,700.0,sdo annual estimate,111
San Juan,2018,703.0,sdo annual estimate,111
San Juan,2019,705.0,sdo annual estimate,111
San Juan,2020,711.0,sdo annual estimate,111
San Juan,2021,741.0,sdo annual estimate,111
San Juan,2022,800.0,sdo annual estimate,111
San Juan,2023,803.0,sdo annual estimate,111
San Juan,2024,818.0,sdo annual estimate,111
San Miguel,1870,0.0,decennial census,113
San Miguel,1880,0.0,decennial census,113
San Miguel,1890,2909.0,decennial census,113
San Miguel,1900,5373.0,decennial census,113
San Miguel,1910,4700.0,decennial census,113
San Miguel,1920,5281.0,decennial census,113
San Miguel,1930,2184.0,decennial census,113
San Miguel,1940,3664.0,decennial census,113
San Miguel,1950,2693.0,decennial census,113
San Miguel,1960,2944.0,decennial census,113
San Miguel,1970,1949.0,decennial census,113
San Miguel,1980,3192.0,sdo annual estimate,113
San Miguel,1981,3168.0,sdo annual estimate,113
San Miguel,1982,2999.0,sdo annual estimate,113
San Miguel,1983,2914.0,sdo annual estimate,113
San Miguel,1984,2969.0,sdo annual estimate,113
San Miguel,1985,3189.0,sdo annual estimate,113
San Miguel,1986,3374.0,sdo annual estimate,113
San Miguel,1987,3463.0,sdo annual estimate,113
San Miguel,1988,3557.0,sdo annual estimate,113
San Miguel,1989,3612.0,sdo annual estimate,113
San Miguel,1990,3653.0,sdo annual estimate,113
San Miguel,1991,4130.0,sdo annual estimate,113
San Miguel,1992,4565.0,sdo annual estimate,113
San Miguel,1993,4864.0,sdo annual estimate,113
San Miguel,1994,5305.0,sdo annual estimate,113
San Miguel,1995,5489.0,sdo annual estimate,113
San Miguel,1996,5804.0,sdo annual estimate,113
San Miguel,1997,5953.0,sdo annual estimate,113
San Miguel,1998,6453.0,sdo annual estimate,113
San Miguel,1999,6533.0,sdo annual estimate,113
San Miguel,2000,6615.0,sdo annual estimate,113
San Miguel,2001,6900.0,sdo annual estimate,113
San Miguel,2002,7042.0,sdo annual estimate,113
San Miguel,2003,7010.0,sdo annual estimate,113
San Miguel,2004,7027.0,sdo annual estimate,113
San Miguel,2005,7045.0,sdo annual estimate,113
San Miguel,2006,7059.0,sdo annual estimate,113
San Miguel,2007,7276.0,sdo annual estimate,113
San Miguel,2008,7304.0,sdo annual estimate,113
San Miguel,2009,7267.0,sdo annual estimate,113
San Miguel,2010,7356.0,sdo annual estimate,113
San Miguel,2011,7486.0,sdo annual estimate,113
San Miguel,2012,7576.0,sdo annual estimate,113
San Miguel,2013,7615.0,sdo annual estimate,113
San Miguel,2014,7728.0,sdo annual estimate,113
San Miguel,2015,7825.0,sdo annual estimate,113
San Miguel,2016,8001.0,sdo annual estimate,113
San Miguel,2017,8014.0,sdo annual estimate,113
San Miguel,2018,8154.0,sdo annual estimate,113
San Miguel,2019,8123.0,sdo annual estimate,113
San Miguel,2020,8056.0,sdo annual estimate,113
San Miguel,2021,8080.0,sdo annual estimate,113
San Miguel,2022,8006.0,sdo annual estimate,113
San Miguel,2023,7870.0,sdo annual estimate,113
San Miguel,2024,7802.0,sdo annual estimate,113
Sedgwick,1870,0.0,decennial census,115
Sedgwick,1880,0.0,decennial census,115
Sedgwick,1890,1293.0,decennial census,115
Sedgwick,1900,971.0,decennial census,115
Sedgwick,1910,3061.0,decennial census,115
Sedgwick,1920,4207.0,decennial census,115
Sedgwick,1930,5580.0,decennial census,115
Sedgwick,1940,5294.0,decennial census,115
Sedgwick,1950,5095.0,decennial census,115
Sedgwick,1960,4242.0,decennial census,115
Sedgwick,1970,3405.0,decennial census,115
Sedgwick,1980,3266.0,sdo annual estimate,115
Sedgwick,1981,3217.0,sdo annual estimate,115
Sedgwick,1982,3201.0,sdo annual estimate,115
Sedgwick,1983,3159.0,sdo annual estimate,115
Sedgwick,1984,3195.0,sdo annual estimate,115
Sedgwick,1985,2991.0,sdo annual estimate,115
Sedgwick,1986,2825.0,sdo annual estimate,115
Sedgwick,1987,2793.0,sdo annual estimate,115
Sedgwick,1988,2794.0,sdo annual estimate,115
Sedgwick,1989,2734.0,sdo annual estimate,115
Sedgwick,1990,2690.0,sdo annual estimate,115
Sedgwick,1991,2670.0,sdo annual estimate,115
Sedgwick,1992,2629.0,sdo annual estimate,115
Sedgwick,1993,2649.0,sdo annual estimate,115
Sedgwick,1994,2664.0,sdo annual estimate,115
Sedgwick,1995,2650.0,sdo annual estimate,115
Sedgwick,1996,2686.0,sdo annual estimate,115
Sedgwick,1997,2731.0,sdo annual estimate,115
Sedgwick,1998,2681.0,sdo annual estimate,115
Sedgwick,1999,2719.0,sdo annual estimate,115
Sedgwick,2000,2744.0,sdo annual estimate,115
Sedgwick,2001,2694.0,sdo annual estimate,115
Sedgwick,2002,2694.0,sdo annual estimate,115
Sedgwick,2003,2715.0,sdo annual estimate,115
Sedgwick,2004,2606.0,sdo annual estimate,115
Sedgwick,2005,2578.0,sdo annual estimate,115
Sedgwick,2006,2515.0,sdo annual estimate,115
Sedgwick,2007,2422.0,sdo annual estimate,115
Sedgwick,2008,2420.0,sdo annual estimate,115
Sedgwick,2009,2376.0,sdo annual estimate,115
Sedgwick,2010,2367.0,sdo annual estimate,115
Sedgwick,2011,2371.0,sdo annual estimate,115
Sedgwick,2012,2375.0,sdo annual estimate,115
Sedgwick,2013,2379.0,sdo annual estimate,115
Sedgwick,2014,2384.0,sdo annual estimate,115
Sedgwick,2015,2388.0,sdo annual estimate,115
Sedgwick,2016,2392.0,sdo annual estimate,115
Sedgwick,2017,2396.0,sdo annual estimate,115
Sedgwick,2018,2401.0,sdo annual estimate,115
Sedgwick,2019,2405.0,sdo annual estimate,115
Sedgwick,2020,2391.0,sdo annual estimate,115
Sedgwick,2021,2332.0,sdo annual estimate,115
Sedgwick,2022,2297.0,sdo annual estimate,115
Sedgwick,2023,2320.0,sdo annual estimate,115
Sedgwick,2024,2278.0,sdo annual estimate,115
Summit,1870,258.0,decennial census,117
Summit,1880,5459.0,decennial census,117
Summit,1890,1906.0,decennial census,117
Summit,1900,2744.0,decennial census,117
Summit,1910,2003.0,decennial census,117
Summit,1920,1724.0,decennial census,117
Summit,1930,987.0,decennial census,117
Summit,1940,1754.0,decennial census,117
Summit,1950,1135.0,decennial census,117
Summit,1960,2073.0,decennial census,117
Summit,1970,2665.0,decennial census,117
Summit,1980,8848.0,sdo annual estimate,117
Summit,1981,9234.0,sdo annual estimate,117
Summit,1982,10017.0,sdo annual estimate,117
Summit,1983,10310.0,sdo annual estimate,117
Summit,1984,12025.0,sdo annual estimate,117
Summit,1985,12865.0,sdo annual estimate,117
Summit,1986,13274.0,sdo annual estimate,117
Summit,1987,12406.0,sdo annual estimate,117
Summit,1988,12498.0,sdo annual estimate,117
Summit,1989,12718.0,sdo annual estimate,117
Summit,1990,12881.0,sdo annual estimate,117
Summit,1991,13471.0,sdo annual estimate,117
Summit,1992,13840.0,sdo annual estimate,117
Summit,1993,15194.0,sdo annual estimate,117
Summit,1994,17107.0,sdo annual estimate,117
Summit,1995,18270.0,sdo annual estimate,117
Summit,1996,19396.0,sdo annual estimate,117
Summit,1997,20349.0,sdo annual estimate,117
Summit,1998,21281.0,sdo annual estimate,117
Summit,1999,22568.0,sdo annual estimate,117
Summit,2000,25709.0,sdo annual estimate,117
Summit,2001,26293.0,sdo annual estimate,117
Summit,2002,26514.0,sdo annual estimate,117
Summit,2003,26706.0,sdo annual estimate,117
Summit,2004,26707.0,sdo annual estimate,117
Summit,2005,26623.0,sdo annual estimate,117
Summit,2006,26839.0,sdo annual estimate,117
Summit,2007,27163.0,sdo annual estimate,117
Summit,2008,27464.0,sdo annual estimate,117
Summit,2009,27783.0,sdo annual estimate,117
Summit,2010,28073.0,sdo annual estimate,117
Summit,2011,28087.0,sdo annual estimate,117
Summit,2012,28385.0,sdo annual estimate,117
Summit,2013,28860.0,sdo annual estimate,117
Summit,2014,29496.0,sdo annual estimate,117
Summit,2015,30268.0,sdo annual estimate,117
Summit,2016,30817.0,sdo annual estimate,117
Summit,2017,31133.0,sdo annual estimate,117
Summit,2018,31095.0,sdo annual estimate,117
Summit,2019,31190.0,sdo annual estimate,117
Summit,2020,31238.0,sdo annual estimate,117
Summit,2021,31235.0,sdo annual estimate,117
Summit,2022,30907.0,sdo annual estimate,117
Summit,2023,30812.0,sdo annual estimate,117
Summit,2024,30889.0,sdo annual estimate,117
Teller,1870,0.0,decennial census,119
Teller,1880,0.0,decennial census,119
Teller,1890,0.0,decennial census,119
Teller,1900,29002.0,decennial census,119
Teller,1910,14351.0,decennial census,119
Teller,1920,6696.0,decennial census,119
Teller,1930,4141.0,decennial census,119
Teller,1940,6463.0,decennial census,119
Teller,1950,2754.0,decennial census,119
Teller,1960,2495.0,decennial census,119
Teller,1970,3316.0,decennial census,119
Teller,1980,8034.0,sdo annual estimate,119
Teller,1981,8635.0,sdo annual estimate,119
Teller,1982,9314.0,sdo annual estimate,119
Teller,1983,10172.0,sdo annual estimate,119
Teller,1984,10864.0,sdo annual estimate,119
Teller,1985,11305.0,sdo annual estimate,119
Teller,1986,11800.0,sdo annual estimate,119
Teller,1987,12458.0,sdo annual estimate,119
Teller,1988,12477.0,sdo annual estimate,119
Teller,1989,12474.0,sdo annual estimate,119
Teller,1990,12468.0,sdo annual estimate,119
Teller,1991,12712.0,sdo annual estimate,119
Teller,1992,13670.0,sdo annual estimate,119
Teller,1993,14735.0,sdo annual estimate,119
Teller,1994,15790.0,sdo annual estimate,119
Teller,1995,16981.0,sdo annual estimate,119
Teller,1996,18135.0,sdo annual estimate,119
Teller,1997,19066.0,sdo annual estimate,119
Teller,1998,19672.0,sdo annual estimate,119
Teller,1999,20179.0,sdo annual estimate,119
Teller,2000,21068.0,sdo annual estimate,119
Teller,2001,21738.0,sdo annual estimate,119
Teller,2002,21989.0,sdo annual estimate,119
Teller,2003,22218.0,sdo annual estimate,119
Teller,2004,22218.0,sdo annual estimate,119
Teller,2005,22505.0,sdo annual estimate,119
Teller,2006,22791.0,sdo annual estimate,119
Teller,2007,23164.0,sdo annual estimate,119
Teller,2008,23102.0,sdo annual estimate,119
Teller,2009,23205.0,sdo annual estimate,119
Teller,2010,23441.0,sdo annual estimate,119
Teller,2011,23268.0,sdo annual estimate,119
Teller,2012,23270.0,sdo annual estimate,119
Teller,2013,23110.0,sdo annual estimate,119
Teller,2014,23121.0,sdo annual estimate,119
Teller,2015,23006.0,sdo annual estimate,119
Teller,2016,23607.0,sdo annual estimate,119
Teller,2017,24153.0,sdo annual estimate,119
Teller,2018,24523.0,sdo annual estimate,119
Teller,2019,24679.0,sdo annual estimate,119
Teller,2020,24747.0,sdo annual estimate,119
Teller,2021,24954.0,sdo annual estimate,119
Teller,2022,24859.0,sdo annual estimate,119
Teller,2023,24704.0,sdo annual estimate,119
Teller,2024,24823.0,sdo annual estimate,119
Washington,1870,0.0,decennial census,121
Washington,1880,0.0,decennial census,121
Washington,1890,2301.0,decennial census,121
Washington,1900,1242.0,decennial census,121
Washington,1910,6002.0,decennial census,121
Washington,1920,11268.0,decennial census,121
Washington,1930,9591.0,decennial census,121
Washington,1940,8336.0,decennial census,121
Washington,1950,7520.0,decennial census,121
Washington,1960,6625.0,decennial census,121
Washington,1970,5550.0,decennial census,121
Washington,1980,5304.0,sdo annual estimate,121
Washington,1981,5217.0,sdo annual estimate,121
Washington,1982,5392.0,sdo annual estimate,121
Washington,1983,5570.0,sdo annual estimate,121
Washington,1984,5531.0,sdo annual estimate,121
Washington,1985,5396.0,sdo annual estimate,121
Washington,1986,5194.0,sdo annual estimate,121
Washington,1987,5187.0,sdo annual estimate,121
Washington,1988,5142.0,sdo annual estimate,121
Washington,1989,4951.0,sdo annual estimate,121
Washington,1990,4812.0,sdo annual estimate,121
Washington,1991,4783.0,sdo annual estimate,121
Washington,1992,4886.0,sdo annual estimate,121
Washington,1993,5144.0,sdo annual estimate,121
Washington,1994,5221.0,sdo annual estimate,121
Washington,1995,5236.0,sdo annual estimate,121
Washington,1996,5221.0,sdo annual estimate,121
Washington,1997,5210.0,sdo annual estimate,121
Washington,1998,5155.0,sdo annual estimate,121
Washington,1999,5024.0,sdo annual estimate,121
Washington,2000,4936.0,sdo annual estimate,121
Washington,2001,4899.0,sdo annual estimate,121
Washington,2002,5259.0,sdo annual estimate,121
Washington,2003,5140.0,sdo annual estimate,121
Washington,2004,5060.0,sdo annual estimate,121
Washington,2005,4995.0,sdo annual estimate,121
Washington,2006,4981.0,sdo annual estimate,121
Washington,2007,4927.0,sdo annual estimate,121
Washington,2008,4802.0,sdo annual estimate,121
Washington,2009,4777.0,sdo annual estimate,121
Washington,2010,4815.0,sdo annual estimate,121
Washington,2011,4608.0,sdo annual estimate,121
Washington,2012,4560.0,sdo annual estimate,121
Washington,2013,4614.0,sdo annual estimate,121
Washington,2014,4617.0,sdo annual estimate,121
Washington,2015,4682.0,sdo annual estimate,121
Washington,2016,4745.0,sdo annual estimate,121
Washington,2017,4845.0,sdo annual estimate,121
Washington,2018,4812.0,sdo annual estimate,121
Washington,2019,4826.0,sdo annual estimate,121
Washington,2020,4813.0,sdo annual estimate,121
Washington,2021,4871.0,sdo annual estimate,121
Washington,2022,4840.0,sdo annual estimate,121
Washington,2023,4851.0,sdo annual estimate,121
Washington,2024,4773.0,sdo annual estimate,121
Weld,1870,1636.0,decennial census,123
Weld,1880,5646.0,decennial census,123
Weld,1890,11736.0,decennial census,123
Weld,1900,16803.0,decennial census,123
Weld,1910,39177.0,decennial census,123
Weld,1920,54059.0,decennial census,123
Weld,1930,65097.0,decennial census,123
Weld,1940,63747.0,decennial census,123
Weld,1950,67504.0,decennial census,123
Weld,1960,72344.0,decennial census,123
Weld,1970,89297.0,decennial census,123
Weld,1980,123438.0,sdo annual estimate,123
Weld,1981,124027.0,sdo annual estimate,123
Weld,1982,124358.0,sdo annual estimate,123
Weld,1983,127334.0,sdo annual estimate,123
Weld,1984,128969.0,sdo annual estimate,123
Weld,1985,130400.0,sdo annual estimate,123
Weld,1986,129749.0,sdo annual estimate,123
Weld,1987,131028.0,sdo annual estimate,123
Weld,1988,131880.0,sdo annual estimate,123
Weld,1989,131867.0,sdo annual estimate,123
Weld,1990,131821.0,sdo annual estimate,123
Weld,1991,135731.0,sdo annual estimate,123
Weld,1992,140122.0,sdo annual estimate,123
Weld,1993,145778.0,sdo annual estimate,123
Weld,1994,151368.0,sdo annual estimate,123
Weld,1995,157173.0,sdo annual estimate,123
Weld,1996,161809.0,sdo annual estimate,123
Weld,1997,166840.0,sdo annual estimate,123
Weld,1998,172394.0,sdo annual estimate,123
Weld,1999,177265.0,sdo annual estimate,123
Weld,2000,183076.0,sdo annual estimate,123
Weld,2001,192482.0,sdo annual estimate,123
Weld,2002,198975.0,sdo annual estimate,123
Weld,2003,207157.0,sdo annual estimate,123
Weld,2004,214069.0,sdo annual estimate,123
Weld,2005,223432.0,sdo annual estimate,123
Weld,2006,231283.0,sdo annual estimate,123
Weld,2007,238279.0,sdo annual estimate,123
Weld,2008,244116.0,sdo annual estimate,123
Weld,2009,248959.0,sdo annual estimate,123
Weld,2010,254230.0,sdo annual estimate,123
Weld,2011,258702.0,sdo annual estimate,123
Weld,2012,263850.0,sdo annual estimate,123
Weld,2013,269770.0,sdo annual estimate,123
Weld,2014,275994.0,sdo annual estimate,123
Weld,2015,284855.0,sdo annual estimate,123
Weld,2016,294513.0,sdo annual estimate,123
Weld,2017,304595.0,sdo annual estimate,123
Weld,2018,313219.0,sdo annual estimate,123
Weld,2019,322333.0,sdo annual estimate,123
Weld,2020,331459.0,sdo annual estimate,123
Weld,2021,339934.0,sdo annual estimate,123
Weld,2022,350563.0,sdo annual estimate,123
Weld,2023,360272.0,sdo annual estimate,123
Weld,2024,369880.0,sdo annual estimate,123
Yuma,1870,0.0,decennial census,125
Yuma,1880,0.0,decennial census,125
Yuma,1890,2596.0,decennial census,125
Yuma,1900,1729.0,decennial census,125
Yuma,1910,8499.0,decennial census,125
Yuma,1920,13897.0,decennial census,125
Yuma,1930,13613.0,decennial census,125
Yuma,1940,12102.0,decennial census,125
Yuma,1950,10827.0,decennial census,125
Yuma,1960,8912.0,decennial census,125
Yuma,1970,8544.0,decennial census,125
Yuma,1980,9682.0,sdo annual estimate,125
Yuma,1981,9753.0,sdo annual estimate,125
Yuma,1982,9899.0,sdo annual estimate,125
Yuma,1983,10033.0,sdo annual estimate,125
Yuma,1984,9935.0,sdo annual estimate,125
Yuma,1985,9853.0,sdo annual estimate,125
Yuma,1986,9583.0,sdo annual estimate,125
Yuma,1987,9434.0,sdo annual estimate,125
Yuma,1988,9564.0,sdo annual estimate,125
Yuma,1989,9211.0,sdo annual estimate,125
Yuma,1990,8954.0,sdo annual estimate,125
Yuma,1991,9011.0,sdo annual estimate,125
Yuma,1992,9001.0,sdo annual estimate,125
Yuma,1993,9166.0,sdo annual estimate,125
Yuma,1994,9276.0,sdo annual estimate,125
Yuma,1995,9455.0,sdo annual estimate,125
Yuma,1996,9521.0,sdo annual estimate,125
Yuma,1997,9657.0,sdo annual estimate,125
Yuma,1998,9799.0,sdo annual estimate,125
Yuma,1999,9823.0,sdo annual estimate,125
Yuma,2000,9815.0,sdo annual estimate,125
Yuma,2001,9831.0,sdo annual estimate,125
Yuma,2002,9947.0,sdo annual estimate,125
Yuma,2003,10093.0,sdo annual estimate,125
Yuma,2004,9885.0,sdo annual estimate,125
Yuma,2005,9892.0,sdo annual estimate,125
Yuma,2006,9917.0,sdo annual estimate,125
Yuma,2007,9881.0,sdo annual estimate,125
Yuma,2008,9895.0,sdo annual estimate,125
Yuma,2009,10036.0,sdo annual estimate,125
Yuma,2010,10032.0,sdo annual estimate,125
Yuma,2011,10111.0,sdo annual estimate,125
Yuma,2012,10078.0,sdo annual estimate,125
Yuma,2013,10143.0,sdo annual estimate,125
Yuma,2014,10188.0,sdo annual estimate,125
Yuma,2015,10039.0,sdo annual estimate,125
Yuma,2016,10056.0,sdo annual estimate,125
Yuma,2017,9973.0,sdo annual estimate,125
Yuma,2018,9955.0,sdo annual estimate,125
Yuma,2019,10009.0,sdo annual estimate,125
Yuma,2020,9978.0,sdo annual estimate,125
Yuma,2021,9932.0,sdo annual estimate,125
Yuma,2022,9976.0,sdo annual estimate,125
Yuma,2023,9985.0,sdo annual estimate,125
Yuma,2024,10026.0,sdo annual estimate,125
