year,district_code,district_name,county,countyfips,unit_type,teacher_fte,teacher_fte_basis,teacher_fte_published,teacher_fte_school_sum,schools,schools_basis,schools_published,schools_open,enrollment,enrollment_panel,enrollment_ccd,pop_5_17,pop_0_4,datatype
1990,0010,MAPLETON 1,Adams,001,district,231.3,published,231.3,,10.0,school_panel,10.0,10.0,4660.0,,4660.0,53967.0,23427.0,Estimate
1991,0010,MAPLETON 1,Adams,001,district,228.7,published,228.7,,11.0,school_panel,11.0,11.0,4918.0,,4918.0,55519.0,23992.0,Estimate
1992,0010,MAPLETON 1,Adams,001,district,226.8,published,226.8,,11.0,school_panel,10.0,11.0,4941.0,,4941.0,57048.0,24563.0,Estimate
1993,0010,MAPLETON 1,Adams,001,district,215.3,published,215.3,,11.0,school_panel,10.0,11.0,4836.0,,4836.0,58906.0,25267.0,Estimate
1994,0010,MAPLETON 1,Adams,001,district,232.4,published,232.4,,11.0,school_panel,10.0,11.0,4898.0,,4898.0,60885.0,26017.0,Estimate
1995,0010,MAPLETON 1,Adams,001,district,244.1,published,244.1,,11.0,school_panel,10.0,11.0,4991.0,,4991.0,63223.0,26916.0,Estimate
1996,0010,MAPLETON 1,Adams,001,district,244.1,published,244.1,,11.0,school_panel,10.0,11.0,5154.0,,5154.0,65280.0,27690.0,Estimate
1997,0010,MAPLETON 1,Adams,001,district,251.1,published,251.1,,11.0,school_panel,10.0,11.0,5094.0,,5094.0,67191.0,28389.0,Estimate
1998,0010,MAPLETON 1,Adams,001,district,251.4,published,251.4,,11.0,school_panel,11.0,11.0,4939.0,,4939.0,69409.0,29216.0,Estimate
1999,0010,MAPLETON 1,Adams,001,district,,,,,11.0,school_panel,11.0,11.0,5208.0,,5208.0,71628.0,30033.0,Estimate
2000,0010,MAPLETON 1,Adams,001,district,257.8998,school_sum,,257.8998,11.0,school_panel,,11.0,,,5360.0,70181.0,29752.0,Estimate
2001,0010,MAPLETON 1,Adams,001,district,259.746,school_sum,,259.746,11.0,school_panel,,11.0,3758.0,3758.0,5547.0,71653.0,30305.0,Estimate
2002,0010,MAPLETON 1,Adams,001,district,278.7112,school_sum,,278.7112,11.0,school_panel,,11.0,3887.0,3887.0,5621.0,73795.0,31849.0,Estimate
2003,0010,MAPLETON 1,Adams,001,district,286.4824,school_sum,,286.4824,11.0,school_panel,,11.0,5716.0,5716.0,5716.0,74777.0,33081.0,Estimate
2004,0010,MAPLETON 1,Adams,001,district,284.4838,school_sum,,284.4838,9.0,school_panel,,9.0,5703.0,5703.0,5703.0,76363.0,34151.0,Estimate
2005,0010,MAPLETON 1,Adams,001,district,286.4784,school_sum,,286.4784,15.0,school_panel,,15.0,5554.0,5554.0,5554.0,78386.0,35267.0,Estimate
2006,0010,MAPLETON 1,Adams,001,district,262.5,school_sum,,262.5,18.0,school_panel,,18.0,5595.0,5595.0,5595.0,81080.0,36440.0,Estimate
2007,0010,MAPLETON 1,Adams,001,district,257.8319,school_sum,,257.8319,17.0,school_panel,,17.0,5493.0,5493.0,5493.0,82938.0,36881.0,Estimate
2008,0010,MAPLETON 1,Adams,001,district,251.8561,school_sum,,251.8561,16.0,school_panel,,16.0,5794.0,5794.0,5794.0,85046.0,37364.0,Estimate
2009,0010,MAPLETON 1,Adams,001,district,274.5048,school_sum,,274.5048,17.0,school_panel,,17.0,5775.0,5775.0,5775.0,87403.0,37751.0,Estimate
2010,0010,MAPLETON 1,Adams,001,district,362.847,published,362.847,338.6,17.0,school_panel,,17.0,7634.0,7634.0,7634.0,88959.0,37607.0,Estimate
2011,0010,MAPLETON 1,Adams,001,district,356.03,school_sum,,356.03,17.0,school_panel,,17.0,7760.0,7760.0,7760.0,91259.0,37349.0,Estimate
2012,0010,MAPLETON 1,Adams,001,district,348.57,school_sum,,348.57,16.0,school_panel,,16.0,8051.0,8051.0,8051.0,93630.0,36591.0,Estimate
2013,0010,MAPLETON 1,Adams,001,district,401.28,school_sum,,401.28,15.0,school_panel,,15.0,8408.0,8408.0,8408.0,95884.0,36224.0,Estimate
2014,0010,MAPLETON 1,Adams,001,district,404.7694,school_sum,,404.7694,15.0,school_panel,,15.0,8646.0,8646.0,8646.0,97916.0,35911.0,Estimate
2015,0010,MAPLETON 1,Adams,001,district,409.67,school_sum,,409.67,15.0,school_panel,,15.0,8731.0,8731.0,8731.0,99774.0,36039.0,Estimate
2016,0010,MAPLETON 1,Adams,001,district,373.04,published,373.04,358.21,18.0,school_panel,,18.0,8807.0,8807.0,8807.0,100584.0,35709.0,Estimate
2017,0010,,Adams,001,,,,,,18.0,school_panel,,18.0,8917.0,8917.0,8917.0,100046.0,35536.0,Estimate
2018,0010,MAPLETON 1,Adams,001,district,452.11,published,452.11,426.4,18.0,school_panel,,18.0,8934.0,8934.0,8934.0,100346.0,35329.0,Estimate
2019,0010,Mapleton 1,Adams,001,district,413.4,school_sum,,413.4,18.0,school_panel,,18.0,9131.0,9131.0,9131.0,99901.0,34939.0,Estimate
2020,0010,,Adams,001,,,,,,18.0,school_panel,,18.0,9134.0,9134.0,9134.0,99928.0,34486.0,Estimate
2021,0010,,Adams,001,,,,,,19.0,school_panel,,19.0,9002.0,9002.0,9002.0,99274.0,34152.0,Estimate
2022,0010,Mapleton 1,Adams,001,district,403.5,published,403.5,389.9,20.0,school_panel,,20.0,7088.0,7088.0,7088.0,98936.0,34078.0,Estimate
2023,0010,Mapleton 1,Adams,001,district,381.6,published,381.6,381.6,20.0,school_panel,,20.0,7017.0,7017.0,7016.0,98583.0,34260.0,Estimate
2024,0010,Mapleton 1,Adams,001,district,404.6,published,404.6,389.3,20.0,school_panel,,20.0,7095.0,7095.0,7095.0,97924.0,34698.0,Estimate
1990,0020,NORTHGLENN-THORNTON 12,Adams,001,district,1136.1,published,1136.1,,35.0,school_panel,35.0,35.0,20838.0,,20838.0,53967.0,23427.0,Estimate
1991,0020,NORTHGLENN-THORNTON 12,Adams,001,district,1143.9,published,1143.9,,35.0,school_panel,35.0,35.0,21450.0,,21450.0,55519.0,23992.0,Estimate
1992,0020,NORTHGLENN-THORNTON 12,Adams,001,district,1165.7,published,1165.7,,36.0,school_panel,35.0,36.0,22163.0,,22163.0,57048.0,24563.0,Estimate
1993,0020,NORTHGLENN-THORNTON 12,Adams,001,district,1169.5,published,1169.5,,37.0,school_panel,35.0,37.0,22791.0,,22791.0,58906.0,25267.0,Estimate
1994,0020,NORTHGLENN-THORNTON 12,Adams,001,district,1212.7,published,1212.7,,39.0,school_panel,37.0,39.0,23373.0,,23373.0,60885.0,26017.0,Estimate
1995,0020,NORTHGLENN-THORNTON 12,Adams,001,district,1237.7,published,1237.7,,39.0,school_panel,37.0,39.0,24603.0,,24603.0,63223.0,26916.0,Estimate
1996,0020,NORTHGLENN-THORNTON 12,Adams,001,district,1290.7,published,1290.7,,39.0,school_panel,37.0,39.0,25604.0,,25604.0,65280.0,27690.0,Estimate
1997,0020,NORTHGLENN-THORNTON 12,Adams,001,district,1352.7,published,1352.7,,40.0,school_panel,38.0,40.0,26723.0,,26723.0,67191.0,28389.0,Estimate
1998,0020,NORTHGLENN-THORNTON 12,Adams,001,district,1459.8,published,1459.8,,44.0,school_panel,44.0,44.0,27955.0,,27955.0,69409.0,29216.0,Estimate
1999,0020,NORTHGLENN-THORNTON 12,Adams,001,district,,,,,45.0,school_panel,45.0,45.0,28947.0,,28947.0,71628.0,30033.0,Estimate
2000,0020,NORTHGLENN-THORNTON 12,Adams,001,district,1342.604,school_sum,,1342.604,46.0,school_panel,,46.0,,,30103.0,70181.0,29752.0,Estimate
2001,0020,NORTHGLENN-THORNTON 12,Adams,001,district,1503.0387,school_sum,,1503.0387,46.0,school_panel,,46.0,27361.0,27361.0,31544.0,71653.0,30305.0,Estimate
2002,0020,NORTHGLENN-THORNTON 12,Adams,001,district,1561.4356,school_sum,,1561.4356,46.0,school_panel,,46.0,29916.0,29916.0,33522.0,73795.0,31849.0,Estimate
2003,0020,ADAMS 12 FIVE STAR SCHOOLS,Adams,001,district,1754.3092,school_sum,,1754.3092,48.0,school_panel,,48.0,34869.0,34869.0,34869.0,74777.0,33081.0,Estimate
2004,0020,ADAMS 12 FIVE STAR SCHOOLS,Adams,001,district,1832.5213,school_sum,,1832.5213,52.0,school_panel,,52.0,36353.0,36353.0,36353.0,76363.0,34151.0,Estimate
2005,0020,ADAMS 12 FIVE STAR SCHOOLS,Adams,001,district,1834.6522,school_sum,,1834.6522,50.0,school_panel,,50.0,37591.0,37591.0,37591.0,78386.0,35267.0,Estimate
2006,0020,ADAMS 12 FIVE STAR SCHOOLS,Adams,001,district,1792.0069,school_sum,,1792.0069,52.0,school_panel,,52.0,37337.0,37337.0,37337.0,81080.0,36440.0,Estimate
2007,0020,ADAMS 12 FIVE STAR SCHOOLS,Adams,001,district,1861.4682,school_sum,,1861.4682,51.0,school_panel,,51.0,38815.0,38815.0,38815.0,82938.0,36881.0,Estimate
2008,0020,ADAMS 12 FIVE STAR SCHOOLS,Adams,001,district,1637.9637,school_sum,,1637.9637,53.0,school_panel,,53.0,40804.0,40804.0,40804.0,85046.0,37364.0,Estimate
2009,0020,ADAMS 12 FIVE STAR SCHOOLS,Adams,001,district,1988.1003,school_sum,,1988.1003,53.0,school_panel,,53.0,41949.0,41949.0,41949.0,87403.0,37751.0,Estimate
2010,0020,ADAMS 12 FIVE STAR SCHOOLS,Adams,001,district,2069.631,published,2069.631,2002.029,54.0,school_panel,,54.0,41957.0,41951.0,41951.0,88959.0,37607.0,Estimate
2011,0020,ADAMS 12 FIVE STAR SCHOOLS,Adams,001,district,1917.12,school_sum,,1917.12,54.0,school_panel,,54.0,42990.0,42990.0,42990.0,91259.0,37349.0,Estimate
2012,0020,ADAMS 12 FIVE STAR SCHOOLS,Adams,001,district,1889.67,school_sum,,1889.67,56.0,school_panel,,56.0,43268.0,43268.0,43268.0,93630.0,36591.0,Estimate
2013,0020,ADAMS 12 FIVE STAR SCHOOLS,Adams,001,district,2075.7,school_sum,,2075.7,55.0,school_panel,,55.0,42230.0,42230.0,42230.0,95884.0,36224.0,Estimate
2014,0020,ADAMS 12 FIVE STAR SCHOOLS,Adams,001,district,1982.7528,school_sum,,1982.7528,53.0,school_panel,,53.0,38701.0,38701.0,38701.0,97916.0,35911.0,Estimate
2015,0020,ADAMS 12 FIVE STAR SCHOOLS,Adams,001,district,2049.13,school_sum,,2049.13,53.0,school_panel,,53.0,39287.0,39287.0,39287.0,99774.0,36039.0,Estimate
2016,0020,ADAMS 12 FIVE STAR SCHOOLS,Adams,001,district,1980.15,published,1980.15,1908.99,53.0,school_panel,,53.0,38818.0,38818.0,38818.0,100584.0,35709.0,Estimate
2017,0020,,Adams,001,,,,,,53.0,school_panel,,53.0,38820.0,38820.0,38820.0,100046.0,35536.0,Estimate
2018,0020,ADAMS 12 FIVE STAR SCHOOLS,Adams,001,district,1999.91,published,1999.91,1976.87,53.0,school_panel,,53.0,39227.0,39227.0,39227.0,100346.0,35329.0,Estimate
2019,0020,Adams 12 Five Star Schools,Adams,001,district,2076.9,school_sum,,2076.9,53.0,school_panel,,53.0,38648.0,38648.0,38648.0,99901.0,34939.0,Estimate
2020,0020,,Adams,001,,,,,,53.0,school_panel,,53.0,36654.0,36654.0,36654.0,99928.0,34486.0,Estimate
2021,0020,,Adams,001,,,,,,54.0,school_panel,,54.0,36078.0,36078.0,36078.0,99274.0,34152.0,Estimate
2022,0020,Adams 12 Five Star Schools,Adams,001,district,2037.7,published,2037.7,2026.6,55.0,school_panel,,55.0,35747.0,35747.0,35747.0,98936.0,34078.0,Estimate
2023,0020,Adams 12 Five Star Schools,Adams,001,district,2033.5,published,2033.5,2033.5,55.0,school_panel,,55.0,34965.0,34998.0,34998.0,98583.0,34260.0,Estimate
2024,0020,Adams 12 Five Star Schools,Adams,001,district,2019.5,published,2019.5,2005.2,54.0,school_panel,,54.0,34466.0,34466.0,34466.0,97924.0,34698.0,Estimate
1990,0030,ADAMS COUNTY 14,Adams,001,district,302.7,published,302.7,,11.0,school_panel,11.0,11.0,6039.0,,6039.0,53967.0,23427.0,Estimate
1991,0030,ADAMS COUNTY 14,Adams,001,district,316.0,published,316.0,,11.0,school_panel,11.0,11.0,6061.0,,6061.0,55519.0,23992.0,Estimate
1992,0030,ADAMS COUNTY 14,Adams,001,district,311.0,published,311.0,,11.0,school_panel,11.0,11.0,6112.0,,6112.0,57048.0,24563.0,Estimate
1993,0030,ADAMS COUNTY 14,Adams,001,district,315.1,published,315.1,,13.0,school_panel,12.0,13.0,6346.0,,6346.0,58906.0,25267.0,Estimate
1994,0030,ADAMS COUNTY 14,Adams,001,district,311.8,published,311.8,,13.0,school_panel,12.0,13.0,6280.0,,6280.0,60885.0,26017.0,Estimate
1995,0030,ADAMS COUNTY 14,Adams,001,district,322.6,published,322.6,,13.0,school_panel,12.0,13.0,6157.0,,6157.0,63223.0,26916.0,Estimate
1996,0030,ADAMS COUNTY 14,Adams,001,district,293.4,published,293.4,,13.0,school_panel,12.0,13.0,6162.0,,6162.0,65280.0,27690.0,Estimate
1997,0030,ADAMS COUNTY 14,Adams,001,district,354.4,published,354.4,,13.0,school_panel,11.0,13.0,6035.0,,6035.0,67191.0,28389.0,Estimate
1998,0030,ADAMS COUNTY 14,Adams,001,district,355.1,published,355.1,,12.0,school_panel,12.0,12.0,6102.0,,6102.0,69409.0,29216.0,Estimate
1999,0030,ADAMS COUNTY 14,Adams,001,district,,,,,12.0,school_panel,12.0,12.0,6073.0,,6073.0,71628.0,30033.0,Estimate
2000,0030,ADAMS COUNTY 14,Adams,001,district,283.6263,school_sum,,283.6263,12.0,school_panel,,12.0,,,6450.0,70181.0,29752.0,Estimate
2001,0030,ADAMS COUNTY 14,Adams,001,district,346.9027,school_sum,,346.9027,13.0,school_panel,,13.0,6586.0,6586.0,6586.0,71653.0,30305.0,Estimate
2002,0030,ADAMS COUNTY 14,Adams,001,district,341.0043,school_sum,,341.0043,13.0,school_panel,,13.0,6698.0,6698.0,6698.0,73795.0,31849.0,Estimate
2003,0030,ADAMS COUNTY 14,Adams,001,district,366.7316,school_sum,,366.7316,13.0,school_panel,,13.0,6528.0,6528.0,6528.0,74777.0,33081.0,Estimate
2004,0030,ADAMS COUNTY 14,Adams,001,district,375.7362,school_sum,,375.7362,14.0,school_panel,,14.0,6636.0,6636.0,6636.0,76363.0,34151.0,Estimate
2005,0030,ADAMS COUNTY 14,Adams,001,district,411.239,school_sum,,411.239,15.0,school_panel,,15.0,6868.0,6868.0,6868.0,78386.0,35267.0,Estimate
2006,0030,ADAMS COUNTY 14,Adams,001,district,371.3354,school_sum,,371.3354,15.0,school_panel,,15.0,6836.0,6836.0,6836.0,81080.0,36440.0,Estimate
2007,0030,ADAMS COUNTY 14,Adams,001,district,400.7844,school_sum,,400.7844,14.0,school_panel,,14.0,6731.0,6731.0,6731.0,82938.0,36881.0,Estimate
2008,0030,ADAMS COUNTY 14,Adams,001,district,400.0144,school_sum,,400.0144,14.0,school_panel,,14.0,7058.0,7058.0,7058.0,85046.0,37364.0,Estimate
2009,0030,ADAMS COUNTY 14,Adams,001,district,386.1352,school_sum,,386.1352,14.0,school_panel,,14.0,7422.0,7422.0,7422.0,87403.0,37751.0,Estimate
2010,0030,ADAMS COUNTY 14,Adams,001,district,379.826,published,379.826,379.695,14.0,school_panel,,14.0,7549.0,7549.0,7549.0,88959.0,37607.0,Estimate
2011,0030,ADAMS COUNTY 14,Adams,001,district,364.14,school_sum,,364.14,13.0,school_panel,,13.0,7321.0,7321.0,7321.0,91259.0,37349.0,Estimate
2012,0030,ADAMS COUNTY 14,Adams,001,district,423.15,school_sum,,423.15,13.0,school_panel,,13.0,7500.0,7500.0,7500.0,93630.0,36591.0,Estimate
2013,0030,ADAMS COUNTY 14,Adams,001,district,427.25,school_sum,,427.25,13.0,school_panel,,13.0,7598.0,7598.0,7598.0,95884.0,36224.0,Estimate
2014,0030,ADAMS COUNTY 14,Adams,001,district,401.408,school_sum,,401.408,13.0,school_panel,,13.0,7584.0,7584.0,7584.0,97916.0,35911.0,Estimate
2015,0030,ADAMS COUNTY 14,Adams,001,district,387.41,school_sum,,387.41,13.0,school_panel,,13.0,7577.0,7577.0,7577.0,99774.0,36039.0,Estimate
2016,0030,ADAMS COUNTY 14,Adams,001,district,379.65,published,379.65,379.16,13.0,school_panel,,13.0,7467.0,7467.0,7467.0,100584.0,35709.0,Estimate
2017,0030,,Adams,001,,,,,,13.0,school_panel,,13.0,7400.0,7400.0,7400.0,100046.0,35536.0,Estimate
2018,0030,ADAMS COUNTY 14,Adams,001,district,371.18,published,371.18,370.16,13.0,school_panel,,13.0,7060.0,7060.0,7060.0,100346.0,35329.0,Estimate
2019,0030,Adams County 14,Adams,001,district,354.8,school_sum,,354.8,13.0,school_panel,,13.0,6610.0,6610.0,6610.0,99901.0,34939.0,Estimate
2020,0030,,Adams,001,,,,,,13.0,school_panel,,13.0,6066.0,6066.0,6066.0,99928.0,34486.0,Estimate
2021,0030,,Adams,001,,,,,,13.0,school_panel,,13.0,6114.0,6114.0,6114.0,99274.0,34152.0,Estimate
2022,0030,Adams County 14,Adams,001,district,329.0,published,329.0,324.9,13.0,school_panel,,13.0,5692.0,5692.0,5692.0,98936.0,34078.0,Estimate
2023,0030,Adams County 14,Adams,001,district,327.29999999999995,published,327.29999999999995,327.3,12.0,school_panel,,12.0,5484.0,5484.0,5484.0,98583.0,34260.0,Estimate
2024,0030,Adams County 14,Adams,001,district,318.9,published,318.9,315.0,12.0,school_panel,,12.0,5221.0,5221.0,5221.0,97924.0,34698.0,Estimate
1990,0040,BRIGHTON 27J,Adams,001,district,219.4,published,219.4,,8.0,school_panel,8.0,8.0,3953.0,,3953.0,53967.0,23427.0,Estimate
1991,0040,BRIGHTON 27J,Adams,001,district,213.9,published,213.9,,8.0,school_panel,8.0,8.0,4093.0,,4093.0,55519.0,23992.0,Estimate
1992,0040,BRIGHTON 27J,Adams,001,district,217.4,published,217.4,,8.0,school_panel,8.0,8.0,4194.0,,4194.0,57048.0,24563.0,Estimate
1993,0040,BRIGHTON 27J,Adams,001,district,218.4,published,218.4,,8.0,school_panel,8.0,8.0,4182.0,,4182.0,58906.0,25267.0,Estimate
1994,0040,BRIGHTON 27J,Adams,001,district,214.2,published,214.2,,9.0,school_panel,9.0,9.0,4304.0,,4304.0,60885.0,26017.0,Estimate
1995,0040,BRIGHTON 27J,Adams,001,district,220.1,published,220.1,,9.0,school_panel,9.0,9.0,4468.0,,4468.0,63223.0,26916.0,Estimate
1996,0040,BRIGHTON 27J,Adams,001,district,232.7,published,232.7,,9.0,school_panel,9.0,9.0,4562.0,,4562.0,65280.0,27690.0,Estimate
1997,0040,BRIGHTON 27J,Adams,001,district,237.6,published,237.6,,9.0,school_panel,9.0,9.0,4772.0,,4772.0,67191.0,28389.0,Estimate
1998,0040,BRIGHTON 27J,Adams,001,district,266.7,published,266.7,,10.0,school_panel,10.0,10.0,4980.0,,4980.0,69409.0,29216.0,Estimate
1999,0040,BRIGHTON 27J,Adams,001,district,,,,,10.0,school_panel,10.0,10.0,5308.0,,5308.0,71628.0,30033.0,Estimate
2000,0040,BRIGHTON 27J,Adams,001,district,233.783,school_sum,,233.783,10.0,school_panel,,10.0,,,5793.0,70181.0,29752.0,Estimate
2001,0040,BRIGHTON 27J,Adams,001,district,346.2799,school_sum,,346.2799,11.0,school_panel,,11.0,6575.0,6575.0,6575.0,71653.0,30305.0,Estimate
2002,0040,BRIGHTON 27J,Adams,001,district,390.2611,school_sum,,390.2611,12.0,school_panel,,12.0,6655.0,6655.0,7277.0,73795.0,31849.0,Estimate
2003,0040,BRIGHTON 27J,Adams,001,district,484.399,school_sum,,484.399,15.0,school_panel,,15.0,8261.0,8261.0,8261.0,74777.0,33081.0,Estimate
2004,0040,BRIGHTON 27J,Adams,001,district,517.7943,school_sum,,517.7943,15.0,school_panel,,15.0,9256.0,9256.0,9256.0,76363.0,34151.0,Estimate
2005,0040,BRIGHTON 27J,Adams,001,district,545.5014,school_sum,,545.5014,15.0,school_panel,,15.0,10450.0,10450.0,10450.0,78386.0,35267.0,Estimate
2006,0040,BRIGHTON 27J,Adams,001,district,625.5765,school_sum,,625.5765,16.0,school_panel,,16.0,11569.0,11569.0,11569.0,81080.0,36440.0,Estimate
2007,0040,BRIGHTON 27J,Adams,001,district,656.457,school_sum,,656.457,19.0,school_panel,,19.0,12608.0,12608.0,12608.0,82938.0,36881.0,Estimate
2008,0040,BRIGHTON 27J,Adams,001,district,704.0391,school_sum,,704.0391,23.0,school_panel,,23.0,13711.0,13711.0,13711.0,85046.0,37364.0,Estimate
2009,0040,BRIGHTON 27J,Adams,001,district,755.5191,school_sum,,755.5191,23.0,school_panel,,23.0,14469.0,14469.0,14485.0,87403.0,37751.0,Estimate
2010,0040,BRIGHTON 27J,Adams,001,district,718.142,published,718.142,711.353,25.0,school_panel,,25.0,15063.0,15063.0,15089.0,88959.0,37607.0,Estimate
2011,0040,BRIGHTON 27J,Adams,001,district,755.67,school_sum,,755.67,24.0,school_panel,,24.0,15646.0,15646.0,15668.0,91259.0,37349.0,Estimate
2012,0040,BRIGHTON 27J,Adams,001,district,737.2,school_sum,,737.2,25.0,school_panel,,25.0,16163.0,16163.0,16184.0,93630.0,36591.0,Estimate
2013,0040,BRIGHTON 27J,Adams,001,district,792.43,school_sum,,792.43,26.0,school_panel,,26.0,16698.0,16698.0,16717.0,95884.0,36224.0,Estimate
2014,0040,SCHOOL DISTRICT 27J,Adams,001,district,827.3521,school_sum,,827.3521,26.0,school_panel,,26.0,17103.0,17103.0,17129.0,97916.0,35911.0,Estimate
2015,0040,SCHOOL DISTRICT 27J,Adams,001,district,815.39,school_sum,,815.39,26.0,school_panel,,26.0,17042.0,17042.0,17069.0,99774.0,36039.0,Estimate
2016,0040,SCHOOL DISTRICT 27J,Adams,001,district,829.04,published,829.04,817.62,27.0,school_panel,,27.0,17115.0,17115.0,17136.0,100584.0,35709.0,Estimate
2017,0040,,Adams,001,,,,,,28.0,school_panel,,28.0,17883.0,17883.0,17908.0,100046.0,35536.0,Estimate
2018,0040,SCHOOL DISTRICT 27J,Adams,001,district,847.4,published,847.4,828.93,30.0,school_panel,,30.0,18712.0,18712.0,18740.0,100346.0,35329.0,Estimate
2019,0040,School District 27J,Adams,001,district,895.3,school_sum,,895.3,29.0,school_panel,,29.0,19248.0,19248.0,19275.0,99901.0,34939.0,Estimate
2020,0040,,Adams,001,,,,,,29.0,school_panel,,29.0,19188.0,19188.0,19203.0,99928.0,34486.0,Estimate
2021,0040,,Adams,001,,,,,,31.0,school_panel,,31.0,20338.0,20338.0,20357.0,99274.0,34152.0,Estimate
2022,0040,School District 27J,Adams,001,district,1159.5,published,1159.5,1149.2,32.0,school_panel,,32.0,22687.0,22687.0,22713.0,98936.0,34078.0,Estimate
2023,0040,School District 27J,Adams,001,district,1208.1,published,1208.1,1208.1,33.0,school_panel,,33.0,23108.0,23108.0,23139.0,98583.0,34260.0,Estimate
2024,0040,School District 27J,Adams,001,district,1231.0,published,1231.0,1217.4,34.0,school_panel,,34.0,24014.0,24014.0,24044.0,97924.0,34698.0,Estimate
1990,0050,BENNETT 29J,Adams,001,district,51.7,published,51.7,,3.0,school_panel,3.0,3.0,811.0,,811.0,53967.0,23427.0,Estimate
1991,0050,BENNETT 29J,Adams,001,district,52.7,published,52.7,,3.0,school_panel,3.0,3.0,874.0,,874.0,55519.0,23992.0,Estimate
1992,0050,BENNETT 29J,Adams,001,district,53.2,published,53.2,,3.0,school_panel,3.0,3.0,899.0,,899.0,57048.0,24563.0,Estimate
1993,0050,BENNETT 29J,Adams,001,district,55.5,published,55.5,,3.0,school_panel,3.0,3.0,961.0,,961.0,58906.0,25267.0,Estimate
1994,0050,BENNETT 29J,Adams,001,district,58.5,published,58.5,,3.0,school_panel,3.0,3.0,1023.0,,1023.0,60885.0,26017.0,Estimate
1995,0050,BENNETT 29J,Adams,001,district,61.5,published,61.5,,3.0,school_panel,3.0,3.0,1067.0,,1067.0,63223.0,26916.0,Estimate
1996,0050,BENNETT 29J,Adams,001,district,60.5,published,60.5,,3.0,school_panel,3.0,3.0,1055.0,,1055.0,65280.0,27690.0,Estimate
1997,0050,BENNETT 29J,Adams,001,district,62.5,published,62.5,,3.0,school_panel,3.0,3.0,1036.0,,1036.0,67191.0,28389.0,Estimate
1998,0050,BENNETT 29J,Adams,001,district,64.7,published,64.7,,4.0,school_panel,4.0,4.0,995.0,,995.0,69409.0,29216.0,Estimate
1999,0050,BENNETT 29J,Adams,001,district,,,,,4.0,school_panel,3.0,4.0,958.0,,958.0,71628.0,30033.0,Estimate
2000,0050,BENNETT 29J,Adams,001,district,61.5109,school_sum,,61.5109,4.0,school_panel,,4.0,,,998.0,70181.0,29752.0,Estimate
2001,0050,BENNETT 29J,Adams,001,district,65.777,school_sum,,65.777,4.0,school_panel,,4.0,1002.0,1002.0,1002.0,71653.0,30305.0,Estimate
2002,0050,BENNETT 29J,Adams,001,district,62.4315,school_sum,,62.4315,4.0,school_panel,,4.0,978.0,978.0,978.0,73795.0,31849.0,Estimate
2003,0050,BENNETT 29J,Adams,001,district,62.5993,school_sum,,62.5993,4.0,school_panel,,4.0,1067.0,1067.0,1067.0,74777.0,33081.0,Estimate
2004,0050,BENNETT 29J,Adams,001,district,62.4005,school_sum,,62.4005,5.0,school_panel,,5.0,1133.0,1133.0,1133.0,76363.0,34151.0,Estimate
2005,0050,BENNETT 29J,Adams,001,district,61.875,school_sum,,61.875,5.0,school_panel,,5.0,1126.0,1126.0,1126.0,78386.0,35267.0,Estimate
2006,0050,BENNETT 29J,Adams,001,district,63.5,school_sum,,63.5,5.0,school_panel,,5.0,1173.0,1173.0,1173.0,81080.0,36440.0,Estimate
2007,0050,BENNETT 29J,Adams,001,district,68.8176,school_sum,,68.8176,5.0,school_panel,,5.0,1152.0,1152.0,1152.0,82938.0,36881.0,Estimate
2008,0050,BENNETT 29J,Adams,001,district,67.3804,school_sum,,67.3804,5.0,school_panel,,5.0,1139.0,1139.0,1139.0,85046.0,37364.0,Estimate
2009,0050,BENNETT 29J,Adams,001,district,63.6795,school_sum,,63.6795,5.0,school_panel,,5.0,1127.0,1127.0,1127.0,87403.0,37751.0,Estimate
2010,0050,BENNETT 29J,Adams,001,district,62.882,published,62.882,62.882,5.0,school_panel,,5.0,1150.0,1150.0,1150.0,88959.0,37607.0,Estimate
2011,0050,BENNETT 29J,Adams,001,district,64.83,school_sum,,64.83,5.0,school_panel,,5.0,1085.0,1085.0,1085.0,91259.0,37349.0,Estimate
2012,0050,BENNETT 29J,Adams,001,district,63.24,school_sum,,63.24,5.0,school_panel,,5.0,1044.0,1044.0,1044.0,93630.0,36591.0,Estimate
2013,0050,BENNETT 29J,Adams,001,district,52.78,school_sum,,52.78,5.0,school_panel,,5.0,1013.0,1013.0,1013.0,95884.0,36224.0,Estimate
2014,0050,BENNETT 29J,Adams,001,district,52.3643,school_sum,,52.3643,4.0,school_panel,,4.0,1079.0,1079.0,1079.0,97916.0,35911.0,Estimate
2015,0050,BENNETT 29J,Adams,001,district,54.88,school_sum,,54.88,4.0,school_panel,,4.0,1100.0,1100.0,1100.0,99774.0,36039.0,Estimate
2016,0050,BENNETT 29J,Adams,001,district,56.89,published,56.89,56.89,4.0,school_panel,,4.0,1089.0,1089.0,1089.0,100584.0,35709.0,Estimate
2017,0050,,Adams,001,,,,,,4.0,school_panel,,4.0,1126.0,1126.0,1126.0,100046.0,35536.0,Estimate
2018,0050,BENNETT 29J,Adams,001,district,61.77,published,61.77,61.64,4.0,school_panel,,4.0,1105.0,1105.0,1105.0,100346.0,35329.0,Estimate
2019,0050,Bennett 29J,Adams,001,district,62.4,school_sum,,62.4,5.0,school_panel,,5.0,1117.0,1117.0,1117.0,99901.0,34939.0,Estimate
2020,0050,,Adams,001,,,,,,5.0,school_panel,,5.0,1175.0,1175.0,1175.0,99928.0,34486.0,Estimate
2021,0050,,Adams,001,,,,,,5.0,school_panel,,5.0,1249.0,1249.0,1249.0,99274.0,34152.0,Estimate
2022,0050,Bennett 29J,Adams,001,district,71.6,published,71.6,70.5,5.0,school_panel,,5.0,1296.0,1296.0,1296.0,98936.0,34078.0,Estimate
2023,0050,Bennett 29J,Adams,001,district,94.1,published,94.1,94.1,6.0,school_panel,,6.0,1570.0,1645.0,1645.0,98583.0,34260.0,Estimate
2024,0050,Bennett 29J,Adams,001,district,91.0,published,91.0,90.3,6.0,school_panel,,6.0,1793.0,1793.0,1793.0,97924.0,34698.0,Estimate
1990,0060,STRASBURG 31J,Adams,001,district,31.7,published,31.7,,3.0,school_panel,3.0,3.0,410.0,,410.0,53967.0,23427.0,Estimate
1991,0060,STRASBURG 31J,Adams,001,district,26.0,published,26.0,,3.0,school_panel,3.0,3.0,420.0,,420.0,55519.0,23992.0,Estimate
1992,0060,STRASBURG 31J,Adams,001,district,25.0,published,25.0,,3.0,school_panel,3.0,3.0,443.0,,443.0,57048.0,24563.0,Estimate
1993,0060,STRASBURG 31J,Adams,001,district,26.0,published,26.0,,3.0,school_panel,3.0,3.0,473.0,,473.0,58906.0,25267.0,Estimate
1994,0060,STRASBURG 31J,Adams,001,district,26.5,published,26.5,,3.0,school_panel,3.0,3.0,475.0,,475.0,60885.0,26017.0,Estimate
1995,0060,STRASBURG 31J,Adams,001,district,27.6,published,27.6,,3.0,school_panel,3.0,3.0,482.0,,482.0,63223.0,26916.0,Estimate
1996,0060,STRASBURG 31J,Adams,001,district,27.6,published,27.6,,3.0,school_panel,3.0,3.0,501.0,,501.0,65280.0,27690.0,Estimate
1997,0060,STRASBURG 31J,Adams,001,district,29.3,published,29.3,,3.0,school_panel,3.0,3.0,528.0,,528.0,67191.0,28389.0,Estimate
1998,0060,STRASBURG 31J,Adams,001,district,31.4,published,31.4,,3.0,school_panel,3.0,3.0,592.0,,592.0,69409.0,29216.0,Estimate
1999,0060,STRASBURG 31J,Adams,001,district,,,,,4.0,school_panel,4.0,4.0,696.0,,696.0,71628.0,30033.0,Estimate
2000,0060,STRASBURG 31J,Adams,001,district,36.875,school_sum,,36.875,4.0,school_panel,,4.0,,,749.0,70181.0,29752.0,Estimate
2001,0060,STRASBURG 31J,Adams,001,district,40.625,school_sum,,40.625,4.0,school_panel,,4.0,798.0,798.0,798.0,71653.0,30305.0,Estimate
2002,0060,STRASBURG 31J,Adams,001,district,41.25,school_sum,,41.25,4.0,school_panel,,4.0,779.0,779.0,779.0,73795.0,31849.0,Estimate
2003,0060,STRASBURG 31J,Adams,001,district,43.0,school_sum,,43.0,4.0,school_panel,,4.0,890.0,890.0,890.0,74777.0,33081.0,Estimate
2004,0060,STRASBURG 31J,Adams,001,district,49.25,school_sum,,49.25,5.0,school_panel,,5.0,932.0,932.0,932.0,76363.0,34151.0,Estimate
2005,0060,STRASBURG 31J,Adams,001,district,48.25,school_sum,,48.25,5.0,school_panel,,5.0,977.0,977.0,977.0,78386.0,35267.0,Estimate
2006,0060,STRASBURG 31J,Adams,001,district,55.0,school_sum,,55.0,5.0,school_panel,,5.0,958.0,958.0,958.0,81080.0,36440.0,Estimate
2007,0060,STRASBURG 31J,Adams,001,district,59.0508,school_sum,,59.0508,4.0,school_panel,,4.0,1006.0,1006.0,1006.0,82938.0,36881.0,Estimate
2008,0060,STRASBURG 31J,Adams,001,district,60.0,school_sum,,60.0,4.0,school_panel,,4.0,1009.0,1009.0,1009.0,85046.0,37364.0,Estimate
2009,0060,STRASBURG 31J,Adams,001,district,59.11,school_sum,,59.11,4.0,school_panel,,4.0,1041.0,1041.0,1041.0,87403.0,37751.0,Estimate
2010,0060,STRASBURG 31J,Adams,001,district,59.385,published,59.385,59.385,4.0,school_panel,,4.0,1026.0,1026.0,1026.0,88959.0,37607.0,Estimate
2011,0060,STRASBURG 31J,Adams,001,district,56.36,school_sum,,56.36,4.0,school_panel,,4.0,1022.0,1022.0,1022.0,91259.0,37349.0,Estimate
2012,0060,STRASBURG 31J,Adams,001,district,57.01,school_sum,,57.01,4.0,school_panel,,4.0,1001.0,1001.0,1001.0,93630.0,36591.0,Estimate
2013,0060,STRASBURG 31J,Adams,001,district,57.13,school_sum,,57.13,4.0,school_panel,,4.0,1072.0,1072.0,1072.0,95884.0,36224.0,Estimate
2014,0060,STRASBURG 31J,Adams,001,district,59.6,school_sum,,59.6,4.0,school_panel,,4.0,1042.0,1042.0,1042.0,97916.0,35911.0,Estimate
2015,0060,STRASBURG 31J,Adams,001,district,54.15,school_sum,,54.15,4.0,school_panel,,4.0,1036.0,1036.0,1036.0,99774.0,36039.0,Estimate
2016,0060,STRASBURG 31J,Adams,001,district,57.07,published,57.07,56.07,4.0,school_panel,,4.0,972.0,972.0,972.0,100584.0,35709.0,Estimate
2017,0060,,Adams,001,,,,,,4.0,school_panel,,4.0,1018.0,1018.0,1018.0,100046.0,35536.0,Estimate
2018,0060,STRASBURG 31J,Adams,001,district,61.27,published,61.27,65.27,4.0,school_panel,,4.0,1065.0,1065.0,1065.0,100346.0,35329.0,Estimate
2019,0060,Strasburg 31J,Adams,001,district,69.4,school_sum,,69.4,4.0,school_panel,,4.0,1080.0,1080.0,1080.0,99901.0,34939.0,Estimate
2020,0060,,Adams,001,,,,,,4.0,school_panel,,4.0,1072.0,1072.0,1072.0,99928.0,34486.0,Estimate
2021,0060,,Adams,001,,,,,,4.0,school_panel,,4.0,1171.0,1171.0,1171.0,99274.0,34152.0,Estimate
2022,0060,Strasburg 31J,Adams,001,district,68.8,published,68.8,68.9,4.0,school_panel,,4.0,1209.0,1209.0,1209.0,98936.0,34078.0,Estimate
2023,0060,Strasburg 31J,Adams,001,district,71.1,published,71.1,71.1,4.0,school_panel,,4.0,1187.0,1187.0,1187.0,98583.0,34260.0,Estimate
2024,0060,Strasburg 31J,Adams,001,district,66.7,published,66.7,66.8,4.0,school_panel,,4.0,1180.0,1180.0,1180.0,97924.0,34698.0,Estimate
1990,0070,WESTMINSTER 50,Adams,001,district,615.2,published,615.2,,23.0,school_panel,23.0,23.0,10990.0,,10990.0,53967.0,23427.0,Estimate
1991,0070,WESTMINSTER 50,Adams,001,district,628.2,published,628.2,,24.0,school_panel,24.0,24.0,10917.0,,10917.0,55519.0,23992.0,Estimate
1992,0070,WESTMINSTER 50,Adams,001,district,613.4,published,613.4,,24.0,school_panel,23.0,24.0,11063.0,,11063.0,57048.0,24563.0,Estimate
1993,0070,WESTMINSTER 50,Adams,001,district,621.1,published,621.1,,24.0,school_panel,23.0,24.0,11335.0,,11335.0,58906.0,25267.0,Estimate
1994,0070,WESTMINSTER 50,Adams,001,district,631.6,published,631.6,,25.0,school_panel,24.0,25.0,11441.0,,11441.0,60885.0,26017.0,Estimate
1995,0070,WESTMINSTER 50,Adams,001,district,640.4,published,640.4,,25.0,school_panel,24.0,25.0,11406.0,,11406.0,63223.0,26916.0,Estimate
1996,0070,WESTMINSTER 50,Adams,001,district,638.6,published,638.6,,25.0,school_panel,24.0,25.0,11360.0,,11360.0,65280.0,27690.0,Estimate
1997,0070,WESTMINSTER 50,Adams,001,district,649.3,published,649.3,,26.0,school_panel,24.0,26.0,11453.0,,11453.0,67191.0,28389.0,Estimate
1998,0070,WESTMINSTER 50,Adams,001,district,688.6,published,688.6,,25.0,school_panel,25.0,25.0,11504.0,,11504.0,69409.0,29216.0,Estimate
1999,0070,WESTMINSTER 50,Adams,001,district,,,,,25.0,school_panel,25.0,25.0,11439.0,,11439.0,71628.0,30033.0,Estimate
2000,0070,WESTMINSTER 50,Adams,001,district,654.2017,school_sum,,654.2017,25.0,school_panel,,25.0,,,11210.0,70181.0,29752.0,Estimate
2001,0070,WESTMINSTER 50,Adams,001,district,641.5503,school_sum,,641.5503,25.0,school_panel,,25.0,8168.0,8168.0,11230.0,71653.0,30305.0,Estimate
2002,0070,WESTMINSTER 50,Adams,001,district,634.5391,school_sum,,634.5391,25.0,school_panel,,25.0,7943.0,7943.0,10914.0,73795.0,31849.0,Estimate
2003,0070,WESTMINSTER 50,Adams,001,district,671.0764,school_sum,,671.0764,25.0,school_panel,,25.0,10467.0,10467.0,10467.0,74777.0,33081.0,Estimate
2004,0070,WESTMINSTER 50,Adams,001,district,657.3477,school_sum,,657.3477,23.0,school_panel,,23.0,10667.0,10667.0,10667.0,76363.0,34151.0,Estimate
2005,0070,WESTMINSTER 50,Adams,001,district,656.7971,school_sum,,656.7971,24.0,school_panel,,24.0,10762.0,10762.0,10762.0,78386.0,35267.0,Estimate
2006,0070,WESTMINSTER 50,Adams,001,district,665.1086,school_sum,,665.1086,24.0,school_panel,,24.0,10681.0,10681.0,10681.0,81080.0,36440.0,Estimate
2007,0070,WESTMINSTER 50,Adams,001,district,555.78,school_sum,,555.78,21.0,school_panel,,21.0,9969.0,9969.0,9969.0,82938.0,36881.0,Estimate
2008,0070,WESTMINSTER 50,Adams,001,district,525.6531,school_sum,,525.6531,20.0,school_panel,,20.0,9712.0,9712.0,9712.0,85046.0,37364.0,Estimate
2009,0070,WESTMINSTER 50,Adams,001,district,540.0819,school_sum,,540.0819,20.0,school_panel,,20.0,9860.0,9860.0,9860.0,87403.0,37751.0,Estimate
2010,0070,WESTMINSTER 50,Adams,001,district,533.28,published,533.28,523.748,19.0,school_panel,,19.0,10049.0,10049.0,10049.0,88959.0,37607.0,Estimate
2011,0070,WESTMINSTER 50,Adams,001,district,532.25,school_sum,,532.25,19.0,school_panel,,19.0,10124.0,10124.0,10124.0,91259.0,37349.0,Estimate
2012,0070,WESTMINSTER 50,Adams,001,district,530.83,school_sum,,530.83,19.0,school_panel,,19.0,10069.0,10069.0,10069.0,93630.0,36591.0,Estimate
2013,0070,WESTMINSTER 50,Adams,001,district,524.99,school_sum,,524.99,20.0,school_panel,,20.0,10101.0,10101.0,10101.0,95884.0,36224.0,Estimate
2014,0070,WESTMINSTER 50,Adams,001,district,527.2472,school_sum,,527.2472,20.0,school_panel,,20.0,10161.0,10161.0,10161.0,97916.0,35911.0,Estimate
2015,0070,WESTMINSTER 50,Adams,001,district,485.1,school_sum,,485.1,19.0,school_panel,,19.0,9500.0,9500.0,9500.0,99774.0,36039.0,Estimate
2016,0070,WESTMINSTER PUBLIC SCHOOLS,Adams,001,district,496.46,published,496.46,486.85,20.0,school_panel,,20.0,9634.0,9634.0,9634.0,100584.0,35709.0,Estimate
2017,0070,,Adams,001,,,,,,20.0,school_panel,,20.0,9437.0,9437.0,9437.0,100046.0,35536.0,Estimate
2018,0070,WESTMINSTER PUBLIC SCHOOLS,Adams,001,district,514.65,published,514.65,505.48,20.0,school_panel,,20.0,9274.0,9274.0,9274.0,100346.0,35329.0,Estimate
2019,0070,Westminster Public Schools,Adams,001,district,510.7,school_sum,,510.7,20.0,school_panel,,20.0,9089.0,9089.0,9089.0,99901.0,34939.0,Estimate
2020,0070,,Adams,001,,,,,,21.0,school_panel,,21.0,8373.0,8373.0,8373.0,99928.0,34486.0,Estimate
2021,0070,,Adams,001,,,,,,20.0,school_panel,,20.0,8320.0,8320.0,8320.0,99274.0,34152.0,Estimate
2022,0070,Westminster Public Schools,Adams,001,district,472.4,published,472.4,465.0,20.0,school_panel,,20.0,8004.0,8004.0,8004.0,98936.0,34078.0,Estimate
2023,0070,Westminster Public Schools,Adams,001,district,435.8,published,435.8,435.8,18.0,school_panel,,18.0,7574.0,7631.0,7631.0,98583.0,34260.0,Estimate
2024,0070,Westminster Public Schools,Adams,001,district,428.4,published,428.4,420.0,18.0,school_panel,,18.0,7724.0,7724.0,7724.0,97924.0,34698.0,Estimate
1990,0100,ALAMOSA RE-11J,Alamosa,003,district,136.1,published,136.1,,6.0,school_panel,6.0,6.0,2453.0,,2453.0,2796.0,1181.0,Estimate
1991,0100,ALAMOSA RE-11J,Alamosa,003,district,137.8,published,137.8,,6.0,school_panel,6.0,6.0,2550.0,,2550.0,2795.0,1152.0,Estimate
1992,0100,ALAMOSA RE-11J,Alamosa,003,district,141.0,published,141.0,,6.0,school_panel,6.0,6.0,2500.0,,2500.0,2777.0,1124.0,Estimate
1993,0100,ALAMOSA RE-11J,Alamosa,003,district,141.6,published,141.6,,6.0,school_panel,6.0,6.0,2493.0,,2493.0,2795.0,1105.0,Estimate
1994,0100,ALAMOSA RE-11J,Alamosa,003,district,144.9,published,144.9,,6.0,school_panel,6.0,6.0,2490.0,,2490.0,2821.0,1095.0,Estimate
1995,0100,ALAMOSA RE-11J,Alamosa,003,district,145.9,published,145.9,,6.0,school_panel,6.0,6.0,2500.0,,2500.0,2875.0,1092.0,Estimate
1996,0100,ALAMOSA RE-11J,Alamosa,003,district,146.3,published,146.3,,6.0,school_panel,6.0,6.0,2474.0,,2474.0,2917.0,1083.0,Estimate
1997,0100,ALAMOSA RE-11J,Alamosa,003,district,145.8,published,145.8,,6.0,school_panel,6.0,6.0,2523.0,,2523.0,2945.0,1071.0,Estimate
1998,0100,ALAMOSA RE-11J,Alamosa,003,district,154.8,published,154.8,,6.0,school_panel,6.0,6.0,2503.0,,2503.0,2970.0,1054.0,Estimate
1999,0100,ALAMOSA RE-11J,Alamosa,003,district,,,,,6.0,school_panel,6.0,6.0,2401.0,,2401.0,3008.0,1045.0,Estimate
2000,0100,ALAMOSA RE-11J,Alamosa,003,district,134.2257,school_sum,,134.2257,6.0,school_panel,,6.0,,,2429.0,3059.0,1038.0,Estimate
2001,0100,ALAMOSA RE-11J,Alamosa,003,district,147.4545,school_sum,,147.4545,6.0,school_panel,,6.0,2442.0,2442.0,2442.0,3058.0,1049.0,Estimate
2002,0100,ALAMOSA RE-11J,Alamosa,003,district,130.9545,school_sum,,130.9545,6.0,school_panel,,6.0,2280.0,2280.0,2280.0,3010.0,1066.0,Estimate
2003,0100,ALAMOSA RE-11J,Alamosa,003,district,126.4571,school_sum,,126.4571,6.0,school_panel,,6.0,2454.0,2454.0,2454.0,2990.0,1073.0,Estimate
2004,0100,ALAMOSA RE-11J,Alamosa,003,district,142.4459,school_sum,,142.4459,6.0,school_panel,,6.0,2252.0,2252.0,2252.0,2900.0,1112.0,Estimate
2005,0100,ALAMOSA RE-11J,Alamosa,003,district,122.238,school_sum,,122.238,6.0,school_panel,,6.0,2265.0,2265.0,2265.0,2844.0,1127.0,Estimate
2006,0100,ALAMOSA RE-11J,Alamosa,003,district,140.9371,school_sum,,140.9371,6.0,school_panel,,6.0,2148.0,2148.0,2148.0,2778.0,1138.0,Estimate
2007,0100,ALAMOSA RE-11J,Alamosa,003,district,136.3077,school_sum,,136.3077,6.0,school_panel,,6.0,2147.0,2147.0,2147.0,2716.0,1134.0,Estimate
2008,0100,ALAMOSA RE-11J,Alamosa,003,district,136.9054,school_sum,,136.9054,6.0,school_panel,,6.0,2119.0,2119.0,2119.0,2672.0,1152.0,Estimate
2009,0100,ALAMOSA RE-11J,Alamosa,003,district,134.2711,school_sum,,134.2711,6.0,school_panel,,6.0,2046.0,2046.0,2046.0,2624.0,1169.0,Estimate
2010,0100,ALAMOSA RE-11J,Alamosa,003,district,125.145,published,125.145,106.089,6.0,school_panel,,6.0,2081.0,2081.0,2081.0,2622.0,1199.0,Estimate
2011,0100,ALAMOSA RE-11J,Alamosa,003,district,89.62,school_sum,,89.62,4.0,school_panel,,4.0,2098.0,2098.0,2098.0,2666.0,1209.0,Estimate
2012,0100,ALAMOSA RE-11J,Alamosa,003,district,9.5,school_sum,,9.5,4.0,school_panel,,4.0,2072.0,2072.0,2072.0,2702.0,1190.0,Estimate
2013,0100,ALAMOSA RE-11J,Alamosa,003,district,123.17,school_sum,,123.17,4.0,school_panel,,4.0,2046.0,2046.0,2046.0,2750.0,1168.0,Estimate
2014,0100,ALAMOSA RE-11J,Alamosa,003,district,122.4617,school_sum,,122.4617,4.0,school_panel,,4.0,2136.0,2136.0,2136.0,2805.0,1151.0,Estimate
2015,0100,ALAMOSA RE-11J,Alamosa,003,district,128.67,school_sum,,128.67,4.0,school_panel,,4.0,2237.0,2237.0,2237.0,2832.0,1130.0,Estimate
2016,0100,ALAMOSA RE-11J,Alamosa,003,district,127.52,published,127.52,130.79,4.0,school_panel,,4.0,2339.0,2339.0,2339.0,2845.0,1090.0,Estimate
2017,0100,,Alamosa,003,,,,,,4.0,school_panel,,4.0,2336.0,2336.0,2336.0,2871.0,1080.0,Estimate
2018,0100,ALAMOSA RE-11J,Alamosa,003,district,125.13,published,125.13,128.78,4.0,school_panel,,4.0,2333.0,2333.0,2333.0,2882.0,1056.0,Estimate
2019,0100,Alamosa RE-11J,Alamosa,003,district,132.9,school_sum,,132.9,4.0,school_panel,,4.0,2298.0,2298.0,2298.0,2876.0,1006.0,Estimate
2020,0100,,Alamosa,003,,,,,,5.0,school_panel,,5.0,2176.0,2176.0,2176.0,2918.0,996.0,Estimate
2021,0100,,Alamosa,003,,,,,,5.0,school_panel,,5.0,2188.0,2188.0,2188.0,2989.0,996.0,Estimate
2022,0100,Alamosa RE-11J,Alamosa,003,district,135.5,published,135.5,135.5,6.0,school_panel,,6.0,2116.0,2116.0,2116.0,3011.0,993.0,Estimate
2023,0100,Alamosa RE-11J,Alamosa,003,district,138.89999999999998,published,138.89999999999998,138.9,6.0,school_panel,,6.0,2056.0,2056.0,2056.0,3013.0,974.0,Estimate
2024,0100,Alamosa RE-11J,Alamosa,003,district,139.1,published,139.1,139.2,6.0,school_panel,,6.0,2038.0,2038.0,2038.0,2982.0,950.0,Estimate
1990,0110,SANGRE DE CRISTO RE-22J,Alamosa,003,district,21.0,published,21.0,,2.0,school_panel,2.0,2.0,295.0,,295.0,2796.0,1181.0,Estimate
1991,0110,SANGRE DE CRISTO RE-22J,Alamosa,003,district,21.0,published,21.0,,2.0,school_panel,2.0,2.0,297.0,,297.0,2795.0,1152.0,Estimate
1992,0110,SANGRE DE CRISTO RE-22J,Alamosa,003,district,21.5,published,21.5,,2.0,school_panel,2.0,2.0,282.0,,282.0,2777.0,1124.0,Estimate
1993,0110,SANGRE DE CRISTO RE-22J,Alamosa,003,district,21.0,published,21.0,,2.0,school_panel,2.0,2.0,311.0,,311.0,2795.0,1105.0,Estimate
1994,0110,SANGRE DE CRISTO RE-22J,Alamosa,003,district,21.3,published,21.3,,2.0,school_panel,2.0,2.0,323.0,,323.0,2821.0,1095.0,Estimate
1995,0110,SANGRE DE CRISTO RE-22J,Alamosa,003,district,21.3,published,21.3,,2.0,school_panel,2.0,2.0,325.0,,325.0,2875.0,1092.0,Estimate
1996,0110,SANGRE DE CRISTO RE-22J,Alamosa,003,district,22.3,published,22.3,,2.0,school_panel,2.0,2.0,323.0,,323.0,2917.0,1083.0,Estimate
1997,0110,SANGRE DE CRISTO RE-22J,Alamosa,003,district,23.2,published,23.2,,2.0,school_panel,2.0,2.0,299.0,,299.0,2945.0,1071.0,Estimate
1998,0110,SANGRE DE CRISTO RE-22J,Alamosa,003,district,24.1,published,24.1,,2.0,school_panel,2.0,2.0,321.0,,321.0,2970.0,1054.0,Estimate
1999,0110,SANGRE DE CRISTO RE-22J,Alamosa,003,district,,,,,2.0,school_panel,2.0,2.0,328.0,,328.0,3008.0,1045.0,Estimate
2000,0110,SANGRE DE CRISTO RE-22J,Alamosa,003,district,25.6329,school_sum,,25.6329,2.0,school_panel,,2.0,,,331.0,3059.0,1038.0,Estimate
2001,0110,SANGRE DE CRISTO RE-22J,Alamosa,003,district,24.7017,school_sum,,24.7017,2.0,school_panel,,2.0,,,322.0,3058.0,1049.0,Estimate
2002,0110,SANGRE DE CRISTO RE-22J,Alamosa,003,district,27.5885,school_sum,,27.5885,2.0,school_panel,,2.0,,,321.0,3010.0,1066.0,Estimate
2003,0110,SANGRE DE CRISTO RE-22J,Alamosa,003,district,27.4104,school_sum,,27.4104,2.0,school_panel,,2.0,335.0,335.0,335.0,2990.0,1073.0,Estimate
2004,0110,SANGRE DE CRISTO RE-22J,Alamosa,003,district,24.6002,school_sum,,24.6002,2.0,school_panel,,2.0,336.0,336.0,336.0,2900.0,1112.0,Estimate
2005,0110,SANGRE DE CRISTO RE-22J,Alamosa,003,district,24.7293,school_sum,,24.7293,2.0,school_panel,,2.0,328.0,328.0,328.0,2844.0,1127.0,Estimate
2006,0110,SANGRE DE CRISTO RE-22J,Alamosa,003,district,25.2949,school_sum,,25.2949,2.0,school_panel,,2.0,335.0,335.0,335.0,2778.0,1138.0,Estimate
2007,0110,SANGRE DE CRISTO RE-22J,Alamosa,003,district,29.5806,school_sum,,29.5806,2.0,school_panel,,2.0,330.0,330.0,330.0,2716.0,1134.0,Estimate
2008,0110,SANGRE DE CRISTO RE-22J,Alamosa,003,district,28.4378,school_sum,,28.4378,2.0,school_panel,,2.0,317.0,317.0,317.0,2672.0,1152.0,Estimate
2009,0110,SANGRE DE CRISTO RE-22J,Alamosa,003,district,29.954,school_sum,,29.954,2.0,school_panel,,2.0,323.0,323.0,323.0,2624.0,1169.0,Estimate
2010,0110,SANGRE DE CRISTO RE-22J,Alamosa,003,district,28.811,published,28.811,28.811,2.0,school_panel,,2.0,312.0,312.0,312.0,2622.0,1199.0,Estimate
2011,0110,SANGRE DE CRISTO RE-22J,Alamosa,003,district,27.26,school_sum,,27.26,2.0,school_panel,,2.0,310.0,310.0,310.0,2666.0,1209.0,Estimate
2012,0110,SANGRE DE CRISTO RE-22J,Alamosa,003,district,27.09,school_sum,,27.09,2.0,school_panel,,2.0,316.0,316.0,316.0,2702.0,1190.0,Estimate
2013,0110,SANGRE DE CRISTO RE-22J,Alamosa,003,district,26.63,school_sum,,26.63,2.0,school_panel,,2.0,324.0,324.0,324.0,2750.0,1168.0,Estimate
2014,0110,SANGRE DE CRISTO RE-22J,Alamosa,003,district,27.2563,school_sum,,27.2563,2.0,school_panel,,2.0,337.0,337.0,337.0,2805.0,1151.0,Estimate
2015,0110,SANGRE DE CRISTO RE-22J,Alamosa,003,district,26.82,school_sum,,26.82,2.0,school_panel,,2.0,307.0,307.0,307.0,2832.0,1130.0,Estimate
2016,0110,SANGRE DE CRISTO RE-22J,Alamosa,003,district,24.05,published,24.05,24.34,2.0,school_panel,,2.0,297.0,297.0,297.0,2845.0,1090.0,Estimate
2017,0110,,Alamosa,003,,,,,,2.0,school_panel,,2.0,310.0,310.0,310.0,2871.0,1080.0,Estimate
2018,0110,SANGRE DE CRISTO RE-22J,Alamosa,003,district,26.92,published,26.92,27.14,2.0,school_panel,,2.0,310.0,310.0,310.0,2882.0,1056.0,Estimate
2019,0110,Sangre De Cristo Re-22J,Alamosa,003,district,26.1,school_sum,,26.1,2.0,school_panel,,2.0,285.0,285.0,285.0,2876.0,1006.0,Estimate
2020,0110,,Alamosa,003,,,,,,2.0,school_panel,,2.0,240.0,240.0,240.0,2918.0,996.0,Estimate
2021,0110,,Alamosa,003,,,,,,2.0,school_panel,,2.0,246.0,246.0,246.0,2989.0,996.0,Estimate
2022,0110,Sangre De Cristo Re-22J,Alamosa,003,district,22.0,published,22.0,22.0,2.0,school_panel,,2.0,262.0,262.0,259.0,3011.0,993.0,Estimate
2023,0110,Sangre De Cristo Re-22J,Alamosa,003,district,26.1,published,26.1,26.1,2.0,school_panel,,2.0,277.0,277.0,277.0,3013.0,974.0,Estimate
2024,0110,Sangre De Cristo Re-22J,Alamosa,003,district,24.9,published,24.9,24.9,2.0,school_panel,,2.0,256.0,256.0,256.0,2982.0,950.0,Estimate
1990,0120,ENGLEWOOD 1,Arapahoe,005,district,212.3,published,212.3,,9.0,school_panel,9.0,9.0,4153.0,,4153.0,75721.0,31321.0,Estimate
1991,0120,ENGLEWOOD 1,Arapahoe,005,district,208.4,published,208.4,,9.0,school_panel,9.0,9.0,4369.0,,4369.0,77912.0,31582.0,Estimate
1992,0120,ENGLEWOOD 1,Arapahoe,005,district,219.2,published,219.2,,10.0,school_panel,9.0,10.0,4476.0,,4476.0,80937.0,32275.0,Estimate
1993,0120,ENGLEWOOD 1,Arapahoe,005,district,218.4,published,218.4,,10.0,school_panel,9.0,10.0,4533.0,,4533.0,83069.0,32583.0,Estimate
1994,0120,ENGLEWOOD 1,Arapahoe,005,district,226.7,published,226.7,,11.0,school_panel,10.0,11.0,4650.0,,4650.0,85048.0,32802.0,Estimate
1995,0120,ENGLEWOOD 1,Arapahoe,005,district,222.4,published,222.4,,11.0,school_panel,10.0,11.0,4704.0,,4704.0,86485.0,32797.0,Estimate
1996,0120,ENGLEWOOD 1,Arapahoe,005,district,226.6,published,226.6,,11.0,school_panel,10.0,11.0,4588.0,,4588.0,88397.0,32953.0,Estimate
1997,0120,ENGLEWOOD 1,Arapahoe,005,district,225.4,published,225.4,,11.0,school_panel,10.0,11.0,4581.0,,4581.0,90215.0,33054.0,Estimate
1998,0120,ENGLEWOOD 1,Arapahoe,005,district,229.6,published,229.6,,11.0,school_panel,10.0,11.0,4568.0,,4568.0,93099.0,33516.0,Estimate
1999,0120,ENGLEWOOD 1,Arapahoe,005,district,,,,,10.0,school_panel,10.0,10.0,4378.0,,4378.0,95119.0,33639.0,Estimate
2000,0120,ENGLEWOOD 1,Arapahoe,005,district,247.891,school_sum,,247.891,11.0,school_panel,,11.0,,,4412.0,97248.0,33780.0,Estimate
2001,0120,ENGLEWOOD 1,Arapahoe,005,district,254.846,school_sum,,254.846,11.0,school_panel,,11.0,3685.0,3685.0,4327.0,98499.0,34421.0,Estimate
2002,0120,ENGLEWOOD 1,Arapahoe,005,district,235.0564,school_sum,,235.0564,11.0,school_panel,,11.0,3558.0,3558.0,4200.0,99264.0,35231.0,Estimate
2003,0120,ENGLEWOOD 1,Arapahoe,005,district,223.9374,school_sum,,223.9374,11.0,school_panel,,11.0,4084.0,4084.0,4084.0,99238.0,35909.0,Estimate
2004,0120,ENGLEWOOD 1,Arapahoe,005,district,216.3834,school_sum,,216.3834,11.0,school_panel,,11.0,3883.0,3883.0,3883.0,99580.0,36929.0,Estimate
2005,0120,ENGLEWOOD 1,Arapahoe,005,district,217.2551,school_sum,,217.2551,11.0,school_panel,,11.0,3733.0,3733.0,3733.0,99070.0,37828.0,Estimate
2006,0120,ENGLEWOOD 1,Arapahoe,005,district,205.1925,school_sum,,205.1925,11.0,school_panel,,11.0,3495.0,3495.0,3495.0,100001.0,38754.0,Estimate
2007,0120,ENGLEWOOD 1,Arapahoe,005,district,196.6033,school_sum,,196.6033,10.0,school_panel,,10.0,3427.0,3427.0,3427.0,101715.0,39625.0,Estimate
2008,0120,ENGLEWOOD 1,Arapahoe,005,district,196.5627,school_sum,,196.5627,10.0,school_panel,,10.0,3298.0,3298.0,3298.0,103256.0,40321.0,Estimate
2009,0120,ENGLEWOOD 1,Arapahoe,005,district,188.1558,school_sum,,188.1558,9.0,school_panel,,9.0,3124.0,3124.0,3124.0,105183.0,40669.0,Estimate
2010,0120,ENGLEWOOD 1,Arapahoe,005,district,171.283,published,171.283,170.914,9.0,school_panel,,9.0,2992.0,2992.0,2992.0,106831.0,40662.0,Estimate
2011,0120,ENGLEWOOD 1,Arapahoe,005,district,163.13,school_sum,,163.13,9.0,school_panel,,9.0,2954.0,2954.0,2954.0,107973.0,40579.0,Estimate
2012,0120,ENGLEWOOD 1,Arapahoe,005,district,170.32,school_sum,,170.32,9.0,school_panel,,9.0,2981.0,2981.0,2981.0,109211.0,40314.0,Estimate
2013,0120,ENGLEWOOD 1,Arapahoe,005,district,183.59,school_sum,,183.59,9.0,school_panel,,9.0,2835.0,2835.0,2835.0,110901.0,40227.0,Estimate
2014,0120,ENGLEWOOD 1,Arapahoe,005,district,182.6728,school_sum,,182.6728,9.0,school_panel,,9.0,2866.0,2866.0,2866.0,112354.0,40161.0,Estimate
2015,0120,ENGLEWOOD 1,Arapahoe,005,district,178.63,school_sum,,178.63,9.0,school_panel,,9.0,2854.0,2854.0,2854.0,114045.0,40644.0,Estimate
2016,0120,ENGLEWOOD 1,Arapahoe,005,district,180.79,published,180.79,180.53,9.0,school_panel,,9.0,2775.0,2775.0,2775.0,114867.0,40830.0,Estimate
2017,0120,,Arapahoe,005,,,,,,9.0,school_panel,,9.0,2759.0,2759.0,2759.0,114689.0,40484.0,Estimate
2018,0120,ENGLEWOOD 1,Arapahoe,005,district,182.03,published,182.03,180.67,9.0,school_panel,,9.0,2633.0,2633.0,2633.0,115532.0,40323.0,Estimate
2019,0120,Englewood 1,Arapahoe,005,district,181.1,school_sum,,181.1,9.0,school_panel,,9.0,2634.0,2634.0,2634.0,115444.0,39705.0,Estimate
2020,0120,,Arapahoe,005,,,,,,9.0,school_panel,,9.0,2460.0,2460.0,2460.0,115329.0,39053.0,Estimate
2021,0120,,Arapahoe,005,,,,,,9.0,school_panel,,9.0,2440.0,2440.0,2440.0,114808.0,38507.0,Estimate
2022,0120,Englewood 1,Arapahoe,005,district,180.3,published,180.3,179.4,9.0,school_panel,,9.0,2441.0,2441.0,2441.0,114002.0,38360.0,Estimate
2023,0120,Englewood 1,Arapahoe,005,district,164.29999999999998,published,164.29999999999998,164.3,9.0,school_panel,,9.0,2368.0,2368.0,2368.0,112867.0,38252.0,Estimate
2024,0120,Englewood 1,Arapahoe,005,district,165.7,published,165.7,164.7,9.0,school_panel,,9.0,2406.0,2406.0,2406.0,111727.0,38421.0,Estimate
1990,0123,SHERIDAN 2,Arapahoe,005,district,84.3,published,84.3,,4.0,school_panel,4.0,4.0,1598.0,,1598.0,75721.0,31321.0,Estimate
1991,0123,SHERIDAN 2,Arapahoe,005,district,86.9,published,86.9,,4.0,school_panel,4.0,4.0,1646.0,,1646.0,77912.0,31582.0,Estimate
1992,0123,SHERIDAN 2,Arapahoe,005,district,89.9,published,89.9,,5.0,school_panel,4.0,5.0,1824.0,,1824.0,80937.0,32275.0,Estimate
1993,0123,SHERIDAN 2,Arapahoe,005,district,92.0,published,92.0,,5.0,school_panel,5.0,5.0,1928.0,,1928.0,83069.0,32583.0,Estimate
1994,0123,SHERIDAN 2,Arapahoe,005,district,106.0,published,106.0,,5.0,school_panel,5.0,5.0,1983.0,,1983.0,85048.0,32802.0,Estimate
1995,0123,SHERIDAN 2,Arapahoe,005,district,110.6,published,110.6,,5.0,school_panel,5.0,5.0,1974.0,,1974.0,86485.0,32797.0,Estimate
1996,0123,SHERIDAN 2,Arapahoe,005,district,118.8,published,118.8,,5.0,school_panel,5.0,5.0,2008.0,,2008.0,88397.0,32953.0,Estimate
1997,0123,SHERIDAN 2,Arapahoe,005,district,133.7,published,133.7,,5.0,school_panel,5.0,5.0,2136.0,,2136.0,90215.0,33054.0,Estimate
1998,0123,SHERIDAN 2,Arapahoe,005,district,131.3,published,131.3,,5.0,school_panel,5.0,5.0,2102.0,,2102.0,93099.0,33516.0,Estimate
1999,0123,SHERIDAN 2,Arapahoe,005,district,,,,,5.0,school_panel,5.0,5.0,1969.0,,1969.0,95119.0,33639.0,Estimate
2000,0123,SHERIDAN 2,Arapahoe,005,district,123.7952,school_sum,,123.7952,5.0,school_panel,,5.0,,,2087.0,97248.0,33780.0,Estimate
2001,0123,SHERIDAN 2,Arapahoe,005,district,130.9863,school_sum,,130.9863,5.0,school_panel,,5.0,1410.0,1410.0,1989.0,98499.0,34421.0,Estimate
2002,0123,SHERIDAN 2,Arapahoe,005,district,126.7594,school_sum,,126.7594,5.0,school_panel,,5.0,1408.0,1408.0,1936.0,99264.0,35231.0,Estimate
2003,0123,SHERIDAN 2,Arapahoe,005,district,122.3932,school_sum,,122.3932,5.0,school_panel,,5.0,1861.0,1861.0,1861.0,99238.0,35909.0,Estimate
2004,0123,SHERIDAN 2,Arapahoe,005,district,117.0889,school_sum,,117.0889,5.0,school_panel,,5.0,1749.0,1749.0,1749.0,99580.0,36929.0,Estimate
2005,0123,SHERIDAN 2,Arapahoe,005,district,106.3144,school_sum,,106.3144,5.0,school_panel,,5.0,1770.0,1770.0,1770.0,99070.0,37828.0,Estimate
2006,0123,SHERIDAN 2,Arapahoe,005,district,103.5854,school_sum,,103.5854,5.0,school_panel,,5.0,1613.0,1613.0,1613.0,100001.0,38754.0,Estimate
2007,0123,SHERIDAN 2,Arapahoe,005,district,100.9889,school_sum,,100.9889,5.0,school_panel,,5.0,1519.0,1519.0,1519.0,101715.0,39625.0,Estimate
2008,0123,SHERIDAN 2,Arapahoe,005,district,95.3837,school_sum,,95.3837,5.0,school_panel,,5.0,1640.0,1640.0,1640.0,103256.0,40321.0,Estimate
2009,0123,SHERIDAN 2,Arapahoe,005,district,97.8004,school_sum,,97.8004,5.0,school_panel,,5.0,1595.0,1595.0,1595.0,105183.0,40669.0,Estimate
2010,0123,SHERIDAN 2,Arapahoe,005,district,104.613,published,104.613,104.612,5.0,school_panel,,5.0,1653.0,1653.0,1653.0,106831.0,40662.0,Estimate
2011,0123,SHERIDAN 2,Arapahoe,005,district,96.29,school_sum,,96.29,5.0,school_panel,,5.0,1641.0,1641.0,1641.0,107973.0,40579.0,Estimate
2012,0123,SHERIDAN 2,Arapahoe,005,district,96.78,school_sum,,96.78,5.0,school_panel,,5.0,1584.0,1584.0,1584.0,109211.0,40314.0,Estimate
2013,0123,SHERIDAN 2,Arapahoe,005,district,84.55,school_sum,,84.55,5.0,school_panel,,5.0,1583.0,1583.0,1583.0,110901.0,40227.0,Estimate
2014,0123,SHERIDAN 2,Arapahoe,005,district,86.9185,school_sum,,86.9185,5.0,school_panel,,5.0,1536.0,1536.0,1536.0,112354.0,40161.0,Estimate
2015,0123,SHERIDAN 2,Arapahoe,005,district,95.11,school_sum,,95.11,5.0,school_panel,,5.0,1538.0,1538.0,1538.0,114045.0,40644.0,Estimate
2016,0123,SHERIDAN 2,Arapahoe,005,district,101.98,published,101.98,101.48,5.0,school_panel,,5.0,1511.0,1511.0,1511.0,114867.0,40830.0,Estimate
2017,0123,,Arapahoe,005,,,,,,5.0,school_panel,,5.0,1402.0,1402.0,1402.0,114689.0,40484.0,Estimate
2018,0123,SHERIDAN 2,Arapahoe,005,district,86.55,published,86.55,86.54,5.0,school_panel,,5.0,1420.0,1420.0,1420.0,115532.0,40323.0,Estimate
2019,0123,Sheridan 2,Arapahoe,005,district,89.5,school_sum,,89.5,5.0,school_panel,,5.0,1359.0,1359.0,1359.0,115444.0,39705.0,Estimate
2020,0123,,Arapahoe,005,,,,,,5.0,school_panel,,5.0,1246.0,1246.0,1246.0,115329.0,39053.0,Estimate
2021,0123,,Arapahoe,005,,,,,,5.0,school_panel,,5.0,1177.0,1177.0,1177.0,114808.0,38507.0,Estimate
2022,0123,Sheridan 2,Arapahoe,005,district,76.9,published,76.9,76.9,5.0,school_panel,,5.0,1125.0,1125.0,1125.0,114002.0,38360.0,Estimate
2023,0123,Sheridan 2,Arapahoe,005,district,69.3,published,69.3,69.3,5.0,school_panel,,5.0,1058.0,1058.0,1058.0,112867.0,38252.0,Estimate
2024,0123,Sheridan 2,Arapahoe,005,district,68.1,published,68.1,68.0,5.0,school_panel,,5.0,1018.0,1018.0,1018.0,111727.0,38421.0,Estimate
1990,0130,CHERRY CREEK 5,Arapahoe,005,district,1649.5,published,1649.5,,37.0,school_panel,37.0,37.0,29210.0,,29210.0,75721.0,31321.0,Estimate
1991,0130,CHERRY CREEK 5,Arapahoe,005,district,1696.0,published,1696.0,,39.0,school_panel,39.0,39.0,30675.0,,30675.0,77912.0,31582.0,Estimate
1992,0130,CHERRY CREEK 5,Arapahoe,005,district,1783.0,published,1783.0,,41.0,school_panel,41.0,41.0,31962.0,,31962.0,80937.0,32275.0,Estimate
1993,0130,CHERRY CREEK 5,Arapahoe,005,district,1833.8,published,1833.8,,42.0,school_panel,41.0,42.0,33343.0,,33343.0,83069.0,32583.0,Estimate
1994,0130,CHERRY CREEK 5,Arapahoe,005,district,1910.2,published,1910.2,,43.0,school_panel,42.0,43.0,34714.0,,34714.0,85048.0,32802.0,Estimate
1995,0130,CHERRY CREEK 5,Arapahoe,005,district,1920.8,published,1920.8,,45.0,school_panel,43.0,45.0,35761.0,,35761.0,86485.0,32797.0,Estimate
1996,0130,CHERRY CREEK 5,Arapahoe,005,district,2018.2,published,2018.2,,45.0,school_panel,43.0,45.0,37128.0,,37128.0,88397.0,32953.0,Estimate
1997,0130,CHERRY CREEK 5,Arapahoe,005,district,2184.6,published,2184.6,,45.0,school_panel,44.0,45.0,38622.0,,38622.0,90215.0,33054.0,Estimate
1998,0130,CHERRY CREEK 5,Arapahoe,005,district,2254.3,published,2254.3,,46.0,school_panel,45.0,46.0,40089.0,,40089.0,93099.0,33516.0,Estimate
1999,0130,CHERRY CREEK 5,Arapahoe,005,district,,,,,49.0,school_panel,49.0,49.0,41052.0,,41052.0,95119.0,33639.0,Estimate
2000,0130,CHERRY CREEK 5,Arapahoe,005,district,2355.9478,school_sum,,2355.9478,49.0,school_panel,,49.0,,,42298.0,97248.0,33780.0,Estimate
2001,0130,CHERRY CREEK 5,Arapahoe,005,district,2505.772,school_sum,,2505.772,52.0,school_panel,,52.0,33178.0,33178.0,44198.0,98499.0,34421.0,Estimate
2002,0130,CHERRY CREEK 5,Arapahoe,005,district,2629.0699,school_sum,,2629.0699,53.0,school_panel,,53.0,36869.0,36869.0,45694.0,99264.0,35231.0,Estimate
2003,0130,CHERRY CREEK 5,Arapahoe,005,district,2675.6145,school_sum,,2675.6145,54.0,school_panel,,54.0,46594.0,46594.0,46594.0,99238.0,35909.0,Estimate
2004,0130,CHERRY CREEK 5,Arapahoe,005,district,2742.6503,school_sum,,2742.6503,50.0,school_panel,,50.0,47818.0,47818.0,47818.0,99580.0,36929.0,Estimate
2005,0130,CHERRY CREEK 5,Arapahoe,005,district,2821.0298,school_sum,,2821.0298,53.0,school_panel,,53.0,48573.0,48573.0,48573.0,99070.0,37828.0,Estimate
2006,0130,CHERRY CREEK 5,Arapahoe,005,district,2911.8533,school_sum,,2911.8533,54.0,school_panel,,54.0,49600.0,49600.0,49600.0,100001.0,38754.0,Estimate
2007,0130,CHERRY CREEK 5,Arapahoe,005,district,2893.1498,school_sum,,2893.1498,55.0,school_panel,,55.0,50601.0,50601.0,50601.0,101715.0,39625.0,Estimate
2008,0130,CHERRY CREEK 5,Arapahoe,005,district,2769.4124,school_sum,,2769.4124,56.0,school_panel,,56.0,50902.0,50902.0,50902.0,103256.0,40321.0,Estimate
2009,0130,CHERRY CREEK 5,Arapahoe,005,district,2919.5927,school_sum,,2919.5927,56.0,school_panel,,56.0,51389.0,51389.0,51389.0,105183.0,40669.0,Estimate
2010,0130,CHERRY CREEK 5,Arapahoe,005,district,2962.009,published,2962.009,2909.804,57.0,school_panel,,57.0,52166.0,51829.0,51829.0,106831.0,40662.0,Estimate
2011,0130,CHERRY CREEK 5,Arapahoe,005,district,2858.66,school_sum,,2858.66,57.0,school_panel,,57.0,52105.0,52105.0,52105.0,107973.0,40579.0,Estimate
2012,0130,CHERRY CREEK 5,Arapahoe,005,district,2885.29,school_sum,,2885.29,59.0,school_panel,,59.0,53016.0,53016.0,53016.0,109211.0,40314.0,Estimate
2013,0130,CHERRY CREEK 5,Arapahoe,005,district,2937.43,school_sum,,2937.43,59.0,school_panel,,59.0,53611.0,53611.0,53611.0,110901.0,40227.0,Estimate
2014,0130,CHERRY CREEK 5,Arapahoe,005,district,2954.831,school_sum,,2954.831,63.0,school_panel,,63.0,54499.0,54499.0,54499.0,112354.0,40161.0,Estimate
2015,0130,CHERRY CREEK 5,Arapahoe,005,district,2983.96,school_sum,,2983.96,64.0,school_panel,,64.0,54695.0,54695.0,54695.0,114045.0,40644.0,Estimate
2016,0130,CHERRY CREEK 5,Arapahoe,005,district,3077.08,published,3077.08,3018.28,65.0,school_panel,,65.0,54815.0,54815.0,54815.0,114867.0,40830.0,Estimate
2017,0130,,Arapahoe,005,,,,,,66.0,school_panel,,66.0,55657.0,55657.0,55657.0,114689.0,40484.0,Estimate
2018,0130,CHERRY CREEK 5,Arapahoe,005,district,3185.5,published,3185.5,3122.5,67.0,school_panel,,67.0,55791.0,55791.0,55791.0,115532.0,40323.0,Estimate
2019,0130,Cherry Creek 5,Arapahoe,005,district,3189.3,school_sum,,3189.3,69.0,school_panel,,69.0,56172.0,56172.0,56172.0,115444.0,39705.0,Estimate
2020,0130,,Arapahoe,005,,,,,,69.0,school_panel,,69.0,54167.0,54167.0,54167.0,115329.0,39053.0,Estimate
2021,0130,,Arapahoe,005,,,,,,69.0,school_panel,,69.0,53558.0,53558.0,53558.0,114808.0,38507.0,Estimate
2022,0130,Cherry Creek 5,Arapahoe,005,district,3201.9,published,3201.9,3107.6,70.0,school_panel,,70.0,52948.0,52948.0,52352.0,114002.0,38360.0,Estimate
2023,0130,Cherry Creek 5,Arapahoe,005,district,3170.2,published,3170.2,3170.2,70.0,school_panel,,70.0,52419.0,52419.0,51772.0,112867.0,38252.0,Estimate
2024,0130,Cherry Creek 5,Arapahoe,005,district,3213.7,published,3213.7,3140.0,69.0,school_panel,,69.0,52672.0,52672.0,51944.0,111727.0,38421.0,Estimate
1990,0140,LITTLETON 6,Arapahoe,005,district,804.8,published,804.8,,22.0,school_panel,22.0,22.0,15524.0,,15524.0,75721.0,31321.0,Estimate
1991,0140,LITTLETON 6,Arapahoe,005,district,827.2,published,827.2,,22.0,school_panel,22.0,22.0,15796.0,,15796.0,77912.0,31582.0,Estimate
1992,0140,LITTLETON 6,Arapahoe,005,district,808.3,published,808.3,,22.0,school_panel,22.0,22.0,15901.0,,15901.0,80937.0,32275.0,Estimate
1993,0140,LITTLETON 6,Arapahoe,005,district,851.3,published,851.3,,22.0,school_panel,22.0,22.0,15770.0,,15770.0,83069.0,32583.0,Estimate
1994,0140,LITTLETON 6,Arapahoe,005,district,869.4,published,869.4,,23.0,school_panel,22.0,23.0,15751.0,,15751.0,85048.0,32802.0,Estimate
1995,0140,LITTLETON 6,Arapahoe,005,district,832.6,published,832.6,,23.0,school_panel,22.0,23.0,15863.0,,15863.0,86485.0,32797.0,Estimate
1996,0140,LITTLETON 6,Arapahoe,005,district,855.6,published,855.6,,24.0,school_panel,23.0,24.0,16044.0,,16044.0,88397.0,32953.0,Estimate
1997,0140,LITTLETON 6,Arapahoe,005,district,870.3,published,870.3,,24.0,school_panel,23.0,24.0,16107.0,,16107.0,90215.0,33054.0,Estimate
1998,0140,LITTLETON 6,Arapahoe,005,district,915.6,published,915.6,,25.0,school_panel,25.0,25.0,16399.0,,16399.0,93099.0,33516.0,Estimate
1999,0140,LITTLETON 6,Arapahoe,005,district,,,,,25.0,school_panel,25.0,25.0,16373.0,,16373.0,95119.0,33639.0,Estimate
2000,0140,LITTLETON 6,Arapahoe,005,district,905.988,school_sum,,905.988,27.0,school_panel,,27.0,,,16516.0,97248.0,33780.0,Estimate
2001,0140,LITTLETON 6,Arapahoe,005,district,904.037,school_sum,,904.037,27.0,school_panel,,27.0,14699.0,14699.0,16590.0,98499.0,34421.0,Estimate
2002,0140,LITTLETON 6,Arapahoe,005,district,953.4635,school_sum,,953.4635,27.0,school_panel,,27.0,14585.0,14585.0,16408.0,99264.0,35231.0,Estimate
2003,0140,LITTLETON 6,Arapahoe,005,district,943.165,school_sum,,943.165,27.0,school_panel,,27.0,16458.0,16458.0,16458.0,99238.0,35909.0,Estimate
2004,0140,LITTLETON 6,Arapahoe,005,district,946.1638,school_sum,,946.1638,25.0,school_panel,,25.0,16245.0,16245.0,16245.0,99580.0,36929.0,Estimate
2005,0140,LITTLETON 6,Arapahoe,005,district,895.4045,school_sum,,895.4045,25.0,school_panel,,25.0,16132.0,16132.0,16132.0,99070.0,37828.0,Estimate
2006,0140,LITTLETON 6,Arapahoe,005,district,902.9931,school_sum,,902.9931,25.0,school_panel,,25.0,15989.0,15989.0,15989.0,100001.0,38754.0,Estimate
2007,0140,LITTLETON 6,Arapahoe,005,district,894.0807,school_sum,,894.0807,25.0,school_panel,,25.0,15937.0,15937.0,15937.0,101715.0,39625.0,Estimate
2008,0140,LITTLETON 6,Arapahoe,005,district,886.7503,school_sum,,886.7503,25.0,school_panel,,25.0,15869.0,15869.0,15869.0,103256.0,40321.0,Estimate
2009,0140,LITTLETON 6,Arapahoe,005,district,878.0006,school_sum,,878.0006,23.0,school_panel,,23.0,15753.0,15753.0,15753.0,105183.0,40669.0,Estimate
2010,0140,LITTLETON 6,Arapahoe,005,district,831.589,published,831.589,826.416,23.0,school_panel,,23.0,15733.0,15733.0,15733.0,106831.0,40662.0,Estimate
2011,0140,LITTLETON 6,Arapahoe,005,district,804.89,school_sum,,804.89,23.0,school_panel,,23.0,15571.0,15571.0,15571.0,107973.0,40579.0,Estimate
2012,0140,LITTLETON 6,Arapahoe,005,district,819.42,school_sum,,819.42,23.0,school_panel,,23.0,15754.0,15754.0,15754.0,109211.0,40314.0,Estimate
2013,0140,LITTLETON 6,Arapahoe,005,district,825.56,school_sum,,825.56,23.0,school_panel,,23.0,15830.0,15830.0,15830.0,110901.0,40227.0,Estimate
2014,0140,LITTLETON 6,Arapahoe,005,district,832.596,school_sum,,832.596,23.0,school_panel,,23.0,15691.0,15691.0,15691.0,112354.0,40161.0,Estimate
2015,0140,LITTLETON 6,Arapahoe,005,district,829.53,school_sum,,829.53,23.0,school_panel,,23.0,15780.0,15780.0,15780.0,114045.0,40644.0,Estimate
2016,0140,LITTLETON 6,Arapahoe,005,district,839.54,published,839.54,820.84,23.0,school_panel,,23.0,15517.0,15517.0,15517.0,114867.0,40830.0,Estimate
2017,0140,,Arapahoe,005,,,,,,23.0,school_panel,,23.0,15643.0,15643.0,15643.0,114689.0,40484.0,Estimate
2018,0140,LITTLETON 6,Arapahoe,005,district,846.34,published,846.34,821.15,23.0,school_panel,,23.0,15436.0,15436.0,15436.0,115532.0,40323.0,Estimate
2019,0140,Littleton 6,Arapahoe,005,district,828.1,school_sum,,828.1,23.0,school_panel,,23.0,14988.0,14988.0,14988.0,115444.0,39705.0,Estimate
2020,0140,,Arapahoe,005,,,,,,24.0,school_panel,,24.0,14132.0,14132.0,14132.0,115329.0,39053.0,Estimate
2021,0140,,Arapahoe,005,,,,,,24.0,school_panel,,24.0,13698.0,13698.0,13698.0,114808.0,38507.0,Estimate
2022,0140,Littleton 6,Arapahoe,005,district,791.1,published,791.1,778.9,22.0,school_panel,,22.0,13450.0,13450.0,13450.0,114002.0,38360.0,Estimate
2023,0140,Littleton 6,Arapahoe,005,district,732.7,published,732.7,732.7,20.0,school_panel,,20.0,13251.0,13251.0,13251.0,112867.0,38252.0,Estimate
2024,0140,Littleton 6,Arapahoe,005,district,766.3,published,766.3,726.8,20.0,school_panel,,20.0,13110.0,13110.0,13109.0,111727.0,38421.0,Estimate
1990,0170,DEER TRAIL 26J,Arapahoe,005,district,18.8,published,18.8,,2.0,school_panel,2.0,2.0,174.0,,174.0,75721.0,31321.0,Estimate
1991,0170,DEER TRAIL 26J,Arapahoe,005,district,19.0,published,19.0,,2.0,school_panel,2.0,2.0,161.0,,161.0,77912.0,31582.0,Estimate
1992,0170,DEER TRAIL 26J,Arapahoe,005,district,19.0,published,19.0,,2.0,school_panel,2.0,2.0,180.0,,180.0,80937.0,32275.0,Estimate
1993,0170,DEER TRAIL 26J,Arapahoe,005,district,17.6,published,17.6,,2.0,school_panel,2.0,2.0,168.0,,168.0,83069.0,32583.0,Estimate
1994,0170,DEER TRAIL 26J,Arapahoe,005,district,17.6,published,17.6,,2.0,school_panel,2.0,2.0,182.0,,182.0,85048.0,32802.0,Estimate
1995,0170,DEER TRAIL 26J,Arapahoe,005,district,18.5,published,18.5,,2.0,school_panel,2.0,2.0,211.0,,211.0,86485.0,32797.0,Estimate
1996,0170,DEER TRAIL 26J,Arapahoe,005,district,19.0,published,19.0,,2.0,school_panel,2.0,2.0,195.0,,195.0,88397.0,32953.0,Estimate
1997,0170,DEER TRAIL 26J,Arapahoe,005,district,19.0,published,19.0,,2.0,school_panel,2.0,2.0,209.0,,209.0,90215.0,33054.0,Estimate
1998,0170,DEER TRAIL 26J,Arapahoe,005,district,19.9,published,19.9,,2.0,school_panel,2.0,2.0,186.0,,186.0,93099.0,33516.0,Estimate
1999,0170,DEER TRAIL 26J,Arapahoe,005,district,,,,,2.0,school_panel,2.0,2.0,204.0,,204.0,95119.0,33639.0,Estimate
2000,0170,DEER TRAIL 26J,Arapahoe,005,district,19.875,school_sum,,19.875,2.0,school_panel,,2.0,,,182.0,97248.0,33780.0,Estimate
2001,0170,DEER TRAIL 26J,Arapahoe,005,district,19.875,school_sum,,19.875,2.0,school_panel,,2.0,103.0,103.0,191.0,98499.0,34421.0,Estimate
2002,0170,DEER TRAIL 26J,Arapahoe,005,district,20.875,school_sum,,20.875,2.0,school_panel,,2.0,95.0,95.0,196.0,99264.0,35231.0,Estimate
2003,0170,DEER TRAIL 26J,Arapahoe,005,district,20.875,school_sum,,20.875,2.0,school_panel,,2.0,201.0,201.0,201.0,99238.0,35909.0,Estimate
2004,0170,DEER TRAIL 26J,Arapahoe,005,district,21.625,school_sum,,21.625,2.0,school_panel,,2.0,230.0,230.0,230.0,99580.0,36929.0,Estimate
2005,0170,DEER TRAIL 26J,Arapahoe,005,district,21.5,school_sum,,21.5,2.0,school_panel,,2.0,214.0,214.0,214.0,99070.0,37828.0,Estimate
2006,0170,DEER TRAIL 26J,Arapahoe,005,district,20.25,school_sum,,20.25,2.0,school_panel,,2.0,204.0,204.0,204.0,100001.0,38754.0,Estimate
2007,0170,DEER TRAIL 26J,Arapahoe,005,district,21.0,school_sum,,21.0,2.0,school_panel,,2.0,177.0,177.0,177.0,101715.0,39625.0,Estimate
2008,0170,DEER TRAIL 26J,Arapahoe,005,district,20.5,school_sum,,20.5,2.0,school_panel,,2.0,172.0,172.0,172.0,103256.0,40321.0,Estimate
2009,0170,DEER TRAIL 26J,Arapahoe,005,district,20.027,school_sum,,20.027,2.0,school_panel,,2.0,165.0,165.0,165.0,105183.0,40669.0,Estimate
2010,0170,DEER TRAIL 26J,Arapahoe,005,district,20.388,published,20.388,20.388,2.0,school_panel,,2.0,167.0,167.0,167.0,106831.0,40662.0,Estimate
2011,0170,DEER TRAIL 26J,Arapahoe,005,district,19.33,school_sum,,19.33,2.0,school_panel,,2.0,178.0,178.0,178.0,107973.0,40579.0,Estimate
2012,0170,DEER TRAIL 26J,Arapahoe,005,district,18.44,school_sum,,18.44,2.0,school_panel,,2.0,185.0,185.0,185.0,109211.0,40314.0,Estimate
2013,0170,DEER TRAIL 26J,Arapahoe,005,district,18.72,school_sum,,18.72,2.0,school_panel,,2.0,176.0,176.0,176.0,110901.0,40227.0,Estimate
2014,0170,DEER TRAIL 26J,Arapahoe,005,district,18.8283,school_sum,,18.8283,2.0,school_panel,,2.0,184.0,184.0,184.0,112354.0,40161.0,Estimate
2015,0170,DEER TRAIL 26J,Arapahoe,005,district,12.04,school_sum,,12.04,2.0,school_panel,,2.0,189.0,189.0,189.0,114045.0,40644.0,Estimate
2016,0170,DEER TRAIL 26J,Arapahoe,005,district,18.36,published,18.36,18.37,2.0,school_panel,,2.0,196.0,196.0,196.0,114867.0,40830.0,Estimate
2017,0170,,Arapahoe,005,,,,,,2.0,school_panel,,2.0,205.0,205.0,205.0,114689.0,40484.0,Estimate
2018,0170,DEER TRAIL 26J,Arapahoe,005,district,18.68,published,18.68,18.69,2.0,school_panel,,2.0,210.0,210.0,210.0,115532.0,40323.0,Estimate
2019,0170,Deer Trail 26J,Arapahoe,005,district,18.6,school_sum,,18.6,2.0,school_panel,,2.0,253.0,253.0,253.0,115444.0,39705.0,Estimate
2020,0170,,Arapahoe,005,,,,,,2.0,school_panel,,2.0,254.0,254.0,254.0,115329.0,39053.0,Estimate
2021,0170,,Arapahoe,005,,,,,,2.0,school_panel,,2.0,295.0,295.0,295.0,114808.0,38507.0,Estimate
2022,0170,Deer Trail 26J,Arapahoe,005,district,14.2,published,14.2,14.3,2.0,school_panel,,2.0,325.0,325.0,325.0,114002.0,38360.0,Estimate
2023,0170,Deer Trail 26J,Arapahoe,005,district,26.6,published,26.6,26.6,2.0,school_panel,,2.0,361.0,361.0,361.0,112867.0,38252.0,Estimate
2024,0170,Deer Trail 26J,Arapahoe,005,district,28.0,published,28.0,23.8,2.0,school_panel,,2.0,327.0,327.0,327.0,111727.0,38421.0,Estimate
1990,0180,ADAMS-ARAPAHOE 28J,Arapahoe,005,district,1382.9,published,1382.9,,42.0,school_panel,43.0,42.0,25897.0,,25897.0,75721.0,31321.0,Estimate
1991,0180,ADAMS-ARAPAHOE 28J,Arapahoe,005,district,1440.0,published,1440.0,,44.0,school_panel,44.0,44.0,26759.0,,26759.0,77912.0,31582.0,Estimate
1992,0180,ADAMS-ARAPAHOE 28J,Arapahoe,005,district,1471.3,published,1471.3,,44.0,school_panel,45.0,44.0,27307.0,,27307.0,80937.0,32275.0,Estimate
1993,0180,ADAMS-ARAPAHOE 28J,Arapahoe,005,district,1472.1,published,1472.1,,44.0,school_panel,41.0,44.0,27430.0,,27430.0,83069.0,32583.0,Estimate
1994,0180,ADAMS-ARAPAHOE 28J,Arapahoe,005,district,1492.2,published,1492.2,,44.0,school_panel,41.0,44.0,27421.0,,27421.0,85048.0,32802.0,Estimate
1995,0180,ADAMS-ARAPAHOE 28J,Arapahoe,005,district,1480.0,published,1480.0,,44.0,school_panel,43.0,44.0,27825.0,,27825.0,86485.0,32797.0,Estimate
1996,0180,ADAMS-ARAPAHOE 28J,Arapahoe,005,district,1502.3,published,1502.3,,44.0,school_panel,41.0,44.0,28492.0,,28492.0,88397.0,32953.0,Estimate
1997,0180,ADAMS-ARAPAHOE 28J,Arapahoe,005,district,1530.4,published,1530.4,,45.0,school_panel,42.0,45.0,28600.0,,28600.0,90215.0,33054.0,Estimate
1998,0180,ADAMS-ARAPAHOE 28J,Arapahoe,005,district,1546.9,published,1546.9,,46.0,school_panel,46.0,46.0,29027.0,,29027.0,93099.0,33516.0,Estimate
1999,0180,ADAMS-ARAPAHOE 28J,Arapahoe,005,district,,,,,47.0,school_panel,47.0,47.0,29639.0,,29639.0,95119.0,33639.0,Estimate
2000,0180,ADAMS-ARAPAHOE 28J,Arapahoe,005,district,1519.2539,school_sum,,1519.2539,51.0,school_panel,,51.0,,,30441.0,97248.0,33780.0,Estimate
2001,0180,ADAMS-ARAPAHOE 28J,Arapahoe,005,district,1588.5434,school_sum,,1588.5434,51.0,school_panel,,51.0,27198.0,27198.0,31495.0,98499.0,34421.0,Estimate
2002,0180,ADAMS-ARAPAHOE 28J,Arapahoe,005,district,1654.916,school_sum,,1654.916,51.0,school_panel,,51.0,27868.0,27868.0,32253.0,99264.0,35231.0,Estimate
2003,0180,ADAMS-ARAPAHOE 28J,Arapahoe,005,district,1711.5853,school_sum,,1711.5853,51.0,school_panel,,51.0,32530.0,32530.0,32530.0,99238.0,35909.0,Estimate
2004,0180,ADAMS-ARAPAHOE 28J,Arapahoe,005,district,1722.6184,school_sum,,1722.6184,47.0,school_panel,,47.0,32251.0,32251.0,32251.0,99580.0,36929.0,Estimate
2005,0180,ADAMS-ARAPAHOE 28J,Arapahoe,005,district,1712.0288,school_sum,,1712.0288,49.0,school_panel,,49.0,33301.0,33301.0,33301.0,99070.0,37828.0,Estimate
2006,0180,ADAMS-ARAPAHOE 28J,Arapahoe,005,district,1802.6553,school_sum,,1802.6553,50.0,school_panel,,50.0,33831.0,33831.0,33831.0,100001.0,38754.0,Estimate
2007,0180,ADAMS-ARAPAHOE 28J,Arapahoe,005,district,1854.3473,school_sum,,1854.3473,52.0,school_panel,,52.0,33563.0,33563.0,33563.0,101715.0,39625.0,Estimate
2008,0180,ADAMS-ARAPAHOE 28J,Arapahoe,005,district,1797.2359,school_sum,,1797.2359,53.0,school_panel,,53.0,35523.0,35523.0,35523.0,103256.0,40321.0,Estimate
2009,0180,ADAMS-ARAPAHOE 28J,Arapahoe,005,district,1875.5983,school_sum,,1875.5983,55.0,school_panel,,55.0,36967.0,36967.0,36967.0,105183.0,40669.0,Estimate
2010,0180,ADAMS-ARAPAHOE 28J,Arapahoe,005,district,1940.855,published,1940.855,1907.862,57.0,school_panel,,57.0,38605.0,38579.0,38579.0,106831.0,40662.0,Estimate
2011,0180,ADAMS-ARAPAHOE 28J,Arapahoe,005,district,1960.54,school_sum,,1960.54,59.0,school_panel,,59.0,39674.0,39674.0,39674.0,107973.0,40579.0,Estimate
2012,0180,ADAMS-ARAPAHOE 28J,Arapahoe,005,district,2006.92,school_sum,,2006.92,59.0,school_panel,,59.0,39814.0,39814.0,39814.0,109211.0,40314.0,Estimate
2013,0180,ADAMS-ARAPAHOE 28J,Arapahoe,005,district,2075.02,school_sum,,2075.02,59.0,school_panel,,59.0,40877.0,40877.0,40853.0,110901.0,40227.0,Estimate
2014,0180,ADAMS-ARAPAHOE 28J,Arapahoe,005,district,2232.6864,school_sum,,2232.6864,60.0,school_panel,,60.0,41729.0,41729.0,41706.0,112354.0,40161.0,Estimate
2015,0180,ADAMS-ARAPAHOE 28J,Arapahoe,005,district,2280.78,school_sum,,2280.78,61.0,school_panel,,61.0,42249.0,42249.0,42230.0,114045.0,40644.0,Estimate
2016,0180,ADAMS-ARAPAHOE 28J,Arapahoe,005,district,2281.04,published,2281.04,2272.3,62.0,school_panel,,62.0,41797.0,41797.0,41781.0,114867.0,40830.0,Estimate
2017,0180,,Arapahoe,005,,,,,,64.0,school_panel,,64.0,40920.0,40920.0,40894.0,114689.0,40484.0,Estimate
2018,0180,ADAMS-ARAPAHOE 28J,Arapahoe,005,district,2208.28,published,2208.28,2196.51,63.0,school_panel,,63.0,39892.0,39892.0,39872.0,115532.0,40323.0,Estimate
2019,0180,Adams-Arapahoe 28J,Arapahoe,005,district,2247.1,school_sum,,2247.1,65.0,school_panel,,65.0,40088.0,40088.0,40069.0,115444.0,39705.0,Estimate
2020,0180,,Arapahoe,005,,,,,,65.0,school_panel,,65.0,37907.0,37907.0,37889.0,115329.0,39053.0,Estimate
2021,0180,,Arapahoe,005,,,,,,63.0,school_panel,,63.0,38451.0,38451.0,38439.0,114808.0,38507.0,Estimate
2022,0180,Adams-Arapahoe 28J,Arapahoe,005,district,2360.9,published,2360.9,2223.4,63.0,school_panel,,63.0,39051.0,39051.0,38122.0,114002.0,38360.0,Estimate
2023,0180,Adams-Arapahoe 28J,Arapahoe,005,district,2167.2,published,2167.2,2167.2,60.0,school_panel,,60.0,38130.0,39148.0,38165.0,112867.0,38252.0,Estimate
2024,0180,Adams-Arapahoe 28J,Arapahoe,005,district,2338.4,published,2338.4,2197.4,60.0,school_panel,,60.0,39813.0,39813.0,38691.0,111727.0,38421.0,Estimate
1990,0190,BYERS 32J,Arapahoe,005,district,26.0,published,26.0,,2.0,school_panel,2.0,2.0,345.0,,345.0,75721.0,31321.0,Estimate
1991,0190,BYERS 32J,Arapahoe,005,district,25.8,published,25.8,,2.0,school_panel,2.0,2.0,369.0,,369.0,77912.0,31582.0,Estimate
1992,0190,BYERS 32J,Arapahoe,005,district,25.0,published,25.0,,2.0,school_panel,2.0,2.0,387.0,,387.0,80937.0,32275.0,Estimate
1993,0190,BYERS 32J,Arapahoe,005,district,22.9,published,22.9,,2.0,school_panel,2.0,2.0,400.0,,400.0,83069.0,32583.0,Estimate
1994,0190,BYERS 32J,Arapahoe,005,district,25.4,published,25.4,,2.0,school_panel,2.0,2.0,419.0,,419.0,85048.0,32802.0,Estimate
1995,0190,BYERS 32J,Arapahoe,005,district,28.0,published,28.0,,2.0,school_panel,2.0,2.0,413.0,,413.0,86485.0,32797.0,Estimate
1996,0190,BYERS 32J,Arapahoe,005,district,29.0,published,29.0,,2.0,school_panel,2.0,2.0,420.0,,420.0,88397.0,32953.0,Estimate
1997,0190,BYERS 32J,Arapahoe,005,district,32.3,published,32.3,,2.0,school_panel,2.0,2.0,490.0,,490.0,90215.0,33054.0,Estimate
1998,0190,BYERS 32J,Arapahoe,005,district,44.7,published,44.7,,2.0,school_panel,2.0,2.0,478.0,,478.0,93099.0,33516.0,Estimate
1999,0190,BYERS 32J,Arapahoe,005,district,,,,,2.0,school_panel,2.0,2.0,491.0,,491.0,95119.0,33639.0,Estimate
2000,0190,BYERS 32J,Arapahoe,005,district,28.1389,school_sum,,28.1389,2.0,school_panel,,2.0,,,514.0,97248.0,33780.0,Estimate
2001,0190,BYERS 32J,Arapahoe,005,district,36.1389,school_sum,,36.1389,2.0,school_panel,,2.0,306.0,306.0,532.0,98499.0,34421.0,Estimate
2002,0190,BYERS 32J,Arapahoe,005,district,36.75,school_sum,,36.75,2.0,school_panel,,2.0,318.0,318.0,554.0,99264.0,35231.0,Estimate
2003,0190,BYERS 32J,Arapahoe,005,district,35.7639,school_sum,,35.7639,2.0,school_panel,,2.0,577.0,577.0,577.0,99238.0,35909.0,Estimate
2004,0190,BYERS 32J,Arapahoe,005,district,35.0833,school_sum,,35.0833,2.0,school_panel,,2.0,535.0,535.0,535.0,99580.0,36929.0,Estimate
2005,0190,BYERS 32J,Arapahoe,005,district,34.0,school_sum,,34.0,2.0,school_panel,,2.0,547.0,547.0,547.0,99070.0,37828.0,Estimate
2006,0190,BYERS 32J,Arapahoe,005,district,33.6712,school_sum,,33.6712,2.0,school_panel,,2.0,543.0,543.0,543.0,100001.0,38754.0,Estimate
2007,0190,BYERS 32J,Arapahoe,005,district,33.125,school_sum,,33.125,2.0,school_panel,,2.0,540.0,540.0,540.0,101715.0,39625.0,Estimate
2008,0190,BYERS 32J,Arapahoe,005,district,33.5028,school_sum,,33.5028,2.0,school_panel,,2.0,523.0,523.0,523.0,103256.0,40321.0,Estimate
2009,0190,BYERS 32J,Arapahoe,005,district,34.2781,school_sum,,34.2781,2.0,school_panel,,2.0,480.0,480.0,480.0,105183.0,40669.0,Estimate
2010,0190,BYERS 32J,Arapahoe,005,district,31.131,published,31.131,31.131,2.0,school_panel,,2.0,473.0,473.0,473.0,106831.0,40662.0,Estimate
2011,0190,BYERS 32J,Arapahoe,005,district,31.14,school_sum,,31.14,2.0,school_panel,,2.0,494.0,494.0,494.0,107973.0,40579.0,Estimate
2012,0190,BYERS 32J,Arapahoe,005,district,36.78,school_sum,,36.78,3.0,school_panel,,3.0,563.0,563.0,563.0,109211.0,40314.0,Estimate
2013,0190,BYERS 32J,Arapahoe,005,district,36.1,school_sum,,36.1,3.0,school_panel,,3.0,647.0,647.0,647.0,110901.0,40227.0,Estimate
2014,0190,BYERS 32J,Arapahoe,005,district,71.5998,school_sum,,71.5998,7.0,school_panel,,7.0,2142.0,2142.0,2142.0,112354.0,40161.0,Estimate
2015,0190,BYERS 32J,Arapahoe,005,district,71.57,school_sum,,71.57,7.0,school_panel,,7.0,3035.0,3035.0,3035.0,114045.0,40644.0,Estimate
2016,0190,BYERS 32J,Arapahoe,005,district,73.91,published,73.91,72.06,7.0,school_panel,,7.0,3019.0,3019.0,3019.0,114867.0,40830.0,Estimate
2017,0190,,Arapahoe,005,,,,,,7.0,school_panel,,7.0,2872.0,2872.0,2872.0,114689.0,40484.0,Estimate
2018,0190,BYERS 32J,Arapahoe,005,district,71.18,published,71.18,71.18,11.0,school_panel,,11.0,2916.0,2916.0,2916.0,115532.0,40323.0,Estimate
2019,0190,Byers 32J,Arapahoe,005,district,67.5,school_sum,,67.5,11.0,school_panel,,11.0,2344.0,2344.0,2344.0,115444.0,39705.0,Estimate
2020,0190,,Arapahoe,005,,,,,,11.0,school_panel,,11.0,5359.0,5359.0,5359.0,115329.0,39053.0,Estimate
2021,0190,,Arapahoe,005,,,,,,10.0,school_panel,,10.0,5352.0,5352.0,5352.0,114808.0,38507.0,Estimate
2022,0190,Byers 32J,Arapahoe,005,district,135.6,published,135.6,135.5,10.0,school_panel,,10.0,5671.0,5671.0,5671.0,114002.0,38360.0,Estimate
2023,0190,Byers 32J,Arapahoe,005,district,135.8,published,135.8,135.8,10.0,school_panel,,10.0,6456.0,6456.0,6456.0,112867.0,38252.0,Estimate
2024,0190,Byers 32J,Arapahoe,005,district,166.7,published,166.7,166.8,10.0,school_panel,,10.0,6853.0,6853.0,6853.0,111727.0,38421.0,Estimate
1990,0220,ARCHULETA COUNTY 50 JT,Archuleta,007,district,63.5,published,63.5,,3.0,school_panel,3.0,3.0,1117.0,,1117.0,1140.0,450.0,Estimate
1991,0220,ARCHULETA COUNTY 50 JT,Archuleta,007,district,66.6,published,66.6,,3.0,school_panel,3.0,3.0,1162.0,,1162.0,1187.0,451.0,Estimate
1992,0220,ARCHULETA COUNTY 50 JT,Archuleta,007,district,65.8,published,65.8,,3.0,school_panel,3.0,3.0,1248.0,,1248.0,1234.0,453.0,Estimate
1993,0220,ARCHULETA COUNTY 50 JT,Archuleta,007,district,65.6,published,65.6,,3.0,school_panel,3.0,3.0,1276.0,,1276.0,1287.0,458.0,Estimate
1994,0220,ARCHULETA COUNTY 50 JT,Archuleta,007,district,65.6,published,65.6,,3.0,school_panel,3.0,3.0,1331.0,,1331.0,1353.0,465.0,Estimate
1995,0220,ARCHULETA COUNTY 50 JT,Archuleta,007,district,71.5,published,71.5,,3.0,school_panel,3.0,3.0,1479.0,,1479.0,1463.0,483.0,Estimate
1996,0220,ARCHULETA COUNTY 50 JT,Archuleta,007,district,79.2,published,79.2,,3.0,school_panel,3.0,3.0,1483.0,,1483.0,1623.0,516.0,Estimate
1997,0220,ARCHULETA COUNTY 50 JT,Archuleta,007,district,80.2,published,80.2,,3.0,school_panel,3.0,3.0,1510.0,,1510.0,1733.0,529.0,Estimate
1998,0220,ARCHULETA COUNTY 50 JT,Archuleta,007,district,83.5,published,83.5,,4.0,school_panel,4.0,4.0,1552.0,,1552.0,1848.0,538.0,Estimate
1999,0220,ARCHULETA COUNTY 50 JT,Archuleta,007,district,,,,,4.0,school_panel,4.0,4.0,1525.0,,1525.0,1918.0,535.0,Estimate
2000,0220,ARCHULETA COUNTY 50 JT,Archuleta,007,district,87.5346,school_sum,,87.5346,4.0,school_panel,,4.0,,,1558.0,2004.0,530.0,Estimate
2001,0220,ARCHULETA COUNTY 50 JT,Archuleta,007,district,90.4253,school_sum,,90.4253,4.0,school_panel,,4.0,515.0,515.0,1565.0,2031.0,556.0,Estimate
2002,0220,ARCHULETA COUNTY 50 JT,Archuleta,007,district,92.2083,school_sum,,92.2083,4.0,school_panel,,4.0,508.0,508.0,1588.0,2007.0,568.0,Estimate
2003,0220,ARCHULETA COUNTY 50 JT,Archuleta,007,district,92.0731,school_sum,,92.0731,4.0,school_panel,,4.0,1553.0,1553.0,1553.0,1958.0,593.0,Estimate
2004,0220,ARCHULETA COUNTY 50 JT,Archuleta,007,district,97.0066,school_sum,,97.0066,5.0,school_panel,,5.0,1577.0,1577.0,1577.0,1893.0,622.0,Estimate
2005,0220,ARCHULETA COUNTY 50 JT,Archuleta,007,district,99.709,school_sum,,99.709,5.0,school_panel,,5.0,1690.0,1690.0,1690.0,1890.0,622.0,Estimate
2006,0220,ARCHULETA COUNTY 50 JT,Archuleta,007,district,105.1251,school_sum,,105.1251,5.0,school_panel,,5.0,1654.0,1654.0,1654.0,1923.0,638.0,Estimate
2007,0220,ARCHULETA COUNTY 50 JT,Archuleta,007,district,101.75,school_sum,,101.75,5.0,school_panel,,5.0,1545.0,1545.0,1545.0,1917.0,645.0,Estimate
2008,0220,ARCHULETA COUNTY 50 JT,Archuleta,007,district,100.4572,school_sum,,100.4572,5.0,school_panel,,5.0,1525.0,1525.0,1525.0,1868.0,621.0,Estimate
2009,0220,ARCHULETA COUNTY 50 JT,Archuleta,007,district,96.7286,school_sum,,96.7286,5.0,school_panel,,5.0,1517.0,1517.0,1517.0,1800.0,596.0,Estimate
2010,0220,ARCHULETA COUNTY 50 JT,Archuleta,007,district,87.414,published,87.414,87.415,5.0,school_panel,,5.0,1492.0,1492.0,1492.0,1797.0,602.0,Estimate
2011,0220,ARCHULETA COUNTY 50 JT,Archuleta,007,district,84.26,school_sum,,84.26,4.0,school_panel,,4.0,1405.0,1405.0,1405.0,1726.0,623.0,Estimate
2012,0220,ARCHULETA COUNTY 50 JT,Archuleta,007,district,84.64,school_sum,,84.64,4.0,school_panel,,4.0,1371.0,1371.0,1371.0,1713.0,603.0,Estimate
2013,0220,ARCHULETA COUNTY 50 JT,Archuleta,007,district,85.13,school_sum,,85.13,4.0,school_panel,,4.0,1323.0,1323.0,1323.0,1701.0,587.0,Estimate
2014,0220,ARCHULETA COUNTY 50 JT,Archuleta,007,district,84.6272,school_sum,,84.6272,3.0,school_panel,,3.0,1326.0,1326.0,1326.0,1654.0,578.0,Estimate
2015,0220,ARCHULETA COUNTY 50 JT,Archuleta,007,district,84.14,school_sum,,84.14,3.0,school_panel,,3.0,1372.0,1372.0,1372.0,1646.0,590.0,Estimate
2016,0220,ARCHULETA COUNTY 50 JT,Archuleta,007,district,88.52,published,88.52,87.74,3.0,school_panel,,3.0,1568.0,1568.0,1568.0,1737.0,584.0,Estimate
2017,0220,,Archuleta,007,,,,,,4.0,school_panel,,4.0,1660.0,1660.0,1660.0,1795.0,609.0,Estimate
2018,0220,ARCHULETA COUNTY 50 JT,Archuleta,007,district,101.46,published,101.46,100.16,4.0,school_panel,,4.0,1706.0,1706.0,1706.0,1801.0,619.0,Estimate
2019,0220,Archuleta County 50 Jt,Archuleta,007,district,104.1,school_sum,,104.1,4.0,school_panel,,4.0,1742.0,1742.0,1742.0,1810.0,607.0,Estimate
2020,0220,,Archuleta,007,,,,,,5.0,school_panel,,5.0,1599.0,1599.0,1599.0,1816.0,597.0,Estimate
2021,0220,,Archuleta,007,,,,,,5.0,school_panel,,5.0,1712.0,1712.0,1712.0,1835.0,608.0,Estimate
2022,0220,Archuleta County 50 Jt,Archuleta,007,district,111.1,school_sum,,111.1,5.0,school_panel,,5.0,1678.0,1678.0,1678.0,1875.0,578.0,Estimate
2023,0220,Archuleta County 50 Jt,Archuleta,007,district,109.60000000000002,published,109.60000000000002,109.6,5.0,school_panel,,5.0,1604.0,1604.0,1604.0,1881.0,557.0,Estimate
2024,0220,Archuleta County 50 Jt,Archuleta,007,district,112.8,published,112.8,112.8,5.0,school_panel,,5.0,1588.0,1588.0,1588.0,1905.0,531.0,Estimate
1990,0230,WALSH RE-1,Baca,009,district,23.0,published,23.0,,2.0,school_panel,2.0,2.0,293.0,,293.0,853.0,304.0,Estimate
1991,0230,WALSH RE-1,Baca,009,district,22.0,published,22.0,,2.0,school_panel,2.0,2.0,268.0,,268.0,830.0,292.0,Estimate
1992,0230,WALSH RE-1,Baca,009,district,21.0,published,21.0,,2.0,school_panel,2.0,2.0,279.0,,279.0,803.0,279.0,Estimate
1993,0230,WALSH RE-1,Baca,009,district,22.5,published,22.5,,2.0,school_panel,2.0,2.0,271.0,,271.0,805.0,278.0,Estimate
1994,0230,WALSH RE-1,Baca,009,district,22.9,published,22.9,,2.0,school_panel,2.0,2.0,282.0,,282.0,819.0,279.0,Estimate
1995,0230,WALSH RE-1,Baca,009,district,22.9,published,22.9,,2.0,school_panel,2.0,2.0,287.0,,287.0,824.0,279.0,Estimate
1996,0230,WALSH RE-1,Baca,009,district,21.4,published,21.4,,2.0,school_panel,2.0,2.0,271.0,,271.0,842.0,279.0,Estimate
1997,0230,WALSH RE-1,Baca,009,district,22.0,published,22.0,,2.0,school_panel,2.0,2.0,275.0,,275.0,848.0,279.0,Estimate
1998,0230,WALSH RE-1,Baca,009,district,23.0,published,23.0,,2.0,school_panel,2.0,2.0,252.0,,252.0,841.0,273.0,Estimate
1999,0230,WALSH RE-1,Baca,009,district,,,,,2.0,school_panel,2.0,2.0,249.0,,249.0,840.0,271.0,Estimate
2000,0230,WALSH RE-1,Baca,009,district,19.8144,school_sum,,19.8144,2.0,school_panel,,2.0,,,238.0,836.0,266.0,Estimate
2001,0230,WALSH RE-1,Baca,009,district,22.3931,school_sum,,22.3931,3.0,school_panel,,3.0,253.0,253.0,253.0,794.0,256.0,Estimate
2002,0230,WALSH RE-1,Baca,009,district,18.5693,school_sum,,18.5693,3.0,school_panel,,3.0,225.0,225.0,225.0,749.0,237.0,Estimate
2003,0230,WALSH RE-1,Baca,009,district,20.245,school_sum,,20.245,3.0,school_panel,,3.0,231.0,231.0,231.0,731.0,228.0,Estimate
2004,0230,WALSH RE-1,Baca,009,district,19.0,school_sum,,19.0,3.0,school_panel,,3.0,204.0,204.0,204.0,700.0,214.0,Estimate
2005,0230,WALSH RE-1,Baca,009,district,17.535,school_sum,,17.535,2.0,school_panel,,2.0,170.0,170.0,170.0,678.0,198.0,Estimate
2006,0230,WALSH RE-1,Baca,009,district,17.285,school_sum,,17.285,2.0,school_panel,,2.0,156.0,156.0,156.0,676.0,193.0,Estimate
2007,0230,WALSH RE-1,Baca,009,district,19.0185,school_sum,,19.0185,2.0,school_panel,,2.0,156.0,156.0,156.0,647.0,186.0,Estimate
2008,0230,WALSH RE-1,Baca,009,district,18.7983,school_sum,,18.7983,2.0,school_panel,,2.0,155.0,155.0,155.0,627.0,184.0,Estimate
2009,0230,WALSH RE-1,Baca,009,district,18.6714,school_sum,,18.6714,2.0,school_panel,,2.0,167.0,167.0,167.0,602.0,192.0,Estimate
2010,0230,WALSH RE-1,Baca,009,district,17.314,published,17.314,17.314,2.0,school_panel,,2.0,178.0,178.0,178.0,596.0,213.0,Estimate
2011,0230,WALSH RE-1,Baca,009,district,16.96,school_sum,,16.96,2.0,school_panel,,2.0,161.0,161.0,161.0,580.0,213.0,Estimate
2012,0230,WALSH RE-1,Baca,009,district,16.04,school_sum,,16.04,2.0,school_panel,,2.0,158.0,158.0,158.0,564.0,223.0,Estimate
2013,0230,WALSH RE-1,Baca,009,district,14.38,school_sum,,14.38,2.0,school_panel,,2.0,156.0,156.0,156.0,555.0,221.0,Estimate
2014,0230,WALSH RE-1,Baca,009,district,16.4872,school_sum,,16.4872,2.0,school_panel,,2.0,156.0,156.0,156.0,539.0,212.0,Estimate
2015,0230,WALSH RE-1,Baca,009,district,13.1,school_sum,,13.1,2.0,school_panel,,2.0,176.0,176.0,176.0,530.0,207.0,Estimate
2016,0230,WALSH RE-1,Baca,009,district,16.25,published,16.25,16.25,2.0,school_panel,,2.0,167.0,167.0,167.0,520.0,203.0,Estimate
2017,0230,,Baca,009,,,,,,2.0,school_panel,,2.0,168.0,168.0,168.0,554.0,193.0,Estimate
2018,0230,WALSH RE-1,Baca,009,district,18.43,published,18.43,18.43,2.0,school_panel,,2.0,176.0,176.0,176.0,574.0,185.0,Estimate
2019,0230,Walsh RE-1,Baca,009,district,18.5,school_sum,,18.5,2.0,school_panel,,2.0,154.0,154.0,154.0,574.0,196.0,Estimate
2020,0230,,Baca,009,,,,,,2.0,school_panel,,2.0,150.0,150.0,150.0,549.0,206.0,Estimate
2021,0230,,Baca,009,,,,,,2.0,school_panel,,2.0,161.0,161.0,161.0,568.0,207.0,Estimate
2022,0230,Walsh RE-1,Baca,009,district,16.9,published,16.9,17.0,2.0,school_panel,,2.0,183.0,183.0,183.0,582.0,201.0,Estimate
2023,0230,Walsh RE-1,Baca,009,district,18.5,published,18.5,18.5,2.0,school_panel,,2.0,182.0,182.0,182.0,579.0,202.0,Estimate
2024,0230,Walsh RE-1,Baca,009,district,16.4,published,16.4,16.5,2.0,school_panel,,2.0,177.0,177.0,177.0,606.0,192.0,Estimate
1990,0240,PRITCHETT RE-3,Baca,009,district,11.4,published,11.4,,2.0,school_panel,2.0,2.0,100.0,,100.0,853.0,304.0,Estimate
1991,0240,PRITCHETT RE-3,Baca,009,district,10.3,published,10.3,,2.0,school_panel,2.0,2.0,88.0,,88.0,830.0,292.0,Estimate
1992,0240,PRITCHETT RE-3,Baca,009,district,9.7,published,9.7,,2.0,school_panel,2.0,2.0,100.0,,100.0,803.0,279.0,Estimate
1993,0240,PRITCHETT RE-3,Baca,009,district,11.6,published,11.6,,2.0,school_panel,2.0,2.0,94.0,,94.0,805.0,278.0,Estimate
1994,0240,PRITCHETT RE-3,Baca,009,district,10.9,published,10.9,,2.0,school_panel,2.0,2.0,94.0,,94.0,819.0,279.0,Estimate
1995,0240,PRITCHETT RE-3,Baca,009,district,11.6,published,11.6,,2.0,school_panel,2.0,2.0,108.0,,108.0,824.0,279.0,Estimate
1996,0240,PRITCHETT RE-3,Baca,009,district,12.5,published,12.5,,2.0,school_panel,2.0,2.0,93.0,,93.0,842.0,279.0,Estimate
1997,0240,PRITCHETT RE-3,Baca,009,district,12.5,published,12.5,,2.0,school_panel,2.0,2.0,104.0,,104.0,848.0,279.0,Estimate
1998,0240,PRITCHETT RE-3,Baca,009,district,11.3,published,11.3,,2.0,school_panel,2.0,2.0,103.0,,103.0,841.0,273.0,Estimate
1999,0240,PRITCHETT RE-3,Baca,009,district,,,,,2.0,school_panel,2.0,2.0,91.0,,91.0,840.0,271.0,Estimate
2000,0240,PRITCHETT RE-3,Baca,009,district,6.0,school_sum,,6.0,2.0,school_panel,,2.0,,,80.0,836.0,266.0,Estimate
2001,0240,PRITCHETT RE-3,Baca,009,district,4.5,school_sum,,4.5,2.0,school_panel,,2.0,32.0,32.0,74.0,794.0,256.0,Estimate
2002,0240,PRITCHETT RE-3,Baca,009,district,11.625,school_sum,,11.625,2.0,school_panel,,2.0,32.0,32.0,65.0,749.0,237.0,Estimate
2003,0240,PRITCHETT RE-3,Baca,009,district,11.8334,school_sum,,11.8334,3.0,school_panel,,3.0,73.0,73.0,73.0,731.0,228.0,Estimate
2004,0240,PRITCHETT RE-3,Baca,009,district,11.8331,school_sum,,11.8331,3.0,school_panel,,3.0,77.0,77.0,77.0,700.0,214.0,Estimate
2005,0240,PRITCHETT RE-3,Baca,009,district,10.8331,school_sum,,10.8331,3.0,school_panel,,3.0,77.0,77.0,77.0,678.0,198.0,Estimate
2006,0240,PRITCHETT RE-3,Baca,009,district,10.6004,school_sum,,10.6004,3.0,school_panel,,3.0,71.0,71.0,71.0,676.0,193.0,Estimate
2007,0240,PRITCHETT RE-3,Baca,009,district,11.7053,school_sum,,11.7053,3.0,school_panel,,3.0,70.0,70.0,70.0,647.0,186.0,Estimate
2008,0240,PRITCHETT RE-3,Baca,009,district,12.6572,school_sum,,12.6572,3.0,school_panel,,3.0,72.0,72.0,72.0,627.0,184.0,Estimate
2009,0240,PRITCHETT RE-3,Baca,009,district,11.5322,school_sum,,11.5322,3.0,school_panel,,3.0,72.0,72.0,72.0,602.0,192.0,Estimate
2010,0240,PRITCHETT RE-3,Baca,009,district,9.705,published,9.705,9.705,3.0,school_panel,,3.0,66.0,66.0,66.0,596.0,213.0,Estimate
2011,0240,PRITCHETT RE-3,Baca,009,district,11.7,school_sum,,11.7,3.0,school_panel,,3.0,76.0,76.0,76.0,580.0,213.0,Estimate
2012,0240,PRITCHETT RE-3,Baca,009,district,8.96,school_sum,,8.96,3.0,school_panel,,3.0,47.0,47.0,47.0,564.0,223.0,Estimate
2013,0240,PRITCHETT RE-3,Baca,009,district,11.96,school_sum,,11.96,3.0,school_panel,,3.0,53.0,53.0,53.0,555.0,221.0,Estimate
2014,0240,PRITCHETT RE-3,Baca,009,district,12.846,school_sum,,12.846,3.0,school_panel,,3.0,37.0,37.0,37.0,539.0,212.0,Estimate
2015,0240,PRITCHETT RE-3,Baca,009,district,10.13,school_sum,,10.13,3.0,school_panel,,3.0,50.0,50.0,50.0,530.0,207.0,Estimate
2016,0240,PRITCHETT RE-3,Baca,009,district,7.5,published,7.5,7.49,3.0,school_panel,,3.0,45.0,45.0,45.0,520.0,203.0,Estimate
2017,0240,,Baca,009,,,,,,3.0,school_panel,,3.0,42.0,42.0,42.0,554.0,193.0,Estimate
2018,0240,PRITCHETT RE-3,Baca,009,district,7.55,published,7.55,7.55,3.0,school_panel,,3.0,57.0,57.0,57.0,574.0,185.0,Estimate
2019,0240,Pritchett RE-3,Baca,009,district,7.7,school_sum,,7.7,3.0,school_panel,,3.0,60.0,60.0,60.0,574.0,196.0,Estimate
2020,0240,,Baca,009,,,,,,3.0,school_panel,,3.0,60.0,60.0,60.0,549.0,206.0,Estimate
2021,0240,,Baca,009,,,,,,3.0,school_panel,,3.0,66.0,66.0,66.0,568.0,207.0,Estimate
2022,0240,Pritchett RE-3,Baca,009,district,8.1,published,8.1,8.1,3.0,school_panel,,3.0,59.0,59.0,59.0,582.0,201.0,Estimate
2023,0240,Pritchett RE-3,Baca,009,district,9.2,published,9.2,9.2,3.0,school_panel,,3.0,61.0,61.0,61.0,579.0,202.0,Estimate
2024,0240,Pritchett RE-3,Baca,009,district,9.6,published,9.6,9.6,3.0,school_panel,,3.0,64.0,64.0,64.0,606.0,192.0,Estimate
1990,0250,SPRINGFIELD RE-4,Baca,009,district,27.0,published,27.0,,3.0,school_panel,3.0,3.0,327.0,,327.0,853.0,304.0,Estimate
1991,0250,SPRINGFIELD RE-4,Baca,009,district,25.6,published,25.6,,3.0,school_panel,3.0,3.0,336.0,,336.0,830.0,292.0,Estimate
1992,0250,SPRINGFIELD RE-4,Baca,009,district,26.8,published,26.8,,3.0,school_panel,3.0,3.0,351.0,,351.0,803.0,279.0,Estimate
1993,0250,SPRINGFIELD RE-4,Baca,009,district,28.0,published,28.0,,3.0,school_panel,3.0,3.0,346.0,,346.0,805.0,278.0,Estimate
1994,0250,SPRINGFIELD RE-4,Baca,009,district,27.0,published,27.0,,3.0,school_panel,3.0,3.0,389.0,,389.0,819.0,279.0,Estimate
1995,0250,SPRINGFIELD RE-4,Baca,009,district,30.5,published,30.5,,3.0,school_panel,3.0,3.0,355.0,,355.0,824.0,279.0,Estimate
1996,0250,SPRINGFIELD RE-4,Baca,009,district,32.5,published,32.5,,3.0,school_panel,3.0,3.0,330.0,,330.0,842.0,279.0,Estimate
1997,0250,SPRINGFIELD RE-4,Baca,009,district,31.3,published,31.3,,3.0,school_panel,3.0,3.0,351.0,,351.0,848.0,279.0,Estimate
1998,0250,SPRINGFIELD RE-4,Baca,009,district,27.9,published,27.9,,3.0,school_panel,3.0,3.0,388.0,,388.0,841.0,273.0,Estimate
1999,0250,SPRINGFIELD RE-4,Baca,009,district,,,,,3.0,school_panel,3.0,3.0,374.0,,374.0,840.0,271.0,Estimate
2000,0250,SPRINGFIELD RE-4,Baca,009,district,33.0451,school_sum,,33.0451,3.0,school_panel,,3.0,,,364.0,836.0,266.0,Estimate
2001,0250,SPRINGFIELD RE-4,Baca,009,district,32.2239,school_sum,,32.2239,3.0,school_panel,,3.0,323.0,323.0,384.0,794.0,256.0,Estimate
2002,0250,SPRINGFIELD RE-4,Baca,009,district,32.8605,school_sum,,32.8605,3.0,school_panel,,3.0,316.0,316.0,366.0,749.0,237.0,Estimate
2003,0250,SPRINGFIELD RE-4,Baca,009,district,31.3765,school_sum,,31.3765,3.0,school_panel,,3.0,342.0,342.0,342.0,731.0,228.0,Estimate
2004,0250,SPRINGFIELD RE-4,Baca,009,district,28.8961,school_sum,,28.8961,3.0,school_panel,,3.0,341.0,341.0,341.0,700.0,214.0,Estimate
2005,0250,SPRINGFIELD RE-4,Baca,009,district,27.8706,school_sum,,27.8706,3.0,school_panel,,3.0,330.0,330.0,330.0,678.0,198.0,Estimate
2006,0250,SPRINGFIELD RE-4,Baca,009,district,27.0581,school_sum,,27.0581,3.0,school_panel,,3.0,294.0,294.0,294.0,676.0,193.0,Estimate
2007,0250,SPRINGFIELD RE-4,Baca,009,district,27.3198,school_sum,,27.3198,3.0,school_panel,,3.0,305.0,305.0,305.0,647.0,186.0,Estimate
2008,0250,SPRINGFIELD RE-4,Baca,009,district,27.5548,school_sum,,27.5548,3.0,school_panel,,3.0,304.0,304.0,304.0,627.0,184.0,Estimate
2009,0250,SPRINGFIELD RE-4,Baca,009,district,29.4956,school_sum,,29.4956,3.0,school_panel,,3.0,300.0,300.0,300.0,602.0,192.0,Estimate
2010,0250,SPRINGFIELD RE-4,Baca,009,district,27.472,published,27.472,27.471,3.0,school_panel,,3.0,292.0,292.0,292.0,596.0,213.0,Estimate
2011,0250,SPRINGFIELD RE-4,Baca,009,district,26.0,school_sum,,26.0,3.0,school_panel,,3.0,300.0,300.0,300.0,580.0,213.0,Estimate
2012,0250,SPRINGFIELD RE-4,Baca,009,district,26.99,school_sum,,26.99,3.0,school_panel,,3.0,312.0,312.0,312.0,564.0,223.0,Estimate
2013,0250,SPRINGFIELD RE-4,Baca,009,district,31.68,school_sum,,31.68,2.0,school_panel,,2.0,299.0,299.0,299.0,555.0,221.0,Estimate
2014,0250,SPRINGFIELD RE-4,Baca,009,district,34.1471,school_sum,,34.1471,2.0,school_panel,,2.0,299.0,299.0,299.0,539.0,212.0,Estimate
2015,0250,SPRINGFIELD RE-4,Baca,009,district,32.34,school_sum,,32.34,2.0,school_panel,,2.0,307.0,307.0,307.0,530.0,207.0,Estimate
2016,0250,SPRINGFIELD RE-4,Baca,009,district,25.71,published,25.71,25.72,2.0,school_panel,,2.0,322.0,322.0,322.0,520.0,203.0,Estimate
2017,0250,,Baca,009,,,,,,2.0,school_panel,,2.0,341.0,341.0,341.0,554.0,193.0,Estimate
2018,0250,SPRINGFIELD RE-4,Baca,009,district,28.23,published,28.23,28.23,2.0,school_panel,,2.0,315.0,315.0,315.0,574.0,185.0,Estimate
2019,0250,Springfield RE-4,Baca,009,district,28.0,school_sum,,28.0,2.0,school_panel,,2.0,309.0,309.0,309.0,574.0,196.0,Estimate
2020,0250,,Baca,009,,,,,,2.0,school_panel,,2.0,297.0,297.0,297.0,549.0,206.0,Estimate
2021,0250,,Baca,009,,,,,,2.0,school_panel,,2.0,278.0,278.0,278.0,568.0,207.0,Estimate
2022,0250,Springfield RE-4,Baca,009,district,22.9,published,22.9,22.9,2.0,school_panel,,2.0,304.0,304.0,304.0,582.0,201.0,Estimate
2023,0250,Springfield RE-4,Baca,009,district,31.0,published,31.0,31.0,2.0,school_panel,,2.0,305.0,305.0,305.0,579.0,202.0,Estimate
2024,0250,Springfield RE-4,Baca,009,district,29.8,published,29.8,29.8,2.0,school_panel,,2.0,284.0,284.0,284.0,606.0,192.0,Estimate
1990,0260,VILAS RE-5,Baca,009,district,11.0,published,11.0,,2.0,school_panel,2.0,2.0,64.0,,64.0,853.0,304.0,Estimate
1991,0260,VILAS RE-5,Baca,009,district,11.0,published,11.0,,2.0,school_panel,2.0,2.0,80.0,,80.0,830.0,292.0,Estimate
1992,0260,VILAS RE-5,Baca,009,district,11.0,published,11.0,,2.0,school_panel,2.0,2.0,80.0,,80.0,803.0,279.0,Estimate
1993,0260,VILAS RE-5,Baca,009,district,11.0,published,11.0,,2.0,school_panel,2.0,2.0,82.0,,82.0,805.0,278.0,Estimate
1994,0260,VILAS RE-5,Baca,009,district,11.0,published,11.0,,2.0,school_panel,2.0,2.0,71.0,,71.0,819.0,279.0,Estimate
1995,0260,VILAS RE-5,Baca,009,district,11.0,published,11.0,,2.0,school_panel,2.0,2.0,84.0,,84.0,824.0,279.0,Estimate
1996,0260,VILAS RE-5,Baca,009,district,11.0,published,11.0,,2.0,school_panel,2.0,2.0,91.0,,91.0,842.0,279.0,Estimate
1997,0260,VILAS RE-5,Baca,009,district,12.0,published,12.0,,3.0,school_panel,2.0,3.0,91.0,,138.0,848.0,279.0,Estimate
1998,0260,VILAS RE-5,Baca,009,district,12.9,published,12.9,,3.0,school_panel,2.0,3.0,79.0,,124.0,841.0,273.0,Estimate
1999,0260,VILAS RE-5,Baca,009,district,,,,,2.0,school_panel,2.0,2.0,93.0,,93.0,840.0,271.0,Estimate
2000,0260,VILAS RE-5,Baca,009,district,14.7644,school_sum,,14.7644,3.0,school_panel,,3.0,,,149.0,836.0,266.0,Estimate
2001,0260,VILAS RE-5,Baca,009,district,18.2312,school_sum,,18.2312,3.0,school_panel,,3.0,118.0,118.0,168.0,794.0,256.0,Estimate
2002,0260,VILAS RE-5,Baca,009,district,20.0,school_sum,,20.0,3.0,school_panel,,3.0,258.0,258.0,258.0,749.0,237.0,Estimate
2003,0260,VILAS RE-5,Baca,009,district,25.0,school_sum,,25.0,3.0,school_panel,,3.0,385.0,385.0,385.0,731.0,228.0,Estimate
2004,0260,VILAS RE-5,Baca,009,district,12.0,school_sum,,12.0,3.0,school_panel,,3.0,448.0,448.0,448.0,700.0,214.0,Estimate
2005,0260,VILAS RE-5,Baca,009,district,14.6243,school_sum,,14.6243,5.0,school_panel,,5.0,2044.0,2044.0,2044.0,678.0,198.0,Estimate
2006,0260,VILAS RE-5,Baca,009,district,55.5709,school_sum,,55.5709,5.0,school_panel,,5.0,4424.0,4424.0,4424.0,676.0,193.0,Estimate
2007,0260,VILAS RE-5,Baca,009,district,61.4188,school_sum,,61.4188,5.0,school_panel,,5.0,3789.0,3789.0,3789.0,647.0,186.0,Estimate
2008,0260,VILAS RE-5,Baca,009,district,32.6498,school_sum,,32.6498,5.0,school_panel,,5.0,487.0,487.0,487.0,627.0,184.0,Estimate
2009,0260,VILAS RE-5,Baca,009,district,27.7595,school_sum,,27.7595,4.0,school_panel,,4.0,415.0,415.0,415.0,602.0,192.0,Estimate
2010,0260,VILAS RE-5,Baca,009,district,12.333,published,12.333,10.333,4.0,school_panel,,4.0,354.0,354.0,354.0,596.0,213.0,Estimate
2011,0260,VILAS RE-5,Baca,009,district,23.75,school_sum,,23.75,3.0,school_panel,,3.0,289.0,289.0,289.0,580.0,213.0,Estimate
2012,0260,VILAS RE-5,Baca,009,district,16.99,school_sum,,16.99,3.0,school_panel,,3.0,216.0,216.0,216.0,564.0,223.0,Estimate
2013,0260,VILAS RE-5,Baca,009,district,10.18,school_sum,,10.18,3.0,school_panel,,3.0,127.0,127.0,127.0,555.0,221.0,Estimate
2014,0260,VILAS RE-5,Baca,009,district,10.5665,school_sum,,10.5665,3.0,school_panel,,3.0,104.0,104.0,104.0,539.0,212.0,Estimate
2015,0260,VILAS RE-5,Baca,009,district,8.03,school_sum,,8.03,3.0,school_panel,,3.0,52.0,52.0,52.0,530.0,207.0,Estimate
2016,0260,VILAS RE-5,Baca,009,district,6.38,published,6.38,6.38,3.0,school_panel,,3.0,42.0,42.0,42.0,520.0,203.0,Estimate
2017,0260,,Baca,009,,,,,,2.0,school_panel,,2.0,45.0,45.0,45.0,554.0,193.0,Estimate
2018,0260,VILAS RE-5,Baca,009,district,6.25,published,6.25,5.01,2.0,school_panel,,2.0,44.0,44.0,44.0,574.0,185.0,Estimate
2019,0260,Vilas RE-5,Baca,009,district,6.2,school_sum,,6.2,2.0,school_panel,,2.0,103.0,103.0,103.0,574.0,196.0,Estimate
2020,0260,,Baca,009,,,,,,2.0,school_panel,,2.0,208.0,208.0,76.0,549.0,206.0,Estimate
2021,0260,,Baca,009,,,,,,2.0,school_panel,,2.0,222.0,222.0,84.0,568.0,207.0,Estimate
2022,0260,Vilas RE-5,Baca,009,district,8.8,published,8.8,7.8,2.0,school_panel,,2.0,201.0,201.0,69.0,582.0,201.0,Estimate
2023,0260,Vilas RE-5,Baca,009,district,10.0,published,10.0,10.0,2.0,school_panel,,2.0,361.0,361.0,58.0,579.0,202.0,Estimate
2024,0260,Vilas RE-5,Baca,009,district,8.0,published,8.0,8.0,2.0,school_panel,,2.0,54.0,54.0,53.0,606.0,192.0,Estimate
1990,0270,CAMPO RE-6,Baca,009,district,9.0,published,9.0,,2.0,school_panel,2.0,2.0,72.0,,72.0,853.0,304.0,Estimate
1991,0270,CAMPO RE-6,Baca,009,district,10.5,published,10.5,,2.0,school_panel,2.0,2.0,79.0,,79.0,830.0,292.0,Estimate
1992,0270,CAMPO RE-6,Baca,009,district,11.0,published,11.0,,2.0,school_panel,2.0,2.0,82.0,,82.0,803.0,279.0,Estimate
1993,0270,CAMPO RE-6,Baca,009,district,11.0,published,11.0,,2.0,school_panel,2.0,2.0,79.0,,79.0,805.0,278.0,Estimate
1994,0270,CAMPO RE-6,Baca,009,district,12.0,published,12.0,,2.0,school_panel,2.0,2.0,92.0,,92.0,819.0,279.0,Estimate
1995,0270,CAMPO RE-6,Baca,009,district,12.0,published,12.0,,2.0,school_panel,2.0,2.0,96.0,,96.0,824.0,279.0,Estimate
1996,0270,CAMPO RE-6,Baca,009,district,12.5,published,12.5,,2.0,school_panel,2.0,2.0,91.0,,91.0,842.0,279.0,Estimate
1997,0270,CAMPO RE-6,Baca,009,district,13.5,published,13.5,,1.0,school_panel,2.0,1.0,90.0,,43.0,848.0,279.0,Estimate
1998,0270,CAMPO RE-6,Baca,009,district,12.2,published,12.2,,1.0,school_panel,2.0,1.0,86.0,,41.0,841.0,273.0,Estimate
1999,0270,CAMPO RE-6,Baca,009,district,,,,,2.0,school_panel,2.0,2.0,91.0,,91.0,840.0,271.0,Estimate
2000,0270,CAMPO RE-6,Baca,009,district,11.3333,school_sum,,11.3333,2.0,school_panel,,2.0,,,87.0,836.0,266.0,Estimate
2001,0270,CAMPO RE-6,Baca,009,district,10.6776,school_sum,,10.6776,2.0,school_panel,,2.0,89.0,89.0,89.0,794.0,256.0,Estimate
2002,0270,CAMPO RE-6,Baca,009,district,10.4839,school_sum,,10.4839,2.0,school_panel,,2.0,76.0,76.0,76.0,749.0,237.0,Estimate
2003,0270,CAMPO RE-6,Baca,009,district,9.4706,school_sum,,9.4706,2.0,school_panel,,2.0,72.0,72.0,72.0,731.0,228.0,Estimate
2004,0270,CAMPO RE-6,Baca,009,district,10.1764,school_sum,,10.1764,2.0,school_panel,,2.0,75.0,75.0,75.0,700.0,214.0,Estimate
2005,0270,CAMPO RE-6,Baca,009,district,9.1176,school_sum,,9.1176,2.0,school_panel,,2.0,52.0,52.0,52.0,678.0,198.0,Estimate
2006,0270,CAMPO RE-6,Baca,009,district,7.75,school_sum,,7.75,2.0,school_panel,,2.0,64.0,64.0,64.0,676.0,193.0,Estimate
2007,0270,CAMPO RE-6,Baca,009,district,10.2692,school_sum,,10.2692,2.0,school_panel,,2.0,48.0,48.0,48.0,647.0,186.0,Estimate
2008,0270,CAMPO RE-6,Baca,009,district,9.7634,school_sum,,9.7634,2.0,school_panel,,2.0,54.0,54.0,54.0,627.0,184.0,Estimate
2009,0270,CAMPO RE-6,Baca,009,district,8.9134,school_sum,,8.9134,2.0,school_panel,,2.0,49.0,49.0,49.0,602.0,192.0,Estimate
2010,0270,CAMPO RE-6,Baca,009,district,8.663,published,8.663,8.663,2.0,school_panel,,2.0,58.0,58.0,58.0,596.0,213.0,Estimate
2011,0270,CAMPO RE-6,Baca,009,district,9.29,school_sum,,9.29,2.0,school_panel,,2.0,57.0,57.0,57.0,580.0,213.0,Estimate
2012,0270,CAMPO RE-6,Baca,009,district,8.54,school_sum,,8.54,2.0,school_panel,,2.0,49.0,49.0,49.0,564.0,223.0,Estimate
2013,0270,CAMPO RE-6,Baca,009,district,9.11,school_sum,,9.11,2.0,school_panel,,2.0,44.0,44.0,44.0,555.0,221.0,Estimate
2014,0270,CAMPO RE-6,Baca,009,district,9.7978,school_sum,,9.7978,2.0,school_panel,,2.0,44.0,44.0,44.0,539.0,212.0,Estimate
2015,0270,CAMPO RE-6,Baca,009,district,9.49,school_sum,,9.49,2.0,school_panel,,2.0,37.0,37.0,37.0,530.0,207.0,Estimate
2016,0270,CAMPO RE-6,Baca,009,district,9.69,published,9.69,9.69,2.0,school_panel,,2.0,39.0,39.0,39.0,520.0,203.0,Estimate
2017,0270,,Baca,009,,,,,,2.0,school_panel,,2.0,41.0,41.0,41.0,554.0,193.0,Estimate
2018,0270,CAMPO RE-6,Baca,009,district,9.57,school_sum,,9.57,2.0,school_panel,,2.0,46.0,46.0,46.0,574.0,185.0,Estimate
2019,0270,Campo RE-6,Baca,009,district,8.5,school_sum,,8.5,2.0,school_panel,,2.0,42.0,42.0,42.0,574.0,196.0,Estimate
2020,0270,,Baca,009,,,,,,2.0,school_panel,,2.0,51.0,51.0,51.0,549.0,206.0,Estimate
2021,0270,,Baca,009,,,,,,2.0,school_panel,,2.0,51.0,51.0,51.0,568.0,207.0,Estimate
2022,0270,Campo RE-6,Baca,009,district,5.1,published,5.1,5.1,2.0,school_panel,,2.0,33.0,33.0,33.0,582.0,201.0,Estimate
2023,0270,Campo RE-6,Baca,009,district,5.0,published,5.0,5.0,2.0,school_panel,,2.0,31.0,31.0,31.0,579.0,202.0,Estimate
2024,0270,Campo RE-6,Baca,009,district,5.7,published,5.7,5.7,2.0,school_panel,,2.0,47.0,47.0,47.0,606.0,192.0,Estimate
1990,0290,LAS ANIMAS RE-1,Bent,011,district,51.7,published,51.7,,3.0,school_panel,3.0,3.0,744.0,,744.0,1002.0,331.0,Estimate
1991,0290,LAS ANIMAS RE-1,Bent,011,district,51.2,published,51.2,,3.0,school_panel,3.0,3.0,787.0,,787.0,972.0,321.0,Estimate
1992,0290,LAS ANIMAS RE-1,Bent,011,district,53.1,published,53.1,,3.0,school_panel,3.0,3.0,769.0,,769.0,978.0,324.0,Estimate
1993,0290,LAS ANIMAS RE-1,Bent,011,district,50.6,published,50.6,,3.0,school_panel,3.0,3.0,774.0,,774.0,1027.0,339.0,Estimate
1994,0290,LAS ANIMAS RE-1,Bent,011,district,51.0,published,51.0,,3.0,school_panel,3.0,3.0,738.0,,738.0,1025.0,339.0,Estimate
1995,0290,LAS ANIMAS RE-1,Bent,011,district,49.0,published,49.0,,3.0,school_panel,3.0,3.0,739.0,,739.0,1043.0,346.0,Estimate
1996,0290,LAS ANIMAS RE-1,Bent,011,district,53.0,published,53.0,,3.0,school_panel,3.0,3.0,724.0,,724.0,1045.0,347.0,Estimate
1997,0290,LAS ANIMAS RE-1,Bent,011,district,54.0,published,54.0,,3.0,school_panel,3.0,3.0,700.0,,700.0,1038.0,345.0,Estimate
1998,0290,LAS ANIMAS RE-1,Bent,011,district,54.9,published,54.9,,3.0,school_panel,3.0,3.0,745.0,,745.0,1092.0,362.0,Estimate
1999,0290,LAS ANIMAS RE-1,Bent,011,district,,,,,3.0,school_panel,3.0,3.0,716.0,,716.0,1081.0,358.0,Estimate
2000,0290,LAS ANIMAS RE-1,Bent,011,district,57.5892,school_sum,,57.5892,5.0,school_panel,,5.0,,,703.0,1067.0,354.0,Estimate
2001,0290,LAS ANIMAS RE-1,Bent,011,district,55.5857,school_sum,,55.5857,5.0,school_panel,,5.0,663.0,663.0,663.0,976.0,344.0,Estimate
2002,0290,LAS ANIMAS RE-1,Bent,011,district,53.5814,school_sum,,53.5814,5.0,school_panel,,5.0,634.0,634.0,634.0,1000.0,380.0,Estimate
2003,0290,LAS ANIMAS RE-1,Bent,011,district,47.5814,school_sum,,47.5814,5.0,school_panel,,5.0,586.0,586.0,586.0,1031.0,406.0,Estimate
2004,0290,LAS ANIMAS RE-1,Bent,011,district,46.573,school_sum,,46.573,6.0,school_panel,,6.0,605.0,605.0,605.0,962.0,341.0,Estimate
2005,0290,LAS ANIMAS RE-1,Bent,011,district,42.9716,school_sum,,42.9716,6.0,school_panel,,6.0,591.0,591.0,591.0,918.0,312.0,Estimate
2006,0290,LAS ANIMAS RE-1,Bent,011,district,41.7935,school_sum,,41.7935,5.0,school_panel,,5.0,553.0,553.0,553.0,856.0,279.0,Estimate
2007,0290,LAS ANIMAS RE-1,Bent,011,district,42.1371,school_sum,,42.1371,5.0,school_panel,,5.0,544.0,544.0,544.0,798.0,244.0,Estimate
2008,0290,LAS ANIMAS RE-1,Bent,011,district,43.3428,school_sum,,43.3428,5.0,school_panel,,5.0,594.0,594.0,594.0,803.0,254.0,Estimate
2009,0290,LAS ANIMAS RE-1,Bent,011,district,43.4658,school_sum,,43.4658,5.0,school_panel,,5.0,592.0,592.0,592.0,818.0,280.0,Estimate
2010,0290,LAS ANIMAS RE-1,Bent,011,district,37.454,published,37.454,37.63,4.0,school_panel,,4.0,547.0,547.0,547.0,812.0,285.0,Estimate
2011,0290,LAS ANIMAS RE-1,Bent,011,district,22.7,school_sum,,22.7,4.0,school_panel,,4.0,539.0,539.0,539.0,797.0,270.0,Estimate
2012,0290,LAS ANIMAS RE-1,Bent,011,district,22.43,school_sum,,22.43,4.0,school_panel,,4.0,523.0,523.0,523.0,724.0,250.0,Estimate
2013,0290,LAS ANIMAS RE-1,Bent,011,district,30.07,school_sum,,30.07,4.0,school_panel,,4.0,492.0,492.0,492.0,715.0,239.0,Estimate
2014,0290,LAS ANIMAS RE-1,Bent,011,district,34.6938,school_sum,,34.6938,4.0,school_panel,,4.0,501.0,501.0,501.0,738.0,227.0,Estimate
2015,0290,LAS ANIMAS RE-1,Bent,011,district,32.02,school_sum,,32.02,4.0,school_panel,,4.0,533.0,533.0,533.0,756.0,227.0,Estimate
2016,0290,LAS ANIMAS RE-1,Bent,011,district,40.04,published,40.04,40.24,6.0,school_panel,,6.0,1175.0,1175.0,1175.0,726.0,218.0,Estimate
2017,0290,,Bent,011,,,,,,6.0,school_panel,,6.0,1719.0,1719.0,1719.0,755.0,217.0,Estimate
2018,0290,LAS ANIMAS RE-1,Bent,011,district,38.34,published,38.34,38.44,6.0,school_panel,,6.0,2309.0,2309.0,2309.0,754.0,207.0,Estimate
2019,0290,Las Animas RE-1,Bent,011,district,39.6,school_sum,,39.6,6.0,school_panel,,6.0,2406.0,2406.0,2406.0,736.0,220.0,Estimate
2020,0290,,Bent,011,,,,,,6.0,school_panel,,6.0,2305.0,2305.0,2305.0,636.0,203.0,Estimate
2021,0290,,Bent,011,,,,,,5.0,school_panel,,5.0,826.0,826.0,826.0,630.0,218.0,Estimate
2022,0290,Las Animas RE-1,Bent,011,district,40.1,published,40.1,40.1,5.0,school_panel,,5.0,822.0,822.0,822.0,675.0,236.0,Estimate
2023,0290,Las Animas RE-1,Bent,011,district,36.3,published,36.3,36.3,5.0,school_panel,,5.0,956.0,956.0,956.0,747.0,268.0,Estimate
2024,0290,Las Animas RE-1,Bent,011,district,37.3,published,37.3,37.3,5.0,school_panel,,5.0,906.0,906.0,906.0,781.0,258.0,Estimate
1990,0310,MC CLAVE RE-2,Bent,011,district,17.8,published,17.8,,2.0,school_panel,2.0,2.0,162.0,,162.0,1002.0,331.0,Estimate
1991,0310,MC CLAVE RE-2,Bent,011,district,17.8,published,17.8,,2.0,school_panel,2.0,2.0,199.0,,199.0,972.0,321.0,Estimate
1992,0310,MC CLAVE RE-2,Bent,011,district,20.8,published,20.8,,2.0,school_panel,2.0,2.0,207.0,,207.0,978.0,324.0,Estimate
1993,0310,MC CLAVE RE-2,Bent,011,district,20.8,published,20.8,,2.0,school_panel,2.0,2.0,238.0,,238.0,1027.0,339.0,Estimate
1994,0310,MC CLAVE RE-2,Bent,011,district,22.8,published,22.8,,2.0,school_panel,2.0,2.0,284.0,,284.0,1025.0,339.0,Estimate
1995,0310,MC CLAVE RE-2,Bent,011,district,22.8,published,22.8,,2.0,school_panel,2.0,2.0,299.0,,299.0,1043.0,346.0,Estimate
1996,0310,MC CLAVE RE-2,Bent,011,district,24.8,published,24.8,,2.0,school_panel,2.0,2.0,293.0,,293.0,1045.0,347.0,Estimate
1997,0310,MC CLAVE RE-2,Bent,011,district,25.0,published,25.0,,2.0,school_panel,2.0,2.0,285.0,,285.0,1038.0,345.0,Estimate
1998,0310,MCCLAVE RE-2,Bent,011,district,26.7,published,26.7,,2.0,school_panel,2.0,2.0,290.0,,290.0,1092.0,362.0,Estimate
1999,0310,MCCLAVE RE-2,Bent,011,district,,,,,2.0,school_panel,2.0,2.0,256.0,,256.0,1081.0,358.0,Estimate
2000,0310,MC CLAVE RE-2,Bent,011,district,22.6994,school_sum,,22.6994,2.0,school_panel,,2.0,,,271.0,1067.0,354.0,Estimate
2001,0310,MC CLAVE RE-2,Bent,011,district,22.3988,school_sum,,22.3988,2.0,school_panel,,2.0,272.0,272.0,272.0,976.0,344.0,Estimate
2002,0310,MC CLAVE RE-2,Bent,011,district,23.0983,school_sum,,23.0983,2.0,school_panel,,2.0,268.0,268.0,268.0,1000.0,380.0,Estimate
2003,0310,MC CLAVE RE-2,Bent,011,district,23.5491,school_sum,,23.5491,2.0,school_panel,,2.0,273.0,273.0,273.0,1031.0,406.0,Estimate
2004,0310,MC CLAVE RE-2,Bent,011,district,23.5997,school_sum,,23.5997,2.0,school_panel,,2.0,272.0,272.0,272.0,962.0,341.0,Estimate
2005,0310,MC CLAVE RE-2,Bent,011,district,21.5997,school_sum,,21.5997,2.0,school_panel,,2.0,285.0,285.0,285.0,918.0,312.0,Estimate
2006,0310,MC CLAVE RE-2,Bent,011,district,22.0997,school_sum,,22.0997,2.0,school_panel,,2.0,266.0,266.0,266.0,856.0,279.0,Estimate
2007,0310,MC CLAVE RE-2,Bent,011,district,21.6825,school_sum,,21.6825,2.0,school_panel,,2.0,266.0,266.0,266.0,798.0,244.0,Estimate
2008,0310,MC CLAVE RE-2,Bent,011,district,23.1573,school_sum,,23.1573,2.0,school_panel,,2.0,280.0,280.0,280.0,803.0,254.0,Estimate
2009,0310,MC CLAVE RE-2,Bent,011,district,21.1087,school_sum,,21.1087,2.0,school_panel,,2.0,259.0,259.0,259.0,818.0,280.0,Estimate
2010,0310,MC CLAVE RE-2,Bent,011,district,21.32,published,21.32,21.32,2.0,school_panel,,2.0,305.0,305.0,305.0,812.0,285.0,Estimate
2011,0310,MC CLAVE RE-2,Bent,011,district,19.99,school_sum,,19.99,2.0,school_panel,,2.0,293.0,293.0,293.0,797.0,270.0,Estimate
2012,0310,MC CLAVE RE-2,Bent,011,district,20.98,school_sum,,20.98,2.0,school_panel,,2.0,272.0,272.0,272.0,724.0,250.0,Estimate
2013,0310,MC CLAVE RE-2,Bent,011,district,21.98,school_sum,,21.98,2.0,school_panel,,2.0,266.0,266.0,266.0,715.0,239.0,Estimate
2014,0310,MC CLAVE RE-2,Bent,011,district,22.3209,school_sum,,22.3209,2.0,school_panel,,2.0,279.0,279.0,279.0,738.0,227.0,Estimate
2015,0310,MC CLAVE RE-2,Bent,011,district,21.23,school_sum,,21.23,2.0,school_panel,,2.0,262.0,262.0,262.0,756.0,227.0,Estimate
2016,0310,MC CLAVE RE-2,Bent,011,district,20.73,published,20.73,20.72,2.0,school_panel,,2.0,272.0,272.0,272.0,726.0,218.0,Estimate
2017,0310,,Bent,011,,,,,,2.0,school_panel,,2.0,256.0,256.0,256.0,755.0,217.0,Estimate
2018,0310,MC CLAVE RE-2,Bent,011,district,21.86,published,21.86,21.86,2.0,school_panel,,2.0,260.0,260.0,260.0,754.0,207.0,Estimate
2019,0310,McClave Re-2,Bent,011,district,20.4,school_sum,,20.4,2.0,school_panel,,2.0,229.0,229.0,229.0,736.0,220.0,Estimate
2020,0310,,Bent,011,,,,,,2.0,school_panel,,2.0,214.0,214.0,214.0,636.0,203.0,Estimate
2021,0310,,Bent,011,,,,,,2.0,school_panel,,2.0,237.0,237.0,237.0,630.0,218.0,Estimate
2022,0310,McClave Re-2,Bent,011,district,19.4,published,19.4,19.4,2.0,school_panel,,2.0,258.0,258.0,258.0,675.0,236.0,Estimate
2023,0310,McClave Re-2,Bent,011,district,19.0,published,19.0,19.0,2.0,school_panel,,2.0,231.0,231.0,231.0,747.0,268.0,Estimate
2024,0310,McClave Re-2,Bent,011,district,19.9,published,19.9,19.9,2.0,school_panel,,2.0,231.0,231.0,231.0,781.0,258.0,Estimate
1990,0470,ST. VRAIN VALLEY RE 1J,Boulder,013,district,798.5,published,798.5,,31.0,school_panel,31.0,31.0,15070.0,,15070.0,36200.0,15999.0,Estimate
1991,0470,ST. VRAIN VALLEY RE 1J,Boulder,013,district,790.2,published,790.2,,31.0,published,31.0,,15651.0,,,37256.0,16043.0,Estimate
1992,0470,ST. VRAIN VALLEY RE 1J,Boulder,013,district,819.0,published,819.0,,32.0,school_panel,32.0,32.0,16099.0,,16099.0,38669.0,16308.0,Estimate
1993,0470,ST. VRAIN VALLEY RE 1J,Boulder,013,district,824.5,published,824.5,,32.0,school_panel,32.0,32.0,16192.0,,16192.0,40332.0,16655.0,Estimate
1994,0470,ST. VRAIN VALLEY RE 1J,Boulder,013,district,871.5,published,871.5,,32.0,school_panel,32.0,32.0,16482.0,,16482.0,41448.0,16757.0,Estimate
1995,0470,ST VRAIN VALLEY RE 1J,Boulder,013,district,883.5,published,883.5,,32.0,school_panel,32.0,32.0,16790.0,,16790.0,42464.0,16802.0,Estimate
1996,0470,ST VRAIN VALLEY RE 1J,Boulder,013,district,885.3,published,885.3,,32.0,school_panel,32.0,32.0,17459.0,,17459.0,43408.0,16804.0,Estimate
1997,0470,ST VRAIN VALLEY RE 1J,Boulder,013,district,873.7,published,873.7,,33.0,school_panel,32.0,33.0,17873.0,,17873.0,44362.0,16798.0,Estimate
1998,0470,ST VRAIN VALLEY RE 1J,Boulder,013,district,917.7,published,917.7,,32.0,school_panel,32.0,32.0,18397.0,,18397.0,45952.0,17018.0,Estimate
1999,0470,ST VRAIN VALLEY RE 1J,Boulder,013,district,,,,,33.0,school_panel,33.0,33.0,18750.0,,18750.0,47852.0,17328.0,Estimate
2000,0470,ST VRAIN VALLEY RE 1J,Boulder,013,district,1047.0392,school_sum,,1047.0392,36.0,school_panel,,36.0,,,19620.0,45400.0,16624.0,Estimate
2001,0470,ST VRAIN VALLEY RE 1J,Boulder,013,district,1142.4036,school_sum,,1142.4036,37.0,school_panel,,37.0,15931.0,15931.0,20728.0,46840.0,16953.0,Estimate
2002,0470,ST VRAIN VALLEY RE 1J,Boulder,013,district,1228.1424,school_sum,,1228.1424,37.0,school_panel,,37.0,17040.0,17040.0,21333.0,46661.0,16961.0,Estimate
2003,0470,ST VRAIN VALLEY RE 1J,Boulder,013,district,1195.6007,school_sum,,1195.6007,37.0,school_panel,,37.0,21596.0,21596.0,21596.0,45891.0,16892.0,Estimate
2004,0470,ST VRAIN VALLEY RE 1J,Boulder,013,district,1213.0621,school_sum,,1213.0621,39.0,school_panel,,39.0,22180.0,22180.0,22180.0,45409.0,16975.0,Estimate
2005,0470,ST VRAIN VALLEY RE 1J,Boulder,013,district,1201.5222,school_sum,,1201.5222,44.0,school_panel,,44.0,23260.0,23260.0,23260.0,44843.0,17006.0,Estimate
2006,0470,ST VRAIN VALLEY RE 1J,Boulder,013,district,1242.4613,school_sum,,1242.4613,44.0,school_panel,,44.0,24009.0,24009.0,24009.0,45246.0,17208.0,Estimate
2007,0470,ST VRAIN VALLEY RE 1J,Boulder,013,district,1315.3364,school_sum,,1315.3364,43.0,school_panel,,43.0,24582.0,24582.0,24582.0,45553.0,17313.0,Estimate
2008,0470,ST VRAIN VALLEY RE 1J,Boulder,013,district,1303.6672,school_sum,,1303.6672,47.0,school_panel,,47.0,25751.0,25751.0,25751.0,45954.0,17207.0,Estimate
2009,0470,ST VRAIN VALLEY RE 1J,Boulder,013,district,1537.1343,school_sum,,1537.1343,49.0,school_panel,,49.0,26724.0,26724.0,26724.0,46149.0,16814.0,Estimate
2010,0470,ST VRAIN VALLEY RE 1J,Boulder,013,district,1575.419,published,1575.419,1524.895,49.0,school_panel,,49.0,27379.0,27379.0,27379.0,46415.0,16557.0,Estimate
2011,0470,ST VRAIN VALLEY RE 1J,Boulder,013,district,1469.83,school_sum,,1469.83,52.0,school_panel,,52.0,28109.0,28109.0,28109.0,47258.0,16214.0,Estimate
2012,0470,ST VRAIN VALLEY RE 1J,Boulder,013,district,1509.08,school_sum,,1509.08,53.0,school_panel,,53.0,29382.0,29382.0,29382.0,48157.0,15808.0,Estimate
2013,0470,ST VRAIN VALLEY RE 1J,Boulder,013,district,1586.33,school_sum,,1586.33,51.0,school_panel,,51.0,30195.0,30195.0,30195.0,49022.0,15527.0,Estimate
2014,0470,ST VRAIN VALLEY RE 1J,Boulder,013,district,1661.8016,school_sum,,1661.8016,51.0,school_panel,,51.0,31076.0,31076.0,31076.0,49229.0,15305.0,Estimate
2015,0470,ST VRAIN VALLEY RE 1J,Boulder,013,district,1683.38,school_sum,,1683.38,51.0,school_panel,,51.0,31776.0,31776.0,31776.0,50085.0,15168.0,Estimate
2016,0470,ST VRAIN VALLEY RE 1J,Boulder,013,district,1774.78,published,1774.78,1745.78,52.0,school_panel,,52.0,32171.0,32171.0,32171.0,50043.0,14957.0,Estimate
2017,0470,,Boulder,013,,,,,,51.0,school_panel,,51.0,32421.0,32421.0,32421.0,49929.0,14553.0,Estimate
2018,0470,ST VRAIN VALLEY RE 1J,Boulder,013,district,1818.36,published,1818.36,1776.1,53.0,school_panel,,53.0,32639.0,32639.0,32639.0,49698.0,14125.0,Estimate
2019,0470,St Vrain Valley RE1J,Boulder,013,district,1804.1,school_sum,,1804.1,53.0,school_panel,,53.0,32855.0,32855.0,32855.0,49136.0,13584.0,Estimate
2020,0470,,Boulder,013,,,,,,53.0,school_panel,,53.0,31312.0,31312.0,31312.0,48100.0,13184.0,Estimate
2021,0470,,Boulder,013,,,,,,55.0,school_panel,,55.0,32406.0,32406.0,32384.0,47061.0,12832.0,Estimate
2022,0470,St Vrain Valley RE1J,Boulder,013,district,1931.1,published,1931.1,1853.6,55.0,school_panel,,55.0,32639.0,32639.0,31894.0,46265.0,12836.0,Estimate
2023,0470,St Vrain Valley RE1J,Boulder,013,district,1869.1999999999996,published,1869.1999999999996,1869.2,55.0,school_panel,,55.0,31780.0,32506.0,31757.0,44981.0,12647.0,Estimate
2024,0470,St Vrain Valley RE1J,Boulder,013,district,1956.7,published,1956.7,1857.2,55.0,school_panel,,55.0,32414.0,32414.0,31607.0,43997.0,12526.0,Estimate
1990,0480,BOULDER VALLEY RE 2,Boulder,013,district,1157.7,published,1157.7,,43.0,school_panel,43.0,43.0,21502.0,,21502.0,36200.0,15999.0,Estimate
1991,0480,BOULDER VALLEY RE 2,Boulder,013,district,1246.2,published,1246.2,,46.0,school_panel,46.0,46.0,22534.0,,22534.0,37256.0,16043.0,Estimate
1992,0480,BOULDER VALLEY RE 2,Boulder,013,district,1338.1,published,1338.1,,46.0,school_panel,46.0,46.0,23587.0,,23587.0,38669.0,16308.0,Estimate
1993,0480,BOULDER VALLEY RE 2,Boulder,013,district,1353.3,published,1353.3,,47.0,school_panel,47.0,47.0,24085.0,,24085.0,40332.0,16655.0,Estimate
1994,0480,BOULDER VALLEY RE 2,Boulder,013,district,1417.7,published,1417.7,,47.0,school_panel,47.0,47.0,24658.0,,24658.0,41448.0,16757.0,Estimate
1995,0480,BOULDER VALLEY RE 2,Boulder,013,district,1352.0,published,1352.0,,50.0,school_panel,49.0,50.0,25230.0,,25230.0,42464.0,16802.0,Estimate
1996,0480,BOULDER VALLEY RE 2,Boulder,013,district,1372.9,published,1372.9,,51.0,school_panel,52.0,51.0,25648.0,,25648.0,43408.0,16804.0,Estimate
1997,0480,BOULDER VALLEY RE 2,Boulder,013,district,1430.6,published,1430.6,,52.0,school_panel,54.0,52.0,26192.0,,26192.0,44362.0,16798.0,Estimate
1998,0480,BOULDER VALLEY RE 2,Boulder,013,district,1483.9,published,1483.9,,55.0,school_panel,56.0,55.0,26880.0,,26880.0,45952.0,17018.0,Estimate
1999,0480,BOULDER VALLEY RE 2,Boulder,013,district,,,,,57.0,school_panel,57.0,57.0,26974.0,,26974.0,47852.0,17328.0,Estimate
2000,0480,BOULDER VALLEY RE 2,Boulder,013,district,1547.8358,school_sum,,1547.8358,60.0,school_panel,,60.0,,,27508.0,45400.0,16624.0,Estimate
2001,0480,BOULDER VALLEY RE 2,Boulder,013,district,1652.8852,school_sum,,1652.8852,58.0,school_panel,,58.0,24803.0,24803.0,27963.0,46840.0,16953.0,Estimate
2002,0480,BOULDER VALLEY RE 2,Boulder,013,district,1670.1735,school_sum,,1670.1735,58.0,school_panel,,58.0,24755.0,24755.0,27764.0,46661.0,16961.0,Estimate
2003,0480,BOULDER VALLEY RE 2,Boulder,013,district,1584.7968,school_sum,,1584.7968,58.0,school_panel,,58.0,27804.0,27804.0,27804.0,45891.0,16892.0,Estimate
2004,0480,BOULDER VALLEY RE 2,Boulder,013,district,1656.4013,school_sum,,1656.4013,53.0,school_panel,,53.0,27926.0,27926.0,27926.0,45409.0,16975.0,Estimate
2005,0480,BOULDER VALLEY RE 2,Boulder,013,district,1653.7718,school_sum,,1653.7718,53.0,school_panel,,53.0,27933.0,27933.0,27933.0,44843.0,17006.0,Estimate
2006,0480,BOULDER VALLEY RE 2,Boulder,013,district,1699.8107,school_sum,,1699.8107,54.0,school_panel,,54.0,28171.0,28171.0,28171.0,45246.0,17208.0,Estimate
2007,0480,BOULDER VALLEY RE 2,Boulder,013,district,1716.6358,school_sum,,1716.6358,54.0,school_panel,,54.0,28543.0,28543.0,28543.0,45553.0,17313.0,Estimate
2008,0480,BOULDER VALLEY RE 2,Boulder,013,district,1729.8619,school_sum,,1729.8619,54.0,school_panel,,54.0,28743.0,28743.0,28743.0,45954.0,17207.0,Estimate
2009,0480,BOULDER VALLEY RE 2,Boulder,013,district,1707.9458,school_sum,,1707.9458,54.0,school_panel,,54.0,28938.0,28938.0,28938.0,46149.0,16814.0,Estimate
2010,0480,BOULDER VALLEY RE 2,Boulder,013,district,1687.629,published,1687.629,1681.831,55.0,school_panel,,55.0,29526.0,29526.0,29526.0,46415.0,16557.0,Estimate
2011,0480,BOULDER VALLEY RE 2,Boulder,013,district,1704.33,school_sum,,1704.33,55.0,school_panel,,55.0,29780.0,29780.0,29780.0,47258.0,16214.0,Estimate
2012,0480,BOULDER VALLEY RE 2,Boulder,013,district,1702.82,school_sum,,1702.82,56.0,school_panel,,56.0,30041.0,30041.0,30041.0,48157.0,15808.0,Estimate
2013,0480,BOULDER VALLEY RE 2,Boulder,013,district,1679.43,school_sum,,1679.43,57.0,school_panel,,57.0,30546.0,30546.0,30546.0,49022.0,15527.0,Estimate
2014,0480,BOULDER VALLEY RE 2,Boulder,013,district,1667.7282,school_sum,,1667.7282,57.0,school_panel,,57.0,30908.0,30908.0,30908.0,49229.0,15305.0,Estimate
2015,0480,BOULDER VALLEY RE 2,Boulder,013,district,1638.89,school_sum,,1638.89,57.0,school_panel,,57.0,31247.0,31247.0,31247.0,50085.0,15168.0,Estimate
2016,0480,BOULDER VALLEY RE 2,Boulder,013,district,1696.82,published,1696.82,1692.93,57.0,school_panel,,57.0,31189.0,31189.0,31189.0,50043.0,14957.0,Estimate
2017,0480,,Boulder,013,,,,,,57.0,school_panel,,57.0,31282.0,31282.0,31282.0,49929.0,14553.0,Estimate
2018,0480,BOULDER VALLEY RE 2,Boulder,013,district,1720.63,school_sum,,1720.63,56.0,school_panel,,56.0,31169.0,31169.0,31169.0,49698.0,14125.0,Estimate
2019,0480,Boulder Valley Re 2,Boulder,013,district,1787.1,school_sum,,1787.1,56.0,school_panel,,56.0,31000.0,31000.0,31000.0,49136.0,13584.0,Estimate
2020,0480,,Boulder,013,,,,,,57.0,school_panel,,57.0,29240.0,29240.0,29239.0,48100.0,13184.0,Estimate
2021,0480,,Boulder,013,,,,,,57.0,school_panel,,57.0,29011.0,29011.0,29007.0,47061.0,12832.0,Estimate
2022,0480,Boulder Valley Re 2,Boulder,013,district,1683.4,published,1683.4,1682.3,56.0,school_panel,,56.0,28487.0,28487.0,28485.0,46265.0,12836.0,Estimate
2023,0480,Boulder Valley Re 2,Boulder,013,district,1646.2999999999995,published,1646.2999999999995,1646.3,56.0,school_panel,,56.0,28362.0,28362.0,28357.0,44981.0,12647.0,Estimate
2024,0480,Boulder Valley Re 2,Boulder,013,district,1591.6,published,1591.6,1582.6,56.0,school_panel,,56.0,27991.0,27991.0,27988.0,43997.0,12526.0,Estimate
1990,0490,BUENA VISTA R-31,Chaffee,015,district,58.0,published,58.0,,4.0,school_panel,4.0,4.0,865.0,,865.0,2200.0,705.0,Estimate
1991,0490,BUENA VISTA R-31,Chaffee,015,district,59.1,published,59.1,,4.0,school_panel,4.0,4.0,867.0,,867.0,2200.0,697.0,Estimate
1992,0490,BUENA VISTA R-31,Chaffee,015,district,58.0,published,58.0,,4.0,school_panel,4.0,4.0,871.0,,871.0,2212.0,697.0,Estimate
1993,0490,BUENA VISTA R-31,Chaffee,015,district,59.5,published,59.5,,4.0,school_panel,4.0,4.0,894.0,,894.0,2283.0,712.0,Estimate
1994,0490,BUENA VISTA R-31,Chaffee,015,district,59.4,published,59.4,,4.0,school_panel,4.0,4.0,859.0,,859.0,2324.0,717.0,Estimate
1995,0490,BUENA VISTA R-31,Chaffee,015,district,61.7,published,61.7,,4.0,school_panel,4.0,4.0,879.0,,879.0,2381.0,728.0,Estimate
1996,0490,BUENA VISTA R-31,Chaffee,015,district,61.7,published,61.7,,4.0,school_panel,4.0,4.0,945.0,,945.0,2427.0,734.0,Estimate
1997,0490,BUENA VISTA R-31,Chaffee,015,district,63.3,published,63.3,,4.0,school_panel,4.0,4.0,917.0,,917.0,2439.0,731.0,Estimate
1998,0490,BUENA VISTA R-31,Chaffee,015,district,65.0,published,65.0,,4.0,school_panel,4.0,4.0,902.0,,902.0,2429.0,720.0,Estimate
1999,0490,BUENA VISTA R-31,Chaffee,015,district,,,,,4.0,school_panel,4.0,4.0,1021.0,,1021.0,2456.0,723.0,Estimate
2000,0490,BUENA VISTA R-31,Chaffee,015,district,69.5078,school_sum,,69.5078,4.0,school_panel,,4.0,,,1047.0,2482.0,722.0,Estimate
2001,0490,BUENA VISTA R-31,Chaffee,015,district,70.75,school_sum,,70.75,4.0,school_panel,,4.0,399.0,399.0,1042.0,2427.0,729.0,Estimate
2002,0490,BUENA VISTA R-31,Chaffee,015,district,72.0,school_sum,,72.0,4.0,school_panel,,4.0,378.0,378.0,992.0,2390.0,752.0,Estimate
2003,0490,BUENA VISTA R-31,Chaffee,015,district,71.25,school_sum,,71.25,4.0,school_panel,,4.0,980.0,980.0,980.0,2329.0,768.0,Estimate
2004,0490,BUENA VISTA R-31,Chaffee,015,district,70.2344,school_sum,,70.2344,4.0,school_panel,,4.0,968.0,968.0,968.0,2338.0,746.0,Estimate
2005,0490,BUENA VISTA R-31,Chaffee,015,district,43.25,school_sum,,43.25,4.0,school_panel,,4.0,986.0,986.0,986.0,2274.0,749.0,Estimate
2006,0490,BUENA VISTA R-31,Chaffee,015,district,72.5,school_sum,,72.5,4.0,school_panel,,4.0,988.0,988.0,988.0,2230.0,742.0,Estimate
2007,0490,BUENA VISTA R-31,Chaffee,015,district,71.2907,school_sum,,71.2907,4.0,school_panel,,4.0,1012.0,1012.0,1012.0,2236.0,746.0,Estimate
2008,0490,BUENA VISTA R-31,Chaffee,015,district,71.2203,school_sum,,71.2203,4.0,school_panel,,4.0,992.0,992.0,992.0,2221.0,746.0,Estimate
2009,0490,BUENA VISTA R-31,Chaffee,015,district,44.2671,school_sum,,44.2671,4.0,school_panel,,4.0,969.0,969.0,969.0,2185.0,741.0,Estimate
2010,0490,BUENA VISTA R-31,Chaffee,015,district,70.518,published,70.518,70.519,5.0,school_panel,,5.0,985.0,985.0,985.0,2222.0,755.0,Estimate
2011,0490,BUENA VISTA R-31,Chaffee,015,district,20.87,school_sum,,20.87,5.0,school_panel,,5.0,1013.0,1013.0,1013.0,2159.0,758.0,Estimate
2012,0490,BUENA VISTA R-31,Chaffee,015,district,41.52,school_sum,,41.52,5.0,school_panel,,5.0,994.0,994.0,994.0,2106.0,772.0,Estimate
2013,0490,BUENA VISTA R-31,Chaffee,015,district,68.1,school_sum,,68.1,4.0,school_panel,,4.0,968.0,968.0,968.0,2100.0,751.0,Estimate
2014,0490,BUENA VISTA R-31,Chaffee,015,district,71.1931,school_sum,,71.1931,4.0,school_panel,,4.0,950.0,950.0,950.0,2101.0,736.0,Estimate
2015,0490,BUENA VISTA R-31,Chaffee,015,district,69.32,school_sum,,69.32,4.0,school_panel,,4.0,1016.0,1016.0,1016.0,2102.0,732.0,Estimate
2016,0490,BUENA VISTA R-31,Chaffee,015,district,74.68,published,74.68,74.36,4.0,school_panel,,4.0,998.0,998.0,998.0,2179.0,742.0,Estimate
2017,0490,,Chaffee,015,,,,,,4.0,school_panel,,4.0,1059.0,1059.0,1059.0,2254.0,743.0,Estimate
2018,0490,BUENA VISTA R-31,Chaffee,015,district,74.41,published,74.41,74.41,4.0,school_panel,,4.0,1089.0,1089.0,1089.0,2259.0,777.0,Estimate
2019,0490,Buena Vista R-31,Chaffee,015,district,73.9,school_sum,,73.9,5.0,school_panel,,5.0,1077.0,1077.0,1077.0,2269.0,757.0,Estimate
2020,0490,,Chaffee,015,,,,,,5.0,school_panel,,5.0,962.0,962.0,962.0,2226.0,744.0,Estimate
2021,0490,,Chaffee,015,,,,,,5.0,school_panel,,5.0,1052.0,1052.0,1051.0,2226.0,739.0,Estimate
2022,0490,Buena Vista R-31,Chaffee,015,district,71.1,published,71.1,71.4,5.0,school_panel,,5.0,1032.0,1032.0,1032.0,2224.0,749.0,Estimate
2023,0490,Buena Vista R-31,Chaffee,015,district,75.5,published,75.5,75.5,5.0,school_panel,,5.0,987.0,987.0,985.0,2240.0,765.0,Estimate
2024,0490,Buena Vista R-31,Chaffee,015,district,73.4,published,73.4,73.5,5.0,school_panel,,5.0,925.0,925.0,925.0,2221.0,779.0,Estimate
1990,0500,SALIDA R-32,Chaffee,015,district,75.0,published,75.0,,3.0,school_panel,3.0,3.0,1278.0,,1278.0,2200.0,705.0,Estimate
1991,0500,SALIDA R-32,Chaffee,015,district,74.4,published,74.4,,3.0,school_panel,3.0,3.0,1300.0,,1300.0,2200.0,697.0,Estimate
1992,0500,SALIDA R-32,Chaffee,015,district,75.4,published,75.4,,3.0,school_panel,3.0,3.0,1329.0,,1329.0,2212.0,697.0,Estimate
1993,0500,SALIDA R-32,Chaffee,015,district,80.5,published,80.5,,3.0,school_panel,3.0,3.0,1358.0,,1358.0,2283.0,712.0,Estimate
1994,0500,SALIDA R-32,Chaffee,015,district,83.5,published,83.5,,3.0,school_panel,3.0,3.0,1347.0,,1347.0,2324.0,717.0,Estimate
1995,0500,SALIDA R-32,Chaffee,015,district,87.0,published,87.0,,3.0,school_panel,3.0,3.0,1353.0,,1353.0,2381.0,728.0,Estimate
1996,0500,SALIDA R-32,Chaffee,015,district,88.5,published,88.5,,3.0,school_panel,3.0,3.0,1320.0,,1320.0,2427.0,734.0,Estimate
1997,0500,SALIDA R-32,Chaffee,015,district,88.6,published,88.6,,3.0,school_panel,3.0,3.0,1289.0,,1289.0,2439.0,731.0,Estimate
1998,0500,SALIDA R-32,Chaffee,015,district,94.4,published,94.4,,3.0,school_panel,3.0,3.0,1297.0,,1297.0,2429.0,720.0,Estimate
1999,0500,SALIDA R-32,Chaffee,015,district,,,,,3.0,school_panel,3.0,3.0,1261.0,,1261.0,2456.0,723.0,Estimate
2000,0500,SALIDA R-32,Chaffee,015,district,78.2473,school_sum,,78.2473,5.0,school_panel,,5.0,,,1223.0,2482.0,722.0,Estimate
2001,0500,SALIDA R-32,Chaffee,015,district,78.9758,school_sum,,78.9758,5.0,school_panel,,5.0,1176.0,1176.0,1176.0,2427.0,729.0,Estimate
2002,0500,SALIDA R-32,Chaffee,015,district,83.5209,school_sum,,83.5209,5.0,school_panel,,5.0,1120.0,1120.0,1120.0,2390.0,752.0,Estimate
2003,0500,SALIDA R-32,Chaffee,015,district,78.5398,school_sum,,78.5398,3.0,school_panel,,3.0,1171.0,1171.0,1171.0,2329.0,768.0,Estimate
2004,0500,SALIDA R-32,Chaffee,015,district,79.3368,school_sum,,79.3368,3.0,school_panel,,3.0,1184.0,1184.0,1184.0,2338.0,746.0,Estimate
2005,0500,SALIDA R-32,Chaffee,015,district,76.3797,school_sum,,76.3797,3.0,school_panel,,3.0,1116.0,1116.0,1116.0,2274.0,749.0,Estimate
2006,0500,SALIDA R-32,Chaffee,015,district,77.5243,school_sum,,77.5243,3.0,school_panel,,3.0,1124.0,1124.0,1124.0,2230.0,742.0,Estimate
2007,0500,SALIDA R-32,Chaffee,015,district,79.5696,school_sum,,79.5696,3.0,school_panel,,3.0,1051.0,1051.0,1051.0,2236.0,746.0,Estimate
2008,0500,SALIDA R-32,Chaffee,015,district,80.1077,school_sum,,80.1077,3.0,school_panel,,3.0,1030.0,1030.0,1030.0,2221.0,746.0,Estimate
2009,0500,SALIDA R-32,Chaffee,015,district,84.734,school_sum,,84.734,4.0,school_panel,,4.0,1083.0,1083.0,1083.0,2185.0,741.0,Estimate
2010,0500,SALIDA R-32,Chaffee,015,district,83.563,published,83.563,82.564,4.0,school_panel,,4.0,1071.0,1071.0,1071.0,2222.0,755.0,Estimate
2011,0500,SALIDA R-32,Chaffee,015,district,81.44,school_sum,,81.44,6.0,school_panel,,6.0,1102.0,1102.0,1102.0,2159.0,758.0,Estimate
2012,0500,SALIDA R-32,Chaffee,015,district,86.46,school_sum,,86.46,6.0,school_panel,,6.0,1156.0,1156.0,1156.0,2106.0,772.0,Estimate
2013,0500,SALIDA R-32,Chaffee,015,district,83.76,school_sum,,83.76,6.0,school_panel,,6.0,1176.0,1176.0,1176.0,2100.0,751.0,Estimate
2014,0500,SALIDA R-32,Chaffee,015,district,81.8358,school_sum,,81.8358,6.0,school_panel,,6.0,1194.0,1194.0,1194.0,2101.0,736.0,Estimate
2015,0500,SALIDA R-32,Chaffee,015,district,86.96,school_sum,,86.96,6.0,school_panel,,6.0,1197.0,1197.0,1197.0,2102.0,732.0,Estimate
2016,0500,SALIDA R-32,Chaffee,015,district,89.46,published,89.46,89.49,6.0,school_panel,,6.0,1229.0,1229.0,1229.0,2179.0,742.0,Estimate
2017,0500,,Chaffee,015,,,,,,6.0,school_panel,,6.0,1255.0,1255.0,1255.0,2254.0,743.0,Estimate
2018,0500,SALIDA R-32,Chaffee,015,district,94.81,published,94.81,94.8,6.0,school_panel,,6.0,1265.0,1265.0,1265.0,2259.0,777.0,Estimate
2019,0500,Salida R-32,Chaffee,015,district,99.3,school_sum,,99.3,6.0,school_panel,,6.0,1331.0,1331.0,1331.0,2269.0,757.0,Estimate
2020,0500,,Chaffee,015,,,,,,6.0,school_panel,,6.0,1244.0,1244.0,1244.0,2226.0,744.0,Estimate
2021,0500,,Chaffee,015,,,,,,6.0,school_panel,,6.0,1313.0,1313.0,1312.0,2226.0,739.0,Estimate
2022,0500,Salida R-32,Chaffee,015,district,98.4,published,98.4,98.3,6.0,school_panel,,6.0,1329.0,1329.0,1327.0,2224.0,749.0,Estimate
2023,0500,Salida R-32,Chaffee,015,district,90.6,published,90.6,90.6,6.0,school_panel,,6.0,1326.0,1326.0,1322.0,2240.0,765.0,Estimate
2024,0500,Salida R-32,Chaffee,015,district,101.8,published,101.8,101.8,6.0,school_panel,,6.0,1355.0,1355.0,1351.0,2221.0,779.0,Estimate
1990,0510,KIT CARSON R-1,Cheyenne,017,district,18.0,published,18.0,,2.0,school_panel,2.0,2.0,140.0,,140.0,532.0,223.0,Estimate
1991,0510,KIT CARSON R-1,Cheyenne,017,district,17.6,published,17.6,,2.0,school_panel,2.0,2.0,137.0,,137.0,551.0,221.0,Estimate
1992,0510,KIT CARSON R-1,Cheyenne,017,district,18.2,published,18.2,,2.0,school_panel,2.0,2.0,126.0,,126.0,535.0,207.0,Estimate
1993,0510,KIT CARSON R-1,Cheyenne,017,district,18.2,published,18.2,,2.0,school_panel,2.0,2.0,133.0,,133.0,512.0,192.0,Estimate
1994,0510,KIT CARSON R-1,Cheyenne,017,district,16.0,published,16.0,,2.0,school_panel,2.0,2.0,145.0,,145.0,511.0,186.0,Estimate
1995,0510,KIT CARSON R-1,Cheyenne,017,district,17.0,published,17.0,,2.0,school_panel,2.0,2.0,151.0,,151.0,505.0,179.0,Estimate
1996,0510,KIT CARSON R-1,Cheyenne,017,district,17.0,published,17.0,,2.0,school_panel,2.0,2.0,141.0,,141.0,509.0,170.0,Estimate
1997,0510,KIT CARSON R-1,Cheyenne,017,district,17.0,published,17.0,,2.0,school_panel,2.0,2.0,138.0,,138.0,512.0,166.0,Estimate
1998,0510,KIT CARSON R-1,Cheyenne,017,district,17.6,published,17.6,,2.0,school_panel,2.0,2.0,134.0,,134.0,524.0,161.0,Estimate
1999,0510,KIT CARSON R-1,Cheyenne,017,district,,,,,2.0,school_panel,2.0,2.0,123.0,,123.0,511.0,150.0,Estimate
2000,0510,KIT CARSON R-1,Cheyenne,017,district,17.625,school_sum,,17.625,2.0,school_panel,,2.0,,,129.0,500.0,142.0,Estimate
2001,0510,KIT CARSON R-1,Cheyenne,017,district,17.625,school_sum,,17.625,2.0,school_panel,,2.0,44.0,44.0,113.0,479.0,129.0,Estimate
2002,0510,KIT CARSON R-1,Cheyenne,017,district,16.625,school_sum,,16.625,2.0,school_panel,,2.0,46.0,46.0,121.0,460.0,121.0,Estimate
2003,0510,KIT CARSON R-1,Cheyenne,017,district,17.0636,school_sum,,17.0636,2.0,school_panel,,2.0,99.0,99.0,99.0,428.0,119.0,Estimate
2004,0510,KIT CARSON R-1,Cheyenne,017,district,17.0636,school_sum,,17.0636,2.0,school_panel,,2.0,111.0,111.0,111.0,401.0,112.0,Estimate
2005,0510,KIT CARSON R-1,Cheyenne,017,district,16.4328,school_sum,,16.4328,2.0,school_panel,,2.0,94.0,94.0,94.0,396.0,111.0,Estimate
2006,0510,KIT CARSON R-1,Cheyenne,017,district,15.1817,school_sum,,15.1817,2.0,school_panel,,2.0,109.0,109.0,109.0,386.0,103.0,Estimate
2007,0510,KIT CARSON R-1,Cheyenne,017,district,15.6828,school_sum,,15.6828,2.0,school_panel,,2.0,101.0,101.0,101.0,355.0,104.0,Estimate
2008,0510,KIT CARSON R-1,Cheyenne,017,district,16.1828,school_sum,,16.1828,2.0,school_panel,,2.0,103.0,103.0,103.0,324.0,108.0,Estimate
2009,0510,KIT CARSON R-1,Cheyenne,017,district,16.1828,school_sum,,16.1828,2.0,school_panel,,2.0,96.0,96.0,96.0,305.0,110.0,Estimate
2010,0510,KIT CARSON R-1,Cheyenne,017,district,15.558,published,15.558,15.558,2.0,school_panel,,2.0,109.0,109.0,109.0,315.0,129.0,Estimate
2011,0510,KIT CARSON R-1,Cheyenne,017,district,15.56,school_sum,,15.56,2.0,school_panel,,2.0,120.0,120.0,120.0,318.0,119.0,Estimate
2012,0510,KIT CARSON R-1,Cheyenne,017,district,15.48,school_sum,,15.48,2.0,school_panel,,2.0,110.0,110.0,110.0,318.0,131.0,Estimate
2013,0510,KIT CARSON R-1,Cheyenne,017,district,14.12,school_sum,,14.12,2.0,school_panel,,2.0,114.0,114.0,114.0,310.0,132.0,Estimate
2014,0510,KIT CARSON R-1,Cheyenne,017,district,17.8848,school_sum,,17.8848,2.0,school_panel,,2.0,108.0,108.0,108.0,315.0,133.0,Estimate
2015,0510,KIT CARSON R-1,Cheyenne,017,district,15.75,school_sum,,15.75,2.0,school_panel,,2.0,128.0,128.0,128.0,315.0,138.0,Estimate
2016,0510,KIT CARSON R-1,Cheyenne,017,district,16.44,published,16.44,16.44,2.0,school_panel,,2.0,126.0,126.0,126.0,316.0,143.0,Estimate
2017,0510,,Cheyenne,017,,,,,,2.0,school_panel,,2.0,109.0,109.0,109.0,326.0,125.0,Estimate
2018,0510,KIT CARSON R-1,Cheyenne,017,district,16.06,published,16.06,16.06,2.0,school_panel,,2.0,108.0,108.0,108.0,336.0,112.0,Estimate
2019,0510,Kit Carson R-1,Cheyenne,017,district,16.1,school_sum,,16.1,2.0,school_panel,,2.0,109.0,109.0,109.0,343.0,91.0,Estimate
2020,0510,,Cheyenne,017,,,,,,2.0,school_panel,,2.0,97.0,97.0,97.0,332.0,84.0,Estimate
2021,0510,,Cheyenne,017,,,,,,2.0,school_panel,,2.0,100.0,100.0,99.0,329.0,80.0,Estimate
2022,0510,Kit Carson R-1,Cheyenne,017,district,15.7,published,15.7,15.7,2.0,school_panel,,2.0,101.0,101.0,100.0,347.0,80.0,Estimate
2023,0510,Kit Carson R-1,Cheyenne,017,district,16.5,published,16.5,16.5,2.0,school_panel,,2.0,107.0,107.0,107.0,349.0,79.0,Estimate
2024,0510,Kit Carson R-1,Cheyenne,017,district,15.6,published,15.6,15.6,2.0,school_panel,,2.0,109.0,109.0,109.0,336.0,91.0,Estimate
1990,0520,CHEYENNE COUNTY RE-5,Cheyenne,017,district,30.0,published,30.0,,3.0,school_panel,3.0,3.0,403.0,,403.0,532.0,223.0,Estimate
1991,0520,CHEYENNE COUNTY RE-5,Cheyenne,017,district,30.0,published,30.0,,3.0,school_panel,3.0,3.0,369.0,,369.0,551.0,221.0,Estimate
1992,0520,CHEYENNE COUNTY RE-5,Cheyenne,017,district,25.0,published,25.0,,3.0,school_panel,3.0,3.0,387.0,,387.0,535.0,207.0,Estimate
1993,0520,CHEYENNE COUNTY RE-5,Cheyenne,017,district,22.0,published,22.0,,3.0,school_panel,3.0,3.0,373.0,,373.0,512.0,192.0,Estimate
1994,0520,CHEYENNE COUNTY RE-5,Cheyenne,017,district,29.0,published,29.0,,3.0,school_panel,3.0,3.0,366.0,,366.0,511.0,186.0,Estimate
1995,0520,CHEYENNE COUNTY RE-5,Cheyenne,017,district,30.0,published,30.0,,3.0,school_panel,3.0,3.0,347.0,,347.0,505.0,179.0,Estimate
1996,0520,CHEYENNE COUNTY RE-5,Cheyenne,017,district,31.0,published,31.0,,3.0,school_panel,3.0,3.0,352.0,,352.0,509.0,170.0,Estimate
1997,0520,CHEYENNE COUNTY RE-5,Cheyenne,017,district,32.0,published,32.0,,3.0,school_panel,3.0,3.0,357.0,,357.0,512.0,166.0,Estimate
1998,0520,CHEYENNE COUNTY RE-3,Cheyenne,017,district,33.2,published,33.2,,3.0,school_panel,3.0,3.0,329.0,,329.0,524.0,161.0,Estimate
1999,0520,CHEYENNE COUNTY RE-3,Cheyenne,017,district,,,,,3.0,school_panel,3.0,3.0,312.0,,312.0,511.0,150.0,Estimate
2000,0520,CHEYENNE COUNTY RE-5,Cheyenne,017,district,32.7283,school_sum,,32.7283,3.0,school_panel,,3.0,,,343.0,500.0,142.0,Estimate
2001,0520,CHEYENNE COUNTY RE-5,Cheyenne,017,district,31.2139,school_sum,,31.2139,3.0,school_panel,,3.0,199.0,199.0,306.0,479.0,129.0,Estimate
2002,0520,CHEYENNE COUNTY RE-5,Cheyenne,017,district,21.5613,school_sum,,21.5613,3.0,school_panel,,3.0,170.0,170.0,280.0,460.0,121.0,Estimate
2003,0520,CHEYENNE COUNTY RE-5,Cheyenne,017,district,26.8078,school_sum,,26.8078,3.0,school_panel,,3.0,276.0,276.0,276.0,428.0,119.0,Estimate
2004,0520,CHEYENNE COUNTY RE-5,Cheyenne,017,district,27.5639,school_sum,,27.5639,3.0,school_panel,,3.0,261.0,261.0,261.0,401.0,112.0,Estimate
2005,0520,CHEYENNE COUNTY RE-5,Cheyenne,017,district,26.5232,school_sum,,26.5232,3.0,school_panel,,3.0,247.0,247.0,247.0,396.0,111.0,Estimate
2006,0520,CHEYENNE COUNTY RE-5,Cheyenne,017,district,23.279,school_sum,,23.279,3.0,school_panel,,3.0,236.0,236.0,236.0,386.0,103.0,Estimate
2007,0520,CHEYENNE COUNTY RE-5,Cheyenne,017,district,21.2815,school_sum,,21.2815,3.0,school_panel,,3.0,219.0,219.0,219.0,355.0,104.0,Estimate
2008,0520,CHEYENNE COUNTY RE-5,Cheyenne,017,district,21.7765,school_sum,,21.7765,3.0,school_panel,,3.0,201.0,201.0,201.0,324.0,108.0,Estimate
2009,0520,CHEYENNE COUNTY RE-5,Cheyenne,017,district,21.2776,school_sum,,21.2776,3.0,school_panel,,3.0,189.0,189.0,189.0,305.0,110.0,Estimate
2010,0520,CHEYENNE COUNTY RE-5,Cheyenne,017,district,19.424,published,19.424,19.424,3.0,school_panel,,3.0,206.0,206.0,206.0,315.0,129.0,Estimate
2011,0520,CHEYENNE COUNTY RE-5,Cheyenne,017,district,18.52,school_sum,,18.52,3.0,school_panel,,3.0,206.0,206.0,206.0,318.0,119.0,Estimate
2012,0520,CHEYENNE COUNTY RE-5,Cheyenne,017,district,19.53,school_sum,,19.53,3.0,school_panel,,3.0,203.0,203.0,203.0,318.0,131.0,Estimate
2013,0520,CHEYENNE COUNTY RE-5,Cheyenne,017,district,17.96,school_sum,,17.96,3.0,school_panel,,3.0,179.0,179.0,179.0,310.0,132.0,Estimate
2014,0520,CHEYENNE COUNTY RE-5,Cheyenne,017,district,17.9624,school_sum,,17.9624,2.0,school_panel,,2.0,182.0,182.0,182.0,315.0,133.0,Estimate
2015,0520,CHEYENNE COUNTY RE-5,Cheyenne,017,district,18.47,school_sum,,18.47,2.0,school_panel,,2.0,183.0,183.0,183.0,315.0,138.0,Estimate
2016,0520,CHEYENNE COUNTY RE-5,Cheyenne,017,district,18.77,published,18.77,18.78,2.0,school_panel,,2.0,194.0,194.0,194.0,316.0,143.0,Estimate
2017,0520,,Cheyenne,017,,,,,,2.0,school_panel,,2.0,179.0,179.0,179.0,326.0,125.0,Estimate
2018,0520,CHEYENNE COUNTY RE-5,Cheyenne,017,district,16.89,published,16.89,16.89,2.0,school_panel,,2.0,182.0,182.0,182.0,336.0,112.0,Estimate
2019,0520,Cheyenne County Re-5,Cheyenne,017,district,16.9,school_sum,,16.9,2.0,school_panel,,2.0,197.0,197.0,197.0,343.0,91.0,Estimate
2020,0520,,Cheyenne,017,,,,,,2.0,school_panel,,2.0,173.0,173.0,173.0,332.0,84.0,Estimate
2021,0520,,Cheyenne,017,,,,,,2.0,school_panel,,2.0,188.0,188.0,188.0,329.0,80.0,Estimate
2022,0520,Cheyenne County Re-5,Cheyenne,017,district,16.6,published,16.6,16.5,2.0,school_panel,,2.0,178.0,178.0,178.0,347.0,80.0,Estimate
2023,0520,Cheyenne County Re-5,Cheyenne,017,district,15.5,published,15.5,15.5,2.0,school_panel,,2.0,170.0,170.0,169.0,349.0,79.0,Estimate
2024,0520,Cheyenne County Re-5,Cheyenne,017,district,16.4,published,16.4,16.4,2.0,school_panel,,2.0,175.0,175.0,174.0,336.0,91.0,Estimate
1990,0540,CLEAR CREEK RE-1,Clear Creek,019,district,80.8,published,80.8,,6.0,school_panel,6.0,6.0,1392.0,,1392.0,1446.0,540.0,Estimate
1991,0540,CLEAR CREEK RE-1,Clear Creek,019,district,80.2,published,80.2,,6.0,school_panel,6.0,6.0,1443.0,,1443.0,1434.0,528.0,Estimate
1992,0540,CLEAR CREEK RE-1,Clear Creek,019,district,75.4,published,75.4,,6.0,school_panel,6.0,6.0,1400.0,,1400.0,1451.0,532.0,Estimate
1993,0540,CLEAR CREEK RE-1,Clear Creek,019,district,68.8,published,68.8,,5.0,school_panel,5.0,5.0,1414.0,,1414.0,1470.0,533.0,Estimate
1994,0540,CLEAR CREEK RE-1,Clear Creek,019,district,72.8,published,72.8,,7.0,school_panel,6.0,7.0,1393.0,,1393.0,1529.0,551.0,Estimate
1995,0540,CLEAR CREEK RE-1,Clear Creek,019,district,74.8,published,74.8,,6.0,school_panel,7.0,6.0,1385.0,,1385.0,1552.0,554.0,Estimate
1996,0540,CLEAR CREEK RE-1,Clear Creek,019,district,76.5,published,76.5,,6.0,school_panel,6.0,6.0,1449.0,,1449.0,1539.0,544.0,Estimate
1997,0540,CLEAR CREEK RE-1,Clear Creek,019,district,83.2,published,83.2,,6.0,school_panel,6.0,6.0,1426.0,,1426.0,1546.0,541.0,Estimate
1998,0540,CLEAR CREEK RE-1,Clear Creek,019,district,86.4,published,86.4,,6.0,school_panel,6.0,6.0,1438.0,,1438.0,1549.0,538.0,Estimate
1999,0540,CLEAR CREEK RE-1,Clear Creek,019,district,,,,,6.0,school_panel,6.0,6.0,1390.0,,1390.0,1561.0,536.0,Estimate
2000,0540,CLEAR CREEK RE-1,Clear Creek,019,district,87.1622,school_sum,,87.1622,6.0,school_panel,,6.0,,,1327.0,1571.0,533.0,Estimate
2001,0540,CLEAR CREEK RE-1,Clear Creek,019,district,84.4647,school_sum,,84.4647,6.0,school_panel,,6.0,1250.0,1250.0,1284.0,1527.0,538.0,Estimate
2002,0540,CLEAR CREEK RE-1,Clear Creek,019,district,81.3756,school_sum,,81.3756,6.0,school_panel,,6.0,1208.0,1208.0,1234.0,1459.0,534.0,Estimate
2003,0540,CLEAR CREEK RE-1,Clear Creek,019,district,76.6874,school_sum,,76.6874,6.0,school_panel,,6.0,1216.0,1216.0,1216.0,1386.0,557.0,Estimate
2004,0540,CLEAR CREEK RE-1,Clear Creek,019,district,71.4784,school_sum,,71.4784,5.0,school_panel,,5.0,1154.0,1154.0,1154.0,1355.0,522.0,Estimate
2005,0540,CLEAR CREEK RE-1,Clear Creek,019,district,60.443,school_sum,,60.443,5.0,school_panel,,5.0,1076.0,1076.0,1076.0,1347.0,500.0,Estimate
2006,0540,CLEAR CREEK RE-1,Clear Creek,019,district,62.8313,school_sum,,62.8313,5.0,school_panel,,5.0,1060.0,1060.0,1060.0,1249.0,463.0,Estimate
2007,0540,CLEAR CREEK RE-1,Clear Creek,019,district,63.9539,school_sum,,63.9539,5.0,school_panel,,5.0,1044.0,1044.0,1044.0,1227.0,464.0,Estimate
2008,0540,CLEAR CREEK RE-1,Clear Creek,019,district,63.4638,school_sum,,63.4638,5.0,school_panel,,5.0,994.0,994.0,994.0,1202.0,451.0,Estimate
2009,0540,CLEAR CREEK RE-1,Clear Creek,019,district,63.3118,school_sum,,63.3118,5.0,school_panel,,5.0,974.0,974.0,974.0,1141.0,439.0,Estimate
2010,0540,CLEAR CREEK RE-1,Clear Creek,019,district,62.072,published,62.072,62.072,5.0,school_panel,,5.0,989.0,989.0,989.0,1118.0,441.0,Estimate
2011,0540,CLEAR CREEK RE-1,Clear Creek,019,district,58.88,school_sum,,58.88,5.0,school_panel,,5.0,993.0,993.0,993.0,1077.0,410.0,Estimate
2012,0540,CLEAR CREEK RE-1,Clear Creek,019,district,65.88,school_sum,,65.88,5.0,school_panel,,5.0,959.0,959.0,959.0,1064.0,383.0,Estimate
2013,0540,CLEAR CREEK RE-1,Clear Creek,019,district,68.4,school_sum,,68.4,5.0,school_panel,,5.0,930.0,930.0,930.0,1052.0,362.0,Estimate
2014,0540,CLEAR CREEK RE-1,Clear Creek,019,district,61.046,school_sum,,61.046,5.0,school_panel,,5.0,890.0,890.0,890.0,1054.0,361.0,Estimate
2015,0540,CLEAR CREEK RE-1,Clear Creek,019,district,65.99,school_sum,,65.99,5.0,school_panel,,5.0,896.0,896.0,896.0,1066.0,355.0,Estimate
2016,0540,CLEAR CREEK RE-1,Clear Creek,019,district,62.38,published,62.38,62.38,5.0,school_panel,,5.0,858.0,858.0,858.0,1064.0,362.0,Estimate
2017,0540,,Clear Creek,019,,,,,,5.0,school_panel,,5.0,808.0,808.0,808.0,1066.0,387.0,Estimate
2018,0540,CLEAR CREEK RE-1,Clear Creek,019,district,59.08,published,59.08,59.08,5.0,school_panel,,5.0,760.0,760.0,760.0,1048.0,392.0,Estimate
2019,0540,Clear Creek RE-1,Clear Creek,019,district,59.1,school_sum,,59.1,5.0,school_panel,,5.0,717.0,717.0,717.0,1046.0,388.0,Estimate
2020,0540,,Clear Creek,019,,,,,,5.0,school_panel,,5.0,682.0,682.0,682.0,1052.0,401.0,Estimate
2021,0540,,Clear Creek,019,,,,,,5.0,school_panel,,5.0,696.0,696.0,696.0,1100.0,403.0,Estimate
2022,0540,Clear Creek RE-1,Clear Creek,019,district,53.8,published,53.8,54.4,5.0,school_panel,,5.0,680.0,680.0,680.0,1152.0,390.0,Estimate
2023,0540,Clear Creek RE-1,Clear Creek,019,district,50.9,published,50.9,50.9,5.0,school_panel,,5.0,652.0,652.0,652.0,1155.0,365.0,Estimate
2024,0540,Clear Creek RE-1,Clear Creek,019,district,50.9,published,50.9,50.9,5.0,school_panel,,5.0,634.0,634.0,634.0,1201.0,356.0,Estimate
1990,0550,NORTH CONEJOS RE-1J,Conejos,021,district,73.5,published,73.5,,5.0,school_panel,5.0,5.0,1171.0,,1171.0,1940.0,641.0,Estimate
1991,0550,NORTH CONEJOS RE-1J,Conejos,021,district,74.0,published,74.0,,5.0,school_panel,5.0,5.0,1180.0,,1180.0,1944.0,641.0,Estimate
1992,0550,NORTH CONEJOS RE-1J,Conejos,021,district,73.0,published,73.0,,5.0,school_panel,5.0,5.0,1200.0,,1200.0,1926.0,635.0,Estimate
1993,0550,NORTH CONEJOS RE-1J,Conejos,021,district,72.0,published,72.0,,5.0,school_panel,5.0,5.0,1201.0,,1201.0,1946.0,637.0,Estimate
1994,0550,NORTH CONEJOS RE-1J,Conejos,021,district,73.0,published,73.0,,5.0,school_panel,5.0,5.0,1214.0,,1214.0,1958.0,642.0,Estimate
1995,0550,NORTH CONEJOS RE-1J,Conejos,021,district,72.0,published,72.0,,5.0,school_panel,5.0,5.0,1240.0,,1240.0,1982.0,649.0,Estimate
1996,0550,NORTH CONEJOS RE-1J,Conejos,021,district,73.0,published,73.0,,5.0,school_panel,5.0,5.0,1226.0,,1226.0,1999.0,653.0,Estimate
1997,0550,NORTH CONEJOS RE-1J,Conejos,021,district,74.0,published,74.0,,5.0,school_panel,5.0,5.0,1225.0,,1225.0,2005.0,654.0,Estimate
1998,0550,NORTH CONEJOS RE-1J,Conejos,021,district,73.2,published,73.2,,5.0,school_panel,5.0,5.0,1209.0,,1209.0,2013.0,655.0,Estimate
1999,0550,NORTH CONEJOS RE-1J,Conejos,021,district,,,,,5.0,school_panel,5.0,5.0,1168.0,,1168.0,2028.0,659.0,Estimate
2000,0550,NORTH CONEJOS RE-1J,Conejos,021,district,76.0,school_sum,,76.0,5.0,school_panel,,5.0,,,1190.0,2038.0,658.0,Estimate
2001,0550,NORTH CONEJOS RE-1J,Conejos,021,district,77.0,school_sum,,77.0,5.0,school_panel,,5.0,1184.0,1184.0,1184.0,1979.0,655.0,Estimate
2002,0550,NORTH CONEJOS RE-1J,Conejos,021,district,78.0,school_sum,,78.0,5.0,school_panel,,5.0,1221.0,1221.0,1221.0,1954.0,656.0,Estimate
2003,0550,NORTH CONEJOS RE-1J,Conejos,021,district,78.0,school_sum,,78.0,5.0,school_panel,,5.0,1197.0,1197.0,1197.0,1894.0,656.0,Estimate
2004,0550,NORTH CONEJOS RE-1J,Conejos,021,district,77.1332,school_sum,,77.1332,5.0,school_panel,,5.0,1208.0,1208.0,1208.0,1878.0,658.0,Estimate
2005,0550,NORTH CONEJOS RE-1J,Conejos,021,district,79.268,school_sum,,79.268,5.0,school_panel,,5.0,1196.0,1196.0,1196.0,1877.0,643.0,Estimate
2006,0550,NORTH CONEJOS RE-1J,Conejos,021,district,78.2666,school_sum,,78.2666,5.0,school_panel,,5.0,1205.0,1205.0,1205.0,1844.0,628.0,Estimate
2007,0550,NORTH CONEJOS RE-1J,Conejos,021,district,77.6666,school_sum,,77.6666,5.0,school_panel,,5.0,1130.0,1130.0,1130.0,1825.0,618.0,Estimate
2008,0550,NORTH CONEJOS RE-1J,Conejos,021,district,78.0,school_sum,,78.0,5.0,school_panel,,5.0,1075.0,1075.0,1075.0,1772.0,624.0,Estimate
2009,0550,NORTH CONEJOS RE-1J,Conejos,021,district,75.0,school_sum,,75.0,5.0,school_panel,,5.0,1051.0,1051.0,1051.0,1695.0,626.0,Estimate
2010,0550,NORTH CONEJOS RE-1J,Conejos,021,district,72.5,published,72.5,48.5,5.0,school_panel,,5.0,1030.0,1030.0,1030.0,1690.0,651.0,Estimate
2011,0550,NORTH CONEJOS RE-1J,Conejos,021,district,55.28,school_sum,,55.28,5.0,school_panel,,5.0,992.0,992.0,992.0,1664.0,617.0,Estimate
2012,0550,NORTH CONEJOS RE-1J,Conejos,021,district,31.44,school_sum,,31.44,5.0,school_panel,,5.0,1033.0,1033.0,1033.0,1632.0,613.0,Estimate
2013,0550,NORTH CONEJOS RE-1J,Conejos,021,district,72.62,school_sum,,72.62,5.0,school_panel,,5.0,1005.0,1005.0,1005.0,1622.0,588.0,Estimate
2014,0550,NORTH CONEJOS RE-1J,Conejos,021,district,72.3575,school_sum,,72.3575,5.0,school_panel,,5.0,964.0,964.0,964.0,1595.0,590.0,Estimate
2015,0550,NORTH CONEJOS RE-1J,Conejos,021,district,73.67,school_sum,,73.67,5.0,school_panel,,5.0,977.0,977.0,977.0,1595.0,568.0,Estimate
2016,0550,NORTH CONEJOS RE-1J,Conejos,021,district,71.61,published,71.61,72.63,5.0,school_panel,,5.0,963.0,963.0,963.0,1554.0,559.0,Estimate
2017,0550,,Conejos,021,,,,,,5.0,school_panel,,5.0,1028.0,1028.0,1028.0,1544.0,528.0,Estimate
2018,0550,NORTH CONEJOS RE-1J,Conejos,021,district,71.31,published,71.31,72.46,5.0,school_panel,,5.0,1025.0,1025.0,1025.0,1508.0,502.0,Estimate
2019,0550,North Conejos RE-1J,Conejos,021,district,73.4,school_sum,,73.4,5.0,school_panel,,5.0,1067.0,1067.0,1067.0,1495.0,481.0,Estimate
2020,0550,,Conejos,021,,,,,,5.0,school_panel,,5.0,991.0,991.0,991.0,1482.0,454.0,Estimate
2021,0550,,Conejos,021,,,,,,5.0,school_panel,,5.0,1005.0,1005.0,1005.0,1516.0,476.0,Estimate
2022,0550,North Conejos RE-1J,Conejos,021,district,70.8,published,70.8,70.7,5.0,school_panel,,5.0,988.0,988.0,988.0,1527.0,492.0,Estimate
2023,0550,North Conejos RE-1J,Conejos,021,district,73.6,published,73.6,73.6,5.0,school_panel,,5.0,955.0,955.0,955.0,1498.0,496.0,Estimate
2024,0550,North Conejos RE-1J,Conejos,021,district,67.6,published,67.6,67.5,5.0,school_panel,,5.0,927.0,927.0,927.0,1502.0,493.0,Estimate
1990,0560,SANFORD 6J,Conejos,021,district,21.0,published,21.0,,2.0,school_panel,2.0,2.0,332.0,,332.0,1940.0,641.0,Estimate
1991,0560,SANFORD 6J,Conejos,021,district,19.2,published,19.2,,2.0,school_panel,2.0,2.0,315.0,,315.0,1944.0,641.0,Estimate
1992,0560,SANFORD 6J,Conejos,021,district,19.0,published,19.0,,2.0,school_panel,2.0,2.0,307.0,,307.0,1926.0,635.0,Estimate
1993,0560,SANFORD 6J,Conejos,021,district,19.1,published,19.1,,2.0,school_panel,2.0,2.0,342.0,,342.0,1946.0,637.0,Estimate
1994,0560,SANFORD 6J,Conejos,021,district,21.6,published,21.6,,2.0,school_panel,2.0,2.0,342.0,,342.0,1958.0,642.0,Estimate
1995,0560,SANFORD 6J,Conejos,021,district,20.7,published,20.7,,2.0,school_panel,2.0,2.0,339.0,,339.0,1982.0,649.0,Estimate
1996,0560,SANFORD 6J,Conejos,021,district,20.7,published,20.7,,2.0,school_panel,2.0,2.0,353.0,,353.0,1999.0,653.0,Estimate
1997,0560,SANFORD 6J,Conejos,021,district,21.7,published,21.7,,2.0,school_panel,2.0,2.0,351.0,,351.0,2005.0,654.0,Estimate
1998,0560,SANFORD 6J,Conejos,021,district,22.5,published,22.5,,2.0,school_panel,2.0,2.0,361.0,,361.0,2013.0,655.0,Estimate
1999,0560,SANFORD 6J,Conejos,021,district,,,,,2.0,school_panel,2.0,2.0,384.0,,384.0,2028.0,659.0,Estimate
2000,0560,SANFORD 6J,Conejos,021,district,22.7477,school_sum,,22.7477,2.0,school_panel,,2.0,,,378.0,2038.0,658.0,Estimate
2001,0560,SANFORD 6J,Conejos,021,district,21.83,school_sum,,21.83,2.0,school_panel,,2.0,173.0,173.0,347.0,1979.0,655.0,Estimate
2002,0560,SANFORD 6J,Conejos,021,district,23.6535,school_sum,,23.6535,2.0,school_panel,,2.0,224.0,224.0,412.0,1954.0,656.0,Estimate
2003,0560,SANFORD 6J,Conejos,021,district,23.4804,school_sum,,23.4804,2.0,school_panel,,2.0,384.0,384.0,384.0,1894.0,656.0,Estimate
2004,0560,SANFORD 6J,Conejos,021,district,24.0199,school_sum,,24.0199,2.0,school_panel,,2.0,360.0,360.0,360.0,1878.0,658.0,Estimate
2005,0560,SANFORD 6J,Conejos,021,district,20.8315,school_sum,,20.8315,2.0,school_panel,,2.0,371.0,371.0,371.0,1877.0,643.0,Estimate
2006,0560,SANFORD 6J,Conejos,021,district,22.8327,school_sum,,22.8327,2.0,school_panel,,2.0,335.0,335.0,335.0,1844.0,628.0,Estimate
2007,0560,SANFORD 6J,Conejos,021,district,25.0001,school_sum,,25.0001,2.0,school_panel,,2.0,354.0,354.0,354.0,1825.0,618.0,Estimate
2008,0560,SANFORD 6J,Conejos,021,district,24.3491,school_sum,,24.3491,2.0,school_panel,,2.0,346.0,346.0,346.0,1772.0,624.0,Estimate
2009,0560,SANFORD 6J,Conejos,021,district,25.3307,school_sum,,25.3307,2.0,school_panel,,2.0,340.0,340.0,340.0,1695.0,626.0,Estimate
2010,0560,SANFORD 6J,Conejos,021,district,22.741,published,22.741,22.741,2.0,school_panel,,2.0,346.0,346.0,346.0,1690.0,651.0,Estimate
2011,0560,SANFORD 6J,Conejos,021,district,23.0,school_sum,,23.0,2.0,school_panel,,2.0,354.0,354.0,354.0,1664.0,617.0,Estimate
2012,0560,SANFORD 6J,Conejos,021,district,11.51,school_sum,,11.51,2.0,school_panel,,2.0,360.0,360.0,360.0,1632.0,613.0,Estimate
2013,0560,SANFORD 6J,Conejos,021,district,25.28,school_sum,,25.28,2.0,school_panel,,2.0,395.0,395.0,395.0,1622.0,588.0,Estimate
2014,0560,SANFORD 6J,Conejos,021,district,26.5014,school_sum,,26.5014,2.0,school_panel,,2.0,391.0,391.0,391.0,1595.0,590.0,Estimate
2015,0560,SANFORD 6J,Conejos,021,district,26.68,school_sum,,26.68,2.0,school_panel,,2.0,372.0,372.0,372.0,1595.0,568.0,Estimate
2016,0560,SANFORD 6J,Conejos,021,district,26.25,published,26.25,26.26,2.0,school_panel,,2.0,393.0,393.0,393.0,1554.0,559.0,Estimate
2017,0560,,Conejos,021,,,,,,2.0,school_panel,,2.0,369.0,369.0,369.0,1544.0,528.0,Estimate
2018,0560,SANFORD 6J,Conejos,021,district,24.47,published,24.47,24.69,2.0,school_panel,,2.0,357.0,357.0,357.0,1508.0,502.0,Estimate
2019,0560,Sanford 6J,Conejos,021,district,25.4,school_sum,,25.4,2.0,school_panel,,2.0,353.0,353.0,353.0,1495.0,481.0,Estimate
2020,0560,,Conejos,021,,,,,,2.0,school_panel,,2.0,358.0,358.0,358.0,1482.0,454.0,Estimate
2021,0560,,Conejos,021,,,,,,2.0,school_panel,,2.0,369.0,369.0,369.0,1516.0,476.0,Estimate
2022,0560,Sanford 6J,Conejos,021,district,23.3,published,23.3,23.3,2.0,school_panel,,2.0,384.0,384.0,384.0,1527.0,492.0,Estimate
2023,0560,Sanford 6J,Conejos,021,district,25.3,published,25.3,25.3,2.0,school_panel,,2.0,399.0,399.0,399.0,1498.0,496.0,Estimate
2024,0560,Sanford 6J,Conejos,021,district,24.7,published,24.7,24.7,2.0,school_panel,,2.0,384.0,384.0,384.0,1502.0,493.0,Estimate
1990,0580,SOUTH CONEJOS RE-10,Conejos,021,district,34.0,published,34.0,,3.0,school_panel,3.0,3.0,449.0,,449.0,1940.0,641.0,Estimate
1991,0580,SOUTH CONEJOS RE-10,Conejos,021,district,31.0,published,31.0,,3.0,school_panel,3.0,3.0,455.0,,455.0,1944.0,641.0,Estimate
1992,0580,SOUTH CONEJOS RE-10,Conejos,021,district,32.0,published,32.0,,3.0,school_panel,3.0,3.0,430.0,,430.0,1926.0,635.0,Estimate
1993,0580,SOUTH CONEJOS RE-10,Conejos,021,district,30.0,published,30.0,,3.0,school_panel,3.0,3.0,435.0,,435.0,1946.0,637.0,Estimate
1994,0580,SOUTH CONEJOS RE-10,Conejos,021,district,33.5,published,33.5,,3.0,school_panel,3.0,3.0,446.0,,446.0,1958.0,642.0,Estimate
1995,0580,SOUTH CONEJOS RE-10,Conejos,021,district,34.0,published,34.0,,3.0,school_panel,3.0,3.0,462.0,,462.0,1982.0,649.0,Estimate
1996,0580,SOUTH CONEJOS RE-10,Conejos,021,district,34.5,published,34.5,,3.0,school_panel,3.0,3.0,479.0,,479.0,1999.0,653.0,Estimate
1997,0580,SOUTH CONEJOS RE-10,Conejos,021,district,35.0,published,35.0,,3.0,school_panel,3.0,3.0,475.0,,475.0,2005.0,654.0,Estimate
1998,0580,SOUTH CONEJOS RE-10,Conejos,021,district,31.6,published,31.6,,3.0,school_panel,3.0,3.0,444.0,,444.0,2013.0,655.0,Estimate
1999,0580,SOUTH CONEJOS RE-10,Conejos,021,district,,,,,3.0,school_panel,3.0,3.0,425.0,,425.0,2028.0,659.0,Estimate
2000,0580,SOUTH CONEJOS RE-10,Conejos,021,district,33.5712,school_sum,,33.5712,3.0,school_panel,,3.0,,,391.0,2038.0,658.0,Estimate
2001,0580,SOUTH CONEJOS RE-10,Conejos,021,district,31.7152,school_sum,,31.7152,3.0,school_panel,,3.0,369.0,369.0,369.0,1979.0,655.0,Estimate
2002,0580,SOUTH CONEJOS RE-10,Conejos,021,district,31.6494,school_sum,,31.6494,3.0,school_panel,,3.0,340.0,340.0,340.0,1954.0,656.0,Estimate
2003,0580,SOUTH CONEJOS RE-10,Conejos,021,district,30.9908,school_sum,,30.9908,3.0,school_panel,,3.0,321.0,321.0,321.0,1894.0,656.0,Estimate
2004,0580,SOUTH CONEJOS RE-10,Conejos,021,district,31.1052,school_sum,,31.1052,3.0,school_panel,,3.0,309.0,309.0,309.0,1878.0,658.0,Estimate
2005,0580,SOUTH CONEJOS RE-10,Conejos,021,district,28.6494,school_sum,,28.6494,3.0,school_panel,,3.0,302.0,302.0,302.0,1877.0,643.0,Estimate
2006,0580,SOUTH CONEJOS RE-10,Conejos,021,district,27.866,school_sum,,27.866,3.0,school_panel,,3.0,290.0,290.0,290.0,1844.0,628.0,Estimate
2007,0580,SOUTH CONEJOS RE-10,Conejos,021,district,26.6959,school_sum,,26.6959,3.0,school_panel,,3.0,279.0,279.0,279.0,1825.0,618.0,Estimate
2008,0580,SOUTH CONEJOS RE-10,Conejos,021,district,26.6442,school_sum,,26.6442,3.0,school_panel,,3.0,268.0,268.0,268.0,1772.0,624.0,Estimate
2009,0580,SOUTH CONEJOS RE-10,Conejos,021,district,24.9468,school_sum,,24.9468,3.0,school_panel,,3.0,280.0,280.0,280.0,1695.0,626.0,Estimate
2010,0580,SOUTH CONEJOS RE-10,Conejos,021,district,24.79,published,24.79,24.79,3.0,school_panel,,3.0,237.0,237.0,237.0,1690.0,651.0,Estimate
2011,0580,SOUTH CONEJOS RE-10,Conejos,021,district,20.81,school_sum,,20.81,3.0,school_panel,,3.0,224.0,224.0,224.0,1664.0,617.0,Estimate
2012,0580,SOUTH CONEJOS RE-10,Conejos,021,district,19.15,school_sum,,19.15,3.0,school_panel,,3.0,208.0,208.0,208.0,1632.0,613.0,Estimate
2013,0580,SOUTH CONEJOS RE-10,Conejos,021,district,22.2,school_sum,,22.2,3.0,school_panel,,3.0,215.0,215.0,215.0,1622.0,588.0,Estimate
2014,0580,SOUTH CONEJOS RE-10,Conejos,021,district,22.1436,school_sum,,22.1436,3.0,school_panel,,3.0,218.0,218.0,218.0,1595.0,590.0,Estimate
2015,0580,SOUTH CONEJOS RE-10,Conejos,021,district,20.85,school_sum,,20.85,3.0,school_panel,,3.0,216.0,216.0,216.0,1595.0,568.0,Estimate
2016,0580,SOUTH CONEJOS RE-10,Conejos,021,district,20.5,published,20.5,20.5,3.0,school_panel,,3.0,212.0,212.0,212.0,1554.0,559.0,Estimate
2017,0580,,Conejos,021,,,,,,3.0,school_panel,,3.0,181.0,181.0,181.0,1544.0,528.0,Estimate
2018,0580,SOUTH CONEJOS RE-10,Conejos,021,district,15.01,published,15.01,15.01,3.0,school_panel,,3.0,167.0,167.0,155.0,1508.0,502.0,Estimate
2019,0580,South Conejos RE-10,Conejos,021,district,10.4,school_sum,,10.4,3.0,school_panel,,3.0,150.0,150.0,150.0,1495.0,481.0,Estimate
2020,0580,,Conejos,021,,,,,,3.0,school_panel,,3.0,156.0,156.0,156.0,1482.0,454.0,Estimate
2021,0580,,Conejos,021,,,,,,3.0,school_panel,,3.0,149.0,149.0,149.0,1516.0,476.0,Estimate
2022,0580,South Conejos RE-10,Conejos,021,district,17.5,published,17.5,17.5,3.0,school_panel,,3.0,174.0,174.0,174.0,1527.0,492.0,Estimate
2023,0580,South Conejos RE-10,Conejos,021,district,17.700000000000003,published,17.700000000000003,17.7,3.0,school_panel,,3.0,182.0,182.0,182.0,1498.0,496.0,Estimate
2024,0580,South Conejos RE-10,Conejos,021,district,17.0,published,17.0,16.9,3.0,school_panel,,3.0,196.0,196.0,196.0,1502.0,493.0,Estimate
1990,0640,CENTENNIAL R-1,Costilla,023,district,28.2,published,28.2,,3.0,school_panel,3.0,3.0,365.0,,365.0,679.0,228.0,Estimate
1991,0640,CENTENNIAL R-1,Costilla,023,district,28.5,published,28.5,,3.0,school_panel,3.0,3.0,353.0,,353.0,687.0,228.0,Estimate
1992,0640,CENTENNIAL R-1,Costilla,023,district,27.5,published,27.5,,3.0,school_panel,3.0,3.0,369.0,,369.0,666.0,218.0,Estimate
1993,0640,CENTENNIAL R-1,Costilla,023,district,25.0,published,25.0,,3.0,school_panel,3.0,3.0,377.0,,377.0,693.0,223.0,Estimate
1994,0640,CENTENNIAL R-1,Costilla,023,district,25.0,published,25.0,,3.0,school_panel,3.0,3.0,388.0,,388.0,691.0,221.0,Estimate
1995,0640,CENTENNIAL R-1,Costilla,023,district,26.5,published,26.5,,3.0,school_panel,3.0,3.0,393.0,,393.0,716.0,225.0,Estimate
1996,0640,CENTENNIAL R-1,Costilla,023,district,22.0,published,22.0,,3.0,school_panel,3.0,3.0,400.0,,400.0,720.0,223.0,Estimate
1997,0640,CENTENNIAL R-1,Costilla,023,district,28.1,published,28.1,,3.0,school_panel,3.0,3.0,390.0,,390.0,722.0,221.0,Estimate
1998,0640,CENTENNIAL R4,Costilla,023,district,27.0,published,27.0,,3.0,school_panel,3.0,3.0,353.0,,353.0,732.0,218.0,Estimate
1999,0640,CENTENNIAL R4,Costilla,023,district,,,,,3.0,school_panel,3.0,3.0,328.0,,328.0,717.0,212.0,Estimate
2000,0640,CENTENNIAL R-1,Costilla,023,district,25.5005,school_sum,,25.5005,3.0,school_panel,,3.0,,,333.0,707.0,207.0,Estimate
2001,0640,CENTENNIAL R-1,Costilla,023,district,23.3787,school_sum,,23.3787,3.0,school_panel,,3.0,330.0,330.0,330.0,700.0,213.0,Estimate
2002,0640,CENTENNIAL R-1,Costilla,023,district,25.3879,school_sum,,25.3879,3.0,school_panel,,3.0,296.0,296.0,296.0,677.0,215.0,Estimate
2003,0640,CENTENNIAL R-1,Costilla,023,district,21.4575,school_sum,,21.4575,3.0,school_panel,,3.0,177.0,177.0,177.0,663.0,238.0,Estimate
2004,0640,CENTENNIAL R-1,Costilla,023,district,23.0,school_sum,,23.0,3.0,school_panel,,3.0,263.0,263.0,263.0,665.0,236.0,Estimate
2005,0640,CENTENNIAL R-1,Costilla,023,district,23.0413,school_sum,,23.0413,3.0,school_panel,,3.0,253.0,253.0,253.0,641.0,215.0,Estimate
2006,0640,CENTENNIAL R-1,Costilla,023,district,24.454,school_sum,,24.454,3.0,school_panel,,3.0,237.0,237.0,237.0,612.0,204.0,Estimate
2007,0640,CENTENNIAL R-1,Costilla,023,district,26.0527,school_sum,,26.0527,3.0,school_panel,,3.0,217.0,217.0,217.0,602.0,198.0,Estimate
2008,0640,CENTENNIAL R-1,Costilla,023,district,25.0527,school_sum,,25.0527,3.0,school_panel,,3.0,217.0,217.0,217.0,573.0,181.0,Estimate
2009,0640,CENTENNIAL R-1,Costilla,023,district,18.7041,school_sum,,18.7041,3.0,school_panel,,3.0,220.0,220.0,220.0,552.0,163.0,Estimate
2010,0640,CENTENNIAL R-1,Costilla,023,district,19.9,published,19.9,19.901,3.0,school_panel,,3.0,248.0,248.0,248.0,562.0,172.0,Estimate
2011,0640,CENTENNIAL R-1,Costilla,023,district,13.11,school_sum,,13.11,3.0,school_panel,,3.0,248.0,248.0,248.0,556.0,168.0,Estimate
2012,0640,CENTENNIAL R-1,Costilla,023,district,15.57,school_sum,,15.57,3.0,school_panel,,3.0,190.0,190.0,190.0,538.0,168.0,Estimate
2013,0640,CENTENNIAL R-1,Costilla,023,district,24.14,school_sum,,24.14,3.0,school_panel,,3.0,208.0,208.0,208.0,515.0,166.0,Estimate
2014,0640,CENTENNIAL R-1,Costilla,023,district,20.788,school_sum,,20.788,1.0,school_panel,,1.0,221.0,221.0,221.0,510.0,160.0,Estimate
2015,0640,CENTENNIAL R-1,Costilla,023,district,19.91,school_sum,,19.91,1.0,school_panel,,1.0,229.0,229.0,229.0,507.0,156.0,Estimate
2016,0640,CENTENNIAL R-1,Costilla,023,district,17.75,published,17.75,17.75,1.0,school_panel,,1.0,215.0,215.0,215.0,515.0,153.0,Estimate
2017,0640,,Costilla,023,,,,,,1.0,school_panel,,1.0,210.0,210.0,210.0,511.0,165.0,Estimate
2018,0640,CENTENNIAL R-1,Costilla,023,district,13.31,published,13.31,13.31,1.0,school_panel,,1.0,217.0,217.0,217.0,507.0,164.0,Estimate
2019,0640,Centennial R-1,Costilla,023,district,12.0,school_sum,,12.0,1.0,school_panel,,1.0,219.0,219.0,219.0,510.0,166.0,Estimate
2020,0640,,Costilla,023,,,,,,1.0,school_panel,,1.0,224.0,224.0,224.0,501.0,166.0,Estimate
2021,0640,,Costilla,023,,,,,,1.0,school_panel,,1.0,203.0,203.0,203.0,488.0,178.0,Estimate
2022,0640,Centennial R-1,Costilla,023,district,16.6,published,16.6,16.6,1.0,school_panel,,1.0,193.0,193.0,193.0,502.0,166.0,Estimate
2023,0640,Centennial R-1,Costilla,023,district,11.2,published,11.2,11.2,1.0,school_panel,,1.0,187.0,187.0,186.0,502.0,170.0,Estimate
2024,0640,Centennial R-1,Costilla,023,district,15.3,published,15.3,15.3,1.0,school_panel,,1.0,186.0,186.0,186.0,493.0,182.0,Estimate
1990,0740,SIERRA GRANDE R-30,Costilla,023,district,22.2,published,22.2,,2.0,school_panel,2.0,2.0,322.0,,322.0,679.0,228.0,Estimate
1991,0740,SIERRA GRANDE R-30,Costilla,023,district,20.7,published,20.7,,2.0,school_panel,2.0,2.0,322.0,,322.0,687.0,228.0,Estimate
1992,0740,SIERRA GRANDE R-30,Costilla,023,district,21.0,published,21.0,,2.0,school_panel,2.0,2.0,303.0,,303.0,666.0,218.0,Estimate
1993,0740,SIERRA GRANDE R-30,Costilla,023,district,23.0,published,23.0,,2.0,school_panel,2.0,2.0,313.0,,313.0,693.0,223.0,Estimate
1994,0740,SIERRA GRANDE R-30,Costilla,023,district,23.0,published,23.0,,2.0,school_panel,2.0,2.0,326.0,,326.0,691.0,221.0,Estimate
1995,0740,SIERRA GRANDE R-30,Costilla,023,district,23.0,published,23.0,,2.0,school_panel,2.0,2.0,351.0,,351.0,716.0,225.0,Estimate
1996,0740,SIERRA GRANDE R-30,Costilla,023,district,22.0,published,22.0,,2.0,school_panel,2.0,2.0,370.0,,370.0,720.0,223.0,Estimate
1997,0740,SIERRA GRANDE R-30,Costilla,023,district,23.4,published,23.4,,2.0,school_panel,2.0,2.0,363.0,,363.0,722.0,221.0,Estimate
1998,0740,SIERRA GRANDE R-30,Costilla,023,district,23.9,published,23.9,,2.0,school_panel,2.0,2.0,317.0,,317.0,732.0,218.0,Estimate
1999,0740,SIERRA GRANDE R-30,Costilla,023,district,,,,,2.0,school_panel,2.0,2.0,309.0,,309.0,717.0,212.0,Estimate
2000,0740,SIERRA GRANDE R-30,Costilla,023,district,23.8934,school_sum,,23.8934,2.0,school_panel,,2.0,,,298.0,707.0,207.0,Estimate
2001,0740,SIERRA GRANDE R-30,Costilla,023,district,23.9998,school_sum,,23.9998,2.0,school_panel,,2.0,,,289.0,700.0,213.0,Estimate
2002,0740,SIERRA GRANDE R-30,Costilla,023,district,23.6467,school_sum,,23.6467,3.0,school_panel,,3.0,47.0,47.0,306.0,677.0,215.0,Estimate
2003,0740,SIERRA GRANDE R-30,Costilla,023,district,23.7057,school_sum,,23.7057,3.0,school_panel,,3.0,287.0,287.0,287.0,663.0,238.0,Estimate
2004,0740,SIERRA GRANDE R-30,Costilla,023,district,23.5287,school_sum,,23.5287,3.0,school_panel,,3.0,294.0,294.0,294.0,665.0,236.0,Estimate
2005,0740,SIERRA GRANDE R-30,Costilla,023,district,23.6416,school_sum,,23.6416,3.0,school_panel,,3.0,297.0,297.0,297.0,641.0,215.0,Estimate
2006,0740,SIERRA GRANDE R-30,Costilla,023,district,23.7596,school_sum,,23.7596,3.0,school_panel,,3.0,298.0,298.0,298.0,612.0,204.0,Estimate
2007,0740,SIERRA GRANDE R-30,Costilla,023,district,22.6234,school_sum,,22.6234,3.0,school_panel,,3.0,250.0,250.0,250.0,602.0,198.0,Estimate
2008,0740,SIERRA GRANDE R-30,Costilla,023,district,23.242,school_sum,,23.242,3.0,school_panel,,3.0,240.0,240.0,240.0,573.0,181.0,Estimate
2009,0740,SIERRA GRANDE R-30,Costilla,023,district,22.9415,school_sum,,22.9415,3.0,school_panel,,3.0,252.0,252.0,252.0,552.0,163.0,Estimate
2010,0740,SIERRA GRANDE R-30,Costilla,023,district,20.853,published,20.853,20.852,3.0,school_panel,,3.0,260.0,260.0,260.0,562.0,172.0,Estimate
2011,0740,SIERRA GRANDE R-30,Costilla,023,district,22.34,school_sum,,22.34,3.0,school_panel,,3.0,268.0,268.0,268.0,556.0,168.0,Estimate
2012,0740,SIERRA GRANDE R-30,Costilla,023,district,20.89,school_sum,,20.89,3.0,school_panel,,3.0,270.0,270.0,270.0,538.0,168.0,Estimate
2013,0740,SIERRA GRANDE R-30,Costilla,023,district,22.59,school_sum,,22.59,1.0,school_panel,,1.0,256.0,256.0,256.0,515.0,166.0,Estimate
2014,0740,SIERRA GRANDE R-30,Costilla,023,district,21.6251,school_sum,,21.6251,1.0,school_panel,,1.0,254.0,254.0,254.0,510.0,160.0,Estimate
2015,0740,SIERRA GRANDE R-30,Costilla,023,district,20.86,school_sum,,20.86,1.0,school_panel,,1.0,290.0,290.0,290.0,507.0,156.0,Estimate
2016,0740,SIERRA GRANDE R-30,Costilla,023,district,22.51,published,22.51,22.51,1.0,school_panel,,1.0,267.0,267.0,267.0,515.0,153.0,Estimate
2017,0740,,Costilla,023,,,,,,1.0,school_panel,,1.0,288.0,288.0,288.0,511.0,165.0,Estimate
2018,0740,SIERRA GRANDE R-30,Costilla,023,district,23.76,published,23.76,23.76,1.0,school_panel,,1.0,293.0,293.0,293.0,507.0,164.0,Estimate
2019,0740,Sierra Grande R-30,Costilla,023,district,20.8,school_sum,,20.8,1.0,school_panel,,1.0,269.0,269.0,269.0,510.0,166.0,Estimate
2020,0740,,Costilla,023,,,,,,1.0,school_panel,,1.0,261.0,261.0,261.0,501.0,166.0,Estimate
2021,0740,,Costilla,023,,,,,,1.0,school_panel,,1.0,259.0,259.0,259.0,488.0,178.0,Estimate
2022,0740,Sierra Grande R-30,Costilla,023,district,19.4,published,19.4,19.4,1.0,school_panel,,1.0,289.0,289.0,289.0,502.0,166.0,Estimate
2023,0740,Sierra Grande R-30,Costilla,023,district,19.2,published,19.2,19.2,1.0,school_panel,,1.0,302.0,302.0,302.0,502.0,170.0,Estimate
2024,0740,Sierra Grande R-30,Costilla,023,district,14.1,published,14.1,14.1,1.0,school_panel,,1.0,307.0,307.0,307.0,493.0,182.0,Estimate
1990,0770,CROWLEY COUNTY RE-1-J,Crowley,025,district,40.7,published,40.7,,3.0,school_panel,3.0,3.0,556.0,,556.0,609.0,223.0,Estimate
1991,0770,CROWLEY COUNTY RE-1-J,Crowley,025,district,36.8,published,36.8,,3.0,school_panel,3.0,3.0,583.0,,583.0,607.0,217.0,Estimate
1992,0770,CROWLEY COUNTY RE-1-J,Crowley,025,district,36.2,published,36.2,,2.0,school_panel,2.0,2.0,591.0,,591.0,630.0,223.0,Estimate
1993,0770,CROWLEY COUNTY RE-1-J,Crowley,025,district,34.7,published,34.7,,2.0,school_panel,2.0,2.0,603.0,,603.0,625.0,218.0,Estimate
1994,0770,CROWLEY COUNTY RE-1-J,Crowley,025,district,37.7,published,37.7,,2.0,school_panel,2.0,2.0,614.0,,614.0,634.0,216.0,Estimate
1995,0770,CROWLEY COUNTY RE-1-J,Crowley,025,district,38.9,published,38.9,,2.0,school_panel,2.0,2.0,644.0,,644.0,631.0,210.0,Estimate
1996,0770,CROWLEY COUNTY RE-1-J,Crowley,025,district,45.9,published,45.9,,3.0,school_panel,3.0,3.0,642.0,,642.0,631.0,207.0,Estimate
1997,0770,CROWLEY COUNTY RE-1-J,Crowley,025,district,44.9,published,44.9,,3.0,school_panel,3.0,3.0,637.0,,637.0,633.0,204.0,Estimate
1998,0770,CROWLEY COUNTY RE-1-J,Crowley,025,district,46.0,published,46.0,,3.0,school_panel,3.0,3.0,616.0,,616.0,626.0,198.0,Estimate
1999,0770,CROWLEY COUNTY RE-1-J,Crowley,025,district,,,,,3.0,school_panel,3.0,3.0,637.0,,637.0,725.0,223.0,Estimate
2000,0770,CROWLEY COUNTY RE-1-J,Crowley,025,district,44.1522,school_sum,,44.1522,3.0,school_panel,,3.0,,,610.0,738.0,224.0,Estimate
2001,0770,CROWLEY COUNTY RE-1-J,Crowley,025,district,43.1171,school_sum,,43.1171,3.0,school_panel,,3.0,176.0,176.0,594.0,717.0,234.0,Estimate
2002,0770,CROWLEY COUNTY RE-1-J,Crowley,025,district,42.836,school_sum,,42.836,3.0,school_panel,,3.0,171.0,171.0,598.0,692.0,233.0,Estimate
2003,0770,CROWLEY COUNTY RE-1-J,Crowley,025,district,40.8603,school_sum,,40.8603,3.0,school_panel,,3.0,603.0,603.0,603.0,630.0,213.0,Estimate
2004,0770,CROWLEY COUNTY RE-1-J,Crowley,025,district,41.4103,school_sum,,41.4103,3.0,school_panel,,3.0,579.0,579.0,579.0,662.0,227.0,Estimate
2005,0770,CROWLEY COUNTY RE-1-J,Crowley,025,district,41.7196,school_sum,,41.7196,3.0,school_panel,,3.0,568.0,568.0,568.0,635.0,225.0,Estimate
2006,0770,CROWLEY COUNTY RE-1-J,Crowley,025,district,37.3521,school_sum,,37.3521,3.0,school_panel,,3.0,515.0,515.0,515.0,635.0,245.0,Estimate
2007,0770,CROWLEY COUNTY RE-1-J,Crowley,025,district,34.5678,school_sum,,34.5678,3.0,school_panel,,3.0,503.0,503.0,503.0,648.0,255.0,Estimate
2008,0770,CROWLEY COUNTY RE-1-J,Crowley,025,district,34.589,school_sum,,34.589,4.0,school_panel,,4.0,486.0,486.0,486.0,617.0,224.0,Estimate
2009,0770,CROWLEY COUNTY RE-1-J,Crowley,025,district,33.7419,school_sum,,33.7419,4.0,school_panel,,4.0,495.0,495.0,495.0,599.0,195.0,Estimate
2010,0770,CROWLEY COUNTY RE-1-J,Crowley,025,district,29.574,published,29.574,29.574,4.0,school_panel,,4.0,493.0,493.0,493.0,613.0,187.0,Estimate
2011,0770,CROWLEY COUNTY RE-1-J,Crowley,025,district,29.03,school_sum,,29.03,3.0,school_panel,,3.0,479.0,479.0,479.0,570.0,190.0,Estimate
2012,0770,CROWLEY COUNTY RE-1-J,Crowley,025,district,29.04,school_sum,,29.04,3.0,school_panel,,3.0,446.0,446.0,446.0,546.0,194.0,Estimate
2013,0770,CROWLEY COUNTY RE-1-J,Crowley,025,district,30.35,school_sum,,30.35,3.0,school_panel,,3.0,448.0,448.0,448.0,535.0,195.0,Estimate
2014,0770,CROWLEY COUNTY RE-1-J,Crowley,025,district,30.7966,school_sum,,30.7966,3.0,school_panel,,3.0,437.0,437.0,437.0,526.0,192.0,Estimate
2015,0770,CROWLEY COUNTY RE-1-J,Crowley,025,district,29.95,school_sum,,29.95,3.0,school_panel,,3.0,445.0,445.0,445.0,506.0,197.0,Estimate
2016,0770,CROWLEY COUNTY RE-1-J,Crowley,025,district,31.44,published,31.44,31.44,3.0,school_panel,,3.0,437.0,437.0,437.0,497.0,196.0,Estimate
2017,0770,,Crowley,025,,,,,,2.0,school_panel,,2.0,440.0,440.0,440.0,519.0,196.0,Estimate
2018,0770,CROWLEY COUNTY RE-1-J,Crowley,025,district,24.91,published,24.91,24.91,2.0,school_panel,,2.0,437.0,437.0,437.0,515.0,179.0,Estimate
2019,0770,Crowley County RE-1-J,Crowley,025,district,23.5,school_sum,,23.5,2.0,school_panel,,2.0,425.0,425.0,425.0,504.0,168.0,Estimate
2020,0770,,Crowley,025,,,,,,2.0,school_panel,,2.0,395.0,395.0,395.0,487.0,155.0,Estimate
2021,0770,,Crowley,025,,,,,,2.0,school_panel,,2.0,405.0,405.0,403.0,505.0,168.0,Estimate
2022,0770,Crowley County RE-1-J,Crowley,025,district,18.0,published,18.0,17.9,2.0,school_panel,,2.0,384.0,384.0,379.0,493.0,165.0,Estimate
2023,0770,Crowley County RE-1-J,Crowley,025,district,20.1,published,20.1,20.1,3.0,school_panel,,3.0,347.0,347.0,343.0,516.0,162.0,Estimate
2024,0770,Crowley County RE-1-J,Crowley,025,district,21.7,published,21.7,21.7,3.0,school_panel,,3.0,332.0,332.0,330.0,535.0,160.0,Estimate
1990,0860,CONSOLIDATED C-1,Custer,027,district,25.0,published,25.0,,2.0,published,2.0,,343.0,,,402.0,116.0,Estimate
1991,0860,CONSOLIDATED C-1,Custer,027,district,26.0,published,26.0,,2.0,published,2.0,,369.0,,,413.0,120.0,Estimate
1992,0860,CONSOLIDATED C-1,Custer,027,district,25.0,published,25.0,,2.0,published,2.0,,346.0,,,429.0,126.0,Estimate
1993,0860,CONSOLIDATED C-1,Custer,027,district,25.0,published,25.0,,2.0,published,2.0,,412.0,,,453.0,137.0,Estimate
1994,0860,CONSOLIDATED C-1,Custer,027,district,27.5,published,27.5,,2.0,published,2.0,,410.0,,,463.0,142.0,Estimate
1995,0860,CONSOLIDATED C-1,Custer,027,district,28.5,published,28.5,,2.0,published,2.0,,425.0,,,494.0,152.0,Estimate
1996,0860,CONSOLIDATED C-1,Custer,027,district,28.5,published,28.5,,2.0,published,2.0,,448.0,,,526.0,165.0,Estimate
1997,0860,CONSOLIDATED C-1,Custer,027,district,31.7,published,31.7,,2.0,published,2.0,,430.0,,,552.0,173.0,Estimate
1998,0860,CONSOLIDATED C-1,Custer,027,district,29.7,published,29.7,,2.0,published,2.0,,423.0,,,561.0,178.0,Estimate
1999,0860,CONSOLIDATED C-1,Custer,027,district,,,,,2.0,published,2.0,,433.0,,,580.0,186.0,Estimate
2000,0860,CONSOLIDATED C-1,Custer,027,district,32.7313,school_sum,,32.7313,,,,,,,,594.0,194.0,Estimate
2001,0860,CONSOLIDATED C-1,Custer,027,district,34.195,school_sum,,34.195,,,,,,,,622.0,204.0,Estimate
2002,0860,CONSOLIDATED C-1,Custer,027,district,37.0163,school_sum,,37.0163,3.0,school_panel,,3.0,,,517.0,623.0,199.0,Estimate
2003,0860,CUSTER COUNTY SCHOOL DISTRICT C-1,Custer,027,district,37.8587,school_sum,,37.8587,3.0,school_panel,,3.0,493.0,493.0,493.0,630.0,196.0,Estimate
2004,0860,CUSTER COUNTY SCHOOL DISTRICT C-1,Custer,027,district,38.3444,school_sum,,38.3444,3.0,school_panel,,3.0,527.0,527.0,527.0,636.0,181.0,Estimate
2005,0860,CUSTER COUNTY SCHOOL DISTRICT C-1,Custer,027,district,39.3468,school_sum,,39.3468,3.0,school_panel,,3.0,522.0,522.0,522.0,641.0,174.0,Estimate
2006,0860,CUSTER COUNTY SCHOOL DISTRICT C-1,Custer,027,district,39.1008,school_sum,,39.1008,3.0,school_panel,,3.0,521.0,521.0,521.0,617.0,152.0,Estimate
2007,0860,CUSTER COUNTY SCHOOL DISTRICT C-1,Custer,027,district,39.2027,school_sum,,39.2027,3.0,school_panel,,3.0,519.0,519.0,519.0,633.0,151.0,Estimate
2008,0860,CUSTER COUNTY SCHOOL DISTRICT C-1,Custer,027,district,38.5841,school_sum,,38.5841,3.0,school_panel,,3.0,514.0,514.0,514.0,599.0,133.0,Estimate
2009,0860,CUSTER COUNTY SCHOOL DISTRICT C-1,Custer,027,district,39.4503,school_sum,,39.4503,3.0,school_panel,,3.0,489.0,489.0,489.0,575.0,131.0,Estimate
2010,0860,CUSTER COUNTY SCHOOL DISTRICT C-1,Custer,027,district,37.075,published,37.075,37.076,3.0,school_panel,,3.0,454.0,454.0,454.0,580.0,136.0,Estimate
2011,0860,CUSTER COUNTY SCHOOL DISTRICT C-1,Custer,027,district,31.6,school_sum,,31.6,3.0,school_panel,,3.0,443.0,443.0,443.0,565.0,138.0,Estimate
2012,0860,CUSTER COUNTY SCHOOL DISTRICT C-1,Custer,027,district,30.85,school_sum,,30.85,3.0,school_panel,,3.0,414.0,414.0,414.0,553.0,140.0,Estimate
2013,0860,CUSTER COUNTY SCHOOL DISTRICT C-1,Custer,027,district,30.37,school_sum,,30.37,3.0,school_panel,,3.0,411.0,411.0,411.0,544.0,134.0,Estimate
2014,0860,CUSTER COUNTY SCHOOL DISTRICT C-1,Custer,027,district,31.3102,school_sum,,31.3102,3.0,school_panel,,3.0,397.0,397.0,397.0,529.0,131.0,Estimate
2015,0860,CUSTER COUNTY SCHOOL DISTRICT C-1,Custer,027,district,32.09,school_sum,,32.09,3.0,school_panel,,3.0,393.0,393.0,393.0,514.0,135.0,Estimate
2016,0860,CUSTER COUNTY SCHOOL DISTRICT C-1,Custer,027,district,28.42,published,28.42,28.41,3.0,school_panel,,3.0,373.0,373.0,373.0,519.0,138.0,Estimate
2017,0860,,Custer,027,,,,,,3.0,school_panel,,3.0,397.0,397.0,397.0,526.0,152.0,Estimate
2018,0860,CUSTER COUNTY SCHOOL DISTRICT C-1,Custer,027,district,24.03,published,24.03,24.03,3.0,school_panel,,3.0,389.0,389.0,389.0,514.0,163.0,Estimate
2019,0860,Custer County School District C-1,Custer,027,district,27.9,school_sum,,27.9,3.0,school_panel,,3.0,395.0,395.0,395.0,508.0,168.0,Estimate
2020,0860,,Custer,027,,,,,,3.0,school_panel,,3.0,343.0,343.0,343.0,512.0,168.0,Estimate
2021,0860,,Custer,027,,,,,,3.0,school_panel,,3.0,361.0,361.0,361.0,524.0,196.0,Estimate
2022,0860,Custer County School District C-1,Custer,027,district,29.6,published,29.6,29.7,3.0,school_panel,,3.0,356.0,356.0,354.0,565.0,204.0,Estimate
2023,0860,Custer County School District C-1,Custer,027,district,32.5,published,32.5,32.5,3.0,school_panel,,3.0,349.0,349.0,345.0,590.0,214.0,Estimate
2024,0860,Custer County School District C-1,Custer,027,district,29.4,published,29.4,29.4,3.0,school_panel,,3.0,322.0,322.0,313.0,599.0,235.0,Estimate
1990,0870,DELTA COUNTY 50(J),Delta,029,district,230.3,published,230.3,,14.0,school_panel,14.0,14.0,3923.0,,3923.0,3900.0,1250.0,Estimate
1991,0870,DELTA COUNTY 50(J),Delta,029,district,232.0,published,232.0,,15.0,school_panel,15.0,15.0,4065.0,,4065.0,3937.0,1259.0,Estimate
1992,0870,DELTA COUNTY 50(J),Delta,029,district,230.9,published,230.9,,15.0,school_panel,14.0,15.0,4271.0,,4271.0,4048.0,1293.0,Estimate
1993,0870,DELTA COUNTY 50(J),Delta,029,district,234.7,published,234.7,,15.0,school_panel,14.0,15.0,4389.0,,4389.0,4294.0,1370.0,Estimate
1994,0870,DELTA COUNTY 50(J),Delta,029,district,249.4,published,249.4,,15.0,school_panel,14.0,15.0,4564.0,,4564.0,4489.0,1432.0,Estimate
1995,0870,DELTA COUNTY 50(J),Delta,029,district,263.5,published,263.5,,15.0,school_panel,14.0,15.0,4758.0,,4758.0,4637.0,1475.0,Estimate
1996,0870,DELTA COUNTY 50(J),Delta,029,district,269.1,published,269.1,,15.0,school_panel,14.0,15.0,4676.0,,4676.0,4726.0,1503.0,Estimate
1997,0870,DELTA COUNTY 50(J),Delta,029,district,264.1,published,264.1,,14.0,school_panel,14.0,14.0,4678.0,,4678.0,4769.0,1514.0,Estimate
1998,0870,DELTA COUNTY 50(J),Delta,029,district,276.3,published,276.3,,14.0,school_panel,14.0,14.0,4665.0,,4665.0,4913.0,1556.0,Estimate
1999,0870,DELTA COUNTY 50(J),Delta,029,district,,,,,14.0,school_panel,14.0,14.0,4595.0,,4595.0,5008.0,1586.0,Estimate
2000,0870,DELTA COUNTY 50(J),Delta,029,district,232.264,school_sum,,232.264,15.0,school_panel,,15.0,,,4799.0,5091.0,1609.0,Estimate
2001,0870,DELTA COUNTY 50(J),Delta,029,district,280.9809,school_sum,,280.9809,15.0,school_panel,,15.0,4728.0,4728.0,5002.0,5124.0,1591.0,Estimate
2002,0870,DELTA COUNTY 50(J),Delta,029,district,283.8013,school_sum,,283.8013,15.0,school_panel,,15.0,4856.0,4856.0,5116.0,5160.0,1577.0,Estimate
2003,0870,DELTA COUNTY 50(J),Delta,029,district,279.0295,school_sum,,279.0295,16.0,school_panel,,16.0,5087.0,5087.0,5087.0,5134.0,1594.0,Estimate
2004,0870,DELTA COUNTY 50(J),Delta,029,district,287.5212,school_sum,,287.5212,14.0,school_panel,,14.0,5141.0,5141.0,5141.0,5135.0,1620.0,Estimate
2005,0870,DELTA COUNTY 50(J),Delta,029,district,281.1781,school_sum,,281.1781,15.0,school_panel,,15.0,5248.0,5248.0,5248.0,5050.0,1629.0,Estimate
2006,0870,DELTA COUNTY 50(J),Delta,029,district,285.9009,school_sum,,285.9009,20.0,school_panel,,20.0,5348.0,5348.0,5348.0,5040.0,1657.0,Estimate
2007,0870,DELTA COUNTY 50(J),Delta,029,district,295.2181,school_sum,,295.2181,20.0,school_panel,,20.0,5438.0,5438.0,5438.0,5009.0,1666.0,Estimate
2008,0870,DELTA COUNTY 50(J),Delta,029,district,293.5753,school_sum,,293.5753,20.0,school_panel,,20.0,5510.0,5510.0,5510.0,5026.0,1707.0,Estimate
2009,0870,DELTA COUNTY 50(J),Delta,029,district,297.9485,school_sum,,297.9485,20.0,school_panel,,20.0,5337.0,5337.0,5337.0,5039.0,1715.0,Estimate
2010,0870,DELTA COUNTY 50(J),Delta,029,district,280.968,published,280.968,279.889,19.0,school_panel,,19.0,5301.0,5301.0,5301.0,5075.0,1731.0,Estimate
2011,0870,DELTA COUNTY 50(J),Delta,029,district,277.4,school_sum,,277.4,20.0,school_panel,,20.0,5284.0,5284.0,5284.0,4931.0,1655.0,Estimate
2012,0870,DELTA COUNTY 50(J),Delta,029,district,272.73,school_sum,,272.73,20.0,school_panel,,20.0,5355.0,5355.0,5355.0,4890.0,1642.0,Estimate
2013,0870,DELTA COUNTY 50(J),Delta,029,district,291.28,school_sum,,291.28,18.0,school_panel,,18.0,5062.0,5062.0,5062.0,4835.0,1592.0,Estimate
2014,0870,DELTA COUNTY 50(J),Delta,029,district,283.4139,school_sum,,283.4139,16.0,school_panel,,16.0,5075.0,5075.0,5075.0,4743.0,1527.0,Estimate
2015,0870,DELTA COUNTY 50(J),Delta,029,district,282.69,school_sum,,282.69,17.0,school_panel,,17.0,4984.0,4984.0,4984.0,4723.0,1475.0,Estimate
2016,0870,DELTA COUNTY 50(J),Delta,029,district,275.88,published,275.88,275.89,20.0,school_panel,,20.0,5011.0,5011.0,4962.0,4787.0,1475.0,Estimate
2017,0870,,Delta,029,,,,,,18.0,school_panel,,18.0,5058.0,5058.0,5058.0,4821.0,1447.0,Estimate
2018,0870,DELTA COUNTY 50(J),Delta,029,district,284.17,published,284.17,284.19,18.0,school_panel,,18.0,4998.0,4998.0,4998.0,4839.0,1437.0,Estimate
2019,0870,Delta County 50(J),Delta,029,district,274.5,school_sum,,274.5,17.0,school_panel,,17.0,5032.0,5032.0,5032.0,4831.0,1429.0,Estimate
2020,0870,,Delta,029,,,,,,17.0,school_panel,,17.0,4793.0,4793.0,4793.0,4723.0,1421.0,Estimate
2021,0870,,Delta,029,,,,,,17.0,school_panel,,17.0,4738.0,4738.0,4610.0,4657.0,1451.0,Estimate
2022,0870,Delta County 50(J),Delta,029,district,269.5,published,269.5,269.7,18.0,school_panel,,18.0,4699.0,4699.0,4592.0,4602.0,1434.0,Estimate
2023,0870,Delta County 50(J),Delta,029,district,250.6,published,250.6,250.6,17.0,school_panel,,17.0,4614.0,4614.0,4489.0,4555.0,1417.0,Estimate
2024,0870,Delta County 50(J),Delta,029,district,263.5,published,263.5,262.9,16.0,school_panel,,16.0,4524.0,4524.0,4396.0,4509.0,1432.0,Estimate
1990,0880,DENVER COUNTY 1,Denver,031,district,3656.7,published,3656.7,,113.0,school_panel,113.0,113.0,59013.0,,59013.0,67974.0,35492.0,Estimate
1991,0880,DENVER COUNTY 1,Denver,031,district,3706.5,published,3706.5,,113.0,school_panel,113.0,113.0,60552.0,,60552.0,69413.0,35591.0,Estimate
1992,0880,DENVER COUNTY 1,Denver,031,district,3615.7,published,3615.7,,110.0,school_panel,109.0,110.0,62935.0,,62935.0,71624.0,36193.0,Estimate
1993,0880,DENVER COUNTY 1,Denver,031,district,3582.0,published,3582.0,,110.0,school_panel,110.0,110.0,62673.0,,62673.0,73850.0,36770.0,Estimate
1994,0880,DENVER COUNTY 1,Denver,031,district,3509.5,published,3509.5,,112.0,school_panel,,112.0,62773.0,,62755.0,74591.0,36593.0,Estimate
1995,0880,DENVER COUNTY 1,Denver,031,district,3270.7,published,3270.7,,112.0,school_panel,111.0,112.0,64322.0,,64322.0,75412.0,36449.0,Estimate
1996,0880,DENVER COUNTY 1,Denver,031,district,3197.5,published,3197.5,,117.0,school_panel,116.0,117.0,66331.0,,66331.0,77294.0,36805.0,Estimate
1997,0880,DENVER COUNTY 1,Denver,031,district,3520.5,published,3520.5,,120.0,school_panel,118.0,120.0,67858.0,,67858.0,78990.0,37044.0,Estimate
1998,0880,DENVER COUNTY 1,Denver,031,district,3387.5,published,3387.5,,123.0,school_panel,122.0,123.0,68790.0,,68790.0,80210.0,37049.0,Estimate
1999,0880,DENVER COUNTY 1,Denver,031,district,,,,,124.0,school_panel,124.0,124.0,69693.0,,69693.0,82367.0,37466.0,Estimate
2000,0880,DENVER COUNTY 1,Denver,031,district,4139.7299,school_sum,,4139.7299,130.0,school_panel,,130.0,,,70847.0,84399.0,37804.0,Estimate
2001,0880,DENVER COUNTY 1,Denver,031,district,4330.6066,school_sum,,4330.6066,135.0,school_panel,,135.0,60614.0,60614.0,72361.0,83051.0,39503.0,Estimate
2002,0880,DENVER COUNTY 1,Denver,031,district,4408.0274,school_sum,,4408.0274,145.0,school_panel,,145.0,61828.0,61828.0,71972.0,80467.0,40822.0,Estimate
2003,0880,DENVER COUNTY 1,Denver,031,district,4184.0573,school_sum,,4184.0573,148.0,school_panel,,148.0,72100.0,72100.0,72100.0,79314.0,42576.0,Estimate
2004,0880,DENVER COUNTY 1,Denver,031,district,4009.5831,school_sum,,4009.5831,152.0,school_panel,,152.0,72410.0,72410.0,72410.0,78092.0,43844.0,Estimate
2005,0880,DENVER COUNTY 1,Denver,031,district,3911.7787,school_sum,,3911.7787,153.0,school_panel,,153.0,72312.0,72312.0,72312.0,77335.0,44691.0,Estimate
2006,0880,DENVER COUNTY 1,Denver,031,district,4029.9444,school_sum,,4029.9444,152.0,school_panel,,152.0,72561.0,72561.0,72561.0,78249.0,44839.0,Estimate
2007,0880,DENVER COUNTY 1,Denver,031,district,4090.3251,school_sum,,4090.3251,152.0,school_panel,,152.0,73053.0,73053.0,73053.0,80079.0,45005.0,Estimate
2008,0880,DENVER COUNTY 1,Denver,031,district,4311.5233,school_sum,,4311.5233,153.0,school_panel,,153.0,74176.0,74176.0,74176.0,82122.0,44869.0,Estimate
2009,0880,DENVER COUNTY 1,Denver,031,district,4539.0058,school_sum,,4539.0058,151.0,school_panel,,151.0,77255.0,77255.0,77267.0,84225.0,44659.0,Estimate
2010,0880,DENVER COUNTY 1,Denver,031,district,4681.445,published,4681.445,4646.478,158.0,school_panel,,158.0,78317.0,78317.0,78339.0,86257.0,44060.0,Estimate
2011,0880,DENVER COUNTY 1,Denver,031,district,4550.93,school_sum,,4550.93,166.0,school_panel,,166.0,80863.0,80863.0,80863.0,88234.0,44178.0,Estimate
2012,0880,DENVER COUNTY 1,Denver,031,district,4892.62,school_sum,,4892.62,178.0,school_panel,,178.0,83377.0,83377.0,83377.0,89843.0,43620.0,Estimate
2013,0880,DENVER COUNTY 1,Denver,031,district,5269.5,school_sum,,5269.5,187.0,school_panel,,187.0,86043.0,86043.0,86046.0,91505.0,43303.0,Estimate
2014,0880,DENVER COUNTY 1,Denver,031,district,5783.2881,school_sum,,5783.2881,191.0,school_panel,,191.0,88839.0,88839.0,88839.0,93151.0,43267.0,Estimate
2015,0880,DENVER COUNTY 1,Denver,031,district,5938.59,school_sum,,5938.59,201.0,school_panel,,201.0,90234.0,90234.0,90235.0,95253.0,43740.0,Estimate
2016,0880,DENVER COUNTY 1,Denver,031,district,6011.34,published,6011.34,5967.66,206.0,school_panel,,206.0,91132.0,91132.0,91137.0,96625.0,43375.0,Estimate
2017,0880,,Denver,031,,,,,,210.0,school_panel,,210.0,91794.0,91794.0,91820.0,95544.0,43351.0,Estimate
2018,0880,DENVER COUNTY 1,Denver,031,district,6194.27,published,6194.27,6169.07,211.0,school_panel,,211.0,91998.0,91998.0,92039.0,95732.0,42498.0,Estimate
2019,0880,Denver County 1,Denver,031,district,6164.7,school_sum,,6164.7,208.0,school_panel,,208.0,92112.0,92112.0,92143.0,95695.0,41414.0,Estimate
2020,0880,,Denver,031,,,,,,208.0,school_panel,,208.0,89061.0,89061.0,89081.0,95260.0,41175.0,Estimate
2021,0880,,Denver,031,,,,,,208.0,school_panel,,208.0,88889.0,88889.0,88911.0,93618.0,39322.0,Estimate
2022,0880,Denver County 1,Denver,031,district,6002.8,published,6002.8,5980.9,207.0,school_panel,,207.0,87864.0,87864.0,87883.0,92203.0,38664.0,Estimate
2023,0880,Denver County 1,Denver,031,district,5953.8,published,5953.8,5953.8,203.0,school_panel,,203.0,88235.0,88235.0,88258.0,91092.0,38321.0,Estimate
2024,0880,Denver County 1,Denver,031,district,6047.0,published,6047.0,6011.3,198.0,school_panel,,198.0,90450.0,90450.0,90471.0,89918.0,38346.0,Estimate
1990,0890,DOLORES COUNTY RE NO.2,Dolores,033,district,23.0,published,23.0,,3.0,school_panel,3.0,3.0,322.0,,322.0,311.0,105.0,Estimate
1991,0890,DOLORES COUNTY RE NO.2,Dolores,033,district,23.5,published,23.5,,3.0,school_panel,3.0,3.0,305.0,,305.0,289.0,95.0,Estimate
1992,0890,DOLORES COUNTY RE NO.2,Dolores,033,district,23.5,published,23.5,,3.0,school_panel,3.0,3.0,330.0,,330.0,277.0,91.0,Estimate
1993,0890,DOLORES COUNTY RE NO.2,Dolores,033,district,22.5,published,22.5,,3.0,school_panel,3.0,3.0,311.0,,311.0,276.0,90.0,Estimate
1994,0890,DOLORES COUNTY RE NO.2,Dolores,033,district,22.5,published,22.5,,3.0,school_panel,3.0,3.0,332.0,,332.0,288.0,90.0,Estimate
1995,0890,DOLORES COUNTY RE NO.2,Dolores,033,district,22.5,published,22.5,,3.0,school_panel,3.0,3.0,347.0,,347.0,294.0,91.0,Estimate
1996,0890,DOLORES COUNTY RE NO.2,Dolores,033,district,22.5,published,22.5,,3.0,school_panel,3.0,3.0,382.0,,382.0,302.0,94.0,Estimate
1997,0890,DOLORES COUNTY RE NO.2,Dolores,033,district,23.5,published,23.5,,3.0,school_panel,3.0,3.0,361.0,,361.0,300.0,93.0,Estimate
1998,0890,DOLORES COUNTY RE NO.2,Dolores,033,district,24.3,published,24.3,,3.0,school_panel,3.0,3.0,344.0,,344.0,311.0,93.0,Estimate
1999,0890,DOLORES COUNTY RE NO.2,Dolores,033,district,,,,,3.0,school_panel,3.0,3.0,339.0,,339.0,311.0,94.0,Estimate
2000,0890,DOLORES COUNTY RE NO.2,Dolores,033,district,26.1827,school_sum,,26.1827,3.0,school_panel,,3.0,,,332.0,312.0,92.0,Estimate
2001,0890,DOLORES COUNTY RE NO.2,Dolores,033,district,26.8077,school_sum,,26.8077,3.0,school_panel,,3.0,197.0,197.0,340.0,308.0,94.0,Estimate
2002,0890,DOLORES COUNTY RE NO.2,Dolores,033,district,26.7372,school_sum,,26.7372,3.0,school_panel,,3.0,180.0,180.0,283.0,303.0,101.0,Estimate
2003,0890,DOLORES COUNTY RE NO.2,Dolores,033,district,26.8528,school_sum,,26.8528,4.0,school_panel,,4.0,280.0,280.0,280.0,296.0,106.0,Estimate
2004,0890,DOLORES COUNTY RE NO.2,Dolores,033,district,25.1032,school_sum,,25.1032,4.0,school_panel,,4.0,270.0,270.0,270.0,288.0,105.0,Estimate
2005,0890,DOLORES COUNTY RE NO.2,Dolores,033,district,23.9795,school_sum,,23.9795,3.0,school_panel,,3.0,290.0,290.0,290.0,292.0,108.0,Estimate
2006,0890,DOLORES COUNTY RE NO.2,Dolores,033,district,25.7302,school_sum,,25.7302,3.0,school_panel,,3.0,300.0,300.0,300.0,297.0,114.0,Estimate
2007,0890,DOLORES COUNTY RE NO.2,Dolores,033,district,26.375,school_sum,,26.375,3.0,school_panel,,3.0,293.0,293.0,293.0,305.0,113.0,Estimate
2008,0890,DOLORES COUNTY RE NO.2,Dolores,033,district,25.7133,school_sum,,25.7133,3.0,school_panel,,3.0,293.0,293.0,293.0,316.0,124.0,Estimate
2009,0890,DOLORES COUNTY RE NO.2,Dolores,033,district,24.7906,school_sum,,24.7906,3.0,school_panel,,3.0,291.0,291.0,291.0,303.0,122.0,Estimate
2010,0890,DOLORES COUNTY RE NO.2,Dolores,033,district,22.075,published,22.075,22.075,3.0,school_panel,,3.0,309.0,309.0,309.0,328.0,134.0,Estimate
2011,0890,DOLORES COUNTY RE NO.2,Dolores,033,district,21.72,school_sum,,21.72,3.0,school_panel,,3.0,293.0,293.0,293.0,332.0,124.0,Estimate
2012,0890,DOLORES COUNTY RE NO.2,Dolores,033,district,21.72,school_sum,,21.72,3.0,school_panel,,3.0,288.0,288.0,288.0,336.0,121.0,Estimate
2013,0890,DOLORES COUNTY RE NO.2,Dolores,033,district,20.9,school_sum,,20.9,3.0,school_panel,,3.0,293.0,293.0,293.0,339.0,112.0,Estimate
2014,0890,DOLORES COUNTY RE NO.2,Dolores,033,district,23.7917,school_sum,,23.7917,3.0,school_panel,,3.0,269.0,269.0,269.0,341.0,96.0,Estimate
2015,0890,DOLORES COUNTY RE NO.2,Dolores,033,district,22.02,school_sum,,22.02,3.0,school_panel,,3.0,283.0,283.0,283.0,328.0,95.0,Estimate
2016,0890,DOLORES COUNTY RE NO.2,Dolores,033,district,21.53,published,21.53,21.53,3.0,school_panel,,3.0,273.0,273.0,273.0,325.0,91.0,Estimate
2017,0890,,Dolores,033,,,,,,3.0,school_panel,,3.0,250.0,250.0,250.0,328.0,83.0,Estimate
2018,0890,DOLORES COUNTY RE NO.2,Dolores,033,district,16.22,published,16.22,16.22,3.0,school_panel,,3.0,238.0,238.0,238.0,322.0,78.0,Estimate
2019,0890,Dolores County RE No.2,Dolores,033,district,19.1,school_sum,,19.1,2.0,school_panel,,2.0,232.0,232.0,232.0,315.0,70.0,Estimate
2020,0890,,Dolores,033,,,,,,3.0,school_panel,,3.0,231.0,231.0,230.0,313.0,65.0,Estimate
2021,0890,,Dolores,033,,,,,,3.0,school_panel,,3.0,254.0,254.0,253.0,327.0,73.0,Estimate
2022,0890,Dolores County RE No.2,Dolores,033,district,21.4,published,21.4,21.4,2.0,school_panel,,2.0,263.0,263.0,263.0,348.0,91.0,Estimate
2023,0890,Dolores County RE No.2,Dolores,033,district,20.2,published,20.2,20.2,2.0,school_panel,,2.0,252.0,252.0,252.0,366.0,101.0,Estimate
2024,0890,Dolores County RE No.2,Dolores,033,district,20.7,published,20.7,20.7,2.0,school_panel,,2.0,262.0,262.0,262.0,343.0,99.0,Estimate
1990,0900,DOUGLAS COUNTY RE 1,Douglas,035,district,766.1,published,766.1,,24.0,school_panel,24.0,24.0,13125.0,,13125.0,13152.0,5952.0,Estimate
1991,0900,DOUGLAS COUNTY RE 1,Douglas,035,district,817.4,published,817.4,,26.0,school_panel,26.0,26.0,14720.0,,14720.0,14295.0,6445.0,Estimate
1992,0900,DOUGLAS COUNTY RE 1,Douglas,035,district,873.0,published,873.0,,27.0,school_panel,26.0,27.0,16373.0,,16373.0,16197.0,7280.0,Estimate
1993,0900,DOUGLAS COUNTY RE 1,Douglas,035,district,930.2,published,930.2,,29.0,school_panel,28.0,29.0,17803.0,,17803.0,17913.0,8032.0,Estimate
1994,0900,DOUGLAS COUNTY RE 1,Douglas,035,district,1042.1,published,1042.1,,30.0,school_panel,32.0,30.0,20041.0,,20041.0,19987.0,8937.0,Estimate
1995,0900,DOUGLAS COUNTY RE 1,Douglas,035,district,1213.0,published,1213.0,,34.0,school_panel,34.0,34.0,22032.0,,22032.0,22485.0,10026.0,Estimate
1996,0900,DOUGLAS COUNTY RE 1,Douglas,035,district,1329.8,published,1329.8,,38.0,school_panel,37.0,38.0,24495.0,,24495.0,24904.0,11073.0,Estimate
1997,0900,DOUGLAS COUNTY RE 1,Douglas,035,district,1477.2,published,1477.2,,47.0,school_panel,46.0,47.0,27275.0,,27275.0,28152.0,12482.0,Estimate
1998,0900,DOUGLAS COUNTY RE 1,Douglas,035,district,1716.4,published,1716.4,,49.0,school_panel,49.0,49.0,29847.0,,29847.0,31502.0,13927.0,Estimate
1999,0900,DOUGLAS COUNTY RE 1,Douglas,035,district,,,,,50.0,school_panel,50.0,50.0,32446.0,,32446.0,35513.0,15656.0,Estimate
2000,0900,DOUGLAS COUNTY RE 1,Douglas,035,district,2014.9502,school_sum,,2014.9502,52.0,school_panel,,52.0,,,34918.0,39593.0,17405.0,Estimate
2001,0900,DOUGLAS COUNTY RE 1,Douglas,035,district,2187.5331,school_sum,,2187.5331,56.0,school_panel,,56.0,33298.0,33298.0,38022.0,44147.0,18458.0,Estimate
2002,0900,DOUGLAS COUNTY RE 1,Douglas,035,district,2283.4472,school_sum,,2283.4472,58.0,school_panel,,58.0,37872.0,37872.0,40469.0,46895.0,18868.0,Estimate
2003,0900,DOUGLAS COUNTY RE 1,Douglas,035,district,2317.2058,school_sum,,2317.2058,63.0,school_panel,,63.0,41924.0,41924.0,41924.0,49773.0,19586.0,Estimate
2004,0900,DOUGLAS COUNTY RE 1,Douglas,035,district,2421.2665,school_sum,,2421.2665,64.0,school_panel,,64.0,44761.0,44761.0,44761.0,52866.0,20288.0,Estimate
2005,0900,DOUGLAS COUNTY RE 1,Douglas,035,district,2545.7174,school_sum,,2545.7174,66.0,school_panel,,66.0,48041.0,48041.0,48041.0,55482.0,20902.0,Estimate
2006,0900,DOUGLAS COUNTY RE 1,Douglas,035,district,2790.2692,school_sum,,2790.2692,68.0,school_panel,,68.0,50370.0,50370.0,50370.0,58462.0,21890.0,Estimate
2007,0900,DOUGLAS COUNTY RE 1,Douglas,035,district,2933.8214,school_sum,,2933.8214,72.0,school_panel,,72.0,52983.0,52983.0,52983.0,61174.0,22550.0,Estimate
2008,0900,DOUGLAS COUNTY RE 1,Douglas,035,district,2953.2987,school_sum,,2953.2987,79.0,school_panel,,79.0,58723.0,58723.0,58723.0,63182.0,22642.0,Estimate
2009,0900,DOUGLAS COUNTY RE 1,Douglas,035,district,3078.0853,school_sum,,3078.0853,78.0,school_panel,,78.0,59932.0,59932.0,59932.0,64505.0,22223.0,Estimate
2010,0900,DOUGLAS COUNTY RE 1,Douglas,035,district,2949.281,published,2949.281,2934.905,79.0,school_panel,,79.0,61465.0,61465.0,61465.0,65439.0,21631.0,Estimate
2011,0900,DOUGLAS COUNTY RE 1,Douglas,035,district,2963.19,school_sum,,2963.19,82.0,school_panel,,82.0,63114.0,63114.0,63114.0,66808.0,20729.0,Estimate
2012,0900,DOUGLAS COUNTY RE 1,Douglas,035,district,3085.64,school_sum,,3085.64,82.0,school_panel,,82.0,64657.0,64657.0,64657.0,68343.0,19901.0,Estimate
2013,0900,DOUGLAS COUNTY RE 1,Douglas,035,district,3226.67,school_sum,,3226.67,85.0,school_panel,,85.0,66230.0,66230.0,66230.0,69579.0,19543.0,Estimate
2014,0900,DOUGLAS COUNTY RE 1,Douglas,035,district,3374.9559,school_sum,,3374.9559,89.0,school_panel,,89.0,66702.0,66702.0,66702.0,70788.0,19444.0,Estimate
2015,0900,DOUGLAS COUNTY RE 1,Douglas,035,district,3341.91,school_sum,,3341.91,90.0,school_panel,,90.0,66896.0,66896.0,66896.0,71539.0,19340.0,Estimate
2016,0900,DOUGLAS COUNTY RE 1,Douglas,035,district,3424.69,published,3424.69,3400.12,91.0,school_panel,,91.0,67470.0,67470.0,67470.0,71793.0,19382.0,Estimate
2017,0900,,Douglas,035,,,,,,91.0,school_panel,,91.0,67597.0,67597.0,67597.0,72127.0,19556.0,Estimate
2018,0900,DOUGLAS COUNTY RE 1,Douglas,035,district,3617.63,published,3617.63,3585.33,93.0,school_panel,,93.0,67591.0,67591.0,67591.0,72034.0,19565.0,Estimate
2019,0900,Douglas County Re 1,Douglas,035,district,3650.3,school_sum,,3650.3,92.0,school_panel,,92.0,67305.0,67305.0,67305.0,72033.0,19587.0,Estimate
2020,0900,,Douglas,035,,,,,,90.0,school_panel,,90.0,62979.0,62979.0,62979.0,72818.0,19729.0,Estimate
2021,0900,,Douglas,035,,,,,,90.0,school_panel,,90.0,63876.0,63876.0,63596.0,73648.0,19876.0,Estimate
2022,0900,Douglas County Re 1,Douglas,035,district,3524.0,published,3524.0,3488.0,89.0,school_panel,,89.0,62872.0,62872.0,62341.0,73625.0,20112.0,Estimate
2023,0900,Douglas County Re 1,Douglas,035,district,3522.9,published,3522.9,3522.9,90.0,school_panel,,90.0,61964.0,61964.0,61409.0,74177.0,20599.0,Estimate
2024,0900,Douglas County Re 1,Douglas,035,district,3515.3,published,3515.3,3476.6,89.0,school_panel,,89.0,61851.0,61851.0,61243.0,74682.0,21079.0,Estimate
1990,0910,EAGLE COUNTY RE 50,Eagle,037,district,164.9,published,164.9,,9.0,school_panel,9.0,9.0,2701.0,,2701.0,3652.0,2025.0,Estimate
1991,0910,EAGLE COUNTY RE 50,Eagle,037,district,175.0,published,175.0,,11.0,school_panel,11.0,11.0,2897.0,,2897.0,3872.0,2085.0,Estimate
1992,0910,EAGLE COUNTY RE 50,Eagle,037,district,180.8,published,180.8,,9.0,school_panel,9.0,9.0,3094.0,,3094.0,4114.0,2167.0,Estimate
1993,0910,EAGLE COUNTY RE 50,Eagle,037,district,203.8,published,203.8,,9.0,school_panel,9.0,9.0,3260.0,,3260.0,4419.0,2274.0,Estimate
1994,0910,EAGLE COUNTY RE 50,Eagle,037,district,215.8,published,215.8,,10.0,school_panel,10.0,10.0,3515.0,,3515.0,4778.0,2402.0,Estimate
1995,0910,EAGLE COUNTY RE 50,Eagle,037,district,237.4,published,237.4,,10.0,school_panel,10.0,10.0,3865.0,,3865.0,5082.0,2494.0,Estimate
1996,0910,EAGLE COUNTY RE 50,Eagle,037,district,270.8,published,270.8,,12.0,school_panel,12.0,12.0,3954.0,,3954.0,5413.0,2592.0,Estimate
1997,0910,EAGLE COUNTY RE 50,Eagle,037,district,269.3,published,269.3,,12.0,school_panel,12.0,12.0,4200.0,,4200.0,5781.0,2700.0,Estimate
1998,0910,EAGLE COUNTY RE 50,Eagle,037,district,318.8,published,318.8,,12.0,school_panel,12.0,12.0,4344.0,,4344.0,6173.0,2806.0,Estimate
1999,0910,EAGLE COUNTY RE 50,Eagle,037,district,,,,,12.0,school_panel,12.0,12.0,4493.0,,4493.0,6546.0,2897.0,Estimate
2000,0910,EAGLE COUNTY RE 50,Eagle,037,district,323.2226,school_sum,,323.2226,13.0,school_panel,,13.0,,,4649.0,7094.0,3054.0,Estimate
2001,0910,EAGLE COUNTY RE 50,Eagle,037,district,340.6212,school_sum,,340.6212,16.0,school_panel,,16.0,4226.0,4226.0,4912.0,7132.0,3245.0,Estimate
2002,0910,EAGLE COUNTY RE 50,Eagle,037,district,340.9196,school_sum,,340.9196,16.0,school_panel,,16.0,4478.0,4478.0,4958.0,7188.0,3414.0,Estimate
2003,0910,EAGLE COUNTY RE 50,Eagle,037,district,341.3,school_sum,,341.3,16.0,school_panel,,16.0,5067.0,5067.0,5067.0,7263.0,3535.0,Estimate
2004,0910,EAGLE COUNTY RE 50,Eagle,037,district,364.2527,school_sum,,364.2527,16.0,school_panel,,16.0,5157.0,5157.0,5157.0,7349.0,3697.0,Estimate
2005,0910,EAGLE COUNTY RE 50,Eagle,037,district,379.9698,school_sum,,379.9698,16.0,school_panel,,16.0,5365.0,5365.0,5365.0,7629.0,3701.0,Estimate
2006,0910,EAGLE COUNTY RE 50,Eagle,037,district,388.1131,school_sum,,388.1131,17.0,school_panel,,17.0,5426.0,5426.0,5426.0,7844.0,3730.0,Estimate
2007,0910,EAGLE COUNTY RE 50,Eagle,037,district,394.2123,school_sum,,394.2123,18.0,school_panel,,18.0,5679.0,5679.0,5679.0,8154.0,3784.0,Estimate
2008,0910,EAGLE COUNTY RE 50,Eagle,037,district,451.3188,school_sum,,451.3188,19.0,school_panel,,19.0,6007.0,6007.0,6007.0,8421.0,3846.0,Estimate
2009,0910,EAGLE COUNTY RE 50,Eagle,037,district,464.8822,school_sum,,464.8822,20.0,school_panel,,20.0,6244.0,6244.0,6244.0,8710.0,3884.0,Estimate
2010,0910,EAGLE COUNTY RE 50,Eagle,037,district,435.128,published,435.128,394.96,20.0,school_panel,,20.0,6181.0,6181.0,6181.0,8886.0,3876.0,Estimate
2011,0910,EAGLE COUNTY RE 50,Eagle,037,district,367.81,school_sum,,367.81,20.0,school_panel,,20.0,6344.0,6344.0,6344.0,8957.0,3724.0,Estimate
2012,0910,EAGLE COUNTY RE 50,Eagle,037,district,339.68,school_sum,,339.68,19.0,school_panel,,19.0,6408.0,6408.0,6408.0,9024.0,3627.0,Estimate
2013,0910,EAGLE COUNTY RE 50,Eagle,037,district,418.16,school_sum,,418.16,18.0,school_panel,,18.0,6520.0,6520.0,6520.0,9124.0,3456.0,Estimate
2014,0910,EAGLE COUNTY RE 50,Eagle,037,district,433.2678,school_sum,,433.2678,18.0,school_panel,,18.0,6713.0,6713.0,6713.0,9182.0,3333.0,Estimate
2015,0910,EAGLE COUNTY RE 50,Eagle,037,district,453.18,school_sum,,453.18,18.0,school_panel,,18.0,6804.0,6804.0,6804.0,9282.0,3249.0,Estimate
2016,0910,EAGLE COUNTY RE 50,Eagle,037,district,451.04,published,451.04,449.53,18.0,school_panel,,18.0,6901.0,6901.0,6901.0,9246.0,3254.0,Estimate
2017,0910,,Eagle,037,,,,,,20.0,school_panel,,20.0,6931.0,6931.0,6931.0,9243.0,3179.0,Estimate
2018,0910,EAGLE COUNTY RE 50,Eagle,037,district,473.95,published,473.95,473.73,20.0,school_panel,,20.0,6874.0,6874.0,6874.0,9193.0,3157.0,Estimate
2019,0910,Eagle County RE 50,Eagle,037,district,486.5,school_sum,,486.5,20.0,school_panel,,20.0,6812.0,6812.0,6812.0,9227.0,3075.0,Estimate
2020,0910,,Eagle,037,,,,,,20.0,school_panel,,20.0,6699.0,6699.0,6699.0,9191.0,3004.0,Estimate
2021,0910,,Eagle,037,,,,,,20.0,school_panel,,20.0,6689.0,6689.0,6687.0,9098.0,2838.0,Estimate
2022,0910,Eagle County RE 50,Eagle,037,district,513.0,published,513.0,512.9,21.0,school_panel,,21.0,6623.0,6623.0,6620.0,8994.0,2740.0,Estimate
2023,0910,Eagle County RE 50,Eagle,037,district,500.1,published,500.1,500.1,21.0,school_panel,,21.0,6497.0,6497.0,6492.0,8824.0,2653.0,Estimate
2024,0910,Eagle County RE 50,Eagle,037,district,499.1,published,499.1,499.2,20.0,school_panel,,20.0,6312.0,6312.0,6309.0,8606.0,2545.0,Estimate
1990,0920,ELIZABETH C-1,Elbert,039,district,83.0,published,83.0,,3.0,school_panel,3.0,3.0,1409.0,,1409.0,2291.0,719.0,Estimate
1991,0920,ELIZABETH C-1,Elbert,039,district,85.0,published,85.0,,3.0,school_panel,3.0,3.0,1466.0,,1466.0,2412.0,746.0,Estimate
1992,0920,ELIZABETH C-1,Elbert,039,district,91.1,published,91.1,,4.0,school_panel,3.0,4.0,1530.0,,1530.0,2532.0,771.0,Estimate
1993,0920,ELIZABETH C-1,Elbert,039,district,92.7,published,92.7,,4.0,school_panel,3.0,4.0,1647.0,,1647.0,2717.0,819.0,Estimate
1994,0920,ELIZABETH C-1,Elbert,039,district,104.3,published,104.3,,4.0,school_panel,3.0,4.0,1832.0,,1832.0,3026.0,901.0,Estimate
1995,0920,ELIZABETH C-1,Elbert,039,district,112.8,published,112.8,,4.0,school_panel,3.0,4.0,2105.0,,2105.0,3376.0,995.0,Estimate
1996,0920,ELIZABETH C-1,Elbert,039,district,135.4,published,135.4,,5.0,school_panel,4.0,5.0,2339.0,,2339.0,3728.0,1085.0,Estimate
1997,0920,ELIZABETH C-1,Elbert,039,district,144.6,published,144.6,,6.0,school_panel,5.0,6.0,2465.0,,2465.0,4010.0,1153.0,Estimate
1998,0920,ELIZABETH C-1,Elbert,039,district,147.1,published,147.1,,6.0,school_panel,6.0,6.0,2514.0,,2514.0,4259.0,1208.0,Estimate
1999,0920,ELIZABETH C-1,Elbert,039,district,,,,,6.0,school_panel,6.0,6.0,2664.0,,2664.0,4512.0,1264.0,Estimate
2000,0920,ELIZABETH C-1,Elbert,039,district,171.8455,school_sum,,171.8455,8.0,school_panel,,8.0,,,2813.0,4752.0,1318.0,Estimate
2001,0920,ELIZABETH C-1,Elbert,039,district,177.5206,school_sum,,177.5206,8.0,school_panel,,8.0,1849.0,1849.0,2938.0,4946.0,1337.0,Estimate
2002,0920,ELIZABETH C-1,Elbert,039,district,173.4427,school_sum,,173.4427,8.0,school_panel,,8.0,1851.0,1851.0,2904.0,4933.0,1318.0,Estimate
2003,0920,ELIZABETH C-1,Elbert,039,district,163.8484,school_sum,,163.8484,8.0,school_panel,,8.0,2867.0,2867.0,2867.0,4930.0,1296.0,Estimate
2004,0920,ELIZABETH C-1,Elbert,039,district,163.4919,school_sum,,163.4919,8.0,school_panel,,8.0,2841.0,2841.0,2841.0,4929.0,1270.0,Estimate
2005,0920,ELIZABETH C-1,Elbert,039,district,169.9168,school_sum,,169.9168,8.0,school_panel,,8.0,2891.0,2891.0,2891.0,4908.0,1255.0,Estimate
2006,0920,ELIZABETH C-1,Elbert,039,district,175.2885,school_sum,,175.2885,8.0,school_panel,,8.0,3017.0,3017.0,3017.0,4854.0,1226.0,Estimate
2007,0920,ELIZABETH C-1,Elbert,039,district,174.3535,school_sum,,174.3535,8.0,school_panel,,8.0,2963.0,2963.0,2963.0,4784.0,1181.0,Estimate
2008,0920,ELIZABETH C-1,Elbert,039,district,173.5332,school_sum,,173.5332,8.0,school_panel,,8.0,2817.0,2817.0,2817.0,4758.0,1158.0,Estimate
2009,0920,ELIZABETH C-1,Elbert,039,district,161.0934,school_sum,,161.0934,8.0,school_panel,,8.0,2737.0,2737.0,2737.0,4727.0,1130.0,Estimate
2010,0920,ELIZABETH C-1,Elbert,039,district,157.004,published,157.004,157.004,8.0,school_panel,,8.0,2636.0,2636.0,2636.0,4676.0,1128.0,Estimate
2011,0920,ELIZABETH C-1,Elbert,039,district,154.23,school_sum,,154.23,8.0,school_panel,,8.0,2656.0,2656.0,2656.0,4579.0,1040.0,Estimate
2012,0920,ELIZABETH C-1,Elbert,039,district,155.02,school_sum,,155.02,8.0,school_panel,,8.0,2703.0,2703.0,2703.0,4474.0,982.0,Estimate
2013,0920,ELIZABETH C-1,Elbert,039,district,144.84,school_sum,,144.84,8.0,school_panel,,8.0,2621.0,2621.0,2621.0,4375.0,946.0,Estimate
2014,0920,ELIZABETH C-1,Elbert,039,district,150.1505,school_sum,,150.1505,8.0,school_panel,,8.0,2545.0,2545.0,2545.0,4334.0,923.0,Estimate
2015,0920,ELIZABETH C-1,Elbert,039,district,146.76,school_sum,,146.76,8.0,school_panel,,8.0,2481.0,2481.0,2481.0,4321.0,976.0,Estimate
2016,0920,ELIZABETH C-1,Elbert,039,district,146.97,published,146.97,146.98,8.0,school_panel,,8.0,2535.0,2535.0,2535.0,4292.0,1063.0,Estimate
2017,0920,,Elbert,039,,,,,,8.0,school_panel,,8.0,2476.0,2476.0,2476.0,4260.0,1158.0,Estimate
2018,0920,ELIZABETH SCHOOL DISTRICT,Elbert,039,district,145.18,published,145.18,145.2,8.0,school_panel,,8.0,2404.0,2404.0,2404.0,4270.0,1219.0,Estimate
2019,0920,Elizabeth School District,Elbert,039,district,148.7,school_sum,,148.7,8.0,school_panel,,8.0,2373.0,2373.0,2373.0,4301.0,1232.0,Estimate
2020,0920,,Elbert,039,,,,,,8.0,school_panel,,8.0,2212.0,2212.0,2212.0,4339.0,1271.0,Estimate
2021,0920,,Elbert,039,,,,,,7.0,school_panel,,7.0,2412.0,2412.0,2330.0,4522.0,1323.0,Estimate
2022,0920,Elizabeth School District,Elbert,039,district,149.8,published,149.8,149.8,7.0,school_panel,,7.0,2474.0,2474.0,2379.0,4674.0,1368.0,Estimate
2023,0920,Elizabeth School District,Elbert,039,district,143.2,published,143.2,143.2,8.0,school_panel,,8.0,2447.0,2614.0,2346.0,4904.0,1457.0,Estimate
2024,0920,Elizabeth School District,Elbert,039,district,143.6,published,143.6,143.5,8.0,school_panel,,8.0,2667.0,2667.0,2282.0,5020.0,1502.0,Estimate
1990,0930,KIOWA C-2,Elbert,039,district,15.5,published,15.5,,2.0,school_panel,2.0,2.0,207.0,,207.0,2291.0,719.0,Estimate
1991,0930,KIOWA C-2,Elbert,039,district,16.1,published,16.1,,2.0,school_panel,2.0,2.0,210.0,,210.0,2412.0,746.0,Estimate
1992,0930,KIOWA C-2,Elbert,039,district,17.0,published,17.0,,2.0,school_panel,2.0,2.0,222.0,,222.0,2532.0,771.0,Estimate
1993,0930,KIOWA C-2,Elbert,039,district,17.5,published,17.5,,2.0,school_panel,2.0,2.0,250.0,,250.0,2717.0,819.0,Estimate
1994,0930,KIOWA C-2,Elbert,039,district,18.0,published,18.0,,2.0,school_panel,2.0,2.0,273.0,,273.0,3026.0,901.0,Estimate
1995,0930,KIOWA C-2,Elbert,039,district,21.6,published,21.6,,2.0,school_panel,2.0,2.0,273.0,,273.0,3376.0,995.0,Estimate
1996,0930,KIOWA C-2,Elbert,039,district,24.0,published,24.0,,2.0,school_panel,2.0,2.0,333.0,,333.0,3728.0,1085.0,Estimate
1997,0930,KIOWA C-2,Elbert,039,district,26.0,published,26.0,,3.0,school_panel,3.0,3.0,340.0,,340.0,4010.0,1153.0,Estimate
1998,0930,KIOWA C-2,Elbert,039,district,28.1,published,28.1,,3.0,school_panel,3.0,3.0,349.0,,349.0,4259.0,1208.0,Estimate
1999,0930,KIOWA C-2,Elbert,039,district,,,,,3.0,school_panel,3.0,3.0,396.0,,396.0,4512.0,1264.0,Estimate
2000,0930,KIOWA C-2,Elbert,039,district,32.5556,school_sum,,32.5556,3.0,school_panel,,3.0,,,440.0,4752.0,1318.0,Estimate
2001,0930,KIOWA C-2,Elbert,039,district,33.6114,school_sum,,33.6114,3.0,school_panel,,3.0,248.0,248.0,476.0,4946.0,1337.0,Estimate
2002,0930,KIOWA C-2,Elbert,039,district,31.8807,school_sum,,31.8807,3.0,school_panel,,3.0,259.0,259.0,484.0,4933.0,1318.0,Estimate
2003,0930,KIOWA C-2,Elbert,039,district,31.6272,school_sum,,31.6272,3.0,school_panel,,3.0,440.0,440.0,440.0,4930.0,1296.0,Estimate
2004,0930,KIOWA C-2,Elbert,039,district,30.9664,school_sum,,30.9664,3.0,school_panel,,3.0,422.0,422.0,422.0,4929.0,1270.0,Estimate
2005,0930,KIOWA C-2,Elbert,039,district,31.1664,school_sum,,31.1664,3.0,school_panel,,3.0,415.0,415.0,415.0,4908.0,1255.0,Estimate
2006,0930,KIOWA C-2,Elbert,039,district,33.5553,school_sum,,33.5553,3.0,school_panel,,3.0,383.0,383.0,383.0,4854.0,1226.0,Estimate
2007,0930,KIOWA C-2,Elbert,039,district,33.3332,school_sum,,33.3332,3.0,school_panel,,3.0,368.0,368.0,368.0,4784.0,1181.0,Estimate
2008,0930,KIOWA C-2,Elbert,039,district,33.3332,school_sum,,33.3332,3.0,school_panel,,3.0,376.0,376.0,376.0,4758.0,1158.0,Estimate
2009,0930,KIOWA C-2,Elbert,039,district,30.6667,school_sum,,30.6667,3.0,school_panel,,3.0,383.0,383.0,383.0,4727.0,1130.0,Estimate
2010,0930,KIOWA C-2,Elbert,039,district,30.167,published,30.167,30.167,3.0,school_panel,,3.0,371.0,371.0,371.0,4676.0,1128.0,Estimate
2011,0930,KIOWA C-2,Elbert,039,district,30.31,school_sum,,30.31,3.0,school_panel,,3.0,393.0,393.0,393.0,4579.0,1040.0,Estimate
2012,0930,KIOWA C-2,Elbert,039,district,28.62,school_sum,,28.62,3.0,school_panel,,3.0,383.0,383.0,383.0,4474.0,982.0,Estimate
2013,0930,KIOWA C-2,Elbert,039,district,28.15,school_sum,,28.15,3.0,school_panel,,3.0,344.0,344.0,344.0,4375.0,946.0,Estimate
2014,0930,KIOWA C-2,Elbert,039,district,27.158,school_sum,,27.158,3.0,school_panel,,3.0,287.0,287.0,287.0,4334.0,923.0,Estimate
2015,0930,KIOWA C-2,Elbert,039,district,21.16,school_sum,,21.16,3.0,school_panel,,3.0,286.0,286.0,286.0,4321.0,976.0,Estimate
2016,0930,KIOWA C-2,Elbert,039,district,20.4,published,20.4,20.41,3.0,school_panel,,3.0,277.0,277.0,277.0,4292.0,1063.0,Estimate
2017,0930,,Elbert,039,,,,,,3.0,school_panel,,3.0,263.0,263.0,263.0,4260.0,1158.0,Estimate
2018,0930,KIOWA C-2,Elbert,039,district,25.63,published,25.63,25.63,3.0,school_panel,,3.0,259.0,259.0,259.0,4270.0,1219.0,Estimate
2019,0930,Kiowa C-2,Elbert,039,district,20.3,school_sum,,20.3,3.0,school_panel,,3.0,252.0,252.0,252.0,4301.0,1232.0,Estimate
2020,0930,,Elbert,039,,,,,,3.0,school_panel,,3.0,257.0,257.0,257.0,4339.0,1271.0,Estimate
2021,0930,,Elbert,039,,,,,,3.0,school_panel,,3.0,276.0,276.0,276.0,4522.0,1323.0,Estimate
2022,0930,Kiowa C-2,Elbert,039,district,17.1,published,17.1,17.1,3.0,school_panel,,3.0,309.0,309.0,309.0,4674.0,1368.0,Estimate
2023,0930,Kiowa C-2,Elbert,039,district,19.9,published,19.9,19.9,3.0,school_panel,,3.0,342.0,342.0,342.0,4904.0,1457.0,Estimate
2024,0930,Kiowa C-2,Elbert,039,district,25.9,published,25.9,25.9,3.0,school_panel,,3.0,292.0,292.0,292.0,5020.0,1502.0,Estimate
1990,0940,BIG SANDY 100J,Elbert,039,district,19.0,published,19.0,,3.0,school_panel,3.0,3.0,276.0,,276.0,2291.0,719.0,Estimate
1991,0940,BIG SANDY 100J,Elbert,039,district,22.3,published,22.3,,3.0,school_panel,3.0,3.0,297.0,,297.0,2412.0,746.0,Estimate
1992,0940,BIG SANDY 100J,Elbert,039,district,21.8,published,21.8,,3.0,school_panel,3.0,3.0,305.0,,305.0,2532.0,771.0,Estimate
1993,0940,BIG SANDY 100J,Elbert,039,district,18.3,published,18.3,,3.0,school_panel,3.0,3.0,319.0,,319.0,2717.0,819.0,Estimate
1994,0940,BIG SANDY 100J,Elbert,039,district,20.5,published,20.5,,3.0,school_panel,3.0,3.0,339.0,,339.0,3026.0,901.0,Estimate
1995,0940,BIG SANDY 100J,Elbert,039,district,23.5,published,23.5,,3.0,school_panel,3.0,3.0,339.0,,339.0,3376.0,995.0,Estimate
1996,0940,BIG SANDY 100J,Elbert,039,district,24.5,published,24.5,,3.0,school_panel,3.0,3.0,355.0,,355.0,3728.0,1085.0,Estimate
1997,0940,BIG SANDY 100J,Elbert,039,district,26.0,published,26.0,,3.0,school_panel,3.0,3.0,338.0,,338.0,4010.0,1153.0,Estimate
1998,0940,BIG SANDY 100J,Elbert,039,district,26.7,published,26.7,,3.0,school_panel,3.0,3.0,371.0,,371.0,4259.0,1208.0,Estimate
1999,0940,BIG SANDY 100J,Elbert,039,district,,,,,3.0,school_panel,3.0,3.0,365.0,,365.0,4512.0,1264.0,Estimate
2000,0940,BIG SANDY 100J,Elbert,039,district,26.707,school_sum,,26.707,3.0,school_panel,,3.0,,,377.0,4752.0,1318.0,Estimate
2001,0940,BIG SANDY 100J,Elbert,039,district,29.3125,school_sum,,29.3125,3.0,school_panel,,3.0,373.0,373.0,373.0,4946.0,1337.0,Estimate
2002,0940,BIG SANDY 100J,Elbert,039,district,27.0625,school_sum,,27.0625,3.0,school_panel,,3.0,366.0,366.0,366.0,4933.0,1318.0,Estimate
2003,0940,BIG SANDY 100J,Elbert,039,district,28.1126,school_sum,,28.1126,3.0,school_panel,,3.0,357.0,357.0,357.0,4930.0,1296.0,Estimate
2004,0940,BIG SANDY 100J,Elbert,039,district,26.9376,school_sum,,26.9376,3.0,school_panel,,3.0,331.0,331.0,331.0,4929.0,1270.0,Estimate
2005,0940,BIG SANDY 100J,Elbert,039,district,26.0251,school_sum,,26.0251,3.0,school_panel,,3.0,335.0,335.0,335.0,4908.0,1255.0,Estimate
2006,0940,BIG SANDY 100J,Elbert,039,district,29.9439,school_sum,,29.9439,3.0,school_panel,,3.0,331.0,331.0,331.0,4854.0,1226.0,Estimate
2007,0940,BIG SANDY 100J,Elbert,039,district,29.5845,school_sum,,29.5845,3.0,school_panel,,3.0,344.0,344.0,344.0,4784.0,1181.0,Estimate
2008,0940,BIG SANDY 100J,Elbert,039,district,29.0938,school_sum,,29.0938,3.0,school_panel,,3.0,305.0,305.0,305.0,4758.0,1158.0,Estimate
2009,0940,BIG SANDY 100J,Elbert,039,district,27.9813,school_sum,,27.9813,3.0,school_panel,,3.0,319.0,319.0,319.0,4727.0,1130.0,Estimate
2010,0940,BIG SANDY 100J,Elbert,039,district,27.322,published,27.322,27.322,3.0,school_panel,,3.0,331.0,331.0,331.0,4676.0,1128.0,Estimate
2011,0940,BIG SANDY 100J,Elbert,039,district,27.22,school_sum,,27.22,3.0,school_panel,,3.0,330.0,330.0,330.0,4579.0,1040.0,Estimate
2012,0940,BIG SANDY 100J,Elbert,039,district,28.44,school_sum,,28.44,3.0,school_panel,,3.0,300.0,300.0,300.0,4474.0,982.0,Estimate
2013,0940,BIG SANDY 100J,Elbert,039,district,27.41,school_sum,,27.41,3.0,school_panel,,3.0,318.0,318.0,318.0,4375.0,946.0,Estimate
2014,0940,BIG SANDY 100J,Elbert,039,district,26.4599,school_sum,,26.4599,3.0,school_panel,,3.0,295.0,295.0,295.0,4334.0,923.0,Estimate
2015,0940,BIG SANDY 100J,Elbert,039,district,26.18,school_sum,,26.18,3.0,school_panel,,3.0,301.0,301.0,301.0,4321.0,976.0,Estimate
2016,0940,BIG SANDY 100J,Elbert,039,district,25.22,published,25.22,25.23,3.0,school_panel,,3.0,306.0,306.0,306.0,4292.0,1063.0,Estimate
2017,0940,,Elbert,039,,,,,,3.0,school_panel,,3.0,323.0,323.0,323.0,4260.0,1158.0,Estimate
2018,0940,BIG SANDY 100J,Elbert,039,district,27.77,published,27.77,27.78,3.0,school_panel,,3.0,321.0,321.0,321.0,4270.0,1219.0,Estimate
2019,0940,Big Sandy 100J,Elbert,039,district,28.5,school_sum,,28.5,3.0,school_panel,,3.0,335.0,335.0,335.0,4301.0,1232.0,Estimate
2020,0940,,Elbert,039,,,,,,3.0,school_panel,,3.0,298.0,298.0,298.0,4339.0,1271.0,Estimate
2021,0940,,Elbert,039,,,,,,3.0,school_panel,,3.0,325.0,325.0,325.0,4522.0,1323.0,Estimate
2022,0940,Big Sandy 100J,Elbert,039,district,30.3,published,30.3,30.3,3.0,school_panel,,3.0,361.0,361.0,361.0,4674.0,1368.0,Estimate
2023,0940,Big Sandy 100J,Elbert,039,district,30.9,published,30.9,30.9,3.0,school_panel,,3.0,328.0,328.0,328.0,4904.0,1457.0,Estimate
2024,0940,Big Sandy 100J,Elbert,039,district,31.6,published,31.6,31.6,3.0,school_panel,,3.0,329.0,329.0,329.0,5020.0,1502.0,Estimate
1990,0950,ELBERT 200,Elbert,039,district,15.0,published,15.0,,2.0,school_panel,2.0,2.0,141.0,,141.0,2291.0,719.0,Estimate
1991,0950,ELBERT 200,Elbert,039,district,15.0,published,15.0,,2.0,school_panel,2.0,2.0,153.0,,153.0,2412.0,746.0,Estimate
1992,0950,ELBERT 200,Elbert,039,district,15.0,published,15.0,,2.0,school_panel,2.0,2.0,165.0,,165.0,2532.0,771.0,Estimate
1993,0950,ELBERT 200,Elbert,039,district,15.0,published,15.0,,2.0,school_panel,2.0,2.0,188.0,,188.0,2717.0,819.0,Estimate
1994,0950,ELBERT 200,Elbert,039,district,17.1,published,17.1,,2.0,school_panel,2.0,2.0,212.0,,212.0,3026.0,901.0,Estimate
1995,0950,ELBERT 200,Elbert,039,district,18.0,published,18.0,,2.0,school_panel,2.0,2.0,248.0,,248.0,3376.0,995.0,Estimate
1996,0950,ELBERT 200,Elbert,039,district,23.0,published,23.0,,2.0,school_panel,2.0,2.0,279.0,,279.0,3728.0,1085.0,Estimate
1997,0950,ELBERT 200,Elbert,039,district,22.0,published,22.0,,2.0,school_panel,2.0,2.0,267.0,,267.0,4010.0,1153.0,Estimate
1998,0950,ELBERT 200,Elbert,039,district,21.4,published,21.4,,2.0,school_panel,2.0,2.0,278.0,,278.0,4259.0,1208.0,Estimate
1999,0950,ELBERT 200,Elbert,039,district,,,,,2.0,school_panel,2.0,2.0,284.0,,284.0,4512.0,1264.0,Estimate
2000,0950,ELBERT 200,Elbert,039,district,21.7857,school_sum,,21.7857,2.0,school_panel,,2.0,,,290.0,4752.0,1318.0,Estimate
2001,0950,ELBERT 200,Elbert,039,district,23.3182,school_sum,,23.3182,2.0,school_panel,,2.0,173.0,173.0,292.0,4946.0,1337.0,Estimate
2002,0950,ELBERT 200,Elbert,039,district,22.5325,school_sum,,22.5325,2.0,school_panel,,2.0,168.0,168.0,287.0,4933.0,1318.0,Estimate
2003,0950,ELBERT 200,Elbert,039,district,21.8658,school_sum,,21.8658,2.0,school_panel,,2.0,304.0,304.0,304.0,4930.0,1296.0,Estimate
2004,0950,ELBERT 200,Elbert,039,district,21.7546,school_sum,,21.7546,2.0,school_panel,,2.0,300.0,300.0,300.0,4929.0,1270.0,Estimate
2005,0950,ELBERT 200,Elbert,039,district,20.7776,school_sum,,20.7776,2.0,school_panel,,2.0,299.0,299.0,299.0,4908.0,1255.0,Estimate
2006,0950,ELBERT 200,Elbert,039,district,21.8888,school_sum,,21.8888,2.0,school_panel,,2.0,265.0,265.0,265.0,4854.0,1226.0,Estimate
2007,0950,ELBERT 200,Elbert,039,district,21.8884,school_sum,,21.8884,2.0,school_panel,,2.0,252.0,252.0,252.0,4784.0,1181.0,Estimate
2008,0950,ELBERT 200,Elbert,039,district,21.6666,school_sum,,21.6666,2.0,school_panel,,2.0,274.0,274.0,274.0,4758.0,1158.0,Estimate
2009,0950,ELBERT 200,Elbert,039,district,22.955,school_sum,,22.955,2.0,school_panel,,2.0,239.0,239.0,239.0,4727.0,1130.0,Estimate
2010,0950,ELBERT 200,Elbert,039,district,22.0,published,22.0,22.0,2.0,school_panel,,2.0,230.0,230.0,230.0,4676.0,1128.0,Estimate
2011,0950,ELBERT 200,Elbert,039,district,22.0,school_sum,,22.0,2.0,school_panel,,2.0,199.0,199.0,199.0,4579.0,1040.0,Estimate
2012,0950,ELBERT 200,Elbert,039,district,22.0,school_sum,,22.0,2.0,school_panel,,2.0,209.0,209.0,209.0,4474.0,982.0,Estimate
2013,0950,ELBERT 200,Elbert,039,district,20.66,school_sum,,20.66,2.0,school_panel,,2.0,198.0,198.0,198.0,4375.0,946.0,Estimate
2014,0950,ELBERT 200,Elbert,039,district,19.2728,school_sum,,19.2728,2.0,school_panel,,2.0,221.0,221.0,221.0,4334.0,923.0,Estimate
2015,0950,ELBERT 200,Elbert,039,district,20.4,school_sum,,20.4,2.0,school_panel,,2.0,213.0,213.0,213.0,4321.0,976.0,Estimate
2016,0950,ELBERT 200,Elbert,039,district,21.61,published,21.61,21.61,2.0,school_panel,,2.0,213.0,213.0,213.0,4292.0,1063.0,Estimate
2017,0950,,Elbert,039,,,,,,2.0,school_panel,,2.0,226.0,226.0,226.0,4260.0,1158.0,Estimate
2018,0950,ELBERT 200,Elbert,039,district,21.56,published,21.56,21.56,2.0,school_panel,,2.0,244.0,244.0,244.0,4270.0,1219.0,Estimate
2019,0950,Elbert 200,Elbert,039,district,21.9,school_sum,,21.9,2.0,school_panel,,2.0,254.0,254.0,254.0,4301.0,1232.0,Estimate
2020,0950,,Elbert,039,,,,,,2.0,school_panel,,2.0,270.0,270.0,270.0,4339.0,1271.0,Estimate
2021,0950,,Elbert,039,,,,,,2.0,school_panel,,2.0,281.0,281.0,281.0,4522.0,1323.0,Estimate
2022,0950,Elbert 200,Elbert,039,district,22.4,published,22.4,22.5,2.0,school_panel,,2.0,281.0,281.0,281.0,4674.0,1368.0,Estimate
2023,0950,Elbert 200,Elbert,039,district,21.3,published,21.3,21.3,2.0,school_panel,,2.0,279.0,279.0,279.0,4904.0,1457.0,Estimate
2024,0950,Elbert 200,Elbert,039,district,23.7,published,23.7,23.7,2.0,school_panel,,2.0,277.0,277.0,277.0,5020.0,1502.0,Estimate
1990,0960,AGATE 300,Elbert,039,district,7.0,published,7.0,,2.0,school_panel,2.0,2.0,60.0,,60.0,2291.0,719.0,Estimate
1991,0960,AGATE 300,Elbert,039,district,10.2,published,10.2,,2.0,school_panel,2.0,2.0,66.0,,66.0,2412.0,746.0,Estimate
1992,0960,AGATE 300,Elbert,039,district,10.2,published,10.2,,2.0,school_panel,2.0,2.0,67.0,,67.0,2532.0,771.0,Estimate
1993,0960,AGATE 300,Elbert,039,district,9.9,published,9.9,,2.0,school_panel,2.0,2.0,74.0,,74.0,2717.0,819.0,Estimate
1994,0960,AGATE 300,Elbert,039,district,11.4,published,11.4,,2.0,school_panel,2.0,2.0,78.0,,78.0,3026.0,901.0,Estimate
1995,0960,AGATE 300,Elbert,039,district,12.0,published,12.0,,2.0,school_panel,2.0,2.0,91.0,,91.0,3376.0,995.0,Estimate
1996,0960,AGATE 300,Elbert,039,district,13.5,published,13.5,,2.0,school_panel,2.0,2.0,111.0,,111.0,3728.0,1085.0,Estimate
1997,0960,AGATE 300,Elbert,039,district,15.0,published,15.0,,2.0,school_panel,2.0,2.0,76.0,,76.0,4010.0,1153.0,Estimate
1998,0960,AGATE 300,Elbert,039,district,12.0,published,12.0,,2.0,school_panel,2.0,2.0,80.0,,80.0,4259.0,1208.0,Estimate
1999,0960,AGATE 300,Elbert,039,district,,,,,2.0,school_panel,2.0,2.0,100.0,,100.0,4512.0,1264.0,Estimate
2000,0960,AGATE 300,Elbert,039,district,12.8243,school_sum,,12.8243,2.0,school_panel,,2.0,,,108.0,4752.0,1318.0,Estimate
2001,0960,AGATE 300,Elbert,039,district,16.0,school_sum,,16.0,2.0,school_panel,,2.0,62.0,62.0,132.0,4946.0,1337.0,Estimate
2002,0960,AGATE 300,Elbert,039,district,17.0,school_sum,,17.0,2.0,school_panel,,2.0,50.0,50.0,112.0,4933.0,1318.0,Estimate
2003,0960,AGATE 300,Elbert,039,district,17.25,school_sum,,17.25,2.0,school_panel,,2.0,90.0,90.0,90.0,4930.0,1296.0,Estimate
2004,0960,AGATE 300,Elbert,039,district,15.0,school_sum,,15.0,2.0,school_panel,,2.0,91.0,91.0,91.0,4929.0,1270.0,Estimate
2005,0960,AGATE 300,Elbert,039,district,14.1298,school_sum,,14.1298,2.0,school_panel,,2.0,74.0,74.0,74.0,4908.0,1255.0,Estimate
2006,0960,AGATE 300,Elbert,039,district,10.4594,school_sum,,10.4594,2.0,school_panel,,2.0,61.0,61.0,61.0,4854.0,1226.0,Estimate
2007,0960,AGATE 300,Elbert,039,district,10.6442,school_sum,,10.6442,2.0,school_panel,,2.0,64.0,64.0,64.0,4784.0,1181.0,Estimate
2008,0960,AGATE 300,Elbert,039,district,10.4545,school_sum,,10.4545,2.0,school_panel,,2.0,56.0,56.0,56.0,4758.0,1158.0,Estimate
2009,0960,AGATE 300,Elbert,039,district,8.8625,school_sum,,8.8625,2.0,school_panel,,2.0,45.0,45.0,45.0,4727.0,1130.0,Estimate
2010,0960,AGATE 300,Elbert,039,district,8.073,published,8.073,8.072,2.0,school_panel,,2.0,33.0,33.0,33.0,4676.0,1128.0,Estimate
2011,0960,AGATE 300,Elbert,039,district,1.4,school_sum,,1.4,2.0,school_panel,,2.0,9.0,9.0,9.0,4579.0,1040.0,Estimate
2012,0960,AGATE 300,Elbert,039,district,2.38,school_sum,,2.38,1.0,school_panel,,1.0,10.0,10.0,10.0,4474.0,982.0,Estimate
2013,0960,AGATE 300,Elbert,039,district,2.15,school_sum,,2.15,1.0,school_panel,,1.0,12.0,12.0,12.0,4375.0,946.0,Estimate
2014,0960,AGATE 300,Elbert,039,district,2.2252,school_sum,,2.2252,1.0,school_panel,,1.0,10.0,10.0,10.0,4334.0,923.0,Estimate
2015,0960,AGATE 300,Elbert,039,district,2.97,school_sum,,2.97,1.0,school_panel,,1.0,3.0,3.0,3.0,4321.0,976.0,Estimate
2016,0960,AGATE 300,Elbert,039,district,2.41,published,2.41,2.41,1.0,school_panel,,1.0,5.0,5.0,5.0,4292.0,1063.0,Estimate
2017,0960,,Elbert,039,,,,,,1.0,school_panel,,1.0,4.0,4.0,4.0,4260.0,1158.0,Estimate
2018,0960,AGATE 300,Elbert,039,district,6.08,published,6.08,5.81,2.0,school_panel,,2.0,47.0,47.0,47.0,4270.0,1219.0,Estimate
2019,0960,Agate 300,Elbert,039,district,7.2,school_sum,,7.2,2.0,school_panel,,2.0,44.0,44.0,44.0,4301.0,1232.0,Estimate
2020,0960,,Elbert,039,,,,,,2.0,school_panel,,2.0,73.0,73.0,73.0,4339.0,1271.0,Estimate
2021,0960,,Elbert,039,,,,,,2.0,school_panel,,2.0,84.0,84.0,84.0,4522.0,1323.0,Estimate
2022,0960,Agate 300,Elbert,039,district,11.1,published,11.1,11.1,2.0,school_panel,,2.0,81.0,81.0,81.0,4674.0,1368.0,Estimate
2023,0960,Agate 300,Elbert,039,district,8.4,published,8.4,8.4,2.0,school_panel,,2.0,75.0,75.0,66.0,4904.0,1457.0,Estimate
2024,0960,Agate 300,Elbert,039,district,8.9,published,8.9,8.9,2.0,school_panel,,2.0,85.0,85.0,85.0,5020.0,1502.0,Estimate
1990,0970,CALHAN RJ-1,El Paso,041,district,21.5,published,21.5,,2.0,school_panel,2.0,2.0,312.0,,312.0,75651.0,34263.0,Estimate
1991,0970,CALHAN RJ-1,El Paso,041,district,21.5,published,21.5,,2.0,school_panel,2.0,2.0,355.0,,355.0,77694.0,34423.0,Estimate
1992,0970,CALHAN RJ-1,El Paso,041,district,21.5,published,21.5,,2.0,school_panel,2.0,2.0,376.0,,376.0,81347.0,35404.0,Estimate
1993,0970,CALHAN RJ-1,El Paso,041,district,22.4,published,22.4,,3.0,school_panel,3.0,3.0,432.0,,432.0,84536.0,36141.0,Estimate
1994,0970,CALHAN RJ-1,El Paso,041,district,26.2,published,26.2,,3.0,school_panel,3.0,3.0,479.0,,479.0,88733.0,37258.0,Estimate
1995,0970,CALHAN RJ-1,El Paso,041,district,31.4,published,31.4,,3.0,school_panel,3.0,3.0,511.0,,511.0,91767.0,37836.0,Estimate
1996,0970,CALHAN RJ-1,El Paso,041,district,32.7,published,32.7,,3.0,school_panel,3.0,3.0,500.0,,500.0,93669.0,37918.0,Estimate
1997,0970,CALHAN RJ-1,El Paso,041,district,33.2,published,33.2,,3.0,school_panel,3.0,3.0,548.0,,548.0,96080.0,38183.0,Estimate
1998,0970,CALHAN RJ-1,El Paso,041,district,35.3,published,35.3,,3.0,school_panel,3.0,3.0,578.0,,578.0,98790.0,38534.0,Estimate
1999,0970,CALHAN RJ-1,El Paso,041,district,,,,,3.0,school_panel,3.0,3.0,593.0,,593.0,101436.0,38830.0,Estimate
2000,0970,CALHAN RJ-1,El Paso,041,district,34.5072,school_sum,,34.5072,3.0,school_panel,,3.0,,,632.0,104146.0,39119.0,Estimate
2001,0970,CALHAN RJ-1,El Paso,041,district,41.2223,school_sum,,41.2223,4.0,school_panel,,4.0,720.0,720.0,720.0,107410.0,40158.0,Estimate
2002,0970,CALHAN RJ-1,El Paso,041,district,44.2222,school_sum,,44.2222,4.0,school_panel,,4.0,730.0,730.0,730.0,108613.0,40641.0,Estimate
2003,0970,CALHAN RJ-1,El Paso,041,district,42.3527,school_sum,,42.3527,4.0,school_panel,,4.0,685.0,685.0,685.0,108816.0,41161.0,Estimate
2004,0970,CALHAN RJ-1,El Paso,041,district,42.5289,school_sum,,42.5289,4.0,school_panel,,4.0,720.0,720.0,720.0,109097.0,41287.0,Estimate
2005,0970,CALHAN RJ-1,El Paso,041,district,43.1112,school_sum,,43.1112,4.0,school_panel,,4.0,711.0,711.0,711.0,109916.0,41927.0,Estimate
2006,0970,CALHAN RJ-1,El Paso,041,district,39.907,school_sum,,39.907,4.0,school_panel,,4.0,667.0,667.0,667.0,112184.0,42786.0,Estimate
2007,0970,CALHAN RJ-1,El Paso,041,district,45.1158,school_sum,,45.1158,4.0,school_panel,,4.0,648.0,648.0,648.0,113129.0,43010.0,Estimate
2008,0970,CALHAN RJ-1,El Paso,041,district,44.1903,school_sum,,44.1903,4.0,school_panel,,4.0,627.0,627.0,627.0,114228.0,43523.0,Estimate
2009,0970,CALHAN RJ-1,El Paso,041,district,43.9014,school_sum,,43.9014,4.0,school_panel,,4.0,639.0,639.0,639.0,115014.0,44033.0,Estimate
2010,0970,CALHAN RJ-1,El Paso,041,district,42.982,published,42.982,42.983,4.0,school_panel,,4.0,620.0,620.0,620.0,118126.0,45338.0,Estimate
2011,0970,CALHAN RJ-1,El Paso,041,district,36.57,school_sum,,36.57,3.0,school_panel,,3.0,526.0,526.0,526.0,119598.0,45600.0,Estimate
2012,0970,CALHAN RJ-1,El Paso,041,district,31.84,school_sum,,31.84,3.0,school_panel,,3.0,509.0,509.0,509.0,120351.0,45509.0,Estimate
2013,0970,CALHAN RJ-1,El Paso,041,district,30.78,school_sum,,30.78,3.0,school_panel,,3.0,472.0,472.0,472.0,121102.0,45436.0,Estimate
2014,0970,CALHAN RJ-1,El Paso,041,district,31.2705,school_sum,,31.2705,3.0,school_panel,,3.0,463.0,463.0,463.0,121088.0,45646.0,Estimate
2015,0970,CALHAN RJ-1,El Paso,041,district,29.73,school_sum,,29.73,3.0,school_panel,,3.0,460.0,460.0,460.0,121758.0,46325.0,Estimate
2016,0970,CALHAN RJ-1,El Paso,041,district,28.22,published,28.22,28.21,3.0,school_panel,,3.0,442.0,442.0,442.0,123245.0,46640.0,Estimate
2017,0970,,El Paso,041,,,,,,3.0,school_panel,,3.0,458.0,458.0,458.0,124204.0,46794.0,Estimate
2018,0970,CALHAN RJ-1,El Paso,041,district,30.28,published,30.28,30.28,3.0,school_panel,,3.0,467.0,467.0,467.0,125671.0,46924.0,Estimate
2019,0970,Calhan RJ-1,El Paso,041,district,32.6,school_sum,,32.6,3.0,school_panel,,3.0,471.0,471.0,471.0,126199.0,46405.0,Estimate
2020,0970,,El Paso,041,,,,,,2.0,school_panel,,2.0,453.0,453.0,453.0,126429.0,45943.0,Estimate
2021,0970,,El Paso,041,,,,,,2.0,school_panel,,2.0,446.0,446.0,446.0,125361.0,45776.0,Estimate
2022,0970,Calhan RJ-1,El Paso,041,district,33.9,published,33.9,33.9,2.0,school_panel,,2.0,424.0,424.0,424.0,123038.0,45644.0,Estimate
2023,0970,Calhan RJ-1,El Paso,041,district,37.1,published,37.1,37.1,2.0,school_panel,,2.0,436.0,436.0,436.0,122062.0,45404.0,Estimate
2024,0970,Calhan RJ-1,El Paso,041,district,37.2,published,37.2,37.2,2.0,school_panel,,2.0,414.0,414.0,414.0,119980.0,45275.0,Estimate
1990,0980,HARRISON 2,El Paso,041,district,593.4,published,593.4,,18.0,school_panel,18.0,18.0,9666.0,,9666.0,75651.0,34263.0,Estimate
1991,0980,HARRISON 2,El Paso,041,district,593.3,published,593.3,,18.0,school_panel,18.0,18.0,10161.0,,10161.0,77694.0,34423.0,Estimate
1992,0980,HARRISON 2,El Paso,041,district,599.9,published,599.9,,18.0,school_panel,18.0,18.0,10497.0,,10497.0,81347.0,35404.0,Estimate
1993,0980,HARRISON 2,El Paso,041,district,608.0,published,608.0,,18.0,school_panel,18.0,18.0,10704.0,,10704.0,84536.0,36141.0,Estimate
1994,0980,HARRISON 2,El Paso,041,district,636.9,published,636.9,,18.0,school_panel,18.0,18.0,10753.0,,10753.0,88733.0,37258.0,Estimate
1995,0980,HARRISON 2,El Paso,041,district,642.7,published,642.7,,18.0,school_panel,18.0,18.0,10686.0,,10686.0,91767.0,37836.0,Estimate
1996,0980,HARRISON 2,El Paso,041,district,658.4,published,658.4,,19.0,school_panel,19.0,19.0,10590.0,,10590.0,93669.0,37918.0,Estimate
1997,0980,HARRISON 2,El Paso,041,district,686.7,published,686.7,,19.0,school_panel,19.0,19.0,10457.0,,10457.0,96080.0,38183.0,Estimate
1998,0980,HARRISON 2,El Paso,041,district,649.3,published,649.3,,20.0,school_panel,20.0,20.0,10450.0,,10450.0,98790.0,38534.0,Estimate
1999,0980,HARRISON 2,El Paso,041,district,,,,,22.0,school_panel,22.0,22.0,10449.0,,10449.0,101436.0,38830.0,Estimate
2000,0980,HARRISON 2,El Paso,041,district,666.1458,school_sum,,666.1458,24.0,school_panel,,24.0,,,10882.0,104146.0,39119.0,Estimate
2001,0980,HARRISON 2,El Paso,041,district,706.2149,school_sum,,706.2149,23.0,school_panel,,23.0,9909.0,9909.0,11049.0,107410.0,40158.0,Estimate
2002,0980,HARRISON 2,El Paso,041,district,705.8096,school_sum,,705.8096,23.0,school_panel,,23.0,10054.0,10054.0,10810.0,108613.0,40641.0,Estimate
2003,0980,HARRISON 2,El Paso,041,district,740.7225,school_sum,,740.7225,25.0,school_panel,,25.0,10943.0,10943.0,10943.0,108816.0,41161.0,Estimate
2004,0980,HARRISON 2,El Paso,041,district,758.388,school_sum,,758.388,25.0,school_panel,,25.0,10705.0,10705.0,10705.0,109097.0,41287.0,Estimate
2005,0980,HARRISON 2,El Paso,041,district,757.8986,school_sum,,757.8986,27.0,school_panel,,27.0,11218.0,11218.0,11218.0,109916.0,41927.0,Estimate
2006,0980,HARRISON 2,El Paso,041,district,759.6341,school_sum,,759.6341,26.0,school_panel,,26.0,11165.0,11165.0,11165.0,112184.0,42786.0,Estimate
2007,0980,HARRISON 2,El Paso,041,district,749.4434,school_sum,,749.4434,26.0,school_panel,,26.0,11167.0,11167.0,11167.0,113129.0,43010.0,Estimate
2008,0980,HARRISON 2,El Paso,041,district,743.965,school_sum,,743.965,25.0,school_panel,,25.0,10921.0,10921.0,10921.0,114228.0,43523.0,Estimate
2009,0980,HARRISON 2,El Paso,041,district,806.992,school_sum,,806.992,26.0,school_panel,,26.0,11309.0,11309.0,11309.0,115014.0,44033.0,Estimate
2010,0980,HARRISON 2,El Paso,041,district,755.145,published,755.145,749.274,26.0,school_panel,,26.0,11147.0,11147.0,11147.0,118126.0,45338.0,Estimate
2011,0980,HARRISON 2,El Paso,041,district,687.16,school_sum,,687.16,25.0,school_panel,,25.0,11108.0,11108.0,11108.0,119598.0,45600.0,Estimate
2012,0980,HARRISON 2,El Paso,041,district,686.74,school_sum,,686.74,24.0,school_panel,,24.0,10775.0,10775.0,10775.0,120351.0,45509.0,Estimate
2013,0980,HARRISON 2,El Paso,041,district,682.21,school_sum,,682.21,24.0,school_panel,,24.0,11179.0,11179.0,11179.0,121102.0,45436.0,Estimate
2014,0980,HARRISON 2,El Paso,041,district,669.0731,school_sum,,669.0731,24.0,school_panel,,24.0,11441.0,11441.0,11441.0,121088.0,45646.0,Estimate
2015,0980,HARRISON 2,El Paso,041,district,721.61,school_sum,,721.61,25.0,school_panel,,25.0,11777.0,11777.0,11777.0,121758.0,46325.0,Estimate
2016,0980,HARRISON 2,El Paso,041,district,746.62,published,746.62,736.46,26.0,school_panel,,26.0,11746.0,11746.0,11746.0,123245.0,46640.0,Estimate
2017,0980,,El Paso,041,,,,,,26.0,school_panel,,26.0,11771.0,11771.0,11771.0,124204.0,46794.0,Estimate
2018,0980,HARRISON 2,El Paso,041,district,760.79,published,760.79,751.88,26.0,school_panel,,26.0,11708.0,11708.0,11708.0,125671.0,46924.0,Estimate
2019,0980,Harrison 2,El Paso,041,district,750.7,school_sum,,750.7,26.0,school_panel,,26.0,11518.0,11518.0,11518.0,126199.0,46405.0,Estimate
2020,0980,,El Paso,041,,,,,,27.0,school_panel,,27.0,11177.0,11177.0,11177.0,126429.0,45943.0,Estimate
2021,0980,,El Paso,041,,,,,,31.0,school_panel,,31.0,13002.0,13002.0,13002.0,125361.0,45776.0,Estimate
2022,0980,Harrison 2,El Paso,041,district,805.9,school_sum,,805.9,29.0,school_panel,,29.0,12606.0,12606.0,12267.0,123038.0,45644.0,Estimate
2023,0980,Harrison 2,El Paso,041,district,772.2,published,772.2,772.2,29.0,school_panel,,29.0,12386.0,12386.0,12024.0,122062.0,45404.0,Estimate
2024,0980,Harrison 2,El Paso,041,district,827.8,published,827.8,821.4,29.0,school_panel,,29.0,12301.0,12301.0,11938.0,119980.0,45275.0,Estimate
1990,0990,WIDEFIELD 3,El Paso,041,district,393.3,published,393.3,,14.0,school_panel,14.0,14.0,6933.0,,6933.0,75651.0,34263.0,Estimate
1991,0990,WIDEFIELD 3,El Paso,041,district,399.9,published,399.9,,14.0,school_panel,14.0,14.0,7383.0,,7383.0,77694.0,34423.0,Estimate
1992,0990,WIDEFIELD 3,El Paso,041,district,403.7,published,403.7,,15.0,school_panel,14.0,15.0,7716.0,,7716.0,81347.0,35404.0,Estimate
1993,0990,WIDEFIELD 3,El Paso,041,district,418.6,published,418.6,,15.0,school_panel,14.0,15.0,7996.0,,7996.0,84536.0,36141.0,Estimate
1994,0990,WIDEFIELD 3,El Paso,041,district,427.7,published,427.7,,15.0,school_panel,14.0,15.0,8279.0,,8279.0,88733.0,37258.0,Estimate
1995,0990,WIDEFIELD 3,El Paso,041,district,441.4,published,441.4,,15.0,school_panel,14.0,15.0,8353.0,,8353.0,91767.0,37836.0,Estimate
1996,0990,WIDEFIELD 3,El Paso,041,district,446.5,published,446.5,,15.0,school_panel,14.0,15.0,8370.0,,8370.0,93669.0,37918.0,Estimate
1997,0990,WIDEFIELD 3,El Paso,041,district,457.6,published,457.6,,16.0,school_panel,15.0,16.0,8381.0,,8381.0,96080.0,38183.0,Estimate
1998,0990,WIDEFIELD 3,El Paso,041,district,476.1,published,476.1,,16.0,school_panel,16.0,16.0,8437.0,,8437.0,98790.0,38534.0,Estimate
1999,0990,WIDEFIELD 3,El Paso,041,district,,,,,16.0,school_panel,16.0,16.0,8468.0,,8468.0,101436.0,38830.0,Estimate
2000,0990,WIDEFIELD 3,El Paso,041,district,483.6762,school_sum,,483.6762,16.0,school_panel,,16.0,,,8639.0,104146.0,39119.0,Estimate
2001,0990,WIDEFIELD 3,El Paso,041,district,490.7762,school_sum,,490.7762,16.0,school_panel,,16.0,7614.0,7614.0,8671.0,107410.0,40158.0,Estimate
2002,0990,WIDEFIELD 3,El Paso,041,district,489.1705,school_sum,,489.1705,17.0,school_panel,,17.0,7557.0,7557.0,8589.0,108613.0,40641.0,Estimate
2003,0990,WIDEFIELD 3,El Paso,041,district,477.4447,school_sum,,477.4447,17.0,school_panel,,17.0,8475.0,8475.0,8475.0,108816.0,41161.0,Estimate
2004,0990,WIDEFIELD 3,El Paso,041,district,480.5588,school_sum,,480.5588,17.0,school_panel,,17.0,8508.0,8508.0,8508.0,109097.0,41287.0,Estimate
2005,0990,WIDEFIELD 3,El Paso,041,district,505.1555,school_sum,,505.1555,17.0,school_panel,,17.0,8551.0,8551.0,8551.0,109916.0,41927.0,Estimate
2006,0990,WIDEFIELD 3,El Paso,041,district,510.8945,school_sum,,510.8945,17.0,school_panel,,17.0,8533.0,8533.0,8533.0,112184.0,42786.0,Estimate
2007,0990,WIDEFIELD 3,El Paso,041,district,517.8144,school_sum,,517.8144,17.0,school_panel,,17.0,8481.0,8481.0,8481.0,113129.0,43010.0,Estimate
2008,0990,WIDEFIELD 3,El Paso,041,district,492.3057,school_sum,,492.3057,17.0,school_panel,,17.0,8504.0,8504.0,8504.0,114228.0,43523.0,Estimate
2009,0990,WIDEFIELD 3,El Paso,041,district,499.1119,school_sum,,499.1119,17.0,school_panel,,17.0,8851.0,8851.0,8851.0,115014.0,44033.0,Estimate
2010,0990,WIDEFIELD 3,El Paso,041,district,523.611,published,523.611,518.052,17.0,school_panel,,17.0,8963.0,8959.0,8959.0,118126.0,45338.0,Estimate
2011,0990,WIDEFIELD 3,El Paso,041,district,508.96,school_sum,,508.96,16.0,school_panel,,16.0,9184.0,9184.0,9184.0,119598.0,45600.0,Estimate
2012,0990,WIDEFIELD 3,El Paso,041,district,518.2,school_sum,,518.2,16.0,school_panel,,16.0,9297.0,9297.0,9297.0,120351.0,45509.0,Estimate
2013,0990,WIDEFIELD 3,El Paso,041,district,507.46,school_sum,,507.46,16.0,school_panel,,16.0,9364.0,9364.0,9364.0,121102.0,45436.0,Estimate
2014,0990,WIDEFIELD 3,El Paso,041,district,513.9467,school_sum,,513.9467,16.0,school_panel,,16.0,9283.0,9283.0,9283.0,121088.0,45646.0,Estimate
2015,0990,WIDEFIELD 3,El Paso,041,district,517.72,school_sum,,517.72,16.0,school_panel,,16.0,9435.0,9435.0,9435.0,121758.0,46325.0,Estimate
2016,0990,WIDEFIELD 3,El Paso,041,district,528.37,published,528.37,515.72,16.0,school_panel,,16.0,9634.0,9634.0,9634.0,123245.0,46640.0,Estimate
2017,0990,,El Paso,041,,,,,,16.0,school_panel,,16.0,9695.0,9695.0,9695.0,124204.0,46794.0,Estimate
2018,0990,WIDEFIELD 3,El Paso,041,district,569.64,published,569.64,559.35,16.0,school_panel,,16.0,9592.0,9592.0,9592.0,125671.0,46924.0,Estimate
2019,0990,Widefield 3,El Paso,041,district,583.0,school_sum,,583.0,17.0,school_panel,,17.0,9669.0,9669.0,9669.0,126199.0,46405.0,Estimate
2020,0990,,El Paso,041,,,,,,17.0,school_panel,,17.0,9169.0,9169.0,9169.0,126429.0,45943.0,Estimate
2021,0990,,El Paso,041,,,,,,18.0,school_panel,,18.0,9370.0,9370.0,9369.0,125361.0,45776.0,Estimate
2022,0990,Widefield 3,El Paso,041,district,583.3,published,583.3,573.5,19.0,school_panel,,19.0,9612.0,9612.0,9611.0,123038.0,45644.0,Estimate
2023,0990,Widefield 3,El Paso,041,district,588.7,published,588.7,588.7,18.0,school_panel,,18.0,9377.0,9377.0,9377.0,122062.0,45404.0,Estimate
2024,0990,Widefield 3,El Paso,041,district,586.8,published,586.8,575.6,18.0,school_panel,,18.0,9292.0,9292.0,9290.0,119980.0,45275.0,Estimate
1990,1000,FOUNTAIN 8,El Paso,041,district,223.5,published,223.5,,8.0,school_panel,8.0,8.0,3625.0,,3625.0,75651.0,34263.0,Estimate
1991,1000,FOUNTAIN 8,El Paso,041,district,225.0,published,225.0,,8.0,school_panel,8.0,8.0,3922.0,,3922.0,77694.0,34423.0,Estimate
1992,1000,FOUNTAIN 8,El Paso,041,district,233.5,published,233.5,,10.0,school_panel,10.0,10.0,4044.0,,4044.0,81347.0,35404.0,Estimate
1993,1000,FOUNTAIN 8,El Paso,041,district,233.8,published,233.8,,9.0,school_panel,9.0,9.0,4152.0,,4152.0,84536.0,36141.0,Estimate
1994,1000,FOUNTAIN 8,El Paso,041,district,256.8,published,256.8,,10.0,school_panel,10.0,10.0,4437.0,,4437.0,88733.0,37258.0,Estimate
1995,1000,FOUNTAIN 8,El Paso,041,district,264.4,published,264.4,,10.0,school_panel,10.0,10.0,4449.0,,4449.0,91767.0,37836.0,Estimate
1996,1000,FOUNTAIN 8,El Paso,041,district,272.4,published,272.4,,10.0,school_panel,10.0,10.0,4712.0,,4712.0,93669.0,37918.0,Estimate
1997,1000,FOUNTAIN 8,El Paso,041,district,281.9,published,281.9,,10.0,school_panel,10.0,10.0,4741.0,,4741.0,96080.0,38183.0,Estimate
1998,1000,FOUNTAIN 8,El Paso,041,district,282.4,published,282.4,,10.0,school_panel,10.0,10.0,4747.0,,4747.0,98790.0,38534.0,Estimate
1999,1000,FOUNTAIN 8,El Paso,041,district,,,,,10.0,school_panel,10.0,10.0,4926.0,,4926.0,101436.0,38830.0,Estimate
2000,1000,FOUNTAIN 8,El Paso,041,district,289.1384,school_sum,,289.1384,10.0,school_panel,,10.0,,,5125.0,104146.0,39119.0,Estimate
2001,1000,FOUNTAIN 8,El Paso,041,district,304.4097,school_sum,,304.4097,10.0,school_panel,,10.0,2750.0,2750.0,5194.0,107410.0,40158.0,Estimate
2002,1000,FOUNTAIN 8,El Paso,041,district,320.6054,school_sum,,320.6054,10.0,school_panel,,10.0,2939.0,2939.0,5539.0,108613.0,40641.0,Estimate
2003,1000,FOUNTAIN 8,El Paso,041,district,245.5111,school_sum,,245.5111,10.0,school_panel,,10.0,5879.0,5879.0,5879.0,108816.0,41161.0,Estimate
2004,1000,FOUNTAIN 8,El Paso,041,district,352.5322,school_sum,,352.5322,10.0,school_panel,,10.0,5963.0,5963.0,5963.0,109097.0,41287.0,Estimate
2005,1000,FOUNTAIN 8,El Paso,041,district,355.1951,school_sum,,355.1951,10.0,school_panel,,10.0,6166.0,6166.0,6166.0,109916.0,41927.0,Estimate
2006,1000,FOUNTAIN 8,El Paso,041,district,362.2051,school_sum,,362.2051,10.0,school_panel,,10.0,6152.0,6152.0,6152.0,112184.0,42786.0,Estimate
2007,1000,FOUNTAIN 8,El Paso,041,district,378.965,school_sum,,378.965,11.0,school_panel,,11.0,6584.0,6584.0,6584.0,113129.0,43010.0,Estimate
2008,1000,FOUNTAIN 8,El Paso,041,district,403.4642,school_sum,,403.4642,11.0,school_panel,,11.0,6835.0,6835.0,6835.0,114228.0,43523.0,Estimate
2009,1000,FOUNTAIN 8,El Paso,041,district,445.6555,school_sum,,445.6555,11.0,school_panel,,11.0,7365.0,7365.0,7365.0,115014.0,44033.0,Estimate
2010,1000,FOUNTAIN 8,El Paso,041,district,458.267,published,458.267,458.267,12.0,school_panel,,12.0,7536.0,7536.0,7536.0,118126.0,45338.0,Estimate
2011,1000,FOUNTAIN 8,El Paso,041,district,454.46,school_sum,,454.46,12.0,school_panel,,12.0,7702.0,7702.0,7702.0,119598.0,45600.0,Estimate
2012,1000,FOUNTAIN 8,El Paso,041,district,466.28,school_sum,,466.28,12.0,school_panel,,12.0,7840.0,7840.0,7840.0,120351.0,45509.0,Estimate
2013,1000,FOUNTAIN 8,El Paso,041,district,499.29,school_sum,,499.29,12.0,school_panel,,12.0,8089.0,8089.0,8089.0,121102.0,45436.0,Estimate
2014,1000,FOUNTAIN 8,El Paso,041,district,503.7327,school_sum,,503.7327,12.0,school_panel,,12.0,8120.0,8120.0,8120.0,121088.0,45646.0,Estimate
2015,1000,FOUNTAIN 8,El Paso,041,district,505.43,school_sum,,505.43,13.0,school_panel,,13.0,8055.0,8055.0,8055.0,121758.0,46325.0,Estimate
2016,1000,FOUNTAIN 8,El Paso,041,district,495.31,published,495.31,494.64,13.0,school_panel,,13.0,8185.0,8185.0,8185.0,123245.0,46640.0,Estimate
2017,1000,,El Paso,041,,,,,,13.0,school_panel,,13.0,8338.0,8338.0,8338.0,124204.0,46794.0,Estimate
2018,1000,FOUNTAIN 8,El Paso,041,district,504.42,published,504.42,503.42,13.0,school_panel,,13.0,8298.0,8298.0,8298.0,125671.0,46924.0,Estimate
2019,1000,Fountain 8,El Paso,041,district,502.8,school_sum,,502.8,12.0,school_panel,,12.0,8529.0,8529.0,8529.0,126199.0,46405.0,Estimate
2020,1000,,El Paso,041,,,,,,13.0,school_panel,,13.0,8227.0,8227.0,8227.0,126429.0,45943.0,Estimate
2021,1000,,El Paso,041,,,,,,13.0,school_panel,,13.0,8302.0,8302.0,8302.0,125361.0,45776.0,Estimate
2022,1000,Fountain 8,El Paso,041,district,509.8,published,509.8,506.4,13.0,school_panel,,13.0,8201.0,8201.0,8201.0,123038.0,45644.0,Estimate
2023,1000,Fountain 8,El Paso,041,district,479.6,published,479.6,479.6,13.0,school_panel,,13.0,7885.0,7885.0,7885.0,122062.0,45404.0,Estimate
2024,1000,Fountain 8,El Paso,041,district,484.2,published,484.2,481.2,13.0,school_panel,,13.0,7955.0,7955.0,7955.0,119980.0,45275.0,Estimate
1990,1010,COLORADO SPRINGS 11,El Paso,041,district,1590.5,published,1590.5,,56.0,school_panel,56.0,56.0,30009.0,,30009.0,75651.0,34263.0,Estimate
1991,1010,COLORADO SPRINGS 11,El Paso,041,district,1642.1,published,1642.1,,56.0,school_panel,56.0,56.0,30602.0,,30602.0,77694.0,34423.0,Estimate
1992,1010,COLORADO SPRINGS 11,El Paso,041,district,1534.2,published,1534.2,,56.0,school_panel,56.0,56.0,32024.0,,32024.0,81347.0,35404.0,Estimate
1993,1010,COLORADO SPRINGS 11,El Paso,041,district,1512.7,published,1512.7,,56.0,school_panel,56.0,56.0,31799.0,,31799.0,84536.0,36141.0,Estimate
1994,1010,COLORADO SPRINGS 11,El Paso,041,district,1619.6,published,1619.6,,56.0,school_panel,56.0,56.0,32539.0,,32539.0,88733.0,37258.0,Estimate
1995,1010,COLORADO SPRINGS 11,El Paso,041,district,1690.5,published,1690.5,,59.0,school_panel,59.0,59.0,32960.0,,32882.0,91767.0,37836.0,Estimate
1996,1010,COLORADO SPRINGS 11,El Paso,041,district,1695.6,published,1695.6,,60.0,school_panel,,60.0,33175.0,,33175.0,93669.0,37918.0,Estimate
1997,1010,COLORADO SPRINGS 11,El Paso,041,district,1743.9,published,1743.9,,62.0,school_panel,62.0,62.0,32815.0,,32815.0,96080.0,38183.0,Estimate
1998,1010,COLORADO SPRINGS 11,El Paso,041,district,1781.2,published,1781.2,,64.0,school_panel,63.0,64.0,32589.0,,32589.0,98790.0,38534.0,Estimate
1999,1010,COLORADO SPRINGS 11,El Paso,041,district,,,,,64.0,school_panel,63.0,64.0,31586.0,,31586.0,101436.0,38830.0,Estimate
2000,1010,COLORADO SPRINGS 11,El Paso,041,district,1744.3773,school_sum,,1744.3773,64.0,school_panel,,64.0,,,32699.0,104146.0,39119.0,Estimate
2001,1010,COLORADO SPRINGS 11,El Paso,041,district,1916.8101,school_sum,,1916.8101,64.0,school_panel,,64.0,29842.0,29842.0,32808.0,107410.0,40158.0,Estimate
2002,1010,COLORADO SPRINGS 11,El Paso,041,district,1906.4581,school_sum,,1906.4581,65.0,school_panel,,65.0,29721.0,29721.0,32368.0,108613.0,40641.0,Estimate
2003,1010,COLORADO SPRINGS 11,El Paso,041,district,1915.2426,school_sum,,1915.2426,65.0,school_panel,,65.0,31840.0,31840.0,31840.0,108816.0,41161.0,Estimate
2004,1010,COLORADO SPRINGS 11,El Paso,041,district,1883.1338,school_sum,,1883.1338,66.0,school_panel,,66.0,31420.0,31420.0,31420.0,109097.0,41287.0,Estimate
2005,1010,COLORADO SPRINGS 11,El Paso,041,district,1859.5497,school_sum,,1859.5497,67.0,school_panel,,67.0,30959.0,30959.0,30959.0,109916.0,41927.0,Estimate
2006,1010,COLORADO SPRINGS 11,El Paso,041,district,1845.5137,school_sum,,1845.5137,62.0,school_panel,,62.0,30029.0,30029.0,30029.0,112184.0,42786.0,Estimate
2007,1010,COLORADO SPRINGS 11,El Paso,041,district,1829.3314,school_sum,,1829.3314,66.0,school_panel,,66.0,29496.0,29496.0,29496.0,113129.0,43010.0,Estimate
2008,1010,COLORADO SPRINGS 11,El Paso,041,district,1733.1971,school_sum,,1733.1971,68.0,school_panel,,68.0,29271.0,29271.0,29271.0,114228.0,43523.0,Estimate
2009,1010,COLORADO SPRINGS 11,El Paso,041,district,1704.3996,school_sum,,1704.3996,68.0,school_panel,,68.0,29641.0,29641.0,29673.0,115014.0,44033.0,Estimate
2010,1010,COLORADO SPRINGS 11,El Paso,041,district,1845.933,published,1845.933,1820.094,60.0,school_panel,,60.0,29459.0,29459.0,29498.0,118126.0,45338.0,Estimate
2011,1010,COLORADO SPRINGS 11,El Paso,041,district,1771.44,school_sum,,1771.44,60.0,school_panel,,60.0,29509.0,29509.0,29543.0,119598.0,45600.0,Estimate
2012,1010,COLORADO SPRINGS 11,El Paso,041,district,1687.94,school_sum,,1687.94,60.0,school_panel,,60.0,28993.0,28993.0,29032.0,120351.0,45509.0,Estimate
2013,1010,COLORADO SPRINGS 11,El Paso,041,district,1669.09,school_sum,,1669.09,61.0,school_panel,,61.0,28404.0,28404.0,28448.0,121102.0,45436.0,Estimate
2014,1010,COLORADO SPRINGS 11,El Paso,041,district,1710.0192,school_sum,,1710.0192,57.0,school_panel,,57.0,28332.0,28332.0,28332.0,121088.0,45646.0,Estimate
2015,1010,COLORADO SPRINGS 11,El Paso,041,district,1628.4,school_sum,,1628.4,57.0,school_panel,,57.0,27937.0,27937.0,27937.0,121758.0,46325.0,Estimate
2016,1010,COLORADO SPRINGS 11,El Paso,041,district,1655.58,published,1655.58,1641.36,56.0,school_panel,,56.0,27911.0,27911.0,27911.0,123245.0,46640.0,Estimate
2017,1010,,El Paso,041,,,,,,56.0,school_panel,,56.0,27427.0,27427.0,27427.0,124204.0,46794.0,Estimate
2018,1010,COLORADO SPRINGS 11,El Paso,041,district,1614.85,published,1614.85,1598.7,56.0,school_panel,,56.0,26395.0,26395.0,26395.0,125671.0,46924.0,Estimate
2019,1010,Colorado Springs 11,El Paso,041,district,1556.6,school_sum,,1556.6,56.0,school_panel,,56.0,26026.0,26026.0,26026.0,126199.0,46405.0,Estimate
2020,1010,,El Paso,041,,,,,,56.0,school_panel,,56.0,23876.0,23876.0,23876.0,126429.0,45943.0,Estimate
2021,1010,,El Paso,041,,,,,,57.0,school_panel,,57.0,23366.0,23366.0,23359.0,125361.0,45776.0,Estimate
2022,1010,Colorado Springs 11,El Paso,041,district,1441.1,published,1441.1,1422.0,57.0,school_panel,,57.0,22729.0,22729.0,22725.0,123038.0,45644.0,Estimate
2023,1010,Colorado Springs 11,El Paso,041,district,1435.1999999999996,published,1435.1999999999996,1435.2,58.0,school_panel,,58.0,22744.0,22744.0,22740.0,122062.0,45404.0,Estimate
2024,1010,Colorado Springs 11,El Paso,041,district,1494.3,published,1494.3,1473.2,60.0,school_panel,,60.0,22265.0,22265.0,22227.0,119980.0,45275.0,Estimate
1990,1020,CHEYENNE MOUNTAIN 12,El Paso,041,district,133.5,published,133.5,,6.0,school_panel,6.0,6.0,2549.0,,2549.0,75651.0,34263.0,Estimate
1991,1020,CHEYENNE MOUNTAIN 12,El Paso,041,district,133.5,published,133.5,,6.0,school_panel,6.0,6.0,2543.0,,2543.0,77694.0,34423.0,Estimate
1992,1020,CHEYENNE MOUNTAIN 12,El Paso,041,district,134.8,published,134.8,,6.0,school_panel,6.0,6.0,2699.0,,2699.0,81347.0,35404.0,Estimate
1993,1020,CHEYENNE MOUNTAIN 12,El Paso,041,district,138.9,published,138.9,,6.0,school_panel,6.0,6.0,2847.0,,2847.0,84536.0,36141.0,Estimate
1994,1020,CHEYENNE MOUNTAIN 12,El Paso,041,district,151.9,published,151.9,,6.0,school_panel,6.0,6.0,2907.0,,2907.0,88733.0,37258.0,Estimate
1995,1020,CHEYENNE MOUNTAIN 12,El Paso,041,district,163.2,published,163.2,,7.0,school_panel,7.0,7.0,3301.0,,3301.0,91767.0,37836.0,Estimate
1996,1020,CHEYENNE MOUNTAIN 12,El Paso,041,district,173.7,published,173.7,,8.0,school_panel,8.0,8.0,3458.0,,3458.0,93669.0,37918.0,Estimate
1997,1020,CHEYENNE MOUNTAIN 12,El Paso,041,district,186.8,published,186.8,,9.0,school_panel,9.0,9.0,3617.0,,3617.0,96080.0,38183.0,Estimate
1998,1020,CHEYENNE MOUNTAIN 12,El Paso,041,district,209.6,published,209.6,,9.0,school_panel,9.0,9.0,3843.0,,3843.0,98790.0,38534.0,Estimate
1999,1020,CHEYENNE MOUNTAIN 12,El Paso,041,district,,,,,9.0,school_panel,9.0,9.0,3952.0,,3952.0,101436.0,38830.0,Estimate
2000,1020,CHEYENNE MOUNTAIN 12,El Paso,041,district,236.1866,school_sum,,236.1866,9.0,school_panel,,9.0,,,4041.0,104146.0,39119.0,Estimate
2001,1020,CHEYENNE MOUNTAIN 12,El Paso,041,district,237.3678,school_sum,,237.3678,9.0,school_panel,,9.0,1517.0,1517.0,4191.0,107410.0,40158.0,Estimate
2002,1020,CHEYENNE MOUNTAIN 12,El Paso,041,district,269.7757,school_sum,,269.7757,9.0,school_panel,,9.0,1596.0,1596.0,4339.0,108613.0,40641.0,Estimate
2003,1020,CHEYENNE MOUNTAIN 12,El Paso,041,district,266.2139,school_sum,,266.2139,9.0,school_panel,,9.0,4506.0,4506.0,4506.0,108816.0,41161.0,Estimate
2004,1020,CHEYENNE MOUNTAIN 12,El Paso,041,district,242.2311,school_sum,,242.2311,9.0,school_panel,,9.0,4475.0,4475.0,4475.0,109097.0,41287.0,Estimate
2005,1020,CHEYENNE MOUNTAIN 12,El Paso,041,district,266.6012,school_sum,,266.6012,9.0,school_panel,,9.0,4563.0,4563.0,4563.0,109916.0,41927.0,Estimate
2006,1020,CHEYENNE MOUNTAIN 12,El Paso,041,district,302.6506,school_sum,,302.6506,10.0,school_panel,,10.0,4786.0,4786.0,4786.0,112184.0,42786.0,Estimate
2007,1020,CHEYENNE MOUNTAIN 12,El Paso,041,district,311.086,school_sum,,311.086,10.0,school_panel,,10.0,4851.0,4851.0,4851.0,113129.0,43010.0,Estimate
2008,1020,CHEYENNE MOUNTAIN 12,El Paso,041,district,291.2267,school_sum,,291.2267,10.0,school_panel,,10.0,4643.0,4643.0,4643.0,114228.0,43523.0,Estimate
2009,1020,CHEYENNE MOUNTAIN 12,El Paso,041,district,282.3966,school_sum,,282.3966,9.0,school_panel,,9.0,4578.0,4578.0,4578.0,115014.0,44033.0,Estimate
2010,1020,CHEYENNE MOUNTAIN 12,El Paso,041,district,295.009,published,295.009,294.009,9.0,school_panel,,9.0,4561.0,4561.0,4561.0,118126.0,45338.0,Estimate
2011,1020,CHEYENNE MOUNTAIN 12,El Paso,041,district,291.28,school_sum,,291.28,9.0,school_panel,,9.0,4612.0,4612.0,4612.0,119598.0,45600.0,Estimate
2012,1020,CHEYENNE MOUNTAIN 12,El Paso,041,district,300.31,school_sum,,300.31,9.0,school_panel,,9.0,4651.0,4651.0,4651.0,120351.0,45509.0,Estimate
2013,1020,CHEYENNE MOUNTAIN 12,El Paso,041,district,338.88,school_sum,,338.88,11.0,school_panel,,11.0,5127.0,5127.0,5127.0,121102.0,45436.0,Estimate
2014,1020,CHEYENNE MOUNTAIN 12,El Paso,041,district,349.6826,school_sum,,349.6826,11.0,school_panel,,11.0,5148.0,5148.0,5148.0,121088.0,45646.0,Estimate
2015,1020,CHEYENNE MOUNTAIN 12,El Paso,041,district,344.33,school_sum,,344.33,11.0,school_panel,,11.0,5104.0,5104.0,5104.0,121758.0,46325.0,Estimate
2016,1020,CHEYENNE MOUNTAIN 12,El Paso,041,district,353.02,published,353.02,353.02,11.0,school_panel,,11.0,5224.0,5224.0,5224.0,123245.0,46640.0,Estimate
2017,1020,,El Paso,041,,,,,,11.0,school_panel,,11.0,5220.0,5220.0,5220.0,124204.0,46794.0,Estimate
2018,1020,CHEYENNE MOUNTAIN 12,El Paso,041,district,362.11,published,362.11,361.25,11.0,school_panel,,11.0,5274.0,5274.0,5274.0,125671.0,46924.0,Estimate
2019,1020,Cheyenne Mountain 12,El Paso,041,district,359.6,school_sum,,359.6,11.0,school_panel,,11.0,5309.0,5309.0,5309.0,126199.0,46405.0,Estimate
2020,1020,,El Paso,041,,,,,,12.0,school_panel,,12.0,5243.0,5243.0,5270.0,126429.0,45943.0,Estimate
2021,1020,,El Paso,041,,,,,,9.0,school_panel,,9.0,3641.0,3641.0,3663.0,125361.0,45776.0,Estimate
2022,1020,Cheyenne Mountain 12,El Paso,041,district,250.9,published,250.9,234.5,9.0,school_panel,,9.0,3723.0,3723.0,3737.0,123038.0,45644.0,Estimate
2023,1020,Cheyenne Mountain 12,El Paso,041,district,233.9,published,233.9,233.9,9.0,school_panel,,9.0,3739.0,3739.0,3763.0,122062.0,45404.0,Estimate
2024,1020,Cheyenne Mountain 12,El Paso,041,district,248.7,published,248.7,241.7,9.0,school_panel,,9.0,3725.0,3725.0,3745.0,119980.0,45275.0,Estimate
1990,1030,MANITOU SPRINGS 14,El Paso,041,district,60.2,published,60.2,,4.0,school_panel,4.0,4.0,1127.0,,1127.0,75651.0,34263.0,Estimate
1991,1030,MANITOU SPRINGS 14,El Paso,041,district,62.3,published,62.3,,4.0,school_panel,4.0,4.0,1231.0,,1231.0,77694.0,34423.0,Estimate
1992,1030,MANITOU SPRINGS 14,El Paso,041,district,65.6,published,65.6,,4.0,school_panel,4.0,4.0,1309.0,,1309.0,81347.0,35404.0,Estimate
1993,1030,MANITOU SPRINGS 14,El Paso,041,district,69.5,published,69.5,,4.0,school_panel,4.0,4.0,1311.0,,1311.0,84536.0,36141.0,Estimate
1994,1030,MANITOU SPRINGS 14,El Paso,041,district,72.6,published,72.6,,4.0,school_panel,4.0,4.0,1368.0,,1368.0,88733.0,37258.0,Estimate
1995,1030,MANITOU SPRINGS 14,El Paso,041,district,74.6,published,74.6,,4.0,school_panel,4.0,4.0,1323.0,,1323.0,91767.0,37836.0,Estimate
1996,1030,MANITOU SPRINGS 14,El Paso,041,district,75.4,published,75.4,,4.0,school_panel,4.0,4.0,1399.0,,1399.0,93669.0,37918.0,Estimate
1997,1030,MANITOU SPRINGS 14,El Paso,041,district,76.3,published,76.3,,4.0,school_panel,4.0,4.0,1392.0,,1392.0,96080.0,38183.0,Estimate
1998,1030,MANITOU SPRINGS 14,El Paso,041,district,81.3,published,81.3,,4.0,school_panel,4.0,4.0,1394.0,,1394.0,98790.0,38534.0,Estimate
1999,1030,MANITOU SPRINGS 14,El Paso,041,district,,,,,4.0,school_panel,4.0,4.0,1363.0,,1363.0,101436.0,38830.0,Estimate
2000,1030,MANITOU SPRINGS 14,El Paso,041,district,80.6872,school_sum,,80.6872,4.0,school_panel,,4.0,,,1379.0,104146.0,39119.0,Estimate
2001,1030,MANITOU SPRINGS 14,El Paso,041,district,83.732,school_sum,,83.732,4.0,school_panel,,4.0,941.0,941.0,1356.0,107410.0,40158.0,Estimate
2002,1030,MANITOU SPRINGS 14,El Paso,041,district,88.0293,school_sum,,88.0293,4.0,school_panel,,4.0,957.0,957.0,1362.0,108613.0,40641.0,Estimate
2003,1030,MANITOU SPRINGS 14,El Paso,041,district,85.6175,school_sum,,85.6175,4.0,school_panel,,4.0,1304.0,1304.0,1304.0,108816.0,41161.0,Estimate
2004,1030,MANITOU SPRINGS 14,El Paso,041,district,92.9086,school_sum,,92.9086,4.0,school_panel,,4.0,1331.0,1331.0,1331.0,109097.0,41287.0,Estimate
2005,1030,MANITOU SPRINGS 14,El Paso,041,district,91.6057,school_sum,,91.6057,4.0,school_panel,,4.0,1356.0,1356.0,1356.0,109916.0,41927.0,Estimate
2006,1030,MANITOU SPRINGS 14,El Paso,041,district,91.6292,school_sum,,91.6292,4.0,school_panel,,4.0,1361.0,1361.0,1361.0,112184.0,42786.0,Estimate
2007,1030,MANITOU SPRINGS 14,El Paso,041,district,93.589,school_sum,,93.589,4.0,school_panel,,4.0,1378.0,1378.0,1378.0,113129.0,43010.0,Estimate
2008,1030,MANITOU SPRINGS 14,El Paso,041,district,94.4607,school_sum,,94.4607,4.0,school_panel,,4.0,1376.0,1376.0,1376.0,114228.0,43523.0,Estimate
2009,1030,MANITOU SPRINGS 14,El Paso,041,district,95.7615,school_sum,,95.7615,4.0,school_panel,,4.0,1405.0,1405.0,1405.0,115014.0,44033.0,Estimate
2010,1030,MANITOU SPRINGS 14,El Paso,041,district,94.934,published,94.934,94.934,4.0,school_panel,,4.0,1418.0,1418.0,1418.0,118126.0,45338.0,Estimate
2011,1030,MANITOU SPRINGS 14,El Paso,041,district,94.06,school_sum,,94.06,4.0,school_panel,,4.0,1510.0,1510.0,1510.0,119598.0,45600.0,Estimate
2012,1030,MANITOU SPRINGS 14,El Paso,041,district,96.73,school_sum,,96.73,4.0,school_panel,,4.0,1498.0,1498.0,1498.0,120351.0,45509.0,Estimate
2013,1030,MANITOU SPRINGS 14,El Paso,041,district,90.75,school_sum,,90.75,4.0,school_panel,,4.0,1480.0,1480.0,1480.0,121102.0,45436.0,Estimate
2014,1030,MANITOU SPRINGS 14,El Paso,041,district,98.825,school_sum,,98.825,4.0,school_panel,,4.0,1458.0,1458.0,1458.0,121088.0,45646.0,Estimate
2015,1030,MANITOU SPRINGS 14,El Paso,041,district,101.39,school_sum,,101.39,4.0,school_panel,,4.0,1492.0,1492.0,1492.0,121758.0,46325.0,Estimate
2016,1030,MANITOU SPRINGS 14,El Paso,041,district,103.4,published,103.4,103.4,4.0,school_panel,,4.0,1488.0,1488.0,1488.0,123245.0,46640.0,Estimate
2017,1030,,El Paso,041,,,,,,4.0,school_panel,,4.0,1400.0,1400.0,1400.0,124204.0,46794.0,Estimate
2018,1030,MANITOU SPRINGS 14,El Paso,041,district,97.84,published,97.84,97.46,4.0,school_panel,,4.0,1494.0,1494.0,1494.0,125671.0,46924.0,Estimate
2019,1030,Manitou Springs 14,El Paso,041,district,102.7,school_sum,,102.7,4.0,school_panel,,4.0,1441.0,1441.0,1441.0,126199.0,46405.0,Estimate
2020,1030,,El Paso,041,,,,,,4.0,school_panel,,4.0,1345.0,1345.0,1345.0,126429.0,45943.0,Estimate
2021,1030,,El Paso,041,,,,,,4.0,school_panel,,4.0,1329.0,1329.0,1329.0,125361.0,45776.0,Estimate
2022,1030,Manitou Springs 14,El Paso,041,district,102.3,published,102.3,102.4,4.0,school_panel,,4.0,1317.0,1317.0,1317.0,123038.0,45644.0,Estimate
2023,1030,Manitou Springs 14,El Paso,041,district,100.8,published,100.8,100.8,4.0,school_panel,,4.0,1238.0,1238.0,1238.0,122062.0,45404.0,Estimate
2024,1030,Manitou Springs 14,El Paso,041,district,93.9,published,93.9,93.9,4.0,school_panel,,4.0,1147.0,1147.0,1147.0,119980.0,45275.0,Estimate
1990,1040,ACADEMY 20,El Paso,041,district,576.4,published,576.4,,17.0,school_panel,17.0,17.0,10986.0,,10986.0,75651.0,34263.0,Estimate
1991,1040,ACADEMY 20,El Paso,041,district,612.1,published,612.1,,17.0,school_panel,17.0,17.0,11655.0,,11655.0,77694.0,34423.0,Estimate
1992,1040,ACADEMY 20,El Paso,041,district,648.8,published,648.8,,18.0,school_panel,18.0,18.0,12318.0,,12318.0,81347.0,35404.0,Estimate
1993,1040,ACADEMY 20,El Paso,041,district,669.8,published,669.8,,19.0,school_panel,19.0,19.0,13137.0,,13137.0,84536.0,36141.0,Estimate
1994,1040,ACADEMY 20,El Paso,041,district,731.4,published,731.4,,20.0,school_panel,20.0,20.0,13529.0,,13529.0,88733.0,37258.0,Estimate
1995,1040,ACADEMY 20,El Paso,041,district,767.7,published,767.7,,20.0,school_panel,20.0,20.0,14049.0,,14049.0,91767.0,37836.0,Estimate
1996,1040,ACADEMY 20,El Paso,041,district,804.6,published,804.6,,20.0,school_panel,20.0,20.0,14715.0,,14715.0,93669.0,37918.0,Estimate
1997,1040,ACADEMY 20,El Paso,041,district,871.9,published,871.9,,22.0,school_panel,22.0,22.0,15283.0,,15283.0,96080.0,38183.0,Estimate
1998,1040,ACADEMY 20,El Paso,041,district,974.0,published,974.0,,25.0,school_panel,25.0,25.0,15821.0,,15821.0,98790.0,38534.0,Estimate
1999,1040,ACADEMY 20,El Paso,041,district,,,,,27.0,school_panel,27.0,27.0,16775.0,,16775.0,101436.0,38830.0,Estimate
2000,1040,ACADEMY 20,El Paso,041,district,1027.818,school_sum,,1027.818,28.0,school_panel,,28.0,,,17625.0,104146.0,39119.0,Estimate
2001,1040,ACADEMY 20,El Paso,041,district,1105.1171,school_sum,,1105.1171,27.0,school_panel,,27.0,13648.0,13648.0,18105.0,107410.0,40158.0,Estimate
2002,1040,ACADEMY 20,El Paso,041,district,1155.6161,school_sum,,1155.6161,27.0,school_panel,,27.0,14187.0,14187.0,18658.0,108613.0,40641.0,Estimate
2003,1040,ACADEMY 20,El Paso,041,district,1156.655,school_sum,,1156.655,27.0,school_panel,,27.0,19083.0,19083.0,19083.0,108816.0,41161.0,Estimate
2004,1040,ACADEMY 20,El Paso,041,district,1195.9389,school_sum,,1195.9389,27.0,school_panel,,27.0,19825.0,19825.0,19825.0,109097.0,41287.0,Estimate
2005,1040,ACADEMY 20,El Paso,041,district,1247.4515,school_sum,,1247.4515,27.0,school_panel,,27.0,20517.0,20517.0,20517.0,109916.0,41927.0,Estimate
2006,1040,ACADEMY 20,El Paso,041,district,1274.7891,school_sum,,1274.7891,29.0,school_panel,,29.0,21204.0,21204.0,21204.0,112184.0,42786.0,Estimate
2007,1040,ACADEMY 20,El Paso,041,district,1302.1538,school_sum,,1302.1538,31.0,school_panel,,31.0,21423.0,21423.0,21423.0,113129.0,43010.0,Estimate
2008,1040,ACADEMY 20,El Paso,041,district,1050.8205,school_sum,,1050.8205,30.0,school_panel,,30.0,21917.0,21917.0,21917.0,114228.0,43523.0,Estimate
2009,1040,ACADEMY 20,El Paso,041,district,1364.3534,school_sum,,1364.3534,32.0,school_panel,,32.0,22620.0,22620.0,22620.0,115014.0,44033.0,Estimate
2010,1040,ACADEMY 20,El Paso,041,district,1412.418,published,1412.418,1402.021,32.0,school_panel,,32.0,23119.0,23119.0,23119.0,118126.0,45338.0,Estimate
2011,1040,ACADEMY 20,El Paso,041,district,1409.15,school_sum,,1409.15,32.0,school_panel,,32.0,23657.0,23657.0,23657.0,119598.0,45600.0,Estimate
2012,1040,ACADEMY 20,El Paso,041,district,1425.11,school_sum,,1425.11,32.0,school_panel,,32.0,23973.0,23973.0,23973.0,120351.0,45509.0,Estimate
2013,1040,ACADEMY 20,El Paso,041,district,1448.41,school_sum,,1448.41,32.0,school_panel,,32.0,24481.0,24481.0,24481.0,121102.0,45436.0,Estimate
2014,1040,ACADEMY 20,El Paso,041,district,1488.6382,school_sum,,1488.6382,35.0,school_panel,,35.0,24578.0,24578.0,24578.0,121088.0,45646.0,Estimate
2015,1040,ACADEMY 20,El Paso,041,district,1473.94,school_sum,,1473.94,36.0,school_panel,,36.0,25063.0,25063.0,25063.0,121758.0,46325.0,Estimate
2016,1040,ACADEMY 20,El Paso,041,district,1498.12,published,1498.12,1483.87,36.0,school_panel,,36.0,25591.0,25591.0,25591.0,123245.0,46640.0,Estimate
2017,1040,,El Paso,041,,,,,,36.0,school_panel,,36.0,25831.0,25831.0,25831.0,124204.0,46794.0,Estimate
2018,1040,ACADEMY 20,El Paso,041,district,1575.43,published,1575.43,1558.18,38.0,school_panel,,38.0,26178.0,26178.0,26178.0,125671.0,46924.0,Estimate
2019,1040,Academy 20,El Paso,041,district,1591.6,school_sum,,1591.6,40.0,school_panel,,40.0,26603.0,26603.0,26603.0,126199.0,46405.0,Estimate
2020,1040,,El Paso,041,,,,,,40.0,school_panel,,40.0,25711.0,25711.0,25711.0,126429.0,45943.0,Estimate
2021,1040,,El Paso,041,,,,,,41.0,school_panel,,41.0,26400.0,26400.0,26050.0,125361.0,45776.0,Estimate
2022,1040,Academy 20,El Paso,041,district,1631.3,school_sum,,1631.3,41.0,school_panel,,41.0,26607.0,26607.0,25719.0,123038.0,45644.0,Estimate
2023,1040,Academy 20,El Paso,041,district,1624.1,published,1624.1,1624.1,40.0,school_panel,,40.0,26607.0,26607.0,25674.0,122062.0,45404.0,Estimate
2024,1040,Academy 20,El Paso,041,district,1570.2,published,1570.2,1559.5,40.0,school_panel,,40.0,26569.0,26569.0,25607.0,119980.0,45275.0,Estimate
1990,1050,ELLICOTT 22,El Paso,041,district,32.3,published,32.3,,2.0,school_panel,2.0,2.0,469.0,,469.0,75651.0,34263.0,Estimate
1991,1050,ELLICOTT 22,El Paso,041,district,33.5,published,33.5,,2.0,school_panel,2.0,2.0,484.0,,484.0,77694.0,34423.0,Estimate
1992,1050,ELLICOTT 22,El Paso,041,district,34.9,published,34.9,,2.0,school_panel,2.0,2.0,530.0,,530.0,81347.0,35404.0,Estimate
1993,1050,ELLICOTT 22,El Paso,041,district,34.3,published,34.3,,2.0,school_panel,2.0,2.0,528.0,,528.0,84536.0,36141.0,Estimate
1994,1050,ELLICOTT 22,El Paso,041,district,35.4,published,35.4,,2.0,school_panel,2.0,2.0,604.0,,604.0,88733.0,37258.0,Estimate
1995,1050,ELLICOTT 22,El Paso,041,district,34.9,published,34.9,,2.0,school_panel,2.0,2.0,662.0,,662.0,91767.0,37836.0,Estimate
1996,1050,ELLICOTT 22,El Paso,041,district,40.4,published,40.4,,2.0,school_panel,2.0,2.0,658.0,,658.0,93669.0,37918.0,Estimate
1997,1050,ELLICOTT 22,El Paso,041,district,47.0,published,47.0,,2.0,school_panel,2.0,2.0,711.0,,711.0,96080.0,38183.0,Estimate
1998,1050,ELLICOTT 22,El Paso,041,district,59.8,published,59.8,,2.0,school_panel,2.0,2.0,794.0,,794.0,98790.0,38534.0,Estimate
1999,1050,ELLICOTT 22,El Paso,041,district,,,,,2.0,school_panel,2.0,2.0,876.0,,876.0,101436.0,38830.0,Estimate
2000,1050,ELLICOTT 22,El Paso,041,district,59.7786,school_sum,,59.7786,2.0,school_panel,,2.0,,,916.0,104146.0,39119.0,Estimate
2001,1050,ELLICOTT 22,El Paso,041,district,63.0366,school_sum,,63.0366,3.0,school_panel,,3.0,960.0,960.0,960.0,107410.0,40158.0,Estimate
2002,1050,ELLICOTT 22,El Paso,041,district,64.9723,school_sum,,64.9723,3.0,school_panel,,3.0,946.0,946.0,946.0,108613.0,40641.0,Estimate
2003,1050,ELLICOTT 22,El Paso,041,district,63.3477,school_sum,,63.3477,3.0,school_panel,,3.0,907.0,907.0,907.0,108816.0,41161.0,Estimate
2004,1050,ELLICOTT 22,El Paso,041,district,60.298,school_sum,,60.298,3.0,school_panel,,3.0,966.0,966.0,966.0,109097.0,41287.0,Estimate
2005,1050,ELLICOTT 22,El Paso,041,district,64.2291,school_sum,,64.2291,3.0,school_panel,,3.0,982.0,982.0,982.0,109916.0,41927.0,Estimate
2006,1050,ELLICOTT 22,El Paso,041,district,64.2535,school_sum,,64.2535,3.0,school_panel,,3.0,976.0,976.0,976.0,112184.0,42786.0,Estimate
2007,1050,ELLICOTT 22,El Paso,041,district,67.0141,school_sum,,67.0141,3.0,school_panel,,3.0,955.0,955.0,955.0,113129.0,43010.0,Estimate
2008,1050,ELLICOTT 22,El Paso,041,district,65.0707,school_sum,,65.0707,3.0,school_panel,,3.0,869.0,869.0,869.0,114228.0,43523.0,Estimate
2009,1050,ELLICOTT 22,El Paso,041,district,62.4033,school_sum,,62.4033,3.0,school_panel,,3.0,896.0,896.0,896.0,115014.0,44033.0,Estimate
2010,1050,ELLICOTT 22,El Paso,041,district,60.527,published,60.527,60.528,3.0,school_panel,,3.0,1003.0,1003.0,1003.0,118126.0,45338.0,Estimate
2011,1050,ELLICOTT 22,El Paso,041,district,27.86,school_sum,,27.86,3.0,school_panel,,3.0,1003.0,1003.0,1003.0,119598.0,45600.0,Estimate
2012,1050,ELLICOTT 22,El Paso,041,district,29.53,school_sum,,29.53,3.0,school_panel,,3.0,1027.0,1027.0,1027.0,120351.0,45509.0,Estimate
2013,1050,ELLICOTT 22,El Paso,041,district,63.63,school_sum,,63.63,3.0,school_panel,,3.0,955.0,955.0,955.0,121102.0,45436.0,Estimate
2014,1050,ELLICOTT 22,El Paso,041,district,72.9024,school_sum,,72.9024,3.0,school_panel,,3.0,1072.0,1072.0,1072.0,121088.0,45646.0,Estimate
2015,1050,ELLICOTT 22,El Paso,041,district,76.33,school_sum,,76.33,3.0,school_panel,,3.0,1050.0,1050.0,1050.0,121758.0,46325.0,Estimate
2016,1050,ELLICOTT 22,El Paso,041,district,73.73,published,73.73,74.39,3.0,school_panel,,3.0,1043.0,1043.0,1043.0,123245.0,46640.0,Estimate
2017,1050,,El Paso,041,,,,,,3.0,school_panel,,3.0,1055.0,1055.0,1055.0,124204.0,46794.0,Estimate
2018,1050,ELLICOTT 22,El Paso,041,district,71.08,published,71.08,71.09,3.0,school_panel,,3.0,1116.0,1116.0,1116.0,125671.0,46924.0,Estimate
2019,1050,Ellicott 22,El Paso,041,district,70.8,school_sum,,70.8,3.0,school_panel,,3.0,1142.0,1142.0,1142.0,126199.0,46405.0,Estimate
2020,1050,,El Paso,041,,,,,,3.0,school_panel,,3.0,1021.0,1021.0,1021.0,126429.0,45943.0,Estimate
2021,1050,,El Paso,041,,,,,,3.0,school_panel,,3.0,1002.0,1002.0,1001.0,125361.0,45776.0,Estimate
2022,1050,Ellicott 22,El Paso,041,district,67.6,published,67.6,67.6,3.0,school_panel,,3.0,982.0,982.0,981.0,123038.0,45644.0,Estimate
2023,1050,Ellicott 22,El Paso,041,district,64.4,published,64.4,64.4,3.0,school_panel,,3.0,990.0,990.0,990.0,122062.0,45404.0,Estimate
2024,1050,Ellicott 22,El Paso,041,district,71.1,published,71.1,71.1,3.0,school_panel,,3.0,1009.0,1009.0,1009.0,119980.0,45275.0,Estimate
1990,1060,PEYTON 23 JT,El Paso,041,district,21.0,published,21.0,,3.0,school_panel,3.0,3.0,320.0,,320.0,75651.0,34263.0,Estimate
1991,1060,PEYTON 23 JT,El Paso,041,district,22.0,published,22.0,,3.0,school_panel,3.0,3.0,316.0,,316.0,77694.0,34423.0,Estimate
1992,1060,PEYTON 23 JT,El Paso,041,district,23.0,published,23.0,,3.0,school_panel,3.0,3.0,348.0,,348.0,81347.0,35404.0,Estimate
1993,1060,PEYTON 23 JT,El Paso,041,district,23.0,published,23.0,,3.0,school_panel,3.0,3.0,352.0,,352.0,84536.0,36141.0,Estimate
1994,1060,PEYTON 23 JT,El Paso,041,district,25.0,published,25.0,,3.0,school_panel,3.0,3.0,396.0,,396.0,88733.0,37258.0,Estimate
1995,1060,PEYTON 23 JT,El Paso,041,district,27.8,published,27.8,,3.0,school_panel,3.0,3.0,467.0,,467.0,91767.0,37836.0,Estimate
1996,1060,PEYTON 23 JT,El Paso,041,district,35.5,published,35.5,,3.0,school_panel,3.0,3.0,543.0,,543.0,93669.0,37918.0,Estimate
1997,1060,PEYTON 23 JT,El Paso,041,district,36.0,published,36.0,,3.0,school_panel,3.0,3.0,619.0,,619.0,96080.0,38183.0,Estimate
1998,1060,PEYTON 23 JT,El Paso,041,district,40.0,published,40.0,,3.0,school_panel,3.0,3.0,687.0,,687.0,98790.0,38534.0,Estimate
1999,1060,PEYTON 23 JT,El Paso,041,district,,,,,3.0,school_panel,3.0,3.0,665.0,,665.0,101436.0,38830.0,Estimate
2000,1060,PEYTON 23 JT,El Paso,041,district,49.0192,school_sum,,49.0192,3.0,school_panel,,3.0,,,711.0,104146.0,39119.0,Estimate
2001,1060,PEYTON 23 JT,El Paso,041,district,49.9551,school_sum,,49.9551,3.0,school_panel,,3.0,716.0,716.0,716.0,107410.0,40158.0,Estimate
2002,1060,PEYTON 23 JT,El Paso,041,district,52.9423,school_sum,,52.9423,3.0,school_panel,,3.0,685.0,685.0,685.0,108613.0,40641.0,Estimate
2003,1060,PEYTON 23 JT,El Paso,041,district,42.6091,school_sum,,42.6091,3.0,school_panel,,3.0,693.0,693.0,693.0,108816.0,41161.0,Estimate
2004,1060,PEYTON 23 JT,El Paso,041,district,49.0,school_sum,,49.0,3.0,school_panel,,3.0,629.0,629.0,629.0,109097.0,41287.0,Estimate
2005,1060,PEYTON 23 JT,El Paso,041,district,43.0,school_sum,,43.0,3.0,school_panel,,3.0,677.0,677.0,677.0,109916.0,41927.0,Estimate
2006,1060,PEYTON 23 JT,El Paso,041,district,42.6731,school_sum,,42.6731,3.0,school_panel,,3.0,680.0,680.0,680.0,112184.0,42786.0,Estimate
2007,1060,PEYTON 23 JT,El Paso,041,district,45.6731,school_sum,,45.6731,3.0,school_panel,,3.0,689.0,689.0,689.0,113129.0,43010.0,Estimate
2008,1060,PEYTON 23 JT,El Paso,041,district,44.667,school_sum,,44.667,3.0,school_panel,,3.0,652.0,652.0,652.0,114228.0,43523.0,Estimate
2009,1060,PEYTON 23 JT,El Paso,041,district,41.5774,school_sum,,41.5774,2.0,school_panel,,2.0,694.0,694.0,694.0,115014.0,44033.0,Estimate
2010,1060,PEYTON 23 JT,El Paso,041,district,42.949,published,42.949,42.949,2.0,school_panel,,2.0,694.0,694.0,694.0,118126.0,45338.0,Estimate
2011,1060,PEYTON 23 JT,El Paso,041,district,40.96,school_sum,,40.96,2.0,school_panel,,2.0,654.0,654.0,654.0,119598.0,45600.0,Estimate
2012,1060,PEYTON 23 JT,El Paso,041,district,39.79,school_sum,,39.79,3.0,school_panel,,3.0,656.0,656.0,656.0,120351.0,45509.0,Estimate
2013,1060,PEYTON 23 JT,El Paso,041,district,38.74,school_sum,,38.74,3.0,school_panel,,3.0,606.0,606.0,606.0,121102.0,45436.0,Estimate
2014,1060,PEYTON 23 JT,El Paso,041,district,46.622,school_sum,,46.622,4.0,school_panel,,4.0,622.0,622.0,622.0,121088.0,45646.0,Estimate
2015,1060,PEYTON 23 JT,El Paso,041,district,43.11,school_sum,,43.11,4.0,school_panel,,4.0,664.0,664.0,664.0,121758.0,46325.0,Estimate
2016,1060,PEYTON 23 JT,El Paso,041,district,47.68,published,47.68,47.68,5.0,school_panel,,5.0,652.0,652.0,652.0,123245.0,46640.0,Estimate
2017,1060,,El Paso,041,,,,,,4.0,school_panel,,4.0,624.0,624.0,624.0,124204.0,46794.0,Estimate
2018,1060,PEYTON 23 JT,El Paso,041,district,43.89,published,43.89,43.89,4.0,school_panel,,4.0,593.0,593.0,593.0,125671.0,46924.0,Estimate
2019,1060,Peyton 23 Jt,El Paso,041,district,42.5,school_sum,,42.5,4.0,school_panel,,4.0,626.0,626.0,626.0,126199.0,46405.0,Estimate
2020,1060,,El Paso,041,,,,,,5.0,school_panel,,5.0,611.0,611.0,611.0,126429.0,45943.0,Estimate
2021,1060,,El Paso,041,,,,,,5.0,school_panel,,5.0,614.0,614.0,609.0,125361.0,45776.0,Estimate
2022,1060,Peyton 23 Jt,El Paso,041,district,46.4,published,46.4,46.5,5.0,school_panel,,5.0,620.0,620.0,600.0,123038.0,45644.0,Estimate
2023,1060,Peyton 23 Jt,El Paso,041,district,42.6,published,42.6,42.6,4.0,school_panel,,4.0,605.0,605.0,605.0,122062.0,45404.0,Estimate
2024,1060,Peyton 23 Jt,El Paso,041,district,41.8,published,41.8,41.3,4.0,school_panel,,4.0,599.0,599.0,596.0,119980.0,45275.0,Estimate
1990,1070,HANOVER 28,El Paso,041,district,5.0,published,5.0,,2.0,school_panel,2.0,2.0,63.0,,63.0,75651.0,34263.0,Estimate
1991,1070,HANOVER 28,El Paso,041,district,6.0,published,6.0,,2.0,school_panel,2.0,2.0,78.0,,78.0,77694.0,34423.0,Estimate
1992,1070,HANOVER 28,El Paso,041,district,7.0,published,7.0,,2.0,school_panel,2.0,2.0,84.0,,84.0,81347.0,35404.0,Estimate
1993,1070,HANOVER 28,El Paso,041,district,9.0,published,9.0,,2.0,school_panel,2.0,2.0,104.0,,104.0,84536.0,36141.0,Estimate
1994,1070,HANOVER 28,El Paso,041,district,9.0,published,9.0,,2.0,school_panel,2.0,2.0,130.0,,130.0,88733.0,37258.0,Estimate
1995,1070,HANOVER 28,El Paso,041,district,10.0,published,10.0,,2.0,school_panel,2.0,2.0,149.0,,149.0,91767.0,37836.0,Estimate
1996,1070,HANOVER 28,El Paso,041,district,15.0,published,15.0,,2.0,school_panel,2.0,2.0,157.0,,157.0,93669.0,37918.0,Estimate
1997,1070,HANOVER 28,El Paso,041,district,16.0,published,16.0,,2.0,school_panel,2.0,2.0,173.0,,173.0,96080.0,38183.0,Estimate
1998,1070,HANOVER 28,El Paso,041,district,18.0,published,18.0,,2.0,school_panel,2.0,2.0,194.0,,194.0,98790.0,38534.0,Estimate
1999,1070,HANOVER 28,El Paso,041,district,,,,,2.0,school_panel,2.0,2.0,209.0,,209.0,101436.0,38830.0,Estimate
2000,1070,HANOVER 28,El Paso,041,district,22.4967,school_sum,,22.4967,2.0,school_panel,,2.0,,,281.0,104146.0,39119.0,Estimate
2001,1070,HANOVER 28,El Paso,041,district,28.2483,school_sum,,28.2483,2.0,school_panel,,2.0,182.0,182.0,334.0,107410.0,40158.0,Estimate
2002,1070,HANOVER 28,El Paso,041,district,31.25,school_sum,,31.25,2.0,school_panel,,2.0,179.0,179.0,332.0,108613.0,40641.0,Estimate
2003,1070,HANOVER 28,El Paso,041,district,30.5,school_sum,,30.5,2.0,school_panel,,2.0,315.0,315.0,315.0,108816.0,41161.0,Estimate
2004,1070,HANOVER 28,El Paso,041,district,25.0,school_sum,,25.0,2.0,school_panel,,2.0,305.0,305.0,305.0,109097.0,41287.0,Estimate
2005,1070,HANOVER 28,El Paso,041,district,25.085,school_sum,,25.085,2.0,school_panel,,2.0,301.0,301.0,301.0,109916.0,41927.0,Estimate
2006,1070,HANOVER 28,El Paso,041,district,24.085,school_sum,,24.085,2.0,school_panel,,2.0,301.0,301.0,301.0,112184.0,42786.0,Estimate
2007,1070,HANOVER 28,El Paso,041,district,28.5357,school_sum,,28.5357,3.0,school_panel,,3.0,301.0,301.0,301.0,113129.0,43010.0,Estimate
2008,1070,HANOVER 28,El Paso,041,district,26.5465,school_sum,,26.5465,3.0,school_panel,,3.0,263.0,263.0,263.0,114228.0,43523.0,Estimate
2009,1070,HANOVER 28,El Paso,041,district,25.085,school_sum,,25.085,3.0,school_panel,,3.0,266.0,266.0,266.0,115014.0,44033.0,Estimate
2010,1070,HANOVER 28,El Paso,041,district,19.904,published,19.904,19.903,2.0,school_panel,,2.0,223.0,223.0,223.0,118126.0,45338.0,Estimate
2011,1070,HANOVER 28,El Paso,041,district,17.6,school_sum,,17.6,2.0,school_panel,,2.0,208.0,208.0,208.0,119598.0,45600.0,Estimate
2012,1070,HANOVER 28,El Paso,041,district,6.64,school_sum,,6.64,2.0,school_panel,,2.0,227.0,227.0,227.0,120351.0,45509.0,Estimate
2013,1070,HANOVER 28,El Paso,041,district,18.58,school_sum,,18.58,2.0,school_panel,,2.0,251.0,251.0,251.0,121102.0,45436.0,Estimate
2014,1070,HANOVER 28,El Paso,041,district,19.0,school_sum,,19.0,2.0,school_panel,,2.0,260.0,260.0,260.0,121088.0,45646.0,Estimate
2015,1070,HANOVER 28,El Paso,041,district,20.63,school_sum,,20.63,2.0,school_panel,,2.0,259.0,259.0,259.0,121758.0,46325.0,Estimate
2016,1070,HANOVER 28,El Paso,041,district,18.0,published,18.0,19.27,2.0,school_panel,,2.0,270.0,270.0,270.0,123245.0,46640.0,Estimate
2017,1070,,El Paso,041,,,,,,3.0,school_panel,,3.0,275.0,275.0,275.0,124204.0,46794.0,Estimate
2018,1070,HANOVER 28,El Paso,041,district,18.87,published,18.87,19.23,3.0,school_panel,,3.0,248.0,248.0,248.0,125671.0,46924.0,Estimate
2019,1070,Hanover 28,El Paso,041,district,18.8,school_sum,,18.8,3.0,school_panel,,3.0,258.0,258.0,258.0,126199.0,46405.0,Estimate
2020,1070,,El Paso,041,,,,,,3.0,school_panel,,3.0,263.0,263.0,263.0,126429.0,45943.0,Estimate
2021,1070,,El Paso,041,,,,,,2.0,school_panel,,2.0,283.0,283.0,283.0,125361.0,45776.0,Estimate
2022,1070,Hanover 28,El Paso,041,district,18.0,published,18.0,18.0,2.0,school_panel,,2.0,289.0,289.0,287.0,123038.0,45644.0,Estimate
2023,1070,Hanover 28,El Paso,041,district,20.9,published,20.9,20.9,2.0,school_panel,,2.0,271.0,271.0,271.0,122062.0,45404.0,Estimate
2024,1070,Hanover 28,El Paso,041,district,19.6,published,19.6,19.6,2.0,school_panel,,2.0,264.0,264.0,264.0,119980.0,45275.0,Estimate
1990,1080,LEWIS-PALMER 38,El Paso,041,district,118.0,published,118.0,,5.0,school_panel,5.0,5.0,2417.0,,2417.0,75651.0,34263.0,Estimate
1991,1080,LEWIS-PALMER 38,El Paso,041,district,119.7,published,119.7,,5.0,school_panel,5.0,5.0,2609.0,,2609.0,77694.0,34423.0,Estimate
1992,1080,LEWIS-PALMER 38,El Paso,041,district,129.5,published,129.5,,5.0,school_panel,5.0,5.0,2820.0,,2820.0,81347.0,35404.0,Estimate
1993,1080,LEWIS-PALMER 38,El Paso,041,district,142.3,published,142.3,,5.0,school_panel,5.0,5.0,3086.0,,3086.0,84536.0,36141.0,Estimate
1994,1080,LEWIS-PALMER 38,El Paso,041,district,158.3,published,158.3,,5.0,school_panel,5.0,5.0,3375.0,,3375.0,88733.0,37258.0,Estimate
1995,1080,LEWIS-PALMER 38,El Paso,041,district,169.6,published,169.6,,6.0,school_panel,6.0,6.0,3515.0,,3515.0,91767.0,37836.0,Estimate
1996,1080,LEWIS-PALMER 38,El Paso,041,district,177.2,published,177.2,,7.0,school_panel,7.0,7.0,3787.0,,3787.0,93669.0,37918.0,Estimate
1997,1080,LEWIS-PALMER 38,El Paso,041,district,189.6,published,189.6,,7.0,school_panel,7.0,7.0,3948.0,,3948.0,96080.0,38183.0,Estimate
1998,1080,LEWIS-PALMER 38,El Paso,041,district,204.2,published,204.2,,7.0,school_panel,7.0,7.0,4105.0,,4105.0,98790.0,38534.0,Estimate
1999,1080,LEWIS-PALMER 38,El Paso,041,district,,,,,7.0,school_panel,7.0,7.0,4333.0,,4333.0,101436.0,38830.0,Estimate
2000,1080,LEWIS-PALMER 38,El Paso,041,district,243.5057,school_sum,,243.5057,7.0,school_panel,,7.0,,,4610.0,104146.0,39119.0,Estimate
2001,1080,LEWIS-PALMER 38,El Paso,041,district,269.7166,school_sum,,269.7166,9.0,school_panel,,9.0,3687.0,3687.0,4883.0,107410.0,40158.0,Estimate
2002,1080,LEWIS-PALMER 38,El Paso,041,district,280.2418,school_sum,,280.2418,9.0,school_panel,,9.0,3961.0,3961.0,5179.0,108613.0,40641.0,Estimate
2003,1080,LEWIS-PALMER 38,El Paso,041,district,327.517,school_sum,,327.517,9.0,school_panel,,9.0,5370.0,5370.0,5370.0,108816.0,41161.0,Estimate
2004,1080,LEWIS-PALMER 38,El Paso,041,district,335.193,school_sum,,335.193,9.0,school_panel,,9.0,5610.0,5610.0,5610.0,109097.0,41287.0,Estimate
2005,1080,LEWIS-PALMER 38,El Paso,041,district,364.9583,school_sum,,364.9583,9.0,school_panel,,9.0,5842.0,5842.0,5842.0,109916.0,41927.0,Estimate
2006,1080,LEWIS-PALMER 38,El Paso,041,district,387.9851,school_sum,,387.9851,9.0,school_panel,,9.0,5977.0,5977.0,5977.0,112184.0,42786.0,Estimate
2007,1080,LEWIS-PALMER 38,El Paso,041,district,410.9795,school_sum,,410.9795,9.0,school_panel,,9.0,5865.0,5865.0,5865.0,113129.0,43010.0,Estimate
2008,1080,LEWIS-PALMER 38,El Paso,041,district,330.1981,school_sum,,330.1981,10.0,school_panel,,10.0,5817.0,5817.0,5817.0,114228.0,43523.0,Estimate
2009,1080,LEWIS-PALMER 38,El Paso,041,district,322.8917,school_sum,,322.8917,10.0,school_panel,,10.0,5950.0,5950.0,5950.0,115014.0,44033.0,Estimate
2010,1080,LEWIS-PALMER 38,El Paso,041,district,299.357,published,299.357,299.358,9.0,school_panel,,9.0,5977.0,5977.0,5977.0,118126.0,45338.0,Estimate
2011,1080,LEWIS-PALMER 38,El Paso,041,district,307.11,school_sum,,307.11,9.0,school_panel,,9.0,6076.0,6076.0,6076.0,119598.0,45600.0,Estimate
2012,1080,LEWIS-PALMER 38,El Paso,041,district,314.32,school_sum,,314.32,9.0,school_panel,,9.0,6153.0,6153.0,6153.0,120351.0,45509.0,Estimate
2013,1080,LEWIS-PALMER 38,El Paso,041,district,349.7,school_sum,,349.7,9.0,school_panel,,9.0,6275.0,6275.0,6275.0,121102.0,45436.0,Estimate
2014,1080,LEWIS-PALMER 38,El Paso,041,district,348.4749,school_sum,,348.4749,9.0,school_panel,,9.0,6207.0,6207.0,6207.0,121088.0,45646.0,Estimate
2015,1080,LEWIS-PALMER 38,El Paso,041,district,353.36,school_sum,,353.36,9.0,school_panel,,9.0,6343.0,6343.0,6343.0,121758.0,46325.0,Estimate
2016,1080,LEWIS-PALMER 38,El Paso,041,district,346.59,published,346.59,346.61,9.0,school_panel,,9.0,6577.0,6577.0,6577.0,123245.0,46640.0,Estimate
2017,1080,,El Paso,041,,,,,,9.0,school_panel,,9.0,6703.0,6703.0,6703.0,124204.0,46794.0,Estimate
2018,1080,LEWIS-PALMER 38,El Paso,041,district,368.68,published,368.68,368.69,9.0,school_panel,,9.0,6895.0,6895.0,6895.0,125671.0,46924.0,Estimate
2019,1080,Lewis-Palmer 38,El Paso,041,district,383.8,school_sum,,383.8,9.0,school_panel,,9.0,6756.0,6756.0,6756.0,126199.0,46405.0,Estimate
2020,1080,,El Paso,041,,,,,,10.0,school_panel,,10.0,6494.0,6494.0,6494.0,126429.0,45943.0,Estimate
2021,1080,,El Paso,041,,,,,,10.0,school_panel,,10.0,6637.0,6637.0,6526.0,125361.0,45776.0,Estimate
2022,1080,Lewis-Palmer 38,El Paso,041,district,376.3,school_sum,,376.3,10.0,school_panel,,10.0,6648.0,6648.0,6496.0,123038.0,45644.0,Estimate
2023,1080,Lewis-Palmer 38,El Paso,041,district,368.8,published,368.8,368.8,10.0,school_panel,,10.0,6545.0,6545.0,6405.0,122062.0,45404.0,Estimate
2024,1080,Lewis-Palmer 38,El Paso,041,district,369.6,published,369.6,361.7,10.0,school_panel,,10.0,6534.0,6534.0,6332.0,119980.0,45275.0,Estimate
1990,1110,FALCON 49,El Paso,041,district,138.5,published,138.5,,6.0,school_panel,6.0,6.0,2488.0,,2488.0,75651.0,34263.0,Estimate
1991,1110,FALCON 49,El Paso,041,district,141.4,published,141.4,,7.0,school_panel,8.0,7.0,2587.0,,2587.0,77694.0,34423.0,Estimate
1992,1110,FALCON 49,El Paso,041,district,141.8,published,141.8,,7.0,school_panel,6.0,7.0,2682.0,,2682.0,81347.0,35404.0,Estimate
1993,1110,FALCON 49,El Paso,041,district,151.8,published,151.8,,7.0,school_panel,6.0,7.0,2879.0,,2879.0,84536.0,36141.0,Estimate
1994,1110,FALCON 49,El Paso,041,district,181.7,published,181.7,,7.0,school_panel,6.0,7.0,3269.0,,3269.0,88733.0,37258.0,Estimate
1995,1110,FALCON 49,El Paso,041,district,203.0,published,203.0,,7.0,school_panel,6.0,7.0,3621.0,,3621.0,91767.0,37836.0,Estimate
1996,1110,FALCON 49,El Paso,041,district,232.5,published,232.5,,8.0,school_panel,7.0,8.0,3998.0,,3998.0,93669.0,37918.0,Estimate
1997,1110,FALCON 49,El Paso,041,district,253.7,published,253.7,,9.0,school_panel,8.0,9.0,4563.0,,4563.0,96080.0,38183.0,Estimate
1998,1110,FALCON 49,El Paso,041,district,286.4,published,286.4,,9.0,school_panel,9.0,9.0,5089.0,,5089.0,98790.0,38534.0,Estimate
1999,1110,FALCON 49,El Paso,041,district,,,,,10.0,school_panel,10.0,10.0,5457.0,,5457.0,101436.0,38830.0,Estimate
2000,1110,FALCON 49,El Paso,041,district,337.5571,school_sum,,337.5571,11.0,school_panel,,11.0,,,6026.0,104146.0,39119.0,Estimate
2001,1110,FALCON 49,El Paso,041,district,395.672,school_sum,,395.672,11.0,school_panel,,11.0,6242.0,6242.0,6915.0,107410.0,40158.0,Estimate
2002,1110,FALCON 49,El Paso,041,district,467.278,school_sum,,467.278,13.0,school_panel,,13.0,7084.0,7084.0,7852.0,108613.0,40641.0,Estimate
2003,1110,FALCON 49,El Paso,041,district,497.5136,school_sum,,497.5136,12.0,school_panel,,12.0,8660.0,8660.0,8660.0,108816.0,41161.0,Estimate
2004,1110,FALCON 49,El Paso,041,district,540.0021,school_sum,,540.0021,14.0,school_panel,,14.0,10072.0,10072.0,10072.0,109097.0,41287.0,Estimate
2005,1110,FALCON 49,El Paso,041,district,584.4476,school_sum,,584.4476,14.0,school_panel,,14.0,10680.0,10680.0,10680.0,109916.0,41927.0,Estimate
2006,1110,FALCON 49,El Paso,041,district,664.2555,school_sum,,664.2555,17.0,school_panel,,17.0,12256.0,12256.0,12256.0,112184.0,42786.0,Estimate
2007,1110,FALCON 49,El Paso,041,district,735.0617,school_sum,,735.0617,17.0,school_panel,,17.0,12783.0,12783.0,12783.0,113129.0,43010.0,Estimate
2008,1110,FALCON 49,El Paso,041,district,786.3675,school_sum,,786.3675,20.0,school_panel,,20.0,13616.0,13616.0,13616.0,114228.0,43523.0,Estimate
2009,1110,FALCON 49,El Paso,041,district,842.9312,school_sum,,842.9312,20.0,school_panel,,20.0,14398.0,14398.0,14398.0,115014.0,44033.0,Estimate
2010,1110,FALCON 49,El Paso,041,district,817.245,published,817.245,811.946,21.0,school_panel,,21.0,14708.0,14708.0,14708.0,118126.0,45338.0,Estimate
2011,1110,FALCON 49,El Paso,041,district,778.27,school_sum,,778.27,21.0,school_panel,,21.0,15063.0,15063.0,15063.0,119598.0,45600.0,Estimate
2012,1110,FALCON 49,El Paso,041,district,814.36,school_sum,,814.36,21.0,school_panel,,21.0,15478.0,15478.0,15478.0,120351.0,45509.0,Estimate
2013,1110,FALCON 49,El Paso,041,district,913.01,school_sum,,913.01,22.0,school_panel,,22.0,18880.0,18880.0,18880.0,121102.0,45436.0,Estimate
2014,1110,FALCON 49,El Paso,041,district,919.8168,school_sum,,919.8168,22.0,school_panel,,22.0,19552.0,19552.0,19552.0,121088.0,45646.0,Estimate
2015,1110,FALCON 49,El Paso,041,district,932.57,school_sum,,932.57,22.0,school_panel,,22.0,20561.0,20561.0,20561.0,121758.0,46325.0,Estimate
2016,1110,FALCON 49,El Paso,041,district,1037.85,published,1037.85,1037.32,24.0,school_panel,,24.0,20834.0,20834.0,20834.0,123245.0,46640.0,Estimate
2017,1110,,El Paso,041,,,,,,25.0,school_panel,,25.0,21448.0,21448.0,21448.0,124204.0,46794.0,Estimate
2018,1110,DISTRICT 49,El Paso,041,district,1133.61,published,1133.61,1121.59,27.0,school_panel,,27.0,22397.0,22397.0,22397.0,125671.0,46924.0,Estimate
2019,1110,District 49,El Paso,041,district,1187.9,school_sum,,1187.9,30.0,school_panel,,30.0,23890.0,23890.0,23890.0,126199.0,46405.0,Estimate
2020,1110,,El Paso,041,,,,,,31.0,school_panel,,31.0,23984.0,23984.0,23984.0,126429.0,45943.0,Estimate
2021,1110,,El Paso,041,,,,,,33.0,school_panel,,33.0,24767.0,24767.0,24765.0,125361.0,45776.0,Estimate
2022,1110,District 49,El Paso,041,district,1261.9,published,1261.9,1256.8,34.0,school_panel,,34.0,25616.0,25616.0,24515.0,123038.0,45644.0,Estimate
2023,1110,District 49,El Paso,041,district,1351.0,published,1351.0,1351.0,32.0,school_panel,,32.0,25799.0,25799.0,24867.0,122062.0,45404.0,Estimate
2024,1110,District 49,El Paso,041,district,1382.1,published,1382.1,1370.4,33.0,school_panel,,33.0,26649.0,26649.0,25689.0,119980.0,45275.0,Estimate
1990,1120,EDISON 54 JT,El Paso,041,district,5.0,published,5.0,,2.0,school_panel,2.0,2.0,33.0,,33.0,75651.0,34263.0,Estimate
1991,1120,EDISON 54 JT,El Paso,041,district,3.0,published,3.0,,2.0,school_panel,2.0,2.0,32.0,,32.0,77694.0,34423.0,Estimate
1992,1120,EDISON 54 JT,El Paso,041,district,4.0,published,4.0,,2.0,school_panel,2.0,2.0,33.0,,33.0,81347.0,35404.0,Estimate
1993,1120,EDISON 54 JT,El Paso,041,district,4.3,published,4.3,,2.0,school_panel,2.0,2.0,35.0,,35.0,84536.0,36141.0,Estimate
1994,1120,EDISON 54 JT,El Paso,041,district,5.0,published,5.0,,2.0,school_panel,2.0,2.0,36.0,,36.0,88733.0,37258.0,Estimate
1995,1120,EDISON 54 JT,El Paso,041,district,5.0,published,5.0,,2.0,school_panel,2.0,2.0,49.0,,49.0,91767.0,37836.0,Estimate
1996,1120,EDISON 54 JT,El Paso,041,district,6.0,published,6.0,,2.0,school_panel,2.0,2.0,47.0,,47.0,93669.0,37918.0,Estimate
1997,1120,EDISON 54 JT,El Paso,041,district,6.0,published,6.0,,2.0,school_panel,2.0,2.0,54.0,,54.0,96080.0,38183.0,Estimate
1998,1120,EDISON 54 JT,El Paso,041,district,7.3,published,7.3,,2.0,school_panel,2.0,2.0,65.0,,65.0,98790.0,38534.0,Estimate
1999,1120,EDISON 54 JT,El Paso,041,district,,,,,2.0,school_panel,2.0,2.0,82.0,,82.0,101436.0,38830.0,Estimate
2000,1120,EDISON 54 JT,El Paso,041,district,10.08,school_sum,,10.08,2.0,school_panel,,2.0,,,86.0,104146.0,39119.0,Estimate
2001,1120,EDISON 54 JT,El Paso,041,district,11.0353,school_sum,,11.0353,2.0,school_panel,,2.0,,,94.0,107410.0,40158.0,Estimate
2002,1120,EDISON 54 JT,El Paso,041,district,11.5298,school_sum,,11.5298,3.0,school_panel,,3.0,8.0,8.0,101.0,108613.0,40641.0,Estimate
2003,1120,EDISON 54 JT,El Paso,041,district,10.4669,school_sum,,10.4669,3.0,school_panel,,3.0,119.0,119.0,119.0,108816.0,41161.0,Estimate
2004,1120,EDISON 54 JT,El Paso,041,district,10.6276,school_sum,,10.6276,3.0,school_panel,,3.0,129.0,129.0,129.0,109097.0,41287.0,Estimate
2005,1120,EDISON 54 JT,El Paso,041,district,9.9988,school_sum,,9.9988,3.0,school_panel,,3.0,161.0,161.0,161.0,109916.0,41927.0,Estimate
2006,1120,EDISON 54 JT,El Paso,041,district,10.7669,school_sum,,10.7669,3.0,school_panel,,3.0,155.0,155.0,155.0,112184.0,42786.0,Estimate
2007,1120,EDISON 54 JT,El Paso,041,district,12.1429,school_sum,,12.1429,3.0,school_panel,,3.0,165.0,165.0,165.0,113129.0,43010.0,Estimate
2008,1120,EDISON 54 JT,El Paso,041,district,11.7416,school_sum,,11.7416,3.0,school_panel,,3.0,199.0,199.0,199.0,114228.0,43523.0,Estimate
2009,1120,EDISON 54 JT,El Paso,041,district,12.5297,school_sum,,12.5297,3.0,school_panel,,3.0,305.0,305.0,305.0,115014.0,44033.0,Estimate
2010,1120,EDISON 54 JT,El Paso,041,district,14.098,published,14.098,14.099,3.0,school_panel,,3.0,214.0,214.0,214.0,118126.0,45338.0,Estimate
2011,1120,EDISON 54 JT,El Paso,041,district,6.91,school_sum,,6.91,3.0,school_panel,,3.0,190.0,190.0,190.0,119598.0,45600.0,Estimate
2012,1120,EDISON 54 JT,El Paso,041,district,11.99,school_sum,,11.99,3.0,school_panel,,3.0,185.0,185.0,185.0,120351.0,45509.0,Estimate
2013,1120,EDISON 54 JT,El Paso,041,district,11.29,school_sum,,11.29,3.0,school_panel,,3.0,191.0,191.0,191.0,121102.0,45436.0,Estimate
2014,1120,EDISON 54 JT,El Paso,041,district,11.9559,school_sum,,11.9559,3.0,school_panel,,3.0,217.0,217.0,217.0,121088.0,45646.0,Estimate
2015,1120,EDISON 54 JT,El Paso,041,district,12.1,school_sum,,12.1,4.0,school_panel,,4.0,216.0,216.0,216.0,121758.0,46325.0,Estimate
2016,1120,EDISON 54 JT,El Paso,041,district,13.93,published,13.93,13.94,4.0,school_panel,,4.0,231.0,231.0,231.0,123245.0,46640.0,Estimate
2017,1120,,El Paso,041,,,,,,3.0,school_panel,,3.0,228.0,228.0,228.0,124204.0,46794.0,Estimate
2018,1120,EDISON 54 JT,El Paso,041,district,14.36,published,14.36,14.36,3.0,school_panel,,3.0,232.0,232.0,232.0,125671.0,46924.0,Estimate
2019,1120,Edison 54 JT,El Paso,041,district,15.9,school_sum,,15.9,3.0,school_panel,,3.0,243.0,243.0,243.0,126199.0,46405.0,Estimate
2020,1120,,El Paso,041,,,,,,3.0,school_panel,,3.0,191.0,191.0,191.0,126429.0,45943.0,Estimate
2021,1120,,El Paso,041,,,,,,3.0,school_panel,,3.0,137.0,137.0,112.0,125361.0,45776.0,Estimate
2022,1120,Edison 54 JT,El Paso,041,district,10.5,published,10.5,10.5,3.0,school_panel,,3.0,94.0,94.0,73.0,123038.0,45644.0,Estimate
2023,1120,Edison 54 JT,El Paso,041,district,8.5,published,8.5,8.5,3.0,school_panel,,3.0,42.0,74.0,46.0,122062.0,45404.0,Estimate
2024,1120,Edison 54 JT,El Paso,041,district,8.0,published,8.0,8.1,3.0,school_panel,,3.0,88.0,88.0,56.0,119980.0,45275.0,Estimate
1990,1130,MIAMI/YODER 60 JT,El Paso,041,district,13.4,published,13.4,,2.0,school_panel,2.0,2.0,184.0,,184.0,75651.0,34263.0,Estimate
1991,1130,MIAMI/YODER 60 JT,El Paso,041,district,15.0,published,15.0,,2.0,school_panel,2.0,2.0,172.0,,172.0,77694.0,34423.0,Estimate
1992,1130,MIAMI/YODER 60 JT,El Paso,041,district,15.0,published,15.0,,2.0,school_panel,2.0,2.0,207.0,,207.0,81347.0,35404.0,Estimate
1993,1130,MIAMI/YODER 60 JT,El Paso,041,district,15.0,published,15.0,,2.0,school_panel,2.0,2.0,209.0,,209.0,84536.0,36141.0,Estimate
1994,1130,MIAMI/YODER 60 JT,El Paso,041,district,14.0,published,14.0,,2.0,school_panel,2.0,2.0,234.0,,234.0,88733.0,37258.0,Estimate
1995,1130,MIAMI/YODER 60 JT,El Paso,041,district,15.0,published,15.0,,2.0,school_panel,2.0,2.0,245.0,,245.0,91767.0,37836.0,Estimate
1996,1130,MIAMI/YODER 60 JT,El Paso,041,district,17.0,published,17.0,,2.0,school_panel,2.0,2.0,287.0,,287.0,93669.0,37918.0,Estimate
1997,1130,MIAMI/YODER 60 JT,El Paso,041,district,24.7,published,24.7,,2.0,school_panel,2.0,2.0,327.0,,327.0,96080.0,38183.0,Estimate
1998,1130,MIAMI/YODER 60 JT,El Paso,041,district,24.4,published,24.4,,2.0,school_panel,2.0,2.0,324.0,,324.0,98790.0,38534.0,Estimate
1999,1130,MIAMI/YODER 60 JT,El Paso,041,district,,,,,2.0,school_panel,2.0,2.0,340.0,,340.0,101436.0,38830.0,Estimate
2000,1130,MIAMI/YODER 60 JT,El Paso,041,district,27.5959,school_sum,,27.5959,2.0,school_panel,,2.0,,,357.0,104146.0,39119.0,Estimate
2001,1130,MIAMI/YODER 60 JT,El Paso,041,district,27.4006,school_sum,,27.4006,2.0,school_panel,,2.0,139.0,139.0,342.0,107410.0,40158.0,Estimate
2002,1130,MIAMI/YODER 60 JT,El Paso,041,district,26.51,school_sum,,26.51,2.0,school_panel,,2.0,373.0,373.0,373.0,108613.0,40641.0,Estimate
2003,1130,MIAMI/YODER 60 JT,El Paso,041,district,26.8357,school_sum,,26.8357,2.0,school_panel,,2.0,381.0,381.0,381.0,108816.0,41161.0,Estimate
2004,1130,MIAMI/YODER 60 JT,El Paso,041,district,26.9603,school_sum,,26.9603,2.0,school_panel,,2.0,402.0,402.0,402.0,109097.0,41287.0,Estimate
2005,1130,MIAMI/YODER 60 JT,El Paso,041,district,26.5176,school_sum,,26.5176,2.0,school_panel,,2.0,379.0,379.0,379.0,109916.0,41927.0,Estimate
2006,1130,MIAMI/YODER 60 JT,El Paso,041,district,22.9484,school_sum,,22.9484,3.0,school_panel,,3.0,366.0,366.0,366.0,112184.0,42786.0,Estimate
2007,1130,MIAMI/YODER 60 JT,El Paso,041,district,25.1461,school_sum,,25.1461,3.0,school_panel,,3.0,338.0,338.0,338.0,113129.0,43010.0,Estimate
2008,1130,MIAMI/YODER 60 JT,El Paso,041,district,21.4922,school_sum,,21.4922,3.0,school_panel,,3.0,335.0,335.0,335.0,114228.0,43523.0,Estimate
2009,1130,MIAMI/YODER 60 JT,El Paso,041,district,24.3477,school_sum,,24.3477,3.0,school_panel,,3.0,329.0,329.0,329.0,115014.0,44033.0,Estimate
2010,1130,MIAMI/YODER 60 JT,El Paso,041,district,26.587,published,26.587,26.587,3.0,school_panel,,3.0,320.0,320.0,320.0,118126.0,45338.0,Estimate
2011,1130,MIAMI/YODER 60 JT,El Paso,041,district,11.23,school_sum,,11.23,3.0,school_panel,,3.0,316.0,316.0,316.0,119598.0,45600.0,Estimate
2012,1130,MIAMI/YODER 60 JT,El Paso,041,district,22.23,school_sum,,22.23,3.0,school_panel,,3.0,268.0,268.0,268.0,120351.0,45509.0,Estimate
2013,1130,MIAMI/YODER 60 JT,El Paso,041,district,22.23,school_sum,,22.23,3.0,school_panel,,3.0,307.0,307.0,307.0,121102.0,45436.0,Estimate
2014,1130,MIAMI/YODER 60 JT,El Paso,041,district,25.087,school_sum,,25.087,2.0,school_panel,,2.0,278.0,278.0,278.0,121088.0,45646.0,Estimate
2015,1130,MIAMI/YODER 60 JT,El Paso,041,district,21.96,school_sum,,21.96,2.0,school_panel,,2.0,291.0,291.0,291.0,121758.0,46325.0,Estimate
2016,1130,MIAMI/YODER 60 JT,El Paso,041,district,21.94,published,21.94,21.94,2.0,school_panel,,2.0,300.0,300.0,300.0,123245.0,46640.0,Estimate
2017,1130,,El Paso,041,,,,,,2.0,school_panel,,2.0,303.0,303.0,303.0,124204.0,46794.0,Estimate
2018,1130,MIAMI/YODER 60 JT,El Paso,041,district,21.94,published,21.94,21.94,2.0,school_panel,,2.0,305.0,305.0,305.0,125671.0,46924.0,Estimate
2019,1130,Miami/Yoder 60 JT,El Paso,041,district,21.9,school_sum,,21.9,2.0,school_panel,,2.0,288.0,288.0,288.0,126199.0,46405.0,Estimate
2020,1130,,El Paso,041,,,,,,2.0,school_panel,,2.0,249.0,249.0,249.0,126429.0,45943.0,Estimate
2021,1130,,El Paso,041,,,,,,2.0,school_panel,,2.0,313.0,313.0,313.0,125361.0,45776.0,Estimate
2022,1130,Miami/Yoder 60 JT,El Paso,041,district,19.3,published,19.3,19.3,2.0,school_panel,,2.0,340.0,340.0,340.0,123038.0,45644.0,Estimate
2023,1130,Miami/Yoder 60 JT,El Paso,041,district,23.4,published,23.4,23.4,3.0,school_panel,,3.0,406.0,406.0,406.0,122062.0,45404.0,Estimate
2024,1130,Miami/Yoder 60 JT,El Paso,041,district,20.6,published,20.6,20.6,3.0,school_panel,,3.0,398.0,398.0,398.0,119980.0,45275.0,Estimate
1990,1140,,Fremont,043,,,,,,7.0,school_panel,,7.0,,,3439.0,5473.0,1824.0,Estimate
1991,1140,CANON CITY RE-1,Fremont,043,district,192.0,published,192.0,,7.0,school_panel,7.0,7.0,3464.0,,3464.0,5430.0,1789.0,Estimate
1992,1140,CANON CITY RE-1,Fremont,043,district,194.3,published,194.3,,7.0,school_panel,7.0,7.0,3663.0,,3663.0,5655.0,1851.0,Estimate
1993,1140,CANON CITY RE-1,Fremont,043,district,206.7,published,206.7,,7.0,school_panel,7.0,7.0,3801.0,,3801.0,6059.0,1969.0,Estimate
1994,1140,CANON CITY RE-1,Fremont,043,district,210.9,published,210.9,,8.0,school_panel,8.0,8.0,3935.0,,3935.0,6377.0,2055.0,Estimate
1995,1140,CANON CITY RE-1,Fremont,043,district,226.9,published,226.9,,9.0,school_panel,9.0,9.0,4011.0,,4011.0,6625.0,2121.0,Estimate
1996,1140,CANON CITY RE-1,Fremont,043,district,231.8,published,231.8,,10.0,school_panel,10.0,10.0,4100.0,,4100.0,6784.0,2155.0,Estimate
1997,1140,,Fremont,043,,,,,,10.0,school_panel,,10.0,,,4172.0,6895.0,2173.0,Estimate
1998,1140,CANON CITY RE-1,Fremont,043,district,236.4,published,236.4,,10.0,school_panel,10.0,10.0,4310.0,,4310.0,6996.0,2185.0,Estimate
1999,1140,CANON CITY RE-1,Fremont,043,district,,,,,10.0,school_panel,10.0,10.0,4233.0,,4233.0,7154.0,2216.0,Estimate
2000,1140,CANON CITY RE-1,Fremont,043,district,237.447,school_sum,,237.447,10.0,school_panel,,10.0,,,4239.0,7289.0,2237.0,Estimate
2001,1140,CANON CITY RE-1,Fremont,043,district,242.8714,school_sum,,242.8714,10.0,school_panel,,10.0,4086.0,4086.0,4312.0,7309.0,2208.0,Estimate
2002,1140,CANON CITY RE-1,Fremont,043,district,245.4688,school_sum,,245.4688,10.0,school_panel,,10.0,3980.0,3980.0,4211.0,7247.0,2202.0,Estimate
2003,1140,CANON CITY RE-1,Fremont,043,district,241.2594,school_sum,,241.2594,10.0,school_panel,,10.0,4114.0,4114.0,4114.0,7031.0,2196.0,Estimate
2004,1140,CANON CITY RE-1,Fremont,043,district,237.2362,school_sum,,237.2362,10.0,school_panel,,10.0,4025.0,4025.0,4025.0,6808.0,2172.0,Estimate
2005,1140,CANON CITY RE-1,Fremont,043,district,236.2246,school_sum,,236.2246,10.0,school_panel,,10.0,4020.0,4020.0,4020.0,6650.0,2114.0,Estimate
2006,1140,CANON CITY RE-1,Fremont,043,district,241.8028,school_sum,,241.8028,10.0,school_panel,,10.0,3874.0,3874.0,3874.0,6583.0,2087.0,Estimate
2007,1140,CANON CITY RE-1,Fremont,043,district,243.164,school_sum,,243.164,10.0,school_panel,,10.0,3800.0,3800.0,3800.0,6456.0,2067.0,Estimate
2008,1140,CANON CITY RE-1,Fremont,043,district,238.1315,school_sum,,238.1315,10.0,school_panel,,10.0,3810.0,3810.0,3810.0,6319.0,2066.0,Estimate
2009,1140,CANON CITY RE-1,Fremont,043,district,225.4212,school_sum,,225.4212,10.0,school_panel,,10.0,3699.0,3699.0,3699.0,6162.0,2077.0,Estimate
2010,1140,CANON CITY RE-1,Fremont,043,district,220.196,published,220.196,213.661,10.0,school_panel,,10.0,3702.0,3702.0,3702.0,6101.0,2105.0,Estimate
2011,1140,CANON CITY RE-1,Fremont,043,district,212.31,school_sum,,212.31,11.0,school_panel,,11.0,3738.0,3738.0,3738.0,6089.0,2066.0,Estimate
2012,1140,CANON CITY RE-1,Fremont,043,district,216.78,school_sum,,216.78,9.0,school_panel,,9.0,3622.0,3622.0,3622.0,6041.0,2006.0,Estimate
2013,1140,CANON CITY RE-1,Fremont,043,district,218.64,school_sum,,218.64,9.0,school_panel,,9.0,3650.0,3650.0,3650.0,6011.0,1909.0,Estimate
2014,1140,CANON CITY RE-1,Fremont,043,district,219.2587,school_sum,,219.2587,9.0,school_panel,,9.0,3603.0,3603.0,3603.0,5936.0,1882.0,Estimate
2015,1140,CANON CITY RE-1,Fremont,043,district,221.37,school_sum,,221.37,9.0,school_panel,,9.0,3672.0,3672.0,3672.0,5874.0,1912.0,Estimate
2016,1140,CANON CITY RE-1,Fremont,043,district,228.23,published,228.23,222.33,9.0,school_panel,,9.0,3626.0,3626.0,3626.0,5877.0,1923.0,Estimate
2017,1140,,Fremont,043,,,,,,8.0,school_panel,,8.0,3555.0,3555.0,3555.0,5885.0,1925.0,Estimate
2018,1140,CANON CITY RE-1,Fremont,043,district,223.68,school_sum,,223.68,8.0,school_panel,,8.0,3472.0,3472.0,3472.0,5824.0,1972.0,Estimate
2019,1140,Canon City RE-1,Fremont,043,district,228.8,school_sum,,228.8,8.0,school_panel,,8.0,3467.0,3467.0,3467.0,5804.0,1974.0,Estimate
2020,1140,,Fremont,043,,,,,,8.0,school_panel,,8.0,3275.0,3275.0,3275.0,5750.0,2026.0,Estimate
2021,1140,,Fremont,043,,,,,,8.0,school_panel,,8.0,3325.0,3325.0,3321.0,5747.0,2024.0,Estimate
2022,1140,Canon City RE-1,Fremont,043,district,216.8,school_sum,,216.8,8.0,school_panel,,8.0,3308.0,3308.0,3305.0,5773.0,1972.0,Estimate
2023,1140,Canon City RE-1,Fremont,043,district,213.9,published,213.9,213.9,8.0,school_panel,,8.0,3177.0,3177.0,3177.0,5859.0,1994.0,Estimate
2024,1140,Canon City RE-1,Fremont,043,district,212.5,published,212.5,206.5,8.0,school_panel,,8.0,3195.0,3195.0,3191.0,5855.0,1908.0,Estimate
1990,1150,,Fremont,043,,,,,,4.0,school_panel,,4.0,,,1615.0,5473.0,1824.0,Estimate
1991,1150,FLORENCE RE-2,Fremont,043,district,101.1,published,101.1,,4.0,school_panel,4.0,4.0,1627.0,,1627.0,5430.0,1789.0,Estimate
1992,1150,FLORENCE RE-2,Fremont,043,district,96.5,published,96.5,,3.0,school_panel,3.0,3.0,1757.0,,1757.0,5655.0,1851.0,Estimate
1993,1150,FLORENCE RE-2,Fremont,043,district,101.5,published,101.5,,3.0,school_panel,3.0,3.0,1813.0,,1813.0,6059.0,1969.0,Estimate
1994,1150,FLORENCE RE-2,Fremont,043,district,114.0,published,114.0,,3.0,school_panel,3.0,3.0,1855.0,,1855.0,6377.0,2055.0,Estimate
1995,1150,FLORENCE RE-2,Fremont,043,district,120.5,published,120.5,,3.0,school_panel,3.0,3.0,2019.0,,2019.0,6625.0,2121.0,Estimate
1996,1150,FLORENCE RE-2,Fremont,043,district,120.6,published,120.6,,3.0,school_panel,3.0,3.0,1972.0,,1972.0,6784.0,2155.0,Estimate
1997,1150,,Fremont,043,,,,,,4.0,school_panel,,4.0,,,2026.0,6895.0,2173.0,Estimate
1998,1150,FLORENCE RE-2,Fremont,043,district,119.0,published,119.0,,4.0,school_panel,4.0,4.0,1964.0,,1964.0,6996.0,2185.0,Estimate
1999,1150,FLORENCE RE-2,Fremont,043,district,,,,,5.0,school_panel,5.0,5.0,1903.0,,1903.0,7154.0,2216.0,Estimate
2000,1150,FLORENCE RE-2,Fremont,043,district,116.6364,school_sum,,116.6364,6.0,school_panel,,6.0,,,1863.0,7289.0,2237.0,Estimate
2001,1150,FLORENCE RE-2,Fremont,043,district,114.5944,school_sum,,114.5944,6.0,school_panel,,6.0,1931.0,1931.0,1959.0,7309.0,2208.0,Estimate
2002,1150,FLORENCE RE-2,Fremont,043,district,117.8542,school_sum,,117.8542,6.0,school_panel,,6.0,1901.0,1901.0,1915.0,7247.0,2202.0,Estimate
2003,1150,FLORENCE RE-2,Fremont,043,district,113.9311,school_sum,,113.9311,6.0,school_panel,,6.0,1844.0,1844.0,1844.0,7031.0,2196.0,Estimate
2004,1150,FLORENCE RE-2,Fremont,043,district,115.5109,school_sum,,115.5109,5.0,school_panel,,5.0,1832.0,1832.0,1832.0,6808.0,2172.0,Estimate
2005,1150,FLORENCE RE-2,Fremont,043,district,114.1225,school_sum,,114.1225,5.0,school_panel,,5.0,1769.0,1769.0,1769.0,6650.0,2114.0,Estimate
2006,1150,FLORENCE RE-2,Fremont,043,district,108.1391,school_sum,,108.1391,5.0,school_panel,,5.0,1739.0,1739.0,1739.0,6583.0,2087.0,Estimate
2007,1150,FLORENCE RE-2,Fremont,043,district,110.7682,school_sum,,110.7682,4.0,school_panel,,4.0,1701.0,1701.0,1701.0,6456.0,2067.0,Estimate
2008,1150,FLORENCE RE-2,Fremont,043,district,107.9744,school_sum,,107.9744,5.0,school_panel,,5.0,1631.0,1631.0,1631.0,6319.0,2066.0,Estimate
2009,1150,FREMONT RE-2,Fremont,043,district,107.0438,school_sum,,107.0438,4.0,school_panel,,4.0,1623.0,1623.0,1623.0,6162.0,2077.0,Estimate
2010,1150,FLORENCE RE-2,Fremont,043,district,89.286,published,89.286,50.279,5.0,school_panel,,5.0,1600.0,1600.0,1600.0,6101.0,2105.0,Estimate
2011,1150,FREMONT RE-2,Fremont,043,district,80.95,school_sum,,80.95,5.0,school_panel,,5.0,1580.0,1580.0,1580.0,6089.0,2066.0,Estimate
2012,1150,FREMONT RE-2,Fremont,043,district,71.62,school_sum,,71.62,7.0,school_panel,,7.0,1536.0,1536.0,1536.0,6041.0,2006.0,Estimate
2013,1150,FREMONT RE-2,Fremont,043,district,87.11,school_sum,,87.11,5.0,school_panel,,5.0,1450.0,1450.0,1450.0,6011.0,1909.0,Estimate
2014,1150,FREMONT RE-2,Fremont,043,district,96.5647,school_sum,,96.5647,4.0,school_panel,,4.0,1373.0,1373.0,1373.0,5936.0,1882.0,Estimate
2015,1150,FREMONT RE-2,Fremont,043,district,93.25,school_sum,,93.25,4.0,school_panel,,4.0,1306.0,1306.0,1306.0,5874.0,1912.0,Estimate
2016,1150,FREMONT RE-2,Fremont,043,district,90.94,published,90.94,87.78,4.0,school_panel,,4.0,1318.0,1318.0,1318.0,5877.0,1923.0,Estimate
2017,1150,,Fremont,043,,,,,,5.0,school_panel,,5.0,1346.0,1346.0,1346.0,5885.0,1925.0,Estimate
2018,1150,FREMONT RE-2,Fremont,043,district,94.32,published,94.32,92.65,4.0,school_panel,,4.0,1339.0,1339.0,1339.0,5824.0,1972.0,Estimate
2019,1150,Fremont RE-2,Fremont,043,district,91.6,school_sum,,91.6,4.0,school_panel,,4.0,1398.0,1398.0,1398.0,5804.0,1974.0,Estimate
2020,1150,,Fremont,043,,,,,,3.0,school_panel,,3.0,1368.0,1368.0,1368.0,5750.0,2026.0,Estimate
2021,1150,,Fremont,043,,,,,,3.0,school_panel,,3.0,1426.0,1426.0,1425.0,5747.0,2024.0,Estimate
2022,1150,Fremont RE-2,Fremont,043,district,78.7,published,78.7,78.2,3.0,school_panel,,3.0,1394.0,1394.0,1390.0,5773.0,1972.0,Estimate
2023,1150,Fremont RE-2,Fremont,043,district,81.7,published,81.7,81.7,3.0,school_panel,,3.0,1376.0,1376.0,1376.0,5859.0,1994.0,Estimate
2024,1150,Fremont RE-2,Fremont,043,district,85.6,published,85.6,85.1,3.0,school_panel,,3.0,1294.0,1294.0,1294.0,5855.0,1908.0,Estimate
1990,1160,,Fremont,043,,,,,,2.0,school_panel,,2.0,,,235.0,5473.0,1824.0,Estimate
1991,1160,COTOPAXI RE-3,Fremont,043,district,20.0,published,20.0,,2.0,school_panel,2.0,2.0,256.0,,256.0,5430.0,1789.0,Estimate
1992,1160,COTOPAXI RE-3,Fremont,043,district,19.7,published,19.7,,2.0,school_panel,2.0,2.0,257.0,,257.0,5655.0,1851.0,Estimate
1993,1160,COTOPAXI RE-3,Fremont,043,district,19.1,published,19.1,,2.0,school_panel,2.0,2.0,283.0,,283.0,6059.0,1969.0,Estimate
1994,1160,COTOPAXI RE-3,Fremont,043,district,20.0,published,20.0,,2.0,school_panel,2.0,2.0,302.0,,302.0,6377.0,2055.0,Estimate
1995,1160,COTOPAXI RE-3,Fremont,043,district,21.6,published,21.6,,2.0,school_panel,2.0,2.0,302.0,,302.0,6625.0,2121.0,Estimate
1996,1160,COTOPAXI RE-3,Fremont,043,district,22.9,published,22.9,,2.0,school_panel,2.0,2.0,319.0,,319.0,6784.0,2155.0,Estimate
1997,1160,,Fremont,043,,,,,,2.0,school_panel,,2.0,,,328.0,6895.0,2173.0,Estimate
1998,1160,COTOPAXI RE-3,Fremont,043,district,25.9,published,25.9,,2.0,school_panel,2.0,2.0,335.0,,335.0,6996.0,2185.0,Estimate
1999,1160,COTOPAXI RE-3,Fremont,043,district,,,,,2.0,school_panel,2.0,2.0,362.0,,362.0,7154.0,2216.0,Estimate
2000,1160,COTOPAXI RE-3,Fremont,043,district,29.06,school_sum,,29.06,2.0,school_panel,,2.0,,,366.0,7289.0,2237.0,Estimate
2001,1160,COTOPAXI RE-3,Fremont,043,district,29.25,school_sum,,29.25,2.0,school_panel,,2.0,167.0,167.0,365.0,7309.0,2208.0,Estimate
2002,1160,COTOPAXI RE-3,Fremont,043,district,28.625,school_sum,,28.625,2.0,school_panel,,2.0,156.0,156.0,374.0,7247.0,2202.0,Estimate
2003,1160,COTOPAXI RE-3,Fremont,043,district,25.5,school_sum,,25.5,3.0,school_panel,,3.0,350.0,350.0,350.0,7031.0,2196.0,Estimate
2004,1160,COTOPAXI RE-3,Fremont,043,district,25.8604,school_sum,,25.8604,3.0,school_panel,,3.0,361.0,361.0,361.0,6808.0,2172.0,Estimate
2005,1160,COTOPAXI RE-3,Fremont,043,district,26.25,school_sum,,26.25,3.0,school_panel,,3.0,324.0,324.0,324.0,6650.0,2114.0,Estimate
2006,1160,COTOPAXI RE-3,Fremont,043,district,25.125,school_sum,,25.125,3.0,school_panel,,3.0,316.0,316.0,316.0,6583.0,2087.0,Estimate
2007,1160,COTOPAXI RE-3,Fremont,043,district,22.8538,school_sum,,22.8538,3.0,school_panel,,3.0,273.0,273.0,273.0,6456.0,2067.0,Estimate
2008,1160,COTOPAXI RE-3,Fremont,043,district,22.5413,school_sum,,22.5413,2.0,school_panel,,2.0,235.0,235.0,235.0,6319.0,2066.0,Estimate
2009,1160,COTOPAXI RE-3,Fremont,043,district,21.5625,school_sum,,21.5625,2.0,school_panel,,2.0,224.0,224.0,224.0,6162.0,2077.0,Estimate
2010,1160,COTOPAXI RE-3,Fremont,043,district,19.688,published,19.688,19.688,2.0,school_panel,,2.0,222.0,222.0,222.0,6101.0,2105.0,Estimate
2011,1160,COTOPAXI RE-3,Fremont,043,district,19.06,school_sum,,19.06,2.0,school_panel,,2.0,205.0,205.0,205.0,6089.0,2066.0,Estimate
2012,1160,COTOPAXI RE-3,Fremont,043,district,18.16,school_sum,,18.16,2.0,school_panel,,2.0,220.0,220.0,220.0,6041.0,2006.0,Estimate
2013,1160,COTOPAXI RE-3,Fremont,043,district,17.94,school_sum,,17.94,2.0,school_panel,,2.0,211.0,211.0,211.0,6011.0,1909.0,Estimate
2014,1160,COTOPAXI RE-3,Fremont,043,district,18.94,school_sum,,18.94,2.0,school_panel,,2.0,221.0,221.0,221.0,5936.0,1882.0,Estimate
2015,1160,COTOPAXI RE-3,Fremont,043,district,19.94,school_sum,,19.94,2.0,school_panel,,2.0,203.0,203.0,203.0,5874.0,1912.0,Estimate
2016,1160,COTOPAXI RE-3,Fremont,043,district,19.68,published,19.68,19.68,2.0,school_panel,,2.0,200.0,200.0,200.0,5877.0,1923.0,Estimate
2017,1160,,Fremont,043,,,,,,2.0,school_panel,,2.0,212.0,212.0,212.0,5885.0,1925.0,Estimate
2018,1160,COTOPAXI RE-3,Fremont,043,district,19.68,published,19.68,19.68,2.0,school_panel,,2.0,221.0,221.0,221.0,5824.0,1972.0,Estimate
2019,1160,Cotopaxi RE-3,Fremont,043,district,18.8,school_sum,,18.8,2.0,school_panel,,2.0,229.0,229.0,229.0,5804.0,1974.0,Estimate
2020,1160,,Fremont,043,,,,,,2.0,school_panel,,2.0,187.0,187.0,187.0,5750.0,2026.0,Estimate
2021,1160,,Fremont,043,,,,,,2.0,school_panel,,2.0,208.0,208.0,208.0,5747.0,2024.0,Estimate
2022,1160,Cotopaxi RE-3,Fremont,043,district,17.3,published,17.3,17.3,2.0,school_panel,,2.0,190.0,190.0,190.0,5773.0,1972.0,Estimate
2023,1160,Cotopaxi RE-3,Fremont,043,district,16.6,published,16.6,16.6,2.0,school_panel,,2.0,167.0,167.0,167.0,5859.0,1994.0,Estimate
2024,1160,Cotopaxi RE-3,Fremont,043,district,16.2,published,16.2,16.2,2.0,school_panel,,2.0,155.0,155.0,155.0,5855.0,1908.0,Estimate
1990,1180,ROARING FORK RE-1,Garfield,045,district,206.8,published,206.8,,9.0,school_panel,9.0,9.0,3712.0,,3712.0,5869.0,2478.0,Estimate
1991,1180,ROARING FORK RE-1,Garfield,045,district,213.3,published,213.3,,9.0,school_panel,9.0,9.0,3889.0,,3889.0,6089.0,2539.0,Estimate
1992,1180,ROARING FORK RE-1,Garfield,045,district,222.2,published,222.2,,10.0,school_panel,10.0,10.0,4013.0,,4013.0,6121.0,2525.0,Estimate
1993,1180,ROARING FORK RE-1,Garfield,045,district,236.7,published,236.7,,10.0,school_panel,10.0,10.0,4298.0,,4298.0,6368.0,2597.0,Estimate
1994,1180,ROARING FORK RE-1,Garfield,045,district,262.9,published,262.9,,10.0,school_panel,10.0,10.0,4443.0,,4443.0,6750.0,2725.0,Estimate
1995,1180,ROARING FORK RE-1,Garfield,045,district,279.7,published,279.7,,11.0,school_panel,11.0,11.0,4688.0,,4688.0,7132.0,2850.0,Estimate
1996,1180,ROARING FORK RE-1,Garfield,045,district,270.4,published,270.4,,13.0,school_panel,14.0,13.0,4729.0,,4729.0,7386.0,2917.0,Estimate
1997,1180,ROARING FORK RE-1,Garfield,045,district,268.0,published,268.0,,15.0,school_panel,15.0,15.0,4862.0,,4862.0,7630.0,2982.0,Estimate
1998,1180,ROARING FORK RE-1,Garfield,045,district,310.5,published,310.5,,15.0,school_panel,14.0,15.0,4909.0,,4909.0,8098.0,3130.0,Estimate
1999,1180,ROARING FORK RE-1,Garfield,045,district,,,,,14.0,school_panel,14.0,14.0,4844.0,,4844.0,8396.0,3208.0,Estimate
2000,1180,ROARING FORK RE-1,Garfield,045,district,324.5538,school_sum,,324.5538,14.0,school_panel,,14.0,,,4998.0,8709.0,3289.0,Estimate
2001,1180,ROARING FORK RE-1,Garfield,045,district,330.44,school_sum,,330.44,14.0,school_panel,,14.0,3621.0,3621.0,4942.0,8985.0,3441.0,Estimate
2002,1180,ROARING FORK RE-1,Garfield,045,district,338.8392,school_sum,,338.8392,14.0,school_panel,,14.0,3645.0,3645.0,4864.0,9074.0,3543.0,Estimate
2003,1180,ROARING FORK RE-1,Garfield,045,district,333.1469,school_sum,,333.1469,14.0,school_panel,,14.0,4882.0,4882.0,4882.0,9054.0,3682.0,Estimate
2004,1180,ROARING FORK RE-1,Garfield,045,district,341.3,school_sum,,341.3,13.0,school_panel,,13.0,4993.0,4993.0,4993.0,9033.0,3838.0,Estimate
2005,1180,ROARING FORK RE-1,Garfield,045,district,343.587,school_sum,,343.587,13.0,school_panel,,13.0,4969.0,4969.0,4969.0,9162.0,3964.0,Estimate
2006,1180,ROARING FORK RE-1,Garfield,045,district,347.4518,school_sum,,347.4518,12.0,school_panel,,12.0,5040.0,5040.0,5040.0,9526.0,4121.0,Estimate
2007,1180,ROARING FORK RE-1,Garfield,045,district,365.7923,school_sum,,365.7923,12.0,school_panel,,12.0,5149.0,5149.0,5149.0,9916.0,4248.0,Estimate
2008,1180,ROARING FORK RE-1,Garfield,045,district,380.0244,school_sum,,380.0244,12.0,school_panel,,12.0,5311.0,5311.0,5311.0,10219.0,4352.0,Estimate
2009,1180,ROARING FORK RE-1,Garfield,045,district,377.823,school_sum,,377.823,12.0,school_panel,,12.0,5344.0,5344.0,5344.0,10506.0,4416.0,Estimate
2010,1180,ROARING FORK RE-1,Garfield,045,district,373.284,published,373.284,252.926,12.0,school_panel,,12.0,5212.0,5212.0,5212.0,10666.0,4457.0,Estimate
2011,1180,ROARING FORK RE-1,Garfield,045,district,231.66,school_sum,,231.66,12.0,school_panel,,12.0,5382.0,5382.0,5382.0,10717.0,4378.0,Estimate
2012,1180,ROARING FORK RE-1,Garfield,045,district,265.7,school_sum,,265.7,12.0,school_panel,,12.0,5436.0,5436.0,5436.0,10836.0,4223.0,Estimate
2013,1180,ROARING FORK RE-1,Garfield,045,district,375.38,school_sum,,375.38,12.0,school_panel,,12.0,5628.0,5628.0,5628.0,10966.0,4128.0,Estimate
2014,1180,ROARING FORK RE-1,Garfield,045,district,384.6081,school_sum,,384.6081,12.0,school_panel,,12.0,5613.0,5613.0,5613.0,11133.0,3993.0,Estimate
2015,1180,ROARING FORK RE-1,Garfield,045,district,379.5,school_sum,,379.5,12.0,school_panel,,12.0,5601.0,5601.0,5601.0,11198.0,3886.0,Estimate
2016,1180,ROARING FORK RE-1,Garfield,045,district,374.46,published,374.46,374.06,12.0,school_panel,,12.0,5589.0,5589.0,5589.0,11321.0,3877.0,Estimate
2017,1180,,Garfield,045,,,,,,13.0,school_panel,,13.0,5637.0,5637.0,5637.0,11366.0,3927.0,Estimate
2018,1180,ROARING FORK RE-1,Garfield,045,district,385.27,published,385.27,384.1,13.0,school_panel,,13.0,5687.0,5687.0,5687.0,11468.0,3919.0,Estimate
2019,1180,Roaring Fork RE-1,Garfield,045,district,371.8,school_sum,,371.8,13.0,school_panel,,13.0,5647.0,5647.0,5647.0,11465.0,3916.0,Estimate
2020,1180,,Garfield,045,,,,,,13.0,school_panel,,13.0,5292.0,5292.0,5292.0,11468.0,3953.0,Estimate
2021,1180,,Garfield,045,,,,,,13.0,school_panel,,13.0,5306.0,5306.0,5306.0,11413.0,3859.0,Estimate
2022,1180,Roaring Fork RE-1,Garfield,045,district,396.5,published,396.5,393.1,14.0,school_panel,,14.0,5772.0,5772.0,5771.0,11415.0,3786.0,Estimate
2023,1180,Roaring Fork RE-1,Garfield,045,district,398.30000000000007,published,398.30000000000007,398.3,14.0,school_panel,,14.0,5846.0,5846.0,5841.0,11388.0,3720.0,Estimate
2024,1180,Roaring Fork RE-1,Garfield,045,district,410.0,published,410.0,410.1,14.0,school_panel,,14.0,5842.0,5842.0,5839.0,11289.0,3705.0,Estimate
1990,1195,GARFIELD RE-2,Garfield,045,district,126.0,published,126.0,,7.0,published,7.0,,2563.0,,,5869.0,2478.0,Estimate
1991,1195,GARFIELD RE-2,Garfield,045,district,132.5,published,132.5,,7.0,published,7.0,,2568.0,,,6089.0,2539.0,Estimate
1992,1195,GARFIELD RE-2,Garfield,045,district,136.0,published,136.0,,7.0,published,7.0,,2687.0,,,6121.0,2525.0,Estimate
1993,1195,GARFIELD RE-2,Garfield,045,district,140.9,published,140.9,,7.0,published,7.0,,2866.0,,,6368.0,2597.0,Estimate
1994,1195,GARFIELD RE-2,Garfield,045,district,152.6,published,152.6,,7.0,published,7.0,,3012.0,,,6750.0,2725.0,Estimate
1995,1195,GARFIELD RE-2,Garfield,045,district,160.4,published,160.4,,7.0,published,7.0,,3139.0,,,7132.0,2850.0,Estimate
1996,1195,GARFIELD RE-2,Garfield,045,district,167.5,published,167.5,,7.0,published,7.0,,3235.0,,,7386.0,2917.0,Estimate
1997,1195,GARFIELD RE-2,Garfield,045,district,174.9,published,174.9,,8.0,published,8.0,,3338.0,,,7630.0,2982.0,Estimate
1998,1195,GARFIELD RE-2,Garfield,045,district,,,,,7.0,published,7.0,,3491.0,,,8098.0,3130.0,Estimate
1999,1195,GARFIELD RE-2,Garfield,045,district,,,,,7.0,published,7.0,,3481.0,,,8396.0,3208.0,Estimate
2000,1195,GARFIELD RE-2,Garfield,045,district,192.5328,school_sum,,192.5328,,,,,,,,8709.0,3289.0,Estimate
2001,1195,GARFIELD RE-2,Garfield,045,district,201.4799,school_sum,,201.4799,5.0,school_panel,,5.0,2813.0,2813.0,2813.0,8985.0,3441.0,Estimate
2002,1195,GARFIELD RE-2,Garfield,045,district,215.6071,school_sum,,215.6071,5.0,school_panel,,5.0,2849.0,2849.0,2849.0,9074.0,3543.0,Estimate
2003,1195,GARFIELD RE-2,Garfield,045,district,211.7777,school_sum,,211.7777,7.0,school_panel,,7.0,3810.0,3810.0,3810.0,9054.0,3682.0,Estimate
2004,1195,GARFIELD RE-2,Garfield,045,district,209.2891,school_sum,,209.2891,7.0,school_panel,,7.0,3879.0,3879.0,3879.0,9033.0,3838.0,Estimate
2005,1195,GARFIELD RE-2,Garfield,045,district,232.2934,school_sum,,232.2934,8.0,school_panel,,8.0,4024.0,4024.0,4024.0,9162.0,3964.0,Estimate
2006,1195,GARFIELD RE-2,Garfield,045,district,248.2914,school_sum,,248.2914,8.0,school_panel,,8.0,4270.0,4270.0,4270.0,9526.0,4121.0,Estimate
2007,1195,GARFIELD RE-2,Garfield,045,district,215.8459,school_sum,,215.8459,9.0,school_panel,,9.0,4403.0,4403.0,4403.0,9916.0,4248.0,Estimate
2008,1195,GARFIELD RE-2,Garfield,045,district,279.7924,school_sum,,279.7924,10.0,school_panel,,10.0,4848.0,4848.0,4848.0,10219.0,4352.0,Estimate
2009,1195,GARFIELD RE-2,Garfield,045,district,281.7463,school_sum,,281.7463,11.0,school_panel,,11.0,4935.0,4935.0,4935.0,10506.0,4416.0,Estimate
2010,1195,GARFIELD RE-2,Garfield,045,district,277.362,published,277.362,171.804,11.0,school_panel,,11.0,4980.0,4980.0,4980.0,10666.0,4457.0,Estimate
2011,1195,GARFIELD RE-2,Garfield,045,district,216.97,school_sum,,216.97,10.0,school_panel,,10.0,4717.0,4717.0,4717.0,10717.0,4378.0,Estimate
2012,1195,GARFIELD RE-2,Garfield,045,district,263.12,school_sum,,263.12,10.0,school_panel,,10.0,4730.0,4730.0,4730.0,10836.0,4223.0,Estimate
2013,1195,GARFIELD RE-2,Garfield,045,district,283.5,school_sum,,283.5,10.0,school_panel,,10.0,4818.0,4818.0,4818.0,10966.0,4128.0,Estimate
2014,1195,GARFIELD RE-2,Garfield,045,district,288.0168,school_sum,,288.0168,10.0,school_panel,,10.0,4828.0,4828.0,4828.0,11133.0,3993.0,Estimate
2015,1195,GARFIELD RE-2,Garfield,045,district,285.29,school_sum,,285.29,10.0,school_panel,,10.0,4847.0,4847.0,4847.0,11198.0,3886.0,Estimate
2016,1195,GARFIELD RE-2,Garfield,045,district,279.41,published,279.41,278.91,10.0,school_panel,,10.0,4898.0,4898.0,4898.0,11321.0,3877.0,Estimate
2017,1195,,Garfield,045,,,,,,10.0,school_panel,,10.0,4813.0,4813.0,4813.0,11366.0,3927.0,Estimate
2018,1195,GARFIELD RE-2,Garfield,045,district,283.94,published,283.94,283.45,10.0,school_panel,,10.0,4789.0,4789.0,4789.0,11468.0,3919.0,Estimate
2019,1195,Garfield Re-2,Garfield,045,district,284.2,school_sum,,284.2,10.0,school_panel,,10.0,4802.0,4802.0,4802.0,11465.0,3916.0,Estimate
2020,1195,,Garfield,045,,,,,,10.0,school_panel,,10.0,4526.0,4526.0,4526.0,11468.0,3953.0,Estimate
2021,1195,,Garfield,045,,,,,,10.0,school_panel,,10.0,4614.0,4614.0,4613.0,11413.0,3859.0,Estimate
2022,1195,Garfield Re-2,Garfield,045,district,292.1,published,292.1,292.1,10.0,school_panel,,10.0,4662.0,4662.0,4662.0,11415.0,3786.0,Estimate
2023,1195,Garfield Re-2,Garfield,045,district,292.0,published,292.0,292.0,10.0,school_panel,,10.0,4786.0,4786.0,4786.0,11388.0,3720.0,Estimate
2024,1195,Garfield Re-2,Garfield,045,district,269.0,published,269.0,269.0,10.0,school_panel,,10.0,4695.0,4695.0,4695.0,11289.0,3705.0,Estimate
1990,1220,GARFIELD 16,Garfield,045,district,31.0,published,31.0,,3.0,published,3.0,,405.0,,,5869.0,2478.0,Estimate
1991,1220,GARFIELD 16,Garfield,045,district,29.0,published,29.0,,3.0,published,3.0,,409.0,,,6089.0,2539.0,Estimate
1992,1220,GARFIELD 16,Garfield,045,district,31.0,published,31.0,,3.0,published,3.0,,480.0,,,6121.0,2525.0,Estimate
1993,1220,GARFIELD 16,Garfield,045,district,32.8,published,32.8,,3.0,published,3.0,,493.0,,,6368.0,2597.0,Estimate
1994,1220,GARFIELD 16,Garfield,045,district,33.9,published,33.9,,3.0,published,3.0,,600.0,,,6750.0,2725.0,Estimate
1995,1220,GARFIELD 16,Garfield,045,district,41.1,published,41.1,,3.0,published,3.0,,648.0,,,7132.0,2850.0,Estimate
1996,1220,GARFIELD 16,Garfield,045,district,43.0,published,43.0,,3.0,published,3.0,,676.0,,,7386.0,2917.0,Estimate
1997,1220,GARFIELD 16,Garfield,045,district,45.0,published,45.0,,3.0,published,3.0,,747.0,,,7630.0,2982.0,Estimate
1998,1220,GARFIELD 16,Garfield,045,district,41.8,published,41.8,,3.0,published,3.0,,746.0,,,8098.0,3130.0,Estimate
1999,1220,GARFIELD 16,Garfield,045,district,,,,,3.0,published,3.0,,791.0,,,8396.0,3208.0,Estimate
2000,1220,GARFIELD 16,Garfield,045,district,53.057,school_sum,,53.057,,,,,,,,8709.0,3289.0,Estimate
2001,1220,GARFIELD 16,Garfield,045,district,48.9809,school_sum,,48.9809,2.0,school_panel,,2.0,406.0,406.0,406.0,8985.0,3441.0,Estimate
2002,1220,GARFIELD 16,Garfield,045,district,60.5,school_sum,,60.5,3.0,school_panel,,3.0,473.0,473.0,473.0,9074.0,3543.0,Estimate
2003,1220,GARFIELD 16,Garfield,045,district,60.0001,school_sum,,60.0001,4.0,school_panel,,4.0,996.0,996.0,996.0,9054.0,3682.0,Estimate
2004,1220,GARFIELD 16,Garfield,045,district,61.2582,school_sum,,61.2582,4.0,school_panel,,4.0,1000.0,1000.0,1000.0,9033.0,3838.0,Estimate
2005,1220,GARFIELD 16,Garfield,045,district,64.8043,school_sum,,64.8043,4.0,school_panel,,4.0,1033.0,1033.0,1033.0,9162.0,3964.0,Estimate
2006,1220,GARFIELD 16,Garfield,045,district,66.8668,school_sum,,66.8668,4.0,school_panel,,4.0,1174.0,1174.0,1174.0,9526.0,4121.0,Estimate
2007,1220,GARFIELD 16,Garfield,045,district,74.153,school_sum,,74.153,4.0,school_panel,,4.0,1307.0,1307.0,1307.0,9916.0,4248.0,Estimate
2008,1220,GARFIELD 16,Garfield,045,district,85.4846,school_sum,,85.4846,4.0,school_panel,,4.0,1419.0,1419.0,1419.0,10219.0,4352.0,Estimate
2009,1220,GARFIELD 16,Garfield,045,district,86.4975,school_sum,,86.4975,5.0,school_panel,,5.0,1229.0,1229.0,1229.0,10506.0,4416.0,Estimate
2010,1220,GARFIELD 16,Garfield,045,district,66.0,published,66.0,44.2,5.0,school_panel,,5.0,1133.0,1133.0,1133.0,10666.0,4457.0,Estimate
2011,1220,GARFIELD 16,Garfield,045,district,37.2,school_sum,,37.2,5.0,school_panel,,5.0,1176.0,1176.0,1176.0,10717.0,4378.0,Estimate
2012,1220,GARFIELD 16,Garfield,045,district,70.0,school_sum,,70.0,4.0,school_panel,,4.0,1126.0,1126.0,1126.0,10836.0,4223.0,Estimate
2013,1220,GARFIELD 16,Garfield,045,district,65.46,school_sum,,65.46,4.0,school_panel,,4.0,1050.0,1050.0,1050.0,10966.0,4128.0,Estimate
2014,1220,GARFIELD 16,Garfield,045,district,64.66,school_sum,,64.66,4.0,school_panel,,4.0,1038.0,1038.0,1038.0,11133.0,3993.0,Estimate
2015,1220,GARFIELD 16,Garfield,045,district,67.64,school_sum,,67.64,4.0,school_panel,,4.0,1128.0,1128.0,1128.0,11198.0,3886.0,Estimate
2016,1220,GARFIELD 16,Garfield,045,district,74.34,published,74.34,74.73,4.0,school_panel,,4.0,1180.0,1180.0,1180.0,11321.0,3877.0,Estimate
2017,1220,,Garfield,045,,,,,,4.0,school_panel,,4.0,1180.0,1180.0,1180.0,11366.0,3927.0,Estimate
2018,1220,GARFIELD 16,Garfield,045,district,74.84,published,74.84,73.84,4.0,school_panel,,4.0,1253.0,1253.0,1253.0,11468.0,3919.0,Estimate
2019,1220,Garfield 16,Garfield,045,district,73.8,school_sum,,73.8,4.0,school_panel,,4.0,1341.0,1341.0,1341.0,11465.0,3916.0,Estimate
2020,1220,,Garfield,045,,,,,,4.0,school_panel,,4.0,1159.0,1159.0,1159.0,11468.0,3953.0,Estimate
2021,1220,,Garfield,045,,,,,,5.0,school_panel,,5.0,1225.0,1225.0,1225.0,11413.0,3859.0,Estimate
2022,1220,Garfield 16,Garfield,045,district,75.0,published,75.0,75.0,5.0,school_panel,,5.0,1198.0,1198.0,1198.0,11415.0,3786.0,Estimate
2023,1220,Garfield 16,Garfield,045,district,78.5,published,78.5,78.5,4.0,school_panel,,4.0,1171.0,1171.0,1171.0,11388.0,3720.0,Estimate
2024,1220,Garfield 16,Garfield,045,district,79.0,published,79.0,79.1,4.0,school_panel,,4.0,1212.0,1212.0,1212.0,11289.0,3705.0,Estimate
1990,1330,GILPIN COUNTY RE-1,Gilpin,047,district,26.5,published,26.5,,2.0,school_panel,2.0,2.0,345.0,,345.0,541.0,200.0,Estimate
1991,1330,GILPIN COUNTY RE-1,Gilpin,047,district,30.2,published,30.2,,2.0,school_panel,2.0,2.0,351.0,,351.0,537.0,198.0,Estimate
1992,1330,GILPIN COUNTY RE-1,Gilpin,047,district,28.3,published,28.3,,2.0,school_panel,2.0,2.0,349.0,,349.0,557.0,205.0,Estimate
1993,1330,GILPIN COUNTY RE-1,Gilpin,047,district,26.0,published,26.0,,2.0,school_panel,2.0,2.0,342.0,,342.0,571.0,210.0,Estimate
1994,1330,GILPIN COUNTY RE-1,Gilpin,047,district,27.0,published,27.0,,2.0,school_panel,2.0,2.0,349.0,,349.0,586.0,215.0,Estimate
1995,1330,GILPIN COUNTY RE-1,Gilpin,047,district,30.6,published,30.6,,2.0,school_panel,2.0,2.0,364.0,,364.0,603.0,222.0,Estimate
1996,1330,GILPIN COUNTY RE-1,Gilpin,047,district,32.6,published,32.6,,2.0,school_panel,2.0,2.0,373.0,,373.0,617.0,226.0,Estimate
1997,1330,GILPIN COUNTY RE-1,Gilpin,047,district,32.0,published,32.0,,2.0,school_panel,2.0,2.0,341.0,,341.0,648.0,237.0,Estimate
1998,1330,GILPIN COUNTY RE-1,Gilpin,047,district,31.3,published,31.3,,4.0,school_panel,4.0,4.0,384.0,,384.0,673.0,246.0,Estimate
1999,1330,GILPIN COUNTY RE-1,Gilpin,047,district,,,,,4.0,school_panel,4.0,4.0,420.0,,420.0,711.0,261.0,Estimate
2000,1330,GILPIN COUNTY RE-1,Gilpin,047,district,30.023,school_sum,,30.023,4.0,school_panel,,4.0,,,444.0,739.0,271.0,Estimate
2001,1330,GILPIN COUNTY RE-1,Gilpin,047,district,32.827,school_sum,,32.827,4.0,school_panel,,4.0,,,466.0,723.0,276.0,Estimate
2002,1330,GILPIN COUNTY RE-1,Gilpin,047,district,32.6364,school_sum,,32.6364,4.0,school_panel,,4.0,,,454.0,692.0,289.0,Estimate
2003,1330,GILPIN COUNTY RE-1,Gilpin,047,district,29.8235,school_sum,,29.8235,4.0,school_panel,,4.0,421.0,421.0,421.0,667.0,294.0,Estimate
2004,1330,GILPIN COUNTY RE-1,Gilpin,047,district,31.9725,school_sum,,31.9725,4.0,school_panel,,4.0,388.0,388.0,388.0,640.0,300.0,Estimate
2005,1330,GILPIN COUNTY RE-1,Gilpin,047,district,33.0313,school_sum,,33.0313,2.0,school_panel,,2.0,362.0,362.0,362.0,656.0,282.0,Estimate
2006,1330,GILPIN COUNTY RE-1,Gilpin,047,district,31.4061,school_sum,,31.4061,2.0,school_panel,,2.0,414.0,414.0,414.0,625.0,265.0,Estimate
2007,1330,GILPIN COUNTY RE-1,Gilpin,047,district,33.0233,school_sum,,33.0233,2.0,school_panel,,2.0,367.0,367.0,367.0,620.0,270.0,Estimate
2008,1330,GILPIN COUNTY RE-1,Gilpin,047,district,31.1882,school_sum,,31.1882,2.0,school_panel,,2.0,357.0,357.0,357.0,625.0,272.0,Estimate
2009,1330,GILPIN COUNTY RE-1,Gilpin,047,district,31.9066,school_sum,,31.9066,2.0,school_panel,,2.0,361.0,361.0,361.0,658.0,280.0,Estimate
2010,1330,GILPIN COUNTY RE-1,Gilpin,047,district,29.844,published,29.844,29.844,2.0,school_panel,,2.0,386.0,386.0,386.0,681.0,281.0,Estimate
2011,1330,GILPIN COUNTY RE-1,Gilpin,047,district,30.16,school_sum,,30.16,2.0,school_panel,,2.0,380.0,380.0,380.0,688.0,277.0,Estimate
2012,1330,GILPIN COUNTY RE-1,Gilpin,047,district,32.2,school_sum,,32.2,2.0,school_panel,,2.0,373.0,373.0,373.0,698.0,261.0,Estimate
2013,1330,GILPIN COUNTY RE-1,Gilpin,047,district,34.03,school_sum,,34.03,2.0,school_panel,,2.0,421.0,421.0,421.0,698.0,261.0,Estimate
2014,1330,GILPIN COUNTY RE-1,Gilpin,047,district,35.8827,school_sum,,35.8827,2.0,school_panel,,2.0,429.0,429.0,429.0,723.0,245.0,Estimate
2015,1330,GILPIN COUNTY RE-1,Gilpin,047,district,34.59,school_sum,,34.59,2.0,school_panel,,2.0,458.0,458.0,458.0,732.0,232.0,Estimate
2016,1330,GILPIN COUNTY RE-1,Gilpin,047,district,35.22,published,35.22,35.22,2.0,school_panel,,2.0,435.0,435.0,435.0,735.0,231.0,Estimate
2017,1330,,Gilpin,047,,,,,,2.0,school_panel,,2.0,488.0,488.0,488.0,726.0,241.0,Estimate
2018,1330,GILPIN COUNTY RE-1,Gilpin,047,district,34.7,published,34.7,34.7,2.0,school_panel,,2.0,486.0,486.0,486.0,715.0,240.0,Estimate
2019,1330,Gilpin County RE-1,Gilpin,047,district,37.7,school_sum,,37.7,2.0,school_panel,,2.0,498.0,498.0,498.0,703.0,227.0,Estimate
2020,1330,,Gilpin,047,,,,,,2.0,school_panel,,2.0,429.0,429.0,429.0,727.0,248.0,Estimate
2021,1330,,Gilpin,047,,,,,,2.0,school_panel,,2.0,437.0,437.0,437.0,760.0,245.0,Estimate
2022,1330,Gilpin County RE-1,Gilpin,047,district,32.2,published,32.2,32.2,2.0,school_panel,,2.0,408.0,408.0,408.0,763.0,253.0,Estimate
2023,1330,Gilpin County RE-1,Gilpin,047,district,30.4,published,30.4,30.4,2.0,school_panel,,2.0,390.0,390.0,390.0,818.0,206.0,Estimate
2024,1330,Gilpin County RE-1,Gilpin,047,district,28.5,published,28.5,28.5,2.0,school_panel,,2.0,392.0,392.0,392.0,810.0,241.0,Estimate
1990,1340,WEST GRAND 1-JT.,Grand,049,district,39.2,published,39.2,,3.0,school_panel,3.0,3.0,508.0,,508.0,1485.0,537.0,Estimate
1991,1340,WEST GRAND 1-JT.,Grand,049,district,37.2,published,37.2,,3.0,school_panel,3.0,3.0,534.0,,534.0,1536.0,554.0,Estimate
1992,1340,WEST GRAND 1-JT.,Grand,049,district,37.2,published,37.2,,3.0,school_panel,3.0,3.0,500.0,,500.0,1553.0,562.0,Estimate
1993,1340,WEST GRAND 1-JT.,Grand,049,district,34.8,published,34.8,,3.0,school_panel,3.0,3.0,513.0,,513.0,1592.0,573.0,Estimate
1994,1340,WEST GRAND 1-JT.,Grand,049,district,37.9,published,37.9,,3.0,school_panel,3.0,3.0,539.0,,539.0,1640.0,592.0,Estimate
1995,1340,WEST GRAND 1-JT.,Grand,049,district,40.2,published,40.2,,3.0,school_panel,3.0,3.0,565.0,,565.0,1717.0,619.0,Estimate
1996,1340,WEST GRAND 1-JT.,Grand,049,district,42.2,published,42.2,,3.0,school_panel,3.0,3.0,573.0,,573.0,1787.0,643.0,Estimate
1997,1340,WEST GRAND 1-JT.,Grand,049,district,40.2,published,40.2,,3.0,school_panel,3.0,3.0,554.0,,554.0,1837.0,661.0,Estimate
1998,1340,WEST GRAND 1-JT,Grand,049,district,46.5,published,46.5,,3.0,school_panel,3.0,3.0,526.0,,526.0,1882.0,678.0,Estimate
1999,1340,WEST GRAND 1-JT,Grand,049,district,,,,,4.0,school_panel,4.0,4.0,518.0,,518.0,1944.0,700.0,Estimate
2000,1340,WEST GRAND 1-JT.,Grand,049,district,41.7349,school_sum,,41.7349,4.0,school_panel,,4.0,,,547.0,2051.0,738.0,Estimate
2001,1340,WEST GRAND 1-JT.,Grand,049,district,41.9245,school_sum,,41.9245,4.0,school_panel,,4.0,508.0,508.0,528.0,2090.0,787.0,Estimate
2002,1340,WEST GRAND 1-JT.,Grand,049,district,43.4202,school_sum,,43.4202,4.0,school_panel,,4.0,500.0,500.0,517.0,2061.0,818.0,Estimate
2003,1340,WEST GRAND 1-JT.,Grand,049,district,43.421,school_sum,,43.421,4.0,school_panel,,4.0,511.0,511.0,511.0,2066.0,838.0,Estimate
2004,1340,WEST GRAND 1-JT.,Grand,049,district,40.5837,school_sum,,40.5837,3.0,school_panel,,3.0,520.0,520.0,520.0,2094.0,839.0,Estimate
2005,1340,WEST GRAND 1-JT.,Grand,049,district,38.6412,school_sum,,38.6412,3.0,school_panel,,3.0,512.0,512.0,512.0,2094.0,806.0,Estimate
2006,1340,WEST GRAND 1-JT.,Grand,049,district,38.6623,school_sum,,38.6623,3.0,school_panel,,3.0,482.0,482.0,482.0,2097.0,808.0,Estimate
2007,1340,WEST GRAND 1-JT.,Grand,049,district,36.7281,school_sum,,36.7281,3.0,school_panel,,3.0,480.0,480.0,480.0,2109.0,806.0,Estimate
2008,1340,WEST GRAND 1-JT.,Grand,049,district,35.6459,school_sum,,35.6459,3.0,school_panel,,3.0,457.0,457.0,457.0,2141.0,814.0,Estimate
2009,1340,WEST GRAND 1-JT.,Grand,049,district,36.8805,school_sum,,36.8805,3.0,school_panel,,3.0,451.0,451.0,451.0,2139.0,810.0,Estimate
2010,1340,WEST GRAND 1-JT.,Grand,049,district,36.497,published,36.497,36.497,3.0,school_panel,,3.0,429.0,429.0,429.0,2174.0,821.0,Estimate
2011,1340,WEST GRAND 1-JT.,Grand,049,district,35.89,school_sum,,35.89,3.0,school_panel,,3.0,423.0,423.0,423.0,2174.0,770.0,Estimate
2012,1340,WEST GRAND 1-JT.,Grand,049,district,36.58,school_sum,,36.58,3.0,school_panel,,3.0,434.0,434.0,434.0,2175.0,722.0,Estimate
2013,1340,WEST GRAND 1-JT.,Grand,049,district,36.84,school_sum,,36.84,3.0,school_panel,,3.0,440.0,440.0,440.0,2166.0,664.0,Estimate
2014,1340,WEST GRAND 1-JT.,Grand,049,district,37.96,school_sum,,37.96,3.0,school_panel,,3.0,422.0,422.0,422.0,2174.0,616.0,Estimate
2015,1340,WEST GRAND 1-JT,Grand,049,district,36.88,school_sum,,36.88,3.0,school_panel,,3.0,441.0,441.0,441.0,2168.0,590.0,Estimate
2016,1340,WEST GRAND 1-JT,Grand,049,district,36.99,published,36.99,36.99,2.0,school_panel,,2.0,423.0,423.0,423.0,2133.0,623.0,Estimate
2017,1340,,Grand,049,,,,,,2.0,school_panel,,2.0,406.0,406.0,406.0,2069.0,647.0,Estimate
2018,1340,WEST GRAND 1-JT,Grand,049,district,40.68,published,40.68,40.68,2.0,school_panel,,2.0,408.0,408.0,408.0,2018.0,642.0,Estimate
2019,1340,West Grand 1-JT,Grand,049,district,38.7,school_sum,,38.7,2.0,school_panel,,2.0,434.0,434.0,434.0,1999.0,634.0,Estimate
2020,1340,,Grand,049,,,,,,2.0,school_panel,,2.0,399.0,399.0,399.0,1979.0,650.0,Estimate
2021,1340,,Grand,049,,,,,,2.0,school_panel,,2.0,393.0,393.0,393.0,1968.0,622.0,Estimate
2022,1340,West Grand 1-JT,Grand,049,district,36.9,published,36.9,36.8,2.0,school_panel,,2.0,393.0,393.0,391.0,1944.0,610.0,Estimate
2023,1340,West Grand 1-JT,Grand,049,district,30.6,published,30.6,30.6,2.0,school_panel,,2.0,411.0,411.0,409.0,1907.0,622.0,Estimate
2024,1340,West Grand 1-JT,Grand,049,district,32.6,published,32.6,32.6,2.0,school_panel,,2.0,389.0,389.0,385.0,1862.0,646.0,Estimate
1990,1350,EAST GRAND 2,Grand,049,district,71.4,published,71.4,,5.0,school_panel,5.0,5.0,1061.0,,1061.0,1485.0,537.0,Estimate
1991,1350,EAST GRAND 2,Grand,049,district,70.1,published,70.1,,5.0,school_panel,5.0,5.0,1061.0,,1061.0,1536.0,554.0,Estimate
1992,1350,EAST GRAND 2,Grand,049,district,69.3,published,69.3,,5.0,school_panel,5.0,5.0,1065.0,,1065.0,1553.0,562.0,Estimate
1993,1350,EAST GRAND 2,Grand,049,district,69.9,published,69.9,,5.0,school_panel,5.0,5.0,1073.0,,1073.0,1592.0,573.0,Estimate
1994,1350,EAST GRAND 2,Grand,049,district,68.1,published,68.1,,5.0,school_panel,5.0,5.0,1093.0,,1093.0,1640.0,592.0,Estimate
1995,1350,EAST GRAND 2,Grand,049,district,74.6,published,74.6,,5.0,school_panel,5.0,5.0,1193.0,,1193.0,1717.0,619.0,Estimate
1996,1350,EAST GRAND 2,Grand,049,district,82.8,published,82.8,,5.0,school_panel,5.0,5.0,1274.0,,1274.0,1787.0,643.0,Estimate
1997,1350,EAST GRAND 2,Grand,049,district,85.4,published,85.4,,5.0,school_panel,5.0,5.0,1243.0,,1243.0,1837.0,661.0,Estimate
1998,1350,EAST GRAND 2,Grand,049,district,89.4,published,89.4,,5.0,school_panel,5.0,5.0,1267.0,,1267.0,1882.0,678.0,Estimate
1999,1350,EAST GRAND 2,Grand,049,district,,,,,5.0,school_panel,5.0,5.0,1285.0,,1285.0,1944.0,700.0,Estimate
2000,1350,EAST GRAND 2,Grand,049,district,99.3768,school_sum,,99.3768,6.0,school_panel,,6.0,,,1345.0,2051.0,738.0,Estimate
2001,1350,EAST GRAND 2,Grand,049,district,100.345,school_sum,,100.345,6.0,school_panel,,6.0,1179.0,1179.0,1374.0,2090.0,787.0,Estimate
2002,1350,EAST GRAND 2,Grand,049,district,100.7338,school_sum,,100.7338,6.0,school_panel,,6.0,1146.0,1146.0,1349.0,2061.0,818.0,Estimate
2003,1350,EAST GRAND 2,Grand,049,district,96.9446,school_sum,,96.9446,6.0,school_panel,,6.0,1338.0,1338.0,1338.0,2066.0,838.0,Estimate
2004,1350,EAST GRAND 2,Grand,049,district,97.4994,school_sum,,97.4994,6.0,school_panel,,6.0,1304.0,1304.0,1304.0,2094.0,839.0,Estimate
2005,1350,EAST GRAND 2,Grand,049,district,96.7267,school_sum,,96.7267,6.0,school_panel,,6.0,1338.0,1338.0,1338.0,2094.0,806.0,Estimate
2006,1350,EAST GRAND 2,Grand,049,district,99.5329,school_sum,,99.5329,6.0,school_panel,,6.0,1338.0,1338.0,1338.0,2097.0,808.0,Estimate
2007,1350,EAST GRAND 2,Grand,049,district,104.7973,school_sum,,104.7973,6.0,school_panel,,6.0,1415.0,1415.0,1415.0,2109.0,806.0,Estimate
2008,1350,EAST GRAND 2,Grand,049,district,112.7614,school_sum,,112.7614,6.0,school_panel,,6.0,1464.0,1464.0,1464.0,2141.0,814.0,Estimate
2009,1350,EAST GRAND 2,Grand,049,district,108.1028,school_sum,,108.1028,6.0,school_panel,,6.0,1438.0,1438.0,1438.0,2139.0,810.0,Estimate
2010,1350,EAST GRAND 2,Grand,049,district,98.817,published,98.817,98.817,6.0,school_panel,,6.0,1325.0,1325.0,1325.0,2174.0,821.0,Estimate
2011,1350,EAST GRAND 2,Grand,049,district,97.12,school_sum,,97.12,6.0,school_panel,,6.0,1273.0,1273.0,1273.0,2174.0,770.0,Estimate
2012,1350,EAST GRAND 2,Grand,049,district,100.54,school_sum,,100.54,5.0,school_panel,,5.0,1245.0,1245.0,1245.0,2175.0,722.0,Estimate
2013,1350,EAST GRAND 2,Grand,049,district,98.72,school_sum,,98.72,5.0,school_panel,,5.0,1264.0,1264.0,1264.0,2166.0,664.0,Estimate
2014,1350,EAST GRAND 2,Grand,049,district,94.0653,school_sum,,94.0653,5.0,school_panel,,5.0,1299.0,1299.0,1299.0,2174.0,616.0,Estimate
2015,1350,EAST GRAND 2,Grand,049,district,97.52,school_sum,,97.52,5.0,school_panel,,5.0,1304.0,1304.0,1304.0,2168.0,590.0,Estimate
2016,1350,EAST GRAND 2,Grand,049,district,91.42,published,91.42,91.42,4.0,school_panel,,4.0,1243.0,1243.0,1243.0,2133.0,623.0,Estimate
2017,1350,,Grand,049,,,,,,4.0,school_panel,,4.0,1301.0,1301.0,1301.0,2069.0,647.0,Estimate
2018,1350,EAST GRAND 2,Grand,049,district,99.0,published,99.0,99.0,4.0,school_panel,,4.0,1358.0,1358.0,1358.0,2018.0,642.0,Estimate
2019,1350,East Grand 2,Grand,049,district,101.7,school_sum,,101.7,4.0,school_panel,,4.0,1354.0,1354.0,1354.0,1999.0,634.0,Estimate
2020,1350,,Grand,049,,,,,,4.0,school_panel,,4.0,1271.0,1271.0,1271.0,1979.0,650.0,Estimate
2021,1350,,Grand,049,,,,,,4.0,school_panel,,4.0,1286.0,1286.0,1286.0,1968.0,622.0,Estimate
2022,1350,East Grand 2,Grand,049,district,103.7,published,103.7,103.7,4.0,school_panel,,4.0,1283.0,1283.0,1283.0,1944.0,610.0,Estimate
2023,1350,East Grand 2,Grand,049,district,103.7,published,103.7,103.7,4.0,school_panel,,4.0,1286.0,1286.0,1286.0,1907.0,622.0,Estimate
2024,1350,East Grand 2,Grand,049,district,102.5,published,102.5,102.4,4.0,school_panel,,4.0,1301.0,1301.0,1300.0,1862.0,646.0,Estimate
1990,1360,GUNNISON WATERSHED RE1J,Gunnison,051,district,90.7,published,90.7,,6.0,school_panel,6.0,6.0,1407.0,,1407.0,1473.0,687.0,Estimate
1991,1360,GUNNISON WATERSHED RE1J,Gunnison,051,district,93.5,published,93.5,,7.0,school_panel,7.0,7.0,1497.0,,1497.0,1479.0,669.0,Estimate
1992,1360,GUNNISON WATERSHED RE1J,Gunnison,051,district,94.0,published,94.0,,8.0,school_panel,8.0,8.0,1552.0,,1552.0,1519.0,669.0,Estimate
1993,1360,GUNNISON WATERSHED RE1J,Gunnison,051,district,103.8,published,103.8,,8.0,school_panel,8.0,8.0,1630.0,,1630.0,1584.0,679.0,Estimate
1994,1360,GUNNISON WATERSHED RE1J,Gunnison,051,district,114.3,published,114.3,,8.0,school_panel,7.0,8.0,1676.0,,1676.0,1623.0,677.0,Estimate
1995,1360,GUNNISON WATERSHED RE1J,Gunnison,051,district,115.5,published,115.5,,8.0,school_panel,8.0,8.0,1703.0,,1703.0,1653.0,670.0,Estimate
1996,1360,GUNNISON WATERSHED RE1J,Gunnison,051,district,115.5,published,115.5,,8.0,school_panel,8.0,8.0,1645.0,,1645.0,1677.0,659.0,Estimate
1997,1360,GUNNISON WATERSHED RE1J,Gunnison,051,district,118.5,published,118.5,,11.0,school_panel,6.0,11.0,1679.0,,1679.0,1683.0,640.0,Estimate
1998,1360,GUNNISON WATERSHED RE1J,Gunnison,051,district,132.9,published,132.9,,6.0,school_panel,6.0,6.0,1672.0,,1672.0,1812.0,668.0,Estimate
1999,1360,GUNNISON WATERSHED RE1J,Gunnison,051,district,,,,,7.0,school_panel,7.0,7.0,1725.0,,1725.0,1841.0,654.0,Estimate
2000,1360,GUNNISON WATERSHED RE1J,Gunnison,051,district,122.8549,school_sum,,122.8549,7.0,school_panel,,7.0,,,1684.0,1860.0,636.0,Estimate
2001,1360,GUNNISON WATERSHED RE1J,Gunnison,051,district,120.737,school_sum,,120.737,6.0,school_panel,,6.0,1658.0,1658.0,1658.0,2025.0,673.0,Estimate
2002,1360,GUNNISON WATERSHED RE1J,Gunnison,051,district,124.3926,school_sum,,124.3926,6.0,school_panel,,6.0,1644.0,1644.0,1644.0,1987.0,704.0,Estimate
2003,1360,GUNNISON WATERSHED RE1J,Gunnison,051,district,120.2071,school_sum,,120.2071,7.0,school_panel,,7.0,1641.0,1641.0,1641.0,1897.0,738.0,Estimate
2004,1360,GUNNISON WATERSHED RE1J,Gunnison,051,district,118.5175,school_sum,,118.5175,7.0,school_panel,,7.0,1604.0,1604.0,1604.0,1831.0,766.0,Estimate
2005,1360,GUNNISON WATERSHED RE1J,Gunnison,051,district,122.9909,school_sum,,122.9909,7.0,school_panel,,7.0,1577.0,1577.0,1577.0,1828.0,811.0,Estimate
2006,1360,GUNNISON WATERSHED RE1J,Gunnison,051,district,128.2676,school_sum,,128.2676,7.0,school_panel,,7.0,1721.0,1721.0,1721.0,1819.0,807.0,Estimate
2007,1360,GUNNISON WATERSHED RE1J,Gunnison,051,district,133.0431,school_sum,,133.0431,7.0,school_panel,,7.0,1759.0,1759.0,1759.0,1873.0,805.0,Estimate
2008,1360,GUNNISON WATERSHED RE1J,Gunnison,051,district,136.1419,school_sum,,136.1419,7.0,school_panel,,7.0,1839.0,1839.0,1839.0,1924.0,789.0,Estimate
2009,1360,GUNNISON WATERSHED RE1J,Gunnison,051,district,141.3445,school_sum,,141.3445,7.0,school_panel,,7.0,1818.0,1818.0,1818.0,1963.0,779.0,Estimate
2010,1360,GUNNISON WATERSHED RE1J,Gunnison,051,district,140.172,published,140.172,140.173,7.0,school_panel,,7.0,1864.0,1864.0,1864.0,2003.0,774.0,Estimate
2011,1360,GUNNISON WATERSHED RE1J,Gunnison,051,district,133.34,school_sum,,133.34,7.0,school_panel,,7.0,1844.0,1844.0,1844.0,2072.0,763.0,Estimate
2012,1360,GUNNISON WATERSHED RE1J,Gunnison,051,district,131.27,school_sum,,131.27,5.0,school_panel,,5.0,1846.0,1846.0,1846.0,2048.0,780.0,Estimate
2013,1360,GUNNISON WATERSHED RE1J,Gunnison,051,district,132.28,school_sum,,132.28,5.0,school_panel,,5.0,1934.0,1934.0,1934.0,2054.0,782.0,Estimate
2014,1360,GUNNISON WATERSHED RE1J,Gunnison,051,district,127.7078,school_sum,,127.7078,7.0,school_panel,,7.0,1929.0,1929.0,1929.0,2060.0,767.0,Estimate
2015,1360,GUNNISON WATERSHED RE1J,Gunnison,051,district,128.09,school_sum,,128.09,7.0,school_panel,,7.0,1987.0,1987.0,1987.0,2106.0,765.0,Estimate
2016,1360,GUNNISON WATERSHED RE1J,Gunnison,051,district,131.67,published,131.67,131.67,7.0,school_panel,,7.0,2053.0,2053.0,2053.0,2142.0,780.0,Estimate
2017,1360,,Gunnison,051,,,,,,7.0,school_panel,,7.0,2073.0,2073.0,2073.0,2212.0,768.0,Estimate
2018,1360,GUNNISON WATERSHED RE1J,Gunnison,051,district,140.49,published,140.49,140.18,7.0,school_panel,,7.0,2075.0,2075.0,2075.0,2232.0,746.0,Estimate
2019,1360,Gunnison Watershed RE1J,Gunnison,051,district,143.2,school_sum,,143.2,7.0,school_panel,,7.0,2111.0,2111.0,2111.0,2225.0,737.0,Estimate
2020,1360,,Gunnison,051,,,,,,7.0,school_panel,,7.0,2074.0,2074.0,2074.0,2188.0,733.0,Estimate
2021,1360,,Gunnison,051,,,,,,7.0,school_panel,,7.0,2081.0,2081.0,2080.0,2276.0,725.0,Estimate
2022,1360,Gunnison Watershed RE1J,Gunnison,051,district,141.8,published,141.8,141.9,7.0,school_panel,,7.0,2061.0,2061.0,2061.0,2292.0,724.0,Estimate
2023,1360,Gunnison Watershed RE1J,Gunnison,051,district,143.7,published,143.7,143.7,7.0,school_panel,,7.0,2066.0,2066.0,2065.0,2294.0,725.0,Estimate
2024,1360,Gunnison Watershed RE1J,Gunnison,051,district,142.5,published,142.5,141.5,7.0,school_panel,,7.0,2096.0,2096.0,2095.0,2251.0,726.0,Estimate
1990,1380,HINSDALE COUNTY RE. 1,Hinsdale,053,district,3.0,published,3.0,,1.0,school_panel,1.0,1.0,33.0,,33.0,69.0,17.0,Estimate
1991,1380,HINSDALE COUNTY RE. 1,Hinsdale,053,district,4.0,published,4.0,,1.0,published,1.0,,44.0,,,65.0,17.0,Estimate
1992,1380,HINSDALE COUNTY RE. 1,Hinsdale,053,district,4.5,published,4.5,,1.0,school_panel,1.0,1.0,31.0,,31.0,72.0,21.0,Estimate
1993,1380,HINSDALE COUNTY RE. 1,Hinsdale,053,district,4.6,published,4.6,,1.0,school_panel,1.0,1.0,35.0,,35.0,75.0,23.0,Estimate
1994,1380,HINSDALE COUNTY RE. 1,Hinsdale,053,district,4.5,published,4.5,,1.0,school_panel,1.0,1.0,38.0,,38.0,86.0,29.0,Estimate
1995,1380,HINSDALE COUNTY RE 1,Hinsdale,053,district,4.5,published,4.5,,1.0,school_panel,1.0,1.0,39.0,,39.0,92.0,32.0,Estimate
1996,1380,HINSDALE COUNTY RE 1,Hinsdale,053,district,4.0,published,4.0,,1.0,school_panel,1.0,1.0,37.0,,37.0,96.0,37.0,Estimate
1997,1380,HINSDALE COUNTY RE 1,Hinsdale,053,district,3.0,published,3.0,,2.0,school_panel,2.0,2.0,45.0,,45.0,103.0,39.0,Estimate
1998,1380,HINSDALE COUNTY RE 1,Hinsdale,053,district,5.3,published,5.3,,3.0,school_panel,3.0,3.0,66.0,,66.0,106.0,44.0,Estimate
1999,1380,HINSDALE COUNTY RE 1,Hinsdale,053,district,,,,,3.0,school_panel,3.0,3.0,70.0,,70.0,106.0,48.0,Estimate
2000,1380,HINSDALE COUNTY RE 1,Hinsdale,053,district,7.1903,school_sum,,7.1903,3.0,school_panel,,3.0,,,63.0,106.0,48.0,Estimate
2001,1380,HINSDALE COUNTY RE 1,Hinsdale,053,district,7.6224,school_sum,,7.6224,3.0,school_panel,,3.0,,,83.0,109.0,47.0,Estimate
2002,1380,HINSDALE COUNTY RE 1,Hinsdale,053,district,9.2714,school_sum,,9.2714,3.0,school_panel,,3.0,,,80.0,104.0,51.0,Estimate
2003,1380,HINSDALE COUNTY RE 1,Hinsdale,053,district,9.8219,school_sum,,9.8219,4.0,school_panel,,4.0,85.0,85.0,85.0,97.0,53.0,Estimate
2004,1380,HINSDALE COUNTY RE 1,Hinsdale,053,district,9.5345,school_sum,,9.5345,1.0,school_panel,,1.0,83.0,83.0,83.0,106.0,49.0,Estimate
2005,1380,HINSDALE COUNTY RE 1,Hinsdale,053,district,9.6472,school_sum,,9.6472,1.0,school_panel,,1.0,95.0,95.0,95.0,104.0,47.0,Estimate
2006,1380,HINSDALE COUNTY RE 1,Hinsdale,053,district,10.375,school_sum,,10.375,1.0,school_panel,,1.0,91.0,91.0,91.0,105.0,46.0,Estimate
2007,1380,HINSDALE COUNTY RE 1,Hinsdale,053,district,9.0625,school_sum,,9.0625,1.0,school_panel,,1.0,96.0,96.0,96.0,112.0,47.0,Estimate
2008,1380,HINSDALE COUNTY RE 1,Hinsdale,053,district,9.0625,school_sum,,9.0625,1.0,school_panel,,1.0,103.0,103.0,103.0,113.0,48.0,Estimate
2009,1380,HINSDALE COUNTY RE 1,Hinsdale,053,district,10.5001,school_sum,,10.5001,1.0,school_panel,,1.0,93.0,93.0,93.0,106.0,48.0,Estimate
2010,1380,HINSDALE COUNTY RE 1,Hinsdale,053,district,1.0,published,1.0,1.0,1.0,school_panel,,1.0,96.0,96.0,96.0,109.0,57.0,Estimate
2011,1380,HINSDALE COUNTY RE 1,Hinsdale,053,district,10.38,school_sum,,10.38,1.0,school_panel,,1.0,91.0,91.0,91.0,117.0,51.0,Estimate
2012,1380,HINSDALE COUNTY RE 1,Hinsdale,053,district,10.25,school_sum,,10.25,1.0,school_panel,,1.0,81.0,81.0,81.0,124.0,46.0,Estimate
2013,1380,HINSDALE COUNTY RE 1,Hinsdale,053,district,10.44,school_sum,,10.44,1.0,school_panel,,1.0,80.0,80.0,80.0,128.0,44.0,Estimate
2014,1380,HINSDALE COUNTY RE 1,Hinsdale,053,district,12.6261,school_sum,,12.6261,1.0,school_panel,,1.0,96.0,96.0,96.0,121.0,41.0,Estimate
2015,1380,HINSDALE COUNTY RE 1,Hinsdale,053,district,14.15,school_sum,,14.15,1.0,school_panel,,1.0,109.0,109.0,109.0,124.0,37.0,Estimate
2016,1380,HINSDALE COUNTY RE 1,Hinsdale,053,district,11.06,published,11.06,11.0,1.0,school_panel,,1.0,111.0,111.0,111.0,119.0,35.0,Estimate
2017,1380,,Hinsdale,053,,,,,,1.0,school_panel,,1.0,96.0,96.0,96.0,111.0,35.0,Estimate
2018,1380,HINSDALE COUNTY RE 1,Hinsdale,053,district,10.69,published,10.69,10.5,1.0,school_panel,,1.0,80.0,80.0,80.0,115.0,26.0,Estimate
2019,1380,Hinsdale County RE 1,Hinsdale,053,district,11.2,school_sum,,11.2,1.0,school_panel,,1.0,87.0,87.0,87.0,111.0,27.0,Estimate
2020,1380,,Hinsdale,053,,,,,,1.0,school_panel,,1.0,65.0,65.0,65.0,120.0,19.0,Estimate
2021,1380,,Hinsdale,053,,,,,,1.0,school_panel,,1.0,77.0,77.0,77.0,117.0,20.0,Estimate
2022,1380,Hinsdale County RE 1,Hinsdale,053,district,11.1,published,11.1,11.1,1.0,school_panel,,1.0,81.0,81.0,81.0,113.0,20.0,Estimate
2023,1380,Hinsdale County RE 1,Hinsdale,053,district,12.0,published,12.0,12.0,1.0,school_panel,,1.0,76.0,76.0,76.0,111.0,22.0,Estimate
2024,1380,Hinsdale County RE 1,Hinsdale,053,district,10.8,published,10.8,10.8,1.0,school_panel,,1.0,75.0,75.0,75.0,105.0,21.0,Estimate
1990,1390,HUERFANO RE-1,Huerfano,055,district,52.8,published,52.8,,4.0,school_panel,4.0,4.0,807.0,,807.0,1199.0,359.0,Estimate
1991,1390,HUERFANO RE-1,Huerfano,055,district,51.8,published,51.8,,4.0,school_panel,4.0,4.0,775.0,,775.0,1184.0,350.0,Estimate
1992,1390,HUERFANO RE-1,Huerfano,055,district,51.8,published,51.8,,4.0,school_panel,4.0,4.0,803.0,,803.0,1186.0,347.0,Estimate
1993,1390,HUERFANO RE-1,Huerfano,055,district,52.8,published,52.8,,4.0,school_panel,4.0,4.0,816.0,,816.0,1214.0,352.0,Estimate
1994,1390,HUERFANO RE-1,Huerfano,055,district,56.8,published,56.8,,5.0,school_panel,5.0,5.0,866.0,,866.0,1280.0,366.0,Estimate
1995,1390,HUERFANO RE-1,Huerfano,055,district,55.8,published,55.8,,5.0,school_panel,5.0,5.0,901.0,,901.0,1301.0,368.0,Estimate
1996,1390,HUERFANO RE-1,Huerfano,055,district,57.8,published,57.8,,5.0,school_panel,5.0,5.0,924.0,,924.0,1318.0,366.0,Estimate
1997,1390,HUERFANO RE-1,Huerfano,055,district,56.6,published,56.6,,5.0,school_panel,5.0,5.0,947.0,,947.0,1341.0,370.0,Estimate
1998,1390,HUERFANO RE-1,Huerfano,055,district,60.2,published,60.2,,5.0,school_panel,4.0,5.0,885.0,,885.0,1335.0,362.0,Estimate
1999,1390,HUERFANO RE-1,Huerfano,055,district,,,,,4.0,school_panel,4.0,4.0,822.0,,822.0,1318.0,353.0,Estimate
2000,1390,HUERFANO RE-1,Huerfano,055,district,58.8289,school_sum,,58.8289,4.0,school_panel,,4.0,,,795.0,1293.0,339.0,Estimate
2001,1390,HUERFANO RE-1,Huerfano,055,district,54.4134,school_sum,,54.4134,4.0,school_panel,,4.0,848.0,848.0,848.0,1272.0,349.0,Estimate
2002,1390,HUERFANO RE-1,Huerfano,055,district,54.0687,school_sum,,54.0687,4.0,school_panel,,4.0,830.0,830.0,830.0,1255.0,351.0,Estimate
2003,1390,HUERFANO RE-1,Huerfano,055,district,51.6707,school_sum,,51.6707,4.0,school_panel,,4.0,737.0,737.0,737.0,1218.0,385.0,Estimate
2004,1390,HUERFANO RE-1,Huerfano,055,district,49.42,school_sum,,49.42,7.0,school_panel,,7.0,716.0,716.0,716.0,1132.0,367.0,Estimate
2005,1390,HUERFANO RE-1,Huerfano,055,district,51.0624,school_sum,,51.0624,5.0,school_panel,,5.0,747.0,747.0,747.0,1115.0,385.0,Estimate
2006,1390,HUERFANO RE-1,Huerfano,055,district,51.5908,school_sum,,51.5908,5.0,school_panel,,5.0,700.0,700.0,700.0,1062.0,367.0,Estimate
2007,1390,HUERFANO RE-1,Huerfano,055,district,46.8588,school_sum,,46.8588,5.0,school_panel,,5.0,702.0,702.0,702.0,1057.0,346.0,Estimate
2008,1390,HUERFANO RE-1,Huerfano,055,district,49.7265,school_sum,,49.7265,5.0,school_panel,,5.0,691.0,691.0,691.0,1046.0,332.0,Estimate
2009,1390,HUERFANO RE-1,Huerfano,055,district,47.8573,school_sum,,47.8573,4.0,school_panel,,4.0,620.0,620.0,620.0,920.0,279.0,Estimate
2010,1390,HUERFANO RE-1,Huerfano,055,district,43.225,published,43.225,43.226,4.0,school_panel,,4.0,575.0,575.0,575.0,894.0,273.0,Estimate
2011,1390,HUERFANO RE-1,Huerfano,055,district,40.24,school_sum,,40.24,4.0,school_panel,,4.0,554.0,554.0,554.0,843.0,274.0,Estimate
2012,1390,HUERFANO RE-1,Huerfano,055,district,41.49,school_sum,,41.49,3.0,school_panel,,3.0,520.0,520.0,520.0,820.0,282.0,Estimate
2013,1390,HUERFANO RE-1,Huerfano,055,district,42.97,school_sum,,42.97,3.0,school_panel,,3.0,511.0,511.0,511.0,819.0,271.0,Estimate
2014,1390,HUERFANO RE-1,Huerfano,055,district,44.0562,school_sum,,44.0562,3.0,school_panel,,3.0,537.0,537.0,537.0,820.0,257.0,Estimate
2015,1390,HUERFANO RE-1,Huerfano,055,district,39.48,school_sum,,39.48,3.0,school_panel,,3.0,548.0,548.0,548.0,827.0,263.0,Estimate
2016,1390,HUERFANO RE-1,Huerfano,055,district,36.82,published,36.82,36.82,3.0,school_panel,,3.0,562.0,562.0,562.0,831.0,262.0,Estimate
2017,1390,,Huerfano,055,,,,,,3.0,school_panel,,3.0,553.0,553.0,553.0,852.0,249.0,Estimate
2018,1390,HUERFANO RE-1,Huerfano,055,district,24.59,published,24.59,24.59,3.0,school_panel,,3.0,524.0,524.0,524.0,868.0,249.0,Estimate
2019,1390,Huerfano Re-1,Huerfano,055,district,23.8,school_sum,,23.8,3.0,school_panel,,3.0,541.0,541.0,541.0,859.0,246.0,Estimate
2020,1390,,Huerfano,055,,,,,,4.0,school_panel,,4.0,542.0,542.0,539.0,843.0,243.0,Estimate
2021,1390,,Huerfano,055,,,,,,3.0,school_panel,,3.0,512.0,512.0,512.0,832.0,242.0,Estimate
2022,1390,Huerfano Re-1,Huerfano,055,district,35.4,published,35.4,35.4,3.0,school_panel,,3.0,491.0,491.0,491.0,833.0,242.0,Estimate
2023,1390,Huerfano Re-1,Huerfano,055,district,13.5,published,13.5,13.5,3.0,school_panel,,3.0,478.0,478.0,478.0,824.0,230.0,Estimate
2024,1390,Huerfano Re-1,Huerfano,055,district,30.7,published,30.7,30.7,3.0,school_panel,,3.0,443.0,443.0,442.0,832.0,234.0,Estimate
1990,1400,LA VETA RE-2,Huerfano,055,district,20.0,published,20.0,,2.0,school_panel,2.0,2.0,227.0,,227.0,1199.0,359.0,Estimate
1991,1400,LA VETA RE-2,Huerfano,055,district,19.5,published,19.5,,2.0,school_panel,2.0,2.0,257.0,,257.0,1184.0,350.0,Estimate
1992,1400,LA VETA RE-2,Huerfano,055,district,19.5,published,19.5,,2.0,school_panel,2.0,2.0,265.0,,265.0,1186.0,347.0,Estimate
1993,1400,LA VETA RE-2,Huerfano,055,district,19.0,published,19.0,,2.0,school_panel,2.0,2.0,285.0,,285.0,1214.0,352.0,Estimate
1994,1400,LA VETA RE-2,Huerfano,055,district,20.5,published,20.5,,2.0,school_panel,2.0,2.0,273.0,,273.0,1280.0,366.0,Estimate
1995,1400,LA VETA RE-2,Huerfano,055,district,23.0,published,23.0,,2.0,school_panel,2.0,2.0,265.0,,265.0,1301.0,368.0,Estimate
1996,1400,LA VETA RE-2,Huerfano,055,district,22.0,published,22.0,,2.0,school_panel,2.0,2.0,304.0,,304.0,1318.0,366.0,Estimate
1997,1400,LA VETA RE-2,Huerfano,055,district,23.0,published,23.0,,2.0,school_panel,2.0,2.0,328.0,,328.0,1341.0,370.0,Estimate
1998,1400,LA VETA RE-2,Huerfano,055,district,26.0,published,26.0,,2.0,school_panel,2.0,2.0,332.0,,332.0,1335.0,362.0,Estimate
1999,1400,LA VETA RE-2,Huerfano,055,district,,,,,2.0,school_panel,2.0,2.0,327.0,,327.0,1318.0,353.0,Estimate
2000,1400,LA VETA RE-2,Huerfano,055,district,21.1986,school_sum,,21.1986,2.0,school_panel,,2.0,,,330.0,1293.0,339.0,Estimate
2001,1400,LA VETA RE-2,Huerfano,055,district,18.1579,school_sum,,18.1579,2.0,school_panel,,2.0,175.0,175.0,293.0,1272.0,349.0,Estimate
2002,1400,LA VETA RE-2,Huerfano,055,district,20.4194,school_sum,,20.4194,2.0,school_panel,,2.0,170.0,170.0,289.0,1255.0,351.0,Estimate
2003,1400,LA VETA RE-2,Huerfano,055,district,20.207,school_sum,,20.207,2.0,school_panel,,2.0,252.0,252.0,252.0,1218.0,385.0,Estimate
2004,1400,LA VETA RE-2,Huerfano,055,district,20.7044,school_sum,,20.7044,2.0,school_panel,,2.0,258.0,258.0,258.0,1132.0,367.0,Estimate
2005,1400,LA VETA RE-2,Huerfano,055,district,21.0392,school_sum,,21.0392,2.0,school_panel,,2.0,247.0,247.0,247.0,1115.0,385.0,Estimate
2006,1400,LA VETA RE-2,Huerfano,055,district,19.7143,school_sum,,19.7143,2.0,school_panel,,2.0,293.0,293.0,293.0,1062.0,367.0,Estimate
2007,1400,LA VETA RE-2,Huerfano,055,district,21.2764,school_sum,,21.2764,2.0,school_panel,,2.0,289.0,289.0,289.0,1057.0,346.0,Estimate
2008,1400,LA VETA RE-2,Huerfano,055,district,22.0568,school_sum,,22.0568,2.0,school_panel,,2.0,257.0,257.0,257.0,1046.0,332.0,Estimate
2009,1400,LA VETA RE-2,Huerfano,055,district,20.9675,school_sum,,20.9675,2.0,school_panel,,2.0,254.0,254.0,254.0,920.0,279.0,Estimate
2010,1400,LA VETA RE-2,Huerfano,055,district,21.905,published,21.905,21.906,2.0,school_panel,,2.0,223.0,223.0,223.0,894.0,273.0,Estimate
2011,1400,LA VETA RE-2,Huerfano,055,district,20.42,school_sum,,20.42,2.0,school_panel,,2.0,225.0,225.0,225.0,843.0,274.0,Estimate
2012,1400,LA VETA RE-2,Huerfano,055,district,21.17,school_sum,,21.17,2.0,school_panel,,2.0,226.0,226.0,226.0,820.0,282.0,Estimate
2013,1400,LA VETA RE-2,Huerfano,055,district,19.11,school_sum,,19.11,2.0,school_panel,,2.0,191.0,191.0,191.0,819.0,271.0,Estimate
2014,1400,LA VETA RE-2,Huerfano,055,district,19.3077,school_sum,,19.3077,2.0,school_panel,,2.0,215.0,215.0,215.0,820.0,257.0,Estimate
2015,1400,LA VETA RE-2,Huerfano,055,district,21.77,school_sum,,21.77,2.0,school_panel,,2.0,219.0,219.0,219.0,827.0,263.0,Estimate
2016,1400,LA VETA RE-2,Huerfano,055,district,20.65,published,20.65,20.65,2.0,school_panel,,2.0,220.0,220.0,220.0,831.0,262.0,Estimate
2017,1400,,Huerfano,055,,,,,,2.0,school_panel,,2.0,227.0,227.0,227.0,852.0,249.0,Estimate
2018,1400,LA VETA RE-2,Huerfano,055,district,23.15,published,23.15,23.15,2.0,school_panel,,2.0,215.0,215.0,215.0,868.0,249.0,Estimate
2019,1400,La Veta Re-2,Huerfano,055,district,22.8,school_sum,,22.8,2.0,school_panel,,2.0,212.0,212.0,212.0,859.0,246.0,Estimate
2020,1400,,Huerfano,055,,,,,,2.0,school_panel,,2.0,206.0,206.0,206.0,843.0,243.0,Estimate
2021,1400,,Huerfano,055,,,,,,2.0,school_panel,,2.0,207.0,207.0,207.0,832.0,242.0,Estimate
2022,1400,La Veta Re-2,Huerfano,055,district,22.4,published,22.4,22.4,2.0,school_panel,,2.0,238.0,238.0,238.0,833.0,242.0,Estimate
2023,1400,La Veta Re-2,Huerfano,055,district,26.4,published,26.4,26.4,2.0,school_panel,,2.0,218.0,218.0,218.0,824.0,230.0,Estimate
2024,1400,La Veta Re-2,Huerfano,055,district,16.5,published,16.5,15.6,2.0,school_panel,,2.0,238.0,238.0,238.0,832.0,234.0,Estimate
1990,1410,NORTH PARK R-1,Jackson,057,district,22.5,published,22.5,,2.0,school_panel,2.0,2.0,298.0,,298.0,300.0,115.0,Estimate
1991,1410,NORTH PARK R-1,Jackson,057,district,24.9,published,24.9,,2.0,school_panel,2.0,2.0,306.0,,306.0,294.0,109.0,Estimate
1992,1410,NORTH PARK R-1,Jackson,057,district,24.9,published,24.9,,2.0,school_panel,2.0,2.0,336.0,,336.0,299.0,108.0,Estimate
1993,1410,NORTH PARK R-1,Jackson,057,district,22.6,published,22.6,,2.0,school_panel,2.0,2.0,333.0,,333.0,312.0,110.0,Estimate
1994,1410,NORTH PARK R-1,Jackson,057,district,23.7,published,23.7,,2.0,school_panel,2.0,2.0,325.0,,325.0,315.0,107.0,Estimate
1995,1410,NORTH PARK R-1,Jackson,057,district,23.7,published,23.7,,2.0,school_panel,2.0,2.0,327.0,,327.0,313.0,103.0,Estimate
1996,1410,NORTH PARK R-1,Jackson,057,district,23.0,published,23.0,,2.0,school_panel,2.0,2.0,316.0,,316.0,309.0,99.0,Estimate
1997,1410,NORTH PARK R-1,Jackson,057,district,24.0,published,24.0,,2.0,school_panel,2.0,2.0,327.0,,327.0,312.0,96.0,Estimate
1998,1410,NORTH PARK R-1,Jackson,057,district,25.6,published,25.6,,2.0,school_panel,2.0,2.0,306.0,,306.0,315.0,93.0,Estimate
1999,1410,NORTH PARK R-1,Jackson,057,district,,,,,2.0,school_panel,2.0,2.0,309.0,,309.0,314.0,90.0,Estimate
2000,1410,NORTH PARK R-1,Jackson,057,district,20.1163,school_sum,,20.1163,2.0,school_panel,,2.0,,,304.0,314.0,89.0,Estimate
2001,1410,NORTH PARK R-1,Jackson,057,district,25.1163,school_sum,,25.1163,2.0,school_panel,,2.0,149.0,149.0,301.0,309.0,90.0,Estimate
2002,1410,NORTH PARK R-1,Jackson,057,district,25.1143,school_sum,,25.1143,2.0,school_panel,,2.0,289.0,289.0,289.0,295.0,85.0,Estimate
2003,1410,NORTH PARK R-1,Jackson,057,district,22.9375,school_sum,,22.9375,2.0,school_panel,,2.0,279.0,279.0,279.0,288.0,81.0,Estimate
2004,1410,NORTH PARK R-1,Jackson,057,district,20.4672,school_sum,,20.4672,2.0,school_panel,,2.0,263.0,263.0,263.0,267.0,74.0,Estimate
2005,1410,NORTH PARK R-1,Jackson,057,district,19.3011,school_sum,,19.3011,2.0,school_panel,,2.0,245.0,245.0,245.0,243.0,67.0,Estimate
2006,1410,NORTH PARK R-1,Jackson,057,district,19.5122,school_sum,,19.5122,2.0,school_panel,,2.0,248.0,248.0,248.0,238.0,60.0,Estimate
2007,1410,NORTH PARK R-1,Jackson,057,district,20.2685,school_sum,,20.2685,2.0,school_panel,,2.0,218.0,218.0,218.0,211.0,55.0,Estimate
2008,1410,NORTH PARK R-1,Jackson,057,district,22.8356,school_sum,,22.8356,2.0,school_panel,,2.0,232.0,232.0,232.0,206.0,49.0,Estimate
2009,1410,NORTH PARK R-1,Jackson,057,district,20.5555,school_sum,,20.5555,2.0,school_panel,,2.0,230.0,230.0,230.0,214.0,54.0,Estimate
2010,1410,NORTH PARK R-1,Jackson,057,district,20.333,published,20.333,20.334,2.0,school_panel,,2.0,211.0,211.0,211.0,200.0,65.0,Estimate
2011,1410,NORTH PARK R-1,Jackson,057,district,22.11,school_sum,,22.11,2.0,school_panel,,2.0,196.0,196.0,196.0,200.0,63.0,Estimate
2012,1410,NORTH PARK R-1,Jackson,057,district,22.13,school_sum,,22.13,2.0,school_panel,,2.0,206.0,206.0,206.0,208.0,54.0,Estimate
2013,1410,NORTH PARK R-1,Jackson,057,district,19.33,school_sum,,19.33,2.0,school_panel,,2.0,213.0,213.0,213.0,212.0,48.0,Estimate
2014,1410,NORTH PARK R-1,Jackson,057,district,20.4632,school_sum,,20.4632,2.0,school_panel,,2.0,190.0,190.0,190.0,207.0,55.0,Estimate
2015,1410,NORTH PARK R-1,Jackson,057,district,22.03,school_sum,,22.03,1.0,school_panel,,1.0,197.0,197.0,197.0,201.0,57.0,Estimate
2016,1410,NORTH PARK R-1,Jackson,057,district,19.53,published,19.53,19.53,1.0,school_panel,,1.0,192.0,192.0,192.0,202.0,59.0,Estimate
2017,1410,,Jackson,057,,,,,,1.0,school_panel,,1.0,186.0,186.0,186.0,192.0,63.0,Estimate
2018,1410,NORTH PARK R-1,Jackson,057,district,15.09,published,15.09,15.09,1.0,school_panel,,1.0,184.0,184.0,184.0,187.0,66.0,Estimate
2019,1410,North Park R-1,Jackson,057,district,17.7,school_sum,,17.7,1.0,school_panel,,1.0,179.0,179.0,179.0,192.0,56.0,Estimate
2020,1410,,Jackson,057,,,,,,1.0,school_panel,,1.0,158.0,158.0,158.0,185.0,54.0,Estimate
2021,1410,,Jackson,057,,,,,,1.0,school_panel,,1.0,173.0,173.0,172.0,186.0,50.0,Estimate
2022,1410,North Park R-1,Jackson,057,district,12.4,published,12.4,12.4,1.0,school_panel,,1.0,186.0,186.0,186.0,175.0,41.0,Estimate
2023,1410,North Park R-1,Jackson,057,district,13.1,published,13.1,13.1,1.0,school_panel,,1.0,155.0,155.0,155.0,176.0,39.0,Estimate
2024,1410,North Park R-1,Jackson,057,district,12.7,published,12.7,12.7,1.0,school_panel,,1.0,144.0,144.0,144.0,166.0,41.0,Estimate
1990,1420,JEFFERSON COUNTY R-1,Jefferson,059,district,3580.7,published,3580.7,,123.0,school_panel,123.0,123.0,76275.0,,76275.0,83005.0,33854.0,Estimate
1991,1420,JEFFERSON COUNTY R-1,Jefferson,059,district,3704.2,published,3704.2,,129.0,school_panel,129.0,129.0,79244.0,,79244.0,84934.0,33834.0,Estimate
1992,1420,JEFFERSON COUNTY R-1,Jefferson,059,district,3841.2,published,3841.2,,128.0,school_panel,128.0,128.0,81311.0,,81311.0,87620.0,34237.0,Estimate
1993,1420,JEFFERSON COUNTY R-1,Jefferson,059,district,3820.0,published,3820.0,,128.0,school_panel,128.0,128.0,82760.0,,82760.0,90083.0,34513.0,Estimate
1994,1420,JEFFERSON COUNTY R-1,Jefferson,059,district,3934.6,published,3934.6,,143.0,school_panel,140.0,143.0,84018.0,,84018.0,91520.0,34369.0,Estimate
1995,1420,JEFFERSON COUNTY R-1,Jefferson,059,district,4004.7,published,4004.7,,142.0,school_panel,138.0,142.0,85495.0,,85392.0,93080.0,34248.0,Estimate
1996,1420,JEFFERSON COUNTY R-1,Jefferson,059,district,4134.4,published,4134.4,,150.0,school_panel,146.0,150.0,86670.0,,86670.0,94427.0,34030.0,Estimate
1997,1420,JEFFERSON COUNTY R-1,Jefferson,059,district,4178.4,published,4178.4,,155.0,school_panel,151.0,155.0,88006.0,,88006.0,95671.0,33757.0,Estimate
1998,1420,JEFFERSON COUNTY R-1,Jefferson,059,district,4282.4,published,4282.4,,158.0,school_panel,158.0,158.0,88654.0,,88654.0,97308.0,33600.0,Estimate
1999,1420,JEFFERSON COUNTY R-1,Jefferson,059,district,,,,,158.0,school_panel,158.0,158.0,88579.0,,88579.0,98962.0,33426.0,Estimate
2000,1420,JEFFERSON COUNTY R-1,Jefferson,059,district,4479.3528,school_sum,,4479.3528,162.0,school_panel,,162.0,,,87703.0,100162.0,33078.0,Estimate
2001,1420,JEFFERSON COUNTY R-1,Jefferson,059,district,4568.7891,school_sum,,4568.7891,169.0,school_panel,,169.0,72574.0,72574.0,88437.0,99324.0,32581.0,Estimate
2002,1420,JEFFERSON COUNTY R-1,Jefferson,059,district,4685.0994,school_sum,,4685.0994,170.0,school_panel,,170.0,74615.0,74615.0,87925.0,97822.0,32058.0,Estimate
2003,1420,JEFFERSON COUNTY R-1,Jefferson,059,district,4647.6451,school_sum,,4647.6451,171.0,school_panel,,171.0,87172.0,87172.0,87172.0,95777.0,31713.0,Estimate
2004,1420,JEFFERSON COUNTY R-1,Jefferson,059,district,4577.2275,school_sum,,4577.2275,167.0,school_panel,,167.0,86868.0,86868.0,86868.0,94011.0,31546.0,Estimate
2005,1420,JEFFERSON COUNTY R-1,Jefferson,059,district,4341.281,school_sum,,4341.281,168.0,school_panel,,168.0,86332.0,86332.0,86332.0,92208.0,31135.0,Estimate
2006,1420,JEFFERSON COUNTY R-1,Jefferson,059,district,4764.9889,school_sum,,4764.9889,160.0,school_panel,,160.0,86154.0,86154.0,86154.0,91010.0,31007.0,Estimate
2007,1420,JEFFERSON COUNTY R-1,Jefferson,059,district,4843.1082,school_sum,,4843.1082,162.0,school_panel,,162.0,86168.0,86168.0,86168.0,90401.0,30945.0,Estimate
2008,1420,JEFFERSON COUNTY R-1,Jefferson,059,district,4892.9712,school_sum,,4892.9712,161.0,school_panel,,161.0,85876.0,85876.0,85876.0,89877.0,30938.0,Estimate
2009,1420,JEFFERSON COUNTY R-1,Jefferson,059,district,4511.0619,school_sum,,4511.0619,163.0,school_panel,,163.0,86250.0,86250.0,86250.0,89040.0,30585.0,Estimate
2010,1420,JEFFERSON COUNTY R-1,Jefferson,059,district,4869.284,published,4869.284,4815.644,163.0,school_panel,,163.0,85938.0,85930.0,85930.0,88516.0,30261.0,Estimate
2011,1420,JEFFERSON COUNTY R-1,Jefferson,059,district,4338.48,school_sum,,4338.48,162.0,school_panel,,162.0,85751.0,85751.0,85751.0,88119.0,29842.0,Estimate
2012,1420,JEFFERSON COUNTY R-1,Jefferson,059,district,4398.87,school_sum,,4398.87,162.0,school_panel,,162.0,85508.0,85508.0,85508.0,87825.0,29466.0,Estimate
2013,1420,JEFFERSON COUNTY R-1,Jefferson,059,district,4741.55,school_sum,,4741.55,163.0,school_panel,,163.0,85983.0,85983.0,85983.0,87578.0,29221.0,Estimate
2014,1420,JEFFERSON COUNTY R-1,Jefferson,059,district,4676.1867,school_sum,,4676.1867,164.0,school_panel,,164.0,86537.0,86537.0,86537.0,87512.0,29414.0,Estimate
2015,1420,JEFFERSON COUNTY R-1,Jefferson,059,district,4761.77,school_sum,,4761.77,163.0,school_panel,,163.0,86698.0,86698.0,86698.0,87318.0,29597.0,Estimate
2016,1420,JEFFERSON COUNTY R-1,Jefferson,059,district,4734.32,published,4734.32,4690.88,163.0,school_panel,,163.0,86337.0,86337.0,86337.0,87060.0,30006.0,Estimate
2017,1420,,Jefferson,059,,,,,,166.0,school_panel,,166.0,86097.0,86097.0,86097.0,86225.0,30174.0,Estimate
2018,1420,JEFFERSON COUNTY R-1,Jefferson,059,district,4684.29,published,4684.29,4667.2,164.0,school_panel,,164.0,84608.0,84608.0,84608.0,85757.0,30026.0,Estimate
2019,1420,Jefferson County R-1,Jefferson,059,district,4710.8,school_sum,,4710.8,164.0,school_panel,,164.0,84032.0,84032.0,84032.0,85512.0,29627.0,Estimate
2020,1420,,Jefferson,059,,,,,,164.0,school_panel,,164.0,80077.0,80077.0,80077.0,85139.0,29333.0,Estimate
2021,1420,,Jefferson,059,,,,,,163.0,school_panel,,163.0,78473.0,78473.0,76891.0,84749.0,28681.0,Estimate
2022,1420,Jefferson County R-1,Jefferson,059,district,4551.0,published,4551.0,4521.7,161.0,school_panel,,161.0,77078.0,77078.0,75313.0,84031.0,28061.0,Estimate
2023,1420,Jefferson County R-1,Jefferson,059,district,4422.800000000001,published,4422.800000000001,4422.8,146.0,school_panel,,146.0,76172.0,76172.0,74235.0,83299.0,27828.0,Estimate
2024,1420,Jefferson County R-1,Jefferson,059,district,4413.7,published,4413.7,4386.8,144.0,school_panel,,144.0,75495.0,75495.0,73519.0,82580.0,27604.0,Estimate
1990,1430,EADS RE-1,Kiowa,061,district,24.4,published,24.4,,4.0,school_panel,4.0,4.0,314.0,,314.0,382.0,102.0,Estimate
1991,1430,EADS RE-1,Kiowa,061,district,24.5,published,24.5,,4.0,school_panel,4.0,4.0,308.0,,308.0,377.0,101.0,Estimate
1992,1430,EADS RE-1,Kiowa,061,district,21.7,published,21.7,,3.0,school_panel,3.0,3.0,309.0,,309.0,375.0,103.0,Estimate
1993,1430,EADS RE-1,Kiowa,061,district,17.0,published,17.0,,3.0,school_panel,3.0,3.0,295.0,,295.0,371.0,102.0,Estimate
1994,1430,EADS RE-1,Kiowa,061,district,19.0,published,19.0,,3.0,school_panel,3.0,3.0,307.0,,307.0,365.0,102.0,Estimate
1995,1430,EADS RE-1,Kiowa,061,district,22.8,published,22.8,,3.0,school_panel,3.0,3.0,306.0,,306.0,346.0,98.0,Estimate
1996,1430,EADS RE-1,Kiowa,061,district,23.5,published,23.5,,3.0,school_panel,3.0,3.0,296.0,,296.0,347.0,98.0,Estimate
1997,1430,EADS RE-1,Kiowa,061,district,25.9,published,25.9,,3.0,school_panel,3.0,3.0,288.0,,288.0,341.0,99.0,Estimate
1998,1430,EADS RE-1,Kiowa,061,district,22.5,published,22.5,,3.0,school_panel,3.0,3.0,307.0,,307.0,336.0,99.0,Estimate
1999,1430,EADS RE-1,Kiowa,061,district,,,,,3.0,school_panel,3.0,3.0,277.0,,277.0,327.0,97.0,Estimate
2000,1430,EADS RE-1,Kiowa,061,district,24.0417,school_sum,,24.0417,3.0,school_panel,,3.0,,,275.0,323.0,97.0,Estimate
2001,1430,EADS RE-1,Kiowa,061,district,21.0345,school_sum,,21.0345,3.0,school_panel,,3.0,252.0,252.0,252.0,317.0,86.0,Estimate
2002,1430,EADS RE-1,Kiowa,061,district,21.1533,school_sum,,21.1533,3.0,school_panel,,3.0,221.0,221.0,221.0,294.0,80.0,Estimate
2003,1430,EADS RE-1,Kiowa,061,district,20.3529,school_sum,,20.3529,3.0,school_panel,,3.0,210.0,210.0,210.0,283.0,76.0,Estimate
2004,1430,EADS RE-1,Kiowa,061,district,21.065,school_sum,,21.065,3.0,school_panel,,3.0,205.0,205.0,205.0,270.0,75.0,Estimate
2005,1430,EADS RE-1,Kiowa,061,district,19.3283,school_sum,,19.3283,3.0,school_panel,,3.0,200.0,200.0,200.0,278.0,76.0,Estimate
2006,1430,EADS RE-1,Kiowa,061,district,18.8266,school_sum,,18.8266,3.0,school_panel,,3.0,177.0,177.0,177.0,262.0,73.0,Estimate
2007,1430,EADS RE-1,Kiowa,061,district,20.0935,school_sum,,20.0935,3.0,school_panel,,3.0,192.0,192.0,192.0,252.0,69.0,Estimate
2008,1430,EADS RE-1,Kiowa,061,district,21.0935,school_sum,,21.0935,3.0,school_panel,,3.0,202.0,202.0,202.0,244.0,65.0,Estimate
2009,1430,EADS RE-1,Kiowa,061,district,18.8776,school_sum,,18.8776,3.0,school_panel,,3.0,189.0,189.0,189.0,237.0,61.0,Estimate
2010,1430,EADS RE-1,Kiowa,061,district,18.934,published,18.934,18.933,3.0,school_panel,,3.0,187.0,187.0,187.0,249.0,70.0,Estimate
2011,1430,EADS RE-1,Kiowa,061,district,18.71,school_sum,,18.71,3.0,school_panel,,3.0,185.0,185.0,185.0,238.0,79.0,Estimate
2012,1430,EADS RE-1,Kiowa,061,district,19.94,school_sum,,19.94,3.0,school_panel,,3.0,180.0,180.0,180.0,234.0,73.0,Estimate
2013,1430,EADS RE-1,Kiowa,061,district,20.33,school_sum,,20.33,3.0,school_panel,,3.0,181.0,181.0,181.0,230.0,73.0,Estimate
2014,1430,EADS RE-1,Kiowa,061,district,20.4067,school_sum,,20.4067,3.0,school_panel,,3.0,175.0,175.0,175.0,232.0,76.0,Estimate
2015,1430,EADS RE-1,Kiowa,061,district,18.08,school_sum,,18.08,3.0,school_panel,,3.0,171.0,171.0,171.0,229.0,83.0,Estimate
2016,1430,EADS RE-1,Kiowa,061,district,17.32,published,17.32,17.32,3.0,school_panel,,3.0,192.0,192.0,192.0,244.0,82.0,Estimate
2017,1430,,Kiowa,061,,,,,,3.0,school_panel,,3.0,184.0,184.0,184.0,241.0,92.0,Estimate
2018,1430,EADS RE-1,Kiowa,061,district,17.12,published,17.12,17.13,3.0,school_panel,,3.0,208.0,208.0,208.0,245.0,95.0,Estimate
2019,1430,Eads RE-1,Kiowa,061,district,17.3,school_sum,,17.3,3.0,school_panel,,3.0,203.0,203.0,203.0,264.0,84.0,Estimate
2020,1430,,Kiowa,061,,,,,,3.0,school_panel,,3.0,215.0,215.0,215.0,255.0,79.0,Estimate
2021,1430,,Kiowa,061,,,,,,3.0,school_panel,,3.0,219.0,219.0,219.0,256.0,78.0,Estimate
2022,1430,Eads RE-1,Kiowa,061,district,18.0,published,18.0,18.0,3.0,school_panel,,3.0,211.0,211.0,211.0,263.0,71.0,Estimate
2023,1430,Eads RE-1,Kiowa,061,district,17.9,published,17.9,17.9,3.0,school_panel,,3.0,217.0,217.0,217.0,253.0,74.0,Estimate
2024,1430,Eads RE-1,Kiowa,061,district,18.2,published,18.2,16.1,3.0,school_panel,,3.0,211.0,211.0,211.0,264.0,91.0,Estimate
1990,1440,PLAINVIEW RE-2,Kiowa,061,district,14.0,published,14.0,,2.0,school_panel,2.0,2.0,98.0,,98.0,382.0,102.0,Estimate
1991,1440,PLAINVIEW RE-2,Kiowa,061,district,14.9,published,14.9,,2.0,school_panel,2.0,2.0,111.0,,111.0,377.0,101.0,Estimate
1992,1440,PLAINVIEW RE-2,Kiowa,061,district,14.9,published,14.9,,2.0,school_panel,2.0,2.0,101.0,,101.0,375.0,103.0,Estimate
1993,1440,PLAINVIEW RE-2,Kiowa,061,district,15.0,published,15.0,,2.0,school_panel,2.0,2.0,97.0,,97.0,371.0,102.0,Estimate
1994,1440,PLAINVIEW RE-2,Kiowa,061,district,13.0,published,13.0,,2.0,school_panel,2.0,2.0,85.0,,85.0,365.0,102.0,Estimate
1995,1440,PLAINVIEW RE-2,Kiowa,061,district,12.0,published,12.0,,2.0,school_panel,2.0,2.0,83.0,,83.0,346.0,98.0,Estimate
1996,1440,PLAINVIEW RE-2,Kiowa,061,district,12.0,published,12.0,,2.0,school_panel,2.0,2.0,83.0,,83.0,347.0,98.0,Estimate
1997,1440,PLAINVIEW RE-2,Kiowa,061,district,12.0,published,12.0,,2.0,school_panel,2.0,2.0,92.0,,92.0,341.0,99.0,Estimate
1998,1440,PLAINVIEW RE-2,Kiowa,061,district,12.5,published,12.5,,2.0,school_panel,2.0,2.0,87.0,,87.0,336.0,99.0,Estimate
1999,1440,PLAINVIEW RE-2,Kiowa,061,district,,,,,2.0,school_panel,2.0,2.0,76.0,,76.0,327.0,97.0,Estimate
2000,1440,PLAINVIEW RE-2,Kiowa,061,district,11.6708,school_sum,,11.6708,2.0,school_panel,,2.0,,,87.0,323.0,97.0,Estimate
2001,1440,PLAINVIEW RE-2,Kiowa,061,district,11.25,school_sum,,11.25,2.0,school_panel,,2.0,35.0,35.0,66.0,317.0,86.0,Estimate
2002,1440,PLAINVIEW RE-2,Kiowa,061,district,8.4832,school_sum,,8.4832,2.0,school_panel,,2.0,32.0,32.0,59.0,294.0,80.0,Estimate
2003,1440,PLAINVIEW RE-2,Kiowa,061,district,8.3301,school_sum,,8.3301,2.0,school_panel,,2.0,62.0,62.0,62.0,283.0,76.0,Estimate
2004,1440,PLAINVIEW RE-2,Kiowa,061,district,8.0913,school_sum,,8.0913,2.0,school_panel,,2.0,58.0,58.0,58.0,270.0,75.0,Estimate
2005,1440,PLAINVIEW RE-2,Kiowa,061,district,8.597,school_sum,,8.597,2.0,school_panel,,2.0,57.0,57.0,57.0,278.0,76.0,Estimate
2006,1440,PLAINVIEW RE-2,Kiowa,061,district,8.8385,school_sum,,8.8385,2.0,school_panel,,2.0,66.0,66.0,66.0,262.0,73.0,Estimate
2007,1440,PLAINVIEW RE-2,Kiowa,061,district,7.9375,school_sum,,7.9375,2.0,school_panel,,2.0,61.0,61.0,61.0,252.0,69.0,Estimate
2008,1440,PLAINVIEW RE-2,Kiowa,061,district,10.3942,school_sum,,10.3942,2.0,school_panel,,2.0,79.0,79.0,79.0,244.0,65.0,Estimate
2009,1440,PLAINVIEW RE-2,Kiowa,061,district,11.3938,school_sum,,11.3938,2.0,school_panel,,2.0,83.0,83.0,83.0,237.0,61.0,Estimate
2010,1440,PLAINVIEW RE-2,Kiowa,061,district,11.894,published,11.894,11.895,2.0,school_panel,,2.0,85.0,85.0,85.0,249.0,70.0,Estimate
2011,1440,PLAINVIEW RE-2,Kiowa,061,district,10.76,school_sum,,10.76,2.0,school_panel,,2.0,90.0,90.0,90.0,238.0,79.0,Estimate
2012,1440,PLAINVIEW RE-2,Kiowa,061,district,8.62,school_sum,,8.62,2.0,school_panel,,2.0,80.0,80.0,80.0,234.0,73.0,Estimate
2013,1440,PLAINVIEW RE-2,Kiowa,061,district,10.58,school_sum,,10.58,2.0,school_panel,,2.0,72.0,72.0,72.0,230.0,73.0,Estimate
2014,1440,PLAINVIEW RE-2,Kiowa,061,district,10.6153,school_sum,,10.6153,2.0,school_panel,,2.0,66.0,66.0,66.0,232.0,76.0,Estimate
2015,1440,PLAINVIEW RE-2,Kiowa,061,district,10.43,school_sum,,10.43,2.0,school_panel,,2.0,62.0,62.0,62.0,229.0,83.0,Estimate
2016,1440,PLAINVIEW RE-2,Kiowa,061,district,8.25,published,8.25,8.25,2.0,school_panel,,2.0,63.0,63.0,63.0,244.0,82.0,Estimate
2017,1440,,Kiowa,061,,,,,,2.0,school_panel,,2.0,49.0,49.0,49.0,241.0,92.0,Estimate
2018,1440,PLAINVIEW RE-2,Kiowa,061,district,7.1,published,7.1,7.1,2.0,school_panel,,2.0,54.0,54.0,54.0,245.0,95.0,Estimate
2019,1440,Plainview RE-2,Kiowa,061,district,7.1,school_sum,,7.1,2.0,school_panel,,2.0,57.0,57.0,57.0,264.0,84.0,Estimate
2020,1440,,Kiowa,061,,,,,,2.0,school_panel,,2.0,44.0,44.0,44.0,255.0,79.0,Estimate
2021,1440,,Kiowa,061,,,,,,2.0,school_panel,,2.0,137.0,137.0,38.0,256.0,78.0,Estimate
2022,1440,Plainview RE-2,Kiowa,061,district,5.6,published,5.6,5.6,2.0,school_panel,,2.0,419.0,419.0,43.0,263.0,71.0,Estimate
2023,1440,Plainview RE-2,Kiowa,061,district,6.800000000000001,published,6.800000000000001,6.8,2.0,school_panel,,2.0,398.0,398.0,30.0,253.0,74.0,Estimate
2024,1440,Plainview RE-2,Kiowa,061,district,7.7,published,7.7,7.7,2.0,school_panel,,2.0,32.0,32.0,32.0,264.0,91.0,Estimate
1990,1450,ARRIBA-FLAGLER C-20,Kit Carson,063,district,19.0,published,19.0,,2.0,school_panel,2.0,2.0,248.0,,248.0,1524.0,561.0,Estimate
1991,1450,ARRIBA-FLAGLER C-20,Kit Carson,063,district,20.6,published,20.6,,2.0,school_panel,2.0,2.0,249.0,,249.0,1522.0,546.0,Estimate
1992,1450,ARRIBA-FLAGLER C-20,Kit Carson,063,district,20.6,published,20.6,,2.0,school_panel,2.0,2.0,250.0,,250.0,1533.0,540.0,Estimate
1993,1450,ARRIBA-FLAGLER C-20,Kit Carson,063,district,21.6,published,21.6,,2.0,school_panel,2.0,2.0,267.0,,267.0,1531.0,530.0,Estimate
1994,1450,ARRIBA-FLAGLER C-20,Kit Carson,063,district,21.6,published,21.6,,2.0,school_panel,2.0,2.0,250.0,,250.0,1544.0,523.0,Estimate
1995,1450,ARRIBA-FLAGLER C-20,Kit Carson,063,district,22.0,published,22.0,,2.0,school_panel,2.0,2.0,248.0,,248.0,1555.0,514.0,Estimate
1996,1450,ARRIBA-FLAGLER C-20,Kit Carson,063,district,21.8,published,21.8,,2.0,school_panel,2.0,2.0,265.0,,265.0,1561.0,507.0,Estimate
1997,1450,ARRIBA-FLAGLER C-20,Kit Carson,063,district,22.4,published,22.4,,2.0,school_panel,2.0,2.0,248.0,,248.0,1581.0,502.0,Estimate
1998,1450,ARRIBA-FLAGLER C-20,Kit Carson,063,district,22.2,published,22.2,,2.0,school_panel,2.0,2.0,261.0,,261.0,1609.0,500.0,Estimate
1999,1450,ARRIBA-FLAGLER C-20,Kit Carson,063,district,,,,,2.0,school_panel,2.0,2.0,254.0,,254.0,1631.0,495.0,Estimate
2000,1450,ARRIBA-FLAGLER C-20,Kit Carson,063,district,21.8984,school_sum,,21.8984,2.0,school_panel,,2.0,,,244.0,1641.0,485.0,Estimate
2001,1450,ARRIBA-FLAGLER C-20,Kit Carson,063,district,20.4861,school_sum,,20.4861,2.0,school_panel,,2.0,130.0,130.0,247.0,1612.0,504.0,Estimate
2002,1450,ARRIBA-FLAGLER C-20,Kit Carson,063,district,20.6965,school_sum,,20.6965,2.0,school_panel,,2.0,140.0,140.0,260.0,1601.0,526.0,Estimate
2003,1450,ARRIBA-FLAGLER C-20,Kit Carson,063,district,20.0714,school_sum,,20.0714,3.0,school_panel,,3.0,228.0,228.0,228.0,1540.0,511.0,Estimate
2004,1450,ARRIBA-FLAGLER C-20,Kit Carson,063,district,19.1964,school_sum,,19.1964,3.0,school_panel,,3.0,226.0,226.0,226.0,1519.0,491.0,Estimate
2005,1450,ARRIBA-FLAGLER C-20,Kit Carson,063,district,19.6343,school_sum,,19.6343,3.0,school_panel,,3.0,209.0,209.0,209.0,1463.0,458.0,Estimate
2006,1450,ARRIBA-FLAGLER C-20,Kit Carson,063,district,18.9723,school_sum,,18.9723,3.0,school_panel,,3.0,186.0,186.0,186.0,1403.0,450.0,Estimate
2007,1450,ARRIBA-FLAGLER C-20,Kit Carson,063,district,16.2015,school_sum,,16.2015,3.0,school_panel,,3.0,172.0,172.0,172.0,1345.0,443.0,Estimate
2008,1450,ARRIBA-FLAGLER C-20,Kit Carson,063,district,17.5765,school_sum,,17.5765,3.0,school_panel,,3.0,181.0,181.0,181.0,1343.0,476.0,Estimate
2009,1450,ARRIBA-FLAGLER C-20,Kit Carson,063,district,17.9037,school_sum,,17.9037,3.0,school_panel,,3.0,165.0,165.0,165.0,1296.0,513.0,Estimate
2010,1450,ARRIBA-FLAGLER C-20,Kit Carson,063,district,16.109,published,16.109,16.109,3.0,school_panel,,3.0,170.0,170.0,170.0,1284.0,543.0,Estimate
2011,1450,ARRIBA-FLAGLER C-20,Kit Carson,063,district,15.59,school_sum,,15.59,3.0,school_panel,,3.0,167.0,167.0,167.0,1279.0,526.0,Estimate
2012,1450,ARRIBA-FLAGLER C-20,Kit Carson,063,district,16.75,school_sum,,16.75,3.0,school_panel,,3.0,176.0,176.0,176.0,1285.0,502.0,Estimate
2013,1450,ARRIBA-FLAGLER C-20,Kit Carson,063,district,18.16,school_sum,,18.16,3.0,school_panel,,3.0,187.0,187.0,187.0,1311.0,482.0,Estimate
2014,1450,ARRIBA-FLAGLER C-20,Kit Carson,063,district,17.1731,school_sum,,17.1731,1.0,school_panel,,1.0,195.0,195.0,195.0,1268.0,456.0,Estimate
2015,1450,ARRIBA-FLAGLER C-20,Kit Carson,063,district,17.17,school_sum,,17.17,1.0,school_panel,,1.0,184.0,184.0,184.0,1292.0,473.0,Estimate
2016,1450,ARRIBA-FLAGLER C-20,Kit Carson,063,district,17.82,published,17.82,17.82,1.0,school_panel,,1.0,198.0,198.0,198.0,1290.0,459.0,Estimate
2017,1450,,Kit Carson,063,,,,,,1.0,school_panel,,1.0,178.0,178.0,178.0,1347.0,478.0,Estimate
2018,1450,ARRIBA-FLAGLER C-20,Kit Carson,063,district,16.92,published,16.92,16.92,1.0,school_panel,,1.0,159.0,159.0,159.0,1336.0,471.0,Estimate
2019,1450,Arriba-Flagler C-20,Kit Carson,063,district,16.0,school_sum,,16.0,1.0,school_panel,,1.0,152.0,152.0,152.0,1319.0,468.0,Estimate
2020,1450,,Kit Carson,063,,,,,,1.0,school_panel,,1.0,155.0,155.0,155.0,1342.0,442.0,Estimate
2021,1450,,Kit Carson,063,,,,,,1.0,school_panel,,1.0,139.0,139.0,139.0,1353.0,433.0,Estimate
2022,1450,Arriba-Flagler C-20,Kit Carson,063,district,19.6,published,19.6,19.6,1.0,school_panel,,1.0,172.0,172.0,172.0,1369.0,458.0,Estimate
2023,1450,Arriba-Flagler C-20,Kit Carson,063,district,17.9,published,17.9,17.9,1.0,school_panel,,1.0,175.0,175.0,175.0,1366.0,462.0,Estimate
2024,1450,Arriba-Flagler C-20,Kit Carson,063,district,16.6,published,16.6,16.6,1.0,school_panel,,1.0,188.0,188.0,186.0,1370.0,447.0,Estimate
1990,1460,HI-PLAINS R-23,Kit Carson,063,district,16.3,published,16.3,,2.0,school_panel,2.0,2.0,122.0,,122.0,1524.0,561.0,Estimate
1991,1460,HI-PLAINS R-23,Kit Carson,063,district,16.2,published,16.2,,2.0,school_panel,2.0,2.0,117.0,,117.0,1522.0,546.0,Estimate
1992,1460,HI-PLAINS R-23,Kit Carson,063,district,16.2,published,16.2,,2.0,school_panel,2.0,2.0,126.0,,126.0,1533.0,540.0,Estimate
1993,1460,HI-PLAINS R-23,Kit Carson,063,district,15.8,published,15.8,,2.0,school_panel,2.0,2.0,118.0,,118.0,1531.0,530.0,Estimate
1994,1460,HI-PLAINS R-23,Kit Carson,063,district,15.8,published,15.8,,2.0,school_panel,2.0,2.0,135.0,,135.0,1544.0,523.0,Estimate
1995,1460,HI-PLAINS R-23,Kit Carson,063,district,17.1,published,17.1,,2.0,school_panel,2.0,2.0,120.0,,120.0,1555.0,514.0,Estimate
1996,1460,HI-PLAINS R-23,Kit Carson,063,district,16.8,published,16.8,,2.0,school_panel,2.0,2.0,113.0,,113.0,1561.0,507.0,Estimate
1997,1460,HI-PLAINS R-23,Kit Carson,063,district,17.3,published,17.3,,2.0,school_panel,2.0,2.0,121.0,,121.0,1581.0,502.0,Estimate
1998,1460,HI-PLAINS R-23,Kit Carson,063,district,,,,,2.0,school_panel,2.0,2.0,120.0,,120.0,1609.0,500.0,Estimate
1999,1460,HI-PLAINS R-23,Kit Carson,063,district,,,,,2.0,school_panel,2.0,2.0,125.0,,125.0,1631.0,495.0,Estimate
2000,1460,HI-PLAINS R-23,Kit Carson,063,district,16.6013,school_sum,,16.6013,2.0,school_panel,,2.0,,,121.0,1641.0,485.0,Estimate
2001,1460,HI-PLAINS R-23,Kit Carson,063,district,15.769,school_sum,,15.769,2.0,school_panel,,2.0,61.0,61.0,130.0,1612.0,504.0,Estimate
2002,1460,HI-PLAINS R-23,Kit Carson,063,district,14.9454,school_sum,,14.9454,2.0,school_panel,,2.0,66.0,66.0,116.0,1601.0,526.0,Estimate
2003,1460,HI-PLAINS R-23,Kit Carson,063,district,16.1639,school_sum,,16.1639,2.0,school_panel,,2.0,122.0,122.0,122.0,1540.0,511.0,Estimate
2004,1460,HI-PLAINS R-23,Kit Carson,063,district,15.8301,school_sum,,15.8301,2.0,school_panel,,2.0,125.0,125.0,125.0,1519.0,491.0,Estimate
2005,1460,HI-PLAINS R-23,Kit Carson,063,district,16.5174,school_sum,,16.5174,2.0,school_panel,,2.0,130.0,130.0,130.0,1463.0,458.0,Estimate
2006,1460,HI-PLAINS R-23,Kit Carson,063,district,15.7293,school_sum,,15.7293,2.0,school_panel,,2.0,112.0,112.0,112.0,1403.0,450.0,Estimate
2007,1460,HI-PLAINS R-23,Kit Carson,063,district,14.3748,school_sum,,14.3748,2.0,school_panel,,2.0,114.0,114.0,114.0,1345.0,443.0,Estimate
2008,1460,HI-PLAINS R-23,Kit Carson,063,district,14.3748,school_sum,,14.3748,2.0,school_panel,,2.0,124.0,124.0,124.0,1343.0,476.0,Estimate
2009,1460,HI-PLAINS R-23,Kit Carson,063,district,15.1382,school_sum,,15.1382,2.0,school_panel,,2.0,122.0,122.0,122.0,1296.0,513.0,Estimate
2010,1460,HI-PLAINS R-23,Kit Carson,063,district,14.829,published,14.829,14.829,2.0,school_panel,,2.0,107.0,107.0,107.0,1284.0,543.0,Estimate
2011,1460,HI-PLAINS R-23,Kit Carson,063,district,15.24,school_sum,,15.24,2.0,school_panel,,2.0,129.0,129.0,129.0,1279.0,526.0,Estimate
2012,1460,HI-PLAINS R-23,Kit Carson,063,district,16.24,school_sum,,16.24,2.0,school_panel,,2.0,131.0,131.0,131.0,1285.0,502.0,Estimate
2013,1460,HI-PLAINS R-23,Kit Carson,063,district,16.26,school_sum,,16.26,2.0,school_panel,,2.0,121.0,121.0,121.0,1311.0,482.0,Estimate
2014,1460,HI-PLAINS R-23,Kit Carson,063,district,17.0392,school_sum,,17.0392,2.0,school_panel,,2.0,111.0,111.0,111.0,1268.0,456.0,Estimate
2015,1460,HI-PLAINS R-23,Kit Carson,063,district,16.87,school_sum,,16.87,1.0,school_panel,,1.0,123.0,123.0,123.0,1292.0,473.0,Estimate
2016,1460,HI-PLAINS R-23,Kit Carson,063,district,16.95,published,16.95,16.95,1.0,school_panel,,1.0,104.0,104.0,104.0,1290.0,459.0,Estimate
2017,1460,,Kit Carson,063,,,,,,1.0,school_panel,,1.0,107.0,107.0,107.0,1347.0,478.0,Estimate
2018,1460,HI-PLAINS R-23,Kit Carson,063,district,14.77,published,14.77,14.77,1.0,school_panel,,1.0,133.0,133.0,133.0,1336.0,471.0,Estimate
2019,1460,Hi-Plains R-23,Kit Carson,063,district,15.1,school_sum,,15.1,1.0,school_panel,,1.0,130.0,130.0,130.0,1319.0,468.0,Estimate
2020,1460,,Kit Carson,063,,,,,,1.0,school_panel,,1.0,151.0,151.0,151.0,1342.0,442.0,Estimate
2021,1460,,Kit Carson,063,,,,,,1.0,school_panel,,1.0,153.0,153.0,153.0,1353.0,433.0,Estimate
2022,1460,Hi-Plains R-23,Kit Carson,063,district,18.8,published,18.8,18.8,1.0,school_panel,,1.0,129.0,129.0,129.0,1369.0,458.0,Estimate
2023,1460,Hi-Plains R-23,Kit Carson,063,district,12.8,published,12.8,12.8,1.0,school_panel,,1.0,117.0,117.0,117.0,1366.0,462.0,Estimate
2024,1460,Hi-Plains R-23,Kit Carson,063,district,14.7,published,14.7,14.7,1.0,school_panel,,1.0,96.0,96.0,96.0,1370.0,447.0,Estimate
1990,1480,STRATTON R-4,Kit Carson,063,district,23.0,published,23.0,,2.0,school_panel,2.0,2.0,296.0,,296.0,1524.0,561.0,Estimate
1991,1480,STRATTON R-4,Kit Carson,063,district,23.4,published,23.4,,2.0,school_panel,2.0,2.0,296.0,,296.0,1522.0,546.0,Estimate
1992,1480,STRATTON R-4,Kit Carson,063,district,22.0,published,22.0,,3.0,school_panel,3.0,3.0,278.0,,278.0,1533.0,540.0,Estimate
1993,1480,STRATTON R-4,Kit Carson,063,district,20.0,published,20.0,,3.0,school_panel,3.0,3.0,304.0,,304.0,1531.0,530.0,Estimate
1994,1480,STRATTON R-4,Kit Carson,063,district,22.5,published,22.5,,3.0,school_panel,3.0,3.0,308.0,,308.0,1544.0,523.0,Estimate
1995,1480,STRATTON R-4,Kit Carson,063,district,22.6,published,22.6,,3.0,school_panel,3.0,3.0,322.0,,322.0,1555.0,514.0,Estimate
1996,1480,STRATTON R-4,Kit Carson,063,district,21.6,published,21.6,,3.0,school_panel,3.0,3.0,322.0,,322.0,1561.0,507.0,Estimate
1997,1480,STRATTON R-4,Kit Carson,063,district,21.6,published,21.6,,3.0,school_panel,3.0,3.0,344.0,,344.0,1581.0,502.0,Estimate
1998,1480,STRATTON R-4,Kit Carson,063,district,21.6,published,21.6,,3.0,school_panel,3.0,3.0,303.0,,303.0,1609.0,500.0,Estimate
1999,1480,STRATTON R-4,Kit Carson,063,district,,,,,3.0,school_panel,3.0,3.0,281.0,,281.0,1631.0,495.0,Estimate
2000,1480,STRATTON R-4,Kit Carson,063,district,22.0094,school_sum,,22.0094,3.0,school_panel,,3.0,,,278.0,1641.0,485.0,Estimate
2001,1480,STRATTON R-4,Kit Carson,063,district,21.3457,school_sum,,21.3457,3.0,school_panel,,3.0,290.0,290.0,290.0,1612.0,504.0,Estimate
2002,1480,STRATTON R-4,Kit Carson,063,district,19.5863,school_sum,,19.5863,3.0,school_panel,,3.0,290.0,290.0,290.0,1601.0,526.0,Estimate
2003,1480,STRATTON R-4,Kit Carson,063,district,21.3158,school_sum,,21.3158,3.0,school_panel,,3.0,277.0,277.0,277.0,1540.0,511.0,Estimate
2004,1480,STRATTON R-4,Kit Carson,063,district,20.1005,school_sum,,20.1005,3.0,school_panel,,3.0,273.0,273.0,273.0,1519.0,491.0,Estimate
2005,1480,STRATTON R-4,Kit Carson,063,district,20.9512,school_sum,,20.9512,3.0,school_panel,,3.0,270.0,270.0,270.0,1463.0,458.0,Estimate
2006,1480,STRATTON R-4,Kit Carson,063,district,21.6719,school_sum,,21.6719,3.0,school_panel,,3.0,250.0,250.0,250.0,1403.0,450.0,Estimate
2007,1480,STRATTON R-4,Kit Carson,063,district,20.2095,school_sum,,20.2095,3.0,school_panel,,3.0,234.0,234.0,234.0,1345.0,443.0,Estimate
2008,1480,STRATTON R-4,Kit Carson,063,district,20.2292,school_sum,,20.2292,3.0,school_panel,,3.0,207.0,207.0,207.0,1343.0,476.0,Estimate
2009,1480,STRATTON R-4,Kit Carson,063,district,19.3576,school_sum,,19.3576,3.0,school_panel,,3.0,209.0,209.0,209.0,1296.0,513.0,Estimate
2010,1480,STRATTON R-4,Kit Carson,063,district,17.358,published,17.358,17.358,3.0,school_panel,,3.0,215.0,215.0,215.0,1284.0,543.0,Estimate
2011,1480,STRATTON R-4,Kit Carson,063,district,16.29,school_sum,,16.29,3.0,school_panel,,3.0,174.0,174.0,174.0,1279.0,526.0,Estimate
2012,1480,STRATTON R-4,Kit Carson,063,district,16.38,school_sum,,16.38,3.0,school_panel,,3.0,186.0,186.0,186.0,1285.0,502.0,Estimate
2013,1480,STRATTON R-4,Kit Carson,063,district,17.74,school_sum,,17.74,3.0,school_panel,,3.0,186.0,186.0,186.0,1311.0,482.0,Estimate
2014,1480,STRATTON R-4,Kit Carson,063,district,17.6589,school_sum,,17.6589,3.0,school_panel,,3.0,212.0,212.0,212.0,1268.0,456.0,Estimate
2015,1480,STRATTON R-4,Kit Carson,063,district,18.89,school_sum,,18.89,3.0,school_panel,,3.0,217.0,217.0,217.0,1292.0,473.0,Estimate
2016,1480,STRATTON R-4,Kit Carson,063,district,18.65,published,18.65,18.65,3.0,school_panel,,3.0,213.0,213.0,213.0,1290.0,459.0,Estimate
2017,1480,,Kit Carson,063,,,,,,3.0,school_panel,,3.0,228.0,228.0,228.0,1347.0,478.0,Estimate
2018,1480,STRATTON R-4,Kit Carson,063,district,18.31,published,18.31,18.3,3.0,school_panel,,3.0,243.0,243.0,243.0,1336.0,471.0,Estimate
2019,1480,Stratton R-4,Kit Carson,063,district,17.4,school_sum,,17.4,3.0,school_panel,,3.0,239.0,239.0,239.0,1319.0,468.0,Estimate
2020,1480,,Kit Carson,063,,,,,,3.0,school_panel,,3.0,223.0,223.0,223.0,1342.0,442.0,Estimate
2021,1480,,Kit Carson,063,,,,,,3.0,school_panel,,3.0,231.0,231.0,231.0,1353.0,433.0,Estimate
2022,1480,Stratton R-4,Kit Carson,063,district,16.1,published,16.1,16.1,3.0,school_panel,,3.0,222.0,222.0,221.0,1369.0,458.0,Estimate
2023,1480,Stratton R-4,Kit Carson,063,district,14.8,published,14.8,14.8,3.0,school_panel,,3.0,220.0,220.0,219.0,1366.0,462.0,Estimate
2024,1480,Stratton R-4,Kit Carson,063,district,17.2,published,17.2,17.1,3.0,school_panel,,3.0,220.0,220.0,219.0,1370.0,447.0,Estimate
1990,1490,BETHUNE R-5,Kit Carson,063,district,12.1,published,12.1,,2.0,school_panel,2.0,2.0,86.0,,86.0,1524.0,561.0,Estimate
1991,1490,BETHUNE R-5,Kit Carson,063,district,12.1,published,12.1,,2.0,school_panel,2.0,2.0,89.0,,89.0,1522.0,546.0,Estimate
1992,1490,BETHUNE R-5,Kit Carson,063,district,12.1,published,12.1,,2.0,school_panel,2.0,2.0,99.0,,99.0,1533.0,540.0,Estimate
1993,1490,BETHUNE R-5,Kit Carson,063,district,12.1,published,12.1,,2.0,school_panel,2.0,2.0,115.0,,115.0,1531.0,530.0,Estimate
1994,1490,BETHUNE R-5,Kit Carson,063,district,11.6,published,11.6,,2.0,school_panel,2.0,2.0,124.0,,124.0,1544.0,523.0,Estimate
1995,1490,BETHUNE R-5,Kit Carson,063,district,15.0,published,15.0,,2.0,school_panel,2.0,2.0,141.0,,141.0,1555.0,514.0,Estimate
1996,1490,BETHUNE R-5,Kit Carson,063,district,15.0,published,15.0,,2.0,school_panel,2.0,2.0,155.0,,155.0,1561.0,507.0,Estimate
1997,1490,BETHUNE R-5,Kit Carson,063,district,15.0,published,15.0,,2.0,school_panel,2.0,2.0,160.0,,160.0,1581.0,502.0,Estimate
1998,1490,BETHUNE R-5,Kit Carson,063,district,16.3,published,16.3,,2.0,school_panel,2.0,2.0,163.0,,163.0,1609.0,500.0,Estimate
1999,1490,BETHUNE R-5,Kit Carson,063,district,,,,,2.0,school_panel,2.0,2.0,171.0,,171.0,1631.0,495.0,Estimate
2000,1490,BETHUNE R-5,Kit Carson,063,district,18.1314,school_sum,,18.1314,2.0,school_panel,,2.0,,,164.0,1641.0,485.0,Estimate
2001,1490,BETHUNE R-5,Kit Carson,063,district,17.5573,school_sum,,17.5573,2.0,school_panel,,2.0,67.0,67.0,137.0,1612.0,504.0,Estimate
2002,1490,BETHUNE R-5,Kit Carson,063,district,17.118,school_sum,,17.118,2.0,school_panel,,2.0,60.0,60.0,117.0,1601.0,526.0,Estimate
2003,1490,BETHUNE R-5,Kit Carson,063,district,16.1752,school_sum,,16.1752,2.0,school_panel,,2.0,107.0,107.0,107.0,1540.0,511.0,Estimate
2004,1490,BETHUNE R-5,Kit Carson,063,district,14.3694,school_sum,,14.3694,2.0,school_panel,,2.0,112.0,112.0,112.0,1519.0,491.0,Estimate
2005,1490,BETHUNE R-5,Kit Carson,063,district,14.8472,school_sum,,14.8472,2.0,school_panel,,2.0,119.0,119.0,119.0,1463.0,458.0,Estimate
2006,1490,BETHUNE R-5,Kit Carson,063,district,14.5972,school_sum,,14.5972,2.0,school_panel,,2.0,128.0,128.0,128.0,1403.0,450.0,Estimate
2007,1490,BETHUNE R-5,Kit Carson,063,district,13.6848,school_sum,,13.6848,2.0,school_panel,,2.0,124.0,124.0,124.0,1345.0,443.0,Estimate
2008,1490,BETHUNE R-5,Kit Carson,063,district,14.4149,school_sum,,14.4149,2.0,school_panel,,2.0,129.0,129.0,129.0,1343.0,476.0,Estimate
2009,1490,BETHUNE R-5,Kit Carson,063,district,14.8977,school_sum,,14.8977,2.0,school_panel,,2.0,126.0,126.0,126.0,1296.0,513.0,Estimate
2010,1490,BETHUNE R-5,Kit Carson,063,district,15.103,published,15.103,15.104,2.0,school_panel,,2.0,130.0,130.0,130.0,1284.0,543.0,Estimate
2011,1490,BETHUNE R-5,Kit Carson,063,district,15.72,school_sum,,15.72,2.0,school_panel,,2.0,133.0,133.0,133.0,1279.0,526.0,Estimate
2012,1490,BETHUNE R-5,Kit Carson,063,district,15.45,school_sum,,15.45,2.0,school_panel,,2.0,133.0,133.0,133.0,1285.0,502.0,Estimate
2013,1490,BETHUNE R-5,Kit Carson,063,district,14.69,school_sum,,14.69,2.0,school_panel,,2.0,132.0,132.0,132.0,1311.0,482.0,Estimate
2014,1490,BETHUNE R-5,Kit Carson,063,district,12.6466,school_sum,,12.6466,1.0,school_panel,,1.0,117.0,117.0,117.0,1268.0,456.0,Estimate
2015,1490,BETHUNE R-5,Kit Carson,063,district,14.28,school_sum,,14.28,1.0,school_panel,,1.0,113.0,113.0,113.0,1292.0,473.0,Estimate
2016,1490,BETHUNE R-5,Kit Carson,063,district,13.26,published,13.26,13.26,1.0,school_panel,,1.0,110.0,110.0,110.0,1290.0,459.0,Estimate
2017,1490,,Kit Carson,063,,,,,,1.0,school_panel,,1.0,112.0,112.0,112.0,1347.0,478.0,Estimate
2018,1490,BETHUNE R-5,Kit Carson,063,district,12.28,published,12.28,12.28,1.0,school_panel,,1.0,105.0,105.0,105.0,1336.0,471.0,Estimate
2019,1490,Bethune R-5,Kit Carson,063,district,13.7,school_sum,,13.7,1.0,school_panel,,1.0,118.0,118.0,118.0,1319.0,468.0,Estimate
2020,1490,,Kit Carson,063,,,,,,1.0,school_panel,,1.0,105.0,105.0,105.0,1342.0,442.0,Estimate
2021,1490,,Kit Carson,063,,,,,,1.0,school_panel,,1.0,108.0,108.0,108.0,1353.0,433.0,Estimate
2022,1490,Bethune R-5,Kit Carson,063,district,14.4,published,14.4,14.4,1.0,school_panel,,1.0,108.0,108.0,108.0,1369.0,458.0,Estimate
2023,1490,Bethune R-5,Kit Carson,063,district,13.5,published,13.5,13.5,1.0,school_panel,,1.0,110.0,110.0,110.0,1366.0,462.0,Estimate
2024,1490,Bethune R-5,Kit Carson,063,district,12.7,published,12.7,12.7,1.0,school_panel,,1.0,99.0,99.0,99.0,1370.0,447.0,Estimate
1990,1500,BURLINGTON RE-6J,Kit Carson,063,district,60.0,published,60.0,,3.0,school_panel,3.0,3.0,846.0,,846.0,1524.0,561.0,Estimate
1991,1500,BURLINGTON RE-6J,Kit Carson,063,district,60.0,published,60.0,,3.0,school_panel,3.0,3.0,885.0,,885.0,1522.0,546.0,Estimate
1992,1500,BURLINGTON RE-6J,Kit Carson,063,district,59.5,published,59.5,,3.0,school_panel,3.0,3.0,873.0,,873.0,1533.0,540.0,Estimate
1993,1500,BURLINGTON RE-6J,Kit Carson,063,district,56.5,published,56.5,,3.0,school_panel,3.0,3.0,873.0,,873.0,1531.0,530.0,Estimate
1994,1500,BURLINGTON RE-6J,Kit Carson,063,district,57.0,published,57.0,,3.0,school_panel,3.0,3.0,841.0,,841.0,1544.0,523.0,Estimate
1995,1500,BURLINGTON RE-6J,Kit Carson,063,district,58.3,published,58.3,,3.0,school_panel,3.0,3.0,849.0,,849.0,1555.0,514.0,Estimate
1996,1500,BURLINGTON RE-6J,Kit Carson,063,district,57.0,published,57.0,,3.0,school_panel,3.0,3.0,859.0,,859.0,1561.0,507.0,Estimate
1997,1500,BURLINGTON RE-6J,Kit Carson,063,district,57.0,published,57.0,,3.0,school_panel,3.0,3.0,886.0,,886.0,1581.0,502.0,Estimate
1998,1500,BURLINGTON RE-6J,Kit Carson,063,district,58.2,published,58.2,,3.0,school_panel,3.0,3.0,880.0,,880.0,1609.0,500.0,Estimate
1999,1500,BURLINGTON RE-6J,Kit Carson,063,district,,,,,3.0,school_panel,3.0,3.0,900.0,,900.0,1631.0,495.0,Estimate
2000,1500,BURLINGTON RE-6J,Kit Carson,063,district,57.2222,school_sum,,57.2222,3.0,school_panel,,3.0,,,875.0,1641.0,485.0,Estimate
2001,1500,BURLINGTON RE-6J,Kit Carson,063,district,57.7916,school_sum,,57.7916,3.0,school_panel,,3.0,864.0,864.0,864.0,1612.0,504.0,Estimate
2002,1500,BURLINGTON RE-6J,Kit Carson,063,district,57.0805,school_sum,,57.0805,3.0,school_panel,,3.0,874.0,874.0,874.0,1601.0,526.0,Estimate
2003,1500,BURLINGTON RE-6J,Kit Carson,063,district,55.4473,school_sum,,55.4473,3.0,school_panel,,3.0,823.0,823.0,823.0,1540.0,511.0,Estimate
2004,1500,BURLINGTON RE-6J,Kit Carson,063,district,54.5416,school_sum,,54.5416,3.0,school_panel,,3.0,826.0,826.0,826.0,1519.0,491.0,Estimate
2005,1500,BURLINGTON RE-6J,Kit Carson,063,district,52.5416,school_sum,,52.5416,3.0,school_panel,,3.0,793.0,793.0,793.0,1463.0,458.0,Estimate
2006,1500,BURLINGTON RE-6J,Kit Carson,063,district,51.7222,school_sum,,51.7222,3.0,school_panel,,3.0,765.0,765.0,765.0,1403.0,450.0,Estimate
2007,1500,BURLINGTON RE-6J,Kit Carson,063,district,53.8598,school_sum,,53.8598,3.0,school_panel,,3.0,776.0,776.0,776.0,1345.0,443.0,Estimate
2008,1500,BURLINGTON RE-6J,Kit Carson,063,district,54.8805,school_sum,,54.8805,3.0,school_panel,,3.0,799.0,799.0,799.0,1343.0,476.0,Estimate
2009,1500,BURLINGTON RE-6J,Kit Carson,063,district,51.9723,school_sum,,51.9723,3.0,school_panel,,3.0,819.0,819.0,819.0,1296.0,513.0,Estimate
2010,1500,BURLINGTON RE-6J,Kit Carson,063,district,50.025,published,50.025,50.025,3.0,school_panel,,3.0,830.0,830.0,830.0,1284.0,543.0,Estimate
2011,1500,BURLINGTON RE-6J,Kit Carson,063,district,48.33,school_sum,,48.33,3.0,school_panel,,3.0,832.0,832.0,832.0,1279.0,526.0,Estimate
2012,1500,BURLINGTON RE-6J,Kit Carson,063,district,48.51,school_sum,,48.51,3.0,school_panel,,3.0,814.0,814.0,814.0,1285.0,502.0,Estimate
2013,1500,BURLINGTON RE-6J,Kit Carson,063,district,52.51,school_sum,,52.51,3.0,school_panel,,3.0,828.0,828.0,828.0,1311.0,482.0,Estimate
2014,1500,BURLINGTON RE-6J,Kit Carson,063,district,52.4657,school_sum,,52.4657,3.0,school_panel,,3.0,784.0,784.0,784.0,1268.0,456.0,Estimate
2015,1500,BURLINGTON RE-6J,Kit Carson,063,district,50.8,school_sum,,50.8,3.0,school_panel,,3.0,778.0,778.0,778.0,1292.0,473.0,Estimate
2016,1500,BURLINGTON RE-6J,Kit Carson,063,district,51.12,published,51.12,51.13,3.0,school_panel,,3.0,775.0,775.0,775.0,1290.0,459.0,Estimate
2017,1500,,Kit Carson,063,,,,,,3.0,school_panel,,3.0,781.0,781.0,781.0,1347.0,478.0,Estimate
2018,1500,BURLINGTON RE-6J,Kit Carson,063,district,49.63,published,49.63,51.46,3.0,school_panel,,3.0,788.0,788.0,788.0,1336.0,471.0,Estimate
2019,1500,Burlington RE-6J,Kit Carson,063,district,48.4,school_sum,,48.4,3.0,school_panel,,3.0,778.0,778.0,778.0,1319.0,468.0,Estimate
2020,1500,,Kit Carson,063,,,,,,3.0,school_panel,,3.0,747.0,747.0,747.0,1342.0,442.0,Estimate
2021,1500,,Kit Carson,063,,,,,,3.0,school_panel,,3.0,749.0,749.0,749.0,1353.0,433.0,Estimate
2022,1500,Burlington RE-6J,Kit Carson,063,district,44.9,published,44.9,44.9,3.0,school_panel,,3.0,762.0,762.0,762.0,1369.0,458.0,Estimate
2023,1500,Burlington RE-6J,Kit Carson,063,district,45.8,published,45.8,45.8,3.0,school_panel,,3.0,768.0,768.0,768.0,1366.0,462.0,Estimate
2024,1500,Burlington RE-6J,Kit Carson,063,district,45.9,published,45.9,45.9,3.0,school_panel,,3.0,742.0,742.0,742.0,1370.0,447.0,Estimate
1990,1510,LAKE COUNTY R-1,Lake,065,district,72.3,published,72.3,,3.0,school_panel,3.0,3.0,1148.0,,1148.0,1174.0,510.0,Estimate
1991,1510,LAKE COUNTY R-1,Lake,065,district,70.0,published,70.0,,3.0,school_panel,3.0,3.0,1157.0,,1157.0,1196.0,515.0,Estimate
1992,1510,LAKE COUNTY R-1,Lake,065,district,65.7,published,65.7,,3.0,school_panel,3.0,3.0,1118.0,,1118.0,1207.0,518.0,Estimate
1993,1510,LAKE COUNTY R-1,Lake,065,district,64.0,published,64.0,,3.0,school_panel,3.0,3.0,1100.0,,1100.0,1214.0,520.0,Estimate
1994,1510,LAKE COUNTY R-1,Lake,065,district,69.0,published,69.0,,3.0,school_panel,3.0,3.0,1176.0,,1176.0,1234.0,524.0,Estimate
1995,1510,LAKE COUNTY R-1,Lake,065,district,75.2,published,75.2,,3.0,school_panel,3.0,3.0,1230.0,,1230.0,1377.0,583.0,Estimate
1996,1510,LAKE COUNTY R-1,Lake,065,district,71.5,published,71.5,,4.0,school_panel,3.0,4.0,1338.0,,1338.0,1452.0,611.0,Estimate
1997,1510,LAKE COUNTY R-1,Lake,065,district,75.0,published,75.0,,4.0,school_panel,3.0,4.0,1369.0,,1369.0,1506.0,631.0,Estimate
1998,1510,LAKE COUNTY R-1,Lake,065,district,81.2,published,81.2,,4.0,school_panel,4.0,4.0,1331.0,,1331.0,1499.0,623.0,Estimate
1999,1510,LAKE COUNTY R-1,Lake,065,district,,,,,4.0,school_panel,4.0,4.0,1321.0,,1321.0,1493.0,617.0,Estimate
2000,1510,LAKE COUNTY R-1,Lake,065,district,80.0271,school_sum,,80.0271,4.0,school_panel,,4.0,,,1278.0,1510.0,622.0,Estimate
2001,1510,LAKE COUNTY R-1,Lake,065,district,79.4526,school_sum,,79.4526,4.0,school_panel,,4.0,796.0,796.0,1300.0,1462.0,633.0,Estimate
2002,1510,LAKE COUNTY R-1,Lake,065,district,80.7594,school_sum,,80.7594,4.0,school_panel,,4.0,781.0,781.0,1270.0,1445.0,607.0,Estimate
2003,1510,LAKE COUNTY R-1,Lake,065,district,83.96,school_sum,,83.96,4.0,school_panel,,4.0,1205.0,1205.0,1205.0,1369.0,610.0,Estimate
2004,1510,LAKE COUNTY R-1,Lake,065,district,80.4316,school_sum,,80.4316,4.0,school_panel,,4.0,1210.0,1210.0,1210.0,1329.0,607.0,Estimate
2005,1510,LAKE COUNTY R-1,Lake,065,district,75.7647,school_sum,,75.7647,4.0,school_panel,,4.0,1210.0,1210.0,1210.0,1308.0,575.0,Estimate
2006,1510,LAKE COUNTY R-1,Lake,065,district,69.6142,school_sum,,69.6142,4.0,school_panel,,4.0,1189.0,1189.0,1189.0,1298.0,552.0,Estimate
2007,1510,LAKE COUNTY R-1,Lake,065,district,74.1072,school_sum,,74.1072,4.0,school_panel,,4.0,1218.0,1218.0,1218.0,1298.0,541.0,Estimate
2008,1510,LAKE COUNTY R-1,Lake,065,district,78.8497,school_sum,,78.8497,4.0,school_panel,,4.0,1256.0,1256.0,1256.0,1269.0,536.0,Estimate
2009,1510,LAKE COUNTY R-1,Lake,065,district,78.0305,school_sum,,78.0305,4.0,school_panel,,4.0,1208.0,1208.0,1208.0,1241.0,534.0,Estimate
2010,1510,LAKE COUNTY R-1,Lake,065,district,73.466,published,73.466,50.134,4.0,school_panel,,4.0,1188.0,1188.0,1188.0,1254.0,550.0,Estimate
2011,1510,LAKE COUNTY R-1,Lake,065,district,50.59,school_sum,,50.59,4.0,school_panel,,4.0,1224.0,1224.0,1224.0,1234.0,548.0,Estimate
2012,1510,LAKE COUNTY R-1,Lake,065,district,46.77,school_sum,,46.77,4.0,school_panel,,4.0,1167.0,1167.0,1167.0,1207.0,498.0,Estimate
2013,1510,LAKE COUNTY R-1,Lake,065,district,65.68,school_sum,,65.68,4.0,school_panel,,4.0,1110.0,1110.0,1110.0,1211.0,460.0,Estimate
2014,1510,LAKE COUNTY R-1,Lake,065,district,62.4918,school_sum,,62.4918,4.0,school_panel,,4.0,1093.0,1093.0,1093.0,1205.0,448.0,Estimate
2015,1510,LAKE COUNTY R-1,Lake,065,district,62.84,school_sum,,62.84,4.0,school_panel,,4.0,1074.0,1074.0,1074.0,1202.0,436.0,Estimate
2016,1510,LAKE COUNTY R-1,Lake,065,district,58.19,published,58.19,57.98,4.0,school_panel,,4.0,1033.0,1033.0,1033.0,1214.0,403.0,Estimate
2017,1510,,Lake,065,,,,,,5.0,school_panel,,5.0,1036.0,1036.0,1036.0,1181.0,423.0,Estimate
2018,1510,LAKE COUNTY R-1,Lake,065,district,60.78,published,60.78,60.81,5.0,school_panel,,5.0,1081.0,1081.0,1081.0,1145.0,422.0,Estimate
2019,1510,Lake County R-1,Lake,065,district,61.1,school_sum,,61.1,5.0,school_panel,,5.0,1102.0,1102.0,1102.0,1166.0,457.0,Estimate
2020,1510,,Lake,065,,,,,,5.0,school_panel,,5.0,998.0,998.0,998.0,1192.0,422.0,Estimate
2021,1510,,Lake,065,,,,,,4.0,school_panel,,4.0,1010.0,1010.0,1007.0,1178.0,425.0,Estimate
2022,1510,Lake County R-1,Lake,065,district,64.9,published,64.9,65.1,4.0,school_panel,,4.0,982.0,982.0,979.0,1173.0,418.0,Estimate
2023,1510,Lake County R-1,Lake,065,district,65.0,published,65.0,65.0,4.0,school_panel,,4.0,977.0,977.0,975.0,1166.0,425.0,Estimate
2024,1510,Lake County R-1,Lake,065,district,59.3,published,59.3,59.3,4.0,school_panel,,4.0,949.0,949.0,931.0,1178.0,399.0,Estimate
1990,1520,DURANGO 9-R,La Plata,067,district,219.9,published,219.9,,10.0,school_panel,10.0,10.0,4107.0,,4107.0,6042.0,2268.0,Estimate
1991,1520,DURANGO 9-R,La Plata,067,district,243.6,published,243.6,,10.0,school_panel,10.0,10.0,4200.0,,4200.0,6181.0,2257.0,Estimate
1992,1520,DURANGO 9-R,La Plata,067,district,254.4,published,254.4,,10.0,school_panel,10.0,10.0,4335.0,,4335.0,6336.0,2260.0,Estimate
1993,1520,DURANGO 9-R,La Plata,067,district,257.7,published,257.7,,10.0,school_panel,10.0,10.0,4468.0,,4468.0,6513.0,2270.0,Estimate
1994,1520,DURANGO 9-R,La Plata,067,district,269.6,published,269.6,,13.0,school_panel,13.0,13.0,4612.0,,4612.0,6712.0,2282.0,Estimate
1995,1520,DURANGO 9-R,La Plata,067,district,294.3,published,294.3,,13.0,school_panel,13.0,13.0,4735.0,,4735.0,7010.0,2323.0,Estimate
1996,1520,DURANGO 9-R,La Plata,067,district,307.8,published,307.8,,13.0,school_panel,13.0,13.0,4729.0,,4729.0,7137.0,2304.0,Estimate
1997,1520,DURANGO 9-R,La Plata,067,district,291.3,published,291.3,,13.0,school_panel,13.0,13.0,4785.0,,4785.0,7210.0,2262.0,Estimate
1998,1520,DURANGO 9-R,La Plata,067,district,311.4,published,311.4,,14.0,school_panel,14.0,14.0,4826.0,,4826.0,7316.0,2233.0,Estimate
1999,1520,DURANGO 9-R,La Plata,067,district,,,,,14.0,school_panel,12.0,14.0,4850.0,,4850.0,7555.0,2237.0,Estimate
2000,1520,DURANGO 9-R,La Plata,067,district,314.6972,school_sum,,314.6972,13.0,school_panel,,13.0,,,5077.0,7834.0,2247.0,Estimate
2001,1520,DURANGO 9-R,La Plata,067,district,305.812,school_sum,,305.812,13.0,school_panel,,13.0,3978.0,3978.0,4746.0,7798.0,2302.0,Estimate
2002,1520,DURANGO 9-R,La Plata,067,district,308.6042,school_sum,,308.6042,12.0,school_panel,,12.0,4092.0,4092.0,4761.0,7723.0,2289.0,Estimate
2003,1520,DURANGO 9-R,La Plata,067,district,321.3017,school_sum,,321.3017,12.0,school_panel,,12.0,4618.0,4618.0,4618.0,7611.0,2318.0,Estimate
2004,1520,DURANGO 9-R,La Plata,067,district,312.1811,school_sum,,312.1811,12.0,school_panel,,12.0,4604.0,4604.0,4604.0,7529.0,2367.0,Estimate
2005,1520,DURANGO 9-R,La Plata,067,district,314.4764,school_sum,,314.4764,12.0,school_panel,,12.0,4658.0,4658.0,4658.0,7563.0,2446.0,Estimate
2006,1520,DURANGO 9-R,La Plata,067,district,314.6249,school_sum,,314.6249,12.0,school_panel,,12.0,4768.0,4768.0,4768.0,7494.0,2503.0,Estimate
2007,1520,DURANGO 9-R,La Plata,067,district,330.1542,school_sum,,330.1542,13.0,school_panel,,13.0,4820.0,4820.0,4820.0,7537.0,2598.0,Estimate
2008,1520,DURANGO 9-R,La Plata,067,district,322.4957,school_sum,,322.4957,12.0,school_panel,,12.0,4839.0,4839.0,4839.0,7634.0,2730.0,Estimate
2009,1520,DURANGO 9-R,La Plata,067,district,300.7051,school_sum,,300.7051,11.0,school_panel,,11.0,4697.0,4697.0,4699.0,7569.0,2818.0,Estimate
2010,1520,DURANGO 9-R,La Plata,067,district,289.516,published,289.516,286.266,11.0,school_panel,,11.0,4675.0,4675.0,4688.0,7600.0,2900.0,Estimate
2011,1520,DURANGO 9-R,La Plata,067,district,279.89,school_sum,,279.89,11.0,school_panel,,11.0,4537.0,4537.0,4559.0,7602.0,2894.0,Estimate
2012,1520,DURANGO 9-R,La Plata,067,district,286.13,school_sum,,286.13,11.0,school_panel,,11.0,4575.0,4575.0,4590.0,7660.0,2856.0,Estimate
2013,1520,DURANGO 9-R,La Plata,067,district,289.98,school_sum,,289.98,12.0,school_panel,,12.0,4659.0,4659.0,4670.0,7827.0,2752.0,Estimate
2014,1520,DURANGO 9-R,La Plata,067,district,278.9263,school_sum,,278.9263,13.0,school_panel,,13.0,4564.0,4564.0,4564.0,7899.0,2736.0,Estimate
2015,1520,DURANGO 9-R,La Plata,067,district,289.89,school_sum,,289.89,13.0,school_panel,,13.0,4670.0,4670.0,4670.0,7983.0,2752.0,Estimate
2016,1520,DURANGO 9-R,La Plata,067,district,354.46,published,354.46,354.46,14.0,school_panel,,14.0,5026.0,5026.0,5026.0,8062.0,2729.0,Estimate
2017,1520,,La Plata,067,,,,,,15.0,school_panel,,15.0,5222.0,5222.0,5222.0,8087.0,2627.0,Estimate
2018,1520,DURANGO 9-R,La Plata,067,district,392.96,published,392.96,391.94,15.0,school_panel,,15.0,5406.0,5406.0,5406.0,8112.0,2581.0,Estimate
2019,1520,Durango 9-R,La Plata,067,district,391.7,school_sum,,391.7,15.0,school_panel,,15.0,5543.0,5543.0,5543.0,7989.0,2411.0,Estimate
2020,1520,,La Plata,067,,,,,,15.0,school_panel,,15.0,6931.0,6931.0,6931.0,8063.0,2330.0,Estimate
2021,1520,,La Plata,067,,,,,,15.0,school_panel,,15.0,5797.0,5797.0,5794.0,8212.0,2237.0,Estimate
2022,1520,Durango 9-R,La Plata,067,district,389.0,published,389.0,389.0,14.0,school_panel,,14.0,5595.0,5595.0,5452.0,8230.0,2186.0,Estimate
2023,1520,Durango 9-R,La Plata,067,district,398.2,published,398.2,398.2,14.0,school_panel,,14.0,5267.0,5267.0,5146.0,8027.0,2167.0,Estimate
2024,1520,Durango 9-R,La Plata,067,district,339.9,published,339.9,339.9,14.0,school_panel,,14.0,4492.0,4492.0,4337.0,7935.0,2164.0,Estimate
1990,1530,BAYFIELD 10 JT-R,La Plata,067,district,47.2,published,47.2,,3.0,school_panel,3.0,3.0,818.0,,818.0,6042.0,2268.0,Estimate
1991,1530,BAYFIELD 10 JT-R,La Plata,067,district,52.3,published,52.3,,3.0,school_panel,3.0,3.0,826.0,,826.0,6181.0,2257.0,Estimate
1992,1530,BAYFIELD 10 JT-R,La Plata,067,district,52.3,published,52.3,,3.0,school_panel,3.0,3.0,883.0,,883.0,6336.0,2260.0,Estimate
1993,1530,BAYFIELD 10 JT-R,La Plata,067,district,55.6,published,55.6,,3.0,school_panel,3.0,3.0,871.0,,871.0,6513.0,2270.0,Estimate
1994,1530,BAYFIELD 10 JT-R,La Plata,067,district,59.7,published,59.7,,3.0,school_panel,3.0,3.0,938.0,,938.0,6712.0,2282.0,Estimate
1995,1530,BAYFIELD 10 JT-R,La Plata,067,district,64.7,published,64.7,,3.0,school_panel,3.0,3.0,1027.0,,1027.0,7010.0,2323.0,Estimate
1996,1530,BAYFIELD 10 JT-R,La Plata,067,district,65.2,published,65.2,,3.0,school_panel,3.0,3.0,1066.0,,1066.0,7137.0,2304.0,Estimate
1997,1530,BAYFIELD 10 JT-R,La Plata,067,district,66.5,published,66.5,,3.0,school_panel,3.0,3.0,1067.0,,1067.0,7210.0,2262.0,Estimate
1998,1530,BAYFIELD 10 JT-R,La Plata,067,district,67.8,published,67.8,,3.0,school_panel,3.0,3.0,1050.0,,1050.0,7316.0,2233.0,Estimate
1999,1530,BAYFIELD 10 JT-R,La Plata,067,district,,,,,3.0,school_panel,3.0,3.0,1047.0,,1047.0,7555.0,2237.0,Estimate
2000,1530,BAYFIELD 10 JT-R,La Plata,067,district,66.482,school_sum,,66.482,3.0,school_panel,,3.0,,,1089.0,7834.0,2247.0,Estimate
2001,1530,BAYFIELD 10 JT-R,La Plata,067,district,67.482,school_sum,,67.482,3.0,school_panel,,3.0,1113.0,1113.0,1113.0,7798.0,2302.0,Estimate
2002,1530,BAYFIELD 10 JT-R,La Plata,067,district,67.9784,school_sum,,67.9784,3.0,school_panel,,3.0,1117.0,1117.0,1117.0,7723.0,2289.0,Estimate
2003,1530,BAYFIELD 10 JT-R,La Plata,067,district,71.6329,school_sum,,71.6329,3.0,school_panel,,3.0,1190.0,1190.0,1190.0,7611.0,2318.0,Estimate
2004,1530,BAYFIELD 10 JT-R,La Plata,067,district,75.793,school_sum,,75.793,3.0,school_panel,,3.0,1233.0,1233.0,1233.0,7529.0,2367.0,Estimate
2005,1530,BAYFIELD 10 JT-R,La Plata,067,district,80.772,school_sum,,80.772,3.0,school_panel,,3.0,1192.0,1192.0,1192.0,7563.0,2446.0,Estimate
2006,1530,BAYFIELD 10 JT-R,La Plata,067,district,83.4146,school_sum,,83.4146,3.0,school_panel,,3.0,1311.0,1311.0,1311.0,7494.0,2503.0,Estimate
2007,1530,BAYFIELD 10 JT-R,La Plata,067,district,85.6583,school_sum,,85.6583,3.0,school_panel,,3.0,1358.0,1358.0,1358.0,7537.0,2598.0,Estimate
2008,1530,BAYFIELD 10 JT-R,La Plata,067,district,85.9883,school_sum,,85.9883,4.0,school_panel,,4.0,1345.0,1345.0,1345.0,7634.0,2730.0,Estimate
2009,1530,BAYFIELD 10 JT-R,La Plata,067,district,90.5005,school_sum,,90.5005,4.0,school_panel,,4.0,1406.0,1406.0,1406.0,7569.0,2818.0,Estimate
2010,1530,BAYFIELD 10 JT-R,La Plata,067,district,88.606,published,88.606,88.606,3.0,school_panel,,3.0,1405.0,1405.0,1405.0,7600.0,2900.0,Estimate
2011,1530,BAYFIELD 10 JT-R,La Plata,067,district,84.67,school_sum,,84.67,3.0,school_panel,,3.0,1362.0,1362.0,1362.0,7602.0,2894.0,Estimate
2012,1530,BAYFIELD 10 JT-R,La Plata,067,district,84.1,school_sum,,84.1,3.0,school_panel,,3.0,1402.0,1402.0,1402.0,7660.0,2856.0,Estimate
2013,1530,BAYFIELD 10 JT-R,La Plata,067,district,85.09,school_sum,,85.09,3.0,school_panel,,3.0,1340.0,1340.0,1340.0,7827.0,2752.0,Estimate
2014,1530,BAYFIELD 10 JT-R,La Plata,067,district,88.8232,school_sum,,88.8232,3.0,school_panel,,3.0,1325.0,1325.0,1325.0,7899.0,2736.0,Estimate
2015,1530,BAYFIELD 10 JT-R,La Plata,067,district,93.85,school_sum,,93.85,3.0,school_panel,,3.0,1357.0,1357.0,1357.0,7983.0,2752.0,Estimate
2016,1530,BAYFIELD 10 JT-R,La Plata,067,district,94.53,published,94.53,94.54,3.0,school_panel,,3.0,1381.0,1381.0,1381.0,8062.0,2729.0,Estimate
2017,1530,,La Plata,067,,,,,,3.0,school_panel,,3.0,1377.0,1377.0,1377.0,8087.0,2627.0,Estimate
2018,1530,BAYFIELD 10 JT-R,La Plata,067,district,97.38,published,97.38,96.38,4.0,school_panel,,4.0,1371.0,1371.0,1371.0,8112.0,2581.0,Estimate
2019,1530,Bayfield 10 Jt-R,La Plata,067,district,101.7,school_sum,,101.7,4.0,school_panel,,4.0,1363.0,1363.0,1363.0,7989.0,2411.0,Estimate
2020,1530,,La Plata,067,,,,,,4.0,school_panel,,4.0,1314.0,1314.0,1314.0,8063.0,2330.0,Estimate
2021,1530,,La Plata,067,,,,,,4.0,school_panel,,4.0,1311.0,1311.0,1311.0,8212.0,2237.0,Estimate
2022,1530,Bayfield 10 Jt-R,La Plata,067,district,105.9,published,105.9,105.2,4.0,school_panel,,4.0,1281.0,1281.0,1279.0,8230.0,2186.0,Estimate
2023,1530,Bayfield 10 Jt-R,La Plata,067,district,102.0,published,102.0,102.0,4.0,school_panel,,4.0,1254.0,1254.0,1253.0,8027.0,2167.0,Estimate
2024,1530,Bayfield 10 Jt-R,La Plata,067,district,99.1,published,99.1,99.0,4.0,school_panel,,4.0,1183.0,1183.0,1183.0,7935.0,2164.0,Estimate
1990,1540,IGNACIO 11 JT,La Plata,067,district,65.1,published,65.1,,5.0,school_panel,5.0,5.0,964.0,,964.0,6042.0,2268.0,Estimate
1991,1540,IGNACIO 11 JT,La Plata,067,district,65.0,published,65.0,,5.0,school_panel,5.0,5.0,992.0,,992.0,6181.0,2257.0,Estimate
1992,1540,IGNACIO 11 JT,La Plata,067,district,66.0,published,66.0,,5.0,school_panel,5.0,5.0,1004.0,,1004.0,6336.0,2260.0,Estimate
1993,1540,IGNACIO 11 JT,La Plata,067,district,68.3,published,68.3,,5.0,school_panel,5.0,5.0,1011.0,,1011.0,6513.0,2270.0,Estimate
1994,1540,IGNACIO 11 JT,La Plata,067,district,70.6,published,70.6,,5.0,school_panel,5.0,5.0,1040.0,,1040.0,6712.0,2282.0,Estimate
1995,1540,IGNACIO 11 JT,La Plata,067,district,71.6,published,71.6,,5.0,school_panel,5.0,5.0,1062.0,,1062.0,7010.0,2323.0,Estimate
1996,1540,IGNACIO 11 JT,La Plata,067,district,71.6,published,71.6,,5.0,school_panel,5.0,5.0,1105.0,,1105.0,7137.0,2304.0,Estimate
1997,1540,IGNACIO 11 JT,La Plata,067,district,74.5,published,74.5,,5.0,school_panel,5.0,5.0,1078.0,,1078.0,7210.0,2262.0,Estimate
1998,1540,IGNACIO 11 JT,La Plata,067,district,73.5,published,73.5,,6.0,school_panel,6.0,6.0,1101.0,,1101.0,7316.0,2233.0,Estimate
1999,1540,IGNACIO 11 JT,La Plata,067,district,,,,,6.0,school_panel,6.0,6.0,1028.0,,1028.0,7555.0,2237.0,Estimate
2000,1540,IGNACIO 11 JT,La Plata,067,district,68.5909,school_sum,,68.5909,6.0,school_panel,,6.0,,,935.0,7834.0,2247.0,Estimate
2001,1540,IGNACIO 11 JT,La Plata,067,district,67.5058,school_sum,,67.5058,4.0,school_panel,,4.0,657.0,657.0,889.0,7798.0,2302.0,Estimate
2002,1540,IGNACIO 11 JT,La Plata,067,district,66.7386,school_sum,,66.7386,4.0,school_panel,,4.0,632.0,632.0,847.0,7723.0,2289.0,Estimate
2003,1540,IGNACIO 11 JT,La Plata,067,district,62.5506,school_sum,,62.5506,4.0,school_panel,,4.0,764.0,764.0,764.0,7611.0,2318.0,Estimate
2004,1540,IGNACIO 11 JT,La Plata,067,district,61.7919,school_sum,,61.7919,4.0,school_panel,,4.0,738.0,738.0,738.0,7529.0,2367.0,Estimate
2005,1540,IGNACIO 11 JT,La Plata,067,district,63.0448,school_sum,,63.0448,5.0,school_panel,,5.0,751.0,751.0,751.0,7563.0,2446.0,Estimate
2006,1540,IGNACIO 11 JT,La Plata,067,district,63.905,school_sum,,63.905,5.0,school_panel,,5.0,791.0,791.0,791.0,7494.0,2503.0,Estimate
2007,1540,IGNACIO 11 JT,La Plata,067,district,62.8835,school_sum,,62.8835,5.0,school_panel,,5.0,811.0,811.0,811.0,7537.0,2598.0,Estimate
2008,1540,IGNACIO 11 JT,La Plata,067,district,65.9156,school_sum,,65.9156,6.0,school_panel,,6.0,813.0,813.0,813.0,7634.0,2730.0,Estimate
2009,1540,IGNACIO 11 JT,La Plata,067,district,63.5376,school_sum,,63.5376,6.0,school_panel,,6.0,797.0,797.0,797.0,7569.0,2818.0,Estimate
2010,1540,IGNACIO 11 JT,La Plata,067,district,65.001,published,65.001,64.501,5.0,school_panel,,5.0,751.0,751.0,751.0,7600.0,2900.0,Estimate
2011,1540,IGNACIO 11 JT,La Plata,067,district,61.6,school_sum,,61.6,5.0,school_panel,,5.0,759.0,759.0,759.0,7602.0,2894.0,Estimate
2012,1540,IGNACIO 11 JT,La Plata,067,district,62.23,school_sum,,62.23,4.0,school_panel,,4.0,718.0,718.0,718.0,7660.0,2856.0,Estimate
2013,1540,IGNACIO 11 JT,La Plata,067,district,63.09,school_sum,,63.09,4.0,school_panel,,4.0,763.0,763.0,763.0,7827.0,2752.0,Estimate
2014,1540,IGNACIO 11 JT,La Plata,067,district,66.2214,school_sum,,66.2214,3.0,school_panel,,3.0,791.0,791.0,791.0,7899.0,2736.0,Estimate
2015,1540,IGNACIO 11 JT,La Plata,067,district,66.3,school_sum,,66.3,3.0,school_panel,,3.0,857.0,857.0,857.0,7983.0,2752.0,Estimate
2016,1540,IGNACIO 11 JT,La Plata,067,district,69.54,published,69.54,69.54,3.0,school_panel,,3.0,869.0,869.0,869.0,8062.0,2729.0,Estimate
2017,1540,,La Plata,067,,,,,,3.0,school_panel,,3.0,786.0,786.0,786.0,8087.0,2627.0,Estimate
2018,1540,IGNACIO 11 JT,La Plata,067,district,67.17,published,67.17,67.17,3.0,school_panel,,3.0,730.0,730.0,730.0,8112.0,2581.0,Estimate
2019,1540,Ignacio 11 JT,La Plata,067,district,63.2,school_sum,,63.2,3.0,school_panel,,3.0,725.0,725.0,725.0,7989.0,2411.0,Estimate
2020,1540,,La Plata,067,,,,,,3.0,school_panel,,3.0,659.0,659.0,659.0,8063.0,2330.0,Estimate
2021,1540,,La Plata,067,,,,,,3.0,school_panel,,3.0,640.0,640.0,640.0,8212.0,2237.0,Estimate
2022,1540,Ignacio 11 JT,La Plata,067,district,60.2,published,60.2,60.2,3.0,school_panel,,3.0,641.0,641.0,641.0,8230.0,2186.0,Estimate
2023,1540,Ignacio 11 JT,La Plata,067,district,61.1,published,61.1,61.1,4.0,school_panel,,4.0,691.0,691.0,691.0,8027.0,2167.0,Estimate
2024,1540,Ignacio 11 JT,La Plata,067,district,61.2,published,61.2,61.1,4.0,school_panel,,4.0,633.0,633.0,633.0,7935.0,2164.0,Estimate
1990,1550,POUDRE R-1,Larimer,069,district,929.3,published,929.3,,42.0,school_panel,41.0,42.0,18589.0,,18589.0,33639.0,13802.0,Estimate
1991,1550,POUDRE R-1,Larimer,069,district,980.9,published,980.9,,41.0,school_panel,41.0,41.0,19420.0,,19420.0,34736.0,13964.0,Estimate
1992,1550,POUDRE R-1,Larimer,069,district,1041.1,published,1041.1,,40.0,school_panel,40.0,40.0,19988.0,,19988.0,35774.0,14144.0,Estimate
1993,1550,POUDRE R-1,Larimer,069,district,1013.8,published,1013.8,,42.0,school_panel,42.0,42.0,20485.0,,20485.0,37000.0,14380.0,Estimate
1994,1550,POUDRE R-1,Larimer,069,district,996.1,published,996.1,,44.0,school_panel,42.0,44.0,21183.0,,21183.0,38386.0,14662.0,Estimate
1995,1550,POUDRE R-1,Larimer,069,district,1003.7,published,1003.7,,43.0,school_panel,42.0,43.0,21283.0,,21283.0,39518.0,14826.0,Estimate
1996,1550,POUDRE R-1,Larimer,069,district,1101.1,published,1101.1,,43.0,school_panel,42.0,43.0,21922.0,,21922.0,40455.0,14907.0,Estimate
1997,1550,POUDRE R-1,Larimer,069,district,1184.0,published,1184.0,,44.0,school_panel,43.0,44.0,22823.0,,22823.0,41371.0,14966.0,Estimate
1998,1550,POUDRE R-1,Larimer,069,district,1248.8,published,1248.8,,45.0,school_panel,45.0,45.0,23178.0,,23178.0,42420.0,15058.0,Estimate
1999,1550,POUDRE R-1,Larimer,069,district,,,,,45.0,school_panel,45.0,45.0,23434.0,,23434.0,43602.0,15180.0,Estimate
2000,1550,POUDRE R-1,Larimer,069,district,1266.5983,school_sum,,1266.5983,45.0,school_panel,,45.0,,,24021.0,44758.0,15275.0,Estimate
2001,1550,POUDRE R-1,Larimer,069,district,1392.171,school_sum,,1392.171,48.0,school_panel,,48.0,21976.0,21976.0,24402.0,45710.0,15751.0,Estimate
2002,1550,POUDRE R-1,Larimer,069,district,1433.6908,school_sum,,1433.6908,54.0,school_panel,,54.0,22197.0,22197.0,24537.0,46027.0,16129.0,Estimate
2003,1550,POUDRE R-1,Larimer,069,district,1417.9694,school_sum,,1417.9694,55.0,school_panel,,55.0,24891.0,24891.0,24891.0,45533.0,16264.0,Estimate
2004,1550,POUDRE R-1,Larimer,069,district,1476.2949,school_sum,,1476.2949,52.0,school_panel,,52.0,25000.0,25000.0,25000.0,45638.0,16591.0,Estimate
2005,1550,POUDRE R-1,Larimer,069,district,1484.2766,school_sum,,1484.2766,52.0,school_panel,,52.0,25215.0,25215.0,25215.0,45242.0,16764.0,Estimate
2006,1550,POUDRE R-1,Larimer,069,district,1447.2123,school_sum,,1447.2123,53.0,school_panel,,53.0,25430.0,25430.0,25430.0,45426.0,16997.0,Estimate
2007,1550,POUDRE R-1,Larimer,069,district,1474.0508,school_sum,,1474.0508,54.0,school_panel,,54.0,25599.0,25599.0,25599.0,45801.0,17281.0,Estimate
2008,1550,POUDRE R-1,Larimer,069,district,1498.7251,school_sum,,1498.7251,54.0,school_panel,,54.0,25953.0,25953.0,25953.0,46103.0,17542.0,Estimate
2009,1550,POUDRE R-1,Larimer,069,district,1541.8918,school_sum,,1541.8918,52.0,school_panel,,52.0,26520.0,26520.0,26520.0,46464.0,17584.0,Estimate
2010,1550,POUDRE R-1,Larimer,069,district,1495.356,published,1495.356,1485.658,52.0,school_panel,,52.0,26923.0,26923.0,26923.0,46579.0,17493.0,Estimate
2011,1550,POUDRE R-1,Larimer,069,district,1537.77,school_sum,,1537.77,51.0,school_panel,,51.0,27497.0,27497.0,27497.0,47252.0,17392.0,Estimate
2012,1550,POUDRE R-1,Larimer,069,district,1606.15,school_sum,,1606.15,51.0,school_panel,,51.0,27903.0,27903.0,27903.0,47959.0,17401.0,Estimate
2013,1550,POUDRE R-1,Larimer,069,district,1615.85,school_sum,,1615.85,52.0,school_panel,,52.0,28430.0,28430.0,28430.0,48634.0,17480.0,Estimate
2014,1550,POUDRE R-1,Larimer,069,district,1660.6192,school_sum,,1660.6192,53.0,school_panel,,53.0,29045.0,29045.0,29045.0,49532.0,17745.0,Estimate
2015,1550,POUDRE R-1,Larimer,069,district,1703.94,school_sum,,1703.94,53.0,school_panel,,53.0,29510.0,29510.0,29510.0,50772.0,18030.0,Estimate
2016,1550,POUDRE R-1,Larimer,069,district,1738.43,published,1738.43,1723.22,52.0,school_panel,,52.0,29671.0,29671.0,29671.0,51300.0,18094.0,Estimate
2017,1550,,Larimer,069,,,,,,52.0,school_panel,,52.0,30004.0,30004.0,30004.0,51885.0,17931.0,Estimate
2018,1550,POUDRE R-1,Larimer,069,district,1777.9,published,1777.9,1762.22,53.0,school_panel,,53.0,30447.0,30447.0,30447.0,52608.0,17838.0,Estimate
2019,1550,Poudre R-1,Larimer,069,district,1792.9,school_sum,,1792.9,54.0,school_panel,,54.0,30727.0,30727.0,30727.0,53323.0,17490.0,Estimate
2020,1550,,Larimer,069,,,,,,51.0,school_panel,,51.0,29417.0,29417.0,29417.0,53235.0,17159.0,Estimate
2021,1550,,Larimer,069,,,,,,52.0,school_panel,,52.0,29941.0,29941.0,29907.0,53723.0,16818.0,Estimate
2022,1550,Poudre R-1,Larimer,069,district,1850.1,published,1850.1,1834.5,53.0,school_panel,,53.0,30087.0,30087.0,29977.0,54220.0,16825.0,Estimate
2023,1550,Poudre R-1,Larimer,069,district,1867.4999999999995,published,1867.4999999999995,1867.5,53.0,school_panel,,53.0,29896.0,29896.0,29754.0,54330.0,16481.0,Estimate
2024,1550,Poudre R-1,Larimer,069,district,1874.7,published,1874.7,1855.7,53.0,school_panel,,53.0,29544.0,29544.0,29381.0,54087.0,16283.0,Estimate
1990,1560,THOMPSON R-2J,Larimer,069,district,637.7,published,637.7,,25.0,school_panel,25.0,25.0,12019.0,,12019.0,33639.0,13802.0,Estimate
1991,1560,THOMPSON R-2J,Larimer,069,district,642.0,published,642.0,,25.0,school_panel,25.0,25.0,12265.0,,12265.0,34736.0,13964.0,Estimate
1992,1560,THOMPSON R-2J,Larimer,069,district,625.9,published,625.9,,25.0,school_panel,25.0,25.0,12559.0,,12559.0,35774.0,14144.0,Estimate
1993,1560,THOMPSON R-2J,Larimer,069,district,642.9,published,642.9,,26.0,school_panel,26.0,26.0,12837.0,,12837.0,37000.0,14380.0,Estimate
1994,1560,THOMPSON R-2J,Larimer,069,district,672.0,published,672.0,,26.0,school_panel,26.0,26.0,13137.0,,13137.0,38386.0,14662.0,Estimate
1995,1560,THOMPSON R-2J,Larimer,069,district,691.4,published,691.4,,26.0,school_panel,26.0,26.0,13405.0,,13405.0,39518.0,14826.0,Estimate
1996,1560,THOMPSON R-2J,Larimer,069,district,716.5,published,716.5,,26.0,school_panel,26.0,26.0,13787.0,,13787.0,40455.0,14907.0,Estimate
1997,1560,THOMPSON R-2J,Larimer,069,district,726.4,published,726.4,,26.0,school_panel,26.0,26.0,14021.0,,14021.0,41371.0,14966.0,Estimate
1998,1560,THOMPSON R-2J,Larimer,069,district,745.6,published,745.6,,27.0,school_panel,27.0,27.0,14161.0,,14161.0,42420.0,15058.0,Estimate
1999,1560,"THOMPSON, R-2J",Larimer,069,district,,,,,27.0,school_panel,27.0,27.0,14186.0,,14186.0,43602.0,15180.0,Estimate
2000,1560,THOMPSON R-2J,Larimer,069,district,795.0625,school_sum,,795.0625,28.0,school_panel,,28.0,,,14709.0,44758.0,15275.0,Estimate
2001,1560,THOMPSON R-2J,Larimer,069,district,828.3061,school_sum,,828.3061,28.0,school_panel,,28.0,12562.0,12562.0,14779.0,45710.0,15751.0,Estimate
2002,1560,THOMPSON R-2J,Larimer,069,district,834.1969,school_sum,,834.1969,28.0,school_panel,,28.0,12770.0,12770.0,14888.0,46027.0,16129.0,Estimate
2003,1560,THOMPSON R-2J,Larimer,069,district,852.0172,school_sum,,852.0172,29.0,school_panel,,29.0,14966.0,14966.0,14966.0,45533.0,16264.0,Estimate
2004,1560,THOMPSON R-2J,Larimer,069,district,824.2849,school_sum,,824.2849,29.0,school_panel,,29.0,14961.0,14961.0,14961.0,45638.0,16591.0,Estimate
2005,1560,THOMPSON R-2J,Larimer,069,district,807.6369,school_sum,,807.6369,29.0,school_panel,,29.0,15051.0,15051.0,15051.0,45242.0,16764.0,Estimate
2006,1560,THOMPSON R-2J,Larimer,069,district,812.3179,school_sum,,812.3179,30.0,school_panel,,30.0,15265.0,15265.0,15265.0,45426.0,16997.0,Estimate
2007,1560,THOMPSON R-2J,Larimer,069,district,868.7282,school_sum,,868.7282,30.0,school_panel,,30.0,15304.0,15304.0,15304.0,45801.0,17281.0,Estimate
2008,1560,THOMPSON R-2J,Larimer,069,district,882.4082,school_sum,,882.4082,32.0,school_panel,,32.0,15332.0,15332.0,15332.0,46103.0,17542.0,Estimate
2009,1560,THOMPSON R-2J,Larimer,069,district,890.8354,school_sum,,890.8354,32.0,school_panel,,32.0,15225.0,15225.0,15225.0,46464.0,17584.0,Estimate
2010,1560,THOMPSON R-2J,Larimer,069,district,891.218,published,891.218,884.138,33.0,school_panel,,33.0,15310.0,15310.0,15310.0,46579.0,17493.0,Estimate
2011,1560,THOMPSON R2-J,Larimer,069,district,829.63,school_sum,,829.63,34.0,school_panel,,34.0,15655.0,15655.0,15655.0,47252.0,17392.0,Estimate
2012,1560,THOMPSON R2-J,Larimer,069,district,847.05,school_sum,,847.05,35.0,school_panel,,35.0,16042.0,16042.0,16042.0,47959.0,17401.0,Estimate
2013,1560,THOMPSON R2-J,Larimer,069,district,853.27,school_sum,,853.27,35.0,school_panel,,35.0,16210.0,16210.0,16210.0,48634.0,17480.0,Estimate
2014,1560,THOMPSON R2-J,Larimer,069,district,857.2915,school_sum,,857.2915,35.0,school_panel,,35.0,16133.0,16133.0,16133.0,49532.0,17745.0,Estimate
2015,1560,THOMPSON R2-J,Larimer,069,district,867.18,school_sum,,867.18,34.0,school_panel,,34.0,16043.0,16043.0,16043.0,50772.0,18030.0,Estimate
2016,1560,THOMPSON R2-J,Larimer,069,district,901.41,published,901.41,893.77,35.0,school_panel,,35.0,16280.0,16280.0,16280.0,51300.0,18094.0,Estimate
2017,1560,,Larimer,069,,,,,,35.0,school_panel,,35.0,16278.0,16278.0,16278.0,51885.0,17931.0,Estimate
2018,1560,THOMPSON R2-J,Larimer,069,district,910.74,published,910.74,896.74,35.0,school_panel,,35.0,16181.0,16181.0,16181.0,52608.0,17838.0,Estimate
2019,1560,Thompson R2-J,Larimer,069,district,906.4,school_sum,,906.4,35.0,school_panel,,35.0,16163.0,16163.0,16163.0,53323.0,17490.0,Estimate
2020,1560,,Larimer,069,,,,,,33.0,school_panel,,33.0,14965.0,14965.0,14821.0,53235.0,17159.0,Estimate
2021,1560,,Larimer,069,,,,,,35.0,school_panel,,35.0,15291.0,15291.0,15280.0,53723.0,16818.0,Estimate
2022,1560,Thompson R2-J,Larimer,069,district,918.5,published,918.5,905.0,35.0,school_panel,,35.0,15212.0,15212.0,15083.0,54220.0,16825.0,Estimate
2023,1560,Thompson R2-J,Larimer,069,district,897.1999999999999,published,897.1999999999999,897.2,34.0,school_panel,,34.0,15039.0,15039.0,14907.0,54330.0,16481.0,Estimate
2024,1560,Thompson R2-J,Larimer,069,district,933.5,published,933.5,914.3,32.0,school_panel,,32.0,14751.0,14751.0,14580.0,54087.0,16283.0,Estimate
1990,1570,PARK (ESTES PARK) R-3,Larimer,069,district,68.1,published,68.1,,3.0,school_panel,3.0,3.0,1149.0,,1149.0,33639.0,13802.0,Estimate
1991,1570,PARK (ESTES PARK) R-3,Larimer,069,district,69.7,published,69.7,,3.0,school_panel,3.0,3.0,1217.0,,1217.0,34736.0,13964.0,Estimate
1992,1570,PARK (ESTES PARK) R-3,Larimer,069,district,71.1,published,71.1,,3.0,school_panel,3.0,3.0,1238.0,,1238.0,35774.0,14144.0,Estimate
1993,1570,PARK (ESTES PARK) R-3,Larimer,069,district,70.0,published,70.0,,3.0,school_panel,3.0,3.0,1290.0,,1290.0,37000.0,14380.0,Estimate
1994,1570,PARK (ESTES PARK) R-3,Larimer,069,district,70.1,published,70.1,,3.0,school_panel,3.0,3.0,1399.0,,1399.0,38386.0,14662.0,Estimate
1995,1570,PARK (ESTES PARK) R-3,Larimer,069,district,74.6,published,74.6,,3.0,school_panel,3.0,3.0,1390.0,,1390.0,39518.0,14826.0,Estimate
1996,1570,PARK (ESTES PARK) R-3,Larimer,069,district,77.0,published,77.0,,3.0,school_panel,3.0,3.0,1349.0,,1349.0,40455.0,14907.0,Estimate
1997,1570,PARK (ESTES PARK) R-3,Larimer,069,district,79.8,published,79.8,,4.0,school_panel,4.0,4.0,1353.0,,1353.0,41371.0,14966.0,Estimate
1998,1570,PARK (ESTES PARK) R-3,Larimer,069,district,93.5,published,93.5,,4.0,school_panel,4.0,4.0,1344.0,,1344.0,42420.0,15058.0,Estimate
1999,1570,PARK (ESTES PARK) R-3,Larimer,069,district,,,,,4.0,school_panel,4.0,4.0,1366.0,,1366.0,43602.0,15180.0,Estimate
2000,1570,PARK (ESTES PARK) R-3,Larimer,069,district,94.9669,school_sum,,94.9669,4.0,school_panel,,4.0,,,1354.0,44758.0,15275.0,Estimate
2001,1570,PARK (ESTES PARK) R-3,Larimer,069,district,95.9149,school_sum,,95.9149,4.0,school_panel,,4.0,1058.0,1058.0,1381.0,45710.0,15751.0,Estimate
2002,1570,PARK (ESTES PARK) R-3,Larimer,069,district,89.5073,school_sum,,89.5073,4.0,school_panel,,4.0,1081.0,1081.0,1411.0,46027.0,16129.0,Estimate
2003,1570,PARK (ESTES PARK) R-3,Larimer,069,district,95.0242,school_sum,,95.0242,4.0,school_panel,,4.0,1361.0,1361.0,1361.0,45533.0,16264.0,Estimate
2004,1570,PARK (ESTES PARK) R-3,Larimer,069,district,95.0598,school_sum,,95.0598,4.0,school_panel,,4.0,1260.0,1260.0,1260.0,45638.0,16591.0,Estimate
2005,1570,PARK (ESTES PARK) R-3,Larimer,069,district,83.829,school_sum,,83.829,4.0,school_panel,,4.0,1265.0,1265.0,1265.0,45242.0,16764.0,Estimate
2006,1570,PARK (ESTES PARK) R-3,Larimer,069,district,81.764,school_sum,,81.764,3.0,school_panel,,3.0,1272.0,1272.0,1272.0,45426.0,16997.0,Estimate
2007,1570,PARK (ESTES PARK) R-3,Larimer,069,district,84.8165,school_sum,,84.8165,3.0,school_panel,,3.0,1206.0,1206.0,1206.0,45801.0,17281.0,Estimate
2008,1570,PARK (ESTES PARK) R-3,Larimer,069,district,84.4513,school_sum,,84.4513,4.0,school_panel,,4.0,1186.0,1186.0,1186.0,46103.0,17542.0,Estimate
2009,1570,PARK (ESTES PARK) R-3,Larimer,069,district,87.2095,school_sum,,87.2095,4.0,school_panel,,4.0,1210.0,1210.0,1210.0,46464.0,17584.0,Estimate
2010,1570,PARK (ESTES PARK) R-3,Larimer,069,district,76.757,published,76.757,76.757,4.0,school_panel,,4.0,1159.0,1159.0,1159.0,46579.0,17493.0,Estimate
2011,1570,PARK (ESTES PARK) R-3,Larimer,069,district,82.69,school_sum,,82.69,4.0,school_panel,,4.0,1175.0,1175.0,1175.0,47252.0,17392.0,Estimate
2012,1570,ESTES PARK R-3,Larimer,069,district,78.21,school_sum,,78.21,4.0,school_panel,,4.0,1139.0,1139.0,1139.0,47959.0,17401.0,Estimate
2013,1570,ESTES PARK R-3,Larimer,069,district,81.86,school_sum,,81.86,4.0,school_panel,,4.0,1096.0,1096.0,1096.0,48634.0,17480.0,Estimate
2014,1570,ESTES PARK R-3,Larimer,069,district,81.8204,school_sum,,81.8204,4.0,school_panel,,4.0,1127.0,1127.0,1127.0,49532.0,17745.0,Estimate
2015,1570,ESTES PARK R-3,Larimer,069,district,81.48,school_sum,,81.48,4.0,school_panel,,4.0,1143.0,1143.0,1143.0,50772.0,18030.0,Estimate
2016,1570,ESTES PARK R-3,Larimer,069,district,78.33,published,78.33,78.33,4.0,school_panel,,4.0,1153.0,1153.0,1153.0,51300.0,18094.0,Estimate
2017,1570,,Larimer,069,,,,,,4.0,school_panel,,4.0,1141.0,1141.0,1141.0,51885.0,17931.0,Estimate
2018,1570,ESTES PARK R-3,Larimer,069,district,79.47,published,79.47,79.47,4.0,school_panel,,4.0,1129.0,1129.0,1129.0,52608.0,17838.0,Estimate
2019,1570,Estes Park R-3,Larimer,069,district,76.8,school_sum,,76.8,4.0,school_panel,,4.0,1151.0,1151.0,1151.0,53323.0,17490.0,Estimate
2020,1570,,Larimer,069,,,,,,4.0,school_panel,,4.0,1021.0,1021.0,1021.0,53235.0,17159.0,Estimate
2021,1570,,Larimer,069,,,,,,4.0,school_panel,,4.0,1058.0,1058.0,1058.0,53723.0,16818.0,Estimate
2022,1570,Estes Park R-3,Larimer,069,district,75.9,published,75.9,76.0,4.0,school_panel,,4.0,1061.0,1061.0,1014.0,54220.0,16825.0,Estimate
2023,1570,Estes Park R-3,Larimer,069,district,73.6,published,73.6,73.6,3.0,school_panel,,3.0,1015.0,1015.0,971.0,54330.0,16481.0,Estimate
2024,1570,Estes Park R-3,Larimer,069,district,69.3,published,69.3,69.2,3.0,school_panel,,3.0,956.0,956.0,882.0,54087.0,16283.0,Estimate
1990,1580,TRINIDAD 1,Las Animas,071,district,97.0,published,97.0,,5.0,school_panel,5.0,5.0,1599.0,,1599.0,2628.0,894.0,Estimate
1991,1580,TRINIDAD 1,Las Animas,071,district,96.2,published,96.2,,5.0,school_panel,5.0,5.0,1597.0,,1597.0,2630.0,883.0,Estimate
1992,1580,TRINIDAD 1,Las Animas,071,district,97.0,published,97.0,,5.0,school_panel,5.0,5.0,1578.0,,1578.0,2665.0,883.0,Estimate
1993,1580,TRINIDAD 1,Las Animas,071,district,91.7,published,91.7,,5.0,school_panel,5.0,5.0,1578.0,,1578.0,2693.0,882.0,Estimate
1994,1580,TRINIDAD 1,Las Animas,071,district,93.7,published,93.7,,5.0,school_panel,5.0,5.0,1653.0,,1653.0,2791.0,901.0,Estimate
1995,1580,TRINIDAD 1,Las Animas,071,district,96.8,published,96.8,,5.0,school_panel,5.0,5.0,1661.0,,1661.0,2813.0,898.0,Estimate
1996,1580,TRINIDAD 1,Las Animas,071,district,95.8,published,95.8,,5.0,school_panel,5.0,5.0,1603.0,,1603.0,2817.0,888.0,Estimate
1997,1580,TRINIDAD 1,Las Animas,071,district,95.8,published,95.8,,5.0,school_panel,5.0,5.0,1560.0,,1560.0,2827.0,878.0,Estimate
1998,1580,TRINIDAD 1,Las Animas,071,district,97.1,published,97.1,,5.0,school_panel,5.0,5.0,1515.0,,1515.0,2820.0,864.0,Estimate
1999,1580,TRINIDAD 1,Las Animas,071,district,,,,,5.0,school_panel,5.0,5.0,1664.0,,1664.0,2831.0,855.0,Estimate
2000,1580,TRINIDAD 1,Las Animas,071,district,95.5,school_sum,,95.5,5.0,school_panel,,5.0,,,1577.0,2852.0,850.0,Estimate
2001,1580,TRINIDAD 1,Las Animas,071,district,98.3466,school_sum,,98.3466,5.0,school_panel,,5.0,1012.0,1012.0,1456.0,2742.0,858.0,Estimate
2002,1580,TRINIDAD 1,Las Animas,071,district,99.7386,school_sum,,99.7386,6.0,school_panel,,6.0,1466.0,1466.0,1466.0,2735.0,903.0,Estimate
2003,1580,TRINIDAD 1,Las Animas,071,district,95.7784,school_sum,,95.7784,4.0,school_panel,,4.0,1519.0,1519.0,1519.0,2800.0,921.0,Estimate
2004,1580,TRINIDAD 1,Las Animas,071,district,93.0057,school_sum,,93.0057,4.0,school_panel,,4.0,1522.0,1522.0,1522.0,2666.0,874.0,Estimate
2005,1580,TRINIDAD 1,Las Animas,071,district,86.8183,school_sum,,86.8183,4.0,school_panel,,4.0,1528.0,1528.0,1528.0,2602.0,847.0,Estimate
2006,1580,TRINIDAD 1,Las Animas,071,district,86.9894,school_sum,,86.9894,4.0,school_panel,,4.0,1553.0,1553.0,1553.0,2569.0,832.0,Estimate
2007,1580,TRINIDAD 1,Las Animas,071,district,86.016,school_sum,,86.016,4.0,school_panel,,4.0,1493.0,1493.0,1493.0,2534.0,828.0,Estimate
2008,1580,TRINIDAD 1,Las Animas,071,district,88.25,school_sum,,88.25,4.0,school_panel,,4.0,1540.0,1540.0,1540.0,2462.0,826.0,Estimate
2009,1580,TRINIDAD 1,Las Animas,071,district,91.1477,school_sum,,91.1477,4.0,school_panel,,4.0,1401.0,1401.0,1401.0,2403.0,844.0,Estimate
2010,1580,TRINIDAD 1,Las Animas,071,district,87.898,published,87.898,87.898,4.0,school_panel,,4.0,1352.0,1352.0,1352.0,2349.0,849.0,Estimate
2011,1580,TRINIDAD 1,Las Animas,071,district,79.1,school_sum,,79.1,4.0,school_panel,,4.0,1365.0,1365.0,1365.0,2288.0,815.0,Estimate
2012,1580,TRINIDAD 1,Las Animas,071,district,69.04,school_sum,,69.04,4.0,school_panel,,4.0,1198.0,1198.0,1198.0,2221.0,796.0,Estimate
2013,1580,TRINIDAD 1,Las Animas,071,district,56.0,school_sum,,56.0,3.0,school_panel,,3.0,1019.0,1019.0,1019.0,2181.0,761.0,Estimate
2014,1580,TRINIDAD 1,Las Animas,071,district,62.6412,school_sum,,62.6412,4.0,school_panel,,4.0,1025.0,1025.0,1025.0,2142.0,715.0,Estimate
2015,1580,TRINIDAD 1,Las Animas,071,district,55.23,school_sum,,55.23,4.0,school_panel,,4.0,1040.0,1040.0,1040.0,2124.0,696.0,Estimate
2016,1580,TRINIDAD 1,Las Animas,071,district,65.01,published,65.01,65.0,4.0,school_panel,,4.0,1040.0,1040.0,1040.0,2105.0,682.0,Estimate
2017,1580,,Las Animas,071,,,,,,4.0,school_panel,,4.0,982.0,982.0,982.0,2069.0,678.0,Estimate
2018,1580,TRINIDAD 1,Las Animas,071,district,48.48,published,48.48,48.48,4.0,school_panel,,4.0,937.0,937.0,937.0,2040.0,638.0,Estimate
2019,1580,Trinidad 1,Las Animas,071,district,51.6,school_sum,,51.6,4.0,school_panel,,4.0,881.0,881.0,881.0,1972.0,650.0,Estimate
2020,1580,,Las Animas,071,,,,,,3.0,school_panel,,3.0,774.0,774.0,774.0,1933.0,624.0,Estimate
2021,1580,,Las Animas,071,,,,,,3.0,school_panel,,3.0,789.0,789.0,789.0,1912.0,621.0,Estimate
2022,1580,Trinidad 1,Las Animas,071,district,46.8,published,46.8,46.8,3.0,school_panel,,3.0,796.0,796.0,796.0,1907.0,592.0,Estimate
2023,1580,Trinidad 1,Las Animas,071,district,50.8,published,50.8,50.8,3.0,school_panel,,3.0,744.0,744.0,744.0,1892.0,610.0,Estimate
2024,1580,Trinidad 1,Las Animas,071,district,43.9,published,43.9,43.9,3.0,school_panel,,3.0,769.0,769.0,769.0,1898.0,594.0,Estimate
1990,1590,PRIMERO REORGANIZED 2,Las Animas,071,district,16.0,published,16.0,,2.0,school_panel,2.0,2.0,159.0,,159.0,2628.0,894.0,Estimate
1991,1590,PRIMERO REORGANIZED 2,Las Animas,071,district,17.0,published,17.0,,2.0,school_panel,2.0,2.0,170.0,,170.0,2630.0,883.0,Estimate
1992,1590,PRIMERO REORGANIZED 2,Las Animas,071,district,17.0,published,17.0,,2.0,school_panel,2.0,2.0,168.0,,168.0,2665.0,883.0,Estimate
1993,1590,PRIMERO REORGANIZED 2,Las Animas,071,district,15.0,published,15.0,,2.0,school_panel,2.0,2.0,166.0,,166.0,2693.0,882.0,Estimate
1994,1590,PRIMERO REORGANIZED 2,Las Animas,071,district,15.0,published,15.0,,2.0,school_panel,2.0,2.0,180.0,,180.0,2791.0,901.0,Estimate
1995,1590,PRIMERO REORGANIZED 2,Las Animas,071,district,18.0,published,18.0,,2.0,school_panel,2.0,2.0,192.0,,192.0,2813.0,898.0,Estimate
1996,1590,PRIMERO REORGANIZED 2,Las Animas,071,district,19.0,published,19.0,,2.0,school_panel,2.0,2.0,203.0,,203.0,2817.0,888.0,Estimate
1997,1590,PRIMERO REORGANIZED 2,Las Animas,071,district,18.0,published,18.0,,2.0,school_panel,2.0,2.0,197.0,,197.0,2827.0,878.0,Estimate
1998,1590,PRIMERO REORGANIZED 2,Las Animas,071,district,17.5,published,17.5,,2.0,school_panel,2.0,2.0,186.0,,186.0,2820.0,864.0,Estimate
1999,1590,PRIMERO REORGANIZED 2,Las Animas,071,district,,,,,2.0,school_panel,2.0,2.0,177.0,,177.0,2831.0,855.0,Estimate
2000,1590,PRIMERO REORGANIZED 2,Las Animas,071,district,18.0,school_sum,,18.0,2.0,school_panel,,2.0,,,189.0,2852.0,850.0,Estimate
2001,1590,PRIMERO REORGANIZED 2,Las Animas,071,district,16.7,school_sum,,16.7,2.0,school_panel,,2.0,76.0,76.0,171.0,2742.0,858.0,Estimate
2002,1590,PRIMERO REORGANIZED 2,Las Animas,071,district,19.0,school_sum,,19.0,2.0,school_panel,,2.0,105.0,105.0,205.0,2735.0,903.0,Estimate
2003,1590,PRIMERO REORGANIZED 2,Las Animas,071,district,18.8,school_sum,,18.8,2.0,school_panel,,2.0,215.0,215.0,215.0,2800.0,921.0,Estimate
2004,1590,PRIMERO REORGANIZED 2,Las Animas,071,district,17.4,school_sum,,17.4,2.0,school_panel,,2.0,246.0,246.0,246.0,2666.0,874.0,Estimate
2005,1590,PRIMERO REORGANIZED 2,Las Animas,071,district,17.6,school_sum,,17.6,2.0,school_panel,,2.0,240.0,240.0,240.0,2602.0,847.0,Estimate
2006,1590,PRIMERO REORGANIZED 2,Las Animas,071,district,20.8586,school_sum,,20.8586,2.0,school_panel,,2.0,234.0,234.0,234.0,2569.0,832.0,Estimate
2007,1590,PRIMERO REORGANIZED 2,Las Animas,071,district,18.5586,school_sum,,18.5586,2.0,school_panel,,2.0,233.0,233.0,233.0,2534.0,828.0,Estimate
2008,1590,PRIMERO REORGANIZED 2,Las Animas,071,district,22.9348,school_sum,,22.9348,2.0,school_panel,,2.0,213.0,213.0,213.0,2462.0,826.0,Estimate
2009,1590,PRIMERO REORGANIZED 2,Las Animas,071,district,22.8697,school_sum,,22.8697,2.0,school_panel,,2.0,231.0,231.0,231.0,2403.0,844.0,Estimate
2010,1590,PRIMERO REORGANIZED 2,Las Animas,071,district,20.943,published,20.943,20.943,2.0,school_panel,,2.0,221.0,221.0,221.0,2349.0,849.0,Estimate
2011,1590,PRIMERO REORGANIZED 2,Las Animas,071,district,20.16,school_sum,,20.16,2.0,school_panel,,2.0,189.0,189.0,189.0,2288.0,815.0,Estimate
2012,1590,PRIMERO REORGANIZED 2,Las Animas,071,district,21.1,school_sum,,21.1,2.0,school_panel,,2.0,198.0,198.0,198.0,2221.0,796.0,Estimate
2013,1590,PRIMERO REORGANIZED 2,Las Animas,071,district,20.73,school_sum,,20.73,2.0,school_panel,,2.0,196.0,196.0,196.0,2181.0,761.0,Estimate
2014,1590,PRIMERO REORGANIZED 2,Las Animas,071,district,19.4262,school_sum,,19.4262,2.0,school_panel,,2.0,197.0,197.0,197.0,2142.0,715.0,Estimate
2015,1590,PRIMERO REORGANIZED 2,Las Animas,071,district,18.83,school_sum,,18.83,2.0,school_panel,,2.0,203.0,203.0,203.0,2124.0,696.0,Estimate
2016,1590,PRIMERO REORGANIZED 2,Las Animas,071,district,20.25,published,20.25,20.25,2.0,school_panel,,2.0,198.0,198.0,198.0,2105.0,682.0,Estimate
2017,1590,,Las Animas,071,,,,,,2.0,school_panel,,2.0,192.0,192.0,192.0,2069.0,678.0,Estimate
2018,1590,PRIMERO REORGANIZED 2,Las Animas,071,district,19.62,published,19.62,19.62,2.0,school_panel,,2.0,186.0,186.0,186.0,2040.0,638.0,Estimate
2019,1590,Primero Reorganized 2,Las Animas,071,district,19.7,school_sum,,19.7,2.0,school_panel,,2.0,200.0,200.0,200.0,1972.0,650.0,Estimate
2020,1590,,Las Animas,071,,,,,,2.0,school_panel,,2.0,221.0,221.0,221.0,1933.0,624.0,Estimate
2021,1590,,Las Animas,071,,,,,,2.0,school_panel,,2.0,228.0,228.0,228.0,1912.0,621.0,Estimate
2022,1590,Primero Reorganized 2,Las Animas,071,district,18.0,published,18.0,18.0,2.0,school_panel,,2.0,259.0,259.0,258.0,1907.0,592.0,Estimate
2023,1590,Primero Reorganized 2,Las Animas,071,district,16.5,published,16.5,16.5,2.0,school_panel,,2.0,252.0,252.0,251.0,1892.0,610.0,Estimate
2024,1590,Primero Reorganized 2,Las Animas,071,district,15.6,published,15.6,15.6,2.0,school_panel,,2.0,214.0,214.0,213.0,1898.0,594.0,Estimate
1990,1600,HOEHNE REORGANIZED 3,Las Animas,071,district,20.8,published,20.8,,3.0,school_panel,3.0,3.0,268.0,,268.0,2628.0,894.0,Estimate
1991,1600,HOEHNE REORGANIZED 3,Las Animas,071,district,20.8,published,20.8,,3.0,school_panel,3.0,3.0,289.0,,289.0,2630.0,883.0,Estimate
1992,1600,HOEHNE REORGANIZED 3,Las Animas,071,district,20.3,published,20.3,,3.0,school_panel,3.0,3.0,319.0,,319.0,2665.0,883.0,Estimate
1993,1600,HOEHNE REORGANIZED 3,Las Animas,071,district,22.5,published,22.5,,3.0,school_panel,3.0,3.0,325.0,,325.0,2693.0,882.0,Estimate
1994,1600,HOEHNE REORGANIZED 3,Las Animas,071,district,23.5,published,23.5,,3.0,school_panel,3.0,3.0,324.0,,324.0,2791.0,901.0,Estimate
1995,1600,HOEHNE REORGANIZED 3,Las Animas,071,district,22.0,published,22.0,,3.0,school_panel,3.0,3.0,346.0,,346.0,2813.0,898.0,Estimate
1996,1600,HOEHNE REORGANIZED 3,Las Animas,071,district,22.0,published,22.0,,3.0,school_panel,3.0,3.0,343.0,,343.0,2817.0,888.0,Estimate
1997,1600,HOEHNE REORGANIZED 3,Las Animas,071,district,22.6,published,22.6,,3.0,school_panel,3.0,3.0,333.0,,333.0,2827.0,878.0,Estimate
1998,1600,HOEHNE REORGANIZED 3,Las Animas,071,district,24.2,published,24.2,,3.0,school_panel,3.0,3.0,342.0,,342.0,2820.0,864.0,Estimate
1999,1600,HOEHNE REORGANIZED 3,Las Animas,071,district,,,,,3.0,school_panel,3.0,3.0,337.0,,337.0,2831.0,855.0,Estimate
2000,1600,HOEHNE REORGANIZED 3,Las Animas,071,district,20.3276,school_sum,,20.3276,3.0,school_panel,,3.0,,,344.0,2852.0,850.0,Estimate
2001,1600,HOEHNE REORGANIZED 3,Las Animas,071,district,24.9055,school_sum,,24.9055,3.0,school_panel,,3.0,365.0,365.0,365.0,2742.0,858.0,Estimate
2002,1600,HOEHNE REORGANIZED 3,Las Animas,071,district,24.9068,school_sum,,24.9068,3.0,school_panel,,3.0,348.0,348.0,348.0,2735.0,903.0,Estimate
2003,1600,HOEHNE REORGANIZED 3,Las Animas,071,district,23.5317,school_sum,,23.5317,3.0,school_panel,,3.0,362.0,362.0,362.0,2800.0,921.0,Estimate
2004,1600,HOEHNE REORGANIZED 3,Las Animas,071,district,24.4339,school_sum,,24.4339,3.0,school_panel,,3.0,358.0,358.0,358.0,2666.0,874.0,Estimate
2005,1600,HOEHNE REORGANIZED 3,Las Animas,071,district,23.0596,school_sum,,23.0596,3.0,school_panel,,3.0,359.0,359.0,359.0,2602.0,847.0,Estimate
2006,1600,HOEHNE REORGANIZED 3,Las Animas,071,district,24.2812,school_sum,,24.2812,3.0,school_panel,,3.0,360.0,360.0,360.0,2569.0,832.0,Estimate
2007,1600,HOEHNE REORGANIZED 3,Las Animas,071,district,26.3445,school_sum,,26.3445,3.0,school_panel,,3.0,337.0,337.0,337.0,2534.0,828.0,Estimate
2008,1600,HOEHNE REORGANIZED 3,Las Animas,071,district,23.7802,school_sum,,23.7802,3.0,school_panel,,3.0,335.0,335.0,335.0,2462.0,826.0,Estimate
2009,1600,HOEHNE REORGANIZED 3,Las Animas,071,district,22.0302,school_sum,,22.0302,3.0,school_panel,,3.0,328.0,328.0,328.0,2403.0,844.0,Estimate
2010,1600,HOEHNE REORGANIZED 3,Las Animas,071,district,21.116,published,21.116,21.116,3.0,school_panel,,3.0,334.0,334.0,334.0,2349.0,849.0,Estimate
2011,1600,HOEHNE REORGANIZED 3,Las Animas,071,district,20.9,school_sum,,20.9,3.0,school_panel,,3.0,351.0,351.0,351.0,2288.0,815.0,Estimate
2012,1600,HOEHNE REORGANIZED 3,Las Animas,071,district,19.82,school_sum,,19.82,3.0,school_panel,,3.0,385.0,385.0,385.0,2221.0,796.0,Estimate
2013,1600,HOEHNE REORGANIZED 3,Las Animas,071,district,23.83,school_sum,,23.83,3.0,school_panel,,3.0,359.0,359.0,359.0,2181.0,761.0,Estimate
2014,1600,HOEHNE REORGANIZED 3,Las Animas,071,district,22.6037,school_sum,,22.6037,3.0,school_panel,,3.0,363.0,363.0,363.0,2142.0,715.0,Estimate
2015,1600,HOEHNE REORGANIZED 3,Las Animas,071,district,21.33,school_sum,,21.33,1.0,school_panel,,1.0,359.0,359.0,359.0,2124.0,696.0,Estimate
2016,1600,HOEHNE REORGANIZED 3,Las Animas,071,district,16.25,published,16.25,16.25,1.0,school_panel,,1.0,354.0,354.0,354.0,2105.0,682.0,Estimate
2017,1600,,Las Animas,071,,,,,,1.0,school_panel,,1.0,359.0,359.0,359.0,2069.0,678.0,Estimate
2018,1600,HOEHNE REORGANIZED 3,Las Animas,071,district,19.44,published,19.44,19.44,1.0,school_panel,,1.0,371.0,371.0,371.0,2040.0,638.0,Estimate
2019,1600,Hoehne Reorganized 3,Las Animas,071,district,19.8,school_sum,,19.8,1.0,school_panel,,1.0,365.0,365.0,365.0,1972.0,650.0,Estimate
2020,1600,,Las Animas,071,,,,,,1.0,school_panel,,1.0,330.0,330.0,330.0,1933.0,624.0,Estimate
2021,1600,,Las Animas,071,,,,,,1.0,school_panel,,1.0,314.0,314.0,314.0,1912.0,621.0,Estimate
2022,1600,Hoehne Reorganized 3,Las Animas,071,district,18.8,published,18.8,18.8,1.0,school_panel,,1.0,319.0,319.0,319.0,1907.0,592.0,Estimate
2023,1600,Hoehne Reorganized 3,Las Animas,071,district,17.3,published,17.3,17.3,1.0,school_panel,,1.0,293.0,293.0,293.0,1892.0,610.0,Estimate
2024,1600,Hoehne Reorganized 3,Las Animas,071,district,16.5,published,16.5,16.5,1.0,school_panel,,1.0,271.0,271.0,271.0,1898.0,594.0,Estimate
1990,1620,AGUILAR REORGANIZED 6,Las Animas,071,district,18.0,published,18.0,,2.0,school_panel,2.0,2.0,166.0,,166.0,2628.0,894.0,Estimate
1991,1620,AGUILAR REORGANIZED 6,Las Animas,071,district,19.0,published,19.0,,2.0,school_panel,2.0,2.0,164.0,,164.0,2630.0,883.0,Estimate
1992,1620,AGUILAR REORGANIZED 6,Las Animas,071,district,19.0,published,19.0,,2.0,school_panel,2.0,2.0,151.0,,151.0,2665.0,883.0,Estimate
1993,1620,AGUILAR REORGANIZED 6,Las Animas,071,district,19.0,published,19.0,,2.0,school_panel,2.0,2.0,178.0,,178.0,2693.0,882.0,Estimate
1994,1620,AGUILAR REORGANIZED 6,Las Animas,071,district,20.0,published,20.0,,2.0,school_panel,2.0,2.0,178.0,,178.0,2791.0,901.0,Estimate
1995,1620,AGUILAR REORGANIZED 6,Las Animas,071,district,20.2,published,20.2,,2.0,school_panel,2.0,2.0,176.0,,176.0,2813.0,898.0,Estimate
1996,1620,AGUILAR REORGANIZED 6,Las Animas,071,district,19.7,published,19.7,,2.0,school_panel,2.0,2.0,183.0,,183.0,2817.0,888.0,Estimate
1997,1620,AGUILAR REORGANIZED 6,Las Animas,071,district,19.0,published,19.0,,2.0,school_panel,2.0,2.0,206.0,,206.0,2827.0,878.0,Estimate
1998,1620,AGUILAR REORGANIZED 6,Las Animas,071,district,19.0,published,19.0,,2.0,school_panel,2.0,2.0,169.0,,169.0,2820.0,864.0,Estimate
1999,1620,AGUILAR REORGANIZED 6,Las Animas,071,district,,,,,2.0,school_panel,2.0,2.0,171.0,,171.0,2831.0,855.0,Estimate
2000,1620,AGUILAR REORGANIZED 6,Las Animas,071,district,18.0,school_sum,,18.0,2.0,school_panel,,2.0,,,149.0,2852.0,850.0,Estimate
2001,1620,AGUILAR REORGANIZED 6,Las Animas,071,district,16.0,school_sum,,16.0,2.0,school_panel,,2.0,103.0,103.0,172.0,2742.0,858.0,Estimate
2002,1620,AGUILAR REORGANIZED 6,Las Animas,071,district,15.0,school_sum,,15.0,2.0,school_panel,,2.0,96.0,96.0,159.0,2735.0,903.0,Estimate
2003,1620,AGUILAR REORGANIZED 6,Las Animas,071,district,18.0,school_sum,,18.0,2.0,school_panel,,2.0,170.0,170.0,170.0,2800.0,921.0,Estimate
2004,1620,AGUILAR REORGANIZED 6,Las Animas,071,district,16.75,school_sum,,16.75,2.0,school_panel,,2.0,151.0,151.0,151.0,2666.0,874.0,Estimate
2005,1620,AGUILAR REORGANIZED 6,Las Animas,071,district,12.75,school_sum,,12.75,2.0,school_panel,,2.0,164.0,164.0,164.0,2602.0,847.0,Estimate
2006,1620,AGUILAR REORGANIZED 6,Las Animas,071,district,11.0,school_sum,,11.0,2.0,school_panel,,2.0,161.0,161.0,161.0,2569.0,832.0,Estimate
2007,1620,AGUILAR REORGANIZED 6,Las Animas,071,district,15.1122,school_sum,,15.1122,2.0,school_panel,,2.0,154.0,154.0,154.0,2534.0,828.0,Estimate
2008,1620,AGUILAR REORGANIZED 6,Las Animas,071,district,15.75,school_sum,,15.75,2.0,school_panel,,2.0,135.0,135.0,135.0,2462.0,826.0,Estimate
2009,1620,AGUILAR REORGANIZED 6,Las Animas,071,district,15.6667,school_sum,,15.6667,2.0,school_panel,,2.0,133.0,133.0,133.0,2403.0,844.0,Estimate
2010,1620,AGUILAR REORGANIZED 6,Las Animas,071,district,15.667,published,15.667,15.667,2.0,school_panel,,2.0,112.0,112.0,112.0,2349.0,849.0,Estimate
2011,1620,AGUILAR REORGANIZED 6,Las Animas,071,district,13.0,school_sum,,13.0,2.0,school_panel,,2.0,94.0,94.0,94.0,2288.0,815.0,Estimate
2012,1620,AGUILAR REORGANIZED 6,Las Animas,071,district,14.5,school_sum,,14.5,2.0,school_panel,,2.0,97.0,97.0,97.0,2221.0,796.0,Estimate
2013,1620,AGUILAR REORGANIZED 6,Las Animas,071,district,18.0,school_sum,,18.0,2.0,school_panel,,2.0,107.0,107.0,107.0,2181.0,761.0,Estimate
2014,1620,AGUILAR REORGANIZED 6,Las Animas,071,district,17.9998,school_sum,,17.9998,2.0,school_panel,,2.0,130.0,130.0,130.0,2142.0,715.0,Estimate
2015,1620,AGUILAR REORGANIZED 6,Las Animas,071,district,13.26,school_sum,,13.26,2.0,school_panel,,2.0,124.0,124.0,124.0,2124.0,696.0,Estimate
2016,1620,AGUILAR REORGANIZED 6,Las Animas,071,district,7.55,published,7.55,7.55,2.0,school_panel,,2.0,124.0,124.0,124.0,2105.0,682.0,Estimate
2017,1620,,Las Animas,071,,,,,,2.0,school_panel,,2.0,123.0,123.0,123.0,2069.0,678.0,Estimate
2018,1620,AGUILAR REORGANIZED 6,Las Animas,071,district,10.55,published,10.55,10.55,2.0,school_panel,,2.0,116.0,116.0,116.0,2040.0,638.0,Estimate
2019,1620,Aguilar Reorganized 6,Las Animas,071,district,9.5,school_sum,,9.5,2.0,school_panel,,2.0,121.0,121.0,121.0,1972.0,650.0,Estimate
2020,1620,,Las Animas,071,,,,,,2.0,school_panel,,2.0,100.0,100.0,100.0,1933.0,624.0,Estimate
2021,1620,,Las Animas,071,,,,,,2.0,school_panel,,2.0,114.0,114.0,114.0,1912.0,621.0,Estimate
2022,1620,Aguilar Reorganized 6,Las Animas,071,district,11.3,published,11.3,11.3,2.0,school_panel,,2.0,119.0,119.0,119.0,1907.0,592.0,Estimate
2023,1620,Aguilar Reorganized 6,Las Animas,071,district,13.2,published,13.2,13.2,2.0,school_panel,,2.0,117.0,117.0,117.0,1892.0,610.0,Estimate
2024,1620,Aguilar Reorganized 6,Las Animas,071,district,11.8,published,11.8,11.8,2.0,school_panel,,2.0,127.0,127.0,127.0,1898.0,594.0,Estimate
1990,1750,BRANSON REORGANIZED 82,Las Animas,071,district,8.2,published,8.2,,2.0,school_panel,2.0,2.0,46.0,,46.0,2628.0,894.0,Estimate
1991,1750,BRANSON REORGANIZED 82,Las Animas,071,district,8.2,published,8.2,,2.0,school_panel,2.0,2.0,38.0,,38.0,2630.0,883.0,Estimate
1992,1750,BRANSON REORGANIZED 82,Las Animas,071,district,8.2,published,8.2,,2.0,school_panel,2.0,2.0,41.0,,41.0,2665.0,883.0,Estimate
1993,1750,BRANSON REORGANIZED 82,Las Animas,071,district,7.9,published,7.9,,2.0,school_panel,2.0,2.0,55.0,,55.0,2693.0,882.0,Estimate
1994,1750,BRANSON REORGANIZED 82,Las Animas,071,district,6.6,published,6.6,,2.0,school_panel,2.0,2.0,56.0,,56.0,2791.0,901.0,Estimate
1995,1750,BRANSON REORGANIZED 82,Las Animas,071,district,7.6,published,7.6,,2.0,school_panel,2.0,2.0,57.0,,57.0,2813.0,898.0,Estimate
1996,1750,BRANSON REORGANIZED 82,Las Animas,071,district,7.6,published,7.6,,2.0,school_panel,2.0,2.0,50.0,,50.0,2817.0,888.0,Estimate
1997,1750,BRANSON REORGANIZED 82,Las Animas,071,district,7.6,published,7.6,,2.0,school_panel,2.0,2.0,55.0,,55.0,2827.0,878.0,Estimate
1998,1750,BRANSON REORGANIZED 82,Las Animas,071,district,7.3,published,7.3,,2.0,school_panel,2.0,2.0,53.0,,53.0,2820.0,864.0,Estimate
1999,1750,BRANSON REORGANIZED 82,Las Animas,071,district,,,,,2.0,school_panel,2.0,2.0,48.0,,48.0,2831.0,855.0,Estimate
2000,1750,BRANSON REORGANIZED 82,Las Animas,071,district,6.0,school_sum,,6.0,2.0,school_panel,,2.0,,,42.0,2852.0,850.0,Estimate
2001,1750,BRANSON REORGANIZED 82,Las Animas,071,district,8.2986,school_sum,,8.2986,3.0,school_panel,,3.0,152.0,152.0,152.0,2742.0,858.0,Estimate
2002,1750,BRANSON REORGANIZED 82,Las Animas,071,district,38.6876,school_sum,,38.6876,3.0,school_panel,,3.0,739.0,739.0,739.0,2735.0,903.0,Estimate
2003,1750,BRANSON REORGANIZED 82,Las Animas,071,district,55.1875,school_sum,,55.1875,3.0,school_panel,,3.0,1041.0,1041.0,1041.0,2800.0,921.0,Estimate
2004,1750,BRANSON REORGANIZED 82,Las Animas,071,district,52.875,school_sum,,52.875,3.0,school_panel,,3.0,979.0,979.0,979.0,2666.0,874.0,Estimate
2005,1750,BRANSON REORGANIZED 82,Las Animas,071,district,58.039,school_sum,,58.039,3.0,school_panel,,3.0,1130.0,1130.0,1130.0,2602.0,847.0,Estimate
2006,1750,BRANSON REORGANIZED 82,Las Animas,071,district,57.914,school_sum,,57.914,3.0,school_panel,,3.0,916.0,916.0,916.0,2569.0,832.0,Estimate
2007,1750,BRANSON REORGANIZED 82,Las Animas,071,district,45.75,school_sum,,45.75,4.0,school_panel,,4.0,653.0,653.0,653.0,2534.0,828.0,Estimate
2008,1750,BRANSON REORGANIZED 82,Las Animas,071,district,30.2159,school_sum,,30.2159,4.0,school_panel,,4.0,513.0,513.0,513.0,2462.0,826.0,Estimate
2009,1750,BRANSON REORGANIZED 82,Las Animas,071,district,28.5536,school_sum,,28.5536,4.0,school_panel,,4.0,493.0,493.0,493.0,2403.0,844.0,Estimate
2010,1750,BRANSON REORGANIZED 82,Las Animas,071,district,28.551,published,28.551,28.551,4.0,school_panel,,4.0,470.0,470.0,470.0,2349.0,849.0,Estimate
2011,1750,BRANSON REORGANIZED 82,Las Animas,071,district,27.49,school_sum,,27.49,4.0,school_panel,,4.0,438.0,438.0,438.0,2288.0,815.0,Estimate
2012,1750,BRANSON REORGANIZED 82,Las Animas,071,district,26.89,school_sum,,26.89,3.0,school_panel,,3.0,452.0,452.0,452.0,2221.0,796.0,Estimate
2013,1750,BRANSON REORGANIZED 82,Las Animas,071,district,29.32,school_sum,,29.32,3.0,school_panel,,3.0,480.0,480.0,480.0,2181.0,761.0,Estimate
2014,1750,BRANSON REORGANIZED 82,Las Animas,071,district,25.236,school_sum,,25.236,3.0,school_panel,,3.0,450.0,450.0,450.0,2142.0,715.0,Estimate
2015,1750,BRANSON REORGANIZED 82,Las Animas,071,district,29.89,school_sum,,29.89,2.0,school_panel,,2.0,464.0,464.0,464.0,2124.0,696.0,Estimate
2016,1750,BRANSON REORGANIZED 82,Las Animas,071,district,28.2,published,28.2,28.2,2.0,school_panel,,2.0,471.0,471.0,471.0,2105.0,682.0,Estimate
2017,1750,,Las Animas,071,,,,,,2.0,school_panel,,2.0,462.0,462.0,462.0,2069.0,678.0,Estimate
2018,1750,BRANSON REORGANIZED 82,Las Animas,071,district,32.7,published,32.7,32.7,2.0,school_panel,,2.0,468.0,468.0,468.0,2040.0,638.0,Estimate
2019,1750,Branson Reorganized 82,Las Animas,071,district,32.7,school_sum,,32.7,2.0,school_panel,,2.0,431.0,431.0,431.0,1972.0,650.0,Estimate
2020,1750,,Las Animas,071,,,,,,2.0,school_panel,,2.0,594.0,594.0,594.0,1933.0,624.0,Estimate
2021,1750,,Las Animas,071,,,,,,2.0,school_panel,,2.0,502.0,502.0,502.0,1912.0,621.0,Estimate
2022,1750,Branson Reorganized 82,Las Animas,071,district,31.3,published,31.3,31.3,2.0,school_panel,,2.0,442.0,442.0,442.0,1907.0,592.0,Estimate
2023,1750,Branson Reorganized 82,Las Animas,071,district,31.7,published,31.7,31.7,2.0,school_panel,,2.0,404.0,404.0,404.0,1892.0,610.0,Estimate
2024,1750,Branson Reorganized 82,Las Animas,071,district,35.8,published,35.8,35.8,2.0,school_panel,,2.0,465.0,465.0,465.0,1898.0,594.0,Estimate
1990,1760,KIM REORGANIZED 88,Las Animas,071,district,8.7,published,8.7,,2.0,school_panel,2.0,2.0,66.0,,66.0,2628.0,894.0,Estimate
1991,1760,KIM REORGANIZED 88,Las Animas,071,district,10.4,published,10.4,,2.0,school_panel,2.0,2.0,62.0,,62.0,2630.0,883.0,Estimate
1992,1760,KIM REORGANIZED 88,Las Animas,071,district,9.8,published,9.8,,2.0,school_panel,2.0,2.0,77.0,,77.0,2665.0,883.0,Estimate
1993,1760,KIM REORGANIZED 88,Las Animas,071,district,10.7,published,10.7,,2.0,school_panel,2.0,2.0,82.0,,82.0,2693.0,882.0,Estimate
1994,1760,KIM REORGANIZED 88,Las Animas,071,district,11.0,published,11.0,,2.0,school_panel,2.0,2.0,90.0,,90.0,2791.0,901.0,Estimate
1995,1760,KIM REORGANIZED 88,Las Animas,071,district,11.4,published,11.4,,2.0,school_panel,2.0,2.0,74.0,,74.0,2813.0,898.0,Estimate
1996,1760,KIM REORGANIZED 88,Las Animas,071,district,11.7,published,11.7,,2.0,school_panel,2.0,2.0,84.0,,84.0,2817.0,888.0,Estimate
1997,1760,KIM REORGANIZED 88,Las Animas,071,district,11.7,published,11.7,,2.0,school_panel,2.0,2.0,81.0,,81.0,2827.0,878.0,Estimate
1998,1760,KIM REORGANIZED 88,Las Animas,071,district,11.7,published,11.7,,2.0,school_panel,2.0,2.0,86.0,,86.0,2820.0,864.0,Estimate
1999,1760,KIM REORGANIZED 88,Las Animas,071,district,,,,,2.0,school_panel,2.0,2.0,78.0,,78.0,2831.0,855.0,Estimate
2000,1760,KIM REORGANIZED 88,Las Animas,071,district,10.5867,school_sum,,10.5867,2.0,school_panel,,2.0,,,73.0,2852.0,850.0,Estimate
2001,1760,KIM REORGANIZED 88,Las Animas,071,district,10.8044,school_sum,,10.8044,2.0,school_panel,,2.0,61.0,61.0,61.0,2742.0,858.0,Estimate
2002,1760,KIM REORGANIZED 88,Las Animas,071,district,10.8044,school_sum,,10.8044,2.0,school_panel,,2.0,64.0,64.0,64.0,2735.0,903.0,Estimate
2003,1760,KIM REORGANIZED 88,Las Animas,071,district,10.8044,school_sum,,10.8044,2.0,school_panel,,2.0,55.0,55.0,55.0,2800.0,921.0,Estimate
2004,1760,KIM REORGANIZED 88,Las Animas,071,district,9.9022,school_sum,,9.9022,2.0,school_panel,,2.0,63.0,63.0,63.0,2666.0,874.0,Estimate
2005,1760,KIM REORGANIZED 88,Las Animas,071,district,10.4022,school_sum,,10.4022,2.0,school_panel,,2.0,65.0,65.0,65.0,2602.0,847.0,Estimate
2006,1760,KIM REORGANIZED 88,Las Animas,071,district,11.0272,school_sum,,11.0272,2.0,school_panel,,2.0,62.0,62.0,62.0,2569.0,832.0,Estimate
2007,1760,KIM REORGANIZED 88,Las Animas,071,district,11.7097,school_sum,,11.7097,2.0,school_panel,,2.0,63.0,63.0,63.0,2534.0,828.0,Estimate
2008,1760,KIM REORGANIZED 88,Las Animas,071,district,9.8027,school_sum,,9.8027,2.0,school_panel,,2.0,63.0,63.0,63.0,2462.0,826.0,Estimate
2009,1760,KIM REORGANIZED 88,Las Animas,071,district,11.7339,school_sum,,11.7339,2.0,school_panel,,2.0,61.0,61.0,61.0,2403.0,844.0,Estimate
2010,1760,KIM REORGANIZED 88,Las Animas,071,district,11.321,published,11.321,11.321,2.0,school_panel,,2.0,58.0,58.0,58.0,2349.0,849.0,Estimate
2011,1760,KIM REORGANIZED 88,Las Animas,071,district,10.67,school_sum,,10.67,2.0,school_panel,,2.0,57.0,57.0,57.0,2288.0,815.0,Estimate
2012,1760,KIM REORGANIZED 88,Las Animas,071,district,10.03,school_sum,,10.03,2.0,school_panel,,2.0,51.0,51.0,51.0,2221.0,796.0,Estimate
2013,1760,KIM REORGANIZED 88,Las Animas,071,district,9.42,school_sum,,9.42,2.0,school_panel,,2.0,46.0,46.0,46.0,2181.0,761.0,Estimate
2014,1760,KIM REORGANIZED 88,Las Animas,071,district,11.0682,school_sum,,11.0682,2.0,school_panel,,2.0,48.0,48.0,48.0,2142.0,715.0,Estimate
2015,1760,KIM REORGANIZED 88,Las Animas,071,district,9.73,school_sum,,9.73,2.0,school_panel,,2.0,49.0,49.0,49.0,2124.0,696.0,Estimate
2016,1760,KIM REORGANIZED 88,Las Animas,071,district,8.52,published,8.52,8.52,2.0,school_panel,,2.0,54.0,54.0,54.0,2105.0,682.0,Estimate
2017,1760,,Las Animas,071,,,,,,2.0,school_panel,,2.0,57.0,57.0,57.0,2069.0,678.0,Estimate
2018,1760,KIM REORGANIZED 88,Las Animas,071,district,7.74,published,7.74,7.75,2.0,school_panel,,2.0,46.0,46.0,46.0,2040.0,638.0,Estimate
2019,1760,Kim Reorganized 88,Las Animas,071,district,8.2,school_sum,,8.2,2.0,school_panel,,2.0,48.0,48.0,48.0,1972.0,650.0,Estimate
2020,1760,,Las Animas,071,,,,,,2.0,school_panel,,2.0,44.0,44.0,44.0,1933.0,624.0,Estimate
2021,1760,,Las Animas,071,,,,,,2.0,school_panel,,2.0,32.0,32.0,32.0,1912.0,621.0,Estimate
2022,1760,Kim Reorganized 88,Las Animas,071,district,4.4,published,4.4,4.4,2.0,school_panel,,2.0,33.0,33.0,33.0,1907.0,592.0,Estimate
2023,1760,Kim Reorganized 88,Las Animas,071,district,6.8,published,6.8,6.8,2.0,school_panel,,2.0,26.0,26.0,26.0,1892.0,610.0,Estimate
2024,1760,Kim Reorganized 88,Las Animas,071,district,7.5,published,7.5,6.8,2.0,school_panel,,2.0,25.0,25.0,25.0,1898.0,594.0,Estimate
1990,1780,GENOA-HUGO C113,Lincoln,073,district,22.5,published,22.5,,2.0,school_panel,2.0,2.0,233.0,,233.0,888.0,361.0,Estimate
1991,1780,GENOA-HUGO C113,Lincoln,073,district,23.6,published,23.6,,2.0,school_panel,2.0,2.0,255.0,,255.0,1026.0,397.0,Estimate
1992,1780,GENOA-HUGO C113,Lincoln,073,district,22.6,published,22.6,,2.0,school_panel,2.0,2.0,257.0,,257.0,1128.0,423.0,Estimate
1993,1780,GENOA-HUGO C113,Lincoln,073,district,22.6,published,22.6,,2.0,school_panel,2.0,2.0,249.0,,249.0,1110.0,400.0,Estimate
1994,1780,GENOA-HUGO C113,Lincoln,073,district,21.6,published,21.6,,2.0,school_panel,2.0,2.0,256.0,,256.0,1119.0,388.0,Estimate
1995,1780,GENOA-HUGO C113,Lincoln,073,district,22.6,published,22.6,,2.0,school_panel,2.0,2.0,261.0,,261.0,1130.0,375.0,Estimate
1996,1780,GENOA-HUGO C113,Lincoln,073,district,23.4,published,23.4,,2.0,school_panel,2.0,2.0,277.0,,277.0,1155.0,368.0,Estimate
1997,1780,GENOA-HUGO C113,Lincoln,073,district,23.0,published,23.0,,2.0,school_panel,2.0,2.0,288.0,,288.0,1151.0,349.0,Estimate
1998,1780,GENOA-HUGO C113,Lincoln,073,district,25.0,published,25.0,,2.0,school_panel,2.0,2.0,308.0,,308.0,1153.0,334.0,Estimate
1999,1780,GENOA-HUGO C113,Lincoln,073,district,,,,,2.0,school_panel,2.0,2.0,289.0,,289.0,1151.0,317.0,Estimate
2000,1780,GENOA-HUGO C113,Lincoln,073,district,26.6624,school_sum,,26.6624,2.0,school_panel,,2.0,,,273.0,1164.0,306.0,Estimate
2001,1780,GENOA-HUGO C113,Lincoln,073,district,22.726,school_sum,,22.726,2.0,school_panel,,2.0,118.0,118.0,244.0,1044.0,267.0,Estimate
2002,1780,GENOA-HUGO C113,Lincoln,073,district,21.726,school_sum,,21.726,2.0,school_panel,,2.0,98.0,98.0,222.0,1016.0,253.0,Estimate
2003,1780,GENOA-HUGO C113,Lincoln,073,district,20.6862,school_sum,,20.6862,3.0,school_panel,,3.0,199.0,199.0,199.0,995.0,248.0,Estimate
2004,1780,GENOA-HUGO C113,Lincoln,073,district,21.3333,school_sum,,21.3333,3.0,school_panel,,3.0,203.0,203.0,203.0,918.0,255.0,Estimate
2005,1780,GENOA-HUGO C113,Lincoln,073,district,18.638,school_sum,,18.638,3.0,school_panel,,3.0,186.0,186.0,186.0,875.0,259.0,Estimate
2006,1780,GENOA-HUGO C113,Lincoln,073,district,19.5062,school_sum,,19.5062,3.0,school_panel,,3.0,208.0,208.0,208.0,820.0,263.0,Estimate
2007,1780,GENOA-HUGO C113,Lincoln,073,district,18.5,school_sum,,18.5,3.0,school_panel,,3.0,208.0,208.0,208.0,788.0,276.0,Estimate
2008,1780,GENOA-HUGO C113,Lincoln,073,district,17.4996,school_sum,,17.4996,3.0,school_panel,,3.0,182.0,182.0,182.0,787.0,286.0,Estimate
2009,1780,GENOA-HUGO C113,Lincoln,073,district,18.7499,school_sum,,18.7499,3.0,school_panel,,3.0,190.0,190.0,190.0,756.0,282.0,Estimate
2010,1780,GENOA-HUGO C113,Lincoln,073,district,14.75,published,14.75,14.751,3.0,school_panel,,3.0,178.0,178.0,178.0,808.0,305.0,Estimate
2011,1780,GENOA-HUGO C113,Lincoln,073,district,16.92,school_sum,,16.92,3.0,school_panel,,3.0,185.0,185.0,185.0,772.0,316.0,Estimate
2012,1780,GENOA-HUGO C113,Lincoln,073,district,16.89,school_sum,,16.89,3.0,school_panel,,3.0,176.0,176.0,176.0,769.0,304.0,Estimate
2013,1780,GENOA-HUGO C113,Lincoln,073,district,18.1,school_sum,,18.1,3.0,school_panel,,3.0,178.0,178.0,178.0,763.0,312.0,Estimate
2014,1780,GENOA-HUGO C113,Lincoln,073,district,18.3461,school_sum,,18.3461,3.0,school_panel,,3.0,171.0,171.0,171.0,769.0,307.0,Estimate
2015,1780,GENOA-HUGO C113,Lincoln,073,district,18.72,school_sum,,18.72,1.0,school_panel,,1.0,180.0,180.0,180.0,778.0,320.0,Estimate
2016,1780,GENOA-HUGO C113,Lincoln,073,district,18.25,published,18.25,18.25,1.0,school_panel,,1.0,187.0,187.0,187.0,782.0,309.0,Estimate
2017,1780,,Lincoln,073,,,,,,1.0,school_panel,,1.0,190.0,190.0,190.0,791.0,313.0,Estimate
2018,1780,GENOA-HUGO C113,Lincoln,073,district,17.5,published,17.5,17.5,1.0,school_panel,,1.0,214.0,214.0,214.0,822.0,300.0,Estimate
2019,1780,Genoa-Hugo C113,Lincoln,073,district,16.8,school_sum,,16.8,1.0,school_panel,,1.0,220.0,220.0,220.0,823.0,320.0,Estimate
2020,1780,,Lincoln,073,,,,,,1.0,school_panel,,1.0,222.0,222.0,222.0,848.0,296.0,Estimate
2021,1780,,Lincoln,073,,,,,,1.0,school_panel,,1.0,213.0,213.0,213.0,810.0,287.0,Estimate
2022,1780,Genoa-Hugo C113,Lincoln,073,district,17.3,published,17.3,17.3,1.0,school_panel,,1.0,224.0,224.0,224.0,825.0,306.0,Estimate
2023,1780,Genoa-Hugo C113,Lincoln,073,district,18.0,published,18.0,18.0,1.0,school_panel,,1.0,229.0,229.0,229.0,855.0,295.0,Estimate
2024,1780,Genoa-Hugo C113,Lincoln,073,district,17.4,published,17.4,17.4,1.0,school_panel,,1.0,220.0,220.0,220.0,907.0,272.0,Estimate
1990,1790,LIMON RE-4J,Lincoln,073,district,30.2,published,30.2,,2.0,school_panel,2.0,2.0,430.0,,430.0,888.0,361.0,Estimate
1991,1790,LIMON RE-4J,Lincoln,073,district,30.0,published,30.0,,2.0,school_panel,2.0,2.0,508.0,,508.0,1026.0,397.0,Estimate
1992,1790,LIMON RE-4J,Lincoln,073,district,31.0,published,31.0,,2.0,school_panel,2.0,2.0,535.0,,535.0,1128.0,423.0,Estimate
1993,1790,LIMON RE-4J,Lincoln,073,district,29.0,published,29.0,,2.0,school_panel,2.0,2.0,535.0,,535.0,1110.0,400.0,Estimate
1994,1790,LIMON RE-4J,Lincoln,073,district,30.0,published,30.0,,2.0,school_panel,2.0,2.0,601.0,,601.0,1119.0,388.0,Estimate
1995,1790,LIMON RE-4J,Lincoln,073,district,30.0,published,30.0,,2.0,school_panel,2.0,2.0,603.0,,603.0,1130.0,375.0,Estimate
1996,1790,LIMON RE-4J,Lincoln,073,district,31.0,published,31.0,,2.0,school_panel,2.0,2.0,619.0,,619.0,1155.0,368.0,Estimate
1997,1790,LIMON RE-4J,Lincoln,073,district,33.0,published,33.0,,2.0,school_panel,2.0,2.0,595.0,,595.0,1151.0,349.0,Estimate
1998,1790,LIMON RE-4J,Lincoln,073,district,34.5,published,34.5,,2.0,school_panel,2.0,2.0,648.0,,648.0,1153.0,334.0,Estimate
1999,1790,LIMON RE-4J,Lincoln,073,district,,,,,2.0,school_panel,2.0,2.0,663.0,,663.0,1151.0,317.0,Estimate
2000,1790,LIMON RE-4J,Lincoln,073,district,40.5057,school_sum,,40.5057,2.0,school_panel,,2.0,,,656.0,1164.0,306.0,Estimate
2001,1790,LIMON RE-4J,Lincoln,073,district,41.2681,school_sum,,41.2681,2.0,school_panel,,2.0,290.0,290.0,660.0,1044.0,267.0,Estimate
2002,1790,LIMON RE-4J,Lincoln,073,district,43.1595,school_sum,,43.1595,2.0,school_panel,,2.0,311.0,311.0,654.0,1016.0,253.0,Estimate
2003,1790,LIMON RE-4J,Lincoln,073,district,41.6502,school_sum,,41.6502,2.0,school_panel,,2.0,626.0,626.0,626.0,995.0,248.0,Estimate
2004,1790,LIMON RE-4J,Lincoln,073,district,40.5,school_sum,,40.5,2.0,school_panel,,2.0,572.0,572.0,572.0,918.0,255.0,Estimate
2005,1790,LIMON RE-4J,Lincoln,073,district,39.6084,school_sum,,39.6084,2.0,school_panel,,2.0,542.0,542.0,542.0,875.0,259.0,Estimate
2006,1790,LIMON RE-4J,Lincoln,073,district,35.7779,school_sum,,35.7779,2.0,school_panel,,2.0,524.0,524.0,524.0,820.0,263.0,Estimate
2007,1790,LIMON RE-4J,Lincoln,073,district,37.2875,school_sum,,37.2875,2.0,school_panel,,2.0,507.0,507.0,507.0,788.0,276.0,Estimate
2008,1790,LIMON RE-4J,Lincoln,073,district,38.3229,school_sum,,38.3229,2.0,school_panel,,2.0,494.0,494.0,494.0,787.0,286.0,Estimate
2009,1790,LIMON RE-4J,Lincoln,073,district,37.7118,school_sum,,37.7118,2.0,school_panel,,2.0,448.0,448.0,448.0,756.0,282.0,Estimate
2010,1790,LIMON RE-4J,Lincoln,073,district,32.782,published,32.782,32.781,2.0,school_panel,,2.0,435.0,435.0,435.0,808.0,305.0,Estimate
2011,1790,LIMON RE-4J,Lincoln,073,district,28.21,school_sum,,28.21,2.0,school_panel,,2.0,451.0,451.0,451.0,772.0,316.0,Estimate
2012,1790,LIMON RE-4J,Lincoln,073,district,28.75,school_sum,,28.75,2.0,school_panel,,2.0,447.0,447.0,447.0,769.0,304.0,Estimate
2013,1790,LIMON RE-4J,Lincoln,073,district,30.59,school_sum,,30.59,2.0,school_panel,,2.0,473.0,473.0,473.0,763.0,312.0,Estimate
2014,1790,LIMON RE-4J,Lincoln,073,district,31.9096,school_sum,,31.9096,2.0,school_panel,,2.0,476.0,476.0,476.0,769.0,307.0,Estimate
2015,1790,LIMON RE-4J,Lincoln,073,district,32.13,school_sum,,32.13,2.0,school_panel,,2.0,491.0,491.0,491.0,778.0,320.0,Estimate
2016,1790,LIMON RE-4J,Lincoln,073,district,33.95,published,33.95,33.94,2.0,school_panel,,2.0,479.0,479.0,479.0,782.0,309.0,Estimate
2017,1790,,Lincoln,073,,,,,,2.0,school_panel,,2.0,476.0,476.0,476.0,791.0,313.0,Estimate
2018,1790,LIMON RE-4J,Lincoln,073,district,30.34,published,30.34,31.21,2.0,school_panel,,2.0,469.0,469.0,469.0,822.0,300.0,Estimate
2019,1790,Limon RE-4J,Lincoln,073,district,32.8,school_sum,,32.8,2.0,school_panel,,2.0,450.0,450.0,450.0,823.0,320.0,Estimate
2020,1790,,Lincoln,073,,,,,,2.0,school_panel,,2.0,431.0,431.0,431.0,848.0,296.0,Estimate
2021,1790,,Lincoln,073,,,,,,2.0,school_panel,,2.0,448.0,448.0,448.0,810.0,287.0,Estimate
2022,1790,Limon RE-4J,Lincoln,073,district,31.7,published,31.7,31.8,2.0,school_panel,,2.0,457.0,457.0,457.0,825.0,306.0,Estimate
2023,1790,Limon RE-4J,Lincoln,073,district,29.5,published,29.5,29.5,2.0,school_panel,,2.0,469.0,469.0,469.0,855.0,295.0,Estimate
2024,1790,Limon RE-4J,Lincoln,073,district,31.5,published,31.5,31.5,2.0,school_panel,,2.0,451.0,451.0,451.0,907.0,272.0,Estimate
1990,1810,KARVAL RE-23,Lincoln,073,district,9.0,published,9.0,,2.0,school_panel,2.0,2.0,90.0,,90.0,888.0,361.0,Estimate
1991,1810,KARVAL RE-23,Lincoln,073,district,9.0,published,9.0,,2.0,school_panel,2.0,2.0,82.0,,82.0,1026.0,397.0,Estimate
1992,1810,KARVAL RE-23,Lincoln,073,district,10.3,published,10.3,,2.0,school_panel,2.0,2.0,91.0,,91.0,1128.0,423.0,Estimate
1993,1810,KARVAL RE-23,Lincoln,073,district,10.5,published,10.5,,2.0,school_panel,2.0,2.0,93.0,,93.0,1110.0,400.0,Estimate
1994,1810,KARVAL RE-23,Lincoln,073,district,12.0,published,12.0,,2.0,school_panel,2.0,2.0,83.0,,83.0,1119.0,388.0,Estimate
1995,1810,KARVAL RE-23,Lincoln,073,district,11.0,published,11.0,,2.0,school_panel,2.0,2.0,88.0,,88.0,1130.0,375.0,Estimate
1996,1810,KARVAL RE-23,Lincoln,073,district,10.0,published,10.0,,2.0,school_panel,2.0,2.0,100.0,,100.0,1155.0,368.0,Estimate
1997,1810,KARVAL RE-23,Lincoln,073,district,10.0,published,10.0,,2.0,school_panel,2.0,2.0,98.0,,98.0,1151.0,349.0,Estimate
1998,1810,KARVAL RE-23,Lincoln,073,district,13.6,published,13.6,,2.0,school_panel,2.0,2.0,97.0,,97.0,1153.0,334.0,Estimate
1999,1810,KARVAL RE-23,Lincoln,073,district,,,,,2.0,school_panel,2.0,2.0,86.0,,86.0,1151.0,317.0,Estimate
2000,1810,KARVAL RE-23,Lincoln,073,district,14.6974,school_sum,,14.6974,2.0,school_panel,,2.0,,,72.0,1164.0,306.0,Estimate
2001,1810,KARVAL RE-23,Lincoln,073,district,13.6892,school_sum,,13.6892,2.0,school_panel,,2.0,38.0,38.0,80.0,1044.0,267.0,Estimate
2002,1810,KARVAL RE-23,Lincoln,073,district,12.0608,school_sum,,12.0608,2.0,school_panel,,2.0,41.0,41.0,79.0,1016.0,253.0,Estimate
2003,1810,KARVAL RE-23,Lincoln,073,district,15.2027,school_sum,,15.2027,3.0,school_panel,,3.0,128.0,128.0,128.0,995.0,248.0,Estimate
2004,1810,KARVAL RE-23,Lincoln,073,district,14.4221,school_sum,,14.4221,3.0,school_panel,,3.0,167.0,167.0,167.0,918.0,255.0,Estimate
2005,1810,KARVAL RE-23,Lincoln,073,district,16.0075,school_sum,,16.0075,3.0,school_panel,,3.0,228.0,228.0,228.0,875.0,259.0,Estimate
2006,1810,KARVAL RE-23,Lincoln,073,district,17.9748,school_sum,,17.9748,3.0,school_panel,,3.0,220.0,220.0,220.0,820.0,263.0,Estimate
2007,1810,KARVAL RE-23,Lincoln,073,district,17.8072,school_sum,,17.8072,3.0,school_panel,,3.0,222.0,222.0,222.0,788.0,276.0,Estimate
2008,1810,KARVAL RE-23,Lincoln,073,district,17.6194,school_sum,,17.6194,3.0,school_panel,,3.0,256.0,256.0,256.0,787.0,286.0,Estimate
2009,1810,KARVAL RE-23,Lincoln,073,district,18.4556,school_sum,,18.4556,3.0,school_panel,,3.0,273.0,273.0,273.0,756.0,282.0,Estimate
2010,1810,KARVAL RE-23,Lincoln,073,district,18.499,published,18.499,18.499,3.0,school_panel,,3.0,235.0,235.0,235.0,808.0,305.0,Estimate
2011,1810,KARVAL RE-23,Lincoln,073,district,17.48,school_sum,,17.48,3.0,school_panel,,3.0,194.0,194.0,194.0,772.0,316.0,Estimate
2012,1810,KARVAL RE-23,Lincoln,073,district,14.18,school_sum,,14.18,3.0,school_panel,,3.0,122.0,122.0,122.0,769.0,304.0,Estimate
2013,1810,KARVAL RE-23,Lincoln,073,district,13.15,school_sum,,13.15,3.0,school_panel,,3.0,100.0,100.0,100.0,763.0,312.0,Estimate
2014,1810,KARVAL RE-23,Lincoln,073,district,6.4977,school_sum,,6.4977,2.0,school_panel,,2.0,45.0,45.0,45.0,769.0,307.0,Estimate
2015,1810,KARVAL RE-23,Lincoln,073,district,8.17,school_sum,,8.17,2.0,school_panel,,2.0,43.0,43.0,43.0,778.0,320.0,Estimate
2016,1810,KARVAL RE-23,Lincoln,073,district,6.52,published,6.52,6.53,2.0,school_panel,,2.0,47.0,47.0,46.0,782.0,309.0,Estimate
2017,1810,,Lincoln,073,,,,,,2.0,school_panel,,2.0,42.0,42.0,42.0,791.0,313.0,Estimate
2018,1810,KARVAL RE-23,Lincoln,073,district,5.75,published,5.75,5.89,2.0,school_panel,,2.0,45.0,45.0,45.0,822.0,300.0,Estimate
2019,1810,Karval RE-23,Lincoln,073,district,6.4,school_sum,,6.4,2.0,school_panel,,2.0,55.0,55.0,55.0,823.0,320.0,Estimate
2020,1810,,Lincoln,073,,,,,,2.0,school_panel,,2.0,50.0,50.0,50.0,848.0,296.0,Estimate
2021,1810,,Lincoln,073,,,,,,2.0,school_panel,,2.0,43.0,43.0,43.0,810.0,287.0,Estimate
2022,1810,Karval RE-23,Lincoln,073,district,8.9,published,8.9,9.0,2.0,school_panel,,2.0,40.0,40.0,40.0,825.0,306.0,Estimate
2023,1810,Karval RE-23,Lincoln,073,district,7.1,published,7.1,7.1,2.0,school_panel,,2.0,36.0,36.0,35.0,855.0,295.0,Estimate
2024,1810,Karval RE-23,Lincoln,073,district,5.2,published,5.2,5.2,2.0,school_panel,,2.0,30.0,30.0,29.0,907.0,272.0,Estimate
1990,1828,VALLEY RE-1,Logan,075,district,180.0,published,180.0,,9.0,school_panel,9.0,9.0,2736.0,,2736.0,3441.0,1223.0,Estimate
1991,1828,VALLEY RE-1,Logan,075,district,181.6,published,181.6,,9.0,school_panel,9.0,9.0,2711.0,,2711.0,3423.0,1211.0,Estimate
1992,1828,VALLEY RE-1,Logan,075,district,168.0,published,168.0,,9.0,school_panel,9.0,9.0,2734.0,,2734.0,3413.0,1204.0,Estimate
1993,1828,VALLEY RE-1,Logan,075,district,167.4,published,167.4,,9.0,school_panel,9.0,9.0,2715.0,,2715.0,3464.0,1217.0,Estimate
1994,1828,VALLEY RE-1,Logan,075,district,171.0,published,171.0,,9.0,school_panel,9.0,9.0,2764.0,,2764.0,3606.0,1262.0,Estimate
1995,1828,VALLEY RE-1,Logan,075,district,175.5,published,175.5,,9.0,school_panel,9.0,9.0,2855.0,,2855.0,3682.0,1285.0,Estimate
1996,1828,VALLEY RE-1,Logan,075,district,179.5,published,179.5,,10.0,school_panel,9.0,10.0,2813.0,,2813.0,3712.0,1291.0,Estimate
1997,1828,VALLEY RE-1,Logan,075,district,186.0,published,186.0,,9.0,school_panel,9.0,9.0,2731.0,,2731.0,3751.0,1298.0,Estimate
1998,1828,VALLEY RE-1,Logan,075,district,169.2,published,169.2,,9.0,school_panel,9.0,9.0,2743.0,,2743.0,3724.0,1285.0,Estimate
1999,1828,VALLEY RE-1,Logan,075,district,,,,,9.0,school_panel,9.0,9.0,2759.0,,2759.0,3748.0,1290.0,Estimate
2000,1828,VALLEY RE-1,Logan,075,district,162.922,school_sum,,162.922,9.0,school_panel,,9.0,,,2784.0,3786.0,1298.0,Estimate
2001,1828,VALLEY RE-1,Logan,075,district,170.6523,school_sum,,170.6523,9.0,school_panel,,9.0,2085.0,2085.0,2840.0,3957.0,1415.0,Estimate
2002,1828,VALLEY RE-1,Logan,075,district,171.7125,school_sum,,171.7125,9.0,school_panel,,9.0,2026.0,2026.0,2797.0,3785.0,1378.0,Estimate
2003,1828,VALLEY RE-1,Logan,075,district,171.0138,school_sum,,171.0138,9.0,school_panel,,9.0,2751.0,2751.0,2751.0,3763.0,1379.0,Estimate
2004,1828,VALLEY RE-1,Logan,075,district,171.6352,school_sum,,171.6352,9.0,school_panel,,9.0,2631.0,2631.0,2631.0,3666.0,1336.0,Estimate
2005,1828,VALLEY RE-1,Logan,075,district,155.5522,school_sum,,155.5522,9.0,school_panel,,9.0,2513.0,2513.0,2513.0,3564.0,1294.0,Estimate
2006,1828,VALLEY RE-1,Logan,075,district,157.9296,school_sum,,157.9296,9.0,school_panel,,9.0,2496.0,2496.0,2496.0,3539.0,1258.0,Estimate
2007,1828,VALLEY RE-1,Logan,075,district,153.7048,school_sum,,153.7048,8.0,school_panel,,8.0,2501.0,2501.0,2501.0,3474.0,1242.0,Estimate
2008,1828,VALLEY RE-1,Logan,075,district,154.4084,school_sum,,154.4084,8.0,school_panel,,8.0,2479.0,2479.0,2479.0,3394.0,1193.0,Estimate
2009,1828,VALLEY RE-1,Logan,075,district,154.8738,school_sum,,154.8738,8.0,school_panel,,8.0,2502.0,2502.0,2502.0,3374.0,1168.0,Estimate
2010,1828,VALLEY RE-1,Logan,075,district,148.015,published,148.015,147.849,8.0,school_panel,,8.0,2436.0,2436.0,2436.0,3286.0,1145.0,Estimate
2011,1828,VALLEY RE-1,Logan,075,district,146.69,school_sum,,146.69,8.0,school_panel,,8.0,2350.0,2350.0,2350.0,3249.0,1104.0,Estimate
2012,1828,VALLEY RE-1,Logan,075,district,137.69,school_sum,,137.69,7.0,school_panel,,7.0,2315.0,2315.0,2315.0,3235.0,1087.0,Estimate
2013,1828,VALLEY RE-1,Logan,075,district,141.21,school_sum,,141.21,7.0,school_panel,,7.0,2305.0,2305.0,2305.0,3202.0,1101.0,Estimate
2014,1828,VALLEY RE-1,Logan,075,district,144.7981,school_sum,,144.7981,7.0,school_panel,,7.0,2272.0,2272.0,2272.0,3183.0,1102.0,Estimate
2015,1828,VALLEY RE-1,Logan,075,district,147.62,school_sum,,147.62,7.0,school_panel,,7.0,2294.0,2294.0,2294.0,3147.0,1100.0,Estimate
2016,1828,VALLEY RE-1,Logan,075,district,139.5,published,139.5,139.5,7.0,school_panel,,7.0,2284.0,2284.0,2284.0,3085.0,1110.0,Estimate
2017,1828,,Logan,075,,,,,,8.0,school_panel,,8.0,2291.0,2291.0,2289.0,3022.0,1135.0,Estimate
2018,1828,VALLEY RE-1,Logan,075,district,137.01,published,137.01,137.0,7.0,school_panel,,7.0,2301.0,2301.0,2301.0,3005.0,1113.0,Estimate
2019,1828,Valley RE-1,Logan,075,district,141.0,school_sum,,141.0,7.0,school_panel,,7.0,2258.0,2258.0,2258.0,2994.0,1081.0,Estimate
2020,1828,,Logan,075,,,,,,7.0,school_panel,,7.0,2104.0,2104.0,2104.0,3001.0,1100.0,Estimate
2021,1828,,Logan,075,,,,,,7.0,school_panel,,7.0,1996.0,1996.0,1996.0,3035.0,1079.0,Estimate
2022,1828,Valley RE-1,Logan,075,district,100.0,published,100.0,100.0,7.0,school_panel,,7.0,1972.0,1972.0,1972.0,3101.0,1065.0,Estimate
2023,1828,Valley RE-1,Logan,075,district,116.7,published,116.7,116.7,7.0,school_panel,,7.0,1887.0,1887.0,1887.0,3083.0,1002.0,Estimate
2024,1828,Valley RE-1,Logan,075,district,129.8,published,129.8,128.7,7.0,school_panel,,7.0,1910.0,1910.0,1910.0,3088.0,989.0,Estimate
1990,1850,FRENCHMAN RE-3,Logan,075,district,18.6,published,18.6,,2.0,school_panel,2.0,2.0,160.0,,160.0,3441.0,1223.0,Estimate
1991,1850,FRENCHMAN RE-3,Logan,075,district,18.6,published,18.6,,2.0,school_panel,2.0,2.0,184.0,,184.0,3423.0,1211.0,Estimate
1992,1850,FRENCHMAN RE-3,Logan,075,district,18.7,published,18.7,,2.0,school_panel,2.0,2.0,176.0,,176.0,3413.0,1204.0,Estimate
1993,1850,FRENCHMAN RE-3,Logan,075,district,18.7,published,18.7,,2.0,school_panel,2.0,2.0,168.0,,168.0,3464.0,1217.0,Estimate
1994,1850,FRENCHMAN RE-3,Logan,075,district,19.2,published,19.2,,2.0,school_panel,2.0,2.0,185.0,,185.0,3606.0,1262.0,Estimate
1995,1850,FRENCHMAN RE-3,Logan,075,district,20.2,published,20.2,,2.0,school_panel,2.0,2.0,199.0,,199.0,3682.0,1285.0,Estimate
1996,1850,FRENCHMAN RE-3,Logan,075,district,20.5,published,20.5,,2.0,school_panel,2.0,2.0,235.0,,235.0,3712.0,1291.0,Estimate
1997,1850,FRENCHMAN RE-3,Logan,075,district,21.2,published,21.2,,2.0,school_panel,2.0,2.0,233.0,,233.0,3751.0,1298.0,Estimate
1998,1850,FRENCHMAN RE-3,Logan,075,district,,,,,2.0,school_panel,2.0,2.0,229.0,,229.0,3724.0,1285.0,Estimate
1999,1850,FRENCHMAN RE-3,Logan,075,district,,,,,2.0,school_panel,2.0,2.0,219.0,,219.0,3748.0,1290.0,Estimate
2000,1850,FRENCHMAN RE-3,Logan,075,district,19.8375,school_sum,,19.8375,2.0,school_panel,,2.0,,,225.0,3786.0,1298.0,Estimate
2001,1850,FRENCHMAN RE-3,Logan,075,district,20.5938,school_sum,,20.5938,2.0,school_panel,,2.0,209.0,209.0,209.0,3957.0,1415.0,Estimate
2002,1850,FRENCHMAN RE-3,Logan,075,district,20.3438,school_sum,,20.3438,2.0,school_panel,,2.0,225.0,225.0,225.0,3785.0,1378.0,Estimate
2003,1850,FRENCHMAN RE-3,Logan,075,district,20.625,school_sum,,20.625,2.0,school_panel,,2.0,219.0,219.0,219.0,3763.0,1379.0,Estimate
2004,1850,FRENCHMAN RE-3,Logan,075,district,20.875,school_sum,,20.875,2.0,school_panel,,2.0,215.0,215.0,215.0,3666.0,1336.0,Estimate
2005,1850,FRENCHMAN RE-3,Logan,075,district,20.125,school_sum,,20.125,2.0,school_panel,,2.0,202.0,202.0,202.0,3564.0,1294.0,Estimate
2006,1850,FRENCHMAN RE-3,Logan,075,district,20.25,school_sum,,20.25,2.0,school_panel,,2.0,211.0,211.0,211.0,3539.0,1258.0,Estimate
2007,1850,FRENCHMAN RE-3,Logan,075,district,20.625,school_sum,,20.625,2.0,school_panel,,2.0,204.0,204.0,204.0,3474.0,1242.0,Estimate
2008,1850,FRENCHMAN RE-3,Logan,075,district,20.4887,school_sum,,20.4887,2.0,school_panel,,2.0,199.0,199.0,199.0,3394.0,1193.0,Estimate
2009,1850,FRENCHMAN RE-3,Logan,075,district,20.5,school_sum,,20.5,2.0,school_panel,,2.0,188.0,188.0,188.0,3374.0,1168.0,Estimate
2010,1850,FRENCHMAN RE-3,Logan,075,district,20.25,published,20.25,20.25,2.0,school_panel,,2.0,200.0,200.0,200.0,3286.0,1145.0,Estimate
2011,1850,FRENCHMAN RE-3,Logan,075,district,19.88,school_sum,,19.88,2.0,school_panel,,2.0,185.0,185.0,185.0,3249.0,1104.0,Estimate
2012,1850,FRENCHMAN RE-3,Logan,075,district,18.88,school_sum,,18.88,2.0,school_panel,,2.0,202.0,202.0,202.0,3235.0,1087.0,Estimate
2013,1850,FRENCHMAN RE-3,Logan,075,district,19.31,school_sum,,19.31,2.0,school_panel,,2.0,203.0,203.0,203.0,3202.0,1101.0,Estimate
2014,1850,FRENCHMAN RE-3,Logan,075,district,18.6058,school_sum,,18.6058,2.0,school_panel,,2.0,198.0,198.0,198.0,3183.0,1102.0,Estimate
2015,1850,FRENCHMAN RE-3,Logan,075,district,19.23,school_sum,,19.23,2.0,school_panel,,2.0,205.0,205.0,205.0,3147.0,1100.0,Estimate
2016,1850,FRENCHMAN RE-3,Logan,075,district,19.56,published,19.56,19.56,2.0,school_panel,,2.0,203.0,203.0,203.0,3085.0,1110.0,Estimate
2017,1850,,Logan,075,,,,,,2.0,school_panel,,2.0,192.0,192.0,192.0,3022.0,1135.0,Estimate
2018,1850,FRENCHMAN RE-3,Logan,075,district,19.0,published,19.0,19.01,2.0,school_panel,,2.0,202.0,202.0,202.0,3005.0,1113.0,Estimate
2019,1850,Frenchman RE-3,Logan,075,district,20.0,school_sum,,20.0,2.0,school_panel,,2.0,207.0,207.0,207.0,2994.0,1081.0,Estimate
2020,1850,,Logan,075,,,,,,2.0,school_panel,,2.0,193.0,193.0,193.0,3001.0,1100.0,Estimate
2021,1850,,Logan,075,,,,,,2.0,school_panel,,2.0,217.0,217.0,217.0,3035.0,1079.0,Estimate
2022,1850,Frenchman RE-3,Logan,075,district,21.8,published,21.8,21.7,2.0,school_panel,,2.0,221.0,221.0,221.0,3101.0,1065.0,Estimate
2023,1850,Frenchman RE-3,Logan,075,district,21.700000000000003,published,21.700000000000003,21.7,2.0,school_panel,,2.0,221.0,221.0,221.0,3083.0,1002.0,Estimate
2024,1850,Frenchman RE-3,Logan,075,district,18.4,published,18.4,18.4,2.0,school_panel,,2.0,222.0,222.0,221.0,3088.0,989.0,Estimate
1990,1860,BUFFALO RE-4,Logan,075,district,18.0,published,18.0,,2.0,school_panel,2.0,2.0,213.0,,213.0,3441.0,1223.0,Estimate
1991,1860,BUFFALO RE-4,Logan,075,district,18.0,published,18.0,,2.0,school_panel,2.0,2.0,239.0,,239.0,3423.0,1211.0,Estimate
1992,1860,BUFFALO RE-4,Logan,075,district,15.5,published,15.5,,2.0,school_panel,2.0,2.0,256.0,,256.0,3413.0,1204.0,Estimate
1993,1860,BUFFALO RE-4,Logan,075,district,17.0,published,17.0,,2.0,school_panel,2.0,2.0,273.0,,273.0,3464.0,1217.0,Estimate
1994,1860,BUFFALO RE-4,Logan,075,district,19.0,published,19.0,,2.0,school_panel,2.0,2.0,278.0,,278.0,3606.0,1262.0,Estimate
1995,1860,BUFFALO RE-4,Logan,075,district,18.0,published,18.0,,2.0,school_panel,2.0,2.0,274.0,,274.0,3682.0,1285.0,Estimate
1996,1860,BUFFALO RE-4,Logan,075,district,17.2,published,17.2,,2.0,school_panel,2.0,2.0,277.0,,277.0,3712.0,1291.0,Estimate
1997,1860,BUFFALO RE-4,Logan,075,district,20.2,published,20.2,,2.0,school_panel,2.0,2.0,277.0,,277.0,3751.0,1298.0,Estimate
1998,1860,BUFFALO RE-4,Logan,075,district,23.0,published,23.0,,2.0,school_panel,2.0,2.0,266.0,,266.0,3724.0,1285.0,Estimate
1999,1860,BUFFALO RE-4,Logan,075,district,,,,,2.0,school_panel,2.0,2.0,284.0,,284.0,3748.0,1290.0,Estimate
2000,1860,BUFFALO RE-4,Logan,075,district,20.0,school_sum,,20.0,2.0,school_panel,,2.0,,,300.0,3786.0,1298.0,Estimate
2001,1860,BUFFALO RE-4,Logan,075,district,19.0,school_sum,,19.0,2.0,school_panel,,2.0,152.0,152.0,302.0,3957.0,1415.0,Estimate
2002,1860,BUFFALO RE-4,Logan,075,district,22.5,school_sum,,22.5,2.0,school_panel,,2.0,301.0,301.0,301.0,3785.0,1378.0,Estimate
2003,1860,BUFFALO RE-4,Logan,075,district,23.0,school_sum,,23.0,2.0,school_panel,,2.0,309.0,309.0,309.0,3763.0,1379.0,Estimate
2004,1860,BUFFALO RE-4,Logan,075,district,23.25,school_sum,,23.25,2.0,school_panel,,2.0,306.0,306.0,306.0,3666.0,1336.0,Estimate
2005,1860,BUFFALO RE-4,Logan,075,district,23.5,school_sum,,23.5,2.0,school_panel,,2.0,302.0,302.0,302.0,3564.0,1294.0,Estimate
2006,1860,BUFFALO RE-4,Logan,075,district,24.5711,school_sum,,24.5711,2.0,school_panel,,2.0,297.0,297.0,297.0,3539.0,1258.0,Estimate
2007,1860,BUFFALO RE-4,Logan,075,district,24.6875,school_sum,,24.6875,2.0,school_panel,,2.0,321.0,321.0,321.0,3474.0,1242.0,Estimate
2008,1860,BUFFALO RE-4,Logan,075,district,24.4,school_sum,,24.4,2.0,school_panel,,2.0,294.0,294.0,294.0,3394.0,1193.0,Estimate
2009,1860,BUFFALO RE-4J,Logan,075,district,25.1194,school_sum,,25.1194,2.0,school_panel,,2.0,306.0,306.0,306.0,3374.0,1168.0,Estimate
2010,1860,BUFFALO RE-4,Logan,075,district,23.875,published,23.875,23.874,2.0,school_panel,,2.0,311.0,311.0,311.0,3286.0,1145.0,Estimate
2011,1860,BUFFALO RE-4J,Logan,075,district,23.21,school_sum,,23.21,2.0,school_panel,,2.0,309.0,309.0,309.0,3249.0,1104.0,Estimate
2012,1860,BUFFALO RE-4J,Logan,075,district,23.21,school_sum,,23.21,2.0,school_panel,,2.0,319.0,319.0,319.0,3235.0,1087.0,Estimate
2013,1860,BUFFALO RE-4J,Logan,075,district,23.22,school_sum,,23.22,2.0,school_panel,,2.0,318.0,318.0,318.0,3202.0,1101.0,Estimate
2014,1860,BUFFALO RE-4J,Logan,075,district,22.7275,school_sum,,22.7275,2.0,school_panel,,2.0,315.0,315.0,315.0,3183.0,1102.0,Estimate
2015,1860,BUFFALO RE-4J,Logan,075,district,21.81,school_sum,,21.81,2.0,school_panel,,2.0,309.0,309.0,309.0,3147.0,1100.0,Estimate
2016,1860,BUFFALO RE-4J,Logan,075,district,22.59,published,22.59,22.59,2.0,school_panel,,2.0,306.0,306.0,306.0,3085.0,1110.0,Estimate
2017,1860,,Logan,075,,,,,,2.0,school_panel,,2.0,301.0,301.0,301.0,3022.0,1135.0,Estimate
2018,1860,BUFFALO RE-4J,Logan,075,district,20.56,published,20.56,20.57,2.0,school_panel,,2.0,303.0,303.0,303.0,3005.0,1113.0,Estimate
2019,1860,Buffalo RE-4J,Logan,075,district,23.1,school_sum,,23.1,2.0,school_panel,,2.0,302.0,302.0,302.0,2994.0,1081.0,Estimate
2020,1860,,Logan,075,,,,,,2.0,school_panel,,2.0,308.0,308.0,308.0,3001.0,1100.0,Estimate
2021,1860,,Logan,075,,,,,,2.0,school_panel,,2.0,305.0,305.0,305.0,3035.0,1079.0,Estimate
2022,1860,Buffalo RE-4J,Logan,075,district,23.4,published,23.4,23.4,2.0,school_panel,,2.0,314.0,314.0,314.0,3101.0,1065.0,Estimate
2023,1860,Buffalo RE-4J,Logan,075,district,23.6,published,23.6,23.6,2.0,school_panel,,2.0,323.0,323.0,322.0,3083.0,1002.0,Estimate
2024,1860,Buffalo RE-4J,Logan,075,district,20.3,published,20.3,20.3,2.0,school_panel,,2.0,314.0,314.0,314.0,3088.0,989.0,Estimate
1990,1870,PLATEAU RE-5,Logan,075,district,18.0,published,18.0,,2.0,school_panel,2.0,2.0,146.0,,146.0,3441.0,1223.0,Estimate
1991,1870,PLATEAU RE-5,Logan,075,district,18.0,published,18.0,,2.0,school_panel,2.0,2.0,140.0,,140.0,3423.0,1211.0,Estimate
1992,1870,PLATEAU RE-5,Logan,075,district,18.0,published,18.0,,2.0,school_panel,2.0,2.0,152.0,,152.0,3413.0,1204.0,Estimate
1993,1870,PLATEAU RE-5,Logan,075,district,18.0,published,18.0,,2.0,school_panel,2.0,2.0,148.0,,148.0,3464.0,1217.0,Estimate
1994,1870,PLATEAU RE-5,Logan,075,district,18.0,published,18.0,,2.0,school_panel,2.0,2.0,145.0,,145.0,3606.0,1262.0,Estimate
1995,1870,PLATEAU RE-5,Logan,075,district,18.0,published,18.0,,2.0,school_panel,2.0,2.0,160.0,,160.0,3682.0,1285.0,Estimate
1996,1870,PLATEAU RE-5,Logan,075,district,17.0,published,17.0,,2.0,school_panel,2.0,2.0,147.0,,147.0,3712.0,1291.0,Estimate
1997,1870,PLATEAU RE-5,Logan,075,district,17.0,published,17.0,,2.0,school_panel,2.0,2.0,149.0,,149.0,3751.0,1298.0,Estimate
1998,1870,PLATEAU RE-5,Logan,075,district,16.2,published,16.2,,2.0,school_panel,2.0,2.0,163.0,,163.0,3724.0,1285.0,Estimate
1999,1870,PLATEAU RE-5,Logan,075,district,,,,,2.0,school_panel,2.0,2.0,167.0,,167.0,3748.0,1290.0,Estimate
2000,1870,PLATEAU RE-5,Logan,075,district,18.0486,school_sum,,18.0486,2.0,school_panel,,2.0,,,181.0,3786.0,1298.0,Estimate
2001,1870,PLATEAU RE-5,Logan,075,district,17.5,school_sum,,17.5,2.0,school_panel,,2.0,70.0,70.0,162.0,3957.0,1415.0,Estimate
2002,1870,PLATEAU RE-5,Logan,075,district,17.5,school_sum,,17.5,2.0,school_panel,,2.0,71.0,71.0,158.0,3785.0,1378.0,Estimate
2003,1870,PLATEAU RE-5,Logan,075,district,17.625,school_sum,,17.625,2.0,school_panel,,2.0,153.0,153.0,153.0,3763.0,1379.0,Estimate
2004,1870,PLATEAU RE-5,Logan,075,district,17.75,school_sum,,17.75,2.0,school_panel,,2.0,165.0,165.0,165.0,3666.0,1336.0,Estimate
2005,1870,PLATEAU RE-5,Logan,075,district,18.4458,school_sum,,18.4458,2.0,school_panel,,2.0,166.0,166.0,166.0,3564.0,1294.0,Estimate
2006,1870,PLATEAU RE-5,Logan,075,district,18.3486,school_sum,,18.3486,2.0,school_panel,,2.0,167.0,167.0,167.0,3539.0,1258.0,Estimate
2007,1870,PLATEAU RE-5,Logan,075,district,18.7736,school_sum,,18.7736,2.0,school_panel,,2.0,158.0,158.0,158.0,3474.0,1242.0,Estimate
2008,1870,PLATEAU RE-5,Logan,075,district,18.7736,school_sum,,18.7736,2.0,school_panel,,2.0,164.0,164.0,164.0,3394.0,1193.0,Estimate
2009,1870,PLATEAU RE-5,Logan,075,district,19.0333,school_sum,,19.0333,2.0,school_panel,,2.0,163.0,163.0,163.0,3374.0,1168.0,Estimate
2010,1870,PLATEAU RE-5,Logan,075,district,20.091,published,20.091,20.091,2.0,school_panel,,2.0,176.0,176.0,176.0,3286.0,1145.0,Estimate
2011,1870,PLATEAU RE-5,Logan,075,district,18.01,school_sum,,18.01,2.0,school_panel,,2.0,182.0,182.0,182.0,3249.0,1104.0,Estimate
2012,1870,PLATEAU RE-5,Logan,075,district,18.1,school_sum,,18.1,2.0,school_panel,,2.0,197.0,197.0,197.0,3235.0,1087.0,Estimate
2013,1870,PLATEAU RE-5,Logan,075,district,19.24,school_sum,,19.24,2.0,school_panel,,2.0,196.0,196.0,196.0,3202.0,1101.0,Estimate
2014,1870,PLATEAU RE-5,Logan,075,district,18.5332,school_sum,,18.5332,2.0,school_panel,,2.0,177.0,177.0,177.0,3183.0,1102.0,Estimate
2015,1870,PLATEAU RE-5,Logan,075,district,18.58,school_sum,,18.58,2.0,school_panel,,2.0,172.0,172.0,172.0,3147.0,1100.0,Estimate
2016,1870,PLATEAU RE-5,Logan,075,district,17.35,published,17.35,17.35,2.0,school_panel,,2.0,160.0,160.0,160.0,3085.0,1110.0,Estimate
2017,1870,,Logan,075,,,,,,2.0,school_panel,,2.0,170.0,170.0,170.0,3022.0,1135.0,Estimate
2018,1870,PLATEAU RE-5,Logan,075,district,16.97,published,16.97,16.98,2.0,school_panel,,2.0,170.0,170.0,170.0,3005.0,1113.0,Estimate
2019,1870,Plateau RE-5,Logan,075,district,17.5,school_sum,,17.5,2.0,school_panel,,2.0,165.0,165.0,165.0,2994.0,1081.0,Estimate
2020,1870,,Logan,075,,,,,,2.0,school_panel,,2.0,155.0,155.0,155.0,3001.0,1100.0,Estimate
2021,1870,,Logan,075,,,,,,2.0,school_panel,,2.0,160.0,160.0,158.0,3035.0,1079.0,Estimate
2022,1870,Plateau RE-5,Logan,075,district,14.7,published,14.7,14.7,2.0,school_panel,,2.0,178.0,178.0,178.0,3101.0,1065.0,Estimate
2023,1870,Plateau RE-5,Logan,075,district,16.7,published,16.7,16.7,2.0,school_panel,,2.0,201.0,201.0,200.0,3083.0,1002.0,Estimate
2024,1870,Plateau RE-5,Logan,075,district,16.3,published,16.3,16.4,2.0,school_panel,,2.0,205.0,205.0,204.0,3088.0,989.0,Estimate
1990,1980,DE BEQUE 49JT,Mesa,077,district,12.6,published,12.6,,2.0,school_panel,2.0,2.0,127.0,,127.0,18474.0,6748.0,Estimate
1991,1980,DE BEQUE 49JT,Mesa,077,district,13.0,published,13.0,,2.0,school_panel,2.0,2.0,115.0,,115.0,18835.0,6807.0,Estimate
1992,1980,DE BEQUE 49JT,Mesa,077,district,14.0,published,14.0,,2.0,school_panel,2.0,2.0,122.0,,122.0,19019.0,6814.0,Estimate
1993,1980,DE BEQUE 49JT,Mesa,077,district,14.0,published,14.0,,2.0,school_panel,2.0,2.0,140.0,,140.0,19404.0,6893.0,Estimate
1994,1980,DE BEQUE 49JT,Mesa,077,district,14.7,published,14.7,,2.0,school_panel,2.0,2.0,157.0,,157.0,19857.0,6990.0,Estimate
1995,1980,DE BEQUE 49JT,Mesa,077,district,17.0,published,17.0,,2.0,school_panel,2.0,2.0,165.0,,165.0,20266.0,7072.0,Estimate
1996,1980,DE BEQUE 49JT,Mesa,077,district,18.0,published,18.0,,2.0,school_panel,2.0,2.0,168.0,,168.0,20564.0,7112.0,Estimate
1997,1980,DE BEQUE 49JT,Mesa,077,district,18.0,published,18.0,,2.0,school_panel,2.0,2.0,177.0,,177.0,20885.0,7154.0,Estimate
1998,1980,DE BEQUE 49JT,Mesa,077,district,,,,,2.0,school_panel,2.0,2.0,174.0,,174.0,21257.0,7211.0,Estimate
1999,1980,DE BEQUE 49JT,Mesa,077,district,,,,,2.0,school_panel,2.0,2.0,169.0,,169.0,21568.0,7247.0,Estimate
2000,1980,DE BEQUE 49JT,Mesa,077,district,20.0,school_sum,,20.0,2.0,school_panel,,2.0,,,177.0,22030.0,7328.0,Estimate
2001,1980,DE BEQUE 49JT,Mesa,077,district,21.0,school_sum,,21.0,2.0,school_panel,,2.0,92.0,92.0,200.0,22175.0,7352.0,Estimate
2002,1980,DE BEQUE 49JT,Mesa,077,district,22.3333,school_sum,,22.3333,2.0,school_panel,,2.0,100.0,100.0,205.0,22056.0,7501.0,Estimate
2003,1980,DE BEQUE 49JT,Mesa,077,district,21.6252,school_sum,,21.6252,2.0,school_panel,,2.0,202.0,202.0,202.0,22135.0,7689.0,Estimate
2004,1980,DE BEQUE 49JT,Mesa,077,district,21.1252,school_sum,,21.1252,2.0,school_panel,,2.0,201.0,201.0,201.0,22280.0,7817.0,Estimate
2005,1980,DE BEQUE 49JT,Mesa,077,district,21.5435,school_sum,,21.5435,2.0,school_panel,,2.0,194.0,194.0,194.0,22361.0,8050.0,Estimate
2006,1980,DE BEQUE 49JT,Mesa,077,district,21.0,school_sum,,21.0,2.0,school_panel,,2.0,178.0,178.0,178.0,22838.0,8466.0,Estimate
2007,1980,DE BEQUE 49JT,Mesa,077,district,22.0,school_sum,,22.0,2.0,school_panel,,2.0,155.0,155.0,155.0,23427.0,8915.0,Estimate
2008,1980,DE BEQUE 49JT,Mesa,077,district,23.0,school_sum,,23.0,2.0,school_panel,,2.0,164.0,164.0,164.0,23749.0,9308.0,Estimate
2009,1980,DE BEQUE 49JT,Mesa,077,district,22.2885,school_sum,,22.2885,2.0,school_panel,,2.0,160.0,160.0,160.0,24238.0,9730.0,Estimate
2010,1980,DE BEQUE 49JT,Mesa,077,district,19.288,published,19.288,19.288,2.0,school_panel,,2.0,136.0,136.0,136.0,24600.0,9951.0,Estimate
2011,1980,DE BEQUE 49JT,Mesa,077,district,16.53,school_sum,,16.53,2.0,school_panel,,2.0,125.0,125.0,125.0,24544.0,9895.0,Estimate
2012,1980,DE BEQUE 49JT,Mesa,077,district,17.84,school_sum,,17.84,2.0,school_panel,,2.0,135.0,135.0,135.0,24484.0,9613.0,Estimate
2013,1980,DE BEQUE 49JT,Mesa,077,district,17.28,school_sum,,17.28,2.0,school_panel,,2.0,146.0,146.0,146.0,24486.0,9392.0,Estimate
2014,1980,DE BEQUE 49JT,Mesa,077,district,15.4044,school_sum,,15.4044,2.0,school_panel,,2.0,151.0,151.0,151.0,24358.0,9162.0,Estimate
2015,1980,DE BEQUE 49JT,Mesa,077,district,17.3,school_sum,,17.3,2.0,school_panel,,2.0,149.0,149.0,149.0,24514.0,9074.0,Estimate
2016,1980,DE BEQUE 49JT,Mesa,077,district,17.39,published,17.39,17.99,2.0,school_panel,,2.0,190.0,190.0,190.0,24730.0,8918.0,Estimate
2017,1980,,Mesa,077,,,,,,1.0,school_panel,,1.0,165.0,165.0,165.0,24823.0,8791.0,Estimate
2018,1980,DE BEQUE 49JT,Mesa,077,district,15.69,published,15.69,15.69,1.0,school_panel,,1.0,184.0,184.0,184.0,24929.0,8611.0,Estimate
2019,1980,De Beque 49JT,Mesa,077,district,14.5,school_sum,,14.5,1.0,school_panel,,1.0,164.0,164.0,164.0,24831.0,8427.0,Estimate
2020,1980,,Mesa,077,,,,,,1.0,school_panel,,1.0,171.0,171.0,171.0,24804.0,8208.0,Estimate
2021,1980,,Mesa,077,,,,,,1.0,school_panel,,1.0,172.0,172.0,170.0,24824.0,8064.0,Estimate
2022,1980,De Beque 49JT,Mesa,077,district,5.3,published,5.3,5.3,1.0,school_panel,,1.0,170.0,170.0,170.0,24738.0,7868.0,Estimate
2023,1980,De Beque 49JT,Mesa,077,district,15.4,published,15.4,15.4,1.0,school_panel,,1.0,168.0,168.0,166.0,24629.0,7641.0,Estimate
2024,1980,De Beque 49JT,Mesa,077,district,13.5,published,13.5,13.5,1.0,school_panel,,1.0,181.0,181.0,179.0,24488.0,7524.0,Estimate
1990,1990,PLATEAU VALLEY 50,Mesa,077,district,30.0,published,30.0,,3.0,school_panel,3.0,3.0,499.0,,499.0,18474.0,6748.0,Estimate
1991,1990,PLATEAU VALLEY 50,Mesa,077,district,31.5,published,31.5,,4.0,school_panel,4.0,4.0,502.0,,502.0,18835.0,6807.0,Estimate
1992,1990,PLATEAU VALLEY 50,Mesa,077,district,30.5,published,30.5,,4.0,school_panel,4.0,4.0,549.0,,549.0,19019.0,6814.0,Estimate
1993,1990,PLATEAU VALLEY 50,Mesa,077,district,31.0,published,31.0,,4.0,school_panel,4.0,4.0,526.0,,526.0,19404.0,6893.0,Estimate
1994,1990,PLATEAU VALLEY 50,Mesa,077,district,36.0,published,36.0,,4.0,school_panel,4.0,4.0,565.0,,565.0,19857.0,6990.0,Estimate
1995,1990,PLATEAU VALLEY 50,Mesa,077,district,39.0,published,39.0,,4.0,school_panel,4.0,4.0,582.0,,582.0,20266.0,7072.0,Estimate
1996,1990,PLATEAU VALLEY 50,Mesa,077,district,42.3,published,42.3,,4.0,school_panel,4.0,4.0,565.0,,565.0,20564.0,7112.0,Estimate
1997,1990,PLATEAU VALLEY 50,Mesa,077,district,44.3,published,44.3,,4.0,school_panel,4.0,4.0,578.0,,578.0,20885.0,7154.0,Estimate
1998,1990,PLATEAU VALLEY 50,Mesa,077,district,40.2,published,40.2,,4.0,school_panel,4.0,4.0,557.0,,557.0,21257.0,7211.0,Estimate
1999,1990,PLATEAU VALLEY 50,Mesa,077,district,,,,,4.0,school_panel,4.0,4.0,540.0,,540.0,21568.0,7247.0,Estimate
2000,1990,PLATEAU VALLEY 50,Mesa,077,district,40.1121,school_sum,,40.1121,4.0,school_panel,,4.0,,,546.0,22030.0,7328.0,Estimate
2001,1990,PLATEAU VALLEY 50,Mesa,077,district,40.1329,school_sum,,40.1329,4.0,school_panel,,4.0,363.0,363.0,526.0,22175.0,7352.0,Estimate
2002,1990,PLATEAU VALLEY 50,Mesa,077,district,39.6477,school_sum,,39.6477,4.0,school_panel,,4.0,318.0,318.0,470.0,22056.0,7501.0,Estimate
2003,1990,PLATEAU VALLEY 50,Mesa,077,district,37.5592,school_sum,,37.5592,4.0,school_panel,,4.0,497.0,497.0,497.0,22135.0,7689.0,Estimate
2004,1990,PLATEAU VALLEY 50,Mesa,077,district,37.5592,school_sum,,37.5592,4.0,school_panel,,4.0,485.0,485.0,485.0,22280.0,7817.0,Estimate
2005,1990,PLATEAU VALLEY 50,Mesa,077,district,35.4343,school_sum,,35.4343,4.0,school_panel,,4.0,470.0,470.0,470.0,22361.0,8050.0,Estimate
2006,1990,PLATEAU VALLEY 50,Mesa,077,district,32.105,school_sum,,32.105,4.0,school_panel,,4.0,485.0,485.0,485.0,22838.0,8466.0,Estimate
2007,1990,PLATEAU VALLEY 50,Mesa,077,district,31.6048,school_sum,,31.6048,4.0,school_panel,,4.0,479.0,479.0,479.0,23427.0,8915.0,Estimate
2008,1990,PLATEAU VALLEY 50,Mesa,077,district,35.1748,school_sum,,35.1748,4.0,school_panel,,4.0,510.0,510.0,510.0,23749.0,9308.0,Estimate
2009,1990,PLATEAU VALLEY 50,Mesa,077,district,35.4763,school_sum,,35.4763,4.0,school_panel,,4.0,489.0,489.0,489.0,24238.0,9730.0,Estimate
2010,1990,PLATEAU VALLEY 50,Mesa,077,district,34.299,published,34.299,34.3,4.0,school_panel,,4.0,471.0,471.0,471.0,24600.0,9951.0,Estimate
2011,1990,PLATEAU VALLEY 50,Mesa,077,district,32.13,school_sum,,32.13,4.0,school_panel,,4.0,489.0,489.0,489.0,24544.0,9895.0,Estimate
2012,1990,PLATEAU VALLEY 50,Mesa,077,district,32.48,school_sum,,32.48,4.0,school_panel,,4.0,508.0,508.0,508.0,24484.0,9613.0,Estimate
2013,1990,PLATEAU VALLEY 50,Mesa,077,district,35.29,school_sum,,35.29,4.0,school_panel,,4.0,450.0,450.0,450.0,24486.0,9392.0,Estimate
2014,1990,PLATEAU VALLEY 50,Mesa,077,district,32.307,school_sum,,32.307,4.0,school_panel,,4.0,459.0,459.0,459.0,24358.0,9162.0,Estimate
2015,1990,PLATEAU VALLEY 50,Mesa,077,district,31.22,school_sum,,31.22,4.0,school_panel,,4.0,452.0,452.0,452.0,24514.0,9074.0,Estimate
2016,1990,PLATEAU VALLEY 50,Mesa,077,district,28.23,published,28.23,28.23,4.0,school_panel,,4.0,437.0,437.0,437.0,24730.0,8918.0,Estimate
2017,1990,,Mesa,077,,,,,,4.0,school_panel,,4.0,451.0,451.0,451.0,24823.0,8791.0,Estimate
2018,1990,PLATEAU VALLEY 50,Mesa,077,district,31.73,published,31.73,31.73,4.0,school_panel,,4.0,442.0,442.0,442.0,24929.0,8611.0,Estimate
2019,1990,Plateau Valley 50,Mesa,077,district,31.2,school_sum,,31.2,4.0,school_panel,,4.0,394.0,394.0,394.0,24831.0,8427.0,Estimate
2020,1990,,Mesa,077,,,,,,4.0,school_panel,,4.0,356.0,356.0,356.0,24804.0,8208.0,Estimate
2021,1990,,Mesa,077,,,,,,4.0,school_panel,,4.0,305.0,305.0,305.0,24824.0,8064.0,Estimate
2022,1990,Plateau Valley 50,Mesa,077,district,24.7,published,24.7,24.7,4.0,school_panel,,4.0,314.0,314.0,314.0,24738.0,7868.0,Estimate
2023,1990,Plateau Valley 50,Mesa,077,district,22.3,published,22.3,22.3,4.0,school_panel,,4.0,310.0,310.0,309.0,24629.0,7641.0,Estimate
2024,1990,Plateau Valley 50,Mesa,077,district,23.8,published,23.8,23.8,4.0,school_panel,,4.0,303.0,303.0,303.0,24488.0,7524.0,Estimate
1990,2000,MESA COUNTY VALLEY 51,Mesa,077,district,908.2,published,908.2,,35.0,school_panel,35.0,35.0,17024.0,,17024.0,18474.0,6748.0,Estimate
1991,2000,MESA COUNTY VALLEY 51,Mesa,077,district,939.6,published,939.6,,36.0,school_panel,36.0,36.0,17489.0,,17489.0,18835.0,6807.0,Estimate
1992,2000,MESA COUNTY VALLEY 51,Mesa,077,district,974.9,published,974.9,,38.0,school_panel,37.0,38.0,17888.0,,17888.0,19019.0,6814.0,Estimate
1993,2000,MESA COUNTY VALLEY 51,Mesa,077,district,996.4,published,996.4,,36.0,school_panel,36.0,36.0,18063.0,,18063.0,19404.0,6893.0,Estimate
1994,2000,MESA COUNTY VALLEY 51,Mesa,077,district,1020.6,published,1020.6,,36.0,school_panel,36.0,36.0,18381.0,,18381.0,19857.0,6990.0,Estimate
1995,2000,MESA COUNTY VALLEY 51,Mesa,077,district,1033.4,published,1033.4,,36.0,school_panel,36.0,36.0,18643.0,,18643.0,20266.0,7072.0,Estimate
1996,2000,MESA COUNTY VALLEY 51,Mesa,077,district,1039.0,published,1039.0,,37.0,school_panel,35.0,37.0,19049.0,,19049.0,20564.0,7112.0,Estimate
1997,2000,MESA COUNTY VALLEY 51,Mesa,077,district,1040.3,published,1040.3,,36.0,school_panel,36.0,36.0,18995.0,,18995.0,20885.0,7154.0,Estimate
1998,2000,MESA COUNTY VALLEY 51,Mesa,077,district,1052.0,published,1052.0,,39.0,school_panel,40.0,39.0,19146.0,,19146.0,21257.0,7211.0,Estimate
1999,2000,MESA COUNTY VALLEY 51,Mesa,077,district,,,,,40.0,school_panel,39.0,40.0,19324.0,,19324.0,21568.0,7247.0,Estimate
2000,2000,MESA COUNTY VALLEY 51,Mesa,077,district,1098.4182,school_sum,,1098.4182,40.0,school_panel,,40.0,,,19745.0,22030.0,7328.0,Estimate
2001,2000,MESA COUNTY VALLEY 51,Mesa,077,district,1131.2406,school_sum,,1131.2406,40.0,school_panel,,40.0,18019.0,18019.0,20035.0,22175.0,7352.0,Estimate
2002,2000,MESA COUNTY VALLEY 51,Mesa,077,district,1138.2214,school_sum,,1138.2214,40.0,school_panel,,40.0,18994.0,18994.0,20080.0,22056.0,7501.0,Estimate
2003,2000,MESA COUNTY VALLEY 51,Mesa,077,district,1129.8354,school_sum,,1129.8354,40.0,school_panel,,40.0,20167.0,20167.0,20167.0,22135.0,7689.0,Estimate
2004,2000,MESA COUNTY VALLEY 51,Mesa,077,district,1122.9562,school_sum,,1122.9562,39.0,school_panel,,39.0,20120.0,20120.0,20120.0,22280.0,7817.0,Estimate
2005,2000,MESA COUNTY VALLEY 51,Mesa,077,district,1125.4071,school_sum,,1125.4071,39.0,school_panel,,39.0,20571.0,20571.0,20571.0,22361.0,8050.0,Estimate
2006,2000,MESA COUNTY VALLEY 51,Mesa,077,district,1170.518,school_sum,,1170.518,42.0,school_panel,,42.0,21166.0,21166.0,21166.0,22838.0,8466.0,Estimate
2007,2000,MESA COUNTY VALLEY 51,Mesa,077,district,1198.5485,school_sum,,1198.5485,43.0,school_panel,,43.0,21281.0,21281.0,21281.0,23427.0,8915.0,Estimate
2008,2000,MESA COUNTY VALLEY 51,Mesa,077,district,1147.773,school_sum,,1147.773,46.0,school_panel,,46.0,22114.0,22114.0,22114.0,23749.0,9308.0,Estimate
2009,2000,MESA COUNTY VALLEY 51,Mesa,077,district,1241.0867,school_sum,,1241.0867,44.0,school_panel,,44.0,22008.0,22008.0,22028.0,24238.0,9730.0,Estimate
2010,2000,MESA COUNTY VALLEY 51,Mesa,077,district,1305.894,published,1305.894,1259.817,46.0,school_panel,,46.0,22091.0,22081.0,22099.0,24600.0,9951.0,Estimate
2011,2000,MESA COUNTY VALLEY 51,Mesa,077,district,1210.72,school_sum,,1210.72,46.0,school_panel,,46.0,21914.0,21914.0,21922.0,24544.0,9895.0,Estimate
2012,2000,MESA COUNTY VALLEY 51,Mesa,077,district,1189.87,school_sum,,1189.87,46.0,school_panel,,46.0,21714.0,21714.0,21730.0,24484.0,9613.0,Estimate
2013,2000,MESA COUNTY VALLEY 51,Mesa,077,district,1227.77,school_sum,,1227.77,47.0,school_panel,,47.0,21894.0,21894.0,21906.0,24486.0,9392.0,Estimate
2014,2000,MESA COUNTY VALLEY 51,Mesa,077,district,1245.5007,school_sum,,1245.5007,47.0,school_panel,,47.0,21742.0,21742.0,21746.0,24358.0,9162.0,Estimate
2015,2000,MESA COUNTY VALLEY 51,Mesa,077,district,1231.94,school_sum,,1231.94,47.0,school_panel,,47.0,21904.0,21904.0,21904.0,24514.0,9074.0,Estimate
2016,2000,MESA COUNTY VALLEY 51,Mesa,077,district,1284.54,published,1284.54,1241.61,46.0,school_panel,,46.0,22105.0,22105.0,22105.0,24730.0,8918.0,Estimate
2017,2000,,Mesa,077,,,,,,46.0,school_panel,,46.0,22084.0,22084.0,22084.0,24823.0,8791.0,Estimate
2018,2000,MESA COUNTY VALLEY 51,Mesa,077,district,1297.49,published,1297.49,1265.5,46.0,school_panel,,46.0,22082.0,22082.0,22082.0,24929.0,8611.0,Estimate
2019,2000,Mesa County Valley 51,Mesa,077,district,1264.8,school_sum,,1264.8,49.0,school_panel,,49.0,22046.0,22046.0,21994.0,24831.0,8427.0,Estimate
2020,2000,,Mesa,077,,,,,,47.0,school_panel,,47.0,21081.0,21081.0,21084.0,24804.0,8208.0,Estimate
2021,2000,,Mesa,077,,,,,,47.0,school_panel,,47.0,21315.0,21315.0,21327.0,24824.0,8064.0,Estimate
2022,2000,Mesa County Valley 51,Mesa,077,district,1253.6,school_sum,,1253.6,47.0,school_panel,,47.0,20851.0,20851.0,20762.0,24738.0,7868.0,Estimate
2023,2000,Mesa County Valley 51,Mesa,077,district,1224.2,published,1224.2,1224.2,48.0,school_panel,,48.0,20208.0,20208.0,20078.0,24629.0,7641.0,Estimate
2024,2000,Mesa County Valley 51,Mesa,077,district,1260.9,published,1260.9,1199.8,46.0,school_panel,,46.0,19900.0,19900.0,19753.0,24488.0,7524.0,Estimate
1990,2010,CREEDE CONSOLIDATED 1,Mineral,079,district,10.0,published,10.0,,2.0,school_panel,2.0,2.0,88.0,,88.0,74.0,49.0,Estimate
1991,2010,CREEDE CONSOLIDATED 1,Mineral,079,district,11.0,published,11.0,,2.0,school_panel,2.0,2.0,92.0,,92.0,77.0,49.0,Estimate
1992,2010,CREEDE CONSOLIDATED 1,Mineral,079,district,11.0,published,11.0,,2.0,school_panel,2.0,2.0,94.0,,94.0,82.0,47.0,Estimate
1993,2010,CREEDE CONSOLIDATED 1,Mineral,079,district,11.1,published,11.1,,2.0,school_panel,2.0,2.0,103.0,,103.0,85.0,45.0,Estimate
1994,2010,CREEDE CONSOLIDATED 1,Mineral,079,district,12.0,published,12.0,,2.0,school_panel,2.0,2.0,116.0,,116.0,95.0,46.0,Estimate
1995,2010,CREEDE CONSOLIDATED 1,Mineral,079,district,14.5,published,14.5,,2.0,school_panel,2.0,2.0,129.0,,129.0,99.0,44.0,Estimate
1996,2010,CREEDE CONSOLIDATED 1,Mineral,079,district,14.1,published,14.1,,2.0,school_panel,2.0,2.0,150.0,,150.0,110.0,44.0,Estimate
1997,2010,CREEDE CONSOLIDATED 1,Mineral,079,district,15.3,published,15.3,,2.0,school_panel,2.0,2.0,147.0,,147.0,112.0,42.0,Estimate
1998,2010,CREEDE CONSOLIDATED 1,Mineral,079,district,19.1,published,19.1,,2.0,school_panel,2.0,2.0,158.0,,158.0,120.0,41.0,Estimate
1999,2010,CREEDE CONSOLIDATED 1,Mineral,079,district,,,,,2.0,school_panel,2.0,2.0,153.0,,153.0,128.0,37.0,Estimate
2000,2010,CREEDE CONSOLIDATED 1,Mineral,079,district,18.1592,school_sum,,18.1592,2.0,school_panel,,2.0,,,163.0,133.0,37.0,Estimate
2001,2010,CREEDE CONSOLIDATED 1,Mineral,079,district,17.4483,school_sum,,17.4483,2.0,school_panel,,2.0,80.0,80.0,155.0,135.0,32.0,Estimate
2002,2010,CREEDE CONSOLIDATED 1,Mineral,079,district,16.7965,school_sum,,16.7965,2.0,school_panel,,2.0,76.0,76.0,159.0,120.0,23.0,Estimate
2003,2010,CREEDE CONSOLIDATED 1,Mineral,079,district,17.0572,school_sum,,17.0572,2.0,school_panel,,2.0,177.0,177.0,177.0,120.0,27.0,Estimate
2004,2010,CREEDE CONSOLIDATED 1,Mineral,079,district,18.013,school_sum,,18.013,2.0,school_panel,,2.0,158.0,158.0,158.0,130.0,31.0,Estimate
2005,2010,CREEDE CONSOLIDATED 1,Mineral,079,district,20.3189,school_sum,,20.3189,2.0,school_panel,,2.0,149.0,149.0,149.0,103.0,24.0,Estimate
2006,2010,CREEDE CONSOLIDATED 1,Mineral,079,district,16.9694,school_sum,,16.9694,2.0,school_panel,,2.0,136.0,136.0,136.0,98.0,21.0,Estimate
2007,2010,CREEDE CONSOLIDATED 1,Mineral,079,district,17.9106,school_sum,,17.9106,2.0,school_panel,,2.0,123.0,123.0,123.0,96.0,18.0,Estimate
2008,2010,CREEDE SCHOOL DISTRICT,Mineral,079,district,18.3529,school_sum,,18.3529,2.0,school_panel,,2.0,115.0,115.0,115.0,80.0,15.0,Estimate
2009,2010,CREEDE SCHOOL DISTRICT,Mineral,079,district,18.0001,school_sum,,18.0001,2.0,school_panel,,2.0,101.0,101.0,101.0,74.0,15.0,Estimate
2010,2010,CREEDE CONSOLIDATED 1,Mineral,079,district,17.15,published,17.15,17.15,2.0,school_panel,,2.0,92.0,92.0,92.0,84.0,22.0,Estimate
2011,2010,CREEDE SCHOOL DISTRICT,Mineral,079,district,6.51,school_sum,,6.51,2.0,school_panel,,2.0,81.0,81.0,81.0,81.0,25.0,Estimate
2012,2010,CREEDE SCHOOL DISTRICT,Mineral,079,district,13.79,school_sum,,13.79,2.0,school_panel,,2.0,78.0,78.0,78.0,72.0,30.0,Estimate
2013,2010,CREEDE SCHOOL DISTRICT,Mineral,079,district,15.33,school_sum,,15.33,2.0,school_panel,,2.0,80.0,80.0,80.0,66.0,30.0,Estimate
2014,2010,CREEDE SCHOOL DISTRICT,Mineral,079,district,12.3801,school_sum,,12.3801,2.0,school_panel,,2.0,77.0,77.0,77.0,62.0,29.0,Estimate
2015,2010,CREEDE SCHOOL DISTRICT,Mineral,079,district,10.92,school_sum,,10.92,1.0,school_panel,,1.0,84.0,84.0,84.0,70.0,27.0,Estimate
2016,2010,CREEDE SCHOOL DISTRICT,Mineral,079,district,11.0,published,11.0,11.0,1.0,school_panel,,1.0,81.0,81.0,81.0,80.0,29.0,Estimate
2017,2010,,Mineral,079,,,,,,1.0,school_panel,,1.0,80.0,80.0,80.0,62.0,25.0,Estimate
2018,2010,CREEDE SCHOOL DISTRICT,Mineral,079,district,14.56,published,14.56,13.56,1.0,school_panel,,1.0,95.0,95.0,95.0,77.0,33.0,Estimate
2019,2010,Creede School District,Mineral,079,district,13.1,school_sum,,13.1,1.0,school_panel,,1.0,81.0,81.0,81.0,75.0,34.0,Estimate
2020,2010,,Mineral,079,,,,,,1.0,school_panel,,1.0,81.0,81.0,81.0,82.0,42.0,Estimate
2021,2010,,Mineral,079,,,,,,1.0,school_panel,,1.0,78.0,78.0,78.0,95.0,43.0,Estimate
2022,2010,Creede School District,Mineral,079,district,13.1,published,13.1,13.1,1.0,school_panel,,1.0,86.0,86.0,86.0,101.0,41.0,Estimate
2023,2010,Creede School District,Mineral,079,district,13.3,published,13.3,13.3,1.0,school_panel,,1.0,95.0,95.0,95.0,109.0,37.0,Estimate
2024,2010,Creede School District,Mineral,079,district,15.4,published,15.4,15.4,1.0,school_panel,,1.0,92.0,92.0,92.0,115.0,37.0,Estimate
1990,2020,MOFFAT COUNTY RE:NO 1,Moffat,081,district,142.4,published,142.4,,9.0,school_panel,9.0,9.0,2656.0,,2656.0,2699.0,992.0,Estimate
1991,2020,MOFFAT COUNTY RE:NO 1,Moffat,081,district,145.3,published,145.3,,8.0,school_panel,8.0,8.0,2675.0,,2675.0,2692.0,972.0,Estimate
1992,2020,MOFFAT COUNTY RE:NO 1,Moffat,081,district,145.0,published,145.0,,8.0,school_panel,8.0,8.0,2762.0,,2762.0,2726.0,969.0,Estimate
1993,2020,MOFFAT COUNTY RE:NO 1,Moffat,081,district,146.8,published,146.8,,8.0,school_panel,8.0,8.0,2764.0,,2764.0,2723.0,955.0,Estimate
1994,2020,MOFFAT COUNTY RE:NO 1,Moffat,081,district,146.4,published,146.4,,8.0,school_panel,8.0,8.0,2847.0,,2847.0,2741.0,949.0,Estimate
1995,2020,MOFFAT COUNTY RE:NO 1,Moffat,081,district,150.4,published,150.4,,8.0,school_panel,8.0,8.0,2815.0,,2815.0,2762.0,942.0,Estimate
1996,2020,MOFFAT COUNTY RE:NO 1,Moffat,081,district,148.8,published,148.8,,9.0,school_panel,9.0,9.0,2830.0,,2830.0,2758.0,924.0,Estimate
1997,2020,MOFFAT COUNTY RE:NO 1,Moffat,081,district,147.9,published,147.9,,9.0,school_panel,8.0,9.0,2832.0,,2832.0,2796.0,921.0,Estimate
1998,2020,MOFFAT COUNTY RE:NO 1,Moffat,081,district,156.7,published,156.7,,9.0,school_panel,9.0,9.0,2697.0,,2697.0,2823.0,915.0,Estimate
1999,2020,MOFFAT COUNTY RE:NO 1,Moffat,081,district,,,,,9.0,school_panel,9.0,9.0,2631.0,,2631.0,2841.0,905.0,Estimate
2000,2020,MOFFAT COUNTY RE:NO 1,Moffat,081,district,150.1411,school_sum,,150.1411,9.0,school_panel,,9.0,,,2575.0,2846.0,890.0,Estimate
2001,2020,MOFFAT COUNTY RE:NO 1,Moffat,081,district,145.9387,school_sum,,145.9387,9.0,school_panel,,9.0,2114.0,2114.0,2544.0,2777.0,868.0,Estimate
2002,2020,MOFFAT COUNTY RE:NO 1,Moffat,081,district,149.48,school_sum,,149.48,9.0,school_panel,,9.0,2173.0,2173.0,2582.0,2738.0,906.0,Estimate
2003,2020,MOFFAT COUNTY RE:NO 1,Moffat,081,district,146.8077,school_sum,,146.8077,9.0,school_panel,,9.0,2507.0,2507.0,2507.0,2687.0,922.0,Estimate
2004,2020,MOFFAT COUNTY RE:NO 1,Moffat,081,district,145.9655,school_sum,,145.9655,9.0,school_panel,,9.0,2402.0,2402.0,2402.0,2618.0,933.0,Estimate
2005,2020,MOFFAT COUNTY RE:NO 1,Moffat,081,district,148.2921,school_sum,,148.2921,9.0,school_panel,,9.0,2400.0,2400.0,2400.0,2548.0,932.0,Estimate
2006,2020,MOFFAT COUNTY RE:NO 1,Moffat,081,district,141.2391,school_sum,,141.2391,9.0,school_panel,,9.0,2395.0,2395.0,2395.0,2554.0,959.0,Estimate
2007,2020,MOFFAT COUNTY RE:NO 1,Moffat,081,district,142.2099,school_sum,,142.2099,8.0,school_panel,,8.0,2414.0,2414.0,2414.0,2579.0,974.0,Estimate
2008,2020,MOFFAT COUNTY RE:NO 1,Moffat,081,district,140.2254,school_sum,,140.2254,8.0,school_panel,,8.0,2386.0,2386.0,2386.0,2581.0,996.0,Estimate
2009,2020,MOFFAT COUNTY RE:NO 1,Moffat,081,district,144.7793,school_sum,,144.7793,8.0,school_panel,,8.0,2536.0,2536.0,2536.0,2596.0,1020.0,Estimate
2010,2020,MOFFAT COUNTY RE:NO 1,Moffat,081,district,145.882,published,145.882,145.882,8.0,school_panel,,8.0,2402.0,2402.0,2402.0,2656.0,1072.0,Estimate
2011,2020,MOFFAT COUNTY RE:NO 1,Moffat,081,district,131.32,school_sum,,131.32,8.0,school_panel,,8.0,2299.0,2299.0,2299.0,2602.0,1002.0,Estimate
2012,2020,MOFFAT COUNTY RE:NO 1,Moffat,081,district,133.82,school_sum,,133.82,8.0,school_panel,,8.0,2280.0,2280.0,2280.0,2579.0,925.0,Estimate
2013,2020,MOFFAT COUNTY RE:NO 1,Moffat,081,district,137.08,school_sum,,137.08,8.0,school_panel,,8.0,2241.0,2241.0,2241.0,2599.0,906.0,Estimate
2014,2020,MOFFAT COUNTY RE:NO 1,Moffat,081,district,133.7465,school_sum,,133.7465,8.0,school_panel,,8.0,2175.0,2175.0,2175.0,2573.0,876.0,Estimate
2015,2020,MOFFAT COUNTY RE:NO 1,Moffat,081,district,129.53,school_sum,,129.53,8.0,school_panel,,8.0,2200.0,2200.0,2192.0,2572.0,882.0,Estimate
2016,2020,MOFFAT COUNTY RE:NO 1,Moffat,081,district,130.03,published,130.03,129.61,8.0,school_panel,,8.0,2219.0,2219.0,2219.0,2597.0,904.0,Estimate
2017,2020,,Moffat,081,,,,,,8.0,school_panel,,8.0,2248.0,2248.0,2248.0,2563.0,917.0,Estimate
2018,2020,MOFFAT COUNTY RE:NO 1,Moffat,081,district,126.56,published,126.56,126.57,8.0,school_panel,,8.0,2307.0,2307.0,2307.0,2557.0,892.0,Estimate
2019,2020,Moffat County RE: No 1,Moffat,081,district,126.2,school_sum,,126.2,7.0,school_panel,,7.0,2202.0,2202.0,2202.0,2515.0,883.0,Estimate
2020,2020,,Moffat,081,,,,,,7.0,school_panel,,7.0,2068.0,2068.0,2068.0,2514.0,825.0,Estimate
2021,2020,,Moffat,081,,,,,,7.0,school_panel,,7.0,2118.0,2118.0,2090.0,2525.0,788.0,Estimate
2022,2020,Moffat County RE: No 1,Moffat,081,district,126.5,published,126.5,126.4,7.0,school_panel,,7.0,2121.0,2121.0,2092.0,2558.0,740.0,Estimate
2023,2020,Moffat County RE: No 1,Moffat,081,district,132.0,published,132.0,132.0,7.0,school_panel,,7.0,1916.0,1916.0,1915.0,2586.0,742.0,Estimate
2024,2020,Moffat County RE: No 1,Moffat,081,district,134.9,published,134.9,134.9,7.0,school_panel,,7.0,1821.0,1821.0,1821.0,2525.0,714.0,Estimate
1990,2035,MONTEZUMA-CORTEZ RE-1,Montezuma,083,district,185.6,published,185.6,,11.0,school_panel,11.0,11.0,3257.0,,3257.0,4264.0,1592.0,Estimate
1991,2035,MONTEZUMA-CORTEZ RE-1,Montezuma,083,district,192.5,published,192.5,,11.0,school_panel,11.0,11.0,3254.0,,3254.0,4301.0,1587.0,Estimate
1992,2035,MONTEZUMA-CORTEZ RE-1,Montezuma,083,district,191.2,published,191.2,,12.0,school_panel,11.0,12.0,3271.0,,3271.0,4388.0,1603.0,Estimate
1993,2035,MONTEZUMA-CORTEZ RE-1,Montezuma,083,district,190.7,published,190.7,,12.0,school_panel,11.0,12.0,3408.0,,3408.0,4565.0,1648.0,Estimate
1994,2035,MONTEZUMA-CORTEZ RE-1,Montezuma,083,district,199.7,published,199.7,,13.0,school_panel,11.0,13.0,3392.0,,3392.0,4684.0,1678.0,Estimate
1995,2035,MONTEZUMA-CORTEZ RE-1,Montezuma,083,district,198.9,published,198.9,,12.0,school_panel,11.0,12.0,3492.0,,3492.0,4802.0,1702.0,Estimate
1996,2035,MONTEZUMA-CORTEZ RE-1,Montezuma,083,district,200.5,published,200.5,,12.0,school_panel,11.0,12.0,3541.0,,3541.0,4858.0,1701.0,Estimate
1997,2035,MONTEZUMA-CORTEZ RE-1,Montezuma,083,district,201.1,published,201.1,,12.0,school_panel,11.0,12.0,3436.0,,3436.0,4874.0,1689.0,Estimate
1998,2035,MONTEZUMA-CORTEZ RE-1,Montezuma,083,district,212.8,published,212.8,,12.0,school_panel,12.0,12.0,3513.0,,3513.0,4854.0,1661.0,Estimate
1999,2035,MONTEZUMA-CORTEZ RE-1,Montezuma,083,district,,,,,13.0,school_panel,13.0,13.0,3474.0,,3474.0,4886.0,1652.0,Estimate
2000,2035,MONTEZUMA-CORTEZ RE-1,Montezuma,083,district,223.7685,school_sum,,223.7685,13.0,school_panel,,13.0,,,3448.0,4903.0,1636.0,Estimate
2001,2035,MONTEZUMA-CORTEZ RE-1,Montezuma,083,district,222.4405,school_sum,,222.4405,13.0,school_panel,,13.0,3194.0,3194.0,3350.0,4805.0,1613.0,Estimate
2002,2035,MONTEZUMA-CORTEZ RE-1,Montezuma,083,district,216.5676,school_sum,,216.5676,13.0,school_panel,,13.0,3221.0,3221.0,3380.0,4789.0,1619.0,Estimate
2003,2035,MONTEZUMA-CORTEZ RE-1,Montezuma,083,district,211.0081,school_sum,,211.0081,13.0,school_panel,,13.0,3346.0,3346.0,3346.0,4686.0,1651.0,Estimate
2004,2035,MONTEZUMA-CORTEZ RE-1,Montezuma,083,district,205.4531,school_sum,,205.4531,13.0,school_panel,,13.0,3363.0,3363.0,3363.0,4676.0,1626.0,Estimate
2005,2035,MONTEZUMA-CORTEZ RE-1,Montezuma,083,district,212.1729,school_sum,,212.1729,13.0,school_panel,,13.0,3253.0,3253.0,3253.0,4619.0,1591.0,Estimate
2006,2035,MONTEZUMA-CORTEZ RE-1,Montezuma,083,district,212.435,school_sum,,212.435,13.0,school_panel,,13.0,3067.0,3067.0,3067.0,4581.0,1607.0,Estimate
2007,2035,MONTEZUMA-CORTEZ RE-1,Montezuma,083,district,188.3168,school_sum,,188.3168,11.0,school_panel,,11.0,3028.0,3028.0,3028.0,4514.0,1603.0,Estimate
2008,2035,MONTEZUMA-CORTEZ RE-1,Montezuma,083,district,198.3713,school_sum,,198.3713,11.0,school_panel,,11.0,3085.0,3085.0,3085.0,4400.0,1592.0,Estimate
2009,2035,MONTEZUMA-CORTEZ RE-1,Montezuma,083,district,194.8718,school_sum,,194.8718,10.0,school_panel,,10.0,2946.0,2946.0,2946.0,4377.0,1601.0,Estimate
2010,2035,MONTEZUMA-CORTEZ RE-1,Montezuma,083,district,184.691,published,184.691,182.628,10.0,school_panel,,10.0,2929.0,2929.0,2929.0,4349.0,1614.0,Estimate
2011,2035,MONTEZUMA-CORTEZ RE-1,Montezuma,083,district,174.13,school_sum,,174.13,10.0,school_panel,,10.0,2830.0,2830.0,2830.0,4275.0,1613.0,Estimate
2012,2035,MONTEZUMA-CORTEZ RE-1,Montezuma,083,district,167.14,school_sum,,167.14,10.0,school_panel,,10.0,2753.0,2753.0,2753.0,4286.0,1549.0,Estimate
2013,2035,MONTEZUMA-CORTEZ RE-1,Montezuma,083,district,165.92,school_sum,,165.92,10.0,school_panel,,10.0,2837.0,2837.0,2837.0,4279.0,1527.0,Estimate
2014,2035,MONTEZUMA-CORTEZ RE-1,Montezuma,083,district,167.632,school_sum,,167.632,11.0,school_panel,,11.0,2787.0,2787.0,2787.0,4266.0,1531.0,Estimate
2015,2035,MONTEZUMA-CORTEZ RE-1,Montezuma,083,district,163.06,school_sum,,163.06,11.0,school_panel,,11.0,2782.0,2782.0,2782.0,4247.0,1543.0,Estimate
2016,2035,MONTEZUMA-CORTEZ RE-1,Montezuma,083,district,169.0,published,169.0,169.01,11.0,school_panel,,11.0,2822.0,2822.0,2822.0,4211.0,1532.0,Estimate
2017,2035,,Montezuma,083,,,,,,11.0,school_panel,,11.0,2784.0,2784.0,2784.0,4198.0,1493.0,Estimate
2018,2035,MONTEZUMA-CORTEZ RE-1,Montezuma,083,district,172.86,published,172.86,172.88,11.0,school_panel,,11.0,2778.0,2778.0,2778.0,4158.0,1483.0,Estimate
2019,2035,Montezuma-Cortez RE-1,Montezuma,083,district,178.4,school_sum,,178.4,11.0,school_panel,,11.0,2779.0,2779.0,2779.0,4153.0,1404.0,Estimate
2020,2035,,Montezuma,083,,,,,,11.0,school_panel,,11.0,2607.0,2607.0,2607.0,4106.0,1358.0,Estimate
2021,2035,,Montezuma,083,,,,,,11.0,school_panel,,11.0,2618.0,2618.0,2607.0,4124.0,1331.0,Estimate
2022,2035,Montezuma-Cortez RE-1,Montezuma,083,district,147.0,published,147.0,146.9,10.0,school_panel,,10.0,2461.0,2461.0,2449.0,4129.0,1321.0,Estimate
2023,2035,Montezuma-Cortez RE-1,Montezuma,083,district,164.29999999999998,published,164.29999999999998,164.3,10.0,school_panel,,10.0,2430.0,2517.0,2505.0,4154.0,1267.0,Estimate
2024,2035,Montezuma-Cortez RE-1,Montezuma,083,district,150.2,published,150.2,150.3,10.0,school_panel,,10.0,2386.0,2386.0,2380.0,4160.0,1252.0,Estimate
1990,2055,,Montezuma,083,,,,,,3.0,school_panel,,3.0,,,589.0,4264.0,1592.0,Estimate
1991,2055,DOLORES RE-4A,Montezuma,083,district,37.0,published,37.0,,3.0,school_panel,3.0,3.0,601.0,,601.0,4301.0,1587.0,Estimate
1992,2055,DOLORES RE-4A,Montezuma,083,district,36.5,published,36.5,,4.0,school_panel,3.0,4.0,629.0,,629.0,4388.0,1603.0,Estimate
1993,2055,DOLORES RE-4A,Montezuma,083,district,41.3,published,41.3,,4.0,school_panel,3.0,4.0,642.0,,642.0,4565.0,1648.0,Estimate
1994,2055,DOLORES RE-4A,Montezuma,083,district,40.5,published,40.5,,4.0,school_panel,3.0,4.0,646.0,,646.0,4684.0,1678.0,Estimate
1995,2055,DOLORES RE-4A,Montezuma,083,district,38.8,published,38.8,,4.0,school_panel,3.0,4.0,678.0,,678.0,4802.0,1702.0,Estimate
1996,2055,DOLORES RE-4A,Montezuma,083,district,41.8,published,41.8,,4.0,school_panel,3.0,4.0,678.0,,678.0,4858.0,1701.0,Estimate
1997,2055,DOLORES RE-4A,Montezuma,083,district,42.3,published,42.3,,4.0,school_panel,3.0,4.0,672.0,,672.0,4874.0,1689.0,Estimate
1998,2055,DOLORES RE-4A,Montezuma,083,district,46.1,published,46.1,,4.0,school_panel,4.0,4.0,638.0,,638.0,4854.0,1661.0,Estimate
1999,2055,DOLORES RE-4A,Montezuma,083,district,,,,,4.0,school_panel,4.0,4.0,656.0,,656.0,4886.0,1652.0,Estimate
2000,2055,DOLORES RE-4A,Montezuma,083,district,48.0001,school_sum,,48.0001,4.0,school_panel,,4.0,,,693.0,4903.0,1636.0,Estimate
2001,2055,DOLORES RE-4A,Montezuma,083,district,47.6138,school_sum,,47.6138,4.0,school_panel,,4.0,711.0,711.0,711.0,4805.0,1613.0,Estimate
2002,2055,DOLORES RE-4A,Montezuma,083,district,50.3075,school_sum,,50.3075,4.0,school_panel,,4.0,797.0,797.0,797.0,4789.0,1619.0,Estimate
2003,2055,DOLORES RE-4A,Montezuma,083,district,54.1194,school_sum,,54.1194,4.0,school_panel,,4.0,781.0,781.0,781.0,4686.0,1651.0,Estimate
2004,2055,DOLORES RE-4A,Montezuma,083,district,50.8069,school_sum,,50.8069,4.0,school_panel,,4.0,742.0,742.0,742.0,4676.0,1626.0,Estimate
2005,2055,DOLORES RE-4A,Montezuma,083,district,52.8792,school_sum,,52.8792,4.0,school_panel,,4.0,765.0,765.0,765.0,4619.0,1591.0,Estimate
2006,2055,DOLORES RE-4A,Montezuma,083,district,55.9772,school_sum,,55.9772,4.0,school_panel,,4.0,756.0,756.0,756.0,4581.0,1607.0,Estimate
2007,2055,DOLORES RE-4A,Montezuma,083,district,52.4489,school_sum,,52.4489,4.0,school_panel,,4.0,734.0,734.0,734.0,4514.0,1603.0,Estimate
2008,2055,DOLORES RE-4A,Montezuma,083,district,50.3614,school_sum,,50.3614,4.0,school_panel,,4.0,735.0,735.0,735.0,4400.0,1592.0,Estimate
2009,2055,DOLORES RE-4A,Montezuma,083,district,51.7288,school_sum,,51.7288,4.0,school_panel,,4.0,710.0,710.0,710.0,4377.0,1601.0,Estimate
2010,2055,DOLORES RE-4A,Montezuma,083,district,50.989,published,50.989,50.99,4.0,school_panel,,4.0,689.0,689.0,689.0,4349.0,1614.0,Estimate
2011,2055,DOLORES RE-4A,Montezuma,083,district,47.6,school_sum,,47.6,4.0,school_panel,,4.0,722.0,722.0,722.0,4275.0,1613.0,Estimate
2012,2055,DOLORES RE-4A,Montezuma,083,district,50.0,school_sum,,50.0,4.0,school_panel,,4.0,784.0,784.0,784.0,4286.0,1549.0,Estimate
2013,2055,DOLORES RE-4A,Montezuma,083,district,49.21,school_sum,,49.21,4.0,school_panel,,4.0,775.0,775.0,775.0,4279.0,1527.0,Estimate
2014,2055,DOLORES RE-4A,Montezuma,083,district,52.3711,school_sum,,52.3711,4.0,school_panel,,4.0,796.0,796.0,796.0,4266.0,1531.0,Estimate
2015,2055,DOLORES RE-4A,Montezuma,083,district,53.61,school_sum,,53.61,4.0,school_panel,,4.0,790.0,790.0,790.0,4247.0,1543.0,Estimate
2016,2055,DOLORES RE-4A,Montezuma,083,district,52.38,published,52.38,52.39,4.0,school_panel,,4.0,733.0,733.0,733.0,4211.0,1532.0,Estimate
2017,2055,,Montezuma,083,,,,,,4.0,school_panel,,4.0,749.0,749.0,749.0,4198.0,1493.0,Estimate
2018,2055,DOLORES RE-4A,Montezuma,083,district,54.37,published,54.37,54.34,3.0,school_panel,,3.0,718.0,718.0,718.0,4158.0,1483.0,Estimate
2019,2055,Dolores RE-4A,Montezuma,083,district,52.1,school_sum,,52.1,3.0,school_panel,,3.0,692.0,692.0,692.0,4153.0,1404.0,Estimate
2020,2055,,Montezuma,083,,,,,,3.0,school_panel,,3.0,669.0,669.0,669.0,4106.0,1358.0,Estimate
2021,2055,,Montezuma,083,,,,,,4.0,school_panel,,4.0,726.0,726.0,726.0,4124.0,1331.0,Estimate
2022,2055,Dolores RE-4A,Montezuma,083,district,49.5,published,49.5,49.5,4.0,school_panel,,4.0,683.0,683.0,683.0,4129.0,1321.0,Estimate
2023,2055,Dolores RE-4A,Montezuma,083,district,50.0,published,50.0,50.0,4.0,school_panel,,4.0,680.0,680.0,680.0,4154.0,1267.0,Estimate
2024,2055,Dolores RE-4A,Montezuma,083,district,52.8,published,52.8,52.8,4.0,school_panel,,4.0,668.0,668.0,668.0,4160.0,1252.0,Estimate
1990,2070,MANCOS RE-6,Montezuma,083,district,33.0,published,33.0,,3.0,school_panel,3.0,3.0,442.0,,442.0,4264.0,1592.0,Estimate
1991,2070,MANCOS RE-6,Montezuma,083,district,35.0,published,35.0,,3.0,school_panel,3.0,3.0,487.0,,487.0,4301.0,1587.0,Estimate
1992,2070,MANCOS RE-6,Montezuma,083,district,36.0,published,36.0,,3.0,school_panel,3.0,3.0,534.0,,534.0,4388.0,1603.0,Estimate
1993,2070,MANCOS RE-6,Montezuma,083,district,33.7,published,33.7,,3.0,school_panel,3.0,3.0,535.0,,535.0,4565.0,1648.0,Estimate
1994,2070,MANCOS RE-6,Montezuma,083,district,35.1,published,35.1,,3.0,school_panel,3.0,3.0,576.0,,576.0,4684.0,1678.0,Estimate
1995,2070,MANCOS RE-6,Montezuma,083,district,37.0,published,37.0,,3.0,school_panel,3.0,3.0,563.0,,563.0,4802.0,1702.0,Estimate
1996,2070,MANCOS RE-6,Montezuma,083,district,37.5,published,37.5,,3.0,school_panel,3.0,3.0,544.0,,544.0,4858.0,1701.0,Estimate
1997,2070,MANCOS RE-6,Montezuma,083,district,36.5,published,36.5,,3.0,school_panel,3.0,3.0,524.0,,524.0,4874.0,1689.0,Estimate
1998,2070,MANCOS RE-6,Montezuma,083,district,37.3,published,37.3,,3.0,school_panel,3.0,3.0,551.0,,551.0,4854.0,1661.0,Estimate
1999,2070,MANCOS RE-6,Montezuma,083,district,,,,,3.0,school_panel,3.0,3.0,507.0,,507.0,4886.0,1652.0,Estimate
2000,2070,MANCOS RE-6,Montezuma,083,district,35.5,school_sum,,35.5,3.0,school_panel,,3.0,,,480.0,4903.0,1636.0,Estimate
2001,2070,MANCOS RE-6,Montezuma,083,district,36.0,school_sum,,36.0,3.0,school_panel,,3.0,473.0,473.0,473.0,4805.0,1613.0,Estimate
2002,2070,MANCOS RE-6,Montezuma,083,district,35.25,school_sum,,35.25,3.0,school_panel,,3.0,461.0,461.0,461.0,4789.0,1619.0,Estimate
2003,2070,MANCOS RE-6,Montezuma,083,district,31.5002,school_sum,,31.5002,3.0,school_panel,,3.0,417.0,417.0,417.0,4686.0,1651.0,Estimate
2004,2070,MANCOS RE-6,Montezuma,083,district,35.5002,school_sum,,35.5002,3.0,school_panel,,3.0,430.0,430.0,430.0,4676.0,1626.0,Estimate
2005,2070,MANCOS RE-6,Montezuma,083,district,36.25,school_sum,,36.25,3.0,school_panel,,3.0,414.0,414.0,414.0,4619.0,1591.0,Estimate
2006,2070,MANCOS RE-6,Montezuma,083,district,34.6162,school_sum,,34.6162,3.0,school_panel,,3.0,422.0,422.0,422.0,4581.0,1607.0,Estimate
2007,2070,MANCOS RE-6,Montezuma,083,district,30.0279,school_sum,,30.0279,3.0,school_panel,,3.0,404.0,404.0,404.0,4514.0,1603.0,Estimate
2008,2070,MANCOS RE-6,Montezuma,083,district,29.6357,school_sum,,29.6357,3.0,school_panel,,3.0,368.0,368.0,368.0,4400.0,1592.0,Estimate
2009,2070,MANCOS RE-6,Montezuma,083,district,30.483,school_sum,,30.483,3.0,school_panel,,3.0,373.0,373.0,373.0,4377.0,1601.0,Estimate
2010,2070,MANCOS RE-6,Montezuma,083,district,31.278,published,31.278,31.278,3.0,school_panel,,3.0,369.0,369.0,369.0,4349.0,1614.0,Estimate
2011,2070,MANCOS RE-6,Montezuma,083,district,29.79,school_sum,,29.79,3.0,school_panel,,3.0,374.0,374.0,374.0,4275.0,1613.0,Estimate
2012,2070,MANCOS RE-6,Montezuma,083,district,27.53,school_sum,,27.53,4.0,school_panel,,4.0,396.0,396.0,396.0,4286.0,1549.0,Estimate
2013,2070,MANCOS RE-6,Montezuma,083,district,30.45,school_sum,,30.45,4.0,school_panel,,4.0,416.0,416.0,416.0,4279.0,1527.0,Estimate
2014,2070,MANCOS RE-6,Montezuma,083,district,35.0227,school_sum,,35.0227,4.0,school_panel,,4.0,455.0,455.0,455.0,4266.0,1531.0,Estimate
2015,2070,MANCOS RE-6,Montezuma,083,district,36.44,school_sum,,36.44,4.0,school_panel,,4.0,496.0,496.0,496.0,4247.0,1543.0,Estimate
2016,2070,MANCOS RE-6,Montezuma,083,district,32.55,published,32.55,32.54,4.0,school_panel,,4.0,501.0,501.0,501.0,4211.0,1532.0,Estimate
2017,2070,,Montezuma,083,,,,,,4.0,school_panel,,4.0,500.0,500.0,500.0,4198.0,1493.0,Estimate
2018,2070,MANCOS RE-6,Montezuma,083,district,35.51,published,35.51,35.51,4.0,school_panel,,4.0,497.0,497.0,497.0,4158.0,1483.0,Estimate
2019,2070,Mancos Re-6,Montezuma,083,district,34.4,school_sum,,34.4,4.0,school_panel,,4.0,507.0,507.0,507.0,4153.0,1404.0,Estimate
2020,2070,,Montezuma,083,,,,,,4.0,school_panel,,4.0,465.0,465.0,465.0,4106.0,1358.0,Estimate
2021,2070,,Montezuma,083,,,,,,4.0,school_panel,,4.0,485.0,485.0,485.0,4124.0,1331.0,Estimate
2022,2070,Mancos Re-6,Montezuma,083,district,33.6,published,33.6,33.6,4.0,school_panel,,4.0,509.0,509.0,509.0,4129.0,1321.0,Estimate
2023,2070,Mancos Re-6,Montezuma,083,district,34.099999999999994,published,34.099999999999994,34.1,4.0,school_panel,,4.0,486.0,521.0,521.0,4154.0,1267.0,Estimate
2024,2070,Mancos Re-6,Montezuma,083,district,34.6,published,34.6,34.5,4.0,school_panel,,4.0,511.0,511.0,511.0,4160.0,1252.0,Estimate
1990,2180,MONTROSE COUNTY RE-1J,Montrose,085,district,248.3,published,248.3,,13.0,school_panel,13.0,13.0,4488.0,,4488.0,5123.0,1640.0,Estimate
1991,2180,MONTROSE COUNTY RE-1J,Montrose,085,district,264.3,published,264.3,,13.0,school_panel,13.0,13.0,4607.0,,4607.0,5245.0,1690.0,Estimate
1992,2180,MONTROSE COUNTY RE-1J,Montrose,085,district,256.6,published,256.6,,13.0,school_panel,12.0,13.0,4731.0,,4731.0,5417.0,1756.0,Estimate
1993,2180,MONTROSE COUNTY RE-1J,Montrose,085,district,251.2,published,251.2,,13.0,school_panel,12.0,13.0,4889.0,,4889.0,5615.0,1831.0,Estimate
1994,2180,MONTROSE COUNTY RE-1J,Montrose,085,district,267.4,published,267.4,,13.0,school_panel,12.0,13.0,5078.0,,5078.0,5841.0,1916.0,Estimate
1995,2180,MONTROSE COUNTY RE-1J,Montrose,085,district,285.8,published,285.8,,13.0,school_panel,12.0,13.0,5165.0,,5165.0,6052.0,1997.0,Estimate
1996,2180,MONTROSE COUNTY RE-1J,Montrose,085,district,289.4,published,289.4,,14.0,school_panel,12.0,14.0,5326.0,,5326.0,6190.0,2056.0,Estimate
1997,2180,MONTROSE COUNTY RE-1J,Montrose,085,district,302.4,published,302.4,,13.0,school_panel,12.0,13.0,5266.0,,5266.0,6319.0,2110.0,Estimate
1998,2180,MONTROSE COUNTY RE-1J,Montrose,085,district,310.5,published,310.5,,14.0,school_panel,14.0,14.0,5338.0,,5338.0,6408.0,2154.0,Estimate
1999,2180,MONTROSE COUNTY RE-1J,Montrose,085,district,,,,,14.0,school_panel,14.0,14.0,5344.0,,5344.0,6561.0,2220.0,Estimate
2000,2180,MONTROSE COUNTY RE-1J,Montrose,085,district,299.3521,school_sum,,299.3521,14.0,school_panel,,14.0,,,5397.0,6698.0,2280.0,Estimate
2001,2180,MONTROSE COUNTY RE-1J,Montrose,085,district,320.5441,school_sum,,320.5441,14.0,school_panel,,14.0,4881.0,4881.0,5577.0,6734.0,2306.0,Estimate
2002,2180,MONTROSE COUNTY RE-1J,Montrose,085,district,328.8571,school_sum,,328.8571,14.0,school_panel,,14.0,4929.0,4929.0,5581.0,6764.0,2307.0,Estimate
2003,2180,MONTROSE COUNTY RE-1J,Montrose,085,district,329.586,school_sum,,329.586,14.0,school_panel,,14.0,5610.0,5610.0,5610.0,6816.0,2337.0,Estimate
2004,2180,MONTROSE COUNTY RE-1J,Montrose,085,district,347.6933,school_sum,,347.6933,15.0,school_panel,,15.0,5796.0,5796.0,5796.0,6841.0,2354.0,Estimate
2005,2180,MONTROSE COUNTY RE-1J,Montrose,085,district,359.1277,school_sum,,359.1277,14.0,school_panel,,14.0,5922.0,5922.0,5922.0,6926.0,2406.0,Estimate
2006,2180,MONTROSE COUNTY RE-1J,Montrose,085,district,360.655,school_sum,,360.655,14.0,school_panel,,14.0,6168.0,6168.0,6168.0,7056.0,2466.0,Estimate
2007,2180,MONTROSE COUNTY RE-1J,Montrose,085,district,378.7286,school_sum,,378.7286,14.0,school_panel,,14.0,6368.0,6368.0,6368.0,7249.0,2521.0,Estimate
2008,2180,MONTROSE COUNTY RE-1J,Montrose,085,district,384.9346,school_sum,,384.9346,14.0,school_panel,,14.0,6510.0,6510.0,6510.0,7372.0,2535.0,Estimate
2009,2180,MONTROSE COUNTY RE-1J,Montrose,085,district,374.0597,school_sum,,374.0597,14.0,school_panel,,14.0,6521.0,6521.0,6521.0,7442.0,2581.0,Estimate
2010,2180,MONTROSE COUNTY RE-1J,Montrose,085,district,375.852,published,375.852,368.225,14.0,school_panel,,14.0,6415.0,6411.0,6411.0,7515.0,2609.0,Estimate
2011,2180,MONTROSE COUNTY RE-1J,Montrose,085,district,333.41,school_sum,,333.41,15.0,school_panel,,15.0,6293.0,6293.0,6293.0,7489.0,2565.0,Estimate
2012,2180,MONTROSE COUNTY RE-1J,Montrose,085,district,345.46,school_sum,,345.46,16.0,school_panel,,16.0,6204.0,6204.0,6181.0,7454.0,2428.0,Estimate
2013,2180,MONTROSE COUNTY RE-1J,Montrose,085,district,342.37,school_sum,,342.37,15.0,school_panel,,15.0,6200.0,6200.0,6200.0,7394.0,2353.0,Estimate
2014,2180,MONTROSE COUNTY RE-1J,Montrose,085,district,367.7737,school_sum,,367.7737,15.0,school_panel,,15.0,6087.0,6087.0,6087.0,7319.0,2346.0,Estimate
2015,2180,MONTROSE COUNTY RE-1J,Montrose,085,district,354.14,school_sum,,354.14,15.0,school_panel,,15.0,6162.0,6162.0,6162.0,7233.0,2333.0,Estimate
2016,2180,MONTROSE COUNTY RE-1J,Montrose,085,district,344.5,published,344.5,341.46,15.0,school_panel,,15.0,6252.0,6252.0,6252.0,7181.0,2237.0,Estimate
2017,2180,,Montrose,085,,,,,,15.0,school_panel,,15.0,6260.0,6260.0,6260.0,7065.0,2289.0,Estimate
2018,2180,MONTROSE COUNTY RE-1J,Montrose,085,district,346.87,published,346.87,343.18,14.0,school_panel,,14.0,6154.0,6154.0,6154.0,7006.0,2287.0,Estimate
2019,2180,Montrose County RE-1J,Montrose,085,district,344.2,school_sum,,344.2,14.0,school_panel,,14.0,6215.0,6215.0,6215.0,6984.0,2178.0,Estimate
2020,2180,,Montrose,085,,,,,,14.0,school_panel,,14.0,5836.0,5836.0,5836.0,6989.0,2092.0,Estimate
2021,2180,,Montrose,085,,,,,,14.0,school_panel,,14.0,6061.0,6061.0,6055.0,6945.0,2081.0,Estimate
2022,2180,Montrose County RE-1J,Montrose,085,district,339.9,published,339.9,337.9,16.0,school_panel,,16.0,6035.0,6035.0,6029.0,6950.0,2046.0,Estimate
2023,2180,Montrose County RE-1J,Montrose,085,district,330.70000000000005,published,330.70000000000005,330.7,15.0,school_panel,,15.0,6038.0,6038.0,6029.0,6956.0,2002.0,Estimate
2024,2180,Montrose County RE-1J,Montrose,085,district,352.5,published,352.5,350.3,15.0,school_panel,,15.0,5991.0,5991.0,5977.0,6874.0,2053.0,Estimate
1990,2190,WEST END RE-2,Montrose,085,district,26.0,published,26.0,,3.0,school_panel,3.0,3.0,411.0,,411.0,5123.0,1640.0,Estimate
1991,2190,WEST END RE-2,Montrose,085,district,25.4,published,25.4,,3.0,school_panel,3.0,3.0,439.0,,439.0,5245.0,1690.0,Estimate
1992,2190,WEST END RE-2,Montrose,085,district,30.2,published,30.2,,3.0,school_panel,3.0,3.0,500.0,,500.0,5417.0,1756.0,Estimate
1993,2190,WEST END,Montrose,085,district,31.5,published,31.5,,3.0,school_panel,3.0,3.0,543.0,,543.0,5615.0,1831.0,Estimate
1994,2190,WEST END RE-2,Montrose,085,district,36.2,published,36.2,,4.0,school_panel,4.0,4.0,614.0,,614.0,5841.0,1916.0,Estimate
1995,2190,WEST END RE-2,Montrose,085,district,41.0,published,41.0,,4.0,school_panel,4.0,4.0,586.0,,586.0,6052.0,1997.0,Estimate
1996,2190,WEST END RE-2,Montrose,085,district,42.0,published,42.0,,4.0,school_panel,4.0,4.0,581.0,,581.0,6190.0,2056.0,Estimate
1997,2190,WEST END RE-2,Montrose,085,district,38.0,published,38.0,,4.0,school_panel,3.0,4.0,547.0,,547.0,6319.0,2110.0,Estimate
1998,2190,WEST END RE-2,Montrose,085,district,35.5,published,35.5,,3.0,school_panel,3.0,3.0,544.0,,544.0,6408.0,2154.0,Estimate
1999,2190,WEST END RE-2,Montrose,085,district,,,,,5.0,school_panel,5.0,5.0,498.0,,498.0,6561.0,2220.0,Estimate
2000,2190,WEST END RE-2,Montrose,085,district,33.958,school_sum,,33.958,5.0,school_panel,,5.0,,,448.0,6698.0,2280.0,Estimate
2001,2190,WEST END RE-2,Montrose,085,district,29.3915,school_sum,,29.3915,5.0,school_panel,,5.0,431.0,431.0,431.0,6734.0,2306.0,Estimate
2002,2190,WEST END RE-2,Montrose,085,district,26.375,school_sum,,26.375,5.0,school_panel,,5.0,416.0,416.0,416.0,6764.0,2307.0,Estimate
2003,2190,WEST END RE-2,Montrose,085,district,33.2544,school_sum,,33.2544,5.0,school_panel,,5.0,407.0,407.0,407.0,6816.0,2337.0,Estimate
2004,2190,WEST END RE-2,Montrose,085,district,28.1302,school_sum,,28.1302,5.0,school_panel,,5.0,402.0,402.0,402.0,6841.0,2354.0,Estimate
2005,2190,WEST END RE-2,Montrose,085,district,31.8902,school_sum,,31.8902,4.0,school_panel,,4.0,381.0,381.0,381.0,6926.0,2406.0,Estimate
2006,2190,WEST END RE-2,Montrose,085,district,29.5564,school_sum,,29.5564,3.0,school_panel,,3.0,353.0,353.0,353.0,7056.0,2466.0,Estimate
2007,2190,WEST END RE-2,Montrose,085,district,27.7254,school_sum,,27.7254,3.0,school_panel,,3.0,335.0,335.0,335.0,7249.0,2521.0,Estimate
2008,2190,WEST END RE-2,Montrose,085,district,27.6187,school_sum,,27.6187,3.0,school_panel,,3.0,345.0,345.0,345.0,7372.0,2535.0,Estimate
2009,2190,WEST END RE-2,Montrose,085,district,27.7803,school_sum,,27.7803,3.0,school_panel,,3.0,346.0,346.0,346.0,7442.0,2581.0,Estimate
2010,2190,WEST END RE-2,Montrose,085,district,25.161,published,25.161,25.161,3.0,school_panel,,3.0,347.0,347.0,347.0,7515.0,2609.0,Estimate
2011,2190,WEST END RE-2,Montrose,085,district,19.36,school_sum,,19.36,3.0,school_panel,,3.0,338.0,338.0,338.0,7489.0,2565.0,Estimate
2012,2190,WEST END RE-2,Montrose,085,district,23.6,school_sum,,23.6,3.0,school_panel,,3.0,292.0,292.0,292.0,7454.0,2428.0,Estimate
2013,2190,WEST END RE-2,Montrose,085,district,23.41,school_sum,,23.41,3.0,school_panel,,3.0,258.0,258.0,258.0,7394.0,2353.0,Estimate
2014,2190,WEST END RE-2,Montrose,085,district,25.0704,school_sum,,25.0704,3.0,school_panel,,3.0,274.0,274.0,274.0,7319.0,2346.0,Estimate
2015,2190,WEST END RE-2,Montrose,085,district,23.7,school_sum,,23.7,3.0,school_panel,,3.0,295.0,295.0,295.0,7233.0,2333.0,Estimate
2016,2190,WEST END RE-2,Montrose,085,district,20.61,published,20.61,20.94,3.0,school_panel,,3.0,299.0,299.0,299.0,7181.0,2237.0,Estimate
2017,2190,,Montrose,085,,,,,,4.0,school_panel,,4.0,317.0,317.0,317.0,7065.0,2289.0,Estimate
2018,2190,WEST END RE-2,Montrose,085,district,24.04,published,24.04,24.37,4.0,school_panel,,4.0,285.0,285.0,285.0,7006.0,2287.0,Estimate
2019,2190,West End RE-2,Montrose,085,district,23.2,school_sum,,23.2,4.0,school_panel,,4.0,272.0,272.0,272.0,6984.0,2178.0,Estimate
2020,2190,,Montrose,085,,,,,,4.0,school_panel,,4.0,266.0,266.0,266.0,6989.0,2092.0,Estimate
2021,2190,,Montrose,085,,,,,,4.0,school_panel,,4.0,272.0,272.0,272.0,6945.0,2081.0,Estimate
2022,2190,West End RE-2,Montrose,085,district,19.2,school_sum,,19.2,4.0,school_panel,,4.0,260.0,260.0,260.0,6950.0,2046.0,Estimate
2023,2190,West End RE-2,Montrose,085,district,18.4,published,18.4,18.4,3.0,school_panel,,3.0,256.0,256.0,256.0,6956.0,2002.0,Estimate
2024,2190,West End RE-2,Montrose,085,district,18.9,published,18.9,19.0,3.0,school_panel,,3.0,260.0,260.0,260.0,6874.0,2053.0,Estimate
1990,2395,BRUSH RE-2(J),Morgan,087,district,84.4,published,84.4,,4.0,school_panel,4.0,4.0,1366.0,,1366.0,4689.0,1873.0,Estimate
1991,2395,BRUSH RE-2(J),Morgan,087,district,88.0,published,88.0,,4.0,school_panel,4.0,4.0,1354.0,,1354.0,4844.0,1927.0,Estimate
1992,2395,BRUSH RE-2(J),Morgan,087,district,89.5,published,89.5,,4.0,school_panel,4.0,4.0,1418.0,,1418.0,5024.0,1993.0,Estimate
1993,2395,BRUSH RE-2(J),Morgan,087,district,91.2,published,91.2,,4.0,school_panel,4.0,4.0,1422.0,,1422.0,5201.0,2057.0,Estimate
1994,2395,BRUSH RE-2(J),Morgan,087,district,92.5,published,92.5,,4.0,school_panel,4.0,4.0,1490.0,,1490.0,5397.0,2130.0,Estimate
1995,2395,BRUSH RE-2(J),Morgan,087,district,94.5,published,94.5,,4.0,school_panel,4.0,4.0,1544.0,,1544.0,5477.0,2152.0,Estimate
1996,2395,BRUSH RE-2(J),Morgan,087,district,90.7,published,90.7,,4.0,school_panel,4.0,4.0,1568.0,,1568.0,5642.0,2208.0,Estimate
1997,2395,BRUSH RE-2(J),Morgan,087,district,98.6,published,98.6,,4.0,school_panel,4.0,4.0,1575.0,,1575.0,5789.0,2260.0,Estimate
1998,2395,BRUSH RE-2(J),Morgan,087,district,97.9,published,97.9,,4.0,school_panel,4.0,4.0,1568.0,,1568.0,5808.0,2260.0,Estimate
1999,2395,BRUSH RE-2(J),Morgan,087,district,,,,,4.0,school_panel,4.0,4.0,1566.0,,1566.0,5889.0,2285.0,Estimate
2000,2395,BRUSH RE-2(J),Morgan,087,district,100.5074,school_sum,,100.5074,4.0,school_panel,,4.0,,,1521.0,5973.0,2308.0,Estimate
2001,2395,BRUSH RE-2(J),Morgan,087,district,106.2569,school_sum,,106.2569,4.0,school_panel,,4.0,1087.0,1087.0,1568.0,5858.0,2339.0,Estimate
2002,2395,BRUSH RE-2(J),Morgan,087,district,109.7677,school_sum,,109.7677,4.0,school_panel,,4.0,1071.0,1071.0,1531.0,5828.0,2362.0,Estimate
2003,2395,BRUSH RE-2(J),Morgan,087,district,109.9999,school_sum,,109.9999,4.0,school_panel,,4.0,1588.0,1588.0,1588.0,5781.0,2400.0,Estimate
2004,2395,BRUSH RE-2(J),Morgan,087,district,106.5768,school_sum,,106.5768,4.0,school_panel,,4.0,1537.0,1537.0,1537.0,5715.0,2407.0,Estimate
2005,2395,BRUSH RE-2(J),Morgan,087,district,106.2622,school_sum,,106.2622,4.0,school_panel,,4.0,1514.0,1514.0,1514.0,5744.0,2371.0,Estimate
2006,2395,BRUSH RE-2(J),Morgan,087,district,104.2568,school_sum,,104.2568,4.0,school_panel,,4.0,1573.0,1573.0,1573.0,5748.0,2306.0,Estimate
2007,2395,BRUSH RE-2(J),Morgan,087,district,105.7192,school_sum,,105.7192,4.0,school_panel,,4.0,1552.0,1552.0,1552.0,5757.0,2234.0,Estimate
2008,2395,BRUSH RE-2(J),Morgan,087,district,79.412,school_sum,,79.412,4.0,school_panel,,4.0,1530.0,1530.0,1530.0,5695.0,2163.0,Estimate
2009,2395,BRUSH RE-2(J),Morgan,087,district,105.7366,school_sum,,105.7366,4.0,school_panel,,4.0,1486.0,1486.0,1486.0,5707.0,2147.0,Estimate
2010,2395,BRUSH RE-2(J),Morgan,087,district,99.324,published,99.324,76.349,4.0,school_panel,,4.0,1510.0,1510.0,1510.0,5684.0,2164.0,Estimate
2011,2395,BRUSH RE-2(J),Morgan,087,district,96.18,school_sum,,96.18,4.0,school_panel,,4.0,1501.0,1501.0,1501.0,5659.0,2228.0,Estimate
2012,2395,BRUSH RE-2(J),Morgan,087,district,100.22,school_sum,,100.22,4.0,school_panel,,4.0,1547.0,1547.0,1547.0,5552.0,2212.0,Estimate
2013,2395,BRUSH RE-2(J),Morgan,087,district,99.54,school_sum,,99.54,4.0,school_panel,,4.0,1564.0,1564.0,1564.0,5554.0,2168.0,Estimate
2014,2395,BRUSH RE-2(J),Morgan,087,district,90.5672,school_sum,,90.5672,4.0,school_panel,,4.0,1518.0,1518.0,1518.0,5538.0,2124.0,Estimate
2015,2395,BRUSH RE-2(J),Morgan,087,district,91.32,school_sum,,91.32,4.0,school_panel,,4.0,1484.0,1484.0,1484.0,5544.0,2145.0,Estimate
2016,2395,BRUSH RE-2(J),Morgan,087,district,94.14,published,94.14,94.14,4.0,school_panel,,4.0,1543.0,1543.0,1543.0,5538.0,2103.0,Estimate
2017,2395,,Morgan,087,,,,,,4.0,school_panel,,4.0,1506.0,1506.0,1506.0,5485.0,2109.0,Estimate
2018,2395,BRUSH RE-2(J),Morgan,087,district,98.08,published,98.08,98.09,4.0,school_panel,,4.0,1478.0,1478.0,1478.0,5541.0,2196.0,Estimate
2019,2395,Brush RE-2(J),Morgan,087,district,99.0,school_sum,,99.0,4.0,school_panel,,4.0,1429.0,1429.0,1429.0,5559.0,2175.0,Estimate
2020,2395,,Morgan,087,,,,,,4.0,school_panel,,4.0,1329.0,1329.0,1329.0,5619.0,2145.0,Estimate
2021,2395,,Morgan,087,,,,,,4.0,school_panel,,4.0,1394.0,1394.0,1394.0,5642.0,2097.0,Estimate
2022,2395,Brush RE-2(J),Morgan,087,district,96.5,published,96.5,96.5,4.0,school_panel,,4.0,1366.0,1366.0,1366.0,5714.0,2133.0,Estimate
2023,2395,Brush RE-2(J),Morgan,087,district,87.1,published,87.1,87.1,4.0,school_panel,,4.0,1430.0,1430.0,1429.0,5832.0,2087.0,Estimate
2024,2395,Brush RE-2(J),Morgan,087,district,83.1,published,83.1,83.2,4.0,school_panel,,4.0,1421.0,1421.0,1420.0,5934.0,2108.0,Estimate
1990,2405,FORT MORGAN RE-3,Morgan,087,district,163.1,published,163.1,,7.0,school_panel,7.0,7.0,2808.0,,2808.0,4689.0,1873.0,Estimate
1991,2405,FORT MORGAN RE-3,Morgan,087,district,162.8,published,162.8,,7.0,school_panel,7.0,7.0,2885.0,,2885.0,4844.0,1927.0,Estimate
1992,2405,FORT MORGAN RE-3,Morgan,087,district,170.3,published,170.3,,7.0,school_panel,7.0,7.0,2905.0,,2905.0,5024.0,1993.0,Estimate
1993,2405,FORT MORGAN RE-3,Morgan,087,district,168.4,published,168.4,,6.0,school_panel,6.0,6.0,2888.0,,2888.0,5201.0,2057.0,Estimate
1994,2405,FORT MORGAN RE-3,Morgan,087,district,179.9,published,179.9,,6.0,school_panel,6.0,6.0,2963.0,,2963.0,5397.0,2130.0,Estimate
1995,2405,FORT MORGAN RE-3,Morgan,087,district,185.1,published,185.1,,6.0,school_panel,6.0,6.0,2938.0,,2938.0,5477.0,2152.0,Estimate
1996,2405,FORT MORGAN RE-3,Morgan,087,district,189.3,published,189.3,,6.0,school_panel,6.0,6.0,3077.0,,3077.0,5642.0,2208.0,Estimate
1997,2405,FORT MORGAN RE-3,Morgan,087,district,194.2,published,194.2,,8.0,school_panel,8.0,8.0,3160.0,,3160.0,5789.0,2260.0,Estimate
1998,2405,FORT MORGAN RE-3,Morgan,087,district,200.5,published,200.5,,8.0,school_panel,8.0,8.0,3172.0,,3172.0,5808.0,2260.0,Estimate
1999,2405,FORT MORGAN RE-3,Morgan,087,district,,,,,8.0,school_panel,8.0,8.0,3222.0,,3222.0,5889.0,2285.0,Estimate
2000,2405,FORT MORGAN RE-3,Morgan,087,district,197.6922,school_sum,,197.6922,8.0,school_panel,,8.0,,,3194.0,5973.0,2308.0,Estimate
2001,2405,FORT MORGAN RE-3,Morgan,087,district,201.5628,school_sum,,201.5628,8.0,school_panel,,8.0,2860.0,2860.0,3350.0,5858.0,2339.0,Estimate
2002,2405,FORT MORGAN RE-3,Morgan,087,district,201.465,school_sum,,201.465,8.0,school_panel,,8.0,2769.0,2769.0,3278.0,5828.0,2362.0,Estimate
2003,2405,FORT MORGAN RE-3,Morgan,087,district,204.2017,school_sum,,204.2017,8.0,school_panel,,8.0,3294.0,3294.0,3294.0,5781.0,2400.0,Estimate
2004,2405,FORT MORGAN RE-3,Morgan,087,district,206.5057,school_sum,,206.5057,8.0,school_panel,,8.0,3267.0,3267.0,3267.0,5715.0,2407.0,Estimate
2005,2405,FORT MORGAN RE-3,Morgan,087,district,208.5701,school_sum,,208.5701,8.0,school_panel,,8.0,3249.0,3249.0,3249.0,5744.0,2371.0,Estimate
2006,2405,FORT MORGAN RE-3,Morgan,087,district,212.0,school_sum,,212.0,8.0,school_panel,,8.0,3277.0,3277.0,3277.0,5748.0,2306.0,Estimate
2007,2405,FORT MORGAN RE-3,Morgan,087,district,215.78,school_sum,,215.78,8.0,school_panel,,8.0,3117.0,3117.0,3117.0,5757.0,2234.0,Estimate
2008,2405,FORT MORGAN RE-3,Morgan,087,district,212.8247,school_sum,,212.8247,8.0,school_panel,,8.0,3223.0,3223.0,3223.0,5695.0,2163.0,Estimate
2009,2405,FORT MORGAN RE-3,Morgan,087,district,210.0571,school_sum,,210.0571,8.0,school_panel,,8.0,3232.0,3232.0,3232.0,5707.0,2147.0,Estimate
2010,2405,FORT MORGAN RE-3,Morgan,087,district,203.955,published,203.955,203.956,8.0,school_panel,,8.0,3204.0,3204.0,3204.0,5684.0,2164.0,Estimate
2011,2405,FORT MORGAN RE-3,Morgan,087,district,199.54,school_sum,,199.54,8.0,school_panel,,8.0,3194.0,3194.0,3194.0,5659.0,2228.0,Estimate
2012,2405,FORT MORGAN RE-3,Morgan,087,district,201.49,school_sum,,201.49,8.0,school_panel,,8.0,3153.0,3153.0,3153.0,5552.0,2212.0,Estimate
2013,2405,FORT MORGAN RE-3,Morgan,087,district,205.51,school_sum,,205.51,8.0,school_panel,,8.0,3205.0,3205.0,3205.0,5554.0,2168.0,Estimate
2014,2405,FORT MORGAN RE-3,Morgan,087,district,205.1872,school_sum,,205.1872,8.0,school_panel,,8.0,3200.0,3200.0,3200.0,5538.0,2124.0,Estimate
2015,2405,FORT MORGAN RE-3,Morgan,087,district,201.16,school_sum,,201.16,8.0,school_panel,,8.0,3142.0,3142.0,3142.0,5544.0,2145.0,Estimate
2016,2405,FORT MORGAN RE-3,Morgan,087,district,196.4,published,196.4,196.39,8.0,school_panel,,8.0,3213.0,3213.0,3213.0,5538.0,2103.0,Estimate
2017,2405,,Morgan,087,,,,,,8.0,school_panel,,8.0,3278.0,3278.0,3278.0,5485.0,2109.0,Estimate
2018,2405,FORT MORGAN RE-3,Morgan,087,district,199.96,published,199.96,199.94,8.0,school_panel,,8.0,3375.0,3375.0,3375.0,5541.0,2196.0,Estimate
2019,2405,Fort Morgan Re-3,Morgan,087,district,209.6,school_sum,,209.6,8.0,school_panel,,8.0,3473.0,3473.0,3473.0,5559.0,2175.0,Estimate
2020,2405,,Morgan,087,,,,,,8.0,school_panel,,8.0,3339.0,3339.0,3339.0,5619.0,2145.0,Estimate
2021,2405,,Morgan,087,,,,,,8.0,school_panel,,8.0,3381.0,3381.0,3381.0,5642.0,2097.0,Estimate
2022,2405,Fort Morgan Re-3,Morgan,087,district,213.9,published,213.9,213.9,9.0,school_panel,,9.0,3423.0,3423.0,3421.0,5714.0,2133.0,Estimate
2023,2405,Fort Morgan Re-3,Morgan,087,district,224.8,published,224.8,224.8,8.0,school_panel,,8.0,3427.0,3427.0,3427.0,5832.0,2087.0,Estimate
2024,2405,Fort Morgan Re-3,Morgan,087,district,229.7,published,229.7,228.7,8.0,school_panel,,8.0,3451.0,3451.0,3451.0,5934.0,2108.0,Estimate
1990,2505,WELDON VALLEY RE-20(J),Morgan,087,district,18.7,published,18.7,,3.0,school_panel,3.0,3.0,146.0,,146.0,4689.0,1873.0,Estimate
1991,2505,WELDON VALLEY RE-20(J),Morgan,087,district,15.0,published,15.0,,3.0,school_panel,3.0,3.0,133.0,,133.0,4844.0,1927.0,Estimate
1992,2505,WELDON VALLEY RE-20(J),Morgan,087,district,15.0,published,15.0,,3.0,school_panel,3.0,3.0,125.0,,125.0,5024.0,1993.0,Estimate
1993,2505,WELDON VALLEY RE-20(J),Morgan,087,district,15.6,published,15.6,,3.0,school_panel,3.0,3.0,116.0,,116.0,5201.0,2057.0,Estimate
1994,2505,WELDON VALLEY RE-20(J),Morgan,087,district,14.0,published,14.0,,3.0,school_panel,3.0,3.0,112.0,,112.0,5397.0,2130.0,Estimate
1995,2505,WELDON VALLEY RE-20(J),Morgan,087,district,16.0,published,16.0,,3.0,school_panel,3.0,3.0,136.0,,136.0,5477.0,2152.0,Estimate
1996,2505,WELDON VALLEY RE-20(J),Morgan,087,district,15.9,published,15.9,,3.0,school_panel,3.0,3.0,144.0,,144.0,5642.0,2208.0,Estimate
1997,2505,WELDON VALLEY RE-20(J),Morgan,087,district,17.2,published,17.2,,3.0,school_panel,3.0,3.0,157.0,,157.0,5789.0,2260.0,Estimate
1998,2505,WELDON VALLEY RE-20(J),Morgan,087,district,18.6,published,18.6,,3.0,school_panel,3.0,3.0,159.0,,159.0,5808.0,2260.0,Estimate
1999,2505,WELDON VALLEY RE-20(J),Morgan,087,district,,,,,3.0,school_panel,3.0,3.0,180.0,,180.0,5889.0,2285.0,Estimate
2000,2505,WELDON VALLEY RE-20(J),Morgan,087,district,19.226,school_sum,,19.226,3.0,school_panel,,3.0,,,196.0,5973.0,2308.0,Estimate
2001,2505,WELDON VALLEY RE-20(J),Morgan,087,district,18.2244,school_sum,,18.2244,3.0,school_panel,,3.0,71.0,71.0,203.0,5858.0,2339.0,Estimate
2002,2505,WELDON VALLEY RE-20(J),Morgan,087,district,18.216,school_sum,,18.216,3.0,school_panel,,3.0,59.0,59.0,205.0,5828.0,2362.0,Estimate
2003,2505,WELDON VALLEY RE-20(J),Morgan,087,district,18.1983,school_sum,,18.1983,3.0,school_panel,,3.0,210.0,210.0,210.0,5781.0,2400.0,Estimate
2004,2505,WELDON VALLEY RE-20(J),Morgan,087,district,18.1983,school_sum,,18.1983,3.0,school_panel,,3.0,215.0,215.0,215.0,5715.0,2407.0,Estimate
2005,2505,WELDON VALLEY RE-20(J),Morgan,087,district,18.2041,school_sum,,18.2041,3.0,school_panel,,3.0,206.0,206.0,206.0,5744.0,2371.0,Estimate
2006,2505,WELDON VALLEY RE-20(J),Morgan,087,district,18.2946,school_sum,,18.2946,3.0,school_panel,,3.0,207.0,207.0,207.0,5748.0,2306.0,Estimate
2007,2505,WELDON VALLEY RE-20(J),Morgan,087,district,18.4393,school_sum,,18.4393,3.0,school_panel,,3.0,225.0,225.0,225.0,5757.0,2234.0,Estimate
2008,2505,WELDON VALLEY RE-20(J),Morgan,087,district,18.1354,school_sum,,18.1354,3.0,school_panel,,3.0,221.0,221.0,221.0,5695.0,2163.0,Estimate
2009,2505,WELDON VALLEY RE-20(J),Morgan,087,district,17.2519,school_sum,,17.2519,3.0,school_panel,,3.0,211.0,211.0,211.0,5707.0,2147.0,Estimate
2010,2505,WELDON VALLEY RE-20(J),Morgan,087,district,17.252,published,17.252,17.252,3.0,school_panel,,3.0,222.0,222.0,222.0,5684.0,2164.0,Estimate
2011,2505,WELDON VALLEY RE-20(J),Morgan,087,district,17.25,school_sum,,17.25,3.0,school_panel,,3.0,212.0,212.0,212.0,5659.0,2228.0,Estimate
2012,2505,WELDON VALLEY RE-20(J),Morgan,087,district,16.72,school_sum,,16.72,3.0,school_panel,,3.0,210.0,210.0,210.0,5552.0,2212.0,Estimate
2013,2505,WELDON VALLEY RE-20(J),Morgan,087,district,16.78,school_sum,,16.78,3.0,school_panel,,3.0,221.0,221.0,221.0,5554.0,2168.0,Estimate
2014,2505,WELDON VALLEY RE-20(J),Morgan,087,district,16.2336,school_sum,,16.2336,3.0,school_panel,,3.0,244.0,244.0,244.0,5538.0,2124.0,Estimate
2015,2505,WELDON VALLEY RE-20(J),Morgan,087,district,17.11,school_sum,,17.11,3.0,school_panel,,3.0,247.0,247.0,247.0,5544.0,2145.0,Estimate
2016,2505,WELDON VALLEY RE-20(J),Morgan,087,district,18.0,published,18.0,18.0,2.0,school_panel,,2.0,230.0,230.0,230.0,5538.0,2103.0,Estimate
2017,2505,,Morgan,087,,,,,,2.0,school_panel,,2.0,234.0,234.0,234.0,5485.0,2109.0,Estimate
2018,2505,WELDON VALLEY RE-20(J),Morgan,087,district,17.38,published,17.38,17.38,2.0,school_panel,,2.0,211.0,211.0,211.0,5541.0,2196.0,Estimate
2019,2505,Weldon Valley RE-20(J),Morgan,087,district,18.2,school_sum,,18.2,2.0,school_panel,,2.0,214.0,214.0,214.0,5559.0,2175.0,Estimate
2020,2505,,Morgan,087,,,,,,2.0,school_panel,,2.0,213.0,213.0,213.0,5619.0,2145.0,Estimate
2021,2505,,Morgan,087,,,,,,2.0,school_panel,,2.0,225.0,225.0,225.0,5642.0,2097.0,Estimate
2022,2505,Weldon Valley RE-20(J),Morgan,087,district,19.5,published,19.5,19.5,2.0,school_panel,,2.0,235.0,235.0,235.0,5714.0,2133.0,Estimate
2023,2505,Weldon Valley RE-20(J),Morgan,087,district,18.1,published,18.1,18.1,2.0,school_panel,,2.0,209.0,209.0,209.0,5832.0,2087.0,Estimate
2024,2505,Weldon Valley RE-20(J),Morgan,087,district,18.7,published,18.7,18.8,2.0,school_panel,,2.0,215.0,215.0,215.0,5934.0,2108.0,Estimate
1990,2515,WIGGINS RE-50(J),Morgan,087,district,31.5,published,31.5,,3.0,school_panel,3.0,3.0,439.0,,439.0,4689.0,1873.0,Estimate
1991,2515,WIGGINS RE-50(J),Morgan,087,district,32.3,published,32.3,,3.0,school_panel,3.0,3.0,469.0,,469.0,4844.0,1927.0,Estimate
1992,2515,WIGGINS RE-50(J),Morgan,087,district,34.0,published,34.0,,3.0,school_panel,3.0,3.0,503.0,,503.0,5024.0,1993.0,Estimate
1993,2515,WIGGINS RE-50(J),Morgan,087,district,33.6,published,33.6,,2.0,school_panel,2.0,2.0,536.0,,536.0,5201.0,2057.0,Estimate
1994,2515,WIGGINS RE-50(J),Morgan,087,district,35.5,published,35.5,,2.0,school_panel,2.0,2.0,584.0,,584.0,5397.0,2130.0,Estimate
1995,2515,WIGGINS RE-50(J),Morgan,087,district,37.6,published,37.6,,2.0,school_panel,2.0,2.0,547.0,,547.0,5477.0,2152.0,Estimate
1996,2515,WIGGINS RE-50(J),Morgan,087,district,37.0,published,37.0,,2.0,school_panel,2.0,2.0,570.0,,570.0,5642.0,2208.0,Estimate
1997,2515,WIGGINS RE-50(J),Morgan,087,district,38.5,published,38.5,,2.0,school_panel,2.0,2.0,569.0,,569.0,5789.0,2260.0,Estimate
1998,2515,WIGGINS RE-50(J),Morgan,087,district,40.0,published,40.0,,2.0,school_panel,2.0,2.0,619.0,,619.0,5808.0,2260.0,Estimate
1999,2515,WIGGINS RE-50(J),Morgan,087,district,,,,,2.0,school_panel,2.0,2.0,602.0,,602.0,5889.0,2285.0,Estimate
2000,2515,WIGGINS RE-50(J),Morgan,087,district,39.9791,school_sum,,39.9791,2.0,school_panel,,2.0,,,594.0,5973.0,2308.0,Estimate
2001,2515,WIGGINS RE-50(J),Morgan,087,district,39.2498,school_sum,,39.2498,2.0,school_panel,,2.0,,,613.0,5858.0,2339.0,Estimate
2002,2515,WIGGINS RE-50(J),Morgan,087,district,40.1803,school_sum,,40.1803,2.0,school_panel,,2.0,,,620.0,5828.0,2362.0,Estimate
2003,2515,WIGGINS RE-50(J),Morgan,087,district,42.0749,school_sum,,42.0749,2.0,school_panel,,2.0,613.0,613.0,613.0,5781.0,2400.0,Estimate
2004,2515,WIGGINS RE-50(J),Morgan,087,district,42.2139,school_sum,,42.2139,2.0,school_panel,,2.0,620.0,620.0,620.0,5715.0,2407.0,Estimate
2005,2515,WIGGINS RE-50(J),Morgan,087,district,41.0889,school_sum,,41.0889,2.0,school_panel,,2.0,613.0,613.0,613.0,5744.0,2371.0,Estimate
2006,2515,WIGGINS RE-50(J),Morgan,087,district,40.0889,school_sum,,40.0889,2.0,school_panel,,2.0,604.0,604.0,604.0,5748.0,2306.0,Estimate
2007,2515,WIGGINS RE-50(J),Morgan,087,district,37.5429,school_sum,,37.5429,2.0,school_panel,,2.0,586.0,586.0,586.0,5757.0,2234.0,Estimate
2008,2515,WIGGINS RE-50(J),Morgan,087,district,39.2541,school_sum,,39.2541,3.0,school_panel,,3.0,563.0,563.0,563.0,5695.0,2163.0,Estimate
2009,2515,WIGGINS RE-50(J),Morgan,087,district,36.6823,school_sum,,36.6823,3.0,school_panel,,3.0,566.0,566.0,566.0,5707.0,2147.0,Estimate
2010,2515,WIGGINS RE-50(J),Morgan,087,district,35.976,published,35.976,35.977,3.0,school_panel,,3.0,547.0,547.0,547.0,5684.0,2164.0,Estimate
2011,2515,WIGGINS RE-50(J),Morgan,087,district,34.0,school_sum,,34.0,3.0,school_panel,,3.0,537.0,537.0,537.0,5659.0,2228.0,Estimate
2012,2515,WIGGINS RE-50(J),Morgan,087,district,17.61,school_sum,,17.61,3.0,school_panel,,3.0,550.0,550.0,550.0,5552.0,2212.0,Estimate
2013,2515,WIGGINS RE-50(J),Morgan,087,district,32.28,school_sum,,32.28,3.0,school_panel,,3.0,563.0,563.0,563.0,5554.0,2168.0,Estimate
2014,2515,WIGGINS RE-50(J),Morgan,087,district,32.2774,school_sum,,32.2774,3.0,school_panel,,3.0,575.0,575.0,575.0,5538.0,2124.0,Estimate
2015,2515,WIGGINS RE-50(J),Morgan,087,district,36.71,school_sum,,36.71,3.0,school_panel,,3.0,558.0,558.0,558.0,5544.0,2145.0,Estimate
2016,2515,WIGGINS RE-50(J),Morgan,087,district,34.25,published,34.25,34.25,3.0,school_panel,,3.0,573.0,573.0,573.0,5538.0,2103.0,Estimate
2017,2515,,Morgan,087,,,,,,3.0,school_panel,,3.0,605.0,605.0,605.0,5485.0,2109.0,Estimate
2018,2515,WIGGINS RE-50(J),Morgan,087,district,38.26,published,38.26,38.25,3.0,school_panel,,3.0,670.0,670.0,670.0,5541.0,2196.0,Estimate
2019,2515,Wiggins RE-50(J),Morgan,087,district,44.2,school_sum,,44.2,3.0,school_panel,,3.0,715.0,715.0,715.0,5559.0,2175.0,Estimate
2020,2515,,Morgan,087,,,,,,3.0,school_panel,,3.0,744.0,744.0,744.0,5619.0,2145.0,Estimate
2021,2515,,Morgan,087,,,,,,3.0,school_panel,,3.0,819.0,819.0,819.0,5642.0,2097.0,Estimate
2022,2515,Wiggins RE-50(J),Morgan,087,district,46.5,published,46.5,46.5,3.0,school_panel,,3.0,862.0,862.0,862.0,5714.0,2133.0,Estimate
2023,2515,Wiggins RE-50(J),Morgan,087,district,54.7,published,54.7,54.7,4.0,school_panel,,4.0,880.0,880.0,880.0,5832.0,2087.0,Estimate
2024,2515,Wiggins RE-50(J),Morgan,087,district,56.5,published,56.5,56.5,4.0,school_panel,,4.0,913.0,913.0,913.0,5934.0,2108.0,Estimate
1990,2520,EAST OTERO R-1,Otero,089,district,120.0,published,120.0,,5.0,school_panel,5.0,5.0,1944.0,,1944.0,4326.0,1513.0,Estimate
1991,2520,EAST OTERO R-1,Otero,089,district,125.4,published,125.4,,5.0,school_panel,5.0,5.0,1935.0,,1935.0,4340.0,1502.0,Estimate
1992,2520,EAST OTERO R-1,Otero,089,district,123.5,published,123.5,,5.0,school_panel,5.0,5.0,1897.0,,1897.0,4299.0,1476.0,Estimate
1993,2520,EAST OTERO R-1,Otero,089,district,123.2,published,123.2,,5.0,school_panel,5.0,5.0,1910.0,,1910.0,4311.0,1464.0,Estimate
1994,2520,EAST OTERO R-1,Otero,089,district,127.0,published,127.0,,5.0,school_panel,5.0,5.0,1929.0,,1929.0,4299.0,1446.0,Estimate
1995,2520,EAST OTERO R-1,Otero,089,district,129.6,published,129.6,,5.0,school_panel,5.0,5.0,1965.0,,1965.0,4321.0,1441.0,Estimate
1996,2520,EAST OTERO R-1,Otero,089,district,129.0,published,129.0,,5.0,school_panel,5.0,5.0,1963.0,,1963.0,4310.0,1422.0,Estimate
1997,2520,EAST OTERO R-1,Otero,089,district,130.5,published,130.5,,5.0,school_panel,5.0,5.0,1927.0,,1927.0,4295.0,1404.0,Estimate
1998,2520,EAST OTERO R-1,Otero,089,district,131.8,published,131.8,,5.0,school_panel,5.0,5.0,1903.0,,1903.0,4218.0,1365.0,Estimate
1999,2520,EAST OTERO R-1,Otero,089,district,,,,,5.0,school_panel,5.0,5.0,1749.0,,1749.0,4176.0,1339.0,Estimate
2000,2520,EAST OTERO R-1,Otero,089,district,116.9351,school_sum,,116.9351,6.0,school_panel,,6.0,,,1775.0,4122.0,1307.0,Estimate
2001,2520,EAST OTERO R-1,Otero,089,district,117.6703,school_sum,,117.6703,6.0,school_panel,,6.0,962.0,962.0,1703.0,3917.0,1296.0,Estimate
2002,2520,EAST OTERO R-1,Otero,089,district,114.0932,school_sum,,114.0932,8.0,school_panel,,8.0,1384.0,1384.0,1713.0,3762.0,1290.0,Estimate
2003,2520,EAST OTERO R-1,Otero,089,district,110.1005,school_sum,,110.1005,5.0,school_panel,,5.0,1604.0,1604.0,1604.0,3655.0,1362.0,Estimate
2004,2520,EAST OTERO R-1,Otero,089,district,109.2514,school_sum,,109.2514,5.0,school_panel,,5.0,1561.0,1561.0,1561.0,3601.0,1376.0,Estimate
2005,2520,EAST OTERO R-1,Otero,089,district,105.837,school_sum,,105.837,5.0,school_panel,,5.0,1558.0,1558.0,1558.0,3491.0,1393.0,Estimate
2006,2520,EAST OTERO R-1,Otero,089,district,98.798,school_sum,,98.798,5.0,school_panel,,5.0,1457.0,1457.0,1457.0,3457.0,1378.0,Estimate
2007,2520,EAST OTERO R-1,Otero,089,district,92.4703,school_sum,,92.4703,5.0,school_panel,,5.0,1382.0,1382.0,1382.0,3436.0,1313.0,Estimate
2008,2520,EAST OTERO R-1,Otero,089,district,87.8222,school_sum,,87.8222,5.0,school_panel,,5.0,1351.0,1351.0,1351.0,3409.0,1255.0,Estimate
2009,2520,EAST OTERO R-1,Otero,089,district,87.7651,school_sum,,87.7651,5.0,school_panel,,5.0,1318.0,1318.0,1318.0,3433.0,1213.0,Estimate
2010,2520,EAST OTERO R-1,Otero,089,district,84.238,published,84.238,25.319,3.0,school_panel,,3.0,1309.0,1309.0,1309.0,3472.0,1177.0,Estimate
2011,2520,EAST OTERO R-1,Otero,089,district,23.67,school_sum,,23.67,3.0,school_panel,,3.0,1293.0,1293.0,1293.0,3399.0,1198.0,Estimate
2012,2520,EAST OTERO R-1,Otero,089,district,75.11,school_sum,,75.11,3.0,school_panel,,3.0,1307.0,1307.0,1307.0,3352.0,1228.0,Estimate
2013,2520,EAST OTERO R-1,Otero,089,district,78.15,school_sum,,78.15,3.0,school_panel,,3.0,1309.0,1309.0,1309.0,3356.0,1171.0,Estimate
2014,2520,EAST OTERO R-1,Otero,089,district,77.5338,school_sum,,77.5338,3.0,school_panel,,3.0,1309.0,1309.0,1309.0,3368.0,1165.0,Estimate
2015,2520,EAST OTERO R-1,Otero,089,district,77.57,school_sum,,77.57,3.0,school_panel,,3.0,1290.0,1290.0,1290.0,3363.0,1136.0,Estimate
2016,2520,EAST OTERO R-1,Otero,089,district,80.44,published,80.44,81.61,3.0,school_panel,,3.0,1355.0,1355.0,1355.0,3391.0,1118.0,Estimate
2017,2520,,Otero,089,,,,,,3.0,school_panel,,3.0,1423.0,1423.0,1423.0,3435.0,1061.0,Estimate
2018,2520,EAST OTERO R-1,Otero,089,district,89.35,published,89.35,89.65,3.0,school_panel,,3.0,1400.0,1400.0,1400.0,3400.0,1094.0,Estimate
2019,2520,East Otero R-1,Otero,089,district,92.2,school_sum,,92.2,3.0,school_panel,,3.0,1422.0,1422.0,1422.0,3394.0,1079.0,Estimate
2020,2520,,Otero,089,,,,,,4.0,school_panel,,4.0,1378.0,1378.0,1378.0,3313.0,1114.0,Estimate
2021,2520,,Otero,089,,,,,,4.0,school_panel,,4.0,1358.0,1358.0,1358.0,3292.0,1091.0,Estimate
2022,2520,East Otero R-1,Otero,089,district,92.4,published,92.4,92.7,4.0,school_panel,,4.0,1356.0,1356.0,1355.0,3260.0,1066.0,Estimate
2023,2520,East Otero R-1,Otero,089,district,91.9,published,91.9,91.9,4.0,school_panel,,4.0,1326.0,1326.0,1326.0,3230.0,1027.0,Estimate
2024,2520,East Otero R-1,Otero,089,district,90.6,published,90.6,90.6,4.0,school_panel,,4.0,1284.0,1284.0,1284.0,3210.0,1013.0,Estimate
1990,2530,ROCKY FORD R-2,Otero,089,district,84.6,published,84.6,,4.0,school_panel,4.0,4.0,1267.0,,1267.0,4326.0,1513.0,Estimate
1991,2530,ROCKY FORD R-2,Otero,089,district,83.6,published,83.6,,4.0,school_panel,4.0,4.0,1221.0,,1221.0,4340.0,1502.0,Estimate
1992,2530,ROCKY FORD R-2,Otero,089,district,81.0,published,81.0,,4.0,school_panel,4.0,4.0,1212.0,,1212.0,4299.0,1476.0,Estimate
1993,2530,ROCKY FORD R-2,Otero,089,district,76.9,published,76.9,,4.0,school_panel,4.0,4.0,1214.0,,1214.0,4311.0,1464.0,Estimate
1994,2530,ROCKY FORD R-2,Otero,089,district,76.9,published,76.9,,4.0,school_panel,4.0,4.0,1219.0,,1219.0,4299.0,1446.0,Estimate
1995,2530,ROCKY FORD R-2,Otero,089,district,86.0,published,86.0,,4.0,school_panel,4.0,4.0,1170.0,,1170.0,4321.0,1441.0,Estimate
1996,2530,ROCKY FORD R-2,Otero,089,district,89.5,published,89.5,,4.0,school_panel,4.0,4.0,1149.0,,1149.0,4310.0,1422.0,Estimate
1997,2530,ROCKY FORD R-2,Otero,089,district,94.4,published,94.4,,4.0,school_panel,5.0,4.0,1112.0,,1112.0,4295.0,1404.0,Estimate
1998,2530,ROCKY FORD R-2,Otero,089,district,91.2,published,91.2,,5.0,school_panel,5.0,5.0,1098.0,,1098.0,4218.0,1365.0,Estimate
1999,2530,ROCKY FORD R-2,Otero,089,district,,,,,5.0,school_panel,5.0,5.0,1063.0,,1063.0,4176.0,1339.0,Estimate
2000,2530,ROCKY FORD R-2,Otero,089,district,78.2554,school_sum,,78.2554,5.0,school_panel,,5.0,,,1003.0,4122.0,1307.0,Estimate
2001,2530,ROCKY FORD R-2,Otero,089,district,75.198,school_sum,,75.198,5.0,school_panel,,5.0,961.0,961.0,961.0,3917.0,1296.0,Estimate
2002,2530,ROCKY FORD R-2,Otero,089,district,74.7171,school_sum,,74.7171,4.0,school_panel,,4.0,885.0,885.0,885.0,3762.0,1290.0,Estimate
2003,2530,ROCKY FORD R-2,Otero,089,district,68.2864,school_sum,,68.2864,4.0,school_panel,,4.0,837.0,837.0,837.0,3655.0,1362.0,Estimate
2004,2530,ROCKY FORD R-2,Otero,089,district,65.2406,school_sum,,65.2406,4.0,school_panel,,4.0,843.0,843.0,843.0,3601.0,1376.0,Estimate
2005,2530,ROCKY FORD R-2,Otero,089,district,65.6887,school_sum,,65.6887,4.0,school_panel,,4.0,843.0,843.0,843.0,3491.0,1393.0,Estimate
2006,2530,ROCKY FORD R-2,Otero,089,district,65.4002,school_sum,,65.4002,4.0,school_panel,,4.0,826.0,826.0,826.0,3457.0,1378.0,Estimate
2007,2530,ROCKY FORD R-2,Otero,089,district,63.0045,school_sum,,63.0045,4.0,school_panel,,4.0,850.0,850.0,850.0,3436.0,1313.0,Estimate
2008,2530,ROCKY FORD R-2,Otero,089,district,65.9041,school_sum,,65.9041,4.0,school_panel,,4.0,859.0,859.0,859.0,3409.0,1255.0,Estimate
2009,2530,ROCKY FORD R-2,Otero,089,district,64.72,school_sum,,64.72,4.0,school_panel,,4.0,878.0,878.0,878.0,3433.0,1213.0,Estimate
2010,2530,ROCKY FORD R-2,Otero,089,district,58.488,published,58.488,16.738,3.0,school_panel,,3.0,862.0,856.0,856.0,3472.0,1177.0,Estimate
2011,2530,ROCKY FORD R-2,Otero,089,district,31.38,school_sum,,31.38,3.0,school_panel,,3.0,877.0,877.0,877.0,3399.0,1198.0,Estimate
2012,2530,ROCKY FORD R-2,Otero,089,district,25.56,school_sum,,25.56,3.0,school_panel,,3.0,825.0,825.0,825.0,3352.0,1228.0,Estimate
2013,2530,ROCKY FORD R-2,Otero,089,district,61.35,school_sum,,61.35,3.0,school_panel,,3.0,805.0,805.0,805.0,3356.0,1171.0,Estimate
2014,2530,ROCKY FORD R-2,Otero,089,district,60.8363,school_sum,,60.8363,3.0,school_panel,,3.0,809.0,809.0,809.0,3368.0,1165.0,Estimate
2015,2530,ROCKY FORD R-2,Otero,089,district,59.12,school_sum,,59.12,3.0,school_panel,,3.0,822.0,822.0,822.0,3363.0,1136.0,Estimate
2016,2530,ROCKY FORD R-2,Otero,089,district,59.25,published,59.25,59.71,3.0,school_panel,,3.0,837.0,837.0,837.0,3391.0,1118.0,Estimate
2017,2530,,Otero,089,,,,,,3.0,school_panel,,3.0,796.0,796.0,796.0,3435.0,1061.0,Estimate
2018,2530,ROCKY FORD R-2,Otero,089,district,53.13,published,53.13,53.39,3.0,school_panel,,3.0,764.0,764.0,764.0,3400.0,1094.0,Estimate
2019,2530,Rocky Ford R-2,Otero,089,district,53.3,school_sum,,53.3,3.0,school_panel,,3.0,743.0,743.0,743.0,3394.0,1079.0,Estimate
2020,2530,,Otero,089,,,,,,3.0,school_panel,,3.0,719.0,719.0,719.0,3313.0,1114.0,Estimate
2021,2530,,Otero,089,,,,,,3.0,school_panel,,3.0,676.0,676.0,676.0,3292.0,1091.0,Estimate
2022,2530,Rocky Ford R-2,Otero,089,district,52.2,published,52.2,52.2,3.0,school_panel,,3.0,632.0,632.0,632.0,3260.0,1066.0,Estimate
2023,2530,Rocky Ford R-2,Otero,089,district,53.4,published,53.4,53.4,3.0,school_panel,,3.0,616.0,616.0,616.0,3230.0,1027.0,Estimate
2024,2530,Rocky Ford R-2,Otero,089,district,51.2,published,51.2,51.2,2.0,school_panel,,2.0,576.0,576.0,576.0,3210.0,1013.0,Estimate
1990,2535,MANZANOLA 3J,Otero,089,district,19.0,published,19.0,,2.0,school_panel,2.0,2.0,290.0,,290.0,4326.0,1513.0,Estimate
1991,2535,MANZANOLA 3J,Otero,089,district,16.5,published,16.5,,2.0,school_panel,2.0,2.0,266.0,,266.0,4340.0,1502.0,Estimate
1992,2535,MANZANOLA 3J,Otero,089,district,18.0,published,18.0,,2.0,school_panel,2.0,2.0,256.0,,256.0,4299.0,1476.0,Estimate
1993,2535,MANZANOLA 3J,Otero,089,district,16.0,published,16.0,,2.0,school_panel,2.0,2.0,267.0,,267.0,4311.0,1464.0,Estimate
1994,2535,MANZANOLA 3J,Otero,089,district,17.1,published,17.1,,2.0,school_panel,2.0,2.0,289.0,,289.0,4299.0,1446.0,Estimate
1995,2535,MANZANOLA 3J,Otero,089,district,18.5,published,18.5,,2.0,school_panel,2.0,2.0,282.0,,282.0,4321.0,1441.0,Estimate
1996,2535,MANZANOLA 3J,Otero,089,district,21.0,published,21.0,,2.0,school_panel,2.0,2.0,275.0,,275.0,4310.0,1422.0,Estimate
1997,2535,MANZANOLA 3J,Otero,089,district,21.0,published,21.0,,2.0,school_panel,2.0,2.0,261.0,,261.0,4295.0,1404.0,Estimate
1998,2535,MANZANOLA 3J,Otero,089,district,22.4,published,22.4,,2.0,school_panel,2.0,2.0,282.0,,282.0,4218.0,1365.0,Estimate
1999,2535,MANZANOLA 3J,Otero,089,district,,,,,2.0,school_panel,2.0,2.0,275.0,,275.0,4176.0,1339.0,Estimate
2000,2535,MANZANOLA 3J,Otero,089,district,22.7439,school_sum,,22.7439,2.0,school_panel,,2.0,,,254.0,4122.0,1307.0,Estimate
2001,2535,MANZANOLA 3J,Otero,089,district,21.9984,school_sum,,21.9984,2.0,school_panel,,2.0,,,223.0,3917.0,1296.0,Estimate
2002,2535,MANZANOLA 3J,Otero,089,district,22.3237,school_sum,,22.3237,2.0,school_panel,,2.0,,,195.0,3762.0,1290.0,Estimate
2003,2535,MANZANOLA 3J,Otero,089,district,21.0635,school_sum,,21.0635,2.0,school_panel,,2.0,193.0,193.0,193.0,3655.0,1362.0,Estimate
2004,2535,MANZANOLA 3J,Otero,089,district,21.1334,school_sum,,21.1334,2.0,school_panel,,2.0,204.0,204.0,204.0,3601.0,1376.0,Estimate
2005,2535,MANZANOLA 3J,Otero,089,district,21.4001,school_sum,,21.4001,2.0,school_panel,,2.0,210.0,210.0,210.0,3491.0,1393.0,Estimate
2006,2535,MANZANOLA 3J,Otero,089,district,22.5787,school_sum,,22.5787,2.0,school_panel,,2.0,211.0,211.0,211.0,3457.0,1378.0,Estimate
2007,2535,MANZANOLA 3J,Otero,089,district,20.7,school_sum,,20.7,2.0,school_panel,,2.0,219.0,219.0,219.0,3436.0,1313.0,Estimate
2008,2535,MANZANOLA 3J,Otero,089,district,22.879,school_sum,,22.879,2.0,school_panel,,2.0,169.0,169.0,169.0,3409.0,1255.0,Estimate
2009,2535,MANZANOLA 3J,Otero,089,district,21.8794,school_sum,,21.8794,2.0,school_panel,,2.0,177.0,177.0,177.0,3433.0,1213.0,Estimate
2010,2535,MANZANOLA 3J,Otero,089,district,21.398,published,21.398,21.398,2.0,school_panel,,2.0,173.0,173.0,173.0,3472.0,1177.0,Estimate
2011,2535,MANZANOLA 3J,Otero,089,district,19.08,school_sum,,19.08,2.0,school_panel,,2.0,163.0,163.0,163.0,3399.0,1198.0,Estimate
2012,2535,MANZANOLA 3J,Otero,089,district,18.53,school_sum,,18.53,2.0,school_panel,,2.0,131.0,131.0,131.0,3352.0,1228.0,Estimate
2013,2535,MANZANOLA 3J,Otero,089,district,17.74,school_sum,,17.74,2.0,school_panel,,2.0,137.0,137.0,137.0,3356.0,1171.0,Estimate
2014,2535,MANZANOLA 3J,Otero,089,district,17.5099,school_sum,,17.5099,2.0,school_panel,,2.0,147.0,147.0,147.0,3368.0,1165.0,Estimate
2015,2535,MANZANOLA 3J,Otero,089,district,16.96,school_sum,,16.96,2.0,school_panel,,2.0,133.0,133.0,133.0,3363.0,1136.0,Estimate
2016,2535,MANZANOLA 3J,Otero,089,district,16.46,published,16.46,16.45,2.0,school_panel,,2.0,129.0,129.0,129.0,3391.0,1118.0,Estimate
2017,2535,,Otero,089,,,,,,2.0,school_panel,,2.0,140.0,140.0,140.0,3435.0,1061.0,Estimate
2018,2535,MANZANOLA 3J,Otero,089,district,14.55,published,14.55,14.56,2.0,school_panel,,2.0,141.0,141.0,141.0,3400.0,1094.0,Estimate
2019,2535,Manzanola 3J,Otero,089,district,15.0,school_sum,,15.0,2.0,school_panel,,2.0,169.0,169.0,169.0,3394.0,1079.0,Estimate
2020,2535,,Otero,089,,,,,,2.0,school_panel,,2.0,167.0,167.0,167.0,3313.0,1114.0,Estimate
2021,2535,,Otero,089,,,,,,2.0,school_panel,,2.0,151.0,151.0,150.0,3292.0,1091.0,Estimate
2022,2535,Manzanola 3J,Otero,089,district,13.9,published,13.9,13.9,2.0,school_panel,,2.0,164.0,164.0,163.0,3260.0,1066.0,Estimate
2023,2535,Manzanola 3J,Otero,089,district,14.0,published,14.0,14.0,2.0,school_panel,,2.0,181.0,181.0,180.0,3230.0,1027.0,Estimate
2024,2535,Manzanola 3J,Otero,089,district,14.7,published,14.7,14.7,2.0,school_panel,,2.0,175.0,175.0,174.0,3210.0,1013.0,Estimate
1990,2540,FOWLER R-4J,Otero,089,district,33.6,published,33.6,,4.0,school_panel,4.0,4.0,439.0,,439.0,4326.0,1513.0,Estimate
1991,2540,FOWLER R-4J,Otero,089,district,32.6,published,32.6,,4.0,school_panel,4.0,4.0,446.0,,446.0,4340.0,1502.0,Estimate
1992,2540,FOWLER R-4J,Otero,089,district,32.1,published,32.1,,4.0,school_panel,4.0,4.0,463.0,,463.0,4299.0,1476.0,Estimate
1993,2540,FOWLER R-4J,Otero,089,district,33.3,published,33.3,,4.0,school_panel,4.0,4.0,458.0,,458.0,4311.0,1464.0,Estimate
1994,2540,FOWLER R-4J,Otero,089,district,35.5,published,35.5,,4.0,school_panel,4.0,4.0,462.0,,462.0,4299.0,1446.0,Estimate
1995,2540,FOWLER R-4J,Otero,089,district,34.8,published,34.8,,4.0,school_panel,4.0,4.0,460.0,,460.0,4321.0,1441.0,Estimate
1996,2540,FOWLER R-4J,Otero,089,district,34.9,published,34.9,,4.0,school_panel,4.0,4.0,417.0,,417.0,4310.0,1422.0,Estimate
1997,2540,FOWLER R-4J,Otero,089,district,32.9,published,32.9,,4.0,school_panel,4.0,4.0,389.0,,389.0,4295.0,1404.0,Estimate
1998,2540,FOWLER R-4J,Otero,089,district,31.9,published,31.9,,4.0,school_panel,4.0,4.0,386.0,,386.0,4218.0,1365.0,Estimate
1999,2540,FOWLER R-4J,Otero,089,district,,,,,4.0,school_panel,4.0,4.0,392.0,,392.0,4176.0,1339.0,Estimate
2000,2540,FOWLER R-4J,Otero,089,district,32.0082,school_sum,,32.0082,4.0,school_panel,,4.0,,,362.0,4122.0,1307.0,Estimate
2001,2540,FOWLER R-4J,Otero,089,district,32.1649,school_sum,,32.1649,4.0,school_panel,,4.0,175.0,175.0,369.0,3917.0,1296.0,Estimate
2002,2540,FOWLER R-4J,Otero,089,district,32.6871,school_sum,,32.6871,4.0,school_panel,,4.0,165.0,165.0,358.0,3762.0,1290.0,Estimate
2003,2540,FOWLER R-4J,Otero,089,district,31.9999,school_sum,,31.9999,5.0,school_panel,,5.0,356.0,356.0,356.0,3655.0,1362.0,Estimate
2004,2540,FOWLER R-4J,Otero,089,district,32.0011,school_sum,,32.0011,3.0,school_panel,,3.0,380.0,380.0,380.0,3601.0,1376.0,Estimate
2005,2540,FOWLER R-4J,Otero,089,district,31.6674,school_sum,,31.6674,3.0,school_panel,,3.0,375.0,375.0,375.0,3491.0,1393.0,Estimate
2006,2540,FOWLER R-4J,Otero,089,district,31.6674,school_sum,,31.6674,3.0,school_panel,,3.0,396.0,396.0,396.0,3457.0,1378.0,Estimate
2007,2540,FOWLER R-4J,Otero,089,district,32.8337,school_sum,,32.8337,3.0,school_panel,,3.0,388.0,388.0,388.0,3436.0,1313.0,Estimate
2008,2540,FOWLER R-4J,Otero,089,district,33.6974,school_sum,,33.6974,3.0,school_panel,,3.0,408.0,408.0,408.0,3409.0,1255.0,Estimate
2009,2540,FOWLER R-4J,Otero,089,district,34.8342,school_sum,,34.8342,3.0,school_panel,,3.0,402.0,402.0,402.0,3433.0,1213.0,Estimate
2010,2540,FOWLER R-4J,Otero,089,district,34.834,published,34.834,34.834,3.0,school_panel,,3.0,421.0,421.0,421.0,3472.0,1177.0,Estimate
2011,2540,FOWLER R-4J,Otero,089,district,34.84,school_sum,,34.84,3.0,school_panel,,3.0,407.0,407.0,407.0,3399.0,1198.0,Estimate
2012,2540,FOWLER R-4J,Otero,089,district,34.88,school_sum,,34.88,3.0,school_panel,,3.0,409.0,409.0,409.0,3352.0,1228.0,Estimate
2013,2540,FOWLER R-4J,Otero,089,district,33.6,school_sum,,33.6,3.0,school_panel,,3.0,409.0,409.0,409.0,3356.0,1171.0,Estimate
2014,2540,FOWLER R-4J,Otero,089,district,34.2942,school_sum,,34.2942,3.0,school_panel,,3.0,402.0,402.0,402.0,3368.0,1165.0,Estimate
2015,2540,FOWLER R-4J,Otero,089,district,41.78,school_sum,,41.78,3.0,school_panel,,3.0,387.0,387.0,387.0,3363.0,1136.0,Estimate
2016,2540,FOWLER R-4J,Otero,089,district,33.95,published,33.95,33.95,3.0,school_panel,,3.0,396.0,396.0,396.0,3391.0,1118.0,Estimate
2017,2540,,Otero,089,,,,,,3.0,school_panel,,3.0,383.0,383.0,383.0,3435.0,1061.0,Estimate
2018,2540,FOWLER R-4J,Otero,089,district,34.89,published,34.89,34.89,3.0,school_panel,,3.0,387.0,387.0,387.0,3400.0,1094.0,Estimate
2019,2540,Fowler R-4J,Otero,089,district,35.6,school_sum,,35.6,3.0,school_panel,,3.0,359.0,359.0,359.0,3394.0,1079.0,Estimate
2020,2540,,Otero,089,,,,,,3.0,school_panel,,3.0,368.0,368.0,368.0,3313.0,1114.0,Estimate
2021,2540,,Otero,089,,,,,,3.0,school_panel,,3.0,366.0,366.0,366.0,3292.0,1091.0,Estimate
2022,2540,Fowler R-4J,Otero,089,district,33.6,published,33.6,33.6,3.0,school_panel,,3.0,347.0,347.0,347.0,3260.0,1066.0,Estimate
2023,2540,Fowler R-4J,Otero,089,district,35.0,published,35.0,35.0,3.0,school_panel,,3.0,355.0,355.0,355.0,3230.0,1027.0,Estimate
2024,2540,Fowler R-4J,Otero,089,district,34.9,published,34.9,34.9,3.0,school_panel,,3.0,342.0,342.0,342.0,3210.0,1013.0,Estimate
1990,2560,CHERAW 31,Otero,089,district,19.0,published,19.0,,3.0,school_panel,3.0,3.0,198.0,,198.0,4326.0,1513.0,Estimate
1991,2560,CHERAW 31,Otero,089,district,22.0,published,22.0,,3.0,school_panel,3.0,3.0,198.0,,198.0,4340.0,1502.0,Estimate
1992,2560,CHERAW 31,Otero,089,district,21.0,published,21.0,,3.0,school_panel,3.0,3.0,195.0,,195.0,4299.0,1476.0,Estimate
1993,2560,CHERAW 31,Otero,089,district,21.0,published,21.0,,3.0,school_panel,3.0,3.0,219.0,,219.0,4311.0,1464.0,Estimate
1994,2560,CHERAW 31,Otero,089,district,20.0,published,20.0,,4.0,school_panel,3.0,4.0,254.0,,254.0,4299.0,1446.0,Estimate
1995,2560,CHERAW 31,Otero,089,district,20.0,published,20.0,,4.0,school_panel,3.0,4.0,234.0,,234.0,4321.0,1441.0,Estimate
1996,2560,CHERAW 31,Otero,089,district,20.0,published,20.0,,4.0,school_panel,3.0,4.0,256.0,,256.0,4310.0,1422.0,Estimate
1997,2560,CHERAW 31,Otero,089,district,21.4,published,21.4,,4.0,school_panel,3.0,4.0,232.0,,232.0,4295.0,1404.0,Estimate
1998,2560,CHERAW 31,Otero,089,district,21.5,published,21.5,,4.0,school_panel,4.0,4.0,232.0,,232.0,4218.0,1365.0,Estimate
1999,2560,CHERAW 31,Otero,089,district,,,,,4.0,school_panel,4.0,4.0,229.0,,229.0,4176.0,1339.0,Estimate
2000,2560,CHERAW 31,Otero,089,district,20.3967,school_sum,,20.3967,4.0,school_panel,,4.0,,,227.0,4122.0,1307.0,Estimate
2001,2560,CHERAW 31,Otero,089,district,18.2581,school_sum,,18.2581,3.0,school_panel,,3.0,228.0,228.0,228.0,3917.0,1296.0,Estimate
2002,2560,CHERAW 31,Otero,089,district,18.1656,school_sum,,18.1656,3.0,school_panel,,3.0,236.0,236.0,236.0,3762.0,1290.0,Estimate
2003,2560,CHERAW 31,Otero,089,district,19.3764,school_sum,,19.3764,3.0,school_panel,,3.0,227.0,227.0,227.0,3655.0,1362.0,Estimate
2004,2560,CHERAW 31,Otero,089,district,19.6264,school_sum,,19.6264,3.0,school_panel,,3.0,220.0,220.0,220.0,3601.0,1376.0,Estimate
2005,2560,CHERAW 31,Otero,089,district,20.625,school_sum,,20.625,3.0,school_panel,,3.0,218.0,218.0,218.0,3491.0,1393.0,Estimate
2006,2560,CHERAW 31,Otero,089,district,20.875,school_sum,,20.875,3.0,school_panel,,3.0,198.0,198.0,198.0,3457.0,1378.0,Estimate
2007,2560,CHERAW 31,Otero,089,district,21.4589,school_sum,,21.4589,3.0,school_panel,,3.0,197.0,197.0,197.0,3436.0,1313.0,Estimate
2008,2560,CHERAW 31,Otero,089,district,20.2958,school_sum,,20.2958,3.0,school_panel,,3.0,208.0,208.0,208.0,3409.0,1255.0,Estimate
2009,2560,CHERAW 31,Otero,089,district,21.125,school_sum,,21.125,3.0,school_panel,,3.0,210.0,210.0,210.0,3433.0,1213.0,Estimate
2010,2560,CHERAW 31,Otero,089,district,18.791,published,18.791,10.15,3.0,school_panel,,3.0,219.0,219.0,219.0,3472.0,1177.0,Estimate
2011,2560,CHERAW 31,Otero,089,district,11.57,school_sum,,11.57,3.0,school_panel,,3.0,219.0,219.0,219.0,3399.0,1198.0,Estimate
2012,2560,CHERAW 31,Otero,089,district,9.56,school_sum,,9.56,3.0,school_panel,,3.0,222.0,222.0,222.0,3352.0,1228.0,Estimate
2013,2560,CHERAW 31,Otero,089,district,19.04,school_sum,,19.04,3.0,school_panel,,3.0,231.0,231.0,231.0,3356.0,1171.0,Estimate
2014,2560,CHERAW 31,Otero,089,district,17.5978,school_sum,,17.5978,1.0,school_panel,,1.0,229.0,229.0,229.0,3368.0,1165.0,Estimate
2015,2560,CHERAW 31,Otero,089,district,19.73,school_sum,,19.73,1.0,school_panel,,1.0,213.0,213.0,213.0,3363.0,1136.0,Estimate
2016,2560,CHERAW 31,Otero,089,district,17.63,published,17.63,17.78,1.0,school_panel,,1.0,216.0,216.0,216.0,3391.0,1118.0,Estimate
2017,2560,,Otero,089,,,,,,1.0,school_panel,,1.0,207.0,207.0,207.0,3435.0,1061.0,Estimate
2018,2560,CHERAW 31,Otero,089,district,19.82,published,19.82,19.97,1.0,school_panel,,1.0,225.0,225.0,225.0,3400.0,1094.0,Estimate
2019,2560,Cheraw 31,Otero,089,district,20.7,school_sum,,20.7,1.0,school_panel,,1.0,224.0,224.0,224.0,3394.0,1079.0,Estimate
2020,2560,,Otero,089,,,,,,1.0,school_panel,,1.0,219.0,219.0,219.0,3313.0,1114.0,Estimate
2021,2560,,Otero,089,,,,,,1.0,school_panel,,1.0,231.0,231.0,231.0,3292.0,1091.0,Estimate
2022,2560,Cheraw 31,Otero,089,district,19.1,published,19.1,19.1,1.0,school_panel,,1.0,228.0,228.0,227.0,3260.0,1066.0,Estimate
2023,2560,Cheraw 31,Otero,089,district,19.3,published,19.3,19.3,1.0,school_panel,,1.0,222.0,222.0,221.0,3230.0,1027.0,Estimate
2024,2560,Cheraw 31,Otero,089,district,13.6,published,13.6,13.6,1.0,school_panel,,1.0,210.0,210.0,209.0,3210.0,1013.0,Estimate
1990,2570,SWINK 33,Otero,089,district,24.6,published,24.6,,2.0,school_panel,2.0,2.0,347.0,,347.0,4326.0,1513.0,Estimate
1991,2570,SWINK 33,Otero,089,district,26.0,published,26.0,,2.0,school_panel,2.0,2.0,363.0,,363.0,4340.0,1502.0,Estimate
1992,2570,SWINK 33,Otero,089,district,25.5,published,25.5,,2.0,school_panel,2.0,2.0,333.0,,333.0,4299.0,1476.0,Estimate
1993,2570,SWINK 33,Otero,089,district,26.6,published,26.6,,2.0,school_panel,2.0,2.0,356.0,,356.0,4311.0,1464.0,Estimate
1994,2570,SWINK 33,Otero,089,district,26.2,published,26.2,,2.0,school_panel,2.0,2.0,358.0,,358.0,4299.0,1446.0,Estimate
1995,2570,SWINK 33,Otero,089,district,26.9,published,26.9,,2.0,school_panel,2.0,2.0,371.0,,371.0,4321.0,1441.0,Estimate
1996,2570,SWINK 33,Otero,089,district,26.7,published,26.7,,2.0,school_panel,2.0,2.0,367.0,,367.0,4310.0,1422.0,Estimate
1997,2570,SWINK 33,Otero,089,district,28.7,published,28.7,,2.0,school_panel,2.0,2.0,341.0,,341.0,4295.0,1404.0,Estimate
1998,2570,SWINK 33,Otero,089,district,30.1,published,30.1,,2.0,school_panel,2.0,2.0,358.0,,358.0,4218.0,1365.0,Estimate
1999,2570,SWINK 33,Otero,089,district,,,,,2.0,school_panel,2.0,2.0,348.0,,348.0,4176.0,1339.0,Estimate
2000,2570,SWINK 33,Otero,089,district,28.6413,school_sum,,28.6413,2.0,school_panel,,2.0,,,357.0,4122.0,1307.0,Estimate
2001,2570,SWINK 33,Otero,089,district,29.6634,school_sum,,29.6634,2.0,school_panel,,2.0,202.0,202.0,386.0,3917.0,1296.0,Estimate
2002,2570,SWINK 33,Otero,089,district,29.9707,school_sum,,29.9707,2.0,school_panel,,2.0,196.0,196.0,386.0,3762.0,1290.0,Estimate
2003,2570,SWINK 33,Otero,089,district,29.9703,school_sum,,29.9703,2.0,school_panel,,2.0,396.0,396.0,396.0,3655.0,1362.0,Estimate
2004,2570,SWINK 33,Otero,089,district,31.5181,school_sum,,31.5181,2.0,school_panel,,2.0,390.0,390.0,390.0,3601.0,1376.0,Estimate
2005,2570,SWINK 33,Otero,089,district,31.3248,school_sum,,31.3248,2.0,school_panel,,2.0,373.0,373.0,373.0,3491.0,1393.0,Estimate
2006,2570,SWINK 33,Otero,089,district,30.0346,school_sum,,30.0346,2.0,school_panel,,2.0,381.0,381.0,381.0,3457.0,1378.0,Estimate
2007,2570,SWINK 33,Otero,089,district,30.7092,school_sum,,30.7092,2.0,school_panel,,2.0,369.0,369.0,369.0,3436.0,1313.0,Estimate
2008,2570,SWINK 33,Otero,089,district,30.4532,school_sum,,30.4532,2.0,school_panel,,2.0,374.0,374.0,374.0,3409.0,1255.0,Estimate
2009,2570,SWINK 33,Otero,089,district,30.6748,school_sum,,30.6748,2.0,school_panel,,2.0,378.0,378.0,378.0,3433.0,1213.0,Estimate
2010,2570,SWINK 33,Otero,089,district,30.549,published,30.549,14.598,2.0,school_panel,,2.0,374.0,374.0,374.0,3472.0,1177.0,Estimate
2011,2570,SWINK 33,Otero,089,district,16.36,school_sum,,16.36,2.0,school_panel,,2.0,355.0,355.0,355.0,3399.0,1198.0,Estimate
2012,2570,SWINK 33,Otero,089,district,15.86,school_sum,,15.86,2.0,school_panel,,2.0,346.0,346.0,346.0,3352.0,1228.0,Estimate
2013,2570,SWINK 33,Otero,089,district,28.12,school_sum,,28.12,2.0,school_panel,,2.0,336.0,336.0,336.0,3356.0,1171.0,Estimate
2014,2570,SWINK 33,Otero,089,district,29.1574,school_sum,,29.1574,2.0,school_panel,,2.0,351.0,351.0,351.0,3368.0,1165.0,Estimate
2015,2570,SWINK 33,Otero,089,district,27.47,school_sum,,27.47,2.0,school_panel,,2.0,381.0,381.0,381.0,3363.0,1136.0,Estimate
2016,2570,SWINK 33,Otero,089,district,26.74,published,26.74,26.78,2.0,school_panel,,2.0,366.0,366.0,366.0,3391.0,1118.0,Estimate
2017,2570,,Otero,089,,,,,,2.0,school_panel,,2.0,372.0,372.0,372.0,3435.0,1061.0,Estimate
2018,2570,SWINK 33,Otero,089,district,27.37,published,27.37,27.37,2.0,school_panel,,2.0,344.0,344.0,344.0,3400.0,1094.0,Estimate
2019,2570,Swink 33,Otero,089,district,26.5,school_sum,,26.5,2.0,school_panel,,2.0,321.0,321.0,321.0,3394.0,1079.0,Estimate
2020,2570,,Otero,089,,,,,,2.0,school_panel,,2.0,313.0,313.0,313.0,3313.0,1114.0,Estimate
2021,2570,,Otero,089,,,,,,2.0,school_panel,,2.0,312.0,312.0,311.0,3292.0,1091.0,Estimate
2022,2570,Swink 33,Otero,089,district,30.1,published,30.1,30.1,2.0,school_panel,,2.0,314.0,314.0,314.0,3260.0,1066.0,Estimate
2023,2570,Swink 33,Otero,089,district,26.9,published,26.9,26.9,2.0,school_panel,,2.0,302.0,302.0,302.0,3230.0,1027.0,Estimate
2024,2570,Swink 33,Otero,089,district,24.3,published,24.3,24.3,2.0,school_panel,,2.0,290.0,290.0,290.0,3210.0,1013.0,Estimate
1990,2580,OURAY R-1,Ouray,091,district,17.2,published,17.2,,2.0,school_panel,2.0,2.0,195.0,,195.0,436.0,134.0,Estimate
1991,2580,OURAY R-1,Ouray,091,district,18.8,published,18.8,,2.0,school_panel,2.0,2.0,194.0,,194.0,454.0,137.0,Estimate
1992,2580,OURAY R-1,Ouray,091,district,18.8,published,18.8,,2.0,school_panel,2.0,2.0,194.0,,194.0,474.0,143.0,Estimate
1993,2580,OURAY R-1,Ouray,091,district,18.8,published,18.8,,2.0,school_panel,2.0,2.0,200.0,,200.0,492.0,146.0,Estimate
1994,2580,OURAY R-1,Ouray,091,district,20.5,published,20.5,,2.0,school_panel,2.0,2.0,235.0,,235.0,535.0,156.0,Estimate
1995,2580,OURAY R-1,Ouray,091,district,23.0,published,23.0,,2.0,school_panel,2.0,2.0,224.0,,224.0,565.0,163.0,Estimate
1996,2580,OURAY R-1,Ouray,091,district,22.0,published,22.0,,2.0,school_panel,2.0,2.0,253.0,,253.0,590.0,170.0,Estimate
1997,2580,OURAY R-1,Ouray,091,district,23.8,published,23.8,,2.0,school_panel,2.0,2.0,269.0,,269.0,600.0,169.0,Estimate
1998,2580,OURAY R-1,Ouray,091,district,23.0,published,23.0,,3.0,school_panel,3.0,3.0,262.0,,262.0,619.0,173.0,Estimate
1999,2580,OURAY R-1,Ouray,091,district,,,,,3.0,school_panel,3.0,3.0,256.0,,256.0,646.0,178.0,Estimate
2000,2580,OURAY R-1,Ouray,091,district,22.5752,school_sum,,22.5752,3.0,school_panel,,3.0,,,258.0,663.0,180.0,Estimate
2001,2580,OURAY R-1,Ouray,091,district,22.5372,school_sum,,22.5372,3.0,school_panel,,3.0,250.0,250.0,250.0,663.0,168.0,Estimate
2002,2580,OURAY R-1,Ouray,091,district,22.4027,school_sum,,22.4027,3.0,school_panel,,3.0,244.0,244.0,244.0,662.0,171.0,Estimate
2003,2580,OURAY R-1,Ouray,091,district,23.463,school_sum,,23.463,3.0,school_panel,,3.0,264.0,264.0,264.0,646.0,175.0,Estimate
2004,2580,OURAY R-1,Ouray,091,district,24.0,school_sum,,24.0,3.0,school_panel,,3.0,278.0,278.0,278.0,655.0,173.0,Estimate
2005,2580,OURAY R-1,Ouray,091,district,24.2066,school_sum,,24.2066,3.0,school_panel,,3.0,280.0,280.0,280.0,660.0,172.0,Estimate
2006,2580,OURAY R-1,Ouray,091,district,22.4928,school_sum,,22.4928,3.0,school_panel,,3.0,285.0,285.0,285.0,623.0,170.0,Estimate
2007,2580,OURAY R-1,Ouray,091,district,25.6478,school_sum,,25.6478,3.0,school_panel,,3.0,272.0,272.0,272.0,625.0,175.0,Estimate
2008,2580,OURAY R-1,Ouray,091,district,1.0,school_sum,,1.0,3.0,school_panel,,3.0,252.0,252.0,252.0,631.0,184.0,Estimate
2009,2580,OURAY R-1,Ouray,091,district,28.25,school_sum,,28.25,3.0,school_panel,,3.0,230.0,230.0,230.0,589.0,177.0,Estimate
2010,2580,OURAY R-1,Ouray,091,district,26.0,published,26.0,26.001,3.0,school_panel,,3.0,216.0,216.0,216.0,619.0,183.0,Estimate
2011,2580,OURAY R-1,Ouray,091,district,22.97,school_sum,,22.97,3.0,school_panel,,3.0,194.0,194.0,194.0,604.0,167.0,Estimate
2012,2580,OURAY R-1,Ouray,091,district,21.8,school_sum,,21.8,3.0,school_panel,,3.0,184.0,184.0,184.0,597.0,171.0,Estimate
2013,2580,OURAY R-1,Ouray,091,district,27.04,school_sum,,27.04,3.0,school_panel,,3.0,197.0,197.0,197.0,587.0,169.0,Estimate
2014,2580,OURAY R-1,Ouray,091,district,29.1359,school_sum,,29.1359,3.0,school_panel,,3.0,191.0,191.0,191.0,580.0,167.0,Estimate
2015,2580,OURAY R-1,Ouray,091,district,25.98,school_sum,,25.98,3.0,school_panel,,3.0,188.0,188.0,188.0,583.0,157.0,Estimate
2016,2580,OURAY R-1,Ouray,091,district,24.76,published,24.76,24.93,3.0,school_panel,,3.0,189.0,189.0,189.0,596.0,174.0,Estimate
2017,2580,,Ouray,091,,,,,,3.0,school_panel,,3.0,171.0,171.0,171.0,591.0,169.0,Estimate
2018,2580,OURAY R-1,Ouray,091,district,24.94,published,24.94,25.13,3.0,school_panel,,3.0,180.0,180.0,180.0,576.0,158.0,Estimate
2019,2580,Ouray R-1,Ouray,091,district,21.9,school_sum,,21.9,3.0,school_panel,,3.0,170.0,170.0,170.0,603.0,147.0,Estimate
2020,2580,,Ouray,091,,,,,,3.0,school_panel,,3.0,187.0,187.0,187.0,558.0,152.0,Estimate
2021,2580,,Ouray,091,,,,,,3.0,school_panel,,3.0,189.0,189.0,189.0,566.0,155.0,Estimate
2022,2580,Ouray R-1,Ouray,091,district,20.7,published,20.7,20.7,3.0,school_panel,,3.0,177.0,177.0,177.0,556.0,149.0,Estimate
2023,2580,Ouray R-1,Ouray,091,district,20.4,published,20.4,20.4,3.0,school_panel,,3.0,169.0,169.0,169.0,560.0,159.0,Estimate
2024,2580,Ouray R-1,Ouray,091,district,21.5,published,21.5,21.5,3.0,school_panel,,3.0,180.0,180.0,180.0,543.0,166.0,Estimate
1990,2590,RIDGWAY R-2,Ouray,091,district,19.6,published,19.6,,3.0,school_panel,2.0,3.0,212.0,,212.0,436.0,134.0,Estimate
1991,2590,RIDGWAY R-2,Ouray,091,district,20.0,published,20.0,,3.0,school_panel,3.0,3.0,228.0,,228.0,454.0,137.0,Estimate
1992,2590,RIDGWAY R-2,Ouray,091,district,21.1,published,21.1,,3.0,school_panel,3.0,3.0,231.0,,231.0,474.0,143.0,Estimate
1993,2590,RIDGWAY R-2,Ouray,091,district,20.8,published,20.8,,3.0,school_panel,3.0,3.0,264.0,,264.0,492.0,146.0,Estimate
1994,2590,RIDGWAY R-2,Ouray,091,district,21.6,published,21.6,,3.0,school_panel,3.0,3.0,274.0,,274.0,535.0,156.0,Estimate
1995,2590,RIDGWAY R-2,Ouray,091,district,21.8,published,21.8,,3.0,school_panel,3.0,3.0,297.0,,297.0,565.0,163.0,Estimate
1996,2590,RIDGWAY R-2,Ouray,091,district,24.0,published,24.0,,3.0,school_panel,3.0,3.0,311.0,,311.0,590.0,170.0,Estimate
1997,2590,RIDGWAY R-2,Ouray,091,district,23.5,published,23.5,,3.0,school_panel,3.0,3.0,324.0,,324.0,600.0,169.0,Estimate
1998,2590,RIDGWAY R-2,Ouray,091,district,22.4,published,22.4,,3.0,school_panel,3.0,3.0,297.0,,297.0,619.0,173.0,Estimate
1999,2590,RIDGWAY R-2,Ouray,091,district,,,,,3.0,school_panel,3.0,3.0,310.0,,310.0,646.0,178.0,Estimate
2000,2590,RIDGWAY R-2,Ouray,091,district,22.6877,school_sum,,22.6877,3.0,school_panel,,3.0,,,316.0,663.0,180.0,Estimate
2001,2590,RIDGWAY R-2,Ouray,091,district,24.7408,school_sum,,24.7408,3.0,school_panel,,3.0,316.0,316.0,316.0,663.0,168.0,Estimate
2002,2590,RIDGWAY R-2,Ouray,091,district,0.375,school_sum,,0.375,3.0,school_panel,,3.0,329.0,329.0,329.0,662.0,171.0,Estimate
2003,2590,RIDGWAY R-2,Ouray,091,district,24.875,school_sum,,24.875,3.0,school_panel,,3.0,308.0,308.0,308.0,646.0,175.0,Estimate
2004,2590,RIDGWAY R-2,Ouray,091,district,26.375,school_sum,,26.375,3.0,school_panel,,3.0,317.0,317.0,317.0,655.0,173.0,Estimate
2005,2590,RIDGWAY R-2,Ouray,091,district,26.9063,school_sum,,26.9063,3.0,school_panel,,3.0,329.0,329.0,329.0,660.0,172.0,Estimate
2006,2590,RIDGWAY R-2,Ouray,091,district,29.3935,school_sum,,29.3935,3.0,school_panel,,3.0,332.0,332.0,332.0,623.0,170.0,Estimate
2007,2590,RIDGWAY R-2,Ouray,091,district,33.806,school_sum,,33.806,3.0,school_panel,,3.0,348.0,348.0,348.0,625.0,175.0,Estimate
2008,2590,RIDGWAY R-2,Ouray,091,district,38.3184,school_sum,,38.3184,3.0,school_panel,,3.0,380.0,380.0,380.0,631.0,184.0,Estimate
2009,2590,RIDGWAY R-2,Ouray,091,district,34.8636,school_sum,,34.8636,3.0,school_panel,,3.0,380.0,380.0,380.0,589.0,177.0,Estimate
2010,2590,RIDGWAY R-2,Ouray,091,district,31.324,published,31.324,31.324,3.0,school_panel,,3.0,350.0,350.0,350.0,619.0,183.0,Estimate
2011,2590,RIDGWAY R-2,Ouray,091,district,28.97,school_sum,,28.97,3.0,school_panel,,3.0,366.0,366.0,366.0,604.0,167.0,Estimate
2012,2590,RIDGWAY R-2,Ouray,091,district,28.14,school_sum,,28.14,3.0,school_panel,,3.0,336.0,336.0,336.0,597.0,171.0,Estimate
2013,2590,RIDGWAY R-2,Ouray,091,district,31.95,school_sum,,31.95,3.0,school_panel,,3.0,343.0,343.0,343.0,587.0,169.0,Estimate
2014,2590,RIDGWAY R-2,Ouray,091,district,31.6935,school_sum,,31.6935,3.0,school_panel,,3.0,356.0,356.0,356.0,580.0,167.0,Estimate
2015,2590,RIDGWAY R-2,Ouray,091,district,30.95,school_sum,,30.95,3.0,school_panel,,3.0,356.0,356.0,356.0,583.0,157.0,Estimate
2016,2590,RIDGWAY R-2,Ouray,091,district,28.94,published,28.94,29.1,3.0,school_panel,,3.0,334.0,334.0,334.0,596.0,174.0,Estimate
2017,2590,,Ouray,091,,,,,,3.0,school_panel,,3.0,355.0,355.0,355.0,591.0,169.0,Estimate
2018,2590,RIDGWAY R-2,Ouray,091,district,28.56,published,28.56,28.79,3.0,school_panel,,3.0,360.0,360.0,360.0,576.0,158.0,Estimate
2019,2590,Ridgway R-2,Ouray,091,district,31.9,school_sum,,31.9,3.0,school_panel,,3.0,354.0,354.0,354.0,603.0,147.0,Estimate
2020,2590,,Ouray,091,,,,,,3.0,school_panel,,3.0,334.0,334.0,334.0,558.0,152.0,Estimate
2021,2590,,Ouray,091,,,,,,3.0,school_panel,,3.0,335.0,335.0,335.0,566.0,155.0,Estimate
2022,2590,Ridgway R-2,Ouray,091,district,31.6,published,31.6,31.7,3.0,school_panel,,3.0,336.0,336.0,332.0,556.0,149.0,Estimate
2023,2590,Ridgway R-2,Ouray,091,district,30.9,published,30.9,30.9,3.0,school_panel,,3.0,333.0,333.0,330.0,560.0,159.0,Estimate
2024,2590,Ridgway R-2,Ouray,091,district,30.5,published,30.5,30.5,3.0,school_panel,,3.0,321.0,321.0,320.0,543.0,166.0,Estimate
1990,2600,PLATTE CANYON 1,Park,093,district,63.5,published,63.5,,3.0,school_panel,3.0,3.0,1152.0,,1152.0,1496.0,499.0,Estimate
1991,2600,PLATTE CANYON 1,Park,093,district,65.5,published,65.5,,3.0,school_panel,3.0,3.0,1214.0,,1214.0,1553.0,515.0,Estimate
1992,2600,PLATTE CANYON 1,Park,093,district,72.0,published,72.0,,3.0,school_panel,3.0,3.0,1260.0,,1260.0,1609.0,532.0,Estimate
1993,2600,PLATTE CANYON 1,Park,093,district,77.5,published,77.5,,3.0,school_panel,3.0,3.0,1355.0,,1355.0,1681.0,556.0,Estimate
1994,2600,PLATTE CANYON 1,Park,093,district,82.3,published,82.3,,3.0,school_panel,3.0,3.0,1510.0,,1510.0,1843.0,606.0,Estimate
1995,2600,PLATTE CANYON 1,Park,093,district,88.8,published,88.8,,3.0,school_panel,3.0,3.0,1588.0,,1588.0,2018.0,662.0,Estimate
1996,2600,PLATTE CANYON 1,Park,093,district,88.6,published,88.6,,3.0,school_panel,3.0,3.0,1640.0,,1640.0,2142.0,701.0,Estimate
1997,2600,PLATTE CANYON 1,Park,093,district,94.3,published,94.3,,3.0,school_panel,3.0,3.0,1613.0,,1613.0,2292.0,745.0,Estimate
1998,2600,PLATTE CANYON 1,Park,093,district,,,,,3.0,school_panel,3.0,3.0,1584.0,,1584.0,2385.0,776.0,Estimate
1999,2600,PLATTE CANYON 1,Park,093,district,,,,,3.0,school_panel,3.0,3.0,1589.0,,1589.0,2500.0,811.0,Estimate
2000,2600,PLATTE CANYON 1,Park,093,district,99.3923,school_sum,,99.3923,3.0,school_panel,,3.0,,,1594.0,2611.0,841.0,Estimate
2001,2600,PLATTE CANYON 1,Park,093,district,97.2007,school_sum,,97.2007,3.0,school_panel,,3.0,845.0,845.0,1556.0,2639.0,848.0,Estimate
2002,2600,PLATTE CANYON 1,Park,093,district,88.2592,school_sum,,88.2592,3.0,school_panel,,3.0,832.0,832.0,1464.0,2615.0,844.0,Estimate
2003,2600,PLATTE CANYON 1,Park,093,district,78.3935,school_sum,,78.3935,3.0,school_panel,,3.0,1421.0,1421.0,1421.0,2608.0,885.0,Estimate
2004,2600,PLATTE CANYON 1,Park,093,district,76.6203,school_sum,,76.6203,3.0,school_panel,,3.0,1378.0,1378.0,1378.0,2591.0,873.0,Estimate
2005,2600,PLATTE CANYON 1,Park,093,district,74.1193,school_sum,,74.1193,3.0,school_panel,,3.0,1343.0,1343.0,1343.0,2546.0,871.0,Estimate
2006,2600,PLATTE CANYON 1,Park,093,district,74.4683,school_sum,,74.4683,3.0,school_panel,,3.0,1345.0,1345.0,1345.0,2481.0,846.0,Estimate
2007,2600,PLATTE CANYON 1,Park,093,district,76.2273,school_sum,,76.2273,3.0,school_panel,,3.0,1282.0,1282.0,1282.0,2474.0,842.0,Estimate
2008,2600,PLATTE CANYON 1,Park,093,district,78.1009,school_sum,,78.1009,3.0,school_panel,,3.0,1301.0,1301.0,1301.0,2413.0,802.0,Estimate
2009,2600,PLATTE CANYON 1,Park,093,district,74.9576,school_sum,,74.9576,3.0,school_panel,,3.0,1248.0,1248.0,1248.0,2291.0,764.0,Estimate
2010,2600,PLATTE CANYON 1,Park,093,district,72.558,published,72.558,72.558,3.0,school_panel,,3.0,1209.0,1209.0,1209.0,2316.0,782.0,Estimate
2011,2600,PLATTE CANYON 1,Park,093,district,67.89,school_sum,,67.89,3.0,school_panel,,3.0,1092.0,1092.0,1092.0,2201.0,714.0,Estimate
2012,2600,PLATTE CANYON 1,Park,093,district,63.06,school_sum,,63.06,3.0,school_panel,,3.0,1089.0,1089.0,1089.0,2140.0,657.0,Estimate
2013,2600,PLATTE CANYON 1,Park,093,district,62.26,school_sum,,62.26,3.0,school_panel,,3.0,1031.0,1031.0,1031.0,2089.0,623.0,Estimate
2014,2600,PLATTE CANYON 1,Park,093,district,64.9225,school_sum,,64.9225,3.0,school_panel,,3.0,1017.0,1017.0,1017.0,2065.0,574.0,Estimate
2015,2600,PLATTE CANYON 1,Park,093,district,63.35,school_sum,,63.35,3.0,school_panel,,3.0,1055.0,1055.0,1055.0,2069.0,570.0,Estimate
2016,2600,PLATTE CANYON 1,Park,093,district,62.07,published,62.07,62.06,3.0,school_panel,,3.0,989.0,989.0,989.0,2111.0,609.0,Estimate
2017,2600,,Park,093,,,,,,3.0,school_panel,,3.0,928.0,928.0,928.0,2129.0,636.0,Estimate
2018,2600,PLATTE CANYON 1,Park,093,district,59.24,published,59.24,59.25,3.0,school_panel,,3.0,917.0,917.0,917.0,2138.0,678.0,Estimate
2019,2600,Platte Canyon 1,Park,093,district,57.2,school_sum,,57.2,3.0,school_panel,,3.0,889.0,889.0,889.0,2116.0,708.0,Estimate
2020,2600,,Park,093,,,,,,3.0,school_panel,,3.0,763.0,763.0,763.0,2079.0,709.0,Estimate
2021,2600,,Park,093,,,,,,3.0,school_panel,,3.0,837.0,837.0,837.0,2173.0,728.0,Estimate
2022,2600,Platte Canyon 1,Park,093,district,53.7,published,53.7,54.3,3.0,school_panel,,3.0,797.0,797.0,797.0,2225.0,749.0,Estimate
2023,2600,Platte Canyon 1,Park,093,district,55.2,published,55.2,55.2,3.0,school_panel,,3.0,740.0,740.0,740.0,2309.0,776.0,Estimate
2024,2600,Platte Canyon 1,Park,093,district,53.2,published,53.2,53.2,3.0,school_panel,,3.0,688.0,688.0,688.0,2381.0,785.0,Estimate
1990,2610,PARK COUNTY RE-2,Park,093,district,29.1,published,29.1,,4.0,school_panel,4.0,4.0,380.0,,380.0,1496.0,499.0,Estimate
1991,2610,PARK COUNTY RE-2,Park,093,district,32.0,published,32.0,,4.0,school_panel,4.0,4.0,419.0,,419.0,1553.0,515.0,Estimate
1992,2610,PARK COUNTY RE-2,Park,093,district,33.0,published,33.0,,4.0,school_panel,4.0,4.0,437.0,,437.0,1609.0,532.0,Estimate
1993,2610,PARK COUNTY RE-2,Park,093,district,35.2,published,35.2,,5.0,school_panel,5.0,5.0,456.0,,456.0,1681.0,556.0,Estimate
1994,2610,PARK COUNTY RE-2,Park,093,district,35.5,published,35.5,,5.0,school_panel,5.0,5.0,535.0,,535.0,1843.0,606.0,Estimate
1995,2610,PARK COUNTY RE-2,Park,093,district,35.2,published,35.2,,5.0,school_panel,5.0,5.0,548.0,,548.0,2018.0,662.0,Estimate
1996,2610,PARK COUNTY RE-2,Park,093,district,40.7,published,40.7,,5.0,school_panel,4.0,5.0,600.0,,600.0,2142.0,701.0,Estimate
1997,2610,PARK COUNTY RE-2,Park,093,district,42.9,published,42.9,,4.0,school_panel,4.0,4.0,613.0,,613.0,2292.0,745.0,Estimate
1998,2610,PARK COUNTY RE-2,Park,093,district,49.3,published,49.3,,4.0,school_panel,4.0,4.0,625.0,,625.0,2385.0,776.0,Estimate
1999,2610,PARK COUNTY RE-2,Park,093,district,,,,,5.0,school_panel,5.0,5.0,633.0,,633.0,2500.0,811.0,Estimate
2000,2610,PARK COUNTY RE-2,Park,093,district,45.9554,school_sum,,45.9554,5.0,school_panel,,5.0,,,630.0,2611.0,841.0,Estimate
2001,2610,PARK COUNTY RE-2,Park,093,district,45.9523,school_sum,,45.9523,5.0,school_panel,,5.0,649.0,649.0,649.0,2639.0,848.0,Estimate
2002,2610,PARK COUNTY RE-2,Park,093,district,49.2768,school_sum,,49.2768,5.0,school_panel,,5.0,652.0,652.0,652.0,2615.0,844.0,Estimate
2003,2610,PARK COUNTY RE-2,Park,093,district,49.5013,school_sum,,49.5013,5.0,school_panel,,5.0,626.0,626.0,626.0,2608.0,885.0,Estimate
2004,2610,PARK COUNTY RE-2,Park,093,district,48.1268,school_sum,,48.1268,5.0,school_panel,,5.0,632.0,632.0,632.0,2591.0,873.0,Estimate
2005,2610,PARK COUNTY RE-2,Park,093,district,50.2303,school_sum,,50.2303,5.0,school_panel,,5.0,678.0,678.0,678.0,2546.0,871.0,Estimate
2006,2610,PARK COUNTY RE-2,Park,093,district,51.1063,school_sum,,51.1063,5.0,school_panel,,5.0,668.0,668.0,668.0,2481.0,846.0,Estimate
2007,2610,PARK COUNTY RE-2,Park,093,district,48.2907,school_sum,,48.2907,5.0,school_panel,,5.0,628.0,628.0,628.0,2474.0,842.0,Estimate
2008,2610,PARK COUNTY RE-2,Park,093,district,47.7418,school_sum,,47.7418,5.0,school_panel,,5.0,598.0,598.0,598.0,2413.0,802.0,Estimate
2009,2610,PARK COUNTY RE-2,Park,093,district,48.6506,school_sum,,48.6506,5.0,school_panel,,5.0,605.0,605.0,605.0,2291.0,764.0,Estimate
2010,2610,PARK COUNTY RE-2,Park,093,district,49.246,published,49.246,32.361,5.0,school_panel,,5.0,601.0,601.0,601.0,2316.0,782.0,Estimate
2011,2610,PARK COUNTY RE-2,Park,093,district,45.05,school_sum,,45.05,5.0,school_panel,,5.0,571.0,571.0,571.0,2201.0,714.0,Estimate
2012,2610,PARK COUNTY RE-2,Park,093,district,45.66,school_sum,,45.66,5.0,school_panel,,5.0,581.0,581.0,581.0,2140.0,657.0,Estimate
2013,2610,PARK COUNTY RE-2,Park,093,district,45.97,school_sum,,45.97,5.0,school_panel,,5.0,590.0,590.0,590.0,2089.0,623.0,Estimate
2014,2610,PARK COUNTY RE-2,Park,093,district,48.7407,school_sum,,48.7407,5.0,school_panel,,5.0,651.0,651.0,651.0,2065.0,574.0,Estimate
2015,2610,PARK COUNTY RE-2,Park,093,district,44.54,school_sum,,44.54,5.0,school_panel,,5.0,617.0,617.0,617.0,2069.0,570.0,Estimate
2016,2610,PARK COUNTY RE-2,Park,093,district,46.3,published,46.3,46.46,5.0,school_panel,,5.0,684.0,684.0,684.0,2111.0,609.0,Estimate
2017,2610,,Park,093,,,,,,5.0,school_panel,,5.0,730.0,730.0,730.0,2129.0,636.0,Estimate
2018,2610,PARK COUNTY RE-2,Park,093,district,48.32,published,48.32,48.31,5.0,school_panel,,5.0,693.0,693.0,693.0,2138.0,678.0,Estimate
2019,2610,Park County RE-2,Park,093,district,51.7,school_sum,,51.7,5.0,school_panel,,5.0,687.0,687.0,687.0,2116.0,708.0,Estimate
2020,2610,,Park,093,,,,,,5.0,school_panel,,5.0,615.0,615.0,615.0,2079.0,709.0,Estimate
2021,2610,,Park,093,,,,,,5.0,school_panel,,5.0,596.0,596.0,596.0,2173.0,728.0,Estimate
2022,2610,Park County RE-2,Park,093,district,43.6,school_sum,,43.6,5.0,school_panel,,5.0,595.0,595.0,595.0,2225.0,749.0,Estimate
2023,2610,Park County RE-2,Park,093,district,50.0,published,50.0,50.0,5.0,school_panel,,5.0,576.0,576.0,576.0,2309.0,776.0,Estimate
2024,2610,Park County RE-2,Park,093,district,34.4,published,34.4,34.4,5.0,school_panel,,5.0,576.0,576.0,576.0,2381.0,785.0,Estimate
1990,2620,HOLYOKE RE-1J,Phillips,095,district,40.0,published,40.0,,2.0,school_panel,2.0,2.0,572.0,,572.0,824.0,278.0,Estimate
1991,2620,HOLYOKE RE-1J,Phillips,095,district,41.0,published,41.0,,2.0,school_panel,2.0,2.0,597.0,,597.0,828.0,278.0,Estimate
1992,2620,HOLYOKE RE-1J,Phillips,095,district,39.0,published,39.0,,2.0,school_panel,2.0,2.0,611.0,,611.0,837.0,283.0,Estimate
1993,2620,HOLYOKE RE-1J,Phillips,095,district,39.0,published,39.0,,2.0,school_panel,2.0,2.0,619.0,,619.0,864.0,292.0,Estimate
1994,2620,HOLYOKE RE-1J,Phillips,095,district,40.0,published,40.0,,2.0,school_panel,2.0,2.0,642.0,,642.0,872.0,298.0,Estimate
1995,2620,HOLYOKE RE-1J,Phillips,095,district,41.0,published,41.0,,2.0,school_panel,2.0,2.0,671.0,,671.0,889.0,301.0,Estimate
1996,2620,HOLYOKE RE-1J,Phillips,095,district,41.5,published,41.5,,2.0,school_panel,2.0,2.0,658.0,,658.0,897.0,305.0,Estimate
1997,2620,HOLYOKE RE-1J,Phillips,095,district,44.0,published,44.0,,2.0,school_panel,2.0,2.0,649.0,,649.0,911.0,311.0,Estimate
1998,2620,HOLYOKE RE-1J,Phillips,095,district,44.7,published,44.7,,2.0,school_panel,2.0,2.0,655.0,,655.0,911.0,311.0,Estimate
1999,2620,HOLYOKE RE-1J,Phillips,095,district,,,,,2.0,school_panel,2.0,2.0,663.0,,663.0,904.0,310.0,Estimate
2000,2620,HOLYOKE RE-1J,Phillips,095,district,45.2105,school_sum,,45.2105,2.0,school_panel,,2.0,,,673.0,896.0,306.0,Estimate
2001,2620,HOLYOKE RE-1J,Phillips,095,district,45.3683,school_sum,,45.3683,2.0,school_panel,,2.0,373.0,373.0,691.0,878.0,311.0,Estimate
2002,2620,HOLYOKE RE-1J,Phillips,095,district,46.3157,school_sum,,46.3157,2.0,school_panel,,2.0,364.0,364.0,671.0,850.0,309.0,Estimate
2003,2620,HOLYOKE RE-1J,Phillips,095,district,47.9933,school_sum,,47.9933,2.0,school_panel,,2.0,664.0,664.0,664.0,858.0,294.0,Estimate
2004,2620,HOLYOKE RE-1J,Phillips,095,district,49.046,school_sum,,49.046,2.0,school_panel,,2.0,641.0,641.0,641.0,871.0,299.0,Estimate
2005,2620,HOLYOKE RE-1J,Phillips,095,district,49.2433,school_sum,,49.2433,2.0,school_panel,,2.0,610.0,610.0,610.0,865.0,290.0,Estimate
2006,2620,HOLYOKE RE-1J,Phillips,095,district,47.1907,school_sum,,47.1907,2.0,school_panel,,2.0,574.0,574.0,574.0,856.0,289.0,Estimate
2007,2620,HOLYOKE RE-1J,Phillips,095,district,47.1907,school_sum,,47.1907,2.0,school_panel,,2.0,556.0,556.0,556.0,852.0,290.0,Estimate
2008,2620,HOLYOKE RE-1J,Phillips,095,district,48.806,school_sum,,48.806,3.0,school_panel,,3.0,567.0,567.0,567.0,824.0,291.0,Estimate
2009,2620,HOLYOKE RE-1J,Phillips,095,district,46.1579,school_sum,,46.1579,3.0,school_panel,,3.0,589.0,589.0,589.0,822.0,286.0,Estimate
2010,2620,HOLYOKE RE-1J,Phillips,095,district,47.211,published,47.211,47.211,3.0,school_panel,,3.0,614.0,574.0,574.0,844.0,281.0,Estimate
2011,2620,HOLYOKE RE-1J,Phillips,095,district,44.21,school_sum,,44.21,2.0,school_panel,,2.0,593.0,593.0,593.0,840.0,272.0,Estimate
2012,2620,HOLYOKE RE-1J,Phillips,095,district,42.21,school_sum,,42.21,2.0,school_panel,,2.0,591.0,591.0,591.0,841.0,270.0,Estimate
2013,2620,HOLYOKE RE-1J,Phillips,095,district,43.05,school_sum,,43.05,2.0,school_panel,,2.0,568.0,568.0,568.0,847.0,258.0,Estimate
2014,2620,HOLYOKE RE-1J,Phillips,095,district,44.9276,school_sum,,44.9276,3.0,school_panel,,3.0,593.0,593.0,593.0,851.0,271.0,Estimate
2015,2620,HOLYOKE RE-1J,Phillips,095,district,44.94,school_sum,,44.94,3.0,school_panel,,3.0,594.0,594.0,594.0,837.0,276.0,Estimate
2016,2620,HOLYOKE RE-1J,Phillips,095,district,47.05,published,47.05,47.05,3.0,school_panel,,3.0,581.0,581.0,581.0,841.0,293.0,Estimate
2017,2620,,Phillips,095,,,,,,3.0,school_panel,,3.0,583.0,583.0,583.0,851.0,292.0,Estimate
2018,2620,HOLYOKE RE-1J,Phillips,095,district,44.71,published,44.71,44.71,3.0,school_panel,,3.0,577.0,577.0,577.0,843.0,292.0,Estimate
2019,2620,Holyoke Re-1J,Phillips,095,district,40.0,school_sum,,40.0,3.0,school_panel,,3.0,587.0,587.0,587.0,861.0,277.0,Estimate
2020,2620,,Phillips,095,,,,,,3.0,school_panel,,3.0,584.0,584.0,584.0,853.0,273.0,Estimate
2021,2620,,Phillips,095,,,,,,3.0,school_panel,,3.0,578.0,578.0,576.0,860.0,263.0,Estimate
2022,2620,Holyoke Re-1J,Phillips,095,district,42.5,published,42.5,42.5,3.0,school_panel,,3.0,558.0,558.0,552.0,839.0,256.0,Estimate
2023,2620,Holyoke Re-1J,Phillips,095,district,41.1,published,41.1,41.1,3.0,school_panel,,3.0,532.0,532.0,531.0,828.0,272.0,Estimate
2024,2620,Holyoke Re-1J,Phillips,095,district,44.4,published,44.4,44.4,3.0,school_panel,,3.0,514.0,514.0,512.0,834.0,270.0,Estimate
1990,2630,HAXTUN RE-2J,Phillips,095,district,26.0,published,26.0,,2.0,school_panel,2.0,2.0,305.0,,305.0,824.0,278.0,Estimate
1991,2630,HAXTUN RE-2J,Phillips,095,district,26.0,published,26.0,,2.0,school_panel,2.0,2.0,300.0,,300.0,828.0,278.0,Estimate
1992,2630,HAXTUN RE-2J,Phillips,095,district,25.0,published,25.0,,2.0,school_panel,2.0,2.0,304.0,,304.0,837.0,283.0,Estimate
1993,2630,HAXTUN RE-2J,Phillips,095,district,24.0,published,24.0,,2.0,school_panel,2.0,2.0,311.0,,311.0,864.0,292.0,Estimate
1994,2630,HAXTUN RE-2J,Phillips,095,district,23.7,published,23.7,,2.0,school_panel,2.0,2.0,310.0,,310.0,872.0,298.0,Estimate
1995,2630,HAXTUN RE-2J,Phillips,095,district,23.7,published,23.7,,2.0,school_panel,2.0,2.0,316.0,,316.0,889.0,301.0,Estimate
1996,2630,HAXTUN RE-2J,Phillips,095,district,26.2,published,26.2,,2.0,school_panel,2.0,2.0,333.0,,333.0,897.0,305.0,Estimate
1997,2630,HAXTUN RE-2J,Phillips,095,district,25.7,published,25.7,,2.0,school_panel,2.0,2.0,320.0,,320.0,911.0,311.0,Estimate
1998,2630,HAXTUN RE-2J,Phillips,095,district,25.2,published,25.2,,2.0,school_panel,2.0,2.0,310.0,,310.0,911.0,311.0,Estimate
1999,2630,HAXTUN RE-2J,Phillips,095,district,,,,,2.0,school_panel,2.0,2.0,295.0,,295.0,904.0,310.0,Estimate
2000,2630,HAXTUN RE-2J,Phillips,095,district,20.1325,school_sum,,20.1325,2.0,school_panel,,2.0,,,293.0,896.0,306.0,Estimate
2001,2630,HAXTUN RE-2J,Phillips,095,district,21.2186,school_sum,,21.2186,2.0,school_panel,,2.0,299.0,299.0,299.0,878.0,311.0,Estimate
2002,2630,HAXTUN RE-2J,Phillips,095,district,21.679,school_sum,,21.679,2.0,school_panel,,2.0,299.0,299.0,299.0,850.0,309.0,Estimate
2003,2630,HAXTUN RE-2J,Phillips,095,district,21.9608,school_sum,,21.9608,2.0,school_panel,,2.0,280.0,280.0,280.0,858.0,294.0,Estimate
2004,2630,HAXTUN RE-2J,Phillips,095,district,22.2241,school_sum,,22.2241,2.0,school_panel,,2.0,307.0,307.0,307.0,871.0,299.0,Estimate
2005,2630,HAXTUN RE-2J,Phillips,095,district,22.099,school_sum,,22.099,2.0,school_panel,,2.0,334.0,334.0,334.0,865.0,290.0,Estimate
2006,2630,HAXTUN RE-2J,Phillips,095,district,22.888,school_sum,,22.888,2.0,school_panel,,2.0,310.0,310.0,310.0,856.0,289.0,Estimate
2007,2630,HAXTUN RE-2J,Phillips,095,district,21.763,school_sum,,21.763,2.0,school_panel,,2.0,313.0,313.0,313.0,852.0,290.0,Estimate
2008,2630,HAXTUN RE-2J,Phillips,095,district,22.5969,school_sum,,22.5969,2.0,school_panel,,2.0,291.0,291.0,291.0,824.0,291.0,Estimate
2009,2630,HAXTUN RE-2J,Phillips,095,district,23.0745,school_sum,,23.0745,2.0,school_panel,,2.0,317.0,317.0,317.0,822.0,286.0,Estimate
2010,2630,HAXTUN RE-2J,Phillips,095,district,22.95,published,22.95,22.95,2.0,school_panel,,2.0,323.0,323.0,323.0,844.0,281.0,Estimate
2011,2630,HAXTUN RE-2J,Phillips,095,district,24.04,school_sum,,24.04,2.0,school_panel,,2.0,323.0,323.0,323.0,840.0,272.0,Estimate
2012,2630,HAXTUN RE-2J,Phillips,095,district,23.41,school_sum,,23.41,2.0,school_panel,,2.0,331.0,331.0,331.0,841.0,270.0,Estimate
2013,2630,HAXTUN RE-2J,Phillips,095,district,24.79,school_sum,,24.79,2.0,school_panel,,2.0,326.0,326.0,326.0,847.0,258.0,Estimate
2014,2630,HAXTUN RE-2J,Phillips,095,district,25.8347,school_sum,,25.8347,2.0,school_panel,,2.0,330.0,330.0,330.0,851.0,271.0,Estimate
2015,2630,HAXTUN RE-2J,Phillips,095,district,25.58,school_sum,,25.58,2.0,school_panel,,2.0,336.0,336.0,336.0,837.0,276.0,Estimate
2016,2630,HAXTUN RE-2J,Phillips,095,district,24.6,published,24.6,24.6,2.0,school_panel,,2.0,329.0,329.0,329.0,841.0,293.0,Estimate
2017,2630,,Phillips,095,,,,,,2.0,school_panel,,2.0,350.0,350.0,350.0,851.0,292.0,Estimate
2018,2630,HAXTUN RE-2J,Phillips,095,district,24.6,published,24.6,24.6,2.0,school_panel,,2.0,357.0,357.0,357.0,843.0,292.0,Estimate
2019,2630,Haxtun RE-2J,Phillips,095,district,26.3,school_sum,,26.3,2.0,school_panel,,2.0,345.0,345.0,345.0,861.0,277.0,Estimate
2020,2630,,Phillips,095,,,,,,2.0,school_panel,,2.0,340.0,340.0,340.0,853.0,273.0,Estimate
2021,2630,,Phillips,095,,,,,,2.0,school_panel,,2.0,341.0,341.0,339.0,860.0,263.0,Estimate
2022,2630,Haxtun RE-2J,Phillips,095,district,25.1,published,25.1,21.2,2.0,school_panel,,2.0,336.0,336.0,334.0,839.0,256.0,Estimate
2023,2630,Haxtun RE-2J,Phillips,095,district,24.0,published,24.0,24.0,2.0,school_panel,,2.0,310.0,310.0,307.0,828.0,272.0,Estimate
2024,2630,Haxtun RE-2J,Phillips,095,district,24.0,published,24.0,24.0,2.0,school_panel,,2.0,298.0,298.0,297.0,834.0,270.0,Estimate
1990,2640,ASPEN 1,Pitkin,097,district,80.5,published,80.5,,3.0,school_panel,3.0,3.0,988.0,,988.0,1419.0,729.0,Estimate
1991,2640,ASPEN 1,Pitkin,097,district,79.8,published,79.8,,3.0,school_panel,3.0,3.0,1080.0,,1080.0,1477.0,721.0,Estimate
1992,2640,ASPEN 1,Pitkin,097,district,77.3,published,77.3,,3.0,school_panel,3.0,3.0,1125.0,,1125.0,1538.0,720.0,Estimate
1993,2640,ASPEN 1,Pitkin,097,district,81.0,published,81.0,,3.0,school_panel,3.0,3.0,1160.0,,1160.0,1637.0,736.0,Estimate
1994,2640,ASPEN 1,Pitkin,097,district,82.8,published,82.8,,3.0,school_panel,3.0,3.0,1197.0,,1197.0,1711.0,737.0,Estimate
1995,2640,ASPEN 1,Pitkin,097,district,85.2,published,85.2,,3.0,school_panel,3.0,3.0,1224.0,,1224.0,1743.0,719.0,Estimate
1996,2640,ASPEN 1,Pitkin,097,district,84.0,published,84.0,,3.0,school_panel,3.0,3.0,1245.0,,1245.0,1751.0,690.0,Estimate
1997,2640,ASPEN 1,Pitkin,097,district,86.2,published,86.2,,3.0,school_panel,3.0,3.0,1290.0,,1290.0,1803.0,678.0,Estimate
1998,2640,ASPEN 1,Pitkin,097,district,96.3,published,96.3,,3.0,school_panel,3.0,3.0,1289.0,,1289.0,1818.0,654.0,Estimate
1999,2640,ASPEN 1,Pitkin,097,district,,,,,3.0,school_panel,3.0,3.0,1268.0,,1268.0,1845.0,632.0,Estimate
2000,2640,ASPEN 1,Pitkin,097,district,100.7801,school_sum,,100.7801,3.0,school_panel,,3.0,,,1236.0,1982.0,645.0,Estimate
2001,2640,ASPEN 1,Pitkin,097,district,112.28,school_sum,,112.28,4.0,school_panel,,4.0,1411.0,1411.0,1411.0,2027.0,703.0,Estimate
2002,2640,ASPEN 1,Pitkin,097,district,123.0999,school_sum,,123.0999,4.0,school_panel,,4.0,1542.0,1542.0,1542.0,1992.0,705.0,Estimate
2003,2640,ASPEN 1,Pitkin,097,district,129.9641,school_sum,,129.9641,5.0,school_panel,,5.0,1554.0,1554.0,1554.0,2017.0,738.0,Estimate
2004,2640,ASPEN 1,Pitkin,097,district,127.4518,school_sum,,127.4518,5.0,school_panel,,5.0,1604.0,1604.0,1604.0,1929.0,753.0,Estimate
2005,2640,ASPEN 1,Pitkin,097,district,130.3946,school_sum,,130.3946,5.0,school_panel,,5.0,1612.0,1612.0,1612.0,1939.0,749.0,Estimate
2006,2640,ASPEN 1,Pitkin,097,district,133.2573,school_sum,,133.2573,5.0,school_panel,,5.0,1605.0,1605.0,1605.0,1903.0,719.0,Estimate
2007,2640,ASPEN 1,Pitkin,097,district,135.315,school_sum,,135.315,5.0,school_panel,,5.0,1633.0,1633.0,1633.0,1979.0,725.0,Estimate
2008,2640,ASPEN 1,Pitkin,097,district,136.8484,school_sum,,136.8484,5.0,school_panel,,5.0,1656.0,1656.0,1656.0,2079.0,741.0,Estimate
2009,2640,ASPEN 1,Pitkin,097,district,133.7776,school_sum,,133.7776,5.0,school_panel,,5.0,1698.0,1698.0,1698.0,2144.0,746.0,Estimate
2010,2640,ASPEN 1,Pitkin,097,district,137.847,published,137.847,137.179,5.0,school_panel,,5.0,1727.0,1727.0,1727.0,2233.0,751.0,Estimate
2011,2640,ASPEN 1,Pitkin,097,district,138.18,school_sum,,138.18,5.0,school_panel,,5.0,1712.0,1712.0,1712.0,2213.0,764.0,Estimate
2012,2640,ASPEN 1,Pitkin,097,district,134.14,school_sum,,134.14,5.0,school_panel,,5.0,1732.0,1732.0,1732.0,2207.0,746.0,Estimate
2013,2640,ASPEN 1,Pitkin,097,district,138.94,school_sum,,138.94,5.0,school_panel,,5.0,1728.0,1728.0,1728.0,2229.0,728.0,Estimate
2014,2640,ASPEN 1,Pitkin,097,district,143.6996,school_sum,,143.6996,5.0,school_panel,,5.0,1756.0,1756.0,1756.0,2253.0,724.0,Estimate
2015,2640,ASPEN 1,Pitkin,097,district,144.01,school_sum,,144.01,5.0,school_panel,,5.0,1727.0,1727.0,1727.0,2262.0,710.0,Estimate
2016,2640,ASPEN 1,Pitkin,097,district,138.86,published,138.86,137.85,5.0,school_panel,,5.0,1698.0,1698.0,1698.0,2276.0,670.0,Estimate
2017,2640,,Pitkin,097,,,,,,5.0,school_panel,,5.0,1678.0,1678.0,1678.0,2231.0,691.0,Estimate
2018,2640,ASPEN 1,Pitkin,097,district,143.45,school_sum,,143.45,5.0,school_panel,,5.0,1670.0,1670.0,1670.0,2190.0,677.0,Estimate
2019,2640,Aspen 1,Pitkin,097,district,131.6,school_sum,,131.6,5.0,school_panel,,5.0,1653.0,1653.0,1653.0,2123.0,677.0,Estimate
2020,2640,,Pitkin,097,,,,,,5.0,school_panel,,5.0,1594.0,1594.0,1594.0,2083.0,697.0,Estimate
2021,2640,,Pitkin,097,,,,,,5.0,school_panel,,5.0,1652.0,1652.0,1652.0,2048.0,689.0,Estimate
2022,2640,Aspen 1,Pitkin,097,district,134.6,school_sum,,134.6,5.0,school_panel,,5.0,1572.0,1572.0,1572.0,2016.0,657.0,Estimate
2023,2640,Aspen 1,Pitkin,097,district,137.9,published,137.9,137.9,5.0,school_panel,,5.0,1554.0,1554.0,1554.0,1968.0,674.0,Estimate
2024,2640,Aspen 1,Pitkin,097,district,128.1,published,128.1,127.6,5.0,school_panel,,5.0,1584.0,1584.0,1584.0,1946.0,630.0,Estimate
1990,2650,GRANADA RE-1,Prowers,099,district,22.5,published,22.5,,2.0,school_panel,2.0,2.0,245.0,,245.0,3036.0,1111.0,Estimate
1991,2650,GRANADA RE-1,Prowers,099,district,21.4,published,21.4,,2.0,school_panel,2.0,2.0,255.0,,255.0,2958.0,1080.0,Estimate
1992,2650,GRANADA RE-1,Prowers,099,district,21.0,published,21.0,,2.0,school_panel,2.0,2.0,274.0,,274.0,2982.0,1083.0,Estimate
1993,2650,GRANADA RE-1,Prowers,099,district,21.0,published,21.0,,2.0,school_panel,2.0,2.0,284.0,,284.0,3046.0,1103.0,Estimate
1994,2650,GRANADA RE-1,Prowers,099,district,22.5,published,22.5,,2.0,school_panel,2.0,2.0,316.0,,316.0,3095.0,1118.0,Estimate
1995,2650,GRANADA RE-1,Prowers,099,district,24.0,published,24.0,,2.0,school_panel,2.0,2.0,331.0,,331.0,3114.0,1120.0,Estimate
1996,2650,GRANADA RE-1,Prowers,099,district,24.5,published,24.5,,2.0,school_panel,2.0,2.0,285.0,,285.0,3144.0,1129.0,Estimate
1997,2650,GRANADA RE-1,Prowers,099,district,26.0,published,26.0,,2.0,school_panel,2.0,2.0,298.0,,298.0,3159.0,1128.0,Estimate
1998,2650,GRANADA RE-1,Prowers,099,district,26.0,published,26.0,,2.0,school_panel,2.0,2.0,309.0,,309.0,3171.0,1131.0,Estimate
1999,2650,GRANADA RE-1,Prowers,099,district,,,,,2.0,school_panel,2.0,2.0,312.0,,312.0,3192.0,1135.0,Estimate
2000,2650,GRANADA RE-1,Prowers,099,district,24.4286,school_sum,,24.4286,2.0,school_panel,,2.0,,,316.0,3197.0,1133.0,Estimate
2001,2650,GRANADA RE-1,Prowers,099,district,27.0,school_sum,,27.0,2.0,school_panel,,2.0,319.0,319.0,319.0,3019.0,1132.0,Estimate
2002,2650,GRANADA RE-1,Prowers,099,district,26.0,school_sum,,26.0,2.0,school_panel,,2.0,306.0,306.0,306.0,2907.0,1164.0,Estimate
2003,2650,GRANADA RE-1,Prowers,099,district,23.9844,school_sum,,23.9844,2.0,school_panel,,2.0,304.0,304.0,304.0,2814.0,1175.0,Estimate
2004,2650,GRANADA RE-1,Prowers,099,district,25.9838,school_sum,,25.9838,2.0,school_panel,,2.0,284.0,284.0,284.0,2724.0,1189.0,Estimate
2005,2650,GRANADA RE-1,Prowers,099,district,26.883,school_sum,,26.883,2.0,school_panel,,2.0,301.0,301.0,301.0,2669.0,1163.0,Estimate
2006,2650,GRANADA RE-1,Prowers,099,district,25.5039,school_sum,,25.5039,2.0,school_panel,,2.0,263.0,263.0,263.0,2595.0,1126.0,Estimate
2007,2650,GRANADA RE-1,Prowers,099,district,25.2201,school_sum,,25.2201,2.0,school_panel,,2.0,261.0,261.0,261.0,2519.0,1047.0,Estimate
2008,2650,GRANADA RE-1,Prowers,099,district,25.2201,school_sum,,25.2201,2.0,school_panel,,2.0,251.0,251.0,251.0,2508.0,997.0,Estimate
2009,2650,GRANADA RE-1,Prowers,099,district,22.8543,school_sum,,22.8543,2.0,school_panel,,2.0,243.0,243.0,243.0,2458.0,968.0,Estimate
2010,2650,GRANADA RE-1,Prowers,099,district,23.085,published,23.085,23.085,2.0,school_panel,,2.0,244.0,244.0,244.0,2437.0,962.0,Estimate
2011,2650,GRANADA RE-1,Prowers,099,district,23.55,school_sum,,23.55,2.0,school_panel,,2.0,247.0,247.0,247.0,2437.0,914.0,Estimate
2012,2650,GRANADA RE-1,Prowers,099,district,21.55,school_sum,,21.55,2.0,school_panel,,2.0,218.0,218.0,218.0,2413.0,903.0,Estimate
2013,2650,GRANADA RE-1,Prowers,099,district,19.24,school_sum,,19.24,2.0,school_panel,,2.0,202.0,202.0,202.0,2376.0,878.0,Estimate
2014,2650,GRANADA RE-1,Prowers,099,district,20.2308,school_sum,,20.2308,2.0,school_panel,,2.0,202.0,202.0,202.0,2348.0,805.0,Estimate
2015,2650,GRANADA RE-1,Prowers,099,district,19.23,school_sum,,19.23,2.0,school_panel,,2.0,214.0,214.0,214.0,2335.0,781.0,Estimate
2016,2650,GRANADA RE-1,Prowers,099,district,18.07,published,18.07,18.07,2.0,school_panel,,2.0,217.0,217.0,217.0,2304.0,827.0,Estimate
2017,2650,,Prowers,099,,,,,,2.0,school_panel,,2.0,204.0,204.0,204.0,2310.0,810.0,Estimate
2018,2650,GRANADA RE-1,Prowers,099,district,17.0,published,17.0,17.0,2.0,school_panel,,2.0,208.0,208.0,208.0,2306.0,814.0,Estimate
2019,2650,Granada RE-1,Prowers,099,district,16.9,school_sum,,16.9,2.0,school_panel,,2.0,197.0,197.0,197.0,2286.0,824.0,Estimate
2020,2650,,Prowers,099,,,,,,2.0,school_panel,,2.0,189.0,189.0,189.0,2265.0,840.0,Estimate
2021,2650,,Prowers,099,,,,,,2.0,school_panel,,2.0,196.0,196.0,196.0,2289.0,800.0,Estimate
2022,2650,Granada RE-1,Prowers,099,district,20.5,published,20.5,20.5,2.0,school_panel,,2.0,213.0,213.0,213.0,2267.0,780.0,Estimate
2023,2650,Granada RE-1,Prowers,099,district,21.5,published,21.5,21.5,2.0,school_panel,,2.0,202.0,202.0,202.0,2276.0,767.0,Estimate
2024,2650,Granada RE-1,Prowers,099,district,21.5,published,21.5,21.5,2.0,school_panel,,2.0,210.0,210.0,210.0,2334.0,772.0,Estimate
1990,2660,LAMAR RE-2,Prowers,099,district,117.0,published,117.0,,7.0,school_panel,7.0,7.0,2079.0,,2079.0,3036.0,1111.0,Estimate
1991,2660,LAMAR RE-2,Prowers,099,district,117.0,published,117.0,,7.0,school_panel,7.0,7.0,2020.0,,2020.0,2958.0,1080.0,Estimate
1992,2660,LAMAR RE-2,Prowers,099,district,115.0,published,115.0,,7.0,school_panel,7.0,7.0,2064.0,,2064.0,2982.0,1083.0,Estimate
1993,2660,LAMAR RE-2,Prowers,099,district,124.0,published,124.0,,7.0,school_panel,7.0,7.0,2093.0,,2093.0,3046.0,1103.0,Estimate
1994,2660,LAMAR RE-2,Prowers,099,district,126.5,published,126.5,,7.0,school_panel,7.0,7.0,2016.0,,2016.0,3095.0,1118.0,Estimate
1995,2660,LAMAR RE-2,Prowers,099,district,127.9,published,127.9,,7.0,school_panel,8.0,7.0,2031.0,,2031.0,3114.0,1120.0,Estimate
1996,2660,LAMAR RE-2,Prowers,099,district,127.5,published,127.5,,7.0,school_panel,7.0,7.0,2001.0,,2001.0,3144.0,1129.0,Estimate
1997,2660,LAMAR RE-2,Prowers,099,district,127.0,published,127.0,,7.0,school_panel,7.0,7.0,1973.0,,1973.0,3159.0,1128.0,Estimate
1998,2660,LAMAR RE-2,Prowers,099,district,,,,,7.0,school_panel,7.0,7.0,1915.0,,1915.0,3171.0,1131.0,Estimate
1999,2660,LAMAR RE-2,Prowers,099,district,,,,,7.0,school_panel,7.0,7.0,1953.0,,1953.0,3192.0,1135.0,Estimate
2000,2660,LAMAR RE-2,Prowers,099,district,117.8309,school_sum,,117.8309,7.0,school_panel,,7.0,,,1927.0,3197.0,1133.0,Estimate
2001,2660,LAMAR RE-2,Prowers,099,district,122.4183,school_sum,,122.4183,7.0,school_panel,,7.0,1837.0,1837.0,1837.0,3019.0,1132.0,Estimate
2002,2660,LAMAR RE-2,Prowers,099,district,120.4262,school_sum,,120.4262,7.0,school_panel,,7.0,1832.0,1832.0,1832.0,2907.0,1164.0,Estimate
2003,2660,LAMAR RE-2,Prowers,099,district,119.1153,school_sum,,119.1153,8.0,school_panel,,8.0,1846.0,1846.0,1846.0,2814.0,1175.0,Estimate
2004,2660,LAMAR RE-2,Prowers,099,district,117.7938,school_sum,,117.7938,8.0,school_panel,,8.0,1799.0,1799.0,1799.0,2724.0,1189.0,Estimate
2005,2660,LAMAR RE-2,Prowers,099,district,115.193,school_sum,,115.193,8.0,school_panel,,8.0,1778.0,1778.0,1778.0,2669.0,1163.0,Estimate
2006,2660,LAMAR RE-2,Prowers,099,district,111.8058,school_sum,,111.8058,7.0,school_panel,,7.0,1720.0,1720.0,1720.0,2595.0,1126.0,Estimate
2007,2660,LAMAR RE-2,Prowers,099,district,116.3139,school_sum,,116.3139,7.0,school_panel,,7.0,1676.0,1676.0,1676.0,2519.0,1047.0,Estimate
2008,2660,LAMAR RE-2,Prowers,099,district,118.2792,school_sum,,118.2792,7.0,school_panel,,7.0,1686.0,1686.0,1686.0,2508.0,997.0,Estimate
2009,2660,LAMAR RE-2,Prowers,099,district,119.601,school_sum,,119.601,7.0,school_panel,,7.0,1718.0,1718.0,1718.0,2458.0,968.0,Estimate
2010,2660,LAMAR RE-2,Prowers,099,district,118.237,published,118.237,118.237,7.0,school_panel,,7.0,1666.0,1666.0,1666.0,2437.0,962.0,Estimate
2011,2660,LAMAR RE-2,Prowers,099,district,106.48,school_sum,,106.48,6.0,school_panel,,6.0,1667.0,1667.0,1667.0,2437.0,914.0,Estimate
2012,2660,LAMAR RE-2,Prowers,099,district,104.66,school_sum,,104.66,6.0,school_panel,,6.0,1672.0,1672.0,1672.0,2413.0,903.0,Estimate
2013,2660,LAMAR RE-2,Prowers,099,district,100.87,school_sum,,100.87,6.0,school_panel,,6.0,1664.0,1664.0,1664.0,2376.0,878.0,Estimate
2014,2660,LAMAR RE-2,Prowers,099,district,102.8397,school_sum,,102.8397,6.0,school_panel,,6.0,1606.0,1606.0,1606.0,2348.0,805.0,Estimate
2015,2660,LAMAR RE-2,Prowers,099,district,105.72,school_sum,,105.72,6.0,school_panel,,6.0,1578.0,1578.0,1578.0,2335.0,781.0,Estimate
2016,2660,LAMAR RE-2,Prowers,099,district,105.51,published,105.51,105.52,6.0,school_panel,,6.0,1577.0,1577.0,1577.0,2304.0,827.0,Estimate
2017,2660,,Prowers,099,,,,,,6.0,school_panel,,6.0,1566.0,1566.0,1566.0,2310.0,810.0,Estimate
2018,2660,LAMAR RE-2,Prowers,099,district,105.4,published,105.4,105.41,6.0,school_panel,,6.0,1590.0,1590.0,1590.0,2306.0,814.0,Estimate
2019,2660,Lamar Re-2,Prowers,099,district,105.2,school_sum,,105.2,6.0,school_panel,,6.0,1588.0,1588.0,1588.0,2286.0,824.0,Estimate
2020,2660,,Prowers,099,,,,,,6.0,school_panel,,6.0,1539.0,1539.0,1539.0,2265.0,840.0,Estimate
2021,2660,,Prowers,099,,,,,,6.0,school_panel,,6.0,1573.0,1573.0,1573.0,2289.0,800.0,Estimate
2022,2660,Lamar Re-2,Prowers,099,district,95.8,published,95.8,95.8,6.0,school_panel,,6.0,1522.0,1522.0,1522.0,2267.0,780.0,Estimate
2023,2660,Lamar Re-2,Prowers,099,district,97.5,published,97.5,97.5,6.0,school_panel,,6.0,1463.0,1463.0,1463.0,2276.0,767.0,Estimate
2024,2660,Lamar Re-2,Prowers,099,district,92.9,published,92.9,93.0,6.0,school_panel,,6.0,1397.0,1397.0,1397.0,2334.0,772.0,Estimate
1990,2670,HOLLY RE-3,Prowers,099,district,28.5,published,28.5,,2.0,school_panel,2.0,2.0,359.0,,359.0,3036.0,1111.0,Estimate
1991,2670,HOLLY RE-3,Prowers,099,district,30.0,published,30.0,,2.0,school_panel,2.0,2.0,347.0,,347.0,2958.0,1080.0,Estimate
1992,2670,HOLLY RE-3,Prowers,099,district,24.0,published,24.0,,2.0,school_panel,2.0,2.0,359.0,,359.0,2982.0,1083.0,Estimate
1993,2670,HOLLY RE-3,Prowers,099,district,24.5,published,24.5,,2.0,school_panel,2.0,2.0,367.0,,367.0,3046.0,1103.0,Estimate
1994,2670,HOLLY RE-3,Prowers,099,district,28.0,published,28.0,,2.0,school_panel,2.0,2.0,375.0,,375.0,3095.0,1118.0,Estimate
1995,2670,HOLLY RE-3,Prowers,099,district,24.0,published,24.0,,2.0,school_panel,2.0,2.0,360.0,,360.0,3114.0,1120.0,Estimate
1996,2670,HOLLY RE-3,Prowers,099,district,25.0,published,25.0,,2.0,school_panel,2.0,2.0,363.0,,363.0,3144.0,1129.0,Estimate
1997,2670,HOLLY RE-3,Prowers,099,district,26.0,published,26.0,,2.0,school_panel,2.0,2.0,361.0,,361.0,3159.0,1128.0,Estimate
1998,2670,HOLLY RE-3,Prowers,099,district,26.2,published,26.2,,2.0,school_panel,2.0,2.0,365.0,,365.0,3171.0,1131.0,Estimate
1999,2670,HOLLY RE-3,Prowers,099,district,,,,,2.0,school_panel,2.0,2.0,362.0,,362.0,3192.0,1135.0,Estimate
2000,2670,HOLLY RE-3,Prowers,099,district,28.2223,school_sum,,28.2223,2.0,school_panel,,2.0,,,374.0,3197.0,1133.0,Estimate
2001,2670,HOLLY RE-3,Prowers,099,district,29.0465,school_sum,,29.0465,2.0,school_panel,,2.0,184.0,184.0,362.0,3019.0,1132.0,Estimate
2002,2670,HOLLY RE-3,Prowers,099,district,28.6715,school_sum,,28.6715,2.0,school_panel,,2.0,178.0,178.0,345.0,2907.0,1164.0,Estimate
2003,2670,HOLLY RE-3,Prowers,099,district,30.2668,school_sum,,30.2668,2.0,school_panel,,2.0,362.0,362.0,362.0,2814.0,1175.0,Estimate
2004,2670,HOLLY RE-3,Prowers,099,district,28.2668,school_sum,,28.2668,2.0,school_panel,,2.0,340.0,340.0,340.0,2724.0,1189.0,Estimate
2005,2670,HOLLY RE-3,Prowers,099,district,27.4584,school_sum,,27.4584,2.0,school_panel,,2.0,306.0,306.0,306.0,2669.0,1163.0,Estimate
2006,2670,HOLLY RE-3,Prowers,099,district,26.7916,school_sum,,26.7916,2.0,school_panel,,2.0,318.0,318.0,318.0,2595.0,1126.0,Estimate
2007,2670,HOLLY RE-3,Prowers,099,district,25.7916,school_sum,,25.7916,2.0,school_panel,,2.0,304.0,304.0,304.0,2519.0,1047.0,Estimate
2008,2670,HOLLY RE-3,Prowers,099,district,25.4584,school_sum,,25.4584,3.0,school_panel,,3.0,299.0,299.0,299.0,2508.0,997.0,Estimate
2009,2670,HOLLY RE-3,Prowers,099,district,26.4584,school_sum,,26.4584,3.0,school_panel,,3.0,291.0,291.0,291.0,2458.0,968.0,Estimate
2010,2670,HOLLY RE-3,Prowers,099,district,24.125,published,24.125,24.126,3.0,school_panel,,3.0,292.0,292.0,292.0,2437.0,962.0,Estimate
2011,2670,HOLLY RE-3,Prowers,099,district,21.19,school_sum,,21.19,3.0,school_panel,,3.0,294.0,294.0,294.0,2437.0,914.0,Estimate
2012,2670,HOLLY RE-3,Prowers,099,district,22.19,school_sum,,22.19,3.0,school_panel,,3.0,292.0,292.0,292.0,2413.0,903.0,Estimate
2013,2670,HOLLY RE-3,Prowers,099,district,23.77,school_sum,,23.77,3.0,school_panel,,3.0,299.0,299.0,299.0,2376.0,878.0,Estimate
2014,2670,HOLLY RE-3,Prowers,099,district,24.2692,school_sum,,24.2692,3.0,school_panel,,3.0,302.0,302.0,302.0,2348.0,805.0,Estimate
2015,2670,HOLLY RE-3,Prowers,099,district,23.89,school_sum,,23.89,3.0,school_panel,,3.0,293.0,293.0,293.0,2335.0,781.0,Estimate
2016,2670,HOLLY RE-3,Prowers,099,district,22.25,published,22.25,22.26,3.0,school_panel,,3.0,308.0,308.0,308.0,2304.0,827.0,Estimate
2017,2670,,Prowers,099,,,,,,3.0,school_panel,,3.0,308.0,308.0,308.0,2310.0,810.0,Estimate
2018,2670,HOLLY RE-3,Prowers,099,district,24.41,published,24.41,24.41,3.0,school_panel,,3.0,308.0,308.0,308.0,2306.0,814.0,Estimate
2019,2670,Holly RE-3,Prowers,099,district,22.9,school_sum,,22.9,1.0,school_panel,,1.0,304.0,304.0,304.0,2286.0,824.0,Estimate
2020,2670,,Prowers,099,,,,,,1.0,school_panel,,1.0,278.0,278.0,278.0,2265.0,840.0,Estimate
2021,2670,,Prowers,099,,,,,,1.0,school_panel,,1.0,275.0,275.0,275.0,2289.0,800.0,Estimate
2022,2670,Holly RE-3,Prowers,099,district,17.9,published,17.9,17.9,1.0,school_panel,,1.0,273.0,273.0,273.0,2267.0,780.0,Estimate
2023,2670,Holly RE-3,Prowers,099,district,18.0,published,18.0,18.0,1.0,school_panel,,1.0,267.0,267.0,267.0,2276.0,767.0,Estimate
2024,2670,Holly RE-3,Prowers,099,district,20.0,published,20.0,20.0,1.0,school_panel,,1.0,276.0,276.0,276.0,2334.0,772.0,Estimate
1990,2680,WILEY RE-13 JT,Prowers,099,district,20.0,published,20.0,,2.0,school_panel,2.0,2.0,297.0,,297.0,3036.0,1111.0,Estimate
1991,2680,WILEY RE-13 JT,Prowers,099,district,21.0,published,21.0,,2.0,school_panel,2.0,2.0,323.0,,323.0,2958.0,1080.0,Estimate
1992,2680,WILEY RE-13 JT,Prowers,099,district,21.0,published,21.0,,2.0,school_panel,2.0,2.0,323.0,,323.0,2982.0,1083.0,Estimate
1993,2680,WILEY RE-13 JT,Prowers,099,district,20.4,published,20.4,,2.0,school_panel,2.0,2.0,329.0,,329.0,3046.0,1103.0,Estimate
1994,2680,WILEY RE-13 JT,Prowers,099,district,21.7,published,21.7,,2.0,school_panel,2.0,2.0,341.0,,341.0,3095.0,1118.0,Estimate
1995,2680,WILEY RE-13 JT,Prowers,099,district,22.8,published,22.8,,2.0,school_panel,2.0,2.0,358.0,,358.0,3114.0,1120.0,Estimate
1996,2680,WILEY RE-13 JT,Prowers,099,district,24.0,published,24.0,,2.0,school_panel,2.0,2.0,337.0,,337.0,3144.0,1129.0,Estimate
1997,2680,WILEY RE-13 JT,Prowers,099,district,24.6,published,24.6,,2.0,school_panel,2.0,2.0,350.0,,350.0,3159.0,1128.0,Estimate
1998,2680,WILEY RE-13 JT,Prowers,099,district,26.6,published,26.6,,2.0,school_panel,2.0,2.0,369.0,,369.0,3171.0,1131.0,Estimate
1999,2680,WILEY RE-13 JT,Prowers,099,district,,,,,2.0,school_panel,2.0,2.0,343.0,,343.0,3192.0,1135.0,Estimate
2000,2680,WILEY RE-13 JT,Prowers,099,district,23.6652,school_sum,,23.6652,2.0,school_panel,,2.0,,,324.0,3197.0,1133.0,Estimate
2001,2680,WILEY RE-13 JT,Prowers,099,district,23.75,school_sum,,23.75,2.0,school_panel,,2.0,182.0,182.0,346.0,3019.0,1132.0,Estimate
2002,2680,WILEY RE-13 JT,Prowers,099,district,26.9536,school_sum,,26.9536,2.0,school_panel,,2.0,173.0,173.0,307.0,2907.0,1164.0,Estimate
2003,2680,WILEY RE-13 JT,Prowers,099,district,28.9348,school_sum,,28.9348,2.0,school_panel,,2.0,313.0,313.0,313.0,2814.0,1175.0,Estimate
2004,2680,WILEY RE-13 JT,Prowers,099,district,27.3893,school_sum,,27.3893,2.0,school_panel,,2.0,310.0,310.0,310.0,2724.0,1189.0,Estimate
2005,2680,WILEY RE-13 JT,Prowers,099,district,24.9591,school_sum,,24.9591,2.0,school_panel,,2.0,285.0,285.0,285.0,2669.0,1163.0,Estimate
2006,2680,WILEY RE-13 JT,Prowers,099,district,25.4306,school_sum,,25.4306,2.0,school_panel,,2.0,292.0,292.0,292.0,2595.0,1126.0,Estimate
2007,2680,WILEY RE-13 JT,Prowers,099,district,27.0139,school_sum,,27.0139,2.0,school_panel,,2.0,284.0,284.0,284.0,2519.0,1047.0,Estimate
2008,2680,WILEY RE-13 JT,Prowers,099,district,26.6028,school_sum,,26.6028,2.0,school_panel,,2.0,255.0,255.0,255.0,2508.0,997.0,Estimate
2009,2680,WILEY RE-13 JT,Prowers,099,district,21.5278,school_sum,,21.5278,2.0,school_panel,,2.0,236.0,236.0,236.0,2458.0,968.0,Estimate
2010,2680,WILEY RE-13 JT,Prowers,099,district,21.685,published,21.685,11.117,2.0,school_panel,,2.0,237.0,237.0,237.0,2437.0,962.0,Estimate
2011,2680,WILEY RE-13 JT,Prowers,099,district,20.95,school_sum,,20.95,2.0,school_panel,,2.0,235.0,235.0,235.0,2437.0,914.0,Estimate
2012,2680,WILEY RE-13 JT,Prowers,099,district,21.11,school_sum,,21.11,2.0,school_panel,,2.0,242.0,242.0,242.0,2413.0,903.0,Estimate
2013,2680,WILEY RE-13 JT,Prowers,099,district,21.43,school_sum,,21.43,2.0,school_panel,,2.0,226.0,226.0,226.0,2376.0,878.0,Estimate
2014,2680,WILEY RE-13 JT,Prowers,099,district,28.8522,school_sum,,28.8522,2.0,school_panel,,2.0,250.0,250.0,250.0,2348.0,805.0,Estimate
2015,2680,WILEY RE-13 JT,Prowers,099,district,23.2,school_sum,,23.2,2.0,school_panel,,2.0,262.0,262.0,262.0,2335.0,781.0,Estimate
2016,2680,WILEY RE-13 JT,Prowers,099,district,22.24,published,22.24,22.24,2.0,school_panel,,2.0,268.0,268.0,268.0,2304.0,827.0,Estimate
2017,2680,,Prowers,099,,,,,,2.0,school_panel,,2.0,249.0,249.0,249.0,2310.0,810.0,Estimate
2018,2680,WILEY RE-13 JT,Prowers,099,district,21.88,published,21.88,21.88,2.0,school_panel,,2.0,237.0,237.0,237.0,2306.0,814.0,Estimate
2019,2680,Wiley RE-13 Jt,Prowers,099,district,22.9,school_sum,,22.9,2.0,school_panel,,2.0,238.0,238.0,238.0,2286.0,824.0,Estimate
2020,2680,,Prowers,099,,,,,,2.0,school_panel,,2.0,263.0,263.0,263.0,2265.0,840.0,Estimate
2021,2680,,Prowers,099,,,,,,2.0,school_panel,,2.0,262.0,262.0,262.0,2289.0,800.0,Estimate
2022,2680,Wiley RE-13 Jt,Prowers,099,district,22.1,published,22.1,22.1,2.0,school_panel,,2.0,266.0,266.0,266.0,2267.0,780.0,Estimate
2023,2680,Wiley RE-13 Jt,Prowers,099,district,26.6,published,26.6,26.6,2.0,school_panel,,2.0,266.0,266.0,266.0,2276.0,767.0,Estimate
2024,2680,Wiley RE-13 Jt,Prowers,099,district,24.6,published,24.6,24.7,2.0,school_panel,,2.0,270.0,270.0,270.0,2334.0,772.0,Estimate
1990,2690,PUEBLO CITY 60,Pueblo,101,district,998.5,published,998.5,,34.0,school_panel,34.0,34.0,18364.0,,18364.0,23908.0,8649.0,Estimate
1991,2690,PUEBLO CITY 60,Pueblo,101,district,962.2,published,962.2,,34.0,school_panel,34.0,34.0,18339.0,,18339.0,23966.0,8645.0,Estimate
1992,2690,PUEBLO CITY 60,Pueblo,101,district,952.5,published,952.5,,35.0,school_panel,35.0,35.0,18297.0,,18297.0,24101.0,8673.0,Estimate
1993,2690,PUEBLO CITY 60,Pueblo,101,district,942.4,published,942.4,,35.0,school_panel,35.0,35.0,18037.0,,18037.0,24431.0,8770.0,Estimate
1994,2690,PUEBLO CITY 60,Pueblo,101,district,946.9,published,946.9,,36.0,school_panel,34.0,36.0,18001.0,,18001.0,24843.0,8895.0,Estimate
1995,2690,PUEBLO CITY 60,Pueblo,101,district,947.5,published,947.5,,34.0,school_panel,34.0,34.0,17817.0,,17817.0,25204.0,9004.0,Estimate
1996,2690,PUEBLO CITY 60,Pueblo,101,district,931.2,published,931.2,,37.0,school_panel,35.0,37.0,18100.0,,18100.0,25476.0,9081.0,Estimate
1997,2690,PUEBLO CITY 60,Pueblo,101,district,936.7,published,936.7,,38.0,school_panel,35.0,38.0,17970.0,,17970.0,25866.0,9197.0,Estimate
1998,2690,PUEBLO CITY 60,Pueblo,101,district,1063.0,published,1063.0,,36.0,school_panel,36.0,36.0,17789.0,,17789.0,26316.0,9333.0,Estimate
1999,2690,PUEBLO CITY 60,Pueblo,101,district,,,,,36.0,school_panel,35.0,36.0,17564.0,,17564.0,26711.0,9450.0,Estimate
2000,2690,PUEBLO CITY 60,Pueblo,101,district,971.62,school_sum,,971.62,39.0,school_panel,,39.0,,,17571.0,27069.0,9552.0,Estimate
2001,2690,PUEBLO CITY 60,Pueblo,101,district,1036.8533,school_sum,,1036.8533,42.0,school_panel,,42.0,15192.0,15192.0,17738.0,27220.0,9640.0,Estimate
2002,2690,PUEBLO CITY 60,Pueblo,101,district,1102.9907,school_sum,,1102.9907,45.0,school_panel,,45.0,16207.0,16207.0,17875.0,27414.0,9891.0,Estimate
2003,2690,PUEBLO CITY 60,Pueblo,101,district,1088.6895,school_sum,,1088.6895,41.0,school_panel,,41.0,17693.0,17693.0,17693.0,27349.0,10001.0,Estimate
2004,2690,PUEBLO CITY 60,Pueblo,101,district,1085.726,school_sum,,1085.726,39.0,school_panel,,39.0,17600.0,17600.0,17600.0,27233.0,10030.0,Estimate
2005,2690,PUEBLO CITY 60,Pueblo,101,district,1063.7387,school_sum,,1063.7387,39.0,school_panel,,39.0,17730.0,17730.0,17730.0,27326.0,10027.0,Estimate
2006,2690,PUEBLO CITY 60,Pueblo,101,district,1091.749,school_sum,,1091.749,38.0,school_panel,,38.0,17915.0,17915.0,17915.0,27606.0,10136.0,Estimate
2007,2690,PUEBLO CITY 60,Pueblo,101,district,1059.7861,school_sum,,1059.7861,38.0,school_panel,,38.0,18289.0,18289.0,18289.0,28135.0,10292.0,Estimate
2008,2690,PUEBLO CITY 60,Pueblo,101,district,1109.1487,school_sum,,1109.1487,38.0,school_panel,,38.0,18504.0,18504.0,18504.0,28241.0,10369.0,Estimate
2009,2690,PUEBLO CITY 60,Pueblo,101,district,1055.1061,school_sum,,1055.1061,38.0,school_panel,,38.0,18304.0,18304.0,18304.0,28219.0,10425.0,Estimate
2010,2690,PUEBLO CITY 60,Pueblo,101,district,1043.777,published,1043.777,1039.446,38.0,school_panel,,38.0,18420.0,18420.0,18420.0,28361.0,10539.0,Estimate
2011,2690,PUEBLO CITY 60,Pueblo,101,district,1036.82,school_sum,,1036.82,36.0,school_panel,,36.0,17877.0,17877.0,17877.0,28419.0,10255.0,Estimate
2012,2690,PUEBLO CITY 60,Pueblo,101,district,1030.95,school_sum,,1030.95,33.0,school_panel,,33.0,17692.0,17692.0,17692.0,28545.0,9913.0,Estimate
2013,2690,PUEBLO CITY 60,Pueblo,101,district,1034.6,school_sum,,1034.6,33.0,school_panel,,33.0,17990.0,17990.0,17990.0,28615.0,9587.0,Estimate
2014,2690,PUEBLO CITY 60,Pueblo,101,district,1010.2129,school_sum,,1010.2129,33.0,school_panel,,33.0,17960.0,17960.0,17960.0,28597.0,9397.0,Estimate
2015,2690,PUEBLO CITY 60,Pueblo,101,district,1023.8,school_sum,,1023.8,33.0,school_panel,,33.0,17665.0,17665.0,17665.0,28876.0,9328.0,Estimate
2016,2690,PUEBLO CITY 60,Pueblo,101,district,1010.49,published,1010.49,990.48,33.0,school_panel,,33.0,17257.0,17257.0,17257.0,28920.0,9390.0,Estimate
2017,2690,,Pueblo,101,,,,,,35.0,school_panel,,35.0,16900.0,16900.0,16900.0,28859.0,9338.0,Estimate
2018,2690,PUEBLO CITY 60,Pueblo,101,district,934.86,published,934.86,918.52,35.0,school_panel,,35.0,16376.0,16376.0,16376.0,28657.0,9338.0,Estimate
2019,2690,Pueblo City 60,Pueblo,101,district,881.7,school_sum,,881.7,33.0,school_panel,,33.0,16009.0,16009.0,16009.0,28454.0,9229.0,Estimate
2020,2690,,Pueblo,101,,,,,,34.0,school_panel,,34.0,15167.0,15167.0,15167.0,28014.0,9022.0,Estimate
2021,2690,,Pueblo,101,,,,,,34.0,school_panel,,34.0,15134.0,15134.0,15134.0,27704.0,8862.0,Estimate
2022,2690,Pueblo City 60,Pueblo,101,district,854.3,school_sum,,854.3,34.0,school_panel,,34.0,15007.0,15007.0,15007.0,27362.0,8769.0,Estimate
2023,2690,Pueblo City 60,Pueblo,101,district,824.1,published,824.1,824.1,34.0,school_panel,,34.0,14549.0,14549.0,14549.0,27094.0,8633.0,Estimate
2024,2690,Pueblo City 60,Pueblo,101,district,845.1,published,845.1,831.4,32.0,school_panel,,32.0,14089.0,14089.0,14089.0,26836.0,8498.0,Estimate
1990,2700,PUEBLO COUNTY RURAL 70,Pueblo,101,district,229.0,published,229.0,,14.0,school_panel,14.0,14.0,4129.0,,4129.0,23908.0,8649.0,Estimate
1991,2700,PUEBLO COUNTY RURAL 70,Pueblo,101,district,225.0,published,225.0,,15.0,school_panel,15.0,15.0,4239.0,,4239.0,23966.0,8645.0,Estimate
1992,2700,PUEBLO COUNTY RURAL 70,Pueblo,101,district,227.4,published,227.4,,15.0,school_panel,14.0,15.0,4406.0,,4406.0,24101.0,8673.0,Estimate
1993,2700,PUEBLO COUNTY RURAL 70,Pueblo,101,district,229.9,published,229.9,,16.0,school_panel,15.0,16.0,4557.0,,4557.0,24431.0,8770.0,Estimate
1994,2700,PUEBLO COUNTY RURAL 70,Pueblo,101,district,253.9,published,253.9,,16.0,school_panel,15.0,16.0,4749.0,,4749.0,24843.0,8895.0,Estimate
1995,2700,PUEBLO COUNTY RURAL 70,Pueblo,101,district,260.7,published,260.7,,16.0,school_panel,15.0,16.0,5160.0,,5160.0,25204.0,9004.0,Estimate
1996,2700,PUEBLO COUNTY RURAL 70,Pueblo,101,district,290.7,published,290.7,,18.0,school_panel,17.0,18.0,5524.0,,5524.0,25476.0,9081.0,Estimate
1997,2700,PUEBLO COUNTY RURAL 70,Pueblo,101,district,306.2,published,306.2,,19.0,school_panel,18.0,19.0,6087.0,,6087.0,25866.0,9197.0,Estimate
1998,2700,PUEBLO COUNTY RURAL 70,Pueblo,101,district,342.6,published,342.6,,21.0,school_panel,20.0,21.0,6456.0,,6456.0,26316.0,9333.0,Estimate
1999,2700,PUEBLO COUNTY RURAL 70,Pueblo,101,district,,,,,20.0,school_panel,20.0,20.0,6845.0,,6845.0,26711.0,9450.0,Estimate
2000,2700,PUEBLO COUNTY RURAL 70,Pueblo,101,district,372.8925,school_sum,,372.8925,20.0,school_panel,,20.0,,,7222.0,27069.0,9552.0,Estimate
2001,2700,PUEBLO COUNTY RURAL 70,Pueblo,101,district,408.0061,school_sum,,408.0061,22.0,school_panel,,22.0,7554.0,7554.0,7554.0,27220.0,9640.0,Estimate
2002,2700,PUEBLO COUNTY RURAL 70,Pueblo,101,district,425.7648,school_sum,,425.7648,22.0,school_panel,,22.0,7827.0,7827.0,7827.0,27414.0,9891.0,Estimate
2003,2700,PUEBLO COUNTY RURAL 70,Pueblo,101,district,429.1607,school_sum,,429.1607,22.0,school_panel,,22.0,8045.0,8045.0,8045.0,27349.0,10001.0,Estimate
2004,2700,PUEBLO COUNTY RURAL 70,Pueblo,101,district,433.7132,school_sum,,433.7132,24.0,school_panel,,24.0,8185.0,8185.0,8185.0,27233.0,10030.0,Estimate
2005,2700,PUEBLO COUNTY RURAL 70,Pueblo,101,district,444.1531,school_sum,,444.1531,24.0,school_panel,,24.0,8535.0,8535.0,8535.0,27326.0,10027.0,Estimate
2006,2700,PUEBLO COUNTY RURAL 70,Pueblo,101,district,468.2243,school_sum,,468.2243,24.0,school_panel,,24.0,8771.0,8771.0,8771.0,27606.0,10136.0,Estimate
2007,2700,PUEBLO COUNTY RURAL 70,Pueblo,101,district,464.1027,school_sum,,464.1027,24.0,school_panel,,24.0,8798.0,8798.0,8798.0,28135.0,10292.0,Estimate
2008,2700,PUEBLO COUNTY 70,Pueblo,101,district,477.6805,school_sum,,477.6805,25.0,school_panel,,25.0,8901.0,8901.0,8901.0,28241.0,10369.0,Estimate
2009,2700,PUEBLO COUNTY 70,Pueblo,101,district,485.9187,school_sum,,485.9187,25.0,school_panel,,25.0,8929.0,8929.0,8929.0,28219.0,10425.0,Estimate
2010,2700,PUEBLO COUNTY RURAL 70,Pueblo,101,district,469.634,published,469.634,469.633,25.0,school_panel,,25.0,8836.0,8836.0,8836.0,28361.0,10539.0,Estimate
2011,2700,PUEBLO COUNTY 70,Pueblo,101,district,462.17,school_sum,,462.17,25.0,school_panel,,25.0,8971.0,8971.0,8971.0,28419.0,10255.0,Estimate
2012,2700,PUEBLO COUNTY 70,Pueblo,101,district,475.81,school_sum,,475.81,25.0,school_panel,,25.0,9107.0,9107.0,9107.0,28545.0,9913.0,Estimate
2013,2700,PUEBLO COUNTY 70,Pueblo,101,district,503.32,school_sum,,503.32,24.0,school_panel,,24.0,9257.0,9257.0,9257.0,28615.0,9587.0,Estimate
2014,2700,PUEBLO COUNTY 70,Pueblo,101,district,498.1863,school_sum,,498.1863,24.0,school_panel,,24.0,9310.0,9310.0,9310.0,28597.0,9397.0,Estimate
2015,2700,PUEBLO COUNTY 70,Pueblo,101,district,485.78,school_sum,,485.78,24.0,school_panel,,24.0,9582.0,9582.0,9582.0,28876.0,9328.0,Estimate
2016,2700,PUEBLO COUNTY 70,Pueblo,101,district,484.95,published,484.95,484.93,24.0,school_panel,,24.0,9648.0,9648.0,9648.0,28920.0,9390.0,Estimate
2017,2700,,Pueblo,101,,,,,,24.0,school_panel,,24.0,9861.0,9861.0,9861.0,28859.0,9338.0,Estimate
2018,2700,PUEBLO COUNTY 70,Pueblo,101,district,514.47,published,514.47,513.58,25.0,school_panel,,25.0,10033.0,10033.0,10033.0,28657.0,9338.0,Estimate
2019,2700,Pueblo County 70,Pueblo,101,district,542.8,school_sum,,542.8,26.0,school_panel,,26.0,10555.0,10555.0,10555.0,28454.0,9229.0,Estimate
2020,2700,,Pueblo,101,,,,,,26.0,school_panel,,26.0,10320.0,10320.0,10320.0,28014.0,9022.0,Estimate
2021,2700,,Pueblo,101,,,,,,26.0,school_panel,,26.0,10247.0,10247.0,10232.0,27704.0,8862.0,Estimate
2022,2700,Pueblo County 70,Pueblo,101,district,565.6,school_sum,,565.6,27.0,school_panel,,27.0,10629.0,10629.0,10501.0,27362.0,8769.0,Estimate
2023,2700,Pueblo County 70,Pueblo,101,district,582.2999999999998,published,582.2999999999998,582.3,27.0,school_panel,,27.0,10655.0,10655.0,10644.0,27094.0,8633.0,Estimate
2024,2700,Pueblo County 70,Pueblo,101,district,563.4,published,563.4,563.7,26.0,school_panel,,26.0,10392.0,10392.0,10386.0,26836.0,8498.0,Estimate
1990,2710,MEEKER RE1,Rio Blanco,103,district,46.3,published,46.3,,3.0,school_panel,3.0,3.0,723.0,,723.0,1377.0,463.0,Estimate
1991,2710,MEEKER RE1,Rio Blanco,103,district,42.2,published,42.2,,3.0,school_panel,3.0,3.0,782.0,,782.0,1349.0,443.0,Estimate
1992,2710,MEEKER RE1,Rio Blanco,103,district,43.5,published,43.5,,3.0,school_panel,3.0,3.0,776.0,,776.0,1372.0,440.0,Estimate
1993,2710,MEEKER RE1,Rio Blanco,103,district,43.5,published,43.5,,3.0,school_panel,3.0,3.0,743.0,,743.0,1381.0,436.0,Estimate
1994,2710,MEEKER RE1,Rio Blanco,103,district,42.5,published,42.5,,3.0,school_panel,3.0,3.0,806.0,,806.0,1380.0,428.0,Estimate
1995,2710,MEEKER RE1,Rio Blanco,103,district,43.7,published,43.7,,3.0,school_panel,3.0,3.0,800.0,,800.0,1388.0,421.0,Estimate
1996,2710,MEEKER RE1,Rio Blanco,103,district,47.7,published,47.7,,3.0,school_panel,3.0,3.0,782.0,,782.0,1364.0,405.0,Estimate
1997,2710,MEEKER RE1,Rio Blanco,103,district,47.2,published,47.2,,3.0,school_panel,3.0,3.0,751.0,,751.0,1346.0,393.0,Estimate
1998,2710,MEEKER RE1,Rio Blanco,103,district,46.3,published,46.3,,3.0,school_panel,3.0,3.0,751.0,,751.0,1318.0,374.0,Estimate
1999,2710,MEEKER RE1,Rio Blanco,103,district,,,,,3.0,school_panel,3.0,3.0,706.0,,706.0,1277.0,354.0,Estimate
2000,2710,MEEKER RE1,Rio Blanco,103,district,44.3944,school_sum,,44.3944,3.0,school_panel,,3.0,,,687.0,1241.0,339.0,Estimate
2001,2710,MEEKER RE1,Rio Blanco,103,district,41.7083,school_sum,,41.7083,3.0,school_panel,,3.0,662.0,662.0,662.0,1197.0,319.0,Estimate
2002,2710,MEEKER RE1,Rio Blanco,103,district,40.2686,school_sum,,40.2686,3.0,school_panel,,3.0,624.0,624.0,624.0,1169.0,322.0,Estimate
2003,2710,MEEKER RE1,Rio Blanco,103,district,36.0535,school_sum,,36.0535,3.0,school_panel,,3.0,624.0,624.0,624.0,1119.0,312.0,Estimate
2004,2710,MEEKER RE1,Rio Blanco,103,district,36.9464,school_sum,,36.9464,3.0,school_panel,,3.0,637.0,637.0,637.0,1093.0,332.0,Estimate
2005,2710,MEEKER RE1,Rio Blanco,103,district,36.7238,school_sum,,36.7238,3.0,school_panel,,3.0,648.0,648.0,648.0,1029.0,332.0,Estimate
2006,2710,MEEKER RE1,Rio Blanco,103,district,39.1114,school_sum,,39.1114,3.0,school_panel,,3.0,678.0,678.0,678.0,1009.0,354.0,Estimate
2007,2710,MEEKER RE1,Rio Blanco,103,district,40.4522,school_sum,,40.4522,3.0,school_panel,,3.0,690.0,690.0,690.0,1007.0,379.0,Estimate
2008,2710,MEEKER RE1,Rio Blanco,103,district,46.9723,school_sum,,46.9723,3.0,school_panel,,3.0,725.0,725.0,725.0,989.0,405.0,Estimate
2009,2710,MEEKER RE1,Rio Blanco,103,district,42.0519,school_sum,,42.0519,3.0,school_panel,,3.0,707.0,707.0,707.0,1040.0,443.0,Estimate
2010,2710,MEEKER RE1,Rio Blanco,103,district,42.052,published,42.052,10.566,3.0,school_panel,,3.0,667.0,667.0,667.0,1127.0,484.0,Estimate
2011,2710,MEEKER RE1,Rio Blanco,103,district,29.63,school_sum,,29.63,3.0,school_panel,,3.0,715.0,715.0,715.0,1188.0,506.0,Estimate
2012,2710,MEEKER RE1,Rio Blanco,103,district,37.45,school_sum,,37.45,3.0,school_panel,,3.0,699.0,699.0,699.0,1247.0,482.0,Estimate
2013,2710,MEEKER RE1,Rio Blanco,103,district,39.1,school_sum,,39.1,3.0,school_panel,,3.0,710.0,710.0,710.0,1261.0,468.0,Estimate
2014,2710,MEEKER RE1,Rio Blanco,103,district,42.9376,school_sum,,42.9376,3.0,school_panel,,3.0,697.0,697.0,697.0,1257.0,441.0,Estimate
2015,2710,MEEKER RE1,Rio Blanco,103,district,42.1,school_sum,,42.1,3.0,school_panel,,3.0,707.0,707.0,707.0,1265.0,428.0,Estimate
2016,2710,MEEKER RE1,Rio Blanco,103,district,40.19,published,40.19,43.63,3.0,school_panel,,3.0,745.0,745.0,745.0,1291.0,393.0,Estimate
2017,2710,,Rio Blanco,103,,,,,,3.0,school_panel,,3.0,742.0,742.0,742.0,1281.0,385.0,Estimate
2018,2710,MEEKER RE1,Rio Blanco,103,district,43.19,published,43.19,47.06,3.0,school_panel,,3.0,758.0,758.0,758.0,1292.0,388.0,Estimate
2019,2710,Meeker RE-1,Rio Blanco,103,district,48.2,school_sum,,48.2,3.0,school_panel,,3.0,760.0,760.0,760.0,1264.0,365.0,Estimate
2020,2710,,Rio Blanco,103,,,,,,3.0,school_panel,,3.0,681.0,681.0,681.0,1276.0,333.0,Estimate
2021,2710,,Rio Blanco,103,,,,,,3.0,school_panel,,3.0,724.0,724.0,718.0,1282.0,316.0,Estimate
2022,2710,Meeker RE-1,Rio Blanco,103,district,47.7,published,47.7,47.7,3.0,school_panel,,3.0,724.0,724.0,712.0,1300.0,329.0,Estimate
2023,2710,Meeker RE-1,Rio Blanco,103,district,44.8,published,44.8,44.8,3.0,school_panel,,3.0,731.0,731.0,720.0,1320.0,301.0,Estimate
2024,2710,Meeker RE-1,Rio Blanco,103,district,48.2,published,48.2,48.3,3.0,school_panel,,3.0,677.0,677.0,672.0,1293.0,294.0,Estimate
1990,2720,RANGELY RE-4,Rio Blanco,103,district,46.0,published,46.0,,3.0,school_panel,3.0,3.0,714.0,,714.0,1377.0,463.0,Estimate
1991,2720,RANGELY RE-4,Rio Blanco,103,district,43.0,published,43.0,,3.0,school_panel,3.0,3.0,697.0,,697.0,1349.0,443.0,Estimate
1992,2720,RANGELY RE-4,Rio Blanco,103,district,43.5,published,43.5,,3.0,school_panel,3.0,3.0,794.0,,794.0,1372.0,440.0,Estimate
1993,2720,RANGELY RE-4,Rio Blanco,103,district,40.5,published,40.5,,3.0,school_panel,3.0,3.0,816.0,,816.0,1381.0,436.0,Estimate
1994,2720,RANGELY RE-4,Rio Blanco,103,district,43.5,published,43.5,,3.0,school_panel,3.0,3.0,811.0,,811.0,1380.0,428.0,Estimate
1995,2720,RANGELY RE-4,Rio Blanco,103,district,45.5,published,45.5,,3.0,school_panel,3.0,3.0,838.0,,838.0,1388.0,421.0,Estimate
1996,2720,RANGELY RE-4,Rio Blanco,103,district,44.5,published,44.5,,3.0,school_panel,3.0,3.0,841.0,,841.0,1364.0,405.0,Estimate
1997,2720,RANGELY RE-4,Rio Blanco,103,district,43.5,published,43.5,,3.0,school_panel,3.0,3.0,765.0,,765.0,1346.0,393.0,Estimate
1998,2720,RANGELY RE-4,Rio Blanco,103,district,43.3,published,43.3,,3.0,school_panel,3.0,3.0,746.0,,746.0,1318.0,374.0,Estimate
1999,2720,RANGELY RE-4,Rio Blanco,103,district,,,,,3.0,school_panel,3.0,3.0,713.0,,713.0,1277.0,354.0,Estimate
2000,2720,RANGELY RE-4,Rio Blanco,103,district,39.5,school_sum,,39.5,3.0,school_panel,,3.0,,,643.0,1241.0,339.0,Estimate
2001,2720,RANGELY RE-4,Rio Blanco,103,district,33.5,school_sum,,33.5,3.0,school_panel,,3.0,594.0,594.0,594.0,1197.0,319.0,Estimate
2002,2720,RANGELY RE-4,Rio Blanco,103,district,33.0,school_sum,,33.0,3.0,school_panel,,3.0,564.0,564.0,564.0,1169.0,322.0,Estimate
2003,2720,RANGELY RE-4,Rio Blanco,103,district,29.75,school_sum,,29.75,3.0,school_panel,,3.0,582.0,582.0,582.0,1119.0,312.0,Estimate
2004,2720,RANGELY RE-4,Rio Blanco,103,district,29.0,school_sum,,29.0,3.0,school_panel,,3.0,517.0,517.0,517.0,1093.0,332.0,Estimate
2005,2720,RANGELY RE-4,Rio Blanco,103,district,28.25,school_sum,,28.25,3.0,school_panel,,3.0,490.0,490.0,490.0,1029.0,332.0,Estimate
2006,2720,RANGELY RE-4,Rio Blanco,103,district,29.0001,school_sum,,29.0001,3.0,school_panel,,3.0,478.0,478.0,478.0,1009.0,354.0,Estimate
2007,2720,RANGELY RE-4,Rio Blanco,103,district,31.1111,school_sum,,31.1111,3.0,school_panel,,3.0,495.0,495.0,495.0,1007.0,379.0,Estimate
2008,2720,RANGELY RE-4,Rio Blanco,103,district,35.3324,school_sum,,35.3324,3.0,school_panel,,3.0,517.0,517.0,517.0,989.0,405.0,Estimate
2009,2720,RANGELY RE-4,Rio Blanco,103,district,31.0,school_sum,,31.0,3.0,school_panel,,3.0,505.0,505.0,505.0,1040.0,443.0,Estimate
2010,2720,RANGELY RE-4,Rio Blanco,103,district,30.5,published,30.5,30.5,3.0,school_panel,,3.0,480.0,480.0,480.0,1127.0,484.0,Estimate
2011,2720,RANGELY RE-4,Rio Blanco,103,district,16.98,school_sum,,16.98,2.0,school_panel,,2.0,525.0,525.0,525.0,1188.0,506.0,Estimate
2012,2720,RANGELY RE-4,Rio Blanco,103,district,30.87,school_sum,,30.87,2.0,school_panel,,2.0,561.0,561.0,561.0,1247.0,482.0,Estimate
2013,2720,RANGELY RE-4,Rio Blanco,103,district,31.59,school_sum,,31.59,2.0,school_panel,,2.0,555.0,555.0,555.0,1261.0,468.0,Estimate
2014,2720,RANGELY RE-4,Rio Blanco,103,district,37.1877,school_sum,,37.1877,2.0,school_panel,,2.0,542.0,542.0,542.0,1257.0,441.0,Estimate
2015,2720,RANGELY RE-4,Rio Blanco,103,district,37.18,school_sum,,37.18,2.0,school_panel,,2.0,546.0,546.0,546.0,1265.0,428.0,Estimate
2016,2720,RANGELY RE-4,Rio Blanco,103,district,33.71,published,33.71,35.7,2.0,school_panel,,2.0,536.0,536.0,536.0,1291.0,393.0,Estimate
2017,2720,,Rio Blanco,103,,,,,,2.0,school_panel,,2.0,512.0,512.0,512.0,1281.0,385.0,Estimate
2018,2720,RANGELY RE-4,Rio Blanco,103,district,35.17,published,35.17,37.9,2.0,school_panel,,2.0,509.0,509.0,509.0,1292.0,388.0,Estimate
2019,2720,Rangely RE-4,Rio Blanco,103,district,35.3,school_sum,,35.3,2.0,school_panel,,2.0,518.0,518.0,518.0,1264.0,365.0,Estimate
2020,2720,,Rio Blanco,103,,,,,,2.0,school_panel,,2.0,493.0,493.0,493.0,1276.0,333.0,Estimate
2021,2720,,Rio Blanco,103,,,,,,2.0,school_panel,,2.0,494.0,494.0,494.0,1282.0,316.0,Estimate
2022,2720,Rangely RE-4,Rio Blanco,103,district,34.4,published,34.4,35.3,2.0,school_panel,,2.0,488.0,488.0,488.0,1300.0,329.0,Estimate
2023,2720,Rangely RE-4,Rio Blanco,103,district,36.400000000000006,published,36.400000000000006,36.4,2.0,school_panel,,2.0,502.0,502.0,502.0,1320.0,301.0,Estimate
2024,2720,Rangely RE-4,Rio Blanco,103,district,38.3,published,38.3,38.3,2.0,school_panel,,2.0,485.0,485.0,485.0,1293.0,294.0,Estimate
1990,2730,DEL NORTE C-7,Rio Grande,105,district,46.5,published,46.5,,4.0,school_panel,4.0,4.0,652.0,,652.0,2420.0,856.0,Estimate
1991,2730,DEL NORTE C-7,Rio Grande,105,district,46.7,published,46.7,,4.0,school_panel,4.0,4.0,686.0,,686.0,2419.0,849.0,Estimate
1992,2730,DEL NORTE C-7,Rio Grande,105,district,48.4,published,48.4,,4.0,school_panel,4.0,4.0,727.0,,727.0,2427.0,847.0,Estimate
1993,2730,DEL NORTE C-7,Rio Grande,105,district,47.4,published,47.4,,4.0,school_panel,4.0,4.0,730.0,,730.0,2470.0,856.0,Estimate
1994,2730,DEL NORTE C-7,Rio Grande,105,district,49.8,published,49.8,,4.0,school_panel,4.0,4.0,753.0,,753.0,2512.0,865.0,Estimate
1995,2730,DEL NORTE C-7,Rio Grande,105,district,53.1,published,53.1,,4.0,school_panel,4.0,4.0,814.0,,814.0,2547.0,870.0,Estimate
1996,2730,DEL NORTE C-7,Rio Grande,105,district,51.8,published,51.8,,4.0,school_panel,4.0,4.0,779.0,,779.0,2559.0,870.0,Estimate
1997,2730,DEL NORTE C-7,Rio Grande,105,district,53.0,published,53.0,,4.0,school_panel,4.0,4.0,799.0,,799.0,2574.0,870.0,Estimate
1998,2730,DEL NORTE C-7,Rio Grande,105,district,65.5,published,65.5,,4.0,school_panel,4.0,4.0,730.0,,730.0,2593.0,867.0,Estimate
1999,2730,DEL NORTE C-7,Rio Grande,105,district,,,,,4.0,school_panel,4.0,4.0,727.0,,727.0,2613.0,867.0,Estimate
2000,2730,DEL NORTE C-7,Rio Grande,105,district,52.599,school_sum,,52.599,4.0,school_panel,,4.0,,,720.0,2626.0,866.0,Estimate
2001,2730,DEL NORTE C-7,Rio Grande,105,district,58.0004,school_sum,,58.0004,4.0,school_panel,,4.0,708.0,708.0,708.0,2536.0,875.0,Estimate
2002,2730,DEL NORTE C-7,Rio Grande,105,district,58.0,school_sum,,58.0,4.0,school_panel,,4.0,696.0,696.0,696.0,2476.0,881.0,Estimate
2003,2730,DEL NORTE C-7,Rio Grande,105,district,51.375,school_sum,,51.375,4.0,school_panel,,4.0,666.0,666.0,666.0,2439.0,927.0,Estimate
2004,2730,DEL NORTE C-7,Rio Grande,105,district,49.6331,school_sum,,49.6331,4.0,school_panel,,4.0,661.0,661.0,661.0,2458.0,921.0,Estimate
2005,2730,DEL NORTE C-7,Rio Grande,105,district,50.6109,school_sum,,50.6109,4.0,school_panel,,4.0,613.0,613.0,613.0,2419.0,883.0,Estimate
2006,2730,DEL NORTE C-7,Rio Grande,105,district,51.3888,school_sum,,51.3888,4.0,school_panel,,4.0,622.0,622.0,622.0,2318.0,840.0,Estimate
2007,2730,DEL NORTE C-7,Rio Grande,105,district,49.9442,school_sum,,49.9442,4.0,school_panel,,4.0,591.0,591.0,591.0,2269.0,818.0,Estimate
2008,2730,DEL NORTE C-7,Rio Grande,105,district,50.4999,school_sum,,50.4999,4.0,school_panel,,4.0,565.0,565.0,565.0,2251.0,803.0,Estimate
2009,2730,DEL NORTE C-7,Rio Grande,105,district,48.7554,school_sum,,48.7554,4.0,school_panel,,4.0,597.0,597.0,597.0,2234.0,780.0,Estimate
2010,2730,DEL NORTE C-7,Rio Grande,105,district,49.739,published,49.739,49.739,4.0,school_panel,,4.0,567.0,567.0,567.0,2233.0,795.0,Estimate
2011,2730,DEL NORTE C-7,Rio Grande,105,district,37.89,school_sum,,37.89,4.0,school_panel,,4.0,522.0,522.0,522.0,2183.0,777.0,Estimate
2012,2730,DEL NORTE C-7,Rio Grande,105,district,36.0,school_sum,,36.0,3.0,school_panel,,3.0,475.0,475.0,475.0,2149.0,750.0,Estimate
2013,2730,DEL NORTE C-7,Rio Grande,105,district,41.09,school_sum,,41.09,3.0,school_panel,,3.0,443.0,443.0,443.0,2116.0,759.0,Estimate
2014,2730,DEL NORTE C-7,Rio Grande,105,district,39.1933,school_sum,,39.1933,3.0,school_panel,,3.0,417.0,417.0,417.0,2097.0,753.0,Estimate
2015,2730,DEL NORTE C-7,Rio Grande,105,district,37.07,school_sum,,37.07,3.0,school_panel,,3.0,426.0,426.0,426.0,2107.0,710.0,Estimate
2016,2730,DEL NORTE C-7,Rio Grande,105,district,35.09,published,35.09,35.1,3.0,school_panel,,3.0,439.0,439.0,439.0,2093.0,698.0,Estimate
2017,2730,,Rio Grande,105,,,,,,2.0,school_panel,,2.0,411.0,411.0,411.0,2064.0,684.0,Estimate
2018,2730,UPPER RIO GRANDE SCHOOL DISTRICT C-7,Rio Grande,105,district,36.25,published,36.25,36.25,2.0,school_panel,,2.0,412.0,412.0,412.0,2032.0,657.0,Estimate
2019,2730,Upper Rio Grande School District C-7,Rio Grande,105,district,36.0,school_sum,,36.0,2.0,school_panel,,2.0,421.0,421.0,421.0,2011.0,638.0,Estimate
2020,2730,,Rio Grande,105,,,,,,2.0,school_panel,,2.0,382.0,382.0,382.0,1985.0,636.0,Estimate
2021,2730,,Rio Grande,105,,,,,,2.0,school_panel,,2.0,403.0,403.0,403.0,1954.0,620.0,Estimate
2022,2730,Upper Rio Grande School District C-7,Rio Grande,105,district,34.0,published,34.0,34.0,2.0,school_panel,,2.0,386.0,386.0,386.0,1921.0,615.0,Estimate
2023,2730,Upper Rio Grande School District C-7,Rio Grande,105,district,36.0,published,36.0,36.0,2.0,school_panel,,2.0,371.0,371.0,371.0,1901.0,603.0,Estimate
2024,2730,Upper Rio Grande School District C-7,Rio Grande,105,district,35.5,published,35.5,35.4,2.0,school_panel,,2.0,360.0,360.0,360.0,1890.0,590.0,Estimate
1990,2740,MONTE VISTA C-8,Rio Grande,105,district,85.0,published,85.0,,4.0,school_panel,4.0,4.0,16.0,,1360.0,2420.0,856.0,Estimate
1991,2740,MONTE VISTA C-8,Rio Grande,105,district,84.0,published,84.0,,4.0,school_panel,4.0,4.0,1411.0,,1411.0,2419.0,849.0,Estimate
1992,2740,MONTE VISTA C-8,Rio Grande,105,district,85.5,published,85.5,,4.0,school_panel,4.0,4.0,1388.0,,1388.0,2427.0,847.0,Estimate
1993,2740,MONTE VISTA C-8,Rio Grande,105,district,81.0,published,81.0,,4.0,school_panel,4.0,4.0,1412.0,,1412.0,2470.0,856.0,Estimate
1994,2740,MONTE VISTA C-8,Rio Grande,105,district,84.5,published,84.5,,5.0,school_panel,5.0,5.0,1424.0,,1424.0,2512.0,865.0,Estimate
1995,2740,MONTE VISTA C-8,Rio Grande,105,district,90.3,published,90.3,,5.0,school_panel,5.0,5.0,1461.0,,1461.0,2547.0,870.0,Estimate
1996,2740,MONTE VISTA C-8,Rio Grande,105,district,90.3,published,90.3,,6.0,school_panel,6.0,6.0,1474.0,,1474.0,2559.0,870.0,Estimate
1997,2740,MONTE VISTA C-8,Rio Grande,105,district,91.0,published,91.0,,6.0,school_panel,6.0,6.0,1459.0,,1459.0,2574.0,870.0,Estimate
1998,2740,MONTE VISTA C-8,Rio Grande,105,district,92.8,published,92.8,,6.0,school_panel,6.0,6.0,1443.0,,1443.0,2593.0,867.0,Estimate
1999,2740,MONTE VISTA C-8,Rio Grande,105,district,,,,,6.0,school_panel,6.0,6.0,1414.0,,1414.0,2613.0,867.0,Estimate
2000,2740,MONTE VISTA C-8,Rio Grande,105,district,96.6544,school_sum,,96.6544,6.0,school_panel,,6.0,,,1420.0,2626.0,866.0,Estimate
2001,2740,MONTE VISTA C-8,Rio Grande,105,district,98.7337,school_sum,,98.7337,6.0,school_panel,,6.0,1037.0,1037.0,1409.0,2536.0,875.0,Estimate
2002,2740,MONTE VISTA C-8,Rio Grande,105,district,97.1051,school_sum,,97.1051,6.0,school_panel,,6.0,1382.0,1382.0,1382.0,2476.0,881.0,Estimate
2003,2740,MONTE VISTA C-8,Rio Grande,105,district,95.9685,school_sum,,95.9685,6.0,school_panel,,6.0,1326.0,1326.0,1326.0,2439.0,927.0,Estimate
2004,2740,MONTE VISTA C-8,Rio Grande,105,district,88.2565,school_sum,,88.2565,6.0,school_panel,,6.0,1291.0,1291.0,1291.0,2458.0,921.0,Estimate
2005,2740,MONTE VISTA C-8,Rio Grande,105,district,88.588,school_sum,,88.588,6.0,school_panel,,6.0,1249.0,1249.0,1249.0,2419.0,883.0,Estimate
2006,2740,MONTE VISTA C-8,Rio Grande,105,district,86.661,school_sum,,86.661,6.0,school_panel,,6.0,1186.0,1186.0,1186.0,2318.0,840.0,Estimate
2007,2740,MONTE VISTA C-8,Rio Grande,105,district,85.6136,school_sum,,85.6136,6.0,school_panel,,6.0,1200.0,1200.0,1200.0,2269.0,818.0,Estimate
2008,2740,MONTE VISTA C-8,Rio Grande,105,district,85.3039,school_sum,,85.3039,6.0,school_panel,,6.0,1166.0,1166.0,1166.0,2251.0,803.0,Estimate
2009,2740,MONTE VISTA C-8,Rio Grande,105,district,80.9537,school_sum,,80.9537,6.0,school_panel,,6.0,1181.0,1181.0,1181.0,2234.0,780.0,Estimate
2010,2740,MONTE VISTA C-8,Rio Grande,105,district,76.055,published,76.055,45.002,6.0,school_panel,,6.0,1172.0,1172.0,1172.0,2233.0,795.0,Estimate
2011,2740,MONTE VISTA C-8,Rio Grande,105,district,62.13,school_sum,,62.13,6.0,school_panel,,6.0,1198.0,1198.0,1198.0,2183.0,777.0,Estimate
2012,2740,MONTE VISTA C-8,Rio Grande,105,district,31.41,school_sum,,31.41,7.0,school_panel,,7.0,1139.0,1139.0,1139.0,2149.0,750.0,Estimate
2013,2740,MONTE VISTA C-8,Rio Grande,105,district,76.1,school_sum,,76.1,7.0,school_panel,,7.0,1128.0,1128.0,1128.0,2116.0,759.0,Estimate
2014,2740,MONTE VISTA C-8,Rio Grande,105,district,77.0773,school_sum,,77.0773,6.0,school_panel,,6.0,1130.0,1130.0,1130.0,2097.0,753.0,Estimate
2015,2740,MONTE VISTA C-8,Rio Grande,105,district,82.49,school_sum,,82.49,6.0,school_panel,,6.0,1187.0,1187.0,1187.0,2107.0,710.0,Estimate
2016,2740,MONTE VISTA C-8,Rio Grande,105,district,74.97,published,74.97,77.62,6.0,school_panel,,6.0,1173.0,1173.0,1173.0,2093.0,698.0,Estimate
2017,2740,,Rio Grande,105,,,,,,6.0,school_panel,,6.0,1153.0,1153.0,1153.0,2064.0,684.0,Estimate
2018,2740,MONTE VISTA C-8,Rio Grande,105,district,75.5,published,75.5,78.97,6.0,school_panel,,6.0,1157.0,1157.0,1157.0,2032.0,657.0,Estimate
2019,2740,Monte Vista C-8,Rio Grande,105,district,76.0,school_sum,,76.0,6.0,school_panel,,6.0,1168.0,1168.0,1168.0,2011.0,638.0,Estimate
2020,2740,,Rio Grande,105,,,,,,6.0,school_panel,,6.0,1164.0,1164.0,1164.0,1985.0,636.0,Estimate
2021,2740,,Rio Grande,105,,,,,,6.0,school_panel,,6.0,1074.0,1074.0,1074.0,1954.0,620.0,Estimate
2022,2740,Monte Vista C-8,Rio Grande,105,district,79.9,published,79.9,79.8,6.0,school_panel,,6.0,1033.0,1033.0,1033.0,1921.0,615.0,Estimate
2023,2740,Monte Vista C-8,Rio Grande,105,district,74.0,published,74.0,74.0,6.0,school_panel,,6.0,1010.0,1010.0,1009.0,1901.0,603.0,Estimate
2024,2740,Monte Vista C-8,Rio Grande,105,district,77.7,published,77.7,77.7,6.0,school_panel,,6.0,975.0,975.0,975.0,1890.0,590.0,Estimate
1990,2750,SARGENT RE-33J,Rio Grande,105,district,31.7,published,31.7,,2.0,school_panel,2.0,2.0,436.0,,436.0,2420.0,856.0,Estimate
1991,2750,SARGENT RE-33J,Rio Grande,105,district,32.7,published,32.7,,2.0,school_panel,2.0,2.0,465.0,,465.0,2419.0,849.0,Estimate
1992,2750,SARGENT RE-33J,Rio Grande,105,district,32.2,published,32.2,,2.0,school_panel,2.0,2.0,447.0,,447.0,2427.0,847.0,Estimate
1993,2750,SARGENT RE-33J,Rio Grande,105,district,32.2,published,32.2,,2.0,school_panel,2.0,2.0,450.0,,450.0,2470.0,856.0,Estimate
1994,2750,SARGENT RE-33J,Rio Grande,105,district,32.2,published,32.2,,2.0,school_panel,2.0,2.0,403.0,,403.0,2512.0,865.0,Estimate
1995,2750,SARGENT RE-33J,Rio Grande,105,district,27.3,published,27.3,,2.0,school_panel,2.0,2.0,427.0,,427.0,2547.0,870.0,Estimate
1996,2750,SARGENT RE-33J,Rio Grande,105,district,33.2,published,33.2,,2.0,school_panel,2.0,2.0,446.0,,446.0,2559.0,870.0,Estimate
1997,2750,SARGENT RE-33J,Rio Grande,105,district,32.2,published,32.2,,2.0,school_panel,2.0,2.0,414.0,,414.0,2574.0,870.0,Estimate
1998,2750,SARGENT RE-33J,Rio Grande,105,district,31.5,published,31.5,,2.0,school_panel,2.0,2.0,415.0,,415.0,2593.0,867.0,Estimate
1999,2750,SARGENT RE-33J,Rio Grande,105,district,,,,,2.0,school_panel,2.0,2.0,414.0,,414.0,2613.0,867.0,Estimate
2000,2750,SARGENT RE-33J,Rio Grande,105,district,28.9647,school_sum,,28.9647,2.0,school_panel,,2.0,,,388.0,2626.0,866.0,Estimate
2001,2750,SARGENT RE-33J,Rio Grande,105,district,28.4994,school_sum,,28.4994,2.0,school_panel,,2.0,217.0,217.0,413.0,2536.0,875.0,Estimate
2002,2750,SARGENT RE-33J,Rio Grande,105,district,31.7636,school_sum,,31.7636,2.0,school_panel,,2.0,207.0,207.0,403.0,2476.0,881.0,Estimate
2003,2750,SARGENT RE-33J,Rio Grande,105,district,28.5266,school_sum,,28.5266,2.0,school_panel,,2.0,403.0,403.0,403.0,2439.0,927.0,Estimate
2004,2750,SARGENT RE-33J,Rio Grande,105,district,30.3102,school_sum,,30.3102,2.0,school_panel,,2.0,419.0,419.0,419.0,2458.0,921.0,Estimate
2005,2750,SARGENT RE-33J,Rio Grande,105,district,31.8792,school_sum,,31.8792,2.0,school_panel,,2.0,426.0,426.0,426.0,2419.0,883.0,Estimate
2006,2750,SARGENT RE-33J,Rio Grande,105,district,30.7092,school_sum,,30.7092,3.0,school_panel,,3.0,464.0,464.0,464.0,2318.0,840.0,Estimate
2007,2750,SARGENT RE-33J,Rio Grande,105,district,31.521,school_sum,,31.521,3.0,school_panel,,3.0,471.0,471.0,471.0,2269.0,818.0,Estimate
2008,2750,SARGENT RE-33J,Rio Grande,105,district,33.3634,school_sum,,33.3634,3.0,school_panel,,3.0,466.0,466.0,466.0,2251.0,803.0,Estimate
2009,2750,SARGENT RE-33J,Rio Grande,105,district,32.8783,school_sum,,32.8783,3.0,school_panel,,3.0,484.0,484.0,484.0,2234.0,780.0,Estimate
2010,2750,SARGENT RE-33J,Rio Grande,105,district,33.291,published,33.291,33.292,3.0,school_panel,,3.0,478.0,478.0,478.0,2233.0,795.0,Estimate
2011,2750,SARGENT RE-33J,Rio Grande,105,district,34.35,school_sum,,34.35,3.0,school_panel,,3.0,453.0,453.0,453.0,2183.0,777.0,Estimate
2012,2750,SARGENT RE-33J,Rio Grande,105,district,34.71,school_sum,,34.71,3.0,school_panel,,3.0,449.0,449.0,449.0,2149.0,750.0,Estimate
2013,2750,SARGENT RE-33J,Rio Grande,105,district,33.49,school_sum,,33.49,3.0,school_panel,,3.0,447.0,447.0,447.0,2116.0,759.0,Estimate
2014,2750,SARGENT RE-33J,Rio Grande,105,district,32.5336,school_sum,,32.5336,3.0,school_panel,,3.0,424.0,424.0,424.0,2097.0,753.0,Estimate
2015,2750,SARGENT RE-33J,Rio Grande,105,district,32.33,school_sum,,32.33,3.0,school_panel,,3.0,406.0,406.0,406.0,2107.0,710.0,Estimate
2016,2750,SARGENT RE-33J,Rio Grande,105,district,25.15,published,25.15,25.19,3.0,school_panel,,3.0,376.0,376.0,376.0,2093.0,698.0,Estimate
2017,2750,,Rio Grande,105,,,,,,3.0,school_panel,,3.0,370.0,370.0,370.0,2064.0,684.0,Estimate
2018,2750,SARGENT RE-33J,Rio Grande,105,district,29.7,published,29.7,29.7,3.0,school_panel,,3.0,347.0,347.0,347.0,2032.0,657.0,Estimate
2019,2750,Sargent RE-33J,Rio Grande,105,district,28.5,school_sum,,28.5,3.0,school_panel,,3.0,354.0,354.0,354.0,2011.0,638.0,Estimate
2020,2750,,Rio Grande,105,,,,,,3.0,school_panel,,3.0,330.0,330.0,330.0,1985.0,636.0,Estimate
2021,2750,,Rio Grande,105,,,,,,3.0,school_panel,,3.0,330.0,330.0,330.0,1954.0,620.0,Estimate
2022,2750,Sargent RE-33J,Rio Grande,105,district,27.4,published,27.4,27.4,3.0,school_panel,,3.0,322.0,322.0,322.0,1921.0,615.0,Estimate
2023,2750,Sargent RE-33J,Rio Grande,105,district,28.2,published,28.2,28.2,3.0,school_panel,,3.0,297.0,297.0,297.0,1901.0,603.0,Estimate
2024,2750,Sargent RE-33J,Rio Grande,105,district,24.7,published,24.7,24.8,3.0,school_panel,,3.0,293.0,293.0,293.0,1890.0,590.0,Estimate
1990,2760,HAYDEN RE-1,Routt,107,district,39.0,published,39.0,,3.0,school_panel,3.0,3.0,509.0,,509.0,2558.0,1032.0,Estimate
1991,2760,HAYDEN RE-1,Routt,107,district,40.0,published,40.0,,3.0,school_panel,3.0,3.0,489.0,,489.0,2639.0,1036.0,Estimate
1992,2760,HAYDEN RE-1,Routt,107,district,38.0,published,38.0,,3.0,school_panel,3.0,3.0,491.0,,491.0,2702.0,1039.0,Estimate
1993,2760,HAYDEN RE-1,Routt,107,district,32.3,published,32.3,,3.0,school_panel,3.0,3.0,484.0,,484.0,2823.0,1064.0,Estimate
1994,2760,HAYDEN RE-1,Routt,107,district,33.4,published,33.4,,3.0,school_panel,3.0,3.0,520.0,,520.0,2935.0,1079.0,Estimate
1995,2760,HAYDEN RE-1,Routt,107,district,37.5,published,37.5,,3.0,school_panel,3.0,3.0,521.0,,521.0,3030.0,1091.0,Estimate
1996,2760,HAYDEN RE-1,Routt,107,district,38.5,published,38.5,,3.0,school_panel,3.0,3.0,535.0,,535.0,3098.0,1087.0,Estimate
1997,2760,HAYDEN RE-1,Routt,107,district,37.0,published,37.0,,3.0,school_panel,3.0,3.0,536.0,,536.0,3151.0,1079.0,Estimate
1998,2760,HAYDEN RE-1,Routt,107,district,30.3,published,30.3,,3.0,school_panel,3.0,3.0,580.0,,580.0,3219.0,1076.0,Estimate
1999,2760,HAYDEN RE-1,Routt,107,district,,,,,3.0,school_panel,3.0,3.0,553.0,,553.0,3309.0,1075.0,Estimate
2000,2760,HAYDEN RE-1,Routt,107,district,37.0214,school_sum,,37.0214,3.0,school_panel,,3.0,,,511.0,3446.0,1089.0,Estimate
2001,2760,HAYDEN RE-1,Routt,107,district,35.705,school_sum,,35.705,3.0,school_panel,,3.0,250.0,250.0,498.0,3442.0,1120.0,Estimate
2002,2760,HAYDEN RE-1,Routt,107,district,36.75,school_sum,,36.75,3.0,school_panel,,3.0,262.0,262.0,503.0,3491.0,1140.0,Estimate
2003,2760,HAYDEN RE-1,Routt,107,district,38.4961,school_sum,,38.4961,3.0,school_panel,,3.0,499.0,499.0,499.0,3465.0,1159.0,Estimate
2004,2760,HAYDEN RE-1,Routt,107,district,36.9738,school_sum,,36.9738,3.0,school_panel,,3.0,488.0,488.0,488.0,3453.0,1154.0,Estimate
2005,2760,HAYDEN RE-1,Routt,107,district,37.5367,school_sum,,37.5367,3.0,school_panel,,3.0,455.0,455.0,455.0,3465.0,1131.0,Estimate
2006,2760,HAYDEN RE-1,Routt,107,district,35.5007,school_sum,,35.5007,3.0,school_panel,,3.0,448.0,448.0,448.0,3496.0,1160.0,Estimate
2007,2760,HAYDEN RE-1,Routt,107,district,36.5457,school_sum,,36.5457,3.0,school_panel,,3.0,459.0,459.0,459.0,3535.0,1210.0,Estimate
2008,2760,HAYDEN RE-1,Routt,107,district,37.085,school_sum,,37.085,3.0,school_panel,,3.0,465.0,465.0,465.0,3552.0,1253.0,Estimate
2009,2760,HAYDEN RE-1,Routt,107,district,32.2626,school_sum,,32.2626,3.0,school_panel,,3.0,438.0,438.0,438.0,3560.0,1279.0,Estimate
2010,2760,HAYDEN RE-1,Routt,107,district,32.691,published,32.691,19.047,3.0,school_panel,,3.0,420.0,420.0,420.0,3576.0,1291.0,Estimate
2011,2760,HAYDEN RE-1,Routt,107,district,33.14,school_sum,,33.14,3.0,school_panel,,3.0,389.0,389.0,389.0,3582.0,1271.0,Estimate
2012,2760,HAYDEN RE-1,Routt,107,district,21.01,school_sum,,21.01,3.0,school_panel,,3.0,406.0,406.0,406.0,3601.0,1225.0,Estimate
2013,2760,HAYDEN RE-1,Routt,107,district,37.05,school_sum,,37.05,3.0,school_panel,,3.0,415.0,415.0,415.0,3621.0,1180.0,Estimate
2014,2760,HAYDEN RE-1,Routt,107,district,38.9782,school_sum,,38.9782,3.0,school_panel,,3.0,414.0,414.0,414.0,3641.0,1141.0,Estimate
2015,2760,HAYDEN RE-1,Routt,107,district,37.55,school_sum,,37.55,3.0,school_panel,,3.0,403.0,403.0,403.0,3646.0,1122.0,Estimate
2016,2760,HAYDEN RE-1,Routt,107,district,34.83,published,34.83,34.83,3.0,school_panel,,3.0,416.0,416.0,416.0,3670.0,1140.0,Estimate
2017,2760,,Routt,107,,,,,,3.0,school_panel,,3.0,443.0,443.0,443.0,3680.0,1153.0,Estimate
2018,2760,HAYDEN RE-1,Routt,107,district,24.63,published,24.63,25.14,3.0,school_panel,,3.0,435.0,435.0,435.0,3663.0,1141.0,Estimate
2019,2760,Hayden RE-1,Routt,107,district,26.0,school_sum,,26.0,3.0,school_panel,,3.0,420.0,420.0,420.0,3654.0,1138.0,Estimate
2020,2760,,Routt,107,,,,,,3.0,school_panel,,3.0,384.0,384.0,384.0,3627.0,1137.0,Estimate
2021,2760,,Routt,107,,,,,,3.0,school_panel,,3.0,436.0,436.0,435.0,3665.0,1065.0,Estimate
2022,2760,Hayden RE-1,Routt,107,district,32.0,published,32.0,32.0,3.0,school_panel,,3.0,454.0,454.0,454.0,3654.0,1051.0,Estimate
2023,2760,Hayden RE-1,Routt,107,district,34.900000000000006,published,34.900000000000006,34.9,3.0,school_panel,,3.0,446.0,446.0,446.0,3582.0,1035.0,Estimate
2024,2760,Hayden RE-1,Routt,107,district,33.1,published,33.1,33.1,3.0,school_panel,,3.0,444.0,444.0,444.0,3518.0,1017.0,Estimate
1990,2770,STEAMBOAT SPRINGS RE-2,Routt,107,district,113.3,published,113.3,,4.0,school_panel,4.0,4.0,14.0,,1666.0,2558.0,1032.0,Estimate
1991,2770,STEAMBOAT SPRINGS RE-2,Routt,107,district,112.1,published,112.1,,4.0,school_panel,4.0,4.0,1690.0,,1690.0,2639.0,1036.0,Estimate
1992,2770,STEAMBOAT SPRINGS RE-2,Routt,107,district,112.2,published,112.2,,4.0,school_panel,4.0,4.0,1760.0,,1760.0,2702.0,1039.0,Estimate
1993,2770,STEAMBOAT SPRINGS RE-2,Routt,107,district,105.2,published,105.2,,4.0,school_panel,4.0,4.0,1805.0,,1805.0,2823.0,1064.0,Estimate
1994,2770,STEAMBOAT SPRINGS RE-2,Routt,107,district,109.3,published,109.3,,4.0,school_panel,4.0,4.0,1899.0,,1899.0,2935.0,1079.0,Estimate
1995,2770,STEAMBOAT SPRINGS RE-2,Routt,107,district,114.6,published,114.6,,4.0,school_panel,4.0,4.0,1926.0,,1926.0,3030.0,1091.0,Estimate
1996,2770,STEAMBOAT SPRINGS RE-2,Routt,107,district,118.6,published,118.6,,4.0,school_panel,4.0,4.0,1984.0,,1984.0,3098.0,1087.0,Estimate
1997,2770,STEAMBOAT SPRINGS RE-2,Routt,107,district,121.2,published,121.2,,4.0,school_panel,4.0,4.0,1959.0,,1959.0,3151.0,1079.0,Estimate
1998,2770,STEAMBOAT SPRINGS RE-2,Routt,107,district,126.0,published,126.0,,4.0,school_panel,4.0,4.0,1922.0,,1922.0,3219.0,1076.0,Estimate
1999,2770,STEAMBOAT SPRINGS RE-2,Routt,107,district,,,,,4.0,school_panel,4.0,4.0,1944.0,,1944.0,3309.0,1075.0,Estimate
2000,2770,STEAMBOAT SPRINGS RE-2,Routt,107,district,126.5948,school_sum,,126.5948,4.0,school_panel,,4.0,,,1947.0,3446.0,1089.0,Estimate
2001,2770,STEAMBOAT SPRINGS RE-2,Routt,107,district,130.4191,school_sum,,130.4191,5.0,school_panel,,5.0,1023.0,1023.0,1911.0,3442.0,1120.0,Estimate
2002,2770,STEAMBOAT SPRINGS RE-2,Routt,107,district,137.1338,school_sum,,137.1338,5.0,school_panel,,5.0,1034.0,1034.0,1933.0,3491.0,1140.0,Estimate
2003,2770,STEAMBOAT SPRINGS RE-2,Routt,107,district,134.669,school_sum,,134.669,5.0,school_panel,,5.0,1912.0,1912.0,1912.0,3465.0,1159.0,Estimate
2004,2770,STEAMBOAT SPRINGS RE-2,Routt,107,district,130.2009,school_sum,,130.2009,5.0,school_panel,,5.0,1930.0,1930.0,1930.0,3453.0,1154.0,Estimate
2005,2770,STEAMBOAT SPRINGS RE-2,Routt,107,district,138.3003,school_sum,,138.3003,5.0,school_panel,,5.0,1979.0,1979.0,1979.0,3465.0,1131.0,Estimate
2006,2770,STEAMBOAT SPRINGS RE-2,Routt,107,district,147.5468,school_sum,,147.5468,5.0,school_panel,,5.0,2019.0,2019.0,2019.0,3496.0,1160.0,Estimate
2007,2770,STEAMBOAT SPRINGS RE-2,Routt,107,district,142.6824,school_sum,,142.6824,5.0,school_panel,,5.0,2077.0,2077.0,2077.0,3535.0,1210.0,Estimate
2008,2770,STEAMBOAT SPRINGS RE-2,Routt,107,district,151.7959,school_sum,,151.7959,5.0,school_panel,,5.0,2142.0,2142.0,2142.0,3552.0,1253.0,Estimate
2009,2770,STEAMBOAT SPRINGS RE-2,Routt,107,district,162.4011,school_sum,,162.4011,5.0,school_panel,,5.0,2152.0,2152.0,2152.0,3560.0,1279.0,Estimate
2010,2770,STEAMBOAT SPRINGS RE-2,Routt,107,district,155.962,published,155.962,118.828,6.0,school_panel,,6.0,2233.0,2233.0,2233.0,3576.0,1291.0,Estimate
2011,2770,STEAMBOAT SPRINGS RE-2,Routt,107,district,158.93,school_sum,,158.93,6.0,school_panel,,6.0,2282.0,2282.0,2282.0,3582.0,1271.0,Estimate
2012,2770,STEAMBOAT SPRINGS RE-2,Routt,107,district,157.05,school_sum,,157.05,6.0,school_panel,,6.0,2320.0,2320.0,2320.0,3601.0,1225.0,Estimate
2013,2770,STEAMBOAT SPRINGS RE-2,Routt,107,district,159.78,school_sum,,159.78,6.0,school_panel,,6.0,2401.0,2401.0,2401.0,3621.0,1180.0,Estimate
2014,2770,STEAMBOAT SPRINGS RE-2,Routt,107,district,165.2711,school_sum,,165.2711,6.0,school_panel,,6.0,2468.0,2468.0,2468.0,3641.0,1141.0,Estimate
2015,2770,STEAMBOAT SPRINGS RE-2,Routt,107,district,171.64,school_sum,,171.64,7.0,school_panel,,7.0,2563.0,2563.0,2563.0,3646.0,1122.0,Estimate
2016,2770,STEAMBOAT SPRINGS RE-2,Routt,107,district,164.67,published,164.67,164.67,7.0,school_panel,,7.0,2580.0,2580.0,2580.0,3670.0,1140.0,Estimate
2017,2770,,Routt,107,,,,,,7.0,school_panel,,7.0,2659.0,2659.0,2659.0,3680.0,1153.0,Estimate
2018,2770,STEAMBOAT SPRINGS RE-2,Routt,107,district,177.92,published,177.92,177.92,7.0,school_panel,,7.0,2674.0,2674.0,2674.0,3663.0,1141.0,Estimate
2019,2770,Steamboat Springs RE-2,Routt,107,district,177.0,school_sum,,177.0,7.0,school_panel,,7.0,2653.0,2653.0,2653.0,3654.0,1138.0,Estimate
2020,2770,,Routt,107,,,,,,7.0,school_panel,,7.0,2567.0,2567.0,2567.0,3627.0,1137.0,Estimate
2021,2770,,Routt,107,,,,,,7.0,school_panel,,7.0,2640.0,2640.0,2640.0,3665.0,1065.0,Estimate
2022,2770,Steamboat Springs RE-2,Routt,107,district,190.8,published,190.8,190.5,7.0,school_panel,,7.0,2665.0,2665.0,2664.0,3654.0,1051.0,Estimate
2023,2770,Steamboat Springs RE-2,Routt,107,district,189.2,published,189.2,189.2,7.0,school_panel,,7.0,2575.0,2575.0,2572.0,3582.0,1035.0,Estimate
2024,2770,Steamboat Springs RE-2,Routt,107,district,194.5,published,194.5,194.5,7.0,school_panel,,7.0,2517.0,2517.0,2509.0,3518.0,1017.0,Estimate
1990,2780,SOUTH ROUTT RE 3,Routt,107,district,31.0,published,31.0,,3.0,school_panel,3.0,3.0,376.0,,376.0,2558.0,1032.0,Estimate
1991,2780,SOUTH ROUTT RE 3,Routt,107,district,31.5,published,31.5,,3.0,school_panel,3.0,3.0,353.0,,353.0,2639.0,1036.0,Estimate
1992,2780,SOUTH ROUTT RE 3,Routt,107,district,31.5,published,31.5,,3.0,school_panel,3.0,3.0,383.0,,383.0,2702.0,1039.0,Estimate
1993,2780,SOUTH ROUTT RE 3,Routt,107,district,29.2,published,29.2,,3.0,school_panel,3.0,3.0,418.0,,418.0,2823.0,1064.0,Estimate
1994,2780,SOUTH ROUTT RE 3,Routt,107,district,33.5,published,33.5,,3.0,school_panel,3.0,3.0,437.0,,437.0,2935.0,1079.0,Estimate
1995,2780,SOUTH ROUTT RE 3,Routt,107,district,34.0,published,34.0,,3.0,school_panel,3.0,3.0,447.0,,447.0,3030.0,1091.0,Estimate
1996,2780,SOUTH ROUTT RE 3,Routt,107,district,33.9,published,33.9,,3.0,school_panel,3.0,3.0,451.0,,451.0,3098.0,1087.0,Estimate
1997,2780,SOUTH ROUTT RE 3,Routt,107,district,34.0,published,34.0,,3.0,school_panel,3.0,3.0,483.0,,483.0,3151.0,1079.0,Estimate
1998,2780,SOUTH ROUTT RE 3,Routt,107,district,36.2,published,36.2,,3.0,school_panel,3.0,3.0,460.0,,460.0,3219.0,1076.0,Estimate
1999,2780,SOUTH ROUTT RE 3,Routt,107,district,,,,,3.0,school_panel,3.0,3.0,457.0,,457.0,3309.0,1075.0,Estimate
2000,2780,SOUTH ROUTT RE 3,Routt,107,district,33.264,school_sum,,33.264,3.0,school_panel,,3.0,,,431.0,3446.0,1089.0,Estimate
2001,2780,SOUTH ROUTT RE 3,Routt,107,district,35.233,school_sum,,35.233,3.0,school_panel,,3.0,430.0,430.0,430.0,3442.0,1120.0,Estimate
2002,2780,SOUTH ROUTT RE 3,Routt,107,district,34.7743,school_sum,,34.7743,3.0,school_panel,,3.0,450.0,450.0,450.0,3491.0,1140.0,Estimate
2003,2780,SOUTH ROUTT RE 3,Routt,107,district,30.5842,school_sum,,30.5842,4.0,school_panel,,4.0,435.0,435.0,435.0,3465.0,1159.0,Estimate
2004,2780,SOUTH ROUTT RE 3,Routt,107,district,33.3164,school_sum,,33.3164,4.0,school_panel,,4.0,436.0,436.0,436.0,3453.0,1154.0,Estimate
2005,2780,SOUTH ROUTT RE 3,Routt,107,district,33.1529,school_sum,,33.1529,5.0,school_panel,,5.0,448.0,448.0,448.0,3465.0,1131.0,Estimate
2006,2780,SOUTH ROUTT RE 3,Routt,107,district,30.7269,school_sum,,30.7269,4.0,school_panel,,4.0,457.0,457.0,457.0,3496.0,1160.0,Estimate
2007,2780,SOUTH ROUTT RE 3,Routt,107,district,33.1912,school_sum,,33.1912,4.0,school_panel,,4.0,431.0,431.0,431.0,3535.0,1210.0,Estimate
2008,2780,SOUTH ROUTT RE 3,Routt,107,district,34.4265,school_sum,,34.4265,4.0,school_panel,,4.0,442.0,442.0,442.0,3552.0,1253.0,Estimate
2009,2780,SOUTH ROUTT RE 3,Routt,107,district,35.435,school_sum,,35.435,4.0,school_panel,,4.0,435.0,435.0,435.0,3560.0,1279.0,Estimate
2010,2780,SOUTH ROUTT RE 3,Routt,107,district,33.202,published,33.202,33.38,4.0,school_panel,,4.0,409.0,409.0,409.0,3576.0,1291.0,Estimate
2011,2780,SOUTH ROUTT RE 3,Routt,107,district,36.98,school_sum,,36.98,4.0,school_panel,,4.0,390.0,390.0,390.0,3582.0,1271.0,Estimate
2012,2780,SOUTH ROUTT RE 3,Routt,107,district,37.67,school_sum,,37.67,4.0,school_panel,,4.0,419.0,419.0,419.0,3601.0,1225.0,Estimate
2013,2780,SOUTH ROUTT RE 3,Routt,107,district,36.77,school_sum,,36.77,4.0,school_panel,,4.0,407.0,407.0,407.0,3621.0,1180.0,Estimate
2014,2780,SOUTH ROUTT RE 3,Routt,107,district,35.2583,school_sum,,35.2583,4.0,school_panel,,4.0,391.0,391.0,391.0,3641.0,1141.0,Estimate
2015,2780,SOUTH ROUTT RE 3,Routt,107,district,32.51,school_sum,,32.51,4.0,school_panel,,4.0,347.0,347.0,347.0,3646.0,1122.0,Estimate
2016,2780,SOUTH ROUTT RE 3,Routt,107,district,30.22,published,30.22,30.22,4.0,school_panel,,4.0,353.0,353.0,353.0,3670.0,1140.0,Estimate
2017,2780,,Routt,107,,,,,,4.0,school_panel,,4.0,359.0,359.0,359.0,3680.0,1153.0,Estimate
2018,2780,SOUTH ROUTT RE 3,Routt,107,district,31.86,published,31.86,31.37,4.0,school_panel,,4.0,346.0,346.0,346.0,3663.0,1141.0,Estimate
2019,2780,South Routt RE 3,Routt,107,district,28.3,school_sum,,28.3,4.0,school_panel,,4.0,325.0,325.0,325.0,3654.0,1138.0,Estimate
2020,2780,,Routt,107,,,,,,4.0,school_panel,,4.0,307.0,307.0,307.0,3627.0,1137.0,Estimate
2021,2780,,Routt,107,,,,,,4.0,school_panel,,4.0,339.0,339.0,335.0,3665.0,1065.0,Estimate
2022,2780,South Routt RE 3,Routt,107,district,31.8,published,31.8,27.8,4.0,school_panel,,4.0,356.0,356.0,350.0,3654.0,1051.0,Estimate
2023,2780,South Routt RE 3,Routt,107,district,24.2,published,24.2,24.2,4.0,school_panel,,4.0,341.0,341.0,338.0,3582.0,1035.0,Estimate
2024,2780,South Routt RE 3,Routt,107,district,26.5,published,26.5,26.6,4.0,school_panel,,4.0,327.0,327.0,326.0,3518.0,1017.0,Estimate
1990,2790,MOUNTAIN VALLEY RE 1,Saguache,109,district,19.9,published,19.9,,2.0,school_panel,2.0,2.0,212.0,,212.0,1084.0,382.0,Estimate
1991,2790,MOUNTAIN VALLEY RE 1,Saguache,109,district,20.4,published,20.4,,2.0,school_panel,2.0,2.0,208.0,,208.0,1100.0,383.0,Estimate
1992,2790,MOUNTAIN VALLEY RE 1,Saguache,109,district,21.0,published,21.0,,2.0,school_panel,2.0,2.0,199.0,,199.0,1103.0,381.0,Estimate
1993,2790,MOUNTAIN VALLEY RE 1,Saguache,109,district,19.3,published,19.3,,2.0,school_panel,2.0,2.0,200.0,,200.0,1106.0,376.0,Estimate
1994,2790,MOUNTAIN VALLEY RE 1,Saguache,109,district,18.7,published,18.7,,2.0,school_panel,2.0,2.0,200.0,,200.0,1122.0,377.0,Estimate
1995,2790,MOUNTAIN VALLEY RE 1,Saguache,109,district,19.0,published,19.0,,2.0,school_panel,2.0,2.0,203.0,,203.0,1183.0,396.0,Estimate
1996,2790,MOUNTAIN VALLEY RE 1,Saguache,109,district,18.0,published,18.0,,3.0,school_panel,3.0,3.0,194.0,,194.0,1210.0,399.0,Estimate
1997,2790,MOUNTAIN VALLEY RE 1,Saguache,109,district,19.0,published,19.0,,3.0,school_panel,3.0,3.0,188.0,,188.0,1213.0,395.0,Estimate
1998,2790,MOUNTAIN VALLEY RE 1,Saguache,109,district,,,,,3.0,school_panel,3.0,3.0,190.0,,190.0,1221.0,392.0,Estimate
1999,2790,MOUNTAIN VALLEY RE 1,Saguache,109,district,,,,,3.0,school_panel,3.0,3.0,188.0,,188.0,1254.0,398.0,Estimate
2000,2790,MOUNTAIN VALLEY RE 1,Saguache,109,district,21.339,school_sum,,21.339,3.0,school_panel,,3.0,,,194.0,1289.0,403.0,Estimate
2001,2790,MOUNTAIN VALLEY RE 1,Saguache,109,district,20.465,school_sum,,20.465,3.0,school_panel,,3.0,40.0,40.0,175.0,1238.0,433.0,Estimate
2002,2790,MOUNTAIN VALLEY RE 1,Saguache,109,district,17.95,school_sum,,17.95,3.0,school_panel,,3.0,168.0,168.0,168.0,1216.0,449.0,Estimate
2003,2790,MOUNTAIN VALLEY RE 1,Saguache,109,district,16.565,school_sum,,16.565,3.0,school_panel,,3.0,150.0,150.0,150.0,1185.0,455.0,Estimate
2004,2790,MOUNTAIN VALLEY RE 1,Saguache,109,district,17.387,school_sum,,17.387,3.0,school_panel,,3.0,152.0,152.0,152.0,1147.0,450.0,Estimate
2005,2790,MOUNTAIN VALLEY RE 1,Saguache,109,district,18.3778,school_sum,,18.3778,3.0,school_panel,,3.0,126.0,126.0,126.0,1118.0,464.0,Estimate
2006,2790,MOUNTAIN VALLEY RE 1,Saguache,109,district,19.5218,school_sum,,19.5218,3.0,school_panel,,3.0,129.0,129.0,129.0,1084.0,459.0,Estimate
2007,2790,MOUNTAIN VALLEY RE 1,Saguache,109,district,16.7086,school_sum,,16.7086,3.0,school_panel,,3.0,138.0,138.0,138.0,1059.0,461.0,Estimate
2008,2790,MOUNTAIN VALLEY RE 1,Saguache,109,district,16.8125,school_sum,,16.8125,3.0,school_panel,,3.0,127.0,127.0,127.0,1030.0,450.0,Estimate
2009,2790,MOUNTAIN VALLEY RE 1,Saguache,109,district,17.5488,school_sum,,17.5488,3.0,school_panel,,3.0,128.0,128.0,128.0,995.0,422.0,Estimate
2010,2790,MOUNTAIN VALLEY RE 1,Saguache,109,district,17.86,published,17.86,17.859,3.0,school_panel,,3.0,120.0,120.0,120.0,991.0,415.0,Estimate
2011,2790,MOUNTAIN VALLEY RE 1,Saguache,109,district,10.75,school_sum,,10.75,3.0,school_panel,,3.0,121.0,121.0,121.0,979.0,408.0,Estimate
2012,2790,MOUNTAIN VALLEY RE 1,Saguache,109,district,7.54,school_sum,,7.54,3.0,school_panel,,3.0,120.0,120.0,120.0,983.0,389.0,Estimate
2013,2790,MOUNTAIN VALLEY RE 1,Saguache,109,district,14.39,school_sum,,14.39,3.0,school_panel,,3.0,135.0,135.0,135.0,984.0,376.0,Estimate
2014,2790,MOUNTAIN VALLEY RE 1,Saguache,109,district,16.0096,school_sum,,16.0096,3.0,school_panel,,3.0,138.0,138.0,138.0,992.0,352.0,Estimate
2015,2790,MOUNTAIN VALLEY RE 1,Saguache,109,district,17.22,school_sum,,17.22,3.0,school_panel,,3.0,134.0,134.0,134.0,987.0,357.0,Estimate
2016,2790,MOUNTAIN VALLEY RE 1,Saguache,109,district,15.13,published,15.13,15.18,1.0,school_panel,,1.0,132.0,132.0,132.0,989.0,363.0,Estimate
2017,2790,,Saguache,109,,,,,,1.0,school_panel,,1.0,125.0,125.0,125.0,985.0,357.0,Estimate
2018,2790,MOUNTAIN VALLEY RE 1,Saguache,109,district,14.51,published,14.51,14.51,1.0,school_panel,,1.0,137.0,137.0,137.0,994.0,363.0,Estimate
2019,2790,Mountain Valley RE 1,Saguache,109,district,14.3,school_sum,,14.3,1.0,school_panel,,1.0,170.0,170.0,170.0,972.0,348.0,Estimate
2020,2790,,Saguache,109,,,,,,1.0,school_panel,,1.0,173.0,173.0,173.0,959.0,319.0,Estimate
2021,2790,,Saguache,109,,,,,,1.0,school_panel,,1.0,185.0,185.0,185.0,956.0,306.0,Estimate
2022,2790,Mountain Valley RE 1,Saguache,109,district,14.0,published,14.0,14.0,1.0,school_panel,,1.0,221.0,221.0,221.0,965.0,311.0,Estimate
2023,2790,Mountain Valley RE 1,Saguache,109,district,13.5,published,13.5,13.5,1.0,school_panel,,1.0,230.0,230.0,147.0,983.0,290.0,Estimate
2024,2790,Mountain Valley RE 1,Saguache,109,district,12.5,published,12.5,12.5,1.0,school_panel,,1.0,207.0,207.0,105.0,958.0,302.0,Estimate
1990,2800,MOFFAT 2,Saguache,109,district,16.6,published,16.6,,3.0,school_panel,3.0,3.0,126.0,,126.0,1084.0,382.0,Estimate
1991,2800,MOFFAT 2,Saguache,109,district,15.6,published,15.6,,3.0,school_panel,3.0,3.0,95.0,,95.0,1100.0,383.0,Estimate
1992,2800,MOFFAT 2,Saguache,109,district,16.8,published,16.8,,3.0,school_panel,3.0,3.0,119.0,,119.0,1103.0,381.0,Estimate
1993,2800,MOFFAT 2,Saguache,109,district,17.0,published,17.0,,3.0,school_panel,3.0,3.0,142.0,,142.0,1106.0,376.0,Estimate
1994,2800,MOFFAT 2,Saguache,109,district,17.0,published,17.0,,3.0,school_panel,3.0,3.0,170.0,,170.0,1122.0,377.0,Estimate
1995,2800,MOFFAT 2,Saguache,109,district,20.8,published,20.8,,4.0,school_panel,4.0,4.0,177.0,,177.0,1183.0,396.0,Estimate
1996,2800,MOFFAT 2,Saguache,109,district,23.5,published,23.5,,4.0,school_panel,4.0,4.0,206.0,,206.0,1210.0,399.0,Estimate
1997,2800,MOFFAT 2,Saguache,109,district,24.5,published,24.5,,4.0,school_panel,4.0,4.0,214.0,,214.0,1213.0,395.0,Estimate
1998,2800,MOFFAT 2,Saguache,109,district,25.7,published,25.7,,4.0,school_panel,4.0,4.0,196.0,,196.0,1221.0,392.0,Estimate
1999,2800,MOFFAT 2,Saguache,109,district,,,,,4.0,school_panel,4.0,4.0,217.0,,217.0,1254.0,398.0,Estimate
2000,2800,MOFFAT 2,Saguache,109,district,25.4071,school_sum,,25.4071,4.0,school_panel,,4.0,,,203.0,1289.0,403.0,Estimate
2001,2800,MOFFAT 2,Saguache,109,district,23.5925,school_sum,,23.5925,4.0,school_panel,,4.0,198.0,198.0,198.0,1238.0,433.0,Estimate
2002,2800,MOFFAT 2,Saguache,109,district,25.4395,school_sum,,25.4395,4.0,school_panel,,4.0,204.0,204.0,204.0,1216.0,449.0,Estimate
2003,2800,MOFFAT 2,Saguache,109,district,22.3174,school_sum,,22.3174,4.0,school_panel,,4.0,205.0,205.0,205.0,1185.0,455.0,Estimate
2004,2800,MOFFAT 2,Saguache,109,district,21.8945,school_sum,,21.8945,4.0,school_panel,,4.0,209.0,209.0,209.0,1147.0,450.0,Estimate
2005,2800,MOFFAT 2,Saguache,109,district,23.5581,school_sum,,23.5581,4.0,school_panel,,4.0,229.0,229.0,229.0,1118.0,464.0,Estimate
2006,2800,MOFFAT 2,Saguache,109,district,24.7193,school_sum,,24.7193,4.0,school_panel,,4.0,220.0,220.0,220.0,1084.0,459.0,Estimate
2007,2800,MOFFAT 2,Saguache,109,district,24.0246,school_sum,,24.0246,4.0,school_panel,,4.0,216.0,216.0,216.0,1059.0,461.0,Estimate
2008,2800,MOFFAT 2,Saguache,109,district,24.2049,school_sum,,24.2049,4.0,school_panel,,4.0,210.0,210.0,210.0,1030.0,450.0,Estimate
2009,2800,MOFFAT 2,Saguache,109,district,27.3189,school_sum,,27.3189,4.0,school_panel,,4.0,223.0,223.0,223.0,995.0,422.0,Estimate
2010,2800,MOFFAT 2,Saguache,109,district,23.886,published,23.886,23.886,4.0,school_panel,,4.0,206.0,206.0,206.0,991.0,415.0,Estimate
2011,2800,MOFFAT 2,Saguache,109,district,22.17,school_sum,,22.17,4.0,school_panel,,4.0,216.0,216.0,216.0,979.0,408.0,Estimate
2012,2800,MOFFAT 2,Saguache,109,district,17.15,school_sum,,17.15,4.0,school_panel,,4.0,210.0,210.0,210.0,983.0,389.0,Estimate
2013,2800,MOFFAT 2,Saguache,109,district,19.76,school_sum,,19.76,2.0,school_panel,,2.0,189.0,189.0,189.0,984.0,376.0,Estimate
2014,2800,MOFFAT 2,Saguache,109,district,23.7216,school_sum,,23.7216,2.0,school_panel,,2.0,196.0,196.0,196.0,992.0,352.0,Estimate
2015,2800,MOFFAT 2,Saguache,109,district,25.01,school_sum,,25.01,2.0,school_panel,,2.0,210.0,210.0,210.0,987.0,357.0,Estimate
2016,2800,MOFFAT 2,Saguache,109,district,20.46,published,20.46,20.46,2.0,school_panel,,2.0,201.0,201.0,201.0,989.0,363.0,Estimate
2017,2800,,Saguache,109,,,,,,2.0,school_panel,,2.0,232.0,232.0,232.0,985.0,357.0,Estimate
2018,2800,MOFFAT 2,Saguache,109,district,20.75,published,20.75,20.75,2.0,school_panel,,2.0,223.0,223.0,223.0,994.0,363.0,Estimate
2019,2800,Moffat 2,Saguache,109,district,25.1,school_sum,,25.1,2.0,school_panel,,2.0,227.0,227.0,227.0,972.0,348.0,Estimate
2020,2800,,Saguache,109,,,,,,2.0,school_panel,,2.0,227.0,227.0,227.0,959.0,319.0,Estimate
2021,2800,,Saguache,109,,,,,,2.0,school_panel,,2.0,217.0,217.0,217.0,956.0,306.0,Estimate
2022,2800,Moffat 2,Saguache,109,district,23.2,school_sum,,23.2,2.0,school_panel,,2.0,179.0,179.0,179.0,965.0,311.0,Estimate
2023,2800,Moffat 2,Saguache,109,district,20.6,published,20.6,20.6,2.0,school_panel,,2.0,189.0,189.0,189.0,983.0,290.0,Estimate
2024,2800,Moffat 2,Saguache,109,district,17.7,published,17.7,17.7,2.0,school_panel,,2.0,204.0,204.0,199.0,958.0,302.0,Estimate
1990,2810,CENTER 26 JT.,Saguache,109,district,45.0,published,45.0,,3.0,school_panel,3.0,3.0,648.0,,648.0,1084.0,382.0,Estimate
1991,2810,CENTER 26 JT.,Saguache,109,district,48.0,published,48.0,,3.0,school_panel,3.0,3.0,662.0,,662.0,1100.0,383.0,Estimate
1992,2810,CENTER 26 JT.,Saguache,109,district,48.0,published,48.0,,3.0,school_panel,3.0,3.0,662.0,,662.0,1103.0,381.0,Estimate
1993,2810,CENTER 26 JT.,Saguache,109,district,51.0,published,51.0,,3.0,school_panel,3.0,3.0,698.0,,698.0,1106.0,376.0,Estimate
1994,2810,CENTER 26 JT.,Saguache,109,district,52.0,published,52.0,,3.0,school_panel,3.0,3.0,746.0,,746.0,1122.0,377.0,Estimate
1995,2810,CENTER 26 JT,Saguache,109,district,53.0,published,53.0,,3.0,school_panel,3.0,3.0,743.0,,743.0,1183.0,396.0,Estimate
1996,2810,CENTER 26 JT,Saguache,109,district,54.0,published,54.0,,3.0,school_panel,3.0,3.0,766.0,,766.0,1210.0,399.0,Estimate
1997,2810,CENTER 26 JT,Saguache,109,district,54.5,published,54.5,,3.0,school_panel,3.0,3.0,742.0,,742.0,1213.0,395.0,Estimate
1998,2810,CENTER 26JT,Saguache,109,district,55.0,published,55.0,,3.0,school_panel,3.0,3.0,729.0,,729.0,1221.0,392.0,Estimate
1999,2810,CENTER 26JT,Saguache,109,district,,,,,3.0,school_panel,3.0,3.0,682.0,,682.0,1254.0,398.0,Estimate
2000,2810,CENTER 26 JT,Saguache,109,district,49.4113,school_sum,,49.4113,3.0,school_panel,,3.0,,,690.0,1289.0,403.0,Estimate
2001,2810,CENTER 26 JT,Saguache,109,district,52.302,school_sum,,52.302,3.0,school_panel,,3.0,650.0,650.0,650.0,1238.0,433.0,Estimate
2002,2810,CENTER 26 JT,Saguache,109,district,54.2638,school_sum,,54.2638,4.0,school_panel,,4.0,651.0,651.0,666.0,1216.0,449.0,Estimate
2003,2810,CENTER 26 JT,Saguache,109,district,56.0428,school_sum,,56.0428,4.0,school_panel,,4.0,700.0,700.0,700.0,1185.0,455.0,Estimate
2004,2810,CENTER 26 JT,Saguache,109,district,56.2889,school_sum,,56.2889,4.0,school_panel,,4.0,673.0,673.0,673.0,1147.0,450.0,Estimate
2005,2810,CENTER 26 JT,Saguache,109,district,56.4909,school_sum,,56.4909,4.0,school_panel,,4.0,654.0,654.0,654.0,1118.0,464.0,Estimate
2006,2810,CENTER 26 JT,Saguache,109,district,53.8279,school_sum,,53.8279,4.0,school_panel,,4.0,624.0,624.0,624.0,1084.0,459.0,Estimate
2007,2810,CENTER 26 JT,Saguache,109,district,39.6914,school_sum,,39.6914,4.0,school_panel,,4.0,602.0,602.0,602.0,1059.0,461.0,Estimate
2008,2810,CENTER 26 JT,Saguache,109,district,41.2908,school_sum,,41.2908,4.0,school_panel,,4.0,576.0,576.0,576.0,1030.0,450.0,Estimate
2009,2810,CENTER 26 JT,Saguache,109,district,43.6562,school_sum,,43.6562,4.0,school_panel,,4.0,605.0,605.0,605.0,995.0,422.0,Estimate
2010,2810,CENTER 26 JT,Saguache,109,district,38.569,published,38.569,38.57,4.0,school_panel,,4.0,580.0,580.0,580.0,991.0,415.0,Estimate
2011,2810,CENTER 26 JT,Saguache,109,district,42.84,school_sum,,42.84,5.0,school_panel,,5.0,612.0,612.0,612.0,979.0,408.0,Estimate
2012,2810,CENTER 26 JT,Saguache,109,district,43.1,school_sum,,43.1,5.0,school_panel,,5.0,623.0,623.0,623.0,983.0,389.0,Estimate
2013,2810,CENTER 26 JT,Saguache,109,district,41.04,school_sum,,41.04,5.0,school_panel,,5.0,657.0,657.0,657.0,984.0,376.0,Estimate
2014,2810,CENTER 26 JT,Saguache,109,district,44.837,school_sum,,44.837,5.0,school_panel,,5.0,649.0,649.0,649.0,992.0,352.0,Estimate
2015,2810,CENTER 26 JT,Saguache,109,district,47.89,school_sum,,47.89,5.0,school_panel,,5.0,648.0,648.0,648.0,987.0,357.0,Estimate
2016,2810,CENTER 26 JT,Saguache,109,district,45.46,published,45.46,45.7,5.0,school_panel,,5.0,635.0,635.0,635.0,989.0,363.0,Estimate
2017,2810,,Saguache,109,,,,,,5.0,school_panel,,5.0,626.0,626.0,626.0,985.0,357.0,Estimate
2018,2810,CENTER 26 JT,Saguache,109,district,47.69,published,47.69,48.21,5.0,school_panel,,5.0,639.0,639.0,639.0,994.0,363.0,Estimate
2019,2810,Center 26 JT,Saguache,109,district,43.5,school_sum,,43.5,5.0,school_panel,,5.0,606.0,606.0,606.0,972.0,348.0,Estimate
2020,2810,,Saguache,109,,,,,,5.0,school_panel,,5.0,595.0,595.0,595.0,959.0,319.0,Estimate
2021,2810,,Saguache,109,,,,,,5.0,school_panel,,5.0,617.0,617.0,617.0,956.0,306.0,Estimate
2022,2810,Center 26 JT,Saguache,109,district,44.2,published,44.2,44.2,5.0,school_panel,,5.0,607.0,607.0,607.0,965.0,311.0,Estimate
2023,2810,Center 26 JT,Saguache,109,district,39.0,published,39.0,39.0,5.0,school_panel,,5.0,606.0,606.0,606.0,983.0,290.0,Estimate
2024,2810,Center 26 JT,Saguache,109,district,45.7,published,45.7,45.7,5.0,school_panel,,5.0,628.0,628.0,628.0,958.0,302.0,Estimate
1990,2820,SILVERTON 1,San Juan,111,district,15.0,published,15.0,,2.0,school_panel,2.0,2.0,159.0,,159.0,182.0,45.0,Estimate
1991,2820,SILVERTON 1,San Juan,111,district,11.0,published,11.0,,2.0,school_panel,2.0,2.0,119.0,,119.0,165.0,40.0,Estimate
1992,2820,SILVERTON 1,San Juan,111,district,9.0,published,9.0,,2.0,school_panel,2.0,2.0,124.0,,124.0,130.0,32.0,Estimate
1993,2820,SILVERTON 1,San Juan,111,district,9.8,published,9.8,,2.0,school_panel,2.0,2.0,111.0,,111.0,115.0,29.0,Estimate
1994,2820,SILVERTON 1,San Juan,111,district,10.0,published,10.0,,2.0,school_panel,2.0,2.0,93.0,,93.0,113.0,30.0,Estimate
1995,2820,SILVERTON 1,San Juan,111,district,11.0,published,11.0,,2.0,school_panel,2.0,2.0,114.0,,114.0,113.0,30.0,Estimate
1996,2820,SILVERTON 1,San Juan,111,district,12.0,published,12.0,,2.0,school_panel,2.0,2.0,109.0,,109.0,108.0,31.0,Estimate
1997,2820,SILVERTON 1,San Juan,111,district,11.0,published,11.0,,2.0,school_panel,2.0,2.0,102.0,,102.0,103.0,30.0,Estimate
1998,2820,SILVERTON 1,San Juan,111,district,10.4,published,10.4,,2.0,school_panel,2.0,2.0,86.0,,86.0,93.0,27.0,Estimate
1999,2820,SILVERTON 1,San Juan,111,district,,,,,2.0,school_panel,2.0,2.0,84.0,,84.0,86.0,26.0,Estimate
2000,2820,SILVERTON 1,San Juan,111,district,10.5714,school_sum,,10.5714,2.0,school_panel,,2.0,,,79.0,86.0,26.0,Estimate
2001,2820,SILVERTON 1,San Juan,111,district,11.1428,school_sum,,11.1428,2.0,school_panel,,2.0,33.0,33.0,74.0,76.0,26.0,Estimate
2002,2820,SILVERTON 1,San Juan,111,district,6.0,school_sum,,6.0,2.0,school_panel,,2.0,30.0,30.0,61.0,77.0,28.0,Estimate
2003,2820,SILVERTON 1,San Juan,111,district,6.3171,school_sum,,6.3171,3.0,school_panel,,3.0,66.0,66.0,66.0,66.0,31.0,Estimate
2004,2820,SILVERTON 1,San Juan,111,district,6.5,school_sum,,6.5,3.0,school_panel,,3.0,54.0,54.0,54.0,74.0,34.0,Estimate
2005,2820,SILVERTON 1,San Juan,111,district,9.1207,school_sum,,9.1207,3.0,school_panel,,3.0,82.0,82.0,82.0,74.0,28.0,Estimate
2006,2820,SILVERTON 1,San Juan,111,district,8.75,school_sum,,8.75,3.0,school_panel,,3.0,66.0,66.0,66.0,80.0,29.0,Estimate
2007,2820,SILVERTON 1,San Juan,111,district,10.1251,school_sum,,10.1251,3.0,school_panel,,3.0,64.0,64.0,64.0,82.0,29.0,Estimate
2008,2820,SILVERTON 1,San Juan,111,district,7.5307,school_sum,,7.5307,3.0,school_panel,,3.0,64.0,64.0,64.0,86.0,33.0,Estimate
2009,2820,SILVERTON 1,San Juan,111,district,7.9377,school_sum,,7.9377,3.0,school_panel,,3.0,66.0,66.0,66.0,82.0,30.0,Estimate
2010,2820,SILVERTON 1,San Juan,111,district,6.596,published,6.596,6.597,3.0,school_panel,,3.0,65.0,65.0,65.0,96.0,36.0,Estimate
2011,2820,SILVERTON 1,San Juan,111,district,8.67,school_sum,,8.67,3.0,school_panel,,3.0,65.0,65.0,65.0,94.0,36.0,Estimate
2012,2820,SILVERTON 1,San Juan,111,district,10.78,school_sum,,10.78,3.0,school_panel,,3.0,62.0,62.0,62.0,95.0,32.0,Estimate
2013,2820,SILVERTON 1,San Juan,111,district,12.05,school_sum,,12.05,3.0,school_panel,,3.0,64.0,64.0,64.0,96.0,28.0,Estimate
2014,2820,SILVERTON 1,San Juan,111,district,12.5434,school_sum,,12.5434,3.0,school_panel,,3.0,62.0,62.0,62.0,90.0,27.0,Estimate
2015,2820,SILVERTON 1,San Juan,111,district,12.15,school_sum,,12.15,3.0,school_panel,,3.0,74.0,74.0,74.0,88.0,24.0,Estimate
2016,2820,SILVERTON 1,San Juan,111,district,10.91,published,10.91,10.91,3.0,school_panel,,3.0,80.0,80.0,80.0,88.0,21.0,Estimate
2017,2820,,San Juan,111,,,,,,3.0,school_panel,,3.0,68.0,68.0,68.0,85.0,25.0,Estimate
2018,2820,SILVERTON 1,San Juan,111,district,11.78,published,11.78,11.78,3.0,school_panel,,3.0,69.0,69.0,69.0,85.0,24.0,Estimate
2019,2820,Silverton 1,San Juan,111,district,13.3,school_sum,,13.3,3.0,school_panel,,3.0,81.0,81.0,81.0,79.0,20.0,Estimate
2020,2820,,San Juan,111,,,,,,3.0,school_panel,,3.0,83.0,83.0,83.0,76.0,19.0,Estimate
2021,2820,,San Juan,111,,,,,,3.0,school_panel,,3.0,86.0,86.0,86.0,75.0,20.0,Estimate
2022,2820,Silverton 1,San Juan,111,district,10.1,published,10.1,10.1,3.0,school_panel,,3.0,87.0,87.0,87.0,75.0,16.0,Estimate
2023,2820,Silverton 1,San Juan,111,district,9.1,published,9.1,9.1,3.0,school_panel,,3.0,75.0,75.0,75.0,73.0,23.0,Estimate
2024,2820,Silverton 1,San Juan,111,district,7.2,published,7.2,7.3,3.0,school_panel,,3.0,72.0,72.0,72.0,70.0,22.0,Estimate
1990,2830,TELLURIDE R-1,San Miguel,113,district,28.5,published,28.5,,3.0,school_panel,3.0,3.0,338.0,,338.0,580.0,264.0,Estimate
1991,2830,TELLURIDE R-1,San Miguel,113,district,28.8,published,28.8,,3.0,school_panel,3.0,3.0,351.0,,351.0,627.0,278.0,Estimate
1992,2830,TELLURIDE R-1,San Miguel,113,district,27.4,published,27.4,,3.0,school_panel,3.0,3.0,404.0,,404.0,683.0,295.0,Estimate
1993,2830,TELLURIDE R-1,San Miguel,113,district,31.1,published,31.1,,3.0,school_panel,3.0,3.0,442.0,,442.0,716.0,304.0,Estimate
1994,2830,TELLURIDE R-1,San Miguel,113,district,32.0,published,32.0,,3.0,school_panel,3.0,3.0,449.0,,449.0,770.0,317.0,Estimate
1995,2830,TELLURIDE R-1,San Miguel,113,district,35.7,published,35.7,,3.0,school_panel,3.0,3.0,508.0,,508.0,784.0,314.0,Estimate
1996,2830,TELLURIDE R-1,San Miguel,113,district,35.9,published,35.9,,3.0,school_panel,3.0,3.0,491.0,,491.0,810.0,319.0,Estimate
1997,2830,TELLURIDE R-1,San Miguel,113,district,36.7,published,36.7,,3.0,school_panel,3.0,3.0,496.0,,496.0,821.0,310.0,Estimate
1998,2830,TELLURIDE R-1,San Miguel,113,district,39.0,published,39.0,,3.0,school_panel,3.0,3.0,493.0,,493.0,871.0,320.0,Estimate
1999,2830,TELLURIDE R-1,San Miguel,113,district,,,,,3.0,school_panel,3.0,3.0,530.0,,530.0,869.0,309.0,Estimate
2000,2830,TELLURIDE R-1,San Miguel,113,district,45.1489,school_sum,,45.1489,3.0,school_panel,,3.0,,,514.0,862.0,295.0,Estimate
2001,2830,TELLURIDE R-1,San Miguel,113,district,48.2054,school_sum,,48.2054,3.0,school_panel,,3.0,277.0,277.0,547.0,901.0,315.0,Estimate
2002,2830,TELLURIDE R-1,San Miguel,113,district,51.0224,school_sum,,51.0224,3.0,school_panel,,3.0,278.0,278.0,563.0,899.0,340.0,Estimate
2003,2830,TELLURIDE R-1,San Miguel,113,district,50.004,school_sum,,50.004,3.0,school_panel,,3.0,565.0,565.0,565.0,875.0,347.0,Estimate
2004,2830,TELLURIDE R-1,San Miguel,113,district,51.4033,school_sum,,51.4033,3.0,school_panel,,3.0,561.0,561.0,561.0,882.0,353.0,Estimate
2005,2830,TELLURIDE R-1,San Miguel,113,district,52.3244,school_sum,,52.3244,3.0,school_panel,,3.0,616.0,616.0,616.0,891.0,351.0,Estimate
2006,2830,TELLURIDE R-1,San Miguel,113,district,57.7501,school_sum,,57.7501,3.0,school_panel,,3.0,653.0,653.0,653.0,906.0,361.0,Estimate
2007,2830,TELLURIDE R-1,San Miguel,113,district,60.1292,school_sum,,60.1292,3.0,school_panel,,3.0,715.0,715.0,715.0,937.0,397.0,Estimate
2008,2830,,San Miguel,113,,,,,,3.0,school_panel,,3.0,710.0,710.0,710.0,954.0,419.0,Estimate
2009,2830,TELLURIDE R-1,San Miguel,113,district,60.9677,school_sum,,60.9677,3.0,school_panel,,3.0,699.0,699.0,699.0,954.0,433.0,Estimate
2010,2830,TELLURIDE R-1,San Miguel,113,district,60.619,published,60.619,60.618,3.0,school_panel,,3.0,697.0,697.0,697.0,997.0,455.0,Estimate
2011,2830,TELLURIDE R-1,San Miguel,113,district,62.04,school_sum,,62.04,3.0,school_panel,,3.0,752.0,752.0,752.0,1041.0,458.0,Estimate
2012,2830,TELLURIDE R-1,San Miguel,113,district,64.23,school_sum,,64.23,3.0,school_panel,,3.0,806.0,806.0,806.0,1092.0,432.0,Estimate
2013,2830,TELLURIDE R-1,San Miguel,113,district,70.0,school_sum,,70.0,3.0,school_panel,,3.0,842.0,842.0,842.0,1114.0,405.0,Estimate
2014,2830,TELLURIDE R-1,San Miguel,113,district,70.4921,school_sum,,70.4921,3.0,school_panel,,3.0,898.0,898.0,898.0,1142.0,385.0,Estimate
2015,2830,TELLURIDE R-1,San Miguel,113,district,73.31,school_sum,,73.31,3.0,school_panel,,3.0,935.0,935.0,935.0,1158.0,383.0,Estimate
2016,2830,TELLURIDE R-1,San Miguel,113,district,76.6,published,76.6,76.96,4.0,school_panel,,4.0,900.0,900.0,900.0,1185.0,380.0,Estimate
2017,2830,,San Miguel,113,,,,,,4.0,school_panel,,4.0,902.0,902.0,902.0,1177.0,368.0,Estimate
2018,2830,TELLURIDE R-1,San Miguel,113,district,76.16,published,76.16,76.29,4.0,school_panel,,4.0,911.0,911.0,911.0,1190.0,351.0,Estimate
2019,2830,Telluride R-1,San Miguel,113,district,85.1,school_sum,,85.1,4.0,school_panel,,4.0,885.0,885.0,885.0,1179.0,335.0,Estimate
2020,2830,,San Miguel,113,,,,,,4.0,school_panel,,4.0,867.0,867.0,867.0,1157.0,322.0,Estimate
2021,2830,,San Miguel,113,,,,,,4.0,school_panel,,4.0,876.0,876.0,876.0,1147.0,298.0,Estimate
2022,2830,Telluride R-1,San Miguel,113,district,68.6,published,68.6,68.6,4.0,school_panel,,4.0,895.0,895.0,895.0,1136.0,280.0,Estimate
2023,2830,Telluride R-1,San Miguel,113,district,53.5,published,53.5,53.5,4.0,school_panel,,4.0,801.0,801.0,801.0,1101.0,270.0,Estimate
2024,2830,Telluride R-1,San Miguel,113,district,64.2,published,64.2,64.3,5.0,school_panel,,5.0,802.0,802.0,799.0,1071.0,252.0,Estimate
1990,2840,NORWOOD R-2J,San Miguel,113,district,23.0,published,23.0,,2.0,school_panel,2.0,2.0,292.0,,292.0,580.0,264.0,Estimate
1991,2840,NORWOOD R-2J,San Miguel,113,district,24.0,published,24.0,,2.0,school_panel,2.0,2.0,314.0,,314.0,627.0,278.0,Estimate
1992,2840,NORWOOD R-2J,San Miguel,113,district,24.0,published,24.0,,2.0,school_panel,2.0,2.0,303.0,,303.0,683.0,295.0,Estimate
1993,2840,NORWOOD R-2J,San Miguel,113,district,24.0,published,24.0,,2.0,school_panel,2.0,2.0,320.0,,320.0,716.0,304.0,Estimate
1994,2840,NORWOOD R-2J,San Miguel,113,district,23.0,published,23.0,,2.0,school_panel,2.0,2.0,337.0,,337.0,770.0,317.0,Estimate
1995,2840,NORWOOD R-2J,San Miguel,113,district,23.0,published,23.0,,2.0,school_panel,2.0,2.0,342.0,,342.0,784.0,314.0,Estimate
1996,2840,NORWOOD R-2J,San Miguel,113,district,24.0,published,24.0,,2.0,school_panel,2.0,2.0,349.0,,349.0,810.0,319.0,Estimate
1997,2840,NORWOOD R-2J,San Miguel,113,district,26.0,published,26.0,,2.0,school_panel,2.0,2.0,337.0,,337.0,821.0,310.0,Estimate
1998,2840,NORWOOD R-2J,San Miguel,113,district,,,,,2.0,school_panel,2.0,2.0,324.0,,324.0,871.0,320.0,Estimate
1999,2840,NORWOOD R-2J,San Miguel,113,district,,,,,2.0,school_panel,2.0,2.0,316.0,,316.0,869.0,309.0,Estimate
2000,2840,NORWOOD R-2J,San Miguel,113,district,24.7722,school_sum,,24.7722,2.0,school_panel,,2.0,,,299.0,862.0,295.0,Estimate
2001,2840,NORWOOD R-2J,San Miguel,113,district,25.6944,school_sum,,25.6944,2.0,school_panel,,2.0,326.0,326.0,326.0,901.0,315.0,Estimate
2002,2840,NORWOOD R-2J,San Miguel,113,district,23.2834,school_sum,,23.2834,2.0,school_panel,,2.0,317.0,317.0,317.0,899.0,340.0,Estimate
2003,2840,NORWOOD R-2J,San Miguel,113,district,23.7278,school_sum,,23.7278,2.0,school_panel,,2.0,304.0,304.0,304.0,875.0,347.0,Estimate
2004,2840,NORWOOD R-2J,San Miguel,113,district,22.8924,school_sum,,22.8924,2.0,school_panel,,2.0,292.0,292.0,292.0,882.0,353.0,Estimate
2005,2840,NORWOOD R-2J,San Miguel,113,district,23.375,school_sum,,23.375,2.0,school_panel,,2.0,284.0,284.0,284.0,891.0,351.0,Estimate
2006,2840,NORWOOD R-2J,San Miguel,113,district,23.593,school_sum,,23.593,2.0,school_panel,,2.0,276.0,276.0,276.0,906.0,361.0,Estimate
2007,2840,NORWOOD R-2J,San Miguel,113,district,22.343,school_sum,,22.343,2.0,school_panel,,2.0,296.0,296.0,296.0,937.0,397.0,Estimate
2008,2840,NORWOOD R-2J,San Miguel,113,district,24.4402,school_sum,,24.4402,2.0,school_panel,,2.0,300.0,300.0,300.0,954.0,419.0,Estimate
2009,2840,NORWOOD R-2J,San Miguel,113,district,24.8791,school_sum,,24.8791,2.0,school_panel,,2.0,274.0,274.0,274.0,954.0,433.0,Estimate
2010,2840,NORWOOD R-2J,San Miguel,113,district,24.146,published,24.146,24.146,2.0,school_panel,,2.0,257.0,257.0,257.0,997.0,455.0,Estimate
2011,2840,NORWOOD R-2J,San Miguel,113,district,22.69,school_sum,,22.69,2.0,school_panel,,2.0,280.0,280.0,280.0,1041.0,458.0,Estimate
2012,2840,NORWOOD R-2J,San Miguel,113,district,23.26,school_sum,,23.26,2.0,school_panel,,2.0,275.0,275.0,275.0,1092.0,432.0,Estimate
2013,2840,NORWOOD R-2J,San Miguel,113,district,22.47,school_sum,,22.47,2.0,school_panel,,2.0,272.0,272.0,272.0,1114.0,405.0,Estimate
2014,2840,NORWOOD R-2J,San Miguel,113,district,21.7386,school_sum,,21.7386,1.0,school_panel,,1.0,287.0,287.0,287.0,1142.0,385.0,Estimate
2015,2840,NORWOOD R-2J,San Miguel,113,district,23.13,school_sum,,23.13,1.0,school_panel,,1.0,267.0,267.0,267.0,1158.0,383.0,Estimate
2016,2840,NORWOOD R-2J,San Miguel,113,district,20.5,published,20.5,20.78,1.0,school_panel,,1.0,243.0,243.0,243.0,1185.0,380.0,Estimate
2017,2840,,San Miguel,113,,,,,,1.0,school_panel,,1.0,239.0,239.0,239.0,1177.0,368.0,Estimate
2018,2840,NORWOOD R-2J,San Miguel,113,district,19.35,published,19.35,19.5,1.0,school_panel,,1.0,203.0,203.0,203.0,1190.0,351.0,Estimate
2019,2840,Norwood R-2J,San Miguel,113,district,19.8,school_sum,,19.8,1.0,school_panel,,1.0,199.0,199.0,199.0,1179.0,335.0,Estimate
2020,2840,,San Miguel,113,,,,,,1.0,school_panel,,1.0,181.0,181.0,181.0,1157.0,322.0,Estimate
2021,2840,,San Miguel,113,,,,,,1.0,school_panel,,1.0,199.0,199.0,199.0,1147.0,298.0,Estimate
2022,2840,Norwood R-2J,San Miguel,113,district,17.4,published,17.4,17.4,1.0,school_panel,,1.0,189.0,189.0,189.0,1136.0,280.0,Estimate
2023,2840,Norwood R-2J,San Miguel,113,district,20.0,published,20.0,20.0,1.0,school_panel,,1.0,193.0,193.0,193.0,1101.0,270.0,Estimate
2024,2840,Norwood R-2J,San Miguel,113,district,16.7,published,16.7,16.7,1.0,school_panel,,1.0,191.0,191.0,191.0,1071.0,252.0,Estimate
1990,2862,JULESBURG RE-1,Sedgwick,115,district,26.6,published,26.6,,2.0,school_panel,2.0,2.0,355.0,,355.0,516.0,135.0,Estimate
1991,2862,JULESBURG RE-1,Sedgwick,115,district,26.6,published,26.6,,2.0,school_panel,2.0,2.0,348.0,,348.0,507.0,136.0,Estimate
1992,2862,JULESBURG RE-1,Sedgwick,115,district,26.6,published,26.6,,2.0,school_panel,2.0,2.0,341.0,,341.0,492.0,137.0,Estimate
1993,2862,JULESBURG RE-1,Sedgwick,115,district,25.6,published,25.6,,2.0,school_panel,2.0,2.0,347.0,,347.0,489.0,138.0,Estimate
1994,2862,JULESBURG RE-1,Sedgwick,115,district,26.5,published,26.5,,2.0,school_panel,2.0,2.0,336.0,,336.0,484.0,141.0,Estimate
1995,2862,JULESBURG RE-1,Sedgwick,115,district,25.6,published,25.6,,2.0,school_panel,2.0,2.0,340.0,,340.0,475.0,143.0,Estimate
1996,2862,JULESBURG RE-1,Sedgwick,115,district,25.6,published,25.6,,2.0,school_panel,2.0,2.0,335.0,,335.0,480.0,144.0,Estimate
1997,2862,JULESBURG RE-1,Sedgwick,115,district,26.0,published,26.0,,2.0,school_panel,2.0,2.0,349.0,,349.0,481.0,150.0,Estimate
1998,2862,JULESBURG RE-1,Sedgwick,115,district,24.1,published,24.1,,2.0,school_panel,2.0,2.0,356.0,,356.0,468.0,149.0,Estimate
1999,2862,JULESBURG RE-1,Sedgwick,115,district,,,,,2.0,school_panel,2.0,2.0,359.0,,359.0,469.0,153.0,Estimate
2000,2862,JULESBURG RE-1,Sedgwick,115,district,23.9285,school_sum,,23.9285,2.0,school_panel,,2.0,,,331.0,470.0,155.0,Estimate
2001,2862,JULESBURG RE-1,Sedgwick,115,district,26.375,school_sum,,26.375,2.0,school_panel,,2.0,338.0,338.0,338.0,445.0,162.0,Estimate
2002,2862,JULESBURG RE-1,Sedgwick,115,district,25.6343,school_sum,,25.6343,2.0,school_panel,,2.0,352.0,352.0,352.0,432.0,159.0,Estimate
2003,2862,JULESBURG RE-1,Sedgwick,115,district,24.75,school_sum,,24.75,2.0,school_panel,,2.0,364.0,364.0,364.0,429.0,159.0,Estimate
2004,2862,JULESBURG RE-1,Sedgwick,115,district,23.75,school_sum,,23.75,2.0,school_panel,,2.0,318.0,318.0,318.0,399.0,146.0,Estimate
2005,2862,JULESBURG RE-1,Sedgwick,115,district,21.3308,school_sum,,21.3308,2.0,school_panel,,2.0,313.0,313.0,313.0,398.0,146.0,Estimate
2006,2862,JULESBURG RE-1,Sedgwick,115,district,20.4435,school_sum,,20.4435,2.0,school_panel,,2.0,288.0,288.0,288.0,376.0,141.0,Estimate
2007,2862,JULESBURG RE-1,Sedgwick,115,district,18.6222,school_sum,,18.6222,2.0,school_panel,,2.0,284.0,284.0,284.0,354.0,128.0,Estimate
2008,2862,JULESBURG RE-1,Sedgwick,115,district,19.5442,school_sum,,19.5442,3.0,school_panel,,3.0,811.0,811.0,811.0,358.0,124.0,Estimate
2009,2862,JULESBURG RE-1,Sedgwick,115,district,41.3711,school_sum,,41.3711,3.0,school_panel,,3.0,1237.0,1237.0,1237.0,343.0,123.0,Estimate
2010,2862,JULESBURG RE-1,Sedgwick,115,district,44.034,published,44.034,44.034,3.0,school_panel,,3.0,1787.0,1787.0,1787.0,341.0,123.0,Estimate
2011,2862,JULESBURG RE-1,Sedgwick,115,district,26.61,school_sum,,26.61,3.0,school_panel,,3.0,888.0,888.0,888.0,340.0,128.0,Estimate
2012,2862,JULESBURG RE-1,Sedgwick,115,district,34.51,school_sum,,34.51,3.0,school_panel,,3.0,1154.0,1154.0,1154.0,345.0,131.0,Estimate
2013,2862,JULESBURG RE-1,Sedgwick,115,district,41.0,school_sum,,41.0,3.0,school_panel,,3.0,955.0,955.0,955.0,347.0,133.0,Estimate
2014,2862,JULESBURG RE-1,Sedgwick,115,district,37.5,school_sum,,37.5,3.0,school_panel,,3.0,794.0,794.0,794.0,352.0,129.0,Estimate
2015,2862,JULESBURG RE-1,Sedgwick,115,district,36.5,school_sum,,36.5,3.0,school_panel,,3.0,659.0,659.0,659.0,356.0,132.0,Estimate
2016,2862,JULESBURG RE-1,Sedgwick,115,district,36.01,published,36.01,36.0,3.0,school_panel,,3.0,633.0,633.0,633.0,360.0,131.0,Estimate
2017,2862,,Sedgwick,115,,,,,,3.0,school_panel,,3.0,520.0,520.0,520.0,355.0,125.0,Estimate
2018,2862,JULESBURG RE-1,Sedgwick,115,district,32.35,published,32.35,32.34,3.0,school_panel,,3.0,548.0,548.0,548.0,358.0,115.0,Estimate
2019,2862,Julesburg Re-1,Sedgwick,115,district,39.2,school_sum,,39.2,3.0,school_panel,,3.0,829.0,829.0,829.0,371.0,109.0,Estimate
2020,2862,,Sedgwick,115,,,,,,3.0,school_panel,,3.0,1021.0,1021.0,1021.0,367.0,110.0,Estimate
2021,2862,,Sedgwick,115,,,,,,3.0,school_panel,,3.0,775.0,775.0,775.0,357.0,96.0,Estimate
2022,2862,Julesburg Re-1,Sedgwick,115,district,38.7,published,38.7,38.7,3.0,school_panel,,3.0,607.0,607.0,607.0,359.0,89.0,Estimate
2023,2862,Julesburg Re-1,Sedgwick,115,district,41.8,published,41.8,41.8,3.0,school_panel,,3.0,797.0,797.0,797.0,370.0,89.0,Estimate
2024,2862,Julesburg Re-1,Sedgwick,115,district,29.7,published,29.7,29.7,3.0,school_panel,,3.0,668.0,668.0,668.0,363.0,95.0,Estimate
1990,2865,PLATTE VALLEY RE-3,Sedgwick,115,district,18.4,published,18.4,,2.0,published,2.0,,174.0,,,516.0,135.0,Estimate
1991,2865,PLATTE VALLEY RE-3,Sedgwick,115,district,18.9,published,18.9,,2.0,published,2.0,,172.0,,,507.0,136.0,Estimate
1992,2865,PLATTE VALLEY RE-3,Sedgwick,115,district,19.0,published,19.0,,2.0,published,2.0,,165.0,,,492.0,137.0,Estimate
1993,2865,PLATTE VALLEY RE-3,Sedgwick,115,district,18.0,published,18.0,,2.0,published,2.0,,152.0,,,489.0,138.0,Estimate
1994,2865,PLATTE VALLEY RE-3,Sedgwick,115,district,19.0,published,19.0,,2.0,published,2.0,,162.0,,,484.0,141.0,Estimate
1995,2865,PLATTE VALLEY RE-3,Sedgwick,115,district,19.0,published,19.0,,2.0,published,2.0,,157.0,,,475.0,143.0,Estimate
1996,2865,PLATTE VALLEY RE-3,Sedgwick,115,district,19.0,published,19.0,,2.0,published,2.0,,153.0,,,480.0,144.0,Estimate
1997,2865,PLATTE VALLEY RE-3,Sedgwick,115,district,18.0,published,18.0,,2.0,published,2.0,,148.0,,,481.0,150.0,Estimate
1998,2865,PLATTE VALLEY RE-3,Sedgwick,115,district,19.7,published,19.7,,2.0,published,2.0,,139.0,,,468.0,149.0,Estimate
1999,2865,PLATTE VALLEY RE-3,Sedgwick,115,district,,,,,2.0,published,2.0,,156.0,,,469.0,153.0,Estimate
2000,2865,PLATTE VALLEY RE-3,Sedgwick,115,district,18.8398,school_sum,,18.8398,,,,,,,,470.0,155.0,Estimate
2001,2865,PLATTE VALLEY RE-3,Sedgwick,115,district,18.2343,school_sum,,18.2343,,,,,,,,445.0,162.0,Estimate
2002,2865,PLATTE VALLEY RE-3,Sedgwick,115,district,15.5335,school_sum,,15.5335,,,,,,,,432.0,159.0,Estimate
2003,2865,PLATTE VALLEY RE-3,Sedgwick,115,district,15.0452,school_sum,,15.0452,2.0,school_panel,,2.0,110.0,110.0,110.0,429.0,159.0,Estimate
2004,2865,PLATTE VALLEY RE-3,Sedgwick,115,district,14.0391,school_sum,,14.0391,2.0,school_panel,,2.0,116.0,116.0,116.0,399.0,146.0,Estimate
2005,2865,PLATTE VALLEY RE-3,Sedgwick,115,district,15.8937,school_sum,,15.8937,2.0,school_panel,,2.0,114.0,114.0,114.0,398.0,146.0,Estimate
2006,2865,PLATTE VALLEY RE-3,Sedgwick,115,district,15.9502,school_sum,,15.9502,2.0,school_panel,,2.0,106.0,106.0,106.0,376.0,141.0,Estimate
2007,2865,PLATTE VALLEY RE-3,Sedgwick,115,district,17.2912,school_sum,,17.2912,2.0,school_panel,,2.0,106.0,106.0,106.0,354.0,128.0,Estimate
2008,2865,PLATTE VALLEY RE-3,Sedgwick,115,district,16.3036,school_sum,,16.3036,2.0,school_panel,,2.0,108.0,108.0,108.0,358.0,124.0,Estimate
2009,2865,PLATTE VALLEY RE-3,Sedgwick,115,district,16.2804,school_sum,,16.2804,2.0,school_panel,,2.0,115.0,115.0,115.0,343.0,123.0,Estimate
2010,2865,PLATTE VALLEY RE-3,Sedgwick,115,district,16.67,published,16.67,16.669,2.0,school_panel,,2.0,120.0,120.0,120.0,341.0,123.0,Estimate
2011,2865,PLATTE VALLEY RE-3,Sedgwick,115,district,14.36,school_sum,,14.36,2.0,school_panel,,2.0,121.0,121.0,121.0,340.0,128.0,Estimate
2012,2865,PLATTE VALLEY RE-3,Sedgwick,115,district,13.03,school_sum,,13.03,2.0,school_panel,,2.0,114.0,114.0,114.0,345.0,131.0,Estimate
2013,2865,PLATTE VALLEY RE-3,Sedgwick,115,district,14.63,school_sum,,14.63,2.0,school_panel,,2.0,109.0,109.0,109.0,347.0,133.0,Estimate
2014,2865,REVERE SCHOOL DISTRICT,Sedgwick,115,district,15.3877,school_sum,,15.3877,2.0,school_panel,,2.0,106.0,106.0,106.0,352.0,129.0,Estimate
2015,2865,REVERE SCHOOL DISTRICT,Sedgwick,115,district,16.24,school_sum,,16.24,2.0,school_panel,,2.0,132.0,132.0,132.0,356.0,132.0,Estimate
2016,2865,REVERE SCHOOL DISTRICT,Sedgwick,115,district,16.61,published,16.61,16.61,2.0,school_panel,,2.0,119.0,119.0,119.0,360.0,131.0,Estimate
2017,2865,,Sedgwick,115,,,,,,2.0,school_panel,,2.0,117.0,117.0,117.0,355.0,125.0,Estimate
2018,2865,REVERE SCHOOL DISTRICT,Sedgwick,115,district,15.93,published,15.93,15.93,2.0,school_panel,,2.0,136.0,136.0,136.0,358.0,115.0,Estimate
2019,2865,Revere School District,Sedgwick,115,district,16.5,school_sum,,16.5,2.0,school_panel,,2.0,139.0,139.0,139.0,371.0,109.0,Estimate
2020,2865,,Sedgwick,115,,,,,,2.0,school_panel,,2.0,123.0,123.0,123.0,367.0,110.0,Estimate
2021,2865,,Sedgwick,115,,,,,,2.0,school_panel,,2.0,133.0,133.0,133.0,357.0,96.0,Estimate
2022,2865,Revere School District,Sedgwick,115,district,14.8,published,14.8,14.8,2.0,school_panel,,2.0,113.0,113.0,113.0,359.0,89.0,Estimate
2023,2865,Revere School District,Sedgwick,115,district,15.9,published,15.9,15.9,3.0,school_panel,,3.0,131.0,145.0,145.0,370.0,89.0,Estimate
2024,2865,Revere School District,Sedgwick,115,district,15.8,published,15.8,15.8,3.0,school_panel,,3.0,144.0,144.0,144.0,363.0,95.0,Estimate
1990,3000,SUMMIT RE-1,Summit,117,district,105.3,published,105.3,,6.0,school_panel,6.0,6.0,1725.0,,1725.0,1691.0,960.0,Estimate
1991,3000,SUMMIT RE-1,Summit,117,district,113.0,published,113.0,,6.0,school_panel,6.0,6.0,1738.0,,1738.0,1750.0,967.0,Estimate
1992,3000,SUMMIT RE-1,Summit,117,district,120.4,published,120.4,,6.0,school_panel,6.0,6.0,1891.0,,1891.0,1785.0,965.0,Estimate
1993,3000,SUMMIT RE-1,Summit,117,district,125.1,published,125.1,,6.0,school_panel,6.0,6.0,2030.0,,2030.0,1940.0,1023.0,Estimate
1994,3000,SUMMIT RE-1,Summit,117,district,139.0,published,139.0,,6.0,school_panel,6.0,6.0,2157.0,,2157.0,2168.0,1118.0,Estimate
1995,3000,SUMMIT RE-1,Summit,117,district,149.9,published,149.9,,6.0,school_panel,6.0,6.0,2274.0,,2274.0,2297.0,1155.0,Estimate
1996,3000,SUMMIT RE-1,Summit,117,district,164.7,published,164.7,,9.0,school_panel,9.0,9.0,2380.0,,2380.0,2414.0,1187.0,Estimate
1997,3000,SUMMIT RE-1,Summit,117,district,159.6,published,159.6,,9.0,school_panel,9.0,9.0,2435.0,,2435.0,2511.0,1202.0,Estimate
1998,3000,SUMMIT RE-1,Summit,117,district,168.2,published,168.2,,9.0,school_panel,9.0,9.0,2526.0,,2526.0,2603.0,1212.0,Estimate
1999,3000,SUMMIT RE-1,Summit,117,district,,,,,9.0,school_panel,9.0,9.0,2622.0,,2622.0,2734.0,1236.0,Estimate
2000,3000,SUMMIT RE-1,Summit,117,district,188.475,school_sum,,188.475,9.0,school_panel,,9.0,,,2748.0,3089.0,1355.0,Estimate
2001,3000,SUMMIT RE-1,Summit,117,district,199.3,school_sum,,199.3,8.0,school_panel,,8.0,2083.0,2083.0,2768.0,3128.0,1329.0,Estimate
2002,3000,SUMMIT RE-1,Summit,117,district,212.1576,school_sum,,212.1576,8.0,school_panel,,8.0,2091.0,2091.0,2773.0,3052.0,1382.0,Estimate
2003,3000,SUMMIT RE-1,Summit,117,district,214.9775,school_sum,,214.9775,8.0,school_panel,,8.0,2829.0,2829.0,2829.0,2977.0,1443.0,Estimate
2004,3000,SUMMIT RE-1,Summit,117,district,211.1186,school_sum,,211.1186,8.0,school_panel,,8.0,2909.0,2909.0,2909.0,2988.0,1444.0,Estimate
2005,3000,SUMMIT RE-1,Summit,117,district,214.0732,school_sum,,214.0732,8.0,school_panel,,8.0,2917.0,2917.0,2917.0,2994.0,1444.0,Estimate
2006,3000,SUMMIT RE-1,Summit,117,district,205.2963,school_sum,,205.2963,8.0,school_panel,,8.0,2997.0,2997.0,2997.0,3008.0,1485.0,Estimate
2007,3000,SUMMIT RE-1,Summit,117,district,209.1823,school_sum,,209.1823,8.0,school_panel,,8.0,3060.0,3060.0,3060.0,3114.0,1517.0,Estimate
2008,3000,SUMMIT RE-1,Summit,117,district,205.8761,school_sum,,205.8761,8.0,school_panel,,8.0,3064.0,3064.0,3064.0,3221.0,1525.0,Estimate
2009,3000,SUMMIT RE-1,Summit,117,district,205.8708,school_sum,,205.8708,8.0,school_panel,,8.0,3089.0,3089.0,3089.0,3295.0,1528.0,Estimate
2010,3000,SUMMIT RE-1,Summit,117,district,200.913,published,200.913,186.238,9.0,school_panel,,9.0,3124.0,3124.0,3124.0,3357.0,1540.0,Estimate
2011,3000,SUMMIT RE-1,Summit,117,district,162.4,school_sum,,162.4,9.0,school_panel,,9.0,3151.0,3151.0,3151.0,3388.0,1508.0,Estimate
2012,3000,SUMMIT RE-1,Summit,117,district,177.03,school_sum,,177.03,9.0,school_panel,,9.0,3156.0,3156.0,3156.0,3464.0,1492.0,Estimate
2013,3000,SUMMIT RE-1,Summit,117,district,212.72,school_sum,,212.72,9.0,school_panel,,9.0,3287.0,3287.0,3287.0,3609.0,1400.0,Estimate
2014,3000,SUMMIT RE-1,Summit,117,district,227.1694,school_sum,,227.1694,9.0,school_panel,,9.0,3343.0,3343.0,3343.0,3738.0,1362.0,Estimate
2015,3000,SUMMIT RE-1,Summit,117,district,221.99,school_sum,,221.99,9.0,school_panel,,9.0,3506.0,3506.0,3506.0,3856.0,1377.0,Estimate
2016,3000,SUMMIT RE-1,Summit,117,district,248.92,published,248.92,245.06,9.0,school_panel,,9.0,3557.0,3557.0,3557.0,3954.0,1373.0,Estimate
2017,3000,,Summit,117,,,,,,9.0,school_panel,,9.0,3592.0,3592.0,3592.0,4010.0,1326.0,Estimate
2018,3000,SUMMIT RE-1,Summit,117,district,255.34,published,255.34,251.94,9.0,school_panel,,9.0,3577.0,3577.0,3577.0,3968.0,1345.0,Estimate
2019,3000,Summit RE-1,Summit,117,district,256.5,school_sum,,256.5,9.0,school_panel,,9.0,3582.0,3582.0,3582.0,3969.0,1323.0,Estimate
2020,3000,,Summit,117,,,,,,9.0,school_panel,,9.0,3454.0,3454.0,3454.0,3922.0,1331.0,Estimate
2021,3000,,Summit,117,,,,,,9.0,school_panel,,9.0,3620.0,3620.0,3620.0,3914.0,1303.0,Estimate
2022,3000,Summit RE-1,Summit,117,district,275.7,published,275.7,273.1,9.0,school_panel,,9.0,3633.0,3633.0,3633.0,3918.0,1287.0,Estimate
2023,3000,Summit RE-1,Summit,117,district,271.5,published,271.5,271.5,9.0,school_panel,,9.0,3572.0,3572.0,3570.0,3878.0,1255.0,Estimate
2024,3000,Summit RE-1,Summit,117,district,273.2,published,273.2,265.2,9.0,school_panel,,9.0,3475.0,3475.0,3473.0,3805.0,1283.0,Estimate
1990,3010,CRIPPLE CREEK-VICTOR RE-1,Teller,119,district,19.0,published,19.0,,2.0,school_panel,2.0,2.0,365.0,,365.0,2639.0,967.0,Estimate
1991,3010,CRIPPLE CREEK-VICTOR RE-1,Teller,119,district,20.0,published,20.0,,2.0,school_panel,2.0,2.0,353.0,,353.0,2675.0,955.0,Estimate
1992,3010,CRIPPLE CREEK-VICTOR RE-1,Teller,119,district,22.5,published,22.5,,2.0,school_panel,2.0,2.0,443.0,,443.0,2863.0,998.0,Estimate
1993,3010,CRIPPLE CREEK-VICTOR RE-1,Teller,119,district,25.5,published,25.5,,2.0,school_panel,2.0,2.0,448.0,,448.0,3071.0,1045.0,Estimate
1994,3010,CRIPPLE CREEK-VICTOR RE-1,Teller,119,district,28.0,published,28.0,,2.0,school_panel,2.0,2.0,498.0,,498.0,3272.0,1090.0,Estimate
1995,3010,CRIPPLE CREEK-VICTOR RE-1,Teller,119,district,31.0,published,31.0,,2.0,school_panel,2.0,2.0,536.0,,536.0,3502.0,1136.0,Estimate
1996,3010,CRIPPLE CREEK-VICTOR RE-1,Teller,119,district,32.0,published,32.0,,2.0,school_panel,2.0,2.0,627.0,,627.0,3726.0,1176.0,Estimate
1997,3010,CRIPPLE CREEK-VICTOR RE-1,Teller,119,district,35.0,published,35.0,,2.0,school_panel,2.0,2.0,657.0,,657.0,3898.0,1200.0,Estimate
1998,3010,CRIPPLE CREEK-VICTOR RE-1,Teller,119,district,33.9,published,33.9,,2.0,school_panel,2.0,2.0,605.0,,605.0,4000.0,1199.0,Estimate
1999,3010,CRIPPLE CREEK-VICTOR RE-1,Teller,119,district,,,,,2.0,school_panel,2.0,2.0,596.0,,596.0,4084.0,1189.0,Estimate
2000,3010,CRIPPLE CREEK-VICTOR RE-1,Teller,119,district,35.599,school_sum,,35.599,2.0,school_panel,,2.0,,,687.0,4244.0,1199.0,Estimate
2001,3010,CRIPPLE CREEK-VICTOR RE-1,Teller,119,district,37.1796,school_sum,,37.1796,2.0,school_panel,,2.0,352.0,352.0,645.0,4283.0,1210.0,Estimate
2002,3010,CRIPPLE CREEK-VICTOR RE-1,Teller,119,district,38.6499,school_sum,,38.6499,2.0,school_panel,,2.0,359.0,359.0,627.0,4257.0,1187.0,Estimate
2003,3010,CRIPPLE CREEK-VICTOR RE-1,Teller,119,district,39.3176,school_sum,,39.3176,2.0,school_panel,,2.0,619.0,619.0,619.0,4211.0,1155.0,Estimate
2004,3010,CRIPPLE CREEK-VICTOR RE-1,Teller,119,district,40.101,school_sum,,40.101,2.0,school_panel,,2.0,596.0,596.0,596.0,4078.0,1145.0,Estimate
2005,3010,CRIPPLE CREEK-VICTOR RE-1,Teller,119,district,39.1635,school_sum,,39.1635,2.0,school_panel,,2.0,579.0,579.0,579.0,4040.0,1159.0,Estimate
2006,3010,CRIPPLE CREEK-VICTOR RE-1,Teller,119,district,38.6863,school_sum,,38.6863,2.0,school_panel,,2.0,564.0,564.0,564.0,3965.0,1161.0,Estimate
2007,3010,CRIPPLE CREEK-VICTOR RE-1,Teller,119,district,37.9875,school_sum,,37.9875,2.0,school_panel,,2.0,513.0,513.0,513.0,3942.0,1169.0,Estimate
2008,3010,CRIPPLE CREEK-VICTOR RE-1,Teller,119,district,38.6649,school_sum,,38.6649,2.0,school_panel,,2.0,459.0,459.0,459.0,3793.0,1129.0,Estimate
2009,3010,CRIPPLE CREEK-VICTOR RE-1,Teller,119,district,37.3391,school_sum,,37.3391,2.0,school_panel,,2.0,469.0,469.0,469.0,3719.0,1092.0,Estimate
2010,3010,CRIPPLE CREEK-VICTOR RE-1,Teller,119,district,34.251,published,34.251,17.822,2.0,school_panel,,2.0,441.0,441.0,441.0,3676.0,1086.0,Estimate
2011,3010,CRIPPLE CREEK-VICTOR RE-1,Teller,119,district,27.25,school_sum,,27.25,2.0,school_panel,,2.0,404.0,404.0,404.0,3597.0,1068.0,Estimate
2012,3010,CRIPPLE CREEK-VICTOR RE-1,Teller,119,district,25.7,school_sum,,25.7,2.0,school_panel,,2.0,377.0,377.0,377.0,3527.0,1003.0,Estimate
2013,3010,CRIPPLE CREEK-VICTOR RE-1,Teller,119,district,25.73,school_sum,,25.73,2.0,school_panel,,2.0,379.0,379.0,379.0,3415.0,959.0,Estimate
2014,3010,CRIPPLE CREEK-VICTOR RE-1,Teller,119,district,29.1124,school_sum,,29.1124,2.0,school_panel,,2.0,384.0,384.0,384.0,3342.0,951.0,Estimate
2015,3010,CRIPPLE CREEK-VICTOR RE-1,Teller,119,district,27.15,school_sum,,27.15,2.0,school_panel,,2.0,357.0,357.0,357.0,3250.0,941.0,Estimate
2016,3010,CRIPPLE CREEK-VICTOR RE-1,Teller,119,district,29.91,published,29.91,29.91,2.0,school_panel,,2.0,374.0,374.0,374.0,3318.0,945.0,Estimate
2017,3010,,Teller,119,,,,,,2.0,school_panel,,2.0,367.0,367.0,367.0,3320.0,986.0,Estimate
2018,3010,CRIPPLE CREEK-VICTOR RE-1,Teller,119,district,29.24,published,29.24,29.24,2.0,school_panel,,2.0,372.0,372.0,372.0,3298.0,991.0,Estimate
2019,3010,Cripple Creek-Victor RE-1,Teller,119,district,27.3,school_sum,,27.3,2.0,school_panel,,2.0,367.0,367.0,367.0,3290.0,946.0,Estimate
2020,3010,,Teller,119,,,,,,2.0,school_panel,,2.0,336.0,336.0,336.0,3222.0,948.0,Estimate
2021,3010,,Teller,119,,,,,,2.0,school_panel,,2.0,352.0,352.0,351.0,3192.0,912.0,Estimate
2022,3010,Cripple Creek-Victor RE-1,Teller,119,district,21.0,published,21.0,21.0,2.0,school_panel,,2.0,313.0,313.0,313.0,3119.0,902.0,Estimate
2023,3010,Cripple Creek-Victor RE-1,Teller,119,district,18.1,published,18.1,18.1,2.0,school_panel,,2.0,284.0,284.0,284.0,3058.0,897.0,Estimate
2024,3010,Cripple Creek-Victor RE-1,Teller,119,district,18.9,published,18.9,18.8,2.0,school_panel,,2.0,298.0,298.0,298.0,2988.0,921.0,Estimate
1990,3020,WOODLAND PARK RE-2,Teller,119,district,120.1,published,120.1,,4.0,school_panel,4.0,4.0,2323.0,,2323.0,2639.0,967.0,Estimate
1991,3020,WOODLAND PARK RE-2,Teller,119,district,127.6,published,127.6,,4.0,school_panel,4.0,4.0,2400.0,,2400.0,2675.0,955.0,Estimate
1992,3020,WOODLAND PARK RE-2,Teller,119,district,131.0,published,131.0,,4.0,school_panel,4.0,4.0,2532.0,,2532.0,2863.0,998.0,Estimate
1993,3020,WOODLAND PARK RE-2,Teller,119,district,138.6,published,138.6,,5.0,school_panel,5.0,5.0,2743.0,,2743.0,3071.0,1045.0,Estimate
1994,3020,WOODLAND PARK RE-2,Teller,119,district,149.3,published,149.3,,5.0,school_panel,5.0,5.0,2894.0,,2894.0,3272.0,1090.0,Estimate
1995,3020,WOODLAND PARK RE-2,Teller,119,district,155.3,published,155.3,,5.0,school_panel,5.0,5.0,3064.0,,3064.0,3502.0,1136.0,Estimate
1996,3020,WOODLAND PARK RE-2,Teller,119,district,169.8,published,169.8,,5.0,school_panel,5.0,5.0,3227.0,,3227.0,3726.0,1176.0,Estimate
1997,3020,WOODLAND PARK RE-2,Teller,119,district,179.1,published,179.1,,5.0,school_panel,5.0,5.0,3255.0,,3255.0,3898.0,1200.0,Estimate
1998,3020,WOODLAND PARK RE-2,Teller,119,district,175.1,published,175.1,,5.0,school_panel,5.0,5.0,3281.0,,3281.0,4000.0,1199.0,Estimate
1999,3020,WOODLAND PARK RE-2,Teller,119,district,,,,,5.0,school_panel,5.0,5.0,3262.0,,3262.0,4084.0,1189.0,Estimate
2000,3020,WOODLAND PARK RE-2,Teller,119,district,182.9521,school_sum,,182.9521,5.0,school_panel,,5.0,,,3353.0,4244.0,1199.0,Estimate
2001,3020,WOODLAND PARK RE-2,Teller,119,district,189.7523,school_sum,,189.7523,5.0,school_panel,,5.0,3360.0,3360.0,3360.0,4283.0,1210.0,Estimate
2002,3020,WOODLAND PARK RE-2,Teller,119,district,190.528,school_sum,,190.528,5.0,school_panel,,5.0,3276.0,3276.0,3276.0,4257.0,1187.0,Estimate
2003,3020,WOODLAND PARK RE-2,Teller,119,district,188.9318,school_sum,,188.9318,5.0,school_panel,,5.0,3116.0,3116.0,3116.0,4211.0,1155.0,Estimate
2004,3020,WOODLAND PARK RE-2,Teller,119,district,195.0991,school_sum,,195.0991,5.0,school_panel,,5.0,3101.0,3101.0,3101.0,4078.0,1145.0,Estimate
2005,3020,WOODLAND PARK RE-2,Teller,119,district,185.5149,school_sum,,185.5149,5.0,school_panel,,5.0,3035.0,3035.0,3035.0,4040.0,1159.0,Estimate
2006,3020,WOODLAND PARK RE-2,Teller,119,district,188.7155,school_sum,,188.7155,5.0,school_panel,,5.0,2988.0,2988.0,2988.0,3965.0,1161.0,Estimate
2007,3020,WOODLAND PARK RE-2,Teller,119,district,179.7584,school_sum,,179.7584,5.0,school_panel,,5.0,2989.0,2989.0,2989.0,3942.0,1169.0,Estimate
2008,3020,WOODLAND PARK RE-2,Teller,119,district,190.7151,school_sum,,190.7151,5.0,school_panel,,5.0,2883.0,2883.0,2883.0,3793.0,1129.0,Estimate
2009,3020,WOODLAND PARK RE-2,Teller,119,district,181.1298,school_sum,,181.1298,5.0,school_panel,,5.0,2796.0,2796.0,2796.0,3719.0,1092.0,Estimate
2010,3020,WOODLAND PARK RE-2,Teller,119,district,166.4,published,166.4,164.599,5.0,school_panel,,5.0,2752.0,2751.0,2751.0,3676.0,1086.0,Estimate
2011,3020,WOODLAND PARK RE-2,Teller,119,district,158.55,school_sum,,158.55,5.0,school_panel,,5.0,2753.0,2753.0,2753.0,3597.0,1068.0,Estimate
2012,3020,WOODLAND PARK RE-2,Teller,119,district,155.3,school_sum,,155.3,5.0,school_panel,,5.0,2617.0,2617.0,2617.0,3527.0,1003.0,Estimate
2013,3020,WOODLAND PARK RE-2,Teller,119,district,148.58,school_sum,,148.58,5.0,school_panel,,5.0,2586.0,2586.0,2586.0,3415.0,959.0,Estimate
2014,3020,WOODLAND PARK RE-2,Teller,119,district,141.9846,school_sum,,141.9846,5.0,school_panel,,5.0,2495.0,2495.0,2495.0,3342.0,951.0,Estimate
2015,3020,WOODLAND PARK RE-2,Teller,119,district,146.09,school_sum,,146.09,5.0,school_panel,,5.0,2498.0,2498.0,2498.0,3250.0,941.0,Estimate
2016,3020,WOODLAND PARK RE-2,Teller,119,district,139.98,published,139.98,138.25,5.0,school_panel,,5.0,2480.0,2480.0,2480.0,3318.0,945.0,Estimate
2017,3020,,Teller,119,,,,,,5.0,school_panel,,5.0,2502.0,2502.0,2502.0,3320.0,986.0,Estimate
2018,3020,WOODLAND PARK RE-2,Teller,119,district,147.03,published,147.03,147.03,5.0,school_panel,,5.0,2380.0,2380.0,2380.0,3298.0,991.0,Estimate
2019,3020,Woodland Park Re-2,Teller,119,district,146.2,school_sum,,146.2,5.0,school_panel,,5.0,2284.0,2284.0,2284.0,3290.0,946.0,Estimate
2020,3020,,Teller,119,,,,,,5.0,school_panel,,5.0,2055.0,2055.0,2055.0,3222.0,948.0,Estimate
2021,3020,,Teller,119,,,,,,5.0,school_panel,,5.0,1832.0,1832.0,1804.0,3192.0,912.0,Estimate
2022,3020,Woodland Park Re-2,Teller,119,district,150.4,published,150.4,148.4,6.0,school_panel,,6.0,2122.0,2122.0,2010.0,3119.0,902.0,Estimate
2023,3020,Woodland Park Re-2,Teller,119,district,132.9,published,132.9,132.9,6.0,school_panel,,6.0,2015.0,2015.0,1903.0,3058.0,897.0,Estimate
2024,3020,Woodland Park Re-2,Teller,119,district,123.7,published,123.7,120.7,5.0,school_panel,,5.0,1844.0,1844.0,1744.0,2988.0,921.0,Estimate
1990,3030,AKRON R-1,Washington,121,district,34.5,published,34.5,,2.0,school_panel,2.0,2.0,447.0,,447.0,974.0,328.0,Estimate
1991,3030,AKRON R-1,Washington,121,district,32.0,published,32.0,,2.0,school_panel,2.0,2.0,438.0,,438.0,971.0,323.0,Estimate
1992,3030,AKRON R-1,Washington,121,district,32.0,published,32.0,,2.0,school_panel,2.0,2.0,485.0,,485.0,991.0,327.0,Estimate
1993,3030,AKRON R-1,Washington,121,district,33.0,published,33.0,,2.0,school_panel,2.0,2.0,493.0,,493.0,1039.0,341.0,Estimate
1994,3030,AKRON R-1,Washington,121,district,32.5,published,32.5,,2.0,school_panel,2.0,2.0,489.0,,489.0,1058.0,341.0,Estimate
1995,3030,AKRON R-1,Washington,121,district,34.0,published,34.0,,2.0,school_panel,2.0,2.0,500.0,,500.0,1058.0,339.0,Estimate
1996,3030,AKRON R-1,Washington,121,district,35.8,published,35.8,,2.0,school_panel,2.0,2.0,497.0,,497.0,1057.0,337.0,Estimate
1997,3030,AKRON R-1,Washington,121,district,36.5,published,36.5,,2.0,school_panel,2.0,2.0,501.0,,501.0,1056.0,332.0,Estimate
1998,3030,AKRON R-1,Washington,121,district,36.3,published,36.3,,2.0,school_panel,2.0,2.0,462.0,,462.0,1045.0,323.0,Estimate
1999,3030,AKRON R-1,Washington,121,district,,,,,2.0,school_panel,2.0,2.0,460.0,,460.0,1017.0,314.0,Estimate
2000,3030,AKRON R-1,Washington,121,district,33.5417,school_sum,,33.5417,2.0,school_panel,,2.0,,,460.0,998.0,305.0,Estimate
2001,3030,AKRON R-1,Washington,121,district,34.6008,school_sum,,34.6008,2.0,school_panel,,2.0,466.0,466.0,466.0,959.0,306.0,Estimate
2002,3030,AKRON R-1,Washington,121,district,35.8381,school_sum,,35.8381,2.0,school_panel,,2.0,460.0,460.0,460.0,1020.0,318.0,Estimate
2003,3030,AKRON R-1,Washington,121,district,37.2495,school_sum,,37.2495,2.0,school_panel,,2.0,458.0,458.0,458.0,975.0,310.0,Estimate
2004,3030,AKRON R-1,Washington,121,district,35.6175,school_sum,,35.6175,2.0,school_panel,,2.0,423.0,423.0,423.0,958.0,284.0,Estimate
2005,3030,AKRON R-1,Washington,121,district,35.1589,school_sum,,35.1589,2.0,school_panel,,2.0,434.0,434.0,434.0,951.0,263.0,Estimate
2006,3030,AKRON R-1,Washington,121,district,34.7526,school_sum,,34.7526,2.0,school_panel,,2.0,441.0,441.0,441.0,931.0,255.0,Estimate
2007,3030,AKRON R-1,Washington,121,district,33.9468,school_sum,,33.9468,2.0,school_panel,,2.0,401.0,401.0,401.0,916.0,253.0,Estimate
2008,3030,AKRON R-1,Washington,121,district,29.8484,school_sum,,29.8484,2.0,school_panel,,2.0,391.0,391.0,391.0,854.0,252.0,Estimate
2009,3030,AKRON R-1,Washington,121,district,29.9516,school_sum,,29.9516,2.0,school_panel,,2.0,384.0,384.0,384.0,863.0,255.0,Estimate
2010,3030,AKRON R-1,Washington,121,district,30.25,published,30.25,30.251,2.0,school_panel,,2.0,381.0,381.0,381.0,844.0,277.0,Estimate
2011,3030,AKRON R-1,Washington,121,district,26.31,school_sum,,26.31,2.0,school_panel,,2.0,359.0,359.0,359.0,781.0,253.0,Estimate
2012,3030,AKRON R-1,Washington,121,district,27.39,school_sum,,27.39,2.0,school_panel,,2.0,354.0,354.0,354.0,774.0,243.0,Estimate
2013,3030,AKRON R-1,Washington,121,district,31.92,school_sum,,31.92,2.0,school_panel,,2.0,358.0,358.0,358.0,783.0,236.0,Estimate
2014,3030,AKRON R-1,Washington,121,district,31.2675,school_sum,,31.2675,2.0,school_panel,,2.0,357.0,357.0,357.0,799.0,228.0,Estimate
2015,3030,AKRON R-1,Washington,121,district,35.12,school_sum,,35.12,2.0,school_panel,,2.0,351.0,351.0,351.0,826.0,225.0,Estimate
2016,3030,AKRON R-1,Washington,121,district,28.42,published,28.42,28.41,2.0,school_panel,,2.0,378.0,378.0,378.0,823.0,247.0,Estimate
2017,3030,,Washington,121,,,,,,2.0,school_panel,,2.0,372.0,372.0,372.0,835.0,254.0,Estimate
2018,3030,AKRON R-1,Washington,121,district,33.61,published,33.61,33.61,2.0,school_panel,,2.0,379.0,379.0,379.0,806.0,270.0,Estimate
2019,3030,Akron R-1,Washington,121,district,36.0,school_sum,,36.0,2.0,school_panel,,2.0,371.0,371.0,371.0,812.0,266.0,Estimate
2020,3030,,Washington,121,,,,,,2.0,school_panel,,2.0,392.0,392.0,392.0,821.0,263.0,Estimate
2021,3030,,Washington,121,,,,,,2.0,school_panel,,2.0,411.0,411.0,411.0,853.0,261.0,Estimate
2022,3030,Akron R-1,Washington,121,district,35.3,published,35.3,35.3,2.0,school_panel,,2.0,427.0,427.0,427.0,843.0,266.0,Estimate
2023,3030,Akron R-1,Washington,121,district,36.4,published,36.4,36.4,2.0,school_panel,,2.0,415.0,415.0,415.0,868.0,252.0,Estimate
2024,3030,Akron R-1,Washington,121,district,36.6,published,36.6,36.6,2.0,school_panel,,2.0,411.0,411.0,411.0,849.0,256.0,Estimate
1990,3040,ARICKAREE R-2,Washington,121,district,16.0,published,16.0,,2.0,school_panel,2.0,2.0,141.0,,141.0,974.0,328.0,Estimate
1991,3040,ARICKAREE R-2,Washington,121,district,15.0,published,15.0,,2.0,school_panel,2.0,2.0,142.0,,142.0,971.0,323.0,Estimate
1992,3040,ARICKAREE R-2,Washington,121,district,16.0,published,16.0,,2.0,school_panel,2.0,2.0,138.0,,138.0,991.0,327.0,Estimate
1993,3040,ARICKAREE R-2,Washington,121,district,17.0,published,17.0,,2.0,school_panel,2.0,2.0,137.0,,137.0,1039.0,341.0,Estimate
1994,3040,ARICKAREE R-2,Washington,121,district,17.0,published,17.0,,2.0,school_panel,2.0,2.0,138.0,,138.0,1058.0,341.0,Estimate
1995,3040,ARICKAREE R-2,Washington,121,district,18.0,published,18.0,,2.0,school_panel,2.0,2.0,148.0,,148.0,1058.0,339.0,Estimate
1996,3040,ARICKAREE R-2,Washington,121,district,17.0,published,17.0,,2.0,school_panel,2.0,2.0,147.0,,147.0,1057.0,337.0,Estimate
1997,3040,ARICKAREE R-2,Washington,121,district,17.0,published,17.0,,2.0,school_panel,2.0,2.0,136.0,,136.0,1056.0,332.0,Estimate
1998,3040,ARICKAREE R-2,Washington,121,district,18.8,published,18.8,,2.0,school_panel,2.0,2.0,131.0,,131.0,1045.0,323.0,Estimate
1999,3040,ARICKAREE R-2,Washington,121,district,,,,,2.0,school_panel,2.0,2.0,117.0,,117.0,1017.0,314.0,Estimate
2000,3040,ARICKAREE R-2,Washington,121,district,14.9361,school_sum,,14.9361,2.0,school_panel,,2.0,,,97.0,998.0,305.0,Estimate
2001,3040,ARICKAREE R-2,Washington,121,district,16.8146,school_sum,,16.8146,2.0,school_panel,,2.0,54.0,54.0,98.0,959.0,306.0,Estimate
2002,3040,ARICKAREE R-2,Washington,121,district,16.1249,school_sum,,16.1249,2.0,school_panel,,2.0,53.0,53.0,94.0,1020.0,318.0,Estimate
2003,3040,ARICKAREE R-2,Washington,121,district,16.1368,school_sum,,16.1368,2.0,school_panel,,2.0,101.0,101.0,101.0,975.0,310.0,Estimate
2004,3040,ARICKAREE R-2,Washington,121,district,15.8372,school_sum,,15.8372,2.0,school_panel,,2.0,98.0,98.0,98.0,958.0,284.0,Estimate
2005,3040,ARICKAREE R-2,Washington,121,district,15.9311,school_sum,,15.9311,2.0,school_panel,,2.0,104.0,104.0,104.0,951.0,263.0,Estimate
2006,3040,ARICKAREE R-2,Washington,121,district,13.1838,school_sum,,13.1838,2.0,school_panel,,2.0,116.0,116.0,116.0,931.0,255.0,Estimate
2007,3040,ARICKAREE R-2,Washington,121,district,14.402,school_sum,,14.402,2.0,school_panel,,2.0,112.0,112.0,112.0,916.0,253.0,Estimate
2008,3040,ARICKAREE R-2,Washington,121,district,14.4818,school_sum,,14.4818,2.0,school_panel,,2.0,123.0,123.0,123.0,854.0,252.0,Estimate
2009,3040,ARICKAREE R-2,Washington,121,district,13.3723,school_sum,,13.3723,2.0,school_panel,,2.0,113.0,113.0,113.0,863.0,255.0,Estimate
2010,3040,ARICKAREE R-2,Washington,121,district,13.744,published,13.744,13.744,2.0,school_panel,,2.0,111.0,111.0,111.0,844.0,277.0,Estimate
2011,3040,ARICKAREE R-2,Washington,121,district,14.25,school_sum,,14.25,2.0,school_panel,,2.0,104.0,104.0,104.0,781.0,253.0,Estimate
2012,3040,ARICKAREE R-2,Washington,121,district,14.94,school_sum,,14.94,2.0,school_panel,,2.0,108.0,108.0,108.0,774.0,243.0,Estimate
2013,3040,ARICKAREE R-2,Washington,121,district,16.28,school_sum,,16.28,2.0,school_panel,,2.0,114.0,114.0,114.0,783.0,236.0,Estimate
2014,3040,ARICKAREE R-2,Washington,121,district,14.3801,school_sum,,14.3801,2.0,school_panel,,2.0,107.0,107.0,107.0,799.0,228.0,Estimate
2015,3040,ARICKAREE R-2,Washington,121,district,14.56,school_sum,,14.56,2.0,school_panel,,2.0,103.0,103.0,103.0,826.0,225.0,Estimate
2016,3040,ARICKAREE R-2,Washington,121,district,13.1,published,13.1,13.1,2.0,school_panel,,2.0,97.0,97.0,97.0,823.0,247.0,Estimate
2017,3040,,Washington,121,,,,,,2.0,school_panel,,2.0,101.0,101.0,101.0,835.0,254.0,Estimate
2018,3040,ARICKAREE R-2,Washington,121,district,13.29,published,13.29,13.29,2.0,school_panel,,2.0,117.0,117.0,117.0,806.0,270.0,Estimate
2019,3040,Arickaree R-2,Washington,121,district,14.6,school_sum,,14.6,2.0,school_panel,,2.0,114.0,114.0,114.0,812.0,266.0,Estimate
2020,3040,,Washington,121,,,,,,2.0,school_panel,,2.0,98.0,98.0,98.0,821.0,263.0,Estimate
2021,3040,,Washington,121,,,,,,2.0,school_panel,,2.0,101.0,101.0,101.0,853.0,261.0,Estimate
2022,3040,Arickaree R-2,Washington,121,district,12.2,published,12.2,12.2,2.0,school_panel,,2.0,101.0,101.0,101.0,843.0,266.0,Estimate
2023,3040,Arickaree R-2,Washington,121,district,12.5,published,12.5,12.5,2.0,school_panel,,2.0,92.0,92.0,92.0,868.0,252.0,Estimate
2024,3040,Arickaree R-2,Washington,121,district,9.5,published,9.5,9.5,2.0,school_panel,,2.0,82.0,82.0,82.0,849.0,256.0,Estimate
1990,3050,OTIS R-3,Washington,121,district,19.0,published,19.0,,2.0,school_panel,2.0,2.0,202.0,,202.0,974.0,328.0,Estimate
1991,3050,OTIS R-3,Washington,121,district,19.0,published,19.0,,2.0,school_panel,2.0,2.0,201.0,,201.0,971.0,323.0,Estimate
1992,3050,OTIS R-3,Washington,121,district,18.0,published,18.0,,2.0,school_panel,2.0,2.0,188.0,,188.0,991.0,327.0,Estimate
1993,3050,OTIS R-3,Washington,121,district,19.0,published,19.0,,2.0,school_panel,2.0,2.0,190.0,,190.0,1039.0,341.0,Estimate
1994,3050,OTIS R-3,Washington,121,district,20.0,published,20.0,,2.0,school_panel,2.0,2.0,199.0,,199.0,1058.0,341.0,Estimate
1995,3050,OTIS R-3,Washington,121,district,19.0,published,19.0,,2.0,school_panel,2.0,2.0,213.0,,213.0,1058.0,339.0,Estimate
1996,3050,OTIS R-3,Washington,121,district,20.0,published,20.0,,2.0,school_panel,2.0,2.0,207.0,,207.0,1057.0,337.0,Estimate
1997,3050,OTIS R-3,Washington,121,district,19.0,published,19.0,,2.0,school_panel,2.0,2.0,208.0,,208.0,1056.0,332.0,Estimate
1998,3050,OTIS R-3,Washington,121,district,20.7,published,20.7,,2.0,school_panel,2.0,2.0,211.0,,211.0,1045.0,323.0,Estimate
1999,3050,OTIS R-3,Washington,121,district,,,,,2.0,school_panel,2.0,2.0,211.0,,211.0,1017.0,314.0,Estimate
2000,3050,OTIS R-3,Washington,121,district,20.5953,school_sum,,20.5953,2.0,school_panel,,2.0,,,200.0,998.0,305.0,Estimate
2001,3050,OTIS R-3,Washington,121,district,19.2429,school_sum,,19.2429,2.0,school_panel,,2.0,93.0,93.0,169.0,959.0,306.0,Estimate
2002,3050,OTIS R-3,Washington,121,district,19.0,school_sum,,19.0,2.0,school_panel,,2.0,98.0,98.0,182.0,1020.0,318.0,Estimate
2003,3050,OTIS R-3,Washington,121,district,18.875,school_sum,,18.875,2.0,school_panel,,2.0,179.0,179.0,179.0,975.0,310.0,Estimate
2004,3050,OTIS R-3,Washington,121,district,19.0,school_sum,,19.0,2.0,school_panel,,2.0,189.0,189.0,189.0,958.0,284.0,Estimate
2005,3050,OTIS R-3,Washington,121,district,18.875,school_sum,,18.875,2.0,school_panel,,2.0,188.0,188.0,188.0,951.0,263.0,Estimate
2006,3050,OTIS R-3,Washington,121,district,19.0,school_sum,,19.0,2.0,school_panel,,2.0,214.0,214.0,214.0,931.0,255.0,Estimate
2007,3050,OTIS R-3,Washington,121,district,19.4986,school_sum,,19.4986,2.0,school_panel,,2.0,202.0,202.0,202.0,916.0,253.0,Estimate
2008,3050,OTIS R-3,Washington,121,district,20.1194,school_sum,,20.1194,2.0,school_panel,,2.0,192.0,192.0,192.0,854.0,252.0,Estimate
2009,3050,OTIS R-3,Washington,121,district,20.1728,school_sum,,20.1728,2.0,school_panel,,2.0,201.0,201.0,201.0,863.0,255.0,Estimate
2010,3050,OTIS R-3,Washington,121,district,20.173,published,20.173,20.173,2.0,school_panel,,2.0,209.0,209.0,209.0,844.0,277.0,Estimate
2011,3050,OTIS R-3,Washington,121,district,18.71,school_sum,,18.71,2.0,school_panel,,2.0,191.0,191.0,191.0,781.0,253.0,Estimate
2012,3050,OTIS R-3,Washington,121,district,19.5,school_sum,,19.5,2.0,school_panel,,2.0,200.0,200.0,200.0,774.0,243.0,Estimate
2013,3050,OTIS R-3,Washington,121,district,21.38,school_sum,,21.38,2.0,school_panel,,2.0,205.0,205.0,205.0,783.0,236.0,Estimate
2014,3050,OTIS R-3,Washington,121,district,19.125,school_sum,,19.125,2.0,school_panel,,2.0,226.0,226.0,226.0,799.0,228.0,Estimate
2015,3050,OTIS R-3,Washington,121,district,24.85,school_sum,,24.85,2.0,school_panel,,2.0,239.0,239.0,239.0,826.0,225.0,Estimate
2016,3050,OTIS R-3,Washington,121,district,19.26,published,19.26,19.26,2.0,school_panel,,2.0,242.0,242.0,242.0,823.0,247.0,Estimate
2017,3050,,Washington,121,,,,,,2.0,school_panel,,2.0,243.0,243.0,243.0,835.0,254.0,Estimate
2018,3050,OTIS R-3,Washington,121,district,18.84,published,18.84,18.84,2.0,school_panel,,2.0,227.0,227.0,227.0,806.0,270.0,Estimate
2019,3050,Otis R-3,Washington,121,district,19.5,school_sum,,19.5,2.0,school_panel,,2.0,216.0,216.0,216.0,812.0,266.0,Estimate
2020,3050,,Washington,121,,,,,,2.0,school_panel,,2.0,224.0,224.0,224.0,821.0,263.0,Estimate
2021,3050,,Washington,121,,,,,,2.0,school_panel,,2.0,211.0,211.0,211.0,853.0,261.0,Estimate
2022,3050,Otis R-3,Washington,121,district,17.4,published,17.4,17.5,2.0,school_panel,,2.0,201.0,201.0,201.0,843.0,266.0,Estimate
2023,3050,Otis R-3,Washington,121,district,19.6,published,19.6,19.6,2.0,school_panel,,2.0,198.0,198.0,198.0,868.0,252.0,Estimate
2024,3050,Otis R-3,Washington,121,district,17.5,published,17.5,17.5,2.0,school_panel,,2.0,192.0,192.0,192.0,849.0,256.0,Estimate
1990,3060,LONE STAR 101,Washington,121,district,8.9,published,8.9,,2.0,school_panel,2.0,2.0,58.0,,58.0,974.0,328.0,Estimate
1991,3060,LONE STAR 101,Washington,121,district,9.5,published,9.5,,2.0,school_panel,2.0,2.0,60.0,,60.0,971.0,323.0,Estimate
1992,3060,LONE STAR 101,Washington,121,district,9.6,published,9.6,,2.0,school_panel,2.0,2.0,66.0,,66.0,991.0,327.0,Estimate
1993,3060,LONE STAR 101,Washington,121,district,9.6,published,9.6,,2.0,school_panel,2.0,2.0,73.0,,73.0,1039.0,341.0,Estimate
1994,3060,LONE STAR 101,Washington,121,district,9.6,published,9.6,,2.0,school_panel,2.0,2.0,74.0,,74.0,1058.0,341.0,Estimate
1995,3060,LONE STAR 101,Washington,121,district,9.6,published,9.6,,2.0,school_panel,2.0,2.0,64.0,,64.0,1058.0,339.0,Estimate
1996,3060,LONE STAR 101,Washington,121,district,9.6,published,9.6,,2.0,school_panel,2.0,2.0,81.0,,81.0,1057.0,337.0,Estimate
1997,3060,LONE STAR 101,Washington,121,district,9.6,published,9.6,,2.0,school_panel,2.0,2.0,84.0,,84.0,1056.0,332.0,Estimate
1998,3060,LONE STAR 101,Washington,121,district,10.8,published,10.8,,2.0,school_panel,2.0,2.0,93.0,,93.0,1045.0,323.0,Estimate
1999,3060,LONE STAR 101,Washington,121,district,,,,,2.0,school_panel,2.0,2.0,99.0,,99.0,1017.0,314.0,Estimate
2000,3060,LONE STAR 101,Washington,121,district,13.5691,school_sum,,13.5691,2.0,school_panel,,2.0,,,99.0,998.0,305.0,Estimate
2001,3060,LONE STAR 101,Washington,121,district,15.3191,school_sum,,15.3191,2.0,school_panel,,2.0,55.0,55.0,102.0,959.0,306.0,Estimate
2002,3060,LONE STAR 101,Washington,121,district,15.2171,school_sum,,15.2171,2.0,school_panel,,2.0,58.0,58.0,103.0,1020.0,318.0,Estimate
2003,3060,LONE STAR 101,Washington,121,district,14.2171,school_sum,,14.2171,2.0,school_panel,,2.0,101.0,101.0,101.0,975.0,310.0,Estimate
2004,3060,LONE STAR 101,Washington,121,district,15.2171,school_sum,,15.2171,2.0,school_panel,,2.0,109.0,109.0,109.0,958.0,284.0,Estimate
2005,3060,LONE STAR 101,Washington,121,district,15.2172,school_sum,,15.2172,2.0,school_panel,,2.0,121.0,121.0,121.0,951.0,263.0,Estimate
2006,3060,LONE STAR 101,Washington,121,district,14.3109,school_sum,,14.3109,2.0,school_panel,,2.0,106.0,106.0,106.0,931.0,255.0,Estimate
2007,3060,LONE STAR 101,Washington,121,district,13.7708,school_sum,,13.7708,2.0,school_panel,,2.0,93.0,93.0,93.0,916.0,253.0,Estimate
2008,3060,LONE STAR 101,Washington,121,district,15.5202,school_sum,,15.5202,3.0,school_panel,,3.0,100.0,100.0,100.0,854.0,252.0,Estimate
2009,3060,LONE STAR 101,Washington,121,district,14.7082,school_sum,,14.7082,3.0,school_panel,,3.0,118.0,118.0,118.0,863.0,255.0,Estimate
2010,3060,LONE STAR 101,Washington,121,district,14.506,published,14.506,14.506,3.0,school_panel,,3.0,104.0,104.0,104.0,844.0,277.0,Estimate
2011,3060,LONE STAR 101,Washington,121,district,16.38,school_sum,,16.38,3.0,school_panel,,3.0,112.0,112.0,112.0,781.0,253.0,Estimate
2012,3060,LONE STAR 101,Washington,121,district,16.13,school_sum,,16.13,3.0,school_panel,,3.0,116.0,116.0,116.0,774.0,243.0,Estimate
2013,3060,LONE STAR 101,Washington,121,district,19.23,school_sum,,19.23,3.0,school_panel,,3.0,121.0,121.0,121.0,783.0,236.0,Estimate
2014,3060,LONE STAR 101,Washington,121,district,17.8474,school_sum,,17.8474,3.0,school_panel,,3.0,106.0,106.0,106.0,799.0,228.0,Estimate
2015,3060,LONE STAR 101,Washington,121,district,17.84,school_sum,,17.84,3.0,school_panel,,3.0,103.0,103.0,103.0,826.0,225.0,Estimate
2016,3060,LONE STAR 101,Washington,121,district,14.74,published,14.74,14.74,3.0,school_panel,,3.0,115.0,115.0,115.0,823.0,247.0,Estimate
2017,3060,,Washington,121,,,,,,3.0,school_panel,,3.0,119.0,119.0,119.0,835.0,254.0,Estimate
2018,3060,LONE STAR 101,Washington,121,district,12.86,published,12.86,12.86,3.0,school_panel,,3.0,121.0,121.0,121.0,806.0,270.0,Estimate
2019,3060,Lone Star 101,Washington,121,district,13.9,school_sum,,13.9,3.0,school_panel,,3.0,130.0,130.0,130.0,812.0,266.0,Estimate
2020,3060,,Washington,121,,,,,,3.0,school_panel,,3.0,141.0,141.0,141.0,821.0,263.0,Estimate
2021,3060,,Washington,121,,,,,,3.0,school_panel,,3.0,125.0,125.0,125.0,853.0,261.0,Estimate
2022,3060,Lone Star 101,Washington,121,district,12.9,published,12.9,12.9,3.0,school_panel,,3.0,124.0,124.0,124.0,843.0,266.0,Estimate
2023,3060,Lone Star 101,Washington,121,district,12.1,published,12.1,12.1,3.0,school_panel,,3.0,125.0,125.0,125.0,868.0,252.0,Estimate
2024,3060,Lone Star 101,Washington,121,district,11.0,published,11.0,10.9,3.0,school_panel,,3.0,119.0,119.0,119.0,849.0,256.0,Estimate
1990,3070,WOODLIN R-104,Washington,121,district,16.0,published,16.0,,2.0,school_panel,2.0,2.0,102.0,,102.0,974.0,328.0,Estimate
1991,3070,WOODLIN R-104,Washington,121,district,14.5,published,14.5,,2.0,school_panel,2.0,2.0,107.0,,107.0,971.0,323.0,Estimate
1992,3070,WOODLIN R-104,Washington,121,district,15.0,published,15.0,,2.0,school_panel,2.0,2.0,122.0,,122.0,991.0,327.0,Estimate
1993,3070,WOODLIN R-104,Washington,121,district,14.0,published,14.0,,2.0,school_panel,2.0,2.0,123.0,,123.0,1039.0,341.0,Estimate
1994,3070,WOODLIN R-104,Washington,121,district,14.5,published,14.5,,2.0,school_panel,2.0,2.0,121.0,,121.0,1058.0,341.0,Estimate
1995,3070,WOODLIN R-104,Washington,121,district,14.5,published,14.5,,2.0,school_panel,2.0,2.0,135.0,,135.0,1058.0,339.0,Estimate
1996,3070,WOODLIN R-104,Washington,121,district,14.5,published,14.5,,2.0,school_panel,2.0,2.0,132.0,,132.0,1057.0,337.0,Estimate
1997,3070,WOODLIN R-104,Washington,121,district,15.5,published,15.5,,2.0,school_panel,2.0,2.0,135.0,,135.0,1056.0,332.0,Estimate
1998,3070,WOODLIN R-104,Washington,121,district,15.5,published,15.5,,2.0,school_panel,2.0,2.0,125.0,,125.0,1045.0,323.0,Estimate
1999,3070,WOODLIN R-104,Washington,121,district,,,,,2.0,school_panel,2.0,2.0,138.0,,138.0,1017.0,314.0,Estimate
2000,3070,WOODLIN R-104,Washington,121,district,12.8578,school_sum,,12.8578,2.0,school_panel,,2.0,,,135.0,998.0,305.0,Estimate
2001,3070,WOODLIN R-104,Washington,121,district,12.6651,school_sum,,12.6651,2.0,school_panel,,2.0,124.0,124.0,124.0,959.0,306.0,Estimate
2002,3070,WOODLIN R-104,Washington,121,district,13.1651,school_sum,,13.1651,2.0,school_panel,,2.0,117.0,117.0,117.0,1020.0,318.0,Estimate
2003,3070,WOODLIN R-104,Washington,121,district,13.6651,school_sum,,13.6651,2.0,school_panel,,2.0,116.0,116.0,116.0,975.0,310.0,Estimate
2004,3070,WOODLIN R-104,Washington,121,district,13.6713,school_sum,,13.6713,2.0,school_panel,,2.0,119.0,119.0,119.0,958.0,284.0,Estimate
2005,3070,WOODLIN R-104,Washington,121,district,13.2593,school_sum,,13.2593,2.0,school_panel,,2.0,114.0,114.0,114.0,951.0,263.0,Estimate
2006,3070,WOODLIN R-104,Washington,121,district,13.8997,school_sum,,13.8997,2.0,school_panel,,2.0,98.0,98.0,98.0,931.0,255.0,Estimate
2007,3070,WOODLIN R-104,Washington,121,district,12.375,school_sum,,12.375,2.0,school_panel,,2.0,101.0,101.0,101.0,916.0,253.0,Estimate
2008,3070,WOODLIN R-104,Washington,121,district,13.25,school_sum,,13.25,2.0,school_panel,,2.0,99.0,99.0,99.0,854.0,252.0,Estimate
2009,3070,WOODLIN R-104,Washington,121,district,13.2501,school_sum,,13.2501,2.0,school_panel,,2.0,105.0,105.0,105.0,863.0,255.0,Estimate
2010,3070,WOODLIN R-104,Washington,121,district,11.881,published,11.881,11.881,2.0,school_panel,,2.0,113.0,113.0,113.0,844.0,277.0,Estimate
2011,3070,WOODLIN R-104,Washington,121,district,12.38,school_sum,,12.38,2.0,school_panel,,2.0,105.0,105.0,105.0,781.0,253.0,Estimate
2012,3070,WOODLIN R-104,Washington,121,district,10.87,school_sum,,10.87,2.0,school_panel,,2.0,93.0,93.0,93.0,774.0,243.0,Estimate
2013,3070,WOODLIN R-104,Washington,121,district,10.82,school_sum,,10.82,2.0,school_panel,,2.0,90.0,90.0,90.0,783.0,236.0,Estimate
2014,3070,WOODLIN R-104,Washington,121,district,11.117,school_sum,,11.117,2.0,school_panel,,2.0,102.0,102.0,102.0,799.0,228.0,Estimate
2015,3070,WOODLIN R-104,Washington,121,district,11.5,school_sum,,11.5,2.0,school_panel,,2.0,110.0,110.0,110.0,826.0,225.0,Estimate
2016,3070,WOODLIN R-104,Washington,121,district,12.11,published,12.11,12.11,2.0,school_panel,,2.0,113.0,113.0,113.0,823.0,247.0,Estimate
2017,3070,,Washington,121,,,,,,2.0,school_panel,,2.0,106.0,106.0,106.0,835.0,254.0,Estimate
2018,3070,WOODLIN R-104,Washington,121,district,11.2,published,11.2,11.21,2.0,school_panel,,2.0,108.0,108.0,108.0,806.0,270.0,Estimate
2019,3070,Woodlin R-104,Washington,121,district,8.8,school_sum,,8.8,2.0,school_panel,,2.0,85.0,85.0,85.0,812.0,266.0,Estimate
2020,3070,,Washington,121,,,,,,2.0,school_panel,,2.0,78.0,78.0,78.0,821.0,263.0,Estimate
2021,3070,,Washington,121,,,,,,2.0,school_panel,,2.0,72.0,72.0,72.0,853.0,261.0,Estimate
2022,3070,Woodlin R-104,Washington,121,district,9.5,published,9.5,9.5,2.0,school_panel,,2.0,82.0,82.0,82.0,843.0,266.0,Estimate
2023,3070,Woodlin R-104,Washington,121,district,9.6,published,9.6,9.6,2.0,school_panel,,2.0,76.0,76.0,76.0,868.0,252.0,Estimate
2024,3070,Woodlin R-104,Washington,121,district,8.5,published,8.5,8.5,2.0,school_panel,,2.0,74.0,74.0,74.0,849.0,256.0,Estimate
1990,3080,WELD RE-1 (GILCREST),Weld,123,district,96.5,published,96.5,,6.0,published,6.0,,1722.0,,,26644.0,10584.0,Estimate
1991,3080,WELD RE-1 (GILCREST),Weld,123,district,100.3,published,100.3,,6.0,published,6.0,,1660.0,,,27450.0,10844.0,Estimate
1992,3080,GILCREST RE-1,Weld,123,district,97.0,published,97.0,,6.0,published,6.0,,1752.0,,,28372.0,11159.0,Estimate
1993,3080,GILCREST RE-1,Weld,123,district,100.0,published,100.0,,6.0,published,6.0,,1813.0,,,29554.0,11572.0,Estimate
1994,3080,GILCREST RE-1,Weld,123,district,126.0,published,126.0,,6.0,published,6.0,,1866.0,,,30728.0,11976.0,Estimate
1995,3080,GILCREST RE-1,Weld,123,district,122.9,published,122.9,,6.0,published,6.0,,1913.0,,,31944.0,12394.0,Estimate
1996,3080,GILCREST RE-1,Weld,123,district,122.8,published,122.8,,6.0,published,6.0,,1970.0,,,32923.0,12718.0,Estimate
1997,3080,GILCREST RE-1,Weld,123,district,122.7,published,122.7,,6.0,published,6.0,,2028.0,,,33992.0,13071.0,Estimate
1998,3080,GILCREST RE-1,Weld,123,district,129.2,published,129.2,,6.0,published,6.0,,1959.0,,,35165.0,13460.0,Estimate
1999,3080,GILCREST RE-1,Weld,123,district,,,,,6.0,published,6.0,,1937.0,,,36202.0,13797.0,Estimate
2000,3080,GILCREST RE-1,Weld,123,district,131.3631,school_sum,,131.3631,,,,,,,,37436.0,14202.0,Estimate
2001,3080,WELD COUNTY RE-1,Weld,123,district,132.4256,school_sum,,132.4256,6.0,school_panel,,6.0,2018.0,2018.0,2018.0,38815.0,15123.0,Estimate
2002,3080,WELD COUNTY RE-1,Weld,123,district,146.6109,school_sum,,146.6109,6.0,school_panel,,6.0,1914.0,1914.0,1914.0,39853.0,15721.0,Estimate
2003,3080,WELD COUNTY RE-1,Weld,123,district,149.222,school_sum,,149.222,6.0,school_panel,,6.0,2001.0,2001.0,2001.0,41364.0,16527.0,Estimate
2004,3080,WELD COUNTY RE-1,Weld,123,district,146.9102,school_sum,,146.9102,6.0,school_panel,,6.0,2021.0,2021.0,2021.0,42470.0,17235.0,Estimate
2005,3080,WELD COUNTY RE-1,Weld,123,district,144.3393,school_sum,,144.3393,6.0,school_panel,,6.0,1981.0,1981.0,1981.0,44192.0,18255.0,Estimate
2006,3080,WELD COUNTY RE-1,Weld,123,district,150.1157,school_sum,,150.1157,6.0,school_panel,,6.0,1868.0,1868.0,1868.0,45519.0,18971.0,Estimate
2007,3080,WELD COUNTY RE-1,Weld,123,district,153.622,school_sum,,153.622,6.0,school_panel,,6.0,1804.0,1804.0,1804.0,46958.0,19590.0,Estimate
2008,3080,WELD COUNTY RE-1,Weld,123,district,148.3861,school_sum,,148.3861,6.0,school_panel,,6.0,1769.0,1769.0,1769.0,48277.0,19961.0,Estimate
2009,3080,WELD COUNTY RE-1,Weld,123,district,140.8606,school_sum,,140.8606,6.0,school_panel,,6.0,1784.0,1784.0,1784.0,49391.0,20021.0,Estimate
2010,3080,WELD COUNTY RE-1,Weld,123,district,126.301,published,126.301,126.301,6.0,school_panel,,6.0,1986.0,1986.0,1986.0,50677.0,19935.0,Estimate
2011,3080,WELD COUNTY RE-1,Weld,123,district,98.63,school_sum,,98.63,6.0,school_panel,,6.0,1895.0,1895.0,1895.0,51757.0,19816.0,Estimate
2012,3080,WELD COUNTY RE-1,Weld,123,district,50.92,school_sum,,50.92,6.0,school_panel,,6.0,1933.0,1933.0,1933.0,52825.0,19775.0,Estimate
2013,3080,WELD COUNTY RE-1,Weld,123,district,127.33,school_sum,,127.33,6.0,school_panel,,6.0,1922.0,1922.0,1922.0,54096.0,19878.0,Estimate
2014,3080,WELD COUNTY RE-1,Weld,123,district,137.9139,school_sum,,137.9139,6.0,school_panel,,6.0,1990.0,1990.0,1990.0,55419.0,20195.0,Estimate
2015,3080,WELD COUNTY RE-1,Weld,123,district,129.59,school_sum,,129.59,6.0,school_panel,,6.0,1985.0,1985.0,1985.0,57119.0,20793.0,Estimate
2016,3080,WELD COUNTY RE-1,Weld,123,district,133.62,published,133.62,127.76,6.0,school_panel,,6.0,2004.0,2004.0,2004.0,58807.0,21542.0,Estimate
2017,3080,,Weld,123,,,,,,6.0,school_panel,,6.0,1938.0,1938.0,1938.0,60380.0,22232.0,Estimate
2018,3080,WELD COUNTY RE-1,Weld,123,district,147.21,published,147.21,147.21,6.0,school_panel,,6.0,1948.0,1948.0,1948.0,61682.0,22730.0,Estimate
2019,3080,Weld County RE-1,Weld,123,district,144.9,school_sum,,144.9,6.0,school_panel,,6.0,1953.0,1953.0,1953.0,63183.0,23061.0,Estimate
2020,3080,,Weld,123,,,,,,6.0,school_panel,,6.0,1887.0,1887.0,1887.0,64550.0,23286.0,Estimate
2021,3080,,Weld,123,,,,,,6.0,school_panel,,6.0,1892.0,1892.0,1892.0,66001.0,23273.0,Estimate
2022,3080,Weld County RE-1,Weld,123,district,146.6,published,146.6,136.3,6.0,school_panel,,6.0,1837.0,1837.0,1837.0,67663.0,23589.0,Estimate
2023,3080,Weld County RE-1,Weld,123,district,152.0,published,152.0,152.0,6.0,school_panel,,6.0,1768.0,1768.0,1768.0,68781.0,24081.0,Estimate
2024,3080,Weld County RE-1,Weld,123,district,128.9,published,128.9,125.8,6.0,school_panel,,6.0,1727.0,1727.0,1727.0,69769.0,24634.0,Estimate
1990,3085,EATON RE-2,Weld,123,district,64.8,published,64.8,,4.0,school_panel,4.0,4.0,1184.0,,1184.0,26644.0,10584.0,Estimate
1991,3085,EATON RE-2,Weld,123,district,68.0,published,68.0,,4.0,school_panel,4.0,4.0,1210.0,,1210.0,27450.0,10844.0,Estimate
1992,3085,EATON RE-2,Weld,123,district,69.9,published,69.9,,4.0,school_panel,4.0,4.0,1213.0,,1213.0,28372.0,11159.0,Estimate
1993,3085,EATON RE-2,Weld,123,district,64.0,published,64.0,,4.0,school_panel,4.0,4.0,1271.0,,1271.0,29554.0,11572.0,Estimate
1994,3085,EATON RE-2,Weld,123,district,73.2,published,73.2,,4.0,school_panel,4.0,4.0,1289.0,,1289.0,30728.0,11976.0,Estimate
1995,3085,EATON RE-2,Weld,123,district,77.2,published,77.2,,4.0,school_panel,4.0,4.0,1351.0,,1351.0,31944.0,12394.0,Estimate
1996,3085,EATON RE-2,Weld,123,district,78.9,published,78.9,,4.0,school_panel,4.0,4.0,1355.0,,1355.0,32923.0,12718.0,Estimate
1997,3085,EATON RE-2,Weld,123,district,81.2,published,81.2,,4.0,school_panel,4.0,4.0,1354.0,,1354.0,33992.0,13071.0,Estimate
1998,3085,EATON RE-2,Weld,123,district,84.0,published,84.0,,4.0,school_panel,4.0,4.0,1343.0,,1343.0,35165.0,13460.0,Estimate
1999,3085,EATON RE-2,Weld,123,district,,,,,4.0,school_panel,4.0,4.0,1383.0,,1383.0,36202.0,13797.0,Estimate
2000,3085,EATON RE-2,Weld,123,district,88.3551,school_sum,,88.3551,4.0,school_panel,,4.0,,,1406.0,37436.0,14202.0,Estimate
2001,3085,EATON RE-2,Weld,123,district,92.3387,school_sum,,92.3387,4.0,school_panel,,4.0,1465.0,1465.0,1465.0,38815.0,15123.0,Estimate
2002,3085,EATON RE-2,Weld,123,district,94.2045,school_sum,,94.2045,4.0,school_panel,,4.0,1533.0,1533.0,1533.0,39853.0,15721.0,Estimate
2003,3085,EATON RE-2,Weld,123,district,95.9815,school_sum,,95.9815,5.0,school_panel,,5.0,1563.0,1563.0,1563.0,41364.0,16527.0,Estimate
2004,3085,EATON RE-2,Weld,123,district,96.1718,school_sum,,96.1718,5.0,school_panel,,5.0,1593.0,1593.0,1593.0,42470.0,17235.0,Estimate
2005,3085,EATON RE-2,Weld,123,district,97.7176,school_sum,,97.7176,5.0,school_panel,,5.0,1643.0,1643.0,1643.0,44192.0,18255.0,Estimate
2006,3085,EATON RE-2,Weld,123,district,97.3897,school_sum,,97.3897,5.0,school_panel,,5.0,1708.0,1708.0,1708.0,45519.0,18971.0,Estimate
2007,3085,EATON RE-2,Weld,123,district,99.2174,school_sum,,99.2174,5.0,school_panel,,5.0,1748.0,1748.0,1748.0,46958.0,19590.0,Estimate
2008,3085,EATON RE-2,Weld,123,district,109.3899,school_sum,,109.3899,5.0,school_panel,,5.0,1696.0,1696.0,1696.0,48277.0,19961.0,Estimate
2009,3085,EATON RE-2,Weld,123,district,111.5583,school_sum,,111.5583,5.0,school_panel,,5.0,1705.0,1705.0,1705.0,49391.0,20021.0,Estimate
2010,3085,EATON RE-2,Weld,123,district,108.397,published,108.397,57.358,5.0,school_panel,,5.0,1749.0,1749.0,1749.0,50677.0,19935.0,Estimate
2011,3085,EATON RE-2,Weld,123,district,87.97,school_sum,,87.97,5.0,school_panel,,5.0,1768.0,1768.0,1768.0,51757.0,19816.0,Estimate
2012,3085,EATON RE-2,Weld,123,district,84.6,school_sum,,84.6,5.0,school_panel,,5.0,1804.0,1804.0,1804.0,52825.0,19775.0,Estimate
2013,3085,EATON RE-2,Weld,123,district,109.38,school_sum,,109.38,5.0,school_panel,,5.0,1837.0,1837.0,1837.0,54096.0,19878.0,Estimate
2014,3085,EATON RE-2,Weld,123,district,112.1868,school_sum,,112.1868,5.0,school_panel,,5.0,1904.0,1904.0,1904.0,55419.0,20195.0,Estimate
2015,3085,EATON RE-2,Weld,123,district,115.78,school_sum,,115.78,5.0,school_panel,,5.0,1918.0,1918.0,1918.0,57119.0,20793.0,Estimate
2016,3085,EATON RE-2,Weld,123,district,116.31,published,116.31,116.3,5.0,school_panel,,5.0,1878.0,1878.0,1878.0,58807.0,21542.0,Estimate
2017,3085,,Weld,123,,,,,,5.0,school_panel,,5.0,1912.0,1912.0,1912.0,60380.0,22232.0,Estimate
2018,3085,EATON RE-2,Weld,123,district,116.19,published,116.19,116.19,5.0,school_panel,,5.0,1915.0,1915.0,1915.0,61682.0,22730.0,Estimate
2019,3085,Eaton RE-2,Weld,123,district,117.7,school_sum,,117.7,5.0,school_panel,,5.0,1968.0,1968.0,1968.0,63183.0,23061.0,Estimate
2020,3085,,Weld,123,,,,,,5.0,school_panel,,5.0,1942.0,1942.0,1942.0,64550.0,23286.0,Estimate
2021,3085,,Weld,123,,,,,,5.0,school_panel,,5.0,1994.0,1994.0,1994.0,66001.0,23273.0,Estimate
2022,3085,Eaton RE-2,Weld,123,district,123.0,published,123.0,123.0,5.0,school_panel,,5.0,1977.0,1977.0,1977.0,67663.0,23589.0,Estimate
2023,3085,Eaton RE-2,Weld,123,district,129.9,published,129.9,129.9,5.0,school_panel,,5.0,2007.0,2007.0,2007.0,68781.0,24081.0,Estimate
2024,3085,Eaton RE-2,Weld,123,district,127.2,published,127.2,127.2,5.0,school_panel,,5.0,2000.0,2000.0,2000.0,69769.0,24634.0,Estimate
1990,3090,WELD RE-3 (KEENESBURG),Weld,123,district,66.5,published,66.5,,4.0,school_panel,4.0,4.0,1246.0,,1246.0,26644.0,10584.0,Estimate
1991,3090,WELD RE-3 (KEENESBURG),Weld,123,district,68.0,published,68.0,,4.0,school_panel,4.0,4.0,1193.0,,1193.0,27450.0,10844.0,Estimate
1992,3090,KEENESBURG RE-3(J),Weld,123,district,67.0,published,67.0,,4.0,school_panel,4.0,4.0,1244.0,,1244.0,28372.0,11159.0,Estimate
1993,3090,KEENESBURG RE-3(J),Weld,123,district,67.5,published,67.5,,4.0,school_panel,4.0,4.0,1334.0,,1334.0,29554.0,11572.0,Estimate
1994,3090,KEENESBURG RE-3(J),Weld,123,district,81.5,published,81.5,,4.0,school_panel,4.0,4.0,1343.0,,1343.0,30728.0,11976.0,Estimate
1995,3090,KEENESBURG RE-3(J),Weld,123,district,84.5,published,84.5,,4.0,school_panel,4.0,4.0,1372.0,,1372.0,31944.0,12394.0,Estimate
1996,3090,KEENESBURG RE-3(J),Weld,123,district,84.0,published,84.0,,4.0,school_panel,4.0,4.0,1434.0,,1434.0,32923.0,12718.0,Estimate
1997,3090,KEENESBURG RE-3(J),Weld,123,district,88.0,published,88.0,,4.0,school_panel,3.0,4.0,1441.0,,1441.0,33992.0,13071.0,Estimate
1998,3090,KEENESBURG RE-3(J),Weld,123,district,90.4,published,90.4,,3.0,school_panel,3.0,3.0,1509.0,,1509.0,35165.0,13460.0,Estimate
1999,3090,KEENESBURG RE-3(J),Weld,123,district,,,,,3.0,school_panel,3.0,3.0,1601.0,,1601.0,36202.0,13797.0,Estimate
2000,3090,KEENESBURG RE-3(J),Weld,123,district,101.8626,school_sum,,101.8626,6.0,school_panel,,6.0,,,1610.0,37436.0,14202.0,Estimate
2001,3090,KEENESBURG RE-3(J),Weld,123,district,106.1815,school_sum,,106.1815,6.0,school_panel,,6.0,977.0,977.0,1694.0,38815.0,15123.0,Estimate
2002,3090,KEENESBURG RE-3(J),Weld,123,district,121.9017,school_sum,,121.9017,8.0,school_panel,,8.0,1906.0,1906.0,1925.0,39853.0,15721.0,Estimate
2003,3090,KEENESBURG RE-3(J),Weld,123,district,128.371,school_sum,,128.371,8.0,school_panel,,8.0,1916.0,1916.0,1916.0,41364.0,16527.0,Estimate
2004,3090,KEENESBURG RE-3(J),Weld,123,district,133.6574,school_sum,,133.6574,6.0,school_panel,,6.0,1936.0,1936.0,1936.0,42470.0,17235.0,Estimate
2005,3090,KEENESBURG RE-3(J),Weld,123,district,136.8866,school_sum,,136.8866,6.0,school_panel,,6.0,2024.0,2024.0,2024.0,44192.0,18255.0,Estimate
2006,3090,KEENESBURG RE-3(J),Weld,123,district,143.6393,school_sum,,143.6393,6.0,school_panel,,6.0,2088.0,2088.0,2088.0,45519.0,18971.0,Estimate
2007,3090,KEENESBURG RE-3(J),Weld,123,district,149.2654,school_sum,,149.2654,6.0,school_panel,,6.0,2105.0,2105.0,2105.0,46958.0,19590.0,Estimate
2008,3090,KEENESBURG RE-3(J),Weld,123,district,151.5388,school_sum,,151.5388,6.0,school_panel,,6.0,2157.0,2157.0,2157.0,48277.0,19961.0,Estimate
2009,3090,KEENESBURG RE-3(J),Weld,123,district,144.5335,school_sum,,144.5335,6.0,school_panel,,6.0,2149.0,2149.0,2149.0,49391.0,20021.0,Estimate
2010,3090,KEENESBURG RE-3(J),Weld,123,district,143.193,published,143.193,143.033,6.0,school_panel,,6.0,2276.0,2276.0,2276.0,50677.0,19935.0,Estimate
2011,3090,KEENESBURG RE-3(J),Weld,123,district,137.97,school_sum,,137.97,6.0,school_panel,,6.0,2276.0,2276.0,2276.0,51757.0,19816.0,Estimate
2012,3090,KEENESBURG RE-3(J),Weld,123,district,137.21,school_sum,,137.21,6.0,school_panel,,6.0,2313.0,2313.0,2313.0,52825.0,19775.0,Estimate
2013,3090,KEENESBURG RE-3(J),Weld,123,district,140.47,school_sum,,140.47,6.0,school_panel,,6.0,2306.0,2306.0,2306.0,54096.0,19878.0,Estimate
2014,3090,WELD COUNTY SCHOOL DISTRICT RE-3J,Weld,123,district,138.6358,school_sum,,138.6358,6.0,school_panel,,6.0,2386.0,2386.0,2386.0,55419.0,20195.0,Estimate
2015,3090,WELD COUNTY SCHOOL DISTRICT RE-3J,Weld,123,district,139.22,school_sum,,139.22,6.0,school_panel,,6.0,2341.0,2341.0,2341.0,57119.0,20793.0,Estimate
2016,3090,WELD COUNTY SCHOOL DISTRICT RE-3J,Weld,123,district,142.22,published,142.22,142.21,6.0,school_panel,,6.0,2352.0,2352.0,2352.0,58807.0,21542.0,Estimate
2017,3090,,Weld,123,,,,,,6.0,school_panel,,6.0,2475.0,2475.0,2475.0,60380.0,22232.0,Estimate
2018,3090,WELD COUNTY SCHOOL DISTRICT RE-3J,Weld,123,district,157.78,published,157.78,157.78,7.0,school_panel,,7.0,2551.0,2551.0,2551.0,61682.0,22730.0,Estimate
2019,3090,Weld County School District RE-3J,Weld,123,district,167.7,school_sum,,167.7,7.0,school_panel,,7.0,2697.0,2697.0,2697.0,63183.0,23061.0,Estimate
2020,3090,,Weld,123,,,,,,7.0,school_panel,,7.0,2569.0,2569.0,2569.0,64550.0,23286.0,Estimate
2021,3090,,Weld,123,,,,,,7.0,school_panel,,7.0,2693.0,2693.0,2693.0,66001.0,23273.0,Estimate
2022,3090,Weld County School District RE-3J,Weld,123,district,179.8,published,179.8,179.8,8.0,school_panel,,8.0,2785.0,2785.0,2785.0,67663.0,23589.0,Estimate
2023,3090,Weld County School District RE-3J,Weld,123,district,175.4,published,175.4,175.4,8.0,school_panel,,8.0,2715.0,2715.0,2715.0,68781.0,24081.0,Estimate
2024,3090,Weld County School District RE-3J,Weld,123,district,172.4,published,172.4,172.4,8.0,school_panel,,8.0,2666.0,2666.0,2666.0,69769.0,24634.0,Estimate
1990,3100,WINDSOR RE-4,Weld,123,district,106.5,published,106.5,,5.0,school_panel,5.0,5.0,1711.0,,1711.0,26644.0,10584.0,Estimate
1991,3100,WINDSOR RE-4,Weld,123,district,108.3,published,108.3,,5.0,school_panel,5.0,5.0,1827.0,,1827.0,27450.0,10844.0,Estimate
1992,3100,WINDSOR RE-4,Weld,123,district,111.0,published,111.0,,5.0,school_panel,5.0,5.0,1828.0,,1828.0,28372.0,11159.0,Estimate
1993,3100,WINDSOR RE-4,Weld,123,district,109.0,published,109.0,,5.0,school_panel,5.0,5.0,1864.0,,1864.0,29554.0,11572.0,Estimate
1994,3100,WINDSOR RE-4,Weld,123,district,112.0,published,112.0,,5.0,school_panel,5.0,5.0,1890.0,,1890.0,30728.0,11976.0,Estimate
1995,3100,WINDSOR RE-4,Weld,123,district,124.3,published,124.3,,5.0,school_panel,5.0,5.0,2006.0,,2006.0,31944.0,12394.0,Estimate
1996,3100,WINDSOR RE-4,Weld,123,district,128.3,published,128.3,,5.0,school_panel,5.0,5.0,2116.0,,2116.0,32923.0,12718.0,Estimate
1997,3100,WINDSOR RE-4,Weld,123,district,132.1,published,132.1,,5.0,school_panel,5.0,5.0,2204.0,,2204.0,33992.0,13071.0,Estimate
1998,3100,WINDSOR RE-4,Weld,123,district,142.8,published,142.8,,5.0,school_panel,5.0,5.0,2362.0,,2362.0,35165.0,13460.0,Estimate
1999,3100,WINDSOR RE-4,Weld,123,district,,,,,5.0,school_panel,5.0,5.0,2479.0,,2479.0,36202.0,13797.0,Estimate
2000,3100,WINDSOR RE-4,Weld,123,district,158.3963,school_sum,,158.3963,5.0,school_panel,,5.0,,,2618.0,37436.0,14202.0,Estimate
2001,3100,WINDSOR RE-4,Weld,123,district,172.7204,school_sum,,172.7204,6.0,school_panel,,6.0,2416.0,2416.0,2789.0,38815.0,15123.0,Estimate
2002,3100,WINDSOR RE-4,Weld,123,district,183.4844,school_sum,,183.4844,6.0,school_panel,,6.0,2558.0,2558.0,2941.0,39853.0,15721.0,Estimate
2003,3100,WINDSOR RE-4,Weld,123,district,191.2055,school_sum,,191.2055,7.0,school_panel,,7.0,2989.0,2989.0,2989.0,41364.0,16527.0,Estimate
2004,3100,WINDSOR RE-4,Weld,123,district,194.5747,school_sum,,194.5747,7.0,school_panel,,7.0,3149.0,3149.0,3149.0,42470.0,17235.0,Estimate
2005,3100,WINDSOR RE-4,Weld,123,district,208.2277,school_sum,,208.2277,7.0,school_panel,,7.0,3371.0,3371.0,3371.0,44192.0,18255.0,Estimate
2006,3100,WINDSOR RE-4,Weld,123,district,222.2051,school_sum,,222.2051,7.0,school_panel,,7.0,3689.0,3689.0,3689.0,45519.0,18971.0,Estimate
2007,3100,WINDSOR RE-4,Weld,123,district,238.3976,school_sum,,238.3976,7.0,school_panel,,7.0,3867.0,3867.0,3867.0,46958.0,19590.0,Estimate
2008,3100,WINDSOR RE-4,Weld,123,district,250.2126,school_sum,,250.2126,7.0,school_panel,,7.0,3965.0,3965.0,3965.0,48277.0,19961.0,Estimate
2009,3100,WINDSOR RE-4,Weld,123,district,254.4839,school_sum,,254.4839,8.0,school_panel,,8.0,4082.0,4082.0,4082.0,49391.0,20021.0,Estimate
2010,3100,WINDSOR RE-4,Weld,123,district,270.35,published,270.35,267.475,9.0,school_panel,,9.0,4364.0,4364.0,4364.0,50677.0,19935.0,Estimate
2011,3100,WINDSOR RE-4,Weld,123,district,273.31,school_sum,,273.31,9.0,school_panel,,9.0,4582.0,4582.0,4582.0,51757.0,19816.0,Estimate
2012,3100,WINDSOR RE-4,Weld,123,district,277.71,school_sum,,277.71,9.0,school_panel,,9.0,4739.0,4739.0,4739.0,52825.0,19775.0,Estimate
2013,3100,WINDSOR RE-4,Weld,123,district,283.99,school_sum,,283.99,9.0,school_panel,,9.0,4821.0,4821.0,4821.0,54096.0,19878.0,Estimate
2014,3100,WINDSOR RE-4,Weld,123,district,293.0292,school_sum,,293.0292,9.0,school_panel,,9.0,5102.0,5102.0,5102.0,55419.0,20195.0,Estimate
2015,3100,WINDSOR RE-4,Weld,123,district,306.97,school_sum,,306.97,10.0,school_panel,,10.0,5524.0,5524.0,5524.0,57119.0,20793.0,Estimate
2016,3100,WINDSOR RE-4,Weld,123,district,334.91,published,334.91,333.76,10.0,school_panel,,10.0,6033.0,6033.0,6033.0,58807.0,21542.0,Estimate
2017,3100,,Weld,123,,,,,,10.0,school_panel,,10.0,6300.0,6300.0,6300.0,60380.0,22232.0,Estimate
2018,3100,WINDSOR RE-4,Weld,123,district,374.5,published,374.5,373.92,10.0,school_panel,,10.0,6785.0,6785.0,6785.0,61682.0,22730.0,Estimate
2019,3100,Windsor RE-4,Weld,123,district,399.7,school_sum,,399.7,12.0,school_panel,,12.0,7313.0,7313.0,7313.0,63183.0,23061.0,Estimate
2020,3100,,Weld,123,,,,,,13.0,school_panel,,13.0,7477.0,7477.0,7477.0,64550.0,23286.0,Estimate
2021,3100,,Weld,123,,,,,,12.0,school_panel,,12.0,8104.0,8104.0,8104.0,66001.0,23273.0,Estimate
2022,3100,Weld RE-4,Weld,123,district,475.3,published,475.3,461.3,12.0,school_panel,,12.0,8228.0,8228.0,8227.0,67663.0,23589.0,Estimate
2023,3100,Weld RE-4,Weld,123,district,487.9,published,487.9,487.9,13.0,school_panel,,13.0,8459.0,8459.0,8458.0,68781.0,24081.0,Estimate
2024,3100,Weld RE-4,Weld,123,district,519.0,published,519.0,502.2,15.0,school_panel,,15.0,8733.0,8733.0,8728.0,69769.0,24634.0,Estimate
1990,3110,JOHNSTOWN-MILLIKEN RE-5J,Weld,123,district,67.7,published,67.7,,4.0,school_panel,4.0,4.0,1216.0,,1216.0,26644.0,10584.0,Estimate
1991,3110,JOHNSTOWN-MILLIKEN RE-5J,Weld,123,district,66.9,published,66.9,,4.0,school_panel,4.0,4.0,1202.0,,1202.0,27450.0,10844.0,Estimate
1992,3110,JOHNSTOWN-MILLIKEN RE-5J,Weld,123,district,63.5,published,63.5,,4.0,school_panel,4.0,4.0,1204.0,,1204.0,28372.0,11159.0,Estimate
1993,3110,JOHNSTOWN-MILLIKEN RE-5J,Weld,123,district,63.5,published,63.5,,4.0,school_panel,4.0,4.0,1236.0,,1236.0,29554.0,11572.0,Estimate
1994,3110,JOHNSTOWN-MILLIKEN RE-5J,Weld,123,district,78.1,published,78.1,,4.0,school_panel,4.0,4.0,1230.0,,1230.0,30728.0,11976.0,Estimate
1995,3110,JOHNSTOWN-MILLIKEN RE-5J,Weld,123,district,80.2,published,80.2,,4.0,school_panel,4.0,4.0,1231.0,,1231.0,31944.0,12394.0,Estimate
1996,3110,JOHNSTOWN-MILLIKEN RE-5J,Weld,123,district,84.0,published,84.0,,4.0,school_panel,4.0,4.0,1280.0,,1280.0,32923.0,12718.0,Estimate
1997,3110,JOHNSTOWN-MILLIKEN RE-5J,Weld,123,district,84.0,published,84.0,,4.0,school_panel,4.0,4.0,1368.0,,1368.0,33992.0,13071.0,Estimate
1998,3110,JOHNSTOWN-MILLIKEN RE-5J,Weld,123,district,93.5,published,93.5,,4.0,school_panel,4.0,4.0,1441.0,,1441.0,35165.0,13460.0,Estimate
1999,3110,JOHNSTOWN-MILLIKEN RE-5J,Weld,123,district,,,,,4.0,school_panel,4.0,4.0,1618.0,,1618.0,36202.0,13797.0,Estimate
2000,3110,JOHNSTOWN-MILLIKEN RE-5J,Weld,123,district,109.3412,school_sum,,109.3412,4.0,school_panel,,4.0,,,1713.0,37436.0,14202.0,Estimate
2001,3110,JOHNSTOWN-MILLIKEN RE-5J,Weld,123,district,109.3472,school_sum,,109.3472,4.0,school_panel,,4.0,1740.0,1740.0,1740.0,38815.0,15123.0,Estimate
2002,3110,JOHNSTOWN-MILLIKEN RE-5J,Weld,123,district,123.2269,school_sum,,123.2269,5.0,school_panel,,5.0,1914.0,1914.0,1914.0,39853.0,15721.0,Estimate
2003,3110,JOHNSTOWN-MILLIKEN RE-5J,Weld,123,district,127.2236,school_sum,,127.2236,5.0,school_panel,,5.0,2126.0,2126.0,2126.0,41364.0,16527.0,Estimate
2004,3110,JOHNSTOWN-MILLIKEN RE-5J,Weld,123,district,146.5163,school_sum,,146.5163,5.0,school_panel,,5.0,2368.0,2368.0,2368.0,42470.0,17235.0,Estimate
2005,3110,JOHNSTOWN-MILLIKEN RE-5J,Weld,123,district,161.6798,school_sum,,161.6798,6.0,school_panel,,6.0,2540.0,2540.0,2540.0,44192.0,18255.0,Estimate
2006,3110,JOHNSTOWN-MILLIKEN RE-5J,Weld,123,district,159.0325,school_sum,,159.0325,6.0,school_panel,,6.0,2757.0,2757.0,2757.0,45519.0,18971.0,Estimate
2007,3110,JOHNSTOWN-MILLIKEN RE-5J,Weld,123,district,163.0568,school_sum,,163.0568,6.0,school_panel,,6.0,2900.0,2900.0,2900.0,46958.0,19590.0,Estimate
2008,3110,JOHNSTOWN-MILLIKEN RE-5J,Weld,123,district,178.965,school_sum,,178.965,6.0,school_panel,,6.0,3055.0,3055.0,3055.0,48277.0,19961.0,Estimate
2009,3110,JOHNSTOWN-MILLIKEN RE-5J,Weld,123,district,177.5487,school_sum,,177.5487,6.0,school_panel,,6.0,3136.0,3136.0,3136.0,49391.0,20021.0,Estimate
2010,3110,JOHNSTOWN-MILLIKEN RE-5J,Weld,123,district,177.598,published,177.598,177.598,6.0,school_panel,,6.0,3138.0,3138.0,3138.0,50677.0,19935.0,Estimate
2011,3110,JOHNSTOWN-MILLIKEN RE-5J,Weld,123,district,170.68,school_sum,,170.68,6.0,school_panel,,6.0,3271.0,3271.0,3271.0,51757.0,19816.0,Estimate
2012,3110,JOHNSTOWN-MILLIKEN RE-5J,Weld,123,district,177.99,school_sum,,177.99,6.0,school_panel,,6.0,3363.0,3363.0,3363.0,52825.0,19775.0,Estimate
2013,3110,JOHNSTOWN-MILLIKEN RE-5J,Weld,123,district,179.99,school_sum,,179.99,6.0,school_panel,,6.0,3548.0,3548.0,3548.0,54096.0,19878.0,Estimate
2014,3110,JOHNSTOWN-MILLIKEN RE-5J,Weld,123,district,188.7432,school_sum,,188.7432,6.0,school_panel,,6.0,3732.0,3732.0,3732.0,55419.0,20195.0,Estimate
2015,3110,JOHNSTOWN-MILLIKEN RE-5J,Weld,123,district,191.64,school_sum,,191.64,6.0,school_panel,,6.0,3787.0,3787.0,3787.0,57119.0,20793.0,Estimate
2016,3110,JOHNSTOWN-MILLIKEN RE-5J,Weld,123,district,189.77,published,189.77,188.68,6.0,school_panel,,6.0,3830.0,3830.0,3830.0,58807.0,21542.0,Estimate
2017,3110,,Weld,123,,,,,,6.0,school_panel,,6.0,3891.0,3891.0,3891.0,60380.0,22232.0,Estimate
2018,3110,JOHNSTOWN-MILLIKEN RE-5J,Weld,123,district,201.69,published,201.69,201.58,6.0,school_panel,,6.0,3986.0,3986.0,3986.0,61682.0,22730.0,Estimate
2019,3110,Johnstown-Milliken RE-5J,Weld,123,district,216.9,school_sum,,216.9,6.0,school_panel,,6.0,3969.0,3969.0,3969.0,63183.0,23061.0,Estimate
2020,3110,,Weld,123,,,,,,6.0,school_panel,,6.0,3738.0,3738.0,3738.0,64550.0,23286.0,Estimate
2021,3110,,Weld,123,,,,,,7.0,school_panel,,7.0,3783.0,3783.0,3783.0,66001.0,23273.0,Estimate
2022,3110,Johnstown-Milliken RE-5J,Weld,123,district,225.0,published,225.0,224.6,10.0,school_panel,,10.0,3869.0,3869.0,3853.0,67663.0,23589.0,Estimate
2023,3110,Johnstown-Milliken RE-5J,Weld,123,district,225.6,published,225.6,225.6,10.0,school_panel,,10.0,3955.0,3976.0,3955.0,68781.0,24081.0,Estimate
2024,3110,Johnstown-Milliken RE-5J,Weld,123,district,235.0,published,235.0,232.8,10.0,school_panel,,10.0,4055.0,4055.0,4049.0,69769.0,24634.0,Estimate
1990,3120,GREELEY 6,Weld,123,district,628.3,published,628.3,,22.0,school_panel,22.0,22.0,11657.0,,11657.0,26644.0,10584.0,Estimate
1991,3120,GREELEY 6,Weld,123,district,644.3,published,644.3,,22.0,school_panel,22.0,22.0,12126.0,,12126.0,27450.0,10844.0,Estimate
1992,3120,GREELEY 6,Weld,123,district,653.1,published,653.1,,22.0,school_panel,22.0,22.0,12563.0,,12563.0,28372.0,11159.0,Estimate
1993,3120,GREELEY 6,Weld,123,district,677.9,published,677.9,,23.0,school_panel,23.0,23.0,12738.0,,12738.0,29554.0,11572.0,Estimate
1994,3120,GREELEY 6,Weld,123,district,714.8,published,714.8,,25.0,school_panel,25.0,25.0,12931.0,,12931.0,30728.0,11976.0,Estimate
1995,3120,GREELEY 6,Weld,123,district,625.6,published,625.6,,25.0,school_panel,25.0,25.0,13223.0,,13223.0,31944.0,12394.0,Estimate
1996,3120,GREELEY 6,Weld,123,district,736.2,published,736.2,,25.0,school_panel,25.0,25.0,13662.0,,13662.0,32923.0,12718.0,Estimate
1997,3120,GREELEY 6,Weld,123,district,761.9,published,761.9,,27.0,school_panel,27.0,27.0,14199.0,,14199.0,33992.0,13071.0,Estimate
1998,3120,GREELEY 6,Weld,123,district,821.2,published,821.2,,29.0,school_panel,29.0,29.0,14584.0,,14584.0,35165.0,13460.0,Estimate
1999,3120,GREELEY 6,Weld,123,district,,,,,30.0,school_panel,30.0,30.0,15335.0,,15335.0,36202.0,13797.0,Estimate
2000,3120,GREELEY 6,Weld,123,district,914.3896,school_sum,,914.3896,32.0,school_panel,,32.0,,,15998.0,37436.0,14202.0,Estimate
2001,3120,GREELEY 6,Weld,123,district,927.1643,school_sum,,927.1643,32.0,school_panel,,32.0,13622.0,13622.0,16527.0,38815.0,15123.0,Estimate
2002,3120,GREELEY 6,Weld,123,district,988.1854,school_sum,,988.1854,32.0,school_panel,,32.0,14813.0,14813.0,17130.0,39853.0,15721.0,Estimate
2003,3120,GREELEY 6,Weld,123,district,1027.7508,school_sum,,1027.7508,35.0,school_panel,,35.0,17598.0,17598.0,17598.0,41364.0,16527.0,Estimate
2004,3120,GREELEY 6,Weld,123,district,1052.9424,school_sum,,1052.9424,31.0,school_panel,,31.0,17978.0,17978.0,17978.0,42470.0,17235.0,Estimate
2005,3120,GREELEY 6,Weld,123,district,1038.7413,school_sum,,1038.7413,31.0,school_panel,,31.0,18173.0,18173.0,18173.0,44192.0,18255.0,Estimate
2006,3120,GREELEY 6,Weld,123,district,1049.7445,school_sum,,1049.7445,31.0,school_panel,,31.0,18069.0,18069.0,18069.0,45519.0,18971.0,Estimate
2007,3120,GREELEY 6,Weld,123,district,1044.6848,school_sum,,1044.6848,30.0,school_panel,,30.0,18397.0,18397.0,18397.0,46958.0,19590.0,Estimate
2008,3120,GREELEY 6,Weld,123,district,1031.9103,school_sum,,1031.9103,30.0,school_panel,,30.0,18864.0,18864.0,18864.0,48277.0,19961.0,Estimate
2009,3120,GREELEY 6,Weld,123,district,1076.2857,school_sum,,1076.2857,30.0,school_panel,,30.0,19117.0,19117.0,19117.0,49391.0,20021.0,Estimate
2010,3120,GREELEY 6,Weld,123,district,1043.93,published,1043.93,1017.845,28.0,school_panel,,28.0,19623.0,19614.0,19613.0,50677.0,19935.0,Estimate
2011,3120,GREELEY 6,Weld,123,district,1074.64,school_sum,,1074.64,31.0,school_panel,,31.0,19870.0,19870.0,19839.0,51757.0,19816.0,Estimate
2012,3120,GREELEY 6,Weld,123,district,1093.86,school_sum,,1093.86,31.0,school_panel,,31.0,19821.0,19821.0,19821.0,52825.0,19775.0,Estimate
2013,3120,GREELEY 6,Weld,123,district,1118.95,school_sum,,1118.95,31.0,school_panel,,31.0,20450.0,20450.0,20450.0,54096.0,19878.0,Estimate
2014,3120,GREELEY 6,Weld,123,district,1131.4763,school_sum,,1131.4763,30.0,school_panel,,30.0,21183.0,21183.0,21183.0,55419.0,20195.0,Estimate
2015,3120,GREELEY 6,Weld,123,district,1181.17,school_sum,,1181.17,31.0,school_panel,,31.0,21505.0,21505.0,21505.0,57119.0,20793.0,Estimate
2016,3120,GREELEY 6,Weld,123,district,1213.72,published,1213.72,1197.57,31.0,school_panel,,31.0,21950.0,21950.0,21950.0,58807.0,21542.0,Estimate
2017,3120,,Weld,123,,,,,,31.0,school_panel,,31.0,22325.0,22325.0,22325.0,60380.0,22232.0,Estimate
2018,3120,GREELEY 6,Weld,123,district,1259.3,published,1259.3,1225.57,32.0,school_panel,,32.0,22503.0,22503.0,22503.0,61682.0,22730.0,Estimate
2019,3120,Greeley 6,Weld,123,district,1215.5,school_sum,,1215.5,31.0,school_panel,,31.0,22467.0,22467.0,22467.0,63183.0,23061.0,Estimate
2020,3120,,Weld,123,,,,,,32.0,school_panel,,32.0,21883.0,21883.0,21883.0,64550.0,23286.0,Estimate
2021,3120,,Weld,123,,,,,,33.0,school_panel,,33.0,22170.0,22170.0,21985.0,66001.0,23273.0,Estimate
2022,3120,Greeley 6,Weld,123,district,1261.0,published,1261.0,1236.6,34.0,school_panel,,34.0,22373.0,22373.0,22187.0,67663.0,23589.0,Estimate
2023,3120,Greeley 6,Weld,123,district,1241.2,published,1241.2,1241.2,33.0,school_panel,,33.0,22648.0,22648.0,22489.0,68781.0,24081.0,Estimate
2024,3120,Greeley 6,Weld,123,district,1240.4,published,1240.4,1216.0,33.0,school_panel,,33.0,23124.0,23124.0,22903.0,69769.0,24634.0,Estimate
1990,3130,PLATTE VALLEY RE-7,Weld,123,district,51.2,published,51.2,,3.0,published,3.0,,911.0,,,26644.0,10584.0,Estimate
1991,3130,PLATTE VALLEY RE-7,Weld,123,district,51.9,published,51.9,,2.0,published,2.0,,938.0,,,27450.0,10844.0,Estimate
1992,3130,PLATTE VALLEY RE-7,Weld,123,district,52.0,published,52.0,,2.0,published,2.0,,936.0,,,28372.0,11159.0,Estimate
1993,3130,PLATTE VALLEY RE-7,Weld,123,district,58.3,published,58.3,,2.0,published,2.0,,954.0,,,29554.0,11572.0,Estimate
1994,3130,PLATTE VALLEY RE-7,Weld,123,district,59.1,published,59.1,,2.0,published,2.0,,975.0,,,30728.0,11976.0,Estimate
1995,3130,PLATTE VALLEY RE-7,Weld,123,district,60.1,published,60.1,,2.0,published,2.0,,981.0,,,31944.0,12394.0,Estimate
1996,3130,PLATTE VALLEY RE-7,Weld,123,district,62.3,published,62.3,,2.0,published,2.0,,1019.0,,,32923.0,12718.0,Estimate
1997,3130,PLATTE VALLEY RE-7,Weld,123,district,64.3,published,64.3,,2.0,published,2.0,,1038.0,,,33992.0,13071.0,Estimate
1998,3130,PLATTE VALLEY RE-7,Weld,123,district,67.3,published,67.3,,2.0,published,2.0,,1077.0,,,35165.0,13460.0,Estimate
1999,3130,PLATTE VALLEY RE-7,Weld,123,district,,,,,3.0,published,3.0,,1094.0,,,36202.0,13797.0,Estimate
2000,3130,PLATTE VALLEY RE-7,Weld,123,district,76.4233,school_sum,,76.4233,,,,,,,,37436.0,14202.0,Estimate
2001,3130,PLATTE VALLEY RE-7,Weld,123,district,76.0559,school_sum,,76.0559,2.0,school_panel,,2.0,568.0,568.0,568.0,38815.0,15123.0,Estimate
2002,3130,PLATTE VALLEY RE-7,Weld,123,district,76.0559,school_sum,,76.0559,2.0,school_panel,,2.0,597.0,597.0,597.0,39853.0,15721.0,Estimate
2003,3130,PLATTE VALLEY RE-7,Weld,123,district,76.6924,school_sum,,76.6924,3.0,school_panel,,3.0,1141.0,1141.0,1141.0,41364.0,16527.0,Estimate
2004,3130,PLATTE VALLEY RE-7,Weld,123,district,75.9808,school_sum,,75.9808,3.0,school_panel,,3.0,1141.0,1141.0,1141.0,42470.0,17235.0,Estimate
2005,3130,PLATTE VALLEY RE-7,Weld,123,district,74.3823,school_sum,,74.3823,3.0,school_panel,,3.0,1159.0,1159.0,1159.0,44192.0,18255.0,Estimate
2006,3130,PLATTE VALLEY RE-7,Weld,123,district,79.6397,school_sum,,79.6397,3.0,school_panel,,3.0,1145.0,1145.0,1145.0,45519.0,18971.0,Estimate
2007,3130,PLATTE VALLEY RE-7,Weld,123,district,81.5826,school_sum,,81.5826,3.0,school_panel,,3.0,1126.0,1126.0,1126.0,46958.0,19590.0,Estimate
2008,3130,PLATTE VALLEY RE-7,Weld,123,district,84.2601,school_sum,,84.2601,3.0,school_panel,,3.0,1137.0,1137.0,1137.0,48277.0,19961.0,Estimate
2009,3130,PLATTE VALLEY RE-7,Weld,123,district,81.6979,school_sum,,81.6979,3.0,school_panel,,3.0,1122.0,1122.0,1122.0,49391.0,20021.0,Estimate
2010,3130,PLATTE VALLEY RE-7,Weld,123,district,81.0,published,81.0,81.0,3.0,school_panel,,3.0,1057.0,1057.0,1057.0,50677.0,19935.0,Estimate
2011,3130,PLATTE VALLEY RE-7,Weld,123,district,76.34,school_sum,,76.34,3.0,school_panel,,3.0,1086.0,1086.0,1086.0,51757.0,19816.0,Estimate
2012,3130,PLATTE VALLEY RE-7,Weld,123,district,57.51,school_sum,,57.51,3.0,school_panel,,3.0,1047.0,1047.0,1047.0,52825.0,19775.0,Estimate
2013,3130,PLATTE VALLEY RE-7,Weld,123,district,79.93,school_sum,,79.93,3.0,school_panel,,3.0,1094.0,1094.0,1094.0,54096.0,19878.0,Estimate
2014,3130,PLATTE VALLEY RE-7,Weld,123,district,79.871,school_sum,,79.871,3.0,school_panel,,3.0,1129.0,1129.0,1129.0,55419.0,20195.0,Estimate
2015,3130,PLATTE VALLEY RE-7,Weld,123,district,80.74,school_sum,,80.74,3.0,school_panel,,3.0,1110.0,1110.0,1110.0,57119.0,20793.0,Estimate
2016,3130,PLATTE VALLEY RE-7,Weld,123,district,80.5,published,80.5,80.49,3.0,school_panel,,3.0,1108.0,1108.0,1108.0,58807.0,21542.0,Estimate
2017,3130,,Weld,123,,,,,,3.0,school_panel,,3.0,1095.0,1095.0,1095.0,60380.0,22232.0,Estimate
2018,3130,PLATTE VALLEY RE-7,Weld,123,district,81.36,published,81.36,81.35,3.0,school_panel,,3.0,1092.0,1092.0,1092.0,61682.0,22730.0,Estimate
2019,3130,Platte Valley RE-7,Weld,123,district,82.1,school_sum,,82.1,3.0,school_panel,,3.0,1093.0,1093.0,1093.0,63183.0,23061.0,Estimate
2020,3130,,Weld,123,,,,,,3.0,school_panel,,3.0,1030.0,1030.0,1030.0,64550.0,23286.0,Estimate
2021,3130,,Weld,123,,,,,,3.0,school_panel,,3.0,1078.0,1078.0,1078.0,66001.0,23273.0,Estimate
2022,3130,Platte Valley RE-7,Weld,123,district,80.4,published,80.4,80.4,3.0,school_panel,,3.0,1094.0,1094.0,1094.0,67663.0,23589.0,Estimate
2023,3130,Platte Valley RE-7,Weld,123,district,82.2,published,82.2,82.2,4.0,school_panel,,4.0,1179.0,1179.0,1177.0,68781.0,24081.0,Estimate
2024,3130,Platte Valley RE-7,Weld,123,district,83.4,published,83.4,83.3,4.0,school_panel,,4.0,1195.0,1195.0,1195.0,69769.0,24634.0,Estimate
1990,3140,FORT LUPTON RE-8,Weld,123,district,112.0,published,112.0,,4.0,published,4.0,,2320.0,,,26644.0,10584.0,Estimate
1991,3140,FORT LUPTON RE-8,Weld,123,district,112.5,published,112.5,,4.0,published,4.0,,2384.0,,,27450.0,10844.0,Estimate
1992,3140,FORT LUPTON RE-8,Weld,123,district,116.8,published,116.8,,4.0,published,4.0,,2490.0,,,28372.0,11159.0,Estimate
1993,3140,FORT LUPTON RE-8,Weld,123,district,118.5,published,118.5,,4.0,published,4.0,,2545.0,,,29554.0,11572.0,Estimate
1994,3140,FORT LUPTON RE-8,Weld,123,district,141.1,published,141.1,,4.0,published,4.0,,2583.0,,,30728.0,11976.0,Estimate
1995,3140,FORT LUPTON RE-8,Weld,123,district,141.6,published,141.6,,5.0,published,5.0,,2576.0,,,31944.0,12394.0,Estimate
1996,3140,WELD COUNTY RE-8,Weld,123,district,155.7,published,155.7,,5.0,published,5.0,,2655.0,,,32923.0,12718.0,Estimate
1997,3140,WELD COUNTY RE-8,Weld,123,district,151.3,published,151.3,,5.0,published,5.0,,2662.0,,,33992.0,13071.0,Estimate
1998,3140,FORT LUPTON RE-8,Weld,123,district,162.3,published,162.3,,4.0,published,4.0,,2635.0,,,35165.0,13460.0,Estimate
1999,3140,FORT LUPTON RE-8,Weld,123,district,,,,,4.0,published,4.0,,2642.0,,,36202.0,13797.0,Estimate
2000,3140,WELD COUNTY S/D RE-8,Weld,123,district,167.9983,school_sum,,167.9983,,,,,,,,37436.0,14202.0,Estimate
2001,3140,WELD COUNTY S/D RE-8,Weld,123,district,174.1031,school_sum,,174.1031,3.0,school_panel,,3.0,2264.0,2264.0,2264.0,38815.0,15123.0,Estimate
2002,3140,WELD COUNTY S/D RE-8,Weld,123,district,177.3458,school_sum,,177.3458,3.0,school_panel,,3.0,2257.0,2257.0,2257.0,39853.0,15721.0,Estimate
2003,3140,WELD COUNTY S/D RE-8,Weld,123,district,156.1323,school_sum,,156.1323,4.0,school_panel,,4.0,2586.0,2586.0,2586.0,41364.0,16527.0,Estimate
2004,3140,WELD COUNTY S/D RE-8,Weld,123,district,150.5942,school_sum,,150.5942,4.0,school_panel,,4.0,2565.0,2565.0,2565.0,42470.0,17235.0,Estimate
2005,3140,WELD COUNTY S/D RE-8,Weld,123,district,151.7527,school_sum,,151.7527,4.0,school_panel,,4.0,2531.0,2531.0,2531.0,44192.0,18255.0,Estimate
2006,3140,WELD COUNTY S/D RE-8,Weld,123,district,150.75,school_sum,,150.75,4.0,school_panel,,4.0,2506.0,2506.0,2506.0,45519.0,18971.0,Estimate
2007,3140,WELD COUNTY S/D RE-8,Weld,123,district,148.5109,school_sum,,148.5109,4.0,school_panel,,4.0,2433.0,2433.0,2433.0,46958.0,19590.0,Estimate
2008,3140,WELD COUNTY S/D RE-8,Weld,123,district,109.9606,school_sum,,109.9606,4.0,school_panel,,4.0,2428.0,2428.0,2428.0,48277.0,19961.0,Estimate
2009,3140,WELD COUNTY S/D RE-8,Weld,123,district,143.5261,school_sum,,143.5261,4.0,school_panel,,4.0,2423.0,2423.0,2423.0,49391.0,20021.0,Estimate
2010,3140,WELD COUNTY S/D RE-8,Weld,123,district,138.48,published,138.48,138.32,4.0,school_panel,,4.0,2403.0,2403.0,2403.0,50677.0,19935.0,Estimate
2011,3140,WELD COUNTY S/D RE-8,Weld,123,district,132.91,school_sum,,132.91,4.0,school_panel,,4.0,2470.0,2470.0,2470.0,51757.0,19816.0,Estimate
2012,3140,WELD COUNTY S/D RE-8,Weld,123,district,140.16,school_sum,,140.16,4.0,school_panel,,4.0,2411.0,2411.0,2411.0,52825.0,19775.0,Estimate
2013,3140,WELD COUNTY S/D RE-8,Weld,123,district,142.54,school_sum,,142.54,4.0,school_panel,,4.0,2415.0,2415.0,2415.0,54096.0,19878.0,Estimate
2014,3140,WELD COUNTY S/D RE-8,Weld,123,district,140.1159,school_sum,,140.1159,5.0,school_panel,,5.0,2333.0,2333.0,2333.0,55419.0,20195.0,Estimate
2015,3140,WELD COUNTY S/D RE-8,Weld,123,district,143.89,school_sum,,143.89,5.0,school_panel,,5.0,2354.0,2354.0,2354.0,57119.0,20793.0,Estimate
2016,3140,WELD COUNTY S/D RE-8,Weld,123,district,139.47,published,139.47,138.19,5.0,school_panel,,5.0,2388.0,2388.0,2388.0,58807.0,21542.0,Estimate
2017,3140,,Weld,123,,,,,,5.0,school_panel,,5.0,2428.0,2428.0,2428.0,60380.0,22232.0,Estimate
2018,3140,WELD RE-8 SCHOOLS,Weld,123,district,149.31,published,149.31,146.9,6.0,school_panel,,6.0,2509.0,2509.0,2509.0,61682.0,22730.0,Estimate
2019,3140,Weld Re-8 Schools,Weld,123,district,147.0,school_sum,,147.0,6.0,school_panel,,6.0,2452.0,2452.0,2452.0,63183.0,23061.0,Estimate
2020,3140,,Weld,123,,,,,,6.0,school_panel,,6.0,2236.0,2236.0,2236.0,64550.0,23286.0,Estimate
2021,3140,,Weld,123,,,,,,6.0,school_panel,,6.0,2482.0,2482.0,2482.0,66001.0,23273.0,Estimate
2022,3140,Weld Re-8 Schools,Weld,123,district,139.8,published,139.8,138.8,6.0,school_panel,,6.0,2522.0,2522.0,2522.0,67663.0,23589.0,Estimate
2023,3140,Weld Re-8 Schools,Weld,123,district,138.79999999999998,published,138.79999999999998,138.8,6.0,school_panel,,6.0,2497.0,2497.0,2497.0,68781.0,24081.0,Estimate
2024,3140,Weld Re-8 Schools,Weld,123,district,148.2,published,148.2,146.8,7.0,school_panel,,7.0,2503.0,2503.0,2503.0,69769.0,24634.0,Estimate
1990,3145,AULT-HIGHLAND RE-9,Weld,123,district,46.5,published,46.5,,3.0,school_panel,3.0,3.0,799.0,,799.0,26644.0,10584.0,Estimate
1991,3145,AULT-HIGHLAND RE-9,Weld,123,district,48.0,published,48.0,,3.0,school_panel,3.0,3.0,824.0,,824.0,27450.0,10844.0,Estimate
1992,3145,AULT-HIGHLAND RE-9,Weld,123,district,46.0,published,46.0,,3.0,school_panel,3.0,3.0,833.0,,833.0,28372.0,11159.0,Estimate
1993,3145,AULT-HIGHLAND RE-9,Weld,123,district,46.0,published,46.0,,3.0,school_panel,3.0,3.0,843.0,,843.0,29554.0,11572.0,Estimate
1994,3145,AULT-HIGHLAND RE-9,Weld,123,district,63.0,published,63.0,,3.0,school_panel,3.0,3.0,863.0,,863.0,30728.0,11976.0,Estimate
1995,3145,AULT-HIGHLAND RE-9,Weld,123,district,64.5,published,64.5,,3.0,school_panel,3.0,3.0,884.0,,884.0,31944.0,12394.0,Estimate
1996,3145,AULT-HIGHLAND RE-9,Weld,123,district,54.0,published,54.0,,3.0,school_panel,3.0,3.0,860.0,,860.0,32923.0,12718.0,Estimate
1997,3145,AULT-HIGHLAND RE-9,Weld,123,district,63.0,published,63.0,,3.0,school_panel,3.0,3.0,899.0,,899.0,33992.0,13071.0,Estimate
1998,3145,AULT-HIGHLAND RE-9,Weld,123,district,67.2,published,67.2,,3.0,school_panel,3.0,3.0,889.0,,889.0,35165.0,13460.0,Estimate
1999,3145,AULT-HIGHLAND RE-9,Weld,123,district,,,,,3.0,school_panel,3.0,3.0,884.0,,884.0,36202.0,13797.0,Estimate
2000,3145,AULT-HIGHLAND RE-9,Weld,123,district,71.9698,school_sum,,71.9698,3.0,school_panel,,3.0,,,920.0,37436.0,14202.0,Estimate
2001,3145,AULT-HIGHLAND RE-9,Weld,123,district,67.362,school_sum,,67.362,3.0,school_panel,,3.0,933.0,933.0,933.0,38815.0,15123.0,Estimate
2002,3145,AULT-HIGHLAND RE-9,Weld,123,district,70.0275,school_sum,,70.0275,3.0,school_panel,,3.0,926.0,926.0,926.0,39853.0,15721.0,Estimate
2003,3145,AULT-HIGHLAND RE-9,Weld,123,district,64.2082,school_sum,,64.2082,3.0,school_panel,,3.0,909.0,909.0,909.0,41364.0,16527.0,Estimate
2004,3145,AULT-HIGHLAND RE-9,Weld,123,district,65.3961,school_sum,,65.3961,3.0,school_panel,,3.0,869.0,869.0,869.0,42470.0,17235.0,Estimate
2005,3145,AULT-HIGHLAND RE-9,Weld,123,district,62.7802,school_sum,,62.7802,3.0,school_panel,,3.0,833.0,833.0,833.0,44192.0,18255.0,Estimate
2006,3145,AULT-HIGHLAND RE-9,Weld,123,district,60.6868,school_sum,,60.6868,3.0,school_panel,,3.0,853.0,853.0,853.0,45519.0,18971.0,Estimate
2007,3145,AULT-HIGHLAND RE-9,Weld,123,district,60.7864,school_sum,,60.7864,3.0,school_panel,,3.0,832.0,832.0,832.0,46958.0,19590.0,Estimate
2008,3145,AULT-HIGHLAND RE-9,Weld,123,district,58.0499,school_sum,,58.0499,3.0,school_panel,,3.0,842.0,842.0,842.0,48277.0,19961.0,Estimate
2009,3145,AULT-HIGHLAND RE-9,Weld,123,district,58.3543,school_sum,,58.3543,3.0,school_panel,,3.0,816.0,816.0,816.0,49391.0,20021.0,Estimate
2010,3145,AULT-HIGHLAND RE-9,Weld,123,district,57.251,published,57.251,39.353,3.0,school_panel,,3.0,846.0,846.0,846.0,50677.0,19935.0,Estimate
2011,3145,AULT-HIGHLAND RE-9,Weld,123,district,57.71,school_sum,,57.71,3.0,school_panel,,3.0,795.0,795.0,795.0,51757.0,19816.0,Estimate
2012,3145,AULT-HIGHLAND RE-9,Weld,123,district,58.42,school_sum,,58.42,3.0,school_panel,,3.0,770.0,770.0,770.0,52825.0,19775.0,Estimate
2013,3145,AULT-HIGHLAND RE-9,Weld,123,district,59.87,school_sum,,59.87,3.0,school_panel,,3.0,765.0,765.0,765.0,54096.0,19878.0,Estimate
2014,3145,AULT-HIGHLAND RE-9,Weld,123,district,58.2731,school_sum,,58.2731,3.0,school_panel,,3.0,761.0,761.0,761.0,55419.0,20195.0,Estimate
2015,3145,AULT-HIGHLAND RE-9,Weld,123,district,58.83,school_sum,,58.83,3.0,school_panel,,3.0,829.0,829.0,829.0,57119.0,20793.0,Estimate
2016,3145,AULT-HIGHLAND RE-9,Weld,123,district,59.16,published,59.16,58.99,3.0,school_panel,,3.0,853.0,853.0,853.0,58807.0,21542.0,Estimate
2017,3145,,Weld,123,,,,,,3.0,school_panel,,3.0,912.0,912.0,912.0,60380.0,22232.0,Estimate
2018,3145,AULT-HIGHLAND RE-9,Weld,123,district,63.53,published,63.53,63.13,3.0,school_panel,,3.0,935.0,935.0,935.0,61682.0,22730.0,Estimate
2019,3145,Ault-Highland RE-9,Weld,123,district,63.2,school_sum,,63.2,3.0,school_panel,,3.0,943.0,943.0,943.0,63183.0,23061.0,Estimate
2020,3145,,Weld,123,,,,,,3.0,school_panel,,3.0,901.0,901.0,901.0,64550.0,23286.0,Estimate
2021,3145,,Weld,123,,,,,,3.0,school_panel,,3.0,1013.0,1013.0,1013.0,66001.0,23273.0,Estimate
2022,3145,Ault-Highland RE-9,Weld,123,district,68.0,published,68.0,67.9,3.0,school_panel,,3.0,993.0,993.0,993.0,67663.0,23589.0,Estimate
2023,3145,Ault-Highland RE-9,Weld,123,district,68.6,published,68.6,68.6,3.0,school_panel,,3.0,960.0,960.0,960.0,68781.0,24081.0,Estimate
2024,3145,Ault-Highland RE-9,Weld,123,district,64.2,published,64.2,64.2,3.0,school_panel,,3.0,976.0,976.0,976.0,69769.0,24634.0,Estimate
1990,3146,BRIGGSDALE RE-10,Weld,123,district,11.8,published,11.8,,2.0,school_panel,2.0,2.0,71.0,,71.0,26644.0,10584.0,Estimate
1991,3146,BRIGGSDALE RE-10,Weld,123,district,11.8,published,11.8,,2.0,school_panel,2.0,2.0,71.0,,71.0,27450.0,10844.0,Estimate
1992,3146,BRIGGSDALE RE-10,Weld,123,district,11.7,published,11.7,,2.0,school_panel,2.0,2.0,73.0,,73.0,28372.0,11159.0,Estimate
1993,3146,BRIGGSDALE RE-10,Weld,123,district,11.2,published,11.2,,2.0,school_panel,2.0,2.0,71.0,,71.0,29554.0,11572.0,Estimate
1994,3146,BRIGGSDALE RE-10,Weld,123,district,11.5,published,11.5,,2.0,school_panel,2.0,2.0,89.0,,89.0,30728.0,11976.0,Estimate
1995,3146,BRIGGSDALE RE-10,Weld,123,district,12.5,published,12.5,,2.0,school_panel,2.0,2.0,102.0,,102.0,31944.0,12394.0,Estimate
1996,3146,BRIGGSDALE RE-10,Weld,123,district,13.0,published,13.0,,2.0,school_panel,2.0,2.0,120.0,,120.0,32923.0,12718.0,Estimate
1997,3146,BRIGGSDALE RE-10,Weld,123,district,14.1,published,14.1,,2.0,school_panel,2.0,2.0,135.0,,135.0,33992.0,13071.0,Estimate
1998,3146,BRIGGSDALE RE-10,Weld,123,district,16.2,published,16.2,,2.0,school_panel,2.0,2.0,135.0,,135.0,35165.0,13460.0,Estimate
1999,3146,BRIGGSDALE RE-10,Weld,123,district,,,,,2.0,school_panel,2.0,2.0,138.0,,138.0,36202.0,13797.0,Estimate
2000,3146,BRIGGSDALE RE-10,Weld,123,district,17.5847,school_sum,,17.5847,2.0,school_panel,,2.0,,,142.0,37436.0,14202.0,Estimate
2001,3146,BRIGGSDALE RE-10,Weld,123,district,17.8901,school_sum,,17.8901,2.0,school_panel,,2.0,77.0,77.0,142.0,38815.0,15123.0,Estimate
2002,3146,BRIGGSDALE RE-10,Weld,123,district,15.2275,school_sum,,15.2275,2.0,school_panel,,2.0,67.0,67.0,133.0,39853.0,15721.0,Estimate
2003,3146,BRIGGSDALE RE-10,Weld,123,district,15.4235,school_sum,,15.4235,2.0,school_panel,,2.0,147.0,147.0,147.0,41364.0,16527.0,Estimate
2004,3146,BRIGGSDALE RE-10,Weld,123,district,15.5038,school_sum,,15.5038,2.0,school_panel,,2.0,141.0,141.0,141.0,42470.0,17235.0,Estimate
2005,3146,BRIGGSDALE RE-10,Weld,123,district,14.112,school_sum,,14.112,2.0,school_panel,,2.0,142.0,142.0,142.0,44192.0,18255.0,Estimate
2006,3146,BRIGGSDALE RE-10,Weld,123,district,15.9094,school_sum,,15.9094,2.0,school_panel,,2.0,137.0,137.0,137.0,45519.0,18971.0,Estimate
2007,3146,BRIGGSDALE RE-10,Weld,123,district,18.153,school_sum,,18.153,2.0,school_panel,,2.0,134.0,134.0,134.0,46958.0,19590.0,Estimate
2008,3146,BRIGGSDALE RE-10,Weld,123,district,17.2232,school_sum,,17.2232,2.0,school_panel,,2.0,143.0,143.0,143.0,48277.0,19961.0,Estimate
2009,3146,BRIGGSDALE RE-10,Weld,123,district,17.4798,school_sum,,17.4798,2.0,school_panel,,2.0,161.0,161.0,161.0,49391.0,20021.0,Estimate
2010,3146,BRIGGSDALE RE-10,Weld,123,district,16.681,published,16.681,9.474,2.0,school_panel,,2.0,157.0,157.0,157.0,50677.0,19935.0,Estimate
2011,3146,BRIGGSDALE RE-10,Weld,123,district,8.45,school_sum,,8.45,2.0,school_panel,,2.0,156.0,156.0,156.0,51757.0,19816.0,Estimate
2012,3146,BRIGGSDALE RE-10,Weld,123,district,9.83,school_sum,,9.83,2.0,school_panel,,2.0,162.0,162.0,162.0,52825.0,19775.0,Estimate
2013,3146,BRIGGSDALE RE-10,Weld,123,district,17.4,school_sum,,17.4,2.0,school_panel,,2.0,162.0,162.0,162.0,54096.0,19878.0,Estimate
2014,3146,BRIGGSDALE RE-10,Weld,123,district,17.2985,school_sum,,17.2985,2.0,school_panel,,2.0,177.0,177.0,177.0,55419.0,20195.0,Estimate
2015,3146,BRIGGSDALE RE-10,Weld,123,district,18.09,school_sum,,18.09,2.0,school_panel,,2.0,173.0,173.0,173.0,57119.0,20793.0,Estimate
2016,3146,BRIGGSDALE RE-10,Weld,123,district,18.92,published,18.92,18.92,2.0,school_panel,,2.0,181.0,181.0,181.0,58807.0,21542.0,Estimate
2017,3146,,Weld,123,,,,,,2.0,school_panel,,2.0,176.0,176.0,176.0,60380.0,22232.0,Estimate
2018,3146,BRIGGSDALE RE-10,Weld,123,district,18.92,published,18.92,18.92,2.0,school_panel,,2.0,181.0,181.0,181.0,61682.0,22730.0,Estimate
2019,3146,Briggsdale RE-10,Weld,123,district,17.9,school_sum,,17.9,2.0,school_panel,,2.0,184.0,184.0,184.0,63183.0,23061.0,Estimate
2020,3146,,Weld,123,,,,,,2.0,school_panel,,2.0,175.0,175.0,175.0,64550.0,23286.0,Estimate
2021,3146,,Weld,123,,,,,,2.0,school_panel,,2.0,186.0,186.0,186.0,66001.0,23273.0,Estimate
2022,3146,Briggsdale RE-10,Weld,123,district,19.4,published,19.4,19.5,2.0,school_panel,,2.0,177.0,177.0,177.0,67663.0,23589.0,Estimate
2023,3146,Briggsdale RE-10,Weld,123,district,21.4,published,21.4,21.4,2.0,school_panel,,2.0,172.0,172.0,172.0,68781.0,24081.0,Estimate
2024,3146,Briggsdale RE-10,Weld,123,district,20.4,published,20.4,20.5,2.0,school_panel,,2.0,172.0,172.0,172.0,69769.0,24634.0,Estimate
1990,3147,PRAIRIE RE-11,Weld,123,district,16.0,published,16.0,,2.0,school_panel,2.0,2.0,99.0,,99.0,26644.0,10584.0,Estimate
1991,3147,PRAIRIE RE-11,Weld,123,district,16.0,published,16.0,,2.0,school_panel,2.0,2.0,107.0,,107.0,27450.0,10844.0,Estimate
1992,3147,PRAIRIE RE-11,Weld,123,district,16.0,published,16.0,,2.0,school_panel,2.0,2.0,121.0,,121.0,28372.0,11159.0,Estimate
1993,3147,PRAIRIE RE-11,Weld,123,district,14.9,published,14.9,,2.0,school_panel,2.0,2.0,125.0,,125.0,29554.0,11572.0,Estimate
1994,3147,PRAIRIE RE-11,Weld,123,district,15.4,published,15.4,,2.0,school_panel,2.0,2.0,128.0,,128.0,30728.0,11976.0,Estimate
1995,3147,PRAIRIE RE-11,Weld,123,district,16.9,published,16.9,,2.0,school_panel,2.0,2.0,138.0,,138.0,31944.0,12394.0,Estimate
1996,3147,PRAIRIE RE-11,Weld,123,district,15.6,published,15.6,,2.0,school_panel,2.0,2.0,133.0,,133.0,32923.0,12718.0,Estimate
1997,3147,PRAIRIE RE-11,Weld,123,district,17.0,published,17.0,,2.0,school_panel,2.0,2.0,137.0,,137.0,33992.0,13071.0,Estimate
1998,3147,PRAIRIE RE-11,Weld,123,district,19.5,published,19.5,,2.0,school_panel,2.0,2.0,130.0,,130.0,35165.0,13460.0,Estimate
1999,3147,PRAIRIE RE-11,Weld,123,district,,,,,2.0,school_panel,2.0,2.0,121.0,,121.0,36202.0,13797.0,Estimate
2000,3147,PRAIRIE RE-11,Weld,123,district,18.2921,school_sum,,18.2921,2.0,school_panel,,2.0,,,124.0,37436.0,14202.0,Estimate
2001,3147,PRAIRIE RE-11,Weld,123,district,17.1313,school_sum,,17.1313,2.0,school_panel,,2.0,54.0,54.0,109.0,38815.0,15123.0,Estimate
2002,3147,PRAIRIE RE-11,Weld,123,district,16.5851,school_sum,,16.5851,2.0,school_panel,,2.0,60.0,60.0,111.0,39853.0,15721.0,Estimate
2003,3147,PRAIRIE RE-11,Weld,123,district,17.3778,school_sum,,17.3778,2.0,school_panel,,2.0,122.0,122.0,122.0,41364.0,16527.0,Estimate
2004,3147,PRAIRIE RE-11,Weld,123,district,16.5895,school_sum,,16.5895,2.0,school_panel,,2.0,138.0,138.0,138.0,42470.0,17235.0,Estimate
2005,3147,PRAIRIE RE-11,Weld,123,district,16.6252,school_sum,,16.6252,2.0,school_panel,,2.0,158.0,158.0,158.0,44192.0,18255.0,Estimate
2006,3147,PRAIRIE RE-11,Weld,123,district,17.3203,school_sum,,17.3203,2.0,school_panel,,2.0,150.0,150.0,150.0,45519.0,18971.0,Estimate
2007,3147,PRAIRIE RE-11,Weld,123,district,17.2997,school_sum,,17.2997,2.0,school_panel,,2.0,166.0,166.0,166.0,46958.0,19590.0,Estimate
2008,3147,PRAIRIE RE-11,Weld,123,district,17.0076,school_sum,,17.0076,2.0,school_panel,,2.0,158.0,158.0,158.0,48277.0,19961.0,Estimate
2009,3147,PRAIRIE RE-11,Weld,123,district,17.5901,school_sum,,17.5901,2.0,school_panel,,2.0,167.0,167.0,167.0,49391.0,20021.0,Estimate
2010,3147,PRAIRIE RE-11,Weld,123,district,16.968,published,16.968,16.968,2.0,school_panel,,2.0,174.0,174.0,174.0,50677.0,19935.0,Estimate
2011,3147,PRAIRIE RE-11,Weld,123,district,17.01,school_sum,,17.01,2.0,school_panel,,2.0,171.0,171.0,171.0,51757.0,19816.0,Estimate
2012,3147,PRAIRIE RE-11,Weld,123,district,16.64,school_sum,,16.64,2.0,school_panel,,2.0,181.0,181.0,181.0,52825.0,19775.0,Estimate
2013,3147,PRAIRIE RE-11,Weld,123,district,17.69,school_sum,,17.69,2.0,school_panel,,2.0,196.0,196.0,196.0,54096.0,19878.0,Estimate
2014,3147,PRAIRIE RE-11,Weld,123,district,17.6445,school_sum,,17.6445,2.0,school_panel,,2.0,190.0,190.0,190.0,55419.0,20195.0,Estimate
2015,3147,PRAIRIE RE-11,Weld,123,district,15.05,school_sum,,15.05,2.0,school_panel,,2.0,207.0,207.0,207.0,57119.0,20793.0,Estimate
2016,3147,PRAIRIE RE-11,Weld,123,district,18.29,published,18.29,18.29,2.0,school_panel,,2.0,217.0,217.0,217.0,58807.0,21542.0,Estimate
2017,3147,,Weld,123,,,,,,2.0,school_panel,,2.0,205.0,205.0,205.0,60380.0,22232.0,Estimate
2018,3147,PRAIRIE RE-11,Weld,123,district,17.29,published,17.29,17.29,2.0,school_panel,,2.0,202.0,202.0,202.0,61682.0,22730.0,Estimate
2019,3147,Prairie RE-11,Weld,123,district,17.3,school_sum,,17.3,2.0,school_panel,,2.0,222.0,222.0,222.0,63183.0,23061.0,Estimate
2020,3147,,Weld,123,,,,,,2.0,school_panel,,2.0,211.0,211.0,211.0,64550.0,23286.0,Estimate
2021,3147,,Weld,123,,,,,,2.0,school_panel,,2.0,191.0,191.0,191.0,66001.0,23273.0,Estimate
2022,3147,Prairie RE-11,Weld,123,district,16.9,published,16.9,16.9,2.0,school_panel,,2.0,189.0,189.0,189.0,67663.0,23589.0,Estimate
2023,3147,Prairie RE-11,Weld,123,district,18.2,published,18.2,18.2,2.0,school_panel,,2.0,178.0,178.0,178.0,68781.0,24081.0,Estimate
2024,3147,Prairie RE-11,Weld,123,district,16.3,published,16.3,16.3,2.0,school_panel,,2.0,163.0,163.0,163.0,69769.0,24634.0,Estimate
1990,3148,PAWNEE RE-12,Weld,123,district,15.6,published,15.6,,2.0,school_panel,2.0,2.0,80.0,,80.0,26644.0,10584.0,Estimate
1991,3148,PAWNEE RE-12,Weld,123,district,16.1,published,16.1,,2.0,school_panel,2.0,2.0,80.0,,80.0,27450.0,10844.0,Estimate
1992,3148,PAWNEE RE-12,Weld,123,district,15.1,published,15.1,,2.0,school_panel,2.0,2.0,97.0,,97.0,28372.0,11159.0,Estimate
1993,3148,PAWNEE RE-12,Weld,123,district,14.7,published,14.7,,2.0,school_panel,2.0,2.0,98.0,,98.0,29554.0,11572.0,Estimate
1994,3148,PAWNEE RE-12,Weld,123,district,14.6,published,14.6,,2.0,school_panel,2.0,2.0,115.0,,115.0,30728.0,11976.0,Estimate
1995,3148,PAWNEE RE-12,Weld,123,district,16.2,published,16.2,,2.0,school_panel,2.0,2.0,124.0,,124.0,31944.0,12394.0,Estimate
1996,3148,PAWNEE RE-12,Weld,123,district,16.7,published,16.7,,2.0,school_panel,2.0,2.0,148.0,,148.0,32923.0,12718.0,Estimate
1997,3148,PAWNEE RE-12,Weld,123,district,16.7,published,16.7,,2.0,school_panel,2.0,2.0,143.0,,143.0,33992.0,13071.0,Estimate
1998,3148,PAWNEE RE-12,Weld,123,district,15.9,published,15.9,,2.0,school_panel,2.0,2.0,139.0,,139.0,35165.0,13460.0,Estimate
1999,3148,PAWNEE RE-12,Weld,123,district,,,,,2.0,school_panel,2.0,2.0,133.0,,133.0,36202.0,13797.0,Estimate
2000,3148,PAWNEE RE-12,Weld,123,district,16.3539,school_sum,,16.3539,2.0,school_panel,,2.0,,,135.0,37436.0,14202.0,Estimate
2001,3148,PAWNEE RE-12,Weld,123,district,17.7529,school_sum,,17.7529,2.0,school_panel,,2.0,66.0,66.0,128.0,38815.0,15123.0,Estimate
2002,3148,PAWNEE RE-12,Weld,123,district,17.6851,school_sum,,17.6851,2.0,school_panel,,2.0,63.0,63.0,128.0,39853.0,15721.0,Estimate
2003,3148,PAWNEE RE-12,Weld,123,district,18.1437,school_sum,,18.1437,2.0,school_panel,,2.0,115.0,115.0,115.0,41364.0,16527.0,Estimate
2004,3148,PAWNEE RE-12,Weld,123,district,17.5333,school_sum,,17.5333,2.0,school_panel,,2.0,122.0,122.0,122.0,42470.0,17235.0,Estimate
2005,3148,PAWNEE RE-12,Weld,123,district,17.4835,school_sum,,17.4835,2.0,school_panel,,2.0,125.0,125.0,125.0,44192.0,18255.0,Estimate
2006,3148,PAWNEE RE-12,Weld,123,district,17.7372,school_sum,,17.7372,2.0,school_panel,,2.0,109.0,109.0,109.0,45519.0,18971.0,Estimate
2007,3148,PAWNEE RE-12,Weld,123,district,17.6609,school_sum,,17.6609,2.0,school_panel,,2.0,123.0,123.0,123.0,46958.0,19590.0,Estimate
2008,3148,PAWNEE RE-12,Weld,123,district,17.2524,school_sum,,17.2524,2.0,school_panel,,2.0,106.0,106.0,106.0,48277.0,19961.0,Estimate
2009,3148,PAWNEE RE-12,Weld,123,district,13.0415,school_sum,,13.0415,2.0,school_panel,,2.0,92.0,92.0,92.0,49391.0,20021.0,Estimate
2010,3148,PAWNEE RE-12,Weld,123,district,13.29,published,13.29,13.29,2.0,school_panel,,2.0,75.0,75.0,75.0,50677.0,19935.0,Estimate
2011,3148,PAWNEE RE-12,Weld,123,district,13.8,school_sum,,13.8,2.0,school_panel,,2.0,91.0,91.0,91.0,51757.0,19816.0,Estimate
2012,3148,PAWNEE RE-12,Weld,123,district,12.67,school_sum,,12.67,2.0,school_panel,,2.0,88.0,88.0,88.0,52825.0,19775.0,Estimate
2013,3148,PAWNEE RE-12,Weld,123,district,16.76,school_sum,,16.76,2.0,school_panel,,2.0,88.0,88.0,88.0,54096.0,19878.0,Estimate
2014,3148,PAWNEE RE-12,Weld,123,district,19.6292,school_sum,,19.6292,1.0,school_panel,,1.0,81.0,81.0,81.0,55419.0,20195.0,Estimate
2015,3148,PAWNEE RE-12,Weld,123,district,19.23,school_sum,,19.23,1.0,school_panel,,1.0,87.0,87.0,87.0,57119.0,20793.0,Estimate
2016,3148,PAWNEE RE-12,Weld,123,district,13.62,published,13.62,13.62,1.0,school_panel,,1.0,77.0,77.0,77.0,58807.0,21542.0,Estimate
2017,3148,,Weld,123,,,,,,1.0,school_panel,,1.0,88.0,88.0,88.0,60380.0,22232.0,Estimate
2018,3148,PAWNEE RE-12,Weld,123,district,13.57,published,13.57,13.57,1.0,school_panel,,1.0,80.0,80.0,80.0,61682.0,22730.0,Estimate
2019,3148,Pawnee RE-12,Weld,123,district,12.9,school_sum,,12.9,1.0,school_panel,,1.0,82.0,82.0,82.0,63183.0,23061.0,Estimate
2020,3148,,Weld,123,,,,,,1.0,school_panel,,1.0,61.0,61.0,61.0,64550.0,23286.0,Estimate
2021,3148,,Weld,123,,,,,,1.0,school_panel,,1.0,70.0,70.0,70.0,66001.0,23273.0,Estimate
2022,3148,Pawnee RE-12,Weld,123,district,11.0,published,11.0,11.0,1.0,school_panel,,1.0,67.0,67.0,65.0,67663.0,23589.0,Estimate
2023,3148,Pawnee RE-12,Weld,123,district,13.0,published,13.0,13.0,1.0,school_panel,,1.0,68.0,68.0,68.0,68781.0,24081.0,Estimate
2024,3148,Pawnee RE-12,Weld,123,district,10.4,published,10.4,10.4,1.0,school_panel,,1.0,61.0,61.0,61.0,69769.0,24634.0,Estimate
2001,3200,YUMA 1,Yuma,125,district,63.8515,school_sum,,63.8515,4.0,school_panel,,4.0,660.0,660.0,921.0,2070.0,640.0,Estimate
2002,3200,YUMA 1,Yuma,125,district,67.3277,school_sum,,67.3277,4.0,school_panel,,4.0,654.0,654.0,927.0,2058.0,630.0,Estimate
2003,3200,YUMA 1,Yuma,125,district,63.9361,school_sum,,63.9361,4.0,school_panel,,4.0,924.0,924.0,924.0,2060.0,640.0,Estimate
2004,3200,YUMA 1,Yuma,125,district,63.8084,school_sum,,63.8084,4.0,school_panel,,4.0,928.0,928.0,928.0,1996.0,628.0,Estimate
2005,3200,YUMA 1,Yuma,125,district,69.3115,school_sum,,69.3115,4.0,school_panel,,4.0,890.0,890.0,890.0,1948.0,666.0,Estimate
2006,3200,YUMA 1,Yuma,125,district,64.6461,school_sum,,64.6461,4.0,school_panel,,4.0,866.0,866.0,866.0,1894.0,694.0,Estimate
2007,3200,YUMA 1,Yuma,125,district,65.0211,school_sum,,65.0211,4.0,school_panel,,4.0,826.0,826.0,826.0,1858.0,713.0,Estimate
2008,3200,YUMA 1,Yuma,125,district,65.2006,school_sum,,65.2006,4.0,school_panel,,4.0,836.0,836.0,836.0,1880.0,730.0,Estimate
2009,3200,YUMA 1,Yuma,125,district,65.1571,school_sum,,65.1571,4.0,school_panel,,4.0,823.0,823.0,823.0,1854.0,749.0,Estimate
2010,3200,YUMA 1,Yuma,125,district,66.289,published,66.289,66.289,4.0,school_panel,,4.0,849.0,849.0,849.0,1870.0,766.0,Estimate
2011,3200,YUMA 1,Yuma,125,district,63.41,school_sum,,63.41,4.0,school_panel,,4.0,829.0,829.0,829.0,1863.0,782.0,Estimate
2012,3200,YUMA 1,Yuma,125,district,66.89,school_sum,,66.89,4.0,school_panel,,4.0,816.0,816.0,816.0,1872.0,772.0,Estimate
2013,3200,YUMA 1,Yuma,125,district,63.39,school_sum,,63.39,4.0,school_panel,,4.0,813.0,813.0,813.0,1917.0,743.0,Estimate
2014,3200,YUMA 1,Yuma,125,district,64.6708,school_sum,,64.6708,4.0,school_panel,,4.0,824.0,824.0,824.0,1942.0,736.0,Estimate
2015,3200,YUMA 1,Yuma,125,district,66.44,school_sum,,66.44,4.0,school_panel,,4.0,821.0,821.0,821.0,1899.0,739.0,Estimate
2016,3200,YUMA 1,Yuma,125,district,65.21,published,65.21,65.22,4.0,school_panel,,4.0,807.0,807.0,807.0,1939.0,731.0,Estimate
2017,3200,,Yuma,125,,,,,,4.0,school_panel,,4.0,831.0,831.0,831.0,1957.0,711.0,Estimate
2018,3200,YUMA 1,Yuma,125,district,64.71,published,64.71,64.71,4.0,school_panel,,4.0,865.0,865.0,865.0,1973.0,704.0,Estimate
2019,3200,Yuma 1,Yuma,125,district,63.0,school_sum,,63.0,4.0,school_panel,,4.0,903.0,903.0,903.0,1977.0,717.0,Estimate
2020,3200,,Yuma,125,,,,,,4.0,school_panel,,4.0,906.0,906.0,906.0,1981.0,695.0,Estimate
2021,3200,,Yuma,125,,,,,,4.0,school_panel,,4.0,876.0,876.0,876.0,1974.0,686.0,Estimate
2022,3200,Yuma 1,Yuma,125,district,60.2,published,60.2,60.1,4.0,school_panel,,4.0,886.0,886.0,886.0,1991.0,693.0,Estimate
2023,3200,Yuma 1,Yuma,125,district,59.2,published,59.2,59.2,4.0,school_panel,,4.0,843.0,843.0,843.0,1995.0,681.0,Estimate
2024,3200,Yuma 1,Yuma,125,district,61.2,published,61.2,61.2,4.0,school_panel,,4.0,802.0,802.0,802.0,2039.0,669.0,Estimate
2001,3210,WRAY RD-2,Yuma,125,district,60.8034,school_sum,,60.8034,3.0,school_panel,,3.0,781.0,781.0,781.0,2070.0,640.0,Estimate
2002,3210,WRAY RD-2,Yuma,125,district,57.8057,school_sum,,57.8057,3.0,school_panel,,3.0,756.0,756.0,756.0,2058.0,630.0,Estimate
2003,3210,WRAY RD-2,Yuma,125,district,48.2986,school_sum,,48.2986,3.0,school_panel,,3.0,723.0,723.0,723.0,2060.0,640.0,Estimate
2004,3210,WRAY RD-2,Yuma,125,district,50.3156,school_sum,,50.3156,3.0,school_panel,,3.0,701.0,701.0,701.0,1996.0,628.0,Estimate
2005,3210,WRAY RD-2,Yuma,125,district,49.2101,school_sum,,49.2101,3.0,school_panel,,3.0,685.0,685.0,685.0,1948.0,666.0,Estimate
2006,3210,WRAY RD-2,Yuma,125,district,53.4019,school_sum,,53.4019,3.0,school_panel,,3.0,688.0,688.0,688.0,1894.0,694.0,Estimate
2007,3210,WRAY RD-2,Yuma,125,district,51.455,school_sum,,51.455,3.0,school_panel,,3.0,678.0,678.0,678.0,1858.0,713.0,Estimate
2008,3210,WRAY RD-2,Yuma,125,district,49.1138,school_sum,,49.1138,3.0,school_panel,,3.0,697.0,697.0,697.0,1880.0,730.0,Estimate
2009,3210,WRAY RD-2,Yuma,125,district,47.3952,school_sum,,47.3952,3.0,school_panel,,3.0,702.0,702.0,702.0,1854.0,749.0,Estimate
2010,3210,WRAY RD-2,Yuma,125,district,46.575,published,46.575,46.575,3.0,school_panel,,3.0,714.0,714.0,714.0,1870.0,766.0,Estimate
2011,3210,WRAY RD-2,Yuma,125,district,46.98,school_sum,,46.98,3.0,school_panel,,3.0,728.0,728.0,728.0,1863.0,782.0,Estimate
2012,3210,WRAY RD-2,Yuma,125,district,48.27,school_sum,,48.27,3.0,school_panel,,3.0,741.0,741.0,741.0,1872.0,772.0,Estimate
2013,3210,WRAY RD-2,Yuma,125,district,45.18,school_sum,,45.18,3.0,school_panel,,3.0,724.0,724.0,724.0,1917.0,743.0,Estimate
2014,3210,WRAY RD-2,Yuma,125,district,49.2429,school_sum,,49.2429,3.0,school_panel,,3.0,693.0,693.0,693.0,1942.0,736.0,Estimate
2015,3210,WRAY RD-2,Yuma,125,district,49.5,school_sum,,49.5,3.0,school_panel,,3.0,689.0,689.0,689.0,1899.0,739.0,Estimate
2016,3210,WRAY RD-2,Yuma,125,district,49.28,published,49.28,49.28,3.0,school_panel,,3.0,675.0,675.0,675.0,1939.0,731.0,Estimate
2017,3210,,Yuma,125,,,,,,3.0,school_panel,,3.0,722.0,722.0,722.0,1957.0,711.0,Estimate
2018,3210,WRAY RD-2,Yuma,125,district,52.2,published,52.2,52.2,3.0,school_panel,,3.0,731.0,731.0,731.0,1973.0,704.0,Estimate
2019,3210,Wray RD-2,Yuma,125,district,53.2,school_sum,,53.2,3.0,school_panel,,3.0,759.0,759.0,759.0,1977.0,717.0,Estimate
2020,3210,,Yuma,125,,,,,,3.0,school_panel,,3.0,747.0,747.0,747.0,1981.0,695.0,Estimate
2021,3210,,Yuma,125,,,,,,2.0,school_panel,,2.0,749.0,749.0,745.0,1974.0,686.0,Estimate
2022,3210,Wray RD-2,Yuma,125,district,48.1,published,48.1,48.1,2.0,school_panel,,2.0,729.0,729.0,724.0,1991.0,693.0,Estimate
2023,3210,Wray RD-2,Yuma,125,district,49.0,published,49.0,49.0,2.0,school_panel,,2.0,742.0,742.0,733.0,1995.0,681.0,Estimate
2024,3210,Wray RD-2,Yuma,125,district,48.5,published,48.5,48.5,2.0,school_panel,,2.0,738.0,738.0,731.0,2039.0,669.0,Estimate
2001,3220,IDALIA RJ-3,Yuma,125,district,16.5126,school_sum,,16.5126,2.0,school_panel,,2.0,83.0,83.0,158.0,2070.0,640.0,Estimate
2002,3220,IDALIA RJ-3,Yuma,125,district,15.5972,school_sum,,15.5972,2.0,school_panel,,2.0,91.0,91.0,148.0,2058.0,630.0,Estimate
2003,3220,IDALIA RJ-3,Yuma,125,district,15.4834,school_sum,,15.4834,2.0,school_panel,,2.0,140.0,140.0,140.0,2060.0,640.0,Estimate
2004,3220,IDALIA RJ-3,Yuma,125,district,15.9333,school_sum,,15.9333,2.0,school_panel,,2.0,148.0,148.0,148.0,1996.0,628.0,Estimate
2005,3220,IDALIA RJ-3,Yuma,125,district,15.6389,school_sum,,15.6389,2.0,school_panel,,2.0,158.0,158.0,158.0,1948.0,666.0,Estimate
2006,3220,IDALIA RJ-3,Yuma,125,district,17.3216,school_sum,,17.3216,2.0,school_panel,,2.0,162.0,162.0,162.0,1894.0,694.0,Estimate
2007,3220,IDALIA RJ-3,Yuma,125,district,14.4849,school_sum,,14.4849,2.0,school_panel,,2.0,157.0,157.0,157.0,1858.0,713.0,Estimate
2008,3220,IDALIA RJ-3,Yuma,125,district,18.3311,school_sum,,18.3311,2.0,school_panel,,2.0,160.0,160.0,160.0,1880.0,730.0,Estimate
2009,3220,IDALIA RJ-3,Yuma,125,district,15.5413,school_sum,,15.5413,2.0,school_panel,,2.0,162.0,162.0,162.0,1854.0,749.0,Estimate
2010,3220,IDALIA RJ-3,Yuma,125,district,14.548,published,14.548,14.548,2.0,school_panel,,2.0,157.0,157.0,157.0,1870.0,766.0,Estimate
2011,3220,IDALIA RJ-3,Yuma,125,district,13.96,school_sum,,13.96,2.0,school_panel,,2.0,161.0,161.0,161.0,1863.0,782.0,Estimate
2012,3220,IDALIA RJ-3,Yuma,125,district,14.04,school_sum,,14.04,2.0,school_panel,,2.0,186.0,186.0,186.0,1872.0,772.0,Estimate
2013,3220,IDALIA RJ-3,Yuma,125,district,15.38,school_sum,,15.38,2.0,school_panel,,2.0,182.0,182.0,182.0,1917.0,743.0,Estimate
2014,3220,IDALIA RJ-3,Yuma,125,district,16.7322,school_sum,,16.7322,2.0,school_panel,,2.0,201.0,201.0,201.0,1942.0,736.0,Estimate
2015,3220,IDALIA RJ-3,Yuma,125,district,15.48,school_sum,,15.48,2.0,school_panel,,2.0,218.0,218.0,218.0,1899.0,739.0,Estimate
2016,3220,IDALIA RJ-3,Yuma,125,district,16.4,published,16.4,16.4,2.0,school_panel,,2.0,226.0,226.0,226.0,1939.0,731.0,Estimate
2017,3220,,Yuma,125,,,,,,2.0,school_panel,,2.0,216.0,216.0,216.0,1957.0,711.0,Estimate
2018,3220,IDALIA RJ-3,Yuma,125,district,17.49,published,17.49,17.5,2.0,school_panel,,2.0,204.0,204.0,204.0,1973.0,704.0,Estimate
2019,3220,Idalia RJ-3,Yuma,125,district,17.7,school_sum,,17.7,2.0,school_panel,,2.0,200.0,200.0,200.0,1977.0,717.0,Estimate
2020,3220,,Yuma,125,,,,,,2.0,school_panel,,2.0,197.0,197.0,197.0,1981.0,695.0,Estimate
2021,3220,,Yuma,125,,,,,,2.0,school_panel,,2.0,186.0,186.0,186.0,1974.0,686.0,Estimate
2022,3220,Idalia RJ-3,Yuma,125,district,17.0,published,17.0,17.0,2.0,school_panel,,2.0,172.0,172.0,172.0,1991.0,693.0,Estimate
2023,3220,Idalia RJ-3,Yuma,125,district,17.8,published,17.8,17.8,2.0,school_panel,,2.0,164.0,164.0,164.0,1995.0,681.0,Estimate
2024,3220,Idalia RJ-3,Yuma,125,district,15.7,published,15.7,15.7,2.0,school_panel,,2.0,150.0,150.0,150.0,2039.0,669.0,Estimate
2001,3230,LIBERTY J-4,Yuma,125,district,14.4328,school_sum,,14.4328,2.0,school_panel,,2.0,43.0,43.0,101.0,2070.0,640.0,Estimate
2002,3230,LIBERTY J-4,Yuma,125,district,14.0,school_sum,,14.0,2.0,school_panel,,2.0,45.0,45.0,96.0,2058.0,630.0,Estimate
2003,3230,LIBERTY J-4,Yuma,125,district,14.6314,school_sum,,14.6314,2.0,school_panel,,2.0,90.0,90.0,90.0,2060.0,640.0,Estimate
2004,3230,LIBERTY J-4,Yuma,125,district,13.875,school_sum,,13.875,2.0,school_panel,,2.0,92.0,92.0,92.0,1996.0,628.0,Estimate
2005,3230,LIBERTY J-4,Yuma,125,district,13.625,school_sum,,13.625,2.0,school_panel,,2.0,89.0,89.0,89.0,1948.0,666.0,Estimate
2006,3230,LIBERTY J-4,Yuma,125,district,14.5,school_sum,,14.5,2.0,school_panel,,2.0,94.0,94.0,94.0,1894.0,694.0,Estimate
2007,3230,LIBERTY J-4,Yuma,125,district,10.1154,school_sum,,10.1154,2.0,school_panel,,2.0,99.0,99.0,99.0,1858.0,713.0,Estimate
2008,3230,LIBERTY J-4,Yuma,125,district,14.7404,school_sum,,14.7404,2.0,school_panel,,2.0,88.0,88.0,88.0,1880.0,730.0,Estimate
2009,3230,LIBERTY J-4,Yuma,125,district,13.7404,school_sum,,13.7404,2.0,school_panel,,2.0,89.0,89.0,89.0,1854.0,749.0,Estimate
2010,3230,LIBERTY J-4,Yuma,125,district,13.701,published,13.701,13.702,2.0,school_panel,,2.0,86.0,86.0,86.0,1870.0,766.0,Estimate
2011,3230,LIBERTY J-4,Yuma,125,district,13.84,school_sum,,13.84,2.0,school_panel,,2.0,83.0,83.0,83.0,1863.0,782.0,Estimate
2012,3230,LIBERTY J-4,Yuma,125,district,13.84,school_sum,,13.84,2.0,school_panel,,2.0,80.0,80.0,80.0,1872.0,772.0,Estimate
2013,3230,LIBERTY J-4,Yuma,125,district,10.5,school_sum,,10.5,2.0,school_panel,,2.0,69.0,69.0,69.0,1917.0,743.0,Estimate
2014,3230,LIBERTY J-4,Yuma,125,district,4.8846,school_sum,,4.8846,2.0,school_panel,,2.0,80.0,80.0,80.0,1942.0,736.0,Estimate
2015,3230,LIBERTY J-4,Yuma,125,district,6.05,school_sum,,6.05,2.0,school_panel,,2.0,77.0,77.0,77.0,1899.0,739.0,Estimate
2016,3230,LIBERTY J-4,Yuma,125,district,9.25,published,9.25,9.25,2.0,school_panel,,2.0,80.0,80.0,80.0,1939.0,731.0,Estimate
2017,3230,,Yuma,125,,,,,,1.0,school_panel,,1.0,72.0,72.0,72.0,1957.0,711.0,Estimate
2018,3230,LIBERTY J-4,Yuma,125,district,10.64,published,10.64,10.64,1.0,school_panel,,1.0,65.0,65.0,65.0,1973.0,704.0,Estimate
2019,3230,Liberty J-4,Yuma,125,district,9.6,school_sum,,9.6,1.0,school_panel,,1.0,68.0,68.0,68.0,1977.0,717.0,Estimate
2020,3230,,Yuma,125,,,,,,1.0,school_panel,,1.0,65.0,65.0,65.0,1981.0,695.0,Estimate
2021,3230,,Yuma,125,,,,,,1.0,school_panel,,1.0,64.0,64.0,64.0,1974.0,686.0,Estimate
2022,3230,Liberty J-4,Yuma,125,district,9.3,published,9.3,9.3,1.0,school_panel,,1.0,68.0,68.0,68.0,1991.0,693.0,Estimate
2023,3230,Liberty J-4,Yuma,125,district,11.2,published,11.2,11.2,1.0,school_panel,,1.0,64.0,64.0,64.0,1995.0,681.0,Estimate
2024,3230,Liberty J-4,Yuma,125,district,10.6,published,10.6,10.6,1.0,school_panel,,1.0,76.0,76.0,76.0,2039.0,669.0,Estimate
2009,9035,,Yuma,125,,,,,,1.0,school_panel,,1.0,,,,1854.0,749.0,Estimate
2017,9035,,Yuma,125,,,,,,2.0,school_panel,,2.0,170.0,170.0,170.0,1957.0,711.0,Estimate
2020,9035,,Yuma,125,,,,,,2.0,school_panel,,2.0,125.0,125.0,125.0,1981.0,695.0,Estimate
2021,9035,,Yuma,125,,,,,,2.0,school_panel,,2.0,129.0,129.0,129.0,1974.0,686.0,Estimate
