COUNTYFP,GEOID,ALAND,population,children_under_18,county,land_sq_mi,people_per_sq_mi,child_share,log_density
041,08041002300,3129892,2139,161,El Paso,1.2084580573615067,1770.0241948572025,0.07526881720430108,3.247979202870935
041,08041006600,2516901,2427,444,El Paso,0.97178090906371,2497.4765169428597,0.18294190358467244,3.3975014133704597
041,08041006100,1355660,4069,1147,El Paso,0.523423252317556,7773.823539523184,0.2818874416318506,3.8906346782194645
041,08041006200,3609651,5354,1340,El Paso,1.3936940428657028,3841.5892120706403,0.250280164363093,3.5845109231313272
035,08035014300,492002471,781,110,Douglas,189.9632160859611,4.111322265920083,0.14084507042253522,0.613981520279581
035,08035014107,2746510,3812,1011,Douglas,1.0604334395959834,3594.75650018387,0.26521511017838406,3.555669477693018
035,08035013904,5325682,4198,812,Douglas,2.056257316177409,2041.5732831550963,0.19342544068604098,3.3099649737268853
035,08035014503,9399038,6166,1438,Douglas,3.6289888604932634,1699.0958740947742,0.23321440155692508,3.2302178852937447
041,08041006400,3260681,7445,2194,El Paso,1.2589559725816657,5913.630152397613,0.2946944257891202,3.771854159588889
041,08041005900,6259859,6930,1417,El Paso,2.4169450723849075,2867.2558922333556,0.20447330447330447,3.457466453890213
035,08035014108,3090461,4823,1123,Douglas,1.1932336631460443,4041.9577061577547,0.23284262906904415,3.6065917648748806
035,08035013909,63706425,6407,1581,Douglas,24.597188208713437,260.4769271038204,0.24676135476822225,2.4157692597841756
035,08035014115,2585072,4075,841,Douglas,0.9981018793171217,4082.7495513664608,0.20638036809815952,3.6109527397575363
035,08035014116,3976441,6184,1143,Douglas,1.5353124536158587,4027.8446158864167,0.18483182406209572,3.605072708216054
035,08035014123,5624143,4012,802,Douglas,2.1714937525330957,1847.5761191207264,0.19990029910269191,3.266602340129435
035,08035013905,3645627,5468,1267,Douglas,1.4075844541232276,3884.669217525545,0.2317117776152158,3.5893540442130094
041,08041006501,1600530,4062,1271,El Paso,0.6179680878921101,6573.154956683098,0.3129000492368291,3.817773870533702
041,08041008000,2829739,4331,757,El Paso,1.0925683361534815,3964.0541069017318,0.1747864234587855,3.5981395737063977
041,08041003708,3161771,2984,543,El Paso,1.2207666080752781,2444.3656799432974,0.18197050938337803,3.388166177389517
041,08041004008,40212609,3020,1000,El Paso,15.526175137537601,194.51023663249504,0.33112582781456956,2.2889424621965335
041,08041004901,1694879,3771,877,El Paso,0.6543964404531571,5762.561907257096,0.23256430654998675,3.7606156040524947
035,08035014146,1667194,4896,1449,Douglas,0.6437072021925229,7605.942551712637,0.2959558823529412,3.8811530408272836
014,08014030200,2583065,2134,399,Broomfield,0.9973269722848265,2139.7195296053333,0.18697282099343954,3.330356850579335
035,08035014504,6443623,5656,1271,Douglas,2.4878967494565063,2273.4062421342774,0.22471711456859972,3.356677048110801
041,08041005122,36853007,11238,3673,El Paso,14.229025553325803,789.7940697262505,0.3268375155721659,2.8975138684549258
041,08041005114,2430096,1804,480,El Paso,0.938265311187085,1922.6971076204395,0.2660753880266075,3.2839108729800555
041,08041004513,7147564,3723,1019,El Paso,2.759689889078294,1349.0646230701816,0.27370400214880475,3.1300327538013155
041,08041004708,2143714,5176,1138,El Paso,0.8276926028050376,6253.5293688243855,0.21986089644513138,3.7961251937899454
005,08005007103,165400308,1715,339,Arapahoe,63.86141595067014,26.855026223107153,0.197667638483965,1.42902558078693
005,08005080500,1264541,3854,609,Arapahoe,0.48824200972876286,7893.626363985034,0.1580176440062273,3.897276565700253
005,08005083900,1376216,3220,479,Arapahoe,0.5313599682895842,6059.922071971259,0.14875776397515528,3.782467039359277
013,08013013703,179045632,1213,150,Boulder,69.12990500176467,17.546675349388025,0.1236603462489695,1.2441948407907033
013,08013013705,161508384,1923,279,Boulder,62.358735693192045,30.83770026161614,0.14508580343213728,1.489081982837717
013,08013013706,176989300,3863,527,Boulder,68.33595077778176,56.52954200581617,0.13642246958322546,1.7522754668832121
059,08059009901,3794783,3121,230,Jefferson,1.465173907690256,2130.1225633481545,0.07369432874078821,3.328404592666165
059,08059010001,5074551,4096,445,Jefferson,1.959295094987907,2090.547774287814,0.108642578125,3.3202600967237927
041,08041005000,4962505,5445,1282,El Paso,1.9160338925262481,2841.807768244062,0.23544536271809,3.4535946970909475
013,08013012206,1021887,3319,115,Boulder,0.39455277653764986,8412.055870257669,0.0346489906598373,3.92490214847268
013,08013012107,1652360,4200,749,Boulder,0.6379797627719612,6583.280920622624,0.17833333333333334,3.8184423876263627
013,08013013214,9723387,5508,1400,Boulder,3.7542207095305935,1467.1486910764736,0.2541757443718228,3.1664741305042465
013,08013013215,10490981,5788,1654,Boulder,4.050590409853272,1428.9274931181362,0.2857636489288182,3.1550101923055967
041,08041000102,1615912,3413,711,El Paso,0.6239071112955804,5470.365601239424,0.20832112510987402,3.7380163525299412
041,08041000202,2657713,4472,882,El Paso,1.026148726219442,4358.042733703752,0.1972271914132379,3.6392914844969138
041,08041000301,1867287,3262,618,El Paso,0.720963541411779,4524.5006337108325,0.1894543225015328,3.655570653377375
041,08041000400,1716903,2486,414,El Paso,0.6628999543939992,3750.1888233988757,0.166532582461786,3.5740531351665616
041,08041000500,1331116,2016,275,El Paso,0.5139467609370608,3922.585281643373,0.13640873015873015,3.5935723944373055
035,08035013912,27302420,7399,1393,Douglas,10.5415232968,701.8909688551418,0.18826868495742669,2.846269654434424
035,08035013913,18767008,2660,595,Douglas,7.245982299123374,367.09998592210326,0.2236842105263158,2.5647843678492523
035,08035014144,9850098,6089,2021,Douglas,3.803144100148012,1601.0437258380575,0.3319100016423058,3.2044031930254007
035,08035014142,6261563,1884,332,Douglas,2.4176029904631493,779.284277622057,0.1762208067940552,2.8916959142593766
035,08035014141,7489048,5447,1428,Douglas,2.891537598603107,1883.77284204481,0.26216265834404257,3.2750285314747103
035,08035013914,21555544,3757,731,Douglas,8.322642068036366,451.41914902588405,0.19457013574660634,2.6545799777366152
035,08035013915,6104715,3177,630,Douglas,2.3570436390922276,1347.8749172516652,0.19830028328611898,3.129649591555473
035,08035014143,1653932,3153,1078,Douglas,0.6385867153652687,4937.4656943755845,0.3418966064065969,3.69350409115702
035,08035014410,10857440,12675,3718,Douglas,4.192081020788933,3023.5579744626725,0.29333333333333333,3.4805183002936535
035,08035014407,67151075,3595,762,Douglas,25.927175009309213,138.65760533915503,0.21196105702364396,2.1419436955240005
035,08035014017,9328603,3287,673,Douglas,3.601793754952798,912.6008382573468,0.20474596896866443,2.960280863352238
035,08035014409,26498317,3918,1338,Douglas,10.231057392769268,382.9516197190938,0.34150076569678406,2.5831439107409264
035,08035014206,55220164,788,149,Douglas,21.320624518233792,36.95951773486222,0.18908629441624367,1.5677262957067646
035,08035014408,93050132,2553,435,Douglas,35.92685682252032,71.06104529577668,0.17038777908343125,1.8516315915975656
035,08035014207,655546,1794,488,Douglas,0.253107725656702,7087.891115711178,0.27201783723522854,3.8505170372919433
035,08035014208,25380897,1509,392,Douglas,9.799619118714796,153.98557655350007,0.2597746852220013,2.1874800434560506
035,08035014145,1680182,3684,1078,Douglas,0.6487218970283227,5678.858717234204,0.2926167209554832,3.7542610641247647
035,08035014205,73260791,2913,713,Douglas,28.286149545296563,102.98326378198674,0.24476484723652592,2.0127666515235103
013,08013012205,606093,2938,195,Boulder,0.23401381560782533,12554.814306022343,0.06637168141592921,4.098810293594842
035,08035014015,2544580,4074,894,Douglas,0.9824678307113928,4146.7006579239005,0.21944035346097202,3.6177026856403494
035,08035014014,9054412,4916,1135,Douglas,3.4959280179861523,1406.2074432619147,0.23087876322213183,3.1480493923897077
035,08035014016,39482346,5719,1849,Douglas,15.244219016897341,375.1586088904139,0.3233082706766917,2.574214916801655
041,08041000600,1714238,3227,664,El Paso,0.66187099214135,4875.572488166754,0.20576386736907346,3.6880256177482518
041,08041000700,1624935,3325,674,El Paso,0.627390911072561,5299.726121814103,0.20270676691729322,3.72425342679736
041,08041000800,2242755,2606,397,El Paso,0.8659325466942009,3009.472285051198,0.1523407521105142,3.4784903481576506
041,08041000900,1055982,2269,358,El Paso,0.40771692963486234,5565.135600407961,0.15777875716174528,3.7454757508434944
041,08041001000,1972006,2301,370,El Paso,0.7613957733574306,3022.0813938243596,0.16079965232507606,3.4803061570290654
041,08041001101,1264371,1347,182,El Paso,0.4881763723618021,2759.248657371926,0.13511507052709726,3.440790839898697
013,08013013704,72562710,5222,900,Boulder,28.016618964324127,186.389371488744,0.17234775947912678,2.2704211438795854
013,08013060801,14319971,3905,863,Boulder,5.528971714082503,706.279612546003,0.2209987195902689,2.8489766700957637
013,08013012802,24043512,6432,1687,Boulder,9.28325188334552,692.8606571086619,0.2622823383084577,2.8406459013742347
013,08013060601,2857423,4571,890,Boulder,1.1032571883119573,4143.186238372827,0.19470575366440604,3.617334455499539
013,08013060602,34971780,1320,263,Boulder,13.502679747823244,97.75837275654828,0.19924242424242425,1.990153963881156
013,08013012207,1815055,5467,1005,Boulder,0.7007966534641736,7801.121727644617,0.18383025425278945,3.892157054626386
013,08013012208,4694853,2501,187,Boulder,1.812692877574639,1379.7152462728864,0.07477009196321471,3.139789463406261
013,08013012801,15255319,8718,2493,Boulder,5.890111595917713,1480.10778030797,0.28596008258774946,3.1702933415359658
013,08013060802,7189360,5100,1185,Boulder,2.775827414898828,1837.2900176093558,0.2323529411764706,3.2641777154271927
013,08013012106,1229680,2800,540,Boulder,0.47478210237806845,5897.442186585128,0.19285714285714287,3.7706636921315835
013,08013012610,390612,5042,181,Boulder,0.1508161363721473,33431.43592777487,0.035898452994843316,4.524155030559552
013,08013012609,332661,1404,74,Boulder,0.1284411301795513,10931.07790345126,0.05270655270655271,4.038662989437291
041,08041001104,4244031,3349,561,El Paso,1.6386295302336351,2043.7810610690635,0.16751269035532995,3.3104343703950105
041,08041001301,1329799,2203,271,El Paso,0.5134382643941945,4290.681378411324,0.1230140717203813,3.632526265468243
041,08041000103,1295090,3025,584,El Paso,0.5000370445716061,6049.551793890772,0.19305785123966943,3.781723199338309
041,08041004514,2928711,6060,1981,El Paso,1.1307816389937018,5359.12486640027,0.3268976897689769,3.729093876124942
041,08041004520,872725,2360,568,El Paso,0.3369610063576701,7003.777753129565,0.24067796610169492,3.845332356411858
041,08041004517,70762445,5122,1473,El Paso,27.321532761785537,187.47118050287833,0.2875829754002343,2.272934514140747
041,08041004516,96577377,3528,980,El Paso,37.288733730905044,94.61302777026135,0.2777777777777778,1.9759509408329319
041,08041003911,352437234,4423,985,El Paso,136.07677681578238,32.503709328651695,0.22269952520913408,1.5119329255647536
041,08041005121,5063374,6150,1902,El Paso,1.9549796311613183,3145.812826881838,0.3092682926829268,3.4977328789132627
041,08041002802,6294254,4474,871,El Paso,2.430225056129698,1840.9817595762738,0.19468037550290568,3.2650494855411596
041,08041005118,2889447,4913,1089,El Paso,1.1156217238387245,4403.822456141262,0.22165682882149398,3.643829801700162
041,08041002902,910870,1420,375,El Paso,0.3516888731971824,4037.6597277328265,0.2640845070422535,3.6061297161443253
041,08041002901,2108485,4532,1000,El Paso,0.8140906098599812,5566.947886525159,0.22065313327449249,3.745617155795803
041,08041005113,1398111,3362,942,El Paso,0.5398136750519678,6228.0748995036865,0.28019036287923854,3.794353826799993
041,08041005117,2603204,4026,947,El Paso,1.0051026836567216,4005.5608899110475,0.23522106308991556,3.602663337982739
041,08041005112,1519328,3932,1239,El Paso,0.5866158204100791,6702.853661961077,0.3151068158697864,3.82625973789342
041,08041005124,1313720,3855,1160,El Paso,0.5072301277861851,7600.10060290625,0.3009079118028534,3.8808193410963012
041,08041005123,95036456,3014,625,El Paso,36.69378080658448,82.13925994399453,0.20736562707365627,1.914550785640992
041,08041003912,9879627,8255,2720,El Paso,3.814545310789091,2164.084924263841,0.32949727437916415,3.3352742996024993
041,08041005119,3419997,4867,1282,El Paso,1.320468224079994,3685.813797898068,0.2634066159852065,3.5665333914940196
041,08041003711,5890217,3154,478,El Paso,2.274225498278446,1386.845764585583,0.15155358275206088,3.1420281645239094
041,08041003710,2427170,3205,674,El Paso,0.9371355762710433,3419.996082907254,0.21029641185647427,3.5340256086372057
069,08069001812,76075407,6633,1405,Larimer,29.37287885850565,225.82056161237492,0.21181968943162974,2.353763483152454
041,08041005115,3268691,6577,2018,El Paso,1.262048650871992,5211.368036767623,0.30682682073893874,3.7169517449559013
069,08069001714,31368529,7436,1517,Larimer,12.111456758772533,613.9641290147842,0.20400753093060786,2.788142998134618
069,08069002403,2154806216,1666,231,Larimer,831.9753313462123,2.00246321883638,0.13865546218487396,0.30156454772601266
069,08069001904,457393533,2130,319,Larimer,176.6006304175659,12.061112097752375,0.14976525821596245,1.081387353877927
069,08069001905,218255568,1801,260,Larimer,84.26894592963981,21.372048506501333,0.14436424208772905,1.3298461511969042
069,08069002505,22852093,7983,2572,Larimer,8.82324243565736,904.7694266835864,0.3221846423650257,2.9565379167991996
069,08069001713,54502281,4965,1281,Larimer,21.043448342316907,235.9404180927767,0.2580060422960725,2.3728023446629396
069,08069001710,4600559,6888,1631,Larimer,1.7762857606323144,3877.7544428144492,0.23678861788617886,3.5885803040961672
069,08069001711,3913387,3655,590,Larimer,1.5109671681079648,2418.980423364722,0.16142270861833105,3.3836323536619712
001,08001008561,22281925,4824,677,Adams,8.603099340096971,560.7281526456982,0.14033996683250416,2.748752361398551
069,08069001810,3886711,5298,1159,Larimer,1.5006675069253503,3530.4289428208067,0.21876179690449227,3.5478274748447114
001,08001008553,158084488,5596,1346,Adams,61.0367620567957,91.68245187699883,0.2405289492494639,1.962286219178422
001,08001060002,15599144,4287,1283,Adams,6.022863170595791,711.7877126828241,0.29927688360158616,2.8523504866741405
001,08001008552,37424073,5185,1414,Adams,14.449515368624608,358.8355642195867,0.2727097396335583,2.5548954794637484
001,08001008354,108054899,4022,1092,Adams,41.72022975039835,96.40407121587333,0.2715067130780706,1.9840953748701924
001,08001008557,8601911,852,183,Adams,3.3212164051208717,256.53251582351874,0.2147887323943662,2.4091424203161993
001,08001008556,3399300,6076,1821,Adams,1.3124770677036044,4629.414219504015,0.29970375246872943,3.665526041270308
069,08069002506,26606353,3592,690,Larimer,10.27277032557497,349.6622513848478,0.1920935412026726,2.543648749552151
001,08001008560,11821234,2203,526,Adams,4.564203964627467,482.6690518375662,0.23876532001815706,2.6836494532685387
001,08001008355,3550543,4820,1231,Adams,1.3708723164756151,3516.0094357961584,0.2553941908713693,3.546050031904779
001,08001060001,4979246,2581,485,Adams,1.9224976287632456,1342.5244127142944,0.18791166214645486,3.1279221917352493
001,08001008555,4829551,5848,1091,Adams,1.8647000661327362,3136.16120158582,0.18655950752393982,3.4963983777241046
001,08001008554,1264685,2507,402,Adams,0.4882976084396002,5134.16399480503,0.16035101715197447,3.7104697367353836
001,08001008558,3893909,4220,1341,Adams,1.5034466702628995,2806.8837315407213,0.3177725118483412,3.4482244233946524
001,08001008559,8582193,8672,2778,Adams,3.3136032427577438,2617.090630555617,0.3203413284132841,3.417818762635547
001,08001008562,5863588,5787,1650,Adams,2.2639439838972852,2556.1586510801917,0.28512182477967857,3.4075878053355058
001,08001009004,1312427,5040,1299,Adams,0.5067308976951249,9946.107535428637,0.2577380952380952,3.9976531504311748
001,08001008564,3251820,1192,326,Adams,1.2555347213543773,949.3962848866173,0.27348993288590606,2.977447527933849
001,08001008563,3786633,4429,1376,Adams,1.4620271750977267,3029.3554562034396,0.3106796116504854,3.4813502352379486
001,08001009003,1735295,4405,1143,Adams,0.670001145294833,6574.615627054766,0.25947786606129397,3.81787036766694
001,08001008565,3704672,7013,1879,Adams,1.4303818560773238,4902.886575499801,0.26793098531299014,3.6904518462944473
069,08069001813,15561088,5436,1357,Larimer,6.008169666848394,904.7680577322099,0.24963208241353937,2.956537259694239
069,08069002507,87300082,4947,1346,Larimer,33.706750105505314,146.7658550443286,0.27208409136850614,2.1666250290768327
069,08069002504,34931623,2501,616,Larimer,13.487175043440644,185.4354223137585,0.2463014794082367,2.268192697694083
069,08069002508,36876387,7999,2350,Larimer,14.238052621793697,561.8043571321127,0.29378672334041755,2.7495851030946366
069,08069002602,62067332,7054,1469,Larimer,23.964330863279525,294.354139919209,0.20825063793592288,2.468870148289599
069,08069002404,279597681,1454,204,Larimer,107.95326817156702,13.46879093728964,0.14030261348005502,1.129328611845427
069,08069002804,93509201,3096,499,Larimer,36.10410435436324,85.75202336035359,0.16117571059431524,1.933244376223488
069,08069002805,14034715,2970,414,Larimer,5.41883375673103,548.088414100322,0.1393939393939394,2.7388506217301467
069,08069001712,14182686,4053,817,Larimer,5.475965679240126,740.1434262755306,0.20157907722674562,2.869315886223374
069,08069001715,20403916,5029,1018,Larimer,7.8779960113407625,638.3603130492205,0.20242592960827202,2.8050658790326906
069,08069002601,75392161,2263,357,Larimer,29.109076103055934,77.74207577005254,0.15775519222271323,1.8906561324290798
069,08069001811,2445454,2499,433,Larimer,0.9441950681387491,2646.6988489213045,0.17326930772308924,3.4227045284973445
035,08035013907,6333538,6177,1632,Douglas,2.445392693327847,2525.974669366474,0.2642059252064109,3.402428991108654
035,08035014602,215069725,2616,538,Douglas,83.0388850704029,31.503313150002864,0.20565749235474007,1.4983562302054378
014,08014030800,2557490,5777,1510,Broomfield,0.9874524095788224,5850.408530031397,0.26138133979574174,3.7671861936280853
014,08014031300,10340572,2578,795,Broomfield,3.992517170281527,645.7079306231802,0.3083785880527541,2.8100361204692343
013,08013013004,1999004,3463,916,Boulder,0.7718197594351119,4486.798838286466,0.26451053999422464,3.651936598755147
001,08001009604,2215181,4724,1040,Adams,0.8552861657731703,5523.297568749461,0.2201524132091448,3.742198441555128
031,08031002101,880925,3078,372,Denver,0.34012704405812894,9049.559727082327,0.12085769980506822,3.9566274507245556
013,08013013503,1950401,5432,1361,Boulder,0.753054036221039,7213.2937860060565,0.2505522827687776,3.8581336206751615
013,08013012104,2700656,2666,551,Boulder,1.0427291112158812,2556.752248809178,0.20667666916729183,3.407688646607484
013,08013012101,2975938,4793,1001,Boulder,1.1490160856375515,4171.395039557276,0.20884623409138325,3.6202813203603115
013,08013012105,2471067,6635,1536,Boulder,0.9540843027267798,6954.312088603829,0.2314996232102487,3.842254176614307
013,08013012204,1393752,3462,233,Boulder,0.5381306557426628,6433.381861923785,0.06730213749277875,3.8084393302911512
013,08013012300,1418926,7059,111,Boulder,0.5478503914830714,12884.904546459786,0.01572460688482788,4.110081205572268
013,08013012501,3430634,2472,386,Boulder,1.3245751927409428,1866.2587171700623,0.15614886731391586,3.270971849298394
013,08013012505,15085912,4251,852,Boulder,5.824703187537027,729.8225957840666,0.20042342978122796,2.8632173052774936
013,08013012507,1639851,4404,549,Boulder,0.6331500108701271,6955.697582548659,0.12465940054495912,3.8423406916335145
013,08013012508,3490588,2952,447,Boulder,1.3477235615571996,2190.3601630212443,0.15142276422764228,3.340515532169855
013,08013012509,1764488,3322,795,Boulder,0.681272625610625,4876.168328387611,0.23931366646598434,3.6880786893228974
013,08013012511,1923218,6805,430,Boulder,0.7425586212440181,9164.259635959104,0.06318883174136664,3.962097384845931
013,08013012603,1763562,3399,590,Boulder,0.6809150950117683,4991.811791073974,0.17358046484260076,3.698258202547984
013,08013012701,46715928,6449,1255,Boulder,18.03712064145345,357.54043720141874,0.19460381454489067,2.5533251668652284
014,08014031401,2958884,2199,15,Broomfield,1.1424314994249145,1924.841884267852,0.0068212824010914054,3.2843950602807332
014,08014031201,3413703,2576,214,Broomfield,1.3180380970938126,1954.4199865541905,0.08307453416149069,3.2910178952291003
014,08014031202,2661471,2762,582,Broomfield,1.0275996981314328,2687.817060497747,0.2107168718320058,3.429399706227004
014,08014031102,3060724,2008,146,Broomfield,1.181752143255978,1699.1718707338525,0.07270916334661355,3.2302373098497115
014,08014031104,4068610,1505,96,Broomfield,1.570899103471174,958.0500725186242,0.06378737541528239,2.9813882080871457
014,08014031402,16480290,2016,531,Broomfield,6.363075543230969,316.8279217028341,0.26339285714285715,2.5008234485080942
014,08014031101,2318191,3219,244,Broomfield,0.8950585491297873,3596.412774482344,0.07579993786890339,3.5558695316129274
014,08014031403,4035438,4617,1757,Broomfield,1.5580913226663424,2963.2409428344577,0.3805501407840589,3.4717669656512182
014,08014031103,4911419,1983,88,Broomfield,1.8963094776523899,1045.7153873717555,0.044377206253151794,3.0194134985720797
013,08013012705,4347054,4508,475,Boulder,1.6784069329183138,2685.880230583747,0.10536823425022183,3.429086642600642
013,08013012708,5656859,5101,912,Boulder,2.1841254707536093,2335.4885368558766,0.17878847284846108,3.3683777400063937
013,08013012709,9706906,1823,378,Boulder,3.7478573598548297,486.4112544749068,0.20735052111903457,2.6870036149896013
013,08013012903,3872983,2304,494,Boulder,1.4953670964921921,1540.7587912056417,0.2144097222222222,3.1877346543914893
013,08013012904,3135349,5864,1195,Boulder,1.210565016840946,4844.019047653068,0.20378581173260574,3.6852058422072567
013,08013012905,1343391,2632,567,Boulder,0.5186861649337842,5074.359367838552,0.2154255319148936,3.7053812208562693
013,08013060900,7774636,5441,1234,Boulder,3.0018037418712322,1812.576859741086,0.22679654475280278,3.2582964312726665
013,08013012907,6492428,3594,797,Boulder,2.506740465306615,1433.7343852469367,0.22175848636616582,3.156468701048456
013,08013013003,12258156,7724,1738,Boulder,4.732900491964035,1631.9802229340203,0.2250129466597618,3.212714891475032
031,08031004404,1304208,5887,1572,Denver,0.503557524053653,11690.819258561516,0.26702904705282826,4.067844946320569
031,08031004403,1465389,4274,805,Denver,0.5657898560777563,7554.04140616587,0.18834815161441273,3.878179361007798
013,08013013005,1940404,3538,826,Boulder,0.7491941729415893,4722.407258065846,0.23346523459581683,3.6741634376990615
013,08013013006,3174558,5515,1322,Boulder,1.2257036963772008,4499.456121655361,0.23970988213961922,3.6531600209666677
013,08013013205,22817209,5331,911,Boulder,8.809773647957018,605.1233792182909,0.17088726317764022,2.7818439324223476
013,08013013207,5458991,4565,789,Boulder,2.1077282088372216,2165.8390208282076,0.1728368017524644,3.335626173912517
041,08041003914,52350052,7703,2507,El Paso,20.212468079631456,381.10140580815465,0.32545761391665584,2.5810405508020757
041,08041007302,23462456,6043,1433,El Paso,9.058904907482376,667.078423023148,0.23713387390369023,2.8241768934129907
041,08041007203,5063707,4188,1088,El Paso,1.9551082031801297,2142.0809309622377,0.2597898758357211,3.3308358750888982
041,08041004518,16880509,6598,1887,El Paso,6.517600963040715,1012.3356795568191,0.2859957562897848,3.0053245437353815
041,08041007204,9871646,5504,1398,El Paso,3.811463829461364,1444.0646025434867,0.2539970930232558,3.159586622527642
041,08041007105,12266867,8338,2550,El Paso,4.736263827867535,1760.4593627027991,0.30582873590789156,3.2456260045509766
041,08041007206,8765573,7441,2020,El Paso,3.384406656600443,2198.6128603925836,0.27146888859024326,3.3421487639687704
041,08041005116,1976000,4437,1127,El Paso,0.7629378653788492,5815.676742950404,0.25400045075501465,3.7646002588113547
031,08031003701,1873267,3746,402,Denver,0.7232724323201624,5179.237908990015,0.10731446876668446,3.7142658608515404
031,08031003702,706200,4759,466,Denver,0.27266534439804824,17453.62987183517,0.09791973103593192,4.2418857619180885
031,08031003703,681502,3276,451,Denver,0.2631293932851298,12450.148419755187,0.13766788766788768,4.095174528740709
031,08031003901,3003056,5266,825,Denver,1.1594864039742638,4541.666018635683,0.15666540068363083,3.6572151942613917
031,08031004102,3925730,4081,871,Denver,1.5157328270514725,2692.4270076928365,0.21342808135260966,3.430143938307654
031,08031004103,1899572,5494,1325,Denver,0.733428849601939,7490.842503648189,0.2411721878412814,3.874530666045037
031,08031004104,1963411,4519,1004,Denver,0.7580772253043278,5961.134102381009,0.22217304713432176,3.7753288918796355
005,08005082300,1228043,3752,909,Arapahoe,0.47415005314445247,7913.10677942059,0.24227078891257997,3.8983470261344673
005,08005080800,914502,3307,865,Arapahoe,0.3530911962371905,9365.852321558617,0.26156637435742364,3.971547305652144
005,08005006502,1937543,3302,582,Arapahoe,0.748089534665856,4413.910163139605,0.17625681405208965,3.6448234896661926
005,08005082600,2430797,5968,1553,Arapahoe,0.9385359688002584,6358.8399362349055,0.2602211796246649,3.803377893125643
005,08005005628,2568254,5837,1368,Arapahoe,0.9916084132139125,5886.396204608267,0.23436696933356177,3.7698494904656097
005,08005006711,2593043,4315,1199,Arapahoe,1.0011794996232628,4309.916455164839,0.2778679026651217,3.6344688517355435
001,08001009603,2141077,6246,1491,Adams,0.8266744514128291,7555.574010210748,0.23871277617675313,3.878267464042002
059,08059980700,31159309,0,0,Jefferson,12.030676465151805,0.0,,
059,08059060501,28136252,10399,2973,Jefferson,10.86346763190353,957.2449932524772,0.28589287431483795,2.9810231035039165
059,08059011807,580176,2558,238,Jefferson,0.2240072059635826,11419.275504984695,0.09304143862392494,4.057638551005417
059,08059011808,344124,2682,344,Jefferson,0.13286701922349753,20185.59621246992,0.12826249067859807,4.30504158148781
059,08059009855,7161158,3430,628,Jefferson,2.764938561822201,1240.5338937222164,0.18309037900874636,3.09360863451346
059,08059011101,2630152,3380,594,Jefferson,1.0155073646264732,3328.385512244159,0.1757396449704142,3.5222336229503783
059,08059011102,1302907,3242,693,Jefferson,0.503055205145324,6444.620723213553,0.21375694016039481,3.809197363479595
059,08059011551,2156822,4054,581,Jefferson,0.8327536298998686,4868.1865253321785,0.14331524420325603,3.6873672099381802
059,08059009853,3501267,2758,705,Jefferson,1.3518467465088093,2040.1720883840048,0.2556200145032632,3.309666801682493
059,08059009856,3409431,2983,449,Jefferson,1.3163886686723052,2266.0480684694894,0.15051961112973516,3.3552691180823815
059,08059011552,1703026,2962,539,Jefferson,0.6575420147392106,4504.655114965948,0.18197164078325456,3.653661546169506
059,08059009854,15158176,5599,1222,Jefferson,5.852604473925558,956.6680996374498,0.2182532595106269,2.9807612925343694
059,08059009858,260263632,3358,491,Jefferson,100.48835011833317,33.41680897383311,0.14621798689696247,1.523964976041451
059,08059009857,8887800,2946,557,Jefferson,3.431598765138733,858.4919746236413,0.18906992532247116,2.9337362396332676
059,08059980800,4579309,17,3,Jefferson,1.768081089762223,9.61494362359037,0.17647058823529413,0.9829467421329603
041,08041004009,472433,1460,427,El Paso,0.1824074010903471,8004.061190899027,0.2924657534246575,3.9033104001501067
005,08005005627,2596145,4613,1121,Arapahoe,1.0023771885192168,4602.060035718344,0.24300888792542813,3.6629522799152245
005,08005081300,1174975,3412,866,Arapahoe,0.45366038379226387,7521.0446446264805,0.25381008206330596,3.8762781666405677
005,08005084000,883774,2454,595,Arapahoe,0.34122704910795904,7191.692471084237,0.24246128769356154,3.8568311079567232
041,08041004100,2485191,5247,1280,El Paso,0.9595376096147407,5468.258823233305,0.24394892319420622,3.737849062377457
041,08041004701,2235336,4948,1148,El Paso,0.8630680547796029,5733.035735245171,0.23201293451899757,3.758384648834054
041,08041004702,1015060,2188,555,El Paso,0.3919168571009386,5582.816764210982,0.2536563071297989,3.746853373937125
041,08041001302,3054641,5392,937,El Paso,1.1794034838252598,4571.802673086624,0.1737759643916914,3.6600874772265204
001,08001009608,1339319,2892,545,Adams,0.5171139569439954,5592.577731011058,0.1884508990318119,3.7476120290520063
001,08001009607,2225160,4884,1060,Adams,0.8591390792137652,5684.760614625465,0.21703521703521703,3.754712181260141
014,08014030500,4921819,5794,1661,Broomfield,1.9003249401017521,3048.952249024192,0.28667587159130137,3.484150622742655
014,08014031000,3502330,5886,1759,Broomfield,1.3522571731033932,4352.722334977001,0.2988447162759089,3.6387609639105665
041,08041005201,1627803,4079,991,El Paso,0.6284982520634043,6490.073737847884,0.2429517038489826,3.812249631123716
041,08041001600,1578303,3648,211,El Paso,0.6093861952130738,5986.351559415397,0.057839912280701754,3.777162217988781
041,08041001700,785530,1733,233,El Paso,0.30329482863919405,5713.912128919328,0.13444893248701673,3.7569335573244826
005,08005081200,1337017,4849,1178,Arapahoe,0.5162251497749154,9393.18822826486,0.24293668797690246,3.9728130251661007
005,08005007101,1197664552,6272,1547,Arapahoe,462.42086879696143,13.56340170441982,0.24665178571428573,1.132368624352896
005,08005007500,856638,2625,703,Arapahoe,0.33074978093239205,7936.513193145762,0.26780952380952383,3.8996297425313706
041,08041003906,4907947,6306,1358,El Paso,1.8949689309577564,3327.759045005987,0.21535045987947987,3.5221518725427376
041,08041004703,2330930,6287,1455,El Paso,0.8999771045280976,6985.733268510851,0.2314299347860665,3.844211999248181
041,08041004800,2386918,4904,1014,El Paso,0.9215941921833766,5321.214089231385,0.20676998368678629,3.7260107323134473
005,08005005551,3105119,3171,785,Arapahoe,1.1988931485866938,2644.939629305672,0.24755597603279722,3.4224157637214376
005,08005005630,2583009,5314,1128,Arapahoe,0.9973053505639453,5328.3580570334825,0.2122694768535943,3.7265934010287958
005,08005005552,2103423,2782,566,Arapahoe,0.8121361607331858,3425.5339615569474,0.203450754852624,3.5347282775753452
005,08005005553,2464733,3909,806,Arapahoe,0.9516387316542546,4107.651223069598,0.20619084164748017,3.6135935609411174
005,08005005611,4013229,5012,1015,Arapahoe,1.5495163798261606,3234.5576111704568,0.20251396648044692,3.5098148908268256
005,08005005612,3875699,3661,833,Arapahoe,1.4964157499549293,2446.512608618471,0.22753346080305928,3.3885474583298896
005,08005005614,2327961,3215,655,Arapahoe,0.8988307672192364,3576.869102897342,0.20373250388802489,3.5535030472416294
005,08005005619,3813633,4700,1094,Arapahoe,1.472451933379725,3191.9547887801473,0.2327659574468085,3.5040567313245696
005,08005005620,983598,2613,219,Arapahoe,0.37976931098730027,6880.492773907633,0.08381171067738231,3.8376195430792865
001,08001009553,7630952,3528,760,Adams,2.946327039316022,1197.4230806431492,0.21541950113378686,3.078247625030104
005,08005005621,2594389,3026,650,Arapahoe,1.0016991931287285,3020.8669636126265,0.21480502313284863,3.4801315997383138
041,08041001800,1281858,1967,309,El Paso,0.49492814080910974,3974.314325276279,0.15709201830198272,3.599262212128262
005,08005005622,5452036,3491,679,Arapahoe,2.1050428683242104,1658.3985307525481,0.19450014322543685,3.2196889043255874
005,08005005624,1998744,2203,479,Arapahoe,0.7717193728738778,2854.664632554244,0.2174307762142533,3.4555550944430995
005,08005005625,1875830,4079,828,Arapahoe,0.724262012152635,5631.93972838157,0.2029909291493013,3.7506579984473793
005,08005005626,2013684,3546,704,Arapahoe,0.7774877391232503,4560.843626934514,0.1985335589396503,3.659045182277408
005,08005005629,2567686,2308,583,Arapahoe,0.9913891071878319,2328.0465593845975,0.25259965337954937,3.3669916616658284
005,08005084700,1738397,4940,1214,Arapahoe,0.6711988341907871,7359.965107740061,0.245748987854251,3.8668757554309945
005,08005083400,2634817,7265,1858,Arapahoe,1.0173085311963073,7141.392976874675,0.25574673090158295,3.8537829321074457
005,08005005631,1673406,3182,668,Arapahoe,0.6461056688016996,4924.891010322659,0.2099308610936518,3.6923966238408985
005,08005007703,1839892,4701,1217,Arapahoe,0.7103862727771365,6617.526520638167,0.2588810891299723,3.8206956904711165
041,08041002000,3446170,6759,1401,El Paso,1.3305736758768365,5079.763806048453,0.2072791833111407,3.7058435193479826
013,08013013202,63330974,1379,225,Boulder,24.45222576716771,56.395684103800455,0.16316171138506164,1.7512458692027788
013,08013012401,1118147,5878,406,Boulder,0.43171897032376727,13615.338690333203,0.06907111262334127,4.134028449165758
013,08013012510,50711625,4318,763,Boulder,19.579867878235163,220.53264234739075,0.17670217693376564,2.343472881069755
031,08031004110,6465796,5541,1414,Denver,2.4964577926189784,2219.5448352391572,0.25518859411658545,3.346263922283347
031,08031004108,2302497,7604,2721,Denver,0.8889990618528362,8553.43984745257,0.35783798001052075,3.932140805527299
031,08031012016,990616,2659,441,Denver,0.3824789759363027,6952.01610360624,0.1658518239939827,3.842110769438773
031,08031003501,4665474,3238,953,Denver,1.8013495822573486,1797.5411501982435,0.2943174799258802,3.2546788412521193
031,08031004308,791214,4132,401,Denver,0.305489433308634,13525.836082930788,0.09704743465634076,4.131164119987889
031,08031004309,1332722,3633,623,Denver,0.5145668410037605,7060.307253598274,0.17148362235067438,3.8488236012839163
031,08031001705,377140,4401,140,Denver,0.14561456809158865,30223.624309566738,0.03181095205635083,4.480346542175954
031,08031001602,970382,5167,104,Denver,0.37466658485934135,13790.928278111092,0.020127733694600348,4.13959349985917
031,08031001703,272487,3487,86,Denver,0.1052078188884041,33143.92444252386,0.024663034126756526,4.52040393023978
031,08031980200,1671280,252,18,Denver,0.6452848156125319,390.5252283997894,0.07142857142857142,2.5916490950658284
031,08031001707,638897,2478,94,Denver,0.24667951081829484,10045.422871887018,0.037933817594834544,4.001968223519464
031,08031004307,614543,1988,329,Denver,0.23727637884793226,8378.415119332576,0.16549295774647887,3.9231618742358947
031,08031002704,344920,2423,49,Denver,0.13317435654173718,18194.193408703468,0.02022286421791168,4.259932807055319
031,08031002706,340238,3286,75,Denver,0.13136662623520692,25013.963547457955,0.02282410225197809,4.398182512618384
031,08031002804,204354,2209,71,Denver,0.0789015205170189,27996.92560453918,0.03214124038026256,4.447110343260391
031,08031002102,2977258,3114,213,Denver,1.1495257404868937,2708.9432540075463,0.06840077071290944,3.432799907680081
031,08031000704,720670,2715,579,Denver,0.27825224263288223,9757.333756990021,0.2132596685082873,3.9893311606156554
031,08031004310,1289540,2347,442,Denver,0.49789417759141763,4713.853074871659,0.18832552194290583,3.673376041962827
031,08031001601,1278840,2995,245,Denver,0.49376288449447747,6065.664500211129,0.08180300500834725,3.7828783852465704
031,08031001603,949345,6613,599,Denver,0.36654415374903015,18041.482676403204,0.09057916225616211,4.25627222565163
031,08031001704,489769,2383,82,Denver,0.1891008681117073,12601.740138983887,0.03441040704993705,4.100430519766574
031,08031005003,978109,2744,606,Denver,0.37764999623878587,7265.98709738894,0.22084548104956267,3.861294622326894
031,08031004112,1569577,6127,1522,Denver,0.6060170677771953,10110.27630372387,0.2484086828790599,4.0047630245863415
031,08031001706,477572,2449,70,Denver,0.18439158008335413,13281.517512312279,0.028583095140873826,4.123247699246718
031,08031002405,569896,4526,498,Denver,0.22003807577325135,20569.167332039528,0.1100309323906319,4.313216711217335
031,08031004109,4644254,3284,1088,Denver,1.793156494452015,1831.4073591237689,0.3313032886723508,3.262784954974944
031,08031004111,5444225,6848,2348,Denver,2.102027024363444,3257.807782977375,0.3428738317757009,3.512925456505667
031,08031004113,2718834,1756,547,Denver,1.0497476762547764,1672.7829360527342,0.311503416856492,3.2234395896231405
031,08031005004,1131438,4687,887,Denver,0.4368506541136206,10729.067144262433,0.1892468529976531,4.03056196318578
031,08031006903,936328,2475,370,Denver,0.36151826195063114,6846.1271821947,0.1494949494949495,3.8354449628726
031,08031006902,1053097,3638,606,Denver,0.40660302490732286,8947.301857454726,0.16657504123144584,3.951692089496591
031,08031002604,230082,2097,61,Denver,0.08883515685328765,23605.51919172295,0.029089175011921792,4.373013556964716
031,08031004407,4307778,4941,1035,Denver,1.6632423845374333,2970.7035161770173,0.20947176684881602,3.4728593102643055
031,08031003005,905917,3144,426,Denver,0.34977650920567355,8988.596767518437,0.13549618320610687,3.9536918982193425
031,08031002705,229175,2675,72,Denver,0.08848496219544422,30231.12553398058,0.02691588785046729,4.480454316681533
031,08031004406,1700468,3965,988,Denver,0.6565543654175309,6039.103856203115,0.24918032786885247,3.780972498359449
031,08031002707,315263,2996,127,Denver,0.12172372482435836,24613.114693319545,0.04238985313751669,4.391166575447167
031,08031002404,371688,1415,193,Denver,0.14350953912294215,9859.971738797056,0.1363957597173145,3.99387567014384
041,08041004707,903532,3389,899,El Paso,0.34885565555743037,9714.61963139103,0.26526999114783123,3.987425800795615
031,08031003502,2078926,2727,767,Denver,0.8026778161541445,3397.378057694213,0.2812614594792813,3.531143877524935
031,08031012015,1507923,4014,728,Denver,0.5822123252913312,6894.39200379595,0.18136522172396613,3.8384959730442882
031,08031002805,359752,3784,278,Denver,0.13890102375798166,27242.419800974003,0.07346723044397463,4.435245681050428
031,08031003801,1176699,3666,230,Denver,0.4543260239136774,8069.095334711765,0.06273867975995635,3.906824846597375
031,08031000503,514451,2269,449,Denver,0.19863064159008822,11423.212359563884,0.1978845306302336,4.057788250481837
041,08041004200,1965695,4066,1028,El Paso,0.7589590826345531,5357.337560130131,0.2528283325135268,3.728949011667457
041,08041004501,13565108,5938,1327,El Paso,5.237517480340865,1133.7432327984413,0.22347591781744694,3.0545147078149513
041,08041002101,2732103,3972,660,El Paso,1.0548708657971406,3765.3898015265167,0.1661631419939577,3.575809941994656
041,08041002102,2621420,4989,1284,El Paso,1.0121359205776432,4929.179864649693,0.25736620565243534,3.6927746657505143
041,08041002200,1729443,2719,443,El Paso,0.6677416754627495,4071.9339527755465,0.1629275468922398,3.609800725080728
041,08041002700,2130532,3172,529,El Paso,0.8226030041504708,3856.0520494036227,0.16677175283732662,3.586142887423796
041,08041004515,11208052,6520,2172,El Paso,4.32745307081738,1506.659897473709,0.33312883435582824,3.1780152288772823
031,08031015500,591740,3399,380,Denver,0.2284720913255467,14877.090590276133,0.11179758752574287,4.172518007545104
041,08041006502,2591739,7873,2356,El Paso,1.000676022408458,7867.6812711580915,0.29925060332782927,3.895846757833338
031,08031000703,477774,2603,381,Denver,0.18446957271938982,14110.72819016941,0.14636957356895888,4.149549426285328
031,08031002708,318865,3011,77,Denver,0.12311446479960868,24456.91499289668,0.025572899368980405,4.388401674038793
031,08031002709,203506,2284,117,Denver,0.07857410588653244,29068.10041590911,0.05122591943957969,4.463416651796436
031,08031003205,607923,3196,148,Denver,0.23472038255804967,13616.201393202757,0.04630788485607009,4.134055966309095
031,08031003204,248528,2159,186,Denver,0.09595719727068555,22499.615051382538,0.08615099583140343,4.35217508777845
031,08031003006,1214967,3644,644,Denver,0.4691013813186965,7768.043636444447,0.17672886937431395,3.8903116565258244
031,08031000705,736183,3134,720,Denver,0.2842418454191282,11025.822026235324,0.2297383535417996,4.04241097801739
031,08031000504,1079452,3648,619,Denver,0.41677874729702913,8752.845541330229,0.16968201754385964,3.942149264679094
031,08031000404,683430,2956,155,Denver,0.2638737982468962,11202.324822088582,0.05243572395128552,4.049308161297857
031,08031000403,971806,3682,506,Denver,0.3752163943331771,9813.004057414752,0.1374253123302553,3.9918019784138354
031,08031003802,1012138,3970,341,Denver,0.39078866659353123,10158.943540011342,0.08589420654911839,4.006848546668434
031,08031000706,675099,2872,517,Denver,0.2606571811636618,11018.30376273702,0.18001392757660167,4.042114741232256
031,08031006818,1259085,4221,491,Denver,0.486135436351482,8682.765510120444,0.11632314617389244,3.9386580724685074
031,08031006815,1154635,2017,403,Denver,0.44580706588649166,4524.378715239015,0.1998016856717898,3.655558950597945
031,08031006816,1847835,5511,941,Denver,0.713453082222837,7724.404221269756,0.17074941027036836,3.887864992512007
031,08031007091,757393,3497,28,Denver,0.2924310722028759,11958.373553320402,0.008006863025450386,4.077672115701612
031,08031015800,6175356,2893,994,Denver,2.3843182816773627,1213.3447208922044,0.3435879709643968,3.0839842049162938
031,08031007090,204903,1542,276,Denver,0.07911349060208621,19490.986787016293,0.17898832684824903,4.289833827075927
031,08031002603,289792,3250,71,Denver,0.11188931674284791,29046.56221531305,0.021846153846153845,4.463094739161181
031,08031980001,103458747,0,0,Denver,39.945645541978955,0.0,,
031,08031006817,912242,2048,399,Denver,0.35221860535877136,5814.570749077547,0.19482421875,3.764517659186922
041,08041006702,8551123,3013,454,El Paso,3.3016070486902738,912.5858878921517,0.15068038499834052,2.9602737486159607
041,08041003913,43131939,1566,289,El Paso,16.653334752181546,94.03522017083442,0.18454661558109833,1.9732905457380125
041,08041003712,21784853,5422,1423,El Paso,8.411178767921063,644.6183287268451,0.26244928070822576,2.8093026498448883
041,08041007104,4017115,4316,1012,El Paso,1.5510167728144513,2782.6907327173853,0.2344763670064875,3.444464941678006
041,08041004405,4037733,3663,1530,El Paso,1.5589774271203123,2349.6170863526636,0.4176904176904177,3.3709970917040937
041,08041007402,19168825,2749,709,El Paso,7.40112471018255,371.4300336296043,0.2579119679883594,2.5698770176381496
041,08041007802,3983717,2110,234,El Paso,1.5381217329217778,1371.8029950671696,0.11090047393364928,3.137291746721713
041,08041007801,1221687,1720,274,El Paso,0.47169598782443833,3646.416430067603,0.15930232558139534,3.56186626469008
041,08041006701,6398365,2500,271,El Paso,2.4704225379629254,1011.972632852299,0.1084,3.005168767877356
041,08041003713,259083065,4505,876,El Paso,100.03253065127006,45.03534970743842,0.1944506104328524,1.6535535394661671
041,08041007301,15117748,7203,1909,El Paso,5.836995135857979,1234.025355914783,0.26502846036373734,3.091324083376915
041,08041003002,1139244,2655,392,El Paso,0.439864567563594,6035.948780112074,0.14764595103578154,3.7807455457806447
041,08041007103,2806404,5207,1416,El Paso,1.0835586422827246,4805.4621105051165,0.2719416170539658,3.6817351573307784
041,08041003401,149105305,2310,342,El Paso,57.569880118098304,40.12514869340162,0.14805194805194805,1.603416654798702
041,08041007205,8474416,5899,1383,El Paso,3.271990310411116,1802.8781996175312,0.23444651635870487,3.2559663872765907
041,08041000104,5645429,3484,514,El Paso,2.1797123230808966,1598.3760623399921,0.14753157290470723,3.2036789668331727
031,08031004602,1906083,6688,1707,Denver,0.735942760756535,9087.663275775503,0.25523325358851673,3.958452226797638
031,08031004603,1867748,5324,1203,Denver,0.7211415345068901,7382.739372570603,0.2259579263711495,3.8682175371137406
031,08031004700,2389463,6172,1446,Denver,0.9225768221769945,6689.957791738143,0.23428386260531434,3.82542337772701
041,08041004512,2475062,2635,735,El Paso,0.9556267808503569,2757.352611712353,0.27893738140417457,3.4404923074655382
041,08041004519,2518596,5482,1479,El Paso,0.9724353522225243,5637.392745410538,0.26979204669828527,3.7510782922661563
041,08041007603,37416948,10167,2947,El Paso,14.446764390744637,703.7561993129423,0.28985934887380743,2.847422233529803
041,08041007502,143218566,9264,2145,El Paso,55.29699748312744,167.5317001221755,0.23154145077720206,2.224096995764207
041,08041007401,12037336,6828,1547,El Paso,4.6476414133036315,1469.1322743736653,0.22656707674282367,3.1670608995645284
041,08041007501,15125569,1227,279,El Paso,5.840014840840332,210.10220580594356,0.2273838630806846,2.322430611969592
041,08041002402,2478718,3512,599,El Paso,0.9570383703421712,3669.654330311072,0.17055808656036447,3.564625157028992
041,08041004406,2050653,2567,1102,El Paso,0.7917615498242577,3242.1377377693834,0.42929489676665367,3.510831461309077
041,08041003001,2183885,1878,345,El Paso,0.8432027126178584,2227.222436428658,0.18370607028753994,3.3477635929161362
041,08041005120,2259185,5636,1468,El Paso,0.8722762051598763,6461.256155631345,0.2604684173172463,3.8103169589278005
041,08041001902,707312,2276,433,El Paso,0.27309468999840314,8334.10565402538,0.19024604569420034,3.920859001841125
041,08041001901,1002835,2126,312,El Paso,0.3871967582121449,5490.748450004237,0.14675446848541862,3.739631547647179
041,08041002801,1102265,3072,704,El Paso,0.4255868958410006,7218.267362131611,0.22916666666666666,3.858432964139115
041,08041002401,1671581,2807,312,El Paso,0.6454010323622683,4349.233824008528,0.11115069469184183,3.638412756882825
041,08041007106,2888207,6720,2272,El Paso,1.11514295716207,6026.13320277944,0.3380952380952381,3.7800387271701834
041,08041005125,3359506,5394,1195,El Paso,1.2971125184045729,4158.467306008682,0.22154245457916202,3.618933291396937
041,08041003402,50613464,1446,203,El Paso,19.54196770424556,73.99459572772967,0.14038727524204703,1.8692000017399886
041,08041003910,469232378,2591,582,El Paso,181.17163402730833,14.301355805012244,0.22462369741412583,1.1553772116415455
041,08041007604,13007287,3684,1037,El Paso,5.0221415881326195,733.5516005174637,0.28148751357220414,2.8654306690065514
041,08041004404,1569010,3277,1572,El Paso,0.6057981478532733,5409.392570136583,0.4797070491303021,3.73314850018074
001,08001008551,8737960,1788,543,Adams,3.373745217695227,529.9748157098453,0.3036912751677852,2.7242552325100116
123,08123000600,4736003,1784,290,Weld,1.8285809814007217,975.619903163068,0.1625560538116592,2.989280651569658
123,08123000701,3275606,1663,454,Weld,1.2647185472986593,1314.9170647904539,0.27300060132291043,3.1188983616168633
123,08123000800,1824013,3267,562,Weld,0.7042553566008456,4638.942351490916,0.17202326293235384,3.6664189755398957
123,08123000900,1494108,3057,774,Weld,0.5768783239703753,5299.211069260054,0.25318940137389595,3.72421121794599
001,08001008535,15299363,4389,1217,Adams,5.907117079390763,743.0020331428177,0.2772841193893825,2.870990002160977
001,08001008540,15304184,10376,3152,Adams,5.908978477897337,1755.9718720945853,0.3037779491133385,3.2445175549117993
123,08123001201,1503898,4584,1249,Weld,0.5806582641029963,7894.488519992711,0.2724694589877836,3.89732399753107
001,08001007801,641536,3936,1144,Adams,0.24769843441482056,15890.290180067836,0.29065040650406504,4.201131828135733
123,08123001300,4724168,7376,2178,Weld,1.824011462353779,4043.834236919601,0.2952819956616052,3.6067933448748013
014,08014980200,394934,0,0,Broomfield,0.15248486990158422,0.0,,
001,08001009326,1279781,2619,435,Adams,0.49412620662571305,5300.265326716055,0.1660939289805269,3.724297610552578
123,08123001202,1474996,3052,740,Weld,0.5694991395153548,5359.095015661059,0.24246395806028834,3.7290914570644147
123,08123001404,17751245,2965,753,Weld,6.853794012204944,432.60710705925135,0.2539629005059022,2.636093649941865
123,08123000100,1491496,2653,489,Weld,0.5758698251321316,4606.943938052801,0.18431963814549568,3.6634129273509095
014,08014030600,2530470,6745,1758,Broomfield,0.9770199292536521,6903.646279920331,0.26063750926612306,3.839078531459452
123,08123002105,40549962,5543,1336,Weld,15.65642785904527,354.03989019101914,0.24102471585783872,2.5490521973756177
123,08123001914,121425672,1812,411,Weld,46.88271406774914,38.64963955332279,0.22682119205298013,1.5871454480413327
123,08123001910,42563720,2059,481,Weld,16.433944169728257,125.2894605661817,0.23360854783875667,2.0979145393863
123,08123001911,32981039,1055,244,Weld,12.734050350524583,82.84873790816596,0.23127962085308057,1.91828589689906
123,08123001909,33871597,495,119,Weld,13.077896716676433,37.85012305295201,0.2404040404040404,1.5780672957550128
123,08123002108,37183641,6698,1795,Weld,14.356684054429888,466.5422721992179,0.26799044490892804,2.668891000174954
123,08123002106,85475799,4844,1213,Weld,33.00239050132165,146.77724632723232,0.2504128819157721,2.1666587356860925
123,08123002104,81438469,1689,354,Weld,31.443568673371246,53.71527696315116,0.20959147424511546,1.7300978193537824
123,08123002107,35306762,6570,1836,Weld,13.632017021112889,481.9536235778291,0.27945205479452057,2.683005249871106
123,08123001912,17442765,1976,475,Weld,6.734689218322319,293.40626359181016,0.2403846153846154,2.467469380858062
123,08123001913,31968948,8927,2760,Weld,12.343279830732506,723.227547492961,0.30917441469698664,2.859274959912458
005,08005006501,1682484,2133,213,Arapahoe,0.6496107041974027,3283.5050072571266,0.09985935302390998,3.516337682911562
005,08005006857,1999192,2233,517,Arapahoe,0.7718923466409273,2892.890452557833,0.2315270935960591,3.4613319881760076
031,08031980100,4225561,9,3,Denver,1.6314982233644308,5.516401961775016,0.3333333333333333,0.7416559042442967
069,08069000201,983869,2669,278,Larimer,0.37987394467227886,7026.014912137693,0.10415886099662795,3.846709067211236
069,08069000503,1292450,6019,525,Larimer,0.4990177348729219,12061.695565855545,0.08722379132746304,4.081408362790418
069,08069001308,27155807,6098,1389,Larimer,10.484915701022272,581.5974275697275,0.22777959986880944,2.7646224769521797
069,08069002010,24121105,2452,368,Larimer,9.31321070813719,263.2819203647594,0.1500815660685155,2.42042103701944
069,08069001808,45004518,5146,768,Larimer,17.376341546216597,296.14979576183885,0.14924212980956084,2.4715114374681426
069,08069002801,28293302,3161,401,Larimer,10.924104975910488,289.36009009164076,0.1268585890540968,2.461438630970236
069,08069002503,829801864,2836,537,Larimer,320.38829089450917,8.851759195325211,0.18935119887165022,0.9470295907992814
014,08014030700,1319415,3120,648,Broomfield,0.5094289795793696,6124.504347153852,0.2076923076923077,3.78707094723964
014,08014030400,2317757,3807,879,Broomfield,0.8948909807929583,4254.14947933282,0.23089046493301812,3.628812745770957
031,08031003202,507637,3429,223,Denver,0.1959997414814387,17494.92103449906,0.06503353747448236,4.242911986581216
031,08031003203,1683151,3100,638,Denver,0.6498682343371839,4770.197766569963,0.20580645161290323,3.678536384731852
031,08031003300,1288718,3329,697,Denver,0.49757680161705453,6690.424451423818,0.2093721838389907,3.8254536709911053
031,08031003401,1128054,2998,421,Denver,0.4355440844089435,6883.344550686404,0.14042695130086724,3.8377995090156976
014,08014030100,1076688,2261,462,Broomfield,0.41571156093067935,5438.867263970621,0.2043343653250774,3.73550845994984
014,08014030000,1615867,3402,720,Broomfield,0.6238897366984438,5452.886623849611,0.21164021164021163,3.7366264679511945
014,08014030300,2678892,3759,642,Broomfield,1.0343259838362733,3634.2507669178153,0.1707901037509976,3.560414890757164
031,08031004601,1963145,5666,1420,Denver,0.7579745221301422,7475.185292609563,0.25061771973173314,3.8736219622888433
013,08013060700,9961604,3055,559,Boulder,3.846196807444031,794.2911278193752,0.1829787234042553,2.8999797115351553
005,08005007702,2770244,4424,1099,Arapahoe,1.0695971882280186,4136.136527554973,0.24841772151898733,3.6165948657205944
005,08005007704,843588,4793,1299,Arapahoe,0.32571114776275945,14715.492647157142,0.27102023784686,4.167774806045582
031,08031003402,2735576,4860,1090,Denver,1.0562117985939325,4601.349849026311,0.2242798353909465,3.662885254722183
031,08031003602,1999338,4337,987,Denver,0.7719487175560817,5618.248856906636,0.22757666589808623,3.74960097210082
013,08013013302,3774455,5166,889,Boulder,1.4573252230103868,3544.8504688120534,0.17208672086720866,3.5495979202131727
013,08013013305,1965696,5045,1009,Boulder,0.7589594687367117,6647.258790245287,0.2,3.822642587001562
013,08013013307,1952838,3803,808,Boulder,0.7539949671815289,5043.800244736122,0.21246384433342097,3.702757878391391
013,08013013308,1963964,3535,496,Boulder,0.7582907397980294,4661.800302271325,0.14031117397454032,3.668553665692674
013,08013013401,3157701,3791,700,Boulder,1.2191951722898065,3109.428323014117,0.1846478501714587,3.492680550125831
013,08013013208,3229327,5832,987,Boulder,1.2468501255011553,4677.386544478153,0.169238683127572,3.6700032619754333
013,08013013210,5591439,5605,1301,Boulder,2.1588666675384856,2596.2696466061775,0.232114183764496,3.414349795967948
013,08013013211,52397086,7042,1662,Boulder,20.230628008558696,348.08608002780915,0.23601249644987218,2.54168665618292
013,08013013402,5656646,8046,1701,Boulder,2.184043230993829,3683.993011593796,0.21140939597315436,3.5663187976841138
013,08013012103,2307672,3810,645,Boulder,0.8909971405235525,4276.107999360394,0.16929133858267717,3.6310486654174596
013,08013012710,19225713,3752,688,Boulder,7.423089289780562,505.4499351321847,0.18336886993603413,2.703678145144405
013,08013012707,30454124,2070,377,Boulder,11.758403014444728,176.04431464520206,0.1821256038647343,2.2456220040833625
013,08013012605,1213031,1681,86,Boulder,0.46835388753966134,3589.1663221385106,0.0511600237953599,3.554993584026556
013,08013012201,5303263,3482,423,Boulder,2.047601291883923,1700.526373860772,0.12148190695002872,3.2305833718955435
013,08013013201,58577698,2428,489,Boulder,22.616975643181622,107.35299176625206,0.2014003294892916,2.0308141520742646
013,08013013601,138103636,3925,763,Boulder,53.32211196907773,73.60923742623257,0.19439490445859872,1.8669323185699125
041,08041007000,5615971,4764,1175,El Paso,2.1683385256930774,2197.073908686494,0.2466414777497901,3.3418446666587074
013,08013013602,494936327,968,101,Boulder,191.09598422056078,5.065517226582561,0.10433884297520661,0.7046237966226943
013,08013013306,1989501,4580,1006,Boulder,0.7681506306220071,5962.372245000128,0.21965065502183406,3.7754190865746455
031,08031004801,1401480,3077,639,Denver,0.541114453224266,5686.412517103347,0.20766980825479364,3.7548383621084183
031,08031005001,1542074,2869,667,Denver,0.5953981001094248,4818.624714241988,0.2324851864761241,3.682923103748711
041,08041004502,10836500,6921,1804,El Paso,4.1839960415880055,1654.1602647819868,0.26065597457014883,3.2185775842604336
041,08041004902,4090323,5385,1027,El Paso,1.5792825396406935,3409.7761893987345,0.19071494893221913,3.532725873743511
041,08041005800,1390101,3047,591,El Paso,0.5367209967616415,5677.065027051991,0.19396127338365607,3.75412386881201
041,08041001500,1748264,2453,373,El Paso,0.6750085041896197,3634.0282896805056,0.15205870362821036,3.5603883038207544
041,08041005700,3146182,5861,1151,El Paso,1.214747661524979,4824.870370725533,0.1963828698174373,3.683485649693313
041,08041002502,3921512,3754,670,El Paso,1.5141042481465292,2479.3537199274156,0.17847629195524772,3.394338490323289
041,08041003303,5275347,5522,1110,El Paso,2.036822864024654,2711.0850420683223,0.20101412531691415,3.4331431408640447
041,08041005501,4051760,6953,1395,El Paso,1.5643932820988897,4444.534555064959,0.20063282036530994,3.647826287072057
069,08069000600,1968757,8151,71,Larimer,0.7601413274441635,10723.005980225085,0.008710587657956079,4.0303165481948735
069,08069000700,1299915,2660,320,Larimer,0.5018999874868152,5299.860662120215,0.12030075187969924,3.7242644517766794
069,08069000300,7089399,2834,442,Larimer,2.7372322570237593,1035.352404870991,0.1559633027522936,3.0150881965962006
069,08069000901,2943201,5676,846,Larimer,1.1363762592717077,4994.824516694578,0.14904862579281183,3.6985202347501964
069,08069000902,1938651,3528,639,Larimer,0.7485173358575766,4713.317689506775,0.18112244897959184,3.6733267132902654
069,08069001004,1840158,3615,752,Larimer,0.7104889759513221,5088.045166583521,0.20802213001383127,3.7065509578901463
069,08069001007,2801525,3006,399,Larimer,1.0816748498509516,2779.023659849546,0.13273453093812376,3.44389224425789
069,08069001008,1639786,1871,314,Larimer,0.6331249142298186,2955.1830262058584,0.16782469267771247,3.4705843836300376
069,08069002700,13403936,7356,1762,Larimer,5.17528862323619,1421.3700018531867,0.23953235454051114,3.1527071453774753
069,08069001902,3082484,4591,791,Larimer,1.1901537262269517,3857.4848768103907,0.17229361794815945,3.5863042320959972
069,08069001003,3034769,5961,947,Larimer,1.1717308617297089,5087.34573330293,0.15886596208689818,3.7064912530556713
069,08069001301,51008747,3732,655,Larimer,19.694587323800494,189.49368872989567,0.17550911039657022,2.2775947499482885
123,08123002207,14527702,4084,1354,Weld,5.609177101589088,728.0925394284657,0.331537708129285,2.862186580973793
069,08069001109,2109200,5121,1197,Larimer,0.8143666729033748,6288.322165422909,0.23374340949033393,3.7985347835213785
069,08069001009,6896869,6372,1332,Larimer,2.6628960084299385,2392.883529746614,0.20903954802259886,3.378921560452407
069,08069001010,2878020,2961,419,Larimer,1.1112097344724876,2664.6634817374443,0.1415062478892266,3.4256423701158525
069,08069001104,2649275,5714,1067,Larimer,1.0228907962052383,5586.129058153645,0.18673433671683584,3.7471109651273395
069,08069001106,2160271,5312,1019,Larimer,0.8340852962448543,6368.653210786979,0.19182981927710843,3.8040476011007605
069,08069001107,2609924,5786,1114,Larimer,1.0076972901624635,5741.8036710877395,0.19253370203940545,3.75904833862706
069,08069001110,2597969,5042,812,Larimer,1.0030814388564897,5026.511113342768,0.1610472034906783,3.7012666470935
069,08069001111,2246156,2729,306,Larimer,0.8672456801355741,3146.7438380014564,0.11212898497618175,3.4978613904281604
035,08035014133,4110475,6300,1715,Douglas,1.5870632703406504,3969.5959938936494,0.2722222222222222,3.5987463086394498
069,08069002300,101117992,3593,681,Larimer,39.04187498374269,92.02939155704357,0.18953520734762036,1.9639265507422812
069,08069001112,6524652,4713,1181,Larimer,2.5191822212651007,1870.8452132665466,0.25058349246764267,3.2720378570857798
069,08069001113,2608267,3545,819,Larimer,1.0070575188856756,3520.1564295181433,0.2310296191819464,3.5465619631846725
069,08069001114,8587935,2432,447,Larimer,3.315820241352382,733.4535116439516,0.18379934210526316,2.8653725922402025
069,08069001304,3896642,2838,711,Larimer,1.5045018874623328,1886.3386105728985,0.25052854122621565,3.2756196542039056
069,08069001305,2849150,3130,649,Larimer,1.100062965153921,2845.2916779741327,0.2073482428115016,3.45412679362796
069,08069001306,9375409,4596,889,Larimer,3.61986565258788,1269.660379996222,0.19342906875543953,3.103687567555584
069,08069001601,5845339,1668,275,Larimer,2.25689800560513,739.0675147292569,0.16486810551558753,2.8686841135437504
069,08069001708,3931804,4109,938,Larimer,1.5180780115627637,2706.7120192130633,0.2282793867120954,3.43244205144108
069,08069001602,3038150,5780,1238,Larimer,1.1730362731279103,4927.383860507216,0.21418685121107267,3.692616396658174
069,08069001706,4776496,6476,1261,Larimer,1.8442154161086093,3511.5203698192145,0.19471896232242125,3.545495192038771
069,08069001707,3381158,5472,1218,Larimer,1.3054724023424185,4191.586118696612,0.2225877192982456,3.6223783934317537
069,08069000100,1844767,3200,216,Larimer,0.712268520800275,4492.687668415578,0.0675,3.6525062274960947
069,08069001804,3089345,3646,704,Larimer,1.1928027731370552,3056.666267140769,0.19308831596269885,3.4852480241852866
069,08069001807,3799377,5829,1116,Larimer,1.46694766100683,3973.556899773305,0.1914565105506948,3.599179436323754
069,08069001901,4339466,3890,681,Larimer,1.6754771897389136,2321.7266244049383,0.17506426735218508,3.3658110816808
123,08123001412,5245954,3430,759,Weld,2.0254741632771434,1693.4306357432795,0.22128279883381924,3.2287674122998764
123,08123001409,2872639,3757,888,Weld,1.1091321187571013,3387.333155774185,0.23635879691243014,3.5298579130895207
123,08123001415,2213519,3589,907,Weld,0.8546444639855896,4199.407064854649,0.2527166341599331,3.6231879745311515
123,08123002008,3859565,6148,1753,Weld,1.4901863777281974,4125.65843567345,0.2851333767078725,3.615493269773197
123,08123002016,15202953,3864,907,Weld,5.869892970280856,658.2743534785643,0.23473084886128365,2.8184069352079697
123,08123001413,1419325,2859,674,Weld,0.5480044462443497,5217.1109552005355,0.23574676460300806,3.717430073202903
123,08123000704,1727367,1069,369,Weld,0.6669401273815114,1602.8425283046392,0.3451824134705332,3.204890857071741
123,08123002020,5055879,6136,1919,Weld,1.9520857954826674,3143.3044665348993,0.3127444589308996,3.4973864496564246
123,08123002021,18148694,796,181,Weld,7.007249929035389,113.59663321008111,0.22738693467336685,2.0553654598965547
123,08123001905,7053458,4712,1345,Weld,2.723355359341785,1730.218564329723,0.2854414261460102,3.23810096745641
123,08123002011,3849429,2277,678,Weld,1.4862728462487036,1532.0201844143637,0.2977602108036891,3.185264487177807
123,08123002015,6445888,1375,383,Weld,2.4887712708457186,552.4814658973286,0.27854545454545454,2.742317713319085
123,08123002017,6357720,753,167,Weld,2.454729415726932,306.75478738132534,0.22177954847277556,2.486791349286795
123,08123002204,1520453,2069,525,Weld,0.5870501853384956,3524.400556669624,0.2537457709038183,3.5470852611660804
123,08123002205,2520869,4812,1177,Weld,0.9733129624290052,4943.93908819538,0.24459684123025768,3.6940731113882856
123,08123002206,3797879,3680,757,Weld,1.4663692799732584,2509.5997647107765,0.20570652173913043,3.3996044649721178
123,08123002210,19818976,2593,831,Weld,7.652149414693645,338.8590393989074,0.3204782105669109,2.530019075363983
123,08123001003,1247004,4778,1550,Weld,0.48147093617352554,9923.755809588421,0.32440351611552953,3.996676069198212
123,08123001414,1404381,2272,562,Weld,0.5422345355863429,4190.068781847661,0.24735915492957747,3.6222211521624086
123,08123002012,8104731,1306,328,Weld,3.129254133911835,417.3518493901895,0.25114854517611024,2.6205023423087472
041,08041004601,185506311,4324,927,El Paso,71.62438710963812,60.370499134339425,0.21438482886216467,1.7808247665507269
041,08041006301,2546042,4946,1278,El Paso,0.983032312067255,5031.370728393325,0.25839061868176305,3.7016863187894042
041,08041006802,2127455,3940,1004,El Paso,0.8214149678084816,4796.601175301005,0.2548223350253807,3.680933609529752
041,08041006801,1907349,4228,983,El Paso,0.736431566089313,5741.198768070238,0.2324976348155156,3.7590025829905493
123,08123002208,101603055,10618,3152,Weld,39.22915885509606,270.66601247354225,0.29685439819174986,2.432433724843653
123,08123001906,44362191,1578,415,Weld,17.12833770499433,92.12802941991751,0.2629911280101394,1.9643917818844436
123,08123002010,40459227,2170,610,Weld,15.621394879685376,138.91205085801565,0.28110599078341014,2.142739923161079
041,08041001400,1972627,3365,415,El Paso,0.7616355427979166,4418.123644333165,0.12332838038632987,3.6452378657455147
001,08001008533,3353028,7706,1822,Adams,1.2946113486212105,5952.365556046654,0.2364391383337659,3.774689594933456
001,08001008534,2341347,4344,1063,Adams,0.903999130714156,4805.314355300603,0.24470534069981584,3.681721803722935
001,08001008603,1862824,2118,616,Adams,0.7192403674779805,2944.773535760759,0.29084041548630785,3.4690519015166075
001,08001008604,2176257,4551,1032,Adams,0.8402575253521145,5416.196657200872,0.2267633487145682,3.7336944248031254
001,08001008605,1982546,4103,1001,Adams,0.765465290108996,5360.138536674558,0.24396782841823056,3.7291760144942216
001,08001008606,3837624,6101,1534,Adams,1.4817149102665186,4117.526224327866,0.25143419111621046,3.6146363738514133
031,08031008388,8813341,14773,3945,Denver,3.402849984512091,4341.360937813481,0.2670412238543288,3.6376258942893664
123,08123001005,8037168,7975,2368,Weld,3.1031679137708474,2569.9543890646555,0.2969278996865204,3.409925415645181
001,08001009309,1280593,3782,834,Adams,0.4944397215784902,7649.061826841158,0.22051824431517716,3.883608171308935
001,08001008705,2441945,5399,1604,Adams,0.9428402356642479,5726.31480475195,0.2970920540840897,3.757875219726191
001,08001008901,7948893,2478,721,Adams,3.0690847457210917,807.4068347101917,0.2909604519774011,2.9070924213987426
001,08001009321,1309072,4383,1168,Adams,0.505435524953047,8671.729199104404,0.26648414328085784,3.9381057072511667
001,08001008402,1736030778,5325,1390,Adams,670.2852307688779,7.944379132286329,0.26103286384976526,0.9000599619640187
001,08001007900,1637884,5490,1457,Adams,0.6323905479241756,8681.344175716962,0.26539162112932607,3.938586974358565
001,08001008401,497963958,5537,1463,Adams,192.26495908508244,28.798799460642893,0.26422250316055623,1.45937438364515
001,08001008802,12057268,4375,1234,Adams,4.655337201528698,939.7815476316856,0.28205714285714284,2.9730269135105014
001,08001009103,4211367,4383,1453,Adams,1.6260178893253685,2695.5422992415524,0.3315080994752453,3.430646151294708
001,08001009408,3815939,4802,1147,Adams,1.4733422849574396,3259.2562156313293,0.23885880882965432,3.513118502429265
001,08001009606,1859410,3442,994,Adams,0.7179222147085456,4794.391271758245,0.2887855897733876,3.6807334740512934
001,08001988700,67648980,0,0,Adams,26.11941720458323,0.0,,
001,08001008706,1886782,5572,1649,Adams,0.7284906029935404,7648.6916606794,0.2959440057430007,3.8835871536972184
001,08001008801,3891999,5138,1529,Adams,1.5027092151399877,3419.1578438689216,0.29758660957571037,3.5339191502668914
001,08001009001,2109475,4770,1317,Adams,0.8144728509969879,5856.548802284929,0.2761006289308176,3.7676417665879804
001,08001009101,1848229,4220,1001,Adams,0.7136052064733224,5913.63398377582,0.23720379146919432,3.771854440963583
001,08001009104,2607431,6470,1748,Adams,1.0067347374810922,6426.717743134909,0.27017001545595054,3.807989226424976
001,08001009202,1753932,4386,1211,Adams,0.6771969312245222,6476.697985132832,0.2761057911536708,3.8113536459425212
001,08001009203,2654937,4594,1190,Adams,1.0250769066271892,4481.614960106398,0.2590335219851981,3.6514345412029874
001,08001009204,2522236,6918,1626,Adams,0.9738407640798011,7103.830785453859,0.23503902862098872,3.851492607919911
001,08001009304,3437698,5809,1355,Adams,1.3273026183892405,4376.545272734836,0.23325873644344983,3.641131425342576
001,08001009306,1712098,3863,886,Adams,0.661044733521962,5843.780010799615,0.22935542324618172,3.7666938585466383
001,08001009307,1785528,3828,954,Adams,0.6893962150274119,5552.684967740634,0.24921630094043887,3.744503034421072
001,08001009308,1466860,4372,1105,Adams,0.5663578123530459,7719.501531788991,0.25274473924977126,3.8875892577213973
059,08059009815,5467572,5182,1142,Jefferson,2.111041351460104,2454.7126925845696,0.22037823234272483,3.3900006682199084
001,08001009310,1486671,6201,1630,Adams,0.5740068822169226,10803.00636126621,0.26286082889856477,4.033544631821949
001,08001009316,2256541,8150,2440,Adams,0.8712553510525576,9354.31844424719,0.29938650306748466,3.9710121502876135
001,08001009318,1280936,6414,2026,Adams,0.4945721546188874,12968.785120833516,0.3158715310258809,4.112899294508893
001,08001009319,681481,3026,854,Adams,0.2631212851397994,11500.39989502275,0.2822207534699273,4.060712942021629
035,08035014005,2606515,4761,1284,Douglas,1.0063810679038214,4730.812365058325,0.2696912413358538,3.6749357232682276
059,08059011728,1277508,2713,516,Jefferson,0.49324859641923224,5500.269072624203,0.1901953556948028,3.7403839356574373
059,08059011729,1935776,3815,608,Jefferson,0.747407292151623,5104.31198633003,0.15937090432503276,3.707937211520441
059,08059011730,1921566,3706,777,Jefferson,0.7419207804780231,4995.142470079092,0.20966001079330815,3.698547879566366
059,08059011731,13006543,4364,728,Jefferson,5.021854328126627,869.0017102961178,0.16681943171402383,2.9390206311914002
123,08123001600,240893607,4486,1127,Weld,93.00954165384181,48.2316106523325,0.251226036558181,1.6833317650473354
123,08123000200,889467,3193,343,Weld,0.34342512869682634,9297.51416885618,0.10742248668963357,3.968366848870361
123,08123002502,1363487701,6391,1447,Weld,526.445544570473,12.139907091842554,0.22641214207479268,1.0842153630444693
123,08123001500,169556192,8197,2183,Weld,65.46601173393032,125.21001024645564,0.2663169452238624,2.097639051086963
123,08123000502,1355032,3577,892,Weld,0.5231807801619599,6837.024859538373,0.24937098126922003,3.8348671590050123
123,08123002300,290631969,5867,1516,Weld,112.21363058689872,52.28420085255659,0.25839440940855635,1.7183704743520853
123,08123001700,170058773,5049,1279,Weld,65.66005934289791,76.89606208901672,0.25331748861160625,1.885904099791025
123,08123002501,6369301684,5889,1460,Weld,2459.2011289194684,2.394680097836295,0.24791985056885718,0.37924750479697567
123,08123001800,323122251,4955,1271,Weld,124.7581986003789,39.71682867810301,0.2565085771947528,1.5989745635246078
123,08123001100,2518217,5033,1181,Weld,0.9722890195044178,5176.444348374266,0.23465130141068946,3.714031549299764
031,08031000201,2079465,3913,691,Denver,0.8028859252176258,4873.668695760688,0.17659085100945565,3.6878560032046055
031,08031003003,1087788,3188,275,Denver,0.41999729489105647,7590.525079041136,0.08626097867001255,3.880271819511104
031,08031004201,1904500,4906,1245,Denver,0.7353315610394829,6671.820250805986,0.2537708927843457,3.824244337219811
031,08031007006,1838348,4431,930,Denver,0.7097901310442696,6242.690347752438,0.2098849018280298,3.795371793429185
031,08031012010,3057388,5121,774,Denver,1.1804641064549135,4338.124278406927,0.15114235500878734,3.6373019895069496
031,08031000303,1463503,5479,761,Denver,0.5650616674066508,9696.286823252156,0.13889395875159702,3.986605453760464
059,08059011803,1928462,5275,1162,Jefferson,0.7445833409636773,7084.499088003808,0.22028436018957345,3.8503091487251275
059,08059011804,1916211,4111,731,Jefferson,0.7398532034187602,5556.507670715803,0.17781561663828752,3.744801918224356
059,08059011951,2975415,4472,771,Jefferson,1.1488141542086077,3892.7096986201923,0.17240608228980323,3.590252017129841
031,08031003902,2192999,4606,1101,Denver,0.8467216476912707,5439.804229121855,0.23903603994789405,3.735583270333843
031,08031004002,2367835,3448,887,Denver,0.9142262046909552,3771.495481433461,0.2572505800464037,3.576513591731218
031,08031004003,2615057,4408,786,Denver,1.0096791525425188,4365.74330459336,0.17831215970961886,3.640058196632857
031,08031004004,1428118,1968,397,Denver,0.551399442524854,3569.1004528197245,0.20172764227642276,3.552558771405187
059,08059012023,2116605,3453,771,Jefferson,0.8172257593877525,4225.270630953815,0.22328410078192876,3.6258545309817465
059,08059012024,8041712,5750,1255,Jefferson,3.104922361979492,1851.898157071529,0.2182608695652174,3.2676170994960145
031,08031004202,1952597,4467,939,Denver,0.7539019165613081,5925.173954159512,0.2102081934184016,3.7727011050994563
031,08031004302,1104052,2699,485,Denver,0.42627686039840545,6331.565821981211,0.17969618377176733,3.801511126091972
031,08031004005,1056271,3751,322,Denver,0.40782851315869556,9197.4932575163,0.0858437749933351,3.963669478131375
031,08031004006,1953043,5373,1048,Denver,0.7540741181240403,7125.29427925038,0.1950493206774614,3.8528028056932286
031,08031004101,4693585,4802,986,Denver,1.8122033000375435,2649.813075553122,0.2053311120366514,3.4232152387975345
031,08031004303,2495203,4341,1212,Denver,0.9634032644265692,4505.901277575412,0.2791983413959917,3.653781672280418
059,08059012038,3269866,3605,841,Jefferson,1.2625023209083381,2855.4402952750966,0.2332871012482663,3.4556730838831586
059,08059012039,2535610,5272,1184,Jefferson,0.9790044943488178,5385.062101790101,0.22458270106221548,3.7311907160479727
059,08059012041,3137228,5682,1159,Jefferson,1.2112905027969414,4690.864814740911,0.20397747272087294,3.671252917266487
059,08059012043,4733372,5878,1229,Jefferson,1.8275651466214646,3216.3012141407858,0.20908472269479414,3.50735671467636
031,08031000800,1655100,1127,534,Denver,0.6390376826865047,1763.589269512416,0.4738243123336291,3.2463974477151134
031,08031000902,1874238,5345,1194,Denver,0.7236473375161556,7386.1945216936165,0.2233863423760524,3.8684207409788804
031,08031000903,1980812,5780,1490,Denver,0.7647957889659965,7557.572993196729,0.2577854671280277,3.878382350410155
059,08059012046,1374701,2327,516,Jefferson,0.5307750235193165,4384.155050421873,0.22174473571121617,3.6418859050456307
059,08059012047,1733094,4180,922,Jefferson,0.669151334443771,6246.718469857953,0.22057416267942584,3.795651933392423
059,08059012048,2362001,2479,463,Jefferson,0.9119736846977263,2718.280188996533,0.18676885841064947,3.4342942199695075
059,08059012049,2631281,3840,899,Jefferson,1.0159432739635241,3779.738592115399,0.23411458333333332,3.5774617649357614
059,08059012051,2611930,3616,820,Jefferson,1.0084718110926,3585.6232769484627,0.22676991150442477,3.5545646585287427
059,08059012053,2457715,3877,824,Jefferson,0.9489290667052522,4085.6583869447836,0.2125354655661594,3.6112620512667974
059,08059012054,2349225,4139,910,Jefferson,0.9070408435195481,4563.190323315136,0.2198598695337038,3.6592685828734246
059,08059012044,4055873,4057,905,Jefferson,1.5659813202771808,2590.7077865283254,0.22307123490263742,3.4134184304095587
059,08059012055,2465634,3877,839,Jefferson,0.9519866096991465,4072.5362736196853,0.2164044364199123,3.6098649612095737
059,08059012057,3827568,5783,1123,Jefferson,1.4778322669597121,3913.163983012189,0.19418986685111533,3.592528047600427
059,08059012026,23130932,3495,648,Jefferson,8.930902775457144,391.33781744937903,0.1854077253218884,2.592551818552319
059,08059012036,146553912,3729,866,Jefferson,56.58478177338042,65.90111127289458,0.2322338428533119,1.8188927380479831
031,08031000905,1312927,3269,689,Denver,0.5069239487744213,6448.699075873981,0.21076781890486387,3.8094721113556043
123,08123000401,1799042,3562,754,Weld,0.6946139995986313,5128.027943661126,0.2116788321167883,3.709950383075653
123,08123000300,627761,1547,20,Weld,0.24237987718020837,6382.543047704461,0.012928248222365869,3.804993752629043
123,08123000402,1636432,3605,860,Weld,0.6318299275898993,5705.649325208747,0.23855755894590847,3.7563050759774153
031,08031001000,2486719,3683,1015,Denver,0.9601275737130701,3835.948576871773,0.2755905511811024,3.58387277656679
031,08031001101,898886,2743,492,Denver,0.34706182492860943,7903.4909718585,0.17936565803864382,3.8978189615350582
031,08031001102,1328939,5274,406,Denver,0.5131062165378049,10278.57357797461,0.0769814182783466,4.011932849075836
031,08031003603,1984692,3583,548,Denver,0.7662938653413355,4675.7519041392825,0.15294445994976277,3.669851459392761
059,08059011904,2654781,3126,483,Jefferson,1.0250166746904488,3049.706484964296,0.15451055662188098,3.484258043250277
014,08014980100,111948,0,0,Broomfield,0.04322336445011711,0.0,,
035,08035014138,1885400,2961,441,Douglas,0.7279570098103655,4067.5478910098655,0.14893617021276595,3.609332674990304
035,08035014134,3177432,5849,1856,Douglas,1.2268133539809958,4767.636398006314,0.3173191998632245,3.678303126690066
035,08035014132,3305674,6161,1828,Douglas,1.2763278670032197,4827.129579538091,0.2967050803441,3.6836889571826905
035,08035014140,3918206,5433,1492,Douglas,1.5128277944102222,3591.287798964628,0.27461807472851096,3.555250210053361
035,08035013910,5167471,8222,2432,Douglas,1.9951717075643256,4120.948572409985,0.29579177815616636,3.614997194758045
123,08123002013,7795512,3437,1042,Weld,3.00986401053401,1141.9120558175011,0.30317137038114633,3.0576326580745605
123,08123000705,85571644,1481,302,Weld,33.03939646271195,44.825274023133176,0.20391627278865632,1.651522953144893
041,08041003308,1671881,6111,1273,El Paso,0.645516863009846,9466.832472053933,0.2083128784159712,3.9762046917781673
041,08041006902,2469055,5019,1349,El Paso,0.9533074651836916,5264.8281727584035,0.2687786411635784,3.7213842017626084
001,08001061200,10617615,3819,1105,Adams,4.099484070604479,931.5806414237095,0.2893427598847866,2.969220455162972
031,08031015400,2648852,4487,692,Denver,1.0227274749921536,4387.288021214473,0.15422331178961443,3.6421961463534607
005,08005004952,1321698,3014,295,Arapahoe,0.5103104508074363,5906.208652460698,0.09787657597876576,3.7713087855026903
123,08123001406,7357210,7472,1803,Weld,2.8406346622185845,2630.398093559923,0.24130085653104924,3.420021481095394
123,08123001405,3847538,5229,1434,Weld,1.4855427270668051,3519.9256842141644,0.2742398164084911,3.5465334943655136
123,08123001006,2788774,4934,1351,Weld,1.0767516612267383,4582.3008012624905,0.2738143494122416,3.6610835946832783
123,08123000703,5451124,7245,2518,Weld,2.1046907431555737,3442.3109540252617,0.34755003450655625,3.536850098855452
013,08013012608,879737,2247,269,Boulder,0.339668354693721,6615.276250936359,0.11971517578994215,3.820547984842826
013,08013013505,1291650,3950,925,Boulder,0.49870885314604785,7920.4529357798165,0.23417721518987342,3.898750017686123
041,08041003306,168779452,3248,785,El Paso,65.16611074326515,49.84185741567641,0.2416871921182266,1.697594218449428
041,08041004403,319927028,2204,476,El Paso,123.5245161028944,17.842611892234373,0.2159709618874773,1.2514584289277801
041,08041003305,13322543,7325,1553,El Paso,5.143862610241867,1424.0271475010438,0.2120136518771331,3.153518268723252
041,08041003307,2201938,3660,735,El Paso,0.8501730148869294,4305.0060821875995,0.20081967213114754,3.6339737693689176
041,08041003802,48510326,2865,21,El Paso,18.729941582627575,152.96363778610763,0.007329842931937173,2.1845882034600486
041,08041007602,66299182,3868,854,El Paso,25.598257283119345,151.10403638886524,0.22078593588417786,2.1792760656493986
041,08041004602,1782997663,4669,1111,El Paso,688.4192464497453,6.78220433853143,0.23795245234525594,0.8313708703373451
041,08041004603,378760816,9811,3196,El Paso,146.24036864786999,67.08817880255596,0.3257568035878096,1.8266460025371332
041,08041004706,2994876,5524,1474,El Paso,1.1563280883169769,4777.1908819062955,0.2668356263577118,3.679172594706503
041,08041003801,26296734,3750,820,El Paso,10.153225761333708,369.3407482655451,0.21866666666666668,2.5674272247119663
005,08005007400,1934558,5333,1480,Arapahoe,0.7469370197224574,7139.825526363127,0.2775173448340521,3.853687599190244
005,08005007600,1326879,3584,927,Arapahoe,0.5123108460911043,6995.752729706325,0.25864955357142855,3.8448344506033916
059,08059009847,5019174,3323,790,Jefferson,1.9379139157515284,1714.7304495779583,0.23773698465242252,3.234195859969764
059,08059012034,22261041,3999,806,Jefferson,8.595035982616924,465.26855828036076,0.20155038759689922,2.667703704958122
059,08059009837,21948285,7944,2200,Jefferson,8.474280215904157,937.4247484867269,0.2769385699899295,2.9719364149291687
059,08059009828,4144384,5315,929,Jefferson,1.6001556084363646,3321.551961558099,0.17478833490122295,3.521341050828882
059,08059012058,577215556,3955,712,Jefferson,222.86417214479027,17.74623512580801,0.18002528445006322,1.2491062313339703
059,08059012027,54877925,3114,543,Jefferson,21.18848530157924,146.96661680520901,0.174373795761079,2.1672186967633196
059,08059010403,4082985,5434,937,Jefferson,1.5764493220009417,3446.9867975855896,0.17243283032756718,3.537439620005944
059,08059012050,3452821,4127,798,Jefferson,1.3331416413336354,3095.695064983096,0.193360794766174,3.490758174841147
059,08059010603,1943853,3607,500,Jefferson,0.750525839286575,4805.963780579086,0.1386193512614361,3.6817804934853773
059,08059012045,2914554,6017,1388,Jefferson,1.1253155907345074,5346.944492320265,0.23067974073458533,3.728105675627526
059,08059012030,34181557,3842,798,Jefferson,13.197572941753776,291.1141326481997,0.20770432066631964,2.4640632895409817
059,08059012035,29664576,5161,1307,Jefferson,11.453556827332308,450.6023829806298,0.25324549505909705,2.6537934841312683
059,08059009841,1288574,2337,399,Jefferson,0.4975212029062172,4697.2872439378725,0.17073170731707318,3.67184711854877
059,08059009848,34314474,2614,539,Jefferson,13.24889248236742,197.29951039144586,0.20619739862280032,2.2951260075301576
059,08059011702,2566570,5730,1021,Jefferson,0.9909582171788426,5782.282139314338,0.1781849912739965,3.7620992787144227
005,08005007201,1322307,3817,951,Arapahoe,0.5105455870220192,7476.31572385989,0.24914854597851716,3.8736876332946615
005,08005007202,1663433,3899,1095,Arapahoe,0.6422550719740563,6070.796744377441,0.28084124134393434,3.7832456925545497
059,08059010701,2208517,4159,627,Jefferson,0.8527131809883097,4877.37271186502,0.1507573936042318,3.6881859441340135
059,08059012032,31154323,2647,524,Jefferson,12.028751359789062,220.05609068025646,0.19795995466565924,2.342533393404395
059,08059009846,27531040,5060,1146,Jefferson,10.629793972297426,476.02051490245185,0.22648221343873517,2.677625669772896
059,08059009845,43102569,4014,675,Jefferson,16.641994931783685,241.19704497288777,0.1681614349775785,2.3823719827391328
059,08059009806,5773352,4266,930,Jefferson,2.2291036695145294,1913.7737101877728,0.2180028129395218,3.2818905843150317
059,08059980000,2859291,0,0,Jefferson,1.1039784271442081,0.0,,
059,08059009829,3327645,1780,410,Jefferson,1.2848109175296563,1385.41786632889,0.2303370786516854,3.1415807839923295
059,08059010306,1483811,2714,580,Jefferson,0.572902630043348,4737.279701080529,0.21370670596904937,3.675529027339263
059,08059012033,56553796,2821,500,Jefferson,21.835542712201875,129.1930334492489,0.1772421127259837,2.1112390955776297
059,08059012022,5208074,5540,1179,Jefferson,2.0108486135096584,2755.0557325798363,0.2128158844765343,3.44013038870761
059,08059009827,4390342,6305,1355,Jefferson,1.6951205231594675,3719.4995363800813,0.21490880253766853,3.57048450891143
059,08059011723,1400256,3310,483,Jefferson,0.5406418641821488,6122.352372780405,0.1459214501510574,3.78691832185558
059,08059009840,1914740,3705,728,Jefferson,0.7392852471434705,5011.5973696428755,0.19649122807017544,3.6999761726241345
059,08059012031,47969560,3779,719,Jefferson,18.521150662734126,204.0369990404331,0.19026197406721354,2.309708927338248
059,08059012037,40131436,3466,642,Jefferson,15.49483406701817,223.68745512271227,0.1852279284477784,2.349641628603773
059,08059012042,2546429,3935,894,Jefferson,0.9831817336026304,4002.3119485561933,0.22719186785260484,3.602310935438812
059,08059009839,1824597,2353,527,Jefferson,0.7044808402614636,3340.0482533019617,0.22396940076498087,3.5237527410604863
059,08059009842,6544557,3434,775,Jefferson,2.5268675847318853,1358.994836432779,0.22568433313919628,3.133217806612545
059,08059010100,7015433,4736,686,Jefferson,2.708673824761304,1748.457107203504,0.14484797297297297,3.2426549827514575
059,08059010205,2208316,2572,503,Jefferson,0.8526355744544326,3016.529074154242,0.19556765163297046,3.4795075155247597
059,08059012052,2433626,5558,1167,Jefferson,0.9396282518069167,5915.105244347324,0.20996761424973012,3.7719624762053137
059,08059009807,1744770,1727,290,Jefferson,0.6736594632474974,2563.6097972626762,0.1679212507237985,3.408851922644042
059,08059060400,5231316,5420,1033,Jefferson,2.019822399879666,2683.40424401814,0.19059040590405904,3.4286861023111426
059,08059010211,1787565,3214,607,Jefferson,0.6901827051244649,4656.737956684092,0.18886123210952085,3.668081800061132
059,08059009830,883433,2155,397,Jefferson,0.341095388271879,6317.880786715008,0.1842227378190255,3.8005714268618966
059,08059010206,3225950,4053,762,Jefferson,1.2455462585115884,3253.9939583161545,0.18800888230940044,3.512416742247923
059,08059010208,2987062,5804,1176,Jefferson,1.1533110860497349,5032.467016232003,0.20261888352860097,3.7017809371194845
059,08059010209,2554579,6637,1313,Jefferson,0.9863284661951596,6728.9956920768545,0.19783034503540756,3.8279502502660945
059,08059010210,2799144,3739,679,Jefferson,1.080755540611343,3459.6167768753585,0.18159935811714362,3.5390279944847185
059,08059010212,2274166,4512,876,Jefferson,0.878060401597751,5138.5986565272715,0.19414893617021275,3.710844699011859
059,08059010308,4889865,6507,1135,Jefferson,1.8879874317260863,3446.527180560199,0.1744275395727678,3.5373817078471106
059,08059010213,2774094,4751,854,Jefferson,1.0710836815385998,4435.694504443613,0.17975163123552937,3.6469616277379244
059,08059010303,3057933,5634,1140,Jefferson,1.1806745321313463,4771.848504116997,0.20234291799787008,3.678686647305426
059,08059009831,1845115,2768,395,Jefferson,0.7124028843514653,3885.441876782748,0.14270231213872833,3.5894404166338996
059,08059009832,1332724,2567,559,Jefferson,0.5145676132080776,4988.654423849199,0.21776392676275808,3.697983420352588
059,08059009833,2536468,5601,1256,Jefferson,0.9793357700008901,5719.182502641468,0.22424567041599713,3.7573339553726024
059,08059009834,1842285,4499,810,Jefferson,0.7113102152426484,6324.947826688053,0.18004000889086463,3.8010569474486564
059,08059009835,1856431,3584,724,Jefferson,0.7167720163780984,5000.195205876222,0.20200892857142858,3.698986959372024
059,08059009836,6180738,4106,901,Jefferson,2.386396283494908,1720.585984984317,0.21943497320993668,3.2356763810378038
059,08059010304,1350995,2764,542,Jefferson,0.5216220857477218,5298.8553888356355,0.19609261939218525,3.7241820673369967
059,08059010305,1661536,3565,633,Jefferson,0.6415226361792062,5557.091517818452,0.17755960729312764,3.7448475490899082
059,08059010307,1488574,4656,920,Jefferson,0.5747416346247243,8101.031349573484,0.19759450171821305,3.9085403128188463
005,08005083202,2800743,3334,1056,Arapahoe,1.0813729179629323,3083.1177150991716,0.3167366526694661,3.488990106640891
059,08059010402,4026522,6187,1044,Jefferson,1.5546488358203314,3979.676861710925,0.16874090835623082,3.599847810045253
059,08059010405,1609580,2715,340,Jefferson,0.6214623124273725,4368.728313379888,0.1252302025782689,3.640355037232172
059,08059010406,2786524,3080,598,Jefferson,1.075882931369905,2862.764999978468,0.19415584415584416,3.4567856989117747
059,08059009838,4377641,5428,1185,Jefferson,1.6902166396431837,3211.422650025436,0.21831245394252027,3.5066974661067194
059,08059010502,5946655,5436,949,Jefferson,2.2960163319050912,2367.578977754721,0.17457689477557028,3.3743044751223983
059,08059010503,3964477,4806,908,Jefferson,1.5306931273904574,3139.754085257652,0.1889305035372451,3.496895634188523
059,08059010504,2313045,3003,643,Jefferson,0.8930716674216702,3362.552087974942,0.2141192141192141,3.526669020547975
059,08059010604,1875430,2497,467,Jefferson,0.724107571289198,3448.382669931695,0.1870244293151782,3.537615453851684
059,08059010702,1669995,5187,996,Jefferson,0.6447886743387405,8044.4961371560985,0.1920185078079815,3.9054988474772374
059,08059010801,2081809,2512,413,Jefferson,0.8037909486773668,3125.1907030472053,0.1644108280254777,3.4948765236814068
059,08059010901,4540433,5207,979,Jefferson,1.7530709822447796,2970.216296280553,0.18801613212982524,3.4727880765430426
059,08059010902,2651184,3165,542,Jefferson,1.0236278652259914,3091.943964715387,0.1712480252764613,3.490231614600939
059,08059011000,3914474,5707,1023,Jefferson,1.511386861154355,3776.0021253864497,0.1792535482740494,3.57703223007607
059,08059011202,3896693,5424,819,Jefferson,1.504521578672421,3605.1327391303344,0.15099557522123894,3.5569212598489406
059,08059011300,1284657,3011,385,Jefferson,0.49600884075101026,6070.45631574031,0.12786449684490203,3.783221338185541
059,08059011601,1924279,3728,886,Jefferson,0.7429682756342847,5017.710879804851,0.23766094420600858,3.700505633677921
059,08059011602,1984653,4245,984,Jefferson,0.7662788073571504,5539.759104966964,0.23180212014134274,3.74349087995258
059,08059011701,3858316,4653,783,Jefferson,1.4897041361321153,3123.439001841736,0.16827852998065765,3.494633028955896
059,08059011708,2507799,4199,815,Jefferson,0.9682666072162007,4336.615523768053,0.1940938318647297,3.6371509201179517
059,08059011709,1776073,3449,644,Jefferson,0.6857456191179194,5029.561843116809,0.1867207886343868,3.701530152569848
059,08059011710,1933466,4113,737,Jefferson,0.7465153961652743,5509.5983567489675,0.17918794067590565,3.741119940447904
059,08059011711,2169927,4281,809,Jefferson,0.8378134986882237,5109.729082549781,0.18897453865919178,3.7083978744844712
059,08059011712,2427630,4188,708,Jefferson,0.9373131832639958,4468.090361661373,0.16905444126074498,3.6501219476069737
005,08005004951,149488,1599,146,Arapahoe,0.057717639483680874,27703.83567838221,0.09130706691682301,4.442539902589068
005,08005086500,6105790,5351,1269,Arapahoe,2.3574586989127146,2269.817071437111,0.2371519342179032,3.355990858044814
005,08005080600,1254776,3674,624,Arapahoe,0.48447172215010675,7583.5179475380455,0.1698421339139902,3.8798707189268042
005,08005007106,166810192,6492,2061,Arapahoe,64.40577520643522,100.7984141048168,0.31746765249537895,2.0034536992628293
005,08005083800,1293771,3102,673,Arapahoe,0.49952777582442265,6209.864896662546,0.21695680206318504,3.793082151662537
059,08059011720,15469960,5147,1006,Jefferson,5.972984949340173,861.7132043114526,0.19545366232756947,2.9353627478320354
059,08059011721,2543931,2719,489,Jefferson,0.9822172504104663,2768.2266818911357,0.17984553144538434,3.4422016503308197
059,08059011724,9271465,7559,1874,Jefferson,3.5797326498151376,2111.610206530467,0.24791639105701813,3.324613752509234
059,08059011725,1004142,1740,355,Jefferson,0.3877013937334253,4487.9900565856215,0.20402298850574713,3.652051886043386
059,08059011726,5614859,5767,1134,Jefferson,2.167909180092723,2660.1667878694725,0.19663603259927173,3.4249088669996897
059,08059011727,2556004,3735,643,Jefferson,0.9868786617711539,3784.6598013344264,0.17215528781793843,3.5780268473649195
005,08005086001,1648713,4012,1252,Arapahoe,0.6365716481995742,6302.511290515692,0.3120638085742772,3.799513632357888
005,08005007108,26627696,3226,997,Arapahoe,10.28101090394581,313.7823731673968,0.30905145691258523,2.4966285432944275
005,08005007112,5575392,7916,2602,Arapahoe,2.152670886199551,3677.292265505277,0.32870136432541686,3.5655281482947494
005,08005007110,24214391,7369,2040,Arapahoe,9.349228634103653,788.1933674313758,0.2768353915049532,2.8966327760001835
005,08005087301,526348,4977,1276,Arapahoe,0.20322409897086363,24490.205764000242,0.2563793449869399,4.388992434034248
005,08005005701,1103307,1739,298,Arapahoe,0.42598921429025405,4082.2629814639076,0.17136285221391603,3.6109009787533393
005,08005006864,12076450,3203,253,Arapahoe,4.6627434131348195,686.9346468813269,0.07898844832969092,2.836915421413423
005,08005005702,1164046,2619,381,Arapahoe,0.449440673301006,5827.242961266135,0.145475372279496,3.7654631259565408
005,08005083201,2398245,6292,1893,Arapahoe,0.9259675713337542,6795.054378564325,0.3008582326764145,3.8321929365969787
005,08005086802,767987,2909,661,Arapahoe,0.2965214384710052,9810.420504500726,0.22722585080783775,3.991687622963062
005,08005007113,8560030,7952,2652,Arapahoe,3.3050460606168577,2406.017905395191,0.3335010060362173,3.38129885500108
005,08005006863,6789318,6669,1704,Arapahoe,2.621370335171153,2544.0892156752707,0.255510571300045,3.4055323370062878
005,08005007111,63186297,1790,620,Arapahoe,24.39636566516902,73.37158429936161,0.3463687150837989,1.8655278968182916
005,08005006854,2038939,3194,706,Arapahoe,0.7872387491385048,4057.2189866101926,0.22103944896681277,3.6082284491905856
005,08005006862,5580946,1810,394,Arapahoe,2.154815297588374,839.9791861630625,0.2176795580110497,2.924268524816023
005,08005083700,2039108,4399,794,Arapahoe,0.787304000403307,5587.422390520756,0.1804955671743578,3.747211503817369
005,08005081002,1432773,3686,893,Arapahoe,0.5531967480731022,6663.090505934994,0.2422680412371134,3.8236757124068417
005,08005081102,353649,2357,511,Arapahoe,0.1365446422840914,17261.75381598704,0.2168010182435299,4.2370849184887325
005,08005007109,29124854,2355,639,Arapahoe,11.245168998092428,209.4232643724154,0.2713375796178344,2.3210249248468893
005,08005081001,967326,2026,480,Arapahoe,0.37348665666268255,5424.557916214389,0.23692003948667326,3.734364350378285
005,08005081101,2084902,3490,699,Arapahoe,0.8049851626538934,4335.483636113352,0.2002865329512894,3.637037551357678
005,08005087302,1717957,2654,688,Arapahoe,0.6633069060691557,4001.164431903709,0.2592313489073097,3.602186399517222
005,08005980000,12409981,130,31,Arapahoe,4.791520452192346,27.131262674777666,0.23846153846153847,1.4334700060700256
005,08005083600,953488,3692,726,Arapahoe,0.368143774992079,10028.690557322168,0.19664138678223186,4.001244231040941
005,08005006860,1174547,1742,269,Arapahoe,0.45349513206838626,3841.2760729200277,0.15442020665901263,3.5844755210774815
005,08005006861,2643396,4220,1138,Arapahoe,1.0206209016148726,4134.73797501396,0.26966824644549764,3.61644799282177
005,08005006859,1673292,3561,598,Arapahoe,0.6460616531556201,5511.857858467021,0.16793035664139286,3.7412980093205803
005,08005086002,1721221,3850,1211,Arapahoe,0.6645671435148017,5793.244576669701,0.3145454545454546,3.7629218637408806
005,08005086801,941468,4342,924,Arapahoe,0.3635028270457968,11944.886468387665,0.21280515891294335,4.077182026301294
041,08041004507,2248508,3150,799,El Paso,0.8681537924125837,3628.38937931286,0.2536507936507936,3.5597138870465144
041,08041002501,14783825,3550,715,El Paso,5.7080667447542845,621.9268552286028,0.20140845070422536,2.793739310352322
041,08041005400,2824053,5918,1575,El Paso,1.0903729592797242,5427.500700227652,0.26613720851639067,3.734599888156856
041,08041000203,2631162,4425,723,El Paso,1.0158973278066517,4355.755132808242,0.16338983050847458,3.63906345706645
041,08041007900,6093579,2610,292,El Paso,2.352744005454141,1109.3429603686109,0.11187739463601533,3.0450658317843815
041,08041003705,11705822,6494,1342,El Paso,4.519643142299985,1436.839103340201,0.20665229442562366,3.157408138737055
041,08041003905,5552590,4326,733,El Paso,2.143866984779324,2017.8490693280073,0.16944059177068885,3.3048886788437204
041,08041004300,6384377,6642,1771,El Paso,2.465021740968533,2694.499561448204,0.2666365552544414,3.430478117247078
041,08041003707,4196077,3458,772,El Paso,1.6201143873204886,2134.4171911954904,0.22325043377674958,3.329279310180267
041,08041000302,5547145,4360,791,El Paso,2.141764658525788,2035.704521803558,0.18142201834862384,3.308714741315603
041,08041007700,6052018,6437,984,El Paso,2.3366972136408766,2754.7428748675234,0.15286624203821655,3.440081068437341
041,08041003706,2758954,4714,969,El Paso,1.0652380948575089,4425.301744987411,0.20555791260076367,3.6459428889807586
041,08041004506,2683830,4963,1317,El Paso,1.0362325562954033,4789.465424386045,0.26536369131573645,3.6802870423925893
041,08041003702,5079729,5251,1138,El Paso,1.9612943319650993,2677.313605826216,0.21672062464292516,3.427699245039307
041,08041003100,11268894,4706,930,El Paso,4.350944298350466,1081.6042857142857,0.19762005949851252,3.034068399435558
035,08035014139,3747315,4142,853,Douglas,1.4468464104261853,2862.777949443802,0.20593915982617092,3.456787663400169
005,08005080400,2416531,4996,978,Arapahoe,0.9330278354057773,5354.6098094996505,0.1957566052842274,3.7287278292752077
005,08005081600,3120068,5074,1048,Arapahoe,1.2046649897554935,4211.959377212292,0.20654316121403232,3.624484173924271
005,08005082500,1258131,2378,567,Arapahoe,0.48576709489218467,4895.350107087418,0.23843566021867116,3.689783757250259
123,08123002019,12930565,7063,2073,Weld,4.992519058321083,1414.7166825989427,0.29350134503751946,3.150669474840048
005,08005005635,2696080,4824,928,Arapahoe,1.0409623077381618,4634.17355666004,0.19237147595356552,3.665972294729807
005,08005006713,532164,1754,273,Arapahoe,0.2054696691252378,8536.539760186708,0.1556442417331813,3.931281867459001
005,08005084600,2059744,5508,1304,Arapahoe,0.7952716045480225,6925.935703602,0.23674655047204066,3.840478455492323
005,08005005636,5108799,1873,429,Arapahoe,1.9725183217153843,949.5475805624766,0.22904431393486385,2.9775167315353834
031,08031001800,975124,3306,305,Denver,0.3764974812953871,8780.935236605805,0.09225650332728373,3.9435407740457844
005,08005086200,2214611,6484,1842,Arapahoe,0.8550660875427726,7583.0395971301505,0.28408389882788404,3.87984332379221
005,08005085400,1887857,4444,1124,Arapahoe,0.7289056628140274,6096.810913559661,0.25292529252925294,3.78510272602552
031,08031002000,787300,4053,139,Denver,0.3039782294599028,13333.191680210846,0.034295583518381446,4.124934122646082
031,08031002402,411253,1971,338,Denver,0.1587856710276558,12412.95884725461,0.17148655504819887,4.093875315573734
005,08005005633,1954635,3120,643,Arapahoe,0.7546887927605197,4134.154408981728,0.20608974358974358,3.616386693316038
005,08005005634,4042020,3061,368,Arapahoe,1.5606326470741985,1961.3840616102839,0.12022214962430579,3.2925626418609086
005,08005005800,1210927,2591,400,Arapahoe,0.46754152859798265,5541.753708530737,0.1543805480509456,3.7436472205795805
005,08005005951,1435050,4362,396,Arapahoe,0.5540759026882174,7872.567601003449,0.0907840440165062,3.8961163985707876
005,08005005952,1019837,3848,581,Arapahoe,0.3937612671125351,9772.41877602009,0.150987525987526,3.9900020694575344
005,08005006000,2578927,2708,424,Arapahoe,0.9957292815525706,2719.6147087063728,0.15657311669128507,3.4345073813374682
005,08005084900,1679917,3243,776,Arapahoe,0.6486195799562957,4999.849064406158,0.23928461301264262,3.698956894039031
014,08014030900,5421899,5964,1290,Broomfield,2.093406907570707,2848.9444543397067,0.21629778672032193,3.4546839819144783
123,08123002009,42751756,5954,1903,Weld,16.50654527522136,360.7053990236097,0.31961706415854885,2.5571526428689952
005,08005006712,5018621,1498,293,Arapahoe,1.9377004012578267,773.0813282732447,0.19559412550066757,2.8882251841671875
031,08031005104,742038,3470,514,Denver,0.2865024735576875,12111.588276745935,0.14812680115273774,4.083201098931385
031,08031005200,2051682,3338,661,Denver,0.7921588489454494,4213.801315788704,0.19802276812462552,3.6246740544114173
031,08031006814,2077433,5409,1290,Denver,0.8021013656313658,6743.536704668694,0.2384914032168608,3.828887725685876
031,08031001500,5302194,4580,839,Denver,2.0471885486763877,2237.214546242555,0.1831877729257642,3.34970763442357
031,08031002602,393281,2835,135,Denver,0.15184664303343076,18670.152618229713,0.047619047619047616,4.271147868082131
005,08005006100,1131579,3308,508,Arapahoe,0.4369050945179822,7571.438377594493,0.15356711003627568,3.8791783920643987
031,08031002801,753261,3217,213,Denver,0.2908356980835715,11061.22811332327,0.06621075536213863,4.043803348779626
031,08031002802,886798,4708,312,Denver,0.3423946220355429,13750.21597013074,0.06627017841971113,4.138309519540786
005,08005005623,4025370,4066,820,Arapahoe,1.5542040461336326,2616.1301086011968,0.2016724053123463,3.4176593390568266
005,08005087200,2418668,4739,819,Arapahoe,0.9338529357186895,5074.674843049976,0.172821270310192,3.705408220300886
005,08005006200,2489280,3096,451,Arapahoe,0.9611163813412256,3221.254012630158,0.145671834625323,3.5080249725483443
005,08005006300,1293166,2655,433,Arapahoe,0.49929418401847414,5317.506361944252,0.1630885122410546,3.7257080181715
005,08005006400,2330634,2995,562,Arapahoe,0.8998628182891543,3328.285088714058,0.18764607679465775,3.5222205192871225
005,08005006601,1940243,5531,1174,Arapahoe,0.749132010494056,7383.211400020512,0.21225818116073042,3.8682453035501903
005,08005082100,1947367,7124,1826,Arapahoe,0.7518826022718692,9474.883417270601,0.2563166760247052,3.9765738749411597
005,08005082700,1218094,3586,830,Arapahoe,0.47030872276861535,7624.778845031664,0.23145566090351366,3.882227251589278
005,08005086400,8127014,2018,407,Arapahoe,3.1378576483117526,643.1139414771526,0.20168483647175423,2.8082879243564722
005,08005082800,1969208,5352,1234,Arapahoe,0.7603154595176888,7039.183450768024,0.2305680119581465,3.847522283660141
005,08005083500,1883407,5541,1294,Arapahoe,0.7271875082082906,7619.767855545827,0.23353185345605487,3.8819417402908845
005,08005083300,1922094,4705,962,Arapahoe,0.74212464241776,6339.905362354807,0.20446333687566418,3.8020827750877504
005,08005006603,1852818,3200,674,Arapahoe,0.7153770292791035,4473.165714063659,0.210625,3.650614987457325
005,08005006604,1889477,3766,769,Arapahoe,0.7295311483109473,5162.219610114333,0.20419543281996813,3.712836476269856
005,08005006704,11008284,4596,1352,Arapahoe,4.250322214799666,1081.3297834212854,0.29416884247171454,3.0339581650706173
005,08005006705,5067741,1846,537,Arapahoe,1.9566657392878921,943.4416737279982,0.290899241603467,2.974715055999546
005,08005006706,2260864,5003,1238,Arapahoe,0.8729244706841531,5731.309143022313,0.24745152908255047,3.7582538346464984
005,08005006707,3204915,4705,996,Arapahoe,1.2374245996055944,3802.251871750109,0.21168969181721572,3.5800408823579635
005,08005006708,2585447,5155,1269,Arapahoe,0.9982466676265939,5164.054303588509,0.24616876818622696,3.712990800524057
005,08005006709,4186300,5822,1359,Arapahoe,1.6163394665159294,3601.966121974058,0.23342493988320165,3.5565396237780966
005,08005015100,1503320,2683,553,Arapahoe,0.5804350970553298,4622.394499594231,0.20611256056653002,3.664867007712891
041,08041006302,1712445,5363,1329,El Paso,0.6611787109709937,8111.2714475092625,0.24780906209211262,3.909088935512948
041,08041004402,16031100,6641,135,El Paso,6.189642314612788,1072.9214488406908,0.020328263815690407,3.0305679273864534
041,08041006901,2815765,5344,1634,El Paso,1.0871729445893095,4915.5012793468195,0.30576347305389223,3.6915678134709515
031,08031015300,1137447,3697,391,Denver,0.4391707419846032,8418.138201313994,0.10576142818501488,3.925216051321172
005,08005006808,3807644,5650,1675,Arapahoe,1.4701395675519144,3843.1725291282482,0.29646017699115046,3.5846898814111308
005,08005006815,3210394,4617,1037,Arapahoe,1.239540053332523,3724.7687056074733,0.22460472168074508,3.571099309836771
005,08005080200,2596945,6104,1280,Arapahoe,1.002686070246091,6087.648149437126,0.20969855832241152,3.784449543372611
005,08005081800,2119140,5533,1697,Arapahoe,0.8182045283597846,6762.367853294261,0.30670522320621724,3.8300987914387146
005,08005081900,2623712,7123,1925,Arapahoe,1.0130208667251372,7031.444498302405,0.2702512986101362,3.8470445530709156
123,08123001411,2575103,2690,529,Weld,0.9942528268981127,2705.5492599325153,0.19665427509293681,3.4322554455397576
005,08005080000,1331488,3780,871,Arapahoe,0.5140903909400573,7352.79255674854,0.23042328042328042,3.8664523134584434
005,08005080100,1421058,4632,1062,Arapahoe,0.5486735612851906,8442.178240099982,0.22927461139896374,3.9264545171946867
031,08031002901,995466,3839,386,Denver,0.3843515714054765,9988.251084708065,0.10054701745246158,3.999489451113492
005,08005080900,1677433,4396,1066,Arapahoe,0.6476605021943518,6787.506703135088,0.24249317561419473,3.831710271493131
005,08005080700,2523857,5604,1328,Arapahoe,0.9744666356788797,5750.838248141634,0.2369735902926481,3.759731152517315
005,08005080300,2526554,6162,1315,Arapahoe,0.9755079532006037,6316.70913577149,0.21340473872119442,3.800490879484567
031,08031002902,1263474,4211,700,Denver,0.4878300387255446,8632.104761324728,0.16623129897886488,3.9361167024103922
031,08031003002,1441148,2749,411,Denver,0.5564303536513147,4940.420632988423,0.149508912331757,3.6937639268201705
031,08031003004,2160776,6308,792,Denver,0.8342802778349434,7561.008173859762,0.12555485098287889,3.8785797075583535
031,08031003101,516843,1701,281,Denver,0.1995541979534416,8524.000083410241,0.16519694297472076,3.9306434452918837
031,08031003102,868796,4082,295,Denver,0.33544401097656007,12168.945834257984,0.07226849583537481,4.085252958000481
123,08123002004,10186114,4953,1303,Weld,3.9328806030696413,1259.3822441836012,0.2630728851201292,3.100157565965057
123,08123002005,18421979,1478,447,Weld,7.11276585744635,207.79539628071444,0.30243572395128554,2.3176359215078293
123,08123002018,2636609,1954,589,Weld,1.0180004262645053,1919.44909804222,0.3014329580348004,3.283176599531048
123,08123002006,39773849,406,97,Weld,15.35676895443354,26.437852988781646,0.23891625615763548,1.4222261833028198
005,08005082400,2078667,4533,1106,Arapahoe,0.802577815695069,5648.050458601594,0.24398852856827707,3.7518985679648433
005,08005084500,726827,2914,596,Arapahoe,0.28062947362333646,10383.798830450713,0.20452985586822237,4.016356265774527
059,08059009852,9445519,4524,965,Jefferson,3.6469352749268027,1240.4936361506445,0.21330680813439434,3.0935945406422882
059,08059009850,54879949,2633,502,Jefferson,21.189266772348233,124.26102461629473,0.19065704519559437,2.0943349303439582
059,08059011402,1709705,3906,581,Jefferson,0.66012079105645,5917.098889960549,0.14874551971326164,3.77210882751688
035,08035014135,67303845,5818,1874,Douglas,25.986159836077395,223.8884097034872,0.322103815744242,2.3500316115240634
059,08059012059,1946650,3428,844,Jefferson,0.7516057670241583,4560.901672658157,0.24620770128354727,3.659050709495424
035,08035013911,36712819,6693,1877,Douglas,14.174898663917034,472.1726876988116,0.280442253100254,2.674100862190511
035,08035014009,3673361,4741,1438,Douglas,1.418292611389633,3342.7516733340394,0.30331153765028473,3.524104114879584
035,08035014013,41384060,11075,3611,Douglas,15.978474897322984,693.1199674041164,0.32604966139954855,2.840808410185309
035,08035014604,65189295,4452,1319,Douglas,25.16972751662555,176.87914964749964,0.2962713387241689,2.247676641690251
035,08035014506,200095407,6865,1797,Douglas,77.25726856715184,88.85895304508414,0.2617625637290604,1.9487011919858632
035,08035014125,17299133,5998,1174,Douglas,6.679232593079356,898.0073558472554,0.19573191063687895,2.9532798941180713
035,08035014131,13385071,6142,751,Douglas,5.168004806014341,1188.466387038216,0.12227287528492348,3.074986903245305
035,08035014203,18806717,6556,1481,Douglas,7.261314029738925,902.8668878869182,0.2258999389871873,2.955623725820141
035,08035014128,2070224,4581,1127,Douglas,0.7993179551700722,5731.136114695801,0.2460161536782362,3.7582407230903283
035,08035014404,238220943,2669,411,Douglas,91.97762031424925,29.017928392593088,0.1539902585237917,1.462666404663421
035,08035014603,6574132,7165,2132,Douglas,2.5382865560722596,2822.7703380689645,0.2975575715282624,3.450675545179606
035,08035014505,14774965,5630,1072,Douglas,5.704645879629155,986.9148968745441,0.19040852575488454,2.9942797044312557
035,08035014405,9218652,7923,2437,Douglas,3.55934143651339,2225.973580034261,0.3075855105389373,3.3475200054104484
005,08005082000,3237489,4325,1101,Arapahoe,1.2500014913195876,3459.9958720323066,0.2545664739884393,3.5390755806555916
005,08005082200,1954645,6177,1476,Arapahoe,0.7546926537821056,8184.788826344426,0.23895094706168044,3.9130074787709974
059,08059011401,902512,2753,485,Jefferson,0.348461831355666,7900.434860511549,0.17617144932800582,3.8976509966477657
035,08035014006,5797227,7394,2377,Douglas,2.238321858550926,3303.3676420364427,0.3214768731403841,3.518956910361899
001,08001009327,2493104,4248,835,Adams,0.9625928359956835,4413.080838697463,0.19656308851224105,3.6447418829148286
001,08001009752,2015991,3014,673,Adams,0.7783784768031233,3872.1522881500955,0.22329130723291307,3.5879524293705134
001,08001008709,7787108,8139,2399,Adams,3.0066192079931984,2707.0272079557644,0.2947536552402015,3.432492620826166
013,08013013506,2597927,4885,1061,Boulder,1.0030652225658288,4870.072144964042,0.2171954964176049,3.6875353948753538
013,08013013508,5173897,7976,1736,Boulder,1.9976528000354412,3992.6858160029083,0.2176529588766299,3.6012651369550057
013,08013061400,2552608,4131,1207,Boulder,0.9855674588405736,4191.493908351772,0.29218106995884774,3.622368839319468
041,08041005110,1980690,4224,1095,El Paso,0.7647486845026482,5523.383152658921,0.25923295454545453,3.742205170928513
031,08031005102,1624912,3506,661,Denver,0.6273820307229133,5588.301590276888,0.18853394181403307,3.747279836142688
123,08123001408,3247725,1991,372,Weld,1.2539536330149408,1587.7780067616561,0.1868407835258664,3.200789781984105
123,08123000501,984955,3330,1211,Weld,0.38029325161651034,8756.400451086598,0.36366366366366365,3.9423256146730044
005,08005081400,2653239,5588,994,Arapahoe,1.024421305161899,5454.786982507041,0.17788117394416608,3.73677779541417
005,08005084100,1540917,4713,1152,Arapahoe,0.5949513799119333,7921.6557169724265,0.24443029917250159,3.89881596360877
005,08005084200,1482396,3835,960,Arapahoe,0.5723562954889395,6700.3718317170315,0.2503259452411995,3.8260989041906917
005,08005084300,1192530,3636,919,Arapahoe,0.4604384071863558,7896.8216883097275,0.25275027502750275,3.897452331674271
005,08005084400,994025,3213,886,Arapahoe,0.3837951981949446,8371.652420643344,0.27575474634298164,3.9228111887385277
005,08005085700,1679297,4878,1239,Arapahoe,0.6483801966179683,7523.363645966138,0.25399753997539976,3.8764120541918574
005,08005005632,2209376,3311,807,Arapahoe,0.8530448427425407,3881.390325689244,0.24373301117487164,3.5889873190525976
005,08005081500,1808705,3152,15,Arapahoe,0.6983449047571111,4513.529029178334,0.004758883248730965,3.654516240009769
005,08005084800,1492529,3519,902,Arapahoe,0.5762686686619577,6106.526679943907,0.2563228189826655,3.7857942589094282
005,08005085800,975972,1712,369,Arapahoe,0.3768248959258736,4543.224236269073,0.2155373831775701,3.6573641724674975
005,08005086300,4944224,4468,959,Arapahoe,1.908975558965018,2340.522370240507,0.21463742166517458,3.369312796382317
005,08005085200,3603157,3131,801,Arapahoe,1.3911866954478027,2250.596566402741,0.25582880868732033,3.3522976519583954
005,08005085300,1818799,2576,543,Arapahoe,0.7022422199459442,3668.2499667967704,0.2107919254658385,3.564458922281958
005,08005086600,7444412,6842,1225,Arapahoe,2.874303542652171,2380.402730077271,0.17904121601870798,3.376650439684176
005,08005083100,2554624,7649,1692,Arapahoe,0.9863458407922961,7754.886454284466,0.2212053863250098,3.8895754433309637
005,08005085000,3622740,2704,673,Arapahoe,1.3987477340195202,1933.1577340466056,0.2488905325443787,3.286267291292524
005,08005087000,964295,5117,1119,Arapahoe,0.37231638101998854,13743.687521837197,0.2186828219659957,4.138103272426883
005,08005085500,2178317,5286,1319,Arapahoe,0.8410528957988151,6284.979252083144,0.24952705259175179,3.7983038483353138
005,08005085600,1281726,3257,883,Arapahoe,0.4948771753241755,6581.431034612702,0.2711083819465766,3.8183203347786776
005,08005085100,3739598,6770,2137,Arapahoe,1.4438668600683269,4688.797968311032,0.3156573116691285,3.6710615201907655
005,08005086100,1893507,4986,1370,Arapahoe,0.7310871400100752,6819.9804471068755,0.27476935419173687,3.8337831295353992
005,08005086700,6123938,6707,2210,Arapahoe,2.364465680886852,2836.581665877414,0.32950648576114505,3.4527952915246813
005,08005085900,4714118,9218,2909,Arapahoe,1.8201311356599241,5064.470256786105,0.3155782165328705,3.7045340249013203
005,08005083000,10302283,4040,985,Arapahoe,3.9777337047311776,1015.6537113569875,0.2438118811881188,3.0067456598357425
005,08005007301,858950,3215,769,Arapahoe,0.33164244912305796,9694.175183246987,0.23919129082426127,3.9865108635846003
005,08005087100,982355,2589,469,Arapahoe,0.3792893860041697,6825.922621445404,0.18115102356122054,3.8341613608149094
005,08005086900,733046,3251,671,Arapahoe,0.2830306429476234,11486.388774524381,0.20639803137496154,4.060183511559743
005,08005082900,2579452,5094,1191,Arapahoe,0.9959319851858317,5114.807111099566,0.23380447585394581,3.708829260303383
005,08005081700,1850451,2864,692,Arapahoe,0.714463125469715,4008.604360255959,0.24162011173184358,3.602993194530218
069,08069001307,9070101,4781,1043,Larimer,3.5019855747523105,1365.225497920034,0.21815519765739386,3.1352043908742258
069,08069001606,3279554,3537,740,Larimer,1.2662428786207827,2793.302975060023,0.2092168504382245,3.446118043921751
069,08069002803,570731217,122,20,Larimer,220.3605548598445,0.5536381049575566,0.16393442622950818,-0.25677402656558673
069,08069000401,1312162,1926,297,Larimer,0.5066285806230979,3801.6015551890696,0.1542056074766355,3.57996659662972
069,08069000402,2551327,2658,503,Larimer,0.9850728619754167,2698.2775615904975,0.1892400300978179,3.431086621861832
069,08069000504,1296198,2933,257,Larimer,0.5004648457633267,5860.551494933644,0.0876235935901807,3.7679384863144687
069,08069000506,1277425,2911,440,Larimer,0.4932165499400691,5902.07283262031,0.1511508072827207,3.771004564467556
069,08069000801,1100303,1608,241,Larimer,0.42482936340584204,3785.0491009112943,0.14987562189054726,3.5780715176845774
069,08069000802,1041868,1264,212,Larimer,0.40226748376848726,3142.187850130727,0.16772151898734178,3.49723214500584
069,08069002011,14825277,5506,1034,Larimer,5.724071451432262,961.9027377134336,0.18779513258263714,2.98313116080097
069,08069001605,15501383,7775,1566,Larimer,5.9851174374696265,1299.055545898711,0.20141479099678455,3.113627721328267
069,08069002401,1033161618,1394,130,Larimer,398.9059308847561,3.4945582205513173,0.09325681492109039,0.5433922803667304
069,08069000202,1928956,2515,401,Larimer,0.7447740754300219,3376.8629749201123,0.15944333996023857,3.5285134383542647
069,08069000505,1271565,3094,340,Larimer,0.4909539912907168,6302.0161866204235,0.10989010989010989,3.799479514317337
069,08069001607,2534664,4144,1108,Larimer,0.9786392417067892,4234.451086155798,0.2673745173745174,3.6267971205216893
069,08069001608,15849949,7666,2478,Larimer,6.119699522481592,1252.675882506625,0.3232454996086616,3.0978387161276415
059,08059009851,3539141,3958,776,Jefferson,1.366469979663343,2896.5144195667817,0.19605861546235473,3.4618756948660434
059,08059015900,5319422,3477,738,Jefferson,2.05384031666462,1692.9261597350237,0.21225194132873165,3.2286380159240715
059,08059011732,1324834,4466,531,Jefferson,0.5115212671767826,8730.819785165537,0.11889834303627407,3.941055023941364
059,08059011733,1092814,2339,344,Jefferson,0.4219378443401426,5543.4705167485035,0.1470713980333476,3.743781742051816
059,08059011806,2955851,5320,1066,Jefferson,1.1412604515779032,4661.512621982637,0.20037593984962407,3.6685268644980806
059,08059012060,1218297,3350,725,Jefferson,0.4703871015068096,7121.79392094046,0.21641791044776118,3.852589402602308
059,08059015800,2309711,4384,688,Jefferson,0.8917844028249227,4915.986404463589,0.15693430656934307,3.6916106731414695
031,08031015700,2103357,5907,1282,Denver,0.8121106779907187,7273.639123444094,0.2170306416116472,3.861751750033959
031,08031001901,2335153,3903,894,Denver,0.9016076139438339,4328.934161200572,0.22905457340507301,3.63638098067462
031,08031004504,899287,3881,1129,Denver,0.34721665189420503,11177.459314890575,0.290904406080907,4.048343097743767
031,08031004505,1000565,4549,1479,Denver,0.3863203063121398,11775.202922738652,0.32512640140690263,4.070968400086818
031,08031004506,958641,3610,1152,Denver,0.3701333594153064,9753.241387651893,0.3191135734072022,3.989148972911362
031,08031008312,2572312,8133,2490,Denver,0.993175215773481,8188.887389488522,0.30616008852821835,3.9132248988996143
031,08031008387,1737987,6220,1940,Denver,0.6710405323057642,9269.186733962912,0.31189710610932475,3.967041631399482
031,08031004503,1017830,4303,1403,Denver,0.3929863600802399,10949.48944060403,0.3260515919126191,4.039393869103276
031,08031004306,2557986,6092,1406,Denver,0.9876439162494843,6168.214980895125,0.23079448456992777,3.790159501779188
031,08031008386,1292146,4664,1439,Denver,0.49890035981670977,9348.56010469405,0.30853344768439106,3.9707447245899776
031,08031008389,5688856,13336,3735,Denver,2.1964795815220945,6071.53379079379,0.28006898620275944,3.7832984164020833
031,08031008391,2304139,7855,2312,Denver,0.8896330415972451,8829.483205678996,0.2943348185868873,3.9459352848357696
031,08031008390,2288743,9000,2709,Denver,0.8836886127635544,10184.582974147817,0.301,4.007943250740764
031,08031015600,3733075,6618,1805,Denver,1.4413483156878277,4591.53414061598,0.27274100936838924,3.661957817886601
035,08035014010,4323691,6009,1445,Douglas,1.6693864281871165,3599.5260884716317,0.24047262439673822,3.5562453255700732
035,08035014007,9893653,3425,691,Douglas,3.81996077966551,896.6060641857966,0.20175182481751824,2.952601671885921
035,08035014126,715530,1887,317,Douglas,0.2762676775377166,6830.332150392017,0.1679915209326974,3.834441823385044
035,08035014130,3534867,7352,2060,Douglas,1.3648197790375185,5386.791804251758,0.2801958650707291,3.7313301906913243
035,08035014008,5768055,11741,3709,Douglas,2.2270584863804648,5271.976498058703,0.31590154160633677,3.721973465549123
035,08035014011,30023901,7059,2114,Douglas,11.592292985468571,608.9390605334729,0.2994758464371724,2.7845738328655973
035,08035014127,6120977,5437,1480,Douglas,2.3633224323952593,2300.5747863568185,0.2722089387529888,3.361836355737815
001,08001007802,637373,3893,1155,Adams,0.24609109112859984,15819.345520174214,0.2966863601335731,4.199188511850879
001,08001008550,4398839,8319,2043,Adams,1.698401233201028,4898.135868825842,0.24558240173097728,3.690030827800317
001,08001008549,1318490,4581,1359,Adams,0.5090718350826715,8998.730010777479,0.2966601178781925,3.9541812218582564
001,08001008545,3128633,6731,1704,Adams,1.2079719547438386,5572.149232079953,0.253157034615956,3.746022739087347
001,08001008544,2608401,6242,1926,Adams,1.007109256574927,6197.937273686063,0.30855495033643066,3.792247176641912
001,08001008547,1209376,3468,750,Adams,0.4669426841500056,7427.03573204694,0.21626297577854672,3.8708155133451765
001,08001008548,1245046,1713,491,Adams,0.4807149481470014,3563.442340628378,0.28663164039696437,3.551869735954772
001,08001009207,1599206,4560,1245,Adams,0.6174568886341336,7385.130984751182,0.2730263157894737,3.8683582024848238
035,08035014129,1377555,3604,976,Douglas,0.5318769590799396,6776.003243747074,0.27081021087680357,3.8309736052242322
035,08035014124,2625431,5276,1386,Douglas,1.0136845763357578,5204.7748611028055,0.26269901440485216,3.7164019483142963
001,08001008536,7269152,4353,1196,Adams,2.806635278337243,1550.9674639944246,0.27475304387778543,3.190602687332693
001,08001008546,1324546,3517,854,Adams,0.5114100697551079,6877.064430280261,0.24282058572647142,3.83740309320695
001,08001009206,1295354,2630,606,Adams,0.5001389755414746,5258.538383561559,0.23041825095057034,3.720865048305169
001,08001009751,2950940,4048,964,Adams,1.1393643038770553,3552.858366920371,0.2381422924901186,3.550577894882808
031,08031006701,1018161,4282,244,Denver,0.393114159894734,10892.510209112312,0.05698271835590846,4.037127975654756
031,08031000102,1706895,3622,605,Denver,0.6590358439908051,5495.907442707372,0.16703478741027056,3.740039410103181
031,08031000202,1785694,4042,836,Denver,0.6894603079857382,5862.556485388874,0.20682830282038595,3.768087040145232
031,08031000301,1926792,5779,894,Denver,0.7439385503588277,7768.114714868029,0.15469804464440215,3.8903156303482387
031,08031000302,1444047,4412,681,Denver,0.5575496638090744,7913.196413496236,0.1543517679057117,3.898351945487265
013,08013061300,2069154,3341,1035,Boulder,0.7989048258603783,4181.974988575041,0.30978748877581563,3.6213814310745924
013,08013013212,8482396,4615,921,Boulder,3.2750714056366848,1409.1295817419982,0.19956663055254606,3.14895093210713
013,08013013507,1954238,3684,892,Boulder,0.7545355102035585,4882.473985891175,0.24212812160694897,3.6886399380194903
123,08123002007,11201741,6712,1862,Weld,4.325016380094502,1551.9016369259027,0.2774135876042908,3.190864191217225
123,08123002014,2352122,2424,571,Weld,0.9081593814729907,2669.1350102758274,0.23556105610561057,3.426370541841029
123,08123002203,19793491,3340,1038,Weld,7.642309601181915,437.04065580952846,0.31077844311377245,2.640521839195721
123,08123002209,39756832,3676,934,Weld,15.35019865400077,239.47572815560355,0.2540805223068553,2.3792615024592996
123,08123002101,111767235,12329,3801,Weld,43.153570693419134,285.7005759173518,0.3082975099359234,2.455911115837681
035,08035014109,1545576,2920,507,Douglas,0.5967502298688159,4893.169459929502,0.17363013698630136,3.689590256478903
035,08035014110,2692409,5341,1226,Douglas,1.0395449267139687,5137.825083599853,0.22954502902078264,3.710779314698627
035,08035014112,1692298,3811,947,Douglas,0.6533999107818298,5832.568901700528,0.2484912096562582,3.7658598779332717
031,08031000401,978390,3174,439,Denver,0.37775849094535036,8402.193666268053,0.13831127914303717,3.924392687583098
035,08035014113,1264691,2953,785,Douglas,0.4882999250525517,6047.512703759258,0.2658313579410769,3.7815767893392915
035,08035014114,3121589,3370,700,Douglas,1.205252251138713,2796.0951716257327,0.20771513353115728,3.446551949551633
031,08031000501,1313701,2014,323,Denver,0.5072227918451718,3970.641762120909,0.16037735849056603,3.598860706063565
031,08031000600,1278945,4742,344,Denver,0.4938034252211297,9603.011558448565,0.07254323070434415,3.9824074515928807
123,08123001410,3075777,3352,561,Weld,1.1875641390492715,2822.5843891543504,0.16736276849642004,3.450646935254645
123,08123001004,4357762,4646,1163,Weld,1.6825413148325226,2761.2992079558267,0.2503228583727938,3.441113468328386
123,08123001416,15337841,3282,651,Weld,5.921973518249086,554.2071388678497,0.1983546617915905,2.743672115727963
123,08123001417,1772911,3163,911,Weld,0.6845247640924499,4620.723991181734,0.2880177047107177,3.664710027664622
031,08031000904,1241246,4711,1165,Denver,0.4792477599443497,9829.988564885607,0.24729356824453408,3.9925530126225763
031,08031003601,1326341,4236,804,Denver,0.5121031231297815,8271.771462964653,0.18980169971671387,3.9175985269896585
031,08031006812,1987595,3932,456,Denver,0.7674147199077297,5123.69635087631,0.11597151576805696,3.7095833839441514
031,08031002300,1458490,4975,1040,Denver,0.5631261372856264,8834.610348545413,0.20904522613065327,3.946187399659608
031,08031001301,1830813,4834,1151,Denver,0.7068808512792748,6838.493348987581,0.23810508895324783,3.834960428869781
031,08031001302,2101761,3759,903,Denver,0.811494458945605,4632.1942911158785,0.24022346368715083,3.665786766995263
031,08031001401,2088740,5935,1431,Denver,0.8064670227385716,7359.259377830654,0.24111204717775905,3.866834109948122
031,08031001402,1671506,4048,1039,Denver,0.6453720747003738,6272.350724005777,0.2566699604743083,3.7974303343131512
031,08031001403,2899255,3374,387,Denver,1.1194086138102002,3014.0915107984633,0.11470065204505038,3.479156433788662
123,08123001407,4039392,4320,1277,Weld,1.5596179706014173,2769.9090940418755,0.29560185185185184,3.442465516138879
005,08005007302,1305058,5365,1625,Arapahoe,0.5038857108884566,10647.255685302875,0.30288909599254427,4.0272376834260255
069,08069002005,2582687,5078,1136,Larimer,0.9971810256688786,5092.355218646317,0.2237101220953131,3.7069186903699296
031,08031005300,1136449,1859,250,Denver,0.43878541203032784,4236.695088376161,0.13448090371167296,3.6270272092922995
031,08031005502,2898735,1868,401,Denver,1.119207840687732,1669.0376283033806,0.21466809421841543,3.222466127919695
031,08031005503,2020259,5071,1127,Denver,0.7800263608159962,6501.062341912596,0.22224413330704004,3.8129843307247313
031,08031006804,2223326,3776,335,Denver,0.8584309678549066,4398.722950822326,0.08871822033898305,3.643326609233479
069,08069002007,4772230,3730,515,Larimer,1.8425683043000534,2024.348292161107,0.1380697050938338,3.3062852356136805
069,08069002008,3240035,4007,768,Larimer,1.2509845074153643,3203.0772373662626,0.1916645869727976,3.5055674111450994
069,08069001603,3203405,5753,1475,Larimer,1.2368415853461197,4651.363657367707,0.256387971493134,3.667580295265988
014,08014980300,105261,0,0,Broomfield,0.04064149931560883,0.0,,
031,08031006810,2251981,5928,1207,Denver,0.8694947252093757,6817.7526880022515,0.20360998650472334,3.83364124327246
031,08031006813,1042128,4550,764,Denver,0.4023678703297213,11308.05995088895,0.16791208791208792,4.053388102282218
059,08059060300,1846531,4512,993,Jefferson,0.7129496050080323,6328.638052824458,0.22007978723404256,3.801310258234818
059,08059009823,1794399,4495,913,Jefferson,0.6928213272762862,6487.964245661082,0.20311457174638486,3.8121084478685
031,08031007013,1254010,3730,423,Denver,0.48417596789662487,7703.810695528743,0.11340482573726542,3.8867056024008275
031,08031007037,1058750,4128,968,Denver,0.4087856604098465,10098.201575518298,0.23449612403100775,4.004244035626801
031,08031007088,2441409,4921,713,Denver,0.9426332849072423,5220.4818976705665,0.14488925015240806,3.7177105941592354
001,08001009322,1289918,5241,1469,Adams,0.4980401242073656,10523.248520068717,0.280290020988361,4.022149826943105
001,08001008524,4984861,9374,2682,Adams,1.9246655923837428,4870.456476748298,0.2861105184553019,3.6875696667675046
041,08041005601,1858391,3503,718,El Paso,0.7175287766089398,4882.03416252554,0.2049671709962889,3.6886008141111613
059,08059980400,801490,1109,7,Jefferson,0.3094570190903309,3583.6963829742103,0.0063119927862939585,3.5543312083605048
001,08001009320,1911264,3202,853,Adams,0.7379431560402029,4339.087602874328,0.2663960024984385,3.637398418292582
001,08001009323,2183021,3704,949,Adams,0.8428691203528345,4394.513822560571,0.25620950323974084,3.6429108348458596
001,08001009325,3821813,5721,999,Adams,1.475610249037012,3877.040027157268,0.17461982170949134,3.588500284753352
001,08001009401,3508562,5060,1130,Adams,1.354663361755742,3735.2453331592824,0.22332015810276679,3.572319131810908
059,08059009824,2597279,5044,1025,Jefferson,1.0028150283670607,5029.8408553105,0.20321173671689136,3.7015542441505844
031,08031008304,934491,3846,1270,Denver,0.36080899228529667,10659.379567122636,0.33021320852834113,4.027731927165543
031,08031008305,1026177,4253,1419,Denver,0.39620915479801183,10734.229506050126,0.3336468375264519,4.030770876599012
031,08031008306,1366939,6005,1853,Denver,0.5277780985643212,11377.887821292683,0.30857618651124064,4.056061647586636
001,08001009406,1730102,4493,840,Adams,0.667996116785262,6726.087004251772,0.1869574894279991,3.8277624807636395
001,08001009407,1897314,5352,1225,Adams,0.732557030927837,7305.915818214592,0.2288863976083707,3.863674663783986
001,08001009409,3837682,5807,1045,Adams,1.481737304191717,3919.048257455933,0.1799552264508352,3.5931806112244122
001,08001009410,2730989,3381,634,Adams,1.0544407479924687,3206.4390592235995,0.18751848565513163,3.5060229902397175
001,08001009411,1282242,3014,566,Adams,0.4950764040380093,6087.949204237578,0.18779031187790313,3.784471020173266
001,08001009501,1087578,3215,732,Adams,0.41991621343775204,7656.289271803953,0.2276827371695179,3.884018333699681
001,08001009502,4225441,5764,1334,Adams,1.6314518911054,3533.0493233818665,0.23143650242886885,3.548149700475618
001,08001008000,1956147,6775,1798,Adams,0.7552725792243116,8970.271377994599,0.26538745387453877,3.9528055819719365
001,08001008100,2717099,1378,98,Adams,1.0490777890096183,1313.5346248259632,0.07111756168359942,3.118441525293127
001,08001008200,4497505,6521,1591,Adams,1.7364963887807192,3755.2626323506033,0.243980984511578,3.574640315718892
001,08001008308,4311913,6714,2047,Adams,1.6648389169632134,4032.8225941803557,0.3048853142686923,3.605609117603166
001,08001008309,12009461,4278,1374,Adams,4.636878815632865,922.6033653450392,0.3211781206171108,2.9650150344345225
001,08001008505,3066014,7126,1578,Adams,1.1837946236749326,6019.625243674686,0.2214426045467303,3.779569454767751
001,08001008506,1595851,6460,1512,Adams,0.6161615158920556,10484.264001213145,0.23405572755417955,4.020537948255728
001,08001008507,2634626,6290,1472,Adams,1.0172347856840163,6183.429910697001,0.2340222575516693,3.791229442415537
031,08031011902,2446002,6682,1338,Denver,0.9444066521216579,7075.341946171752,0.20023944926668663,3.849747433842528
031,08031011903,1052078,2304,442,Denver,0.40620958680771707,5671.948853069829,0.1918402777777778,3.753732305932117
031,08031012001,1963357,2047,323,Denver,0.7580563757877637,2700.3268693212694,0.15779189057156814,3.4314163378442992
001,08001008508,2506914,5558,1276,Adams,0.9679249068058463,5742.180990404936,0.22957898524649153,3.7590768771008154
001,08001008526,7230020,7509,1731,Adams,2.7915263286672003,2689.9262682523695,0.2305233719536556,3.429740376013564
001,08001060100,6381676,7318,2094,Adams,2.4639788790381747,2969.9929907096503,0.2861437551243509,3.472755424367814
001,08001060200,4953286,5227,806,Adams,1.9124744167261833,2733.1084558755542,0.1541993495312799,3.4366568658140357
041,08041005202,1018412,2731,549,El Paso,0.3932110715365408,6945.379206460646,0.20102526547052363,3.841695962496593
041,08041005300,1490893,4566,1169,El Paso,0.5756370055305003,7932.082121426553,0.2560227770477442,3.8993872018390867
041,08041005502,1850723,4567,1053,El Paso,0.7145681452568522,6391.2728692354285,0.2305671118896431,3.8055873597287233
041,08041005602,1512449,2964,573,El Paso,0.583959823661121,5075.691648472114,0.19331983805668015,3.7054952305553135
041,08041006000,3963049,6804,1692,El Paso,1.5301417735079874,4446.646786461635,0.24867724867724866,3.648032633208099
001,08001008538,11510753,11712,3678,Adams,4.444326580325498,2635.2698858467384,0.3140368852459016,3.4208250992191034
001,08001015000,14102829,3112,699,Adams,5.4451327191614025,571.5195864829673,0.22461439588688947,2.7570311186433067
