report,table,line,year,basis,unit,value,ocr,text,status,confirmed,pages
2016,fundbal,Sales and use taxes,2007,actual,thousands,88403,88403,88403,agree,both readings,250-251
2016,fundbal,Sales and use taxes,2008,actual,thousands,84867,84867,84867,agree,both readings,250-251
2016,fundbal,Sales and use taxes,2009,actual,thousands,85457,85457,85457,agree,both readings,250-251
2016,fundbal,Sales and use taxes,2010,actual,thousands,87802,87802,87802,agree,both readings,250-251
2016,fundbal,Sales and use taxes,2011,actual,thousands,92627,92627,92627,agree,both readings,250-251
2016,fundbal,Sales and use taxes,2012,actual,thousands,97397,97397,97397,agree,both readings,250-251
2016,fundbal,Sales and use taxes,2013,actual,thousands,104136,104136,104136,agree,both readings,250-251
2016,fundbal,Sales and use taxes,2014,actual,thousands,116316,116316,116316,agree,both readings,250-251
2016,fundbal,Sales and use taxes,2015,actual,thousands,131323,131323,131323,agree,both readings,250-251
2016,fundbal,Sales and use taxes,2016,actual,thousands,136269,136269,136269,agree,both readings,250-251
2016,fundbal,General property taxes,2007,actual,thousands,20475,20475,20475,agree,both readings,250-251
2016,fundbal,General property taxes,2008,actual,thousands,21865,21865,21865,agree,both readings,250-251
2016,fundbal,General property taxes,2009,actual,thousands,23526,23526,23526,agree,both readings,250-251
2016,fundbal,General property taxes,2010,actual,thousands,26022,26022,26022,agree,both readings,250-251
2016,fundbal,General property taxes,2011,actual,thousands,27462,27462,27462,agree,both readings,250-251
2016,fundbal,General property taxes,2012,actual,thousands,29474,29474,29474,agree,both readings,250-251
2016,fundbal,General property taxes,2013,actual,thousands,29434,29434,29434,agree,both readings,250-251
2016,fundbal,General property taxes,2014,actual,thousands,30353,30353,30353,agree,both readings,250-251
2016,fundbal,General property taxes,2015,actual,thousands,30846,30846,30846,agree,both readings,250-251
2016,fundbal,General property taxes,2016,actual,thousands,36897,36897,36897,agree,both readings,250-251
2016,taxsales,Food Stores,2007,actual,thousands,315876,315876,315876,agree,both readings,252-253
2016,taxsales,Food Stores,2008,actual,thousands,329727,329727,329727,agree,both readings,252-253
2016,taxsales,Food Stores,2009,actual,thousands,328338,328338,328338,agree,both readings,252-253
2016,taxsales,Food Stores,2010,actual,thousands,327796,327796,327796,agree,both readings,252-253
2016,taxsales,Food Stores,2011,actual,thousands,359707,359707,359707,agree,both readings,252-253
2016,taxsales,Food Stores,2012,actual,thousands,388154,388154,388154,agree,both readings,252-253
2016,taxsales,Food Stores,2013,actual,thousands,397482,397482,397482,agree,both readings,252-253
2016,taxsales,Food Stores,2014,actual,thousands,418373,418373,418373,agree,both readings,252-253
2016,taxsales,Food Stores,2015,actual,thousands,440661,440661,440661,agree,both readings,252-253
2016,taxsales,Food Stores,2016,actual,thousands,452030,452030,452030,agree,both readings,252-253
2016,taxsales,Eating Places,2007,actual,thousands,306927,306927,306927,agree,both readings,252-253
2016,taxsales,Eating Places,2008,actual,thousands,321062,321062,321062,agree,both readings,252-253
2016,taxsales,Eating Places,2009,actual,thousands,311060,311060,311060,agree,both readings,252-253
2016,taxsales,Eating Places,2010,actual,thousands,321904,321904,321904,agree,both readings,252-253
2016,taxsales,Eating Places,2011,actual,thousands,347871,347871,347871,agree,both readings,252-253
2016,taxsales,Eating Places,2012,actual,thousands,384485,384485,384485,agree,both readings,252-253
2016,taxsales,Eating Places,2013,actual,thousands,389207,389207,389207,agree,both readings,252-253
2016,taxsales,Eating Places,2014,actual,thousands,411710,411710,411710,agree,both readings,252-253
2016,taxsales,Eating Places,2015,actual,thousands,437428,437428,437428,agree,both readings,252-253
2016,taxsales,Eating Places,2016,actual,thousands,451436,451436,451436,agree,both readings,252-253
2016,taxsales,Apparel Stores,2007,actual,thousands,79051,79051,79051,agree,both readings,252-253
2016,taxsales,Apparel Stores,2008,actual,thousands,82966,82966,82966,agree,both readings,252-253
2016,taxsales,Apparel Stores,2009,actual,thousands,77259,77259,77259,agree,both readings,252-253
2016,taxsales,Apparel Stores,2010,actual,thousands,79232,79232,79232,agree,both readings,252-253
2016,taxsales,Apparel Stores,2011,actual,thousands,100696,100696,100696,agree,both readings,252-253
2016,taxsales,Apparel Stores,2012,actual,thousands,110467,110467,110467,agree,both readings,252-253
2016,taxsales,Apparel Stores,2013,actual,thousands,111504,111504,111504,agree,both readings,252-253
2016,taxsales,Apparel Stores,2014,actual,thousands,119125,119125,119125,agree,both readings,252-253
2016,taxsales,Apparel Stores,2015,actual,thousands,122977,122977,122977,agree,both readings,252-253
2016,taxsales,Apparel Stores,2016,actual,thousands,123958,123958,123958,agree,both readings,252-253
2016,taxsales,Home Furnishings,2007,actual,thousands,85709,85709,85709,agree,both readings,252-253
2016,taxsales,Home Furnishings,2008,actual,thousands,80115,80115,80115,agree,both readings,252-253
2016,taxsales,Home Furnishings,2009,actual,thousands,75883,75883,75883,agree,both readings,252-253
2016,taxsales,Home Furnishings,2010,actual,thousands,76487,76487,76487,agree,both readings,252-253
2016,taxsales,Home Furnishings,2011,actual,thousands,81304,81304,81304,agree,both readings,252-253
2016,taxsales,Home Furnishings,2012,actual,thousands,81243,81243,81243,agree,both readings,252-253
2016,taxsales,Home Furnishings,2013,actual,thousands,80077,80077,80077,agree,both readings,252-253
2016,taxsales,Home Furnishings,2014,actual,thousands,88116,88116,88116,agree,both readings,252-253
2016,taxsales,Home Furnishings,2015,actual,thousands,89689,89689,89689,agree,both readings,252-253
2016,taxsales,Home Furnishings,2016,actual,thousands,92314,92314,92314,agree,both readings,252-253
2016,taxsales,General Retail,2007,actual,thousands,508536,508536,508536,agree,both readings,252-253
2016,taxsales,General Retail,2008,actual,thousands,532688,532688,532688,agree,both readings,252-253
2016,taxsales,General Retail,2009,actual,thousands,515305,515305,515305,agree,both readings,252-253
2016,taxsales,General Retail,2010,actual,thousands,567786,567786,567786,agree,both readings,252-253
2016,taxsales,General Retail,2011,actual,thousands,586189,586189,586189,agree,both readings,252-253
2016,taxsales,General Retail,2012,actual,thousands,606359,606359,606359,agree,both readings,252-253
2016,taxsales,General Retail,2013,actual,thousands,613769,613769,613769,agree,both readings,252-253
2016,taxsales,General Retail,2014,actual,thousands,630457,630457,630457,agree,both readings,252-253
2016,taxsales,General Retail,2015,actual,thousands,658659,658659,658659,agree,both readings,252-253
2016,taxsales,General Retail,2016,actual,thousands,737753,737753,737753,agree,both readings,252-253
2016,taxsales,Transportation/Utilities,2007,actual,thousands,208719,208719,208719,agree,both readings,252-253
2016,taxsales,Transportation/Utilities,2008,actual,thousands,231463,231463,231463,agree,both readings,252-253
2016,taxsales,Transportation/Utilities,2009,actual,thousands,215137,215137,215137,agree,both readings,252-253
2016,taxsales,Transportation/Utilities,2010,actual,thousands,220981,220981,220981,agree,both readings,252-253
2016,taxsales,Transportation/Utilities,2011,actual,thousands,215462,215462,215462,agree,both readings,252-253
2016,taxsales,Transportation/Utilities,2012,actual,thousands,208713,208713,208713,agree,both readings,252-253
2016,taxsales,Transportation/Utilities,2013,actual,thousands,227916,227916,227916,agree,both readings,252-253
2016,taxsales,Transportation/Utilities,2014,actual,thousands,244471,244471,244471,agree,both readings,252-253
2016,taxsales,Transportation/Utilities,2015,actual,thousands,229281,229281,229281,agree,both readings,252-253
2016,taxsales,Transportation/Utilities,2016,actual,thousands,220926,220926,220926,agree,both readings,252-253
2016,taxsales,Automotive Trade,2007,actual,thousands,173982,173982,173982,agree,both readings,252-253
2016,taxsales,Automotive Trade,2008,actual,thousands,151612,151612,151612,agree,both readings,252-253
2016,taxsales,Automotive Trade,2009,actual,thousands,145333,145333,145333,agree,both readings,252-253
2016,taxsales,Automotive Trade,2010,actual,thousands,157930,157930,157930,agree,both readings,252-253
2016,taxsales,Automotive Trade,2011,actual,thousands,174631,174631,174631,agree,both readings,252-253
2016,taxsales,Automotive Trade,2012,actual,thousands,187675,187675,187675,agree,both readings,252-253
2016,taxsales,Automotive Trade,2013,actual,thousands,206196,206196,206196,agree,both readings,252-253
2016,taxsales,Automotive Trade,2014,actual,thousands,224224,224224,224224,agree,both readings,252-253
2016,taxsales,Automotive Trade,2015,actual,thousands,235029,235029,235029,agree,both readings,252-253
2016,taxsales,Automotive Trade,2016,actual,thousands,239489,239489,239489,agree,both readings,252-253
2016,taxsales,Building Material-Retail,2007,actual,thousands,91274,91274,91274,agree,both readings,252-253
2016,taxsales,Building Material-Retail,2008,actual,thousands,90428,90428,90428,agree,both readings,252-253
2016,taxsales,Building Material-Retail,2009,actual,thousands,82342,82342,82342,agree,both readings,252-253
2016,taxsales,Building Material-Retail,2010,actual,thousands,87238,87238,87238,agree,both readings,252-253
2016,taxsales,Building Material-Retail,2011,actual,thousands,85319,85319,85319,agree,both readings,252-253
2016,taxsales,Building Material-Retail,2012,actual,thousands,94886,94886,94886,agree,both readings,252-253
2016,taxsales,Building Material-Retail,2013,actual,thousands,109136,109136,109136,agree,both readings,252-253
2016,taxsales,Building Material-Retail,2014,actual,thousands,111777,111777,111777,agree,both readings,252-253
2016,taxsales,Building Material-Retail,2015,actual,thousands,114560,114560,114560,agree,both readings,252-253
2016,taxsales,Building Material-Retail,2016,actual,thousands,121991,121991,121991,agree,both readings,252-253
2016,taxsales,Construction Use Tax,2007,actual,thousands,136291,136291,136291,agree,both readings,252-253
2016,taxsales,Construction Use Tax,2008,actual,thousands,103986,103986,103986,agree,both readings,252-253
2016,taxsales,Construction Use Tax,2009,actual,thousands,142739,142739,142739,agree,both readings,252-253
2016,taxsales,Construction Use Tax,2010,actual,thousands,173534,173534,173534,agree,both readings,252-253
2016,taxsales,Construction Use Tax,2011,actual,thousands,153438,153438,153438,agree,both readings,252-253
2016,taxsales,Construction Use Tax,2012,actual,thousands,171106,171106,171106,agree,both readings,252-253
2016,taxsales,Construction Use Tax,2013,actual,thousands,254550,254550,254550,agree,both readings,252-253
2016,taxsales,Construction Use Tax,2014,actual,thousands,240872,240872,240872,agree,both readings,252-253
2016,taxsales,Construction Use Tax,2015,actual,thousands,-,-,-,agree,both readings,252-253
2016,taxsales,Construction Use Tax,2016,actual,thousands,-,-,-,agree,both readings,252-253
2016,taxsales,Construction Sales Tax,2007,actual,thousands,11751,11751,11751,agree,both readings,252-253
2016,taxsales,Construction Sales Tax,2008,actual,thousands,11960,11960,11960,agree,both readings,252-253
2016,taxsales,Construction Sales Tax,2009,actual,thousands,11263,11263,11263,agree,both readings,252-253
2016,taxsales,Construction Sales Tax,2010,actual,thousands,14922,14922,14922,agree,both readings,252-253
2016,taxsales,Construction Sales Tax,2011,actual,thousands,16147,16147,16147,agree,both readings,252-253
2016,taxsales,Construction Sales Tax,2012,actual,thousands,12006,12006,12006,agree,both readings,252-253
2016,taxsales,Construction Sales Tax,2013,actual,thousands,12695,12695,12695,agree,both readings,252-253
2016,taxsales,Construction Sales Tax,2014,actual,thousands,11617,11617,11617,agree,both readings,252-253
2016,taxsales,Construction Sales Tax,2015,actual,thousands,-,-,-,agree,both readings,252-253
2016,taxsales,Construction Sales Tax,2016,actual,thousands,-,-,-,agree,both readings,252-253
2016,taxsales,Constructions Firms Sales/Use Tax,2007,actual,thousands,-,-,-,agree,both readings,252-253
2016,taxsales,Constructions Firms Sales/Use Tax,2008,actual,thousands,-,-,-,agree,both readings,252-253
2016,taxsales,Constructions Firms Sales/Use Tax,2009,actual,thousands,-,-,-,agree,both readings,252-253
2016,taxsales,Constructions Firms Sales/Use Tax,2010,actual,thousands,-,-,-,agree,both readings,252-253
2016,taxsales,Constructions Firms Sales/Use Tax,2011,actual,thousands,-,-,-,agree,both readings,252-253
2016,taxsales,Constructions Firms Sales/Use Tax,2012,actual,thousands,-,-,-,agree,both readings,252-253
2016,taxsales,Constructions Firms Sales/Use Tax,2013,actual,thousands,-,-,-,agree,both readings,252-253
2016,taxsales,Constructions Firms Sales/Use Tax,2014,actual,thousands,-,-,-,agree,both readings,252-253
2016,taxsales,Constructions Firms Sales/Use Tax,2015,actual,thousands,276746,276746,276746,agree,both readings,252-253
2016,taxsales,Constructions Firms Sales/Use Tax,2016,actual,thousands,304301,304301,304301,agree,both readings,252-253
2016,taxsales,Consumer Electronics,2007,actual,thousands,69954,69954,69954,agree,both readings,252-253
2016,taxsales,Consumer Electronics,2008,actual,thousands,61953,61953,61953,agree,both readings,252-253
2016,taxsales,Consumer Electronics,2009,actual,thousands,50755,50755,50755,agree,both readings,252-253
2016,taxsales,Consumer Electronics,2010,actual,thousands,54843,54843,54843,agree,both readings,252-253
2016,taxsales,Consumer Electronics,2011,actual,thousands,73237,73237,73237,agree,both readings,252-253
2016,taxsales,Consumer Electronics,2012,actual,thousands,62924,62924,62924,agree,both readings,252-253
2016,taxsales,Consumer Electronics,2013,actual,thousands,58542,58542,58542,agree,both readings,252-253
2016,taxsales,Consumer Electronics,2014,actual,thousands,67918,67918,67918,agree,both readings,252-253
2016,taxsales,Consumer Electronics,2015,actual,thousands,66687,66687,66687,agree,both readings,252-253
2016,taxsales,Consumer Electronics,2016,actual,thousands,71024,71024,71024,agree,both readings,252-253
2016,taxsales,Computer Related Business Sector,2007,actual,thousands,153321,153321,153321,agree,both readings,252-253
2016,taxsales,Computer Related Business Sector,2008,actual,thousands,158410,158410,158410,agree,both readings,252-253
2016,taxsales,Computer Related Business Sector,2009,actual,thousands,168124,168124,168124,agree,both readings,252-253
2016,taxsales,Computer Related Business Sector,2010,actual,thousands,146311,146311,146311,agree,both readings,252-253
2016,taxsales,Computer Related Business Sector,2011,actual,thousands,167503,167503,167503,agree,both readings,252-253
2016,taxsales,Computer Related Business Sector,2012,actual,thousands,188876,188876,188876,agree,both readings,252-253
2016,taxsales,Computer Related Business Sector,2013,actual,thousands,209218,209218,209218,agree,both readings,252-253
2016,taxsales,Computer Related Business Sector,2014,actual,thousands,201225,201225,201225,agree,both readings,252-253
2016,taxsales,Computer Related Business Sector,2015,actual,thousands,205890,205890,205890,agree,both readings,252-253
2016,taxsales,Computer Related Business Sector,2016,actual,thousands,195938,195938,195938,agree,both readings,252-253
2016,taxsales,All Other,2007,actual,thousands,344405,344405,344405,agree,both readings,252-253
2016,taxsales,All Other,2008,actual,thousands,335698,335698,335698,agree,both readings,252-253
2016,taxsales,All Other,2009,actual,thousands,390880,390880,390880,agree,both readings,252-253
2016,taxsales,All Other,2010,actual,thousands,351272,351272,351272,agree,both readings,252-253
2016,taxsales,All Other,2011,actual,thousands,359612,359612,359612,agree,both readings,252-253
2016,taxsales,All Other,2012,actual,thousands,359324,359324,359324,agree,both readings,252-253
2016,taxsales,All Other,2013,actual,thousands,383549,383549,383549,agree,both readings,252-253
2016,taxsales,All Other,2014,actual,thousands,497419,497419,497419,agree,both readings,252-253
2016,taxsales,All Other,2015,actual,thousands,524543,524543,524543,agree,both readings,252-253
2016,taxsales,All Other,2016,actual,thousands,519125,519125,519125,agree,both readings,252-253
2016,taxsales,Refunds,2007,actual,thousands,-2565,-2565,-2565,agree,both readings,252-253
2016,taxsales,Refunds,2008,actual,thousands,-3300,-3300,-3300,agree,both readings,252-253
2016,taxsales,Refunds,2009,actual,thousands,-8349,-8349,-8349,agree,both readings,252-253
2016,taxsales,Refunds,2010,actual,thousands,-5396,-5396,-5396,agree,both readings,252-253
2016,taxsales,Refunds,2011,actual,thousands,-4781,-4781,-,DISAGREE,own arithmetic,252-253
2016,taxsales,Refunds,2012,actual,thousands,-,-,-,agree,both readings,252-253
2016,taxsales,Refunds,2013,actual,thousands,-,-,-,agree,both readings,252-253
2016,taxsales,Refunds,2014,actual,thousands,-,-,-,agree,both readings,252-253
2016,taxsales,Refunds,2015,actual,thousands,-,-,-,agree,both readings,252-253
2016,taxsales,Refunds,2016,actual,thousands,-,-,-4781,DISAGREE,another report,252-253
2016,taxsales,Total Sales and Use Tax,2007,actual,thousands,2483231,2483231,,ocr only,own arithmetic,252-253
2016,taxsales,Total Sales and Use Tax,2008,actual,thousands,2488768,2488768,,ocr only,another report,252-253
2016,taxsales,Total Sales and Use Tax,2009,actual,thousands,2506069,2506069,,ocr only,another report,252-253
2016,taxsales,Total Sales and Use Tax,2010,actual,thousands,2574840,2574840,,ocr only,another report,252-253
2016,taxsales,Total Sales and Use Tax,2011,actual,thousands,2716335,2716335,,ocr only,another report,252-253
2016,taxsales,Total Sales and Use Tax,2012,actual,thousands,2856218,2856218,,ocr only,another report,252-253
2016,taxsales,Total Sales and Use Tax,2013,actual,thousands,3053841,3053841,,ocr only,another report,252-253
2016,taxsales,Total Sales and Use Tax,2014,actual,thousands,3267304,3267304,,ocr only,another report,252-253
2016,taxsales,Total Sales and Use Tax,2015,actual,thousands,3402150,3402150,,ocr only,another report,252-253
2016,taxsales,Total Sales and Use Tax,2016,actual,thousands,3530285,3530285,,ocr only,another report,252-253
2016,taxsales,Direct city sales tax rate,2007,actual,pct,3.56,3.56,3.56,agree,both readings,252-253
2016,taxsales,Direct city sales tax rate,2008,actual,pct,3.41,3.41,3.41,agree,both readings,252-253
2016,taxsales,Direct city sales tax rate,2009,actual,pct,3.41,3.41,3.41,agree,both readings,252-253
2016,taxsales,Direct city sales tax rate,2010,actual,pct,3.41,3.41,3.41,agree,both readings,252-253
2016,taxsales,Direct city sales tax rate,2011,actual,pct,3.41,3.41,3.41,agree,both readings,252-253
2016,taxsales,Direct city sales tax rate,2012,actual,pct,3.41,3.41,3.41,agree,both readings,252-253
2016,taxsales,Direct city sales tax rate,2013,actual,pct,3.41,3.41,3.41,agree,both readings,252-253
2016,taxsales,Direct city sales tax rate,2014,actual,pct,3.56,3.56,3.56,agree,both readings,252-253
2016,taxsales,Direct city sales tax rate,2015,actual,pct,3.86,3.86,3.86,agree,both readings,252-253
2016,taxsales,Direct city sales tax rate,2016,actual,pct,3.86,3.86,3.86,agree,both readings,252-253
2016,taxsales,Food service sales tax,2007,actual,pct,0.15,0.15,0.15,agree,both readings,252-253
2016,taxsales,Food service sales tax,2008,actual,pct,0.15,0.15,0.15,agree,both readings,252-253
2016,taxsales,Food service sales tax,2009,actual,pct,0.15,0.15,0.15,agree,both readings,252-253
2016,taxsales,Food service sales tax,2010,actual,pct,0.15,0.15,0.15,agree,both readings,252-253
2016,taxsales,Food service sales tax,2011,actual,pct,0.15,0.15,0.15,agree,both readings,252-253
2016,taxsales,Food service sales tax,2012,actual,pct,0.15,0.15,0.15,agree,both readings,252-253
2016,taxsales,Food service sales tax,2013,actual,pct,0.15,0.15,0.15,agree,both readings,252-253
2016,taxsales,Food service sales tax,2014,actual,pct,0.15,0.15,0.15,agree,both readings,252-253
2016,taxsales,Food service sales tax,2015,actual,pct,0.15,0.15,0.15,agree,both readings,252-253
2016,taxsales,Food service sales tax,2016,actual,pct,0.15,0.15,0.15,agree,both readings,252-253
2016,taxsales,Total direct city sales tax,2007,actual,pct,3.71,3.71,3.71,agree,both readings,252-253
2016,taxsales,Total direct city sales tax,2008,actual,pct,3.56,3.56,3.56,agree,both readings,252-253
2016,taxsales,Total direct city sales tax,2009,actual,pct,3.56,3.56,3.56,agree,both readings,252-253
2016,taxsales,Total direct city sales tax,2010,actual,pct,3.56,3.56,3.56,agree,both readings,252-253
2016,taxsales,Total direct city sales tax,2011,actual,pct,3.56,3.56,3.56,agree,both readings,252-253
2016,taxsales,Total direct city sales tax,2012,actual,pct,3.56,3.56,3.56,agree,both readings,252-253
2016,taxsales,Total direct city sales tax,2013,actual,pct,3.56,3.56,3.56,agree,both readings,252-253
2016,taxsales,Total direct city sales tax,2014,actual,pct,3.71,3.71,3.71,agree,both readings,252-253
2016,taxsales,Total direct city sales tax,2015,actual,pct,4.01,4.01,4.01,agree,both readings,252-253
2016,taxsales,Total direct city sales tax,2016,actual,pct,4.01,4.01,4.01,agree,both readings,252-253
2016,fte,City Council,2007,adopted,fte,1,1,1,agree,both readings,268-269
2016,fte,City Council,2008,adopted,fte,1,1,1,agree,both readings,268-269
2016,fte,City Council,2009,adopted,fte,1,1,1,agree,both readings,268-269
2016,fte,City Council,2010,adopted,fte,-,-,-,agree,both readings,268-269
2016,fte,City Council,2011,adopted,fte,-,-,-,agree,both readings,268-269
2016,fte,City Council,2012,adopted,fte,-,-,-,agree,both readings,268-269
2016,fte,City Council,2013,adopted,fte,-,-,-,agree,both readings,268-269
2016,fte,City Council,2014,adopted,fte,-,-,-,agree,both readings,268-269
2016,fte,City Council,2015,adopted,fte,-,-,-,agree,both readings,268-269
2016,fte,City Council,2016,adopted,fte,-,-,-,agree,both readings,268-269
2016,fte,Municipal Court,2007,adopted,fte,18.5,18.5,18.5,agree,both readings,268-269
2016,fte,Municipal Court,2008,adopted,fte,18.5,18.5,18.5,agree,both readings,268-269
2016,fte,Municipal Court,2009,adopted,fte,18,18,18,agree,both readings,268-269
2016,fte,Municipal Court,2010,adopted,fte,16.25,16.25,16.25,agree,both readings,268-269
2016,fte,Municipal Court,2011,adopted,fte,16.25,16.25,16.25,agree,both readings,268-269
2016,fte,Municipal Court,2012,adopted,fte,16.25,16.25,16.25,agree,both readings,268-269
2016,fte,Municipal Court,2013,adopted,fte,18.16,18.16,18.16,agree,both readings,268-269
2016,fte,Municipal Court,2014,adopted,fte,18.13,18.13,18.13,agree,both readings,268-269
2016,fte,Municipal Court,2015,adopted,fte,21.13,21.13,21.13,agree,both readings,268-269
2016,fte,Municipal Court,2016,adopted,fte,21.13,21.13,21.13,agree,both readings,268-269
2016,fte,City Attorney,2007,adopted,fte,19.7,19.7,19.7,agree,both readings,268-269
2016,fte,City Attorney,2008,adopted,fte,18.65,18.65,18.65,agree,both readings,268-269
2016,fte,City Attorney,2009,adopted,fte,18.65,18.65,18.65,agree,both readings,268-269
2016,fte,City Attorney,2010,adopted,fte,18.65,18.65,18.65,agree,both readings,268-269
2016,fte,City Attorney,2011,adopted,fte,18.65,18.65,18.65,agree,both readings,268-269
2016,fte,City Attorney,2012,adopted,fte,20.15,20.15,20.15,agree,both readings,268-269
2016,fte,City Attorney,2013,adopted,fte,20.2,20.2,20.2,agree,both readings,268-269
2016,fte,City Attorney,2014,adopted,fte,21.2,21.2,21.2,agree,both readings,268-269
2016,fte,City Attorney,2015,adopted,fte,19.2,19.2,19.2,agree,both readings,268-269
2016,fte,City Attorney,2016,adopted,fte,25.7,25.7,25.7,agree,both readings,268-269
2016,fte,City Manager- Administration,2007,adopted,fte,10,10,10,agree,both readings,268-269
2016,fte,City Manager- Administration,2008,adopted,fte,16.5,16.5,16.5,agree,both readings,268-269
2016,fte,City Manager- Administration,2009,adopted,fte,16.5,16.5,16.5,agree,both readings,268-269
2016,fte,City Manager- Administration,2010,adopted,fte,14.3,14.3,14.3,agree,both readings,268-269
2016,fte,City Manager- Administration,2011,adopted,fte,11.8,11.8,11.8,agree,both readings,268-269
2016,fte,City Manager- Administration,2012,adopted,fte,12.68,12.68,12.68,agree,both readings,268-269
2016,fte,City Manager- Administration,2013,adopted,fte,12,12,12,agree,both readings,268-269
2016,fte,City Manager- Administration,2014,adopted,fte,12,12,12,agree,both readings,268-269
2016,fte,City Manager- Administration,2015,adopted,fte,19.5,19.5,19.5,agree,both readings,268-269
2016,fte,City Manager- Administration,2016,adopted,fte,17,17,17,agree,both readings,268-269
2016,fte,City Manager- Downtown & University Hill Mgt,2007,adopted,fte,42.25,42.25,42.25,agree,both readings,268-269
2016,fte,City Manager- Downtown & University Hill Mgt,2008,adopted,fte,42.25,42.25,42.25,agree,both readings,268-269
2016,fte,City Manager- Downtown & University Hill Mgt,2009,adopted,fte,42.25,42.25,42.25,agree,both readings,268-269
2016,fte,City Manager- Downtown & University Hill Mgt,2010,adopted,fte,42.25,42.25,42.25,agree,both readings,268-269
2016,fte,City Manager- Downtown & University Hill Mgt,2011,adopted,fte,42.25,42.25,42.25,agree,both readings,268-269
2016,fte,City Manager- Downtown & University Hill Mgt,2012,adopted,fte,42.25,42.25,42.25,agree,both readings,268-269
2016,fte,City Manager- Downtown & University Hill Mgt,2013,adopted,fte,42.25,42.25,42.25,agree,both readings,268-269
2016,fte,City Manager- Downtown & University Hill Mgt,2014,adopted,fte,42.25,42.25,42.25,agree,both readings,268-269
2016,fte,City Manager- Downtown & University Hill Mgt,2015,adopted,fte,44.5,44.5,44.5,agree,both readings,268-269
2016,fte,City Manager- Downtown & University Hill Mgt,2016,adopted,fte,46.5,46.5,46.5,agree,both readings,268-269
2016,fte,City Manager- Communications,2007,adopted,fte,11.5,11.5,11.5,agree,both readings,268-269
2016,fte,City Manager- Communications,2008,adopted,fte,6,6,6,agree,both readings,268-269
2016,fte,City Manager- Communications,2009,adopted,fte,6,6,6,agree,both readings,268-269
2016,fte,City Manager- Communications,2010,adopted,fte,4,4,4,agree,both readings,268-269
2016,fte,City Manager- Communications,2011,adopted,fte,5.5,5.5,5.5,agree,both readings,268-269
2016,fte,City Manager- Communications,2012,adopted,fte,6.5,6.5,6.5,agree,both readings,268-269
2016,fte,City Manager- Communications,2013,adopted,fte,6.5,6.5,6.5,agree,both readings,268-269
2016,fte,City Manager- Communications,2014,adopted,fte,6.5,6.5,6.5,agree,both readings,268-269
2016,fte,City Manager- Communications,2015,adopted,fte,6.5,6.5,6.5,agree,both readings,268-269
2016,fte,City Manager- Communications,2016,adopted,fte,12.75,12.75,12.75,agree,both readings,268-269
2016,fte,Human Resources,2007,adopted,fte,14.63,14.63,14.63,agree,both readings,268-269
2016,fte,Human Resources,2008,adopted,fte,16.38,16.38,16.38,agree,both readings,268-269
2016,fte,Human Resources,2009,adopted,fte,16.63,16.63,16.63,agree,both readings,268-269
2016,fte,Human Resources,2010,adopted,fte,14.88,14.88,14.88,agree,both readings,268-269
2016,fte,Human Resources,2011,adopted,fte,14.88,14.88,14.88,agree,both readings,268-269
2016,fte,Human Resources,2012,adopted,fte,15.38,15.38,15.38,agree,both readings,268-269
2016,fte,Human Resources,2013,adopted,fte,15.63,15.63,15.63,agree,both readings,268-269
2016,fte,Human Resources,2014,adopted,fte,18.63,18.63,18.63,agree,both readings,268-269
2016,fte,Human Resources,2015,adopted,fte,24.63,24.63,24.63,agree,both readings,268-269
2016,fte,Human Resources,2016,adopted,fte,24.38,24.38,24.38,agree,both readings,268-269
2016,fte,Finance,2007,adopted,fte,28.87,28.87,28.87,agree,both readings,268-269
2016,fte,Finance,2008,adopted,fte,29.37,29.37,29.37,agree,both readings,268-269
2016,fte,Finance,2009,adopted,fte,28.37,28.37,28.37,agree,both readings,268-269
2016,fte,Finance,2010,adopted,fte,26.37,26.37,26.37,agree,both readings,268-269
2016,fte,Finance,2011,adopted,fte,33.5,33.5,33.5,agree,both readings,268-269
2016,fte,Finance,2012,adopted,fte,34,34,34,agree,both readings,268-269
2016,fte,Finance,2013,adopted,fte,34,34,34,agree,both readings,268-269
2016,fte,Finance,2014,adopted,fte,36,36,36,agree,both readings,268-269
2016,fte,Finance,2015,adopted,fte,38.67,38.67,38.67,agree,both readings,268-269
2016,fte,Finance,2016,adopted,fte,44.5,44.5,44.5,agree,both readings,268-269
2016,fte,Information Technology,2007,adopted,fte,32.75,32.75,32.75,agree,both readings,268-269
2016,fte,Information Technology,2008,adopted,fte,35.25,35.25,35.25,agree,both readings,268-269
2016,fte,Information Technology,2009,adopted,fte,35.25,35.25,35.25,agree,both readings,268-269
2016,fte,Information Technology,2010,adopted,fte,33.5,33.5,33.5,agree,both readings,268-269
2016,fte,Information Technology,2011,adopted,fte,34.5,34.5,34.5,agree,both readings,268-269
2016,fte,Information Technology,2012,adopted,fte,34.5,34.5,34.5,agree,both readings,268-269
2016,fte,Information Technology,2013,adopted,fte,34,34,34,agree,both readings,268-269
2016,fte,Information Technology,2014,adopted,fte,36.85,36.85,36.85,agree,both readings,268-269
2016,fte,Information Technology,2015,adopted,fte,37.18,37.18,37.18,agree,both readings,268-269
2016,fte,Information Technology,2016,adopted,fte,40.25,40.25,40.25,agree,both readings,268-269
2016,fte,Police,2007,adopted,fte,269.25,269.25,269.25,agree,both readings,268-269
2016,fte,Police,2008,adopted,fte,273.25,273.25,273.25,agree,both readings,268-269
2016,fte,Police,2009,adopted,fte,273.25,273.25,273.25,agree,both readings,268-269
2016,fte,Police,2010,adopted,fte,269.5,269.5,269.5,agree,both readings,268-269
2016,fte,Police,2011,adopted,fte,276.5,276.5,276.5,agree,both readings,268-269
2016,fte,Police,2012,adopted,fte,279.5,279.5,279.5,agree,both readings,268-269
2016,fte,Police,2013,adopted,fte,279.5,279.5,279.5,agree,both readings,268-269
2016,fte,Police,2014,adopted,fte,282.5,282.5,282.5,agree,both readings,268-269
2016,fte,Police,2015,adopted,fte,288,288,288,agree,both readings,268-269
2016,fte,Police,2016,adopted,fte,290.89,290.89,290.89,agree,both readings,268-269
2016,fte,Fire,2007,adopted,fte,111.33,111.33,111.33,agree,both readings,268-269
2016,fte,Fire,2008,adopted,fte,111.33,111.33,111.33,agree,both readings,268-269
2016,fte,Fire,2009,adopted,fte,112.33,112.33,112.33,agree,both readings,268-269
2016,fte,Fire,2010,adopted,fte,112.33,112.33,112.33,agree,both readings,268-269
2016,fte,Fire,2011,adopted,fte,112.33,112.33,112.33,agree,both readings,268-269
2016,fte,Fire,2012,adopted,fte,115.33,115.33,115.33,agree,both readings,268-269
2016,fte,Fire,2013,adopted,fte,118.33,118.33,118.33,agree,both readings,268-269
2016,fte,Fire,2014,adopted,fte,120.33,120.33,120.33,agree,both readings,268-269
2016,fte,Fire,2015,adopted,fte,121.33,121.33,121.33,agree,both readings,268-269
2016,fte,Fire,2016,adopted,fte,124.33,124.33,124.33,agree,both readings,268-269
2016,fte,Planning & Development Services,2007,adopted,fte,69.36,69.36,69.36,agree,both readings,268-269
2016,fte,Planning & Development Services,2008,adopted,fte,72.56,72.56,72.56,agree,both readings,268-269
2016,fte,Planning & Development Services,2009,adopted,fte,76.56,76.56,76.56,agree,both readings,268-269
2016,fte,Planning & Development Services,2010,adopted,fte,79.47,79.47,79.47,agree,both readings,268-269
2016,fte,Planning & Development Services,2011,adopted,fte,78.66,78.66,78.66,agree,both readings,268-269
2016,fte,Planning & Development Services,2012,adopted,fte,82.97,82.97,82.97,agree,both readings,268-269
2016,fte,Planning & Development Services,2013,adopted,fte,88.74,88.74,88.74,agree,both readings,268-269
2016,fte,Planning & Development Services,2014,adopted,fte,93.87,93.87,93.87,agree,both readings,268-269
2016,fte,Planning & Development Services,2015,adopted,fte,105.92,105.92,105.92,agree,both readings,268-269
2016,fte,Planning & Development Services,2016,adopted,fte,112.72,112.72,112.72,agree,both readings,268-269
2016,fte,Environmental Affairs,2007,adopted,fte,5.5,5.5,5.5,agree,both readings,268-269
2016,fte,Environmental Affairs,2008,adopted,fte,9.5,9.5,9.5,agree,both readings,268-269
2016,fte,Environmental Affairs,2009,adopted,fte,10.5,10.5,10.5,agree,both readings,268-269
2016,fte,Environmental Affairs,2010,adopted,fte,-,-,-,agree,both readings,268-269
2016,fte,Environmental Affairs,2011,adopted,fte,-,-,-,agree,both readings,268-269
2016,fte,Environmental Affairs,2012,adopted,fte,-,-,-,agree,both readings,268-269
2016,fte,Environmental Affairs,2013,adopted,fte,-,-,-,agree,both readings,268-269
2016,fte,Environmental Affairs,2014,adopted,fte,-,-,-,agree,both readings,268-269
2016,fte,Environmental Affairs,2015,adopted,fte,-,-,-,agree,both readings,268-269
2016,fte,Environmental Affairs,2016,adopted,fte,-,-,-,agree,both readings,268-269
2016,fte,Administration,2007,adopted,fte,-,-,-,agree,both readings,268-269
2016,fte,Administration,2008,adopted,fte,-,-,-,agree,both readings,268-269
2016,fte,Administration,2009,adopted,fte,-,-,-,agree,both readings,268-269
2016,fte,Administration,2010,adopted,fte,-,-,-,agree,both readings,268-269
2016,fte,Administration,2011,adopted,fte,-,-,-,agree,both readings,268-269
2016,fte,Administration,2012,adopted,fte,-,-,-,agree,both readings,268-269
2016,fte,Administration,2013,adopted,fte,2.74,2.74,2.74,agree,both readings,268-269
2016,fte,Administration,2014,adopted,fte,2.74,2.74,2.74,agree,both readings,268-269
2016,fte,Administration,2015,adopted,fte,3.74,3.74,3.74,agree,both readings,268-269
2016,fte,Administration,2016,adopted,fte,2.85,2.85,2.85,agree,both readings,268-269
2016,fte,Fleet,2007,adopted,fte,16.87,16.87,16.87,agree,both readings,268-269
2016,fte,Fleet,2008,adopted,fte,16.87,16.87,16.87,agree,both readings,268-269
2016,fte,Fleet,2009,adopted,fte,16.87,16.87,16.87,agree,both readings,268-269
2016,fte,Fleet,2010,adopted,fte,14.87,14.87,14.87,agree,both readings,268-269
2016,fte,Fleet,2011,adopted,fte,14.82,14.82,14.82,agree,both readings,268-269
2016,fte,Fleet,2012,adopted,fte,14.82,14.82,14.82,agree,both readings,268-269
2016,fte,Fleet,2013,adopted,fte,14.77,14.77,14.77,agree,both readings,268-269
2016,fte,Fleet,2014,adopted,fte,14.77,14.77,14.77,agree,both readings,268-269
2016,fte,Fleet,2015,adopted,fte,14.77,14.77,14.77,agree,both readings,268-269
2016,fte,Fleet,2016,adopted,fte,15.12,15.12,15.12,agree,both readings,268-269
2016,fte,Transportation,2007,adopted,fte,65.99,65.99,65.99,agree,both readings,268-269
2016,fte,Transportation,2008,adopted,fte,68.24,68.24,68.24,agree,both readings,268-269
2016,fte,Transportation,2009,adopted,fte,68.69,68.69,68.69,agree,both readings,268-269
2016,fte,Transportation,2010,adopted,fte,67.1,67.1,67.1,agree,both readings,268-269
2016,fte,Transportation,2011,adopted,fte,59.28,59.28,59.28,agree,both readings,268-269
2016,fte,Transportation,2012,adopted,fte,59.52,59.52,59.52,agree,both readings,268-269
2016,fte,Transportation,2013,adopted,fte,59.78,59.78,59.78,agree,both readings,268-269
2016,fte,Transportation,2014,adopted,fte,60.09,60.09,60.09,agree,both readings,268-269
2016,fte,Transportation,2015,adopted,fte,70.34,70.34,70.34,agree,both readings,268-269
2016,fte,Transportation,2016,adopted,fte,71.34,71.34,71.34,agree,both readings,268-269
2016,fte,Utilities,2007,adopted,fte,154.93,154.93,154.93,agree,both readings,268-269
2016,fte,Utilities,2008,adopted,fte,155.18,155.18,155.18,agree,both readings,268-269
2016,fte,Utilities,2009,adopted,fte,156.23,156.23,156.23,agree,both readings,268-269
2016,fte,Utilities,2010,adopted,fte,155.9,155.9,155.9,agree,both readings,268-269
2016,fte,Utilities,2011,adopted,fte,154.84,154.84,154.84,agree,both readings,268-269
2016,fte,Utilities,2012,adopted,fte,154.84,154.84,154.84,agree,both readings,268-269
2016,fte,Utilities,2013,adopted,fte,153.59,153.59,153.59,agree,both readings,268-269
2016,fte,Utilities,2014,adopted,fte,154.17,154.17,154.17,agree,both readings,268-269
2016,fte,Utilities,2015,adopted,fte,166.92,166.92,166.92,agree,both readings,268-269
2016,fte,Utilities,2016,adopted,fte,168.02,168.02,168.02,agree,both readings,268-269
2016,fte,Facility / Asset Management,2007,adopted,fte,13.58,13.58,13.58,agree,both readings,268-269
2016,fte,Facility / Asset Management,2008,adopted,fte,14.58,14.58,14.58,agree,both readings,268-269
2016,fte,Facility / Asset Management,2009,adopted,fte,14.58,14.58,14.58,agree,both readings,268-269
2016,fte,Facility / Asset Management,2010,adopted,fte,14.58,14.58,14.58,agree,both readings,268-269
2016,fte,Facility / Asset Management,2011,adopted,fte,14.68,14.68,14.68,agree,both readings,268-269
2016,fte,Facility / Asset Management,2012,adopted,fte,14.68,14.68,14.68,agree,both readings,268-269
2016,fte,Facility / Asset Management,2013,adopted,fte,14.73,14.73,14.73,agree,both readings,268-269
2016,fte,Facility / Asset Management,2014,adopted,fte,14.84,14.84,14.84,agree,both readings,268-269
2016,fte,Facility / Asset Management,2015,adopted,fte,14.84,14.84,14.84,agree,both readings,268-269
2016,fte,Facility / Asset Management,2016,adopted,fte,17.53,17.53,17.53,agree,both readings,268-269
2016,fte,Parks and Recreation,2007,adopted,fte,144.62,144.62,144.62,agree,both readings,268-269
2016,fte,Parks and Recreation,2008,adopted,fte,145.82,145.82,145.82,agree,both readings,268-269
2016,fte,Parks and Recreation,2009,adopted,fte,146.99,146.99,146.99,agree,both readings,268-269
2016,fte,Parks and Recreation,2010,adopted,fte,139.24,139.24,139.24,agree,both readings,268-269
2016,fte,Parks and Recreation,2011,adopted,fte,126.12,126.12,126.12,agree,both readings,268-269
2016,fte,Parks and Recreation,2012,adopted,fte,126.37,126.37,126.37,agree,both readings,268-269
2016,fte,Parks and Recreation,2013,adopted,fte,128.37,128.37,128.37,agree,both readings,268-269
2016,fte,Parks and Recreation,2014,adopted,fte,127.37,127.37,127.37,agree,both readings,268-269
2016,fte,Parks and Recreation,2015,adopted,fte,130.35,130.35,130.35,agree,both readings,268-269
2016,fte,Parks and Recreation,2016,adopted,fte,136.35,136.35,136.35,agree,both readings,268-269
2016,fte,Library,2007,adopted,fte,79.45,79.45,79.45,agree,both readings,268-269
2016,fte,Library,2008,adopted,fte,80.2,80.2,80.2,agree,both readings,268-269
2016,fte,Library,2009,adopted,fte,79.95,79.95,79.95,agree,both readings,268-269
2016,fte,Library,2010,adopted,fte,76.95,76.95,76.95,agree,both readings,268-269
2016,fte,Library,2011,adopted,fte,75.45,75.45,75.45,agree,both readings,268-269
2016,fte,Library,2012,adopted,fte,75.13,75.13,75.13,agree,both readings,268-269
2016,fte,Library,2013,adopted,fte,74.14,74.14,74.14,agree,both readings,268-269
2016,fte,Library,2014,adopted,fte,76.26,76.26,76.26,agree,both readings,268-269
2016,fte,Library,2015,adopted,fte,76.26,76.26,76.26,agree,both readings,268-269
2016,fte,Library,2016,adopted,fte,77.5,77.5,77.5,agree,both readings,268-269
2016,fte,Arts,2007,adopted,fte,1.5,1.5,1.5,agree,both readings,268-269
2016,fte,Arts,2008,adopted,fte,1.5,1.5,1.5,agree,both readings,268-269
2016,fte,Arts,2009,adopted,fte,1.5,1.5,1.5,agree,both readings,268-269
2016,fte,Arts,2010,adopted,fte,1.5,1.5,1.5,agree,both readings,268-269
2016,fte,Arts,2011,adopted,fte,1.5,1.5,1.5,agree,both readings,268-269
2016,fte,Arts,2012,adopted,fte,2,2,2,agree,both readings,268-269
2016,fte,Arts,2013,adopted,fte,3.25,3.25,3.25,agree,both readings,268-269
2016,fte,Arts,2014,adopted,fte,3.25,3.25,3.25,agree,both readings,268-269
2016,fte,Arts,2015,adopted,fte,2.25,2.25,2.25,agree,both readings,268-269
2016,fte,Arts,2016,adopted,fte,1,1,1,agree,both readings,268-269
2016,fte,Open Space / Mountain Parks,2007,adopted,fte,83.25,83.25,83.25,agree,both readings,268-269
2016,fte,Open Space / Mountain Parks,2008,adopted,fte,92,92,92,agree,both readings,268-269
2016,fte,Open Space / Mountain Parks,2009,adopted,fte,91,91,91,agree,both readings,268-269
2016,fte,Open Space / Mountain Parks,2010,adopted,fte,90.5,90.5,90.5,agree,both readings,268-269
2016,fte,Open Space / Mountain Parks,2011,adopted,fte,85.6,85.6,85.6,agree,both readings,268-269
2016,fte,Open Space / Mountain Parks,2012,adopted,fte,89.6,89.6,89.6,agree,both readings,268-269
2016,fte,Open Space / Mountain Parks,2013,adopted,fte,91.6,91.6,91.6,agree,both readings,268-269
2016,fte,Open Space / Mountain Parks,2014,adopted,fte,95.35,95.35,95.35,agree,both readings,268-269
2016,fte,Open Space / Mountain Parks,2015,adopted,fte,102.35,102.35,102.35,agree,both readings,268-269
2016,fte,Open Space / Mountain Parks,2016,adopted,fte,117.15,117.15,117.15,agree,both readings,268-269
2016,fte,Housing and Human Services,2007,adopted,fte,56.51,56.51,56.51,agree,both readings,268-269
2016,fte,Housing and Human Services,2008,adopted,fte,56.24,56.24,56.24,agree,both readings,268-269
2016,fte,Housing and Human Services,2009,adopted,fte,57.42,57.42,57.42,agree,both readings,268-269
2016,fte,Housing and Human Services,2010,adopted,fte,56.1,56.1,56.1,agree,both readings,268-269
2016,fte,Housing and Human Services,2011,adopted,fte,53.39,53.39,53.39,agree,both readings,268-269
2016,fte,Housing and Human Services,2012,adopted,fte,46.73,46.73,46.73,agree,both readings,268-269
2016,fte,Housing and Human Services,2013,adopted,fte,48.34,48.34,48.34,agree,both readings,268-269
2016,fte,Housing and Human Services,2014,adopted,fte,48.91,48.91,48.91,agree,both readings,268-269
2016,fte,Housing and Human Services,2015,adopted,fte,50.39,50.39,50.39,agree,both readings,268-269
2016,fte,Housing and Human Services,2016,adopted,fte,52.14,52.14,52.14,agree,both readings,268-269
2016,fte,Total,2007,adopted,fte,1251.34,1251.34,1251.34,agree,both readings,268-269
2016,fte,Total,2008,adopted,fte,1281.17,1281.17,1281.17,agree,both readings,268-269
2016,fte,Total,2009,adopted,fte,1288.52,1288.52,1288.52,agree,both readings,268-269
2016,fte,Total,2010,adopted,fte,1248.24,1248.24,1248.24,agree,both readings,268-269
2016,fte,Total,2011,adopted,fte,1230.5,1230.5,1230.5,agree,both readings,268-269
2016,fte,Total,2012,adopted,fte,1243.2,1243.2,1243.2,agree,both readings,268-269
2016,fte,Total,2013,adopted,fte,1260.62,1260.62,1260.62,agree,both readings,268-269
2016,fte,Total,2014,adopted,fte,1286.01,1286.01,1286.01,agree,both readings,268-269
2016,fte,Total,2015,adopted,fte,1358.77,1358.77,1358.77,agree,both readings,268-269
2016,fte,Total,2016,adopted,fte,1419.15,1419.15,1419.15,agree,both readings,268-269
2016,gf,Sales and use taxes,2016,adopted,thousands,60608,60608,60608,agree,both readings,48-49
2016,gf,Sales and use taxes,2016,final,thousands,60608,60608,60608,agree,both readings,48-49
2016,gf,Sales and use taxes,2016,actual,thousands,60305,60305,60305,agree,both readings,48-49
2016,gf,Sales and use taxes,2016,variance,thousands,-303,-303,-303,agree,both readings,48-49
2016,gf,General property taxes,2016,adopted,thousands,28958,28958,28958,agree,both readings,48-49
2016,gf,General property taxes,2016,final,thousands,28967,28967,28967,agree,both readings,48-49
2016,gf,General property taxes,2016,actual,thousands,33005,33005,33005,agree,both readings,48-49
2016,gf,General property taxes,2016,variance,thousands,4038,4038,4038,agree,both readings,48-49
2016,gf,Accomodations taxes,2016,adopted,thousands,7076,7076,7076,agree,both readings,48-49
2016,gf,Accomodations taxes,2016,final,thousands,7492,7492,7492,agree,both readings,48-49
2016,gf,Accomodations taxes,2016,actual,thousands,7927,7927,7927,agree,both readings,48-49
2016,gf,Accomodations taxes,2016,variance,thousands,435,435,435,agree,both readings,48-49
2016,gf,Franchise taxes,2016,adopted,thousands,10634,10634,10634,agree,both readings,48-49
2016,gf,Franchise taxes,2016,final,thousands,10634,10634,10634,agree,both readings,48-49
2016,gf,Franchise taxes,2016,actual,thousands,10880,10880,10880,agree,both readings,48-49
2016,gf,Franchise taxes,2016,variance,thousands,246,246,246,agree,both readings,48-49
2016,gf,Specific ownership & tobacco taxes,2016,adopted,thousands,1833,1833,1833,agree,both readings,48-49
2016,gf,Specific ownership & tobacco taxes,2016,final,thousands,1833,1833,1833,agree,both readings,48-49
2016,gf,Specific ownership & tobacco taxes,2016,actual,thousands,2277,2277,2277,agree,both readings,48-49
2016,gf,Specific ownership & tobacco taxes,2016,variance,thousands,444,444,444,agree,both readings,48-49
2016,gf,Excise taxes,2016,adopted,thousands,150,150,150,agree,both readings,48-49
2016,gf,Excise taxes,2016,final,thousands,150,150,150,agree,both readings,48-49
2016,gf,Excise taxes,2016,actual,thousands,1250,1250,1250,agree,both readings,48-49
2016,gf,Excise taxes,2016,variance,thousands,1100,1100,1100,agree,both readings,48-49
2016,gf,Charges for services,2016,adopted,thousands,4985,4985,4985,agree,both readings,48-49
2016,gf,Charges for services,2016,final,thousands,5291,5291,5291,agree,both readings,48-49
2016,gf,Charges for services,2016,actual,thousands,4735,4735,4735,agree,both readings,48-49
2016,gf,Charges for services,2016,variance,thousands,-556,-556,-556,agree,both readings,48-49
2016,gf,Sale of goods,2016,adopted,thousands,75,75,75,agree,both readings,48-49
2016,gf,Sale of goods,2016,final,thousands,75,75,75,agree,both readings,48-49
2016,gf,Sale of goods,2016,actual,thousands,84,84,84,agree,both readings,48-49
2016,gf,Sale of goods,2016,variance,thousands,9,9,9,agree,both readings,48-49
2016,gf,"Licenses, permits and fines",2016,adopted,thousands,5553,5553,5553,agree,both readings,48-49
2016,gf,"Licenses, permits and fines",2016,final,thousands,5704,5704,5704,agree,both readings,48-49
2016,gf,"Licenses, permits and fines",2016,actual,thousands,6592,6592,6592,agree,both readings,48-49
2016,gf,"Licenses, permits and fines",2016,variance,thousands,888,888,888,agree,both readings,48-49
2016,gf,Intergovernmental,2016,adopted,thousands,1168,1168,1168,agree,both readings,48-49
2016,gf,Intergovernmental,2016,final,thousands,1779,1779,1779,agree,both readings,48-49
2016,gf,Intergovernmental,2016,actual,thousands,1552,1552,1552,agree,both readings,48-49
2016,gf,Intergovernmental,2016,variance,thousands,-227,-227,-227,agree,both readings,48-49
2016,gf,"Leases, rents and royalties",2016,adopted,thousands,152,152,152,agree,both readings,48-49
2016,gf,"Leases, rents and royalties",2016,final,thousands,602,602,602,agree,both readings,48-49
2016,gf,"Leases, rents and royalties",2016,actual,thousands,603,603,603,agree,both readings,48-49
2016,gf,"Leases, rents and royalties",2016,variance,thousands,1,1,1,agree,both readings,48-49
2016,gf,Interest and investment earnings,2016,adopted,thousands,361,361,361,agree,both readings,48-49
2016,gf,Interest and investment earnings,2016,final,thousands,361,361,361,agree,both readings,48-49
2016,gf,Interest and investment earnings,2016,actual,thousands,668,668,668,agree,both readings,48-49
2016,gf,Interest and investment earnings,2016,variance,thousands,307,307,307,agree,both readings,48-49
2016,gf,Other,2016,adopted,thousands,247,247,247,agree,both readings,48-49
2016,gf,Other,2016,final,thousands,790,790,790,agree,both readings,48-49
2016,gf,Other,2016,actual,thousands,1489,1489,1489,agree,both readings,48-49
2016,gf,Other,2016,variance,thousands,699,699,699,agree,both readings,48-49
2016,gf,Total revenues,2016,adopted,thousands,121800,121800,121800,agree,both readings,48-49
2016,gf,Total revenues,2016,final,thousands,124286,124286,124286,agree,both readings,48-49
2016,gf,Total revenues,2016,actual,thousands,131367,131367,131367,agree,both readings,48-49
2016,gf,Total revenues,2016,variance,thousands,7081,7081,7081,agree,both readings,48-49
2016,gf,General Government,2016,adopted,thousands,13150,13150,13150,agree,both readings,48-49
2016,gf,General Government,2016,final,thousands,22805,22805,22805,agree,both readings,48-49
2016,gf,General Government,2016,actual,thousands,14888,14888,14888,agree,both readings,48-49
2016,gf,General Government,2016,variance,thousands,7917,7917,7917,agree,both readings,48-49
2016,gf,Administrative Services,2016,adopted,thousands,14977,14977,14977,agree,both readings,48-49
2016,gf,Administrative Services,2016,final,thousands,17071,17071,17071,agree,both readings,48-49
2016,gf,Administrative Services,2016,actual,thousands,13549,13549,13549,agree,both readings,48-49
2016,gf,Administrative Services,2016,variance,thousands,3522,3522,3522,agree,both readings,48-49
2016,gf,Public Safety,2016,adopted,thousands,52953,52953,52953,agree,both readings,48-49
2016,gf,Public Safety,2016,final,thousands,55864,55864,55864,agree,both readings,48-49
2016,gf,Public Safety,2016,actual,thousands,54336,54336,54336,agree,both readings,48-49
2016,gf,Public Safety,2016,variance,thousands,1528,1528,1528,agree,both readings,48-49
2016,gf,Public Works,2016,adopted,thousands,6711,6711,6711,agree,both readings,48-49
2016,gf,Public Works,2016,final,thousands,10250,10250,10250,agree,both readings,48-49
2016,gf,Public Works,2016,actual,thousands,7898,7898,7898,agree,both readings,48-49
2016,gf,Public Works,2016,variance,thousands,2352,2352,2352,agree,both readings,48-49
2016,gf,Planning & Development Services,2016,adopted,thousands,2302,2302,2302,agree,both readings,48-49
2016,gf,Planning & Development Services,2016,final,thousands,3869,3869,3869,agree,both readings,48-49
2016,gf,Planning & Development Services,2016,actual,thousands,3126,3126,3126,agree,both readings,48-49
2016,gf,Planning & Development Services,2016,variance,thousands,743,743,743,agree,both readings,48-49
2016,gf,Culture and Recreation,2016,adopted,thousands,5644,5644,5644,agree,both readings,48-49
2016,gf,Culture and Recreation,2016,final,thousands,13278,13278,13278,agree,both readings,48-49
2016,gf,Culture and Recreation,2016,actual,thousands,12835,12835,12835,agree,both readings,48-49
2016,gf,Culture and Recreation,2016,variance,thousands,443,443,443,agree,both readings,48-49
2016,gf,Open Space and Mountain Parks,2016,adopted,thousands,154,154,154,agree,both readings,48-49
2016,gf,Open Space and Mountain Parks,2016,final,thousands,31,31,31,agree,both readings,48-49
2016,gf,Open Space and Mountain Parks,2016,actual,thousands,33,33,33,agree,both readings,48-49
2016,gf,Open Space and Mountain Parks,2016,variance,thousands,-2,-2,-2,agree,both readings,48-49
2016,gf,Housing and Human Services,2016,adopted,thousands,10358,10358,10358,agree,both readings,48-49
2016,gf,Housing and Human Services,2016,final,thousands,15631,15631,15631,agree,both readings,48-49
2016,gf,Housing and Human Services,2016,actual,thousands,9340,9340,9340,agree,both readings,48-49
2016,gf,Housing and Human Services,2016,variance,thousands,6291,6291,6291,agree,both readings,48-49
2016,gf,Principal,2016,adopted,thousands,3080,3080,3080,agree,both readings,48-49
2016,gf,Principal,2016,final,thousands,3080,3080,3080,agree,both readings,48-49
2016,gf,Principal,2016,actual,thousands,3080,3080,3080,agree,both readings,48-49
2016,gf,Principal,2016,variance,thousands,-,-,-,agree,both readings,48-49
2016,gf,Interest,2016,adopted,thousands,2021,2021,2021,agree,both readings,48-49
2016,gf,Interest,2016,final,thousands,2021,2021,2021,agree,both readings,48-49
2016,gf,Interest,2016,actual,thousands,2021,2021,2021,agree,both readings,48-49
2016,gf,Interest,2016,variance,thousands,-,-,-,agree,both readings,48-49
2016,gf,Total expenditures,2016,adopted,thousands,111350,111350,111350,agree,both readings,48-49
2016,gf,Total expenditures,2016,final,thousands,143900,143900,143900,agree,both readings,48-49
2016,gf,Total expenditures,2016,actual,thousands,121106,121106,121106,agree,both readings,48-49
2016,gf,Total expenditures,2016,variance,thousands,22794,22794,22794,agree,both readings,48-49
2016,gf,Excess (deficiency) of revenues over (under) expenditures,2016,adopted,thousands,10450,10450,,ocr only,own arithmetic,48-49
2016,gf,Excess (deficiency) of revenues over (under) expenditures,2016,final,thousands,-19614,-19614,,ocr only,own arithmetic,48-49
2016,gf,Excess (deficiency) of revenues over (under) expenditures,2016,actual,thousands,10261,10261,,ocr only,own arithmetic,48-49
2016,gf,Excess (deficiency) of revenues over (under) expenditures,2016,variance,thousands,29875,29875,,ocr only,own arithmetic,48-49
2016,gf,Transfers in,2016,adopted,thousands,161,161,161,agree,both readings,48-49
2016,gf,Transfers in,2016,final,thousands,493,493,493,agree,both readings,48-49
2016,gf,Transfers in,2016,actual,thousands,2543,2543,2543,agree,both readings,48-49
2016,gf,Transfers in,2016,variance,thousands,2050,2050,2050,agree,both readings,48-49
2016,gf,Transfers out,2016,adopted,thousands,-15237,-15237,-15237,agree,both readings,48-49
2016,gf,Transfers out,2016,final,thousands,-9038,-9038,-9038,agree,both readings,48-49
2016,gf,Transfers out,2016,actual,thousands,-11278,-11278,-11278,agree,both readings,48-49
2016,gf,Transfers out,2016,variance,thousands,-2240,-2240,-2240,agree,both readings,48-49
2016,gf,Total other financing sources (uses),2016,adopted,thousands,-15076,-15076,-15076,agree,both readings,48-49
2016,gf,Total other financing sources (uses),2016,final,thousands,-8545,-8545,-8545,agree,both readings,48-49
2016,gf,Total other financing sources (uses),2016,actual,thousands,-8735,-8735,-8735,agree,both readings,48-49
2016,gf,Total other financing sources (uses),2016,variance,thousands,-190,-190,-190,agree,both readings,48-49
2016,gf,Net change in fund balance,2016,adopted,thousands,-4626,-4626,-4626,agree,both readings,48-49
2016,gf,Net change in fund balance,2016,final,thousands,-28159,-28159,-28159,agree,both readings,48-49
2016,gf,Net change in fund balance,2016,actual,thousands,1526,1526,1526,agree,both readings,48-49
2016,gf,Net change in fund balance,2016,variance,thousands,29685,29685,29685,agree,both readings,48-49
2016,legal,Assessed value,2016,actual,thousands,3146952,3146952,3146952,agree,both readings,262-263
2016,legal,Debt limit - 3% of assessed value,2016,actual,thousands,94409,94409,94409,agree,both readings,262-263
2017,fundbal,Sales and use taxes,2008,actual,thousands,84867,84867,84867,agree,both readings,256-257
2017,fundbal,Sales and use taxes,2009,actual,thousands,85457,85457,85457,agree,both readings,256-257
2017,fundbal,Sales and use taxes,2010,actual,thousands,87802,87802,87802,agree,both readings,256-257
2017,fundbal,Sales and use taxes,2011,actual,thousands,92627,92627,92627,agree,both readings,256-257
2017,fundbal,Sales and use taxes,2012,actual,thousands,97397,97397,,ocr only,another report,256-257
2017,fundbal,Sales and use taxes,2013,actual,thousands,104136,104136,,ocr only,another report,256-257
2017,fundbal,Sales and use taxes,2014,actual,thousands,116316,116316,,ocr only,another report,256-257
2017,fundbal,Sales and use taxes,2015,actual,thousands,131323,131323,,ocr only,another report,256-257
2017,fundbal,Sales and use taxes,2016,actual,thousands,136269,136269,,ocr only,another report,256-257
2017,fundbal,Sales and use taxes,2017,actual,thousands,131857,131857,,ocr only,another report,256-257
2017,fundbal,General property taxes,2008,actual,thousands,21865,21865,21865,agree,both readings,256-257
2017,fundbal,General property taxes,2009,actual,thousands,23526,23526,23526,agree,both readings,256-257
2017,fundbal,General property taxes,2010,actual,thousands,26022,26022,26022,agree,both readings,256-257
2017,fundbal,General property taxes,2011,actual,thousands,27462,27462,27462,agree,both readings,256-257
2017,fundbal,General property taxes,2012,actual,thousands,29474,29474,29474,agree,both readings,256-257
2017,fundbal,General property taxes,2013,actual,thousands,29434,29434,29434,agree,both readings,256-257
2017,fundbal,General property taxes,2014,actual,thousands,30353,30353,30353,agree,both readings,256-257
2017,fundbal,General property taxes,2015,actual,thousands,30846,30846,30846,agree,both readings,256-257
2017,fundbal,General property taxes,2016,actual,thousands,36897,36897,36897,agree,both readings,256-257
2017,fundbal,General property taxes,2017,actual,thousands,37252,37252,37252,agree,both readings,256-257
2017,taxsales,Food Stores,2008,actual,thousands,329727,329727,329727,agree,both readings,258-259
2017,taxsales,Food Stores,2009,actual,thousands,328338,328338,328338,agree,both readings,258-259
2017,taxsales,Food Stores,2010,actual,thousands,327796,327796,327796,agree,both readings,258-259
2017,taxsales,Food Stores,2011,actual,thousands,359707,359707,359707,agree,both readings,258-259
2017,taxsales,Food Stores,2012,actual,thousands,388154,388154,388154,agree,both readings,258-259
2017,taxsales,Food Stores,2013,actual,thousands,397482,397482,397482,agree,both readings,258-259
2017,taxsales,Food Stores,2014,actual,thousands,418373,418373,418373,agree,both readings,258-259
2017,taxsales,Food Stores,2015,actual,thousands,440661,440661,440661,agree,both readings,258-259
2017,taxsales,Food Stores,2016,actual,thousands,452030,452030,452030,agree,both readings,258-259
2017,taxsales,Food Stores,2017,actual,thousands,469529,469529,469529,agree,both readings,258-259
2017,taxsales,Eating Places,2008,actual,thousands,321062,321062,321062,agree,both readings,258-259
2017,taxsales,Eating Places,2009,actual,thousands,311060,311060,311060,agree,both readings,258-259
2017,taxsales,Eating Places,2010,actual,thousands,321904,321904,321904,agree,both readings,258-259
2017,taxsales,Eating Places,2011,actual,thousands,347871,347871,347871,agree,both readings,258-259
2017,taxsales,Eating Places,2012,actual,thousands,384485,384485,384485,agree,both readings,258-259
2017,taxsales,Eating Places,2013,actual,thousands,389207,389207,389207,agree,both readings,258-259
2017,taxsales,Eating Places,2014,actual,thousands,411710,411710,411710,agree,both readings,258-259
2017,taxsales,Eating Places,2015,actual,thousands,437428,437428,437428,agree,both readings,258-259
2017,taxsales,Eating Places,2016,actual,thousands,451436,451436,451436,agree,both readings,258-259
2017,taxsales,Eating Places,2017,actual,thousands,483063,483063,483063,agree,both readings,258-259
2017,taxsales,Apparel Stores,2008,actual,thousands,82966,82966,82966,agree,both readings,258-259
2017,taxsales,Apparel Stores,2009,actual,thousands,77259,77259,77259,agree,both readings,258-259
2017,taxsales,Apparel Stores,2010,actual,thousands,79232,79232,79232,agree,both readings,258-259
2017,taxsales,Apparel Stores,2011,actual,thousands,100696,100696,100696,agree,both readings,258-259
2017,taxsales,Apparel Stores,2012,actual,thousands,110467,110467,110467,agree,both readings,258-259
2017,taxsales,Apparel Stores,2013,actual,thousands,111504,111504,111504,agree,both readings,258-259
2017,taxsales,Apparel Stores,2014,actual,thousands,119125,119125,119125,agree,both readings,258-259
2017,taxsales,Apparel Stores,2015,actual,thousands,122977,122977,122977,agree,both readings,258-259
2017,taxsales,Apparel Stores,2016,actual,thousands,123958,123958,123958,agree,both readings,258-259
2017,taxsales,Apparel Stores,2017,actual,thousands,122065,122065,122065,agree,both readings,258-259
2017,taxsales,Home Furnishings,2008,actual,thousands,80115,80115,80115,agree,both readings,258-259
2017,taxsales,Home Furnishings,2009,actual,thousands,75883,75883,75883,agree,both readings,258-259
2017,taxsales,Home Furnishings,2010,actual,thousands,76487,76487,76487,agree,both readings,258-259
2017,taxsales,Home Furnishings,2011,actual,thousands,81304,81304,81304,agree,both readings,258-259
2017,taxsales,Home Furnishings,2012,actual,thousands,81243,81243,81243,agree,both readings,258-259
2017,taxsales,Home Furnishings,2013,actual,thousands,80077,80077,80077,agree,both readings,258-259
2017,taxsales,Home Furnishings,2014,actual,thousands,88116,88116,88116,agree,both readings,258-259
2017,taxsales,Home Furnishings,2015,actual,thousands,89689,89689,89689,agree,both readings,258-259
2017,taxsales,Home Furnishings,2016,actual,thousands,92314,92314,92314,agree,both readings,258-259
2017,taxsales,Home Furnishings,2017,actual,thousands,96890,96890,96890,agree,both readings,258-259
2017,taxsales,General Retail,2008,actual,thousands,532688,532688,532688,agree,both readings,258-259
2017,taxsales,General Retail,2009,actual,thousands,515305,515305,515305,agree,both readings,258-259
2017,taxsales,General Retail,2010,actual,thousands,567786,567786,567786,agree,both readings,258-259
2017,taxsales,General Retail,2011,actual,thousands,586189,586189,586189,agree,both readings,258-259
2017,taxsales,General Retail,2012,actual,thousands,606359,606359,606359,agree,both readings,258-259
2017,taxsales,General Retail,2013,actual,thousands,613769,613769,613769,agree,both readings,258-259
2017,taxsales,General Retail,2014,actual,thousands,630457,630457,630457,agree,both readings,258-259
2017,taxsales,General Retail,2015,actual,thousands,658659,658659,658659,agree,both readings,258-259
2017,taxsales,General Retail,2016,actual,thousands,737753,737753,737753,agree,both readings,258-259
2017,taxsales,General Retail,2017,actual,thousands,707188,707188,707188,agree,both readings,258-259
2017,taxsales,Transportation/Utilities,2008,actual,thousands,231463,231463,231463,agree,both readings,258-259
2017,taxsales,Transportation/Utilities,2009,actual,thousands,215137,215137,215137,agree,both readings,258-259
2017,taxsales,Transportation/Utilities,2010,actual,thousands,220981,220981,220981,agree,both readings,258-259
2017,taxsales,Transportation/Utilities,2011,actual,thousands,215462,215462,215462,agree,both readings,258-259
2017,taxsales,Transportation/Utilities,2012,actual,thousands,208713,208713,208713,agree,both readings,258-259
2017,taxsales,Transportation/Utilities,2013,actual,thousands,227916,227916,227916,agree,both readings,258-259
2017,taxsales,Transportation/Utilities,2014,actual,thousands,244471,244471,244471,agree,both readings,258-259
2017,taxsales,Transportation/Utilities,2015,actual,thousands,229281,229281,229281,agree,both readings,258-259
2017,taxsales,Transportation/Utilities,2016,actual,thousands,220926,220926,220926,agree,both readings,258-259
2017,taxsales,Transportation/Utilities,2017,actual,thousands,227003,227003,227003,agree,both readings,258-259
2017,taxsales,Automotive Trade,2008,actual,thousands,151612,151612,151612,agree,both readings,258-259
2017,taxsales,Automotive Trade,2009,actual,thousands,145333,145333,145333,agree,both readings,258-259
2017,taxsales,Automotive Trade,2010,actual,thousands,157930,157930,157930,agree,both readings,258-259
2017,taxsales,Automotive Trade,2011,actual,thousands,174631,174631,174631,agree,both readings,258-259
2017,taxsales,Automotive Trade,2012,actual,thousands,187675,187675,187675,agree,both readings,258-259
2017,taxsales,Automotive Trade,2013,actual,thousands,206196,206196,206196,agree,both readings,258-259
2017,taxsales,Automotive Trade,2014,actual,thousands,224224,224224,224224,agree,both readings,258-259
2017,taxsales,Automotive Trade,2015,actual,thousands,235029,235029,235029,agree,both readings,258-259
2017,taxsales,Automotive Trade,2016,actual,thousands,239489,239489,239489,agree,both readings,258-259
2017,taxsales,Automotive Trade,2017,actual,thousands,263071,263071,263071,agree,both readings,258-259
2017,taxsales,Building Material-Retail,2008,actual,thousands,90428,90428,90428,agree,both readings,258-259
2017,taxsales,Building Material-Retail,2009,actual,thousands,82342,82342,82342,agree,both readings,258-259
2017,taxsales,Building Material-Retail,2010,actual,thousands,87238,87238,87238,agree,both readings,258-259
2017,taxsales,Building Material-Retail,2011,actual,thousands,85319,85319,85319,agree,both readings,258-259
2017,taxsales,Building Material-Retail,2012,actual,thousands,94886,94886,94886,agree,both readings,258-259
2017,taxsales,Building Material-Retail,2013,actual,thousands,109136,109136,109136,agree,both readings,258-259
2017,taxsales,Building Material-Retail,2014,actual,thousands,111777,111777,111777,agree,both readings,258-259
2017,taxsales,Building Material-Retail,2015,actual,thousands,114560,114560,114560,agree,both readings,258-259
2017,taxsales,Building Material-Retail,2016,actual,thousands,121991,121991,121991,agree,both readings,258-259
2017,taxsales,Building Material-Retail,2017,actual,thousands,126976,126976,126976,agree,both readings,258-259
2017,taxsales,Construction Use Tax,2008,actual,thousands,103986,103986,103986,agree,both readings,258-259
2017,taxsales,Construction Use Tax,2009,actual,thousands,142739,142739,142739,agree,both readings,258-259
2017,taxsales,Construction Use Tax,2010,actual,thousands,173534,173534,173534,agree,both readings,258-259
2017,taxsales,Construction Use Tax,2011,actual,thousands,153438,153438,153438,agree,both readings,258-259
2017,taxsales,Construction Use Tax,2012,actual,thousands,171106,171106,171106,agree,both readings,258-259
2017,taxsales,Construction Use Tax,2013,actual,thousands,254550,254550,254550,agree,both readings,258-259
2017,taxsales,Construction Use Tax,2014,actual,thousands,240872,240872,240872,agree,both readings,258-259
2017,taxsales,Construction Use Tax,2015,actual,thousands,-,-,-,agree,both readings,258-259
2017,taxsales,Construction Use Tax,2016,actual,thousands,-,-,-,agree,both readings,258-259
2017,taxsales,Construction Use Tax,2017,actual,thousands,-,-,-,agree,both readings,258-259
2017,taxsales,Construction Sales Tax,2008,actual,thousands,11960,11960,11960,agree,both readings,258-259
2017,taxsales,Construction Sales Tax,2009,actual,thousands,11263,11263,11263,agree,both readings,258-259
2017,taxsales,Construction Sales Tax,2010,actual,thousands,14922,14922,14922,agree,both readings,258-259
2017,taxsales,Construction Sales Tax,2011,actual,thousands,16147,16147,16147,agree,both readings,258-259
2017,taxsales,Construction Sales Tax,2012,actual,thousands,12006,12006,12006,agree,both readings,258-259
2017,taxsales,Construction Sales Tax,2013,actual,thousands,12695,12695,12695,agree,both readings,258-259
2017,taxsales,Construction Sales Tax,2014,actual,thousands,11617,11617,11617,agree,both readings,258-259
2017,taxsales,Construction Sales Tax,2015,actual,thousands,-,-,-,agree,both readings,258-259
2017,taxsales,Construction Sales Tax,2016,actual,thousands,-,-,-,agree,both readings,258-259
2017,taxsales,Construction Sales Tax,2017,actual,thousands,-,-,-,agree,both readings,258-259
2017,taxsales,Constructions Firms Sales/Use Tax,2008,actual,thousands,-,-,-,agree,both readings,258-259
2017,taxsales,Constructions Firms Sales/Use Tax,2009,actual,thousands,-,-,-,agree,both readings,258-259
2017,taxsales,Constructions Firms Sales/Use Tax,2010,actual,thousands,-,-,-,agree,both readings,258-259
2017,taxsales,Constructions Firms Sales/Use Tax,2011,actual,thousands,-,-,-,agree,both readings,258-259
2017,taxsales,Constructions Firms Sales/Use Tax,2012,actual,thousands,-,-,-,agree,both readings,258-259
2017,taxsales,Constructions Firms Sales/Use Tax,2013,actual,thousands,-,-,-,agree,both readings,258-259
2017,taxsales,Constructions Firms Sales/Use Tax,2014,actual,thousands,-,-,-,agree,both readings,258-259
2017,taxsales,Constructions Firms Sales/Use Tax,2015,actual,thousands,276746,276746,276746,agree,both readings,258-259
2017,taxsales,Constructions Firms Sales/Use Tax,2016,actual,thousands,304301,304301,304301,agree,both readings,258-259
2017,taxsales,Constructions Firms Sales/Use Tax,2017,actual,thousands,292866,292866,292866,agree,both readings,258-259
2017,taxsales,Consumer Electronics,2008,actual,thousands,61953,61953,61953,agree,both readings,258-259
2017,taxsales,Consumer Electronics,2009,actual,thousands,50755,50755,50755,agree,both readings,258-259
2017,taxsales,Consumer Electronics,2010,actual,thousands,54843,54843,54843,agree,both readings,258-259
2017,taxsales,Consumer Electronics,2011,actual,thousands,73237,73237,73237,agree,both readings,258-259
2017,taxsales,Consumer Electronics,2012,actual,thousands,62924,62924,,ocr only,another report,258-259
2017,taxsales,Consumer Electronics,2013,actual,thousands,58542,58542,,ocr only,another report,258-259
2017,taxsales,Consumer Electronics,2014,actual,thousands,67918,67918,,ocr only,another report,258-259
2017,taxsales,Consumer Electronics,2015,actual,thousands,66687,66687,,ocr only,another report,258-259
2017,taxsales,Consumer Electronics,2016,actual,thousands,71024,71024,,ocr only,another report,258-259
2017,taxsales,Consumer Electronics,2017,actual,thousands,62032,62032,,ocr only,text layer,258-259
2017,taxsales,Computer Related Business Sector,2008,actual,thousands,158410,158410,158410,agree,both readings,258-259
2017,taxsales,Computer Related Business Sector,2009,actual,thousands,168124,168124,168124,agree,both readings,258-259
2017,taxsales,Computer Related Business Sector,2010,actual,thousands,146311,146311,146311,agree,both readings,258-259
2017,taxsales,Computer Related Business Sector,2011,actual,thousands,167503,167503,167503,agree,both readings,258-259
2017,taxsales,Computer Related Business Sector,2012,actual,thousands,188876,188876,188876,agree,both readings,258-259
2017,taxsales,Computer Related Business Sector,2013,actual,thousands,209218,209218,209218,agree,both readings,258-259
2017,taxsales,Computer Related Business Sector,2014,actual,thousands,201225,201225,201225,agree,both readings,258-259
2017,taxsales,Computer Related Business Sector,2015,actual,thousands,205890,205890,205890,agree,both readings,258-259
2017,taxsales,Computer Related Business Sector,2016,actual,thousands,195938,195938,195938,agree,both readings,258-259
2017,taxsales,Computer Related Business Sector,2017,actual,thousands,197327,197327,197327,agree,both readings,258-259
2017,taxsales,All Other,2008,actual,thousands,335698,335698,335698,agree,both readings,258-259
2017,taxsales,All Other,2009,actual,thousands,390880,390880,390880,agree,both readings,258-259
2017,taxsales,All Other,2010,actual,thousands,351272,351272,351272,agree,both readings,258-259
2017,taxsales,All Other,2011,actual,thousands,359612,359612,359612,agree,both readings,258-259
2017,taxsales,All Other,2012,actual,thousands,359324,359324,359324,agree,both readings,258-259
2017,taxsales,All Other,2013,actual,thousands,383549,383549,383549,agree,both readings,258-259
2017,taxsales,All Other,2014,actual,thousands,497419,497419,497419,agree,both readings,258-259
2017,taxsales,All Other,2015,actual,thousands,524543,524543,524543,agree,both readings,258-259
2017,taxsales,All Other,2016,actual,thousands,519125,519125,519125,agree,both readings,258-259
2017,taxsales,All Other,2017,actual,thousands,541317,541317,541317,agree,both readings,258-259
2017,taxsales,Refunds,2008,actual,thousands,-3300,-3300,-3300,agree,both readings,258-259
2017,taxsales,Refunds,2009,actual,thousands,-8349,-8349,-8349,agree,both readings,258-259
2017,taxsales,Refunds,2010,actual,thousands,-5396,-5396,-5396,agree,both readings,258-259
2017,taxsales,Refunds,2011,actual,thousands,-4781,-4781,-4781,agree,both readings,258-259
2017,taxsales,Refunds,2012,actual,thousands,-,-,-,agree,both readings,258-259
2017,taxsales,Refunds,2013,actual,thousands,-,-,-,agree,both readings,258-259
2017,taxsales,Refunds,2014,actual,thousands,-,-,-,agree,both readings,258-259
2017,taxsales,Refunds,2015,actual,thousands,-,-,-,agree,both readings,258-259
2017,taxsales,Refunds,2016,actual,thousands,-,-,-,agree,both readings,258-259
2017,taxsales,Refunds,2017,actual,thousands,-,-,-,agree,both readings,258-259
2017,taxsales,Total Sales and Use Tax,2008,actual,thousands,2488768,2488768,,ocr only,another report,258-259
2017,taxsales,Total Sales and Use Tax,2009,actual,thousands,2506069,2506069,,ocr only,another report,258-259
2017,taxsales,Total Sales and Use Tax,2010,actual,thousands,2574840,2574840,,ocr only,another report,258-259
2017,taxsales,Total Sales and Use Tax,2011,actual,thousands,2716335,2716335,,ocr only,another report,258-259
2017,taxsales,Total Sales and Use Tax,2012,actual,thousands,2856218,2856218,,ocr only,another report,258-259
2017,taxsales,Total Sales and Use Tax,2013,actual,thousands,3053841,3053841,,ocr only,another report,258-259
2017,taxsales,Total Sales and Use Tax,2014,actual,thousands,3267304,3267304,,ocr only,another report,258-259
2017,taxsales,Total Sales and Use Tax,2015,actual,thousands,3402150,3402150,,ocr only,another report,258-259
2017,taxsales,Total Sales and Use Tax,2016,actual,thousands,3530285,3530285,,ocr only,another report,258-259
2017,taxsales,Total Sales and Use Tax,2017,actual,thousands,3589327,3589327,,ocr only,text layer,258-259
2017,taxsales,Direct city sales tax rate,2008,actual,pct,3.41,3.41,3.41,agree,both readings,258-259
2017,taxsales,Direct city sales tax rate,2009,actual,pct,3.41,3.41,3.41,agree,both readings,258-259
2017,taxsales,Direct city sales tax rate,2010,actual,pct,3.41,3.41,3.41,agree,both readings,258-259
2017,taxsales,Direct city sales tax rate,2011,actual,pct,3.41,3.41,3.41,agree,both readings,258-259
2017,taxsales,Direct city sales tax rate,2012,actual,pct,3.41,3.41,3.41,agree,both readings,258-259
2017,taxsales,Direct city sales tax rate,2013,actual,pct,3.41,3.41,3.41,agree,both readings,258-259
2017,taxsales,Direct city sales tax rate,2014,actual,pct,3.56,3.56,3.56,agree,both readings,258-259
2017,taxsales,Direct city sales tax rate,2015,actual,pct,3.86,3.86,3.86,agree,both readings,258-259
2017,taxsales,Direct city sales tax rate,2016,actual,pct,3.86,3.86,3.86,agree,both readings,258-259
2017,taxsales,Direct city sales tax rate,2017,actual,pct,3.86,3.86,3.86,agree,both readings,258-259
2017,taxsales,Food service sales tax,2008,actual,pct,0.15,0.15,0.15,agree,both readings,258-259
2017,taxsales,Food service sales tax,2009,actual,pct,0.15,0.15,0.15,agree,both readings,258-259
2017,taxsales,Food service sales tax,2010,actual,pct,0.15,0.15,0.15,agree,both readings,258-259
2017,taxsales,Food service sales tax,2011,actual,pct,0.15,0.15,0.15,agree,both readings,258-259
2017,taxsales,Food service sales tax,2012,actual,pct,0.15,0.15,0.15,agree,both readings,258-259
2017,taxsales,Food service sales tax,2013,actual,pct,0.15,0.15,0.15,agree,both readings,258-259
2017,taxsales,Food service sales tax,2014,actual,pct,0.15,0.15,0.15,agree,both readings,258-259
2017,taxsales,Food service sales tax,2015,actual,pct,0.15,0.15,0.15,agree,both readings,258-259
2017,taxsales,Food service sales tax,2016,actual,pct,0.15,0.15,0.15,agree,both readings,258-259
2017,taxsales,Food service sales tax,2017,actual,pct,0.15,0.15,0.15,agree,both readings,258-259
2017,taxsales,Total direct city sales tax,2008,actual,pct,3.56,3.56,3.56,agree,both readings,258-259
2017,taxsales,Total direct city sales tax,2009,actual,pct,3.56,3.56,3.56,agree,both readings,258-259
2017,taxsales,Total direct city sales tax,2010,actual,pct,3.56,3.56,3.56,agree,both readings,258-259
2017,taxsales,Total direct city sales tax,2011,actual,pct,3.56,3.56,3.56,agree,both readings,258-259
2017,taxsales,Total direct city sales tax,2012,actual,pct,3.56,3.56,3.56,agree,both readings,258-259
2017,taxsales,Total direct city sales tax,2013,actual,pct,3.56,3.56,3.56,agree,both readings,258-259
2017,taxsales,Total direct city sales tax,2014,actual,pct,3.71,3.71,3.71,agree,both readings,258-259
2017,taxsales,Total direct city sales tax,2015,actual,pct,4.01,4.01,4.01,agree,both readings,258-259
2017,taxsales,Total direct city sales tax,2016,actual,pct,4.01,4.01,4.01,agree,both readings,258-259
2017,taxsales,Total direct city sales tax,2017,actual,pct,4.01,4.01,4.01,agree,both readings,258-259
2017,fte,City Council,2008,adopted,fte,1,1,1,agree,both readings,274-275
2017,fte,City Council,2009,adopted,fte,1,1,1,agree,both readings,274-275
2017,fte,City Council,2010,adopted,fte,-,-,-,agree,both readings,274-275
2017,fte,City Council,2011,adopted,fte,-,-,-,agree,both readings,274-275
2017,fte,City Council,2012,adopted,fte,-,-,-,agree,both readings,274-275
2017,fte,City Council,2013,adopted,fte,-,-,-,agree,both readings,274-275
2017,fte,City Council,2014,adopted,fte,-,-,-,agree,both readings,274-275
2017,fte,City Council,2015,adopted,fte,-,-,-,agree,both readings,274-275
2017,fte,City Council,2016,adopted,fte,-,-,-,agree,both readings,274-275
2017,fte,City Council,2017,adopted,fte,-,-,-,agree,both readings,274-275
2017,fte,Municipal Court,2008,adopted,fte,18.5,18.5,18.5,agree,both readings,274-275
2017,fte,Municipal Court,2009,adopted,fte,18,18,18,agree,both readings,274-275
2017,fte,Municipal Court,2010,adopted,fte,16.25,16.25,16.25,agree,both readings,274-275
2017,fte,Municipal Court,2011,adopted,fte,16.25,16.25,16.25,agree,both readings,274-275
2017,fte,Municipal Court,2012,adopted,fte,16.25,16.25,16.25,agree,both readings,274-275
2017,fte,Municipal Court,2013,adopted,fte,18.16,18.16,18.16,agree,both readings,274-275
2017,fte,Municipal Court,2014,adopted,fte,18.13,18.13,18.13,agree,both readings,274-275
2017,fte,Municipal Court,2015,adopted,fte,21.13,21.13,21.13,agree,both readings,274-275
2017,fte,Municipal Court,2016,adopted,fte,21.13,21.13,21.13,agree,both readings,274-275
2017,fte,Municipal Court,2017,adopted,fte,20.35,20.35,20.35,agree,both readings,274-275
2017,fte,City Attorney,2008,adopted,fte,18.65,18.65,18.65,agree,both readings,274-275
2017,fte,City Attorney,2009,adopted,fte,18.65,18.65,18.65,agree,both readings,274-275
2017,fte,City Attorney,2010,adopted,fte,18.65,18.65,18.65,agree,both readings,274-275
2017,fte,City Attorney,2011,adopted,fte,18.65,18.65,18.65,agree,both readings,274-275
2017,fte,City Attorney,2012,adopted,fte,20.15,20.15,20.15,agree,both readings,274-275
2017,fte,City Attorney,2013,adopted,fte,20.2,20.2,20.2,agree,both readings,274-275
2017,fte,City Attorney,2014,adopted,fte,21.2,21.2,21.2,agree,both readings,274-275
2017,fte,City Attorney,2015,adopted,fte,19.2,19.2,19.2,agree,both readings,274-275
2017,fte,City Attorney,2016,adopted,fte,25.7,25.7,25.7,agree,both readings,274-275
2017,fte,City Attorney,2017,adopted,fte,27.65,27.65,27.65,agree,both readings,274-275
2017,fte,City Manager- Administration,2008,adopted,fte,16.5,16.5,16.5,agree,both readings,274-275
2017,fte,City Manager- Administration,2009,adopted,fte,16.5,16.5,16.5,agree,both readings,274-275
2017,fte,City Manager- Administration,2010,adopted,fte,14.3,14.3,14.3,agree,both readings,274-275
2017,fte,City Manager- Administration,2011,adopted,fte,11.8,11.8,11.8,agree,both readings,274-275
2017,fte,City Manager- Administration,2012,adopted,fte,12.68,12.68,12.68,agree,both readings,274-275
2017,fte,City Manager- Administration,2013,adopted,fte,12,12,12,agree,both readings,274-275
2017,fte,City Manager- Administration,2014,adopted,fte,12,12,12,agree,both readings,274-275
2017,fte,City Manager- Administration,2015,adopted,fte,19.5,19.5,19.5,agree,both readings,274-275
2017,fte,City Manager- Administration,2016,adopted,fte,17,17,17,agree,both readings,274-275
2017,fte,City Manager- Administration,2017,adopted,fte,19.88,19.88,19.88,agree,both readings,274-275
2017,fte,City Manager- Downtown & University Hill Mgt,2008,adopted,fte,42.25,42.25,42.25,agree,both readings,274-275
2017,fte,City Manager- Downtown & University Hill Mgt,2009,adopted,fte,42.25,42.25,42.25,agree,both readings,274-275
2017,fte,City Manager- Downtown & University Hill Mgt,2010,adopted,fte,42.25,42.25,42.25,agree,both readings,274-275
2017,fte,City Manager- Downtown & University Hill Mgt,2011,adopted,fte,42.25,42.25,42.25,agree,both readings,274-275
2017,fte,City Manager- Downtown & University Hill Mgt,2012,adopted,fte,42.25,42.25,42.25,agree,both readings,274-275
2017,fte,City Manager- Downtown & University Hill Mgt,2013,adopted,fte,42.25,42.25,42.25,agree,both readings,274-275
2017,fte,City Manager- Downtown & University Hill Mgt,2014,adopted,fte,42.25,42.25,42.25,agree,both readings,274-275
2017,fte,City Manager- Downtown & University Hill Mgt,2015,adopted,fte,44.5,44.5,44.5,agree,both readings,274-275
2017,fte,City Manager- Downtown & University Hill Mgt,2016,adopted,fte,46.5,46.5,46.5,agree,both readings,274-275
2017,fte,City Manager- Downtown & University Hill Mgt,2017,adopted,fte,49,49,49,agree,both readings,274-275
2017,fte,City Manager- Communications,2008,adopted,fte,6,6,6,agree,both readings,274-275
2017,fte,City Manager- Communications,2009,adopted,fte,6,6,6,agree,both readings,274-275
2017,fte,City Manager- Communications,2010,adopted,fte,4,4,4,agree,both readings,274-275
2017,fte,City Manager- Communications,2011,adopted,fte,5.5,5.5,5.5,agree,both readings,274-275
2017,fte,City Manager- Communications,2012,adopted,fte,6.5,6.5,6.5,agree,both readings,274-275
2017,fte,City Manager- Communications,2013,adopted,fte,6.5,6.5,6.5,agree,both readings,274-275
2017,fte,City Manager- Communications,2014,adopted,fte,6.5,6.5,6.5,agree,both readings,274-275
2017,fte,City Manager- Communications,2015,adopted,fte,6.5,6.5,6.5,agree,both readings,274-275
2017,fte,City Manager- Communications,2016,adopted,fte,12.75,12.75,12.75,agree,both readings,274-275
2017,fte,City Manager- Communications,2017,adopted,fte,13.5,13.5,13.5,agree,both readings,274-275
2017,fte,Human Resources,2008,adopted,fte,16.38,16.38,16.38,agree,both readings,274-275
2017,fte,Human Resources,2009,adopted,fte,16.63,16.63,16.63,agree,both readings,274-275
2017,fte,Human Resources,2010,adopted,fte,14.88,14.88,14.88,agree,both readings,274-275
2017,fte,Human Resources,2011,adopted,fte,14.88,14.88,14.88,agree,both readings,274-275
2017,fte,Human Resources,2012,adopted,fte,15.38,15.38,15.38,agree,both readings,274-275
2017,fte,Human Resources,2013,adopted,fte,15.63,15.63,15.63,agree,both readings,274-275
2017,fte,Human Resources,2014,adopted,fte,18.63,18.63,18.63,agree,both readings,274-275
2017,fte,Human Resources,2015,adopted,fte,24.63,24.63,24.63,agree,both readings,274-275
2017,fte,Human Resources,2016,adopted,fte,24.38,24.38,24.38,agree,both readings,274-275
2017,fte,Human Resources,2017,adopted,fte,23.38,23.38,23.38,agree,both readings,274-275
2017,fte,Finance,2008,adopted,fte,29.37,29.37,29.37,agree,both readings,274-275
2017,fte,Finance,2009,adopted,fte,28.37,28.37,28.37,agree,both readings,274-275
2017,fte,Finance,2010,adopted,fte,26.37,26.37,26.37,agree,both readings,274-275
2017,fte,Finance,2011,adopted,fte,33.5,33.5,33.5,agree,both readings,274-275
2017,fte,Finance,2012,adopted,fte,34,34,34,agree,both readings,274-275
2017,fte,Finance,2013,adopted,fte,34,34,34,agree,both readings,274-275
2017,fte,Finance,2014,adopted,fte,36,36,36,agree,both readings,274-275
2017,fte,Finance,2015,adopted,fte,38.67,38.67,38.67,agree,both readings,274-275
2017,fte,Finance,2016,adopted,fte,44.5,44.5,44.5,agree,both readings,274-275
2017,fte,Finance,2017,adopted,fte,46.62,46.62,46.62,agree,both readings,274-275
2017,fte,Information Technology,2008,adopted,fte,35.25,35.25,35.25,agree,both readings,274-275
2017,fte,Information Technology,2009,adopted,fte,35.25,35.25,35.25,agree,both readings,274-275
2017,fte,Information Technology,2010,adopted,fte,33.5,33.5,33.5,agree,both readings,274-275
2017,fte,Information Technology,2011,adopted,fte,34.5,34.5,34.5,agree,both readings,274-275
2017,fte,Information Technology,2012,adopted,fte,34.5,34.5,34.5,agree,both readings,274-275
2017,fte,Information Technology,2013,adopted,fte,34,34,34,agree,both readings,274-275
2017,fte,Information Technology,2014,adopted,fte,36.85,36.85,36.85,agree,both readings,274-275
2017,fte,Information Technology,2015,adopted,fte,37.18,37.18,37.18,agree,both readings,274-275
2017,fte,Information Technology,2016,adopted,fte,40.25,40.25,40.25,agree,both readings,274-275
2017,fte,Information Technology,2017,adopted,fte,40.75,40.75,40.75,agree,both readings,274-275
2017,fte,Police,2008,adopted,fte,273.25,273.25,273.25,agree,both readings,274-275
2017,fte,Police,2009,adopted,fte,273.25,273.25,273.25,agree,both readings,274-275
2017,fte,Police,2010,adopted,fte,269.5,269.5,269.5,agree,both readings,274-275
2017,fte,Police,2011,adopted,fte,276.5,276.5,276.5,agree,both readings,274-275
2017,fte,Police,2012,adopted,fte,279.5,279.5,279.5,agree,both readings,274-275
2017,fte,Police,2013,adopted,fte,279.5,279.5,279.5,agree,both readings,274-275
2017,fte,Police,2014,adopted,fte,282.5,282.5,282.5,agree,both readings,274-275
2017,fte,Police,2015,adopted,fte,288,288,288,agree,both readings,274-275
2017,fte,Police,2016,adopted,fte,290.89,290.89,290.89,agree,both readings,274-275
2017,fte,Police,2017,adopted,fte,291.89,291.89,291.89,agree,both readings,274-275
2017,fte,Fire,2008,adopted,fte,111.33,111.33,111.33,agree,both readings,274-275
2017,fte,Fire,2009,adopted,fte,112.33,112.33,112.33,agree,both readings,274-275
2017,fte,Fire,2010,adopted,fte,112.33,112.33,112.33,agree,both readings,274-275
2017,fte,Fire,2011,adopted,fte,112.33,112.33,112.33,agree,both readings,274-275
2017,fte,Fire,2012,adopted,fte,115.33,115.33,115.33,agree,both readings,274-275
2017,fte,Fire,2013,adopted,fte,118.33,118.33,118.33,agree,both readings,274-275
2017,fte,Fire,2014,adopted,fte,120.33,120.33,120.33,agree,both readings,274-275
2017,fte,Fire,2015,adopted,fte,121.33,121.33,121.33,agree,both readings,274-275
2017,fte,Fire,2016,adopted,fte,124.33,124.33,124.33,agree,both readings,274-275
2017,fte,Fire,2017,adopted,fte,124,124,124,agree,both readings,274-275
2017,fte,Planning & Development Services,2008,adopted,fte,72.56,72.56,72.56,agree,both readings,274-275
2017,fte,Planning & Development Services,2009,adopted,fte,76.56,76.56,76.56,agree,both readings,274-275
2017,fte,Planning & Development Services,2010,adopted,fte,79.47,79.47,79.47,agree,both readings,274-275
2017,fte,Planning & Development Services,2011,adopted,fte,78.66,78.66,78.66,agree,both readings,274-275
2017,fte,Planning & Development Services,2012,adopted,fte,82.97,82.97,82.97,agree,both readings,274-275
2017,fte,Planning & Development Services,2013,adopted,fte,88.74,88.74,88.74,agree,both readings,274-275
2017,fte,Planning & Development Services,2014,adopted,fte,93.87,93.87,93.87,agree,both readings,274-275
2017,fte,Planning & Development Services,2015,adopted,fte,105.92,105.92,105.92,agree,both readings,274-275
2017,fte,Planning & Development Services,2016,adopted,fte,112.72,112.72,112.72,agree,both readings,274-275
2017,fte,Planning & Development Services,2017,adopted,fte,-,-,-,agree,both readings,274-275
2017,fte,Development,2008,adopted,fte,-,-,-,agree,both readings,274-275
2017,fte,Development,2009,adopted,fte,-,-,-,agree,both readings,274-275
2017,fte,Development,2010,adopted,fte,-,-,-,agree,both readings,274-275
2017,fte,Development,2011,adopted,fte,-,-,-,agree,both readings,274-275
2017,fte,Development,2012,adopted,fte,-,-,-,agree,both readings,274-275
2017,fte,Development,2013,adopted,fte,-,-,-,agree,both readings,274-275
2017,fte,Development,2014,adopted,fte,-,-,-,agree,both readings,274-275
2017,fte,Development,2015,adopted,fte,-,-,-,agree,both readings,274-275
2017,fte,Development,2016,adopted,fte,-,-,-,agree,both readings,274-275
2017,fte,Development,2017,adopted,fte,54.11,54.11,54.11,agree,both readings,274-275
2017,fte,Community Planning and Sustainability,2008,adopted,fte,-,-,-,agree,both readings,274-275
2017,fte,Community Planning and Sustainability,2009,adopted,fte,-,-,-,agree,both readings,274-275
2017,fte,Community Planning and Sustainability,2010,adopted,fte,-,-,-,agree,both readings,274-275
2017,fte,Community Planning and Sustainability,2011,adopted,fte,-,-,-,agree,both readings,274-275
2017,fte,Community Planning and Sustainability,2012,adopted,fte,-,-,-,agree,both readings,274-275
2017,fte,Community Planning and Sustainability,2013,adopted,fte,-,-,-,agree,both readings,274-275
2017,fte,Community Planning and Sustainability,2014,adopted,fte,-,-,-,agree,both readings,274-275
2017,fte,Community Planning and Sustainability,2015,adopted,fte,-,-,-,agree,both readings,274-275
2017,fte,Community Planning and Sustainability,2016,adopted,fte,-,-,-,agree,both readings,274-275
2017,fte,Community Planning and Sustainability,2017,adopted,fte,55.34,55.34,55.34,agree,both readings,274-275
2017,fte,Energy Strategy & Electric Utility,2008,adopted,fte,-,-,-,agree,both readings,274-275
2017,fte,Energy Strategy & Electric Utility,2009,adopted,fte,-,-,-,agree,both readings,274-275
2017,fte,Energy Strategy & Electric Utility,2010,adopted,fte,-,-,-,agree,both readings,274-275
2017,fte,Energy Strategy & Electric Utility,2011,adopted,fte,-,-,-,agree,both readings,274-275
2017,fte,Energy Strategy & Electric Utility,2012,adopted,fte,-,-,-,agree,both readings,274-275
2017,fte,Energy Strategy & Electric Utility,2013,adopted,fte,-,-,-,agree,both readings,274-275
2017,fte,Energy Strategy & Electric Utility,2014,adopted,fte,-,-,-,agree,both readings,274-275
2017,fte,Energy Strategy & Electric Utility,2015,adopted,fte,-,-,-,agree,both readings,274-275
2017,fte,Energy Strategy & Electric Utility,2016,adopted,fte,-,-,-,agree,both readings,274-275
2017,fte,Energy Strategy & Electric Utility,2017,adopted,fte,9,9,9,agree,both readings,274-275
2017,fte,Environmental Affairs,2008,adopted,fte,9.5,9.5,9.5,agree,both readings,274-275
2017,fte,Environmental Affairs,2009,adopted,fte,10.5,10.5,10.5,agree,both readings,274-275
2017,fte,Environmental Affairs,2010,adopted,fte,-,-,-,agree,both readings,274-275
2017,fte,Environmental Affairs,2011,adopted,fte,-,-,-,agree,both readings,274-275
2017,fte,Environmental Affairs,2012,adopted,fte,-,-,-,agree,both readings,274-275
2017,fte,Environmental Affairs,2013,adopted,fte,-,-,-,agree,both readings,274-275
2017,fte,Environmental Affairs,2014,adopted,fte,-,-,-,agree,both readings,274-275
2017,fte,Environmental Affairs,2015,adopted,fte,-,-,-,agree,both readings,274-275
2017,fte,Environmental Affairs,2016,adopted,fte,-,-,-,agree,both readings,274-275
2017,fte,Environmental Affairs,2017,adopted,fte,-,-,-,agree,both readings,274-275
2017,fte,Administration,2008,adopted,fte,-,-,-,agree,both readings,274-275
2017,fte,Administration,2009,adopted,fte,-,-,-,agree,both readings,274-275
2017,fte,Administration,2010,adopted,fte,-,-,-,agree,both readings,274-275
2017,fte,Administration,2011,adopted,fte,-,-,-,agree,both readings,274-275
2017,fte,Administration,2012,adopted,fte,-,-,-,agree,both readings,274-275
2017,fte,Administration,2013,adopted,fte,2.74,2.74,2.74,agree,both readings,274-275
2017,fte,Administration,2014,adopted,fte,2.74,2.74,2.74,agree,both readings,274-275
2017,fte,Administration,2015,adopted,fte,3.74,3.74,3.74,agree,both readings,274-275
2017,fte,Administration,2016,adopted,fte,2.85,2.85,2.85,agree,both readings,274-275
2017,fte,Administration,2017,adopted,fte,1.5,1.5,1.5,agree,both readings,274-275
2017,fte,Fleet,2008,adopted,fte,16.87,16.87,16.87,agree,both readings,274-275
2017,fte,Fleet,2009,adopted,fte,16.87,16.87,16.87,agree,both readings,274-275
2017,fte,Fleet,2010,adopted,fte,14.87,14.87,14.87,agree,both readings,274-275
2017,fte,Fleet,2011,adopted,fte,14.82,14.82,14.82,agree,both readings,274-275
2017,fte,Fleet,2012,adopted,fte,14.82,14.82,14.82,agree,both readings,274-275
2017,fte,Fleet,2013,adopted,fte,14.77,14.77,14.77,agree,both readings,274-275
2017,fte,Fleet,2014,adopted,fte,14.77,14.77,14.77,agree,both readings,274-275
2017,fte,Fleet,2015,adopted,fte,14.77,14.77,14.77,agree,both readings,274-275
2017,fte,Fleet,2016,adopted,fte,15.12,15.12,15.12,agree,both readings,274-275
2017,fte,Fleet,2017,adopted,fte,14.62,14.62,14.62,agree,both readings,274-275
2017,fte,Transportation,2008,adopted,fte,68.24,68.24,68.24,agree,both readings,274-275
2017,fte,Transportation,2009,adopted,fte,68.69,68.69,68.69,agree,both readings,274-275
2017,fte,Transportation,2010,adopted,fte,67.1,67.1,67.1,agree,both readings,274-275
2017,fte,Transportation,2011,adopted,fte,59.28,59.28,59.28,agree,both readings,274-275
2017,fte,Transportation,2012,adopted,fte,59.52,59.52,59.52,agree,both readings,274-275
2017,fte,Transportation,2013,adopted,fte,59.78,59.78,59.78,agree,both readings,274-275
2017,fte,Transportation,2014,adopted,fte,60.09,60.09,60.09,agree,both readings,274-275
2017,fte,Transportation,2015,adopted,fte,70.34,70.34,70.34,agree,both readings,274-275
2017,fte,Transportation,2016,adopted,fte,71.34,71.34,71.34,agree,both readings,274-275
2017,fte,Transportation,2017,adopted,fte,72.09,72.09,72.09,agree,both readings,274-275
2017,fte,Utilities,2008,adopted,fte,155.18,155.18,155.18,agree,both readings,274-275
2017,fte,Utilities,2009,adopted,fte,156.23,156.23,156.23,agree,both readings,274-275
2017,fte,Utilities,2010,adopted,fte,155.9,155.9,155.9,agree,both readings,274-275
2017,fte,Utilities,2011,adopted,fte,154.84,154.84,154.84,agree,both readings,274-275
2017,fte,Utilities,2012,adopted,fte,154.84,154.84,154.84,agree,both readings,274-275
2017,fte,Utilities,2013,adopted,fte,153.59,153.59,153.59,agree,both readings,274-275
2017,fte,Utilities,2014,adopted,fte,154.17,154.17,154.17,agree,both readings,274-275
2017,fte,Utilities,2015,adopted,fte,166.92,166.92,166.92,agree,both readings,274-275
2017,fte,Utilities,2016,adopted,fte,168.02,168.02,168.02,agree,both readings,274-275
2017,fte,Utilities,2017,adopted,fte,168.87,168.87,168.87,agree,both readings,274-275
2017,fte,Facility / Asset Management,2008,adopted,fte,14.58,14.58,14.58,agree,both readings,274-275
2017,fte,Facility / Asset Management,2009,adopted,fte,14.58,14.58,14.58,agree,both readings,274-275
2017,fte,Facility / Asset Management,2010,adopted,fte,14.58,14.58,14.58,agree,both readings,274-275
2017,fte,Facility / Asset Management,2011,adopted,fte,14.68,14.68,14.68,agree,both readings,274-275
2017,fte,Facility / Asset Management,2012,adopted,fte,14.68,14.68,14.68,agree,both readings,274-275
2017,fte,Facility / Asset Management,2013,adopted,fte,14.73,14.73,14.73,agree,both readings,274-275
2017,fte,Facility / Asset Management,2014,adopted,fte,14.84,14.84,14.84,agree,both readings,274-275
2017,fte,Facility / Asset Management,2015,adopted,fte,14.84,14.84,14.84,agree,both readings,274-275
2017,fte,Facility / Asset Management,2016,adopted,fte,17.53,17.53,17.53,agree,both readings,274-275
2017,fte,Facility / Asset Management,2017,adopted,fte,18.79,18.79,18.79,agree,both readings,274-275
2017,fte,Parks and Recreation,2008,adopted,fte,145.82,145.82,145.82,agree,both readings,274-275
2017,fte,Parks and Recreation,2009,adopted,fte,146.99,146.99,146.99,agree,both readings,274-275
2017,fte,Parks and Recreation,2010,adopted,fte,139.24,139.24,139.24,agree,both readings,274-275
2017,fte,Parks and Recreation,2011,adopted,fte,126.12,126.12,126.12,agree,both readings,274-275
2017,fte,Parks and Recreation,2012,adopted,fte,126.37,126.37,126.37,agree,both readings,274-275
2017,fte,Parks and Recreation,2013,adopted,fte,128.37,128.37,128.37,agree,both readings,274-275
2017,fte,Parks and Recreation,2014,adopted,fte,127.37,127.37,127.37,agree,both readings,274-275
2017,fte,Parks and Recreation,2015,adopted,fte,130.35,130.35,130.35,agree,both readings,274-275
2017,fte,Parks and Recreation,2016,adopted,fte,136.35,136.35,136.35,agree,both readings,274-275
2017,fte,Parks and Recreation,2017,adopted,fte,139.12,139.12,139.12,agree,both readings,274-275
2017,fte,Library,2008,adopted,fte,80.2,80.2,80.2,agree,both readings,274-275
2017,fte,Library,2009,adopted,fte,79.95,79.95,79.95,agree,both readings,274-275
2017,fte,Library,2010,adopted,fte,76.95,76.95,76.95,agree,both readings,274-275
2017,fte,Library,2011,adopted,fte,75.45,75.45,75.45,agree,both readings,274-275
2017,fte,Library,2012,adopted,fte,75.13,75.13,75.13,agree,both readings,274-275
2017,fte,Library,2013,adopted,fte,74.14,74.14,74.14,agree,both readings,274-275
2017,fte,Library,2014,adopted,fte,76.26,76.26,76.26,agree,both readings,274-275
2017,fte,Library,2015,adopted,fte,76.26,76.26,76.26,agree,both readings,274-275
2017,fte,Library,2016,adopted,fte,77.5,77.5,77.5,agree,both readings,274-275
2017,fte,Library,2017,adopted,fte,74,74,74,agree,both readings,274-275
2017,fte,Arts,2008,adopted,fte,1.5,1.5,1.5,agree,both readings,274-275
2017,fte,Arts,2009,adopted,fte,1.5,1.5,1.5,agree,both readings,274-275
2017,fte,Arts,2010,adopted,fte,1.5,1.5,1.5,agree,both readings,274-275
2017,fte,Arts,2011,adopted,fte,1.5,1.5,1.5,agree,both readings,274-275
2017,fte,Arts,2012,adopted,fte,2,2,2,agree,both readings,274-275
2017,fte,Arts,2013,adopted,fte,3.25,3.25,3.25,agree,both readings,274-275
2017,fte,Arts,2014,adopted,fte,3.25,3.25,3.25,agree,both readings,274-275
2017,fte,Arts,2015,adopted,fte,2.25,2.25,2.25,agree,both readings,274-275
2017,fte,Arts,2016,adopted,fte,1,1,1,agree,both readings,274-275
2017,fte,Arts,2017,adopted,fte,3.5,3.5,3.5,agree,both readings,274-275
2017,fte,Open Space / Mountain Parks,2008,adopted,fte,92,92,92,agree,both readings,274-275
2017,fte,Open Space / Mountain Parks,2009,adopted,fte,91,91,91,agree,both readings,274-275
2017,fte,Open Space / Mountain Parks,2010,adopted,fte,90.5,90.5,90.5,agree,both readings,274-275
2017,fte,Open Space / Mountain Parks,2011,adopted,fte,85.6,85.6,85.6,agree,both readings,274-275
2017,fte,Open Space / Mountain Parks,2012,adopted,fte,89.6,89.6,89.6,agree,both readings,274-275
2017,fte,Open Space / Mountain Parks,2013,adopted,fte,91.6,91.6,91.6,agree,both readings,274-275
2017,fte,Open Space / Mountain Parks,2014,adopted,fte,95.35,95.35,95.35,agree,both readings,274-275
2017,fte,Open Space / Mountain Parks,2015,adopted,fte,102.35,102.35,102.35,agree,both readings,274-275
2017,fte,Open Space / Mountain Parks,2016,adopted,fte,117.15,117.15,117.15,agree,both readings,274-275
2017,fte,Open Space / Mountain Parks,2017,adopted,fte,128.4,128.4,128.4,agree,both readings,274-275
2017,fte,Housing and Human Services,2008,adopted,fte,56.24,56.24,56.24,agree,both readings,274-275
2017,fte,Housing and Human Services,2009,adopted,fte,57.42,57.42,57.42,agree,both readings,274-275
2017,fte,Housing and Human Services,2010,adopted,fte,56.1,56.1,56.1,agree,both readings,274-275
2017,fte,Housing and Human Services,2011,adopted,fte,53.39,53.39,53.39,agree,both readings,274-275
2017,fte,Housing and Human Services,2012,adopted,fte,46.73,46.73,46.73,agree,both readings,274-275
2017,fte,Housing and Human Services,2013,adopted,fte,48.34,48.34,48.34,agree,both readings,274-275
2017,fte,Housing and Human Services,2014,adopted,fte,48.91,48.91,48.91,agree,both readings,274-275
2017,fte,Housing and Human Services,2015,adopted,fte,50.39,50.39,50.39,agree,both readings,274-275
2017,fte,Housing and Human Services,2016,adopted,fte,52.14,52.14,52.14,agree,both readings,274-275
2017,fte,Housing and Human Services,2017,adopted,fte,-,-,-,agree,both readings,274-275
2017,fte,Housing,2008,adopted,fte,-,-,-,agree,both readings,274-275
2017,fte,Housing,2009,adopted,fte,-,-,-,agree,both readings,274-275
2017,fte,Housing,2010,adopted,fte,-,-,-,agree,both readings,274-275
2017,fte,Housing,2011,adopted,fte,-,-,-,agree,both readings,274-275
2017,fte,Housing,2012,adopted,fte,-,-,-,agree,both readings,274-275
2017,fte,Housing,2013,adopted,fte,-,-,-,agree,both readings,274-275
2017,fte,Housing,2014,adopted,fte,-,-,-,agree,both readings,274-275
2017,fte,Housing,2015,adopted,fte,-,-,-,agree,both readings,274-275
2017,fte,Housing,2016,adopted,fte,-,-,-,agree,both readings,274-275
2017,fte,Housing,2017,adopted,fte,15.95,15.95,15.95,agree,both readings,274-275
2017,fte,Human Services,2008,adopted,fte,-,-,-,agree,both readings,274-275
2017,fte,Human Services,2009,adopted,fte,-,-,-,agree,both readings,274-275
2017,fte,Human Services,2010,adopted,fte,-,-,-,agree,both readings,274-275
2017,fte,Human Services,2011,adopted,fte,-,-,-,agree,both readings,274-275
2017,fte,Human Services,2012,adopted,fte,-,-,-,agree,both readings,274-275
2017,fte,Human Services,2013,adopted,fte,-,-,-,agree,both readings,274-275
2017,fte,Human Services,2014,adopted,fte,-,-,-,agree,both readings,274-275
2017,fte,Human Services,2015,adopted,fte,-,-,-,agree,both readings,274-275
2017,fte,Human Services,2016,adopted,fte,-,-,-,agree,both readings,274-275
2017,fte,Human Services,2017,adopted,fte,35.05,35.05,35.05,agree,both readings,274-275
2017,fte,Total,2008,adopted,fte,1281.17,1281.17,,ocr only,another report,274-275
2017,fte,Total,2009,adopted,fte,1288.52,1288.52,,ocr only,another report,274-275
2017,fte,Total,2010,adopted,fte,1248.24,1248.24,,ocr only,another report,274-275
2017,fte,Total,2011,adopted,fte,1230.5,1230.5,,ocr only,another report,274-275
2017,fte,Total,2012,adopted,fte,1243.2,1243.2,,ocr only,another report,274-275
2017,fte,Total,2013,adopted,fte,1260.62,1260.62,,ocr only,another report,274-275
2017,fte,Total,2014,adopted,fte,1286.01,1286.01,,ocr only,another report,274-275
2017,fte,Total,2015,adopted,fte,1358.77,1358.77,,ocr only,another report,274-275
2017,fte,Total,2016,adopted,fte,1419.15,1419.15,,ocr only,another report,274-275
2017,fte,Total,2017,adopted,fte,1447.36,1447.36,,ocr only,another report,274-275
2017,gf,"Sales, use and other taxes",2017,adopted,thousands,61465,61465,,ocr only,own arithmetic,48-49
2017,gf,"Sales, use and other taxes",2017,final,thousands,61465,61465,,ocr only,own arithmetic,48-49
2017,gf,"Sales, use and other taxes",2017,actual,thousands,59859,59859,,ocr only,own arithmetic,48-49
2017,gf,"Sales, use and other taxes",2017,variance,thousands,-1606,-1606,,ocr only,own arithmetic,48-49
2017,gf,General property taxes,2017,adopted,thousands,33481,33481,33481,agree,both readings,48-49
2017,gf,General property taxes,2017,final,thousands,33481,33481,33481,agree,both readings,48-49
2017,gf,General property taxes,2017,actual,thousands,33218,33218,33218,agree,both readings,48-49
2017,gf,General property taxes,2017,variance,thousands,-263,-263,-263,agree,both readings,48-49
2017,gf,Accomodations taxes,2017,adopted,thousands,8055,8055,8055,agree,both readings,48-49
2017,gf,Accomodations taxes,2017,final,thousands,8055,8055,8055,agree,both readings,48-49
2017,gf,Accomodations taxes,2017,actual,thousands,8932,8932,8932,agree,both readings,48-49
2017,gf,Accomodations taxes,2017,variance,thousands,877,877,877,agree,both readings,48-49
2017,gf,Franchise taxes,2017,adopted,thousands,10652,10652,10652,agree,both readings,48-49
2017,gf,Franchise taxes,2017,final,thousands,10652,10652,10652,agree,both readings,48-49
2017,gf,Franchise taxes,2017,actual,thousands,10831,10831,10831,agree,both readings,48-49
2017,gf,Franchise taxes,2017,variance,thousands,179,179,179,agree,both readings,48-49
2017,gf,Specific ownership & tobacco taxes,2017,adopted,thousands,2181,2181,2181,agree,both readings,48-49
2017,gf,Specific ownership & tobacco taxes,2017,final,thousands,2181,2181,2181,agree,both readings,48-49
2017,gf,Specific ownership & tobacco taxes,2017,actual,thousands,2630,2630,2630,agree,both readings,48-49
2017,gf,Specific ownership & tobacco taxes,2017,variance,thousands,449,449,449,agree,both readings,48-49
2017,gf,Excise taxes,2017,adopted,thousands,1167,1167,1167,agree,both readings,48-49
2017,gf,Excise taxes,2017,final,thousands,1309,1309,1309,agree,both readings,48-49
2017,gf,Excise taxes,2017,actual,thousands,1261,1261,1261,agree,both readings,48-49
2017,gf,Excise taxes,2017,variance,thousands,-48,-48,-48,agree,both readings,48-49
2017,gf,Charges for services,2017,adopted,thousands,5464,5464,5464,agree,both readings,48-49
2017,gf,Charges for services,2017,final,thousands,5633,5633,5633,agree,both readings,48-49
2017,gf,Charges for services,2017,actual,thousands,4703,4703,4703,agree,both readings,48-49
2017,gf,Charges for services,2017,variance,thousands,-930,-930,-930,agree,both readings,48-49
2017,gf,Sale of goods,2017,adopted,thousands,65,65,65,agree,both readings,48-49
2017,gf,Sale of goods,2017,final,thousands,259,259,259,agree,both readings,48-49
2017,gf,Sale of goods,2017,actual,thousands,214,214,214,agree,both readings,48-49
2017,gf,Sale of goods,2017,variance,thousands,-45,-45,-45,agree,both readings,48-49
2017,gf,"Licenses, permits and fines",2017,adopted,thousands,6102,6102,6102,agree,both readings,48-49
2017,gf,"Licenses, permits and fines",2017,final,thousands,6233,6233,6233,agree,both readings,48-49
2017,gf,"Licenses, permits and fines",2017,actual,thousands,6292,6292,6292,agree,both readings,48-49
2017,gf,"Licenses, permits and fines",2017,variance,thousands,59,59,59,agree,both readings,48-49
2017,gf,Intergovernmental,2017,adopted,thousands,1254,1254,1254,agree,both readings,48-49
2017,gf,Intergovernmental,2017,final,thousands,3012,3012,3012,agree,both readings,48-49
2017,gf,Intergovernmental,2017,actual,thousands,2524,2524,2524,agree,both readings,48-49
2017,gf,Intergovernmental,2017,variance,thousands,-488,-488,-488,agree,both readings,48-49
2017,gf,"Leases, rents and royalties",2017,adopted,thousands,301,301,301,agree,both readings,48-49
2017,gf,"Leases, rents and royalties",2017,final,thousands,401,401,401,agree,both readings,48-49
2017,gf,"Leases, rents and royalties",2017,actual,thousands,215,215,215,agree,both readings,48-49
2017,gf,"Leases, rents and royalties",2017,variance,thousands,-186,-186,-186,agree,both readings,48-49
2017,gf,Interest and investment earnings,2017,adopted,thousands,305,305,305,agree,both readings,48-49
2017,gf,Interest and investment earnings,2017,final,thousands,305,305,305,agree,both readings,48-49
2017,gf,Interest and investment earnings,2017,actual,thousands,663,663,663,agree,both readings,48-49
2017,gf,Interest and investment earnings,2017,variance,thousands,358,358,358,agree,both readings,48-49
2017,gf,Other,2017,adopted,thousands,-,-,-,agree,both readings,48-49
2017,gf,Other,2017,final,thousands,202,202,202,agree,both readings,48-49
2017,gf,Other,2017,actual,thousands,3238,3238,3238,agree,both readings,48-49
2017,gf,Other,2017,variance,thousands,3036,3036,3036,agree,both readings,48-49
2017,gf,Total revenues,2017,adopted,thousands,130492,130492,130492,agree,both readings,48-49
2017,gf,Total revenues,2017,final,thousands,133188,133188,133188,agree,both readings,48-49
2017,gf,Total revenues,2017,actual,thousands,134580,134580,134580,agree,both readings,48-49
2017,gf,Total revenues,2017,variance,thousands,1392,1392,1392,agree,both readings,48-49
2017,gf,General Government,2017,adopted,thousands,15761,15761,15761,agree,both readings,48-49
2017,gf,General Government,2017,final,thousands,22696,22696,22696,agree,both readings,48-49
2017,gf,General Government,2017,actual,thousands,16599,16599,16599,agree,both readings,48-49
2017,gf,General Government,2017,variance,thousands,6097,6097,6097,agree,both readings,48-49
2017,gf,Administrative Services,2017,adopted,thousands,14877,14877,14877,agree,both readings,48-49
2017,gf,Administrative Services,2017,final,thousands,17875,17875,17875,agree,both readings,48-49
2017,gf,Administrative Services,2017,actual,thousands,14258,14258,14258,agree,both readings,48-49
2017,gf,Administrative Services,2017,variance,thousands,3617,3617,3617,agree,both readings,48-49
2017,gf,Public Safety,2017,adopted,thousands,54212,54212,54212,agree,both readings,48-49
2017,gf,Public Safety,2017,final,thousands,56785,56785,56785,agree,both readings,48-49
2017,gf,Public Safety,2017,actual,thousands,56113,56113,56113,agree,both readings,48-49
2017,gf,Public Safety,2017,variance,thousands,672,672,672,agree,both readings,48-49
2017,gf,Public Works,2017,adopted,thousands,7052,7052,7052,agree,both readings,48-49
2017,gf,Public Works,2017,final,thousands,11697,11697,11697,agree,both readings,48-49
2017,gf,Public Works,2017,actual,thousands,12105,12105,12105,agree,both readings,48-49
2017,gf,Public Works,2017,variance,thousands,-408,-408,-408,agree,both readings,48-49
2017,gf,Planning & Development Services,2017,adopted,thousands,3007,3007,3007,agree,both readings,48-49
2017,gf,Planning & Development Services,2017,final,thousands,4076,4076,4076,agree,both readings,48-49
2017,gf,Planning & Development Services,2017,actual,thousands,2610,2610,2610,agree,both readings,48-49
2017,gf,Planning & Development Services,2017,variance,thousands,1466,1466,1466,agree,both readings,48-49
2017,gf,Culture and Recreation,2017,adopted,thousands,12657,12657,12657,agree,both readings,48-49
2017,gf,Culture and Recreation,2017,final,thousands,13603,13603,13603,agree,both readings,48-49
2017,gf,Culture and Recreation,2017,actual,thousands,12941,12941,12941,agree,both readings,48-49
2017,gf,Culture and Recreation,2017,variance,thousands,662,662,662,agree,both readings,48-49
2017,gf,Open Space and Mountain Parks,2017,adopted,thousands,31,31,31,agree,both readings,48-49
2017,gf,Open Space and Mountain Parks,2017,final,thousands,31,31,31,agree,both readings,48-49
2017,gf,Open Space and Mountain Parks,2017,actual,thousands,28,28,28,agree,both readings,48-49
2017,gf,Open Space and Mountain Parks,2017,variance,thousands,3,3,3,agree,both readings,48-49
2017,gf,Housing and Human Services,2017,adopted,thousands,11071,11071,11071,agree,both readings,48-49
2017,gf,Housing and Human Services,2017,final,thousands,17875,17875,17875,agree,both readings,48-49
2017,gf,Housing and Human Services,2017,actual,thousands,14424,14424,14424,agree,both readings,48-49
2017,gf,Housing and Human Services,2017,variance,thousands,3451,3451,3451,agree,both readings,48-49
2017,gf,Principal,2017,adopted,thousands,3175,3175,3175,agree,both readings,48-49
2017,gf,Principal,2017,final,thousands,3175,3175,3175,agree,both readings,48-49
2017,gf,Principal,2017,actual,thousands,3175,3175,3175,agree,both readings,48-49
2017,gf,Principal,2017,variance,thousands,-,-,-,agree,both readings,48-49
2017,gf,Interest,2017,adopted,thousands,1930,1930,1930,agree,both readings,48-49
2017,gf,Interest,2017,final,thousands,1930,1930,1930,agree,both readings,48-49
2017,gf,Interest,2017,actual,thousands,1930,1930,1930,agree,both readings,48-49
2017,gf,Interest,2017,variance,thousands,-,-,-,agree,both readings,48-49
2017,gf,Total expenditures,2017,adopted,thousands,123773,123773,123773,agree,both readings,48-49
2017,gf,Total expenditures,2017,final,thousands,149743,149743,149743,agree,both readings,48-49
2017,gf,Total expenditures,2017,actual,thousands,134183,134183,134183,agree,both readings,48-49
2017,gf,Total expenditures,2017,variance,thousands,15560,15560,15560,agree,both readings,48-49
2017,gf,over (under) expenditures,2017,adopted,thousands,6719,6719,6719,agree,both readings,48-49
2017,gf,over (under) expenditures,2017,final,thousands,-16555,-16555,-16555,agree,both readings,48-49
2017,gf,over (under) expenditures,2017,actual,thousands,397,397,397,agree,both readings,48-49
2017,gf,over (under) expenditures,2017,variance,thousands,16952,16952,16952,agree,both readings,48-49
2017,gf,Transfers in,2017,adopted,thousands,28,28,28,agree,both readings,48-49
2017,gf,Transfers in,2017,final,thousands,28,28,28,agree,both readings,48-49
2017,gf,Transfers in,2017,actual,thousands,28,28,28,agree,both readings,48-49
2017,gf,Transfers in,2017,variance,thousands,-,-,-,agree,both readings,48-49
2017,gf,Transfers out,2017,adopted,thousands,-8938,-8938,-8938,agree,both readings,48-49
2017,gf,Transfers out,2017,final,thousands,-9304,-9304,-9304,agree,both readings,48-49
2017,gf,Transfers out,2017,actual,thousands,-9202,-9202,-9202,agree,both readings,48-49
2017,gf,Transfers out,2017,variance,thousands,102,102,102,agree,both readings,48-49
2017,gf,Total other financing sources (uses),2017,adopted,thousands,-8910,-8910,-8910,agree,both readings,48-49
2017,gf,Total other financing sources (uses),2017,final,thousands,-9276,-9276,-9276,agree,both readings,48-49
2017,gf,Total other financing sources (uses),2017,actual,thousands,-9174,-9174,-9174,agree,both readings,48-49
2017,gf,Total other financing sources (uses),2017,variance,thousands,102,102,102,agree,both readings,48-49
2017,gf,Net change in fund balance,2017,adopted,thousands,-2191,-2191,-2191,agree,both readings,48-49
2017,gf,Net change in fund balance,2017,final,thousands,-25831,-25831,-25831,agree,both readings,48-49
2017,gf,Net change in fund balance,2017,actual,thousands,-8777,-8777,-8777,agree,both readings,48-49
2017,gf,Net change in fund balance,2017,variance,thousands,17054,17054,17054,agree,both readings,48-49
2017,legal,Assessed value,2017,actual,thousands,3667034,3667034,3667034,agree,both readings,268-269
2017,legal,Debt limit - 3% of assessed value,2017,actual,thousands,110011,110011,110011,agree,both readings,268-269
2018,fundbal,Sales and use taxes,2009,actual,thousands,85457,85457,85457,agree,both readings,274-275
2018,fundbal,Sales and use taxes,2010,actual,thousands,87802,87802,87802,agree,both readings,274-275
2018,fundbal,Sales and use taxes,2011,actual,thousands,92627,92627,92627,agree,both readings,274-275
2018,fundbal,Sales and use taxes,2012,actual,thousands,97397,97397,97397,agree,both readings,274-275
2018,fundbal,Sales and use taxes,2013,actual,thousands,104136,104136,104136,agree,both readings,274-275
2018,fundbal,Sales and use taxes,2014,actual,thousands,116316,116316,116316,agree,both readings,274-275
2018,fundbal,Sales and use taxes,2015,actual,thousands,131323,131323,131323,agree,both readings,274-275
2018,fundbal,Sales and use taxes,2016,actual,thousands,136269,136269,136269,agree,both readings,274-275
2018,fundbal,Sales and use taxes,2017,actual,thousands,131857,131857,131857,agree,both readings,274-275
2018,fundbal,Sales and use taxes,2018,actual,thousands,146400,146400,146400,agree,both readings,274-275
2018,fundbal,General property taxes,2009,actual,thousands,23526,23526,23526,agree,both readings,274-275
2018,fundbal,General property taxes,2010,actual,thousands,26022,26022,26022,agree,both readings,274-275
2018,fundbal,General property taxes,2011,actual,thousands,27462,27462,27462,agree,both readings,274-275
2018,fundbal,General property taxes,2012,actual,thousands,29474,29474,29474,agree,both readings,274-275
2018,fundbal,General property taxes,2013,actual,thousands,29434,29434,29434,agree,both readings,274-275
2018,fundbal,General property taxes,2014,actual,thousands,30353,30353,30353,agree,both readings,274-275
2018,fundbal,General property taxes,2015,actual,thousands,30846,30846,30846,agree,both readings,274-275
2018,fundbal,General property taxes,2016,actual,thousands,36897,36897,36897,agree,both readings,274-275
2018,fundbal,General property taxes,2017,actual,thousands,37252,37252,37252,agree,both readings,274-275
2018,fundbal,General property taxes,2018,actual,thousands,43700,43700,43700,agree,both readings,274-275
2018,taxsales,Apparel Stores,2009,actual,thousands,77259,77259,77259,agree,both readings,276-277
2018,taxsales,Apparel Stores,2010,actual,thousands,79232,79232,79232,agree,both readings,276-277
2018,taxsales,Apparel Stores,2011,actual,thousands,100696,100696,100696,agree,both readings,276-277
2018,taxsales,Apparel Stores,2012,actual,thousands,110467,110467,110467,agree,both readings,276-277
2018,taxsales,Apparel Stores,2013,actual,thousands,111042,111042,111042,agree,both readings,276-277
2018,taxsales,Apparel Stores,2014,actual,thousands,118703,118703,118703,agree,both readings,276-277
2018,taxsales,Apparel Stores,2015,actual,thousands,122977,122977,122977,agree,both readings,276-277
2018,taxsales,Apparel Stores,2016,actual,thousands,123958,123958,123958,agree,both readings,276-277
2018,taxsales,Apparel Stores,2017,actual,thousands,116513,116513,116513,agree,both readings,276-277
2018,taxsales,Apparel Stores,2018,actual,thousands,118308,118308,118308,agree,both readings,276-277
2018,taxsales,Automotive Trade,2009,actual,thousands,145333,145333,145333,agree,both readings,276-277
2018,taxsales,Automotive Trade,2010,actual,thousands,157930,157930,157930,agree,both readings,276-277
2018,taxsales,Automotive Trade,2011,actual,thousands,174631,174631,174631,agree,both readings,276-277
2018,taxsales,Automotive Trade,2012,actual,thousands,187675,187675,187675,agree,both readings,276-277
2018,taxsales,Automotive Trade,2013,actual,thousands,205342,205342,205342,agree,both readings,276-277
2018,taxsales,Automotive Trade,2014,actual,thousands,223429,223429,223429,agree,both readings,276-277
2018,taxsales,Automotive Trade,2015,actual,thousands,235029,235029,235029,agree,both readings,276-277
2018,taxsales,Automotive Trade,2016,actual,thousands,239489,239489,239489,agree,both readings,276-277
2018,taxsales,Automotive Trade,2017,actual,thousands,251106,251106,251106,agree,both readings,276-277
2018,taxsales,Automotive Trade,2018,actual,thousands,258584,258584,258584,agree,both readings,276-277
2018,taxsales,Building Material-Retail,2009,actual,thousands,82342,82342,82342,agree,both readings,276-277
2018,taxsales,Building Material-Retail,2010,actual,thousands,87238,87238,87238,agree,both readings,276-277
2018,taxsales,Building Material-Retail,2011,actual,thousands,85319,85319,85319,agree,both readings,276-277
2018,taxsales,Building Material-Retail,2012,actual,thousands,94886,94886,94886,agree,both readings,276-277
2018,taxsales,Building Material-Retail,2013,actual,thousands,108685,108685,108685,agree,both readings,276-277
2018,taxsales,Building Material-Retail,2014,actual,thousands,111381,111381,111381,agree,both readings,276-277
2018,taxsales,Building Material-Retail,2015,actual,thousands,114560,114560,114560,agree,both readings,276-277
2018,taxsales,Building Material-Retail,2016,actual,thousands,121991,121991,121991,agree,both readings,276-277
2018,taxsales,Building Material-Retail,2017,actual,thousands,121201,121201,121201,agree,both readings,276-277
2018,taxsales,Building Material-Retail,2018,actual,thousands,121719,121719,121719,agree,both readings,276-277
2018,taxsales,Computer Related Business Sector,2009,actual,thousands,168124,168124,168124,agree,both readings,276-277
2018,taxsales,Computer Related Business Sector,2010,actual,thousands,146311,146311,146311,agree,both readings,276-277
2018,taxsales,Computer Related Business Sector,2011,actual,thousands,167503,167503,167503,agree,both readings,276-277
2018,taxsales,Computer Related Business Sector,2012,actual,thousands,188876,188876,188876,agree,both readings,276-277
2018,taxsales,Computer Related Business Sector,2013,actual,thousands,208352,208352,208352,agree,both readings,276-277
2018,taxsales,Computer Related Business Sector,2014,actual,thousands,200512,200512,200512,agree,both readings,276-277
2018,taxsales,Computer Related Business Sector,2015,actual,thousands,205890,205890,205890,agree,both readings,276-277
2018,taxsales,Computer Related Business Sector,2016,actual,thousands,195938,195938,195938,agree,both readings,276-277
2018,taxsales,Computer Related Business Sector,2017,actual,thousands,188351,188351,188351,agree,both readings,276-277
2018,taxsales,Computer Related Business Sector,2018,actual,thousands,198501,198501,198501,agree,both readings,276-277
2018,taxsales,Construction Sales Tax,2009,actual,thousands,11263,11263,11263,agree,both readings,276-277
2018,taxsales,Construction Sales Tax,2010,actual,thousands,14922,14922,14922,agree,both readings,276-277
2018,taxsales,Construction Sales Tax,2011,actual,thousands,16147,16147,16147,agree,both readings,276-277
2018,taxsales,Construction Sales Tax,2012,actual,thousands,12006,12006,12006,agree,both readings,276-277
2018,taxsales,Construction Sales Tax,2013,actual,thousands,12642,12642,12642,agree,both readings,276-277
2018,taxsales,Construction Sales Tax,2014,actual,thousands,11576,11576,11576,agree,both readings,276-277
2018,taxsales,Construction Sales Tax,2015,actual,thousands,-,-,-,agree,both readings,276-277
2018,taxsales,Construction Sales Tax,2016,actual,thousands,-,-,-,agree,both readings,276-277
2018,taxsales,Construction Sales Tax,2017,actual,thousands,-,-,-,agree,both readings,276-277
2018,taxsales,Construction Sales Tax,2018,actual,thousands,-,-,-,agree,both readings,276-277
2018,taxsales,Construction Use Tax,2009,actual,thousands,142739,142739,142739,agree,both readings,276-277
2018,taxsales,Construction Use Tax,2010,actual,thousands,173534,173534,173534,agree,both readings,276-277
2018,taxsales,Construction Use Tax,2011,actual,thousands,153438,153438,153438,agree,both readings,276-277
2018,taxsales,Construction Use Tax,2012,actual,thousands,171106,171106,171106,agree,both readings,276-277
2018,taxsales,Construction Use Tax,2013,actual,thousands,266139,266139,266139,agree,both readings,276-277
2018,taxsales,Construction Use Tax,2014,actual,thousands,251594,251594,251594,agree,both readings,276-277
2018,taxsales,Construction Use Tax,2015,actual,thousands,-,-,-,agree,both readings,276-277
2018,taxsales,Construction Use Tax,2016,actual,thousands,-,-,-,agree,both readings,276-277
2018,taxsales,Construction Use Tax,2017,actual,thousands,-,-,-,agree,both readings,276-277
2018,taxsales,Construction Use Tax,2018,actual,thousands,-,-,-,agree,both readings,276-277
2018,taxsales,Constructions Firms Sales/Use Tax,2009,actual,thousands,-,-,-,agree,both readings,276-277
2018,taxsales,Constructions Firms Sales/Use Tax,2010,actual,thousands,-,-,-,agree,both readings,276-277
2018,taxsales,Constructions Firms Sales/Use Tax,2011,actual,thousands,-,-,-,agree,both readings,276-277
2018,taxsales,Constructions Firms Sales/Use Tax,2012,actual,thousands,-,-,-,agree,both readings,276-277
2018,taxsales,Constructions Firms Sales/Use Tax,2013,actual,thousands,-,-,-,agree,both readings,276-277
2018,taxsales,Constructions Firms Sales/Use Tax,2014,actual,thousands,-,-,-,agree,both readings,276-277
2018,taxsales,Constructions Firms Sales/Use Tax,2015,actual,thousands,276746,276746,276746,agree,both readings,276-277
2018,taxsales,Constructions Firms Sales/Use Tax,2016,actual,thousands,304301,304301,304301,agree,both readings,276-277
2018,taxsales,Constructions Firms Sales/Use Tax,2017,actual,thousands,279081,279081,279081,agree,both readings,276-277
2018,taxsales,Constructions Firms Sales/Use Tax,2018,actual,thousands,352701,352701,352701,agree,both readings,276-277
2018,taxsales,Consumer Electronics,2009,actual,thousands,50755,50755,50755,agree,both readings,276-277
2018,taxsales,Consumer Electronics,2010,actual,thousands,54843,54843,54843,agree,both readings,276-277
2018,taxsales,Consumer Electronics,2011,actual,thousands,73237,73237,73237,agree,both readings,276-277
2018,taxsales,Consumer Electronics,2012,actual,thousands,62924,62924,62924,agree,both readings,276-277
2018,taxsales,Consumer Electronics,2013,actual,thousands,58300,58300,58300,agree,both readings,276-277
2018,taxsales,Consumer Electronics,2014,actual,thousands,67677,67677,67677,agree,both readings,276-277
2018,taxsales,Consumer Electronics,2015,actual,thousands,66687,66687,66687,agree,both readings,276-277
2018,taxsales,Consumer Electronics,2016,actual,thousands,71024,71024,71024,agree,both readings,276-277
2018,taxsales,Consumer Electronics,2017,actual,thousands,59211,59211,59211,agree,both readings,276-277
2018,taxsales,Consumer Electronics,2018,actual,thousands,73263,73263,73263,agree,both readings,276-277
2018,taxsales,Eating Places,2009,actual,thousands,311060,311060,311060,agree,both readings,276-277
2018,taxsales,Eating Places,2010,actual,thousands,321904,321904,321904,agree,both readings,276-277
2018,taxsales,Eating Places,2011,actual,thousands,347871,347871,347871,agree,both readings,276-277
2018,taxsales,Eating Places,2012,actual,thousands,384485,384485,384485,agree,both readings,276-277
2018,taxsales,Eating Places,2013,actual,thousands,387596,387596,387596,agree,both readings,276-277
2018,taxsales,Eating Places,2014,actual,thousands,410251,410251,410251,agree,both readings,276-277
2018,taxsales,Eating Places,2015,actual,thousands,437428,437428,437428,agree,both readings,276-277
2018,taxsales,Eating Places,2016,actual,thousands,451436,451436,451436,agree,both readings,276-277
2018,taxsales,Eating Places,2017,actual,thousands,461091,461091,461091,agree,both readings,276-277
2018,taxsales,Eating Places,2018,actual,thousands,477032,477032,477032,agree,both readings,276-277
2018,taxsales,Food Stores,2009,actual,thousands,328338,328338,328338,agree,both readings,276-277
2018,taxsales,Food Stores,2010,actual,thousands,327796,327796,327796,agree,both readings,276-277
2018,taxsales,Food Stores,2011,actual,thousands,359707,359707,359707,agree,both readings,276-277
2018,taxsales,Food Stores,2012,actual,thousands,388154,388154,388154,agree,both readings,276-277
2018,taxsales,Food Stores,2013,actual,thousands,395837,395837,395837,agree,both readings,276-277
2018,taxsales,Food Stores,2014,actual,thousands,416890,416890,416890,agree,both readings,276-277
2018,taxsales,Food Stores,2015,actual,thousands,440661,440661,440661,agree,both readings,276-277
2018,taxsales,Food Stores,2016,actual,thousands,452030,452030,452030,agree,both readings,276-277
2018,taxsales,Food Stores,2017,actual,thousands,448173,448173,448173,agree,both readings,276-277
2018,taxsales,Food Stores,2018,actual,thousands,438804,438804,438804,agree,both readings,276-277
2018,taxsales,General Retail,2009,actual,thousands,515305,515305,515305,agree,both readings,276-277
2018,taxsales,General Retail,2010,actual,thousands,567786,567786,567786,agree,both readings,276-277
2018,taxsales,General Retail,2011,actual,thousands,586189,586189,586189,agree,both readings,276-277
2018,taxsales,General Retail,2012,actual,thousands,606359,606359,606359,agree,both readings,276-277
2018,taxsales,General Retail,2013,actual,thousands,611228,611228,611228,agree,both readings,276-277
2018,taxsales,General Retail,2014,actual,thousands,628223,628223,628223,agree,both readings,276-277
2018,taxsales,General Retail,2015,actual,thousands,658659,658659,658659,agree,both readings,276-277
2018,taxsales,General Retail,2016,actual,thousands,737753,737753,737753,agree,both readings,276-277
2018,taxsales,General Retail,2017,actual,thousands,675023,675023,675023,agree,both readings,276-277
2018,taxsales,General Retail,2018,actual,thousands,709676,709676,709676,agree,both readings,276-277
2018,taxsales,Home Furnishings,2009,actual,thousands,75883,75883,75883,agree,both readings,276-277
2018,taxsales,Home Furnishings,2010,actual,thousands,76487,76487,76487,agree,both readings,276-277
2018,taxsales,Home Furnishings,2011,actual,thousands,81304,81304,81304,agree,both readings,276-277
2018,taxsales,Home Furnishings,2012,actual,thousands,81243,81243,81243,agree,both readings,276-277
2018,taxsales,Home Furnishings,2013,actual,thousands,79745,79745,79745,agree,both readings,276-277
2018,taxsales,Home Furnishings,2014,actual,thousands,87804,87804,87804,agree,both readings,276-277
2018,taxsales,Home Furnishings,2015,actual,thousands,89689,89689,89689,agree,both readings,276-277
2018,taxsales,Home Furnishings,2016,actual,thousands,92314,92314,92314,agree,both readings,276-277
2018,taxsales,Home Furnishings,2017,actual,thousands,92483,92483,92483,agree,both readings,276-277
2018,taxsales,Home Furnishings,2018,actual,thousands,93697,93697,93697,agree,both readings,276-277
2018,taxsales,Transportation/Utilities,2009,actual,thousands,215137,215137,215137,agree,both readings,276-277
2018,taxsales,Transportation/Utilities,2010,actual,thousands,220981,220981,220981,agree,both readings,276-277
2018,taxsales,Transportation/Utilities,2011,actual,thousands,215462,215462,215462,agree,both readings,276-277
2018,taxsales,Transportation/Utilities,2012,actual,thousands,208713,208713,208713,agree,both readings,276-277
2018,taxsales,Transportation/Utilities,2013,actual,thousands,226972,226972,226972,agree,both readings,276-277
2018,taxsales,Transportation/Utilities,2014,actual,thousands,243605,243605,243605,agree,both readings,276-277
2018,taxsales,Transportation/Utilities,2015,actual,thousands,229281,229281,229281,agree,both readings,276-277
2018,taxsales,Transportation/Utilities,2016,actual,thousands,220926,220926,220926,agree,both readings,276-277
2018,taxsales,Transportation/Utilities,2017,actual,thousands,216678,216678,216678,agree,both readings,276-277
2018,taxsales,Transportation/Utilities,2018,actual,thousands,214292,214292,214292,agree,both readings,276-277
2018,taxsales,All Other,2009,actual,thousands,390880,390880,390880,agree,both readings,276-277
2018,taxsales,All Other,2010,actual,thousands,351272,351272,351272,agree,both readings,276-277
2018,taxsales,All Other,2011,actual,thousands,359612,359612,359612,agree,both readings,276-277
2018,taxsales,All Other,2012,actual,thousands,359324,359324,359324,agree,both readings,276-277
2018,taxsales,All Other,2013,actual,thousands,381961,381961,381961,agree,both readings,276-277
2018,taxsales,All Other,2014,actual,thousands,495657,495657,495657,agree,both readings,276-277
2018,taxsales,All Other,2015,actual,thousands,524543,524543,524543,agree,both readings,276-277
2018,taxsales,All Other,2016,actual,thousands,519125,519125,519125,agree,both readings,276-277
2018,taxsales,All Other,2017,actual,thousands,612152,612152,612152,agree,both readings,276-277
2018,taxsales,All Other,2018,actual,thousands,631091,631091,631091,agree,both readings,276-277
2018,taxsales,Refunds,2009,actual,thousands,-8349,-8349,-8349,agree,both readings,276-277
2018,taxsales,Refunds,2010,actual,thousands,-5396,-5396,-5396,agree,both readings,276-277
2018,taxsales,Refunds,2011,actual,thousands,-4781,-4781,-,DISAGREE,own arithmetic,276-277
2018,taxsales,Refunds,2012,actual,thousands,-,-,-,agree,both readings,276-277
2018,taxsales,Refunds,2013,actual,thousands,-,-,-4781,DISAGREE,another report,276-277
2018,taxsales,Refunds,2014,actual,thousands,-,-,-,agree,both readings,276-277
2018,taxsales,Refunds,2015,actual,thousands,-,-,-,agree,both readings,276-277
2018,taxsales,Refunds,2016,actual,thousands,-,-,-,agree,both readings,276-277
2018,taxsales,Refunds,2017,actual,thousands,-,-,-,agree,both readings,276-277
2018,taxsales,Refunds,2018,actual,thousands,-,-,-,agree,both readings,276-277
2018,taxsales,Total Sales and Use Tax,2009,actual,thousands,2506069,2506069,2506069,agree,both readings,276-277
2018,taxsales,Total Sales and Use Tax,2010,actual,thousands,2574840,2574840,2574840,agree,both readings,276-277
2018,taxsales,Total Sales and Use Tax,2011,actual,thousands,2716335,2716335,2716335,agree,both readings,276-277
2018,taxsales,Total Sales and Use Tax,2012,actual,thousands,2856218,2856218,2856218,agree,both readings,276-277
2018,taxsales,Total Sales and Use Tax,2013,actual,thousands,3053841,3053841,3053841,agree,both readings,276-277
2018,taxsales,Total Sales and Use Tax,2014,actual,thousands,3267302,3267302,3267302,agree,both readings,276-277
2018,taxsales,Total Sales and Use Tax,2015,actual,thousands,3402150,3402150,3402150,agree,both readings,276-277
2018,taxsales,Total Sales and Use Tax,2016,actual,thousands,3530285,3530285,3530285,agree,both readings,276-277
2018,taxsales,Total Sales and Use Tax,2017,actual,thousands,3521063,3521063,3521063,agree,both readings,276-277
2018,taxsales,Total Sales and Use Tax,2018,actual,thousands,3687668,3687668,3687668,agree,both readings,276-277
2018,taxsales,Direct city sales tax rate,2009,actual,pct,3.41,3.41,3.41,agree,both readings,276-277
2018,taxsales,Direct city sales tax rate,2010,actual,pct,3.41,3.41,3.41,agree,both readings,276-277
2018,taxsales,Direct city sales tax rate,2011,actual,pct,3.41,3.41,3.41,agree,both readings,276-277
2018,taxsales,Direct city sales tax rate,2012,actual,pct,3.41,3.41,3.41,agree,both readings,276-277
2018,taxsales,Direct city sales tax rate,2013,actual,pct,3.41,3.41,3.41,agree,both readings,276-277
2018,taxsales,Direct city sales tax rate,2014,actual,pct,3.56,3.56,3.56,agree,both readings,276-277
2018,taxsales,Direct city sales tax rate,2015,actual,pct,3.86,3.86,3.86,agree,both readings,276-277
2018,taxsales,Direct city sales tax rate,2016,actual,pct,3.86,3.86,3.86,agree,both readings,276-277
2018,taxsales,Direct city sales tax rate,2017,actual,pct,3.86,3.86,3.86,agree,both readings,276-277
2018,taxsales,Direct city sales tax rate,2018,actual,pct,3.86,3.86,3.86,agree,both readings,276-277
2018,taxsales,Food service sales tax,2009,actual,pct,0.15,0.15,0.15,agree,both readings,276-277
2018,taxsales,Food service sales tax,2010,actual,pct,0.15,0.15,0.15,agree,both readings,276-277
2018,taxsales,Food service sales tax,2011,actual,pct,0.15,0.15,0.15,agree,both readings,276-277
2018,taxsales,Food service sales tax,2012,actual,pct,0.15,0.15,0.15,agree,both readings,276-277
2018,taxsales,Food service sales tax,2013,actual,pct,0.15,0.15,0.15,agree,both readings,276-277
2018,taxsales,Food service sales tax,2014,actual,pct,0.15,0.15,0.15,agree,both readings,276-277
2018,taxsales,Food service sales tax,2015,actual,pct,0.15,0.15,0.15,agree,both readings,276-277
2018,taxsales,Food service sales tax,2016,actual,pct,0.15,0.15,0.15,agree,both readings,276-277
2018,taxsales,Food service sales tax,2017,actual,pct,0.15,0.15,0.15,agree,both readings,276-277
2018,taxsales,Food service sales tax,2018,actual,pct,0.15,0.15,0.15,agree,both readings,276-277
2018,taxsales,Total direct city sales tax,2009,actual,pct,3.56,3.56,3.56,agree,both readings,276-277
2018,taxsales,Total direct city sales tax,2010,actual,pct,3.56,3.56,3.56,agree,both readings,276-277
2018,taxsales,Total direct city sales tax,2011,actual,pct,3.56,3.56,3.56,agree,both readings,276-277
2018,taxsales,Total direct city sales tax,2012,actual,pct,3.56,3.56,3.56,agree,both readings,276-277
2018,taxsales,Total direct city sales tax,2013,actual,pct,3.56,3.56,3.56,agree,both readings,276-277
2018,taxsales,Total direct city sales tax,2014,actual,pct,3.71,3.71,3.71,agree,both readings,276-277
2018,taxsales,Total direct city sales tax,2015,actual,pct,4.01,4.01,4.01,agree,both readings,276-277
2018,taxsales,Total direct city sales tax,2016,actual,pct,4.01,4.01,4.01,agree,both readings,276-277
2018,taxsales,Total direct city sales tax,2017,actual,pct,4.01,4.01,4.01,agree,both readings,276-277
2018,taxsales,Total direct city sales tax,2018,actual,pct,4.01,4.01,4.01,agree,both readings,276-277
2018,fte,City Council,2009,adopted,fte,1,1,1,agree,both readings,292-293
2018,fte,City Council,2010,adopted,fte,-,-,-,agree,both readings,292-293
2018,fte,City Council,2011,adopted,fte,-,-,-,agree,both readings,292-293
2018,fte,City Council,2012,adopted,fte,-,-,-,agree,both readings,292-293
2018,fte,City Council,2013,adopted,fte,-,-,-,agree,both readings,292-293
2018,fte,City Council,2014,adopted,fte,-,-,-,agree,both readings,292-293
2018,fte,City Council,2015,adopted,fte,-,-,-,agree,both readings,292-293
2018,fte,City Council,2016,adopted,fte,-,-,-,agree,both readings,292-293
2018,fte,City Council,2017,adopted,fte,-,-,-,agree,both readings,292-293
2018,fte,City Council,2018,adopted,fte,-,-,-,agree,both readings,292-293
2018,fte,Municipal Court,2009,adopted,fte,18,18,18,agree,both readings,292-293
2018,fte,Municipal Court,2010,adopted,fte,16.25,16.25,16.25,agree,both readings,292-293
2018,fte,Municipal Court,2011,adopted,fte,16.25,16.25,16.25,agree,both readings,292-293
2018,fte,Municipal Court,2012,adopted,fte,16.25,16.25,16.25,agree,both readings,292-293
2018,fte,Municipal Court,2013,adopted,fte,18.16,18.16,18.16,agree,both readings,292-293
2018,fte,Municipal Court,2014,adopted,fte,18.13,18.13,18.13,agree,both readings,292-293
2018,fte,Municipal Court,2015,adopted,fte,21.13,21.13,21.13,agree,both readings,292-293
2018,fte,Municipal Court,2016,adopted,fte,21.13,21.13,21.13,agree,both readings,292-293
2018,fte,Municipal Court,2017,adopted,fte,20.35,20.35,20.35,agree,both readings,292-293
2018,fte,Municipal Court,2018,adopted,fte,19.35,19.35,19.35,agree,both readings,292-293
2018,fte,City Attorney,2009,adopted,fte,18.65,18.65,18.65,agree,both readings,292-293
2018,fte,City Attorney,2010,adopted,fte,18.65,18.65,18.65,agree,both readings,292-293
2018,fte,City Attorney,2011,adopted,fte,18.65,18.65,18.65,agree,both readings,292-293
2018,fte,City Attorney,2012,adopted,fte,20.15,20.15,20.15,agree,both readings,292-293
2018,fte,City Attorney,2013,adopted,fte,20.2,20.2,20.2,agree,both readings,292-293
2018,fte,City Attorney,2014,adopted,fte,21.2,21.2,21.2,agree,both readings,292-293
2018,fte,City Attorney,2015,adopted,fte,19.2,19.2,19.2,agree,both readings,292-293
2018,fte,City Attorney,2016,adopted,fte,25.7,25.7,25.7,agree,both readings,292-293
2018,fte,City Attorney,2017,adopted,fte,27.65,27.65,27.65,agree,both readings,292-293
2018,fte,City Attorney,2018,adopted,fte,27.65,27.65,27.65,agree,both readings,292-293
2018,fte,City Manager- Administration,2009,adopted,fte,16.5,16.5,16.5,agree,both readings,292-293
2018,fte,City Manager- Administration,2010,adopted,fte,14.3,14.3,14.3,agree,both readings,292-293
2018,fte,City Manager- Administration,2011,adopted,fte,11.8,11.8,11.8,agree,both readings,292-293
2018,fte,City Manager- Administration,2012,adopted,fte,12.68,12.68,12.68,agree,both readings,292-293
2018,fte,City Manager- Administration,2013,adopted,fte,12,12,12,agree,both readings,292-293
2018,fte,City Manager- Administration,2014,adopted,fte,12,12,12,agree,both readings,292-293
2018,fte,City Manager- Administration,2015,adopted,fte,19.5,19.5,19.5,agree,both readings,292-293
2018,fte,City Manager- Administration,2016,adopted,fte,17,17,17,agree,both readings,292-293
2018,fte,City Manager- Administration,2017,adopted,fte,19.88,19.88,19.88,agree,both readings,292-293
2018,fte,City Manager- Administration,2018,adopted,fte,22.88,22.88,22.88,agree,both readings,292-293
2018,fte,City Manager- Community Vitality,2009,adopted,fte,42.25,42.25,42.25,agree,both readings,292-293
2018,fte,City Manager- Community Vitality,2010,adopted,fte,42.25,42.25,42.25,agree,both readings,292-293
2018,fte,City Manager- Community Vitality,2011,adopted,fte,42.25,42.25,42.25,agree,both readings,292-293
2018,fte,City Manager- Community Vitality,2012,adopted,fte,42.25,42.25,42.25,agree,both readings,292-293
2018,fte,City Manager- Community Vitality,2013,adopted,fte,42.25,42.25,42.25,agree,both readings,292-293
2018,fte,City Manager- Community Vitality,2014,adopted,fte,42.25,42.25,42.25,agree,both readings,292-293
2018,fte,City Manager- Community Vitality,2015,adopted,fte,44.5,44.5,44.5,agree,both readings,292-293
2018,fte,City Manager- Community Vitality,2016,adopted,fte,46.5,46.5,46.5,agree,both readings,292-293
2018,fte,City Manager- Community Vitality,2017,adopted,fte,49,49,49,agree,both readings,292-293
2018,fte,City Manager- Community Vitality,2018,adopted,fte,48.25,48.25,48.25,agree,both readings,292-293
2018,fte,City Manager- Communications,2009,adopted,fte,6,6,6,agree,both readings,292-293
2018,fte,City Manager- Communications,2010,adopted,fte,4,4,4,agree,both readings,292-293
2018,fte,City Manager- Communications,2011,adopted,fte,5.5,5.5,5.5,agree,both readings,292-293
2018,fte,City Manager- Communications,2012,adopted,fte,6.5,6.5,6.5,agree,both readings,292-293
2018,fte,City Manager- Communications,2013,adopted,fte,6.5,6.5,6.5,agree,both readings,292-293
2018,fte,City Manager- Communications,2014,adopted,fte,6.5,6.5,6.5,agree,both readings,292-293
2018,fte,City Manager- Communications,2015,adopted,fte,6.5,6.5,6.5,agree,both readings,292-293
2018,fte,City Manager- Communications,2016,adopted,fte,12.75,12.75,12.75,agree,both readings,292-293
2018,fte,City Manager- Communications,2017,adopted,fte,13.5,13.5,13.5,agree,both readings,292-293
2018,fte,City Manager- Communications,2018,adopted,fte,14.75,14.75,14.75,agree,both readings,292-293
2018,fte,Human Resources,2009,adopted,fte,16.63,16.63,16.63,agree,both readings,292-293
2018,fte,Human Resources,2010,adopted,fte,14.88,14.88,14.88,agree,both readings,292-293
2018,fte,Human Resources,2011,adopted,fte,14.88,14.88,14.88,agree,both readings,292-293
2018,fte,Human Resources,2012,adopted,fte,15.38,15.38,15.38,agree,both readings,292-293
2018,fte,Human Resources,2013,adopted,fte,15.63,15.63,15.63,agree,both readings,292-293
2018,fte,Human Resources,2014,adopted,fte,18.63,18.63,18.63,agree,both readings,292-293
2018,fte,Human Resources,2015,adopted,fte,24.63,24.63,24.63,agree,both readings,292-293
2018,fte,Human Resources,2016,adopted,fte,24.38,24.38,24.38,agree,both readings,292-293
2018,fte,Human Resources,2017,adopted,fte,23.38,23.38,23.38,agree,both readings,292-293
2018,fte,Human Resources,2018,adopted,fte,23.38,23.38,23.38,agree,both readings,292-293
2018,fte,Finance,2009,adopted,fte,28.37,28.37,28.37,agree,both readings,292-293
2018,fte,Finance,2010,adopted,fte,26.37,26.37,26.37,agree,both readings,292-293
2018,fte,Finance,2011,adopted,fte,33.5,33.5,33.5,agree,both readings,292-293
2018,fte,Finance,2012,adopted,fte,34,34,34,agree,both readings,292-293
2018,fte,Finance,2013,adopted,fte,34,34,34,agree,both readings,292-293
2018,fte,Finance,2014,adopted,fte,36,36,36,agree,both readings,292-293
2018,fte,Finance,2015,adopted,fte,38.67,38.67,38.67,agree,both readings,292-293
2018,fte,Finance,2016,adopted,fte,44.5,44.5,44.5,agree,both readings,292-293
2018,fte,Finance,2017,adopted,fte,46.62,46.62,46.62,agree,both readings,292-293
2018,fte,Finance,2018,adopted,fte,48.12,48.12,48.12,agree,both readings,292-293
2018,fte,Information Technology,2009,adopted,fte,35.25,35.25,35.25,agree,both readings,292-293
2018,fte,Information Technology,2010,adopted,fte,33.5,33.5,33.5,agree,both readings,292-293
2018,fte,Information Technology,2011,adopted,fte,34.5,34.5,34.5,agree,both readings,292-293
2018,fte,Information Technology,2012,adopted,fte,34.5,34.5,34.5,agree,both readings,292-293
2018,fte,Information Technology,2013,adopted,fte,34,34,34,agree,both readings,292-293
2018,fte,Information Technology,2014,adopted,fte,36.85,36.85,36.85,agree,both readings,292-293
2018,fte,Information Technology,2015,adopted,fte,37.18,37.18,37.18,agree,both readings,292-293
2018,fte,Information Technology,2016,adopted,fte,40.25,40.25,40.25,agree,both readings,292-293
2018,fte,Information Technology,2017,adopted,fte,40.75,40.75,40.75,agree,both readings,292-293
2018,fte,Information Technology,2018,adopted,fte,39.75,39.75,39.75,agree,both readings,292-293
2018,fte,Police,2009,adopted,fte,273.25,273.25,273.25,agree,both readings,292-293
2018,fte,Police,2010,adopted,fte,269.5,269.5,269.5,agree,both readings,292-293
2018,fte,Police,2011,adopted,fte,276.5,276.5,276.5,agree,both readings,292-293
2018,fte,Police,2012,adopted,fte,279.5,279.5,279.5,agree,both readings,292-293
2018,fte,Police,2013,adopted,fte,279.5,279.5,279.5,agree,both readings,292-293
2018,fte,Police,2014,adopted,fte,282.5,282.5,282.5,agree,both readings,292-293
2018,fte,Police,2015,adopted,fte,288,288,288,agree,both readings,292-293
2018,fte,Police,2016,adopted,fte,290.89,290.89,290.89,agree,both readings,292-293
2018,fte,Police,2017,adopted,fte,291.89,291.89,291.89,agree,both readings,292-293
2018,fte,Police,2018,adopted,fte,291.75,291.75,291.75,agree,both readings,292-293
2018,fte,Fire,2009,adopted,fte,112.33,112.33,112.33,agree,both readings,292-293
2018,fte,Fire,2010,adopted,fte,112.33,112.33,112.33,agree,both readings,292-293
2018,fte,Fire,2011,adopted,fte,112.33,112.33,112.33,agree,both readings,292-293
2018,fte,Fire,2012,adopted,fte,115.33,115.33,115.33,agree,both readings,292-293
2018,fte,Fire,2013,adopted,fte,118.33,118.33,118.33,agree,both readings,292-293
2018,fte,Fire,2014,adopted,fte,120.33,120.33,120.33,agree,both readings,292-293
2018,fte,Fire,2015,adopted,fte,121.33,121.33,121.33,agree,both readings,292-293
2018,fte,Fire,2016,adopted,fte,124.33,124.33,124.33,agree,both readings,292-293
2018,fte,Fire,2017,adopted,fte,124,124,124,agree,both readings,292-293
2018,fte,Fire,2018,adopted,fte,124,124,124,agree,both readings,292-293
2018,fte,Planning & Development Services,2009,adopted,fte,76.56,76.56,76.56,agree,both readings,292-293
2018,fte,Planning & Development Services,2010,adopted,fte,79.47,79.47,79.47,agree,both readings,292-293
2018,fte,Planning & Development Services,2011,adopted,fte,78.66,78.66,78.66,agree,both readings,292-293
2018,fte,Planning & Development Services,2012,adopted,fte,82.97,82.97,82.97,agree,both readings,292-293
2018,fte,Planning & Development Services,2013,adopted,fte,88.74,88.74,88.74,agree,both readings,292-293
2018,fte,Planning & Development Services,2014,adopted,fte,93.87,93.87,,ocr only,another report,292-293
2018,fte,Planning & Development Services,2015,adopted,fte,105.92,105.92,,ocr only,another report,292-293
2018,fte,Planning & Development Services,2016,adopted,fte,112.72,112.72,,ocr only,another report,292-293
2018,fte,Planning & Development Services,2017,adopted,fte,-,-,,ocr only,another report,292-293
2018,fte,Planning & Development Services,2018,adopted,fte,-,-,,ocr only,another report,292-293
2018,fte,Development,2009,adopted,fte,-,-,-,agree,both readings,292-293
2018,fte,Development,2010,adopted,fte,-,-,-,agree,both readings,292-293
2018,fte,Development,2011,adopted,fte,-,-,-,agree,both readings,292-293
2018,fte,Development,2012,adopted,fte,-,-,-,agree,both readings,292-293
2018,fte,Development,2013,adopted,fte,-,-,-,agree,both readings,292-293
2018,fte,Development,2014,adopted,fte,-,-,-,agree,both readings,292-293
2018,fte,Development,2015,adopted,fte,-,-,-,agree,both readings,292-293
2018,fte,Development,2016,adopted,fte,-,-,-,agree,both readings,292-293
2018,fte,Development,2017,adopted,fte,54.11,54.11,54.11,agree,both readings,292-293
2018,fte,Development,2018,adopted,fte,57.38,57.38,57.38,agree,both readings,292-293
2018,fte,Community Planning and Sustainability,2009,adopted,fte,-,-,-,agree,both readings,292-293
2018,fte,Community Planning and Sustainability,2010,adopted,fte,-,-,-,agree,both readings,292-293
2018,fte,Community Planning and Sustainability,2011,adopted,fte,-,-,-,agree,both readings,292-293
2018,fte,Community Planning and Sustainability,2012,adopted,fte,-,-,-,agree,both readings,292-293
2018,fte,Community Planning and Sustainability,2013,adopted,fte,-,-,-,agree,both readings,292-293
2018,fte,Community Planning and Sustainability,2014,adopted,fte,-,-,-,agree,both readings,292-293
2018,fte,Community Planning and Sustainability,2015,adopted,fte,-,-,-,agree,both readings,292-293
2018,fte,Community Planning and Sustainability,2016,adopted,fte,-,-,-,agree,both readings,292-293
2018,fte,Community Planning and Sustainability,2017,adopted,fte,55.34,55.34,55.34,agree,both readings,292-293
2018,fte,Community Planning and Sustainability,2018,adopted,fte,55.54,55.54,55.54,agree,both readings,292-293
2018,fte,Energy Strategy & Electric Utility,2009,adopted,fte,-,-,-,agree,both readings,292-293
2018,fte,Energy Strategy & Electric Utility,2010,adopted,fte,-,-,-,agree,both readings,292-293
2018,fte,Energy Strategy & Electric Utility,2011,adopted,fte,-,-,-,agree,both readings,292-293
2018,fte,Energy Strategy & Electric Utility,2012,adopted,fte,-,-,-,agree,both readings,292-293
2018,fte,Energy Strategy & Electric Utility,2013,adopted,fte,-,-,-,agree,both readings,292-293
2018,fte,Energy Strategy & Electric Utility,2014,adopted,fte,-,-,-,agree,both readings,292-293
2018,fte,Energy Strategy & Electric Utility,2015,adopted,fte,-,-,-,agree,both readings,292-293
2018,fte,Energy Strategy & Electric Utility,2016,adopted,fte,-,-,-,agree,both readings,292-293
2018,fte,Energy Strategy & Electric Utility,2017,adopted,fte,9,9,9,agree,both readings,292-293
2018,fte,Energy Strategy & Electric Utility,2018,adopted,fte,*,*,*,agree,both readings,292-293
2018,fte,Environmental Affairs,2009,adopted,fte,10.5,10.5,10.5,agree,both readings,292-293
2018,fte,Environmental Affairs,2010,adopted,fte,-,-,-,agree,both readings,292-293
2018,fte,Environmental Affairs,2011,adopted,fte,-,-,-,agree,both readings,292-293
2018,fte,Environmental Affairs,2012,adopted,fte,-,-,-,agree,both readings,292-293
2018,fte,Environmental Affairs,2013,adopted,fte,-,-,-,agree,both readings,292-293
2018,fte,Environmental Affairs,2014,adopted,fte,-,-,-,agree,both readings,292-293
2018,fte,Environmental Affairs,2015,adopted,fte,-,-,-,agree,both readings,292-293
2018,fte,Environmental Affairs,2016,adopted,fte,-,-,-,agree,both readings,292-293
2018,fte,Environmental Affairs,2017,adopted,fte,-,-,-,agree,both readings,292-293
2018,fte,Environmental Affairs,2018,adopted,fte,-,-,-,agree,both readings,292-293
2018,fte,Administration,2009,adopted,fte,-,-,-,agree,both readings,292-293
2018,fte,Administration,2010,adopted,fte,-,-,-,agree,both readings,292-293
2018,fte,Administration,2011,adopted,fte,-,-,-,agree,both readings,292-293
2018,fte,Administration,2012,adopted,fte,-,-,-,agree,both readings,292-293
2018,fte,Administration,2013,adopted,fte,2.74,2.74,2.74,agree,both readings,292-293
2018,fte,Administration,2014,adopted,fte,2.74,2.74,2.74,agree,both readings,292-293
2018,fte,Administration,2015,adopted,fte,3.74,3.74,3.74,agree,both readings,292-293
2018,fte,Administration,2016,adopted,fte,2.85,2.85,2.85,agree,both readings,292-293
2018,fte,Administration,2017,adopted,fte,1.5,1.5,1.5,agree,both readings,292-293
2018,fte,Administration,2018,adopted,fte,-,-,-,agree,both readings,292-293
2018,fte,Fleet,2009,adopted,fte,16.87,16.87,16.87,agree,both readings,292-293
2018,fte,Fleet,2010,adopted,fte,14.87,14.87,14.87,agree,both readings,292-293
2018,fte,Fleet,2011,adopted,fte,14.82,14.82,14.82,agree,both readings,292-293
2018,fte,Fleet,2012,adopted,fte,14.82,14.82,14.82,agree,both readings,292-293
2018,fte,Fleet,2013,adopted,fte,14.77,14.77,14.77,agree,both readings,292-293
2018,fte,Fleet,2014,adopted,fte,14.77,14.77,14.77,agree,both readings,292-293
2018,fte,Fleet,2015,adopted,fte,14.77,14.77,14.77,agree,both readings,292-293
2018,fte,Fleet,2016,adopted,fte,15.12,15.12,15.12,agree,both readings,292-293
2018,fte,Fleet,2017,adopted,fte,14.62,14.62,14.62,agree,both readings,292-293
2018,fte,Fleet,2018,adopted,fte,13.2,13.2,13.2,agree,both readings,292-293
2018,fte,Transportation,2009,adopted,fte,68.69,68.69,68.69,agree,both readings,292-293
2018,fte,Transportation,2010,adopted,fte,67.1,67.1,67.1,agree,both readings,292-293
2018,fte,Transportation,2011,adopted,fte,59.28,59.28,59.28,agree,both readings,292-293
2018,fte,Transportation,2012,adopted,fte,59.52,59.52,59.52,agree,both readings,292-293
2018,fte,Transportation,2013,adopted,fte,59.78,59.78,59.78,agree,both readings,292-293
2018,fte,Transportation,2014,adopted,fte,60.09,60.09,60.09,agree,both readings,292-293
2018,fte,Transportation,2015,adopted,fte,70.34,70.34,70.34,agree,both readings,292-293
2018,fte,Transportation,2016,adopted,fte,71.34,71.34,71.34,agree,both readings,292-293
2018,fte,Transportation,2017,adopted,fte,72.09,72.09,72.09,agree,both readings,292-293
2018,fte,Transportation,2018,adopted,fte,73.87,73.87,73.87,agree,both readings,292-293
2018,fte,Utilities,2009,adopted,fte,156.23,156.23,156.23,agree,both readings,292-293
2018,fte,Utilities,2010,adopted,fte,155.9,155.9,155.9,agree,both readings,292-293
2018,fte,Utilities,2011,adopted,fte,154.84,154.84,154.84,agree,both readings,292-293
2018,fte,Utilities,2012,adopted,fte,154.84,154.84,154.84,agree,both readings,292-293
2018,fte,Utilities,2013,adopted,fte,153.59,153.59,153.59,agree,both readings,292-293
2018,fte,Utilities,2014,adopted,fte,154.17,154.17,154.17,agree,both readings,292-293
2018,fte,Utilities,2015,adopted,fte,166.92,166.92,166.92,agree,both readings,292-293
2018,fte,Utilities,2016,adopted,fte,168.02,168.02,168.02,agree,both readings,292-293
2018,fte,Utilities,2017,adopted,fte,168.87,168.87,168.87,agree,both readings,292-293
2018,fte,Utilities,2018,adopted,fte,169.48,169.48,169.48,agree,both readings,292-293
2018,fte,Facility / Asset Management,2009,adopted,fte,14.58,14.58,14.58,agree,both readings,292-293
2018,fte,Facility / Asset Management,2010,adopted,fte,14.58,14.58,14.58,agree,both readings,292-293
2018,fte,Facility / Asset Management,2011,adopted,fte,14.68,14.68,14.68,agree,both readings,292-293
2018,fte,Facility / Asset Management,2012,adopted,fte,14.68,14.68,14.68,agree,both readings,292-293
2018,fte,Facility / Asset Management,2013,adopted,fte,14.73,14.73,14.73,agree,both readings,292-293
2018,fte,Facility / Asset Management,2014,adopted,fte,14.84,14.84,14.84,agree,both readings,292-293
2018,fte,Facility / Asset Management,2015,adopted,fte,14.84,14.84,14.84,agree,both readings,292-293
2018,fte,Facility / Asset Management,2016,adopted,fte,17.53,17.53,17.53,agree,both readings,292-293
2018,fte,Facility / Asset Management,2017,adopted,fte,18.79,18.79,18.79,agree,both readings,292-293
2018,fte,Facility / Asset Management,2018,adopted,fte,19.22,19.22,19.22,agree,both readings,292-293
2018,fte,Parks and Recreation,2009,adopted,fte,146.99,146.99,146.99,agree,both readings,292-293
2018,fte,Parks and Recreation,2010,adopted,fte,139.24,139.24,139.24,agree,both readings,292-293
2018,fte,Parks and Recreation,2011,adopted,fte,126.12,126.12,126.12,agree,both readings,292-293
2018,fte,Parks and Recreation,2012,adopted,fte,126.37,126.37,126.37,agree,both readings,292-293
2018,fte,Parks and Recreation,2013,adopted,fte,128.37,128.37,128.37,agree,both readings,292-293
2018,fte,Parks and Recreation,2014,adopted,fte,127.37,127.37,127.37,agree,both readings,292-293
2018,fte,Parks and Recreation,2015,adopted,fte,130.35,130.35,130.35,agree,both readings,292-293
2018,fte,Parks and Recreation,2016,adopted,fte,136.35,136.35,136.35,agree,both readings,292-293
2018,fte,Parks and Recreation,2017,adopted,fte,139.12,139.12,139.12,agree,both readings,292-293
2018,fte,Parks and Recreation,2018,adopted,fte,146.27,146.27,146.27,agree,both readings,292-293
2018,fte,Library,2009,adopted,fte,79.95,79.95,79.95,agree,both readings,292-293
2018,fte,Library,2010,adopted,fte,76.95,76.95,76.95,agree,both readings,292-293
2018,fte,Library,2011,adopted,fte,75.45,75.45,75.45,agree,both readings,292-293
2018,fte,Library,2012,adopted,fte,75.13,75.13,75.13,agree,both readings,292-293
2018,fte,Library,2013,adopted,fte,74.14,74.14,74.14,agree,both readings,292-293
2018,fte,Library,2014,adopted,fte,76.26,76.26,76.26,agree,both readings,292-293
2018,fte,Library,2015,adopted,fte,76.26,76.26,76.26,agree,both readings,292-293
2018,fte,Library,2016,adopted,fte,77.5,77.5,77.5,agree,both readings,292-293
2018,fte,Library,2017,adopted,fte,74,74,74,agree,both readings,292-293
2018,fte,Library,2018,adopted,fte,74,74,74,agree,both readings,292-293
2018,fte,Arts,2009,adopted,fte,1.5,1.5,1.5,agree,both readings,292-293
2018,fte,Arts,2010,adopted,fte,1.5,1.5,1.5,agree,both readings,292-293
2018,fte,Arts,2011,adopted,fte,1.5,1.5,1.5,agree,both readings,292-293
2018,fte,Arts,2012,adopted,fte,2,2,2,agree,both readings,292-293
2018,fte,Arts,2013,adopted,fte,3.25,3.25,3.25,agree,both readings,292-293
2018,fte,Arts,2014,adopted,fte,3.25,3.25,3.25,agree,both readings,292-293
2018,fte,Arts,2015,adopted,fte,2.25,2.25,2.25,agree,both readings,292-293
2018,fte,Arts,2016,adopted,fte,1,1,1,agree,both readings,292-293
2018,fte,Arts,2017,adopted,fte,3.5,3.5,3.5,agree,both readings,292-293
2018,fte,Arts,2018,adopted,fte,3.5,3.5,3.5,agree,both readings,292-293
2018,fte,Open Space / Mountain Parks,2009,adopted,fte,91,91,91,agree,both readings,292-293
2018,fte,Open Space / Mountain Parks,2010,adopted,fte,90.5,90.5,90.5,agree,both readings,292-293
2018,fte,Open Space / Mountain Parks,2011,adopted,fte,85.6,85.6,85.6,agree,both readings,292-293
2018,fte,Open Space / Mountain Parks,2012,adopted,fte,89.6,89.6,89.6,agree,both readings,292-293
2018,fte,Open Space / Mountain Parks,2013,adopted,fte,91.6,91.6,91.6,agree,both readings,292-293
2018,fte,Open Space / Mountain Parks,2014,adopted,fte,95.35,95.35,95.35,agree,both readings,292-293
2018,fte,Open Space / Mountain Parks,2015,adopted,fte,102.35,102.35,102.35,agree,both readings,292-293
2018,fte,Open Space / Mountain Parks,2016,adopted,fte,117.15,117.15,117.15,agree,both readings,292-293
2018,fte,Open Space / Mountain Parks,2017,adopted,fte,128.4,128.4,128.4,agree,both readings,292-293
2018,fte,Open Space / Mountain Parks,2018,adopted,fte,126.18,126.18,126.18,agree,both readings,292-293
2018,fte,Housing and Human Services,2009,adopted,fte,57.42,57.42,57.42,agree,both readings,292-293
2018,fte,Housing and Human Services,2010,adopted,fte,56.1,56.1,56.1,agree,both readings,292-293
2018,fte,Housing and Human Services,2011,adopted,fte,53.39,53.39,53.39,agree,both readings,292-293
2018,fte,Housing and Human Services,2012,adopted,fte,46.73,46.73,46.73,agree,both readings,292-293
2018,fte,Housing and Human Services,2013,adopted,fte,48.34,48.34,48.34,agree,both readings,292-293
2018,fte,Housing and Human Services,2014,adopted,fte,48.91,48.91,48.91,agree,both readings,292-293
2018,fte,Housing and Human Services,2015,adopted,fte,50.39,50.39,50.39,agree,both readings,292-293
2018,fte,Housing and Human Services,2016,adopted,fte,52.14,52.14,52.14,agree,both readings,292-293
2018,fte,Housing and Human Services,2017,adopted,fte,-,-,-,agree,both readings,292-293
2018,fte,Housing and Human Services,2018,adopted,fte,-,-,-,agree,both readings,292-293
2018,fte,Housing,2009,adopted,fte,-,-,-,agree,both readings,292-293
2018,fte,Housing,2010,adopted,fte,-,-,-,agree,both readings,292-293
2018,fte,Housing,2011,adopted,fte,-,-,-,agree,both readings,292-293
2018,fte,Housing,2012,adopted,fte,-,-,-,agree,both readings,292-293
2018,fte,Housing,2013,adopted,fte,-,-,-,agree,both readings,292-293
2018,fte,Housing,2014,adopted,fte,-,-,-,agree,both readings,292-293
2018,fte,Housing,2015,adopted,fte,-,-,-,agree,both readings,292-293
2018,fte,Housing,2016,adopted,fte,-,-,-,agree,both readings,292-293
2018,fte,Housing,2017,adopted,fte,15.95,15.95,15.95,agree,both readings,292-293
2018,fte,Housing,2018,adopted,fte,16.35,16.35,16.35,agree,both readings,292-293
2018,fte,Human Services,2009,adopted,fte,-,-,-,agree,both readings,292-293
2018,fte,Human Services,2010,adopted,fte,-,-,-,agree,both readings,292-293
2018,fte,Human Services,2011,adopted,fte,-,-,-,agree,both readings,292-293
2018,fte,Human Services,2012,adopted,fte,-,-,-,agree,both readings,292-293
2018,fte,Human Services,2013,adopted,fte,-,-,-,agree,both readings,292-293
2018,fte,Human Services,2014,adopted,fte,-,-,-,agree,both readings,292-293
2018,fte,Human Services,2015,adopted,fte,-,-,-,agree,both readings,292-293
2018,fte,Human Services,2016,adopted,fte,-,-,-,agree,both readings,292-293
2018,fte,Human Services,2017,adopted,fte,35.05,35.05,35.05,agree,both readings,292-293
2018,fte,Human Services,2018,adopted,fte,36.22,36.22,36.22,agree,both readings,292-293
2018,fte,Total,2009,adopted,fte,1288.52,1288.52,1288.52,agree,both readings,292-293
2018,fte,Total,2010,adopted,fte,1248.24,1248.24,1248.24,agree,both readings,292-293
2018,fte,Total,2011,adopted,fte,1230.5,1230.5,1230.5,agree,both readings,292-293
2018,fte,Total,2012,adopted,fte,1243.2,1243.2,1243.2,agree,both readings,292-293
2018,fte,Total,2013,adopted,fte,1260.62,1260.62,1260.62,agree,both readings,292-293
2018,fte,Total,2014,adopted,fte,1286.01,1286.01,1286.01,agree,both readings,292-293
2018,fte,Total,2015,adopted,fte,1358.77,1358.77,1358.77,agree,both readings,292-293
2018,fte,Total,2016,adopted,fte,1419.15,1419.15,1419.15,agree,both readings,292-293
2018,fte,Total,2017,adopted,fte,1447.36,1447.36,1447.36,agree,both readings,292-293
2018,fte,Total,2018,adopted,fte,1451.09,1451.09,1451.09,agree,both readings,292-293
2018,gf,Sales and use taxes,2018,adopted,thousands,59577,59577,59577,agree,both readings,48-49
2018,gf,Sales and use taxes,2018,final,thousands,59577,59577,59577,agree,both readings,48-49
2018,gf,Sales and use taxes,2018,actual,thousands,62808,62808,62808,agree,both readings,48-49
2018,gf,Sales and use taxes,2018,variance,thousands,3231,3231,3231,agree,both readings,48-49
2018,gf,General property taxes,2018,adopted,thousands,39548,39548,39548,agree,both readings,48-49
2018,gf,General property taxes,2018,final,thousands,39548,39548,39548,agree,both readings,48-49
2018,gf,General property taxes,2018,actual,thousands,38789,38789,38789,agree,both readings,48-49
2018,gf,General property taxes,2018,variance,thousands,-759,-759,-759,agree,both readings,48-49
2018,gf,Accommodations taxes,2018,adopted,thousands,8877,8877,8877,agree,both readings,48-49
2018,gf,Accommodations taxes,2018,final,thousands,8877,8877,8877,agree,both readings,48-49
2018,gf,Accommodations taxes,2018,actual,thousands,10024,10024,10024,agree,both readings,48-49
2018,gf,Accommodations taxes,2018,variance,thousands,1147,1147,1147,agree,both readings,48-49
2018,gf,Franchise & occupation taxes,2018,adopted,thousands,9022,9022,,ocr only,own arithmetic,48-49
2018,gf,Franchise & occupation taxes,2018,final,thousands,15099,15099,,ocr only,own arithmetic,48-49
2018,gf,Franchise & occupation taxes,2018,actual,thousands,14763,14763,,ocr only,own arithmetic,48-49
2018,gf,Franchise & occupation taxes,2018,variance,thousands,-336,-336,,ocr only,own arithmetic,48-49
2018,gf,Specific ownership & tobacco taxes,2018,adopted,thousands,2356,2356,2356,agree,both readings,48-49
2018,gf,Specific ownership & tobacco taxes,2018,final,thousands,2356,2356,2356,agree,both readings,48-49
2018,gf,Specific ownership & tobacco taxes,2018,actual,thousands,2455,2455,2455,agree,both readings,48-49
2018,gf,Specific ownership & tobacco taxes,2018,variance,thousands,99,99,99,agree,both readings,48-49
2018,gf,Excise taxes,2018,adopted,thousands,1450,1450,1450,agree,both readings,48-49
2018,gf,Excise taxes,2018,final,thousands,1450,1450,1450,agree,both readings,48-49
2018,gf,Excise taxes,2018,actual,thousands,988,988,988,agree,both readings,48-49
2018,gf,Excise taxes,2018,variance,thousands,-462,-462,-462,agree,both readings,48-49
2018,gf,Charges for services,2018,adopted,thousands,5042,5042,5042,agree,both readings,48-49
2018,gf,Charges for services,2018,final,thousands,5072,5072,5072,agree,both readings,48-49
2018,gf,Charges for services,2018,actual,thousands,4871,4871,4871,agree,both readings,48-49
2018,gf,Charges for services,2018,variance,thousands,-201,-201,-201,agree,both readings,48-49
2018,gf,Sale of goods,2018,adopted,thousands,70,70,70,agree,both readings,48-49
2018,gf,Sale of goods,2018,final,thousands,80,80,80,agree,both readings,48-49
2018,gf,Sale of goods,2018,actual,thousands,436,436,436,agree,both readings,48-49
2018,gf,Sale of goods,2018,variance,thousands,356,356,356,agree,both readings,48-49
2018,gf,"Licenses, permits and fines",2018,adopted,thousands,6494,6494,6494,agree,both readings,48-49
2018,gf,"Licenses, permits and fines",2018,final,thousands,6494,6494,6494,agree,both readings,48-49
2018,gf,"Licenses, permits and fines",2018,actual,thousands,6694,6694,6694,agree,both readings,48-49
2018,gf,"Licenses, permits and fines",2018,variance,thousands,200,200,200,agree,both readings,48-49
2018,gf,Intergovernmental,2018,adopted,thousands,1992,1992,1992,agree,both readings,48-49
2018,gf,Intergovernmental,2018,final,thousands,2662,2662,2662,agree,both readings,48-49
2018,gf,Intergovernmental,2018,actual,thousands,1931,1931,1931,agree,both readings,48-49
2018,gf,Intergovernmental,2018,variance,thousands,-731,-731,-731,agree,both readings,48-49
2018,gf,"Leases, rents and royalties",2018,adopted,thousands,633,633,633,agree,both readings,48-49
2018,gf,"Leases, rents and royalties",2018,final,thousands,752,752,752,agree,both readings,48-49
2018,gf,"Leases, rents and royalties",2018,actual,thousands,185,185,185,agree,both readings,48-49
2018,gf,"Leases, rents and royalties",2018,variance,thousands,-567,-567,-567,agree,both readings,48-49
2018,gf,Interest and investment earnings,2018,adopted,thousands,402,402,402,agree,both readings,48-49
2018,gf,Interest and investment earnings,2018,final,thousands,402,402,402,agree,both readings,48-49
2018,gf,Interest and investment earnings,2018,actual,thousands,891,891,891,agree,both readings,48-49
2018,gf,Interest and investment earnings,2018,variance,thousands,489,489,489,agree,both readings,48-49
2018,gf,Other,2018,adopted,thousands,611,611,611,agree,both readings,48-49
2018,gf,Other,2018,final,thousands,884,884,884,agree,both readings,48-49
2018,gf,Other,2018,actual,thousands,1362,1362,1362,agree,both readings,48-49
2018,gf,Other,2018,variance,thousands,478,478,478,agree,both readings,48-49
2018,gf,Total revenues,2018,adopted,thousands,136074,136074,136074,agree,both readings,48-49
2018,gf,Total revenues,2018,final,thousands,143253,143253,143253,agree,both readings,48-49
2018,gf,Total revenues,2018,actual,thousands,146197,146197,146197,agree,both readings,48-49
2018,gf,Total revenues,2018,variance,thousands,2944,2944,2944,agree,both readings,48-49
2018,gf,General Government,2018,adopted,thousands,17227,17227,17227,agree,both readings,48-49
2018,gf,General Government,2018,final,thousands,26338,26338,26338,agree,both readings,48-49
2018,gf,General Government,2018,actual,thousands,17839,17839,17839,agree,both readings,48-49
2018,gf,General Government,2018,variance,thousands,8499,8499,8499,agree,both readings,48-49
2018,gf,Administrative Services,2018,adopted,thousands,17229,17229,17229,agree,both readings,48-49
2018,gf,Administrative Services,2018,final,thousands,19275,19275,19275,agree,both readings,48-49
2018,gf,Administrative Services,2018,actual,thousands,14510,14510,14510,agree,both readings,48-49
2018,gf,Administrative Services,2018,variance,thousands,4765,4765,4765,agree,both readings,48-49
2018,gf,Public Safety,2018,adopted,thousands,56898,56898,56898,agree,both readings,48-49
2018,gf,Public Safety,2018,final,thousands,58527,58527,58527,agree,both readings,48-49
2018,gf,Public Safety,2018,actual,thousands,57996,57996,57996,agree,both readings,48-49
2018,gf,Public Safety,2018,variance,thousands,531,531,531,agree,both readings,48-49
2018,gf,Public Works,2018,adopted,thousands,6801,6801,6801,agree,both readings,48-49
2018,gf,Public Works,2018,final,thousands,9111,9111,9111,agree,both readings,48-49
2018,gf,Public Works,2018,actual,thousands,9130,9130,9130,agree,both readings,48-49
2018,gf,Public Works,2018,variance,thousands,-19,-19,-19,agree,both readings,48-49
2018,gf,Planning & Development Services,2018,adopted,thousands,2868,2868,2868,agree,both readings,48-49
2018,gf,Planning & Development Services,2018,final,thousands,4416,4416,4416,agree,both readings,48-49
2018,gf,Planning & Development Services,2018,actual,thousands,4352,4352,4352,agree,both readings,48-49
2018,gf,Planning & Development Services,2018,variance,thousands,64,64,64,agree,both readings,48-49
2018,gf,Culture and Recreation,2018,adopted,thousands,13083,13083,13083,agree,both readings,48-49
2018,gf,Culture and Recreation,2018,final,thousands,13890,13890,13890,agree,both readings,48-49
2018,gf,Culture and Recreation,2018,actual,thousands,12964,12964,12964,agree,both readings,48-49
2018,gf,Culture and Recreation,2018,variance,thousands,926,926,926,agree,both readings,48-49
2018,gf,Open Space and Mountain Parks,2018,adopted,thousands,27,27,27,agree,both readings,48-49
2018,gf,Open Space and Mountain Parks,2018,final,thousands,27,27,27,agree,both readings,48-49
2018,gf,Open Space and Mountain Parks,2018,actual,thousands,26,26,26,agree,both readings,48-49
2018,gf,Open Space and Mountain Parks,2018,variance,thousands,1,1,1,agree,both readings,48-49
2018,gf,Housing and Human Services,2018,adopted,thousands,11893,11893,11893,agree,both readings,48-49
2018,gf,Housing and Human Services,2018,final,thousands,15449,15449,15449,agree,both readings,48-49
2018,gf,Housing and Human Services,2018,actual,thousands,13016,13016,13016,agree,both readings,48-49
2018,gf,Housing and Human Services,2018,variance,thousands,2433,2433,2433,agree,both readings,48-49
2018,gf,Principal,2018,adopted,thousands,2610,2610,2610,agree,both readings,48-49
2018,gf,Principal,2018,final,thousands,3332,3332,3332,agree,both readings,48-49
2018,gf,Principal,2018,actual,thousands,2850,2850,2850,agree,both readings,48-49
2018,gf,Principal,2018,variance,thousands,482,482,482,agree,both readings,48-49
2018,gf,Interest,2018,adopted,thousands,1832,1832,1832,agree,both readings,48-49
2018,gf,Interest,2018,final,thousands,1832,1832,1832,agree,both readings,48-49
2018,gf,Interest,2018,actual,thousands,1913,1913,1913,agree,both readings,48-49
2018,gf,Interest,2018,variance,thousands,-81,-81,-81,agree,both readings,48-49
2018,gf,Total expenditures,2018,adopted,thousands,130468,130468,130468,agree,both readings,48-49
2018,gf,Total expenditures,2018,final,thousands,152197,152197,152197,agree,both readings,48-49
2018,gf,Total expenditures,2018,actual,thousands,134596,134596,134596,agree,both readings,48-49
2018,gf,Total expenditures,2018,variance,thousands,17601,17601,17601,agree,both readings,48-49
2018,gf,Excess (deficiency) of revenues over (under) expenditures,2018,adopted,thousands,5606,5606,,ocr only,own arithmetic,48-49
2018,gf,Excess (deficiency) of revenues over (under) expenditures,2018,final,thousands,-8944,-8944,,ocr only,own arithmetic,48-49
2018,gf,Excess (deficiency) of revenues over (under) expenditures,2018,actual,thousands,11601,11601,,ocr only,own arithmetic,48-49
2018,gf,Excess (deficiency) of revenues over (under) expenditures,2018,variance,thousands,20545,20545,,ocr only,own arithmetic,48-49
2018,gf,Capital Lease Financing,2018,adopted,thousands,-,-,,ocr only,own arithmetic,48-49
2018,gf,Capital Lease Financing,2018,final,thousands,-,-,,ocr only,own arithmetic,48-49
2018,gf,Capital Lease Financing,2018,actual,thousands,-,-,,ocr only,own arithmetic,48-49
2018,gf,Capital Lease Financing,2018,variance,thousands,-,-,,ocr only,own arithmetic,48-49
2018,gf,Transfers in,2018,adopted,thousands,28,28,28,agree,both readings,48-49
2018,gf,Transfers in,2018,final,thousands,750,750,750,agree,both readings,48-49
2018,gf,Transfers in,2018,actual,thousands,750,750,750,agree,both readings,48-49
2018,gf,Transfers in,2018,variance,thousands,-,-,-,agree,both readings,48-49
2018,gf,Transfers out,2018,adopted,thousands,-8647,-8647,-8647,agree,both readings,48-49
2018,gf,Transfers out,2018,final,thousands,-9625,-9625,-9625,agree,both readings,48-49
2018,gf,Transfers out,2018,actual,thousands,-8580,-8580,-8580,agree,both readings,48-49
2018,gf,Transfers out,2018,variance,thousands,1045,1045,1045,agree,both readings,48-49
2018,gf,Total other financing sources (uses),2018,adopted,thousands,-8619,-8619,-8619,agree,both readings,48-49
2018,gf,Total other financing sources (uses),2018,final,thousands,-8875,-8875,-8875,agree,both readings,48-49
2018,gf,Total other financing sources (uses),2018,actual,thousands,-7830,-7830,-7830,agree,both readings,48-49
2018,gf,Total other financing sources (uses),2018,variance,thousands,1045,1045,1045,agree,both readings,48-49
2018,gf,Net change in fund balance,2018,adopted,thousands,-3013,-3013,-3013,agree,both readings,48-49
2018,gf,Net change in fund balance,2018,final,thousands,-17819,-17819,-17819,agree,both readings,48-49
2018,gf,Net change in fund balance,2018,actual,thousands,3771,3771,3771,agree,both readings,48-49
2018,gf,Net change in fund balance,2018,variance,thousands,21590,21590,21590,agree,both readings,48-49
2018,legal,Assessed value,2018,actual,thousands,3659653,3659653,3659653,agree,both readings,286-287
2018,legal,Debt limit - 3% of assessed value,2018,actual,thousands,109790,109790,109790,agree,both readings,286-287
2019,fundbal,Sales and use taxes,2010,actual,thousands,87802,87802,87802,agree,both readings,276-277
2019,fundbal,Sales and use taxes,2011,actual,thousands,92627,92627,92627,agree,both readings,276-277
2019,fundbal,Sales and use taxes,2012,actual,thousands,97397,97397,97397,agree,both readings,276-277
2019,fundbal,Sales and use taxes,2013,actual,thousands,104136,104136,104136,agree,both readings,276-277
2019,fundbal,Sales and use taxes,2014,actual,thousands,116316,116316,116316,agree,both readings,276-277
2019,fundbal,Sales and use taxes,2015,actual,thousands,131323,131323,131323,agree,both readings,276-277
2019,fundbal,Sales and use taxes,2016,actual,thousands,136269,136269,136269,agree,both readings,276-277
2019,fundbal,Sales and use taxes,2017,actual,thousands,131857,131857,131857,agree,both readings,276-277
2019,fundbal,Sales and use taxes,2018,actual,thousands,146400,146400,146400,agree,both readings,276-277
2019,fundbal,Sales and use taxes,2019,actual,thousands,144025,144025,144025,agree,both readings,276-277
2019,fundbal,General property taxes,2010,actual,thousands,26022,26022,26022,agree,both readings,276-277
2019,fundbal,General property taxes,2011,actual,thousands,27462,27462,27462,agree,both readings,276-277
2019,fundbal,General property taxes,2012,actual,thousands,29474,29474,29474,agree,both readings,276-277
2019,fundbal,General property taxes,2013,actual,thousands,29434,29434,29434,agree,both readings,276-277
2019,fundbal,General property taxes,2014,actual,thousands,30353,30353,30353,agree,both readings,276-277
2019,fundbal,General property taxes,2015,actual,thousands,30846,30846,30846,agree,both readings,276-277
2019,fundbal,General property taxes,2016,actual,thousands,36897,36897,36897,agree,both readings,276-277
2019,fundbal,General property taxes,2017,actual,thousands,37252,37252,37252,agree,both readings,276-277
2019,fundbal,General property taxes,2018,actual,thousands,43700,43700,43700,agree,both readings,276-277
2019,fundbal,General property taxes,2019,actual,thousands,43156,43156,43156,agree,both readings,276-277
2019,taxsales,Apparel Stores,2010,actual,thousands,79232,79232,79232,agree,both readings,278-279
2019,taxsales,Apparel Stores,2011,actual,thousands,100696,100696,100696,agree,both readings,278-279
2019,taxsales,Apparel Stores,2012,actual,thousands,110467,110467,110467,agree,both readings,278-279
2019,taxsales,Apparel Stores,2013,actual,thousands,111042,111042,111042,agree,both readings,278-279
2019,taxsales,Apparel Stores,2014,actual,thousands,118703,118703,118703,agree,both readings,278-279
2019,taxsales,Apparel Stores,2015,actual,thousands,122977,122977,122977,agree,both readings,278-279
2019,taxsales,Apparel Stores,2016,actual,thousands,123958,123958,123958,agree,both readings,278-279
2019,taxsales,Apparel Stores,2017,actual,thousands,116513,116513,116513,agree,both readings,278-279
2019,taxsales,Apparel Stores,2018,actual,thousands,118308,118308,118308,agree,both readings,278-279
2019,taxsales,Apparel Stores,2019,actual,thousands,105696,105696,105696,agree,both readings,278-279
2019,taxsales,Automotive Trade,2010,actual,thousands,157930,157930,157930,agree,both readings,278-279
2019,taxsales,Automotive Trade,2011,actual,thousands,174631,174631,174631,agree,both readings,278-279
2019,taxsales,Automotive Trade,2012,actual,thousands,187675,187675,187675,agree,both readings,278-279
2019,taxsales,Automotive Trade,2013,actual,thousands,205342,205342,205342,agree,both readings,278-279
2019,taxsales,Automotive Trade,2014,actual,thousands,223429,223429,223429,agree,both readings,278-279
2019,taxsales,Automotive Trade,2015,actual,thousands,235029,235029,235029,agree,both readings,278-279
2019,taxsales,Automotive Trade,2016,actual,thousands,239489,239489,239489,agree,both readings,278-279
2019,taxsales,Automotive Trade,2017,actual,thousands,251106,251106,251106,agree,both readings,278-279
2019,taxsales,Automotive Trade,2018,actual,thousands,258584,258584,258584,agree,both readings,278-279
2019,taxsales,Automotive Trade,2019,actual,thousands,262565,262565,262565,agree,both readings,278-279
2019,taxsales,Building Material-Retail,2010,actual,thousands,87238,87238,87238,agree,both readings,278-279
2019,taxsales,Building Material-Retail,2011,actual,thousands,85319,85319,85319,agree,both readings,278-279
2019,taxsales,Building Material-Retail,2012,actual,thousands,94886,94886,94886,agree,both readings,278-279
2019,taxsales,Building Material-Retail,2013,actual,thousands,108685,108685,108685,agree,both readings,278-279
2019,taxsales,Building Material-Retail,2014,actual,thousands,111381,111381,111381,agree,both readings,278-279
2019,taxsales,Building Material-Retail,2015,actual,thousands,114560,114560,114560,agree,both readings,278-279
2019,taxsales,Building Material-Retail,2016,actual,thousands,121991,121991,121991,agree,both readings,278-279
2019,taxsales,Building Material-Retail,2017,actual,thousands,121201,121201,121201,agree,both readings,278-279
2019,taxsales,Building Material-Retail,2018,actual,thousands,121719,121719,121719,agree,both readings,278-279
2019,taxsales,Building Material-Retail,2019,actual,thousands,125063,125063,125063,agree,both readings,278-279
2019,taxsales,Computer Related Business Sector,2010,actual,thousands,146311,146311,146311,agree,both readings,278-279
2019,taxsales,Computer Related Business Sector,2011,actual,thousands,167503,167503,167503,agree,both readings,278-279
2019,taxsales,Computer Related Business Sector,2012,actual,thousands,188876,188876,188876,agree,both readings,278-279
2019,taxsales,Computer Related Business Sector,2013,actual,thousands,208352,208352,208352,agree,both readings,278-279
2019,taxsales,Computer Related Business Sector,2014,actual,thousands,200512,200512,200512,agree,both readings,278-279
2019,taxsales,Computer Related Business Sector,2015,actual,thousands,205890,205890,205890,agree,both readings,278-279
2019,taxsales,Computer Related Business Sector,2016,actual,thousands,195938,195938,195938,agree,both readings,278-279
2019,taxsales,Computer Related Business Sector,2017,actual,thousands,188351,188351,188351,agree,both readings,278-279
2019,taxsales,Computer Related Business Sector,2018,actual,thousands,198501,198501,198501,agree,both readings,278-279
2019,taxsales,Computer Related Business Sector,2019,actual,thousands,192020,192020,192020,agree,both readings,278-279
2019,taxsales,Construction Sales Tax,2010,actual,thousands,14922,14922,14922,agree,both readings,278-279
2019,taxsales,Construction Sales Tax,2011,actual,thousands,16147,16147,16147,agree,both readings,278-279
2019,taxsales,Construction Sales Tax,2012,actual,thousands,12006,12006,12006,agree,both readings,278-279
2019,taxsales,Construction Sales Tax,2013,actual,thousands,12642,12642,12642,agree,both readings,278-279
2019,taxsales,Construction Sales Tax,2014,actual,thousands,11576,11576,11576,agree,both readings,278-279
2019,taxsales,Construction Sales Tax,2015,actual,thousands,-,-,-,agree,both readings,278-279
2019,taxsales,Construction Sales Tax,2016,actual,thousands,-,-,-,agree,both readings,278-279
2019,taxsales,Construction Sales Tax,2017,actual,thousands,-,-,-,agree,both readings,278-279
2019,taxsales,Construction Sales Tax,2018,actual,thousands,-,-,-,agree,both readings,278-279
2019,taxsales,Construction Sales Tax,2019,actual,thousands,-,-,-,agree,both readings,278-279
2019,taxsales,Construction Use Tax,2010,actual,thousands,173534,173534,173534,agree,both readings,278-279
2019,taxsales,Construction Use Tax,2011,actual,thousands,153438,153438,153438,agree,both readings,278-279
2019,taxsales,Construction Use Tax,2012,actual,thousands,171106,171106,171106,agree,both readings,278-279
2019,taxsales,Construction Use Tax,2013,actual,thousands,266139,266139,266139,agree,both readings,278-279
2019,taxsales,Construction Use Tax,2014,actual,thousands,251594,251594,251594,agree,both readings,278-279
2019,taxsales,Construction Use Tax,2015,actual,thousands,-,-,-,agree,both readings,278-279
2019,taxsales,Construction Use Tax,2016,actual,thousands,-,-,-,agree,both readings,278-279
2019,taxsales,Construction Use Tax,2017,actual,thousands,-,-,-,agree,both readings,278-279
2019,taxsales,Construction Use Tax,2018,actual,thousands,-,-,-,agree,both readings,278-279
2019,taxsales,Construction Use Tax,2019,actual,thousands,-,-,-,agree,both readings,278-279
2019,taxsales,Constructions Firms Sales/Use Tax,2010,actual,thousands,-,-,-,agree,both readings,278-279
2019,taxsales,Constructions Firms Sales/Use Tax,2011,actual,thousands,-,-,-,agree,both readings,278-279
2019,taxsales,Constructions Firms Sales/Use Tax,2012,actual,thousands,-,-,-,agree,both readings,278-279
2019,taxsales,Constructions Firms Sales/Use Tax,2013,actual,thousands,-,-,-,agree,both readings,278-279
2019,taxsales,Constructions Firms Sales/Use Tax,2014,actual,thousands,-,-,-,agree,both readings,278-279
2019,taxsales,Constructions Firms Sales/Use Tax,2015,actual,thousands,276746,276746,276746,agree,both readings,278-279
2019,taxsales,Constructions Firms Sales/Use Tax,2016,actual,thousands,304301,304301,304301,agree,both readings,278-279
2019,taxsales,Constructions Firms Sales/Use Tax,2017,actual,thousands,279081,279081,279081,agree,both readings,278-279
2019,taxsales,Constructions Firms Sales/Use Tax,2018,actual,thousands,352701,352701,352701,agree,both readings,278-279
2019,taxsales,Constructions Firms Sales/Use Tax,2019,actual,thousands,308127,308127,308127,agree,both readings,278-279
2019,taxsales,Consumer Electronics,2010,actual,thousands,54843,54843,54843,agree,both readings,278-279
2019,taxsales,Consumer Electronics,2011,actual,thousands,73237,73237,73237,agree,both readings,278-279
2019,taxsales,Consumer Electronics,2012,actual,thousands,62924,62924,62924,agree,both readings,278-279
2019,taxsales,Consumer Electronics,2013,actual,thousands,58300,58300,58300,agree,both readings,278-279
2019,taxsales,Consumer Electronics,2014,actual,thousands,67677,67677,67677,agree,both readings,278-279
2019,taxsales,Consumer Electronics,2015,actual,thousands,66687,66687,66687,agree,both readings,278-279
2019,taxsales,Consumer Electronics,2016,actual,thousands,71024,71024,71024,agree,both readings,278-279
2019,taxsales,Consumer Electronics,2017,actual,thousands,59211,59211,59211,agree,both readings,278-279
2019,taxsales,Consumer Electronics,2018,actual,thousands,73263,73263,73263,agree,both readings,278-279
2019,taxsales,Consumer Electronics,2019,actual,thousands,75110,75110,75110,agree,both readings,278-279
2019,taxsales,Eating Places,2010,actual,thousands,321904,321904,321904,agree,both readings,278-279
2019,taxsales,Eating Places,2011,actual,thousands,347871,347871,347871,agree,both readings,278-279
2019,taxsales,Eating Places,2012,actual,thousands,384485,384485,384485,agree,both readings,278-279
2019,taxsales,Eating Places,2013,actual,thousands,387596,387596,387596,agree,both readings,278-279
2019,taxsales,Eating Places,2014,actual,thousands,410251,410251,410251,agree,both readings,278-279
2019,taxsales,Eating Places,2015,actual,thousands,437428,437428,437428,agree,both readings,278-279
2019,taxsales,Eating Places,2016,actual,thousands,451436,451436,451436,agree,both readings,278-279
2019,taxsales,Eating Places,2017,actual,thousands,461091,461091,461091,agree,both readings,278-279
2019,taxsales,Eating Places,2018,actual,thousands,477032,477032,477032,agree,both readings,278-279
2019,taxsales,Eating Places,2019,actual,thousands,484459,484459,484459,agree,both readings,278-279
2019,taxsales,Food Stores,2010,actual,thousands,327796,327796,327796,agree,both readings,278-279
2019,taxsales,Food Stores,2011,actual,thousands,359707,359707,359707,agree,both readings,278-279
2019,taxsales,Food Stores,2012,actual,thousands,388154,388154,388154,agree,both readings,278-279
2019,taxsales,Food Stores,2013,actual,thousands,395837,395837,395837,agree,both readings,278-279
2019,taxsales,Food Stores,2014,actual,thousands,416890,416890,416890,agree,both readings,278-279
2019,taxsales,Food Stores,2015,actual,thousands,440661,440661,440661,agree,both readings,278-279
2019,taxsales,Food Stores,2016,actual,thousands,452030,452030,452030,agree,both readings,278-279
2019,taxsales,Food Stores,2017,actual,thousands,448173,448173,448173,agree,both readings,278-279
2019,taxsales,Food Stores,2018,actual,thousands,438804,438804,438804,agree,both readings,278-279
2019,taxsales,Food Stores,2019,actual,thousands,442771,442771,442771,agree,both readings,278-279
2019,taxsales,General Retail,2010,actual,thousands,567786,567786,567786,agree,both readings,278-279
2019,taxsales,General Retail,2011,actual,thousands,586189,586189,586189,agree,both readings,278-279
2019,taxsales,General Retail,2012,actual,thousands,606359,606359,606359,agree,both readings,278-279
2019,taxsales,General Retail,2013,actual,thousands,611228,611228,611228,agree,both readings,278-279
2019,taxsales,General Retail,2014,actual,thousands,628223,628223,628223,agree,both readings,278-279
2019,taxsales,General Retail,2015,actual,thousands,658659,658659,658659,agree,both readings,278-279
2019,taxsales,General Retail,2016,actual,thousands,737753,737753,737753,agree,both readings,278-279
2019,taxsales,General Retail,2017,actual,thousands,675023,675023,675023,agree,both readings,278-279
2019,taxsales,General Retail,2018,actual,thousands,709676,709676,709676,agree,both readings,278-279
2019,taxsales,General Retail,2019,actual,thousands,702917,702917,702917,agree,both readings,278-279
2019,taxsales,Home Furnishings,2010,actual,thousands,76487,76487,76487,agree,both readings,278-279
2019,taxsales,Home Furnishings,2011,actual,thousands,81304,81304,81304,agree,both readings,278-279
2019,taxsales,Home Furnishings,2012,actual,thousands,81243,81243,81243,agree,both readings,278-279
2019,taxsales,Home Furnishings,2013,actual,thousands,79745,79745,79745,agree,both readings,278-279
2019,taxsales,Home Furnishings,2014,actual,thousands,87804,87804,87804,agree,both readings,278-279
2019,taxsales,Home Furnishings,2015,actual,thousands,89689,89689,89689,agree,both readings,278-279
2019,taxsales,Home Furnishings,2016,actual,thousands,92314,92314,92314,agree,both readings,278-279
2019,taxsales,Home Furnishings,2017,actual,thousands,92483,92483,92483,agree,both readings,278-279
2019,taxsales,Home Furnishings,2018,actual,thousands,93697,93697,93697,agree,both readings,278-279
2019,taxsales,Home Furnishings,2019,actual,thousands,84191,84191,84191,agree,both readings,278-279
2019,taxsales,Transportation/Utilities,2010,actual,thousands,220981,220981,220981,agree,both readings,278-279
2019,taxsales,Transportation/Utilities,2011,actual,thousands,215462,215462,215462,agree,both readings,278-279
2019,taxsales,Transportation/Utilities,2012,actual,thousands,208713,208713,208713,agree,both readings,278-279
2019,taxsales,Transportation/Utilities,2013,actual,thousands,226972,226972,226972,agree,both readings,278-279
2019,taxsales,Transportation/Utilities,2014,actual,thousands,243605,243605,243605,agree,both readings,278-279
2019,taxsales,Transportation/Utilities,2015,actual,thousands,229281,229281,229281,agree,both readings,278-279
2019,taxsales,Transportation/Utilities,2016,actual,thousands,220926,220926,220926,agree,both readings,278-279
2019,taxsales,Transportation/Utilities,2017,actual,thousands,216678,216678,216678,agree,both readings,278-279
2019,taxsales,Transportation/Utilities,2018,actual,thousands,214292,214292,214292,agree,both readings,278-279
2019,taxsales,Transportation/Utilities,2019,actual,thousands,214138,214138,214138,agree,both readings,278-279
2019,taxsales,All Other,2010,actual,thousands,351272,351272,351272,agree,both readings,278-279
2019,taxsales,All Other,2011,actual,thousands,359612,359612,359612,agree,both readings,278-279
2019,taxsales,All Other,2012,actual,thousands,359324,359324,359324,agree,both readings,278-279
2019,taxsales,All Other,2013,actual,thousands,381961,381961,381961,agree,both readings,278-279
2019,taxsales,All Other,2014,actual,thousands,495657,495657,495657,agree,both readings,278-279
2019,taxsales,All Other,2015,actual,thousands,524543,524543,524543,agree,both readings,278-279
2019,taxsales,All Other,2016,actual,thousands,519125,519125,519125,agree,both readings,278-279
2019,taxsales,All Other,2017,actual,thousands,612152,612152,612152,agree,both readings,278-279
2019,taxsales,All Other,2018,actual,thousands,631091,631091,631091,agree,both readings,278-279
2019,taxsales,All Other,2019,actual,thousands,734161,734161,734161,agree,both readings,278-279
2019,taxsales,Refunds,2010,actual,thousands,-5396,-5396,-5396,agree,both readings,278-279
2019,taxsales,Refunds,2011,actual,thousands,-4781,-4781,-,DISAGREE,own arithmetic,278-279
2019,taxsales,Refunds,2012,actual,thousands,-,-,-,agree,both readings,278-279
2019,taxsales,Refunds,2013,actual,thousands,-,-,-,agree,both readings,278-279
2019,taxsales,Refunds,2014,actual,thousands,-,-,-4781,DISAGREE,own arithmetic,278-279
2019,taxsales,Refunds,2015,actual,thousands,-,-,-,agree,both readings,278-279
2019,taxsales,Refunds,2016,actual,thousands,-,-,-,agree,both readings,278-279
2019,taxsales,Refunds,2017,actual,thousands,-,-,-,agree,both readings,278-279
2019,taxsales,Refunds,2018,actual,thousands,-,-,-,agree,both readings,278-279
2019,taxsales,Refunds,2019,actual,thousands,-,-,-,agree,both readings,278-279
2019,taxsales,Total Sales and Use Tax,2010,actual,thousands,2574840,2574840,2574840,agree,both readings,278-279
2019,taxsales,Total Sales and Use Tax,2011,actual,thousands,2716335,2716335,2716335,agree,both readings,278-279
2019,taxsales,Total Sales and Use Tax,2012,actual,thousands,2856218,2856218,2856218,agree,both readings,278-279
2019,taxsales,Total Sales and Use Tax,2013,actual,thousands,3053841,3053841,3053841,agree,both readings,278-279
2019,taxsales,Total Sales and Use Tax,2014,actual,thousands,3267302,3267302,3267302,agree,both readings,278-279
2019,taxsales,Total Sales and Use Tax,2015,actual,thousands,3402150,3402150,3402150,agree,both readings,278-279
2019,taxsales,Total Sales and Use Tax,2016,actual,thousands,3530285,3530285,3530285,agree,both readings,278-279
2019,taxsales,Total Sales and Use Tax,2017,actual,thousands,3521063,3521063,3521063,agree,both readings,278-279
2019,taxsales,Total Sales and Use Tax,2018,actual,thousands,3687668,3687668,3687668,agree,both readings,278-279
2019,taxsales,Total Sales and Use Tax,2019,actual,thousands,3731218,3731218,3731218,agree,both readings,278-279
2019,taxsales,Direct city sales tax rate,2010,actual,pct,3.41,3.41,3.41,agree,both readings,278-279
2019,taxsales,Direct city sales tax rate,2011,actual,pct,3.41,3.41,3.41,agree,both readings,278-279
2019,taxsales,Direct city sales tax rate,2012,actual,pct,3.41,3.41,3.41,agree,both readings,278-279
2019,taxsales,Direct city sales tax rate,2013,actual,pct,3.41,3.41,3.41,agree,both readings,278-279
2019,taxsales,Direct city sales tax rate,2014,actual,pct,3.56,3.56,3.56,agree,both readings,278-279
2019,taxsales,Direct city sales tax rate,2015,actual,pct,3.86,3.86,3.86,agree,both readings,278-279
2019,taxsales,Direct city sales tax rate,2016,actual,pct,3.86,3.86,3.86,agree,both readings,278-279
2019,taxsales,Direct city sales tax rate,2017,actual,pct,3.86,3.86,3.86,agree,both readings,278-279
2019,taxsales,Direct city sales tax rate,2018,actual,pct,3.86,3.86,3.86,agree,both readings,278-279
2019,taxsales,Direct city sales tax rate,2019,actual,pct,3.86,3.86,3.86,agree,both readings,278-279
2019,taxsales,Food service sales tax,2010,actual,pct,0.15,0.15,0.15,agree,both readings,278-279
2019,taxsales,Food service sales tax,2011,actual,pct,0.15,0.15,0.15,agree,both readings,278-279
2019,taxsales,Food service sales tax,2012,actual,pct,0.15,0.15,0.15,agree,both readings,278-279
2019,taxsales,Food service sales tax,2013,actual,pct,0.15,0.15,0.15,agree,both readings,278-279
2019,taxsales,Food service sales tax,2014,actual,pct,0.15,0.15,0.15,agree,both readings,278-279
2019,taxsales,Food service sales tax,2015,actual,pct,0.15,0.15,0.15,agree,both readings,278-279
2019,taxsales,Food service sales tax,2016,actual,pct,0.15,0.15,0.15,agree,both readings,278-279
2019,taxsales,Food service sales tax,2017,actual,pct,0.15,0.15,0.15,agree,both readings,278-279
2019,taxsales,Food service sales tax,2018,actual,pct,0.15,0.15,0.15,agree,both readings,278-279
2019,taxsales,Food service sales tax,2019,actual,pct,0.15,0.15,0.15,agree,both readings,278-279
2019,taxsales,Total direct city sales tax,2010,actual,pct,3.56,3.56,3.56,agree,both readings,278-279
2019,taxsales,Total direct city sales tax,2011,actual,pct,3.56,3.56,3.56,agree,both readings,278-279
2019,taxsales,Total direct city sales tax,2012,actual,pct,3.56,3.56,3.56,agree,both readings,278-279
2019,taxsales,Total direct city sales tax,2013,actual,pct,3.56,3.56,3.56,agree,both readings,278-279
2019,taxsales,Total direct city sales tax,2014,actual,pct,3.71,3.71,3.71,agree,both readings,278-279
2019,taxsales,Total direct city sales tax,2015,actual,pct,4.01,4.01,4.01,agree,both readings,278-279
2019,taxsales,Total direct city sales tax,2016,actual,pct,4.01,4.01,4.01,agree,both readings,278-279
2019,taxsales,Total direct city sales tax,2017,actual,pct,4.01,4.01,4.01,agree,both readings,278-279
2019,taxsales,Total direct city sales tax,2018,actual,pct,4.01,4.01,4.01,agree,both readings,278-279
2019,taxsales,Total direct city sales tax,2019,actual,pct,4.01,4.01,4.01,agree,both readings,278-279
2019,fte,Municipal Court,2010,adopted,fte,16.25,16.25,16.25,agree,both readings,294-295
2019,fte,Municipal Court,2011,adopted,fte,16.25,16.25,16.25,agree,both readings,294-295
2019,fte,Municipal Court,2012,adopted,fte,16.25,16.25,16.25,agree,both readings,294-295
2019,fte,Municipal Court,2013,adopted,fte,18.16,18.16,18.16,agree,both readings,294-295
2019,fte,Municipal Court,2014,adopted,fte,18.13,18.13,18.13,agree,both readings,294-295
2019,fte,Municipal Court,2015,adopted,fte,21.13,21.13,21.13,agree,both readings,294-295
2019,fte,Municipal Court,2016,adopted,fte,21.13,21.13,21.13,agree,both readings,294-295
2019,fte,Municipal Court,2017,adopted,fte,20.35,20.35,20.35,agree,both readings,294-295
2019,fte,Municipal Court,2018,adopted,fte,19.35,19.35,19.35,agree,both readings,294-295
2019,fte,Municipal Court,2019,adopted,fte,18.35,18.35,18.35,agree,both readings,294-295
2019,fte,City Attorney,2010,adopted,fte,18.65,18.65,18.65,agree,both readings,294-295
2019,fte,City Attorney,2011,adopted,fte,18.65,18.65,18.65,agree,both readings,294-295
2019,fte,City Attorney,2012,adopted,fte,20.15,20.15,20.15,agree,both readings,294-295
2019,fte,City Attorney,2013,adopted,fte,20.2,20.2,20.2,agree,both readings,294-295
2019,fte,City Attorney,2014,adopted,fte,21.2,21.2,21.2,agree,both readings,294-295
2019,fte,City Attorney,2015,adopted,fte,19.2,19.2,19.2,agree,both readings,294-295
2019,fte,City Attorney,2016,adopted,fte,25.7,25.7,25.7,agree,both readings,294-295
2019,fte,City Attorney,2017,adopted,fte,27.65,27.65,27.65,agree,both readings,294-295
2019,fte,City Attorney,2018,adopted,fte,27.65,27.65,27.65,agree,both readings,294-295
2019,fte,City Attorney,2019,adopted,fte,28,28,28,agree,both readings,294-295
2019,fte,City Manager- Administration,2010,adopted,fte,14.3,14.3,14.3,agree,both readings,294-295
2019,fte,City Manager- Administration,2011,adopted,fte,11.8,11.8,11.8,agree,both readings,294-295
2019,fte,City Manager- Administration,2012,adopted,fte,12.68,12.68,12.68,agree,both readings,294-295
2019,fte,City Manager- Administration,2013,adopted,fte,12,12,12,agree,both readings,294-295
2019,fte,City Manager- Administration,2014,adopted,fte,12,12,12,agree,both readings,294-295
2019,fte,City Manager- Administration,2015,adopted,fte,19.5,19.5,19.5,agree,both readings,294-295
2019,fte,City Manager- Administration,2016,adopted,fte,17,17,17,agree,both readings,294-295
2019,fte,City Manager- Administration,2017,adopted,fte,19.88,19.88,19.88,agree,both readings,294-295
2019,fte,City Manager- Administration,2018,adopted,fte,22.88,22.88,22.88,agree,both readings,294-295
2019,fte,City Manager- Administration,2019,adopted,fte,18,18,18,agree,both readings,294-295
2019,fte,City Manager- Community Vitality,2010,adopted,fte,42.25,42.25,42.25,agree,both readings,294-295
2019,fte,City Manager- Community Vitality,2011,adopted,fte,42.25,42.25,42.25,agree,both readings,294-295
2019,fte,City Manager- Community Vitality,2012,adopted,fte,42.25,42.25,42.25,agree,both readings,294-295
2019,fte,City Manager- Community Vitality,2013,adopted,fte,42.25,42.25,42.25,agree,both readings,294-295
2019,fte,City Manager- Community Vitality,2014,adopted,fte,42.25,42.25,42.25,agree,both readings,294-295
2019,fte,City Manager- Community Vitality,2015,adopted,fte,44.5,44.5,44.5,agree,both readings,294-295
2019,fte,City Manager- Community Vitality,2016,adopted,fte,46.5,46.5,46.5,agree,both readings,294-295
2019,fte,City Manager- Community Vitality,2017,adopted,fte,49,49,49,agree,both readings,294-295
2019,fte,City Manager- Community Vitality,2018,adopted,fte,48.25,48.25,48.25,agree,both readings,294-295
2019,fte,City Manager- Community Vitality,2019,adopted,fte,47.24,47.24,47.24,agree,both readings,294-295
2019,fte,City Manager- Communications,2010,adopted,fte,4,4,4,agree,both readings,294-295
2019,fte,City Manager- Communications,2011,adopted,fte,5.5,5.5,5.5,agree,both readings,294-295
2019,fte,City Manager- Communications,2012,adopted,fte,6.5,6.5,6.5,agree,both readings,294-295
2019,fte,City Manager- Communications,2013,adopted,fte,6.5,6.5,6.5,agree,both readings,294-295
2019,fte,City Manager- Communications,2014,adopted,fte,6.5,6.5,6.5,agree,both readings,294-295
2019,fte,City Manager- Communications,2015,adopted,fte,6.5,6.5,6.5,agree,both readings,294-295
2019,fte,City Manager- Communications,2016,adopted,fte,12.75,12.75,12.75,agree,both readings,294-295
2019,fte,City Manager- Communications,2017,adopted,fte,13.5,13.5,13.5,agree,both readings,294-295
2019,fte,City Manager- Communications,2018,adopted,fte,14.75,14.75,14.75,agree,both readings,294-295
2019,fte,City Manager- Communications,2019,adopted,fte,15.25,15.25,15.25,agree,both readings,294-295
2019,fte,Human Resources,2010,adopted,fte,14.88,14.88,14.88,agree,both readings,294-295
2019,fte,Human Resources,2011,adopted,fte,14.88,14.88,14.88,agree,both readings,294-295
2019,fte,Human Resources,2012,adopted,fte,15.38,15.38,15.38,agree,both readings,294-295
2019,fte,Human Resources,2013,adopted,fte,15.63,15.63,15.63,agree,both readings,294-295
2019,fte,Human Resources,2014,adopted,fte,18.63,18.63,18.63,agree,both readings,294-295
2019,fte,Human Resources,2015,adopted,fte,24.63,24.63,24.63,agree,both readings,294-295
2019,fte,Human Resources,2016,adopted,fte,24.38,24.38,24.38,agree,both readings,294-295
2019,fte,Human Resources,2017,adopted,fte,23.38,23.38,23.38,agree,both readings,294-295
2019,fte,Human Resources,2018,adopted,fte,23.38,23.38,23.38,agree,both readings,294-295
2019,fte,Human Resources,2019,adopted,fte,23,23,23,agree,both readings,294-295
2019,fte,Finance,2010,adopted,fte,26.37,26.37,26.37,agree,both readings,294-295
2019,fte,Finance,2011,adopted,fte,33.5,33.5,33.5,agree,both readings,294-295
2019,fte,Finance,2012,adopted,fte,34,34,34,agree,both readings,294-295
2019,fte,Finance,2013,adopted,fte,34,34,34,agree,both readings,294-295
2019,fte,Finance,2014,adopted,fte,36,36,36,agree,both readings,294-295
2019,fte,Finance,2015,adopted,fte,38.67,38.67,38.67,agree,both readings,294-295
2019,fte,Finance,2016,adopted,fte,44.5,44.5,44.5,agree,both readings,294-295
2019,fte,Finance,2017,adopted,fte,46.62,46.62,46.62,agree,both readings,294-295
2019,fte,Finance,2018,adopted,fte,48.12,48.12,48.12,agree,both readings,294-295
2019,fte,Finance,2019,adopted,fte,44,44,44,agree,both readings,294-295
2019,fte,Information Technology,2010,adopted,fte,33.5,33.5,33.5,agree,both readings,294-295
2019,fte,Information Technology,2011,adopted,fte,34.5,34.5,34.5,agree,both readings,294-295
2019,fte,Information Technology,2012,adopted,fte,34.5,34.5,34.5,agree,both readings,294-295
2019,fte,Information Technology,2013,adopted,fte,34,34,34,agree,both readings,294-295
2019,fte,Information Technology,2014,adopted,fte,36.85,36.85,36.85,agree,both readings,294-295
2019,fte,Information Technology,2015,adopted,fte,37.18,37.18,37.18,agree,both readings,294-295
2019,fte,Information Technology,2016,adopted,fte,40.25,40.25,40.25,agree,both readings,294-295
2019,fte,Information Technology,2017,adopted,fte,40.75,40.75,40.75,agree,both readings,294-295
2019,fte,Information Technology,2018,adopted,fte,39.75,39.75,39.75,agree,both readings,294-295
2019,fte,Information Technology,2019,adopted,fte,41.75,41.75,41.75,agree,both readings,294-295
2019,fte,Police,2010,adopted,fte,269.5,269.5,269.5,agree,both readings,294-295
2019,fte,Police,2011,adopted,fte,276.5,276.5,276.5,agree,both readings,294-295
2019,fte,Police,2012,adopted,fte,279.5,279.5,279.5,agree,both readings,294-295
2019,fte,Police,2013,adopted,fte,279.5,279.5,279.5,agree,both readings,294-295
2019,fte,Police,2014,adopted,fte,282.5,282.5,282.5,agree,both readings,294-295
2019,fte,Police,2015,adopted,fte,288,288,288,agree,both readings,294-295
2019,fte,Police,2016,adopted,fte,290.89,290.89,290.89,agree,both readings,294-295
2019,fte,Police,2017,adopted,fte,291.89,291.89,291.89,agree,both readings,294-295
2019,fte,Police,2018,adopted,fte,291.75,291.75,291.75,agree,both readings,294-295
2019,fte,Police,2019,adopted,fte,288.25,288.25,288.25,agree,both readings,294-295
2019,fte,Fire,2010,adopted,fte,112.33,112.33,112.33,agree,both readings,294-295
2019,fte,Fire,2011,adopted,fte,112.33,112.33,112.33,agree,both readings,294-295
2019,fte,Fire,2012,adopted,fte,115.33,115.33,115.33,agree,both readings,294-295
2019,fte,Fire,2013,adopted,fte,118.33,118.33,118.33,agree,both readings,294-295
2019,fte,Fire,2014,adopted,fte,120.33,120.33,120.33,agree,both readings,294-295
2019,fte,Fire,2015,adopted,fte,121.33,121.33,121.33,agree,both readings,294-295
2019,fte,Fire,2016,adopted,fte,124.33,124.33,124.33,agree,both readings,294-295
2019,fte,Fire,2017,adopted,fte,124,124,124,agree,both readings,294-295
2019,fte,Fire,2018,adopted,fte,124,124,124,agree,both readings,294-295
2019,fte,Fire,2019,adopted,fte,123,123,123,agree,both readings,294-295
2019,fte,Planning & Development Services,2010,adopted,fte,79.47,79.47,79.47,agree,both readings,294-295
2019,fte,Planning & Development Services,2011,adopted,fte,78.66,78.66,78.66,agree,both readings,294-295
2019,fte,Planning & Development Services,2012,adopted,fte,82.97,82.97,82.97,agree,both readings,294-295
2019,fte,Planning & Development Services,2013,adopted,fte,88.74,88.74,88.74,agree,both readings,294-295
2019,fte,Planning & Development Services,2014,adopted,fte,93.87,93.87,93.87,agree,both readings,294-295
2019,fte,Planning & Development Services,2015,adopted,fte,105.92,105.92,,ocr only,another report,294-295
2019,fte,Planning & Development Services,2016,adopted,fte,112.72,112.72,,ocr only,another report,294-295
2019,fte,Planning & Development Services,2017,adopted,fte,-,-,,ocr only,another report,294-295
2019,fte,Planning & Development Services,2018,adopted,fte,-,-,,ocr only,another report,294-295
2019,fte,Planning & Development Services,2019,adopted,fte,-,-,,ocr only,another report,294-295
2019,fte,Development,2010,adopted,fte,-,-,-,agree,both readings,294-295
2019,fte,Development,2011,adopted,fte,-,-,-,agree,both readings,294-295
2019,fte,Development,2012,adopted,fte,-,-,-,agree,both readings,294-295
2019,fte,Development,2013,adopted,fte,-,-,-,agree,both readings,294-295
2019,fte,Development,2014,adopted,fte,-,-,-,agree,both readings,294-295
2019,fte,Development,2015,adopted,fte,-,-,-,agree,both readings,294-295
2019,fte,Development,2016,adopted,fte,-,-,-,agree,both readings,294-295
2019,fte,Development,2017,adopted,fte,54.11,54.11,54.11,agree,both readings,294-295
2019,fte,Development,2018,adopted,fte,57.38,57.38,57.38,agree,both readings,294-295
2019,fte,Development,2019,adopted,fte,57.05,57.05,57.05,agree,both readings,294-295
2019,fte,Community Planning and Sustainability,2010,adopted,fte,-,-,-,agree,both readings,294-295
2019,fte,Community Planning and Sustainability,2011,adopted,fte,-,-,-,agree,both readings,294-295
2019,fte,Community Planning and Sustainability,2012,adopted,fte,-,-,-,agree,both readings,294-295
2019,fte,Community Planning and Sustainability,2013,adopted,fte,-,-,-,agree,both readings,294-295
2019,fte,Community Planning and Sustainability,2014,adopted,fte,-,-,-,agree,both readings,294-295
2019,fte,Community Planning and Sustainability,2015,adopted,fte,-,-,-,agree,both readings,294-295
2019,fte,Community Planning and Sustainability,2016,adopted,fte,-,-,-,agree,both readings,294-295
2019,fte,Community Planning and Sustainability,2017,adopted,fte,55.34,55.34,55.34,agree,both readings,294-295
2019,fte,Community Planning and Sustainability,2018,adopted,fte,55.54,55.54,55.54,agree,both readings,294-295
2019,fte,Community Planning and Sustainability,2019,adopted,fte,54.54,54.54,54.54,agree,both readings,294-295
2019,fte,Energy Strategy & Electric Utility,2010,adopted,fte,-,-,-,agree,both readings,294-295
2019,fte,Energy Strategy & Electric Utility,2011,adopted,fte,-,-,-,agree,both readings,294-295
2019,fte,Energy Strategy & Electric Utility,2012,adopted,fte,-,-,-,agree,both readings,294-295
2019,fte,Energy Strategy & Electric Utility,2013,adopted,fte,-,-,-,agree,both readings,294-295
2019,fte,Energy Strategy & Electric Utility,2014,adopted,fte,-,-,-,agree,both readings,294-295
2019,fte,Energy Strategy & Electric Utility,2015,adopted,fte,-,-,-,agree,both readings,294-295
2019,fte,Energy Strategy & Electric Utility,2016,adopted,fte,-,-,-,agree,both readings,294-295
2019,fte,Energy Strategy & Electric Utility,2017,adopted,fte,9,9,9,agree,both readings,294-295
2019,fte,Energy Strategy & Electric Utility,2018,adopted,fte,*,*,*,agree,both readings,294-295
2019,fte,Energy Strategy & Electric Utility,2019,adopted,fte,6.5,6.5,6.5,agree,both readings,294-295
2019,fte,Administration,2010,adopted,fte,-,-,-,agree,both readings,294-295
2019,fte,Administration,2011,adopted,fte,-,-,-,agree,both readings,294-295
2019,fte,Administration,2012,adopted,fte,-,-,-,agree,both readings,294-295
2019,fte,Administration,2013,adopted,fte,2.74,2.74,2.74,agree,both readings,294-295
2019,fte,Administration,2014,adopted,fte,2.74,2.74,2.74,agree,both readings,294-295
2019,fte,Administration,2015,adopted,fte,3.74,3.74,3.74,agree,both readings,294-295
2019,fte,Administration,2016,adopted,fte,2.85,2.85,2.85,agree,both readings,294-295
2019,fte,Administration,2017,adopted,fte,1.5,1.5,1.5,agree,both readings,294-295
2019,fte,Administration,2018,adopted,fte,-,-,-,agree,both readings,294-295
2019,fte,Administration,2019,adopted,fte,-,-,-,agree,both readings,294-295
2019,fte,Fleet,2010,adopted,fte,14.87,14.87,14.87,agree,both readings,294-295
2019,fte,Fleet,2011,adopted,fte,14.82,14.82,14.82,agree,both readings,294-295
2019,fte,Fleet,2012,adopted,fte,14.82,14.82,14.82,agree,both readings,294-295
2019,fte,Fleet,2013,adopted,fte,14.77,14.77,14.77,agree,both readings,294-295
2019,fte,Fleet,2014,adopted,fte,14.77,14.77,14.77,agree,both readings,294-295
2019,fte,Fleet,2015,adopted,fte,14.77,14.77,14.77,agree,both readings,294-295
2019,fte,Fleet,2016,adopted,fte,15.12,15.12,15.12,agree,both readings,294-295
2019,fte,Fleet,2017,adopted,fte,14.62,14.62,14.62,agree,both readings,294-295
2019,fte,Fleet,2018,adopted,fte,13.2,13.2,13.2,agree,both readings,294-295
2019,fte,Fleet,2019,adopted,fte,13.43,13.43,13.43,agree,both readings,294-295
2019,fte,Transportation,2010,adopted,fte,67.1,67.1,67.1,agree,both readings,294-295
2019,fte,Transportation,2011,adopted,fte,59.28,59.28,59.28,agree,both readings,294-295
2019,fte,Transportation,2012,adopted,fte,59.52,59.52,59.52,agree,both readings,294-295
2019,fte,Transportation,2013,adopted,fte,59.78,59.78,59.78,agree,both readings,294-295
2019,fte,Transportation,2014,adopted,fte,60.09,60.09,60.09,agree,both readings,294-295
2019,fte,Transportation,2015,adopted,fte,70.34,70.34,70.34,agree,both readings,294-295
2019,fte,Transportation,2016,adopted,fte,71.34,71.34,71.34,agree,both readings,294-295
2019,fte,Transportation,2017,adopted,fte,72.09,72.09,72.09,agree,both readings,294-295
2019,fte,Transportation,2018,adopted,fte,73.87,73.87,73.87,agree,both readings,294-295
2019,fte,Transportation,2019,adopted,fte,75.91,75.91,75.91,agree,both readings,294-295
2019,fte,Utilities,2010,adopted,fte,155.9,155.9,155.9,agree,both readings,294-295
2019,fte,Utilities,2011,adopted,fte,154.84,154.84,154.84,agree,both readings,294-295
2019,fte,Utilities,2012,adopted,fte,154.84,154.84,154.84,agree,both readings,294-295
2019,fte,Utilities,2013,adopted,fte,153.59,153.59,153.59,agree,both readings,294-295
2019,fte,Utilities,2014,adopted,fte,154.17,154.17,154.17,agree,both readings,294-295
2019,fte,Utilities,2015,adopted,fte,166.92,166.92,166.92,agree,both readings,294-295
2019,fte,Utilities,2016,adopted,fte,168.02,168.02,168.02,agree,both readings,294-295
2019,fte,Utilities,2017,adopted,fte,168.87,168.87,168.87,agree,both readings,294-295
2019,fte,Utilities,2018,adopted,fte,169.48,169.48,169.48,agree,both readings,294-295
2019,fte,Utilities,2019,adopted,fte,168.9,168.9,168.9,agree,both readings,294-295
2019,fte,Facility / Asset Management,2010,adopted,fte,14.58,14.58,14.58,agree,both readings,294-295
2019,fte,Facility / Asset Management,2011,adopted,fte,14.68,14.68,14.68,agree,both readings,294-295
2019,fte,Facility / Asset Management,2012,adopted,fte,14.68,14.68,14.68,agree,both readings,294-295
2019,fte,Facility / Asset Management,2013,adopted,fte,14.73,14.73,14.73,agree,both readings,294-295
2019,fte,Facility / Asset Management,2014,adopted,fte,14.84,14.84,14.84,agree,both readings,294-295
2019,fte,Facility / Asset Management,2015,adopted,fte,14.84,14.84,14.84,agree,both readings,294-295
2019,fte,Facility / Asset Management,2016,adopted,fte,17.53,17.53,17.53,agree,both readings,294-295
2019,fte,Facility / Asset Management,2017,adopted,fte,18.79,18.79,18.79,agree,both readings,294-295
2019,fte,Facility / Asset Management,2018,adopted,fte,19.22,19.22,19.22,agree,both readings,294-295
2019,fte,Facility / Asset Management,2019,adopted,fte,19.99,19.99,19.99,agree,both readings,294-295
2019,fte,Parks and Recreation,2010,adopted,fte,139.24,139.24,139.24,agree,both readings,294-295
2019,fte,Parks and Recreation,2011,adopted,fte,126.12,126.12,126.12,agree,both readings,294-295
2019,fte,Parks and Recreation,2012,adopted,fte,126.37,126.37,126.37,agree,both readings,294-295
2019,fte,Parks and Recreation,2013,adopted,fte,128.37,128.37,128.37,agree,both readings,294-295
2019,fte,Parks and Recreation,2014,adopted,fte,127.37,127.37,127.37,agree,both readings,294-295
2019,fte,Parks and Recreation,2015,adopted,fte,130.35,130.35,130.35,agree,both readings,294-295
2019,fte,Parks and Recreation,2016,adopted,fte,136.35,136.35,136.35,agree,both readings,294-295
2019,fte,Parks and Recreation,2017,adopted,fte,139.12,139.12,139.12,agree,both readings,294-295
2019,fte,Parks and Recreation,2018,adopted,fte,146.27,146.27,146.27,agree,both readings,294-295
2019,fte,Parks and Recreation,2019,adopted,fte,141.5,141.5,141.5,agree,both readings,294-295
2019,fte,Library,2010,adopted,fte,76.95,76.95,76.95,agree,both readings,294-295
2019,fte,Library,2011,adopted,fte,75.45,75.45,75.45,agree,both readings,294-295
2019,fte,Library,2012,adopted,fte,75.13,75.13,75.13,agree,both readings,294-295
2019,fte,Library,2013,adopted,fte,74.14,74.14,74.14,agree,both readings,294-295
2019,fte,Library,2014,adopted,fte,76.26,76.26,76.26,agree,both readings,294-295
2019,fte,Library,2015,adopted,fte,76.26,76.26,76.26,agree,both readings,294-295
2019,fte,Library,2016,adopted,fte,77.5,77.5,77.5,agree,both readings,294-295
2019,fte,Library,2017,adopted,fte,74,74,74,agree,both readings,294-295
2019,fte,Library,2018,adopted,fte,74,74,74,agree,both readings,294-295
2019,fte,Library,2019,adopted,fte,74.25,74.25,74.25,agree,both readings,294-295
2019,fte,Arts,2010,adopted,fte,1.5,1.5,1.5,agree,both readings,294-295
2019,fte,Arts,2011,adopted,fte,1.5,1.5,1.5,agree,both readings,294-295
2019,fte,Arts,2012,adopted,fte,2,2,2,agree,both readings,294-295
2019,fte,Arts,2013,adopted,fte,3.25,3.25,3.25,agree,both readings,294-295
2019,fte,Arts,2014,adopted,fte,3.25,3.25,3.25,agree,both readings,294-295
2019,fte,Arts,2015,adopted,fte,2.25,2.25,2.25,agree,both readings,294-295
2019,fte,Arts,2016,adopted,fte,1,1,1,agree,both readings,294-295
2019,fte,Arts,2017,adopted,fte,3.5,3.5,3.5,agree,both readings,294-295
2019,fte,Arts,2018,adopted,fte,3.5,3.5,3.5,agree,both readings,294-295
2019,fte,Arts,2019,adopted,fte,3.5,3.5,3.5,agree,both readings,294-295
2019,fte,Open Space / Mountain Parks,2010,adopted,fte,90.5,90.5,90.5,agree,both readings,294-295
2019,fte,Open Space / Mountain Parks,2011,adopted,fte,85.6,85.6,85.6,agree,both readings,294-295
2019,fte,Open Space / Mountain Parks,2012,adopted,fte,89.6,89.6,89.6,agree,both readings,294-295
2019,fte,Open Space / Mountain Parks,2013,adopted,fte,91.6,91.6,91.6,agree,both readings,294-295
2019,fte,Open Space / Mountain Parks,2014,adopted,fte,95.35,95.35,95.35,agree,both readings,294-295
2019,fte,Open Space / Mountain Parks,2015,adopted,fte,102.35,102.35,102.35,agree,both readings,294-295
2019,fte,Open Space / Mountain Parks,2016,adopted,fte,117.15,117.15,117.15,agree,both readings,294-295
2019,fte,Open Space / Mountain Parks,2017,adopted,fte,128.4,128.4,128.4,agree,both readings,294-295
2019,fte,Open Space / Mountain Parks,2018,adopted,fte,126.18,126.18,126.18,agree,both readings,294-295
2019,fte,Open Space / Mountain Parks,2019,adopted,fte,121.6,121.6,121.6,agree,both readings,294-295
2019,fte,Housing and Human Services,2010,adopted,fte,56.1,56.1,56.1,agree,both readings,294-295
2019,fte,Housing and Human Services,2011,adopted,fte,53.39,53.39,53.39,agree,both readings,294-295
2019,fte,Housing and Human Services,2012,adopted,fte,46.73,46.73,46.73,agree,both readings,294-295
2019,fte,Housing and Human Services,2013,adopted,fte,48.34,48.34,48.34,agree,both readings,294-295
2019,fte,Housing and Human Services,2014,adopted,fte,48.91,48.91,48.91,agree,both readings,294-295
2019,fte,Housing and Human Services,2015,adopted,fte,50.39,50.39,50.39,agree,both readings,294-295
2019,fte,Housing and Human Services,2016,adopted,fte,52.14,52.14,52.14,agree,both readings,294-295
2019,fte,Housing and Human Services,2017,adopted,fte,-,-,-,agree,both readings,294-295
2019,fte,Housing and Human Services,2018,adopted,fte,-,-,-,agree,both readings,294-295
2019,fte,Housing and Human Services,2019,adopted,fte,-,-,-,agree,both readings,294-295
2019,fte,Housing,2010,adopted,fte,-,-,-,agree,both readings,294-295
2019,fte,Housing,2011,adopted,fte,-,-,-,agree,both readings,294-295
2019,fte,Housing,2012,adopted,fte,-,-,-,agree,both readings,294-295
2019,fte,Housing,2013,adopted,fte,-,-,-,agree,both readings,294-295
2019,fte,Housing,2014,adopted,fte,-,-,-,agree,both readings,294-295
2019,fte,Housing,2015,adopted,fte,-,-,-,agree,both readings,294-295
2019,fte,Housing,2016,adopted,fte,-,-,-,agree,both readings,294-295
2019,fte,Housing,2017,adopted,fte,15.95,15.95,15.95,agree,both readings,294-295
2019,fte,Housing,2018,adopted,fte,16.35,16.35,16.35,agree,both readings,294-295
2019,fte,Housing,2019,adopted,fte,15.35,15.35,15.35,agree,both readings,294-295
2019,fte,Human Services,2010,adopted,fte,-,-,-,agree,both readings,294-295
2019,fte,Human Services,2011,adopted,fte,-,-,-,agree,both readings,294-295
2019,fte,Human Services,2012,adopted,fte,-,-,-,agree,both readings,294-295
2019,fte,Human Services,2013,adopted,fte,-,-,-,agree,both readings,294-295
2019,fte,Human Services,2014,adopted,fte,-,-,-,agree,both readings,294-295
2019,fte,Human Services,2015,adopted,fte,-,-,-,agree,both readings,294-295
2019,fte,Human Services,2016,adopted,fte,-,-,-,agree,both readings,294-295
2019,fte,Human Services,2017,adopted,fte,35.05,35.05,35.05,agree,both readings,294-295
2019,fte,Human Services,2018,adopted,fte,36.22,36.22,36.22,agree,both readings,294-295
2019,fte,Human Services,2019,adopted,fte,33.22,33.22,33.22,agree,both readings,294-295
2019,fte,Total,2010,adopted,fte,1248.24,1248.24,1248.24,agree,both readings,294-295
2019,fte,Total,2011,adopted,fte,1230.5,1230.5,1230.5,agree,both readings,294-295
2019,fte,Total,2012,adopted,fte,1243.2,1243.2,1243.2,agree,both readings,294-295
2019,fte,Total,2013,adopted,fte,1260.62,1260.62,1260.62,agree,both readings,294-295
2019,fte,Total,2014,adopted,fte,1286.01,1286.01,1286.01,agree,both readings,294-295
2019,fte,Total,2015,adopted,fte,1358.77,1358.77,1358.77,agree,both readings,294-295
2019,fte,Total,2016,adopted,fte,1419.15,1419.15,1419.15,agree,both readings,294-295
2019,fte,Total,2017,adopted,fte,1447.36,1447.36,1447.36,agree,both readings,294-295
2019,fte,Total,2018,adopted,fte,1451.09,1451.09,1451.09,agree,both readings,294-295
2019,fte,Total,2019,adopted,fte,1432.58,1432.58,1432.58,agree,both readings,294-295
2019,gf,Sales and use taxes,2019,adopted,thousands,62641,62641,62641,agree,both readings,48-49
2019,gf,Sales and use taxes,2019,final,thousands,62641,62641,62641,agree,both readings,48-49
2019,gf,Sales and use taxes,2019,actual,thousands,67476,67476,67476,agree,both readings,48-49
2019,gf,Sales and use taxes,2019,variance,thousands,4835,4835,4835,agree,both readings,48-49
2019,gf,General property taxes,2019,adopted,thousands,40053,40053,40053,agree,both readings,48-49
2019,gf,General property taxes,2019,final,thousands,40053,40053,40053,agree,both readings,48-49
2019,gf,General property taxes,2019,actual,thousands,38564,38564,38564,agree,both readings,48-49
2019,gf,General property taxes,2019,variance,thousands,-1489,-1489,-1489,agree,both readings,48-49
2019,gf,Accommodations taxes,2019,adopted,thousands,9633,9633,9633,agree,both readings,48-49
2019,gf,Accommodations taxes,2019,final,thousands,9662,9662,9662,agree,both readings,48-49
2019,gf,Accommodations taxes,2019,actual,thousands,10865,10865,10865,agree,both readings,48-49
2019,gf,Accommodations taxes,2019,variance,thousands,1203,1203,1203,agree,both readings,48-49
2019,gf,Occupation taxes,2019,adopted,thousands,12894,12894,12894,agree,both readings,48-49
2019,gf,Occupation taxes,2019,final,thousands,12894,12894,12894,agree,both readings,48-49
2019,gf,Occupation taxes,2019,actual,thousands,12802,12802,12802,agree,both readings,48-49
2019,gf,Occupation taxes,2019,variance,thousands,-92,-92,-92,agree,both readings,48-49
2019,gf,Specific ownership & tobacco taxes,2019,adopted,thousands,2676,2676,2676,agree,both readings,48-49
2019,gf,Specific ownership & tobacco taxes,2019,final,thousands,2676,2676,2676,agree,both readings,48-49
2019,gf,Specific ownership & tobacco taxes,2019,actual,thousands,2599,2599,2599,agree,both readings,48-49
2019,gf,Specific ownership & tobacco taxes,2019,variance,thousands,-77,-77,-77,agree,both readings,48-49
2019,gf,Excise taxes,2019,adopted,thousands,1000,1000,1000,agree,both readings,48-49
2019,gf,Excise taxes,2019,final,thousands,1000,1000,1000,agree,both readings,48-49
2019,gf,Excise taxes,2019,actual,thousands,875,875,875,agree,both readings,48-49
2019,gf,Excise taxes,2019,variance,thousands,-125,-125,-125,agree,both readings,48-49
2019,gf,Charges for services,2019,adopted,thousands,6111,6111,6111,agree,both readings,48-49
2019,gf,Charges for services,2019,final,thousands,6176,6176,6176,agree,both readings,48-49
2019,gf,Charges for services,2019,actual,thousands,5836,5836,5836,agree,both readings,48-49
2019,gf,Charges for services,2019,variance,thousands,-340,-340,-340,agree,both readings,48-49
2019,gf,Sale of goods,2019,adopted,thousands,75,75,75,agree,both readings,48-49
2019,gf,Sale of goods,2019,final,thousands,515,515,515,agree,both readings,48-49
2019,gf,Sale of goods,2019,actual,thousands,500,500,500,agree,both readings,48-49
2019,gf,Sale of goods,2019,variance,thousands,-15,-15,-15,agree,both readings,48-49
2019,gf,"Licenses, permits and fines",2019,adopted,thousands,5978,5978,5978,agree,both readings,48-49
2019,gf,"Licenses, permits and fines",2019,final,thousands,6088,6088,6088,agree,both readings,48-49
2019,gf,"Licenses, permits and fines",2019,actual,thousands,6235,6235,6235,agree,both readings,48-49
2019,gf,"Licenses, permits and fines",2019,variance,thousands,147,147,147,agree,both readings,48-49
2019,gf,Intergovernmental,2019,adopted,thousands,1495,1495,1495,agree,both readings,48-49
2019,gf,Intergovernmental,2019,final,thousands,1836,1836,1836,agree,both readings,48-49
2019,gf,Intergovernmental,2019,actual,thousands,1495,1495,1495,agree,both readings,48-49
2019,gf,Intergovernmental,2019,variance,thousands,-341,-341,-341,agree,both readings,48-49
2019,gf,"Leases, rents and royalties",2019,adopted,thousands,286,286,286,agree,both readings,48-49
2019,gf,"Leases, rents and royalties",2019,final,thousands,311,311,311,agree,both readings,48-49
2019,gf,"Leases, rents and royalties",2019,actual,thousands,175,175,175,agree,both readings,48-49
2019,gf,"Leases, rents and royalties",2019,variance,thousands,-136,-136,-136,agree,both readings,48-49
2019,gf,Interest and investment earnings,2019,adopted,thousands,500,500,500,agree,both readings,48-49
2019,gf,Interest and investment earnings,2019,final,thousands,500,500,500,agree,both readings,48-49
2019,gf,Interest and investment earnings,2019,actual,thousands,1401,1401,1401,agree,both readings,48-49
2019,gf,Interest and investment earnings,2019,variance,thousands,901,901,901,agree,both readings,48-49
2019,gf,Other,2019,adopted,thousands,922,922,922,agree,both readings,48-49
2019,gf,Other,2019,final,thousands,1298,1298,1298,agree,both readings,48-49
2019,gf,Other,2019,actual,thousands,2129,2129,2129,agree,both readings,48-49
2019,gf,Other,2019,variance,thousands,831,831,831,agree,both readings,48-49
2019,gf,Total revenues,2019,adopted,thousands,144264,144264,144264,agree,both readings,48-49
2019,gf,Total revenues,2019,final,thousands,145650,145650,145650,agree,both readings,48-49
2019,gf,Total revenues,2019,actual,thousands,150952,150952,150952,agree,both readings,48-49
2019,gf,Total revenues,2019,variance,thousands,5302,5302,5302,agree,both readings,48-49
2019,gf,General Government,2019,adopted,thousands,26774,26774,26774,agree,both readings,48-49
2019,gf,General Government,2019,final,thousands,27309,27309,27309,agree,both readings,48-49
2019,gf,General Government,2019,actual,thousands,20231,20231,20231,agree,both readings,48-49
2019,gf,General Government,2019,variance,thousands,7078,7078,7078,agree,both readings,48-49
2019,gf,Administrative Services,2019,adopted,thousands,16880,16880,16880,agree,both readings,48-49
2019,gf,Administrative Services,2019,final,thousands,42036,42036,42036,agree,both readings,48-49
2019,gf,Administrative Services,2019,actual,thousands,17272,17272,17272,agree,both readings,48-49
2019,gf,Administrative Services,2019,variance,thousands,24764,24764,24764,agree,both readings,48-49
2019,gf,Public Safety,2019,adopted,thousands,57655,57655,57655,agree,both readings,48-49
2019,gf,Public Safety,2019,final,thousands,64176,64176,64176,agree,both readings,48-49
2019,gf,Public Safety,2019,actual,thousands,60470,60470,60470,agree,both readings,48-49
2019,gf,Public Safety,2019,variance,thousands,3706,3706,3706,agree,both readings,48-49
2019,gf,Public Works,2019,adopted,thousands,7830,7830,7830,agree,both readings,48-49
2019,gf,Public Works,2019,final,thousands,20268,20268,20268,agree,both readings,48-49
2019,gf,Public Works,2019,actual,thousands,16576,16576,16576,agree,both readings,48-49
2019,gf,Public Works,2019,variance,thousands,3692,3692,3692,agree,both readings,48-49
2019,gf,Planning & Development Services,2019,adopted,thousands,2600,2600,2600,agree,both readings,48-49
2019,gf,Planning & Development Services,2019,final,thousands,3825,3825,3825,agree,both readings,48-49
2019,gf,Planning & Development Services,2019,actual,thousands,3259,3259,3259,agree,both readings,48-49
2019,gf,Planning & Development Services,2019,variance,thousands,566,566,566,agree,both readings,48-49
2019,gf,Culture and Recreation,2019,adopted,thousands,13360,13360,13360,agree,both readings,48-49
2019,gf,Culture and Recreation,2019,final,thousands,14899,14899,14899,agree,both readings,48-49
2019,gf,Culture and Recreation,2019,actual,thousands,13780,13780,13780,agree,both readings,48-49
2019,gf,Culture and Recreation,2019,variance,thousands,1119,1119,1119,agree,both readings,48-49
2019,gf,Open Space and Mountain Parks,2019,adopted,thousands,-,-,-,agree,both readings,48-49
2019,gf,Open Space and Mountain Parks,2019,final,thousands,-,-,-,agree,both readings,48-49
2019,gf,Open Space and Mountain Parks,2019,actual,thousands,54,54,54,agree,both readings,48-49
2019,gf,Open Space and Mountain Parks,2019,variance,thousands,-54,-54,-54,agree,both readings,48-49
2019,gf,Housing and Human Services,2019,adopted,thousands,11595,11595,11595,agree,both readings,48-49
2019,gf,Housing and Human Services,2019,final,thousands,15132,15132,15132,agree,both readings,48-49
2019,gf,Housing and Human Services,2019,actual,thousands,12272,12272,12272,agree,both readings,48-49
2019,gf,Housing and Human Services,2019,variance,thousands,2860,2860,2860,agree,both readings,48-49
2019,gf,Principal,2019,adopted,thousands,2690,2690,2690,agree,both readings,48-49
2019,gf,Principal,2019,final,thousands,2690,2690,2690,agree,both readings,48-49
2019,gf,Principal,2019,actual,thousands,3191,3191,3191,agree,both readings,48-49
2019,gf,Principal,2019,variance,thousands,-501,-501,-501,agree,both readings,48-49
2019,gf,Interest,2019,adopted,thousands,1752,1752,1752,agree,both readings,48-49
2019,gf,Interest,2019,final,thousands,1752,1752,1752,agree,both readings,48-49
2019,gf,Interest,2019,actual,thousands,1891,1891,1891,agree,both readings,48-49
2019,gf,Interest,2019,variance,thousands,-139,-139,-139,agree,both readings,48-49
2019,gf,Total expenditures,2019,adopted,thousands,141136,141136,141136,agree,both readings,48-49
2019,gf,Total expenditures,2019,final,thousands,192087,192087,192087,agree,both readings,48-49
2019,gf,Total expenditures,2019,actual,thousands,148996,148996,148996,agree,both readings,48-49
2019,gf,Total expenditures,2019,variance,thousands,43091,43091,43091,agree,both readings,48-49
2019,gf,Excess (deficiency) of revenues over (under) expenditures,2019,adopted,thousands,3128,3128,,ocr only,own arithmetic,48-49
2019,gf,Excess (deficiency) of revenues over (under) expenditures,2019,final,thousands,-46437,-46437,,ocr only,own arithmetic,48-49
2019,gf,Excess (deficiency) of revenues over (under) expenditures,2019,actual,thousands,1956,1956,,ocr only,own arithmetic,48-49
2019,gf,Excess (deficiency) of revenues over (under) expenditures,2019,variance,thousands,48393,48393,,ocr only,own arithmetic,48-49
2019,gf,Transfers in,2019,adopted,thousands,28,28,28,agree,both readings,48-49
2019,gf,Transfers in,2019,final,thousands,42613,42613,42613,agree,both readings,48-49
2019,gf,Transfers in,2019,actual,thousands,42875,42875,42875,agree,both readings,48-49
2019,gf,Transfers in,2019,variance,thousands,262,262,262,agree,both readings,48-49
2019,gf,Transfers out,2019,adopted,thousands,-8730,-8730,-8730,agree,both readings,48-49
2019,gf,Transfers out,2019,final,thousands,-31468,-31468,-31468,agree,both readings,48-49
2019,gf,Transfers out,2019,actual,thousands,-31445,-31445,-31445,agree,both readings,48-49
2019,gf,Transfers out,2019,variance,thousands,23,23,23,agree,both readings,48-49
2019,gf,Total other financing sources (uses),2019,adopted,thousands,-8702,-8702,-8702,agree,both readings,48-49
2019,gf,Total other financing sources (uses),2019,final,thousands,11145,11145,11145,agree,both readings,48-49
2019,gf,Total other financing sources (uses),2019,actual,thousands,11430,11430,11430,agree,both readings,48-49
2019,gf,Total other financing sources (uses),2019,variance,thousands,285,285,285,agree,both readings,48-49
2019,gf,Net change in fund balance,2019,adopted,thousands,-5574,-5574,-5574,agree,both readings,48-49
2019,gf,Net change in fund balance,2019,final,thousands,-35292,-35292,-35292,agree,both readings,48-49
2019,gf,Net change in fund balance,2019,actual,thousands,13386,13386,13386,agree,both readings,48-49
2019,gf,Net change in fund balance,2019,variance,thousands,48678,48678,48678,agree,both readings,48-49
2019,legal,Assessed value,2019,actual,thousands,4028405,4028405,4028405,agree,both readings,288-289
2019,legal,Debt limit - 3% of assessed value,2019,actual,thousands,120852,120852,120852,agree,both readings,288-289
2020,fundbal,Sales and use taxes,2011,actual,thousands,92627,92627,92627,agree,both readings,277-278
2020,fundbal,Sales and use taxes,2012,actual,thousands,97397,97397,97397,agree,both readings,277-278
2020,fundbal,Sales and use taxes,2013,actual,thousands,104136,104136,104136,agree,both readings,277-278
2020,fundbal,Sales and use taxes,2014,actual,thousands,116316,116316,116316,agree,both readings,277-278
2020,fundbal,Sales and use taxes,2015,actual,thousands,131323,131323,131323,agree,both readings,277-278
2020,fundbal,Sales and use taxes,2016,actual,thousands,136269,136269,136269,agree,both readings,277-278
2020,fundbal,Sales and use taxes,2017,actual,thousands,131857,131857,131857,agree,both readings,277-278
2020,fundbal,Sales and use taxes,2018,actual,thousands,146400,146400,146400,agree,both readings,277-278
2020,fundbal,Sales and use taxes,2019,actual,thousands,144025,144025,144025,agree,both readings,277-278
2020,fundbal,Sales and use taxes,2020,actual,thousands,137340,137340,137340,agree,both readings,277-278
2020,fundbal,General property taxes,2011,actual,thousands,27462,27462,27462,agree,both readings,277-278
2020,fundbal,General property taxes,2012,actual,thousands,29474,29474,29474,agree,both readings,277-278
2020,fundbal,General property taxes,2013,actual,thousands,29434,29434,29434,agree,both readings,277-278
2020,fundbal,General property taxes,2014,actual,thousands,30353,30353,30353,agree,both readings,277-278
2020,fundbal,General property taxes,2015,actual,thousands,30846,30846,30846,agree,both readings,277-278
2020,fundbal,General property taxes,2016,actual,thousands,36897,36897,36897,agree,both readings,277-278
2020,fundbal,General property taxes,2017,actual,thousands,37252,37252,37252,agree,both readings,277-278
2020,fundbal,General property taxes,2018,actual,thousands,43700,43700,43700,agree,both readings,277-278
2020,fundbal,General property taxes,2019,actual,thousands,43156,43156,43156,agree,both readings,277-278
2020,fundbal,General property taxes,2020,actual,thousands,47804,47804,47804,agree,both readings,277-278
2020,taxsales,Apparel Stores,2011,actual,thousands,100696,100696,100696,agree,both readings,279-280
2020,taxsales,Apparel Stores,2012,actual,thousands,110467,110467,110467,agree,both readings,279-280
2020,taxsales,Apparel Stores,2013,actual,thousands,111042,111042,111042,agree,both readings,279-280
2020,taxsales,Apparel Stores,2014,actual,thousands,118703,118703,118703,agree,both readings,279-280
2020,taxsales,Apparel Stores,2015,actual,thousands,122977,122977,122977,agree,both readings,279-280
2020,taxsales,Apparel Stores,2016,actual,thousands,123958,123958,123958,agree,both readings,279-280
2020,taxsales,Apparel Stores,2017,actual,thousands,116513,116513,116513,agree,both readings,279-280
2020,taxsales,Apparel Stores,2018,actual,thousands,118308,118308,118308,agree,both readings,279-280
2020,taxsales,Apparel Stores,2019,actual,thousands,105696,105696,105696,agree,both readings,279-280
2020,taxsales,Apparel Stores,2020,actual,thousands,90814,90814,90814,agree,both readings,279-280
2020,taxsales,Automotive Trade,2011,actual,thousands,174631,174631,174631,agree,both readings,279-280
2020,taxsales,Automotive Trade,2012,actual,thousands,187675,187675,187675,agree,both readings,279-280
2020,taxsales,Automotive Trade,2013,actual,thousands,205342,205342,205342,agree,both readings,279-280
2020,taxsales,Automotive Trade,2014,actual,thousands,223429,223429,223429,agree,both readings,279-280
2020,taxsales,Automotive Trade,2015,actual,thousands,235029,235029,235029,agree,both readings,279-280
2020,taxsales,Automotive Trade,2016,actual,thousands,239489,239489,239489,agree,both readings,279-280
2020,taxsales,Automotive Trade,2017,actual,thousands,251106,251106,251106,agree,both readings,279-280
2020,taxsales,Automotive Trade,2018,actual,thousands,258584,258584,258584,agree,both readings,279-280
2020,taxsales,Automotive Trade,2019,actual,thousands,262565,262565,262565,agree,both readings,279-280
2020,taxsales,Automotive Trade,2020,actual,thousands,268208,268208,268208,agree,both readings,279-280
2020,taxsales,Building Material-Retail,2011,actual,thousands,85319,85319,85319,agree,both readings,279-280
2020,taxsales,Building Material-Retail,2012,actual,thousands,94886,94886,94886,agree,both readings,279-280
2020,taxsales,Building Material-Retail,2013,actual,thousands,108685,108685,108685,agree,both readings,279-280
2020,taxsales,Building Material-Retail,2014,actual,thousands,111381,111381,111381,agree,both readings,279-280
2020,taxsales,Building Material-Retail,2015,actual,thousands,114560,114560,114560,agree,both readings,279-280
2020,taxsales,Building Material-Retail,2016,actual,thousands,121991,121991,121991,agree,both readings,279-280
2020,taxsales,Building Material-Retail,2017,actual,thousands,121201,121201,121201,agree,both readings,279-280
2020,taxsales,Building Material-Retail,2018,actual,thousands,121719,121719,121719,agree,both readings,279-280
2020,taxsales,Building Material-Retail,2019,actual,thousands,125063,125063,125063,agree,both readings,279-280
2020,taxsales,Building Material-Retail,2020,actual,thousands,132942,132942,132942,agree,both readings,279-280
2020,taxsales,Computer Related Business Sector,2011,actual,thousands,167503,167503,167503,agree,both readings,279-280
2020,taxsales,Computer Related Business Sector,2012,actual,thousands,188876,188876,188876,agree,both readings,279-280
2020,taxsales,Computer Related Business Sector,2013,actual,thousands,208352,208352,208352,agree,both readings,279-280
2020,taxsales,Computer Related Business Sector,2014,actual,thousands,200512,200512,200512,agree,both readings,279-280
2020,taxsales,Computer Related Business Sector,2015,actual,thousands,205890,205890,205890,agree,both readings,279-280
2020,taxsales,Computer Related Business Sector,2016,actual,thousands,195938,195938,195938,agree,both readings,279-280
2020,taxsales,Computer Related Business Sector,2017,actual,thousands,188351,188351,188351,agree,both readings,279-280
2020,taxsales,Computer Related Business Sector,2018,actual,thousands,198501,198501,198501,agree,both readings,279-280
2020,taxsales,Computer Related Business Sector,2019,actual,thousands,192020,192020,192020,agree,both readings,279-280
2020,taxsales,Computer Related Business Sector,2020,actual,thousands,254960,254960,254960,agree,both readings,279-280
2020,taxsales,Construction Sales Tax,2011,actual,thousands,16147,16147,16147,agree,both readings,279-280
2020,taxsales,Construction Sales Tax,2012,actual,thousands,12006,12006,12006,agree,both readings,279-280
2020,taxsales,Construction Sales Tax,2013,actual,thousands,12642,12642,12642,agree,both readings,279-280
2020,taxsales,Construction Sales Tax,2014,actual,thousands,11576,11576,11576,agree,both readings,279-280
2020,taxsales,Construction Sales Tax,2015,actual,thousands,-,-,-,agree,both readings,279-280
2020,taxsales,Construction Sales Tax,2016,actual,thousands,-,-,-,agree,both readings,279-280
2020,taxsales,Construction Sales Tax,2017,actual,thousands,-,-,-,agree,both readings,279-280
2020,taxsales,Construction Sales Tax,2018,actual,thousands,-,-,-,agree,both readings,279-280
2020,taxsales,Construction Sales Tax,2019,actual,thousands,-,-,-,agree,both readings,279-280
2020,taxsales,Construction Sales Tax,2020,actual,thousands,-,-,-,agree,both readings,279-280
2020,taxsales,Construction Use Tax,2011,actual,thousands,153438,153438,153438,agree,both readings,279-280
2020,taxsales,Construction Use Tax,2012,actual,thousands,171106,171106,171106,agree,both readings,279-280
2020,taxsales,Construction Use Tax,2013,actual,thousands,266139,266139,266139,agree,both readings,279-280
2020,taxsales,Construction Use Tax,2014,actual,thousands,251594,251594,251594,agree,both readings,279-280
2020,taxsales,Construction Use Tax,2015,actual,thousands,-,-,-,agree,both readings,279-280
2020,taxsales,Construction Use Tax,2016,actual,thousands,-,-,-,agree,both readings,279-280
2020,taxsales,Construction Use Tax,2017,actual,thousands,-,-,-,agree,both readings,279-280
2020,taxsales,Construction Use Tax,2018,actual,thousands,-,-,-,agree,both readings,279-280
2020,taxsales,Construction Use Tax,2019,actual,thousands,-,-,-,agree,both readings,279-280
2020,taxsales,Construction Use Tax,2020,actual,thousands,-,-,-,agree,both readings,279-280
2020,taxsales,Constructions Firms Sales/Use Tax,2011,actual,thousands,-,-,-,agree,both readings,279-280
2020,taxsales,Constructions Firms Sales/Use Tax,2012,actual,thousands,-,-,-,agree,both readings,279-280
2020,taxsales,Constructions Firms Sales/Use Tax,2013,actual,thousands,-,-,-,agree,both readings,279-280
2020,taxsales,Constructions Firms Sales/Use Tax,2014,actual,thousands,-,-,-,agree,both readings,279-280
2020,taxsales,Constructions Firms Sales/Use Tax,2015,actual,thousands,276746,276746,276746,agree,both readings,279-280
2020,taxsales,Constructions Firms Sales/Use Tax,2016,actual,thousands,304301,304301,304301,agree,both readings,279-280
2020,taxsales,Constructions Firms Sales/Use Tax,2017,actual,thousands,279081,279081,279081,agree,both readings,279-280
2020,taxsales,Constructions Firms Sales/Use Tax,2018,actual,thousands,352701,352701,352701,agree,both readings,279-280
2020,taxsales,Constructions Firms Sales/Use Tax,2019,actual,thousands,308127,308127,308127,agree,both readings,279-280
2020,taxsales,Constructions Firms Sales/Use Tax,2020,actual,thousands,342503,342503,342503,agree,both readings,279-280
2020,taxsales,Consumer Electronics,2011,actual,thousands,73237,73237,73237,agree,both readings,279-280
2020,taxsales,Consumer Electronics,2012,actual,thousands,62924,62924,62924,agree,both readings,279-280
2020,taxsales,Consumer Electronics,2013,actual,thousands,58300,58300,58300,agree,both readings,279-280
2020,taxsales,Consumer Electronics,2014,actual,thousands,67677,67677,67677,agree,both readings,279-280
2020,taxsales,Consumer Electronics,2015,actual,thousands,66687,66687,66687,agree,both readings,279-280
2020,taxsales,Consumer Electronics,2016,actual,thousands,71024,71024,71024,agree,both readings,279-280
2020,taxsales,Consumer Electronics,2017,actual,thousands,59211,59211,59211,agree,both readings,279-280
2020,taxsales,Consumer Electronics,2018,actual,thousands,73263,73263,73263,agree,both readings,279-280
2020,taxsales,Consumer Electronics,2019,actual,thousands,75110,75110,75110,agree,both readings,279-280
2020,taxsales,Consumer Electronics,2020,actual,thousands,99860,99860,99860,agree,both readings,279-280
2020,taxsales,Eating Places,2011,actual,thousands,347871,347871,347871,agree,both readings,279-280
2020,taxsales,Eating Places,2012,actual,thousands,384485,384485,384485,agree,both readings,279-280
2020,taxsales,Eating Places,2013,actual,thousands,387596,387596,387596,agree,both readings,279-280
2020,taxsales,Eating Places,2014,actual,thousands,410251,410251,410251,agree,both readings,279-280
2020,taxsales,Eating Places,2015,actual,thousands,437428,437428,437428,agree,both readings,279-280
2020,taxsales,Eating Places,2016,actual,thousands,451436,451436,451436,agree,both readings,279-280
2020,taxsales,Eating Places,2017,actual,thousands,461091,461091,461091,agree,both readings,279-280
2020,taxsales,Eating Places,2018,actual,thousands,477032,477032,477032,agree,both readings,279-280
2020,taxsales,Eating Places,2019,actual,thousands,484459,484459,484459,agree,both readings,279-280
2020,taxsales,Eating Places,2020,actual,thousands,308278,308278,308278,agree,both readings,279-280
2020,taxsales,Food Stores,2011,actual,thousands,359707,359707,359707,agree,both readings,279-280
2020,taxsales,Food Stores,2012,actual,thousands,388154,388154,388154,agree,both readings,279-280
2020,taxsales,Food Stores,2013,actual,thousands,395837,395837,395837,agree,both readings,279-280
2020,taxsales,Food Stores,2014,actual,thousands,416890,416890,416890,agree,both readings,279-280
2020,taxsales,Food Stores,2015,actual,thousands,440661,440661,440661,agree,both readings,279-280
2020,taxsales,Food Stores,2016,actual,thousands,452030,452030,452030,agree,both readings,279-280
2020,taxsales,Food Stores,2017,actual,thousands,448173,448173,448173,agree,both readings,279-280
2020,taxsales,Food Stores,2018,actual,thousands,438804,438804,438804,agree,both readings,279-280
2020,taxsales,Food Stores,2019,actual,thousands,442771,442771,442771,agree,both readings,279-280
2020,taxsales,Food Stores,2020,actual,thousands,547934,547934,547934,agree,both readings,279-280
2020,taxsales,General Retail,2011,actual,thousands,586189,586189,586189,agree,both readings,279-280
2020,taxsales,General Retail,2012,actual,thousands,606359,606359,606359,agree,both readings,279-280
2020,taxsales,General Retail,2013,actual,thousands,611228,611228,611228,agree,both readings,279-280
2020,taxsales,General Retail,2014,actual,thousands,628223,628223,628223,agree,both readings,279-280
2020,taxsales,General Retail,2015,actual,thousands,658659,658659,658659,agree,both readings,279-280
2020,taxsales,General Retail,2016,actual,thousands,737753,737753,737753,agree,both readings,279-280
2020,taxsales,General Retail,2017,actual,thousands,675023,675023,675023,agree,both readings,279-280
2020,taxsales,General Retail,2018,actual,thousands,709676,709676,709676,agree,both readings,279-280
2020,taxsales,General Retail,2019,actual,thousands,702917,702917,702917,agree,both readings,279-280
2020,taxsales,General Retail,2020,actual,thousands,688108,688108,688108,agree,both readings,279-280
2020,taxsales,Home Furnishings,2011,actual,thousands,81304,81304,81304,agree,both readings,279-280
2020,taxsales,Home Furnishings,2012,actual,thousands,81243,81243,81243,agree,both readings,279-280
2020,taxsales,Home Furnishings,2013,actual,thousands,79745,79745,79745,agree,both readings,279-280
2020,taxsales,Home Furnishings,2014,actual,thousands,87804,87804,87804,agree,both readings,279-280
2020,taxsales,Home Furnishings,2015,actual,thousands,89689,89689,89689,agree,both readings,279-280
2020,taxsales,Home Furnishings,2016,actual,thousands,92314,92314,92314,agree,both readings,279-280
2020,taxsales,Home Furnishings,2017,actual,thousands,92483,92483,92483,agree,both readings,279-280
2020,taxsales,Home Furnishings,2018,actual,thousands,93697,93697,93697,agree,both readings,279-280
2020,taxsales,Home Furnishings,2019,actual,thousands,84191,84191,84191,agree,both readings,279-280
2020,taxsales,Home Furnishings,2020,actual,thousands,63575,63575,63575,agree,both readings,279-280
2020,taxsales,Transportation/Utilities,2011,actual,thousands,215462,215462,215462,agree,both readings,279-280
2020,taxsales,Transportation/Utilities,2012,actual,thousands,208713,208713,208713,agree,both readings,279-280
2020,taxsales,Transportation/Utilities,2013,actual,thousands,226972,226972,226972,agree,both readings,279-280
2020,taxsales,Transportation/Utilities,2014,actual,thousands,243605,243605,243605,agree,both readings,279-280
2020,taxsales,Transportation/Utilities,2015,actual,thousands,229281,229281,229281,agree,both readings,279-280
2020,taxsales,Transportation/Utilities,2016,actual,thousands,220926,220926,220926,agree,both readings,279-280
2020,taxsales,Transportation/Utilities,2017,actual,thousands,216678,216678,216678,agree,both readings,279-280
2020,taxsales,Transportation/Utilities,2018,actual,thousands,214292,214292,214292,agree,both readings,279-280
2020,taxsales,Transportation/Utilities,2019,actual,thousands,214138,214138,214138,agree,both readings,279-280
2020,taxsales,Transportation/Utilities,2020,actual,thousands,210622,210622,210622,agree,both readings,279-280
2020,taxsales,All Other,2011,actual,thousands,359612,359612,359612,agree,both readings,279-280
2020,taxsales,All Other,2012,actual,thousands,359324,359324,359324,agree,both readings,279-280
2020,taxsales,All Other,2013,actual,thousands,381961,381961,381961,agree,both readings,279-280
2020,taxsales,All Other,2014,actual,thousands,495657,495657,495657,agree,both readings,279-280
2020,taxsales,All Other,2015,actual,thousands,524543,524543,524543,agree,both readings,279-280
2020,taxsales,All Other,2016,actual,thousands,519125,519125,519125,agree,both readings,279-280
2020,taxsales,All Other,2017,actual,thousands,612152,612152,612152,agree,both readings,279-280
2020,taxsales,All Other,2018,actual,thousands,631091,631091,631091,agree,both readings,279-280
2020,taxsales,All Other,2019,actual,thousands,734161,734161,734161,agree,both readings,279-280
2020,taxsales,All Other,2020,actual,thousands,550228,550228,550228,agree,both readings,279-280
2020,taxsales,Refunds,2011,actual,thousands,-4781,-4781,-,DISAGREE,own arithmetic,279-280
2020,taxsales,Refunds,2012,actual,thousands,-,-,-,agree,both readings,279-280
2020,taxsales,Refunds,2013,actual,thousands,-,-,-,agree,both readings,279-280
2020,taxsales,Refunds,2014,actual,thousands,-,-,-4781,DISAGREE,own arithmetic,279-280
2020,taxsales,Refunds,2015,actual,thousands,-,-,-,agree,both readings,279-280
2020,taxsales,Refunds,2016,actual,thousands,-,-,-,agree,both readings,279-280
2020,taxsales,Refunds,2017,actual,thousands,-,-,-,agree,both readings,279-280
2020,taxsales,Refunds,2018,actual,thousands,-,-,-,agree,both readings,279-280
2020,taxsales,Refunds,2019,actual,thousands,-,-,-,agree,both readings,279-280
2020,taxsales,Refunds,2020,actual,thousands,-,-,-,agree,both readings,279-280
2020,taxsales,Total Sales and Use Tax,2011,actual,thousands,2716335,2716335,2716335,agree,both readings,279-280
2020,taxsales,Total Sales and Use Tax,2012,actual,thousands,2856218,2856218,2856218,agree,both readings,279-280
2020,taxsales,Total Sales and Use Tax,2013,actual,thousands,3053841,3053841,3053841,agree,both readings,279-280
2020,taxsales,Total Sales and Use Tax,2014,actual,thousands,3267302,3267302,3267302,agree,both readings,279-280
2020,taxsales,Total Sales and Use Tax,2015,actual,thousands,3402150,3402150,3402150,agree,both readings,279-280
2020,taxsales,Total Sales and Use Tax,2016,actual,thousands,3530285,3530285,3530285,agree,both readings,279-280
2020,taxsales,Total Sales and Use Tax,2017,actual,thousands,3521063,3521063,3521063,agree,both readings,279-280
2020,taxsales,Total Sales and Use Tax,2018,actual,thousands,3687668,3687668,3687668,agree,both readings,279-280
2020,taxsales,Total Sales and Use Tax,2019,actual,thousands,3731218,3731218,3731218,agree,both readings,279-280
2020,taxsales,Total Sales and Use Tax,2020,actual,thousands,3558032,3558032,3558032,agree,both readings,279-280
2020,taxsales,Direct city sales tax rate,2011,actual,pct,3.41,3.41,3.41,agree,both readings,279-280
2020,taxsales,Direct city sales tax rate,2012,actual,pct,3.41,3.41,3.41,agree,both readings,279-280
2020,taxsales,Direct city sales tax rate,2013,actual,pct,3.41,3.41,3.41,agree,both readings,279-280
2020,taxsales,Direct city sales tax rate,2014,actual,pct,3.56,3.56,3.56,agree,both readings,279-280
2020,taxsales,Direct city sales tax rate,2015,actual,pct,3.86,3.86,3.86,agree,both readings,279-280
2020,taxsales,Direct city sales tax rate,2016,actual,pct,3.86,3.86,3.86,agree,both readings,279-280
2020,taxsales,Direct city sales tax rate,2017,actual,pct,3.86,3.86,3.86,agree,both readings,279-280
2020,taxsales,Direct city sales tax rate,2018,actual,pct,3.86,3.86,3.86,agree,both readings,279-280
2020,taxsales,Direct city sales tax rate,2019,actual,pct,3.86,3.86,3.86,agree,both readings,279-280
2020,taxsales,Direct city sales tax rate,2020,actual,pct,3.86,3.86,3.86,agree,both readings,279-280
2020,taxsales,Food service sales tax,2011,actual,pct,0.15,0.15,0.15,agree,both readings,279-280
2020,taxsales,Food service sales tax,2012,actual,pct,0.15,0.15,0.15,agree,both readings,279-280
2020,taxsales,Food service sales tax,2013,actual,pct,0.15,0.15,0.15,agree,both readings,279-280
2020,taxsales,Food service sales tax,2014,actual,pct,0.15,0.15,0.15,agree,both readings,279-280
2020,taxsales,Food service sales tax,2015,actual,pct,0.15,0.15,0.15,agree,both readings,279-280
2020,taxsales,Food service sales tax,2016,actual,pct,0.15,0.15,0.15,agree,both readings,279-280
2020,taxsales,Food service sales tax,2017,actual,pct,0.15,0.15,0.15,agree,both readings,279-280
2020,taxsales,Food service sales tax,2018,actual,pct,0.15,0.15,0.15,agree,both readings,279-280
2020,taxsales,Food service sales tax,2019,actual,pct,0.15,0.15,0.15,agree,both readings,279-280
2020,taxsales,Food service sales tax,2020,actual,pct,0.15,0.15,0.15,agree,both readings,279-280
2020,taxsales,Total direct city sales tax,2011,actual,pct,3.56,3.56,3.56,agree,both readings,279-280
2020,taxsales,Total direct city sales tax,2012,actual,pct,3.56,3.56,3.56,agree,both readings,279-280
2020,taxsales,Total direct city sales tax,2013,actual,pct,3.56,3.56,3.56,agree,both readings,279-280
2020,taxsales,Total direct city sales tax,2014,actual,pct,3.71,3.71,3.71,agree,both readings,279-280
2020,taxsales,Total direct city sales tax,2015,actual,pct,4.01,4.01,4.01,agree,both readings,279-280
2020,taxsales,Total direct city sales tax,2016,actual,pct,4.01,4.01,4.01,agree,both readings,279-280
2020,taxsales,Total direct city sales tax,2017,actual,pct,4.01,4.01,4.01,agree,both readings,279-280
2020,taxsales,Total direct city sales tax,2018,actual,pct,4.01,4.01,4.01,agree,both readings,279-280
2020,taxsales,Total direct city sales tax,2019,actual,pct,4.01,4.01,4.01,agree,both readings,279-280
2020,taxsales,Total direct city sales tax,2020,actual,pct,4.01,4.01,4.01,agree,both readings,279-280
2020,fte,Municipal Court,2011,adopted,fte,16.25,16.25,16.25,agree,both readings,295-296
2020,fte,Municipal Court,2012,adopted,fte,16.25,16.25,16.25,agree,both readings,295-296
2020,fte,Municipal Court,2013,adopted,fte,18.16,18.16,18.16,agree,both readings,295-296
2020,fte,Municipal Court,2014,adopted,fte,18.13,18.13,18.13,agree,both readings,295-296
2020,fte,Municipal Court,2015,adopted,fte,21.13,21.13,21.13,agree,both readings,295-296
2020,fte,Municipal Court,2016,adopted,fte,21.13,21.13,21.13,agree,both readings,295-296
2020,fte,Municipal Court,2017,adopted,fte,20.35,20.35,20.35,agree,both readings,295-296
2020,fte,Municipal Court,2018,adopted,fte,19.35,19.35,19.35,agree,both readings,295-296
2020,fte,Municipal Court,2019,adopted,fte,18.35,18.35,18.35,agree,both readings,295-296
2020,fte,Municipal Court,2020,adopted,fte,18.35,18.35,18.35,agree,both readings,295-296
2020,fte,City Attorney,2011,adopted,fte,18.65,18.65,18.65,agree,both readings,295-296
2020,fte,City Attorney,2012,adopted,fte,20.15,20.15,20.15,agree,both readings,295-296
2020,fte,City Attorney,2013,adopted,fte,20.2,20.2,20.2,agree,both readings,295-296
2020,fte,City Attorney,2014,adopted,fte,21.2,21.2,21.2,agree,both readings,295-296
2020,fte,City Attorney,2015,adopted,fte,19.2,19.2,19.2,agree,both readings,295-296
2020,fte,City Attorney,2016,adopted,fte,25.7,25.7,25.7,agree,both readings,295-296
2020,fte,City Attorney,2017,adopted,fte,27.65,27.65,27.65,agree,both readings,295-296
2020,fte,City Attorney,2018,adopted,fte,27.65,27.65,27.65,agree,both readings,295-296
2020,fte,City Attorney,2019,adopted,fte,28,28,28,agree,both readings,295-296
2020,fte,City Attorney,2020,adopted,fte,28,28,28,agree,both readings,295-296
2020,fte,City Manager- Administration,2011,adopted,fte,11.8,11.8,11.8,agree,both readings,295-296
2020,fte,City Manager- Administration,2012,adopted,fte,12.68,12.68,12.68,agree,both readings,295-296
2020,fte,City Manager- Administration,2013,adopted,fte,12,12,12,agree,both readings,295-296
2020,fte,City Manager- Administration,2014,adopted,fte,12,12,12,agree,both readings,295-296
2020,fte,City Manager- Administration,2015,adopted,fte,19.5,19.5,19.5,agree,both readings,295-296
2020,fte,City Manager- Administration,2016,adopted,fte,17,17,17,agree,both readings,295-296
2020,fte,City Manager- Administration,2017,adopted,fte,19.88,19.88,19.88,agree,both readings,295-296
2020,fte,City Manager- Administration,2018,adopted,fte,22.88,22.88,22.88,agree,both readings,295-296
2020,fte,City Manager- Administration,2019,adopted,fte,18,18,18,agree,both readings,295-296
2020,fte,City Manager- Administration,2020,adopted,fte,14,14,14,agree,both readings,295-296
2020,fte,City Manager- Community Vitality,2011,adopted,fte,42.25,42.25,42.25,agree,both readings,295-296
2020,fte,City Manager- Community Vitality,2012,adopted,fte,42.25,42.25,42.25,agree,both readings,295-296
2020,fte,City Manager- Community Vitality,2013,adopted,fte,42.25,42.25,42.25,agree,both readings,295-296
2020,fte,City Manager- Community Vitality,2014,adopted,fte,42.25,42.25,42.25,agree,both readings,295-296
2020,fte,City Manager- Community Vitality,2015,adopted,fte,44.5,44.5,44.5,agree,both readings,295-296
2020,fte,City Manager- Community Vitality,2016,adopted,fte,46.5,46.5,46.5,agree,both readings,295-296
2020,fte,City Manager- Community Vitality,2017,adopted,fte,49,49,49,agree,both readings,295-296
2020,fte,City Manager- Community Vitality,2018,adopted,fte,48.25,48.25,48.25,agree,both readings,295-296
2020,fte,City Manager- Community Vitality,2019,adopted,fte,47.24,47.24,47.24,agree,both readings,295-296
2020,fte,City Manager- Community Vitality,2020,adopted,fte,48.01,48.01,48.01,agree,both readings,295-296
2020,fte,City Manager- Communications,2011,adopted,fte,5.5,5.5,5.5,agree,both readings,295-296
2020,fte,City Manager- Communications,2012,adopted,fte,6.5,6.5,6.5,agree,both readings,295-296
2020,fte,City Manager- Communications,2013,adopted,fte,6.5,6.5,6.5,agree,both readings,295-296
2020,fte,City Manager- Communications,2014,adopted,fte,6.5,6.5,6.5,agree,both readings,295-296
2020,fte,City Manager- Communications,2015,adopted,fte,6.5,6.5,6.5,agree,both readings,295-296
2020,fte,City Manager- Communications,2016,adopted,fte,12.75,12.75,12.75,agree,both readings,295-296
2020,fte,City Manager- Communications,2017,adopted,fte,13.5,13.5,13.5,agree,both readings,295-296
2020,fte,City Manager- Communications,2018,adopted,fte,14.75,14.75,14.75,agree,both readings,295-296
2020,fte,City Manager- Communications,2019,adopted,fte,15.25,15.25,15.25,agree,both readings,295-296
2020,fte,City Manager- Communications,2020,adopted,fte,14.25,14.25,14.25,agree,both readings,295-296
2020,fte,Human Resources,2011,adopted,fte,14.88,14.88,14.88,agree,both readings,295-296
2020,fte,Human Resources,2012,adopted,fte,15.38,15.38,15.38,agree,both readings,295-296
2020,fte,Human Resources,2013,adopted,fte,15.63,15.63,15.63,agree,both readings,295-296
2020,fte,Human Resources,2014,adopted,fte,18.63,18.63,18.63,agree,both readings,295-296
2020,fte,Human Resources,2015,adopted,fte,24.63,24.63,24.63,agree,both readings,295-296
2020,fte,Human Resources,2016,adopted,fte,24.38,24.38,24.38,agree,both readings,295-296
2020,fte,Human Resources,2017,adopted,fte,23.38,23.38,23.38,agree,both readings,295-296
2020,fte,Human Resources,2018,adopted,fte,23.38,23.38,23.38,agree,both readings,295-296
2020,fte,Human Resources,2019,adopted,fte,23,23,23,agree,both readings,295-296
2020,fte,Human Resources,2020,adopted,fte,24,24,24,agree,both readings,295-296
2020,fte,Finance,2011,adopted,fte,33.5,33.5,33.5,agree,both readings,295-296
2020,fte,Finance,2012,adopted,fte,34,34,34,agree,both readings,295-296
2020,fte,Finance,2013,adopted,fte,34,34,34,agree,both readings,295-296
2020,fte,Finance,2014,adopted,fte,36,36,36,agree,both readings,295-296
2020,fte,Finance,2015,adopted,fte,38.67,38.67,38.67,agree,both readings,295-296
2020,fte,Finance,2016,adopted,fte,44.5,44.5,44.5,agree,both readings,295-296
2020,fte,Finance,2017,adopted,fte,46.62,46.62,46.62,agree,both readings,295-296
2020,fte,Finance,2018,adopted,fte,48.12,48.12,48.12,agree,both readings,295-296
2020,fte,Finance,2019,adopted,fte,44,44,44,agree,both readings,295-296
2020,fte,Finance,2020,adopted,fte,44,44,44,agree,both readings,295-296
2020,fte,Information Technology,2011,adopted,fte,34.5,34.5,34.5,agree,both readings,295-296
2020,fte,Information Technology,2012,adopted,fte,34.5,34.5,34.5,agree,both readings,295-296
2020,fte,Information Technology,2013,adopted,fte,34,34,34,agree,both readings,295-296
2020,fte,Information Technology,2014,adopted,fte,36.85,36.85,36.85,agree,both readings,295-296
2020,fte,Information Technology,2015,adopted,fte,37.18,37.18,37.18,agree,both readings,295-296
2020,fte,Information Technology,2016,adopted,fte,40.25,40.25,40.25,agree,both readings,295-296
2020,fte,Information Technology,2017,adopted,fte,40.75,40.75,40.75,agree,both readings,295-296
2020,fte,Information Technology,2018,adopted,fte,39.75,39.75,39.75,agree,both readings,295-296
2020,fte,Information Technology,2019,adopted,fte,41.75,41.75,41.75,agree,both readings,295-296
2020,fte,Information Technology,2020,adopted,fte,41,41,41,agree,both readings,295-296
2020,fte,Police,2011,adopted,fte,276.5,276.5,276.5,agree,both readings,295-296
2020,fte,Police,2012,adopted,fte,279.5,279.5,279.5,agree,both readings,295-296
2020,fte,Police,2013,adopted,fte,279.5,279.5,279.5,agree,both readings,295-296
2020,fte,Police,2014,adopted,fte,282.5,282.5,282.5,agree,both readings,295-296
2020,fte,Police,2015,adopted,fte,288,288,288,agree,both readings,295-296
2020,fte,Police,2016,adopted,fte,290.89,290.89,290.89,agree,both readings,295-296
2020,fte,Police,2017,adopted,fte,291.89,291.89,291.89,agree,both readings,295-296
2020,fte,Police,2018,adopted,fte,291.75,291.75,291.75,agree,both readings,295-296
2020,fte,Police,2019,adopted,fte,288.25,288.25,288.25,agree,both readings,295-296
2020,fte,Police,2020,adopted,fte,289.25,289.25,289.25,agree,both readings,295-296
2020,fte,Fire,2011,adopted,fte,112.33,112.33,112.33,agree,both readings,295-296
2020,fte,Fire,2012,adopted,fte,115.33,115.33,115.33,agree,both readings,295-296
2020,fte,Fire,2013,adopted,fte,118.33,118.33,118.33,agree,both readings,295-296
2020,fte,Fire,2014,adopted,fte,120.33,120.33,120.33,agree,both readings,295-296
2020,fte,Fire,2015,adopted,fte,121.33,121.33,121.33,agree,both readings,295-296
2020,fte,Fire,2016,adopted,fte,124.33,124.33,124.33,agree,both readings,295-296
2020,fte,Fire,2017,adopted,fte,124,124,124,agree,both readings,295-296
2020,fte,Fire,2018,adopted,fte,124,124,124,agree,both readings,295-296
2020,fte,Fire,2019,adopted,fte,123,123,123,agree,both readings,295-296
2020,fte,Fire,2020,adopted,fte,124,124,124,agree,both readings,295-296
2020,fte,Planning & Development Services,2011,adopted,fte,78.66,78.66,78.66,agree,both readings,295-296
2020,fte,Planning & Development Services,2012,adopted,fte,82.97,82.97,82.97,agree,both readings,295-296
2020,fte,Planning & Development Services,2013,adopted,fte,88.74,88.74,88.74,agree,both readings,295-296
2020,fte,Planning & Development Services,2014,adopted,fte,93.87,93.87,93.87,agree,both readings,295-296
2020,fte,Planning & Development Services,2015,adopted,fte,105.92,105.92,,ocr only,another report,295-296
2020,fte,Planning & Development Services,2016,adopted,fte,112.72,112.72,,ocr only,another report,295-296
2020,fte,Planning & Development Services,2017,adopted,fte,-,-,,ocr only,another report,295-296
2020,fte,Planning & Development Services,2018,adopted,fte,-,-,,ocr only,another report,295-296
2020,fte,Planning & Development Services,2019,adopted,fte,-,-,,ocr only,another report,295-296
2020,fte,Planning & Development Services,2020,adopted,fte,-,-,,ocr only,another report,295-296
2020,fte,Development,2011,adopted,fte,-,-,-,agree,both readings,295-296
2020,fte,Development,2012,adopted,fte,-,-,-,agree,both readings,295-296
2020,fte,Development,2013,adopted,fte,-,-,-,agree,both readings,295-296
2020,fte,Development,2014,adopted,fte,-,-,-,agree,both readings,295-296
2020,fte,Development,2015,adopted,fte,-,-,-,agree,both readings,295-296
2020,fte,Development,2016,adopted,fte,-,-,-,agree,both readings,295-296
2020,fte,Development,2017,adopted,fte,54.11,54.11,54.11,agree,both readings,295-296
2020,fte,Development,2018,adopted,fte,57.38,57.38,57.38,agree,both readings,295-296
2020,fte,Development,2019,adopted,fte,57.05,57.05,57.05,agree,both readings,295-296
2020,fte,Development,2020,adopted,fte,67.49,67.49,67.49,agree,both readings,295-296
2020,fte,Community Planning and Sustainability,2011,adopted,fte,-,-,-,agree,both readings,295-296
2020,fte,Community Planning and Sustainability,2012,adopted,fte,-,-,-,agree,both readings,295-296
2020,fte,Community Planning and Sustainability,2013,adopted,fte,-,-,-,agree,both readings,295-296
2020,fte,Community Planning and Sustainability,2014,adopted,fte,-,-,-,agree,both readings,295-296
2020,fte,Community Planning and Sustainability,2015,adopted,fte,-,-,-,agree,both readings,295-296
2020,fte,Community Planning and Sustainability,2016,adopted,fte,-,-,-,agree,both readings,295-296
2020,fte,Community Planning and Sustainability,2017,adopted,fte,55.34,55.34,55.34,agree,both readings,295-296
2020,fte,Community Planning and Sustainability,2018,adopted,fte,55.54,55.54,55.54,agree,both readings,295-296
2020,fte,Community Planning and Sustainability,2019,adopted,fte,54.54,54.54,54.54,agree,both readings,295-296
2020,fte,Community Planning and Sustainability,2020,adopted,fte,44.03,44.03,44.03,agree,both readings,295-296
2020,fte,Energy Strategy & Electric Utility,2011,adopted,fte,-,-,-,agree,both readings,295-296
2020,fte,Energy Strategy & Electric Utility,2012,adopted,fte,-,-,-,agree,both readings,295-296
2020,fte,Energy Strategy & Electric Utility,2013,adopted,fte,-,-,-,agree,both readings,295-296
2020,fte,Energy Strategy & Electric Utility,2014,adopted,fte,-,-,-,agree,both readings,295-296
2020,fte,Energy Strategy & Electric Utility,2015,adopted,fte,-,-,-,agree,both readings,295-296
2020,fte,Energy Strategy & Electric Utility,2016,adopted,fte,-,-,-,agree,both readings,295-296
2020,fte,Energy Strategy & Electric Utility,2017,adopted,fte,9,9,9,agree,both readings,295-296
2020,fte,Energy Strategy & Electric Utility,2018,adopted,fte,*,*,*,agree,both readings,295-296
2020,fte,Energy Strategy & Electric Utility,2019,adopted,fte,6.5,6.5,6.5,agree,both readings,295-296
2020,fte,Energy Strategy & Electric Utility,2020,adopted,fte,21,21,21,agree,both readings,295-296
2020,fte,Administration,2011,adopted,fte,-,-,-,agree,both readings,295-296
2020,fte,Administration,2012,adopted,fte,-,-,-,agree,both readings,295-296
2020,fte,Administration,2013,adopted,fte,2.74,2.74,2.74,agree,both readings,295-296
2020,fte,Administration,2014,adopted,fte,2.74,2.74,2.74,agree,both readings,295-296
2020,fte,Administration,2015,adopted,fte,3.74,3.74,3.74,agree,both readings,295-296
2020,fte,Administration,2016,adopted,fte,2.85,2.85,2.85,agree,both readings,295-296
2020,fte,Administration,2017,adopted,fte,1.5,1.5,1.5,agree,both readings,295-296
2020,fte,Administration,2018,adopted,fte,-,-,-,agree,both readings,295-296
2020,fte,Administration,2019,adopted,fte,-,-,-,agree,both readings,295-296
2020,fte,Administration,2020,adopted,fte,-,-,-,agree,both readings,295-296
2020,fte,Fleet,2011,adopted,fte,14.82,14.82,14.82,agree,both readings,295-296
2020,fte,Fleet,2012,adopted,fte,14.82,14.82,14.82,agree,both readings,295-296
2020,fte,Fleet,2013,adopted,fte,14.77,14.77,14.77,agree,both readings,295-296
2020,fte,Fleet,2014,adopted,fte,14.77,14.77,14.77,agree,both readings,295-296
2020,fte,Fleet,2015,adopted,fte,14.77,14.77,14.77,agree,both readings,295-296
2020,fte,Fleet,2016,adopted,fte,15.12,15.12,15.12,agree,both readings,295-296
2020,fte,Fleet,2017,adopted,fte,14.62,14.62,14.62,agree,both readings,295-296
2020,fte,Fleet,2018,adopted,fte,13.2,13.2,13.2,agree,both readings,295-296
2020,fte,Fleet,2019,adopted,fte,13.43,13.43,13.43,agree,both readings,295-296
2020,fte,Fleet,2020,adopted,fte,12.8,12.8,12.8,agree,both readings,295-296
2020,fte,Transportation,2011,adopted,fte,59.28,59.28,59.28,agree,both readings,295-296
2020,fte,Transportation,2012,adopted,fte,59.52,59.52,59.52,agree,both readings,295-296
2020,fte,Transportation,2013,adopted,fte,59.78,59.78,59.78,agree,both readings,295-296
2020,fte,Transportation,2014,adopted,fte,60.09,60.09,60.09,agree,both readings,295-296
2020,fte,Transportation,2015,adopted,fte,70.34,70.34,70.34,agree,both readings,295-296
2020,fte,Transportation,2016,adopted,fte,71.34,71.34,71.34,agree,both readings,295-296
2020,fte,Transportation,2017,adopted,fte,72.09,72.09,72.09,agree,both readings,295-296
2020,fte,Transportation,2018,adopted,fte,73.87,73.87,73.87,agree,both readings,295-296
2020,fte,Transportation,2019,adopted,fte,75.91,75.91,75.91,agree,both readings,295-296
2020,fte,Transportation,2020,adopted,fte,70.41,70.41,70.41,agree,both readings,295-296
2020,fte,Utilities,2011,adopted,fte,154.84,154.84,154.84,agree,both readings,295-296
2020,fte,Utilities,2012,adopted,fte,154.84,154.84,154.84,agree,both readings,295-296
2020,fte,Utilities,2013,adopted,fte,153.59,153.59,153.59,agree,both readings,295-296
2020,fte,Utilities,2014,adopted,fte,154.17,154.17,154.17,agree,both readings,295-296
2020,fte,Utilities,2015,adopted,fte,166.92,166.92,166.92,agree,both readings,295-296
2020,fte,Utilities,2016,adopted,fte,168.02,168.02,168.02,agree,both readings,295-296
2020,fte,Utilities,2017,adopted,fte,168.87,168.87,168.87,agree,both readings,295-296
2020,fte,Utilities,2018,adopted,fte,169.48,169.48,169.48,agree,both readings,295-296
2020,fte,Utilities,2019,adopted,fte,168.9,168.9,168.9,agree,both readings,295-296
2020,fte,Utilities,2020,adopted,fte,160.54,160.54,160.54,agree,both readings,295-296
2020,fte,Facility / Asset Management,2011,adopted,fte,14.68,14.68,14.68,agree,both readings,295-296
2020,fte,Facility / Asset Management,2012,adopted,fte,14.68,14.68,14.68,agree,both readings,295-296
2020,fte,Facility / Asset Management,2013,adopted,fte,14.73,14.73,14.73,agree,both readings,295-296
2020,fte,Facility / Asset Management,2014,adopted,fte,14.84,14.84,14.84,agree,both readings,295-296
2020,fte,Facility / Asset Management,2015,adopted,fte,14.84,14.84,14.84,agree,both readings,295-296
2020,fte,Facility / Asset Management,2016,adopted,fte,17.53,17.53,17.53,agree,both readings,295-296
2020,fte,Facility / Asset Management,2017,adopted,fte,18.79,18.79,18.79,agree,both readings,295-296
2020,fte,Facility / Asset Management,2018,adopted,fte,19.22,19.22,19.22,agree,both readings,295-296
2020,fte,Facility / Asset Management,2019,adopted,fte,19.99,19.99,19.99,agree,both readings,295-296
2020,fte,Facility / Asset Management,2020,adopted,fte,21.62,21.62,21.62,agree,both readings,295-296
2020,fte,Parks and Recreation,2011,adopted,fte,126.12,126.12,126.12,agree,both readings,295-296
2020,fte,Parks and Recreation,2012,adopted,fte,126.37,126.37,126.37,agree,both readings,295-296
2020,fte,Parks and Recreation,2013,adopted,fte,128.37,128.37,128.37,agree,both readings,295-296
2020,fte,Parks and Recreation,2014,adopted,fte,127.37,127.37,127.37,agree,both readings,295-296
2020,fte,Parks and Recreation,2015,adopted,fte,130.35,130.35,130.35,agree,both readings,295-296
2020,fte,Parks and Recreation,2016,adopted,fte,136.35,136.35,136.35,agree,both readings,295-296
2020,fte,Parks and Recreation,2017,adopted,fte,139.12,139.12,139.12,agree,both readings,295-296
2020,fte,Parks and Recreation,2018,adopted,fte,146.27,146.27,146.27,agree,both readings,295-296
2020,fte,Parks and Recreation,2019,adopted,fte,141.5,141.5,141.5,agree,both readings,295-296
2020,fte,Parks and Recreation,2020,adopted,fte,145.25,145.25,145.25,agree,both readings,295-296
2020,fte,Library,2011,adopted,fte,75.45,75.45,75.45,agree,both readings,295-296
2020,fte,Library,2012,adopted,fte,75.13,75.13,75.13,agree,both readings,295-296
2020,fte,Library,2013,adopted,fte,74.14,74.14,74.14,agree,both readings,295-296
2020,fte,Library,2014,adopted,fte,76.26,76.26,76.26,agree,both readings,295-296
2020,fte,Library,2015,adopted,fte,76.26,76.26,76.26,agree,both readings,295-296
2020,fte,Library,2016,adopted,fte,77.5,77.5,77.5,agree,both readings,295-296
2020,fte,Library,2017,adopted,fte,74,74,74,agree,both readings,295-296
2020,fte,Library,2018,adopted,fte,74,74,74,agree,both readings,295-296
2020,fte,Library,2019,adopted,fte,74.25,74.25,74.25,agree,both readings,295-296
2020,fte,Library,2020,adopted,fte,76.75,76.75,76.75,agree,both readings,295-296
2020,fte,Arts,2011,adopted,fte,1.5,1.5,1.5,agree,both readings,295-296
2020,fte,Arts,2012,adopted,fte,2,2,2,agree,both readings,295-296
2020,fte,Arts,2013,adopted,fte,3.25,3.25,3.25,agree,both readings,295-296
2020,fte,Arts,2014,adopted,fte,3.25,3.25,3.25,agree,both readings,295-296
2020,fte,Arts,2015,adopted,fte,2.25,2.25,2.25,agree,both readings,295-296
2020,fte,Arts,2016,adopted,fte,1,1,1,agree,both readings,295-296
2020,fte,Arts,2017,adopted,fte,3.5,3.5,3.5,agree,both readings,295-296
2020,fte,Arts,2018,adopted,fte,3.5,3.5,3.5,agree,both readings,295-296
2020,fte,Arts,2019,adopted,fte,3.5,3.5,3.5,agree,both readings,295-296
2020,fte,Arts,2020,adopted,fte,3.5,3.5,3.5,agree,both readings,295-296
2020,fte,Open Space / Mountain Parks,2011,adopted,fte,85.6,85.6,85.6,agree,both readings,295-296
2020,fte,Open Space / Mountain Parks,2012,adopted,fte,89.6,89.6,89.6,agree,both readings,295-296
2020,fte,Open Space / Mountain Parks,2013,adopted,fte,91.6,91.6,91.6,agree,both readings,295-296
2020,fte,Open Space / Mountain Parks,2014,adopted,fte,95.35,95.35,95.35,agree,both readings,295-296
2020,fte,Open Space / Mountain Parks,2015,adopted,fte,102.35,102.35,102.35,agree,both readings,295-296
2020,fte,Open Space / Mountain Parks,2016,adopted,fte,117.15,117.15,117.15,agree,both readings,295-296
2020,fte,Open Space / Mountain Parks,2017,adopted,fte,128.4,128.4,128.4,agree,both readings,295-296
2020,fte,Open Space / Mountain Parks,2018,adopted,fte,126.18,126.18,126.18,agree,both readings,295-296
2020,fte,Open Space / Mountain Parks,2019,adopted,fte,121.6,121.6,121.6,agree,both readings,295-296
2020,fte,Open Space / Mountain Parks,2020,adopted,fte,125.35,125.35,125.35,agree,both readings,295-296
2020,fte,Housing and Human Services,2011,adopted,fte,53.39,53.39,53.39,agree,both readings,295-296
2020,fte,Housing and Human Services,2012,adopted,fte,46.73,46.73,46.73,agree,both readings,295-296
2020,fte,Housing and Human Services,2013,adopted,fte,48.34,48.34,48.34,agree,both readings,295-296
2020,fte,Housing and Human Services,2014,adopted,fte,48.91,48.91,48.91,agree,both readings,295-296
2020,fte,Housing and Human Services,2015,adopted,fte,50.39,50.39,,ocr only,another report,295-296
2020,fte,Housing and Human Services,2016,adopted,fte,52.14,52.14,,ocr only,another report,295-296
2020,fte,Housing and Human Services,2017,adopted,fte,-,-,,ocr only,another report,295-296
2020,fte,Housing and Human Services,2018,adopted,fte,-,-,,ocr only,another report,295-296
2020,fte,Housing and Human Services,2019,adopted,fte,-,-,,ocr only,another report,295-296
2020,fte,Housing and Human Services,2020,adopted,fte,-,-,,ocr only,another report,295-296
2020,fte,Housing,2011,adopted,fte,-,-,-,agree,both readings,295-296
2020,fte,Housing,2012,adopted,fte,-,-,-,agree,both readings,295-296
2020,fte,Housing,2013,adopted,fte,-,-,-,agree,both readings,295-296
2020,fte,Housing,2014,adopted,fte,-,-,-,agree,both readings,295-296
2020,fte,Housing,2015,adopted,fte,-,-,-,agree,both readings,295-296
2020,fte,Housing,2016,adopted,fte,-,-,-,agree,both readings,295-296
2020,fte,Housing,2017,adopted,fte,15.95,15.95,15.95,agree,both readings,295-296
2020,fte,Housing,2018,adopted,fte,16.35,16.35,16.35,agree,both readings,295-296
2020,fte,Housing,2019,adopted,fte,15.35,15.35,15.35,agree,both readings,295-296
2020,fte,Housing,2020,adopted,fte,15.35,15.35,15.35,agree,both readings,295-296
2020,fte,Human Services,2011,adopted,fte,-,-,-,agree,both readings,295-296
2020,fte,Human Services,2012,adopted,fte,-,-,-,agree,both readings,295-296
2020,fte,Human Services,2013,adopted,fte,-,-,-,agree,both readings,295-296
2020,fte,Human Services,2014,adopted,fte,-,-,-,agree,both readings,295-296
2020,fte,Human Services,2015,adopted,fte,-,-,-,agree,both readings,295-296
2020,fte,Human Services,2016,adopted,fte,-,-,-,agree,both readings,295-296
2020,fte,Human Services,2017,adopted,fte,35.05,35.05,35.05,agree,both readings,295-296
2020,fte,Human Services,2018,adopted,fte,36.22,36.22,36.22,agree,both readings,295-296
2020,fte,Human Services,2019,adopted,fte,33.22,33.22,33.22,agree,both readings,295-296
2020,fte,Human Services,2020,adopted,fte,33.22,33.22,33.22,agree,both readings,295-296
2020,fte,Total,2011,adopted,fte,1230.5,1230.5,1230.5,agree,both readings,295-296
2020,fte,Total,2012,adopted,fte,1243.2,1243.2,1243.2,agree,both readings,295-296
2020,fte,Total,2013,adopted,fte,1260.62,1260.62,1260.62,agree,both readings,295-296
2020,fte,Total,2014,adopted,fte,1286.01,1286.01,1286.01,agree,both readings,295-296
2020,fte,Total,2015,adopted,fte,1358.77,1358.77,1358.77,agree,both readings,295-296
2020,fte,Total,2016,adopted,fte,1419.15,1419.15,1419.15,agree,both readings,295-296
2020,fte,Total,2017,adopted,fte,1447.36,1447.36,1447.36,agree,both readings,295-296
2020,fte,Total,2018,adopted,fte,1451.09,1451.09,1451.09,agree,both readings,295-296
2020,fte,Total,2019,adopted,fte,1432.58,1432.58,1432.58,agree,both readings,295-296
2020,fte,Total,2020,adopted,fte,1442.17,1442.17,1442.17,agree,both readings,295-296
2020,gf,Sales and use taxes,2020,adopted,thousands,66076,66076,66076,agree,both readings,49-50
2020,gf,Sales and use taxes,2020,final,thousands,66076,66076,66076,agree,both readings,49-50
2020,gf,Sales and use taxes,2020,actual,thousands,65098,65098,65098,agree,both readings,49-50
2020,gf,Sales and use taxes,2020,variance,thousands,-978,-978,-978,agree,both readings,49-50
2020,gf,General property taxes,2020,adopted,thousands,42629,42629,42629,agree,both readings,49-50
2020,gf,General property taxes,2020,final,thousands,42629,42629,42629,agree,both readings,49-50
2020,gf,General property taxes,2020,actual,thousands,42573,42573,42573,agree,both readings,49-50
2020,gf,General property taxes,2020,variance,thousands,-56,-56,-56,agree,both readings,49-50
2020,gf,Accommodations taxes,2020,adopted,thousands,10659,10659,10659,agree,both readings,49-50
2020,gf,Accommodations taxes,2020,final,thousands,10659,10659,10659,agree,both readings,49-50
2020,gf,Accommodations taxes,2020,actual,thousands,4007,4007,4007,agree,both readings,49-50
2020,gf,Accommodations taxes,2020,variance,thousands,-6652,-6652,-6652,agree,both readings,49-50
2020,gf,Occupation taxes,2020,adopted,thousands,9947,9947,9947,agree,both readings,49-50
2020,gf,Occupation taxes,2020,final,thousands,9947,9947,9947,agree,both readings,49-50
2020,gf,Occupation taxes,2020,actual,thousands,9833,9833,9833,agree,both readings,49-50
2020,gf,Occupation taxes,2020,variance,thousands,-114,-114,-114,agree,both readings,49-50
2020,gf,Specific ownership & tobacco taxes,2020,adopted,thousands,2409,2409,2409,agree,both readings,49-50
2020,gf,Specific ownership & tobacco taxes,2020,final,thousands,2409,2409,2409,agree,both readings,49-50
2020,gf,Specific ownership & tobacco taxes,2020,actual,thousands,2603,2603,2603,agree,both readings,49-50
2020,gf,Specific ownership & tobacco taxes,2020,variance,thousands,194,194,194,agree,both readings,49-50
2020,gf,Excise taxes,2020,adopted,thousands,950,950,950,agree,both readings,49-50
2020,gf,Excise taxes,2020,final,thousands,950,950,950,agree,both readings,49-50
2020,gf,Excise taxes,2020,actual,thousands,1024,1024,1024,agree,both readings,49-50
2020,gf,Excise taxes,2020,variance,thousands,74,74,74,agree,both readings,49-50
2020,gf,Charges for services,2020,adopted,thousands,6001,6001,6001,agree,both readings,49-50
2020,gf,Charges for services,2020,final,thousands,6010,6010,6010,agree,both readings,49-50
2020,gf,Charges for services,2020,actual,thousands,3879,3879,3879,agree,both readings,49-50
2020,gf,Charges for services,2020,variance,thousands,-2131,-2131,-2131,agree,both readings,49-50
2020,gf,Sale of goods,2020,adopted,thousands,75,75,75,agree,both readings,49-50
2020,gf,Sale of goods,2020,final,thousands,75,75,75,agree,both readings,49-50
2020,gf,Sale of goods,2020,actual,thousands,153,153,153,agree,both readings,49-50
2020,gf,Sale of goods,2020,variance,thousands,78,78,78,agree,both readings,49-50
2020,gf,"Licenses, permits and fines",2020,adopted,thousands,6680,6680,6680,agree,both readings,49-50
2020,gf,"Licenses, permits and fines",2020,final,thousands,6780,6780,6780,agree,both readings,49-50
2020,gf,"Licenses, permits and fines",2020,actual,thousands,4748,4748,4748,agree,both readings,49-50
2020,gf,"Licenses, permits and fines",2020,variance,thousands,-2032,-2032,-2032,agree,both readings,49-50
2020,gf,Intergovernmental,2020,adopted,thousands,1629,1629,1629,agree,both readings,49-50
2020,gf,Intergovernmental,2020,final,thousands,7233,7233,7233,agree,both readings,49-50
2020,gf,Intergovernmental,2020,actual,thousands,2545,2545,2545,agree,both readings,49-50
2020,gf,Intergovernmental,2020,variance,thousands,-4688,-4688,-4688,agree,both readings,49-50
2020,gf,"Leases, rents and royalties",2020,adopted,thousands,295,295,295,agree,both readings,49-50
2020,gf,"Leases, rents and royalties",2020,final,thousands,295,295,295,agree,both readings,49-50
2020,gf,"Leases, rents and royalties",2020,actual,thousands,157,157,157,agree,both readings,49-50
2020,gf,"Leases, rents and royalties",2020,variance,thousands,-138,-138,-138,agree,both readings,49-50
2020,gf,Interest and investment earnings,2020,adopted,thousands,750,750,750,agree,both readings,49-50
2020,gf,Interest and investment earnings,2020,final,thousands,750,750,750,agree,both readings,49-50
2020,gf,Interest and investment earnings,2020,actual,thousands,951,951,951,agree,both readings,49-50
2020,gf,Interest and investment earnings,2020,variance,thousands,201,201,201,agree,both readings,49-50
2020,gf,Other,2020,adopted,thousands,1020,1020,1020,agree,both readings,49-50
2020,gf,Other,2020,final,thousands,2140,2140,2140,agree,both readings,49-50
2020,gf,Other,2020,actual,thousands,2330,2330,2330,agree,both readings,49-50
2020,gf,Other,2020,variance,thousands,190,190,190,agree,both readings,49-50
2020,gf,Total revenues,2020,adopted,thousands,149120,149120,149120,agree,both readings,49-50
2020,gf,Total revenues,2020,final,thousands,155953,155953,155953,agree,both readings,49-50
2020,gf,Total revenues,2020,actual,thousands,139901,139901,139901,agree,both readings,49-50
2020,gf,Total revenues,2020,variance,thousands,-16052,-16052,-16052,agree,both readings,49-50
2020,gf,General Government,2020,adopted,thousands,17121,17121,17121,agree,both readings,49-50
2020,gf,General Government,2020,final,thousands,24081,24081,24081,agree,both readings,49-50
2020,gf,General Government,2020,actual,thousands,17649,17649,17649,agree,both readings,49-50
2020,gf,General Government,2020,variance,thousands,6432,6432,6432,agree,both readings,49-50
2020,gf,Administrative Services,2020,adopted,thousands,22081,22081,22081,agree,both readings,49-50
2020,gf,Administrative Services,2020,final,thousands,41819,41819,41819,agree,both readings,49-50
2020,gf,Administrative Services,2020,actual,thousands,29061,29061,29061,agree,both readings,49-50
2020,gf,Administrative Services,2020,variance,thousands,12758,12758,12758,agree,both readings,49-50
2020,gf,Public Safety,2020,adopted,thousands,60628,60628,60628,agree,both readings,49-50
2020,gf,Public Safety,2020,final,thousands,66039,66039,66039,agree,both readings,49-50
2020,gf,Public Safety,2020,actual,thousands,61541,61541,61541,agree,both readings,49-50
2020,gf,Public Safety,2020,variance,thousands,4498,4498,4498,agree,both readings,49-50
2020,gf,Public Works,2020,adopted,thousands,12378,12378,12378,agree,both readings,49-50
2020,gf,Public Works,2020,final,thousands,22766,22766,22766,agree,both readings,49-50
2020,gf,Public Works,2020,actual,thousands,14406,14406,14406,agree,both readings,49-50
2020,gf,Public Works,2020,variance,thousands,8360,8360,8360,agree,both readings,49-50
2020,gf,Planning & Development Services,2020,adopted,thousands,2837,2837,2837,agree,both readings,49-50
2020,gf,Planning & Development Services,2020,final,thousands,3894,3894,3894,agree,both readings,49-50
2020,gf,Planning & Development Services,2020,actual,thousands,3228,3228,3228,agree,both readings,49-50
2020,gf,Planning & Development Services,2020,variance,thousands,666,666,666,agree,both readings,49-50
2020,gf,Culture and Recreation,2020,adopted,thousands,14431,14431,14431,agree,both readings,49-50
2020,gf,Culture and Recreation,2020,final,thousands,16565,16565,16565,agree,both readings,49-50
2020,gf,Culture and Recreation,2020,actual,thousands,13131,13131,13131,agree,both readings,49-50
2020,gf,Culture and Recreation,2020,variance,thousands,3434,3434,3434,agree,both readings,49-50
2020,gf,Open Space and Mountain Parks,2020,adopted,thousands,185,185,185,agree,both readings,49-50
2020,gf,Open Space and Mountain Parks,2020,final,thousands,185,185,185,agree,both readings,49-50
2020,gf,Open Space and Mountain Parks,2020,actual,thousands,242,242,242,agree,both readings,49-50
2020,gf,Open Space and Mountain Parks,2020,variance,thousands,-57,-57,-57,agree,both readings,49-50
2020,gf,Housing and Human Services,2020,adopted,thousands,12909,12909,12909,agree,both readings,49-50
2020,gf,Housing and Human Services,2020,final,thousands,16876,16876,16876,agree,both readings,49-50
2020,gf,Housing and Human Services,2020,actual,thousands,12591,12591,12591,agree,both readings,49-50
2020,gf,Housing and Human Services,2020,variance,thousands,4285,4285,4285,agree,both readings,49-50
2020,gf,Principal,2020,adopted,thousands,2795,2795,2795,agree,both readings,49-50
2020,gf,Principal,2020,final,thousands,2795,2795,2795,agree,both readings,49-50
2020,gf,Principal,2020,actual,thousands,3657,3657,3657,agree,both readings,49-50
2020,gf,Principal,2020,variance,thousands,-862,-862,-862,agree,both readings,49-50
2020,gf,Interest,2020,adopted,thousands,1647,1647,1647,agree,both readings,49-50
2020,gf,Interest,2020,final,thousands,1647,1647,1647,agree,both readings,49-50
2020,gf,Interest,2020,actual,thousands,1710,1710,1710,agree,both readings,49-50
2020,gf,Interest,2020,variance,thousands,-63,-63,-63,agree,both readings,49-50
2020,gf,Total expenditures,2020,adopted,thousands,147012,147012,147012,agree,both readings,49-50
2020,gf,Total expenditures,2020,final,thousands,196667,196667,196667,agree,both readings,49-50
2020,gf,Total expenditures,2020,actual,thousands,157216,157216,157216,agree,both readings,49-50
2020,gf,Total expenditures,2020,variance,thousands,39451,39451,39451,agree,both readings,49-50
2020,gf,Excess (deficiency) of revenues over (under) expenditures,2020,adopted,thousands,2108,2108,,ocr only,own arithmetic,49-50
2020,gf,Excess (deficiency) of revenues over (under) expenditures,2020,final,thousands,-40714,-40714,,ocr only,own arithmetic,49-50
2020,gf,Excess (deficiency) of revenues over (under) expenditures,2020,actual,thousands,-17315,-17315,,ocr only,own arithmetic,49-50
2020,gf,Excess (deficiency) of revenues over (under) expenditures,2020,variance,thousands,23399,23399,,ocr only,own arithmetic,49-50
2020,gf,Transfers in,2020,adopted,thousands,11170,11170,11170,agree,both readings,49-50
2020,gf,Transfers in,2020,final,thousands,11767,11767,11767,agree,both readings,49-50
2020,gf,Transfers in,2020,actual,thousands,11170,11170,11170,agree,both readings,49-50
2020,gf,Transfers in,2020,variance,thousands,-597,-597,-597,agree,both readings,49-50
2020,gf,Transfers out,2020,adopted,thousands,-17819,-17819,-17819,agree,both readings,49-50
2020,gf,Transfers out,2020,final,thousands,-20103,-20103,-20103,agree,both readings,49-50
2020,gf,Transfers out,2020,actual,thousands,-17819,-17819,-17819,agree,both readings,49-50
2020,gf,Transfers out,2020,variance,thousands,2284,2284,2284,agree,both readings,49-50
2020,gf,Total other financing sources (uses),2020,adopted,thousands,-6649,-6649,-6649,agree,both readings,49-50
2020,gf,Total other financing sources (uses),2020,final,thousands,-8336,-8336,-8336,agree,both readings,49-50
2020,gf,Total other financing sources (uses),2020,actual,thousands,-6649,-6649,-6649,agree,both readings,49-50
2020,gf,Total other financing sources (uses),2020,variance,thousands,1687,1687,1687,agree,both readings,49-50
2020,gf,Net change in fund balance,2020,adopted,thousands,-4541,-4541,-4541,agree,both readings,49-50
2020,gf,Net change in fund balance,2020,final,thousands,-49050,-49050,-49050,agree,both readings,49-50
2020,gf,Net change in fund balance,2020,actual,thousands,-23964,-23964,-23964,agree,both readings,49-50
2020,gf,Net change in fund balance,2020,variance,thousands,25086,25086,25086,agree,both readings,49-50
2020,legal,Assessed value,2020,actual,thousands,4038453,4038453,4038453,agree,both readings,289-290
2020,legal,Debt limit - 3% of assessed value,2020,actual,thousands,121154,121154,121154,agree,both readings,289-290
2021,fundbal,Sales and use taxes,2012,actual,thousands,97397,97397,,ocr only,another report,281-282
2021,fundbal,Sales and use taxes,2013,actual,thousands,104136,104136,,ocr only,another report,281-282
2021,fundbal,Sales and use taxes,2014,actual,thousands,116316,116316,,ocr only,another report,281-282
2021,fundbal,Sales and use taxes,2015,actual,thousands,131323,131323,,ocr only,another report,281-282
2021,fundbal,General property taxes,2012,actual,thousands,29474,29474,,ocr only,another report,281-282
2021,fundbal,General property taxes,2013,actual,thousands,29434,29434,,ocr only,another report,281-282
2021,fundbal,General property taxes,2014,actual,thousands,30353,30353,,ocr only,another report,281-282
2021,fundbal,General property taxes,2015,actual,thousands,30846,30846,,ocr only,another report,281-282
2021,taxsales,Apparel Stores,2012,actual,thousands,110467,110467,,ocr only,another report,283-284
2021,taxsales,Apparel Stores,2013,actual,thousands,111042,111042,,ocr only,another report,283-284
2021,taxsales,Apparel Stores,2014,actual,thousands,118703,118703,,ocr only,another report,283-284
2021,taxsales,Apparel Stores,2015,actual,thousands,122977,122977,,ocr only,another report,283-284
2021,taxsales,Apparel Stores,2016,actual,thousands,123958,123958,,ocr only,another report,283-284
2021,taxsales,Apparel Stores,2017,actual,thousands,116513,116513,,ocr only,another report,283-284
2021,taxsales,Apparel Stores,2018,actual,thousands,118308,118308,,ocr only,another report,283-284
2021,taxsales,Apparel Stores,2019,actual,thousands,105696,105696,,ocr only,another report,283-284
2021,taxsales,Apparel Stores,2020,actual,thousands,90814,90814,,ocr only,another report,283-284
2021,taxsales,Apparel Stores,2021,actual,thousands,127311,127311,,ocr only,another report,283-284
2021,taxsales,Automotive Trade,2012,actual,thousands,187675,187675,,ocr only,another report,283-284
2021,taxsales,Automotive Trade,2013,actual,thousands,205342,205342,,ocr only,another report,283-284
2021,taxsales,Automotive Trade,2014,actual,thousands,223429,223429,,ocr only,another report,283-284
2021,taxsales,Automotive Trade,2015,actual,thousands,235029,235029,,ocr only,another report,283-284
2021,taxsales,Automotive Trade,2016,actual,thousands,239489,239489,,ocr only,another report,283-284
2021,taxsales,Automotive Trade,2017,actual,thousands,251106,251106,,ocr only,another report,283-284
2021,taxsales,Automotive Trade,2018,actual,thousands,258584,258584,,ocr only,another report,283-284
2021,taxsales,Automotive Trade,2019,actual,thousands,262565,262565,,ocr only,another report,283-284
2021,taxsales,Automotive Trade,2020,actual,thousands,268208,268208,,ocr only,another report,283-284
2021,taxsales,Automotive Trade,2021,actual,thousands,332835,332835,,ocr only,another report,283-284
2021,taxsales,Building Material-Retail,2012,actual,thousands,94886,94886,,ocr only,another report,283-284
2021,taxsales,Building Material-Retail,2013,actual,thousands,108685,108685,,ocr only,another report,283-284
2021,taxsales,Building Material-Retail,2014,actual,thousands,111381,111381,,ocr only,another report,283-284
2021,taxsales,Building Material-Retail,2015,actual,thousands,114560,114560,,ocr only,another report,283-284
2021,taxsales,Building Material-Retail,2016,actual,thousands,121991,121991,,ocr only,another report,283-284
2021,taxsales,Building Material-Retail,2017,actual,thousands,121201,121201,,ocr only,another report,283-284
2021,taxsales,Building Material-Retail,2018,actual,thousands,121719,121719,,ocr only,another report,283-284
2021,taxsales,Building Material-Retail,2019,actual,thousands,125063,125063,,ocr only,another report,283-284
2021,taxsales,Building Material-Retail,2020,actual,thousands,132942,132942,,ocr only,another report,283-284
2021,taxsales,Building Material-Retail,2021,actual,thousands,146375,146375,,ocr only,another report,283-284
2021,taxsales,Computer Related Business Sector,2012,actual,thousands,188876,188876,,ocr only,another report,283-284
2021,taxsales,Computer Related Business Sector,2013,actual,thousands,208352,208352,,ocr only,another report,283-284
2021,taxsales,Computer Related Business Sector,2014,actual,thousands,200512,200512,,ocr only,another report,283-284
2021,taxsales,Computer Related Business Sector,2015,actual,thousands,205890,205890,,ocr only,another report,283-284
2021,taxsales,Computer Related Business Sector,2016,actual,thousands,195938,195938,,ocr only,another report,283-284
2021,taxsales,Computer Related Business Sector,2017,actual,thousands,188351,188351,,ocr only,another report,283-284
2021,taxsales,Computer Related Business Sector,2018,actual,thousands,198501,198501,,ocr only,another report,283-284
2021,taxsales,Computer Related Business Sector,2019,actual,thousands,192020,192020,,ocr only,another report,283-284
2021,taxsales,Computer Related Business Sector,2020,actual,thousands,254960,254960,,ocr only,another report,283-284
2021,taxsales,Computer Related Business Sector,2021,actual,thousands,284801,284801,,ocr only,another report,283-284
2021,taxsales,Construction Sales Tax,2012,actual,thousands,12006,12006,,ocr only,another report,283-284
2021,taxsales,Construction Sales Tax,2013,actual,thousands,12642,12642,,ocr only,another report,283-284
2021,taxsales,Construction Sales Tax,2014,actual,thousands,11576,11576,,ocr only,another report,283-284
2021,taxsales,Construction Sales Tax,2015,actual,thousands,-,-,,ocr only,another report,283-284
2021,taxsales,Construction Sales Tax,2016,actual,thousands,-,-,,ocr only,another report,283-284
2021,taxsales,Construction Sales Tax,2017,actual,thousands,-,-,,ocr only,another report,283-284
2021,taxsales,Construction Sales Tax,2018,actual,thousands,-,-,,ocr only,another report,283-284
2021,taxsales,Construction Sales Tax,2019,actual,thousands,-,-,,ocr only,another report,283-284
2021,taxsales,Construction Sales Tax,2020,actual,thousands,-,-,,ocr only,another report,283-284
2021,taxsales,Construction Sales Tax,2021,actual,thousands,-,-,,ocr only,another report,283-284
2021,taxsales,Construction Use Tax,2012,actual,thousands,171106,171106,,ocr only,another report,283-284
2021,taxsales,Construction Use Tax,2013,actual,thousands,266139,266139,,ocr only,another report,283-284
2021,taxsales,Construction Use Tax,2014,actual,thousands,251594,251594,,ocr only,another report,283-284
2021,taxsales,Construction Use Tax,2015,actual,thousands,-,-,,ocr only,another report,283-284
2021,taxsales,Construction Use Tax,2016,actual,thousands,-,-,,ocr only,another report,283-284
2021,taxsales,Construction Use Tax,2017,actual,thousands,-,-,,ocr only,another report,283-284
2021,taxsales,Construction Use Tax,2018,actual,thousands,-,-,,ocr only,another report,283-284
2021,taxsales,Construction Use Tax,2019,actual,thousands,-,-,,ocr only,another report,283-284
2021,taxsales,Construction Use Tax,2020,actual,thousands,-,-,,ocr only,another report,283-284
2021,taxsales,Construction Use Tax,2021,actual,thousands,-,-,,ocr only,another report,283-284
2021,taxsales,Constructions Firms Sales/Use Tax,2012,actual,thousands,-,-,,ocr only,another report,283-284
2021,taxsales,Constructions Firms Sales/Use Tax,2013,actual,thousands,-,-,,ocr only,another report,283-284
2021,taxsales,Constructions Firms Sales/Use Tax,2014,actual,thousands,-,-,,ocr only,another report,283-284
2021,taxsales,Constructions Firms Sales/Use Tax,2015,actual,thousands,276746,276746,,ocr only,another report,283-284
2021,taxsales,Constructions Firms Sales/Use Tax,2016,actual,thousands,304301,304301,,ocr only,another report,283-284
2021,taxsales,Constructions Firms Sales/Use Tax,2017,actual,thousands,279081,279081,,ocr only,another report,283-284
2021,taxsales,Constructions Firms Sales/Use Tax,2018,actual,thousands,352701,352701,,ocr only,another report,283-284
2021,taxsales,Constructions Firms Sales/Use Tax,2019,actual,thousands,308127,308127,,ocr only,another report,283-284
2021,taxsales,Constructions Firms Sales/Use Tax,2020,actual,thousands,342503,342503,,ocr only,another report,283-284
2021,taxsales,Constructions Firms Sales/Use Tax,2021,actual,thousands,276028,276028,,ocr only,another report,283-284
2021,taxsales,Consumer Electronics,2012,actual,thousands,62924,62924,,ocr only,another report,283-284
2021,taxsales,Consumer Electronics,2013,actual,thousands,58300,58300,,ocr only,another report,283-284
2021,taxsales,Consumer Electronics,2014,actual,thousands,67677,67677,,ocr only,another report,283-284
2021,taxsales,Consumer Electronics,2015,actual,thousands,66687,66687,,ocr only,another report,283-284
2021,taxsales,Consumer Electronics,2016,actual,thousands,71024,71024,,ocr only,another report,283-284
2021,taxsales,Consumer Electronics,2017,actual,thousands,59211,59211,,ocr only,another report,283-284
2021,taxsales,Consumer Electronics,2018,actual,thousands,73263,73263,,ocr only,another report,283-284
2021,taxsales,Consumer Electronics,2019,actual,thousands,75110,75110,,ocr only,another report,283-284
2021,taxsales,Consumer Electronics,2020,actual,thousands,99860,99860,,ocr only,another report,283-284
2021,taxsales,Consumer Electronics,2021,actual,thousands,131596,131596,,ocr only,another report,283-284
2021,taxsales,Eating Places,2012,actual,thousands,384485,384485,,ocr only,another report,283-284
2021,taxsales,Eating Places,2013,actual,thousands,387596,387596,,ocr only,another report,283-284
2021,taxsales,Eating Places,2014,actual,thousands,410251,410251,,ocr only,another report,283-284
2021,taxsales,Eating Places,2015,actual,thousands,437428,437428,,ocr only,another report,283-284
2021,taxsales,Eating Places,2016,actual,thousands,451436,451436,,ocr only,another report,283-284
2021,taxsales,Eating Places,2017,actual,thousands,461091,461091,,ocr only,another report,283-284
2021,taxsales,Eating Places,2018,actual,thousands,477032,477032,,ocr only,another report,283-284
2021,taxsales,Eating Places,2019,actual,thousands,484459,484459,,ocr only,another report,283-284
2021,taxsales,Eating Places,2020,actual,thousands,308278,308278,,ocr only,another report,283-284
2021,taxsales,Eating Places,2021,actual,thousands,420555,420555,,ocr only,another report,283-284
2021,taxsales,Food Stores,2012,actual,thousands,388154,388154,,ocr only,another report,283-284
2021,taxsales,Food Stores,2013,actual,thousands,395837,395837,,ocr only,another report,283-284
2021,taxsales,Food Stores,2014,actual,thousands,416890,416890,,ocr only,another report,283-284
2021,taxsales,Food Stores,2015,actual,thousands,440661,440661,,ocr only,another report,283-284
2021,taxsales,Food Stores,2016,actual,thousands,452030,452030,,ocr only,another report,283-284
2021,taxsales,Food Stores,2017,actual,thousands,448173,448173,,ocr only,another report,283-284
2021,taxsales,Food Stores,2018,actual,thousands,438804,438804,,ocr only,another report,283-284
2021,taxsales,Food Stores,2019,actual,thousands,442771,442771,,ocr only,another report,283-284
2021,taxsales,Food Stores,2020,actual,thousands,547934,547934,,ocr only,another report,283-284
2021,taxsales,Food Stores,2021,actual,thousands,512509,512509,,ocr only,another report,283-284
2021,taxsales,General Retail,2012,actual,thousands,606359,606359,,ocr only,another report,283-284
2021,taxsales,General Retail,2013,actual,thousands,611228,611228,,ocr only,another report,283-284
2021,taxsales,General Retail,2014,actual,thousands,628223,628223,,ocr only,another report,283-284
2021,taxsales,General Retail,2015,actual,thousands,658659,658659,,ocr only,another report,283-284
2021,taxsales,General Retail,2016,actual,thousands,737753,737753,,ocr only,another report,283-284
2021,taxsales,General Retail,2017,actual,thousands,675023,675023,,ocr only,another report,283-284
2021,taxsales,General Retail,2018,actual,thousands,709676,709676,,ocr only,another report,283-284
2021,taxsales,General Retail,2019,actual,thousands,702917,702917,,ocr only,another report,283-284
2021,taxsales,General Retail,2020,actual,thousands,688108,688108,,ocr only,another report,283-284
2021,taxsales,General Retail,2021,actual,thousands,888508,888508,,ocr only,another report,283-284
2021,taxsales,Home Furnishings,2012,actual,thousands,81243,81243,,ocr only,another report,283-284
2021,taxsales,Home Furnishings,2013,actual,thousands,79745,79745,,ocr only,another report,283-284
2021,taxsales,Home Furnishings,2014,actual,thousands,87804,87804,,ocr only,another report,283-284
2021,taxsales,Home Furnishings,2015,actual,thousands,89689,89689,,ocr only,another report,283-284
2021,taxsales,Home Furnishings,2016,actual,thousands,92314,92314,,ocr only,another report,283-284
2021,taxsales,Home Furnishings,2017,actual,thousands,92483,92483,,ocr only,another report,283-284
2021,taxsales,Home Furnishings,2018,actual,thousands,93697,93697,,ocr only,another report,283-284
2021,taxsales,Home Furnishings,2019,actual,thousands,84191,84191,,ocr only,another report,283-284
2021,taxsales,Home Furnishings,2020,actual,thousands,63575,63575,,ocr only,another report,283-284
2021,taxsales,Home Furnishings,2021,actual,thousands,70312,70312,,ocr only,another report,283-284
2021,taxsales,Transportation/Utilities,2012,actual,thousands,208713,208713,,ocr only,another report,283-284
2021,taxsales,Transportation/Utilities,2013,actual,thousands,226972,226972,,ocr only,another report,283-284
2021,taxsales,Transportation/Utilities,2014,actual,thousands,243605,243605,,ocr only,another report,283-284
2021,taxsales,Transportation/Utilities,2015,actual,thousands,229281,229281,,ocr only,another report,283-284
2021,taxsales,Transportation/Utilities,2016,actual,thousands,220926,220926,,ocr only,another report,283-284
2021,taxsales,Transportation/Utilities,2017,actual,thousands,216678,216678,,ocr only,another report,283-284
2021,taxsales,Transportation/Utilities,2018,actual,thousands,214292,214292,,ocr only,another report,283-284
2021,taxsales,Transportation/Utilities,2019,actual,thousands,214138,214138,,ocr only,another report,283-284
2021,taxsales,Transportation/Utilities,2020,actual,thousands,210622,210622,,ocr only,another report,283-284
2021,taxsales,Transportation/Utilities,2021,actual,thousands,229940,229940,,ocr only,another report,283-284
2021,taxsales,All Other,2012,actual,thousands,359324,359324,,ocr only,another report,283-284
2021,taxsales,All Other,2013,actual,thousands,381961,381961,,ocr only,another report,283-284
2021,taxsales,All Other,2014,actual,thousands,495657,495657,,ocr only,another report,283-284
2021,taxsales,All Other,2015,actual,thousands,524543,524543,,ocr only,another report,283-284
2021,taxsales,All Other,2016,actual,thousands,519125,519125,,ocr only,another report,283-284
2021,taxsales,All Other,2017,actual,thousands,612152,612152,,ocr only,another report,283-284
2021,taxsales,All Other,2018,actual,thousands,631091,631091,,ocr only,another report,283-284
2021,taxsales,All Other,2019,actual,thousands,734161,734161,,ocr only,another report,283-284
2021,taxsales,All Other,2020,actual,thousands,550228,550228,,ocr only,another report,283-284
2021,taxsales,All Other,2021,actual,thousands,586847,586847,,ocr only,another report,283-284
2021,taxsales,Refunds,2012,actual,thousands,-,-,,ocr only,another report,283-284
2021,taxsales,Refunds,2013,actual,thousands,-,-,,ocr only,another report,283-284
2021,taxsales,Refunds,2014,actual,thousands,-,-,,ocr only,another report,283-284
2021,taxsales,Refunds,2015,actual,thousands,-,-,,ocr only,another report,283-284
2021,taxsales,Refunds,2016,actual,thousands,-,-,,ocr only,another report,283-284
2021,taxsales,Refunds,2017,actual,thousands,-,-,,ocr only,another report,283-284
2021,taxsales,Refunds,2018,actual,thousands,-,-,,ocr only,another report,283-284
2021,taxsales,Refunds,2019,actual,thousands,-,-,,ocr only,another report,283-284
2021,taxsales,Refunds,2020,actual,thousands,-,-,,ocr only,another report,283-284
2021,taxsales,Refunds,2021,actual,thousands,-,-,,ocr only,another report,283-284
2021,taxsales,Total Sales and Use Tax,2012,actual,thousands,2856218,2856218,,ocr only,another report,283-284
2021,taxsales,Total Sales and Use Tax,2013,actual,thousands,3053841,3053841,,ocr only,another report,283-284
2021,taxsales,Total Sales and Use Tax,2014,actual,thousands,3267302,3267302,,ocr only,another report,283-284
2021,taxsales,Total Sales and Use Tax,2015,actual,thousands,3402150,3402150,,ocr only,another report,283-284
2021,taxsales,Total Sales and Use Tax,2016,actual,thousands,3530285,3530285,,ocr only,another report,283-284
2021,taxsales,Total Sales and Use Tax,2017,actual,thousands,3521063,3521063,,ocr only,another report,283-284
2021,taxsales,Total Sales and Use Tax,2018,actual,thousands,3687668,3687668,,ocr only,another report,283-284
2021,taxsales,Total Sales and Use Tax,2019,actual,thousands,3731218,3731218,,ocr only,another report,283-284
2021,taxsales,Total Sales and Use Tax,2020,actual,thousands,3558032,3558032,,ocr only,another report,283-284
2021,taxsales,Total Sales and Use Tax,2021,actual,thousands,4007617,4007617,,ocr only,another report,283-284
2021,taxsales,Direct city sales tax rate,2012,actual,pct,3.41,3.41,,ocr only,another report,283-284
2021,taxsales,Direct city sales tax rate,2013,actual,pct,3.41,3.41,,ocr only,another report,283-284
2021,taxsales,Direct city sales tax rate,2014,actual,pct,3.56,3.56,,ocr only,another report,283-284
2021,taxsales,Direct city sales tax rate,2015,actual,pct,3.86,3.86,,ocr only,another report,283-284
2021,taxsales,Direct city sales tax rate,2016,actual,pct,3.86,3.86,,ocr only,another report,283-284
2021,taxsales,Direct city sales tax rate,2017,actual,pct,3.86,3.86,,ocr only,another report,283-284
2021,taxsales,Direct city sales tax rate,2018,actual,pct,3.86,3.86,,ocr only,another report,283-284
2021,taxsales,Direct city sales tax rate,2019,actual,pct,3.86,3.86,,ocr only,another report,283-284
2021,taxsales,Direct city sales tax rate,2020,actual,pct,3.86,3.86,,ocr only,another report,283-284
2021,taxsales,Direct city sales tax rate,2021,actual,pct,3.86,3.86,,ocr only,another report,283-284
2021,taxsales,Food service sales tax,2012,actual,pct,0.15,0.15,,ocr only,another report,283-284
2021,taxsales,Food service sales tax,2013,actual,pct,0.15,0.15,,ocr only,another report,283-284
2021,taxsales,Food service sales tax,2014,actual,pct,0.15,0.15,,ocr only,another report,283-284
2021,taxsales,Food service sales tax,2015,actual,pct,0.15,0.15,,ocr only,another report,283-284
2021,taxsales,Food service sales tax,2016,actual,pct,0.15,0.15,,ocr only,another report,283-284
2021,taxsales,Food service sales tax,2017,actual,pct,0.15,0.15,,ocr only,another report,283-284
2021,taxsales,Food service sales tax,2018,actual,pct,0.15,0.15,,ocr only,another report,283-284
2021,taxsales,Food service sales tax,2019,actual,pct,0.15,0.15,,ocr only,another report,283-284
2021,taxsales,Food service sales tax,2020,actual,pct,0.15,0.15,,ocr only,another report,283-284
2021,taxsales,Food service sales tax,2021,actual,pct,0.15,0.15,,ocr only,another report,283-284
2021,taxsales,Total direct city sales tax,2012,actual,pct,3.56,3.56,,ocr only,another report,283-284
2021,taxsales,Total direct city sales tax,2013,actual,pct,3.56,3.56,,ocr only,another report,283-284
2021,taxsales,Total direct city sales tax,2014,actual,pct,3.71,3.71,,ocr only,another report,283-284
2021,taxsales,Total direct city sales tax,2015,actual,pct,4.01,4.01,,ocr only,another report,283-284
2021,taxsales,Total direct city sales tax,2016,actual,pct,4.01,4.01,,ocr only,another report,283-284
2021,taxsales,Total direct city sales tax,2017,actual,pct,4.01,4.01,,ocr only,another report,283-284
2021,taxsales,Total direct city sales tax,2018,actual,pct,4.01,4.01,,ocr only,another report,283-284
2021,taxsales,Total direct city sales tax,2019,actual,pct,4.01,4.01,,ocr only,another report,283-284
2021,taxsales,Total direct city sales tax,2020,actual,pct,4.01,4.01,,ocr only,another report,283-284
2021,taxsales,Total direct city sales tax,2021,actual,pct,4.01,4.01,,ocr only,another report,283-284
2021,fte,Municipal Court,2012,adopted,fte,16.25,16.25,,ocr only,another report,299-300
2021,fte,Municipal Court,2013,adopted,fte,18.16,18.16,,ocr only,another report,299-300
2021,fte,Municipal Court,2014,adopted,fte,18.13,18.13,,ocr only,another report,299-300
2021,fte,Municipal Court,2015,adopted,fte,21.13,21.13,,ocr only,another report,299-300
2021,fte,Municipal Court,2016,adopted,fte,21.13,21.13,,ocr only,another report,299-300
2021,fte,Municipal Court,2017,adopted,fte,20.35,20.35,,ocr only,another report,299-300
2021,fte,Municipal Court,2018,adopted,fte,19.35,19.35,,ocr only,another report,299-300
2021,fte,Municipal Court,2019,adopted,fte,18.35,18.35,,ocr only,another report,299-300
2021,fte,Municipal Court,2020,adopted,fte,18.35,18.35,,ocr only,another report,299-300
2021,fte,Municipal Court,2021,adopted,fte,16.1,16.1,,ocr only,another report,299-300
2021,fte,City Attorney,2012,adopted,fte,20.15,20.15,,ocr only,another report,299-300
2021,fte,City Attorney,2013,adopted,fte,20.2,20.2,,ocr only,another report,299-300
2021,fte,City Attorney,2014,adopted,fte,21.2,21.2,,ocr only,another report,299-300
2021,fte,City Attorney,2015,adopted,fte,19.2,19.2,,ocr only,another report,299-300
2021,fte,City Attorney,2016,adopted,fte,25.7,25.7,,ocr only,another report,299-300
2021,fte,City Attorney,2017,adopted,fte,27.65,27.65,,ocr only,another report,299-300
2021,fte,City Attorney,2018,adopted,fte,27.65,27.65,,ocr only,another report,299-300
2021,fte,City Attorney,2019,adopted,fte,28,28,,ocr only,another report,299-300
2021,fte,City Attorney,2020,adopted,fte,28,28,,ocr only,another report,299-300
2021,fte,City Attorney,2021,adopted,fte,26,26,,ocr only,another report,299-300
2021,fte,City Manager- Administration,2012,adopted,fte,12.68,12.68,,ocr only,another report,299-300
2021,fte,City Manager- Administration,2013,adopted,fte,12,12,,ocr only,another report,299-300
2021,fte,City Manager- Administration,2014,adopted,fte,12,12,,ocr only,another report,299-300
2021,fte,City Manager- Administration,2015,adopted,fte,19.5,19.5,,ocr only,another report,299-300
2021,fte,City Manager- Administration,2016,adopted,fte,17,17,,ocr only,another report,299-300
2021,fte,City Manager- Administration,2017,adopted,fte,19.88,19.88,,ocr only,another report,299-300
2021,fte,City Manager- Administration,2018,adopted,fte,22.88,22.88,,ocr only,another report,299-300
2021,fte,City Manager- Administration,2019,adopted,fte,18,18,,ocr only,another report,299-300
2021,fte,City Manager- Administration,2020,adopted,fte,14,14,,ocr only,another report,299-300
2021,fte,City Manager- Administration,2021,adopted,fte,14,14,,ocr only,another report,299-300
2021,fte,City Manager- Community Vitality,2012,adopted,fte,42.25,42.25,,ocr only,another report,299-300
2021,fte,City Manager- Community Vitality,2013,adopted,fte,42.25,42.25,,ocr only,another report,299-300
2021,fte,City Manager- Community Vitality,2014,adopted,fte,42.25,42.25,,ocr only,another report,299-300
2021,fte,City Manager- Community Vitality,2015,adopted,fte,44.5,44.5,,ocr only,another report,299-300
2021,fte,City Manager- Community Vitality,2016,adopted,fte,46.5,46.5,,ocr only,another report,299-300
2021,fte,City Manager- Community Vitality,2017,adopted,fte,49,49,,ocr only,another report,299-300
2021,fte,City Manager- Community Vitality,2018,adopted,fte,48.25,48.25,,ocr only,another report,299-300
2021,fte,City Manager- Community Vitality,2019,adopted,fte,47.24,47.24,,ocr only,another report,299-300
2021,fte,City Manager- Community Vitality,2020,adopted,fte,48.01,48.01,,ocr only,another report,299-300
2021,fte,City Manager- Community Vitality,2021,adopted,fte,41.88,41.88,,ocr only,another report,299-300
2021,fte,City Manager- Communications,2012,adopted,fte,6.5,6.5,,ocr only,another report,299-300
2021,fte,City Manager- Communications,2013,adopted,fte,6.5,6.5,,ocr only,another report,299-300
2021,fte,City Manager- Communications,2014,adopted,fte,6.5,6.5,,ocr only,another report,299-300
2021,fte,City Manager- Communications,2015,adopted,fte,6.5,6.5,,ocr only,another report,299-300
2021,fte,City Manager- Communications,2016,adopted,fte,12.75,12.75,,ocr only,another report,299-300
2021,fte,City Manager- Communications,2017,adopted,fte,13.5,13.5,,ocr only,another report,299-300
2021,fte,City Manager- Communications,2018,adopted,fte,14.75,14.75,,ocr only,another report,299-300
2021,fte,City Manager- Communications,2019,adopted,fte,15.25,15.25,,ocr only,another report,299-300
2021,fte,City Manager- Communications,2020,adopted,fte,14.25,14.25,,ocr only,another report,299-300
2021,fte,City Manager- Communications,2021,adopted,fte,16.25,16.25,,ocr only,another report,299-300
2021,fte,Human Resources,2012,adopted,fte,15.38,15.38,,ocr only,another report,299-300
2021,fte,Human Resources,2013,adopted,fte,15.63,15.63,,ocr only,another report,299-300
2021,fte,Human Resources,2014,adopted,fte,18.63,18.63,,ocr only,another report,299-300
2021,fte,Human Resources,2015,adopted,fte,24.63,24.63,,ocr only,another report,299-300
2021,fte,Human Resources,2016,adopted,fte,24.38,24.38,,ocr only,another report,299-300
2021,fte,Human Resources,2017,adopted,fte,23.38,23.38,,ocr only,another report,299-300
2021,fte,Human Resources,2018,adopted,fte,23.38,23.38,,ocr only,another report,299-300
2021,fte,Human Resources,2019,adopted,fte,23,23,,ocr only,another report,299-300
2021,fte,Human Resources,2020,adopted,fte,24,24,,ocr only,another report,299-300
2021,fte,Human Resources,2021,adopted,fte,22,22,,ocr only,another report,299-300
2021,fte,Finance,2012,adopted,fte,34,34,,ocr only,another report,299-300
2021,fte,Finance,2013,adopted,fte,34,34,,ocr only,another report,299-300
2021,fte,Finance,2014,adopted,fte,36,36,,ocr only,another report,299-300
2021,fte,Finance,2015,adopted,fte,38.67,38.67,,ocr only,another report,299-300
2021,fte,Finance,2016,adopted,fte,44.5,44.5,,ocr only,another report,299-300
2021,fte,Finance,2017,adopted,fte,46.62,46.62,,ocr only,another report,299-300
2021,fte,Finance,2018,adopted,fte,48.12,48.12,,ocr only,another report,299-300
2021,fte,Finance,2019,adopted,fte,44,44,,ocr only,another report,299-300
2021,fte,Finance,2020,adopted,fte,44,44,,ocr only,another report,299-300
2021,fte,Finance,2021,adopted,fte,44,44,,ocr only,another report,299-300
2021,fte,Information Technology,2012,adopted,fte,34.5,34.5,,ocr only,another report,299-300
2021,fte,Information Technology,2013,adopted,fte,34,34,,ocr only,another report,299-300
2021,fte,Information Technology,2014,adopted,fte,36.85,36.85,,ocr only,another report,299-300
2021,fte,Information Technology,2015,adopted,fte,37.18,37.18,,ocr only,another report,299-300
2021,fte,Information Technology,2016,adopted,fte,40.25,40.25,,ocr only,another report,299-300
2021,fte,Information Technology,2017,adopted,fte,40.75,40.75,,ocr only,another report,299-300
2021,fte,Information Technology,2018,adopted,fte,39.75,39.75,,ocr only,another report,299-300
2021,fte,Information Technology,2019,adopted,fte,41.75,41.75,,ocr only,another report,299-300
2021,fte,Information Technology,2020,adopted,fte,41,41,,ocr only,another report,299-300
2021,fte,Information Technology,2021,adopted,fte,39,39,,ocr only,another report,299-300
2021,fte,Police,2012,adopted,fte,279.5,279.5,,ocr only,another report,299-300
2021,fte,Police,2013,adopted,fte,279.5,279.5,,ocr only,another report,299-300
2021,fte,Police,2014,adopted,fte,282.5,282.5,,ocr only,another report,299-300
2021,fte,Police,2015,adopted,fte,288,288,,ocr only,another report,299-300
2021,fte,Police,2016,adopted,fte,290.89,290.89,,ocr only,another report,299-300
2021,fte,Police,2017,adopted,fte,291.89,291.89,,ocr only,another report,299-300
2021,fte,Police,2018,adopted,fte,291.75,291.75,,ocr only,another report,299-300
2021,fte,Police,2019,adopted,fte,288.25,288.25,,ocr only,another report,299-300
2021,fte,Police,2020,adopted,fte,289.25,289.25,,ocr only,another report,299-300
2021,fte,Police,2021,adopted,fte,280.6,280.6,,ocr only,another report,299-300
2021,fte,Fire,2012,adopted,fte,115.33,115.33,,ocr only,another report,299-300
2021,fte,Fire,2013,adopted,fte,118.33,118.33,,ocr only,another report,299-300
2021,fte,Fire,2014,adopted,fte,120.33,120.33,,ocr only,another report,299-300
2021,fte,Fire,2015,adopted,fte,121.33,121.33,,ocr only,another report,299-300
2021,fte,Fire,2016,adopted,fte,124.33,124.33,,ocr only,another report,299-300
2021,fte,Fire,2017,adopted,fte,124,124,,ocr only,another report,299-300
2021,fte,Fire,2018,adopted,fte,124,124,,ocr only,another report,299-300
2021,fte,Fire,2019,adopted,fte,123,123,,ocr only,another report,299-300
2021,fte,Fire,2020,adopted,fte,124,124,,ocr only,another report,299-300
2021,fte,Fire,2021,adopted,fte,118,118,,ocr only,another report,299-300
2021,fte,Planning & Development Services,2012,adopted,fte,82.97,82.97,,ocr only,another report,299-300
2021,fte,Planning & Development Services,2013,adopted,fte,88.74,88.74,,ocr only,another report,299-300
2021,fte,Planning & Development Services,2014,adopted,fte,93.87,93.87,,ocr only,another report,299-300
2021,fte,Planning & Development Services,2015,adopted,fte,105.92,105.92,,ocr only,another report,299-300
2021,fte,Planning & Development Services,2016,adopted,fte,112.72,112.72,,ocr only,another report,299-300
2021,fte,Planning & Development Services,2017,adopted,fte,-,-,,ocr only,another report,299-300
2021,fte,Planning & Development Services,2018,adopted,fte,-,-,,ocr only,another report,299-300
2021,fte,Planning & Development Services,2019,adopted,fte,-,-,,ocr only,another report,299-300
2021,fte,Planning & Development Services,2020,adopted,fte,-,-,,ocr only,another report,299-300
2021,fte,Planning & Development Services,2021,adopted,fte,-,-,,ocr only,,299-300
2021,fte,Community Planning and Sustainability,2012,adopted,fte,-,-,,ocr only,another report,299-300
2021,fte,Community Planning and Sustainability,2013,adopted,fte,-,-,,ocr only,another report,299-300
2021,fte,Community Planning and Sustainability,2014,adopted,fte,-,-,,ocr only,another report,299-300
2021,fte,Community Planning and Sustainability,2015,adopted,fte,-,-,,ocr only,another report,299-300
2021,fte,Community Planning and Sustainability,2016,adopted,fte,-,-,,ocr only,another report,299-300
2021,fte,Community Planning and Sustainability,2017,adopted,fte,55.34,55.34,,ocr only,another report,299-300
2021,fte,Community Planning and Sustainability,2018,adopted,fte,55.54,55.54,,ocr only,another report,299-300
2021,fte,Community Planning and Sustainability,2019,adopted,fte,54.54,54.54,,ocr only,another report,299-300
2021,fte,Community Planning and Sustainability,2020,adopted,fte,44.03,44.03,,ocr only,another report,299-300
2021,fte,Community Planning and Sustainability,2021,adopted,fte,32.3,32.3,,ocr only,another report,299-300
2021,fte,Energy Strategy & Electric Utility,2012,adopted,fte,-,-,,ocr only,another report,299-300
2021,fte,Energy Strategy & Electric Utility,2013,adopted,fte,-,-,,ocr only,another report,299-300
2021,fte,Energy Strategy & Electric Utility,2014,adopted,fte,-,-,,ocr only,another report,299-300
2021,fte,Energy Strategy & Electric Utility,2015,adopted,fte,-,-,,ocr only,another report,299-300
2021,fte,Energy Strategy & Electric Utility,2016,adopted,fte,-,-,,ocr only,another report,299-300
2021,fte,Energy Strategy & Electric Utility,2017,adopted,fte,9,9,,ocr only,another report,299-300
2021,fte,Energy Strategy & Electric Utility,2018,adopted,fte,*,*,,ocr only,another report,299-300
2021,fte,Energy Strategy & Electric Utility,2019,adopted,fte,6.5,6.5,,ocr only,another report,299-300
2021,fte,Energy Strategy & Electric Utility,2020,adopted,fte,21,21,,ocr only,another report,299-300
2021,fte,Energy Strategy & Electric Utility,2021,adopted,fte,16.5,16.5,,ocr only,another report,299-300
2021,fte,Administration,2012,adopted,fte,-,-,,ocr only,another report,299-300
2021,fte,Administration,2013,adopted,fte,2.74,2.74,,ocr only,another report,299-300
2021,fte,Administration,2014,adopted,fte,2.74,2.74,,ocr only,another report,299-300
2021,fte,Administration,2015,adopted,fte,3.74,3.74,,ocr only,another report,299-300
2021,fte,Administration,2016,adopted,fte,2.85,2.85,,ocr only,another report,299-300
2021,fte,Administration,2017,adopted,fte,1.5,1.5,,ocr only,another report,299-300
2021,fte,Administration,2018,adopted,fte,-,-,,ocr only,another report,299-300
2021,fte,Administration,2019,adopted,fte,-,-,,ocr only,another report,299-300
2021,fte,Administration,2020,adopted,fte,-,-,,ocr only,another report,299-300
2021,fte,Administration,2021,adopted,fte,-,-,,ocr only,another report,299-300
2021,fte,Fleet,2012,adopted,fte,14.82,14.82,,ocr only,another report,299-300
2021,fte,Fleet,2013,adopted,fte,14.77,14.77,,ocr only,another report,299-300
2021,fte,Fleet,2014,adopted,fte,14.77,14.77,,ocr only,another report,299-300
2021,fte,Fleet,2015,adopted,fte,14.77,14.77,,ocr only,another report,299-300
2021,fte,Fleet,2016,adopted,fte,15.12,15.12,,ocr only,another report,299-300
2021,fte,Fleet,2017,adopted,fte,14.62,14.62,,ocr only,another report,299-300
2021,fte,Fleet,2018,adopted,fte,13.2,13.2,,ocr only,another report,299-300
2021,fte,Fleet,2019,adopted,fte,13.43,13.43,,ocr only,another report,299-300
2021,fte,Fleet,2020,adopted,fte,12.8,12.8,,ocr only,another report,299-300
2021,fte,Fleet,2021,adopted,fte,12.4,12.4,,ocr only,another report,299-300
2021,fte,Transportation,2012,adopted,fte,59.52,59.52,,ocr only,another report,299-300
2021,fte,Transportation,2013,adopted,fte,59.78,59.78,,ocr only,another report,299-300
2021,fte,Transportation,2014,adopted,fte,60.09,60.09,,ocr only,another report,299-300
2021,fte,Transportation,2015,adopted,fte,70.34,70.34,,ocr only,another report,299-300
2021,fte,Transportation,2016,adopted,fte,71.34,71.34,,ocr only,another report,299-300
2021,fte,Transportation,2017,adopted,fte,72.09,72.09,,ocr only,another report,299-300
2021,fte,Transportation,2018,adopted,fte,73.87,73.87,,ocr only,another report,299-300
2021,fte,Transportation,2019,adopted,fte,75.91,75.91,,ocr only,another report,299-300
2021,fte,Transportation,2020,adopted,fte,70.41,70.41,,ocr only,another report,299-300
2021,fte,Transportation,2021,adopted,fte,70.52,70.52,,ocr only,another report,299-300
2021,fte,Utilities,2012,adopted,fte,154.84,154.84,,ocr only,another report,299-300
2021,fte,Utilities,2013,adopted,fte,153.59,153.59,,ocr only,another report,299-300
2021,fte,Utilities,2014,adopted,fte,154.17,154.17,,ocr only,another report,299-300
2021,fte,Utilities,2015,adopted,fte,166.92,166.92,,ocr only,another report,299-300
2021,fte,Utilities,2016,adopted,fte,168.02,168.02,,ocr only,another report,299-300
2021,fte,Utilities,2017,adopted,fte,168.87,168.87,,ocr only,another report,299-300
2021,fte,Utilities,2018,adopted,fte,169.48,169.48,,ocr only,another report,299-300
2021,fte,Utilities,2019,adopted,fte,168.9,168.9,,ocr only,another report,299-300
2021,fte,Utilities,2020,adopted,fte,160.54,160.54,,ocr only,another report,299-300
2021,fte,Utilities,2021,adopted,fte,166.07,166.07,,ocr only,another report,299-300
2021,fte,Facility / Asset Management,2012,adopted,fte,14.68,14.68,,ocr only,another report,299-300
2021,fte,Facility / Asset Management,2013,adopted,fte,14.73,14.73,,ocr only,another report,299-300
2021,fte,Facility / Asset Management,2014,adopted,fte,14.84,14.84,,ocr only,another report,299-300
2021,fte,Facility / Asset Management,2015,adopted,fte,14.84,14.84,,ocr only,another report,299-300
2021,fte,Facility / Asset Management,2016,adopted,fte,17.53,17.53,,ocr only,another report,299-300
2021,fte,Facility / Asset Management,2017,adopted,fte,18.79,18.79,,ocr only,another report,299-300
2021,fte,Facility / Asset Management,2018,adopted,fte,19.22,19.22,,ocr only,another report,299-300
2021,fte,Facility / Asset Management,2019,adopted,fte,19.99,19.99,,ocr only,another report,299-300
2021,fte,Facility / Asset Management,2020,adopted,fte,21.62,21.62,,ocr only,another report,299-300
2021,fte,Facility / Asset Management,2021,adopted,fte,21.04,21.04,,ocr only,another report,299-300
2021,fte,Parks and Recreation,2012,adopted,fte,126.37,126.37,,ocr only,another report,299-300
2021,fte,Parks and Recreation,2013,adopted,fte,128.37,128.37,,ocr only,another report,299-300
2021,fte,Parks and Recreation,2014,adopted,fte,127.37,127.37,,ocr only,another report,299-300
2021,fte,Parks and Recreation,2015,adopted,fte,130.35,130.35,,ocr only,another report,299-300
2021,fte,Parks and Recreation,2016,adopted,fte,136.35,136.35,,ocr only,another report,299-300
2021,fte,Parks and Recreation,2017,adopted,fte,139.12,139.12,,ocr only,another report,299-300
2021,fte,Parks and Recreation,2018,adopted,fte,146.27,146.27,,ocr only,another report,299-300
2021,fte,Parks and Recreation,2019,adopted,fte,141.5,141.5,,ocr only,another report,299-300
2021,fte,Parks and Recreation,2020,adopted,fte,145.25,145.25,,ocr only,another report,299-300
2021,fte,Parks and Recreation,2021,adopted,fte,123.52,123.52,,ocr only,another report,299-300
2021,fte,Library,2012,adopted,fte,75.13,75.13,,ocr only,another report,299-300
2021,fte,Library,2013,adopted,fte,74.14,74.14,,ocr only,another report,299-300
2021,fte,Library,2014,adopted,fte,76.26,76.26,,ocr only,another report,299-300
2021,fte,Library,2015,adopted,fte,76.26,76.26,,ocr only,another report,299-300
2021,fte,Library,2016,adopted,fte,77.5,77.5,,ocr only,another report,299-300
2021,fte,Library,2017,adopted,fte,74,74,,ocr only,another report,299-300
2021,fte,Library,2018,adopted,fte,74,74,,ocr only,another report,299-300
2021,fte,Library,2019,adopted,fte,74.25,74.25,,ocr only,another report,299-300
2021,fte,Library,2020,adopted,fte,76.75,76.75,,ocr only,another report,299-300
2021,fte,Library,2021,adopted,fte,61.73,61.73,,ocr only,another report,299-300
2021,fte,Arts,2012,adopted,fte,2,2,,ocr only,another report,299-300
2021,fte,Arts,2013,adopted,fte,3.25,3.25,,ocr only,another report,299-300
2021,fte,Arts,2014,adopted,fte,3.25,3.25,,ocr only,another report,299-300
2021,fte,Arts,2015,adopted,fte,2.25,2.25,,ocr only,another report,299-300
2021,fte,Arts,2016,adopted,fte,1,1,,ocr only,another report,299-300
2021,fte,Arts,2017,adopted,fte,3.5,3.5,,ocr only,another report,299-300
2021,fte,Arts,2018,adopted,fte,3.5,3.5,,ocr only,another report,299-300
2021,fte,Arts,2019,adopted,fte,3.5,3.5,,ocr only,another report,299-300
2021,fte,Arts,2020,adopted,fte,3.5,3.5,,ocr only,another report,299-300
2021,fte,Arts,2021,adopted,fte,3.5,3.5,,ocr only,another report,299-300
2021,fte,Open Space / Mountain Parks,2012,adopted,fte,89.6,89.6,,ocr only,another report,299-300
2021,fte,Open Space / Mountain Parks,2013,adopted,fte,91.6,91.6,,ocr only,another report,299-300
2021,fte,Open Space / Mountain Parks,2014,adopted,fte,95.35,95.35,,ocr only,another report,299-300
2021,fte,Open Space / Mountain Parks,2015,adopted,fte,102.35,102.35,,ocr only,another report,299-300
2021,fte,Open Space / Mountain Parks,2016,adopted,fte,117.15,117.15,,ocr only,another report,299-300
2021,fte,Open Space / Mountain Parks,2017,adopted,fte,128.4,128.4,,ocr only,another report,299-300
2021,fte,Open Space / Mountain Parks,2018,adopted,fte,126.18,126.18,,ocr only,another report,299-300
2021,fte,Open Space / Mountain Parks,2019,adopted,fte,121.6,121.6,,ocr only,another report,299-300
2021,fte,Open Space / Mountain Parks,2020,adopted,fte,125.35,125.35,,ocr only,another report,299-300
2021,fte,Open Space / Mountain Parks,2021,adopted,fte,125.65,125.65,,ocr only,another report,299-300
2021,fte,Housing and Human Services,2012,adopted,fte,46.73,46.73,,ocr only,another report,299-300
2021,fte,Housing and Human Services,2013,adopted,fte,48.34,48.34,,ocr only,another report,299-300
2021,fte,Housing and Human Services,2014,adopted,fte,48.91,48.91,,ocr only,another report,299-300
2021,fte,Housing and Human Services,2015,adopted,fte,50.39,50.39,,ocr only,another report,299-300
2021,fte,Housing and Human Services,2016,adopted,fte,52.14,52.14,,ocr only,another report,299-300
2021,fte,Housing and Human Services,2017,adopted,fte,-,-,,ocr only,another report,299-300
2021,fte,Housing and Human Services,2018,adopted,fte,-,-,,ocr only,another report,299-300
2021,fte,Housing and Human Services,2019,adopted,fte,-,-,,ocr only,another report,299-300
2021,fte,Housing and Human Services,2020,adopted,fte,-,-,,ocr only,another report,299-300
2021,fte,Housing and Human Services,2021,adopted,fte,-,-,,ocr only,another report,299-300
2021,fte,Housing,2012,adopted,fte,-,-,,ocr only,another report,299-300
2021,fte,Housing,2013,adopted,fte,-,-,,ocr only,another report,299-300
2021,fte,Housing,2014,adopted,fte,-,-,,ocr only,another report,299-300
2021,fte,Housing,2015,adopted,fte,-,-,,ocr only,another report,299-300
2021,fte,Housing,2016,adopted,fte,-,-,,ocr only,another report,299-300
2021,fte,Housing,2017,adopted,fte,15.95,15.95,,ocr only,another report,299-300
2021,fte,Housing,2018,adopted,fte,16.35,16.35,,ocr only,another report,299-300
2021,fte,Housing,2019,adopted,fte,15.35,15.35,,ocr only,another report,299-300
2021,fte,Housing,2020,adopted,fte,15.35,15.35,,ocr only,another report,299-300
2021,fte,Housing,2021,adopted,fte,9.59,9.59,,ocr only,another report,299-300
2021,fte,Human Services,2012,adopted,fte,-,-,,ocr only,another report,299-300
2021,fte,Human Services,2013,adopted,fte,-,-,,ocr only,another report,299-300
2021,fte,Human Services,2014,adopted,fte,-,-,,ocr only,another report,299-300
2021,fte,Human Services,2015,adopted,fte,-,-,,ocr only,another report,299-300
2021,fte,Human Services,2016,adopted,fte,-,-,,ocr only,another report,299-300
2021,fte,Human Services,2017,adopted,fte,35.05,35.05,,ocr only,another report,299-300
2021,fte,Human Services,2018,adopted,fte,36.22,36.22,,ocr only,another report,299-300
2021,fte,Human Services,2019,adopted,fte,33.22,33.22,,ocr only,another report,299-300
2021,fte,Human Services,2020,adopted,fte,33.22,33.22,,ocr only,another report,299-300
2021,fte,Human Services,2021,adopted,fte,30.81,30.81,,ocr only,another report,299-300
2021,fte,Total,2012,adopted,fte,1243.2,1243.2,,ocr only,another report,299-300
2021,fte,Total,2013,adopted,fte,1260.62,1260.62,,ocr only,another report,299-300
2021,fte,Total,2014,adopted,fte,1286.01,1286.01,,ocr only,another report,299-300
2021,fte,Total,2015,adopted,fte,1358.77,1358.77,,ocr only,another report,299-300
2021,fte,Total,2016,adopted,fte,1419.15,1419.15,,ocr only,another report,299-300
2021,fte,Total,2017,adopted,fte,1447.36,1447.36,,ocr only,another report,299-300
2021,fte,Total,2018,adopted,fte,1451.09,1451.09,,ocr only,another report,299-300
2021,fte,Total,2019,adopted,fte,1432.58,1432.58,,ocr only,another report,299-300
2021,fte,Total,2020,adopted,fte,1442.17,1442.17,,ocr only,another report,299-300
2021,fte,Total,2021,adopted,fte,1347.3,1347.3,,ocr only,another report,299-300
2021,gf,Sales and use taxes,2021,adopted,thousands,60033,60033,,ocr only,own arithmetic,49-50
2021,gf,Sales and use taxes,2021,final,thousands,60033,60033,,ocr only,own arithmetic,49-50
2021,gf,Sales and use taxes,2021,actual,thousands,73447,73447,,ocr only,own arithmetic,49-50
2021,gf,Sales and use taxes,2021,variance,thousands,13414,13414,,ocr only,own arithmetic,49-50
2021,gf,General property taxes,2021,adopted,thousands,42816,42816,,ocr only,own arithmetic,49-50
2021,gf,General property taxes,2021,final,thousands,42816,42816,,ocr only,own arithmetic,49-50
2021,gf,General property taxes,2021,actual,thousands,42776,42776,,ocr only,own arithmetic,49-50
2021,gf,General property taxes,2021,variance,thousands,-40,-40,,ocr only,own arithmetic,49-50
2021,gf,Accommodations taxes,2021,adopted,thousands,6770,6770,,ocr only,own arithmetic,49-50
2021,gf,Accommodations taxes,2021,final,thousands,6770,6770,,ocr only,own arithmetic,49-50
2021,gf,Accommodations taxes,2021,actual,thousands,7796,7796,,ocr only,own arithmetic,49-50
2021,gf,Accommodations taxes,2021,variance,thousands,1026,1026,,ocr only,own arithmetic,49-50
2021,gf,Occupation taxes,2021,adopted,thousands,10189,10189,,ocr only,own arithmetic,49-50
2021,gf,Occupation taxes,2021,final,thousands,10189,10189,,ocr only,own arithmetic,49-50
2021,gf,Occupation taxes,2021,actual,thousands,10052,10052,,ocr only,own arithmetic,49-50
2021,gf,Occupation taxes,2021,variance,thousands,-137,-137,,ocr only,own arithmetic,49-50
2021,gf,Specific ownership & tobacco taxes,2021,adopted,thousands,2367,2367,,ocr only,own arithmetic,49-50
2021,gf,Specific ownership & tobacco taxes,2021,final,thousands,2367,2367,,ocr only,own arithmetic,49-50
2021,gf,Specific ownership & tobacco taxes,2021,actual,thousands,2680,2680,,ocr only,own arithmetic,49-50
2021,gf,Specific ownership & tobacco taxes,2021,variance,thousands,313,313,,ocr only,own arithmetic,49-50
2021,gf,Excise taxes,2021,adopted,thousands,913,913,,ocr only,own arithmetic,49-50
2021,gf,Excise taxes,2021,final,thousands,913,913,,ocr only,own arithmetic,49-50
2021,gf,Excise taxes,2021,actual,thousands,1348,1348,,ocr only,own arithmetic,49-50
2021,gf,Excise taxes,2021,variance,thousands,435,435,,ocr only,own arithmetic,49-50
2021,gf,Charges for services,2021,adopted,thousands,5156,5156,,ocr only,own arithmetic,49-50
2021,gf,Charges for services,2021,final,thousands,5119,5119,,ocr only,own arithmetic,49-50
2021,gf,Charges for services,2021,actual,thousands,3665,3665,,ocr only,own arithmetic,49-50
2021,gf,Charges for services,2021,variance,thousands,-1454,-1454,,ocr only,own arithmetic,49-50
2021,gf,Sale of goods,2021,adopted,thousands,76,76,,ocr only,own arithmetic,49-50
2021,gf,Sale of goods,2021,final,thousands,76,76,,ocr only,own arithmetic,49-50
2021,gf,Sale of goods,2021,actual,thousands,44,44,,ocr only,own arithmetic,49-50
2021,gf,Sale of goods,2021,variance,thousands,-32,-32,,ocr only,own arithmetic,49-50
2021,gf,"Licenses, permits and fines",2021,adopted,thousands,6076,6076,,ocr only,own arithmetic,49-50
2021,gf,"Licenses, permits and fines",2021,final,thousands,6076,6076,,ocr only,own arithmetic,49-50
2021,gf,"Licenses, permits and fines",2021,actual,thousands,5276,5276,,ocr only,own arithmetic,49-50
2021,gf,"Licenses, permits and fines",2021,variance,thousands,-800,-800,,ocr only,own arithmetic,49-50
2021,gf,Intergovernmental,2021,adopted,thousands,1651,1651,,ocr only,own arithmetic,49-50
2021,gf,Intergovernmental,2021,final,thousands,2480,2480,,ocr only,own arithmetic,49-50
2021,gf,Intergovernmental,2021,actual,thousands,6474,6474,,ocr only,own arithmetic,49-50
2021,gf,Intergovernmental,2021,variance,thousands,3994,3994,,ocr only,own arithmetic,49-50
2021,gf,"Leases, rents and royalties",2021,adopted,thousands,190,190,,ocr only,own arithmetic,49-50
2021,gf,"Leases, rents and royalties",2021,final,thousands,190,190,,ocr only,own arithmetic,49-50
2021,gf,"Leases, rents and royalties",2021,actual,thousands,104,104,,ocr only,own arithmetic,49-50
2021,gf,"Leases, rents and royalties",2021,variance,thousands,-86,-86,,ocr only,own arithmetic,49-50
2021,gf,Interest and investment earnings,2021,adopted,thousands,900,900,,ocr only,own arithmetic,49-50
2021,gf,Interest and investment earnings,2021,final,thousands,900,900,,ocr only,own arithmetic,49-50
2021,gf,Interest and investment earnings,2021,actual,thousands,472,472,,ocr only,own arithmetic,49-50
2021,gf,Interest and investment earnings,2021,variance,thousands,-428,-428,,ocr only,own arithmetic,49-50
2021,gf,Other,2021,adopted,thousands,1589,1589,,ocr only,own arithmetic,49-50
2021,gf,Other,2021,final,thousands,1731,1731,,ocr only,own arithmetic,49-50
2021,gf,Other,2021,actual,thousands,2649,2649,,ocr only,own arithmetic,49-50
2021,gf,Other,2021,variance,thousands,918,918,,ocr only,own arithmetic,49-50
2021,gf,Total revenues,2021,adopted,thousands,138726,138726,,ocr only,own arithmetic,49-50
2021,gf,Total revenues,2021,final,thousands,139660,139660,,ocr only,own arithmetic,49-50
2021,gf,Total revenues,2021,actual,thousands,156783,156783,,ocr only,own arithmetic,49-50
2021,gf,Total revenues,2021,variance,thousands,17123,17123,,ocr only,own arithmetic,49-50
2021,gf,General Government,2021,adopted,thousands,15246,15246,,ocr only,own arithmetic,49-50
2021,gf,General Government,2021,final,thousands,27303,27303,,ocr only,own arithmetic,49-50
2021,gf,General Government,2021,actual,thousands,17736,17736,,ocr only,own arithmetic,49-50
2021,gf,General Government,2021,variance,thousands,9567,9567,,ocr only,own arithmetic,49-50
2021,gf,Administrative Services,2021,adopted,thousands,22752,22752,,ocr only,own arithmetic,49-50
2021,gf,Administrative Services,2021,final,thousands,42273,42273,,ocr only,own arithmetic,49-50
2021,gf,Administrative Services,2021,actual,thousands,31133,31133,,ocr only,own arithmetic,49-50
2021,gf,Administrative Services,2021,variance,thousands,11140,11140,,ocr only,own arithmetic,49-50
2021,gf,Public Safety,2021,adopted,thousands,58870,58870,,ocr only,own arithmetic,49-50
2021,gf,Public Safety,2021,final,thousands,62899,62899,,ocr only,own arithmetic,49-50
2021,gf,Public Safety,2021,actual,thousands,60810,60810,,ocr only,own arithmetic,49-50
2021,gf,Public Safety,2021,variance,thousands,2089,2089,,ocr only,own arithmetic,49-50
2021,gf,Public Works,2021,adopted,thousands,5780,5780,,ocr only,own arithmetic,49-50
2021,gf,Public Works,2021,final,thousands,19335,19335,,ocr only,own arithmetic,49-50
2021,gf,Public Works,2021,actual,thousands,11092,11092,,ocr only,own arithmetic,49-50
2021,gf,Public Works,2021,variance,thousands,8243,8243,,ocr only,own arithmetic,49-50
2021,gf,Planning & Development Services,2021,adopted,thousands,2442,2442,,ocr only,own arithmetic,49-50
2021,gf,Planning & Development Services,2021,final,thousands,3584,3584,,ocr only,own arithmetic,49-50
2021,gf,Planning & Development Services,2021,actual,thousands,2918,2918,,ocr only,own arithmetic,49-50
2021,gf,Planning & Development Services,2021,variance,thousands,666,666,,ocr only,own arithmetic,49-50
2021,gf,Culture and Recreation,2021,adopted,thousands,11874,11874,,ocr only,own arithmetic,49-50
2021,gf,Culture and Recreation,2021,final,thousands,14802,14802,,ocr only,own arithmetic,49-50
2021,gf,Culture and Recreation,2021,actual,thousands,12251,12251,,ocr only,own arithmetic,49-50
2021,gf,Culture and Recreation,2021,variance,thousands,2551,2551,,ocr only,own arithmetic,49-50
2021,gf,Open Space and Mountain Parks,2021,adopted,thousands,-,-,,ocr only,own arithmetic,49-50
2021,gf,Open Space and Mountain Parks,2021,final,thousands,-,-,,ocr only,own arithmetic,49-50
2021,gf,Open Space and Mountain Parks,2021,actual,thousands,-,-,,ocr only,own arithmetic,49-50
2021,gf,Open Space and Mountain Parks,2021,variance,thousands,-,-,,ocr only,own arithmetic,49-50
2021,gf,Housing and Human Services,2021,adopted,thousands,11403,11403,,ocr only,own arithmetic,49-50
2021,gf,Housing and Human Services,2021,final,thousands,14372,14372,,ocr only,own arithmetic,49-50
2021,gf,Housing and Human Services,2021,actual,thousands,10147,10147,,ocr only,own arithmetic,49-50
2021,gf,Housing and Human Services,2021,variance,thousands,4225,4225,,ocr only,own arithmetic,49-50
2021,gf,Principal,2021,adopted,thousands,3470,3470,,ocr only,own arithmetic,49-50
2021,gf,Principal,2021,final,thousands,3470,3470,,ocr only,own arithmetic,49-50
2021,gf,Principal,2021,actual,thousands,3995,3995,,ocr only,own arithmetic,49-50
2021,gf,Principal,2021,variance,thousands,-525,-525,,ocr only,own arithmetic,49-50
2021,gf,Interest,2021,adopted,thousands,1612,1612,,ocr only,own arithmetic,49-50
2021,gf,Interest,2021,final,thousands,1612,1612,,ocr only,own arithmetic,49-50
2021,gf,Interest,2021,actual,thousands,701,701,,ocr only,own arithmetic,49-50
2021,gf,Interest,2021,variance,thousands,911,911,,ocr only,own arithmetic,49-50
2021,gf,Total expenditures,2021,adopted,thousands,133449,133449,,ocr only,own arithmetic,49-50
2021,gf,Total expenditures,2021,final,thousands,189650,189650,,ocr only,own arithmetic,49-50
2021,gf,Total expenditures,2021,actual,thousands,150783,150783,,ocr only,own arithmetic,49-50
2021,gf,Total expenditures,2021,variance,thousands,38867,38867,,ocr only,own arithmetic,49-50
2021,gf,Excess (deficiency) of revenues over (under) expenditures,2021,adopted,thousands,5277,5277,,ocr only,own arithmetic,49-50
2021,gf,Excess (deficiency) of revenues over (under) expenditures,2021,final,thousands,-49990,-49990,,ocr only,own arithmetic,49-50
2021,gf,Excess (deficiency) of revenues over (under) expenditures,2021,actual,thousands,6000,6000,,ocr only,own arithmetic,49-50
2021,gf,Excess (deficiency) of revenues over (under) expenditures,2021,variance,thousands,55990,55990,,ocr only,own arithmetic,49-50
2021,gf,Proceeds from sale of capital asset,2021,adopted,thousands,-,-,,ocr only,own arithmetic,49-50
2021,gf,Proceeds from sale of capital asset,2021,final,thousands,-,-,,ocr only,own arithmetic,49-50
2021,gf,Proceeds from sale of capital asset,2021,actual,thousands,495,495,,ocr only,own arithmetic,49-50
2021,gf,Proceeds from sale of capital asset,2021,variance,thousands,495,495,,ocr only,own arithmetic,49-50
2021,gf,Long-Term Notes Issued,2021,adopted,thousands,-,-,,ocr only,own arithmetic,49-50
2021,gf,Long-Term Notes Issued,2021,final,thousands,-,-,,ocr only,own arithmetic,49-50
2021,gf,Long-Term Notes Issued,2021,actual,thousands,26795,26795,,ocr only,own arithmetic,49-50
2021,gf,Long-Term Notes Issued,2021,variance,thousands,26795,26795,,ocr only,own arithmetic,49-50
2021,gf,Transfers in,2021,adopted,thousands,11220,11220,,ocr only,own arithmetic,49-50
2021,gf,Transfers in,2021,final,thousands,16090,16090,,ocr only,own arithmetic,49-50
2021,gf,Transfers in,2021,actual,thousands,18686,18686,,ocr only,own arithmetic,49-50
2021,gf,Transfers in,2021,variance,thousands,2596,2596,,ocr only,own arithmetic,49-50
2021,gf,Transfers out,2021,adopted,thousands,-14836,-14836,,ocr only,own arithmetic,49-50
2021,gf,Transfers out,2021,final,thousands,-16120,-16120,,ocr only,own arithmetic,49-50
2021,gf,Transfers out,2021,actual,thousands,-19317,-19317,,ocr only,own arithmetic,49-50
2021,gf,Transfers out,2021,variance,thousands,-3197,-3197,,ocr only,own arithmetic,49-50
2021,gf,Payment to refunding bond escrow agent,2021,adopted,thousands,-,-,,ocr only,own arithmetic,49-50
2021,gf,Payment to refunding bond escrow agent,2021,final,thousands,-,-,,ocr only,own arithmetic,49-50
2021,gf,Payment to refunding bond escrow agent,2021,actual,thousands,-26713,-26713,,ocr only,own arithmetic,49-50
2021,gf,Payment to refunding bond escrow agent,2021,variance,thousands,-26713,-26713,,ocr only,own arithmetic,49-50
2021,gf,Total other financing sources (uses),2021,adopted,thousands,-3616,-3616,,ocr only,own arithmetic,49-50
2021,gf,Total other financing sources (uses),2021,final,thousands,-30,-30,,ocr only,own arithmetic,49-50
2021,gf,Total other financing sources (uses),2021,actual,thousands,-54,-54,,ocr only,own arithmetic,49-50
2021,gf,Total other financing sources (uses),2021,variance,thousands,-24,-24,,ocr only,own arithmetic,49-50
2021,gf,Net change in fund balance,2021,adopted,thousands,1661,1661,,ocr only,own arithmetic,49-50
2021,gf,Net change in fund balance,2021,final,thousands,-50020,-50020,,ocr only,own arithmetic,49-50
2021,gf,Net change in fund balance,2021,actual,thousands,5946,5946,,ocr only,own arithmetic,49-50
2021,gf,Net change in fund balance,2021,variance,thousands,55966,55966,,ocr only,own arithmetic,49-50
2021,legal,Assessed value,2021,actual,thousands,4281858,4281858,,ocr only,own arithmetic,293-294
2021,legal,Debt limit - 3% of assessed value,2021,actual,thousands,128456,128456,,ocr only,own arithmetic,293-294
2022,fundbal,Sales and use taxes,2013,actual,thousands,104136,104136,104136,agree,both readings,279-280
2022,fundbal,Sales and use taxes,2014,actual,thousands,116316,116316,116316,agree,both readings,279-280
2022,fundbal,Sales and use taxes,2015,actual,thousands,131323,131323,131323,agree,both readings,279-280
2022,fundbal,Sales and use taxes,2016,actual,thousands,136269,136269,136269,agree,both readings,279-280
2022,fundbal,Sales and use taxes,2017,actual,thousands,131857,131857,131857,agree,both readings,279-280
2022,fundbal,Sales and use taxes,2018,actual,thousands,146400,146400,146400,agree,both readings,279-280
2022,fundbal,Sales and use taxes,2019,actual,thousands,144025,144025,144025,agree,both readings,279-280
2022,fundbal,Sales and use taxes,2020,actual,thousands,137340,137340,137340,agree,both readings,279-280
2022,fundbal,Sales and use taxes,2021,actual,thousands,154694,154694,154694,agree,both readings,279-280
2022,fundbal,Sales and use taxes,2022,actual,thousands,171335,171335,171335,agree,both readings,279-280
2022,fundbal,General property taxes,2013,actual,thousands,29434,29434,29434,agree,both readings,279-280
2022,fundbal,General property taxes,2014,actual,thousands,30353,30353,30353,agree,both readings,279-280
2022,fundbal,General property taxes,2015,actual,thousands,30846,30846,30846,agree,both readings,279-280
2022,fundbal,General property taxes,2016,actual,thousands,36897,36897,36897,agree,both readings,279-280
2022,fundbal,General property taxes,2017,actual,thousands,37252,37252,37252,agree,both readings,279-280
2022,fundbal,General property taxes,2018,actual,thousands,43700,43700,43700,agree,both readings,279-280
2022,fundbal,General property taxes,2019,actual,thousands,43156,43156,43156,agree,both readings,279-280
2022,fundbal,General property taxes,2020,actual,thousands,47804,47804,47804,agree,both readings,279-280
2022,fundbal,General property taxes,2021,actual,thousands,47945,47945,47945,agree,both readings,279-280
2022,fundbal,General property taxes,2022,actual,thousands,51558,51558,51558,agree,both readings,279-280
2022,taxsales,Apparel Stores,2013,actual,thousands,111042,111042,111042,agree,both readings,281-282
2022,taxsales,Apparel Stores,2014,actual,thousands,118703,118703,118703,agree,both readings,281-282
2022,taxsales,Apparel Stores,2015,actual,thousands,122977,122977,122977,agree,both readings,281-282
2022,taxsales,Apparel Stores,2016,actual,thousands,123958,123958,123958,agree,both readings,281-282
2022,taxsales,Apparel Stores,2017,actual,thousands,116513,116513,116513,agree,both readings,281-282
2022,taxsales,Apparel Stores,2018,actual,thousands,118308,118308,118308,agree,both readings,281-282
2022,taxsales,Apparel Stores,2019,actual,thousands,105696,105696,105696,agree,both readings,281-282
2022,taxsales,Apparel Stores,2020,actual,thousands,90814,90814,90814,agree,both readings,281-282
2022,taxsales,Apparel Stores,2021,actual,thousands,127311,127311,127311,agree,both readings,281-282
2022,taxsales,Apparel Stores,2022,actual,thousands,139640,139640,139640,agree,both readings,281-282
2022,taxsales,Automotive Trade,2013,actual,thousands,205342,205342,205342,agree,both readings,281-282
2022,taxsales,Automotive Trade,2014,actual,thousands,223429,223429,223429,agree,both readings,281-282
2022,taxsales,Automotive Trade,2015,actual,thousands,235029,235029,235029,agree,both readings,281-282
2022,taxsales,Automotive Trade,2016,actual,thousands,239489,239489,239489,agree,both readings,281-282
2022,taxsales,Automotive Trade,2017,actual,thousands,251106,251106,251106,agree,both readings,281-282
2022,taxsales,Automotive Trade,2018,actual,thousands,258584,258584,258584,agree,both readings,281-282
2022,taxsales,Automotive Trade,2019,actual,thousands,262565,262565,262565,agree,both readings,281-282
2022,taxsales,Automotive Trade,2020,actual,thousands,268208,268208,268208,agree,both readings,281-282
2022,taxsales,Automotive Trade,2021,actual,thousands,332835,332835,332835,agree,both readings,281-282
2022,taxsales,Automotive Trade,2022,actual,thousands,334428,334428,334428,agree,both readings,281-282
2022,taxsales,Building Material-Retail,2013,actual,thousands,108685,108685,108685,agree,both readings,281-282
2022,taxsales,Building Material-Retail,2014,actual,thousands,111381,111381,111381,agree,both readings,281-282
2022,taxsales,Building Material-Retail,2015,actual,thousands,114560,114560,114560,agree,both readings,281-282
2022,taxsales,Building Material-Retail,2016,actual,thousands,121991,121991,121991,agree,both readings,281-282
2022,taxsales,Building Material-Retail,2017,actual,thousands,121201,121201,121201,agree,both readings,281-282
2022,taxsales,Building Material-Retail,2018,actual,thousands,121719,121719,121719,agree,both readings,281-282
2022,taxsales,Building Material-Retail,2019,actual,thousands,125063,125063,125063,agree,both readings,281-282
2022,taxsales,Building Material-Retail,2020,actual,thousands,132942,132942,132942,agree,both readings,281-282
2022,taxsales,Building Material-Retail,2021,actual,thousands,146375,146375,146375,agree,both readings,281-282
2022,taxsales,Building Material-Retail,2022,actual,thousands,153326,153326,153326,agree,both readings,281-282
2022,taxsales,Computer Related Business Sector,2013,actual,thousands,208352,208352,208352,agree,both readings,281-282
2022,taxsales,Computer Related Business Sector,2014,actual,thousands,200512,200512,200512,agree,both readings,281-282
2022,taxsales,Computer Related Business Sector,2015,actual,thousands,205890,205890,205890,agree,both readings,281-282
2022,taxsales,Computer Related Business Sector,2016,actual,thousands,195938,195938,195938,agree,both readings,281-282
2022,taxsales,Computer Related Business Sector,2017,actual,thousands,188351,188351,188351,agree,both readings,281-282
2022,taxsales,Computer Related Business Sector,2018,actual,thousands,198501,198501,198501,agree,both readings,281-282
2022,taxsales,Computer Related Business Sector,2019,actual,thousands,192020,192020,192020,agree,both readings,281-282
2022,taxsales,Computer Related Business Sector,2020,actual,thousands,254960,254960,254960,agree,both readings,281-282
2022,taxsales,Computer Related Business Sector,2021,actual,thousands,284801,284801,284801,agree,both readings,281-282
2022,taxsales,Computer Related Business Sector,2022,actual,thousands,385621,385621,385621,agree,both readings,281-282
2022,taxsales,Construction Sales Tax,2013,actual,thousands,12642,12642,12642,agree,both readings,281-282
2022,taxsales,Construction Sales Tax,2014,actual,thousands,11576,11576,11576,agree,both readings,281-282
2022,taxsales,Construction Sales Tax,2015,actual,thousands,-,-,-,agree,both readings,281-282
2022,taxsales,Construction Sales Tax,2016,actual,thousands,-,-,-,agree,both readings,281-282
2022,taxsales,Construction Sales Tax,2017,actual,thousands,-,-,-,agree,both readings,281-282
2022,taxsales,Construction Sales Tax,2018,actual,thousands,-,-,-,agree,both readings,281-282
2022,taxsales,Construction Sales Tax,2019,actual,thousands,-,-,-,agree,both readings,281-282
2022,taxsales,Construction Sales Tax,2020,actual,thousands,-,-,-,agree,both readings,281-282
2022,taxsales,Construction Sales Tax,2021,actual,thousands,-,-,-,agree,both readings,281-282
2022,taxsales,Construction Sales Tax,2022,actual,thousands,-,-,-,agree,both readings,281-282
2022,taxsales,Construction Use Tax,2013,actual,thousands,266139,266139,266139,agree,both readings,281-282
2022,taxsales,Construction Use Tax,2014,actual,thousands,251594,251594,251594,agree,both readings,281-282
2022,taxsales,Construction Use Tax,2015,actual,thousands,-,-,-,agree,both readings,281-282
2022,taxsales,Construction Use Tax,2016,actual,thousands,-,-,-,agree,both readings,281-282
2022,taxsales,Construction Use Tax,2017,actual,thousands,-,-,-,agree,both readings,281-282
2022,taxsales,Construction Use Tax,2018,actual,thousands,-,-,-,agree,both readings,281-282
2022,taxsales,Construction Use Tax,2019,actual,thousands,-,-,-,agree,both readings,281-282
2022,taxsales,Construction Use Tax,2020,actual,thousands,-,-,-,agree,both readings,281-282
2022,taxsales,Construction Use Tax,2021,actual,thousands,-,-,-,agree,both readings,281-282
2022,taxsales,Construction Use Tax,2022,actual,thousands,-,-,-,agree,both readings,281-282
2022,taxsales,Constructions Firms Sales/Use Tax,2013,actual,thousands,-,-,-,agree,both readings,281-282
2022,taxsales,Constructions Firms Sales/Use Tax,2014,actual,thousands,-,-,-,agree,both readings,281-282
2022,taxsales,Constructions Firms Sales/Use Tax,2015,actual,thousands,276746,276746,276746,agree,both readings,281-282
2022,taxsales,Constructions Firms Sales/Use Tax,2016,actual,thousands,304301,304301,304301,agree,both readings,281-282
2022,taxsales,Constructions Firms Sales/Use Tax,2017,actual,thousands,279081,279081,279081,agree,both readings,281-282
2022,taxsales,Constructions Firms Sales/Use Tax,2018,actual,thousands,352701,352701,352701,agree,both readings,281-282
2022,taxsales,Constructions Firms Sales/Use Tax,2019,actual,thousands,308127,308127,308127,agree,both readings,281-282
2022,taxsales,Constructions Firms Sales/Use Tax,2020,actual,thousands,342503,342503,342503,agree,both readings,281-282
2022,taxsales,Constructions Firms Sales/Use Tax,2021,actual,thousands,276028,276028,276028,agree,both readings,281-282
2022,taxsales,Constructions Firms Sales/Use Tax,2022,actual,thousands,374869,374869,374869,agree,both readings,281-282
2022,taxsales,Consumer Electronics,2013,actual,thousands,58300,58300,58300,agree,both readings,281-282
2022,taxsales,Consumer Electronics,2014,actual,thousands,67677,67677,67677,agree,both readings,281-282
2022,taxsales,Consumer Electronics,2015,actual,thousands,66687,66687,66687,agree,both readings,281-282
2022,taxsales,Consumer Electronics,2016,actual,thousands,71024,71024,71024,agree,both readings,281-282
2022,taxsales,Consumer Electronics,2017,actual,thousands,59211,59211,59211,agree,both readings,281-282
2022,taxsales,Consumer Electronics,2018,actual,thousands,73263,73263,73263,agree,both readings,281-282
2022,taxsales,Consumer Electronics,2019,actual,thousands,75110,75110,75110,agree,both readings,281-282
2022,taxsales,Consumer Electronics,2020,actual,thousands,99860,99860,99860,agree,both readings,281-282
2022,taxsales,Consumer Electronics,2021,actual,thousands,131596,131596,131596,agree,both readings,281-282
2022,taxsales,Consumer Electronics,2022,actual,thousands,122343,122343,122343,agree,both readings,281-282
2022,taxsales,Eating Places,2013,actual,thousands,387596,387596,387596,agree,both readings,281-282
2022,taxsales,Eating Places,2014,actual,thousands,410251,410251,410251,agree,both readings,281-282
2022,taxsales,Eating Places,2015,actual,thousands,437428,437428,437428,agree,both readings,281-282
2022,taxsales,Eating Places,2016,actual,thousands,451436,451436,451436,agree,both readings,281-282
2022,taxsales,Eating Places,2017,actual,thousands,461091,461091,461091,agree,both readings,281-282
2022,taxsales,Eating Places,2018,actual,thousands,477032,477032,477032,agree,both readings,281-282
2022,taxsales,Eating Places,2019,actual,thousands,484459,484459,484459,agree,both readings,281-282
2022,taxsales,Eating Places,2020,actual,thousands,308278,308278,308278,agree,both readings,281-282
2022,taxsales,Eating Places,2021,actual,thousands,420555,420555,420555,agree,both readings,281-282
2022,taxsales,Eating Places,2022,actual,thousands,488476,488476,488476,agree,both readings,281-282
2022,taxsales,Food Stores,2013,actual,thousands,395837,395837,395837,agree,both readings,281-282
2022,taxsales,Food Stores,2014,actual,thousands,416890,416890,416890,agree,both readings,281-282
2022,taxsales,Food Stores,2015,actual,thousands,440661,440661,440661,agree,both readings,281-282
2022,taxsales,Food Stores,2016,actual,thousands,452030,452030,452030,agree,both readings,281-282
2022,taxsales,Food Stores,2017,actual,thousands,448173,448173,448173,agree,both readings,281-282
2022,taxsales,Food Stores,2018,actual,thousands,438804,438804,438804,agree,both readings,281-282
2022,taxsales,Food Stores,2019,actual,thousands,442771,442771,442771,agree,both readings,281-282
2022,taxsales,Food Stores,2020,actual,thousands,547934,547934,547934,agree,both readings,281-282
2022,taxsales,Food Stores,2021,actual,thousands,512509,512509,512509,agree,both readings,281-282
2022,taxsales,Food Stores,2022,actual,thousands,559660,559660,559660,agree,both readings,281-282
2022,taxsales,General Retail,2013,actual,thousands,611228,611228,611228,agree,both readings,281-282
2022,taxsales,General Retail,2014,actual,thousands,628223,628223,628223,agree,both readings,281-282
2022,taxsales,General Retail,2015,actual,thousands,658659,658659,658659,agree,both readings,281-282
2022,taxsales,General Retail,2016,actual,thousands,737753,737753,737753,agree,both readings,281-282
2022,taxsales,General Retail,2017,actual,thousands,675023,675023,675023,agree,both readings,281-282
2022,taxsales,General Retail,2018,actual,thousands,709676,709676,709676,agree,both readings,281-282
2022,taxsales,General Retail,2019,actual,thousands,702917,702917,702917,agree,both readings,281-282
2022,taxsales,General Retail,2020,actual,thousands,688108,688108,688108,agree,both readings,281-282
2022,taxsales,General Retail,2021,actual,thousands,888508,888508,888508,agree,both readings,281-282
2022,taxsales,General Retail,2022,actual,thousands,914560,914560,914560,agree,both readings,281-282
2022,taxsales,Home Furnishings,2013,actual,thousands,79745,79745,79745,agree,both readings,281-282
2022,taxsales,Home Furnishings,2014,actual,thousands,87804,87804,87804,agree,both readings,281-282
2022,taxsales,Home Furnishings,2015,actual,thousands,89689,89689,89689,agree,both readings,281-282
2022,taxsales,Home Furnishings,2016,actual,thousands,92314,92314,92314,agree,both readings,281-282
2022,taxsales,Home Furnishings,2017,actual,thousands,92483,92483,92483,agree,both readings,281-282
2022,taxsales,Home Furnishings,2018,actual,thousands,93697,93697,93697,agree,both readings,281-282
2022,taxsales,Home Furnishings,2019,actual,thousands,84191,84191,84191,agree,both readings,281-282
2022,taxsales,Home Furnishings,2020,actual,thousands,63575,63575,63575,agree,both readings,281-282
2022,taxsales,Home Furnishings,2021,actual,thousands,70312,70312,70312,agree,both readings,281-282
2022,taxsales,Home Furnishings,2022,actual,thousands,76183,76183,76183,agree,both readings,281-282
2022,taxsales,Transportation/Utilities,2013,actual,thousands,226972,226972,226972,agree,both readings,281-282
2022,taxsales,Transportation/Utilities,2014,actual,thousands,243605,243605,243605,agree,both readings,281-282
2022,taxsales,Transportation/Utilities,2015,actual,thousands,229281,229281,229281,agree,both readings,281-282
2022,taxsales,Transportation/Utilities,2016,actual,thousands,220926,220926,220926,agree,both readings,281-282
2022,taxsales,Transportation/Utilities,2017,actual,thousands,216678,216678,216678,agree,both readings,281-282
2022,taxsales,Transportation/Utilities,2018,actual,thousands,214292,214292,214292,agree,both readings,281-282
2022,taxsales,Transportation/Utilities,2019,actual,thousands,214138,214138,214138,agree,both readings,281-282
2022,taxsales,Transportation/Utilities,2020,actual,thousands,210622,210622,210622,agree,both readings,281-282
2022,taxsales,Transportation/Utilities,2021,actual,thousands,229940,229940,229940,agree,both readings,281-282
2022,taxsales,Transportation/Utilities,2022,actual,thousands,242682,242682,242682,agree,both readings,281-282
2022,taxsales,All Other,2013,actual,thousands,381961,381961,381961,agree,both readings,281-282
2022,taxsales,All Other,2014,actual,thousands,495657,495657,495657,agree,both readings,281-282
2022,taxsales,All Other,2015,actual,thousands,524543,524543,524543,agree,both readings,281-282
2022,taxsales,All Other,2016,actual,thousands,519125,519125,519125,agree,both readings,281-282
2022,taxsales,All Other,2017,actual,thousands,612152,612152,612152,agree,both readings,281-282
2022,taxsales,All Other,2018,actual,thousands,631091,631091,631091,agree,both readings,281-282
2022,taxsales,All Other,2019,actual,thousands,734161,734161,734161,agree,both readings,281-282
2022,taxsales,All Other,2020,actual,thousands,550228,550228,550228,agree,both readings,281-282
2022,taxsales,All Other,2021,actual,thousands,586847,586847,586847,agree,both readings,281-282
2022,taxsales,All Other,2022,actual,thousands,646944,646944,646944,agree,both readings,281-282
2022,taxsales,Refunds,2013,actual,thousands,-,-,-,agree,both readings,281-282
2022,taxsales,Refunds,2014,actual,thousands,-,-,-,agree,both readings,281-282
2022,taxsales,Refunds,2015,actual,thousands,-,-,-,agree,both readings,281-282
2022,taxsales,Refunds,2016,actual,thousands,-,-,-,agree,both readings,281-282
2022,taxsales,Refunds,2017,actual,thousands,-,-,-,agree,both readings,281-282
2022,taxsales,Refunds,2018,actual,thousands,-,-,-,agree,both readings,281-282
2022,taxsales,Refunds,2019,actual,thousands,-,-,-,agree,both readings,281-282
2022,taxsales,Refunds,2020,actual,thousands,-,-,-,agree,both readings,281-282
2022,taxsales,Refunds,2021,actual,thousands,-,-,-,agree,both readings,281-282
2022,taxsales,Refunds,2022,actual,thousands,-,-,-,agree,both readings,281-282
2022,taxsales,Total Sales and Use Tax,2013,actual,thousands,3053841,3053841,3053841,agree,both readings,281-282
2022,taxsales,Total Sales and Use Tax,2014,actual,thousands,3267302,3267302,3267302,agree,both readings,281-282
2022,taxsales,Total Sales and Use Tax,2015,actual,thousands,3402150,3402150,3402150,agree,both readings,281-282
2022,taxsales,Total Sales and Use Tax,2016,actual,thousands,3530285,3530285,3530285,agree,both readings,281-282
2022,taxsales,Total Sales and Use Tax,2017,actual,thousands,3521063,3521063,3521063,agree,both readings,281-282
2022,taxsales,Total Sales and Use Tax,2018,actual,thousands,3687668,3687668,3687668,agree,both readings,281-282
2022,taxsales,Total Sales and Use Tax,2019,actual,thousands,3731218,3731218,3731218,agree,both readings,281-282
2022,taxsales,Total Sales and Use Tax,2020,actual,thousands,3558032,3558032,3558032,agree,both readings,281-282
2022,taxsales,Total Sales and Use Tax,2021,actual,thousands,4007617,4007617,4007617,agree,both readings,281-282
2022,taxsales,Total Sales and Use Tax,2022,actual,thousands,4438732,4438732,4438732,agree,both readings,281-282
2022,taxsales,Direct city sales tax rate,2013,actual,pct,3.41,3.41,3.41,agree,both readings,281-282
2022,taxsales,Direct city sales tax rate,2014,actual,pct,3.56,3.56,3.56,agree,both readings,281-282
2022,taxsales,Direct city sales tax rate,2015,actual,pct,3.86,3.86,3.86,agree,both readings,281-282
2022,taxsales,Direct city sales tax rate,2016,actual,pct,3.86,3.86,3.86,agree,both readings,281-282
2022,taxsales,Direct city sales tax rate,2017,actual,pct,3.86,3.86,3.86,agree,both readings,281-282
2022,taxsales,Direct city sales tax rate,2018,actual,pct,3.86,3.86,3.86,agree,both readings,281-282
2022,taxsales,Direct city sales tax rate,2019,actual,pct,3.86,3.86,3.86,agree,both readings,281-282
2022,taxsales,Direct city sales tax rate,2020,actual,pct,3.86,3.86,3.86,agree,both readings,281-282
2022,taxsales,Direct city sales tax rate,2021,actual,pct,3.86,3.86,3.86,agree,both readings,281-282
2022,taxsales,Direct city sales tax rate,2022,actual,pct,3.86,3.86,3.86,agree,both readings,281-282
2022,taxsales,Food service sales tax,2013,actual,pct,0.15,0.15,0.15,agree,both readings,281-282
2022,taxsales,Food service sales tax,2014,actual,pct,0.15,0.15,0.15,agree,both readings,281-282
2022,taxsales,Food service sales tax,2015,actual,pct,0.15,0.15,0.15,agree,both readings,281-282
2022,taxsales,Food service sales tax,2016,actual,pct,0.15,0.15,0.15,agree,both readings,281-282
2022,taxsales,Food service sales tax,2017,actual,pct,0.15,0.15,0.15,agree,both readings,281-282
2022,taxsales,Food service sales tax,2018,actual,pct,0.15,0.15,0.15,agree,both readings,281-282
2022,taxsales,Food service sales tax,2019,actual,pct,0.15,0.15,0.15,agree,both readings,281-282
2022,taxsales,Food service sales tax,2020,actual,pct,0.15,0.15,0.15,agree,both readings,281-282
2022,taxsales,Food service sales tax,2021,actual,pct,0.15,0.15,0.15,agree,both readings,281-282
2022,taxsales,Food service sales tax,2022,actual,pct,0.15,0.15,0.15,agree,both readings,281-282
2022,taxsales,Total direct city sales tax,2013,actual,pct,3.56,3.56,3.56,agree,both readings,281-282
2022,taxsales,Total direct city sales tax,2014,actual,pct,3.71,3.71,3.71,agree,both readings,281-282
2022,taxsales,Total direct city sales tax,2015,actual,pct,4.01,4.01,4.01,agree,both readings,281-282
2022,taxsales,Total direct city sales tax,2016,actual,pct,4.01,4.01,4.01,agree,both readings,281-282
2022,taxsales,Total direct city sales tax,2017,actual,pct,4.01,4.01,4.01,agree,both readings,281-282
2022,taxsales,Total direct city sales tax,2018,actual,pct,4.01,4.01,4.01,agree,both readings,281-282
2022,taxsales,Total direct city sales tax,2019,actual,pct,4.01,4.01,4.01,agree,both readings,281-282
2022,taxsales,Total direct city sales tax,2020,actual,pct,4.01,4.01,4.01,agree,both readings,281-282
2022,taxsales,Total direct city sales tax,2021,actual,pct,4.01,4.01,4.01,agree,both readings,281-282
2022,taxsales,Total direct city sales tax,2022,actual,pct,4.01,4.01,4.01,agree,both readings,281-282
2022,fte,Municipal Court,2013,adopted,fte,18.16,18.16,18.16,agree,both readings,297-298
2022,fte,Municipal Court,2014,adopted,fte,18.13,18.13,18.13,agree,both readings,297-298
2022,fte,Municipal Court,2015,adopted,fte,21.13,21.13,21.13,agree,both readings,297-298
2022,fte,Municipal Court,2016,adopted,fte,21.13,21.13,21.13,agree,both readings,297-298
2022,fte,Municipal Court,2017,adopted,fte,20.35,20.35,20.35,agree,both readings,297-298
2022,fte,Municipal Court,2018,adopted,fte,19.35,19.35,19.35,agree,both readings,297-298
2022,fte,Municipal Court,2019,adopted,fte,18.35,18.35,18.35,agree,both readings,297-298
2022,fte,Municipal Court,2020,adopted,fte,18.35,18.35,18.35,agree,both readings,297-298
2022,fte,Municipal Court,2021,adopted,fte,16.1,16.1,16.1,agree,both readings,297-298
2022,fte,Municipal Court,2022,adopted,fte,16.35,16.35,16.35,agree,both readings,297-298
2022,fte,City Attorney,2013,adopted,fte,20.2,20.2,20.2,agree,both readings,297-298
2022,fte,City Attorney,2014,adopted,fte,21.2,21.2,21.2,agree,both readings,297-298
2022,fte,City Attorney,2015,adopted,fte,19.2,19.2,19.2,agree,both readings,297-298
2022,fte,City Attorney,2016,adopted,fte,25.7,25.7,25.7,agree,both readings,297-298
2022,fte,City Attorney,2017,adopted,fte,27.65,27.65,27.65,agree,both readings,297-298
2022,fte,City Attorney,2018,adopted,fte,27.65,27.65,27.65,agree,both readings,297-298
2022,fte,City Attorney,2019,adopted,fte,28,28,28,agree,both readings,297-298
2022,fte,City Attorney,2020,adopted,fte,28,28,28,agree,both readings,297-298
2022,fte,City Attorney,2021,adopted,fte,26,26,26,agree,both readings,297-298
2022,fte,City Attorney,2022,adopted,fte,24,24,24,agree,both readings,297-298
2022,fte,City Manager- Administration,2013,adopted,fte,12,12,12,agree,both readings,297-298
2022,fte,City Manager- Administration,2014,adopted,fte,12,12,12,agree,both readings,297-298
2022,fte,City Manager- Administration,2015,adopted,fte,19.5,19.5,19.5,agree,both readings,297-298
2022,fte,City Manager- Administration,2016,adopted,fte,17,17,17,agree,both readings,297-298
2022,fte,City Manager- Administration,2017,adopted,fte,19.88,19.88,19.88,agree,both readings,297-298
2022,fte,City Manager- Administration,2018,adopted,fte,22.88,22.88,22.88,agree,both readings,297-298
2022,fte,City Manager- Administration,2019,adopted,fte,18,18,18,agree,both readings,297-298
2022,fte,City Manager- Administration,2020,adopted,fte,14,14,14,agree,both readings,297-298
2022,fte,City Manager- Administration,2021,adopted,fte,14,14,14,agree,both readings,297-298
2022,fte,City Manager- Administration,2022,adopted,fte,17.73,17.73,17.73,agree,both readings,297-298
2022,fte,City Manager- Community Vitality,2013,adopted,fte,42.25,42.25,42.25,agree,both readings,297-298
2022,fte,City Manager- Community Vitality,2014,adopted,fte,42.25,42.25,42.25,agree,both readings,297-298
2022,fte,City Manager- Community Vitality,2015,adopted,fte,44.5,44.5,44.5,agree,both readings,297-298
2022,fte,City Manager- Community Vitality,2016,adopted,fte,46.5,46.5,46.5,agree,both readings,297-298
2022,fte,City Manager- Community Vitality,2017,adopted,fte,49,49,49,agree,both readings,297-298
2022,fte,City Manager- Community Vitality,2018,adopted,fte,48.25,48.25,48.25,agree,both readings,297-298
2022,fte,City Manager- Community Vitality,2019,adopted,fte,47.24,47.24,47.24,agree,both readings,297-298
2022,fte,City Manager- Community Vitality,2020,adopted,fte,48.01,48.01,48.01,agree,both readings,297-298
2022,fte,City Manager- Community Vitality,2021,adopted,fte,41.88,41.88,41.88,agree,both readings,297-298
2022,fte,City Manager- Community Vitality,2022,adopted,fte,45.63,45.63,45.63,agree,both readings,297-298
2022,fte,City Manager- Communications,2013,adopted,fte,6.5,6.5,6.5,agree,both readings,297-298
2022,fte,City Manager- Communications,2014,adopted,fte,6.5,6.5,6.5,agree,both readings,297-298
2022,fte,City Manager- Communications,2015,adopted,fte,6.5,6.5,6.5,agree,both readings,297-298
2022,fte,City Manager- Communications,2016,adopted,fte,12.75,12.75,12.75,agree,both readings,297-298
2022,fte,City Manager- Communications,2017,adopted,fte,13.5,13.5,13.5,agree,both readings,297-298
2022,fte,City Manager- Communications,2018,adopted,fte,14.75,14.75,14.75,agree,both readings,297-298
2022,fte,City Manager- Communications,2019,adopted,fte,15.25,15.25,15.25,agree,both readings,297-298
2022,fte,City Manager- Communications,2020,adopted,fte,14.25,14.25,14.25,agree,both readings,297-298
2022,fte,City Manager- Communications,2021,adopted,fte,16.25,16.25,16.25,agree,both readings,297-298
2022,fte,City Manager- Communications,2022,adopted,fte,20.5,20.5,20.5,agree,both readings,297-298
2022,fte,Human Resources,2013,adopted,fte,15.63,15.63,15.63,agree,both readings,297-298
2022,fte,Human Resources,2014,adopted,fte,18.63,18.63,18.63,agree,both readings,297-298
2022,fte,Human Resources,2015,adopted,fte,24.63,24.63,24.63,agree,both readings,297-298
2022,fte,Human Resources,2016,adopted,fte,24.38,24.38,24.38,agree,both readings,297-298
2022,fte,Human Resources,2017,adopted,fte,23.38,23.38,23.38,agree,both readings,297-298
2022,fte,Human Resources,2018,adopted,fte,23.38,23.38,23.38,agree,both readings,297-298
2022,fte,Human Resources,2019,adopted,fte,23,23,23,agree,both readings,297-298
2022,fte,Human Resources,2020,adopted,fte,24,24,24,agree,both readings,297-298
2022,fte,Human Resources,2021,adopted,fte,22,22,22,agree,both readings,297-298
2022,fte,Human Resources,2022,adopted,fte,24,24,24,agree,both readings,297-298
2022,fte,Finance,2013,adopted,fte,34,34,34,agree,both readings,297-298
2022,fte,Finance,2014,adopted,fte,36,36,36,agree,both readings,297-298
2022,fte,Finance,2015,adopted,fte,38.67,38.67,38.67,agree,both readings,297-298
2022,fte,Finance,2016,adopted,fte,44.5,44.5,44.5,agree,both readings,297-298
2022,fte,Finance,2017,adopted,fte,46.62,46.62,46.62,agree,both readings,297-298
2022,fte,Finance,2018,adopted,fte,48.12,48.12,48.12,agree,both readings,297-298
2022,fte,Finance,2019,adopted,fte,44,44,44,agree,both readings,297-298
2022,fte,Finance,2020,adopted,fte,44,44,44,agree,both readings,297-298
2022,fte,Finance,2021,adopted,fte,44,44,44,agree,both readings,297-298
2022,fte,Finance,2022,adopted,fte,45,45,45,agree,both readings,297-298
2022,fte,Information Technology,2013,adopted,fte,34,34,34,agree,both readings,297-298
2022,fte,Information Technology,2014,adopted,fte,36.85,36.85,36.85,agree,both readings,297-298
2022,fte,Information Technology,2015,adopted,fte,37.18,37.18,37.18,agree,both readings,297-298
2022,fte,Information Technology,2016,adopted,fte,40.25,40.25,40.25,agree,both readings,297-298
2022,fte,Information Technology,2017,adopted,fte,40.75,40.75,40.75,agree,both readings,297-298
2022,fte,Information Technology,2018,adopted,fte,39.75,39.75,39.75,agree,both readings,297-298
2022,fte,Information Technology,2019,adopted,fte,41.75,41.75,41.75,agree,both readings,297-298
2022,fte,Information Technology,2020,adopted,fte,41,41,41,agree,both readings,297-298
2022,fte,Information Technology,2021,adopted,fte,39,39,39,agree,both readings,297-298
2022,fte,Information Technology,2022,adopted,fte,46.5,46.5,46.5,agree,both readings,297-298
2022,fte,Police,2013,adopted,fte,279.5,279.5,279.5,agree,both readings,297-298
2022,fte,Police,2014,adopted,fte,282.5,282.5,282.5,agree,both readings,297-298
2022,fte,Police,2015,adopted,fte,288,288,288,agree,both readings,297-298
2022,fte,Police,2016,adopted,fte,290.89,290.89,290.89,agree,both readings,297-298
2022,fte,Police,2017,adopted,fte,291.89,291.89,291.89,agree,both readings,297-298
2022,fte,Police,2018,adopted,fte,291.75,291.75,291.75,agree,both readings,297-298
2022,fte,Police,2019,adopted,fte,288.25,288.25,288.25,agree,both readings,297-298
2022,fte,Police,2020,adopted,fte,289.25,289.25,289.25,agree,both readings,297-298
2022,fte,Police,2021,adopted,fte,280.6,280.6,280.6,agree,both readings,297-298
2022,fte,Police,2022,adopted,fte,288.9,288.9,288.9,agree,both readings,297-298
2022,fte,Fire,2013,adopted,fte,118.33,118.33,118.33,agree,both readings,297-298
2022,fte,Fire,2014,adopted,fte,120.33,120.33,120.33,agree,both readings,297-298
2022,fte,Fire,2015,adopted,fte,121.33,121.33,121.33,agree,both readings,297-298
2022,fte,Fire,2016,adopted,fte,124.33,124.33,124.33,agree,both readings,297-298
2022,fte,Fire,2017,adopted,fte,124,124,124,agree,both readings,297-298
2022,fte,Fire,2018,adopted,fte,124,124,124,agree,both readings,297-298
2022,fte,Fire,2019,adopted,fte,123,123,123,agree,both readings,297-298
2022,fte,Fire,2020,adopted,fte,124,124,124,agree,both readings,297-298
2022,fte,Fire,2021,adopted,fte,118,118,118,agree,both readings,297-298
2022,fte,Fire,2022,adopted,fte,133,133,133,agree,both readings,297-298
2022,fte,Planning & Development Services,2013,adopted,fte,88.74,88.74,88.74,agree,both readings,297-298
2022,fte,Planning & Development Services,2014,adopted,fte,93.87,93.87,93.87,agree,both readings,297-298
2022,fte,Planning & Development Services,2015,adopted,fte,105.92,105.92,105.92,agree,both readings,297-298
2022,fte,Planning & Development Services,2016,adopted,fte,112.72,112.72,112.72,agree,both readings,297-298
2022,fte,Planning & Development Services,2017,adopted,fte,-,-,-,agree,both readings,297-298
2022,fte,Planning & Development Services,2018,adopted,fte,57.38,57.38,,ocr only,,297-298
2022,fte,Planning & Development Services,2019,adopted,fte,57.05,57.05,,ocr only,,297-298
2022,fte,Planning & Development Services,2020,adopted,fte,67.49,67.49,,ocr only,,297-298
2022,fte,Planning & Development Services,2021,adopted,fte,55.84,55.84,,ocr only,,297-298
2022,fte,Planning & Development Services,2022,adopted,fte,81.21,81.21,,ocr only,,297-298
2022,fte,Development,2013,adopted,fte,-,-,-,agree,both readings,297-298
2022,fte,Development,2014,adopted,fte,-,-,-,agree,both readings,297-298
2022,fte,Development,2015,adopted,fte,-,-,-,agree,both readings,297-298
2022,fte,Development,2016,adopted,fte,-,-,-,agree,both readings,297-298
2022,fte,Development,2017,adopted,fte,54.11,54.11,54.11,agree,both readings,297-298
2022,fte,Development,2018,adopted,fte,57.38,55.54,57.38,DISAGREE,another report,297-298
2022,fte,Development,2019,adopted,fte,57.05,54.54,57.05,DISAGREE,another report,297-298
2022,fte,Development,2020,adopted,fte,67.49,44.03,67.49,DISAGREE,another report,297-298
2022,fte,Development,2021,adopted,fte,55.84,32.3,55.84,DISAGREE,another report,297-298
2022,fte,Development,2022,adopted,fte,81.21,11.15,81.21,DISAGREE,another report,297-298
2022,fte,Community Planning and Sustainability,2013,adopted,fte,-,-,-,agree,both readings,297-298
2022,fte,Community Planning and Sustainability,2014,adopted,fte,-,-,-,agree,both readings,297-298
2022,fte,Community Planning and Sustainability,2015,adopted,fte,-,-,-,agree,both readings,297-298
2022,fte,Community Planning and Sustainability,2016,adopted,fte,-,-,-,agree,both readings,297-298
2022,fte,Community Planning and Sustainability,2017,adopted,fte,55.34,55.34,55.34,agree,both readings,297-298
2022,fte,Community Planning and Sustainability,2018,adopted,fte,55.54,*,55.54,DISAGREE,another report,297-298
2022,fte,Community Planning and Sustainability,2019,adopted,fte,54.54,6.5,54.54,DISAGREE,another report,297-298
2022,fte,Community Planning and Sustainability,2020,adopted,fte,44.03,21,44.03,DISAGREE,another report,297-298
2022,fte,Community Planning and Sustainability,2021,adopted,fte,32.3,16.5,32.3,DISAGREE,another report,297-298
2022,fte,Community Planning and Sustainability,2022,adopted,fte,11.15,-,11.15,DISAGREE,another report,297-298
2022,fte,Energy Strategy & Electric Utility,2013,adopted,fte,-,-,-,agree,both readings,297-298
2022,fte,Energy Strategy & Electric Utility,2014,adopted,fte,-,-,-,agree,both readings,297-298
2022,fte,Energy Strategy & Electric Utility,2015,adopted,fte,-,-,-,agree,both readings,297-298
2022,fte,Energy Strategy & Electric Utility,2016,adopted,fte,-,-,-,agree,both readings,297-298
2022,fte,Energy Strategy & Electric Utility,2017,adopted,fte,9,9,9,agree,both readings,297-298
2022,fte,Energy Strategy & Electric Utility,2018,adopted,fte,-,-,*,agree,both readings,297-298
2022,fte,Energy Strategy & Electric Utility,2019,adopted,fte,6.5,-,6.5,DISAGREE,another report,297-298
2022,fte,Energy Strategy & Electric Utility,2020,adopted,fte,21,-,21,DISAGREE,another report,297-298
2022,fte,Energy Strategy & Electric Utility,2021,adopted,fte,16.5,-,16.5,DISAGREE,another report,297-298
2022,fte,Energy Strategy & Electric Utility,2022,adopted,fte,-,19,-,DISAGREE,another report,297-298
2022,fte,Climate Initatives,2013,adopted,fte,-,-,-,agree,both readings,297-298
2022,fte,Climate Initatives,2014,adopted,fte,-,-,-,agree,both readings,297-298
2022,fte,Climate Initatives,2015,adopted,fte,-,-,-,agree,both readings,297-298
2022,fte,Climate Initatives,2016,adopted,fte,-,-,-,agree,both readings,297-298
2022,fte,Climate Initatives,2017,adopted,fte,-,-,-,agree,both readings,297-298
2022,fte,Climate Initatives,2018,adopted,fte,-,-,-,agree,both readings,297-298
2022,fte,Climate Initatives,2019,adopted,fte,-,-,-,agree,both readings,297-298
2022,fte,Climate Initatives,2020,adopted,fte,-,-,-,agree,both readings,297-298
2022,fte,Climate Initatives,2021,adopted,fte,-,-,-,agree,both readings,297-298
2022,fte,Climate Initatives,2022,adopted,fte,19,-,19,DISAGREE,another report,297-298
2022,fte,Administration,2013,adopted,fte,2.74,2.74,2.74,agree,both readings,297-298
2022,fte,Administration,2014,adopted,fte,2.74,2.74,2.74,agree,both readings,297-298
2022,fte,Administration,2015,adopted,fte,3.74,3.74,3.74,agree,both readings,297-298
2022,fte,Administration,2016,adopted,fte,2.85,2.85,2.85,agree,both readings,297-298
2022,fte,Administration,2017,adopted,fte,1.5,,1.5,text only,another report,297-298
2022,fte,Fleet,2013,adopted,fte,14.77,14.77,14.77,agree,both readings,297-298
2022,fte,Fleet,2014,adopted,fte,14.77,14.77,14.77,agree,both readings,297-298
2022,fte,Fleet,2015,adopted,fte,14.77,14.77,14.77,agree,both readings,297-298
2022,fte,Fleet,2016,adopted,fte,15.12,15.12,15.12,agree,both readings,297-298
2022,fte,Fleet,2017,adopted,fte,14.62,14.62,14.62,agree,both readings,297-298
2022,fte,Fleet,2018,adopted,fte,13.2,13.2,13.2,agree,both readings,297-298
2022,fte,Fleet,2019,adopted,fte,13.43,13.43,13.43,agree,both readings,297-298
2022,fte,Fleet,2020,adopted,fte,12.8,12.8,12.8,agree,both readings,297-298
2022,fte,Fleet,2021,adopted,fte,12.4,12.4,12.4,agree,both readings,297-298
2022,fte,Fleet,2022,adopted,fte,12.8,12.8,12.8,agree,both readings,297-298
2022,fte,Transportation,2013,adopted,fte,59.78,59.78,59.78,agree,both readings,297-298
2022,fte,Transportation,2014,adopted,fte,60.09,60.09,60.09,agree,both readings,297-298
2022,fte,Transportation,2015,adopted,fte,70.34,70.34,70.34,agree,both readings,297-298
2022,fte,Transportation,2016,adopted,fte,71.34,71.34,71.34,agree,both readings,297-298
2022,fte,Transportation,2017,adopted,fte,72.09,72.09,72.09,agree,both readings,297-298
2022,fte,Transportation,2018,adopted,fte,73.87,73.87,73.87,agree,both readings,297-298
2022,fte,Transportation,2019,adopted,fte,75.91,75.91,75.91,agree,both readings,297-298
2022,fte,Transportation,2020,adopted,fte,70.41,70.41,70.41,agree,both readings,297-298
2022,fte,Transportation,2021,adopted,fte,70.52,70.52,70.52,agree,both readings,297-298
2022,fte,Transportation,2022,adopted,fte,81.52,81.52,81.52,agree,both readings,297-298
2022,fte,Utilities,2013,adopted,fte,153.59,153.59,153.59,agree,both readings,297-298
2022,fte,Utilities,2014,adopted,fte,154.17,154.17,154.17,agree,both readings,297-298
2022,fte,Utilities,2015,adopted,fte,166.92,166.92,166.92,agree,both readings,297-298
2022,fte,Utilities,2016,adopted,fte,168.02,168.02,168.02,agree,both readings,297-298
2022,fte,Utilities,2017,adopted,fte,168.87,168.87,168.87,agree,both readings,297-298
2022,fte,Utilities,2018,adopted,fte,169.48,169.48,169.48,agree,both readings,297-298
2022,fte,Utilities,2019,adopted,fte,168.9,168.9,168.9,agree,both readings,297-298
2022,fte,Utilities,2020,adopted,fte,160.54,160.54,160.54,agree,both readings,297-298
2022,fte,Utilities,2021,adopted,fte,166.07,166.07,166.07,agree,both readings,297-298
2022,fte,Utilities,2022,adopted,fte,178.57,178.57,178.57,agree,both readings,297-298
2022,fte,Facility / Asset Management,2013,adopted,fte,14.73,14.73,14.73,agree,both readings,297-298
2022,fte,Facility / Asset Management,2014,adopted,fte,14.84,14.84,14.84,agree,both readings,297-298
2022,fte,Facility / Asset Management,2015,adopted,fte,14.84,14.84,14.84,agree,both readings,297-298
2022,fte,Facility / Asset Management,2016,adopted,fte,17.53,17.53,17.53,agree,both readings,297-298
2022,fte,Facility / Asset Management,2017,adopted,fte,18.79,18.79,18.79,agree,both readings,297-298
2022,fte,Facility / Asset Management,2018,adopted,fte,19.22,19.22,19.99,DISAGREE,another report,297-298
2022,fte,Facility / Asset Management,2019,adopted,fte,19.99,19.99,21.62,DISAGREE,another report,297-298
2022,fte,Facility / Asset Management,2020,adopted,fte,21.62,21.62,21.04,DISAGREE,another report,297-298
2022,fte,Facility / Asset Management,2021,adopted,fte,21.04,21.04,29.39,DISAGREE,another report,297-298
2022,fte,Facility / Asset Management,2022,adopted,fte,29.39,29.39,19.22,DISAGREE,another report,297-298
2022,fte,Parks and Recreation,2013,adopted,fte,128.37,128.37,128.37,agree,both readings,297-298
2022,fte,Parks and Recreation,2014,adopted,fte,127.37,127.37,127.37,agree,both readings,297-298
2022,fte,Parks and Recreation,2015,adopted,fte,130.35,130.35,130.35,agree,both readings,297-298
2022,fte,Parks and Recreation,2016,adopted,fte,136.35,136.35,136.35,agree,both readings,297-298
2022,fte,Parks and Recreation,2017,adopted,fte,139.12,139.12,139.12,agree,both readings,297-298
2022,fte,Parks and Recreation,2018,adopted,fte,146.27,146.27,146.27,agree,both readings,297-298
2022,fte,Parks and Recreation,2019,adopted,fte,141.5,141.5,141.5,agree,both readings,297-298
2022,fte,Parks and Recreation,2020,adopted,fte,145.25,145.25,145.25,agree,both readings,297-298
2022,fte,Parks and Recreation,2021,adopted,fte,123.52,123.52,123.52,agree,both readings,297-298
2022,fte,Parks and Recreation,2022,adopted,fte,134,134,134,agree,both readings,297-298
2022,fte,Library,2013,adopted,fte,74.14,74.14,74.14,agree,both readings,297-298
2022,fte,Library,2014,adopted,fte,76.26,76.26,76.26,agree,both readings,297-298
2022,fte,Library,2015,adopted,fte,76.26,76.26,76.26,agree,both readings,297-298
2022,fte,Library,2016,adopted,fte,77.5,77.5,77.5,agree,both readings,297-298
2022,fte,Library,2017,adopted,fte,74,74,74,agree,both readings,297-298
2022,fte,Library,2018,adopted,fte,74,74,74,agree,both readings,297-298
2022,fte,Library,2019,adopted,fte,74.25,74.25,74.25,agree,both readings,297-298
2022,fte,Library,2020,adopted,fte,76.75,76.75,76.75,agree,both readings,297-298
2022,fte,Library,2021,adopted,fte,61.73,61.73,61.73,agree,both readings,297-298
2022,fte,Library,2022,adopted,fte,77.75,77.75,77.75,agree,both readings,297-298
2022,fte,Arts,2013,adopted,fte,3.25,3.25,3.25,agree,both readings,297-298
2022,fte,Arts,2014,adopted,fte,3.25,3.25,3.25,agree,both readings,297-298
2022,fte,Arts,2015,adopted,fte,2.25,2.25,2.25,agree,both readings,297-298
2022,fte,Arts,2016,adopted,fte,1,1,1,agree,both readings,297-298
2022,fte,Arts,2017,adopted,fte,3.5,3.5,3.5,agree,both readings,297-298
2022,fte,Arts,2018,adopted,fte,3.5,3.5,3.5,agree,both readings,297-298
2022,fte,Arts,2019,adopted,fte,3.5,3.5,3.5,agree,both readings,297-298
2022,fte,Arts,2020,adopted,fte,3.5,3.5,3.5,agree,both readings,297-298
2022,fte,Arts,2021,adopted,fte,3.5,3.5,3.5,agree,both readings,297-298
2022,fte,Arts,2022,adopted,fte,-,-,-,agree,both readings,297-298
2022,fte,Open Space / Mountain Parks,2013,adopted,fte,91.6,91.6,91.6,agree,both readings,297-298
2022,fte,Open Space / Mountain Parks,2014,adopted,fte,95.35,95.35,95.35,agree,both readings,297-298
2022,fte,Open Space / Mountain Parks,2015,adopted,fte,102.35,102.35,102.35,agree,both readings,297-298
2022,fte,Open Space / Mountain Parks,2016,adopted,fte,117.15,117.15,117.15,agree,both readings,297-298
2022,fte,Open Space / Mountain Parks,2017,adopted,fte,128.4,128.4,128.4,agree,both readings,297-298
2022,fte,Open Space / Mountain Parks,2018,adopted,fte,126.18,126.18,126.18,agree,both readings,297-298
2022,fte,Open Space / Mountain Parks,2019,adopted,fte,121.6,121.6,121.6,agree,both readings,297-298
2022,fte,Open Space / Mountain Parks,2020,adopted,fte,125.35,125.35,125.35,agree,both readings,297-298
2022,fte,Open Space / Mountain Parks,2021,adopted,fte,125.65,125.65,125.65,agree,both readings,297-298
2022,fte,Open Space / Mountain Parks,2022,adopted,fte,127.35,127.35,127.35,agree,both readings,297-298
2022,fte,Housing and Human Services,2013,adopted,fte,48.34,48.34,48.34,agree,both readings,297-298
2022,fte,Housing and Human Services,2014,adopted,fte,48.91,48.91,48.91,agree,both readings,297-298
2022,fte,Housing and Human Services,2015,adopted,fte,50.39,50.39,50.39,agree,both readings,297-298
2022,fte,Housing and Human Services,2016,adopted,fte,52.14,52.14,52.14,agree,both readings,297-298
2022,fte,Housing and Human Services,2017,adopted,fte,-,-,-,agree,both readings,297-298
2022,fte,Housing and Human Services,2018,adopted,fte,-,-,-,agree,both readings,297-298
2022,fte,Housing and Human Services,2019,adopted,fte,-,-,-,agree,both readings,297-298
2022,fte,Housing and Human Services,2020,adopted,fte,-,-,-,agree,both readings,297-298
2022,fte,Housing and Human Services,2021,adopted,fte,-,-,-,agree,both readings,297-298
2022,fte,Housing and Human Services,2022,adopted,fte,49.1,49.1,49.1,agree,both readings,297-298
2022,fte,Housing,2013,adopted,fte,-,-,-,agree,both readings,297-298
2022,fte,Housing,2014,adopted,fte,-,-,-,agree,both readings,297-298
2022,fte,Housing,2015,adopted,fte,-,-,-,agree,both readings,297-298
2022,fte,Housing,2016,adopted,fte,-,-,-,agree,both readings,297-298
2022,fte,Housing,2017,adopted,fte,15.95,15.95,15.95,agree,both readings,297-298
2022,fte,Housing,2018,adopted,fte,16.35,16.35,16.35,agree,both readings,297-298
2022,fte,Housing,2019,adopted,fte,15.35,15.35,15.35,agree,both readings,297-298
2022,fte,Housing,2020,adopted,fte,15.35,15.35,15.35,agree,both readings,297-298
2022,fte,Housing,2021,adopted,fte,9.59,9.59,9.59,agree,both readings,297-298
2022,fte,Housing,2022,adopted,fte,-,-,-,agree,both readings,297-298
2022,fte,Human Services,2013,adopted,fte,-,-,-,agree,both readings,297-298
2022,fte,Human Services,2014,adopted,fte,-,-,-,agree,both readings,297-298
2022,fte,Human Services,2015,adopted,fte,-,-,-,agree,both readings,297-298
2022,fte,Human Services,2016,adopted,fte,-,-,-,agree,both readings,297-298
2022,fte,Human Services,2017,adopted,fte,35.05,35.05,35.05,agree,both readings,297-298
2022,fte,Human Services,2018,adopted,fte,36.22,36.22,36.22,agree,both readings,297-298
2022,fte,Human Services,2019,adopted,fte,33.22,33.22,33.22,agree,both readings,297-298
2022,fte,Human Services,2020,adopted,fte,33.22,33.22,33.22,agree,both readings,297-298
2022,fte,Human Services,2021,adopted,fte,30.81,30.81,30.81,agree,both readings,297-298
2022,fte,Human Services,2022,adopted,fte,-,-,-,agree,both readings,297-298
2022,fte,Total,2013,adopted,fte,1260.62,1260.62,1260.62,agree,both readings,297-298
2022,fte,Total,2014,adopted,fte,1286.01,1286.01,1286.01,agree,both readings,297-298
2022,fte,Total,2015,adopted,fte,1358.77,1358.77,1358.77,agree,both readings,297-298
2022,fte,Total,2016,adopted,fte,1419.15,1419.15,1419.15,agree,both readings,297-298
2022,fte,Total,2017,adopted,fte,1447.36,1447.36,1447.36,agree,both readings,297-298
2022,fte,Total,2018,adopted,fte,1451.09,1451.09,1451.09,agree,both readings,297-298
2022,fte,Total,2019,adopted,fte,1432.58,1432.58,1432.58,agree,both readings,297-298
2022,fte,Total,2020,adopted,fte,1442.17,1442.17,1442.17,agree,both readings,297-298
2022,fte,Total,2021,adopted,fte,1347.3,1347.3,1347.3,agree,both readings,297-298
2022,fte,Total,2022,adopted,fte,1463.45,1463.45,1463.45,agree,both readings,297-298
2022,gf,Sales and use taxes,2022,adopted,thousands,73685,73685,73685,agree,both readings,49-50
2022,gf,Sales and use taxes,2022,final,thousands,73685,73685,73685,agree,both readings,49-50
2022,gf,Sales and use taxes,2022,actual,thousands,81136,81136,81136,agree,both readings,49-50
2022,gf,Sales and use taxes,2022,variance,thousands,7451,7451,7451,agree,both readings,49-50
2022,gf,General property taxes,2022,adopted,thousands,45156,45156,45156,agree,both readings,49-50
2022,gf,General property taxes,2022,final,thousands,45156,45156,45156,agree,both readings,49-50
2022,gf,General property taxes,2022,actual,thousands,45627,45627,45627,agree,both readings,49-50
2022,gf,General property taxes,2022,variance,thousands,471,471,471,agree,both readings,49-50
2022,gf,Accommodations taxes,2022,adopted,thousands,8839,8839,8839,agree,both readings,49-50
2022,gf,Accommodations taxes,2022,final,thousands,8839,8839,8839,agree,both readings,49-50
2022,gf,Accommodations taxes,2022,actual,thousands,10894,10894,10894,agree,both readings,49-50
2022,gf,Accommodations taxes,2022,variance,thousands,2055,2055,2055,agree,both readings,49-50
2022,gf,Occupation taxes,2022,adopted,thousands,9600,9600,9600,agree,both readings,49-50
2022,gf,Occupation taxes,2022,final,thousands,9600,9600,9600,agree,both readings,49-50
2022,gf,Occupation taxes,2022,actual,thousands,10440,10440,10440,agree,both readings,49-50
2022,gf,Occupation taxes,2022,variance,thousands,840,840,840,agree,both readings,49-50
2022,gf,Specific ownership & tobacco taxes,2022,adopted,thousands,2884,2884,2884,agree,both readings,49-50
2022,gf,Specific ownership & tobacco taxes,2022,final,thousands,2884,2884,2884,agree,both readings,49-50
2022,gf,Specific ownership & tobacco taxes,2022,actual,thousands,2489,2489,2489,agree,both readings,49-50
2022,gf,Specific ownership & tobacco taxes,2022,variance,thousands,-395,-395,-395,agree,both readings,49-50
2022,gf,Excise taxes,2022,adopted,thousands,1087,1087,1087,agree,both readings,49-50
2022,gf,Excise taxes,2022,final,thousands,1087,1087,1087,agree,both readings,49-50
2022,gf,Excise taxes,2022,actual,thousands,771,771,771,agree,both readings,49-50
2022,gf,Excise taxes,2022,variance,thousands,-316,-316,-316,agree,both readings,49-50
2022,gf,Charges for services,2022,adopted,thousands,6148,6148,6148,agree,both readings,49-50
2022,gf,Charges for services,2022,final,thousands,6148,6148,6148,agree,both readings,49-50
2022,gf,Charges for services,2022,actual,thousands,4319,4319,4319,agree,both readings,49-50
2022,gf,Charges for services,2022,variance,thousands,-1829,-1829,-1829,agree,both readings,49-50
2022,gf,Sale of goods,2022,adopted,thousands,78,78,78,agree,both readings,49-50
2022,gf,Sale of goods,2022,final,thousands,78,78,78,agree,both readings,49-50
2022,gf,Sale of goods,2022,actual,thousands,93,93,93,agree,both readings,49-50
2022,gf,Sale of goods,2022,variance,thousands,15,15,15,agree,both readings,49-50
2022,gf,"Licenses, permits and fines",2022,adopted,thousands,6615,6615,6615,agree,both readings,49-50
2022,gf,"Licenses, permits and fines",2022,final,thousands,6615,6615,6615,agree,both readings,49-50
2022,gf,"Licenses, permits and fines",2022,actual,thousands,5905,5905,5905,agree,both readings,49-50
2022,gf,"Licenses, permits and fines",2022,variance,thousands,-710,-710,-710,agree,both readings,49-50
2022,gf,Intergovernmental,2022,adopted,thousands,2127,2127,2127,agree,both readings,49-50
2022,gf,Intergovernmental,2022,final,thousands,4272,4272,4272,agree,both readings,49-50
2022,gf,Intergovernmental,2022,actual,thousands,5566,5566,5566,agree,both readings,49-50
2022,gf,Intergovernmental,2022,variance,thousands,1294,1294,1294,agree,both readings,49-50
2022,gf,"Leases, rents and royalties",2022,adopted,thousands,180,180,180,agree,both readings,49-50
2022,gf,"Leases, rents and royalties",2022,final,thousands,180,180,180,agree,both readings,49-50
2022,gf,"Leases, rents and royalties",2022,actual,thousands,110,110,110,agree,both readings,49-50
2022,gf,"Leases, rents and royalties",2022,variance,thousands,-70,-70,-70,agree,both readings,49-50
2022,gf,Interest and investment earnings,2022,adopted,thousands,900,900,900,agree,both readings,49-50
2022,gf,Interest and investment earnings,2022,final,thousands,900,900,900,agree,both readings,49-50
2022,gf,Interest and investment earnings,2022,actual,thousands,1044,1044,1044,agree,both readings,49-50
2022,gf,Interest and investment earnings,2022,variance,thousands,144,144,144,agree,both readings,49-50
2022,gf,Other,2022,adopted,thousands,1030,1030,1030,agree,both readings,49-50
2022,gf,Other,2022,final,thousands,1131,1131,1131,agree,both readings,49-50
2022,gf,Other,2022,actual,thousands,5135,5135,5135,agree,both readings,49-50
2022,gf,Other,2022,variance,thousands,4004,4004,4004,agree,both readings,49-50
2022,gf,Total revenues,2022,adopted,thousands,158329,158329,158329,agree,both readings,49-50
2022,gf,Total revenues,2022,final,thousands,160575,160575,160575,agree,both readings,49-50
2022,gf,Total revenues,2022,actual,thousands,173529,173529,173529,agree,both readings,49-50
2022,gf,Total revenues,2022,variance,thousands,12954,12954,12954,agree,both readings,49-50
2022,gf,General Government,2022,adopted,thousands,21194,21194,21194,agree,both readings,49-50
2022,gf,General Government,2022,final,thousands,31508,31508,31508,agree,both readings,49-50
2022,gf,General Government,2022,actual,thousands,22743,22743,22743,agree,both readings,49-50
2022,gf,General Government,2022,variance,thousands,8765,8765,8765,agree,both readings,49-50
2022,gf,Administrative Services,2022,adopted,thousands,20417,20417,20417,agree,both readings,49-50
2022,gf,Administrative Services,2022,final,thousands,39371,39371,39371,agree,both readings,49-50
2022,gf,Administrative Services,2022,actual,thousands,28047,28047,28047,agree,both readings,49-50
2022,gf,Administrative Services,2022,variance,thousands,11324,11324,11324,agree,both readings,49-50
2022,gf,Public Safety,2022,adopted,thousands,64321,64321,64321,agree,both readings,49-50
2022,gf,Public Safety,2022,final,thousands,72744,72744,72744,agree,both readings,49-50
2022,gf,Public Safety,2022,actual,thousands,70196,70196,70196,agree,both readings,49-50
2022,gf,Public Safety,2022,variance,thousands,2548,2548,2548,agree,both readings,49-50
2022,gf,Public Works,2022,adopted,thousands,10161,10161,10161,agree,both readings,49-50
2022,gf,Public Works,2022,final,thousands,20205,20205,20205,agree,both readings,49-50
2022,gf,Public Works,2022,actual,thousands,19334,19334,19334,agree,both readings,49-50
2022,gf,Public Works,2022,variance,thousands,871,871,871,agree,both readings,49-50
2022,gf,Planning & Development Services,2022,adopted,thousands,2556,2556,2556,agree,both readings,49-50
2022,gf,Planning & Development Services,2022,final,thousands,3716,3716,3716,agree,both readings,49-50
2022,gf,Planning & Development Services,2022,actual,thousands,2850,2850,2850,agree,both readings,49-50
2022,gf,Planning & Development Services,2022,variance,thousands,866,866,866,agree,both readings,49-50
2022,gf,Culture and Recreation,2022,adopted,thousands,15519,15519,15519,agree,both readings,49-50
2022,gf,Culture and Recreation,2022,final,thousands,18456,18456,18456,agree,both readings,49-50
2022,gf,Culture and Recreation,2022,actual,thousands,16811,16811,16811,agree,both readings,49-50
2022,gf,Culture and Recreation,2022,variance,thousands,1645,1645,1645,agree,both readings,49-50
2022,gf,Open Space and Mountain Parks,2022,adopted,thousands,-,-,-,agree,both readings,49-50
2022,gf,Open Space and Mountain Parks,2022,final,thousands,-,-,-,agree,both readings,49-50
2022,gf,Open Space and Mountain Parks,2022,actual,thousands,-,-,-,agree,both readings,49-50
2022,gf,Open Space and Mountain Parks,2022,variance,thousands,-,-,-,agree,both readings,49-50
2022,gf,Housing and Human Services,2022,adopted,thousands,12806,12806,12806,agree,both readings,49-50
2022,gf,Housing and Human Services,2022,final,thousands,18171,18171,18171,agree,both readings,49-50
2022,gf,Housing and Human Services,2022,actual,thousands,11669,11669,11669,agree,both readings,49-50
2022,gf,Housing and Human Services,2022,variance,thousands,6502,6502,6502,agree,both readings,49-50
2022,gf,Principal,2022,adopted,thousands,1195,1195,1195,agree,both readings,49-50
2022,gf,Principal,2022,final,thousands,4369,4369,4369,agree,both readings,49-50
2022,gf,Principal,2022,actual,thousands,4119,4119,4119,agree,both readings,49-50
2022,gf,Principal,2022,variance,thousands,250,250,250,agree,both readings,49-50
2022,gf,Interest,2022,adopted,thousands,529,529,529,agree,both readings,49-50
2022,gf,Interest,2022,final,thousands,977,977,977,agree,both readings,49-50
2022,gf,Interest,2022,actual,thousands,667,667,667,agree,both readings,49-50
2022,gf,Interest,2022,variance,thousands,310,310,310,agree,both readings,49-50
2022,gf,Total expenditures,2022,adopted,thousands,148698,148698,148698,agree,both readings,49-50
2022,gf,Total expenditures,2022,final,thousands,209517,209517,209517,agree,both readings,49-50
2022,gf,Total expenditures,2022,actual,thousands,176436,176436,176436,agree,both readings,49-50
2022,gf,Total expenditures,2022,variance,thousands,33081,33081,33081,agree,both readings,49-50
2022,gf,Excess (deficiency) of revenues over (under) expenditures,2022,adopted,thousands,9631,9631,,ocr only,own arithmetic,49-50
2022,gf,Excess (deficiency) of revenues over (under) expenditures,2022,final,thousands,-48942,-48942,,ocr only,own arithmetic,49-50
2022,gf,Excess (deficiency) of revenues over (under) expenditures,2022,actual,thousands,-2907,-2907,,ocr only,own arithmetic,49-50
2022,gf,Excess (deficiency) of revenues over (under) expenditures,2022,variance,thousands,46035,46035,,ocr only,own arithmetic,49-50
2022,gf,Proceeds from sale of capital asset,2022,adopted,thousands,-,-,-,agree,both readings,49-50
2022,gf,Proceeds from sale of capital asset,2022,final,thousands,-,-,-,agree,both readings,49-50
2022,gf,Proceeds from sale of capital asset,2022,actual,thousands,517,517,517,agree,both readings,49-50
2022,gf,Proceeds from sale of capital asset,2022,variance,thousands,517,517,517,agree,both readings,49-50
2022,gf,Transfers in,2022,adopted,thousands,13555,13555,13555,agree,both readings,49-50
2022,gf,Transfers in,2022,final,thousands,12914,12914,12914,agree,both readings,49-50
2022,gf,Transfers in,2022,actual,thousands,12914,12914,12914,agree,both readings,49-50
2022,gf,Transfers in,2022,variance,thousands,-,-,-,agree,both readings,49-50
2022,gf,Transfers out,2022,adopted,thousands,-20263,-20263,-20263,agree,both readings,49-50
2022,gf,Transfers out,2022,final,thousands,-22422,-22422,-22422,agree,both readings,49-50
2022,gf,Transfers out,2022,actual,thousands,-19822,-19822,-19822,agree,both readings,49-50
2022,gf,Transfers out,2022,variance,thousands,2600,2600,2600,agree,both readings,49-50
2022,gf,Total other financing sources (uses),2022,adopted,thousands,-6708,-6708,-6708,agree,both readings,49-50
2022,gf,Total other financing sources (uses),2022,final,thousands,-9508,-9508,-9508,agree,both readings,49-50
2022,gf,Total other financing sources (uses),2022,actual,thousands,-6391,-6391,-6391,agree,both readings,49-50
2022,gf,Total other financing sources (uses),2022,variance,thousands,3117,3117,3117,agree,both readings,49-50
2022,gf,Net change in fund balance,2022,adopted,thousands,2923,2923,2923,agree,both readings,49-50
2022,gf,Net change in fund balance,2022,final,thousands,-58450,-58450,-58450,agree,both readings,49-50
2022,gf,Net change in fund balance,2022,actual,thousands,-9298,-9298,-9298,agree,both readings,49-50
2022,gf,Net change in fund balance,2022,variance,thousands,49152,49152,49152,agree,both readings,49-50
2022,legal,Assessed value,2022,actual,thousands,4227302,4227302,4227302,agree,both readings,291-292
2022,legal,Debt limit - 3% of assessed value,2022,actual,thousands,126819,126819,126819,agree,both readings,291-292
2023,fundbal,Sales and use taxes,2014,actual,thousands,116316,116316,,ocr only,another report,279-280
2023,fundbal,Sales and use taxes,2015,actual,thousands,131323,131323,,ocr only,another report,279-280
2023,fundbal,Sales and use taxes,2016,actual,thousands,136269,136269,,ocr only,another report,279-280
2023,fundbal,Sales and use taxes,2017,actual,thousands,131857,131857,,ocr only,another report,279-280
2023,fundbal,Sales and use taxes,2018,actual,thousands,146400,146400,,ocr only,another report,279-280
2023,fundbal,Sales and use taxes,2019,actual,thousands,144025,144025,,ocr only,another report,279-280
2023,fundbal,Sales and use taxes,2020,actual,thousands,137340,137340,,ocr only,another report,279-280
2023,fundbal,Sales and use taxes,2021,actual,thousands,154694,154694,,ocr only,another report,279-280
2023,fundbal,Sales and use taxes,2022,actual,thousands,171335,171335,,ocr only,another report,279-280
2023,fundbal,Sales and use taxes,2023,actual,thousands,178213,178213,,ocr only,another report,279-280
2023,fundbal,General property taxes,2014,actual,thousands,30353,30353,,ocr only,another report,279-280
2023,fundbal,General property taxes,2015,actual,thousands,30846,30846,,ocr only,another report,279-280
2023,fundbal,General property taxes,2016,actual,thousands,36897,36897,,ocr only,another report,279-280
2023,fundbal,General property taxes,2017,actual,thousands,37252,37252,,ocr only,another report,279-280
2023,fundbal,General property taxes,2018,actual,thousands,43700,43700,,ocr only,another report,279-280
2023,fundbal,General property taxes,2019,actual,thousands,43156,43156,,ocr only,another report,279-280
2023,fundbal,General property taxes,2020,actual,thousands,47804,47804,,ocr only,another report,279-280
2023,fundbal,General property taxes,2021,actual,thousands,47945,47945,,ocr only,another report,279-280
2023,fundbal,General property taxes,2022,actual,thousands,51558,51558,,ocr only,another report,279-280
2023,fundbal,General property taxes,2023,actual,thousands,49283,49283,,ocr only,another report,279-280
2023,taxsales,Apparel Stores,2014,actual,thousands,118703,118703,,ocr only,another report,281-282
2023,taxsales,Apparel Stores,2015,actual,thousands,122977,122977,,ocr only,another report,281-282
2023,taxsales,Apparel Stores,2016,actual,thousands,123958,123958,,ocr only,another report,281-282
2023,taxsales,Apparel Stores,2017,actual,thousands,116513,116513,,ocr only,another report,281-282
2023,taxsales,Apparel Stores,2018,actual,thousands,118308,118308,,ocr only,another report,281-282
2023,taxsales,Apparel Stores,2019,actual,thousands,105696,105696,,ocr only,another report,281-282
2023,taxsales,Apparel Stores,2020,actual,thousands,90814,90814,,ocr only,another report,281-282
2023,taxsales,Apparel Stores,2021,actual,thousands,127311,127311,,ocr only,another report,281-282
2023,taxsales,Apparel Stores,2022,actual,thousands,139640,139640,,ocr only,another report,281-282
2023,taxsales,Apparel Stores,2023,actual,thousands,153275,153275,,ocr only,another report,281-282
2023,taxsales,Automotive Trade,2014,actual,thousands,223429,223429,,ocr only,another report,281-282
2023,taxsales,Automotive Trade,2015,actual,thousands,235029,235029,,ocr only,another report,281-282
2023,taxsales,Automotive Trade,2016,actual,thousands,239489,239489,,ocr only,another report,281-282
2023,taxsales,Automotive Trade,2017,actual,thousands,251106,251106,,ocr only,another report,281-282
2023,taxsales,Automotive Trade,2018,actual,thousands,258584,258584,,ocr only,another report,281-282
2023,taxsales,Automotive Trade,2019,actual,thousands,262565,262565,,ocr only,another report,281-282
2023,taxsales,Automotive Trade,2020,actual,thousands,268208,268208,,ocr only,another report,281-282
2023,taxsales,Automotive Trade,2021,actual,thousands,332835,332835,,ocr only,another report,281-282
2023,taxsales,Automotive Trade,2022,actual,thousands,334428,334428,,ocr only,another report,281-282
2023,taxsales,Automotive Trade,2023,actual,thousands,361615,361615,,ocr only,another report,281-282
2023,taxsales,Building Material-Retail,2014,actual,thousands,111381,111381,,ocr only,another report,281-282
2023,taxsales,Building Material-Retail,2015,actual,thousands,114560,114560,,ocr only,another report,281-282
2023,taxsales,Building Material-Retail,2016,actual,thousands,121991,121991,,ocr only,another report,281-282
2023,taxsales,Building Material-Retail,2017,actual,thousands,121201,121201,,ocr only,another report,281-282
2023,taxsales,Building Material-Retail,2018,actual,thousands,121719,121719,,ocr only,another report,281-282
2023,taxsales,Building Material-Retail,2019,actual,thousands,125063,125063,,ocr only,another report,281-282
2023,taxsales,Building Material-Retail,2020,actual,thousands,132942,132942,,ocr only,another report,281-282
2023,taxsales,Building Material-Retail,2021,actual,thousands,146375,146375,,ocr only,another report,281-282
2023,taxsales,Building Material-Retail,2022,actual,thousands,153326,153326,,ocr only,another report,281-282
2023,taxsales,Building Material-Retail,2023,actual,thousands,142371,142371,,ocr only,another report,281-282
2023,taxsales,Computer Related Business Sector,2014,actual,thousands,200512,200512,,ocr only,another report,281-282
2023,taxsales,Computer Related Business Sector,2015,actual,thousands,205890,205890,,ocr only,another report,281-282
2023,taxsales,Computer Related Business Sector,2016,actual,thousands,195938,195938,,ocr only,another report,281-282
2023,taxsales,Computer Related Business Sector,2017,actual,thousands,188351,188351,,ocr only,another report,281-282
2023,taxsales,Computer Related Business Sector,2018,actual,thousands,198501,198501,,ocr only,another report,281-282
2023,taxsales,Computer Related Business Sector,2019,actual,thousands,192020,192020,,ocr only,another report,281-282
2023,taxsales,Computer Related Business Sector,2020,actual,thousands,254960,254960,,ocr only,another report,281-282
2023,taxsales,Computer Related Business Sector,2021,actual,thousands,284801,284801,,ocr only,another report,281-282
2023,taxsales,Computer Related Business Sector,2022,actual,thousands,385621,385621,,ocr only,another report,281-282
2023,taxsales,Computer Related Business Sector,2023,actual,thousands,344557,344557,,ocr only,another report,281-282
2023,taxsales,Construction Sales Tax,2014,actual,thousands,11576,11576,,ocr only,another report,281-282
2023,taxsales,Construction Sales Tax,2015,actual,thousands,-,-,,ocr only,another report,281-282
2023,taxsales,Construction Sales Tax,2016,actual,thousands,-,-,,ocr only,another report,281-282
2023,taxsales,Construction Sales Tax,2017,actual,thousands,-,-,,ocr only,another report,281-282
2023,taxsales,Construction Sales Tax,2018,actual,thousands,-,-,,ocr only,another report,281-282
2023,taxsales,Construction Sales Tax,2019,actual,thousands,-,-,,ocr only,another report,281-282
2023,taxsales,Construction Sales Tax,2020,actual,thousands,-,-,,ocr only,another report,281-282
2023,taxsales,Construction Sales Tax,2021,actual,thousands,-,-,,ocr only,another report,281-282
2023,taxsales,Construction Sales Tax,2022,actual,thousands,-,-,,ocr only,another report,281-282
2023,taxsales,Construction Sales Tax,2023,actual,thousands,-,-,,ocr only,another report,281-282
2023,taxsales,Construction Use Tax,2014,actual,thousands,251594,251594,,ocr only,another report,281-282
2023,taxsales,Construction Use Tax,2015,actual,thousands,-,-,,ocr only,another report,281-282
2023,taxsales,Construction Use Tax,2016,actual,thousands,-,-,,ocr only,another report,281-282
2023,taxsales,Construction Use Tax,2017,actual,thousands,-,-,,ocr only,another report,281-282
2023,taxsales,Construction Use Tax,2018,actual,thousands,-,-,,ocr only,another report,281-282
2023,taxsales,Construction Use Tax,2019,actual,thousands,-,-,,ocr only,another report,281-282
2023,taxsales,Construction Use Tax,2020,actual,thousands,-,-,,ocr only,another report,281-282
2023,taxsales,Construction Use Tax,2021,actual,thousands,-,-,,ocr only,another report,281-282
2023,taxsales,Construction Use Tax,2022,actual,thousands,-,-,,ocr only,another report,281-282
2023,taxsales,Construction Use Tax,2023,actual,thousands,-,-,,ocr only,another report,281-282
2023,taxsales,Constructions Firms Sales/Use Tax,2014,actual,thousands,-,-,,ocr only,another report,281-282
2023,taxsales,Constructions Firms Sales/Use Tax,2015,actual,thousands,276746,276746,,ocr only,another report,281-282
2023,taxsales,Constructions Firms Sales/Use Tax,2016,actual,thousands,304301,304301,,ocr only,another report,281-282
2023,taxsales,Constructions Firms Sales/Use Tax,2017,actual,thousands,279081,279081,,ocr only,another report,281-282
2023,taxsales,Constructions Firms Sales/Use Tax,2018,actual,thousands,352701,352701,,ocr only,another report,281-282
2023,taxsales,Constructions Firms Sales/Use Tax,2019,actual,thousands,308127,308127,,ocr only,another report,281-282
2023,taxsales,Constructions Firms Sales/Use Tax,2020,actual,thousands,342503,342503,,ocr only,another report,281-282
2023,taxsales,Constructions Firms Sales/Use Tax,2021,actual,thousands,276028,276028,,ocr only,another report,281-282
2023,taxsales,Constructions Firms Sales/Use Tax,2022,actual,thousands,374869,374869,,ocr only,another report,281-282
2023,taxsales,Constructions Firms Sales/Use Tax,2023,actual,thousands,483669,483669,,ocr only,another report,281-282
2023,taxsales,Consumer Electronics,2014,actual,thousands,67677,67677,,ocr only,another report,281-282
2023,taxsales,Consumer Electronics,2015,actual,thousands,66687,66687,,ocr only,another report,281-282
2023,taxsales,Consumer Electronics,2016,actual,thousands,71024,71024,,ocr only,another report,281-282
2023,taxsales,Consumer Electronics,2017,actual,thousands,59211,59211,,ocr only,another report,281-282
2023,taxsales,Consumer Electronics,2018,actual,thousands,73263,73263,,ocr only,another report,281-282
2023,taxsales,Consumer Electronics,2019,actual,thousands,75110,75110,,ocr only,another report,281-282
2023,taxsales,Consumer Electronics,2020,actual,thousands,99860,99860,,ocr only,another report,281-282
2023,taxsales,Consumer Electronics,2021,actual,thousands,131596,131596,,ocr only,another report,281-282
2023,taxsales,Consumer Electronics,2022,actual,thousands,122343,122343,,ocr only,another report,281-282
2023,taxsales,Consumer Electronics,2023,actual,thousands,132849,132849,,ocr only,another report,281-282
2023,taxsales,Eating Places,2014,actual,thousands,410251,410251,,ocr only,another report,281-282
2023,taxsales,Eating Places,2015,actual,thousands,437428,437428,,ocr only,another report,281-282
2023,taxsales,Eating Places,2016,actual,thousands,451436,451436,,ocr only,another report,281-282
2023,taxsales,Eating Places,2017,actual,thousands,461091,461091,,ocr only,another report,281-282
2023,taxsales,Eating Places,2018,actual,thousands,477032,477032,,ocr only,another report,281-282
2023,taxsales,Eating Places,2019,actual,thousands,484459,484459,,ocr only,another report,281-282
2023,taxsales,Eating Places,2020,actual,thousands,308278,308278,,ocr only,another report,281-282
2023,taxsales,Eating Places,2021,actual,thousands,420555,420555,,ocr only,another report,281-282
2023,taxsales,Eating Places,2022,actual,thousands,488476,488476,,ocr only,another report,281-282
2023,taxsales,Eating Places,2023,actual,thousands,525833,525833,,ocr only,another report,281-282
2023,taxsales,Food Stores,2014,actual,thousands,416890,416890,,ocr only,another report,281-282
2023,taxsales,Food Stores,2015,actual,thousands,440661,440661,,ocr only,another report,281-282
2023,taxsales,Food Stores,2016,actual,thousands,452030,452030,,ocr only,another report,281-282
2023,taxsales,Food Stores,2017,actual,thousands,448173,448173,,ocr only,another report,281-282
2023,taxsales,Food Stores,2018,actual,thousands,438804,438804,,ocr only,another report,281-282
2023,taxsales,Food Stores,2019,actual,thousands,442771,442771,,ocr only,another report,281-282
2023,taxsales,Food Stores,2020,actual,thousands,547934,547934,,ocr only,another report,281-282
2023,taxsales,Food Stores,2021,actual,thousands,512509,512509,,ocr only,another report,281-282
2023,taxsales,Food Stores,2022,actual,thousands,559660,559660,,ocr only,another report,281-282
2023,taxsales,Food Stores,2023,actual,thousands,553927,553927,,ocr only,another report,281-282
2023,taxsales,General Retail,2014,actual,thousands,628223,628223,,ocr only,another report,281-282
2023,taxsales,General Retail,2015,actual,thousands,658659,658659,,ocr only,another report,281-282
2023,taxsales,General Retail,2016,actual,thousands,737753,737753,,ocr only,another report,281-282
2023,taxsales,General Retail,2017,actual,thousands,675023,675023,,ocr only,another report,281-282
2023,taxsales,General Retail,2018,actual,thousands,709676,709676,,ocr only,another report,281-282
2023,taxsales,General Retail,2019,actual,thousands,702917,702917,,ocr only,another report,281-282
2023,taxsales,General Retail,2020,actual,thousands,688108,688108,,ocr only,another report,281-282
2023,taxsales,General Retail,2021,actual,thousands,888508,888508,,ocr only,another report,281-282
2023,taxsales,General Retail,2022,actual,thousands,914560,914560,,ocr only,another report,281-282
2023,taxsales,General Retail,2023,actual,thousands,811892,811892,,ocr only,another report,281-282
2023,taxsales,Home Furnishings,2014,actual,thousands,87804,87804,,ocr only,another report,281-282
2023,taxsales,Home Furnishings,2015,actual,thousands,89689,89689,,ocr only,another report,281-282
2023,taxsales,Home Furnishings,2016,actual,thousands,92314,92314,,ocr only,another report,281-282
2023,taxsales,Home Furnishings,2017,actual,thousands,92483,92483,,ocr only,another report,281-282
2023,taxsales,Home Furnishings,2018,actual,thousands,93697,93697,,ocr only,another report,281-282
2023,taxsales,Home Furnishings,2019,actual,thousands,84191,84191,,ocr only,another report,281-282
2023,taxsales,Home Furnishings,2020,actual,thousands,63575,63575,,ocr only,another report,281-282
2023,taxsales,Home Furnishings,2021,actual,thousands,70312,70312,,ocr only,another report,281-282
2023,taxsales,Home Furnishings,2022,actual,thousands,76183,76183,,ocr only,another report,281-282
2023,taxsales,Home Furnishings,2023,actual,thousands,70415,70415,,ocr only,another report,281-282
2023,taxsales,Transportation/Utilities,2014,actual,thousands,243605,243605,,ocr only,another report,281-282
2023,taxsales,Transportation/Utilities,2015,actual,thousands,229281,229281,,ocr only,another report,281-282
2023,taxsales,Transportation/Utilities,2016,actual,thousands,220926,220926,,ocr only,another report,281-282
2023,taxsales,Transportation/Utilities,2017,actual,thousands,216678,216678,,ocr only,another report,281-282
2023,taxsales,Transportation/Utilities,2018,actual,thousands,214292,214292,,ocr only,another report,281-282
2023,taxsales,Transportation/Utilities,2019,actual,thousands,214138,214138,,ocr only,another report,281-282
2023,taxsales,Transportation/Utilities,2020,actual,thousands,210622,210622,,ocr only,another report,281-282
2023,taxsales,Transportation/Utilities,2021,actual,thousands,229940,229940,,ocr only,another report,281-282
2023,taxsales,Transportation/Utilities,2022,actual,thousands,242682,242682,,ocr only,another report,281-282
2023,taxsales,Transportation/Utilities,2023,actual,thousands,253211,253211,,ocr only,another report,281-282
2023,taxsales,All Other,2014,actual,thousands,495657,495657,,ocr only,another report,281-282
2023,taxsales,All Other,2015,actual,thousands,524543,524543,,ocr only,another report,281-282
2023,taxsales,All Other,2016,actual,thousands,519125,519125,,ocr only,another report,281-282
2023,taxsales,All Other,2017,actual,thousands,612152,612152,,ocr only,another report,281-282
2023,taxsales,All Other,2018,actual,thousands,631091,631091,,ocr only,another report,281-282
2023,taxsales,All Other,2019,actual,thousands,734161,734161,,ocr only,another report,281-282
2023,taxsales,All Other,2020,actual,thousands,550228,550228,,ocr only,another report,281-282
2023,taxsales,All Other,2021,actual,thousands,586847,586847,,ocr only,another report,281-282
2023,taxsales,All Other,2022,actual,thousands,646944,646944,,ocr only,another report,281-282
2023,taxsales,All Other,2023,actual,thousands,783302,783302,,ocr only,another report,281-282
2023,taxsales,Refunds,2014,actual,thousands,-,-,,ocr only,another report,281-282
2023,taxsales,Refunds,2015,actual,thousands,-,-,,ocr only,another report,281-282
2023,taxsales,Refunds,2016,actual,thousands,-,-,,ocr only,another report,281-282
2023,taxsales,Refunds,2017,actual,thousands,-,-,,ocr only,another report,281-282
2023,taxsales,Refunds,2018,actual,thousands,-,-,,ocr only,another report,281-282
2023,taxsales,Refunds,2019,actual,thousands,-,-,,ocr only,another report,281-282
2023,taxsales,Refunds,2020,actual,thousands,-,-,,ocr only,another report,281-282
2023,taxsales,Refunds,2021,actual,thousands,-,-,,ocr only,another report,281-282
2023,taxsales,Refunds,2022,actual,thousands,-,-,,ocr only,another report,281-282
2023,taxsales,Refunds,2023,actual,thousands,-,-,,ocr only,another report,281-282
2023,taxsales,Total Sales and Use Tax,2014,actual,thousands,3267302,3267302,,ocr only,another report,281-282
2023,taxsales,Total Sales and Use Tax,2015,actual,thousands,3402150,3402150,,ocr only,another report,281-282
2023,taxsales,Total Sales and Use Tax,2016,actual,thousands,3530285,3530285,,ocr only,another report,281-282
2023,taxsales,Total Sales and Use Tax,2017,actual,thousands,3521063,3521063,,ocr only,another report,281-282
2023,taxsales,Total Sales and Use Tax,2018,actual,thousands,3687668,3687668,,ocr only,another report,281-282
2023,taxsales,Total Sales and Use Tax,2019,actual,thousands,3731218,3731218,,ocr only,another report,281-282
2023,taxsales,Total Sales and Use Tax,2020,actual,thousands,3558032,3558032,,ocr only,another report,281-282
2023,taxsales,Total Sales and Use Tax,2021,actual,thousands,4007617,4007617,,ocr only,another report,281-282
2023,taxsales,Total Sales and Use Tax,2022,actual,thousands,4438732,4438732,,ocr only,another report,281-282
2023,taxsales,Total Sales and Use Tax,2023,actual,thousands,4616916,4616916,,ocr only,another report,281-282
2023,taxsales,Direct city sales tax rate,2014,actual,pct,3.56,3.56,,ocr only,another report,281-282
2023,taxsales,Direct city sales tax rate,2015,actual,pct,3.86,3.86,,ocr only,another report,281-282
2023,taxsales,Direct city sales tax rate,2016,actual,pct,3.86,3.86,,ocr only,another report,281-282
2023,taxsales,Direct city sales tax rate,2017,actual,pct,3.86,3.86,,ocr only,another report,281-282
2023,taxsales,Direct city sales tax rate,2018,actual,pct,3.86,3.86,,ocr only,another report,281-282
2023,taxsales,Direct city sales tax rate,2019,actual,pct,3.86,3.86,,ocr only,another report,281-282
2023,taxsales,Direct city sales tax rate,2020,actual,pct,3.86,3.86,,ocr only,another report,281-282
2023,taxsales,Direct city sales tax rate,2021,actual,pct,3.86,3.86,,ocr only,another report,281-282
2023,taxsales,Direct city sales tax rate,2022,actual,pct,3.86,3.86,,ocr only,another report,281-282
2023,taxsales,Direct city sales tax rate,2023,actual,pct,3.86,3.86,,ocr only,another report,281-282
2023,taxsales,Food service sales tax,2014,actual,pct,0.15,0.15,,ocr only,another report,281-282
2023,taxsales,Food service sales tax,2015,actual,pct,0.15,0.15,,ocr only,another report,281-282
2023,taxsales,Food service sales tax,2016,actual,pct,0.15,0.15,,ocr only,another report,281-282
2023,taxsales,Food service sales tax,2017,actual,pct,0.15,0.15,,ocr only,another report,281-282
2023,taxsales,Food service sales tax,2018,actual,pct,0.15,0.15,,ocr only,another report,281-282
2023,taxsales,Food service sales tax,2019,actual,pct,0.15,0.15,,ocr only,another report,281-282
2023,taxsales,Food service sales tax,2020,actual,pct,0.15,0.15,,ocr only,another report,281-282
2023,taxsales,Food service sales tax,2021,actual,pct,0.15,0.15,,ocr only,another report,281-282
2023,taxsales,Food service sales tax,2022,actual,pct,0.15,0.15,,ocr only,another report,281-282
2023,taxsales,Food service sales tax,2023,actual,pct,0.15,0.15,,ocr only,another report,281-282
2023,taxsales,Total direct city sales tax,2014,actual,pct,3.71,3.71,,ocr only,another report,281-282
2023,taxsales,Total direct city sales tax,2015,actual,pct,4.01,4.01,,ocr only,another report,281-282
2023,taxsales,Total direct city sales tax,2016,actual,pct,4.01,4.01,,ocr only,another report,281-282
2023,taxsales,Total direct city sales tax,2017,actual,pct,4.01,4.01,,ocr only,another report,281-282
2023,taxsales,Total direct city sales tax,2018,actual,pct,4.01,4.01,,ocr only,another report,281-282
2023,taxsales,Total direct city sales tax,2019,actual,pct,4.01,4.01,,ocr only,another report,281-282
2023,taxsales,Total direct city sales tax,2020,actual,pct,4.01,4.01,,ocr only,another report,281-282
2023,taxsales,Total direct city sales tax,2021,actual,pct,4.01,4.01,,ocr only,another report,281-282
2023,taxsales,Total direct city sales tax,2022,actual,pct,4.01,4.01,,ocr only,another report,281-282
2023,taxsales,Total direct city sales tax,2023,actual,pct,4.01,4.01,,ocr only,another report,281-282
2023,fte,Municipal Court,2014,adopted,fte,18.13,18.13,,ocr only,another report,297-298
2023,fte,Municipal Court,2015,adopted,fte,21.13,21.13,,ocr only,another report,297-298
2023,fte,Municipal Court,2016,adopted,fte,21.13,21.13,,ocr only,another report,297-298
2023,fte,Municipal Court,2017,adopted,fte,20.35,20.35,,ocr only,another report,297-298
2023,fte,City Attorney,2014,adopted,fte,21.2,21.2,,ocr only,another report,297-298
2023,fte,City Attorney,2015,adopted,fte,19.2,19.2,,ocr only,another report,297-298
2023,fte,City Attorney,2016,adopted,fte,25.7,25.7,,ocr only,another report,297-298
2023,fte,City Attorney,2017,adopted,fte,27.65,27.65,,ocr only,another report,297-298
2023,fte,City Manager- Administration,2014,adopted,fte,12,12,,ocr only,another report,297-298
2023,fte,City Manager- Administration,2015,adopted,fte,19.5,19.5,,ocr only,another report,297-298
2023,fte,City Manager- Administration,2016,adopted,fte,17,17,,ocr only,another report,297-298
2023,fte,City Manager- Administration,2017,adopted,fte,19.88,19.88,,ocr only,another report,297-298
2023,fte,City Manager- Community Vitality,2014,adopted,fte,42.25,42.25,,ocr only,another report,297-298
2023,fte,City Manager- Community Vitality,2015,adopted,fte,44.5,44.5,,ocr only,another report,297-298
2023,fte,City Manager- Community Vitality,2016,adopted,fte,46.5,46.5,,ocr only,another report,297-298
2023,fte,City Manager- Community Vitality,2017,adopted,fte,49,49,,ocr only,another report,297-298
2023,fte,City Manager- Communications,2014,adopted,fte,6.5,6.5,,ocr only,another report,297-298
2023,fte,City Manager- Communications,2015,adopted,fte,6.5,6.5,,ocr only,another report,297-298
2023,fte,City Manager- Communications,2016,adopted,fte,12.75,12.75,,ocr only,another report,297-298
2023,fte,City Manager- Communications,2017,adopted,fte,13.5,13.5,,ocr only,another report,297-298
2023,fte,Human Resources,2014,adopted,fte,18.63,18.63,,ocr only,another report,297-298
2023,fte,Human Resources,2015,adopted,fte,24.63,24.63,,ocr only,another report,297-298
2023,fte,Human Resources,2016,adopted,fte,24.38,24.38,,ocr only,another report,297-298
2023,fte,Human Resources,2017,adopted,fte,23.38,23.38,,ocr only,another report,297-298
2023,fte,Finance,2014,adopted,fte,36,36,,ocr only,another report,297-298
2023,fte,Finance,2015,adopted,fte,38.67,38.67,,ocr only,another report,297-298
2023,fte,Finance,2016,adopted,fte,44.5,44.5,,ocr only,another report,297-298
2023,fte,Finance,2017,adopted,fte,46.62,46.62,,ocr only,another report,297-298
2023,fte,Information Technology,2014,adopted,fte,36.85,36.85,,ocr only,another report,297-298
2023,fte,Information Technology,2015,adopted,fte,37.18,37.18,,ocr only,another report,297-298
2023,fte,Information Technology,2016,adopted,fte,40.25,40.25,,ocr only,another report,297-298
2023,fte,Information Technology,2017,adopted,fte,40.75,40.75,,ocr only,another report,297-298
2023,fte,Police,2014,adopted,fte,282.5,282.5,,ocr only,another report,297-298
2023,fte,Police,2015,adopted,fte,288,288,,ocr only,another report,297-298
2023,fte,Police,2016,adopted,fte,290.89,290.89,,ocr only,another report,297-298
2023,fte,Police,2017,adopted,fte,291.89,291.89,,ocr only,another report,297-298
2023,fte,Fire,2014,adopted,fte,120.33,120.33,,ocr only,another report,297-298
2023,fte,Fire,2015,adopted,fte,121.33,121.33,,ocr only,another report,297-298
2023,fte,Fire,2016,adopted,fte,124.33,124.33,,ocr only,another report,297-298
2023,fte,Fire,2017,adopted,fte,124,124,,ocr only,another report,297-298
2023,fte,Planning & Development Services,2014,adopted,fte,93.87,93.87,,ocr only,another report,297-298
2023,fte,Planning & Development Services,2015,adopted,fte,105.92,105.92,,ocr only,another report,297-298
2023,fte,Planning & Development Services,2016,adopted,fte,112.72,112.72,,ocr only,another report,297-298
2023,fte,Planning & Development Services,2017,adopted,fte,-,-,,ocr only,another report,297-298
2023,fte,Development,2014,adopted,fte,-,-,,ocr only,another report,297-298
2023,fte,Development,2015,adopted,fte,-,-,,ocr only,another report,297-298
2023,fte,Development,2016,adopted,fte,-,-,,ocr only,another report,297-298
2023,fte,Development,2017,adopted,fte,54.11,54.11,,ocr only,another report,297-298
2023,fte,Community Planning and Sustainability,2014,adopted,fte,-,-,,ocr only,another report,297-298
2023,fte,Community Planning and Sustainability,2015,adopted,fte,-,-,,ocr only,another report,297-298
2023,fte,Community Planning and Sustainability,2016,adopted,fte,-,-,,ocr only,another report,297-298
2023,fte,Community Planning and Sustainability,2017,adopted,fte,55.34,55.34,,ocr only,another report,297-298
2023,fte,Energy Strategy & Electric Utility,2014,adopted,fte,-,-,,ocr only,another report,297-298
2023,fte,Energy Strategy & Electric Utility,2015,adopted,fte,-,-,,ocr only,another report,297-298
2023,fte,Energy Strategy & Electric Utility,2016,adopted,fte,-,-,,ocr only,another report,297-298
2023,fte,Energy Strategy & Electric Utility,2017,adopted,fte,9,9,,ocr only,another report,297-298
2023,fte,Climate Initiatives,2014,adopted,fte,-,-,,ocr only,another report,297-298
2023,fte,Climate Initiatives,2015,adopted,fte,-,-,,ocr only,another report,297-298
2023,fte,Climate Initiatives,2016,adopted,fte,-,-,,ocr only,another report,297-298
2023,fte,Climate Initiatives,2017,adopted,fte,-,-,,ocr only,another report,297-298
2023,fte,Administration,2014,adopted,fte,2.74,2.74,,ocr only,another report,297-298
2023,fte,Administration,2015,adopted,fte,3.74,3.74,,ocr only,another report,297-298
2023,fte,Administration,2016,adopted,fte,2.85,2.85,,ocr only,another report,297-298
2023,fte,Administration,2017,adopted,fte,1.5,1.5,,ocr only,another report,297-298
2023,fte,Fleet,2014,adopted,fte,14.77,14.77,,ocr only,another report,297-298
2023,fte,Fleet,2015,adopted,fte,14.77,14.77,,ocr only,another report,297-298
2023,fte,Fleet,2016,adopted,fte,15.12,15.12,,ocr only,another report,297-298
2023,fte,Fleet,2017,adopted,fte,14.62,14.62,,ocr only,another report,297-298
2023,fte,Transportation,2014,adopted,fte,60.09,60.09,,ocr only,another report,297-298
2023,fte,Transportation,2015,adopted,fte,70.34,70.34,,ocr only,another report,297-298
2023,fte,Transportation,2016,adopted,fte,71.34,71.34,,ocr only,another report,297-298
2023,fte,Transportation,2017,adopted,fte,72.09,72.09,,ocr only,another report,297-298
2023,fte,Utilities,2014,adopted,fte,154.17,154.17,,ocr only,another report,297-298
2023,fte,Utilities,2015,adopted,fte,166.92,166.92,,ocr only,another report,297-298
2023,fte,Utilities,2016,adopted,fte,168.02,168.02,,ocr only,another report,297-298
2023,fte,Utilities,2017,adopted,fte,168.87,168.87,,ocr only,another report,297-298
2023,fte,Facility / Asset Management,2014,adopted,fte,14.84,14.84,,ocr only,another report,297-298
2023,fte,Facility / Asset Management,2015,adopted,fte,14.84,14.84,,ocr only,another report,297-298
2023,fte,Facility / Asset Management,2016,adopted,fte,17.53,17.53,,ocr only,another report,297-298
2023,fte,Facility / Asset Management,2017,adopted,fte,18.79,18.79,,ocr only,another report,297-298
2023,fte,Parks and Recreation,2014,adopted,fte,127.37,127.37,,ocr only,another report,297-298
2023,fte,Parks and Recreation,2015,adopted,fte,130.35,130.35,,ocr only,another report,297-298
2023,fte,Parks and Recreation,2016,adopted,fte,136.35,136.35,,ocr only,another report,297-298
2023,fte,Parks and Recreation,2017,adopted,fte,139.12,139.12,,ocr only,another report,297-298
2023,fte,Library,2014,adopted,fte,76.26,76.26,,ocr only,another report,297-298
2023,fte,Library,2015,adopted,fte,76.26,76.26,,ocr only,another report,297-298
2023,fte,Library,2016,adopted,fte,77.5,77.5,,ocr only,another report,297-298
2023,fte,Library,2017,adopted,fte,74,74,,ocr only,another report,297-298
2023,fte,Arts,2014,adopted,fte,3.25,3.25,,ocr only,another report,297-298
2023,fte,Arts,2015,adopted,fte,2.25,2.25,,ocr only,another report,297-298
2023,fte,Arts,2016,adopted,fte,1,1,,ocr only,another report,297-298
2023,fte,Arts,2017,adopted,fte,3.5,3.5,,ocr only,another report,297-298
2023,fte,Open Space / Mountain Parks,2014,adopted,fte,95.35,95.35,,ocr only,another report,297-298
2023,fte,Open Space / Mountain Parks,2015,adopted,fte,102.35,102.35,,ocr only,another report,297-298
2023,fte,Open Space / Mountain Parks,2016,adopted,fte,117.15,117.15,,ocr only,another report,297-298
2023,fte,Open Space / Mountain Parks,2017,adopted,fte,128.4,128.4,,ocr only,another report,297-298
2023,fte,Housing and Human Services,2014,adopted,fte,48.91,48.91,,ocr only,another report,297-298
2023,fte,Housing and Human Services,2015,adopted,fte,50.39,50.39,,ocr only,another report,297-298
2023,fte,Housing and Human Services,2016,adopted,fte,52.14,52.14,,ocr only,another report,297-298
2023,fte,Housing and Human Services,2017,adopted,fte,-,-,,ocr only,another report,297-298
2023,fte,Housing,2014,adopted,fte,-,-,,ocr only,another report,297-298
2023,fte,Housing,2015,adopted,fte,-,-,,ocr only,another report,297-298
2023,fte,Housing,2016,adopted,fte,-,-,,ocr only,another report,297-298
2023,fte,Housing,2017,adopted,fte,15.95,15.95,,ocr only,another report,297-298
2023,fte,Human Services,2014,adopted,fte,-,-,,ocr only,another report,297-298
2023,fte,Human Services,2015,adopted,fte,-,-,,ocr only,another report,297-298
2023,fte,Human Services,2016,adopted,fte,-,-,,ocr only,another report,297-298
2023,fte,Human Services,2017,adopted,fte,35.05,35.05,,ocr only,another report,297-298
2023,fte,Total,2014,adopted,fte,1286.01,1286.01,,ocr only,another report,297-298
2023,fte,Total,2015,adopted,fte,1358.77,1358.77,,ocr only,another report,297-298
2023,fte,Total,2016,adopted,fte,1419.15,1419.15,,ocr only,another report,297-298
2023,fte,Total,2017,adopted,fte,1447.36,1447.36,,ocr only,another report,297-298
2023,gf,Sales and use taxes,2023,adopted,thousands,83032,83032,,ocr only,own arithmetic,47-48
2023,gf,Sales and use taxes,2023,final,thousands,82330,82330,,ocr only,own arithmetic,47-48
2023,gf,Sales and use taxes,2023,actual,thousands,84106,84106,,ocr only,own arithmetic,47-48
2023,gf,Sales and use taxes,2023,variance,thousands,1776,1776,,ocr only,own arithmetic,47-48
2023,gf,General property taxes,2023,adopted,thousands,45381,45381,,ocr only,own arithmetic,47-48
2023,gf,General property taxes,2023,final,thousands,44526,44526,,ocr only,own arithmetic,47-48
2023,gf,General property taxes,2023,actual,thousands,44981,44981,,ocr only,own arithmetic,47-48
2023,gf,General property taxes,2023,variance,thousands,455,455,,ocr only,own arithmetic,47-48
2023,gf,Accommodations taxes,2023,adopted,thousands,10292,10292,,ocr only,own arithmetic,47-48
2023,gf,Accommodations taxes,2023,final,thousands,11461,11461,,ocr only,own arithmetic,47-48
2023,gf,Accommodations taxes,2023,actual,thousands,12264,12264,,ocr only,own arithmetic,47-48
2023,gf,Accommodations taxes,2023,variance,thousands,803,803,,ocr only,own arithmetic,47-48
2023,gf,Occupation taxes,2023,adopted,thousands,9885,9885,,ocr only,own arithmetic,47-48
2023,gf,Occupation taxes,2023,final,thousands,8352,8352,,ocr only,own arithmetic,47-48
2023,gf,Occupation taxes,2023,actual,thousands,8452,8452,,ocr only,own arithmetic,47-48
2023,gf,Occupation taxes,2023,variance,thousands,100,100,,ocr only,own arithmetic,47-48
2023,gf,Specific ownership & tobacco taxes,2023,adopted,thousands,2936,2936,,ocr only,own arithmetic,47-48
2023,gf,Specific ownership & tobacco taxes,2023,final,thousands,2441,2441,,ocr only,own arithmetic,47-48
2023,gf,Specific ownership & tobacco taxes,2023,actual,thousands,2539,2539,,ocr only,own arithmetic,47-48
2023,gf,Specific ownership & tobacco taxes,2023,variance,thousands,98,98,,ocr only,own arithmetic,47-48
2023,gf,Excise taxes,2023,adopted,thousands,1098,1098,,ocr only,own arithmetic,47-48
2023,gf,Excise taxes,2023,final,thousands,415,415,,ocr only,own arithmetic,47-48
2023,gf,Excise taxes,2023,actual,thousands,264,264,,ocr only,own arithmetic,47-48
2023,gf,Excise taxes,2023,variance,thousands,-151,-151,,ocr only,own arithmetic,47-48
2023,gf,Charges for services,2023,adopted,thousands,4787,4787,,ocr only,own arithmetic,47-48
2023,gf,Charges for services,2023,final,thousands,4543,4543,,ocr only,own arithmetic,47-48
2023,gf,Charges for services,2023,actual,thousands,4867,4867,,ocr only,own arithmetic,47-48
2023,gf,Charges for services,2023,variance,thousands,324,324,,ocr only,own arithmetic,47-48
2023,gf,Sale of goods,2023,adopted,thousands,131,131,,ocr only,own arithmetic,47-48
2023,gf,Sale of goods,2023,final,thousands,105,105,,ocr only,own arithmetic,47-48
2023,gf,Sale of goods,2023,actual,thousands,119,119,,ocr only,own arithmetic,47-48
2023,gf,Sale of goods,2023,variance,thousands,14,14,,ocr only,own arithmetic,47-48
2023,gf,"Licenses, permits and fines",2023,adopted,thousands,6538,6538,,ocr only,own arithmetic,47-48
2023,gf,"Licenses, permits and fines",2023,final,thousands,5691,5691,,ocr only,own arithmetic,47-48
2023,gf,"Licenses, permits and fines",2023,actual,thousands,5842,5842,,ocr only,own arithmetic,47-48
2023,gf,"Licenses, permits and fines",2023,variance,thousands,151,151,,ocr only,own arithmetic,47-48
2023,gf,Intergovernmental,2023,adopted,thousands,2477,2477,,ocr only,own arithmetic,47-48
2023,gf,Intergovernmental,2023,final,thousands,5866,5866,,ocr only,own arithmetic,47-48
2023,gf,Intergovernmental,2023,actual,thousands,8906,8906,,ocr only,own arithmetic,47-48
2023,gf,Intergovernmental,2023,variance,thousands,3040,3040,,ocr only,own arithmetic,47-48
2023,gf,"Leases, rents and royalties",2023,adopted,thousands,240,240,,ocr only,own arithmetic,47-48
2023,gf,"Leases, rents and royalties",2023,final,thousands,79,79,,ocr only,own arithmetic,47-48
2023,gf,"Leases, rents and royalties",2023,actual,thousands,113,113,,ocr only,own arithmetic,47-48
2023,gf,"Leases, rents and royalties",2023,variance,thousands,34,34,,ocr only,own arithmetic,47-48
2023,gf,Interest and investment earnings,2023,adopted,thousands,928,928,,ocr only,own arithmetic,47-48
2023,gf,Interest and investment earnings,2023,final,thousands,1528,1528,,ocr only,own arithmetic,47-48
2023,gf,Interest and investment earnings,2023,actual,thousands,3189,3189,,ocr only,own arithmetic,47-48
2023,gf,Interest and investment earnings,2023,variance,thousands,1661,1661,,ocr only,own arithmetic,47-48
2023,gf,Other,2023,adopted,thousands,1550,1550,,ocr only,own arithmetic,47-48
2023,gf,Other,2023,final,thousands,3189,3189,,ocr only,own arithmetic,47-48
2023,gf,Other,2023,actual,thousands,3506,3506,,ocr only,own arithmetic,47-48
2023,gf,Other,2023,variance,thousands,317,317,,ocr only,own arithmetic,47-48
2023,gf,Total revenues,2023,adopted,thousands,169275,169275,,ocr only,own arithmetic,47-48
2023,gf,Total revenues,2023,final,thousands,170526,170526,,ocr only,own arithmetic,47-48
2023,gf,Total revenues,2023,actual,thousands,179148,179148,,ocr only,own arithmetic,47-48
2023,gf,Total revenues,2023,variance,thousands,8622,8622,,ocr only,own arithmetic,47-48
2023,gf,General Government,2023,adopted,thousands,31220,31220,,ocr only,own arithmetic,47-48
2023,gf,General Government,2023,final,thousands,45412,45412,,ocr only,own arithmetic,47-48
2023,gf,General Government,2023,actual,thousands,30969,30969,,ocr only,own arithmetic,47-48
2023,gf,General Government,2023,variance,thousands,14443,14443,,ocr only,own arithmetic,47-48
2023,gf,Administrative Services,2023,adopted,thousands,26390,26390,,ocr only,own arithmetic,47-48
2023,gf,Administrative Services,2023,final,thousands,38698,38698,,ocr only,own arithmetic,47-48
2023,gf,Administrative Services,2023,actual,thousands,28433,28433,,ocr only,own arithmetic,47-48
2023,gf,Administrative Services,2023,variance,thousands,10265,10265,,ocr only,own arithmetic,47-48
2023,gf,Public Safety,2023,adopted,thousands,67356,67356,,ocr only,own arithmetic,47-48
2023,gf,Public Safety,2023,final,thousands,75990,75990,,ocr only,own arithmetic,47-48
2023,gf,Public Safety,2023,actual,thousands,74016,74016,,ocr only,own arithmetic,47-48
2023,gf,Public Safety,2023,variance,thousands,1974,1974,,ocr only,own arithmetic,47-48
2023,gf,Public Works,2023,adopted,thousands,13140,13140,,ocr only,own arithmetic,47-48
2023,gf,Public Works,2023,final,thousands,25805,25805,,ocr only,own arithmetic,47-48
2023,gf,Public Works,2023,actual,thousands,24775,24775,,ocr only,own arithmetic,47-48
2023,gf,Public Works,2023,variance,thousands,1030,1030,,ocr only,own arithmetic,47-48
2023,gf,Planning & Development Services,2023,adopted,thousands,3321,3321,,ocr only,own arithmetic,47-48
2023,gf,Planning & Development Services,2023,final,thousands,3644,3644,,ocr only,own arithmetic,47-48
2023,gf,Planning & Development Services,2023,actual,thousands,3097,3097,,ocr only,own arithmetic,47-48
2023,gf,Planning & Development Services,2023,variance,thousands,547,547,,ocr only,own arithmetic,47-48
2023,gf,Culture and Recreation,2023,adopted,thousands,16852,16852,,ocr only,own arithmetic,47-48
2023,gf,Culture and Recreation,2023,final,thousands,21239,21239,,ocr only,own arithmetic,47-48
2023,gf,Culture and Recreation,2023,actual,thousands,18022,18022,,ocr only,own arithmetic,47-48
2023,gf,Culture and Recreation,2023,variance,thousands,3217,3217,,ocr only,own arithmetic,47-48
2023,gf,Housing and Human Services,2023,adopted,thousands,17095,17095,,ocr only,own arithmetic,47-48
2023,gf,Housing and Human Services,2023,final,thousands,22106,22106,,ocr only,own arithmetic,47-48
2023,gf,Housing and Human Services,2023,actual,thousands,16064,16064,,ocr only,own arithmetic,47-48
2023,gf,Housing and Human Services,2023,variance,thousands,6042,6042,,ocr only,own arithmetic,47-48
2023,gf,Principal,2023,adopted,thousands,3923,3923,,ocr only,own arithmetic,47-48
2023,gf,Principal,2023,final,thousands,3923,3923,,ocr only,own arithmetic,47-48
2023,gf,Principal,2023,actual,thousands,5290,5290,,ocr only,own arithmetic,47-48
2023,gf,Principal,2023,variance,thousands,-1367,-1367,,ocr only,own arithmetic,47-48
2023,gf,Interest,2023,adopted,thousands,456,456,,ocr only,own arithmetic,47-48
2023,gf,Interest,2023,final,thousands,456,456,,ocr only,own arithmetic,47-48
2023,gf,Interest,2023,actual,thousands,464,464,,ocr only,own arithmetic,47-48
2023,gf,Interest,2023,variance,thousands,-8,-8,,ocr only,own arithmetic,47-48
2023,gf,Total expenditures,2023,adopted,thousands,179753,179753,,ocr only,own arithmetic,47-48
2023,gf,Total expenditures,2023,final,thousands,237273,237273,,ocr only,own arithmetic,47-48
2023,gf,Total expenditures,2023,actual,thousands,201130,201130,,ocr only,own arithmetic,47-48
2023,gf,Total expenditures,2023,variance,thousands,36143,36143,,ocr only,own arithmetic,47-48
2023,gf,Excess (deficiency) of revenues over (under) expenditures,2023,adopted,thousands,-10478,-10478,,ocr only,own arithmetic,47-48
2023,gf,Excess (deficiency) of revenues over (under) expenditures,2023,final,thousands,-66747,-66747,,ocr only,own arithmetic,47-48
2023,gf,Excess (deficiency) of revenues over (under) expenditures,2023,actual,thousands,-21982,-21982,,ocr only,own arithmetic,47-48
2023,gf,Excess (deficiency) of revenues over (under) expenditures,2023,variance,thousands,44765,44765,,ocr only,own arithmetic,47-48
2023,gf,Proceeds from sale of capital asset,2023,adopted,thousands,2000,2000,,ocr only,own arithmetic,47-48
2023,gf,Proceeds from sale of capital asset,2023,final,thousands,2000,2000,,ocr only,own arithmetic,47-48
2023,gf,Proceeds from sale of capital asset,2023,actual,thousands,1335,1335,,ocr only,own arithmetic,47-48
2023,gf,Proceeds from sale of capital asset,2023,variance,thousands,-665,-665,,ocr only,own arithmetic,47-48
2023,gf,Transfers in,2023,adopted,thousands,9130,9130,,ocr only,own arithmetic,47-48
2023,gf,Transfers in,2023,final,thousands,19755,19755,,ocr only,own arithmetic,47-48
2023,gf,Transfers in,2023,actual,thousands,19755,19755,,ocr only,own arithmetic,47-48
2023,gf,Transfers in,2023,variance,thousands,-,-,,ocr only,own arithmetic,47-48
2023,gf,Transfers out,2023,adopted,thousands,-15848,-15848,,ocr only,own arithmetic,47-48
2023,gf,Transfers out,2023,final,thousands,-29935,-29935,,ocr only,own arithmetic,47-48
2023,gf,Transfers out,2023,actual,thousands,-29913,-29913,,ocr only,own arithmetic,47-48
2023,gf,Transfers out,2023,variance,thousands,22,22,,ocr only,own arithmetic,47-48
2023,gf,Total other financing sources (uses),2023,adopted,thousands,-4718,-4718,,ocr only,own arithmetic,47-48
2023,gf,Total other financing sources (uses),2023,final,thousands,-8180,-8180,,ocr only,own arithmetic,47-48
2023,gf,Total other financing sources (uses),2023,actual,thousands,-8823,-8823,,ocr only,own arithmetic,47-48
2023,gf,Total other financing sources (uses),2023,variance,thousands,-643,-643,,ocr only,own arithmetic,47-48
2023,gf,Net change in fund balance,2023,adopted,thousands,-15196,-15196,,ocr only,own arithmetic,47-48
2023,gf,Net change in fund balance,2023,final,thousands,-74927,-74927,,ocr only,own arithmetic,47-48
2023,gf,Net change in fund balance,2023,actual,thousands,-30805,-30805,,ocr only,own arithmetic,47-48
2023,gf,Net change in fund balance,2023,variance,thousands,44122,44122,,ocr only,own arithmetic,47-48
2023,legal,Assessed value,2023,actual,thousands,5095162,5095162,,ocr only,own arithmetic,291-292
2023,legal,Debt limit - 3% of assessed value,2023,actual,thousands,152855,152855,,ocr only,own arithmetic,291-292
2024,fundbal,Sales and use taxes,2015,actual,thousands,131323,131323,131323,agree,both readings,283-284
2024,fundbal,Sales and use taxes,2016,actual,thousands,136269,136269,136269,agree,both readings,283-284
2024,fundbal,Sales and use taxes,2017,actual,thousands,131857,131857,131857,agree,both readings,283-284
2024,fundbal,Sales and use taxes,2018,actual,thousands,146400,146400,146400,agree,both readings,283-284
2024,fundbal,Sales and use taxes,2019,actual,thousands,144025,144025,144025,agree,both readings,283-284
2024,fundbal,Sales and use taxes,2020,actual,thousands,137340,137340,137340,agree,both readings,283-284
2024,fundbal,Sales and use taxes,2021,actual,thousands,154694,154694,154694,agree,both readings,283-284
2024,fundbal,Sales and use taxes,2022,actual,thousands,171335,171335,171335,agree,both readings,283-284
2024,fundbal,Sales and use taxes,2023,actual,thousands,178213,178213,178213,agree,both readings,283-284
2024,fundbal,Sales and use taxes,2024,actual,thousands,176403,176403,176403,agree,both readings,283-284
2024,fundbal,General property taxes,2015,actual,thousands,30846,30846,30846,agree,both readings,283-284
2024,fundbal,General property taxes,2016,actual,thousands,36897,36897,36897,agree,both readings,283-284
2024,fundbal,General property taxes,2017,actual,thousands,37252,37252,37252,agree,both readings,283-284
2024,fundbal,General property taxes,2018,actual,thousands,43700,43700,43700,agree,both readings,283-284
2024,fundbal,General property taxes,2019,actual,thousands,43156,43156,43156,agree,both readings,283-284
2024,fundbal,General property taxes,2020,actual,thousands,47804,47804,47804,agree,both readings,283-284
2024,fundbal,General property taxes,2021,actual,thousands,47945,47945,47945,agree,both readings,283-284
2024,fundbal,General property taxes,2022,actual,thousands,51558,51558,51558,agree,both readings,283-284
2024,fundbal,General property taxes,2023,actual,thousands,49283,49283,49283,agree,both readings,283-284
2024,fundbal,General property taxes,2024,actual,thousands,61254,61254,61254,agree,both readings,283-284
2024,taxsales,Apparel Stores,2015,actual,thousands,122977,122977,122977,agree,both readings,285-286
2024,taxsales,Apparel Stores,2016,actual,thousands,123958,123958,123958,agree,both readings,285-286
2024,taxsales,Apparel Stores,2017,actual,thousands,116513,116513,116513,agree,both readings,285-286
2024,taxsales,Apparel Stores,2018,actual,thousands,118308,118308,118308,agree,both readings,285-286
2024,taxsales,Apparel Stores,2019,actual,thousands,105696,105696,105696,agree,both readings,285-286
2024,taxsales,Apparel Stores,2020,actual,thousands,90814,90814,90814,agree,both readings,285-286
2024,taxsales,Apparel Stores,2021,actual,thousands,127311,127311,127311,agree,both readings,285-286
2024,taxsales,Apparel Stores,2022,actual,thousands,139640,139640,139640,agree,both readings,285-286
2024,taxsales,Apparel Stores,2023,actual,thousands,153275,153275,153275,agree,both readings,285-286
2024,taxsales,Apparel Stores,2024,actual,thousands,138487,138487,138487,agree,both readings,285-286
2024,taxsales,Automotive Trade,2015,actual,thousands,235029,235029,235029,agree,both readings,285-286
2024,taxsales,Automotive Trade,2016,actual,thousands,239489,239489,239489,agree,both readings,285-286
2024,taxsales,Automotive Trade,2017,actual,thousands,251106,251106,251106,agree,both readings,285-286
2024,taxsales,Automotive Trade,2018,actual,thousands,258584,258584,258584,agree,both readings,285-286
2024,taxsales,Automotive Trade,2019,actual,thousands,262565,262565,262565,agree,both readings,285-286
2024,taxsales,Automotive Trade,2020,actual,thousands,268208,268208,268208,agree,both readings,285-286
2024,taxsales,Automotive Trade,2021,actual,thousands,332835,332835,332835,agree,both readings,285-286
2024,taxsales,Automotive Trade,2022,actual,thousands,334428,334428,334428,agree,both readings,285-286
2024,taxsales,Automotive Trade,2023,actual,thousands,361615,361615,361615,agree,both readings,285-286
2024,taxsales,Automotive Trade,2024,actual,thousands,354009,354009,354009,agree,both readings,285-286
2024,taxsales,Building Material-Retail,2015,actual,thousands,114560,114560,114560,agree,both readings,285-286
2024,taxsales,Building Material-Retail,2016,actual,thousands,121991,121991,121991,agree,both readings,285-286
2024,taxsales,Building Material-Retail,2017,actual,thousands,121201,121201,121201,agree,both readings,285-286
2024,taxsales,Building Material-Retail,2018,actual,thousands,121719,121719,121719,agree,both readings,285-286
2024,taxsales,Building Material-Retail,2019,actual,thousands,125063,125063,125063,agree,both readings,285-286
2024,taxsales,Building Material-Retail,2020,actual,thousands,132942,132942,132942,agree,both readings,285-286
2024,taxsales,Building Material-Retail,2021,actual,thousands,146375,146375,146375,agree,both readings,285-286
2024,taxsales,Building Material-Retail,2022,actual,thousands,153326,153326,153326,agree,both readings,285-286
2024,taxsales,Building Material-Retail,2023,actual,thousands,142371,142371,142371,agree,both readings,285-286
2024,taxsales,Building Material-Retail,2024,actual,thousands,140730,140730,140730,agree,both readings,285-286
2024,taxsales,Computer Related Business Sector,2015,actual,thousands,205890,205890,205890,agree,both readings,285-286
2024,taxsales,Computer Related Business Sector,2016,actual,thousands,195938,195938,195938,agree,both readings,285-286
2024,taxsales,Computer Related Business Sector,2017,actual,thousands,188351,188351,188351,agree,both readings,285-286
2024,taxsales,Computer Related Business Sector,2018,actual,thousands,198501,198501,198501,agree,both readings,285-286
2024,taxsales,Computer Related Business Sector,2019,actual,thousands,192020,192020,192020,agree,both readings,285-286
2024,taxsales,Computer Related Business Sector,2020,actual,thousands,254960,254960,254960,agree,both readings,285-286
2024,taxsales,Computer Related Business Sector,2021,actual,thousands,284801,284801,284801,agree,both readings,285-286
2024,taxsales,Computer Related Business Sector,2022,actual,thousands,385621,385621,385621,agree,both readings,285-286
2024,taxsales,Computer Related Business Sector,2023,actual,thousands,344557,344557,344557,agree,both readings,285-286
2024,taxsales,Computer Related Business Sector,2024,actual,thousands,406472,406472,406472,agree,both readings,285-286
2024,taxsales,Construction Sales Tax,2015,actual,thousands,-,-,-,agree,both readings,285-286
2024,taxsales,Construction Sales Tax,2016,actual,thousands,-,-,-,agree,both readings,285-286
2024,taxsales,Construction Sales Tax,2017,actual,thousands,-,-,-,agree,both readings,285-286
2024,taxsales,Construction Sales Tax,2018,actual,thousands,-,-,-,agree,both readings,285-286
2024,taxsales,Construction Sales Tax,2019,actual,thousands,-,-,-,agree,both readings,285-286
2024,taxsales,Construction Sales Tax,2020,actual,thousands,-,-,-,agree,both readings,285-286
2024,taxsales,Construction Sales Tax,2021,actual,thousands,-,-,-,agree,both readings,285-286
2024,taxsales,Construction Sales Tax,2022,actual,thousands,-,-,-,agree,both readings,285-286
2024,taxsales,Construction Sales Tax,2023,actual,thousands,-,-,-,agree,both readings,285-286
2024,taxsales,Construction Sales Tax,2024,actual,thousands,-,-,-,agree,both readings,285-286
2024,taxsales,Construction Use Tax,2015,actual,thousands,-,-,-,agree,both readings,285-286
2024,taxsales,Construction Use Tax,2016,actual,thousands,-,-,-,agree,both readings,285-286
2024,taxsales,Construction Use Tax,2017,actual,thousands,-,-,-,agree,both readings,285-286
2024,taxsales,Construction Use Tax,2018,actual,thousands,-,-,-,agree,both readings,285-286
2024,taxsales,Construction Use Tax,2019,actual,thousands,-,-,-,agree,both readings,285-286
2024,taxsales,Construction Use Tax,2020,actual,thousands,-,-,-,agree,both readings,285-286
2024,taxsales,Construction Use Tax,2021,actual,thousands,-,-,-,agree,both readings,285-286
2024,taxsales,Construction Use Tax,2022,actual,thousands,-,-,-,agree,both readings,285-286
2024,taxsales,Construction Use Tax,2023,actual,thousands,-,-,-,agree,both readings,285-286
2024,taxsales,Construction Use Tax,2024,actual,thousands,-,-,-,agree,both readings,285-286
2024,taxsales,Constructions Firms Sales/Use Tax,2015,actual,thousands,276746,276746,276746,agree,both readings,285-286
2024,taxsales,Constructions Firms Sales/Use Tax,2016,actual,thousands,304301,304301,304301,agree,both readings,285-286
2024,taxsales,Constructions Firms Sales/Use Tax,2017,actual,thousands,279081,279081,279081,agree,both readings,285-286
2024,taxsales,Constructions Firms Sales/Use Tax,2018,actual,thousands,352701,352701,352701,agree,both readings,285-286
2024,taxsales,Constructions Firms Sales/Use Tax,2019,actual,thousands,308127,308127,308127,agree,both readings,285-286
2024,taxsales,Constructions Firms Sales/Use Tax,2020,actual,thousands,342503,342503,342503,agree,both readings,285-286
2024,taxsales,Constructions Firms Sales/Use Tax,2021,actual,thousands,276028,276028,276028,agree,both readings,285-286
2024,taxsales,Constructions Firms Sales/Use Tax,2022,actual,thousands,374869,374869,374869,agree,both readings,285-286
2024,taxsales,Constructions Firms Sales/Use Tax,2023,actual,thousands,483669,483669,483669,agree,both readings,285-286
2024,taxsales,Constructions Firms Sales/Use Tax,2024,actual,thousands,450307,450307,450307,agree,both readings,285-286
2024,taxsales,Consumer Electronics,2015,actual,thousands,66687,66687,66687,agree,both readings,285-286
2024,taxsales,Consumer Electronics,2016,actual,thousands,71024,71024,71024,agree,both readings,285-286
2024,taxsales,Consumer Electronics,2017,actual,thousands,59211,59211,59211,agree,both readings,285-286
2024,taxsales,Consumer Electronics,2018,actual,thousands,73263,73263,73263,agree,both readings,285-286
2024,taxsales,Consumer Electronics,2019,actual,thousands,75110,75110,75110,agree,both readings,285-286
2024,taxsales,Consumer Electronics,2020,actual,thousands,99860,99860,99860,agree,both readings,285-286
2024,taxsales,Consumer Electronics,2021,actual,thousands,131596,131596,131596,agree,both readings,285-286
2024,taxsales,Consumer Electronics,2022,actual,thousands,122343,122343,122343,agree,both readings,285-286
2024,taxsales,Consumer Electronics,2023,actual,thousands,132849,132849,132849,agree,both readings,285-286
2024,taxsales,Consumer Electronics,2024,actual,thousands,105151,105151,105151,agree,both readings,285-286
2024,taxsales,Eating Places,2015,actual,thousands,437428,437428,437428,agree,both readings,285-286
2024,taxsales,Eating Places,2016,actual,thousands,451436,451436,451436,agree,both readings,285-286
2024,taxsales,Eating Places,2017,actual,thousands,461091,461091,461091,agree,both readings,285-286
2024,taxsales,Eating Places,2018,actual,thousands,477032,477032,477032,agree,both readings,285-286
2024,taxsales,Eating Places,2019,actual,thousands,484459,484459,484459,agree,both readings,285-286
2024,taxsales,Eating Places,2020,actual,thousands,308278,308278,308278,agree,both readings,285-286
2024,taxsales,Eating Places,2021,actual,thousands,420555,420555,420555,agree,both readings,285-286
2024,taxsales,Eating Places,2022,actual,thousands,488476,488476,488476,agree,both readings,285-286
2024,taxsales,Eating Places,2023,actual,thousands,525833,525833,525833,agree,both readings,285-286
2024,taxsales,Eating Places,2024,actual,thousands,534757,534757,534757,agree,both readings,285-286
2024,taxsales,Food Stores,2015,actual,thousands,440661,440661,440661,agree,both readings,285-286
2024,taxsales,Food Stores,2016,actual,thousands,452030,452030,452030,agree,both readings,285-286
2024,taxsales,Food Stores,2017,actual,thousands,448173,448173,448173,agree,both readings,285-286
2024,taxsales,Food Stores,2018,actual,thousands,438804,438804,438804,agree,both readings,285-286
2024,taxsales,Food Stores,2019,actual,thousands,442771,442771,442771,agree,both readings,285-286
2024,taxsales,Food Stores,2020,actual,thousands,547934,547934,547934,agree,both readings,285-286
2024,taxsales,Food Stores,2021,actual,thousands,512509,512509,512509,agree,both readings,285-286
2024,taxsales,Food Stores,2022,actual,thousands,559660,559660,559660,agree,both readings,285-286
2024,taxsales,Food Stores,2023,actual,thousands,553927,553927,553927,agree,both readings,285-286
2024,taxsales,Food Stores,2024,actual,thousands,587036,587036,587036,agree,both readings,285-286
2024,taxsales,General Retail,2015,actual,thousands,658659,658659,658659,agree,both readings,285-286
2024,taxsales,General Retail,2016,actual,thousands,737753,737753,737753,agree,both readings,285-286
2024,taxsales,General Retail,2017,actual,thousands,675023,675023,675023,agree,both readings,285-286
2024,taxsales,General Retail,2018,actual,thousands,709676,709676,709676,agree,both readings,285-286
2024,taxsales,General Retail,2019,actual,thousands,702917,702917,702917,agree,both readings,285-286
2024,taxsales,General Retail,2020,actual,thousands,688108,688108,688108,agree,both readings,285-286
2024,taxsales,General Retail,2021,actual,thousands,888508,888508,888508,agree,both readings,285-286
2024,taxsales,General Retail,2022,actual,thousands,914560,914560,914560,agree,both readings,285-286
2024,taxsales,General Retail,2023,actual,thousands,811892,811892,811892,agree,both readings,285-286
2024,taxsales,General Retail,2024,actual,thousands,703770,703770,703770,agree,both readings,285-286
2024,taxsales,Home Furnishings,2015,actual,thousands,89689,89689,89689,agree,both readings,285-286
2024,taxsales,Home Furnishings,2016,actual,thousands,92314,92314,92314,agree,both readings,285-286
2024,taxsales,Home Furnishings,2017,actual,thousands,92483,92483,92483,agree,both readings,285-286
2024,taxsales,Home Furnishings,2018,actual,thousands,93697,93697,93697,agree,both readings,285-286
2024,taxsales,Home Furnishings,2019,actual,thousands,84191,84191,84191,agree,both readings,285-286
2024,taxsales,Home Furnishings,2020,actual,thousands,63575,63575,63575,agree,both readings,285-286
2024,taxsales,Home Furnishings,2021,actual,thousands,70312,70312,70312,agree,both readings,285-286
2024,taxsales,Home Furnishings,2022,actual,thousands,76183,76183,76183,agree,both readings,285-286
2024,taxsales,Home Furnishings,2023,actual,thousands,70415,70415,70415,agree,both readings,285-286
2024,taxsales,Home Furnishings,2024,actual,thousands,77385,77385,77385,agree,both readings,285-286
2024,taxsales,Transportation/Utilities,2015,actual,thousands,229281,229281,229281,agree,both readings,285-286
2024,taxsales,Transportation/Utilities,2016,actual,thousands,220926,220926,220926,agree,both readings,285-286
2024,taxsales,Transportation/Utilities,2017,actual,thousands,216678,216678,216678,agree,both readings,285-286
2024,taxsales,Transportation/Utilities,2018,actual,thousands,214292,214292,214292,agree,both readings,285-286
2024,taxsales,Transportation/Utilities,2019,actual,thousands,214138,214138,214138,agree,both readings,285-286
2024,taxsales,Transportation/Utilities,2020,actual,thousands,210622,210622,210622,agree,both readings,285-286
2024,taxsales,Transportation/Utilities,2021,actual,thousands,229940,229940,229940,agree,both readings,285-286
2024,taxsales,Transportation/Utilities,2022,actual,thousands,242682,242682,242682,agree,both readings,285-286
2024,taxsales,Transportation/Utilities,2023,actual,thousands,253211,253211,253211,agree,both readings,285-286
2024,taxsales,Transportation/Utilities,2024,actual,thousands,259228,259228,259228,agree,both readings,285-286
2024,taxsales,All Other,2015,actual,thousands,524543,524543,524543,agree,both readings,285-286
2024,taxsales,All Other,2016,actual,thousands,519125,519125,519125,agree,both readings,285-286
2024,taxsales,All Other,2017,actual,thousands,612152,612152,612152,agree,both readings,285-286
2024,taxsales,All Other,2018,actual,thousands,631091,631091,631091,agree,both readings,285-286
2024,taxsales,All Other,2019,actual,thousands,734161,734161,734161,agree,both readings,285-286
2024,taxsales,All Other,2020,actual,thousands,550228,550228,550228,agree,both readings,285-286
2024,taxsales,All Other,2021,actual,thousands,586847,586847,586847,agree,both readings,285-286
2024,taxsales,All Other,2022,actual,thousands,646944,646944,646944,agree,both readings,285-286
2024,taxsales,All Other,2023,actual,thousands,783302,783302,783302,agree,both readings,285-286
2024,taxsales,All Other,2024,actual,thousands,812694,812694,812694,agree,both readings,285-286
2024,taxsales,Refunds,2015,actual,thousands,-,-,-,agree,both readings,285-286
2024,taxsales,Refunds,2016,actual,thousands,-,-,-,agree,both readings,285-286
2024,taxsales,Refunds,2017,actual,thousands,-,-,-,agree,both readings,285-286
2024,taxsales,Refunds,2018,actual,thousands,-,-,-,agree,both readings,285-286
2024,taxsales,Refunds,2019,actual,thousands,-,-,-,agree,both readings,285-286
2024,taxsales,Refunds,2020,actual,thousands,-,-,-,agree,both readings,285-286
2024,taxsales,Refunds,2021,actual,thousands,-,-,-,agree,both readings,285-286
2024,taxsales,Refunds,2022,actual,thousands,-,-,-,agree,both readings,285-286
2024,taxsales,Refunds,2023,actual,thousands,-,-,-,agree,both readings,285-286
2024,taxsales,Refunds,2024,actual,thousands,-,-,-,agree,both readings,285-286
2024,taxsales,Total Sales and Use Tax,2015,actual,thousands,3402150,3402150,3402150,agree,both readings,285-286
2024,taxsales,Total Sales and Use Tax,2016,actual,thousands,3530285,3530285,3530285,agree,both readings,285-286
2024,taxsales,Total Sales and Use Tax,2017,actual,thousands,3521063,3521063,3521063,agree,both readings,285-286
2024,taxsales,Total Sales and Use Tax,2018,actual,thousands,3687668,3687668,3687668,agree,both readings,285-286
2024,taxsales,Total Sales and Use Tax,2019,actual,thousands,3731218,3731218,,ocr only,another report,285-286
2024,taxsales,Total Sales and Use Tax,2020,actual,thousands,3558032,3558032,,ocr only,another report,285-286
2024,taxsales,Total Sales and Use Tax,2021,actual,thousands,4007617,4007617,,ocr only,another report,285-286
2024,taxsales,Total Sales and Use Tax,2022,actual,thousands,4438732,4438732,,ocr only,another report,285-286
2024,taxsales,Total Sales and Use Tax,2023,actual,thousands,4616916,4616916,,ocr only,another report,285-286
2024,taxsales,Total Sales and Use Tax,2024,actual,thousands,4570026,4570026,,ocr only,another report,285-286
2024,taxsales,Direct city sales tax rate,2015,actual,pct,3.86,3.86,3.86,agree,both readings,285-286
2024,taxsales,Direct city sales tax rate,2016,actual,pct,3.86,3.86,3.86,agree,both readings,285-286
2024,taxsales,Direct city sales tax rate,2017,actual,pct,3.86,3.86,3.86,agree,both readings,285-286
2024,taxsales,Direct city sales tax rate,2018,actual,pct,3.86,3.86,3.86,agree,both readings,285-286
2024,taxsales,Direct city sales tax rate,2019,actual,pct,3.86,3.86,3.86,agree,both readings,285-286
2024,taxsales,Direct city sales tax rate,2020,actual,pct,3.86,3.86,3.86,agree,both readings,285-286
2024,taxsales,Direct city sales tax rate,2021,actual,pct,3.86,3.86,3.86,agree,both readings,285-286
2024,taxsales,Direct city sales tax rate,2022,actual,pct,3.86,3.86,3.86,agree,both readings,285-286
2024,taxsales,Direct city sales tax rate,2023,actual,pct,3.86,3.86,3.86,agree,both readings,285-286
2024,taxsales,Direct city sales tax rate,2024,actual,pct,3.86,3.86,3.86,agree,both readings,285-286
2024,taxsales,Food service sales tax,2015,actual,pct,0.15,0.15,0.15,agree,both readings,285-286
2024,taxsales,Food service sales tax,2016,actual,pct,0.15,0.15,0.15,agree,both readings,285-286
2024,taxsales,Food service sales tax,2017,actual,pct,0.15,0.15,0.15,agree,both readings,285-286
2024,taxsales,Food service sales tax,2018,actual,pct,0.15,0.15,0.15,agree,both readings,285-286
2024,taxsales,Food service sales tax,2019,actual,pct,0.15,0.15,0.15,agree,both readings,285-286
2024,taxsales,Food service sales tax,2020,actual,pct,0.15,0.15,0.15,agree,both readings,285-286
2024,taxsales,Food service sales tax,2021,actual,pct,0.15,0.15,0.15,agree,both readings,285-286
2024,taxsales,Food service sales tax,2022,actual,pct,0.15,0.15,0.15,agree,both readings,285-286
2024,taxsales,Food service sales tax,2023,actual,pct,0.15,0.15,0.15,agree,both readings,285-286
2024,taxsales,Food service sales tax,2024,actual,pct,0.15,0.15,0.15,agree,both readings,285-286
2024,taxsales,Total direct city sales tax,2015,actual,pct,4.01,4.01,4.01,agree,both readings,285-286
2024,taxsales,Total direct city sales tax,2016,actual,pct,4.01,4.01,4.01,agree,both readings,285-286
2024,taxsales,Total direct city sales tax,2017,actual,pct,4.01,4.01,4.01,agree,both readings,285-286
2024,taxsales,Total direct city sales tax,2018,actual,pct,4.01,4.01,4.01,agree,both readings,285-286
2024,taxsales,Total direct city sales tax,2019,actual,pct,4.01,4.01,4.01,agree,both readings,285-286
2024,taxsales,Total direct city sales tax,2020,actual,pct,4.01,4.01,4.01,agree,both readings,285-286
2024,taxsales,Total direct city sales tax,2021,actual,pct,4.01,4.01,4.01,agree,both readings,285-286
2024,taxsales,Total direct city sales tax,2022,actual,pct,4.01,4.01,4.01,agree,both readings,285-286
2024,taxsales,Total direct city sales tax,2023,actual,pct,4.01,4.01,4.01,agree,both readings,285-286
2024,taxsales,Total direct city sales tax,2024,actual,pct,4.01,4.01,4.01,agree,both readings,285-286
2024,fte,Municipal Court,2015,adopted,fte,21.13,21.13,21.13,agree,both readings,301-302
2024,fte,Municipal Court,2016,adopted,fte,21.13,21.13,21.13,agree,both readings,301-302
2024,fte,Municipal Court,2017,adopted,fte,20.35,20.35,20.35,agree,both readings,301-302
2024,fte,Municipal Court,2018,adopted,fte,19.35,19.35,19.35,agree,both readings,301-302
2024,fte,Municipal Court,2019,adopted,fte,18.35,18.35,18.35,agree,both readings,301-302
2024,fte,Municipal Court,2020,adopted,fte,18.35,18.35,18.35,agree,both readings,301-302
2024,fte,Municipal Court,2021,adopted,fte,16.1,16.1,16.1,agree,both readings,301-302
2024,fte,Municipal Court,2022,adopted,fte,16.35,16.35,16.35,agree,both readings,301-302
2024,fte,Municipal Court,2023,adopted,fte,16.35,16.35,16.35,agree,both readings,301-302
2024,fte,Municipal Court,2024,adopted,fte,18.35,18.35,18.35,agree,both readings,301-302
2024,fte,City Attorney,2015,adopted,fte,19.2,19.2,19.2,agree,both readings,301-302
2024,fte,City Attorney,2016,adopted,fte,25.7,25.7,25.7,agree,both readings,301-302
2024,fte,City Attorney,2017,adopted,fte,27.65,27.65,27.65,agree,both readings,301-302
2024,fte,City Attorney,2018,adopted,fte,27.65,27.65,27.65,agree,both readings,301-302
2024,fte,City Attorney,2019,adopted,fte,28,28,28,agree,both readings,301-302
2024,fte,City Attorney,2020,adopted,fte,28,28,28,agree,both readings,301-302
2024,fte,City Attorney,2021,adopted,fte,26,26,26,agree,both readings,301-302
2024,fte,City Attorney,2022,adopted,fte,24,24,24,agree,both readings,301-302
2024,fte,City Attorney,2023,adopted,fte,25,25,25,agree,both readings,301-302
2024,fte,City Attorney,2024,adopted,fte,26,26,26,agree,both readings,301-302
2024,fte,City Manager- Administration,2015,adopted,fte,19.5,19.5,19.5,agree,both readings,301-302
2024,fte,City Manager- Administration,2016,adopted,fte,17,17,17,agree,both readings,301-302
2024,fte,City Manager- Administration,2017,adopted,fte,19.88,19.88,19.88,agree,both readings,301-302
2024,fte,City Manager- Administration,2018,adopted,fte,22.88,22.88,22.88,agree,both readings,301-302
2024,fte,City Manager- Administration,2019,adopted,fte,18,18,18,agree,both readings,301-302
2024,fte,City Manager- Administration,2020,adopted,fte,14,14,14,agree,both readings,301-302
2024,fte,City Manager- Administration,2021,adopted,fte,14,14,14,agree,both readings,301-302
2024,fte,City Manager- Administration,2022,adopted,fte,17.73,17.73,17.73,agree,both readings,301-302
2024,fte,City Manager- Administration,2023,adopted,fte,18.73,18.73,18.73,agree,both readings,301-302
2024,fte,City Manager- Administration,2024,adopted,fte,19.73,19.73,19.73,agree,both readings,301-302
2024,fte,City Manager- Community Vitality,2015,adopted,fte,44.5,44.5,44.5,agree,both readings,301-302
2024,fte,City Manager- Community Vitality,2016,adopted,fte,46.5,46.5,46.5,agree,both readings,301-302
2024,fte,City Manager- Community Vitality,2017,adopted,fte,49,49,49,agree,both readings,301-302
2024,fte,City Manager- Community Vitality,2018,adopted,fte,48.25,48.25,48.25,agree,both readings,301-302
2024,fte,City Manager- Community Vitality,2019,adopted,fte,47.24,47.24,47.24,agree,both readings,301-302
2024,fte,City Manager- Community Vitality,2020,adopted,fte,48.01,48.01,48.01,agree,both readings,301-302
2024,fte,City Manager- Community Vitality,2021,adopted,fte,41.88,41.88,41.88,agree,both readings,301-302
2024,fte,City Manager- Community Vitality,2022,adopted,fte,45.63,45.63,45.63,agree,both readings,301-302
2024,fte,City Manager- Community Vitality,2023,adopted,fte,46.88,46.88,46.88,agree,both readings,301-302
2024,fte,City Manager- Community Vitality,2024,adopted,fte,46.25,46.25,46.25,agree,both readings,301-302
2024,fte,City Manager- Communications,2015,adopted,fte,6.5,6.5,6.5,agree,both readings,301-302
2024,fte,City Manager- Communications,2016,adopted,fte,12.75,12.75,12.75,agree,both readings,301-302
2024,fte,City Manager- Communications,2017,adopted,fte,13.5,13.5,13.5,agree,both readings,301-302
2024,fte,City Manager- Communications,2018,adopted,fte,14.75,14.75,14.75,agree,both readings,301-302
2024,fte,City Manager- Communications,2019,adopted,fte,15.25,15.25,15.25,agree,both readings,301-302
2024,fte,City Manager- Communications,2020,adopted,fte,14.25,14.25,14.25,agree,both readings,301-302
2024,fte,City Manager- Communications,2021,adopted,fte,16.25,16.25,16.25,agree,both readings,301-302
2024,fte,City Manager- Communications,2022,adopted,fte,20.5,20.5,20.5,agree,both readings,301-302
2024,fte,City Manager- Communications,2023,adopted,fte,28.25,28.25,28.25,agree,both readings,301-302
2024,fte,City Manager- Communications,2024,adopted,fte,29.35,29.35,29.35,agree,both readings,301-302
2024,fte,Human Resources,2015,adopted,fte,24.63,24.63,24.63,agree,both readings,301-302
2024,fte,Human Resources,2016,adopted,fte,24.38,24.38,24.38,agree,both readings,301-302
2024,fte,Human Resources,2017,adopted,fte,23.38,23.38,23.38,agree,both readings,301-302
2024,fte,Human Resources,2018,adopted,fte,23.38,23.38,23.38,agree,both readings,301-302
2024,fte,Human Resources,2019,adopted,fte,23,23,23,agree,both readings,301-302
2024,fte,Human Resources,2020,adopted,fte,24,24,24,agree,both readings,301-302
2024,fte,Human Resources,2021,adopted,fte,22,22,22,agree,both readings,301-302
2024,fte,Human Resources,2022,adopted,fte,24,24,24,agree,both readings,301-302
2024,fte,Human Resources,2023,adopted,fte,28,28,28,agree,both readings,301-302
2024,fte,Human Resources,2024,adopted,fte,27,27,27,agree,both readings,301-302
2024,fte,Finance,2015,adopted,fte,38.67,38.67,38.67,agree,both readings,301-302
2024,fte,Finance,2016,adopted,fte,44.5,44.5,44.5,agree,both readings,301-302
2024,fte,Finance,2017,adopted,fte,46.62,46.62,46.62,agree,both readings,301-302
2024,fte,Finance,2018,adopted,fte,48.12,48.12,48.12,agree,both readings,301-302
2024,fte,Finance,2019,adopted,fte,44,44,44,agree,both readings,301-302
2024,fte,Finance,2020,adopted,fte,44,44,44,agree,both readings,301-302
2024,fte,Finance,2021,adopted,fte,44,44,44,agree,both readings,301-302
2024,fte,Finance,2022,adopted,fte,45,45,45,agree,both readings,301-302
2024,fte,Finance,2023,adopted,fte,47,47,47,agree,both readings,301-302
2024,fte,Finance,2024,adopted,fte,48.15,48.15,48.15,agree,both readings,301-302
2024,fte,Information Technology,2015,adopted,fte,37.18,37.18,37.18,agree,both readings,301-302
2024,fte,Information Technology,2016,adopted,fte,40.25,40.25,40.25,agree,both readings,301-302
2024,fte,Information Technology,2017,adopted,fte,40.75,40.75,40.75,agree,both readings,301-302
2024,fte,Information Technology,2018,adopted,fte,39.75,39.75,39.75,agree,both readings,301-302
2024,fte,Information Technology,2019,adopted,fte,41.75,41.75,41.75,agree,both readings,301-302
2024,fte,Information Technology,2020,adopted,fte,41,41,41,agree,both readings,301-302
2024,fte,Information Technology,2021,adopted,fte,39,39,39,agree,both readings,301-302
2024,fte,Information Technology,2022,adopted,fte,46.5,46.5,46.5,agree,both readings,301-302
2024,fte,Information Technology,2023,adopted,fte,48.2,48.2,48.2,agree,both readings,301-302
2024,fte,Information Technology,2024,adopted,fte,57.2,57.2,57.2,agree,both readings,301-302
2024,fte,Police,2015,adopted,fte,288,288,288,agree,both readings,301-302
2024,fte,Police,2016,adopted,fte,290.89,290.89,290.89,agree,both readings,301-302
2024,fte,Police,2017,adopted,fte,291.89,291.89,291.89,agree,both readings,301-302
2024,fte,Police,2018,adopted,fte,291.75,291.75,291.75,agree,both readings,301-302
2024,fte,Police,2019,adopted,fte,288.25,288.25,288.25,agree,both readings,301-302
2024,fte,Police,2020,adopted,fte,289.25,289.25,289.25,agree,both readings,301-302
2024,fte,Police,2021,adopted,fte,280.6,280.6,280.6,agree,both readings,301-302
2024,fte,Police,2022,adopted,fte,288.9,288.9,288.9,agree,both readings,301-302
2024,fte,Police,2023,adopted,fte,287.05,287.05,287.05,agree,both readings,301-302
2024,fte,Police,2024,adopted,fte,282,282,282,agree,both readings,301-302
2024,fte,Fire,2015,adopted,fte,121.33,121.33,121.33,agree,both readings,301-302
2024,fte,Fire,2016,adopted,fte,124.33,124.33,124.33,agree,both readings,301-302
2024,fte,Fire,2017,adopted,fte,124,124,124,agree,both readings,301-302
2024,fte,Fire,2018,adopted,fte,124,124,124,agree,both readings,301-302
2024,fte,Fire,2019,adopted,fte,123,123,123,agree,both readings,301-302
2024,fte,Fire,2020,adopted,fte,124,124,124,agree,both readings,301-302
2024,fte,Fire,2021,adopted,fte,118,118,118,agree,both readings,301-302
2024,fte,Fire,2022,adopted,fte,133,133,133,agree,both readings,301-302
2024,fte,Fire,2023,adopted,fte,134,134,134,agree,both readings,301-302
2024,fte,Fire,2024,adopted,fte,142,142,142,agree,both readings,301-302
2024,fte,Planning & Development Services,2015,adopted,fte,105.92,105.92,,ocr only,another report,301-302
2024,fte,Planning & Development Services,2016,adopted,fte,112.72,112.72,,ocr only,another report,301-302
2024,fte,Planning & Development Services,2017,adopted,fte,-,-,,ocr only,another report,301-302
2024,fte,Development,2015,adopted,fte,-,-,-,agree,both readings,301-302
2024,fte,Development,2016,adopted,fte,-,-,-,agree,both readings,301-302
2024,fte,Development,2017,adopted,fte,54.11,54.11,54.11,agree,both readings,301-302
2024,fte,Development,2018,adopted,fte,57.38,57.38,57.38,agree,both readings,301-302
2024,fte,Development,2019,adopted,fte,57.05,57.05,57.05,agree,both readings,301-302
2024,fte,Development,2020,adopted,fte,67.49,67.49,67.49,agree,both readings,301-302
2024,fte,Development,2021,adopted,fte,55.84,55.84,55.84,agree,both readings,301-302
2024,fte,Development,2022,adopted,fte,81.21,81.21,81.21,agree,both readings,301-302
2024,fte,Development,2023,adopted,fte,55.22,55.22,55.22,agree,both readings,301-302
2024,fte,Development,2024,adopted,fte,97.65,97.65,97.65,agree,both readings,301-302
2024,fte,Community Planning and Sustainability,2015,adopted,fte,-,-,-,agree,both readings,301-302
2024,fte,Community Planning and Sustainability,2016,adopted,fte,-,-,-,agree,both readings,301-302
2024,fte,Community Planning and Sustainability,2017,adopted,fte,55.34,55.34,55.34,agree,both readings,301-302
2024,fte,Community Planning and Sustainability,2018,adopted,fte,55.54,55.54,55.54,agree,both readings,301-302
2024,fte,Community Planning and Sustainability,2019,adopted,fte,54.54,54.54,,ocr only,another report,301-302
2024,fte,Community Planning and Sustainability,2020,adopted,fte,44.03,44.03,,ocr only,another report,301-302
2024,fte,Community Planning and Sustainability,2021,adopted,fte,32.3,32.3,,ocr only,another report,301-302
2024,fte,Community Planning and Sustainability,2022,adopted,fte,11.15,11.15,,ocr only,another report,301-302
2024,fte,Community Planning and Sustainability,2023,adopted,fte,34.68,34.68,,ocr only,another report,301-302
2024,fte,Community Planning and Sustainability,2024,adopted,fte,-,-,,ocr only,,301-302
2024,fte,Energy Strategy & Electric Utility,2015,adopted,fte,-,-,-,agree,both readings,301-302
2024,fte,Energy Strategy & Electric Utility,2016,adopted,fte,-,-,-,agree,both readings,301-302
2024,fte,Energy Strategy & Electric Utility,2017,adopted,fte,9,9,9,agree,both readings,301-302
2024,fte,Energy Strategy & Electric Utility,2018,adopted,fte,*,*,*,agree,both readings,301-302
2024,fte,Energy Strategy & Electric Utility,2019,adopted,fte,6.5,6.5,6.5,agree,both readings,301-302
2024,fte,Energy Strategy & Electric Utility,2020,adopted,fte,21,21,21,agree,both readings,301-302
2024,fte,Energy Strategy & Electric Utility,2021,adopted,fte,16.5,16.5,16.5,agree,both readings,301-302
2024,fte,Energy Strategy & Electric Utility,2022,adopted,fte,-,-,-,agree,both readings,301-302
2024,fte,Energy Strategy & Electric Utility,2023,adopted,fte,-,-,-,agree,both readings,301-302
2024,fte,Energy Strategy & Electric Utility,2024,adopted,fte,-,-,-,agree,both readings,301-302
2024,fte,Climate Initiatives,2015,adopted,fte,-,-,-,agree,both readings,301-302
2024,fte,Climate Initiatives,2016,adopted,fte,-,-,-,agree,both readings,301-302
2024,fte,Climate Initiatives,2017,adopted,fte,-,-,-,agree,both readings,301-302
2024,fte,Climate Initiatives,2018,adopted,fte,-,-,-,agree,both readings,301-302
2024,fte,Climate Initiatives,2019,adopted,fte,-,-,-,agree,both readings,301-302
2024,fte,Climate Initiatives,2020,adopted,fte,-,-,-,agree,both readings,301-302
2024,fte,Climate Initiatives,2021,adopted,fte,-,-,-,agree,both readings,301-302
2024,fte,Climate Initiatives,2022,adopted,fte,19,19,19,agree,both readings,301-302
2024,fte,Climate Initiatives,2023,adopted,fte,18,18,18,agree,both readings,301-302
2024,fte,Climate Initiatives,2024,adopted,fte,20,20,20,agree,both readings,301-302
2024,fte,Administration,2015,adopted,fte,3.74,3.74,3.74,agree,both readings,301-302
2024,fte,Administration,2016,adopted,fte,2.85,2.85,2.85,agree,both readings,301-302
2024,fte,Administration,2017,adopted,fte,1.5,1.5,1.5,agree,both readings,301-302
2024,fte,Administration,2018,adopted,fte,-,-,-,agree,both readings,301-302
2024,fte,Administration,2019,adopted,fte,-,-,,ocr only,another report,301-302
2024,fte,Administration,2020,adopted,fte,-,-,,ocr only,another report,301-302
2024,fte,Administration,2021,adopted,fte,-,-,,ocr only,another report,301-302
2024,fte,Administration,2022,adopted,fte,-,-,,ocr only,another report,301-302
2024,fte,Administration,2023,adopted,fte,-,-,,ocr only,another report,301-302
2024,fte,Administration,2024,adopted,fte,-,-,,ocr only,another report,301-302
2024,fte,Fleet,2015,adopted,fte,14.77,14.77,14.77,agree,both readings,301-302
2024,fte,Fleet,2016,adopted,fte,15.12,15.12,15.12,agree,both readings,301-302
2024,fte,Fleet,2017,adopted,fte,14.62,14.62,14.62,agree,both readings,301-302
2024,fte,Fleet,2018,adopted,fte,13.2,13.2,13.2,agree,both readings,301-302
2024,fte,Fleet,2019,adopted,fte,13.43,13.43,13.43,agree,both readings,301-302
2024,fte,Fleet,2020,adopted,fte,12.8,12.8,12.8,agree,both readings,301-302
2024,fte,Fleet,2021,adopted,fte,12.4,12.4,12.4,agree,both readings,301-302
2024,fte,Fleet,2022,adopted,fte,12.8,12.8,12.8,agree,both readings,301-302
2024,fte,Fleet,2023,adopted,fte,44.17,44.17,44.17,agree,both readings,301-302
2024,fte,Fleet,2024,adopted,fte,52.9,52.9,52.9,agree,both readings,301-302
2024,fte,Transportation,2015,adopted,fte,70.34,70.34,70.34,agree,both readings,301-302
2024,fte,Transportation,2016,adopted,fte,71.34,71.34,71.34,agree,both readings,301-302
2024,fte,Transportation,2017,adopted,fte,72.09,72.09,72.09,agree,both readings,301-302
2024,fte,Transportation,2018,adopted,fte,73.87,73.87,73.87,agree,both readings,301-302
2024,fte,Transportation,2019,adopted,fte,75.91,75.91,75.91,agree,both readings,301-302
2024,fte,Transportation,2020,adopted,fte,70.41,70.41,70.41,agree,both readings,301-302
2024,fte,Transportation,2021,adopted,fte,70.52,70.52,70.52,agree,both readings,301-302
2024,fte,Transportation,2022,adopted,fte,81.52,81.52,81.52,agree,both readings,301-302
2024,fte,Transportation,2023,adopted,fte,89.86,89.86,89.86,agree,both readings,301-302
2024,fte,Transportation,2024,adopted,fte,97.6,97.6,97.6,agree,both readings,301-302
2024,fte,Utilities,2015,adopted,fte,166.92,166.92,166.92,agree,both readings,301-302
2024,fte,Utilities,2016,adopted,fte,168.02,168.02,168.02,agree,both readings,301-302
2024,fte,Utilities,2017,adopted,fte,168.87,168.87,168.87,agree,both readings,301-302
2024,fte,Utilities,2018,adopted,fte,169.48,169.48,169.48,agree,both readings,301-302
2024,fte,Utilities,2019,adopted,fte,168.9,168.9,168.9,agree,both readings,301-302
2024,fte,Utilities,2020,adopted,fte,160.54,160.54,160.54,agree,both readings,301-302
2024,fte,Utilities,2021,adopted,fte,166.07,166.07,166.07,agree,both readings,301-302
2024,fte,Utilities,2022,adopted,fte,178.57,178.57,178.57,agree,both readings,301-302
2024,fte,Utilities,2023,adopted,fte,170.97,170.97,170.97,agree,both readings,301-302
2024,fte,Utilities,2024,adopted,fte,180.85,180.85,180.85,agree,both readings,301-302
2024,fte,Facility / Asset Management,2015,adopted,fte,14.84,14.84,14.84,agree,both readings,301-302
2024,fte,Facility / Asset Management,2016,adopted,fte,17.53,17.53,17.53,agree,both readings,301-302
2024,fte,Facility / Asset Management,2017,adopted,fte,18.79,18.79,18.79,agree,both readings,301-302
2024,fte,Facility / Asset Management,2018,adopted,fte,19.22,19.22,19.22,agree,both readings,301-302
2024,fte,Facility / Asset Management,2019,adopted,fte,19.99,19.99,,ocr only,another report,301-302
2024,fte,Facility / Asset Management,2020,adopted,fte,21.62,21.62,,ocr only,another report,301-302
2024,fte,Facility / Asset Management,2021,adopted,fte,21.04,21.04,,ocr only,another report,301-302
2024,fte,Facility / Asset Management,2022,adopted,fte,29.39,29.39,,ocr only,another report,301-302
2024,fte,Facility / Asset Management,2023,adopted,fte,*,*,,ocr only,own arithmetic,301-302
2024,fte,Facility / Asset Management,2024,adopted,fte,-,-,,ocr only,,301-302
2024,fte,Parks and Recreation,2015,adopted,fte,130.35,130.35,130.35,agree,both readings,301-302
2024,fte,Parks and Recreation,2016,adopted,fte,136.35,136.35,136.35,agree,both readings,301-302
2024,fte,Parks and Recreation,2017,adopted,fte,139.12,139.12,139.12,agree,both readings,301-302
2024,fte,Parks and Recreation,2018,adopted,fte,146.27,146.27,146.27,agree,both readings,301-302
2024,fte,Parks and Recreation,2019,adopted,fte,141.5,141.5,141.5,agree,both readings,301-302
2024,fte,Parks and Recreation,2020,adopted,fte,145.25,145.25,145.25,agree,both readings,301-302
2024,fte,Parks and Recreation,2021,adopted,fte,123.52,123.52,123.52,agree,both readings,301-302
2024,fte,Parks and Recreation,2022,adopted,fte,134,134,134,agree,both readings,301-302
2024,fte,Parks and Recreation,2023,adopted,fte,135,135,135,agree,both readings,301-302
2024,fte,Parks and Recreation,2024,adopted,fte,151.5,151.5,151.5,agree,both readings,301-302
2024,fte,Library,2015,adopted,fte,76.26,76.26,76.26,agree,both readings,301-302
2024,fte,Library,2016,adopted,fte,77.5,77.5,77.5,agree,both readings,301-302
2024,fte,Library,2017,adopted,fte,74,74,74,agree,both readings,301-302
2024,fte,Library,2018,adopted,fte,74,74,74,agree,both readings,301-302
2024,fte,Library,2019,adopted,fte,74.25,74.25,74.25,agree,both readings,301-302
2024,fte,Library,2020,adopted,fte,76.75,76.75,76.75,agree,both readings,301-302
2024,fte,Library,2021,adopted,fte,61.73,61.73,61.73,agree,both readings,301-302
2024,fte,Library,2022,adopted,fte,77.75,77.75,77.75,agree,both readings,301-302
2024,fte,Library,2023,adopted,fte,75,75,75,agree,both readings,301-302
2024,fte,Library,2024,adopted,fte,*,*,*,agree,both readings,301-302
2024,fte,Arts,2015,adopted,fte,2.25,2.25,2.25,agree,both readings,301-302
2024,fte,Arts,2016,adopted,fte,1,1,1,agree,both readings,301-302
2024,fte,Arts,2017,adopted,fte,3.5,3.5,3.5,agree,both readings,301-302
2024,fte,Arts,2018,adopted,fte,3.5,3.5,3.5,agree,both readings,301-302
2024,fte,Arts,2019,adopted,fte,3.5,3.5,3.5,agree,both readings,301-302
2024,fte,Arts,2020,adopted,fte,3.5,3.5,3.5,agree,both readings,301-302
2024,fte,Arts,2021,adopted,fte,3.5,3.5,3.5,agree,both readings,301-302
2024,fte,Arts,2022,adopted,fte,-,-,-,agree,both readings,301-302
2024,fte,Arts,2023,adopted,fte,-,-,-,agree,both readings,301-302
2024,fte,Arts,2024,adopted,fte,-,-,-,agree,both readings,301-302
2024,fte,Open Space / Mountain Parks,2015,adopted,fte,102.35,102.35,102.35,agree,both readings,301-302
2024,fte,Open Space / Mountain Parks,2016,adopted,fte,117.15,117.15,117.15,agree,both readings,301-302
2024,fte,Open Space / Mountain Parks,2017,adopted,fte,128.4,128.4,128.4,agree,both readings,301-302
2024,fte,Open Space / Mountain Parks,2018,adopted,fte,126.18,126.18,126.18,agree,both readings,301-302
2024,fte,Open Space / Mountain Parks,2019,adopted,fte,121.6,121.6,121.6,agree,both readings,301-302
2024,fte,Open Space / Mountain Parks,2020,adopted,fte,125.35,125.35,125.35,agree,both readings,301-302
2024,fte,Open Space / Mountain Parks,2021,adopted,fte,125.65,125.65,125.65,agree,both readings,301-302
2024,fte,Open Space / Mountain Parks,2022,adopted,fte,127.35,127.35,127.35,agree,both readings,301-302
2024,fte,Open Space / Mountain Parks,2023,adopted,fte,128.35,128.35,128.35,agree,both readings,301-302
2024,fte,Open Space / Mountain Parks,2024,adopted,fte,145.6,145.6,145.6,agree,both readings,301-302
2024,fte,Housing and Human Services,2015,adopted,fte,50.39,50.39,50.39,agree,both readings,301-302
2024,fte,Housing and Human Services,2016,adopted,fte,52.14,52.14,52.14,agree,both readings,301-302
2024,fte,Housing and Human Services,2017,adopted,fte,-,-,-,agree,both readings,301-302
2024,fte,Housing and Human Services,2018,adopted,fte,-,-,-,agree,both readings,301-302
2024,fte,Housing and Human Services,2019,adopted,fte,-,-,,ocr only,another report,301-302
2024,fte,Housing and Human Services,2020,adopted,fte,-,-,,ocr only,another report,301-302
2024,fte,Housing and Human Services,2021,adopted,fte,-,-,,ocr only,another report,301-302
2024,fte,Housing and Human Services,2022,adopted,fte,49.1,49.1,,ocr only,another report,301-302
2024,fte,Housing and Human Services,2023,adopted,fte,-,-,,ocr only,another report,301-302
2024,fte,Housing and Human Services,2024,adopted,fte,-,-,,ocr only,another report,301-302
2024,fte,Housing,2015,adopted,fte,-,-,-,agree,both readings,301-302
2024,fte,Housing,2016,adopted,fte,-,-,-,agree,both readings,301-302
2024,fte,Housing,2017,adopted,fte,15.95,15.95,15.95,agree,both readings,301-302
2024,fte,Housing,2018,adopted,fte,16.35,16.35,16.35,agree,both readings,301-302
2024,fte,Housing,2019,adopted,fte,15.35,15.35,15.35,agree,both readings,301-302
2024,fte,Housing,2020,adopted,fte,15.35,15.35,15.35,agree,both readings,301-302
2024,fte,Housing,2021,adopted,fte,9.59,9.59,9.59,agree,both readings,301-302
2024,fte,Housing,2022,adopted,fte,-,-,-,agree,both readings,301-302
2024,fte,Housing,2023,adopted,fte,14.59,14.59,14.59,agree,both readings,301-302
2024,fte,Housing,2024,adopted,fte,66,66,66,agree,both readings,301-302
2024,fte,Human Services,2015,adopted,fte,-,-,-,agree,both readings,301-302
2024,fte,Human Services,2016,adopted,fte,-,-,-,agree,both readings,301-302
2024,fte,Human Services,2017,adopted,fte,35.05,35.05,35.05,agree,both readings,301-302
2024,fte,Human Services,2018,adopted,fte,36.22,36.22,36.22,agree,both readings,301-302
2024,fte,Human Services,2019,adopted,fte,33.22,33.22,,ocr only,another report,301-302
2024,fte,Human Services,2020,adopted,fte,33.22,33.22,,ocr only,another report,301-302
2024,fte,Human Services,2021,adopted,fte,30.81,30.81,,ocr only,another report,301-302
2024,fte,Human Services,2022,adopted,fte,-,-,,ocr only,another report,301-302
2024,fte,Human Services,2023,adopted,fte,42.41,42.41,,ocr only,another report,301-302
2024,fte,Human Services,2024,adopted,fte,-,-,,ocr only,,301-302
2024,fte,Total,2015,adopted,fte,1358.77,1358.77,1358.77,agree,both readings,301-302
2024,fte,Total,2016,adopted,fte,1419.15,1419.15,1419.15,agree,both readings,301-302
2024,fte,Total,2017,adopted,fte,1447.36,1447.36,1447.36,agree,both readings,301-302
2024,fte,Total,2018,adopted,fte,1451.09,1451.09,1451.09,agree,both readings,301-302
2024,fte,Total,2019,adopted,fte,1432.58,1432.58,1432.58,agree,both readings,301-302
2024,fte,Total,2020,adopted,fte,1442.17,1442.17,1442.17,agree,both readings,301-302
2024,fte,Total,2021,adopted,fte,1347.3,1347.3,1347.3,agree,both readings,301-302
2024,fte,Total,2022,adopted,fte,1463.45,1463.45,1463.45,agree,both readings,301-302
2024,fte,Total,2023,adopted,fte,1487.71,1487.71,1487.71,agree,both readings,301-302
2024,fte,Total,2024,adopted,fte,1508.13,1508.13,1508.13,agree,both readings,301-302
2024,gf,Sales and use taxes,2024,adopted,thousands,84158,84158,84158,agree,both readings,49-50
2024,gf,Sales and use taxes,2024,final,thousands,84158,84158,84158,agree,both readings,49-50
2024,gf,Sales and use taxes,2024,actual,thousands,83097,83097,83097,agree,both readings,49-50
2024,gf,Sales and use taxes,2024,variance,thousands,-1061,-1061,-1061,agree,both readings,49-50
2024,gf,General property taxes,2024,adopted,thousands,54206,54206,54206,agree,both readings,49-50
2024,gf,General property taxes,2024,final,thousands,54206,54206,54206,agree,both readings,49-50
2024,gf,General property taxes,2024,actual,thousands,56131,56131,56131,agree,both readings,49-50
2024,gf,General property taxes,2024,variance,thousands,1925,1925,1925,agree,both readings,49-50
2024,gf,Accommodations taxes,2024,adopted,thousands,11415,11415,11415,agree,both readings,49-50
2024,gf,Accommodations taxes,2024,final,thousands,11415,11415,11415,agree,both readings,49-50
2024,gf,Accommodations taxes,2024,actual,thousands,12602,12602,12602,agree,both readings,49-50
2024,gf,Accommodations taxes,2024,variance,thousands,1187,1187,1187,agree,both readings,49-50
2024,gf,Occupation taxes,2024,adopted,thousands,8342,8342,8342,agree,both readings,49-50
2024,gf,Occupation taxes,2024,final,thousands,8342,8342,8342,agree,both readings,49-50
2024,gf,Occupation taxes,2024,actual,thousands,8079,8079,8079,agree,both readings,49-50
2024,gf,Occupation taxes,2024,variance,thousands,-263,-263,-263,agree,both readings,49-50
2024,gf,Specific ownership & tobacco taxes,2024,adopted,thousands,2445,2445,2445,agree,both readings,49-50
2024,gf,Specific ownership & tobacco taxes,2024,final,thousands,2445,2445,2445,agree,both readings,49-50
2024,gf,Specific ownership & tobacco taxes,2024,actual,thousands,2454,2454,2454,agree,both readings,49-50
2024,gf,Specific ownership & tobacco taxes,2024,variance,thousands,9,9,9,agree,both readings,49-50
2024,gf,Excise taxes,2024,adopted,thousands,500,500,500,agree,both readings,49-50
2024,gf,Excise taxes,2024,final,thousands,500,500,500,agree,both readings,49-50
2024,gf,Excise taxes,2024,actual,thousands,157,157,157,agree,both readings,49-50
2024,gf,Excise taxes,2024,variance,thousands,-343,-343,-343,agree,both readings,49-50
2024,gf,Charges for services,2024,adopted,thousands,4783,4783,4783,agree,both readings,49-50
2024,gf,Charges for services,2024,final,thousands,4808,4808,4808,agree,both readings,49-50
2024,gf,Charges for services,2024,actual,thousands,5302,5302,5302,agree,both readings,49-50
2024,gf,Charges for services,2024,variance,thousands,494,494,494,agree,both readings,49-50
2024,gf,Sale of goods,2024,adopted,thousands,25,25,25,agree,both readings,49-50
2024,gf,Sale of goods,2024,final,thousands,25,25,25,agree,both readings,49-50
2024,gf,Sale of goods,2024,actual,thousands,76,76,76,agree,both readings,49-50
2024,gf,Sale of goods,2024,variance,thousands,51,51,51,agree,both readings,49-50
2024,gf,"Licenses, permits and fines",2024,adopted,thousands,6397,6397,6397,agree,both readings,49-50
2024,gf,"Licenses, permits and fines",2024,final,thousands,6296,6296,6296,agree,both readings,49-50
2024,gf,"Licenses, permits and fines",2024,actual,thousands,5231,5231,5231,agree,both readings,49-50
2024,gf,"Licenses, permits and fines",2024,variance,thousands,-1065,-1065,-1065,agree,both readings,49-50
2024,gf,Intergovernmental,2024,adopted,thousands,2598,2598,2598,agree,both readings,49-50
2024,gf,Intergovernmental,2024,final,thousands,5064,5064,5064,agree,both readings,49-50
2024,gf,Intergovernmental,2024,actual,thousands,10560,10560,10560,agree,both readings,49-50
2024,gf,Intergovernmental,2024,variance,thousands,5496,5496,5496,agree,both readings,49-50
2024,gf,"Leases, rents and royalties",2024,adopted,thousands,81,81,81,agree,both readings,49-50
2024,gf,"Leases, rents and royalties",2024,final,thousands,81,81,81,agree,both readings,49-50
2024,gf,"Leases, rents and royalties",2024,actual,thousands,113,113,113,agree,both readings,49-50
2024,gf,"Leases, rents and royalties",2024,variance,thousands,32,32,32,agree,both readings,49-50
2024,gf,Interest and investment earnings,2024,adopted,thousands,558,558,558,agree,both readings,49-50
2024,gf,Interest and investment earnings,2024,final,thousands,558,558,558,agree,both readings,49-50
2024,gf,Interest and investment earnings,2024,actual,thousands,3692,3692,3692,agree,both readings,49-50
2024,gf,Interest and investment earnings,2024,variance,thousands,3134,3134,3134,agree,both readings,49-50
2024,gf,Other,2024,adopted,thousands,14985,14985,14985,agree,both readings,49-50
2024,gf,Other,2024,final,thousands,16044,16044,16044,agree,both readings,49-50
2024,gf,Other,2024,actual,thousands,16591,16591,16591,agree,both readings,49-50
2024,gf,Other,2024,variance,thousands,547,547,547,agree,both readings,49-50
2024,gf,Total revenues,2024,adopted,thousands,190493,190493,190493,agree,both readings,49-50
2024,gf,Total revenues,2024,final,thousands,193942,193942,193942,agree,both readings,49-50
2024,gf,Total revenues,2024,actual,thousands,204085,204085,204085,agree,both readings,49-50
2024,gf,Total revenues,2024,variance,thousands,10143,10143,10143,agree,both readings,49-50
2024,gf,General Government,2024,adopted,thousands,34374,34374,34374,agree,both readings,49-50
2024,gf,General Government,2024,final,thousands,43870,43870,43870,agree,both readings,49-50
2024,gf,General Government,2024,actual,thousands,34300,34300,34300,agree,both readings,49-50
2024,gf,General Government,2024,variance,thousands,9570,9570,9570,agree,both readings,49-50
2024,gf,Administrative Services,2024,adopted,thousands,21186,21186,21186,agree,both readings,49-50
2024,gf,Administrative Services,2024,final,thousands,33873,33873,33873,agree,both readings,49-50
2024,gf,Administrative Services,2024,actual,thousands,28878,28878,28878,agree,both readings,49-50
2024,gf,Administrative Services,2024,variance,thousands,4995,4995,4995,agree,both readings,49-50
2024,gf,Public Safety,2024,adopted,thousands,71666,71666,71666,agree,both readings,49-50
2024,gf,Public Safety,2024,final,thousands,79906,79906,79906,agree,both readings,49-50
2024,gf,Public Safety,2024,actual,thousands,81511,81511,81511,agree,both readings,49-50
2024,gf,Public Safety,2024,variance,thousands,-1605,-1605,-1605,agree,both readings,49-50
2024,gf,Public Works,2024,adopted,thousands,27773,27773,27773,agree,both readings,49-50
2024,gf,Public Works,2024,final,thousands,31422,31422,31422,agree,both readings,49-50
2024,gf,Public Works,2024,actual,thousands,31884,31884,31884,agree,both readings,49-50
2024,gf,Public Works,2024,variance,thousands,-462,-462,-462,agree,both readings,49-50
2024,gf,Planning & Development Services,2024,adopted,thousands,3543,3543,3543,agree,both readings,49-50
2024,gf,Planning & Development Services,2024,final,thousands,3930,3930,3930,agree,both readings,49-50
2024,gf,Planning & Development Services,2024,actual,thousands,3051,3051,3051,agree,both readings,49-50
2024,gf,Planning & Development Services,2024,variance,thousands,879,879,879,agree,both readings,49-50
2024,gf,Culture and Recreation,2024,adopted,thousands,6410,6410,6410,agree,both readings,49-50
2024,gf,Culture and Recreation,2024,final,thousands,11546,11546,11546,agree,both readings,49-50
2024,gf,Culture and Recreation,2024,actual,thousands,9093,9093,9093,agree,both readings,49-50
2024,gf,Culture and Recreation,2024,variance,thousands,2453,2453,2453,agree,both readings,49-50
2024,gf,Housing and Human Services,2024,adopted,thousands,19374,19374,19374,agree,both readings,49-50
2024,gf,Housing and Human Services,2024,final,thousands,30263,30263,30263,agree,both readings,49-50
2024,gf,Housing and Human Services,2024,actual,thousands,26564,26564,26564,agree,both readings,49-50
2024,gf,Housing and Human Services,2024,variance,thousands,3699,3699,3699,agree,both readings,49-50
2024,gf,Principal,2024,adopted,thousands,3665,3665,3665,agree,both readings,49-50
2024,gf,Principal,2024,final,thousands,3665,3665,3665,agree,both readings,49-50
2024,gf,Principal,2024,actual,thousands,5172,5172,5172,agree,both readings,49-50
2024,gf,Principal,2024,variance,thousands,-1507,-1507,-1507,agree,both readings,49-50
2024,gf,Interest,2024,adopted,thousands,399,399,399,agree,both readings,49-50
2024,gf,Interest,2024,final,thousands,399,399,399,agree,both readings,49-50
2024,gf,Interest,2024,actual,thousands,403,403,403,agree,both readings,49-50
2024,gf,Interest,2024,variance,thousands,-4,-4,-4,agree,both readings,49-50
2024,gf,Total expenditures,2024,adopted,thousands,188390,188390,188390,agree,both readings,49-50
2024,gf,Total expenditures,2024,final,thousands,238874,238874,238874,agree,both readings,49-50
2024,gf,Total expenditures,2024,actual,thousands,220856,220856,220856,agree,both readings,49-50
2024,gf,Total expenditures,2024,variance,thousands,18018,18018,18018,agree,both readings,49-50
2024,gf,Excess (deficiency) of revenues over (under) expenditures,2024,adopted,thousands,2103,2103,,ocr only,own arithmetic,49-50
2024,gf,Excess (deficiency) of revenues over (under) expenditures,2024,final,thousands,-44932,-44932,,ocr only,own arithmetic,49-50
2024,gf,Excess (deficiency) of revenues over (under) expenditures,2024,actual,thousands,-16771,-16771,,ocr only,own arithmetic,49-50
2024,gf,Excess (deficiency) of revenues over (under) expenditures,2024,variance,thousands,28161,28161,,ocr only,own arithmetic,49-50
2024,gf,Proceeds from sale of capital asset,2024,adopted,thousands,1000,1000,1000,agree,both readings,49-50
2024,gf,Proceeds from sale of capital asset,2024,final,thousands,1000,1000,1000,agree,both readings,49-50
2024,gf,Proceeds from sale of capital asset,2024,actual,thousands,1816,1816,1816,agree,both readings,49-50
2024,gf,Proceeds from sale of capital asset,2024,variance,thousands,816,816,816,agree,both readings,49-50
2024,gf,Transfers in,2024,adopted,thousands,20922,20922,20922,agree,both readings,49-50
2024,gf,Transfers in,2024,final,thousands,27238,27238,27238,agree,both readings,49-50
2024,gf,Transfers in,2024,actual,thousands,26947,26947,26947,agree,both readings,49-50
2024,gf,Transfers in,2024,variance,thousands,-291,-291,-291,agree,both readings,49-50
2024,gf,Transfers out,2024,adopted,thousands,-27641,-27641,-27641,agree,both readings,49-50
2024,gf,Transfers out,2024,final,thousands,-33641,-33641,-33641,agree,both readings,49-50
2024,gf,Transfers out,2024,actual,thousands,-33465,-33465,-33465,agree,both readings,49-50
2024,gf,Transfers out,2024,variance,thousands,176,176,176,agree,both readings,49-50
2024,gf,Total other financing sources (uses),2024,adopted,thousands,-5719,-5719,-5719,agree,both readings,49-50
2024,gf,Total other financing sources (uses),2024,final,thousands,-5403,-5403,-5403,agree,both readings,49-50
2024,gf,Total other financing sources (uses),2024,actual,thousands,-4702,-4702,-4702,agree,both readings,49-50
2024,gf,Total other financing sources (uses),2024,variance,thousands,701,701,701,agree,both readings,49-50
2024,gf,Net change in fund balance,2024,adopted,thousands,-3616,-3616,-3616,agree,both readings,49-50
2024,gf,Net change in fund balance,2024,final,thousands,-50335,-50335,-50335,agree,both readings,49-50
2024,gf,Net change in fund balance,2024,actual,thousands,-21473,-21473,-21473,agree,both readings,49-50
2024,gf,Net change in fund balance,2024,variance,thousands,28862,28862,28862,agree,both readings,49-50
2024,legal,Assessed value,2024,actual,thousands,5091582,5091582,5091582,agree,both readings,295-296
2024,legal,Debt limit - 3% of assessed value,2024,actual,thousands,152747,152747,152747,agree,both readings,295-296
2025,fundbal,Sales and use taxes,2016,actual,thousands,136269,136269,136269,agree,both readings,263-264
2025,fundbal,Sales and use taxes,2017,actual,thousands,131857,131857,131857,agree,both readings,263-264
2025,fundbal,Sales and use taxes,2018,actual,thousands,146400,146400,146400,agree,both readings,263-264
2025,fundbal,Sales and use taxes,2019,actual,thousands,144025,144025,144025,agree,both readings,263-264
2025,fundbal,Sales and use taxes,2020,actual,thousands,137340,137340,137340,agree,both readings,263-264
2025,fundbal,Sales and use taxes,2021,actual,thousands,154694,154694,154694,agree,both readings,263-264
2025,fundbal,Sales and use taxes,2022,actual,thousands,171335,171335,171335,agree,both readings,263-264
2025,fundbal,Sales and use taxes,2023,actual,thousands,178213,178213,178213,agree,both readings,263-264
2025,fundbal,Sales and use taxes,2024,actual,thousands,176403,176403,176403,agree,both readings,263-264
2025,fundbal,Sales and use taxes,2025,actual,thousands,182366,182366,182366,agree,both readings,263-264
2025,fundbal,General property taxes,2016,actual,thousands,36897,36897,36897,agree,both readings,263-264
2025,fundbal,General property taxes,2017,actual,thousands,37252,37252,37252,agree,both readings,263-264
2025,fundbal,General property taxes,2018,actual,thousands,43700,43700,43700,agree,both readings,263-264
2025,fundbal,General property taxes,2019,actual,thousands,43156,43156,43156,agree,both readings,263-264
2025,fundbal,General property taxes,2020,actual,thousands,47804,47804,47804,agree,both readings,263-264
2025,fundbal,General property taxes,2021,actual,thousands,47945,47945,47945,agree,both readings,263-264
2025,fundbal,General property taxes,2022,actual,thousands,51558,51558,51558,agree,both readings,263-264
2025,fundbal,General property taxes,2023,actual,thousands,49283,49283,49283,agree,both readings,263-264
2025,fundbal,General property taxes,2024,actual,thousands,61254,61254,61254,agree,both readings,263-264
2025,fundbal,General property taxes,2025,actual,thousands,58521,58521,58521,agree,both readings,263-264
2025,taxsales,Apparel Stores,2016,actual,thousands,123958,123958,123958,agree,both readings,265
2025,taxsales,Apparel Stores,2017,actual,thousands,116513,116513,116513,agree,both readings,265
2025,taxsales,Apparel Stores,2018,actual,thousands,118308,118308,118308,agree,both readings,265
2025,taxsales,Apparel Stores,2019,actual,thousands,105696,105696,105696,agree,both readings,265
2025,taxsales,Apparel Stores,2020,actual,thousands,90814,90814,90814,agree,both readings,265
2025,taxsales,Apparel Stores,2021,actual,thousands,127311,127311,127311,agree,both readings,265
2025,taxsales,Apparel Stores,2022,actual,thousands,139640,139640,139640,agree,both readings,265
2025,taxsales,Apparel Stores,2023,actual,thousands,153275,153275,153275,agree,both readings,265
2025,taxsales,Apparel Stores,2024,actual,thousands,138487,138487,138487,agree,both readings,265
2025,taxsales,Apparel Stores,2025,actual,thousands,133975,133975,133975,agree,both readings,265
2025,taxsales,Automotive Trade,2016,actual,thousands,239489,239489,239489,agree,both readings,265
2025,taxsales,Automotive Trade,2017,actual,thousands,251106,251106,251106,agree,both readings,265
2025,taxsales,Automotive Trade,2018,actual,thousands,258584,258584,258584,agree,both readings,265
2025,taxsales,Automotive Trade,2019,actual,thousands,262565,262565,262565,agree,both readings,265
2025,taxsales,Automotive Trade,2020,actual,thousands,268208,268208,268208,agree,both readings,265
2025,taxsales,Automotive Trade,2021,actual,thousands,332835,332835,332835,agree,both readings,265
2025,taxsales,Automotive Trade,2022,actual,thousands,334428,334428,334428,agree,both readings,265
2025,taxsales,Automotive Trade,2023,actual,thousands,361615,361615,361615,agree,both readings,265
2025,taxsales,Automotive Trade,2024,actual,thousands,354009,354009,354009,agree,both readings,265
2025,taxsales,Automotive Trade,2025,actual,thousands,351135,351135,351135,agree,both readings,265
2025,taxsales,Building Material-Retail,2016,actual,thousands,121991,121991,121991,agree,both readings,265
2025,taxsales,Building Material-Retail,2017,actual,thousands,121201,121201,121201,agree,both readings,265
2025,taxsales,Building Material-Retail,2018,actual,thousands,121719,121719,121719,agree,both readings,265
2025,taxsales,Building Material-Retail,2019,actual,thousands,125063,125063,125063,agree,both readings,265
2025,taxsales,Building Material-Retail,2020,actual,thousands,132942,132942,132942,agree,both readings,265
2025,taxsales,Building Material-Retail,2021,actual,thousands,146375,146375,146375,agree,both readings,265
2025,taxsales,Building Material-Retail,2022,actual,thousands,153326,153326,153326,agree,both readings,265
2025,taxsales,Building Material-Retail,2023,actual,thousands,142371,142371,142371,agree,both readings,265
2025,taxsales,Building Material-Retail,2024,actual,thousands,140730,140730,140730,agree,both readings,265
2025,taxsales,Building Material-Retail,2025,actual,thousands,131635,131635,131635,agree,both readings,265
2025,taxsales,Computer Related Business Sector,2016,actual,thousands,195938,195938,195938,agree,both readings,265
2025,taxsales,Computer Related Business Sector,2017,actual,thousands,188351,188351,188351,agree,both readings,265
2025,taxsales,Computer Related Business Sector,2018,actual,thousands,198501,198501,198501,agree,both readings,265
2025,taxsales,Computer Related Business Sector,2019,actual,thousands,192020,192020,192020,agree,both readings,265
2025,taxsales,Computer Related Business Sector,2020,actual,thousands,254960,254960,254960,agree,both readings,265
2025,taxsales,Computer Related Business Sector,2021,actual,thousands,284801,284801,284801,agree,both readings,265
2025,taxsales,Computer Related Business Sector,2022,actual,thousands,385621,385621,385621,agree,both readings,265
2025,taxsales,Computer Related Business Sector,2023,actual,thousands,344557,344557,344557,agree,both readings,265
2025,taxsales,Computer Related Business Sector,2024,actual,thousands,406472,406472,406472,agree,both readings,265
2025,taxsales,Computer Related Business Sector,2025,actual,thousands,426407,426407,426407,agree,both readings,265
2025,taxsales,Constructions Firms Sales/Use Tax,2016,actual,thousands,304301,304301,304301,agree,both readings,265
2025,taxsales,Constructions Firms Sales/Use Tax,2017,actual,thousands,279081,279081,279081,agree,both readings,265
2025,taxsales,Constructions Firms Sales/Use Tax,2018,actual,thousands,352701,352701,352701,agree,both readings,265
2025,taxsales,Constructions Firms Sales/Use Tax,2019,actual,thousands,308127,308127,308127,agree,both readings,265
2025,taxsales,Constructions Firms Sales/Use Tax,2020,actual,thousands,342503,342503,342503,agree,both readings,265
2025,taxsales,Constructions Firms Sales/Use Tax,2021,actual,thousands,276028,276028,276028,agree,both readings,265
2025,taxsales,Constructions Firms Sales/Use Tax,2022,actual,thousands,374869,374869,374869,agree,both readings,265
2025,taxsales,Constructions Firms Sales/Use Tax,2023,actual,thousands,483669,483669,483669,agree,both readings,265
2025,taxsales,Constructions Firms Sales/Use Tax,2024,actual,thousands,450307,450307,450307,agree,both readings,265
2025,taxsales,Constructions Firms Sales/Use Tax,2025,actual,thousands,527840,527840,527840,agree,both readings,265
2025,taxsales,Consumer Electronics,2016,actual,thousands,71024,71024,71024,agree,both readings,265
2025,taxsales,Consumer Electronics,2017,actual,thousands,59211,59211,59211,agree,both readings,265
2025,taxsales,Consumer Electronics,2018,actual,thousands,73263,73263,73263,agree,both readings,265
2025,taxsales,Consumer Electronics,2019,actual,thousands,75110,75110,75110,agree,both readings,265
2025,taxsales,Consumer Electronics,2020,actual,thousands,99860,99860,99860,agree,both readings,265
2025,taxsales,Consumer Electronics,2021,actual,thousands,131596,131596,131596,agree,both readings,265
2025,taxsales,Consumer Electronics,2022,actual,thousands,122343,122343,122343,agree,both readings,265
2025,taxsales,Consumer Electronics,2023,actual,thousands,132849,132849,132849,agree,both readings,265
2025,taxsales,Consumer Electronics,2024,actual,thousands,105151,105151,105151,agree,both readings,265
2025,taxsales,Consumer Electronics,2025,actual,thousands,103572,103572,103572,agree,both readings,265
2025,taxsales,Eating Places,2016,actual,thousands,451436,451436,451436,agree,both readings,265
2025,taxsales,Eating Places,2017,actual,thousands,461091,461091,461091,agree,both readings,265
2025,taxsales,Eating Places,2018,actual,thousands,477032,477032,477032,agree,both readings,265
2025,taxsales,Eating Places,2019,actual,thousands,484459,484459,484459,agree,both readings,265
2025,taxsales,Eating Places,2020,actual,thousands,308278,308278,308278,agree,both readings,265
2025,taxsales,Eating Places,2021,actual,thousands,420555,420555,420555,agree,both readings,265
2025,taxsales,Eating Places,2022,actual,thousands,488476,488476,488476,agree,both readings,265
2025,taxsales,Eating Places,2023,actual,thousands,525833,525833,525833,agree,both readings,265
2025,taxsales,Eating Places,2024,actual,thousands,534757,534757,534757,agree,both readings,265
2025,taxsales,Eating Places,2025,actual,thousands,531248,531248,531248,agree,both readings,265
2025,taxsales,Food Stores,2016,actual,thousands,452030,452030,452030,agree,both readings,265
2025,taxsales,Food Stores,2017,actual,thousands,448173,448173,448173,agree,both readings,265
2025,taxsales,Food Stores,2018,actual,thousands,438804,438804,438804,agree,both readings,265
2025,taxsales,Food Stores,2019,actual,thousands,442771,442771,442771,agree,both readings,265
2025,taxsales,Food Stores,2020,actual,thousands,547934,547934,547934,agree,both readings,265
2025,taxsales,Food Stores,2021,actual,thousands,512509,512509,512509,agree,both readings,265
2025,taxsales,Food Stores,2022,actual,thousands,559660,559660,559660,agree,both readings,265
2025,taxsales,Food Stores,2023,actual,thousands,553927,553927,553927,agree,both readings,265
2025,taxsales,Food Stores,2024,actual,thousands,587036,587036,587036,agree,both readings,265
2025,taxsales,Food Stores,2025,actual,thousands,574713,574713,574713,agree,both readings,265
2025,taxsales,General Retail,2016,actual,thousands,737753,737753,737753,agree,both readings,265
2025,taxsales,General Retail,2017,actual,thousands,675023,675023,675023,agree,both readings,265
2025,taxsales,General Retail,2018,actual,thousands,709676,709676,709676,agree,both readings,265
2025,taxsales,General Retail,2019,actual,thousands,702917,702917,702917,agree,both readings,265
2025,taxsales,General Retail,2020,actual,thousands,688108,688108,688108,agree,both readings,265
2025,taxsales,General Retail,2021,actual,thousands,888508,888508,888508,agree,both readings,265
2025,taxsales,General Retail,2022,actual,thousands,914560,914560,914560,agree,both readings,265
2025,taxsales,General Retail,2023,actual,thousands,811892,811892,811892,agree,both readings,265
2025,taxsales,General Retail,2024,actual,thousands,703770,703770,703770,agree,both readings,265
2025,taxsales,General Retail,2025,actual,thousands,734170,734170,734170,agree,both readings,265
2025,taxsales,Home Furnishings,2016,actual,thousands,92314,92314,92314,agree,both readings,265
2025,taxsales,Home Furnishings,2017,actual,thousands,92483,92483,92483,agree,both readings,265
2025,taxsales,Home Furnishings,2018,actual,thousands,93697,93697,93697,agree,both readings,265
2025,taxsales,Home Furnishings,2019,actual,thousands,84191,84191,84191,agree,both readings,265
2025,taxsales,Home Furnishings,2020,actual,thousands,63575,63575,63575,agree,both readings,265
2025,taxsales,Home Furnishings,2021,actual,thousands,70312,70312,70312,agree,both readings,265
2025,taxsales,Home Furnishings,2022,actual,thousands,76183,76183,76183,agree,both readings,265
2025,taxsales,Home Furnishings,2023,actual,thousands,70415,70415,70415,agree,both readings,265
2025,taxsales,Home Furnishings,2024,actual,thousands,77385,77385,77385,agree,both readings,265
2025,taxsales,Home Furnishings,2025,actual,thousands,71815,71815,71815,agree,both readings,265
2025,taxsales,Transportation/Utilities,2016,actual,thousands,220926,220926,220926,agree,both readings,265
2025,taxsales,Transportation/Utilities,2017,actual,thousands,216678,216678,216678,agree,both readings,265
2025,taxsales,Transportation/Utilities,2018,actual,thousands,214292,214292,214292,agree,both readings,265
2025,taxsales,Transportation/Utilities,2019,actual,thousands,214138,214138,214138,agree,both readings,265
2025,taxsales,Transportation/Utilities,2020,actual,thousands,210622,210622,210622,agree,both readings,265
2025,taxsales,Transportation/Utilities,2021,actual,thousands,229940,229940,229940,agree,both readings,265
2025,taxsales,Transportation/Utilities,2022,actual,thousands,242682,242682,242682,agree,both readings,265
2025,taxsales,Transportation/Utilities,2023,actual,thousands,253211,253211,253211,agree,both readings,265
2025,taxsales,Transportation/Utilities,2024,actual,thousands,259228,259228,259228,agree,both readings,265
2025,taxsales,Transportation/Utilities,2025,actual,thousands,259389,259389,259389,agree,both readings,265
2025,taxsales,All Other,2016,actual,thousands,519125,519125,519125,agree,both readings,265
2025,taxsales,All Other,2017,actual,thousands,612152,612152,612152,agree,both readings,265
2025,taxsales,All Other,2018,actual,thousands,631091,631091,631091,agree,both readings,265
2025,taxsales,All Other,2019,actual,thousands,734161,734161,734161,agree,both readings,265
2025,taxsales,All Other,2020,actual,thousands,550228,550228,550228,agree,both readings,265
2025,taxsales,All Other,2021,actual,thousands,586847,586847,586847,agree,both readings,265
2025,taxsales,All Other,2022,actual,thousands,646944,646944,646944,agree,both readings,265
2025,taxsales,All Other,2023,actual,thousands,783302,783302,783302,agree,both readings,265
2025,taxsales,All Other,2024,actual,thousands,812694,812694,812694,agree,both readings,265
2025,taxsales,All Other,2025,actual,thousands,796330,796330,796330,agree,both readings,265
2025,taxsales,Refunds,2016,actual,thousands,-,-,-,agree,both readings,265
2025,taxsales,Refunds,2017,actual,thousands,-,-,-,agree,both readings,265
2025,taxsales,Refunds,2018,actual,thousands,-,-,-,agree,both readings,265
2025,taxsales,Refunds,2019,actual,thousands,-,-,-,agree,both readings,265
2025,taxsales,Refunds,2020,actual,thousands,-,-,-,agree,both readings,265
2025,taxsales,Refunds,2021,actual,thousands,-,-,-,agree,both readings,265
2025,taxsales,Refunds,2022,actual,thousands,-,-,-,agree,both readings,265
2025,taxsales,Refunds,2023,actual,thousands,-,-,-,agree,both readings,265
2025,taxsales,Refunds,2024,actual,thousands,-,-,-,agree,both readings,265
2025,taxsales,Refunds,2025,actual,thousands,-,-,-,agree,both readings,265
2025,taxsales,Total Sales and Use Tax,2016,actual,thousands,3530285,3530285,3530285,agree,both readings,265
2025,taxsales,Total Sales and Use Tax,2017,actual,thousands,3521063,3521063,3521063,agree,both readings,265
2025,taxsales,Total Sales and Use Tax,2018,actual,thousands,3687668,3687668,3687668,agree,both readings,265
2025,taxsales,Total Sales and Use Tax,2019,actual,thousands,3731218,3731218,3731218,agree,both readings,265
2025,taxsales,Total Sales and Use Tax,2020,actual,thousands,3558032,3558032,3558032,agree,both readings,265
2025,taxsales,Total Sales and Use Tax,2021,actual,thousands,4007617,4007617,4007617,agree,both readings,265
2025,taxsales,Total Sales and Use Tax,2022,actual,thousands,4438732,4438732,4438732,agree,both readings,265
2025,taxsales,Total Sales and Use Tax,2023,actual,thousands,4616916,4616916,4616916,agree,both readings,265
2025,taxsales,Total Sales and Use Tax,2024,actual,thousands,4570026,4570026,4570026,agree,both readings,265
2025,taxsales,Total Sales and Use Tax,2025,actual,thousands,4642229,4642229,4642229,agree,both readings,265
2025,taxsales,Direct city sales tax rate,2016,actual,pct,3.86,3.86,3.86,agree,both readings,265
2025,taxsales,Direct city sales tax rate,2017,actual,pct,3.86,3.86,3.86,agree,both readings,265
2025,taxsales,Direct city sales tax rate,2018,actual,pct,3.86,3.86,3.86,agree,both readings,265
2025,taxsales,Direct city sales tax rate,2019,actual,pct,3.86,3.86,3.86,agree,both readings,265
2025,taxsales,Direct city sales tax rate,2020,actual,pct,3.86,3.86,3.86,agree,both readings,265
2025,taxsales,Direct city sales tax rate,2021,actual,pct,3.86,3.86,3.86,agree,both readings,265
2025,taxsales,Direct city sales tax rate,2022,actual,pct,3.86,3.86,3.86,agree,both readings,265
2025,taxsales,Direct city sales tax rate,2023,actual,pct,3.86,3.86,3.86,agree,both readings,265
2025,taxsales,Direct city sales tax rate,2024,actual,pct,3.86,3.86,3.86,agree,both readings,265
2025,taxsales,Direct city sales tax rate,2025,actual,pct,3.86,3.86,3.86,agree,both readings,265
2025,taxsales,Food service sales tax,2016,actual,pct,0.15,0.15,0.15,agree,both readings,265
2025,taxsales,Food service sales tax,2017,actual,pct,0.15,0.15,0.15,agree,both readings,265
2025,taxsales,Food service sales tax,2018,actual,pct,0.15,0.15,0.15,agree,both readings,265
2025,taxsales,Food service sales tax,2019,actual,pct,0.15,0.15,0.15,agree,both readings,265
2025,taxsales,Food service sales tax,2020,actual,pct,0.15,0.15,0.15,agree,both readings,265
2025,taxsales,Food service sales tax,2021,actual,pct,0.15,0.15,0.15,agree,both readings,265
2025,taxsales,Food service sales tax,2022,actual,pct,0.15,0.15,0.15,agree,both readings,265
2025,taxsales,Food service sales tax,2023,actual,pct,0.15,0.15,0.15,agree,both readings,265
2025,taxsales,Food service sales tax,2024,actual,pct,0.15,0.15,0.15,agree,both readings,265
2025,taxsales,Food service sales tax,2025,actual,pct,0.15,0.15,0.15,agree,both readings,265
2025,taxsales,Total direct city sales tax,2016,actual,pct,4.01,4.01,4.01,agree,both readings,265
2025,taxsales,Total direct city sales tax,2017,actual,pct,4.01,4.01,4.01,agree,both readings,265
2025,taxsales,Total direct city sales tax,2018,actual,pct,4.01,4.01,4.01,agree,both readings,265
2025,taxsales,Total direct city sales tax,2019,actual,pct,4.01,4.01,4.01,agree,both readings,265
2025,taxsales,Total direct city sales tax,2020,actual,pct,4.01,4.01,4.01,agree,both readings,265
2025,taxsales,Total direct city sales tax,2021,actual,pct,4.01,4.01,4.01,agree,both readings,265
2025,taxsales,Total direct city sales tax,2022,actual,pct,4.01,4.01,4.01,agree,both readings,265
2025,taxsales,Total direct city sales tax,2023,actual,pct,4.01,4.01,4.01,agree,both readings,265
2025,taxsales,Total direct city sales tax,2024,actual,pct,4.01,4.01,4.01,agree,both readings,265
2025,taxsales,Total direct city sales tax,2025,actual,pct,4.01,4.01,4.01,agree,both readings,265
2025,fte,Municipal Court,2016,adopted,fte,21.13,21.13,21.13,agree,both readings,277-278
2025,fte,Municipal Court,2017,adopted,fte,20.35,20.35,20.35,agree,both readings,277-278
2025,fte,Municipal Court,2018,adopted,fte,19.35,19.35,19.35,agree,both readings,277-278
2025,fte,Municipal Court,2019,adopted,fte,18.35,18.35,18.35,agree,both readings,277-278
2025,fte,Municipal Court,2020,adopted,fte,18.35,18.35,18.35,agree,both readings,277-278
2025,fte,Municipal Court,2021,adopted,fte,16.1,16.1,16.1,agree,both readings,277-278
2025,fte,Municipal Court,2022,adopted,fte,16.35,16.35,16.35,agree,both readings,277-278
2025,fte,Municipal Court,2023,adopted,fte,16.35,16.35,16.35,agree,both readings,277-278
2025,fte,Municipal Court,2024,adopted,fte,18.35,18.35,18.35,agree,both readings,277-278
2025,fte,Municipal Court,2025,adopted,fte,18.35,18.35,18.35,agree,both readings,277-278
2025,fte,City Attorney,2016,adopted,fte,25.7,25.7,25.7,agree,both readings,277-278
2025,fte,City Attorney,2017,adopted,fte,27.65,27.65,27.65,agree,both readings,277-278
2025,fte,City Attorney,2018,adopted,fte,27.65,27.65,27.65,agree,both readings,277-278
2025,fte,City Attorney,2019,adopted,fte,28,28,28,agree,both readings,277-278
2025,fte,City Attorney,2020,adopted,fte,28,28,28,agree,both readings,277-278
2025,fte,City Attorney,2021,adopted,fte,26,26,26,agree,both readings,277-278
2025,fte,City Attorney,2022,adopted,fte,24,24,24,agree,both readings,277-278
2025,fte,City Attorney,2023,adopted,fte,25,25,25,agree,both readings,277-278
2025,fte,City Attorney,2024,adopted,fte,26,26,26,agree,both readings,277-278
2025,fte,City Attorney,2025,adopted,fte,27,27,27,agree,both readings,277-278
2025,fte,City Manager- Administration,2016,adopted,fte,17,17,17,agree,both readings,277-278
2025,fte,City Manager- Administration,2017,adopted,fte,19.88,19.88,19.88,agree,both readings,277-278
2025,fte,City Manager- Administration,2018,adopted,fte,22.88,22.88,22.88,agree,both readings,277-278
2025,fte,City Manager- Administration,2019,adopted,fte,18,18,18,agree,both readings,277-278
2025,fte,City Manager- Administration,2020,adopted,fte,14,14,14,agree,both readings,277-278
2025,fte,City Manager- Administration,2021,adopted,fte,14,14,14,agree,both readings,277-278
2025,fte,City Manager- Administration,2022,adopted,fte,17.73,17.73,17.73,agree,both readings,277-278
2025,fte,City Manager- Administration,2023,adopted,fte,18.73,18.73,18.73,agree,both readings,277-278
2025,fte,City Manager- Administration,2024,adopted,fte,19.73,19.73,19.73,agree,both readings,277-278
2025,fte,City Manager- Administration,2025,adopted,fte,25.8,25.8,25.8,agree,both readings,277-278
2025,fte,City Manager- Community Vitality,2016,adopted,fte,46.5,46.5,46.5,agree,both readings,277-278
2025,fte,City Manager- Community Vitality,2017,adopted,fte,49,49,49,agree,both readings,277-278
2025,fte,City Manager- Community Vitality,2018,adopted,fte,48.25,48.25,48.25,agree,both readings,277-278
2025,fte,City Manager- Community Vitality,2019,adopted,fte,47.24,47.24,47.24,agree,both readings,277-278
2025,fte,City Manager- Community Vitality,2020,adopted,fte,48.01,48.01,48.01,agree,both readings,277-278
2025,fte,City Manager- Community Vitality,2021,adopted,fte,41.88,41.88,41.88,agree,both readings,277-278
2025,fte,City Manager- Community Vitality,2022,adopted,fte,45.63,45.63,45.63,agree,both readings,277-278
2025,fte,City Manager- Community Vitality,2023,adopted,fte,46.88,46.88,46.88,agree,both readings,277-278
2025,fte,City Manager- Community Vitality,2024,adopted,fte,46.25,46.25,46.25,agree,both readings,277-278
2025,fte,City Manager- Community Vitality,2025,adopted,fte,47.25,47.25,47.25,agree,both readings,277-278
2025,fte,City Manager- Communications,2016,adopted,fte,12.75,12.75,12.75,agree,both readings,277-278
2025,fte,City Manager- Communications,2017,adopted,fte,13.5,13.5,13.5,agree,both readings,277-278
2025,fte,City Manager- Communications,2018,adopted,fte,14.75,14.75,14.75,agree,both readings,277-278
2025,fte,City Manager- Communications,2019,adopted,fte,15.25,15.25,15.25,agree,both readings,277-278
2025,fte,City Manager- Communications,2020,adopted,fte,14.25,14.25,14.25,agree,both readings,277-278
2025,fte,City Manager- Communications,2021,adopted,fte,16.25,16.25,16.25,agree,both readings,277-278
2025,fte,City Manager- Communications,2022,adopted,fte,20.5,20.5,20.5,agree,both readings,277-278
2025,fte,City Manager- Communications,2023,adopted,fte,28.25,28.25,28.25,agree,both readings,277-278
2025,fte,City Manager- Communications,2024,adopted,fte,29.35,29.35,29.35,agree,both readings,277-278
2025,fte,City Manager- Communications,2025,adopted,fte,33,33,33,agree,both readings,277-278
2025,fte,Human Resources,2016,adopted,fte,24.38,24.38,24.38,agree,both readings,277-278
2025,fte,Human Resources,2017,adopted,fte,23.38,23.38,23.38,agree,both readings,277-278
2025,fte,Human Resources,2018,adopted,fte,23.38,23.38,23.38,agree,both readings,277-278
2025,fte,Human Resources,2019,adopted,fte,23,23,23,agree,both readings,277-278
2025,fte,Human Resources,2020,adopted,fte,24,24,24,agree,both readings,277-278
2025,fte,Human Resources,2021,adopted,fte,22,22,22,agree,both readings,277-278
2025,fte,Human Resources,2022,adopted,fte,24,24,24,agree,both readings,277-278
2025,fte,Human Resources,2023,adopted,fte,28,28,28,agree,both readings,277-278
2025,fte,Human Resources,2024,adopted,fte,27,27,27,agree,both readings,277-278
2025,fte,Human Resources,2025,adopted,fte,28,28,28,agree,both readings,277-278
2025,fte,Finance,2016,adopted,fte,44.5,44.5,44.5,agree,both readings,277-278
2025,fte,Finance,2017,adopted,fte,46.62,46.62,46.62,agree,both readings,277-278
2025,fte,Finance,2018,adopted,fte,48.12,48.12,48.12,agree,both readings,277-278
2025,fte,Finance,2019,adopted,fte,44,44,44,agree,both readings,277-278
2025,fte,Finance,2020,adopted,fte,44,44,44,agree,both readings,277-278
2025,fte,Finance,2021,adopted,fte,44,44,44,agree,both readings,277-278
2025,fte,Finance,2022,adopted,fte,45,45,45,agree,both readings,277-278
2025,fte,Finance,2023,adopted,fte,47,47,47,agree,both readings,277-278
2025,fte,Finance,2024,adopted,fte,48.15,48.15,48.15,agree,both readings,277-278
2025,fte,Finance,2025,adopted,fte,50.9,50.9,50.9,agree,both readings,277-278
2025,fte,Information Technology,2016,adopted,fte,40.25,40.25,40.25,agree,both readings,277-278
2025,fte,Information Technology,2017,adopted,fte,40.75,40.75,40.75,agree,both readings,277-278
2025,fte,Information Technology,2018,adopted,fte,39.75,39.75,39.75,agree,both readings,277-278
2025,fte,Information Technology,2019,adopted,fte,41.75,41.75,41.75,agree,both readings,277-278
2025,fte,Information Technology,2020,adopted,fte,41,41,41,agree,both readings,277-278
2025,fte,Information Technology,2021,adopted,fte,39,39,39,agree,both readings,277-278
2025,fte,Information Technology,2022,adopted,fte,46.5,46.5,46.5,agree,both readings,277-278
2025,fte,Information Technology,2023,adopted,fte,48.2,48.2,48.2,agree,both readings,277-278
2025,fte,Information Technology,2024,adopted,fte,57.2,57.2,57.2,agree,both readings,277-278
2025,fte,Information Technology,2025,adopted,fte,61.2,61.2,61.2,agree,both readings,277-278
2025,fte,Police,2016,adopted,fte,290.89,290.89,290.89,agree,both readings,277-278
2025,fte,Police,2017,adopted,fte,291.89,291.89,291.89,agree,both readings,277-278
2025,fte,Police,2018,adopted,fte,291.75,291.75,291.75,agree,both readings,277-278
2025,fte,Police,2019,adopted,fte,288.25,288.25,288.25,agree,both readings,277-278
2025,fte,Police,2020,adopted,fte,289.25,289.25,289.25,agree,both readings,277-278
2025,fte,Police,2021,adopted,fte,280.6,280.6,280.6,agree,both readings,277-278
2025,fte,Police,2022,adopted,fte,288.9,288.9,288.9,agree,both readings,277-278
2025,fte,Police,2023,adopted,fte,287.05,287.05,287.05,agree,both readings,277-278
2025,fte,Police,2024,adopted,fte,282,282,282,agree,both readings,277-278
2025,fte,Police,2025,adopted,fte,284.5,284.5,284.5,agree,both readings,277-278
2025,fte,Fire,2016,adopted,fte,124.33,124.33,124.33,agree,both readings,277-278
2025,fte,Fire,2017,adopted,fte,124,124,124,agree,both readings,277-278
2025,fte,Fire,2018,adopted,fte,124,124,124,agree,both readings,277-278
2025,fte,Fire,2019,adopted,fte,123,123,123,agree,both readings,277-278
2025,fte,Fire,2020,adopted,fte,124,124,124,agree,both readings,277-278
2025,fte,Fire,2021,adopted,fte,118,118,118,agree,both readings,277-278
2025,fte,Fire,2022,adopted,fte,133,133,133,agree,both readings,277-278
2025,fte,Fire,2023,adopted,fte,134,134,134,agree,both readings,277-278
2025,fte,Fire,2024,adopted,fte,142,142,142,agree,both readings,277-278
2025,fte,Fire,2025,adopted,fte,142,142,142,agree,both readings,277-278
2025,fte,Planning & Development Services,2016,adopted,fte,112.72,112.72,,ocr only,another report,277-278
2025,fte,Planning & Development Services,2017,adopted,fte,-,-,,ocr only,another report,277-278
2025,fte,Development,2016,adopted,fte,-,-,-,agree,both readings,277-278
2025,fte,Development,2017,adopted,fte,54.11,54.11,54.11,agree,both readings,277-278
2025,fte,Development,2018,adopted,fte,57.38,57.38,57.38,agree,both readings,277-278
2025,fte,Development,2019,adopted,fte,57.05,57.05,57.05,agree,both readings,277-278
2025,fte,Development,2020,adopted,fte,67.49,67.49,67.49,agree,both readings,277-278
2025,fte,Development,2021,adopted,fte,55.84,55.84,55.84,agree,both readings,277-278
2025,fte,Development,2022,adopted,fte,81.21,81.21,81.21,agree,both readings,277-278
2025,fte,Development,2023,adopted,fte,55.22,55.22,55.22,agree,both readings,277-278
2025,fte,Development,2024,adopted,fte,97.65,97.65,97.65,agree,both readings,277-278
2025,fte,Development,2025,adopted,fte,98.62,98.62,98.62,agree,both readings,277-278
2025,fte,Community Planning and Sustainability,2016,adopted,fte,-,-,-,agree,both readings,277-278
2025,fte,Community Planning and Sustainability,2017,adopted,fte,55.34,55.34,55.34,agree,both readings,277-278
2025,fte,Community Planning and Sustainability,2018,adopted,fte,55.54,55.54,55.54,agree,both readings,277-278
2025,fte,Community Planning and Sustainability,2019,adopted,fte,54.54,54.54,54.54,agree,both readings,277-278
2025,fte,Community Planning and Sustainability,2020,adopted,fte,44.03,44.03,44.03,agree,both readings,277-278
2025,fte,Community Planning and Sustainability,2021,adopted,fte,32.3,32.3,32.3,agree,both readings,277-278
2025,fte,Community Planning and Sustainability,2022,adopted,fte,11.15,11.15,11.15,agree,both readings,277-278
2025,fte,Community Planning and Sustainability,2023,adopted,fte,34.68,34.68,34.68,agree,both readings,277-278
2025,fte,Community Planning and Sustainability,2024,adopted,fte,(e),(e),(e),agree,both readings,277-278
2025,fte,Community Planning and Sustainability,2025,adopted,fte,-,-,-,agree,both readings,277-278
2025,fte,Energy Strategy & Electric Utility,2016,adopted,fte,-,-,-,agree,both readings,277-278
2025,fte,Energy Strategy & Electric Utility,2017,adopted,fte,9,9,9,agree,both readings,277-278
2025,fte,Energy Strategy & Electric Utility,2018,adopted,fte,(a),(a),(a),agree,both readings,277-278
2025,fte,Energy Strategy & Electric Utility,2019,adopted,fte,6.5,6.5,6.5,agree,both readings,277-278
2025,fte,Energy Strategy & Electric Utility,2020,adopted,fte,21,21,21,agree,both readings,277-278
2025,fte,Energy Strategy & Electric Utility,2021,adopted,fte,16.5,16.5,16.5,agree,both readings,277-278
2025,fte,Energy Strategy & Electric Utility,2022,adopted,fte,(c),(c),(c),agree,both readings,277-278
2025,fte,Energy Strategy & Electric Utility,2023,adopted,fte,-,-,-,agree,both readings,277-278
2025,fte,Energy Strategy & Electric Utility,2024,adopted,fte,-,-,-,agree,both readings,277-278
2025,fte,Energy Strategy & Electric Utility,2025,adopted,fte,-,-,-,agree,both readings,277-278
2025,fte,Climate Initiatives,2016,adopted,fte,-,-,-,agree,both readings,277-278
2025,fte,Climate Initiatives,2017,adopted,fte,-,-,-,agree,both readings,277-278
2025,fte,Climate Initiatives,2018,adopted,fte,-,-,-,agree,both readings,277-278
2025,fte,Climate Initiatives,2019,adopted,fte,-,-,-,agree,both readings,277-278
2025,fte,Climate Initiatives,2020,adopted,fte,-,-,-,agree,both readings,277-278
2025,fte,Climate Initiatives,2021,adopted,fte,-,-,-,agree,both readings,277-278
2025,fte,Climate Initiatives,2022,adopted,fte,19,19,19,agree,both readings,277-278
2025,fte,Climate Initiatives,2023,adopted,fte,18,18,18,agree,both readings,277-278
2025,fte,Climate Initiatives,2024,adopted,fte,20,20,20,agree,both readings,277-278
2025,fte,Climate Initiatives,2025,adopted,fte,22,22,22,agree,both readings,277-278
2025,fte,Administration,2016,adopted,fte,2.85,2.85,2.85,agree,both readings,277-278
2025,fte,Administration,2017,adopted,fte,1.5,1.5,1.5,agree,both readings,277-278
2025,fte,Administration,2018,adopted,fte,-,-,-,agree,both readings,277-278
2025,fte,Administration,2019,adopted,fte,-,-,-,agree,both readings,277-278
2025,fte,Administration,2020,adopted,fte,-,-,-,agree,both readings,277-278
2025,fte,Administration,2021,adopted,fte,-,-,-,agree,both readings,277-278
2025,fte,Administration,2022,adopted,fte,-,-,-,agree,both readings,277-278
2025,fte,Administration,2023,adopted,fte,-,-,-,agree,both readings,277-278
2025,fte,Administration,2024,adopted,fte,-,-,-,agree,both readings,277-278
2025,fte,Administration,2025,adopted,fte,-,-,-,agree,both readings,277-278
2025,fte,Fleet,2016,adopted,fte,15.12,15.12,15.12,agree,both readings,277-278
2025,fte,Fleet,2017,adopted,fte,14.62,14.62,14.62,agree,both readings,277-278
2025,fte,Fleet,2018,adopted,fte,13.2,13.2,13.2,agree,both readings,277-278
2025,fte,Fleet,2019,adopted,fte,13.43,13.43,13.43,agree,both readings,277-278
2025,fte,Fleet,2020,adopted,fte,12.8,12.8,12.8,agree,both readings,277-278
2025,fte,Fleet,2021,adopted,fte,12.4,12.4,12.4,agree,both readings,277-278
2025,fte,Fleet,2022,adopted,fte,12.8,12.8,12.8,agree,both readings,277-278
2025,fte,Fleet,2023,adopted,fte,44.17,44.17,44.17,agree,both readings,277-278
2025,fte,Fleet,2024,adopted,fte,52.9,52.9,52.9,agree,both readings,277-278
2025,fte,Fleet,2025,adopted,fte,51.9,51.9,51.9,agree,both readings,277-278
2025,fte,Transportation,2016,adopted,fte,71.34,71.34,71.34,agree,both readings,277-278
2025,fte,Transportation,2017,adopted,fte,72.09,72.09,72.09,agree,both readings,277-278
2025,fte,Transportation,2018,adopted,fte,73.87,73.87,73.87,agree,both readings,277-278
2025,fte,Transportation,2019,adopted,fte,75.91,75.91,75.91,agree,both readings,277-278
2025,fte,Transportation,2020,adopted,fte,70.41,70.41,70.41,agree,both readings,277-278
2025,fte,Transportation,2021,adopted,fte,70.52,70.52,70.52,agree,both readings,277-278
2025,fte,Transportation,2022,adopted,fte,81.52,81.52,81.52,agree,both readings,277-278
2025,fte,Transportation,2023,adopted,fte,89.86,89.86,89.86,agree,both readings,277-278
2025,fte,Transportation,2024,adopted,fte,97.6,97.6,97.6,agree,both readings,277-278
2025,fte,Transportation,2025,adopted,fte,98.85,98.85,98.85,agree,both readings,277-278
2025,fte,Utilities,2016,adopted,fte,168.02,168.02,168.02,agree,both readings,277-278
2025,fte,Utilities,2017,adopted,fte,168.87,168.87,168.87,agree,both readings,277-278
2025,fte,Utilities,2018,adopted,fte,169.48,169.48,169.48,agree,both readings,277-278
2025,fte,Utilities,2019,adopted,fte,168.9,168.9,168.9,agree,both readings,277-278
2025,fte,Utilities,2020,adopted,fte,160.54,160.54,160.54,agree,both readings,277-278
2025,fte,Utilities,2021,adopted,fte,166.07,166.07,166.07,agree,both readings,277-278
2025,fte,Utilities,2022,adopted,fte,178.57,178.57,178.57,agree,both readings,277-278
2025,fte,Utilities,2023,adopted,fte,170.97,170.97,170.97,agree,both readings,277-278
2025,fte,Utilities,2024,adopted,fte,180.85,180.85,180.85,agree,both readings,277-278
2025,fte,Utilities,2025,adopted,fte,181.1,181.1,181.1,agree,both readings,277-278
2025,fte,Facility / Asset Management,2016,adopted,fte,17.53,17.53,17.53,agree,both readings,277-278
2025,fte,Facility / Asset Management,2017,adopted,fte,18.79,18.79,18.79,agree,both readings,277-278
2025,fte,Facility / Asset Management,2018,adopted,fte,19.22,19.22,19.22,agree,both readings,277-278
2025,fte,Facility / Asset Management,2019,adopted,fte,19.99,19.99,19.99,agree,both readings,277-278
2025,fte,Facility / Asset Management,2020,adopted,fte,21.62,21.62,21.62,agree,both readings,277-278
2025,fte,Facility / Asset Management,2021,adopted,fte,21.04,21.04,21.04,agree,both readings,277-278
2025,fte,Facility / Asset Management,2022,adopted,fte,29.39,29.39,29.39,agree,both readings,277-278
2025,fte,Facility / Asset Management,2023,adopted,fte,-,-,-,agree,both readings,277-278
2025,fte,Facility / Asset Management,2024,adopted,fte,(e),(e),(e),agree,both readings,277-278
2025,fte,Facility / Asset Management,2025,adopted,fte,-,-,-,agree,both readings,277-278
2025,fte,Parks and Recreation,2016,adopted,fte,136.35,136.35,136.35,agree,both readings,277-278
2025,fte,Parks and Recreation,2017,adopted,fte,139.12,139.12,139.12,agree,both readings,277-278
2025,fte,Parks and Recreation,2018,adopted,fte,146.27,146.27,146.27,agree,both readings,277-278
2025,fte,Parks and Recreation,2019,adopted,fte,141.5,141.5,141.5,agree,both readings,277-278
2025,fte,Parks and Recreation,2020,adopted,fte,145.25,145.25,145.25,agree,both readings,277-278
2025,fte,Parks and Recreation,2021,adopted,fte,123.52,123.52,123.52,agree,both readings,277-278
2025,fte,Parks and Recreation,2022,adopted,fte,134,134,134,agree,both readings,277-278
2025,fte,Parks and Recreation,2023,adopted,fte,135,135,135,agree,both readings,277-278
2025,fte,Parks and Recreation,2024,adopted,fte,151.5,151.5,151.5,agree,both readings,277-278
2025,fte,Parks and Recreation,2025,adopted,fte,153.25,153.25,153.25,agree,both readings,277-278
2025,fte,Library,2016,adopted,fte,77.5,77.5,77.5,agree,both readings,277-278
2025,fte,Library,2017,adopted,fte,74,74,74,agree,both readings,277-278
2025,fte,Library,2018,adopted,fte,74,74,74,agree,both readings,277-278
2025,fte,Library,2019,adopted,fte,74.25,74.25,74.25,agree,both readings,277-278
2025,fte,Library,2020,adopted,fte,76.75,76.75,76.75,agree,both readings,277-278
2025,fte,Library,2021,adopted,fte,61.73,61.73,61.73,agree,both readings,277-278
2025,fte,Library,2022,adopted,fte,77.75,77.75,77.75,agree,both readings,277-278
2025,fte,Library,2023,adopted,fte,75,75,75,agree,both readings,277-278
2025,fte,Library,2024,adopted,fte,(f),(f),(f),agree,both readings,277-278
2025,fte,Library,2025,adopted,fte,-,-,-,agree,both readings,277-278
2025,fte,Arts,2016,adopted,fte,1,1,1,agree,both readings,277-278
2025,fte,Arts,2017,adopted,fte,3.5,3.5,3.5,agree,both readings,277-278
2025,fte,Arts,2018,adopted,fte,3.5,3.5,3.5,agree,both readings,277-278
2025,fte,Arts,2019,adopted,fte,3.5,3.5,3.5,agree,both readings,277-278
2025,fte,Arts,2020,adopted,fte,3.5,3.5,3.5,agree,both readings,277-278
2025,fte,Arts,2021,adopted,fte,3.5,3.5,3.5,agree,both readings,277-278
2025,fte,Arts,2022,adopted,fte,(b),(b),(b),agree,both readings,277-278
2025,fte,Arts,2023,adopted,fte,-,-,-,agree,both readings,277-278
2025,fte,Arts,2024,adopted,fte,-,-,-,agree,both readings,277-278
2025,fte,Arts,2025,adopted,fte,-,-,-,agree,both readings,277-278
2025,fte,Open Space / Mountain Parks,2016,adopted,fte,117.15,117.15,117.15,agree,both readings,277-278
2025,fte,Open Space / Mountain Parks,2017,adopted,fte,128.4,128.4,128.4,agree,both readings,277-278
2025,fte,Open Space / Mountain Parks,2018,adopted,fte,126.18,126.18,126.18,agree,both readings,277-278
2025,fte,Open Space / Mountain Parks,2019,adopted,fte,121.6,121.6,121.6,agree,both readings,277-278
2025,fte,Open Space / Mountain Parks,2020,adopted,fte,125.35,125.35,125.35,agree,both readings,277-278
2025,fte,Open Space / Mountain Parks,2021,adopted,fte,125.65,125.65,125.65,agree,both readings,277-278
2025,fte,Open Space / Mountain Parks,2022,adopted,fte,127.35,127.35,127.35,agree,both readings,277-278
2025,fte,Open Space / Mountain Parks,2023,adopted,fte,128.35,128.35,128.35,agree,both readings,277-278
2025,fte,Open Space / Mountain Parks,2024,adopted,fte,145.6,145.6,145.6,agree,both readings,277-278
2025,fte,Open Space / Mountain Parks,2025,adopted,fte,147.6,147.6,147.6,agree,both readings,277-278
2025,fte,Housing and Human Services,2016,adopted,fte,52.14,52.14,52.14,agree,both readings,277-278
2025,fte,Housing and Human Services,2017,adopted,fte,-,-,-,agree,both readings,277-278
2025,fte,Housing and Human Services,2018,adopted,fte,-,-,-,agree,both readings,277-278
2025,fte,Housing and Human Services,2019,adopted,fte,-,-,-,agree,both readings,277-278
2025,fte,Housing and Human Services,2020,adopted,fte,-,-,-,agree,both readings,277-278
2025,fte,Housing and Human Services,2021,adopted,fte,-,-,-,agree,both readings,277-278
2025,fte,Housing and Human Services,2022,adopted,fte,49.1,49.1,49.1,agree,both readings,277-278
2025,fte,Housing and Human Services,2023,adopted,fte,-,-,-,agree,both readings,277-278
2025,fte,Housing and Human Services,2024,adopted,fte,-,-,-,agree,both readings,277-278
2025,fte,Housing and Human Services,2025,adopted,fte,-,-,-,agree,both readings,277-278
2025,fte,Housing,2016,adopted,fte,-,-,-,agree,both readings,277-278
2025,fte,Housing,2017,adopted,fte,15.95,15.95,15.95,agree,both readings,277-278
2025,fte,Housing,2018,adopted,fte,16.35,16.35,16.35,agree,both readings,277-278
2025,fte,Housing,2019,adopted,fte,15.35,15.35,15.35,agree,both readings,277-278
2025,fte,Housing,2020,adopted,fte,15.35,15.35,15.35,agree,both readings,277-278
2025,fte,Housing,2021,adopted,fte,9.59,9.59,9.59,agree,both readings,277-278
2025,fte,Housing,2022,adopted,fte,(d),(d),(d),agree,both readings,277-278
2025,fte,Housing,2023,adopted,fte,14.59,14.59,14.59,agree,both readings,277-278
2025,fte,Housing,2024,adopted,fte,66,66,66,agree,both readings,277-278
2025,fte,Housing,2025,adopted,fte,66.75,66.75,66.75,agree,both readings,277-278
2025,fte,Human Services,2016,adopted,fte,-,-,-,agree,both readings,277-278
2025,fte,Human Services,2017,adopted,fte,35.05,35.05,35.05,agree,both readings,277-278
2025,fte,Human Services,2018,adopted,fte,36.22,36.22,36.22,agree,both readings,277-278
2025,fte,Human Services,2019,adopted,fte,33.22,33.22,33.22,agree,both readings,277-278
2025,fte,Human Services,2020,adopted,fte,33.22,33.22,33.22,agree,both readings,277-278
2025,fte,Human Services,2021,adopted,fte,30.81,30.81,30.81,agree,both readings,277-278
2025,fte,Human Services,2022,adopted,fte,(d),(d),(d),agree,both readings,277-278
2025,fte,Human Services,2023,adopted,fte,42.41,42.41,42.41,agree,both readings,277-278
2025,fte,Human Services,2024,adopted,fte,(e),(e),(e),agree,both readings,277-278
2025,fte,Human Services,2025,adopted,fte,-,-,-,agree,both readings,277-278
2025,fte,Total,2016,adopted,fte,1419.15,1419.15,1419.15,agree,both readings,277-278
2025,fte,Total,2017,adopted,fte,1447.36,1447.36,1447.36,agree,both readings,277-278
2025,fte,Total,2018,adopted,fte,1451.09,1451.09,1451.09,agree,both readings,277-278
2025,fte,Total,2019,adopted,fte,1432.58,1432.58,1432.58,agree,both readings,277-278
2025,fte,Total,2020,adopted,fte,1442.17,1442.17,1442.17,agree,both readings,277-278
2025,fte,Total,2021,adopted,fte,1347.3,1347.3,1347.3,agree,both readings,277-278
2025,fte,Total,2022,adopted,fte,1463.45,1463.45,1463.45,agree,both readings,277-278
2025,fte,Total,2023,adopted,fte,1487.71,1487.71,1487.71,agree,both readings,277-278
2025,fte,Total,2024,adopted,fte,1508.13,1508.13,1508.13,agree,both readings,277-278
2025,fte,Total,2025,adopted,fte,1538.07,1538.07,1538.07,agree,both readings,277-278
2025,gf,Sales and use taxes,2025,adopted,thousands,82076,82076,82076,agree,both readings,43-44
2025,gf,Sales and use taxes,2025,final,thousands,82076,82076,82076,agree,both readings,43-44
2025,gf,Sales and use taxes,2025,actual,thousands,82510,82510,82510,agree,both readings,43-44
2025,gf,Sales and use taxes,2025,variance,thousands,434,434,434,agree,both readings,43-44
2025,gf,General property taxes,2025,adopted,thousands,52707,52707,52707,agree,both readings,43-44
2025,gf,General property taxes,2025,final,thousands,52707,52707,52707,agree,both readings,43-44
2025,gf,General property taxes,2025,actual,thousands,53276,53276,53276,agree,both readings,43-44
2025,gf,General property taxes,2025,variance,thousands,569,569,569,agree,both readings,43-44
2025,gf,Accommodations taxes,2025,adopted,thousands,13114,13114,13114,agree,both readings,43-44
2025,gf,Accommodations taxes,2025,final,thousands,13114,13114,13114,agree,both readings,43-44
2025,gf,Accommodations taxes,2025,actual,thousands,12504,12504,12504,agree,both readings,43-44
2025,gf,Accommodations taxes,2025,variance,thousands,-610,-610,-610,agree,both readings,43-44
2025,gf,Occupation taxes,2025,adopted,thousands,8330,8330,8330,agree,both readings,43-44
2025,gf,Occupation taxes,2025,final,thousands,8330,8330,8330,agree,both readings,43-44
2025,gf,Occupation taxes,2025,actual,thousands,6091,6091,6091,agree,both readings,43-44
2025,gf,Occupation taxes,2025,variance,thousands,-2239,-2239,-2239,agree,both readings,43-44
2025,gf,Specific ownership & tobacco taxes,2025,adopted,thousands,2714,2714,2714,agree,both readings,43-44
2025,gf,Specific ownership & tobacco taxes,2025,final,thousands,2714,2714,2714,agree,both readings,43-44
2025,gf,Specific ownership & tobacco taxes,2025,actual,thousands,3035,3035,3035,agree,both readings,43-44
2025,gf,Specific ownership & tobacco taxes,2025,variance,thousands,321,321,321,agree,both readings,43-44
2025,gf,Excise taxes,2025,adopted,thousands,228,228,228,agree,both readings,43-44
2025,gf,Excise taxes,2025,final,thousands,228,228,228,agree,both readings,43-44
2025,gf,Excise taxes,2025,actual,thousands,232,232,232,agree,both readings,43-44
2025,gf,Excise taxes,2025,variance,thousands,4,4,4,agree,both readings,43-44
2025,gf,Charges for services,2025,adopted,thousands,4707,4707,4707,agree,both readings,43-44
2025,gf,Charges for services,2025,final,thousands,4707,4707,4707,agree,both readings,43-44
2025,gf,Charges for services,2025,actual,thousands,8144,8144,8144,agree,both readings,43-44
2025,gf,Charges for services,2025,variance,thousands,3437,3437,3437,agree,both readings,43-44
2025,gf,Sale of goods,2025,adopted,thousands,25,25,25,agree,both readings,43-44
2025,gf,Sale of goods,2025,final,thousands,25,25,25,agree,both readings,43-44
2025,gf,Sale of goods,2025,actual,thousands,82,82,82,agree,both readings,43-44
2025,gf,Sale of goods,2025,variance,thousands,57,57,57,agree,both readings,43-44
2025,gf,"Licenses, permits and fines",2025,adopted,thousands,5272,5272,5272,agree,both readings,43-44
2025,gf,"Licenses, permits and fines",2025,final,thousands,5272,5272,5272,agree,both readings,43-44
2025,gf,"Licenses, permits and fines",2025,actual,thousands,6421,6421,6421,agree,both readings,43-44
2025,gf,"Licenses, permits and fines",2025,variance,thousands,1149,1149,1149,agree,both readings,43-44
2025,gf,Intergovernmental,2025,adopted,thousands,2926,2926,2926,agree,both readings,43-44
2025,gf,Intergovernmental,2025,final,thousands,3778,3778,3778,agree,both readings,43-44
2025,gf,Intergovernmental,2025,actual,thousands,6894,6894,6894,agree,both readings,43-44
2025,gf,Intergovernmental,2025,variance,thousands,3116,3116,3116,agree,both readings,43-44
2025,gf,"Leases, rents and royalties",2025,adopted,thousands,63,63,63,agree,both readings,43-44
2025,gf,"Leases, rents and royalties",2025,final,thousands,63,63,63,agree,both readings,43-44
2025,gf,"Leases, rents and royalties",2025,actual,thousands,1895,1895,1895,agree,both readings,43-44
2025,gf,"Leases, rents and royalties",2025,variance,thousands,1832,1832,1832,agree,both readings,43-44
2025,gf,Interest and investment earnings,2025,adopted,thousands,2312,2312,2312,agree,both readings,43-44
2025,gf,Interest and investment earnings,2025,final,thousands,2312,2312,2312,agree,both readings,43-44
2025,gf,Interest and investment earnings,2025,actual,thousands,5806,5806,5806,agree,both readings,43-44
2025,gf,Interest and investment earnings,2025,variance,thousands,3494,3494,3494,agree,both readings,43-44
2025,gf,Other,2025,adopted,thousands,1473,1473,1473,agree,both readings,43-44
2025,gf,Other,2025,final,thousands,2513,2513,2513,agree,both readings,43-44
2025,gf,Other,2025,actual,thousands,5329,5329,5329,agree,both readings,43-44
2025,gf,Other,2025,variance,thousands,2816,2816,2816,agree,both readings,43-44
2025,gf,Total revenues,2025,adopted,thousands,175947,175947,175947,agree,both readings,43-44
2025,gf,Total revenues,2025,final,thousands,177839,177839,177839,agree,both readings,43-44
2025,gf,Total revenues,2025,actual,thousands,192219,192219,192219,agree,both readings,43-44
2025,gf,Total revenues,2025,variance,thousands,14380,14380,14380,agree,both readings,43-44
2025,gf,General Government,2025,adopted,thousands,22185,22185,22185,agree,both readings,43-44
2025,gf,General Government,2025,final,thousands,27487,27487,27487,agree,both readings,43-44
2025,gf,General Government,2025,actual,thousands,20463,20463,20463,agree,both readings,43-44
2025,gf,General Government,2025,variance,thousands,7024,7024,7024,agree,both readings,43-44
2025,gf,Administrative Services,2025,adopted,thousands,22182,22182,22182,agree,both readings,43-44
2025,gf,Administrative Services,2025,final,thousands,22894,22894,22894,agree,both readings,43-44
2025,gf,Administrative Services,2025,actual,thousands,22537,22537,22537,agree,both readings,43-44
2025,gf,Administrative Services,2025,variance,thousands,357,357,357,agree,both readings,43-44
2025,gf,Public Safety,2025,adopted,thousands,78962,78962,78962,agree,both readings,43-44
2025,gf,Public Safety,2025,final,thousands,84722,84722,84722,agree,both readings,43-44
2025,gf,Public Safety,2025,actual,thousands,91244,91244,91244,agree,both readings,43-44
2025,gf,Public Safety,2025,variance,thousands,-6522,-6522,-6522,agree,both readings,43-44
2025,gf,Public Works,2025,adopted,thousands,11094,11094,11094,agree,both readings,43-44
2025,gf,Public Works,2025,final,thousands,11570,11570,11570,agree,both readings,43-44
2025,gf,Public Works,2025,actual,thousands,11535,11535,11535,agree,both readings,43-44
2025,gf,Public Works,2025,variance,thousands,35,35,35,agree,both readings,43-44
2025,gf,Planning & Development Services,2025,adopted,thousands,3945,3945,3945,agree,both readings,43-44
2025,gf,Planning & Development Services,2025,final,thousands,4369,4369,4369,agree,both readings,43-44
2025,gf,Planning & Development Services,2025,actual,thousands,4153,4153,4153,agree,both readings,43-44
2025,gf,Planning & Development Services,2025,variance,thousands,216,216,216,agree,both readings,43-44
2025,gf,Culture and Recreation,2025,adopted,thousands,6798,6798,6798,agree,both readings,43-44
2025,gf,Culture and Recreation,2025,final,thousands,6921,6921,6921,agree,both readings,43-44
2025,gf,Culture and Recreation,2025,actual,thousands,6264,6264,6264,agree,both readings,43-44
2025,gf,Culture and Recreation,2025,variance,thousands,657,657,657,agree,both readings,43-44
2025,gf,Housing and Human Services,2025,adopted,thousands,20563,20563,20563,agree,both readings,43-44
2025,gf,Housing and Human Services,2025,final,thousands,25451,25451,25451,agree,both readings,43-44
2025,gf,Housing and Human Services,2025,actual,thousands,18443,18443,18443,agree,both readings,43-44
2025,gf,Housing and Human Services,2025,variance,thousands,7008,7008,7008,agree,both readings,43-44
2025,gf,Capital outlay,2025,adopted,thousands,46090,46090,46090,agree,both readings,43-44
2025,gf,Capital outlay,2025,final,thousands,171842,171842,171842,agree,both readings,43-44
2025,gf,Capital outlay,2025,actual,thousands,148399,148399,148399,agree,both readings,43-44
2025,gf,Capital outlay,2025,variance,thousands,23443,23443,23443,agree,both readings,43-44
2025,gf,Principal,2025,adopted,thousands,7710,7710,7710,agree,both readings,43-44
2025,gf,Principal,2025,final,thousands,7710,7710,7710,agree,both readings,43-44
2025,gf,Principal,2025,actual,thousands,3751,3751,3751,agree,both readings,43-44
2025,gf,Principal,2025,variance,thousands,3959,3959,3959,agree,both readings,43-44
2025,gf,Interest,2025,adopted,thousands,2549,2549,2549,agree,both readings,43-44
2025,gf,Interest,2025,final,thousands,2549,2549,2549,agree,both readings,43-44
2025,gf,Interest,2025,actual,thousands,350,350,350,agree,both readings,43-44
2025,gf,Interest,2025,variance,thousands,2199,2199,2199,agree,both readings,43-44
2025,gf,Total expenditures,2025,adopted,thousands,222078,222078,222078,agree,both readings,43-44
2025,gf,Total expenditures,2025,final,thousands,365515,365515,365515,agree,both readings,43-44
2025,gf,Total expenditures,2025,actual,thousands,327139,327139,327139,agree,both readings,43-44
2025,gf,Total expenditures,2025,variance,thousands,38376,38376,38376,agree,both readings,43-44
2025,gf,Excess (deficiency) of revenues over (under) expenditures,2025,adopted,thousands,-46131,-46131,,ocr only,own arithmetic,43-44
2025,gf,Excess (deficiency) of revenues over (under) expenditures,2025,final,thousands,-187676,-187676,,ocr only,own arithmetic,43-44
2025,gf,Excess (deficiency) of revenues over (under) expenditures,2025,actual,thousands,-134920,-134920,,ocr only,own arithmetic,43-44
2025,gf,Excess (deficiency) of revenues over (under) expenditures,2025,variance,thousands,52756,52756,,ocr only,own arithmetic,43-44
2025,gf,Proceeds from sale of capital asset,2025,adopted,thousands,1000,1000,1000,agree,both readings,43-44
2025,gf,Proceeds from sale of capital asset,2025,final,thousands,1000,1000,1000,agree,both readings,43-44
2025,gf,Proceeds from sale of capital asset,2025,actual,thousands,2368,2368,2368,agree,both readings,43-44
2025,gf,Proceeds from sale of capital asset,2025,variance,thousands,1368,1368,1368,agree,both readings,43-44
2025,gf,Transfers in,2025,adopted,thousands,25140,25140,25140,agree,both readings,43-44
2025,gf,Transfers in,2025,final,thousands,26724,26724,26724,agree,both readings,43-44
2025,gf,Transfers in,2025,actual,thousands,128944,128944,128944,agree,both readings,43-44
2025,gf,Transfers in,2025,variance,thousands,102220,102220,102220,agree,both readings,43-44
2025,gf,Transfers out,2025,adopted,thousands,-33040,-33040,-33040,agree,both readings,43-44
2025,gf,Transfers out,2025,final,thousands,-33555,-33555,-33555,agree,both readings,43-44
2025,gf,Transfers out,2025,actual,thousands,-30243,-30243,-30243,agree,both readings,43-44
2025,gf,Transfers out,2025,variance,thousands,3312,3312,3312,agree,both readings,43-44
2025,gf,Total other financing sources (uses),2025,adopted,thousands,-6900,-6900,-6900,agree,both readings,43-44
2025,gf,Total other financing sources (uses),2025,final,thousands,-5831,-5831,-5831,agree,both readings,43-44
2025,gf,Total other financing sources (uses),2025,actual,thousands,101069,101069,101069,agree,both readings,43-44
2025,gf,Total other financing sources (uses),2025,variance,thousands,106900,106900,106900,agree,both readings,43-44
2025,gf,Net change in fund balance,2025,adopted,thousands,-53031,-53031,-53031,agree,both readings,43-44
2025,gf,Net change in fund balance,2025,final,thousands,-193507,-193507,-193507,agree,both readings,43-44
2025,gf,Net change in fund balance,2025,actual,thousands,-33851,-33851,-33851,agree,both readings,43-44
2025,gf,Net change in fund balance,2025,variance,thousands,159656,159656,159656,agree,both readings,43-44
2025,legal,Assessed value,2025,actual,thousands,5022582,5022582,5022582,agree,both readings,272
2025,legal,Debt limit - 3% of assessed value,2025,actual,thousands,150677,150677,150677,agree,both readings,272
