year,measure,basis,value,unit,source_id
2002,staffing_fte,adopted,1304.69,fte,booksocr
2003,budget_general_fund,actual,88.768,musd,books
2003,budget_general_fund_revenue,actual,87.252,musd,books
2003,staffing_fte,adopted,1290.69,fte,books
2004,budget_general_fund,actual,82.364,musd,books
2004,budget_general_fund,adopted,77.526,musd,booksocr
2004,budget_general_fund_revenue,actual,80.27,musd,books
2004,budget_general_fund_revenue,adopted,77.962,musd,books
2004,budget_total,adopted,188.145,musd,books
2004,staffing_fte,adopted,1200.68,fte,books
2005,budget_capital,adopted,29.108,musd,books
2005,budget_general_fund,actual,86.415,musd,booksocr
2005,budget_general_fund,adopted,80.059,musd,books
2005,budget_general_fund_revenue,actual,86.148,musd,booksocr
2005,budget_general_fund_revenue,adopted,80.091,musd,books
2005,budget_operating,adopted,167.059,musd,books
2005,budget_operating_dedicated,adopted,97.989,musd,books
2005,budget_operating_general,adopted,69.07,musd,books
2005,budget_total,adopted,196.167,musd,books
2005,deptexp_administration,adopted,25.509,musd,books
2005,deptexp_citywide_debt,adopted,2.668,musd,books
2005,deptexp_community_services,adopted,18.933,musd,books
2005,deptexp_infrastructure,adopted,67.43,musd,books
2005,deptexp_parks_openspace,adopted,41.718,musd,books
2005,deptexp_planning_climate,adopted,6.233,musd,books
2005,deptexp_public_safety,adopted,33.676,musd,books
2005,revenue_intergovernmental,adopted,7.588,musd,books
2005,revenue_other_unmapped,adopted,48.203,musd,books
2005,revenue_property_tax,adopted,20.432,musd,books
2005,revenue_sales_use_tax,adopted,71.24,musd,books
2005,revenue_total,adopted,185.885,musd,books
2005,revenue_utility,adopted,38.422,musd,books
2005,staffing_fte,adopted,1212.11,fte,books
2006,budget_capital,adopted,29.453,musd,books
2006,budget_general_fund,actual,89.123,musd,books
2006,budget_general_fund,adopted,82.623,musd,books
2006,budget_general_fund_revenue,adopted,82.637,musd,books
2006,budget_operating,adopted,170.647,musd,books
2006,budget_operating_dedicated,adopted,99.381,musd,books
2006,budget_operating_general,adopted,71.266,musd,books
2006,budget_total,adopted,200.1,musd,books
2006,deptexp_administration,adopted,27.057,musd,books
2006,deptexp_citywide_debt,adopted,2.317,musd,books
2006,deptexp_community_services,adopted,19.767,musd,books
2006,deptexp_infrastructure,adopted,66.734,musd,books
2006,deptexp_parks_openspace,adopted,43.087,musd,books
2006,deptexp_planning_climate,adopted,6.465,musd,books
2006,deptexp_public_safety,adopted,34.673,musd,books
2006,revenue_intergovernmental,adopted,7.622,musd,books
2006,revenue_other_unmapped,adopted,48.853,musd,books
2006,revenue_property_tax,adopted,20.657,musd,books
2006,revenue_sales_use_tax,adopted,75.351,musd,books
2006,revenue_total,adopted,192.22,musd,books
2006,revenue_utility,adopted,39.737,musd,books
2006,staffing_fte,adopted,1218.84,fte,books
2007,budget_capital,adopted,35.53,musd,booksocr
2007,budget_general_fund,actual,97.173,musd,booksocr
2007,budget_general_fund,adopted,89.65,musd,books
2007,budget_general_fund,projected,84.728,musd,booksocr
2007,budget_general_fund_revenue,actual,94.141,musd,booksocr
2007,budget_general_fund_revenue,adopted,88.52,musd,booksocr
2007,budget_general_fund_revenue,projected,85.017,musd,books
2007,budget_operating,adopted,188.03,musd,booksocr
2007,budget_operating_dedicated,adopted,110.717,musd,booksocr
2007,budget_operating_general,adopted,77.313,musd,booksocr
2007,budget_total,adopted,223.56,musd,booksocr
2007,budget_total,restated,224.336,musd,booksocr
2007,deptexp_administration,adopted,29.306,musd,booksocr
2007,deptexp_citywide_debt,adopted,2.317,musd,booksocr
2007,deptexp_community_services,adopted,20.503,musd,booksocr
2007,deptexp_infrastructure,adopted,79.216,musd,booksocr
2007,deptexp_parks_openspace,adopted,47.486,musd,booksocr
2007,deptexp_planning_climate,adopted,6.849,musd,booksocr
2007,deptexp_public_safety,adopted,37.883,musd,booksocr
2007,ftebucket_administration,adopted,136.95,fte,acfr
2007,ftebucket_community_services,adopted,137.46,fte,acfr
2007,ftebucket_infrastructure,adopted,293.62,fte,acfr
2007,ftebucket_parks_openspace,adopted,227.87,fte,acfr
2007,ftebucket_planning_climate,adopted,74.86,fte,acfr
2007,ftebucket_public_safety,adopted,380.58,fte,acfr
2007,ftefunc_arts,adopted,1.5,fte,acfr
2007,ftefunc_city_attorney,adopted,19.7,fte,acfr
2007,ftefunc_city_council,adopted,1.0,fte,acfr
2007,ftefunc_city_manager_administration,adopted,10.0,fte,acfr
2007,ftefunc_city_manager_communications,adopted,11.5,fte,acfr
2007,ftefunc_city_manager_downtown_university_hill_mgt,adopted,42.25,fte,acfr
2007,ftefunc_environmental_affairs,adopted,5.5,fte,acfr
2007,ftefunc_facility_asset_management,adopted,13.58,fte,acfr
2007,ftefunc_finance,adopted,28.87,fte,acfr
2007,ftefunc_fire,adopted,111.33,fte,acfr
2007,ftefunc_fleet,adopted,16.87,fte,acfr
2007,ftefunc_housing_and_human_services,adopted,56.51,fte,acfr
2007,ftefunc_human_resources,adopted,14.63,fte,acfr
2007,ftefunc_information_technology,adopted,32.75,fte,acfr
2007,ftefunc_library,adopted,79.45,fte,acfr
2007,ftefunc_municipal_court,adopted,18.5,fte,acfr
2007,ftefunc_open_space_mountain_parks,adopted,83.25,fte,acfr
2007,ftefunc_parks_and_recreation,adopted,144.62,fte,acfr
2007,ftefunc_planning_development_services,adopted,69.36,fte,acfr
2007,ftefunc_police,adopted,269.25,fte,acfr
2007,ftefunc_total,adopted,1251.34,fte,acfr
2007,ftefunc_transportation,adopted,65.99,fte,acfr
2007,ftefunc_utilities,adopted,154.93,fte,acfr
2007,property_tax_revenue,actual,20.475,musd,acfr
2007,revenue_intergovernmental,adopted,19.011,musd,booksocr
2007,revenue_other_unmapped,adopted,49.747,musd,booksocr
2007,revenue_property_tax,adopted,21.487,musd,booksocr
2007,revenue_sales_use_tax,adopted,81.567,musd,booksocr
2007,revenue_total,adopted,213.503,musd,booksocr
2007,revenue_utility,adopted,41.691,musd,booksocr
2007,salestaxrate_direct_city,actual,3.56,pct,acfr
2007,salestaxrate_food_service,actual,0.15,pct,acfr
2007,salestaxrate_total_direct_city,actual,3.71,pct,acfr
2007,salesuse_total,actual,88.403,musd,acfr
2007,staffing_fte,adopted,1251.34,fte,books
2007,taxablesales_all_other,actual,344.405,musd,acfr
2007,taxablesales_apparel_stores,actual,79.051,musd,acfr
2007,taxablesales_automotive_trade,actual,173.982,musd,acfr
2007,taxablesales_building_material_retail,actual,91.274,musd,acfr
2007,taxablesales_computer_related_business_sector,actual,153.321,musd,acfr
2007,taxablesales_construction_sales_tax,actual,11.751,musd,acfr
2007,taxablesales_construction_use_tax,actual,136.291,musd,acfr
2007,taxablesales_consumer_electronics,actual,69.954,musd,acfr
2007,taxablesales_eating_places,actual,306.927,musd,acfr
2007,taxablesales_food_stores,actual,315.876,musd,acfr
2007,taxablesales_general_retail,actual,508.536,musd,acfr
2007,taxablesales_home_furnishings,actual,85.709,musd,acfr
2007,taxablesales_refunds,actual,-2.565,musd,acfr
2007,taxablesales_total,actual,2483.231,musd,acfrocr
2007,taxablesales_transportation_utilities,actual,208.719,musd,acfr
2008,budget_capital,adopted,37.294,musd,books
2008,budget_general_fund,actual,99.905,musd,booksocr
2008,budget_general_fund,adopted,94.238,musd,books
2008,budget_general_fund_revenue,actual,97.578,musd,booksocr
2008,budget_general_fund_revenue,adopted,93.358,musd,booksocr
2008,budget_operating,adopted,200.487,musd,books
2008,budget_operating_dedicated,adopted,120.021,musd,books
2008,budget_operating_general,adopted,80.466,musd,books
2008,budget_total,adopted,237.781,musd,books
2008,deptexp_administration,adopted,34.329,musd,booksocr
2008,deptexp_citywide_debt,adopted,2.311,musd,booksocr
2008,deptexp_community_services,adopted,21.114,musd,booksocr
2008,deptexp_infrastructure,adopted,84.416,musd,booksocr
2008,deptexp_parks_openspace,adopted,48.449,musd,booksocr
2008,deptexp_planning_climate,adopted,7.605,musd,booksocr
2008,deptexp_public_safety,adopted,39.557,musd,booksocr
2008,ftebucket_administration,adopted,141.65,fte,acfr
2008,ftebucket_community_services,adopted,137.94,fte,acfr
2008,ftebucket_infrastructure,adopted,297.12,fte,acfr
2008,ftebucket_parks_openspace,adopted,237.82,fte,acfr
2008,ftebucket_planning_climate,adopted,82.06,fte,acfr
2008,ftebucket_public_safety,adopted,384.58,fte,acfr
2008,ftefunc_arts,adopted,1.5,fte,acfr
2008,ftefunc_city_attorney,adopted,18.65,fte,acfr
2008,ftefunc_city_council,adopted,1.0,fte,acfr
2008,ftefunc_city_manager_administration,adopted,16.5,fte,acfr
2008,ftefunc_city_manager_communications,adopted,6.0,fte,acfr
2008,ftefunc_city_manager_downtown_university_hill_mgt,adopted,42.25,fte,acfr
2008,ftefunc_environmental_affairs,adopted,9.5,fte,acfr
2008,ftefunc_facility_asset_management,adopted,14.58,fte,acfr
2008,ftefunc_finance,adopted,29.37,fte,acfr
2008,ftefunc_fire,adopted,111.33,fte,acfr
2008,ftefunc_fleet,adopted,16.87,fte,acfr
2008,ftefunc_housing_and_human_services,adopted,56.24,fte,acfr
2008,ftefunc_human_resources,adopted,16.38,fte,acfr
2008,ftefunc_information_technology,adopted,35.25,fte,acfr
2008,ftefunc_library,adopted,80.2,fte,acfr
2008,ftefunc_municipal_court,adopted,18.5,fte,acfr
2008,ftefunc_open_space_mountain_parks,adopted,92.0,fte,acfr
2008,ftefunc_parks_and_recreation,adopted,145.82,fte,acfr
2008,ftefunc_planning_development_services,adopted,72.56,fte,acfr
2008,ftefunc_police,adopted,273.25,fte,acfr
2008,ftefunc_total,adopted,1281.17,fte,acfr
2008,ftefunc_transportation,adopted,68.24,fte,acfr
2008,ftefunc_utilities,adopted,155.18,fte,acfr
2008,property_tax_revenue,actual,21.865,musd,acfr
2008,revenue_intergovernmental,adopted,14.39,musd,booksocr
2008,revenue_other_unmapped,adopted,56.618,musd,booksocr
2008,revenue_property_tax,adopted,22.028,musd,booksocr
2008,revenue_sales_use_tax,adopted,87.729,musd,booksocr
2008,revenue_total,adopted,224.261,musd,booksocr
2008,revenue_utility,adopted,43.496,musd,booksocr
2008,salestaxrate_direct_city,actual,3.41,pct,acfr
2008,salestaxrate_food_service,actual,0.15,pct,acfr
2008,salestaxrate_total_direct_city,actual,3.56,pct,acfr
2008,salesuse_total,actual,84.867,musd,acfr
2008,staffing_fte,adopted,1281.17,fte,books
2008,taxablesales_all_other,actual,335.698,musd,acfr
2008,taxablesales_apparel_stores,actual,82.966,musd,acfr
2008,taxablesales_automotive_trade,actual,151.612,musd,acfr
2008,taxablesales_building_material_retail,actual,90.428,musd,acfr
2008,taxablesales_computer_related_business_sector,actual,158.41,musd,acfr
2008,taxablesales_construction_sales_tax,actual,11.96,musd,acfr
2008,taxablesales_construction_use_tax,actual,103.986,musd,acfr
2008,taxablesales_consumer_electronics,actual,61.953,musd,acfr
2008,taxablesales_eating_places,actual,321.062,musd,acfr
2008,taxablesales_food_stores,actual,329.727,musd,acfr
2008,taxablesales_general_retail,actual,532.688,musd,acfr
2008,taxablesales_home_furnishings,actual,80.115,musd,acfr
2008,taxablesales_refunds,actual,-3.3,musd,acfr
2008,taxablesales_total,actual,2488.768,musd,acfrocr
2008,taxablesales_transportation_utilities,actual,231.463,musd,acfr
2009,budget_capital,adopted,40.714,musd,booksocr
2009,budget_general_fund,actual,105.848,musd,books
2009,budget_general_fund,adopted,97.219,musd,booksocr
2009,budget_general_fund,projected,95.883,musd,books
2009,budget_general_fund_revenue,actual,104.02,musd,books
2009,budget_general_fund_revenue,adopted,96.167,musd,booksocr
2009,budget_operating,adopted,201.992,musd,booksocr
2009,budget_operating_dedicated,adopted,119.09,musd,booksocr
2009,budget_operating_general,adopted,82.902,musd,booksocr
2009,budget_total,adopted,242.706,musd,booksocr
2009,deptexp_administration,adopted,33.969,musd,booksocr
2009,deptexp_citywide_debt,adopted,2.261,musd,booksocr
2009,deptexp_community_services,adopted,23.025,musd,booksocr
2009,deptexp_infrastructure,adopted,82.647,musd,booksocr
2009,deptexp_parks_openspace,adopted,51.399,musd,booksocr
2009,deptexp_planning_climate,adopted,8.147,musd,booksocr
2009,deptexp_public_safety,adopted,41.258,musd,booksocr
2009,ftebucket_administration,adopted,140.4,fte,acfr
2009,ftebucket_community_services,adopted,138.87,fte,acfr
2009,ftebucket_infrastructure,adopted,298.62,fte,acfr
2009,ftebucket_parks_openspace,adopted,237.99,fte,acfr
2009,ftebucket_planning_climate,adopted,87.06,fte,acfr
2009,ftebucket_public_safety,adopted,385.58,fte,acfr
2009,ftefunc_arts,adopted,1.5,fte,acfr
2009,ftefunc_city_attorney,adopted,18.65,fte,acfr
2009,ftefunc_city_council,adopted,1.0,fte,acfr
2009,ftefunc_city_manager_administration,adopted,16.5,fte,acfr
2009,ftefunc_city_manager_communications,adopted,6.0,fte,acfr
2009,ftefunc_city_manager_downtown_university_hill_mgt,adopted,42.25,fte,acfr
2009,ftefunc_environmental_affairs,adopted,10.5,fte,acfr
2009,ftefunc_facility_asset_management,adopted,14.58,fte,acfr
2009,ftefunc_finance,adopted,28.37,fte,acfr
2009,ftefunc_fire,adopted,112.33,fte,acfr
2009,ftefunc_fleet,adopted,16.87,fte,acfr
2009,ftefunc_housing_and_human_services,adopted,57.42,fte,acfr
2009,ftefunc_human_resources,adopted,16.63,fte,acfr
2009,ftefunc_information_technology,adopted,35.25,fte,acfr
2009,ftefunc_library,adopted,79.95,fte,acfr
2009,ftefunc_municipal_court,adopted,18.0,fte,acfr
2009,ftefunc_open_space_mountain_parks,adopted,91.0,fte,acfr
2009,ftefunc_parks_and_recreation,adopted,146.99,fte,acfr
2009,ftefunc_planning_development_services,adopted,76.56,fte,acfr
2009,ftefunc_police,adopted,273.25,fte,acfr
2009,ftefunc_total,adopted,1288.52,fte,acfr
2009,ftefunc_transportation,adopted,68.69,fte,acfr
2009,ftefunc_utilities,adopted,156.23,fte,acfr
2009,property_tax_revenue,actual,23.526,musd,acfr
2009,revenue_intergovernmental,adopted,12.901,musd,booksocr
2009,revenue_other_unmapped,adopted,60.234,musd,booksocr
2009,revenue_property_tax,adopted,23.153,musd,booksocr
2009,revenue_sales_use_tax,adopted,90.091,musd,booksocr
2009,revenue_total,adopted,230.643,musd,booksocr
2009,revenue_utility,adopted,44.264,musd,booksocr
2009,salestaxrate_direct_city,actual,3.41,pct,acfr
2009,salestaxrate_food_service,actual,0.15,pct,acfr
2009,salestaxrate_total_direct_city,actual,3.56,pct,acfr
2009,salesuse_total,actual,85.457,musd,acfr
2009,staffing_fte,adopted,1288.52,fte,books
2009,taxablesales_all_other,actual,390.88,musd,acfr
2009,taxablesales_apparel_stores,actual,77.259,musd,acfr
2009,taxablesales_automotive_trade,actual,145.333,musd,acfr
2009,taxablesales_building_material_retail,actual,82.342,musd,acfr
2009,taxablesales_computer_related_business_sector,actual,168.124,musd,acfr
2009,taxablesales_construction_sales_tax,actual,11.263,musd,acfr
2009,taxablesales_construction_use_tax,actual,142.739,musd,acfr
2009,taxablesales_consumer_electronics,actual,50.755,musd,acfr
2009,taxablesales_eating_places,actual,311.06,musd,acfr
2009,taxablesales_food_stores,actual,328.338,musd,acfr
2009,taxablesales_general_retail,actual,515.305,musd,acfr
2009,taxablesales_home_furnishings,actual,75.883,musd,acfr
2009,taxablesales_refunds,actual,-8.349,musd,acfr
2009,taxablesales_total,actual,2506.069,musd,acfrocr
2009,taxablesales_transportation_utilities,actual,215.137,musd,acfr
2010,budget_capital,adopted,28.471,musd,booksocr
2010,budget_general_fund,adopted,96.713,musd,books
2010,budget_general_fund_revenue,adopted,96.746,musd,books
2010,budget_operating,adopted,201.678,musd,booksocr
2010,budget_operating_dedicated,adopted,118.144,musd,booksocr
2010,budget_operating_general,adopted,83.534,musd,booksocr
2010,budget_total,adopted,230.149,musd,booksocr
2010,deptexp_administration,adopted,19.484,musd,booksocr
2010,deptexp_citywide_debt,adopted,2.233,musd,booksocr
2010,deptexp_community_services,adopted,21.312,musd,booksocr
2010,deptexp_infrastructure,adopted,87.589,musd,booksocr
2010,deptexp_parks_openspace,adopted,50.034,musd,booksocr
2010,deptexp_planning_climate,adopted,6.694,musd,booksocr
2010,deptexp_public_safety,adopted,42.803,musd,booksocr
2010,ftebucket_administration,adopted,127.95,fte,acfr
2010,ftebucket_community_services,adopted,134.55,fte,acfr
2010,ftebucket_infrastructure,adopted,294.7,fte,acfr
2010,ftebucket_parks_openspace,adopted,229.74,fte,acfr
2010,ftebucket_planning_climate,adopted,79.47,fte,acfr
2010,ftebucket_public_safety,adopted,381.83,fte,acfr
2010,ftefunc_arts,adopted,1.5,fte,acfr
2010,ftefunc_city_attorney,adopted,18.65,fte,acfr
2010,ftefunc_city_manager_administration,adopted,14.3,fte,acfr
2010,ftefunc_city_manager_communications,adopted,4.0,fte,acfr
2010,ftefunc_city_manager_downtown_university_hill_mgt,adopted,42.25,fte,acfr
2010,ftefunc_facility_asset_management,adopted,14.58,fte,acfr
2010,ftefunc_finance,adopted,26.37,fte,acfr
2010,ftefunc_fire,adopted,112.33,fte,acfr
2010,ftefunc_fleet,adopted,14.87,fte,acfr
2010,ftefunc_housing_and_human_services,adopted,56.1,fte,acfr
2010,ftefunc_human_resources,adopted,14.88,fte,acfr
2010,ftefunc_information_technology,adopted,33.5,fte,acfr
2010,ftefunc_library,adopted,76.95,fte,acfr
2010,ftefunc_municipal_court,adopted,16.25,fte,acfr
2010,ftefunc_open_space_mountain_parks,adopted,90.5,fte,acfr
2010,ftefunc_parks_and_recreation,adopted,139.24,fte,acfr
2010,ftefunc_planning_development_services,adopted,79.47,fte,acfr
2010,ftefunc_police,adopted,269.5,fte,acfr
2010,ftefunc_total,adopted,1248.24,fte,acfr
2010,ftefunc_transportation,adopted,67.1,fte,acfr
2010,ftefunc_utilities,adopted,155.9,fte,acfr
2010,property_tax_revenue,actual,26.022,musd,acfr
2010,revenue_intergovernmental,adopted,12.967,musd,booksocr
2010,revenue_other_unmapped,adopted,56.046,musd,booksocr
2010,revenue_property_tax,adopted,26.555,musd,booksocr
2010,revenue_sales_use_tax,adopted,84.563,musd,booksocr
2010,revenue_total,adopted,224.268,musd,booksocr
2010,revenue_utility,adopted,44.137,musd,booksocr
2010,salestaxrate_direct_city,actual,3.41,pct,acfr
2010,salestaxrate_food_service,actual,0.15,pct,acfr
2010,salestaxrate_total_direct_city,actual,3.56,pct,acfr
2010,salesuse_total,actual,87.802,musd,acfr
2010,staffing_fte,adopted,1248.24,fte,books
2010,taxablesales_all_other,actual,351.272,musd,acfr
2010,taxablesales_apparel_stores,actual,79.232,musd,acfr
2010,taxablesales_automotive_trade,actual,157.93,musd,acfr
2010,taxablesales_building_material_retail,actual,87.238,musd,acfr
2010,taxablesales_computer_related_business_sector,actual,146.311,musd,acfr
2010,taxablesales_construction_sales_tax,actual,14.922,musd,acfr
2010,taxablesales_construction_use_tax,actual,173.534,musd,acfr
2010,taxablesales_consumer_electronics,actual,54.843,musd,acfr
2010,taxablesales_eating_places,actual,321.904,musd,acfr
2010,taxablesales_food_stores,actual,327.796,musd,acfr
2010,taxablesales_general_retail,actual,567.786,musd,acfr
2010,taxablesales_home_furnishings,actual,76.487,musd,acfr
2010,taxablesales_refunds,actual,-5.396,musd,acfr
2010,taxablesales_total,actual,2574.84,musd,acfrocr
2010,taxablesales_transportation_utilities,actual,220.981,musd,acfr
2011,budget_capital,adopted,24.713,musd,booksocr
2011,budget_general_fund,adopted,100.449,musd,books
2011,budget_general_fund_revenue,adopted,99.761,musd,books
2011,budget_operating,adopted,206.317,musd,booksocr
2011,budget_operating_dedicated,adopted,118.654,musd,booksocr
2011,budget_operating_general,adopted,87.663,musd,booksocr
2011,budget_total,adopted,231.03,musd,books
2011,deptexp_administration,adopted,21.876,musd,booksocr
2011,deptexp_citywide_debt,adopted,2.691,musd,booksocr
2011,deptexp_community_services,adopted,20.526,musd,booksocr
2011,deptexp_infrastructure,adopted,86.127,musd,booksocr
2011,deptexp_parks_openspace,adopted,49.378,musd,booksocr
2011,deptexp_planning_climate,adopted,6.344,musd,booksocr
2011,deptexp_public_safety,adopted,44.088,musd,booksocr
2011,ftebucket_administration,adopted,135.08,fte,acfr
2011,ftebucket_community_services,adopted,130.34,fte,acfr
2011,ftebucket_infrastructure,adopted,285.87,fte,acfr
2011,ftebucket_parks_openspace,adopted,211.72,fte,acfr
2011,ftebucket_planning_climate,adopted,78.66,fte,acfr
2011,ftebucket_public_safety,adopted,388.83,fte,acfr
2011,ftefunc_arts,adopted,1.5,fte,acfr
2011,ftefunc_city_attorney,adopted,18.65,fte,acfr
2011,ftefunc_city_manager_administration,adopted,11.8,fte,acfr
2011,ftefunc_city_manager_communications,adopted,5.5,fte,acfr
2011,ftefunc_city_manager_downtown_university_hill_mgt,adopted,42.25,fte,acfr
2011,ftefunc_facility_asset_management,adopted,14.68,fte,acfr
2011,ftefunc_finance,adopted,33.5,fte,acfr
2011,ftefunc_fire,adopted,112.33,fte,acfr
2011,ftefunc_fleet,adopted,14.82,fte,acfr
2011,ftefunc_housing_and_human_services,adopted,53.39,fte,acfr
2011,ftefunc_human_resources,adopted,14.88,fte,acfr
2011,ftefunc_information_technology,adopted,34.5,fte,acfr
2011,ftefunc_library,adopted,75.45,fte,acfr
2011,ftefunc_municipal_court,adopted,16.25,fte,acfr
2011,ftefunc_open_space_mountain_parks,adopted,85.6,fte,acfr
2011,ftefunc_parks_and_recreation,adopted,126.12,fte,acfr
2011,ftefunc_planning_development_services,adopted,78.66,fte,acfr
2011,ftefunc_police,adopted,276.5,fte,acfr
2011,ftefunc_total,adopted,1230.5,fte,acfr
2011,ftefunc_transportation,adopted,59.28,fte,acfr
2011,ftefunc_utilities,adopted,154.84,fte,acfr
2011,property_tax_revenue,actual,27.462,musd,acfr
2011,revenue_intergovernmental,adopted,9.999,musd,books
2011,revenue_other_unmapped,adopted,54.875,musd,books
2011,revenue_property_tax,adopted,28.563,musd,books
2011,revenue_sales_use_tax,adopted,86.57,musd,books
2011,revenue_total,adopted,224.912,musd,books
2011,revenue_utility,adopted,44.905,musd,books
2011,salestaxrate_direct_city,actual,3.41,pct,acfr
2011,salestaxrate_food_service,actual,0.15,pct,acfr
2011,salestaxrate_total_direct_city,actual,3.56,pct,acfr
2011,salesuse_total,actual,92.627,musd,acfr
2011,staffing_fte,adopted,1228.5,fte,books
2011,staffing_fte,restated,1231.25,fte,books
2011,taxablesales_all_other,actual,359.612,musd,acfr
2011,taxablesales_apparel_stores,actual,100.696,musd,acfr
2011,taxablesales_automotive_trade,actual,174.631,musd,acfr
2011,taxablesales_building_material_retail,actual,85.319,musd,acfr
2011,taxablesales_computer_related_business_sector,actual,167.503,musd,acfr
2011,taxablesales_construction_sales_tax,actual,16.147,musd,acfr
2011,taxablesales_construction_use_tax,actual,153.438,musd,acfr
2011,taxablesales_consumer_electronics,actual,73.237,musd,acfr
2011,taxablesales_eating_places,actual,347.871,musd,acfr
2011,taxablesales_food_stores,actual,359.707,musd,acfr
2011,taxablesales_general_retail,actual,586.189,musd,acfr
2011,taxablesales_home_furnishings,actual,81.304,musd,acfr
2011,taxablesales_refunds,actual,-4.781,musd,acfrocr
2011,taxablesales_total,actual,2716.335,musd,acfrocr
2011,taxablesales_transportation_utilities,actual,215.462,musd,acfr
2012,budget_capital,adopted,23.981,musd,books
2012,budget_general_fund,adopted,104.234,musd,books
2012,budget_general_fund_revenue,adopted,104.299,musd,books
2012,budget_operating,adopted,214.979,musd,books
2012,budget_operating_dedicated,adopted,123.828,musd,booksocr
2012,budget_operating_general,adopted,91.15,musd,booksocr
2012,budget_total,adopted,238.96,musd,books
2012,deptexp_administration,adopted,25.472,musd,booksocr
2012,deptexp_citywide_debt,adopted,4.776,musd,booksocr
2012,deptexp_community_services,adopted,19.929,musd,booksocr
2012,deptexp_infrastructure,adopted,86.208,musd,booksocr
2012,deptexp_parks_openspace,adopted,49.786,musd,booksocr
2012,deptexp_planning_climate,adopted,7.644,musd,booksocr
2012,deptexp_public_safety,adopted,45.145,musd,booksocr
2012,ftebucket_administration,adopted,139.46,fte,acfr
2012,ftebucket_community_services,adopted,123.86,fte,acfr
2012,ftebucket_infrastructure,adopted,286.11,fte,acfr
2012,ftebucket_parks_openspace,adopted,215.97,fte,acfr
2012,ftebucket_planning_climate,adopted,82.97,fte,acfr
2012,ftebucket_public_safety,adopted,394.83,fte,acfr
2012,ftefunc_arts,adopted,2.0,fte,acfr
2012,ftefunc_city_attorney,adopted,20.15,fte,acfr
2012,ftefunc_city_manager_administration,adopted,12.68,fte,acfr
2012,ftefunc_city_manager_communications,adopted,6.5,fte,acfr
2012,ftefunc_city_manager_downtown_university_hill_mgt,adopted,42.25,fte,acfr
2012,ftefunc_facility_asset_management,adopted,14.68,fte,acfr
2012,ftefunc_finance,adopted,34.0,fte,acfr
2012,ftefunc_fire,adopted,115.33,fte,acfr
2012,ftefunc_fleet,adopted,14.82,fte,acfr
2012,ftefunc_housing_and_human_services,adopted,46.73,fte,acfr
2012,ftefunc_human_resources,adopted,15.38,fte,acfr
2012,ftefunc_information_technology,adopted,34.5,fte,acfr
2012,ftefunc_library,adopted,75.13,fte,acfr
2012,ftefunc_municipal_court,adopted,16.25,fte,acfr
2012,ftefunc_open_space_mountain_parks,adopted,89.6,fte,acfr
2012,ftefunc_parks_and_recreation,adopted,126.37,fte,acfr
2012,ftefunc_planning_development_services,adopted,82.97,fte,acfr
2012,ftefunc_police,adopted,279.5,fte,acfr
2012,ftefunc_total,adopted,1243.2,fte,acfr
2012,ftefunc_transportation,adopted,59.52,fte,acfr
2012,ftefunc_utilities,adopted,154.84,fte,acfr
2012,property_tax_revenue,actual,29.474,musd,acfr
2012,revenue_intergovernmental,adopted,4.328,musd,booksocr
2012,revenue_other_unmapped,adopted,58.148,musd,booksocr
2012,revenue_property_tax,adopted,30.868,musd,booksocr
2012,revenue_sales_use_tax,adopted,93.209,musd,booksocr
2012,revenue_total,adopted,231.945,musd,booksocr
2012,revenue_utility,adopted,45.392,musd,booksocr
2012,salestaxrate_direct_city,actual,3.41,pct,acfr
2012,salestaxrate_food_service,actual,0.15,pct,acfr
2012,salestaxrate_total_direct_city,actual,3.56,pct,acfr
2012,salesuse_total,actual,97.397,musd,acfr
2012,staffing_fte,adopted,1243.2,fte,books
2012,staffing_fte,restated,1244.76,fte,books
2012,taxablesales_all_other,actual,359.324,musd,acfr
2012,taxablesales_apparel_stores,actual,110.467,musd,acfr
2012,taxablesales_automotive_trade,actual,187.675,musd,acfr
2012,taxablesales_building_material_retail,actual,94.886,musd,acfr
2012,taxablesales_computer_related_business_sector,actual,188.876,musd,acfr
2012,taxablesales_construction_sales_tax,actual,12.006,musd,acfr
2012,taxablesales_construction_use_tax,actual,171.106,musd,acfr
2012,taxablesales_consumer_electronics,actual,62.924,musd,acfr
2012,taxablesales_eating_places,actual,384.485,musd,acfr
2012,taxablesales_food_stores,actual,388.154,musd,acfr
2012,taxablesales_general_retail,actual,606.359,musd,acfr
2012,taxablesales_home_furnishings,actual,81.243,musd,acfr
2012,taxablesales_total,actual,2856.218,musd,acfrocr
2012,taxablesales_transportation_utilities,actual,208.713,musd,acfr
2013,budget_capital,adopted,33.427,musd,booksocr
2013,budget_general_fund,adopted,112.477,musd,booksocr
2013,budget_general_fund_revenue,adopted,109.752,musd,books
2013,budget_operating,adopted,221.266,musd,booksocr
2013,budget_operating_dedicated,adopted,122.563,musd,booksocr
2013,budget_operating_general,adopted,98.703,musd,booksocr
2013,budget_total,adopted,254.693,musd,books
2013,deptexp_administration,adopted,22.281,musd,booksocr
2013,deptexp_citywide_debt,adopted,5.379,musd,booksocr
2013,deptexp_community_services,adopted,20.243,musd,booksocr
2013,deptexp_infrastructure,adopted,99.103,musd,booksocr
2013,deptexp_parks_openspace,adopted,50.57,musd,booksocr
2013,deptexp_planning_climate,adopted,8.739,musd,booksocr
2013,deptexp_public_safety,adopted,48.377,musd,booksocr
2013,ftebucket_administration,adopted,140.49,fte,acfr
2013,ftebucket_community_services,adopted,125.73,fte,acfr
2013,ftebucket_infrastructure,adopted,287.86,fte,acfr
2013,ftebucket_parks_openspace,adopted,219.97,fte,acfr
2013,ftebucket_planning_climate,adopted,88.74,fte,acfr
2013,ftebucket_public_safety,adopted,397.83,fte,acfr
2013,ftefunc_administration,adopted,2.74,fte,acfr
2013,ftefunc_arts,adopted,3.25,fte,acfr
2013,ftefunc_city_attorney,adopted,20.2,fte,acfr
2013,ftefunc_city_manager_administration,adopted,12.0,fte,acfr
2013,ftefunc_city_manager_communications,adopted,6.5,fte,acfr
2013,ftefunc_city_manager_downtown_university_hill_mgt,adopted,42.25,fte,acfr
2013,ftefunc_facility_asset_management,adopted,14.73,fte,acfr
2013,ftefunc_finance,adopted,34.0,fte,acfr
2013,ftefunc_fire,adopted,118.33,fte,acfr
2013,ftefunc_fleet,adopted,14.77,fte,acfr
2013,ftefunc_housing_and_human_services,adopted,48.34,fte,acfr
2013,ftefunc_human_resources,adopted,15.63,fte,acfr
2013,ftefunc_information_technology,adopted,34.0,fte,acfr
2013,ftefunc_library,adopted,74.14,fte,acfr
2013,ftefunc_municipal_court,adopted,18.16,fte,acfr
2013,ftefunc_open_space_mountain_parks,adopted,91.6,fte,acfr
2013,ftefunc_parks_and_recreation,adopted,128.37,fte,acfr
2013,ftefunc_planning_development_services,adopted,88.74,fte,acfr
2013,ftefunc_police,adopted,279.5,fte,acfr
2013,ftefunc_total,adopted,1260.62,fte,acfr
2013,ftefunc_transportation,adopted,59.78,fte,acfr
2013,ftefunc_utilities,adopted,153.59,fte,acfr
2013,property_tax_revenue,actual,29.434,musd,acfr
2013,revenue_intergovernmental,adopted,10.179,musd,booksocr
2013,revenue_other_unmapped,adopted,61.419,musd,booksocr
2013,revenue_property_tax,adopted,31.732,musd,booksocr
2013,revenue_sales_use_tax,adopted,97.528,musd,booksocr
2013,revenue_total,adopted,248.484,musd,booksocr
2013,revenue_utility,adopted,47.626,musd,booksocr
2013,salestaxrate_direct_city,actual,3.41,pct,acfr
2013,salestaxrate_food_service,actual,0.15,pct,acfr
2013,salestaxrate_total_direct_city,actual,3.56,pct,acfr
2013,salesuse_total,actual,104.136,musd,acfr
2013,staffing_fte,adopted,1260.62,fte,books
2013,taxablesales_all_other,actual,383.549,musd,acfr
2013,taxablesales_all_other,restated,381.961,musd,acfr
2013,taxablesales_apparel_stores,actual,111.504,musd,acfr
2013,taxablesales_apparel_stores,restated,111.042,musd,acfr
2013,taxablesales_automotive_trade,actual,206.196,musd,acfr
2013,taxablesales_automotive_trade,restated,205.342,musd,acfr
2013,taxablesales_building_material_retail,actual,109.136,musd,acfr
2013,taxablesales_building_material_retail,restated,108.685,musd,acfr
2013,taxablesales_computer_related_business_sector,actual,209.218,musd,acfr
2013,taxablesales_computer_related_business_sector,restated,208.352,musd,acfr
2013,taxablesales_construction_sales_tax,actual,12.695,musd,acfr
2013,taxablesales_construction_sales_tax,restated,12.642,musd,acfr
2013,taxablesales_construction_use_tax,actual,254.55,musd,acfr
2013,taxablesales_construction_use_tax,restated,266.139,musd,acfr
2013,taxablesales_consumer_electronics,actual,58.542,musd,acfr
2013,taxablesales_consumer_electronics,restated,58.3,musd,acfr
2013,taxablesales_eating_places,actual,389.207,musd,acfr
2013,taxablesales_eating_places,restated,387.596,musd,acfr
2013,taxablesales_food_stores,actual,397.482,musd,acfr
2013,taxablesales_food_stores,restated,395.837,musd,acfr
2013,taxablesales_general_retail,actual,613.769,musd,acfr
2013,taxablesales_general_retail,restated,611.228,musd,acfr
2013,taxablesales_home_furnishings,actual,80.077,musd,acfr
2013,taxablesales_home_furnishings,restated,79.745,musd,acfr
2013,taxablesales_total,actual,3053.841,musd,acfrocr
2013,taxablesales_total,restated,3053.841,musd,acfr
2013,taxablesales_transportation_utilities,actual,227.916,musd,acfr
2013,taxablesales_transportation_utilities,restated,226.972,musd,acfr
2014,budget_capital,adopted,42.046,musd,books
2014,budget_general_fund,adopted,115.684,musd,books
2014,budget_general_fund_revenue,adopted,115.046,musd,booksocr
2014,budget_operating,adopted,227.45,musd,books
2014,budget_operating_dedicated,adopted,125.491,musd,books
2014,budget_operating_general,adopted,101.959,musd,books
2014,budget_total,adopted,269.496,musd,books
2014,deptexp_administration,adopted,25.035,musd,books
2014,deptexp_citywide_debt,adopted,5.112,musd,books
2014,deptexp_community_services,adopted,19.978,musd,books
2014,deptexp_infrastructure,adopted,106.859,musd,books
2014,deptexp_parks_openspace,adopted,52.631,musd,books
2014,deptexp_planning_climate,adopted,10.275,musd,books
2014,deptexp_public_safety,adopted,49.606,musd,books
2014,ftebucket_administration,adopted,149.31,fte,acfr
2014,ftebucket_community_services,adopted,128.42,fte,acfr
2014,ftebucket_infrastructure,adopted,288.86,fte,acfr
2014,ftebucket_parks_openspace,adopted,222.72,fte,acfr
2014,ftebucket_planning_climate,adopted,93.87,fte,acfr
2014,ftebucket_public_safety,adopted,402.83,fte,acfr
2014,ftefunc_administration,adopted,2.74,fte,acfr
2014,ftefunc_arts,adopted,3.25,fte,acfr
2014,ftefunc_city_attorney,adopted,21.2,fte,acfr
2014,ftefunc_city_manager_administration,adopted,12.0,fte,acfr
2014,ftefunc_city_manager_communications,adopted,6.5,fte,acfr
2014,ftefunc_city_manager_downtown_university_hill_mgt,adopted,42.25,fte,acfr
2014,ftefunc_facility_asset_management,adopted,14.84,fte,acfr
2014,ftefunc_finance,adopted,36.0,fte,acfr
2014,ftefunc_fire,adopted,120.33,fte,acfr
2014,ftefunc_fleet,adopted,14.77,fte,acfr
2014,ftefunc_housing_and_human_services,adopted,48.91,fte,acfr
2014,ftefunc_human_resources,adopted,18.63,fte,acfr
2014,ftefunc_information_technology,adopted,36.85,fte,acfr
2014,ftefunc_library,adopted,76.26,fte,acfr
2014,ftefunc_municipal_court,adopted,18.13,fte,acfr
2014,ftefunc_open_space_mountain_parks,adopted,95.35,fte,acfr
2014,ftefunc_parks_and_recreation,adopted,127.37,fte,acfr
2014,ftefunc_planning_development_services,adopted,93.87,fte,acfr
2014,ftefunc_police,adopted,282.5,fte,acfr
2014,ftefunc_total,adopted,1286.01,fte,acfr
2014,ftefunc_transportation,adopted,60.09,fte,acfr
2014,ftefunc_utilities,adopted,154.17,fte,acfr
2014,property_tax_revenue,actual,30.353,musd,acfr
2014,revenue_intergovernmental,adopted,11.225,musd,booksocr
2014,revenue_other_unmapped,adopted,65.837,musd,booksocr
2014,revenue_property_tax,adopted,32.356,musd,booksocr
2014,revenue_sales_use_tax,adopted,102.779,musd,booksocr
2014,revenue_total,adopted,260.471,musd,booksocr
2014,revenue_utility,adopted,48.274,musd,booksocr
2014,salestaxrate_direct_city,actual,3.56,pct,acfr
2014,salestaxrate_food_service,actual,0.15,pct,acfr
2014,salestaxrate_total_direct_city,actual,3.71,pct,acfr
2014,salesuse_total,actual,116.316,musd,acfr
2014,staffing_fte,adopted,1286.01,fte,books
2014,staffing_fte,restated,1299.58,fte,books
2014,taxablesales_all_other,actual,497.419,musd,acfr
2014,taxablesales_all_other,restated,495.657,musd,acfrocr
2014,taxablesales_apparel_stores,actual,119.125,musd,acfr
2014,taxablesales_apparel_stores,restated,118.703,musd,acfrocr
2014,taxablesales_automotive_trade,actual,224.224,musd,acfr
2014,taxablesales_automotive_trade,restated,223.429,musd,acfrocr
2014,taxablesales_building_material_retail,actual,111.777,musd,acfr
2014,taxablesales_building_material_retail,restated,111.381,musd,acfrocr
2014,taxablesales_computer_related_business_sector,actual,201.225,musd,acfr
2014,taxablesales_computer_related_business_sector,restated,200.512,musd,acfrocr
2014,taxablesales_construction_sales_tax,actual,11.617,musd,acfr
2014,taxablesales_construction_sales_tax,restated,11.576,musd,acfrocr
2014,taxablesales_construction_use_tax,actual,240.872,musd,acfr
2014,taxablesales_construction_use_tax,restated,251.594,musd,acfrocr
2014,taxablesales_consumer_electronics,actual,67.918,musd,acfr
2014,taxablesales_consumer_electronics,restated,67.677,musd,acfrocr
2014,taxablesales_eating_places,actual,411.71,musd,acfr
2014,taxablesales_eating_places,restated,410.251,musd,acfrocr
2014,taxablesales_food_stores,actual,418.373,musd,acfr
2014,taxablesales_food_stores,restated,416.89,musd,acfrocr
2014,taxablesales_general_retail,actual,630.457,musd,acfr
2014,taxablesales_general_retail,restated,628.223,musd,acfrocr
2014,taxablesales_home_furnishings,actual,88.116,musd,acfr
2014,taxablesales_home_furnishings,restated,87.804,musd,acfrocr
2014,taxablesales_total,actual,3267.304,musd,acfrocr
2014,taxablesales_total,restated,3267.302,musd,acfrocr
2014,taxablesales_transportation_utilities,actual,244.471,musd,acfr
2014,taxablesales_transportation_utilities,restated,243.605,musd,acfrocr
2015,budget_capital,adopted,68.652,musd,books
2015,budget_general_fund,adopted,128.483,musd,books
2015,budget_general_fund_revenue,adopted,120.575,musd,booksocr
2015,budget_operating,adopted,250.444,musd,books
2015,budget_operating_dedicated,adopted,136.894,musd,books
2015,budget_operating_general,adopted,113.55,musd,books
2015,budget_total,adopted,319.096,musd,books
2015,deptexp_administration,adopted,27.236,musd,books
2015,deptexp_citywide_debt,adopted,5.105,musd,books
2015,deptexp_community_services,adopted,19.91,musd,books
2015,deptexp_infrastructure,adopted,144.654,musd,books
2015,deptexp_parks_openspace,adopted,54.788,musd,books
2015,deptexp_planning_climate,adopted,15.587,musd,books
2015,deptexp_public_safety,adopted,51.817,musd,books
2015,ftebucket_administration,adopted,166.81,fte,acfr
2015,ftebucket_community_services,adopted,128.9,fte,acfr
2015,ftebucket_infrastructure,adopted,315.11,fte,acfr
2015,ftebucket_parks_openspace,adopted,232.7,fte,acfr
2015,ftebucket_planning_climate,adopted,105.92,fte,acfr
2015,ftebucket_public_safety,adopted,409.33,fte,acfr
2015,ftefunc_administration,adopted,3.74,fte,acfr
2015,ftefunc_arts,adopted,2.25,fte,acfr
2015,ftefunc_city_attorney,adopted,19.2,fte,acfr
2015,ftefunc_city_manager_administration,adopted,19.5,fte,acfr
2015,ftefunc_city_manager_communications,adopted,6.5,fte,acfr
2015,ftefunc_city_manager_downtown_university_hill_mgt,adopted,44.5,fte,acfr
2015,ftefunc_facility_asset_management,adopted,14.84,fte,acfr
2015,ftefunc_finance,adopted,38.67,fte,acfr
2015,ftefunc_fire,adopted,121.33,fte,acfr
2015,ftefunc_fleet,adopted,14.77,fte,acfr
2015,ftefunc_housing_and_human_services,adopted,50.39,fte,acfr
2015,ftefunc_human_resources,adopted,24.63,fte,acfr
2015,ftefunc_information_technology,adopted,37.18,fte,acfr
2015,ftefunc_library,adopted,76.26,fte,acfr
2015,ftefunc_municipal_court,adopted,21.13,fte,acfr
2015,ftefunc_open_space_mountain_parks,adopted,102.35,fte,acfr
2015,ftefunc_parks_and_recreation,adopted,130.35,fte,acfr
2015,ftefunc_planning_development_services,adopted,105.92,fte,acfr
2015,ftefunc_police,adopted,288.0,fte,acfr
2015,ftefunc_total,adopted,1358.77,fte,acfr
2015,ftefunc_transportation,adopted,70.34,fte,acfr
2015,ftefunc_utilities,adopted,166.92,fte,acfr
2015,property_tax_revenue,actual,30.846,musd,acfr
2015,revenue_intergovernmental,adopted,9.687,musd,booksocr
2015,revenue_other_unmapped,adopted,86.659,musd,booksocr
2015,revenue_property_tax,adopted,32.345,musd,booksocr
2015,revenue_sales_use_tax,adopted,115.396,musd,booksocr
2015,revenue_total,adopted,313.338,musd,booksocr
2015,revenue_utility,adopted,69.251,musd,booksocr
2015,salestaxrate_direct_city,actual,3.86,pct,acfr
2015,salestaxrate_food_service,actual,0.15,pct,acfr
2015,salestaxrate_total_direct_city,actual,4.01,pct,acfr
2015,salesuse_total,actual,131.323,musd,acfr
2015,staffing_fte,adopted,1358.77,fte,books
2015,staffing_fte,restated,1383.12,fte,books
2015,taxablesales_all_other,actual,524.543,musd,acfr
2015,taxablesales_apparel_stores,actual,122.977,musd,acfr
2015,taxablesales_automotive_trade,actual,235.029,musd,acfr
2015,taxablesales_building_material_retail,actual,114.56,musd,acfr
2015,taxablesales_computer_related_business_sector,actual,205.89,musd,acfr
2015,taxablesales_constructions_firms_sales_use_tax,actual,276.746,musd,acfr
2015,taxablesales_consumer_electronics,actual,66.687,musd,acfr
2015,taxablesales_eating_places,actual,437.428,musd,acfr
2015,taxablesales_food_stores,actual,440.661,musd,acfr
2015,taxablesales_general_retail,actual,658.659,musd,acfr
2015,taxablesales_home_furnishings,actual,89.689,musd,acfr
2015,taxablesales_total,actual,3402.15,musd,acfrocr
2015,taxablesales_transportation_utilities,actual,229.281,musd,acfr
2016,acfrgf_accommodations_taxes,actual,7.927,musd,acfr
2016,acfrgf_accommodations_taxes,adopted,7.076,musd,acfr
2016,acfrgf_accommodations_taxes,final,7.492,musd,acfr
2016,acfrgf_administrative_services,actual,13.549,musd,acfr
2016,acfrgf_administrative_services,adopted,14.977,musd,acfr
2016,acfrgf_administrative_services,final,17.071,musd,acfr
2016,acfrgf_charges_for_services,actual,4.735,musd,acfr
2016,acfrgf_charges_for_services,adopted,4.985,musd,acfr
2016,acfrgf_charges_for_services,final,5.291,musd,acfr
2016,acfrgf_culture_and_recreation,actual,12.835,musd,acfr
2016,acfrgf_culture_and_recreation,adopted,5.644,musd,acfr
2016,acfrgf_culture_and_recreation,final,13.278,musd,acfr
2016,acfrgf_excess_deficiency_of_revenues_over_under_expenditures,actual,10.261,musd,acfrocr
2016,acfrgf_excess_deficiency_of_revenues_over_under_expenditures,adopted,10.45,musd,acfrocr
2016,acfrgf_excess_deficiency_of_revenues_over_under_expenditures,final,-19.614,musd,acfrocr
2016,acfrgf_excise_taxes,actual,1.25,musd,acfr
2016,acfrgf_excise_taxes,adopted,0.15,musd,acfr
2016,acfrgf_excise_taxes,final,0.15,musd,acfr
2016,acfrgf_franchise_taxes,actual,10.88,musd,acfr
2016,acfrgf_franchise_taxes,adopted,10.634,musd,acfr
2016,acfrgf_franchise_taxes,final,10.634,musd,acfr
2016,acfrgf_general_government,actual,14.888,musd,acfr
2016,acfrgf_general_government,adopted,13.15,musd,acfr
2016,acfrgf_general_government,final,22.805,musd,acfr
2016,acfrgf_general_property_taxes,actual,33.005,musd,acfr
2016,acfrgf_general_property_taxes,adopted,28.958,musd,acfr
2016,acfrgf_general_property_taxes,final,28.967,musd,acfr
2016,acfrgf_housing_and_human_services,actual,9.34,musd,acfr
2016,acfrgf_housing_and_human_services,adopted,10.358,musd,acfr
2016,acfrgf_housing_and_human_services,final,15.631,musd,acfr
2016,acfrgf_interest,actual,2.021,musd,acfr
2016,acfrgf_interest,adopted,2.021,musd,acfr
2016,acfrgf_interest,final,2.021,musd,acfr
2016,acfrgf_interest_and_investment_earnings,actual,0.668,musd,acfr
2016,acfrgf_interest_and_investment_earnings,adopted,0.361,musd,acfr
2016,acfrgf_interest_and_investment_earnings,final,0.361,musd,acfr
2016,acfrgf_intergovernmental,actual,1.552,musd,acfr
2016,acfrgf_intergovernmental,adopted,1.168,musd,acfr
2016,acfrgf_intergovernmental,final,1.779,musd,acfr
2016,acfrgf_leases_rents_and_royalties,actual,0.603,musd,acfr
2016,acfrgf_leases_rents_and_royalties,adopted,0.152,musd,acfr
2016,acfrgf_leases_rents_and_royalties,final,0.602,musd,acfr
2016,acfrgf_licenses_permits_and_fines,actual,6.592,musd,acfr
2016,acfrgf_licenses_permits_and_fines,adopted,5.553,musd,acfr
2016,acfrgf_licenses_permits_and_fines,final,5.704,musd,acfr
2016,acfrgf_net_change_in_fund_balance,actual,1.526,musd,acfr
2016,acfrgf_net_change_in_fund_balance,adopted,-4.626,musd,acfr
2016,acfrgf_net_change_in_fund_balance,final,-28.159,musd,acfr
2016,acfrgf_open_space_and_mountain_parks,actual,0.033,musd,acfr
2016,acfrgf_open_space_and_mountain_parks,adopted,0.154,musd,acfr
2016,acfrgf_open_space_and_mountain_parks,final,0.031,musd,acfr
2016,acfrgf_other,actual,1.489,musd,acfr
2016,acfrgf_other,adopted,0.247,musd,acfr
2016,acfrgf_other,final,0.79,musd,acfr
2016,acfrgf_planning_development_services,actual,3.126,musd,acfr
2016,acfrgf_planning_development_services,adopted,2.302,musd,acfr
2016,acfrgf_planning_development_services,final,3.869,musd,acfr
2016,acfrgf_principal,actual,3.08,musd,acfr
2016,acfrgf_principal,adopted,3.08,musd,acfr
2016,acfrgf_principal,final,3.08,musd,acfr
2016,acfrgf_public_safety,actual,54.336,musd,acfr
2016,acfrgf_public_safety,adopted,52.953,musd,acfr
2016,acfrgf_public_safety,final,55.864,musd,acfr
2016,acfrgf_public_works,actual,7.898,musd,acfr
2016,acfrgf_public_works,adopted,6.711,musd,acfr
2016,acfrgf_public_works,final,10.25,musd,acfr
2016,acfrgf_sale_of_goods,actual,0.084,musd,acfr
2016,acfrgf_sale_of_goods,adopted,0.075,musd,acfr
2016,acfrgf_sale_of_goods,final,0.075,musd,acfr
2016,acfrgf_sales_and_use_taxes,actual,60.305,musd,acfr
2016,acfrgf_sales_and_use_taxes,adopted,60.608,musd,acfr
2016,acfrgf_sales_and_use_taxes,final,60.608,musd,acfr
2016,acfrgf_specific_ownership_tobacco_taxes,actual,2.277,musd,acfr
2016,acfrgf_specific_ownership_tobacco_taxes,adopted,1.833,musd,acfr
2016,acfrgf_specific_ownership_tobacco_taxes,final,1.833,musd,acfr
2016,acfrgf_total_expenditures,actual,121.106,musd,acfr
2016,acfrgf_total_expenditures,adopted,111.35,musd,acfr
2016,acfrgf_total_expenditures,final,143.9,musd,acfr
2016,acfrgf_total_other_financing_sources_uses,actual,-8.735,musd,acfr
2016,acfrgf_total_other_financing_sources_uses,adopted,-15.076,musd,acfr
2016,acfrgf_total_other_financing_sources_uses,final,-8.545,musd,acfr
2016,acfrgf_total_revenues,actual,131.367,musd,acfr
2016,acfrgf_total_revenues,adopted,121.8,musd,acfr
2016,acfrgf_total_revenues,final,124.286,musd,acfr
2016,acfrgf_transfers_in,actual,2.543,musd,acfr
2016,acfrgf_transfers_in,adopted,0.161,musd,acfr
2016,acfrgf_transfers_in,final,0.493,musd,acfr
2016,acfrgf_transfers_out,actual,-11.278,musd,acfr
2016,acfrgf_transfers_out,adopted,-15.237,musd,acfr
2016,acfrgf_transfers_out,final,-9.038,musd,acfr
2016,budget_capital,adopted,73.304,musd,books
2016,budget_general_fund,adopted,132.268,musd,books
2016,budget_general_fund_revenue,adopted,128.264,musd,booksocr
2016,budget_operating,adopted,254.395,musd,books
2016,budget_operating_dedicated,adopted,137.432,musd,books
2016,budget_operating_general,adopted,116.963,musd,books
2016,budget_total,adopted,327.699,musd,books
2016,deptexp_administration,adopted,34.825,musd,books
2016,deptexp_citywide_debt,adopted,5.101,musd,books
2016,deptexp_community_services,adopted,15.611,musd,books
2016,deptexp_infrastructure,adopted,145.656,musd,books
2016,deptexp_parks_openspace,adopted,59.606,musd,books
2016,deptexp_planning_climate,adopted,14.234,musd,books
2016,deptexp_public_safety,adopted,52.666,musd,books
2016,ftebucket_administration,adopted,185.71,fte,acfr
2016,ftebucket_community_services,adopted,130.64,fte,acfr
2016,ftebucket_infrastructure,adopted,321.36,fte,acfr
2016,ftebucket_parks_openspace,adopted,253.5,fte,acfr
2016,ftebucket_planning_climate,adopted,112.72,fte,acfr
2016,ftebucket_public_safety,adopted,415.22,fte,acfr
2016,ftefunc_administration,adopted,2.85,fte,acfr
2016,ftefunc_arts,adopted,1.0,fte,acfr
2016,ftefunc_city_attorney,adopted,25.7,fte,acfr
2016,ftefunc_city_manager_administration,adopted,17.0,fte,acfr
2016,ftefunc_city_manager_communications,adopted,12.75,fte,acfr
2016,ftefunc_city_manager_downtown_university_hill_mgt,adopted,46.5,fte,acfr
2016,ftefunc_facility_asset_management,adopted,17.53,fte,acfr
2016,ftefunc_finance,adopted,44.5,fte,acfr
2016,ftefunc_fire,adopted,124.33,fte,acfr
2016,ftefunc_fleet,adopted,15.12,fte,acfr
2016,ftefunc_housing_and_human_services,adopted,52.14,fte,acfr
2016,ftefunc_human_resources,adopted,24.38,fte,acfr
2016,ftefunc_information_technology,adopted,40.25,fte,acfr
2016,ftefunc_library,adopted,77.5,fte,acfr
2016,ftefunc_municipal_court,adopted,21.13,fte,acfr
2016,ftefunc_open_space_mountain_parks,adopted,117.15,fte,acfr
2016,ftefunc_parks_and_recreation,adopted,136.35,fte,acfr
2016,ftefunc_planning_development_services,adopted,112.72,fte,acfr
2016,ftefunc_police,adopted,290.89,fte,acfr
2016,ftefunc_total,adopted,1419.15,fte,acfr
2016,ftefunc_transportation,adopted,71.34,fte,acfr
2016,ftefunc_utilities,adopted,168.02,fte,acfr
2016,property_tax_revenue,actual,36.897,musd,acfr
2016,revenue_intergovernmental,adopted,3.05,musd,booksocr
2016,revenue_other_unmapped,adopted,96.156,musd,booksocr
2016,revenue_property_tax,adopted,33.442,musd,booksocr
2016,revenue_sales_use_tax,adopted,124.602,musd,booksocr
2016,revenue_total,adopted,319.535,musd,booksocr
2016,revenue_utility,adopted,62.285,musd,booksocr
2016,salestaxrate_direct_city,actual,3.86,pct,acfr
2016,salestaxrate_food_service,actual,0.15,pct,acfr
2016,salestaxrate_total_direct_city,actual,4.01,pct,acfr
2016,salesuse_total,actual,136.269,musd,acfr
2016,staffing_fte,adopted,1419.12,fte,books
2016,staffing_fte,restated,1427.24,fte,books
2016,taxablesales_all_other,actual,519.125,musd,acfr
2016,taxablesales_apparel_stores,actual,123.958,musd,acfr
2016,taxablesales_automotive_trade,actual,239.489,musd,acfr
2016,taxablesales_building_material_retail,actual,121.991,musd,acfr
2016,taxablesales_computer_related_business_sector,actual,195.938,musd,acfr
2016,taxablesales_constructions_firms_sales_use_tax,actual,304.301,musd,acfr
2016,taxablesales_consumer_electronics,actual,71.024,musd,acfr
2016,taxablesales_eating_places,actual,451.436,musd,acfr
2016,taxablesales_food_stores,actual,452.03,musd,acfr
2016,taxablesales_general_retail,actual,737.753,musd,acfr
2016,taxablesales_home_furnishings,actual,92.314,musd,acfr
2016,taxablesales_total,actual,3530.285,musd,acfrocr
2016,taxablesales_transportation_utilities,actual,220.926,musd,acfr
2017,acfrgf_accommodations_taxes,actual,8.932,musd,acfr
2017,acfrgf_accommodations_taxes,adopted,8.055,musd,acfr
2017,acfrgf_accommodations_taxes,final,8.055,musd,acfr
2017,acfrgf_administrative_services,actual,14.258,musd,acfr
2017,acfrgf_administrative_services,adopted,14.877,musd,acfr
2017,acfrgf_administrative_services,final,17.875,musd,acfr
2017,acfrgf_charges_for_services,actual,4.703,musd,acfr
2017,acfrgf_charges_for_services,adopted,5.464,musd,acfr
2017,acfrgf_charges_for_services,final,5.633,musd,acfr
2017,acfrgf_culture_and_recreation,actual,12.941,musd,acfr
2017,acfrgf_culture_and_recreation,adopted,12.657,musd,acfr
2017,acfrgf_culture_and_recreation,final,13.603,musd,acfr
2017,acfrgf_excess_deficiency_of_revenues_over_under_expenditures,actual,0.397,musd,acfr
2017,acfrgf_excess_deficiency_of_revenues_over_under_expenditures,adopted,6.719,musd,acfr
2017,acfrgf_excess_deficiency_of_revenues_over_under_expenditures,final,-16.555,musd,acfr
2017,acfrgf_excise_taxes,actual,1.261,musd,acfr
2017,acfrgf_excise_taxes,adopted,1.167,musd,acfr
2017,acfrgf_excise_taxes,final,1.309,musd,acfr
2017,acfrgf_franchise_taxes,actual,10.831,musd,acfr
2017,acfrgf_franchise_taxes,adopted,10.652,musd,acfr
2017,acfrgf_franchise_taxes,final,10.652,musd,acfr
2017,acfrgf_general_government,actual,16.599,musd,acfr
2017,acfrgf_general_government,adopted,15.761,musd,acfr
2017,acfrgf_general_government,final,22.696,musd,acfr
2017,acfrgf_general_property_taxes,actual,33.218,musd,acfr
2017,acfrgf_general_property_taxes,adopted,33.481,musd,acfr
2017,acfrgf_general_property_taxes,final,33.481,musd,acfr
2017,acfrgf_housing_and_human_services,actual,14.424,musd,acfr
2017,acfrgf_housing_and_human_services,adopted,11.071,musd,acfr
2017,acfrgf_housing_and_human_services,final,17.875,musd,acfr
2017,acfrgf_interest,actual,1.93,musd,acfr
2017,acfrgf_interest,adopted,1.93,musd,acfr
2017,acfrgf_interest,final,1.93,musd,acfr
2017,acfrgf_interest_and_investment_earnings,actual,0.663,musd,acfr
2017,acfrgf_interest_and_investment_earnings,adopted,0.305,musd,acfr
2017,acfrgf_interest_and_investment_earnings,final,0.305,musd,acfr
2017,acfrgf_intergovernmental,actual,2.524,musd,acfr
2017,acfrgf_intergovernmental,adopted,1.254,musd,acfr
2017,acfrgf_intergovernmental,final,3.012,musd,acfr
2017,acfrgf_leases_rents_and_royalties,actual,0.215,musd,acfr
2017,acfrgf_leases_rents_and_royalties,adopted,0.301,musd,acfr
2017,acfrgf_leases_rents_and_royalties,final,0.401,musd,acfr
2017,acfrgf_licenses_permits_and_fines,actual,6.292,musd,acfr
2017,acfrgf_licenses_permits_and_fines,adopted,6.102,musd,acfr
2017,acfrgf_licenses_permits_and_fines,final,6.233,musd,acfr
2017,acfrgf_net_change_in_fund_balance,actual,-8.777,musd,acfr
2017,acfrgf_net_change_in_fund_balance,adopted,-2.191,musd,acfr
2017,acfrgf_net_change_in_fund_balance,final,-25.831,musd,acfr
2017,acfrgf_open_space_and_mountain_parks,actual,0.028,musd,acfr
2017,acfrgf_open_space_and_mountain_parks,adopted,0.031,musd,acfr
2017,acfrgf_open_space_and_mountain_parks,final,0.031,musd,acfr
2017,acfrgf_other,actual,3.238,musd,acfr
2017,acfrgf_other,final,0.202,musd,acfr
2017,acfrgf_planning_development_services,actual,2.61,musd,acfr
2017,acfrgf_planning_development_services,adopted,3.007,musd,acfr
2017,acfrgf_planning_development_services,final,4.076,musd,acfr
2017,acfrgf_principal,actual,3.175,musd,acfr
2017,acfrgf_principal,adopted,3.175,musd,acfr
2017,acfrgf_principal,final,3.175,musd,acfr
2017,acfrgf_public_safety,actual,56.113,musd,acfr
2017,acfrgf_public_safety,adopted,54.212,musd,acfr
2017,acfrgf_public_safety,final,56.785,musd,acfr
2017,acfrgf_public_works,actual,12.105,musd,acfr
2017,acfrgf_public_works,adopted,7.052,musd,acfr
2017,acfrgf_public_works,final,11.697,musd,acfr
2017,acfrgf_sale_of_goods,actual,0.214,musd,acfr
2017,acfrgf_sale_of_goods,adopted,0.065,musd,acfr
2017,acfrgf_sale_of_goods,final,0.259,musd,acfr
2017,acfrgf_sales_use_and_other_taxes,actual,59.859,musd,acfrocr
2017,acfrgf_sales_use_and_other_taxes,adopted,61.465,musd,acfrocr
2017,acfrgf_sales_use_and_other_taxes,final,61.465,musd,acfrocr
2017,acfrgf_specific_ownership_tobacco_taxes,actual,2.63,musd,acfr
2017,acfrgf_specific_ownership_tobacco_taxes,adopted,2.181,musd,acfr
2017,acfrgf_specific_ownership_tobacco_taxes,final,2.181,musd,acfr
2017,acfrgf_total_expenditures,actual,134.183,musd,acfr
2017,acfrgf_total_expenditures,adopted,123.773,musd,acfr
2017,acfrgf_total_expenditures,final,149.743,musd,acfr
2017,acfrgf_total_other_financing_sources_uses,actual,-9.174,musd,acfr
2017,acfrgf_total_other_financing_sources_uses,adopted,-8.91,musd,acfr
2017,acfrgf_total_other_financing_sources_uses,final,-9.276,musd,acfr
2017,acfrgf_total_revenues,actual,134.58,musd,acfr
2017,acfrgf_total_revenues,adopted,130.492,musd,acfr
2017,acfrgf_total_revenues,final,133.188,musd,acfr
2017,acfrgf_transfers_in,actual,0.028,musd,acfr
2017,acfrgf_transfers_in,adopted,0.028,musd,acfr
2017,acfrgf_transfers_in,final,0.028,musd,acfr
2017,acfrgf_transfers_out,actual,-9.202,musd,acfr
2017,acfrgf_transfers_out,adopted,-8.938,musd,acfr
2017,acfrgf_transfers_out,final,-9.304,musd,acfr
2017,budget_capital,adopted,61.189,musd,books
2017,budget_general_fund,adopted,139.792,musd,books
2017,budget_general_fund_revenue,adopted,138.075,musd,booksocr
2017,budget_operating,adopted,260.677,musd,books
2017,budget_operating_dedicated,adopted,129.815,musd,books
2017,budget_operating_general,adopted,130.862,musd,books
2017,budget_total,adopted,321.866,musd,books
2017,deptexp_administration,adopted,38.518,musd,books
2017,deptexp_citywide_debt,adopted,5.105,musd,books
2017,deptexp_community_services,adopted,17.103,musd,books
2017,deptexp_infrastructure,adopted,131.131,musd,books
2017,deptexp_parks_openspace,adopted,60.979,musd,books
2017,deptexp_planning_climate,adopted,15.178,musd,books
2017,deptexp_public_safety,adopted,53.852,musd,books
2017,ftebucket_administration,adopted,192.13,fte,acfr
2017,ftebucket_community_services,adopted,128.5,fte,acfr
2017,ftebucket_infrastructure,adopted,324.87,fte,acfr
2017,ftebucket_parks_openspace,adopted,267.52,fte,acfr
2017,ftebucket_planning_climate,adopted,118.45,fte,acfr
2017,ftebucket_public_safety,adopted,415.89,fte,acfr
2017,ftefunc_administration,adopted,1.5,fte,acfr
2017,ftefunc_arts,adopted,3.5,fte,acfr
2017,ftefunc_city_attorney,adopted,27.65,fte,acfr
2017,ftefunc_city_manager_administration,adopted,19.88,fte,acfr
2017,ftefunc_city_manager_communications,adopted,13.5,fte,acfr
2017,ftefunc_city_manager_downtown_university_hill_mgt,adopted,49.0,fte,acfr
2017,ftefunc_community_planning_and_sustainability,adopted,55.34,fte,acfr
2017,ftefunc_development,adopted,54.11,fte,acfr
2017,ftefunc_energy_strategy_electric_utility,adopted,9.0,fte,acfr
2017,ftefunc_facility_asset_management,adopted,18.79,fte,acfr
2017,ftefunc_finance,adopted,46.62,fte,acfr
2017,ftefunc_fire,adopted,124.0,fte,acfr
2017,ftefunc_fleet,adopted,14.62,fte,acfr
2017,ftefunc_housing,adopted,15.95,fte,acfr
2017,ftefunc_human_resources,adopted,23.38,fte,acfr
2017,ftefunc_human_services,adopted,35.05,fte,acfr
2017,ftefunc_information_technology,adopted,40.75,fte,acfr
2017,ftefunc_library,adopted,74.0,fte,acfr
2017,ftefunc_municipal_court,adopted,20.35,fte,acfr
2017,ftefunc_open_space_mountain_parks,adopted,128.4,fte,acfr
2017,ftefunc_parks_and_recreation,adopted,139.12,fte,acfr
2017,ftefunc_police,adopted,291.89,fte,acfr
2017,ftefunc_total,adopted,1447.36,fte,acfrocr
2017,ftefunc_transportation,adopted,72.09,fte,acfr
2017,ftefunc_utilities,adopted,168.87,fte,acfr
2017,property_assessed_value,actual,3146.952,musd,acfr
2017,property_tax_revenue,actual,37.252,musd,acfr
2017,revenue_intergovernmental,adopted,4.21,musd,booksocr
2017,revenue_other_unmapped,adopted,83.349,musd,booksocr
2017,revenue_property_tax,adopted,39.047,musd,booksocr
2017,revenue_sales_use_tax,adopted,127.931,musd,booksocr
2017,revenue_total,adopted,315.525,musd,booksocr
2017,revenue_utility,adopted,60.988,musd,booksocr
2017,salestaxrate_direct_city,actual,3.86,pct,acfr
2017,salestaxrate_food_service,actual,0.15,pct,acfr
2017,salestaxrate_total_direct_city,actual,4.01,pct,acfr
2017,salesuse_total,actual,131.857,musd,acfrocr
2017,staffing_fte,adopted,1447.36,fte,books
2017,taxablesales_all_other,actual,541.317,musd,acfr
2017,taxablesales_all_other,restated,612.152,musd,acfr
2017,taxablesales_apparel_stores,actual,122.065,musd,acfr
2017,taxablesales_apparel_stores,restated,116.513,musd,acfr
2017,taxablesales_automotive_trade,actual,263.071,musd,acfr
2017,taxablesales_automotive_trade,restated,251.106,musd,acfr
2017,taxablesales_building_material_retail,actual,126.976,musd,acfr
2017,taxablesales_building_material_retail,restated,121.201,musd,acfr
2017,taxablesales_computer_related_business_sector,actual,197.327,musd,acfr
2017,taxablesales_computer_related_business_sector,restated,188.351,musd,acfr
2017,taxablesales_constructions_firms_sales_use_tax,actual,292.866,musd,acfr
2017,taxablesales_constructions_firms_sales_use_tax,restated,279.081,musd,acfr
2017,taxablesales_consumer_electronics,actual,62.032,musd,acfrocr
2017,taxablesales_consumer_electronics,restated,59.211,musd,acfr
2017,taxablesales_eating_places,actual,483.063,musd,acfr
2017,taxablesales_eating_places,restated,461.091,musd,acfr
2017,taxablesales_food_stores,actual,469.529,musd,acfr
2017,taxablesales_food_stores,restated,448.173,musd,acfr
2017,taxablesales_general_retail,actual,707.188,musd,acfr
2017,taxablesales_general_retail,restated,675.023,musd,acfr
2017,taxablesales_home_furnishings,actual,96.89,musd,acfr
2017,taxablesales_home_furnishings,restated,92.483,musd,acfr
2017,taxablesales_total,actual,3589.327,musd,acfrocr
2017,taxablesales_total,restated,3521.063,musd,acfr
2017,taxablesales_transportation_utilities,actual,227.003,musd,acfr
2017,taxablesales_transportation_utilities,restated,216.678,musd,acfr
2018,acfrgf_accommodations_taxes,actual,10.024,musd,acfr
2018,acfrgf_accommodations_taxes,adopted,8.877,musd,acfr
2018,acfrgf_accommodations_taxes,final,8.877,musd,acfr
2018,acfrgf_administrative_services,actual,14.51,musd,acfr
2018,acfrgf_administrative_services,adopted,17.229,musd,acfr
2018,acfrgf_administrative_services,final,19.275,musd,acfr
2018,acfrgf_charges_for_services,actual,4.871,musd,acfr
2018,acfrgf_charges_for_services,adopted,5.042,musd,acfr
2018,acfrgf_charges_for_services,final,5.072,musd,acfr
2018,acfrgf_culture_and_recreation,actual,12.964,musd,acfr
2018,acfrgf_culture_and_recreation,adopted,13.083,musd,acfr
2018,acfrgf_culture_and_recreation,final,13.89,musd,acfr
2018,acfrgf_excess_deficiency_of_revenues_over_under_expenditures,actual,11.601,musd,acfrocr
2018,acfrgf_excess_deficiency_of_revenues_over_under_expenditures,adopted,5.606,musd,acfrocr
2018,acfrgf_excess_deficiency_of_revenues_over_under_expenditures,final,-8.944,musd,acfrocr
2018,acfrgf_excise_taxes,actual,0.988,musd,acfr
2018,acfrgf_excise_taxes,adopted,1.45,musd,acfr
2018,acfrgf_excise_taxes,final,1.45,musd,acfr
2018,acfrgf_franchise_occupation_taxes,actual,14.763,musd,acfrocr
2018,acfrgf_franchise_occupation_taxes,adopted,9.022,musd,acfrocr
2018,acfrgf_franchise_occupation_taxes,final,15.099,musd,acfrocr
2018,acfrgf_general_government,actual,17.839,musd,acfr
2018,acfrgf_general_government,adopted,17.227,musd,acfr
2018,acfrgf_general_government,final,26.338,musd,acfr
2018,acfrgf_general_property_taxes,actual,38.789,musd,acfr
2018,acfrgf_general_property_taxes,adopted,39.548,musd,acfr
2018,acfrgf_general_property_taxes,final,39.548,musd,acfr
2018,acfrgf_housing_and_human_services,actual,13.016,musd,acfr
2018,acfrgf_housing_and_human_services,adopted,11.893,musd,acfr
2018,acfrgf_housing_and_human_services,final,15.449,musd,acfr
2018,acfrgf_interest,actual,1.913,musd,acfr
2018,acfrgf_interest,adopted,1.832,musd,acfr
2018,acfrgf_interest,final,1.832,musd,acfr
2018,acfrgf_interest_and_investment_earnings,actual,0.891,musd,acfr
2018,acfrgf_interest_and_investment_earnings,adopted,0.402,musd,acfr
2018,acfrgf_interest_and_investment_earnings,final,0.402,musd,acfr
2018,acfrgf_intergovernmental,actual,1.931,musd,acfr
2018,acfrgf_intergovernmental,adopted,1.992,musd,acfr
2018,acfrgf_intergovernmental,final,2.662,musd,acfr
2018,acfrgf_leases_rents_and_royalties,actual,0.185,musd,acfr
2018,acfrgf_leases_rents_and_royalties,adopted,0.633,musd,acfr
2018,acfrgf_leases_rents_and_royalties,final,0.752,musd,acfr
2018,acfrgf_licenses_permits_and_fines,actual,6.694,musd,acfr
2018,acfrgf_licenses_permits_and_fines,adopted,6.494,musd,acfr
2018,acfrgf_licenses_permits_and_fines,final,6.494,musd,acfr
2018,acfrgf_net_change_in_fund_balance,actual,3.771,musd,acfr
2018,acfrgf_net_change_in_fund_balance,adopted,-3.013,musd,acfr
2018,acfrgf_net_change_in_fund_balance,final,-17.819,musd,acfr
2018,acfrgf_open_space_and_mountain_parks,actual,0.026,musd,acfr
2018,acfrgf_open_space_and_mountain_parks,adopted,0.027,musd,acfr
2018,acfrgf_open_space_and_mountain_parks,final,0.027,musd,acfr
2018,acfrgf_other,actual,1.362,musd,acfr
2018,acfrgf_other,adopted,0.611,musd,acfr
2018,acfrgf_other,final,0.884,musd,acfr
2018,acfrgf_planning_development_services,actual,4.352,musd,acfr
2018,acfrgf_planning_development_services,adopted,2.868,musd,acfr
2018,acfrgf_planning_development_services,final,4.416,musd,acfr
2018,acfrgf_principal,actual,2.85,musd,acfr
2018,acfrgf_principal,adopted,2.61,musd,acfr
2018,acfrgf_principal,final,3.332,musd,acfr
2018,acfrgf_public_safety,actual,57.996,musd,acfr
2018,acfrgf_public_safety,adopted,56.898,musd,acfr
2018,acfrgf_public_safety,final,58.527,musd,acfr
2018,acfrgf_public_works,actual,9.13,musd,acfr
2018,acfrgf_public_works,adopted,6.801,musd,acfr
2018,acfrgf_public_works,final,9.111,musd,acfr
2018,acfrgf_sale_of_goods,actual,0.436,musd,acfr
2018,acfrgf_sale_of_goods,adopted,0.07,musd,acfr
2018,acfrgf_sale_of_goods,final,0.08,musd,acfr
2018,acfrgf_sales_and_use_taxes,actual,62.808,musd,acfr
2018,acfrgf_sales_and_use_taxes,adopted,59.577,musd,acfr
2018,acfrgf_sales_and_use_taxes,final,59.577,musd,acfr
2018,acfrgf_specific_ownership_tobacco_taxes,actual,2.455,musd,acfr
2018,acfrgf_specific_ownership_tobacco_taxes,adopted,2.356,musd,acfr
2018,acfrgf_specific_ownership_tobacco_taxes,final,2.356,musd,acfr
2018,acfrgf_total_expenditures,actual,134.596,musd,acfr
2018,acfrgf_total_expenditures,adopted,130.468,musd,acfr
2018,acfrgf_total_expenditures,final,152.197,musd,acfr
2018,acfrgf_total_other_financing_sources_uses,actual,-7.83,musd,acfr
2018,acfrgf_total_other_financing_sources_uses,adopted,-8.619,musd,acfr
2018,acfrgf_total_other_financing_sources_uses,final,-8.875,musd,acfr
2018,acfrgf_total_revenues,actual,146.197,musd,acfr
2018,acfrgf_total_revenues,adopted,136.074,musd,acfr
2018,acfrgf_total_revenues,final,143.253,musd,acfr
2018,acfrgf_transfers_in,actual,0.75,musd,acfr
2018,acfrgf_transfers_in,adopted,0.028,musd,acfr
2018,acfrgf_transfers_in,final,0.75,musd,acfr
2018,acfrgf_transfers_out,actual,-8.58,musd,acfr
2018,acfrgf_transfers_out,adopted,-8.647,musd,acfr
2018,acfrgf_transfers_out,final,-9.625,musd,acfr
2018,budget_capital,adopted,111.654,musd,booksocr
2018,budget_general_fund,adopted,146.321,musd,books
2018,budget_general_fund_revenue,adopted,143.493,musd,booksocr
2018,budget_operating,adopted,277.556,musd,booksocr
2018,budget_operating_dedicated,adopted,139.875,musd,booksocr
2018,budget_operating_general,adopted,137.681,musd,booksocr
2018,budget_total,adopted,389.21,musd,books
2018,deptexp_administration,adopted,39.649,musd,booksocr
2018,deptexp_citywide_debt,adopted,7.265,musd,booksocr
2018,deptexp_community_services,adopted,19.636,musd,booksocr
2018,deptexp_infrastructure,adopted,183.406,musd,booksocr
2018,deptexp_parks_openspace,adopted,64.127,musd,booksocr
2018,deptexp_planning_climate,adopted,18.715,musd,booksocr
2018,deptexp_public_safety,adopted,56.413,musd,booksocr
2018,ftebucket_administration,adopted,195.88,fte,acfr
2018,ftebucket_community_services,adopted,130.07,fte,acfr
2018,ftebucket_infrastructure,adopted,324.02,fte,acfr
2018,ftebucket_parks_openspace,adopted,272.45,fte,acfr
2018,ftebucket_planning_climate,adopted,112.92,fte,acfr
2018,ftebucket_public_safety,adopted,415.75,fte,acfr
2018,ftefunc_arts,adopted,3.5,fte,acfr
2018,ftefunc_city_attorney,adopted,27.65,fte,acfr
2018,ftefunc_city_manager_administration,adopted,22.88,fte,acfr
2018,ftefunc_city_manager_communications,adopted,14.75,fte,acfr
2018,ftefunc_city_manager_community_vitality,adopted,48.25,fte,acfr
2018,ftefunc_community_planning_and_sustainability,adopted,55.54,fte,acfr
2018,ftefunc_development,adopted,57.38,fte,acfr
2018,ftefunc_facility_asset_management,adopted,19.22,fte,acfr
2018,ftefunc_finance,adopted,48.12,fte,acfr
2018,ftefunc_fire,adopted,124.0,fte,acfr
2018,ftefunc_fleet,adopted,13.2,fte,acfr
2018,ftefunc_housing,adopted,16.35,fte,acfr
2018,ftefunc_human_resources,adopted,23.38,fte,acfr
2018,ftefunc_human_services,adopted,36.22,fte,acfr
2018,ftefunc_information_technology,adopted,39.75,fte,acfr
2018,ftefunc_library,adopted,74.0,fte,acfr
2018,ftefunc_municipal_court,adopted,19.35,fte,acfr
2018,ftefunc_open_space_mountain_parks,adopted,126.18,fte,acfr
2018,ftefunc_parks_and_recreation,adopted,146.27,fte,acfr
2018,ftefunc_police,adopted,291.75,fte,acfr
2018,ftefunc_total,adopted,1451.09,fte,acfr
2018,ftefunc_transportation,adopted,73.87,fte,acfr
2018,ftefunc_utilities,adopted,169.48,fte,acfr
2018,property_assessed_value,actual,3667.034,musd,acfr
2018,property_tax_revenue,actual,43.7,musd,acfr
2018,revenue_other_unmapped,adopted,153.294,musd,booksocr
2018,revenue_property_tax,adopted,46.451,musd,booksocr
2018,revenue_sales_use_tax,adopted,125.998,musd,booksocr
2018,revenue_total,adopted,390.898,musd,booksocr
2018,revenue_utility,adopted,65.155,musd,booksocr
2018,salestaxrate_direct_city,actual,3.86,pct,acfr
2018,salestaxrate_food_service,actual,0.15,pct,acfr
2018,salestaxrate_total_direct_city,actual,4.01,pct,acfr
2018,salesuse_total,actual,146.4,musd,acfr
2018,staffing_fte,adopted,1451.09,fte,books
2018,staffing_fte,restated,1465.07,fte,booksocr
2018,taxablesales_all_other,actual,631.091,musd,acfr
2018,taxablesales_apparel_stores,actual,118.308,musd,acfr
2018,taxablesales_automotive_trade,actual,258.584,musd,acfr
2018,taxablesales_building_material_retail,actual,121.719,musd,acfr
2018,taxablesales_computer_related_business_sector,actual,198.501,musd,acfr
2018,taxablesales_constructions_firms_sales_use_tax,actual,352.701,musd,acfr
2018,taxablesales_consumer_electronics,actual,73.263,musd,acfr
2018,taxablesales_eating_places,actual,477.032,musd,acfr
2018,taxablesales_food_stores,actual,438.804,musd,acfr
2018,taxablesales_general_retail,actual,709.676,musd,acfr
2018,taxablesales_home_furnishings,actual,93.697,musd,acfr
2018,taxablesales_total,actual,3687.668,musd,acfr
2018,taxablesales_transportation_utilities,actual,214.292,musd,acfr
2019,acfrgf_accommodations_taxes,actual,10.865,musd,acfr
2019,acfrgf_accommodations_taxes,adopted,9.633,musd,acfr
2019,acfrgf_accommodations_taxes,final,9.662,musd,acfr
2019,acfrgf_administrative_services,actual,17.272,musd,acfr
2019,acfrgf_administrative_services,adopted,16.88,musd,acfr
2019,acfrgf_administrative_services,final,42.036,musd,acfr
2019,acfrgf_charges_for_services,actual,5.836,musd,acfr
2019,acfrgf_charges_for_services,adopted,6.111,musd,acfr
2019,acfrgf_charges_for_services,final,6.176,musd,acfr
2019,acfrgf_culture_and_recreation,actual,13.78,musd,acfr
2019,acfrgf_culture_and_recreation,adopted,13.36,musd,acfr
2019,acfrgf_culture_and_recreation,final,14.899,musd,acfr
2019,acfrgf_excess_deficiency_of_revenues_over_under_expenditures,actual,1.956,musd,acfrocr
2019,acfrgf_excess_deficiency_of_revenues_over_under_expenditures,adopted,3.128,musd,acfrocr
2019,acfrgf_excess_deficiency_of_revenues_over_under_expenditures,final,-46.437,musd,acfrocr
2019,acfrgf_excise_taxes,actual,0.875,musd,acfr
2019,acfrgf_excise_taxes,adopted,1.0,musd,acfr
2019,acfrgf_excise_taxes,final,1.0,musd,acfr
2019,acfrgf_general_government,actual,20.231,musd,acfr
2019,acfrgf_general_government,adopted,26.774,musd,acfr
2019,acfrgf_general_government,final,27.309,musd,acfr
2019,acfrgf_general_property_taxes,actual,38.564,musd,acfr
2019,acfrgf_general_property_taxes,adopted,40.053,musd,acfr
2019,acfrgf_general_property_taxes,final,40.053,musd,acfr
2019,acfrgf_housing_and_human_services,actual,12.272,musd,acfr
2019,acfrgf_housing_and_human_services,adopted,11.595,musd,acfr
2019,acfrgf_housing_and_human_services,final,15.132,musd,acfr
2019,acfrgf_interest,actual,1.891,musd,acfr
2019,acfrgf_interest,adopted,1.752,musd,acfr
2019,acfrgf_interest,final,1.752,musd,acfr
2019,acfrgf_interest_and_investment_earnings,actual,1.401,musd,acfr
2019,acfrgf_interest_and_investment_earnings,adopted,0.5,musd,acfr
2019,acfrgf_interest_and_investment_earnings,final,0.5,musd,acfr
2019,acfrgf_intergovernmental,actual,1.495,musd,acfr
2019,acfrgf_intergovernmental,adopted,1.495,musd,acfr
2019,acfrgf_intergovernmental,final,1.836,musd,acfr
2019,acfrgf_leases_rents_and_royalties,actual,0.175,musd,acfr
2019,acfrgf_leases_rents_and_royalties,adopted,0.286,musd,acfr
2019,acfrgf_leases_rents_and_royalties,final,0.311,musd,acfr
2019,acfrgf_licenses_permits_and_fines,actual,6.235,musd,acfr
2019,acfrgf_licenses_permits_and_fines,adopted,5.978,musd,acfr
2019,acfrgf_licenses_permits_and_fines,final,6.088,musd,acfr
2019,acfrgf_net_change_in_fund_balance,actual,13.386,musd,acfr
2019,acfrgf_net_change_in_fund_balance,adopted,-5.574,musd,acfr
2019,acfrgf_net_change_in_fund_balance,final,-35.292,musd,acfr
2019,acfrgf_occupation_taxes,actual,12.802,musd,acfr
2019,acfrgf_occupation_taxes,adopted,12.894,musd,acfr
2019,acfrgf_occupation_taxes,final,12.894,musd,acfr
2019,acfrgf_open_space_and_mountain_parks,actual,0.054,musd,acfr
2019,acfrgf_other,actual,2.129,musd,acfr
2019,acfrgf_other,adopted,0.922,musd,acfr
2019,acfrgf_other,final,1.298,musd,acfr
2019,acfrgf_planning_development_services,actual,3.259,musd,acfr
2019,acfrgf_planning_development_services,adopted,2.6,musd,acfr
2019,acfrgf_planning_development_services,final,3.825,musd,acfr
2019,acfrgf_principal,actual,3.191,musd,acfr
2019,acfrgf_principal,adopted,2.69,musd,acfr
2019,acfrgf_principal,final,2.69,musd,acfr
2019,acfrgf_public_safety,actual,60.47,musd,acfr
2019,acfrgf_public_safety,adopted,57.655,musd,acfr
2019,acfrgf_public_safety,final,64.176,musd,acfr
2019,acfrgf_public_works,actual,16.576,musd,acfr
2019,acfrgf_public_works,adopted,7.83,musd,acfr
2019,acfrgf_public_works,final,20.268,musd,acfr
2019,acfrgf_sale_of_goods,actual,0.5,musd,acfr
2019,acfrgf_sale_of_goods,adopted,0.075,musd,acfr
2019,acfrgf_sale_of_goods,final,0.515,musd,acfr
2019,acfrgf_sales_and_use_taxes,actual,67.476,musd,acfr
2019,acfrgf_sales_and_use_taxes,adopted,62.641,musd,acfr
2019,acfrgf_sales_and_use_taxes,final,62.641,musd,acfr
2019,acfrgf_specific_ownership_tobacco_taxes,actual,2.599,musd,acfr
2019,acfrgf_specific_ownership_tobacco_taxes,adopted,2.676,musd,acfr
2019,acfrgf_specific_ownership_tobacco_taxes,final,2.676,musd,acfr
2019,acfrgf_total_expenditures,actual,148.996,musd,acfr
2019,acfrgf_total_expenditures,adopted,141.136,musd,acfr
2019,acfrgf_total_expenditures,final,192.087,musd,acfr
2019,acfrgf_total_other_financing_sources_uses,actual,11.43,musd,acfr
2019,acfrgf_total_other_financing_sources_uses,adopted,-8.702,musd,acfr
2019,acfrgf_total_other_financing_sources_uses,final,11.145,musd,acfr
2019,acfrgf_total_revenues,actual,150.952,musd,acfr
2019,acfrgf_total_revenues,adopted,144.264,musd,acfr
2019,acfrgf_total_revenues,final,145.65,musd,acfr
2019,acfrgf_transfers_in,actual,42.875,musd,acfr
2019,acfrgf_transfers_in,adopted,0.028,musd,acfr
2019,acfrgf_transfers_in,final,42.613,musd,acfr
2019,acfrgf_transfers_out,actual,-31.445,musd,acfr
2019,acfrgf_transfers_out,adopted,-8.73,musd,acfr
2019,acfrgf_transfers_out,final,-31.468,musd,acfr
2019,budget_capital,adopted,70.557,musd,booksocr
2019,budget_general_fund,adopted,158.16,musd,booksocr
2019,budget_general_fund_revenue,adopted,152.597,musd,booksocr
2019,budget_operating,adopted,283.2,musd,books
2019,budget_operating_dedicated,adopted,137.956,musd,booksocr
2019,budget_operating_general,adopted,145.232,musd,booksocr
2019,budget_total,adopted,353.746,musd,books
2019,deptexp_administration,adopted,53.515,musd,booksocr
2019,deptexp_community_services,adopted,33.562,musd,booksocr
2019,deptexp_infrastructure,adopted,135.849,musd,booksocr
2019,deptexp_parks_openspace,adopted,54.045,musd,booksocr
2019,deptexp_planning_climate,adopted,17.548,musd,booksocr
2019,deptexp_public_safety,adopted,59.227,musd,booksocr
2019,ftebucket_administration,adopted,188.35,fte,acfr
2019,ftebucket_community_services,adopted,126.32,fte,acfr
2019,ftebucket_infrastructure,adopted,325.47,fte,acfr
2019,ftebucket_parks_openspace,adopted,263.1,fte,acfr
2019,ftebucket_planning_climate,adopted,118.09,fte,acfr
2019,ftebucket_public_safety,adopted,411.25,fte,acfr
2019,ftefunc_arts,adopted,3.5,fte,acfr
2019,ftefunc_city_attorney,adopted,28.0,fte,acfr
2019,ftefunc_city_manager_administration,adopted,18.0,fte,acfr
2019,ftefunc_city_manager_communications,adopted,15.25,fte,acfr
2019,ftefunc_city_manager_community_vitality,adopted,47.24,fte,acfr
2019,ftefunc_community_planning_and_sustainability,adopted,54.54,fte,acfr
2019,ftefunc_development,adopted,57.05,fte,acfr
2019,ftefunc_energy_strategy_electric_utility,adopted,6.5,fte,acfr
2019,ftefunc_facility_asset_management,adopted,19.99,fte,acfr
2019,ftefunc_finance,adopted,44.0,fte,acfr
2019,ftefunc_fire,adopted,123.0,fte,acfr
2019,ftefunc_fleet,adopted,13.43,fte,acfr
2019,ftefunc_housing,adopted,15.35,fte,acfr
2019,ftefunc_human_resources,adopted,23.0,fte,acfr
2019,ftefunc_human_services,adopted,33.22,fte,acfr
2019,ftefunc_information_technology,adopted,41.75,fte,acfr
2019,ftefunc_library,adopted,74.25,fte,acfr
2019,ftefunc_municipal_court,adopted,18.35,fte,acfr
2019,ftefunc_open_space_mountain_parks,adopted,121.6,fte,acfr
2019,ftefunc_parks_and_recreation,adopted,141.5,fte,acfr
2019,ftefunc_police,adopted,288.25,fte,acfr
2019,ftefunc_total,adopted,1432.58,fte,acfr
2019,ftefunc_transportation,adopted,75.91,fte,acfr
2019,ftefunc_utilities,adopted,168.9,fte,acfr
2019,property_assessed_value,actual,3659.653,musd,acfr
2019,property_tax_revenue,actual,43.156,musd,acfr
2019,revenue_intergovernmental,adopted,17.194,musd,booksocr
2019,revenue_other_unmapped,adopted,91.865,musd,booksocr
2019,revenue_property_tax,adopted,47.656,musd,booksocr
2019,revenue_sales_use_tax,adopted,136.327,musd,booksocr
2019,revenue_total,adopted,359.02,musd,booksocr
2019,revenue_utility,adopted,65.978,musd,booksocr
2019,salestaxrate_direct_city,actual,3.86,pct,acfr
2019,salestaxrate_food_service,actual,0.15,pct,acfr
2019,salestaxrate_total_direct_city,actual,4.01,pct,acfr
2019,salesuse_total,actual,144.025,musd,acfr
2019,staffing_fte,adopted,1432.58,fte,booksocr
2019,staffing_fte,restated,1444.11,fte,booksocr
2019,taxablesales_all_other,actual,734.161,musd,acfr
2019,taxablesales_apparel_stores,actual,105.696,musd,acfr
2019,taxablesales_automotive_trade,actual,262.565,musd,acfr
2019,taxablesales_building_material_retail,actual,125.063,musd,acfr
2019,taxablesales_computer_related_business_sector,actual,192.02,musd,acfr
2019,taxablesales_constructions_firms_sales_use_tax,actual,308.127,musd,acfr
2019,taxablesales_consumer_electronics,actual,75.11,musd,acfr
2019,taxablesales_eating_places,actual,484.459,musd,acfr
2019,taxablesales_food_stores,actual,442.771,musd,acfr
2019,taxablesales_general_retail,actual,702.917,musd,acfr
2019,taxablesales_home_furnishings,actual,84.191,musd,acfr
2019,taxablesales_total,actual,3731.218,musd,acfr
2019,taxablesales_transportation_utilities,actual,214.138,musd,acfr
2020,acfrgf_accommodations_taxes,actual,4.007,musd,acfr
2020,acfrgf_accommodations_taxes,adopted,10.659,musd,acfr
2020,acfrgf_accommodations_taxes,final,10.659,musd,acfr
2020,acfrgf_administrative_services,actual,29.061,musd,acfr
2020,acfrgf_administrative_services,adopted,22.081,musd,acfr
2020,acfrgf_administrative_services,final,41.819,musd,acfr
2020,acfrgf_charges_for_services,actual,3.879,musd,acfr
2020,acfrgf_charges_for_services,adopted,6.001,musd,acfr
2020,acfrgf_charges_for_services,final,6.01,musd,acfr
2020,acfrgf_culture_and_recreation,actual,13.131,musd,acfr
2020,acfrgf_culture_and_recreation,adopted,14.431,musd,acfr
2020,acfrgf_culture_and_recreation,final,16.565,musd,acfr
2020,acfrgf_excess_deficiency_of_revenues_over_under_expenditures,actual,-17.315,musd,acfrocr
2020,acfrgf_excess_deficiency_of_revenues_over_under_expenditures,adopted,2.108,musd,acfrocr
2020,acfrgf_excess_deficiency_of_revenues_over_under_expenditures,final,-40.714,musd,acfrocr
2020,acfrgf_excise_taxes,actual,1.024,musd,acfr
2020,acfrgf_excise_taxes,adopted,0.95,musd,acfr
2020,acfrgf_excise_taxes,final,0.95,musd,acfr
2020,acfrgf_general_government,actual,17.649,musd,acfr
2020,acfrgf_general_government,adopted,17.121,musd,acfr
2020,acfrgf_general_government,final,24.081,musd,acfr
2020,acfrgf_general_property_taxes,actual,42.573,musd,acfr
2020,acfrgf_general_property_taxes,adopted,42.629,musd,acfr
2020,acfrgf_general_property_taxes,final,42.629,musd,acfr
2020,acfrgf_housing_and_human_services,actual,12.591,musd,acfr
2020,acfrgf_housing_and_human_services,adopted,12.909,musd,acfr
2020,acfrgf_housing_and_human_services,final,16.876,musd,acfr
2020,acfrgf_interest,actual,1.71,musd,acfr
2020,acfrgf_interest,adopted,1.647,musd,acfr
2020,acfrgf_interest,final,1.647,musd,acfr
2020,acfrgf_interest_and_investment_earnings,actual,0.951,musd,acfr
2020,acfrgf_interest_and_investment_earnings,adopted,0.75,musd,acfr
2020,acfrgf_interest_and_investment_earnings,final,0.75,musd,acfr
2020,acfrgf_intergovernmental,actual,2.545,musd,acfr
2020,acfrgf_intergovernmental,adopted,1.629,musd,acfr
2020,acfrgf_intergovernmental,final,7.233,musd,acfr
2020,acfrgf_leases_rents_and_royalties,actual,0.157,musd,acfr
2020,acfrgf_leases_rents_and_royalties,adopted,0.295,musd,acfr
2020,acfrgf_leases_rents_and_royalties,final,0.295,musd,acfr
2020,acfrgf_licenses_permits_and_fines,actual,4.748,musd,acfr
2020,acfrgf_licenses_permits_and_fines,adopted,6.68,musd,acfr
2020,acfrgf_licenses_permits_and_fines,final,6.78,musd,acfr
2020,acfrgf_net_change_in_fund_balance,actual,-23.964,musd,acfr
2020,acfrgf_net_change_in_fund_balance,adopted,-4.541,musd,acfr
2020,acfrgf_net_change_in_fund_balance,final,-49.05,musd,acfr
2020,acfrgf_occupation_taxes,actual,9.833,musd,acfr
2020,acfrgf_occupation_taxes,adopted,9.947,musd,acfr
2020,acfrgf_occupation_taxes,final,9.947,musd,acfr
2020,acfrgf_open_space_and_mountain_parks,actual,0.242,musd,acfr
2020,acfrgf_open_space_and_mountain_parks,adopted,0.185,musd,acfr
2020,acfrgf_open_space_and_mountain_parks,final,0.185,musd,acfr
2020,acfrgf_other,actual,2.33,musd,acfr
2020,acfrgf_other,adopted,1.02,musd,acfr
2020,acfrgf_other,final,2.14,musd,acfr
2020,acfrgf_planning_development_services,actual,3.228,musd,acfr
2020,acfrgf_planning_development_services,adopted,2.837,musd,acfr
2020,acfrgf_planning_development_services,final,3.894,musd,acfr
2020,acfrgf_principal,actual,3.657,musd,acfr
2020,acfrgf_principal,adopted,2.795,musd,acfr
2020,acfrgf_principal,final,2.795,musd,acfr
2020,acfrgf_public_safety,actual,61.541,musd,acfr
2020,acfrgf_public_safety,adopted,60.628,musd,acfr
2020,acfrgf_public_safety,final,66.039,musd,acfr
2020,acfrgf_public_works,actual,14.406,musd,acfr
2020,acfrgf_public_works,adopted,12.378,musd,acfr
2020,acfrgf_public_works,final,22.766,musd,acfr
2020,acfrgf_sale_of_goods,actual,0.153,musd,acfr
2020,acfrgf_sale_of_goods,adopted,0.075,musd,acfr
2020,acfrgf_sale_of_goods,final,0.075,musd,acfr
2020,acfrgf_sales_and_use_taxes,actual,65.098,musd,acfr
2020,acfrgf_sales_and_use_taxes,adopted,66.076,musd,acfr
2020,acfrgf_sales_and_use_taxes,final,66.076,musd,acfr
2020,acfrgf_specific_ownership_tobacco_taxes,actual,2.603,musd,acfr
2020,acfrgf_specific_ownership_tobacco_taxes,adopted,2.409,musd,acfr
2020,acfrgf_specific_ownership_tobacco_taxes,final,2.409,musd,acfr
2020,acfrgf_total_expenditures,actual,157.216,musd,acfr
2020,acfrgf_total_expenditures,adopted,147.012,musd,acfr
2020,acfrgf_total_expenditures,final,196.667,musd,acfr
2020,acfrgf_total_other_financing_sources_uses,actual,-6.649,musd,acfr
2020,acfrgf_total_other_financing_sources_uses,adopted,-6.649,musd,acfr
2020,acfrgf_total_other_financing_sources_uses,final,-8.336,musd,acfr
2020,acfrgf_total_revenues,actual,139.901,musd,acfr
2020,acfrgf_total_revenues,adopted,149.12,musd,acfr
2020,acfrgf_total_revenues,final,155.953,musd,acfr
2020,acfrgf_transfers_in,actual,11.17,musd,acfr
2020,acfrgf_transfers_in,adopted,11.17,musd,acfr
2020,acfrgf_transfers_in,final,11.767,musd,acfr
2020,acfrgf_transfers_out,actual,-17.819,musd,acfr
2020,acfrgf_transfers_out,adopted,-17.819,musd,acfr
2020,acfrgf_transfers_out,final,-20.103,musd,acfr
2020,budget_capital,adopted,80.768,musd,booksocr
2020,budget_general_fund,adopted,161.503,musd,books
2020,budget_general_fund_revenue,adopted,157.395,musd,books
2020,budget_operating,adopted,288.95,musd,booksocr
2020,budget_operating_dedicated,adopted,156.692,musd,booksocr
2020,budget_operating_general,adopted,132.257,musd,booksocr
2020,budget_total,adopted,369.718,musd,books
2020,deptexp_administration,adopted,47.367,musd,books
2020,deptexp_community_services,adopted,32.941,musd,books
2020,deptexp_infrastructure,adopted,157.453,musd,books
2020,deptexp_parks_openspace,adopted,57.059,musd,books
2020,deptexp_planning_climate,adopted,12.58,musd,books
2020,deptexp_public_safety,adopted,62.318,musd,books
2020,ftebucket_administration,adopted,183.6,fte,acfr
2020,ftebucket_community_services,adopted,128.82,fte,acfr
2020,ftebucket_infrastructure,adopted,313.38,fte,acfr
2020,ftebucket_parks_openspace,adopted,270.6,fte,acfr
2020,ftebucket_planning_climate,adopted,132.52,fte,acfr
2020,ftebucket_public_safety,adopted,413.25,fte,acfr
2020,ftefunc_arts,adopted,3.5,fte,acfr
2020,ftefunc_city_attorney,adopted,28.0,fte,acfr
2020,ftefunc_city_manager_administration,adopted,14.0,fte,acfr
2020,ftefunc_city_manager_communications,adopted,14.25,fte,acfr
2020,ftefunc_city_manager_community_vitality,adopted,48.01,fte,acfr
2020,ftefunc_community_planning_and_sustainability,adopted,44.03,fte,acfr
2020,ftefunc_development,adopted,67.49,fte,acfr
2020,ftefunc_energy_strategy_electric_utility,adopted,21.0,fte,acfr
2020,ftefunc_facility_asset_management,adopted,21.62,fte,acfr
2020,ftefunc_finance,adopted,44.0,fte,acfr
2020,ftefunc_fire,adopted,124.0,fte,acfr
2020,ftefunc_fleet,adopted,12.8,fte,acfr
2020,ftefunc_housing,adopted,15.35,fte,acfr
2020,ftefunc_human_resources,adopted,24.0,fte,acfr
2020,ftefunc_human_services,adopted,33.22,fte,acfr
2020,ftefunc_information_technology,adopted,41.0,fte,acfr
2020,ftefunc_library,adopted,76.75,fte,acfr
2020,ftefunc_municipal_court,adopted,18.35,fte,acfr
2020,ftefunc_open_space_mountain_parks,adopted,125.35,fte,acfr
2020,ftefunc_parks_and_recreation,adopted,145.25,fte,acfr
2020,ftefunc_police,adopted,289.25,fte,acfr
2020,ftefunc_total,adopted,1442.17,fte,acfr
2020,ftefunc_transportation,adopted,70.41,fte,acfr
2020,ftefunc_utilities,adopted,160.54,fte,acfr
2020,property_assessed_value,actual,4028.405,musd,acfr
2020,property_tax_revenue,actual,47.804,musd,acfr
2020,revenue_intergovernmental,adopted,8.802,musd,booksocr
2020,revenue_other_unmapped,adopted,94.359,musd,booksocr
2020,revenue_property_tax,adopted,49.969,musd,booksocr
2020,revenue_sales_use_tax,adopted,137.718,musd,booksocr
2020,revenue_total,adopted,360.263,musd,booksocr
2020,revenue_utility,adopted,69.415,musd,booksocr
2020,salestaxrate_direct_city,actual,3.86,pct,acfr
2020,salestaxrate_food_service,actual,0.15,pct,acfr
2020,salestaxrate_total_direct_city,actual,4.01,pct,acfr
2020,salesuse_total,actual,137.34,musd,acfr
2020,staffing_fte,adopted,1475.36,fte,booksocr
2020,staffing_fte,restated,1456.86,fte,books
2020,taxablesales_all_other,actual,550.228,musd,acfr
2020,taxablesales_apparel_stores,actual,90.814,musd,acfr
2020,taxablesales_automotive_trade,actual,268.208,musd,acfr
2020,taxablesales_building_material_retail,actual,132.942,musd,acfr
2020,taxablesales_computer_related_business_sector,actual,254.96,musd,acfr
2020,taxablesales_constructions_firms_sales_use_tax,actual,342.503,musd,acfr
2020,taxablesales_consumer_electronics,actual,99.86,musd,acfr
2020,taxablesales_eating_places,actual,308.278,musd,acfr
2020,taxablesales_food_stores,actual,547.934,musd,acfr
2020,taxablesales_general_retail,actual,688.108,musd,acfr
2020,taxablesales_home_furnishings,actual,63.575,musd,acfr
2020,taxablesales_total,actual,3558.032,musd,acfr
2020,taxablesales_transportation_utilities,actual,210.622,musd,acfr
2021,acfrgf_accommodations_taxes,actual,7.796,musd,acfrocr
2021,acfrgf_accommodations_taxes,adopted,6.77,musd,acfrocr
2021,acfrgf_accommodations_taxes,final,6.77,musd,acfrocr
2021,acfrgf_administrative_services,actual,31.133,musd,acfrocr
2021,acfrgf_administrative_services,adopted,22.752,musd,acfrocr
2021,acfrgf_administrative_services,final,42.273,musd,acfrocr
2021,acfrgf_charges_for_services,actual,3.665,musd,acfrocr
2021,acfrgf_charges_for_services,adopted,5.156,musd,acfrocr
2021,acfrgf_charges_for_services,final,5.119,musd,acfrocr
2021,acfrgf_culture_and_recreation,actual,12.251,musd,acfrocr
2021,acfrgf_culture_and_recreation,adopted,11.874,musd,acfrocr
2021,acfrgf_culture_and_recreation,final,14.802,musd,acfrocr
2021,acfrgf_excess_deficiency_of_revenues_over_under_expenditures,actual,6.0,musd,acfrocr
2021,acfrgf_excess_deficiency_of_revenues_over_under_expenditures,adopted,5.277,musd,acfrocr
2021,acfrgf_excess_deficiency_of_revenues_over_under_expenditures,final,-49.99,musd,acfrocr
2021,acfrgf_excise_taxes,actual,1.348,musd,acfrocr
2021,acfrgf_excise_taxes,adopted,0.913,musd,acfrocr
2021,acfrgf_excise_taxes,final,0.913,musd,acfrocr
2021,acfrgf_general_government,actual,17.736,musd,acfrocr
2021,acfrgf_general_government,adopted,15.246,musd,acfrocr
2021,acfrgf_general_government,final,27.303,musd,acfrocr
2021,acfrgf_general_property_taxes,actual,42.776,musd,acfrocr
2021,acfrgf_general_property_taxes,adopted,42.816,musd,acfrocr
2021,acfrgf_general_property_taxes,final,42.816,musd,acfrocr
2021,acfrgf_housing_and_human_services,actual,10.147,musd,acfrocr
2021,acfrgf_housing_and_human_services,adopted,11.403,musd,acfrocr
2021,acfrgf_housing_and_human_services,final,14.372,musd,acfrocr
2021,acfrgf_interest,actual,0.701,musd,acfrocr
2021,acfrgf_interest,adopted,1.612,musd,acfrocr
2021,acfrgf_interest,final,1.612,musd,acfrocr
2021,acfrgf_interest_and_investment_earnings,actual,0.472,musd,acfrocr
2021,acfrgf_interest_and_investment_earnings,adopted,0.9,musd,acfrocr
2021,acfrgf_interest_and_investment_earnings,final,0.9,musd,acfrocr
2021,acfrgf_intergovernmental,actual,6.474,musd,acfrocr
2021,acfrgf_intergovernmental,adopted,1.651,musd,acfrocr
2021,acfrgf_intergovernmental,final,2.48,musd,acfrocr
2021,acfrgf_leases_rents_and_royalties,actual,0.104,musd,acfrocr
2021,acfrgf_leases_rents_and_royalties,adopted,0.19,musd,acfrocr
2021,acfrgf_leases_rents_and_royalties,final,0.19,musd,acfrocr
2021,acfrgf_licenses_permits_and_fines,actual,5.276,musd,acfrocr
2021,acfrgf_licenses_permits_and_fines,adopted,6.076,musd,acfrocr
2021,acfrgf_licenses_permits_and_fines,final,6.076,musd,acfrocr
2021,acfrgf_long_term_notes_issued,actual,26.795,musd,acfrocr
2021,acfrgf_net_change_in_fund_balance,actual,5.946,musd,acfrocr
2021,acfrgf_net_change_in_fund_balance,adopted,1.661,musd,acfrocr
2021,acfrgf_net_change_in_fund_balance,final,-50.02,musd,acfrocr
2021,acfrgf_occupation_taxes,actual,10.052,musd,acfrocr
2021,acfrgf_occupation_taxes,adopted,10.189,musd,acfrocr
2021,acfrgf_occupation_taxes,final,10.189,musd,acfrocr
2021,acfrgf_other,actual,2.649,musd,acfrocr
2021,acfrgf_other,adopted,1.589,musd,acfrocr
2021,acfrgf_other,final,1.731,musd,acfrocr
2021,acfrgf_payment_to_refunding_bond_escrow_agent,actual,-26.713,musd,acfrocr
2021,acfrgf_planning_development_services,actual,2.918,musd,acfrocr
2021,acfrgf_planning_development_services,adopted,2.442,musd,acfrocr
2021,acfrgf_planning_development_services,final,3.584,musd,acfrocr
2021,acfrgf_principal,actual,3.995,musd,acfrocr
2021,acfrgf_principal,adopted,3.47,musd,acfrocr
2021,acfrgf_principal,final,3.47,musd,acfrocr
2021,acfrgf_proceeds_from_sale_of_capital_asset,actual,0.495,musd,acfrocr
2021,acfrgf_public_safety,actual,60.81,musd,acfrocr
2021,acfrgf_public_safety,adopted,58.87,musd,acfrocr
2021,acfrgf_public_safety,final,62.899,musd,acfrocr
2021,acfrgf_public_works,actual,11.092,musd,acfrocr
2021,acfrgf_public_works,adopted,5.78,musd,acfrocr
2021,acfrgf_public_works,final,19.335,musd,acfrocr
2021,acfrgf_sale_of_goods,actual,0.044,musd,acfrocr
2021,acfrgf_sale_of_goods,adopted,0.076,musd,acfrocr
2021,acfrgf_sale_of_goods,final,0.076,musd,acfrocr
2021,acfrgf_sales_and_use_taxes,actual,73.447,musd,acfrocr
2021,acfrgf_sales_and_use_taxes,adopted,60.033,musd,acfrocr
2021,acfrgf_sales_and_use_taxes,final,60.033,musd,acfrocr
2021,acfrgf_specific_ownership_tobacco_taxes,actual,2.68,musd,acfrocr
2021,acfrgf_specific_ownership_tobacco_taxes,adopted,2.367,musd,acfrocr
2021,acfrgf_specific_ownership_tobacco_taxes,final,2.367,musd,acfrocr
2021,acfrgf_total_expenditures,actual,150.783,musd,acfrocr
2021,acfrgf_total_expenditures,adopted,133.449,musd,acfrocr
2021,acfrgf_total_expenditures,final,189.65,musd,acfrocr
2021,acfrgf_total_other_financing_sources_uses,actual,-0.054,musd,acfrocr
2021,acfrgf_total_other_financing_sources_uses,adopted,-3.616,musd,acfrocr
2021,acfrgf_total_other_financing_sources_uses,final,-0.03,musd,acfrocr
2021,acfrgf_total_revenues,actual,156.783,musd,acfrocr
2021,acfrgf_total_revenues,adopted,138.726,musd,acfrocr
2021,acfrgf_total_revenues,final,139.66,musd,acfrocr
2021,acfrgf_transfers_in,actual,18.686,musd,acfrocr
2021,acfrgf_transfers_in,adopted,11.22,musd,acfrocr
2021,acfrgf_transfers_in,final,16.09,musd,acfrocr
2021,acfrgf_transfers_out,actual,-19.317,musd,acfrocr
2021,acfrgf_transfers_out,adopted,-14.836,musd,acfrocr
2021,acfrgf_transfers_out,final,-16.12,musd,acfrocr
2021,budget_capital,adopted,69.426,musd,booksocr
2021,budget_general_fund,adopted,146.3,musd,books
2021,budget_general_fund_revenue,adopted,147.3,musd,books
2021,budget_operating,adopted,272.318,musd,booksocr
2021,budget_operating_dedicated,adopted,151.642,musd,booksocr
2021,budget_operating_general,adopted,120.676,musd,booksocr
2021,budget_total,adopted,341.744,musd,books
2021,deptexp_administration,adopted,44.401,musd,books
2021,deptexp_community_services,adopted,29.305,musd,books
2021,deptexp_infrastructure,adopted,134.253,musd,books
2021,deptexp_parks_openspace,adopted,56.781,musd,books
2021,deptexp_planning_climate,adopted,18.791,musd,books
2021,deptexp_public_safety,adopted,58.212,musd,books
2021,ftebucket_administration,adopted,177.35,fte,acfr
2021,ftebucket_community_services,adopted,105.63,fte,acfr
2021,ftebucket_infrastructure,adopted,311.91,fte,acfr
2021,ftebucket_parks_openspace,adopted,249.17,fte,acfr
2021,ftebucket_planning_climate,adopted,104.64,fte,acfr
2021,ftebucket_public_safety,adopted,398.6,fte,acfr
2021,ftefunc_arts,adopted,3.5,fte,acfrocr
2021,ftefunc_city_attorney,adopted,26.0,fte,acfrocr
2021,ftefunc_city_manager_administration,adopted,14.0,fte,acfrocr
2021,ftefunc_city_manager_communications,adopted,16.25,fte,acfrocr
2021,ftefunc_city_manager_community_vitality,adopted,41.88,fte,acfrocr
2021,ftefunc_community_planning_and_sustainability,adopted,32.3,fte,acfrocr
2021,ftefunc_development,adopted,55.84,fte,acfr
2021,ftefunc_energy_strategy_electric_utility,adopted,16.5,fte,acfrocr
2021,ftefunc_facility_asset_management,adopted,21.04,fte,acfrocr
2021,ftefunc_finance,adopted,44.0,fte,acfrocr
2021,ftefunc_fire,adopted,118.0,fte,acfrocr
2021,ftefunc_fleet,adopted,12.4,fte,acfrocr
2021,ftefunc_housing,adopted,9.59,fte,acfrocr
2021,ftefunc_human_resources,adopted,22.0,fte,acfrocr
2021,ftefunc_human_services,adopted,30.81,fte,acfrocr
2021,ftefunc_information_technology,adopted,39.0,fte,acfrocr
2021,ftefunc_library,adopted,61.73,fte,acfrocr
2021,ftefunc_municipal_court,adopted,16.1,fte,acfrocr
2021,ftefunc_open_space_mountain_parks,adopted,125.65,fte,acfrocr
2021,ftefunc_parks_and_recreation,adopted,123.52,fte,acfrocr
2021,ftefunc_police,adopted,280.6,fte,acfrocr
2021,ftefunc_total,adopted,1347.3,fte,acfrocr
2021,ftefunc_transportation,adopted,70.52,fte,acfrocr
2021,ftefunc_utilities,adopted,166.07,fte,acfrocr
2021,net_revenues_less_expenses,actual,58.648425,musd,snapshot2023
2021,property_assessed_value,actual,4038.453,musd,acfr
2021,property_tax_revenue,actual,47.945,musd,acfr
2021,revenue_intergovernmental,adopted,9.716,musd,booksocr
2021,revenue_other_unmapped,adopted,75.869,musd,booksocr
2021,revenue_property_tax,adopted,50.267,musd,booksocr
2021,revenue_sales_use_tax,adopted,129.93,musd,booksocr
2021,revenue_total,adopted,337.7,musd,booksocr
2021,revenue_utility,adopted,71.918,musd,booksocr
2021,salestaxrate_direct_city,actual,3.86,pct,acfrocr
2021,salestaxrate_food_service,actual,0.15,pct,acfrocr
2021,salestaxrate_total_direct_city,actual,4.01,pct,acfrocr
2021,salesuse_total,actual,154.694,musd,acfr
2021,sources_revenue_accommodation_admission_tax,actual,7.795783,musd,snapshot2023
2021,sources_revenue_charges_for_services,actual,5.427693,musd,snapshot2023
2021,sources_revenue_cost_allocation,actual,11.455827,musd,snapshot2023
2021,sources_revenue_development_impact_fees,actual,20.139445,musd,snapshot2023
2021,sources_revenue_franchise_fees,actual,0.919275,musd,snapshot2023
2021,sources_revenue_grants,actual,4.819318,musd,snapshot2023
2021,sources_revenue_intergovernmental,actual,16.527977,musd,snapshot2023
2021,sources_revenue_intragovernmental_charges,actual,22.709384,musd,snapshot2023
2021,sources_revenue_investment_earnings_bonds,actual,8.444586,musd,snapshot2023
2021,sources_revenue_leases_rents_royalties,actual,9.242514,musd,snapshot2023
2021,sources_revenue_licenses_permits_fines,actual,12.927754,musd,snapshot2023
2021,sources_revenue_misc_sales_materials_goods,actual,9.145467,musd,snapshot2023
2021,sources_revenue_other,actual,33.539525,musd,snapshot2023
2021,sources_revenue_property_tax,actual,49.756122,musd,snapshot2023
2021,sources_revenue_sales_use_tax,actual,152.231769,musd,snapshot2023
2021,sources_revenue_specific_ownership_tobacco,actual,2.788293,musd,snapshot2023
2021,sources_revenue_total,actual,472.32985,musd,snapshot2023
2021,sources_revenue_transfers_in,actual,30.151267,musd,snapshot2023
2021,sources_revenue_utility,actual,74.307851,musd,snapshot2023
2021,staffing_fte,adopted,1375.83,fte,books
2021,staffing_fte,restated,1402.2,fte,books
2021,taxablesales_all_other,actual,586.847,musd,acfrocr
2021,taxablesales_apparel_stores,actual,127.311,musd,acfrocr
2021,taxablesales_automotive_trade,actual,332.835,musd,acfrocr
2021,taxablesales_building_material_retail,actual,146.375,musd,acfrocr
2021,taxablesales_computer_related_business_sector,actual,284.801,musd,acfrocr
2021,taxablesales_constructions_firms_sales_use_tax,actual,276.028,musd,acfrocr
2021,taxablesales_consumer_electronics,actual,131.596,musd,acfrocr
2021,taxablesales_eating_places,actual,420.555,musd,acfrocr
2021,taxablesales_food_stores,actual,512.509,musd,acfrocr
2021,taxablesales_general_retail,actual,888.508,musd,acfrocr
2021,taxablesales_home_furnishings,actual,70.312,musd,acfrocr
2021,taxablesales_total,actual,4007.617,musd,acfrocr
2021,taxablesales_transportation_utilities,actual,229.94,musd,acfrocr
2021,uses_expense_capital,actual,56.51875,musd,snapshot2023
2021,uses_expense_debt_service,actual,28.616988,musd,snapshot2023
2021,uses_expense_internal_services,actual,20.016651,musd,snapshot2023
2021,uses_expense_operating,actual,114.992085,musd,snapshot2023
2021,uses_expense_personnel,actual,151.929858,musd,snapshot2023
2021,uses_expense_total,actual,413.681426,musd,snapshot2023
2021,uses_expense_transfers,actual,41.607094,musd,snapshot2023
2022,acfrgf_accommodations_taxes,actual,10.894,musd,acfr
2022,acfrgf_accommodations_taxes,adopted,8.839,musd,acfr
2022,acfrgf_accommodations_taxes,final,8.839,musd,acfr
2022,acfrgf_administrative_services,actual,28.047,musd,acfr
2022,acfrgf_administrative_services,adopted,20.417,musd,acfr
2022,acfrgf_administrative_services,final,39.371,musd,acfr
2022,acfrgf_charges_for_services,actual,4.319,musd,acfr
2022,acfrgf_charges_for_services,adopted,6.148,musd,acfr
2022,acfrgf_charges_for_services,final,6.148,musd,acfr
2022,acfrgf_culture_and_recreation,actual,16.811,musd,acfr
2022,acfrgf_culture_and_recreation,adopted,15.519,musd,acfr
2022,acfrgf_culture_and_recreation,final,18.456,musd,acfr
2022,acfrgf_excess_deficiency_of_revenues_over_under_expenditures,actual,-2.907,musd,acfrocr
2022,acfrgf_excess_deficiency_of_revenues_over_under_expenditures,adopted,9.631,musd,acfrocr
2022,acfrgf_excess_deficiency_of_revenues_over_under_expenditures,final,-48.942,musd,acfrocr
2022,acfrgf_excise_taxes,actual,0.771,musd,acfr
2022,acfrgf_excise_taxes,adopted,1.087,musd,acfr
2022,acfrgf_excise_taxes,final,1.087,musd,acfr
2022,acfrgf_general_government,actual,22.743,musd,acfr
2022,acfrgf_general_government,adopted,21.194,musd,acfr
2022,acfrgf_general_government,final,31.508,musd,acfr
2022,acfrgf_general_property_taxes,actual,45.627,musd,acfr
2022,acfrgf_general_property_taxes,adopted,45.156,musd,acfr
2022,acfrgf_general_property_taxes,final,45.156,musd,acfr
2022,acfrgf_housing_and_human_services,actual,11.669,musd,acfr
2022,acfrgf_housing_and_human_services,adopted,12.806,musd,acfr
2022,acfrgf_housing_and_human_services,final,18.171,musd,acfr
2022,acfrgf_interest,actual,0.667,musd,acfr
2022,acfrgf_interest,adopted,0.529,musd,acfr
2022,acfrgf_interest,final,0.977,musd,acfr
2022,acfrgf_interest_and_investment_earnings,actual,1.044,musd,acfr
2022,acfrgf_interest_and_investment_earnings,adopted,0.9,musd,acfr
2022,acfrgf_interest_and_investment_earnings,final,0.9,musd,acfr
2022,acfrgf_intergovernmental,actual,5.566,musd,acfr
2022,acfrgf_intergovernmental,adopted,2.127,musd,acfr
2022,acfrgf_intergovernmental,final,4.272,musd,acfr
2022,acfrgf_leases_rents_and_royalties,actual,0.11,musd,acfr
2022,acfrgf_leases_rents_and_royalties,adopted,0.18,musd,acfr
2022,acfrgf_leases_rents_and_royalties,final,0.18,musd,acfr
2022,acfrgf_licenses_permits_and_fines,actual,5.905,musd,acfr
2022,acfrgf_licenses_permits_and_fines,adopted,6.615,musd,acfr
2022,acfrgf_licenses_permits_and_fines,final,6.615,musd,acfr
2022,acfrgf_net_change_in_fund_balance,actual,-9.298,musd,acfr
2022,acfrgf_net_change_in_fund_balance,adopted,2.923,musd,acfr
2022,acfrgf_net_change_in_fund_balance,final,-58.45,musd,acfr
2022,acfrgf_occupation_taxes,actual,10.44,musd,acfr
2022,acfrgf_occupation_taxes,adopted,9.6,musd,acfr
2022,acfrgf_occupation_taxes,final,9.6,musd,acfr
2022,acfrgf_other,actual,5.135,musd,acfr
2022,acfrgf_other,adopted,1.03,musd,acfr
2022,acfrgf_other,final,1.131,musd,acfr
2022,acfrgf_planning_development_services,actual,2.85,musd,acfr
2022,acfrgf_planning_development_services,adopted,2.556,musd,acfr
2022,acfrgf_planning_development_services,final,3.716,musd,acfr
2022,acfrgf_principal,actual,4.119,musd,acfr
2022,acfrgf_principal,adopted,1.195,musd,acfr
2022,acfrgf_principal,final,4.369,musd,acfr
2022,acfrgf_proceeds_from_sale_of_capital_asset,actual,0.517,musd,acfr
2022,acfrgf_public_safety,actual,70.196,musd,acfr
2022,acfrgf_public_safety,adopted,64.321,musd,acfr
2022,acfrgf_public_safety,final,72.744,musd,acfr
2022,acfrgf_public_works,actual,19.334,musd,acfr
2022,acfrgf_public_works,adopted,10.161,musd,acfr
2022,acfrgf_public_works,final,20.205,musd,acfr
2022,acfrgf_sale_of_goods,actual,0.093,musd,acfr
2022,acfrgf_sale_of_goods,adopted,0.078,musd,acfr
2022,acfrgf_sale_of_goods,final,0.078,musd,acfr
2022,acfrgf_sales_and_use_taxes,actual,81.136,musd,acfr
2022,acfrgf_sales_and_use_taxes,adopted,73.685,musd,acfr
2022,acfrgf_sales_and_use_taxes,final,73.685,musd,acfr
2022,acfrgf_specific_ownership_tobacco_taxes,actual,2.489,musd,acfr
2022,acfrgf_specific_ownership_tobacco_taxes,adopted,2.884,musd,acfr
2022,acfrgf_specific_ownership_tobacco_taxes,final,2.884,musd,acfr
2022,acfrgf_total_expenditures,actual,176.436,musd,acfr
2022,acfrgf_total_expenditures,adopted,148.698,musd,acfr
2022,acfrgf_total_expenditures,final,209.517,musd,acfr
2022,acfrgf_total_other_financing_sources_uses,actual,-6.391,musd,acfr
2022,acfrgf_total_other_financing_sources_uses,adopted,-6.708,musd,acfr
2022,acfrgf_total_other_financing_sources_uses,final,-9.508,musd,acfr
2022,acfrgf_total_revenues,actual,173.529,musd,acfr
2022,acfrgf_total_revenues,adopted,158.329,musd,acfr
2022,acfrgf_total_revenues,final,160.575,musd,acfr
2022,acfrgf_transfers_in,actual,12.914,musd,acfr
2022,acfrgf_transfers_in,adopted,13.555,musd,acfr
2022,acfrgf_transfers_in,final,12.914,musd,acfr
2022,acfrgf_transfers_out,actual,-19.822,musd,acfr
2022,acfrgf_transfers_out,adopted,-20.263,musd,acfr
2022,acfrgf_transfers_out,final,-22.422,musd,acfr
2022,budget_capital,adopted,162.425,musd,booksocr
2022,budget_general_fund,adopted,164.657,musd,books
2022,budget_general_fund_revenue,adopted,166.602,musd,books
2022,budget_operating,adopted,300.094,musd,booksocr
2022,budget_operating_dedicated,adopted,165.948,musd,booksocr
2022,budget_operating_general,adopted,134.145,musd,booksocr
2022,budget_total,adopted,462.519,musd,books
2022,deptexp_administration,adopted,44.772,musd,books
2022,deptexp_community_services,adopted,34.46,musd,books
2022,deptexp_infrastructure,adopted,239.622,musd,books
2022,deptexp_parks_openspace,adopted,59.181,musd,books
2022,deptexp_planning_climate,adopted,20.577,musd,books
2022,deptexp_public_safety,adopted,63.907,musd,books
2022,ftebucket_administration,adopted,194.08,fte,acfr
2022,ftebucket_community_services,adopted,126.85,fte,acfr
2022,ftebucket_infrastructure,adopted,347.91,fte,acfr
2022,ftebucket_parks_openspace,adopted,261.35,fte,acfr
2022,ftebucket_planning_climate,adopted,111.36,fte,acfr
2022,ftebucket_public_safety,adopted,421.9,fte,acfr
2022,ftefunc_city_attorney,adopted,24.0,fte,acfr
2022,ftefunc_city_manager_administration,adopted,17.73,fte,acfr
2022,ftefunc_city_manager_communications,adopted,20.5,fte,acfr
2022,ftefunc_city_manager_community_vitality,adopted,45.63,fte,acfr
2022,ftefunc_climate_initiatives,adopted,19.0,fte,acfr
2022,ftefunc_community_planning_and_sustainability,adopted,11.15,fte,acfr
2022,ftefunc_development,adopted,81.21,fte,acfr
2022,ftefunc_facility_asset_management,adopted,29.39,fte,acfrocr
2022,ftefunc_finance,adopted,45.0,fte,acfr
2022,ftefunc_fire,adopted,133.0,fte,acfr
2022,ftefunc_fleet,adopted,12.8,fte,acfr
2022,ftefunc_housing_and_human_services,adopted,49.1,fte,acfr
2022,ftefunc_human_resources,adopted,24.0,fte,acfr
2022,ftefunc_information_technology,adopted,46.5,fte,acfr
2022,ftefunc_library,adopted,77.75,fte,acfr
2022,ftefunc_municipal_court,adopted,16.35,fte,acfr
2022,ftefunc_open_space_mountain_parks,adopted,127.35,fte,acfr
2022,ftefunc_parks_and_recreation,adopted,134.0,fte,acfr
2022,ftefunc_police,adopted,288.9,fte,acfr
2022,ftefunc_total,adopted,1463.45,fte,acfr
2022,ftefunc_transportation,adopted,81.52,fte,acfr
2022,ftefunc_utilities,adopted,178.57,fte,acfr
2022,net_revenues_less_expenses,adopted,11.824986,musd,snapshot2023
2022,property_assessed_value,actual,4281.858,musd,acfrocr
2022,property_tax_revenue,actual,51.558,musd,acfr
2022,revenue_intergovernmental,adopted,15.286,musd,booksocr
2022,revenue_other_unmapped,adopted,185.493,musd,booksocr
2022,revenue_property_tax,adopted,53.117,musd,booksocr
2022,revenue_sales_use_tax,adopted,141.002,musd,booksocr
2022,revenue_total,adopted,471.372,musd,booksocr
2022,revenue_utility,adopted,76.474,musd,booksocr
2022,salestaxrate_direct_city,actual,3.86,pct,acfr
2022,salestaxrate_food_service,actual,0.15,pct,acfr
2022,salestaxrate_total_direct_city,actual,4.01,pct,acfr
2022,salesuse_audits_sales,actual,0.08,musd,forecast2026
2022,salesuse_audits_use,actual,0.55,musd,forecast2026
2022,salesuse_construction_use,actual,12.91,musd,forecast2026
2022,salesuse_consumer_business_use,actual,12.11,musd,forecast2026
2022,salesuse_motor_vehicle_use,actual,6.07,musd,forecast2026
2022,salesuse_rec_marijuana_addl,actual,1.71,musd,forecast2026
2022,salesuse_retail,actual,135.68,musd,forecast2026
2022,salesuse_total,actual,171.335,musd,acfr
2022,sources_revenue_accommodation_admission_tax,adopted,8.838844,musd,snapshot2023
2022,sources_revenue_charges_for_services,adopted,6.607609,musd,snapshot2023
2022,sources_revenue_cost_allocation,adopted,11.048774,musd,snapshot2023
2022,sources_revenue_development_impact_fees,adopted,14.831983,musd,snapshot2023
2022,sources_revenue_franchise_fees,adopted,1.033332,musd,snapshot2023
2022,sources_revenue_grants,adopted,3.067473,musd,snapshot2023
2022,sources_revenue_intergovernmental,adopted,15.285634,musd,snapshot2023
2022,sources_revenue_intragovernmental_charges,adopted,40.718659,musd,snapshot2023
2022,sources_revenue_investment_earnings_bonds,adopted,96.474638,musd,snapshot2023
2022,sources_revenue_leases_rents_royalties,adopted,8.588875,musd,snapshot2023
2022,sources_revenue_licenses_permits_fines,adopted,14.722525,musd,snapshot2023
2022,sources_revenue_misc_sales_materials_goods,adopted,1.560516,musd,snapshot2023
2022,sources_revenue_other,adopted,33.150725,musd,snapshot2023
2022,sources_revenue_property_tax,adopted,53.0092,musd,snapshot2023
2022,sources_revenue_sales_use_tax,adopted,141.001909,musd,snapshot2023
2022,sources_revenue_specific_ownership_tobacco,adopted,2.993454,musd,snapshot2023
2022,sources_revenue_total,adopted,553.452986,musd,snapshot2023
2022,sources_revenue_transfers_in,adopted,22.124637,musd,snapshot2023
2022,sources_revenue_utility,adopted,78.3942,musd,snapshot2023
2022,staffing_fte,adopted,1460.71,fte,books
2022,staffing_fte,restated,1491.71,fte,booksocr
2022,taxablesales_all_other,actual,646.944,musd,acfr
2022,taxablesales_apparel_stores,actual,139.64,musd,acfr
2022,taxablesales_automotive_trade,actual,334.428,musd,acfr
2022,taxablesales_building_material_retail,actual,153.326,musd,acfr
2022,taxablesales_computer_related_business_sector,actual,385.621,musd,acfr
2022,taxablesales_constructions_firms_sales_use_tax,actual,374.869,musd,acfr
2022,taxablesales_consumer_electronics,actual,122.343,musd,acfr
2022,taxablesales_eating_places,actual,488.476,musd,acfr
2022,taxablesales_food_stores,actual,559.66,musd,acfr
2022,taxablesales_general_retail,actual,914.56,musd,acfr
2022,taxablesales_home_furnishings,actual,76.183,musd,acfr
2022,taxablesales_total,actual,4438.732,musd,acfr
2022,taxablesales_transportation_utilities,actual,242.682,musd,acfr
2022,uses_expense_capital,adopted,161.968657,musd,snapshot2023
2022,uses_expense_debt_service,adopted,31.4133,musd,snapshot2023
2022,uses_expense_internal_services,adopted,36.803136,musd,snapshot2023
2022,uses_expense_operating,adopted,104.930558,musd,snapshot2023
2022,uses_expense_personnel,adopted,173.338936,musd,snapshot2023
2022,uses_expense_total,adopted,541.628,musd,snapshot2023
2022,uses_expense_transfers,adopted,33.173414,musd,snapshot2023
2023,acfrgf_accommodations_taxes,actual,12.264,musd,acfrocr
2023,acfrgf_accommodations_taxes,adopted,10.292,musd,acfrocr
2023,acfrgf_accommodations_taxes,final,11.461,musd,acfrocr
2023,acfrgf_administrative_services,actual,28.433,musd,acfrocr
2023,acfrgf_administrative_services,adopted,26.39,musd,acfrocr
2023,acfrgf_administrative_services,final,38.698,musd,acfrocr
2023,acfrgf_charges_for_services,actual,4.867,musd,acfrocr
2023,acfrgf_charges_for_services,adopted,4.787,musd,acfrocr
2023,acfrgf_charges_for_services,final,4.543,musd,acfrocr
2023,acfrgf_culture_and_recreation,actual,18.022,musd,acfrocr
2023,acfrgf_culture_and_recreation,adopted,16.852,musd,acfrocr
2023,acfrgf_culture_and_recreation,final,21.239,musd,acfrocr
2023,acfrgf_excess_deficiency_of_revenues_over_under_expenditures,actual,-21.982,musd,acfrocr
2023,acfrgf_excess_deficiency_of_revenues_over_under_expenditures,adopted,-10.478,musd,acfrocr
2023,acfrgf_excess_deficiency_of_revenues_over_under_expenditures,final,-66.747,musd,acfrocr
2023,acfrgf_excise_taxes,actual,0.264,musd,acfrocr
2023,acfrgf_excise_taxes,adopted,1.098,musd,acfrocr
2023,acfrgf_excise_taxes,final,0.415,musd,acfrocr
2023,acfrgf_general_government,actual,30.969,musd,acfrocr
2023,acfrgf_general_government,adopted,31.22,musd,acfrocr
2023,acfrgf_general_government,final,45.412,musd,acfrocr
2023,acfrgf_general_property_taxes,actual,44.981,musd,acfrocr
2023,acfrgf_general_property_taxes,adopted,45.381,musd,acfrocr
2023,acfrgf_general_property_taxes,final,44.526,musd,acfrocr
2023,acfrgf_housing_and_human_services,actual,16.064,musd,acfrocr
2023,acfrgf_housing_and_human_services,adopted,17.095,musd,acfrocr
2023,acfrgf_housing_and_human_services,final,22.106,musd,acfrocr
2023,acfrgf_interest,actual,0.464,musd,acfrocr
2023,acfrgf_interest,adopted,0.456,musd,acfrocr
2023,acfrgf_interest,final,0.456,musd,acfrocr
2023,acfrgf_interest_and_investment_earnings,actual,3.189,musd,acfrocr
2023,acfrgf_interest_and_investment_earnings,adopted,0.928,musd,acfrocr
2023,acfrgf_interest_and_investment_earnings,final,1.528,musd,acfrocr
2023,acfrgf_intergovernmental,actual,8.906,musd,acfrocr
2023,acfrgf_intergovernmental,adopted,2.477,musd,acfrocr
2023,acfrgf_intergovernmental,final,5.866,musd,acfrocr
2023,acfrgf_leases_rents_and_royalties,actual,0.113,musd,acfrocr
2023,acfrgf_leases_rents_and_royalties,adopted,0.24,musd,acfrocr
2023,acfrgf_leases_rents_and_royalties,final,0.079,musd,acfrocr
2023,acfrgf_licenses_permits_and_fines,actual,5.842,musd,acfrocr
2023,acfrgf_licenses_permits_and_fines,adopted,6.538,musd,acfrocr
2023,acfrgf_licenses_permits_and_fines,final,5.691,musd,acfrocr
2023,acfrgf_net_change_in_fund_balance,actual,-30.805,musd,acfrocr
2023,acfrgf_net_change_in_fund_balance,adopted,-15.196,musd,acfrocr
2023,acfrgf_net_change_in_fund_balance,final,-74.927,musd,acfrocr
2023,acfrgf_occupation_taxes,actual,8.452,musd,acfrocr
2023,acfrgf_occupation_taxes,adopted,9.885,musd,acfrocr
2023,acfrgf_occupation_taxes,final,8.352,musd,acfrocr
2023,acfrgf_other,actual,3.506,musd,acfrocr
2023,acfrgf_other,adopted,1.55,musd,acfrocr
2023,acfrgf_other,final,3.189,musd,acfrocr
2023,acfrgf_planning_development_services,actual,3.097,musd,acfrocr
2023,acfrgf_planning_development_services,adopted,3.321,musd,acfrocr
2023,acfrgf_planning_development_services,final,3.644,musd,acfrocr
2023,acfrgf_principal,actual,5.29,musd,acfrocr
2023,acfrgf_principal,adopted,3.923,musd,acfrocr
2023,acfrgf_principal,final,3.923,musd,acfrocr
2023,acfrgf_proceeds_from_sale_of_capital_asset,actual,1.335,musd,acfrocr
2023,acfrgf_proceeds_from_sale_of_capital_asset,adopted,2.0,musd,acfrocr
2023,acfrgf_proceeds_from_sale_of_capital_asset,final,2.0,musd,acfrocr
2023,acfrgf_public_safety,actual,74.016,musd,acfrocr
2023,acfrgf_public_safety,adopted,67.356,musd,acfrocr
2023,acfrgf_public_safety,final,75.99,musd,acfrocr
2023,acfrgf_public_works,actual,24.775,musd,acfrocr
2023,acfrgf_public_works,adopted,13.14,musd,acfrocr
2023,acfrgf_public_works,final,25.805,musd,acfrocr
2023,acfrgf_sale_of_goods,actual,0.119,musd,acfrocr
2023,acfrgf_sale_of_goods,adopted,0.131,musd,acfrocr
2023,acfrgf_sale_of_goods,final,0.105,musd,acfrocr
2023,acfrgf_sales_and_use_taxes,actual,84.106,musd,acfrocr
2023,acfrgf_sales_and_use_taxes,adopted,83.032,musd,acfrocr
2023,acfrgf_sales_and_use_taxes,final,82.33,musd,acfrocr
2023,acfrgf_specific_ownership_tobacco_taxes,actual,2.539,musd,acfrocr
2023,acfrgf_specific_ownership_tobacco_taxes,adopted,2.936,musd,acfrocr
2023,acfrgf_specific_ownership_tobacco_taxes,final,2.441,musd,acfrocr
2023,acfrgf_total_expenditures,actual,201.13,musd,acfrocr
2023,acfrgf_total_expenditures,adopted,179.753,musd,acfrocr
2023,acfrgf_total_expenditures,final,237.273,musd,acfrocr
2023,acfrgf_total_other_financing_sources_uses,actual,-8.823,musd,acfrocr
2023,acfrgf_total_other_financing_sources_uses,adopted,-4.718,musd,acfrocr
2023,acfrgf_total_other_financing_sources_uses,final,-8.18,musd,acfrocr
2023,acfrgf_total_revenues,actual,179.148,musd,acfrocr
2023,acfrgf_total_revenues,adopted,169.275,musd,acfrocr
2023,acfrgf_total_revenues,final,170.526,musd,acfrocr
2023,acfrgf_transfers_in,actual,19.755,musd,acfrocr
2023,acfrgf_transfers_in,adopted,9.13,musd,acfrocr
2023,acfrgf_transfers_in,final,19.755,musd,acfrocr
2023,acfrgf_transfers_out,actual,-29.913,musd,acfrocr
2023,acfrgf_transfers_out,adopted,-15.848,musd,acfrocr
2023,acfrgf_transfers_out,final,-29.935,musd,acfrocr
2023,budget_capital,adopted,160.8,musd,forecast2026
2023,budget_general_fund,adopted,188.4,musd,books
2023,budget_general_fund_revenue,adopted,180.5,musd,books
2023,budget_operating,adopted,354.6,musd,forecast2026
2023,budget_total,adopted,515.4,musd,forecast2026
2023,ftebucket_administration,adopted,211.53,fte,acfr
2023,ftebucket_community_services,adopted,132.0,fte,acfr
2023,ftebucket_infrastructure,adopted,351.88,fte,acfr
2023,ftebucket_parks_openspace,adopted,263.35,fte,acfr
2023,ftebucket_planning_climate,adopted,107.9,fte,acfr
2023,ftebucket_public_safety,adopted,421.05,fte,acfr
2023,ftefunc_city_attorney,adopted,25.0,fte,acfr
2023,ftefunc_city_manager_administration,adopted,18.73,fte,acfr
2023,ftefunc_city_manager_communications,adopted,28.25,fte,acfr
2023,ftefunc_city_manager_community_vitality,adopted,46.88,fte,acfr
2023,ftefunc_climate_initiatives,adopted,18.0,fte,acfr
2023,ftefunc_community_planning_and_sustainability,adopted,34.68,fte,acfrocr
2023,ftefunc_development,adopted,55.22,fte,acfr
2023,ftefunc_finance,adopted,47.0,fte,acfr
2023,ftefunc_fire,adopted,134.0,fte,acfr
2023,ftefunc_fleet,adopted,44.17,fte,acfr
2023,ftefunc_housing,adopted,14.59,fte,acfr
2023,ftefunc_human_resources,adopted,28.0,fte,acfr
2023,ftefunc_human_services,adopted,42.41,fte,acfrocr
2023,ftefunc_information_technology,adopted,48.2,fte,acfr
2023,ftefunc_library,adopted,75.0,fte,acfr
2023,ftefunc_municipal_court,adopted,16.35,fte,acfr
2023,ftefunc_open_space_mountain_parks,adopted,128.35,fte,acfr
2023,ftefunc_parks_and_recreation,adopted,135.0,fte,acfr
2023,ftefunc_police,adopted,287.05,fte,acfr
2023,ftefunc_total,adopted,1487.71,fte,acfr
2023,ftefunc_transportation,adopted,89.86,fte,acfr
2023,ftefunc_utilities,adopted,170.97,fte,acfr
2023,net_revenues_less_expenses,total_budget,-23.246022,musd,snapshot2023
2023,property_assessed_value,actual,4227.302,musd,acfr
2023,property_tax_revenue,actual,49.283,musd,acfrocr
2023,revenue_intergovernmental,adopted,24.647,musd,books
2023,revenue_other_unmapped,adopted,157.768,musd,books
2023,revenue_property_tax,adopted,53.052,musd,books
2023,revenue_sales_use_tax,adopted,173.349,musd,books
2023,revenue_total,adopted,492.0,musd,books
2023,revenue_utility,adopted,83.184,musd,books
2023,salestaxrate_direct_city,actual,3.86,pct,acfrocr
2023,salestaxrate_food_service,actual,0.15,pct,acfrocr
2023,salestaxrate_total_direct_city,actual,4.01,pct,acfrocr
2023,salesuse_audits_sales,actual,1.62,musd,forecast2026
2023,salesuse_audits_use,actual,1.5,musd,forecast2026
2023,salesuse_construction_use,actual,16.54,musd,forecast2026
2023,salesuse_consumer_business_use,actual,10.29,musd,forecast2026
2023,salesuse_motor_vehicle_use,actual,6.45,musd,forecast2026
2023,salesuse_rec_marijuana_addl,actual,1.39,musd,forecast2026
2023,salesuse_retail,actual,137.73,musd,forecast2026
2023,salesuse_total,actual,178.213,musd,acfrocr
2023,sources_revenue_accommodation_admission_tax,total_budget,10.292147,musd,snapshot2023
2023,sources_revenue_charges_for_services,total_budget,8.330373,musd,snapshot2023
2023,sources_revenue_cost_allocation,total_budget,12.741197,musd,snapshot2023
2023,sources_revenue_development_impact_fees,total_budget,19.255139,musd,snapshot2023
2023,sources_revenue_franchise_fees,total_budget,5.541814,musd,snapshot2023
2023,sources_revenue_grants,total_budget,6.757248,musd,snapshot2023
2023,sources_revenue_intergovernmental,total_budget,24.646751,musd,snapshot2023
2023,sources_revenue_intragovernmental_charges,total_budget,46.625767,musd,snapshot2023
2023,sources_revenue_investment_earnings_bonds,total_budget,52.894429,musd,snapshot2023
2023,sources_revenue_leases_rents_royalties,total_budget,9.471736,musd,snapshot2023
2023,sources_revenue_licenses_permits_fines,total_budget,14.921153,musd,snapshot2023
2023,sources_revenue_misc_sales_materials_goods,total_budget,5.421235,musd,snapshot2023
2023,sources_revenue_other,total_budget,26.704205,musd,snapshot2023
2023,sources_revenue_property_tax,total_budget,53.051677,musd,snapshot2023
2023,sources_revenue_sales_use_tax,total_budget,173.348612,musd,snapshot2023
2023,sources_revenue_specific_ownership_tobacco,total_budget,3.046498,musd,snapshot2023
2023,sources_revenue_total,total_budget,575.54562,musd,snapshot2023
2023,sources_revenue_transfers_in,total_budget,19.312048,musd,snapshot2023
2023,sources_revenue_utility,total_budget,83.183592,musd,snapshot2023
2023,staffing_fte,adopted,1540.09,fte,books
2023,taxablesales_all_other,actual,783.302,musd,acfrocr
2023,taxablesales_apparel_stores,actual,153.275,musd,acfrocr
2023,taxablesales_automotive_trade,actual,361.615,musd,acfrocr
2023,taxablesales_building_material_retail,actual,142.371,musd,acfrocr
2023,taxablesales_computer_related_business_sector,actual,344.557,musd,acfrocr
2023,taxablesales_constructions_firms_sales_use_tax,actual,483.669,musd,acfrocr
2023,taxablesales_consumer_electronics,actual,132.849,musd,acfrocr
2023,taxablesales_eating_places,actual,525.833,musd,acfrocr
2023,taxablesales_food_stores,actual,553.927,musd,acfrocr
2023,taxablesales_general_retail,actual,811.892,musd,acfrocr
2023,taxablesales_home_furnishings,actual,70.415,musd,acfrocr
2023,taxablesales_total,actual,4616.916,musd,acfrocr
2023,taxablesales_transportation_utilities,actual,253.211,musd,acfrocr
2023,uses_expense_capital,total_budget,172.540892,musd,snapshot2023
2023,uses_expense_debt_service,total_budget,33.755478,musd,snapshot2023
2023,uses_expense_internal_services,total_budget,42.444015,musd,snapshot2023
2023,uses_expense_operating,total_budget,123.858331,musd,snapshot2023
2023,uses_expense_personnel,total_budget,194.047344,musd,snapshot2023
2023,uses_expense_total,total_budget,598.791642,musd,snapshot2023
2023,uses_expense_transfers,total_budget,32.145582,musd,snapshot2023
2024,acfrgf_accommodations_taxes,actual,12.602,musd,acfr
2024,acfrgf_accommodations_taxes,adopted,11.415,musd,acfr
2024,acfrgf_accommodations_taxes,final,11.415,musd,acfr
2024,acfrgf_administrative_services,actual,28.878,musd,acfr
2024,acfrgf_administrative_services,adopted,21.186,musd,acfr
2024,acfrgf_administrative_services,final,33.873,musd,acfr
2024,acfrgf_charges_for_services,actual,5.302,musd,acfr
2024,acfrgf_charges_for_services,adopted,4.783,musd,acfr
2024,acfrgf_charges_for_services,final,4.808,musd,acfr
2024,acfrgf_culture_and_recreation,actual,9.093,musd,acfr
2024,acfrgf_culture_and_recreation,adopted,6.41,musd,acfr
2024,acfrgf_culture_and_recreation,final,11.546,musd,acfr
2024,acfrgf_excess_deficiency_of_revenues_over_under_expenditures,actual,-16.771,musd,acfrocr
2024,acfrgf_excess_deficiency_of_revenues_over_under_expenditures,adopted,2.103,musd,acfrocr
2024,acfrgf_excess_deficiency_of_revenues_over_under_expenditures,final,-44.932,musd,acfrocr
2024,acfrgf_excise_taxes,actual,0.157,musd,acfr
2024,acfrgf_excise_taxes,adopted,0.5,musd,acfr
2024,acfrgf_excise_taxes,final,0.5,musd,acfr
2024,acfrgf_general_government,actual,34.3,musd,acfr
2024,acfrgf_general_government,adopted,34.374,musd,acfr
2024,acfrgf_general_government,final,43.87,musd,acfr
2024,acfrgf_general_property_taxes,actual,56.131,musd,acfr
2024,acfrgf_general_property_taxes,adopted,54.206,musd,acfr
2024,acfrgf_general_property_taxes,final,54.206,musd,acfr
2024,acfrgf_housing_and_human_services,actual,26.564,musd,acfr
2024,acfrgf_housing_and_human_services,adopted,19.374,musd,acfr
2024,acfrgf_housing_and_human_services,final,30.263,musd,acfr
2024,acfrgf_interest,actual,0.403,musd,acfr
2024,acfrgf_interest,adopted,0.399,musd,acfr
2024,acfrgf_interest,final,0.399,musd,acfr
2024,acfrgf_interest_and_investment_earnings,actual,3.692,musd,acfr
2024,acfrgf_interest_and_investment_earnings,adopted,0.558,musd,acfr
2024,acfrgf_interest_and_investment_earnings,final,0.558,musd,acfr
2024,acfrgf_intergovernmental,actual,10.56,musd,acfr
2024,acfrgf_intergovernmental,adopted,2.598,musd,acfr
2024,acfrgf_intergovernmental,final,5.064,musd,acfr
2024,acfrgf_leases_rents_and_royalties,actual,0.113,musd,acfr
2024,acfrgf_leases_rents_and_royalties,adopted,0.081,musd,acfr
2024,acfrgf_leases_rents_and_royalties,final,0.081,musd,acfr
2024,acfrgf_licenses_permits_and_fines,actual,5.231,musd,acfr
2024,acfrgf_licenses_permits_and_fines,adopted,6.397,musd,acfr
2024,acfrgf_licenses_permits_and_fines,final,6.296,musd,acfr
2024,acfrgf_net_change_in_fund_balance,actual,-21.473,musd,acfr
2024,acfrgf_net_change_in_fund_balance,adopted,-3.616,musd,acfr
2024,acfrgf_net_change_in_fund_balance,final,-50.335,musd,acfr
2024,acfrgf_occupation_taxes,actual,8.079,musd,acfr
2024,acfrgf_occupation_taxes,adopted,8.342,musd,acfr
2024,acfrgf_occupation_taxes,final,8.342,musd,acfr
2024,acfrgf_other,actual,16.591,musd,acfr
2024,acfrgf_other,adopted,14.985,musd,acfr
2024,acfrgf_other,final,16.044,musd,acfr
2024,acfrgf_planning_development_services,actual,3.051,musd,acfr
2024,acfrgf_planning_development_services,adopted,3.543,musd,acfr
2024,acfrgf_planning_development_services,final,3.93,musd,acfr
2024,acfrgf_principal,actual,5.172,musd,acfr
2024,acfrgf_principal,adopted,3.665,musd,acfr
2024,acfrgf_principal,final,3.665,musd,acfr
2024,acfrgf_proceeds_from_sale_of_capital_asset,actual,1.816,musd,acfr
2024,acfrgf_proceeds_from_sale_of_capital_asset,adopted,1.0,musd,acfr
2024,acfrgf_proceeds_from_sale_of_capital_asset,final,1.0,musd,acfr
2024,acfrgf_public_safety,actual,81.511,musd,acfr
2024,acfrgf_public_safety,adopted,71.666,musd,acfr
2024,acfrgf_public_safety,final,79.906,musd,acfr
2024,acfrgf_public_works,actual,31.884,musd,acfr
2024,acfrgf_public_works,adopted,27.773,musd,acfr
2024,acfrgf_public_works,final,31.422,musd,acfr
2024,acfrgf_sale_of_goods,actual,0.076,musd,acfr
2024,acfrgf_sale_of_goods,adopted,0.025,musd,acfr
2024,acfrgf_sale_of_goods,final,0.025,musd,acfr
2024,acfrgf_sales_and_use_taxes,actual,83.097,musd,acfr
2024,acfrgf_sales_and_use_taxes,adopted,84.158,musd,acfr
2024,acfrgf_sales_and_use_taxes,final,84.158,musd,acfr
2024,acfrgf_specific_ownership_tobacco_taxes,actual,2.454,musd,acfr
2024,acfrgf_specific_ownership_tobacco_taxes,adopted,2.445,musd,acfr
2024,acfrgf_specific_ownership_tobacco_taxes,final,2.445,musd,acfr
2024,acfrgf_total_expenditures,actual,220.856,musd,acfr
2024,acfrgf_total_expenditures,adopted,188.39,musd,acfr
2024,acfrgf_total_expenditures,final,238.874,musd,acfr
2024,acfrgf_total_other_financing_sources_uses,actual,-4.702,musd,acfr
2024,acfrgf_total_other_financing_sources_uses,adopted,-5.719,musd,acfr
2024,acfrgf_total_other_financing_sources_uses,final,-5.403,musd,acfr
2024,acfrgf_total_revenues,actual,204.085,musd,acfr
2024,acfrgf_total_revenues,adopted,190.493,musd,acfr
2024,acfrgf_total_revenues,final,193.942,musd,acfr
2024,acfrgf_transfers_in,actual,26.947,musd,acfr
2024,acfrgf_transfers_in,adopted,20.922,musd,acfr
2024,acfrgf_transfers_in,final,27.238,musd,acfr
2024,acfrgf_transfers_out,actual,-33.465,musd,acfr
2024,acfrgf_transfers_out,adopted,-27.641,musd,acfr
2024,acfrgf_transfers_out,final,-33.641,musd,acfr
2024,budget_capital,adopted,141.2,musd,forecast2026
2024,budget_general_fund,adopted,196.2,musd,forecast2026
2024,budget_general_fund_revenue,adopted,200.5,musd,books
2024,budget_operating,adopted,374.2,musd,forecast2026
2024,budget_total,adopted,515.4,musd,forecast2026
2024,deptexpfiltered_administration,adopted,50.727,musd,deptsnapshot2026
2024,deptexpfiltered_citywide_debt,adopted,39.801,musd,deptsnapshot2026
2024,deptexpfiltered_community_services,adopted,43.949,musd,deptsnapshot2026
2024,deptexpfiltered_funds_outside_export,derived,107.606,musd,deptsnapshot2026
2024,deptexpfiltered_infrastructure,adopted,93.409,musd,deptsnapshot2026
2024,deptexpfiltered_parks_openspace,adopted,80.859,musd,deptsnapshot2026
2024,deptexpfiltered_planning_climate,adopted,27.383,musd,deptsnapshot2026
2024,deptexpfiltered_public_safety,adopted,71.666,musd,deptsnapshot2026
2024,ftebucket_administration,adopted,225.78,fte,acfr
2024,ftebucket_community_services,adopted,66.0,fte,acfr
2024,ftebucket_infrastructure,adopted,377.6,fte,acfr
2024,ftebucket_parks_openspace,adopted,297.1,fte,acfr
2024,ftebucket_planning_climate,adopted,117.65,fte,acfr
2024,ftebucket_public_safety,adopted,424.0,fte,acfr
2024,ftefunc_city_attorney,adopted,26.0,fte,acfr
2024,ftefunc_city_manager_administration,adopted,19.73,fte,acfr
2024,ftefunc_city_manager_communications,adopted,29.35,fte,acfr
2024,ftefunc_city_manager_community_vitality,adopted,46.25,fte,acfr
2024,ftefunc_climate_initiatives,adopted,20.0,fte,acfr
2024,ftefunc_development,adopted,97.65,fte,acfr
2024,ftefunc_finance,adopted,48.15,fte,acfr
2024,ftefunc_fire,adopted,142.0,fte,acfr
2024,ftefunc_fleet,adopted,52.9,fte,acfr
2024,ftefunc_housing,adopted,66.0,fte,acfr
2024,ftefunc_human_resources,adopted,27.0,fte,acfr
2024,ftefunc_information_technology,adopted,57.2,fte,acfr
2024,ftefunc_municipal_court,adopted,18.35,fte,acfr
2024,ftefunc_open_space_mountain_parks,adopted,145.6,fte,acfr
2024,ftefunc_parks_and_recreation,adopted,151.5,fte,acfr
2024,ftefunc_police,adopted,282.0,fte,acfr
2024,ftefunc_total,adopted,1508.13,fte,acfr
2024,ftefunc_transportation,adopted,97.6,fte,acfr
2024,ftefunc_utilities,adopted,180.85,fte,acfr
2024,property_assessed_value,actual,5095.162,musd,acfrocr
2024,property_tax_revenue,actual,61.254,musd,acfr
2024,revenue_intergovernmental,adopted,13.404,musd,booksocr
2024,revenue_other_unmapped,adopted,120.828,musd,booksocr
2024,revenue_property_tax,adopted,61.217,musd,booksocr
2024,revenue_sales_use_tax,adopted,176.867,musd,booksocr
2024,revenue_total,adopted,461.9,musd,books
2024,revenue_utility,adopted,89.584,musd,booksocr
2024,salestaxrate_direct_city,actual,3.86,pct,acfr
2024,salestaxrate_food_service,actual,0.15,pct,acfr
2024,salestaxrate_total_direct_city,actual,4.01,pct,acfr
2024,salesuse_audits_sales,actual,2.12,musd,forecast2026
2024,salesuse_audits_use,actual,0.64,musd,forecast2026
2024,salesuse_construction_use,actual,14.92,musd,forecast2026
2024,salesuse_consumer_business_use,actual,9.84,musd,forecast2026
2024,salesuse_motor_vehicle_use,actual,5.97,musd,forecast2026
2024,salesuse_rec_marijuana_addl,actual,1.18,musd,forecast2026
2024,salesuse_retail,actual,139.24,musd,forecast2026
2024,salesuse_total,actual,176.403,musd,acfr
2024,staffing_fte,adopted,1509.13,fte,booksocr
2024,taxablesales_all_other,actual,812.694,musd,acfr
2024,taxablesales_apparel_stores,actual,138.487,musd,acfr
2024,taxablesales_automotive_trade,actual,354.009,musd,acfr
2024,taxablesales_building_material_retail,actual,140.73,musd,acfr
2024,taxablesales_computer_related_business_sector,actual,406.472,musd,acfr
2024,taxablesales_constructions_firms_sales_use_tax,actual,450.307,musd,acfr
2024,taxablesales_consumer_electronics,actual,105.151,musd,acfr
2024,taxablesales_eating_places,actual,534.757,musd,acfr
2024,taxablesales_food_stores,actual,587.036,musd,acfr
2024,taxablesales_general_retail,actual,703.77,musd,acfr
2024,taxablesales_home_furnishings,actual,77.385,musd,acfr
2024,taxablesales_total,actual,4570.026,musd,acfrocr
2024,taxablesales_transportation_utilities,actual,259.228,musd,acfr
2025,acfrgf_accommodations_taxes,actual,12.504,musd,acfr
2025,acfrgf_accommodations_taxes,adopted,13.114,musd,acfr
2025,acfrgf_accommodations_taxes,final,13.114,musd,acfr
2025,acfrgf_administrative_services,actual,22.537,musd,acfr
2025,acfrgf_administrative_services,adopted,22.182,musd,acfr
2025,acfrgf_administrative_services,final,22.894,musd,acfr
2025,acfrgf_capital_outlay,actual,148.399,musd,acfr
2025,acfrgf_capital_outlay,adopted,46.09,musd,acfr
2025,acfrgf_capital_outlay,final,171.842,musd,acfr
2025,acfrgf_charges_for_services,actual,8.144,musd,acfr
2025,acfrgf_charges_for_services,adopted,4.707,musd,acfr
2025,acfrgf_charges_for_services,final,4.707,musd,acfr
2025,acfrgf_culture_and_recreation,actual,6.264,musd,acfr
2025,acfrgf_culture_and_recreation,adopted,6.798,musd,acfr
2025,acfrgf_culture_and_recreation,final,6.921,musd,acfr
2025,acfrgf_excess_deficiency_of_revenues_over_under_expenditures,actual,-134.92,musd,acfrocr
2025,acfrgf_excess_deficiency_of_revenues_over_under_expenditures,adopted,-46.131,musd,acfrocr
2025,acfrgf_excess_deficiency_of_revenues_over_under_expenditures,final,-187.676,musd,acfrocr
2025,acfrgf_excise_taxes,actual,0.232,musd,acfr
2025,acfrgf_excise_taxes,adopted,0.228,musd,acfr
2025,acfrgf_excise_taxes,final,0.228,musd,acfr
2025,acfrgf_general_government,actual,20.463,musd,acfr
2025,acfrgf_general_government,adopted,22.185,musd,acfr
2025,acfrgf_general_government,final,27.487,musd,acfr
2025,acfrgf_general_property_taxes,actual,53.276,musd,acfr
2025,acfrgf_general_property_taxes,adopted,52.707,musd,acfr
2025,acfrgf_general_property_taxes,final,52.707,musd,acfr
2025,acfrgf_housing_and_human_services,actual,18.443,musd,acfr
2025,acfrgf_housing_and_human_services,adopted,20.563,musd,acfr
2025,acfrgf_housing_and_human_services,final,25.451,musd,acfr
2025,acfrgf_interest,actual,0.35,musd,acfr
2025,acfrgf_interest,adopted,2.549,musd,acfr
2025,acfrgf_interest,final,2.549,musd,acfr
2025,acfrgf_interest_and_investment_earnings,actual,5.806,musd,acfr
2025,acfrgf_interest_and_investment_earnings,adopted,2.312,musd,acfr
2025,acfrgf_interest_and_investment_earnings,final,2.312,musd,acfr
2025,acfrgf_intergovernmental,actual,6.894,musd,acfr
2025,acfrgf_intergovernmental,adopted,2.926,musd,acfr
2025,acfrgf_intergovernmental,final,3.778,musd,acfr
2025,acfrgf_leases_rents_and_royalties,actual,1.895,musd,acfr
2025,acfrgf_leases_rents_and_royalties,adopted,0.063,musd,acfr
2025,acfrgf_leases_rents_and_royalties,final,0.063,musd,acfr
2025,acfrgf_licenses_permits_and_fines,actual,6.421,musd,acfr
2025,acfrgf_licenses_permits_and_fines,adopted,5.272,musd,acfr
2025,acfrgf_licenses_permits_and_fines,final,5.272,musd,acfr
2025,acfrgf_net_change_in_fund_balance,actual,-33.851,musd,acfr
2025,acfrgf_net_change_in_fund_balance,adopted,-53.031,musd,acfr
2025,acfrgf_net_change_in_fund_balance,final,-193.507,musd,acfr
2025,acfrgf_occupation_taxes,actual,6.091,musd,acfr
2025,acfrgf_occupation_taxes,adopted,8.33,musd,acfr
2025,acfrgf_occupation_taxes,final,8.33,musd,acfr
2025,acfrgf_other,actual,5.329,musd,acfr
2025,acfrgf_other,adopted,1.473,musd,acfr
2025,acfrgf_other,final,2.513,musd,acfr
2025,acfrgf_planning_development_services,actual,4.153,musd,acfr
2025,acfrgf_planning_development_services,adopted,3.945,musd,acfr
2025,acfrgf_planning_development_services,final,4.369,musd,acfr
2025,acfrgf_principal,actual,3.751,musd,acfr
2025,acfrgf_principal,adopted,7.71,musd,acfr
2025,acfrgf_principal,final,7.71,musd,acfr
2025,acfrgf_proceeds_from_sale_of_capital_asset,actual,2.368,musd,acfr
2025,acfrgf_proceeds_from_sale_of_capital_asset,adopted,1.0,musd,acfr
2025,acfrgf_proceeds_from_sale_of_capital_asset,final,1.0,musd,acfr
2025,acfrgf_public_safety,actual,91.244,musd,acfr
2025,acfrgf_public_safety,adopted,78.962,musd,acfr
2025,acfrgf_public_safety,final,84.722,musd,acfr
2025,acfrgf_public_works,actual,11.535,musd,acfr
2025,acfrgf_public_works,adopted,11.094,musd,acfr
2025,acfrgf_public_works,final,11.57,musd,acfr
2025,acfrgf_sale_of_goods,actual,0.082,musd,acfr
2025,acfrgf_sale_of_goods,adopted,0.025,musd,acfr
2025,acfrgf_sale_of_goods,final,0.025,musd,acfr
2025,acfrgf_sales_and_use_taxes,actual,82.51,musd,acfr
2025,acfrgf_sales_and_use_taxes,adopted,82.076,musd,acfr
2025,acfrgf_sales_and_use_taxes,final,82.076,musd,acfr
2025,acfrgf_specific_ownership_tobacco_taxes,actual,3.035,musd,acfr
2025,acfrgf_specific_ownership_tobacco_taxes,adopted,2.714,musd,acfr
2025,acfrgf_specific_ownership_tobacco_taxes,final,2.714,musd,acfr
2025,acfrgf_total_expenditures,actual,327.139,musd,acfr
2025,acfrgf_total_expenditures,adopted,222.078,musd,acfr
2025,acfrgf_total_expenditures,final,365.515,musd,acfr
2025,acfrgf_total_other_financing_sources_uses,actual,101.069,musd,acfr
2025,acfrgf_total_other_financing_sources_uses,adopted,-6.9,musd,acfr
2025,acfrgf_total_other_financing_sources_uses,final,-5.831,musd,acfr
2025,acfrgf_total_revenues,actual,192.219,musd,acfr
2025,acfrgf_total_revenues,adopted,175.947,musd,acfr
2025,acfrgf_total_revenues,final,177.839,musd,acfr
2025,acfrgf_transfers_in,actual,128.944,musd,acfr
2025,acfrgf_transfers_in,adopted,25.14,musd,acfr
2025,acfrgf_transfers_in,final,26.724,musd,acfr
2025,acfrgf_transfers_out,actual,-30.243,musd,acfr
2025,acfrgf_transfers_out,adopted,-33.04,musd,acfr
2025,acfrgf_transfers_out,final,-33.555,musd,acfr
2025,budget_capital,adopted,189.9,musd,forecast2026
2025,budget_general_fund,adopted,210.9,musd,books
2025,budget_general_fund_revenue,adopted,190.6,musd,books
2025,budget_operating,adopted,399.3,musd,forecast2026
2025,budget_total,adopted,589.3,musd,forecast2026
2025,deptexp_administration,adopted,53.513,musd,recbook2027
2025,deptexp_citywide_debt,adopted,40.931,musd,recbook2027
2025,deptexp_community_services,adopted,52.676,musd,recbook2027
2025,deptexp_infrastructure,adopted,260.268,musd,recbook2027
2025,deptexp_parks_openspace,adopted,75.05,musd,recbook2027
2025,deptexp_planning_climate,adopted,26.049,musd,recbook2027
2025,deptexp_public_safety,adopted,80.792,musd,recbook2027
2025,deptexpfiltered_administration,adopted,54.66,musd,deptsnapshot2026
2025,deptexpfiltered_citywide_debt,adopted,40.931,musd,deptsnapshot2026
2025,deptexpfiltered_community_services,adopted,53.819,musd,deptsnapshot2026
2025,deptexpfiltered_funds_outside_export,derived,115.853,musd,deptsnapshot2026
2025,deptexpfiltered_infrastructure,adopted,134.888,musd,deptsnapshot2026
2025,deptexpfiltered_parks_openspace,adopted,79.526,musd,deptsnapshot2026
2025,deptexpfiltered_planning_climate,adopted,28.831,musd,deptsnapshot2026
2025,deptexpfiltered_public_safety,adopted,80.792,musd,deptsnapshot2026
2025,ftebucket_administration,adopted,244.25,fte,acfr
2025,ftebucket_community_services,adopted,66.75,fte,acfr
2025,ftebucket_infrastructure,adopted,379.1,fte,acfr
2025,ftebucket_parks_openspace,adopted,300.85,fte,acfr
2025,ftebucket_planning_climate,adopted,120.62,fte,acfr
2025,ftebucket_public_safety,adopted,426.5,fte,acfr
2025,ftefunc_city_attorney,adopted,27.0,fte,acfr
2025,ftefunc_city_manager_administration,adopted,25.8,fte,acfr
2025,ftefunc_city_manager_communications,adopted,33.0,fte,acfr
2025,ftefunc_city_manager_community_vitality,adopted,47.25,fte,acfr
2025,ftefunc_climate_initiatives,adopted,22.0,fte,acfr
2025,ftefunc_development,adopted,98.62,fte,acfr
2025,ftefunc_finance,adopted,50.9,fte,acfr
2025,ftefunc_fire,adopted,142.0,fte,acfr
2025,ftefunc_fleet,adopted,51.9,fte,acfr
2025,ftefunc_housing,adopted,66.75,fte,acfr
2025,ftefunc_human_resources,adopted,28.0,fte,acfr
2025,ftefunc_information_technology,adopted,61.2,fte,acfr
2025,ftefunc_municipal_court,adopted,18.35,fte,acfr
2025,ftefunc_open_space_mountain_parks,adopted,147.6,fte,acfr
2025,ftefunc_parks_and_recreation,adopted,153.25,fte,acfr
2025,ftefunc_police,adopted,284.5,fte,acfr
2025,ftefunc_total,adopted,1538.07,fte,acfr
2025,ftefunc_transportation,adopted,98.85,fte,acfr
2025,ftefunc_utilities,adopted,181.1,fte,acfr
2025,gap_general_fund_high,identified,10.0,musd,forecast2026
2025,gap_general_fund_low,identified,8.0,musd,forecast2026
2025,property_assessed_value,actual,5091.582,musd,acfr
2025,property_assessed_value,adopted,5004,musd,forecast2026
2025,property_tax_revenue,actual,58.521,musd,acfr
2025,property_tax_revenue,adopted,57.12,musd,forecast2026
2025,revenue_intergovernmental,adopted,23.59,musd,books
2025,revenue_other_unmapped,adopted,134.979,musd,books
2025,revenue_property_tax,adopted,59.645,musd,books
2025,revenue_sales_use_tax,adopted,180.169,musd,books
2025,revenue_total,adopted,492.5,musd,books
2025,revenue_utility,adopted,94.117,musd,books
2025,salestaxrate_direct_city,actual,3.86,pct,acfr
2025,salestaxrate_food_service,actual,0.15,pct,acfr
2025,salestaxrate_total_direct_city,actual,4.01,pct,acfr
2025,salesuse_audits_sales,actual,1.58,musd,forecast2026
2025,salesuse_audits_sales,adopted,1.28,musd,forecast2026
2025,salesuse_audits_sales,revised_projection,1.28,musd,forecast2026
2025,salesuse_audits_use,actual,1.2,musd,forecast2026
2025,salesuse_component_residual,adopted,0.01,musd,forecast2026
2025,salesuse_component_residual,revised_projection,-0.02,musd,forecast2026
2025,salesuse_construction_use,actual,18.12,musd,forecast2026
2025,salesuse_construction_use,adopted,14.31,musd,forecast2026
2025,salesuse_construction_use,revised_projection,12.7,musd,forecast2026
2025,salesuse_consumer_business_use,actual,9.82,musd,forecast2026
2025,salesuse_consumer_business_use,adopted,11.93,musd,forecast2026
2025,salesuse_consumer_business_use,revised_projection,13.8,musd,forecast2026
2025,salesuse_motor_vehicle_use,actual,6.14,musd,forecast2026
2025,salesuse_motor_vehicle_use,adopted,6.65,musd,forecast2026
2025,salesuse_motor_vehicle_use,revised_projection,6.47,musd,forecast2026
2025,salesuse_rec_marijuana_addl,actual,1.0,musd,forecast2026
2025,salesuse_rec_marijuana_addl,adopted,1.15,musd,forecast2026
2025,salesuse_rec_marijuana_addl,revised_projection,1.0,musd,forecast2026
2025,salesuse_retail,actual,140.9,musd,forecast2026
2025,salesuse_retail,adopted,144.86,musd,forecast2026
2025,salesuse_retail,revised_projection,141.57,musd,forecast2026
2025,salesuse_total,actual,182.366,musd,acfr
2025,salesuse_total,adopted,180.17,musd,forecast2026
2025,salesuse_total,revised_projection,176.84,musd,forecast2026
2025,staffing_fte,adopted,1539.1,fte,books
2025,taxablesales_all_other,actual,796.33,musd,acfr
2025,taxablesales_apparel_stores,actual,133.975,musd,acfr
2025,taxablesales_automotive_trade,actual,351.135,musd,acfr
2025,taxablesales_building_material_retail,actual,131.635,musd,acfr
2025,taxablesales_computer_related_business_sector,actual,426.407,musd,acfr
2025,taxablesales_constructions_firms_sales_use_tax,actual,527.84,musd,acfr
2025,taxablesales_consumer_electronics,actual,103.572,musd,acfr
2025,taxablesales_eating_places,actual,531.248,musd,acfr
2025,taxablesales_food_stores,actual,574.713,musd,acfr
2025,taxablesales_general_retail,actual,734.17,musd,acfr
2025,taxablesales_home_furnishings,actual,71.815,musd,acfr
2025,taxablesales_total,actual,4642.229,musd,acfr
2025,taxablesales_transportation_utilities,actual,259.389,musd,acfr
2026,budget_capital,adopted,113.3,musd,forecast2026
2026,budget_general_fund,adopted,194.5,musd,forecast2026
2026,budget_general_fund_revenue,adopted,198.8,musd,books
2026,budget_operating,adopted,407.7,musd,forecast2026
2026,budget_total,adopted,521.0,musd,forecast2026
2026,deptexp_administration,adopted,52.824,musd,recbook2027
2026,deptexp_citywide_debt,adopted,31.142,musd,recbook2027
2026,deptexp_community_services,adopted,51.316,musd,recbook2027
2026,deptexp_infrastructure,adopted,202.958,musd,recbook2027
2026,deptexp_parks_openspace,adopted,74.446,musd,recbook2027
2026,deptexp_planning_climate,adopted,26.099,musd,recbook2027
2026,deptexp_public_safety,adopted,82.197,musd,recbook2027
2026,deptexpfiltered_administration,adopted,53.462,musd,deptsnapshot2026
2026,deptexpfiltered_citywide_debt,adopted,30.904,musd,deptsnapshot2026
2026,deptexpfiltered_community_services,adopted,52.883,musd,deptsnapshot2026
2026,deptexpfiltered_funds_outside_export,derived,109.093,musd,deptsnapshot2026
2026,deptexpfiltered_infrastructure,adopted,82.328,musd,deptsnapshot2026
2026,deptexpfiltered_parks_openspace,adopted,80.528,musd,deptsnapshot2026
2026,deptexpfiltered_planning_climate,adopted,29.607,musd,deptsnapshot2026
2026,deptexpfiltered_public_safety,adopted,82.197,musd,deptsnapshot2026
2026,gap_general_fund,identified,7.5,musd,forecast2026
2026,positions_eliminated,adopted,19,fte,rec2026
2026,property_assessed_value,actual,5022.582,musd,acfr
2026,property_assessed_value,adopted,5184,musd,forecast2026
2026,property_assessed_value,revised_projection,5022,musd,forecast2026
2026,property_mill_levy,adopted,11.648,mills,forecast2026
2026,property_tax_revenue,adopted,59.17,musd,forecast2026
2026,property_tax_revenue,revised_projection,57.33,musd,forecast2026
2026,reserve_policy_pct_of_operating,policy,16.7,pct,forecast2026
2026,revenue_accommodation_admission_tax,recommended,12.863745,musd,rec2026
2026,revenue_development_impact_fees,recommended,27.764864,musd,rec2026
2026,revenue_grants,recommended,10.920529,musd,rec2026
2026,revenue_intergovernmental,adopted,18.774,musd,books
2026,revenue_intergovernmental,recommended,18.774158,musd,rec2026
2026,revenue_investment_earnings_bonds,recommended,16.841629,musd,rec2026
2026,revenue_licenses_permits_fines,recommended,19.857913,musd,rec2026
2026,revenue_other_grouped,recommended,50.582397,musd,rec2026
2026,revenue_other_unmapped,adopted,149.609,musd,books
2026,revenue_parking,recommended,10.776877,musd,rec2026
2026,revenue_property_tax,adopted,61.732,musd,books
2026,revenue_property_tax,recommended,61.732059,musd,rec2026
2026,revenue_sales_use_tax,adopted,179.64,musd,books
2026,revenue_sales_use_tax,recommended,179.640471,musd,rec2026
2026,revenue_total,adopted,507.2,musd,books
2026,revenue_total,recommended,507.2,musd,rec2026
2026,revenue_utility,adopted,97.445,musd,books
2026,revenue_utility,recommended,97.44453,musd,rec2026
2026,salesuse_audits_sales,adopted,1.46,musd,forecast2026
2026,salesuse_audits_sales,forecast,1.49,musd,forecast2026
2026,salesuse_component_residual,forecast,0.04,musd,forecast2026
2026,salesuse_construction_use,adopted,10.66,musd,forecast2026
2026,salesuse_construction_use,forecast,13.78,musd,forecast2026
2026,salesuse_consumer_business_use,adopted,12.67,musd,forecast2026
2026,salesuse_consumer_business_use,forecast,14.63,musd,forecast2026
2026,salesuse_motor_vehicle_use,adopted,6.5,musd,forecast2026
2026,salesuse_motor_vehicle_use,forecast,7.89,musd,forecast2026
2026,salesuse_rec_marijuana_addl,adopted,1.0,musd,forecast2026
2026,salesuse_rec_marijuana_addl,forecast,1.0,musd,forecast2026
2026,salesuse_retail,adopted,147.35,musd,forecast2026
2026,salesuse_retail,forecast,139.96,musd,forecast2026
2026,salesuse_total,adopted,179.64,musd,forecast2026
2026,salesuse_total,forecast,178.71,musd,forecast2026
2026,staffing_fte,adopted,1548.28,fte,books
2026,yoy_general_fund_pct,adopted,-7.8,pct,forecast2026
2026,yoy_operating_pct,adopted,2.1,pct,forecast2026
2027,budget_capital,recommended,135.36,musd,rec2027
2027,budget_general_fund,recommended,200.5,musd,rec2027
2027,budget_general_fund_revenue,recommended,200.304526,musd,recbook2027
2027,budget_operating,recommended,417.24,musd,rec2027
2027,budget_total,recommended,552.6,musd,rec2027
2027,deptexp_administration,recommended,54.525,musd,recbook2027
2027,deptexp_citywide_debt,recommended,35.64,musd,recbook2027
2027,deptexp_community_services,recommended,49.722,musd,recbook2027
2027,deptexp_infrastructure,recommended,221.055,musd,recbook2027
2027,deptexp_parks_openspace,recommended,74.535,musd,recbook2027
2027,deptexp_planning_climate,recommended,27.339,musd,recbook2027
2027,deptexp_public_safety,recommended,89.786,musd,recbook2027
2027,gap_general_fund,forecast,6.5,musd,forecast2026
2027,gap_general_fund,recommended,6.3,musd,rec2027
2027,positions_added,recommended,11.5,fte,glance2027
2027,positions_eliminated,recommended,24,fte,rec2027
2027,positions_eliminated_filled,recommended,13,fte,rec2027
2027,positions_eliminated_vacant,recommended,11,fte,rec2027
2027,positions_frozen_to_2028,recommended,8.5,fte,glance2027
2027,positions_term_limited_ending,recommended,12,fte,rec2027
2027,property_mill_levy,recommended,11.648,mills,recbook2027
2027,property_tax_revenue,recommended,57.8282,musd,recbook2027
2027,revenue_accommodation_admission_tax,recommended,13.158537,musd,recbook2027
2027,revenue_charges_for_services,recommended,9.386423,musd,recbook2027
2027,revenue_development_impact_fees,recommended,28.541471,musd,recbook2027
2027,revenue_franchise_fees,recommended,5.814206,musd,recbook2027
2027,revenue_grants,recommended,10.856665,musd,recbook2027
2027,revenue_intergovernmental,recommended,18.757295,musd,recbook2027
2027,revenue_investment_earnings_bonds,recommended,14.966603,musd,recbook2027
2027,revenue_leases_rents_royalties,recommended,4.880006,musd,recbook2027
2027,revenue_licenses_permits_fines,recommended,19.04367,musd,recbook2027
2027,revenue_misc_sales_materials_goods,recommended,13.914503,musd,recbook2027
2027,revenue_other_revenues,recommended,24.361362,musd,recbook2027
2027,revenue_parking,recommended,10.983932,musd,recbook2027
2027,revenue_property_tax,recommended,60.251143,musd,recbook2027
2027,revenue_sales_use_tax,recommended,185.065385,musd,recbook2027
2027,revenue_specific_ownership_tobacco,recommended,2.783392,musd,recbook2027
2027,revenue_total,recommended,527.097004,musd,recbook2027
2027,revenue_utility,recommended,104.332411,musd,recbook2027
2027,salesuse_total,recommended,185.065385,musd,recbook2027
2027,staffing_fte,recommended,1532.68,fte,recbook2027
2027,staffing_savings,recommended,3.0,musd,brl2027
2027,yoy_capital_pct,recommended,19.47,pct,glance2027
2027,yoy_general_fund_pct,recommended,3.09,pct,glance2027
2027,yoy_operating_pct,recommended,2.3,pct,glance2027
2027,yoy_total_pct,recommended,6.07,pct,glance2027
