year,donor_id,campaign_id,dollars,n_gifts,link_method,key_has_zip
2015,d00108,2015|cand|Aaron Brockett,100.0,1,name+zip,True
2015,d00324,2015|cand|Aaron Brockett,100.0,1,name+zip,True
2015,d00343,2015|cand|Aaron Brockett,25.0,1,name+zip,True
2015,d00350,2015|cand|Aaron Brockett,25.0,1,name+zip,True
2015,d00437,2015|cand|Aaron Brockett,100.0,1,name+zip,True
2015,d00533,2015|cand|Aaron Brockett,100.0,1,name+zip,True
2015,d00612,2015|cand|Aaron Brockett,50.0,1,name+zip,True
2015,d00663,2015|cand|Aaron Brockett,100.0,1,name+zip,True
2015,d00696,2015|cand|Aaron Brockett,50.0,1,name+zip,True
2015,d00715,2015|cand|Aaron Brockett,50.0,1,name+zip,True
2015,d00741,2015|cand|Aaron Brockett,100.0,1,name+zip,True
2015,d00774,2015|cand|Aaron Brockett,100.0,1,name+zip,True
2015,d00802,2015|cand|Aaron Brockett,25.0,1,name+zip,True
2015,d00820,2015|cand|Aaron Brockett,100.0,1,name+zip,True
2015,d00865,2015|cand|Aaron Brockett,100.0,1,name+zip,True
2015,d00902,2015|cand|Aaron Brockett,100.0,1,name+zip,True
2015,d00945,2015|cand|Aaron Brockett,100.0,1,name+zip,True
2015,d00947,2015|cand|Aaron Brockett,50.0,1,name+zip,True
2015,d00999,2015|cand|Aaron Brockett,25.0,1,name+zip,True
2015,d01024,2015|cand|Aaron Brockett,100.0,1,name+zip,True
2015,d01025,2015|cand|Aaron Brockett,100.0,1,name+zip,True
2015,d01044,2015|cand|Aaron Brockett,22.52,1,name+zip,True
2015,d01136,2015|cand|Aaron Brockett,25.0,1,name+zip,True
2015,d01161,2015|cand|Aaron Brockett,25.0,1,name+zip,True
2015,d01186,2015|cand|Aaron Brockett,100.0,1,name+zip,True
2015,d01230,2015|cand|Aaron Brockett,100.0,1,name+zip,True
2015,d01273,2015|cand|Aaron Brockett,50.0,1,name+zip,True
2015,d01310,2015|cand|Aaron Brockett,25.0,1,name+zip,True
2015,d01325,2015|cand|Aaron Brockett,25.0,1,name+zip,True
2015,d01333,2015|cand|Aaron Brockett,100.0,1,name+zip,True
2015,d01336,2015|cand|Aaron Brockett,50.0,1,name+zip,True
2015,d01455,2015|cand|Aaron Brockett,100.0,1,name+zip,True
2015,d01511,2015|cand|Aaron Brockett,50.0,1,name+zip,True
2015,d01595,2015|cand|Aaron Brockett,50.0,1,name+zip,True
2015,d01733,2015|cand|Aaron Brockett,100.0,1,name+zip,True
2015,d01788,2015|cand|Aaron Brockett,100.0,1,name+zip,True
2015,d01794,2015|cand|Aaron Brockett,100.0,1,name+zip,True
2015,d01816,2015|cand|Aaron Brockett,100.0,1,name+zip,True
2015,d01898,2015|cand|Aaron Brockett,100.0,1,name+zip,True
2015,d01915,2015|cand|Aaron Brockett,50.0,1,name+zip,True
2015,d01931,2015|cand|Aaron Brockett,25.0,1,name+zip,True
2015,d01968,2015|cand|Aaron Brockett,25.0,1,name+zip,True
2015,d01997,2015|cand|Aaron Brockett,100.0,1,name+zip,True
2015,d02098,2015|cand|Aaron Brockett,30.0,1,name+zip,True
2015,d02124,2015|cand|Aaron Brockett,100.0,1,name+zip,True
2015,d02167,2015|cand|Aaron Brockett,25.0,1,name+zip,True
2015,d02176,2015|cand|Aaron Brockett,100.0,1,name+zip,True
2015,d02187,2015|cand|Aaron Brockett,100.0,1,name+zip,True
2015,d02210,2015|cand|Aaron Brockett,100.0,1,name+zip,True
2015,d02223,2015|cand|Aaron Brockett,100.0,1,name+zip,True
2015,d02424,2015|cand|Aaron Brockett,100.0,1,name+zip,True
2015,d02428,2015|cand|Aaron Brockett,100.0,1,name+zip,True
2015,d02501,2015|cand|Aaron Brockett,100.0,1,name+zip,True
2015,d02503,2015|cand|Aaron Brockett,30.0,1,name+zip,True
2015,d02798,2015|cand|Aaron Brockett,50.0,1,name+zip,True
2015,d02802,2015|cand|Aaron Brockett,50.0,1,name+zip,True
2015,d02868,2015|cand|Aaron Brockett,100.0,1,name+zip,True
2015,d02933,2015|cand|Aaron Brockett,25.0,1,name+zip,True
2015,d03013,2015|cand|Aaron Brockett,100.0,1,name+zip,True
2015,d03056,2015|cand|Aaron Brockett,100.0,1,name+zip,True
2015,d03060,2015|cand|Aaron Brockett,50.0,1,name+zip,True
2015,d03066,2015|cand|Aaron Brockett,100.0,1,name+zip,True
2015,d03094,2015|cand|Aaron Brockett,25.0,1,name+zip,True
2015,d03219,2015|cand|Aaron Brockett,25.0,1,name+zip,True
2015,d03247,2015|cand|Aaron Brockett,100.0,1,name+zip,True
2015,d03266,2015|cand|Aaron Brockett,100.0,1,name+zip,True
2015,d03286,2015|cand|Aaron Brockett,100.0,1,name+zip,True
2015,d03365,2015|cand|Aaron Brockett,100.0,1,name+zip,True
2015,d03373,2015|cand|Aaron Brockett,25.0,1,name+zip,True
2015,d03478,2015|cand|Aaron Brockett,100.0,1,name+zip,True
2015,d03538,2015|cand|Aaron Brockett,100.0,1,name+zip,True
2015,d03557,2015|cand|Aaron Brockett,100.0,1,name+zip,True
2015,d03589,2015|cand|Aaron Brockett,100.0,1,name+zip,True
2015,d03595,2015|cand|Aaron Brockett,25.0,1,name+zip,True
2015,d03658,2015|cand|Aaron Brockett,100.0,1,name+zip,True
2015,d03666,2015|cand|Aaron Brockett,100.0,1,name+zip,True
2015,d03802,2015|cand|Aaron Brockett,25.0,1,name+zip,True
2015,d03810,2015|cand|Aaron Brockett,100.0,1,name+zip,True
2015,d03871,2015|cand|Aaron Brockett,25.0,1,name+zip,True
2015,d03877,2015|cand|Aaron Brockett,100.0,1,name+zip,True
2015,d03924,2015|cand|Aaron Brockett,50.0,1,name+zip,True
2015,d03993,2015|cand|Aaron Brockett,100.0,1,name+zip,True
2015,d04009,2015|cand|Aaron Brockett,25.0,1,name+zip,True
2015,d04020,2015|cand|Aaron Brockett,100.0,1,name+zip,True
2015,d04023,2015|cand|Aaron Brockett,25.0,1,name+zip,True
2015,d04089,2015|cand|Aaron Brockett,100.0,1,name+zip,True
2015,d04137,2015|cand|Aaron Brockett,100.0,1,name+zip,True
2015,d04158,2015|cand|Aaron Brockett,50.0,1,name+zip,True
2015,d04191,2015|cand|Aaron Brockett,25.0,1,name+zip,True
2015,d04352,2015|cand|Aaron Brockett,100.0,1,name+zip,True
2015,d04516,2015|cand|Aaron Brockett,100.0,1,name+zip,True
2015,d04535,2015|cand|Aaron Brockett,50.0,1,name+zip,True
2015,d04598,2015|cand|Aaron Brockett,25.0,1,name+zip,True
2015,d04630,2015|cand|Aaron Brockett,100.0,1,name+zip,True
2015,d04654,2015|cand|Aaron Brockett,50.0,1,name+zip,True
2015,d04737,2015|cand|Aaron Brockett,50.0,1,name+zip,True
2015,d04823,2015|cand|Aaron Brockett,50.0,1,name+zip,True
2015,d04837,2015|cand|Aaron Brockett,30.0,1,name+zip,True
2015,d05121,2015|cand|Aaron Brockett,100.0,1,name+zip,True
2015,d05157,2015|cand|Aaron Brockett,25.0,1,name+zip,True
2015,d05183,2015|cand|Aaron Brockett,25.0,1,name+zip,True
2015,d05305,2015|cand|Aaron Brockett,100.0,1,name+zip,True
2015,d05319,2015|cand|Aaron Brockett,60.0,1,name+zip,True
2015,d05326,2015|cand|Aaron Brockett,50.0,1,name+zip,True
2015,d05399,2015|cand|Aaron Brockett,100.0,1,name+zip,True
2015,d05424,2015|cand|Aaron Brockett,100.0,1,name+zip,True
2015,d05428,2015|cand|Aaron Brockett,29.6,1,name+zip,True
2015,d05435,2015|cand|Aaron Brockett,100.0,1,name+zip,True
2015,d05460,2015|cand|Aaron Brockett,75.0,1,name+zip,True
2015,d05470,2015|cand|Aaron Brockett,50.0,1,name+zip,True
2015,d05485,2015|cand|Aaron Brockett,50.0,1,name+zip,True
2015,d05493,2015|cand|Aaron Brockett,10.0,1,name+zip,True
2015,d05527,2015|cand|Aaron Brockett,100.0,1,name+zip,True
2015,d05544,2015|cand|Aaron Brockett,100.0,1,name+zip,True
2015,d05575,2015|cand|Aaron Brockett,25.0,1,name+zip,True
2015,d05629,2015|cand|Aaron Brockett,25.0,1,name+zip,True
2015,d05638,2015|cand|Aaron Brockett,100.0,1,name+zip,True
2015,d05699,2015|cand|Aaron Brockett,50.0,1,name+zip,True
2015,d05742,2015|cand|Aaron Brockett,100.0,1,name+zip,True
2015,d05801,2015|cand|Aaron Brockett,100.0,1,name+zip,True
2015,d06017,2015|cand|Aaron Brockett,100.0,1,name+zip,True
2015,d06062,2015|cand|Aaron Brockett,25.0,1,name+zip,True
2015,d06153,2015|cand|Aaron Brockett,100.0,1,name+zip,True
2015,d06162,2015|cand|Aaron Brockett,50.0,1,name+zip,True
2015,d06208,2015|cand|Aaron Brockett,25.0,1,name+zip,True
2015,d06217,2015|cand|Aaron Brockett,25.0,1,name+zip,True
2015,d06243,2015|cand|Aaron Brockett,50.0,1,name+zip,True
2015,d06371,2015|cand|Aaron Brockett,25.0,1,name+zip,True
2015,d06380,2015|cand|Aaron Brockett,25.0,1,name+zip,True
2015,d06429,2015|cand|Aaron Brockett,100.0,1,name+zip,True
2015,d06514,2015|cand|Aaron Brockett,100.0,1,name+zip,True
2015,d06528,2015|cand|Aaron Brockett,100.0,1,name+zip,True
2015,d06548,2015|cand|Aaron Brockett,100.0,1,name+zip,True
2015,d06603,2015|cand|Aaron Brockett,25.0,1,name+zip,True
2015,d06640,2015|cand|Aaron Brockett,100.0,1,name+zip,True
2015,d06844,2015|cand|Aaron Brockett,25.0,1,name+zip,True
2015,d06876,2015|cand|Aaron Brockett,100.0,1,name+zip,True
2015,d06916,2015|cand|Aaron Brockett,25.0,1,name+zip,True
2015,d07032,2015|cand|Aaron Brockett,100.0,1,name+zip,True
2015,d07110,2015|cand|Aaron Brockett,50.0,1,name+zip,True
2015,d07160,2015|cand|Aaron Brockett,50.0,1,name+zip,True
2015,d07227,2015|cand|Aaron Brockett,25.0,1,name+zip,True
2015,d07260,2015|cand|Aaron Brockett,25.0,1,name+zip,True
2015,d07264,2015|cand|Aaron Brockett,100.0,1,name+zip,True
2015,d07287,2015|cand|Aaron Brockett,50.0,1,name+zip,True
2015,d07298,2015|cand|Aaron Brockett,100.0,1,name+zip,True
2015,d07308,2015|cand|Aaron Brockett,25.0,1,name+zip,True
2015,d07381,2015|cand|Aaron Brockett,65.0,1,name+zip,True
2015,d07382,2015|cand|Aaron Brockett,100.0,1,name+zip,True
2015,d07390,2015|cand|Aaron Brockett,25.0,1,name+zip,True
2015,d07521,2015|cand|Aaron Brockett,25.0,1,name+zip,True
2015,d07526,2015|cand|Aaron Brockett,100.0,1,name+zip,True
2015,d07580,2015|cand|Aaron Brockett,25.0,1,name+zip,True
2015,d07615,2015|cand|Aaron Brockett,30.0,1,name+zip,True
2015,d07795,2015|cand|Aaron Brockett,25.0,1,name+zip,True
2015,d07875,2015|cand|Aaron Brockett,100.0,1,name+zip,True
2015,d07933,2015|cand|Aaron Brockett,25.0,1,name+zip,True
2015,d08000,2015|cand|Aaron Brockett,25.0,1,name+zip,True
2015,d08110,2015|cand|Aaron Brockett,100.0,1,name+zip,True
2015,d08155,2015|cand|Aaron Brockett,50.0,1,name+zip,True
2015,d00012,2015|cand|Bob Yates,25.0,1,name+zip,True
2015,d00050,2015|cand|Bob Yates,30.0,1,name+zip,True
2015,d00108,2015|cand|Bob Yates,100.0,1,name+zip,True
2015,d00109,2015|cand|Bob Yates,25.0,1,name+zip,True
2015,d00141,2015|cand|Bob Yates,100.0,1,name+zip,True
2015,d00368,2015|cand|Bob Yates,100.0,1,name+zip,True
2015,d00420,2015|cand|Bob Yates,100.0,1,name+zip,True
2015,d00451,2015|cand|Bob Yates,50.0,1,name+zip,True
2015,d00459,2015|cand|Bob Yates,100.0,1,name+zip,True
2015,d00479,2015|cand|Bob Yates,100.0,1,name+zip,True
2015,d00528,2015|cand|Bob Yates,100.0,1,name+zip,True
2015,d00537,2015|cand|Bob Yates,50.0,1,name+zip,True
2015,d00584,2015|cand|Bob Yates,50.0,1,name+zip,True
2015,d00628,2015|cand|Bob Yates,100.0,1,name+zip,True
2015,d00658,2015|cand|Bob Yates,100.0,1,name+zip,True
2015,d00663,2015|cand|Bob Yates,50.0,1,name+zip,True
2015,d00696,2015|cand|Bob Yates,100.0,1,name+zip,True
2015,d00715,2015|cand|Bob Yates,50.0,1,name+zip,True
2015,d00774,2015|cand|Bob Yates,100.0,1,name+zip,True
2015,d00780,2015|cand|Bob Yates,100.0,1,name+zip,True
2015,d00820,2015|cand|Bob Yates,100.0,1,name+zip,True
2015,d00835,2015|cand|Bob Yates,100.0,1,name+zip,True
2015,d00865,2015|cand|Bob Yates,100.0,1,name+zip,True
2015,d00928,2015|cand|Bob Yates,100.0,1,name+zip,True
2015,d00937,2015|cand|Bob Yates,100.0,1,name+zip,True
2015,d01119,2015|cand|Bob Yates,100.0,1,name+zip,True
2015,d01125,2015|cand|Bob Yates,100.0,1,name+zip,True
2015,d01170,2015|cand|Bob Yates,100.0,1,name+zip,True
2015,d01203,2015|cand|Bob Yates,50.0,1,name+zip,True
2015,d01230,2015|cand|Bob Yates,100.0,1,name+zip,True
2015,d01273,2015|cand|Bob Yates,50.0,1,name+zip,True
2015,d01333,2015|cand|Bob Yates,100.0,1,name+zip,True
2015,d01336,2015|cand|Bob Yates,50.0,1,name+zip,True
2015,d01408,2015|cand|Bob Yates,100.0,1,name+zip,True
2015,d01441,2015|cand|Bob Yates,100.0,1,name+zip,True
2015,d01497,2015|cand|Bob Yates,100.0,1,name+zip,True
2015,d01574,2015|cand|Bob Yates,100.0,1,name+zip,True
2015,d01579,2015|cand|Bob Yates,100.0,1,name+zip,True
2015,d01581,2015|cand|Bob Yates,100.0,1,name+zip,True
2015,d01595,2015|cand|Bob Yates,100.0,1,name+zip,True
2015,d01623,2015|cand|Bob Yates,100.0,1,name+zip,True
2015,d01624,2015|cand|Bob Yates,25.0,1,name+zip,True
2015,d01680,2015|cand|Bob Yates,100.0,1,name+zip,True
2015,d01734,2015|cand|Bob Yates,100.0,1,name+zip,True
2015,d01788,2015|cand|Bob Yates,100.0,1,name+zip,True
2015,d01819,2015|cand|Bob Yates,100.0,1,name+zip,True
2015,d01832,2015|cand|Bob Yates,100.0,1,name+zip,True
2015,d01869,2015|cand|Bob Yates,100.0,1,name+zip,True
2015,d01973,2015|cand|Bob Yates,100.0,1,name+zip,True
2015,d01997,2015|cand|Bob Yates,100.0,1,name+zip,True
2015,d02006,2015|cand|Bob Yates,100.0,1,name+zip,True
2015,d02048,2015|cand|Bob Yates,100.0,1,name+zip,True
2015,d02069,2015|cand|Bob Yates,100.0,1,name+zip,True
2015,d02093,2015|cand|Bob Yates,100.0,1,name+zip,True
2015,d02095,2015|cand|Bob Yates,100.0,1,name+zip,True
2015,d02098,2015|cand|Bob Yates,30.0,1,name+zip,True
2015,d02146,2015|cand|Bob Yates,25.0,1,name+zip,True
2015,d02157,2015|cand|Bob Yates,25.0,1,name+zip,True
2015,d02166,2015|cand|Bob Yates,100.0,1,name+zip,True
2015,d02176,2015|cand|Bob Yates,100.0,1,name+zip,True
2015,d02183,2015|cand|Bob Yates,100.0,1,name+zip,True
2015,d02187,2015|cand|Bob Yates,100.0,1,name+zip,True
2015,d02192,2015|cand|Bob Yates,100.0,1,name+zip,True
2015,d02210,2015|cand|Bob Yates,100.0,1,name+zip,True
2015,d02251,2015|cand|Bob Yates,100.0,1,name+zip,True
2015,d02413,2015|cand|Bob Yates,100.0,1,name+zip,True
2015,d02428,2015|cand|Bob Yates,100.0,1,name+zip,True
2015,d02437,2015|cand|Bob Yates,100.0,1,name+zip,True
2015,d02477,2015|cand|Bob Yates,50.0,1,name+zip,True
2015,d02492,2015|cand|Bob Yates,100.0,1,name+zip,True
2015,d02501,2015|cand|Bob Yates,100.0,1,name+zip,True
2015,d02575,2015|cand|Bob Yates,100.0,1,name+zip,True
2015,d02760,2015|cand|Bob Yates,100.0,1,name+zip,True
2015,d02819,2015|cand|Bob Yates,100.0,1,name+zip,True
2015,d02821,2015|cand|Bob Yates,100.0,1,name+zip,True
2015,d02941,2015|cand|Bob Yates,100.0,1,name+zip,True
2015,d02967,2015|cand|Bob Yates,100.0,1,name+zip,True
2015,d03056,2015|cand|Bob Yates,100.0,1,name+zip,True
2015,d03136,2015|cand|Bob Yates,100.0,1,name+zip,True
2015,d03270,2015|cand|Bob Yates,100.0,1,name+zip,True
2015,d03286,2015|cand|Bob Yates,100.0,1,name+zip,True
2015,d03302,2015|cand|Bob Yates,100.0,1,name+zip,True
2015,d03318,2015|cand|Bob Yates,100.0,1,name+zip,True
2015,d03320,2015|cand|Bob Yates,100.0,1,name+zip,True
2015,d03410,2015|cand|Bob Yates,100.0,1,name+zip,True
2015,d03469,2015|cand|Bob Yates,100.0,1,name+zip,True
2015,d03473,2015|cand|Bob Yates,50.0,1,name+zip,True
2015,d03478,2015|cand|Bob Yates,100.0,1,name+zip,True
2015,d03499,2015|cand|Bob Yates,25.0,1,name+zip,True
2015,d03529,2015|cand|Bob Yates,100.0,1,name+zip,True
2015,d03549,2015|cand|Bob Yates,100.0,1,name+zip,True
2015,d03589,2015|cand|Bob Yates,100.0,1,name+zip,True
2015,d03751,2015|cand|Bob Yates,100.0,1,name+zip,True
2015,d03754,2015|cand|Bob Yates,100.0,1,name+zip,True
2015,d03766,2015|cand|Bob Yates,100.0,1,name+zip,True
2015,d03793,2015|cand|Bob Yates,100.0,1,name+zip,True
2015,d03848,2015|cand|Bob Yates,50.0,1,name+zip,True
2015,d03859,2015|cand|Bob Yates,100.0,1,name+zip,True
2015,d03865,2015|cand|Bob Yates,100.0,1,name+zip,True
2015,d03993,2015|cand|Bob Yates,100.0,1,name+zip,True
2015,d04040,2015|cand|Bob Yates,100.0,1,name+zip,True
2015,d04041,2015|cand|Bob Yates,100.0,1,name+zip,True
2015,d04089,2015|cand|Bob Yates,100.0,1,name+zip,True
2015,d04127,2015|cand|Bob Yates,100.0,1,name+zip,True
2015,d04208,2015|cand|Bob Yates,100.0,1,name+zip,True
2015,d04258,2015|cand|Bob Yates,100.0,1,name+zip,True
2015,d04335,2015|cand|Bob Yates,25.0,1,name+zip,True
2015,d04350,2015|cand|Bob Yates,100.0,1,name+zip,True
2015,d04354,2015|cand|Bob Yates,50.0,1,name+zip,True
2015,d04382,2015|cand|Bob Yates,100.0,1,name+zip,True
2015,d04426,2015|cand|Bob Yates,100.0,1,name+zip,True
2015,d04467,2015|cand|Bob Yates,100.0,1,name+zip,True
2015,d04477,2015|cand|Bob Yates,75.0,1,name+zip,True
2015,d04516,2015|cand|Bob Yates,100.0,1,name+zip,True
2015,d04523,2015|cand|Bob Yates,100.0,1,name+zip,True
2015,d04528,2015|cand|Bob Yates,100.0,1,name+zip,True
2015,d04549,2015|cand|Bob Yates,25.0,1,name+zip,True
2015,d04578,2015|cand|Bob Yates,100.0,1,name+zip,True
2015,d04741,2015|cand|Bob Yates,100.0,1,name+zip,True
2015,d04770,2015|cand|Bob Yates,100.0,1,name+zip,True
2015,d04863,2015|cand|Bob Yates,100.0,1,name+zip,True
2015,d04873,2015|cand|Bob Yates,75.0,1,name+zip,True
2015,d04934,2015|cand|Bob Yates,100.0,1,name+zip,True
2015,d05034,2015|cand|Bob Yates,100.0,1,name+zip,True
2015,d05117,2015|cand|Bob Yates,100.0,1,name+zip,True
2015,d05121,2015|cand|Bob Yates,100.0,1,name+zip,True
2015,d05180,2015|cand|Bob Yates,100.0,1,name+zip,True
2015,d05221,2015|cand|Bob Yates,100.0,1,name+zip,True
2015,d05241,2015|cand|Bob Yates,100.0,1,name+zip,True
2015,d05261,2015|cand|Bob Yates,100.0,1,name+zip,True
2015,d05323,2015|cand|Bob Yates,50.0,1,name+zip,True
2015,d05324,2015|cand|Bob Yates,100.0,1,name+zip,True
2015,d05434,2015|cand|Bob Yates,200.0,2,name+zip,True
2015,d05435,2015|cand|Bob Yates,100.0,1,name+zip,True
2015,d05479,2015|cand|Bob Yates,100.0,1,name+zip,True
2015,d05493,2015|cand|Bob Yates,10.0,1,name+zip,True
2015,d05536,2015|cand|Bob Yates,100.0,1,name+zip,True
2015,d05544,2015|cand|Bob Yates,100.0,1,name+zip,True
2015,d05561,2015|cand|Bob Yates,100.0,1,name+zip,True
2015,d05638,2015|cand|Bob Yates,100.0,1,name+zip,True
2015,d05640,2015|cand|Bob Yates,100.0,1,name+zip,True
2015,d05649,2015|cand|Bob Yates,100.0,1,name+zip,True
2015,d05705,2015|cand|Bob Yates,100.0,1,name+zip,True
2015,d05719,2015|cand|Bob Yates,50.0,1,name+zip,True
2015,d05822,2015|cand|Bob Yates,100.0,1,name+zip,True
2015,d06012,2015|cand|Bob Yates,100.0,1,name+zip,True
2015,d06028,2015|cand|Bob Yates,100.0,1,name+zip,True
2015,d06061,2015|cand|Bob Yates,100.0,1,name+zip,True
2015,d06134,2015|cand|Bob Yates,100.0,1,name+zip,True
2015,d06235,2015|cand|Bob Yates,100.0,1,name+zip,True
2015,d06239,2015|cand|Bob Yates,100.0,1,name+zip,True
2015,d06329,2015|cand|Bob Yates,50.0,1,name+zip,True
2015,d06362,2015|cand|Bob Yates,100.0,1,name+zip,True
2015,d06429,2015|cand|Bob Yates,22.52,1,name+zip,True
2015,d06435,2015|cand|Bob Yates,50.0,1,name+zip,True
2015,d06514,2015|cand|Bob Yates,100.0,1,name+zip,True
2015,d06548,2015|cand|Bob Yates,100.0,1,name+zip,True
2015,d06640,2015|cand|Bob Yates,100.0,1,name+zip,True
2015,d06803,2015|cand|Bob Yates,100.0,1,name+zip,True
2015,d06839,2015|cand|Bob Yates,100.0,1,name+zip,True
2015,d06876,2015|cand|Bob Yates,100.0,1,name+zip,True
2015,d06905,2015|cand|Bob Yates,100.0,1,name+zip,True
2015,d06924,2015|cand|Bob Yates,100.0,1,name+zip,True
2015,d07032,2015|cand|Bob Yates,100.0,1,name+zip,True
2015,d07049,2015|cand|Bob Yates,100.0,1,name+zip,True
2015,d07055,2015|cand|Bob Yates,100.0,1,name+zip,True
2015,d07116,2015|cand|Bob Yates,100.0,1,name+zip,True
2015,d07130,2015|cand|Bob Yates,100.0,1,name+zip,True
2015,d07138,2015|cand|Bob Yates,100.0,1,name+zip,True
2015,d07147,2015|cand|Bob Yates,100.0,1,name+zip,True
2015,d07203,2015|cand|Bob Yates,100.0,1,name+zip,True
2015,d07222,2015|cand|Bob Yates,100.0,1,name+zip,True
2015,d07283,2015|cand|Bob Yates,16.67,1,name+zip,True
2015,d07353,2015|cand|Bob Yates,100.0,1,name+zip,True
2015,d07415,2015|cand|Bob Yates,100.0,1,name+zip,True
2015,d07456,2015|cand|Bob Yates,100.0,1,name+zip,True
2015,d07567,2015|cand|Bob Yates,100.0,1,name+zip,True
2015,d07579,2015|cand|Bob Yates,100.0,1,name+zip,True
2015,d07701,2015|cand|Bob Yates,100.0,1,name+zip,True
2015,d07726,2015|cand|Bob Yates,100.0,1,name+zip,True
2015,d07754,2015|cand|Bob Yates,100.0,1,name+zip,True
2015,d07808,2015|cand|Bob Yates,100.0,1,name+zip,True
2015,d07833,2015|cand|Bob Yates,100.0,1,name+zip,True
2015,d07878,2015|cand|Bob Yates,100.0,1,name+zip,True
2015,d07991,2015|cand|Bob Yates,25.0,1,name+zip,True
2015,d08069,2015|cand|Bob Yates,100.0,1,name+zip,True
2015,d00012,2015|cand|Cynthia Carlisle,50.0,1,name+zip,True
2015,d00031,2015|cand|Cynthia Carlisle,100.0,1,name+zip,True
2015,d00070,2015|cand|Cynthia Carlisle,100.0,1,name+zip,True
2015,d00079,2015|cand|Cynthia Carlisle,100.0,1,name+zip,True
2015,d00177,2015|cand|Cynthia Carlisle,25.0,1,name+zip,True
2015,d00226,2015|cand|Cynthia Carlisle,75.0,1,name+zip,True
2015,d00249,2015|cand|Cynthia Carlisle,100.0,1,name+zip,True
2015,d00253,2015|cand|Cynthia Carlisle,100.0,1,name+zip,True
2015,d00262,2015|cand|Cynthia Carlisle,100.0,1,name+zip,True
2015,d00288,2015|cand|Cynthia Carlisle,50.0,1,name+zip,True
2015,d00396,2015|cand|Cynthia Carlisle,50.0,1,name+zip,True
2015,d00485,2015|cand|Cynthia Carlisle,35.0,1,name+zip,True
2015,d00553,2015|cand|Cynthia Carlisle,50.0,1,name+zip,True
2015,d00572,2015|cand|Cynthia Carlisle,100.0,1,name+zip,True
2015,d00601,2015|cand|Cynthia Carlisle,100.0,1,name+zip,True
2015,d00625,2015|cand|Cynthia Carlisle,25.0,1,name+zip,True
2015,d00634,2015|cand|Cynthia Carlisle,100.0,1,name+zip,True
2015,d00643,2015|cand|Cynthia Carlisle,25.0,1,name+zip,True
2015,d00751,2015|cand|Cynthia Carlisle,25.0,1,name+zip,True
2015,d00778,2015|cand|Cynthia Carlisle,25.0,1,name+zip,True
2015,d00826,2015|cand|Cynthia Carlisle,25.0,1,name+zip,True
2015,d01091,2015|cand|Cynthia Carlisle,12.0,1,name+zip,True
2015,d01125,2015|cand|Cynthia Carlisle,100.0,1,name+zip,True
2015,d01256,2015|cand|Cynthia Carlisle,25.0,1,name+zip,True
2015,d01274,2015|cand|Cynthia Carlisle,25.0,1,name+zip,True
2015,d01335,2015|cand|Cynthia Carlisle,100.0,1,name+zip,True
2015,d01337,2015|cand|Cynthia Carlisle,100.0,1,name+zip,True
2015,d01620,2015|cand|Cynthia Carlisle,25.0,1,name+zip,True
2015,d01654,2015|cand|Cynthia Carlisle,50.0,1,name+zip,True
2015,d01675,2015|cand|Cynthia Carlisle,25.0,1,name+zip,True
2015,d01680,2015|cand|Cynthia Carlisle,100.0,1,name+zip,True
2015,d01700,2015|cand|Cynthia Carlisle,25.0,1,name+zip,True
2015,d01730,2015|cand|Cynthia Carlisle,50.0,1,name+zip,True
2015,d01755,2015|cand|Cynthia Carlisle,100.0,1,name+zip,True
2015,d01779,2015|cand|Cynthia Carlisle,50.0,1,name+zip,True
2015,d01811,2015|cand|Cynthia Carlisle,25.0,1,name+zip,True
2015,d01815,2015|cand|Cynthia Carlisle,50.0,1,name+zip,True
2015,d01824,2015|cand|Cynthia Carlisle,100.0,1,name+zip,True
2015,d01848,2015|cand|Cynthia Carlisle,50.0,1,name+zip,True
2015,d01886,2015|cand|Cynthia Carlisle,100.0,1,name+zip,True
2015,d01906,2015|cand|Cynthia Carlisle,100.0,1,name+zip,True
2015,d02021,2015|cand|Cynthia Carlisle,50.0,1,name+zip,True
2015,d02055,2015|cand|Cynthia Carlisle,50.0,1,name+zip,True
2015,d02144,2015|cand|Cynthia Carlisle,100.0,1,name+zip,True
2015,d02193,2015|cand|Cynthia Carlisle,100.0,1,name+zip,True
2015,d02209,2015|cand|Cynthia Carlisle,100.0,1,name+zip,True
2015,d02216,2015|cand|Cynthia Carlisle,100.0,1,name+zip,True
2015,d02228,2015|cand|Cynthia Carlisle,25.0,1,name+zip,True
2015,d02295,2015|cand|Cynthia Carlisle,50.0,1,name+zip,True
2015,d02368,2015|cand|Cynthia Carlisle,50.0,1,name+zip,True
2015,d02398,2015|cand|Cynthia Carlisle,50.0,1,name+zip,True
2015,d02475,2015|cand|Cynthia Carlisle,100.0,1,name+zip,True
2015,d02481,2015|cand|Cynthia Carlisle,50.0,1,name+zip,True
2015,d02512,2015|cand|Cynthia Carlisle,100.0,1,name+zip,True
2015,d02529,2015|cand|Cynthia Carlisle,25.0,1,name+zip,True
2015,d02656,2015|cand|Cynthia Carlisle,100.0,1,name+zip,True
2015,d02741,2015|cand|Cynthia Carlisle,25.0,1,name+zip,True
2015,d02745,2015|cand|Cynthia Carlisle,100.0,1,name+zip,True
2015,d02814,2015|cand|Cynthia Carlisle,50.0,1,name+zip,True
2015,d02833,2015|cand|Cynthia Carlisle,100.0,1,name+zip,True
2015,d02895,2015|cand|Cynthia Carlisle,50.0,1,name+zip,True
2015,d02909,2015|cand|Cynthia Carlisle,50.0,2,name+zip,True
2015,d02991,2015|cand|Cynthia Carlisle,50.0,1,name+zip,True
2015,d03007,2015|cand|Cynthia Carlisle,20.0,1,name+zip,True
2015,d03016,2015|cand|Cynthia Carlisle,50.0,1,name+zip,True
2015,d03035,2015|cand|Cynthia Carlisle,100.0,1,name+zip,True
2015,d03086,2015|cand|Cynthia Carlisle,25.0,1,name+zip,True
2015,d03116,2015|cand|Cynthia Carlisle,50.0,1,name+zip,True
2015,d03219,2015|cand|Cynthia Carlisle,25.0,1,name+zip,True
2015,d03220,2015|cand|Cynthia Carlisle,100.0,1,name+zip,True
2015,d03252,2015|cand|Cynthia Carlisle,25.0,1,name+zip,True
2015,d03424,2015|cand|Cynthia Carlisle,50.0,1,name+zip,True
2015,d03594,2015|cand|Cynthia Carlisle,25.0,1,name+zip,True
2015,d03645,2015|cand|Cynthia Carlisle,100.0,1,name+zip,True
2015,d03650,2015|cand|Cynthia Carlisle,25.0,1,name+zip,True
2015,d03676,2015|cand|Cynthia Carlisle,50.0,1,name+zip,True
2015,d03690,2015|cand|Cynthia Carlisle,100.0,1,name+zip,True
2015,d03693,2015|cand|Cynthia Carlisle,100.0,1,name+zip,True
2015,d03732,2015|cand|Cynthia Carlisle,100.0,1,name+zip,True
2015,d03799,2015|cand|Cynthia Carlisle,25.0,1,name+zip,True
2015,d03906,2015|cand|Cynthia Carlisle,100.0,1,name+zip,True
2015,d04073,2015|cand|Cynthia Carlisle,100.0,1,name+zip,True
2015,d04248,2015|cand|Cynthia Carlisle,100.0,1,name+zip,True
2015,d04279,2015|cand|Cynthia Carlisle,25.0,1,name+zip,True
2015,d04283,2015|cand|Cynthia Carlisle,50.0,1,name+zip,True
2015,d04414,2015|cand|Cynthia Carlisle,25.0,1,name+zip,True
2015,d04454,2015|cand|Cynthia Carlisle,50.0,1,name+zip,True
2015,d04465,2015|cand|Cynthia Carlisle,26.0,1,name+zip,True
2015,d04550,2015|cand|Cynthia Carlisle,100.0,1,name+zip,True
2015,d04705,2015|cand|Cynthia Carlisle,100.0,1,name+zip,True
2015,d04805,2015|cand|Cynthia Carlisle,100.0,1,name+zip,True
2015,d04905,2015|cand|Cynthia Carlisle,100.0,1,name+zip,True
2015,d05014,2015|cand|Cynthia Carlisle,25.0,1,name+zip,True
2015,d05022,2015|cand|Cynthia Carlisle,50.0,1,name+zip,True
2015,d05056,2015|cand|Cynthia Carlisle,100.0,1,name+zip,True
2015,d05115,2015|cand|Cynthia Carlisle,100.0,1,name+zip,True
2015,d05140,2015|cand|Cynthia Carlisle,25.0,1,name+zip,True
2015,d05156,2015|cand|Cynthia Carlisle,100.0,1,name+zip,True
2015,d05423,2015|cand|Cynthia Carlisle,100.0,1,name+zip,True
2015,d05440,2015|cand|Cynthia Carlisle,25.0,1,name+zip,True
2015,d05485,2015|cand|Cynthia Carlisle,50.0,1,name+zip,True
2015,d05579,2015|cand|Cynthia Carlisle,100.0,1,name+zip,True
2015,d05607,2015|cand|Cynthia Carlisle,100.0,1,name+zip,True
2015,d05619,2015|cand|Cynthia Carlisle,50.0,1,name+zip,True
2015,d05642,2015|cand|Cynthia Carlisle,754.76,4,name+zip,True
2015,d05886,2015|cand|Cynthia Carlisle,100.0,1,name+zip,True
2015,d05896,2015|cand|Cynthia Carlisle,25.0,1,name+zip,True
2015,d05949,2015|cand|Cynthia Carlisle,100.0,1,name+zip,True
2015,d05969,2015|cand|Cynthia Carlisle,50.0,1,name+zip,True
2015,d06124,2015|cand|Cynthia Carlisle,100.0,1,name+zip,True
2015,d06151,2015|cand|Cynthia Carlisle,50.0,1,name+zip,True
2015,d06160,2015|cand|Cynthia Carlisle,100.0,1,name+zip,True
2015,d06345,2015|cand|Cynthia Carlisle,75.0,1,name+zip,True
2015,d06413,2015|cand|Cynthia Carlisle,100.0,1,name+zip,True
2015,d06525,2015|cand|Cynthia Carlisle,100.0,1,name+zip,True
2015,d06566,2015|cand|Cynthia Carlisle,25.0,1,name+zip,True
2015,d06567,2015|cand|Cynthia Carlisle,100.0,1,name+zip,True
2015,d06627,2015|cand|Cynthia Carlisle,50.0,1,name+zip,True
2015,d06737,2015|cand|Cynthia Carlisle,25.0,1,name+zip,True
2015,d06835,2015|cand|Cynthia Carlisle,100.0,1,name+zip,True
2015,d06855,2015|cand|Cynthia Carlisle,100.0,1,name+zip,True
2015,d06882,2015|cand|Cynthia Carlisle,100.0,1,name+zip,True
2015,d06894,2015|cand|Cynthia Carlisle,100.0,1,name+zip,True
2015,d06897,2015|cand|Cynthia Carlisle,25.0,1,name+zip,True
2015,d06978,2015|cand|Cynthia Carlisle,50.0,1,name+zip,True
2015,d07014,2015|cand|Cynthia Carlisle,50.0,1,name+zip,True
2015,d07038,2015|cand|Cynthia Carlisle,50.0,1,name+zip,True
2015,d07085,2015|cand|Cynthia Carlisle,100.0,1,name+zip,True
2015,d07184,2015|cand|Cynthia Carlisle,100.0,1,name+zip,True
2015,d07249,2015|cand|Cynthia Carlisle,30.0,1,name+zip,True
2015,d07302,2015|cand|Cynthia Carlisle,25.0,1,name+zip,True
2015,d07364,2015|cand|Cynthia Carlisle,25.0,1,name+zip,True
2015,d07371,2015|cand|Cynthia Carlisle,100.0,1,name+zip,True
2015,d07408,2015|cand|Cynthia Carlisle,25.0,1,name+zip,True
2015,d07443,2015|cand|Cynthia Carlisle,37.5,1,name+zip,True
2015,d07466,2015|cand|Cynthia Carlisle,50.0,1,name+zip,True
2015,d07478,2015|cand|Cynthia Carlisle,100.0,1,name+zip,True
2015,d07482,2015|cand|Cynthia Carlisle,100.0,1,name+zip,True
2015,d07509,2015|cand|Cynthia Carlisle,100.0,1,name+zip,True
2015,d07525,2015|cand|Cynthia Carlisle,100.0,1,name+zip,True
2015,d07616,2015|cand|Cynthia Carlisle,50.0,1,name+zip,True
2015,d07644,2015|cand|Cynthia Carlisle,100.0,1,name+zip,True
2015,d07681,2015|cand|Cynthia Carlisle,100.0,1,name+zip,True
2015,d07710,2015|cand|Cynthia Carlisle,100.0,1,name+zip,True
2015,d07772,2015|cand|Cynthia Carlisle,25.0,1,name+zip,True
2015,d07915,2015|cand|Cynthia Carlisle,100.0,1,name+zip,True
2015,d07947,2015|cand|Cynthia Carlisle,50.0,1,name+zip,True
2015,d07979,2015|cand|Cynthia Carlisle,25.0,1,name+zip,True
2015,d08074,2015|cand|Cynthia Carlisle,100.0,1,name+zip,True
2015,d00481,2015|cand|Donald Cote,100.0,1,name+zip,True
2015,d00904,2015|cand|Donald Cote,100.0,1,name+zip,True
2015,d00961,2015|cand|Donald Cote,100.0,1,name+zip,True
2015,d01028,2015|cand|Donald Cote,100.0,1,name+zip,True
2015,d01130,2015|cand|Donald Cote,50.0,1,name+zip,True
2015,d01602,2015|cand|Donald Cote,300.0,1,name+zip,True
2015,d01688,2015|cand|Donald Cote,100.0,2,name+zip,True
2015,d01909,2015|cand|Donald Cote,100.0,1,name+zip,True
2015,d01952,2015|cand|Donald Cote,50.0,1,name+zip,True
2015,d02070,2015|cand|Donald Cote,50.0,1,name+zip,True
2015,d02392,2015|cand|Donald Cote,25.0,1,name+zip,True
2015,d02553,2015|cand|Donald Cote,25.0,1,name+zip,True
2015,d02624,2015|cand|Donald Cote,40.0,1,name+zip,True
2015,d02818,2015|cand|Donald Cote,100.0,1,name+zip,True
2015,d03122,2015|cand|Donald Cote,100.0,1,name+zip,True
2015,d03533,2015|cand|Donald Cote,100.0,1,name+zip,True
2015,d03610,2015|cand|Donald Cote,100.0,1,name+zip,True
2015,d03658,2015|cand|Donald Cote,100.0,1,name+zip,True
2015,d03717,2015|cand|Donald Cote,25.0,1,name+zip,True
2015,d03863,2015|cand|Donald Cote,50.0,2,name+zip,True
2015,d04296,2015|cand|Donald Cote,100.0,1,name+zip,True
2015,d04400,2015|cand|Donald Cote,100.0,1,name+zip,True
2015,d04482,2015|cand|Donald Cote,100.0,1,name+zip,True
2015,d04795,2015|cand|Donald Cote,100.0,1,name+zip,True
2015,d04799,2015|cand|Donald Cote,100.0,1,name+zip,True
2015,d04880,2015|cand|Donald Cote,50.0,1,name+zip,True
2015,d04980,2015|cand|Donald Cote,100.0,1,name+zip,True
2015,d05088,2015|cand|Donald Cote,25.0,1,name+zip,True
2015,d05093,2015|cand|Donald Cote,25.0,1,name+zip,True
2015,d05116,2015|cand|Donald Cote,50.0,1,name+zip,True
2015,d05293,2015|cand|Donald Cote,25.0,1,name+zip,True
2015,d06303,2015|cand|Donald Cote,100.0,1,name+zip,True
2015,d06337,2015|cand|Donald Cote,100.0,1,name+zip,True
2015,d06572,2015|cand|Donald Cote,100.0,1,name+zip,True
2015,d06589,2015|cand|Donald Cote,100.0,1,name+zip,True
2015,d06839,2015|cand|Donald Cote,100.0,1,name+zip,True
2015,d06999,2015|cand|Donald Cote,25.0,1,name+zip,True
2015,d07138,2015|cand|Donald Cote,100.0,1,name+zip,True
2015,d07213,2015|cand|Donald Cote,25.0,1,name+zip,True
2015,d07473,2015|cand|Donald Cote,50.0,1,name+zip,True
2015,d07832,2015|cand|Donald Cote,50.0,1,name+zip,True
2015,d08148,2015|cand|Donald Cote,100.0,1,name+zip,True
2015,d05428,2015|cand|Edward Jabari,100.0,1,name+zip,True
2015,d06033,2015|cand|Edward Jabari,10.0,1,name+zip,True
2015,d07427,2015|cand|Edward Jabari,50.0,1,name+zip,True
2015,d00089,2015|cand|Jan Burton,100.0,1,name+zip,True
2015,d00230,2015|cand|Jan Burton,25.0,1,name+zip,True
2015,d00286,2015|cand|Jan Burton,25.0,1,name+zip,True
2015,d00345,2015|cand|Jan Burton,150.0,1,name+zip,True
2015,d00441,2015|cand|Jan Burton,25.0,1,name+zip,True
2015,d00452,2015|cand|Jan Burton,50.0,1,name+zip,True
2015,d00476,2015|cand|Jan Burton,100.0,1,name+zip,True
2015,d00490,2015|cand|Jan Burton,100.0,1,name+zip,True
2015,d00700,2015|cand|Jan Burton,100.0,1,name+zip,True
2015,d00741,2015|cand|Jan Burton,95.0,1,name+zip,True
2015,d00820,2015|cand|Jan Burton,100.0,1,name+zip,True
2015,d00885,2015|cand|Jan Burton,30.0,1,name+zip,True
2015,d01007,2015|cand|Jan Burton,25.0,1,name+zip,True
2015,d01029,2015|cand|Jan Burton,100.0,1,name+zip,True
2015,d01053,2015|cand|Jan Burton,100.0,1,name+zip,True
2015,d01119,2015|cand|Jan Burton,100.0,1,name+zip,True
2015,d01126,2015|cand|Jan Burton,100.0,1,name+zip,True
2015,d01156,2015|cand|Jan Burton,100.0,1,name+zip,True
2015,d01230,2015|cand|Jan Burton,100.0,1,name+zip,True
2015,d01270,2015|cand|Jan Burton,100.0,1,name+zip,True
2015,d01408,2015|cand|Jan Burton,50.0,1,name+zip,True
2015,d01535,2015|cand|Jan Burton,50.0,1,name+zip,True
2015,d01578,2015|cand|Jan Burton,100.0,1,name+zip,True
2015,d01579,2015|cand|Jan Burton,100.0,1,name+zip,True
2015,d01609,2015|cand|Jan Burton,50.0,1,name+zip,True
2015,d01635,2015|cand|Jan Burton,50.0,1,name+zip,True
2015,d01713,2015|cand|Jan Burton,100.0,1,name+zip,True
2015,d01817,2015|cand|Jan Burton,100.0,1,name+zip,True
2015,d01981,2015|cand|Jan Burton,50.0,1,name+zip,True
2015,d01997,2015|cand|Jan Burton,100.0,1,name+zip,True
2015,d02036,2015|cand|Jan Burton,100.0,1,name+zip,True
2015,d02089,2015|cand|Jan Burton,100.0,1,name+zip,True
2015,d02093,2015|cand|Jan Burton,100.0,1,name+zip,True
2015,d02136,2015|cand|Jan Burton,100.0,1,name+zip,True
2015,d02158,2015|cand|Jan Burton,100.0,1,name+zip,True
2015,d02176,2015|cand|Jan Burton,100.0,1,name+zip,True
2015,d02187,2015|cand|Jan Burton,100.0,1,name+zip,True
2015,d02210,2015|cand|Jan Burton,100.0,1,name+zip,True
2015,d02247,2015|cand|Jan Burton,100.0,1,name+zip,True
2015,d02388,2015|cand|Jan Burton,25.0,1,name+zip,True
2015,d02493,2015|cand|Jan Burton,100.0,1,name+zip,True
2015,d02501,2015|cand|Jan Burton,100.0,1,name+zip,True
2015,d02526,2015|cand|Jan Burton,32.0,1,name+zip,True
2015,d02558,2015|cand|Jan Burton,100.0,1,name+zip,True
2015,d02578,2015|cand|Jan Burton,89.89,1,name+zip,True
2015,d02585,2015|cand|Jan Burton,50.0,1,name+zip,True
2015,d02627,2015|cand|Jan Burton,200.0,1,name+zip,True
2015,d02639,2015|cand|Jan Burton,100.0,1,name+zip,True
2015,d02642,2015|cand|Jan Burton,100.0,1,name+zip,True
2015,d02851,2015|cand|Jan Burton,100.0,1,name+zip,True
2015,d02903,2015|cand|Jan Burton,100.0,1,name+zip,True
2015,d03001,2015|cand|Jan Burton,25.0,1,name+zip,True
2015,d03127,2015|cand|Jan Burton,50.0,1,name+zip,True
2015,d03136,2015|cand|Jan Burton,100.0,1,name+zip,True
2015,d03286,2015|cand|Jan Burton,50.0,1,name+zip,True
2015,d03422,2015|cand|Jan Burton,50.0,1,name+zip,True
2015,d03447,2015|cand|Jan Burton,100.0,1,name+zip,True
2015,d03478,2015|cand|Jan Burton,100.0,1,name+zip,True
2015,d03492,2015|cand|Jan Burton,50.0,1,name+zip,True
2015,d03589,2015|cand|Jan Burton,100.0,1,name+zip,True
2015,d03638,2015|cand|Jan Burton,100.0,1,name+zip,True
2015,d03658,2015|cand|Jan Burton,100.0,1,name+zip,True
2015,d03756,2015|cand|Jan Burton,25.0,1,name+zip,True
2015,d03810,2015|cand|Jan Burton,95.0,1,name+zip,True
2015,d03821,2015|cand|Jan Burton,100.0,1,name+zip,True
2015,d03834,2015|cand|Jan Burton,95.0,1,name+zip,True
2015,d04205,2015|cand|Jan Burton,100.0,1,name+zip,True
2015,d04252,2015|cand|Jan Burton,25.0,1,name+zip,True
2015,d04268,2015|cand|Jan Burton,100.0,1,name+zip,True
2015,d04291,2015|cand|Jan Burton,100.0,1,name+zip,True
2015,d04352,2015|cand|Jan Burton,95.0,1,name+zip,True
2015,d04358,2015|cand|Jan Burton,100.0,1,name+zip,True
2015,d04442,2015|cand|Jan Burton,100.0,1,name+zip,True
2015,d04646,2015|cand|Jan Burton,50.0,1,name+zip,True
2015,d04753,2015|cand|Jan Burton,100.0,1,name+zip,True
2015,d04799,2015|cand|Jan Burton,100.0,1,name+zip,True
2015,d04882,2015|cand|Jan Burton,100.0,1,name+zip,True
2015,d04971,2015|cand|Jan Burton,100.0,1,name+zip,True
2015,d05003,2015|cand|Jan Burton,100.0,1,name+zip,True
2015,d05324,2015|cand|Jan Burton,100.0,1,name+zip,True
2015,d05434,2015|cand|Jan Burton,100.0,1,name+zip,True
2015,d05442,2015|cand|Jan Burton,25.0,1,name+zip,True
2015,d05478,2015|cand|Jan Burton,100.0,1,name+zip,True
2015,d05493,2015|cand|Jan Burton,10.0,1,name+zip,True
2015,d05503,2015|cand|Jan Burton,100.0,1,name+zip,True
2015,d05518,2015|cand|Jan Burton,100.0,1,name+zip,True
2015,d05534,2015|cand|Jan Burton,25.0,1,name+zip,True
2015,d05570,2015|cand|Jan Burton,100.0,1,name+zip,True
2015,d05601,2015|cand|Jan Burton,100.0,1,name+zip,True
2015,d05689,2015|cand|Jan Burton,25.0,1,name+zip,True
2015,d05963,2015|cand|Jan Burton,100.0,1,name+zip,True
2015,d05985,2015|cand|Jan Burton,100.0,1,name+zip,True
2015,d06013,2015|cand|Jan Burton,25.0,1,name+zip,True
2015,d06023,2015|cand|Jan Burton,100.0,1,name+zip,True
2015,d06036,2015|cand|Jan Burton,100.0,1,name+zip,True
2015,d06086,2015|cand|Jan Burton,100.0,1,name+zip,True
2015,d06329,2015|cand|Jan Burton,50.0,1,name+zip,True
2015,d06333,2015|cand|Jan Burton,100.0,1,name+zip,True
2015,d06377,2015|cand|Jan Burton,50.0,1,name+zip,True
2015,d06429,2015|cand|Jan Burton,22.52,1,name+zip,True
2015,d06524,2015|cand|Jan Burton,40.0,1,name+zip,True
2015,d06529,2015|cand|Jan Burton,100.0,1,name+zip,True
2015,d06548,2015|cand|Jan Burton,100.0,1,name+zip,True
2015,d06736,2015|cand|Jan Burton,100.0,1,name+zip,True
2015,d06839,2015|cand|Jan Burton,100.0,1,name+zip,True
2015,d06975,2015|cand|Jan Burton,100.0,1,name+zip,True
2015,d07017,2015|cand|Jan Burton,100.0,1,name+zip,True
2015,d07032,2015|cand|Jan Burton,50.0,1,name+zip,True
2015,d07048,2015|cand|Jan Burton,25.0,1,name+zip,True
2015,d07071,2015|cand|Jan Burton,100.0,1,name+zip,True
2015,d07097,2015|cand|Jan Burton,100.0,1,name+zip,True
2015,d07160,2015|cand|Jan Burton,50.0,1,name+zip,True
2015,d07233,2015|cand|Jan Burton,100.0,1,name+zip,True
2015,d07260,2015|cand|Jan Burton,25.0,1,name+zip,True
2015,d07288,2015|cand|Jan Burton,100.0,1,name+zip,True
2015,d07316,2015|cand|Jan Burton,200.0,1,name+zip,True
2015,d07418,2015|cand|Jan Burton,50.0,1,name+zip,True
2015,d07517,2015|cand|Jan Burton,100.0,1,name+zip,True
2015,d07559,2015|cand|Jan Burton,50.0,1,name+zip,True
2015,d07701,2015|cand|Jan Burton,100.0,1,name+zip,True
2015,d07776,2015|cand|Jan Burton,100.0,1,name+zip,True
2015,d07790,2015|cand|Jan Burton,100.0,1,name+zip,True
2015,d07866,2015|cand|Jan Burton,100.0,1,name+zip,True
2015,d03658,2015|cand|Julianne McCabe,100.0,1,name+zip,True
2015,d00017,2015|cand|Jyotsna Raj,25.0,1,name+zip,True
2015,d00079,2015|cand|Jyotsna Raj,100.0,1,name+zip,True
2015,d00148,2015|cand|Jyotsna Raj,25.0,1,name+zip,True
2015,d00253,2015|cand|Jyotsna Raj,100.0,1,name+zip,True
2015,d00281,2015|cand|Jyotsna Raj,50.0,1,name+zip,True
2015,d00288,2015|cand|Jyotsna Raj,50.0,1,name+zip,True
2015,d00572,2015|cand|Jyotsna Raj,100.0,1,name+zip,True
2015,d00646,2015|cand|Jyotsna Raj,100.0,1,name+zip,True
2015,d00667,2015|cand|Jyotsna Raj,50.0,1,name+zip,True
2015,d00751,2015|cand|Jyotsna Raj,25.0,1,name+zip,True
2015,d00778,2015|cand|Jyotsna Raj,25.0,1,name+zip,True
2015,d00780,2015|cand|Jyotsna Raj,25.0,1,name+zip,True
2015,d00865,2015|cand|Jyotsna Raj,100.0,1,name+zip,True
2015,d00971,2015|cand|Jyotsna Raj,50.0,1,name+zip,True
2015,d01032,2015|cand|Jyotsna Raj,25.0,1,name+zip,True
2015,d01104,2015|cand|Jyotsna Raj,100.0,1,name+zip,True
2015,d01125,2015|cand|Jyotsna Raj,100.0,1,name+zip,True
2015,d01181,2015|cand|Jyotsna Raj,25.0,1,name+zip,True
2015,d01320,2015|cand|Jyotsna Raj,25.0,1,name+zip,True
2015,d01395,2015|cand|Jyotsna Raj,25.0,1,name+zip,True
2015,d01460,2015|cand|Jyotsna Raj,25.0,1,name+zip,True
2015,d01461,2015|cand|Jyotsna Raj,25.0,1,name+zip,True
2015,d01489,2015|cand|Jyotsna Raj,1.0,1,name+zip,True
2015,d01528,2015|cand|Jyotsna Raj,25.0,1,name+zip,True
2015,d01550,2015|cand|Jyotsna Raj,100.0,1,name+zip,True
2015,d01598,2015|cand|Jyotsna Raj,100.0,1,name+zip,True
2015,d01634,2015|cand|Jyotsna Raj,10.0,1,name+zip,True
2015,d01700,2015|cand|Jyotsna Raj,50.0,1,name+zip,True
2015,d01717,2015|cand|Jyotsna Raj,25.0,1,name+zip,True
2015,d01779,2015|cand|Jyotsna Raj,50.0,1,name+zip,True
2015,d01848,2015|cand|Jyotsna Raj,50.0,1,name+zip,True
2015,d01892,2015|cand|Jyotsna Raj,25.0,1,name+zip,True
2015,d01966,2015|cand|Jyotsna Raj,25.0,1,name+zip,True
2015,d02032,2015|cand|Jyotsna Raj,50.0,1,name+zip,True
2015,d02055,2015|cand|Jyotsna Raj,50.0,1,name+zip,True
2015,d02140,2015|cand|Jyotsna Raj,25.0,1,name+zip,True
2015,d02151,2015|cand|Jyotsna Raj,40.0,1,name+zip,True
2015,d02157,2015|cand|Jyotsna Raj,25.0,1,name+zip,True
2015,d02193,2015|cand|Jyotsna Raj,50.0,1,name+zip,True
2015,d02209,2015|cand|Jyotsna Raj,100.0,1,name+zip,True
2015,d02228,2015|cand|Jyotsna Raj,25.0,1,name+zip,True
2015,d02311,2015|cand|Jyotsna Raj,10.0,1,name+zip,True
2015,d02320,2015|cand|Jyotsna Raj,100.0,1,name+zip,True
2015,d02398,2015|cand|Jyotsna Raj,50.0,1,name+zip,True
2015,d02481,2015|cand|Jyotsna Raj,25.0,1,name+zip,True
2015,d02512,2015|cand|Jyotsna Raj,100.0,1,name+zip,True
2015,d02549,2015|cand|Jyotsna Raj,50.0,1,name+zip,True
2015,d02589,2015|cand|Jyotsna Raj,100.0,1,name+zip,True
2015,d02604,2015|cand|Jyotsna Raj,50.0,1,name+zip,True
2015,d02623,2015|cand|Jyotsna Raj,35.0,1,name+zip,True
2015,d02626,2015|cand|Jyotsna Raj,50.0,1,name+zip,True
2015,d02634,2015|cand|Jyotsna Raj,25.0,1,name+zip,True
2015,d02734,2015|cand|Jyotsna Raj,25.0,1,name+zip,True
2015,d02885,2015|cand|Jyotsna Raj,25.0,1,name+zip,True
2015,d02913,2015|cand|Jyotsna Raj,25.0,1,name+zip,True
2015,d02991,2015|cand|Jyotsna Raj,100.0,2,name+zip,True
2015,d03035,2015|cand|Jyotsna Raj,100.0,1,name+zip,True
2015,d03086,2015|cand|Jyotsna Raj,25.0,1,name+zip,True
2015,d03131,2015|cand|Jyotsna Raj,25.0,1,name+zip,True
2015,d03219,2015|cand|Jyotsna Raj,50.0,1,name+zip,True
2015,d03228,2015|cand|Jyotsna Raj,75.0,1,name+zip,True
2015,d03257,2015|cand|Jyotsna Raj,25.0,1,name+zip,True
2015,d03309,2015|cand|Jyotsna Raj,100.0,1,name+zip,True
2015,d03333,2015|cand|Jyotsna Raj,100.0,1,name+zip,True
2015,d03341,2015|cand|Jyotsna Raj,50.0,1,name+zip,True
2015,d03371,2015|cand|Jyotsna Raj,26.0,1,name+zip,True
2015,d03387,2015|cand|Jyotsna Raj,100.0,1,name+zip,True
2015,d03404,2015|cand|Jyotsna Raj,25.0,1,name+zip,True
2015,d03604,2015|cand|Jyotsna Raj,50.0,1,name+zip,True
2015,d03633,2015|cand|Jyotsna Raj,24.0,1,name+zip,True
2015,d03676,2015|cand|Jyotsna Raj,50.0,1,name+zip,True
2015,d03693,2015|cand|Jyotsna Raj,100.0,1,name+zip,True
2015,d03745,2015|cand|Jyotsna Raj,25.0,1,name+zip,True
2015,d03779,2015|cand|Jyotsna Raj,35.0,1,name+zip,True
2015,d03799,2015|cand|Jyotsna Raj,25.0,1,name+zip,True
2015,d03902,2015|cand|Jyotsna Raj,100.0,1,name+zip,True
2015,d03927,2015|cand|Jyotsna Raj,25.0,1,name+zip,True
2015,d04007,2015|cand|Jyotsna Raj,100.0,1,name+zip,True
2015,d04151,2015|cand|Jyotsna Raj,50.0,1,name+zip,True
2015,d04165,2015|cand|Jyotsna Raj,25.0,1,name+zip,True
2015,d04244,2015|cand|Jyotsna Raj,25.0,1,name+zip,True
2015,d04248,2015|cand|Jyotsna Raj,50.0,1,name+zip,True
2015,d04277,2015|cand|Jyotsna Raj,100.0,1,name+zip,True
2015,d04283,2015|cand|Jyotsna Raj,50.0,1,name+zip,True
2015,d04414,2015|cand|Jyotsna Raj,25.0,1,name+zip,True
2015,d04454,2015|cand|Jyotsna Raj,50.0,1,name+zip,True
2015,d04597,2015|cand|Jyotsna Raj,50.0,1,name+zip,True
2015,d04680,2015|cand|Jyotsna Raj,100.0,1,name+zip,True
2015,d04722,2015|cand|Jyotsna Raj,50.0,1,name+zip,True
2015,d04723,2015|cand|Jyotsna Raj,100.0,1,name+zip,True
2015,d05014,2015|cand|Jyotsna Raj,25.0,1,name+zip,True
2015,d05022,2015|cand|Jyotsna Raj,50.0,1,name+zip,True
2015,d05056,2015|cand|Jyotsna Raj,100.0,1,name+zip,True
2015,d05140,2015|cand|Jyotsna Raj,25.0,1,name+zip,True
2015,d05240,2015|cand|Jyotsna Raj,100.0,1,name+zip,True
2015,d05260,2015|cand|Jyotsna Raj,100.0,1,name+zip,True
2015,d05271,2015|cand|Jyotsna Raj,50.0,1,name+zip,True
2015,d05353,2015|cand|Jyotsna Raj,25.0,1,name+zip,True
2015,d05370,2015|cand|Jyotsna Raj,25.0,1,name+zip,True
2015,d05428,2015|cand|Jyotsna Raj,100.0,1,name+zip,True
2015,d05438,2015|cand|Jyotsna Raj,25.0,1,name+zip,True
2015,d05440,2015|cand|Jyotsna Raj,25.0,1,name+zip,True
2015,d05579,2015|cand|Jyotsna Raj,100.0,1,name+zip,True
2015,d05599,2015|cand|Jyotsna Raj,100.0,1,name+zip,True
2015,d05642,2015|cand|Jyotsna Raj,50.0,1,name+zip,True
2015,d05766,2015|cand|Jyotsna Raj,25.0,1,name+zip,True
2015,d05780,2015|cand|Jyotsna Raj,100.0,1,name+zip,True
2015,d05859,2015|cand|Jyotsna Raj,100.0,1,name+zip,True
2015,d05896,2015|cand|Jyotsna Raj,25.0,1,name+zip,True
2015,d05996,2015|cand|Jyotsna Raj,100.0,1,name+zip,True
2015,d06059,2015|cand|Jyotsna Raj,25.0,1,name+zip,True
2015,d06153,2015|cand|Jyotsna Raj,50.0,1,name+zip,True
2015,d06161,2015|cand|Jyotsna Raj,50.0,1,name+zip,True
2015,d06357,2015|cand|Jyotsna Raj,50.0,1,name+zip,True
2015,d06497,2015|cand|Jyotsna Raj,100.0,1,name+zip,True
2015,d06525,2015|cand|Jyotsna Raj,50.0,1,name+zip,True
2015,d06551,2015|cand|Jyotsna Raj,100.0,1,name+zip,True
2015,d06566,2015|cand|Jyotsna Raj,25.0,1,name+zip,True
2015,d06626,2015|cand|Jyotsna Raj,25.0,1,name+zip,True
2015,d06631,2015|cand|Jyotsna Raj,50.0,1,name+zip,True
2015,d06632,2015|cand|Jyotsna Raj,50.0,1,name+zip,True
2015,d06693,2015|cand|Jyotsna Raj,50.0,1,name+zip,True
2015,d06697,2015|cand|Jyotsna Raj,25.0,1,name+zip,True
2015,d06737,2015|cand|Jyotsna Raj,25.0,1,name+zip,True
2015,d06752,2015|cand|Jyotsna Raj,20.0,1,name+zip,True
2015,d06837,2015|cand|Jyotsna Raj,100.0,1,name+zip,True
2015,d06845,2015|cand|Jyotsna Raj,25.0,1,name+zip,True
2015,d06866,2015|cand|Jyotsna Raj,25.0,1,name+zip,True
2015,d06870,2015|cand|Jyotsna Raj,25.0,1,name+zip,True
2015,d06894,2015|cand|Jyotsna Raj,50.0,1,name+zip,True
2015,d07089,2015|cand|Jyotsna Raj,50.0,1,name+zip,True
2015,d07117,2015|cand|Jyotsna Raj,25.0,1,name+zip,True
2015,d07238,2015|cand|Jyotsna Raj,100.0,1,name+zip,True
2015,d07249,2015|cand|Jyotsna Raj,50.0,1,name+zip,True
2015,d07364,2015|cand|Jyotsna Raj,25.0,1,name+zip,True
2015,d07426,2015|cand|Jyotsna Raj,25.0,1,name+zip,True
2015,d07466,2015|cand|Jyotsna Raj,50.0,1,name+zip,True
2015,d07482,2015|cand|Jyotsna Raj,100.0,1,name+zip,True
2015,d07509,2015|cand|Jyotsna Raj,50.0,1,name+zip,True
2015,d07575,2015|cand|Jyotsna Raj,30.0,1,name+zip,True
2015,d07616,2015|cand|Jyotsna Raj,50.0,1,name+zip,True
2015,d07659,2015|cand|Jyotsna Raj,50.0,1,name+zip,True
2015,d07667,2015|cand|Jyotsna Raj,100.0,1,name+zip,True
2015,d07704,2015|cand|Jyotsna Raj,40.0,1,name+zip,True
2015,d07710,2015|cand|Jyotsna Raj,50.0,1,name+zip,True
2015,d07735,2015|cand|Jyotsna Raj,25.0,1,name+zip,True
2015,d07759,2015|cand|Jyotsna Raj,35.0,1,name+zip,True
2015,d07846,2015|cand|Jyotsna Raj,15.0,1,name+zip,True
2015,d07947,2015|cand|Jyotsna Raj,50.0,2,name+zip,True
2015,d07956,2015|cand|Jyotsna Raj,50.0,1,name+zip,True
2015,d07972,2015|cand|Jyotsna Raj,50.0,1,name+zip,True
2015,d08074,2015|cand|Jyotsna Raj,50.0,1,name+zip,True
2015,d01912,2015|cand|Keith Percy,20.0,1,name+zip,True
2015,d05077,2015|cand|Keith Percy,100.0,1,name+zip,True
2015,d05162,2015|cand|Keith Percy,100.0,1,name+zip,True
2015,d05439,2015|cand|Keith Percy,40.0,1,name+zip,True
2015,d06455,2015|cand|Keith Percy,35.17,1,name+zip,True
2015,d07485,2015|cand|Keith Percy,25.0,1,name+zip,True
2015,d00214,2015|cand|Lauren (Cha Cha) Spinrad,25.0,1,name+zip,False
2015,d00339,2015|cand|Lauren (Cha Cha) Spinrad,50.0,1,name+zip,True
2015,d00506,2015|cand|Lauren (Cha Cha) Spinrad,100.0,1,name+zip,True
2015,d00606,2015|cand|Lauren (Cha Cha) Spinrad,50.0,1,name+zip,False
2015,d00616,2015|cand|Lauren (Cha Cha) Spinrad,100.0,1,name+zip,False
2015,d00663,2015|cand|Lauren (Cha Cha) Spinrad,25.0,1,name+zip,True
2015,d00680,2015|cand|Lauren (Cha Cha) Spinrad,10.0,1,name+zip,False
2015,d00715,2015|cand|Lauren (Cha Cha) Spinrad,25.0,1,name+zip,True
2015,d00979,2015|cand|Lauren (Cha Cha) Spinrad,50.0,1,name+zip,False
2015,d01133,2015|cand|Lauren (Cha Cha) Spinrad,25.0,1,name+zip,False
2015,d01475,2015|cand|Lauren (Cha Cha) Spinrad,25.0,1,name+zip,False
2015,d01594,2015|cand|Lauren (Cha Cha) Spinrad,25.0,1,name+zip,False
2015,d01673,2015|cand|Lauren (Cha Cha) Spinrad,20.0,1,name+zip,False
2015,d01926,2015|cand|Lauren (Cha Cha) Spinrad,100.0,1,name+zip,True
2015,d01998,2015|cand|Lauren (Cha Cha) Spinrad,25.0,1,name+zip,False
2015,d02033,2015|cand|Lauren (Cha Cha) Spinrad,40.0,1,name+zip,False
2015,d02171,2015|cand|Lauren (Cha Cha) Spinrad,50.0,1,name+zip,True
2015,d02176,2015|cand|Lauren (Cha Cha) Spinrad,100.0,1,name+zip,True
2015,d02234,2015|cand|Lauren (Cha Cha) Spinrad,25.0,1,name+zip,True
2015,d02594,2015|cand|Lauren (Cha Cha) Spinrad,25.0,1,name+zip,True
2015,d02659,2015|cand|Lauren (Cha Cha) Spinrad,30.0,1,name+zip,False
2015,d02847,2015|cand|Lauren (Cha Cha) Spinrad,100.0,1,name+zip,True
2015,d03149,2015|cand|Lauren (Cha Cha) Spinrad,30.0,1,name+zip,False
2015,d03420,2015|cand|Lauren (Cha Cha) Spinrad,100.0,1,name+zip,False
2015,d03440,2015|cand|Lauren (Cha Cha) Spinrad,25.0,1,name+zip,False
2015,d03478,2015|cand|Lauren (Cha Cha) Spinrad,100.0,1,name+zip,True
2015,d03529,2015|cand|Lauren (Cha Cha) Spinrad,100.0,1,name+zip,True
2015,d03538,2015|cand|Lauren (Cha Cha) Spinrad,100.0,1,name+zip,True
2015,d03683,2015|cand|Lauren (Cha Cha) Spinrad,30.0,1,name+zip,False
2015,d03777,2015|cand|Lauren (Cha Cha) Spinrad,25.0,1,name+zip,True
2015,d03801,2015|cand|Lauren (Cha Cha) Spinrad,100.0,1,name+zip,False
2015,d03864,2015|cand|Lauren (Cha Cha) Spinrad,25.0,1,name+zip,False
2015,d04106,2015|cand|Lauren (Cha Cha) Spinrad,40.0,1,name+zip,False
2015,d04666,2015|cand|Lauren (Cha Cha) Spinrad,25.0,1,name+zip,False
2015,d04758,2015|cand|Lauren (Cha Cha) Spinrad,50.0,1,name+zip,True
2015,d05053,2015|cand|Lauren (Cha Cha) Spinrad,100.0,1,name+zip,False
2015,d05175,2015|cand|Lauren (Cha Cha) Spinrad,50.0,1,name+zip,False
2015,d05177,2015|cand|Lauren (Cha Cha) Spinrad,25.0,1,name+zip,False
2015,d05261,2015|cand|Lauren (Cha Cha) Spinrad,100.0,1,name+zip,True
2015,d05575,2015|cand|Lauren (Cha Cha) Spinrad,25.0,1,name+zip,True
2015,d06005,2015|cand|Lauren (Cha Cha) Spinrad,25.0,1,name+zip,False
2015,d06332,2015|cand|Lauren (Cha Cha) Spinrad,25.0,1,name+zip,True
2015,d06395,2015|cand|Lauren (Cha Cha) Spinrad,100.0,1,name+zip,False
2015,d06820,2015|cand|Lauren (Cha Cha) Spinrad,25.0,1,name+zip,True
2015,d07256,2015|cand|Lauren (Cha Cha) Spinrad,10.0,1,name+zip,False
2015,d07326,2015|cand|Lauren (Cha Cha) Spinrad,25.0,1,name+zip,False
2015,d07390,2015|cand|Lauren (Cha Cha) Spinrad,25.0,1,name+zip,True
2015,d07763,2015|cand|Lauren (Cha Cha) Spinrad,30.0,1,name+zip,False
2015,d07971,2015|cand|Lauren (Cha Cha) Spinrad,25.0,1,name+zip,False
2015,d08108,2015|cand|Lauren (Cha Cha) Spinrad,25.0,1,name+zip,False
2015,d00055,2015|cand|Leonard May,50.0,1,name+zip,True
2015,d00063,2015|cand|Leonard May,25.0,1,name+zip,True
2015,d00079,2015|cand|Leonard May,100.0,1,name+zip,True
2015,d00113,2015|cand|Leonard May,50.0,1,name+zip,True
2015,d00178,2015|cand|Leonard May,50.0,1,name+zip,True
2015,d00281,2015|cand|Leonard May,50.0,1,name+zip,True
2015,d00338,2015|cand|Leonard May,100.0,1,name+zip,True
2015,d00370,2015|cand|Leonard May,40.0,1,name+zip,True
2015,d00542,2015|cand|Leonard May,25.0,1,name+zip,True
2015,d00566,2015|cand|Leonard May,100.0,1,name+zip,True
2015,d00572,2015|cand|Leonard May,100.0,1,name+zip,True
2015,d00667,2015|cand|Leonard May,25.0,1,name+zip,True
2015,d00751,2015|cand|Leonard May,25.0,1,name+zip,True
2015,d00833,2015|cand|Leonard May,100.0,1,name+zip,True
2015,d00978,2015|cand|Leonard May,25.0,1,name+zip,True
2015,d00986,2015|cand|Leonard May,25.0,1,name+zip,True
2015,d01105,2015|cand|Leonard May,50.0,1,name+zip,True
2015,d01274,2015|cand|Leonard May,50.0,1,name+zip,True
2015,d01314,2015|cand|Leonard May,50.0,1,name+zip,True
2015,d01344,2015|cand|Leonard May,100.0,1,name+zip,True
2015,d01370,2015|cand|Leonard May,50.0,1,name+zip,True
2015,d01503,2015|cand|Leonard May,100.0,1,name+zip,True
2015,d01565,2015|cand|Leonard May,100.0,1,name+zip,True
2015,d01606,2015|cand|Leonard May,100.0,1,name+zip,True
2015,d01687,2015|cand|Leonard May,100.0,1,name+zip,True
2015,d01700,2015|cand|Leonard May,50.0,1,name+zip,True
2015,d01737,2015|cand|Leonard May,50.0,1,name+zip,True
2015,d01740,2015|cand|Leonard May,25.0,1,name+zip,True
2015,d01755,2015|cand|Leonard May,100.0,1,name+zip,True
2015,d01765,2015|cand|Leonard May,25.0,1,name+zip,True
2015,d01824,2015|cand|Leonard May,100.0,1,name+zip,True
2015,d01848,2015|cand|Leonard May,50.0,1,name+zip,True
2015,d01915,2015|cand|Leonard May,20.0,1,name+zip,True
2015,d01994,2015|cand|Leonard May,50.0,1,name+zip,True
2015,d02157,2015|cand|Leonard May,25.0,1,name+zip,True
2015,d02209,2015|cand|Leonard May,100.0,1,name+zip,True
2015,d02225,2015|cand|Leonard May,20.0,1,name+zip,True
2015,d02228,2015|cand|Leonard May,25.0,1,name+zip,True
2015,d02626,2015|cand|Leonard May,50.0,1,name+zip,True
2015,d02631,2015|cand|Leonard May,25.0,1,name+zip,True
2015,d02741,2015|cand|Leonard May,50.0,1,name+zip,True
2015,d02876,2015|cand|Leonard May,100.0,1,name+zip,True
2015,d02895,2015|cand|Leonard May,100.0,2,name+zip,True
2015,d02923,2015|cand|Leonard May,10.0,1,name+zip,True
2015,d02991,2015|cand|Leonard May,50.0,1,name+zip,True
2015,d03053,2015|cand|Leonard May,50.0,1,name+zip,True
2015,d03086,2015|cand|Leonard May,50.0,2,name+zip,True
2015,d03219,2015|cand|Leonard May,100.0,1,name+zip,True
2015,d03259,2015|cand|Leonard May,25.0,1,name+zip,True
2015,d03275,2015|cand|Leonard May,100.0,1,name+zip,True
2015,d03327,2015|cand|Leonard May,25.0,1,name+zip,True
2015,d03371,2015|cand|Leonard May,51.0,2,name+zip,True
2015,d03390,2015|cand|Leonard May,35.0,1,name+zip,True
2015,d03555,2015|cand|Leonard May,25.0,1,name+zip,True
2015,d03594,2015|cand|Leonard May,25.0,1,name+zip,True
2015,d03661,2015|cand|Leonard May,100.0,1,name+zip,True
2015,d03693,2015|cand|Leonard May,100.0,1,name+zip,True
2015,d03732,2015|cand|Leonard May,100.0,1,name+zip,True
2015,d03817,2015|cand|Leonard May,40.0,1,name+zip,True
2015,d03853,2015|cand|Leonard May,50.0,1,name+zip,True
2015,d03906,2015|cand|Leonard May,100.0,1,name+zip,True
2015,d04051,2015|cand|Leonard May,55.75,1,name+zip,True
2015,d04140,2015|cand|Leonard May,100.0,1,name+zip,True
2015,d04151,2015|cand|Leonard May,50.0,1,name+zip,True
2015,d04247,2015|cand|Leonard May,25.0,1,name+zip,True
2015,d04248,2015|cand|Leonard May,100.0,1,name+zip,True
2015,d04414,2015|cand|Leonard May,25.0,1,name+zip,True
2015,d04417,2015|cand|Leonard May,25.0,1,name+zip,True
2015,d04454,2015|cand|Leonard May,50.0,1,name+zip,True
2015,d04550,2015|cand|Leonard May,100.0,1,name+zip,True
2015,d04565,2015|cand|Leonard May,25.0,1,name+zip,True
2015,d04598,2015|cand|Leonard May,25.0,1,name+zip,True
2015,d04703,2015|cand|Leonard May,50.0,1,name+zip,True
2015,d04705,2015|cand|Leonard May,100.0,1,name+zip,True
2015,d04843,2015|cand|Leonard May,25.0,1,name+zip,True
2015,d04975,2015|cand|Leonard May,100.0,1,name+zip,True
2015,d04984,2015|cand|Leonard May,100.0,1,name+zip,True
2015,d05014,2015|cand|Leonard May,50.0,1,name+zip,True
2015,d05022,2015|cand|Leonard May,50.0,1,name+zip,True
2015,d05056,2015|cand|Leonard May,100.0,1,name+zip,True
2015,d05090,2015|cand|Leonard May,85.0,2,name+zip,True
2015,d05140,2015|cand|Leonard May,25.0,1,name+zip,True
2015,d05173,2015|cand|Leonard May,100.0,1,name+zip,True
2015,d05239,2015|cand|Leonard May,25.0,1,name+zip,True
2015,d05408,2015|cand|Leonard May,100.0,1,name+zip,True
2015,d05428,2015|cand|Leonard May,100.0,1,name+zip,True
2015,d05440,2015|cand|Leonard May,25.0,1,name+zip,True
2015,d05485,2015|cand|Leonard May,50.0,1,name+zip,True
2015,d05579,2015|cand|Leonard May,100.0,1,name+zip,True
2015,d05624,2015|cand|Leonard May,50.0,1,name+zip,True
2015,d05642,2015|cand|Leonard May,50.0,1,name+zip,True
2015,d05766,2015|cand|Leonard May,55.0,2,name+zip,True
2015,d05780,2015|cand|Leonard May,100.0,1,name+zip,True
2015,d05897,2015|cand|Leonard May,100.0,1,name+zip,True
2015,d06054,2015|cand|Leonard May,25.0,1,name+zip,True
2015,d06067,2015|cand|Leonard May,75.0,1,name+zip,True
2015,d06082,2015|cand|Leonard May,100.0,1,name+zip,True
2015,d06124,2015|cand|Leonard May,100.0,1,name+zip,True
2015,d06151,2015|cand|Leonard May,30.0,1,name+zip,True
2015,d06153,2015|cand|Leonard May,100.0,1,name+zip,True
2015,d06160,2015|cand|Leonard May,100.0,1,name+zip,True
2015,d06171,2015|cand|Leonard May,50.0,1,name+zip,True
2015,d06271,2015|cand|Leonard May,100.0,1,name+zip,True
2015,d06311,2015|cand|Leonard May,50.0,1,name+zip,True
2015,d06345,2015|cand|Leonard May,100.0,1,name+zip,True
2015,d06397,2015|cand|Leonard May,50.0,1,name+zip,True
2015,d06497,2015|cand|Leonard May,100.0,1,name+zip,True
2015,d06566,2015|cand|Leonard May,25.0,1,name+zip,True
2015,d06693,2015|cand|Leonard May,25.0,1,name+zip,True
2015,d06698,2015|cand|Leonard May,25.0,1,name+zip,True
2015,d06705,2015|cand|Leonard May,100.0,1,name+zip,True
2015,d06737,2015|cand|Leonard May,100.0,2,name+zip,True
2015,d06863,2015|cand|Leonard May,100.0,1,name+zip,True
2015,d07035,2015|cand|Leonard May,50.0,1,name+zip,True
2015,d07038,2015|cand|Leonard May,100.0,2,name+zip,True
2015,d07095,2015|cand|Leonard May,10.0,1,name+zip,True
2015,d07157,2015|cand|Leonard May,100.0,1,name+zip,True
2015,d07162,2015|cand|Leonard May,25.05,2,name+zip,True
2015,d07172,2015|cand|Leonard May,50.0,1,name+zip,True
2015,d07249,2015|cand|Leonard May,25.0,1,name+zip,True
2015,d07252,2015|cand|Leonard May,100.0,2,name+zip,True
2015,d07273,2015|cand|Leonard May,25.0,1,name+zip,True
2015,d07302,2015|cand|Leonard May,25.0,1,name+zip,True
2015,d07425,2015|cand|Leonard May,50.0,1,name+zip,True
2015,d07466,2015|cand|Leonard May,50.0,1,name+zip,True
2015,d07497,2015|cand|Leonard May,75.0,1,name+zip,True
2015,d07575,2015|cand|Leonard May,50.0,1,name+zip,True
2015,d07616,2015|cand|Leonard May,50.0,1,name+zip,True
2015,d07624,2015|cand|Leonard May,25.0,1,name+zip,True
2015,d07632,2015|cand|Leonard May,5.0,1,name+zip,True
2015,d07710,2015|cand|Leonard May,50.0,1,name+zip,True
2015,d07772,2015|cand|Leonard May,25.0,1,name+zip,True
2015,d08067,2015|cand|Leonard May,50.0,2,name+zip,True
2015,d08074,2015|cand|Leonard May,100.0,1,name+zip,True
2015,d08088,2015|cand|Leonard May,50.0,1,name+zip,True
2015,d08121,2015|cand|Leonard May,25.0,1,name+zip,True
2015,d08161,2015|cand|Leonard May,100.0,1,name+zip,True
2015,d00012,2015|cand|Lisa Morzel,50.0,1,name+zip,True
2015,d00026,2015|cand|Lisa Morzel,50.0,1,name+zip,True
2015,d00040,2015|cand|Lisa Morzel,25.0,1,name+zip,True
2015,d00077,2015|cand|Lisa Morzel,100.0,1,name+zip,True
2015,d00113,2015|cand|Lisa Morzel,75.0,1,name+zip,True
2015,d00177,2015|cand|Lisa Morzel,100.0,1,name+zip,True
2015,d00233,2015|cand|Lisa Morzel,100.0,1,name+zip,True
2015,d00242,2015|cand|Lisa Morzel,25.0,1,name+zip,True
2015,d00366,2015|cand|Lisa Morzel,50.0,1,name+zip,True
2015,d00542,2015|cand|Lisa Morzel,25.0,1,name+zip,True
2015,d00553,2015|cand|Lisa Morzel,100.0,1,name+zip,True
2015,d00572,2015|cand|Lisa Morzel,100.0,1,name+zip,True
2015,d00733,2015|cand|Lisa Morzel,50.0,1,name+zip,True
2015,d00816,2015|cand|Lisa Morzel,100.0,1,name+zip,True
2015,d00826,2015|cand|Lisa Morzel,75.0,1,name+zip,True
2015,d00990,2015|cand|Lisa Morzel,100.0,1,name+zip,True
2015,d01105,2015|cand|Lisa Morzel,100.0,1,name+zip,True
2015,d01125,2015|cand|Lisa Morzel,100.0,1,name+zip,True
2015,d01209,2015|cand|Lisa Morzel,25.0,1,name+zip,True
2015,d01273,2015|cand|Lisa Morzel,50.0,1,name+zip,True
2015,d01274,2015|cand|Lisa Morzel,50.0,1,name+zip,True
2015,d01335,2015|cand|Lisa Morzel,100.0,1,name+zip,True
2015,d01435,2015|cand|Lisa Morzel,25.0,1,name+zip,True
2015,d01498,2015|cand|Lisa Morzel,100.0,1,name+zip,True
2015,d01565,2015|cand|Lisa Morzel,25.0,1,name+zip,True
2015,d01700,2015|cand|Lisa Morzel,50.0,1,name+zip,True
2015,d01779,2015|cand|Lisa Morzel,25.0,1,name+zip,True
2015,d01824,2015|cand|Lisa Morzel,100.0,1,name+zip,True
2015,d01848,2015|cand|Lisa Morzel,50.0,1,name+zip,True
2015,d01924,2015|cand|Lisa Morzel,75.0,1,name+zip,True
2015,d02055,2015|cand|Lisa Morzel,50.0,1,name+zip,True
2015,d02066,2015|cand|Lisa Morzel,100.0,1,name+zip,True
2015,d02067,2015|cand|Lisa Morzel,25.0,1,name+zip,True
2015,d02140,2015|cand|Lisa Morzel,25.0,1,name+zip,True
2015,d02157,2015|cand|Lisa Morzel,25.0,1,name+zip,True
2015,d02193,2015|cand|Lisa Morzel,100.0,1,name+zip,True
2015,d02209,2015|cand|Lisa Morzel,100.0,1,name+zip,True
2015,d02216,2015|cand|Lisa Morzel,100.0,1,name+zip,True
2015,d02226,2015|cand|Lisa Morzel,100.0,1,name+zip,True
2015,d02252,2015|cand|Lisa Morzel,25.0,1,name+zip,True
2015,d02398,2015|cand|Lisa Morzel,25.0,1,name+zip,True
2015,d02609,2015|cand|Lisa Morzel,100.0,1,name+zip,True
2015,d02626,2015|cand|Lisa Morzel,50.0,1,name+zip,True
2015,d02666,2015|cand|Lisa Morzel,100.0,1,name+zip,True
2015,d02895,2015|cand|Lisa Morzel,100.0,1,name+zip,True
2015,d02909,2015|cand|Lisa Morzel,30.0,1,name+zip,True
2015,d02991,2015|cand|Lisa Morzel,50.0,1,name+zip,True
2015,d02997,2015|cand|Lisa Morzel,25.0,1,name+zip,True
2015,d03028,2015|cand|Lisa Morzel,25.0,1,name+zip,True
2015,d03086,2015|cand|Lisa Morzel,25.0,1,name+zip,True
2015,d03175,2015|cand|Lisa Morzel,50.0,1,name+zip,True
2015,d03181,2015|cand|Lisa Morzel,100.0,1,name+zip,True
2015,d03252,2015|cand|Lisa Morzel,25.0,1,name+zip,True
2015,d03301,2015|cand|Lisa Morzel,25.0,1,name+zip,True
2015,d03371,2015|cand|Lisa Morzel,50.0,1,name+zip,True
2015,d03402,2015|cand|Lisa Morzel,50.0,1,name+zip,True
2015,d03517,2015|cand|Lisa Morzel,100.0,1,name+zip,True
2015,d03542,2015|cand|Lisa Morzel,25.0,1,name+zip,True
2015,d03544,2015|cand|Lisa Morzel,50.0,1,name+zip,True
2015,d03581,2015|cand|Lisa Morzel,40.0,1,name+zip,True
2015,d03594,2015|cand|Lisa Morzel,25.0,1,name+zip,True
2015,d03650,2015|cand|Lisa Morzel,25.0,1,name+zip,True
2015,d03659,2015|cand|Lisa Morzel,100.0,1,name+zip,True
2015,d03661,2015|cand|Lisa Morzel,100.0,1,name+zip,True
2015,d03732,2015|cand|Lisa Morzel,100.0,1,name+zip,True
2015,d03807,2015|cand|Lisa Morzel,50.0,1,name+zip,True
2015,d03861,2015|cand|Lisa Morzel,100.0,1,name+zip,True
2015,d03896,2015|cand|Lisa Morzel,100.0,1,name+zip,True
2015,d03906,2015|cand|Lisa Morzel,100.0,1,name+zip,True
2015,d03920,2015|cand|Lisa Morzel,50.0,1,name+zip,True
2015,d03924,2015|cand|Lisa Morzel,25.0,1,name+zip,True
2015,d03949,2015|cand|Lisa Morzel,30.0,1,name+zip,True
2015,d04083,2015|cand|Lisa Morzel,100.0,1,name+zip,True
2015,d04091,2015|cand|Lisa Morzel,100.0,1,name+zip,True
2015,d04151,2015|cand|Lisa Morzel,50.0,1,name+zip,True
2015,d04197,2015|cand|Lisa Morzel,50.0,1,name+zip,True
2015,d04237,2015|cand|Lisa Morzel,25.0,1,name+zip,True
2015,d04248,2015|cand|Lisa Morzel,100.0,1,name+zip,True
2015,d04271,2015|cand|Lisa Morzel,75.0,1,name+zip,True
2015,d04279,2015|cand|Lisa Morzel,50.0,1,name+zip,True
2015,d04342,2015|cand|Lisa Morzel,100.0,1,name+zip,True
2015,d04418,2015|cand|Lisa Morzel,50.0,1,name+zip,True
2015,d04513,2015|cand|Lisa Morzel,75.0,1,name+zip,True
2015,d04550,2015|cand|Lisa Morzel,100.0,1,name+zip,True
2015,d04598,2015|cand|Lisa Morzel,25.0,1,name+zip,True
2015,d04677,2015|cand|Lisa Morzel,40.0,1,name+zip,True
2015,d04705,2015|cand|Lisa Morzel,100.0,1,name+zip,True
2015,d04891,2015|cand|Lisa Morzel,100.0,1,name+zip,True
2015,d05106,2015|cand|Lisa Morzel,100.0,1,name+zip,True
2015,d05140,2015|cand|Lisa Morzel,25.0,1,name+zip,True
2015,d05269,2015|cand|Lisa Morzel,100.0,1,name+zip,True
2015,d05277,2015|cand|Lisa Morzel,100.0,1,name+zip,True
2015,d05308,2015|cand|Lisa Morzel,25.0,1,name+zip,True
2015,d05323,2015|cand|Lisa Morzel,50.0,1,name+zip,True
2015,d05428,2015|cand|Lisa Morzel,100.0,1,name+zip,True
2015,d05440,2015|cand|Lisa Morzel,25.0,1,name+zip,True
2015,d05485,2015|cand|Lisa Morzel,50.0,1,name+zip,True
2015,d05522,2015|cand|Lisa Morzel,100.0,1,name+zip,True
2015,d05579,2015|cand|Lisa Morzel,100.0,1,name+zip,True
2015,d05607,2015|cand|Lisa Morzel,100.0,1,name+zip,True
2015,d05780,2015|cand|Lisa Morzel,100.0,1,name+zip,True
2015,d05938,2015|cand|Lisa Morzel,100.0,1,name+zip,True
2015,d05979,2015|cand|Lisa Morzel,50.0,1,name+zip,True
2015,d06151,2015|cand|Lisa Morzel,50.0,1,name+zip,True
2015,d06153,2015|cand|Lisa Morzel,100.0,1,name+zip,True
2015,d06232,2015|cand|Lisa Morzel,100.0,1,name+zip,True
2015,d06271,2015|cand|Lisa Morzel,100.0,1,name+zip,True
2015,d06357,2015|cand|Lisa Morzel,50.0,1,name+zip,True
2015,d06374,2015|cand|Lisa Morzel,25.0,1,name+zip,True
2015,d06378,2015|cand|Lisa Morzel,50.0,1,name+zip,True
2015,d06388,2015|cand|Lisa Morzel,100.0,1,name+zip,True
2015,d06396,2015|cand|Lisa Morzel,50.0,1,name+zip,True
2015,d06397,2015|cand|Lisa Morzel,50.0,1,name+zip,True
2015,d06415,2015|cand|Lisa Morzel,100.0,1,name+zip,True
2015,d06497,2015|cand|Lisa Morzel,100.0,1,name+zip,True
2015,d06566,2015|cand|Lisa Morzel,60.0,1,name+zip,True
2015,d06684,2015|cand|Lisa Morzel,100.0,1,name+zip,True
2015,d06737,2015|cand|Lisa Morzel,25.0,1,name+zip,True
2015,d06894,2015|cand|Lisa Morzel,100.0,1,name+zip,True
2015,d07055,2015|cand|Lisa Morzel,100.0,1,name+zip,True
2015,d07150,2015|cand|Lisa Morzel,100.0,1,name+zip,True
2015,d07169,2015|cand|Lisa Morzel,25.0,1,name+zip,True
2015,d07260,2015|cand|Lisa Morzel,25.0,1,name+zip,True
2015,d07302,2015|cand|Lisa Morzel,25.0,1,name+zip,True
2015,d07408,2015|cand|Lisa Morzel,50.0,1,name+zip,True
2015,d07452,2015|cand|Lisa Morzel,25.0,1,name+zip,True
2015,d07466,2015|cand|Lisa Morzel,75.0,1,name+zip,True
2015,d07512,2015|cand|Lisa Morzel,100.0,1,name+zip,True
2015,d07526,2015|cand|Lisa Morzel,100.0,1,name+zip,True
2015,d07532,2015|cand|Lisa Morzel,100.0,1,name+zip,True
2015,d07559,2015|cand|Lisa Morzel,50.0,1,name+zip,True
2015,d07710,2015|cand|Lisa Morzel,50.0,1,name+zip,True
2015,d07915,2015|cand|Lisa Morzel,100.0,1,name+zip,True
2015,d07946,2015|cand|Lisa Morzel,50.0,1,name+zip,True
2015,d07987,2015|cand|Lisa Morzel,100.0,1,name+zip,True
2015,d08074,2015|cand|Lisa Morzel,50.0,1,name+zip,True
2015,d08128,2015|cand|Lisa Morzel,100.0,1,name+zip,False
2015,d08139,2015|cand|Lisa Morzel,100.0,1,name+zip,True
2015,d00243,2015|cand|Michael Kruteck,100.0,1,name+zip,False
2015,d00341,2015|cand|Michael Kruteck,100.0,1,name+zip,False
2015,d00372,2015|cand|Michael Kruteck,25.0,1,name+zip,False
2015,d00539,2015|cand|Michael Kruteck,100.0,1,name+zip,False
2015,d00618,2015|cand|Michael Kruteck,100.0,1,name+zip,False
2015,d00649,2015|cand|Michael Kruteck,50.0,1,name+zip,False
2015,d00785,2015|cand|Michael Kruteck,100.0,1,name+zip,False
2015,d00807,2015|cand|Michael Kruteck,350.0,2,name+zip,False
2015,d01026,2015|cand|Michael Kruteck,100.0,1,name+zip,False
2015,d01108,2015|cand|Michael Kruteck,100.0,1,name+zip,False
2015,d01119,2015|cand|Michael Kruteck,100.0,1,name+zip,True
2015,d01285,2015|cand|Michael Kruteck,25.0,1,name+zip,False
2015,d01424,2015|cand|Michael Kruteck,100.0,1,name+zip,False
2015,d01954,2015|cand|Michael Kruteck,100.0,1,name+zip,False
2015,d01971,2015|cand|Michael Kruteck,100.0,1,name+zip,False
2015,d01983,2015|cand|Michael Kruteck,100.0,1,name+zip,False
2015,d02396,2015|cand|Michael Kruteck,50.0,1,name+zip,False
2015,d02483,2015|cand|Michael Kruteck,100.0,1,name+zip,False
2015,d02782,2015|cand|Michael Kruteck,100.0,1,name+zip,True
2015,d02799,2015|cand|Michael Kruteck,50.0,1,name+zip,False
2015,d02859,2015|cand|Michael Kruteck,100.0,1,name+zip,False
2015,d03019,2015|cand|Michael Kruteck,100.0,1,name+zip,False
2015,d03105,2015|cand|Michael Kruteck,100.0,1,name+zip,False
2015,d03178,2015|cand|Michael Kruteck,100.0,1,name+zip,False
2015,d03187,2015|cand|Michael Kruteck,100.0,1,name+zip,False
2015,d03254,2015|cand|Michael Kruteck,100.0,1,name+zip,False
2015,d03274,2015|cand|Michael Kruteck,50.0,1,name+zip,False
2015,d03318,2015|cand|Michael Kruteck,100.0,1,name+zip,True
2015,d03677,2015|cand|Michael Kruteck,100.0,1,name+zip,True
2015,d03699,2015|cand|Michael Kruteck,100.0,1,name+zip,True
2015,d03867,2015|cand|Michael Kruteck,100.0,1,name+zip,False
2015,d04167,2015|cand|Michael Kruteck,100.0,1,name+zip,False
2015,d04218,2015|cand|Michael Kruteck,100.0,1,name+zip,True
2015,d04298,2015|cand|Michael Kruteck,200.0,2,name+zip,False
2015,d04336,2015|cand|Michael Kruteck,50.0,1,name+zip,False
2015,d04615,2015|cand|Michael Kruteck,100.0,1,name+zip,False
2015,d04701,2015|cand|Michael Kruteck,100.0,1,name+zip,False
2015,d05071,2015|cand|Michael Kruteck,100.0,1,name+zip,False
2015,d05237,2015|cand|Michael Kruteck,100.0,1,name+zip,False
2015,d05261,2015|cand|Michael Kruteck,100.0,1,name+zip,True
2015,d05359,2015|cand|Michael Kruteck,100.0,1,name+zip,False
2015,d05434,2015|cand|Michael Kruteck,100.0,1,name+zip,True
2015,d05510,2015|cand|Michael Kruteck,50.0,1,name+zip,False
2015,d05635,2015|cand|Michael Kruteck,100.0,1,name+zip,False
2015,d05673,2015|cand|Michael Kruteck,100.0,1,name+zip,False
2015,d06256,2015|cand|Michael Kruteck,30.0,1,name+zip,False
2015,d06443,2015|cand|Michael Kruteck,50.0,1,name+zip,False
2015,d06537,2015|cand|Michael Kruteck,100.0,1,name+zip,True
2015,d06590,2015|cand|Michael Kruteck,100.0,1,name+zip,False
2015,d06756,2015|cand|Michael Kruteck,100.0,1,name+zip,False
2015,d06785,2015|cand|Michael Kruteck,100.0,1,name+zip,False
2015,d06791,2015|cand|Michael Kruteck,100.0,1,name+zip,False
2015,d06867,2015|cand|Michael Kruteck,100.0,1,name+zip,False
2015,d07156,2015|cand|Michael Kruteck,50.0,1,name+zip,False
2015,d07241,2015|cand|Michael Kruteck,100.0,1,name+zip,True
2015,d07301,2015|cand|Michael Kruteck,50.0,1,name+zip,False
2015,d07347,2015|cand|Michael Kruteck,100.0,1,name+zip,False
2015,d07417,2015|cand|Michael Kruteck,5.0,1,name+zip,False
2015,d07461,2015|cand|Michael Kruteck,100.0,1,name+zip,False
2015,d07588,2015|cand|Michael Kruteck,50.0,1,name+zip,False
2015,d07620,2015|cand|Michael Kruteck,50.0,1,name+zip,True
2015,d07820,2015|cand|Michael Kruteck,100.0,1,name+zip,False
2015,d08014,2015|cand|Michael Kruteck,25.0,1,name+zip,True
2015,d08124,2015|cand|Michael Kruteck,100.0,1,name+zip,False
2015,d08143,2015|cand|Michael Kruteck,25.0,1,name+zip,False
2015,d00041,2015|cand|Suzanne Jones,50.0,1,name+zip,True
2015,d00050,2015|cand|Suzanne Jones,50.0,1,name+zip,True
2015,d00079,2015|cand|Suzanne Jones,100.0,1,name+zip,True
2015,d00113,2015|cand|Suzanne Jones,50.0,1,name+zip,True
2015,d00175,2015|cand|Suzanne Jones,48.0,1,name+zip,True
2015,d00176,2015|cand|Suzanne Jones,25.0,1,name+zip,True
2015,d00191,2015|cand|Suzanne Jones,100.0,1,name+zip,True
2015,d00252,2015|cand|Suzanne Jones,50.0,1,name+zip,True
2015,d00330,2015|cand|Suzanne Jones,40.0,1,name+zip,True
2015,d00375,2015|cand|Suzanne Jones,100.0,1,name+zip,True
2015,d00496,2015|cand|Suzanne Jones,100.0,1,name+zip,True
2015,d00559,2015|cand|Suzanne Jones,25.0,1,name+zip,True
2015,d00609,2015|cand|Suzanne Jones,100.0,1,name+zip,True
2015,d00682,2015|cand|Suzanne Jones,100.0,1,name+zip,True
2015,d00720,2015|cand|Suzanne Jones,25.0,1,name+zip,True
2015,d00723,2015|cand|Suzanne Jones,50.0,1,name+zip,True
2015,d00740,2015|cand|Suzanne Jones,100.0,1,name+zip,True
2015,d00826,2015|cand|Suzanne Jones,25.0,1,name+zip,True
2015,d00865,2015|cand|Suzanne Jones,100.0,1,name+zip,True
2015,d01088,2015|cand|Suzanne Jones,75.0,1,name+zip,True
2015,d01093,2015|cand|Suzanne Jones,100.0,1,name+zip,True
2015,d01151,2015|cand|Suzanne Jones,50.0,1,name+zip,True
2015,d01165,2015|cand|Suzanne Jones,100.0,1,name+zip,True
2015,d01209,2015|cand|Suzanne Jones,50.0,1,name+zip,True
2015,d01240,2015|cand|Suzanne Jones,50.0,1,name+zip,True
2015,d01273,2015|cand|Suzanne Jones,75.0,1,name+zip,True
2015,d01276,2015|cand|Suzanne Jones,100.0,1,name+zip,True
2015,d01333,2015|cand|Suzanne Jones,100.0,1,name+zip,True
2015,d01485,2015|cand|Suzanne Jones,25.0,1,name+zip,True
2015,d01591,2015|cand|Suzanne Jones,25.0,1,name+zip,True
2015,d01689,2015|cand|Suzanne Jones,100.0,1,name+zip,True
2015,d01755,2015|cand|Suzanne Jones,100.0,1,name+zip,True
2015,d01781,2015|cand|Suzanne Jones,100.0,1,name+zip,True
2015,d01915,2015|cand|Suzanne Jones,75.0,3,name+zip,True
2015,d01965,2015|cand|Suzanne Jones,25.0,1,name+zip,True
2015,d02058,2015|cand|Suzanne Jones,25.0,1,name+zip,True
2015,d02192,2015|cand|Suzanne Jones,100.0,1,name+zip,True
2015,d02201,2015|cand|Suzanne Jones,50.0,1,name+zip,True
2015,d02206,2015|cand|Suzanne Jones,100.0,1,name+zip,True
2015,d02288,2015|cand|Suzanne Jones,100.0,1,name+zip,True
2015,d02324,2015|cand|Suzanne Jones,50.0,1,name+zip,True
2015,d02394,2015|cand|Suzanne Jones,50.0,1,name+zip,True
2015,d02464,2015|cand|Suzanne Jones,35.0,1,name+zip,True
2015,d02565,2015|cand|Suzanne Jones,100.0,1,name+zip,True
2015,d02740,2015|cand|Suzanne Jones,100.0,1,name+zip,True
2015,d02741,2015|cand|Suzanne Jones,25.0,1,name+zip,True
2015,d02800,2015|cand|Suzanne Jones,100.0,1,name+zip,True
2015,d02802,2015|cand|Suzanne Jones,50.0,1,name+zip,True
2015,d02891,2015|cand|Suzanne Jones,11.11,1,name+zip,True
2015,d02895,2015|cand|Suzanne Jones,50.0,1,name+zip,True
2015,d02909,2015|cand|Suzanne Jones,25.0,1,name+zip,True
2015,d02912,2015|cand|Suzanne Jones,100.0,1,name+zip,True
2015,d02955,2015|cand|Suzanne Jones,75.0,1,name+zip,True
2015,d02975,2015|cand|Suzanne Jones,100.0,1,name+zip,True
2015,d03102,2015|cand|Suzanne Jones,100.0,1,name+zip,True
2015,d03132,2015|cand|Suzanne Jones,35.0,1,name+zip,True
2015,d03280,2015|cand|Suzanne Jones,100.0,1,name+zip,True
2015,d03284,2015|cand|Suzanne Jones,100.0,1,name+zip,True
2015,d03373,2015|cand|Suzanne Jones,50.0,1,name+zip,True
2015,d03388,2015|cand|Suzanne Jones,100.0,1,name+zip,True
2015,d03396,2015|cand|Suzanne Jones,100.0,1,name+zip,True
2015,d03474,2015|cand|Suzanne Jones,35.0,1,name+zip,True
2015,d03529,2015|cand|Suzanne Jones,100.0,1,name+zip,True
2015,d03591,2015|cand|Suzanne Jones,100.0,1,name+zip,True
2015,d03614,2015|cand|Suzanne Jones,25.0,1,name+zip,True
2015,d03693,2015|cand|Suzanne Jones,100.0,1,name+zip,True
2015,d03732,2015|cand|Suzanne Jones,100.0,1,name+zip,True
2015,d03733,2015|cand|Suzanne Jones,75.0,1,name+zip,True
2015,d03760,2015|cand|Suzanne Jones,100.0,1,name+zip,True
2015,d03772,2015|cand|Suzanne Jones,25.0,1,name+zip,True
2015,d03785,2015|cand|Suzanne Jones,25.0,1,name+zip,True
2015,d03817,2015|cand|Suzanne Jones,25.0,1,name+zip,True
2015,d03906,2015|cand|Suzanne Jones,100.0,1,name+zip,True
2015,d03940,2015|cand|Suzanne Jones,100.0,1,name+zip,True
2015,d03953,2015|cand|Suzanne Jones,100.0,1,name+zip,True
2015,d04020,2015|cand|Suzanne Jones,100.0,1,name+zip,True
2015,d04024,2015|cand|Suzanne Jones,25.0,1,name+zip,True
2015,d04048,2015|cand|Suzanne Jones,100.0,1,name+zip,True
2015,d04051,2015|cand|Suzanne Jones,77.74,1,name+zip,True
2015,d04159,2015|cand|Suzanne Jones,100.0,1,name+zip,True
2015,d04240,2015|cand|Suzanne Jones,100.0,1,name+zip,True
2015,d04248,2015|cand|Suzanne Jones,50.0,1,name+zip,True
2015,d04316,2015|cand|Suzanne Jones,50.0,1,name+zip,True
2015,d04374,2015|cand|Suzanne Jones,50.0,1,name+zip,True
2015,d04421,2015|cand|Suzanne Jones,40.0,1,name+zip,True
2015,d04507,2015|cand|Suzanne Jones,25.0,1,name+zip,True
2015,d04517,2015|cand|Suzanne Jones,25.0,1,name+zip,True
2015,d04527,2015|cand|Suzanne Jones,100.0,1,name+zip,True
2015,d04552,2015|cand|Suzanne Jones,100.0,1,name+zip,True
2015,d04580,2015|cand|Suzanne Jones,100.0,1,name+zip,True
2015,d04598,2015|cand|Suzanne Jones,100.0,1,name+zip,True
2015,d04601,2015|cand|Suzanne Jones,50.0,1,name+zip,True
2015,d04638,2015|cand|Suzanne Jones,50.0,1,name+zip,True
2015,d04640,2015|cand|Suzanne Jones,50.0,1,name+zip,True
2015,d04677,2015|cand|Suzanne Jones,25.0,1,name+zip,True
2015,d04749,2015|cand|Suzanne Jones,100.0,1,name+zip,True
2015,d04770,2015|cand|Suzanne Jones,16.67,1,name+zip,True
2015,d04789,2015|cand|Suzanne Jones,50.0,1,name+zip,True
2015,d04823,2015|cand|Suzanne Jones,35.0,1,name+zip,True
2015,d04840,2015|cand|Suzanne Jones,20.0,1,name+zip,True
2015,d04891,2015|cand|Suzanne Jones,36.0,1,name+zip,True
2015,d04992,2015|cand|Suzanne Jones,100.0,2,name+zip,True
2015,d05010,2015|cand|Suzanne Jones,100.0,1,name+zip,True
2015,d05105,2015|cand|Suzanne Jones,25.0,1,name+zip,True
2015,d05106,2015|cand|Suzanne Jones,50.0,1,name+zip,True
2015,d05124,2015|cand|Suzanne Jones,50.0,1,name+zip,True
2015,d05195,2015|cand|Suzanne Jones,50.0,1,name+zip,True
2015,d05205,2015|cand|Suzanne Jones,100.0,1,name+zip,True
2015,d05323,2015|cand|Suzanne Jones,100.0,2,name+zip,True
2015,d05337,2015|cand|Suzanne Jones,100.0,1,name+zip,True
2015,d05428,2015|cand|Suzanne Jones,100.0,1,name+zip,True
2015,d05460,2015|cand|Suzanne Jones,50.0,1,name+zip,True
2015,d05485,2015|cand|Suzanne Jones,50.0,1,name+zip,True
2015,d05579,2015|cand|Suzanne Jones,100.0,1,name+zip,True
2015,d05677,2015|cand|Suzanne Jones,100.0,1,name+zip,True
2015,d05722,2015|cand|Suzanne Jones,100.0,1,name+zip,True
2015,d05748,2015|cand|Suzanne Jones,75.0,1,name+zip,True
2015,d05845,2015|cand|Suzanne Jones,50.0,1,name+zip,True
2015,d05907,2015|cand|Suzanne Jones,35.0,1,name+zip,True
2015,d06062,2015|cand|Suzanne Jones,25.0,1,name+zip,True
2015,d06075,2015|cand|Suzanne Jones,25.0,1,name+zip,True
2015,d06158,2015|cand|Suzanne Jones,20.0,1,name+zip,True
2015,d06215,2015|cand|Suzanne Jones,25.0,1,name+zip,True
2015,d06336,2015|cand|Suzanne Jones,75.0,1,name+zip,True
2015,d06462,2015|cand|Suzanne Jones,75.0,1,name+zip,True
2015,d06485,2015|cand|Suzanne Jones,25.0,1,name+zip,True
2015,d06497,2015|cand|Suzanne Jones,100.0,1,name+zip,True
2015,d06507,2015|cand|Suzanne Jones,25.0,1,name+zip,True
2015,d06538,2015|cand|Suzanne Jones,100.0,1,name+zip,True
2015,d06543,2015|cand|Suzanne Jones,25.0,1,name+zip,True
2015,d06566,2015|cand|Suzanne Jones,25.0,1,name+zip,True
2015,d06734,2015|cand|Suzanne Jones,30.0,1,name+zip,True
2015,d06737,2015|cand|Suzanne Jones,25.0,1,name+zip,True
2015,d06848,2015|cand|Suzanne Jones,30.0,1,name+zip,True
2015,d06861,2015|cand|Suzanne Jones,100.0,1,name+zip,True
2015,d06916,2015|cand|Suzanne Jones,25.0,1,name+zip,True
2015,d06946,2015|cand|Suzanne Jones,100.0,1,name+zip,True
2015,d07041,2015|cand|Suzanne Jones,50.0,1,name+zip,True
2015,d07060,2015|cand|Suzanne Jones,50.0,1,name+zip,True
2015,d07235,2015|cand|Suzanne Jones,100.0,1,name+zip,True
2015,d07244,2015|cand|Suzanne Jones,25.0,1,name+zip,True
2015,d07257,2015|cand|Suzanne Jones,100.0,1,name+zip,True
2015,d07260,2015|cand|Suzanne Jones,25.0,1,name+zip,True
2015,d07308,2015|cand|Suzanne Jones,25.0,1,name+zip,True
2015,d07732,2015|cand|Suzanne Jones,100.0,1,name+zip,True
2015,d07915,2015|cand|Suzanne Jones,100.0,1,name+zip,True
2015,d08008,2015|cand|Suzanne Jones,80.0,1,name+zip,True
2015,d08098,2015|cand|Suzanne Jones,25.0,1,name+zip,True
2015,d08151,2015|cand|Suzanne Jones,35.0,1,name+zip,True
2015,d08155,2015|cand|Suzanne Jones,50.0,1,name+zip,True
2015,d00012,2015|cand|Tim Plass,40.0,1,name+zip,True
2015,d00042,2015|cand|Tim Plass,50.0,1,name+zip,True
2015,d00063,2015|cand|Tim Plass,25.0,1,name+zip,True
2015,d00079,2015|cand|Tim Plass,100.0,1,name+zip,True
2015,d00109,2015|cand|Tim Plass,40.0,1,name+zip,True
2015,d00128,2015|cand|Tim Plass,100.0,1,name+zip,True
2015,d00143,2015|cand|Tim Plass,50.0,1,name+zip,True
2015,d00181,2015|cand|Tim Plass,100.0,1,name+zip,True
2015,d00225,2015|cand|Tim Plass,75.0,1,name+zip,True
2015,d00242,2015|cand|Tim Plass,100.0,1,name+zip,True
2015,d00272,2015|cand|Tim Plass,50.0,1,name+zip,True
2015,d00417,2015|cand|Tim Plass,100.0,1,name+zip,True
2015,d00499,2015|cand|Tim Plass,25.0,1,name+zip,True
2015,d00502,2015|cand|Tim Plass,100.0,1,name+zip,True
2015,d00537,2015|cand|Tim Plass,50.0,1,name+zip,True
2015,d00612,2015|cand|Tim Plass,25.0,1,name+zip,True
2015,d00663,2015|cand|Tim Plass,100.0,1,name+zip,True
2015,d00696,2015|cand|Tim Plass,50.0,1,name+zip,True
2015,d00715,2015|cand|Tim Plass,25.0,1,name+zip,True
2015,d00720,2015|cand|Tim Plass,100.0,2,name+zip,True
2015,d00761,2015|cand|Tim Plass,50.0,1,name+zip,True
2015,d00780,2015|cand|Tim Plass,50.0,1,name+zip,True
2015,d00820,2015|cand|Tim Plass,100.0,1,name+zip,True
2015,d00868,2015|cand|Tim Plass,100.0,1,name+zip,True
2015,d00947,2015|cand|Tim Plass,100.0,1,name+zip,True
2015,d01025,2015|cand|Tim Plass,75.0,1,name+zip,True
2015,d01049,2015|cand|Tim Plass,100.0,1,name+zip,True
2015,d01081,2015|cand|Tim Plass,100.0,1,name+zip,True
2015,d01084,2015|cand|Tim Plass,25.0,1,name+zip,True
2015,d01125,2015|cand|Tim Plass,100.0,1,name+zip,True
2015,d01177,2015|cand|Tim Plass,50.0,1,name+zip,True
2015,d01186,2015|cand|Tim Plass,50.0,1,name+zip,True
2015,d01273,2015|cand|Tim Plass,50.0,1,name+zip,True
2015,d01303,2015|cand|Tim Plass,100.0,1,name+zip,True
2015,d01333,2015|cand|Tim Plass,100.0,1,name+zip,True
2015,d01498,2015|cand|Tim Plass,100.0,1,name+zip,True
2015,d01819,2015|cand|Tim Plass,100.0,1,name+zip,True
2015,d01833,2015|cand|Tim Plass,25.0,1,name+zip,True
2015,d01915,2015|cand|Tim Plass,100.0,1,name+zip,True
2015,d02157,2015|cand|Tim Plass,25.0,1,name+zip,True
2015,d02166,2015|cand|Tim Plass,100.0,1,name+zip,True
2015,d02176,2015|cand|Tim Plass,100.0,1,name+zip,True
2015,d02223,2015|cand|Tim Plass,50.0,1,name+zip,True
2015,d02311,2015|cand|Tim Plass,10.0,1,name+zip,True
2015,d02503,2015|cand|Tim Plass,25.0,1,name+zip,True
2015,d02575,2015|cand|Tim Plass,100.0,1,name+zip,True
2015,d02626,2015|cand|Tim Plass,50.0,1,name+zip,True
2015,d02802,2015|cand|Tim Plass,50.0,1,name+zip,True
2015,d02868,2015|cand|Tim Plass,100.0,1,name+zip,True
2015,d02876,2015|cand|Tim Plass,100.0,1,name+zip,True
2015,d02933,2015|cand|Tim Plass,100.0,2,name+zip,True
2015,d03037,2015|cand|Tim Plass,100.0,1,name+zip,True
2015,d03059,2015|cand|Tim Plass,50.0,1,name+zip,True
2015,d03136,2015|cand|Tim Plass,100.0,1,name+zip,True
2015,d03219,2015|cand|Tim Plass,50.0,1,name+zip,True
2015,d03255,2015|cand|Tim Plass,50.0,1,name+zip,True
2015,d03303,2015|cand|Tim Plass,100.0,1,name+zip,True
2015,d03373,2015|cand|Tim Plass,25.0,1,name+zip,True
2015,d03390,2015|cand|Tim Plass,25.0,1,name+zip,True
2015,d03529,2015|cand|Tim Plass,100.0,1,name+zip,True
2015,d03542,2015|cand|Tim Plass,100.0,2,name+zip,True
2015,d03576,2015|cand|Tim Plass,100.0,1,name+zip,True
2015,d03807,2015|cand|Tim Plass,50.0,1,name+zip,True
2015,d03817,2015|cand|Tim Plass,25.0,1,name+zip,True
2015,d03915,2015|cand|Tim Plass,100.0,1,name+zip,True
2015,d03939,2015|cand|Tim Plass,25.0,1,name+zip,True
2015,d03943,2015|cand|Tim Plass,36.0,1,name+zip,True
2015,d03993,2015|cand|Tim Plass,100.0,1,name+zip,True
2015,d04151,2015|cand|Tim Plass,50.0,1,name+zip,True
2015,d04156,2015|cand|Tim Plass,100.0,1,name+zip,True
2015,d04229,2015|cand|Tim Plass,100.0,1,name+zip,True
2015,d04233,2015|cand|Tim Plass,50.0,1,name+zip,True
2015,d04388,2015|cand|Tim Plass,100.0,1,name+zip,True
2015,d04513,2015|cand|Tim Plass,75.0,1,name+zip,True
2015,d04516,2015|cand|Tim Plass,100.0,1,name+zip,True
2015,d04549,2015|cand|Tim Plass,75.0,2,name+zip,True
2015,d04550,2015|cand|Tim Plass,50.0,1,name+zip,True
2015,d04557,2015|cand|Tim Plass,50.0,1,name+zip,True
2015,d04598,2015|cand|Tim Plass,100.0,2,name+zip,True
2015,d04635,2015|cand|Tim Plass,50.0,1,name+zip,True
2015,d04654,2015|cand|Tim Plass,100.0,1,name+zip,True
2015,d04677,2015|cand|Tim Plass,25.0,1,name+zip,True
2015,d04840,2015|cand|Tim Plass,20.0,1,name+zip,True
2015,d04891,2015|cand|Tim Plass,100.0,1,name+zip,True
2015,d04903,2015|cand|Tim Plass,100.0,1,name+zip,True
2015,d04974,2015|cand|Tim Plass,100.0,1,name+zip,True
2015,d05034,2015|cand|Tim Plass,100.0,2,name+zip,True
2015,d05112,2015|cand|Tim Plass,25.0,1,name+zip,True
2015,d05117,2015|cand|Tim Plass,100.0,1,name+zip,True
2015,d05221,2015|cand|Tim Plass,100.0,1,name+zip,True
2015,d05258,2015|cand|Tim Plass,100.0,1,name+zip,True
2015,d05269,2015|cand|Tim Plass,100.0,1,name+zip,True
2015,d05276,2015|cand|Tim Plass,100.0,1,name+zip,True
2015,d05323,2015|cand|Tim Plass,50.0,1,name+zip,True
2015,d05332,2015|cand|Tim Plass,100.0,1,name+zip,True
2015,d05422,2015|cand|Tim Plass,50.0,1,name+zip,True
2015,d05428,2015|cand|Tim Plass,100.0,1,name+zip,True
2015,d05460,2015|cand|Tim Plass,50.0,1,name+zip,True
2015,d05485,2015|cand|Tim Plass,50.0,1,name+zip,True
2015,d05493,2015|cand|Tim Plass,10.0,1,name+zip,True
2015,d05523,2015|cand|Tim Plass,25.0,1,name+zip,True
2015,d05544,2015|cand|Tim Plass,100.0,1,name+zip,True
2015,d05575,2015|cand|Tim Plass,25.0,1,name+zip,True
2015,d05661,2015|cand|Tim Plass,30.0,1,name+zip,True
2015,d05819,2015|cand|Tim Plass,100.0,1,name+zip,True
2015,d05857,2015|cand|Tim Plass,100.0,1,name+zip,True
2015,d06040,2015|cand|Tim Plass,100.0,1,name+zip,True
2015,d06054,2015|cand|Tim Plass,100.0,1,name+zip,True
2015,d06062,2015|cand|Tim Plass,25.0,1,name+zip,True
2015,d06110,2015|cand|Tim Plass,100.0,1,name+zip,True
2015,d06153,2015|cand|Tim Plass,100.0,1,name+zip,True
2015,d06239,2015|cand|Tim Plass,100.0,1,name+zip,True
2015,d06357,2015|cand|Tim Plass,50.0,1,name+zip,True
2015,d06415,2015|cand|Tim Plass,100.0,1,name+zip,True
2015,d06497,2015|cand|Tim Plass,50.0,1,name+zip,True
2015,d06528,2015|cand|Tim Plass,25.0,1,name+zip,True
2015,d06533,2015|cand|Tim Plass,100.0,1,name+zip,True
2015,d06541,2015|cand|Tim Plass,100.0,1,name+zip,True
2015,d06565,2015|cand|Tim Plass,25.0,1,name+zip,True
2015,d06585,2015|cand|Tim Plass,100.0,1,name+zip,True
2015,d06690,2015|cand|Tim Plass,100.0,1,name+zip,True
2015,d06705,2015|cand|Tim Plass,100.0,1,name+zip,True
2015,d06818,2015|cand|Tim Plass,50.0,1,name+zip,True
2015,d06876,2015|cand|Tim Plass,100.0,1,name+zip,True
2015,d06894,2015|cand|Tim Plass,50.0,1,name+zip,True
2015,d06916,2015|cand|Tim Plass,25.0,1,name+zip,True
2015,d07031,2015|cand|Tim Plass,200.0,2,name+zip,True
2015,d07055,2015|cand|Tim Plass,100.0,1,name+zip,True
2015,d07074,2015|cand|Tim Plass,50.0,1,name+zip,True
2015,d07157,2015|cand|Tim Plass,100.0,1,name+zip,True
2015,d07165,2015|cand|Tim Plass,100.0,1,name+zip,True
2015,d07227,2015|cand|Tim Plass,25.0,1,name+zip,True
2015,d07260,2015|cand|Tim Plass,25.0,1,name+zip,True
2015,d07308,2015|cand|Tim Plass,100.0,2,name+zip,True
2015,d07381,2015|cand|Tim Plass,75.0,1,name+zip,True
2015,d07390,2015|cand|Tim Plass,25.0,1,name+zip,True
2015,d07440,2015|cand|Tim Plass,100.0,1,name+zip,True
2015,d07517,2015|cand|Tim Plass,100.0,1,name+zip,True
2015,d07526,2015|cand|Tim Plass,100.0,1,name+zip,True
2015,d07532,2015|cand|Tim Plass,100.0,1,name+zip,True
2015,d07556,2015|cand|Tim Plass,25.0,1,name+zip,True
2015,d07596,2015|cand|Tim Plass,100.0,1,name+zip,True
2015,d07701,2015|cand|Tim Plass,100.0,1,name+zip,True
2015,d07879,2015|cand|Tim Plass,25.0,1,name+zip,True
2015,d08008,2015|cand|Tim Plass,75.0,1,name+zip,True
2015,d08038,2015|cand|Tim Plass,40.0,1,name+zip,True
2015,d08110,2015|cand|Tim Plass,100.0,1,name+zip,True
2015,d08118,2015|cand|Tim Plass,100.0,1,name+zip,True
2015,d08138,2015|cand|Tim Plass,100.0,1,name+zip,True
2015,d00004,2015|cand|William Rigler,100.0,1,name+zip,True
2015,d00048,2015|cand|William Rigler,25.0,1,name+zip,True
2015,d00211,2015|cand|William Rigler,25.0,1,name+zip,True
2015,d00275,2015|cand|William Rigler,50.0,1,name+zip,True
2015,d00302,2015|cand|William Rigler,100.0,1,name+zip,True
2015,d00331,2015|cand|William Rigler,25.0,1,name+zip,True
2015,d00375,2015|cand|William Rigler,100.0,1,name+zip,True
2015,d00494,2015|cand|William Rigler,50.0,1,name+zip,True
2015,d00499,2015|cand|William Rigler,25.0,1,name+zip,True
2015,d00501,2015|cand|William Rigler,50.0,1,name+zip,True
2015,d00726,2015|cand|William Rigler,50.0,1,name+zip,True
2015,d00741,2015|cand|William Rigler,95.0,1,name+zip,True
2015,d00776,2015|cand|William Rigler,50.0,1,name+zip,True
2015,d00791,2015|cand|William Rigler,100.0,1,name+zip,True
2015,d00820,2015|cand|William Rigler,100.0,1,name+zip,True
2015,d00895,2015|cand|William Rigler,25.0,1,name+zip,True
2015,d00989,2015|cand|William Rigler,25.0,1,name+zip,True
2015,d01012,2015|cand|William Rigler,10.0,1,name+zip,True
2015,d01025,2015|cand|William Rigler,50.0,1,name+zip,True
2015,d01123,2015|cand|William Rigler,100.0,1,name+zip,True
2015,d01134,2015|cand|William Rigler,25.0,1,name+zip,True
2015,d01173,2015|cand|William Rigler,50.0,1,name+zip,True
2015,d01186,2015|cand|William Rigler,50.0,1,name+zip,True
2015,d01205,2015|cand|William Rigler,100.0,1,name+zip,True
2015,d01217,2015|cand|William Rigler,100.0,1,name+zip,True
2015,d01286,2015|cand|William Rigler,36.0,1,name+zip,False
2015,d01295,2015|cand|William Rigler,50.0,1,name+zip,True
2015,d01341,2015|cand|William Rigler,50.0,1,name+zip,True
2015,d01365,2015|cand|William Rigler,25.0,1,name+zip,True
2015,d01369,2015|cand|William Rigler,10.0,1,name+zip,True
2015,d01465,2015|cand|William Rigler,100.0,1,name+zip,True
2015,d01507,2015|cand|William Rigler,25.0,1,name+zip,True
2015,d01683,2015|cand|William Rigler,50.0,1,name+zip,True
2015,d01699,2015|cand|William Rigler,50.0,1,name+zip,True
2015,d01712,2015|cand|William Rigler,100.0,1,name+zip,True
2015,d01748,2015|cand|William Rigler,25.0,1,name+zip,True
2015,d01749,2015|cand|William Rigler,25.0,1,name+zip,True
2015,d01836,2015|cand|William Rigler,50.0,1,name+zip,True
2015,d02003,2015|cand|William Rigler,100.0,1,name+zip,True
2015,d02007,2015|cand|William Rigler,30.0,1,name+zip,True
2015,d02189,2015|cand|William Rigler,50.0,1,name+zip,True
2015,d02279,2015|cand|William Rigler,100.0,2,name+zip,True
2015,d02468,2015|cand|William Rigler,50.0,1,name+zip,True
2015,d02537,2015|cand|William Rigler,100.0,1,name+zip,True
2015,d02587,2015|cand|William Rigler,1.0,1,name+zip,True
2015,d02643,2015|cand|William Rigler,25.0,1,name+zip,True
2015,d02651,2015|cand|William Rigler,25.0,1,name+zip,True
2015,d02752,2015|cand|William Rigler,100.0,1,name+zip,True
2015,d02758,2015|cand|William Rigler,100.0,1,name+zip,True
2015,d02782,2015|cand|William Rigler,100.0,1,name+zip,True
2015,d02930,2015|cand|William Rigler,100.0,1,name+zip,True
2015,d03083,2015|cand|William Rigler,25.0,1,name+zip,True
2015,d03253,2015|cand|William Rigler,100.0,1,name+zip,False
2015,d03323,2015|cand|William Rigler,100.0,1,name+zip,True
2015,d03403,2015|cand|William Rigler,100.0,1,name+zip,True
2015,d03414,2015|cand|William Rigler,100.0,1,name+zip,True
2015,d03465,2015|cand|William Rigler,40.0,1,name+zip,True
2015,d03478,2015|cand|William Rigler,100.0,1,name+zip,True
2015,d03511,2015|cand|William Rigler,100.0,1,name+zip,True
2015,d03538,2015|cand|William Rigler,100.0,1,name+zip,True
2015,d03589,2015|cand|William Rigler,100.0,1,name+zip,True
2015,d03648,2015|cand|William Rigler,100.0,1,name+zip,True
2015,d03677,2015|cand|William Rigler,100.0,1,name+zip,True
2015,d03694,2015|cand|William Rigler,75.0,1,name+zip,True
2015,d03768,2015|cand|William Rigler,50.0,1,name+zip,True
2015,d03787,2015|cand|William Rigler,100.0,1,name+zip,True
2015,d03810,2015|cand|William Rigler,95.0,1,name+zip,True
2015,d03912,2015|cand|William Rigler,100.0,1,name+zip,True
2015,d03948,2015|cand|William Rigler,100.0,1,name+zip,True
2015,d04067,2015|cand|William Rigler,25.0,1,name+zip,True
2015,d04069,2015|cand|William Rigler,25.0,1,name+zip,True
2015,d04094,2015|cand|William Rigler,100.0,1,name+zip,True
2015,d04249,2015|cand|William Rigler,50.0,1,name+zip,True
2015,d04289,2015|cand|William Rigler,100.0,1,name+zip,True
2015,d04352,2015|cand|William Rigler,95.0,1,name+zip,True
2015,d04453,2015|cand|William Rigler,100.0,1,name+zip,True
2015,d04516,2015|cand|William Rigler,100.0,1,name+zip,True
2015,d04575,2015|cand|William Rigler,100.0,1,name+zip,True
2015,d04599,2015|cand|William Rigler,50.0,1,name+zip,True
2015,d04621,2015|cand|William Rigler,100.0,1,name+zip,True
2015,d04748,2015|cand|William Rigler,100.0,1,name+zip,True
2015,d04757,2015|cand|William Rigler,50.0,1,name+zip,True
2015,d05034,2015|cand|William Rigler,50.0,1,name+zip,True
2015,d05083,2015|cand|William Rigler,50.0,1,name+zip,True
2015,d05141,2015|cand|William Rigler,100.0,1,name+zip,True
2015,d05323,2015|cand|William Rigler,50.0,1,name+zip,True
2015,d05350,2015|cand|William Rigler,50.0,1,name+zip,True
2015,d05391,2015|cand|William Rigler,50.0,1,name+zip,True
2015,d05442,2015|cand|William Rigler,25.0,1,name+zip,True
2015,d05483,2015|cand|William Rigler,25.0,1,name+zip,True
2015,d05493,2015|cand|William Rigler,10.0,1,name+zip,True
2015,d05499,2015|cand|William Rigler,20.0,1,name+zip,True
2015,d05530,2015|cand|William Rigler,100.0,1,name+zip,True
2015,d05538,2015|cand|William Rigler,100.0,1,name+zip,True
2015,d05678,2015|cand|William Rigler,50.0,1,name+zip,True
2015,d05712,2015|cand|William Rigler,25.0,1,name+zip,True
2015,d05775,2015|cand|William Rigler,100.0,1,name+zip,True
2015,d05845,2015|cand|William Rigler,50.0,1,name+zip,True
2015,d05950,2015|cand|William Rigler,100.0,1,name+zip,True
2015,d05955,2015|cand|William Rigler,25.0,1,name+zip,True
2015,d06084,2015|cand|William Rigler,25.0,1,name+zip,True
2015,d06092,2015|cand|William Rigler,100.0,1,name+zip,True
2015,d06099,2015|cand|William Rigler,50.0,1,name+zip,True
2015,d06139,2015|cand|William Rigler,75.0,1,name+zip,True
2015,d06170,2015|cand|William Rigler,100.0,1,name+zip,True
2015,d06181,2015|cand|William Rigler,100.0,1,name+zip,True
2015,d06250,2015|cand|William Rigler,50.0,1,name+zip,True
2015,d06329,2015|cand|William Rigler,25.0,1,name+zip,True
2015,d06504,2015|cand|William Rigler,25.0,1,name+zip,True
2015,d06637,2015|cand|William Rigler,25.0,1,name+zip,True
2015,d06694,2015|cand|William Rigler,25.0,1,name+zip,True
2015,d06704,2015|cand|William Rigler,100.0,1,name+zip,True
2015,d06827,2015|cand|William Rigler,100.0,1,name+zip,True
2015,d06865,2015|cand|William Rigler,25.0,1,name+zip,True
2015,d06904,2015|cand|William Rigler,50.0,1,name+zip,True
2015,d06968,2015|cand|William Rigler,100.0,1,name+zip,True
2015,d07032,2015|cand|William Rigler,100.0,1,name+zip,True
2015,d07109,2015|cand|William Rigler,50.0,1,name+zip,True
2015,d07227,2015|cand|William Rigler,25.0,1,name+zip,True
2015,d07232,2015|cand|William Rigler,100.0,1,name+zip,True
2015,d07298,2015|cand|William Rigler,95.0,1,name+zip,True
2015,d07317,2015|cand|William Rigler,40.0,1,name+zip,True
2015,d07470,2015|cand|William Rigler,100.0,1,name+zip,True
2015,d07532,2015|cand|William Rigler,100.0,1,name+zip,True
2015,d07578,2015|cand|William Rigler,75.0,1,name+zip,True
2015,d07584,2015|cand|William Rigler,100.0,1,name+zip,True
2015,d07597,2015|cand|William Rigler,20.0,1,name+zip,False
2015,d07601,2015|cand|William Rigler,50.0,1,name+zip,True
2015,d07614,2015|cand|William Rigler,50.0,1,name+zip,True
2015,d07741,2015|cand|William Rigler,100.0,1,name+zip,True
2015,d07758,2015|cand|William Rigler,25.0,1,name+zip,True
2015,d07803,2015|cand|William Rigler,50.0,1,name+zip,True
2015,d07999,2015|cand|William Rigler,100.0,1,name+zip,True
2015,d08139,2015|cand|William Rigler,100.0,1,name+zip,True
2015,d08156,2015|cand|William Rigler,100.0,1,name+zip,False
2015,d08159,2015|cand|William Rigler,25.0,1,name+zip,True
2015,d00879,2015|issue|Against 300 and 301 for a Better Boulder,900.0,1,name+zip,True
2015,d00071,2015|issue|Citizens for Development Shall Pay Its Own Way,50.0,1,name+zip,True
2015,d00105,2015|issue|Citizens for Development Shall Pay Its Own Way,25.0,1,name+zip,True
2015,d00267,2015|issue|Citizens for Development Shall Pay Its Own Way,25.0,1,name+zip,True
2015,d00364,2015|issue|Citizens for Development Shall Pay Its Own Way,50.0,1,name+zip,True
2015,d00572,2015|issue|Citizens for Development Shall Pay Its Own Way,500.0,1,name+zip,True
2015,d00630,2015|issue|Citizens for Development Shall Pay Its Own Way,250.0,2,name+zip,True
2015,d00751,2015|issue|Citizens for Development Shall Pay Its Own Way,100.0,1,name+zip,True
2015,d00778,2015|issue|Citizens for Development Shall Pay Its Own Way,25.0,1,name+zip,True
2015,d00826,2015|issue|Citizens for Development Shall Pay Its Own Way,110.0,3,name+zip,True
2015,d00833,2015|issue|Citizens for Development Shall Pay Its Own Way,100.0,1,name+zip,True
2015,d01120,2015|issue|Citizens for Development Shall Pay Its Own Way,50.0,1,name+zip,True
2015,d01263,2015|issue|Citizens for Development Shall Pay Its Own Way,50.0,1,name+zip,True
2015,d01274,2015|issue|Citizens for Development Shall Pay Its Own Way,75.0,2,name+zip,True
2015,d01538,2015|issue|Citizens for Development Shall Pay Its Own Way,25.0,1,name+zip,True
2015,d01554,2015|issue|Citizens for Development Shall Pay Its Own Way,25.0,1,name+zip,True
2015,d01636,2015|issue|Citizens for Development Shall Pay Its Own Way,50.0,1,name+zip,True
2015,d01687,2015|issue|Citizens for Development Shall Pay Its Own Way,180.0,2,name+zip,True
2015,d01700,2015|issue|Citizens for Development Shall Pay Its Own Way,25.0,1,name+zip,True
2015,d01716,2015|issue|Citizens for Development Shall Pay Its Own Way,18.0,1,name+zip,True
2015,d01848,2015|issue|Citizens for Development Shall Pay Its Own Way,1350.0,5,name+zip,True
2015,d02067,2015|issue|Citizens for Development Shall Pay Its Own Way,35.0,2,name+zip,True
2015,d02193,2015|issue|Citizens for Development Shall Pay Its Own Way,52.5,1,name+zip,True
2015,d02216,2015|issue|Citizens for Development Shall Pay Its Own Way,1000.0,2,name+zip,True
2015,d02331,2015|issue|Citizens for Development Shall Pay Its Own Way,20.0,1,name+zip,True
2015,d02512,2015|issue|Citizens for Development Shall Pay Its Own Way,500.0,1,name+zip,True
2015,d02524,2015|issue|Citizens for Development Shall Pay Its Own Way,50.0,1,name+zip,True
2015,d02546,2015|issue|Citizens for Development Shall Pay Its Own Way,458.28,9,name+zip,True
2015,d02706,2015|issue|Citizens for Development Shall Pay Its Own Way,50.0,1,name+zip,True
2015,d02715,2015|issue|Citizens for Development Shall Pay Its Own Way,25.0,1,name+zip,True
2015,d02741,2015|issue|Citizens for Development Shall Pay Its Own Way,50.0,1,name+zip,True
2015,d02895,2015|issue|Citizens for Development Shall Pay Its Own Way,50.0,1,name+zip,True
2015,d02909,2015|issue|Citizens for Development Shall Pay Its Own Way,30.0,1,name+zip,True
2015,d03035,2015|issue|Citizens for Development Shall Pay Its Own Way,200.0,2,name+zip,True
2015,d03152,2015|issue|Citizens for Development Shall Pay Its Own Way,50.0,1,name+zip,True
2015,d03202,2015|issue|Citizens for Development Shall Pay Its Own Way,50.0,1,name+zip,True
2015,d03231,2015|issue|Citizens for Development Shall Pay Its Own Way,25.0,1,name+zip,True
2015,d03262,2015|issue|Citizens for Development Shall Pay Its Own Way,30.0,1,name+zip,True
2015,d03405,2015|issue|Citizens for Development Shall Pay Its Own Way,75.0,1,name+zip,True
2015,d03433,2015|issue|Citizens for Development Shall Pay Its Own Way,50.0,1,name+zip,True
2015,d03460,2015|issue|Citizens for Development Shall Pay Its Own Way,125.0,1,name+zip,True
2015,d03467,2015|issue|Citizens for Development Shall Pay Its Own Way,50.0,1,name+zip,True
2015,d03561,2015|issue|Citizens for Development Shall Pay Its Own Way,25.0,1,name+zip,True
2015,d03645,2015|issue|Citizens for Development Shall Pay Its Own Way,100.0,1,name+zip,True
2015,d03660,2015|issue|Citizens for Development Shall Pay Its Own Way,10.0,1,name+zip,True
2015,d03693,2015|issue|Citizens for Development Shall Pay Its Own Way,200.0,3,name+zip,True
2015,d03757,2015|issue|Citizens for Development Shall Pay Its Own Way,100.0,1,name+zip,True
2015,d03818,2015|issue|Citizens for Development Shall Pay Its Own Way,25.0,1,name+zip,True
2015,d03825,2015|issue|Citizens for Development Shall Pay Its Own Way,25.0,1,name+zip,True
2015,d03889,2015|issue|Citizens for Development Shall Pay Its Own Way,300.0,2,name+zip,True
2015,d04077,2015|issue|Citizens for Development Shall Pay Its Own Way,300.0,3,name+zip,True
2015,d04101,2015|issue|Citizens for Development Shall Pay Its Own Way,100.0,1,name+zip,True
2015,d04110,2015|issue|Citizens for Development Shall Pay Its Own Way,25.0,1,name+zip,True
2015,d04111,2015|issue|Citizens for Development Shall Pay Its Own Way,25.0,1,name+zip,True
2015,d04230,2015|issue|Citizens for Development Shall Pay Its Own Way,100.0,1,name+zip,True
2015,d04283,2015|issue|Citizens for Development Shall Pay Its Own Way,50.0,1,name+zip,True
2015,d04499,2015|issue|Citizens for Development Shall Pay Its Own Way,50.0,1,name+zip,True
2015,d04529,2015|issue|Citizens for Development Shall Pay Its Own Way,100.0,2,name+zip,True
2015,d04696,2015|issue|Citizens for Development Shall Pay Its Own Way,50.0,1,name+zip,True
2015,d04705,2015|issue|Citizens for Development Shall Pay Its Own Way,822.0,2,name+zip,True
2015,d04813,2015|issue|Citizens for Development Shall Pay Its Own Way,25.0,1,name+zip,True
2015,d05006,2015|issue|Citizens for Development Shall Pay Its Own Way,50.0,1,name+zip,True
2015,d05014,2015|issue|Citizens for Development Shall Pay Its Own Way,50.0,1,name+zip,True
2015,d05019,2015|issue|Citizens for Development Shall Pay Its Own Way,100.0,1,name+zip,True
2015,d05022,2015|issue|Citizens for Development Shall Pay Its Own Way,100.0,2,name+zip,True
2015,d05056,2015|issue|Citizens for Development Shall Pay Its Own Way,300.0,3,name+zip,True
2015,d05090,2015|issue|Citizens for Development Shall Pay Its Own Way,50.0,1,name+zip,True
2015,d05140,2015|issue|Citizens for Development Shall Pay Its Own Way,100.0,2,name+zip,True
2015,d05159,2015|issue|Citizens for Development Shall Pay Its Own Way,200.0,1,name+zip,True
2015,d05428,2015|issue|Citizens for Development Shall Pay Its Own Way,100.0,1,name+zip,True
2015,d05440,2015|issue|Citizens for Development Shall Pay Its Own Way,25.0,1,name+zip,True
2015,d05497,2015|issue|Citizens for Development Shall Pay Its Own Way,100.0,1,name+zip,True
2015,d05579,2015|issue|Citizens for Development Shall Pay Its Own Way,1250.0,2,name+zip,True
2015,d05619,2015|issue|Citizens for Development Shall Pay Its Own Way,100.0,1,name+zip,True
2015,d05630,2015|issue|Citizens for Development Shall Pay Its Own Way,25.0,1,name+zip,True
2015,d05642,2015|issue|Citizens for Development Shall Pay Its Own Way,50.0,2,name+zip,True
2015,d05643,2015|issue|Citizens for Development Shall Pay Its Own Way,249.5,1,name+zip,True
2015,d05688,2015|issue|Citizens for Development Shall Pay Its Own Way,15.0,1,name+zip,True
2015,d05732,2015|issue|Citizens for Development Shall Pay Its Own Way,50.0,1,name+zip,True
2015,d05765,2015|issue|Citizens for Development Shall Pay Its Own Way,1850.0,2,name+zip,True
2015,d05766,2015|issue|Citizens for Development Shall Pay Its Own Way,75.0,2,name+zip,True
2015,d05780,2015|issue|Citizens for Development Shall Pay Its Own Way,2750.0,4,name+zip,True
2015,d05822,2015|issue|Citizens for Development Shall Pay Its Own Way,250.0,1,name+zip,True
2015,d05886,2015|issue|Citizens for Development Shall Pay Its Own Way,50.0,1,name+zip,True
2015,d05896,2015|issue|Citizens for Development Shall Pay Its Own Way,52.22,3,name+zip,True
2015,d05951,2015|issue|Citizens for Development Shall Pay Its Own Way,500.0,2,name+zip,True
2015,d05952,2015|issue|Citizens for Development Shall Pay Its Own Way,200.0,2,name+zip,True
2015,d05967,2015|issue|Citizens for Development Shall Pay Its Own Way,15.0,1,name+zip,True
2015,d06004,2015|issue|Citizens for Development Shall Pay Its Own Way,50.0,1,name+zip,True
2015,d06082,2015|issue|Citizens for Development Shall Pay Its Own Way,50.0,1,name+zip,True
2015,d06151,2015|issue|Citizens for Development Shall Pay Its Own Way,25.0,1,name+zip,True
2015,d06238,2015|issue|Citizens for Development Shall Pay Its Own Way,10.0,1,name+zip,True
2015,d06286,2015|issue|Citizens for Development Shall Pay Its Own Way,25.0,1,name+zip,True
2015,d06296,2015|issue|Citizens for Development Shall Pay Its Own Way,25.0,1,name+zip,True
2015,d06309,2015|issue|Citizens for Development Shall Pay Its Own Way,50.0,1,name+zip,False
2015,d06396,2015|issue|Citizens for Development Shall Pay Its Own Way,125.0,1,name+zip,True
2015,d06432,2015|issue|Citizens for Development Shall Pay Its Own Way,20.0,1,name+zip,True
2015,d06468,2015|issue|Citizens for Development Shall Pay Its Own Way,10.0,1,name+zip,True
2015,d06525,2015|issue|Citizens for Development Shall Pay Its Own Way,50.0,1,name+zip,True
2015,d06612,2015|issue|Citizens for Development Shall Pay Its Own Way,50.0,1,name+zip,True
2015,d06623,2015|issue|Citizens for Development Shall Pay Its Own Way,173.33,1,name+zip,True
2015,d06693,2015|issue|Citizens for Development Shall Pay Its Own Way,50.0,1,name+zip,True
2015,d06737,2015|issue|Citizens for Development Shall Pay Its Own Way,25.0,1,name+zip,True
2015,d06789,2015|issue|Citizens for Development Shall Pay Its Own Way,50.0,1,name+zip,False
2015,d06829,2015|issue|Citizens for Development Shall Pay Its Own Way,97.96,1,name+zip,True
2015,d06992,2015|issue|Citizens for Development Shall Pay Its Own Way,100.0,1,name+zip,True
2015,d07085,2015|issue|Citizens for Development Shall Pay Its Own Way,250.0,1,name+zip,True
2015,d07184,2015|issue|Citizens for Development Shall Pay Its Own Way,100.0,1,name+zip,True
2015,d07238,2015|issue|Citizens for Development Shall Pay Its Own Way,100.0,1,name+zip,True
2015,d07364,2015|issue|Citizens for Development Shall Pay Its Own Way,32.48,2,name+zip,True
2015,d07509,2015|issue|Citizens for Development Shall Pay Its Own Way,100.0,1,name+zip,True
2015,d07616,2015|issue|Citizens for Development Shall Pay Its Own Way,175.0,2,name+zip,True
2015,d07662,2015|issue|Citizens for Development Shall Pay Its Own Way,25.0,1,name+zip,False
2015,d07710,2015|issue|Citizens for Development Shall Pay Its Own Way,100.0,1,name+zip,True
2015,d07772,2015|issue|Citizens for Development Shall Pay Its Own Way,25.0,1,name+zip,True
2015,d07915,2015|issue|Citizens for Development Shall Pay Its Own Way,100.0,1,name+zip,True
2015,d07947,2015|issue|Citizens for Development Shall Pay Its Own Way,20.0,1,name+zip,True
2015,d07966,2015|issue|Citizens for Development Shall Pay Its Own Way,50.0,1,name+zip,True
2015,d08074,2015|issue|Citizens for Development Shall Pay Its Own Way,272.33000000000004,4,name+zip,True
2015,d08086,2015|issue|Citizens for Development Shall Pay Its Own Way,50.0,1,name+zip,True
2015,d00030,2015|issue|Citizens for One Boulder,100.0,1,name+zip,True
2015,d00156,2015|issue|Citizens for One Boulder,100.0,1,name+zip,True
2015,d00160,2015|issue|Citizens for One Boulder,96.8,1,name+zip,True
2015,d00201,2015|issue|Citizens for One Boulder,50.0,1,name+zip,True
2015,d00202,2015|issue|Citizens for One Boulder,100.0,1,name+zip,True
2015,d00405,2015|issue|Citizens for One Boulder,200.0,1,name+zip,True
2015,d00527,2015|issue|Citizens for One Boulder,25.0,1,name+zip,False
2015,d00568,2015|issue|Citizens for One Boulder,485.2,1,name+zip,True
2015,d00715,2015|issue|Citizens for One Boulder,35.0,1,name+zip,True
2015,d00825,2015|issue|Citizens for One Boulder,18.5,1,name+zip,False
2015,d00879,2015|issue|Citizens for One Boulder,2500.0,1,name+zip,True
2015,d00882,2015|issue|Citizens for One Boulder,23.97,1,name+zip,True
2015,d00947,2015|issue|Citizens for One Boulder,25.0,1,name+zip,True
2015,d01038,2015|issue|Citizens for One Boulder,35.0,1,name+zip,False
2015,d01082,2015|issue|Citizens for One Boulder,2500.0,1,name+zip,True
2015,d01097,2015|issue|Citizens for One Boulder,96.8,1,name+zip,True
2015,d01098,2015|issue|Citizens for One Boulder,48.25,1,name+zip,True
2015,d01106,2015|issue|Citizens for One Boulder,50.0,1,name+zip,True
2015,d01186,2015|issue|Citizens for One Boulder,50.0,1,name+zip,True
2015,d01218,2015|issue|Citizens for One Boulder,2500.0,1,name+zip,True
2015,d01372,2015|issue|Citizens for One Boulder,250.0,1,name+zip,True
2015,d01427,2015|issue|Citizens for One Boulder,9.41,1,name+zip,True
2015,d01482,2015|issue|Citizens for One Boulder,50.0,1,name+zip,True
2015,d01537,2015|issue|Citizens for One Boulder,25.0,1,name+zip,False
2015,d01596,2015|issue|Citizens for One Boulder,970.7,1,name+zip,True
2015,d01623,2015|issue|Citizens for One Boulder,485.2,1,name+zip,True
2015,d01662,2015|issue|Citizens for One Boulder,96.8,1,name+zip,True
2015,d01689,2015|issue|Citizens for One Boulder,100.0,1,name+zip,True
2015,d01798,2015|issue|Citizens for One Boulder,14.27,1,name+zip,True
2015,d01820,2015|issue|Citizens for One Boulder,50.0,1,name+zip,True
2015,d01887,2015|issue|Citizens for One Boulder,100.0,1,name+zip,True
2015,d01915,2015|issue|Citizens for One Boulder,48.25,1,name+zip,True
2015,d01972,2015|issue|Citizens for One Boulder,96.8,1,name+zip,True
2015,d01978,2015|issue|Citizens for One Boulder,5000.0,2,name+zip,True
2015,d02223,2015|issue|Citizens for One Boulder,100.0,1,name+zip,True
2015,d02276,2015|issue|Citizens for One Boulder,25.0,1,name+zip,False
2015,d02349,2015|issue|Citizens for One Boulder,100.0,1,name+zip,True
2015,d02559,2015|issue|Citizens for One Boulder,25.0,1,name+zip,False
2015,d02566,2015|issue|Citizens for One Boulder,35.0,1,name+zip,False
2015,d02815,2015|issue|Citizens for One Boulder,20.0,1,name+zip,True
2015,d02876,2015|issue|Citizens for One Boulder,100.0,1,name+zip,True
2015,d02933,2015|issue|Citizens for One Boulder,50.0,1,name+zip,True
2015,d03042,2015|issue|Citizens for One Boulder,12.5,1,name+zip,True
2015,d03044,2015|issue|Citizens for One Boulder,25.0,1,name+zip,True
2015,d03056,2015|issue|Citizens for One Boulder,970.7,1,name+zip,True
2015,d03154,2015|issue|Citizens for One Boulder,100.0,1,name+zip,True
2015,d03178,2015|issue|Citizens for One Boulder,35.0,1,name+zip,False
2015,d03272,2015|issue|Citizens for One Boulder,67.37,1,name+zip,True
2015,d03434,2015|issue|Citizens for One Boulder,15.0,1,name+zip,False
2015,d03448,2015|issue|Citizens for One Boulder,23.98,1,name+zip,True
2015,d03531,2015|issue|Citizens for One Boulder,48.25,1,name+zip,True
2015,d03534,2015|issue|Citizens for One Boulder,48.4,1,name+zip,True
2015,d03538,2015|issue|Citizens for One Boulder,35.0,1,name+zip,True
2015,d03543,2015|issue|Citizens for One Boulder,1550.0,1,name+zip,True
2015,d03573,2015|issue|Citizens for One Boulder,50.0,1,name+zip,True
2015,d03652,2015|issue|Citizens for One Boulder,48.65,1,name+zip,True
2015,d03670,2015|issue|Citizens for One Boulder,35.0,1,name+zip,False
2015,d03704,2015|issue|Citizens for One Boulder,15.0,1,name+zip,True
2015,d03706,2015|issue|Citizens for One Boulder,20.0,1,name+zip,False
2015,d03764,2015|issue|Citizens for One Boulder,100.0,1,name+zip,True
2015,d03807,2015|issue|Citizens for One Boulder,25.0,1,name+zip,True
2015,d03853,2015|issue|Citizens for One Boulder,25.0,1,name+zip,True
2015,d03908,2015|issue|Citizens for One Boulder,23.97,1,name+zip,True
2015,d03969,2015|issue|Citizens for One Boulder,1000.0,1,name+zip,True
2015,d04089,2015|issue|Citizens for One Boulder,50.0,1,name+zip,True
2015,d04191,2015|issue|Citizens for One Boulder,50.0,1,name+zip,True
2015,d04273,2015|issue|Citizens for One Boulder,100.0,1,name+zip,True
2015,d04334,2015|issue|Citizens for One Boulder,100.0,1,name+zip,True
2015,d04411,2015|issue|Citizens for One Boulder,500.0,1,name+zip,True
2015,d04426,2015|issue|Citizens for One Boulder,100.0,1,name+zip,True
2015,d04482,2015|issue|Citizens for One Boulder,100.0,1,name+zip,True
2015,d04505,2015|issue|Citizens for One Boulder,250.0,1,name+zip,True
2015,d04549,2015|issue|Citizens for One Boulder,96.8,1,name+zip,True
2015,d04616,2015|issue|Citizens for One Boulder,20.0,1,name+zip,True
2015,d04620,2015|issue|Citizens for One Boulder,50.0,1,name+zip,True
2015,d04651,2015|issue|Citizens for One Boulder,485.2,1,name+zip,True
2015,d04682,2015|issue|Citizens for One Boulder,23.97,1,name+zip,True
2015,d04761,2015|issue|Citizens for One Boulder,25.0,1,name+zip,False
2015,d04818,2015|issue|Citizens for One Boulder,250.0,1,name+zip,True
2015,d04826,2015|issue|Citizens for One Boulder,25.0,1,name+zip,True
2015,d04874,2015|issue|Citizens for One Boulder,23.97,1,name+zip,True
2015,d04879,2015|issue|Citizens for One Boulder,33.69,1,name+zip,True
2015,d05064,2015|issue|Citizens for One Boulder,25.0,1,name+zip,False
2015,d05131,2015|issue|Citizens for One Boulder,15.0,1,name+zip,True
2015,d05179,2015|issue|Citizens for One Boulder,200.0,1,name+zip,True
2015,d05188,2015|issue|Citizens for One Boulder,35.0,1,name+zip,False
2015,d05190,2015|issue|Citizens for One Boulder,1000.0,1,name+zip,True
2015,d05248,2015|issue|Citizens for One Boulder,35.0,1,name+zip,True
2015,d05269,2015|issue|Citizens for One Boulder,100.0,1,name+zip,True
2015,d05306,2015|issue|Citizens for One Boulder,48.25,1,name+zip,True
2015,d05355,2015|issue|Citizens for One Boulder,23.97,1,name+zip,True
2015,d05388,2015|issue|Citizens for One Boulder,23.97,1,name+zip,True
2015,d05493,2015|issue|Citizens for One Boulder,9.41,1,name+zip,True
2015,d05500,2015|issue|Citizens for One Boulder,35.0,1,name+zip,False
2015,d05533,2015|issue|Citizens for One Boulder,23.98,1,name+zip,True
2015,d05552,2015|issue|Citizens for One Boulder,50.0,1,name+zip,False
2015,d05614,2015|issue|Citizens for One Boulder,48.65,2,name+zip,True
2015,d05757,2015|issue|Citizens for One Boulder,50.0,1,name+zip,True
2015,d05788,2015|issue|Citizens for One Boulder,100.0,1,name+zip,True
2015,d05918,2015|issue|Citizens for One Boulder,10.0,1,name+zip,False
2015,d05999,2015|issue|Citizens for One Boulder,35.0,1,name+zip,False
2015,d06013,2015|issue|Citizens for One Boulder,100.0,1,name+zip,True
2015,d06064,2015|issue|Citizens for One Boulder,50.0,1,name+zip,True
2015,d06075,2015|issue|Citizens for One Boulder,50.0,1,name+zip,True
2015,d06093,2015|issue|Citizens for One Boulder,61.8,1,name+zip,True
2015,d06180,2015|issue|Citizens for One Boulder,25.0,1,name+zip,False
2015,d06329,2015|issue|Citizens for One Boulder,50.0,1,name+zip,True
2015,d06489,2015|issue|Citizens for One Boulder,9.41,1,name+zip,True
2015,d06506,2015|issue|Citizens for One Boulder,2500.0,1,name+zip,True
2015,d06537,2015|issue|Citizens for One Boulder,48.25,1,name+zip,True
2015,d06545,2015|issue|Citizens for One Boulder,23.97,1,name+zip,True
2015,d06548,2015|issue|Citizens for One Boulder,1000.0,1,name+zip,True
2015,d06568,2015|issue|Citizens for One Boulder,9.41,1,name+zip,True
2015,d06641,2015|issue|Citizens for One Boulder,35.0,1,name+zip,False
2015,d06705,2015|issue|Citizens for One Boulder,50.0,1,name+zip,True
2015,d06729,2015|issue|Citizens for One Boulder,242.45,1,name+zip,True
2015,d06809,2015|issue|Citizens for One Boulder,200.0,1,name+zip,True
2015,d06824,2015|issue|Citizens for One Boulder,500.0,1,name+zip,True
2015,d06838,2015|issue|Citizens for One Boulder,23.66,1,name+zip,True
2015,d06846,2015|issue|Citizens for One Boulder,2490.0,1,name+zip,True
2015,d06916,2015|issue|Citizens for One Boulder,100.0,1,name+zip,True
2015,d06939,2015|issue|Citizens for One Boulder,96.8,1,name+zip,True
2015,d06947,2015|issue|Citizens for One Boulder,23.97,1,name+zip,True
2015,d07040,2015|issue|Citizens for One Boulder,485.2,1,name+zip,True
2015,d07066,2015|issue|Citizens for One Boulder,10.0,1,name+zip,True
2015,d07104,2015|issue|Citizens for One Boulder,25.0,1,name+zip,False
2015,d07105,2015|issue|Citizens for One Boulder,50.0,1,name+zip,True
2015,d07268,2015|issue|Citizens for One Boulder,23.97,1,name+zip,True
2015,d07302,2015|issue|Citizens for One Boulder,50.0,1,name+zip,True
2015,d07308,2015|issue|Citizens for One Boulder,55.78,2,name+zip,True
2015,d07353,2015|issue|Citizens for One Boulder,100.0,1,name+zip,True
2015,d07367,2015|issue|Citizens for One Boulder,48.25,1,name+zip,True
2015,d07390,2015|issue|Citizens for One Boulder,23.97,1,name+zip,True
2015,d07440,2015|issue|Citizens for One Boulder,100.0,1,name+zip,True
2015,d07505,2015|issue|Citizens for One Boulder,50.0,1,name+zip,False
2015,d07517,2015|issue|Citizens for One Boulder,524.04,1,name+zip,True
2015,d07521,2015|issue|Citizens for One Boulder,5.0,1,name+zip,True
2015,d07532,2015|issue|Citizens for One Boulder,96.8,1,name+zip,True
2015,d07600,2015|issue|Citizens for One Boulder,23.98,1,name+zip,True
2015,d07701,2015|issue|Citizens for One Boulder,100.0,1,name+zip,True
2015,d07738,2015|issue|Citizens for One Boulder,100.0,1,name+zip,False
2015,d07809,2015|issue|Citizens for One Boulder,10.0,1,name+zip,False
2015,d07902,2015|issue|Citizens for One Boulder,15.0,1,name+zip,False
2015,d07906,2015|issue|Citizens for One Boulder,9.41,1,name+zip,True
2015,d07951,2015|issue|Citizens for One Boulder,25.0,1,name+zip,False
2015,d07961,2015|issue|Citizens for One Boulder,48.25,1,name+zip,True
2015,d08139,2015|issue|Citizens for One Boulder,970.7,1,name+zip,True
2015,d00030,2015|issue|Coalition for One Boulder,100.0,1,name+zip,True
2015,d00156,2015|issue|Coalition for One Boulder,100.0,1,name+zip,True
2015,d00160,2015|issue|Coalition for One Boulder,96.8,1,name+zip,True
2015,d00527,2015|issue|Coalition for One Boulder,25.0,1,name+zip,False
2015,d00568,2015|issue|Coalition for One Boulder,485.2,1,name+zip,True
2015,d00715,2015|issue|Coalition for One Boulder,35.0,1,name+zip,True
2015,d00825,2015|issue|Coalition for One Boulder,18.5,1,name+zip,False
2015,d00879,2015|issue|Coalition for One Boulder,2500.0,1,name+zip,True
2015,d00947,2015|issue|Coalition for One Boulder,25.0,1,name+zip,True
2015,d01038,2015|issue|Coalition for One Boulder,35.0,1,name+zip,False
2015,d01082,2015|issue|Coalition for One Boulder,2500.0,1,name+zip,True
2015,d01097,2015|issue|Coalition for One Boulder,96.8,1,name+zip,True
2015,d01098,2015|issue|Coalition for One Boulder,48.25,1,name+zip,True
2015,d01106,2015|issue|Coalition for One Boulder,50.0,1,name+zip,True
2015,d01132,2015|issue|Coalition for One Boulder,970.7,1,name+zip,True
2015,d01186,2015|issue|Coalition for One Boulder,50.0,1,name+zip,True
2015,d01372,2015|issue|Coalition for One Boulder,250.0,1,name+zip,True
2015,d01427,2015|issue|Coalition for One Boulder,9.41,1,name+zip,True
2015,d01482,2015|issue|Coalition for One Boulder,50.0,1,name+zip,True
2015,d01537,2015|issue|Coalition for One Boulder,25.0,1,name+zip,False
2015,d01623,2015|issue|Coalition for One Boulder,485.2,1,name+zip,True
2015,d01662,2015|issue|Coalition for One Boulder,96.8,1,name+zip,True
2015,d01672,2015|issue|Coalition for One Boulder,25.0,1,name+zip,False
2015,d01798,2015|issue|Coalition for One Boulder,14.27,1,name+zip,True
2015,d01820,2015|issue|Coalition for One Boulder,50.0,1,name+zip,True
2015,d01978,2015|issue|Coalition for One Boulder,5000.0,2,name+zip,True
2015,d02027,2015|issue|Coalition for One Boulder,50.0,1,name+zip,True
2015,d02223,2015|issue|Coalition for One Boulder,100.0,1,name+zip,True
2015,d02276,2015|issue|Coalition for One Boulder,25.0,1,name+zip,False
2015,d02278,2015|issue|Coalition for One Boulder,5000.0,1,name+zip,True
2015,d02345,2015|issue|Coalition for One Boulder,67.37,1,name+zip,True
2015,d02559,2015|issue|Coalition for One Boulder,25.0,1,name+zip,False
2015,d02566,2015|issue|Coalition for One Boulder,35.0,1,name+zip,False
2015,d02876,2015|issue|Coalition for One Boulder,100.0,1,name+zip,True
2015,d03042,2015|issue|Coalition for One Boulder,12.5,1,name+zip,True
2015,d03056,2015|issue|Coalition for One Boulder,970.7,1,name+zip,True
2015,d03154,2015|issue|Coalition for One Boulder,100.0,1,name+zip,True
2015,d03178,2015|issue|Coalition for One Boulder,35.0,1,name+zip,False
2015,d03434,2015|issue|Coalition for One Boulder,15.0,1,name+zip,False
2015,d03448,2015|issue|Coalition for One Boulder,23.98,1,name+zip,True
2015,d03534,2015|issue|Coalition for One Boulder,48.4,1,name+zip,True
2015,d03538,2015|issue|Coalition for One Boulder,35.0,1,name+zip,True
2015,d03543,2015|issue|Coalition for One Boulder,1550.0,1,name+zip,True
2015,d03652,2015|issue|Coalition for One Boulder,48.65,1,name+zip,True
2015,d03670,2015|issue|Coalition for One Boulder,35.0,1,name+zip,False
2015,d03704,2015|issue|Coalition for One Boulder,15.0,1,name+zip,True
2015,d03706,2015|issue|Coalition for One Boulder,20.0,1,name+zip,False
2015,d03791,2015|issue|Coalition for One Boulder,100.0,1,name+zip,True
2015,d03807,2015|issue|Coalition for One Boulder,25.0,1,name+zip,True
2015,d03823,2015|issue|Coalition for One Boulder,100.0,1,name+zip,True
2015,d03908,2015|issue|Coalition for One Boulder,23.97,1,name+zip,True
2015,d03969,2015|issue|Coalition for One Boulder,1000.0,1,name+zip,True
2015,d04089,2015|issue|Coalition for One Boulder,50.0,1,name+zip,True
2015,d04191,2015|issue|Coalition for One Boulder,50.0,1,name+zip,True
2015,d04273,2015|issue|Coalition for One Boulder,100.0,1,name+zip,True
2015,d04426,2015|issue|Coalition for One Boulder,100.0,1,name+zip,True
2015,d04616,2015|issue|Coalition for One Boulder,20.0,1,name+zip,True
2015,d04634,2015|issue|Coalition for One Boulder,50.0,1,name+zip,False
2015,d04651,2015|issue|Coalition for One Boulder,485.2,1,name+zip,True
2015,d04761,2015|issue|Coalition for One Boulder,25.0,1,name+zip,False
2015,d04874,2015|issue|Coalition for One Boulder,23.97,1,name+zip,True
2015,d04879,2015|issue|Coalition for One Boulder,43.099999999999994,2,name+zip,True
2015,d05064,2015|issue|Coalition for One Boulder,25.0,1,name+zip,False
2015,d05131,2015|issue|Coalition for One Boulder,15.0,1,name+zip,True
2015,d05188,2015|issue|Coalition for One Boulder,35.0,1,name+zip,False
2015,d05190,2015|issue|Coalition for One Boulder,1000.0,1,name+zip,True
2015,d05269,2015|issue|Coalition for One Boulder,200.0,2,name+zip,True
2015,d05306,2015|issue|Coalition for One Boulder,48.25,1,name+zip,True
2015,d05355,2015|issue|Coalition for One Boulder,23.97,1,name+zip,True
2015,d05388,2015|issue|Coalition for One Boulder,23.97,1,name+zip,True
2015,d05424,2015|issue|Coalition for One Boulder,45.0,2,name+zip,True
2015,d05485,2015|issue|Coalition for One Boulder,35.0,1,name+zip,True
2015,d05500,2015|issue|Coalition for One Boulder,35.0,1,name+zip,False
2015,d05533,2015|issue|Coalition for One Boulder,23.98,1,name+zip,True
2015,d05614,2015|issue|Coalition for One Boulder,23.65,1,name+zip,True
2015,d05690,2015|issue|Coalition for One Boulder,100.0,1,name+zip,True
2015,d05757,2015|issue|Coalition for One Boulder,50.0,1,name+zip,True
2015,d05860,2015|issue|Coalition for One Boulder,25.0,1,name+zip,True
2015,d05901,2015|issue|Coalition for One Boulder,96.8,1,name+zip,True
2015,d05918,2015|issue|Coalition for One Boulder,10.0,1,name+zip,False
2015,d05999,2015|issue|Coalition for One Boulder,35.0,1,name+zip,False
2015,d06093,2015|issue|Coalition for One Boulder,110.35,1,name+zip,True
2015,d06180,2015|issue|Coalition for One Boulder,25.0,1,name+zip,False
2015,d06329,2015|issue|Coalition for One Boulder,50.0,1,name+zip,True
2015,d06417,2015|issue|Coalition for One Boulder,200.0,1,name+zip,True
2015,d06489,2015|issue|Coalition for One Boulder,9.41,1,name+zip,True
2015,d06506,2015|issue|Coalition for One Boulder,5000.0,2,name+zip,True
2015,d06537,2015|issue|Coalition for One Boulder,48.25,1,name+zip,True
2015,d06545,2015|issue|Coalition for One Boulder,23.97,1,name+zip,True
2015,d06548,2015|issue|Coalition for One Boulder,1000.0,1,name+zip,True
2015,d06562,2015|issue|Coalition for One Boulder,9.41,1,name+zip,True
2015,d06568,2015|issue|Coalition for One Boulder,9.41,1,name+zip,True
2015,d06641,2015|issue|Coalition for One Boulder,35.0,1,name+zip,False
2015,d06712,2015|issue|Coalition for One Boulder,100.0,1,name+zip,True
2015,d06729,2015|issue|Coalition for One Boulder,242.45,1,name+zip,True
2015,d06824,2015|issue|Coalition for One Boulder,500.0,1,name+zip,True
2015,d06838,2015|issue|Coalition for One Boulder,23.96,1,name+zip,True
2015,d06846,2015|issue|Coalition for One Boulder,2490.0,1,name+zip,True
2015,d06876,2015|issue|Coalition for One Boulder,50.0,1,name+zip,True
2015,d06916,2015|issue|Coalition for One Boulder,100.0,1,name+zip,True
2015,d06939,2015|issue|Coalition for One Boulder,96.8,1,name+zip,True
2015,d06947,2015|issue|Coalition for One Boulder,23.97,1,name+zip,True
2015,d07031,2015|issue|Coalition for One Boulder,970.7,1,name+zip,True
2015,d07040,2015|issue|Coalition for One Boulder,485.2,1,name+zip,True
2015,d07104,2015|issue|Coalition for One Boulder,25.0,1,name+zip,False
2015,d07308,2015|issue|Coalition for One Boulder,55.78,2,name+zip,True
2015,d07367,2015|issue|Coalition for One Boulder,48.25,1,name+zip,True
2015,d07440,2015|issue|Coalition for One Boulder,100.0,1,name+zip,True
2015,d07517,2015|issue|Coalition for One Boulder,524.04,1,name+zip,True
2015,d07521,2015|issue|Coalition for One Boulder,5.0,1,name+zip,True
2015,d07600,2015|issue|Coalition for One Boulder,23.98,1,name+zip,True
2015,d07697,2015|issue|Coalition for One Boulder,48.65,1,name+zip,True
2015,d07809,2015|issue|Coalition for One Boulder,10.0,1,name+zip,False
2015,d07902,2015|issue|Coalition for One Boulder,15.0,1,name+zip,False
2015,d07961,2015|issue|Coalition for One Boulder,48.25,1,name+zip,True
2015,d08139,2015|issue|Coalition for One Boulder,970.7,1,name+zip,True
2015,d00026,2015|issue|Neighborhoods' Right to Vote on Land Use Regulation Changes,125.0,1,name+zip,True
2015,d00071,2015|issue|Neighborhoods' Right to Vote on Land Use Regulation Changes,50.0,1,name+zip,True
2015,d00105,2015|issue|Neighborhoods' Right to Vote on Land Use Regulation Changes,25.0,1,name+zip,True
2015,d00226,2015|issue|Neighborhoods' Right to Vote on Land Use Regulation Changes,200.0,2,name+zip,True
2015,d00267,2015|issue|Neighborhoods' Right to Vote on Land Use Regulation Changes,25.0,1,name+zip,True
2015,d00364,2015|issue|Neighborhoods' Right to Vote on Land Use Regulation Changes,50.0,1,name+zip,True
2015,d00387,2015|issue|Neighborhoods' Right to Vote on Land Use Regulation Changes,500.0,1,name+zip,True
2015,d00414,2015|issue|Neighborhoods' Right to Vote on Land Use Regulation Changes,50.0,1,name+zip,True
2015,d00625,2015|issue|Neighborhoods' Right to Vote on Land Use Regulation Changes,20.0,1,name+zip,True
2015,d00751,2015|issue|Neighborhoods' Right to Vote on Land Use Regulation Changes,100.0,1,name+zip,True
2015,d00799,2015|issue|Neighborhoods' Right to Vote on Land Use Regulation Changes,50.0,1,name+zip,True
2015,d00826,2015|issue|Neighborhoods' Right to Vote on Land Use Regulation Changes,110.0,3,name+zip,True
2015,d00833,2015|issue|Neighborhoods' Right to Vote on Land Use Regulation Changes,100.0,1,name+zip,True
2015,d01263,2015|issue|Neighborhoods' Right to Vote on Land Use Regulation Changes,50.0,1,name+zip,True
2015,d01274,2015|issue|Neighborhoods' Right to Vote on Land Use Regulation Changes,75.0,2,name+zip,True
2015,d01554,2015|issue|Neighborhoods' Right to Vote on Land Use Regulation Changes,25.0,1,name+zip,True
2015,d01687,2015|issue|Neighborhoods' Right to Vote on Land Use Regulation Changes,180.0,2,name+zip,True
2015,d01700,2015|issue|Neighborhoods' Right to Vote on Land Use Regulation Changes,25.0,1,name+zip,True
2015,d01716,2015|issue|Neighborhoods' Right to Vote on Land Use Regulation Changes,18.0,1,name+zip,True
2015,d01779,2015|issue|Neighborhoods' Right to Vote on Land Use Regulation Changes,100.0,1,name+zip,True
2015,d01848,2015|issue|Neighborhoods' Right to Vote on Land Use Regulation Changes,350.0,2,name+zip,True
2015,d01950,2015|issue|Neighborhoods' Right to Vote on Land Use Regulation Changes,25.0,1,name+zip,True
2015,d02067,2015|issue|Neighborhoods' Right to Vote on Land Use Regulation Changes,15.0,1,name+zip,True
2015,d02164,2015|issue|Neighborhoods' Right to Vote on Land Use Regulation Changes,50.0,1,name+zip,True
2015,d02193,2015|issue|Neighborhoods' Right to Vote on Land Use Regulation Changes,173.34,1,name+zip,True
2015,d02216,2015|issue|Neighborhoods' Right to Vote on Land Use Regulation Changes,500.0,1,name+zip,True
2015,d02290,2015|issue|Neighborhoods' Right to Vote on Land Use Regulation Changes,75.0,1,name+zip,True
2015,d02331,2015|issue|Neighborhoods' Right to Vote on Land Use Regulation Changes,22.0,1,name+zip,True
2015,d02512,2015|issue|Neighborhoods' Right to Vote on Land Use Regulation Changes,500.0,1,name+zip,True
2015,d02524,2015|issue|Neighborhoods' Right to Vote on Land Use Regulation Changes,50.0,1,name+zip,True
2015,d02546,2015|issue|Neighborhoods' Right to Vote on Land Use Regulation Changes,503.29,10,name+zip,True
2015,d02706,2015|issue|Neighborhoods' Right to Vote on Land Use Regulation Changes,50.0,1,name+zip,True
2015,d02741,2015|issue|Neighborhoods' Right to Vote on Land Use Regulation Changes,50.0,1,name+zip,True
2015,d02751,2015|issue|Neighborhoods' Right to Vote on Land Use Regulation Changes,52.5,1,name+zip,True
2015,d02874,2015|issue|Neighborhoods' Right to Vote on Land Use Regulation Changes,100.0,1,name+zip,True
2015,d02895,2015|issue|Neighborhoods' Right to Vote on Land Use Regulation Changes,50.0,1,name+zip,True
2015,d02914,2015|issue|Neighborhoods' Right to Vote on Land Use Regulation Changes,25.0,1,name+zip,True
2015,d02991,2015|issue|Neighborhoods' Right to Vote on Land Use Regulation Changes,250.0,1,name+zip,True
2015,d03035,2015|issue|Neighborhoods' Right to Vote on Land Use Regulation Changes,200.0,2,name+zip,True
2015,d03152,2015|issue|Neighborhoods' Right to Vote on Land Use Regulation Changes,50.0,1,name+zip,True
2015,d03202,2015|issue|Neighborhoods' Right to Vote on Land Use Regulation Changes,150.0,2,name+zip,True
2015,d03223,2015|issue|Neighborhoods' Right to Vote on Land Use Regulation Changes,100.0,1,name+zip,True
2015,d03231,2015|issue|Neighborhoods' Right to Vote on Land Use Regulation Changes,25.0,1,name+zip,True
2015,d03262,2015|issue|Neighborhoods' Right to Vote on Land Use Regulation Changes,20.0,1,name+zip,True
2015,d03378,2015|issue|Neighborhoods' Right to Vote on Land Use Regulation Changes,700.0,1,name+zip,True
2015,d03436,2015|issue|Neighborhoods' Right to Vote on Land Use Regulation Changes,50.0,1,name+zip,True
2015,d03460,2015|issue|Neighborhoods' Right to Vote on Land Use Regulation Changes,125.0,4,name+zip,True
2015,d03467,2015|issue|Neighborhoods' Right to Vote on Land Use Regulation Changes,50.0,1,name+zip,True
2015,d03561,2015|issue|Neighborhoods' Right to Vote on Land Use Regulation Changes,25.0,1,name+zip,True
2015,d03645,2015|issue|Neighborhoods' Right to Vote on Land Use Regulation Changes,100.0,1,name+zip,True
2015,d03660,2015|issue|Neighborhoods' Right to Vote on Land Use Regulation Changes,10.0,1,name+zip,True
2015,d03693,2015|issue|Neighborhoods' Right to Vote on Land Use Regulation Changes,200.0,3,name+zip,True
2015,d03757,2015|issue|Neighborhoods' Right to Vote on Land Use Regulation Changes,100.0,1,name+zip,True
2015,d03818,2015|issue|Neighborhoods' Right to Vote on Land Use Regulation Changes,25.0,1,name+zip,True
2015,d03825,2015|issue|Neighborhoods' Right to Vote on Land Use Regulation Changes,25.0,1,name+zip,True
2015,d03889,2015|issue|Neighborhoods' Right to Vote on Land Use Regulation Changes,250.0,1,name+zip,True
2015,d03906,2015|issue|Neighborhoods' Right to Vote on Land Use Regulation Changes,50.0,1,name+zip,True
2015,d04077,2015|issue|Neighborhoods' Right to Vote on Land Use Regulation Changes,200.0,2,name+zip,True
2015,d04101,2015|issue|Neighborhoods' Right to Vote on Land Use Regulation Changes,100.0,1,name+zip,True
2015,d04110,2015|issue|Neighborhoods' Right to Vote on Land Use Regulation Changes,25.0,1,name+zip,True
2015,d04111,2015|issue|Neighborhoods' Right to Vote on Land Use Regulation Changes,50.0,1,name+zip,True
2015,d04242,2015|issue|Neighborhoods' Right to Vote on Land Use Regulation Changes,25.0,1,name+zip,True
2015,d04272,2015|issue|Neighborhoods' Right to Vote on Land Use Regulation Changes,25.0,1,name+zip,True
2015,d04283,2015|issue|Neighborhoods' Right to Vote on Land Use Regulation Changes,50.0,1,name+zip,True
2015,d04295,2015|issue|Neighborhoods' Right to Vote on Land Use Regulation Changes,25.0,1,name+zip,True
2015,d04407,2015|issue|Neighborhoods' Right to Vote on Land Use Regulation Changes,25.0,1,name+zip,True
2015,d04427,2015|issue|Neighborhoods' Right to Vote on Land Use Regulation Changes,20.0,1,name+zip,True
2015,d04499,2015|issue|Neighborhoods' Right to Vote on Land Use Regulation Changes,50.0,1,name+zip,True
2015,d04529,2015|issue|Neighborhoods' Right to Vote on Land Use Regulation Changes,100.0,2,name+zip,True
2015,d04696,2015|issue|Neighborhoods' Right to Vote on Land Use Regulation Changes,50.0,1,name+zip,True
2015,d04705,2015|issue|Neighborhoods' Right to Vote on Land Use Regulation Changes,178.0,1,name+zip,True
2015,d04813,2015|issue|Neighborhoods' Right to Vote on Land Use Regulation Changes,25.0,1,name+zip,True
2015,d05006,2015|issue|Neighborhoods' Right to Vote on Land Use Regulation Changes,50.0,1,name+zip,True
2015,d05014,2015|issue|Neighborhoods' Right to Vote on Land Use Regulation Changes,50.0,1,name+zip,True
2015,d05022,2015|issue|Neighborhoods' Right to Vote on Land Use Regulation Changes,50.0,1,name+zip,True
2015,d05056,2015|issue|Neighborhoods' Right to Vote on Land Use Regulation Changes,300.0,3,name+zip,True
2015,d05119,2015|issue|Neighborhoods' Right to Vote on Land Use Regulation Changes,20.0,1,name+zip,True
2015,d05140,2015|issue|Neighborhoods' Right to Vote on Land Use Regulation Changes,100.0,2,name+zip,True
2015,d05369,2015|issue|Neighborhoods' Right to Vote on Land Use Regulation Changes,50.0,1,name+zip,True
2015,d05428,2015|issue|Neighborhoods' Right to Vote on Land Use Regulation Changes,100.0,1,name+zip,True
2015,d05440,2015|issue|Neighborhoods' Right to Vote on Land Use Regulation Changes,25.0,1,name+zip,True
2015,d05497,2015|issue|Neighborhoods' Right to Vote on Land Use Regulation Changes,100.0,1,name+zip,True
2015,d05545,2015|issue|Neighborhoods' Right to Vote on Land Use Regulation Changes,40.0,1,name+zip,True
2015,d05579,2015|issue|Neighborhoods' Right to Vote on Land Use Regulation Changes,1250.0,2,name+zip,True
2015,d05619,2015|issue|Neighborhoods' Right to Vote on Land Use Regulation Changes,100.0,1,name+zip,True
2015,d05642,2015|issue|Neighborhoods' Right to Vote on Land Use Regulation Changes,50.0,2,name+zip,True
2015,d05643,2015|issue|Neighborhoods' Right to Vote on Land Use Regulation Changes,249.5,1,name+zip,True
2015,d05732,2015|issue|Neighborhoods' Right to Vote on Land Use Regulation Changes,50.0,1,name+zip,True
2015,d05765,2015|issue|Neighborhoods' Right to Vote on Land Use Regulation Changes,1850.0,2,name+zip,True
2015,d05766,2015|issue|Neighborhoods' Right to Vote on Land Use Regulation Changes,75.0,2,name+zip,True
2015,d05780,2015|issue|Neighborhoods' Right to Vote on Land Use Regulation Changes,2750.0,4,name+zip,True
2015,d05822,2015|issue|Neighborhoods' Right to Vote on Land Use Regulation Changes,250.0,1,name+zip,True
2015,d05886,2015|issue|Neighborhoods' Right to Vote on Land Use Regulation Changes,50.0,1,name+zip,True
2015,d05896,2015|issue|Neighborhoods' Right to Vote on Land Use Regulation Changes,52.22,3,name+zip,True
2015,d05951,2015|issue|Neighborhoods' Right to Vote on Land Use Regulation Changes,500.0,2,name+zip,True
2015,d05952,2015|issue|Neighborhoods' Right to Vote on Land Use Regulation Changes,200.0,2,name+zip,True
2015,d05967,2015|issue|Neighborhoods' Right to Vote on Land Use Regulation Changes,15.0,1,name+zip,True
2015,d06082,2015|issue|Neighborhoods' Right to Vote on Land Use Regulation Changes,50.0,1,name+zip,True
2015,d06151,2015|issue|Neighborhoods' Right to Vote on Land Use Regulation Changes,25.0,1,name+zip,True
2015,d06182,2015|issue|Neighborhoods' Right to Vote on Land Use Regulation Changes,500.0,1,name+zip,True
2015,d06238,2015|issue|Neighborhoods' Right to Vote on Land Use Regulation Changes,20.0,1,name+zip,True
2015,d06286,2015|issue|Neighborhoods' Right to Vote on Land Use Regulation Changes,25.0,1,name+zip,True
2015,d06296,2015|issue|Neighborhoods' Right to Vote on Land Use Regulation Changes,25.0,1,name+zip,True
2015,d06396,2015|issue|Neighborhoods' Right to Vote on Land Use Regulation Changes,225.0,2,name+zip,True
2015,d06432,2015|issue|Neighborhoods' Right to Vote on Land Use Regulation Changes,20.0,1,name+zip,True
2015,d06468,2015|issue|Neighborhoods' Right to Vote on Land Use Regulation Changes,50.0,1,name+zip,True
2015,d06525,2015|issue|Neighborhoods' Right to Vote on Land Use Regulation Changes,50.0,1,name+zip,True
2015,d06557,2015|issue|Neighborhoods' Right to Vote on Land Use Regulation Changes,25.0,1,name+zip,True
2015,d06612,2015|issue|Neighborhoods' Right to Vote on Land Use Regulation Changes,50.0,1,name+zip,True
2015,d06693,2015|issue|Neighborhoods' Right to Vote on Land Use Regulation Changes,50.0,1,name+zip,True
2015,d06737,2015|issue|Neighborhoods' Right to Vote on Land Use Regulation Changes,25.0,1,name+zip,True
2015,d06739,2015|issue|Neighborhoods' Right to Vote on Land Use Regulation Changes,15.0,1,name+zip,True
2015,d06753,2015|issue|Neighborhoods' Right to Vote on Land Use Regulation Changes,75.0,1,name+zip,True
2015,d06829,2015|issue|Neighborhoods' Right to Vote on Land Use Regulation Changes,97.96,1,name+zip,True
2015,d07038,2015|issue|Neighborhoods' Right to Vote on Land Use Regulation Changes,50.0,1,name+zip,True
2015,d07085,2015|issue|Neighborhoods' Right to Vote on Land Use Regulation Changes,250.0,1,name+zip,True
2015,d07184,2015|issue|Neighborhoods' Right to Vote on Land Use Regulation Changes,100.0,1,name+zip,True
2015,d07238,2015|issue|Neighborhoods' Right to Vote on Land Use Regulation Changes,100.0,1,name+zip,True
2015,d07278,2015|issue|Neighborhoods' Right to Vote on Land Use Regulation Changes,50.0,1,name+zip,True
2015,d07294,2015|issue|Neighborhoods' Right to Vote on Land Use Regulation Changes,50.0,1,name+zip,True
2015,d07364,2015|issue|Neighborhoods' Right to Vote on Land Use Regulation Changes,32.48,2,name+zip,True
2015,d07466,2015|issue|Neighborhoods' Right to Vote on Land Use Regulation Changes,75.0,1,name+zip,True
2015,d07509,2015|issue|Neighborhoods' Right to Vote on Land Use Regulation Changes,100.0,1,name+zip,True
2015,d07550,2015|issue|Neighborhoods' Right to Vote on Land Use Regulation Changes,50.0,1,name+zip,True
2015,d07616,2015|issue|Neighborhoods' Right to Vote on Land Use Regulation Changes,175.0,2,name+zip,True
2015,d07620,2015|issue|Neighborhoods' Right to Vote on Land Use Regulation Changes,100.0,2,name+zip,True
2015,d07662,2015|issue|Neighborhoods' Right to Vote on Land Use Regulation Changes,25.0,1,name+zip,False
2015,d07710,2015|issue|Neighborhoods' Right to Vote on Land Use Regulation Changes,150.0,2,name+zip,True
2015,d07772,2015|issue|Neighborhoods' Right to Vote on Land Use Regulation Changes,25.0,1,name+zip,True
2015,d07915,2015|issue|Neighborhoods' Right to Vote on Land Use Regulation Changes,100.0,1,name+zip,True
2015,d07947,2015|issue|Neighborhoods' Right to Vote on Land Use Regulation Changes,55.0,2,name+zip,True
2015,d07966,2015|issue|Neighborhoods' Right to Vote on Land Use Regulation Changes,50.0,1,name+zip,True
2015,d08012,2015|issue|Neighborhoods' Right to Vote on Land Use Regulation Changes,20.0,1,name+zip,True
2015,d08074,2015|issue|Neighborhoods' Right to Vote on Land Use Regulation Changes,272.33000000000004,4,name+zip,True
2015,d08086,2015|issue|Neighborhoods' Right to Vote on Land Use Regulation Changes,50.0,1,name+zip,True
2015,d08131,2015|issue|Neighborhoods' Right to Vote on Land Use Regulation Changes,250.0,2,name+zip,True
2015,d01118,2015|issue|PLAN-Boulder County Issues Committee 2015,25.0,1,name+zip,False
2015,d04286,2015|issue|PLAN-Boulder County Issues Committee 2015,10.0,1,name+zip,True
2015,d00603,2015|issue|Renew the Climate Action Plan Committee,50.0,1,name+zip,True
2015,d01067,2015|issue|Renew the Climate Action Plan Committee,50.0,1,name+zip,True
2015,d03371,2015|issue|Renew the Climate Action Plan Committee,50.0,1,name+zip,True
2015,d03661,2015|issue|Renew the Climate Action Plan Committee,100.0,1,name+zip,True
2015,d05095,2015|issue|Renew the Climate Action Plan Committee,200.0,1,name+zip,True
2015,d05485,2015|issue|Renew the Climate Action Plan Committee,124.36,1,name+zip,True
2015,d06153,2015|issue|Renew the Climate Action Plan Committee,100.0,1,name+zip,True
2015,d06565,2015|issue|Renew the Climate Action Plan Committee,200.0,1,name+zip,True
2015,d00823,2015|issue|Renew the Utility General Fund Occupation Tax Committee,50.0,1,name+zip,True
2015,d03175,2015|issue|Renew the Utility General Fund Occupation Tax Committee,50.0,1,name+zip,True
2015,d04059,2015|issue|Renew the Utility General Fund Occupation Tax Committee,100.0,1,name+zip,True
2015,d04538,2015|issue|Renew the Utility General Fund Occupation Tax Committee,100.0,1,name+zip,True
2015,d05485,2015|issue|Renew the Utility General Fund Occupation Tax Committee,124.37,1,name+zip,True
2015,d06528,2015|issue|Renew the Utility General Fund Occupation Tax Committee,50.0,1,name+zip,True
2015,d06565,2015|issue|Renew the Utility General Fund Occupation Tax Committee,200.0,1,name+zip,True
2015,d06714,2015|issue|Renew the Utility General Fund Occupation Tax Committee,200.0,1,name+zip,True
2015,d06831,2015|issue|Renew the Utility General Fund Occupation Tax Committee,50.0,1,name+zip,True
2015,d00670,2015|issue|Yes on 2N: A Fair Deal for Boulder,20.0,1,name+zip,True
2015,d00917,2015|issue|Yes on 2N: A Fair Deal for Boulder,20.0,1,name+zip,True
2015,d01644,2015|issue|Yes on 2N: A Fair Deal for Boulder,20.0,1,name+zip,True
2015,d03669,2015|issue|Yes on 2N: A Fair Deal for Boulder,25.0,1,name+zip,True
2015,d04079,2015|issue|Yes on 2N: A Fair Deal for Boulder,20.0,1,name+zip,True
2015,d04430,2015|issue|Yes on 2N: A Fair Deal for Boulder,20.0,1,name+zip,True
2015,d04520,2015|issue|Yes on 2N: A Fair Deal for Boulder,200.0,1,name+zip,True
2015,d04995,2015|issue|Yes on 2N: A Fair Deal for Boulder,20.0,1,name+zip,True
2015,d05126,2015|issue|Yes on 2N: A Fair Deal for Boulder,50.0,1,name+zip,True
2015,d05651,2015|issue|Yes on 2N: A Fair Deal for Boulder,20.0,1,name+zip,True
2015,d05814,2015|issue|Yes on 2N: A Fair Deal for Boulder,43261.56,12,name+zip,True
2015,d06518,2015|issue|Yes on 2N: A Fair Deal for Boulder,20.0,1,name+zip,True
2015,d07921,2015|issue|Yes on 2N: A Fair Deal for Boulder,30.0,1,name+zip,True
2016,d00919,2016|issue|Boulder Choices for Boulder Homes,50.0,1,name+zip,True
2016,d03085,2016|issue|Boulder Choices for Boulder Homes,10.0,1,name+zip,True
2016,d05005,2016|issue|Boulder Choices for Boulder Homes,10.0,1,name+zip,True
2016,d05535,2016|issue|Boulder Choices for Boulder Homes,286.98,3,name+zip,True
2016,d05847,2016|issue|Boulder Choices for Boulder Homes,165.55,1,name+zip,True
2016,d06480,2016|issue|Boulder Choices for Boulder Homes,75.0,1,name+zip,True
2016,d07390,2016|issue|Boulder Choices for Boulder Homes,75.0,1,name+zip,True
2016,d00476,2016|issue|Boulder Voters for Term Limits,250.0,1,name+zip,True
2016,d00540,2016|issue|Boulder Voters for Term Limits,25.0,1,name+zip,True
2016,d00715,2016|issue|Boulder Voters for Term Limits,500.0,1,name+zip,True
2016,d01085,2016|issue|Boulder Voters for Term Limits,5.0,1,name+zip,True
2016,d01156,2016|issue|Boulder Voters for Term Limits,250.0,1,name+zip,True
2016,d03538,2016|issue|Boulder Voters for Term Limits,1538.1100000000001,5,name+zip,True
2016,d03577,2016|issue|Boulder Voters for Term Limits,1500.0,1,name+zip,True
2016,d04829,2016|issue|Boulder Voters for Term Limits,201.0,1,name+zip,True
2016,d04997,2016|issue|Boulder Voters for Term Limits,150.0,1,name+zip,True
2016,d05192,2016|issue|Boulder Voters for Term Limits,124.25,3,name+zip,True
2016,d05261,2016|issue|Boulder Voters for Term Limits,1000.0,1,name+zip,True
2016,d05434,2016|issue|Boulder Voters for Term Limits,1000.0,1,name+zip,True
2016,d05544,2016|issue|Boulder Voters for Term Limits,200.0,1,name+zip,True
2016,d05946,2016|issue|Boulder Voters for Term Limits,8772.75,8,name+zip,True
2016,d06240,2016|issue|Boulder Voters for Term Limits,100.0,1,name+zip,True
2016,d06593,2016|issue|Boulder Voters for Term Limits,23651.05,4,name+zip,True
2016,d06954,2016|issue|Boulder Voters for Term Limits,35.0,1,name+zip,True
2016,d07992,2016|issue|Boulder Voters for Term Limits,600.0,2,name+zip,True
2016,d00014,2016|issue|Healthy Boulder Kids,25.0,1,name+zip,True
2016,d00570,2016|issue|Healthy Boulder Kids,50.0,1,name+zip,True
2016,d00677,2016|issue|Healthy Boulder Kids,50.0,1,name+zip,True
2016,d00933,2016|issue|Healthy Boulder Kids,40.0,1,name+zip,True
2016,d00992,2016|issue|Healthy Boulder Kids,25.0,1,name+zip,True
2016,d01034,2016|issue|Healthy Boulder Kids,50.0,1,name+zip,True
2016,d01084,2016|issue|Healthy Boulder Kids,200.0,2,name+zip,True
2016,d01186,2016|issue|Healthy Boulder Kids,195.7,1,name+zip,True
2016,d01229,2016|issue|Healthy Boulder Kids,50.0,1,name+zip,True
2016,d01317,2016|issue|Healthy Boulder Kids,400.0,1,name+zip,True
2016,d01387,2016|issue|Healthy Boulder Kids,20.0,1,name+zip,True
2016,d01529,2016|issue|Healthy Boulder Kids,500.0,4,name+zip,True
2016,d01544,2016|issue|Healthy Boulder Kids,1000.0,1,name+zip,True
2016,d01621,2016|issue|Healthy Boulder Kids,99.66,1,name+zip,True
2016,d01637,2016|issue|Healthy Boulder Kids,125.0,2,name+zip,True
2016,d01701,2016|issue|Healthy Boulder Kids,35.0,2,name+zip,True
2016,d01782,2016|issue|Healthy Boulder Kids,25.0,1,name+zip,True
2016,d02445,2016|issue|Healthy Boulder Kids,100.0,1,name+zip,True
2016,d02654,2016|issue|Healthy Boulder Kids,25.0,1,name+zip,True
2016,d02742,2016|issue|Healthy Boulder Kids,25.0,1,name+zip,True
2016,d02778,2016|issue|Healthy Boulder Kids,50.0,1,name+zip,True
2016,d02881,2016|issue|Healthy Boulder Kids,2000.0,1,name+zip,True
2016,d03015,2016|issue|Healthy Boulder Kids,500.0,1,name+zip,True
2016,d03172,2016|issue|Healthy Boulder Kids,100.0,1,name+zip,True
2016,d03290,2016|issue|Healthy Boulder Kids,25.0,1,name+zip,True
2016,d03313,2016|issue|Healthy Boulder Kids,150.0,2,name+zip,True
2016,d03450,2016|issue|Healthy Boulder Kids,50.0,1,name+zip,True
2016,d03503,2016|issue|Healthy Boulder Kids,50.0,1,name+zip,True
2016,d03566,2016|issue|Healthy Boulder Kids,5.0,1,name+zip,True
2016,d03609,2016|issue|Healthy Boulder Kids,20.0,1,name+zip,True
2016,d04527,2016|issue|Healthy Boulder Kids,150.0,1,name+zip,True
2016,d04698,2016|issue|Healthy Boulder Kids,25.0,1,name+zip,True
2016,d04725,2016|issue|Healthy Boulder Kids,10.0,1,name+zip,True
2016,d04943,2016|issue|Healthy Boulder Kids,100.0,2,name+zip,True
2016,d05401,2016|issue|Healthy Boulder Kids,100.0,1,name+zip,True
2016,d05603,2016|issue|Healthy Boulder Kids,25.0,1,name+zip,True
2016,d05613,2016|issue|Healthy Boulder Kids,100.0,1,name+zip,True
2016,d05875,2016|issue|Healthy Boulder Kids,882070.2,88,name+zip,True
2016,d05906,2016|issue|Healthy Boulder Kids,25.0,1,name+zip,True
2016,d06190,2016|issue|Healthy Boulder Kids,25.0,1,name+zip,True
2016,d06470,2016|issue|Healthy Boulder Kids,50.0,1,name+zip,True
2016,d06501,2016|issue|Healthy Boulder Kids,100.0,1,name+zip,True
2016,d06616,2016|issue|Healthy Boulder Kids,100.0,1,name+zip,True
2016,d06630,2016|issue|Healthy Boulder Kids,100.0,1,name+zip,True
2016,d06634,2016|issue|Healthy Boulder Kids,50.0,1,name+zip,True
2016,d06656,2016|issue|Healthy Boulder Kids,50.0,1,name+zip,True
2016,d06720,2016|issue|Healthy Boulder Kids,100.0,1,name+zip,True
2016,d07441,2016|issue|Healthy Boulder Kids,125.0,2,name+zip,True
2016,d07519,2016|issue|Healthy Boulder Kids,500.0,1,name+zip,True
2016,d07853,2016|issue|Healthy Boulder Kids,150.0,2,name+zip,True
2016,d07885,2016|issue|Healthy Boulder Kids,100.0,1,name+zip,True
2016,d08114,2016|issue|Healthy Boulder Kids,186.0,2,name+zip,True
2016,d08126,2016|issue|Healthy Boulder Kids,100.0,1,name+zip,True
2016,d08130,2016|issue|Healthy Boulder Kids,25.0,1,name+zip,True
2016,d03985,2016|issue|Legalize Boulder,9.75,1,name+zip,True
2016,d06202,2016|issue|Legalize Boulder,33.75,1,name+zip,True
2016,d05290,2016|issue|No on 2H: Stop the Beverage and Grocery Tax,13678.0,1,name+zip,True
2017,d00016,2017|cand|Adam Swetlik,25.0,1,name+zip,True
2017,d00028,2017|cand|Adam Swetlik,100.0,1,name+zip,True
2017,d00114,2017|cand|Adam Swetlik,10.0,1,name+zip,True
2017,d00194,2017|cand|Adam Swetlik,20.0,1,name+zip,True
2017,d00255,2017|cand|Adam Swetlik,10.0,1,name+zip,True
2017,d00270,2017|cand|Adam Swetlik,10.0,1,name+zip,True
2017,d00388,2017|cand|Adam Swetlik,10.0,1,name+zip,True
2017,d00480,2017|cand|Adam Swetlik,50.0,1,name+zip,True
2017,d00516,2017|cand|Adam Swetlik,5.0,1,name+zip,True
2017,d00550,2017|cand|Adam Swetlik,30.0,1,name+zip,True
2017,d00565,2017|cand|Adam Swetlik,10.0,1,name+zip,True
2017,d00582,2017|cand|Adam Swetlik,10.0,1,name+zip,True
2017,d00597,2017|cand|Adam Swetlik,100.0,1,name+zip,True
2017,d00644,2017|cand|Adam Swetlik,25.0,1,name+zip,False
2017,d00756,2017|cand|Adam Swetlik,100.0,1,name+zip,True
2017,d00808,2017|cand|Adam Swetlik,50.0,1,name+zip,True
2017,d00847,2017|cand|Adam Swetlik,100.0,1,name+zip,True
2017,d00889,2017|cand|Adam Swetlik,25.0,1,name+zip,True
2017,d01096,2017|cand|Adam Swetlik,100.0,1,name+zip,True
2017,d01120,2017|cand|Adam Swetlik,25.0,1,name+zip,True
2017,d01140,2017|cand|Adam Swetlik,100.0,1,name+zip,True
2017,d01175,2017|cand|Adam Swetlik,25.0,1,name+zip,True
2017,d01329,2017|cand|Adam Swetlik,100.0,1,name+zip,True
2017,d01404,2017|cand|Adam Swetlik,25.0,1,name+zip,True
2017,d01453,2017|cand|Adam Swetlik,100.0,1,name+zip,True
2017,d01454,2017|cand|Adam Swetlik,30.0,1,name+zip,True
2017,d01536,2017|cand|Adam Swetlik,5.0,1,name+zip,True
2017,d01565,2017|cand|Adam Swetlik,50.0,1,name+zip,True
2017,d01605,2017|cand|Adam Swetlik,50.0,1,name+zip,True
2017,d01664,2017|cand|Adam Swetlik,25.0,1,name+zip,True
2017,d01710,2017|cand|Adam Swetlik,100.0,1,name+zip,True
2017,d01711,2017|cand|Adam Swetlik,25.0,1,name+zip,True
2017,d01768,2017|cand|Adam Swetlik,25.0,1,name+zip,True
2017,d01827,2017|cand|Adam Swetlik,100.0,1,name+zip,True
2017,d01846,2017|cand|Adam Swetlik,10.0,1,name+zip,True
2017,d01957,2017|cand|Adam Swetlik,25.0,1,name+zip,True
2017,d02013,2017|cand|Adam Swetlik,25.0,1,name+zip,True
2017,d02153,2017|cand|Adam Swetlik,25.0,1,name+zip,True
2017,d02175,2017|cand|Adam Swetlik,25.0,1,name+zip,True
2017,d02219,2017|cand|Adam Swetlik,100.0,1,name+zip,True
2017,d02267,2017|cand|Adam Swetlik,50.0,1,name+zip,True
2017,d02329,2017|cand|Adam Swetlik,40.0,1,name+zip,True
2017,d02376,2017|cand|Adam Swetlik,25.0,1,name+zip,True
2017,d02404,2017|cand|Adam Swetlik,25.0,1,name+zip,True
2017,d02444,2017|cand|Adam Swetlik,35.0,1,name+zip,True
2017,d02563,2017|cand|Adam Swetlik,25.0,1,name+zip,True
2017,d02653,2017|cand|Adam Swetlik,15.0,1,name+zip,True
2017,d02694,2017|cand|Adam Swetlik,50.0,1,name+zip,True
2017,d02773,2017|cand|Adam Swetlik,20.0,1,name+zip,True
2017,d02901,2017|cand|Adam Swetlik,10.0,1,name+zip,True
2017,d02924,2017|cand|Adam Swetlik,10.0,1,name+zip,True
2017,d02992,2017|cand|Adam Swetlik,10.0,1,name+zip,True
2017,d02998,2017|cand|Adam Swetlik,100.0,1,name+zip,True
2017,d03014,2017|cand|Adam Swetlik,25.0,1,name+zip,True
2017,d03047,2017|cand|Adam Swetlik,25.0,1,name+zip,True
2017,d03079,2017|cand|Adam Swetlik,25.0,1,name+zip,True
2017,d03171,2017|cand|Adam Swetlik,100.0,1,name+zip,True
2017,d03344,2017|cand|Adam Swetlik,25.0,1,name+zip,True
2017,d03353,2017|cand|Adam Swetlik,75.0,1,name+zip,True
2017,d03401,2017|cand|Adam Swetlik,25.0,1,name+zip,True
2017,d03552,2017|cand|Adam Swetlik,50.0,1,name+zip,True
2017,d03572,2017|cand|Adam Swetlik,50.0,1,name+zip,True
2017,d03594,2017|cand|Adam Swetlik,25.0,1,name+zip,True
2017,d03611,2017|cand|Adam Swetlik,20.0,1,name+zip,True
2017,d03653,2017|cand|Adam Swetlik,100.0,1,name+zip,True
2017,d03710,2017|cand|Adam Swetlik,5.0,1,name+zip,True
2017,d03734,2017|cand|Adam Swetlik,100.0,1,name+zip,True
2017,d03804,2017|cand|Adam Swetlik,100.0,1,name+zip,True
2017,d03910,2017|cand|Adam Swetlik,25.0,1,name+zip,True
2017,d03922,2017|cand|Adam Swetlik,50.0,1,name+zip,True
2017,d03965,2017|cand|Adam Swetlik,100.0,1,name+zip,True
2017,d03979,2017|cand|Adam Swetlik,100.0,1,name+zip,True
2017,d03983,2017|cand|Adam Swetlik,100.0,1,name+zip,True
2017,d04064,2017|cand|Adam Swetlik,100.0,1,name+zip,True
2017,d04504,2017|cand|Adam Swetlik,100.0,1,name+zip,True
2017,d04533,2017|cand|Adam Swetlik,50.0,1,name+zip,True
2017,d04742,2017|cand|Adam Swetlik,15.0,1,name+zip,True
2017,d04827,2017|cand|Adam Swetlik,25.0,1,name+zip,True
2017,d04897,2017|cand|Adam Swetlik,10.0,1,name+zip,True
2017,d04914,2017|cand|Adam Swetlik,10.0,1,name+zip,True
2017,d04966,2017|cand|Adam Swetlik,100.0,1,name+zip,True
2017,d05204,2017|cand|Adam Swetlik,25.0,1,name+zip,True
2017,d05352,2017|cand|Adam Swetlik,25.0,1,name+zip,True
2017,d05376,2017|cand|Adam Swetlik,25.0,1,name+zip,True
2017,d05790,2017|cand|Adam Swetlik,50.0,1,name+zip,True
2017,d05841,2017|cand|Adam Swetlik,25.0,1,name+zip,True
2017,d05867,2017|cand|Adam Swetlik,100.0,1,name+zip,True
2017,d05968,2017|cand|Adam Swetlik,50.0,1,name+zip,True
2017,d05992,2017|cand|Adam Swetlik,25.0,1,name+zip,True
2017,d06027,2017|cand|Adam Swetlik,20.0,1,name+zip,True
2017,d06194,2017|cand|Adam Swetlik,100.0,1,name+zip,True
2017,d06224,2017|cand|Adam Swetlik,100.0,1,name+zip,True
2017,d06412,2017|cand|Adam Swetlik,100.0,1,name+zip,True
2017,d06426,2017|cand|Adam Swetlik,100.0,1,name+zip,True
2017,d06517,2017|cand|Adam Swetlik,20.0,1,name+zip,True
2017,d06651,2017|cand|Adam Swetlik,20.0,1,name+zip,True
2017,d06776,2017|cand|Adam Swetlik,25.0,1,name+zip,True
2017,d06879,2017|cand|Adam Swetlik,100.0,1,name+zip,True
2017,d06993,2017|cand|Adam Swetlik,100.0,1,name+zip,True
2017,d07046,2017|cand|Adam Swetlik,100.0,1,name+zip,True
2017,d07086,2017|cand|Adam Swetlik,100.0,1,name+zip,True
2017,d07101,2017|cand|Adam Swetlik,25.0,1,name+zip,True
2017,d07176,2017|cand|Adam Swetlik,10.0,1,name+zip,True
2017,d07226,2017|cand|Adam Swetlik,15.0,1,name+zip,True
2017,d07346,2017|cand|Adam Swetlik,25.0,1,name+zip,True
2017,d07366,2017|cand|Adam Swetlik,1.0,1,name+zip,True
2017,d07376,2017|cand|Adam Swetlik,44.17,1,name+zip,True
2017,d07709,2017|cand|Adam Swetlik,99.99,1,name+zip,True
2017,d07720,2017|cand|Adam Swetlik,25.0,1,name+zip,True
2017,d07769,2017|cand|Adam Swetlik,25.0,1,name+zip,True
2017,d07812,2017|cand|Adam Swetlik,100.0,1,name+zip,True
2017,d07909,2017|cand|Adam Swetlik,50.0,1,name+zip,True
2017,d08036,2017|cand|Adam Swetlik,25.0,1,name+zip,True
2017,d08090,2017|cand|Adam Swetlik,10.0,1,name+zip,True
2017,d03838,2017|cand|Camilo Casas,25.0,1,name+zip,True
2017,d04163,2017|cand|Camilo Casas,100.0,1,name+zip,True
2017,d06366,2017|cand|Camilo Casas,100.0,1,name+zip,True
2017,d07508,2017|cand|Camilo Casas,25.0,1,name+zip,True
2017,d00012,2017|cand|Cynthia Carlisle,50.0,1,name+zip,True
2017,d00079,2017|cand|Cynthia Carlisle,100.0,1,name+zip,True
2017,d00119,2017|cand|Cynthia Carlisle,100.0,1,name+zip,True
2017,d00180,2017|cand|Cynthia Carlisle,25.0,1,name+zip,True
2017,d00225,2017|cand|Cynthia Carlisle,100.0,1,name+zip,True
2017,d00226,2017|cand|Cynthia Carlisle,50.0,1,name+zip,True
2017,d00491,2017|cand|Cynthia Carlisle,30.0,1,name+zip,True
2017,d00553,2017|cand|Cynthia Carlisle,50.0,1,name+zip,True
2017,d00572,2017|cand|Cynthia Carlisle,100.0,1,name+zip,True
2017,d00631,2017|cand|Cynthia Carlisle,100.0,1,name+zip,True
2017,d00643,2017|cand|Cynthia Carlisle,25.0,1,name+zip,True
2017,d00787,2017|cand|Cynthia Carlisle,50.0,1,name+zip,True
2017,d00815,2017|cand|Cynthia Carlisle,50.0,1,name+zip,True
2017,d01057,2017|cand|Cynthia Carlisle,100.0,1,name+zip,True
2017,d01166,2017|cand|Cynthia Carlisle,100.0,1,name+zip,True
2017,d01181,2017|cand|Cynthia Carlisle,25.0,1,name+zip,True
2017,d01266,2017|cand|Cynthia Carlisle,100.0,1,name+zip,True
2017,d01292,2017|cand|Cynthia Carlisle,25.0,1,name+zip,True
2017,d01337,2017|cand|Cynthia Carlisle,100.0,1,name+zip,True
2017,d01708,2017|cand|Cynthia Carlisle,50.0,1,name+zip,True
2017,d01755,2017|cand|Cynthia Carlisle,100.0,1,name+zip,True
2017,d01779,2017|cand|Cynthia Carlisle,50.0,1,name+zip,True
2017,d01815,2017|cand|Cynthia Carlisle,100.0,1,name+zip,True
2017,d01824,2017|cand|Cynthia Carlisle,100.0,1,name+zip,True
2017,d01825,2017|cand|Cynthia Carlisle,100.0,1,name+zip,True
2017,d01848,2017|cand|Cynthia Carlisle,100.0,1,name+zip,True
2017,d01906,2017|cand|Cynthia Carlisle,100.0,1,name+zip,True
2017,d01949,2017|cand|Cynthia Carlisle,50.0,1,name+zip,True
2017,d02055,2017|cand|Cynthia Carlisle,25.0,1,name+zip,True
2017,d02067,2017|cand|Cynthia Carlisle,25.0,1,name+zip,True
2017,d02147,2017|cand|Cynthia Carlisle,100.0,1,name+zip,True
2017,d02162,2017|cand|Cynthia Carlisle,25.0,1,name+zip,True
2017,d02209,2017|cand|Cynthia Carlisle,100.0,1,name+zip,True
2017,d02216,2017|cand|Cynthia Carlisle,100.0,1,name+zip,True
2017,d02295,2017|cand|Cynthia Carlisle,100.0,1,name+zip,True
2017,d02380,2017|cand|Cynthia Carlisle,100.0,1,name+zip,True
2017,d02481,2017|cand|Cynthia Carlisle,100.0,1,name+zip,True
2017,d02630,2017|cand|Cynthia Carlisle,100.0,1,name+zip,True
2017,d02657,2017|cand|Cynthia Carlisle,25.0,1,name+zip,True
2017,d02741,2017|cand|Cynthia Carlisle,25.0,1,name+zip,True
2017,d02771,2017|cand|Cynthia Carlisle,25.0,1,name+zip,True
2017,d02833,2017|cand|Cynthia Carlisle,100.0,1,name+zip,True
2017,d02873,2017|cand|Cynthia Carlisle,100.0,1,name+zip,True
2017,d02895,2017|cand|Cynthia Carlisle,100.0,1,name+zip,True
2017,d02991,2017|cand|Cynthia Carlisle,100.0,1,name+zip,True
2017,d03086,2017|cand|Cynthia Carlisle,50.0,1,name+zip,True
2017,d03116,2017|cand|Cynthia Carlisle,100.0,1,name+zip,True
2017,d03144,2017|cand|Cynthia Carlisle,100.0,1,name+zip,True
2017,d03219,2017|cand|Cynthia Carlisle,100.0,1,name+zip,True
2017,d03370,2017|cand|Cynthia Carlisle,25.0,1,name+zip,True
2017,d03424,2017|cand|Cynthia Carlisle,25.0,1,name+zip,True
2017,d03496,2017|cand|Cynthia Carlisle,100.0,1,name+zip,True
2017,d03569,2017|cand|Cynthia Carlisle,100.0,1,name+zip,True
2017,d03581,2017|cand|Cynthia Carlisle,50.0,1,name+zip,True
2017,d03645,2017|cand|Cynthia Carlisle,100.0,1,name+zip,True
2017,d03660,2017|cand|Cynthia Carlisle,100.0,1,name+zip,True
2017,d03693,2017|cand|Cynthia Carlisle,100.0,1,name+zip,True
2017,d03732,2017|cand|Cynthia Carlisle,100.0,1,name+zip,True
2017,d03949,2017|cand|Cynthia Carlisle,40.0,1,name+zip,True
2017,d04011,2017|cand|Cynthia Carlisle,25.0,1,name+zip,True
2017,d04072,2017|cand|Cynthia Carlisle,100.0,1,name+zip,True
2017,d04073,2017|cand|Cynthia Carlisle,100.0,1,name+zip,True
2017,d04236,2017|cand|Cynthia Carlisle,100.0,1,name+zip,True
2017,d04248,2017|cand|Cynthia Carlisle,50.0,1,name+zip,True
2017,d04283,2017|cand|Cynthia Carlisle,100.0,1,name+zip,True
2017,d04293,2017|cand|Cynthia Carlisle,25.0,1,name+zip,True
2017,d04381,2017|cand|Cynthia Carlisle,50.0,1,name+zip,True
2017,d04397,2017|cand|Cynthia Carlisle,100.0,1,name+zip,True
2017,d04414,2017|cand|Cynthia Carlisle,25.0,1,name+zip,True
2017,d04454,2017|cand|Cynthia Carlisle,50.0,1,name+zip,True
2017,d04550,2017|cand|Cynthia Carlisle,100.0,1,name+zip,True
2017,d04565,2017|cand|Cynthia Carlisle,50.0,1,name+zip,True
2017,d04623,2017|cand|Cynthia Carlisle,100.0,1,name+zip,True
2017,d04692,2017|cand|Cynthia Carlisle,100.0,1,name+zip,True
2017,d04705,2017|cand|Cynthia Carlisle,100.0,1,name+zip,True
2017,d04754,2017|cand|Cynthia Carlisle,50.0,1,name+zip,True
2017,d04789,2017|cand|Cynthia Carlisle,50.0,1,name+zip,True
2017,d04832,2017|cand|Cynthia Carlisle,100.0,1,name+zip,True
2017,d04903,2017|cand|Cynthia Carlisle,100.0,1,name+zip,True
2017,d04905,2017|cand|Cynthia Carlisle,100.0,1,name+zip,True
2017,d04988,2017|cand|Cynthia Carlisle,50.0,1,name+zip,True
2017,d05014,2017|cand|Cynthia Carlisle,30.0,1,name+zip,True
2017,d05022,2017|cand|Cynthia Carlisle,50.0,1,name+zip,True
2017,d05086,2017|cand|Cynthia Carlisle,25.0,1,name+zip,True
2017,d05140,2017|cand|Cynthia Carlisle,25.0,1,name+zip,True
2017,d05207,2017|cand|Cynthia Carlisle,50.0,1,name+zip,True
2017,d05215,2017|cand|Cynthia Carlisle,25.0,1,name+zip,True
2017,d05239,2017|cand|Cynthia Carlisle,25.0,1,name+zip,True
2017,d05371,2017|cand|Cynthia Carlisle,25.0,1,name+zip,True
2017,d05440,2017|cand|Cynthia Carlisle,25.0,1,name+zip,True
2017,d05485,2017|cand|Cynthia Carlisle,100.0,1,name+zip,True
2017,d05579,2017|cand|Cynthia Carlisle,100.0,1,name+zip,True
2017,d05592,2017|cand|Cynthia Carlisle,100.0,1,name+zip,True
2017,d05607,2017|cand|Cynthia Carlisle,100.0,1,name+zip,True
2017,d05619,2017|cand|Cynthia Carlisle,100.0,1,name+zip,True
2017,d05642,2017|cand|Cynthia Carlisle,100.0,1,name+zip,True
2017,d05660,2017|cand|Cynthia Carlisle,100.0,1,name+zip,True
2017,d05710,2017|cand|Cynthia Carlisle,100.0,1,name+zip,True
2017,d05737,2017|cand|Cynthia Carlisle,100.0,1,name+zip,True
2017,d05766,2017|cand|Cynthia Carlisle,100.0,2,name+zip,True
2017,d05798,2017|cand|Cynthia Carlisle,100.0,1,name+zip,False
2017,d05886,2017|cand|Cynthia Carlisle,100.0,1,name+zip,True
2017,d05896,2017|cand|Cynthia Carlisle,30.0,1,name+zip,True
2017,d05938,2017|cand|Cynthia Carlisle,100.0,1,name+zip,True
2017,d06095,2017|cand|Cynthia Carlisle,50.0,1,name+zip,True
2017,d06151,2017|cand|Cynthia Carlisle,50.0,1,name+zip,True
2017,d06160,2017|cand|Cynthia Carlisle,100.0,1,name+zip,True
2017,d06189,2017|cand|Cynthia Carlisle,25.0,1,name+zip,True
2017,d06218,2017|cand|Cynthia Carlisle,50.0,1,name+zip,True
2017,d06237,2017|cand|Cynthia Carlisle,50.0,1,name+zip,True
2017,d06345,2017|cand|Cynthia Carlisle,100.0,1,name+zip,True
2017,d06346,2017|cand|Cynthia Carlisle,30.0,2,name+zip,True
2017,d06352,2017|cand|Cynthia Carlisle,100.0,1,name+zip,True
2017,d06353,2017|cand|Cynthia Carlisle,100.0,1,name+zip,True
2017,d06525,2017|cand|Cynthia Carlisle,100.0,1,name+zip,True
2017,d06611,2017|cand|Cynthia Carlisle,50.0,1,name+zip,True
2017,d06623,2017|cand|Cynthia Carlisle,100.0,1,name+zip,True
2017,d06737,2017|cand|Cynthia Carlisle,100.0,1,name+zip,True
2017,d06765,2017|cand|Cynthia Carlisle,10.0,1,name+zip,True
2017,d06778,2017|cand|Cynthia Carlisle,25.0,1,name+zip,True
2017,d06835,2017|cand|Cynthia Carlisle,100.0,1,name+zip,True
2017,d06923,2017|cand|Cynthia Carlisle,25.0,1,name+zip,True
2017,d07014,2017|cand|Cynthia Carlisle,35.0,1,name+zip,True
2017,d07038,2017|cand|Cynthia Carlisle,100.0,1,name+zip,True
2017,d07085,2017|cand|Cynthia Carlisle,100.0,1,name+zip,True
2017,d07091,2017|cand|Cynthia Carlisle,100.0,1,name+zip,True
2017,d07259,2017|cand|Cynthia Carlisle,100.0,1,name+zip,True
2017,d07302,2017|cand|Cynthia Carlisle,50.0,1,name+zip,True
2017,d07408,2017|cand|Cynthia Carlisle,50.0,1,name+zip,True
2017,d07466,2017|cand|Cynthia Carlisle,75.0,1,name+zip,True
2017,d07478,2017|cand|Cynthia Carlisle,100.0,1,name+zip,True
2017,d07482,2017|cand|Cynthia Carlisle,100.0,1,name+zip,True
2017,d07616,2017|cand|Cynthia Carlisle,25.0,1,name+zip,True
2017,d07710,2017|cand|Cynthia Carlisle,100.0,1,name+zip,True
2017,d07900,2017|cand|Cynthia Carlisle,25.0,1,name+zip,True
2017,d07947,2017|cand|Cynthia Carlisle,50.0,1,name+zip,True
2017,d07995,2017|cand|Cynthia Carlisle,50.0,1,name+zip,True
2017,d08015,2017|cand|Cynthia Carlisle,100.0,1,name+zip,True
2017,d08060,2017|cand|Cynthia Carlisle,20.0,1,name+zip,True
2017,d00171,2017|cand|Edward R. Byrne,100.0,1,name+zip,True
2017,d00204,2017|cand|Edward R. Byrne,25.0,1,name+zip,True
2017,d00206,2017|cand|Edward R. Byrne,25.0,1,name+zip,True
2017,d00420,2017|cand|Edward R. Byrne,100.0,1,name+zip,True
2017,d00436,2017|cand|Edward R. Byrne,100.0,1,name+zip,True
2017,d00468,2017|cand|Edward R. Byrne,75.0,1,name+zip,True
2017,d00500,2017|cand|Edward R. Byrne,100.0,1,name+zip,True
2017,d00512,2017|cand|Edward R. Byrne,100.0,1,name+zip,True
2017,d00552,2017|cand|Edward R. Byrne,25.0,1,name+zip,True
2017,d00559,2017|cand|Edward R. Byrne,25.0,1,name+zip,True
2017,d00578,2017|cand|Edward R. Byrne,50.0,1,name+zip,True
2017,d00610,2017|cand|Edward R. Byrne,100.0,1,name+zip,True
2017,d00632,2017|cand|Edward R. Byrne,50.0,1,name+zip,True
2017,d00770,2017|cand|Edward R. Byrne,25.0,1,name+zip,True
2017,d00849,2017|cand|Edward R. Byrne,50.0,1,name+zip,True
2017,d00852,2017|cand|Edward R. Byrne,50.0,1,name+zip,True
2017,d00854,2017|cand|Edward R. Byrne,25.0,1,name+zip,True
2017,d00937,2017|cand|Edward R. Byrne,100.0,1,name+zip,True
2017,d00941,2017|cand|Edward R. Byrne,100.0,1,name+zip,True
2017,d00992,2017|cand|Edward R. Byrne,50.0,1,name+zip,True
2017,d01011,2017|cand|Edward R. Byrne,25.0,1,name+zip,True
2017,d01036,2017|cand|Edward R. Byrne,25.0,1,name+zip,True
2017,d01060,2017|cand|Edward R. Byrne,50.0,1,name+zip,True
2017,d01152,2017|cand|Edward R. Byrne,50.0,1,name+zip,True
2017,d01191,2017|cand|Edward R. Byrne,25.0,1,name+zip,True
2017,d01228,2017|cand|Edward R. Byrne,25.0,1,name+zip,True
2017,d01339,2017|cand|Edward R. Byrne,100.0,1,name+zip,True
2017,d01351,2017|cand|Edward R. Byrne,100.0,1,name+zip,True
2017,d01376,2017|cand|Edward R. Byrne,100.0,1,name+zip,True
2017,d01398,2017|cand|Edward R. Byrne,50.0,1,name+zip,True
2017,d01469,2017|cand|Edward R. Byrne,100.0,1,name+zip,True
2017,d01531,2017|cand|Edward R. Byrne,100.0,1,name+zip,True
2017,d01577,2017|cand|Edward R. Byrne,25.0,1,name+zip,True
2017,d01596,2017|cand|Edward R. Byrne,100.0,1,name+zip,True
2017,d01603,2017|cand|Edward R. Byrne,100.0,1,name+zip,True
2017,d01658,2017|cand|Edward R. Byrne,25.0,1,name+zip,True
2017,d01662,2017|cand|Edward R. Byrne,25.0,1,name+zip,True
2017,d01667,2017|cand|Edward R. Byrne,50.0,1,name+zip,True
2017,d01709,2017|cand|Edward R. Byrne,50.0,1,name+zip,True
2017,d01896,2017|cand|Edward R. Byrne,25.0,1,name+zip,True
2017,d01925,2017|cand|Edward R. Byrne,100.0,1,name+zip,True
2017,d01956,2017|cand|Edward R. Byrne,50.0,1,name+zip,True
2017,d01968,2017|cand|Edward R. Byrne,25.0,1,name+zip,True
2017,d01997,2017|cand|Edward R. Byrne,100.0,1,name+zip,True
2017,d02105,2017|cand|Edward R. Byrne,100.0,1,name+zip,True
2017,d02142,2017|cand|Edward R. Byrne,100.0,1,name+zip,True
2017,d02157,2017|cand|Edward R. Byrne,50.0,1,name+zip,True
2017,d02159,2017|cand|Edward R. Byrne,100.0,1,name+zip,True
2017,d02176,2017|cand|Edward R. Byrne,100.0,1,name+zip,True
2017,d02233,2017|cand|Edward R. Byrne,50.0,1,name+zip,True
2017,d02235,2017|cand|Edward R. Byrne,100.0,1,name+zip,True
2017,d02349,2017|cand|Edward R. Byrne,100.0,1,name+zip,True
2017,d02501,2017|cand|Edward R. Byrne,100.0,1,name+zip,True
2017,d02531,2017|cand|Edward R. Byrne,100.0,1,name+zip,True
2017,d02569,2017|cand|Edward R. Byrne,100.0,1,name+zip,True
2017,d02632,2017|cand|Edward R. Byrne,100.0,1,name+zip,True
2017,d02724,2017|cand|Edward R. Byrne,25.0,1,name+zip,True
2017,d02777,2017|cand|Edward R. Byrne,100.0,1,name+zip,True
2017,d02793,2017|cand|Edward R. Byrne,50.0,1,name+zip,True
2017,d02795,2017|cand|Edward R. Byrne,100.0,1,name+zip,True
2017,d02888,2017|cand|Edward R. Byrne,25.0,1,name+zip,True
2017,d02954,2017|cand|Edward R. Byrne,75.0,1,name+zip,True
2017,d02970,2017|cand|Edward R. Byrne,100.0,1,name+zip,True
2017,d03066,2017|cand|Edward R. Byrne,50.0,1,name+zip,True
2017,d03093,2017|cand|Edward R. Byrne,100.0,1,name+zip,True
2017,d03200,2017|cand|Edward R. Byrne,100.0,1,name+zip,True
2017,d03268,2017|cand|Edward R. Byrne,100.0,1,name+zip,True
2017,d03318,2017|cand|Edward R. Byrne,100.0,1,name+zip,True
2017,d03365,2017|cand|Edward R. Byrne,100.0,1,name+zip,True
2017,d03373,2017|cand|Edward R. Byrne,100.0,1,name+zip,True
2017,d03478,2017|cand|Edward R. Byrne,100.0,1,name+zip,True
2017,d03540,2017|cand|Edward R. Byrne,100.0,1,name+zip,True
2017,d03556,2017|cand|Edward R. Byrne,100.0,1,name+zip,True
2017,d03557,2017|cand|Edward R. Byrne,100.0,1,name+zip,True
2017,d03640,2017|cand|Edward R. Byrne,100.0,1,name+zip,True
2017,d03644,2017|cand|Edward R. Byrne,100.0,1,name+zip,True
2017,d03652,2017|cand|Edward R. Byrne,100.0,1,name+zip,True
2017,d03846,2017|cand|Edward R. Byrne,100.0,1,name+zip,True
2017,d03848,2017|cand|Edward R. Byrne,100.0,1,name+zip,True
2017,d03881,2017|cand|Edward R. Byrne,50.0,1,name+zip,True
2017,d03898,2017|cand|Edward R. Byrne,25.0,1,name+zip,True
2017,d03908,2017|cand|Edward R. Byrne,50.0,1,name+zip,True
2017,d03916,2017|cand|Edward R. Byrne,100.0,1,name+zip,True
2017,d03941,2017|cand|Edward R. Byrne,88.0,1,name+zip,True
2017,d04088,2017|cand|Edward R. Byrne,25.0,1,name+zip,True
2017,d04091,2017|cand|Edward R. Byrne,100.0,1,name+zip,True
2017,d04102,2017|cand|Edward R. Byrne,100.0,1,name+zip,True
2017,d04136,2017|cand|Edward R. Byrne,100.0,1,name+zip,True
2017,d04189,2017|cand|Edward R. Byrne,20.0,1,name+zip,True
2017,d04190,2017|cand|Edward R. Byrne,100.0,1,name+zip,True
2017,d04208,2017|cand|Edward R. Byrne,100.0,1,name+zip,True
2017,d04424,2017|cand|Edward R. Byrne,25.0,1,name+zip,True
2017,d04432,2017|cand|Edward R. Byrne,50.0,1,name+zip,True
2017,d04439,2017|cand|Edward R. Byrne,25.0,1,name+zip,True
2017,d04508,2017|cand|Edward R. Byrne,100.0,1,name+zip,True
2017,d04638,2017|cand|Edward R. Byrne,25.0,1,name+zip,True
2017,d04645,2017|cand|Edward R. Byrne,25.0,1,name+zip,True
2017,d04665,2017|cand|Edward R. Byrne,25.0,1,name+zip,True
2017,d04681,2017|cand|Edward R. Byrne,50.0,1,name+zip,True
2017,d04729,2017|cand|Edward R. Byrne,75.0,1,name+zip,True
2017,d04817,2017|cand|Edward R. Byrne,55.0,1,name+zip,True
2017,d04895,2017|cand|Edward R. Byrne,50.0,1,name+zip,True
2017,d04981,2017|cand|Edward R. Byrne,100.0,1,name+zip,True
2017,d04998,2017|cand|Edward R. Byrne,100.0,1,name+zip,True
2017,d05034,2017|cand|Edward R. Byrne,100.0,1,name+zip,True
2017,d05035,2017|cand|Edward R. Byrne,25.0,1,name+zip,True
2017,d05105,2017|cand|Edward R. Byrne,50.0,1,name+zip,True
2017,d05114,2017|cand|Edward R. Byrne,100.0,1,name+zip,True
2017,d05269,2017|cand|Edward R. Byrne,100.0,1,name+zip,True
2017,d05346,2017|cand|Edward R. Byrne,25.0,1,name+zip,True
2017,d05550,2017|cand|Edward R. Byrne,100.0,1,name+zip,True
2017,d05572,2017|cand|Edward R. Byrne,100.0,1,name+zip,True
2017,d05591,2017|cand|Edward R. Byrne,50.0,1,name+zip,True
2017,d05593,2017|cand|Edward R. Byrne,100.0,1,name+zip,True
2017,d05636,2017|cand|Edward R. Byrne,25.0,1,name+zip,True
2017,d05719,2017|cand|Edward R. Byrne,50.0,1,name+zip,True
2017,d05843,2017|cand|Edward R. Byrne,100.0,1,name+zip,True
2017,d05872,2017|cand|Edward R. Byrne,100.0,1,name+zip,True
2017,d05890,2017|cand|Edward R. Byrne,25.0,1,name+zip,True
2017,d05926,2017|cand|Edward R. Byrne,100.0,1,name+zip,True
2017,d05928,2017|cand|Edward R. Byrne,50.0,1,name+zip,True
2017,d05942,2017|cand|Edward R. Byrne,100.0,1,name+zip,True
2017,d06045,2017|cand|Edward R. Byrne,100.0,1,name+zip,True
2017,d06070,2017|cand|Edward R. Byrne,25.0,1,name+zip,True
2017,d06078,2017|cand|Edward R. Byrne,50.0,1,name+zip,True
2017,d06104,2017|cand|Edward R. Byrne,100.0,1,name+zip,True
2017,d06231,2017|cand|Edward R. Byrne,25.0,1,name+zip,True
2017,d06235,2017|cand|Edward R. Byrne,100.0,1,name+zip,True
2017,d06327,2017|cand|Edward R. Byrne,50.0,1,name+zip,True
2017,d06336,2017|cand|Edward R. Byrne,50.0,1,name+zip,True
2017,d06348,2017|cand|Edward R. Byrne,50.0,1,name+zip,True
2017,d06351,2017|cand|Edward R. Byrne,99.91,1,name+zip,True
2017,d06358,2017|cand|Edward R. Byrne,50.0,1,name+zip,True
2017,d06392,2017|cand|Edward R. Byrne,85.75,1,name+zip,True
2017,d06469,2017|cand|Edward R. Byrne,50.0,1,name+zip,True
2017,d06502,2017|cand|Edward R. Byrne,100.0,1,name+zip,True
2017,d06516,2017|cand|Edward R. Byrne,100.0,1,name+zip,True
2017,d06522,2017|cand|Edward R. Byrne,50.0,1,name+zip,True
2017,d06537,2017|cand|Edward R. Byrne,100.0,1,name+zip,True
2017,d06548,2017|cand|Edward R. Byrne,100.0,1,name+zip,True
2017,d06574,2017|cand|Edward R. Byrne,100.0,1,name+zip,True
2017,d06718,2017|cand|Edward R. Byrne,25.0,1,name+zip,True
2017,d06769,2017|cand|Edward R. Byrne,50.0,1,name+zip,True
2017,d06782,2017|cand|Edward R. Byrne,25.0,1,name+zip,True
2017,d06793,2017|cand|Edward R. Byrne,100.0,1,name+zip,True
2017,d06800,2017|cand|Edward R. Byrne,25.0,1,name+zip,True
2017,d06839,2017|cand|Edward R. Byrne,100.0,1,name+zip,True
2017,d06916,2017|cand|Edward R. Byrne,100.0,1,name+zip,True
2017,d07044,2017|cand|Edward R. Byrne,100.0,1,name+zip,True
2017,d07072,2017|cand|Edward R. Byrne,25.0,1,name+zip,True
2017,d07132,2017|cand|Edward R. Byrne,25.0,1,name+zip,True
2017,d07160,2017|cand|Edward R. Byrne,100.0,1,name+zip,True
2017,d07178,2017|cand|Edward R. Byrne,50.0,1,name+zip,True
2017,d07255,2017|cand|Edward R. Byrne,25.0,1,name+zip,True
2017,d07325,2017|cand|Edward R. Byrne,25.0,1,name+zip,True
2017,d07360,2017|cand|Edward R. Byrne,100.0,1,name+zip,True
2017,d07440,2017|cand|Edward R. Byrne,100.0,1,name+zip,True
2017,d07446,2017|cand|Edward R. Byrne,25.0,1,name+zip,True
2017,d07462,2017|cand|Edward R. Byrne,25.0,1,name+zip,True
2017,d07517,2017|cand|Edward R. Byrne,100.0,1,name+zip,True
2017,d07570,2017|cand|Edward R. Byrne,100.0,1,name+zip,True
2017,d07641,2017|cand|Edward R. Byrne,50.0,1,name+zip,True
2017,d07752,2017|cand|Edward R. Byrne,100.0,1,name+zip,True
2017,d07834,2017|cand|Edward R. Byrne,25.0,1,name+zip,True
2017,d07960,2017|cand|Edward R. Byrne,25.0,1,name+zip,True
2017,d07962,2017|cand|Edward R. Byrne,25.0,1,name+zip,True
2017,d00022,2017|cand|Eric Budd,10.0,1,name+zip,True
2017,d00068,2017|cand|Eric Budd,60.0,2,name+zip,True
2017,d00076,2017|cand|Eric Budd,5.0,1,name+zip,True
2017,d00104,2017|cand|Eric Budd,20.0,1,name+zip,True
2017,d00111,2017|cand|Eric Budd,50.0,1,name+zip,False
2017,d00138,2017|cand|Eric Budd,20.0,1,name+zip,True
2017,d00159,2017|cand|Eric Budd,20.0,1,name+zip,True
2017,d00214,2017|cand|Eric Budd,75.0,1,name+zip,False
2017,d00247,2017|cand|Eric Budd,50.0,1,name+zip,False
2017,d00251,2017|cand|Eric Budd,100.0,1,name+zip,False
2017,d00425,2017|cand|Eric Budd,100.0,1,name+zip,True
2017,d00431,2017|cand|Eric Budd,25.0,1,name+zip,False
2017,d00434,2017|cand|Eric Budd,50.0,1,name+zip,True
2017,d00464,2017|cand|Eric Budd,5.0,1,name+zip,True
2017,d00503,2017|cand|Eric Budd,25.0,1,name+zip,True
2017,d00559,2017|cand|Eric Budd,25.0,1,name+zip,True
2017,d00598,2017|cand|Eric Budd,10.0,1,name+zip,True
2017,d00612,2017|cand|Eric Budd,100.0,1,name+zip,True
2017,d00647,2017|cand|Eric Budd,25.0,1,name+zip,True
2017,d00678,2017|cand|Eric Budd,20.0,1,name+zip,True
2017,d00693,2017|cand|Eric Budd,50.0,1,name+zip,True
2017,d00839,2017|cand|Eric Budd,11.0,1,name+zip,True
2017,d00863,2017|cand|Eric Budd,40.0,1,name+zip,True
2017,d00873,2017|cand|Eric Budd,30.0,1,name+zip,True
2017,d00907,2017|cand|Eric Budd,10.0,1,name+zip,True
2017,d00947,2017|cand|Eric Budd,100.0,1,name+zip,True
2017,d00949,2017|cand|Eric Budd,50.0,1,name+zip,True
2017,d00998,2017|cand|Eric Budd,20.0,1,name+zip,True
2017,d01016,2017|cand|Eric Budd,5.0,1,name+zip,True
2017,d01114,2017|cand|Eric Budd,5.0,1,name+zip,True
2017,d01127,2017|cand|Eric Budd,100.0,1,name+zip,False
2017,d01136,2017|cand|Eric Budd,20.0,1,name+zip,True
2017,d01148,2017|cand|Eric Budd,5.0,1,name+zip,True
2017,d01157,2017|cand|Eric Budd,5.0,1,name+zip,True
2017,d01186,2017|cand|Eric Budd,25.0,1,name+zip,True
2017,d01187,2017|cand|Eric Budd,5.0,1,name+zip,True
2017,d01280,2017|cand|Eric Budd,100.0,2,name+zip,True
2017,d01345,2017|cand|Eric Budd,5.0,1,name+zip,False
2017,d01363,2017|cand|Eric Budd,5.0,1,name+zip,True
2017,d01373,2017|cand|Eric Budd,25.0,1,name+zip,True
2017,d01383,2017|cand|Eric Budd,25.0,1,name+zip,False
2017,d01501,2017|cand|Eric Budd,10.0,1,name+zip,False
2017,d01543,2017|cand|Eric Budd,20.0,1,name+zip,True
2017,d01560,2017|cand|Eric Budd,20.0,1,name+zip,True
2017,d01576,2017|cand|Eric Budd,20.0,1,name+zip,True
2017,d01643,2017|cand|Eric Budd,10.0,1,name+zip,True
2017,d01653,2017|cand|Eric Budd,100.0,1,name+zip,True
2017,d01694,2017|cand|Eric Budd,10.0,1,name+zip,True
2017,d01747,2017|cand|Eric Budd,5.0,1,name+zip,True
2017,d01819,2017|cand|Eric Budd,100.0,1,name+zip,True
2017,d01834,2017|cand|Eric Budd,100.0,1,name+zip,True
2017,d01863,2017|cand|Eric Budd,50.0,1,name+zip,True
2017,d01893,2017|cand|Eric Budd,5.0,1,name+zip,True
2017,d01898,2017|cand|Eric Budd,20.0,1,name+zip,True
2017,d01915,2017|cand|Eric Budd,25.0,1,name+zip,True
2017,d01962,2017|cand|Eric Budd,20.0,1,name+zip,True
2017,d01968,2017|cand|Eric Budd,20.0,1,name+zip,True
2017,d01997,2017|cand|Eric Budd,100.0,1,name+zip,True
2017,d02003,2017|cand|Eric Budd,100.0,1,name+zip,True
2017,d02192,2017|cand|Eric Budd,75.0,1,name+zip,True
2017,d02199,2017|cand|Eric Budd,100.0,1,name+zip,True
2017,d02273,2017|cand|Eric Budd,5.0,1,name+zip,True
2017,d02282,2017|cand|Eric Budd,5.0,1,name+zip,True
2017,d02333,2017|cand|Eric Budd,20.0,1,name+zip,True
2017,d02366,2017|cand|Eric Budd,50.0,1,name+zip,False
2017,d02370,2017|cand|Eric Budd,5.0,1,name+zip,True
2017,d02405,2017|cand|Eric Budd,5.0,1,name+zip,True
2017,d02435,2017|cand|Eric Budd,20.0,1,name+zip,True
2017,d02533,2017|cand|Eric Budd,10.0,1,name+zip,False
2017,d02548,2017|cand|Eric Budd,25.0,1,name+zip,True
2017,d02559,2017|cand|Eric Budd,100.0,1,name+zip,False
2017,d02562,2017|cand|Eric Budd,20.0,1,name+zip,True
2017,d02582,2017|cand|Eric Budd,5.0,1,name+zip,True
2017,d02588,2017|cand|Eric Budd,20.0,1,name+zip,True
2017,d02611,2017|cand|Eric Budd,5.0,1,name+zip,True
2017,d02619,2017|cand|Eric Budd,25.0,1,name+zip,False
2017,d02704,2017|cand|Eric Budd,10.0,1,name+zip,True
2017,d02810,2017|cand|Eric Budd,100.0,1,name+zip,False
2017,d02822,2017|cand|Eric Budd,10.0,1,name+zip,True
2017,d02825,2017|cand|Eric Budd,100.0,1,name+zip,False
2017,d02840,2017|cand|Eric Budd,30.0,1,name+zip,True
2017,d02845,2017|cand|Eric Budd,50.0,1,name+zip,False
2017,d02848,2017|cand|Eric Budd,5.0,1,name+zip,True
2017,d02918,2017|cand|Eric Budd,20.0,1,name+zip,True
2017,d02959,2017|cand|Eric Budd,100.0,1,name+zip,False
2017,d02965,2017|cand|Eric Budd,100.0,1,name+zip,True
2017,d03009,2017|cand|Eric Budd,10.0,1,name+zip,True
2017,d03049,2017|cand|Eric Budd,50.0,1,name+zip,False
2017,d03056,2017|cand|Eric Budd,100.0,1,name+zip,True
2017,d03081,2017|cand|Eric Budd,20.0,1,name+zip,True
2017,d03109,2017|cand|Eric Budd,5.0,1,name+zip,True
2017,d03192,2017|cand|Eric Budd,5.0,1,name+zip,True
2017,d03222,2017|cand|Eric Budd,20.0,1,name+zip,True
2017,d03234,2017|cand|Eric Budd,10.0,1,name+zip,True
2017,d03286,2017|cand|Eric Budd,50.0,1,name+zip,True
2017,d03322,2017|cand|Eric Budd,100.0,1,name+zip,False
2017,d03335,2017|cand|Eric Budd,25.0,1,name+zip,True
2017,d03373,2017|cand|Eric Budd,100.0,1,name+zip,True
2017,d03376,2017|cand|Eric Budd,5.0,1,name+zip,True
2017,d03423,2017|cand|Eric Budd,10.0,1,name+zip,True
2017,d03503,2017|cand|Eric Budd,50.0,1,name+zip,True
2017,d03513,2017|cand|Eric Budd,100.0,1,name+zip,True
2017,d03529,2017|cand|Eric Budd,100.0,1,name+zip,True
2017,d03538,2017|cand|Eric Budd,50.0,1,name+zip,True
2017,d03539,2017|cand|Eric Budd,50.0,1,name+zip,False
2017,d03711,2017|cand|Eric Budd,50.0,1,name+zip,True
2017,d03722,2017|cand|Eric Budd,10.0,1,name+zip,True
2017,d03759,2017|cand|Eric Budd,100.0,1,name+zip,True
2017,d03773,2017|cand|Eric Budd,100.0,1,name+zip,True
2017,d03785,2017|cand|Eric Budd,50.0,1,name+zip,True
2017,d03795,2017|cand|Eric Budd,50.0,1,name+zip,True
2017,d03811,2017|cand|Eric Budd,5.0,1,name+zip,True
2017,d03833,2017|cand|Eric Budd,100.0,1,name+zip,True
2017,d03836,2017|cand|Eric Budd,20.0,1,name+zip,True
2017,d03855,2017|cand|Eric Budd,5.0,1,name+zip,True
2017,d03858,2017|cand|Eric Budd,50.0,1,name+zip,True
2017,d03868,2017|cand|Eric Budd,100.0,1,name+zip,True
2017,d03924,2017|cand|Eric Budd,100.0,1,name+zip,True
2017,d03961,2017|cand|Eric Budd,20.0,1,name+zip,True
2017,d03980,2017|cand|Eric Budd,20.0,1,name+zip,True
2017,d03986,2017|cand|Eric Budd,25.0,1,name+zip,True
2017,d03991,2017|cand|Eric Budd,20.0,1,name+zip,True
2017,d04016,2017|cand|Eric Budd,20.0,1,name+zip,True
2017,d04058,2017|cand|Eric Budd,20.0,1,name+zip,True
2017,d04092,2017|cand|Eric Budd,50.0,1,name+zip,False
2017,d04156,2017|cand|Eric Budd,50.0,1,name+zip,True
2017,d04160,2017|cand|Eric Budd,20.0,1,name+zip,True
2017,d04236,2017|cand|Eric Budd,50.0,1,name+zip,True
2017,d04238,2017|cand|Eric Budd,50.0,1,name+zip,True
2017,d04261,2017|cand|Eric Budd,20.0,1,name+zip,True
2017,d04347,2017|cand|Eric Budd,27.0,1,name+zip,True
2017,d04491,2017|cand|Eric Budd,5.0,1,name+zip,True
2017,d04518,2017|cand|Eric Budd,20.0,1,name+zip,True
2017,d04521,2017|cand|Eric Budd,10.0,1,name+zip,True
2017,d04604,2017|cand|Eric Budd,5.0,1,name+zip,True
2017,d04607,2017|cand|Eric Budd,10.0,1,name+zip,False
2017,d04684,2017|cand|Eric Budd,5.0,1,name+zip,True
2017,d04691,2017|cand|Eric Budd,100.0,1,name+zip,True
2017,d04750,2017|cand|Eric Budd,100.0,1,name+zip,True
2017,d04786,2017|cand|Eric Budd,20.0,1,name+zip,True
2017,d04821,2017|cand|Eric Budd,100.0,1,name+zip,False
2017,d04862,2017|cand|Eric Budd,5.0,1,name+zip,True
2017,d04879,2017|cand|Eric Budd,50.0,1,name+zip,True
2017,d04898,2017|cand|Eric Budd,5.0,1,name+zip,True
2017,d04946,2017|cand|Eric Budd,100.0,1,name+zip,False
2017,d04950,2017|cand|Eric Budd,50.0,1,name+zip,True
2017,d04961,2017|cand|Eric Budd,50.0,1,name+zip,True
2017,d04964,2017|cand|Eric Budd,5.0,1,name+zip,True
2017,d04978,2017|cand|Eric Budd,20.0,1,name+zip,True
2017,d05027,2017|cand|Eric Budd,5.0,1,name+zip,True
2017,d05034,2017|cand|Eric Budd,50.0,1,name+zip,True
2017,d05036,2017|cand|Eric Budd,50.0,1,name+zip,False
2017,d05088,2017|cand|Eric Budd,50.0,1,name+zip,True
2017,d05148,2017|cand|Eric Budd,100.0,1,name+zip,False
2017,d05216,2017|cand|Eric Budd,27.0,1,name+zip,True
2017,d05223,2017|cand|Eric Budd,5.0,1,name+zip,True
2017,d05236,2017|cand|Eric Budd,5.0,1,name+zip,True
2017,d05294,2017|cand|Eric Budd,100.0,1,name+zip,False
2017,d05307,2017|cand|Eric Budd,10.0,1,name+zip,True
2017,d05342,2017|cand|Eric Budd,5.0,1,name+zip,True
2017,d05355,2017|cand|Eric Budd,100.0,1,name+zip,True
2017,d05410,2017|cand|Eric Budd,5.0,1,name+zip,True
2017,d05434,2017|cand|Eric Budd,100.0,1,name+zip,True
2017,d05485,2017|cand|Eric Budd,100.0,2,name+zip,True
2017,d05557,2017|cand|Eric Budd,50.0,1,name+zip,False
2017,d05575,2017|cand|Eric Budd,25.0,1,name+zip,True
2017,d05650,2017|cand|Eric Budd,50.0,1,name+zip,True
2017,d05702,2017|cand|Eric Budd,10.0,1,name+zip,True
2017,d05756,2017|cand|Eric Budd,100.0,1,name+zip,True
2017,d05776,2017|cand|Eric Budd,100.0,1,name+zip,True
2017,d05801,2017|cand|Eric Budd,50.0,1,name+zip,True
2017,d05815,2017|cand|Eric Budd,25.0,1,name+zip,True
2017,d05870,2017|cand|Eric Budd,100.0,1,name+zip,True
2017,d05885,2017|cand|Eric Budd,10.0,1,name+zip,True
2017,d05889,2017|cand|Eric Budd,20.0,1,name+zip,True
2017,d05892,2017|cand|Eric Budd,100.0,1,name+zip,True
2017,d05915,2017|cand|Eric Budd,10.0,1,name+zip,True
2017,d05927,2017|cand|Eric Budd,100.0,1,name+zip,True
2017,d05997,2017|cand|Eric Budd,20.0,1,name+zip,True
2017,d06062,2017|cand|Eric Budd,25.0,1,name+zip,True
2017,d06071,2017|cand|Eric Budd,5.0,1,name+zip,True
2017,d06093,2017|cand|Eric Budd,100.0,1,name+zip,True
2017,d06114,2017|cand|Eric Budd,20.0,1,name+zip,True
2017,d06117,2017|cand|Eric Budd,10.0,1,name+zip,True
2017,d06147,2017|cand|Eric Budd,5.0,1,name+zip,True
2017,d06175,2017|cand|Eric Budd,25.0,1,name+zip,True
2017,d06181,2017|cand|Eric Budd,100.0,1,name+zip,True
2017,d06226,2017|cand|Eric Budd,50.0,1,name+zip,True
2017,d06245,2017|cand|Eric Budd,5.0,1,name+zip,True
2017,d06336,2017|cand|Eric Budd,50.0,1,name+zip,True
2017,d06385,2017|cand|Eric Budd,100.0,1,name+zip,True
2017,d06410,2017|cand|Eric Budd,5.0,1,name+zip,True
2017,d06420,2017|cand|Eric Budd,5.0,1,name+zip,True
2017,d06446,2017|cand|Eric Budd,100.0,1,name+zip,True
2017,d06480,2017|cand|Eric Budd,5.0,1,name+zip,True
2017,d06652,2017|cand|Eric Budd,100.0,1,name+zip,True
2017,d06749,2017|cand|Eric Budd,10.0,1,name+zip,True
2017,d06777,2017|cand|Eric Budd,5.0,1,name+zip,True
2017,d06868,2017|cand|Eric Budd,10.0,1,name+zip,True
2017,d06885,2017|cand|Eric Budd,50.0,1,name+zip,True
2017,d06886,2017|cand|Eric Budd,25.0,1,name+zip,True
2017,d06893,2017|cand|Eric Budd,50.0,1,name+zip,True
2017,d06918,2017|cand|Eric Budd,5.0,1,name+zip,True
2017,d06991,2017|cand|Eric Budd,10.0,1,name+zip,True
2017,d07031,2017|cand|Eric Budd,50.0,1,name+zip,True
2017,d07051,2017|cand|Eric Budd,50.0,1,name+zip,False
2017,d07076,2017|cand|Eric Budd,5.0,1,name+zip,True
2017,d07090,2017|cand|Eric Budd,5.0,1,name+zip,True
2017,d07104,2017|cand|Eric Budd,50.0,1,name+zip,False
2017,d07123,2017|cand|Eric Budd,5.0,1,name+zip,True
2017,d07153,2017|cand|Eric Budd,5.0,1,name+zip,True
2017,d07228,2017|cand|Eric Budd,50.0,1,name+zip,True
2017,d07265,2017|cand|Eric Budd,10.0,1,name+zip,True
2017,d07354,2017|cand|Eric Budd,50.0,1,name+zip,True
2017,d07365,2017|cand|Eric Budd,100.0,2,name+zip,True
2017,d07502,2017|cand|Eric Budd,5.0,1,name+zip,True
2017,d07605,2017|cand|Eric Budd,20.0,1,name+zip,True
2017,d07617,2017|cand|Eric Budd,6.0,1,name+zip,True
2017,d07623,2017|cand|Eric Budd,5.0,1,name+zip,False
2017,d07625,2017|cand|Eric Budd,100.0,1,name+zip,True
2017,d07650,2017|cand|Eric Budd,100.0,1,name+zip,False
2017,d07682,2017|cand|Eric Budd,100.0,1,name+zip,True
2017,d07683,2017|cand|Eric Budd,50.0,1,name+zip,True
2017,d07703,2017|cand|Eric Budd,20.0,1,name+zip,True
2017,d07731,2017|cand|Eric Budd,50.0,1,name+zip,True
2017,d07761,2017|cand|Eric Budd,5.0,1,name+zip,True
2017,d07777,2017|cand|Eric Budd,30.0,2,name+zip,True
2017,d07785,2017|cand|Eric Budd,20.0,1,name+zip,True
2017,d07801,2017|cand|Eric Budd,10.0,1,name+zip,True
2017,d07874,2017|cand|Eric Budd,10.0,1,name+zip,True
2017,d07898,2017|cand|Eric Budd,50.0,1,name+zip,True
2017,d08005,2017|cand|Eric Budd,5.0,1,name+zip,True
2017,d08082,2017|cand|Eric Budd,20.0,1,name+zip,True
2017,d08089,2017|cand|Eric Budd,5.0,1,name+zip,True
2017,d08116,2017|cand|Eric Budd,100.0,1,name+zip,True
2017,d08155,2017|cand|Eric Budd,50.0,1,name+zip,True
2017,d00066,2017|cand|Jan Burton,50.0,1,name+zip,True
2017,d00092,2017|cand|Jan Burton,25.0,1,name+zip,True
2017,d00111,2017|cand|Jan Burton,25.0,1,name+zip,False
2017,d00166,2017|cand|Jan Burton,25.0,1,name+zip,True
2017,d00202,2017|cand|Jan Burton,100.0,1,name+zip,True
2017,d00208,2017|cand|Jan Burton,100.0,1,name+zip,True
2017,d00351,2017|cand|Jan Burton,50.0,1,name+zip,True
2017,d00476,2017|cand|Jan Burton,100.0,1,name+zip,True
2017,d00507,2017|cand|Jan Burton,100.0,1,name+zip,True
2017,d00558,2017|cand|Jan Burton,100.0,1,name+zip,True
2017,d00663,2017|cand|Jan Burton,50.0,1,name+zip,True
2017,d00693,2017|cand|Jan Burton,25.0,1,name+zip,True
2017,d00696,2017|cand|Jan Burton,100.0,1,name+zip,True
2017,d00715,2017|cand|Jan Burton,100.0,1,name+zip,True
2017,d00810,2017|cand|Jan Burton,100.0,1,name+zip,True
2017,d00868,2017|cand|Jan Burton,50.0,1,name+zip,True
2017,d00939,2017|cand|Jan Burton,100.0,1,name+zip,True
2017,d00947,2017|cand|Jan Burton,100.0,1,name+zip,True
2017,d01025,2017|cand|Jan Burton,100.0,1,name+zip,True
2017,d01029,2017|cand|Jan Burton,50.0,1,name+zip,True
2017,d01076,2017|cand|Jan Burton,50.0,1,name+zip,True
2017,d01110,2017|cand|Jan Burton,100.0,1,name+zip,True
2017,d01196,2017|cand|Jan Burton,100.0,1,name+zip,True
2017,d01230,2017|cand|Jan Burton,100.0,1,name+zip,True
2017,d01288,2017|cand|Jan Burton,100.0,1,name+zip,False
2017,d01333,2017|cand|Jan Burton,100.0,1,name+zip,True
2017,d01375,2017|cand|Jan Burton,100.0,1,name+zip,True
2017,d01510,2017|cand|Jan Burton,50.0,1,name+zip,True
2017,d01537,2017|cand|Jan Burton,20.0,1,name+zip,False
2017,d01579,2017|cand|Jan Burton,100.0,1,name+zip,True
2017,d01600,2017|cand|Jan Burton,100.0,1,name+zip,False
2017,d01763,2017|cand|Jan Burton,100.0,1,name+zip,True
2017,d01861,2017|cand|Jan Burton,100.0,1,name+zip,True
2017,d01915,2017|cand|Jan Burton,25.0,1,name+zip,True
2017,d01997,2017|cand|Jan Burton,75.0,1,name+zip,True
2017,d02046,2017|cand|Jan Burton,100.0,1,name+zip,True
2017,d02093,2017|cand|Jan Burton,100.0,1,name+zip,True
2017,d02176,2017|cand|Jan Burton,100.0,1,name+zip,True
2017,d02187,2017|cand|Jan Burton,100.0,1,name+zip,True
2017,d02223,2017|cand|Jan Burton,100.0,1,name+zip,True
2017,d02360,2017|cand|Jan Burton,100.0,1,name+zip,True
2017,d02401,2017|cand|Jan Burton,50.0,1,name+zip,True
2017,d02427,2017|cand|Jan Burton,100.0,1,name+zip,True
2017,d02526,2017|cand|Jan Burton,75.0,1,name+zip,True
2017,d02570,2017|cand|Jan Burton,100.0,1,name+zip,False
2017,d02598,2017|cand|Jan Burton,100.0,1,name+zip,True
2017,d02620,2017|cand|Jan Burton,25.0,1,name+zip,False
2017,d02639,2017|cand|Jan Burton,100.0,1,name+zip,True
2017,d02707,2017|cand|Jan Burton,25.0,1,name+zip,True
2017,d02782,2017|cand|Jan Burton,100.0,1,name+zip,True
2017,d02803,2017|cand|Jan Burton,50.0,1,name+zip,False
2017,d02903,2017|cand|Jan Burton,100.0,1,name+zip,True
2017,d02954,2017|cand|Jan Burton,50.0,1,name+zip,True
2017,d02967,2017|cand|Jan Burton,100.0,1,name+zip,True
2017,d03018,2017|cand|Jan Burton,100.0,1,name+zip,True
2017,d03025,2017|cand|Jan Burton,25.0,1,name+zip,True
2017,d03127,2017|cand|Jan Burton,100.0,1,name+zip,True
2017,d03153,2017|cand|Jan Burton,100.0,1,name+zip,True
2017,d03196,2017|cand|Jan Burton,50.0,1,name+zip,False
2017,d03208,2017|cand|Jan Burton,50.0,1,name+zip,True
2017,d03232,2017|cand|Jan Burton,25.0,1,name+zip,True
2017,d03253,2017|cand|Jan Burton,100.0,1,name+zip,False
2017,d03365,2017|cand|Jan Burton,100.0,1,name+zip,True
2017,d03422,2017|cand|Jan Burton,100.0,1,name+zip,True
2017,d03434,2017|cand|Jan Burton,25.0,1,name+zip,False
2017,d03469,2017|cand|Jan Burton,100.0,1,name+zip,True
2017,d03478,2017|cand|Jan Burton,100.0,1,name+zip,True
2017,d03494,2017|cand|Jan Burton,100.0,1,name+zip,False
2017,d03503,2017|cand|Jan Burton,100.0,1,name+zip,True
2017,d03534,2017|cand|Jan Burton,100.0,1,name+zip,True
2017,d03538,2017|cand|Jan Burton,100.0,1,name+zip,True
2017,d03539,2017|cand|Jan Burton,55.0,1,name+zip,False
2017,d03658,2017|cand|Jan Burton,100.0,1,name+zip,True
2017,d03677,2017|cand|Jan Burton,100.0,1,name+zip,True
2017,d03705,2017|cand|Jan Burton,100.0,1,name+zip,False
2017,d03764,2017|cand|Jan Burton,50.0,1,name+zip,True
2017,d03815,2017|cand|Jan Burton,100.0,1,name+zip,True
2017,d03826,2017|cand|Jan Burton,100.0,1,name+zip,False
2017,d03941,2017|cand|Jan Burton,100.0,1,name+zip,True
2017,d04002,2017|cand|Jan Burton,100.0,1,name+zip,False
2017,d04008,2017|cand|Jan Burton,100.0,1,name+zip,False
2017,d04030,2017|cand|Jan Burton,100.0,1,name+zip,False
2017,d04060,2017|cand|Jan Burton,5.0,1,name+zip,False
2017,d04134,2017|cand|Jan Burton,100.0,1,name+zip,True
2017,d04156,2017|cand|Jan Burton,50.0,1,name+zip,True
2017,d04200,2017|cand|Jan Burton,100.0,1,name+zip,True
2017,d04224,2017|cand|Jan Burton,100.0,1,name+zip,True
2017,d04229,2017|cand|Jan Burton,100.0,1,name+zip,True
2017,d04328,2017|cand|Jan Burton,75.0,1,name+zip,True
2017,d04358,2017|cand|Jan Burton,100.0,1,name+zip,True
2017,d04384,2017|cand|Jan Burton,25.0,1,name+zip,True
2017,d04482,2017|cand|Jan Burton,50.0,1,name+zip,True
2017,d04490,2017|cand|Jan Burton,100.0,1,name+zip,True
2017,d04643,2017|cand|Jan Burton,50.0,1,name+zip,True
2017,d04658,2017|cand|Jan Burton,75.0,1,name+zip,True
2017,d04772,2017|cand|Jan Burton,100.0,1,name+zip,True
2017,d04882,2017|cand|Jan Burton,100.0,1,name+zip,True
2017,d04936,2017|cand|Jan Burton,100.0,1,name+zip,True
2017,d04974,2017|cand|Jan Burton,100.0,1,name+zip,True
2017,d05096,2017|cand|Jan Burton,50.0,1,name+zip,False
2017,d05186,2017|cand|Jan Burton,100.0,1,name+zip,True
2017,d05218,2017|cand|Jan Burton,100.0,1,name+zip,True
2017,d05221,2017|cand|Jan Burton,100.0,1,name+zip,True
2017,d05261,2017|cand|Jan Burton,100.0,1,name+zip,True
2017,d05288,2017|cand|Jan Burton,100.0,1,name+zip,False
2017,d05289,2017|cand|Jan Burton,100.0,1,name+zip,True
2017,d05300,2017|cand|Jan Burton,100.0,1,name+zip,True
2017,d05544,2017|cand|Jan Burton,100.0,1,name+zip,True
2017,d05550,2017|cand|Jan Burton,100.0,1,name+zip,True
2017,d05629,2017|cand|Jan Burton,75.0,1,name+zip,True
2017,d05730,2017|cand|Jan Burton,100.0,1,name+zip,True
2017,d05819,2017|cand|Jan Burton,100.0,1,name+zip,True
2017,d05869,2017|cand|Jan Burton,100.0,1,name+zip,False
2017,d05905,2017|cand|Jan Burton,100.0,1,name+zip,True
2017,d05985,2017|cand|Jan Burton,100.0,1,name+zip,True
2017,d06013,2017|cand|Jan Burton,100.0,1,name+zip,True
2017,d06036,2017|cand|Jan Burton,100.0,1,name+zip,True
2017,d06093,2017|cand|Jan Burton,100.0,1,name+zip,True
2017,d06120,2017|cand|Jan Burton,25.0,1,name+zip,False
2017,d06226,2017|cand|Jan Burton,50.0,1,name+zip,True
2017,d06294,2017|cand|Jan Burton,100.0,1,name+zip,True
2017,d06429,2017|cand|Jan Burton,100.0,1,name+zip,True
2017,d06475,2017|cand|Jan Burton,100.0,1,name+zip,True
2017,d06496,2017|cand|Jan Burton,45.0,1,name+zip,True
2017,d06528,2017|cand|Jan Burton,100.0,1,name+zip,True
2017,d06548,2017|cand|Jan Burton,100.0,1,name+zip,True
2017,d06728,2017|cand|Jan Burton,100.0,1,name+zip,True
2017,d06734,2017|cand|Jan Burton,25.0,1,name+zip,True
2017,d06748,2017|cand|Jan Burton,50.0,1,name+zip,True
2017,d06781,2017|cand|Jan Burton,100.0,1,name+zip,True
2017,d06784,2017|cand|Jan Burton,25.0,1,name+zip,True
2017,d06818,2017|cand|Jan Burton,100.0,1,name+zip,True
2017,d06839,2017|cand|Jan Burton,100.0,1,name+zip,True
2017,d06916,2017|cand|Jan Burton,100.0,1,name+zip,True
2017,d07032,2017|cand|Jan Burton,100.0,1,name+zip,True
2017,d07048,2017|cand|Jan Burton,100.0,1,name+zip,True
2017,d07144,2017|cand|Jan Burton,100.0,1,name+zip,True
2017,d07160,2017|cand|Jan Burton,100.0,1,name+zip,True
2017,d07227,2017|cand|Jan Burton,25.0,1,name+zip,True
2017,d07300,2017|cand|Jan Burton,100.0,1,name+zip,True
2017,d07353,2017|cand|Jan Burton,100.0,1,name+zip,True
2017,d07390,2017|cand|Jan Burton,25.0,1,name+zip,True
2017,d07423,2017|cand|Jan Burton,10.73,1,name+zip,True
2017,d07701,2017|cand|Jan Burton,100.0,1,name+zip,True
2017,d07747,2017|cand|Jan Burton,100.0,1,name+zip,True
2017,d07776,2017|cand|Jan Burton,100.0,1,name+zip,True
2017,d07869,2017|cand|Jan Burton,100.0,1,name+zip,True
2017,d07877,2017|cand|Jan Burton,25.0,1,name+zip,True
2017,d07935,2017|cand|Jan Burton,100.0,1,name+zip,True
2017,d08112,2017|cand|Jan Burton,25.0,1,name+zip,True
2017,d08113,2017|cand|Jan Burton,100.0,1,name+zip,True
2017,d00007,2017|cand|Jill Grano,100.0,1,name+zip,True
2017,d00041,2017|cand|Jill Grano,96.0,1,name+zip,True
2017,d00050,2017|cand|Jill Grano,50.0,1,name+zip,True
2017,d00063,2017|cand|Jill Grano,50.0,1,name+zip,True
2017,d00178,2017|cand|Jill Grano,100.0,1,name+zip,True
2017,d00394,2017|cand|Jill Grano,100.0,1,name+zip,True
2017,d00560,2017|cand|Jill Grano,25.0,1,name+zip,True
2017,d00641,2017|cand|Jill Grano,100.0,1,name+zip,True
2017,d00693,2017|cand|Jill Grano,25.0,1,name+zip,True
2017,d00716,2017|cand|Jill Grano,100.0,1,name+zip,True
2017,d00721,2017|cand|Jill Grano,100.0,1,name+zip,True
2017,d00726,2017|cand|Jill Grano,50.0,1,name+zip,True
2017,d00731,2017|cand|Jill Grano,25.0,1,name+zip,True
2017,d00768,2017|cand|Jill Grano,50.0,1,name+zip,True
2017,d00868,2017|cand|Jill Grano,50.0,1,name+zip,True
2017,d01008,2017|cand|Jill Grano,20.0,1,name+zip,True
2017,d01188,2017|cand|Jill Grano,50.0,1,name+zip,True
2017,d01230,2017|cand|Jill Grano,100.0,1,name+zip,True
2017,d01333,2017|cand|Jill Grano,100.0,1,name+zip,True
2017,d01569,2017|cand|Jill Grano,100.0,1,name+zip,True
2017,d01617,2017|cand|Jill Grano,100.0,1,name+zip,True
2017,d01647,2017|cand|Jill Grano,100.0,1,name+zip,True
2017,d01731,2017|cand|Jill Grano,100.0,1,name+zip,True
2017,d01763,2017|cand|Jill Grano,100.0,1,name+zip,True
2017,d01831,2017|cand|Jill Grano,100.0,1,name+zip,True
2017,d01915,2017|cand|Jill Grano,42.0,2,name+zip,True
2017,d01929,2017|cand|Jill Grano,100.0,1,name+zip,True
2017,d01968,2017|cand|Jill Grano,50.0,1,name+zip,True
2017,d02034,2017|cand|Jill Grano,100.0,1,name+zip,True
2017,d02104,2017|cand|Jill Grano,50.0,1,name+zip,True
2017,d02149,2017|cand|Jill Grano,25.0,1,name+zip,True
2017,d02152,2017|cand|Jill Grano,54.0,1,name+zip,True
2017,d02176,2017|cand|Jill Grano,100.0,1,name+zip,True
2017,d02192,2017|cand|Jill Grano,100.0,1,name+zip,True
2017,d02194,2017|cand|Jill Grano,100.0,1,name+zip,True
2017,d02223,2017|cand|Jill Grano,100.0,1,name+zip,True
2017,d02224,2017|cand|Jill Grano,50.0,1,name+zip,True
2017,d02298,2017|cand|Jill Grano,25.0,1,name+zip,True
2017,d02360,2017|cand|Jill Grano,100.0,1,name+zip,True
2017,d02413,2017|cand|Jill Grano,100.0,1,name+zip,True
2017,d02427,2017|cand|Jill Grano,50.0,1,name+zip,True
2017,d02497,2017|cand|Jill Grano,25.0,1,name+zip,True
2017,d02519,2017|cand|Jill Grano,100.0,1,name+zip,True
2017,d02560,2017|cand|Jill Grano,99.0,1,name+zip,True
2017,d02629,2017|cand|Jill Grano,25.0,1,name+zip,True
2017,d02765,2017|cand|Jill Grano,100.0,1,name+zip,True
2017,d02781,2017|cand|Jill Grano,25.0,1,name+zip,True
2017,d02939,2017|cand|Jill Grano,100.0,1,name+zip,True
2017,d02943,2017|cand|Jill Grano,50.0,1,name+zip,True
2017,d02952,2017|cand|Jill Grano,50.0,1,name+zip,True
2017,d02960,2017|cand|Jill Grano,100.0,1,name+zip,True
2017,d02990,2017|cand|Jill Grano,75.0,1,name+zip,True
2017,d03061,2017|cand|Jill Grano,100.0,1,name+zip,True
2017,d03064,2017|cand|Jill Grano,25.0,1,name+zip,True
2017,d03088,2017|cand|Jill Grano,100.0,1,name+zip,True
2017,d03180,2017|cand|Jill Grano,25.0,1,name+zip,True
2017,d03286,2017|cand|Jill Grano,50.0,1,name+zip,True
2017,d03288,2017|cand|Jill Grano,25.0,1,name+zip,True
2017,d03451,2017|cand|Jill Grano,100.0,1,name+zip,True
2017,d03478,2017|cand|Jill Grano,100.0,1,name+zip,True
2017,d03505,2017|cand|Jill Grano,25.0,1,name+zip,True
2017,d03507,2017|cand|Jill Grano,50.0,1,name+zip,True
2017,d03529,2017|cand|Jill Grano,100.0,1,name+zip,True
2017,d03597,2017|cand|Jill Grano,100.0,1,name+zip,True
2017,d03652,2017|cand|Jill Grano,50.0,1,name+zip,True
2017,d03727,2017|cand|Jill Grano,50.0,1,name+zip,True
2017,d03747,2017|cand|Jill Grano,25.0,1,name+zip,True
2017,d03796,2017|cand|Jill Grano,100.0,1,name+zip,True
2017,d03830,2017|cand|Jill Grano,100.0,1,name+zip,True
2017,d03839,2017|cand|Jill Grano,100.0,1,name+zip,True
2017,d03857,2017|cand|Jill Grano,100.0,1,name+zip,True
2017,d03934,2017|cand|Jill Grano,100.0,1,name+zip,True
2017,d03973,2017|cand|Jill Grano,25.0,1,name+zip,True
2017,d04012,2017|cand|Jill Grano,100.0,1,name+zip,True
2017,d04020,2017|cand|Jill Grano,100.0,1,name+zip,True
2017,d04080,2017|cand|Jill Grano,100.0,1,name+zip,True
2017,d04161,2017|cand|Jill Grano,100.0,1,name+zip,True
2017,d04228,2017|cand|Jill Grano,25.0,1,name+zip,True
2017,d04359,2017|cand|Jill Grano,10.0,1,name+zip,True
2017,d04367,2017|cand|Jill Grano,100.0,1,name+zip,True
2017,d04373,2017|cand|Jill Grano,100.0,1,name+zip,True
2017,d04376,2017|cand|Jill Grano,100.0,1,name+zip,True
2017,d04403,2017|cand|Jill Grano,100.0,1,name+zip,True
2017,d04437,2017|cand|Jill Grano,30.0,1,name+zip,True
2017,d04479,2017|cand|Jill Grano,100.0,1,name+zip,True
2017,d04525,2017|cand|Jill Grano,100.0,1,name+zip,True
2017,d04526,2017|cand|Jill Grano,100.0,1,name+zip,True
2017,d04527,2017|cand|Jill Grano,100.0,1,name+zip,True
2017,d04558,2017|cand|Jill Grano,25.0,1,name+zip,True
2017,d04598,2017|cand|Jill Grano,50.0,1,name+zip,True
2017,d04641,2017|cand|Jill Grano,25.0,1,name+zip,True
2017,d04654,2017|cand|Jill Grano,50.0,1,name+zip,True
2017,d04682,2017|cand|Jill Grano,25.0,1,name+zip,True
2017,d04766,2017|cand|Jill Grano,10.0,1,name+zip,True
2017,d04800,2017|cand|Jill Grano,100.0,1,name+zip,True
2017,d04858,2017|cand|Jill Grano,50.0,1,name+zip,True
2017,d04877,2017|cand|Jill Grano,100.0,1,name+zip,True
2017,d04890,2017|cand|Jill Grano,100.0,1,name+zip,True
2017,d05026,2017|cand|Jill Grano,100.0,1,name+zip,True
2017,d05054,2017|cand|Jill Grano,100.0,1,name+zip,True
2017,d05068,2017|cand|Jill Grano,30.0,1,name+zip,True
2017,d05092,2017|cand|Jill Grano,25.0,1,name+zip,True
2017,d05205,2017|cand|Jill Grano,50.0,1,name+zip,True
2017,d05255,2017|cand|Jill Grano,75.0,1,name+zip,True
2017,d05357,2017|cand|Jill Grano,50.0,1,name+zip,True
2017,d05367,2017|cand|Jill Grano,100.0,1,name+zip,True
2017,d05443,2017|cand|Jill Grano,100.0,1,name+zip,True
2017,d05485,2017|cand|Jill Grano,75.0,1,name+zip,True
2017,d05550,2017|cand|Jill Grano,100.0,1,name+zip,True
2017,d05575,2017|cand|Jill Grano,25.0,1,name+zip,True
2017,d05627,2017|cand|Jill Grano,100.0,1,name+zip,True
2017,d05650,2017|cand|Jill Grano,100.0,1,name+zip,True
2017,d05776,2017|cand|Jill Grano,100.0,1,name+zip,True
2017,d05800,2017|cand|Jill Grano,100.0,1,name+zip,True
2017,d05823,2017|cand|Jill Grano,100.0,1,name+zip,True
2017,d06013,2017|cand|Jill Grano,100.0,1,name+zip,True
2017,d06144,2017|cand|Jill Grano,100.0,1,name+zip,True
2017,d06153,2017|cand|Jill Grano,75.0,1,name+zip,True
2017,d06166,2017|cand|Jill Grano,100.0,1,name+zip,True
2017,d06247,2017|cand|Jill Grano,100.0,1,name+zip,True
2017,d06367,2017|cand|Jill Grano,50.0,1,name+zip,True
2017,d06480,2017|cand|Jill Grano,25.0,1,name+zip,True
2017,d06528,2017|cand|Jill Grano,100.0,1,name+zip,True
2017,d06859,2017|cand|Jill Grano,100.0,1,name+zip,True
2017,d06878,2017|cand|Jill Grano,100.0,1,name+zip,True
2017,d06916,2017|cand|Jill Grano,100.0,1,name+zip,True
2017,d07016,2017|cand|Jill Grano,50.0,1,name+zip,True
2017,d07060,2017|cand|Jill Grano,100.0,1,name+zip,True
2017,d07160,2017|cand|Jill Grano,100.0,1,name+zip,True
2017,d07210,2017|cand|Jill Grano,100.0,1,name+zip,True
2017,d07284,2017|cand|Jill Grano,100.0,1,name+zip,True
2017,d07345,2017|cand|Jill Grano,100.0,1,name+zip,True
2017,d07382,2017|cand|Jill Grano,100.0,1,name+zip,True
2017,d07390,2017|cand|Jill Grano,50.0,1,name+zip,True
2017,d07440,2017|cand|Jill Grano,100.0,1,name+zip,True
2017,d07483,2017|cand|Jill Grano,100.0,1,name+zip,True
2017,d07557,2017|cand|Jill Grano,100.0,1,name+zip,True
2017,d07599,2017|cand|Jill Grano,25.0,1,name+zip,True
2017,d07606,2017|cand|Jill Grano,50.0,1,name+zip,True
2017,d07619,2017|cand|Jill Grano,100.0,1,name+zip,True
2017,d07665,2017|cand|Jill Grano,50.0,1,name+zip,True
2017,d07731,2017|cand|Jill Grano,50.0,1,name+zip,True
2017,d07871,2017|cand|Jill Grano,100.0,1,name+zip,True
2017,d07989,2017|cand|Jill Grano,100.0,1,name+zip,True
2017,d08004,2017|cand|Jill Grano,50.0,1,name+zip,True
2017,d08046,2017|cand|Jill Grano,100.0,2,name+zip,True
2017,d08078,2017|cand|Jill Grano,100.0,1,name+zip,True
2017,d08101,2017|cand|Jill Grano,100.0,1,name+zip,True
2017,d08126,2017|cand|Jill Grano,100.0,1,name+zip,True
2017,d00051,2017|cand|John Gerstle,100.0,1,name+zip,True
2017,d00079,2017|cand|John Gerstle,100.0,1,name+zip,True
2017,d00109,2017|cand|John Gerstle,50.0,1,name+zip,True
2017,d00113,2017|cand|John Gerstle,20.0,1,name+zip,True
2017,d00169,2017|cand|John Gerstle,100.0,1,name+zip,True
2017,d00177,2017|cand|John Gerstle,50.0,1,name+zip,True
2017,d00355,2017|cand|John Gerstle,100.0,1,name+zip,True
2017,d00447,2017|cand|John Gerstle,75.0,1,name+zip,True
2017,d00542,2017|cand|John Gerstle,99.0,1,name+zip,True
2017,d00555,2017|cand|John Gerstle,100.0,1,name+zip,True
2017,d00572,2017|cand|John Gerstle,100.0,1,name+zip,True
2017,d00604,2017|cand|John Gerstle,100.0,1,name+zip,True
2017,d00691,2017|cand|John Gerstle,100.0,1,name+zip,True
2017,d00775,2017|cand|John Gerstle,100.0,1,name+zip,True
2017,d00950,2017|cand|John Gerstle,100.0,1,name+zip,True
2017,d00973,2017|cand|John Gerstle,50.0,1,name+zip,True
2017,d01033,2017|cand|John Gerstle,100.0,1,name+zip,True
2017,d01057,2017|cand|John Gerstle,100.0,1,name+zip,True
2017,d01105,2017|cand|John Gerstle,50.0,1,name+zip,True
2017,d01120,2017|cand|John Gerstle,100.0,1,name+zip,True
2017,d01335,2017|cand|John Gerstle,50.0,1,name+zip,True
2017,d01396,2017|cand|John Gerstle,100.0,1,name+zip,True
2017,d01483,2017|cand|John Gerstle,25.0,1,name+zip,True
2017,d01555,2017|cand|John Gerstle,100.0,1,name+zip,True
2017,d01584,2017|cand|John Gerstle,100.0,1,name+zip,True
2017,d01591,2017|cand|John Gerstle,25.0,1,name+zip,True
2017,d01700,2017|cand|John Gerstle,50.0,1,name+zip,True
2017,d01708,2017|cand|John Gerstle,50.0,1,name+zip,True
2017,d01742,2017|cand|John Gerstle,100.0,1,name+zip,True
2017,d01755,2017|cand|John Gerstle,100.0,1,name+zip,True
2017,d01848,2017|cand|John Gerstle,50.0,1,name+zip,True
2017,d01924,2017|cand|John Gerstle,100.0,1,name+zip,True
2017,d01942,2017|cand|John Gerstle,50.0,1,name+zip,True
2017,d02055,2017|cand|John Gerstle,25.0,1,name+zip,True
2017,d02170,2017|cand|John Gerstle,100.0,1,name+zip,True
2017,d02200,2017|cand|John Gerstle,100.0,1,name+zip,True
2017,d02209,2017|cand|John Gerstle,100.0,1,name+zip,True
2017,d02216,2017|cand|John Gerstle,100.0,1,name+zip,True
2017,d02380,2017|cand|John Gerstle,100.0,1,name+zip,True
2017,d02415,2017|cand|John Gerstle,100.0,1,name+zip,True
2017,d02481,2017|cand|John Gerstle,50.0,1,name+zip,True
2017,d02630,2017|cand|John Gerstle,100.0,1,name+zip,True
2017,d02720,2017|cand|John Gerstle,35.0,1,name+zip,True
2017,d02775,2017|cand|John Gerstle,100.0,1,name+zip,True
2017,d02833,2017|cand|John Gerstle,100.0,1,name+zip,True
2017,d02895,2017|cand|John Gerstle,100.0,1,name+zip,True
2017,d02991,2017|cand|John Gerstle,100.0,1,name+zip,True
2017,d03050,2017|cand|John Gerstle,100.0,1,name+zip,True
2017,d03219,2017|cand|John Gerstle,100.0,1,name+zip,True
2017,d03301,2017|cand|John Gerstle,100.0,1,name+zip,True
2017,d03371,2017|cand|John Gerstle,100.0,1,name+zip,True
2017,d03385,2017|cand|John Gerstle,100.0,1,name+zip,True
2017,d03390,2017|cand|John Gerstle,100.0,1,name+zip,True
2017,d03417,2017|cand|John Gerstle,100.0,1,name+zip,True
2017,d03493,2017|cand|John Gerstle,200.0,1,name+zip,True
2017,d03581,2017|cand|John Gerstle,50.0,1,name+zip,True
2017,d03676,2017|cand|John Gerstle,25.0,1,name+zip,True
2017,d03693,2017|cand|John Gerstle,100.0,1,name+zip,True
2017,d03780,2017|cand|John Gerstle,100.0,1,name+zip,True
2017,d03814,2017|cand|John Gerstle,50.0,1,name+zip,True
2017,d03817,2017|cand|John Gerstle,100.0,1,name+zip,True
2017,d03842,2017|cand|John Gerstle,100.0,1,name+zip,True
2017,d03958,2017|cand|John Gerstle,100.0,1,name+zip,True
2017,d04097,2017|cand|John Gerstle,100.0,1,name+zip,True
2017,d04109,2017|cand|John Gerstle,100.0,2,name+zip,True
2017,d04248,2017|cand|John Gerstle,100.0,1,name+zip,True
2017,d04251,2017|cand|John Gerstle,100.0,1,name+zip,True
2017,d04283,2017|cand|John Gerstle,50.0,1,name+zip,True
2017,d04550,2017|cand|John Gerstle,100.0,1,name+zip,True
2017,d04564,2017|cand|John Gerstle,100.0,1,name+zip,True
2017,d04565,2017|cand|John Gerstle,50.0,1,name+zip,True
2017,d04598,2017|cand|John Gerstle,50.0,1,name+zip,True
2017,d04705,2017|cand|John Gerstle,100.0,1,name+zip,True
2017,d04892,2017|cand|John Gerstle,100.0,1,name+zip,True
2017,d04903,2017|cand|John Gerstle,100.0,1,name+zip,True
2017,d04965,2017|cand|John Gerstle,100.0,1,name+zip,True
2017,d05022,2017|cand|John Gerstle,50.0,1,name+zip,True
2017,d05081,2017|cand|John Gerstle,50.0,1,name+zip,True
2017,d05106,2017|cand|John Gerstle,50.0,1,name+zip,True
2017,d05140,2017|cand|John Gerstle,25.0,1,name+zip,True
2017,d05154,2017|cand|John Gerstle,100.0,1,name+zip,True
2017,d05185,2017|cand|John Gerstle,100.0,1,name+zip,True
2017,d05222,2017|cand|John Gerstle,100.0,1,name+zip,True
2017,d05239,2017|cand|John Gerstle,25.0,1,name+zip,True
2017,d05394,2017|cand|John Gerstle,100.0,1,name+zip,True
2017,d05428,2017|cand|John Gerstle,100.0,1,name+zip,True
2017,d05440,2017|cand|John Gerstle,25.0,1,name+zip,True
2017,d05579,2017|cand|John Gerstle,100.0,1,name+zip,True
2017,d05589,2017|cand|John Gerstle,100.0,1,name+zip,True
2017,d05619,2017|cand|John Gerstle,100.0,1,name+zip,True
2017,d05642,2017|cand|John Gerstle,50.0,1,name+zip,True
2017,d05766,2017|cand|John Gerstle,50.0,1,name+zip,True
2017,d06082,2017|cand|John Gerstle,100.0,1,name+zip,True
2017,d06095,2017|cand|John Gerstle,50.0,1,name+zip,True
2017,d06107,2017|cand|John Gerstle,100.0,1,name+zip,True
2017,d06151,2017|cand|John Gerstle,50.0,1,name+zip,True
2017,d06153,2017|cand|John Gerstle,75.0,1,name+zip,True
2017,d06189,2017|cand|John Gerstle,25.0,1,name+zip,True
2017,d06325,2017|cand|John Gerstle,100.0,1,name+zip,True
2017,d06353,2017|cand|John Gerstle,100.0,1,name+zip,True
2017,d06542,2017|cand|John Gerstle,100.0,1,name+zip,True
2017,d06566,2017|cand|John Gerstle,25.0,1,name+zip,True
2017,d06623,2017|cand|John Gerstle,100.0,1,name+zip,True
2017,d06737,2017|cand|John Gerstle,100.0,2,name+zip,True
2017,d06765,2017|cand|John Gerstle,25.0,2,name+zip,True
2017,d06908,2017|cand|John Gerstle,44.0,1,name+zip,True
2017,d06914,2017|cand|John Gerstle,100.0,1,name+zip,True
2017,d07023,2017|cand|John Gerstle,50.0,1,name+zip,True
2017,d07038,2017|cand|John Gerstle,100.0,1,name+zip,True
2017,d07085,2017|cand|John Gerstle,100.0,1,name+zip,True
2017,d07207,2017|cand|John Gerstle,100.0,1,name+zip,True
2017,d07249,2017|cand|John Gerstle,25.0,1,name+zip,True
2017,d07445,2017|cand|John Gerstle,100.0,1,name+zip,True
2017,d07466,2017|cand|John Gerstle,75.0,1,name+zip,True
2017,d07482,2017|cand|John Gerstle,100.0,1,name+zip,True
2017,d07728,2017|cand|John Gerstle,100.0,1,name+zip,True
2017,d07905,2017|cand|John Gerstle,250.0,1,name+zip,True
2017,d08001,2017|cand|John Gerstle,100.0,1,name+zip,True
2017,d08060,2017|cand|John Gerstle,10.0,1,name+zip,True
2017,d08067,2017|cand|John Gerstle,75.0,1,name+zip,True
2017,d00037,2017|cand|Maria Young,25.0,1,name+zip,False
2017,d00079,2017|cand|Maria Young,100.0,1,name+zip,True
2017,d00084,2017|cand|Maria Young,50.0,1,name+zip,False
2017,d00113,2017|cand|Maria Young,100.0,1,name+zip,True
2017,d00137,2017|cand|Maria Young,25.0,1,name+zip,False
2017,d00223,2017|cand|Maria Young,50.0,1,name+zip,False
2017,d00245,2017|cand|Maria Young,50.0,1,name+zip,False
2017,d00313,2017|cand|Maria Young,50.0,1,name+zip,False
2017,d00365,2017|cand|Maria Young,100.0,1,name+zip,False
2017,d00415,2017|cand|Maria Young,100.0,1,name+zip,False
2017,d00465,2017|cand|Maria Young,100.0,1,name+zip,False
2017,d00572,2017|cand|Maria Young,100.0,1,name+zip,True
2017,d00581,2017|cand|Maria Young,25.0,1,name+zip,True
2017,d00607,2017|cand|Maria Young,25.0,1,name+zip,False
2017,d00614,2017|cand|Maria Young,1.0,1,name+zip,False
2017,d00615,2017|cand|Maria Young,100.0,1,name+zip,False
2017,d00661,2017|cand|Maria Young,100.0,1,name+zip,False
2017,d00746,2017|cand|Maria Young,25.0,1,name+zip,False
2017,d00795,2017|cand|Maria Young,50.0,1,name+zip,False
2017,d00936,2017|cand|Maria Young,25.0,1,name+zip,False
2017,d00975,2017|cand|Maria Young,100.0,1,name+zip,False
2017,d01027,2017|cand|Maria Young,25.0,1,name+zip,False
2017,d01058,2017|cand|Maria Young,50.0,1,name+zip,False
2017,d01070,2017|cand|Maria Young,35.0,1,name+zip,False
2017,d01120,2017|cand|Maria Young,99.0,1,name+zip,True
2017,d01210,2017|cand|Maria Young,75.0,1,name+zip,True
2017,d01234,2017|cand|Maria Young,20.0,1,name+zip,False
2017,d01242,2017|cand|Maria Young,30.0,1,name+zip,True
2017,d01255,2017|cand|Maria Young,100.0,1,name+zip,True
2017,d01335,2017|cand|Maria Young,50.0,1,name+zip,True
2017,d01354,2017|cand|Maria Young,25.0,1,name+zip,False
2017,d01448,2017|cand|Maria Young,100.0,1,name+zip,True
2017,d01471,2017|cand|Maria Young,25.0,1,name+zip,False
2017,d01486,2017|cand|Maria Young,25.0,1,name+zip,False
2017,d01496,2017|cand|Maria Young,25.0,1,name+zip,False
2017,d01517,2017|cand|Maria Young,100.0,1,name+zip,True
2017,d01534,2017|cand|Maria Young,25.0,1,name+zip,False
2017,d01648,2017|cand|Maria Young,1.0,1,name+zip,False
2017,d01702,2017|cand|Maria Young,50.0,1,name+zip,False
2017,d01708,2017|cand|Maria Young,50.0,1,name+zip,True
2017,d01755,2017|cand|Maria Young,100.0,1,name+zip,True
2017,d01780,2017|cand|Maria Young,50.0,1,name+zip,False
2017,d01785,2017|cand|Maria Young,25.0,1,name+zip,False
2017,d01868,2017|cand|Maria Young,20.0,1,name+zip,False
2017,d01881,2017|cand|Maria Young,100.0,1,name+zip,False
2017,d02100,2017|cand|Maria Young,100.0,1,name+zip,False
2017,d02143,2017|cand|Maria Young,25.0,1,name+zip,False
2017,d02354,2017|cand|Maria Young,100.0,1,name+zip,False
2017,d02441,2017|cand|Maria Young,100.0,1,name+zip,False
2017,d02481,2017|cand|Maria Young,50.0,1,name+zip,True
2017,d02613,2017|cand|Maria Young,50.0,1,name+zip,False
2017,d02664,2017|cand|Maria Young,100.0,1,name+zip,False
2017,d02669,2017|cand|Maria Young,50.0,1,name+zip,True
2017,d02671,2017|cand|Maria Young,50.0,1,name+zip,True
2017,d02685,2017|cand|Maria Young,100.0,1,name+zip,False
2017,d02717,2017|cand|Maria Young,100.0,1,name+zip,True
2017,d02756,2017|cand|Maria Young,25.0,1,name+zip,True
2017,d02780,2017|cand|Maria Young,51.12,1,name+zip,True
2017,d02877,2017|cand|Maria Young,25.0,1,name+zip,False
2017,d02884,2017|cand|Maria Young,50.0,1,name+zip,False
2017,d02895,2017|cand|Maria Young,100.0,1,name+zip,True
2017,d03052,2017|cand|Maria Young,100.0,1,name+zip,False
2017,d03075,2017|cand|Maria Young,10.0,1,name+zip,False
2017,d03147,2017|cand|Maria Young,50.0,1,name+zip,False
2017,d03168,2017|cand|Maria Young,100.0,1,name+zip,True
2017,d03191,2017|cand|Maria Young,50.0,1,name+zip,False
2017,d03219,2017|cand|Maria Young,100.0,1,name+zip,True
2017,d03276,2017|cand|Maria Young,25.0,1,name+zip,True
2017,d03281,2017|cand|Maria Young,50.0,1,name+zip,True
2017,d03283,2017|cand|Maria Young,50.0,1,name+zip,False
2017,d03339,2017|cand|Maria Young,25.0,1,name+zip,True
2017,d03369,2017|cand|Maria Young,60.0,1,name+zip,True
2017,d03395,2017|cand|Maria Young,100.0,1,name+zip,False
2017,d03425,2017|cand|Maria Young,20.0,1,name+zip,False
2017,d03520,2017|cand|Maria Young,25.0,1,name+zip,False
2017,d03563,2017|cand|Maria Young,100.0,1,name+zip,True
2017,d03585,2017|cand|Maria Young,25.0,1,name+zip,True
2017,d03634,2017|cand|Maria Young,25.0,1,name+zip,True
2017,d03650,2017|cand|Maria Young,50.0,1,name+zip,True
2017,d03692,2017|cand|Maria Young,44.0,1,name+zip,False
2017,d03713,2017|cand|Maria Young,100.0,1,name+zip,False
2017,d03732,2017|cand|Maria Young,100.0,1,name+zip,True
2017,d03758,2017|cand|Maria Young,100.0,1,name+zip,False
2017,d03817,2017|cand|Maria Young,100.0,1,name+zip,True
2017,d03845,2017|cand|Maria Young,50.0,1,name+zip,False
2017,d03869,2017|cand|Maria Young,30.0,1,name+zip,False
2017,d03943,2017|cand|Maria Young,50.0,1,name+zip,True
2017,d03982,2017|cand|Maria Young,20.0,1,name+zip,False
2017,d03990,2017|cand|Maria Young,100.0,1,name+zip,False
2017,d04020,2017|cand|Maria Young,100.0,1,name+zip,True
2017,d04049,2017|cand|Maria Young,50.0,1,name+zip,False
2017,d04061,2017|cand|Maria Young,100.0,1,name+zip,False
2017,d04084,2017|cand|Maria Young,25.0,1,name+zip,True
2017,d04116,2017|cand|Maria Young,20.0,1,name+zip,False
2017,d04142,2017|cand|Maria Young,30.0,1,name+zip,False
2017,d04156,2017|cand|Maria Young,50.0,1,name+zip,True
2017,d04232,2017|cand|Maria Young,100.0,1,name+zip,False
2017,d04247,2017|cand|Maria Young,50.0,1,name+zip,True
2017,d04248,2017|cand|Maria Young,50.0,1,name+zip,True
2017,d04250,2017|cand|Maria Young,20.0,1,name+zip,False
2017,d04278,2017|cand|Maria Young,50.0,1,name+zip,False
2017,d04283,2017|cand|Maria Young,50.0,1,name+zip,True
2017,d04329,2017|cand|Maria Young,50.0,1,name+zip,False
2017,d04349,2017|cand|Maria Young,50.0,1,name+zip,False
2017,d04424,2017|cand|Maria Young,50.0,1,name+zip,True
2017,d04546,2017|cand|Maria Young,10.0,1,name+zip,True
2017,d04550,2017|cand|Maria Young,100.0,1,name+zip,True
2017,d04554,2017|cand|Maria Young,100.0,1,name+zip,False
2017,d04563,2017|cand|Maria Young,100.0,1,name+zip,False
2017,d04572,2017|cand|Maria Young,75.0,1,name+zip,False
2017,d04577,2017|cand|Maria Young,50.0,1,name+zip,False
2017,d04598,2017|cand|Maria Young,50.0,1,name+zip,True
2017,d04601,2017|cand|Maria Young,50.0,1,name+zip,True
2017,d04730,2017|cand|Maria Young,50.0,1,name+zip,False
2017,d04891,2017|cand|Maria Young,100.0,1,name+zip,True
2017,d05024,2017|cand|Maria Young,100.0,1,name+zip,True
2017,d05061,2017|cand|Maria Young,50.0,1,name+zip,False
2017,d05140,2017|cand|Maria Young,25.0,1,name+zip,True
2017,d05284,2017|cand|Maria Young,50.0,1,name+zip,False
2017,d05296,2017|cand|Maria Young,25.0,1,name+zip,False
2017,d05354,2017|cand|Maria Young,100.0,1,name+zip,False
2017,d05375,2017|cand|Maria Young,50.0,1,name+zip,False
2017,d05418,2017|cand|Maria Young,40.0,1,name+zip,True
2017,d05444,2017|cand|Maria Young,100.0,1,name+zip,False
2017,d05465,2017|cand|Maria Young,25.0,1,name+zip,False
2017,d05485,2017|cand|Maria Young,100.0,1,name+zip,True
2017,d05579,2017|cand|Maria Young,100.0,1,name+zip,True
2017,d05611,2017|cand|Maria Young,25.0,1,name+zip,True
2017,d05620,2017|cand|Maria Young,100.0,1,name+zip,False
2017,d05642,2017|cand|Maria Young,25.0,1,name+zip,True
2017,d05669,2017|cand|Maria Young,50.0,1,name+zip,False
2017,d05723,2017|cand|Maria Young,100.0,1,name+zip,False
2017,d05766,2017|cand|Maria Young,50.0,1,name+zip,True
2017,d05804,2017|cand|Maria Young,50.0,1,name+zip,False
2017,d06003,2017|cand|Maria Young,25.0,1,name+zip,False
2017,d06095,2017|cand|Maria Young,50.0,1,name+zip,True
2017,d06123,2017|cand|Maria Young,50.0,1,name+zip,True
2017,d06153,2017|cand|Maria Young,100.0,1,name+zip,True
2017,d06257,2017|cand|Maria Young,50.0,1,name+zip,False
2017,d06270,2017|cand|Maria Young,25.0,1,name+zip,True
2017,d06271,2017|cand|Maria Young,75.0,1,name+zip,True
2017,d06342,2017|cand|Maria Young,100.0,1,name+zip,True
2017,d06353,2017|cand|Maria Young,100.0,1,name+zip,True
2017,d06459,2017|cand|Maria Young,30.0,1,name+zip,False
2017,d06497,2017|cand|Maria Young,100.0,1,name+zip,True
2017,d06528,2017|cand|Maria Young,100.0,1,name+zip,True
2017,d06561,2017|cand|Maria Young,25.0,1,name+zip,False
2017,d06575,2017|cand|Maria Young,25.0,1,name+zip,False
2017,d06649,2017|cand|Maria Young,100.0,1,name+zip,False
2017,d06722,2017|cand|Maria Young,100.0,1,name+zip,True
2017,d06737,2017|cand|Maria Young,50.0,1,name+zip,True
2017,d06738,2017|cand|Maria Young,25.0,1,name+zip,False
2017,d06789,2017|cand|Maria Young,50.0,1,name+zip,False
2017,d06862,2017|cand|Maria Young,50.0,1,name+zip,False
2017,d07033,2017|cand|Maria Young,25.0,1,name+zip,False
2017,d07085,2017|cand|Maria Young,100.0,1,name+zip,True
2017,d07103,2017|cand|Maria Young,50.0,1,name+zip,False
2017,d07106,2017|cand|Maria Young,100.0,1,name+zip,False
2017,d07240,2017|cand|Maria Young,50.0,1,name+zip,False
2017,d07249,2017|cand|Maria Young,25.0,1,name+zip,True
2017,d07251,2017|cand|Maria Young,25.0,1,name+zip,False
2017,d07291,2017|cand|Maria Young,100.0,1,name+zip,False
2017,d07309,2017|cand|Maria Young,100.0,1,name+zip,False
2017,d07381,2017|cand|Maria Young,50.0,1,name+zip,True
2017,d07406,2017|cand|Maria Young,100.0,1,name+zip,False
2017,d07565,2017|cand|Maria Young,50.0,1,name+zip,True
2017,d07594,2017|cand|Maria Young,50.0,1,name+zip,False
2017,d07595,2017|cand|Maria Young,100.0,1,name+zip,False
2017,d07679,2017|cand|Maria Young,100.0,1,name+zip,True
2017,d08052,2017|cand|Maria Young,25.0,1,name+zip,False
2017,d08067,2017|cand|Maria Young,100.0,1,name+zip,True
2017,d08145,2017|cand|Maria Young,40.0,1,name+zip,False
2017,d00030,2017|cand|Mark McIntyre,100.0,1,name+zip,True
2017,d00050,2017|cand|Mark McIntyre,25.0,1,name+zip,True
2017,d00244,2017|cand|Mark McIntyre,100.0,1,name+zip,True
2017,d00333,2017|cand|Mark McIntyre,100.0,1,name+zip,True
2017,d00398,2017|cand|Mark McIntyre,100.0,1,name+zip,True
2017,d00426,2017|cand|Mark McIntyre,25.0,1,name+zip,True
2017,d00437,2017|cand|Mark McIntyre,100.0,1,name+zip,True
2017,d00453,2017|cand|Mark McIntyre,100.0,1,name+zip,True
2017,d00462,2017|cand|Mark McIntyre,35.0,1,name+zip,True
2017,d00583,2017|cand|Mark McIntyre,100.0,1,name+zip,True
2017,d00663,2017|cand|Mark McIntyre,200.0,2,name+zip,True
2017,d00715,2017|cand|Mark McIntyre,100.0,1,name+zip,True
2017,d00724,2017|cand|Mark McIntyre,100.0,1,name+zip,True
2017,d00730,2017|cand|Mark McIntyre,100.0,1,name+zip,True
2017,d00764,2017|cand|Mark McIntyre,25.0,1,name+zip,True
2017,d00868,2017|cand|Mark McIntyre,50.0,1,name+zip,True
2017,d00947,2017|cand|Mark McIntyre,100.0,1,name+zip,True
2017,d01000,2017|cand|Mark McIntyre,100.0,1,name+zip,True
2017,d01075,2017|cand|Mark McIntyre,100.0,1,name+zip,True
2017,d01230,2017|cand|Mark McIntyre,100.0,1,name+zip,True
2017,d01243,2017|cand|Mark McIntyre,50.0,1,name+zip,True
2017,d01313,2017|cand|Mark McIntyre,100.0,1,name+zip,True
2017,d01333,2017|cand|Mark McIntyre,100.0,1,name+zip,True
2017,d01561,2017|cand|Mark McIntyre,100.0,1,name+zip,True
2017,d01577,2017|cand|Mark McIntyre,100.0,1,name+zip,True
2017,d01599,2017|cand|Mark McIntyre,100.0,1,name+zip,True
2017,d01662,2017|cand|Mark McIntyre,100.0,1,name+zip,True
2017,d01725,2017|cand|Mark McIntyre,100.0,1,name+zip,True
2017,d01776,2017|cand|Mark McIntyre,100.0,1,name+zip,True
2017,d01819,2017|cand|Mark McIntyre,100.0,1,name+zip,True
2017,d01923,2017|cand|Mark McIntyre,100.0,1,name+zip,True
2017,d02233,2017|cand|Mark McIntyre,50.0,1,name+zip,True
2017,d02349,2017|cand|Mark McIntyre,50.0,1,name+zip,True
2017,d02536,2017|cand|Mark McIntyre,10.0,1,name+zip,True
2017,d02597,2017|cand|Mark McIntyre,100.0,1,name+zip,True
2017,d02610,2017|cand|Mark McIntyre,100.0,1,name+zip,True
2017,d02635,2017|cand|Mark McIntyre,20.0,1,name+zip,True
2017,d02725,2017|cand|Mark McIntyre,100.0,1,name+zip,True
2017,d02782,2017|cand|Mark McIntyre,100.0,1,name+zip,True
2017,d02797,2017|cand|Mark McIntyre,100.0,1,name+zip,True
2017,d02824,2017|cand|Mark McIntyre,100.0,1,name+zip,True
2017,d02930,2017|cand|Mark McIntyre,100.0,1,name+zip,True
2017,d03014,2017|cand|Mark McIntyre,25.0,1,name+zip,True
2017,d03070,2017|cand|Mark McIntyre,20.0,1,name+zip,True
2017,d03243,2017|cand|Mark McIntyre,100.0,1,name+zip,True
2017,d03286,2017|cand|Mark McIntyre,50.0,1,name+zip,True
2017,d03373,2017|cand|Mark McIntyre,25.0,1,name+zip,True
2017,d03374,2017|cand|Mark McIntyre,100.0,1,name+zip,True
2017,d03432,2017|cand|Mark McIntyre,100.0,1,name+zip,True
2017,d03478,2017|cand|Mark McIntyre,100.0,1,name+zip,True
2017,d03652,2017|cand|Mark McIntyre,50.0,1,name+zip,True
2017,d03677,2017|cand|Mark McIntyre,100.0,1,name+zip,True
2017,d03986,2017|cand|Mark McIntyre,50.0,1,name+zip,True
2017,d04031,2017|cand|Mark McIntyre,99.0,1,name+zip,True
2017,d04128,2017|cand|Mark McIntyre,100.0,1,name+zip,True
2017,d04134,2017|cand|Mark McIntyre,100.0,1,name+zip,True
2017,d04156,2017|cand|Mark McIntyre,50.0,1,name+zip,True
2017,d04654,2017|cand|Mark McIntyre,50.0,1,name+zip,True
2017,d04737,2017|cand|Mark McIntyre,100.0,1,name+zip,True
2017,d04755,2017|cand|Mark McIntyre,100.0,1,name+zip,True
2017,d04938,2017|cand|Mark McIntyre,25.0,1,name+zip,True
2017,d05034,2017|cand|Mark McIntyre,75.0,1,name+zip,True
2017,d05121,2017|cand|Mark McIntyre,100.0,1,name+zip,True
2017,d05153,2017|cand|Mark McIntyre,100.0,1,name+zip,True
2017,d05261,2017|cand|Mark McIntyre,100.0,1,name+zip,True
2017,d05289,2017|cand|Mark McIntyre,50.0,1,name+zip,True
2017,d05315,2017|cand|Mark McIntyre,50.0,1,name+zip,True
2017,d05348,2017|cand|Mark McIntyre,100.0,1,name+zip,True
2017,d05381,2017|cand|Mark McIntyre,100.0,1,name+zip,True
2017,d05441,2017|cand|Mark McIntyre,100.0,1,name+zip,True
2017,d05457,2017|cand|Mark McIntyre,100.0,1,name+zip,True
2017,d05506,2017|cand|Mark McIntyre,100.0,1,name+zip,True
2017,d05680,2017|cand|Mark McIntyre,100.0,1,name+zip,True
2017,d05725,2017|cand|Mark McIntyre,100.0,1,name+zip,True
2017,d05776,2017|cand|Mark McIntyre,100.0,1,name+zip,True
2017,d05947,2017|cand|Mark McIntyre,25.0,1,name+zip,True
2017,d06062,2017|cand|Mark McIntyre,25.0,1,name+zip,True
2017,d06090,2017|cand|Mark McIntyre,50.0,1,name+zip,True
2017,d06097,2017|cand|Mark McIntyre,100.0,1,name+zip,True
2017,d06226,2017|cand|Mark McIntyre,50.0,1,name+zip,True
2017,d06312,2017|cand|Mark McIntyre,100.0,1,name+zip,True
2017,d06336,2017|cand|Mark McIntyre,50.0,1,name+zip,True
2017,d06365,2017|cand|Mark McIntyre,50.0,1,name+zip,True
2017,d06423,2017|cand|Mark McIntyre,100.0,1,name+zip,True
2017,d06527,2017|cand|Mark McIntyre,100.0,1,name+zip,True
2017,d06537,2017|cand|Mark McIntyre,100.0,1,name+zip,True
2017,d06573,2017|cand|Mark McIntyre,25.0,1,name+zip,True
2017,d06586,2017|cand|Mark McIntyre,50.0,1,name+zip,True
2017,d06596,2017|cand|Mark McIntyre,100.0,1,name+zip,True
2017,d06639,2017|cand|Mark McIntyre,100.0,1,name+zip,True
2017,d06706,2017|cand|Mark McIntyre,25.0,1,name+zip,True
2017,d06708,2017|cand|Mark McIntyre,100.0,1,name+zip,True
2017,d06792,2017|cand|Mark McIntyre,50.0,1,name+zip,True
2017,d06801,2017|cand|Mark McIntyre,25.0,1,name+zip,True
2017,d06916,2017|cand|Mark McIntyre,100.0,1,name+zip,True
2017,d06940,2017|cand|Mark McIntyre,25.0,1,name+zip,True
2017,d06942,2017|cand|Mark McIntyre,100.0,1,name+zip,True
2017,d07030,2017|cand|Mark McIntyre,100.0,1,name+zip,True
2017,d07068,2017|cand|Mark McIntyre,100.0,1,name+zip,True
2017,d07088,2017|cand|Mark McIntyre,10.0,1,name+zip,True
2017,d07190,2017|cand|Mark McIntyre,100.0,1,name+zip,True
2017,d07227,2017|cand|Mark McIntyre,25.0,1,name+zip,True
2017,d07248,2017|cand|Mark McIntyre,10.0,1,name+zip,True
2017,d07333,2017|cand|Mark McIntyre,200.0,1,name+zip,True
2017,d07381,2017|cand|Mark McIntyre,50.0,1,name+zip,True
2017,d07390,2017|cand|Mark McIntyre,25.0,1,name+zip,True
2017,d07403,2017|cand|Mark McIntyre,50.0,1,name+zip,True
2017,d07440,2017|cand|Mark McIntyre,100.0,1,name+zip,True
2017,d07458,2017|cand|Mark McIntyre,100.0,1,name+zip,True
2017,d07538,2017|cand|Mark McIntyre,71.0,1,name+zip,True
2017,d07568,2017|cand|Mark McIntyre,25.0,1,name+zip,True
2017,d07708,2017|cand|Mark McIntyre,200.0,1,name+zip,True
2017,d07711,2017|cand|Mark McIntyre,100.0,1,name+zip,True
2017,d07768,2017|cand|Mark McIntyre,100.0,1,name+zip,True
2017,d07800,2017|cand|Mark McIntyre,50.0,1,name+zip,True
2017,d07860,2017|cand|Mark McIntyre,50.0,1,name+zip,True
2017,d07879,2017|cand|Mark McIntyre,25.0,1,name+zip,True
2017,d07942,2017|cand|Mark McIntyre,100.0,1,name+zip,True
2017,d00024,2017|cand|Matthew Benjamin,50.0,1,name+zip,False
2017,d00069,2017|cand|Matthew Benjamin,20.0,1,name+zip,False
2017,d00098,2017|cand|Matthew Benjamin,10.0,1,name+zip,False
2017,d00144,2017|cand|Matthew Benjamin,25.0,1,name+zip,False
2017,d00163,2017|cand|Matthew Benjamin,100.0,1,name+zip,False
2017,d00197,2017|cand|Matthew Benjamin,100.0,1,name+zip,False
2017,d00322,2017|cand|Matthew Benjamin,25.0,1,name+zip,False
2017,d00524,2017|cand|Matthew Benjamin,25.0,1,name+zip,False
2017,d00554,2017|cand|Matthew Benjamin,100.0,1,name+zip,False
2017,d00557,2017|cand|Matthew Benjamin,100.0,1,name+zip,False
2017,d00995,2017|cand|Matthew Benjamin,25.0,1,name+zip,False
2017,d01095,2017|cand|Matthew Benjamin,25.0,1,name+zip,False
2017,d01272,2017|cand|Matthew Benjamin,25.0,1,name+zip,False
2017,d01439,2017|cand|Matthew Benjamin,25.0,1,name+zip,False
2017,d01470,2017|cand|Matthew Benjamin,100.0,1,name+zip,False
2017,d01518,2017|cand|Matthew Benjamin,100.0,1,name+zip,False
2017,d01541,2017|cand|Matthew Benjamin,25.0,1,name+zip,False
2017,d01575,2017|cand|Matthew Benjamin,100.0,1,name+zip,False
2017,d01611,2017|cand|Matthew Benjamin,40.0,1,name+zip,False
2017,d01668,2017|cand|Matthew Benjamin,100.0,1,name+zip,False
2017,d01787,2017|cand|Matthew Benjamin,50.0,1,name+zip,False
2017,d01803,2017|cand|Matthew Benjamin,100.0,1,name+zip,False
2017,d01865,2017|cand|Matthew Benjamin,100.0,1,name+zip,False
2017,d01934,2017|cand|Matthew Benjamin,25.69,1,name+zip,False
2017,d02174,2017|cand|Matthew Benjamin,100.0,1,name+zip,False
2017,d02180,2017|cand|Matthew Benjamin,100.0,1,name+zip,False
2017,d02301,2017|cand|Matthew Benjamin,25.0,1,name+zip,False
2017,d02412,2017|cand|Matthew Benjamin,50.0,1,name+zip,True
2017,d02559,2017|cand|Matthew Benjamin,100.0,1,name+zip,False
2017,d02650,2017|cand|Matthew Benjamin,100.0,1,name+zip,False
2017,d02787,2017|cand|Matthew Benjamin,100.0,1,name+zip,False
2017,d02805,2017|cand|Matthew Benjamin,90.0,1,name+zip,False
2017,d02938,2017|cand|Matthew Benjamin,100.0,1,name+zip,False
2017,d02961,2017|cand|Matthew Benjamin,100.0,1,name+zip,False
2017,d03237,2017|cand|Matthew Benjamin,25.0,1,name+zip,False
2017,d03248,2017|cand|Matthew Benjamin,100.0,1,name+zip,False
2017,d03328,2017|cand|Matthew Benjamin,25.0,1,name+zip,False
2017,d03438,2017|cand|Matthew Benjamin,50.0,1,name+zip,False
2017,d03444,2017|cand|Matthew Benjamin,200.0,2,name+zip,False
2017,d03944,2017|cand|Matthew Benjamin,90.0,1,name+zip,False
2017,d04032,2017|cand|Matthew Benjamin,100.0,1,name+zip,False
2017,d04144,2017|cand|Matthew Benjamin,25.0,1,name+zip,False
2017,d04149,2017|cand|Matthew Benjamin,25.0,1,name+zip,False
2017,d04225,2017|cand|Matthew Benjamin,100.0,1,name+zip,False
2017,d04241,2017|cand|Matthew Benjamin,50.0,2,name+zip,False
2017,d04264,2017|cand|Matthew Benjamin,50.0,1,name+zip,False
2017,d04276,2017|cand|Matthew Benjamin,25.0,1,name+zip,False
2017,d04501,2017|cand|Matthew Benjamin,25.0,1,name+zip,False
2017,d04675,2017|cand|Matthew Benjamin,25.0,1,name+zip,False
2017,d04679,2017|cand|Matthew Benjamin,100.0,1,name+zip,False
2017,d04745,2017|cand|Matthew Benjamin,100.0,1,name+zip,False
2017,d04959,2017|cand|Matthew Benjamin,100.0,1,name+zip,False
2017,d05015,2017|cand|Matthew Benjamin,100.0,1,name+zip,False
2017,d05134,2017|cand|Matthew Benjamin,50.0,1,name+zip,False
2017,d05136,2017|cand|Matthew Benjamin,100.0,1,name+zip,False
2017,d05208,2017|cand|Matthew Benjamin,100.0,1,name+zip,False
2017,d05268,2017|cand|Matthew Benjamin,100.0,1,name+zip,False
2017,d05313,2017|cand|Matthew Benjamin,50.0,1,name+zip,False
2017,d05373,2017|cand|Matthew Benjamin,75.0,1,name+zip,False
2017,d05395,2017|cand|Matthew Benjamin,100.0,1,name+zip,False
2017,d05427,2017|cand|Matthew Benjamin,30.0,1,name+zip,False
2017,d05583,2017|cand|Matthew Benjamin,100.0,1,name+zip,False
2017,d05681,2017|cand|Matthew Benjamin,100.0,1,name+zip,False
2017,d05709,2017|cand|Matthew Benjamin,100.0,1,name+zip,False
2017,d05753,2017|cand|Matthew Benjamin,100.0,1,name+zip,False
2017,d05817,2017|cand|Matthew Benjamin,50.0,1,name+zip,False
2017,d05830,2017|cand|Matthew Benjamin,100.0,1,name+zip,False
2017,d05849,2017|cand|Matthew Benjamin,100.0,1,name+zip,False
2017,d06034,2017|cand|Matthew Benjamin,100.0,1,name+zip,False
2017,d06102,2017|cand|Matthew Benjamin,25.0,1,name+zip,False
2017,d06120,2017|cand|Matthew Benjamin,25.0,1,name+zip,False
2017,d06207,2017|cand|Matthew Benjamin,100.0,1,name+zip,False
2017,d06275,2017|cand|Matthew Benjamin,100.0,1,name+zip,False
2017,d06403,2017|cand|Matthew Benjamin,100.0,1,name+zip,False
2017,d06442,2017|cand|Matthew Benjamin,25.0,1,name+zip,False
2017,d06498,2017|cand|Matthew Benjamin,100.0,1,name+zip,False
2017,d06499,2017|cand|Matthew Benjamin,25.0,1,name+zip,False
2017,d06757,2017|cand|Matthew Benjamin,25.0,1,name+zip,False
2017,d07137,2017|cand|Matthew Benjamin,100.0,1,name+zip,False
2017,d07145,2017|cand|Matthew Benjamin,50.0,1,name+zip,False
2017,d07182,2017|cand|Matthew Benjamin,50.0,1,name+zip,False
2017,d07267,2017|cand|Matthew Benjamin,100.0,1,name+zip,False
2017,d07331,2017|cand|Matthew Benjamin,100.0,1,name+zip,False
2017,d07369,2017|cand|Matthew Benjamin,25.0,1,name+zip,False
2017,d07643,2017|cand|Matthew Benjamin,50.0,1,name+zip,False
2017,d07870,2017|cand|Matthew Benjamin,25.0,1,name+zip,False
2017,d07902,2017|cand|Matthew Benjamin,25.0,1,name+zip,False
2017,d07990,2017|cand|Matthew Benjamin,25.0,1,name+zip,False
2017,d07998,2017|cand|Matthew Benjamin,25.0,1,name+zip,False
2017,d08035,2017|cand|Matthew Benjamin,100.0,1,name+zip,False
2017,d08099,2017|cand|Matthew Benjamin,25.0,1,name+zip,False
2017,d00032,2017|cand|Mirabai Nagle,25.0,1,name+zip,True
2017,d00079,2017|cand|Mirabai Nagle,100.0,1,name+zip,True
2017,d00101,2017|cand|Mirabai Nagle,50.0,1,name+zip,True
2017,d00225,2017|cand|Mirabai Nagle,100.0,1,name+zip,True
2017,d00226,2017|cand|Mirabai Nagle,25.0,1,name+zip,True
2017,d00232,2017|cand|Mirabai Nagle,75.0,1,name+zip,True
2017,d00491,2017|cand|Mirabai Nagle,35.0,1,name+zip,True
2017,d00542,2017|cand|Mirabai Nagle,25.0,1,name+zip,True
2017,d00553,2017|cand|Mirabai Nagle,50.0,1,name+zip,True
2017,d00572,2017|cand|Mirabai Nagle,100.0,1,name+zip,True
2017,d00667,2017|cand|Mirabai Nagle,50.0,1,name+zip,True
2017,d00714,2017|cand|Mirabai Nagle,50.0,1,name+zip,True
2017,d00778,2017|cand|Mirabai Nagle,20.0,1,name+zip,True
2017,d00967,2017|cand|Mirabai Nagle,25.0,1,name+zip,True
2017,d01033,2017|cand|Mirabai Nagle,50.0,1,name+zip,True
2017,d01057,2017|cand|Mirabai Nagle,100.0,1,name+zip,True
2017,d01068,2017|cand|Mirabai Nagle,20.0,1,name+zip,False
2017,d01120,2017|cand|Mirabai Nagle,100.0,1,name+zip,True
2017,d01181,2017|cand|Mirabai Nagle,25.0,1,name+zip,True
2017,d01292,2017|cand|Mirabai Nagle,25.0,1,name+zip,True
2017,d01335,2017|cand|Mirabai Nagle,100.0,1,name+zip,True
2017,d01417,2017|cand|Mirabai Nagle,50.0,1,name+zip,True
2017,d01460,2017|cand|Mirabai Nagle,25.0,1,name+zip,True
2017,d01483,2017|cand|Mirabai Nagle,25.0,1,name+zip,True
2017,d01546,2017|cand|Mirabai Nagle,35.0,1,name+zip,True
2017,d01555,2017|cand|Mirabai Nagle,100.0,1,name+zip,True
2017,d01565,2017|cand|Mirabai Nagle,100.0,1,name+zip,True
2017,d01591,2017|cand|Mirabai Nagle,50.0,1,name+zip,True
2017,d01682,2017|cand|Mirabai Nagle,100.0,1,name+zip,True
2017,d01708,2017|cand|Mirabai Nagle,100.0,1,name+zip,True
2017,d01744,2017|cand|Mirabai Nagle,25.0,1,name+zip,True
2017,d01755,2017|cand|Mirabai Nagle,100.0,1,name+zip,True
2017,d01779,2017|cand|Mirabai Nagle,100.0,1,name+zip,True
2017,d01824,2017|cand|Mirabai Nagle,100.0,1,name+zip,True
2017,d01848,2017|cand|Mirabai Nagle,50.0,1,name+zip,True
2017,d01960,2017|cand|Mirabai Nagle,100.0,1,name+zip,True
2017,d01999,2017|cand|Mirabai Nagle,25.0,1,name+zip,True
2017,d02055,2017|cand|Mirabai Nagle,25.0,1,name+zip,True
2017,d02162,2017|cand|Mirabai Nagle,25.0,1,name+zip,True
2017,d02209,2017|cand|Mirabai Nagle,100.0,1,name+zip,True
2017,d02216,2017|cand|Mirabai Nagle,100.0,1,name+zip,True
2017,d02220,2017|cand|Mirabai Nagle,100.0,1,name+zip,True
2017,d02246,2017|cand|Mirabai Nagle,100.0,1,name+zip,True
2017,d02378,2017|cand|Mirabai Nagle,50.0,1,name+zip,True
2017,d02380,2017|cand|Mirabai Nagle,100.0,1,name+zip,True
2017,d02481,2017|cand|Mirabai Nagle,100.0,1,name+zip,True
2017,d02540,2017|cand|Mirabai Nagle,25.0,1,name+zip,True
2017,d02574,2017|cand|Mirabai Nagle,50.0,1,name+zip,True
2017,d02618,2017|cand|Mirabai Nagle,25.0,1,name+zip,True
2017,d02657,2017|cand|Mirabai Nagle,25.0,1,name+zip,True
2017,d02660,2017|cand|Mirabai Nagle,100.0,1,name+zip,True
2017,d02662,2017|cand|Mirabai Nagle,50.0,1,name+zip,True
2017,d02741,2017|cand|Mirabai Nagle,25.0,1,name+zip,True
2017,d02775,2017|cand|Mirabai Nagle,100.0,1,name+zip,True
2017,d02815,2017|cand|Mirabai Nagle,25.0,1,name+zip,True
2017,d02867,2017|cand|Mirabai Nagle,25.0,1,name+zip,True
2017,d02895,2017|cand|Mirabai Nagle,50.0,1,name+zip,True
2017,d02921,2017|cand|Mirabai Nagle,25.0,1,name+zip,True
2017,d03086,2017|cand|Mirabai Nagle,25.0,1,name+zip,True
2017,d03165,2017|cand|Mirabai Nagle,100.0,1,name+zip,True
2017,d03211,2017|cand|Mirabai Nagle,100.0,1,name+zip,True
2017,d03219,2017|cand|Mirabai Nagle,100.0,1,name+zip,True
2017,d03269,2017|cand|Mirabai Nagle,100.0,1,name+zip,True
2017,d03301,2017|cand|Mirabai Nagle,100.0,1,name+zip,True
2017,d03370,2017|cand|Mirabai Nagle,75.0,2,name+zip,True
2017,d03371,2017|cand|Mirabai Nagle,100.0,1,name+zip,True
2017,d03390,2017|cand|Mirabai Nagle,100.0,1,name+zip,True
2017,d03424,2017|cand|Mirabai Nagle,25.0,1,name+zip,True
2017,d03493,2017|cand|Mirabai Nagle,100.0,1,name+zip,True
2017,d03508,2017|cand|Mirabai Nagle,25.0,1,name+zip,True
2017,d03569,2017|cand|Mirabai Nagle,100.0,1,name+zip,True
2017,d03645,2017|cand|Mirabai Nagle,100.0,1,name+zip,True
2017,d03650,2017|cand|Mirabai Nagle,50.0,1,name+zip,True
2017,d03693,2017|cand|Mirabai Nagle,100.0,1,name+zip,True
2017,d03873,2017|cand|Mirabai Nagle,50.0,1,name+zip,True
2017,d03906,2017|cand|Mirabai Nagle,100.0,1,name+zip,True
2017,d03955,2017|cand|Mirabai Nagle,25.0,1,name+zip,True
2017,d03958,2017|cand|Mirabai Nagle,50.0,1,name+zip,True
2017,d04111,2017|cand|Mirabai Nagle,50.0,1,name+zip,True
2017,d04248,2017|cand|Mirabai Nagle,50.0,1,name+zip,True
2017,d04283,2017|cand|Mirabai Nagle,100.0,1,name+zip,True
2017,d04370,2017|cand|Mirabai Nagle,25.0,1,name+zip,True
2017,d04392,2017|cand|Mirabai Nagle,25.0,1,name+zip,True
2017,d04397,2017|cand|Mirabai Nagle,100.0,1,name+zip,True
2017,d04409,2017|cand|Mirabai Nagle,100.0,1,name+zip,True
2017,d04454,2017|cand|Mirabai Nagle,50.0,1,name+zip,True
2017,d04550,2017|cand|Mirabai Nagle,100.0,1,name+zip,True
2017,d04565,2017|cand|Mirabai Nagle,50.0,1,name+zip,True
2017,d04739,2017|cand|Mirabai Nagle,75.0,1,name+zip,True
2017,d04892,2017|cand|Mirabai Nagle,100.0,1,name+zip,True
2017,d04903,2017|cand|Mirabai Nagle,100.0,1,name+zip,True
2017,d04962,2017|cand|Mirabai Nagle,100.0,1,name+zip,True
2017,d05019,2017|cand|Mirabai Nagle,50.0,1,name+zip,True
2017,d05022,2017|cand|Mirabai Nagle,50.0,1,name+zip,True
2017,d05106,2017|cand|Mirabai Nagle,25.0,1,name+zip,True
2017,d05124,2017|cand|Mirabai Nagle,100.0,1,name+zip,True
2017,d05140,2017|cand|Mirabai Nagle,100.0,1,name+zip,True
2017,d05144,2017|cand|Mirabai Nagle,50.0,1,name+zip,True
2017,d05239,2017|cand|Mirabai Nagle,25.0,1,name+zip,True
2017,d05365,2017|cand|Mirabai Nagle,100.0,2,name+zip,True
2017,d05411,2017|cand|Mirabai Nagle,50.0,1,name+zip,True
2017,d05440,2017|cand|Mirabai Nagle,25.0,1,name+zip,True
2017,d05458,2017|cand|Mirabai Nagle,100.0,1,name+zip,True
2017,d05482,2017|cand|Mirabai Nagle,100.0,1,name+zip,True
2017,d05485,2017|cand|Mirabai Nagle,75.0,1,name+zip,True
2017,d05579,2017|cand|Mirabai Nagle,100.0,1,name+zip,True
2017,d05592,2017|cand|Mirabai Nagle,100.0,1,name+zip,True
2017,d05600,2017|cand|Mirabai Nagle,50.0,1,name+zip,True
2017,d05619,2017|cand|Mirabai Nagle,100.0,1,name+zip,True
2017,d05642,2017|cand|Mirabai Nagle,25.0,1,name+zip,True
2017,d05685,2017|cand|Mirabai Nagle,25.0,1,name+zip,True
2017,d05700,2017|cand|Mirabai Nagle,100.0,1,name+zip,True
2017,d05734,2017|cand|Mirabai Nagle,25.0,1,name+zip,True
2017,d05766,2017|cand|Mirabai Nagle,50.0,1,name+zip,True
2017,d05837,2017|cand|Mirabai Nagle,100.0,1,name+zip,True
2017,d05896,2017|cand|Mirabai Nagle,25.0,1,name+zip,True
2017,d05920,2017|cand|Mirabai Nagle,20.0,1,name+zip,True
2017,d06095,2017|cand|Mirabai Nagle,50.0,1,name+zip,True
2017,d06151,2017|cand|Mirabai Nagle,50.0,1,name+zip,True
2017,d06168,2017|cand|Mirabai Nagle,100.0,1,name+zip,True
2017,d06189,2017|cand|Mirabai Nagle,25.0,1,name+zip,True
2017,d06277,2017|cand|Mirabai Nagle,100.0,1,name+zip,True
2017,d06326,2017|cand|Mirabai Nagle,75.0,1,name+zip,True
2017,d06345,2017|cand|Mirabai Nagle,100.0,1,name+zip,True
2017,d06611,2017|cand|Mirabai Nagle,50.0,1,name+zip,True
2017,d06623,2017|cand|Mirabai Nagle,100.0,1,name+zip,True
2017,d06737,2017|cand|Mirabai Nagle,100.0,2,name+zip,True
2017,d06765,2017|cand|Mirabai Nagle,25.0,2,name+zip,True
2017,d06778,2017|cand|Mirabai Nagle,75.0,2,name+zip,True
2017,d06837,2017|cand|Mirabai Nagle,50.0,1,name+zip,True
2017,d06908,2017|cand|Mirabai Nagle,50.0,1,name+zip,True
2017,d06920,2017|cand|Mirabai Nagle,100.0,1,name+zip,True
2017,d06961,2017|cand|Mirabai Nagle,50.0,1,name+zip,True
2017,d07038,2017|cand|Mirabai Nagle,100.0,1,name+zip,True
2017,d07085,2017|cand|Mirabai Nagle,100.0,1,name+zip,True
2017,d07207,2017|cand|Mirabai Nagle,100.0,1,name+zip,True
2017,d07302,2017|cand|Mirabai Nagle,25.0,1,name+zip,True
2017,d07307,2017|cand|Mirabai Nagle,20.0,1,name+zip,True
2017,d07364,2017|cand|Mirabai Nagle,25.0,1,name+zip,True
2017,d07482,2017|cand|Mirabai Nagle,100.0,1,name+zip,True
2017,d07523,2017|cand|Mirabai Nagle,50.0,1,name+zip,True
2017,d07620,2017|cand|Mirabai Nagle,50.0,1,name+zip,True
2017,d07669,2017|cand|Mirabai Nagle,100.0,1,name+zip,True
2017,d07710,2017|cand|Mirabai Nagle,100.0,1,name+zip,True
2017,d07728,2017|cand|Mirabai Nagle,100.0,1,name+zip,True
2017,d07772,2017|cand|Mirabai Nagle,100.0,1,name+zip,True
2017,d07900,2017|cand|Mirabai Nagle,50.0,1,name+zip,True
2017,d08008,2017|cand|Mirabai Nagle,75.0,1,name+zip,True
2017,d08018,2017|cand|Mirabai Nagle,100.0,1,name+zip,True
2017,d08028,2017|cand|Mirabai Nagle,100.0,1,name+zip,True
2017,d08031,2017|cand|Mirabai Nagle,100.0,1,name+zip,True
2017,d08067,2017|cand|Mirabai Nagle,25.0,1,name+zip,True
2017,d08069,2017|cand|Mirabai Nagle,50.0,1,name+zip,True
2017,d08134,2017|cand|Mirabai Nagle,25.0,1,name+zip,True
2017,d00050,2017|cand|Samuel Weaver,100.0,1,name+zip,True
2017,d00063,2017|cand|Samuel Weaver,50.0,1,name+zip,True
2017,d00079,2017|cand|Samuel Weaver,100.0,1,name+zip,True
2017,d00109,2017|cand|Samuel Weaver,75.0,1,name+zip,True
2017,d00113,2017|cand|Samuel Weaver,100.0,1,name+zip,True
2017,d00179,2017|cand|Samuel Weaver,50.0,1,name+zip,True
2017,d00477,2017|cand|Samuel Weaver,50.0,1,name+zip,True
2017,d00542,2017|cand|Samuel Weaver,50.0,1,name+zip,True
2017,d00553,2017|cand|Samuel Weaver,50.0,1,name+zip,True
2017,d00572,2017|cand|Samuel Weaver,100.0,1,name+zip,True
2017,d00581,2017|cand|Samuel Weaver,50.0,2,name+zip,True
2017,d00865,2017|cand|Samuel Weaver,100.0,1,name+zip,True
2017,d00868,2017|cand|Samuel Weaver,50.0,1,name+zip,True
2017,d00938,2017|cand|Samuel Weaver,50.0,1,name+zip,True
2017,d01022,2017|cand|Samuel Weaver,100.0,1,name+zip,True
2017,d01033,2017|cand|Samuel Weaver,50.0,1,name+zip,True
2017,d01057,2017|cand|Samuel Weaver,100.0,1,name+zip,True
2017,d01097,2017|cand|Samuel Weaver,100.0,1,name+zip,True
2017,d01105,2017|cand|Samuel Weaver,50.0,1,name+zip,True
2017,d01181,2017|cand|Samuel Weaver,25.0,1,name+zip,True
2017,d01229,2017|cand|Samuel Weaver,50.0,1,name+zip,True
2017,d01333,2017|cand|Samuel Weaver,100.0,1,name+zip,True
2017,d01335,2017|cand|Samuel Weaver,50.0,1,name+zip,True
2017,d01460,2017|cand|Samuel Weaver,25.0,1,name+zip,True
2017,d01555,2017|cand|Samuel Weaver,100.0,1,name+zip,True
2017,d01591,2017|cand|Samuel Weaver,25.0,1,name+zip,True
2017,d01708,2017|cand|Samuel Weaver,50.0,1,name+zip,True
2017,d01755,2017|cand|Samuel Weaver,100.0,1,name+zip,True
2017,d01848,2017|cand|Samuel Weaver,50.0,1,name+zip,True
2017,d01872,2017|cand|Samuel Weaver,25.0,1,name+zip,True
2017,d01942,2017|cand|Samuel Weaver,25.0,1,name+zip,True
2017,d01955,2017|cand|Samuel Weaver,50.0,1,name+zip,True
2017,d01979,2017|cand|Samuel Weaver,25.0,1,name+zip,True
2017,d02055,2017|cand|Samuel Weaver,25.0,1,name+zip,True
2017,d02067,2017|cand|Samuel Weaver,25.0,1,name+zip,True
2017,d02082,2017|cand|Samuel Weaver,100.0,1,name+zip,True
2017,d02114,2017|cand|Samuel Weaver,100.0,1,name+zip,True
2017,d02209,2017|cand|Samuel Weaver,100.0,1,name+zip,True
2017,d02346,2017|cand|Samuel Weaver,25.0,1,name+zip,True
2017,d02360,2017|cand|Samuel Weaver,20.0,1,name+zip,True
2017,d02481,2017|cand|Samuel Weaver,50.0,1,name+zip,True
2017,d02502,2017|cand|Samuel Weaver,30.0,1,name+zip,True
2017,d02560,2017|cand|Samuel Weaver,100.0,1,name+zip,True
2017,d02618,2017|cand|Samuel Weaver,50.0,1,name+zip,True
2017,d02720,2017|cand|Samuel Weaver,35.0,1,name+zip,True
2017,d02722,2017|cand|Samuel Weaver,25.0,1,name+zip,False
2017,d02727,2017|cand|Samuel Weaver,25.0,1,name+zip,True
2017,d02732,2017|cand|Samuel Weaver,50.0,1,name+zip,True
2017,d02827,2017|cand|Samuel Weaver,100.0,1,name+zip,True
2017,d02895,2017|cand|Samuel Weaver,100.0,1,name+zip,True
2017,d03006,2017|cand|Samuel Weaver,50.0,1,name+zip,True
2017,d03175,2017|cand|Samuel Weaver,100.0,1,name+zip,True
2017,d03219,2017|cand|Samuel Weaver,100.0,1,name+zip,True
2017,d03319,2017|cand|Samuel Weaver,25.0,1,name+zip,True
2017,d03381,2017|cand|Samuel Weaver,100.0,1,name+zip,True
2017,d03529,2017|cand|Samuel Weaver,100.0,1,name+zip,True
2017,d03661,2017|cand|Samuel Weaver,25.0,1,name+zip,True
2017,d03732,2017|cand|Samuel Weaver,100.0,1,name+zip,True
2017,d03817,2017|cand|Samuel Weaver,100.0,1,name+zip,True
2017,d03905,2017|cand|Samuel Weaver,35.0,1,name+zip,True
2017,d03906,2017|cand|Samuel Weaver,100.0,1,name+zip,True
2017,d03958,2017|cand|Samuel Weaver,100.0,1,name+zip,True
2017,d04020,2017|cand|Samuel Weaver,100.0,1,name+zip,True
2017,d04111,2017|cand|Samuel Weaver,50.0,1,name+zip,True
2017,d04156,2017|cand|Samuel Weaver,50.0,1,name+zip,True
2017,d04203,2017|cand|Samuel Weaver,100.0,1,name+zip,True
2017,d04236,2017|cand|Samuel Weaver,50.0,1,name+zip,True
2017,d04248,2017|cand|Samuel Weaver,100.0,1,name+zip,True
2017,d04279,2017|cand|Samuel Weaver,25.0,1,name+zip,True
2017,d04283,2017|cand|Samuel Weaver,50.0,1,name+zip,True
2017,d04287,2017|cand|Samuel Weaver,100.0,1,name+zip,True
2017,d04361,2017|cand|Samuel Weaver,100.0,1,name+zip,True
2017,d04414,2017|cand|Samuel Weaver,25.0,1,name+zip,True
2017,d04454,2017|cand|Samuel Weaver,50.0,1,name+zip,True
2017,d04565,2017|cand|Samuel Weaver,50.0,1,name+zip,True
2017,d04598,2017|cand|Samuel Weaver,50.0,1,name+zip,True
2017,d04621,2017|cand|Samuel Weaver,100.0,1,name+zip,True
2017,d04638,2017|cand|Samuel Weaver,50.0,1,name+zip,True
2017,d04643,2017|cand|Samuel Weaver,50.0,1,name+zip,True
2017,d04677,2017|cand|Samuel Weaver,25.0,1,name+zip,True
2017,d04746,2017|cand|Samuel Weaver,20.0,1,name+zip,True
2017,d04747,2017|cand|Samuel Weaver,75.0,1,name+zip,True
2017,d04891,2017|cand|Samuel Weaver,100.0,1,name+zip,True
2017,d04903,2017|cand|Samuel Weaver,100.0,1,name+zip,True
2017,d04949,2017|cand|Samuel Weaver,100.0,1,name+zip,True
2017,d04996,2017|cand|Samuel Weaver,100.0,1,name+zip,True
2017,d05022,2017|cand|Samuel Weaver,50.0,1,name+zip,True
2017,d05106,2017|cand|Samuel Weaver,25.0,1,name+zip,True
2017,d05111,2017|cand|Samuel Weaver,25.0,1,name+zip,True
2017,d05140,2017|cand|Samuel Weaver,25.0,1,name+zip,True
2017,d05152,2017|cand|Samuel Weaver,100.0,1,name+zip,True
2017,d05239,2017|cand|Samuel Weaver,100.0,2,name+zip,True
2017,d05246,2017|cand|Samuel Weaver,50.0,1,name+zip,True
2017,d05308,2017|cand|Samuel Weaver,30.0,1,name+zip,True
2017,d05349,2017|cand|Samuel Weaver,100.0,1,name+zip,True
2017,d05402,2017|cand|Samuel Weaver,100.0,1,name+zip,True
2017,d05440,2017|cand|Samuel Weaver,25.0,1,name+zip,True
2017,d05485,2017|cand|Samuel Weaver,100.0,1,name+zip,True
2017,d05579,2017|cand|Samuel Weaver,100.0,1,name+zip,True
2017,d05619,2017|cand|Samuel Weaver,100.0,1,name+zip,True
2017,d05642,2017|cand|Samuel Weaver,25.0,1,name+zip,True
2017,d05662,2017|cand|Samuel Weaver,50.0,1,name+zip,True
2017,d05698,2017|cand|Samuel Weaver,50.0,1,name+zip,True
2017,d05766,2017|cand|Samuel Weaver,50.0,1,name+zip,True
2017,d05819,2017|cand|Samuel Weaver,50.0,1,name+zip,True
2017,d05905,2017|cand|Samuel Weaver,50.0,1,name+zip,True
2017,d05925,2017|cand|Samuel Weaver,25.0,1,name+zip,True
2017,d05953,2017|cand|Samuel Weaver,100.0,1,name+zip,True
2017,d06073,2017|cand|Samuel Weaver,100.0,1,name+zip,True
2017,d06082,2017|cand|Samuel Weaver,25.0,1,name+zip,True
2017,d06095,2017|cand|Samuel Weaver,50.0,1,name+zip,True
2017,d06121,2017|cand|Samuel Weaver,100.0,1,name+zip,True
2017,d06153,2017|cand|Samuel Weaver,100.0,1,name+zip,True
2017,d06160,2017|cand|Samuel Weaver,100.0,1,name+zip,True
2017,d06166,2017|cand|Samuel Weaver,100.0,1,name+zip,True
2017,d06189,2017|cand|Samuel Weaver,25.0,1,name+zip,True
2017,d06297,2017|cand|Samuel Weaver,100.0,1,name+zip,True
2017,d06336,2017|cand|Samuel Weaver,50.0,1,name+zip,True
2017,d06353,2017|cand|Samuel Weaver,100.0,1,name+zip,True
2017,d06394,2017|cand|Samuel Weaver,50.0,1,name+zip,True
2017,d06437,2017|cand|Samuel Weaver,100.0,1,name+zip,True
2017,d06497,2017|cand|Samuel Weaver,100.0,1,name+zip,True
2017,d06541,2017|cand|Samuel Weaver,100.0,1,name+zip,True
2017,d06547,2017|cand|Samuel Weaver,100.0,1,name+zip,True
2017,d06565,2017|cand|Samuel Weaver,100.0,1,name+zip,True
2017,d06623,2017|cand|Samuel Weaver,50.0,1,name+zip,True
2017,d06682,2017|cand|Samuel Weaver,100.0,1,name+zip,True
2017,d06737,2017|cand|Samuel Weaver,50.0,1,name+zip,True
2017,d06765,2017|cand|Samuel Weaver,10.0,1,name+zip,True
2017,d06797,2017|cand|Samuel Weaver,51.0,2,name+zip,True
2017,d06906,2017|cand|Samuel Weaver,100.0,1,name+zip,True
2017,d06908,2017|cand|Samuel Weaver,44.0,1,name+zip,True
2017,d07030,2017|cand|Samuel Weaver,100.0,1,name+zip,True
2017,d07085,2017|cand|Samuel Weaver,100.0,1,name+zip,True
2017,d07234,2017|cand|Samuel Weaver,100.0,1,name+zip,True
2017,d07249,2017|cand|Samuel Weaver,25.0,1,name+zip,True
2017,d07381,2017|cand|Samuel Weaver,50.0,1,name+zip,True
2017,d07466,2017|cand|Samuel Weaver,50.0,1,name+zip,True
2017,d07496,2017|cand|Samuel Weaver,100.0,1,name+zip,True
2017,d07651,2017|cand|Samuel Weaver,25.0,1,name+zip,True
2017,d07900,2017|cand|Samuel Weaver,25.0,1,name+zip,True
2017,d07944,2017|cand|Samuel Weaver,50.0,1,name+zip,True
2017,d07947,2017|cand|Samuel Weaver,25.0,1,name+zip,True
2017,d07984,2017|cand|Samuel Weaver,100.0,1,name+zip,True
2017,d08008,2017|cand|Samuel Weaver,100.0,1,name+zip,True
2017,d08074,2017|cand|Samuel Weaver,50.0,1,name+zip,True
2017,d08152,2017|cand|Samuel Weaver,25.0,1,name+zip,True
2017,d00004,2017|cand|William Rigler,100.0,1,name+zip,True
2017,d00048,2017|cand|William Rigler,25.0,1,name+zip,True
2017,d00128,2017|cand|William Rigler,35.0,1,name+zip,True
2017,d00236,2017|cand|William Rigler,25.0,1,name+zip,True
2017,d00429,2017|cand|William Rigler,100.0,1,name+zip,True
2017,d00605,2017|cand|William Rigler,50.0,1,name+zip,True
2017,d00652,2017|cand|William Rigler,50.0,1,name+zip,True
2017,d00663,2017|cand|William Rigler,100.0,1,name+zip,True
2017,d00757,2017|cand|William Rigler,50.0,1,name+zip,True
2017,d00776,2017|cand|William Rigler,25.0,1,name+zip,True
2017,d00791,2017|cand|William Rigler,50.0,1,name+zip,True
2017,d00868,2017|cand|William Rigler,50.0,1,name+zip,True
2017,d00886,2017|cand|William Rigler,100.0,1,name+zip,True
2017,d01025,2017|cand|William Rigler,100.0,1,name+zip,True
2017,d01050,2017|cand|William Rigler,50.0,1,name+zip,True
2017,d01097,2017|cand|William Rigler,100.0,1,name+zip,True
2017,d01156,2017|cand|William Rigler,100.0,1,name+zip,True
2017,d01230,2017|cand|William Rigler,100.0,1,name+zip,True
2017,d01245,2017|cand|William Rigler,50.0,1,name+zip,True
2017,d01612,2017|cand|William Rigler,100.0,1,name+zip,False
2017,d01699,2017|cand|William Rigler,100.0,1,name+zip,True
2017,d01773,2017|cand|William Rigler,25.0,1,name+zip,True
2017,d01828,2017|cand|William Rigler,50.0,1,name+zip,True
2017,d01878,2017|cand|William Rigler,100.0,1,name+zip,True
2017,d01951,2017|cand|William Rigler,25.0,1,name+zip,True
2017,d01968,2017|cand|William Rigler,25.0,1,name+zip,True
2017,d02015,2017|cand|William Rigler,25.0,1,name+zip,True
2017,d02029,2017|cand|William Rigler,100.0,1,name+zip,True
2017,d02064,2017|cand|William Rigler,50.0,1,name+zip,True
2017,d02199,2017|cand|William Rigler,100.0,1,name+zip,True
2017,d02221,2017|cand|William Rigler,50.0,1,name+zip,True
2017,d02229,2017|cand|William Rigler,50.0,1,name+zip,True
2017,d02300,2017|cand|William Rigler,100.0,1,name+zip,True
2017,d02326,2017|cand|William Rigler,30.0,1,name+zip,True
2017,d02334,2017|cand|William Rigler,35.0,1,name+zip,True
2017,d02360,2017|cand|William Rigler,100.0,1,name+zip,True
2017,d02438,2017|cand|William Rigler,100.0,1,name+zip,True
2017,d02490,2017|cand|William Rigler,50.0,1,name+zip,True
2017,d02501,2017|cand|William Rigler,100.0,1,name+zip,True
2017,d02530,2017|cand|William Rigler,100.0,1,name+zip,True
2017,d02537,2017|cand|William Rigler,100.0,1,name+zip,True
2017,d02592,2017|cand|William Rigler,100.0,1,name+zip,True
2017,d02837,2017|cand|William Rigler,100.0,1,name+zip,True
2017,d02852,2017|cand|William Rigler,100.0,1,name+zip,True
2017,d02897,2017|cand|William Rigler,100.0,1,name+zip,True
2017,d02930,2017|cand|William Rigler,100.0,1,name+zip,True
2017,d02934,2017|cand|William Rigler,100.0,1,name+zip,True
2017,d03179,2017|cand|William Rigler,100.0,1,name+zip,True
2017,d03241,2017|cand|William Rigler,25.0,1,name+zip,True
2017,d03264,2017|cand|William Rigler,100.0,1,name+zip,True
2017,d03286,2017|cand|William Rigler,50.0,1,name+zip,True
2017,d03298,2017|cand|William Rigler,50.0,1,name+zip,True
2017,d03465,2017|cand|William Rigler,25.0,1,name+zip,True
2017,d03478,2017|cand|William Rigler,100.0,1,name+zip,True
2017,d03507,2017|cand|William Rigler,50.0,1,name+zip,True
2017,d03523,2017|cand|William Rigler,25.0,1,name+zip,True
2017,d03648,2017|cand|William Rigler,100.0,1,name+zip,True
2017,d03652,2017|cand|William Rigler,25.0,1,name+zip,True
2017,d03663,2017|cand|William Rigler,100.0,1,name+zip,True
2017,d03677,2017|cand|William Rigler,100.0,1,name+zip,True
2017,d03695,2017|cand|William Rigler,50.0,1,name+zip,True
2017,d03751,2017|cand|William Rigler,100.0,1,name+zip,True
2017,d03768,2017|cand|William Rigler,100.0,1,name+zip,True
2017,d03797,2017|cand|William Rigler,25.0,1,name+zip,True
2017,d03843,2017|cand|William Rigler,100.0,1,name+zip,True
2017,d03989,2017|cand|William Rigler,100.0,1,name+zip,True
2017,d04113,2017|cand|William Rigler,25.0,1,name+zip,True
2017,d04134,2017|cand|William Rigler,100.0,1,name+zip,True
2017,d04139,2017|cand|William Rigler,100.0,1,name+zip,True
2017,d04201,2017|cand|William Rigler,100.0,1,name+zip,True
2017,d04289,2017|cand|William Rigler,100.0,1,name+zip,True
2017,d04438,2017|cand|William Rigler,25.0,1,name+zip,True
2017,d04448,2017|cand|William Rigler,100.0,1,name+zip,True
2017,d04588,2017|cand|William Rigler,25.0,1,name+zip,True
2017,d04589,2017|cand|William Rigler,100.0,1,name+zip,True
2017,d04622,2017|cand|William Rigler,100.0,1,name+zip,True
2017,d04639,2017|cand|William Rigler,50.0,1,name+zip,True
2017,d04650,2017|cand|William Rigler,100.0,1,name+zip,True
2017,d04704,2017|cand|William Rigler,50.0,1,name+zip,True
2017,d04768,2017|cand|William Rigler,100.0,1,name+zip,True
2017,d04808,2017|cand|William Rigler,100.0,1,name+zip,True
2017,d04814,2017|cand|William Rigler,25.0,1,name+zip,True
2017,d04878,2017|cand|William Rigler,100.0,1,name+zip,True
2017,d05034,2017|cand|William Rigler,75.0,1,name+zip,True
2017,d05141,2017|cand|William Rigler,100.0,1,name+zip,True
2017,d05168,2017|cand|William Rigler,100.0,1,name+zip,True
2017,d05202,2017|cand|William Rigler,50.0,1,name+zip,True
2017,d05217,2017|cand|William Rigler,100.0,1,name+zip,True
2017,d05282,2017|cand|William Rigler,100.0,1,name+zip,True
2017,d05289,2017|cand|William Rigler,100.0,1,name+zip,True
2017,d05393,2017|cand|William Rigler,35.0,1,name+zip,True
2017,d05432,2017|cand|William Rigler,25.0,1,name+zip,True
2017,d05530,2017|cand|William Rigler,100.0,1,name+zip,True
2017,d05550,2017|cand|William Rigler,100.0,1,name+zip,True
2017,d05811,2017|cand|William Rigler,30.0,1,name+zip,True
2017,d05845,2017|cand|William Rigler,100.0,1,name+zip,True
2017,d05950,2017|cand|William Rigler,100.0,1,name+zip,True
2017,d06024,2017|cand|William Rigler,30.0,1,name+zip,True
2017,d06062,2017|cand|William Rigler,25.0,1,name+zip,True
2017,d06083,2017|cand|William Rigler,100.0,1,name+zip,True
2017,d06098,2017|cand|William Rigler,25.0,1,name+zip,True
2017,d06099,2017|cand|William Rigler,25.0,1,name+zip,True
2017,d06112,2017|cand|William Rigler,25.0,1,name+zip,True
2017,d06170,2017|cand|William Rigler,100.0,1,name+zip,True
2017,d06241,2017|cand|William Rigler,100.0,1,name+zip,True
2017,d06250,2017|cand|William Rigler,50.0,1,name+zip,True
2017,d06278,2017|cand|William Rigler,50.0,2,name+zip,True
2017,d06398,2017|cand|William Rigler,100.0,1,name+zip,True
2017,d06428,2017|cand|William Rigler,50.0,1,name+zip,True
2017,d06447,2017|cand|William Rigler,100.0,1,name+zip,True
2017,d06452,2017|cand|William Rigler,75.0,1,name+zip,True
2017,d06461,2017|cand|William Rigler,25.0,1,name+zip,True
2017,d06492,2017|cand|William Rigler,100.0,1,name+zip,True
2017,d06504,2017|cand|William Rigler,25.0,1,name+zip,True
2017,d06537,2017|cand|William Rigler,100.0,1,name+zip,True
2017,d06629,2017|cand|William Rigler,100.0,1,name+zip,True
2017,d06747,2017|cand|William Rigler,100.0,1,name+zip,True
2017,d06764,2017|cand|William Rigler,35.0,1,name+zip,True
2017,d06911,2017|cand|William Rigler,100.0,1,name+zip,True
2017,d06916,2017|cand|William Rigler,100.0,1,name+zip,True
2017,d07015,2017|cand|William Rigler,100.0,1,name+zip,True
2017,d07016,2017|cand|William Rigler,50.0,1,name+zip,True
2017,d07031,2017|cand|William Rigler,100.0,1,name+zip,True
2017,d07160,2017|cand|William Rigler,100.0,1,name+zip,True
2017,d07230,2017|cand|William Rigler,50.0,1,name+zip,True
2017,d07401,2017|cand|William Rigler,50.0,1,name+zip,True
2017,d07430,2017|cand|William Rigler,100.0,1,name+zip,True
2017,d07440,2017|cand|William Rigler,100.0,1,name+zip,True
2017,d07444,2017|cand|William Rigler,100.0,1,name+zip,True
2017,d07464,2017|cand|William Rigler,100.0,1,name+zip,True
2017,d07532,2017|cand|William Rigler,100.0,1,name+zip,True
2017,d07849,2017|cand|William Rigler,100.0,1,name+zip,True
2017,d07856,2017|cand|William Rigler,75.0,1,name+zip,True
2017,d07876,2017|cand|William Rigler,100.0,1,name+zip,True
2017,d07908,2017|cand|William Rigler,100.0,1,name+zip,True
2017,d07926,2017|cand|William Rigler,100.0,1,name+zip,True
2017,d08159,2017|cand|William Rigler,25.0,1,name+zip,True
2017,d00050,2017|issue|Community Culture Safety YES,100.0,1,name+zip,True
2017,d00079,2017|issue|Community Culture Safety YES,100.0,1,name+zip,True
2017,d00154,2017|issue|Community Culture Safety YES,15.0,1,name+zip,True
2017,d00272,2017|issue|Community Culture Safety YES,200.0,1,name+zip,True
2017,d00413,2017|issue|Community Culture Safety YES,20.0,1,name+zip,True
2017,d00559,2017|issue|Community Culture Safety YES,50.0,1,name+zip,True
2017,d00736,2017|issue|Community Culture Safety YES,50.0,1,name+zip,True
2017,d00835,2017|issue|Community Culture Safety YES,100.0,1,name+zip,True
2017,d01074,2017|issue|Community Culture Safety YES,50.0,1,name+zip,True
2017,d01177,2017|issue|Community Culture Safety YES,50.0,1,name+zip,True
2017,d01321,2017|issue|Community Culture Safety YES,4495.74,3,name+zip,True
2017,d01853,2017|issue|Community Culture Safety YES,25.0,1,name+zip,True
2017,d01968,2017|issue|Community Culture Safety YES,100.0,1,name+zip,True
2017,d02145,2017|issue|Community Culture Safety YES,220.0,1,name+zip,True
2017,d02316,2017|issue|Community Culture Safety YES,6.0,1,name+zip,True
2017,d02876,2017|issue|Community Culture Safety YES,50.0,1,name+zip,True
2017,d03045,2017|issue|Community Culture Safety YES,25.0,1,name+zip,True
2017,d03157,2017|issue|Community Culture Safety YES,50.0,1,name+zip,True
2017,d03593,2017|issue|Community Culture Safety YES,4562.0,3,name+zip,True
2017,d03599,2017|issue|Community Culture Safety YES,100.0,1,name+zip,True
2017,d03682,2017|issue|Community Culture Safety YES,48.13,1,name+zip,True
2017,d03778,2017|issue|Community Culture Safety YES,3161.0,1,name+zip,True
2017,d03785,2017|issue|Community Culture Safety YES,50.0,1,name+zip,True
2017,d03795,2017|issue|Community Culture Safety YES,10.0,1,name+zip,True
2017,d03872,2017|issue|Community Culture Safety YES,100.0,1,name+zip,True
2017,d04282,2017|issue|Community Culture Safety YES,33.0,1,name+zip,True
2017,d04412,2017|issue|Community Culture Safety YES,2080.0,1,name+zip,True
2017,d04591,2017|issue|Community Culture Safety YES,25.0,1,name+zip,True
2017,d04618,2017|issue|Community Culture Safety YES,25.0,1,name+zip,True
2017,d05210,2017|issue|Community Culture Safety YES,25.0,1,name+zip,True
2017,d05460,2017|issue|Community Culture Safety YES,35.0,1,name+zip,True
2017,d06016,2017|issue|Community Culture Safety YES,25.0,1,name+zip,True
2017,d06062,2017|issue|Community Culture Safety YES,15.0,1,name+zip,True
2017,d06188,2017|issue|Community Culture Safety YES,100.0,1,name+zip,True
2017,d06336,2017|issue|Community Culture Safety YES,50.0,1,name+zip,True
2017,d06636,2017|issue|Community Culture Safety YES,200.0,2,name+zip,True
2017,d07036,2017|issue|Community Culture Safety YES,40.0,1,name+zip,True
2017,d07155,2017|issue|Community Culture Safety YES,100.0,1,name+zip,True
2017,d07375,2017|issue|Community Culture Safety YES,100.0,1,name+zip,True
2017,d07494,2017|issue|Community Culture Safety YES,3540.0,1,name+zip,True
2017,d07502,2017|issue|Community Culture Safety YES,40.0,1,name+zip,True
2017,d07816,2017|issue|Community Culture Safety YES,2529.0,1,name+zip,True
2017,d07879,2017|issue|Community Culture Safety YES,25.0,1,name+zip,True
2017,d07888,2017|issue|Community Culture Safety YES,25.0,1,name+zip,True
2017,d08059,2017|issue|Community Culture Safety YES,150.0,1,name+zip,True
2017,d08119,2017|issue|Community Culture Safety YES,100.0,1,name+zip,True
2017,d00057,2017|issue|Empower Our Future,50.0,1,name+zip,False
2017,d00063,2017|issue|Empower Our Future,100.0,1,name+zip,True
2017,d00079,2017|issue|Empower Our Future,100.0,1,name+zip,True
2017,d00100,2017|issue|Empower Our Future,100.0,1,name+zip,True
2017,d00207,2017|issue|Empower Our Future,250.0,2,name+zip,True
2017,d00242,2017|issue|Empower Our Future,300.0,1,name+zip,True
2017,d00305,2017|issue|Empower Our Future,1000.0,1,name+zip,True
2017,d00411,2017|issue|Empower Our Future,20.0,1,name+zip,False
2017,d00417,2017|issue|Empower Our Future,250.0,1,name+zip,True
2017,d00483,2017|issue|Empower Our Future,100.0,1,name+zip,True
2017,d00543,2017|issue|Empower Our Future,1000.0,1,name+zip,True
2017,d00572,2017|issue|Empower Our Future,100.0,1,name+zip,True
2017,d00861,2017|issue|Empower Our Future,500.0,1,name+zip,True
2017,d00863,2017|issue|Empower Our Future,150.01999999999998,2,name+zip,True
2017,d00970,2017|issue|Empower Our Future,150.0,1,name+zip,True
2017,d00980,2017|issue|Empower Our Future,7000.0,1,name+zip,True
2017,d01006,2017|issue|Empower Our Future,50.0,1,name+zip,True
2017,d01089,2017|issue|Empower Our Future,2000.0,3,name+zip,True
2017,d01149,2017|issue|Empower Our Future,250.0,1,name+zip,False
2017,d01401,2017|issue|Empower Our Future,50.0,1,name+zip,True
2017,d01447,2017|issue|Empower Our Future,100.0,1,name+zip,True
2017,d01563,2017|issue|Empower Our Future,150.0,1,name+zip,True
2017,d01565,2017|issue|Empower Our Future,150.0,2,name+zip,True
2017,d01632,2017|issue|Empower Our Future,50.0,1,name+zip,True
2017,d01758,2017|issue|Empower Our Future,25.0,1,name+zip,True
2017,d01848,2017|issue|Empower Our Future,100.0,1,name+zip,True
2017,d02108,2017|issue|Empower Our Future,650.0,1,name+zip,True
2017,d02292,2017|issue|Empower Our Future,150.0,2,name+zip,True
2017,d02299,2017|issue|Empower Our Future,50.0,1,name+zip,True
2017,d02305,2017|issue|Empower Our Future,500.0,1,name+zip,False
2017,d02456,2017|issue|Empower Our Future,30.0,1,name+zip,True
2017,d02909,2017|issue|Empower Our Future,100.0,1,name+zip,True
2017,d03028,2017|issue|Empower Our Future,30.0,1,name+zip,True
2017,d03136,2017|issue|Empower Our Future,600.0,2,name+zip,True
2017,d03151,2017|issue|Empower Our Future,15.0,1,name+zip,True
2017,d03157,2017|issue|Empower Our Future,100.0,1,name+zip,True
2017,d03175,2017|issue|Empower Our Future,6350.0,2,name+zip,True
2017,d03181,2017|issue|Empower Our Future,200.0,2,name+zip,True
2017,d03342,2017|issue|Empower Our Future,1250.0,2,name+zip,True
2017,d03581,2017|issue|Empower Our Future,25.0,1,name+zip,True
2017,d03738,2017|issue|Empower Our Future,50.0,1,name+zip,True
2017,d03757,2017|issue|Empower Our Future,100.0,1,name+zip,True
2017,d03906,2017|issue|Empower Our Future,300.0,1,name+zip,True
2017,d04020,2017|issue|Empower Our Future,400.0,1,name+zip,True
2017,d04248,2017|issue|Empower Our Future,100.0,1,name+zip,True
2017,d04337,2017|issue|Empower Our Future,700.0,3,name+zip,True
2017,d04346,2017|issue|Empower Our Future,40.0,1,name+zip,False
2017,d04538,2017|issue|Empower Our Future,1000.0,1,name+zip,True
2017,d04640,2017|issue|Empower Our Future,150.0,1,name+zip,True
2017,d04677,2017|issue|Empower Our Future,150.0,1,name+zip,True
2017,d04854,2017|issue|Empower Our Future,100.0,1,name+zip,True
2017,d04898,2017|issue|Empower Our Future,50.0,1,name+zip,True
2017,d04962,2017|issue|Empower Our Future,20.0,1,name+zip,True
2017,d05047,2017|issue|Empower Our Future,50.0,1,name+zip,True
2017,d05106,2017|issue|Empower Our Future,200.0,1,name+zip,True
2017,d05205,2017|issue|Empower Our Future,100.0,1,name+zip,True
2017,d05245,2017|issue|Empower Our Future,25.0,1,name+zip,False
2017,d05259,2017|issue|Empower Our Future,25.0,1,name+zip,True
2017,d05360,2017|issue|Empower Our Future,300.0,2,name+zip,True
2017,d05485,2017|issue|Empower Our Future,895.0,2,name+zip,True
2017,d05501,2017|issue|Empower Our Future,100.0,1,name+zip,True
2017,d05612,2017|issue|Empower Our Future,25.0,1,name+zip,True
2017,d05662,2017|issue|Empower Our Future,100.0,1,name+zip,True
2017,d05672,2017|issue|Empower Our Future,50.0,1,name+zip,True
2017,d05759,2017|issue|Empower Our Future,100.0,1,name+zip,True
2017,d05936,2017|issue|Empower Our Future,374.84,1,name+zip,True
2017,d05953,2017|issue|Empower Our Future,100.0,1,name+zip,True
2017,d06060,2017|issue|Empower Our Future,50.0,1,name+zip,True
2017,d06082,2017|issue|Empower Our Future,50.0,1,name+zip,True
2017,d06153,2017|issue|Empower Our Future,200.0,1,name+zip,True
2017,d06172,2017|issue|Empower Our Future,100.0,1,name+zip,True
2017,d06262,2017|issue|Empower Our Future,100.0,1,name+zip,True
2017,d06297,2017|issue|Empower Our Future,250.0,1,name+zip,True
2017,d06311,2017|issue|Empower Our Future,100.0,1,name+zip,True
2017,d06497,2017|issue|Empower Our Future,350.0,1,name+zip,True
2017,d06761,2017|issue|Empower Our Future,100.0,1,name+zip,True
2017,d06819,2017|issue|Empower Our Future,150.0,1,name+zip,True
2017,d06829,2017|issue|Empower Our Future,250.0,1,name+zip,True
2017,d06960,2017|issue|Empower Our Future,10.0,1,name+zip,True
2017,d07128,2017|issue|Empower Our Future,50.0,1,name+zip,True
2017,d07141,2017|issue|Empower Our Future,20.0,1,name+zip,True
2017,d07343,2017|issue|Empower Our Future,10.0,1,name+zip,True
2017,d07372,2017|issue|Empower Our Future,100.0,1,name+zip,True
2017,d07513,2017|issue|Empower Our Future,300.0,1,name+zip,True
2017,d07562,2017|issue|Empower Our Future,100.0,1,name+zip,True
2017,d07587,2017|issue|Empower Our Future,10.0,1,name+zip,True
2017,d07772,2017|issue|Empower Our Future,100.0,1,name+zip,True
2017,d07789,2017|issue|Empower Our Future,1000.0,1,name+zip,False
2017,d07883,2017|issue|Empower Our Future,200.0,1,name+zip,True
2017,d07895,2017|issue|Empower Our Future,100.0,1,name+zip,False
2017,d08061,2017|issue|Empower Our Future,385.0,2,name+zip,False
2017,d08137,2017|issue|Empower Our Future,25.0,1,name+zip,True
2017,d00903,2017|issue|No on 2L,500.0,1,name+zip,True
2017,d01119,2017|issue|No on 2L,2000.0,1,name+zip,True
2017,d01356,2017|issue|No on 2L,100.0,1,name+zip,True
2017,d01359,2017|issue|No on 2L,2000.0,2,name+zip,True
2017,d01379,2017|issue|No on 2L,500.0,1,name+zip,True
2017,d01705,2017|issue|No on 2L,200.0,1,name+zip,True
2017,d01958,2017|issue|No on 2L,100.0,1,name+zip,True
2017,d02102,2017|issue|No on 2L,250.0,1,name+zip,True
2017,d02109,2017|issue|No on 2L,2000.0,1,name+zip,True
2017,d02309,2017|issue|No on 2L,1000.0,1,name+zip,True
2017,d02501,2017|issue|No on 2L,250.0,1,name+zip,True
2017,d02967,2017|issue|No on 2L,1000.0,1,name+zip,True
2017,d03001,2017|issue|No on 2L,65.0,2,name+zip,True
2017,d03426,2017|issue|No on 2L,200.0,1,name+zip,True
2017,d03648,2017|issue|No on 2L,500.0,1,name+zip,True
2017,d03717,2017|issue|No on 2L,100.0,1,name+zip,True
2017,d03863,2017|issue|No on 2L,100.0,1,name+zip,True
2017,d03883,2017|issue|No on 2L,200.0,1,name+zip,True
2017,d06337,2017|issue|No on 2L,500.0,1,name+zip,True
2017,d06838,2017|issue|No on 2L,100.0,1,name+zip,True
2017,d06971,2017|issue|No on 2L,30.0,1,name+zip,True
2017,d07440,2017|issue|No on 2L,36.0,1,name+zip,True
2017,d07935,2017|issue|No on 2L,200.0,1,name+zip,True
2017,d00951,2017|issue|PLAN Boulder County Issue Committee,50.0,1,name+zip,False
2017,d01452,2017|issue|PLAN Boulder County Issue Committee,75.0,1,name+zip,True
2017,d02026,2017|issue|PLAN Boulder County Issue Committee,100.0,1,name+zip,False
2017,d05106,2017|issue|PLAN Boulder County Issue Committee,25.0,1,name+zip,True
2017,d05316,2017|issue|PLAN Boulder County Issue Committee,50.0,1,name+zip,False
2017,d06216,2017|issue|PLAN Boulder County Issue Committee,65.0,1,name+zip,False
2017,d07335,2017|issue|PLAN Boulder County Issue Committee,100.0,1,name+zip,False
2017,d03137,2017|issue|Shrink Emissions Now,90.0,2,name+zip,False
2017,d05650,2017|issue|Sierra Club IPG Issue Committee,100.0,1,name+zip,True
2018,d00227,2018|issue|Healthy Kids; Healthy Boulder,36.0,1,name+zip,True
2018,d01084,2018|issue|Healthy Kids; Healthy Boulder,90.0,1,name+zip,True
2018,d02150,2018|issue|Healthy Kids; Healthy Boulder,672.0,1,name+zip,True
2018,d05875,2018|issue|Healthy Kids; Healthy Boulder,33553.0,3,name+zip,True
2018,d07853,2018|issue|Healthy Kids; Healthy Boulder,138.0,4,name+zip,True
2018,d02555,2018|issue|Hold Polluters Accountable,119.28,1,name+zip,True
2018,d06262,2018|issue|Hold Polluters Accountable,125.0,1,name+zip,True
2019,d00004,2019|cand|Aaron Brockett,100.0,1,name+zip,True
2019,d00050,2019|cand|Aaron Brockett,100.0,1,name+zip,True
2019,d00072,2019|cand|Aaron Brockett,20.0,1,name+zip,True
2019,d00074,2019|cand|Aaron Brockett,35.0,1,name+zip,True
2019,d00076,2019|cand|Aaron Brockett,25.0,1,name+zip,True
2019,d00106,2019|cand|Aaron Brockett,25.0,1,name+zip,True
2019,d00327,2019|cand|Aaron Brockett,100.0,1,name+zip,True
2019,d00335,2019|cand|Aaron Brockett,25.0,1,name+zip,True
2019,d00378,2019|cand|Aaron Brockett,25.0,1,name+zip,True
2019,d00413,2019|cand|Aaron Brockett,60.0,1,name+zip,True
2019,d00534,2019|cand|Aaron Brockett,25.0,1,name+zip,True
2019,d00559,2019|cand|Aaron Brockett,25.0,1,name+zip,True
2019,d00594,2019|cand|Aaron Brockett,20.0,1,name+zip,True
2019,d00612,2019|cand|Aaron Brockett,50.0,1,name+zip,True
2019,d00653,2019|cand|Aaron Brockett,25.0,1,name+zip,True
2019,d00802,2019|cand|Aaron Brockett,20.0,1,name+zip,True
2019,d00911,2019|cand|Aaron Brockett,50.0,1,name+zip,True
2019,d00923,2019|cand|Aaron Brockett,25.0,1,name+zip,True
2019,d00947,2019|cand|Aaron Brockett,100.0,1,name+zip,True
2019,d00956,2019|cand|Aaron Brockett,100.0,1,name+zip,True
2019,d01021,2019|cand|Aaron Brockett,100.0,1,name+zip,True
2019,d01024,2019|cand|Aaron Brockett,50.0,1,name+zip,True
2019,d01097,2019|cand|Aaron Brockett,50.0,1,name+zip,True
2019,d01177,2019|cand|Aaron Brockett,50.0,1,name+zip,True
2019,d01212,2019|cand|Aaron Brockett,50.0,1,name+zip,True
2019,d01230,2019|cand|Aaron Brockett,100.0,1,name+zip,True
2019,d01257,2019|cand|Aaron Brockett,50.0,1,name+zip,True
2019,d01265,2019|cand|Aaron Brockett,50.0,1,name+zip,True
2019,d01273,2019|cand|Aaron Brockett,50.0,1,name+zip,True
2019,d01333,2019|cand|Aaron Brockett,100.0,1,name+zip,True
2019,d01421,2019|cand|Aaron Brockett,100.0,1,name+zip,True
2019,d01455,2019|cand|Aaron Brockett,25.0,1,name+zip,True
2019,d01558,2019|cand|Aaron Brockett,100.0,1,name+zip,True
2019,d01662,2019|cand|Aaron Brockett,100.0,1,name+zip,True
2019,d01746,2019|cand|Aaron Brockett,50.0,1,name+zip,True
2019,d01928,2019|cand|Aaron Brockett,100.0,1,name+zip,True
2019,d01968,2019|cand|Aaron Brockett,100.0,2,name+zip,True
2019,d01970,2019|cand|Aaron Brockett,100.0,1,name+zip,True
2019,d02051,2019|cand|Aaron Brockett,50.0,1,name+zip,True
2019,d02098,2019|cand|Aaron Brockett,50.0,1,name+zip,True
2019,d02176,2019|cand|Aaron Brockett,100.0,1,name+zip,True
2019,d02187,2019|cand|Aaron Brockett,100.0,1,name+zip,True
2019,d02223,2019|cand|Aaron Brockett,100.0,1,name+zip,True
2019,d02360,2019|cand|Aaron Brockett,100.0,1,name+zip,True
2019,d02427,2019|cand|Aaron Brockett,100.0,1,name+zip,True
2019,d02428,2019|cand|Aaron Brockett,100.0,1,name+zip,True
2019,d02439,2019|cand|Aaron Brockett,50.0,1,name+zip,True
2019,d02501,2019|cand|Aaron Brockett,100.0,1,name+zip,True
2019,d02595,2019|cand|Aaron Brockett,50.0,1,name+zip,True
2019,d02612,2019|cand|Aaron Brockett,50.0,1,name+zip,True
2019,d02655,2019|cand|Aaron Brockett,25.0,1,name+zip,True
2019,d02760,2019|cand|Aaron Brockett,100.0,1,name+zip,True
2019,d02782,2019|cand|Aaron Brockett,100.0,1,name+zip,True
2019,d02812,2019|cand|Aaron Brockett,100.0,1,name+zip,True
2019,d02933,2019|cand|Aaron Brockett,50.0,1,name+zip,True
2019,d02954,2019|cand|Aaron Brockett,100.0,1,name+zip,True
2019,d03066,2019|cand|Aaron Brockett,100.0,1,name+zip,True
2019,d03104,2019|cand|Aaron Brockett,50.0,1,name+zip,True
2019,d03169,2019|cand|Aaron Brockett,100.0,1,name+zip,True
2019,d03170,2019|cand|Aaron Brockett,50.0,1,name+zip,True
2019,d03286,2019|cand|Aaron Brockett,50.0,1,name+zip,True
2019,d03373,2019|cand|Aaron Brockett,100.0,1,name+zip,True
2019,d03399,2019|cand|Aaron Brockett,100.0,1,name+zip,True
2019,d03428,2019|cand|Aaron Brockett,20.0,1,name+zip,True
2019,d03448,2019|cand|Aaron Brockett,100.0,1,name+zip,True
2019,d03478,2019|cand|Aaron Brockett,100.0,1,name+zip,True
2019,d03503,2019|cand|Aaron Brockett,50.0,1,name+zip,True
2019,d03506,2019|cand|Aaron Brockett,100.0,1,name+zip,True
2019,d03535,2019|cand|Aaron Brockett,100.0,1,name+zip,True
2019,d03536,2019|cand|Aaron Brockett,50.0,1,name+zip,True
2019,d03538,2019|cand|Aaron Brockett,100.0,1,name+zip,True
2019,d03542,2019|cand|Aaron Brockett,50.0,1,name+zip,True
2019,d03554,2019|cand|Aaron Brockett,50.0,1,name+zip,True
2019,d03580,2019|cand|Aaron Brockett,50.0,1,name+zip,True
2019,d03648,2019|cand|Aaron Brockett,100.0,1,name+zip,True
2019,d03652,2019|cand|Aaron Brockett,100.0,2,name+zip,True
2019,d03666,2019|cand|Aaron Brockett,50.0,1,name+zip,True
2019,d03677,2019|cand|Aaron Brockett,100.0,1,name+zip,True
2019,d03970,2019|cand|Aaron Brockett,100.0,1,name+zip,True
2019,d04012,2019|cand|Aaron Brockett,100.0,1,name+zip,True
2019,d04200,2019|cand|Aaron Brockett,50.0,1,name+zip,True
2019,d04368,2019|cand|Aaron Brockett,100.0,1,name+zip,True
2019,d04494,2019|cand|Aaron Brockett,100.0,1,name+zip,True
2019,d04509,2019|cand|Aaron Brockett,25.0,1,name+zip,True
2019,d04526,2019|cand|Aaron Brockett,50.0,1,name+zip,True
2019,d04535,2019|cand|Aaron Brockett,50.0,1,name+zip,True
2019,d04550,2019|cand|Aaron Brockett,100.0,1,name+zip,True
2019,d04793,2019|cand|Aaron Brockett,100.0,1,name+zip,True
2019,d05034,2019|cand|Aaron Brockett,100.0,1,name+zip,True
2019,d05051,2019|cand|Aaron Brockett,100.0,1,name+zip,True
2019,d05088,2019|cand|Aaron Brockett,100.0,1,name+zip,True
2019,d05112,2019|cand|Aaron Brockett,50.0,1,name+zip,True
2019,d05323,2019|cand|Aaron Brockett,100.0,1,name+zip,True
2019,d05325,2019|cand|Aaron Brockett,50.0,1,name+zip,True
2019,d05355,2019|cand|Aaron Brockett,50.0,1,name+zip,True
2019,d05460,2019|cand|Aaron Brockett,100.0,1,name+zip,True
2019,d05469,2019|cand|Aaron Brockett,17.77,1,name+zip,True
2019,d05485,2019|cand|Aaron Brockett,80.0,2,name+zip,True
2019,d05527,2019|cand|Aaron Brockett,100.0,1,name+zip,True
2019,d05543,2019|cand|Aaron Brockett,100.0,1,name+zip,True
2019,d05544,2019|cand|Aaron Brockett,100.0,1,name+zip,True
2019,d05547,2019|cand|Aaron Brockett,100.0,1,name+zip,True
2019,d05614,2019|cand|Aaron Brockett,100.0,1,name+zip,True
2019,d05629,2019|cand|Aaron Brockett,75.0,1,name+zip,True
2019,d05631,2019|cand|Aaron Brockett,25.0,1,name+zip,True
2019,d05666,2019|cand|Aaron Brockett,25.0,1,name+zip,True
2019,d05851,2019|cand|Aaron Brockett,100.0,1,name+zip,True
2019,d06040,2019|cand|Aaron Brockett,100.0,1,name+zip,True
2019,d06062,2019|cand|Aaron Brockett,25.0,1,name+zip,True
2019,d06150,2019|cand|Aaron Brockett,50.0,1,name+zip,True
2019,d06153,2019|cand|Aaron Brockett,100.0,1,name+zip,True
2019,d06304,2019|cand|Aaron Brockett,100.0,1,name+zip,True
2019,d06329,2019|cand|Aaron Brockett,50.0,1,name+zip,True
2019,d06370,2019|cand|Aaron Brockett,25.0,1,name+zip,True
2019,d06429,2019|cand|Aaron Brockett,100.0,1,name+zip,True
2019,d06486,2019|cand|Aaron Brockett,100.0,1,name+zip,True
2019,d06519,2019|cand|Aaron Brockett,40.0,1,name+zip,True
2019,d06528,2019|cand|Aaron Brockett,50.0,1,name+zip,True
2019,d06603,2019|cand|Aaron Brockett,25.0,1,name+zip,True
2019,d06683,2019|cand|Aaron Brockett,50.0,1,name+zip,True
2019,d06734,2019|cand|Aaron Brockett,50.0,1,name+zip,True
2019,d06774,2019|cand|Aaron Brockett,25.0,1,name+zip,True
2019,d06814,2019|cand|Aaron Brockett,50.0,1,name+zip,True
2019,d06876,2019|cand|Aaron Brockett,100.0,1,name+zip,True
2019,d06881,2019|cand|Aaron Brockett,100.0,1,name+zip,True
2019,d06916,2019|cand|Aaron Brockett,100.0,1,name+zip,True
2019,d06927,2019|cand|Aaron Brockett,50.0,1,name+zip,True
2019,d06931,2019|cand|Aaron Brockett,50.0,1,name+zip,True
2019,d07032,2019|cand|Aaron Brockett,100.0,1,name+zip,True
2019,d07163,2019|cand|Aaron Brockett,15.0,1,name+zip,True
2019,d07264,2019|cand|Aaron Brockett,100.0,1,name+zip,True
2019,d07353,2019|cand|Aaron Brockett,100.0,1,name+zip,True
2019,d07377,2019|cand|Aaron Brockett,100.0,1,name+zip,True
2019,d07469,2019|cand|Aaron Brockett,10.0,1,name+zip,True
2019,d07501,2019|cand|Aaron Brockett,100.0,1,name+zip,True
2019,d07611,2019|cand|Aaron Brockett,100.0,1,name+zip,True
2019,d07699,2019|cand|Aaron Brockett,100.0,1,name+zip,True
2019,d07731,2019|cand|Aaron Brockett,100.0,1,name+zip,True
2019,d07737,2019|cand|Aaron Brockett,70.0,1,name+zip,True
2019,d07910,2019|cand|Aaron Brockett,25.0,1,name+zip,True
2019,d07944,2019|cand|Aaron Brockett,50.0,1,name+zip,True
2019,d08008,2019|cand|Aaron Brockett,30.0,1,name+zip,True
2019,d08109,2019|cand|Aaron Brockett,100.0,1,name+zip,True
2019,d08155,2019|cand|Aaron Brockett,100.0,1,name+zip,True
2019,d00067,2019|cand|Adam Swetlik,100.0,1,name+zip,True
2019,d00079,2019|cand|Adam Swetlik,100.0,1,name+zip,True
2019,d00113,2019|cand|Adam Swetlik,100.0,1,name+zip,True
2019,d00226,2019|cand|Adam Swetlik,100.0,1,name+zip,True
2019,d00263,2019|cand|Adam Swetlik,25.0,1,name+zip,True
2019,d00287,2019|cand|Adam Swetlik,40.0,1,name+zip,True
2019,d00332,2019|cand|Adam Swetlik,100.0,1,name+zip,True
2019,d00440,2019|cand|Adam Swetlik,50.0,1,name+zip,True
2019,d00542,2019|cand|Adam Swetlik,100.0,1,name+zip,True
2019,d00561,2019|cand|Adam Swetlik,100.0,1,name+zip,True
2019,d00572,2019|cand|Adam Swetlik,100.0,1,name+zip,True
2019,d00775,2019|cand|Adam Swetlik,50.0,1,name+zip,True
2019,d00778,2019|cand|Adam Swetlik,25.0,1,name+zip,True
2019,d00871,2019|cand|Adam Swetlik,100.0,1,name+zip,True
2019,d00924,2019|cand|Adam Swetlik,25.0,1,name+zip,True
2019,d01039,2019|cand|Adam Swetlik,50.0,1,name+zip,True
2019,d01071,2019|cand|Adam Swetlik,50.0,1,name+zip,True
2019,d01105,2019|cand|Adam Swetlik,50.0,1,name+zip,True
2019,d01120,2019|cand|Adam Swetlik,25.0,1,name+zip,True
2019,d01131,2019|cand|Adam Swetlik,20.0,1,name+zip,True
2019,d01166,2019|cand|Adam Swetlik,100.0,1,name+zip,True
2019,d01342,2019|cand|Adam Swetlik,20.0,1,name+zip,True
2019,d01453,2019|cand|Adam Swetlik,100.0,1,name+zip,True
2019,d01473,2019|cand|Adam Swetlik,100.0,1,name+zip,True
2019,d01563,2019|cand|Adam Swetlik,50.0,1,name+zip,True
2019,d01565,2019|cand|Adam Swetlik,50.0,1,name+zip,True
2019,d01568,2019|cand|Adam Swetlik,100.0,1,name+zip,True
2019,d01591,2019|cand|Adam Swetlik,50.0,1,name+zip,True
2019,d01593,2019|cand|Adam Swetlik,25.0,1,name+zip,True
2019,d01605,2019|cand|Adam Swetlik,100.0,1,name+zip,True
2019,d01608,2019|cand|Adam Swetlik,99.69,1,name+zip,True
2019,d01664,2019|cand|Adam Swetlik,25.0,1,name+zip,True
2019,d01708,2019|cand|Adam Swetlik,20.0,1,name+zip,True
2019,d01723,2019|cand|Adam Swetlik,25.0,1,name+zip,True
2019,d01799,2019|cand|Adam Swetlik,50.0,1,name+zip,True
2019,d01848,2019|cand|Adam Swetlik,100.0,1,name+zip,True
2019,d01965,2019|cand|Adam Swetlik,50.0,2,name+zip,True
2019,d01975,2019|cand|Adam Swetlik,50.0,1,name+zip,True
2019,d02082,2019|cand|Adam Swetlik,100.0,1,name+zip,True
2019,d02086,2019|cand|Adam Swetlik,100.0,1,name+zip,True
2019,d02097,2019|cand|Adam Swetlik,100.0,1,name+zip,True
2019,d02144,2019|cand|Adam Swetlik,100.0,1,name+zip,True
2019,d02209,2019|cand|Adam Swetlik,100.0,1,name+zip,True
2019,d02271,2019|cand|Adam Swetlik,25.0,1,name+zip,True
2019,d02376,2019|cand|Adam Swetlik,25.0,1,name+zip,True
2019,d02447,2019|cand|Adam Swetlik,100.0,1,name+zip,True
2019,d02631,2019|cand|Adam Swetlik,25.0,1,name+zip,True
2019,d02731,2019|cand|Adam Swetlik,25.0,1,name+zip,True
2019,d02741,2019|cand|Adam Swetlik,25.0,1,name+zip,True
2019,d02898,2019|cand|Adam Swetlik,100.0,1,name+zip,True
2019,d02909,2019|cand|Adam Swetlik,25.0,1,name+zip,True
2019,d02991,2019|cand|Adam Swetlik,100.0,1,name+zip,True
2019,d03007,2019|cand|Adam Swetlik,20.0,1,name+zip,True
2019,d03038,2019|cand|Adam Swetlik,100.0,1,name+zip,True
2019,d03157,2019|cand|Adam Swetlik,25.0,1,name+zip,True
2019,d03182,2019|cand|Adam Swetlik,50.0,1,name+zip,True
2019,d03219,2019|cand|Adam Swetlik,100.0,1,name+zip,True
2019,d03371,2019|cand|Adam Swetlik,100.0,1,name+zip,True
2019,d03390,2019|cand|Adam Swetlik,50.0,1,name+zip,True
2019,d03490,2019|cand|Adam Swetlik,50.0,1,name+zip,True
2019,d03966,2019|cand|Adam Swetlik,100.0,1,name+zip,True
2019,d03977,2019|cand|Adam Swetlik,50.0,1,name+zip,True
2019,d03983,2019|cand|Adam Swetlik,100.0,1,name+zip,True
2019,d04081,2019|cand|Adam Swetlik,100.0,1,name+zip,True
2019,d04123,2019|cand|Adam Swetlik,100.0,1,name+zip,True
2019,d04178,2019|cand|Adam Swetlik,30.0,1,name+zip,True
2019,d04283,2019|cand|Adam Swetlik,100.0,1,name+zip,True
2019,d04481,2019|cand|Adam Swetlik,25.0,1,name+zip,True
2019,d04519,2019|cand|Adam Swetlik,50.0,1,name+zip,True
2019,d04655,2019|cand|Adam Swetlik,25.0,1,name+zip,True
2019,d04677,2019|cand|Adam Swetlik,50.0,1,name+zip,True
2019,d04705,2019|cand|Adam Swetlik,100.0,1,name+zip,True
2019,d04739,2019|cand|Adam Swetlik,100.0,1,name+zip,True
2019,d04764,2019|cand|Adam Swetlik,25.0,1,name+zip,True
2019,d04833,2019|cand|Adam Swetlik,25.0,1,name+zip,False
2019,d04865,2019|cand|Adam Swetlik,100.0,1,name+zip,True
2019,d04983,2019|cand|Adam Swetlik,100.0,1,name+zip,True
2019,d05014,2019|cand|Adam Swetlik,25.0,1,name+zip,True
2019,d05022,2019|cand|Adam Swetlik,100.0,1,name+zip,True
2019,d05106,2019|cand|Adam Swetlik,27.0,3,name+zip,True
2019,d05133,2019|cand|Adam Swetlik,25.0,1,name+zip,True
2019,d05140,2019|cand|Adam Swetlik,25.0,1,name+zip,True
2019,d05205,2019|cand|Adam Swetlik,100.0,1,name+zip,True
2019,d05229,2019|cand|Adam Swetlik,100.0,1,name+zip,True
2019,d05239,2019|cand|Adam Swetlik,100.0,1,name+zip,True
2019,d05411,2019|cand|Adam Swetlik,100.0,1,name+zip,True
2019,d05485,2019|cand|Adam Swetlik,50.0,1,name+zip,True
2019,d05579,2019|cand|Adam Swetlik,100.0,1,name+zip,True
2019,d05619,2019|cand|Adam Swetlik,70.0,1,name+zip,True
2019,d05628,2019|cand|Adam Swetlik,50.0,1,name+zip,True
2019,d05642,2019|cand|Adam Swetlik,100.0,1,name+zip,True
2019,d05653,2019|cand|Adam Swetlik,25.0,1,name+zip,True
2019,d05670,2019|cand|Adam Swetlik,25.0,1,name+zip,True
2019,d05755,2019|cand|Adam Swetlik,50.0,1,name+zip,True
2019,d05765,2019|cand|Adam Swetlik,100.0,1,name+zip,True
2019,d05790,2019|cand|Adam Swetlik,25.0,1,name+zip,True
2019,d05807,2019|cand|Adam Swetlik,25.0,1,name+zip,True
2019,d05825,2019|cand|Adam Swetlik,100.0,1,name+zip,True
2019,d05857,2019|cand|Adam Swetlik,100.0,1,name+zip,True
2019,d05867,2019|cand|Adam Swetlik,100.0,1,name+zip,True
2019,d05888,2019|cand|Adam Swetlik,100.0,1,name+zip,True
2019,d05953,2019|cand|Adam Swetlik,25.0,1,name+zip,True
2019,d05954,2019|cand|Adam Swetlik,50.0,2,name+zip,True
2019,d05972,2019|cand|Adam Swetlik,100.0,1,name+zip,True
2019,d05980,2019|cand|Adam Swetlik,100.0,1,name+zip,True
2019,d05990,2019|cand|Adam Swetlik,50.0,1,name+zip,True
2019,d06080,2019|cand|Adam Swetlik,100.0,1,name+zip,True
2019,d06095,2019|cand|Adam Swetlik,100.0,1,name+zip,True
2019,d06153,2019|cand|Adam Swetlik,100.0,1,name+zip,True
2019,d06174,2019|cand|Adam Swetlik,100.0,1,name+zip,True
2019,d06243,2019|cand|Adam Swetlik,50.0,1,name+zip,True
2019,d06311,2019|cand|Adam Swetlik,100.0,1,name+zip,True
2019,d06326,2019|cand|Adam Swetlik,100.0,1,name+zip,True
2019,d06404,2019|cand|Adam Swetlik,20.0,1,name+zip,True
2019,d06412,2019|cand|Adam Swetlik,100.0,1,name+zip,True
2019,d06497,2019|cand|Adam Swetlik,50.0,1,name+zip,True
2019,d06542,2019|cand|Adam Swetlik,100.0,1,name+zip,True
2019,d06544,2019|cand|Adam Swetlik,50.0,1,name+zip,True
2019,d06554,2019|cand|Adam Swetlik,100.0,1,name+zip,True
2019,d06566,2019|cand|Adam Swetlik,25.0,1,name+zip,True
2019,d06644,2019|cand|Adam Swetlik,20.0,1,name+zip,True
2019,d06710,2019|cand|Adam Swetlik,100.0,1,name+zip,True
2019,d06742,2019|cand|Adam Swetlik,100.0,1,name+zip,True
2019,d07038,2019|cand|Adam Swetlik,100.0,1,name+zip,True
2019,d07085,2019|cand|Adam Swetlik,100.0,1,name+zip,True
2019,d07118,2019|cand|Adam Swetlik,25.0,1,name+zip,True
2019,d07131,2019|cand|Adam Swetlik,100.0,1,name+zip,True
2019,d07207,2019|cand|Adam Swetlik,50.0,1,name+zip,True
2019,d07237,2019|cand|Adam Swetlik,25.0,1,name+zip,True
2019,d07249,2019|cand|Adam Swetlik,75.0,2,name+zip,True
2019,d07466,2019|cand|Adam Swetlik,100.0,1,name+zip,True
2019,d07523,2019|cand|Adam Swetlik,100.0,1,name+zip,True
2019,d07526,2019|cand|Adam Swetlik,100.0,1,name+zip,True
2019,d07530,2019|cand|Adam Swetlik,75.0,1,name+zip,True
2019,d07555,2019|cand|Adam Swetlik,20.0,1,name+zip,True
2019,d07655,2019|cand|Adam Swetlik,100.0,1,name+zip,True
2019,d07687,2019|cand|Adam Swetlik,75.0,1,name+zip,True
2019,d07712,2019|cand|Adam Swetlik,50.0,1,name+zip,True
2019,d07728,2019|cand|Adam Swetlik,200.0,2,name+zip,True
2019,d07760,2019|cand|Adam Swetlik,25.0,1,name+zip,True
2019,d07782,2019|cand|Adam Swetlik,50.0,1,name+zip,True
2019,d07798,2019|cand|Adam Swetlik,25.0,1,name+zip,True
2019,d07943,2019|cand|Adam Swetlik,100.0,1,name+zip,True
2019,d07963,2019|cand|Adam Swetlik,50.0,1,name+zip,True
2019,d08067,2019|cand|Adam Swetlik,50.0,1,name+zip,True
2019,d08139,2019|cand|Adam Swetlik,100.0,1,name+zip,True
2019,d00235,2019|cand|Andrew Celani,50.0,1,name+zip,True
2019,d00958,2019|cand|Andrew Celani,100.0,1,name+zip,True
2019,d01685,2019|cand|Andrew Celani,100.0,1,name+zip,True
2019,d02096,2019|cand|Andrew Celani,25.0,1,name+zip,True
2019,d02209,2019|cand|Andrew Celani,100.0,1,name+zip,True
2019,d02374,2019|cand|Andrew Celani,100.0,1,name+zip,True
2019,d02648,2019|cand|Andrew Celani,100.0,1,name+zip,True
2019,d04405,2019|cand|Andrew Celani,25.0,1,name+zip,True
2019,d05076,2019|cand|Andrew Celani,100.0,1,name+zip,True
2019,d07274,2019|cand|Andrew Celani,5.0,1,name+zip,True
2019,d00020,2019|cand|Benita Duran,100.0,1,name+zip,True
2019,d00106,2019|cand|Benita Duran,50.0,2,name+zip,True
2019,d00183,2019|cand|Benita Duran,100.0,1,name+zip,True
2019,d00198,2019|cand|Benita Duran,100.0,1,name+zip,True
2019,d00200,2019|cand|Benita Duran,100.0,1,name+zip,True
2019,d00215,2019|cand|Benita Duran,100.0,1,name+zip,True
2019,d00241,2019|cand|Benita Duran,25.0,1,name+zip,True
2019,d00248,2019|cand|Benita Duran,100.0,1,name+zip,True
2019,d00378,2019|cand|Benita Duran,25.0,1,name+zip,True
2019,d00432,2019|cand|Benita Duran,100.0,1,name+zip,True
2019,d00469,2019|cand|Benita Duran,50.0,1,name+zip,True
2019,d00579,2019|cand|Benita Duran,100.0,1,name+zip,True
2019,d00612,2019|cand|Benita Duran,25.0,1,name+zip,True
2019,d00669,2019|cand|Benita Duran,50.0,1,name+zip,True
2019,d00762,2019|cand|Benita Duran,25.0,1,name+zip,True
2019,d00842,2019|cand|Benita Duran,25.0,1,name+zip,True
2019,d00849,2019|cand|Benita Duran,100.0,1,name+zip,True
2019,d00914,2019|cand|Benita Duran,100.0,1,name+zip,True
2019,d00923,2019|cand|Benita Duran,25.0,1,name+zip,True
2019,d00960,2019|cand|Benita Duran,50.0,1,name+zip,True
2019,d01097,2019|cand|Benita Duran,50.0,1,name+zip,True
2019,d01230,2019|cand|Benita Duran,100.0,1,name+zip,True
2019,d01281,2019|cand|Benita Duran,50.0,1,name+zip,True
2019,d01287,2019|cand|Benita Duran,100.0,1,name+zip,True
2019,d01343,2019|cand|Benita Duran,50.0,1,name+zip,True
2019,d01410,2019|cand|Benita Duran,100.0,1,name+zip,True
2019,d01662,2019|cand|Benita Duran,100.0,1,name+zip,True
2019,d01698,2019|cand|Benita Duran,100.0,1,name+zip,True
2019,d01707,2019|cand|Benita Duran,50.0,1,name+zip,True
2019,d01789,2019|cand|Benita Duran,100.0,1,name+zip,True
2019,d01817,2019|cand|Benita Duran,100.0,1,name+zip,True
2019,d01898,2019|cand|Benita Duran,100.0,1,name+zip,True
2019,d01915,2019|cand|Benita Duran,25.0,1,name+zip,True
2019,d01968,2019|cand|Benita Duran,50.0,1,name+zip,True
2019,d02016,2019|cand|Benita Duran,25.0,1,name+zip,True
2019,d02023,2019|cand|Benita Duran,100.0,1,name+zip,True
2019,d02187,2019|cand|Benita Duran,100.0,1,name+zip,True
2019,d02217,2019|cand|Benita Duran,10.0,1,name+zip,True
2019,d02288,2019|cand|Benita Duran,100.0,1,name+zip,True
2019,d02348,2019|cand|Benita Duran,100.0,1,name+zip,True
2019,d02386,2019|cand|Benita Duran,100.0,1,name+zip,True
2019,d02391,2019|cand|Benita Duran,40.0,1,name+zip,True
2019,d02400,2019|cand|Benita Duran,100.0,1,name+zip,True
2019,d02427,2019|cand|Benita Duran,100.0,1,name+zip,True
2019,d02466,2019|cand|Benita Duran,20.0,1,name+zip,True
2019,d02595,2019|cand|Benita Duran,50.0,1,name+zip,True
2019,d02690,2019|cand|Benita Duran,100.0,1,name+zip,True
2019,d02905,2019|cand|Benita Duran,100.0,1,name+zip,True
2019,d02907,2019|cand|Benita Duran,100.0,1,name+zip,True
2019,d02986,2019|cand|Benita Duran,100.0,1,name+zip,True
2019,d03010,2019|cand|Benita Duran,100.0,1,name+zip,True
2019,d03022,2019|cand|Benita Duran,100.0,1,name+zip,True
2019,d03123,2019|cand|Benita Duran,25.0,1,name+zip,True
2019,d03286,2019|cand|Benita Duran,50.0,1,name+zip,True
2019,d03291,2019|cand|Benita Duran,100.0,1,name+zip,True
2019,d03318,2019|cand|Benita Duran,100.0,1,name+zip,True
2019,d03365,2019|cand|Benita Duran,100.0,1,name+zip,True
2019,d03399,2019|cand|Benita Duran,100.0,1,name+zip,True
2019,d03428,2019|cand|Benita Duran,20.0,1,name+zip,True
2019,d03448,2019|cand|Benita Duran,100.0,1,name+zip,True
2019,d03503,2019|cand|Benita Duran,50.0,1,name+zip,True
2019,d03529,2019|cand|Benita Duran,100.0,1,name+zip,True
2019,d03652,2019|cand|Benita Duran,25.0,1,name+zip,True
2019,d03709,2019|cand|Benita Duran,100.0,1,name+zip,True
2019,d03807,2019|cand|Benita Duran,25.0,1,name+zip,True
2019,d03828,2019|cand|Benita Duran,100.0,1,name+zip,True
2019,d03887,2019|cand|Benita Duran,25.0,1,name+zip,True
2019,d04062,2019|cand|Benita Duran,50.0,1,name+zip,True
2019,d04124,2019|cand|Benita Duran,100.0,1,name+zip,True
2019,d04156,2019|cand|Benita Duran,50.0,1,name+zip,True
2019,d04191,2019|cand|Benita Duran,100.0,1,name+zip,True
2019,d04218,2019|cand|Benita Duran,100.0,1,name+zip,True
2019,d04259,2019|cand|Benita Duran,100.0,1,name+zip,True
2019,d04415,2019|cand|Benita Duran,100.0,1,name+zip,True
2019,d04509,2019|cand|Benita Duran,25.0,1,name+zip,True
2019,d04570,2019|cand|Benita Duran,100.0,1,name+zip,True
2019,d04603,2019|cand|Benita Duran,100.0,1,name+zip,True
2019,d04627,2019|cand|Benita Duran,100.0,1,name+zip,True
2019,d04682,2019|cand|Benita Duran,50.0,1,name+zip,True
2019,d04772,2019|cand|Benita Duran,75.0,1,name+zip,True
2019,d04783,2019|cand|Benita Duran,100.0,1,name+zip,True
2019,d04860,2019|cand|Benita Duran,100.0,1,name+zip,True
2019,d04905,2019|cand|Benita Duran,100.0,1,name+zip,True
2019,d04925,2019|cand|Benita Duran,50.0,1,name+zip,True
2019,d04982,2019|cand|Benita Duran,100.0,1,name+zip,True
2019,d05034,2019|cand|Benita Duran,100.0,1,name+zip,True
2019,d05038,2019|cand|Benita Duran,100.0,1,name+zip,True
2019,d05139,2019|cand|Benita Duran,25.0,1,name+zip,True
2019,d05143,2019|cand|Benita Duran,50.0,1,name+zip,True
2019,d05403,2019|cand|Benita Duran,50.0,1,name+zip,True
2019,d05407,2019|cand|Benita Duran,100.0,1,name+zip,True
2019,d05460,2019|cand|Benita Duran,75.0,1,name+zip,True
2019,d05513,2019|cand|Benita Duran,100.0,1,name+zip,True
2019,d05544,2019|cand|Benita Duran,100.0,1,name+zip,True
2019,d05580,2019|cand|Benita Duran,50.0,1,name+zip,True
2019,d05597,2019|cand|Benita Duran,100.0,1,name+zip,True
2019,d05767,2019|cand|Benita Duran,100.0,1,name+zip,True
2019,d05776,2019|cand|Benita Duran,100.0,1,name+zip,True
2019,d06063,2019|cand|Benita Duran,100.0,1,name+zip,True
2019,d06122,2019|cand|Benita Duran,50.0,1,name+zip,True
2019,d06144,2019|cand|Benita Duran,100.0,1,name+zip,True
2019,d06150,2019|cand|Benita Duran,50.0,1,name+zip,True
2019,d06164,2019|cand|Benita Duran,25.0,1,name+zip,True
2019,d06199,2019|cand|Benita Duran,25.0,1,name+zip,True
2019,d06304,2019|cand|Benita Duran,100.0,1,name+zip,True
2019,d06336,2019|cand|Benita Duran,100.0,1,name+zip,True
2019,d06526,2019|cand|Benita Duran,100.0,1,name+zip,True
2019,d06541,2019|cand|Benita Duran,25.0,1,name+zip,True
2019,d06548,2019|cand|Benita Duran,100.0,1,name+zip,True
2019,d06582,2019|cand|Benita Duran,100.0,1,name+zip,True
2019,d06588,2019|cand|Benita Duran,100.0,1,name+zip,True
2019,d06602,2019|cand|Benita Duran,100.0,1,name+zip,True
2019,d06662,2019|cand|Benita Duran,100.0,1,name+zip,True
2019,d06680,2019|cand|Benita Duran,100.0,1,name+zip,True
2019,d06691,2019|cand|Benita Duran,100.0,1,name+zip,True
2019,d06781,2019|cand|Benita Duran,100.0,1,name+zip,True
2019,d06881,2019|cand|Benita Duran,100.0,1,name+zip,True
2019,d06901,2019|cand|Benita Duran,25.0,1,name+zip,True
2019,d06916,2019|cand|Benita Duran,100.0,1,name+zip,True
2019,d07006,2019|cand|Benita Duran,100.0,1,name+zip,True
2019,d07031,2019|cand|Benita Duran,100.0,1,name+zip,True
2019,d07032,2019|cand|Benita Duran,100.0,1,name+zip,True
2019,d07069,2019|cand|Benita Duran,100.0,1,name+zip,True
2019,d07166,2019|cand|Benita Duran,25.0,1,name+zip,True
2019,d07214,2019|cand|Benita Duran,100.0,1,name+zip,True
2019,d07296,2019|cand|Benita Duran,100.0,1,name+zip,True
2019,d07370,2019|cand|Benita Duran,50.0,1,name+zip,True
2019,d07424,2019|cand|Benita Duran,100.0,1,name+zip,True
2019,d07437,2019|cand|Benita Duran,100.0,1,name+zip,True
2019,d07469,2019|cand|Benita Duran,10.0,1,name+zip,True
2019,d07567,2019|cand|Benita Duran,100.0,1,name+zip,True
2019,d07630,2019|cand|Benita Duran,50.0,1,name+zip,True
2019,d07768,2019|cand|Benita Duran,100.0,1,name+zip,True
2019,d07785,2019|cand|Benita Duran,50.0,1,name+zip,True
2019,d07958,2019|cand|Benita Duran,100.0,1,name+zip,True
2019,d08139,2019|cand|Benita Duran,100.0,1,name+zip,True
2019,d00035,2019|cand|Brian Dolan,100.0,1,name+zip,True
2019,d00046,2019|cand|Brian Dolan,50.0,1,name+zip,False
2019,d00079,2019|cand|Brian Dolan,100.0,2,name+zip,True
2019,d00177,2019|cand|Brian Dolan,25.0,1,name+zip,True
2019,d00225,2019|cand|Brian Dolan,100.0,1,name+zip,True
2019,d00299,2019|cand|Brian Dolan,100.0,1,name+zip,False
2019,d00542,2019|cand|Brian Dolan,100.0,1,name+zip,True
2019,d00588,2019|cand|Brian Dolan,20.0,1,name+zip,True
2019,d00642,2019|cand|Brian Dolan,35.0,1,name+zip,False
2019,d00778,2019|cand|Brian Dolan,25.0,1,name+zip,True
2019,d00811,2019|cand|Brian Dolan,50.0,1,name+zip,True
2019,d00936,2019|cand|Brian Dolan,25.0,1,name+zip,False
2019,d00944,2019|cand|Brian Dolan,10.0,1,name+zip,True
2019,d00997,2019|cand|Brian Dolan,100.0,1,name+zip,False
2019,d01010,2019|cand|Brian Dolan,100.0,1,name+zip,False
2019,d01118,2019|cand|Brian Dolan,25.0,1,name+zip,False
2019,d01169,2019|cand|Brian Dolan,100.0,1,name+zip,True
2019,d01255,2019|cand|Brian Dolan,15.0,1,name+zip,True
2019,d01481,2019|cand|Brian Dolan,100.0,1,name+zip,False
2019,d01525,2019|cand|Brian Dolan,100.0,1,name+zip,False
2019,d01565,2019|cand|Brian Dolan,50.0,1,name+zip,True
2019,d01708,2019|cand|Brian Dolan,25.0,1,name+zip,True
2019,d01804,2019|cand|Brian Dolan,70.0,1,name+zip,False
2019,d01855,2019|cand|Brian Dolan,100.0,1,name+zip,True
2019,d01965,2019|cand|Brian Dolan,25.0,1,name+zip,True
2019,d01975,2019|cand|Brian Dolan,50.0,1,name+zip,True
2019,d02218,2019|cand|Brian Dolan,100.0,1,name+zip,False
2019,d02387,2019|cand|Brian Dolan,50.0,1,name+zip,False
2019,d02395,2019|cand|Brian Dolan,10.0,1,name+zip,True
2019,d02471,2019|cand|Brian Dolan,25.0,1,name+zip,True
2019,d02489,2019|cand|Brian Dolan,50.0,2,name+zip,True
2019,d02513,2019|cand|Brian Dolan,100.0,1,name+zip,False
2019,d02681,2019|cand|Brian Dolan,50.0,1,name+zip,False
2019,d02775,2019|cand|Brian Dolan,100.0,1,name+zip,True
2019,d02882,2019|cand|Brian Dolan,25.0,1,name+zip,True
2019,d02887,2019|cand|Brian Dolan,25.0,1,name+zip,False
2019,d03020,2019|cand|Brian Dolan,100.0,1,name+zip,False
2019,d03038,2019|cand|Brian Dolan,100.0,1,name+zip,True
2019,d03184,2019|cand|Brian Dolan,100.0,1,name+zip,False
2019,d03239,2019|cand|Brian Dolan,25.0,1,name+zip,False
2019,d03342,2019|cand|Brian Dolan,50.0,1,name+zip,True
2019,d03370,2019|cand|Brian Dolan,100.0,1,name+zip,True
2019,d03661,2019|cand|Brian Dolan,25.0,1,name+zip,True
2019,d03945,2019|cand|Brian Dolan,100.0,1,name+zip,False
2019,d03992,2019|cand|Brian Dolan,50.0,1,name+zip,False
2019,d04019,2019|cand|Brian Dolan,50.0,1,name+zip,False
2019,d04049,2019|cand|Brian Dolan,100.0,1,name+zip,False
2019,d04082,2019|cand|Brian Dolan,50.0,1,name+zip,False
2019,d04096,2019|cand|Brian Dolan,100.0,1,name+zip,False
2019,d04108,2019|cand|Brian Dolan,100.0,1,name+zip,False
2019,d04153,2019|cand|Brian Dolan,25.0,1,name+zip,True
2019,d04177,2019|cand|Brian Dolan,50.0,1,name+zip,False
2019,d04360,2019|cand|Brian Dolan,100.0,1,name+zip,True
2019,d04450,2019|cand|Brian Dolan,25.0,1,name+zip,True
2019,d04457,2019|cand|Brian Dolan,100.0,1,name+zip,True
2019,d04644,2019|cand|Brian Dolan,100.0,1,name+zip,False
2019,d04705,2019|cand|Brian Dolan,100.0,1,name+zip,True
2019,d04764,2019|cand|Brian Dolan,25.0,1,name+zip,True
2019,d04865,2019|cand|Brian Dolan,100.0,1,name+zip,True
2019,d04866,2019|cand|Brian Dolan,100.0,1,name+zip,False
2019,d04876,2019|cand|Brian Dolan,25.0,1,name+zip,True
2019,d04936,2019|cand|Brian Dolan,100.0,1,name+zip,True
2019,d04962,2019|cand|Brian Dolan,50.0,1,name+zip,True
2019,d04988,2019|cand|Brian Dolan,40.0,1,name+zip,True
2019,d05049,2019|cand|Brian Dolan,100.0,1,name+zip,False
2019,d05067,2019|cand|Brian Dolan,100.0,1,name+zip,False
2019,d05075,2019|cand|Brian Dolan,100.0,1,name+zip,False
2019,d05133,2019|cand|Brian Dolan,25.0,1,name+zip,True
2019,d05172,2019|cand|Brian Dolan,25.0,1,name+zip,False
2019,d05205,2019|cand|Brian Dolan,100.0,1,name+zip,True
2019,d05411,2019|cand|Brian Dolan,25.0,1,name+zip,True
2019,d05412,2019|cand|Brian Dolan,25.0,1,name+zip,False
2019,d05446,2019|cand|Brian Dolan,50.0,1,name+zip,True
2019,d05671,2019|cand|Brian Dolan,100.0,1,name+zip,False
2019,d05688,2019|cand|Brian Dolan,50.0,1,name+zip,True
2019,d05694,2019|cand|Brian Dolan,50.0,1,name+zip,False
2019,d05746,2019|cand|Brian Dolan,25.0,1,name+zip,True
2019,d05765,2019|cand|Brian Dolan,100.0,1,name+zip,True
2019,d05780,2019|cand|Brian Dolan,100.0,1,name+zip,True
2019,d05786,2019|cand|Brian Dolan,100.0,1,name+zip,True
2019,d05842,2019|cand|Brian Dolan,50.0,1,name+zip,False
2019,d05883,2019|cand|Brian Dolan,25.0,1,name+zip,False
2019,d05934,2019|cand|Brian Dolan,50.0,1,name+zip,False
2019,d05954,2019|cand|Brian Dolan,25.0,1,name+zip,True
2019,d06029,2019|cand|Brian Dolan,100.0,1,name+zip,False
2019,d06076,2019|cand|Brian Dolan,100.0,1,name+zip,True
2019,d06102,2019|cand|Brian Dolan,100.0,1,name+zip,False
2019,d06227,2019|cand|Brian Dolan,100.0,1,name+zip,True
2019,d06345,2019|cand|Brian Dolan,100.0,1,name+zip,True
2019,d06404,2019|cand|Brian Dolan,20.0,1,name+zip,True
2019,d06542,2019|cand|Brian Dolan,100.0,1,name+zip,True
2019,d06611,2019|cand|Brian Dolan,50.0,1,name+zip,True
2019,d06675,2019|cand|Brian Dolan,25.0,1,name+zip,True
2019,d06737,2019|cand|Brian Dolan,100.0,2,name+zip,True
2019,d06738,2019|cand|Brian Dolan,50.0,1,name+zip,False
2019,d06761,2019|cand|Brian Dolan,25.0,1,name+zip,True
2019,d06856,2019|cand|Brian Dolan,100.0,1,name+zip,False
2019,d06919,2019|cand|Brian Dolan,100.0,1,name+zip,False
2019,d07028,2019|cand|Brian Dolan,25.0,1,name+zip,True
2019,d07052,2019|cand|Brian Dolan,25.0,1,name+zip,True
2019,d07111,2019|cand|Brian Dolan,100.0,1,name+zip,False
2019,d07131,2019|cand|Brian Dolan,100.0,1,name+zip,True
2019,d07246,2019|cand|Brian Dolan,50.0,1,name+zip,False
2019,d07249,2019|cand|Brian Dolan,50.0,1,name+zip,True
2019,d07330,2019|cand|Brian Dolan,100.0,1,name+zip,False
2019,d07482,2019|cand|Brian Dolan,100.0,1,name+zip,True
2019,d07556,2019|cand|Brian Dolan,50.0,1,name+zip,True
2019,d07655,2019|cand|Brian Dolan,100.0,1,name+zip,True
2019,d07687,2019|cand|Brian Dolan,50.0,1,name+zip,True
2019,d07728,2019|cand|Brian Dolan,100.0,1,name+zip,True
2019,d07760,2019|cand|Brian Dolan,25.0,1,name+zip,True
2019,d07850,2019|cand|Brian Dolan,100.0,1,name+zip,True
2019,d07965,2019|cand|Brian Dolan,50.0,1,name+zip,False
2019,d08008,2019|cand|Brian Dolan,30.0,1,name+zip,True
2019,d08052,2019|cand|Brian Dolan,100.0,1,name+zip,False
2019,d08069,2019|cand|Brian Dolan,25.0,1,name+zip,True
2019,d00005,2019|cand|Corina Julca,25.0,1,name+zip,True
2019,d00064,2019|cand|Corina Julca,50.0,1,name+zip,True
2019,d00079,2019|cand|Corina Julca,100.0,1,name+zip,True
2019,d00113,2019|cand|Corina Julca,50.0,1,name+zip,True
2019,d00187,2019|cand|Corina Julca,50.0,1,name+zip,True
2019,d00224,2019|cand|Corina Julca,25.0,1,name+zip,True
2019,d00226,2019|cand|Corina Julca,100.0,1,name+zip,True
2019,d00250,2019|cand|Corina Julca,100.0,1,name+zip,True
2019,d00389,2019|cand|Corina Julca,25.0,1,name+zip,True
2019,d00486,2019|cand|Corina Julca,40.0,1,name+zip,True
2019,d00491,2019|cand|Corina Julca,25.0,1,name+zip,True
2019,d00504,2019|cand|Corina Julca,25.0,1,name+zip,True
2019,d00542,2019|cand|Corina Julca,50.0,1,name+zip,True
2019,d00572,2019|cand|Corina Julca,100.0,1,name+zip,True
2019,d00588,2019|cand|Corina Julca,10.0,1,name+zip,True
2019,d00766,2019|cand|Corina Julca,100.0,1,name+zip,True
2019,d00775,2019|cand|Corina Julca,50.0,1,name+zip,True
2019,d00778,2019|cand|Corina Julca,25.0,1,name+zip,True
2019,d00804,2019|cand|Corina Julca,25.0,1,name+zip,True
2019,d00828,2019|cand|Corina Julca,100.0,2,name+zip,True
2019,d01033,2019|cand|Corina Julca,25.0,1,name+zip,True
2019,d01115,2019|cand|Corina Julca,25.0,1,name+zip,True
2019,d01120,2019|cand|Corina Julca,25.0,1,name+zip,True
2019,d01131,2019|cand|Corina Julca,20.0,1,name+zip,True
2019,d01184,2019|cand|Corina Julca,50.0,1,name+zip,True
2019,d01224,2019|cand|Corina Julca,20.0,1,name+zip,True
2019,d01256,2019|cand|Corina Julca,25.0,1,name+zip,True
2019,d01416,2019|cand|Corina Julca,25.0,1,name+zip,True
2019,d01565,2019|cand|Corina Julca,100.0,1,name+zip,True
2019,d01771,2019|cand|Corina Julca,100.0,1,name+zip,True
2019,d01772,2019|cand|Corina Julca,25.0,1,name+zip,True
2019,d01812,2019|cand|Corina Julca,50.0,1,name+zip,True
2019,d01848,2019|cand|Corina Julca,50.0,1,name+zip,True
2019,d01975,2019|cand|Corina Julca,50.0,1,name+zip,True
2019,d01977,2019|cand|Corina Julca,25.0,1,name+zip,True
2019,d01993,2019|cand|Corina Julca,20.0,1,name+zip,True
2019,d02047,2019|cand|Corina Julca,10.0,1,name+zip,True
2019,d02062,2019|cand|Corina Julca,50.0,1,name+zip,False
2019,d02082,2019|cand|Corina Julca,100.0,1,name+zip,True
2019,d02140,2019|cand|Corina Julca,100.0,1,name+zip,True
2019,d02268,2019|cand|Corina Julca,25.0,1,name+zip,True
2019,d02337,2019|cand|Corina Julca,25.0,1,name+zip,True
2019,d02338,2019|cand|Corina Julca,25.0,1,name+zip,True
2019,d02371,2019|cand|Corina Julca,15.0,1,name+zip,True
2019,d02380,2019|cand|Corina Julca,100.0,1,name+zip,True
2019,d02395,2019|cand|Corina Julca,10.0,1,name+zip,True
2019,d02481,2019|cand|Corina Julca,100.0,1,name+zip,True
2019,d02631,2019|cand|Corina Julca,50.0,2,name+zip,True
2019,d02730,2019|cand|Corina Julca,100.0,1,name+zip,True
2019,d02741,2019|cand|Corina Julca,25.0,1,name+zip,True
2019,d02775,2019|cand|Corina Julca,100.0,1,name+zip,True
2019,d02867,2019|cand|Corina Julca,50.0,2,name+zip,True
2019,d02882,2019|cand|Corina Julca,25.0,1,name+zip,True
2019,d02895,2019|cand|Corina Julca,100.0,1,name+zip,True
2019,d02991,2019|cand|Corina Julca,100.0,1,name+zip,True
2019,d03038,2019|cand|Corina Julca,100.0,1,name+zip,True
2019,d03099,2019|cand|Corina Julca,100.0,1,name+zip,True
2019,d03157,2019|cand|Corina Julca,25.0,1,name+zip,True
2019,d03301,2019|cand|Corina Julca,100.0,1,name+zip,True
2019,d03366,2019|cand|Corina Julca,50.0,1,name+zip,True
2019,d03390,2019|cand|Corina Julca,50.0,1,name+zip,True
2019,d03529,2019|cand|Corina Julca,50.0,1,name+zip,True
2019,d03732,2019|cand|Corina Julca,100.0,1,name+zip,True
2019,d03757,2019|cand|Corina Julca,50.0,1,name+zip,True
2019,d03840,2019|cand|Corina Julca,25.0,1,name+zip,True
2019,d03904,2019|cand|Corina Julca,75.0,1,name+zip,True
2019,d04121,2019|cand|Corina Julca,50.0,1,name+zip,True
2019,d04168,2019|cand|Corina Julca,100.0,1,name+zip,True
2019,d04215,2019|cand|Corina Julca,25.0,1,name+zip,True
2019,d04283,2019|cand|Corina Julca,100.0,1,name+zip,True
2019,d04386,2019|cand|Corina Julca,25.0,1,name+zip,True
2019,d04432,2019|cand|Corina Julca,100.0,1,name+zip,True
2019,d04454,2019|cand|Corina Julca,50.0,1,name+zip,True
2019,d04472,2019|cand|Corina Julca,25.0,1,name+zip,True
2019,d04655,2019|cand|Corina Julca,25.0,1,name+zip,True
2019,d04677,2019|cand|Corina Julca,50.0,1,name+zip,True
2019,d04739,2019|cand|Corina Julca,100.0,1,name+zip,True
2019,d04865,2019|cand|Corina Julca,100.0,1,name+zip,True
2019,d04891,2019|cand|Corina Julca,100.0,1,name+zip,True
2019,d04936,2019|cand|Corina Julca,100.0,1,name+zip,True
2019,d04962,2019|cand|Corina Julca,50.0,1,name+zip,True
2019,d04988,2019|cand|Corina Julca,10.0,1,name+zip,True
2019,d05106,2019|cand|Corina Julca,50.0,1,name+zip,True
2019,d05124,2019|cand|Corina Julca,100.0,1,name+zip,True
2019,d05133,2019|cand|Corina Julca,25.0,1,name+zip,True
2019,d05205,2019|cand|Corina Julca,100.0,1,name+zip,True
2019,d05239,2019|cand|Corina Julca,25.0,1,name+zip,True
2019,d05266,2019|cand|Corina Julca,20.0,1,name+zip,True
2019,d05281,2019|cand|Corina Julca,25.0,1,name+zip,True
2019,d05458,2019|cand|Corina Julca,100.0,1,name+zip,True
2019,d05564,2019|cand|Corina Julca,100.0,1,name+zip,True
2019,d05616,2019|cand|Corina Julca,25.0,1,name+zip,True
2019,d05622,2019|cand|Corina Julca,25.0,1,name+zip,True
2019,d05642,2019|cand|Corina Julca,30.0,1,name+zip,True
2019,d05654,2019|cand|Corina Julca,25.0,1,name+zip,True
2019,d05670,2019|cand|Corina Julca,25.0,1,name+zip,True
2019,d05713,2019|cand|Corina Julca,100.0,1,name+zip,True
2019,d05718,2019|cand|Corina Julca,50.0,1,name+zip,True
2019,d05765,2019|cand|Corina Julca,100.0,1,name+zip,True
2019,d05780,2019|cand|Corina Julca,100.0,1,name+zip,True
2019,d05848,2019|cand|Corina Julca,25.0,1,name+zip,True
2019,d05954,2019|cand|Corina Julca,25.0,1,name+zip,True
2019,d05972,2019|cand|Corina Julca,100.0,1,name+zip,True
2019,d05980,2019|cand|Corina Julca,100.0,1,name+zip,True
2019,d05983,2019|cand|Corina Julca,25.0,1,name+zip,True
2019,d06091,2019|cand|Corina Julca,25.0,1,name+zip,True
2019,d06095,2019|cand|Corina Julca,100.0,1,name+zip,True
2019,d06132,2019|cand|Corina Julca,100.0,1,name+zip,True
2019,d06153,2019|cand|Corina Julca,100.0,1,name+zip,True
2019,d06227,2019|cand|Corina Julca,100.0,1,name+zip,True
2019,d06243,2019|cand|Corina Julca,50.0,1,name+zip,True
2019,d06273,2019|cand|Corina Julca,10.0,1,name+zip,True
2019,d06311,2019|cand|Corina Julca,100.0,1,name+zip,True
2019,d06326,2019|cand|Corina Julca,100.0,1,name+zip,True
2019,d06357,2019|cand|Corina Julca,100.0,1,name+zip,True
2019,d06404,2019|cand|Corina Julca,25.0,1,name+zip,True
2019,d06685,2019|cand|Corina Julca,30.0,1,name+zip,True
2019,d06732,2019|cand|Corina Julca,25.0,1,name+zip,True
2019,d06737,2019|cand|Corina Julca,100.0,2,name+zip,True
2019,d06908,2019|cand|Corina Julca,50.0,1,name+zip,True
2019,d07012,2019|cand|Corina Julca,10.0,1,name+zip,True
2019,d07038,2019|cand|Corina Julca,50.0,1,name+zip,True
2019,d07053,2019|cand|Corina Julca,100.0,1,name+zip,True
2019,d07080,2019|cand|Corina Julca,100.0,1,name+zip,True
2019,d07157,2019|cand|Corina Julca,100.0,1,name+zip,True
2019,d07249,2019|cand|Corina Julca,100.0,2,name+zip,True
2019,d07368,2019|cand|Corina Julca,25.0,1,name+zip,True
2019,d07466,2019|cand|Corina Julca,100.0,1,name+zip,True
2019,d07490,2019|cand|Corina Julca,25.0,1,name+zip,True
2019,d07491,2019|cand|Corina Julca,100.0,1,name+zip,True
2019,d07530,2019|cand|Corina Julca,25.0,1,name+zip,True
2019,d07655,2019|cand|Corina Julca,100.0,1,name+zip,True
2019,d07669,2019|cand|Corina Julca,50.0,1,name+zip,True
2019,d07675,2019|cand|Corina Julca,25.0,1,name+zip,True
2019,d07728,2019|cand|Corina Julca,100.0,1,name+zip,True
2019,d07760,2019|cand|Corina Julca,25.0,1,name+zip,True
2019,d00348,2019|cand|Gala Orba,42.26,1,name+zip,True
2019,d00391,2019|cand|Gala Orba,52.75,1,name+zip,True
2019,d00408,2019|cand|Gala Orba,50.0,1,name+zip,True
2019,d00592,2019|cand|Gala Orba,25.0,1,name+zip,True
2019,d00639,2019|cand|Gala Orba,35.0,1,name+zip,True
2019,d00777,2019|cand|Gala Orba,25.0,1,name+zip,True
2019,d00782,2019|cand|Gala Orba,25.0,1,name+zip,True
2019,d00993,2019|cand|Gala Orba,15.0,1,name+zip,True
2019,d01168,2019|cand|Gala Orba,50.0,1,name+zip,True
2019,d01739,2019|cand|Gala Orba,100.0,1,name+zip,True
2019,d01874,2019|cand|Gala Orba,100.0,1,name+zip,True
2019,d02039,2019|cand|Gala Orba,25.0,1,name+zip,True
2019,d02081,2019|cand|Gala Orba,100.0,1,name+zip,True
2019,d02154,2019|cand|Gala Orba,100.0,1,name+zip,True
2019,d02341,2019|cand|Gala Orba,105.2,1,name+zip,True
2019,d02757,2019|cand|Gala Orba,50.0,1,name+zip,True
2019,d02763,2019|cand|Gala Orba,100.0,1,name+zip,True
2019,d02783,2019|cand|Gala Orba,100.0,1,name+zip,True
2019,d03173,2019|cand|Gala Orba,50.0,1,name+zip,True
2019,d03294,2019|cand|Gala Orba,100.0,1,name+zip,True
2019,d03717,2019|cand|Gala Orba,26.53,1,name+zip,True
2019,d04003,2019|cand|Gala Orba,100.0,1,name+zip,True
2019,d04074,2019|cand|Gala Orba,100.0,1,name+zip,True
2019,d04782,2019|cand|Gala Orba,105.2,1,name+zip,True
2019,d04816,2019|cand|Gala Orba,74.18,1,name+zip,True
2019,d04939,2019|cand|Gala Orba,25.0,1,name+zip,True
2019,d04941,2019|cand|Gala Orba,100.0,1,name+zip,True
2019,d05104,2019|cand|Gala Orba,50.0,1,name+zip,True
2019,d05109,2019|cand|Gala Orba,78.98,1,name+zip,True
2019,d05135,2019|cand|Gala Orba,100.0,1,name+zip,True
2019,d05452,2019|cand|Gala Orba,100.0,1,name+zip,True
2019,d06051,2019|cand|Gala Orba,37.02,1,name+zip,True
2019,d06105,2019|cand|Gala Orba,75.0,1,name+zip,True
2019,d06152,2019|cand|Gala Orba,5.0,1,name+zip,True
2019,d06313,2019|cand|Gala Orba,105.2,1,name+zip,True
2019,d06671,2019|cand|Gala Orba,100.0,1,name+zip,True
2019,d06841,2019|cand|Gala Orba,25.82,1,name+zip,True
2019,d06872,2019|cand|Gala Orba,20.0,1,name+zip,True
2019,d06937,2019|cand|Gala Orba,37.02,1,name+zip,True
2019,d06944,2019|cand|Gala Orba,37.02,1,name+zip,True
2019,d07084,2019|cand|Gala Orba,100.0,1,name+zip,True
2019,d07341,2019|cand|Gala Orba,100.0,1,name+zip,True
2019,d07545,2019|cand|Gala Orba,35.0,1,name+zip,True
2019,d07719,2019|cand|Gala Orba,100.0,1,name+zip,True
2019,d07968,2019|cand|Gala Orba,50.0,1,name+zip,True
2019,d01564,2019|cand|J. Tamar Stone,100.0,1,name+zip,True
2019,d01797,2019|cand|J. Tamar Stone,100.0,1,name+zip,True
2019,d04283,2019|cand|J. Tamar Stone,100.0,1,name+zip,True
2019,d04338,2019|cand|J. Tamar Stone,100.0,1,name+zip,True
2019,d05229,2019|cand|J. Tamar Stone,100.0,1,name+zip,True
2019,d00001,2019|cand|Junie Joseph,50.0,1,name+zip,True
2019,d00076,2019|cand|Junie Joseph,25.0,1,name+zip,True
2019,d00106,2019|cand|Junie Joseph,50.0,1,name+zip,True
2019,d00125,2019|cand|Junie Joseph,25.0,1,name+zip,True
2019,d00141,2019|cand|Junie Joseph,25.0,1,name+zip,True
2019,d00158,2019|cand|Junie Joseph,10.0,1,name+zip,True
2019,d00186,2019|cand|Junie Joseph,25.0,1,name+zip,True
2019,d00203,2019|cand|Junie Joseph,35.0,2,name+zip,True
2019,d00290,2019|cand|Junie Joseph,100.0,1,name+zip,True
2019,d00320,2019|cand|Junie Joseph,50.0,1,name+zip,True
2019,d00335,2019|cand|Junie Joseph,25.0,1,name+zip,True
2019,d00359,2019|cand|Junie Joseph,25.0,1,name+zip,True
2019,d00385,2019|cand|Junie Joseph,20.0,1,name+zip,True
2019,d00418,2019|cand|Junie Joseph,25.0,1,name+zip,True
2019,d00471,2019|cand|Junie Joseph,1.0,1,name+zip,True
2019,d00522,2019|cand|Junie Joseph,100.0,1,name+zip,True
2019,d00559,2019|cand|Junie Joseph,25.0,1,name+zip,True
2019,d00577,2019|cand|Junie Joseph,1.0,1,name+zip,True
2019,d00602,2019|cand|Junie Joseph,50.0,1,name+zip,True
2019,d00663,2019|cand|Junie Joseph,100.0,1,name+zip,True
2019,d00685,2019|cand|Junie Joseph,25.0,1,name+zip,True
2019,d00734,2019|cand|Junie Joseph,10.0,1,name+zip,True
2019,d00744,2019|cand|Junie Joseph,25.0,1,name+zip,True
2019,d00880,2019|cand|Junie Joseph,100.0,1,name+zip,True
2019,d00893,2019|cand|Junie Joseph,50.0,1,name+zip,True
2019,d00906,2019|cand|Junie Joseph,10.0,1,name+zip,True
2019,d00960,2019|cand|Junie Joseph,30.0,1,name+zip,True
2019,d01045,2019|cand|Junie Joseph,100.0,1,name+zip,True
2019,d01069,2019|cand|Junie Joseph,10.0,1,name+zip,True
2019,d01084,2019|cand|Junie Joseph,50.0,1,name+zip,True
2019,d01097,2019|cand|Junie Joseph,25.0,1,name+zip,True
2019,d01212,2019|cand|Junie Joseph,25.0,1,name+zip,True
2019,d01254,2019|cand|Junie Joseph,25.0,1,name+zip,True
2019,d01278,2019|cand|Junie Joseph,10.0,1,name+zip,True
2019,d01290,2019|cand|Junie Joseph,25.0,1,name+zip,True
2019,d01323,2019|cand|Junie Joseph,10.0,1,name+zip,True
2019,d01442,2019|cand|Junie Joseph,25.0,1,name+zip,True
2019,d01494,2019|cand|Junie Joseph,25.0,1,name+zip,True
2019,d01504,2019|cand|Junie Joseph,25.0,1,name+zip,True
2019,d01657,2019|cand|Junie Joseph,100.0,1,name+zip,True
2019,d01802,2019|cand|Junie Joseph,25.0,1,name+zip,True
2019,d01834,2019|cand|Junie Joseph,100.0,1,name+zip,True
2019,d01915,2019|cand|Junie Joseph,25.0,1,name+zip,True
2019,d01968,2019|cand|Junie Joseph,50.0,1,name+zip,True
2019,d01990,2019|cand|Junie Joseph,100.0,1,name+zip,True
2019,d02176,2019|cand|Junie Joseph,130.19,2,name+zip,True
2019,d02198,2019|cand|Junie Joseph,50.0,1,name+zip,True
2019,d02199,2019|cand|Junie Joseph,100.0,1,name+zip,True
2019,d02402,2019|cand|Junie Joseph,50.0,1,name+zip,True
2019,d02431,2019|cand|Junie Joseph,50.0,1,name+zip,True
2019,d02432,2019|cand|Junie Joseph,25.0,1,name+zip,True
2019,d02474,2019|cand|Junie Joseph,100.0,1,name+zip,True
2019,d02491,2019|cand|Junie Joseph,25.0,1,name+zip,True
2019,d02538,2019|cand|Junie Joseph,25.0,1,name+zip,True
2019,d02557,2019|cand|Junie Joseph,10.0,1,name+zip,True
2019,d02642,2019|cand|Junie Joseph,25.0,1,name+zip,True
2019,d02679,2019|cand|Junie Joseph,10.0,1,name+zip,True
2019,d02699,2019|cand|Junie Joseph,100.0,1,name+zip,True
2019,d02705,2019|cand|Junie Joseph,25.0,1,name+zip,True
2019,d02712,2019|cand|Junie Joseph,10.0,1,name+zip,True
2019,d02762,2019|cand|Junie Joseph,10.0,1,name+zip,True
2019,d02879,2019|cand|Junie Joseph,35.0,2,name+zip,True
2019,d02918,2019|cand|Junie Joseph,25.0,1,name+zip,True
2019,d02984,2019|cand|Junie Joseph,100.0,1,name+zip,True
2019,d03001,2019|cand|Junie Joseph,50.0,1,name+zip,True
2019,d03055,2019|cand|Junie Joseph,25.0,1,name+zip,True
2019,d03067,2019|cand|Junie Joseph,100.0,1,name+zip,True
2019,d03087,2019|cand|Junie Joseph,100.0,1,name+zip,True
2019,d03096,2019|cand|Junie Joseph,25.0,1,name+zip,True
2019,d03109,2019|cand|Junie Joseph,50.0,1,name+zip,True
2019,d03143,2019|cand|Junie Joseph,2.0,1,name+zip,False
2019,d03190,2019|cand|Junie Joseph,10.0,1,name+zip,True
2019,d03217,2019|cand|Junie Joseph,100.0,1,name+zip,True
2019,d03286,2019|cand|Junie Joseph,50.0,1,name+zip,True
2019,d03369,2019|cand|Junie Joseph,100.0,1,name+zip,True
2019,d03373,2019|cand|Junie Joseph,25.0,1,name+zip,True
2019,d03399,2019|cand|Junie Joseph,100.0,1,name+zip,True
2019,d03448,2019|cand|Junie Joseph,100.0,1,name+zip,True
2019,d03463,2019|cand|Junie Joseph,100.0,1,name+zip,True
2019,d03478,2019|cand|Junie Joseph,100.0,1,name+zip,True
2019,d03483,2019|cand|Junie Joseph,100.0,1,name+zip,True
2019,d03495,2019|cand|Junie Joseph,25.0,1,name+zip,True
2019,d03529,2019|cand|Junie Joseph,100.0,1,name+zip,True
2019,d03538,2019|cand|Junie Joseph,100.0,1,name+zip,True
2019,d03632,2019|cand|Junie Joseph,25.0,1,name+zip,True
2019,d03647,2019|cand|Junie Joseph,50.0,1,name+zip,True
2019,d03648,2019|cand|Junie Joseph,100.0,1,name+zip,True
2019,d03652,2019|cand|Junie Joseph,50.0,2,name+zip,True
2019,d03698,2019|cand|Junie Joseph,50.0,1,name+zip,True
2019,d03717,2019|cand|Junie Joseph,25.0,1,name+zip,True
2019,d03820,2019|cand|Junie Joseph,100.0,1,name+zip,True
2019,d03830,2019|cand|Junie Joseph,25.0,1,name+zip,True
2019,d03861,2019|cand|Junie Joseph,100.0,1,name+zip,True
2019,d03897,2019|cand|Junie Joseph,100.0,1,name+zip,True
2019,d03917,2019|cand|Junie Joseph,10.0,1,name+zip,True
2019,d03924,2019|cand|Junie Joseph,25.0,1,name+zip,True
2019,d03952,2019|cand|Junie Joseph,25.0,1,name+zip,True
2019,d03962,2019|cand|Junie Joseph,50.0,1,name+zip,True
2019,d03967,2019|cand|Junie Joseph,25.0,1,name+zip,True
2019,d03994,2019|cand|Junie Joseph,100.0,1,name+zip,True
2019,d04013,2019|cand|Junie Joseph,50.0,1,name+zip,True
2019,d04020,2019|cand|Junie Joseph,100.0,1,name+zip,True
2019,d04131,2019|cand|Junie Joseph,100.0,1,name+zip,True
2019,d04156,2019|cand|Junie Joseph,100.0,1,name+zip,True
2019,d04171,2019|cand|Junie Joseph,50.0,1,name+zip,True
2019,d04173,2019|cand|Junie Joseph,15.0,1,name+zip,False
2019,d04191,2019|cand|Junie Joseph,50.0,1,name+zip,True
2019,d04196,2019|cand|Junie Joseph,25.0,1,name+zip,True
2019,d04256,2019|cand|Junie Joseph,10.0,1,name+zip,True
2019,d04300,2019|cand|Junie Joseph,50.0,1,name+zip,True
2019,d04371,2019|cand|Junie Joseph,10.0,1,name+zip,True
2019,d04375,2019|cand|Junie Joseph,100.0,1,name+zip,True
2019,d04378,2019|cand|Junie Joseph,10.0,1,name+zip,True
2019,d04432,2019|cand|Junie Joseph,100.0,1,name+zip,True
2019,d04441,2019|cand|Junie Joseph,50.0,1,name+zip,True
2019,d04470,2019|cand|Junie Joseph,25.0,1,name+zip,True
2019,d04487,2019|cand|Junie Joseph,100.0,1,name+zip,True
2019,d04502,2019|cand|Junie Joseph,25.0,1,name+zip,True
2019,d04514,2019|cand|Junie Joseph,25.0,1,name+zip,True
2019,d04534,2019|cand|Junie Joseph,25.0,1,name+zip,True
2019,d04547,2019|cand|Junie Joseph,100.0,1,name+zip,True
2019,d04583,2019|cand|Junie Joseph,100.0,1,name+zip,True
2019,d04614,2019|cand|Junie Joseph,25.0,1,name+zip,True
2019,d04632,2019|cand|Junie Joseph,100.0,1,name+zip,True
2019,d04633,2019|cand|Junie Joseph,50.0,1,name+zip,True
2019,d04669,2019|cand|Junie Joseph,50.0,1,name+zip,True
2019,d04682,2019|cand|Junie Joseph,50.0,1,name+zip,True
2019,d04700,2019|cand|Junie Joseph,25.0,1,name+zip,True
2019,d04737,2019|cand|Junie Joseph,50.0,1,name+zip,True
2019,d04744,2019|cand|Junie Joseph,25.0,1,name+zip,True
2019,d04762,2019|cand|Junie Joseph,25.0,1,name+zip,True
2019,d04778,2019|cand|Junie Joseph,50.0,1,name+zip,True
2019,d04802,2019|cand|Junie Joseph,25.0,1,name+zip,True
2019,d04806,2019|cand|Junie Joseph,50.0,1,name+zip,True
2019,d04853,2019|cand|Junie Joseph,25.0,1,name+zip,True
2019,d04881,2019|cand|Junie Joseph,10.0,1,name+zip,True
2019,d04920,2019|cand|Junie Joseph,25.0,1,name+zip,True
2019,d04931,2019|cand|Junie Joseph,25.0,1,name+zip,True
2019,d04954,2019|cand|Junie Joseph,25.0,1,name+zip,True
2019,d05012,2019|cand|Junie Joseph,25.0,1,name+zip,True
2019,d05034,2019|cand|Junie Joseph,50.0,1,name+zip,True
2019,d05088,2019|cand|Junie Joseph,100.0,1,name+zip,True
2019,d05138,2019|cand|Junie Joseph,25.0,1,name+zip,True
2019,d05191,2019|cand|Junie Joseph,10.0,1,name+zip,True
2019,d05200,2019|cand|Junie Joseph,25.0,1,name+zip,True
2019,d05201,2019|cand|Junie Joseph,25.0,1,name+zip,True
2019,d05243,2019|cand|Junie Joseph,10.0,1,name+zip,True
2019,d05333,2019|cand|Junie Joseph,2.0,1,name+zip,True
2019,d05356,2019|cand|Junie Joseph,25.0,1,name+zip,True
2019,d05357,2019|cand|Junie Joseph,25.0,1,name+zip,True
2019,d05450,2019|cand|Junie Joseph,100.0,1,name+zip,True
2019,d05460,2019|cand|Junie Joseph,50.0,1,name+zip,True
2019,d05466,2019|cand|Junie Joseph,25.0,1,name+zip,True
2019,d05485,2019|cand|Junie Joseph,25.0,1,name+zip,True
2019,d05508,2019|cand|Junie Joseph,50.0,1,name+zip,True
2019,d05534,2019|cand|Junie Joseph,25.0,1,name+zip,True
2019,d05543,2019|cand|Junie Joseph,25.0,1,name+zip,True
2019,d05704,2019|cand|Junie Joseph,50.0,1,name+zip,True
2019,d05759,2019|cand|Junie Joseph,50.0,1,name+zip,True
2019,d05783,2019|cand|Junie Joseph,10.0,1,name+zip,True
2019,d05797,2019|cand|Junie Joseph,100.0,1,name+zip,True
2019,d05892,2019|cand|Junie Joseph,25.0,1,name+zip,True
2019,d05898,2019|cand|Junie Joseph,50.0,1,name+zip,True
2019,d05940,2019|cand|Junie Joseph,25.0,1,name+zip,True
2019,d05945,2019|cand|Junie Joseph,50.0,1,name+zip,True
2019,d06045,2019|cand|Junie Joseph,25.0,1,name+zip,True
2019,d06093,2019|cand|Junie Joseph,100.0,1,name+zip,True
2019,d06122,2019|cand|Junie Joseph,50.0,1,name+zip,True
2019,d06150,2019|cand|Junie Joseph,50.0,1,name+zip,True
2019,d06181,2019|cand|Junie Joseph,100.0,1,name+zip,True
2019,d06183,2019|cand|Junie Joseph,50.0,1,name+zip,True
2019,d06200,2019|cand|Junie Joseph,50.0,1,name+zip,False
2019,d06255,2019|cand|Junie Joseph,100.0,1,name+zip,True
2019,d06290,2019|cand|Junie Joseph,25.0,1,name+zip,True
2019,d06330,2019|cand|Junie Joseph,17.0,1,name+zip,True
2019,d06336,2019|cand|Junie Joseph,100.0,1,name+zip,True
2019,d06363,2019|cand|Junie Joseph,25.0,1,name+zip,True
2019,d06402,2019|cand|Junie Joseph,100.0,1,name+zip,True
2019,d06419,2019|cand|Junie Joseph,10.0,1,name+zip,True
2019,d06491,2019|cand|Junie Joseph,25.0,1,name+zip,True
2019,d06509,2019|cand|Junie Joseph,25.0,1,name+zip,True
2019,d06511,2019|cand|Junie Joseph,25.0,1,name+zip,True
2019,d06526,2019|cand|Junie Joseph,100.0,1,name+zip,True
2019,d06548,2019|cand|Junie Joseph,100.0,1,name+zip,True
2019,d06603,2019|cand|Junie Joseph,50.0,1,name+zip,True
2019,d06605,2019|cand|Junie Joseph,100.0,1,name+zip,True
2019,d06622,2019|cand|Junie Joseph,20.0,2,name+zip,True
2019,d06624,2019|cand|Junie Joseph,20.0,1,name+zip,True
2019,d06674,2019|cand|Junie Joseph,50.0,1,name+zip,True
2019,d06703,2019|cand|Junie Joseph,25.0,1,name+zip,True
2019,d06734,2019|cand|Junie Joseph,25.0,1,name+zip,True
2019,d06741,2019|cand|Junie Joseph,10.0,1,name+zip,True
2019,d06750,2019|cand|Junie Joseph,100.0,1,name+zip,True
2019,d06760,2019|cand|Junie Joseph,25.0,1,name+zip,True
2019,d06779,2019|cand|Junie Joseph,10.0,1,name+zip,True
2019,d06794,2019|cand|Junie Joseph,100.0,1,name+zip,True
2019,d06832,2019|cand|Junie Joseph,10.0,1,name+zip,True
2019,d06864,2019|cand|Junie Joseph,25.0,1,name+zip,True
2019,d06884,2019|cand|Junie Joseph,50.0,1,name+zip,True
2019,d06916,2019|cand|Junie Joseph,100.0,1,name+zip,True
2019,d06926,2019|cand|Junie Joseph,100.0,1,name+zip,True
2019,d06932,2019|cand|Junie Joseph,25.0,1,name+zip,True
2019,d06977,2019|cand|Junie Joseph,50.0,1,name+zip,True
2019,d06987,2019|cand|Junie Joseph,25.0,1,name+zip,True
2019,d06994,2019|cand|Junie Joseph,100.0,1,name+zip,True
2019,d07008,2019|cand|Junie Joseph,20.0,1,name+zip,True
2019,d07048,2019|cand|Junie Joseph,50.0,1,name+zip,True
2019,d07090,2019|cand|Junie Joseph,25.0,1,name+zip,True
2019,d07211,2019|cand|Junie Joseph,25.0,1,name+zip,True
2019,d07262,2019|cand|Junie Joseph,25.0,1,name+zip,True
2019,d07334,2019|cand|Junie Joseph,25.0,1,name+zip,True
2019,d07352,2019|cand|Junie Joseph,1.0,1,name+zip,True
2019,d07422,2019|cand|Junie Joseph,25.0,1,name+zip,True
2019,d07442,2019|cand|Junie Joseph,25.0,1,name+zip,True
2019,d07622,2019|cand|Junie Joseph,100.0,1,name+zip,True
2019,d07654,2019|cand|Junie Joseph,25.0,1,name+zip,True
2019,d07829,2019|cand|Junie Joseph,100.0,1,name+zip,True
2019,d07904,2019|cand|Junie Joseph,25.0,1,name+zip,True
2019,d08027,2019|cand|Junie Joseph,25.0,1,name+zip,False
2019,d08033,2019|cand|Junie Joseph,5.0,1,name+zip,True
2019,d08040,2019|cand|Junie Joseph,100.0,1,name+zip,True
2019,d08095,2019|cand|Junie Joseph,10.0,1,name+zip,True
2019,d08155,2019|cand|Junie Joseph,25.0,1,name+zip,True
2019,d00021,2019|cand|Mark McIntyre,100.0,1,name+zip,True
2019,d00050,2019|cand|Mark McIntyre,100.0,1,name+zip,True
2019,d00059,2019|cand|Mark McIntyre,50.0,1,name+zip,True
2019,d00076,2019|cand|Mark McIntyre,25.0,1,name+zip,True
2019,d00106,2019|cand|Mark McIntyre,75.0,3,name+zip,True
2019,d00215,2019|cand|Mark McIntyre,100.0,1,name+zip,True
2019,d00277,2019|cand|Mark McIntyre,100.0,1,name+zip,True
2019,d00333,2019|cand|Mark McIntyre,100.0,1,name+zip,True
2019,d00334,2019|cand|Mark McIntyre,25.0,1,name+zip,True
2019,d00347,2019|cand|Mark McIntyre,100.0,1,name+zip,True
2019,d00378,2019|cand|Mark McIntyre,25.0,1,name+zip,True
2019,d00398,2019|cand|Mark McIntyre,100.0,1,name+zip,True
2019,d00413,2019|cand|Mark McIntyre,40.0,1,name+zip,True
2019,d00453,2019|cand|Mark McIntyre,100.0,1,name+zip,True
2019,d00469,2019|cand|Mark McIntyre,50.0,1,name+zip,True
2019,d00559,2019|cand|Mark McIntyre,25.0,1,name+zip,True
2019,d00594,2019|cand|Mark McIntyre,100.0,1,name+zip,True
2019,d00679,2019|cand|Mark McIntyre,20.0,1,name+zip,True
2019,d00724,2019|cand|Mark McIntyre,100.0,1,name+zip,True
2019,d00842,2019|cand|Mark McIntyre,25.0,1,name+zip,True
2019,d00947,2019|cand|Mark McIntyre,100.0,1,name+zip,True
2019,d00969,2019|cand|Mark McIntyre,50.0,1,name+zip,True
2019,d01019,2019|cand|Mark McIntyre,100.0,1,name+zip,True
2019,d01021,2019|cand|Mark McIntyre,100.0,1,name+zip,True
2019,d01097,2019|cand|Mark McIntyre,50.0,1,name+zip,True
2019,d01177,2019|cand|Mark McIntyre,50.0,1,name+zip,True
2019,d01192,2019|cand|Mark McIntyre,100.0,1,name+zip,True
2019,d01230,2019|cand|Mark McIntyre,100.0,1,name+zip,True
2019,d01237,2019|cand|Mark McIntyre,100.0,1,name+zip,True
2019,d01257,2019|cand|Mark McIntyre,50.0,1,name+zip,True
2019,d01561,2019|cand|Mark McIntyre,100.0,1,name+zip,True
2019,d01577,2019|cand|Mark McIntyre,100.0,1,name+zip,True
2019,d01626,2019|cand|Mark McIntyre,100.0,1,name+zip,True
2019,d01645,2019|cand|Mark McIntyre,50.0,1,name+zip,True
2019,d01662,2019|cand|Mark McIntyre,100.0,1,name+zip,True
2019,d01817,2019|cand|Mark McIntyre,100.0,1,name+zip,True
2019,d01915,2019|cand|Mark McIntyre,25.0,1,name+zip,True
2019,d02009,2019|cand|Mark McIntyre,50.0,1,name+zip,True
2019,d02044,2019|cand|Mark McIntyre,100.0,1,name+zip,True
2019,d02051,2019|cand|Mark McIntyre,50.0,1,name+zip,True
2019,d02181,2019|cand|Mark McIntyre,50.0,1,name+zip,True
2019,d02187,2019|cand|Mark McIntyre,100.0,1,name+zip,True
2019,d02199,2019|cand|Mark McIntyre,100.0,1,name+zip,True
2019,d02233,2019|cand|Mark McIntyre,100.0,1,name+zip,True
2019,d02263,2019|cand|Mark McIntyre,100.0,1,name+zip,True
2019,d02353,2019|cand|Mark McIntyre,25.0,1,name+zip,True
2019,d02360,2019|cand|Mark McIntyre,100.0,1,name+zip,True
2019,d02472,2019|cand|Mark McIntyre,25.0,1,name+zip,True
2019,d02501,2019|cand|Mark McIntyre,100.0,1,name+zip,True
2019,d02542,2019|cand|Mark McIntyre,100.0,1,name+zip,True
2019,d02581,2019|cand|Mark McIntyre,100.0,1,name+zip,True
2019,d02610,2019|cand|Mark McIntyre,100.0,1,name+zip,True
2019,d02655,2019|cand|Mark McIntyre,25.0,1,name+zip,True
2019,d02817,2019|cand|Mark McIntyre,100.0,1,name+zip,True
2019,d02896,2019|cand|Mark McIntyre,50.0,1,name+zip,True
2019,d02933,2019|cand|Mark McIntyre,50.0,1,name+zip,True
2019,d02972,2019|cand|Mark McIntyre,20.0,1,name+zip,False
2019,d03104,2019|cand|Mark McIntyre,25.0,1,name+zip,True
2019,d03163,2019|cand|Mark McIntyre,50.0,1,name+zip,True
2019,d03215,2019|cand|Mark McIntyre,100.0,1,name+zip,True
2019,d03286,2019|cand|Mark McIntyre,50.0,1,name+zip,True
2019,d03374,2019|cand|Mark McIntyre,100.0,1,name+zip,True
2019,d03399,2019|cand|Mark McIntyre,100.0,1,name+zip,True
2019,d03412,2019|cand|Mark McIntyre,100.0,1,name+zip,True
2019,d03415,2019|cand|Mark McIntyre,25.0,1,name+zip,True
2019,d03432,2019|cand|Mark McIntyre,100.0,1,name+zip,True
2019,d03448,2019|cand|Mark McIntyre,100.0,1,name+zip,True
2019,d03538,2019|cand|Mark McIntyre,100.0,1,name+zip,True
2019,d03542,2019|cand|Mark McIntyre,25.0,1,name+zip,True
2019,d03643,2019|cand|Mark McIntyre,100.0,1,name+zip,True
2019,d03652,2019|cand|Mark McIntyre,25.0,1,name+zip,True
2019,d03677,2019|cand|Mark McIntyre,100.0,1,name+zip,True
2019,d03703,2019|cand|Mark McIntyre,100.0,1,name+zip,True
2019,d03831,2019|cand|Mark McIntyre,100.0,1,name+zip,True
2019,d04020,2019|cand|Mark McIntyre,100.0,1,name+zip,True
2019,d04128,2019|cand|Mark McIntyre,100.0,1,name+zip,True
2019,d04150,2019|cand|Mark McIntyre,100.0,1,name+zip,True
2019,d04191,2019|cand|Mark McIntyre,100.0,1,name+zip,True
2019,d04334,2019|cand|Mark McIntyre,100.0,1,name+zip,True
2019,d04489,2019|cand|Mark McIntyre,50.0,1,name+zip,True
2019,d04505,2019|cand|Mark McIntyre,100.0,1,name+zip,True
2019,d04526,2019|cand|Mark McIntyre,100.0,1,name+zip,True
2019,d04534,2019|cand|Mark McIntyre,25.0,1,name+zip,True
2019,d04547,2019|cand|Mark McIntyre,100.0,1,name+zip,True
2019,d04574,2019|cand|Mark McIntyre,100.0,1,name+zip,True
2019,d04620,2019|cand|Mark McIntyre,25.0,1,name+zip,True
2019,d04691,2019|cand|Mark McIntyre,100.0,1,name+zip,True
2019,d04693,2019|cand|Mark McIntyre,50.0,1,name+zip,True
2019,d04737,2019|cand|Mark McIntyre,100.0,1,name+zip,True
2019,d04793,2019|cand|Mark McIntyre,100.0,1,name+zip,True
2019,d04806,2019|cand|Mark McIntyre,25.0,1,name+zip,True
2019,d05007,2019|cand|Mark McIntyre,100.0,1,name+zip,True
2019,d05034,2019|cand|Mark McIntyre,100.0,1,name+zip,True
2019,d05040,2019|cand|Mark McIntyre,20.0,1,name+zip,False
2019,d05051,2019|cand|Mark McIntyre,100.0,1,name+zip,True
2019,d05058,2019|cand|Mark McIntyre,50.0,1,name+zip,True
2019,d05088,2019|cand|Mark McIntyre,100.0,1,name+zip,True
2019,d05184,2019|cand|Mark McIntyre,50.0,1,name+zip,True
2019,d05261,2019|cand|Mark McIntyre,100.0,1,name+zip,True
2019,d05309,2019|cand|Mark McIntyre,100.0,1,name+zip,True
2019,d05319,2019|cand|Mark McIntyre,100.0,1,name+zip,True
2019,d05381,2019|cand|Mark McIntyre,100.0,1,name+zip,True
2019,d05460,2019|cand|Mark McIntyre,100.0,1,name+zip,True
2019,d05485,2019|cand|Mark McIntyre,40.0,1,name+zip,True
2019,d05527,2019|cand|Mark McIntyre,100.0,1,name+zip,True
2019,d05543,2019|cand|Mark McIntyre,150.0,3,name+zip,True
2019,d05680,2019|cand|Mark McIntyre,100.0,1,name+zip,True
2019,d05728,2019|cand|Mark McIntyre,100.0,1,name+zip,True
2019,d05797,2019|cand|Mark McIntyre,100.0,1,name+zip,True
2019,d05987,2019|cand|Mark McIntyre,100.0,1,name+zip,True
2019,d06010,2019|cand|Mark McIntyre,25.0,1,name+zip,True
2019,d06062,2019|cand|Mark McIntyre,25.0,1,name+zip,True
2019,d06097,2019|cand|Mark McIntyre,100.0,1,name+zip,True
2019,d06122,2019|cand|Mark McIntyre,50.0,1,name+zip,True
2019,d06150,2019|cand|Mark McIntyre,50.0,1,name+zip,True
2019,d06249,2019|cand|Mark McIntyre,25.0,1,name+zip,True
2019,d06304,2019|cand|Mark McIntyre,100.0,1,name+zip,True
2019,d06331,2019|cand|Mark McIntyre,100.0,1,name+zip,True
2019,d06365,2019|cand|Mark McIntyre,100.0,1,name+zip,True
2019,d06421,2019|cand|Mark McIntyre,100.0,1,name+zip,True
2019,d06586,2019|cand|Mark McIntyre,100.0,1,name+zip,True
2019,d06596,2019|cand|Mark McIntyre,100.0,1,name+zip,True
2019,d06603,2019|cand|Mark McIntyre,25.0,1,name+zip,True
2019,d06676,2019|cand|Mark McIntyre,50.0,1,name+zip,True
2019,d06706,2019|cand|Mark McIntyre,50.0,1,name+zip,True
2019,d06708,2019|cand|Mark McIntyre,100.0,1,name+zip,True
2019,d06734,2019|cand|Mark McIntyre,50.0,1,name+zip,True
2019,d06770,2019|cand|Mark McIntyre,50.0,1,name+zip,True
2019,d06891,2019|cand|Mark McIntyre,100.0,1,name+zip,True
2019,d06892,2019|cand|Mark McIntyre,50.0,1,name+zip,True
2019,d06916,2019|cand|Mark McIntyre,100.0,1,name+zip,True
2019,d07190,2019|cand|Mark McIntyre,100.0,1,name+zip,True
2019,d07262,2019|cand|Mark McIntyre,25.0,1,name+zip,True
2019,d07403,2019|cand|Mark McIntyre,50.0,1,name+zip,True
2019,d07440,2019|cand|Mark McIntyre,50.0,1,name+zip,True
2019,d07458,2019|cand|Mark McIntyre,100.0,1,name+zip,True
2019,d07469,2019|cand|Mark McIntyre,10.0,1,name+zip,True
2019,d07568,2019|cand|Mark McIntyre,50.0,1,name+zip,True
2019,d07590,2019|cand|Mark McIntyre,50.0,1,name+zip,True
2019,d07708,2019|cand|Mark McIntyre,100.0,1,name+zip,True
2019,d07711,2019|cand|Mark McIntyre,100.0,1,name+zip,True
2019,d07731,2019|cand|Mark McIntyre,100.0,1,name+zip,True
2019,d07860,2019|cand|Mark McIntyre,100.0,1,name+zip,True
2019,d07942,2019|cand|Mark McIntyre,100.0,1,name+zip,True
2019,d07992,2019|cand|Mark McIntyre,50.0,1,name+zip,True
2019,d08155,2019|cand|Mark McIntyre,27.51,3,name+zip,True
2019,d00079,2019|cand|Mark Wallach,100.0,1,name+zip,True
2019,d00228,2019|cand|Mark Wallach,100.0,1,name+zip,True
2019,d00291,2019|cand|Mark Wallach,100.0,1,name+zip,True
2019,d00399,2019|cand|Mark Wallach,100.0,1,name+zip,True
2019,d00409,2019|cand|Mark Wallach,100.0,1,name+zip,True
2019,d00513,2019|cand|Mark Wallach,100.0,1,name+zip,True
2019,d00542,2019|cand|Mark Wallach,50.0,1,name+zip,True
2019,d00561,2019|cand|Mark Wallach,100.0,1,name+zip,True
2019,d00569,2019|cand|Mark Wallach,100.0,1,name+zip,True
2019,d00572,2019|cand|Mark Wallach,100.0,1,name+zip,True
2019,d00762,2019|cand|Mark Wallach,25.0,1,name+zip,True
2019,d00779,2019|cand|Mark Wallach,50.0,1,name+zip,True
2019,d00864,2019|cand|Mark Wallach,100.0,1,name+zip,True
2019,d00968,2019|cand|Mark Wallach,50.0,1,name+zip,True
2019,d01105,2019|cand|Mark Wallach,50.0,1,name+zip,True
2019,d01116,2019|cand|Mark Wallach,100.0,1,name+zip,True
2019,d01131,2019|cand|Mark Wallach,25.0,1,name+zip,True
2019,d01181,2019|cand|Mark Wallach,50.0,1,name+zip,True
2019,d01220,2019|cand|Mark Wallach,25.0,1,name+zip,True
2019,d01221,2019|cand|Mark Wallach,100.0,1,name+zip,True
2019,d01227,2019|cand|Mark Wallach,100.0,1,name+zip,True
2019,d01236,2019|cand|Mark Wallach,100.0,1,name+zip,True
2019,d01407,2019|cand|Mark Wallach,100.0,1,name+zip,True
2019,d01519,2019|cand|Mark Wallach,25.0,1,name+zip,True
2019,d01779,2019|cand|Mark Wallach,50.0,1,name+zip,True
2019,d01845,2019|cand|Mark Wallach,100.0,1,name+zip,True
2019,d02083,2019|cand|Mark Wallach,100.0,1,name+zip,True
2019,d02091,2019|cand|Mark Wallach,100.0,1,name+zip,True
2019,d02185,2019|cand|Mark Wallach,100.0,1,name+zip,True
2019,d02314,2019|cand|Mark Wallach,100.0,1,name+zip,True
2019,d02337,2019|cand|Mark Wallach,25.0,1,name+zip,True
2019,d02393,2019|cand|Mark Wallach,50.0,1,name+zip,True
2019,d02481,2019|cand|Mark Wallach,50.0,1,name+zip,True
2019,d02586,2019|cand|Mark Wallach,20.0,1,name+zip,True
2019,d02674,2019|cand|Mark Wallach,50.0,1,name+zip,True
2019,d02730,2019|cand|Mark Wallach,100.0,1,name+zip,True
2019,d02741,2019|cand|Mark Wallach,25.0,1,name+zip,True
2019,d02788,2019|cand|Mark Wallach,100.0,1,name+zip,True
2019,d02790,2019|cand|Mark Wallach,100.0,1,name+zip,True
2019,d02895,2019|cand|Mark Wallach,100.0,1,name+zip,True
2019,d02925,2019|cand|Mark Wallach,100.0,1,name+zip,True
2019,d02927,2019|cand|Mark Wallach,100.0,1,name+zip,True
2019,d02958,2019|cand|Mark Wallach,100.0,1,name+zip,True
2019,d02991,2019|cand|Mark Wallach,100.0,1,name+zip,True
2019,d03006,2019|cand|Mark Wallach,100.0,1,name+zip,True
2019,d03086,2019|cand|Mark Wallach,50.0,1,name+zip,True
2019,d03110,2019|cand|Mark Wallach,100.0,1,name+zip,True
2019,d03142,2019|cand|Mark Wallach,100.0,1,name+zip,True
2019,d03219,2019|cand|Mark Wallach,100.0,1,name+zip,True
2019,d03338,2019|cand|Mark Wallach,100.0,1,name+zip,True
2019,d03371,2019|cand|Mark Wallach,50.0,1,name+zip,True
2019,d03391,2019|cand|Mark Wallach,100.0,1,name+zip,True
2019,d03485,2019|cand|Mark Wallach,25.0,1,name+zip,True
2019,d03615,2019|cand|Mark Wallach,100.0,1,name+zip,True
2019,d03693,2019|cand|Mark Wallach,50.0,1,name+zip,True
2019,d03701,2019|cand|Mark Wallach,100.0,1,name+zip,True
2019,d03732,2019|cand|Mark Wallach,100.0,1,name+zip,True
2019,d03808,2019|cand|Mark Wallach,100.0,1,name+zip,True
2019,d03879,2019|cand|Mark Wallach,100.0,1,name+zip,True
2019,d03935,2019|cand|Mark Wallach,50.0,1,name+zip,True
2019,d04021,2019|cand|Mark Wallach,100.0,1,name+zip,True
2019,d04078,2019|cand|Mark Wallach,100.0,1,name+zip,True
2019,d04169,2019|cand|Mark Wallach,100.0,1,name+zip,True
2019,d04283,2019|cand|Mark Wallach,50.0,1,name+zip,True
2019,d04305,2019|cand|Mark Wallach,25.0,1,name+zip,True
2019,d04368,2019|cand|Mark Wallach,100.0,1,name+zip,True
2019,d04431,2019|cand|Mark Wallach,30.0,1,name+zip,True
2019,d04433,2019|cand|Mark Wallach,25.0,1,name+zip,True
2019,d04436,2019|cand|Mark Wallach,100.0,1,name+zip,True
2019,d04454,2019|cand|Mark Wallach,30.0,1,name+zip,True
2019,d04526,2019|cand|Mark Wallach,100.0,1,name+zip,True
2019,d04565,2019|cand|Mark Wallach,25.0,1,name+zip,True
2019,d04705,2019|cand|Mark Wallach,100.0,1,name+zip,True
2019,d04739,2019|cand|Mark Wallach,100.0,1,name+zip,True
2019,d04764,2019|cand|Mark Wallach,100.0,1,name+zip,True
2019,d04857,2019|cand|Mark Wallach,100.0,1,name+zip,True
2019,d04884,2019|cand|Mark Wallach,30.0,1,name+zip,True
2019,d04891,2019|cand|Mark Wallach,100.0,1,name+zip,True
2019,d04900,2019|cand|Mark Wallach,100.0,1,name+zip,True
2019,d04962,2019|cand|Mark Wallach,25.0,1,name+zip,True
2019,d05106,2019|cand|Mark Wallach,25.0,1,name+zip,True
2019,d05140,2019|cand|Mark Wallach,25.0,1,name+zip,True
2019,d05195,2019|cand|Mark Wallach,100.0,1,name+zip,True
2019,d05205,2019|cand|Mark Wallach,100.0,1,name+zip,True
2019,d05239,2019|cand|Mark Wallach,100.0,1,name+zip,True
2019,d05244,2019|cand|Mark Wallach,100.0,1,name+zip,True
2019,d05292,2019|cand|Mark Wallach,25.0,1,name+zip,True
2019,d05411,2019|cand|Mark Wallach,100.0,1,name+zip,True
2019,d05485,2019|cand|Mark Wallach,50.0,1,name+zip,True
2019,d05564,2019|cand|Mark Wallach,100.0,1,name+zip,True
2019,d05579,2019|cand|Mark Wallach,100.0,1,name+zip,True
2019,d05619,2019|cand|Mark Wallach,70.0,1,name+zip,True
2019,d05642,2019|cand|Mark Wallach,30.0,1,name+zip,True
2019,d05762,2019|cand|Mark Wallach,100.0,1,name+zip,True
2019,d05832,2019|cand|Mark Wallach,100.0,1,name+zip,True
2019,d05980,2019|cand|Mark Wallach,100.0,1,name+zip,True
2019,d06095,2019|cand|Mark Wallach,50.0,1,name+zip,True
2019,d06243,2019|cand|Mark Wallach,33.0,1,name+zip,True
2019,d06326,2019|cand|Mark Wallach,100.0,1,name+zip,True
2019,d06430,2019|cand|Mark Wallach,100.0,1,name+zip,True
2019,d06448,2019|cand|Mark Wallach,100.0,1,name+zip,True
2019,d06497,2019|cand|Mark Wallach,50.0,1,name+zip,True
2019,d06541,2019|cand|Mark Wallach,50.0,1,name+zip,True
2019,d06566,2019|cand|Mark Wallach,25.0,1,name+zip,True
2019,d06577,2019|cand|Mark Wallach,50.0,1,name+zip,True
2019,d06611,2019|cand|Mark Wallach,50.0,1,name+zip,True
2019,d06623,2019|cand|Mark Wallach,100.0,1,name+zip,True
2019,d06669,2019|cand|Mark Wallach,100.0,1,name+zip,True
2019,d06737,2019|cand|Mark Wallach,100.0,1,name+zip,True
2019,d06778,2019|cand|Mark Wallach,50.0,1,name+zip,True
2019,d06829,2019|cand|Mark Wallach,100.0,1,name+zip,True
2019,d06887,2019|cand|Mark Wallach,50.0,1,name+zip,True
2019,d06908,2019|cand|Mark Wallach,50.0,1,name+zip,True
2019,d06948,2019|cand|Mark Wallach,100.0,1,name+zip,True
2019,d07038,2019|cand|Mark Wallach,100.0,1,name+zip,True
2019,d07039,2019|cand|Mark Wallach,100.0,1,name+zip,True
2019,d07085,2019|cand|Mark Wallach,100.0,1,name+zip,True
2019,d07189,2019|cand|Mark Wallach,100.0,1,name+zip,True
2019,d07206,2019|cand|Mark Wallach,100.0,1,name+zip,True
2019,d07249,2019|cand|Mark Wallach,27.0,3,name+zip,True
2019,d07258,2019|cand|Mark Wallach,100.0,1,name+zip,True
2019,d07440,2019|cand|Mark Wallach,100.0,1,name+zip,True
2019,d07447,2019|cand|Mark Wallach,100.0,1,name+zip,True
2019,d07477,2019|cand|Mark Wallach,10.0,1,name+zip,True
2019,d07556,2019|cand|Mark Wallach,100.0,1,name+zip,True
2019,d07655,2019|cand|Mark Wallach,100.0,1,name+zip,True
2019,d07728,2019|cand|Mark Wallach,100.0,1,name+zip,True
2019,d07746,2019|cand|Mark Wallach,100.0,1,name+zip,True
2019,d07886,2019|cand|Mark Wallach,100.0,1,name+zip,True
2019,d07939,2019|cand|Mark Wallach,100.0,1,name+zip,True
2019,d07947,2019|cand|Mark Wallach,35.0,1,name+zip,True
2019,d08069,2019|cand|Mark Wallach,100.0,1,name+zip,True
2019,d08085,2019|cand|Mark Wallach,100.0,1,name+zip,True
2019,d00025,2019|cand|Nikki McCord,50.0,1,name+zip,True
2019,d00102,2019|cand|Nikki McCord,25.0,1,name+zip,True
2019,d00186,2019|cand|Nikki McCord,25.0,1,name+zip,True
2019,d00256,2019|cand|Nikki McCord,100.0,2,name+zip,True
2019,d00273,2019|cand|Nikki McCord,50.0,1,name+zip,True
2019,d00314,2019|cand|Nikki McCord,100.0,1,name+zip,True
2019,d00344,2019|cand|Nikki McCord,50.0,1,name+zip,True
2019,d00354,2019|cand|Nikki McCord,50.0,1,name+zip,True
2019,d00424,2019|cand|Nikki McCord,50.0,1,name+zip,True
2019,d00495,2019|cand|Nikki McCord,100.0,1,name+zip,True
2019,d00541,2019|cand|Nikki McCord,20.0,1,name+zip,True
2019,d00599,2019|cand|Nikki McCord,25.0,1,name+zip,True
2019,d00656,2019|cand|Nikki McCord,100.0,1,name+zip,True
2019,d00683,2019|cand|Nikki McCord,100.0,1,name+zip,True
2019,d00713,2019|cand|Nikki McCord,100.0,1,name+zip,True
2019,d00754,2019|cand|Nikki McCord,20.0,1,name+zip,True
2019,d00831,2019|cand|Nikki McCord,25.0,1,name+zip,True
2019,d00837,2019|cand|Nikki McCord,25.0,1,name+zip,True
2019,d00856,2019|cand|Nikki McCord,100.0,1,name+zip,False
2019,d00976,2019|cand|Nikki McCord,20.0,1,name+zip,True
2019,d00983,2019|cand|Nikki McCord,25.0,1,name+zip,True
2019,d01035,2019|cand|Nikki McCord,50.0,1,name+zip,True
2019,d01079,2019|cand|Nikki McCord,30.0,1,name+zip,True
2019,d01155,2019|cand|Nikki McCord,50.0,1,name+zip,True
2019,d01252,2019|cand|Nikki McCord,100.0,1,name+zip,True
2019,d01478,2019|cand|Nikki McCord,100.0,1,name+zip,True
2019,d01517,2019|cand|Nikki McCord,50.0,1,name+zip,True
2019,d01521,2019|cand|Nikki McCord,50.0,1,name+zip,True
2019,d01562,2019|cand|Nikki McCord,50.0,1,name+zip,False
2019,d01591,2019|cand|Nikki McCord,100.0,1,name+zip,True
2019,d01722,2019|cand|Nikki McCord,25.0,1,name+zip,True
2019,d01760,2019|cand|Nikki McCord,50.0,1,name+zip,True
2019,d01808,2019|cand|Nikki McCord,100.0,1,name+zip,True
2019,d01924,2019|cand|Nikki McCord,100.0,1,name+zip,True
2019,d01933,2019|cand|Nikki McCord,50.0,1,name+zip,True
2019,d01936,2019|cand|Nikki McCord,100.0,1,name+zip,True
2019,d01988,2019|cand|Nikki McCord,40.0,1,name+zip,True
2019,d02090,2019|cand|Nikki McCord,100.0,1,name+zip,True
2019,d02106,2019|cand|Nikki McCord,100.0,1,name+zip,True
2019,d02177,2019|cand|Nikki McCord,25.0,1,name+zip,True
2019,d02238,2019|cand|Nikki McCord,40.0,1,name+zip,True
2019,d02321,2019|cand|Nikki McCord,100.0,1,name+zip,True
2019,d02352,2019|cand|Nikki McCord,100.0,1,name+zip,True
2019,d02395,2019|cand|Nikki McCord,10.0,1,name+zip,True
2019,d02448,2019|cand|Nikki McCord,100.0,1,name+zip,True
2019,d02494,2019|cand|Nikki McCord,100.0,1,name+zip,True
2019,d02517,2019|cand|Nikki McCord,30.0,1,name+zip,True
2019,d02521,2019|cand|Nikki McCord,50.0,1,name+zip,True
2019,d02612,2019|cand|Nikki McCord,50.0,1,name+zip,True
2019,d02716,2019|cand|Nikki McCord,10.0,1,name+zip,True
2019,d02836,2019|cand|Nikki McCord,25.0,1,name+zip,True
2019,d02916,2019|cand|Nikki McCord,100.0,1,name+zip,True
2019,d02917,2019|cand|Nikki McCord,25.0,1,name+zip,True
2019,d02966,2019|cand|Nikki McCord,50.0,1,name+zip,True
2019,d03007,2019|cand|Nikki McCord,10.0,1,name+zip,True
2019,d03008,2019|cand|Nikki McCord,100.0,1,name+zip,True
2019,d03057,2019|cand|Nikki McCord,100.0,1,name+zip,True
2019,d03168,2019|cand|Nikki McCord,100.0,1,name+zip,True
2019,d03177,2019|cand|Nikki McCord,20.0,1,name+zip,True
2019,d03358,2019|cand|Nikki McCord,100.0,1,name+zip,True
2019,d03369,2019|cand|Nikki McCord,100.0,1,name+zip,True
2019,d03586,2019|cand|Nikki McCord,50.0,1,name+zip,True
2019,d03596,2019|cand|Nikki McCord,15.0,1,name+zip,True
2019,d03674,2019|cand|Nikki McCord,25.0,1,name+zip,True
2019,d03782,2019|cand|Nikki McCord,50.0,1,name+zip,True
2019,d03885,2019|cand|Nikki McCord,25.0,1,name+zip,False
2019,d03941,2019|cand|Nikki McCord,100.0,1,name+zip,True
2019,d03962,2019|cand|Nikki McCord,50.0,1,name+zip,True
2019,d04004,2019|cand|Nikki McCord,100.0,1,name+zip,True
2019,d04006,2019|cand|Nikki McCord,100.0,1,name+zip,True
2019,d04220,2019|cand|Nikki McCord,35.0,1,name+zip,True
2019,d04265,2019|cand|Nikki McCord,25.0,1,name+zip,True
2019,d04424,2019|cand|Nikki McCord,25.0,1,name+zip,True
2019,d04433,2019|cand|Nikki McCord,25.0,1,name+zip,True
2019,d04435,2019|cand|Nikki McCord,100.0,1,name+zip,True
2019,d04440,2019|cand|Nikki McCord,50.0,1,name+zip,True
2019,d04534,2019|cand|Nikki McCord,25.0,1,name+zip,True
2019,d04695,2019|cand|Nikki McCord,10.0,1,name+zip,True
2019,d04720,2019|cand|Nikki McCord,50.0,1,name+zip,True
2019,d04751,2019|cand|Nikki McCord,50.0,1,name+zip,True
2019,d04859,2019|cand|Nikki McCord,50.0,1,name+zip,True
2019,d04861,2019|cand|Nikki McCord,100.0,1,name+zip,True
2019,d04891,2019|cand|Nikki McCord,100.0,1,name+zip,True
2019,d04902,2019|cand|Nikki McCord,100.0,2,name+zip,True
2019,d04924,2019|cand|Nikki McCord,25.0,1,name+zip,True
2019,d04963,2019|cand|Nikki McCord,30.0,1,name+zip,True
2019,d04968,2019|cand|Nikki McCord,100.0,1,name+zip,True
2019,d05069,2019|cand|Nikki McCord,40.0,1,name+zip,True
2019,d05118,2019|cand|Nikki McCord,100.0,1,name+zip,True
2019,d05151,2019|cand|Nikki McCord,50.0,1,name+zip,True
2019,d05330,2019|cand|Nikki McCord,50.0,1,name+zip,True
2019,d05340,2019|cand|Nikki McCord,50.0,1,name+zip,True
2019,d05398,2019|cand|Nikki McCord,25.0,1,name+zip,True
2019,d05426,2019|cand|Nikki McCord,25.0,1,name+zip,True
2019,d05553,2019|cand|Nikki McCord,100.0,1,name+zip,True
2019,d05560,2019|cand|Nikki McCord,100.0,1,name+zip,True
2019,d05584,2019|cand|Nikki McCord,25.0,1,name+zip,True
2019,d05588,2019|cand|Nikki McCord,25.0,1,name+zip,True
2019,d05594,2019|cand|Nikki McCord,100.0,1,name+zip,True
2019,d05768,2019|cand|Nikki McCord,100.0,1,name+zip,True
2019,d05773,2019|cand|Nikki McCord,50.0,1,name+zip,True
2019,d05813,2019|cand|Nikki McCord,50.0,1,name+zip,True
2019,d05872,2019|cand|Nikki McCord,100.0,1,name+zip,True
2019,d05910,2019|cand|Nikki McCord,100.0,1,name+zip,True
2019,d05989,2019|cand|Nikki McCord,100.0,1,name+zip,True
2019,d06122,2019|cand|Nikki McCord,50.0,1,name+zip,True
2019,d06144,2019|cand|Nikki McCord,100.0,1,name+zip,True
2019,d06186,2019|cand|Nikki McCord,25.0,1,name+zip,True
2019,d06252,2019|cand|Nikki McCord,50.0,1,name+zip,True
2019,d06265,2019|cand|Nikki McCord,20.0,1,name+zip,True
2019,d06336,2019|cand|Nikki McCord,50.0,1,name+zip,True
2019,d06381,2019|cand|Nikki McCord,50.0,1,name+zip,True
2019,d06408,2019|cand|Nikki McCord,100.0,1,name+zip,True
2019,d06447,2019|cand|Nikki McCord,100.0,1,name+zip,True
2019,d06494,2019|cand|Nikki McCord,50.0,1,name+zip,True
2019,d06535,2019|cand|Nikki McCord,20.0,1,name+zip,True
2019,d06549,2019|cand|Nikki McCord,50.0,1,name+zip,True
2019,d06556,2019|cand|Nikki McCord,50.0,1,name+zip,True
2019,d06594,2019|cand|Nikki McCord,100.0,1,name+zip,True
2019,d06615,2019|cand|Nikki McCord,50.0,1,name+zip,True
2019,d06758,2019|cand|Nikki McCord,100.0,1,name+zip,True
2019,d06775,2019|cand|Nikki McCord,25.0,1,name+zip,True
2019,d06786,2019|cand|Nikki McCord,30.0,1,name+zip,True
2019,d06881,2019|cand|Nikki McCord,100.0,1,name+zip,True
2019,d06917,2019|cand|Nikki McCord,100.0,1,name+zip,True
2019,d07077,2019|cand|Nikki McCord,50.0,1,name+zip,True
2019,d07096,2019|cand|Nikki McCord,50.0,1,name+zip,True
2019,d07112,2019|cand|Nikki McCord,100.0,1,name+zip,True
2019,d07224,2019|cand|Nikki McCord,50.0,1,name+zip,True
2019,d07375,2019|cand|Nikki McCord,50.0,1,name+zip,True
2019,d07419,2019|cand|Nikki McCord,50.0,1,name+zip,True
2019,d07464,2019|cand|Nikki McCord,100.0,1,name+zip,True
2019,d07465,2019|cand|Nikki McCord,25.0,1,name+zip,True
2019,d07522,2019|cand|Nikki McCord,100.0,1,name+zip,True
2019,d07554,2019|cand|Nikki McCord,50.0,1,name+zip,True
2019,d07583,2019|cand|Nikki McCord,100.0,1,name+zip,True
2019,d07646,2019|cand|Nikki McCord,100.0,1,name+zip,True
2019,d07834,2019|cand|Nikki McCord,50.0,1,name+zip,True
2019,d07840,2019|cand|Nikki McCord,50.0,1,name+zip,True
2019,d07902,2019|cand|Nikki McCord,30.0,1,name+zip,False
2019,d07930,2019|cand|Nikki McCord,100.0,1,name+zip,True
2019,d08067,2019|cand|Nikki McCord,50.0,1,name+zip,True
2019,d00416,2019|cand|Paul Cure,100.0,1,name+zip,False
2019,d01169,2019|cand|Paul Cure,50.0,1,name+zip,True
2019,d02616,2019|cand|Paul Cure,100.0,1,name+zip,True
2019,d04368,2019|cand|Paul Cure,100.0,1,name+zip,True
2019,d04585,2019|cand|Paul Cure,100.0,1,name+zip,True
2019,d06707,2019|cand|Paul Cure,100.0,1,name+zip,True
2019,d07694,2019|cand|Paul Cure,50.0,1,name+zip,True
2019,d08060,2019|cand|Paul Cure,20.0,1,name+zip,True
2019,d00168,2019|cand|Rachel Friend,100.0,1,name+zip,False
2019,d00189,2019|cand|Rachel Friend,25.0,1,name+zip,False
2019,d00193,2019|cand|Rachel Friend,20.0,1,name+zip,False
2019,d00199,2019|cand|Rachel Friend,100.0,1,name+zip,False
2019,d00214,2019|cand|Rachel Friend,28.0,1,name+zip,False
2019,d00295,2019|cand|Rachel Friend,100.0,1,name+zip,True
2019,d00329,2019|cand|Rachel Friend,10.0,1,name+zip,True
2019,d00406,2019|cand|Rachel Friend,50.0,1,name+zip,False
2019,d00423,2019|cand|Rachel Friend,100.0,1,name+zip,True
2019,d00438,2019|cand|Rachel Friend,100.0,1,name+zip,False
2019,d00505,2019|cand|Rachel Friend,100.0,1,name+zip,False
2019,d00645,2019|cand|Rachel Friend,75.0,2,name+zip,False
2019,d00672,2019|cand|Rachel Friend,50.0,1,name+zip,False
2019,d00686,2019|cand|Rachel Friend,100.0,1,name+zip,False
2019,d00690,2019|cand|Rachel Friend,50.0,1,name+zip,True
2019,d00709,2019|cand|Rachel Friend,100.0,1,name+zip,False
2019,d00763,2019|cand|Rachel Friend,91.92,1,name+zip,False
2019,d01178,2019|cand|Rachel Friend,25.0,1,name+zip,False
2019,d01238,2019|cand|Rachel Friend,25.0,1,name+zip,True
2019,d01285,2019|cand|Rachel Friend,50.0,1,name+zip,False
2019,d01352,2019|cand|Rachel Friend,25.0,1,name+zip,False
2019,d01422,2019|cand|Rachel Friend,10.0,1,name+zip,False
2019,d01423,2019|cand|Rachel Friend,50.0,1,name+zip,False
2019,d01451,2019|cand|Rachel Friend,50.0,1,name+zip,False
2019,d01527,2019|cand|Rachel Friend,100.0,1,name+zip,False
2019,d01587,2019|cand|Rachel Friend,25.0,1,name+zip,False
2019,d01655,2019|cand|Rachel Friend,100.0,1,name+zip,False
2019,d01679,2019|cand|Rachel Friend,100.0,1,name+zip,False
2019,d01870,2019|cand|Rachel Friend,100.0,1,name+zip,False
2019,d01883,2019|cand|Rachel Friend,50.0,1,name+zip,False
2019,d01995,2019|cand|Rachel Friend,25.0,1,name+zip,False
2019,d02000,2019|cand|Rachel Friend,100.0,1,name+zip,False
2019,d02100,2019|cand|Rachel Friend,50.0,1,name+zip,False
2019,d02161,2019|cand|Rachel Friend,100.0,1,name+zip,False
2019,d02165,2019|cand|Rachel Friend,50.0,1,name+zip,True
2019,d02284,2019|cand|Rachel Friend,25.0,1,name+zip,False
2019,d02429,2019|cand|Rachel Friend,50.0,1,name+zip,False
2019,d02463,2019|cand|Rachel Friend,100.0,1,name+zip,False
2019,d02528,2019|cand|Rachel Friend,25.0,1,name+zip,False
2019,d02547,2019|cand|Rachel Friend,50.0,1,name+zip,False
2019,d02556,2019|cand|Rachel Friend,25.0,1,name+zip,False
2019,d02637,2019|cand|Rachel Friend,100.0,1,name+zip,False
2019,d02658,2019|cand|Rachel Friend,25.0,1,name+zip,False
2019,d02703,2019|cand|Rachel Friend,100.0,1,name+zip,False
2019,d02864,2019|cand|Rachel Friend,100.0,1,name+zip,False
2019,d02959,2019|cand|Rachel Friend,100.0,1,name+zip,False
2019,d02974,2019|cand|Rachel Friend,75.0,1,name+zip,False
2019,d02983,2019|cand|Rachel Friend,25.0,1,name+zip,False
2019,d03004,2019|cand|Rachel Friend,50.0,1,name+zip,False
2019,d03183,2019|cand|Rachel Friend,50.0,1,name+zip,False
2019,d03253,2019|cand|Rachel Friend,100.0,1,name+zip,False
2019,d03322,2019|cand|Rachel Friend,100.0,1,name+zip,False
2019,d03336,2019|cand|Rachel Friend,100.0,1,name+zip,False
2019,d03380,2019|cand|Rachel Friend,100.0,1,name+zip,False
2019,d03394,2019|cand|Rachel Friend,100.0,1,name+zip,False
2019,d03397,2019|cand|Rachel Friend,50.0,1,name+zip,False
2019,d03522,2019|cand|Rachel Friend,50.0,1,name+zip,False
2019,d03553,2019|cand|Rachel Friend,100.0,1,name+zip,False
2019,d03617,2019|cand|Rachel Friend,25.0,1,name+zip,False
2019,d03622,2019|cand|Rachel Friend,25.0,1,name+zip,False
2019,d03641,2019|cand|Rachel Friend,50.0,1,name+zip,False
2019,d03651,2019|cand|Rachel Friend,100.0,1,name+zip,False
2019,d03671,2019|cand|Rachel Friend,25.0,1,name+zip,False
2019,d03673,2019|cand|Rachel Friend,100.0,1,name+zip,False
2019,d03720,2019|cand|Rachel Friend,10.0,1,name+zip,False
2019,d03730,2019|cand|Rachel Friend,25.0,1,name+zip,False
2019,d03740,2019|cand|Rachel Friend,50.0,1,name+zip,False
2019,d03861,2019|cand|Rachel Friend,100.0,1,name+zip,True
2019,d03925,2019|cand|Rachel Friend,100.0,1,name+zip,False
2019,d04032,2019|cand|Rachel Friend,100.0,1,name+zip,False
2019,d04135,2019|cand|Rachel Friend,25.0,1,name+zip,False
2019,d04170,2019|cand|Rachel Friend,50.0,1,name+zip,False
2019,d04182,2019|cand|Rachel Friend,25.0,1,name+zip,False
2019,d04222,2019|cand|Rachel Friend,100.0,1,name+zip,False
2019,d04241,2019|cand|Rachel Friend,100.0,1,name+zip,False
2019,d04253,2019|cand|Rachel Friend,100.0,1,name+zip,False
2019,d04324,2019|cand|Rachel Friend,25.0,1,name+zip,False
2019,d04463,2019|cand|Rachel Friend,100.0,1,name+zip,False
2019,d04676,2019|cand|Rachel Friend,25.0,1,name+zip,False
2019,d04697,2019|cand|Rachel Friend,100.0,1,name+zip,False
2019,d04713,2019|cand|Rachel Friend,25.0,1,name+zip,False
2019,d04803,2019|cand|Rachel Friend,100.0,1,name+zip,False
2019,d04912,2019|cand|Rachel Friend,100.0,1,name+zip,True
2019,d04917,2019|cand|Rachel Friend,25.0,1,name+zip,False
2019,d04933,2019|cand|Rachel Friend,100.0,1,name+zip,False
2019,d04951,2019|cand|Rachel Friend,100.0,1,name+zip,False
2019,d05031,2019|cand|Rachel Friend,100.0,1,name+zip,True
2019,d05064,2019|cand|Rachel Friend,100.0,2,name+zip,False
2019,d05318,2019|cand|Rachel Friend,25.0,1,name+zip,False
2019,d05345,2019|cand|Rachel Friend,25.0,1,name+zip,False
2019,d05351,2019|cand|Rachel Friend,100.0,1,name+zip,False
2019,d05437,2019|cand|Rachel Friend,25.0,1,name+zip,False
2019,d05471,2019|cand|Rachel Friend,25.0,1,name+zip,False
2019,d05512,2019|cand|Rachel Friend,25.0,1,name+zip,False
2019,d05539,2019|cand|Rachel Friend,100.0,1,name+zip,False
2019,d05546,2019|cand|Rachel Friend,12.0,1,name+zip,False
2019,d05625,2019|cand|Rachel Friend,100.0,1,name+zip,False
2019,d05749,2019|cand|Rachel Friend,25.0,1,name+zip,False
2019,d05751,2019|cand|Rachel Friend,50.0,1,name+zip,False
2019,d05831,2019|cand|Rachel Friend,50.0,1,name+zip,False
2019,d05835,2019|cand|Rachel Friend,25.0,1,name+zip,False
2019,d05855,2019|cand|Rachel Friend,25.0,1,name+zip,False
2019,d05865,2019|cand|Rachel Friend,100.0,1,name+zip,True
2019,d05903,2019|cand|Rachel Friend,100.0,1,name+zip,False
2019,d05904,2019|cand|Rachel Friend,100.0,1,name+zip,False
2019,d05918,2019|cand|Rachel Friend,25.0,1,name+zip,False
2019,d05984,2019|cand|Rachel Friend,100.0,1,name+zip,False
2019,d06178,2019|cand|Rachel Friend,25.0,1,name+zip,True
2019,d06211,2019|cand|Rachel Friend,100.0,1,name+zip,False
2019,d06225,2019|cand|Rachel Friend,100.0,1,name+zip,False
2019,d06266,2019|cand|Rachel Friend,100.0,1,name+zip,False
2019,d06305,2019|cand|Rachel Friend,100.0,1,name+zip,False
2019,d06308,2019|cand|Rachel Friend,100.0,1,name+zip,False
2019,d06376,2019|cand|Rachel Friend,73.0,1,name+zip,False
2019,d06391,2019|cand|Rachel Friend,100.0,1,name+zip,False
2019,d06431,2019|cand|Rachel Friend,53.34,1,name+zip,False
2019,d06449,2019|cand|Rachel Friend,25.0,1,name+zip,False
2019,d06526,2019|cand|Rachel Friend,100.0,1,name+zip,True
2019,d06583,2019|cand|Rachel Friend,50.0,1,name+zip,False
2019,d06600,2019|cand|Rachel Friend,100.0,1,name+zip,False
2019,d06647,2019|cand|Rachel Friend,25.0,1,name+zip,True
2019,d06670,2019|cand|Rachel Friend,10.0,1,name+zip,False
2019,d06673,2019|cand|Rachel Friend,50.0,1,name+zip,False
2019,d06798,2019|cand|Rachel Friend,35.0,2,name+zip,False
2019,d06858,2019|cand|Rachel Friend,100.0,1,name+zip,False
2019,d06888,2019|cand|Rachel Friend,25.0,1,name+zip,False
2019,d06902,2019|cand|Rachel Friend,90.0,2,name+zip,False
2019,d06949,2019|cand|Rachel Friend,50.0,1,name+zip,False
2019,d06952,2019|cand|Rachel Friend,100.0,1,name+zip,False
2019,d06997,2019|cand|Rachel Friend,90.0,1,name+zip,True
2019,d07020,2019|cand|Rachel Friend,100.0,1,name+zip,False
2019,d07104,2019|cand|Rachel Friend,100.0,1,name+zip,False
2019,d07171,2019|cand|Rachel Friend,50.0,1,name+zip,False
2019,d07179,2019|cand|Rachel Friend,50.0,1,name+zip,False
2019,d07338,2019|cand|Rachel Friend,100.0,1,name+zip,False
2019,d07340,2019|cand|Rachel Friend,25.0,1,name+zip,False
2019,d07409,2019|cand|Rachel Friend,100.0,1,name+zip,False
2019,d07411,2019|cand|Rachel Friend,100.0,1,name+zip,False
2019,d07416,2019|cand|Rachel Friend,100.0,1,name+zip,False
2019,d07440,2019|cand|Rachel Friend,100.0,1,name+zip,True
2019,d07537,2019|cand|Rachel Friend,100.0,1,name+zip,False
2019,d07539,2019|cand|Rachel Friend,100.0,1,name+zip,False
2019,d07564,2019|cand|Rachel Friend,50.0,1,name+zip,False
2019,d07582,2019|cand|Rachel Friend,100.0,1,name+zip,False
2019,d07660,2019|cand|Rachel Friend,25.0,1,name+zip,False
2019,d07680,2019|cand|Rachel Friend,25.0,1,name+zip,False
2019,d07780,2019|cand|Rachel Friend,100.0,1,name+zip,False
2019,d07811,2019|cand|Rachel Friend,25.0,1,name+zip,True
2019,d07887,2019|cand|Rachel Friend,100.0,1,name+zip,False
2019,d07914,2019|cand|Rachel Friend,100.0,1,name+zip,False
2019,d08025,2019|cand|Rachel Friend,100.0,1,name+zip,False
2019,d08042,2019|cand|Rachel Friend,100.0,1,name+zip,True
2019,d08047,2019|cand|Rachel Friend,50.0,1,name+zip,False
2019,d08076,2019|cand|Rachel Friend,100.0,1,name+zip,False
2019,d08093,2019|cand|Rachel Friend,100.0,1,name+zip,False
2019,d08147,2019|cand|Rachel Friend,50.0,1,name+zip,False
2019,d08156,2019|cand|Rachel Friend,100.0,1,name+zip,False
2019,d00004,2019|cand|Robert Yates,100.0,1,name+zip,True
2019,d00030,2019|cand|Robert Yates,100.0,1,name+zip,True
2019,d00036,2019|cand|Robert Yates,100.0,1,name+zip,True
2019,d00050,2019|cand|Robert Yates,100.0,1,name+zip,True
2019,d00086,2019|cand|Robert Yates,55.0,1,name+zip,True
2019,d00108,2019|cand|Robert Yates,100.0,1,name+zip,True
2019,d00109,2019|cand|Robert Yates,100.0,1,name+zip,True
2019,d00284,2019|cand|Robert Yates,100.0,1,name+zip,True
2019,d00298,2019|cand|Robert Yates,50.0,1,name+zip,True
2019,d00317,2019|cand|Robert Yates,100.0,1,name+zip,True
2019,d00342,2019|cand|Robert Yates,50.0,1,name+zip,True
2019,d00361,2019|cand|Robert Yates,100.0,1,name+zip,True
2019,d00386,2019|cand|Robert Yates,100.0,1,name+zip,True
2019,d00451,2019|cand|Robert Yates,100.0,1,name+zip,True
2019,d00472,2019|cand|Robert Yates,100.0,1,name+zip,True
2019,d00479,2019|cand|Robert Yates,100.0,1,name+zip,True
2019,d00558,2019|cand|Robert Yates,100.0,1,name+zip,True
2019,d00588,2019|cand|Robert Yates,20.0,1,name+zip,True
2019,d00609,2019|cand|Robert Yates,100.0,1,name+zip,True
2019,d00612,2019|cand|Robert Yates,25.0,1,name+zip,True
2019,d00631,2019|cand|Robert Yates,100.0,1,name+zip,True
2019,d00730,2019|cand|Robert Yates,100.0,1,name+zip,True
2019,d00738,2019|cand|Robert Yates,100.0,1,name+zip,True
2019,d00775,2019|cand|Robert Yates,100.0,1,name+zip,True
2019,d00788,2019|cand|Robert Yates,100.0,1,name+zip,True
2019,d00835,2019|cand|Robert Yates,100.0,1,name+zip,True
2019,d00858,2019|cand|Robert Yates,100.0,1,name+zip,True
2019,d00947,2019|cand|Robert Yates,100.0,1,name+zip,True
2019,d00959,2019|cand|Robert Yates,50.0,1,name+zip,True
2019,d00987,2019|cand|Robert Yates,100.0,1,name+zip,True
2019,d01002,2019|cand|Robert Yates,100.0,1,name+zip,True
2019,d01041,2019|cand|Robert Yates,100.0,1,name+zip,True
2019,d01049,2019|cand|Robert Yates,100.0,1,name+zip,True
2019,d01097,2019|cand|Robert Yates,100.0,1,name+zip,True
2019,d01109,2019|cand|Robert Yates,100.0,1,name+zip,True
2019,d01156,2019|cand|Robert Yates,100.0,1,name+zip,True
2019,d01188,2019|cand|Robert Yates,50.0,1,name+zip,True
2019,d01226,2019|cand|Robert Yates,100.0,1,name+zip,True
2019,d01230,2019|cand|Robert Yates,100.0,1,name+zip,True
2019,d01269,2019|cand|Robert Yates,100.0,1,name+zip,True
2019,d01274,2019|cand|Robert Yates,20.0,1,name+zip,True
2019,d01336,2019|cand|Robert Yates,50.0,1,name+zip,True
2019,d01389,2019|cand|Robert Yates,100.0,1,name+zip,True
2019,d01411,2019|cand|Robert Yates,25.0,1,name+zip,True
2019,d01458,2019|cand|Robert Yates,100.0,1,name+zip,True
2019,d01477,2019|cand|Robert Yates,100.0,1,name+zip,True
2019,d01484,2019|cand|Robert Yates,100.0,1,name+zip,True
2019,d01509,2019|cand|Robert Yates,50.0,1,name+zip,True
2019,d01581,2019|cand|Robert Yates,100.0,1,name+zip,True
2019,d01623,2019|cand|Robert Yates,100.0,1,name+zip,True
2019,d01656,2019|cand|Robert Yates,100.0,1,name+zip,True
2019,d01662,2019|cand|Robert Yates,100.0,1,name+zip,True
2019,d01720,2019|cand|Robert Yates,100.0,1,name+zip,True
2019,d01727,2019|cand|Robert Yates,100.0,1,name+zip,True
2019,d01745,2019|cand|Robert Yates,100.0,1,name+zip,True
2019,d01761,2019|cand|Robert Yates,100.0,1,name+zip,True
2019,d01763,2019|cand|Robert Yates,100.0,1,name+zip,True
2019,d01890,2019|cand|Robert Yates,100.0,1,name+zip,True
2019,d01963,2019|cand|Robert Yates,100.0,1,name+zip,True
2019,d01967,2019|cand|Robert Yates,100.0,1,name+zip,True
2019,d01968,2019|cand|Robert Yates,50.0,1,name+zip,True
2019,d02008,2019|cand|Robert Yates,100.0,1,name+zip,True
2019,d02011,2019|cand|Robert Yates,100.0,1,name+zip,True
2019,d02018,2019|cand|Robert Yates,100.0,1,name+zip,True
2019,d02023,2019|cand|Robert Yates,100.0,1,name+zip,True
2019,d02034,2019|cand|Robert Yates,100.0,1,name+zip,True
2019,d02041,2019|cand|Robert Yates,100.0,1,name+zip,True
2019,d02087,2019|cand|Robert Yates,25.0,1,name+zip,True
2019,d02095,2019|cand|Robert Yates,100.0,1,name+zip,True
2019,d02112,2019|cand|Robert Yates,100.0,1,name+zip,True
2019,d02173,2019|cand|Robert Yates,100.0,1,name+zip,True
2019,d02212,2019|cand|Robert Yates,50.0,1,name+zip,True
2019,d02399,2019|cand|Robert Yates,100.0,1,name+zip,True
2019,d02411,2019|cand|Robert Yates,100.0,1,name+zip,True
2019,d02414,2019|cand|Robert Yates,13.75,1,name+zip,True
2019,d02427,2019|cand|Robert Yates,100.0,1,name+zip,True
2019,d02459,2019|cand|Robert Yates,25.0,1,name+zip,True
2019,d02490,2019|cand|Robert Yates,50.0,1,name+zip,True
2019,d02501,2019|cand|Robert Yates,100.0,1,name+zip,True
2019,d02507,2019|cand|Robert Yates,25.0,1,name+zip,True
2019,d02542,2019|cand|Robert Yates,100.0,1,name+zip,True
2019,d02595,2019|cand|Robert Yates,50.0,1,name+zip,True
2019,d02606,2019|cand|Robert Yates,100.0,1,name+zip,True
2019,d02608,2019|cand|Robert Yates,50.0,1,name+zip,True
2019,d02693,2019|cand|Robert Yates,50.0,1,name+zip,True
2019,d02697,2019|cand|Robert Yates,100.0,1,name+zip,True
2019,d02702,2019|cand|Robert Yates,100.0,1,name+zip,True
2019,d02760,2019|cand|Robert Yates,100.0,1,name+zip,True
2019,d02782,2019|cand|Robert Yates,100.0,1,name+zip,True
2019,d02785,2019|cand|Robert Yates,100.0,1,name+zip,True
2019,d02806,2019|cand|Robert Yates,100.0,1,name+zip,True
2019,d02849,2019|cand|Robert Yates,25.0,1,name+zip,True
2019,d02948,2019|cand|Robert Yates,50.0,1,name+zip,True
2019,d02977,2019|cand|Robert Yates,100.0,1,name+zip,True
2019,d02985,2019|cand|Robert Yates,100.0,1,name+zip,True
2019,d03005,2019|cand|Robert Yates,100.0,1,name+zip,True
2019,d03056,2019|cand|Robert Yates,100.0,1,name+zip,True
2019,d03077,2019|cand|Robert Yates,20.0,1,name+zip,True
2019,d03093,2019|cand|Robert Yates,100.0,1,name+zip,True
2019,d03159,2019|cand|Robert Yates,100.0,1,name+zip,True
2019,d03170,2019|cand|Robert Yates,50.0,1,name+zip,True
2019,d03193,2019|cand|Robert Yates,100.0,1,name+zip,True
2019,d03286,2019|cand|Robert Yates,50.0,1,name+zip,True
2019,d03297,2019|cand|Robert Yates,50.0,1,name+zip,True
2019,d03368,2019|cand|Robert Yates,20.0,1,name+zip,True
2019,d03410,2019|cand|Robert Yates,100.0,1,name+zip,True
2019,d03412,2019|cand|Robert Yates,100.0,1,name+zip,True
2019,d03424,2019|cand|Robert Yates,40.0,1,name+zip,True
2019,d03426,2019|cand|Robert Yates,100.0,1,name+zip,True
2019,d03428,2019|cand|Robert Yates,20.0,1,name+zip,True
2019,d03432,2019|cand|Robert Yates,100.0,1,name+zip,True
2019,d03469,2019|cand|Robert Yates,100.0,1,name+zip,True
2019,d03481,2019|cand|Robert Yates,100.0,1,name+zip,True
2019,d03503,2019|cand|Robert Yates,50.0,1,name+zip,True
2019,d03529,2019|cand|Robert Yates,100.0,1,name+zip,True
2019,d03635,2019|cand|Robert Yates,100.0,1,name+zip,True
2019,d03640,2019|cand|Robert Yates,100.0,1,name+zip,True
2019,d03652,2019|cand|Robert Yates,25.0,1,name+zip,True
2019,d03658,2019|cand|Robert Yates,100.0,1,name+zip,True
2019,d03677,2019|cand|Robert Yates,100.0,1,name+zip,True
2019,d03717,2019|cand|Robert Yates,50.0,1,name+zip,True
2019,d03766,2019|cand|Robert Yates,100.0,1,name+zip,True
2019,d03807,2019|cand|Robert Yates,50.0,1,name+zip,True
2019,d03863,2019|cand|Robert Yates,100.0,1,name+zip,True
2019,d03883,2019|cand|Robert Yates,100.0,1,name+zip,True
2019,d03908,2019|cand|Robert Yates,10.0,1,name+zip,True
2019,d03937,2019|cand|Robert Yates,50.0,1,name+zip,True
2019,d03941,2019|cand|Robert Yates,100.0,1,name+zip,True
2019,d03972,2019|cand|Robert Yates,100.0,1,name+zip,True
2019,d04020,2019|cand|Robert Yates,100.0,1,name+zip,True
2019,d04119,2019|cand|Robert Yates,100.0,1,name+zip,True
2019,d04126,2019|cand|Robert Yates,50.0,1,name+zip,True
2019,d04130,2019|cand|Robert Yates,100.0,1,name+zip,True
2019,d04136,2019|cand|Robert Yates,100.0,1,name+zip,True
2019,d04193,2019|cand|Robert Yates,100.0,1,name+zip,True
2019,d04199,2019|cand|Robert Yates,100.0,1,name+zip,True
2019,d04200,2019|cand|Robert Yates,100.0,1,name+zip,True
2019,d04310,2019|cand|Robert Yates,25.0,1,name+zip,True
2019,d04382,2019|cand|Robert Yates,25.0,1,name+zip,True
2019,d04413,2019|cand|Robert Yates,25.0,1,name+zip,True
2019,d04471,2019|cand|Robert Yates,100.0,1,name+zip,True
2019,d04477,2019|cand|Robert Yates,50.0,1,name+zip,True
2019,d04547,2019|cand|Robert Yates,100.0,1,name+zip,True
2019,d04660,2019|cand|Robert Yates,100.0,1,name+zip,True
2019,d04686,2019|cand|Robert Yates,100.0,1,name+zip,True
2019,d04715,2019|cand|Robert Yates,100.0,1,name+zip,True
2019,d04716,2019|cand|Robert Yates,100.0,1,name+zip,True
2019,d04741,2019|cand|Robert Yates,100.0,1,name+zip,True
2019,d04777,2019|cand|Robert Yates,100.0,1,name+zip,True
2019,d04824,2019|cand|Robert Yates,100.0,1,name+zip,True
2019,d04850,2019|cand|Robert Yates,100.0,1,name+zip,True
2019,d04901,2019|cand|Robert Yates,100.0,1,name+zip,True
2019,d04981,2019|cand|Robert Yates,100.0,1,name+zip,True
2019,d04986,2019|cand|Robert Yates,50.0,1,name+zip,True
2019,d05022,2019|cand|Robert Yates,100.0,1,name+zip,True
2019,d05034,2019|cand|Robert Yates,100.0,1,name+zip,True
2019,d05044,2019|cand|Robert Yates,100.0,1,name+zip,True
2019,d05088,2019|cand|Robert Yates,100.0,1,name+zip,True
2019,d05101,2019|cand|Robert Yates,100.0,1,name+zip,True
2019,d05117,2019|cand|Robert Yates,100.0,1,name+zip,True
2019,d05122,2019|cand|Robert Yates,100.0,1,name+zip,True
2019,d05203,2019|cand|Robert Yates,100.0,1,name+zip,True
2019,d05205,2019|cand|Robert Yates,100.0,1,name+zip,True
2019,d05212,2019|cand|Robert Yates,100.0,1,name+zip,True
2019,d05220,2019|cand|Robert Yates,50.0,1,name+zip,True
2019,d05241,2019|cand|Robert Yates,100.0,1,name+zip,True
2019,d05279,2019|cand|Robert Yates,100.0,1,name+zip,True
2019,d05280,2019|cand|Robert Yates,100.0,1,name+zip,True
2019,d05339,2019|cand|Robert Yates,100.0,1,name+zip,True
2019,d05368,2019|cand|Robert Yates,100.0,1,name+zip,True
2019,d05419,2019|cand|Robert Yates,100.0,1,name+zip,True
2019,d05461,2019|cand|Robert Yates,100.0,1,name+zip,True
2019,d05487,2019|cand|Robert Yates,100.0,1,name+zip,True
2019,d05502,2019|cand|Robert Yates,100.0,1,name+zip,True
2019,d05514,2019|cand|Robert Yates,50.0,1,name+zip,True
2019,d05536,2019|cand|Robert Yates,100.0,1,name+zip,True
2019,d05537,2019|cand|Robert Yates,100.0,1,name+zip,True
2019,d05550,2019|cand|Robert Yates,100.0,1,name+zip,True
2019,d05566,2019|cand|Robert Yates,50.0,1,name+zip,True
2019,d05606,2019|cand|Robert Yates,100.0,1,name+zip,True
2019,d05629,2019|cand|Robert Yates,75.0,1,name+zip,True
2019,d05638,2019|cand|Robert Yates,100.0,1,name+zip,True
2019,d05649,2019|cand|Robert Yates,100.0,1,name+zip,True
2019,d05657,2019|cand|Robert Yates,100.0,1,name+zip,True
2019,d05664,2019|cand|Robert Yates,50.0,1,name+zip,True
2019,d05780,2019|cand|Robert Yates,100.0,1,name+zip,True
2019,d05880,2019|cand|Robert Yates,100.0,1,name+zip,True
2019,d05966,2019|cand|Robert Yates,100.0,1,name+zip,True
2019,d05985,2019|cand|Robert Yates,100.0,1,name+zip,True
2019,d06002,2019|cand|Robert Yates,100.0,1,name+zip,True
2019,d06050,2019|cand|Robert Yates,100.0,1,name+zip,True
2019,d06054,2019|cand|Robert Yates,100.0,1,name+zip,True
2019,d06093,2019|cand|Robert Yates,100.0,1,name+zip,True
2019,d06096,2019|cand|Robert Yates,100.0,1,name+zip,True
2019,d06213,2019|cand|Robert Yates,100.0,1,name+zip,True
2019,d06283,2019|cand|Robert Yates,50.0,1,name+zip,True
2019,d06299,2019|cand|Robert Yates,100.0,1,name+zip,True
2019,d06306,2019|cand|Robert Yates,100.0,1,name+zip,True
2019,d06337,2019|cand|Robert Yates,100.0,1,name+zip,True
2019,d06360,2019|cand|Robert Yates,100.0,1,name+zip,True
2019,d06429,2019|cand|Robert Yates,100.0,1,name+zip,True
2019,d06445,2019|cand|Robert Yates,20.0,1,name+zip,True
2019,d06512,2019|cand|Robert Yates,100.0,1,name+zip,True
2019,d06528,2019|cand|Robert Yates,50.0,1,name+zip,True
2019,d06529,2019|cand|Robert Yates,100.0,1,name+zip,True
2019,d06595,2019|cand|Robert Yates,100.0,1,name+zip,True
2019,d06658,2019|cand|Robert Yates,100.0,1,name+zip,True
2019,d06740,2019|cand|Robert Yates,100.0,1,name+zip,True
2019,d06803,2019|cand|Robert Yates,100.0,1,name+zip,True
2019,d06814,2019|cand|Robert Yates,100.0,1,name+zip,True
2019,d06839,2019|cand|Robert Yates,100.0,1,name+zip,True
2019,d06853,2019|cand|Robert Yates,100.0,1,name+zip,True
2019,d06854,2019|cand|Robert Yates,100.0,1,name+zip,True
2019,d06881,2019|cand|Robert Yates,50.0,1,name+zip,True
2019,d06916,2019|cand|Robert Yates,100.0,1,name+zip,True
2019,d06958,2019|cand|Robert Yates,100.0,1,name+zip,True
2019,d06959,2019|cand|Robert Yates,100.0,1,name+zip,True
2019,d07002,2019|cand|Robert Yates,25.0,1,name+zip,True
2019,d07055,2019|cand|Robert Yates,100.0,1,name+zip,True
2019,d07270,2019|cand|Robert Yates,100.0,1,name+zip,True
2019,d07275,2019|cand|Robert Yates,100.0,1,name+zip,True
2019,d07300,2019|cand|Robert Yates,100.0,1,name+zip,True
2019,d07311,2019|cand|Robert Yates,100.0,1,name+zip,True
2019,d07314,2019|cand|Robert Yates,100.0,1,name+zip,True
2019,d07329,2019|cand|Robert Yates,100.0,1,name+zip,True
2019,d07392,2019|cand|Robert Yates,100.0,1,name+zip,True
2019,d07495,2019|cand|Robert Yates,100.0,1,name+zip,True
2019,d07500,2019|cand|Robert Yates,50.0,1,name+zip,True
2019,d07522,2019|cand|Robert Yates,100.0,1,name+zip,True
2019,d07598,2019|cand|Robert Yates,100.0,1,name+zip,True
2019,d07628,2019|cand|Robert Yates,100.0,1,name+zip,True
2019,d07717,2019|cand|Robert Yates,100.0,1,name+zip,True
2019,d07749,2019|cand|Robert Yates,100.0,1,name+zip,True
2019,d07767,2019|cand|Robert Yates,100.0,1,name+zip,True
2019,d07768,2019|cand|Robert Yates,100.0,1,name+zip,True
2019,d07830,2019|cand|Robert Yates,100.0,1,name+zip,True
2019,d08063,2019|cand|Robert Yates,100.0,1,name+zip,True
2019,d08109,2019|cand|Robert Yates,100.0,1,name+zip,True
2019,d08117,2019|cand|Robert Yates,100.0,1,name+zip,True
2019,d00079,2019|cand|Susan Peterson,100.0,1,name+zip,True
2019,d00226,2019|cand|Susan Peterson,100.0,1,name+zip,True
2019,d00269,2019|cand|Susan Peterson,100.0,1,name+zip,True
2019,d00367,2019|cand|Susan Peterson,100.0,1,name+zip,True
2019,d00491,2019|cand|Susan Peterson,25.0,1,name+zip,True
2019,d00535,2019|cand|Susan Peterson,25.0,1,name+zip,True
2019,d00542,2019|cand|Susan Peterson,50.0,1,name+zip,True
2019,d00572,2019|cand|Susan Peterson,100.0,1,name+zip,True
2019,d00585,2019|cand|Susan Peterson,25.0,1,name+zip,True
2019,d00588,2019|cand|Susan Peterson,10.0,1,name+zip,True
2019,d00775,2019|cand|Susan Peterson,100.0,1,name+zip,True
2019,d00778,2019|cand|Susan Peterson,25.0,1,name+zip,True
2019,d00789,2019|cand|Susan Peterson,100.0,1,name+zip,True
2019,d00875,2019|cand|Susan Peterson,100.0,1,name+zip,True
2019,d01120,2019|cand|Susan Peterson,25.0,1,name+zip,True
2019,d01131,2019|cand|Susan Peterson,20.0,1,name+zip,True
2019,d01256,2019|cand|Susan Peterson,25.0,1,name+zip,True
2019,d01277,2019|cand|Susan Peterson,100.0,1,name+zip,True
2019,d01403,2019|cand|Susan Peterson,50.0,1,name+zip,True
2019,d01565,2019|cand|Susan Peterson,60.0,1,name+zip,True
2019,d01708,2019|cand|Susan Peterson,20.0,1,name+zip,True
2019,d01848,2019|cand|Susan Peterson,100.0,1,name+zip,True
2019,d01975,2019|cand|Susan Peterson,50.0,1,name+zip,True
2019,d02074,2019|cand|Susan Peterson,25.0,1,name+zip,True
2019,d02082,2019|cand|Susan Peterson,100.0,1,name+zip,True
2019,d02084,2019|cand|Susan Peterson,20.0,1,name+zip,True
2019,d02086,2019|cand|Susan Peterson,100.0,1,name+zip,True
2019,d02209,2019|cand|Susan Peterson,100.0,1,name+zip,True
2019,d02250,2019|cand|Susan Peterson,50.0,1,name+zip,True
2019,d02268,2019|cand|Susan Peterson,40.0,1,name+zip,True
2019,d02297,2019|cand|Susan Peterson,50.0,1,name+zip,True
2019,d02337,2019|cand|Susan Peterson,25.0,1,name+zip,True
2019,d02362,2019|cand|Susan Peterson,100.0,1,name+zip,True
2019,d02363,2019|cand|Susan Peterson,25.0,3,name+zip,True
2019,d02380,2019|cand|Susan Peterson,100.0,1,name+zip,True
2019,d02395,2019|cand|Susan Peterson,10.0,1,name+zip,True
2019,d02481,2019|cand|Susan Peterson,100.0,1,name+zip,True
2019,d02496,2019|cand|Susan Peterson,20.0,1,name+zip,True
2019,d02631,2019|cand|Susan Peterson,25.0,1,name+zip,True
2019,d02696,2019|cand|Susan Peterson,25.0,1,name+zip,True
2019,d02730,2019|cand|Susan Peterson,100.0,1,name+zip,True
2019,d02741,2019|cand|Susan Peterson,25.0,1,name+zip,True
2019,d02764,2019|cand|Susan Peterson,100.0,1,name+zip,True
2019,d02772,2019|cand|Susan Peterson,10.0,1,name+zip,True
2019,d02775,2019|cand|Susan Peterson,100.0,1,name+zip,True
2019,d02860,2019|cand|Susan Peterson,25.0,1,name+zip,True
2019,d02882,2019|cand|Susan Peterson,25.0,1,name+zip,True
2019,d02895,2019|cand|Susan Peterson,100.0,1,name+zip,True
2019,d02991,2019|cand|Susan Peterson,100.0,1,name+zip,True
2019,d03007,2019|cand|Susan Peterson,20.0,1,name+zip,True
2019,d03046,2019|cand|Susan Peterson,100.0,1,name+zip,True
2019,d03099,2019|cand|Susan Peterson,100.0,1,name+zip,True
2019,d03134,2019|cand|Susan Peterson,25.0,1,name+zip,True
2019,d03219,2019|cand|Susan Peterson,100.0,1,name+zip,True
2019,d03282,2019|cand|Susan Peterson,100.0,1,name+zip,True
2019,d03363,2019|cand|Susan Peterson,100.0,2,name+zip,True
2019,d03371,2019|cand|Susan Peterson,50.0,1,name+zip,True
2019,d03390,2019|cand|Susan Peterson,50.0,1,name+zip,True
2019,d03587,2019|cand|Susan Peterson,100.0,1,name+zip,True
2019,d03594,2019|cand|Susan Peterson,25.0,1,name+zip,True
2019,d03629,2019|cand|Susan Peterson,100.0,1,name+zip,True
2019,d03717,2019|cand|Susan Peterson,25.0,1,name+zip,True
2019,d03729,2019|cand|Susan Peterson,30.0,1,name+zip,True
2019,d03732,2019|cand|Susan Peterson,100.0,1,name+zip,True
2019,d03878,2019|cand|Susan Peterson,100.0,1,name+zip,True
2019,d03947,2019|cand|Susan Peterson,50.0,1,name+zip,True
2019,d04052,2019|cand|Susan Peterson,50.0,1,name+zip,True
2019,d04065,2019|cand|Susan Peterson,75.0,1,name+zip,True
2019,d04132,2019|cand|Susan Peterson,50.0,1,name+zip,True
2019,d04283,2019|cand|Susan Peterson,100.0,1,name+zip,True
2019,d04299,2019|cand|Susan Peterson,50.0,1,name+zip,True
2019,d04315,2019|cand|Susan Peterson,30.0,1,name+zip,True
2019,d04325,2019|cand|Susan Peterson,10.0,1,name+zip,True
2019,d04387,2019|cand|Susan Peterson,25.0,1,name+zip,True
2019,d04397,2019|cand|Susan Peterson,100.0,1,name+zip,True
2019,d04451,2019|cand|Susan Peterson,40.0,1,name+zip,True
2019,d04460,2019|cand|Susan Peterson,100.0,1,name+zip,True
2019,d04550,2019|cand|Susan Peterson,100.0,1,name+zip,True
2019,d04655,2019|cand|Susan Peterson,25.0,1,name+zip,True
2019,d04705,2019|cand|Susan Peterson,100.0,1,name+zip,True
2019,d04739,2019|cand|Susan Peterson,100.0,1,name+zip,True
2019,d04771,2019|cand|Susan Peterson,100.0,1,name+zip,True
2019,d04836,2019|cand|Susan Peterson,50.0,1,name+zip,True
2019,d04865,2019|cand|Susan Peterson,100.0,1,name+zip,True
2019,d04883,2019|cand|Susan Peterson,37.0,1,name+zip,True
2019,d04936,2019|cand|Susan Peterson,100.0,1,name+zip,True
2019,d04962,2019|cand|Susan Peterson,50.0,1,name+zip,True
2019,d04975,2019|cand|Susan Peterson,50.0,1,name+zip,True
2019,d05124,2019|cand|Susan Peterson,100.0,1,name+zip,True
2019,d05133,2019|cand|Susan Peterson,25.0,1,name+zip,True
2019,d05140,2019|cand|Susan Peterson,25.0,1,name+zip,True
2019,d05239,2019|cand|Susan Peterson,25.0,1,name+zip,True
2019,d05365,2019|cand|Susan Peterson,100.0,1,name+zip,True
2019,d05411,2019|cand|Susan Peterson,25.0,1,name+zip,True
2019,d05431,2019|cand|Susan Peterson,100.0,1,name+zip,True
2019,d05485,2019|cand|Susan Peterson,50.0,1,name+zip,True
2019,d05564,2019|cand|Susan Peterson,100.0,1,name+zip,True
2019,d05579,2019|cand|Susan Peterson,100.0,1,name+zip,True
2019,d05604,2019|cand|Susan Peterson,50.0,1,name+zip,True
2019,d05619,2019|cand|Susan Peterson,70.0,1,name+zip,True
2019,d05626,2019|cand|Susan Peterson,25.0,1,name+zip,True
2019,d05642,2019|cand|Susan Peterson,30.0,1,name+zip,True
2019,d05708,2019|cand|Susan Peterson,25.0,1,name+zip,True
2019,d05750,2019|cand|Susan Peterson,50.0,1,name+zip,True
2019,d05763,2019|cand|Susan Peterson,50.0,1,name+zip,True
2019,d05765,2019|cand|Susan Peterson,100.0,1,name+zip,True
2019,d05780,2019|cand|Susan Peterson,100.0,1,name+zip,True
2019,d05954,2019|cand|Susan Peterson,25.0,1,name+zip,True
2019,d05972,2019|cand|Susan Peterson,100.0,1,name+zip,True
2019,d05980,2019|cand|Susan Peterson,100.0,1,name+zip,True
2019,d05993,2019|cand|Susan Peterson,100.0,1,name+zip,True
2019,d06049,2019|cand|Susan Peterson,100.0,1,name+zip,True
2019,d06080,2019|cand|Susan Peterson,100.0,1,name+zip,True
2019,d06095,2019|cand|Susan Peterson,100.0,1,name+zip,True
2019,d06160,2019|cand|Susan Peterson,100.0,1,name+zip,True
2019,d06177,2019|cand|Susan Peterson,50.0,1,name+zip,True
2019,d06227,2019|cand|Susan Peterson,100.0,1,name+zip,True
2019,d06243,2019|cand|Susan Peterson,50.0,1,name+zip,True
2019,d06248,2019|cand|Susan Peterson,50.0,1,name+zip,True
2019,d06326,2019|cand|Susan Peterson,100.0,1,name+zip,True
2019,d06367,2019|cand|Susan Peterson,50.0,1,name+zip,True
2019,d06404,2019|cand|Susan Peterson,20.0,1,name+zip,True
2019,d06479,2019|cand|Susan Peterson,10.0,1,name+zip,True
2019,d06497,2019|cand|Susan Peterson,50.0,1,name+zip,True
2019,d06532,2019|cand|Susan Peterson,50.0,1,name+zip,True
2019,d06566,2019|cand|Susan Peterson,25.0,1,name+zip,True
2019,d06604,2019|cand|Susan Peterson,40.0,1,name+zip,True
2019,d06623,2019|cand|Susan Peterson,100.0,1,name+zip,True
2019,d06672,2019|cand|Susan Peterson,100.0,1,name+zip,True
2019,d06685,2019|cand|Susan Peterson,30.0,1,name+zip,True
2019,d06732,2019|cand|Susan Peterson,75.0,2,name+zip,True
2019,d06737,2019|cand|Susan Peterson,100.0,2,name+zip,True
2019,d06795,2019|cand|Susan Peterson,25.0,1,name+zip,True
2019,d06869,2019|cand|Susan Peterson,15.0,1,name+zip,True
2019,d06871,2019|cand|Susan Peterson,25.0,1,name+zip,True
2019,d06908,2019|cand|Susan Peterson,100.0,1,name+zip,True
2019,d07085,2019|cand|Susan Peterson,100.0,1,name+zip,True
2019,d07099,2019|cand|Susan Peterson,100.0,1,name+zip,True
2019,d07131,2019|cand|Susan Peterson,100.0,1,name+zip,True
2019,d07143,2019|cand|Susan Peterson,100.0,1,name+zip,True
2019,d07249,2019|cand|Susan Peterson,100.0,2,name+zip,True
2019,d07285,2019|cand|Susan Peterson,100.0,1,name+zip,True
2019,d07450,2019|cand|Susan Peterson,35.0,1,name+zip,True
2019,d07482,2019|cand|Susan Peterson,100.0,1,name+zip,True
2019,d07530,2019|cand|Susan Peterson,50.0,1,name+zip,True
2019,d07556,2019|cand|Susan Peterson,25.0,1,name+zip,True
2019,d07604,2019|cand|Susan Peterson,10.0,1,name+zip,True
2019,d07687,2019|cand|Susan Peterson,50.0,1,name+zip,True
2019,d07728,2019|cand|Susan Peterson,100.0,1,name+zip,True
2019,d07760,2019|cand|Susan Peterson,25.0,1,name+zip,True
2019,d07807,2019|cand|Susan Peterson,25.0,1,name+zip,True
2019,d07852,2019|cand|Susan Peterson,100.0,1,name+zip,True
2019,d07981,2019|cand|Susan Peterson,100.0,1,name+zip,True
2019,d00079,2019|issue|Open Space YES! 2019,150.0,1,name+zip,True
2019,d00113,2019|issue|Open Space YES! 2019,350.0,2,name+zip,True
2019,d00205,2019|issue|Open Space YES! 2019,50.0,1,name+zip,True
2019,d00526,2019|issue|Open Space YES! 2019,100.0,1,name+zip,True
2019,d00537,2019|issue|Open Space YES! 2019,100.0,1,name+zip,True
2019,d00572,2019|issue|Open Space YES! 2019,250.0,1,name+zip,True
2019,d00691,2019|issue|Open Space YES! 2019,50.0,1,name+zip,True
2019,d00821,2019|issue|Open Space YES! 2019,100.0,1,name+zip,True
2019,d00845,2019|issue|Open Space YES! 2019,100.0,1,name+zip,True
2019,d01103,2019|issue|Open Space YES! 2019,50.0,1,name+zip,True
2019,d01162,2019|issue|Open Space YES! 2019,50.0,1,name+zip,True
2019,d01333,2019|issue|Open Space YES! 2019,100.0,1,name+zip,True
2019,d01334,2019|issue|Open Space YES! 2019,100.0,1,name+zip,True
2019,d01485,2019|issue|Open Space YES! 2019,100.0,1,name+zip,True
2019,d01584,2019|issue|Open Space YES! 2019,50.0,1,name+zip,True
2019,d01932,2019|issue|Open Space YES! 2019,100.0,1,name+zip,True
2019,d02147,2019|issue|Open Space YES! 2019,100.0,1,name+zip,True
2019,d02323,2019|issue|Open Space YES! 2019,250.0,1,name+zip,True
2019,d02449,2019|issue|Open Space YES! 2019,50.0,1,name+zip,True
2019,d02720,2019|issue|Open Space YES! 2019,100.0,1,name+zip,True
2019,d02791,2019|issue|Open Space YES! 2019,50.0,1,name+zip,True
2019,d02895,2019|issue|Open Space YES! 2019,100.0,1,name+zip,True
2019,d02991,2019|issue|Open Space YES! 2019,200.0,1,name+zip,True
2019,d03198,2019|issue|Open Space YES! 2019,100.0,1,name+zip,True
2019,d03308,2019|issue|Open Space YES! 2019,40.0,1,name+zip,True
2019,d03314,2019|issue|Open Space YES! 2019,100.0,1,name+zip,True
2019,d03371,2019|issue|Open Space YES! 2019,100.0,1,name+zip,True
2019,d03372,2019|issue|Open Space YES! 2019,100.0,1,name+zip,True
2019,d03437,2019|issue|Open Space YES! 2019,50.0,1,name+zip,True
2019,d03636,2019|issue|Open Space YES! 2019,50.0,1,name+zip,True
2019,d03655,2019|issue|Open Space YES! 2019,50.0,1,name+zip,True
2019,d03717,2019|issue|Open Space YES! 2019,10.0,1,name+zip,True
2019,d03732,2019|issue|Open Space YES! 2019,100.0,1,name+zip,True
2019,d03850,2019|issue|Open Space YES! 2019,100.0,1,name+zip,True
2019,d03905,2019|issue|Open Space YES! 2019,100.0,1,name+zip,True
2019,d03958,2019|issue|Open Space YES! 2019,100.0,1,name+zip,True
2019,d04081,2019|issue|Open Space YES! 2019,500.0,1,name+zip,True
2019,d04175,2019|issue|Open Space YES! 2019,100.0,1,name+zip,True
2019,d04235,2019|issue|Open Space YES! 2019,100.0,1,name+zip,True
2019,d04283,2019|issue|Open Space YES! 2019,100.0,1,name+zip,True
2019,d04328,2019|issue|Open Space YES! 2019,100.0,1,name+zip,True
2019,d04414,2019|issue|Open Space YES! 2019,100.0,1,name+zip,True
2019,d04433,2019|issue|Open Space YES! 2019,50.0,1,name+zip,True
2019,d04478,2019|issue|Open Space YES! 2019,100.0,1,name+zip,True
2019,d04483,2019|issue|Open Space YES! 2019,100.0,1,name+zip,True
2019,d04485,2019|issue|Open Space YES! 2019,200.0,1,name+zip,True
2019,d04594,2019|issue|Open Space YES! 2019,25.0,1,name+zip,True
2019,d04598,2019|issue|Open Space YES! 2019,50.0,1,name+zip,True
2019,d04688,2019|issue|Open Space YES! 2019,20.0,1,name+zip,True
2019,d04705,2019|issue|Open Space YES! 2019,500.0,1,name+zip,True
2019,d04733,2019|issue|Open Space YES! 2019,200.0,1,name+zip,True
2019,d04861,2019|issue|Open Space YES! 2019,50.0,1,name+zip,True
2019,d05032,2019|issue|Open Space YES! 2019,100.0,1,name+zip,True
2019,d05147,2019|issue|Open Space YES! 2019,100.0,1,name+zip,True
2019,d05371,2019|issue|Open Space YES! 2019,20.0,1,name+zip,True
2019,d05381,2019|issue|Open Space YES! 2019,100.0,1,name+zip,True
2019,d05485,2019|issue|Open Space YES! 2019,50.0,1,name+zip,True
2019,d05540,2019|issue|Open Space YES! 2019,50.0,1,name+zip,True
2019,d05582,2019|issue|Open Space YES! 2019,100.0,1,name+zip,True
2019,d05642,2019|issue|Open Space YES! 2019,50.0,1,name+zip,True
2019,d05766,2019|issue|Open Space YES! 2019,50.0,1,name+zip,True
2019,d05805,2019|issue|Open Space YES! 2019,100.0,1,name+zip,True
2019,d05980,2019|issue|Open Space YES! 2019,50.0,1,name+zip,True
2019,d06048,2019|issue|Open Space YES! 2019,100.0,1,name+zip,True
2019,d06095,2019|issue|Open Space YES! 2019,100.0,1,name+zip,True
2019,d06153,2019|issue|Open Space YES! 2019,100.0,1,name+zip,True
2019,d06425,2019|issue|Open Space YES! 2019,100.0,1,name+zip,True
2019,d06463,2019|issue|Open Space YES! 2019,100.0,1,name+zip,True
2019,d06828,2019|issue|Open Space YES! 2019,100.0,1,name+zip,True
2019,d07131,2019|issue|Open Space YES! 2019,500.0,1,name+zip,True
2019,d07440,2019|issue|Open Space YES! 2019,100.0,1,name+zip,True
2019,d07571,2019|issue|Open Space YES! 2019,100.0,1,name+zip,True
2019,d07616,2019|issue|Open Space YES! 2019,50.0,1,name+zip,True
2019,d07669,2019|issue|Open Space YES! 2019,205.0,2,name+zip,True
2019,d07740,2019|issue|Open Space YES! 2019,100.0,1,name+zip,True
2019,d07836,2019|issue|Open Space YES! 2019,100.0,1,name+zip,True
2019,d07950,2019|issue|Open Space YES! 2019,100.0,1,name+zip,True
2019,d01848,2019|issue|PLAN Boulder BMC,100.0,1,name+zip,True
2019,d02955,2019|issue|PLAN Boulder BMC,100.0,1,name+zip,True
2019,d02991,2019|issue|PLAN Boulder BMC,100.0,1,name+zip,True
2019,d04705,2019|issue|PLAN Boulder BMC,1000.0,1,name+zip,True
2019,d06737,2019|issue|PLAN Boulder BMC,100.0,1,name+zip,True
2020,d05428,2020|issue|CLOSED Balanced Boulder,74.0,1,name+zip,True
2020,d06876,2020|issue|CLOSED Balanced Boulder,345.0,2,name+zip,True
2020,d00052,2020|issue|CLOSED Bedrooms Are For People,26.27,1,name+zip,False
2020,d00124,2020|issue|CLOSED Bedrooms Are For People,10.7,1,name+zip,False
2020,d00132,2020|issue|CLOSED Bedrooms Are For People,26.27,1,name+zip,False
2020,d00182,2020|issue|CLOSED Bedrooms Are For People,104.15,1,name+zip,False
2020,d00254,2020|issue|CLOSED Bedrooms Are For People,26.27,1,name+zip,False
2020,d00300,2020|issue|CLOSED Bedrooms Are For People,10.7,1,name+zip,False
2020,d00311,2020|issue|CLOSED Bedrooms Are For People,104.15,1,name+zip,False
2020,d00326,2020|issue|CLOSED Bedrooms Are For People,26.27,1,name+zip,False
2020,d00337,2020|issue|CLOSED Bedrooms Are For People,104.15,1,name+zip,False
2020,d00390,2020|issue|CLOSED Bedrooms Are For People,10.7,1,name+zip,False
2020,d00402,2020|issue|CLOSED Bedrooms Are For People,26.27,1,name+zip,False
2020,d00412,2020|issue|CLOSED Bedrooms Are For People,52.23,1,name+zip,False
2020,d00444,2020|issue|CLOSED Bedrooms Are For People,50.0,1,name+zip,False
2020,d00455,2020|issue|CLOSED Bedrooms Are For People,104.15,1,name+zip,False
2020,d00493,2020|issue|CLOSED Bedrooms Are For People,25.0,1,name+zip,False
2020,d00517,2020|issue|CLOSED Bedrooms Are For People,31.46,1,name+zip,False
2020,d00536,2020|issue|CLOSED Bedrooms Are For People,10.7,1,name+zip,False
2020,d00564,2020|issue|CLOSED Bedrooms Are For People,519.52,1,name+zip,False
2020,d00686,2020|issue|CLOSED Bedrooms Are For People,104.15,1,name+zip,False
2020,d00695,2020|issue|CLOSED Bedrooms Are For People,104.15,1,name+zip,False
2020,d00793,2020|issue|CLOSED Bedrooms Are For People,52.23,1,name+zip,False
2020,d00809,2020|issue|CLOSED Bedrooms Are For People,52.23,1,name+zip,False
2020,d00819,2020|issue|CLOSED Bedrooms Are For People,26.27,1,name+zip,False
2020,d00927,2020|issue|CLOSED Bedrooms Are For People,47.67,3,name+zip,False
2020,d00974,2020|issue|CLOSED Bedrooms Are For People,1206.56,4,name+zip,False
2020,d00982,2020|issue|CLOSED Bedrooms Are For People,52.23,1,name+zip,False
2020,d01004,2020|issue|CLOSED Bedrooms Are For People,26.27,1,name+zip,False
2020,d01014,2020|issue|CLOSED Bedrooms Are For People,20.0,1,name+zip,False
2020,d01015,2020|issue|CLOSED Bedrooms Are For People,52.23,1,name+zip,False
2020,d01133,2020|issue|CLOSED Bedrooms Are For People,104.15,1,name+zip,False
2020,d01154,2020|issue|CLOSED Bedrooms Are For People,26.27,1,name+zip,False
2020,d01159,2020|issue|CLOSED Bedrooms Are For People,26.27,1,name+zip,False
2020,d01180,2020|issue|CLOSED Bedrooms Are For People,52.23,1,name+zip,False
2020,d01206,2020|issue|CLOSED Bedrooms Are For People,21.08,1,name+zip,False
2020,d01222,2020|issue|CLOSED Bedrooms Are For People,104.15,1,name+zip,False
2020,d01223,2020|issue|CLOSED Bedrooms Are For People,26.27,1,name+zip,False
2020,d01264,2020|issue|CLOSED Bedrooms Are For People,52.23,1,name+zip,False
2020,d01436,2020|issue|CLOSED Bedrooms Are For People,10.7,1,name+zip,False
2020,d01463,2020|issue|CLOSED Bedrooms Are For People,26.27,1,name+zip,False
2020,d01475,2020|issue|CLOSED Bedrooms Are For People,26.27,1,name+zip,False
2020,d01513,2020|issue|CLOSED Bedrooms Are For People,26.27,1,name+zip,False
2020,d01515,2020|issue|CLOSED Bedrooms Are For People,114.85000000000001,2,name+zip,False
2020,d01566,2020|issue|CLOSED Bedrooms Are For People,104.15,1,name+zip,False
2020,d01586,2020|issue|CLOSED Bedrooms Are For People,52.23,1,name+zip,False
2020,d01590,2020|issue|CLOSED Bedrooms Are For People,208.0,1,name+zip,False
2020,d01601,2020|issue|CLOSED Bedrooms Are For People,52.23,1,name+zip,False
2020,d01669,2020|issue|CLOSED Bedrooms Are For People,52.23,1,name+zip,False
2020,d01677,2020|issue|CLOSED Bedrooms Are For People,104.15,1,name+zip,False
2020,d01702,2020|issue|CLOSED Bedrooms Are For People,21.08,1,name+zip,False
2020,d01706,2020|issue|CLOSED Bedrooms Are For People,26.27,1,name+zip,False
2020,d01759,2020|issue|CLOSED Bedrooms Are For People,156.38,2,name+zip,False
2020,d01770,2020|issue|CLOSED Bedrooms Are For People,26.27,1,name+zip,False
2020,d01786,2020|issue|CLOSED Bedrooms Are For People,26.27,1,name+zip,False
2020,d01801,2020|issue|CLOSED Bedrooms Are For People,623.67,2,name+zip,False
2020,d01809,2020|issue|CLOSED Bedrooms Are For People,52.23,1,name+zip,False
2020,d01876,2020|issue|CLOSED Bedrooms Are For People,52.23,1,name+zip,False
2020,d01884,2020|issue|CLOSED Bedrooms Are For People,208.3,2,name+zip,False
2020,d01902,2020|issue|CLOSED Bedrooms Are For People,51.519999999999996,3,name+zip,False
2020,d01908,2020|issue|CLOSED Bedrooms Are For People,519.52,1,name+zip,False
2020,d01940,2020|issue|CLOSED Bedrooms Are For People,1247.04,3,name+zip,False
2020,d01945,2020|issue|CLOSED Bedrooms Are For People,52.23,1,name+zip,False
2020,d02059,2020|issue|CLOSED Bedrooms Are For People,104.15,1,name+zip,False
2020,d02072,2020|issue|CLOSED Bedrooms Are For People,104.15,1,name+zip,False
2020,d02077,2020|issue|CLOSED Bedrooms Are For People,21.4,2,name+zip,False
2020,d02130,2020|issue|CLOSED Bedrooms Are For People,52.23,1,name+zip,False
2020,d02184,2020|issue|CLOSED Bedrooms Are For People,104.15,1,name+zip,False
2020,d02191,2020|issue|CLOSED Bedrooms Are For People,10.7,1,name+zip,False
2020,d02207,2020|issue|CLOSED Bedrooms Are For People,52.23,1,name+zip,False
2020,d02239,2020|issue|CLOSED Bedrooms Are For People,26.27,1,name+zip,False
2020,d02244,2020|issue|CLOSED Bedrooms Are For People,208.3,2,name+zip,False
2020,d02266,2020|issue|CLOSED Bedrooms Are For People,208.0,1,name+zip,False
2020,d02308,2020|issue|CLOSED Bedrooms Are For People,104.15,1,name+zip,False
2020,d02322,2020|issue|CLOSED Bedrooms Are For People,36.97,2,name+zip,False
2020,d02327,2020|issue|CLOSED Bedrooms Are For People,52.23,1,name+zip,False
2020,d02403,2020|issue|CLOSED Bedrooms Are For People,312.15,2,name+zip,False
2020,d02423,2020|issue|CLOSED Bedrooms Are For People,10.7,1,name+zip,False
2020,d02450,2020|issue|CLOSED Bedrooms Are For People,47.349999999999994,2,name+zip,False
2020,d02488,2020|issue|CLOSED Bedrooms Are For People,10.7,1,name+zip,False
2020,d02514,2020|issue|CLOSED Bedrooms Are For People,311.84,1,name+zip,False
2020,d02570,2020|issue|CLOSED Bedrooms Are For People,19.0,1,name+zip,False
2020,d02572,2020|issue|CLOSED Bedrooms Are For People,10.7,1,name+zip,False
2020,d02665,2020|issue|CLOSED Bedrooms Are For People,104.15,1,name+zip,False
2020,d02737,2020|issue|CLOSED Bedrooms Are For People,10.7,1,name+zip,False
2020,d02747,2020|issue|CLOSED Bedrooms Are For People,26.27,1,name+zip,False
2020,d02761,2020|issue|CLOSED Bedrooms Are For People,25.0,1,name+zip,False
2020,d02832,2020|issue|CLOSED Bedrooms Are For People,51.269999999999996,2,name+zip,False
2020,d02900,2020|issue|CLOSED Bedrooms Are For People,52.23,1,name+zip,False
2020,d02947,2020|issue|CLOSED Bedrooms Are For People,25.0,1,name+zip,False
2020,d02974,2020|issue|CLOSED Bedrooms Are For People,16.2,2,name+zip,False
2020,d02994,2020|issue|CLOSED Bedrooms Are For People,208.0,1,name+zip,False
2020,d03000,2020|issue|CLOSED Bedrooms Are For People,104.15,1,name+zip,False
2020,d03063,2020|issue|CLOSED Bedrooms Are For People,104.15,1,name+zip,False
2020,d03071,2020|issue|CLOSED Bedrooms Are For People,52.23,1,name+zip,False
2020,d03111,2020|issue|CLOSED Bedrooms Are For People,500.0,1,name+zip,False
2020,d03126,2020|issue|CLOSED Bedrooms Are For People,10.7,1,name+zip,False
2020,d03139,2020|issue|CLOSED Bedrooms Are For People,208.0,1,name+zip,False
2020,d03329,2020|issue|CLOSED Bedrooms Are For People,26.27,1,name+zip,False
2020,d03349,2020|issue|CLOSED Bedrooms Are For People,104.15,1,name+zip,False
2020,d03420,2020|issue|CLOSED Bedrooms Are For People,104.15,1,name+zip,False
2020,d03434,2020|issue|CLOSED Bedrooms Are For People,208.29999999999998,2,name+zip,False
2020,d03461,2020|issue|CLOSED Bedrooms Are For People,52.23,1,name+zip,False
2020,d03502,2020|issue|CLOSED Bedrooms Are For People,208.0,1,name+zip,False
2020,d03539,2020|issue|CLOSED Bedrooms Are For People,208.3,2,name+zip,False
2020,d03602,2020|issue|CLOSED Bedrooms Are For People,52.23,1,name+zip,False
2020,d03656,2020|issue|CLOSED Bedrooms Are For People,50.0,1,name+zip,False
2020,d03670,2020|issue|CLOSED Bedrooms Are For People,259.92,1,name+zip,False
2020,d03678,2020|issue|CLOSED Bedrooms Are For People,10.7,1,name+zip,False
2020,d03689,2020|issue|CLOSED Bedrooms Are For People,10.7,1,name+zip,False
2020,d03775,2020|issue|CLOSED Bedrooms Are For People,5.5,1,name+zip,False
2020,d03792,2020|issue|CLOSED Bedrooms Are For People,26.27,1,name+zip,False
2020,d03996,2020|issue|CLOSED Bedrooms Are For People,100.0,1,name+zip,False
2020,d03998,2020|issue|CLOSED Bedrooms Are For People,10.7,1,name+zip,False
2020,d04000,2020|issue|CLOSED Bedrooms Are For People,1000.0,1,name+zip,False
2020,d04033,2020|issue|CLOSED Bedrooms Are For People,26.27,1,name+zip,False
2020,d04060,2020|issue|CLOSED Bedrooms Are For People,806.02,4,name+zip,False
2020,d04085,2020|issue|CLOSED Bedrooms Are For People,26.27,1,name+zip,False
2020,d04090,2020|issue|CLOSED Bedrooms Are For People,42.16,2,name+zip,False
2020,d04092,2020|issue|CLOSED Bedrooms Are For People,100.0,1,name+zip,False
2020,d04093,2020|issue|CLOSED Bedrooms Are For People,10.7,1,name+zip,False
2020,d04105,2020|issue|CLOSED Bedrooms Are For People,52.23,1,name+zip,False
2020,d04182,2020|issue|CLOSED Bedrooms Are For People,52.23,1,name+zip,False
2020,d04213,2020|issue|CLOSED Bedrooms Are For People,26.27,1,name+zip,False
2020,d04245,2020|issue|CLOSED Bedrooms Are For People,10.7,1,name+zip,False
2020,d04246,2020|issue|CLOSED Bedrooms Are For People,200.0,1,name+zip,False
2020,d04348,2020|issue|CLOSED Bedrooms Are For People,10.7,1,name+zip,False
2020,d04364,2020|issue|CLOSED Bedrooms Are For People,519.52,1,name+zip,False
2020,d04379,2020|issue|CLOSED Bedrooms Are For People,100.0,1,name+zip,False
2020,d04408,2020|issue|CLOSED Bedrooms Are For People,21.08,1,name+zip,False
2020,d04449,2020|issue|CLOSED Bedrooms Are For People,104.15,1,name+zip,False
2020,d04456,2020|issue|CLOSED Bedrooms Are For People,50.0,1,name+zip,False
2020,d04464,2020|issue|CLOSED Bedrooms Are For People,259.92,1,name+zip,False
2020,d04539,2020|issue|CLOSED Bedrooms Are For People,26.27,1,name+zip,False
2020,d04555,2020|issue|CLOSED Bedrooms Are For People,25.0,1,name+zip,False
2020,d04566,2020|issue|CLOSED Bedrooms Are For People,26.27,1,name+zip,False
2020,d04569,2020|issue|CLOSED Bedrooms Are For People,68.12,2,name+zip,False
2020,d04573,2020|issue|CLOSED Bedrooms Are For People,26.27,1,name+zip,False
2020,d04602,2020|issue|CLOSED Bedrooms Are For People,600.0,2,name+zip,False
2020,d04659,2020|issue|CLOSED Bedrooms Are For People,21.08,1,name+zip,False
2020,d04708,2020|issue|CLOSED Bedrooms Are For People,52.23,1,name+zip,False
2020,d04780,2020|issue|CLOSED Bedrooms Are For People,10.0,1,name+zip,False
2020,d04790,2020|issue|CLOSED Bedrooms Are For People,26.27,1,name+zip,False
2020,d04792,2020|issue|CLOSED Bedrooms Are For People,52.23,1,name+zip,False
2020,d04844,2020|issue|CLOSED Bedrooms Are For People,41.85,1,name+zip,False
2020,d04849,2020|issue|CLOSED Bedrooms Are For People,50.0,1,name+zip,False
2020,d04869,2020|issue|CLOSED Bedrooms Are For People,20.0,1,name+zip,False
2020,d04875,2020|issue|CLOSED Bedrooms Are For People,286.5,3,name+zip,False
2020,d05013,2020|issue|CLOSED Bedrooms Are For People,420.69,1,name+zip,False
2020,d05064,2020|issue|CLOSED Bedrooms Are For People,104.15,1,name+zip,False
2020,d05085,2020|issue|CLOSED Bedrooms Are For People,10.23,1,name+zip,False
2020,d05120,2020|issue|CLOSED Bedrooms Are For People,78.5,2,name+zip,False
2020,d05224,2020|issue|CLOSED Bedrooms Are For People,26.27,1,name+zip,False
2020,d05230,2020|issue|CLOSED Bedrooms Are For People,26.27,1,name+zip,False
2020,d05329,2020|issue|CLOSED Bedrooms Are For People,25.0,1,name+zip,False
2020,d05331,2020|issue|CLOSED Bedrooms Are For People,234.27,2,name+zip,False
2020,d05361,2020|issue|CLOSED Bedrooms Are For People,52.23,1,name+zip,False
2020,d05404,2020|issue|CLOSED Bedrooms Are For People,10.7,1,name+zip,False
2020,d05416,2020|issue|CLOSED Bedrooms Are For People,52.23,1,name+zip,False
2020,d05455,2020|issue|CLOSED Bedrooms Are For People,104.15,1,name+zip,False
2020,d05498,2020|issue|CLOSED Bedrooms Are For People,204.71,1,name+zip,False
2020,d05519,2020|issue|CLOSED Bedrooms Are For People,10.7,1,name+zip,False
2020,d05548,2020|issue|CLOSED Bedrooms Are For People,26.27,1,name+zip,False
2020,d05568,2020|issue|CLOSED Bedrooms Are For People,52.23,1,name+zip,False
2020,d05608,2020|issue|CLOSED Bedrooms Are For People,8.62,1,name+zip,False
2020,d05706,2020|issue|CLOSED Bedrooms Are For People,5.5,1,name+zip,False
2020,d05733,2020|issue|CLOSED Bedrooms Are For People,21.08,1,name+zip,False
2020,d05743,2020|issue|CLOSED Bedrooms Are For People,10.7,1,name+zip,False
2020,d05744,2020|issue|CLOSED Bedrooms Are For People,104.15,1,name+zip,False
2020,d05792,2020|issue|CLOSED Bedrooms Are For People,104.46,2,name+zip,False
2020,d05808,2020|issue|CLOSED Bedrooms Are For People,10.0,1,name+zip,False
2020,d05838,2020|issue|CLOSED Bedrooms Are For People,52.23,1,name+zip,False
2020,d05899,2020|issue|CLOSED Bedrooms Are For People,104.15,1,name+zip,False
2020,d05911,2020|issue|CLOSED Bedrooms Are For People,26.27,1,name+zip,False
2020,d05924,2020|issue|CLOSED Bedrooms Are For People,906.0,25,name+zip,False
2020,d05935,2020|issue|CLOSED Bedrooms Are For People,52.23,1,name+zip,False
2020,d05939,2020|issue|CLOSED Bedrooms Are For People,208.0,1,name+zip,False
2020,d05943,2020|issue|CLOSED Bedrooms Are For People,52.23,1,name+zip,False
2020,d06001,2020|issue|CLOSED Bedrooms Are For People,52.23,1,name+zip,False
2020,d06006,2020|issue|CLOSED Bedrooms Are For People,25.0,1,name+zip,False
2020,d06008,2020|issue|CLOSED Bedrooms Are For People,10.7,1,name+zip,False
2020,d06032,2020|issue|CLOSED Bedrooms Are For People,104.15,1,name+zip,False
2020,d06037,2020|issue|CLOSED Bedrooms Are For People,5.5,1,name+zip,False
2020,d06055,2020|issue|CLOSED Bedrooms Are For People,104.15,1,name+zip,False
2020,d06065,2020|issue|CLOSED Bedrooms Are For People,52.23,1,name+zip,False
2020,d06106,2020|issue|CLOSED Bedrooms Are For People,104.15,1,name+zip,False
2020,d06184,2020|issue|CLOSED Bedrooms Are For People,10.7,1,name+zip,False
2020,d06191,2020|issue|CLOSED Bedrooms Are For People,21.08,1,name+zip,False
2020,d06212,2020|issue|CLOSED Bedrooms Are For People,26.27,1,name+zip,False
2020,d06221,2020|issue|CLOSED Bedrooms Are For People,52.23,1,name+zip,False
2020,d06230,2020|issue|CLOSED Bedrooms Are For People,70.0,2,name+zip,False
2020,d06233,2020|issue|CLOSED Bedrooms Are For People,41.74,2,name+zip,False
2020,d06234,2020|issue|CLOSED Bedrooms Are For People,208.0,1,name+zip,False
2020,d06291,2020|issue|CLOSED Bedrooms Are For People,52.23,1,name+zip,False
2020,d06324,2020|issue|CLOSED Bedrooms Are For People,104.15,1,name+zip,False
2020,d06335,2020|issue|CLOSED Bedrooms Are For People,10.7,1,name+zip,False
2020,d06386,2020|issue|CLOSED Bedrooms Are For People,21.08,1,name+zip,False
2020,d06400,2020|issue|CLOSED Bedrooms Are For People,208.3,2,name+zip,False
2020,d06422,2020|issue|CLOSED Bedrooms Are For People,52.23,1,name+zip,False
2020,d06433,2020|issue|CLOSED Bedrooms Are For People,26.27,1,name+zip,False
2020,d06477,2020|issue|CLOSED Bedrooms Are For People,1039.04,2,name+zip,False
2020,d06482,2020|issue|CLOSED Bedrooms Are For People,100.0,1,name+zip,False
2020,d06515,2020|issue|CLOSED Bedrooms Are For People,104.15,1,name+zip,False
2020,d06534,2020|issue|CLOSED Bedrooms Are For People,104.15,1,name+zip,False
2020,d06536,2020|issue|CLOSED Bedrooms Are For People,52.23,1,name+zip,False
2020,d06564,2020|issue|CLOSED Bedrooms Are For People,104.15,1,name+zip,False
2020,d06591,2020|issue|CLOSED Bedrooms Are For People,52.23,1,name+zip,False
2020,d06645,2020|issue|CLOSED Bedrooms Are For People,26.27,1,name+zip,False
2020,d06700,2020|issue|CLOSED Bedrooms Are For People,26.27,1,name+zip,False
2020,d06709,2020|issue|CLOSED Bedrooms Are For People,204.15,2,name+zip,False
2020,d06745,2020|issue|CLOSED Bedrooms Are For People,10.0,1,name+zip,False
2020,d06836,2020|issue|CLOSED Bedrooms Are For People,52.23,1,name+zip,False
2020,d06849,2020|issue|CLOSED Bedrooms Are For People,41.85,1,name+zip,False
2020,d06875,2020|issue|CLOSED Bedrooms Are For People,104.15,1,name+zip,False
2020,d06935,2020|issue|CLOSED Bedrooms Are For People,5.0,1,name+zip,False
2020,d06969,2020|issue|CLOSED Bedrooms Are For People,208.3,2,name+zip,False
2020,d06985,2020|issue|CLOSED Bedrooms Are For People,26.27,1,name+zip,False
2020,d06990,2020|issue|CLOSED Bedrooms Are For People,2000.0,1,name+zip,False
2020,d07020,2020|issue|CLOSED Bedrooms Are For People,52.23,1,name+zip,False
2020,d07029,2020|issue|CLOSED Bedrooms Are For People,15.89,1,name+zip,False
2020,d07042,2020|issue|CLOSED Bedrooms Are For People,52.23,1,name+zip,False
2020,d07062,2020|issue|CLOSED Bedrooms Are For People,50.0,1,name+zip,False
2020,d07083,2020|issue|CLOSED Bedrooms Are For People,5.5,1,name+zip,False
2020,d07104,2020|issue|CLOSED Bedrooms Are For People,52.23,1,name+zip,False
2020,d07113,2020|issue|CLOSED Bedrooms Are For People,26.27,1,name+zip,False
2020,d07120,2020|issue|CLOSED Bedrooms Are For People,156.38,2,name+zip,False
2020,d07149,2020|issue|CLOSED Bedrooms Are For People,50.0,1,name+zip,False
2020,d07180,2020|issue|CLOSED Bedrooms Are For People,21.08,1,name+zip,False
2020,d07254,2020|issue|CLOSED Bedrooms Are For People,208.0,1,name+zip,False
2020,d07272,2020|issue|CLOSED Bedrooms Are For People,104.15,1,name+zip,False
2020,d07310,2020|issue|CLOSED Bedrooms Are For People,104.15,1,name+zip,False
2020,d07319,2020|issue|CLOSED Bedrooms Are For People,26.27,1,name+zip,False
2020,d07326,2020|issue|CLOSED Bedrooms Are For People,76.75,1,name+zip,False
2020,d07339,2020|issue|CLOSED Bedrooms Are For People,20.0,1,name+zip,False
2020,d07374,2020|issue|CLOSED Bedrooms Are For People,26.27,1,name+zip,False
2020,d07379,2020|issue|CLOSED Bedrooms Are For People,104.15,1,name+zip,False
2020,d07385,2020|issue|CLOSED Bedrooms Are For People,78.81,3,name+zip,False
2020,d07389,2020|issue|CLOSED Bedrooms Are For People,26.27,1,name+zip,False
2020,d07396,2020|issue|CLOSED Bedrooms Are For People,26.27,1,name+zip,False
2020,d07453,2020|issue|CLOSED Bedrooms Are For People,104.15,1,name+zip,False
2020,d07471,2020|issue|CLOSED Bedrooms Are For People,21.4,2,name+zip,False
2020,d07472,2020|issue|CLOSED Bedrooms Are For People,104.15,1,name+zip,False
2020,d07489,2020|issue|CLOSED Bedrooms Are For People,52.23,1,name+zip,False
2020,d07531,2020|issue|CLOSED Bedrooms Are For People,35.7,2,name+zip,False
2020,d07543,2020|issue|CLOSED Bedrooms Are For People,104.15,1,name+zip,False
2020,d07546,2020|issue|CLOSED Bedrooms Are For People,25.0,1,name+zip,False
2020,d07566,2020|issue|CLOSED Bedrooms Are For People,200.0,1,name+zip,False
2020,d07623,2020|issue|CLOSED Bedrooms Are For People,102.34,1,name+zip,False
2020,d07626,2020|issue|CLOSED Bedrooms Are For People,26.27,1,name+zip,False
2020,d07633,2020|issue|CLOSED Bedrooms Are For People,10.7,1,name+zip,False
2020,d07656,2020|issue|CLOSED Bedrooms Are For People,100.0,1,name+zip,False
2020,d07661,2020|issue|CLOSED Bedrooms Are For People,26.27,1,name+zip,False
2020,d07715,2020|issue|CLOSED Bedrooms Are For People,52.23,1,name+zip,False
2020,d07748,2020|issue|CLOSED Bedrooms Are For People,26.27,1,name+zip,False
2020,d07765,2020|issue|CLOSED Bedrooms Are For People,26.27,1,name+zip,False
2020,d07786,2020|issue|CLOSED Bedrooms Are For People,52.23,1,name+zip,False
2020,d07824,2020|issue|CLOSED Bedrooms Are For People,26.27,1,name+zip,False
2020,d07828,2020|issue|CLOSED Bedrooms Are For People,52.23,1,name+zip,False
2020,d07920,2020|issue|CLOSED Bedrooms Are For People,104.15,1,name+zip,False
2020,d07924,2020|issue|CLOSED Bedrooms Are For People,104.15,1,name+zip,False
2020,d07931,2020|issue|CLOSED Bedrooms Are For People,104.15,1,name+zip,False
2020,d07967,2020|issue|CLOSED Bedrooms Are For People,10.7,1,name+zip,False
2020,d07970,2020|issue|CLOSED Bedrooms Are For People,10.7,1,name+zip,False
2020,d07971,2020|issue|CLOSED Bedrooms Are For People,52.23,1,name+zip,False
2020,d07975,2020|issue|CLOSED Bedrooms Are For People,200.0,1,name+zip,False
2020,d07976,2020|issue|CLOSED Bedrooms Are For People,1090.96,2,name+zip,False
2020,d07978,2020|issue|CLOSED Bedrooms Are For People,26.27,1,name+zip,False
2020,d08011,2020|issue|CLOSED Bedrooms Are For People,104.15,1,name+zip,False
2020,d08017,2020|issue|CLOSED Bedrooms Are For People,26.27,1,name+zip,False
2020,d08039,2020|issue|CLOSED Bedrooms Are For People,52.23,1,name+zip,False
2020,d08076,2020|issue|CLOSED Bedrooms Are For People,519.52,1,name+zip,False
2020,d08081,2020|issue|CLOSED Bedrooms Are For People,104.15,1,name+zip,False
2020,d08087,2020|issue|CLOSED Bedrooms Are For People,26.27,1,name+zip,False
2020,d00936,2020|issue|CLOSED Citizen's Conditions for Annexation of CU-South,50.0,1,name+zip,False
2020,d01542,2020|issue|CLOSED Citizen's Conditions for Annexation of CU-South,100.0,1,name+zip,False
2020,d02628,2020|issue|CLOSED Citizen's Conditions for Annexation of CU-South,500.0,1,name+zip,False
2020,d02883,2020|issue|CLOSED Citizen's Conditions for Annexation of CU-South,500.0,1,name+zip,False
2020,d03893,2020|issue|CLOSED Citizen's Conditions for Annexation of CU-South,100.0,1,name+zip,False
2020,d03992,2020|issue|CLOSED Citizen's Conditions for Annexation of CU-South,100.0,1,name+zip,False
2020,d04177,2020|issue|CLOSED Citizen's Conditions for Annexation of CU-South,50.0,1,name+zip,False
2020,d04497,2020|issue|CLOSED Citizen's Conditions for Annexation of CU-South,100.0,1,name+zip,False
2020,d05829,2020|issue|CLOSED Citizen's Conditions for Annexation of CU-South,100.0,1,name+zip,False
2020,d06988,2020|issue|CLOSED Citizen's Conditions for Annexation of CU-South,100.0,1,name+zip,False
2020,d07363,2020|issue|CLOSED Citizen's Conditions for Annexation of CU-South,200.0,1,name+zip,False
2020,d07608,2020|issue|CLOSED Citizen's Conditions for Annexation of CU-South,20.0,1,name+zip,False
2020,d00047,2020|issue|CLOSED End the Muni - Let Real Carbon Reduction Begin,50.0,1,name+zip,False
2020,d00073,2020|issue|CLOSED End the Muni - Let Real Carbon Reduction Begin,25.0,1,name+zip,False
2020,d00135,2020|issue|CLOSED End the Muni - Let Real Carbon Reduction Begin,25.0,1,name+zip,False
2020,d00454,2020|issue|CLOSED End the Muni - Let Real Carbon Reduction Begin,25.0,1,name+zip,False
2020,d00531,2020|issue|CLOSED End the Muni - Let Real Carbon Reduction Begin,150.0,1,name+zip,False
2020,d00665,2020|issue|CLOSED End the Muni - Let Real Carbon Reduction Begin,25.0,1,name+zip,False
2020,d00704,2020|issue|CLOSED End the Muni - Let Real Carbon Reduction Begin,25.0,1,name+zip,False
2020,d00755,2020|issue|CLOSED End the Muni - Let Real Carbon Reduction Begin,400.0,3,name+zip,False
2020,d00765,2020|issue|CLOSED End the Muni - Let Real Carbon Reduction Begin,100.0,1,name+zip,False
2020,d00794,2020|issue|CLOSED End the Muni - Let Real Carbon Reduction Begin,25.0,1,name+zip,False
2020,d00814,2020|issue|CLOSED End the Muni - Let Real Carbon Reduction Begin,100.0,1,name+zip,False
2020,d00872,2020|issue|CLOSED End the Muni - Let Real Carbon Reduction Begin,200.0,1,name+zip,False
2020,d01137,2020|issue|CLOSED End the Muni - Let Real Carbon Reduction Begin,25.0,1,name+zip,False
2020,d01182,2020|issue|CLOSED End the Muni - Let Real Carbon Reduction Begin,250.0,1,name+zip,False
2020,d01232,2020|issue|CLOSED End the Muni - Let Real Carbon Reduction Begin,1200.0,3,name+zip,False
2020,d01349,2020|issue|CLOSED End the Muni - Let Real Carbon Reduction Begin,100.0,1,name+zip,False
2020,d01600,2020|issue|CLOSED End the Muni - Let Real Carbon Reduction Begin,250.0,1,name+zip,False
2020,d01611,2020|issue|CLOSED End the Muni - Let Real Carbon Reduction Begin,50.0,1,name+zip,False
2020,d01674,2020|issue|CLOSED End the Muni - Let Real Carbon Reduction Begin,10.0,1,name+zip,False
2020,d01810,2020|issue|CLOSED End the Muni - Let Real Carbon Reduction Begin,50.0,1,name+zip,False
2020,d01842,2020|issue|CLOSED End the Muni - Let Real Carbon Reduction Begin,25.0,1,name+zip,False
2020,d01971,2020|issue|CLOSED End the Muni - Let Real Carbon Reduction Begin,300.0,2,name+zip,False
2020,d02022,2020|issue|CLOSED End the Muni - Let Real Carbon Reduction Begin,50.0,1,name+zip,False
2020,d02205,2020|issue|CLOSED End the Muni - Let Real Carbon Reduction Begin,100.0,1,name+zip,False
2020,d02211,2020|issue|CLOSED End the Muni - Let Real Carbon Reduction Begin,50.0,1,name+zip,False
2020,d02275,2020|issue|CLOSED End the Muni - Let Real Carbon Reduction Begin,150.0,1,name+zip,False
2020,d02479,2020|issue|CLOSED End the Muni - Let Real Carbon Reduction Begin,200.0,2,name+zip,False
2020,d02591,2020|issue|CLOSED End the Muni - Let Real Carbon Reduction Begin,50.0,1,name+zip,False
2020,d02735,2020|issue|CLOSED End the Muni - Let Real Carbon Reduction Begin,100.0,1,name+zip,False
2020,d02999,2020|issue|CLOSED End the Muni - Let Real Carbon Reduction Begin,10.0,1,name+zip,False
2020,d03074,2020|issue|CLOSED End the Muni - Let Real Carbon Reduction Begin,25.0,1,name+zip,False
2020,d03204,2020|issue|CLOSED End the Muni - Let Real Carbon Reduction Begin,100.0,1,name+zip,True
2020,d03325,2020|issue|CLOSED End the Muni - Let Real Carbon Reduction Begin,100.0,1,name+zip,False
2020,d03352,2020|issue|CLOSED End the Muni - Let Real Carbon Reduction Begin,50.0,1,name+zip,False
2020,d03475,2020|issue|CLOSED End the Muni - Let Real Carbon Reduction Begin,50.0,1,name+zip,True
2020,d03479,2020|issue|CLOSED End the Muni - Let Real Carbon Reduction Begin,10.0,1,name+zip,False
2020,d03681,2020|issue|CLOSED End the Muni - Let Real Carbon Reduction Begin,50.0,1,name+zip,False
2020,d03717,2020|issue|CLOSED End the Muni - Let Real Carbon Reduction Begin,929.0,8,name+zip,True
2020,d03849,2020|issue|CLOSED End the Muni - Let Real Carbon Reduction Begin,100.0,1,name+zip,False
2020,d04172,2020|issue|CLOSED End the Muni - Let Real Carbon Reduction Begin,50.0,1,name+zip,False
2020,d04280,2020|issue|CLOSED End the Muni - Let Real Carbon Reduction Begin,200.0,1,name+zip,False
2020,d04332,2020|issue|CLOSED End the Muni - Let Real Carbon Reduction Begin,100.0,1,name+zip,False
2020,d04355,2020|issue|CLOSED End the Muni - Let Real Carbon Reduction Begin,25.0,1,name+zip,False
2020,d04568,2020|issue|CLOSED End the Muni - Let Real Carbon Reduction Begin,50.0,1,name+zip,False
2020,d04847,2020|issue|CLOSED End the Muni - Let Real Carbon Reduction Begin,25.0,1,name+zip,False
2020,d04991,2020|issue|CLOSED End the Muni - Let Real Carbon Reduction Begin,25.0,1,name+zip,False
2020,d05123,2020|issue|CLOSED End the Muni - Let Real Carbon Reduction Begin,100.0,1,name+zip,False
2020,d05219,2020|issue|CLOSED End the Muni - Let Real Carbon Reduction Begin,50.0,1,name+zip,False
2020,d05237,2020|issue|CLOSED End the Muni - Let Real Carbon Reduction Begin,100.0,1,name+zip,False
2020,d05363,2020|issue|CLOSED End the Muni - Let Real Carbon Reduction Begin,25.0,1,name+zip,False
2020,d05716,2020|issue|CLOSED End the Muni - Let Real Carbon Reduction Begin,100.0,1,name+zip,False
2020,d05921,2020|issue|CLOSED End the Muni - Let Real Carbon Reduction Begin,100.0,1,name+zip,False
2020,d05939,2020|issue|CLOSED End the Muni - Let Real Carbon Reduction Begin,100.0,1,name+zip,False
2020,d06108,2020|issue|CLOSED End the Muni - Let Real Carbon Reduction Begin,50.0,1,name+zip,False
2020,d06115,2020|issue|CLOSED End the Muni - Let Real Carbon Reduction Begin,150.0,1,name+zip,False
2020,d06203,2020|issue|CLOSED End the Muni - Let Real Carbon Reduction Begin,10.0,1,name+zip,False
2020,d06268,2020|issue|CLOSED End the Muni - Let Real Carbon Reduction Begin,50.0,1,name+zip,False
2020,d06279,2020|issue|CLOSED End the Muni - Let Real Carbon Reduction Begin,10.0,1,name+zip,False
2020,d06315,2020|issue|CLOSED End the Muni - Let Real Carbon Reduction Begin,50.0,1,name+zip,False
2020,d06384,2020|issue|CLOSED End the Muni - Let Real Carbon Reduction Begin,1.0,1,name+zip,False
2020,d06450,2020|issue|CLOSED End the Muni - Let Real Carbon Reduction Begin,50.0,1,name+zip,False
2020,d07122,2020|issue|CLOSED End the Muni - Let Real Carbon Reduction Begin,100.0,2,name+zip,False
2020,d07156,2020|issue|CLOSED End the Muni - Let Real Carbon Reduction Begin,25.0,1,name+zip,False
2020,d07200,2020|issue|CLOSED End the Muni - Let Real Carbon Reduction Begin,100.0,1,name+zip,False
2020,d07356,2020|issue|CLOSED End the Muni - Let Real Carbon Reduction Begin,50.0,1,name+zip,False
2020,d07395,2020|issue|CLOSED End the Muni - Let Real Carbon Reduction Begin,25.0,1,name+zip,False
2020,d07585,2020|issue|CLOSED End the Muni - Let Real Carbon Reduction Begin,100.0,1,name+zip,False
2020,d07691,2020|issue|CLOSED End the Muni - Let Real Carbon Reduction Begin,100.0,1,name+zip,False
2020,d07757,2020|issue|CLOSED End the Muni - Let Real Carbon Reduction Begin,10.0,1,name+zip,False
2020,d07774,2020|issue|CLOSED End the Muni - Let Real Carbon Reduction Begin,100.0,1,name+zip,False
2020,d07831,2020|issue|CLOSED End the Muni - Let Real Carbon Reduction Begin,100.0,1,name+zip,False
2020,d08079,2020|issue|CLOSED End the Muni - Let Real Carbon Reduction Begin,100.0,1,name+zip,False
2020,d00030,2020|issue|Committee for Boulder's Great Green Deal,100.0,1,name+zip,True
2020,d00088,2020|issue|Committee for Boulder's Great Green Deal,250.0,1,name+zip,True
2020,d00210,2020|issue|Committee for Boulder's Great Green Deal,1000.0,1,name+zip,True
2020,d00274,2020|issue|Committee for Boulder's Great Green Deal,100.0,1,name+zip,True
2020,d00316,2020|issue|Committee for Boulder's Great Green Deal,50.0,1,name+zip,True
2020,d00395,2020|issue|Committee for Boulder's Great Green Deal,100.0,1,name+zip,True
2020,d00479,2020|issue|Committee for Boulder's Great Green Deal,100.0,1,name+zip,True
2020,d00521,2020|issue|Committee for Boulder's Great Green Deal,5.0,1,name+zip,True
2020,d00528,2020|issue|Committee for Boulder's Great Green Deal,270.0,3,name+zip,True
2020,d00558,2020|issue|Committee for Boulder's Great Green Deal,50.0,1,name+zip,True
2020,d00559,2020|issue|Committee for Boulder's Great Green Deal,20.0,1,name+zip,True
2020,d00631,2020|issue|Committee for Boulder's Great Green Deal,50.0,1,name+zip,True
2020,d00699,2020|issue|Committee for Boulder's Great Green Deal,1000.0,1,name+zip,True
2020,d00712,2020|issue|Committee for Boulder's Great Green Deal,50.0,1,name+zip,True
2020,d00987,2020|issue|Committee for Boulder's Great Green Deal,100.0,1,name+zip,True
2020,d01002,2020|issue|Committee for Boulder's Great Green Deal,1000.0,2,name+zip,True
2020,d01005,2020|issue|Committee for Boulder's Great Green Deal,250.0,1,name+zip,True
2020,d01186,2020|issue|Committee for Boulder's Great Green Deal,10.0,1,name+zip,True
2020,d01215,2020|issue|Committee for Boulder's Great Green Deal,1000.0,1,name+zip,True
2020,d01379,2020|issue|Committee for Boulder's Great Green Deal,50.0,1,name+zip,True
2020,d01478,2020|issue|Committee for Boulder's Great Green Deal,500.0,1,name+zip,True
2020,d01714,2020|issue|Committee for Boulder's Great Green Deal,200.0,1,name+zip,True
2020,d01757,2020|issue|Committee for Boulder's Great Green Deal,20.0,1,name+zip,True
2020,d01761,2020|issue|Committee for Boulder's Great Green Deal,250.0,1,name+zip,True
2020,d01819,2020|issue|Committee for Boulder's Great Green Deal,100.0,1,name+zip,True
2020,d01823,2020|issue|Committee for Boulder's Great Green Deal,20.0,1,name+zip,True
2020,d01968,2020|issue|Committee for Boulder's Great Green Deal,100.0,1,name+zip,True
2020,d02093,2020|issue|Committee for Boulder's Great Green Deal,1300.0,2,name+zip,True
2020,d02118,2020|issue|Committee for Boulder's Great Green Deal,50.0,1,name+zip,True
2020,d02297,2020|issue|Committee for Boulder's Great Green Deal,25.0,1,name+zip,True
2020,d02414,2020|issue|Committee for Boulder's Great Green Deal,11.87,1,name+zip,True
2020,d02509,2020|issue|Committee for Boulder's Great Green Deal,8411.76,2,name+zip,True
2020,d02573,2020|issue|Committee for Boulder's Great Green Deal,200.0,1,name+zip,True
2020,d02592,2020|issue|Committee for Boulder's Great Green Deal,100.0,1,name+zip,True
2020,d02632,2020|issue|Committee for Boulder's Great Green Deal,100.0,1,name+zip,True
2020,d02760,2020|issue|Committee for Boulder's Great Green Deal,50.0,1,name+zip,True
2020,d02775,2020|issue|Committee for Boulder's Great Green Deal,1000.0,1,name+zip,True
2020,d02849,2020|issue|Committee for Boulder's Great Green Deal,50.0,1,name+zip,True
2020,d02912,2020|issue|Committee for Boulder's Great Green Deal,105.0,1,name+zip,True
2020,d03056,2020|issue|Committee for Boulder's Great Green Deal,2000.0,2,name+zip,True
2020,d03066,2020|issue|Committee for Boulder's Great Green Deal,100.0,1,name+zip,True
2020,d03235,2020|issue|Committee for Boulder's Great Green Deal,1200.0,2,name+zip,True
2020,d03318,2020|issue|Committee for Boulder's Great Green Deal,250.0,1,name+zip,True
2020,d03379,2020|issue|Committee for Boulder's Great Green Deal,25.0,1,name+zip,True
2020,d03426,2020|issue|Committee for Boulder's Great Green Deal,100.0,1,name+zip,True
2020,d03454,2020|issue|Committee for Boulder's Great Green Deal,50.0,1,name+zip,True
2020,d03484,2020|issue|Committee for Boulder's Great Green Deal,1500.0,2,name+zip,True
2020,d03493,2020|issue|Committee for Boulder's Great Green Deal,1000.0,1,name+zip,True
2020,d03534,2020|issue|Committee for Boulder's Great Green Deal,100.0,1,name+zip,True
2020,d03551,2020|issue|Committee for Boulder's Great Green Deal,50.0,1,name+zip,True
2020,d03648,2020|issue|Committee for Boulder's Great Green Deal,1000.0,1,name+zip,True
2020,d03652,2020|issue|Committee for Boulder's Great Green Deal,250.0,1,name+zip,True
2020,d03677,2020|issue|Committee for Boulder's Great Green Deal,250.0,1,name+zip,True
2020,d03717,2020|issue|Committee for Boulder's Great Green Deal,25.0,1,name+zip,True
2020,d03812,2020|issue|Committee for Boulder's Great Green Deal,1000.0,2,name+zip,True
2020,d03874,2020|issue|Committee for Boulder's Great Green Deal,250.0,1,name+zip,True
2020,d03883,2020|issue|Committee for Boulder's Great Green Deal,250.0,1,name+zip,True
2020,d03892,2020|issue|Committee for Boulder's Great Green Deal,4782.94,1,name+zip,True
2020,d03950,2020|issue|Committee for Boulder's Great Green Deal,100.0,1,name+zip,True
2020,d04063,2020|issue|Committee for Boulder's Great Green Deal,50.0,1,name+zip,True
2020,d04171,2020|issue|Committee for Boulder's Great Green Deal,250.0,1,name+zip,True
2020,d04200,2020|issue|Committee for Boulder's Great Green Deal,100.0,1,name+zip,True
2020,d04319,2020|issue|Committee for Boulder's Great Green Deal,500.0,1,name+zip,True
2020,d04356,2020|issue|Committee for Boulder's Great Green Deal,100.0,1,name+zip,True
2020,d04547,2020|issue|Committee for Boulder's Great Green Deal,250.0,1,name+zip,True
2020,d04773,2020|issue|Committee for Boulder's Great Green Deal,50.0,1,name+zip,True
2020,d05022,2020|issue|Committee for Boulder's Great Green Deal,50.0,1,name+zip,True
2020,d05051,2020|issue|Committee for Boulder's Great Green Deal,1000.0,1,name+zip,True
2020,d05070,2020|issue|Committee for Boulder's Great Green Deal,20.0,1,name+zip,True
2020,d05117,2020|issue|Committee for Boulder's Great Green Deal,200.0,1,name+zip,True
2020,d05220,2020|issue|Committee for Boulder's Great Green Deal,50.0,1,name+zip,True
2020,d05263,2020|issue|Committee for Boulder's Great Green Deal,250.0,1,name+zip,True
2020,d05279,2020|issue|Committee for Boulder's Great Green Deal,1500.0,2,name+zip,True
2020,d05493,2020|issue|Committee for Boulder's Great Green Deal,25.0,1,name+zip,True
2020,d05566,2020|issue|Committee for Boulder's Great Green Deal,25.0,1,name+zip,True
2020,d05614,2020|issue|Committee for Boulder's Great Green Deal,100.0,1,name+zip,True
2020,d05717,2020|issue|Committee for Boulder's Great Green Deal,50.0,1,name+zip,True
2020,d05786,2020|issue|Committee for Boulder's Great Green Deal,200.0,1,name+zip,True
2020,d05803,2020|issue|Committee for Boulder's Great Green Deal,500.0,1,name+zip,True
2020,d05978,2020|issue|Committee for Boulder's Great Green Deal,20.0,1,name+zip,True
2020,d06173,2020|issue|Committee for Boulder's Great Green Deal,250.0,1,name+zip,True
2020,d06337,2020|issue|Committee for Boulder's Great Green Deal,250.0,1,name+zip,True
2020,d06445,2020|issue|Committee for Boulder's Great Green Deal,25.0,1,name+zip,True
2020,d06454,2020|issue|Committee for Boulder's Great Green Deal,20.0,1,name+zip,True
2020,d06548,2020|issue|Committee for Boulder's Great Green Deal,1000.0,1,name+zip,True
2020,d06573,2020|issue|Committee for Boulder's Great Green Deal,200.0,1,name+zip,True
2020,d06589,2020|issue|Committee for Boulder's Great Green Deal,100.0,1,name+zip,True
2020,d06725,2020|issue|Committee for Boulder's Great Green Deal,100.0,1,name+zip,True
2020,d06734,2020|issue|Committee for Boulder's Great Green Deal,50.0,1,name+zip,True
2020,d06743,2020|issue|Committee for Boulder's Great Green Deal,50.0,1,name+zip,True
2020,d06754,2020|issue|Committee for Boulder's Great Green Deal,50.0,1,name+zip,True
2020,d06838,2020|issue|Committee for Boulder's Great Green Deal,100.0,1,name+zip,True
2020,d06839,2020|issue|Committee for Boulder's Great Green Deal,200.0,1,name+zip,True
2020,d06916,2020|issue|Committee for Boulder's Great Green Deal,654.5,2,name+zip,True
2020,d06971,2020|issue|Committee for Boulder's Great Green Deal,50.0,1,name+zip,True
2020,d07147,2020|issue|Committee for Boulder's Great Green Deal,500.0,1,name+zip,True
2020,d07289,2020|issue|Committee for Boulder's Great Green Deal,50.0,1,name+zip,True
2020,d07391,2020|issue|Committee for Boulder's Great Green Deal,1000.0,1,name+zip,True
2020,d07440,2020|issue|Committee for Boulder's Great Green Deal,1000.0,2,name+zip,True
2020,d07542,2020|issue|Committee for Boulder's Great Green Deal,25.0,1,name+zip,True
2020,d07611,2020|issue|Committee for Boulder's Great Green Deal,3500.0,2,name+zip,True
2020,d07612,2020|issue|Committee for Boulder's Great Green Deal,15.0,1,name+zip,True
2020,d07696,2020|issue|Committee for Boulder's Great Green Deal,25.0,1,name+zip,True
2020,d07701,2020|issue|Committee for Boulder's Great Green Deal,50.0,1,name+zip,True
2020,d07768,2020|issue|Committee for Boulder's Great Green Deal,250.0,1,name+zip,True
2020,d07794,2020|issue|Committee for Boulder's Great Green Deal,50.0,1,name+zip,True
2020,d08010,2020|issue|Committee for Boulder's Great Green Deal,50.0,1,name+zip,True
2020,d08106,2020|issue|Committee for Boulder's Great Green Deal,50.0,1,name+zip,True
2020,d08109,2020|issue|Committee for Boulder's Great Green Deal,500.0,1,name+zip,True
2020,d00013,2020|issue|No Eviction Without Representation,5.0,1,name+zip,True
2020,d00062,2020|issue|No Eviction Without Representation,50.0,1,name+zip,True
2020,d00120,2020|issue|No Eviction Without Representation,54.0,1,name+zip,True
2020,d00121,2020|issue|No Eviction Without Representation,54.0,1,name+zip,True
2020,d00172,2020|issue|No Eviction Without Representation,20.0,1,name+zip,True
2020,d00219,2020|issue|No Eviction Without Representation,1675.28,1,name+zip,True
2020,d00283,2020|issue|No Eviction Without Representation,19.99,1,name+zip,True
2020,d00304,2020|issue|No Eviction Without Representation,54.0,1,name+zip,True
2020,d00318,2020|issue|No Eviction Without Representation,20.0,1,name+zip,True
2020,d00378,2020|issue|No Eviction Without Representation,54.0,1,name+zip,True
2020,d00379,2020|issue|No Eviction Without Representation,300.0,1,name+zip,True
2020,d00418,2020|issue|No Eviction Without Representation,54.0,1,name+zip,True
2020,d00450,2020|issue|No Eviction Without Representation,50.0,1,name+zip,True
2020,d00573,2020|issue|No Eviction Without Representation,42.0,2,name+zip,True
2020,d00574,2020|issue|No Eviction Without Representation,108.0,1,name+zip,True
2020,d00623,2020|issue|No Eviction Without Representation,10.0,1,name+zip,True
2020,d00662,2020|issue|No Eviction Without Representation,36.6,1,name+zip,True
2020,d00707,2020|issue|No Eviction Without Representation,8.0,1,name+zip,True
2020,d00767,2020|issue|No Eviction Without Representation,54.0,1,name+zip,True
2020,d00922,2020|issue|No Eviction Without Representation,20.0,1,name+zip,True
2020,d00974,2020|issue|No Eviction Without Representation,108.0,1,name+zip,False
2020,d00988,2020|issue|No Eviction Without Representation,108.0,3,name+zip,True
2020,d01048,2020|issue|No Eviction Without Representation,8.0,1,name+zip,True
2020,d01080,2020|issue|No Eviction Without Representation,20.0,1,name+zip,True
2020,d01160,2020|issue|No Eviction Without Representation,8.0,1,name+zip,True
2020,d01304,2020|issue|No Eviction Without Representation,70.0,3,name+zip,True
2020,d01307,2020|issue|No Eviction Without Representation,54.0,1,name+zip,True
2020,d01319,2020|issue|No Eviction Without Representation,60.0,2,name+zip,True
2020,d01391,2020|issue|No Eviction Without Representation,50.0,2,name+zip,True
2020,d01492,2020|issue|No Eviction Without Representation,54.0,1,name+zip,True
2020,d01523,2020|issue|No Eviction Without Representation,108.0,1,name+zip,True
2020,d01610,2020|issue|No Eviction Without Representation,20.0,1,name+zip,True
2020,d01622,2020|issue|No Eviction Without Representation,54.0,1,name+zip,True
2020,d01665,2020|issue|No Eviction Without Representation,54.0,1,name+zip,True
2020,d01732,2020|issue|No Eviction Without Representation,15.0,1,name+zip,True
2020,d01778,2020|issue|No Eviction Without Representation,40.0,2,name+zip,True
2020,d01807,2020|issue|No Eviction Without Representation,18.0,2,name+zip,True
2020,d01814,2020|issue|No Eviction Without Representation,758.24,11,name+zip,True
2020,d01841,2020|issue|No Eviction Without Representation,177.0,16,name+zip,True
2020,d01880,2020|issue|No Eviction Without Representation,108.0,1,name+zip,True
2020,d02127,2020|issue|No Eviction Without Representation,10.0,1,name+zip,True
2020,d02163,2020|issue|No Eviction Without Representation,54.0,1,name+zip,True
2020,d02291,2020|issue|No Eviction Without Representation,100.0,1,name+zip,True
2020,d02312,2020|issue|No Eviction Without Representation,10.0,1,name+zip,True
2020,d02337,2020|issue|No Eviction Without Representation,100.0,1,name+zip,True
2020,d02412,2020|issue|No Eviction Without Representation,108.0,1,name+zip,True
2020,d02452,2020|issue|No Eviction Without Representation,162.0,3,name+zip,True
2020,d02476,2020|issue|No Eviction Without Representation,28.0,1,name+zip,True
2020,d02482,2020|issue|No Eviction Without Representation,54.0,1,name+zip,True
2020,d02511,2020|issue|No Eviction Without Representation,90.0,3,name+zip,True
2020,d02541,2020|issue|No Eviction Without Representation,50.0,1,name+zip,True
2020,d02548,2020|issue|No Eviction Without Representation,50.0,1,name+zip,True
2020,d02560,2020|issue|No Eviction Without Representation,100.0,1,name+zip,True
2020,d02567,2020|issue|No Eviction Without Representation,5.0,1,name+zip,True
2020,d02661,2020|issue|No Eviction Without Representation,20.0,2,name+zip,True
2020,d02708,2020|issue|No Eviction Without Representation,20.0,1,name+zip,True
2020,d02718,2020|issue|No Eviction Without Representation,100.0,4,name+zip,True
2020,d02731,2020|issue|No Eviction Without Representation,20.0,1,name+zip,True
2020,d02746,2020|issue|No Eviction Without Representation,20.0,1,name+zip,True
2020,d02768,2020|issue|No Eviction Without Representation,32.0,1,name+zip,True
2020,d02769,2020|issue|No Eviction Without Representation,43.0,4,name+zip,True
2020,d02794,2020|issue|No Eviction Without Representation,50.0,1,name+zip,True
2020,d02858,2020|issue|No Eviction Without Representation,108.0,1,name+zip,True
2020,d02922,2020|issue|No Eviction Without Representation,20.0,1,name+zip,True
2020,d03002,2020|issue|No Eviction Without Representation,50.0,1,name+zip,True
2020,d03334,2020|issue|No Eviction Without Representation,40.0,2,name+zip,True
2020,d03355,2020|issue|No Eviction Without Representation,10.0,1,name+zip,True
2020,d03408,2020|issue|No Eviction Without Representation,20.0,1,name+zip,True
2020,d03491,2020|issue|No Eviction Without Representation,5.0,1,name+zip,True
2020,d03529,2020|issue|No Eviction Without Representation,108.0,1,name+zip,True
2020,d03567,2020|issue|No Eviction Without Representation,174.0,3,name+zip,True
2020,d03621,2020|issue|No Eviction Without Representation,50.0,1,name+zip,True
2020,d03667,2020|issue|No Eviction Without Representation,358.0,2,name+zip,True
2020,d03707,2020|issue|No Eviction Without Representation,207.0,21,name+zip,True
2020,d03718,2020|issue|No Eviction Without Representation,10.0,1,name+zip,True
2020,d03776,2020|issue|No Eviction Without Representation,14.0,1,name+zip,True
2020,d03790,2020|issue|No Eviction Without Representation,231.54,16,name+zip,True
2020,d03805,2020|issue|No Eviction Without Representation,100.0,1,name+zip,True
2020,d03890,2020|issue|No Eviction Without Representation,350.0,2,name+zip,True
2020,d03928,2020|issue|No Eviction Without Representation,100.0,13,name+zip,True
2020,d03971,2020|issue|No Eviction Without Representation,50.0,1,name+zip,True
2020,d03994,2020|issue|No Eviction Without Representation,193.0,8,name+zip,True
2020,d04050,2020|issue|No Eviction Without Representation,20.0,2,name+zip,True
2020,d04162,2020|issue|No Eviction Without Representation,33.0,1,name+zip,True
2020,d04321,2020|issue|No Eviction Without Representation,108.0,1,name+zip,True
2020,d04326,2020|issue|No Eviction Without Representation,20.0,1,name+zip,True
2020,d04340,2020|issue|No Eviction Without Representation,20.0,1,name+zip,True
2020,d04357,2020|issue|No Eviction Without Representation,50.0,1,name+zip,True
2020,d04369,2020|issue|No Eviction Without Representation,50.0,1,name+zip,True
2020,d04398,2020|issue|No Eviction Without Representation,10.0,1,name+zip,True
2020,d04399,2020|issue|No Eviction Without Representation,10.0,1,name+zip,True
2020,d04404,2020|issue|No Eviction Without Representation,10.0,1,name+zip,True
2020,d04476,2020|issue|No Eviction Without Representation,20.0,1,name+zip,True
2020,d04484,2020|issue|No Eviction Without Representation,20.0,1,name+zip,True
2020,d04493,2020|issue|No Eviction Without Representation,6065.0,4,name+zip,True
2020,d04496,2020|issue|No Eviction Without Representation,20.0,1,name+zip,True
2020,d04498,2020|issue|No Eviction Without Representation,290.0,4,name+zip,True
2020,d04515,2020|issue|No Eviction Without Representation,27.0,1,name+zip,True
2020,d04541,2020|issue|No Eviction Without Representation,20.0,1,name+zip,True
2020,d04548,2020|issue|No Eviction Without Representation,500.0,1,name+zip,True
2020,d04662,2020|issue|No Eviction Without Representation,108.0,1,name+zip,True
2020,d04756,2020|issue|No Eviction Without Representation,5.0,1,name+zip,True
2020,d04759,2020|issue|No Eviction Without Representation,54.0,1,name+zip,True
2020,d04774,2020|issue|No Eviction Without Representation,10.0,1,name+zip,True
2020,d04797,2020|issue|No Eviction Without Representation,5.0,1,name+zip,True
2020,d04838,2020|issue|No Eviction Without Representation,54.0,1,name+zip,True
2020,d04871,2020|issue|No Eviction Without Representation,20.0,1,name+zip,True
2020,d04896,2020|issue|No Eviction Without Representation,5.0,1,name+zip,True
2020,d04913,2020|issue|No Eviction Without Representation,20.0,1,name+zip,True
2020,d04919,2020|issue|No Eviction Without Representation,50.0,1,name+zip,True
2020,d04922,2020|issue|No Eviction Without Representation,20.0,1,name+zip,True
2020,d04960,2020|issue|No Eviction Without Representation,104.0,2,name+zip,True
2020,d05016,2020|issue|No Eviction Without Representation,50.0,3,name+zip,True
2020,d05018,2020|issue|No Eviction Without Representation,81.0,12,name+zip,True
2020,d05039,2020|issue|No Eviction Without Representation,50.0,1,name+zip,True
2020,d05130,2020|issue|No Eviction Without Representation,5.0,1,name+zip,True
2020,d05193,2020|issue|No Eviction Without Representation,10.0,1,name+zip,True
2020,d05200,2020|issue|No Eviction Without Representation,324.0,8,name+zip,True
2020,d05298,2020|issue|No Eviction Without Representation,20.0,1,name+zip,True
2020,d05312,2020|issue|No Eviction Without Representation,20.0,1,name+zip,True
2020,d05334,2020|issue|No Eviction Without Representation,54.0,1,name+zip,True
2020,d05378,2020|issue|No Eviction Without Representation,8.0,1,name+zip,True
2020,d05400,2020|issue|No Eviction Without Representation,20.0,1,name+zip,True
2020,d05411,2020|issue|No Eviction Without Representation,54.0,1,name+zip,True
2020,d05421,2020|issue|No Eviction Without Representation,2.0,1,name+zip,True
2020,d05456,2020|issue|No Eviction Without Representation,15.0,1,name+zip,True
2020,d05542,2020|issue|No Eviction Without Representation,208.0,2,name+zip,True
2020,d05549,2020|issue|No Eviction Without Representation,23.0,2,name+zip,True
2020,d05614,2020|issue|No Eviction Without Representation,108.0,1,name+zip,True
2020,d05615,2020|issue|No Eviction Without Representation,20.0,1,name+zip,True
2020,d05617,2020|issue|No Eviction Without Representation,20.0,1,name+zip,True
2020,d05646,2020|issue|No Eviction Without Representation,769.0,4,name+zip,True
2020,d05724,2020|issue|No Eviction Without Representation,608.0,2,name+zip,True
2020,d05841,2020|issue|No Eviction Without Representation,50.0,1,name+zip,True
2020,d05846,2020|issue|No Eviction Without Representation,33.0,1,name+zip,True
2020,d05866,2020|issue|No Eviction Without Representation,357.69,3,name+zip,True
2020,d05892,2020|issue|No Eviction Without Representation,329.0,2,name+zip,True
2020,d05919,2020|issue|No Eviction Without Representation,20.0,1,name+zip,True
2020,d05937,2020|issue|No Eviction Without Representation,27.0,1,name+zip,True
2020,d05940,2020|issue|No Eviction Without Representation,311.0,8,name+zip,True
2020,d06138,2020|issue|No Eviction Without Representation,15.0,3,name+zip,True
2020,d06192,2020|issue|No Eviction Without Representation,108.0,1,name+zip,True
2020,d06287,2020|issue|No Eviction Without Representation,16.0,1,name+zip,True
2020,d06304,2020|issue|No Eviction Without Representation,100.0,1,name+zip,True
2020,d06383,2020|issue|No Eviction Without Representation,108.0,1,name+zip,True
2020,d06411,2020|issue|No Eviction Without Representation,1000.0,1,name+zip,True
2020,d06480,2020|issue|No Eviction Without Representation,108.0,1,name+zip,True
2020,d06505,2020|issue|No Eviction Without Representation,10.0,1,name+zip,True
2020,d06508,2020|issue|No Eviction Without Representation,122.0,3,name+zip,True
2020,d06513,2020|issue|No Eviction Without Representation,10.0,1,name+zip,True
2020,d06526,2020|issue|No Eviction Without Representation,250.0,1,name+zip,True
2020,d06569,2020|issue|No Eviction Without Representation,65.0,4,name+zip,True
2020,d06620,2020|issue|No Eviction Without Representation,20.0,1,name+zip,False
2020,d06625,2020|issue|No Eviction Without Representation,8.0,1,name+zip,True
2020,d06685,2020|issue|No Eviction Without Representation,30.0,2,name+zip,True
2020,d06713,2020|issue|No Eviction Without Representation,54.0,1,name+zip,True
2020,d06733,2020|issue|No Eviction Without Representation,5.0,1,name+zip,True
2020,d06930,2020|issue|No Eviction Without Representation,518.0,24,name+zip,True
2020,d07043,2020|issue|No Eviction Without Representation,10.0,1,name+zip,True
2020,d07059,2020|issue|No Eviction Without Representation,15.0,1,name+zip,True
2020,d07094,2020|issue|No Eviction Without Representation,64.0,2,name+zip,True
2020,d07140,2020|issue|No Eviction Without Representation,20.0,1,name+zip,True
2020,d07282,2020|issue|No Eviction Without Representation,40.0,2,name+zip,True
2020,d07290,2020|issue|No Eviction Without Representation,10.0,1,name+zip,True
2020,d07315,2020|issue|No Eviction Without Representation,162.0,2,name+zip,True
2020,d07342,2020|issue|No Eviction Without Representation,20.0,1,name+zip,True
2020,d07479,2020|issue|No Eviction Without Representation,770.0,8,name+zip,True
2020,d07486,2020|issue|No Eviction Without Representation,54.0,1,name+zip,True
2020,d07487,2020|issue|No Eviction Without Representation,113.0,1,name+zip,True
2020,d07510,2020|issue|No Eviction Without Representation,20.0,1,name+zip,True
2020,d07574,2020|issue|No Eviction Without Representation,108.0,1,name+zip,True
2020,d07698,2020|issue|No Eviction Without Representation,118.0,2,name+zip,True
2020,d07819,2020|issue|No Eviction Without Representation,50.0,1,name+zip,True
2020,d07854,2020|issue|No Eviction Without Representation,108.0,1,name+zip,True
2020,d07894,2020|issue|No Eviction Without Representation,20.0,1,name+zip,True
2020,d07899,2020|issue|No Eviction Without Representation,20.0,1,name+zip,True
2020,d07929,2020|issue|No Eviction Without Representation,108.0,1,name+zip,True
2020,d07941,2020|issue|No Eviction Without Representation,33.0,2,name+zip,True
2020,d08016,2020|issue|No Eviction Without Representation,40.0,1,name+zip,True
2020,d08041,2020|issue|No Eviction Without Representation,108.0,1,name+zip,True
2020,d08083,2020|issue|No Eviction Without Representation,250.0,1,name+zip,True
2020,d08135,2020|issue|No Eviction Without Representation,100.0,1,name+zip,True
2020,d00006,2020|issue|No on 2C For Local Power,500.0,1,name+zip,False
2020,d00057,2020|issue|No on 2C For Local Power,100.0,1,name+zip,False
2020,d00321,2020|issue|No on 2C For Local Power,5.0,1,name+zip,True
2020,d00384,2020|issue|No on 2C For Local Power,200.0,1,name+zip,False
2020,d00407,2020|issue|No on 2C For Local Power,1800.0,3,name+zip,False
2020,d00492,2020|issue|No on 2C For Local Power,20.0,1,name+zip,False
2020,d00792,2020|issue|No on 2C For Local Power,500.0,1,name+zip,False
2020,d00841,2020|issue|No on 2C For Local Power,1000.0,1,name+zip,False
2020,d00888,2020|issue|No on 2C For Local Power,50.0,1,name+zip,False
2020,d00920,2020|issue|No on 2C For Local Power,100.0,1,name+zip,False
2020,d00932,2020|issue|No on 2C For Local Power,1000.0,1,name+zip,False
2020,d00934,2020|issue|No on 2C For Local Power,35.0,1,name+zip,False
2020,d01037,2020|issue|No on 2C For Local Power,50.0,1,name+zip,False
2020,d01118,2020|issue|No on 2C For Local Power,100.0,1,name+zip,False
2020,d01360,2020|issue|No on 2C For Local Power,200.0,1,name+zip,False
2020,d01368,2020|issue|No on 2C For Local Power,10.0,1,name+zip,False
2020,d01480,2020|issue|No on 2C For Local Power,300.0,1,name+zip,False
2020,d01533,2020|issue|No on 2C For Local Power,500.0,1,name+zip,False
2020,d01571,2020|issue|No on 2C For Local Power,100.0,1,name+zip,False
2020,d01630,2020|issue|No on 2C For Local Power,75.0,1,name+zip,False
2020,d02601,2020|issue|No on 2C For Local Power,900.0,1,name+zip,False
2020,d02649,2020|issue|No on 2C For Local Power,100.0,1,name+zip,False
2020,d02683,2020|issue|No on 2C For Local Power,1350.0,2,name+zip,False
2020,d02754,2020|issue|No on 2C For Local Power,50.0,1,name+zip,False
2020,d02779,2020|issue|No on 2C For Local Power,700.0,3,name+zip,False
2020,d02807,2020|issue|No on 2C For Local Power,40.0,1,name+zip,False
2020,d02928,2020|issue|No on 2C For Local Power,1500.0,3,name+zip,False
2020,d03121,2020|issue|No on 2C For Local Power,999.0,1,name+zip,False
2020,d03137,2020|issue|No on 2C For Local Power,100.0,1,name+zip,False
2020,d03158,2020|issue|No on 2C For Local Power,700.0,2,name+zip,False
2020,d03305,2020|issue|No on 2C For Local Power,100.0,1,name+zip,False
2020,d03637,2020|issue|No on 2C For Local Power,35.0,1,name+zip,False
2020,d03725,2020|issue|No on 2C For Local Power,50.0,1,name+zip,False
2020,d03832,2020|issue|No on 2C For Local Power,10.0,1,name+zip,False
2020,d03852,2020|issue|No on 2C For Local Power,200.0,1,name+zip,False
2020,d04029,2020|issue|No on 2C For Local Power,1100.0,2,name+zip,False
2020,d04177,2020|issue|No on 2C For Local Power,100.0,1,name+zip,False
2020,d04204,2020|issue|No on 2C For Local Power,750.0,2,name+zip,False
2020,d04284,2020|issue|No on 2C For Local Power,500.0,2,name+zip,False
2020,d04306,2020|issue|No on 2C For Local Power,80.0,2,name+zip,False
2020,d04380,2020|issue|No on 2C For Local Power,100.0,1,name+zip,False
2020,d04394,2020|issue|No on 2C For Local Power,200.0,1,name+zip,False
2020,d04497,2020|issue|No on 2C For Local Power,450.0,2,name+zip,False
2020,d04617,2020|issue|No on 2C For Local Power,50.0,1,name+zip,False
2020,d04670,2020|issue|No on 2C For Local Power,1400.0,3,name+zip,False
2020,d04689,2020|issue|No on 2C For Local Power,40.0,1,name+zip,False
2020,d04761,2020|issue|No on 2C For Local Power,500.0,1,name+zip,False
2020,d05171,2020|issue|No on 2C For Local Power,50.0,1,name+zip,False
2020,d05360,2020|issue|No on 2C For Local Power,1524.0,1,name+zip,True
2020,d05451,2020|issue|No on 2C For Local Power,300.0,2,name+zip,False
2020,d05517,2020|issue|No on 2C For Local Power,1250.0,3,name+zip,False
2020,d05526,2020|issue|No on 2C For Local Power,2650.0,3,name+zip,False
2020,d05621,2020|issue|No on 2C For Local Power,100.0,1,name+zip,False
2020,d05701,2020|issue|No on 2C For Local Power,50.0,1,name+zip,False
2020,d05714,2020|issue|No on 2C For Local Power,100.0,1,name+zip,False
2020,d05774,2020|issue|No on 2C For Local Power,100.0,1,name+zip,False
2020,d06197,2020|issue|No on 2C For Local Power,20.0,1,name+zip,False
2020,d06476,2020|issue|No on 2C For Local Power,300.0,1,name+zip,False
2020,d06711,2020|issue|No on 2C For Local Power,100.0,1,name+zip,False
2020,d06759,2020|issue|No on 2C For Local Power,50.02,1,name+zip,False
2020,d06802,2020|issue|No on 2C For Local Power,50.0,1,name+zip,False
2020,d06888,2020|issue|No on 2C For Local Power,200.0,1,name+zip,False
2020,d06898,2020|issue|No on 2C For Local Power,25.0,1,name+zip,False
2020,d06913,2020|issue|No on 2C For Local Power,200.0,2,name+zip,False
2020,d07119,2020|issue|No on 2C For Local Power,800.0,2,name+zip,False
2020,d07127,2020|issue|No on 2C For Local Power,100.0,1,name+zip,False
2020,d07204,2020|issue|No on 2C For Local Power,300.0,1,name+zip,False
2020,d07246,2020|issue|No on 2C For Local Power,1319.88,5,name+zip,False
2020,d07363,2020|issue|No on 2C For Local Power,100.0,1,name+zip,False
2020,d07433,2020|issue|No on 2C For Local Power,1197.68,3,name+zip,False
2020,d07474,2020|issue|No on 2C For Local Power,80.0,2,name+zip,False
2020,d07577,2020|issue|No on 2C For Local Power,100.0,1,name+zip,False
2020,d07753,2020|issue|No on 2C For Local Power,400.0,2,name+zip,False
2020,d07789,2020|issue|No on 2C For Local Power,6000.0,3,name+zip,False
2020,d07859,2020|issue|No on 2C For Local Power,100.0,1,name+zip,False
2020,d07965,2020|issue|No on 2C For Local Power,200.0,1,name+zip,False
2020,d07980,2020|issue|No on 2C For Local Power,25.0,1,name+zip,False
2020,d08156,2020|issue|No on 2C For Local Power,615.88,3,name+zip,False
2020,d00222,2020|issue|Our Mayor-Our Choice,500.0,1,name+zip,True
2020,d00788,2020|issue|Our Mayor-Our Choice,25.0,1,name+zip,True
2020,d01577,2020|issue|Our Mayor-Our Choice,50.0,1,name+zip,True
2020,d01915,2020|issue|Our Mayor-Our Choice,10.0,1,name+zip,True
2020,d01968,2020|issue|Our Mayor-Our Choice,550.0,2,name+zip,True
2020,d02176,2020|issue|Our Mayor-Our Choice,500.0,1,name+zip,True
2020,d02412,2020|issue|Our Mayor-Our Choice,100.0,1,name+zip,True
2020,d02493,2020|issue|Our Mayor-Our Choice,100.0,1,name+zip,True
2020,d02835,2020|issue|Our Mayor-Our Choice,50.0,1,name+zip,True
2020,d03056,2020|issue|Our Mayor-Our Choice,1000.0,1,name+zip,True
2020,d03478,2020|issue|Our Mayor-Our Choice,500.0,1,name+zip,True
2020,d03648,2020|issue|Our Mayor-Our Choice,500.0,1,name+zip,True
2020,d03652,2020|issue|Our Mayor-Our Choice,1000.0,1,name+zip,True
2020,d03677,2020|issue|Our Mayor-Our Choice,250.0,1,name+zip,True
2020,d03697,2020|issue|Our Mayor-Our Choice,10.0,1,name+zip,True
2020,d04547,2020|issue|Our Mayor-Our Choice,1000.0,1,name+zip,True
2020,d04916,2020|issue|Our Mayor-Our Choice,1000.0,1,name+zip,True
2020,d04985,2020|issue|Our Mayor-Our Choice,10.0,1,name+zip,True
2020,d05051,2020|issue|Our Mayor-Our Choice,250.0,1,name+zip,True
2020,d05263,2020|issue|Our Mayor-Our Choice,250.0,1,name+zip,True
2020,d05321,2020|issue|Our Mayor-Our Choice,50.0,1,name+zip,True
2020,d05467,2020|issue|Our Mayor-Our Choice,50.0,1,name+zip,True
2020,d05478,2020|issue|Our Mayor-Our Choice,100.0,1,name+zip,True
2020,d05659,2020|issue|Our Mayor-Our Choice,100.0,1,name+zip,True
2020,d05985,2020|issue|Our Mayor-Our Choice,500.0,1,name+zip,True
2020,d06035,2020|issue|Our Mayor-Our Choice,1000.0,1,name+zip,True
2020,d06095,2020|issue|Our Mayor-Our Choice,25.0,1,name+zip,True
2020,d06771,2020|issue|Our Mayor-Our Choice,100.0,1,name+zip,True
2020,d06839,2020|issue|Our Mayor-Our Choice,250.0,1,name+zip,True
2020,d07032,2020|issue|Our Mayor-Our Choice,350.0,2,name+zip,True
2020,d07175,2020|issue|Our Mayor-Our Choice,250.0,1,name+zip,True
2020,d07334,2020|issue|Our Mayor-Our Choice,10.0,1,name+zip,True
2020,d07611,2020|issue|Our Mayor-Our Choice,250.0,1,name+zip,True
2020,d07702,2020|issue|Our Mayor-Our Choice,25.0,1,name+zip,True
2021,d00010,2021|cand|Daniel Williams,50.0,1,name+zip,True
2021,d00038,2021|cand|Daniel Williams,100.0,1,name+zip,True
2021,d00076,2021|cand|Daniel Williams,25.0,1,name+zip,True
2021,d00106,2021|cand|Daniel Williams,100.0,1,name+zip,True
2021,d00336,2021|cand|Daniel Williams,100.0,1,name+zip,True
2021,d00356,2021|cand|Daniel Williams,100.0,1,name+zip,True
2021,d00428,2021|cand|Daniel Williams,100.0,1,name+zip,True
2021,d00612,2021|cand|Daniel Williams,25.0,1,name+zip,True
2021,d00663,2021|cand|Daniel Williams,25.0,1,name+zip,True
2021,d00698,2021|cand|Daniel Williams,25.0,1,name+zip,True
2021,d00705,2021|cand|Daniel Williams,100.0,1,name+zip,True
2021,d00711,2021|cand|Daniel Williams,100.0,1,name+zip,True
2021,d00832,2021|cand|Daniel Williams,100.0,1,name+zip,True
2021,d00887,2021|cand|Daniel Williams,25.0,1,name+zip,True
2021,d01033,2021|cand|Daniel Williams,100.0,1,name+zip,True
2021,d01043,2021|cand|Daniel Williams,50.0,1,name+zip,True
2021,d01052,2021|cand|Daniel Williams,25.0,1,name+zip,True
2021,d01124,2021|cand|Daniel Williams,100.0,1,name+zip,True
2021,d01293,2021|cand|Daniel Williams,100.0,1,name+zip,True
2021,d01392,2021|cand|Daniel Williams,100.0,1,name+zip,True
2021,d01433,2021|cand|Daniel Williams,50.0,1,name+zip,True
2021,d01491,2021|cand|Daniel Williams,100.0,1,name+zip,True
2021,d01577,2021|cand|Daniel Williams,100.0,1,name+zip,True
2021,d01619,2021|cand|Daniel Williams,25.0,1,name+zip,True
2021,d01651,2021|cand|Daniel Williams,100.0,1,name+zip,True
2021,d01795,2021|cand|Daniel Williams,100.0,1,name+zip,True
2021,d01968,2021|cand|Daniel Williams,100.0,1,name+zip,True
2021,d01990,2021|cand|Daniel Williams,100.0,1,name+zip,True
2021,d02004,2021|cand|Daniel Williams,100.0,1,name+zip,True
2021,d02019,2021|cand|Daniel Williams,100.0,1,name+zip,True
2021,d02176,2021|cand|Daniel Williams,100.0,1,name+zip,True
2021,d02202,2021|cand|Daniel Williams,100.0,1,name+zip,True
2021,d02258,2021|cand|Daniel Williams,50.0,1,name+zip,True
2021,d02355,2021|cand|Daniel Williams,100.0,1,name+zip,True
2021,d02408,2021|cand|Daniel Williams,100.0,1,name+zip,True
2021,d02409,2021|cand|Daniel Williams,100.0,1,name+zip,True
2021,d02421,2021|cand|Daniel Williams,100.0,1,name+zip,True
2021,d02442,2021|cand|Daniel Williams,100.0,1,name+zip,True
2021,d02655,2021|cand|Daniel Williams,50.0,1,name+zip,True
2021,d02682,2021|cand|Daniel Williams,100.0,1,name+zip,True
2021,d02786,2021|cand|Daniel Williams,100.0,1,name+zip,True
2021,d02858,2021|cand|Daniel Williams,100.0,1,name+zip,True
2021,d02956,2021|cand|Daniel Williams,25.0,1,name+zip,True
2021,d02957,2021|cand|Daniel Williams,50.0,1,name+zip,True
2021,d02995,2021|cand|Daniel Williams,100.0,1,name+zip,True
2021,d03141,2021|cand|Daniel Williams,16.0,1,name+zip,True
2021,d03233,2021|cand|Daniel Williams,50.0,1,name+zip,True
2021,d03240,2021|cand|Daniel Williams,100.0,1,name+zip,True
2021,d03478,2021|cand|Daniel Williams,100.0,1,name+zip,True
2021,d03501,2021|cand|Daniel Williams,100.0,1,name+zip,True
2021,d03503,2021|cand|Daniel Williams,50.0,1,name+zip,True
2021,d03529,2021|cand|Daniel Williams,100.0,1,name+zip,True
2021,d03652,2021|cand|Daniel Williams,100.0,1,name+zip,True
2021,d03667,2021|cand|Daniel Williams,100.0,1,name+zip,True
2021,d03783,2021|cand|Daniel Williams,50.0,1,name+zip,True
2021,d03837,2021|cand|Daniel Williams,100.0,1,name+zip,True
2021,d03866,2021|cand|Daniel Williams,100.0,1,name+zip,True
2021,d03900,2021|cand|Daniel Williams,100.0,1,name+zip,True
2021,d03903,2021|cand|Daniel Williams,100.0,1,name+zip,True
2021,d04034,2021|cand|Daniel Williams,100.0,1,name+zip,True
2021,d04186,2021|cand|Daniel Williams,25.0,1,name+zip,True
2021,d04187,2021|cand|Daniel Williams,100.0,1,name+zip,True
2021,d04292,2021|cand|Daniel Williams,100.0,1,name+zip,True
2021,d04304,2021|cand|Daniel Williams,100.0,1,name+zip,True
2021,d04320,2021|cand|Daniel Williams,100.0,1,name+zip,True
2021,d04444,2021|cand|Daniel Williams,100.0,1,name+zip,False
2021,d04509,2021|cand|Daniel Williams,25.0,1,name+zip,True
2021,d04547,2021|cand|Daniel Williams,100.0,1,name+zip,True
2021,d04567,2021|cand|Daniel Williams,100.0,1,name+zip,True
2021,d04576,2021|cand|Daniel Williams,100.0,1,name+zip,True
2021,d04579,2021|cand|Daniel Williams,25.0,1,name+zip,True
2021,d04667,2021|cand|Daniel Williams,100.0,1,name+zip,True
2021,d04673,2021|cand|Daniel Williams,100.0,1,name+zip,True
2021,d04687,2021|cand|Daniel Williams,100.0,1,name+zip,True
2021,d04740,2021|cand|Daniel Williams,100.0,1,name+zip,True
2021,d04759,2021|cand|Daniel Williams,50.0,1,name+zip,True
2021,d04779,2021|cand|Daniel Williams,100.0,1,name+zip,True
2021,d04787,2021|cand|Daniel Williams,25.0,1,name+zip,True
2021,d04898,2021|cand|Daniel Williams,50.0,1,name+zip,True
2021,d04927,2021|cand|Daniel Williams,100.0,1,name+zip,True
2021,d04989,2021|cand|Daniel Williams,25.0,1,name+zip,True
2021,d05094,2021|cand|Daniel Williams,100.0,1,name+zip,True
2021,d05165,2021|cand|Daniel Williams,100.0,1,name+zip,True
2021,d05214,2021|cand|Daniel Williams,100.0,1,name+zip,True
2021,d05226,2021|cand|Daniel Williams,100.0,1,name+zip,True
2021,d05357,2021|cand|Daniel Williams,25.0,1,name+zip,True
2021,d05490,2021|cand|Daniel Williams,25.0,1,name+zip,True
2021,d05543,2021|cand|Daniel Williams,100.0,1,name+zip,True
2021,d05696,2021|cand|Daniel Williams,100.0,1,name+zip,True
2021,d05711,2021|cand|Daniel Williams,100.0,1,name+zip,True
2021,d05727,2021|cand|Daniel Williams,50.0,1,name+zip,True
2021,d05779,2021|cand|Daniel Williams,100.0,1,name+zip,True
2021,d05853,2021|cand|Daniel Williams,100.0,1,name+zip,True
2021,d05923,2021|cand|Daniel Williams,50.0,1,name+zip,True
2021,d05933,2021|cand|Daniel Williams,100.0,1,name+zip,True
2021,d06085,2021|cand|Daniel Williams,100.0,1,name+zip,True
2021,d06148,2021|cand|Daniel Williams,100.0,1,name+zip,True
2021,d06150,2021|cand|Daniel Williams,50.0,1,name+zip,True
2021,d06179,2021|cand|Daniel Williams,100.0,1,name+zip,True
2021,d06246,2021|cand|Daniel Williams,50.0,1,name+zip,True
2021,d06258,2021|cand|Daniel Williams,100.0,1,name+zip,True
2021,d06298,2021|cand|Daniel Williams,100.0,1,name+zip,True
2021,d06526,2021|cand|Daniel Williams,100.0,1,name+zip,True
2021,d06546,2021|cand|Daniel Williams,100.0,1,name+zip,True
2021,d06581,2021|cand|Daniel Williams,100.0,1,name+zip,True
2021,d06603,2021|cand|Daniel Williams,25.0,1,name+zip,True
2021,d06628,2021|cand|Daniel Williams,25.0,1,name+zip,True
2021,d06646,2021|cand|Daniel Williams,25.0,1,name+zip,True
2021,d06692,2021|cand|Daniel Williams,100.0,1,name+zip,True
2021,d06922,2021|cand|Daniel Williams,100.0,1,name+zip,True
2021,d06931,2021|cand|Daniel Williams,100.0,1,name+zip,True
2021,d06983,2021|cand|Daniel Williams,100.0,1,name+zip,True
2021,d06989,2021|cand|Daniel Williams,100.0,1,name+zip,True
2021,d07004,2021|cand|Daniel Williams,100.0,1,name+zip,True
2021,d07024,2021|cand|Daniel Williams,100.0,1,name+zip,True
2021,d07034,2021|cand|Daniel Williams,100.0,1,name+zip,True
2021,d07075,2021|cand|Daniel Williams,100.0,1,name+zip,True
2021,d07102,2021|cand|Daniel Williams,100.0,1,name+zip,True
2021,d07121,2021|cand|Daniel Williams,100.0,2,name+zip,True
2021,d07262,2021|cand|Daniel Williams,50.0,1,name+zip,True
2021,d07277,2021|cand|Daniel Williams,100.0,1,name+zip,True
2021,d07404,2021|cand|Daniel Williams,100.0,1,name+zip,True
2021,d07410,2021|cand|Daniel Williams,100.0,1,name+zip,True
2021,d07412,2021|cand|Daniel Williams,100.0,1,name+zip,True
2021,d07469,2021|cand|Daniel Williams,50.0,1,name+zip,True
2021,d07499,2021|cand|Daniel Williams,50.0,1,name+zip,True
2021,d07549,2021|cand|Daniel Williams,100.0,1,name+zip,True
2021,d07589,2021|cand|Daniel Williams,100.0,1,name+zip,True
2021,d07602,2021|cand|Daniel Williams,100.0,1,name+zip,True
2021,d07692,2021|cand|Daniel Williams,100.0,1,name+zip,True
2021,d08030,2021|cand|Daniel Williams,100.0,1,name+zip,True
2021,d00079,2021|cand|David Takahashi,50.0,1,name+zip,True
2021,d00113,2021|cand|David Takahashi,100.0,1,name+zip,True
2021,d00391,2021|cand|David Takahashi,100.0,1,name+zip,True
2021,d00433,2021|cand|David Takahashi,100.0,1,name+zip,True
2021,d00519,2021|cand|David Takahashi,100.0,1,name+zip,True
2021,d00771,2021|cand|David Takahashi,100.0,1,name+zip,True
2021,d00844,2021|cand|David Takahashi,100.0,1,name+zip,True
2021,d00900,2021|cand|David Takahashi,100.0,1,name+zip,True
2021,d01009,2021|cand|David Takahashi,50.0,1,name+zip,True
2021,d01013,2021|cand|David Takahashi,100.0,1,name+zip,True
2021,d01033,2021|cand|David Takahashi,50.0,1,name+zip,True
2021,d01087,2021|cand|David Takahashi,100.0,1,name+zip,True
2021,d01089,2021|cand|David Takahashi,100.0,1,name+zip,True
2021,d01129,2021|cand|David Takahashi,100.0,1,name+zip,True
2021,d01135,2021|cand|David Takahashi,50.0,1,name+zip,True
2021,d01201,2021|cand|David Takahashi,10.0,1,name+zip,True
2021,d01213,2021|cand|David Takahashi,50.0,1,name+zip,True
2021,d01440,2021|cand|David Takahashi,100.0,1,name+zip,True
2021,d01565,2021|cand|David Takahashi,100.0,1,name+zip,True
2021,d01615,2021|cand|David Takahashi,100.0,1,name+zip,True
2021,d01616,2021|cand|David Takahashi,25.0,1,name+zip,True
2021,d01662,2021|cand|David Takahashi,100.0,1,name+zip,True
2021,d01690,2021|cand|David Takahashi,100.0,1,name+zip,True
2021,d01693,2021|cand|David Takahashi,100.0,1,name+zip,True
2021,d01805,2021|cand|David Takahashi,100.0,1,name+zip,True
2021,d01879,2021|cand|David Takahashi,100.0,1,name+zip,True
2021,d01915,2021|cand|David Takahashi,10.0,1,name+zip,True
2021,d02082,2021|cand|David Takahashi,100.0,1,name+zip,True
2021,d02296,2021|cand|David Takahashi,100.0,1,name+zip,True
2021,d02378,2021|cand|David Takahashi,50.0,1,name+zip,True
2021,d02484,2021|cand|David Takahashi,100.0,2,name+zip,True
2021,d02721,2021|cand|David Takahashi,100.0,1,name+zip,True
2021,d02736,2021|cand|David Takahashi,100.0,1,name+zip,True
2021,d03084,2021|cand|David Takahashi,100.0,1,name+zip,True
2021,d03350,2021|cand|David Takahashi,100.0,1,name+zip,True
2021,d03453,2021|cand|David Takahashi,100.0,1,name+zip,True
2021,d03515,2021|cand|David Takahashi,100.0,1,name+zip,True
2021,d03642,2021|cand|David Takahashi,50.0,1,name+zip,True
2021,d04018,2021|cand|David Takahashi,50.0,1,name+zip,True
2021,d04180,2021|cand|David Takahashi,100.0,1,name+zip,True
2021,d04214,2021|cand|David Takahashi,50.0,1,name+zip,True
2021,d04281,2021|cand|David Takahashi,25.0,1,name+zip,True
2021,d04322,2021|cand|David Takahashi,100.0,1,name+zip,True
2021,d04653,2021|cand|David Takahashi,50.0,1,name+zip,True
2021,d04717,2021|cand|David Takahashi,50.0,1,name+zip,True
2021,d04743,2021|cand|David Takahashi,50.0,1,name+zip,True
2021,d04831,2021|cand|David Takahashi,72.0,1,name+zip,True
2021,d04898,2021|cand|David Takahashi,50.0,1,name+zip,True
2021,d04899,2021|cand|David Takahashi,25.0,1,name+zip,True
2021,d04956,2021|cand|David Takahashi,25.0,1,name+zip,True
2021,d05009,2021|cand|David Takahashi,50.0,1,name+zip,True
2021,d05084,2021|cand|David Takahashi,50.0,1,name+zip,True
2021,d05097,2021|cand|David Takahashi,100.0,1,name+zip,True
2021,d05168,2021|cand|David Takahashi,100.0,1,name+zip,True
2021,d05262,2021|cand|David Takahashi,50.0,1,name+zip,True
2021,d05272,2021|cand|David Takahashi,100.0,1,name+zip,True
2021,d05360,2021|cand|David Takahashi,100.0,1,name+zip,True
2021,d05464,2021|cand|David Takahashi,10.0,1,name+zip,True
2021,d05485,2021|cand|David Takahashi,50.0,1,name+zip,True
2021,d05720,2021|cand|David Takahashi,75.0,1,name+zip,True
2021,d05740,2021|cand|David Takahashi,100.0,1,name+zip,True
2021,d05852,2021|cand|David Takahashi,25.0,1,name+zip,True
2021,d05864,2021|cand|David Takahashi,100.0,1,name+zip,True
2021,d05986,2021|cand|David Takahashi,108.0,1,name+zip,True
2021,d06004,2021|cand|David Takahashi,100.0,1,name+zip,True
2021,d06011,2021|cand|David Takahashi,100.0,1,name+zip,True
2021,d06095,2021|cand|David Takahashi,100.0,1,name+zip,True
2021,d06153,2021|cand|David Takahashi,25.0,1,name+zip,True
2021,d06185,2021|cand|David Takahashi,100.0,1,name+zip,True
2021,d06269,2021|cand|David Takahashi,100.0,1,name+zip,True
2021,d06293,2021|cand|David Takahashi,10.0,2,name+zip,True
2021,d06542,2021|cand|David Takahashi,100.0,1,name+zip,True
2021,d06678,2021|cand|David Takahashi,50.0,1,name+zip,True
2021,d06761,2021|cand|David Takahashi,100.0,1,name+zip,True
2021,d06998,2021|cand|David Takahashi,50.0,1,name+zip,True
2021,d07011,2021|cand|David Takahashi,100.0,1,name+zip,True
2021,d07025,2021|cand|David Takahashi,10.0,1,name+zip,True
2021,d07065,2021|cand|David Takahashi,25.0,1,name+zip,True
2021,d07078,2021|cand|David Takahashi,25.0,1,name+zip,True
2021,d07129,2021|cand|David Takahashi,100.0,1,name+zip,True
2021,d07184,2021|cand|David Takahashi,100.0,1,name+zip,True
2021,d07194,2021|cand|David Takahashi,100.0,1,name+zip,False
2021,d07355,2021|cand|David Takahashi,10.0,1,name+zip,True
2021,d07465,2021|cand|David Takahashi,20.0,1,name+zip,True
2021,d07530,2021|cand|David Takahashi,100.0,1,name+zip,True
2021,d07655,2021|cand|David Takahashi,100.0,1,name+zip,True
2021,d07685,2021|cand|David Takahashi,100.0,1,name+zip,True
2021,d07705,2021|cand|David Takahashi,100.0,1,name+zip,True
2021,d07730,2021|cand|David Takahashi,100.0,1,name+zip,True
2021,d07893,2021|cand|David Takahashi,100.0,1,name+zip,True
2021,d07940,2021|cand|David Takahashi,100.0,1,name+zip,True
2021,d07996,2021|cand|David Takahashi,100.0,1,name+zip,True
2021,d08094,2021|cand|David Takahashi,100.0,1,name+zip,True
2021,d00079,2021|cand|Jacques Decalo,50.0,1,name+zip,True
2021,d00113,2021|cand|Jacques Decalo,100.0,1,name+zip,True
2021,d00226,2021|cand|Jacques Decalo,80.0,2,name+zip,True
2021,d01361,2021|cand|Jacques Decalo,25.0,1,name+zip,True
2021,d01565,2021|cand|Jacques Decalo,100.0,1,name+zip,True
2021,d01700,2021|cand|Jacques Decalo,50.0,1,name+zip,True
2021,d01871,2021|cand|Jacques Decalo,100.0,1,name+zip,True
2021,d02602,2021|cand|Jacques Decalo,50.0,1,name+zip,True
2021,d03157,2021|cand|Jacques Decalo,25.0,1,name+zip,True
2021,d03462,2021|cand|Jacques Decalo,30.0,1,name+zip,True
2021,d03510,2021|cand|Jacques Decalo,100.0,1,name+zip,True
2021,d05022,2021|cand|Jacques Decalo,50.0,1,name+zip,True
2021,d05360,2021|cand|Jacques Decalo,100.0,1,name+zip,True
2021,d05485,2021|cand|Jacques Decalo,30.0,1,name+zip,True
2021,d06328,2021|cand|Jacques Decalo,100.0,1,name+zip,True
2021,d06761,2021|cand|Jacques Decalo,100.0,1,name+zip,True
2021,d07482,2021|cand|Jacques Decalo,50.0,1,name+zip,True
2021,d07655,2021|cand|Jacques Decalo,100.0,1,name+zip,True
2021,d08008,2021|cand|Jacques Decalo,30.0,1,name+zip,True
2021,d00008,2021|cand|Lauren Folkerts,50.0,1,name+zip,False
2021,d00096,2021|cand|Lauren Folkerts,100.0,1,name+zip,False
2021,d00134,2021|cand|Lauren Folkerts,100.0,1,name+zip,False
2021,d00292,2021|cand|Lauren Folkerts,100.0,2,name+zip,False
2021,d00307,2021|cand|Lauren Folkerts,50.0,1,name+zip,False
2021,d00315,2021|cand|Lauren Folkerts,100.0,1,name+zip,False
2021,d00340,2021|cand|Lauren Folkerts,100.0,1,name+zip,False
2021,d00538,2021|cand|Lauren Folkerts,50.0,1,name+zip,False
2021,d00564,2021|cand|Lauren Folkerts,100.0,1,name+zip,False
2021,d00612,2021|cand|Lauren Folkerts,25.0,1,name+zip,True
2021,d00645,2021|cand|Lauren Folkerts,100.0,1,name+zip,False
2021,d00660,2021|cand|Lauren Folkerts,100.0,1,name+zip,False
2021,d00758,2021|cand|Lauren Folkerts,100.0,1,name+zip,False
2021,d00809,2021|cand|Lauren Folkerts,50.0,1,name+zip,False
2021,d00878,2021|cand|Lauren Folkerts,50.0,1,name+zip,False
2021,d00974,2021|cand|Lauren Folkerts,100.0,1,name+zip,False
2021,d01023,2021|cand|Lauren Folkerts,45.0,1,name+zip,False
2021,d01061,2021|cand|Lauren Folkerts,25.0,1,name+zip,False
2021,d01357,2021|cand|Lauren Folkerts,50.0,1,name+zip,False
2021,d01414,2021|cand|Lauren Folkerts,100.0,1,name+zip,False
2021,d01425,2021|cand|Lauren Folkerts,100.0,1,name+zip,False
2021,d01426,2021|cand|Lauren Folkerts,50.0,1,name+zip,False
2021,d01443,2021|cand|Lauren Folkerts,100.0,1,name+zip,False
2021,d01475,2021|cand|Lauren Folkerts,25.0,1,name+zip,False
2021,d01514,2021|cand|Lauren Folkerts,100.0,1,name+zip,False
2021,d01532,2021|cand|Lauren Folkerts,25.0,1,name+zip,False
2021,d01570,2021|cand|Lauren Folkerts,50.0,1,name+zip,False
2021,d01639,2021|cand|Lauren Folkerts,100.0,1,name+zip,False
2021,d01672,2021|cand|Lauren Folkerts,100.0,1,name+zip,False
2021,d01801,2021|cand|Lauren Folkerts,100.0,1,name+zip,False
2021,d01818,2021|cand|Lauren Folkerts,100.0,1,name+zip,False
2021,d01857,2021|cand|Lauren Folkerts,100.0,1,name+zip,False
2021,d01902,2021|cand|Lauren Folkerts,50.0,1,name+zip,False
2021,d01989,2021|cand|Lauren Folkerts,100.0,1,name+zip,False
2021,d02100,2021|cand|Lauren Folkerts,100.0,1,name+zip,False
2021,d02179,2021|cand|Lauren Folkerts,50.0,1,name+zip,False
2021,d02186,2021|cand|Lauren Folkerts,100.0,1,name+zip,False
2021,d02203,2021|cand|Lauren Folkerts,100.0,1,name+zip,False
2021,d02230,2021|cand|Lauren Folkerts,100.0,1,name+zip,False
2021,d02277,2021|cand|Lauren Folkerts,100.0,1,name+zip,False
2021,d02354,2021|cand|Lauren Folkerts,100.0,1,name+zip,False
2021,d02419,2021|cand|Lauren Folkerts,25.0,1,name+zip,False
2021,d02551,2021|cand|Lauren Folkerts,50.0,1,name+zip,False
2021,d02646,2021|cand|Lauren Folkerts,200.0,2,name+zip,False
2021,d02664,2021|cand|Lauren Folkerts,75.0,1,name+zip,False
2021,d02695,2021|cand|Lauren Folkerts,25.0,1,name+zip,False
2021,d02719,2021|cand|Lauren Folkerts,100.0,1,name+zip,False
2021,d02810,2021|cand|Lauren Folkerts,100.0,1,name+zip,False
2021,d02959,2021|cand|Lauren Folkerts,100.0,1,name+zip,False
2021,d02974,2021|cand|Lauren Folkerts,10.0,1,name+zip,False
2021,d03106,2021|cand|Lauren Folkerts,30.0,1,name+zip,False
2021,d03148,2021|cand|Lauren Folkerts,50.0,1,name+zip,False
2021,d03188,2021|cand|Lauren Folkerts,50.0,1,name+zip,False
2021,d03201,2021|cand|Lauren Folkerts,25.0,1,name+zip,False
2021,d03253,2021|cand|Lauren Folkerts,100.0,1,name+zip,False
2021,d03260,2021|cand|Lauren Folkerts,100.0,1,name+zip,False
2021,d03261,2021|cand|Lauren Folkerts,25.0,1,name+zip,False
2021,d03336,2021|cand|Lauren Folkerts,100.0,1,name+zip,False
2021,d03575,2021|cand|Lauren Folkerts,50.0,1,name+zip,False
2021,d03584,2021|cand|Lauren Folkerts,50.0,1,name+zip,False
2021,d03652,2021|cand|Lauren Folkerts,100.0,1,name+zip,True
2021,d03680,2021|cand|Lauren Folkerts,100.0,1,name+zip,False
2021,d03702,2021|cand|Lauren Folkerts,25.0,1,name+zip,False
2021,d03978,2021|cand|Lauren Folkerts,100.0,1,name+zip,False
2021,d03996,2021|cand|Lauren Folkerts,50.0,1,name+zip,False
2021,d04060,2021|cand|Lauren Folkerts,100.0,1,name+zip,False
2021,d04090,2021|cand|Lauren Folkerts,50.0,1,name+zip,False
2021,d04166,2021|cand|Lauren Folkerts,100.0,1,name+zip,False
2021,d04239,2021|cand|Lauren Folkerts,100.0,1,name+zip,False
2021,d04241,2021|cand|Lauren Folkerts,200.0,2,name+zip,False
2021,d04425,2021|cand|Lauren Folkerts,100.0,1,name+zip,False
2021,d04464,2021|cand|Lauren Folkerts,100.0,1,name+zip,False
2021,d04531,2021|cand|Lauren Folkerts,20.0,1,name+zip,False
2021,d04566,2021|cand|Lauren Folkerts,100.0,1,name+zip,False
2021,d04584,2021|cand|Lauren Folkerts,50.0,1,name+zip,False
2021,d04602,2021|cand|Lauren Folkerts,100.0,1,name+zip,False
2021,d04678,2021|cand|Lauren Folkerts,25.0,1,name+zip,False
2021,d04699,2021|cand|Lauren Folkerts,100.0,1,name+zip,False
2021,d04711,2021|cand|Lauren Folkerts,50.0,1,name+zip,False
2021,d04745,2021|cand|Lauren Folkerts,100.0,1,name+zip,False
2021,d04761,2021|cand|Lauren Folkerts,25.0,1,name+zip,False
2021,d04767,2021|cand|Lauren Folkerts,100.0,1,name+zip,False
2021,d04804,2021|cand|Lauren Folkerts,100.0,1,name+zip,False
2021,d04917,2021|cand|Lauren Folkerts,100.0,1,name+zip,False
2021,d05064,2021|cand|Lauren Folkerts,100.0,1,name+zip,False
2021,d05094,2021|cand|Lauren Folkerts,100.0,1,name+zip,True
2021,d05158,2021|cand|Lauren Folkerts,100.0,1,name+zip,False
2021,d05189,2021|cand|Lauren Folkerts,100.0,1,name+zip,False
2021,d05329,2021|cand|Lauren Folkerts,10.0,1,name+zip,False
2021,d05379,2021|cand|Lauren Folkerts,100.0,1,name+zip,False
2021,d05491,2021|cand|Lauren Folkerts,75.0,1,name+zip,False
2021,d05498,2021|cand|Lauren Folkerts,50.0,1,name+zip,False
2021,d05528,2021|cand|Lauren Folkerts,100.0,1,name+zip,False
2021,d05529,2021|cand|Lauren Folkerts,100.0,1,name+zip,False
2021,d05585,2021|cand|Lauren Folkerts,25.0,1,name+zip,False
2021,d05729,2021|cand|Lauren Folkerts,100.0,1,name+zip,False
2021,d05749,2021|cand|Lauren Folkerts,25.0,1,name+zip,False
2021,d05752,2021|cand|Lauren Folkerts,100.0,1,name+zip,False
2021,d05792,2021|cand|Lauren Folkerts,50.0,1,name+zip,False
2021,d05930,2021|cand|Lauren Folkerts,50.0,1,name+zip,False
2021,d05956,2021|cand|Lauren Folkerts,25.0,1,name+zip,False
2021,d06005,2021|cand|Lauren Folkerts,100.0,1,name+zip,False
2021,d06072,2021|cand|Lauren Folkerts,50.0,1,name+zip,False
2021,d06156,2021|cand|Lauren Folkerts,100.0,1,name+zip,False
2021,d06196,2021|cand|Lauren Folkerts,25.0,1,name+zip,False
2021,d06234,2021|cand|Lauren Folkerts,75.0,1,name+zip,False
2021,d06347,2021|cand|Lauren Folkerts,50.0,1,name+zip,False
2021,d06407,2021|cand|Lauren Folkerts,75.0,1,name+zip,False
2021,d06414,2021|cand|Lauren Folkerts,100.0,1,name+zip,False
2021,d06422,2021|cand|Lauren Folkerts,50.0,1,name+zip,False
2021,d06438,2021|cand|Lauren Folkerts,25.0,1,name+zip,False
2021,d06439,2021|cand|Lauren Folkerts,100.0,1,name+zip,False
2021,d06453,2021|cand|Lauren Folkerts,100.0,1,name+zip,False
2021,d06477,2021|cand|Lauren Folkerts,100.0,1,name+zip,False
2021,d06510,2021|cand|Lauren Folkerts,25.0,1,name+zip,False
2021,d06570,2021|cand|Lauren Folkerts,100.0,1,name+zip,False
2021,d06598,2021|cand|Lauren Folkerts,100.0,1,name+zip,False
2021,d06638,2021|cand|Lauren Folkerts,50.0,1,name+zip,False
2021,d06724,2021|cand|Lauren Folkerts,100.0,1,name+zip,False
2021,d06806,2021|cand|Lauren Folkerts,100.0,1,name+zip,False
2021,d06949,2021|cand|Lauren Folkerts,50.0,1,name+zip,False
2021,d06964,2021|cand|Lauren Folkerts,25.0,1,name+zip,False
2021,d06980,2021|cand|Lauren Folkerts,100.0,1,name+zip,False
2021,d07073,2021|cand|Lauren Folkerts,100.0,1,name+zip,False
2021,d07114,2021|cand|Lauren Folkerts,100.0,1,name+zip,True
2021,d07120,2021|cand|Lauren Folkerts,50.0,1,name+zip,False
2021,d07148,2021|cand|Lauren Folkerts,100.0,1,name+zip,False
2021,d07158,2021|cand|Lauren Folkerts,50.0,1,name+zip,False
2021,d07179,2021|cand|Lauren Folkerts,50.0,1,name+zip,False
2021,d07218,2021|cand|Lauren Folkerts,50.0,1,name+zip,True
2021,d07250,2021|cand|Lauren Folkerts,100.0,1,name+zip,False
2021,d07279,2021|cand|Lauren Folkerts,100.0,1,name+zip,False
2021,d07324,2021|cand|Lauren Folkerts,100.0,1,name+zip,False
2021,d07348,2021|cand|Lauren Folkerts,50.0,1,name+zip,False
2021,d07416,2021|cand|Lauren Folkerts,25.0,1,name+zip,False
2021,d07434,2021|cand|Lauren Folkerts,50.0,1,name+zip,False
2021,d07652,2021|cand|Lauren Folkerts,100.0,1,name+zip,False
2021,d07858,2021|cand|Lauren Folkerts,50.0,1,name+zip,False
2021,d07938,2021|cand|Lauren Folkerts,50.0,1,name+zip,False
2021,d08007,2021|cand|Lauren Folkerts,75.0,1,name+zip,False
2021,d08056,2021|cand|Lauren Folkerts,100.0,1,name+zip,False
2021,d08076,2021|cand|Lauren Folkerts,100.0,1,name+zip,False
2021,d08087,2021|cand|Lauren Folkerts,100.0,1,name+zip,False
2021,d08123,2021|cand|Lauren Folkerts,75.0,1,name+zip,False
2021,d08156,2021|cand|Lauren Folkerts,100.0,1,name+zip,False
2021,d00083,2021|cand|Mark Wallach,100.0,1,name+zip,True
2021,d00228,2021|cand|Mark Wallach,100.0,1,name+zip,True
2021,d00260,2021|cand|Mark Wallach,100.0,1,name+zip,True
2021,d00352,2021|cand|Mark Wallach,100.0,1,name+zip,True
2021,d00399,2021|cand|Mark Wallach,100.0,1,name+zip,True
2021,d00409,2021|cand|Mark Wallach,100.0,1,name+zip,True
2021,d00456,2021|cand|Mark Wallach,100.0,1,name+zip,True
2021,d00513,2021|cand|Mark Wallach,100.0,1,name+zip,True
2021,d00514,2021|cand|Mark Wallach,100.0,1,name+zip,True
2021,d00528,2021|cand|Mark Wallach,100.0,1,name+zip,True
2021,d00572,2021|cand|Mark Wallach,100.0,1,name+zip,True
2021,d00586,2021|cand|Mark Wallach,100.0,1,name+zip,True
2021,d00759,2021|cand|Mark Wallach,100.0,1,name+zip,True
2021,d00773,2021|cand|Mark Wallach,50.0,1,name+zip,False
2021,d00779,2021|cand|Mark Wallach,50.0,1,name+zip,True
2021,d00864,2021|cand|Mark Wallach,50.0,1,name+zip,True
2021,d00866,2021|cand|Mark Wallach,100.0,1,name+zip,False
2021,d00892,2021|cand|Mark Wallach,100.0,1,name+zip,True
2021,d00910,2021|cand|Mark Wallach,40.0,1,name+zip,False
2021,d00947,2021|cand|Mark Wallach,100.0,1,name+zip,True
2021,d01105,2021|cand|Mark Wallach,25.0,1,name+zip,True
2021,d01116,2021|cand|Mark Wallach,100.0,1,name+zip,True
2021,d01171,2021|cand|Mark Wallach,50.0,1,name+zip,True
2021,d01181,2021|cand|Mark Wallach,50.0,1,name+zip,True
2021,d01229,2021|cand|Mark Wallach,100.0,1,name+zip,True
2021,d01236,2021|cand|Mark Wallach,100.0,1,name+zip,True
2021,d01397,2021|cand|Mark Wallach,100.0,1,name+zip,True
2021,d01399,2021|cand|Mark Wallach,25.0,1,name+zip,True
2021,d01412,2021|cand|Mark Wallach,100.0,1,name+zip,True
2021,d01499,2021|cand|Mark Wallach,100.0,1,name+zip,True
2021,d01519,2021|cand|Mark Wallach,25.0,1,name+zip,True
2021,d01864,2021|cand|Mark Wallach,100.0,1,name+zip,True
2021,d01913,2021|cand|Mark Wallach,100.0,1,name+zip,True
2021,d01939,2021|cand|Mark Wallach,100.0,1,name+zip,True
2021,d01964,2021|cand|Mark Wallach,100.0,1,name+zip,True
2021,d02042,2021|cand|Mark Wallach,100.0,1,name+zip,False
2021,d02110,2021|cand|Mark Wallach,100.0,1,name+zip,True
2021,d02140,2021|cand|Mark Wallach,50.0,1,name+zip,True
2021,d02213,2021|cand|Mark Wallach,100.0,1,name+zip,True
2021,d02222,2021|cand|Mark Wallach,100.0,1,name+zip,True
2021,d02280,2021|cand|Mark Wallach,100.0,1,name+zip,True
2021,d02380,2021|cand|Mark Wallach,83.0,1,name+zip,True
2021,d02414,2021|cand|Mark Wallach,100.0,1,name+zip,True
2021,d02481,2021|cand|Mark Wallach,25.0,1,name+zip,True
2021,d02730,2021|cand|Mark Wallach,100.0,1,name+zip,True
2021,d02741,2021|cand|Mark Wallach,25.0,1,name+zip,True
2021,d02775,2021|cand|Mark Wallach,100.0,1,name+zip,True
2021,d02788,2021|cand|Mark Wallach,100.0,1,name+zip,True
2021,d02790,2021|cand|Mark Wallach,100.0,1,name+zip,True
2021,d02895,2021|cand|Mark Wallach,100.0,1,name+zip,True
2021,d02927,2021|cand|Mark Wallach,100.0,1,name+zip,True
2021,d02958,2021|cand|Mark Wallach,100.0,1,name+zip,True
2021,d03142,2021|cand|Mark Wallach,50.0,1,name+zip,True
2021,d03219,2021|cand|Mark Wallach,100.0,1,name+zip,True
2021,d03278,2021|cand|Mark Wallach,50.0,1,name+zip,True
2021,d03301,2021|cand|Mark Wallach,100.0,2,name+zip,True
2021,d03375,2021|cand|Mark Wallach,72.0,1,name+zip,True
2021,d03391,2021|cand|Mark Wallach,100.0,1,name+zip,True
2021,d03485,2021|cand|Mark Wallach,25.0,1,name+zip,True
2021,d03493,2021|cand|Mark Wallach,100.0,1,name+zip,True
2021,d03615,2021|cand|Mark Wallach,100.0,1,name+zip,True
2021,d03701,2021|cand|Mark Wallach,100.0,1,name+zip,True
2021,d03732,2021|cand|Mark Wallach,100.0,1,name+zip,True
2021,d03808,2021|cand|Mark Wallach,100.0,1,name+zip,True
2021,d03879,2021|cand|Mark Wallach,100.0,1,name+zip,True
2021,d04021,2021|cand|Mark Wallach,100.0,1,name+zip,True
2021,d04078,2021|cand|Mark Wallach,100.0,1,name+zip,True
2021,d04111,2021|cand|Mark Wallach,100.0,1,name+zip,True
2021,d04169,2021|cand|Mark Wallach,100.0,1,name+zip,True
2021,d04200,2021|cand|Mark Wallach,100.0,1,name+zip,True
2021,d04274,2021|cand|Mark Wallach,100.0,1,name+zip,True
2021,d04283,2021|cand|Mark Wallach,25.0,1,name+zip,True
2021,d04368,2021|cand|Mark Wallach,100.0,1,name+zip,True
2021,d04419,2021|cand|Mark Wallach,100.0,1,name+zip,True
2021,d04433,2021|cand|Mark Wallach,25.0,1,name+zip,True
2021,d04436,2021|cand|Mark Wallach,100.0,1,name+zip,True
2021,d04461,2021|cand|Mark Wallach,100.0,1,name+zip,True
2021,d04738,2021|cand|Mark Wallach,50.0,1,name+zip,True
2021,d04739,2021|cand|Mark Wallach,100.0,1,name+zip,True
2021,d04764,2021|cand|Mark Wallach,100.0,1,name+zip,True
2021,d04884,2021|cand|Mark Wallach,50.0,1,name+zip,True
2021,d04962,2021|cand|Mark Wallach,100.0,1,name+zip,True
2021,d04972,2021|cand|Mark Wallach,100.0,1,name+zip,True
2021,d05030,2021|cand|Mark Wallach,100.0,1,name+zip,True
2021,d05106,2021|cand|Mark Wallach,25.0,1,name+zip,True
2021,d05195,2021|cand|Mark Wallach,100.0,1,name+zip,True
2021,d05233,2021|cand|Mark Wallach,50.0,1,name+zip,True
2021,d05239,2021|cand|Mark Wallach,118.93,2,name+zip,True
2021,d05278,2021|cand|Mark Wallach,100.0,1,name+zip,True
2021,d05327,2021|cand|Mark Wallach,100.0,1,name+zip,False
2021,d05428,2021|cand|Mark Wallach,100.0,1,name+zip,True
2021,d05485,2021|cand|Mark Wallach,50.0,1,name+zip,True
2021,d05541,2021|cand|Mark Wallach,100.0,1,name+zip,True
2021,d05564,2021|cand|Mark Wallach,100.0,1,name+zip,True
2021,d05573,2021|cand|Mark Wallach,100.0,1,name+zip,True
2021,d05589,2021|cand|Mark Wallach,100.0,1,name+zip,True
2021,d05595,2021|cand|Mark Wallach,100.0,1,name+zip,True
2021,d05642,2021|cand|Mark Wallach,100.0,1,name+zip,True
2021,d05643,2021|cand|Mark Wallach,25.0,1,name+zip,True
2021,d05880,2021|cand|Mark Wallach,100.0,1,name+zip,True
2021,d05980,2021|cand|Mark Wallach,100.0,1,name+zip,True
2021,d06131,2021|cand|Mark Wallach,100.0,1,name+zip,True
2021,d06169,2021|cand|Mark Wallach,50.0,1,name+zip,True
2021,d06326,2021|cand|Mark Wallach,100.0,1,name+zip,True
2021,d06379,2021|cand|Mark Wallach,100.0,1,name+zip,True
2021,d06607,2021|cand|Mark Wallach,100.0,1,name+zip,True
2021,d06737,2021|cand|Mark Wallach,100.0,1,name+zip,True
2021,d06768,2021|cand|Mark Wallach,50.0,1,name+zip,True
2021,d06822,2021|cand|Mark Wallach,100.0,1,name+zip,True
2021,d06829,2021|cand|Mark Wallach,100.0,1,name+zip,True
2021,d06908,2021|cand|Mark Wallach,100.0,1,name+zip,True
2021,d06948,2021|cand|Mark Wallach,100.0,1,name+zip,True
2021,d07038,2021|cand|Mark Wallach,100.0,1,name+zip,True
2021,d07249,2021|cand|Mark Wallach,31.0,2,name+zip,True
2021,d07264,2021|cand|Mark Wallach,100.0,1,name+zip,True
2021,d07447,2021|cand|Mark Wallach,100.0,1,name+zip,True
2021,d07492,2021|cand|Mark Wallach,50.0,1,name+zip,True
2021,d07556,2021|cand|Mark Wallach,50.0,1,name+zip,True
2021,d07689,2021|cand|Mark Wallach,100.0,1,name+zip,True
2021,d07750,2021|cand|Mark Wallach,100.0,1,name+zip,True
2021,d07886,2021|cand|Mark Wallach,100.0,1,name+zip,True
2021,d07937,2021|cand|Mark Wallach,100.0,1,name+zip,True
2021,d07939,2021|cand|Mark Wallach,100.0,1,name+zip,True
2021,d07965,2021|cand|Mark Wallach,25.0,1,name+zip,False
2021,d07986,2021|cand|Mark Wallach,100.0,1,name+zip,True
2021,d08058,2021|cand|Mark Wallach,100.0,1,name+zip,True
2021,d08085,2021|cand|Mark Wallach,100.0,1,name+zip,True
2021,d08144,2021|cand|Mark Wallach,100.0,1,name+zip,True
2021,d00045,2021|cand|Matthew Benjamin,100.0,1,name+zip,False
2021,d00076,2021|cand|Matthew Benjamin,10.0,1,name+zip,True
2021,d00106,2021|cand|Matthew Benjamin,100.0,1,name+zip,True
2021,d00115,2021|cand|Matthew Benjamin,50.0,1,name+zip,True
2021,d00120,2021|cand|Matthew Benjamin,25.0,1,name+zip,True
2021,d00162,2021|cand|Matthew Benjamin,100.0,1,name+zip,True
2021,d00186,2021|cand|Matthew Benjamin,50.0,1,name+zip,True
2021,d00221,2021|cand|Matthew Benjamin,100.0,1,name+zip,True
2021,d00362,2021|cand|Matthew Benjamin,100.0,1,name+zip,True
2021,d00660,2021|cand|Matthew Benjamin,100.0,1,name+zip,False
2021,d00689,2021|cand|Matthew Benjamin,25.0,1,name+zip,False
2021,d00703,2021|cand|Matthew Benjamin,100.0,1,name+zip,True
2021,d00786,2021|cand|Matthew Benjamin,50.0,1,name+zip,True
2021,d00812,2021|cand|Matthew Benjamin,100.0,1,name+zip,True
2021,d00947,2021|cand|Matthew Benjamin,100.0,1,name+zip,True
2021,d00952,2021|cand|Matthew Benjamin,25.0,1,name+zip,True
2021,d01042,2021|cand|Matthew Benjamin,50.0,1,name+zip,False
2021,d01043,2021|cand|Matthew Benjamin,50.0,1,name+zip,True
2021,d01097,2021|cand|Matthew Benjamin,100.0,1,name+zip,True
2021,d01141,2021|cand|Matthew Benjamin,100.0,1,name+zip,True
2021,d01193,2021|cand|Matthew Benjamin,100.0,1,name+zip,True
2021,d01239,2021|cand|Matthew Benjamin,100.0,1,name+zip,False
2021,d01248,2021|cand|Matthew Benjamin,100.0,1,name+zip,True
2021,d01267,2021|cand|Matthew Benjamin,25.0,1,name+zip,True
2021,d01577,2021|cand|Matthew Benjamin,100.0,1,name+zip,True
2021,d01619,2021|cand|Matthew Benjamin,10.0,1,name+zip,True
2021,d01672,2021|cand|Matthew Benjamin,100.0,1,name+zip,False
2021,d01766,2021|cand|Matthew Benjamin,100.0,1,name+zip,True
2021,d01796,2021|cand|Matthew Benjamin,100.0,1,name+zip,False
2021,d01888,2021|cand|Matthew Benjamin,100.0,1,name+zip,True
2021,d01915,2021|cand|Matthew Benjamin,10.0,1,name+zip,True
2021,d01968,2021|cand|Matthew Benjamin,100.0,1,name+zip,True
2021,d02083,2021|cand|Matthew Benjamin,100.0,1,name+zip,True
2021,d02176,2021|cand|Matthew Benjamin,100.0,1,name+zip,True
2021,d02223,2021|cand|Matthew Benjamin,100.0,1,name+zip,True
2021,d02236,2021|cand|Matthew Benjamin,100.0,1,name+zip,True
2021,d02365,2021|cand|Matthew Benjamin,100.0,1,name+zip,True
2021,d02412,2021|cand|Matthew Benjamin,100.0,1,name+zip,True
2021,d02413,2021|cand|Matthew Benjamin,100.0,1,name+zip,True
2021,d02414,2021|cand|Matthew Benjamin,100.0,1,name+zip,True
2021,d02440,2021|cand|Matthew Benjamin,50.0,1,name+zip,False
2021,d02560,2021|cand|Matthew Benjamin,100.0,1,name+zip,True
2021,d02561,2021|cand|Matthew Benjamin,100.0,1,name+zip,True
2021,d02801,2021|cand|Matthew Benjamin,100.0,1,name+zip,False
2021,d02858,2021|cand|Matthew Benjamin,100.0,1,name+zip,True
2021,d02936,2021|cand|Matthew Benjamin,100.0,1,name+zip,True
2021,d02957,2021|cand|Matthew Benjamin,50.0,1,name+zip,True
2021,d03039,2021|cand|Matthew Benjamin,100.0,1,name+zip,True
2021,d03056,2021|cand|Matthew Benjamin,100.0,1,name+zip,True
2021,d03155,2021|cand|Matthew Benjamin,100.0,1,name+zip,True
2021,d03188,2021|cand|Matthew Benjamin,50.0,1,name+zip,False
2021,d03199,2021|cand|Matthew Benjamin,100.0,1,name+zip,True
2021,d03206,2021|cand|Matthew Benjamin,100.0,1,name+zip,True
2021,d03221,2021|cand|Matthew Benjamin,100.0,1,name+zip,True
2021,d03478,2021|cand|Matthew Benjamin,100.0,1,name+zip,True
2021,d03529,2021|cand|Matthew Benjamin,100.0,1,name+zip,True
2021,d03548,2021|cand|Matthew Benjamin,100.0,1,name+zip,True
2021,d03626,2021|cand|Matthew Benjamin,50.0,1,name+zip,True
2021,d03652,2021|cand|Matthew Benjamin,100.0,1,name+zip,True
2021,d03667,2021|cand|Matthew Benjamin,100.0,1,name+zip,True
2021,d03688,2021|cand|Matthew Benjamin,100.0,1,name+zip,True
2021,d03773,2021|cand|Matthew Benjamin,100.0,1,name+zip,True
2021,d03798,2021|cand|Matthew Benjamin,100.0,1,name+zip,True
2021,d03954,2021|cand|Matthew Benjamin,100.0,1,name+zip,True
2021,d04020,2021|cand|Matthew Benjamin,100.0,1,name+zip,True
2021,d04141,2021|cand|Matthew Benjamin,100.0,1,name+zip,True
2021,d04341,2021|cand|Matthew Benjamin,100.0,1,name+zip,True
2021,d04390,2021|cand|Matthew Benjamin,100.0,1,name+zip,True
2021,d04502,2021|cand|Matthew Benjamin,25.0,1,name+zip,True
2021,d04509,2021|cand|Matthew Benjamin,100.0,1,name+zip,True
2021,d04581,2021|cand|Matthew Benjamin,100.0,1,name+zip,True
2021,d04737,2021|cand|Matthew Benjamin,50.0,1,name+zip,True
2021,d04898,2021|cand|Matthew Benjamin,50.0,1,name+zip,True
2021,d04936,2021|cand|Matthew Benjamin,100.0,1,name+zip,True
2021,d05031,2021|cand|Matthew Benjamin,100.0,1,name+zip,True
2021,d05034,2021|cand|Matthew Benjamin,100.0,1,name+zip,True
2021,d05094,2021|cand|Matthew Benjamin,25.0,1,name+zip,True
2021,d05214,2021|cand|Matthew Benjamin,100.0,1,name+zip,True
2021,d05302,2021|cand|Matthew Benjamin,100.0,1,name+zip,False
2021,d05322,2021|cand|Matthew Benjamin,100.0,1,name+zip,True
2021,d05329,2021|cand|Matthew Benjamin,10.0,1,name+zip,False
2021,d05357,2021|cand|Matthew Benjamin,25.0,1,name+zip,True
2021,d05411,2021|cand|Matthew Benjamin,100.0,1,name+zip,True
2021,d05543,2021|cand|Matthew Benjamin,100.0,1,name+zip,True
2021,d05666,2021|cand|Matthew Benjamin,100.0,1,name+zip,True
2021,d05686,2021|cand|Matthew Benjamin,100.0,1,name+zip,True
2021,d05753,2021|cand|Matthew Benjamin,100.0,1,name+zip,False
2021,d05771,2021|cand|Matthew Benjamin,100.0,1,name+zip,True
2021,d05777,2021|cand|Matthew Benjamin,100.0,1,name+zip,False
2021,d05882,2021|cand|Matthew Benjamin,100.0,1,name+zip,True
2021,d05941,2021|cand|Matthew Benjamin,100.0,1,name+zip,False
2021,d05962,2021|cand|Matthew Benjamin,50.0,1,name+zip,True
2021,d05964,2021|cand|Matthew Benjamin,100.0,1,name+zip,True
2021,d05981,2021|cand|Matthew Benjamin,25.0,1,name+zip,False
2021,d06026,2021|cand|Matthew Benjamin,100.0,1,name+zip,False
2021,d06116,2021|cand|Matthew Benjamin,100.0,1,name+zip,True
2021,d06150,2021|cand|Matthew Benjamin,50.0,1,name+zip,True
2021,d06318,2021|cand|Matthew Benjamin,25.0,1,name+zip,True
2021,d06370,2021|cand|Matthew Benjamin,50.0,1,name+zip,True
2021,d06401,2021|cand|Matthew Benjamin,100.0,1,name+zip,True
2021,d06477,2021|cand|Matthew Benjamin,100.0,1,name+zip,False
2021,d06526,2021|cand|Matthew Benjamin,100.0,1,name+zip,True
2021,d06546,2021|cand|Matthew Benjamin,100.0,1,name+zip,True
2021,d06628,2021|cand|Matthew Benjamin,25.0,1,name+zip,True
2021,d06676,2021|cand|Matthew Benjamin,50.0,1,name+zip,True
2021,d06730,2021|cand|Matthew Benjamin,100.0,1,name+zip,True
2021,d06796,2021|cand|Matthew Benjamin,100.0,1,name+zip,False
2021,d06916,2021|cand|Matthew Benjamin,100.0,1,name+zip,True
2021,d06989,2021|cand|Matthew Benjamin,100.0,1,name+zip,True
2021,d07022,2021|cand|Matthew Benjamin,25.0,1,name+zip,True
2021,d07081,2021|cand|Matthew Benjamin,25.0,1,name+zip,True
2021,d07161,2021|cand|Matthew Benjamin,100.0,1,name+zip,True
2021,d07261,2021|cand|Matthew Benjamin,100.0,1,name+zip,False
2021,d07262,2021|cand|Matthew Benjamin,50.0,1,name+zip,True
2021,d07320,2021|cand|Matthew Benjamin,100.0,1,name+zip,True
2021,d07373,2021|cand|Matthew Benjamin,50.0,1,name+zip,True
2021,d07440,2021|cand|Matthew Benjamin,100.0,1,name+zip,True
2021,d07469,2021|cand|Matthew Benjamin,50.0,1,name+zip,True
2021,d07612,2021|cand|Matthew Benjamin,25.0,1,name+zip,True
2021,d07783,2021|cand|Matthew Benjamin,100.0,1,name+zip,False
2021,d07835,2021|cand|Matthew Benjamin,50.0,1,name+zip,True
2021,d07928,2021|cand|Matthew Benjamin,100.0,1,name+zip,True
2021,d08019,2021|cand|Matthew Benjamin,50.0,1,name+zip,True
2021,d08056,2021|cand|Matthew Benjamin,100.0,1,name+zip,False
2021,d08155,2021|cand|Matthew Benjamin,100.0,1,name+zip,True
2021,d00070,2021|cand|Michael Christy,25.0,1,name+zip,True
2021,d00079,2021|cand|Michael Christy,100.0,3,name+zip,True
2021,d00083,2021|cand|Michael Christy,100.0,1,name+zip,True
2021,d00113,2021|cand|Michael Christy,100.0,1,name+zip,True
2021,d00174,2021|cand|Michael Christy,100.0,1,name+zip,True
2021,d00258,2021|cand|Michael Christy,100.0,1,name+zip,True
2021,d00482,2021|cand|Michael Christy,25.0,1,name+zip,True
2021,d00547,2021|cand|Michael Christy,100.0,1,name+zip,True
2021,d00572,2021|cand|Michael Christy,100.0,1,name+zip,True
2021,d00638,2021|cand|Michael Christy,100.0,1,name+zip,True
2021,d00759,2021|cand|Michael Christy,100.0,1,name+zip,True
2021,d00775,2021|cand|Michael Christy,100.0,1,name+zip,True
2021,d00798,2021|cand|Michael Christy,100.0,1,name+zip,True
2021,d00806,2021|cand|Michael Christy,100.0,1,name+zip,True
2021,d00947,2021|cand|Michael Christy,100.0,1,name+zip,True
2021,d00954,2021|cand|Michael Christy,50.0,1,name+zip,True
2021,d01064,2021|cand|Michael Christy,100.0,1,name+zip,True
2021,d01311,2021|cand|Michael Christy,100.0,1,name+zip,True
2021,d01382,2021|cand|Michael Christy,100.0,1,name+zip,True
2021,d01499,2021|cand|Michael Christy,100.0,1,name+zip,True
2021,d01591,2021|cand|Michael Christy,50.0,1,name+zip,True
2021,d01719,2021|cand|Michael Christy,100.0,1,name+zip,True
2021,d01771,2021|cand|Michael Christy,100.0,1,name+zip,True
2021,d01901,2021|cand|Michael Christy,100.0,1,name+zip,True
2021,d01982,2021|cand|Michael Christy,100.0,1,name+zip,True
2021,d01997,2021|cand|Michael Christy,100.0,1,name+zip,True
2021,d02110,2021|cand|Michael Christy,100.0,1,name+zip,True
2021,d02208,2021|cand|Michael Christy,50.0,1,name+zip,True
2021,d02213,2021|cand|Michael Christy,100.0,1,name+zip,True
2021,d02380,2021|cand|Michael Christy,100.0,1,name+zip,True
2021,d02501,2021|cand|Michael Christy,100.0,1,name+zip,True
2021,d02631,2021|cand|Michael Christy,100.0,1,name+zip,True
2021,d02741,2021|cand|Michael Christy,25.0,1,name+zip,True
2021,d02744,2021|cand|Michael Christy,25.0,1,name+zip,True
2021,d02770,2021|cand|Michael Christy,30.0,1,name+zip,True
2021,d02823,2021|cand|Michael Christy,100.0,1,name+zip,True
2021,d02829,2021|cand|Michael Christy,100.0,1,name+zip,True
2021,d02895,2021|cand|Michael Christy,100.0,1,name+zip,True
2021,d02982,2021|cand|Michael Christy,100.0,1,name+zip,True
2021,d02991,2021|cand|Michael Christy,100.0,1,name+zip,True
2021,d03007,2021|cand|Michael Christy,20.0,1,name+zip,True
2021,d03036,2021|cand|Michael Christy,100.0,1,name+zip,True
2021,d03076,2021|cand|Michael Christy,100.0,1,name+zip,True
2021,d03359,2021|cand|Michael Christy,100.0,1,name+zip,True
2021,d03371,2021|cand|Michael Christy,100.0,1,name+zip,True
2021,d03424,2021|cand|Michael Christy,25.0,1,name+zip,True
2021,d03564,2021|cand|Michael Christy,100.0,1,name+zip,True
2021,d03598,2021|cand|Michael Christy,25.0,1,name+zip,False
2021,d03719,2021|cand|Michael Christy,50.0,1,name+zip,True
2021,d03861,2021|cand|Michael Christy,100.0,1,name+zip,True
2021,d03875,2021|cand|Michael Christy,100.0,1,name+zip,True
2021,d04026,2021|cand|Michael Christy,100.0,1,name+zip,True
2021,d04057,2021|cand|Michael Christy,100.0,1,name+zip,True
2021,d04146,2021|cand|Michael Christy,100.0,1,name+zip,True
2021,d04200,2021|cand|Michael Christy,100.0,1,name+zip,True
2021,d04274,2021|cand|Michael Christy,100.0,1,name+zip,True
2021,d04283,2021|cand|Michael Christy,25.0,1,name+zip,True
2021,d04366,2021|cand|Michael Christy,50.0,1,name+zip,True
2021,d04395,2021|cand|Michael Christy,100.0,1,name+zip,True
2021,d04419,2021|cand|Michael Christy,50.0,2,name+zip,True
2021,d04420,2021|cand|Michael Christy,50.0,1,name+zip,True
2021,d04447,2021|cand|Michael Christy,50.0,1,name+zip,True
2021,d04450,2021|cand|Michael Christy,100.0,1,name+zip,True
2021,d04454,2021|cand|Michael Christy,40.0,1,name+zip,True
2021,d04492,2021|cand|Michael Christy,100.0,1,name+zip,True
2021,d04545,2021|cand|Michael Christy,100.0,1,name+zip,True
2021,d04705,2021|cand|Michael Christy,100.0,1,name+zip,True
2021,d04714,2021|cand|Michael Christy,100.0,1,name+zip,True
2021,d04739,2021|cand|Michael Christy,100.0,1,name+zip,True
2021,d04851,2021|cand|Michael Christy,50.0,1,name+zip,True
2021,d04972,2021|cand|Michael Christy,100.0,1,name+zip,True
2021,d05011,2021|cand|Michael Christy,100.0,1,name+zip,True
2021,d05034,2021|cand|Michael Christy,100.0,1,name+zip,True
2021,d05063,2021|cand|Michael Christy,100.0,1,name+zip,True
2021,d05100,2021|cand|Michael Christy,25.0,1,name+zip,True
2021,d05142,2021|cand|Michael Christy,100.0,1,name+zip,True
2021,d05229,2021|cand|Michael Christy,25.0,1,name+zip,True
2021,d05278,2021|cand|Michael Christy,100.0,1,name+zip,True
2021,d05328,2021|cand|Michael Christy,100.0,1,name+zip,True
2021,d05413,2021|cand|Michael Christy,100.0,1,name+zip,True
2021,d05462,2021|cand|Michael Christy,100.0,1,name+zip,True
2021,d05521,2021|cand|Michael Christy,100.0,1,name+zip,True
2021,d05564,2021|cand|Michael Christy,100.0,1,name+zip,True
2021,d05589,2021|cand|Michael Christy,100.0,1,name+zip,True
2021,d05604,2021|cand|Michael Christy,25.0,1,name+zip,True
2021,d05642,2021|cand|Michael Christy,100.0,1,name+zip,True
2021,d05652,2021|cand|Michael Christy,100.0,1,name+zip,True
2021,d05879,2021|cand|Michael Christy,100.0,1,name+zip,True
2021,d05960,2021|cand|Michael Christy,50.0,1,name+zip,True
2021,d05994,2021|cand|Michael Christy,100.0,1,name+zip,True
2021,d06094,2021|cand|Michael Christy,100.0,1,name+zip,True
2021,d06243,2021|cand|Michael Christy,100.0,1,name+zip,True
2021,d06310,2021|cand|Michael Christy,100.0,1,name+zip,True
2021,d06566,2021|cand|Michael Christy,25.0,1,name+zip,True
2021,d06567,2021|cand|Michael Christy,50.0,1,name+zip,True
2021,d06623,2021|cand|Michael Christy,100.0,1,name+zip,True
2021,d06737,2021|cand|Michael Christy,100.0,1,name+zip,True
2021,d06812,2021|cand|Michael Christy,50.0,1,name+zip,True
2021,d06822,2021|cand|Michael Christy,100.0,1,name+zip,True
2021,d06839,2021|cand|Michael Christy,100.0,1,name+zip,True
2021,d06876,2021|cand|Michael Christy,100.0,1,name+zip,True
2021,d06910,2021|cand|Michael Christy,100.0,1,name+zip,True
2021,d06956,2021|cand|Michael Christy,100.0,1,name+zip,True
2021,d06982,2021|cand|Michael Christy,100.0,1,name+zip,True
2021,d07028,2021|cand|Michael Christy,50.0,1,name+zip,True
2021,d07038,2021|cand|Michael Christy,100.0,1,name+zip,True
2021,d07183,2021|cand|Michael Christy,100.0,1,name+zip,True
2021,d07264,2021|cand|Michael Christy,100.0,1,name+zip,True
2021,d07280,2021|cand|Michael Christy,100.0,1,name+zip,True
2021,d07303,2021|cand|Michael Christy,100.0,1,name+zip,True
2021,d07408,2021|cand|Michael Christy,40.0,1,name+zip,True
2021,d07449,2021|cand|Michael Christy,100.0,1,name+zip,True
2021,d07469,2021|cand|Michael Christy,50.0,1,name+zip,True
2021,d07482,2021|cand|Michael Christy,75.0,1,name+zip,True
2021,d07527,2021|cand|Michael Christy,100.0,1,name+zip,True
2021,d07553,2021|cand|Michael Christy,100.0,1,name+zip,True
2021,d07556,2021|cand|Michael Christy,25.0,1,name+zip,True
2021,d07655,2021|cand|Michael Christy,100.0,1,name+zip,True
2021,d07687,2021|cand|Michael Christy,100.0,1,name+zip,True
2021,d07710,2021|cand|Michael Christy,50.0,1,name+zip,True
2021,d07736,2021|cand|Michael Christy,100.0,1,name+zip,True
2021,d07779,2021|cand|Michael Christy,50.0,2,name+zip,True
2021,d07927,2021|cand|Michael Christy,100.0,1,name+zip,True
2021,d07977,2021|cand|Michael Christy,25.0,1,name+zip,True
2021,d07986,2021|cand|Michael Christy,100.0,1,name+zip,True
2021,d07997,2021|cand|Michael Christy,100.0,1,name+zip,True
2021,d08008,2021|cand|Michael Christy,50.0,1,name+zip,True
2021,d08045,2021|cand|Michael Christy,50.0,1,name+zip,True
2021,d08109,2021|cand|Michael Christy,100.0,1,name+zip,True
2021,d08125,2021|cand|Michael Christy,100.0,1,name+zip,True
2021,d08139,2021|cand|Michael Christy,100.0,1,name+zip,True
2021,d00002,2021|cand|Nicole Speer,100.0,1,name+zip,True
2021,d00076,2021|cand|Nicole Speer,15.0,1,name+zip,True
2021,d00106,2021|cand|Nicole Speer,100.0,1,name+zip,True
2021,d00107,2021|cand|Nicole Speer,100.0,1,name+zip,True
2021,d00186,2021|cand|Nicole Speer,50.0,1,name+zip,True
2021,d00190,2021|cand|Nicole Speer,100.0,1,name+zip,True
2021,d00325,2021|cand|Nicole Speer,10.0,1,name+zip,True
2021,d00445,2021|cand|Nicole Speer,15.0,1,name+zip,True
2021,d00608,2021|cand|Nicole Speer,50.0,1,name+zip,True
2021,d00612,2021|cand|Nicole Speer,25.0,1,name+zip,True
2021,d00684,2021|cand|Nicole Speer,50.0,1,name+zip,True
2021,d00732,2021|cand|Nicole Speer,100.0,2,name+zip,True
2021,d00742,2021|cand|Nicole Speer,100.0,1,name+zip,True
2021,d00743,2021|cand|Nicole Speer,100.0,1,name+zip,True
2021,d00800,2021|cand|Nicole Speer,10.0,1,name+zip,True
2021,d00801,2021|cand|Nicole Speer,100.0,1,name+zip,True
2021,d00926,2021|cand|Nicole Speer,100.0,1,name+zip,True
2021,d00977,2021|cand|Nicole Speer,100.0,1,name+zip,True
2021,d01052,2021|cand|Nicole Speer,10.0,1,name+zip,True
2021,d01072,2021|cand|Nicole Speer,50.0,1,name+zip,True
2021,d01073,2021|cand|Nicole Speer,100.0,1,name+zip,True
2021,d01097,2021|cand|Nicole Speer,100.0,1,name+zip,True
2021,d01150,2021|cand|Nicole Speer,50.0,1,name+zip,True
2021,d01197,2021|cand|Nicole Speer,25.0,1,name+zip,True
2021,d01204,2021|cand|Nicole Speer,25.0,1,name+zip,True
2021,d01371,2021|cand|Nicole Speer,100.0,1,name+zip,True
2021,d01419,2021|cand|Nicole Speer,100.0,1,name+zip,True
2021,d01433,2021|cand|Nicole Speer,100.0,1,name+zip,True
2021,d01456,2021|cand|Nicole Speer,50.0,1,name+zip,True
2021,d01459,2021|cand|Nicole Speer,100.0,1,name+zip,True
2021,d01530,2021|cand|Nicole Speer,50.0,1,name+zip,True
2021,d01548,2021|cand|Nicole Speer,100.0,1,name+zip,True
2021,d01577,2021|cand|Nicole Speer,100.0,1,name+zip,True
2021,d01583,2021|cand|Nicole Speer,10.0,1,name+zip,True
2021,d01607,2021|cand|Nicole Speer,50.0,1,name+zip,True
2021,d01619,2021|cand|Nicole Speer,10.0,1,name+zip,True
2021,d01642,2021|cand|Nicole Speer,100.0,1,name+zip,True
2021,d01681,2021|cand|Nicole Speer,100.0,1,name+zip,True
2021,d01726,2021|cand|Nicole Speer,100.0,1,name+zip,True
2021,d01752,2021|cand|Nicole Speer,100.0,1,name+zip,True
2021,d01753,2021|cand|Nicole Speer,100.0,1,name+zip,True
2021,d01767,2021|cand|Nicole Speer,100.0,1,name+zip,True
2021,d01873,2021|cand|Nicole Speer,50.0,1,name+zip,True
2021,d01905,2021|cand|Nicole Speer,100.0,1,name+zip,True
2021,d01917,2021|cand|Nicole Speer,100.0,1,name+zip,True
2021,d01924,2021|cand|Nicole Speer,100.0,1,name+zip,True
2021,d01941,2021|cand|Nicole Speer,10.0,1,name+zip,True
2021,d01968,2021|cand|Nicole Speer,100.0,1,name+zip,True
2021,d01990,2021|cand|Nicole Speer,100.0,1,name+zip,True
2021,d02004,2021|cand|Nicole Speer,100.0,1,name+zip,True
2021,d02010,2021|cand|Nicole Speer,100.0,1,name+zip,True
2021,d02054,2021|cand|Nicole Speer,100.0,1,name+zip,True
2021,d02061,2021|cand|Nicole Speer,100.0,1,name+zip,True
2021,d02128,2021|cand|Nicole Speer,50.0,1,name+zip,True
2021,d02176,2021|cand|Nicole Speer,100.0,1,name+zip,True
2021,d02451,2021|cand|Nicole Speer,50.0,1,name+zip,True
2021,d02518,2021|cand|Nicole Speer,100.0,1,name+zip,True
2021,d02554,2021|cand|Nicole Speer,25.0,1,name+zip,True
2021,d02568,2021|cand|Nicole Speer,50.0,1,name+zip,True
2021,d02647,2021|cand|Nicole Speer,56.0,1,name+zip,True
2021,d02857,2021|cand|Nicole Speer,25.0,1,name+zip,True
2021,d02858,2021|cand|Nicole Speer,100.0,1,name+zip,True
2021,d02957,2021|cand|Nicole Speer,50.0,1,name+zip,True
2021,d03012,2021|cand|Nicole Speer,100.0,1,name+zip,True
2021,d03068,2021|cand|Nicole Speer,25.0,1,name+zip,True
2021,d03289,2021|cand|Nicole Speer,25.0,1,name+zip,True
2021,d03299,2021|cand|Nicole Speer,50.0,1,name+zip,True
2021,d03306,2021|cand|Nicole Speer,25.0,1,name+zip,True
2021,d03312,2021|cand|Nicole Speer,100.0,1,name+zip,True
2021,d03419,2021|cand|Nicole Speer,100.0,1,name+zip,True
2021,d03478,2021|cand|Nicole Speer,100.0,1,name+zip,True
2021,d03503,2021|cand|Nicole Speer,50.0,1,name+zip,True
2021,d03529,2021|cand|Nicole Speer,100.0,1,name+zip,True
2021,d03559,2021|cand|Nicole Speer,25.0,1,name+zip,True
2021,d03652,2021|cand|Nicole Speer,100.0,1,name+zip,True
2021,d03667,2021|cand|Nicole Speer,100.0,1,name+zip,True
2021,d03714,2021|cand|Nicole Speer,25.0,1,name+zip,True
2021,d03824,2021|cand|Nicole Speer,50.0,1,name+zip,True
2021,d03956,2021|cand|Nicole Speer,25.0,1,name+zip,True
2021,d03959,2021|cand|Nicole Speer,100.0,1,name+zip,True
2021,d04015,2021|cand|Nicole Speer,100.0,1,name+zip,True
2021,d04084,2021|cand|Nicole Speer,75.0,1,name+zip,True
2021,d04098,2021|cand|Nicole Speer,100.0,1,name+zip,True
2021,d04308,2021|cand|Nicole Speer,10.0,1,name+zip,True
2021,d04455,2021|cand|Nicole Speer,15.0,1,name+zip,True
2021,d04509,2021|cand|Nicole Speer,100.0,1,name+zip,True
2021,d04543,2021|cand|Nicole Speer,50.0,1,name+zip,True
2021,d04547,2021|cand|Nicole Speer,100.0,1,name+zip,True
2021,d04562,2021|cand|Nicole Speer,50.0,1,name+zip,True
2021,d04667,2021|cand|Nicole Speer,200.0,1,name+zip,True
2021,d04706,2021|cand|Nicole Speer,100.0,1,name+zip,True
2021,d04815,2021|cand|Nicole Speer,100.0,1,name+zip,True
2021,d04830,2021|cand|Nicole Speer,50.0,1,name+zip,True
2021,d04870,2021|cand|Nicole Speer,25.0,1,name+zip,True
2021,d04887,2021|cand|Nicole Speer,15.0,1,name+zip,True
2021,d04898,2021|cand|Nicole Speer,50.0,1,name+zip,True
2021,d04925,2021|cand|Nicole Speer,100.0,1,name+zip,True
2021,d04960,2021|cand|Nicole Speer,100.0,1,name+zip,True
2021,d04987,2021|cand|Nicole Speer,25.0,1,name+zip,True
2021,d05004,2021|cand|Nicole Speer,100.0,1,name+zip,True
2021,d05043,2021|cand|Nicole Speer,50.0,1,name+zip,True
2021,d05060,2021|cand|Nicole Speer,100.0,1,name+zip,True
2021,d05167,2021|cand|Nicole Speer,100.0,1,name+zip,True
2021,d05214,2021|cand|Nicole Speer,100.0,1,name+zip,True
2021,d05287,2021|cand|Nicole Speer,100.0,1,name+zip,True
2021,d05314,2021|cand|Nicole Speer,25.0,1,name+zip,True
2021,d05357,2021|cand|Nicole Speer,100.0,1,name+zip,True
2021,d05485,2021|cand|Nicole Speer,30.0,1,name+zip,True
2021,d05525,2021|cand|Nicole Speer,100.0,1,name+zip,True
2021,d05543,2021|cand|Nicole Speer,100.0,2,name+zip,True
2021,d05563,2021|cand|Nicole Speer,50.0,1,name+zip,True
2021,d05610,2021|cand|Nicole Speer,20.0,1,name+zip,True
2021,d05693,2021|cand|Nicole Speer,15.0,1,name+zip,True
2021,d05778,2021|cand|Nicole Speer,50.0,1,name+zip,True
2021,d05794,2021|cand|Nicole Speer,50.0,1,name+zip,True
2021,d05799,2021|cand|Nicole Speer,50.0,1,name+zip,True
2021,d05861,2021|cand|Nicole Speer,100.0,1,name+zip,True
2021,d06089,2021|cand|Nicole Speer,100.0,1,name+zip,True
2021,d06136,2021|cand|Nicole Speer,50.0,1,name+zip,True
2021,d06137,2021|cand|Nicole Speer,100.0,1,name+zip,True
2021,d06143,2021|cand|Nicole Speer,100.0,1,name+zip,True
2021,d06150,2021|cand|Nicole Speer,50.0,1,name+zip,True
2021,d06154,2021|cand|Nicole Speer,15.0,1,name+zip,True
2021,d06274,2021|cand|Nicole Speer,25.0,1,name+zip,True
2021,d06281,2021|cand|Nicole Speer,100.0,1,name+zip,True
2021,d06338,2021|cand|Nicole Speer,100.0,1,name+zip,True
2021,d06354,2021|cand|Nicole Speer,10.0,1,name+zip,True
2021,d06401,2021|cand|Nicole Speer,100.0,1,name+zip,True
2021,d06464,2021|cand|Nicole Speer,10.0,1,name+zip,True
2021,d06493,2021|cand|Nicole Speer,50.0,1,name+zip,True
2021,d06526,2021|cand|Nicole Speer,100.0,1,name+zip,True
2021,d06546,2021|cand|Nicole Speer,100.0,1,name+zip,True
2021,d06603,2021|cand|Nicole Speer,25.0,1,name+zip,True
2021,d06628,2021|cand|Nicole Speer,25.0,1,name+zip,True
2021,d06655,2021|cand|Nicole Speer,100.0,1,name+zip,True
2021,d06860,2021|cand|Nicole Speer,100.0,1,name+zip,True
2021,d06933,2021|cand|Nicole Speer,25.0,1,name+zip,True
2021,d06989,2021|cand|Nicole Speer,100.0,1,name+zip,True
2021,d07010,2021|cand|Nicole Speer,50.0,1,name+zip,True
2021,d07018,2021|cand|Nicole Speer,100.0,1,name+zip,True
2021,d07054,2021|cand|Nicole Speer,50.0,1,name+zip,True
2021,d07161,2021|cand|Nicole Speer,100.0,1,name+zip,True
2021,d07170,2021|cand|Nicole Speer,50.0,1,name+zip,True
2021,d07439,2021|cand|Nicole Speer,50.0,1,name+zip,True
2021,d07469,2021|cand|Nicole Speer,50.0,1,name+zip,True
2021,d07486,2021|cand|Nicole Speer,100.0,1,name+zip,True
2021,d07729,2021|cand|Nicole Speer,5.0,1,name+zip,True
2021,d07771,2021|cand|Nicole Speer,100.0,1,name+zip,True
2021,d07797,2021|cand|Nicole Speer,50.0,1,name+zip,True
2021,d07847,2021|cand|Nicole Speer,100.0,1,name+zip,True
2021,d07918,2021|cand|Nicole Speer,100.0,1,name+zip,True
2021,d07949,2021|cand|Nicole Speer,100.0,1,name+zip,True
2021,d08043,2021|cand|Nicole Speer,100.0,1,name+zip,True
2021,d08112,2021|cand|Nicole Speer,50.0,1,name+zip,True
2021,d08155,2021|cand|Nicole Speer,100.0,1,name+zip,True
2021,d00079,2021|cand|Steven Rosenblum,50.0,1,name+zip,True
2021,d00113,2021|cand|Steven Rosenblum,100.0,1,name+zip,True
2021,d00222,2021|cand|Steven Rosenblum,100.0,1,name+zip,True
2021,d00271,2021|cand|Steven Rosenblum,100.0,1,name+zip,False
2021,d00352,2021|cand|Steven Rosenblum,50.0,1,name+zip,True
2021,d00382,2021|cand|Steven Rosenblum,100.0,1,name+zip,False
2021,d00487,2021|cand|Steven Rosenblum,100.0,1,name+zip,True
2021,d00626,2021|cand|Steven Rosenblum,100.0,1,name+zip,True
2021,d00633,2021|cand|Steven Rosenblum,100.0,1,name+zip,False
2021,d00673,2021|cand|Steven Rosenblum,100.0,1,name+zip,False
2021,d00687,2021|cand|Steven Rosenblum,100.0,1,name+zip,True
2021,d00759,2021|cand|Steven Rosenblum,100.0,1,name+zip,True
2021,d00775,2021|cand|Steven Rosenblum,100.0,1,name+zip,True
2021,d00894,2021|cand|Steven Rosenblum,100.0,1,name+zip,False
2021,d00908,2021|cand|Steven Rosenblum,100.0,1,name+zip,False
2021,d00930,2021|cand|Steven Rosenblum,100.0,1,name+zip,True
2021,d00947,2021|cand|Steven Rosenblum,100.0,1,name+zip,True
2021,d01064,2021|cand|Steven Rosenblum,100.0,1,name+zip,True
2021,d01086,2021|cand|Steven Rosenblum,100.0,1,name+zip,True
2021,d01260,2021|cand|Steven Rosenblum,100.0,1,name+zip,True
2021,d01289,2021|cand|Steven Rosenblum,100.0,1,name+zip,False
2021,d01330,2021|cand|Steven Rosenblum,100.0,1,name+zip,False
2021,d01450,2021|cand|Steven Rosenblum,100.0,1,name+zip,True
2021,d01750,2021|cand|Steven Rosenblum,100.0,1,name+zip,True
2021,d01806,2021|cand|Steven Rosenblum,100.0,1,name+zip,False
2021,d01823,2021|cand|Steven Rosenblum,100.0,1,name+zip,True
2021,d01849,2021|cand|Steven Rosenblum,100.0,1,name+zip,True
2021,d01859,2021|cand|Steven Rosenblum,100.0,1,name+zip,True
2021,d01866,2021|cand|Steven Rosenblum,100.0,1,name+zip,True
2021,d01997,2021|cand|Steven Rosenblum,100.0,1,name+zip,True
2021,d02011,2021|cand|Steven Rosenblum,100.0,1,name+zip,True
2021,d02042,2021|cand|Steven Rosenblum,100.0,1,name+zip,False
2021,d02045,2021|cand|Steven Rosenblum,100.0,1,name+zip,True
2021,d02097,2021|cand|Steven Rosenblum,100.0,1,name+zip,True
2021,d02140,2021|cand|Steven Rosenblum,25.0,1,name+zip,True
2021,d02213,2021|cand|Steven Rosenblum,100.0,1,name+zip,True
2021,d02227,2021|cand|Steven Rosenblum,100.0,1,name+zip,True
2021,d02306,2021|cand|Steven Rosenblum,100.0,1,name+zip,True
2021,d02347,2021|cand|Steven Rosenblum,25.0,1,name+zip,False
2021,d02380,2021|cand|Steven Rosenblum,100.0,1,name+zip,True
2021,d02414,2021|cand|Steven Rosenblum,100.0,1,name+zip,True
2021,d02416,2021|cand|Steven Rosenblum,100.0,1,name+zip,False
2021,d02501,2021|cand|Steven Rosenblum,100.0,1,name+zip,True
2021,d02583,2021|cand|Steven Rosenblum,100.0,1,name+zip,True
2021,d02595,2021|cand|Steven Rosenblum,50.0,1,name+zip,True
2021,d02617,2021|cand|Steven Rosenblum,350.0,2,name+zip,True
2021,d02753,2021|cand|Steven Rosenblum,20.0,1,name+zip,True
2021,d02816,2021|cand|Steven Rosenblum,100.0,1,name+zip,True
2021,d02855,2021|cand|Steven Rosenblum,50.0,1,name+zip,True
2021,d02892,2021|cand|Steven Rosenblum,100.0,1,name+zip,True
2021,d02895,2021|cand|Steven Rosenblum,100.0,1,name+zip,True
2021,d02911,2021|cand|Steven Rosenblum,100.0,1,name+zip,True
2021,d02953,2021|cand|Steven Rosenblum,100.0,1,name+zip,True
2021,d03026,2021|cand|Steven Rosenblum,100.0,1,name+zip,False
2021,d03101,2021|cand|Steven Rosenblum,50.0,1,name+zip,True
2021,d03115,2021|cand|Steven Rosenblum,100.0,1,name+zip,False
2021,d03120,2021|cand|Steven Rosenblum,100.0,1,name+zip,False
2021,d03527,2021|cand|Steven Rosenblum,100.0,1,name+zip,True
2021,d03612,2021|cand|Steven Rosenblum,50.0,1,name+zip,False
2021,d03646,2021|cand|Steven Rosenblum,100.0,1,name+zip,False
2021,d03789,2021|cand|Steven Rosenblum,100.0,1,name+zip,False
2021,d03835,2021|cand|Steven Rosenblum,25.0,1,name+zip,False
2021,d03995,2021|cand|Steven Rosenblum,100.0,1,name+zip,True
2021,d04200,2021|cand|Steven Rosenblum,100.0,1,name+zip,True
2021,d04208,2021|cand|Steven Rosenblum,100.0,1,name+zip,True
2021,d04274,2021|cand|Steven Rosenblum,100.0,1,name+zip,True
2021,d04401,2021|cand|Steven Rosenblum,50.0,1,name+zip,True
2021,d04419,2021|cand|Steven Rosenblum,25.0,1,name+zip,True
2021,d04450,2021|cand|Steven Rosenblum,100.0,1,name+zip,True
2021,d04452,2021|cand|Steven Rosenblum,100.0,1,name+zip,False
2021,d04486,2021|cand|Steven Rosenblum,100.0,1,name+zip,False
2021,d04524,2021|cand|Steven Rosenblum,100.0,1,name+zip,False
2021,d04648,2021|cand|Steven Rosenblum,100.0,1,name+zip,True
2021,d04739,2021|cand|Steven Rosenblum,100.0,1,name+zip,True
2021,d05037,2021|cand|Steven Rosenblum,100.0,1,name+zip,False
2021,d05113,2021|cand|Steven Rosenblum,100.0,1,name+zip,True
2021,d05187,2021|cand|Steven Rosenblum,100.0,1,name+zip,False
2021,d05213,2021|cand|Steven Rosenblum,25.0,1,name+zip,False
2021,d05278,2021|cand|Steven Rosenblum,100.0,1,name+zip,True
2021,d05280,2021|cand|Steven Rosenblum,100.0,1,name+zip,True
2021,d05303,2021|cand|Steven Rosenblum,100.0,1,name+zip,True
2021,d05383,2021|cand|Steven Rosenblum,100.0,1,name+zip,False
2021,d05524,2021|cand|Steven Rosenblum,100.0,1,name+zip,False
2021,d05564,2021|cand|Steven Rosenblum,100.0,1,name+zip,True
2021,d05589,2021|cand|Steven Rosenblum,100.0,1,name+zip,True
2021,d05642,2021|cand|Steven Rosenblum,25.0,1,name+zip,True
2021,d05674,2021|cand|Steven Rosenblum,99.0,1,name+zip,False
2021,d05675,2021|cand|Steven Rosenblum,100.0,1,name+zip,True
2021,d05819,2021|cand|Steven Rosenblum,100.0,1,name+zip,True
2021,d05833,2021|cand|Steven Rosenblum,100.0,1,name+zip,True
2021,d05868,2021|cand|Steven Rosenblum,100.0,1,name+zip,False
2021,d06118,2021|cand|Steven Rosenblum,100.0,1,name+zip,False
2021,d06204,2021|cand|Steven Rosenblum,50.0,1,name+zip,True
2021,d06210,2021|cand|Steven Rosenblum,100.0,1,name+zip,True
2021,d06243,2021|cand|Steven Rosenblum,100.0,1,name+zip,True
2021,d06341,2021|cand|Steven Rosenblum,100.0,1,name+zip,False
2021,d06389,2021|cand|Steven Rosenblum,100.0,1,name+zip,False
2021,d06576,2021|cand|Steven Rosenblum,100.0,1,name+zip,True
2021,d06737,2021|cand|Steven Rosenblum,100.0,1,name+zip,True
2021,d06766,2021|cand|Steven Rosenblum,150.0,1,name+zip,True
2021,d06829,2021|cand|Steven Rosenblum,100.0,1,name+zip,True
2021,d06839,2021|cand|Steven Rosenblum,100.0,1,name+zip,True
2021,d06910,2021|cand|Steven Rosenblum,100.0,1,name+zip,True
2021,d06962,2021|cand|Steven Rosenblum,100.0,1,name+zip,False
2021,d07009,2021|cand|Steven Rosenblum,100.0,1,name+zip,False
2021,d07079,2021|cand|Steven Rosenblum,25.0,1,name+zip,True
2021,d07199,2021|cand|Steven Rosenblum,50.0,1,name+zip,True
2021,d07220,2021|cand|Steven Rosenblum,100.0,1,name+zip,True
2021,d07249,2021|cand|Steven Rosenblum,50.0,2,name+zip,True
2021,d07263,2021|cand|Steven Rosenblum,100.0,1,name+zip,True
2021,d07384,2021|cand|Steven Rosenblum,100.0,1,name+zip,True
2021,d07440,2021|cand|Steven Rosenblum,100.0,1,name+zip,True
2021,d07460,2021|cand|Steven Rosenblum,100.0,1,name+zip,False
2021,d07482,2021|cand|Steven Rosenblum,50.0,1,name+zip,True
2021,d07541,2021|cand|Steven Rosenblum,100.0,1,name+zip,False
2021,d07581,2021|cand|Steven Rosenblum,100.0,1,name+zip,True
2021,d07645,2021|cand|Steven Rosenblum,100.0,1,name+zip,False
2021,d07668,2021|cand|Steven Rosenblum,100.0,1,name+zip,False
2021,d07700,2021|cand|Steven Rosenblum,100.0,1,name+zip,True
2021,d07818,2021|cand|Steven Rosenblum,30.0,1,name+zip,True
2021,d07916,2021|cand|Steven Rosenblum,100.0,1,name+zip,True
2021,d07959,2021|cand|Steven Rosenblum,100.0,1,name+zip,True
2021,d07997,2021|cand|Steven Rosenblum,100.0,1,name+zip,True
2021,d08132,2021|cand|Steven Rosenblum,100.0,1,name+zip,True
2021,d08142,2021|cand|Steven Rosenblum,100.0,1,name+zip,False
2021,d00079,2021|cand|Tara Winer,50.0,2,name+zip,True
2021,d00109,2021|cand|Tara Winer,50.0,1,name+zip,True
2021,d00113,2021|cand|Tara Winer,100.0,1,name+zip,True
2021,d00153,2021|cand|Tara Winer,50.0,1,name+zip,True
2021,d00170,2021|cand|Tara Winer,18.0,1,name+zip,True
2021,d00363,2021|cand|Tara Winer,100.0,1,name+zip,True
2021,d00427,2021|cand|Tara Winer,100.0,1,name+zip,True
2021,d00463,2021|cand|Tara Winer,100.0,1,name+zip,True
2021,d00514,2021|cand|Tara Winer,100.0,1,name+zip,True
2021,d00547,2021|cand|Tara Winer,100.0,1,name+zip,True
2021,d00587,2021|cand|Tara Winer,100.0,1,name+zip,True
2021,d00735,2021|cand|Tara Winer,100.0,1,name+zip,True
2021,d00759,2021|cand|Tara Winer,100.0,2,name+zip,True
2021,d00772,2021|cand|Tara Winer,100.0,1,name+zip,True
2021,d00775,2021|cand|Tara Winer,100.0,1,name+zip,True
2021,d00892,2021|cand|Tara Winer,100.0,1,name+zip,True
2021,d00947,2021|cand|Tara Winer,100.0,1,name+zip,True
2021,d01064,2021|cand|Tara Winer,100.0,1,name+zip,True
2021,d01128,2021|cand|Tara Winer,100.0,1,name+zip,True
2021,d01211,2021|cand|Tara Winer,100.0,1,name+zip,True
2021,d01296,2021|cand|Tara Winer,100.0,1,name+zip,True
2021,d01350,2021|cand|Tara Winer,75.0,1,name+zip,True
2021,d01353,2021|cand|Tara Winer,100.0,1,name+zip,True
2021,d01444,2021|cand|Tara Winer,100.0,1,name+zip,True
2021,d01466,2021|cand|Tara Winer,100.0,1,name+zip,True
2021,d01493,2021|cand|Tara Winer,100.0,1,name+zip,True
2021,d01499,2021|cand|Tara Winer,100.0,1,name+zip,True
2021,d01540,2021|cand|Tara Winer,100.0,1,name+zip,True
2021,d01659,2021|cand|Tara Winer,100.0,1,name+zip,True
2021,d01703,2021|cand|Tara Winer,100.0,1,name+zip,True
2021,d01708,2021|cand|Tara Winer,25.0,1,name+zip,True
2021,d01966,2021|cand|Tara Winer,50.0,1,name+zip,True
2021,d01997,2021|cand|Tara Winer,100.0,1,name+zip,True
2021,d02052,2021|cand|Tara Winer,100.0,1,name+zip,True
2021,d02053,2021|cand|Tara Winer,100.0,1,name+zip,True
2021,d02073,2021|cand|Tara Winer,100.0,1,name+zip,True
2021,d02110,2021|cand|Tara Winer,100.0,1,name+zip,True
2021,d02117,2021|cand|Tara Winer,100.0,1,name+zip,True
2021,d02132,2021|cand|Tara Winer,100.0,1,name+zip,True
2021,d02209,2021|cand|Tara Winer,100.0,1,name+zip,True
2021,d02213,2021|cand|Tara Winer,100.0,1,name+zip,True
2021,d02227,2021|cand|Tara Winer,100.0,1,name+zip,True
2021,d02304,2021|cand|Tara Winer,100.0,1,name+zip,True
2021,d02306,2021|cand|Tara Winer,100.0,1,name+zip,True
2021,d02319,2021|cand|Tara Winer,100.0,1,name+zip,True
2021,d02501,2021|cand|Tara Winer,100.0,1,name+zip,True
2021,d02638,2021|cand|Tara Winer,100.0,1,name+zip,True
2021,d02640,2021|cand|Tara Winer,5.0,1,name+zip,True
2021,d02741,2021|cand|Tara Winer,25.0,1,name+zip,True
2021,d02828,2021|cand|Tara Winer,100.0,1,name+zip,True
2021,d02895,2021|cand|Tara Winer,100.0,1,name+zip,True
2021,d02919,2021|cand|Tara Winer,100.0,1,name+zip,True
2021,d02982,2021|cand|Tara Winer,25.0,1,name+zip,True
2021,d03040,2021|cand|Tara Winer,100.0,1,name+zip,True
2021,d03078,2021|cand|Tara Winer,100.0,1,name+zip,True
2021,d03343,2021|cand|Tara Winer,100.0,1,name+zip,True
2021,d03413,2021|cand|Tara Winer,100.0,1,name+zip,True
2021,d03512,2021|cand|Tara Winer,100.0,1,name+zip,True
2021,d03594,2021|cand|Tara Winer,100.0,1,name+zip,True
2021,d03816,2021|cand|Tara Winer,100.0,1,name+zip,True
2021,d03875,2021|cand|Tara Winer,100.0,1,name+zip,True
2021,d03880,2021|cand|Tara Winer,100.0,2,name+zip,True
2021,d03918,2021|cand|Tara Winer,30.0,1,name+zip,True
2021,d03964,2021|cand|Tara Winer,100.0,1,name+zip,True
2021,d04057,2021|cand|Tara Winer,100.0,1,name+zip,True
2021,d04071,2021|cand|Tara Winer,50.0,1,name+zip,True
2021,d04125,2021|cand|Tara Winer,50.0,1,name+zip,True
2021,d04146,2021|cand|Tara Winer,100.0,1,name+zip,True
2021,d04194,2021|cand|Tara Winer,100.0,1,name+zip,True
2021,d04274,2021|cand|Tara Winer,100.0,1,name+zip,True
2021,d04302,2021|cand|Tara Winer,36.0,1,name+zip,True
2021,d04312,2021|cand|Tara Winer,100.0,1,name+zip,True
2021,d04345,2021|cand|Tara Winer,100.0,1,name+zip,True
2021,d04372,2021|cand|Tara Winer,100.0,1,name+zip,True
2021,d04419,2021|cand|Tara Winer,25.0,1,name+zip,True
2021,d04506,2021|cand|Tara Winer,100.0,1,name+zip,True
2021,d04522,2021|cand|Tara Winer,50.0,1,name+zip,True
2021,d04542,2021|cand|Tara Winer,100.0,1,name+zip,True
2021,d04550,2021|cand|Tara Winer,100.0,1,name+zip,True
2021,d04690,2021|cand|Tara Winer,100.0,1,name+zip,True
2021,d04709,2021|cand|Tara Winer,100.0,1,name+zip,True
2021,d04720,2021|cand|Tara Winer,100.0,1,name+zip,True
2021,d04727,2021|cand|Tara Winer,50.0,1,name+zip,True
2021,d04739,2021|cand|Tara Winer,100.0,1,name+zip,True
2021,d04781,2021|cand|Tara Winer,100.0,1,name+zip,True
2021,d04990,2021|cand|Tara Winer,100.0,1,name+zip,True
2021,d05034,2021|cand|Tara Winer,100.0,1,name+zip,True
2021,d05238,2021|cand|Tara Winer,20.0,1,name+zip,True
2021,d05270,2021|cand|Tara Winer,50.0,1,name+zip,True
2021,d05278,2021|cand|Tara Winer,100.0,1,name+zip,True
2021,d05413,2021|cand|Tara Winer,100.0,1,name+zip,True
2021,d05558,2021|cand|Tara Winer,100.0,1,name+zip,True
2021,d05589,2021|cand|Tara Winer,100.0,1,name+zip,True
2021,d05604,2021|cand|Tara Winer,25.0,1,name+zip,True
2021,d05721,2021|cand|Tara Winer,100.0,1,name+zip,True
2021,d05745,2021|cand|Tara Winer,100.0,1,name+zip,True
2021,d05879,2021|cand|Tara Winer,100.0,1,name+zip,True
2021,d05905,2021|cand|Tara Winer,100.0,2,name+zip,True
2021,d05914,2021|cand|Tara Winer,100.0,1,name+zip,True
2021,d05960,2021|cand|Tara Winer,30.0,1,name+zip,True
2021,d06497,2021|cand|Tara Winer,100.0,1,name+zip,True
2021,d06587,2021|cand|Tara Winer,25.0,1,name+zip,True
2021,d06614,2021|cand|Tara Winer,100.0,1,name+zip,True
2021,d06678,2021|cand|Tara Winer,50.0,1,name+zip,True
2021,d06746,2021|cand|Tara Winer,72.0,1,name+zip,True
2021,d06822,2021|cand|Tara Winer,100.0,1,name+zip,True
2021,d06839,2021|cand|Tara Winer,100.0,1,name+zip,True
2021,d06903,2021|cand|Tara Winer,100.0,1,name+zip,True
2021,d06943,2021|cand|Tara Winer,100.0,1,name+zip,True
2021,d06984,2021|cand|Tara Winer,100.0,1,name+zip,True
2021,d07047,2021|cand|Tara Winer,100.0,1,name+zip,True
2021,d07079,2021|cand|Tara Winer,25.0,1,name+zip,True
2021,d07199,2021|cand|Tara Winer,50.0,1,name+zip,True
2021,d07221,2021|cand|Tara Winer,100.0,1,name+zip,True
2021,d07264,2021|cand|Tara Winer,100.0,1,name+zip,True
2021,d07280,2021|cand|Tara Winer,100.0,1,name+zip,True
2021,d07415,2021|cand|Tara Winer,100.0,1,name+zip,True
2021,d07469,2021|cand|Tara Winer,50.0,1,name+zip,True
2021,d07482,2021|cand|Tara Winer,25.0,1,name+zip,True
2021,d07501,2021|cand|Tara Winer,100.0,1,name+zip,True
2021,d07523,2021|cand|Tara Winer,100.0,1,name+zip,True
2021,d07544,2021|cand|Tara Winer,50.0,1,name+zip,True
2021,d07581,2021|cand|Tara Winer,100.0,1,name+zip,True
2021,d07655,2021|cand|Tara Winer,100.0,1,name+zip,True
2021,d07694,2021|cand|Tara Winer,75.0,1,name+zip,True
2021,d07745,2021|cand|Tara Winer,100.0,1,name+zip,True
2021,d07779,2021|cand|Tara Winer,100.0,1,name+zip,True
2021,d07792,2021|cand|Tara Winer,75.0,1,name+zip,True
2021,d07855,2021|cand|Tara Winer,100.0,1,name+zip,True
2021,d07857,2021|cand|Tara Winer,100.0,1,name+zip,True
2021,d07882,2021|cand|Tara Winer,100.0,1,name+zip,True
2021,d07919,2021|cand|Tara Winer,100.0,1,name+zip,True
2021,d07937,2021|cand|Tara Winer,100.0,1,name+zip,True
2021,d07973,2021|cand|Tara Winer,100.0,1,name+zip,True
2021,d07986,2021|cand|Tara Winer,100.0,1,name+zip,True
2021,d08049,2021|cand|Tara Winer,100.0,1,name+zip,True
2021,d08070,2021|cand|Tara Winer,100.0,1,name+zip,True
2021,d08144,2021|cand|Tara Winer,200.0,2,name+zip,True
2021,d00054,2021|issue|Bedrooms Are For People,78.5,2,name+zip,False
2021,d00103,2021|issue|Bedrooms Are For People,52.23,1,name+zip,False
2021,d00112,2021|issue|Bedrooms Are For People,10.7,1,name+zip,False
2021,d00117,2021|issue|Bedrooms Are For People,709.29,27,name+zip,False
2021,d00142,2021|issue|Bedrooms Are For People,26.27,1,name+zip,False
2021,d00164,2021|issue|Bedrooms Are For People,10.7,1,name+zip,False
2021,d00209,2021|issue|Bedrooms Are For People,100.0,1,name+zip,False
2021,d00234,2021|issue|Bedrooms Are For People,5.0,1,name+zip,False
2021,d00246,2021|issue|Bedrooms Are For People,52.23,1,name+zip,False
2021,d00377,2021|issue|Bedrooms Are For People,26.27,1,name+zip,False
2021,d00442,2021|issue|Bedrooms Are For People,102.35,1,name+zip,False
2021,d00444,2021|issue|Bedrooms Are For People,52.23,1,name+zip,False
2021,d00493,2021|issue|Bedrooms Are For People,25.0,1,name+zip,False
2021,d00520,2021|issue|Bedrooms Are For People,26.27,1,name+zip,False
2021,d00551,2021|issue|Bedrooms Are For People,115.47,4,name+zip,False
2021,d00564,2021|issue|Bedrooms Are For People,104.15,1,name+zip,False
2021,d00611,2021|issue|Bedrooms Are For People,52.23,1,name+zip,False
2021,d00613,2021|issue|Bedrooms Are For People,5.5,1,name+zip,False
2021,d00645,2021|issue|Bedrooms Are For People,1000.0,1,name+zip,False
2021,d00660,2021|issue|Bedrooms Are For People,156.38,2,name+zip,False
2021,d00674,2021|issue|Bedrooms Are For People,104.15,1,name+zip,False
2021,d00878,2021|issue|Bedrooms Are For People,52.23,1,name+zip,False
2021,d00905,2021|issue|Bedrooms Are For People,52.23,1,name+zip,False
2021,d00909,2021|issue|Bedrooms Are For People,10.7,1,name+zip,False
2021,d00920,2021|issue|Bedrooms Are For People,26.27,1,name+zip,False
2021,d00940,2021|issue|Bedrooms Are For People,261.15,5,name+zip,False
2021,d00963,2021|issue|Bedrooms Are For People,260.53000000000003,3,name+zip,False
2021,d00974,2021|issue|Bedrooms Are For People,2023.54,3,name+zip,False
2021,d01015,2021|issue|Bedrooms Are For People,104.15,1,name+zip,False
2021,d01083,2021|issue|Bedrooms Are For People,52.23,1,name+zip,False
2021,d01100,2021|issue|Bedrooms Are For People,26.27,1,name+zip,False
2021,d01145,2021|issue|Bedrooms Are For People,104.15,1,name+zip,False
2021,d01195,2021|issue|Bedrooms Are For People,21.4,2,name+zip,False
2021,d01219,2021|issue|Bedrooms Are For People,5.5,1,name+zip,False
2021,d01233,2021|issue|Bedrooms Are For People,1000.0,1,name+zip,False
2021,d01247,2021|issue|Bedrooms Are For People,26.27,1,name+zip,False
2021,d01316,2021|issue|Bedrooms Are For People,10.0,1,name+zip,False
2021,d01358,2021|issue|Bedrooms Are For People,52.54,2,name+zip,False
2021,d01366,2021|issue|Bedrooms Are For People,102.35,1,name+zip,False
2021,d01513,2021|issue|Bedrooms Are For People,52.23,1,name+zip,False
2021,d01514,2021|issue|Bedrooms Are For People,208.0,1,name+zip,False
2021,d01532,2021|issue|Bedrooms Are For People,26.27,1,name+zip,False
2021,d01652,2021|issue|Bedrooms Are For People,7.0,1,name+zip,False
2021,d01669,2021|issue|Bedrooms Are For People,52.23,1,name+zip,False
2021,d01738,2021|issue|Bedrooms Are For People,10.0,1,name+zip,False
2021,d01759,2021|issue|Bedrooms Are For People,104.15,1,name+zip,False
2021,d01793,2021|issue|Bedrooms Are For People,52.23,1,name+zip,False
2021,d01818,2021|issue|Bedrooms Are For People,104.15,1,name+zip,False
2021,d01821,2021|issue|Bedrooms Are For People,100.0,1,name+zip,False
2021,d01875,2021|issue|Bedrooms Are For People,26.27,1,name+zip,False
2021,d01900,2021|issue|Bedrooms Are For People,50.0,1,name+zip,False
2021,d01902,2021|issue|Bedrooms Are For People,156.38,2,name+zip,False
2021,d01938,2021|issue|Bedrooms Are For People,26.27,1,name+zip,False
2021,d01940,2021|issue|Bedrooms Are For People,1039.04,2,name+zip,False
2021,d01945,2021|issue|Bedrooms Are For People,104.15,1,name+zip,False
2021,d01996,2021|issue|Bedrooms Are For People,50.0,1,name+zip,False
2021,d02002,2021|issue|Bedrooms Are For People,26.27,1,name+zip,False
2021,d02099,2021|issue|Bedrooms Are For People,104.15,1,name+zip,False
2021,d02126,2021|issue|Bedrooms Are For People,10.7,1,name+zip,False
2021,d02160,2021|issue|Bedrooms Are For People,10.7,1,name+zip,False
2021,d02207,2021|issue|Bedrooms Are For People,26.27,1,name+zip,False
2021,d02242,2021|issue|Bedrooms Are For People,26.27,1,name+zip,False
2021,d02244,2021|issue|Bedrooms Are For People,104.15,1,name+zip,False
2021,d02257,2021|issue|Bedrooms Are For People,25.0,1,name+zip,False
2021,d02274,2021|issue|Bedrooms Are For People,26.27,1,name+zip,False
2021,d02302,2021|issue|Bedrooms Are For People,1038.73,1,name+zip,False
2021,d02422,2021|issue|Bedrooms Are For People,156.38,2,name+zip,False
2021,d02458,2021|issue|Bedrooms Are For People,10.7,1,name+zip,False
2021,d02487,2021|issue|Bedrooms Are For People,26.27,1,name+zip,False
2021,d02576,2021|issue|Bedrooms Are For People,10.7,1,name+zip,False
2021,d02646,2021|issue|Bedrooms Are For People,1919.62,12,name+zip,False
2021,d02649,2021|issue|Bedrooms Are For People,104.15,1,name+zip,False
2021,d02700,2021|issue|Bedrooms Are For People,26.27,1,name+zip,False
2021,d02726,2021|issue|Bedrooms Are For People,208.0,1,name+zip,False
2021,d02743,2021|issue|Bedrooms Are For People,10.7,1,name+zip,False
2021,d02949,2021|issue|Bedrooms Are For People,10.7,1,name+zip,False
2021,d02974,2021|issue|Bedrooms Are For People,114.85000000000001,2,name+zip,False
2021,d02994,2021|issue|Bedrooms Are For People,104.15,1,name+zip,False
2021,d03031,2021|issue|Bedrooms Are For People,104.15,1,name+zip,False
2021,d03043,2021|issue|Bedrooms Are For People,312.15,2,name+zip,False
2021,d03089,2021|issue|Bedrooms Are For People,750.0,1,name+zip,False
2021,d03090,2021|issue|Bedrooms Are For People,26.27,1,name+zip,False
2021,d03389,2021|issue|Bedrooms Are For People,52.23,1,name+zip,False
2021,d03392,2021|issue|Bedrooms Are For People,208.0,1,name+zip,False
2021,d03528,2021|issue|Bedrooms Are For People,26.27,1,name+zip,False
2021,d03592,2021|issue|Bedrooms Are For People,10.7,1,name+zip,False
2021,d03613,2021|issue|Bedrooms Are For People,52.23,1,name+zip,False
2021,d03689,2021|issue|Bedrooms Are For People,55.0,10,name+zip,False
2021,d03749,2021|issue|Bedrooms Are For People,1039.04,2,name+zip,False
2021,d03752,2021|issue|Bedrooms Are For People,12.14,1,name+zip,False
2021,d04060,2021|issue|Bedrooms Are For People,727.52,2,name+zip,False
2021,d04090,2021|issue|Bedrooms Are For People,417.84,8,name+zip,False
2021,d04185,2021|issue|Bedrooms Are For People,26.27,1,name+zip,False
2021,d04234,2021|issue|Bedrooms Are For People,78.19,1,name+zip,False
2021,d04241,2021|issue|Bedrooms Are For People,208.0,1,name+zip,False
2021,d04260,2021|issue|Bedrooms Are For People,100.0,1,name+zip,False
2021,d04343,2021|issue|Bedrooms Are For People,26.27,1,name+zip,False
2021,d04445,2021|issue|Bedrooms Are For People,10.7,1,name+zip,False
2021,d04456,2021|issue|Bedrooms Are For People,52.23,1,name+zip,False
2021,d04473,2021|issue|Bedrooms Are For People,104.15,1,name+zip,False
2021,d04537,2021|issue|Bedrooms Are For People,500.0,1,name+zip,False
2021,d04556,2021|issue|Bedrooms Are For People,26.27,1,name+zip,False
2021,d04600,2021|issue|Bedrooms Are For People,50.0,1,name+zip,False
2021,d04602,2021|issue|Bedrooms Are For People,100.0,1,name+zip,False
2021,d04649,2021|issue|Bedrooms Are For People,26.27,1,name+zip,False
2021,d04694,2021|issue|Bedrooms Are For People,10.7,1,name+zip,False
2021,d04697,2021|issue|Bedrooms Are For People,208.0,1,name+zip,False
2021,d04761,2021|issue|Bedrooms Are For People,104.15,1,name+zip,False
2021,d04810,2021|issue|Bedrooms Are For People,519.52,1,name+zip,False
2021,d04867,2021|issue|Bedrooms Are For People,52.23,1,name+zip,False
2021,d05089,2021|issue|Bedrooms Are For People,52.23,1,name+zip,False
2021,d05169,2021|issue|Bedrooms Are For People,52.54,2,name+zip,False
2021,d05194,2021|issue|Bedrooms Are For People,52.23,1,name+zip,False
2021,d05209,2021|issue|Bedrooms Are For People,10.7,1,name+zip,False
2021,d05302,2021|issue|Bedrooms Are For People,208.0,1,name+zip,False
2021,d05336,2021|issue|Bedrooms Are For People,100.0,1,name+zip,False
2021,d05345,2021|issue|Bedrooms Are For People,52.23,1,name+zip,False
2021,d05372,2021|issue|Bedrooms Are For People,26.27,1,name+zip,False
2021,d05379,2021|issue|Bedrooms Are For People,52.23,1,name+zip,False
2021,d05409,2021|issue|Bedrooms Are For People,26.27,1,name+zip,False
2021,d05498,2021|issue|Bedrooms Are For People,255.89,1,name+zip,False
2021,d05706,2021|issue|Bedrooms Are For People,10.0,1,name+zip,False
2021,d05738,2021|issue|Bedrooms Are For People,100.0,1,name+zip,False
2021,d05827,2021|issue|Bedrooms Are For People,104.15,1,name+zip,False
2021,d05909,2021|issue|Bedrooms Are For People,10.7,1,name+zip,False
2021,d05916,2021|issue|Bedrooms Are For People,10.7,1,name+zip,False
2021,d05931,2021|issue|Bedrooms Are For People,52.23,1,name+zip,False
2021,d05939,2021|issue|Bedrooms Are For People,104.15,1,name+zip,False
2021,d06005,2021|issue|Bedrooms Are For People,104.15,1,name+zip,False
2021,d06022,2021|issue|Bedrooms Are For People,19.0,1,name+zip,False
2021,d06032,2021|issue|Bedrooms Are For People,208.0,1,name+zip,False
2021,d06195,2021|issue|Bedrooms Are For People,52.23,1,name+zip,False
2021,d06206,2021|issue|Bedrooms Are For People,26.27,1,name+zip,False
2021,d06230,2021|issue|Bedrooms Are For People,25.0,1,name+zip,False
2021,d06339,2021|issue|Bedrooms Are For People,104.15,1,name+zip,False
2021,d06422,2021|issue|Bedrooms Are For People,104.15,1,name+zip,False
2021,d06444,2021|issue|Bedrooms Are For People,10.7,1,name+zip,False
2021,d06456,2021|issue|Bedrooms Are For People,104.46,2,name+zip,False
2021,d06477,2021|issue|Bedrooms Are For People,779.13,1,name+zip,False
2021,d06510,2021|issue|Bedrooms Are For People,52.54,2,name+zip,False
2021,d06526,2021|issue|Bedrooms Are For People,3.07,1,name+zip,True
2021,d06613,2021|issue|Bedrooms Are For People,52.23,1,name+zip,False
2021,d06696,2021|issue|Bedrooms Are For People,26.27,1,name+zip,False
2021,d06709,2021|issue|Bedrooms Are For People,52.23,1,name+zip,False
2021,d06719,2021|issue|Bedrooms Are For People,26.27,1,name+zip,False
2021,d06735,2021|issue|Bedrooms Are For People,104.15,1,name+zip,False
2021,d06811,2021|issue|Bedrooms Are For People,104.15,1,name+zip,False
2021,d06852,2021|issue|Bedrooms Are For People,25.0,1,name+zip,False
2021,d06880,2021|issue|Bedrooms Are For People,10.7,1,name+zip,False
2021,d06883,2021|issue|Bedrooms Are For People,10.7,1,name+zip,False
2021,d06921,2021|issue|Bedrooms Are For People,11.0,2,name+zip,False
2021,d06928,2021|issue|Bedrooms Are For People,5.5,1,name+zip,False
2021,d06936,2021|issue|Bedrooms Are For People,26.27,1,name+zip,False
2021,d07020,2021|issue|Bedrooms Are For People,15.89,1,name+zip,False
2021,d07042,2021|issue|Bedrooms Are For People,52.23,1,name+zip,False
2021,d07062,2021|issue|Bedrooms Are For People,26.27,1,name+zip,False
2021,d07151,2021|issue|Bedrooms Are For People,26.27,1,name+zip,False
2021,d07159,2021|issue|Bedrooms Are For People,52.23,1,name+zip,False
2021,d07181,2021|issue|Bedrooms Are For People,10.7,1,name+zip,False
2021,d07202,2021|issue|Bedrooms Are For People,26.27,1,name+zip,False
2021,d07239,2021|issue|Bedrooms Are For People,104.15,1,name+zip,False
2021,d07276,2021|issue|Bedrooms Are For People,100.0,1,name+zip,False
2021,d07336,2021|issue|Bedrooms Are For People,10.7,1,name+zip,False
2021,d07374,2021|issue|Bedrooms Are For People,52.23,1,name+zip,False
2021,d07385,2021|issue|Bedrooms Are For People,30.0,1,name+zip,False
2021,d07405,2021|issue|Bedrooms Are For People,10.7,1,name+zip,False
2021,d07416,2021|issue|Bedrooms Are For People,50.0,1,name+zip,False
2021,d07421,2021|issue|Bedrooms Are For People,26.27,1,name+zip,False
2021,d07432,2021|issue|Bedrooms Are For People,3.43,1,name+zip,False
2021,d07457,2021|issue|Bedrooms Are For People,26.27,1,name+zip,False
2021,d07484,2021|issue|Bedrooms Are For People,10.7,1,name+zip,False
2021,d07563,2021|issue|Bedrooms Are For People,52.23,1,name+zip,False
2021,d07656,2021|issue|Bedrooms Are For People,154.15,2,name+zip,False
2021,d07690,2021|issue|Bedrooms Are For People,22.0,1,name+zip,False
2021,d07693,2021|issue|Bedrooms Are For People,62.92999999999999,2,name+zip,False
2021,d07775,2021|issue|Bedrooms Are For People,52.23,1,name+zip,False
2021,d07791,2021|issue|Bedrooms Are For People,100.0,1,name+zip,False
2021,d07826,2021|issue|Bedrooms Are For People,52.54,2,name+zip,False
2021,d07865,2021|issue|Bedrooms Are For People,5192.42,1,name+zip,False
2021,d07891,2021|issue|Bedrooms Are For People,26.27,1,name+zip,False
2021,d07912,2021|issue|Bedrooms Are For People,52.54,2,name+zip,False
2021,d07938,2021|issue|Bedrooms Are For People,35.0,2,name+zip,False
2021,d07948,2021|issue|Bedrooms Are For People,26.27,1,name+zip,False
2021,d07978,2021|issue|Bedrooms Are For People,52.23,1,name+zip,False
2021,d08044,2021|issue|Bedrooms Are For People,1039.04,2,name+zip,False
2021,d08075,2021|issue|Bedrooms Are For People,52.23,1,name+zip,False
2021,d08076,2021|issue|Bedrooms Are For People,208.0,1,name+zip,False
2021,d08080,2021|issue|Bedrooms Are For People,26.27,1,name+zip,False
2021,d08087,2021|issue|Bedrooms Are For People,206.5,2,name+zip,False
2021,d08104,2021|issue|Bedrooms Are For People,26.27,1,name+zip,False
2021,d08105,2021|issue|Bedrooms Are For People,36.66,1,name+zip,False
2021,d08158,2021|issue|Bedrooms Are For People,52.23,1,name+zip,False
2021,d00727,2021|issue|NO on 301:  A Wolf in Sheep's Clothing,200.0,1,name+zip,True
2021,d03751,2021|issue|NO on 301:  A Wolf in Sheep's Clothing,377.65,2,name+zip,True
2021,d04825,2021|issue|NO on 301:  A Wolf in Sheep's Clothing,700.0,2,name+zip,True
2021,d04894,2021|issue|NO on 301:  A Wolf in Sheep's Clothing,300.0,1,name+zip,True
2021,d05045,2021|issue|NO on 301:  A Wolf in Sheep's Clothing,250.0,1,name+zip,True
2021,d05821,2021|issue|NO on 301:  A Wolf in Sheep's Clothing,500.0,1,name+zip,True
2021,d00023,2021|issue|NO on Bedroom$,100.0,1,name+zip,True
2021,d00122,2021|issue|NO on Bedroom$,100.0,1,name+zip,False
2021,d00310,2021|issue|NO on Bedroom$,200.0,1,name+zip,False
2021,d00384,2021|issue|NO on Bedroom$,250.0,1,name+zip,False
2021,d00650,2021|issue|NO on Bedroom$,100.0,1,name+zip,True
2021,d00718,2021|issue|NO on Bedroom$,50.0,1,name+zip,True
2021,d00818,2021|issue|NO on Bedroom$,360.0,6,name+zip,False
2021,d01037,2021|issue|NO on Bedroom$,50.0,1,name+zip,False
2021,d01062,2021|issue|NO on Bedroom$,500.0,1,name+zip,False
2021,d01163,2021|issue|NO on Bedroom$,100.0,1,name+zip,False
2021,d01202,2021|issue|NO on Bedroom$,50.0,1,name+zip,False
2021,d01330,2021|issue|NO on Bedroom$,50.0,1,name+zip,False
2021,d01392,2021|issue|NO on Bedroom$,500.0,1,name+zip,True
2021,d01406,2021|issue|NO on Bedroom$,100.0,1,name+zip,True
2021,d01505,2021|issue|NO on Bedroom$,50.0,1,name+zip,False
2021,d01676,2021|issue|NO on Bedroom$,30.0,1,name+zip,False
2021,d01728,2021|issue|NO on Bedroom$,150.0,2,name+zip,False
2021,d01916,2021|issue|NO on Bedroom$,100.0,1,name+zip,False
2021,d02103,2021|issue|NO on Bedroom$,100.0,1,name+zip,False
2021,d02215,2021|issue|NO on Bedroom$,300.0,1,name+zip,True
2021,d02378,2021|issue|NO on Bedroom$,50.0,1,name+zip,True
2021,d02416,2021|issue|NO on Bedroom$,4000.0,1,name+zip,False
2021,d02441,2021|issue|NO on Bedroom$,350.0,1,name+zip,False
2021,d02709,2021|issue|NO on Bedroom$,100.0,1,name+zip,True
2021,d02928,2021|issue|NO on Bedroom$,100.0,1,name+zip,False
2021,d02929,2021|issue|NO on Bedroom$,100.0,1,name+zip,False
2021,d02993,2021|issue|NO on Bedroom$,100.0,1,name+zip,True
2021,d03032,2021|issue|NO on Bedroom$,200.0,1,name+zip,True
2021,d03069,2021|issue|NO on Bedroom$,100.0,1,name+zip,False
2021,d03158,2021|issue|NO on Bedroom$,500.0,1,name+zip,False
2021,d03239,2021|issue|NO on Bedroom$,25.0,1,name+zip,False
2021,d03579,2021|issue|NO on Bedroom$,100.0,1,name+zip,True
2021,d03582,2021|issue|NO on Bedroom$,125.0,2,name+zip,False
2021,d03708,2021|issue|NO on Bedroom$,100.0,1,name+zip,False
2021,d03822,2021|issue|NO on Bedroom$,200.0,1,name+zip,True
2021,d03829,2021|issue|NO on Bedroom$,100.0,1,name+zip,False
2021,d03894,2021|issue|NO on Bedroom$,25.0,1,name+zip,False
2021,d03968,2021|issue|NO on Bedroom$,50.0,1,name+zip,False
2021,d04019,2021|issue|NO on Bedroom$,100.0,1,name+zip,False
2021,d04049,2021|issue|NO on Bedroom$,300.0,1,name+zip,False
2021,d04096,2021|issue|NO on Bedroom$,100.0,1,name+zip,False
2021,d04207,2021|issue|NO on Bedroom$,100.0,1,name+zip,False
2021,d04297,2021|issue|NO on Bedroom$,500.0,1,name+zip,False
2021,d04394,2021|issue|NO on Bedroom$,100.0,1,name+zip,False
2021,d04397,2021|issue|NO on Bedroom$,200.0,1,name+zip,True
2021,d04410,2021|issue|NO on Bedroom$,25.0,1,name+zip,True
2021,d04428,2021|issue|NO on Bedroom$,100.0,1,name+zip,True
2021,d04497,2021|issue|NO on Bedroom$,100.0,1,name+zip,False
2021,d04577,2021|issue|NO on Bedroom$,75.0,1,name+zip,False
2021,d04586,2021|issue|NO on Bedroom$,25.0,1,name+zip,False
2021,d04617,2021|issue|NO on Bedroom$,87.98,4,name+zip,False
2021,d04689,2021|issue|NO on Bedroom$,50.0,1,name+zip,False
2021,d04718,2021|issue|NO on Bedroom$,950.0,1,name+zip,False
2021,d04885,2021|issue|NO on Bedroom$,50.0,1,name+zip,False
2021,d05033,2021|issue|NO on Bedroom$,25.0,1,name+zip,True
2021,d05061,2021|issue|NO on Bedroom$,50.0,1,name+zip,False
2021,d05106,2021|issue|NO on Bedroom$,200.0,1,name+zip,True
2021,d05166,2021|issue|NO on Bedroom$,100.0,1,name+zip,False
2021,d05199,2021|issue|NO on Bedroom$,50.0,1,name+zip,False
2021,d05237,2021|issue|NO on Bedroom$,100.0,1,name+zip,False
2021,d05256,2021|issue|NO on Bedroom$,25.0,1,name+zip,False
2021,d05275,2021|issue|NO on Bedroom$,50.0,1,name+zip,True
2021,d05304,2021|issue|NO on Bedroom$,300.0,1,name+zip,False
2021,d05310,2021|issue|NO on Bedroom$,200.0,1,name+zip,False
2021,d05503,2021|issue|NO on Bedroom$,300.0,1,name+zip,True
2021,d05605,2021|issue|NO on Bedroom$,50.0,1,name+zip,False
2021,d05618,2021|issue|NO on Bedroom$,25.0,1,name+zip,False
2021,d05619,2021|issue|NO on Bedroom$,200.0,1,name+zip,True
2021,d05674,2021|issue|NO on Bedroom$,100.0,1,name+zip,False
2021,d06007,2021|issue|NO on Bedroom$,100.0,1,name+zip,False
2021,d06030,2021|issue|NO on Bedroom$,50.0,1,name+zip,False
2021,d06133,2021|issue|NO on Bedroom$,100.0,1,name+zip,True
2021,d06307,2021|issue|NO on Bedroom$,50.0,1,name+zip,False
2021,d06445,2021|issue|NO on Bedroom$,15.0,1,name+zip,True
2021,d06654,2021|issue|NO on Bedroom$,100.0,1,name+zip,False
2021,d06738,2021|issue|NO on Bedroom$,50.0,1,name+zip,False
2021,d06767,2021|issue|NO on Bedroom$,200.0,1,name+zip,False
2021,d06789,2021|issue|NO on Bedroom$,75.0,1,name+zip,False
2021,d07212,2021|issue|NO on Bedroom$,100.0,1,name+zip,False
2021,d07361,2021|issue|NO on Bedroom$,25.0,1,name+zip,False
2021,d07408,2021|issue|NO on Bedroom$,40.0,1,name+zip,True
2021,d07603,2021|issue|NO on Bedroom$,50.0,1,name+zip,True
2021,d07634,2021|issue|NO on Bedroom$,100.0,1,name+zip,False
2021,d07727,2021|issue|NO on Bedroom$,100.0,1,name+zip,True
2021,d07738,2021|issue|NO on Bedroom$,100.0,1,name+zip,False
2021,d07787,2021|issue|NO on Bedroom$,25.0,1,name+zip,False
2021,d08107,2021|issue|NO on Bedroom$,25.0,1,name+zip,True
2021,d08136,2021|issue|NO on Bedroom$,50.0,1,name+zip,False
2021,d00019,2021|issue|Protect Our Neighbors,50.0,1,name+zip,True
2021,d00027,2021|issue|Protect Our Neighbors,104.15,1,name+zip,True
2021,d00044,2021|issue|Protect Our Neighbors,100.0,1,name+zip,True
2021,d00106,2021|issue|Protect Our Neighbors,498.75,1,name+zip,True
2021,d00186,2021|issue|Protect Our Neighbors,104.15,1,name+zip,True
2021,d00259,2021|issue|Protect Our Neighbors,50.0,1,name+zip,True
2021,d00328,2021|issue|Protect Our Neighbors,100.0,1,name+zip,True
2021,d00529,2021|issue|Protect Our Neighbors,100.0,1,name+zip,True
2021,d00600,2021|issue|Protect Our Neighbors,50.0,1,name+zip,True
2021,d00636,2021|issue|Protect Our Neighbors,60.7,2,name+zip,True
2021,d00653,2021|issue|Protect Our Neighbors,36.97,2,name+zip,True
2021,d00697,2021|issue|Protect Our Neighbors,57.730000000000004,2,name+zip,True
2021,d01164,2021|issue|Protect Our Neighbors,156.07,1,name+zip,True
2021,d01216,2021|issue|Protect Our Neighbors,50.0,1,name+zip,True
2021,d01230,2021|issue|Protect Our Neighbors,519.52,1,name+zip,True
2021,d01331,2021|issue|Protect Our Neighbors,100.0,1,name+zip,True
2021,d01340,2021|issue|Protect Our Neighbors,100.0,1,name+zip,True
2021,d01449,2021|issue|Protect Our Neighbors,300.0,1,name+zip,True
2021,d01457,2021|issue|Protect Our Neighbors,52.23,1,name+zip,True
2021,d01488,2021|issue|Protect Our Neighbors,100.0,1,name+zip,True
2021,d01591,2021|issue|Protect Our Neighbors,50.0,1,name+zip,True
2021,d01631,2021|issue|Protect Our Neighbors,10.7,1,name+zip,True
2021,d01650,2021|issue|Protect Our Neighbors,20.0,1,name+zip,True
2021,d01830,2021|issue|Protect Our Neighbors,104.15,1,name+zip,True
2021,d01856,2021|issue|Protect Our Neighbors,50.0,1,name+zip,True
2021,d01919,2021|issue|Protect Our Neighbors,200.0,1,name+zip,True
2021,d01972,2021|issue|Protect Our Neighbors,259.92,1,name+zip,True
2021,d02004,2021|issue|Protect Our Neighbors,104.15,1,name+zip,True
2021,d02095,2021|issue|Protect Our Neighbors,104.15,1,name+zip,True
2021,d02131,2021|issue|Protect Our Neighbors,50.0,1,name+zip,True
2021,d02253,2021|issue|Protect Our Neighbors,500.0,1,name+zip,True
2021,d02359,2021|issue|Protect Our Neighbors,20.0,1,name+zip,True
2021,d02360,2021|issue|Protect Our Neighbors,995.0,1,name+zip,True
2021,d02383,2021|issue|Protect Our Neighbors,100.0,1,name+zip,True
2021,d02412,2021|issue|Protect Our Neighbors,467.6,1,name+zip,True
2021,d02467,2021|issue|Protect Our Neighbors,10.0,1,name+zip,True
2021,d02473,2021|issue|Protect Our Neighbors,200.0,1,name+zip,True
2021,d02500,2021|issue|Protect Our Neighbors,25.0,1,name+zip,True
2021,d02501,2021|issue|Protect Our Neighbors,100.0,1,name+zip,True
2021,d02641,2021|issue|Protect Our Neighbors,104.15,1,name+zip,True
2021,d02760,2021|issue|Protect Our Neighbors,208.0,1,name+zip,True
2021,d02850,2021|issue|Protect Our Neighbors,750.0,1,name+zip,True
2021,d02871,2021|issue|Protect Our Neighbors,100.0,1,name+zip,True
2021,d02894,2021|issue|Protect Our Neighbors,311.84,1,name+zip,True
2021,d02930,2021|issue|Protect Our Neighbors,100.0,1,name+zip,True
2021,d02976,2021|issue|Protect Our Neighbors,15.0,1,name+zip,True
2021,d03065,2021|issue|Protect Our Neighbors,200.0,1,name+zip,True
2021,d03185,2021|issue|Protect Our Neighbors,25.0,1,name+zip,True
2021,d03258,2021|issue|Protect Our Neighbors,100.0,1,name+zip,True
2021,d03271,2021|issue|Protect Our Neighbors,100.0,1,name+zip,True
2021,d03279,2021|issue|Protect Our Neighbors,25.0,1,name+zip,True
2021,d03398,2021|issue|Protect Our Neighbors,20.0,1,name+zip,True
2021,d03448,2021|issue|Protect Our Neighbors,500.0,1,name+zip,True
2021,d03478,2021|issue|Protect Our Neighbors,400.0,1,name+zip,True
2021,d03648,2021|issue|Protect Our Neighbors,250.0,1,name+zip,True
2021,d03652,2021|issue|Protect Our Neighbors,200.0,1,name+zip,True
2021,d03696,2021|issue|Protect Our Neighbors,25.0,1,name+zip,True
2021,d03716,2021|issue|Protect Our Neighbors,25.0,1,name+zip,True
2021,d03770,2021|issue|Protect Our Neighbors,100.0,1,name+zip,True
2021,d03938,2021|issue|Protect Our Neighbors,25.0,1,name+zip,True
2021,d03942,2021|issue|Protect Our Neighbors,1000.0,1,name+zip,True
2021,d04199,2021|issue|Protect Our Neighbors,208.0,1,name+zip,True
2021,d04216,2021|issue|Protect Our Neighbors,250.0,1,name+zip,True
2021,d04257,2021|issue|Protect Our Neighbors,50.0,1,name+zip,True
2021,d04263,2021|issue|Protect Our Neighbors,20.0,1,name+zip,True
2021,d04331,2021|issue|Protect Our Neighbors,100.0,1,name+zip,True
2021,d04469,2021|issue|Protect Our Neighbors,20.0,1,name+zip,True
2021,d04668,2021|issue|Protect Our Neighbors,104.15,1,name+zip,True
2021,d05000,2021|issue|Protect Our Neighbors,25.0,1,name+zip,True
2021,d05046,2021|issue|Protect Our Neighbors,75.0,1,name+zip,True
2021,d05080,2021|issue|Protect Our Neighbors,20.0,1,name+zip,True
2021,d05094,2021|issue|Protect Our Neighbors,100.0,1,name+zip,True
2021,d05445,2021|issue|Protect Our Neighbors,200.0,1,name+zip,True
2021,d05454,2021|issue|Protect Our Neighbors,25.0,1,name+zip,True
2021,d05475,2021|issue|Protect Our Neighbors,10.7,1,name+zip,True
2021,d05478,2021|issue|Protect Our Neighbors,100.0,1,name+zip,True
2021,d05543,2021|issue|Protect Our Neighbors,200.0,1,name+zip,True
2021,d05544,2021|issue|Protect Our Neighbors,200.0,1,name+zip,True
2021,d05547,2021|issue|Protect Our Neighbors,900.0,1,name+zip,True
2021,d05550,2021|issue|Protect Our Neighbors,100.0,1,name+zip,True
2021,d05563,2021|issue|Protect Our Neighbors,1000.0,2,name+zip,True
2021,d05598,2021|issue|Protect Our Neighbors,104.15,1,name+zip,True
2021,d05666,2021|issue|Protect Our Neighbors,498.75,1,name+zip,True
2021,d05667,2021|issue|Protect Our Neighbors,999.0,1,name+zip,True
2021,d06068,2021|issue|Protect Our Neighbors,50.0,1,name+zip,True
2021,d06150,2021|issue|Protect Our Neighbors,100.0,1,name+zip,True
2021,d06157,2021|issue|Protect Our Neighbors,50.0,1,name+zip,True
2021,d06222,2021|issue|Protect Our Neighbors,50.0,1,name+zip,True
2021,d06263,2021|issue|Protect Our Neighbors,20.0,1,name+zip,True
2021,d06406,2021|issue|Protect Our Neighbors,25.0,1,name+zip,True
2021,d06466,2021|issue|Protect Our Neighbors,100.0,1,name+zip,True
2021,d06526,2021|issue|Protect Our Neighbors,100.0,1,name+zip,True
2021,d06552,2021|issue|Protect Our Neighbors,100.0,1,name+zip,True
2021,d06648,2021|issue|Protect Our Neighbors,50.0,1,name+zip,True
2021,d06679,2021|issue|Protect Our Neighbors,104.15,1,name+zip,True
2021,d06840,2021|issue|Protect Our Neighbors,10.0,1,name+zip,True
2021,d06973,2021|issue|Protect Our Neighbors,100.0,1,name+zip,True
2021,d07019,2021|issue|Protect Our Neighbors,50.0,1,name+zip,True
2021,d07135,2021|issue|Protect Our Neighbors,20.0,1,name+zip,True
2021,d07161,2021|issue|Protect Our Neighbors,52.23,1,name+zip,True
2021,d07242,2021|issue|Protect Our Neighbors,100.0,1,name+zip,True
2021,d07518,2021|issue|Protect Our Neighbors,519.52,1,name+zip,True
2021,d07567,2021|issue|Protect Our Neighbors,259.92,1,name+zip,True
2021,d07569,2021|issue|Protect Our Neighbors,100.0,1,name+zip,True
2021,d07806,2021|issue|Protect Our Neighbors,175.0,1,name+zip,True
2021,d07848,2021|issue|Protect Our Neighbors,100.0,1,name+zip,True
2021,d00003,2021|issue|Save CU South,25.0,1,name+zip,True
2021,d00079,2021|issue|Save CU South,150.0,2,name+zip,True
2021,d00113,2021|issue|Save CU South,105.0,2,name+zip,True
2021,d00133,2021|issue|Save CU South,100.0,1,name+zip,True
2021,d00157,2021|issue|Save CU South,350.0,1,name+zip,True
2021,d00266,2021|issue|Save CU South,100.0,1,name+zip,True
2021,d00282,2021|issue|Save CU South,100.0,1,name+zip,True
2021,d00478,2021|issue|Save CU South,50.0,1,name+zip,True
2021,d00489,2021|issue|Save CU South,100.0,1,name+zip,True
2021,d00523,2021|issue|Save CU South,1.0,1,name+zip,True
2021,d00542,2021|issue|Save CU South,100.0,1,name+zip,True
2021,d00572,2021|issue|Save CU South,500.0,1,name+zip,True
2021,d00748,2021|issue|Save CU South,40.0,1,name+zip,True
2021,d00851,2021|issue|Save CU South,100.0,1,name+zip,True
2021,d00925,2021|issue|Save CU South,50.0,1,name+zip,True
2021,d01031,2021|issue|Save CU South,25.0,1,name+zip,True
2021,d01105,2021|issue|Save CU South,50.0,1,name+zip,True
2021,d01565,2021|issue|Save CU South,200.0,1,name+zip,True
2021,d01625,2021|issue|Save CU South,100.0,1,name+zip,True
2021,d01686,2021|issue|Save CU South,100.0,1,name+zip,True
2021,d01700,2021|issue|Save CU South,50.0,1,name+zip,True
2021,d01848,2021|issue|Save CU South,100.0,1,name+zip,True
2021,d01944,2021|issue|Save CU South,10.0,1,name+zip,True
2021,d02024,2021|issue|Save CU South,50.0,1,name+zip,True
2021,d02368,2021|issue|Save CU South,50.0,1,name+zip,True
2021,d02380,2021|issue|Save CU South,100.0,1,name+zip,True
2021,d02436,2021|issue|Save CU South,20.0,1,name+zip,True
2021,d02678,2021|issue|Save CU South,50.0,1,name+zip,True
2021,d02733,2021|issue|Save CU South,1019.0,2,name+zip,True
2021,d02767,2021|issue|Save CU South,20.0,1,name+zip,True
2021,d02776,2021|issue|Save CU South,50.0,1,name+zip,True
2021,d02890,2021|issue|Save CU South,25.0,1,name+zip,True
2021,d02920,2021|issue|Save CU South,290.58,1,name+zip,True
2021,d02942,2021|issue|Save CU South,50.0,1,name+zip,True
2021,d02991,2021|issue|Save CU South,600.0,2,name+zip,True
2021,d02993,2021|issue|Save CU South,50.0,1,name+zip,True
2021,d03161,2021|issue|Save CU South,100.0,1,name+zip,True
2021,d03252,2021|issue|Save CU South,100.0,1,name+zip,True
2021,d03367,2021|issue|Save CU South,1000.0,1,name+zip,True
2021,d03371,2021|issue|Save CU South,100.0,1,name+zip,True
2021,d03498,2021|issue|Save CU South,50.0,1,name+zip,True
2021,d03514,2021|issue|Save CU South,50.0,1,name+zip,True
2021,d03537,2021|issue|Save CU South,250.0,1,name+zip,True
2021,d03579,2021|issue|Save CU South,100.0,1,name+zip,True
2021,d03603,2021|issue|Save CU South,300.0,1,name+zip,True
2021,d03732,2021|issue|Save CU South,100.0,1,name+zip,True
2021,d03781,2021|issue|Save CU South,100.0,1,name+zip,True
2021,d03847,2021|issue|Save CU South,50.0,1,name+zip,True
2021,d03958,2021|issue|Save CU South,1000.0,1,name+zip,True
2021,d04005,2021|issue|Save CU South,250.0,1,name+zip,True
2021,d04022,2021|issue|Save CU South,150.0,1,name+zip,True
2021,d04100,2021|issue|Save CU South,20.0,1,name+zip,True
2021,d04214,2021|issue|Save CU South,50.0,1,name+zip,True
2021,d04327,2021|issue|Save CU South,20.0,1,name+zip,True
2021,d04434,2021|issue|Save CU South,500.0,1,name+zip,True
2021,d04488,2021|issue|Save CU South,150.0,2,name+zip,True
2021,d04835,2021|issue|Save CU South,50.0,1,name+zip,True
2021,d04845,2021|issue|Save CU South,100.0,1,name+zip,True
2021,d04880,2021|issue|Save CU South,250.0,1,name+zip,True
2021,d04947,2021|issue|Save CU South,20.0,1,name+zip,True
2021,d04948,2021|issue|Save CU South,100.0,1,name+zip,True
2021,d05106,2021|issue|Save CU South,100.0,1,name+zip,True
2021,d05137,2021|issue|Save CU South,100.0,1,name+zip,True
2021,d05160,2021|issue|Save CU South,100.0,1,name+zip,True
2021,d05364,2021|issue|Save CU South,30.0,1,name+zip,True
2021,d05477,2021|issue|Save CU South,50.0,1,name+zip,True
2021,d05485,2021|issue|Save CU South,75.0,2,name+zip,True
2021,d05507,2021|issue|Save CU South,100.0,1,name+zip,True
2021,d05579,2021|issue|Save CU South,1000.0,1,name+zip,True
2021,d05630,2021|issue|Save CU South,100.0,1,name+zip,True
2021,d05642,2021|issue|Save CU South,100.0,1,name+zip,True
2021,d05766,2021|issue|Save CU South,60.0,3,name+zip,True
2021,d05806,2021|issue|Save CU South,50.0,1,name+zip,True
2021,d06345,2021|issue|Save CU South,100.0,1,name+zip,True
2021,d06352,2021|issue|Save CU South,100.0,1,name+zip,True
2021,d06623,2021|issue|Save CU South,450.0,2,name+zip,True
2021,d06716,2021|issue|Save CU South,20.0,1,name+zip,True
2021,d06737,2021|issue|Save CU South,100.0,1,name+zip,True
2021,d06829,2021|issue|Save CU South,850.0,2,name+zip,True
2021,d06894,2021|issue|Save CU South,500.0,1,name+zip,True
2021,d06972,2021|issue|Save CU South,400.0,1,name+zip,True
2021,d07045,2021|issue|Save CU South,25.0,1,name+zip,True
2021,d07134,2021|issue|Save CU South,100.0,1,name+zip,True
2021,d07139,2021|issue|Save CU South,50.0,2,name+zip,True
2021,d07229,2021|issue|Save CU South,50.0,1,name+zip,True
2021,d07286,2021|issue|Save CU South,100.0,1,name+zip,True
2021,d07438,2021|issue|Save CU South,25.0,1,name+zip,True
2021,d07480,2021|issue|Save CU South,100.0,1,name+zip,True
2021,d07482,2021|issue|Save CU South,100.0,1,name+zip,True
2021,d07572,2021|issue|Save CU South,50.0,1,name+zip,True
2021,d07648,2021|issue|Save CU South,100.0,1,name+zip,True
2021,d07655,2021|issue|Save CU South,100.0,1,name+zip,True
2021,d07658,2021|issue|Save CU South,20.0,1,name+zip,True
2021,d07707,2021|issue|Save CU South,100.0,1,name+zip,True
2021,d07772,2021|issue|Save CU South,200.0,2,name+zip,True
2021,d08003,2021|issue|Save CU South,100.0,1,name+zip,True
2021,d08096,2021|issue|Save CU South,1000.0,1,name+zip,True
2021,d00141,2021|issue|Sierra Club Indian Peaks BMC,100.0,1,name+zip,True
2021,d00361,2021|issue|Sierra Club Indian Peaks BMC,100.0,1,name+zip,True
2021,d01273,2021|issue|Sierra Club Indian Peaks BMC,150.0,1,name+zip,True
2021,d02413,2021|issue|Sierra Club Indian Peaks BMC,200.0,1,name+zip,True
2021,d02876,2021|issue|Sierra Club Indian Peaks BMC,100.0,1,name+zip,True
2021,d03037,2021|issue|Sierra Club Indian Peaks BMC,100.0,1,name+zip,True
2021,d03136,2021|issue|Sierra Club Indian Peaks BMC,200.0,1,name+zip,True
2021,d03458,2021|issue|Sierra Club Indian Peaks BMC,100.0,1,name+zip,True
2021,d03571,2021|issue|Sierra Club Indian Peaks BMC,100.0,1,name+zip,True
2021,d03662,2021|issue|Sierra Club Indian Peaks BMC,100.0,1,name+zip,True
2021,d04191,2021|issue|Sierra Club Indian Peaks BMC,100.0,1,name+zip,True
2021,d04640,2021|issue|Sierra Club Indian Peaks BMC,100.0,1,name+zip,True
2021,d05884,2021|issue|Sierra Club Indian Peaks BMC,200.0,1,name+zip,True
2021,d06075,2021|issue|Sierra Club Indian Peaks BMC,50.0,1,name+zip,True
2021,d07778,2021|issue|Sierra Club Indian Peaks BMC,200.0,1,name+zip,True
2021,d07993,2021|issue|Sierra Club Indian Peaks BMC,200.0,1,name+zip,True
2021,d01547,2021|issue|The Humane Clothing Act Committee,140.0,1,name+zip,True
2022,d00102,2022|issue|Boulder Progressives,50.0,1,name+zip,True
2022,d00698,2022|issue|Boulder Progressives,20.0,1,name+zip,True
2022,d00949,2022|issue|Boulder Progressives,250.0,1,name+zip,True
2022,d01043,2022|issue|Boulder Progressives,80.0,1,name+zip,True
2022,d01898,2022|issue|Boulder Progressives,100.0,1,name+zip,True
2022,d01990,2022|issue|Boulder Progressives,510.0,2,name+zip,True
2022,d02003,2022|issue|Boulder Progressives,80.0,1,name+zip,True
2022,d02223,2022|issue|Boulder Progressives,100.0,1,name+zip,True
2022,d02412,2022|issue|Boulder Progressives,100.0,1,name+zip,True
2022,d02607,2022|issue|Boulder Progressives,250.0,1,name+zip,True
2022,d03529,2022|issue|Boulder Progressives,80.0,1,name+zip,True
2022,d04667,2022|issue|Boulder Progressives,50.0,1,name+zip,True
2022,d04919,2022|issue|Boulder Progressives,100.0,1,name+zip,True
2022,d05214,2022|issue|Boulder Progressives,150.0,1,name+zip,True
2022,d05396,2022|issue|Boulder Progressives,50.0,1,name+zip,True
2022,d05614,2022|issue|Boulder Progressives,100.0,1,name+zip,True
2022,d06526,2022|issue|Boulder Progressives,100.0,1,name+zip,True
2022,d06603,2022|issue|Boulder Progressives,50.0,1,name+zip,True
2022,d06850,2022|issue|Boulder Progressives,20.0,1,name+zip,True
2022,d06912,2022|issue|Boulder Progressives,50.0,1,name+zip,True
2022,d06927,2022|issue|Boulder Progressives,50.0,1,name+zip,True
2022,d07090,2022|issue|Boulder Progressives,150.0,1,name+zip,True
2022,d07723,2022|issue|Boulder Progressives,150.0,1,name+zip,True
2022,d07868,2022|issue|Boulder Progressives,100.0,1,name+zip,True
2022,d00106,2022|issue|No More Delay for Flood Safety,350.0,2,name+zip,True
2022,d00285,2022|issue|No More Delay for Flood Safety,15.0,1,name+zip,True
2022,d00395,2022|issue|No More Delay for Flood Safety,356.99,2,name+zip,True
2022,d00473,2022|issue|No More Delay for Flood Safety,50.0,1,name+zip,True
2022,d00552,2022|issue|No More Delay for Flood Safety,250.0,1,name+zip,True
2022,d00621,2022|issue|No More Delay for Flood Safety,250.0,1,name+zip,True
2022,d00636,2022|issue|No More Delay for Flood Safety,200.0,1,name+zip,True
2022,d00774,2022|issue|No More Delay for Flood Safety,50.0,1,name+zip,True
2022,d00867,2022|issue|No More Delay for Flood Safety,200.0,1,name+zip,True
2022,d00949,2022|issue|No More Delay for Flood Safety,250.0,1,name+zip,True
2022,d00985,2022|issue|No More Delay for Flood Safety,50.0,1,name+zip,True
2022,d01110,2022|issue|No More Delay for Flood Safety,500.0,1,name+zip,True
2022,d01230,2022|issue|No More Delay for Flood Safety,950.0,1,name+zip,True
2022,d01273,2022|issue|No More Delay for Flood Safety,100.0,1,name+zip,True
2022,d01656,2022|issue|No More Delay for Flood Safety,1000.0,1,name+zip,True
2022,d02093,2022|issue|No More Delay for Flood Safety,250.0,1,name+zip,True
2022,d02139,2022|issue|No More Delay for Flood Safety,2000.0,1,name+zip,True
2022,d02245,2022|issue|No More Delay for Flood Safety,100.0,1,name+zip,True
2022,d02310,2022|issue|No More Delay for Flood Safety,200.0,1,name+zip,True
2022,d02373,2022|issue|No More Delay for Flood Safety,250.0,1,name+zip,True
2022,d02412,2022|issue|No More Delay for Flood Safety,1000.0,1,name+zip,True
2022,d02625,2022|issue|No More Delay for Flood Safety,500.0,1,name+zip,True
2022,d02655,2022|issue|No More Delay for Flood Safety,1.0,1,name+zip,True
2022,d02684,2022|issue|No More Delay for Flood Safety,100.0,1,name+zip,True
2022,d02902,2022|issue|No More Delay for Flood Safety,250.0,1,name+zip,True
2022,d02976,2022|issue|No More Delay for Flood Safety,10.0,1,name+zip,True
2022,d03005,2022|issue|No More Delay for Flood Safety,500.0,1,name+zip,True
2022,d03136,2022|issue|No More Delay for Flood Safety,500.0,1,name+zip,True
2022,d03214,2022|issue|No More Delay for Flood Safety,100.0,1,name+zip,True
2022,d03448,2022|issue|No More Delay for Flood Safety,100.0,1,name+zip,True
2022,d03469,2022|issue|No More Delay for Flood Safety,100.0,1,name+zip,True
2022,d03565,2022|issue|No More Delay for Flood Safety,100.0,1,name+zip,True
2022,d03640,2022|issue|No More Delay for Flood Safety,500.0,1,name+zip,True
2022,d03652,2022|issue|No More Delay for Flood Safety,1001.0,1,name+zip,True
2022,d03765,2022|issue|No More Delay for Flood Safety,20.0,1,name+zip,True
2022,d03929,2022|issue|No More Delay for Flood Safety,1000.0,1,name+zip,True
2022,d04020,2022|issue|No More Delay for Flood Safety,1001.0,1,name+zip,True
2022,d04171,2022|issue|No More Delay for Flood Safety,250.0,1,name+zip,True
2022,d04199,2022|issue|No More Delay for Flood Safety,250.0,1,name+zip,True
2022,d04353,2022|issue|No More Delay for Flood Safety,50.0,1,name+zip,True
2022,d04547,2022|issue|No More Delay for Flood Safety,1000.0,1,name+zip,True
2022,d04590,2022|issue|No More Delay for Flood Safety,25.0,1,name+zip,True
2022,d04686,2022|issue|No More Delay for Flood Safety,1000.0,1,name+zip,True
2022,d04715,2022|issue|No More Delay for Flood Safety,1000.0,1,name+zip,True
2022,d04850,2022|issue|No More Delay for Flood Safety,100.0,1,name+zip,True
2022,d05051,2022|issue|No More Delay for Flood Safety,1000.0,1,name+zip,True
2022,d05073,2022|issue|No More Delay for Flood Safety,500.0,1,name+zip,True
2022,d05205,2022|issue|No More Delay for Flood Safety,300.0,2,name+zip,True
2022,d05478,2022|issue|No More Delay for Flood Safety,100.0,1,name+zip,True
2022,d05494,2022|issue|No More Delay for Flood Safety,1000.0,1,name+zip,True
2022,d05543,2022|issue|No More Delay for Flood Safety,250.0,1,name+zip,True
2022,d05544,2022|issue|No More Delay for Flood Safety,100.0,1,name+zip,True
2022,d05547,2022|issue|No More Delay for Flood Safety,1000.0,1,name+zip,True
2022,d05550,2022|issue|No More Delay for Flood Safety,500.0,1,name+zip,True
2022,d05598,2022|issue|No More Delay for Flood Safety,250.0,1,name+zip,True
2022,d05666,2022|issue|No More Delay for Flood Safety,250.0,1,name+zip,True
2022,d05684,2022|issue|No More Delay for Flood Safety,500.0,1,name+zip,True
2022,d05826,2022|issue|No More Delay for Flood Safety,250.0,1,name+zip,True
2022,d05840,2022|issue|No More Delay for Flood Safety,5000.0,1,name+zip,True
2022,d05901,2022|issue|No More Delay for Flood Safety,1000.0,1,name+zip,True
2022,d05974,2022|issue|No More Delay for Flood Safety,1000.0,1,name+zip,True
2022,d05985,2022|issue|No More Delay for Flood Safety,200.0,1,name+zip,True
2022,d06057,2022|issue|No More Delay for Flood Safety,50.0,1,name+zip,True
2022,d06093,2022|issue|No More Delay for Flood Safety,200.0,1,name+zip,True
2022,d06150,2022|issue|No More Delay for Flood Safety,100.0,1,name+zip,True
2022,d06295,2022|issue|No More Delay for Flood Safety,100.0,1,name+zip,True
2022,d06304,2022|issue|No More Delay for Flood Safety,250.0,1,name+zip,True
2022,d06337,2022|issue|No More Delay for Flood Safety,100.0,1,name+zip,True
2022,d06401,2022|issue|No More Delay for Flood Safety,100.0,1,name+zip,True
2022,d06466,2022|issue|No More Delay for Flood Safety,100.0,1,name+zip,True
2022,d06469,2022|issue|No More Delay for Flood Safety,50.0,1,name+zip,True
2022,d06552,2022|issue|No More Delay for Flood Safety,50.0,2,name+zip,True
2022,d06592,2022|issue|No More Delay for Flood Safety,50.0,1,name+zip,True
2022,d06679,2022|issue|No More Delay for Flood Safety,100.0,1,name+zip,True
2022,d06736,2022|issue|No More Delay for Flood Safety,500.0,1,name+zip,True
2022,d06839,2022|issue|No More Delay for Flood Safety,100.0,1,name+zip,True
2022,d06873,2022|issue|No More Delay for Flood Safety,1000.0,1,name+zip,True
2022,d06916,2022|issue|No More Delay for Flood Safety,1526.16,4,name+zip,True
2022,d06986,2022|issue|No More Delay for Flood Safety,1000.0,1,name+zip,True
2022,d07027,2022|issue|No More Delay for Flood Safety,300.0,1,name+zip,True
2022,d07152,2022|issue|No More Delay for Flood Safety,25.0,1,name+zip,True
2022,d07197,2022|issue|No More Delay for Flood Safety,200.0,1,name+zip,True
2022,d07358,2022|issue|No More Delay for Flood Safety,300.0,1,name+zip,True
2022,d07436,2022|issue|No More Delay for Flood Safety,1000.0,1,name+zip,True
2022,d07440,2022|issue|No More Delay for Flood Safety,1101.0,2,name+zip,True
2022,d07493,2022|issue|No More Delay for Flood Safety,25.0,1,name+zip,True
2022,d07500,2022|issue|No More Delay for Flood Safety,200.0,1,name+zip,True
2022,d07517,2022|issue|No More Delay for Flood Safety,972.0,1,name+zip,True
2022,d07567,2022|issue|No More Delay for Flood Safety,200.0,1,name+zip,True
2022,d07841,2022|issue|No More Delay for Flood Safety,500.0,2,name+zip,True
2022,d07955,2022|issue|No More Delay for Flood Safety,35924.5,7,name+zip,True
2022,d07988,2022|issue|No More Delay for Flood Safety,100.0,1,name+zip,True
2022,d08024,2022|issue|No More Delay for Flood Safety,100.0,1,name+zip,True
2022,d08065,2022|issue|No More Delay for Flood Safety,250.0,1,name+zip,True
2022,d00009,2022|issue|People for Voter Turnout,31.05,2,name+zip,True
2022,d00076,2022|issue|People for Voter Turnout,49.64,1,name+zip,True
2022,d00110,2022|issue|People for Voter Turnout,49.64,1,name+zip,True
2022,d00120,2022|issue|People for Voter Turnout,150.0,1,name+zip,True
2022,d00165,2022|issue|People for Voter Turnout,496.36,1,name+zip,True
2022,d00186,2022|issue|People for Voter Turnout,49.64,1,name+zip,True
2022,d00421,2022|issue|People for Voter Turnout,496.36,1,name+zip,False
2022,d00834,2022|issue|People for Voter Turnout,954.75,1,name+zip,True
2022,d00949,2022|issue|People for Voter Turnout,238.7,1,name+zip,True
2022,d01043,2022|issue|People for Voter Turnout,4.77,1,name+zip,True
2022,d01273,2022|issue|People for Voter Turnout,47.5,1,name+zip,True
2022,d01318,2022|issue|People for Voter Turnout,24.82,1,name+zip,True
2022,d01366,2022|issue|People for Voter Turnout,47.5,1,name+zip,False
2022,d01990,2022|issue|People for Voter Turnout,214.79,1,name+zip,True
2022,d02004,2022|issue|People for Voter Turnout,979.02,1,name+zip,True
2022,d02412,2022|issue|People for Voter Turnout,954.75,1,name+zip,True
2022,d02491,2022|issue|People for Voter Turnout,47.5,1,name+zip,True
2022,d02607,2022|issue|People for Voter Turnout,49.64,1,name+zip,True
2022,d02750,2022|issue|People for Voter Turnout,102.67999999999999,2,name+zip,True
2022,d02858,2022|issue|People for Voter Turnout,846.4100000000001,4,name+zip,True
2022,d02910,2022|issue|People for Voter Turnout,19.85,1,name+zip,True
2022,d02957,2022|issue|People for Voter Turnout,99.27,1,name+zip,True
2022,d02988,2022|issue|People for Voter Turnout,49.64,1,name+zip,True
2022,d03021,2022|issue|People for Voter Turnout,39.71,1,name+zip,True
2022,d03529,2022|issue|People for Voter Turnout,104.15,1,name+zip,True
2022,d03575,2022|issue|People for Voter Turnout,47.5,1,name+zip,False
2022,d03667,2022|issue|People for Voter Turnout,115.64999999999999,2,name+zip,True
2022,d04211,2022|issue|People for Voter Turnout,95.3,1,name+zip,True
2022,d04353,2022|issue|People for Voter Turnout,49.64,1,name+zip,True
2022,d04547,2022|issue|People for Voter Turnout,991.73,1,name+zip,True
2022,d04605,2022|issue|People for Voter Turnout,9.26,1,name+zip,True
2022,d04627,2022|issue|People for Voter Turnout,198.55,1,name+zip,True
2022,d04667,2022|issue|People for Voter Turnout,49.64,1,name+zip,True
2022,d04784,2022|issue|People for Voter Turnout,4.0,1,name+zip,True
2022,d04806,2022|issue|People for Voter Turnout,23.59,1,name+zip,True
2022,d04812,2022|issue|People for Voter Turnout,9.93,1,name+zip,True
2022,d04929,2022|issue|People for Voter Turnout,99.27,1,name+zip,True
2022,d04953,2022|issue|People for Voter Turnout,9.93,1,name+zip,True
2022,d05007,2022|issue|People for Voter Turnout,99.27,1,name+zip,True
2022,d05048,2022|issue|People for Voter Turnout,95.3,1,name+zip,True
2022,d05094,2022|issue|People for Voter Turnout,979.02,1,name+zip,True
2022,d05214,2022|issue|People for Voter Turnout,95.3,1,name+zip,True
2022,d05357,2022|issue|People for Voter Turnout,49.64,1,name+zip,True
2022,d05445,2022|issue|People for Voter Turnout,99.27,1,name+zip,True
2022,d05469,2022|issue|People for Voter Turnout,203.42000000000002,2,name+zip,True
2022,d05496,2022|issue|People for Voter Turnout,99.27,1,name+zip,True
2022,d05839,2022|issue|People for Voter Turnout,99.27,1,name+zip,True
2022,d06354,2022|issue|People for Voter Turnout,29.63,2,name+zip,True
2022,d06526,2022|issue|People for Voter Turnout,979.02,1,name+zip,True
2022,d06540,2022|issue|People for Voter Turnout,49.64,1,name+zip,True
2022,d06564,2022|issue|People for Voter Turnout,49.64,1,name+zip,False
2022,d06603,2022|issue|People for Voter Turnout,24.82,1,name+zip,True
2022,d06702,2022|issue|People for Voter Turnout,23.59,1,name+zip,True
2022,d06963,2022|issue|People for Voter Turnout,49.64,1,name+zip,False
2022,d06989,2022|issue|People for Voter Turnout,238.7,1,name+zip,True
2022,d07090,2022|issue|People for Voter Turnout,143.1,1,name+zip,True
2022,d07121,2022|issue|People for Voter Turnout,99.27,1,name+zip,True
2022,d07245,2022|issue|People for Voter Turnout,47.5,1,name+zip,True
2022,d07586,2022|issue|People for Voter Turnout,49.64,1,name+zip,True
2022,d07747,2022|issue|People for Voter Turnout,95.3,1,name+zip,True
2022,d07766,2022|issue|People for Voter Turnout,23.59,1,name+zip,True
2022,d07823,2022|issue|People for Voter Turnout,24.82,1,name+zip,True
2022,d08127,2022|issue|People for Voter Turnout,5.49,1,name+zip,True
2022,d08155,2022|issue|People for Voter Turnout,955.7,1,name+zip,True
2022,d00023,2022|issue|Repeal CU South Annexation,200.0,2,name+zip,True
2022,d00079,2022|issue|Repeal CU South Annexation,200.0,2,name+zip,True
2022,d00113,2022|issue|Repeal CU South Annexation,25.0,1,name+zip,True
2022,d00185,2022|issue|Repeal CU South Annexation,50.0,1,name+zip,True
2022,d00226,2022|issue|Repeal CU South Annexation,100.0,1,name+zip,True
2022,d00349,2022|issue|Repeal CU South Annexation,25.0,1,name+zip,True
2022,d00364,2022|issue|Repeal CU South Annexation,100.0,1,name+zip,True
2022,d00446,2022|issue|Repeal CU South Annexation,75.0,1,name+zip,True
2022,d00461,2022|issue|Repeal CU South Annexation,250.0,1,name+zip,True
2022,d00478,2022|issue|Repeal CU South Annexation,350.0,4,name+zip,True
2022,d00542,2022|issue|Repeal CU South Annexation,250.0,1,name+zip,True
2022,d00546,2022|issue|Repeal CU South Annexation,200.0,4,name+zip,True
2022,d00549,2022|issue|Repeal CU South Annexation,100.0,1,name+zip,True
2022,d00627,2022|issue|Repeal CU South Annexation,25.0,1,name+zip,True
2022,d00657,2022|issue|Repeal CU South Annexation,25.0,1,name+zip,True
2022,d00748,2022|issue|Repeal CU South Annexation,25.0,1,name+zip,True
2022,d00750,2022|issue|Repeal CU South Annexation,25.0,1,name+zip,True
2022,d00797,2022|issue|Repeal CU South Annexation,2000.0,1,name+zip,True
2022,d00851,2022|issue|Repeal CU South Annexation,100.0,1,name+zip,True
2022,d00874,2022|issue|Repeal CU South Annexation,25.0,1,name+zip,True
2022,d00882,2022|issue|Repeal CU South Annexation,100.0,1,name+zip,True
2022,d00883,2022|issue|Repeal CU South Annexation,100.0,1,name+zip,True
2022,d00900,2022|issue|Repeal CU South Annexation,100.0,1,name+zip,True
2022,d01018,2022|issue|Repeal CU South Annexation,125.0,3,name+zip,True
2022,d01030,2022|issue|Repeal CU South Annexation,100.0,1,name+zip,True
2022,d01033,2022|issue|Repeal CU South Annexation,100.0,1,name+zip,True
2022,d01102,2022|issue|Repeal CU South Annexation,25.0,1,name+zip,True
2022,d01105,2022|issue|Repeal CU South Annexation,200.0,4,name+zip,True
2022,d01166,2022|issue|Repeal CU South Annexation,500.0,1,name+zip,True
2022,d01241,2022|issue|Repeal CU South Annexation,100.0,1,name+zip,True
2022,d01244,2022|issue|Repeal CU South Annexation,20.0,1,name+zip,True
2022,d01255,2022|issue|Repeal CU South Annexation,25.0,1,name+zip,True
2022,d01335,2022|issue|Repeal CU South Annexation,40.0,1,name+zip,True
2022,d01399,2022|issue|Repeal CU South Annexation,100.0,1,name+zip,True
2022,d01447,2022|issue|Repeal CU South Annexation,200.0,2,name+zip,True
2022,d01460,2022|issue|Repeal CU South Annexation,50.0,1,name+zip,True
2022,d01646,2022|issue|Repeal CU South Annexation,100.0,1,name+zip,True
2022,d01649,2022|issue|Repeal CU South Annexation,1000.0,2,name+zip,True
2022,d01661,2022|issue|Repeal CU South Annexation,100.0,1,name+zip,True
2022,d01700,2022|issue|Repeal CU South Annexation,215.0,3,name+zip,True
2022,d01708,2022|issue|Repeal CU South Annexation,40.0,1,name+zip,True
2022,d01735,2022|issue|Repeal CU South Annexation,25.0,1,name+zip,True
2022,d01862,2022|issue|Repeal CU South Annexation,100.0,1,name+zip,True
2022,d01889,2022|issue|Repeal CU South Annexation,100.0,1,name+zip,True
2022,d01895,2022|issue|Repeal CU South Annexation,50.0,1,name+zip,True
2022,d01953,2022|issue|Repeal CU South Annexation,20.0,1,name+zip,True
2022,d01987,2022|issue|Repeal CU South Annexation,25.0,1,name+zip,True
2022,d02028,2022|issue|Repeal CU South Annexation,50.0,1,name+zip,True
2022,d02080,2022|issue|Repeal CU South Annexation,50.0,1,name+zip,True
2022,d02088,2022|issue|Repeal CU South Annexation,100.0,1,name+zip,True
2022,d02209,2022|issue|Repeal CU South Annexation,250.0,1,name+zip,True
2022,d02264,2022|issue|Repeal CU South Annexation,500.0,1,name+zip,True
2022,d02368,2022|issue|Repeal CU South Annexation,30.0,1,name+zip,True
2022,d02377,2022|issue|Repeal CU South Annexation,25.0,1,name+zip,True
2022,d02378,2022|issue|Repeal CU South Annexation,50.0,1,name+zip,True
2022,d02380,2022|issue|Repeal CU South Annexation,100.0,1,name+zip,True
2022,d02395,2022|issue|Repeal CU South Annexation,25.0,1,name+zip,True
2022,d02577,2022|issue|Repeal CU South Annexation,100.0,1,name+zip,True
2022,d02579,2022|issue|Repeal CU South Annexation,100.0,1,name+zip,True
2022,d02667,2022|issue|Repeal CU South Annexation,500.0,1,name+zip,True
2022,d02676,2022|issue|Repeal CU South Annexation,100.0,1,name+zip,True
2022,d02727,2022|issue|Repeal CU South Annexation,50.0,1,name+zip,True
2022,d02731,2022|issue|Repeal CU South Annexation,50.0,2,name+zip,True
2022,d02733,2022|issue|Repeal CU South Annexation,750.0,2,name+zip,True
2022,d02771,2022|issue|Repeal CU South Annexation,20.0,1,name+zip,True
2022,d02827,2022|issue|Repeal CU South Annexation,100.0,1,name+zip,True
2022,d02920,2022|issue|Repeal CU South Annexation,500.0,1,name+zip,True
2022,d02937,2022|issue|Repeal CU South Annexation,50.0,1,name+zip,True
2022,d02942,2022|issue|Repeal CU South Annexation,100.0,1,name+zip,True
2022,d02969,2022|issue|Repeal CU South Annexation,20.0,1,name+zip,True
2022,d02991,2022|issue|Repeal CU South Annexation,300.0,1,name+zip,True
2022,d02993,2022|issue|Repeal CU South Annexation,150.0,2,name+zip,True
2022,d02996,2022|issue|Repeal CU South Annexation,50.0,1,name+zip,True
2022,d03006,2022|issue|Repeal CU South Annexation,200.0,2,name+zip,True
2022,d03058,2022|issue|Repeal CU South Annexation,300.0,1,name+zip,True
2022,d03118,2022|issue|Repeal CU South Annexation,20.0,1,name+zip,True
2022,d03138,2022|issue|Repeal CU South Annexation,25.0,1,name+zip,True
2022,d03150,2022|issue|Repeal CU South Annexation,75.0,1,name+zip,True
2022,d03213,2022|issue|Repeal CU South Annexation,450.0,3,name+zip,True
2022,d03250,2022|issue|Repeal CU South Annexation,25.0,1,name+zip,True
2022,d03252,2022|issue|Repeal CU South Annexation,100.0,1,name+zip,True
2022,d03295,2022|issue|Repeal CU South Annexation,25.0,1,name+zip,True
2022,d03346,2022|issue|Repeal CU South Annexation,150.0,5,name+zip,True
2022,d03362,2022|issue|Repeal CU South Annexation,100.0,1,name+zip,True
2022,d03371,2022|issue|Repeal CU South Annexation,600.0,2,name+zip,True
2022,d03400,2022|issue|Repeal CU South Annexation,250.0,1,name+zip,True
2022,d03411,2022|issue|Repeal CU South Annexation,50.0,1,name+zip,True
2022,d03514,2022|issue|Repeal CU South Annexation,75.0,2,name+zip,True
2022,d03524,2022|issue|Repeal CU South Annexation,25.0,1,name+zip,True
2022,d03537,2022|issue|Repeal CU South Annexation,4000.0,6,name+zip,True
2022,d03579,2022|issue|Repeal CU South Annexation,100.0,1,name+zip,True
2022,d03634,2022|issue|Repeal CU South Annexation,25.0,1,name+zip,True
2022,d03657,2022|issue|Repeal CU South Annexation,20.0,1,name+zip,True
2022,d03686,2022|issue|Repeal CU South Annexation,50.0,2,name+zip,True
2022,d03732,2022|issue|Repeal CU South Annexation,200.0,2,name+zip,True
2022,d03781,2022|issue|Repeal CU South Annexation,50.0,1,name+zip,True
2022,d03817,2022|issue|Repeal CU South Annexation,100.0,1,name+zip,True
2022,d03974,2022|issue|Repeal CU South Annexation,100.0,2,name+zip,True
2022,d04005,2022|issue|Repeal CU South Annexation,250.0,1,name+zip,True
2022,d04111,2022|issue|Repeal CU South Annexation,100.0,1,name+zip,True
2022,d04129,2022|issue|Repeal CU South Annexation,100.0,1,name+zip,True
2022,d04209,2022|issue|Repeal CU South Annexation,25.0,1,name+zip,True
2022,d04210,2022|issue|Repeal CU South Annexation,25.0,1,name+zip,True
2022,d04269,2022|issue|Repeal CU South Annexation,25.0,1,name+zip,True
2022,d04327,2022|issue|Repeal CU South Annexation,50.0,2,name+zip,True
2022,d04362,2022|issue|Repeal CU South Annexation,120.0,3,name+zip,True
2022,d04405,2022|issue|Repeal CU South Annexation,350.0,2,name+zip,True
2022,d04488,2022|issue|Repeal CU South Annexation,100.0,1,name+zip,True
2022,d04540,2022|issue|Repeal CU South Annexation,25.0,1,name+zip,True
2022,d04719,2022|issue|Repeal CU South Annexation,100.0,1,name+zip,True
2022,d04791,2022|issue|Repeal CU South Annexation,25.0,1,name+zip,True
2022,d04846,2022|issue|Repeal CU South Annexation,50.0,1,name+zip,True
2022,d04876,2022|issue|Repeal CU South Annexation,350.0,2,name+zip,True
2022,d04880,2022|issue|Repeal CU South Annexation,1000.0,1,name+zip,True
2022,d04886,2022|issue|Repeal CU South Annexation,100.0,1,name+zip,True
2022,d04911,2022|issue|Repeal CU South Annexation,25.0,1,name+zip,True
2022,d04930,2022|issue|Repeal CU South Annexation,250.0,1,name+zip,True
2022,d04936,2022|issue|Repeal CU South Annexation,500.0,1,name+zip,True
2022,d04947,2022|issue|Repeal CU South Annexation,25.0,1,name+zip,True
2022,d04962,2022|issue|Repeal CU South Annexation,75.0,2,name+zip,True
2022,d05028,2022|issue|Repeal CU South Annexation,25.0,1,name+zip,True
2022,d05137,2022|issue|Repeal CU South Annexation,25.0,1,name+zip,True
2022,d05176,2022|issue|Repeal CU South Annexation,200.0,2,name+zip,True
2022,d05250,2022|issue|Repeal CU South Annexation,75.0,1,name+zip,True
2022,d05265,2022|issue|Repeal CU South Annexation,25.0,1,name+zip,True
2022,d05283,2022|issue|Repeal CU South Annexation,800.0,3,name+zip,True
2022,d05430,2022|issue|Repeal CU South Annexation,100.0,1,name+zip,True
2022,d05485,2022|issue|Repeal CU South Annexation,125.0,4,name+zip,True
2022,d05488,2022|issue|Repeal CU South Annexation,25.0,1,name+zip,True
2022,d05507,2022|issue|Repeal CU South Annexation,540.0,3,name+zip,True
2022,d05531,2022|issue|Repeal CU South Annexation,500.0,1,name+zip,True
2022,d05562,2022|issue|Repeal CU South Annexation,100.0,1,name+zip,True
2022,d05579,2022|issue|Repeal CU South Annexation,1661.95,2,name+zip,True
2022,d05604,2022|issue|Repeal CU South Annexation,310.08,2,name+zip,True
2022,d05619,2022|issue|Repeal CU South Annexation,250.0,1,name+zip,True
2022,d05641,2022|issue|Repeal CU South Annexation,250.0,1,name+zip,True
2022,d05662,2022|issue|Repeal CU South Annexation,100.0,1,name+zip,True
2022,d05676,2022|issue|Repeal CU South Annexation,50.0,1,name+zip,True
2022,d05736,2022|issue|Repeal CU South Annexation,25.0,1,name+zip,True
2022,d05739,2022|issue|Repeal CU South Annexation,50.0,1,name+zip,True
2022,d05766,2022|issue|Repeal CU South Annexation,25.0,1,name+zip,True
2022,d05769,2022|issue|Repeal CU South Annexation,100.0,1,name+zip,True
2022,d05802,2022|issue|Repeal CU South Annexation,100.0,1,name+zip,True
2022,d05828,2022|issue|Repeal CU South Annexation,500.0,1,name+zip,True
2022,d05858,2022|issue|Repeal CU South Annexation,100.0,1,name+zip,True
2022,d05876,2022|issue|Repeal CU South Annexation,600.0,2,name+zip,True
2022,d05922,2022|issue|Repeal CU South Annexation,20.0,1,name+zip,True
2022,d05925,2022|issue|Repeal CU South Annexation,100.0,1,name+zip,True
2022,d06009,2022|issue|Repeal CU South Annexation,1000.0,1,name+zip,True
2022,d06066,2022|issue|Repeal CU South Annexation,250.0,1,name+zip,True
2022,d06128,2022|issue|Repeal CU South Annexation,100.0,1,name+zip,True
2022,d06151,2022|issue|Repeal CU South Annexation,100.0,1,name+zip,True
2022,d06173,2022|issue|Repeal CU South Annexation,100.0,1,name+zip,True
2022,d06223,2022|issue|Repeal CU South Annexation,25.0,1,name+zip,True
2022,d06260,2022|issue|Repeal CU South Annexation,500.0,1,name+zip,True
2022,d06261,2022|issue|Repeal CU South Annexation,100.0,1,name+zip,True
2022,d06320,2022|issue|Repeal CU South Annexation,50.0,1,name+zip,True
2022,d06352,2022|issue|Repeal CU South Annexation,250.0,1,name+zip,True
2022,d06393,2022|issue|Repeal CU South Annexation,450.0,2,name+zip,True
2022,d06551,2022|issue|Repeal CU South Annexation,250.0,1,name+zip,True
2022,d06553,2022|issue|Repeal CU South Annexation,100.0,1,name+zip,True
2022,d06666,2022|issue|Repeal CU South Annexation,75.0,2,name+zip,True
2022,d06687,2022|issue|Repeal CU South Annexation,15.0,1,name+zip,True
2022,d06754,2022|issue|Repeal CU South Annexation,50.0,1,name+zip,True
2022,d06851,2022|issue|Repeal CU South Annexation,50.0,2,name+zip,True
2022,d06894,2022|issue|Repeal CU South Annexation,20.0,1,name+zip,True
2022,d06923,2022|issue|Repeal CU South Annexation,100.0,2,name+zip,True
2022,d06957,2022|issue|Repeal CU South Annexation,100.0,1,name+zip,True
2022,d06972,2022|issue|Repeal CU South Annexation,600.0,3,name+zip,True
2022,d07036,2022|issue|Repeal CU South Annexation,25.0,1,name+zip,True
2022,d07057,2022|issue|Repeal CU South Annexation,3000.0,1,name+zip,True
2022,d07134,2022|issue|Repeal CU South Annexation,100.0,1,name+zip,True
2022,d07139,2022|issue|Repeal CU South Annexation,25.0,1,name+zip,True
2022,d07174,2022|issue|Repeal CU South Annexation,100.0,2,name+zip,True
2022,d07177,2022|issue|Repeal CU South Annexation,100.0,1,name+zip,True
2022,d07193,2022|issue|Repeal CU South Annexation,50.0,2,name+zip,True
2022,d07207,2022|issue|Repeal CU South Annexation,1000.0,1,name+zip,True
2022,d07344,2022|issue|Repeal CU South Annexation,100.0,1,name+zip,True
2022,d07359,2022|issue|Repeal CU South Annexation,400.0,1,name+zip,True
2022,d07466,2022|issue|Repeal CU South Annexation,1750.0,4,name+zip,True
2022,d07482,2022|issue|Repeal CU South Annexation,200.0,2,name+zip,True
2022,d07498,2022|issue|Repeal CU South Annexation,45.0,2,name+zip,True
2022,d07516,2022|issue|Repeal CU South Annexation,25.0,1,name+zip,True
2022,d07556,2022|issue|Repeal CU South Annexation,100.0,2,name+zip,True
2022,d07616,2022|issue|Repeal CU South Annexation,75.0,2,name+zip,True
2022,d07663,2022|issue|Repeal CU South Annexation,100.0,1,name+zip,True
2022,d07673,2022|issue|Repeal CU South Annexation,50.0,1,name+zip,True
2022,d07707,2022|issue|Repeal CU South Annexation,250.0,1,name+zip,True
2022,d07713,2022|issue|Repeal CU South Annexation,250.0,1,name+zip,True
2022,d07728,2022|issue|Repeal CU South Annexation,500.0,1,name+zip,True
2022,d07784,2022|issue|Repeal CU South Annexation,100.0,1,name+zip,True
2022,d07947,2022|issue|Repeal CU South Annexation,1045.0,3,name+zip,True
2022,d08064,2022|issue|Repeal CU South Annexation,100.0,1,name+zip,True
2022,d08092,2022|issue|Repeal CU South Annexation,100.0,1,name+zip,True
2022,d08137,2022|issue|Repeal CU South Annexation,50.0,1,name+zip,True
2022,d08144,2022|issue|Repeal CU South Annexation,25.0,1,name+zip,True
2022,d00257,2022|issue|Save Boulder's Wild Spaces,267.8,1,name+zip,True
2022,d05164,2022|issue|Save Boulder's Wild Spaces,1187.5,1,name+zip,True
2022,d00023,2022|issue|Save Local Elections,100.0,1,name+zip,True
2022,d00079,2022|issue|Save Local Elections,100.0,1,name+zip,True
2022,d00371,2022|issue|Save Local Elections,25.0,1,name+zip,True
2022,d00422,2022|issue|Save Local Elections,100.0,1,name+zip,True
2022,d00514,2022|issue|Save Local Elections,100.0,1,name+zip,True
2022,d00650,2022|issue|Save Local Elections,40.0,1,name+zip,True
2022,d00775,2022|issue|Save Local Elections,500.0,1,name+zip,True
2022,d01033,2022|issue|Save Local Elections,26.27,1,name+zip,True
2022,d01064,2022|issue|Save Local Elections,104.15,1,name+zip,True
2022,d01107,2022|issue|Save Local Elections,50.0,1,name+zip,True
2022,d01241,2022|issue|Save Local Elections,100.0,1,name+zip,True
2022,d01392,2022|issue|Save Local Elections,450.0,2,name+zip,True
2022,d01428,2022|issue|Save Local Elections,104.15,1,name+zip,True
2022,d01565,2022|issue|Save Local Elections,154.15,2,name+zip,True
2022,d01741,2022|issue|Save Local Elections,25.0,1,name+zip,True
2022,d01948,2022|issue|Save Local Elections,52.23,1,name+zip,True
2022,d02209,2022|issue|Save Local Elections,250.0,1,name+zip,True
2022,d02213,2022|issue|Save Local Elections,125.0,1,name+zip,True
2022,d02378,2022|issue|Save Local Elections,26.27,1,name+zip,True
2022,d02380,2022|issue|Save Local Elections,100.0,1,name+zip,True
2022,d02501,2022|issue|Save Local Elections,250.0,1,name+zip,True
2022,d02631,2022|issue|Save Local Elections,300.0,1,name+zip,True
2022,d02775,2022|issue|Save Local Elections,500.0,1,name+zip,True
2022,d02915,2022|issue|Save Local Elections,311.84,1,name+zip,True
2022,d02954,2022|issue|Save Local Elections,26.27,1,name+zip,True
2022,d02982,2022|issue|Save Local Elections,51.269999999999996,2,name+zip,True
2022,d03095,2022|issue|Save Local Elections,100.0,1,name+zip,True
2022,d03371,2022|issue|Save Local Elections,200.0,1,name+zip,True
2022,d03460,2022|issue|Save Local Elections,46.08,2,name+zip,True
2022,d03581,2022|issue|Save Local Elections,60.0,1,name+zip,True
2022,d03732,2022|issue|Save Local Elections,100.0,1,name+zip,True
2022,d03774,2022|issue|Save Local Elections,200.0,1,name+zip,True
2022,d03933,2022|issue|Save Local Elections,250.0,1,name+zip,True
2022,d04118,2022|issue|Save Local Elections,100.0,1,name+zip,True
2022,d04221,2022|issue|Save Local Elections,750.0,1,name+zip,True
2022,d04283,2022|issue|Save Local Elections,50.0,1,name+zip,True
2022,d04303,2022|issue|Save Local Elections,100.0,1,name+zip,True
2022,d04313,2022|issue|Save Local Elections,250.0,2,name+zip,True
2022,d04527,2022|issue|Save Local Elections,519.52,1,name+zip,True
2022,d04560,2022|issue|Save Local Elections,25.0,1,name+zip,True
2022,d04855,2022|issue|Save Local Elections,100.0,1,name+zip,True
2022,d04972,2022|issue|Save Local Elections,500.0,1,name+zip,True
2022,d05033,2022|issue|Save Local Elections,31.46,1,name+zip,True
2022,d05140,2022|issue|Save Local Elections,25.0,1,name+zip,True
2022,d05205,2022|issue|Save Local Elections,259.92,1,name+zip,True
2022,d05275,2022|issue|Save Local Elections,70.0,1,name+zip,True
2022,d05485,2022|issue|Save Local Elections,31.46,1,name+zip,True
2022,d05492,2022|issue|Save Local Elections,975.0,1,name+zip,True
2022,d05644,2022|issue|Save Local Elections,20.0,1,name+zip,True
2022,d05880,2022|issue|Save Local Elections,104.15,1,name+zip,True
2022,d06173,2022|issue|Save Local Elections,50.0,1,name+zip,True
2022,d06326,2022|issue|Save Local Elections,500.0,1,name+zip,True
2022,d06525,2022|issue|Save Local Elections,52.23,1,name+zip,True
2022,d06736,2022|issue|Save Local Elections,500.0,1,name+zip,True
2022,d06737,2022|issue|Save Local Elections,300.0,3,name+zip,True
2022,d06829,2022|issue|Save Local Elections,100.0,1,name+zip,True
2022,d06839,2022|issue|Save Local Elections,100.0,1,name+zip,True
2022,d06876,2022|issue|Save Local Elections,150.0,1,name+zip,True
2022,d07037,2022|issue|Save Local Elections,40.0,1,name+zip,True
2022,d07038,2022|issue|Save Local Elections,50.0,1,name+zip,True
2022,d07249,2022|issue|Save Local Elections,26.77,1,name+zip,True
2022,d07466,2022|issue|Save Local Elections,208.0,1,name+zip,True
2022,d07557,2022|issue|Save Local Elections,989.04,2,name+zip,True
2022,d07714,2022|issue|Save Local Elections,150.0,1,name+zip,True
2022,d07779,2022|issue|Save Local Elections,321.86,3,name+zip,True
2022,d07934,2022|issue|Save Local Elections,26.27,1,name+zip,True
2022,d07937,2022|issue|Save Local Elections,100.0,1,name+zip,True
2022,d08144,2022|issue|Save Local Elections,156.38,2,name+zip,True
2023,d00076,2023|cand|Aaron Brockett,25.0,1,name+zip,True
2023,d00078,2023|cand|Aaron Brockett,25.0,1,name+zip,True
2023,d00134,2023|cand|Aaron Brockett,50.0,1,name+zip,False
2023,d00141,2023|cand|Aaron Brockett,100.0,1,name+zip,True
2023,d00149,2023|cand|Aaron Brockett,100.0,1,name+zip,True
2023,d00216,2023|cand|Aaron Brockett,50.0,1,name+zip,True
2023,d00381,2023|cand|Aaron Brockett,100.0,1,name+zip,False
2023,d00663,2023|cand|Aaron Brockett,100.0,1,name+zip,True
2023,d00686,2023|cand|Aaron Brockett,100.0,1,name+zip,False
2023,d00762,2023|cand|Aaron Brockett,100.0,1,name+zip,True
2023,d00769,2023|cand|Aaron Brockett,50.0,1,name+zip,True
2023,d00830,2023|cand|Aaron Brockett,75.0,1,name+zip,True
2023,d01046,2023|cand|Aaron Brockett,50.0,1,name+zip,True
2023,d01139,2023|cand|Aaron Brockett,25.0,1,name+zip,True
2023,d01147,2023|cand|Aaron Brockett,100.0,1,name+zip,True
2023,d01177,2023|cand|Aaron Brockett,100.0,1,name+zip,True
2023,d01265,2023|cand|Aaron Brockett,25.0,1,name+zip,True
2023,d01273,2023|cand|Aaron Brockett,100.0,1,name+zip,True
2023,d01333,2023|cand|Aaron Brockett,100.0,1,name+zip,True
2023,d01338,2023|cand|Aaron Brockett,50.0,1,name+zip,False
2023,d01347,2023|cand|Aaron Brockett,50.0,1,name+zip,True
2023,d01511,2023|cand|Aaron Brockett,100.0,1,name+zip,True
2023,d01577,2023|cand|Aaron Brockett,100.0,1,name+zip,True
2023,d01585,2023|cand|Aaron Brockett,100.0,1,name+zip,False
2023,d01617,2023|cand|Aaron Brockett,100.0,1,name+zip,True
2023,d01645,2023|cand|Aaron Brockett,50.0,1,name+zip,True
2023,d01736,2023|cand|Aaron Brockett,100.0,1,name+zip,False
2023,d01817,2023|cand|Aaron Brockett,100.0,1,name+zip,True
2023,d01915,2023|cand|Aaron Brockett,20.0,1,name+zip,True
2023,d01935,2023|cand|Aaron Brockett,100.0,1,name+zip,True
2023,d01968,2023|cand|Aaron Brockett,100.0,1,name+zip,True
2023,d01990,2023|cand|Aaron Brockett,100.0,1,name+zip,True
2023,d02065,2023|cand|Aaron Brockett,25.0,1,name+zip,True
2023,d02100,2023|cand|Aaron Brockett,100.0,1,name+zip,False
2023,d02129,2023|cand|Aaron Brockett,100.0,1,name+zip,False
2023,d02195,2023|cand|Aaron Brockett,100.0,1,name+zip,True
2023,d02412,2023|cand|Aaron Brockett,100.0,1,name+zip,True
2023,d02439,2023|cand|Aaron Brockett,50.0,1,name+zip,True
2023,d02460,2023|cand|Aaron Brockett,50.0,1,name+zip,True
2023,d02626,2023|cand|Aaron Brockett,50.0,1,name+zip,True
2023,d02760,2023|cand|Aaron Brockett,100.0,1,name+zip,True
2023,d02789,2023|cand|Aaron Brockett,50.0,1,name+zip,True
2023,d02804,2023|cand|Aaron Brockett,100.0,1,name+zip,True
2023,d02846,2023|cand|Aaron Brockett,50.0,1,name+zip,True
2023,d02854,2023|cand|Aaron Brockett,50.0,1,name+zip,True
2023,d02933,2023|cand|Aaron Brockett,100.0,1,name+zip,True
2023,d02951,2023|cand|Aaron Brockett,20.0,1,name+zip,True
2023,d02979,2023|cand|Aaron Brockett,100.0,1,name+zip,True
2023,d03049,2023|cand|Aaron Brockett,100.0,1,name+zip,False
2023,d03091,2023|cand|Aaron Brockett,100.0,1,name+zip,True
2023,d03097,2023|cand|Aaron Brockett,100.0,3,name+zip,True
2023,d03117,2023|cand|Aaron Brockett,100.0,1,name+zip,False
2023,d03136,2023|cand|Aaron Brockett,100.0,2,name+zip,True
2023,d03146,2023|cand|Aaron Brockett,25.0,1,name+zip,True
2023,d03206,2023|cand|Aaron Brockett,100.0,1,name+zip,True
2023,d03265,2023|cand|Aaron Brockett,25.0,1,name+zip,True
2023,d03285,2023|cand|Aaron Brockett,100.0,1,name+zip,True
2023,d03288,2023|cand|Aaron Brockett,50.0,1,name+zip,True
2023,d03399,2023|cand|Aaron Brockett,100.0,1,name+zip,True
2023,d03415,2023|cand|Aaron Brockett,80.0,2,name+zip,True
2023,d03489,2023|cand|Aaron Brockett,100.0,1,name+zip,True
2023,d03503,2023|cand|Aaron Brockett,100.0,1,name+zip,True
2023,d03605,2023|cand|Aaron Brockett,100.0,1,name+zip,True
2023,d03652,2023|cand|Aaron Brockett,100.0,1,name+zip,True
2023,d03666,2023|cand|Aaron Brockett,100.0,1,name+zip,True
2023,d03702,2023|cand|Aaron Brockett,20.0,1,name+zip,False
2023,d03746,2023|cand|Aaron Brockett,50.0,1,name+zip,True
2023,d03784,2023|cand|Aaron Brockett,51.0,1,name+zip,True
2023,d03870,2023|cand|Aaron Brockett,100.0,1,name+zip,True
2023,d03884,2023|cand|Aaron Brockett,100.0,1,name+zip,True
2023,d03976,2023|cand|Aaron Brockett,100.0,1,name+zip,True
2023,d04020,2023|cand|Aaron Brockett,100.0,1,name+zip,True
2023,d04084,2023|cand|Aaron Brockett,25.0,1,name+zip,True
2023,d04086,2023|cand|Aaron Brockett,100.0,1,name+zip,True
2023,d04087,2023|cand|Aaron Brockett,100.0,1,name+zip,True
2023,d04156,2023|cand|Aaron Brockett,100.0,1,name+zip,True
2023,d04328,2023|cand|Aaron Brockett,100.0,1,name+zip,True
2023,d04345,2023|cand|Aaron Brockett,50.0,1,name+zip,True
2023,d04464,2023|cand|Aaron Brockett,100.0,1,name+zip,False
2023,d04509,2023|cand|Aaron Brockett,50.0,1,name+zip,True
2023,d04547,2023|cand|Aaron Brockett,100.0,1,name+zip,True
2023,d04598,2023|cand|Aaron Brockett,100.0,1,name+zip,True
2023,d04601,2023|cand|Aaron Brockett,25.0,1,name+zip,True
2023,d04621,2023|cand|Aaron Brockett,100.0,1,name+zip,True
2023,d04627,2023|cand|Aaron Brockett,100.0,1,name+zip,True
2023,d04776,2023|cand|Aaron Brockett,100.0,1,name+zip,True
2023,d05088,2023|cand|Aaron Brockett,100.0,1,name+zip,True
2023,d05112,2023|cand|Aaron Brockett,50.0,1,name+zip,True
2023,d05131,2023|cand|Aaron Brockett,50.0,1,name+zip,True
2023,d05254,2023|cand|Aaron Brockett,50.0,1,name+zip,True
2023,d05286,2023|cand|Aaron Brockett,100.0,1,name+zip,True
2023,d05325,2023|cand|Aaron Brockett,100.0,1,name+zip,True
2023,d05392,2023|cand|Aaron Brockett,100.0,1,name+zip,True
2023,d05418,2023|cand|Aaron Brockett,25.0,1,name+zip,True
2023,d05460,2023|cand|Aaron Brockett,100.0,1,name+zip,True
2023,d05469,2023|cand|Aaron Brockett,94.0,1,name+zip,True
2023,d05485,2023|cand|Aaron Brockett,100.0,2,name+zip,True
2023,d05527,2023|cand|Aaron Brockett,100.0,1,name+zip,True
2023,d05543,2023|cand|Aaron Brockett,100.0,1,name+zip,True
2023,d05614,2023|cand|Aaron Brockett,100.0,1,name+zip,True
2023,d05720,2023|cand|Aaron Brockett,100.0,1,name+zip,True
2023,d05726,2023|cand|Aaron Brockett,100.0,1,name+zip,True
2023,d05745,2023|cand|Aaron Brockett,100.0,1,name+zip,True
2023,d06005,2023|cand|Aaron Brockett,100.0,1,name+zip,False
2023,d06062,2023|cand|Aaron Brockett,100.0,2,name+zip,True
2023,d06141,2023|cand|Aaron Brockett,50.0,1,name+zip,True
2023,d06150,2023|cand|Aaron Brockett,100.0,1,name+zip,True
2023,d06153,2023|cand|Aaron Brockett,100.0,1,name+zip,True
2023,d06155,2023|cand|Aaron Brockett,100.0,1,name+zip,True
2023,d06289,2023|cand|Aaron Brockett,100.0,1,name+zip,True
2023,d06451,2023|cand|Aaron Brockett,25.0,1,name+zip,True
2023,d06474,2023|cand|Aaron Brockett,100.0,1,name+zip,True
2023,d06496,2023|cand|Aaron Brockett,20.0,1,name+zip,True
2023,d06565,2023|cand|Aaron Brockett,100.0,1,name+zip,True
2023,d06603,2023|cand|Aaron Brockett,50.0,1,name+zip,True
2023,d06661,2023|cand|Aaron Brockett,100.0,1,name+zip,False
2023,d06683,2023|cand|Aaron Brockett,100.0,1,name+zip,True
2023,d06772,2023|cand|Aaron Brockett,100.0,1,name+zip,True
2023,d06815,2023|cand|Aaron Brockett,100.0,1,name+zip,True
2023,d06858,2023|cand|Aaron Brockett,50.0,1,name+zip,False
2023,d06915,2023|cand|Aaron Brockett,100.0,1,name+zip,False
2023,d06953,2023|cand|Aaron Brockett,50.0,1,name+zip,True
2023,d07032,2023|cand|Aaron Brockett,100.0,1,name+zip,True
2023,d07121,2023|cand|Aaron Brockett,100.0,1,name+zip,True
2023,d07123,2023|cand|Aaron Brockett,100.0,1,name+zip,True
2023,d07209,2023|cand|Aaron Brockett,100.0,1,name+zip,True
2023,d07306,2023|cand|Aaron Brockett,100.0,1,name+zip,True
2023,d07308,2023|cand|Aaron Brockett,100.0,1,name+zip,True
2023,d07382,2023|cand|Aaron Brockett,100.0,1,name+zip,True
2023,d07466,2023|cand|Aaron Brockett,75.0,1,name+zip,True
2023,d07467,2023|cand|Aaron Brockett,100.0,1,name+zip,True
2023,d07469,2023|cand|Aaron Brockett,100.0,1,name+zip,True
2023,d07631,2023|cand|Aaron Brockett,100.0,1,name+zip,True
2023,d07657,2023|cand|Aaron Brockett,25.0,1,name+zip,True
2023,d07804,2023|cand|Aaron Brockett,50.0,1,name+zip,True
2023,d07825,2023|cand|Aaron Brockett,50.0,1,name+zip,True
2023,d07944,2023|cand|Aaron Brockett,100.0,1,name+zip,True
2023,d07957,2023|cand|Aaron Brockett,100.0,1,name+zip,True
2023,d08009,2023|cand|Aaron Brockett,50.0,1,name+zip,True
2023,d08155,2023|cand|Aaron Brockett,100.0,1,name+zip,True
2023,d00094,2023|cand|Aaron Neyer,25.0,1,name+zip,True
2023,d00376,2023|cand|Aaron Neyer,50.0,1,name+zip,True
2023,d00946,2023|cand|Aaron Neyer,25.0,1,name+zip,True
2023,d01199,2023|cand|Aaron Neyer,40.0,1,name+zip,True
2023,d01271,2023|cand|Aaron Neyer,50.0,1,name+zip,True
2023,d01437,2023|cand|Aaron Neyer,25.0,1,name+zip,True
2023,d01520,2023|cand|Aaron Neyer,25.0,1,name+zip,True
2023,d01589,2023|cand|Aaron Neyer,100.0,1,name+zip,True
2023,d01877,2023|cand|Aaron Neyer,25.0,1,name+zip,True
2023,d02056,2023|cand|Aaron Neyer,25.0,1,name+zip,True
2023,d02612,2023|cand|Aaron Neyer,50.0,1,name+zip,True
2023,d02621,2023|cand|Aaron Neyer,50.0,1,name+zip,True
2023,d02866,2023|cand|Aaron Neyer,25.0,1,name+zip,True
2023,d03841,2023|cand|Aaron Neyer,100.0,1,name+zip,True
2023,d04217,2023|cand|Aaron Neyer,100.0,1,name+zip,True
2023,d04612,2023|cand|Aaron Neyer,25.0,1,name+zip,True
2023,d04736,2023|cand|Aaron Neyer,25.0,1,name+zip,True
2023,d05094,2023|cand|Aaron Neyer,25.0,1,name+zip,True
2023,d05264,2023|cand|Aaron Neyer,13.0,1,name+zip,True
2023,d05390,2023|cand|Aaron Neyer,50.0,1,name+zip,True
2023,d05894,2023|cand|Aaron Neyer,50.0,1,name+zip,True
2023,d05977,2023|cand|Aaron Neyer,25.0,1,name+zip,True
2023,d06989,2023|cand|Aaron Neyer,100.0,1,name+zip,True
2023,d07021,2023|cand|Aaron Neyer,50.0,1,name+zip,True
2023,d07136,2023|cand|Aaron Neyer,25.0,1,name+zip,True
2023,d07394,2023|cand|Aaron Neyer,50.0,1,name+zip,True
2023,d07488,2023|cand|Aaron Neyer,25.0,1,name+zip,True
2023,d00046,2023|cand|Christina Marquis,100.0,1,name+zip,False
2023,d00087,2023|cand|Christina Marquis,50.0,1,name+zip,False
2023,d00315,2023|cand|Christina Marquis,50.0,1,name+zip,False
2023,d00346,2023|cand|Christina Marquis,100.0,1,name+zip,False
2023,d00380,2023|cand|Christina Marquis,100.0,1,name+zip,False
2023,d00403,2023|cand|Christina Marquis,100.0,1,name+zip,False
2023,d00415,2023|cand|Christina Marquis,100.0,1,name+zip,False
2023,d00457,2023|cand|Christina Marquis,50.0,1,name+zip,False
2023,d00497,2023|cand|Christina Marquis,100.0,1,name+zip,False
2023,d00518,2023|cand|Christina Marquis,100.0,1,name+zip,False
2023,d00666,2023|cand|Christina Marquis,25.0,1,name+zip,False
2023,d00739,2023|cand|Christina Marquis,100.0,1,name+zip,False
2023,d00763,2023|cand|Christina Marquis,25.0,1,name+zip,False
2023,d00813,2023|cand|Christina Marquis,100.0,1,name+zip,False
2023,d00827,2023|cand|Christina Marquis,100.0,1,name+zip,False
2023,d00881,2023|cand|Christina Marquis,50.0,1,name+zip,False
2023,d00910,2023|cand|Christina Marquis,100.0,1,name+zip,False
2023,d00955,2023|cand|Christina Marquis,100.0,1,name+zip,False
2023,d01037,2023|cand|Christina Marquis,100.0,1,name+zip,False
2023,d01051,2023|cand|Christina Marquis,100.0,1,name+zip,False
2023,d01063,2023|cand|Christina Marquis,100.0,1,name+zip,False
2023,d01066,2023|cand|Christina Marquis,100.0,1,name+zip,False
2023,d01225,2023|cand|Christina Marquis,25.0,1,name+zip,False
2023,d01502,2023|cand|Christina Marquis,50.0,1,name+zip,False
2023,d01525,2023|cand|Christina Marquis,100.0,1,name+zip,False
2023,d01567,2023|cand|Christina Marquis,100.0,1,name+zip,False
2023,d01618,2023|cand|Christina Marquis,100.0,1,name+zip,False
2023,d01692,2023|cand|Christina Marquis,100.0,1,name+zip,False
2023,d01729,2023|cand|Christina Marquis,25.0,1,name+zip,False
2023,d01800,2023|cand|Christina Marquis,100.0,1,name+zip,False
2023,d01813,2023|cand|Christina Marquis,100.0,1,name+zip,False
2023,d01991,2023|cand|Christina Marquis,100.0,1,name+zip,False
2023,d02014,2023|cand|Christina Marquis,100.0,1,name+zip,False
2023,d02049,2023|cand|Christina Marquis,100.0,1,name+zip,False
2023,d02100,2023|cand|Christina Marquis,100.0,1,name+zip,False
2023,d02111,2023|cand|Christina Marquis,100.0,1,name+zip,False
2023,d02121,2023|cand|Christina Marquis,100.0,1,name+zip,False
2023,d02129,2023|cand|Christina Marquis,100.0,1,name+zip,False
2023,d02281,2023|cand|Christina Marquis,100.0,1,name+zip,False
2023,d02317,2023|cand|Christina Marquis,100.0,1,name+zip,False
2023,d02384,2023|cand|Christina Marquis,100.0,1,name+zip,False
2023,d02387,2023|cand|Christina Marquis,100.0,1,name+zip,False
2023,d02422,2023|cand|Christina Marquis,100.0,1,name+zip,False
2023,d02545,2023|cand|Christina Marquis,100.0,1,name+zip,False
2023,d02644,2023|cand|Christina Marquis,100.0,1,name+zip,False
2023,d02711,2023|cand|Christina Marquis,100.0,1,name+zip,False
2023,d02962,2023|cand|Christina Marquis,50.0,1,name+zip,False
2023,d03100,2023|cand|Christina Marquis,100.0,1,name+zip,False
2023,d03183,2023|cand|Christina Marquis,100.0,1,name+zip,False
2023,d03361,2023|cand|Christina Marquis,100.0,1,name+zip,False
2023,d03377,2023|cand|Christina Marquis,100.0,1,name+zip,False
2023,d03459,2023|cand|Christina Marquis,50.0,1,name+zip,False
2023,d03509,2023|cand|Christina Marquis,100.0,1,name+zip,False
2023,d03562,2023|cand|Christina Marquis,100.0,1,name+zip,False
2023,d03627,2023|cand|Christina Marquis,25.0,1,name+zip,False
2023,d03670,2023|cand|Christina Marquis,100.0,1,name+zip,False
2023,d03735,2023|cand|Christina Marquis,100.0,1,name+zip,False
2023,d04014,2023|cand|Christina Marquis,100.0,1,name+zip,False
2023,d04070,2023|cand|Christina Marquis,100.0,1,name+zip,False
2023,d04149,2023|cand|Christina Marquis,25.0,1,name+zip,False
2023,d04227,2023|cand|Christina Marquis,100.0,1,name+zip,False
2023,d04234,2023|cand|Christina Marquis,100.0,1,name+zip,False
2023,d04262,2023|cand|Christina Marquis,100.0,1,name+zip,False
2023,d04285,2023|cand|Christina Marquis,50.0,1,name+zip,False
2023,d04309,2023|cand|Christina Marquis,100.0,1,name+zip,False
2023,d04383,2023|cand|Christina Marquis,100.0,1,name+zip,False
2023,d04385,2023|cand|Christina Marquis,100.0,1,name+zip,False
2023,d04389,2023|cand|Christina Marquis,100.0,1,name+zip,False
2023,d04393,2023|cand|Christina Marquis,100.0,1,name+zip,False
2023,d04458,2023|cand|Christina Marquis,25.0,1,name+zip,False
2023,d04511,2023|cand|Christina Marquis,50.0,1,name+zip,False
2023,d04532,2023|cand|Christina Marquis,100.0,1,name+zip,False
2023,d04553,2023|cand|Christina Marquis,100.0,1,name+zip,False
2023,d04593,2023|cand|Christina Marquis,25.0,1,name+zip,False
2023,d04615,2023|cand|Christina Marquis,100.0,1,name+zip,False
2023,d04617,2023|cand|Christina Marquis,100.0,1,name+zip,False
2023,d04664,2023|cand|Christina Marquis,100.0,1,name+zip,False
2023,d04732,2023|cand|Christina Marquis,100.0,1,name+zip,False
2023,d04760,2023|cand|Christina Marquis,100.0,1,name+zip,False
2023,d04888,2023|cand|Christina Marquis,100.0,1,name+zip,False
2023,d04946,2023|cand|Christina Marquis,100.0,1,name+zip,False
2023,d04973,2023|cand|Christina Marquis,100.0,1,name+zip,False
2023,d05132,2023|cand|Christina Marquis,100.0,1,name+zip,False
2023,d05174,2023|cand|Christina Marquis,100.0,1,name+zip,False
2023,d05198,2023|cand|Christina Marquis,50.0,1,name+zip,False
2023,d05227,2023|cand|Christina Marquis,25.0,1,name+zip,False
2023,d05228,2023|cand|Christina Marquis,100.0,1,name+zip,False
2023,d05235,2023|cand|Christina Marquis,100.0,1,name+zip,False
2023,d05237,2023|cand|Christina Marquis,100.0,1,name+zip,False
2023,d05459,2023|cand|Christina Marquis,100.0,1,name+zip,False
2023,d05476,2023|cand|Christina Marquis,100.0,1,name+zip,False
2023,d05634,2023|cand|Christina Marquis,200.0,2,name+zip,False
2023,d05844,2023|cand|Christina Marquis,100.0,1,name+zip,False
2023,d05904,2023|cand|Christina Marquis,100.0,1,name+zip,False
2023,d05944,2023|cand|Christina Marquis,100.0,1,name+zip,False
2023,d05971,2023|cand|Christina Marquis,100.0,1,name+zip,False
2023,d05975,2023|cand|Christina Marquis,100.0,1,name+zip,False
2023,d06007,2023|cand|Christina Marquis,100.0,1,name+zip,False
2023,d06088,2023|cand|Christina Marquis,50.0,1,name+zip,False
2023,d06101,2023|cand|Christina Marquis,25.0,1,name+zip,False
2023,d06135,2023|cand|Christina Marquis,100.0,1,name+zip,False
2023,d06405,2023|cand|Christina Marquis,100.0,1,name+zip,False
2023,d06409,2023|cand|Christina Marquis,100.0,1,name+zip,False
2023,d06473,2023|cand|Christina Marquis,50.0,1,name+zip,False
2023,d06481,2023|cand|Christina Marquis,100.0,1,name+zip,False
2023,d06483,2023|cand|Christina Marquis,100.0,1,name+zip,False
2023,d06609,2023|cand|Christina Marquis,100.0,1,name+zip,False
2023,d06659,2023|cand|Christina Marquis,25.0,1,name+zip,False
2023,d06661,2023|cand|Christina Marquis,100.0,1,name+zip,False
2023,d06681,2023|cand|Christina Marquis,10.0,1,name+zip,False
2023,d06788,2023|cand|Christina Marquis,100.0,1,name+zip,False
2023,d06810,2023|cand|Christina Marquis,100.0,1,name+zip,False
2023,d06856,2023|cand|Christina Marquis,100.0,1,name+zip,False
2023,d06970,2023|cand|Christina Marquis,100.0,1,name+zip,False
2023,d07179,2023|cand|Christina Marquis,100.0,1,name+zip,False
2023,d07378,2023|cand|Christina Marquis,100.0,1,name+zip,False
2023,d07400,2023|cand|Christina Marquis,100.0,1,name+zip,False
2023,d07504,2023|cand|Christina Marquis,100.0,1,name+zip,False
2023,d07547,2023|cand|Christina Marquis,100.0,1,name+zip,False
2023,d07664,2023|cand|Christina Marquis,100.0,1,name+zip,False
2023,d07845,2023|cand|Christina Marquis,50.0,1,name+zip,False
2023,d07890,2023|cand|Christina Marquis,100.0,1,name+zip,False
2023,d07982,2023|cand|Christina Marquis,100.0,1,name+zip,False
2023,d00011,2023|cand|Jacques Decalo,25.0,1,name+zip,True
2023,d00060,2023|cand|Jacques Decalo,100.0,1,name+zip,True
2023,d00070,2023|cand|Jacques Decalo,50.0,1,name+zip,True
2023,d00079,2023|cand|Jacques Decalo,100.0,1,name+zip,True
2023,d00131,2023|cand|Jacques Decalo,100.0,1,name+zip,True
2023,d00177,2023|cand|Jacques Decalo,50.0,1,name+zip,True
2023,d00226,2023|cand|Jacques Decalo,100.0,1,name+zip,True
2023,d00268,2023|cand|Jacques Decalo,10.0,1,name+zip,True
2023,d00306,2023|cand|Jacques Decalo,25.0,1,name+zip,True
2023,d00319,2023|cand|Jacques Decalo,10.0,1,name+zip,True
2023,d00404,2023|cand|Jacques Decalo,15.0,1,name+zip,True
2023,d00419,2023|cand|Jacques Decalo,25.0,1,name+zip,True
2023,d00430,2023|cand|Jacques Decalo,100.0,1,name+zip,True
2023,d00542,2023|cand|Jacques Decalo,75.0,1,name+zip,True
2023,d00567,2023|cand|Jacques Decalo,50.0,1,name+zip,True
2023,d00572,2023|cand|Jacques Decalo,100.0,1,name+zip,True
2023,d00643,2023|cand|Jacques Decalo,25.0,1,name+zip,True
2023,d00733,2023|cand|Jacques Decalo,25.0,1,name+zip,True
2023,d00749,2023|cand|Jacques Decalo,100.0,1,name+zip,True
2023,d01064,2023|cand|Jacques Decalo,100.0,1,name+zip,True
2023,d01089,2023|cand|Jacques Decalo,15.0,1,name+zip,True
2023,d01101,2023|cand|Jacques Decalo,25.0,1,name+zip,True
2023,d01158,2023|cand|Jacques Decalo,25.0,1,name+zip,True
2023,d01166,2023|cand|Jacques Decalo,100.0,1,name+zip,True
2023,d01335,2023|cand|Jacques Decalo,25.0,1,name+zip,True
2023,d01384,2023|cand|Jacques Decalo,20.0,1,name+zip,True
2023,d01549,2023|cand|Jacques Decalo,100.0,1,name+zip,True
2023,d01565,2023|cand|Jacques Decalo,50.0,1,name+zip,True
2023,d01696,2023|cand|Jacques Decalo,50.0,1,name+zip,True
2023,d01708,2023|cand|Jacques Decalo,25.0,1,name+zip,True
2023,d01718,2023|cand|Jacques Decalo,25.0,1,name+zip,True
2023,d01724,2023|cand|Jacques Decalo,20.0,1,name+zip,True
2023,d01741,2023|cand|Jacques Decalo,20.0,1,name+zip,True
2023,d01839,2023|cand|Jacques Decalo,50.0,1,name+zip,False
2023,d01937,2023|cand|Jacques Decalo,25.0,1,name+zip,True
2023,d02001,2023|cand|Jacques Decalo,25.0,1,name+zip,True
2023,d02120,2023|cand|Jacques Decalo,10.0,1,name+zip,True
2023,d02137,2023|cand|Jacques Decalo,25.0,1,name+zip,True
2023,d02162,2023|cand|Jacques Decalo,30.0,1,name+zip,True
2023,d02248,2023|cand|Jacques Decalo,25.0,1,name+zip,True
2023,d02389,2023|cand|Jacques Decalo,25.0,1,name+zip,True
2023,d02506,2023|cand|Jacques Decalo,20.0,1,name+zip,True
2023,d02515,2023|cand|Jacques Decalo,10.0,1,name+zip,True
2023,d02748,2023|cand|Jacques Decalo,100.0,1,name+zip,True
2023,d02920,2023|cand|Jacques Decalo,25.0,1,name+zip,True
2023,d02950,2023|cand|Jacques Decalo,100.0,1,name+zip,True
2023,d02989,2023|cand|Jacques Decalo,25.0,1,name+zip,True
2023,d02991,2023|cand|Jacques Decalo,100.0,1,name+zip,True
2023,d03186,2023|cand|Jacques Decalo,50.0,1,name+zip,True
2023,d03209,2023|cand|Jacques Decalo,25.0,1,name+zip,True
2023,d03354,2023|cand|Jacques Decalo,25.0,1,name+zip,True
2023,d03431,2023|cand|Jacques Decalo,75.0,1,name+zip,True
2023,d03510,2023|cand|Jacques Decalo,100.0,1,name+zip,True
2023,d03537,2023|cand|Jacques Decalo,100.0,1,name+zip,True
2023,d03620,2023|cand|Jacques Decalo,25.0,1,name+zip,True
2023,d03757,2023|cand|Jacques Decalo,100.0,1,name+zip,True
2023,d03875,2023|cand|Jacques Decalo,100.0,1,name+zip,True
2023,d04147,2023|cand|Jacques Decalo,25.0,1,name+zip,True
2023,d04307,2023|cand|Jacques Decalo,25.0,1,name+zip,True
2023,d04313,2023|cand|Jacques Decalo,100.0,1,name+zip,True
2023,d04397,2023|cand|Jacques Decalo,100.0,1,name+zip,True
2023,d04606,2023|cand|Jacques Decalo,25.0,1,name+zip,False
2023,d04631,2023|cand|Jacques Decalo,25.0,1,name+zip,True
2023,d04719,2023|cand|Jacques Decalo,50.0,1,name+zip,True
2023,d04794,2023|cand|Jacques Decalo,25.0,1,name+zip,True
2023,d04798,2023|cand|Jacques Decalo,25.0,1,name+zip,True
2023,d05087,2023|cand|Jacques Decalo,25.0,1,name+zip,True
2023,d05229,2023|cand|Jacques Decalo,100.0,1,name+zip,True
2023,d05239,2023|cand|Jacques Decalo,25.0,1,name+zip,True
2023,d05406,2023|cand|Jacques Decalo,100.0,1,name+zip,True
2023,d05472,2023|cand|Jacques Decalo,25.0,1,name+zip,True
2023,d05485,2023|cand|Jacques Decalo,50.0,1,name+zip,True
2023,d05576,2023|cand|Jacques Decalo,25.0,1,name+zip,True
2023,d05642,2023|cand|Jacques Decalo,100.0,1,name+zip,True
2023,d05658,2023|cand|Jacques Decalo,100.0,1,name+zip,True
2023,d05663,2023|cand|Jacques Decalo,25.0,1,name+zip,True
2023,d05734,2023|cand|Jacques Decalo,25.0,1,name+zip,True
2023,d05895,2023|cand|Jacques Decalo,20.0,1,name+zip,True
2023,d06046,2023|cand|Jacques Decalo,100.0,1,name+zip,True
2023,d06095,2023|cand|Jacques Decalo,50.0,1,name+zip,True
2023,d06292,2023|cand|Jacques Decalo,100.0,1,name+zip,True
2023,d06311,2023|cand|Jacques Decalo,100.0,1,name+zip,True
2023,d06816,2023|cand|Jacques Decalo,25.0,1,name+zip,False
2023,d06821,2023|cand|Jacques Decalo,25.0,1,name+zip,True
2023,d06829,2023|cand|Jacques Decalo,100.0,1,name+zip,True
2023,d06979,2023|cand|Jacques Decalo,25.0,1,name+zip,False
2023,d07126,2023|cand|Jacques Decalo,25.0,1,name+zip,True
2023,d07195,2023|cand|Jacques Decalo,10.0,1,name+zip,True
2023,d07207,2023|cand|Jacques Decalo,25.0,1,name+zip,True
2023,d07208,2023|cand|Jacques Decalo,75.0,2,name+zip,True
2023,d07399,2023|cand|Jacques Decalo,100.0,1,name+zip,True
2023,d07435,2023|cand|Jacques Decalo,50.0,1,name+zip,True
2023,d07463,2023|cand|Jacques Decalo,20.0,1,name+zip,True
2023,d07593,2023|cand|Jacques Decalo,50.0,1,name+zip,True
2023,d07649,2023|cand|Jacques Decalo,50.0,1,name+zip,True
2023,d07687,2023|cand|Jacques Decalo,100.0,1,name+zip,True
2023,d08034,2023|cand|Jacques Decalo,25.0,1,name+zip,True
2023,d08053,2023|cand|Jacques Decalo,10.0,1,name+zip,True
2023,d00015,2023|cand|Jennifer Robins,100.0,1,name+zip,True
2023,d00049,2023|cand|Jennifer Robins,100.0,1,name+zip,True
2023,d00079,2023|cand|Jennifer Robins,100.0,1,name+zip,True
2023,d00099,2023|cand|Jennifer Robins,100.0,1,name+zip,True
2023,d00113,2023|cand|Jennifer Robins,100.0,1,name+zip,True
2023,d00147,2023|cand|Jennifer Robins,100.0,1,name+zip,True
2023,d00571,2023|cand|Jennifer Robins,100.0,1,name+zip,True
2023,d00572,2023|cand|Jennifer Robins,100.0,1,name+zip,True
2023,d00580,2023|cand|Jennifer Robins,50.0,1,name+zip,True
2023,d00596,2023|cand|Jennifer Robins,100.0,1,name+zip,True
2023,d00708,2023|cand|Jennifer Robins,100.0,1,name+zip,True
2023,d00775,2023|cand|Jennifer Robins,100.0,1,name+zip,True
2023,d00853,2023|cand|Jennifer Robins,100.0,1,name+zip,True
2023,d00901,2023|cand|Jennifer Robins,100.0,1,name+zip,True
2023,d00929,2023|cand|Jennifer Robins,100.0,1,name+zip,True
2023,d01064,2023|cand|Jennifer Robins,100.0,1,name+zip,True
2023,d01122,2023|cand|Jennifer Robins,100.0,1,name+zip,True
2023,d01194,2023|cand|Jennifer Robins,100.0,1,name+zip,True
2023,d01381,2023|cand|Jennifer Robins,100.0,1,name+zip,True
2023,d01390,2023|cand|Jennifer Robins,100.0,1,name+zip,True
2023,d01565,2023|cand|Jennifer Robins,100.0,1,name+zip,True
2023,d01746,2023|cand|Jennifer Robins,100.0,1,name+zip,True
2023,d01854,2023|cand|Jennifer Robins,25.0,1,name+zip,True
2023,d01918,2023|cand|Jennifer Robins,100.0,1,name+zip,True
2023,d01922,2023|cand|Jennifer Robins,100.0,1,name+zip,True
2023,d02031,2023|cand|Jennifer Robins,100.0,1,name+zip,True
2023,d02043,2023|cand|Jennifer Robins,100.0,1,name+zip,True
2023,d02209,2023|cand|Jennifer Robins,100.0,1,name+zip,True
2023,d02213,2023|cand|Jennifer Robins,100.0,1,name+zip,True
2023,d02231,2023|cand|Jennifer Robins,50.0,1,name+zip,True
2023,d02255,2023|cand|Jennifer Robins,100.0,1,name+zip,True
2023,d02315,2023|cand|Jennifer Robins,100.0,1,name+zip,True
2023,d02342,2023|cand|Jennifer Robins,100.0,1,name+zip,True
2023,d02378,2023|cand|Jennifer Robins,25.0,1,name+zip,True
2023,d02380,2023|cand|Jennifer Robins,100.0,1,name+zip,True
2023,d02414,2023|cand|Jennifer Robins,100.0,1,name+zip,True
2023,d02434,2023|cand|Jennifer Robins,100.0,1,name+zip,True
2023,d02535,2023|cand|Jennifer Robins,75.0,1,name+zip,True
2023,d02550,2023|cand|Jennifer Robins,50.0,1,name+zip,True
2023,d02596,2023|cand|Jennifer Robins,100.0,1,name+zip,True
2023,d02605,2023|cand|Jennifer Robins,100.0,1,name+zip,True
2023,d02764,2023|cand|Jennifer Robins,100.0,1,name+zip,True
2023,d02775,2023|cand|Jennifer Robins,100.0,1,name+zip,True
2023,d02844,2023|cand|Jennifer Robins,100.0,1,name+zip,True
2023,d02895,2023|cand|Jennifer Robins,100.0,1,name+zip,True
2023,d02926,2023|cand|Jennifer Robins,100.0,1,name+zip,True
2023,d02932,2023|cand|Jennifer Robins,100.0,1,name+zip,True
2023,d02935,2023|cand|Jennifer Robins,100.0,1,name+zip,True
2023,d03030,2023|cand|Jennifer Robins,25.0,1,name+zip,True
2023,d03041,2023|cand|Jennifer Robins,100.0,1,name+zip,True
2023,d03103,2023|cand|Jennifer Robins,25.0,1,name+zip,True
2023,d03193,2023|cand|Jennifer Robins,100.0,1,name+zip,True
2023,d03194,2023|cand|Jennifer Robins,100.0,1,name+zip,True
2023,d03246,2023|cand|Jennifer Robins,75.0,1,name+zip,True
2023,d03606,2023|cand|Jennifer Robins,100.0,1,name+zip,True
2023,d03658,2023|cand|Jennifer Robins,35.0,1,name+zip,True
2023,d03744,2023|cand|Jennifer Robins,100.0,1,name+zip,True
2023,d03932,2023|cand|Jennifer Robins,100.0,1,name+zip,True
2023,d03933,2023|cand|Jennifer Robins,100.0,1,name+zip,True
2023,d03997,2023|cand|Jennifer Robins,100.0,1,name+zip,True
2023,d04021,2023|cand|Jennifer Robins,100.0,1,name+zip,True
2023,d04053,2023|cand|Jennifer Robins,100.0,1,name+zip,True
2023,d04103,2023|cand|Jennifer Robins,100.0,1,name+zip,True
2023,d04169,2023|cand|Jennifer Robins,100.0,1,name+zip,True
2023,d04176,2023|cand|Jennifer Robins,100.0,1,name+zip,True
2023,d04200,2023|cand|Jennifer Robins,100.0,1,name+zip,True
2023,d04202,2023|cand|Jennifer Robins,100.0,1,name+zip,True
2023,d04254,2023|cand|Jennifer Robins,100.0,1,name+zip,True
2023,d04274,2023|cand|Jennifer Robins,100.0,1,name+zip,True
2023,d04290,2023|cand|Jennifer Robins,100.0,1,name+zip,True
2023,d04443,2023|cand|Jennifer Robins,100.0,1,name+zip,True
2023,d04474,2023|cand|Jennifer Robins,100.0,1,name+zip,True
2023,d04544,2023|cand|Jennifer Robins,100.0,1,name+zip,True
2023,d04550,2023|cand|Jennifer Robins,100.0,1,name+zip,True
2023,d04739,2023|cand|Jennifer Robins,100.0,1,name+zip,True
2023,d04889,2023|cand|Jennifer Robins,100.0,1,name+zip,True
2023,d04893,2023|cand|Jennifer Robins,100.0,1,name+zip,True
2023,d04910,2023|cand|Jennifer Robins,100.0,1,name+zip,True
2023,d04926,2023|cand|Jennifer Robins,100.0,1,name+zip,True
2023,d04970,2023|cand|Jennifer Robins,100.0,1,name+zip,True
2023,d04974,2023|cand|Jennifer Robins,100.0,1,name+zip,True
2023,d05062,2023|cand|Jennifer Robins,100.0,1,name+zip,True
2023,d05072,2023|cand|Jennifer Robins,100.0,1,name+zip,True
2023,d05082,2023|cand|Jennifer Robins,100.0,1,name+zip,True
2023,d05127,2023|cand|Jennifer Robins,25.0,1,name+zip,True
2023,d05140,2023|cand|Jennifer Robins,100.0,1,name+zip,True
2023,d05170,2023|cand|Jennifer Robins,100.0,1,name+zip,True
2023,d05249,2023|cand|Jennifer Robins,100.0,1,name+zip,True
2023,d05278,2023|cand|Jennifer Robins,50.0,1,name+zip,True
2023,d05415,2023|cand|Jennifer Robins,25.0,1,name+zip,True
2023,d05420,2023|cand|Jennifer Robins,100.0,1,name+zip,True
2023,d05469,2023|cand|Jennifer Robins,25.0,1,name+zip,True
2023,d05555,2023|cand|Jennifer Robins,50.0,1,name+zip,True
2023,d05589,2023|cand|Jennifer Robins,100.0,1,name+zip,True
2023,d05697,2023|cand|Jennifer Robins,100.0,1,name+zip,True
2023,d05761,2023|cand|Jennifer Robins,100.0,1,name+zip,True
2023,d05900,2023|cand|Jennifer Robins,25.0,1,name+zip,True
2023,d05961,2023|cand|Jennifer Robins,50.0,1,name+zip,True
2023,d06235,2023|cand|Jennifer Robins,100.0,1,name+zip,True
2023,d06259,2023|cand|Jennifer Robins,100.0,1,name+zip,True
2023,d06314,2023|cand|Jennifer Robins,100.0,1,name+zip,True
2023,d06322,2023|cand|Jennifer Robins,100.0,1,name+zip,True
2023,d06424,2023|cand|Jennifer Robins,100.0,1,name+zip,True
2023,d06531,2023|cand|Jennifer Robins,100.0,1,name+zip,True
2023,d06589,2023|cand|Jennifer Robins,100.0,1,name+zip,True
2023,d06619,2023|cand|Jennifer Robins,100.0,1,name+zip,True
2023,d06737,2023|cand|Jennifer Robins,100.0,1,name+zip,True
2023,d06740,2023|cand|Jennifer Robins,100.0,1,name+zip,True
2023,d06839,2023|cand|Jennifer Robins,100.0,1,name+zip,True
2023,d06965,2023|cand|Jennifer Robins,25.0,1,name+zip,True
2023,d07001,2023|cand|Jennifer Robins,100.0,1,name+zip,True
2023,d07038,2023|cand|Jennifer Robins,100.0,1,name+zip,True
2023,d07056,2023|cand|Jennifer Robins,100.0,1,name+zip,True
2023,d07087,2023|cand|Jennifer Robins,100.0,1,name+zip,True
2023,d07107,2023|cand|Jennifer Robins,25.0,1,name+zip,True
2023,d07146,2023|cand|Jennifer Robins,25.0,1,name+zip,True
2023,d07196,2023|cand|Jennifer Robins,100.0,1,name+zip,True
2023,d07351,2023|cand|Jennifer Robins,100.0,1,name+zip,True
2023,d07388,2023|cand|Jennifer Robins,20.0,1,name+zip,True
2023,d07407,2023|cand|Jennifer Robins,100.0,1,name+zip,True
2023,d07429,2023|cand|Jennifer Robins,25.0,1,name+zip,True
2023,d07440,2023|cand|Jennifer Robins,100.0,1,name+zip,True
2023,d07459,2023|cand|Jennifer Robins,100.0,1,name+zip,True
2023,d07635,2023|cand|Jennifer Robins,100.0,1,name+zip,True
2023,d07674,2023|cand|Jennifer Robins,25.0,1,name+zip,True
2023,d07684,2023|cand|Jennifer Robins,100.0,1,name+zip,True
2023,d07733,2023|cand|Jennifer Robins,25.0,1,name+zip,True
2023,d07779,2023|cand|Jennifer Robins,100.0,1,name+zip,True
2023,d07781,2023|cand|Jennifer Robins,100.0,1,name+zip,True
2023,d07793,2023|cand|Jennifer Robins,100.0,1,name+zip,True
2023,d07901,2023|cand|Jennifer Robins,25.0,1,name+zip,True
2023,d07937,2023|cand|Jennifer Robins,100.0,1,name+zip,True
2023,d08097,2023|cand|Jennifer Robins,25.0,1,name+zip,True
2023,d00002,2023|cand|Nicole Speer,100.0,1,name+zip,True
2023,d00078,2023|cand|Nicole Speer,25.0,1,name+zip,True
2023,d00081,2023|cand|Nicole Speer,75.0,1,name+zip,False
2023,d00140,2023|cand|Nicole Speer,100.0,1,name+zip,False
2023,d00186,2023|cand|Nicole Speer,100.0,1,name+zip,True
2023,d00309,2023|cand|Nicole Speer,50.0,1,name+zip,False
2023,d00427,2023|cand|Nicole Speer,50.0,1,name+zip,True
2023,d00484,2023|cand|Nicole Speer,25.0,1,name+zip,True
2023,d00508,2023|cand|Nicole Speer,25.0,1,name+zip,True
2023,d00608,2023|cand|Nicole Speer,100.0,1,name+zip,True
2023,d00648,2023|cand|Nicole Speer,100.0,1,name+zip,True
2023,d00651,2023|cand|Nicole Speer,100.0,1,name+zip,True
2023,d00732,2023|cand|Nicole Speer,25.0,1,name+zip,True
2023,d00743,2023|cand|Nicole Speer,100.0,1,name+zip,True
2023,d00769,2023|cand|Nicole Speer,50.0,1,name+zip,True
2023,d00884,2023|cand|Nicole Speer,40.0,1,name+zip,True
2023,d00926,2023|cand|Nicole Speer,75.0,1,name+zip,True
2023,d00962,2023|cand|Nicole Speer,100.0,1,name+zip,True
2023,d00994,2023|cand|Nicole Speer,50.0,1,name+zip,True
2023,d01072,2023|cand|Nicole Speer,10.0,1,name+zip,True
2023,d01073,2023|cand|Nicole Speer,100.0,1,name+zip,True
2023,d01207,2023|cand|Nicole Speer,100.0,1,name+zip,True
2023,d01306,2023|cand|Nicole Speer,15.0,1,name+zip,True
2023,d01326,2023|cand|Nicole Speer,100.0,1,name+zip,True
2023,d01327,2023|cand|Nicole Speer,100.0,1,name+zip,False
2023,d01378,2023|cand|Nicole Speer,10.0,1,name+zip,True
2023,d01433,2023|cand|Nicole Speer,25.0,1,name+zip,True
2023,d01464,2023|cand|Nicole Speer,50.0,1,name+zip,False
2023,d01472,2023|cand|Nicole Speer,100.0,1,name+zip,True
2023,d01495,2023|cand|Nicole Speer,100.0,1,name+zip,True
2023,d01753,2023|cand|Nicole Speer,50.0,1,name+zip,True
2023,d01843,2023|cand|Nicole Speer,25.0,1,name+zip,True
2023,d01858,2023|cand|Nicole Speer,50.0,1,name+zip,True
2023,d01860,2023|cand|Nicole Speer,100.0,1,name+zip,True
2023,d01897,2023|cand|Nicole Speer,100.0,1,name+zip,True
2023,d01921,2023|cand|Nicole Speer,100.0,1,name+zip,True
2023,d01924,2023|cand|Nicole Speer,100.0,1,name+zip,True
2023,d01935,2023|cand|Nicole Speer,100.0,1,name+zip,True
2023,d01984,2023|cand|Nicole Speer,10.0,1,name+zip,True
2023,d01990,2023|cand|Nicole Speer,100.0,1,name+zip,True
2023,d01992,2023|cand|Nicole Speer,100.0,1,name+zip,True
2023,d02004,2023|cand|Nicole Speer,100.0,3,name+zip,True
2023,d02010,2023|cand|Nicole Speer,100.0,1,name+zip,True
2023,d02079,2023|cand|Nicole Speer,25.0,1,name+zip,True
2023,d02128,2023|cand|Nicole Speer,100.0,1,name+zip,True
2023,d02182,2023|cand|Nicole Speer,100.0,1,name+zip,True
2023,d02214,2023|cand|Nicole Speer,100.0,1,name+zip,True
2023,d02340,2023|cand|Nicole Speer,100.0,1,name+zip,False
2023,d02369,2023|cand|Nicole Speer,100.0,1,name+zip,True
2023,d02446,2023|cand|Nicole Speer,15.0,1,name+zip,True
2023,d02461,2023|cand|Nicole Speer,25.0,1,name+zip,True
2023,d02485,2023|cand|Nicole Speer,25.0,1,name+zip,True
2023,d02516,2023|cand|Nicole Speer,100.0,1,name+zip,True
2023,d02552,2023|cand|Nicole Speer,100.0,1,name+zip,True
2023,d02554,2023|cand|Nicole Speer,25.0,1,name+zip,True
2023,d02612,2023|cand|Nicole Speer,100.0,1,name+zip,True
2023,d02615,2023|cand|Nicole Speer,25.0,1,name+zip,True
2023,d02647,2023|cand|Nicole Speer,74.0,1,name+zip,True
2023,d02698,2023|cand|Nicole Speer,10.0,1,name+zip,True
2023,d02759,2023|cand|Nicole Speer,100.0,1,name+zip,False
2023,d02831,2023|cand|Nicole Speer,100.0,1,name+zip,True
2023,d02858,2023|cand|Nicole Speer,100.0,1,name+zip,True
2023,d02875,2023|cand|Nicole Speer,100.0,1,name+zip,True
2023,d02906,2023|cand|Nicole Speer,100.0,1,name+zip,True
2023,d03008,2023|cand|Nicole Speer,25.0,1,name+zip,True
2023,d03091,2023|cand|Nicole Speer,100.0,1,name+zip,True
2023,d03103,2023|cand|Nicole Speer,5.0,1,name+zip,True
2023,d03124,2023|cand|Nicole Speer,72.0,1,name+zip,True
2023,d03207,2023|cand|Nicole Speer,10.0,1,name+zip,True
2023,d03267,2023|cand|Nicole Speer,25.0,1,name+zip,True
2023,d03306,2023|cand|Nicole Speer,50.0,1,name+zip,True
2023,d03357,2023|cand|Nicole Speer,20.0,1,name+zip,True
2023,d03416,2023|cand|Nicole Speer,100.0,1,name+zip,True
2023,d03421,2023|cand|Nicole Speer,50.0,1,name+zip,True
2023,d03430,2023|cand|Nicole Speer,15.0,1,name+zip,True
2023,d03455,2023|cand|Nicole Speer,100.0,1,name+zip,True
2023,d03500,2023|cand|Nicole Speer,100.0,1,name+zip,True
2023,d03574,2023|cand|Nicole Speer,100.0,1,name+zip,True
2023,d03618,2023|cand|Nicole Speer,100.0,1,name+zip,True
2023,d03630,2023|cand|Nicole Speer,100.0,1,name+zip,True
2023,d03667,2023|cand|Nicole Speer,100.0,1,name+zip,True
2023,d03685,2023|cand|Nicole Speer,100.0,1,name+zip,True
2023,d03691,2023|cand|Nicole Speer,100.0,1,name+zip,True
2023,d03717,2023|cand|Nicole Speer,45.0,2,name+zip,True
2023,d03746,2023|cand|Nicole Speer,100.0,1,name+zip,True
2023,d03819,2023|cand|Nicole Speer,10.0,1,name+zip,True
2023,d03866,2023|cand|Nicole Speer,100.0,1,name+zip,True
2023,d04015,2023|cand|Nicole Speer,100.0,1,name+zip,True
2023,d04056,2023|cand|Nicole Speer,25.0,1,name+zip,True
2023,d04145,2023|cand|Nicole Speer,15.0,1,name+zip,True
2023,d04174,2023|cand|Nicole Speer,36.0,1,name+zip,False
2023,d04198,2023|cand|Nicole Speer,25.0,1,name+zip,False
2023,d04311,2023|cand|Nicole Speer,50.0,1,name+zip,True
2023,d04396,2023|cand|Nicole Speer,25.0,1,name+zip,True
2023,d04402,2023|cand|Nicole Speer,25.0,1,name+zip,True
2023,d04611,2023|cand|Nicole Speer,100.0,1,name+zip,True
2023,d04613,2023|cand|Nicole Speer,25.0,1,name+zip,True
2023,d04661,2023|cand|Nicole Speer,100.0,1,name+zip,True
2023,d04759,2023|cand|Nicole Speer,100.0,1,name+zip,True
2023,d04839,2023|cand|Nicole Speer,100.0,2,name+zip,True
2023,d04887,2023|cand|Nicole Speer,25.0,1,name+zip,True
2023,d04906,2023|cand|Nicole Speer,25.0,1,name+zip,True
2023,d04921,2023|cand|Nicole Speer,50.0,1,name+zip,True
2023,d04969,2023|cand|Nicole Speer,15.0,1,name+zip,False
2023,d04987,2023|cand|Nicole Speer,100.0,1,name+zip,True
2023,d05002,2023|cand|Nicole Speer,25.0,1,name+zip,True
2023,d05004,2023|cand|Nicole Speer,75.0,1,name+zip,True
2023,d05060,2023|cand|Nicole Speer,25.0,1,name+zip,True
2023,d05094,2023|cand|Nicole Speer,30.14,1,name+zip,True
2023,d05150,2023|cand|Nicole Speer,100.0,1,name+zip,True
2023,d05167,2023|cand|Nicole Speer,100.0,1,name+zip,True
2023,d05254,2023|cand|Nicole Speer,50.0,1,name+zip,True
2023,d05357,2023|cand|Nicole Speer,50.0,1,name+zip,True
2023,d05377,2023|cand|Nicole Speer,100.0,1,name+zip,True
2023,d05484,2023|cand|Nicole Speer,100.0,1,name+zip,True
2023,d05485,2023|cand|Nicole Speer,25.0,1,name+zip,True
2023,d05498,2023|cand|Nicole Speer,40.0,1,name+zip,False
2023,d05567,2023|cand|Nicole Speer,25.0,1,name+zip,True
2023,d05587,2023|cand|Nicole Speer,25.0,1,name+zip,True
2023,d05633,2023|cand|Nicole Speer,50.0,1,name+zip,True
2023,d05637,2023|cand|Nicole Speer,25.0,1,name+zip,False
2023,d05735,2023|cand|Nicole Speer,100.0,1,name+zip,True
2023,d05782,2023|cand|Nicole Speer,50.0,1,name+zip,True
2023,d05820,2023|cand|Nicole Speer,50.0,1,name+zip,True
2023,d05824,2023|cand|Nicole Speer,18.0,1,name+zip,True
2023,d05932,2023|cand|Nicole Speer,100.0,1,name+zip,True
2023,d05937,2023|cand|Nicole Speer,25.0,1,name+zip,True
2023,d06043,2023|cand|Nicole Speer,100.0,1,name+zip,True
2023,d06077,2023|cand|Nicole Speer,100.0,1,name+zip,True
2023,d06154,2023|cand|Nicole Speer,50.0,1,name+zip,True
2023,d06167,2023|cand|Nicole Speer,100.0,1,name+zip,False
2023,d06219,2023|cand|Nicole Speer,10.0,1,name+zip,True
2023,d06267,2023|cand|Nicole Speer,100.0,2,name+zip,True
2023,d06272,2023|cand|Nicole Speer,100.0,1,name+zip,True
2023,d06280,2023|cand|Nicole Speer,25.0,1,name+zip,True
2023,d06387,2023|cand|Nicole Speer,100.0,1,name+zip,True
2023,d06467,2023|cand|Nicole Speer,25.0,1,name+zip,True
2023,d06472,2023|cand|Nicole Speer,200.0,2,name+zip,True
2023,d06539,2023|cand|Nicole Speer,100.0,1,name+zip,True
2023,d06603,2023|cand|Nicole Speer,50.0,1,name+zip,True
2023,d06608,2023|cand|Nicole Speer,50.0,1,name+zip,False
2023,d06628,2023|cand|Nicole Speer,50.0,1,name+zip,True
2023,d06815,2023|cand|Nicole Speer,25.0,1,name+zip,True
2023,d06833,2023|cand|Nicole Speer,75.0,1,name+zip,True
2023,d06857,2023|cand|Nicole Speer,10.0,1,name+zip,True
2023,d06945,2023|cand|Nicole Speer,100.0,1,name+zip,False
2023,d06967,2023|cand|Nicole Speer,25.0,1,name+zip,False
2023,d06989,2023|cand|Nicole Speer,100.0,1,name+zip,True
2023,d07018,2023|cand|Nicole Speer,100.0,1,name+zip,True
2023,d07058,2023|cand|Nicole Speer,50.0,1,name+zip,True
2023,d07124,2023|cand|Nicole Speer,50.0,1,name+zip,True
2023,d07167,2023|cand|Nicole Speer,100.0,1,name+zip,True
2023,d07188,2023|cand|Nicole Speer,100.0,1,name+zip,True
2023,d07262,2023|cand|Nicole Speer,25.0,1,name+zip,True
2023,d07312,2023|cand|Nicole Speer,100.0,1,name+zip,False
2023,d07323,2023|cand|Nicole Speer,100.0,1,name+zip,True
2023,d07387,2023|cand|Nicole Speer,50.0,1,name+zip,True
2023,d07397,2023|cand|Nicole Speer,100.0,1,name+zip,True
2023,d07439,2023|cand|Nicole Speer,50.0,1,name+zip,True
2023,d07639,2023|cand|Nicole Speer,75.0,1,name+zip,True
2023,d07724,2023|cand|Nicole Speer,100.0,1,name+zip,True
2023,d07797,2023|cand|Nicole Speer,50.0,1,name+zip,True
2023,d07821,2023|cand|Nicole Speer,100.0,1,name+zip,True
2023,d07837,2023|cand|Nicole Speer,25.0,1,name+zip,True
2023,d07847,2023|cand|Nicole Speer,50.0,1,name+zip,True
2023,d07872,2023|cand|Nicole Speer,25.0,1,name+zip,False
2023,d07918,2023|cand|Nicole Speer,100.0,1,name+zip,True
2023,d07922,2023|cand|Nicole Speer,100.0,1,name+zip,True
2023,d07964,2023|cand|Nicole Speer,25.0,1,name+zip,True
2023,d08026,2023|cand|Nicole Speer,100.0,1,name+zip,True
2023,d08072,2023|cand|Nicole Speer,50.0,2,name+zip,True
2023,d08155,2023|cand|Nicole Speer,100.0,1,name+zip,True
2023,d08057,2023|cand|Paul Tweedlie,41.64,1,name+zip,True
2023,d00039,2023|cand|Robert Yates,100.0,1,name+zip,True
2023,d00049,2023|cand|Robert Yates,100.0,1,name+zip,True
2023,d00075,2023|cand|Robert Yates,100.0,1,name+zip,True
2023,d00079,2023|cand|Robert Yates,100.0,1,name+zip,True
2023,d00080,2023|cand|Robert Yates,50.0,1,name+zip,True
2023,d00095,2023|cand|Robert Yates,100.0,1,name+zip,True
2023,d00099,2023|cand|Robert Yates,100.0,1,name+zip,True
2023,d00109,2023|cand|Robert Yates,100.0,1,name+zip,True
2023,d00123,2023|cand|Robert Yates,100.0,1,name+zip,True
2023,d00151,2023|cand|Robert Yates,100.0,1,name+zip,True
2023,d00161,2023|cand|Robert Yates,100.0,1,name+zip,True
2023,d00218,2023|cand|Robert Yates,100.0,1,name+zip,True
2023,d00264,2023|cand|Robert Yates,100.0,1,name+zip,True
2023,d00265,2023|cand|Robert Yates,100.0,1,name+zip,True
2023,d00289,2023|cand|Robert Yates,100.0,1,name+zip,True
2023,d00301,2023|cand|Robert Yates,50.0,1,name+zip,True
2023,d00303,2023|cand|Robert Yates,100.0,1,name+zip,True
2023,d00349,2023|cand|Robert Yates,25.0,1,name+zip,True
2023,d00360,2023|cand|Robert Yates,100.0,1,name+zip,True
2023,d00373,2023|cand|Robert Yates,100.0,2,name+zip,True
2023,d00393,2023|cand|Robert Yates,50.0,1,name+zip,True
2023,d00397,2023|cand|Robert Yates,100.0,1,name+zip,True
2023,d00400,2023|cand|Robert Yates,100.0,1,name+zip,True
2023,d00420,2023|cand|Robert Yates,100.0,1,name+zip,True
2023,d00449,2023|cand|Robert Yates,50.0,1,name+zip,True
2023,d00472,2023|cand|Robert Yates,100.0,1,name+zip,True
2023,d00474,2023|cand|Robert Yates,50.0,1,name+zip,True
2023,d00510,2023|cand|Robert Yates,100.0,1,name+zip,True
2023,d00530,2023|cand|Robert Yates,100.0,1,name+zip,True
2023,d00552,2023|cand|Robert Yates,100.0,1,name+zip,True
2023,d00556,2023|cand|Robert Yates,100.0,1,name+zip,True
2023,d00580,2023|cand|Robert Yates,75.0,1,name+zip,True
2023,d00593,2023|cand|Robert Yates,100.0,1,name+zip,True
2023,d00609,2023|cand|Robert Yates,100.0,1,name+zip,True
2023,d00621,2023|cand|Robert Yates,100.0,1,name+zip,True
2023,d00624,2023|cand|Robert Yates,100.0,1,name+zip,True
2023,d00675,2023|cand|Robert Yates,20.0,1,name+zip,True
2023,d00719,2023|cand|Robert Yates,30.0,1,name+zip,True
2023,d00759,2023|cand|Robert Yates,100.0,1,name+zip,True
2023,d00775,2023|cand|Robert Yates,100.0,1,name+zip,True
2023,d00803,2023|cand|Robert Yates,100.0,1,name+zip,True
2023,d00843,2023|cand|Robert Yates,100.0,1,name+zip,True
2023,d00850,2023|cand|Robert Yates,30.0,1,name+zip,True
2023,d00855,2023|cand|Robert Yates,100.0,1,name+zip,True
2023,d00869,2023|cand|Robert Yates,100.0,1,name+zip,True
2023,d00896,2023|cand|Robert Yates,100.0,1,name+zip,True
2023,d00899,2023|cand|Robert Yates,100.0,1,name+zip,True
2023,d00901,2023|cand|Robert Yates,100.0,1,name+zip,True
2023,d00916,2023|cand|Robert Yates,100.0,1,name+zip,True
2023,d00923,2023|cand|Robert Yates,100.0,1,name+zip,True
2023,d00943,2023|cand|Robert Yates,100.0,1,name+zip,True
2023,d00947,2023|cand|Robert Yates,100.0,1,name+zip,True
2023,d00948,2023|cand|Robert Yates,100.0,1,name+zip,True
2023,d00952,2023|cand|Robert Yates,100.0,1,name+zip,True
2023,d00965,2023|cand|Robert Yates,100.0,1,name+zip,True
2023,d00985,2023|cand|Robert Yates,100.0,1,name+zip,True
2023,d01040,2023|cand|Robert Yates,100.0,1,name+zip,True
2023,d01049,2023|cand|Robert Yates,100.0,1,name+zip,True
2023,d01082,2023|cand|Robert Yates,100.0,1,name+zip,True
2023,d01090,2023|cand|Robert Yates,100.0,1,name+zip,True
2023,d01110,2023|cand|Robert Yates,100.0,1,name+zip,True
2023,d01122,2023|cand|Robert Yates,100.0,1,name+zip,True
2023,d01156,2023|cand|Robert Yates,100.0,1,name+zip,True
2023,d01200,2023|cand|Robert Yates,100.0,1,name+zip,True
2023,d01269,2023|cand|Robert Yates,100.0,1,name+zip,True
2023,d01282,2023|cand|Robert Yates,50.0,1,name+zip,True
2023,d01284,2023|cand|Robert Yates,100.0,1,name+zip,True
2023,d01298,2023|cand|Robert Yates,100.0,1,name+zip,True
2023,d01309,2023|cand|Robert Yates,100.0,1,name+zip,True
2023,d01322,2023|cand|Robert Yates,100.0,1,name+zip,True
2023,d01328,2023|cand|Robert Yates,100.0,1,name+zip,True
2023,d01331,2023|cand|Robert Yates,100.0,1,name+zip,True
2023,d01332,2023|cand|Robert Yates,100.0,1,name+zip,True
2023,d01389,2023|cand|Robert Yates,100.0,1,name+zip,True
2023,d01402,2023|cand|Robert Yates,100.0,1,name+zip,True
2023,d01413,2023|cand|Robert Yates,50.0,1,name+zip,True
2023,d01428,2023|cand|Robert Yates,100.0,1,name+zip,True
2023,d01430,2023|cand|Robert Yates,100.0,1,name+zip,True
2023,d01438,2023|cand|Robert Yates,100.0,1,name+zip,True
2023,d01458,2023|cand|Robert Yates,100.0,1,name+zip,True
2023,d01469,2023|cand|Robert Yates,100.0,1,name+zip,True
2023,d01490,2023|cand|Robert Yates,100.0,1,name+zip,True
2023,d01506,2023|cand|Robert Yates,100.0,1,name+zip,True
2023,d01551,2023|cand|Robert Yates,100.0,1,name+zip,True
2023,d01559,2023|cand|Robert Yates,100.0,1,name+zip,True
2023,d01565,2023|cand|Robert Yates,100.0,1,name+zip,True
2023,d01638,2023|cand|Robert Yates,100.0,1,name+zip,False
2023,d01646,2023|cand|Robert Yates,100.0,1,name+zip,True
2023,d01656,2023|cand|Robert Yates,100.0,1,name+zip,True
2023,d01670,2023|cand|Robert Yates,100.0,1,name+zip,True
2023,d01684,2023|cand|Robert Yates,50.0,1,name+zip,True
2023,d01714,2023|cand|Robert Yates,100.0,1,name+zip,True
2023,d01715,2023|cand|Robert Yates,100.0,1,name+zip,True
2023,d01727,2023|cand|Robert Yates,100.0,1,name+zip,True
2023,d01761,2023|cand|Robert Yates,50.0,1,name+zip,True
2023,d01784,2023|cand|Robert Yates,50.0,1,name+zip,True
2023,d01819,2023|cand|Robert Yates,100.0,1,name+zip,True
2023,d01822,2023|cand|Robert Yates,100.0,1,name+zip,True
2023,d01826,2023|cand|Robert Yates,10.0,1,name+zip,True
2023,d01838,2023|cand|Robert Yates,100.0,1,name+zip,True
2023,d01851,2023|cand|Robert Yates,75.0,1,name+zip,True
2023,d01891,2023|cand|Robert Yates,100.0,1,name+zip,True
2023,d01894,2023|cand|Robert Yates,100.0,1,name+zip,True
2023,d01910,2023|cand|Robert Yates,100.0,1,name+zip,True
2023,d01911,2023|cand|Robert Yates,100.0,1,name+zip,True
2023,d01914,2023|cand|Robert Yates,100.0,1,name+zip,True
2023,d01922,2023|cand|Robert Yates,100.0,1,name+zip,True
2023,d01943,2023|cand|Robert Yates,100.0,1,name+zip,True
2023,d01952,2023|cand|Robert Yates,100.0,1,name+zip,True
2023,d01974,2023|cand|Robert Yates,100.0,1,name+zip,True
2023,d01997,2023|cand|Robert Yates,100.0,1,name+zip,True
2023,d02008,2023|cand|Robert Yates,100.0,1,name+zip,True
2023,d02011,2023|cand|Robert Yates,100.0,1,name+zip,True
2023,d02048,2023|cand|Robert Yates,100.0,1,name+zip,True
2023,d02068,2023|cand|Robert Yates,100.0,1,name+zip,True
2023,d02071,2023|cand|Robert Yates,100.0,1,name+zip,True
2023,d02093,2023|cand|Robert Yates,100.0,1,name+zip,True
2023,d02113,2023|cand|Robert Yates,100.0,1,name+zip,True
2023,d02122,2023|cand|Robert Yates,100.0,1,name+zip,True
2023,d02204,2023|cand|Robert Yates,100.0,1,name+zip,True
2023,d02209,2023|cand|Robert Yates,100.0,1,name+zip,True
2023,d02212,2023|cand|Robert Yates,100.0,1,name+zip,True
2023,d02240,2023|cand|Robert Yates,100.0,1,name+zip,True
2023,d02297,2023|cand|Robert Yates,100.0,1,name+zip,True
2023,d02303,2023|cand|Robert Yates,100.0,1,name+zip,True
2023,d02343,2023|cand|Robert Yates,100.0,1,name+zip,True
2023,d02350,2023|cand|Robert Yates,100.0,1,name+zip,True
2023,d02375,2023|cand|Robert Yates,45.0,1,name+zip,True
2023,d02378,2023|cand|Robert Yates,35.0,1,name+zip,True
2023,d02407,2023|cand|Robert Yates,100.0,1,name+zip,True
2023,d02410,2023|cand|Robert Yates,100.0,1,name+zip,True
2023,d02417,2023|cand|Robert Yates,75.0,1,name+zip,True
2023,d02418,2023|cand|Robert Yates,10.0,1,name+zip,True
2023,d02434,2023|cand|Robert Yates,98.0,1,name+zip,True
2023,d02454,2023|cand|Robert Yates,100.0,1,name+zip,True
2023,d02459,2023|cand|Robert Yates,20.0,1,name+zip,True
2023,d02486,2023|cand|Robert Yates,100.0,1,name+zip,True
2023,d02504,2023|cand|Robert Yates,100.0,1,name+zip,True
2023,d02525,2023|cand|Robert Yates,100.0,1,name+zip,True
2023,d02530,2023|cand|Robert Yates,100.0,1,name+zip,True
2023,d02534,2023|cand|Robert Yates,50.0,1,name+zip,True
2023,d02590,2023|cand|Robert Yates,20.0,1,name+zip,True
2023,d02599,2023|cand|Robert Yates,100.0,1,name+zip,True
2023,d02617,2023|cand|Robert Yates,100.0,1,name+zip,True
2023,d02626,2023|cand|Robert Yates,50.0,1,name+zip,True
2023,d02632,2023|cand|Robert Yates,100.0,1,name+zip,True
2023,d02645,2023|cand|Robert Yates,100.0,1,name+zip,True
2023,d02686,2023|cand|Robert Yates,50.0,1,name+zip,True
2023,d02702,2023|cand|Robert Yates,100.0,1,name+zip,True
2023,d02720,2023|cand|Robert Yates,100.0,1,name+zip,True
2023,d02723,2023|cand|Robert Yates,100.0,1,name+zip,True
2023,d02724,2023|cand|Robert Yates,100.0,1,name+zip,True
2023,d02760,2023|cand|Robert Yates,100.0,1,name+zip,True
2023,d02782,2023|cand|Robert Yates,100.0,1,name+zip,True
2023,d02820,2023|cand|Robert Yates,100.0,1,name+zip,True
2023,d02821,2023|cand|Robert Yates,100.0,1,name+zip,True
2023,d02827,2023|cand|Robert Yates,100.0,1,name+zip,True
2023,d02839,2023|cand|Robert Yates,100.0,1,name+zip,True
2023,d02861,2023|cand|Robert Yates,100.0,1,name+zip,True
2023,d02886,2023|cand|Robert Yates,100.0,1,name+zip,True
2023,d02893,2023|cand|Robert Yates,100.0,1,name+zip,True
2023,d02895,2023|cand|Robert Yates,100.0,1,name+zip,True
2023,d02944,2023|cand|Robert Yates,100.0,1,name+zip,True
2023,d02946,2023|cand|Robert Yates,100.0,1,name+zip,True
2023,d02967,2023|cand|Robert Yates,100.0,1,name+zip,True
2023,d03005,2023|cand|Robert Yates,100.0,1,name+zip,True
2023,d03017,2023|cand|Robert Yates,100.0,1,name+zip,True
2023,d03032,2023|cand|Robert Yates,100.0,1,name+zip,True
2023,d03048,2023|cand|Robert Yates,100.0,1,name+zip,True
2023,d03056,2023|cand|Robert Yates,100.0,1,name+zip,True
2023,d03073,2023|cand|Robert Yates,100.0,1,name+zip,True
2023,d03103,2023|cand|Robert Yates,25.0,1,name+zip,True
2023,d03130,2023|cand|Robert Yates,100.0,1,name+zip,True
2023,d03167,2023|cand|Robert Yates,100.0,1,name+zip,True
2023,d03194,2023|cand|Robert Yates,100.0,1,name+zip,True
2023,d03205,2023|cand|Robert Yates,25.0,1,name+zip,True
2023,d03371,2023|cand|Robert Yates,50.0,1,name+zip,True
2023,d03382,2023|cand|Robert Yates,100.0,1,name+zip,True
2023,d03409,2023|cand|Robert Yates,100.0,1,name+zip,True
2023,d03412,2023|cand|Robert Yates,100.0,1,name+zip,True
2023,d03446,2023|cand|Robert Yates,100.0,1,name+zip,True
2023,d03454,2023|cand|Robert Yates,100.0,1,name+zip,True
2023,d03460,2023|cand|Robert Yates,50.0,1,name+zip,True
2023,d03469,2023|cand|Robert Yates,100.0,1,name+zip,True
2023,d03471,2023|cand|Robert Yates,100.0,1,name+zip,True
2023,d03476,2023|cand|Robert Yates,100.0,1,name+zip,True
2023,d03538,2023|cand|Robert Yates,50.0,1,name+zip,True
2023,d03578,2023|cand|Robert Yates,100.0,1,name+zip,True
2023,d03579,2023|cand|Robert Yates,100.0,1,name+zip,True
2023,d03616,2023|cand|Robert Yates,100.0,1,name+zip,True
2023,d03619,2023|cand|Robert Yates,100.0,1,name+zip,True
2023,d03628,2023|cand|Robert Yates,100.0,1,name+zip,True
2023,d03635,2023|cand|Robert Yates,100.0,1,name+zip,True
2023,d03638,2023|cand|Robert Yates,100.0,1,name+zip,True
2023,d03639,2023|cand|Robert Yates,100.0,1,name+zip,True
2023,d03664,2023|cand|Robert Yates,100.0,1,name+zip,True
2023,d03677,2023|cand|Robert Yates,100.0,1,name+zip,True
2023,d03700,2023|cand|Robert Yates,100.0,1,name+zip,True
2023,d03715,2023|cand|Robert Yates,100.0,1,name+zip,True
2023,d03721,2023|cand|Robert Yates,100.0,1,name+zip,True
2023,d03766,2023|cand|Robert Yates,100.0,1,name+zip,True
2023,d03769,2023|cand|Robert Yates,100.0,1,name+zip,True
2023,d03788,2023|cand|Robert Yates,100.0,1,name+zip,True
2023,d03812,2023|cand|Robert Yates,100.0,1,name+zip,True
2023,d03827,2023|cand|Robert Yates,100.0,1,name+zip,True
2023,d03863,2023|cand|Robert Yates,100.0,1,name+zip,True
2023,d03895,2023|cand|Robert Yates,100.0,1,name+zip,True
2023,d03957,2023|cand|Robert Yates,100.0,1,name+zip,True
2023,d03976,2023|cand|Robert Yates,100.0,1,name+zip,True
2023,d03984,2023|cand|Robert Yates,100.0,1,name+zip,True
2023,d03988,2023|cand|Robert Yates,50.0,1,name+zip,True
2023,d04021,2023|cand|Robert Yates,100.0,1,name+zip,True
2023,d04025,2023|cand|Robert Yates,100.0,1,name+zip,True
2023,d04044,2023|cand|Robert Yates,75.0,1,name+zip,True
2023,d04076,2023|cand|Robert Yates,70.0,1,name+zip,True
2023,d04115,2023|cand|Robert Yates,100.0,1,name+zip,True
2023,d04120,2023|cand|Robert Yates,100.0,1,name+zip,True
2023,d04122,2023|cand|Robert Yates,50.0,1,name+zip,True
2023,d04155,2023|cand|Robert Yates,100.0,1,name+zip,True
2023,d04169,2023|cand|Robert Yates,100.0,1,name+zip,True
2023,d04183,2023|cand|Robert Yates,100.0,1,name+zip,True
2023,d04199,2023|cand|Robert Yates,100.0,1,name+zip,True
2023,d04200,2023|cand|Robert Yates,100.0,1,name+zip,True
2023,d04219,2023|cand|Robert Yates,100.0,1,name+zip,True
2023,d04267,2023|cand|Robert Yates,100.0,1,name+zip,True
2023,d04301,2023|cand|Robert Yates,25.0,1,name+zip,True
2023,d04391,2023|cand|Robert Yates,50.0,1,name+zip,True
2023,d04467,2023|cand|Robert Yates,100.0,1,name+zip,True
2023,d04550,2023|cand|Robert Yates,100.0,1,name+zip,True
2023,d04595,2023|cand|Robert Yates,100.0,1,name+zip,True
2023,d04652,2023|cand|Robert Yates,100.0,1,name+zip,True
2023,d04673,2023|cand|Robert Yates,100.0,1,name+zip,True
2023,d04683,2023|cand|Robert Yates,100.0,1,name+zip,True
2023,d04710,2023|cand|Robert Yates,50.0,1,name+zip,True
2023,d04715,2023|cand|Robert Yates,100.0,1,name+zip,True
2023,d04726,2023|cand|Robert Yates,100.0,1,name+zip,True
2023,d04739,2023|cand|Robert Yates,100.0,1,name+zip,True
2023,d04765,2023|cand|Robert Yates,100.0,1,name+zip,True
2023,d04793,2023|cand|Robert Yates,100.0,1,name+zip,True
2023,d04809,2023|cand|Robert Yates,100.0,1,name+zip,True
2023,d04828,2023|cand|Robert Yates,100.0,1,name+zip,True
2023,d04834,2023|cand|Robert Yates,100.0,1,name+zip,True
2023,d04872,2023|cand|Robert Yates,100.0,1,name+zip,True
2023,d04873,2023|cand|Robert Yates,100.0,1,name+zip,True
2023,d04903,2023|cand|Robert Yates,100.0,1,name+zip,True
2023,d04907,2023|cand|Robert Yates,100.0,1,name+zip,True
2023,d04910,2023|cand|Robert Yates,100.0,1,name+zip,True
2023,d04923,2023|cand|Robert Yates,100.0,1,name+zip,True
2023,d04940,2023|cand|Robert Yates,100.0,1,name+zip,True
2023,d04942,2023|cand|Robert Yates,50.0,1,name+zip,True
2023,d04967,2023|cand|Robert Yates,100.0,1,name+zip,True
2023,d04974,2023|cand|Robert Yates,100.0,1,name+zip,True
2023,d05029,2023|cand|Robert Yates,100.0,1,name+zip,True
2023,d05034,2023|cand|Robert Yates,100.0,1,name+zip,True
2023,d05059,2023|cand|Robert Yates,100.0,1,name+zip,True
2023,d05063,2023|cand|Robert Yates,100.0,1,name+zip,True
2023,d05065,2023|cand|Robert Yates,20.0,1,name+zip,True
2023,d05072,2023|cand|Robert Yates,100.0,1,name+zip,True
2023,d05091,2023|cand|Robert Yates,50.0,1,name+zip,True
2023,d05101,2023|cand|Robert Yates,100.0,1,name+zip,True
2023,d05108,2023|cand|Robert Yates,100.0,1,name+zip,True
2023,d05117,2023|cand|Robert Yates,100.0,1,name+zip,True
2023,d05225,2023|cand|Robert Yates,50.0,1,name+zip,True
2023,d05234,2023|cand|Robert Yates,100.0,1,name+zip,True
2023,d05242,2023|cand|Robert Yates,100.0,1,name+zip,True
2023,d05247,2023|cand|Robert Yates,70.0,1,name+zip,True
2023,d05253,2023|cand|Robert Yates,100.0,1,name+zip,True
2023,d05278,2023|cand|Robert Yates,100.0,1,name+zip,True
2023,d05386,2023|cand|Robert Yates,100.0,1,name+zip,True
2023,d05388,2023|cand|Robert Yates,50.0,1,name+zip,True
2023,d05420,2023|cand|Robert Yates,100.0,1,name+zip,True
2023,d05429,2023|cand|Robert Yates,100.0,1,name+zip,True
2023,d05436,2023|cand|Robert Yates,100.0,1,name+zip,True
2023,d05468,2023|cand|Robert Yates,25.0,1,name+zip,True
2023,d05473,2023|cand|Robert Yates,100.0,1,name+zip,True
2023,d05505,2023|cand|Robert Yates,100.0,1,name+zip,True
2023,d05515,2023|cand|Robert Yates,100.0,1,name+zip,True
2023,d05536,2023|cand|Robert Yates,100.0,1,name+zip,True
2023,d05550,2023|cand|Robert Yates,100.0,1,name+zip,True
2023,d05565,2023|cand|Robert Yates,100.0,1,name+zip,True
2023,d05589,2023|cand|Robert Yates,100.0,1,name+zip,True
2023,d05602,2023|cand|Robert Yates,100.0,1,name+zip,True
2023,d05609,2023|cand|Robert Yates,100.0,1,name+zip,True
2023,d05630,2023|cand|Robert Yates,25.0,1,name+zip,True
2023,d05632,2023|cand|Robert Yates,50.0,1,name+zip,True
2023,d05647,2023|cand|Robert Yates,100.0,1,name+zip,True
2023,d05649,2023|cand|Robert Yates,100.0,1,name+zip,True
2023,d05655,2023|cand|Robert Yates,100.0,1,name+zip,True
2023,d05695,2023|cand|Robert Yates,100.0,1,name+zip,True
2023,d05745,2023|cand|Robert Yates,99.99,1,name+zip,True
2023,d05754,2023|cand|Robert Yates,100.0,1,name+zip,True
2023,d05761,2023|cand|Robert Yates,100.0,1,name+zip,True
2023,d05807,2023|cand|Robert Yates,100.0,1,name+zip,True
2023,d05812,2023|cand|Robert Yates,100.0,1,name+zip,True
2023,d05877,2023|cand|Robert Yates,100.0,1,name+zip,True
2023,d05878,2023|cand|Robert Yates,100.0,1,name+zip,True
2023,d05880,2023|cand|Robert Yates,100.0,1,name+zip,True
2023,d05902,2023|cand|Robert Yates,100.0,1,name+zip,True
2023,d05917,2023|cand|Robert Yates,25.0,1,name+zip,True
2023,d05961,2023|cand|Robert Yates,25.0,1,name+zip,True
2023,d05985,2023|cand|Robert Yates,100.0,1,name+zip,True
2023,d06015,2023|cand|Robert Yates,100.0,1,name+zip,True
2023,d06020,2023|cand|Robert Yates,100.0,1,name+zip,True
2023,d06028,2023|cand|Robert Yates,100.0,1,name+zip,True
2023,d06038,2023|cand|Robert Yates,100.0,1,name+zip,True
2023,d06045,2023|cand|Robert Yates,100.0,1,name+zip,True
2023,d06058,2023|cand|Robert Yates,100.0,1,name+zip,True
2023,d06078,2023|cand|Robert Yates,100.0,1,name+zip,True
2023,d06081,2023|cand|Robert Yates,50.0,1,name+zip,True
2023,d06087,2023|cand|Robert Yates,50.0,1,name+zip,True
2023,d06093,2023|cand|Robert Yates,100.0,1,name+zip,True
2023,d06096,2023|cand|Robert Yates,100.0,1,name+zip,True
2023,d06129,2023|cand|Robert Yates,50.0,1,name+zip,True
2023,d06140,2023|cand|Robert Yates,100.0,1,name+zip,True
2023,d06163,2023|cand|Robert Yates,100.0,1,name+zip,True
2023,d06198,2023|cand|Robert Yates,100.0,1,name+zip,True
2023,d06228,2023|cand|Robert Yates,100.0,1,name+zip,True
2023,d06283,2023|cand|Robert Yates,100.0,1,name+zip,True
2023,d06300,2023|cand|Robert Yates,100.0,1,name+zip,True
2023,d06316,2023|cand|Robert Yates,100.0,1,name+zip,True
2023,d06321,2023|cand|Robert Yates,50.0,1,name+zip,True
2023,d06337,2023|cand|Robert Yates,100.0,1,name+zip,True
2023,d06360,2023|cand|Robert Yates,100.0,1,name+zip,True
2023,d06361,2023|cand|Robert Yates,100.0,1,name+zip,True
2023,d06368,2023|cand|Robert Yates,100.0,1,name+zip,True
2023,d06390,2023|cand|Robert Yates,100.0,1,name+zip,True
2023,d06445,2023|cand|Robert Yates,25.0,1,name+zip,True
2023,d06484,2023|cand|Robert Yates,100.0,1,name+zip,True
2023,d06560,2023|cand|Robert Yates,100.0,1,name+zip,True
2023,d06571,2023|cand|Robert Yates,100.0,1,name+zip,True
2023,d06573,2023|cand|Robert Yates,100.0,1,name+zip,True
2023,d06578,2023|cand|Robert Yates,100.0,1,name+zip,True
2023,d06580,2023|cand|Robert Yates,100.0,1,name+zip,True
2023,d06584,2023|cand|Robert Yates,20.0,1,name+zip,True
2023,d06589,2023|cand|Robert Yates,100.0,1,name+zip,True
2023,d06623,2023|cand|Robert Yates,100.0,1,name+zip,True
2023,d06667,2023|cand|Robert Yates,100.0,1,name+zip,True
2023,d06676,2023|cand|Robert Yates,100.0,1,name+zip,True
2023,d06678,2023|cand|Robert Yates,25.0,1,name+zip,True
2023,d06686,2023|cand|Robert Yates,100.0,1,name+zip,True
2023,d06695,2023|cand|Robert Yates,100.0,1,name+zip,True
2023,d06718,2023|cand|Robert Yates,75.0,1,name+zip,True
2023,d06726,2023|cand|Robert Yates,100.0,1,name+zip,True
2023,d06729,2023|cand|Robert Yates,100.0,1,name+zip,True
2023,d06737,2023|cand|Robert Yates,100.0,1,name+zip,True
2023,d06743,2023|cand|Robert Yates,100.0,1,name+zip,True
2023,d06799,2023|cand|Robert Yates,100.0,1,name+zip,True
2023,d06808,2023|cand|Robert Yates,50.0,1,name+zip,True
2023,d06839,2023|cand|Robert Yates,100.0,1,name+zip,True
2023,d06847,2023|cand|Robert Yates,100.0,1,name+zip,True
2023,d06909,2023|cand|Robert Yates,100.0,1,name+zip,True
2023,d06916,2023|cand|Robert Yates,100.0,1,name+zip,True
2023,d06955,2023|cand|Robert Yates,100.0,1,name+zip,True
2023,d06971,2023|cand|Robert Yates,100.0,1,name+zip,True
2023,d07003,2023|cand|Robert Yates,30.0,1,name+zip,True
2023,d07007,2023|cand|Robert Yates,100.0,1,name+zip,True
2023,d07026,2023|cand|Robert Yates,50.0,1,name+zip,True
2023,d07048,2023|cand|Robert Yates,100.0,1,name+zip,True
2023,d07055,2023|cand|Robert Yates,100.0,1,name+zip,True
2023,d07067,2023|cand|Robert Yates,100.0,1,name+zip,True
2023,d07082,2023|cand|Robert Yates,100.0,1,name+zip,True
2023,d07093,2023|cand|Robert Yates,100.0,1,name+zip,True
2023,d07100,2023|cand|Robert Yates,100.0,1,name+zip,True
2023,d07117,2023|cand|Robert Yates,50.0,1,name+zip,True
2023,d07131,2023|cand|Robert Yates,100.0,1,name+zip,True
2023,d07142,2023|cand|Robert Yates,100.0,1,name+zip,True
2023,d07146,2023|cand|Robert Yates,50.0,1,name+zip,True
2023,d07147,2023|cand|Robert Yates,100.0,1,name+zip,True
2023,d07191,2023|cand|Robert Yates,100.0,1,name+zip,True
2023,d07196,2023|cand|Robert Yates,100.0,1,name+zip,True
2023,d07223,2023|cand|Robert Yates,100.0,1,name+zip,True
2023,d07231,2023|cand|Robert Yates,100.0,1,name+zip,True
2023,d07243,2023|cand|Robert Yates,50.0,1,name+zip,True
2023,d07295,2023|cand|Robert Yates,100.0,1,name+zip,True
2023,d07332,2023|cand|Robert Yates,100.0,1,name+zip,True
2023,d07349,2023|cand|Robert Yates,50.0,1,name+zip,True
2023,d07380,2023|cand|Robert Yates,100.0,1,name+zip,True
2023,d07393,2023|cand|Robert Yates,50.0,1,name+zip,True
2023,d07407,2023|cand|Robert Yates,100.0,1,name+zip,True
2023,d07466,2023|cand|Robert Yates,100.0,1,name+zip,True
2023,d07468,2023|cand|Robert Yates,100.0,1,name+zip,True
2023,d07533,2023|cand|Robert Yates,100.0,1,name+zip,True
2023,d07548,2023|cand|Robert Yates,100.0,1,name+zip,True
2023,d07553,2023|cand|Robert Yates,100.0,1,name+zip,True
2023,d07635,2023|cand|Robert Yates,100.0,1,name+zip,True
2023,d07642,2023|cand|Robert Yates,100.0,1,name+zip,True
2023,d07658,2023|cand|Robert Yates,50.0,1,name+zip,True
2023,d07677,2023|cand|Robert Yates,36.0,1,name+zip,True
2023,d07725,2023|cand|Robert Yates,50.0,1,name+zip,True
2023,d07734,2023|cand|Robert Yates,100.0,1,name+zip,True
2023,d07764,2023|cand|Robert Yates,100.0,1,name+zip,True
2023,d07767,2023|cand|Robert Yates,100.0,1,name+zip,True
2023,d07779,2023|cand|Robert Yates,100.0,1,name+zip,True
2023,d07794,2023|cand|Robert Yates,100.0,1,name+zip,True
2023,d07799,2023|cand|Robert Yates,100.0,1,name+zip,True
2023,d07802,2023|cand|Robert Yates,100.0,1,name+zip,True
2023,d07805,2023|cand|Robert Yates,100.0,1,name+zip,True
2023,d07830,2023|cand|Robert Yates,100.0,1,name+zip,True
2023,d07907,2023|cand|Robert Yates,70.0,1,name+zip,True
2023,d07988,2023|cand|Robert Yates,100.0,1,name+zip,True
2023,d07994,2023|cand|Robert Yates,50.0,1,name+zip,True
2023,d08002,2023|cand|Robert Yates,50.0,1,name+zip,True
2023,d08009,2023|cand|Robert Yates,50.0,1,name+zip,True
2023,d08020,2023|cand|Robert Yates,100.0,1,name+zip,True
2023,d08054,2023|cand|Robert Yates,100.0,1,name+zip,True
2023,d08063,2023|cand|Robert Yates,100.0,1,name+zip,True
2023,d08102,2023|cand|Robert Yates,100.0,1,name+zip,True
2023,d08106,2023|cand|Robert Yates,50.0,1,name+zip,True
2023,d08112,2023|cand|Robert Yates,100.0,1,name+zip,True
2023,d08120,2023|cand|Robert Yates,100.0,1,name+zip,True
2023,d00076,2023|cand|Ryan Schuchard,50.0,1,name+zip,True
2023,d00078,2023|cand|Ryan Schuchard,25.0,1,name+zip,True
2023,d00097,2023|cand|Ryan Schuchard,25.0,1,name+zip,True
2023,d00120,2023|cand|Ryan Schuchard,100.0,1,name+zip,True
2023,d00129,2023|cand|Ryan Schuchard,50.0,1,name+zip,True
2023,d00145,2023|cand|Ryan Schuchard,100.0,1,name+zip,True
2023,d00149,2023|cand|Ryan Schuchard,100.0,1,name+zip,True
2023,d00238,2023|cand|Ryan Schuchard,100.0,1,name+zip,True
2023,d00413,2023|cand|Ryan Schuchard,20.0,1,name+zip,True
2023,d00590,2023|cand|Ryan Schuchard,100.0,1,name+zip,True
2023,d00629,2023|cand|Ryan Schuchard,100.0,1,name+zip,True
2023,d00784,2023|cand|Ryan Schuchard,50.0,1,name+zip,True
2023,d00836,2023|cand|Ryan Schuchard,100.0,1,name+zip,True
2023,d00838,2023|cand|Ryan Schuchard,100.0,1,name+zip,True
2023,d00966,2023|cand|Ryan Schuchard,100.0,1,name+zip,True
2023,d01077,2023|cand|Ryan Schuchard,100.0,1,name+zip,True
2023,d01078,2023|cand|Ryan Schuchard,100.0,1,name+zip,True
2023,d01174,2023|cand|Ryan Schuchard,80.0,1,name+zip,True
2023,d01177,2023|cand|Ryan Schuchard,100.0,1,name+zip,True
2023,d01250,2023|cand|Ryan Schuchard,100.0,1,name+zip,True
2023,d01253,2023|cand|Ryan Schuchard,25.0,1,name+zip,True
2023,d01283,2023|cand|Ryan Schuchard,100.0,1,name+zip,True
2023,d01300,2023|cand|Ryan Schuchard,25.0,1,name+zip,True
2023,d01367,2023|cand|Ryan Schuchard,25.0,1,name+zip,True
2023,d01445,2023|cand|Ryan Schuchard,100.0,1,name+zip,True
2023,d01468,2023|cand|Ryan Schuchard,100.0,1,name+zip,True
2023,d01577,2023|cand|Ryan Schuchard,100.0,1,name+zip,True
2023,d01641,2023|cand|Ryan Schuchard,50.0,1,name+zip,True
2023,d01645,2023|cand|Ryan Schuchard,50.0,1,name+zip,True
2023,d01663,2023|cand|Ryan Schuchard,100.0,1,name+zip,True
2023,d01671,2023|cand|Ryan Schuchard,100.0,1,name+zip,True
2023,d01726,2023|cand|Ryan Schuchard,100.0,1,name+zip,True
2023,d01743,2023|cand|Ryan Schuchard,100.0,1,name+zip,True
2023,d01769,2023|cand|Ryan Schuchard,25.0,1,name+zip,True
2023,d01817,2023|cand|Ryan Schuchard,100.0,1,name+zip,True
2023,d01898,2023|cand|Ryan Schuchard,100.0,1,name+zip,True
2023,d01935,2023|cand|Ryan Schuchard,100.0,1,name+zip,True
2023,d01968,2023|cand|Ryan Schuchard,100.0,1,name+zip,True
2023,d01990,2023|cand|Ryan Schuchard,100.0,1,name+zip,True
2023,d02004,2023|cand|Ryan Schuchard,100.0,1,name+zip,True
2023,d02135,2023|cand|Ryan Schuchard,50.0,1,name+zip,True
2023,d02155,2023|cand|Ryan Schuchard,100.0,1,name+zip,True
2023,d02214,2023|cand|Ryan Schuchard,50.0,1,name+zip,True
2023,d02223,2023|cand|Ryan Schuchard,100.0,1,name+zip,True
2023,d02254,2023|cand|Ryan Schuchard,100.0,1,name+zip,True
2023,d02269,2023|cand|Ryan Schuchard,100.0,1,name+zip,True
2023,d02336,2023|cand|Ryan Schuchard,100.0,1,name+zip,True
2023,d02406,2023|cand|Ryan Schuchard,50.0,1,name+zip,True
2023,d02412,2023|cand|Ryan Schuchard,100.0,1,name+zip,True
2023,d02469,2023|cand|Ryan Schuchard,50.0,1,name+zip,True
2023,d02470,2023|cand|Ryan Schuchard,50.0,1,name+zip,True
2023,d02607,2023|cand|Ryan Schuchard,100.0,1,name+zip,True
2023,d02677,2023|cand|Ryan Schuchard,100.0,1,name+zip,True
2023,d02738,2023|cand|Ryan Schuchard,100.0,1,name+zip,True
2023,d02830,2023|cand|Ryan Schuchard,25.0,1,name+zip,True
2023,d02843,2023|cand|Ryan Schuchard,10.0,1,name+zip,True
2023,d03027,2023|cand|Ryan Schuchard,25.0,1,name+zip,True
2023,d03104,2023|cand|Ryan Schuchard,75.0,1,name+zip,True
2023,d03114,2023|cand|Ryan Schuchard,50.0,1,name+zip,True
2023,d03203,2023|cand|Ryan Schuchard,50.0,1,name+zip,True
2023,d03251,2023|cand|Ryan Schuchard,100.0,1,name+zip,True
2023,d03265,2023|cand|Ryan Schuchard,20.0,1,name+zip,True
2023,d03316,2023|cand|Ryan Schuchard,100.0,1,name+zip,True
2023,d03529,2023|cand|Ryan Schuchard,100.0,1,name+zip,True
2023,d03665,2023|cand|Ryan Schuchard,50.0,1,name+zip,True
2023,d03667,2023|cand|Ryan Schuchard,100.0,1,name+zip,True
2023,d03800,2023|cand|Ryan Schuchard,100.0,1,name+zip,True
2023,d03913,2023|cand|Ryan Schuchard,100.0,1,name+zip,True
2023,d03926,2023|cand|Ryan Schuchard,100.0,1,name+zip,True
2023,d04055,2023|cand|Ryan Schuchard,10.0,1,name+zip,True
2023,d04084,2023|cand|Ryan Schuchard,25.0,1,name+zip,True
2023,d04191,2023|cand|Ryan Schuchard,100.0,1,name+zip,True
2023,d04211,2023|cand|Ryan Schuchard,100.0,1,name+zip,True
2023,d04270,2023|cand|Ryan Schuchard,100.0,1,name+zip,True
2023,d04294,2023|cand|Ryan Schuchard,100.0,1,name+zip,True
2023,d04345,2023|cand|Ryan Schuchard,100.0,1,name+zip,True
2023,d04365,2023|cand|Ryan Schuchard,50.0,1,name+zip,True
2023,d04440,2023|cand|Ryan Schuchard,100.0,1,name+zip,True
2023,d04547,2023|cand|Ryan Schuchard,100.0,1,name+zip,True
2023,d04598,2023|cand|Ryan Schuchard,50.0,1,name+zip,True
2023,d04605,2023|cand|Ryan Schuchard,10.0,1,name+zip,True
2023,d04667,2023|cand|Ryan Schuchard,100.0,1,name+zip,True
2023,d04672,2023|cand|Ryan Schuchard,50.0,1,name+zip,True
2023,d04702,2023|cand|Ryan Schuchard,100.0,1,name+zip,True
2023,d04737,2023|cand|Ryan Schuchard,25.0,1,name+zip,True
2023,d04806,2023|cand|Ryan Schuchard,50.0,1,name+zip,True
2023,d04989,2023|cand|Ryan Schuchard,100.0,1,name+zip,True
2023,d05055,2023|cand|Ryan Schuchard,25.0,1,name+zip,True
2023,d05057,2023|cand|Ryan Schuchard,100.0,1,name+zip,True
2023,d05094,2023|cand|Ryan Schuchard,100.0,1,name+zip,True
2023,d05145,2023|cand|Ryan Schuchard,25.0,1,name+zip,True
2023,d05146,2023|cand|Ryan Schuchard,50.0,1,name+zip,False
2023,d05206,2023|cand|Ryan Schuchard,100.0,1,name+zip,True
2023,d05214,2023|cand|Ryan Schuchard,100.0,1,name+zip,True
2023,d05231,2023|cand|Ryan Schuchard,100.0,1,name+zip,True
2023,d05254,2023|cand|Ryan Schuchard,100.0,1,name+zip,True
2023,d05343,2023|cand|Ryan Schuchard,25.0,1,name+zip,True
2023,d05360,2023|cand|Ryan Schuchard,100.0,1,name+zip,True
2023,d05377,2023|cand|Ryan Schuchard,25.0,1,name+zip,True
2023,d05384,2023|cand|Ryan Schuchard,100.0,1,name+zip,True
2023,d05433,2023|cand|Ryan Schuchard,100.0,1,name+zip,True
2023,d05485,2023|cand|Ryan Schuchard,70.0,2,name+zip,True
2023,d05486,2023|cand|Ryan Schuchard,100.0,1,name+zip,True
2023,d05551,2023|cand|Ryan Schuchard,100.0,1,name+zip,True
2023,d05559,2023|cand|Ryan Schuchard,100.0,1,name+zip,True
2023,d05782,2023|cand|Ryan Schuchard,25.0,1,name+zip,True
2023,d05839,2023|cand|Ryan Schuchard,100.0,1,name+zip,True
2023,d05896,2023|cand|Ryan Schuchard,100.0,1,name+zip,True
2023,d06062,2023|cand|Ryan Schuchard,50.0,1,name+zip,True
2023,d06153,2023|cand|Ryan Schuchard,50.0,1,name+zip,True
2023,d06334,2023|cand|Ryan Schuchard,100.0,1,name+zip,True
2023,d06354,2023|cand|Ryan Schuchard,50.0,2,name+zip,True
2023,d06364,2023|cand|Ryan Schuchard,50.0,1,name+zip,True
2023,d06382,2023|cand|Ryan Schuchard,50.0,1,name+zip,True
2023,d06440,2023|cand|Ryan Schuchard,100.0,1,name+zip,True
2023,d06603,2023|cand|Ryan Schuchard,50.0,1,name+zip,True
2023,d06621,2023|cand|Ryan Schuchard,100.0,1,name+zip,True
2023,d06643,2023|cand|Ryan Schuchard,100.0,1,name+zip,True
2023,d06660,2023|cand|Ryan Schuchard,100.0,1,name+zip,True
2023,d06668,2023|cand|Ryan Schuchard,100.0,1,name+zip,True
2023,d06989,2023|cand|Ryan Schuchard,100.0,1,name+zip,True
2023,d07078,2023|cand|Ryan Schuchard,50.0,1,name+zip,True
2023,d07092,2023|cand|Ryan Schuchard,50.0,1,name+zip,True
2023,d07121,2023|cand|Ryan Schuchard,100.0,1,name+zip,True
2023,d07147,2023|cand|Ryan Schuchard,100.0,1,name+zip,True
2023,d07185,2023|cand|Ryan Schuchard,100.0,1,name+zip,True
2023,d07205,2023|cand|Ryan Schuchard,100.0,1,name+zip,True
2023,d07217,2023|cand|Ryan Schuchard,25.0,1,name+zip,True
2023,d07262,2023|cand|Ryan Schuchard,25.0,1,name+zip,True
2023,d07269,2023|cand|Ryan Schuchard,100.0,1,name+zip,True
2023,d07308,2023|cand|Ryan Schuchard,100.0,1,name+zip,True
2023,d07382,2023|cand|Ryan Schuchard,100.0,1,name+zip,True
2023,d07454,2023|cand|Ryan Schuchard,50.0,1,name+zip,True
2023,d07540,2023|cand|Ryan Schuchard,100.0,1,name+zip,True
2023,d07554,2023|cand|Ryan Schuchard,100.0,1,name+zip,True
2023,d07561,2023|cand|Ryan Schuchard,50.0,1,name+zip,True
2023,d07657,2023|cand|Ryan Schuchard,25.0,1,name+zip,True
2023,d07695,2023|cand|Ryan Schuchard,50.0,1,name+zip,True
2023,d07770,2023|cand|Ryan Schuchard,100.0,1,name+zip,True
2023,d07964,2023|cand|Ryan Schuchard,10.0,1,name+zip,True
2023,d07983,2023|cand|Ryan Schuchard,100.0,1,name+zip,True
2023,d08013,2023|cand|Ryan Schuchard,100.0,1,name+zip,True
2023,d08037,2023|cand|Ryan Schuchard,100.0,1,name+zip,True
2023,d08084,2023|cand|Ryan Schuchard,50.0,1,name+zip,True
2023,d08152,2023|cand|Ryan Schuchard,50.0,1,name+zip,True
2023,d08155,2023|cand|Ryan Schuchard,100.0,1,name+zip,True
2023,d00130,2023|cand|Silas Atkins,54.0,1,name+zip,True
2023,d00216,2023|cand|Silas Atkins,100.0,1,name+zip,True
2023,d00737,2023|cand|Silas Atkins,100.0,1,name+zip,True
2023,d00857,2023|cand|Silas Atkins,35.78,2,name+zip,True
2023,d01678,2023|cand|Silas Atkins,100.0,1,name+zip,True
2023,d01792,2023|cand|Silas Atkins,20.0,1,name+zip,True
2023,d02004,2023|cand|Silas Atkins,100.0,1,name+zip,True
2023,d02133,2023|cand|Silas Atkins,100.0,1,name+zip,True
2023,d02622,2023|cand|Silas Atkins,50.0,1,name+zip,True
2023,d02978,2023|cand|Silas Atkins,100.0,1,name+zip,False
2023,d03273,2023|cand|Silas Atkins,50.0,1,name+zip,True
2023,d04365,2023|cand|Silas Atkins,50.0,1,name+zip,True
2023,d04906,2023|cand|Silas Atkins,10.0,1,name+zip,True
2023,d05094,2023|cand|Silas Atkins,100.0,1,name+zip,True
2023,d05103,2023|cand|Silas Atkins,25.0,1,name+zip,True
2023,d05110,2023|cand|Silas Atkins,100.0,1,name+zip,True
2023,d05357,2023|cand|Silas Atkins,50.0,1,name+zip,True
2023,d05377,2023|cand|Silas Atkins,25.0,1,name+zip,True
2023,d06467,2023|cand|Silas Atkins,25.0,1,name+zip,True
2023,d06592,2023|cand|Silas Atkins,100.0,1,name+zip,True
2023,d07167,2023|cand|Silas Atkins,100.0,1,name+zip,True
2023,d00043,2023|cand|Taishya Adams,25.0,1,name+zip,True
2023,d00076,2023|cand|Taishya Adams,25.0,1,name+zip,True
2023,d00078,2023|cand|Taishya Adams,25.0,1,name+zip,True
2023,d00093,2023|cand|Taishya Adams,100.0,1,name+zip,True
2023,d00097,2023|cand|Taishya Adams,25.0,1,name+zip,True
2023,d00116,2023|cand|Taishya Adams,25.0,1,name+zip,True
2023,d00127,2023|cand|Taishya Adams,90.0,2,name+zip,True
2023,d00152,2023|cand|Taishya Adams,100.0,1,name+zip,True
2023,d00217,2023|cand|Taishya Adams,25.0,1,name+zip,True
2023,d00237,2023|cand|Taishya Adams,20.0,1,name+zip,True
2023,d00276,2023|cand|Taishya Adams,100.0,1,name+zip,True
2023,d00305,2023|cand|Taishya Adams,25.0,1,name+zip,True
2023,d00369,2023|cand|Taishya Adams,100.0,1,name+zip,True
2023,d00563,2023|cand|Taishya Adams,50.0,1,name+zip,True
2023,d00595,2023|cand|Taishya Adams,100.0,1,name+zip,True
2023,d00668,2023|cand|Taishya Adams,25.0,1,name+zip,True
2023,d00681,2023|cand|Taishya Adams,100.0,1,name+zip,True
2023,d00753,2023|cand|Taishya Adams,25.0,1,name+zip,True
2023,d00760,2023|cand|Taishya Adams,50.0,1,name+zip,True
2023,d00791,2023|cand|Taishya Adams,50.0,1,name+zip,True
2023,d00912,2023|cand|Taishya Adams,100.0,1,name+zip,True
2023,d00931,2023|cand|Taishya Adams,25.0,1,name+zip,True
2023,d00972,2023|cand|Taishya Adams,100.0,1,name+zip,True
2023,d00984,2023|cand|Taishya Adams,50.0,1,name+zip,True
2023,d01001,2023|cand|Taishya Adams,100.0,1,name+zip,True
2023,d01121,2023|cand|Taishya Adams,50.0,1,name+zip,True
2023,d01208,2023|cand|Taishya Adams,20.0,1,name+zip,True
2023,d01231,2023|cand|Taishya Adams,25.0,1,name+zip,True
2023,d01258,2023|cand|Taishya Adams,50.0,1,name+zip,True
2023,d01297,2023|cand|Taishya Adams,50.0,1,name+zip,True
2023,d01377,2023|cand|Taishya Adams,100.0,1,name+zip,True
2023,d01394,2023|cand|Taishya Adams,25.0,1,name+zip,True
2023,d01462,2023|cand|Taishya Adams,10.0,1,name+zip,True
2023,d01487,2023|cand|Taishya Adams,100.0,1,name+zip,True
2023,d01726,2023|cand|Taishya Adams,50.0,1,name+zip,True
2023,d01774,2023|cand|Taishya Adams,100.0,1,name+zip,True
2023,d01777,2023|cand|Taishya Adams,50.0,1,name+zip,True
2023,d01898,2023|cand|Taishya Adams,100.0,1,name+zip,True
2023,d01990,2023|cand|Taishya Adams,100.0,1,name+zip,True
2023,d02004,2023|cand|Taishya Adams,100.0,1,name+zip,True
2023,d02012,2023|cand|Taishya Adams,100.0,1,name+zip,True
2023,d02037,2023|cand|Taishya Adams,100.0,1,name+zip,True
2023,d02092,2023|cand|Taishya Adams,100.0,1,name+zip,False
2023,d02397,2023|cand|Taishya Adams,100.0,1,name+zip,True
2023,d02412,2023|cand|Taishya Adams,100.0,1,name+zip,True
2023,d02439,2023|cand|Taishya Adams,50.0,1,name+zip,True
2023,d02495,2023|cand|Taishya Adams,100.0,1,name+zip,True
2023,d02505,2023|cand|Taishya Adams,100.0,1,name+zip,True
2023,d02522,2023|cand|Taishya Adams,100.0,1,name+zip,False
2023,d02580,2023|cand|Taishya Adams,50.0,1,name+zip,True
2023,d02748,2023|cand|Taishya Adams,50.0,1,name+zip,True
2023,d02796,2023|cand|Taishya Adams,100.0,1,name+zip,True
2023,d02838,2023|cand|Taishya Adams,10.0,1,name+zip,True
2023,d02853,2023|cand|Taishya Adams,100.0,1,name+zip,True
2023,d02880,2023|cand|Taishya Adams,100.0,1,name+zip,True
2023,d03119,2023|cand|Taishya Adams,100.0,1,name+zip,True
2023,d03203,2023|cand|Taishya Adams,50.0,1,name+zip,True
2023,d03236,2023|cand|Taishya Adams,25.0,1,name+zip,True
2023,d03244,2023|cand|Taishya Adams,100.0,1,name+zip,True
2023,d03292,2023|cand|Taishya Adams,100.0,1,name+zip,True
2023,d03317,2023|cand|Taishya Adams,10.0,1,name+zip,True
2023,d03331,2023|cand|Taishya Adams,100.0,1,name+zip,True
2023,d03332,2023|cand|Taishya Adams,100.0,1,name+zip,True
2023,d03364,2023|cand|Taishya Adams,100.0,1,name+zip,True
2023,d03386,2023|cand|Taishya Adams,100.0,1,name+zip,True
2023,d03393,2023|cand|Taishya Adams,10.0,1,name+zip,True
2023,d03457,2023|cand|Taishya Adams,25.0,1,name+zip,True
2023,d03487,2023|cand|Taishya Adams,100.0,1,name+zip,True
2023,d03504,2023|cand|Taishya Adams,100.0,1,name+zip,True
2023,d03525,2023|cand|Taishya Adams,50.0,1,name+zip,True
2023,d03529,2023|cand|Taishya Adams,100.0,1,name+zip,True
2023,d03574,2023|cand|Taishya Adams,100.0,1,name+zip,True
2023,d03667,2023|cand|Taishya Adams,50.0,1,name+zip,True
2023,d03679,2023|cand|Taishya Adams,25.0,1,name+zip,True
2023,d03712,2023|cand|Taishya Adams,25.0,1,name+zip,True
2023,d03717,2023|cand|Taishya Adams,45.0,2,name+zip,True
2023,d03739,2023|cand|Taishya Adams,50.0,1,name+zip,True
2023,d03748,2023|cand|Taishya Adams,100.0,1,name+zip,True
2023,d03809,2023|cand|Taishya Adams,100.0,1,name+zip,True
2023,d03870,2023|cand|Taishya Adams,100.0,1,name+zip,True
2023,d03882,2023|cand|Taishya Adams,100.0,1,name+zip,True
2023,d03886,2023|cand|Taishya Adams,100.0,1,name+zip,True
2023,d03930,2023|cand|Taishya Adams,25.0,1,name+zip,True
2023,d03999,2023|cand|Taishya Adams,100.0,1,name+zip,True
2023,d04001,2023|cand|Taishya Adams,25.0,1,name+zip,True
2023,d04084,2023|cand|Taishya Adams,25.0,1,name+zip,True
2023,d04192,2023|cand|Taishya Adams,25.0,1,name+zip,True
2023,d04275,2023|cand|Taishya Adams,100.0,1,name+zip,True
2023,d04363,2023|cand|Taishya Adams,100.0,1,name+zip,True
2023,d04377,2023|cand|Taishya Adams,25.0,1,name+zip,True
2023,d04462,2023|cand|Taishya Adams,100.0,2,name+zip,True
2023,d04466,2023|cand|Taishya Adams,60.0,1,name+zip,True
2023,d04475,2023|cand|Taishya Adams,100.0,1,name+zip,True
2023,d04530,2023|cand|Taishya Adams,100.0,1,name+zip,True
2023,d04536,2023|cand|Taishya Adams,100.0,1,name+zip,True
2023,d04626,2023|cand|Taishya Adams,50.0,1,name+zip,True
2023,d04628,2023|cand|Taishya Adams,25.0,1,name+zip,True
2023,d04806,2023|cand|Taishya Adams,50.0,1,name+zip,True
2023,d04820,2023|cand|Taishya Adams,100.0,2,name+zip,True
2023,d04929,2023|cand|Taishya Adams,100.0,1,name+zip,True
2023,d04944,2023|cand|Taishya Adams,50.0,1,name+zip,True
2023,d04957,2023|cand|Taishya Adams,50.0,2,name+zip,True
2023,d04974,2023|cand|Taishya Adams,100.0,1,name+zip,True
2023,d05021,2023|cand|Taishya Adams,25.0,1,name+zip,True
2023,d05041,2023|cand|Taishya Adams,100.0,1,name+zip,True
2023,d05050,2023|cand|Taishya Adams,50.0,1,name+zip,True
2023,d05055,2023|cand|Taishya Adams,25.0,1,name+zip,True
2023,d05094,2023|cand|Taishya Adams,100.0,1,name+zip,True
2023,d05129,2023|cand|Taishya Adams,100.0,1,name+zip,True
2023,d05178,2023|cand|Taishya Adams,100.0,1,name+zip,True
2023,d05214,2023|cand|Taishya Adams,100.0,1,name+zip,True
2023,d05254,2023|cand|Taishya Adams,100.0,1,name+zip,True
2023,d05357,2023|cand|Taishya Adams,50.0,1,name+zip,True
2023,d05377,2023|cand|Taishya Adams,25.0,1,name+zip,True
2023,d05387,2023|cand|Taishya Adams,50.0,1,name+zip,True
2023,d05509,2023|cand|Taishya Adams,100.0,1,name+zip,True
2023,d05511,2023|cand|Taishya Adams,100.0,1,name+zip,True
2023,d05574,2023|cand|Taishya Adams,100.0,1,name+zip,True
2023,d05784,2023|cand|Taishya Adams,100.0,1,name+zip,True
2023,d05834,2023|cand|Taishya Adams,100.0,1,name+zip,True
2023,d05839,2023|cand|Taishya Adams,100.0,1,name+zip,True
2023,d05871,2023|cand|Taishya Adams,25.0,1,name+zip,True
2023,d05873,2023|cand|Taishya Adams,100.0,1,name+zip,True
2023,d05893,2023|cand|Taishya Adams,50.0,1,name+zip,True
2023,d06052,2023|cand|Taishya Adams,100.0,1,name+zip,True
2023,d06053,2023|cand|Taishya Adams,100.0,1,name+zip,True
2023,d06150,2023|cand|Taishya Adams,50.0,1,name+zip,True
2023,d06205,2023|cand|Taishya Adams,100.0,1,name+zip,True
2023,d06214,2023|cand|Taishya Adams,25.0,1,name+zip,True
2023,d06267,2023|cand|Taishya Adams,50.0,1,name+zip,True
2023,d06319,2023|cand|Taishya Adams,25.0,1,name+zip,True
2023,d06344,2023|cand|Taishya Adams,25.0,1,name+zip,True
2023,d06354,2023|cand|Taishya Adams,25.0,1,name+zip,True
2023,d06490,2023|cand|Taishya Adams,50.0,1,name+zip,True
2023,d06558,2023|cand|Taishya Adams,25.0,1,name+zip,True
2023,d06592,2023|cand|Taishya Adams,100.0,1,name+zip,True
2023,d06603,2023|cand|Taishya Adams,50.0,1,name+zip,True
2023,d06628,2023|cand|Taishya Adams,100.0,1,name+zip,True
2023,d06790,2023|cand|Taishya Adams,52.37,1,name+zip,True
2023,d06817,2023|cand|Taishya Adams,25.0,1,name+zip,True
2023,d06974,2023|cand|Taishya Adams,50.0,1,name+zip,True
2023,d06976,2023|cand|Taishya Adams,100.0,2,name+zip,True
2023,d06989,2023|cand|Taishya Adams,100.0,1,name+zip,True
2023,d06996,2023|cand|Taishya Adams,100.0,1,name+zip,True
2023,d07236,2023|cand|Taishya Adams,50.0,1,name+zip,True
2023,d07262,2023|cand|Taishya Adams,25.0,1,name+zip,True
2023,d07299,2023|cand|Taishya Adams,25.0,1,name+zip,True
2023,d07305,2023|cand|Taishya Adams,100.0,1,name+zip,True
2023,d07308,2023|cand|Taishya Adams,100.0,1,name+zip,True
2023,d07318,2023|cand|Taishya Adams,25.0,1,name+zip,True
2023,d07350,2023|cand|Taishya Adams,100.0,1,name+zip,True
2023,d07402,2023|cand|Taishya Adams,25.0,1,name+zip,True
2023,d07451,2023|cand|Taishya Adams,50.0,1,name+zip,True
2023,d07511,2023|cand|Taishya Adams,25.0,1,name+zip,True
2023,d07528,2023|cand|Taishya Adams,52.37,1,name+zip,True
2023,d07535,2023|cand|Taishya Adams,100.0,1,name+zip,True
2023,d07592,2023|cand|Taishya Adams,50.0,1,name+zip,True
2023,d07653,2023|cand|Taishya Adams,100.0,1,name+zip,True
2023,d07657,2023|cand|Taishya Adams,25.0,1,name+zip,True
2023,d07796,2023|cand|Taishya Adams,100.0,1,name+zip,True
2023,d07838,2023|cand|Taishya Adams,18.0,1,name+zip,True
2023,d07889,2023|cand|Taishya Adams,100.0,1,name+zip,True
2023,d07964,2023|cand|Taishya Adams,25.0,1,name+zip,True
2023,d08051,2023|cand|Taishya Adams,100.0,1,name+zip,True
2023,d08062,2023|cand|Taishya Adams,100.0,1,name+zip,True
2023,d08073,2023|cand|Taishya Adams,100.0,1,name+zip,True
2023,d08141,2023|cand|Taishya Adams,100.0,1,name+zip,True
2023,d00049,2023|cand|Tara Winer,100.0,1,name+zip,True
2023,d00079,2023|cand|Tara Winer,100.0,1,name+zip,True
2023,d00109,2023|cand|Tara Winer,75.0,1,name+zip,True
2023,d00113,2023|cand|Tara Winer,100.0,1,name+zip,True
2023,d00123,2023|cand|Tara Winer,100.0,1,name+zip,True
2023,d00141,2023|cand|Tara Winer,50.0,1,name+zip,True
2023,d00186,2023|cand|Tara Winer,100.0,1,name+zip,True
2023,d00188,2023|cand|Tara Winer,50.0,1,name+zip,True
2023,d00226,2023|cand|Tara Winer,100.0,1,name+zip,True
2023,d00239,2023|cand|Tara Winer,100.0,1,name+zip,True
2023,d00427,2023|cand|Tara Winer,50.0,1,name+zip,True
2023,d00556,2023|cand|Tara Winer,100.0,1,name+zip,True
2023,d00587,2023|cand|Tara Winer,100.0,1,name+zip,True
2023,d00588,2023|cand|Tara Winer,20.0,1,name+zip,True
2023,d00735,2023|cand|Tara Winer,100.0,1,name+zip,True
2023,d00740,2023|cand|Tara Winer,100.0,1,name+zip,True
2023,d00775,2023|cand|Tara Winer,100.0,1,name+zip,True
2023,d00870,2023|cand|Tara Winer,100.0,1,name+zip,True
2023,d00877,2023|cand|Tara Winer,50.0,1,name+zip,True
2023,d00897,2023|cand|Tara Winer,100.0,1,name+zip,True
2023,d00947,2023|cand|Tara Winer,100.0,1,name+zip,True
2023,d00965,2023|cand|Tara Winer,100.0,1,name+zip,True
2023,d01040,2023|cand|Tara Winer,100.0,1,name+zip,True
2023,d01097,2023|cand|Tara Winer,100.0,1,name+zip,True
2023,d01190,2023|cand|Tara Winer,50.0,1,name+zip,True
2023,d01301,2023|cand|Tara Winer,100.0,1,name+zip,True
2023,d01428,2023|cand|Tara Winer,100.0,1,name+zip,True
2023,d01430,2023|cand|Tara Winer,100.0,1,name+zip,True
2023,d01545,2023|cand|Tara Winer,100.0,1,name+zip,True
2023,d01565,2023|cand|Tara Winer,50.0,1,name+zip,True
2023,d01656,2023|cand|Tara Winer,100.0,1,name+zip,True
2023,d01659,2023|cand|Tara Winer,50.0,1,name+zip,True
2023,d01822,2023|cand|Tara Winer,100.0,1,name+zip,True
2023,d01835,2023|cand|Tara Winer,100.0,1,name+zip,True
2023,d01911,2023|cand|Tara Winer,100.0,1,name+zip,True
2023,d01922,2023|cand|Tara Winer,100.0,1,name+zip,True
2023,d01974,2023|cand|Tara Winer,100.0,1,name+zip,True
2023,d01976,2023|cand|Tara Winer,3.0,3,name+zip,True
2023,d02011,2023|cand|Tara Winer,100.0,1,name+zip,True
2023,d02052,2023|cand|Tara Winer,100.0,1,name+zip,True
2023,d02095,2023|cand|Tara Winer,100.0,1,name+zip,True
2023,d02117,2023|cand|Tara Winer,100.0,1,name+zip,True
2023,d02195,2023|cand|Tara Winer,100.0,1,name+zip,True
2023,d02222,2023|cand|Tara Winer,50.0,1,name+zip,True
2023,d02243,2023|cand|Tara Winer,30.0,1,name+zip,True
2023,d02304,2023|cand|Tara Winer,100.0,1,name+zip,True
2023,d02306,2023|cand|Tara Winer,100.0,1,name+zip,True
2023,d02357,2023|cand|Tara Winer,36.0,1,name+zip,True
2023,d02413,2023|cand|Tara Winer,100.0,1,name+zip,True
2023,d02414,2023|cand|Tara Winer,100.0,1,name+zip,True
2023,d02501,2023|cand|Tara Winer,100.0,1,name+zip,True
2023,d02550,2023|cand|Tara Winer,50.0,1,name+zip,True
2023,d02617,2023|cand|Tara Winer,100.0,1,name+zip,True
2023,d02626,2023|cand|Tara Winer,50.0,1,name+zip,True
2023,d02675,2023|cand|Tara Winer,100.0,1,name+zip,True
2023,d02714,2023|cand|Tara Winer,25.0,1,name+zip,True
2023,d02728,2023|cand|Tara Winer,100.0,1,name+zip,True
2023,d02730,2023|cand|Tara Winer,100.0,1,name+zip,True
2023,d02775,2023|cand|Tara Winer,100.0,1,name+zip,True
2023,d02870,2023|cand|Tara Winer,100.0,1,name+zip,True
2023,d02895,2023|cand|Tara Winer,100.0,1,name+zip,True
2023,d02963,2023|cand|Tara Winer,100.0,1,name+zip,True
2023,d03007,2023|cand|Tara Winer,20.0,1,name+zip,True
2023,d03039,2023|cand|Tara Winer,100.0,1,name+zip,True
2023,d03056,2023|cand|Tara Winer,100.0,1,name+zip,True
2023,d03130,2023|cand|Tara Winer,100.0,1,name+zip,True
2023,d03193,2023|cand|Tara Winer,100.0,1,name+zip,True
2023,d03206,2023|cand|Tara Winer,100.0,1,name+zip,True
2023,d03315,2023|cand|Tara Winer,100.0,1,name+zip,True
2023,d03503,2023|cand|Tara Winer,100.0,1,name+zip,True
2023,d03518,2023|cand|Tara Winer,100.0,1,name+zip,True
2023,d03529,2023|cand|Tara Winer,100.0,1,name+zip,True
2023,d03538,2023|cand|Tara Winer,50.0,1,name+zip,True
2023,d03554,2023|cand|Tara Winer,100.0,1,name+zip,True
2023,d03652,2023|cand|Tara Winer,100.0,1,name+zip,True
2023,d03654,2023|cand|Tara Winer,95.0,1,name+zip,True
2023,d03677,2023|cand|Tara Winer,100.0,1,name+zip,True
2023,d03685,2023|cand|Tara Winer,50.0,1,name+zip,True
2023,d03736,2023|cand|Tara Winer,100.0,1,name+zip,True
2023,d04021,2023|cand|Tara Winer,100.0,1,name+zip,True
2023,d04038,2023|cand|Tara Winer,100.0,1,name+zip,True
2023,d04047,2023|cand|Tara Winer,100.0,1,name+zip,True
2023,d04053,2023|cand|Tara Winer,100.0,1,name+zip,True
2023,d04169,2023|cand|Tara Winer,100.0,1,name+zip,True
2023,d04270,2023|cand|Tara Winer,100.0,1,name+zip,True
2023,d04422,2023|cand|Tara Winer,100.0,1,name+zip,True
2023,d04542,2023|cand|Tara Winer,100.0,1,name+zip,True
2023,d04550,2023|cand|Tara Winer,100.0,1,name+zip,True
2023,d04609,2023|cand|Tara Winer,100.0,1,name+zip,True
2023,d04621,2023|cand|Tara Winer,100.0,1,name+zip,True
2023,d04637,2023|cand|Tara Winer,50.0,1,name+zip,True
2023,d04727,2023|cand|Tara Winer,100.0,1,name+zip,True
2023,d04739,2023|cand|Tara Winer,100.0,1,name+zip,True
2023,d04828,2023|cand|Tara Winer,100.0,1,name+zip,True
2023,d04842,2023|cand|Tara Winer,15.0,1,name+zip,True
2023,d04967,2023|cand|Tara Winer,100.0,1,name+zip,True
2023,d04990,2023|cand|Tara Winer,100.0,1,name+zip,True
2023,d04993,2023|cand|Tara Winer,50.0,1,name+zip,True
2023,d05023,2023|cand|Tara Winer,50.0,1,name+zip,True
2023,d05034,2023|cand|Tara Winer,100.0,1,name+zip,True
2023,d05072,2023|cand|Tara Winer,100.0,1,name+zip,True
2023,d05140,2023|cand|Tara Winer,25.0,1,name+zip,True
2023,d05181,2023|cand|Tara Winer,100.0,1,name+zip,True
2023,d05238,2023|cand|Tara Winer,50.0,1,name+zip,True
2023,d05270,2023|cand|Tara Winer,75.0,1,name+zip,True
2023,d05278,2023|cand|Tara Winer,100.0,1,name+zip,True
2023,d05505,2023|cand|Tara Winer,100.0,1,name+zip,True
2023,d05520,2023|cand|Tara Winer,25.0,1,name+zip,True
2023,d05558,2023|cand|Tara Winer,50.0,1,name+zip,True
2023,d05571,2023|cand|Tara Winer,50.0,1,name+zip,True
2023,d05589,2023|cand|Tara Winer,100.0,1,name+zip,True
2023,d05655,2023|cand|Tara Winer,100.0,1,name+zip,True
2023,d05697,2023|cand|Tara Winer,100.0,1,name+zip,True
2023,d05761,2023|cand|Tara Winer,100.0,1,name+zip,True
2023,d05880,2023|cand|Tara Winer,100.0,1,name+zip,True
2023,d05948,2023|cand|Tara Winer,100.0,1,name+zip,True
2023,d06041,2023|cand|Tara Winer,100.0,1,name+zip,True
2023,d06074,2023|cand|Tara Winer,100.0,1,name+zip,True
2023,d06111,2023|cand|Tara Winer,100.0,1,name+zip,True
2023,d06416,2023|cand|Tara Winer,100.0,1,name+zip,True
2023,d06497,2023|cand|Tara Winer,100.0,1,name+zip,True
2023,d06587,2023|cand|Tara Winer,100.0,1,name+zip,True
2023,d06678,2023|cand|Tara Winer,25.0,1,name+zip,True
2023,d06740,2023|cand|Tara Winer,100.0,1,name+zip,True
2023,d06746,2023|cand|Tara Winer,100.0,1,name+zip,True
2023,d06755,2023|cand|Tara Winer,100.0,1,name+zip,True
2023,d06815,2023|cand|Tara Winer,33.33,1,name+zip,True
2023,d06839,2023|cand|Tara Winer,100.0,1,name+zip,True
2023,d06943,2023|cand|Tara Winer,100.0,1,name+zip,True
2023,d07038,2023|cand|Tara Winer,100.0,1,name+zip,True
2023,d07047,2023|cand|Tara Winer,100.0,1,name+zip,True
2023,d07115,2023|cand|Tara Winer,100.0,1,name+zip,True
2023,d07196,2023|cand|Tara Winer,100.0,1,name+zip,True
2023,d07293,2023|cand|Tara Winer,100.0,1,name+zip,True
2023,d07313,2023|cand|Tara Winer,100.0,1,name+zip,True
2023,d07334,2023|cand|Tara Winer,18.0,1,name+zip,True
2023,d07415,2023|cand|Tara Winer,100.0,1,name+zip,True
2023,d07440,2023|cand|Tara Winer,100.0,1,name+zip,True
2023,d07466,2023|cand|Tara Winer,100.0,1,name+zip,True
2023,d07544,2023|cand|Tara Winer,50.0,1,name+zip,True
2023,d07694,2023|cand|Tara Winer,100.0,1,name+zip,True
2023,d07745,2023|cand|Tara Winer,100.0,1,name+zip,True
2023,d07779,2023|cand|Tara Winer,100.0,1,name+zip,True
2023,d07802,2023|cand|Tara Winer,100.0,1,name+zip,True
2023,d07919,2023|cand|Tara Winer,100.0,1,name+zip,True
2023,d07932,2023|cand|Tara Winer,100.0,1,name+zip,True
2023,d07936,2023|cand|Tara Winer,100.0,1,name+zip,True
2023,d07954,2023|cand|Tara Winer,100.0,1,name+zip,True
2023,d07986,2023|cand|Tara Winer,100.0,1,name+zip,True
2023,d07988,2023|cand|Tara Winer,100.0,1,name+zip,True
2023,d08020,2023|cand|Tara Winer,50.0,1,name+zip,True
2023,d08109,2023|cand|Tara Winer,100.0,1,name+zip,True
2023,d08144,2023|cand|Tara Winer,100.0,1,name+zip,True
2023,d00056,2023|cand|Terri Brncic,100.0,1,name+zip,True
2023,d00079,2023|cand|Terri Brncic,100.0,1,name+zip,True
2023,d00099,2023|cand|Terri Brncic,100.0,1,name+zip,True
2023,d00139,2023|cand|Terri Brncic,100.0,1,name+zip,True
2023,d00155,2023|cand|Terri Brncic,100.0,1,name+zip,False
2023,d00201,2023|cand|Terri Brncic,100.0,1,name+zip,True
2023,d00279,2023|cand|Terri Brncic,100.0,1,name+zip,True
2023,d00393,2023|cand|Terri Brncic,100.0,1,name+zip,True
2023,d00747,2023|cand|Terri Brncic,100.0,1,name+zip,False
2023,d00759,2023|cand|Terri Brncic,100.0,1,name+zip,True
2023,d00775,2023|cand|Terri Brncic,100.0,1,name+zip,True
2023,d00859,2023|cand|Terri Brncic,100.0,1,name+zip,True
2023,d00901,2023|cand|Terri Brncic,100.0,1,name+zip,True
2023,d00957,2023|cand|Terri Brncic,100.0,1,name+zip,True
2023,d00964,2023|cand|Terri Brncic,100.0,1,name+zip,True
2023,d00965,2023|cand|Terri Brncic,100.0,1,name+zip,True
2023,d01017,2023|cand|Terri Brncic,100.0,1,name+zip,True
2023,d01094,2023|cand|Terri Brncic,100.0,1,name+zip,True
2023,d01142,2023|cand|Terri Brncic,100.0,1,name+zip,True
2023,d01156,2023|cand|Terri Brncic,100.0,1,name+zip,True
2023,d01259,2023|cand|Terri Brncic,100.0,1,name+zip,True
2023,d01374,2023|cand|Terri Brncic,100.0,1,name+zip,True
2023,d01413,2023|cand|Terri Brncic,50.0,1,name+zip,True
2023,d01430,2023|cand|Terri Brncic,100.0,1,name+zip,True
2023,d01629,2023|cand|Terri Brncic,100.0,1,name+zip,True
2023,d01822,2023|cand|Terri Brncic,100.0,1,name+zip,True
2023,d01837,2023|cand|Terri Brncic,100.0,1,name+zip,True
2023,d01911,2023|cand|Terri Brncic,100.0,1,name+zip,True
2023,d01922,2023|cand|Terri Brncic,100.0,1,name+zip,True
2023,d02076,2023|cand|Terri Brncic,25.0,1,name+zip,True
2023,d02213,2023|cand|Terri Brncic,75.0,1,name+zip,True
2023,d02325,2023|cand|Terri Brncic,100.0,1,name+zip,True
2023,d02344,2023|cand|Terri Brncic,100.0,1,name+zip,True
2023,d02378,2023|cand|Terri Brncic,25.0,1,name+zip,True
2023,d02478,2023|cand|Terri Brncic,100.0,1,name+zip,True
2023,d02532,2023|cand|Terri Brncic,100.0,1,name+zip,True
2023,d02617,2023|cand|Terri Brncic,100.0,1,name+zip,True
2023,d02628,2023|cand|Terri Brncic,100.0,1,name+zip,False
2023,d02895,2023|cand|Terri Brncic,100.0,1,name+zip,True
2023,d03033,2023|cand|Terri Brncic,100.0,1,name+zip,True
2023,d03062,2023|cand|Terri Brncic,100.0,1,name+zip,False
2023,d03099,2023|cand|Terri Brncic,100.0,1,name+zip,True
2023,d03113,2023|cand|Terri Brncic,100.0,1,name+zip,True
2023,d03130,2023|cand|Terri Brncic,100.0,1,name+zip,True
2023,d03216,2023|cand|Terri Brncic,100.0,1,name+zip,False
2023,d03224,2023|cand|Terri Brncic,100.0,1,name+zip,True
2023,d03277,2023|cand|Terri Brncic,50.0,1,name+zip,True
2023,d03315,2023|cand|Terri Brncic,100.0,1,name+zip,True
2023,d03324,2023|cand|Terri Brncic,60.0,1,name+zip,True
2023,d03348,2023|cand|Terri Brncic,100.0,1,name+zip,True
2023,d03360,2023|cand|Terri Brncic,100.0,1,name+zip,True
2023,d03371,2023|cand|Terri Brncic,100.0,1,name+zip,True
2023,d03468,2023|cand|Terri Brncic,100.0,1,name+zip,True
2023,d03488,2023|cand|Terri Brncic,100.0,1,name+zip,True
2023,d03601,2023|cand|Terri Brncic,100.0,1,name+zip,True
2023,d03677,2023|cand|Terri Brncic,100.0,1,name+zip,True
2023,d03747,2023|cand|Terri Brncic,100.0,1,name+zip,True
2023,d03762,2023|cand|Terri Brncic,75.0,1,name+zip,True
2023,d03938,2023|cand|Terri Brncic,100.0,1,name+zip,True
2023,d03960,2023|cand|Terri Brncic,100.0,1,name+zip,True
2023,d03963,2023|cand|Terri Brncic,100.0,1,name+zip,False
2023,d04028,2023|cand|Terri Brncic,100.0,1,name+zip,True
2023,d04053,2023|cand|Terri Brncic,100.0,1,name+zip,True
2023,d04157,2023|cand|Terri Brncic,100.0,1,name+zip,True
2023,d04200,2023|cand|Terri Brncic,100.0,1,name+zip,True
2023,d04243,2023|cand|Terri Brncic,100.0,1,name+zip,True
2023,d04274,2023|cand|Terri Brncic,100.0,1,name+zip,True
2023,d04320,2023|cand|Terri Brncic,100.0,1,name+zip,True
2023,d04526,2023|cand|Terri Brncic,100.0,1,name+zip,True
2023,d04550,2023|cand|Terri Brncic,100.0,1,name+zip,True
2023,d04592,2023|cand|Terri Brncic,100.0,1,name+zip,True
2023,d04617,2023|cand|Terri Brncic,100.0,1,name+zip,False
2023,d04796,2023|cand|Terri Brncic,100.0,1,name+zip,True
2023,d04822,2023|cand|Terri Brncic,100.0,1,name+zip,False
2023,d04910,2023|cand|Terri Brncic,100.0,1,name+zip,True
2023,d04967,2023|cand|Terri Brncic,100.0,1,name+zip,True
2023,d05232,2023|cand|Terri Brncic,100.0,1,name+zip,True
2023,d05278,2023|cand|Terri Brncic,100.0,1,name+zip,True
2023,d05301,2023|cand|Terri Brncic,100.0,1,name+zip,True
2023,d05405,2023|cand|Terri Brncic,100.0,1,name+zip,True
2023,d05489,2023|cand|Terri Brncic,100.0,1,name+zip,True
2023,d05589,2023|cand|Terri Brncic,100.0,1,name+zip,True
2023,d05590,2023|cand|Terri Brncic,100.0,1,name+zip,True
2023,d05655,2023|cand|Terri Brncic,100.0,1,name+zip,True
2023,d05697,2023|cand|Terri Brncic,100.0,1,name+zip,True
2023,d05734,2023|cand|Terri Brncic,100.0,1,name+zip,True
2023,d05795,2023|cand|Terri Brncic,100.0,1,name+zip,True
2023,d05809,2023|cand|Terri Brncic,100.0,1,name+zip,True
2023,d05991,2023|cand|Terri Brncic,100.0,1,name+zip,True
2023,d06014,2023|cand|Terri Brncic,100.0,1,name+zip,True
2023,d06074,2023|cand|Terri Brncic,100.0,1,name+zip,True
2023,d06142,2023|cand|Terri Brncic,100.0,1,name+zip,False
2023,d06349,2023|cand|Terri Brncic,100.0,1,name+zip,True
2023,d06369,2023|cand|Terri Brncic,100.0,1,name+zip,True
2023,d06487,2023|cand|Terri Brncic,100.0,1,name+zip,True
2023,d06497,2023|cand|Terri Brncic,100.0,1,name+zip,True
2023,d06599,2023|cand|Terri Brncic,100.0,1,name+zip,True
2023,d06633,2023|cand|Terri Brncic,100.0,1,name+zip,True
2023,d06834,2023|cand|Terri Brncic,100.0,1,name+zip,False
2023,d06895,2023|cand|Terri Brncic,100.0,1,name+zip,True
2023,d06899,2023|cand|Terri Brncic,50.0,1,name+zip,True
2023,d06941,2023|cand|Terri Brncic,100.0,1,name+zip,True
2023,d07000,2023|cand|Terri Brncic,100.0,1,name+zip,True
2023,d07038,2023|cand|Terri Brncic,100.0,1,name+zip,True
2023,d07201,2023|cand|Terri Brncic,100.0,1,name+zip,True
2023,d07345,2023|cand|Terri Brncic,100.0,1,name+zip,True
2023,d07383,2023|cand|Terri Brncic,100.0,1,name+zip,False
2023,d07440,2023|cand|Terri Brncic,100.0,1,name+zip,True
2023,d07635,2023|cand|Terri Brncic,100.0,1,name+zip,True
2023,d07666,2023|cand|Terri Brncic,100.0,1,name+zip,False
2023,d07687,2023|cand|Terri Brncic,100.0,1,name+zip,True
2023,d07688,2023|cand|Terri Brncic,100.0,1,name+zip,False
2023,d07802,2023|cand|Terri Brncic,100.0,1,name+zip,True
2023,d08023,2023|cand|Terri Brncic,100.0,1,name+zip,True
2023,d08111,2023|cand|Terri Brncic,100.0,1,name+zip,False
2023,d08122,2023|cand|Terri Brncic,100.0,1,name+zip,False
2023,d00033,2023|cand|Waylon Lewis,100.0,1,name+zip,True
2023,d00090,2023|cand|Waylon Lewis,50.0,1,name+zip,True
2023,d00184,2023|cand|Waylon Lewis,100.0,1,name+zip,True
2023,d00192,2023|cand|Waylon Lewis,100.0,1,name+zip,True
2023,d00220,2023|cand|Waylon Lewis,100.0,1,name+zip,True
2023,d00362,2023|cand|Waylon Lewis,100.0,1,name+zip,True
2023,d00448,2023|cand|Waylon Lewis,15.0,1,name+zip,True
2023,d00542,2023|cand|Waylon Lewis,100.0,1,name+zip,True
2023,d00555,2023|cand|Waylon Lewis,25.0,1,name+zip,True
2023,d00576,2023|cand|Waylon Lewis,25.0,1,name+zip,True
2023,d00603,2023|cand|Waylon Lewis,100.0,1,name+zip,True
2023,d00663,2023|cand|Waylon Lewis,100.0,1,name+zip,True
2023,d00862,2023|cand|Waylon Lewis,50.0,1,name+zip,True
2023,d00952,2023|cand|Waylon Lewis,100.0,1,name+zip,True
2023,d01097,2023|cand|Waylon Lewis,100.0,1,name+zip,True
2023,d01099,2023|cand|Waylon Lewis,9.0,1,name+zip,True
2023,d01153,2023|cand|Waylon Lewis,100.0,1,name+zip,True
2023,d01179,2023|cand|Waylon Lewis,26.0,1,name+zip,True
2023,d01380,2023|cand|Waylon Lewis,25.0,1,name+zip,True
2023,d01385,2023|cand|Waylon Lewis,50.0,1,name+zip,True
2023,d01388,2023|cand|Waylon Lewis,100.0,1,name+zip,True
2023,d01402,2023|cand|Waylon Lewis,100.0,1,name+zip,True
2023,d01430,2023|cand|Waylon Lewis,100.0,1,name+zip,True
2023,d01539,2023|cand|Waylon Lewis,100.0,1,name+zip,True
2023,d01565,2023|cand|Waylon Lewis,100.0,1,name+zip,True
2023,d01573,2023|cand|Waylon Lewis,100.0,1,name+zip,True
2023,d01592,2023|cand|Waylon Lewis,50.0,1,name+zip,True
2023,d01628,2023|cand|Waylon Lewis,10.0,1,name+zip,True
2023,d01754,2023|cand|Waylon Lewis,100.0,1,name+zip,True
2023,d01756,2023|cand|Waylon Lewis,25.0,1,name+zip,True
2023,d01829,2023|cand|Waylon Lewis,75.0,1,name+zip,True
2023,d01899,2023|cand|Waylon Lewis,50.0,1,name+zip,True
2023,d02020,2023|cand|Waylon Lewis,50.0,1,name+zip,True
2023,d02025,2023|cand|Waylon Lewis,100.0,1,name+zip,True
2023,d02063,2023|cand|Waylon Lewis,50.0,1,name+zip,True
2023,d02094,2023|cand|Waylon Lewis,50.0,1,name+zip,True
2023,d02115,2023|cand|Waylon Lewis,100.0,1,name+zip,True
2023,d02149,2023|cand|Waylon Lewis,75.0,1,name+zip,True
2023,d02222,2023|cand|Waylon Lewis,100.0,1,name+zip,True
2023,d02249,2023|cand|Waylon Lewis,100.0,1,name+zip,True
2023,d02262,2023|cand|Waylon Lewis,20.0,1,name+zip,True
2023,d02289,2023|cand|Waylon Lewis,100.0,1,name+zip,True
2023,d02361,2023|cand|Waylon Lewis,50.0,1,name+zip,True
2023,d02372,2023|cand|Waylon Lewis,50.0,1,name+zip,True
2023,d02412,2023|cand|Waylon Lewis,100.0,1,name+zip,True
2023,d02510,2023|cand|Waylon Lewis,100.0,1,name+zip,True
2023,d02519,2023|cand|Waylon Lewis,50.0,1,name+zip,True
2023,d02584,2023|cand|Waylon Lewis,100.0,1,name+zip,True
2023,d02724,2023|cand|Waylon Lewis,100.0,1,name+zip,True
2023,d02781,2023|cand|Waylon Lewis,100.0,1,name+zip,True
2023,d02792,2023|cand|Waylon Lewis,100.0,1,name+zip,True
2023,d02834,2023|cand|Waylon Lewis,100.0,1,name+zip,True
2023,d02842,2023|cand|Waylon Lewis,100.0,1,name+zip,True
2023,d02856,2023|cand|Waylon Lewis,50.0,1,name+zip,True
2023,d02895,2023|cand|Waylon Lewis,75.0,1,name+zip,True
2023,d03098,2023|cand|Waylon Lewis,10.0,1,name+zip,True
2023,d03176,2023|cand|Waylon Lewis,50.0,1,name+zip,True
2023,d03369,2023|cand|Waylon Lewis,100.0,1,name+zip,True
2023,d03373,2023|cand|Waylon Lewis,100.0,1,name+zip,True
2023,d03497,2023|cand|Waylon Lewis,50.0,1,name+zip,True
2023,d03503,2023|cand|Waylon Lewis,100.0,1,name+zip,True
2023,d03518,2023|cand|Waylon Lewis,100.0,1,name+zip,True
2023,d03519,2023|cand|Waylon Lewis,100.0,1,name+zip,True
2023,d03529,2023|cand|Waylon Lewis,100.0,1,name+zip,True
2023,d03542,2023|cand|Waylon Lewis,100.0,1,name+zip,True
2023,d03546,2023|cand|Waylon Lewis,100.0,1,name+zip,True
2023,d03558,2023|cand|Waylon Lewis,25.0,1,name+zip,True
2023,d03623,2023|cand|Waylon Lewis,100.0,1,name+zip,True
2023,d03737,2023|cand|Waylon Lewis,25.0,1,name+zip,True
2023,d03753,2023|cand|Waylon Lewis,100.0,1,name+zip,True
2023,d03786,2023|cand|Waylon Lewis,100.0,1,name+zip,True
2023,d03807,2023|cand|Waylon Lewis,75.0,1,name+zip,True
2023,d03851,2023|cand|Waylon Lewis,25.0,1,name+zip,True
2023,d03860,2023|cand|Waylon Lewis,100.0,1,name+zip,True
2023,d03924,2023|cand|Waylon Lewis,50.0,1,name+zip,True
2023,d04010,2023|cand|Waylon Lewis,100.0,1,name+zip,True
2023,d04020,2023|cand|Waylon Lewis,100.0,1,name+zip,True
2023,d04133,2023|cand|Waylon Lewis,50.0,1,name+zip,True
2023,d04188,2023|cand|Waylon Lewis,100.0,1,name+zip,True
2023,d04191,2023|cand|Waylon Lewis,100.0,1,name+zip,True
2023,d04200,2023|cand|Waylon Lewis,100.0,1,name+zip,True
2023,d04255,2023|cand|Waylon Lewis,100.0,1,name+zip,True
2023,d04406,2023|cand|Waylon Lewis,25.0,1,name+zip,True
2023,d04424,2023|cand|Waylon Lewis,25.0,1,name+zip,True
2023,d04530,2023|cand|Waylon Lewis,100.0,1,name+zip,True
2023,d04598,2023|cand|Waylon Lewis,100.0,1,name+zip,True
2023,d04629,2023|cand|Waylon Lewis,100.0,1,name+zip,True
2023,d04685,2023|cand|Waylon Lewis,100.0,1,name+zip,True
2023,d04724,2023|cand|Waylon Lewis,100.0,1,name+zip,True
2023,d04735,2023|cand|Waylon Lewis,50.0,1,name+zip,True
2023,d04907,2023|cand|Waylon Lewis,100.0,1,name+zip,True
2023,d04909,2023|cand|Waylon Lewis,25.0,1,name+zip,True
2023,d05001,2023|cand|Waylon Lewis,100.0,1,name+zip,True
2023,d05161,2023|cand|Waylon Lewis,100.0,1,name+zip,True
2023,d05205,2023|cand|Waylon Lewis,100.0,1,name+zip,True
2023,d05273,2023|cand|Waylon Lewis,100.0,1,name+zip,True
2023,d05274,2023|cand|Waylon Lewis,50.0,1,name+zip,True
2023,d05286,2023|cand|Waylon Lewis,100.0,1,name+zip,True
2023,d05291,2023|cand|Waylon Lewis,50.0,1,name+zip,True
2023,d05311,2023|cand|Waylon Lewis,100.0,1,name+zip,True
2023,d05320,2023|cand|Waylon Lewis,75.0,1,name+zip,True
2023,d05374,2023|cand|Waylon Lewis,25.0,1,name+zip,True
2023,d05569,2023|cand|Waylon Lewis,25.0,1,name+zip,True
2023,d05623,2023|cand|Waylon Lewis,25.0,1,name+zip,True
2023,d05772,2023|cand|Waylon Lewis,50.0,1,name+zip,True
2023,d05881,2023|cand|Waylon Lewis,100.0,1,name+zip,True
2023,d05884,2023|cand|Waylon Lewis,100.0,1,name+zip,True
2023,d05913,2023|cand|Waylon Lewis,50.0,1,name+zip,True
2023,d05929,2023|cand|Waylon Lewis,100.0,1,name+zip,True
2023,d05998,2023|cand|Waylon Lewis,100.0,1,name+zip,True
2023,d06119,2023|cand|Waylon Lewis,100.0,1,name+zip,True
2023,d06150,2023|cand|Waylon Lewis,50.0,1,name+zip,True
2023,d06153,2023|cand|Waylon Lewis,100.0,1,name+zip,True
2023,d06209,2023|cand|Waylon Lewis,100.0,1,name+zip,True
2023,d06336,2023|cand|Waylon Lewis,75.0,1,name+zip,True
2023,d06343,2023|cand|Waylon Lewis,50.0,1,name+zip,True
2023,d06354,2023|cand|Waylon Lewis,75.0,2,name+zip,True
2023,d06373,2023|cand|Waylon Lewis,25.0,1,name+zip,True
2023,d06458,2023|cand|Waylon Lewis,50.0,1,name+zip,True
2023,d06497,2023|cand|Waylon Lewis,100.0,1,name+zip,True
2023,d06592,2023|cand|Waylon Lewis,100.0,1,name+zip,True
2023,d06618,2023|cand|Waylon Lewis,25.0,1,name+zip,True
2023,d06664,2023|cand|Waylon Lewis,25.0,1,name+zip,True
2023,d06678,2023|cand|Waylon Lewis,100.0,2,name+zip,True
2023,d06683,2023|cand|Waylon Lewis,100.0,1,name+zip,True
2023,d06699,2023|cand|Waylon Lewis,100.0,1,name+zip,True
2023,d06825,2023|cand|Waylon Lewis,50.0,1,name+zip,True
2023,d06876,2023|cand|Waylon Lewis,100.0,1,name+zip,True
2023,d06989,2023|cand|Waylon Lewis,100.0,2,name+zip,True
2023,d07064,2023|cand|Waylon Lewis,25.0,1,name+zip,True
2023,d07107,2023|cand|Waylon Lewis,25.0,1,name+zip,True
2023,d07146,2023|cand|Waylon Lewis,25.0,1,name+zip,True
2023,d07196,2023|cand|Waylon Lewis,100.0,1,name+zip,True
2023,d07420,2023|cand|Waylon Lewis,100.0,1,name+zip,True
2023,d07448,2023|cand|Waylon Lewis,50.0,1,name+zip,True
2023,d07526,2023|cand|Waylon Lewis,100.0,1,name+zip,True
2023,d07551,2023|cand|Waylon Lewis,100.0,1,name+zip,True
2023,d07629,2023|cand|Waylon Lewis,100.0,1,name+zip,True
2023,d07657,2023|cand|Waylon Lewis,25.0,1,name+zip,True
2023,d07694,2023|cand|Waylon Lewis,100.0,1,name+zip,True
2023,d07722,2023|cand|Waylon Lewis,100.0,1,name+zip,True
2023,d07743,2023|cand|Waylon Lewis,30.0,1,name+zip,True
2023,d07785,2023|cand|Waylon Lewis,100.0,1,name+zip,True
2023,d07814,2023|cand|Waylon Lewis,100.0,1,name+zip,True
2023,d07889,2023|cand|Waylon Lewis,100.0,1,name+zip,True
2023,d07911,2023|cand|Waylon Lewis,100.0,1,name+zip,True
2023,d07917,2023|cand|Waylon Lewis,10.0,2,name+zip,True
2023,d07952,2023|cand|Waylon Lewis,100.0,1,name+zip,True
2023,d07964,2023|cand|Waylon Lewis,50.0,2,name+zip,True
2023,d08055,2023|cand|Waylon Lewis,100.0,1,name+zip,True
2023,d00572,2023|issue|PLAN-Boulder County Ballot Measure Committee,50.0,1,name+zip,True
2023,d00049,2023|issue|Safe Zones 4 Kids,500.0,1,name+zip,True
2023,d00099,2023|issue|Safe Zones 4 Kids,100.0,1,name+zip,True
2023,d00278,2023|issue|Safe Zones 4 Kids,25.0,1,name+zip,True
2023,d00400,2023|issue|Safe Zones 4 Kids,50.0,1,name+zip,True
2023,d00542,2023|issue|Safe Zones 4 Kids,25.0,1,name+zip,True
2023,d00745,2023|issue|Safe Zones 4 Kids,50.0,1,name+zip,True
2023,d00775,2023|issue|Safe Zones 4 Kids,100.0,1,name+zip,True
2023,d00781,2023|issue|Safe Zones 4 Kids,100.0,1,name+zip,True
2023,d00805,2023|issue|Safe Zones 4 Kids,50.0,1,name+zip,True
2023,d00846,2023|issue|Safe Zones 4 Kids,50.0,1,name+zip,True
2023,d00901,2023|issue|Safe Zones 4 Kids,50.0,1,name+zip,True
2023,d01143,2023|issue|Safe Zones 4 Kids,25.0,1,name+zip,True
2023,d01235,2023|issue|Safe Zones 4 Kids,50.0,1,name+zip,True
2023,d01241,2023|issue|Safe Zones 4 Kids,1000.0,1,name+zip,True
2023,d01429,2023|issue|Safe Zones 4 Kids,50.0,1,name+zip,True
2023,d01476,2023|issue|Safe Zones 4 Kids,50.0,1,name+zip,True
2023,d01613,2023|issue|Safe Zones 4 Kids,25.0,1,name+zip,True
2023,d01704,2023|issue|Safe Zones 4 Kids,200.0,1,name+zip,True
2023,d01922,2023|issue|Safe Zones 4 Kids,250.0,1,name+zip,True
2023,d02213,2023|issue|Safe Zones 4 Kids,50.0,1,name+zip,True
2023,d02351,2023|issue|Safe Zones 4 Kids,50.0,1,name+zip,True
2023,d02390,2023|issue|Safe Zones 4 Kids,100.0,1,name+zip,True
2023,d02617,2023|issue|Safe Zones 4 Kids,2000.0,1,name+zip,True
2023,d02701,2023|issue|Safe Zones 4 Kids,100.0,1,name+zip,True
2023,d02987,2023|issue|Safe Zones 4 Kids,100.0,1,name+zip,True
2023,d03103,2023|issue|Safe Zones 4 Kids,25.0,1,name+zip,True
2023,d03189,2023|issue|Safe Zones 4 Kids,25.0,1,name+zip,True
2023,d03213,2023|issue|Safe Zones 4 Kids,25.0,1,name+zip,True
2023,d03226,2023|issue|Safe Zones 4 Kids,50.0,1,name+zip,True
2023,d03287,2023|issue|Safe Zones 4 Kids,500.0,1,name+zip,True
2023,d03315,2023|issue|Safe Zones 4 Kids,100.0,1,name+zip,True
2023,d03371,2023|issue|Safe Zones 4 Kids,50.0,1,name+zip,True
2023,d03442,2023|issue|Safe Zones 4 Kids,25.0,1,name+zip,True
2023,d03518,2023|issue|Safe Zones 4 Kids,2264.0,3,name+zip,True
2023,d03579,2023|issue|Safe Zones 4 Kids,50.0,1,name+zip,True
2023,d03588,2023|issue|Safe Zones 4 Kids,999.0,1,name+zip,True
2023,d03624,2023|issue|Safe Zones 4 Kids,25.0,1,name+zip,True
2023,d03765,2023|issue|Safe Zones 4 Kids,15.0,1,name+zip,True
2023,d04199,2023|issue|Safe Zones 4 Kids,100.0,1,name+zip,True
2023,d04206,2023|issue|Safe Zones 4 Kids,50.0,1,name+zip,True
2023,d04274,2023|issue|Safe Zones 4 Kids,50.0,1,name+zip,True
2023,d04624,2023|issue|Safe Zones 4 Kids,50.0,1,name+zip,True
2023,d04686,2023|issue|Safe Zones 4 Kids,3000.0,1,name+zip,True
2023,d04910,2023|issue|Safe Zones 4 Kids,3001.0,2,name+zip,True
2023,d04979,2023|issue|Safe Zones 4 Kids,100.0,1,name+zip,True
2023,d05358,2023|issue|Safe Zones 4 Kids,500.0,1,name+zip,True
2023,d05366,2023|issue|Safe Zones 4 Kids,25.0,1,name+zip,True
2023,d05425,2023|issue|Safe Zones 4 Kids,100.0,1,name+zip,True
2023,d05481,2023|issue|Safe Zones 4 Kids,50.0,1,name+zip,True
2023,d05589,2023|issue|Safe Zones 4 Kids,100.0,1,name+zip,True
2023,d05957,2023|issue|Safe Zones 4 Kids,25.0,1,name+zip,True
2023,d05960,2023|issue|Safe Zones 4 Kids,130.0,1,name+zip,True
2023,d06418,2023|issue|Safe Zones 4 Kids,50.0,1,name+zip,True
2023,d06899,2023|issue|Safe Zones 4 Kids,25.0,1,name+zip,True
2023,d06966,2023|issue|Safe Zones 4 Kids,200.0,1,name+zip,True
2023,d07000,2023|issue|Safe Zones 4 Kids,300.0,1,name+zip,True
2023,d07146,2023|issue|Safe Zones 4 Kids,25.0,1,name+zip,True
2023,d07173,2023|issue|Safe Zones 4 Kids,100.0,1,name+zip,True
2023,d07264,2023|issue|Safe Zones 4 Kids,100.0,1,name+zip,True
2023,d07481,2023|issue|Safe Zones 4 Kids,500.0,1,name+zip,True
2023,d07618,2023|issue|Safe Zones 4 Kids,50.0,1,name+zip,True
2023,d07635,2023|issue|Safe Zones 4 Kids,250.0,1,name+zip,True
2023,d07994,2023|issue|Safe Zones 4 Kids,50.0,1,name+zip,True
2023,d08021,2023|issue|Safe Zones 4 Kids,100.0,1,name+zip,True
2023,d08144,2023|issue|Safe Zones 4 Kids,100.0,1,name+zip,True
2023,d00186,2023|issue|Solutions not Safe Zones,100.0,1,name+zip,True
2023,d00216,2023|issue|Solutions not Safe Zones,50.0,1,name+zip,True
2023,d01968,2023|issue|Solutions not Safe Zones,25.0,1,name+zip,True
2023,d01990,2023|issue|Solutions not Safe Zones,1128.02,4,name+zip,True
2023,d02004,2023|issue|Solutions not Safe Zones,250.0,1,name+zip,True
2023,d02017,2023|issue|Solutions not Safe Zones,75.0,2,name+zip,True
2023,d02332,2023|issue|Solutions not Safe Zones,50.0,1,name+zip,True
2023,d02412,2023|issue|Solutions not Safe Zones,100.0,1,name+zip,True
2023,d02612,2023|issue|Solutions not Safe Zones,250.0,1,name+zip,True
2023,d02713,2023|issue|Solutions not Safe Zones,25.0,1,name+zip,True
2023,d02750,2023|issue|Solutions not Safe Zones,408.71,2,name+zip,True
2023,d02831,2023|issue|Solutions not Safe Zones,155.48,5,name+zip,True
2023,d02971,2023|issue|Solutions not Safe Zones,25.0,1,name+zip,True
2023,d03203,2023|issue|Solutions not Safe Zones,50.0,1,name+zip,True
2023,d03607,2023|issue|Solutions not Safe Zones,100.0,1,name+zip,True
2023,d03618,2023|issue|Solutions not Safe Zones,100.0,1,name+zip,True
2023,d04605,2023|issue|Solutions not Safe Zones,5.0,1,name+zip,True
2023,d04806,2023|issue|Solutions not Safe Zones,25.0,1,name+zip,True
2023,d05002,2023|issue|Solutions not Safe Zones,10.0,1,name+zip,True
2023,d05094,2023|issue|Solutions not Safe Zones,100.0,1,name+zip,True
2023,d05254,2023|issue|Solutions not Safe Zones,50.0,1,name+zip,True
2023,d05377,2023|issue|Solutions not Safe Zones,25.0,1,name+zip,True
2023,d05839,2023|issue|Solutions not Safe Zones,200.0,2,name+zip,True
2023,d05887,2023|issue|Solutions not Safe Zones,100.0,1,name+zip,True
2023,d06150,2023|issue|Solutions not Safe Zones,50.0,1,name+zip,True
2023,d06267,2023|issue|Solutions not Safe Zones,50.0,1,name+zip,True
2023,d06284,2023|issue|Solutions not Safe Zones,50.0,1,name+zip,True
2023,d06354,2023|issue|Solutions not Safe Zones,25.0,1,name+zip,True
2023,d06628,2023|issue|Solutions not Safe Zones,100.0,1,name+zip,True
2023,d06881,2023|issue|Solutions not Safe Zones,350.0,2,name+zip,True
2023,d06989,2023|issue|Solutions not Safe Zones,200.0,1,name+zip,True
2023,d07167,2023|issue|Solutions not Safe Zones,100.0,1,name+zip,True
2023,d07262,2023|issue|Solutions not Safe Zones,25.0,1,name+zip,True
2023,d07308,2023|issue|Solutions not Safe Zones,100.0,1,name+zip,True
2023,d07671,2023|issue|Solutions not Safe Zones,100.0,1,name+zip,True
2023,d07969,2023|issue|Solutions not Safe Zones,100.0,1,name+zip,True
2023,d08155,2023|issue|Solutions not Safe Zones,100.0,1,name+zip,True
2023,d00470,2023|issue|Yes on 2A,100.0,1,name+zip,True
2023,d00612,2023|issue|Yes on 2A,20.8,2,name+zip,True
2023,d00671,2023|issue|Yes on 2A,1545.14,1,name+zip,True
2023,d00676,2023|issue|Yes on 2A,2060.02,1,name+zip,True
2023,d00702,2023|issue|Yes on 2A,100.0,1,name+zip,True
2023,d00710,2023|issue|Yes on 2A,103.48,1,name+zip,True
2023,d00996,2023|issue|Yes on 2A,250.0,1,name+zip,True
2023,d01112,2023|issue|Yes on 2A,50.0,1,name+zip,True
2023,d01144,2023|issue|Yes on 2A,1030.26,1,name+zip,True
2023,d01418,2023|issue|Yes on 2A,103.48,1,name+zip,True
2023,d01508,2023|issue|Yes on 2A,1000.0,1,name+zip,True
2023,d01697,2023|issue|Yes on 2A,2000.0,1,name+zip,True
2023,d02433,2023|issue|Yes on 2A,103.48,1,name+zip,True
2023,d02465,2023|issue|Yes on 2A,2000.0,1,name+zip,True
2023,d02493,2023|issue|Yes on 2A,100.0,1,name+zip,True
2023,d02876,2023|issue|Yes on 2A,51.99,1,name+zip,True
2023,d02931,2023|issue|Yes on 2A,5.0,1,name+zip,True
2023,d02973,2023|issue|Yes on 2A,2060.02,1,name+zip,True
2023,d03310,2023|issue|Yes on 2A,1750.0,1,name+zip,True
2023,d03321,2023|issue|Yes on 2A,2838.0,5,name+zip,True
2023,d03351,2023|issue|Yes on 2A,100.0,1,name+zip,True
2023,d03526,2023|issue|Yes on 2A,3250.0,2,name+zip,True
2023,d03554,2023|issue|Yes on 2A,100.0,1,name+zip,True
2023,d03652,2023|issue|Yes on 2A,260.28999999999996,2,name+zip,True
2023,d03755,2023|issue|Yes on 2A,103.48,1,name+zip,True
2023,d03763,2023|issue|Yes on 2A,103.48,1,name+zip,True
2023,d04200,2023|issue|Yes on 2A,50.0,1,name+zip,True
2023,d04317,2023|issue|Yes on 2A,3000.0,1,name+zip,True
2023,d04547,2023|issue|Yes on 2A,103.48,1,name+zip,True
2023,d04619,2023|issue|Yes on 2A,500.0,1,name+zip,True
2023,d04632,2023|issue|Yes on 2A,100.0,1,name+zip,True
2023,d05003,2023|issue|Yes on 2A,257.94,1,name+zip,True
2023,d05295,2023|issue|Yes on 2A,500.0,1,name+zip,True
2023,d05297,2023|issue|Yes on 2A,2000.0,1,name+zip,True
2023,d05300,2023|issue|Yes on 2A,200.0,2,name+zip,True
2023,d05474,2023|issue|Yes on 2A,25.0,1,name+zip,True
2023,d05478,2023|issue|Yes on 2A,100.0,1,name+zip,True
2023,d05687,2023|issue|Yes on 2A,100.0,1,name+zip,True
2023,d05692,2023|issue|Yes on 2A,103.48,1,name+zip,True
2023,d06173,2023|issue|Yes on 2A,103.48,1,name+zip,True
2023,d06521,2023|issue|Yes on 2A,103.48,1,name+zip,True
2023,d06592,2023|issue|Yes on 2A,50.0,1,name+zip,True
2023,d06842,2023|issue|Yes on 2A,257.94,1,name+zip,True
2023,d06907,2023|issue|Yes on 2A,103.48,1,name+zip,True
2023,d06950,2023|issue|Yes on 2A,300.0,1,name+zip,True
2023,d07032,2023|issue|Yes on 2A,44.64,1,name+zip,True
2023,d07192,2023|issue|Yes on 2A,100.0,1,name+zip,True
2023,d07440,2023|issue|Yes on 2A,100.0,1,name+zip,True
2023,d07670,2023|issue|Yes on 2A,257.94,1,name+zip,True
2023,d07756,2023|issue|Yes on 2A,103.48,1,name+zip,True
2023,d07773,2023|issue|Yes on 2A,257.94,1,name+zip,True
2023,d07790,2023|issue|Yes on 2A,1.02,1,name+zip,True
2024,d00728,2024|issue|Airport Neighborhood Campaign,13499.0,3,name only,False
2024,d00801,2024|issue|Airport Neighborhood Campaign,5766.14,12,name->unique prior zip,True
2024,d06989,2024|issue|Airport Neighborhood Campaign,2500.0,3,name->unique prior zip,True
2024,d07851,2024|issue|Airport Neighborhood Campaign,1543.19,12,name only,False
2024,d00091,2024|issue|Save Boulder Airport,50.0,1,name only,False
2024,d00173,2024|issue|Save Boulder Airport,100.0,1,name only,False
2024,d00196,2024|issue|Save Boulder Airport,51.99,1,name only,False
2024,d00312,2024|issue|Save Boulder Airport,103.48,1,name only,False
2024,d00458,2024|issue|Save Boulder Airport,500.0,1,name only,False
2024,d00511,2024|issue|Save Boulder Airport,100.0,1,name only,False
2024,d00525,2024|issue|Save Boulder Airport,1000.0,1,name only,False
2024,d00544,2024|issue|Save Boulder Airport,21.1,1,name only,False
2024,d00562,2024|issue|Save Boulder Airport,100.0,1,name only,False
2024,d00589,2024|issue|Save Boulder Airport,100.0,1,name only,False
2024,d00637,2024|issue|Save Boulder Airport,500.0,1,name only,False
2024,d00659,2024|issue|Save Boulder Airport,100.0,1,name only,False
2024,d00722,2024|issue|Save Boulder Airport,50.0,1,name only,False
2024,d00796,2024|issue|Save Boulder Airport,350.0,2,name only,False
2024,d00817,2024|issue|Save Boulder Airport,103.48,1,name only,False
2024,d00840,2024|issue|Save Boulder Airport,150.0,1,name only,False
2024,d00863,2024|issue|Save Boulder Airport,100.0,1,name->unique prior zip,True
2024,d00890,2024|issue|Save Boulder Airport,271.73,1,name only,False
2024,d00891,2024|issue|Save Boulder Airport,51.99,1,name only,False
2024,d01183,2024|issue|Save Boulder Airport,250.0,1,name only,False
2024,d01189,2024|issue|Save Boulder Airport,21.1,1,name only,False
2024,d01299,2024|issue|Save Boulder Airport,500.0,1,name only,False
2024,d01405,2024|issue|Save Boulder Airport,100.0,1,name only,False
2024,d01432,2024|issue|Save Boulder Airport,100.0,1,name only,False
2024,d01434,2024|issue|Save Boulder Airport,200.0,1,name only,False
2024,d01474,2024|issue|Save Boulder Airport,103.48,1,name only,False
2024,d01516,2024|issue|Save Boulder Airport,1000.0,1,name only,False
2024,d01556,2024|issue|Save Boulder Airport,10.0,1,name only,False
2024,d01627,2024|issue|Save Boulder Airport,100.0,1,name only,False
2024,d01666,2024|issue|Save Boulder Airport,100.0,1,name only,False
2024,d01691,2024|issue|Save Boulder Airport,100.0,1,name only,False
2024,d01790,2024|issue|Save Boulder Airport,103.48,1,name only,False
2024,d01904,2024|issue|Save Boulder Airport,250.0,1,name only,False
2024,d01959,2024|issue|Save Boulder Airport,100.0,1,name only,False
2024,d01961,2024|issue|Save Boulder Airport,100.0,1,name only,False
2024,d02101,2024|issue|Save Boulder Airport,2000.0,1,name only,False
2024,d02107,2024|issue|Save Boulder Airport,26.25,1,name only,False
2024,d02116,2024|issue|Save Boulder Airport,25.0,1,name only,False
2024,d02169,2024|issue|Save Boulder Airport,2000.0,1,name only,False
2024,d02237,2024|issue|Save Boulder Airport,500.0,1,name only,False
2024,d02270,2024|issue|Save Boulder Airport,1545.14,1,name only,False
2024,d02313,2024|issue|Save Boulder Airport,26.25,1,name only,False
2024,d02412,2024|issue|Save Boulder Airport,500.0,1,name->unique prior zip,True
2024,d02462,2024|issue|Save Boulder Airport,100.0,1,name only,False
2024,d02498,2024|issue|Save Boulder Airport,200.0,1,name only,False
2024,d02593,2024|issue|Save Boulder Airport,50.0,1,name only,False
2024,d02692,2024|issue|Save Boulder Airport,200.0,1,name only,False
2024,d02723,2024|issue|Save Boulder Airport,2000.0,1,name->unique prior zip,True
2024,d02865,2024|issue|Save Boulder Airport,103.48,1,name only,False
2024,d02945,2024|issue|Save Boulder Airport,100.0,1,name only,False
2024,d02993,2024|issue|Save Boulder Airport,100.0,1,name->unique prior zip,True
2024,d03029,2024|issue|Save Boulder Airport,2000.0,1,name only,False
2024,d03140,2024|issue|Save Boulder Airport,100.0,1,name only,False
2024,d03156,2024|issue|Save Boulder Airport,500.0,1,name only,False
2024,d03238,2024|issue|Save Boulder Airport,2000.0,1,name only,False
2024,d03322,2024|issue|Save Boulder Airport,250.0,1,name only,False
2024,d03337,2024|issue|Save Boulder Airport,103.48,1,name only,False
2024,d03406,2024|issue|Save Boulder Airport,50.0,1,name only,False
2024,d03470,2024|issue|Save Boulder Airport,20.0,1,name only,False
2024,d03537,2024|issue|Save Boulder Airport,100.0,1,name->unique prior zip,True
2024,d03559,2024|issue|Save Boulder Airport,100.0,1,name->unique prior zip,True
2024,d03573,2024|issue|Save Boulder Airport,25.0,1,name->unique prior zip,True
2024,d03617,2024|issue|Save Boulder Airport,550.0,2,name only,False
2024,d03668,2024|issue|Save Boulder Airport,10.0,1,name only,False
2024,d03723,2024|issue|Save Boulder Airport,25.0,1,name only,False
2024,d03742,2024|issue|Save Boulder Airport,26.25,1,name only,False
2024,d03771,2024|issue|Save Boulder Airport,500.0,1,name only,False
2024,d04047,2024|issue|Save Boulder Airport,500.0,1,name->unique prior zip,True
2024,d04075,2024|issue|Save Boulder Airport,500.0,1,name only,False
2024,d04138,2024|issue|Save Boulder Airport,26.25,1,name only,False
2024,d04179,2024|issue|Save Boulder Airport,100.0,1,name only,False
2024,d04344,2024|issue|Save Boulder Airport,515.38,1,name only,False
2024,d04423,2024|issue|Save Boulder Airport,300.0,1,name only,False
2024,d04571,2024|issue|Save Boulder Airport,50.0,1,name only,False
2024,d04707,2024|issue|Save Boulder Airport,51.99,1,name only,False
2024,d04724,2024|issue|Save Boulder Airport,309.43,1,name->unique prior zip,True
2024,d04994,2024|issue|Save Boulder Airport,1000.0,1,name only,False
2024,d05196,2024|issue|Save Boulder Airport,50.0,1,name only,False
2024,d05448,2024|issue|Save Boulder Airport,103.48,1,name only,False
2024,d05463,2024|issue|Save Boulder Airport,210.0,1,name only,False
2024,d05480,2024|issue|Save Boulder Airport,100.0,1,name only,False
2024,d05495,2024|issue|Save Boulder Airport,2000.0,1,name only,False
2024,d05747,2024|issue|Save Boulder Airport,51.99,1,name only,False
2024,d05787,2024|issue|Save Boulder Airport,150.0,1,name only,False
2024,d05810,2024|issue|Save Boulder Airport,200.0,1,name only,False
2024,d05818,2024|issue|Save Boulder Airport,100.0,1,name only,False
2024,d05862,2024|issue|Save Boulder Airport,200.0,1,name only,False
2024,d05988,2024|issue|Save Boulder Airport,50.0,1,name only,False
2024,d06000,2024|issue|Save Boulder Airport,100.0,1,name only,False
2024,d06018,2024|issue|Save Boulder Airport,40.0,1,name only,False
2024,d06025,2024|issue|Save Boulder Airport,1000.0,1,name only,False
2024,d06173,2024|issue|Save Boulder Airport,100.0,1,name->unique prior zip,True
2024,d06242,2024|issue|Save Boulder Airport,103.48,1,name only,False
2024,d06251,2024|issue|Save Boulder Airport,40.0,1,name only,False
2024,d06268,2024|issue|Save Boulder Airport,50.0,1,name only,False
2024,d06350,2024|issue|Save Boulder Airport,103.48,1,name only,False
2024,d06460,2024|issue|Save Boulder Airport,200.0,1,name only,False
2024,d06484,2024|issue|Save Boulder Airport,500.0,1,name->unique prior zip,True
2024,d06500,2024|issue|Save Boulder Airport,52.56,2,name only,False
2024,d06503,2024|issue|Save Boulder Airport,100.0,1,name only,False
2024,d06555,2024|issue|Save Boulder Airport,1000.0,2,name only,False
2024,d06578,2024|issue|Save Boulder Airport,500.0,1,name->unique prior zip,True
2024,d06606,2024|issue|Save Boulder Airport,500.0,1,name only,False
2024,d06610,2024|issue|Save Boulder Airport,100.0,1,name only,False
2024,d06617,2024|issue|Save Boulder Airport,100.0,1,name only,False
2024,d06744,2024|issue|Save Boulder Airport,100.0,1,name only,False
2024,d06754,2024|issue|Save Boulder Airport,154.96,1,name->unique prior zip,True
2024,d06830,2024|issue|Save Boulder Airport,206.46,1,name only,False
2024,d06938,2024|issue|Save Boulder Airport,103.48,1,name only,False
2024,d07098,2024|issue|Save Boulder Airport,20.0,1,name only,False
2024,d07266,2024|issue|Save Boulder Airport,75.0,1,name only,False
2024,d07672,2024|issue|Save Boulder Airport,51.99,1,name only,False
2024,d07788,2024|issue|Save Boulder Airport,500.0,1,name only,False
2024,d07815,2024|issue|Save Boulder Airport,10.0,1,name only,False
2024,d07844,2024|issue|Save Boulder Airport,15.0,1,name only,False
2024,d07873,2024|issue|Save Boulder Airport,100.0,1,name only,False
2024,d07913,2024|issue|Save Boulder Airport,500.0,1,name only,False
2024,d08006,2024|issue|Save Boulder Airport,500.0,1,name only,False
2024,d08011,2024|issue|Save Boulder Airport,515.38,1,name only,False
2024,d08091,2024|issue|Save Boulder Airport,51.99,1,name only,False
2024,d08150,2024|issue|Save Boulder Airport,41.69,1,name only,False
2025,d00082,2025|cand|Aaron Stone,26.82,1,name only,False
2025,d00294,2025|cand|Aaron Stone,26.82,1,name only,False
2025,d00392,2025|cand|Aaron Stone,25.0,1,name only,False
2025,d00410,2025|cand|Aaron Stone,25.0,1,name only,False
2025,d00553,2025|cand|Aaron Stone,30.0,1,name->unique prior zip,True
2025,d00591,2025|cand|Aaron Stone,50.0,1,name only,False
2025,d00688,2025|cand|Aaron Stone,25.0,1,name only,False
2025,d00752,2025|cand|Aaron Stone,100.0,1,name only,False
2025,d00790,2025|cand|Aaron Stone,15.0,1,name only,False
2025,d00876,2025|cand|Aaron Stone,26.82,1,name only,False
2025,d00877,2025|cand|Aaron Stone,75.0,2,name->unique prior zip,True
2025,d00935,2025|cand|Aaron Stone,51.82,2,name only,False
2025,d01167,2025|cand|Aaron Stone,25.0,1,name only,False
2025,d01251,2025|cand|Aaron Stone,26.82,1,name only,False
2025,d01268,2025|cand|Aaron Stone,26.82,1,name only,False
2025,d01364,2025|cand|Aaron Stone,25.0,1,name only,False
2025,d01396,2025|cand|Aaron Stone,30.0,1,name->unique prior zip,True
2025,d01553,2025|cand|Aaron Stone,25.0,1,name only,False
2025,d01588,2025|cand|Aaron Stone,60.0,1,name only,False
2025,d01700,2025|cand|Aaron Stone,100.0,1,name->unique prior zip,True
2025,d01791,2025|cand|Aaron Stone,25.0,1,name only,False
2025,d01844,2025|cand|Aaron Stone,50.0,1,name only,False
2025,d01927,2025|cand|Aaron Stone,25.0,1,name only,False
2025,d02172,2025|cand|Aaron Stone,25.0,1,name only,False
2025,d02261,2025|cand|Aaron Stone,25.0,1,name only,False
2025,d02283,2025|cand|Aaron Stone,50.0,1,name only,False
2025,d02286,2025|cand|Aaron Stone,50.0,1,name only,False
2025,d02430,2025|cand|Aaron Stone,10.0,1,name only,False
2025,d02520,2025|cand|Aaron Stone,100.0,1,name only,False
2025,d02571,2025|cand|Aaron Stone,50.0,1,name only,False
2025,d02636,2025|cand|Aaron Stone,25.0,1,name only,False
2025,d02673,2025|cand|Aaron Stone,100.0,2,name only,False
2025,d02749,2025|cand|Aaron Stone,20.0,1,name only,False
2025,d02776,2025|cand|Aaron Stone,40.0,1,name->unique prior zip,True
2025,d02869,2025|cand|Aaron Stone,25.0,1,name only,False
2025,d02904,2025|cand|Aaron Stone,100.0,1,name only,False
2025,d02928,2025|cand|Aaron Stone,60.0,1,name only,False
2025,d02940,2025|cand|Aaron Stone,100.0,1,name only,False
2025,d02968,2025|cand|Aaron Stone,20.0,1,name only,False
2025,d03024,2025|cand|Aaron Stone,50.0,1,name only,False
2025,d03080,2025|cand|Aaron Stone,50.0,2,name only,False
2025,d03263,2025|cand|Aaron Stone,15.0,1,name only,False
2025,d03293,2025|cand|Aaron Stone,100.0,1,name only,False
2025,d03300,2025|cand|Aaron Stone,26.82,1,name only,False
2025,d03600,2025|cand|Aaron Stone,100.0,1,name only,False
2025,d03687,2025|cand|Aaron Stone,25.0,1,name only,False
2025,d03767,2025|cand|Aaron Stone,25.0,1,name only,False
2025,d03794,2025|cand|Aaron Stone,100.0,1,name only,False
2025,d03891,2025|cand|Aaron Stone,100.0,1,name only,False
2025,d03931,2025|cand|Aaron Stone,10.0,1,name only,False
2025,d03981,2025|cand|Aaron Stone,100.0,1,name only,False
2025,d04042,2025|cand|Aaron Stone,53.12,1,name only,False
2025,d04212,2025|cand|Aaron Stone,30.0,1,name only,False
2025,d04551,2025|cand|Aaron Stone,25.0,1,name only,False
2025,d04561,2025|cand|Aaron Stone,100.0,1,name only,False
2025,d04596,2025|cand|Aaron Stone,53.12,1,name only,False
2025,d04610,2025|cand|Aaron Stone,50.0,1,name only,False
2025,d04636,2025|cand|Aaron Stone,25.0,1,name only,False
2025,d04663,2025|cand|Aaron Stone,53.12,1,name only,False
2025,d04671,2025|cand|Aaron Stone,26.82,1,name only,False
2025,d04788,2025|cand|Aaron Stone,50.0,1,name only,False
2025,d04819,2025|cand|Aaron Stone,50.0,1,name only,False
2025,d04841,2025|cand|Aaron Stone,26.82,1,name only,False
2025,d04864,2025|cand|Aaron Stone,50.0,1,name only,False
2025,d04868,2025|cand|Aaron Stone,25.0,1,name only,False
2025,d05102,2025|cand|Aaron Stone,100.0,1,name only,False
2025,d05107,2025|cand|Aaron Stone,50.0,1,name only,False
2025,d05125,2025|cand|Aaron Stone,25.0,1,name only,False
2025,d05267,2025|cand|Aaron Stone,25.0,1,name only,False
2025,d05362,2025|cand|Aaron Stone,30.0,1,name only,False
2025,d05418,2025|cand|Aaron Stone,50.0,1,name->unique prior zip,True
2025,d05451,2025|cand|Aaron Stone,100.0,2,name only,False
2025,d05453,2025|cand|Aaron Stone,20.0,1,name only,False
2025,d05785,2025|cand|Aaron Stone,25.0,1,name only,False
2025,d06109,2025|cand|Aaron Stone,25.0,2,name only,False
2025,d06130,2025|cand|Aaron Stone,100.0,1,name only,False
2025,d06145,2025|cand|Aaron Stone,50.0,1,name only,False
2025,d06146,2025|cand|Aaron Stone,50.0,1,name only,False
2025,d06193,2025|cand|Aaron Stone,10.0,1,name only,False
2025,d06317,2025|cand|Aaron Stone,25.0,1,name only,False
2025,d06323,2025|cand|Aaron Stone,25.0,1,name only,False
2025,d06372,2025|cand|Aaron Stone,100.0,1,name only,False
2025,d06434,2025|cand|Aaron Stone,100.0,1,name only,False
2025,d06559,2025|cand|Aaron Stone,25.0,1,name only,False
2025,d06601,2025|cand|Aaron Stone,26.82,1,name only,False
2025,d06625,2025|cand|Aaron Stone,26.82,1,name->unique prior zip,True
2025,d06657,2025|cand|Aaron Stone,25.0,1,name only,False
2025,d06665,2025|cand|Aaron Stone,26.82,1,name only,False
2025,d06701,2025|cand|Aaron Stone,100.0,1,name only,False
2025,d06721,2025|cand|Aaron Stone,26.82,1,name only,False
2025,d07167,2025|cand|Aaron Stone,100.0,1,name->unique prior zip,True
2025,d07187,2025|cand|Aaron Stone,25.0,1,name only,False
2025,d07271,2025|cand|Aaron Stone,100.0,1,name only,False
2025,d07362,2025|cand|Aaron Stone,50.0,1,name only,False
2025,d07420,2025|cand|Aaron Stone,25.0,1,name->unique prior zip,True
2025,d07431,2025|cand|Aaron Stone,25.0,1,name only,False
2025,d07455,2025|cand|Aaron Stone,25.0,1,name only,False
2025,d07514,2025|cand|Aaron Stone,50.0,1,name only,False
2025,d07536,2025|cand|Aaron Stone,50.0,1,name only,False
2025,d07573,2025|cand|Aaron Stone,50.0,1,name only,False
2025,d07607,2025|cand|Aaron Stone,25.0,1,name only,False
2025,d07627,2025|cand|Aaron Stone,20.0,1,name only,False
2025,d07640,2025|cand|Aaron Stone,50.0,1,name only,False
2025,d07716,2025|cand|Aaron Stone,26.82,1,name only,False
2025,d07762,2025|cand|Aaron Stone,53.12,1,name only,False
2025,d07772,2025|cand|Aaron Stone,100.0,1,name->unique prior zip,True
2025,d07862,2025|cand|Aaron Stone,20.0,1,name only,False
2025,d07896,2025|cand|Aaron Stone,10.0,1,name only,False
2025,d07925,2025|cand|Aaron Stone,25.0,1,name only,False
2025,d08032,2025|cand|Aaron Stone,25.0,1,name only,False
2025,d08068,2025|cand|Aaron Stone,25.0,1,name only,False
2025,d08133,2025|cand|Aaron Stone,32.08,1,name only,False
2025,d08160,2025|cand|Aaron Stone,100.0,1,name only,False
2025,d00049,2025|cand|Jennifer Robins,100.0,1,name->unique prior zip,True
2025,d00113,2025|cand|Jennifer Robins,100.0,1,name->unique prior zip,True
2025,d00146,2025|cand|Jennifer Robins,100.0,1,name only,False
2025,d00229,2025|cand|Jennifer Robins,100.0,1,name only,False
2025,d00427,2025|cand|Jennifer Robins,100.0,1,name->unique prior zip,True
2025,d00475,2025|cand|Jennifer Robins,100.0,1,name only,False
2025,d00527,2025|cand|Jennifer Robins,100.0,1,name only,False
2025,d00596,2025|cand|Jennifer Robins,100.0,1,name->unique prior zip,True
2025,d00627,2025|cand|Jennifer Robins,25.0,1,name->unique prior zip,True
2025,d00708,2025|cand|Jennifer Robins,100.0,1,name->unique prior zip,True
2025,d00759,2025|cand|Jennifer Robins,100.0,1,name->unique prior zip,True
2025,d00775,2025|cand|Jennifer Robins,100.0,1,name->unique prior zip,True
2025,d00853,2025|cand|Jennifer Robins,50.0,1,name->unique prior zip,True
2025,d00855,2025|cand|Jennifer Robins,100.0,1,name->unique prior zip,True
2025,d00929,2025|cand|Jennifer Robins,100.0,1,name->unique prior zip,True
2025,d00954,2025|cand|Jennifer Robins,50.0,1,name->unique prior zip,True
2025,d01003,2025|cand|Jennifer Robins,100.0,1,name only,False
2025,d01064,2025|cand|Jennifer Robins,100.0,1,name->unique prior zip,True
2025,d01066,2025|cand|Jennifer Robins,100.0,1,name only,False
2025,d01146,2025|cand|Jennifer Robins,100.0,1,name only,False
2025,d01229,2025|cand|Jennifer Robins,100.0,1,name->unique prior zip,True
2025,d01241,2025|cand|Jennifer Robins,100.0,1,name->unique prior zip,True
2025,d01269,2025|cand|Jennifer Robins,100.0,1,name->unique prior zip,True
2025,d01328,2025|cand|Jennifer Robins,100.0,1,name->unique prior zip,True
2025,d01355,2025|cand|Jennifer Robins,100.0,1,name only,False
2025,d01382,2025|cand|Jennifer Robins,100.0,1,name->unique prior zip,True
2025,d01409,2025|cand|Jennifer Robins,100.0,1,name only,False
2025,d01525,2025|cand|Jennifer Robins,100.0,1,name only,False
2025,d01852,2025|cand|Jennifer Robins,100.0,1,name only,False
2025,d01922,2025|cand|Jennifer Robins,100.0,1,name->unique prior zip,True
2025,d02042,2025|cand|Jennifer Robins,100.0,1,name only,False
2025,d02100,2025|cand|Jennifer Robins,100.0,1,name only,False
2025,d02195,2025|cand|Jennifer Robins,100.0,1,name->unique prior zip,True
2025,d02209,2025|cand|Jennifer Robins,100.0,1,name->unique prior zip,True
2025,d02213,2025|cand|Jennifer Robins,100.0,1,name->unique prior zip,True
2025,d02315,2025|cand|Jennifer Robins,100.0,1,name->unique prior zip,True
2025,d02378,2025|cand|Jennifer Robins,75.0,1,name->unique prior zip,True
2025,d02387,2025|cand|Jennifer Robins,100.0,1,name only,False
2025,d02459,2025|cand|Jennifer Robins,25.0,1,name->unique prior zip,True
2025,d02510,2025|cand|Jennifer Robins,100.0,1,name->unique prior zip,True
2025,d02523,2025|cand|Jennifer Robins,100.0,1,name only,False
2025,d02545,2025|cand|Jennifer Robins,100.0,1,name only,False
2025,d02564,2025|cand|Jennifer Robins,100.0,1,name only,False
2025,d02631,2025|cand|Jennifer Robins,100.0,1,name->unique prior zip,True
2025,d02683,2025|cand|Jennifer Robins,100.0,1,name only,False
2025,d02688,2025|cand|Jennifer Robins,100.0,1,name only,False
2025,d02764,2025|cand|Jennifer Robins,100.0,1,name->unique prior zip,True
2025,d02775,2025|cand|Jennifer Robins,100.0,1,name->unique prior zip,True
2025,d02844,2025|cand|Jennifer Robins,100.0,1,name->unique prior zip,True
2025,d02864,2025|cand|Jennifer Robins,100.0,1,name only,False
2025,d02914,2025|cand|Jennifer Robins,25.0,1,name->unique prior zip,True
2025,d02932,2025|cand|Jennifer Robins,100.0,1,name->unique prior zip,True
2025,d03145,2025|cand|Jennifer Robins,50.0,1,name only,False
2025,d03170,2025|cand|Jennifer Robins,100.0,1,name->unique prior zip,True
2025,d03193,2025|cand|Jennifer Robins,100.0,1,name->unique prior zip,True
2025,d03194,2025|cand|Jennifer Robins,100.0,1,name->unique prior zip,True
2025,d03246,2025|cand|Jennifer Robins,50.0,1,name->unique prior zip,True
2025,d03254,2025|cand|Jennifer Robins,100.0,1,name only,False
2025,d03311,2025|cand|Jennifer Robins,100.0,1,name only,False
2025,d03359,2025|cand|Jennifer Robins,100.0,1,name->unique prior zip,True
2025,d03484,2025|cand|Jennifer Robins,200.0,2,name->unique prior zip,True
2025,d03493,2025|cand|Jennifer Robins,100.0,1,name->unique prior zip,True
2025,d03521,2025|cand|Jennifer Robins,1845.0,1,name only,False
2025,d03541,2025|cand|Jennifer Robins,100.0,1,name only,False
2025,d03560,2025|cand|Jennifer Robins,50.0,1,name only,False
2025,d03606,2025|cand|Jennifer Robins,100.0,1,name->unique prior zip,True
2025,d03617,2025|cand|Jennifer Robins,100.0,1,name only,False
2025,d03649,2025|cand|Jennifer Robins,50.0,1,name only,False
2025,d03744,2025|cand|Jennifer Robins,100.0,1,name->unique prior zip,True
2025,d03992,2025|cand|Jennifer Robins,50.0,1,name only,False
2025,d03997,2025|cand|Jennifer Robins,100.0,1,name->unique prior zip,True
2025,d04020,2025|cand|Jennifer Robins,100.0,1,name->unique prior zip,True
2025,d04032,2025|cand|Jennifer Robins,100.0,1,name only,False
2025,d04035,2025|cand|Jennifer Robins,100.0,1,name only,False
2025,d04036,2025|cand|Jennifer Robins,75.0,1,name only,False
2025,d04107,2025|cand|Jennifer Robins,100.0,1,name only,False
2025,d04183,2025|cand|Jennifer Robins,100.0,1,name->unique prior zip,True
2025,d04223,2025|cand|Jennifer Robins,100.0,1,name only,False
2025,d04313,2025|cand|Jennifer Robins,100.0,1,name->unique prior zip,True
2025,d04393,2025|cand|Jennifer Robins,100.0,1,name only,False
2025,d04497,2025|cand|Jennifer Robins,100.0,1,name only,False
2025,d04559,2025|cand|Jennifer Robins,100.0,1,name only,False
2025,d04807,2025|cand|Jennifer Robins,100.0,1,name only,False
2025,d04903,2025|cand|Jennifer Robins,100.0,1,name->unique prior zip,True
2025,d04910,2025|cand|Jennifer Robins,100.0,1,name->unique prior zip,True
2025,d04926,2025|cand|Jennifer Robins,100.0,1,name->unique prior zip,True
2025,d04946,2025|cand|Jennifer Robins,100.0,1,name only,False
2025,d04974,2025|cand|Jennifer Robins,100.0,1,name->unique prior zip,True
2025,d04999,2025|cand|Jennifer Robins,100.0,1,name only,False
2025,d05062,2025|cand|Jennifer Robins,100.0,1,name->unique prior zip,True
2025,d05072,2025|cand|Jennifer Robins,100.0,1,name->unique prior zip,True
2025,d05205,2025|cand|Jennifer Robins,100.0,1,name->unique prior zip,True
2025,d05278,2025|cand|Jennifer Robins,50.0,1,name->unique prior zip,True
2025,d05598,2025|cand|Jennifer Robins,100.0,1,name->unique prior zip,True
2025,d05642,2025|cand|Jennifer Robins,50.0,1,name->unique prior zip,True
2025,d05645,2025|cand|Jennifer Robins,100.0,1,name only,False
2025,d05679,2025|cand|Jennifer Robins,100.0,1,name only,False
2025,d05751,2025|cand|Jennifer Robins,100.0,1,name only,False
2025,d05961,2025|cand|Jennifer Robins,100.0,1,name->unique prior zip,True
2025,d05985,2025|cand|Jennifer Robins,100.0,1,name->unique prior zip,True
2025,d05998,2025|cand|Jennifer Robins,200.0,2,name->unique prior zip,True
2025,d06039,2025|cand|Jennifer Robins,25.0,1,name only,False
2025,d06301,2025|cand|Jennifer Robins,100.0,1,name only,False
2025,d06311,2025|cand|Jennifer Robins,100.0,1,name->unique prior zip,True
2025,d06314,2025|cand|Jennifer Robins,100.0,1,name->unique prior zip,True
2025,d06471,2025|cand|Jennifer Robins,100.0,1,name only,False
2025,d06678,2025|cand|Jennifer Robins,25.0,1,name->unique prior zip,True
2025,d06681,2025|cand|Jennifer Robins,25.0,1,name only,False
2025,d06737,2025|cand|Jennifer Robins,100.0,1,name->unique prior zip,True
2025,d06740,2025|cand|Jennifer Robins,100.0,1,name->unique prior zip,True
2025,d06763,2025|cand|Jennifer Robins,100.0,1,name only,False
2025,d06839,2025|cand|Jennifer Robins,100.0,1,name->unique prior zip,True
2025,d06899,2025|cand|Jennifer Robins,25.0,1,name->unique prior zip,True
2025,d06909,2025|cand|Jennifer Robins,100.0,1,name->unique prior zip,True
2025,d06971,2025|cand|Jennifer Robins,100.0,1,name->unique prior zip,True
2025,d07038,2025|cand|Jennifer Robins,100.0,1,name->unique prior zip,True
2025,d07087,2025|cand|Jennifer Robins,100.0,1,name->unique prior zip,True
2025,d07125,2025|cand|Jennifer Robins,100.0,1,name only,False
2025,d07168,2025|cand|Jennifer Robins,100.0,1,name only,False
2025,d07363,2025|cand|Jennifer Robins,100.0,1,name only,False
2025,d07552,2025|cand|Jennifer Robins,100.0,1,name only,False
2025,d07638,2025|cand|Jennifer Robins,50.0,1,name only,False
2025,d07686,2025|cand|Jennifer Robins,100.0,1,name only,False
2025,d07783,2025|cand|Jennifer Robins,100.0,1,name only,False
2025,d07793,2025|cand|Jennifer Robins,100.0,1,name->unique prior zip,True
2025,d07864,2025|cand|Jennifer Robins,50.0,1,name only,False
2025,d07923,2025|cand|Jennifer Robins,50.0,1,name only,False
2025,d07928,2025|cand|Jennifer Robins,100.0,1,name->unique prior zip,True
2025,d08076,2025|cand|Jennifer Robins,100.0,1,name only,False
2025,d08109,2025|cand|Jennifer Robins,100.0,1,name->unique prior zip,True
2025,d08144,2025|cand|Jennifer Robins,100.0,1,name->unique prior zip,True
2025,d00008,2025|cand|Lauren Folkerts,50.0,1,name only,False
2025,d00009,2025|cand|Lauren Folkerts,25.0,1,name->unique prior zip,True
2025,d00053,2025|cand|Lauren Folkerts,100.0,1,name only,False
2025,d00078,2025|cand|Lauren Folkerts,14.0,1,name->unique prior zip,True
2025,d00186,2025|cand|Lauren Folkerts,100.0,1,name->unique prior zip,True
2025,d00216,2025|cand|Lauren Folkerts,100.0,1,name->unique prior zip,True
2025,d00261,2025|cand|Lauren Folkerts,25.0,1,name only,False
2025,d00296,2025|cand|Lauren Folkerts,100.0,1,name only,False
2025,d00307,2025|cand|Lauren Folkerts,10.0,1,name only,False
2025,d00374,2025|cand|Lauren Folkerts,100.0,1,name only,False
2025,d00378,2025|cand|Lauren Folkerts,100.0,1,name->unique prior zip,True
2025,d00532,2025|cand|Lauren Folkerts,25.0,1,name only,False
2025,d00612,2025|cand|Lauren Folkerts,25.0,1,name->unique prior zip,True
2025,d00635,2025|cand|Lauren Folkerts,100.0,1,name only,False
2025,d00663,2025|cand|Lauren Folkerts,100.0,1,name->unique prior zip,True
2025,d00801,2025|cand|Lauren Folkerts,100.0,1,name->unique prior zip,True
2025,d00824,2025|cand|Lauren Folkerts,100.0,1,name only,False
2025,d00913,2025|cand|Lauren Folkerts,50.0,1,name only,False
2025,d00974,2025|cand|Lauren Folkerts,100.0,1,name only,False
2025,d00989,2025|cand|Lauren Folkerts,100.0,1,name->unique prior zip,True
2025,d01061,2025|cand|Lauren Folkerts,25.0,1,name only,False
2025,d01106,2025|cand|Lauren Folkerts,100.0,1,name->unique prior zip,True
2025,d01185,2025|cand|Lauren Folkerts,100.0,1,name->unique prior zip,True
2025,d01273,2025|cand|Lauren Folkerts,100.0,1,name->unique prior zip,True
2025,d01291,2025|cand|Lauren Folkerts,100.0,1,name only,False
2025,d01346,2025|cand|Lauren Folkerts,20.0,1,name only,False
2025,d01532,2025|cand|Lauren Folkerts,25.0,1,name only,False
2025,d01570,2025|cand|Lauren Folkerts,50.0,1,name only,False
2025,d01577,2025|cand|Lauren Folkerts,100.0,1,name->unique prior zip,True
2025,d01639,2025|cand|Lauren Folkerts,100.0,1,name only,False
2025,d01726,2025|cand|Lauren Folkerts,100.0,1,name->unique prior zip,True
2025,d01843,2025|cand|Lauren Folkerts,50.0,1,name->unique prior zip,True
2025,d01980,2025|cand|Lauren Folkerts,100.0,1,name only,False
2025,d02004,2025|cand|Lauren Folkerts,100.0,1,name->unique prior zip,True
2025,d02017,2025|cand|Lauren Folkerts,25.0,1,name->unique prior zip,True
2025,d02040,2025|cand|Lauren Folkerts,25.0,1,name only,False
2025,d02186,2025|cand|Lauren Folkerts,100.0,1,name only,False
2025,d02195,2025|cand|Lauren Folkerts,100.0,1,name->unique prior zip,True
2025,d02197,2025|cand|Lauren Folkerts,50.0,1,name only,False
2025,d02203,2025|cand|Lauren Folkerts,100.0,1,name only,False
2025,d02214,2025|cand|Lauren Folkerts,100.0,1,name->unique prior zip,True
2025,d02230,2025|cand|Lauren Folkerts,100.0,1,name only,False
2025,d02259,2025|cand|Lauren Folkerts,50.0,1,name only,False
2025,d02412,2025|cand|Lauren Folkerts,100.0,1,name->unique prior zip,True
2025,d02413,2025|cand|Lauren Folkerts,100.0,1,name->unique prior zip,True
2025,d02527,2025|cand|Lauren Folkerts,100.0,1,name only,False
2025,d02612,2025|cand|Lauren Folkerts,100.0,1,name->unique prior zip,True
2025,d02687,2025|cand|Lauren Folkerts,50.0,1,name only,False
2025,d02719,2025|cand|Lauren Folkerts,100.0,1,name only,False
2025,d02808,2025|cand|Lauren Folkerts,100.0,1,name only,False
2025,d02852,2025|cand|Lauren Folkerts,50.0,1,name->unique prior zip,True
2025,d03091,2025|cand|Lauren Folkerts,100.0,1,name->unique prior zip,True
2025,d03108,2025|cand|Lauren Folkerts,100.0,1,name only,False
2025,d03129,2025|cand|Lauren Folkerts,100.0,1,name only,False
2025,d03148,2025|cand|Lauren Folkerts,100.0,1,name only,False
2025,d03201,2025|cand|Lauren Folkerts,25.0,1,name only,False
2025,d03296,2025|cand|Lauren Folkerts,25.0,1,name only,False
2025,d03407,2025|cand|Lauren Folkerts,25.0,1,name only,False
2025,d03416,2025|cand|Lauren Folkerts,100.0,1,name->unique prior zip,True
2025,d03486,2025|cand|Lauren Folkerts,50.0,1,name only,False
2025,d03502,2025|cand|Lauren Folkerts,100.0,1,name only,False
2025,d03529,2025|cand|Lauren Folkerts,100.0,1,name->unique prior zip,True
2025,d03575,2025|cand|Lauren Folkerts,100.0,1,name only,False
2025,d03667,2025|cand|Lauren Folkerts,100.0,1,name->unique prior zip,True
2025,d03704,2025|cand|Lauren Folkerts,45.0,1,name->unique prior zip,True
2025,d04032,2025|cand|Lauren Folkerts,100.0,1,name only,False
2025,d04084,2025|cand|Lauren Folkerts,50.0,1,name->unique prior zip,True
2025,d04099,2025|cand|Lauren Folkerts,50.0,1,name only,False
2025,d04112,2025|cand|Lauren Folkerts,100.0,1,name only,False
2025,d04189,2025|cand|Lauren Folkerts,100.0,1,name->unique prior zip,True
2025,d04213,2025|cand|Lauren Folkerts,100.0,1,name only,False
2025,d04226,2025|cand|Lauren Folkerts,100.0,1,name only,False
2025,d04351,2025|cand|Lauren Folkerts,25.0,1,name only,False
2025,d04365,2025|cand|Lauren Folkerts,100.0,1,name->unique prior zip,True
2025,d04446,2025|cand|Lauren Folkerts,100.0,1,name only,False
2025,d04531,2025|cand|Lauren Folkerts,10.0,1,name only,False
2025,d04535,2025|cand|Lauren Folkerts,100.0,1,name->unique prior zip,True
2025,d04557,2025|cand|Lauren Folkerts,100.0,1,name->unique prior zip,True
2025,d04584,2025|cand|Lauren Folkerts,100.0,1,name only,False
2025,d04602,2025|cand|Lauren Folkerts,100.0,1,name only,False
2025,d04697,2025|cand|Lauren Folkerts,100.0,1,name only,False
2025,d04761,2025|cand|Lauren Folkerts,100.0,1,name only,False
2025,d04806,2025|cand|Lauren Folkerts,100.0,1,name->unique prior zip,True
2025,d04848,2025|cand|Lauren Folkerts,50.0,1,name only,False
2025,d04937,2025|cand|Lauren Folkerts,100.0,1,name only,False
2025,d05007,2025|cand|Lauren Folkerts,100.0,1,name->unique prior zip,True
2025,d05034,2025|cand|Lauren Folkerts,50.0,1,name->unique prior zip,True
2025,d05064,2025|cand|Lauren Folkerts,100.0,1,name only,False
2025,d05094,2025|cand|Lauren Folkerts,100.0,1,name->unique prior zip,True
2025,d05141,2025|cand|Lauren Folkerts,50.0,1,name->unique prior zip,True
2025,d05150,2025|cand|Lauren Folkerts,100.0,1,name->unique prior zip,True
2025,d05200,2025|cand|Lauren Folkerts,100.0,1,name->unique prior zip,True
2025,d05317,2025|cand|Lauren Folkerts,100.0,1,name only,False
2025,d05329,2025|cand|Lauren Folkerts,25.0,1,name only,False
2025,d05484,2025|cand|Lauren Folkerts,25.0,1,name->unique prior zip,True
2025,d05491,2025|cand|Lauren Folkerts,100.0,1,name only,False
2025,d05528,2025|cand|Lauren Folkerts,100.0,1,name only,False
2025,d05529,2025|cand|Lauren Folkerts,50.0,1,name only,False
2025,d05563,2025|cand|Lauren Folkerts,100.0,1,name->unique prior zip,True
2025,d05751,2025|cand|Lauren Folkerts,100.0,1,name only,False
2025,d05752,2025|cand|Lauren Folkerts,100.0,1,name only,False
2025,d05839,2025|cand|Lauren Folkerts,100.0,1,name->unique prior zip,True
2025,d05930,2025|cand|Lauren Folkerts,50.0,1,name only,False
2025,d05965,2025|cand|Lauren Folkerts,50.0,1,name only,False
2025,d05976,2025|cand|Lauren Folkerts,100.0,1,name only,False
2025,d06005,2025|cand|Lauren Folkerts,100.0,1,name only,False
2025,d06062,2025|cand|Lauren Folkerts,50.0,1,name->unique prior zip,True
2025,d06150,2025|cand|Lauren Folkerts,100.0,1,name->unique prior zip,True
2025,d06176,2025|cand|Lauren Folkerts,100.0,1,name only,False
2025,d06267,2025|cand|Lauren Folkerts,100.0,1,name->unique prior zip,True
2025,d06276,2025|cand|Lauren Folkerts,100.0,1,name only,False
2025,d06340,2025|cand|Lauren Folkerts,100.0,1,name only,False
2025,d06354,2025|cand|Lauren Folkerts,25.0,1,name->unique prior zip,True
2025,d06375,2025|cand|Lauren Folkerts,100.0,1,name only,False
2025,d06399,2025|cand|Lauren Folkerts,100.0,1,name only,False
2025,d06407,2025|cand|Lauren Folkerts,50.0,1,name only,False
2025,d06414,2025|cand|Lauren Folkerts,100.0,1,name only,False
2025,d06439,2025|cand|Lauren Folkerts,100.0,1,name only,False
2025,d06563,2025|cand|Lauren Folkerts,50.0,1,name only,False
2025,d06603,2025|cand|Lauren Folkerts,25.0,1,name->unique prior zip,True
2025,d06628,2025|cand|Lauren Folkerts,100.0,1,name->unique prior zip,True
2025,d06661,2025|cand|Lauren Folkerts,100.0,1,name only,False
2025,d06783,2025|cand|Lauren Folkerts,100.0,1,name only,False
2025,d06787,2025|cand|Lauren Folkerts,50.0,1,name only,False
2025,d06881,2025|cand|Lauren Folkerts,100.0,2,name->unique prior zip,True
2025,d06989,2025|cand|Lauren Folkerts,100.0,1,name->unique prior zip,True
2025,d07013,2025|cand|Lauren Folkerts,50.0,1,name only,False
2025,d07114,2025|cand|Lauren Folkerts,100.0,1,name->unique prior zip,True
2025,d07121,2025|cand|Lauren Folkerts,100.0,1,name->unique prior zip,True
2025,d07158,2025|cand|Lauren Folkerts,75.0,1,name only,False
2025,d07218,2025|cand|Lauren Folkerts,75.0,1,name->unique prior zip,True
2025,d07246,2025|cand|Lauren Folkerts,50.0,1,name only,False
2025,d07250,2025|cand|Lauren Folkerts,50.0,1,name only,False
2025,d07328,2025|cand|Lauren Folkerts,25.0,1,name only,False
2025,d07503,2025|cand|Lauren Folkerts,100.0,1,name only,False
2025,d07621,2025|cand|Lauren Folkerts,100.0,1,name only,False
2025,d07636,2025|cand|Lauren Folkerts,100.0,1,name only,False
2025,d07678,2025|cand|Lauren Folkerts,50.0,1,name only,False
2025,d07721,2025|cand|Lauren Folkerts,50.0,1,name only,False
2025,d07770,2025|cand|Lauren Folkerts,25.0,1,name->unique prior zip,True
2025,d07842,2025|cand|Lauren Folkerts,30.0,1,name only,False
2025,d07847,2025|cand|Lauren Folkerts,50.0,1,name->unique prior zip,True
2025,d07858,2025|cand|Lauren Folkerts,50.0,1,name only,False
2025,d07919,2025|cand|Lauren Folkerts,25.0,1,name->unique prior zip,True
2025,d07938,2025|cand|Lauren Folkerts,15.0,1,name only,False
2025,d07945,2025|cand|Lauren Folkerts,100.0,1,name only,False
2025,d07961,2025|cand|Lauren Folkerts,75.0,1,name->unique prior zip,True
2025,d08007,2025|cand|Lauren Folkerts,50.0,1,name only,False
2025,d08050,2025|cand|Lauren Folkerts,100.0,1,name only,False
2025,d08076,2025|cand|Lauren Folkerts,100.0,1,name only,False
2025,d08087,2025|cand|Lauren Folkerts,100.0,1,name only,False
2025,d08100,2025|cand|Lauren Folkerts,100.0,1,name only,False
2025,d08123,2025|cand|Lauren Folkerts,100.0,1,name only,False
2025,d08129,2025|cand|Lauren Folkerts,100.0,1,name only,False
2025,d08155,2025|cand|Lauren Folkerts,100.0,1,name->unique prior zip,True
2025,d00049,2025|cand|Mark Wallach,100.0,1,name->unique prior zip,True
2025,d00226,2025|cand|Mark Wallach,100.0,1,name->unique prior zip,True
2025,d00527,2025|cand|Mark Wallach,100.0,1,name only,False
2025,d00664,2025|cand|Mark Wallach,100.0,1,name only,False
2025,d00779,2025|cand|Mark Wallach,100.0,1,name->unique prior zip,True
2025,d00864,2025|cand|Mark Wallach,100.0,1,name->unique prior zip,True
2025,d00865,2025|cand|Mark Wallach,100.0,1,name->unique prior zip,True
2025,d00954,2025|cand|Mark Wallach,100.0,1,name->unique prior zip,True
2025,d01037,2025|cand|Mark Wallach,100.0,1,name only,False
2025,d01064,2025|cand|Mark Wallach,100.0,1,name->unique prior zip,True
2025,d01066,2025|cand|Mark Wallach,100.0,1,name only,False
2025,d01070,2025|cand|Mark Wallach,100.0,1,name only,False
2025,d01116,2025|cand|Mark Wallach,100.0,1,name->unique prior zip,True
2025,d01127,2025|cand|Mark Wallach,100.0,1,name only,False
2025,d01229,2025|cand|Mark Wallach,100.0,1,name->unique prior zip,True
2025,d01328,2025|cand|Mark Wallach,100.0,1,name->unique prior zip,True
2025,d01400,2025|cand|Mark Wallach,100.0,1,name->unique prior zip,True
2025,d01413,2025|cand|Mark Wallach,100.0,1,name->unique prior zip,True
2025,d01420,2025|cand|Mark Wallach,100.0,1,name->unique prior zip,True
2025,d01458,2025|cand|Mark Wallach,100.0,1,name->unique prior zip,True
2025,d01525,2025|cand|Mark Wallach,100.0,1,name only,False
2025,d01736,2025|cand|Mark Wallach,100.0,1,name only,False
2025,d01764,2025|cand|Mark Wallach,25.0,1,name only,False
2025,d01867,2025|cand|Mark Wallach,100.0,1,name only,False
2025,d01922,2025|cand|Mark Wallach,100.0,1,name->unique prior zip,True
2025,d02042,2025|cand|Mark Wallach,100.0,1,name only,False
2025,d02110,2025|cand|Mark Wallach,100.0,1,name->unique prior zip,True
2025,d02119,2025|cand|Mark Wallach,100.0,1,name only,False
2025,d02213,2025|cand|Mark Wallach,100.0,1,name->unique prior zip,True
2025,d02378,2025|cand|Mark Wallach,75.0,1,name->unique prior zip,True
2025,d02523,2025|cand|Mark Wallach,100.0,1,name only,False
2025,d02543,2025|cand|Mark Wallach,100.0,1,name only,False
2025,d02683,2025|cand|Mark Wallach,100.0,1,name only,False
2025,d02729,2025|cand|Mark Wallach,100.0,1,name only,False
2025,d02730,2025|cand|Mark Wallach,100.0,1,name->unique prior zip,True
2025,d02775,2025|cand|Mark Wallach,100.0,1,name->unique prior zip,True
2025,d02809,2025|cand|Mark Wallach,15.0,1,name->unique prior zip,True
2025,d02864,2025|cand|Mark Wallach,100.0,1,name only,False
2025,d02927,2025|cand|Mark Wallach,100.0,1,name->unique prior zip,True
2025,d03037,2025|cand|Mark Wallach,100.0,1,name->unique prior zip,True
2025,d03069,2025|cand|Mark Wallach,100.0,1,name only,False
2025,d03086,2025|cand|Mark Wallach,100.0,1,name->unique prior zip,True
2025,d03142,2025|cand|Mark Wallach,100.0,1,name->unique prior zip,True
2025,d03158,2025|cand|Mark Wallach,100.0,1,name only,False
2025,d03311,2025|cand|Mark Wallach,100.0,1,name only,False
2025,d03375,2025|cand|Mark Wallach,100.0,1,name->unique prior zip,True
2025,d03493,2025|cand|Mark Wallach,100.0,1,name->unique prior zip,True
2025,d03516,2025|cand|Mark Wallach,100.0,1,name only,False
2025,d03583,2025|cand|Mark Wallach,100.0,1,name only,False
2025,d03701,2025|cand|Mark Wallach,100.0,1,name->unique prior zip,True
2025,d03812,2025|cand|Mark Wallach,100.0,1,name->unique prior zip,True
2025,d03875,2025|cand|Mark Wallach,100.0,1,name->unique prior zip,True
2025,d03879,2025|cand|Mark Wallach,100.0,1,name->unique prior zip,True
2025,d03914,2025|cand|Mark Wallach,100.0,1,name only,False
2025,d04012,2025|cand|Mark Wallach,100.0,1,name->unique prior zip,True
2025,d04021,2025|cand|Mark Wallach,100.0,1,name->unique prior zip,True
2025,d04049,2025|cand|Mark Wallach,100.0,1,name only,False
2025,d04112,2025|cand|Mark Wallach,100.0,1,name only,False
2025,d04169,2025|cand|Mark Wallach,100.0,1,name->unique prior zip,True
2025,d04183,2025|cand|Mark Wallach,100.0,1,name->unique prior zip,True
2025,d04200,2025|cand|Mark Wallach,100.0,1,name->unique prior zip,True
2025,d04209,2025|cand|Mark Wallach,75.0,1,name->unique prior zip,True
2025,d04297,2025|cand|Mark Wallach,100.0,1,name only,False
2025,d04368,2025|cand|Mark Wallach,100.0,1,name->unique prior zip,True
2025,d04389,2025|cand|Mark Wallach,100.0,1,name only,False
2025,d04414,2025|cand|Mark Wallach,100.0,1,name->unique prior zip,True
2025,d04429,2025|cand|Mark Wallach,100.0,1,name only,False
2025,d04436,2025|cand|Mark Wallach,50.0,1,name->unique prior zip,True
2025,d04503,2025|cand|Mark Wallach,100.0,1,name->unique prior zip,True
2025,d04657,2025|cand|Mark Wallach,100.0,1,name only,False
2025,d04680,2025|cand|Mark Wallach,100.0,1,name->unique prior zip,True
2025,d04738,2025|cand|Mark Wallach,100.0,1,name->unique prior zip,True
2025,d04856,2025|cand|Mark Wallach,100.0,1,name only,False
2025,d04910,2025|cand|Mark Wallach,100.0,1,name->unique prior zip,True
2025,d04946,2025|cand|Mark Wallach,100.0,1,name only,False
2025,d05052,2025|cand|Mark Wallach,100.0,1,name only,False
2025,d05064,2025|cand|Mark Wallach,100.0,1,name only,False
2025,d05072,2025|cand|Mark Wallach,100.0,1,name->unique prior zip,True
2025,d05155,2025|cand|Mark Wallach,100.0,1,name only,False
2025,d05174,2025|cand|Mark Wallach,100.0,1,name only,False
2025,d05182,2025|cand|Mark Wallach,100.0,1,name only,False
2025,d05205,2025|cand|Mark Wallach,100.0,1,name->unique prior zip,True
2025,d05228,2025|cand|Mark Wallach,50.0,1,name only,False
2025,d05233,2025|cand|Mark Wallach,100.0,1,name->unique prior zip,True
2025,d05278,2025|cand|Mark Wallach,100.0,1,name->unique prior zip,True
2025,d05347,2025|cand|Mark Wallach,100.0,1,name only,False
2025,d05541,2025|cand|Mark Wallach,100.0,1,name->unique prior zip,True
2025,d05589,2025|cand|Mark Wallach,27.0,1,name->unique prior zip,True
2025,d05619,2025|cand|Mark Wallach,100.0,1,name->unique prior zip,True
2025,d05642,2025|cand|Mark Wallach,100.0,1,name->unique prior zip,True
2025,d05682,2025|cand|Mark Wallach,100.0,1,name only,False
2025,d05691,2025|cand|Mark Wallach,100.0,1,name only,False
2025,d05960,2025|cand|Mark Wallach,25.0,1,name->unique prior zip,True
2025,d05961,2025|cand|Mark Wallach,100.0,1,name->unique prior zip,True
2025,d06102,2025|cand|Mark Wallach,100.0,1,name only,False
2025,d06436,2025|cand|Mark Wallach,100.0,1,name only,False
2025,d06448,2025|cand|Mark Wallach,100.0,1,name->unique prior zip,True
2025,d06567,2025|cand|Mark Wallach,27.0,1,name->unique prior zip,True
2025,d06650,2025|cand|Mark Wallach,100.0,1,name only,False
2025,d06681,2025|cand|Mark Wallach,25.0,1,name only,False
2025,d06686,2025|cand|Mark Wallach,100.0,1,name->unique prior zip,True
2025,d06737,2025|cand|Mark Wallach,100.0,1,name->unique prior zip,True
2025,d06768,2025|cand|Mark Wallach,100.0,1,name->unique prior zip,True
2025,d06823,2025|cand|Mark Wallach,50.0,1,name only,False
2025,d06839,2025|cand|Mark Wallach,100.0,1,name->unique prior zip,True
2025,d06889,2025|cand|Mark Wallach,100.0,1,name only,False
2025,d06899,2025|cand|Mark Wallach,50.0,1,name->unique prior zip,True
2025,d07038,2025|cand|Mark Wallach,100.0,1,name->unique prior zip,True
2025,d07246,2025|cand|Mark Wallach,100.0,1,name only,False
2025,d07332,2025|cand|Mark Wallach,100.0,1,name->unique prior zip,True
2025,d07363,2025|cand|Mark Wallach,100.0,1,name only,False
2025,d07492,2025|cand|Mark Wallach,100.0,1,name->unique prior zip,True
2025,d07504,2025|cand|Mark Wallach,100.0,1,name only,False
2025,d07558,2025|cand|Mark Wallach,100.0,1,name only,False
2025,d07609,2025|cand|Mark Wallach,100.0,1,name only,False
2025,d07676,2025|cand|Mark Wallach,100.0,1,name only,False
2025,d07689,2025|cand|Mark Wallach,100.0,1,name->unique prior zip,True
2025,d07706,2025|cand|Mark Wallach,100.0,1,name->unique prior zip,True
2025,d07755,2025|cand|Mark Wallach,100.0,1,name->unique prior zip,True
2025,d07802,2025|cand|Mark Wallach,100.0,1,name->unique prior zip,True
2025,d07817,2025|cand|Mark Wallach,100.0,1,name only,False
2025,d07939,2025|cand|Mark Wallach,100.0,1,name->unique prior zip,True
2025,d08058,2025|cand|Mark Wallach,100.0,1,name->unique prior zip,True
2025,d08076,2025|cand|Mark Wallach,100.0,1,name only,False
2025,d08085,2025|cand|Mark Wallach,100.0,1,name->unique prior zip,True
2025,d08109,2025|cand|Mark Wallach,100.0,1,name->unique prior zip,True
2025,d08144,2025|cand|Mark Wallach,100.0,1,name->unique prior zip,True
2025,d00115,2025|cand|Matthew Benjamin,100.0,1,name->unique prior zip,True
2025,d00186,2025|cand|Matthew Benjamin,100.0,1,name->unique prior zip,True
2025,d00357,2025|cand|Matthew Benjamin,50.0,1,name only,False
2025,d00362,2025|cand|Matthew Benjamin,100.0,1,name->unique prior zip,True
2025,d00435,2025|cand|Matthew Benjamin,100.0,1,name only,False
2025,d00467,2025|cand|Matthew Benjamin,200.0,2,name only,False
2025,d00527,2025|cand|Matthew Benjamin,100.0,1,name only,False
2025,d00554,2025|cand|Matthew Benjamin,100.0,1,name only,False
2025,d00559,2025|cand|Matthew Benjamin,50.0,1,name->unique prior zip,True
2025,d00603,2025|cand|Matthew Benjamin,100.0,1,name->unique prior zip,True
2025,d00612,2025|cand|Matthew Benjamin,25.0,1,name->unique prior zip,True
2025,d00664,2025|cand|Matthew Benjamin,100.0,1,name only,False
2025,d00717,2025|cand|Matthew Benjamin,100.0,1,name only,False
2025,d00759,2025|cand|Matthew Benjamin,100.0,1,name->unique prior zip,True
2025,d00763,2025|cand|Matthew Benjamin,100.0,1,name only,False
2025,d00775,2025|cand|Matthew Benjamin,100.0,1,name->unique prior zip,True
2025,d00786,2025|cand|Matthew Benjamin,100.0,1,name->unique prior zip,True
2025,d00915,2025|cand|Matthew Benjamin,100.0,1,name only,False
2025,d01110,2025|cand|Matthew Benjamin,100.0,1,name->unique prior zip,True
2025,d01248,2025|cand|Matthew Benjamin,100.0,1,name->unique prior zip,True
2025,d01265,2025|cand|Matthew Benjamin,100.0,1,name->unique prior zip,True
2025,d01393,2025|cand|Matthew Benjamin,100.0,1,name only,False
2025,d01532,2025|cand|Matthew Benjamin,25.0,1,name only,False
2025,d01577,2025|cand|Matthew Benjamin,100.0,1,name->unique prior zip,True
2025,d01660,2025|cand|Matthew Benjamin,100.0,1,name only,False
2025,d01668,2025|cand|Matthew Benjamin,100.0,1,name only,False
2025,d01751,2025|cand|Matthew Benjamin,100.0,1,name only,False
2025,d02004,2025|cand|Matthew Benjamin,100.0,1,name->unique prior zip,True
2025,d02057,2025|cand|Matthew Benjamin,50.0,1,name only,False
2025,d02093,2025|cand|Matthew Benjamin,50.0,1,name->unique prior zip,True
2025,d02100,2025|cand|Matthew Benjamin,100.0,1,name only,False
2025,d02134,2025|cand|Matthew Benjamin,100.0,1,name only,False
2025,d02195,2025|cand|Matthew Benjamin,100.0,1,name->unique prior zip,True
2025,d02307,2025|cand|Matthew Benjamin,100.0,1,name only,False
2025,d02357,2025|cand|Matthew Benjamin,25.0,1,name->unique prior zip,True
2025,d02365,2025|cand|Matthew Benjamin,100.0,1,name->unique prior zip,True
2025,d02412,2025|cand|Matthew Benjamin,100.0,1,name->unique prior zip,True
2025,d02420,2025|cand|Matthew Benjamin,100.0,1,name only,False
2025,d02510,2025|cand|Matthew Benjamin,100.0,1,name->unique prior zip,True
2025,d02724,2025|cand|Matthew Benjamin,100.0,1,name->unique prior zip,True
2025,d02778,2025|cand|Matthew Benjamin,100.0,1,name->unique prior zip,True
2025,d02841,2025|cand|Matthew Benjamin,100.0,1,name only,False
2025,d03039,2025|cand|Matthew Benjamin,100.0,1,name->unique prior zip,True
2025,d03108,2025|cand|Matthew Benjamin,100.0,1,name only,False
2025,d03133,2025|cand|Matthew Benjamin,100.0,1,name only,False
2025,d03170,2025|cand|Matthew Benjamin,100.0,1,name->unique prior zip,True
2025,d03199,2025|cand|Matthew Benjamin,100.0,1,name->unique prior zip,True
2025,d03206,2025|cand|Matthew Benjamin,100.0,1,name->unique prior zip,True
2025,d03322,2025|cand|Matthew Benjamin,100.0,1,name only,False
2025,d03361,2025|cand|Matthew Benjamin,100.0,1,name only,False
2025,d03529,2025|cand|Matthew Benjamin,100.0,1,name->unique prior zip,True
2025,d03538,2025|cand|Matthew Benjamin,100.0,1,name->unique prior zip,True
2025,d03575,2025|cand|Matthew Benjamin,25.0,1,name only,False
2025,d03617,2025|cand|Matthew Benjamin,100.0,1,name only,False
2025,d03667,2025|cand|Matthew Benjamin,100.0,1,name->unique prior zip,True
2025,d03688,2025|cand|Matthew Benjamin,100.0,1,name->unique prior zip,True
2025,d03741,2025|cand|Matthew Benjamin,100.0,1,name only,False
2025,d03750,2025|cand|Matthew Benjamin,100.0,1,name only,False
2025,d03884,2025|cand|Matthew Benjamin,100.0,1,name->unique prior zip,True
2025,d03936,2025|cand|Matthew Benjamin,100.0,1,name only,False
2025,d03954,2025|cand|Matthew Benjamin,100.0,1,name->unique prior zip,True
2025,d04020,2025|cand|Matthew Benjamin,100.0,1,name->unique prior zip,True
2025,d04032,2025|cand|Matthew Benjamin,100.0,1,name only,False
2025,d04037,2025|cand|Matthew Benjamin,100.0,1,name only,False
2025,d04112,2025|cand|Matthew Benjamin,100.0,1,name only,False
2025,d04141,2025|cand|Matthew Benjamin,100.0,1,name->unique prior zip,True
2025,d04195,2025|cand|Matthew Benjamin,100.0,1,name only,False
2025,d04200,2025|cand|Matthew Benjamin,100.0,1,name->unique prior zip,True
2025,d04495,2025|cand|Matthew Benjamin,100.0,1,name only,False
2025,d04500,2025|cand|Matthew Benjamin,100.0,1,name only,False
2025,d04509,2025|cand|Matthew Benjamin,50.0,1,name->unique prior zip,True
2025,d04721,2025|cand|Matthew Benjamin,100.0,1,name only,False
2025,d04769,2025|cand|Matthew Benjamin,100.0,1,name only,False
2025,d04807,2025|cand|Matthew Benjamin,100.0,1,name only,False
2025,d04932,2025|cand|Matthew Benjamin,100.0,1,name only,False
2025,d04946,2025|cand|Matthew Benjamin,100.0,1,name only,False
2025,d05017,2025|cand|Matthew Benjamin,100.0,1,name only,False
2025,d05064,2025|cand|Matthew Benjamin,100.0,1,name only,False
2025,d05074,2025|cand|Matthew Benjamin,100.0,1,name only,False
2025,d05094,2025|cand|Matthew Benjamin,100.0,1,name->unique prior zip,True
2025,d05318,2025|cand|Matthew Benjamin,50.0,1,name only,False
2025,d05357,2025|cand|Matthew Benjamin,100.0,1,name->unique prior zip,True
2025,d05377,2025|cand|Matthew Benjamin,25.0,1,name->unique prior zip,True
2025,d05380,2025|cand|Matthew Benjamin,75.0,1,name only,False
2025,d05543,2025|cand|Matthew Benjamin,100.0,1,name->unique prior zip,True
2025,d05577,2025|cand|Matthew Benjamin,100.0,1,name only,False
2025,d05639,2025|cand|Matthew Benjamin,100.0,1,name only,False
2025,d05703,2025|cand|Matthew Benjamin,100.0,1,name->unique prior zip,True
2025,d05751,2025|cand|Matthew Benjamin,100.0,1,name only,False
2025,d05753,2025|cand|Matthew Benjamin,100.0,1,name only,False
2025,d05771,2025|cand|Matthew Benjamin,100.0,1,name->unique prior zip,True
2025,d05816,2025|cand|Matthew Benjamin,100.0,1,name only,False
2025,d05817,2025|cand|Matthew Benjamin,50.0,1,name only,False
2025,d05865,2025|cand|Matthew Benjamin,100.0,1,name->unique prior zip,True
2025,d05958,2025|cand|Matthew Benjamin,100.0,1,name only,False
2025,d05998,2025|cand|Matthew Benjamin,100.0,1,name->unique prior zip,True
2025,d06005,2025|cand|Matthew Benjamin,100.0,1,name only,False
2025,d06116,2025|cand|Matthew Benjamin,100.0,1,name->unique prior zip,True
2025,d06150,2025|cand|Matthew Benjamin,100.0,1,name->unique prior zip,True
2025,d06155,2025|cand|Matthew Benjamin,100.0,1,name->unique prior zip,True
2025,d06244,2025|cand|Matthew Benjamin,100.0,1,name only,False
2025,d06354,2025|cand|Matthew Benjamin,25.0,1,name->unique prior zip,True
2025,d06356,2025|cand|Matthew Benjamin,100.0,1,name only,False
2025,d06661,2025|cand|Matthew Benjamin,100.0,1,name only,False
2025,d06663,2025|cand|Matthew Benjamin,100.0,1,name only,False
2025,d06717,2025|cand|Matthew Benjamin,100.0,1,name only,False
2025,d06731,2025|cand|Matthew Benjamin,25.0,1,name only,False
2025,d06762,2025|cand|Matthew Benjamin,100.0,1,name only,False
2025,d07070,2025|cand|Matthew Benjamin,100.0,1,name only,False
2025,d07142,2025|cand|Matthew Benjamin,100.0,1,name->unique prior zip,True
2025,d07154,2025|cand|Matthew Benjamin,100.0,1,name only,False
2025,d07164,2025|cand|Matthew Benjamin,100.0,1,name only,False
2025,d07179,2025|cand|Matthew Benjamin,100.0,1,name only,False
2025,d07225,2025|cand|Matthew Benjamin,100.0,1,name only,False
2025,d07320,2025|cand|Matthew Benjamin,100.0,1,name->unique prior zip,True
2025,d07322,2025|cand|Matthew Benjamin,100.0,1,name only,False
2025,d07373,2025|cand|Matthew Benjamin,50.0,1,name->unique prior zip,True
2025,d07529,2025|cand|Matthew Benjamin,50.0,1,name only,False
2025,d07534,2025|cand|Matthew Benjamin,100.0,1,name only,False
2025,d07694,2025|cand|Matthew Benjamin,100.0,1,name->unique prior zip,True
2025,d07734,2025|cand|Matthew Benjamin,100.0,1,name->unique prior zip,True
2025,d07751,2025|cand|Matthew Benjamin,100.0,1,name only,False
2025,d07783,2025|cand|Matthew Benjamin,100.0,1,name only,False
2025,d07802,2025|cand|Matthew Benjamin,100.0,1,name->unique prior zip,True
2025,d07863,2025|cand|Matthew Benjamin,100.0,1,name only,False
2025,d07928,2025|cand|Matthew Benjamin,100.0,1,name->unique prior zip,True
2025,d08048,2025|cand|Matthew Benjamin,100.0,1,name only,False
2025,d08155,2025|cand|Matthew Benjamin,100.0,1,name->unique prior zip,True
2025,d00029,2025|cand|Maxwell Lord,10.3,1,name only,False
2025,d00034,2025|cand|Maxwell Lord,10.3,1,name only,False
2025,d00118,2025|cand|Maxwell Lord,5.15,1,name only,False
2025,d00729,2025|cand|Maxwell Lord,20.6,1,name only,False
2025,d00901,2025|cand|Maxwell Lord,51.5,1,name->unique prior zip,True
2025,d01214,2025|cand|Maxwell Lord,20.6,1,name only,False
2025,d01262,2025|cand|Maxwell Lord,5.15,1,name only,False
2025,d01315,2025|cand|Maxwell Lord,20.6,1,name only,False
2025,d01362,2025|cand|Maxwell Lord,5.15,1,name only,False
2025,d01386,2025|cand|Maxwell Lord,51.5,1,name only,False
2025,d02060,2025|cand|Maxwell Lord,25.0,1,name only,False
2025,d02085,2025|cand|Maxwell Lord,5.15,1,name only,False
2025,d02190,2025|cand|Maxwell Lord,5.15,1,name only,False
2025,d02196,2025|cand|Maxwell Lord,51.5,1,name only,False
2025,d02385,2025|cand|Maxwell Lord,10.3,1,name only,False
2025,d02774,2025|cand|Maxwell Lord,20.6,1,name only,False
2025,d02813,2025|cand|Maxwell Lord,5.15,1,name only,False
2025,d02863,2025|cand|Maxwell Lord,5.15,1,name only,False
2025,d02899,2025|cand|Maxwell Lord,100.0,1,name only,False
2025,d03072,2025|cand|Maxwell Lord,51.5,1,name only,False
2025,d03107,2025|cand|Maxwell Lord,10.3,1,name only,False
2025,d03212,2025|cand|Maxwell Lord,5.15,1,name only,False
2025,d03229,2025|cand|Maxwell Lord,5.15,1,name only,False
2025,d03443,2025|cand|Maxwell Lord,10.0,1,name only,False
2025,d03452,2025|cand|Maxwell Lord,20.6,1,name only,False
2025,d03466,2025|cand|Maxwell Lord,51.5,1,name only,False
2025,d03480,2025|cand|Maxwell Lord,10.3,1,name only,False
2025,d03625,2025|cand|Maxwell Lord,5.15,1,name only,False
2025,d03684,2025|cand|Maxwell Lord,5.15,1,name only,False
2025,d03743,2025|cand|Maxwell Lord,10.3,1,name only,False
2025,d03862,2025|cand|Maxwell Lord,25.75,1,name only,False
2025,d03907,2025|cand|Maxwell Lord,10.3,1,name only,False
2025,d03923,2025|cand|Maxwell Lord,10.3,1,name only,False
2025,d04027,2025|cand|Maxwell Lord,10.3,1,name only,False
2025,d04045,2025|cand|Maxwell Lord,5.15,1,name only,False
2025,d04164,2025|cand|Maxwell Lord,5.15,1,name only,False
2025,d04330,2025|cand|Maxwell Lord,20.6,1,name only,False
2025,d04345,2025|cand|Maxwell Lord,100.0,1,name->unique prior zip,True
2025,d04642,2025|cand|Maxwell Lord,5.15,1,name only,False
2025,d04697,2025|cand|Maxwell Lord,100.0,1,name only,False
2025,d05064,2025|cand|Maxwell Lord,10.3,1,name only,False
2025,d05079,2025|cand|Maxwell Lord,5.15,1,name only,False
2025,d05094,2025|cand|Maxwell Lord,100.0,1,name->unique prior zip,True
2025,d05447,2025|cand|Maxwell Lord,20.6,1,name only,False
2025,d05863,2025|cand|Maxwell Lord,5.15,1,name only,False
2025,d06042,2025|cand|Maxwell Lord,20.6,1,name only,False
2025,d06113,2025|cand|Maxwell Lord,5.15,1,name only,False
2025,d06187,2025|cand|Maxwell Lord,5.15,1,name only,False
2025,d06355,2025|cand|Maxwell Lord,30.9,1,name only,False
2025,d06441,2025|cand|Maxwell Lord,20.6,1,name only,False
2025,d06929,2025|cand|Maxwell Lord,5.15,1,name only,False
2025,d06981,2025|cand|Maxwell Lord,20.6,1,name only,False
2025,d06995,2025|cand|Maxwell Lord,5.15,1,name only,False
2025,d07297,2025|cand|Maxwell Lord,100.0,1,name only,False
2025,d07357,2025|cand|Maxwell Lord,30.0,1,name only,False
2025,d07476,2025|cand|Maxwell Lord,25.0,1,name only,False
2025,d07802,2025|cand|Maxwell Lord,100.0,1,name->unique prior zip,True
2025,d07810,2025|cand|Maxwell Lord,100.0,1,name only,False
2025,d00002,2025|cand|Nicole Speer,100.0,1,name->unique prior zip,True
2025,d00009,2025|cand|Nicole Speer,25.0,1,name->unique prior zip,True
2025,d00140,2025|cand|Nicole Speer,100.0,1,name only,False
2025,d00195,2025|cand|Nicole Speer,50.0,1,name only,False
2025,d00216,2025|cand|Nicole Speer,100.0,1,name->unique prior zip,True
2025,d00280,2025|cand|Nicole Speer,100.0,1,name only,False
2025,d00374,2025|cand|Nicole Speer,100.0,1,name only,False
2025,d00612,2025|cand|Nicole Speer,25.0,1,name->unique prior zip,True
2025,d00648,2025|cand|Nicole Speer,100.0,1,name->unique prior zip,True
2025,d00663,2025|cand|Nicole Speer,100.0,1,name->unique prior zip,True
2025,d00743,2025|cand|Nicole Speer,100.0,1,name->unique prior zip,True
2025,d00769,2025|cand|Nicole Speer,100.0,1,name->unique prior zip,True
2025,d00926,2025|cand|Nicole Speer,100.0,1,name->unique prior zip,True
2025,d00942,2025|cand|Nicole Speer,100.0,1,name only,False
2025,d00974,2025|cand|Nicole Speer,100.0,1,name only,False
2025,d00994,2025|cand|Nicole Speer,100.0,1,name->unique prior zip,True
2025,d01072,2025|cand|Nicole Speer,60.0,1,name->unique prior zip,True
2025,d01073,2025|cand|Nicole Speer,50.0,1,name->unique prior zip,True
2025,d01092,2025|cand|Nicole Speer,25.0,1,name only,False
2025,d01138,2025|cand|Nicole Speer,100.0,1,name only,False
2025,d01273,2025|cand|Nicole Speer,100.0,1,name->unique prior zip,True
2025,d01324,2025|cand|Nicole Speer,100.0,1,name only,False
2025,d01327,2025|cand|Nicole Speer,100.0,1,name only,False
2025,d01346,2025|cand|Nicole Speer,10.0,1,name only,False
2025,d01433,2025|cand|Nicole Speer,50.0,1,name->unique prior zip,True
2025,d01456,2025|cand|Nicole Speer,50.0,1,name->unique prior zip,True
2025,d01459,2025|cand|Nicole Speer,50.0,1,name->unique prior zip,True
2025,d01577,2025|cand|Nicole Speer,100.0,1,name->unique prior zip,True
2025,d01753,2025|cand|Nicole Speer,50.0,1,name->unique prior zip,True
2025,d01767,2025|cand|Nicole Speer,100.0,1,name->unique prior zip,True
2025,d01847,2025|cand|Nicole Speer,100.0,1,name only,False
2025,d01882,2025|cand|Nicole Speer,100.0,1,name only,False
2025,d02004,2025|cand|Nicole Speer,100.0,1,name->unique prior zip,True
2025,d02010,2025|cand|Nicole Speer,100.0,1,name->unique prior zip,True
2025,d02050,2025|cand|Nicole Speer,100.0,1,name only,False
2025,d02125,2025|cand|Nicole Speer,25.0,1,name only,False
2025,d02126,2025|cand|Nicole Speer,10.0,1,name only,False
2025,d02182,2025|cand|Nicole Speer,100.0,1,name->unique prior zip,True
2025,d02188,2025|cand|Nicole Speer,25.0,1,name only,False
2025,d02195,2025|cand|Nicole Speer,100.0,1,name->unique prior zip,True
2025,d02214,2025|cand|Nicole Speer,100.0,1,name->unique prior zip,True
2025,d02318,2025|cand|Nicole Speer,100.0,1,name only,False
2025,d02381,2025|cand|Nicole Speer,25.0,1,name only,False
2025,d02412,2025|cand|Nicole Speer,100.0,1,name->unique prior zip,True
2025,d02443,2025|cand|Nicole Speer,100.0,1,name only,False
2025,d02453,2025|cand|Nicole Speer,50.0,1,name only,False
2025,d02468,2025|cand|Nicole Speer,25.0,1,name->unique prior zip,True
2025,d02516,2025|cand|Nicole Speer,100.0,1,name->unique prior zip,True
2025,d02554,2025|cand|Nicole Speer,75.0,1,name->unique prior zip,True
2025,d02612,2025|cand|Nicole Speer,100.0,1,name->unique prior zip,True
2025,d02663,2025|cand|Nicole Speer,100.0,1,name only,False
2025,d02670,2025|cand|Nicole Speer,100.0,1,name only,False
2025,d02680,2025|cand|Nicole Speer,50.0,1,name only,False
2025,d02710,2025|cand|Nicole Speer,100.0,1,name only,False
2025,d02755,2025|cand|Nicole Speer,100.0,1,name only,False
2025,d02875,2025|cand|Nicole Speer,100.0,1,name->unique prior zip,True
2025,d02878,2025|cand|Nicole Speer,25.0,1,name only,False
2025,d02906,2025|cand|Nicole Speer,50.0,1,name->unique prior zip,True
2025,d02981,2025|cand|Nicole Speer,50.0,1,name only,False
2025,d03082,2025|cand|Nicole Speer,100.0,1,name only,False
2025,d03091,2025|cand|Nicole Speer,100.0,1,name->unique prior zip,True
2025,d03108,2025|cand|Nicole Speer,100.0,1,name only,False
2025,d03197,2025|cand|Nicole Speer,100.0,1,name only,False
2025,d03256,2025|cand|Nicole Speer,100.0,1,name only,False
2025,d03306,2025|cand|Nicole Speer,25.0,1,name->unique prior zip,True
2025,d03312,2025|cand|Nicole Speer,96.0,2,name->unique prior zip,True
2025,d03415,2025|cand|Nicole Speer,12.5,1,name->unique prior zip,True
2025,d03455,2025|cand|Nicole Speer,100.0,1,name->unique prior zip,True
2025,d03477,2025|cand|Nicole Speer,25.0,1,name only,False
2025,d03486,2025|cand|Nicole Speer,25.0,1,name only,False
2025,d03529,2025|cand|Nicole Speer,100.0,1,name->unique prior zip,True
2025,d03538,2025|cand|Nicole Speer,100.0,1,name->unique prior zip,True
2025,d03542,2025|cand|Nicole Speer,100.0,1,name->unique prior zip,True
2025,d03547,2025|cand|Nicole Speer,50.0,1,name only,False
2025,d03575,2025|cand|Nicole Speer,100.0,1,name only,False
2025,d03667,2025|cand|Nicole Speer,100.0,1,name->unique prior zip,True
2025,d03921,2025|cand|Nicole Speer,100.0,1,name only,False
2025,d04032,2025|cand|Nicole Speer,100.0,1,name only,False
2025,d04099,2025|cand|Nicole Speer,25.0,1,name only,False
2025,d04104,2025|cand|Nicole Speer,50.0,1,name only,False
2025,d04154,2025|cand|Nicole Speer,100.0,2,name only,False
2025,d04181,2025|cand|Nicole Speer,50.0,1,name only,False
2025,d04213,2025|cand|Nicole Speer,100.0,1,name only,False
2025,d04266,2025|cand|Nicole Speer,50.0,1,name only,False
2025,d04323,2025|cand|Nicole Speer,50.0,1,name only,False
2025,d04339,2025|cand|Nicole Speer,50.0,1,name only,False
2025,d04351,2025|cand|Nicole Speer,25.0,1,name only,False
2025,d04365,2025|cand|Nicole Speer,50.0,1,name->unique prior zip,True
2025,d04440,2025|cand|Nicole Speer,50.0,1,name->unique prior zip,True
2025,d04468,2025|cand|Nicole Speer,100.0,1,name only,False
2025,d04602,2025|cand|Nicole Speer,100.0,1,name only,False
2025,d04697,2025|cand|Nicole Speer,100.0,1,name only,False
2025,d04761,2025|cand|Nicole Speer,100.0,1,name only,False
2025,d04839,2025|cand|Nicole Speer,100.0,1,name->unique prior zip,True
2025,d04870,2025|cand|Nicole Speer,25.0,1,name->unique prior zip,True
2025,d04937,2025|cand|Nicole Speer,100.0,1,name only,False
2025,d05060,2025|cand|Nicole Speer,25.0,1,name->unique prior zip,True
2025,d05064,2025|cand|Nicole Speer,100.0,1,name only,False
2025,d05099,2025|cand|Nicole Speer,50.0,1,name only,False
2025,d05167,2025|cand|Nicole Speer,100.0,1,name->unique prior zip,True
2025,d05317,2025|cand|Nicole Speer,100.0,1,name only,False
2025,d05357,2025|cand|Nicole Speer,100.0,1,name->unique prior zip,True
2025,d05377,2025|cand|Nicole Speer,18.0,1,name->unique prior zip,True
2025,d05394,2025|cand|Nicole Speer,100.0,1,name->unique prior zip,True
2025,d05484,2025|cand|Nicole Speer,50.0,1,name->unique prior zip,True
2025,d05496,2025|cand|Nicole Speer,50.0,1,name->unique prior zip,True
2025,d05596,2025|cand|Nicole Speer,50.0,1,name only,False
2025,d05751,2025|cand|Nicole Speer,100.0,1,name only,False
2025,d05789,2025|cand|Nicole Speer,100.0,3,name only,False
2025,d05839,2025|cand|Nicole Speer,100.0,1,name->unique prior zip,True
2025,d05891,2025|cand|Nicole Speer,100.0,1,name->unique prior zip,True
2025,d05937,2025|cand|Nicole Speer,100.0,1,name->unique prior zip,True
2025,d06005,2025|cand|Nicole Speer,100.0,1,name only,False
2025,d06062,2025|cand|Nicole Speer,12.5,1,name->unique prior zip,True
2025,d06143,2025|cand|Nicole Speer,100.0,1,name->unique prior zip,True
2025,d06150,2025|cand|Nicole Speer,100.0,1,name->unique prior zip,True
2025,d06154,2025|cand|Nicole Speer,100.0,1,name->unique prior zip,True
2025,d06229,2025|cand|Nicole Speer,100.0,1,name only,False
2025,d06327,2025|cand|Nicole Speer,25.0,1,name->unique prior zip,True
2025,d06539,2025|cand|Nicole Speer,25.0,1,name->unique prior zip,True
2025,d06563,2025|cand|Nicole Speer,50.0,1,name only,False
2025,d06579,2025|cand|Nicole Speer,50.0,1,name only,False
2025,d06603,2025|cand|Nicole Speer,25.0,1,name->unique prior zip,True
2025,d06608,2025|cand|Nicole Speer,25.0,1,name only,False
2025,d06628,2025|cand|Nicole Speer,100.0,1,name->unique prior zip,True
2025,d06642,2025|cand|Nicole Speer,50.0,1,name only,False
2025,d06751,2025|cand|Nicole Speer,100.0,1,name only,False
2025,d06773,2025|cand|Nicole Speer,100.0,1,name only,False
2025,d06833,2025|cand|Nicole Speer,100.0,1,name->unique prior zip,True
2025,d06945,2025|cand|Nicole Speer,100.0,1,name only,False
2025,d06989,2025|cand|Nicole Speer,100.0,1,name->unique prior zip,True
2025,d07050,2025|cand|Nicole Speer,50.0,1,name only,False
2025,d07108,2025|cand|Nicole Speer,100.0,1,name only,False
2025,d07121,2025|cand|Nicole Speer,100.0,1,name->unique prior zip,True
2025,d07124,2025|cand|Nicole Speer,25.0,1,name->unique prior zip,True
2025,d07188,2025|cand|Nicole Speer,100.0,1,name->unique prior zip,True
2025,d07198,2025|cand|Nicole Speer,25.0,1,name only,False
2025,d07246,2025|cand|Nicole Speer,100.0,2,name only,False
2025,d07253,2025|cand|Nicole Speer,50.0,1,name only,False
2025,d07292,2025|cand|Nicole Speer,100.0,1,name only,False
2025,d07312,2025|cand|Nicole Speer,100.0,1,name only,False
2025,d07337,2025|cand|Nicole Speer,100.0,1,name only,False
2025,d07560,2025|cand|Nicole Speer,50.0,1,name only,False
2025,d07647,2025|cand|Nicole Speer,100.0,1,name only,False
2025,d07724,2025|cand|Nicole Speer,100.0,1,name->unique prior zip,True
2025,d07742,2025|cand|Nicole Speer,100.0,1,name only,False
2025,d07822,2025|cand|Nicole Speer,100.0,1,name only,False
2025,d07847,2025|cand|Nicole Speer,50.0,1,name->unique prior zip,True
2025,d07880,2025|cand|Nicole Speer,100.0,1,name only,False
2025,d07881,2025|cand|Nicole Speer,25.0,1,name only,False
2025,d07922,2025|cand|Nicole Speer,100.0,1,name->unique prior zip,True
2025,d08026,2025|cand|Nicole Speer,50.0,1,name->unique prior zip,True
2025,d08050,2025|cand|Nicole Speer,100.0,1,name only,False
2025,d08051,2025|cand|Nicole Speer,25.0,1,name->unique prior zip,True
2025,d08076,2025|cand|Nicole Speer,100.0,1,name only,False
2025,d08146,2025|cand|Nicole Speer,25.0,1,name only,False
2025,d08155,2025|cand|Nicole Speer,100.0,1,name->unique prior zip,True
2025,d00061,2025|cand|Rachel Isaacson,15.0,1,name only,False
2025,d00085,2025|cand|Rachel Isaacson,10.0,1,name only,False
2025,d00150,2025|cand|Rachel Isaacson,10.0,1,name only,False
2025,d00509,2025|cand|Rachel Isaacson,50.0,1,name only,False
2025,d00953,2025|cand|Rachel Isaacson,100.0,1,name only,False
2025,d01059,2025|cand|Rachel Isaacson,25.0,1,name only,False
2025,d01176,2025|cand|Rachel Isaacson,100.0,1,name only,False
2025,d01451,2025|cand|Rachel Isaacson,50.0,1,name only,False
2025,d01700,2025|cand|Rachel Isaacson,25.0,1,name->unique prior zip,True
2025,d01969,2025|cand|Rachel Isaacson,100.0,1,name only,False
2025,d02420,2025|cand|Rachel Isaacson,100.0,1,name only,False
2025,d02426,2025|cand|Rachel Isaacson,25.0,1,name only,False
2025,d02457,2025|cand|Rachel Isaacson,100.0,1,name only,False
2025,d02539,2025|cand|Rachel Isaacson,25.0,1,name only,False
2025,d02668,2025|cand|Rachel Isaacson,25.0,1,name only,False
2025,d02734,2025|cand|Rachel Isaacson,25.0,1,name->unique prior zip,True
2025,d02862,2025|cand|Rachel Isaacson,100.0,1,name only,False
2025,d02889,2025|cand|Rachel Isaacson,25.0,1,name only,False
2025,d03345,2025|cand|Rachel Isaacson,15.0,1,name only,False
2025,d03356,2025|cand|Rachel Isaacson,25.0,1,name only,False
2025,d04416,2025|cand|Rachel Isaacson,100.0,1,name only,False
2025,d04697,2025|cand|Rachel Isaacson,25.0,1,name only,False
2025,d04977,2025|cand|Rachel Isaacson,25.0,1,name only,False
2025,d05064,2025|cand|Rachel Isaacson,25.0,1,name only,False
2025,d05094,2025|cand|Rachel Isaacson,100.0,1,name->unique prior zip,True
2025,d05357,2025|cand|Rachel Isaacson,100.0,1,name->unique prior zip,True
2025,d05543,2025|cand|Rachel Isaacson,25.0,1,name->unique prior zip,True
2025,d05856,2025|cand|Rachel Isaacson,25.0,1,name only,False
2025,d06146,2025|cand|Rachel Isaacson,100.0,1,name only,False
2025,d06457,2025|cand|Rachel Isaacson,100.0,1,name only,False
2025,d07247,2025|cand|Rachel Isaacson,50.0,1,name only,False
2025,d07507,2025|cand|Rachel Isaacson,32.980000000000004,2,name only,False
2025,d07843,2025|cand|Rachel Isaacson,25.0,1,name only,False
2025,d07964,2025|cand|Rachel Isaacson,100.0,1,name->unique prior zip,True
2025,d00099,2025|cand|Robert Kaplan,100.0,1,name->unique prior zip,True
2025,d00123,2025|cand|Robert Kaplan,100.0,1,name->unique prior zip,True
2025,d00323,2025|cand|Robert Kaplan,100.0,1,name only,False
2025,d00403,2025|cand|Robert Kaplan,100.0,1,name only,False
2025,d00475,2025|cand|Robert Kaplan,100.0,1,name only,False
2025,d00497,2025|cand|Robert Kaplan,100.0,1,name only,False
2025,d00514,2025|cand|Robert Kaplan,100.0,1,name->unique prior zip,True
2025,d00627,2025|cand|Robert Kaplan,72.0,1,name->unique prior zip,True
2025,d00640,2025|cand|Robert Kaplan,100.0,1,name only,False
2025,d00701,2025|cand|Robert Kaplan,100.0,1,name only,False
2025,d00716,2025|cand|Robert Kaplan,100.0,1,name->unique prior zip,True
2025,d00775,2025|cand|Robert Kaplan,100.0,1,name->unique prior zip,True
2025,d00783,2025|cand|Robert Kaplan,100.0,1,name only,False
2025,d00865,2025|cand|Robert Kaplan,100.0,1,name->unique prior zip,True
2025,d00901,2025|cand|Robert Kaplan,100.0,1,name->unique prior zip,True
2025,d00991,2025|cand|Robert Kaplan,100.0,1,name only,False
2025,d01041,2025|cand|Robert Kaplan,100.0,1,name->unique prior zip,True
2025,d01064,2025|cand|Robert Kaplan,100.0,1,name->unique prior zip,True
2025,d01128,2025|cand|Robert Kaplan,100.0,1,name->unique prior zip,True
2025,d01198,2025|cand|Robert Kaplan,100.0,1,name only,False
2025,d01229,2025|cand|Robert Kaplan,100.0,1,name->unique prior zip,True
2025,d01261,2025|cand|Robert Kaplan,100.0,1,name only,False
2025,d01328,2025|cand|Robert Kaplan,100.0,1,name->unique prior zip,True
2025,d01348,2025|cand|Robert Kaplan,50.0,1,name only,False
2025,d01400,2025|cand|Robert Kaplan,100.0,1,name->unique prior zip,True
2025,d01413,2025|cand|Robert Kaplan,100.0,1,name->unique prior zip,True
2025,d01524,2025|cand|Robert Kaplan,100.0,1,name only,False
2025,d01525,2025|cand|Robert Kaplan,100.0,1,name only,False
2025,d01552,2025|cand|Robert Kaplan,23.1,1,name only,False
2025,d01656,2025|cand|Robert Kaplan,100.0,1,name->unique prior zip,True
2025,d01721,2025|cand|Robert Kaplan,100.0,1,name only,False
2025,d01746,2025|cand|Robert Kaplan,100.0,1,name->unique prior zip,True
2025,d01819,2025|cand|Robert Kaplan,100.0,1,name->unique prior zip,True
2025,d01852,2025|cand|Robert Kaplan,100.0,1,name only,False
2025,d01979,2025|cand|Robert Kaplan,25.0,1,name->unique prior zip,True
2025,d02030,2025|cand|Robert Kaplan,100.0,1,name only,False
2025,d02100,2025|cand|Robert Kaplan,100.0,1,name only,False
2025,d02148,2025|cand|Robert Kaplan,100.0,1,name only,False
2025,d02209,2025|cand|Robert Kaplan,100.0,1,name->unique prior zip,True
2025,d02213,2025|cand|Robert Kaplan,100.0,1,name->unique prior zip,True
2025,d02328,2025|cand|Robert Kaplan,100.0,1,name only,False
2025,d02339,2025|cand|Robert Kaplan,18.0,1,name only,False
2025,d02387,2025|cand|Robert Kaplan,100.0,1,name only,False
2025,d02412,2025|cand|Robert Kaplan,100.0,1,name->unique prior zip,True
2025,d02459,2025|cand|Robert Kaplan,26.68,1,name->unique prior zip,True
2025,d02510,2025|cand|Robert Kaplan,100.0,1,name->unique prior zip,True
2025,d02564,2025|cand|Robert Kaplan,100.0,1,name only,False
2025,d02683,2025|cand|Robert Kaplan,100.0,1,name only,False
2025,d02691,2025|cand|Robert Kaplan,100.0,1,name only,False
2025,d02710,2025|cand|Robert Kaplan,100.0,1,name only,False
2025,d02775,2025|cand|Robert Kaplan,100.0,1,name->unique prior zip,True
2025,d02964,2025|cand|Robert Kaplan,50.0,1,name only,False
2025,d03039,2025|cand|Robert Kaplan,100.0,1,name->unique prior zip,True
2025,d03108,2025|cand|Robert Kaplan,100.0,1,name only,False
2025,d03135,2025|cand|Robert Kaplan,50.0,1,name only,False
2025,d03193,2025|cand|Robert Kaplan,100.0,1,name->unique prior zip,True
2025,d03194,2025|cand|Robert Kaplan,100.0,1,name->unique prior zip,True
2025,d03245,2025|cand|Robert Kaplan,100.0,1,name only,False
2025,d03254,2025|cand|Robert Kaplan,100.0,1,name only,False
2025,d03359,2025|cand|Robert Kaplan,100.0,1,name->unique prior zip,True
2025,d03435,2025|cand|Robert Kaplan,100.0,1,name only,False
2025,d03464,2025|cand|Robert Kaplan,25.0,1,name only,False
2025,d03568,2025|cand|Robert Kaplan,100.0,1,name only,False
2025,d03617,2025|cand|Robert Kaplan,100.0,1,name only,False
2025,d03640,2025|cand|Robert Kaplan,100.0,1,name->unique prior zip,True
2025,d03901,2025|cand|Robert Kaplan,100.0,1,name->unique prior zip,True
2025,d03975,2025|cand|Robert Kaplan,100.0,1,name only,False
2025,d04096,2025|cand|Robert Kaplan,100.0,1,name only,False
2025,d04112,2025|cand|Robert Kaplan,50.0,1,name only,False
2025,d04183,2025|cand|Robert Kaplan,100.0,1,name->unique prior zip,True
2025,d04200,2025|cand|Robert Kaplan,100.0,1,name->unique prior zip,True
2025,d04313,2025|cand|Robert Kaplan,100.0,1,name->unique prior zip,True
2025,d04368,2025|cand|Robert Kaplan,100.0,1,name->unique prior zip,True
2025,d04393,2025|cand|Robert Kaplan,100.0,1,name only,False
2025,d04497,2025|cand|Robert Kaplan,100.0,1,name only,False
2025,d04512,2025|cand|Robert Kaplan,100.0,1,name only,False
2025,d04629,2025|cand|Robert Kaplan,100.0,1,name->unique prior zip,True
2025,d04712,2025|cand|Robert Kaplan,100.0,1,name only,False
2025,d04807,2025|cand|Robert Kaplan,100.0,1,name only,False
2025,d04903,2025|cand|Robert Kaplan,100.0,1,name->unique prior zip,True
2025,d04946,2025|cand|Robert Kaplan,100.0,1,name only,False
2025,d05064,2025|cand|Robert Kaplan,50.0,1,name only,False
2025,d05072,2025|cand|Robert Kaplan,100.0,1,name->unique prior zip,True
2025,d05140,2025|cand|Robert Kaplan,100.0,1,name->unique prior zip,True
2025,d05174,2025|cand|Robert Kaplan,100.0,1,name only,False
2025,d05182,2025|cand|Robert Kaplan,200.0,2,name only,False
2025,d05205,2025|cand|Robert Kaplan,100.0,1,name->unique prior zip,True
2025,d05257,2025|cand|Robert Kaplan,15.0,1,name only,False
2025,d05278,2025|cand|Robert Kaplan,50.0,1,name->unique prior zip,True
2025,d05299,2025|cand|Robert Kaplan,100.0,1,name only,False
2025,d05310,2025|cand|Robert Kaplan,25.0,1,name only,False
2025,d05341,2025|cand|Robert Kaplan,100.0,1,name only,False
2025,d05344,2025|cand|Robert Kaplan,100.0,1,name only,False
2025,d05397,2025|cand|Robert Kaplan,100.0,1,name only,False
2025,d05414,2025|cand|Robert Kaplan,50.0,1,name only,False
2025,d05579,2025|cand|Robert Kaplan,100.0,1,name->unique prior zip,True
2025,d05598,2025|cand|Robert Kaplan,100.0,1,name->unique prior zip,True
2025,d05751,2025|cand|Robert Kaplan,100.0,1,name only,False
2025,d05836,2025|cand|Robert Kaplan,100.0,1,name only,False
2025,d05985,2025|cand|Robert Kaplan,100.0,1,name->unique prior zip,True
2025,d05998,2025|cand|Robert Kaplan,100.0,1,name->unique prior zip,True
2025,d06040,2025|cand|Robert Kaplan,100.0,1,name->unique prior zip,True
2025,d06095,2025|cand|Robert Kaplan,25.0,1,name->unique prior zip,True
2025,d06102,2025|cand|Robert Kaplan,50.0,1,name only,False
2025,d06159,2025|cand|Robert Kaplan,100.0,1,name only,False
2025,d06301,2025|cand|Robert Kaplan,100.0,1,name only,False
2025,d06354,2025|cand|Robert Kaplan,50.0,2,name->unique prior zip,True
2025,d06678,2025|cand|Robert Kaplan,26.68,1,name->unique prior zip,True
2025,d06734,2025|cand|Robert Kaplan,50.0,1,name->unique prior zip,True
2025,d06737,2025|cand|Robert Kaplan,100.0,1,name->unique prior zip,True
2025,d06740,2025|cand|Robert Kaplan,100.0,1,name->unique prior zip,True
2025,d06823,2025|cand|Robert Kaplan,100.0,1,name only,False
2025,d06877,2025|cand|Robert Kaplan,100.0,1,name only,False
2025,d06899,2025|cand|Robert Kaplan,101.68,2,name->unique prior zip,True
2025,d06971,2025|cand|Robert Kaplan,100.0,1,name->unique prior zip,True
2025,d07038,2025|cand|Robert Kaplan,100.0,1,name->unique prior zip,True
2025,d07133,2025|cand|Robert Kaplan,10.86,1,name only,False
2025,d07179,2025|cand|Robert Kaplan,100.0,1,name only,False
2025,d07332,2025|cand|Robert Kaplan,100.0,1,name->unique prior zip,True
2025,d07363,2025|cand|Robert Kaplan,100.0,1,name only,False
2025,d07400,2025|cand|Robert Kaplan,100.0,1,name only,False
2025,d07547,2025|cand|Robert Kaplan,100.0,1,name only,False
2025,d07638,2025|cand|Robert Kaplan,50.0,1,name only,False
2025,d07686,2025|cand|Robert Kaplan,50.0,1,name only,False
2025,d07744,2025|cand|Robert Kaplan,100.0,1,name only,False
2025,d07768,2025|cand|Robert Kaplan,100.0,1,name->unique prior zip,True
2025,d07783,2025|cand|Robert Kaplan,100.0,1,name only,False
2025,d07890,2025|cand|Robert Kaplan,100.0,2,name only,False
2025,d07928,2025|cand|Robert Kaplan,100.0,1,name->unique prior zip,True
2025,d08076,2025|cand|Robert Kaplan,100.0,1,name only,False
2025,d08109,2025|cand|Robert Kaplan,100.0,1,name->unique prior zip,True
2025,d08115,2025|cand|Robert Kaplan,100.0,1,name only,False
2025,d00790,2025|cand|Robert Smoke,45.0,2,name only,False
2025,d00792,2025|cand|Robert Smoke,100.0,2,name only,False
2025,d00877,2025|cand|Robert Smoke,50.0,1,name->unique prior zip,True
2025,d00935,2025|cand|Robert Smoke,75.0,2,name only,False
2025,d01700,2025|cand|Robert Smoke,100.0,1,name->unique prior zip,True
2025,d01946,2025|cand|Robert Smoke,50.0,1,name only,False
2025,d02172,2025|cand|Robert Smoke,25.0,1,name only,False
2025,d02232,2025|cand|Robert Smoke,50.0,1,name only,False
2025,d02358,2025|cand|Robert Smoke,75.0,2,name only,False
2025,d03103,2025|cand|Robert Smoke,200.0,2,name->unique prior zip,True
2025,d03600,2025|cand|Robert Smoke,100.0,1,name only,False
2025,d04587,2025|cand|Robert Smoke,25.0,1,name only,False
2025,d04775,2025|cand|Robert Smoke,100.0,1,name only,False
2025,d05020,2025|cand|Robert Smoke,50.0,1,name only,False
2025,d05125,2025|cand|Robert Smoke,25.0,1,name only,False
2025,d05335,2025|cand|Robert Smoke,30.0,2,name only,False
2025,d05418,2025|cand|Robert Smoke,50.0,1,name->unique prior zip,True
2025,d06130,2025|cand|Robert Smoke,100.0,1,name only,False
2025,d06193,2025|cand|Robert Smoke,10.0,1,name only,False
2025,d06635,2025|cand|Robert Smoke,25.0,1,name only,False
2025,d06701,2025|cand|Robert Smoke,100.0,1,name only,False
2025,d06780,2025|cand|Robert Smoke,11.0,1,name only,False
2025,d06804,2025|cand|Robert Smoke,50.0,1,name only,False
2025,d06843,2025|cand|Robert Smoke,100.0,1,name only,False
2025,d06874,2025|cand|Robert Smoke,100.0,1,name only,False
2025,d07524,2025|cand|Robert Smoke,160.0,2,name only,False
2025,d08032,2025|cand|Robert Smoke,75.0,2,name only,False
2025,d08160,2025|cand|Robert Smoke,100.0,1,name only,False
2025,d07246,2025|issue|Committee for Boulder Power,100.0,1,name only,False
2025,d02330,2025|issue|Infrastructure and Housing Ballot Measure Committee,100.0,1,name only,False
2025,d03371,2025|issue|Infrastructure and Housing Ballot Measure Committee,100.0,1,name->unique prior zip,True
2025,d03966,2025|issue|Infrastructure and Housing Ballot Measure Committee,100.0,1,name->unique prior zip,True
2025,d03992,2025|issue|Infrastructure and Housing Ballot Measure Committee,100.0,1,name only,False
2025,d05621,2025|issue|Infrastructure and Housing Ballot Measure Committee,100.0,1,name only,False
2025,d07363,2025|issue|Infrastructure and Housing Ballot Measure Committee,100.0,1,name only,False
2025,d08144,2025|issue|Infrastructure and Housing Ballot Measure Committee,195.18,1,name->unique prior zip,True
2025,d00401,2025|issue|Keep West Pearl Open,500.0,1,name only,False
2025,d00706,2025|issue|Keep West Pearl Open,500.0,1,name only,False
2025,d00783,2025|issue|Keep West Pearl Open,50.0,1,name only,False
2025,d01066,2025|issue|Keep West Pearl Open,100.0,1,name only,False
2025,d01172,2025|issue|Keep West Pearl Open,100.0,1,name only,False
2025,d01580,2025|issue|Keep West Pearl Open,10.0,1,name only,False
2025,d02412,2025|issue|Keep West Pearl Open,250.0,1,name->unique prior zip,True
2025,d02811,2025|issue|Keep West Pearl Open,750.0,2,name only,False
2025,d02876,2025|issue|Keep West Pearl Open,50.0,1,name->unique prior zip,True
2025,d03011,2025|issue|Keep West Pearl Open,500.0,1,name only,False
2025,d03227,2025|issue|Keep West Pearl Open,1000.0,1,name only,False
2025,d04032,2025|issue|Keep West Pearl Open,500.0,1,name only,False
2025,d05182,2025|issue|Keep West Pearl Open,1250.0,2,name only,False
2025,d05197,2025|issue|Keep West Pearl Open,999.0,1,name only,False
2025,d05449,2025|issue|Keep West Pearl Open,500.0,1,name only,False
2025,d05901,2025|issue|Keep West Pearl Open,100.0,1,name->unique prior zip,True
2025,d05973,2025|issue|Keep West Pearl Open,10.0,1,name only,False
2025,d06282,2025|issue|Keep West Pearl Open,50.0,1,name only,False
2025,d06653,2025|issue|Keep West Pearl Open,250.0,1,name only,False
2025,d07414,2025|issue|Keep West Pearl Open,200.0,2,name only,False
2025,d07861,2025|issue|Keep West Pearl Open,999.0,1,name only,False
2025,d00216,2025|issue|Pearl For You,50.0,1,name->unique prior zip,True
2025,d00443,2025|issue|Pearl For You,180.0,1,name only,False
2025,d00725,2025|issue|Pearl For You,50.0,1,name only,False
2025,d00974,2025|issue|Pearl For You,250.0,1,name only,False
2025,d01346,2025|issue|Pearl For You,50.0,1,name only,False
2025,d01500,2025|issue|Pearl For You,500.0,1,name only,False
2025,d01726,2025|issue|Pearl For You,250.0,1,name->unique prior zip,True
2025,d02285,2025|issue|Pearl For You,100.0,1,name only,False
2025,d02846,2025|issue|Pearl For You,100.0,1,name->unique prior zip,True
2025,d03112,2025|issue|Pearl For You,25.0,1,name only,False
2025,d03125,2025|issue|Pearl For You,100.0,1,name only,False
2025,d03427,2025|issue|Pearl For You,50.0,1,name only,False
2025,d03441,2025|issue|Pearl For You,100.0,1,name only,False
2025,d03486,2025|issue|Pearl For You,250.0,1,name only,False
2025,d03731,2025|issue|Pearl For You,50.0,1,name only,False
2025,d04095,2025|issue|Pearl For You,20.0,1,name only,False
2025,d04952,2025|issue|Pearl For You,500.0,1,name only,False
2025,d06613,2025|issue|Pearl For You,25.0,1,name only,False
2025,d07770,2025|issue|Pearl For You,200.0,1,name->unique prior zip,True
2025,d08087,2025|issue|Pearl For You,50.0,1,name only,False
2025,d08155,2025|issue|Pearl For You,700.0,2,name->unique prior zip,True
2026,d00041,2026|cand|Aaron Brockett,100.0,1,name->unique prior zip,True
2026,d00050,2026|cand|Aaron Brockett,100.0,1,name->unique prior zip,True
2026,d00109,2026|cand|Aaron Brockett,75.0,1,name->unique prior zip,True
2026,d00167,2026|cand|Aaron Brockett,100.0,1,name only,False
2026,d00186,2026|cand|Aaron Brockett,100.0,1,name->unique prior zip,True
2026,d00216,2026|cand|Aaron Brockett,25.0,1,name->unique prior zip,True
2026,d00329,2026|cand|Aaron Brockett,100.0,1,name->unique prior zip,True
2026,d00359,2026|cand|Aaron Brockett,100.0,1,name->unique prior zip,True
2026,d00413,2026|cand|Aaron Brockett,25.0,1,name->unique prior zip,True
2026,d00420,2026|cand|Aaron Brockett,100.0,1,name->unique prior zip,True
2026,d00545,2026|cand|Aaron Brockett,100.0,1,name only,False
2026,d00612,2026|cand|Aaron Brockett,25.0,1,name->unique prior zip,True
2026,d00622,2026|cand|Aaron Brockett,100.0,1,name only,False
2026,d00663,2026|cand|Aaron Brockett,100.0,1,name->unique prior zip,True
2026,d00664,2026|cand|Aaron Brockett,100.0,1,name only,False
2026,d00735,2026|cand|Aaron Brockett,100.0,1,name->unique prior zip,True
2026,d00913,2026|cand|Aaron Brockett,50.0,1,name only,False
2026,d00974,2026|cand|Aaron Brockett,50.0,1,name only,False
2026,d01046,2026|cand|Aaron Brockett,100.0,1,name->unique prior zip,True
2026,d01186,2026|cand|Aaron Brockett,100.0,1,name->unique prior zip,True
2026,d01229,2026|cand|Aaron Brockett,100.0,1,name->unique prior zip,True
2026,d01275,2026|cand|Aaron Brockett,27.0,1,name only,False
2026,d01283,2026|cand|Aaron Brockett,75.0,1,name->unique prior zip,True
2026,d01511,2026|cand|Aaron Brockett,100.0,1,name->unique prior zip,True
2026,d01522,2026|cand|Aaron Brockett,100.0,1,name only,False
2026,d01525,2026|cand|Aaron Brockett,100.0,1,name only,False
2026,d01532,2026|cand|Aaron Brockett,100.0,1,name only,False
2026,d01577,2026|cand|Aaron Brockett,100.0,1,name->unique prior zip,True
2026,d01633,2026|cand|Aaron Brockett,100.0,1,name only,False
2026,d01726,2026|cand|Aaron Brockett,100.0,1,name->unique prior zip,True
2026,d01746,2026|cand|Aaron Brockett,100.0,1,name->unique prior zip,True
2026,d01850,2026|cand|Aaron Brockett,100.0,1,name only,False
2026,d01852,2026|cand|Aaron Brockett,100.0,1,name only,False
2026,d01915,2026|cand|Aaron Brockett,50.0,1,name->unique prior zip,True
2026,d01986,2026|cand|Aaron Brockett,100.0,1,name only,False
2026,d02075,2026|cand|Aaron Brockett,100.0,1,name only,False
2026,d02100,2026|cand|Aaron Brockett,100.0,1,name only,False
2026,d02222,2026|cand|Aaron Brockett,50.0,1,name->unique prior zip,True
2026,d02223,2026|cand|Aaron Brockett,100.0,1,name->unique prior zip,True
2026,d02241,2026|cand|Aaron Brockett,100.0,1,name->unique prior zip,True
2026,d02252,2026|cand|Aaron Brockett,25.0,1,name->unique prior zip,True
2026,d02269,2026|cand|Aaron Brockett,100.0,1,name->unique prior zip,True
2026,d02294,2026|cand|Aaron Brockett,25.0,1,name only,False
2026,d02337,2026|cand|Aaron Brockett,50.0,1,name->unique prior zip,True
2026,d02356,2026|cand|Aaron Brockett,50.0,1,name only,False
2026,d02364,2026|cand|Aaron Brockett,50.0,1,name only,False
2026,d02379,2026|cand|Aaron Brockett,100.0,1,name only,False
2026,d02412,2026|cand|Aaron Brockett,100.0,1,name->unique prior zip,True
2026,d02420,2026|cand|Aaron Brockett,100.0,1,name only,False
2026,d02439,2026|cand|Aaron Brockett,39.0,2,name->unique prior zip,True
2026,d02560,2026|cand|Aaron Brockett,100.0,1,name->unique prior zip,True
2026,d02826,2026|cand|Aaron Brockett,100.0,1,name only,False
2026,d02979,2026|cand|Aaron Brockett,100.0,1,name->unique prior zip,True
2026,d03001,2026|cand|Aaron Brockett,50.0,1,name->unique prior zip,True
2026,d03039,2026|cand|Aaron Brockett,100.0,1,name->unique prior zip,True
2026,d03049,2026|cand|Aaron Brockett,50.0,1,name only,False
2026,d03051,2026|cand|Aaron Brockett,100.0,1,name only,False
2026,d03089,2026|cand|Aaron Brockett,50.0,1,name only,False
2026,d03091,2026|cand|Aaron Brockett,100.0,1,name->unique prior zip,True
2026,d03108,2026|cand|Aaron Brockett,100.0,1,name only,False
2026,d03164,2026|cand|Aaron Brockett,100.0,1,name only,False
2026,d03206,2026|cand|Aaron Brockett,100.0,1,name->unique prior zip,True
2026,d03322,2026|cand|Aaron Brockett,100.0,1,name only,False
2026,d03330,2026|cand|Aaron Brockett,100.0,1,name only,False
2026,d03429,2026|cand|Aaron Brockett,100.0,1,name only,False
2026,d03538,2026|cand|Aaron Brockett,100.0,1,name->unique prior zip,True
2026,d03554,2026|cand|Aaron Brockett,100.0,1,name->unique prior zip,True
2026,d03575,2026|cand|Aaron Brockett,100.0,1,name only,False
2026,d03761,2026|cand|Aaron Brockett,50.0,1,name only,False
2026,d03773,2026|cand|Aaron Brockett,100.0,1,name->unique prior zip,True
2026,d03807,2026|cand|Aaron Brockett,50.0,1,name->unique prior zip,True
2026,d03876,2026|cand|Aaron Brockett,25.0,2,name only,False
2026,d03987,2026|cand|Aaron Brockett,100.0,1,name only,False
2026,d04086,2026|cand|Aaron Brockett,100.0,1,name->unique prior zip,True
2026,d04112,2026|cand|Aaron Brockett,100.0,1,name only,False
2026,d04114,2026|cand|Aaron Brockett,100.0,1,name only,False
2026,d04189,2026|cand|Aaron Brockett,100.0,1,name->unique prior zip,True
2026,d04200,2026|cand|Aaron Brockett,100.0,1,name->unique prior zip,True
2026,d04368,2026|cand|Aaron Brockett,100.0,1,name->unique prior zip,True
2026,d04440,2026|cand|Aaron Brockett,25.0,1,name->unique prior zip,True
2026,d04572,2026|cand|Aaron Brockett,100.0,1,name only,False
2026,d04598,2026|cand|Aaron Brockett,100.0,1,name->unique prior zip,True
2026,d04602,2026|cand|Aaron Brockett,100.0,1,name only,False
2026,d04627,2026|cand|Aaron Brockett,100.0,1,name->unique prior zip,True
2026,d04643,2026|cand|Aaron Brockett,50.0,1,name->unique prior zip,True
2026,d04656,2026|cand|Aaron Brockett,100.0,1,name only,False
2026,d04697,2026|cand|Aaron Brockett,100.0,1,name only,False
2026,d04955,2026|cand|Aaron Brockett,100.0,1,name only,False
2026,d05048,2026|cand|Aaron Brockett,100.0,1,name->unique prior zip,True
2026,d05064,2026|cand|Aaron Brockett,100.0,1,name only,False
2026,d05077,2026|cand|Aaron Brockett,100.0,1,name->unique prior zip,True
2026,d05094,2026|cand|Aaron Brockett,100.0,1,name->unique prior zip,True
2026,d05099,2026|cand|Aaron Brockett,100.0,1,name only,False
2026,d05205,2026|cand|Aaron Brockett,100.0,1,name->unique prior zip,True
2026,d05235,2026|cand|Aaron Brockett,50.0,1,name only,False
2026,d05286,2026|cand|Aaron Brockett,100.0,1,name->unique prior zip,True
2026,d05325,2026|cand|Aaron Brockett,100.0,1,name->unique prior zip,True
2026,d05385,2026|cand|Aaron Brockett,100.0,1,name only,False
2026,d05460,2026|cand|Aaron Brockett,50.0,1,name->unique prior zip,True
2026,d05527,2026|cand|Aaron Brockett,100.0,1,name->unique prior zip,True
2026,d05543,2026|cand|Aaron Brockett,100.0,1,name->unique prior zip,True
2026,d05554,2026|cand|Aaron Brockett,50.0,1,name only,False
2026,d05563,2026|cand|Aaron Brockett,100.0,1,name->unique prior zip,True
2026,d05614,2026|cand|Aaron Brockett,100.0,1,name->unique prior zip,True
2026,d05683,2026|cand|Aaron Brockett,50.0,1,name only,False
2026,d05751,2026|cand|Aaron Brockett,100.0,1,name only,False
2026,d05758,2026|cand|Aaron Brockett,100.0,1,name only,False
2026,d05789,2026|cand|Aaron Brockett,25.0,1,name only,False
2026,d06149,2026|cand|Aaron Brockett,100.0,1,name only,False
2026,d06150,2026|cand|Aaron Brockett,100.0,1,name->unique prior zip,True
2026,d06153,2026|cand|Aaron Brockett,100.0,1,name->unique prior zip,True
2026,d06220,2026|cand|Aaron Brockett,50.0,1,name only,False
2026,d06354,2026|cand|Aaron Brockett,25.0,1,name->unique prior zip,True
2026,d06416,2026|cand|Aaron Brockett,100.0,1,name->unique prior zip,True
2026,d06603,2026|cand|Aaron Brockett,25.0,1,name->unique prior zip,True
2026,d06661,2026|cand|Aaron Brockett,100.0,1,name only,False
2026,d06678,2026|cand|Aaron Brockett,25.0,1,name->unique prior zip,True
2026,d06772,2026|cand|Aaron Brockett,100.0,1,name->unique prior zip,True
2026,d06881,2026|cand|Aaron Brockett,100.0,1,name->unique prior zip,True
2026,d06890,2026|cand|Aaron Brockett,50.0,1,name only,False
2026,d06934,2026|cand|Aaron Brockett,100.0,1,name only,False
2026,d06951,2026|cand|Aaron Brockett,100.0,1,name only,False
2026,d07121,2026|cand|Aaron Brockett,100.0,1,name->unique prior zip,True
2026,d07179,2026|cand|Aaron Brockett,100.0,1,name only,False
2026,d07186,2026|cand|Aaron Brockett,100.0,1,name only,False
2026,d07210,2026|cand|Aaron Brockett,100.0,1,name->unique prior zip,True
2026,d07246,2026|cand|Aaron Brockett,75.0,1,name only,False
2026,d07382,2026|cand|Aaron Brockett,100.0,1,name->unique prior zip,True
2026,d07386,2026|cand|Aaron Brockett,100.0,1,name only,False
2026,d07467,2026|cand|Aaron Brockett,100.0,1,name->unique prior zip,True
2026,d07522,2026|cand|Aaron Brockett,100.0,1,name->unique prior zip,True
2026,d07653,2026|cand|Aaron Brockett,100.0,1,name->unique prior zip,True
2026,d07657,2026|cand|Aaron Brockett,100.0,1,name->unique prior zip,True
2026,d07783,2026|cand|Aaron Brockett,100.0,1,name only,False
2026,d07827,2026|cand|Aaron Brockett,100.0,1,name only,False
2026,d07928,2026|cand|Aaron Brockett,100.0,1,name->unique prior zip,True
2026,d07963,2026|cand|Aaron Brockett,50.0,1,name->unique prior zip,True
2026,d07985,2026|cand|Aaron Brockett,100.0,1,name only,False
2026,d08025,2026|cand|Aaron Brockett,100.0,1,name only,False
2026,d08076,2026|cand|Aaron Brockett,100.0,1,name only,False
2026,d08112,2026|cand|Aaron Brockett,100.0,1,name->unique prior zip,True
2026,d08149,2026|cand|Aaron Brockett,100.0,1,name only,False
2026,d08155,2026|cand|Aaron Brockett,100.0,1,name->unique prior zip,True
2026,d00240,2026|cand|Aquiles La Grave,50.0,1,name only,False
2026,d00308,2026|cand|Aquiles La Grave,100.0,1,name only,False
2026,d00918,2026|cand|Aquiles La Grave,100.0,1,name only,False
2026,d01065,2026|cand|Aquiles La Grave,100.0,1,name only,False
2026,d01279,2026|cand|Aquiles La Grave,100.0,1,name only,False
2026,d01305,2026|cand|Aquiles La Grave,50.0,1,name only,False
2026,d01446,2026|cand|Aquiles La Grave,100.0,1,name only,False
2026,d01512,2026|cand|Aquiles La Grave,100.0,1,name only,False
2026,d01572,2026|cand|Aquiles La Grave,50.0,1,name only,False
2026,d01726,2026|cand|Aquiles La Grave,100.0,1,name->unique prior zip,True
2026,d02123,2026|cand|Aquiles La Grave,50.0,1,name only,False
2026,d02209,2026|cand|Aquiles La Grave,100.0,1,name->unique prior zip,True
2026,d02378,2026|cand|Aquiles La Grave,75.0,1,name->unique prior zip,True
2026,d02420,2026|cand|Aquiles La Grave,100.0,1,name only,False
2026,d02523,2026|cand|Aquiles La Grave,100.0,1,name only,False
2026,d02616,2026|cand|Aquiles La Grave,100.0,1,name->unique prior zip,True
2026,d02683,2026|cand|Aquiles La Grave,100.0,1,name only,False
2026,d03162,2026|cand|Aquiles La Grave,10.0,1,name only,False
2026,d03225,2026|cand|Aquiles La Grave,100.0,1,name only,False
2026,d03323,2026|cand|Aquiles La Grave,100.0,1,name->unique prior zip,True
2026,d03326,2026|cand|Aquiles La Grave,100.0,1,name only,False
2026,d03340,2026|cand|Aquiles La Grave,100.0,1,name->unique prior zip,True
2026,d03347,2026|cand|Aquiles La Grave,100.0,1,name only,False
2026,d03359,2026|cand|Aquiles La Grave,100.0,1,name->unique prior zip,True
2026,d03371,2026|cand|Aquiles La Grave,100.0,1,name->unique prior zip,True
2026,d03384,2026|cand|Aquiles La Grave,50.0,1,name only,False
2026,d03439,2026|cand|Aquiles La Grave,100.0,1,name only,False
2026,d03472,2026|cand|Aquiles La Grave,100.0,1,name only,False
2026,d03530,2026|cand|Aquiles La Grave,100.0,1,name only,False
2026,d03545,2026|cand|Aquiles La Grave,100.0,1,name only,False
2026,d03570,2026|cand|Aquiles La Grave,100.0,1,name only,False
2026,d03617,2026|cand|Aquiles La Grave,100.0,1,name only,False
2026,d03726,2026|cand|Aquiles La Grave,100.0,1,name only,False
2026,d03856,2026|cand|Aquiles La Grave,100.0,1,name only,False
2026,d03888,2026|cand|Aquiles La Grave,100.0,1,name only,False
2026,d04032,2026|cand|Aquiles La Grave,100.0,1,name only,False
2026,d04043,2026|cand|Aquiles La Grave,100.0,1,name only,False
2026,d04054,2026|cand|Aquiles La Grave,100.0,1,name only,False
2026,d04152,2026|cand|Aquiles La Grave,50.0,1,name only,False
2026,d04188,2026|cand|Aquiles La Grave,100.0,1,name->unique prior zip,True
2026,d04497,2026|cand|Aquiles La Grave,100.0,1,name only,False
2026,d04697,2026|cand|Aquiles La Grave,100.0,1,name only,False
2026,d04734,2026|cand|Aquiles La Grave,100.0,1,name only,False
2026,d04828,2026|cand|Aquiles La Grave,100.0,1,name->unique prior zip,True
2026,d04935,2026|cand|Aquiles La Grave,100.0,1,name only,False
2026,d05344,2026|cand|Aquiles La Grave,100.0,1,name only,False
2026,d05656,2026|cand|Aquiles La Grave,100.0,1,name only,False
2026,d05764,2026|cand|Aquiles La Grave,100.0,1,name only,False
2026,d06031,2026|cand|Aquiles La Grave,100.0,1,name only,False
2026,d06069,2026|cand|Aquiles La Grave,30.0,2,name only,False
2026,d06095,2026|cand|Aquiles La Grave,50.0,1,name->unique prior zip,True
2026,d06359,2026|cand|Aquiles La Grave,100.0,1,name only,False
2026,d06597,2026|cand|Aquiles La Grave,50.0,1,name only,False
2026,d06805,2026|cand|Aquiles La Grave,100.0,1,name only,False
2026,d07110,2026|cand|Aquiles La Grave,100.0,1,name->unique prior zip,True
2026,d07215,2026|cand|Aquiles La Grave,100.0,1,name only,False
2026,d07281,2026|cand|Aquiles La Grave,50.0,1,name only,False
2026,d07398,2026|cand|Aquiles La Grave,100.0,1,name only,False
2026,d07428,2026|cand|Aquiles La Grave,100.0,1,name only,False
2026,d07475,2026|cand|Aquiles La Grave,100.0,1,name only,False
2026,d07547,2026|cand|Aquiles La Grave,100.0,1,name only,False
2026,d07739,2026|cand|Aquiles La Grave,100.0,1,name only,False
2026,d07953,2026|cand|Aquiles La Grave,100.0,1,name only,False
2026,d08109,2026|cand|Aquiles La Grave,100.0,1,name->unique prior zip,True
2026,d00346,2026|cand|Christina Marquis,100.0,1,name only,False
2026,d00380,2026|cand|Christina Marquis,100.0,1,name only,False
2026,d00403,2026|cand|Christina Marquis,100.0,1,name only,False
2026,d00413,2026|cand|Christina Marquis,50.0,1,name->unique prior zip,True
2026,d00488,2026|cand|Christina Marquis,100.0,1,name only,False
2026,d00497,2026|cand|Christina Marquis,100.0,1,name only,False
2026,d00498,2026|cand|Christina Marquis,26.41,1,name only,False
2026,d00548,2026|cand|Christina Marquis,50.0,1,name only,False
2026,d00654,2026|cand|Christina Marquis,100.0,1,name only,False
2026,d00827,2026|cand|Christina Marquis,100.0,1,name only,False
2026,d00881,2026|cand|Christina Marquis,52.52,1,name only,False
2026,d00974,2026|cand|Christina Marquis,52.51,1,name only,False
2026,d01225,2026|cand|Christina Marquis,99.48,1,name only,False
2026,d01237,2026|cand|Christina Marquis,100.0,1,name->unique prior zip,True
2026,d01265,2026|cand|Christina Marquis,50.0,1,name->unique prior zip,True
2026,d01420,2026|cand|Christina Marquis,100.0,1,name->unique prior zip,True
2026,d01479,2026|cand|Christina Marquis,100.0,1,name only,False
2026,d01525,2026|cand|Christina Marquis,100.0,1,name only,False
2026,d01567,2026|cand|Christina Marquis,100.0,1,name only,False
2026,d01577,2026|cand|Christina Marquis,100.0,1,name->unique prior zip,True
2026,d01746,2026|cand|Christina Marquis,100.0,1,name->unique prior zip,True
2026,d01764,2026|cand|Christina Marquis,100.0,1,name only,False
2026,d01852,2026|cand|Christina Marquis,99.48,1,name only,False
2026,d01907,2026|cand|Christina Marquis,52.51,1,name only,False
2026,d01920,2026|cand|Christina Marquis,100.0,1,name only,False
2026,d01991,2026|cand|Christina Marquis,100.0,1,name only,False
2026,d02005,2026|cand|Christina Marquis,100.0,1,name only,False
2026,d02100,2026|cand|Christina Marquis,100.0,1,name only,False
2026,d02117,2026|cand|Christina Marquis,52.51,1,name->unique prior zip,True
2026,d02156,2026|cand|Christina Marquis,52.51,1,name only,False
2026,d02223,2026|cand|Christina Marquis,100.0,1,name->unique prior zip,True
2026,d02252,2026|cand|Christina Marquis,26.41,1,name->unique prior zip,True
2026,d02256,2026|cand|Christina Marquis,100.0,1,name only,False
2026,d02387,2026|cand|Christina Marquis,100.0,1,name only,False
2026,d02480,2026|cand|Christina Marquis,100.0,1,name only,False
2026,d02603,2026|cand|Christina Marquis,26.41,1,name only,False
2026,d02711,2026|cand|Christina Marquis,25.0,1,name only,False
2026,d02778,2026|cand|Christina Marquis,100.0,1,name->unique prior zip,True
2026,d02933,2026|cand|Christina Marquis,25.0,1,name->unique prior zip,True
2026,d02962,2026|cand|Christina Marquis,100.0,1,name only,False
2026,d03039,2026|cand|Christina Marquis,100.0,1,name->unique prior zip,True
2026,d03091,2026|cand|Christina Marquis,100.0,1,name->unique prior zip,True
2026,d03100,2026|cand|Christina Marquis,100.0,1,name only,False
2026,d03108,2026|cand|Christina Marquis,100.0,1,name only,False
2026,d03410,2026|cand|Christina Marquis,100.0,1,name->unique prior zip,True
2026,d03459,2026|cand|Christina Marquis,52.51,1,name only,False
2026,d03529,2026|cand|Christina Marquis,100.0,1,name->unique prior zip,True
2026,d03554,2026|cand|Christina Marquis,25.0,1,name->unique prior zip,True
2026,d03773,2026|cand|Christina Marquis,100.0,1,name->unique prior zip,True
2026,d03821,2026|cand|Christina Marquis,100.0,1,name->unique prior zip,True
2026,d03909,2026|cand|Christina Marquis,50.0,1,name only,False
2026,d03914,2026|cand|Christina Marquis,100.0,1,name only,False
2026,d03951,2026|cand|Christina Marquis,75.0,1,name only,False
2026,d04012,2026|cand|Christina Marquis,100.0,1,name->unique prior zip,True
2026,d04017,2026|cand|Christina Marquis,100.0,1,name only,False
2026,d04112,2026|cand|Christina Marquis,99.8,1,name only,False
2026,d04143,2026|cand|Christina Marquis,100.0,1,name only,False
2026,d04200,2026|cand|Christina Marquis,100.0,1,name->unique prior zip,True
2026,d04352,2026|cand|Christina Marquis,100.0,1,name->unique prior zip,True
2026,d04368,2026|cand|Christina Marquis,100.0,1,name->unique prior zip,True
2026,d04511,2026|cand|Christina Marquis,26.41,1,name only,False
2026,d04664,2026|cand|Christina Marquis,99.48,1,name only,False
2026,d04697,2026|cand|Christina Marquis,100.0,1,name only,False
2026,d04861,2026|cand|Christina Marquis,100.0,1,name->unique prior zip,True
2026,d04888,2026|cand|Christina Marquis,99.48,1,name only,False
2026,d05008,2026|cand|Christina Marquis,100.0,1,name only,False
2026,d05031,2026|cand|Christina Marquis,75.0,1,name->unique prior zip,True
2026,d05064,2026|cand|Christina Marquis,100.0,1,name only,False
2026,d05205,2026|cand|Christina Marquis,100.0,1,name->unique prior zip,True
2026,d05228,2026|cand|Christina Marquis,100.0,1,name only,False
2026,d05235,2026|cand|Christina Marquis,100.0,1,name only,False
2026,d05252,2026|cand|Christina Marquis,50.0,1,name only,False
2026,d05476,2026|cand|Christina Marquis,100.0,1,name only,False
2026,d05516,2026|cand|Christina Marquis,100.0,1,name only,False
2026,d05532,2026|cand|Christina Marquis,100.0,1,name only,False
2026,d05543,2026|cand|Christina Marquis,100.0,1,name->unique prior zip,True
2026,d05751,2026|cand|Christina Marquis,100.0,1,name only,False
2026,d05990,2026|cand|Christina Marquis,100.0,1,name->unique prior zip,True
2026,d06056,2026|cand|Christina Marquis,99.48,1,name only,False
2026,d06101,2026|cand|Christina Marquis,100.0,1,name only,False
2026,d06150,2026|cand|Christina Marquis,100.0,1,name->unique prior zip,True
2026,d06295,2026|cand|Christina Marquis,100.0,1,name->unique prior zip,True
2026,d06354,2026|cand|Christina Marquis,51.41,2,name->unique prior zip,True
2026,d06737,2026|cand|Christina Marquis,100.0,1,name->unique prior zip,True
2026,d06896,2026|cand|Christina Marquis,100.0,1,name only,False
2026,d06970,2026|cand|Christina Marquis,100.0,1,name only,False
2026,d07172,2026|cand|Christina Marquis,100.0,1,name->unique prior zip,True
2026,d07179,2026|cand|Christina Marquis,100.0,1,name only,False
2026,d07186,2026|cand|Christina Marquis,100.0,1,name only,False
2026,d07210,2026|cand|Christina Marquis,100.0,1,name->unique prior zip,True
2026,d07400,2026|cand|Christina Marquis,100.0,1,name only,False
2026,d07506,2026|cand|Christina Marquis,26.41,1,name only,False
2026,d07576,2026|cand|Christina Marquis,100.0,1,name only,False
2026,d07653,2026|cand|Christina Marquis,100.0,1,name->unique prior zip,True
2026,d07664,2026|cand|Christina Marquis,50.0,1,name only,False
2026,d07694,2026|cand|Christina Marquis,100.0,1,name->unique prior zip,True
2026,d07718,2026|cand|Christina Marquis,26.41,1,name only,False
2026,d07867,2026|cand|Christina Marquis,50.0,1,name only,False
2026,d07903,2026|cand|Christina Marquis,52.51,1,name only,False
2026,d08066,2026|cand|Christina Marquis,99.48,1,name only,False
2026,d08115,2026|cand|Christina Marquis,100.0,1,name only,False
2026,d08149,2026|cand|Christina Marquis,100.0,1,name only,False
2026,d08151,2026|cand|Christina Marquis,100.0,1,name->unique prior zip,True
2026,d08153,2026|cand|Christina Marquis,100.0,1,name only,False
2026,d00213,2026|cand|Jamillah Richmond,100.0,1,name only,False
2026,d00293,2026|cand|Jamillah Richmond,50.0,1,name only,False
2026,d00974,2026|cand|Jamillah Richmond,50.0,1,name only,False
2026,d01056,2026|cand|Jamillah Richmond,100.0,1,name only,False
2026,d01726,2026|cand|Jamillah Richmond,100.0,1,name->unique prior zip,True
2026,d02332,2026|cand|Jamillah Richmond,100.0,1,name->unique prior zip,True
2026,d03590,2026|cand|Jamillah Richmond,100.0,1,name only,False
2026,d03667,2026|cand|Jamillah Richmond,50.0,1,name->unique prior zip,True
2026,d03675,2026|cand|Jamillah Richmond,30.0,1,name only,False
2026,d03724,2026|cand|Jamillah Richmond,100.0,1,name only,False
2026,d03728,2026|cand|Jamillah Richmond,50.0,1,name->unique prior zip,True
2026,d03854,2026|cand|Jamillah Richmond,10.0,1,name only,False
2026,d04039,2026|cand|Jamillah Richmond,50.0,1,name only,False
2026,d04213,2026|cand|Jamillah Richmond,100.0,1,name only,False
2026,d04226,2026|cand|Jamillah Richmond,100.0,1,name only,False
2026,d04697,2026|cand|Jamillah Richmond,50.0,1,name only,False
2026,d04763,2026|cand|Jamillah Richmond,50.0,1,name only,False
2026,d04811,2026|cand|Jamillah Richmond,100.0,1,name only,False
2026,d05839,2026|cand|Jamillah Richmond,25.0,1,name->unique prior zip,True
2026,d05874,2026|cand|Jamillah Richmond,30.0,1,name only,False
2026,d06044,2026|cand|Jamillah Richmond,30.0,1,name only,False
2026,d06354,2026|cand|Jamillah Richmond,100.0,1,name->unique prior zip,True
2026,d06439,2026|cand|Jamillah Richmond,100.0,1,name only,False
2026,d07121,2026|cand|Jamillah Richmond,100.0,1,name->unique prior zip,True
2026,d07770,2026|cand|Jamillah Richmond,50.0,1,name->unique prior zip,True
2026,d07813,2026|cand|Jamillah Richmond,100.0,1,name only,False
2026,d08155,2026|cand|Jamillah Richmond,100.0,1,name->unique prior zip,True
2026,d00041,2026|cand|Jill Grano,100.0,1,name->unique prior zip,True
2026,d00050,2026|cand|Jill Grano,100.0,1,name->unique prior zip,True
2026,d00065,2026|cand|Jill Grano,100.0,1,name only,False
2026,d00186,2026|cand|Jill Grano,100.0,1,name->unique prior zip,True
2026,d00216,2026|cand|Jill Grano,100.0,1,name->unique prior zip,True
2026,d00466,2026|cand|Jill Grano,100.0,1,name only,False
2026,d00515,2026|cand|Jill Grano,50.0,1,name only,False
2026,d00575,2026|cand|Jill Grano,25.0,1,name only,False
2026,d00692,2026|cand|Jill Grano,99.43,1,name only,False
2026,d00769,2026|cand|Jill Grano,50.0,1,name->unique prior zip,True
2026,d00801,2026|cand|Jill Grano,100.0,1,name->unique prior zip,True
2026,d00913,2026|cand|Jill Grano,100.0,1,name only,False
2026,d01047,2026|cand|Jill Grano,100.0,1,name only,False
2026,d01111,2026|cand|Jill Grano,25.0,1,name only,False
2026,d01188,2026|cand|Jill Grano,53.04,1,name->unique prior zip,True
2026,d01229,2026|cand|Jill Grano,100.0,1,name->unique prior zip,True
2026,d01346,2026|cand|Jill Grano,25.0,1,name only,False
2026,d01582,2026|cand|Jill Grano,53.04,1,name only,False
2026,d01640,2026|cand|Jill Grano,26.68,1,name only,False
2026,d01647,2026|cand|Jill Grano,105.75,1,name->unique prior zip,True
2026,d01736,2026|cand|Jill Grano,100.0,1,name only,False
2026,d01775,2026|cand|Jill Grano,53.04,1,name only,False
2026,d01852,2026|cand|Jill Grano,53.04,1,name only,False
2026,d01885,2026|cand|Jill Grano,100.0,1,name only,False
2026,d01930,2026|cand|Jill Grano,100.0,1,name only,False
2026,d01947,2026|cand|Jill Grano,53.04,1,name only,False
2026,d02035,2026|cand|Jill Grano,50.0,1,name only,False
2026,d02038,2026|cand|Jill Grano,100.0,1,name only,False
2026,d02100,2026|cand|Jill Grano,100.0,1,name only,False
2026,d02252,2026|cand|Jill Grano,26.68,1,name->unique prior zip,True
2026,d02272,2026|cand|Jill Grano,100.0,1,name only,False
2026,d02287,2026|cand|Jill Grano,100.0,1,name only,False
2026,d02439,2026|cand|Jill Grano,100.0,1,name->unique prior zip,True
2026,d02472,2026|cand|Jill Grano,103.9,1,name->unique prior zip,True
2026,d02499,2026|cand|Jill Grano,100.0,1,name only,False
2026,d02544,2026|cand|Jill Grano,50.0,1,name only,False
2026,d02781,2026|cand|Jill Grano,50.0,1,name->unique prior zip,True
2026,d02872,2026|cand|Jill Grano,100.0,1,name only,False
2026,d03003,2026|cand|Jill Grano,100.0,1,name only,False
2026,d03061,2026|cand|Jill Grano,100.0,1,name->unique prior zip,True
2026,d03066,2026|cand|Jill Grano,100.0,1,name->unique prior zip,True
2026,d03088,2026|cand|Jill Grano,100.0,1,name->unique prior zip,True
2026,d03089,2026|cand|Jill Grano,50.0,1,name only,False
2026,d03091,2026|cand|Jill Grano,100.0,1,name->unique prior zip,True
2026,d03108,2026|cand|Jill Grano,100.0,1,name only,False
2026,d03160,2026|cand|Jill Grano,100.0,1,name only,False
2026,d03170,2026|cand|Jill Grano,100.0,1,name->unique prior zip,True
2026,d03180,2026|cand|Jill Grano,26.68,1,name->unique prior zip,True
2026,d03210,2026|cand|Jill Grano,100.0,1,name only,False
2026,d03242,2026|cand|Jill Grano,26.68,1,name only,False
2026,d03304,2026|cand|Jill Grano,53.04,1,name only,False
2026,d03451,2026|cand|Jill Grano,100.0,1,name->unique prior zip,True
2026,d03529,2026|cand|Jill Grano,100.0,1,name->unique prior zip,True
2026,d03575,2026|cand|Jill Grano,100.0,1,name only,False
2026,d03919,2026|cand|Jill Grano,105.75,1,name only,False
2026,d03934,2026|cand|Jill Grano,53.04,1,name->unique prior zip,True
2026,d04187,2026|cand|Jill Grano,25.0,1,name->unique prior zip,True
2026,d04188,2026|cand|Jill Grano,100.0,1,name->unique prior zip,True
2026,d04231,2026|cand|Jill Grano,50.0,1,name only,False
2026,d04314,2026|cand|Jill Grano,100.0,1,name only,False
2026,d04367,2026|cand|Jill Grano,100.0,1,name->unique prior zip,True
2026,d04459,2026|cand|Jill Grano,26.68,1,name only,False
2026,d04525,2026|cand|Jill Grano,100.0,1,name->unique prior zip,True
2026,d04602,2026|cand|Jill Grano,100.0,1,name only,False
2026,d04731,2026|cand|Jill Grano,26.68,1,name only,False
2026,d04877,2026|cand|Jill Grano,100.0,1,name->unique prior zip,True
2026,d04908,2026|cand|Jill Grano,25.0,1,name only,False
2026,d05025,2026|cand|Jill Grano,100.0,1,name only,False
2026,d05098,2026|cand|Jill Grano,53.04,1,name only,False
2026,d05099,2026|cand|Jill Grano,100.0,1,name only,False
2026,d05150,2026|cand|Jill Grano,100.0,1,name->unique prior zip,True
2026,d05163,2026|cand|Jill Grano,50.0,1,name only,False
2026,d05214,2026|cand|Jill Grano,53.04,1,name->unique prior zip,True
2026,d05251,2026|cand|Jill Grano,100.0,1,name only,False
2026,d05417,2026|cand|Jill Grano,25.0,1,name only,False
2026,d05449,2026|cand|Jill Grano,100.0,1,name only,False
2026,d05543,2026|cand|Jill Grano,100.0,1,name->unique prior zip,True
2026,d05668,2026|cand|Jill Grano,10.0,1,name only,False
2026,d05839,2026|cand|Jill Grano,100.0,1,name->unique prior zip,True
2026,d05908,2026|cand|Jill Grano,50.0,1,name only,False
2026,d05912,2026|cand|Jill Grano,100.0,1,name only,False
2026,d05959,2026|cand|Jill Grano,53.04,1,name only,False
2026,d06013,2026|cand|Jill Grano,100.0,1,name->unique prior zip,True
2026,d06103,2026|cand|Jill Grano,100.0,1,name only,False
2026,d06142,2026|cand|Jill Grano,105.75,1,name only,False
2026,d06165,2026|cand|Jill Grano,100.0,1,name only,False
2026,d06236,2026|cand|Jill Grano,100.0,1,name only,False
2026,d06253,2026|cand|Jill Grano,26.68,1,name only,False
2026,d06285,2026|cand|Jill Grano,100.0,1,name only,False
2026,d06488,2026|cand|Jill Grano,100.0,1,name only,False
2026,d06530,2026|cand|Jill Grano,100.0,1,name only,False
2026,d06813,2026|cand|Jill Grano,53.04,1,name only,False
2026,d06989,2026|cand|Jill Grano,100.0,1,name->unique prior zip,True
2026,d07087,2026|cand|Jill Grano,100.0,1,name->unique prior zip,True
2026,d07121,2026|cand|Jill Grano,100.0,1,name->unique prior zip,True
2026,d07216,2026|cand|Jill Grano,53.04,1,name only,False
2026,d07246,2026|cand|Jill Grano,79.39,1,name only,False
2026,d07304,2026|cand|Jill Grano,50.0,1,name only,False
2026,d07345,2026|cand|Jill Grano,53.04,1,name->unique prior zip,True
2026,d07413,2026|cand|Jill Grano,26.68,1,name only,False
2026,d07483,2026|cand|Jill Grano,25.0,1,name->unique prior zip,True
2026,d07520,2026|cand|Jill Grano,100.0,1,name only,False
2026,d07526,2026|cand|Jill Grano,100.0,1,name->unique prior zip,True
2026,d07610,2026|cand|Jill Grano,53.04,1,name only,False
2026,d07629,2026|cand|Jill Grano,100.0,1,name->unique prior zip,True
2026,d07653,2026|cand|Jill Grano,100.0,1,name->unique prior zip,True
2026,d07688,2026|cand|Jill Grano,105.75,1,name only,False
2026,d07767,2026|cand|Jill Grano,100.0,1,name->unique prior zip,True
2026,d07884,2026|cand|Jill Grano,50.0,1,name only,False
2026,d07964,2026|cand|Jill Grano,25.0,1,name->unique prior zip,True
2026,d08078,2026|cand|Jill Grano,100.0,1,name->unique prior zip,True
2026,d08112,2026|cand|Jill Grano,100.0,1,name->unique prior zip,True
2026,d08126,2026|cand|Jill Grano,100.0,1,name->unique prior zip,True
2026,d00018,2026|cand|Rachel Isaacson,25.0,1,name only,False
2026,d00061,2026|cand|Rachel Isaacson,25.0,1,name only,False
2026,d00085,2026|cand|Rachel Isaacson,30.0,1,name only,False
2026,d00126,2026|cand|Rachel Isaacson,25.0,1,name only,False
2026,d00136,2026|cand|Rachel Isaacson,5.0,1,name only,False
2026,d00212,2026|cand|Rachel Isaacson,25.0,1,name only,False
2026,d00242,2026|cand|Rachel Isaacson,25.0,1,name->unique prior zip,True
2026,d00460,2026|cand|Rachel Isaacson,25.0,1,name only,False
2026,d00617,2026|cand|Rachel Isaacson,25.0,1,name only,False
2026,d00641,2026|cand|Rachel Isaacson,55.0,1,name->unique prior zip,True
2026,d00663,2026|cand|Rachel Isaacson,100.0,1,name->unique prior zip,True
2026,d00688,2026|cand|Rachel Isaacson,25.0,1,name only,False
2026,d00694,2026|cand|Rachel Isaacson,10.0,1,name only,False
2026,d00898,2026|cand|Rachel Isaacson,25.0,1,name only,False
2026,d00949,2026|cand|Rachel Isaacson,100.0,1,name->unique prior zip,True
2026,d01054,2026|cand|Rachel Isaacson,25.0,1,name only,False
2026,d01113,2026|cand|Rachel Isaacson,25.0,1,name only,False
2026,d01176,2026|cand|Rachel Isaacson,25.0,1,name only,False
2026,d01249,2026|cand|Rachel Isaacson,50.0,1,name only,False
2026,d01294,2026|cand|Rachel Isaacson,25.0,1,name only,False
2026,d01346,2026|cand|Rachel Isaacson,15.0,1,name only,False
2026,d01520,2026|cand|Rachel Isaacson,25.0,1,name->unique prior zip,True
2026,d01762,2026|cand|Rachel Isaacson,25.0,1,name only,False
2026,d01903,2026|cand|Rachel Isaacson,25.0,1,name only,False
2026,d01969,2026|cand|Rachel Isaacson,100.0,1,name only,False
2026,d02004,2026|cand|Rachel Isaacson,100.0,1,name->unique prior zip,True
2026,d02078,2026|cand|Rachel Isaacson,50.0,1,name only,False
2026,d02100,2026|cand|Rachel Isaacson,100.0,1,name only,False
2026,d02168,2026|cand|Rachel Isaacson,20.0,1,name only,False
2026,d02214,2026|cand|Rachel Isaacson,25.0,1,name->unique prior zip,True
2026,d02222,2026|cand|Rachel Isaacson,50.0,1,name->unique prior zip,True
2026,d02260,2026|cand|Rachel Isaacson,25.0,1,name only,False
2026,d02265,2026|cand|Rachel Isaacson,25.0,1,name only,False
2026,d02412,2026|cand|Rachel Isaacson,100.0,1,name->unique prior zip,True
2026,d02425,2026|cand|Rachel Isaacson,25.0,1,name only,False
2026,d02455,2026|cand|Rachel Isaacson,100.0,1,name only,False
2026,d02614,2026|cand|Rachel Isaacson,25.0,1,name only,False
2026,d02652,2026|cand|Rachel Isaacson,50.0,1,name only,False
2026,d02668,2026|cand|Rachel Isaacson,25.0,1,name only,False
2026,d02670,2026|cand|Rachel Isaacson,25.0,1,name only,False
2026,d02726,2026|cand|Rachel Isaacson,50.0,1,name only,False
2026,d02739,2026|cand|Rachel Isaacson,25.0,1,name only,False
2026,d02908,2026|cand|Rachel Isaacson,20.0,1,name only,False
2026,d03023,2026|cand|Rachel Isaacson,25.0,1,name only,False
2026,d03108,2026|cand|Rachel Isaacson,100.0,1,name only,False
2026,d03128,2026|cand|Rachel Isaacson,25.0,1,name only,False
2026,d03166,2026|cand|Rachel Isaacson,50.0,1,name only,False
2026,d03174,2026|cand|Rachel Isaacson,25.0,1,name only,False
2026,d03195,2026|cand|Rachel Isaacson,25.0,1,name only,False
2026,d03230,2026|cand|Rachel Isaacson,100.0,1,name only,False
2026,d03356,2026|cand|Rachel Isaacson,25.0,1,name only,False
2026,d03383,2026|cand|Rachel Isaacson,25.0,1,name only,False
2026,d03449,2026|cand|Rachel Isaacson,25.0,1,name only,False
2026,d03456,2026|cand|Rachel Isaacson,25.0,1,name only,False
2026,d03529,2026|cand|Rachel Isaacson,100.0,1,name->unique prior zip,True
2026,d03532,2026|cand|Rachel Isaacson,25.0,1,name only,False
2026,d03575,2026|cand|Rachel Isaacson,100.0,1,name only,False
2026,d03803,2026|cand|Rachel Isaacson,25.0,1,name only,False
2026,d04046,2026|cand|Rachel Isaacson,100.0,1,name only,False
2026,d04068,2026|cand|Rachel Isaacson,25.0,1,name only,False
2026,d04148,2026|cand|Rachel Isaacson,25.0,1,name only,False
2026,d04288,2026|cand|Rachel Isaacson,20.0,1,name only,False
2026,d04480,2026|cand|Rachel Isaacson,25.0,1,name only,False
2026,d04647,2026|cand|Rachel Isaacson,25.0,1,name only,False
2026,d04697,2026|cand|Rachel Isaacson,100.0,1,name only,False
2026,d04752,2026|cand|Rachel Isaacson,25.0,1,name only,False
2026,d04852,2026|cand|Rachel Isaacson,6.0,1,name only,False
2026,d05025,2026|cand|Rachel Isaacson,50.0,2,name only,False
2026,d05042,2026|cand|Rachel Isaacson,25.0,1,name only,False
2026,d05064,2026|cand|Rachel Isaacson,100.0,1,name only,False
2026,d05078,2026|cand|Rachel Isaacson,25.0,1,name only,False
2026,d05094,2026|cand|Rachel Isaacson,100.0,1,name->unique prior zip,True
2026,d05128,2026|cand|Rachel Isaacson,25.0,1,name only,False
2026,d05149,2026|cand|Rachel Isaacson,100.0,1,name only,False
2026,d05285,2026|cand|Rachel Isaacson,25.0,1,name only,False
2026,d05344,2026|cand|Rachel Isaacson,100.0,1,name only,False
2026,d05389,2026|cand|Rachel Isaacson,25.0,1,name only,False
2026,d05417,2026|cand|Rachel Isaacson,25.0,1,name only,False
2026,d05543,2026|cand|Rachel Isaacson,100.0,1,name->unique prior zip,True
2026,d05556,2026|cand|Rachel Isaacson,25.0,1,name only,False
2026,d05578,2026|cand|Rachel Isaacson,30.0,1,name only,False
2026,d05586,2026|cand|Rachel Isaacson,25.0,1,name only,False
2026,d05707,2026|cand|Rachel Isaacson,25.0,1,name only,False
2026,d05731,2026|cand|Rachel Isaacson,25.0,1,name only,False
2026,d05741,2026|cand|Rachel Isaacson,25.0,1,name only,False
2026,d05770,2026|cand|Rachel Isaacson,25.0,1,name only,False
2026,d05781,2026|cand|Rachel Isaacson,25.0,1,name only,False
2026,d05854,2026|cand|Rachel Isaacson,100.0,1,name only,False
2026,d05856,2026|cand|Rachel Isaacson,50.0,1,name only,False
2026,d05982,2026|cand|Rachel Isaacson,25.0,1,name only,False
2026,d06019,2026|cand|Rachel Isaacson,25.0,1,name only,False
2026,d06069,2026|cand|Rachel Isaacson,25.0,1,name only,False
2026,d06125,2026|cand|Rachel Isaacson,20.0,1,name only,False
2026,d06149,2026|cand|Rachel Isaacson,50.0,1,name only,False
2026,d06254,2026|cand|Rachel Isaacson,15.0,1,name only,False
2026,d06264,2026|cand|Rachel Isaacson,100.0,1,name only,False
2026,d06302,2026|cand|Rachel Isaacson,25.0,1,name only,False
2026,d06457,2026|cand|Rachel Isaacson,100.0,1,name only,False
2026,d06523,2026|cand|Rachel Isaacson,25.0,1,name only,False
2026,d06550,2026|cand|Rachel Isaacson,25.0,1,name only,False
2026,d06677,2026|cand|Rachel Isaacson,50.0,1,name only,False
2026,d06688,2026|cand|Rachel Isaacson,25.0,1,name only,False
2026,d06727,2026|cand|Rachel Isaacson,25.0,1,name only,False
2026,d06900,2026|cand|Rachel Isaacson,20.0,1,name only,False
2026,d07005,2026|cand|Rachel Isaacson,25.0,1,name only,False
2026,d07013,2026|cand|Rachel Isaacson,25.0,1,name only,False
2026,d07061,2026|cand|Rachel Isaacson,20.0,1,name only,False
2026,d07247,2026|cand|Rachel Isaacson,100.0,1,name only,False
2026,d07507,2026|cand|Rachel Isaacson,36.08,2,name only,False
2026,d07515,2026|cand|Rachel Isaacson,25.0,1,name only,False
2026,d07591,2026|cand|Rachel Isaacson,25.0,1,name only,False
2026,d07613,2026|cand|Rachel Isaacson,25.0,1,name only,False
2026,d07839,2026|cand|Rachel Isaacson,25.0,1,name only,False
2026,d07892,2026|cand|Rachel Isaacson,25.0,1,name only,False
2026,d07897,2026|cand|Rachel Isaacson,50.0,1,name only,False
2026,d07928,2026|cand|Rachel Isaacson,100.0,1,name->unique prior zip,True
2026,d07964,2026|cand|Rachel Isaacson,100.0,1,name->unique prior zip,True
2026,d08022,2026|cand|Rachel Isaacson,15.0,1,name only,False
2026,d08029,2026|cand|Rachel Isaacson,25.0,1,name only,False
2026,d08050,2026|cand|Rachel Isaacson,100.0,1,name only,False
2026,d08071,2026|cand|Rachel Isaacson,25.0,1,name only,False
2026,d08077,2026|cand|Rachel Isaacson,50.0,1,name only,False
2026,d08149,2026|cand|Rachel Isaacson,25.0,1,name only,False
2026,d00078,2026|cand|Ryan Schuchard,100.0,1,name->unique prior zip,True
2026,d00120,2026|cand|Ryan Schuchard,40.0,1,name->unique prior zip,True
2026,d00186,2026|cand|Ryan Schuchard,100.0,1,name->unique prior zip,True
2026,d00216,2026|cand|Ryan Schuchard,100.0,1,name->unique prior zip,True
2026,d00297,2026|cand|Ryan Schuchard,25.0,1,name only,False
2026,d00413,2026|cand|Ryan Schuchard,50.0,1,name->unique prior zip,True
2026,d00439,2026|cand|Ryan Schuchard,26.0,1,name only,False
2026,d00590,2026|cand|Ryan Schuchard,100.0,1,name->unique prior zip,True
2026,d00612,2026|cand|Ryan Schuchard,25.0,1,name->unique prior zip,True
2026,d00801,2026|cand|Ryan Schuchard,50.0,1,name->unique prior zip,True
2026,d00836,2026|cand|Ryan Schuchard,100.0,1,name->unique prior zip,True
2026,d01077,2026|cand|Ryan Schuchard,100.0,1,name->unique prior zip,True
2026,d01078,2026|cand|Ryan Schuchard,100.0,1,name->unique prior zip,True
2026,d01229,2026|cand|Ryan Schuchard,100.0,1,name->unique prior zip,True
2026,d01253,2026|cand|Ryan Schuchard,50.0,1,name->unique prior zip,True
2026,d01273,2026|cand|Ryan Schuchard,50.0,1,name->unique prior zip,True
2026,d01300,2026|cand|Ryan Schuchard,40.0,1,name->unique prior zip,True
2026,d01346,2026|cand|Ryan Schuchard,50.0,2,name only,False
2026,d01532,2026|cand|Ryan Schuchard,50.0,1,name only,False
2026,d01557,2026|cand|Ryan Schuchard,25.0,1,name only,False
2026,d01577,2026|cand|Ryan Schuchard,100.0,1,name->unique prior zip,True
2026,d01671,2026|cand|Ryan Schuchard,50.0,1,name->unique prior zip,True
2026,d01695,2026|cand|Ryan Schuchard,100.0,1,name only,False
2026,d01726,2026|cand|Ryan Schuchard,100.0,1,name->unique prior zip,True
2026,d01743,2026|cand|Ryan Schuchard,100.0,1,name->unique prior zip,True
2026,d01935,2026|cand|Ryan Schuchard,50.0,1,name->unique prior zip,True
2026,d02004,2026|cand|Ryan Schuchard,100.0,1,name->unique prior zip,True
2026,d02188,2026|cand|Ryan Schuchard,50.0,1,name only,False
2026,d02195,2026|cand|Ryan Schuchard,100.0,1,name->unique prior zip,True
2026,d02254,2026|cand|Ryan Schuchard,100.0,1,name->unique prior zip,True
2026,d02439,2026|cand|Ryan Schuchard,25.0,1,name->unique prior zip,True
2026,d02469,2026|cand|Ryan Schuchard,50.0,1,name->unique prior zip,True
2026,d02560,2026|cand|Ryan Schuchard,100.0,1,name->unique prior zip,True
2026,d02677,2026|cand|Ryan Schuchard,100.0,1,name->unique prior zip,True
2026,d03049,2026|cand|Ryan Schuchard,100.0,1,name only,False
2026,d03108,2026|cand|Ryan Schuchard,100.0,1,name only,False
2026,d03151,2026|cand|Ryan Schuchard,100.0,1,name->unique prior zip,True
2026,d03251,2026|cand|Ryan Schuchard,100.0,1,name->unique prior zip,True
2026,d03307,2026|cand|Ryan Schuchard,100.0,1,name only,False
2026,d03316,2026|cand|Ryan Schuchard,50.0,1,name->unique prior zip,True
2026,d03455,2026|cand|Ryan Schuchard,25.0,1,name->unique prior zip,True
2026,d03486,2026|cand|Ryan Schuchard,25.0,1,name only,False
2026,d03529,2026|cand|Ryan Schuchard,100.0,1,name->unique prior zip,True
2026,d03538,2026|cand|Ryan Schuchard,50.0,1,name->unique prior zip,True
2026,d03575,2026|cand|Ryan Schuchard,100.0,1,name only,False
2026,d03608,2026|cand|Ryan Schuchard,100.0,1,name only,False
2026,d03667,2026|cand|Ryan Schuchard,100.0,1,name->unique prior zip,True
2026,d03672,2026|cand|Ryan Schuchard,10.0,1,name only,False
2026,d03926,2026|cand|Ryan Schuchard,100.0,1,name->unique prior zip,True
2026,d04084,2026|cand|Ryan Schuchard,50.0,1,name->unique prior zip,True
2026,d04184,2026|cand|Ryan Schuchard,50.0,1,name only,False
2026,d04189,2026|cand|Ryan Schuchard,100.0,1,name->unique prior zip,True
2026,d04200,2026|cand|Ryan Schuchard,100.0,1,name->unique prior zip,True
2026,d04213,2026|cand|Ryan Schuchard,25.0,1,name only,False
2026,d04440,2026|cand|Ryan Schuchard,100.0,1,name->unique prior zip,True
2026,d04598,2026|cand|Ryan Schuchard,50.0,1,name->unique prior zip,True
2026,d04602,2026|cand|Ryan Schuchard,25.0,2,name only,False
2026,d04625,2026|cand|Ryan Schuchard,100.0,1,name only,False
2026,d04697,2026|cand|Ryan Schuchard,100.0,1,name only,False
2026,d04785,2026|cand|Ryan Schuchard,100.0,1,name only,False
2026,d04904,2026|cand|Ryan Schuchard,100.0,1,name only,False
2026,d05057,2026|cand|Ryan Schuchard,100.0,1,name->unique prior zip,True
2026,d05064,2026|cand|Ryan Schuchard,100.0,1,name only,False
2026,d05094,2026|cand|Ryan Schuchard,100.0,1,name->unique prior zip,True
2026,d05141,2026|cand|Ryan Schuchard,100.0,1,name->unique prior zip,True
2026,d05146,2026|cand|Ryan Schuchard,10.0,1,name only,False
2026,d05150,2026|cand|Ryan Schuchard,100.0,1,name->unique prior zip,True
2026,d05214,2026|cand|Ryan Schuchard,100.0,1,name->unique prior zip,True
2026,d05231,2026|cand|Ryan Schuchard,100.0,1,name->unique prior zip,True
2026,d05317,2026|cand|Ryan Schuchard,50.0,1,name only,False
2026,d05344,2026|cand|Ryan Schuchard,100.0,1,name only,False
2026,d05417,2026|cand|Ryan Schuchard,25.0,1,name only,False
2026,d05433,2026|cand|Ryan Schuchard,100.0,1,name->unique prior zip,True
2026,d05484,2026|cand|Ryan Schuchard,25.0,1,name->unique prior zip,True
2026,d05486,2026|cand|Ryan Schuchard,100.0,1,name->unique prior zip,True
2026,d05751,2026|cand|Ryan Schuchard,100.0,1,name only,False
2026,d05791,2026|cand|Ryan Schuchard,50.0,1,name only,False
2026,d05839,2026|cand|Ryan Schuchard,200.0,2,name->unique prior zip,True
2026,d06062,2026|cand|Ryan Schuchard,100.0,1,name->unique prior zip,True
2026,d06126,2026|cand|Ryan Schuchard,100.0,1,name only,False
2026,d06150,2026|cand|Ryan Schuchard,100.0,1,name->unique prior zip,True
2026,d06153,2026|cand|Ryan Schuchard,50.0,1,name->unique prior zip,True
2026,d06201,2026|cand|Ryan Schuchard,50.0,1,name only,False
2026,d06267,2026|cand|Ryan Schuchard,25.0,1,name->unique prior zip,True
2026,d06334,2026|cand|Ryan Schuchard,100.0,1,name->unique prior zip,True
2026,d06354,2026|cand|Ryan Schuchard,25.0,1,name->unique prior zip,True
2026,d06400,2026|cand|Ryan Schuchard,100.0,1,name only,False
2026,d06439,2026|cand|Ryan Schuchard,25.0,1,name only,False
2026,d06465,2026|cand|Ryan Schuchard,100.0,1,name only,False
2026,d06621,2026|cand|Ryan Schuchard,100.0,1,name->unique prior zip,True
2026,d06628,2026|cand|Ryan Schuchard,100.0,1,name->unique prior zip,True
2026,d06881,2026|cand|Ryan Schuchard,100.0,1,name->unique prior zip,True
2026,d06951,2026|cand|Ryan Schuchard,100.0,1,name only,False
2026,d06989,2026|cand|Ryan Schuchard,100.0,1,name->unique prior zip,True
2026,d07121,2026|cand|Ryan Schuchard,100.0,1,name->unique prior zip,True
2026,d07219,2026|cand|Ryan Schuchard,100.0,1,name only,False
2026,d07246,2026|cand|Ryan Schuchard,150.0,2,name only,False
2026,d07321,2026|cand|Ryan Schuchard,100.0,1,name only,False
2026,d07327,2026|cand|Ryan Schuchard,100.0,1,name only,False
2026,d07637,2026|cand|Ryan Schuchard,25.0,1,name only,False
2026,d07653,2026|cand|Ryan Schuchard,100.0,1,name->unique prior zip,True
2026,d07751,2026|cand|Ryan Schuchard,100.0,1,name only,False
2026,d07770,2026|cand|Ryan Schuchard,100.0,1,name->unique prior zip,True
2026,d07938,2026|cand|Ryan Schuchard,25.0,1,name only,False
2026,d07964,2026|cand|Ryan Schuchard,25.0,1,name->unique prior zip,True
2026,d08087,2026|cand|Ryan Schuchard,50.0,1,name only,False
2026,d08155,2026|cand|Ryan Schuchard,100.0,1,name->unique prior zip,True
2026,d00058,2026|cand|Samuel Fuqua,50.0,1,name only,False
2026,d00113,2026|cand|Samuel Fuqua,100.0,1,name->unique prior zip,True
2026,d00186,2026|cand|Samuel Fuqua,100.0,1,name->unique prior zip,True
2026,d00216,2026|cand|Samuel Fuqua,100.0,1,name->unique prior zip,True
2026,d00231,2026|cand|Samuel Fuqua,100.0,1,name only,False
2026,d00358,2026|cand|Samuel Fuqua,25.0,1,name only,False
2026,d00619,2026|cand|Samuel Fuqua,50.0,1,name only,False
2026,d00655,2026|cand|Samuel Fuqua,25.0,1,name only,False
2026,d00663,2026|cand|Samuel Fuqua,100.0,1,name->unique prior zip,True
2026,d00665,2026|cand|Samuel Fuqua,25.0,1,name only,False
2026,d00748,2026|cand|Samuel Fuqua,100.0,1,name->unique prior zip,True
2026,d00822,2026|cand|Samuel Fuqua,100.0,1,name only,False
2026,d00829,2026|cand|Samuel Fuqua,25.0,1,name only,False
2026,d00845,2026|cand|Samuel Fuqua,100.0,1,name->unique prior zip,True
2026,d00848,2026|cand|Samuel Fuqua,25.0,1,name only,False
2026,d00921,2026|cand|Samuel Fuqua,100.0,1,name only,False
2026,d00974,2026|cand|Samuel Fuqua,50.0,1,name only,False
2026,d01020,2026|cand|Samuel Fuqua,100.0,1,name only,False
2026,d01022,2026|cand|Samuel Fuqua,100.0,1,name->unique prior zip,True
2026,d01055,2026|cand|Samuel Fuqua,100.0,1,name only,False
2026,d01177,2026|cand|Samuel Fuqua,25.0,1,name->unique prior zip,True
2026,d01229,2026|cand|Samuel Fuqua,50.0,1,name->unique prior zip,True
2026,d01246,2026|cand|Samuel Fuqua,100.0,1,name only,False
2026,d01302,2026|cand|Samuel Fuqua,100.0,1,name only,False
2026,d01308,2026|cand|Samuel Fuqua,100.0,1,name only,False
2026,d01312,2026|cand|Samuel Fuqua,25.0,1,name only,False
2026,d01431,2026|cand|Samuel Fuqua,36.0,1,name only,False
2026,d01467,2026|cand|Samuel Fuqua,50.0,1,name only,False
2026,d01526,2026|cand|Samuel Fuqua,10.0,1,name only,False
2026,d01567,2026|cand|Samuel Fuqua,50.0,1,name only,False
2026,d01597,2026|cand|Samuel Fuqua,100.0,1,name only,False
2026,d01604,2026|cand|Samuel Fuqua,10.0,1,name only,False
2026,d01614,2026|cand|Samuel Fuqua,100.0,1,name only,False
2026,d01783,2026|cand|Samuel Fuqua,25.0,1,name only,False
2026,d01840,2026|cand|Samuel Fuqua,100.0,1,name only,False
2026,d02040,2026|cand|Samuel Fuqua,25.0,1,name only,False
2026,d02141,2026|cand|Samuel Fuqua,100.0,1,name only,False
2026,d02178,2026|cand|Samuel Fuqua,25.0,1,name only,False
2026,d02293,2026|cand|Samuel Fuqua,100.0,1,name only,False
2026,d02367,2026|cand|Samuel Fuqua,15.0,1,name only,False
2026,d02382,2026|cand|Samuel Fuqua,25.0,1,name only,False
2026,d02508,2026|cand|Samuel Fuqua,25.0,2,name only,False
2026,d02600,2026|cand|Samuel Fuqua,100.0,1,name only,False
2026,d02633,2026|cand|Samuel Fuqua,25.0,1,name only,False
2026,d02672,2026|cand|Samuel Fuqua,50.0,1,name only,False
2026,d02673,2026|cand|Samuel Fuqua,100.0,1,name only,False
2026,d02689,2026|cand|Samuel Fuqua,25.0,1,name only,False
2026,d02784,2026|cand|Samuel Fuqua,50.0,1,name only,False
2026,d03034,2026|cand|Samuel Fuqua,100.0,1,name only,False
2026,d03092,2026|cand|Samuel Fuqua,25.0,1,name only,False
2026,d03249,2026|cand|Samuel Fuqua,100.0,1,name only,False
2026,d03445,2026|cand|Samuel Fuqua,50.0,1,name only,False
2026,d03482,2026|cand|Samuel Fuqua,25.0,1,name only,False
2026,d03529,2026|cand|Samuel Fuqua,100.0,1,name->unique prior zip,True
2026,d03550,2026|cand|Samuel Fuqua,100.0,1,name only,False
2026,d03631,2026|cand|Samuel Fuqua,100.0,1,name only,False
2026,d03667,2026|cand|Samuel Fuqua,25.0,1,name->unique prior zip,True
2026,d03773,2026|cand|Samuel Fuqua,100.0,1,name->unique prior zip,True
2026,d03899,2026|cand|Samuel Fuqua,100.0,1,name only,False
2026,d03946,2026|cand|Samuel Fuqua,100.0,1,name only,False
2026,d04066,2026|cand|Samuel Fuqua,100.0,1,name only,False
2026,d04213,2026|cand|Samuel Fuqua,25.0,1,name only,False
2026,d04318,2026|cand|Samuel Fuqua,25.0,1,name only,False
2026,d04510,2026|cand|Samuel Fuqua,5.0,1,name only,False
2026,d04591,2026|cand|Samuel Fuqua,25.0,1,name->unique prior zip,True
2026,d04601,2026|cand|Samuel Fuqua,25.0,1,name->unique prior zip,True
2026,d04602,2026|cand|Samuel Fuqua,100.0,1,name only,False
2026,d04608,2026|cand|Samuel Fuqua,50.0,1,name only,False
2026,d04697,2026|cand|Samuel Fuqua,100.0,1,name only,False
2026,d04728,2026|cand|Samuel Fuqua,25.0,1,name only,False
2026,d04801,2026|cand|Samuel Fuqua,50.0,1,name only,False
2026,d04915,2026|cand|Samuel Fuqua,25.0,1,name only,False
2026,d04918,2026|cand|Samuel Fuqua,10.0,1,name only,False
2026,d04928,2026|cand|Samuel Fuqua,25.0,1,name only,False
2026,d04945,2026|cand|Samuel Fuqua,100.0,1,name only,False
2026,d04958,2026|cand|Samuel Fuqua,100.0,1,name only,False
2026,d05150,2026|cand|Samuel Fuqua,100.0,1,name->unique prior zip,True
2026,d05214,2026|cand|Samuel Fuqua,50.0,1,name->unique prior zip,True
2026,d05228,2026|cand|Samuel Fuqua,25.0,1,name only,False
2026,d05235,2026|cand|Samuel Fuqua,100.0,1,name only,False
2026,d05338,2026|cand|Samuel Fuqua,100.0,1,name only,False
2026,d05504,2026|cand|Samuel Fuqua,50.0,1,name only,False
2026,d05553,2026|cand|Samuel Fuqua,100.0,1,name->unique prior zip,True
2026,d05648,2026|cand|Samuel Fuqua,100.0,1,name only,False
2026,d05665,2026|cand|Samuel Fuqua,25.0,1,name only,False
2026,d05715,2026|cand|Samuel Fuqua,100.0,1,name only,False
2026,d05760,2026|cand|Samuel Fuqua,100.0,1,name only,False
2026,d05793,2026|cand|Samuel Fuqua,25.0,1,name only,False
2026,d05839,2026|cand|Samuel Fuqua,50.0,1,name->unique prior zip,True
2026,d05850,2026|cand|Samuel Fuqua,50.0,1,name only,False
2026,d05969,2026|cand|Samuel Fuqua,25.0,1,name->unique prior zip,True
2026,d05970,2026|cand|Samuel Fuqua,50.0,1,name only,False
2026,d05995,2026|cand|Samuel Fuqua,100.0,1,name only,False
2026,d06021,2026|cand|Samuel Fuqua,25.0,1,name only,False
2026,d06047,2026|cand|Samuel Fuqua,100.0,1,name only,False
2026,d06127,2026|cand|Samuel Fuqua,100.0,1,name only,False
2026,d06146,2026|cand|Samuel Fuqua,100.0,1,name only,False
2026,d06150,2026|cand|Samuel Fuqua,100.0,1,name->unique prior zip,True
2026,d06354,2026|cand|Samuel Fuqua,25.0,1,name->unique prior zip,True
2026,d06427,2026|cand|Samuel Fuqua,100.0,1,name only,False
2026,d06478,2026|cand|Samuel Fuqua,75.0,1,name only,False
2026,d06495,2026|cand|Samuel Fuqua,100.0,1,name only,False
2026,d06603,2026|cand|Samuel Fuqua,25.0,1,name->unique prior zip,True
2026,d06689,2026|cand|Samuel Fuqua,25.0,1,name only,False
2026,d06723,2026|cand|Samuel Fuqua,25.0,1,name only,False
2026,d06881,2026|cand|Samuel Fuqua,100.0,1,name->unique prior zip,True
2026,d06925,2026|cand|Samuel Fuqua,25.0,1,name only,False
2026,d06951,2026|cand|Samuel Fuqua,100.0,1,name only,False
2026,d07246,2026|cand|Samuel Fuqua,75.0,2,name only,False
2026,d07388,2026|cand|Samuel Fuqua,25.0,1,name->unique prior zip,True
2026,d07770,2026|cand|Samuel Fuqua,25.0,1,name->unique prior zip,True
2026,d07974,2026|cand|Samuel Fuqua,50.0,1,name only,False
2026,d08087,2026|cand|Samuel Fuqua,25.0,1,name only,False
2026,d08098,2026|cand|Samuel Fuqua,25.0,1,name->unique prior zip,True
2026,d08103,2026|cand|Samuel Fuqua,25.0,2,name only,False
2026,d08140,2026|cand|Samuel Fuqua,25.0,1,name only,False
2026,d08154,2026|cand|Samuel Fuqua,50.0,1,name only,False
2026,d08157,2026|cand|Samuel Fuqua,25.0,2,name only,False
2026,d00023,2026|cand|Tara Winer,100.0,1,name->unique prior zip,True
2026,d00109,2026|cand|Tara Winer,75.0,1,name->unique prior zip,True
2026,d00188,2026|cand|Tara Winer,50.0,1,name->unique prior zip,True
2026,d00353,2026|cand|Tara Winer,50.0,1,name only,False
2026,d00374,2026|cand|Tara Winer,100.0,1,name only,False
2026,d00383,2026|cand|Tara Winer,100.0,1,name only,False
2026,d00427,2026|cand|Tara Winer,100.0,1,name->unique prior zip,True
2026,d00527,2026|cand|Tara Winer,100.0,1,name only,False
2026,d00547,2026|cand|Tara Winer,100.0,1,name->unique prior zip,True
2026,d00587,2026|cand|Tara Winer,100.0,1,name->unique prior zip,True
2026,d00620,2026|cand|Tara Winer,100.0,1,name only,False
2026,d00663,2026|cand|Tara Winer,100.0,1,name->unique prior zip,True
2026,d00735,2026|cand|Tara Winer,100.0,1,name->unique prior zip,True
2026,d00775,2026|cand|Tara Winer,100.0,1,name->unique prior zip,True
2026,d00860,2026|cand|Tara Winer,100.0,1,name only,False
2026,d00865,2026|cand|Tara Winer,100.0,1,name->unique prior zip,True
2026,d00866,2026|cand|Tara Winer,100.0,1,name only,False
2026,d00981,2026|cand|Tara Winer,100.0,1,name only,False
2026,d01117,2026|cand|Tara Winer,100.0,1,name only,False
2026,d01128,2026|cand|Tara Winer,100.0,1,name->unique prior zip,True
2026,d01177,2026|cand|Tara Winer,50.0,1,name->unique prior zip,True
2026,d01229,2026|cand|Tara Winer,100.0,1,name->unique prior zip,True
2026,d01415,2026|cand|Tara Winer,30.0,1,name only,False
2026,d01493,2026|cand|Tara Winer,100.0,1,name->unique prior zip,True
2026,d01506,2026|cand|Tara Winer,100.0,1,name->unique prior zip,True
2026,d01525,2026|cand|Tara Winer,100.0,1,name only,False
2026,d01633,2026|cand|Tara Winer,100.0,1,name only,False
2026,d01680,2026|cand|Tara Winer,50.0,1,name->unique prior zip,True
2026,d01974,2026|cand|Tara Winer,100.0,1,name->unique prior zip,True
2026,d01985,2026|cand|Tara Winer,100.0,1,name only,False
2026,d02030,2026|cand|Tara Winer,100.0,1,name only,False
2026,d02042,2026|cand|Tara Winer,100.0,1,name only,False
2026,d02052,2026|cand|Tara Winer,25.0,1,name->unique prior zip,True
2026,d02095,2026|cand|Tara Winer,100.0,1,name->unique prior zip,True
2026,d02100,2026|cand|Tara Winer,100.0,1,name only,False
2026,d02138,2026|cand|Tara Winer,100.0,1,name only,False
2026,d02195,2026|cand|Tara Winer,100.0,1,name->unique prior zip,True
2026,d02222,2026|cand|Tara Winer,100.0,2,name->unique prior zip,True
2026,d02243,2026|cand|Tara Winer,75.0,1,name->unique prior zip,True
2026,d02335,2026|cand|Tara Winer,100.0,1,name only,False
2026,d02387,2026|cand|Tara Winer,100.0,1,name only,False
2026,d02412,2026|cand|Tara Winer,100.0,1,name->unique prior zip,True
2026,d02510,2026|cand|Tara Winer,100.0,1,name->unique prior zip,True
2026,d02683,2026|cand|Tara Winer,100.0,1,name only,False
2026,d02691,2026|cand|Tara Winer,100.0,1,name only,False
2026,d02710,2026|cand|Tara Winer,100.0,1,name only,False
2026,d02724,2026|cand|Tara Winer,100.0,1,name->unique prior zip,True
2026,d02766,2026|cand|Tara Winer,100.0,1,name only,False
2026,d02980,2026|cand|Tara Winer,25.0,1,name only,False
2026,d03039,2026|cand|Tara Winer,100.0,1,name->unique prior zip,True
2026,d03054,2026|cand|Tara Winer,100.0,1,name only,False
2026,d03108,2026|cand|Tara Winer,100.0,1,name only,False
2026,d03170,2026|cand|Tara Winer,100.0,1,name->unique prior zip,True
2026,d03193,2026|cand|Tara Winer,100.0,1,name->unique prior zip,True
2026,d03206,2026|cand|Tara Winer,100.0,1,name->unique prior zip,True
2026,d03218,2026|cand|Tara Winer,100.0,1,name only,False
2026,d03311,2026|cand|Tara Winer,100.0,1,name only,False
2026,d03322,2026|cand|Tara Winer,100.0,1,name only,False
2026,d03360,2026|cand|Tara Winer,100.0,1,name->unique prior zip,True
2026,d03418,2026|cand|Tara Winer,100.0,1,name only,False
2026,d03529,2026|cand|Tara Winer,100.0,1,name->unique prior zip,True
2026,d03554,2026|cand|Tara Winer,100.0,1,name->unique prior zip,True
2026,d03617,2026|cand|Tara Winer,100.0,1,name only,False
2026,d03813,2026|cand|Tara Winer,25.0,1,name only,False
2026,d03844,2026|cand|Tara Winer,100.0,1,name only,False
2026,d03884,2026|cand|Tara Winer,100.0,1,name->unique prior zip,True
2026,d03911,2026|cand|Tara Winer,100.0,1,name only,False
2026,d03914,2026|cand|Tara Winer,100.0,1,name only,False
2026,d03918,2026|cand|Tara Winer,50.0,1,name->unique prior zip,True
2026,d03964,2026|cand|Tara Winer,100.0,1,name->unique prior zip,True
2026,d04032,2026|cand|Tara Winer,100.0,1,name only,False
2026,d04047,2026|cand|Tara Winer,100.0,1,name->unique prior zip,True
2026,d04049,2026|cand|Tara Winer,100.0,1,name only,False
2026,d04057,2026|cand|Tara Winer,100.0,1,name->unique prior zip,True
2026,d04112,2026|cand|Tara Winer,100.0,1,name only,False
2026,d04117,2026|cand|Tara Winer,100.0,1,name only,False
2026,d04333,2026|cand|Tara Winer,100.0,1,name only,False
2026,d04416,2026|cand|Tara Winer,100.0,1,name only,False
2026,d04422,2026|cand|Tara Winer,100.0,1,name->unique prior zip,True
2026,d04527,2026|cand|Tara Winer,100.0,1,name->unique prior zip,True
2026,d04572,2026|cand|Tara Winer,75.0,1,name only,False
2026,d04582,2026|cand|Tara Winer,100.0,1,name only,False
2026,d04674,2026|cand|Tara Winer,100.0,1,name only,False
2026,d04690,2026|cand|Tara Winer,100.0,1,name->unique prior zip,True
2026,d04727,2026|cand|Tara Winer,100.0,1,name->unique prior zip,True
2026,d04729,2026|cand|Tara Winer,100.0,1,name->unique prior zip,True
2026,d04807,2026|cand|Tara Winer,100.0,1,name only,False
2026,d04842,2026|cand|Tara Winer,25.0,1,name->unique prior zip,True
2026,d04976,2026|cand|Tara Winer,100.0,1,name only,False
2026,d04990,2026|cand|Tara Winer,100.0,1,name->unique prior zip,True
2026,d04993,2026|cand|Tara Winer,50.0,1,name->unique prior zip,True
2026,d05064,2026|cand|Tara Winer,100.0,1,name only,False
2026,d05066,2026|cand|Tara Winer,100.0,1,name only,False
2026,d05072,2026|cand|Tara Winer,100.0,1,name->unique prior zip,True
2026,d05099,2026|cand|Tara Winer,50.0,1,name only,False
2026,d05211,2026|cand|Tara Winer,100.0,1,name only,False
2026,d05235,2026|cand|Tara Winer,50.0,1,name only,False
2026,d05238,2026|cand|Tara Winer,50.0,1,name->unique prior zip,True
2026,d05270,2026|cand|Tara Winer,75.0,1,name->unique prior zip,True
2026,d05300,2026|cand|Tara Winer,100.0,1,name->unique prior zip,True
2026,d05341,2026|cand|Tara Winer,50.0,1,name only,False
2026,d05377,2026|cand|Tara Winer,50.0,1,name->unique prior zip,True
2026,d05382,2026|cand|Tara Winer,50.0,1,name only,False
2026,d05543,2026|cand|Tara Winer,100.0,1,name->unique prior zip,True
2026,d05581,2026|cand|Tara Winer,25.0,1,name only,False
2026,d05589,2026|cand|Tara Winer,100.0,1,name->unique prior zip,True
2026,d05683,2026|cand|Tara Winer,50.0,1,name only,False
2026,d05751,2026|cand|Tara Winer,100.0,1,name only,False
2026,d05796,2026|cand|Tara Winer,25.0,1,name only,False
2026,d05998,2026|cand|Tara Winer,100.0,1,name->unique prior zip,True
2026,d06007,2026|cand|Tara Winer,100.0,1,name only,False
2026,d06079,2026|cand|Tara Winer,25.0,1,name only,False
2026,d06100,2026|cand|Tara Winer,100.0,1,name only,False
2026,d06155,2026|cand|Tara Winer,100.0,1,name->unique prior zip,True
2026,d06288,2026|cand|Tara Winer,100.0,1,name only,False
2026,d06445,2026|cand|Tara Winer,25.0,1,name->unique prior zip,True
2026,d06520,2026|cand|Tara Winer,100.0,1,name only,False
2026,d06661,2026|cand|Tara Winer,100.0,1,name only,False
2026,d06678,2026|cand|Tara Winer,25.0,1,name->unique prior zip,True
2026,d06715,2026|cand|Tara Winer,100.0,1,name only,False
2026,d06737,2026|cand|Tara Winer,100.0,1,name->unique prior zip,True
2026,d06740,2026|cand|Tara Winer,100.0,1,name->unique prior zip,True
2026,d06746,2026|cand|Tara Winer,75.0,1,name->unique prior zip,True
2026,d06807,2026|cand|Tara Winer,100.0,1,name only,False
2026,d06823,2026|cand|Tara Winer,100.0,1,name only,False
2026,d06826,2026|cand|Tara Winer,100.0,1,name only,False
2026,d06899,2026|cand|Tara Winer,100.0,1,name->unique prior zip,True
2026,d06943,2026|cand|Tara Winer,25.0,1,name->unique prior zip,True
2026,d07038,2026|cand|Tara Winer,100.0,1,name->unique prior zip,True
2026,d07048,2026|cand|Tara Winer,75.0,1,name->unique prior zip,True
2026,d07063,2026|cand|Tara Winer,25.0,1,name only,False
2026,d07115,2026|cand|Tara Winer,50.0,1,name->unique prior zip,True
2026,d07179,2026|cand|Tara Winer,100.0,1,name only,False
2026,d07186,2026|cand|Tara Winer,100.0,1,name only,False
2026,d07313,2026|cand|Tara Winer,100.0,1,name->unique prior zip,True
2026,d07544,2026|cand|Tara Winer,100.0,1,name->unique prior zip,True
2026,d07628,2026|cand|Tara Winer,50.0,1,name->unique prior zip,True
2026,d07694,2026|cand|Tara Winer,100.0,1,name->unique prior zip,True
2026,d07745,2026|cand|Tara Winer,100.0,1,name->unique prior zip,True
2026,d07919,2026|cand|Tara Winer,50.0,1,name->unique prior zip,True
2026,d07928,2026|cand|Tara Winer,100.0,1,name->unique prior zip,True
2026,d07963,2026|cand|Tara Winer,50.0,1,name->unique prior zip,True
2026,d08070,2026|cand|Tara Winer,50.0,1,name->unique prior zip,True
2026,d08079,2026|cand|Tara Winer,100.0,1,name only,False
2026,d08109,2026|cand|Tara Winer,100.0,1,name->unique prior zip,True
2026,d03806,2026|issue|Boulder Firefighters for a Stronger Boulder,242.0,2,name only,False
2026,d02750,2026|issue|Vacancy to Vitality,112.11,5,name->unique prior zip,True
2026,d04365,2026|issue|Vacancy to Vitality,20.0,1,name->unique prior zip,True
