year,candidate_sov,node_id,endorser_type,org_type,office_status_at_endorsement,held_boulder_council,held_any_elected_office,served_board_commission,page_section
2019,Aaron Brockett,org:better-boulder,organization,advocacy,,False,False,False,Endorsements
2019,Adam Swetlik,e00049,person,,current,True,True,False,Sam Weaver
2019,Adam Swetlik,e00301,person,,current,True,True,False,Cindy Carlisle
2019,Adam Swetlik,e00399,person,,,False,False,True,Judy Nogg
2019,Adam Swetlik,e00424,person,,,False,False,False,Boulder Weekly
2019,Adam Swetlik,e00424,person,,,False,False,False,100% Approval
2019,Adam Swetlik,e00424,person,,,False,False,False,90% Approval
2019,Adam Swetlik,e00483,person,,,False,False,False,Dr. Gary Wockner
2019,Adam Swetlik,e00549,person,,current,True,True,False,Suzanne Jones
2019,Adam Swetlik,e00658,person,,current,True,True,False,Lisa Morzel
2019,Adam Swetlik,e01040,person,,,False,False,False,Our Revolution Boulder
2019,Adam Swetlik,e01086,person,,,False,True,False,Ruth Wright
2019,Adam Swetlik,e01141,person,,,False,False,True,Sarah Silver
2019,Adam Swetlik,e01276,person,,current,True,True,False,Mirabai Nagel
2019,Adam Swetlik,e01315,person,,,False,False,True,Alli Fronzaglia
2019,Adam Swetlik,e01338,person,,,False,False,True,Karen Hollweg
2019,Adam Swetlik,e01659,person,,current,False,True,False,Edie Hooton
2019,Adam Swetlik,org:boulder-weekly,organization,newspaper,,False,False,False,Boulder Weekly
2019,Adam Swetlik,org:sierra-club,organization,environmental,,False,False,False,Sierra Club
2019,Benita Duran,e00033,person,,,False,False,False,YOU ARE MAKING IT HAPPEN. THANK YOU DONORS AND SUPPORTERS AS OF 09/24/19!
2019,Benita Duran,e00034,person,,,False,False,False,YOU ARE MAKING IT HAPPEN. THANK YOU DONORS AND SUPPORTERS AS OF 09/24/19!
2019,Benita Duran,e00065,person,,,False,False,False,YOU ARE MAKING IT HAPPEN. THANK YOU DONORS AND SUPPORTERS AS OF 09/24/19!
2019,Benita Duran,e00115,person,,,False,False,False,YOU ARE MAKING IT HAPPEN. THANK YOU DONORS AND SUPPORTERS AS OF 09/24/19!
2019,Benita Duran,e00123,person,,,False,False,False,YOU ARE MAKING IT HAPPEN. THANK YOU DONORS AND SUPPORTERS AS OF 09/24/19!
2019,Benita Duran,e00196,person,,,False,False,False,YOU ARE MAKING IT HAPPEN. THANK YOU DONORS AND SUPPORTERS AS OF 09/24/19!
2019,Benita Duran,e00213,person,,,False,False,False,YOU ARE MAKING IT HAPPEN. THANK YOU DONORS AND SUPPORTERS AS OF 09/24/19!
2019,Benita Duran,e00265,person,,,False,False,False,YOU ARE MAKING IT HAPPEN. THANK YOU DONORS AND SUPPORTERS AS OF 09/24/19!
2019,Benita Duran,e00373,person,,,False,False,False,YOU ARE MAKING IT HAPPEN. THANK YOU DONORS AND SUPPORTERS AS OF 09/24/19!
2019,Benita Duran,e00475,person,,,False,False,False,YOU ARE MAKING IT HAPPEN. THANK YOU DONORS AND SUPPORTERS AS OF 09/24/19!
2019,Benita Duran,e00540,person,,,False,False,False,YOU ARE MAKING IT HAPPEN. THANK YOU DONORS AND SUPPORTERS AS OF 09/24/19!
2019,Benita Duran,e00547,person,,,False,False,False,YOU ARE MAKING IT HAPPEN. THANK YOU DONORS AND SUPPORTERS AS OF 09/24/19!
2019,Benita Duran,e00634,person,,,False,False,False,YOU ARE MAKING IT HAPPEN. THANK YOU DONORS AND SUPPORTERS AS OF 09/24/19!
2019,Benita Duran,e00701,person,,,False,False,False,YOU ARE MAKING IT HAPPEN. THANK YOU DONORS AND SUPPORTERS AS OF 09/24/19!
2019,Benita Duran,e00758,person,,,False,False,False,YOU ARE MAKING IT HAPPEN. THANK YOU DONORS AND SUPPORTERS AS OF 09/24/19!
2019,Benita Duran,e00769,person,,,False,False,False,YOU ARE MAKING IT HAPPEN. THANK YOU DONORS AND SUPPORTERS AS OF 09/24/19!
2019,Benita Duran,e00819,person,,,False,False,False,YOU ARE MAKING IT HAPPEN. THANK YOU DONORS AND SUPPORTERS AS OF 09/24/19!
2019,Benita Duran,e00859,person,,,False,False,False,YOU ARE MAKING IT HAPPEN. THANK YOU DONORS AND SUPPORTERS AS OF 09/24/19!
2019,Benita Duran,e00906,person,,,False,False,False,YOU ARE MAKING IT HAPPEN. THANK YOU DONORS AND SUPPORTERS AS OF 09/24/19!
2019,Benita Duran,e00930,person,,,False,False,False,YOU ARE MAKING IT HAPPEN. THANK YOU DONORS AND SUPPORTERS AS OF 09/24/19!
2019,Benita Duran,e01021,person,,,False,False,False,YOU ARE MAKING IT HAPPEN. THANK YOU DONORS AND SUPPORTERS AS OF 09/24/19!
2019,Benita Duran,e01156,person,,,False,False,False,YOU ARE MAKING IT HAPPEN. THANK YOU DONORS AND SUPPORTERS AS OF 09/24/19!
2019,Benita Duran,e01184,person,,,False,False,False,YOU ARE MAKING IT HAPPEN. THANK YOU DONORS AND SUPPORTERS AS OF 09/24/19!
2019,Benita Duran,e01221,person,,,False,False,False,YOU ARE MAKING IT HAPPEN. THANK YOU DONORS AND SUPPORTERS AS OF 09/24/19!
2019,Benita Duran,e01358,person,,current,True,True,False,YOU ARE MAKING IT HAPPEN. THANK YOU DONORS AND SUPPORTERS AS OF 09/24/19!
2019,Benita Duran,e01410,person,,,False,False,False,YOU ARE MAKING IT HAPPEN. THANK YOU DONORS AND SUPPORTERS AS OF 09/24/19!
2019,Benita Duran,e01413,person,,,False,False,False,YOU ARE MAKING IT HAPPEN. THANK YOU DONORS AND SUPPORTERS AS OF 09/24/19!
2019,Benita Duran,e01419,person,,,False,False,False,YOU ARE MAKING IT HAPPEN. THANK YOU DONORS AND SUPPORTERS AS OF 09/24/19!
2019,Benita Duran,e01453,person,,,False,False,False,YOU ARE MAKING IT HAPPEN. THANK YOU DONORS AND SUPPORTERS AS OF 09/24/19!
2019,Benita Duran,e01478,person,,,False,False,False,YOU ARE MAKING IT HAPPEN. THANK YOU DONORS AND SUPPORTERS AS OF 09/24/19!
2019,Benita Duran,e01492,person,,,False,False,False,YOU ARE MAKING IT HAPPEN. THANK YOU DONORS AND SUPPORTERS AS OF 09/24/19!
2019,Benita Duran,e01494,person,,,False,False,False,YOU ARE MAKING IT HAPPEN. THANK YOU DONORS AND SUPPORTERS AS OF 09/24/19!
2019,Benita Duran,e01539,person,,,False,False,False,YOU ARE MAKING IT HAPPEN. THANK YOU DONORS AND SUPPORTERS AS OF 09/24/19!
2019,Benita Duran,e01564,person,,,False,False,False,YOU ARE MAKING IT HAPPEN. THANK YOU DONORS AND SUPPORTERS AS OF 09/24/19!
2019,Benita Duran,e01578,person,,,False,False,False,YOU ARE MAKING IT HAPPEN. THANK YOU DONORS AND SUPPORTERS AS OF 09/24/19!
2019,Benita Duran,e01679,person,,,False,False,False,YOU ARE MAKING IT HAPPEN. THANK YOU DONORS AND SUPPORTERS AS OF 09/24/19!
2019,Bob Yates,e00004,person,,,False,False,False,Bob's Backers
2019,Bob Yates,e00006,person,,,False,False,False,Bob's Backers
2019,Bob Yates,e00012,person,,,False,False,False,Bob's Backers
2019,Bob Yates,e00013,person,,,False,False,False,Bob's Backers
2019,Bob Yates,e00016,person,,,False,False,False,Bob's Backers
2019,Bob Yates,e00017,person,,,False,False,True,Bob's Backers
2019,Bob Yates,e00021,person,,,False,False,False,Bob's Backers
2019,Bob Yates,e00024,person,,,False,False,False,Bob's Backers
2019,Bob Yates,e00027,person,,,False,False,False,Bob's Backers
2019,Bob Yates,e00028,person,,,False,False,False,Bob's Backers
2019,Bob Yates,e00029,person,,,False,False,False,Bob's Backers
2019,Bob Yates,e00031,person,,,False,False,False,Bob's Backers
2019,Bob Yates,e00032,person,,,False,False,False,Bob's Backers
2019,Bob Yates,e00040,person,,,False,False,False,Bob's Backers
2019,Bob Yates,e00041,person,,,False,False,False,Bob's Backers
2019,Bob Yates,e00043,person,,former,True,True,False,Bob's Backers
2019,Bob Yates,e00045,person,,,False,False,True,Bob's Backers
2019,Bob Yates,e00048,person,,,False,False,False,Bob's Backers
2019,Bob Yates,e00049,person,,current,True,True,False,Bob's Backers
2019,Bob Yates,e00055,person,,,False,False,False,Bob's Backers
2019,Bob Yates,e00056,person,,former,True,True,False,Bob's Backers
2019,Bob Yates,e00057,person,,,False,False,False,Bob's Backers
2019,Bob Yates,e00063,person,,,False,False,False,Bob's Backers
2019,Bob Yates,e00066,person,,,False,False,False,Bob's Backers
2019,Bob Yates,e00067,person,,,False,False,False,Bob's Backers
2019,Bob Yates,e00070,person,,,False,False,False,Bob's Backers
2019,Bob Yates,e00072,person,,,False,False,False,Bob's Backers
2019,Bob Yates,e00075,person,,,False,False,False,Bob's Backers
2019,Bob Yates,e00080,person,,,False,True,False,Bob's Backers
2019,Bob Yates,e00090,person,,,False,False,False,Bob's Backers
2019,Bob Yates,e00093,person,,,False,False,False,Bob's Backers
2019,Bob Yates,e00095,person,,,False,False,False,Bob's Backers
2019,Bob Yates,e00098,person,,,False,False,False,Bob's Backers
2019,Bob Yates,e00107,person,,,False,False,False,Bob's Backers
2019,Bob Yates,e00108,person,,,False,False,False,Bob's Backers
2019,Bob Yates,e00117,person,,,False,False,False,Bob's Backers
2019,Bob Yates,e00119,person,,,False,False,False,Bob's Backers
2019,Bob Yates,e00125,person,,,False,False,False,Bob's Backers
2019,Bob Yates,e00128,person,,,False,False,False,Bob's Backers
2019,Bob Yates,e00131,person,,,False,False,False,Bob's Backers
2019,Bob Yates,e00137,person,,,False,False,False,Bob's Backers
2019,Bob Yates,e00138,person,,,False,False,False,Bob's Backers
2019,Bob Yates,e00144,person,,,False,False,False,Bob's Backers
2019,Bob Yates,e00146,person,,former,True,True,False,Bob's Backers
2019,Bob Yates,e00148,person,,,False,False,False,Bob's Backers
2019,Bob Yates,e00149,person,,,False,False,False,Bob's Backers
2019,Bob Yates,e00159,person,,,False,False,False,Bob's Backers
2019,Bob Yates,e00160,person,,,False,False,False,Bob's Backers
2019,Bob Yates,e00168,person,,,False,False,False,Bob's Backers
2019,Bob Yates,e00170,person,,,False,False,False,Bob's Backers
2019,Bob Yates,e00172,person,,,False,False,False,Bob's Backers
2019,Bob Yates,e00174,person,,,False,False,False,Bob's Backers
2019,Bob Yates,e00175,person,,,False,False,False,Bob's Backers
2019,Bob Yates,e00176,person,,,False,False,False,Bob's Backers
2019,Bob Yates,e00177,person,,,False,False,False,Bob's Backers
2019,Bob Yates,e00182,person,,,False,False,False,Bob's Backers
2019,Bob Yates,e00187,person,,,False,False,False,Bob's Backers
2019,Bob Yates,e00189,person,,,False,False,False,Bob's Backers
2019,Bob Yates,e00191,person,,,False,False,False,Bob's Backers
2019,Bob Yates,e00192,person,,,False,False,False,Bob's Backers
2019,Bob Yates,e00193,person,,,False,False,False,Bob's Backers
2019,Bob Yates,e00195,person,,,False,False,False,Bob's Backers
2019,Bob Yates,e00197,person,,,False,False,False,Bob's Backers
2019,Bob Yates,e00199,person,,,False,False,False,Bob's Backers
2019,Bob Yates,e00200,person,,,False,False,False,Bob's Backers
2019,Bob Yates,e00203,person,,,False,False,False,Bob's Backers
2019,Bob Yates,e00206,person,,,False,False,False,Bob's Backers
2019,Bob Yates,e00207,person,,,False,False,False,Bob's Backers
2019,Bob Yates,e00214,person,,former,True,True,False,Bob's Backers
2019,Bob Yates,e00217,person,,,False,False,False,Bob's Backers
2019,Bob Yates,e00218,person,,,False,False,False,Bob's Backers
2019,Bob Yates,e00220,person,,,False,False,False,Bob's Backers
2019,Bob Yates,e00232,person,,,False,False,True,Bob's Backers
2019,Bob Yates,e00233,person,,,False,False,False,Bob's Backers
2019,Bob Yates,e00236,person,,,False,False,False,Bob's Backers
2019,Bob Yates,e00238,person,,,False,False,False,Bob's Backers
2019,Bob Yates,e00241,person,,,False,False,False,Bob's Backers
2019,Bob Yates,e00245,person,,,False,False,False,Bob's Backers
2019,Bob Yates,e00249,person,,,False,False,False,Bob's Backers
2019,Bob Yates,e00253,person,,,False,False,False,Bob's Backers
2019,Bob Yates,e00259,person,,,False,False,False,Bob's Backers
2019,Bob Yates,e00260,person,,,False,False,False,Bob's Backers
2019,Bob Yates,e00263,person,,,False,False,False,Bob's Backers
2019,Bob Yates,e00267,person,,,False,False,False,Bob's Backers
2019,Bob Yates,e00268,person,,,False,False,False,Bob's Backers
2019,Bob Yates,e00269,person,,,False,False,False,Bob's Backers
2019,Bob Yates,e00270,person,,,False,False,False,Bob's Backers
2019,Bob Yates,e00272,person,,,False,False,False,Bob's Backers
2019,Bob Yates,e00274,person,,current,True,True,False,Bob's Backers
2019,Bob Yates,e00281,person,,,False,False,False,Bob's Backers
2019,Bob Yates,e00285,person,,,False,False,False,Bob's Backers
2019,Bob Yates,e00290,person,,,False,False,False,Bob's Backers
2019,Bob Yates,e00292,person,,,False,False,False,Bob's Backers
2019,Bob Yates,e00295,person,,former,True,True,False,Bob's Backers
2019,Bob Yates,e00298,person,,,False,False,False,Bob's Backers
2019,Bob Yates,e00308,person,,,False,False,False,Bob's Backers
2019,Bob Yates,e00309,person,,,False,False,False,Bob's Backers
2019,Bob Yates,e00310,person,,,False,False,False,Bob's Backers
2019,Bob Yates,e00314,person,,,False,False,False,Bob's Backers
2019,Bob Yates,e00315,person,,,False,False,False,Bob's Backers
2019,Bob Yates,e00318,person,,,False,False,False,Bob's Backers
2019,Bob Yates,e00319,person,,,False,False,False,Bob's Backers
2019,Bob Yates,e00321,person,,,False,False,False,Bob's Backers
2019,Bob Yates,e00324,person,,,False,False,False,Bob's Backers
2019,Bob Yates,e00327,person,,,False,False,False,Bob's Backers
2019,Bob Yates,e00333,person,,,False,False,False,Bob's Backers
2019,Bob Yates,e00336,person,,,False,False,False,Bob's Backers
2019,Bob Yates,e00339,person,,,False,False,False,Bob's Backers
2019,Bob Yates,e00340,person,,,False,False,False,Bob's Backers
2019,Bob Yates,e00343,person,,,False,False,False,Bob's Backers
2019,Bob Yates,e00344,person,,,False,False,False,Bob's Backers
2019,Bob Yates,e00346,person,,,False,False,False,Bob's Backers
2019,Bob Yates,e00347,person,,,False,False,False,Bob's Backers
2019,Bob Yates,e00349,person,,,False,False,False,Bob's Backers
2019,Bob Yates,e00350,person,,,False,False,False,Bob's Backers
2019,Bob Yates,e00355,person,,,False,False,False,Bob's Backers
2019,Bob Yates,e00357,person,,,False,False,False,Bob's Backers
2019,Bob Yates,e00359,person,,,False,False,False,Bob's Backers
2019,Bob Yates,e00360,person,,,False,False,False,Bob's Backers
2019,Bob Yates,e00362,person,,,False,False,False,Bob's Backers
2019,Bob Yates,e00363,person,,,False,False,False,Bob's Backers
2019,Bob Yates,e00364,person,,,False,False,False,Bob's Backers
2019,Bob Yates,e00370,person,,,False,False,False,Bob's Backers
2019,Bob Yates,e00371,person,,,False,False,False,Bob's Backers
2019,Bob Yates,e00372,person,,,False,False,False,Bob's Backers
2019,Bob Yates,e00374,person,,,False,False,False,Bob's Backers
2019,Bob Yates,e00375,person,,,False,False,False,Bob's Backers
2019,Bob Yates,e00378,person,,,False,False,False,Bob's Backers
2019,Bob Yates,e00380,person,,,False,False,False,Bob's Backers
2019,Bob Yates,e00383,person,,,False,False,False,Bob's Backers
2019,Bob Yates,e00384,person,,,False,False,False,Bob's Backers
2019,Bob Yates,e00385,person,,,False,False,False,Bob's Backers
2019,Bob Yates,e00387,person,,,False,False,False,Bob's Backers
2019,Bob Yates,e00388,person,,,False,False,False,Bob's Backers
2019,Bob Yates,e00389,person,,former,True,True,False,Bob's Backers
2019,Bob Yates,e00395,person,,,False,False,False,Bob's Backers
2019,Bob Yates,e00396,person,,,False,False,False,Bob's Backers
2019,Bob Yates,e00399,person,,,False,False,True,Bob's Backers
2019,Bob Yates,e00404,person,,,False,False,False,Bob's Backers
2019,Bob Yates,e00408,person,,,False,False,False,Bob's Backers
2019,Bob Yates,e00410,person,,,False,False,False,Bob's Backers
2019,Bob Yates,e00411,person,,,False,False,False,Bob's Backers
2019,Bob Yates,e00415,person,,,False,False,False,Bob's Backers
2019,Bob Yates,e00419,person,,,False,False,False,Bob's Backers
2019,Bob Yates,e00420,person,,,False,False,False,Bob's Backers
2019,Bob Yates,e00427,person,,,False,False,False,Bob's Backers
2019,Bob Yates,e00428,person,,,False,False,False,Bob's Backers
2019,Bob Yates,e00430,person,,,False,False,False,Bob's Backers
2019,Bob Yates,e00432,person,,,False,False,False,Bob's Backers
2019,Bob Yates,e00434,person,,,False,False,False,Bob's Backers
2019,Bob Yates,e00436,person,,,False,False,False,Bob's Backers
2019,Bob Yates,e00440,person,,,False,False,False,Bob's Backers
2019,Bob Yates,e00442,person,,,False,False,False,Bob's Backers
2019,Bob Yates,e00447,person,,,False,False,False,Bob's Backers
2019,Bob Yates,e00448,person,,,False,False,False,Bob's Backers
2019,Bob Yates,e00453,person,,,False,False,False,Bob's Backers
2019,Bob Yates,e00455,person,,,False,False,False,Bob's Backers
2019,Bob Yates,e00459,person,,,False,False,False,Bob's Backers
2019,Bob Yates,e00462,person,,,False,False,False,Bob's Backers
2019,Bob Yates,e00463,person,,,False,False,False,Bob's Backers
2019,Bob Yates,e00464,person,,,False,False,False,Bob's Backers
2019,Bob Yates,e00466,person,,,False,False,False,Bob's Backers
2019,Bob Yates,e00469,person,,,False,False,False,Bob's Backers
2019,Bob Yates,e00473,person,,,False,False,False,Bob's Backers
2019,Bob Yates,e00476,person,,,False,False,False,Bob's Backers
2019,Bob Yates,e00480,person,,,False,False,False,Bob's Backers
2019,Bob Yates,e00482,person,,,False,False,False,Bob's Backers
2019,Bob Yates,e00485,person,,,False,False,False,Bob's Backers
2019,Bob Yates,e00487,person,,current,False,True,False,Bob's Backers
2019,Bob Yates,e00489,person,,,False,False,False,Bob's Backers
2019,Bob Yates,e00496,person,,,False,False,False,Bob's Backers
2019,Bob Yates,e00497,person,,,False,False,False,Bob's Backers
2019,Bob Yates,e00498,person,,,False,False,False,Bob's Backers
2019,Bob Yates,e00499,person,,,False,False,False,Bob's Backers
2019,Bob Yates,e00501,person,,,False,False,False,Bob's Backers
2019,Bob Yates,e00503,person,,,False,False,False,Bob's Backers
2019,Bob Yates,e00509,person,,former,True,True,False,Bob's Backers
2019,Bob Yates,e00511,person,,,False,False,False,Bob's Backers
2019,Bob Yates,e00512,person,,,False,False,False,Bob's Backers
2019,Bob Yates,e00516,person,,,False,False,False,Bob's Backers
2019,Bob Yates,e00517,person,,,False,False,False,Bob's Backers
2019,Bob Yates,e00520,person,,,False,False,False,Bob's Backers
2019,Bob Yates,e00521,person,,,False,False,False,Bob's Backers
2019,Bob Yates,e00523,person,,,False,False,False,Bob's Backers
2019,Bob Yates,e00524,person,,,False,False,False,Bob's Backers
2019,Bob Yates,e00529,person,,,False,False,False,Bob's Backers
2019,Bob Yates,e00531,person,,,False,False,False,Bob's Backers
2019,Bob Yates,e00533,person,,current,False,True,False,Bob's Backers
2019,Bob Yates,e00534,person,,former,True,True,False,Bob's Backers
2019,Bob Yates,e00535,person,,,False,False,False,Bob's Backers
2019,Bob Yates,e00539,person,,,False,False,False,Bob's Backers
2019,Bob Yates,e00543,person,,,False,False,False,Bob's Backers
2019,Bob Yates,e00545,person,,current,False,True,False,Bob's Backers
2019,Bob Yates,e00546,person,,,False,False,False,Bob's Backers
2019,Bob Yates,e00549,person,,current,True,True,False,Bob's Backers
2019,Bob Yates,e00557,person,,,False,False,False,Bob's Backers
2019,Bob Yates,e00567,person,,current,False,True,False,Bob's Backers
2019,Bob Yates,e00569,person,,,False,False,False,Bob's Backers
2019,Bob Yates,e00573,person,,,False,False,False,Bob's Backers
2019,Bob Yates,e00575,person,,,False,False,False,Bob's Backers
2019,Bob Yates,e00576,person,,,False,False,False,Bob's Backers
2019,Bob Yates,e00577,person,,,False,False,False,Bob's Backers
2019,Bob Yates,e00579,person,,,False,False,False,Bob's Backers
2019,Bob Yates,e00581,person,,,False,False,False,Bob's Backers
2019,Bob Yates,e00587,person,,,False,False,False,Bob's Backers
2019,Bob Yates,e00592,person,,,False,False,False,Bob's Backers
2019,Bob Yates,e00593,person,,,False,False,False,Bob's Backers
2019,Bob Yates,e00595,person,,,False,False,False,Bob's Backers
2019,Bob Yates,e00597,person,,,False,False,False,Bob's Backers
2019,Bob Yates,e00599,person,,,False,False,False,Bob's Backers
2019,Bob Yates,e00604,person,,,False,False,False,Bob's Backers
2019,Bob Yates,e00608,person,,,False,False,False,Bob's Backers
2019,Bob Yates,e00609,person,,,False,False,False,Bob's Backers
2019,Bob Yates,e00612,person,,,False,False,False,Bob's Backers
2019,Bob Yates,e00613,person,,,False,False,False,Bob's Backers
2019,Bob Yates,e00617,person,,,False,False,False,Bob's Backers
2019,Bob Yates,e00623,person,,,False,False,False,Bob's Backers
2019,Bob Yates,e00624,person,,,False,False,False,Bob's Backers
2019,Bob Yates,e00626,person,,,False,False,False,Bob's Backers
2019,Bob Yates,e00629,person,,,False,False,False,Bob's Backers
2019,Bob Yates,e00632,person,,,False,False,False,Bob's Backers
2019,Bob Yates,e00635,person,,,False,False,False,Bob's Backers
2019,Bob Yates,e00637,person,,,False,False,False,Bob's Backers
2019,Bob Yates,e00639,person,,,False,False,False,Bob's Backers
2019,Bob Yates,e00642,person,,,False,False,False,Bob's Backers
2019,Bob Yates,e00647,person,,,False,False,False,Bob's Backers
2019,Bob Yates,e00650,person,,,False,False,False,Bob's Backers
2019,Bob Yates,e00652,person,,,False,False,False,Bob's Backers
2019,Bob Yates,e00653,person,,,False,False,False,Bob's Backers
2019,Bob Yates,e00655,person,,,False,False,False,Bob's Backers
2019,Bob Yates,e00658,person,,current,True,True,False,Bob's Backers
2019,Bob Yates,e00664,person,,,False,False,False,Bob's Backers
2019,Bob Yates,e00666,person,,,False,False,False,Bob's Backers
2019,Bob Yates,e00669,person,,,False,False,False,Bob's Backers
2019,Bob Yates,e00670,person,,,False,False,False,Bob's Backers
2019,Bob Yates,e00672,person,,,False,False,False,Bob's Backers
2019,Bob Yates,e00676,person,,,False,False,False,Bob's Backers
2019,Bob Yates,e00677,person,,,False,False,False,Bob's Backers
2019,Bob Yates,e00678,person,,former,True,True,False,Bob's Backers
2019,Bob Yates,e00681,person,,,False,False,False,Bob's Backers
2019,Bob Yates,e00682,person,,,False,False,False,Bob's Backers
2019,Bob Yates,e00683,person,,,False,False,False,Bob's Backers
2019,Bob Yates,e00690,person,,,False,False,False,Bob's Backers
2019,Bob Yates,e00691,person,,,False,False,False,Bob's Backers
2019,Bob Yates,e00692,person,,,False,False,False,Bob's Backers
2019,Bob Yates,e00694,person,,,False,False,False,Bob's Backers
2019,Bob Yates,e00697,person,,,False,False,False,Bob's Backers
2019,Bob Yates,e00699,person,,,False,False,False,Bob's Backers
2019,Bob Yates,e00700,person,,,False,False,False,Bob's Backers
2019,Bob Yates,e00703,person,,,False,False,False,Bob's Backers
2019,Bob Yates,e00709,person,,,False,False,False,Bob's Backers
2019,Bob Yates,e00713,person,,,False,False,False,Bob's Backers
2019,Bob Yates,e00716,person,,,False,False,False,Bob's Backers
2019,Bob Yates,e00721,person,,,False,False,False,Bob's Backers
2019,Bob Yates,e00723,person,,,False,False,False,Bob's Backers
2019,Bob Yates,e00724,person,,,False,False,False,Bob's Backers
2019,Bob Yates,e00725,person,,,False,False,False,Bob's Backers
2019,Bob Yates,e00726,person,,former,False,True,False,Bob's Backers
2019,Bob Yates,e00727,person,,,False,False,False,Bob's Backers
2019,Bob Yates,e00728,person,,,False,False,False,Bob's Backers
2019,Bob Yates,e00729,person,,,False,False,False,Bob's Backers
2019,Bob Yates,e00730,person,,,False,False,False,Bob's Backers
2019,Bob Yates,e00733,person,,,False,False,False,Bob's Backers
2019,Bob Yates,e00739,person,,,False,False,False,Bob's Backers
2019,Bob Yates,e00740,person,,,False,False,False,Bob's Backers
2019,Bob Yates,e00741,person,,,False,False,False,Bob's Backers
2019,Bob Yates,e00742,person,,,False,False,False,Bob's Backers
2019,Bob Yates,e00749,person,,,False,False,False,Bob's Backers
2019,Bob Yates,e00751,person,,,False,False,False,Bob's Backers
2019,Bob Yates,e00752,person,,current,True,True,False,Bob's Backers
2019,Bob Yates,e00754,person,,,False,False,False,Bob's Backers
2019,Bob Yates,e00755,person,,,False,False,False,Bob's Backers
2019,Bob Yates,e00757,person,,,False,False,False,Bob's Backers
2019,Bob Yates,e00760,person,,,False,False,False,Bob's Backers
2019,Bob Yates,e00761,person,,,False,False,False,Bob's Backers
2019,Bob Yates,e00766,person,,,True,True,False,Bob's Backers
2019,Bob Yates,e00767,person,,,False,False,False,Bob's Backers
2019,Bob Yates,e00770,person,,,False,False,False,Bob's Backers
2019,Bob Yates,e00774,person,,,False,False,False,Bob's Backers
2019,Bob Yates,e00775,person,,,False,False,False,Bob's Backers
2019,Bob Yates,e00776,person,,,False,False,False,Bob's Backers
2019,Bob Yates,e00778,person,,,False,False,False,Bob's Backers
2019,Bob Yates,e00780,person,,,False,False,False,Bob's Backers
2019,Bob Yates,e00782,person,,,False,False,False,Bob's Backers
2019,Bob Yates,e00784,person,,,False,False,False,Bob's Backers
2019,Bob Yates,e00786,person,,,False,False,False,Bob's Backers
2019,Bob Yates,e00787,person,,,False,False,False,Bob's Backers
2019,Bob Yates,e00788,person,,,False,False,False,Bob's Backers
2019,Bob Yates,e00791,person,,,False,False,False,Bob's Backers
2019,Bob Yates,e00802,person,,,False,False,False,Bob's Backers
2019,Bob Yates,e00803,person,,,False,False,False,Bob's Backers
2019,Bob Yates,e00804,person,,,False,False,False,Bob's Backers
2019,Bob Yates,e00807,person,,,False,False,False,Bob's Backers
2019,Bob Yates,e00810,person,,,False,False,False,Bob's Backers
2019,Bob Yates,e00812,person,,,False,False,False,Bob's Backers
2019,Bob Yates,e00813,person,,,False,False,False,Bob's Backers
2019,Bob Yates,e00817,person,,,False,False,False,Bob's Backers
2019,Bob Yates,e00818,person,,,False,False,True,Bob's Backers
2019,Bob Yates,e00820,person,,,False,False,True,Bob's Backers
2019,Bob Yates,e00824,person,,former,True,True,False,Bob's Backers
2019,Bob Yates,e00828,person,,,False,False,False,Bob's Backers
2019,Bob Yates,e00829,person,,,False,False,False,Bob's Backers
2019,Bob Yates,e00830,person,,,False,False,False,Bob's Backers
2019,Bob Yates,e00831,person,,former,True,True,False,Bob's Backers
2019,Bob Yates,e00833,person,,,False,False,False,Bob's Backers
2019,Bob Yates,e00838,person,,,False,False,False,Bob's Backers
2019,Bob Yates,e00840,person,,current,True,True,False,Bob's Backers
2019,Bob Yates,e00844,person,,former,True,True,False,Bob's Backers
2019,Bob Yates,e00846,person,,,False,False,False,Bob's Backers
2019,Bob Yates,e00847,person,,,False,False,False,Bob's Backers
2019,Bob Yates,e00848,person,,,False,False,False,Bob's Backers
2019,Bob Yates,e00850,person,,,False,False,False,Bob's Backers
2019,Bob Yates,e00851,person,,former,True,True,False,Bob's Backers
2019,Bob Yates,e00853,person,,,False,False,False,Bob's Backers
2019,Bob Yates,e00854,person,,,False,False,False,Bob's Backers
2019,Bob Yates,e00861,person,,,False,False,False,Bob's Backers
2019,Bob Yates,e00863,person,,,False,False,False,Bob's Backers
2019,Bob Yates,e00865,person,,,False,False,False,Bob's Backers
2019,Bob Yates,e00866,person,,,False,False,False,Bob's Backers
2019,Bob Yates,e00867,person,,,False,False,False,Bob's Backers
2019,Bob Yates,e00870,person,,,False,False,False,Bob's Backers
2019,Bob Yates,e00874,person,,,False,False,False,Bob's Backers
2019,Bob Yates,e00881,person,,,False,False,False,Bob's Backers
2019,Bob Yates,e00885,person,,,False,False,False,Bob's Backers
2019,Bob Yates,e00888,person,,,False,False,False,Bob's Backers
2019,Bob Yates,e00890,person,,,False,False,False,Bob's Backers
2019,Bob Yates,e00891,person,,,False,False,False,Bob's Backers
2019,Bob Yates,e00894,person,,,False,False,False,Bob's Backers
2019,Bob Yates,e00895,person,,,False,False,False,Bob's Backers
2019,Bob Yates,e00897,person,,,False,False,False,Bob's Backers
2019,Bob Yates,e00899,person,,,False,False,False,Bob's Backers
2019,Bob Yates,e00904,person,,,False,False,False,Bob's Backers
2019,Bob Yates,e00905,person,,,False,False,False,Bob's Backers
2019,Bob Yates,e00908,person,,,False,False,False,Bob's Backers
2019,Bob Yates,e00910,person,,,False,False,False,Bob's Backers
2019,Bob Yates,e00911,person,,,False,False,False,Bob's Backers
2019,Bob Yates,e00915,person,,,False,False,False,Bob's Backers
2019,Bob Yates,e00916,person,,,False,False,False,Bob's Backers
2019,Bob Yates,e00921,person,,,True,True,True,Bob's Backers
2019,Bob Yates,e00924,person,,,False,False,False,Bob's Backers
2019,Bob Yates,e00926,person,,,False,False,False,Bob's Backers
2019,Bob Yates,e00929,person,,,False,False,False,Bob's Backers
2019,Bob Yates,e00932,person,,,False,False,False,Bob's Backers
2019,Bob Yates,e00933,person,,,False,False,False,Bob's Backers
2019,Bob Yates,e00935,person,,,False,False,False,Bob's Backers
2019,Bob Yates,e00936,person,,,False,False,False,Bob's Backers
2019,Bob Yates,e00937,person,,,False,False,False,Bob's Backers
2019,Bob Yates,e00938,person,,,False,False,False,Bob's Backers
2019,Bob Yates,e00939,person,,,False,False,False,Bob's Backers
2019,Bob Yates,e00940,person,,,False,False,False,Bob's Backers
2019,Bob Yates,e00941,person,,,False,False,False,Bob's Backers
2019,Bob Yates,e00944,person,,,False,False,False,Bob's Backers
2019,Bob Yates,e00946,person,,,False,False,False,Bob's Backers
2019,Bob Yates,e00947,person,,,False,False,False,Bob's Backers
2019,Bob Yates,e00948,person,,,False,False,False,Bob's Backers
2019,Bob Yates,e00949,person,,,False,False,True,Bob's Backers
2019,Bob Yates,e00954,person,,,False,False,False,Bob's Backers
2019,Bob Yates,e00956,person,,,False,False,False,Bob's Backers
2019,Bob Yates,e00960,person,,,False,False,False,Bob's Backers
2019,Bob Yates,e00963,person,,,False,False,False,Bob's Backers
2019,Bob Yates,e00965,person,,,False,False,False,Bob's Backers
2019,Bob Yates,e00967,person,,,False,False,False,Bob's Backers
2019,Bob Yates,e00968,person,,,False,False,False,Bob's Backers
2019,Bob Yates,e00973,person,,,False,False,False,Bob's Backers
2019,Bob Yates,e00974,person,,,False,False,False,Bob's Backers
2019,Bob Yates,e00979,person,,,False,False,False,Bob's Backers
2019,Bob Yates,e00983,person,,,False,False,False,Bob's Backers
2019,Bob Yates,e00984,person,,,False,False,False,Bob's Backers
2019,Bob Yates,e00987,person,,,False,False,True,Bob's Backers
2019,Bob Yates,e00988,person,,,False,False,False,Bob's Backers
2019,Bob Yates,e00996,person,,,False,False,False,Bob's Backers
2019,Bob Yates,e01000,person,,,False,False,False,Bob's Backers
2019,Bob Yates,e01001,person,,,False,False,False,Bob's Backers
2019,Bob Yates,e01007,person,,former,True,True,False,Bob's Backers
2019,Bob Yates,e01010,person,,,False,False,False,Bob's Backers
2019,Bob Yates,e01012,person,,,False,False,False,Bob's Backers
2019,Bob Yates,e01017,person,,,False,False,False,Bob's Backers
2019,Bob Yates,e01018,person,,,False,False,False,Bob's Backers
2019,Bob Yates,e01023,person,,,False,False,False,Bob's Backers
2019,Bob Yates,e01024,person,,,False,False,False,Bob's Backers
2019,Bob Yates,e01025,person,,,False,False,False,Bob's Backers
2019,Bob Yates,e01026,person,,,False,False,False,Bob's Backers
2019,Bob Yates,e01027,person,,,False,False,False,Bob's Backers
2019,Bob Yates,e01028,person,,,False,False,False,Bob's Backers
2019,Bob Yates,e01030,person,,,False,False,False,Bob's Backers
2019,Bob Yates,e01031,person,,,False,False,False,Bob's Backers
2019,Bob Yates,e01033,person,,,False,False,False,Bob's Backers
2019,Bob Yates,e01036,person,,,False,False,False,Bob's Backers
2019,Bob Yates,e01037,person,,,False,False,False,Bob's Backers
2019,Bob Yates,e01038,person,,,False,False,False,Bob's Backers
2019,Bob Yates,e01042,person,,,False,False,False,Bob's Backers
2019,Bob Yates,e01045,person,,,False,False,False,Bob's Backers
2019,Bob Yates,e01051,person,,,False,False,False,Bob's Backers
2019,Bob Yates,e01056,person,,,False,False,False,Bob's Backers
2019,Bob Yates,e01060,person,,,False,False,False,Bob's Backers
2019,Bob Yates,e01061,person,,,False,False,False,Bob's Backers
2019,Bob Yates,e01062,person,,,False,False,False,Bob's Backers
2019,Bob Yates,e01063,person,,,False,False,False,Bob's Backers
2019,Bob Yates,e01065,person,,,False,False,False,Bob's Backers
2019,Bob Yates,e01066,person,,,False,False,False,Bob's Backers
2019,Bob Yates,e01071,person,,,False,False,False,Bob's Backers
2019,Bob Yates,e01072,person,,,False,False,False,Bob's Backers
2019,Bob Yates,e01075,person,,,False,False,False,Bob's Backers
2019,Bob Yates,e01077,person,,,False,False,False,Bob's Backers
2019,Bob Yates,e01083,person,,,False,False,False,Bob's Backers
2019,Bob Yates,e01087,person,,,False,False,True,Bob's Backers
2019,Bob Yates,e01088,person,,,False,False,False,Bob's Backers
2019,Bob Yates,e01091,person,,,False,False,False,Bob's Backers
2019,Bob Yates,e01094,person,,,False,False,False,Bob's Backers
2019,Bob Yates,e01099,person,,,False,False,False,Bob's Backers
2019,Bob Yates,e01100,person,,,False,False,False,Bob's Backers
2019,Bob Yates,e01101,person,,former,True,True,False,Bob's Backers
2019,Bob Yates,e01108,person,,,False,False,False,Bob's Backers
2019,Bob Yates,e01110,person,,,False,False,False,Bob's Backers
2019,Bob Yates,e01112,person,,,False,False,False,Bob's Backers
2019,Bob Yates,e01113,person,,,False,False,False,Bob's Backers
2019,Bob Yates,e01115,person,,,False,False,False,Bob's Backers
2019,Bob Yates,e01123,person,,,False,False,False,Bob's Backers
2019,Bob Yates,e01125,person,,former,True,True,False,Bob's Backers
2019,Bob Yates,e01127,person,,,False,False,False,Bob's Backers
2019,Bob Yates,e01129,person,,,False,False,False,Bob's Backers
2019,Bob Yates,e01132,person,,,False,False,False,Bob's Backers
2019,Bob Yates,e01136,person,,,False,False,False,Bob's Backers
2019,Bob Yates,e01138,person,,,False,False,False,Bob's Backers
2019,Bob Yates,e01139,person,,,False,False,False,Bob's Backers
2019,Bob Yates,e01142,person,,,False,False,False,Bob's Backers
2019,Bob Yates,e01146,person,,,False,False,False,Bob's Backers
2019,Bob Yates,e01148,person,,,False,False,False,Bob's Backers
2019,Bob Yates,e01149,person,,,False,False,False,Bob's Backers
2019,Bob Yates,e01152,person,,,False,False,False,Bob's Backers
2019,Bob Yates,e01160,person,,,False,False,False,Bob's Backers
2019,Bob Yates,e01162,person,,,False,False,False,Bob's Backers
2019,Bob Yates,e01166,person,,,False,False,False,Bob's Backers
2019,Bob Yates,e01167,person,,,False,False,False,Bob's Backers
2019,Bob Yates,e01168,person,,,False,False,False,Bob's Backers
2019,Bob Yates,e01170,person,,,False,False,False,Bob's Backers
2019,Bob Yates,e01171,person,,,False,False,False,Bob's Backers
2019,Bob Yates,e01172,person,,,False,False,False,Bob's Backers
2019,Bob Yates,e01174,person,,,False,False,False,Bob's Backers
2019,Bob Yates,e01176,person,,,False,False,False,Bob's Backers
2019,Bob Yates,e01181,person,,,False,False,False,Bob's Backers
2019,Bob Yates,e01190,person,,,False,False,False,Bob's Backers
2019,Bob Yates,e01193,person,,,False,False,False,Bob's Backers
2019,Bob Yates,e01194,person,,,False,False,False,Bob's Backers
2019,Bob Yates,e01200,person,,,False,False,False,Bob's Backers
2019,Bob Yates,e01201,person,,,False,False,False,Bob's Backers
2019,Bob Yates,e01203,person,,,False,False,False,Bob's Backers
2019,Bob Yates,e01205,person,,current,False,True,False,Bob's Backers
2019,Bob Yates,e01206,person,,,True,True,False,Bob's Backers
2019,Bob Yates,e01207,person,,,False,False,False,Bob's Backers
2019,Bob Yates,e01211,person,,,False,False,False,Bob's Backers
2019,Bob Yates,e01212,person,,,False,False,False,Bob's Backers
2019,Bob Yates,e01213,person,,,False,False,False,Bob's Backers
2019,Bob Yates,e01215,person,,,False,False,False,Bob's Backers
2019,Bob Yates,e01217,person,,,False,False,False,Bob's Backers
2019,Bob Yates,e01220,person,,,False,False,False,Bob's Backers
2019,Bob Yates,e01223,person,,,False,False,False,Bob's Backers
2019,Bob Yates,e01224,person,,,False,False,False,Bob's Backers
2019,Bob Yates,e01225,person,,,False,False,False,Bob's Backers
2019,Bob Yates,e01230,person,,,False,False,True,Bob's Backers
2019,Bob Yates,e01231,person,,,False,False,True,Bob's Backers
2019,Bob Yates,e01233,person,,,False,False,False,Bob's Backers
2019,Bob Yates,e01235,person,,,False,False,False,Bob's Backers
2019,Bob Yates,e01236,person,,,False,False,False,Bob's Backers
2019,Bob Yates,e01239,person,,,False,False,False,Bob's Backers
2019,Bob Yates,e01243,person,,,False,False,False,Bob's Backers
2019,Bob Yates,e01244,person,,,False,False,False,Bob's Backers
2019,Bob Yates,e01246,person,,,False,False,False,Bob's Backers
2019,Bob Yates,e01247,person,,,False,False,False,Bob's Backers
2019,Bob Yates,e01249,person,,,False,False,False,Bob's Backers
2019,Bob Yates,e01250,person,,,False,False,False,Bob's Backers
2019,Bob Yates,e01251,person,,,False,False,False,Bob's Backers
2019,Bob Yates,e01253,person,,,False,False,False,Bob's Backers
2019,Bob Yates,e01254,person,,,False,False,False,Bob's Backers
2019,Bob Yates,e01255,person,,,False,False,False,Bob's Backers
2019,Bob Yates,e01256,person,,,False,False,False,Bob's Backers
2019,Bob Yates,e01257,person,,,False,False,False,Bob's Backers
2019,Bob Yates,e01266,person,,,False,False,False,Bob's Backers
2019,Bob Yates,e01271,person,,,False,False,False,Bob's Backers
2019,Bob Yates,e01272,person,,,False,False,False,Bob's Backers
2019,Bob Yates,e01277,person,,,False,False,False,Bob's Backers
2019,Bob Yates,e01284,person,,,False,False,False,Bob's Backers
2019,Bob Yates,e01285,person,,,False,False,False,Bob's Backers
2019,Bob Yates,e01291,person,,,False,False,False,Bob's Backers
2019,Bob Yates,e01293,person,,,False,False,False,Bob's Backers
2019,Bob Yates,e01302,person,,,False,False,False,Bob's Backers
2019,Bob Yates,e01303,person,,,False,False,False,Bob's Backers
2019,Bob Yates,e01305,person,,,False,False,False,Bob's Backers
2019,Bob Yates,e01306,person,,,False,False,False,Bob's Backers
2019,Bob Yates,e01308,person,,,False,False,False,Bob's Backers
2019,Bob Yates,e01309,person,,,False,False,False,Bob's Backers
2019,Bob Yates,e01317,person,,,False,False,False,Bob's Backers
2019,Bob Yates,e01324,person,,,False,False,False,Bob's Backers
2019,Bob Yates,e01327,person,,,False,False,False,Bob's Backers
2019,Bob Yates,e01328,person,,,False,False,False,Bob's Backers
2019,Bob Yates,e01334,person,,,False,False,False,Bob's Backers
2019,Bob Yates,e01336,person,,,False,False,False,Bob's Backers
2019,Bob Yates,e01340,person,,,False,False,False,Bob's Backers
2019,Bob Yates,e01341,person,,,False,False,False,Bob's Backers
2019,Bob Yates,e01342,person,,,False,False,False,Bob's Backers
2019,Bob Yates,e01343,person,,,False,False,False,Bob's Backers
2019,Bob Yates,e01345,person,,,False,False,False,Bob's Backers
2019,Bob Yates,e01346,person,,,False,False,False,Bob's Backers
2019,Bob Yates,e01349,person,,,False,False,False,Bob's Backers
2019,Bob Yates,e01352,person,,former,True,True,False,Bob's Backers
2019,Bob Yates,e01353,person,,,False,False,False,Bob's Backers
2019,Bob Yates,e01354,person,,,False,False,True,Bob's Backers
2019,Bob Yates,e01356,person,,,False,False,False,Bob's Backers
2019,Bob Yates,e01357,person,,,False,False,False,Bob's Backers
2019,Bob Yates,e01360,person,,,False,False,False,Bob's Backers
2019,Bob Yates,e01361,person,,,False,False,False,Bob's Backers
2019,Bob Yates,e01363,person,,,False,False,False,Bob's Backers
2019,Bob Yates,e01364,person,,,False,False,False,Bob's Backers
2019,Bob Yates,e01365,person,,,False,False,True,Bob's Backers
2019,Bob Yates,e01370,person,,,False,False,False,Bob's Backers
2019,Bob Yates,e01374,person,,former,True,True,False,Bob's Backers
2019,Bob Yates,e01375,person,,,False,False,False,Bob's Backers
2019,Bob Yates,e01376,person,,,False,False,False,Bob's Backers
2019,Bob Yates,e01379,person,,,False,False,False,Bob's Backers
2019,Bob Yates,e01380,person,,former,True,True,False,Bob's Backers
2019,Bob Yates,e01381,person,,,False,False,False,Bob's Backers
2019,Bob Yates,e01385,person,,,False,False,False,Bob's Backers
2019,Bob Yates,e01388,person,,,False,False,False,Bob's Backers
2019,Bob Yates,e01389,person,,,False,False,False,Bob's Backers
2019,Bob Yates,e01392,person,,,False,False,False,Bob's Backers
2019,Bob Yates,e01397,person,,,False,False,False,Bob's Backers
2019,Bob Yates,e01401,person,,,False,False,False,Bob's Backers
2019,Bob Yates,e01407,person,,,False,False,False,Bob's Backers
2019,Bob Yates,e01409,person,,,False,False,False,Bob's Backers
2019,Bob Yates,e01414,person,,,False,False,False,Bob's Backers
2019,Bob Yates,e01420,person,,,False,False,False,Bob's Backers
2019,Bob Yates,e01421,person,,,False,False,False,Bob's Backers
2019,Bob Yates,e01423,person,,,False,False,False,Bob's Backers
2019,Bob Yates,e01424,person,,,False,False,False,Bob's Backers
2019,Bob Yates,e01425,person,,,False,False,False,Bob's Backers
2019,Bob Yates,e01429,person,,,False,False,False,Bob's Backers
2019,Bob Yates,e01437,person,,,False,False,False,Bob's Backers
2019,Bob Yates,e01439,person,,,False,False,False,Bob's Backers
2019,Bob Yates,e01443,person,,,False,False,False,Bob's Backers
2019,Bob Yates,e01447,person,,,False,False,False,Bob's Backers
2019,Bob Yates,e01450,person,,,False,False,False,Bob's Backers
2019,Bob Yates,e01464,person,,,False,False,False,Bob's Backers
2019,Bob Yates,e01467,person,,,False,False,False,Bob's Backers
2019,Bob Yates,e01472,person,,,False,False,True,Bob's Backers
2019,Bob Yates,e01476,person,,,False,False,False,Bob's Backers
2019,Bob Yates,e01479,person,,,False,False,False,Bob's Backers
2019,Bob Yates,e01480,person,,,False,False,False,Bob's Backers
2019,Bob Yates,e01482,person,,,False,False,False,Bob's Backers
2019,Bob Yates,e01483,person,,,False,False,False,Bob's Backers
2019,Bob Yates,e01485,person,,,False,False,True,Bob's Backers
2019,Bob Yates,e01486,person,,,False,False,False,Bob's Backers
2019,Bob Yates,e01487,person,,,False,False,False,Bob's Backers
2019,Bob Yates,e01490,person,,,False,False,False,Bob's Backers
2019,Bob Yates,e01493,person,,,False,False,False,Bob's Backers
2019,Bob Yates,e01496,person,,former,True,True,False,Bob's Backers
2019,Bob Yates,e01497,person,,,False,False,False,Bob's Backers
2019,Bob Yates,e01500,person,,,False,False,False,Bob's Backers
2019,Bob Yates,e01502,person,,,False,False,False,Bob's Backers
2019,Bob Yates,e01505,person,,,False,False,False,Bob's Backers
2019,Bob Yates,e01506,person,,,False,False,False,Bob's Backers
2019,Bob Yates,e01510,person,,,False,False,False,Bob's Backers
2019,Bob Yates,e01511,person,,,False,False,False,Bob's Backers
2019,Bob Yates,e01517,person,,,False,False,False,Bob's Backers
2019,Bob Yates,e01525,person,,,False,False,False,Bob's Backers
2019,Bob Yates,e01526,person,,,False,False,False,Bob's Backers
2019,Bob Yates,e01527,person,,,False,False,False,Bob's Backers
2019,Bob Yates,e01528,person,,,False,False,False,Bob's Backers
2019,Bob Yates,e01529,person,,,False,False,False,Bob's Backers
2019,Bob Yates,e01530,person,,,False,False,True,Bob's Backers
2019,Bob Yates,e01531,person,,,False,False,False,Bob's Backers
2019,Bob Yates,e01537,person,,,False,False,False,Bob's Backers
2019,Bob Yates,e01538,person,,,False,False,False,Bob's Backers
2019,Bob Yates,e01541,person,,,False,False,False,Bob's Backers
2019,Bob Yates,e01544,person,,,False,False,False,Bob's Backers
2019,Bob Yates,e01547,person,,,False,False,False,Bob's Backers
2019,Bob Yates,e01551,person,,,False,False,False,Bob's Backers
2019,Bob Yates,e01555,person,,,False,False,False,Bob's Backers
2019,Bob Yates,e01556,person,,,False,False,False,Bob's Backers
2019,Bob Yates,e01557,person,,,False,False,False,Bob's Backers
2019,Bob Yates,e01558,person,,,False,False,False,Bob's Backers
2019,Bob Yates,e01560,person,,,False,False,False,Bob's Backers
2019,Bob Yates,e01561,person,,,False,False,False,Bob's Backers
2019,Bob Yates,e01565,person,,,False,False,False,Bob's Backers
2019,Bob Yates,e01566,person,,,False,False,False,Bob's Backers
2019,Bob Yates,e01567,person,,,False,False,False,Bob's Backers
2019,Bob Yates,e01568,person,,,False,False,False,Bob's Backers
2019,Bob Yates,e01572,person,,,False,False,False,Bob's Backers
2019,Bob Yates,e01575,person,,,False,False,False,Bob's Backers
2019,Bob Yates,e01579,person,,,False,False,False,Bob's Backers
2019,Bob Yates,e01580,person,,,False,False,False,Bob's Backers
2019,Bob Yates,e01582,person,,,False,False,True,Bob's Backers
2019,Bob Yates,e01588,person,,,False,False,False,Bob's Backers
2019,Bob Yates,e01596,person,,,False,False,False,Bob's Backers
2019,Bob Yates,e01604,person,,,False,False,False,Bob's Backers
2019,Bob Yates,e01610,person,,former,True,True,False,Bob's Backers
2019,Bob Yates,e01612,person,,,False,False,False,Bob's Backers
2019,Bob Yates,e01614,person,,,False,False,False,Bob's Backers
2019,Bob Yates,e01616,person,,,False,False,False,Bob's Backers
2019,Bob Yates,e01621,person,,,False,False,False,Bob's Backers
2019,Bob Yates,e01625,person,,,False,False,False,Bob's Backers
2019,Bob Yates,e01626,person,,,False,False,False,Bob's Backers
2019,Bob Yates,e01627,person,,,False,False,False,Bob's Backers
2019,Bob Yates,e01629,person,,,False,False,False,Bob's Backers
2019,Bob Yates,e01634,person,,,False,False,False,Bob's Backers
2019,Bob Yates,e01635,person,,,False,False,False,Bob's Backers
2019,Bob Yates,e01636,person,,,False,False,False,Bob's Backers
2019,Bob Yates,e01638,person,,,False,False,False,Bob's Backers
2019,Bob Yates,e01647,person,,,False,False,False,Bob's Backers
2019,Bob Yates,e01648,person,,,False,False,False,Bob's Backers
2019,Bob Yates,e01649,person,,former,False,True,False,Bob's Backers
2019,Bob Yates,e01651,person,,,False,False,False,Bob's Backers
2019,Bob Yates,e01653,person,,,False,False,False,Bob's Backers
2019,Bob Yates,e01656,person,,,False,False,False,Bob's Backers
2019,Bob Yates,e01658,person,,,False,False,False,Bob's Backers
2019,Bob Yates,e01659,person,,current,False,True,False,Bob's Backers
2019,Bob Yates,e01661,person,,,False,False,False,Bob's Backers
2019,Bob Yates,e01666,person,,,False,False,False,Bob's Backers
2019,Bob Yates,e01667,person,,,False,False,False,Bob's Backers
2019,Bob Yates,e01668,person,,,False,False,False,Bob's Backers
2019,Bob Yates,e01674,person,,,False,False,False,Bob's Backers
2019,Bob Yates,e01683,person,,,False,False,False,Bob's Backers
2019,Bob Yates,e01686,person,,,False,False,False,Bob's Backers
2019,Bob Yates,e01687,person,,,False,False,False,Bob's Backers
2019,Bob Yates,e01695,person,,,False,False,False,Bob's Backers
2019,Bob Yates,e01702,person,,,False,False,False,Bob's Backers
2019,Bob Yates,e01706,person,,,False,False,False,Bob's Backers
2019,Bob Yates,e01710,person,,,False,False,False,Bob's Backers
2019,Bob Yates,e01711,person,,,False,False,False,Bob's Backers
2019,Bob Yates,e01712,person,,,False,False,False,Bob's Backers
2019,Bob Yates,e01719,person,,,False,False,False,Bob's Backers
2019,Bob Yates,e01727,person,,,False,False,False,Bob's Backers
2019,Bob Yates,e01729,person,,,False,False,False,Bob's Backers
2019,Bob Yates,e01734,person,,,False,False,False,Bob's Backers
2019,Bob Yates,e01735,person,,,False,False,False,Bob's Backers
2019,Bob Yates,e01738,person,,,False,False,False,Bob's Backers
2019,Bob Yates,e01740,person,,,False,False,False,Bob's Backers
2019,Bob Yates,e01742,person,,,False,False,False,Bob's Backers
2019,Bob Yates,e01743,person,,,False,False,False,Bob's Backers
2019,Bob Yates,e01745,person,,,False,False,False,Bob's Backers
2019,Bob Yates,e01746,person,,,False,False,False,Bob's Backers
2019,Bob Yates,e01749,person,,,False,False,False,Bob's Backers
2019,Bob Yates,e01753,person,,,False,False,False,Bob's Backers
2019,Bob Yates,e01755,person,,,False,False,False,Bob's Backers
2019,Bob Yates,e01759,person,,,False,False,False,Bob's Backers
2019,Bob Yates,e01760,person,,,False,False,False,Bob's Backers
2019,Bob Yates,e01761,person,,,False,False,False,Bob's Backers
2019,Bob Yates,e01768,person,,,False,False,False,Bob's Backers
2019,Bob Yates,e01770,person,,former,True,True,False,Bob's Backers
2019,Bob Yates,e01771,person,,,False,False,False,Bob's Backers
2019,Bob Yates,e01775,person,,,False,False,False,Bob's Backers
2019,Bob Yates,e01776,person,,,False,False,False,Bob's Backers
2019,Bob Yates,e01777,person,,,False,False,False,Bob's Backers
2019,Bob Yates,e01778,person,,,False,False,False,Bob's Backers
2019,Bob Yates,e01784,person,,,False,False,True,Bob's Backers
2019,Bob Yates,e01789,person,,,False,False,False,Bob's Backers
2019,Bob Yates,e01791,person,,,False,False,False,Bob's Backers
2019,Bob Yates,e01792,person,,,False,False,False,Bob's Backers
2019,Bob Yates,e01793,person,,,False,False,False,Bob's Backers
2019,Bob Yates,e01796,person,,,False,False,False,Bob's Backers
2019,Bob Yates,e01797,person,,,False,False,False,Bob's Backers
2019,Bob Yates,e01802,person,,,False,False,False,Bob's Backers
2019,Bob Yates,e01804,person,,,False,False,False,Bob's Backers
2019,Bob Yates,e01806,person,,,False,False,False,Bob's Backers
2019,Bob Yates,e01815,person,,,False,False,False,Bob's Backers
2019,Bob Yates,e01816,person,,,False,False,False,Bob's Backers
2019,Bob Yates,e01819,person,,,False,False,False,Bob's Backers
2019,Bob Yates,e01825,person,,,False,False,False,Bob's Backers
2019,Bob Yates,e01829,person,,,False,False,False,Bob's Backers
2019,Bob Yates,e01833,person,,,False,False,False,Bob's Backers
2019,Bob Yates,e01834,person,,,False,False,False,Bob's Backers
2019,Bob Yates,e01836,person,,,False,False,False,Bob's Backers
2019,Bob Yates,e01839,person,,,False,False,False,Bob's Backers
2019,Bob Yates,e01841,person,,,False,False,False,Bob's Backers
2019,Bob Yates,e01844,person,,,False,False,False,Bob's Backers
2019,Bob Yates,e01845,person,,current,True,True,False,Bob's Backers
2019,Bob Yates,e01847,person,,,False,False,False,Bob's Backers
2019,Bob Yates,org:open-boulder-better-boulder-south-boulder-creek-action-group,organization,advocacy,,False,False,False,Bob's Backers
2019,Brian Dolan,e01639,person,,,False,False,False,Environment and Energy
2019,Brian Dolan,e01681,person,,,False,False,False,Arts and Culture
2019,Corina Julca,e00020,person,,,False,False,False,SUPPORTING ORGANIZATIONS
2019,Corina Julca,e00026,person,,,False,False,False,SUPPORTING ORGANIZATIONS
2019,Corina Julca,e00044,person,,,False,False,False,SUPPORTING ORGANIZATIONS
2019,Corina Julca,e00049,person,,current,True,True,False,SUPPORTING ORGANIZATIONS
2019,Corina Julca,e00106,person,,,False,False,False,SUPPORTING ORGANIZATIONS
2019,Corina Julca,e00109,person,,,False,False,False,SUPPORTING ORGANIZATIONS
2019,Corina Julca,e00283,person,,current,True,True,True,SUPPORTING ORGANIZATIONS
2019,Corina Julca,e00301,person,,current,True,True,False,SUPPORTING ORGANIZATIONS
2019,Corina Julca,e00399,person,,,False,False,True,SUPPORTING ORGANIZATIONS
2019,Corina Julca,e00490,person,,,False,False,True,SUPPORTING ORGANIZATIONS
2019,Corina Julca,e00492,person,,current,True,True,False,SUPPORTING ORGANIZATIONS
2019,Corina Julca,e00530,person,,former,True,True,False,SUPPORTING ORGANIZATIONS
2019,Corina Julca,e00549,person,,current,True,True,False,SUPPORTING ORGANIZATIONS
2019,Corina Julca,e00603,person,,,False,False,True,SUPPORTING ORGANIZATIONS
2019,Corina Julca,e00658,person,,current,True,True,False,SUPPORTING ORGANIZATIONS
2019,Corina Julca,e00799,person,,,False,False,False,SUPPORTING ORGANIZATIONS
2019,Corina Julca,e00809,person,,former,True,True,False,SUPPORTING ORGANIZATIONS
2019,Corina Julca,e00903,person,,current,True,True,False,SUPPORTING ORGANIZATIONS
2019,Corina Julca,e00922,person,,,False,False,True,SUPPORTING ORGANIZATIONS
2019,Corina Julca,e00978,person,,,False,False,False,SUPPORTING ORGANIZATIONS
2019,Corina Julca,e00998,person,,,False,False,False,SUPPORTING ORGANIZATIONS
2019,Corina Julca,e01034,person,,,False,False,False,SUPPORTING ORGANIZATIONS
2019,Corina Julca,e01039,person,,,False,False,False,SUPPORTING ORGANIZATIONS
2019,Corina Julca,e01046,person,,,False,False,True,SUPPORTING ORGANIZATIONS
2019,Corina Julca,e01141,person,,,False,False,True,SUPPORTING ORGANIZATIONS
2019,Corina Julca,e01185,person,,current,True,True,True,SUPPORTING ORGANIZATIONS
2019,Corina Julca,e01390,person,,,False,False,False,SUPPORTING ORGANIZATIONS
2019,Corina Julca,e01484,person,,,False,False,True,SUPPORTING ORGANIZATIONS
2019,Corina Julca,e01488,person,,,False,False,False,SUPPORTING ORGANIZATIONS
2019,Corina Julca,e01521,person,,,False,False,False,SUPPORTING ORGANIZATIONS
2019,Corina Julca,e01546,person,,,False,False,False,SUPPORTING ORGANIZATIONS
2019,Corina Julca,e01659,person,,current,False,True,False,SUPPORTING ORGANIZATIONS
2019,Corina Julca,e01670,person,,former,True,True,False,SUPPORTING ORGANIZATIONS
2019,Corina Julca,e01698,person,,,False,False,False,SUPPORTING ORGANIZATIONS
2019,Corina Julca,e01739,person,,,False,False,False,SUPPORTING ORGANIZATIONS
2019,Corina Julca,e01773,person,,,False,False,False,SUPPORTING ORGANIZATIONS
2019,Corina Julca,org:open-space-board-of-trustees-member,organization,environmental,,False,False,False,SUPPORTING ORGANIZATIONS
2019,Mark Wallach,e00044,person,,,False,False,False,Mark's endorsement & reviews
2019,Mark Wallach,e00049,person,,current,True,True,False,Mark's endorsement & reviews
2019,Mark Wallach,e00058,person,,,False,False,False,Concerned Citizens
2019,Mark Wallach,e00109,person,,,False,False,False,Concerned Citizens
2019,Mark Wallach,e00155,person,,,False,False,False,Concerned Citizens
2019,Mark Wallach,e00157,person,,,False,False,False,Concerned Citizens
2019,Mark Wallach,e00179,person,,,False,False,True,Concerned Citizens
2019,Mark Wallach,e00219,person,,,False,False,False,Concerned Citizens
2019,Mark Wallach,e00223,person,,,False,False,False,Concerned Citizens
2019,Mark Wallach,e00225,person,,,False,False,True,Mark's endorsement & reviews
2019,Mark Wallach,e00231,person,,,False,False,False,Concerned Citizens
2019,Mark Wallach,e00243,person,,,False,False,False,Concerned Citizens
2019,Mark Wallach,e00249,person,,,False,False,False,Concerned Citizens
2019,Mark Wallach,e00255,person,,,False,False,False,Concerned Citizens
2019,Mark Wallach,e00266,person,,,False,False,False,Concerned Citizens
2019,Mark Wallach,e00283,person,,,True,True,True,Concerned Citizens
2019,Mark Wallach,e00301,person,,current,True,True,False,Mark's endorsement & reviews
2019,Mark Wallach,e00305,person,,,False,False,False,Concerned Citizens
2019,Mark Wallach,e00313,person,,,False,False,False,Concerned Citizens
2019,Mark Wallach,e00331,person,,,False,False,False,Concerned Citizens
2019,Mark Wallach,e00335,person,,former,False,True,False,Mark's endorsement & reviews
2019,Mark Wallach,e00365,person,,,False,False,False,Concerned Citizens
2019,Mark Wallach,e00379,person,,,False,False,False,Concerned Citizens
2019,Mark Wallach,e00386,person,,current,False,True,False,Mark's endorsement & reviews
2019,Mark Wallach,e00399,person,,,False,False,True,Mark's endorsement & reviews
2019,Mark Wallach,e00431,person,,,False,False,False,Concerned Citizens
2019,Mark Wallach,e00465,person,,,False,False,False,Concerned Citizens
2019,Mark Wallach,e00483,person,,,False,False,False,Concerned Citizens
2019,Mark Wallach,e00490,person,,,False,False,True,Mark's endorsement & reviews
2019,Mark Wallach,e00492,person,,current,True,True,False,Mark's endorsement & reviews
2019,Mark Wallach,e00496,person,,,False,False,False,Concerned Citizens
2019,Mark Wallach,e00501,person,,,False,False,False,Concerned Citizens
2019,Mark Wallach,e00530,person,,former,True,True,False,Mark's endorsement & reviews
2019,Mark Wallach,e00548,person,,,False,False,False,Concerned Citizens
2019,Mark Wallach,e00555,person,,,False,False,True,Mark's endorsement & reviews
2019,Mark Wallach,e00555,person,,,False,False,True,Concerned Citizens
2019,Mark Wallach,e00570,person,,,False,False,True,Mark's endorsement & reviews
2019,Mark Wallach,e00582,person,,,False,False,False,Concerned Citizens
2019,Mark Wallach,e00603,person,,,False,False,True,Mark's endorsement & reviews
2019,Mark Wallach,e00625,person,,,False,False,False,Concerned Citizens
2019,Mark Wallach,e00630,person,,,False,False,False,Concerned Citizens
2019,Mark Wallach,e00644,person,,,False,False,False,Concerned Citizens
2019,Mark Wallach,e00658,person,,current,True,True,False,Mark's endorsement & reviews
2019,Mark Wallach,e00684,person,,,False,False,False,Concerned Citizens
2019,Mark Wallach,e00698,person,,,False,False,False,Concerned Citizens
2019,Mark Wallach,e00765,person,,,False,False,False,Concerned Citizens
2019,Mark Wallach,e00772,person,,,False,False,False,Concerned Citizens
2019,Mark Wallach,e00808,person,,,False,False,False,Concerned Citizens
2019,Mark Wallach,e00809,person,,former,True,True,False,Mark's endorsement & reviews
2019,Mark Wallach,e00824,person,,former,True,True,False,Mark's endorsement & reviews
2019,Mark Wallach,e00832,person,,,False,False,False,Concerned Citizens
2019,Mark Wallach,e00839,person,,current,True,True,False,Mark's endorsement & reviews
2019,Mark Wallach,e00840,person,,current,True,True,False,Mark's endorsement & reviews
2019,Mark Wallach,e00864,person,,,False,False,False,Concerned Citizens
2019,Mark Wallach,e00922,person,,,False,False,True,Mark's endorsement & reviews
2019,Mark Wallach,e00938,person,,,False,False,False,Concerned Citizens
2019,Mark Wallach,e00948,person,,,False,False,False,Concerned Citizens
2019,Mark Wallach,e00952,person,,,False,False,False,Concerned Citizens
2019,Mark Wallach,e00955,person,,,False,False,False,Concerned Citizens
2019,Mark Wallach,e00977,person,,,False,False,False,Concerned Citizens
2019,Mark Wallach,e00978,person,,,False,False,False,Concerned Citizens
2019,Mark Wallach,e00989,person,,,False,False,False,Concerned Citizens
2019,Mark Wallach,e01003,person,,,False,False,False,Concerned Citizens
2019,Mark Wallach,e01046,person,,,False,False,True,Mark's endorsement & reviews
2019,Mark Wallach,e01047,person,,,False,False,False,Concerned Citizens
2019,Mark Wallach,e01086,person,,,False,True,False,Mark's endorsement & reviews
2019,Mark Wallach,e01096,person,,,False,False,False,Concerned Citizens
2019,Mark Wallach,e01134,person,,,False,False,False,Concerned Citizens
2019,Mark Wallach,e01141,person,,,False,False,True,Mark's endorsement & reviews
2019,Mark Wallach,e01147,person,,,False,False,False,Concerned Citizens
2019,Mark Wallach,e01159,person,,,False,False,True,Mark's endorsement & reviews
2019,Mark Wallach,e01185,person,,,True,True,True,Mark's endorsement & reviews
2019,Mark Wallach,e01187,person,,,False,False,False,Concerned Citizens
2019,Mark Wallach,e01254,person,,,False,False,False,Concerned Citizens
2019,Mark Wallach,e01269,person,,,False,False,True,Mark's endorsement & reviews
2019,Mark Wallach,e01278,person,,,False,False,False,Concerned Citizens
2019,Mark Wallach,e01287,person,,,False,False,False,Concerned Citizens
2019,Mark Wallach,e01311,person,,,False,False,False,Concerned Citizens
2019,Mark Wallach,e01338,person,,,False,False,True,Mark's endorsement & reviews
2019,Mark Wallach,e01350,person,,,False,False,False,Concerned Citizens
2019,Mark Wallach,e01355,person,,,False,False,False,Concerned Citizens
2019,Mark Wallach,e01362,person,,,False,False,False,Concerned Citizens
2019,Mark Wallach,e01368,person,,,False,False,False,Concerned Citizens
2019,Mark Wallach,e01373,person,,,False,False,False,Concerned Citizens
2019,Mark Wallach,e01387,person,,,False,False,False,Concerned Citizens
2019,Mark Wallach,e01390,person,,,False,False,False,Concerned Citizens
2019,Mark Wallach,e01398,person,,,False,False,True,Mark's endorsement & reviews
2019,Mark Wallach,e01436,person,,,False,False,False,Concerned Citizens
2019,Mark Wallach,e01454,person,,,False,False,True,Concerned Citizens
2019,Mark Wallach,e01463,person,,,False,False,False,Concerned Citizens
2019,Mark Wallach,e01484,person,,,False,False,True,Mark's endorsement & reviews
2019,Mark Wallach,e01488,person,,,False,False,False,Concerned Citizens
2019,Mark Wallach,e01516,person,,,False,False,False,Concerned Citizens
2019,Mark Wallach,e01521,person,,,False,False,False,Concerned Citizens
2019,Mark Wallach,e01525,person,,,False,False,False,Concerned Citizens
2019,Mark Wallach,e01529,person,,,False,False,False,Concerned Citizens
2019,Mark Wallach,e01585,person,,,False,False,False,Concerned Citizens
2019,Mark Wallach,e01589,person,,,False,False,False,Concerned Citizens
2019,Mark Wallach,e01623,person,,,False,False,False,Concerned Citizens
2019,Mark Wallach,e01628,person,,,False,False,False,Concerned Citizens
2019,Mark Wallach,e01641,person,,,False,False,False,Concerned Citizens
2019,Mark Wallach,e01652,person,,,False,False,False,Concerned Citizens
2019,Mark Wallach,e01662,person,,,False,False,False,Concerned Citizens
2019,Mark Wallach,e01670,person,,former,True,True,False,Mark's endorsement & reviews
2019,Mark Wallach,e01680,person,,former,True,True,False,Mark's endorsement & reviews
2019,Mark Wallach,e01698,person,,,False,False,False,Concerned Citizens
2019,Mark Wallach,e01699,person,,,False,False,False,Concerned Citizens
2019,Mark Wallach,e01722,person,,,False,False,False,Concerned Citizens
2019,Mark Wallach,e01724,person,,,False,False,False,Concerned Citizens
2019,Mark Wallach,e01726,person,,,False,False,False,Concerned Citizens
2019,Mark Wallach,e01731,person,,,False,False,False,Concerned Citizens
2019,Mark Wallach,e01737,person,,,False,False,False,Concerned Citizens
2019,Mark Wallach,e01739,person,,,False,False,False,Concerned Citizens
2019,Mark Wallach,e01744,person,,,False,False,False,Concerned Citizens
2019,Mark Wallach,e01750,person,,,False,False,False,Concerned Citizens
2019,Mark Wallach,e01762,person,,,False,False,False,Concerned Citizens
2019,Mark Wallach,e01764,person,,,False,False,False,Concerned Citizens
2019,Mark Wallach,e01773,person,,,False,False,False,Concerned Citizens
2019,Mark Wallach,e01809,person,,former,True,True,False,Mark's endorsement & reviews
2019,Mark Wallach,org:boulder-public-lands-coalition,organization,coalition,,False,False,False,Boulder Public Lands Coalition
2019,Rachel Friend,e00010,person,,former,True,True,False,All Endorsements
2019,Rachel Friend,e00039,person,,,False,False,False,All Endorsements
2019,Rachel Friend,e00043,person,,former,True,True,False,Elected Officials / Candidates / Board Members*
2019,Rachel Friend,e00043,person,,former,True,True,False,All Endorsements
2019,Rachel Friend,e00045,person,,,False,False,True,Elected Officials / Candidates / Board Members*
2019,Rachel Friend,e00045,person,,,False,False,True,All Endorsements
2019,Rachel Friend,e00046,person,,,False,False,False,All Endorsements
2019,Rachel Friend,e00057,person,,,False,False,False,All Endorsements
2019,Rachel Friend,e00154,person,,,False,False,False,Featured Endorsements
2019,Rachel Friend,e00154,person,,,False,False,False,All Endorsements
2019,Rachel Friend,e00159,person,,,False,False,False,All Endorsements
2019,Rachel Friend,e00163,person,,,False,False,False,All Endorsements
2019,Rachel Friend,e00164,person,,,False,False,False,All Endorsements
2019,Rachel Friend,e00188,person,,,False,False,False,All Endorsements
2019,Rachel Friend,e00233,person,,,False,False,False,All Endorsements
2019,Rachel Friend,e00244,person,,,False,False,False,All Endorsements
2019,Rachel Friend,e00250,person,,,False,False,False,All Endorsements
2019,Rachel Friend,e00263,person,,,False,False,False,All Endorsements
2019,Rachel Friend,e00268,person,,,False,False,False,All Endorsements
2019,Rachel Friend,e00271,person,,,False,False,False,All Endorsements
2019,Rachel Friend,e00274,person,,current,True,True,False,Elected Officials / Candidates / Board Members*
2019,Rachel Friend,e00274,person,,current,True,True,False,All Endorsements
2019,Rachel Friend,e00329,person,,,False,False,False,All Endorsements
2019,Rachel Friend,e00340,person,,,False,False,False,All Endorsements
2019,Rachel Friend,e00348,person,,,False,False,False,All Endorsements
2019,Rachel Friend,e00367,person,,current,False,True,False,Elected Officials / Candidates / Board Members*
2019,Rachel Friend,e00367,person,,,False,True,False,All Endorsements
2019,Rachel Friend,e00374,person,,,False,False,False,All Endorsements
2019,Rachel Friend,e00377,person,,,False,False,False,All Endorsements
2019,Rachel Friend,e00382,person,,,False,False,False,All Endorsements
2019,Rachel Friend,e00386,person,,former,False,True,False,Elected Officials / Candidates / Board Members*
2019,Rachel Friend,e00386,person,,,False,True,False,All Endorsements
2019,Rachel Friend,e00389,person,,former,True,True,False,Elected Officials / Candidates / Board Members*
2019,Rachel Friend,e00389,person,,former,True,True,False,All Endorsements
2019,Rachel Friend,e00397,person,,,False,False,False,All Endorsements
2019,Rachel Friend,e00433,person,,,False,False,False,All Endorsements
2019,Rachel Friend,e00441,person,,former,True,True,False,Elected Officials / Candidates / Board Members*
2019,Rachel Friend,e00441,person,,former,True,True,False,Featured Endorsements
2019,Rachel Friend,e00441,person,,current,True,True,False,All Endorsements
2019,Rachel Friend,e00445,person,,,False,False,False,All Endorsements
2019,Rachel Friend,e00449,person,,,False,False,False,All Endorsements
2019,Rachel Friend,e00455,person,,,False,False,False,All Endorsements
2019,Rachel Friend,e00460,person,,,False,False,False,All Endorsements
2019,Rachel Friend,e00495,person,,current,True,True,False,Elected Officials / Candidates / Board Members*
2019,Rachel Friend,e00495,person,,,True,True,False,All Endorsements
2019,Rachel Friend,e00524,person,,,False,False,False,All Endorsements
2019,Rachel Friend,e00533,person,,current,False,True,False,Elected Officials / Candidates / Board Members*
2019,Rachel Friend,e00533,person,,current,False,True,False,All Endorsements
2019,Rachel Friend,e00534,person,,former,True,True,False,Elected Officials / Candidates / Board Members*
2019,Rachel Friend,e00534,person,,former,True,True,False,All Endorsements
2019,Rachel Friend,e00545,person,,current,False,True,False,Elected Officials / Candidates / Board Members*
2019,Rachel Friend,e00545,person,,current,False,True,False,All Endorsements
2019,Rachel Friend,e00591,person,,,False,False,False,All Endorsements
2019,Rachel Friend,e00602,person,,,False,False,False,Privacy Overview
2019,Rachel Friend,e00606,person,,,False,False,False,All Endorsements
2019,Rachel Friend,e00612,person,,,False,False,False,All Endorsements
2019,Rachel Friend,e00616,person,,former,True,True,False,Elected Officials / Candidates / Board Members*
2019,Rachel Friend,e00616,person,,,True,True,False,All Endorsements
2019,Rachel Friend,e00622,person,,,False,False,False,All Endorsements
2019,Rachel Friend,e00629,person,,,False,False,False,All Endorsements
2019,Rachel Friend,e00656,person,,,False,False,False,All Endorsements
2019,Rachel Friend,e00666,person,,,False,False,False,All Endorsements
2019,Rachel Friend,e00695,person,,,False,False,False,All Endorsements
2019,Rachel Friend,e00706,person,,,False,False,False,All Endorsements
2019,Rachel Friend,e00710,person,,,False,False,False,All Endorsements
2019,Rachel Friend,e00720,person,,,False,False,True,Elected Officials / Candidates / Board Members*
2019,Rachel Friend,e00720,person,,,False,False,True,Featured Endorsements
2019,Rachel Friend,e00720,person,,,False,False,True,All Endorsements
2019,Rachel Friend,e00752,person,,former,True,True,False,Elected Officials / Candidates / Board Members*
2019,Rachel Friend,e00752,person,,former,True,True,False,Featured Endorsements
2019,Rachel Friend,e00752,person,,current,True,True,False,All Endorsements
2019,Rachel Friend,e00766,person,,current,True,True,False,Elected Officials / Candidates / Board Members*
2019,Rachel Friend,e00766,person,,,True,True,False,All Endorsements
2019,Rachel Friend,e00776,person,,,False,False,False,All Endorsements
2019,Rachel Friend,e00778,person,,,False,False,False,All Endorsements
2019,Rachel Friend,e00789,person,,,False,False,False,All Endorsements
2019,Rachel Friend,e00825,person,,,False,False,False,All Endorsements
2019,Rachel Friend,e00828,person,,,False,False,False,All Endorsements
2019,Rachel Friend,e00831,person,,current,True,True,False,Elected Officials / Candidates / Board Members*
2019,Rachel Friend,e00831,person,,former,True,True,False,All Endorsements
2019,Rachel Friend,e00839,person,,current,True,True,False,Elected Officials / Candidates / Board Members*
2019,Rachel Friend,e00839,person,,current,True,True,False,All Endorsements
2019,Rachel Friend,e00841,person,,,False,False,False,All Endorsements
2019,Rachel Friend,e00851,person,,former,True,True,False,Elected Officials / Candidates / Board Members*
2019,Rachel Friend,e00851,person,,former,True,True,False,All Endorsements
2019,Rachel Friend,e00883,person,,former,True,True,False,Elected Officials / Candidates / Board Members*
2019,Rachel Friend,e00883,person,,former,True,True,False,All Endorsements
2019,Rachel Friend,e00904,person,,,False,False,False,All Endorsements
2019,Rachel Friend,e00914,person,,,False,False,False,All Endorsements
2019,Rachel Friend,e00921,person,,current,True,True,True,Elected Officials / Candidates / Board Members*
2019,Rachel Friend,e00921,person,,,True,True,True,All Endorsements
2019,Rachel Friend,e00938,person,,,False,False,False,All Endorsements
2019,Rachel Friend,e00940,person,,,False,False,False,All Endorsements
2019,Rachel Friend,e01006,person,,,False,False,True,Elected Officials / Candidates / Board Members*
2019,Rachel Friend,e01006,person,,,False,False,True,All Endorsements
2019,Rachel Friend,e01013,person,,,False,False,False,All Endorsements
2019,Rachel Friend,e01024,person,,,False,False,False,All Endorsements
2019,Rachel Friend,e01036,person,,,False,False,False,Featured Endorsements
2019,Rachel Friend,e01036,person,,,False,False,False,All Endorsements
2019,Rachel Friend,e01037,person,,,False,False,False,All Endorsements
2019,Rachel Friend,e01057,person,,,False,False,False,All Endorsements
2019,Rachel Friend,e01069,person,,,False,False,False,All Endorsements
2019,Rachel Friend,e01070,person,,,False,False,False,All Endorsements
2019,Rachel Friend,e01088,person,,,False,False,False,All Endorsements
2019,Rachel Friend,e01090,person,,current,True,True,False,Elected Officials / Candidates / Board Members*
2019,Rachel Friend,e01090,person,,former,True,True,False,All Endorsements
2019,Rachel Friend,e01111,person,,,False,False,False,All Endorsements
2019,Rachel Friend,e01117,person,,,False,False,False,All Endorsements
2019,Rachel Friend,e01128,person,,,False,False,False,All Endorsements
2019,Rachel Friend,e01153,person,,,False,False,False,All Endorsements
2019,Rachel Friend,e01170,person,,,False,False,False,All Endorsements
2019,Rachel Friend,e01179,person,,,False,False,False,All Endorsements
2019,Rachel Friend,e01191,person,,,False,False,False,All Endorsements
2019,Rachel Friend,e01206,person,,current,True,True,False,Elected Officials / Candidates / Board Members*
2019,Rachel Friend,e01206,person,,,True,True,False,All Endorsements
2019,Rachel Friend,e01229,person,,,False,False,False,All Endorsements
2019,Rachel Friend,e01230,person,,,False,False,True,All Endorsements
2019,Rachel Friend,e01243,person,,,False,False,False,All Endorsements
2019,Rachel Friend,e01247,person,,,False,False,False,All Endorsements
2019,Rachel Friend,e01265,person,,,False,False,False,All Endorsements
2019,Rachel Friend,e01273,person,,,False,False,False,All Endorsements
2019,Rachel Friend,e01291,person,,,False,False,False,All Endorsements
2019,Rachel Friend,e01330,person,,,False,False,False,All Endorsements
2019,Rachel Friend,e01347,person,,,False,False,False,Featured Endorsements
2019,Rachel Friend,e01347,person,,,False,False,False,All Endorsements
2019,Rachel Friend,e01352,person,,former,True,True,False,Elected Officials / Candidates / Board Members*
2019,Rachel Friend,e01352,person,,former,True,True,False,All Endorsements
2019,Rachel Friend,e01354,person,,,False,False,True,All Endorsements
2019,Rachel Friend,e01365,person,,,False,False,True,Elected Officials / Candidates / Board Members*
2019,Rachel Friend,e01365,person,,,False,False,True,All Endorsements
2019,Rachel Friend,e01394,person,,,False,False,False,All Endorsements
2019,Rachel Friend,e01402,person,,,False,False,False,All Endorsements
2019,Rachel Friend,e01403,person,,,False,False,False,All Endorsements
2019,Rachel Friend,e01406,person,,,False,False,False,All Endorsements
2019,Rachel Friend,e01415,person,,,False,False,False,Featured Endorsements
2019,Rachel Friend,e01435,person,,,False,False,False,All Endorsements
2019,Rachel Friend,e01438,person,,,False,False,False,All Endorsements
2019,Rachel Friend,e01446,person,,,False,False,False,All Endorsements
2019,Rachel Friend,e01464,person,,,False,False,False,All Endorsements
2019,Rachel Friend,e01469,person,,,False,False,False,All Endorsements
2019,Rachel Friend,e01485,person,,,False,False,True,All Endorsements
2019,Rachel Friend,e01504,person,,,False,True,False,Elected Officials / Candidates / Board Members*
2019,Rachel Friend,e01504,person,,,False,True,False,Featured Endorsements
2019,Rachel Friend,e01504,person,,,False,True,False,All Endorsements
2019,Rachel Friend,e01523,person,,,False,False,False,All Endorsements
2019,Rachel Friend,e01536,person,,,False,False,False,All Endorsements
2019,Rachel Friend,e01540,person,,,False,False,False,All Endorsements
2019,Rachel Friend,e01571,person,,,False,False,False,All Endorsements
2019,Rachel Friend,e01573,person,,,False,False,False,All Endorsements
2019,Rachel Friend,e01582,person,,,False,False,True,All Endorsements
2019,Rachel Friend,e01593,person,,former,True,True,False,All Endorsements
2019,Rachel Friend,e01601,person,,,False,False,False,All Endorsements
2019,Rachel Friend,e01620,person,,,False,False,False,All Endorsements
2019,Rachel Friend,e01643,person,,current,False,True,False,Elected Officials / Candidates / Board Members*
2019,Rachel Friend,e01643,person,,current,False,True,False,Featured Endorsements
2019,Rachel Friend,e01643,person,,,False,True,False,All Endorsements
2019,Rachel Friend,e01645,person,,,False,False,False,All Endorsements
2019,Rachel Friend,e01649,person,,current,False,True,False,Elected Officials / Candidates / Board Members*
2019,Rachel Friend,e01649,person,,former,False,True,False,All Endorsements
2019,Rachel Friend,e01657,person,,,False,False,False,All Endorsements
2019,Rachel Friend,e01659,person,,current,False,True,False,Elected Officials / Candidates / Board Members*
2019,Rachel Friend,e01659,person,,current,False,True,False,All Endorsements
2019,Rachel Friend,e01685,person,,,False,False,False,All Endorsements
2019,Rachel Friend,e01741,person,,,False,False,False,All Endorsements
2019,Rachel Friend,e01753,person,,,False,False,False,All Endorsements
2019,Rachel Friend,e01758,person,,,False,False,True,Elected Officials / Candidates / Board Members*
2019,Rachel Friend,e01758,person,,,False,False,True,All Endorsements
2019,Rachel Friend,e01770,person,,former,True,True,False,Elected Officials / Candidates / Board Members*
2019,Rachel Friend,e01770,person,,former,True,True,False,All Endorsements
2019,Rachel Friend,e01781,person,,,False,False,False,All Endorsements
2019,Rachel Friend,e01805,person,,,False,False,False,All Endorsements
2019,Rachel Friend,e01806,person,,,False,False,False,All Endorsements
2019,Rachel Friend,e01813,person,,,False,False,False,All Endorsements
2019,Rachel Friend,e01818,person,,,False,False,False,All Endorsements
2019,Rachel Friend,e01822,person,,,False,False,False,All Endorsements
2019,Rachel Friend,e01845,person,,current,True,True,False,Elected Officials / Candidates / Board Members*
2019,Rachel Friend,e01845,person,,current,True,True,False,All Endorsements
2019,Susan Peterson,e00049,person,,current,True,True,False,Susan is Endorsed By:
2019,Susan Peterson,e00301,person,,current,True,True,False,Susan is Endorsed By:
2019,Susan Peterson,e00490,person,,,False,False,True,Susan is Endorsed By:
2019,Susan Peterson,e00492,person,,current,True,True,False,Susan is Endorsed By:
2019,Susan Peterson,e00549,person,,current,True,True,False,Susan is Endorsed By:
2019,Susan Peterson,e00658,person,,current,True,True,False,Susan is Endorsed By:
2019,Susan Peterson,e00809,person,,former,True,True,False,Susan is Endorsed By:
2019,Susan Peterson,e00922,person,,,False,False,True,Susan is Endorsed By:
2019,Susan Peterson,e01141,person,,,False,False,True,Susan is Endorsed By:
2019,Susan Peterson,e01338,person,,,False,False,True,Susan is Endorsed By:
2019,Susan Peterson,e01680,person,,former,True,True,False,Susan is Endorsed By:
2019,Susan Peterson,org:boulder-city-council,organization,advocacy,,False,False,False,​
2019,Susan Peterson,org:sierra-club,organization,environmental,,False,False,False,Susan is Endorsed By:
2019,Susan Peterson,org:thinkboulder,organization,advocacy,,False,False,False,Susan is Endorsed By:
2021,Dan Williams,e00007,person,,,False,False,False,Community Leaders & Members
2021,Dan Williams,e00010,person,,former,True,True,False,Community Leaders & Members
2021,Dan Williams,e00043,person,,former,True,True,False,Former Elected Officials
2021,Dan Williams,e00045,person,,,False,False,True,Community Leaders & Members
2021,Dan Williams,e00060,person,,,False,False,False,Community Leaders & Members
2021,Dan Williams,e00069,person,,,False,False,False,Community Leaders & Members
2021,Dan Williams,e00132,person,,,False,False,False,Community Leaders & Members
2021,Dan Williams,e00143,person,,,False,False,False,Community Leaders & Members
2021,Dan Williams,e00152,person,,,False,False,False,Community Leaders & Members
2021,Dan Williams,e00156,person,,,False,False,False,Community Leaders & Members
2021,Dan Williams,e00159,person,,,False,False,False,Community Leaders & Members
2021,Dan Williams,e00180,person,,,False,False,True,Community Leaders & Members
2021,Dan Williams,e00222,person,,,False,False,False,Community Leaders & Members
2021,Dan Williams,e00229,person,,,False,False,True,Community Leaders & Members
2021,Dan Williams,e00237,person,,,False,False,False,Community Leaders & Members
2021,Dan Williams,e00240,person,,,False,False,False,Community Leaders & Members
2021,Dan Williams,e00274,person,,current,True,True,False,Aaron Brockett
2021,Dan Williams,e00289,person,,,False,False,True,Community Leaders & Members
2021,Dan Williams,e00328,person,,,False,False,False,Community Leaders & Members
2021,Dan Williams,e00348,person,,,False,False,False,Community Leaders & Members
2021,Dan Williams,e00367,person,,current,False,True,False,Lisa Sweeney-Miran
2021,Dan Williams,e00389,person,,former,True,True,False,Former Elected Officials
2021,Dan Williams,e00437,person,,current,False,False,False,Junie Joseph
2021,Dan Williams,e00470,person,,,False,False,False,Community Leaders & Members
2021,Dan Williams,e00487,person,,former,False,True,False,Former Elected Officials
2021,Dan Williams,e00495,person,,,True,True,False,Community Leaders & Members
2021,Dan Williams,e00509,person,,current,True,True,False,Rachel Friend
2021,Dan Williams,e00519,person,,,False,False,False,Community Leaders & Members
2021,Dan Williams,e00534,person,,former,True,True,False,Former Elected Officials
2021,Dan Williams,e00545,person,,current,False,True,False,Community Leaders & Members
2021,Dan Williams,e00549,person,,former,True,True,False,Former Elected Officials
2021,Dan Williams,e00551,person,,former,True,True,False,Community Leaders & Members
2021,Dan Williams,e00567,person,,former,False,True,False,Former Elected Officials
2021,Dan Williams,e00574,person,,,False,False,False,Community Leaders & Members
2021,Dan Williams,e00589,person,,,False,False,False,Community Leaders & Members
2021,Dan Williams,e00601,person,,,False,False,False,Community Leaders & Members
2021,Dan Williams,e00631,person,,,False,False,False,Community Leaders & Members
2021,Dan Williams,e00656,person,,,False,False,False,Community Leaders & Members
2021,Dan Williams,e00693,person,,,False,False,False,Community Leaders & Members
2021,Dan Williams,e00696,person,,,False,False,False,Community Leaders & Members
2021,Dan Williams,e00752,person,,former,True,True,False,Former Elected Officials
2021,Dan Williams,e00753,person,,,False,False,False,Community Leaders & Members
2021,Dan Williams,e00764,person,,,False,False,False,Community Leaders & Members
2021,Dan Williams,e00771,person,,,False,False,False,Community Leaders & Members
2021,Dan Williams,e00776,person,,,False,False,False,Community Leaders & Members
2021,Dan Williams,e00800,person,,former,True,True,False,Former Elected Officials
2021,Dan Williams,e00801,person,,,False,False,False,Community Leaders & Members
2021,Dan Williams,e00831,person,,former,True,True,False,Community Leaders & Members
2021,Dan Williams,e00834,person,,,False,False,False,Community Leaders & Members
2021,Dan Williams,e00873,person,,,False,False,False,Community Leaders & Members
2021,Dan Williams,e00883,person,,former,True,True,False,Former Elected Officials
2021,Dan Williams,e00886,person,,,False,False,False,Community Leaders & Members
2021,Dan Williams,e00896,person,,,False,False,True,Community Leaders & Members
2021,Dan Williams,e00904,person,,,False,False,False,Community Leaders & Members
2021,Dan Williams,e00916,person,,,False,False,False,Community Leaders & Members
2021,Dan Williams,e00918,person,,,False,False,False,Community Leaders & Members
2021,Dan Williams,e00985,person,,,False,False,False,Community Leaders & Members
2021,Dan Williams,e00999,person,,,False,False,False,Community Leaders & Members
2021,Dan Williams,e01009,person,,former,False,True,False,Community Leaders & Members
2021,Dan Williams,e01029,person,,,False,False,False,Community Leaders & Members
2021,Dan Williams,e01069,person,,,False,False,False,Community Leaders & Members
2021,Dan Williams,e01074,person,,,False,False,False,Community Leaders & Members
2021,Dan Williams,e01087,person,,,False,False,True,Community Leaders & Members
2021,Dan Williams,e01090,person,,current,True,True,False,Junie Joseph
2021,Dan Williams,e01092,person,,,False,False,False,Community Leaders & Members
2021,Dan Williams,e01097,person,,,False,False,False,Community Leaders & Members
2021,Dan Williams,e01120,person,,,False,False,False,Community Leaders & Members
2021,Dan Williams,e01136,person,,,False,False,False,Community Leaders & Members
2021,Dan Williams,e01163,person,,,False,False,False,Community Leaders & Members
2021,Dan Williams,e01202,person,,,False,False,False,Community Leaders & Members
2021,Dan Williams,e01216,person,,,False,False,False,Community Leaders & Members
2021,Dan Williams,e01220,person,,,False,False,False,Community Leaders & Members
2021,Dan Williams,e01268,person,,,False,False,False,Community Leaders & Members
2021,Dan Williams,e01346,person,,,False,False,False,Community Leaders & Members
2021,Dan Williams,e01399,person,,,False,False,False,Community Leaders & Members
2021,Dan Williams,e01455,person,,,False,False,False,Community Leaders & Members
2021,Dan Williams,e01485,person,,,False,False,True,Community Leaders & Members
2021,Dan Williams,e01495,person,,,False,False,False,Community Leaders & Members
2021,Dan Williams,e01496,person,,former,True,True,False,Former Elected Officials
2021,Dan Williams,e01649,person,,current,False,True,False,Judy Amabile
2021,Dan Williams,e01671,person,,,False,False,False,Community Leaders & Members
2021,Dan Williams,e01694,person,,,False,False,False,Community Leaders & Members
2021,Dan Williams,e01709,person,,,False,False,False,Community Leaders & Members
2021,Dan Williams,e01721,person,,,False,False,True,Community Leaders & Members
2021,Dan Williams,e01736,person,,,False,False,False,Community Leaders & Members
2021,Dan Williams,e01753,person,,,False,False,False,Community Leaders & Members
2021,Dan Williams,e01787,person,,,False,False,False,Community Leaders & Members
2021,Dan Williams,e01803,person,,,False,False,False,Community Leaders & Members
2021,Dan Williams,e01806,person,,,False,False,False,Community Leaders & Members
2021,Dan Williams,e01831,person,,,False,False,False,Community Leaders & Members
2021,Dan Williams,e01843,person,,,False,False,False,Community Leaders & Members
2021,Dan Williams,org:american-federation-of-state-county-municipal-employees,organization,labor,,False,False,False,Organizations
2021,Dan Williams,org:boulder-coalition,organization,coalition,,False,False,False,Organizations
2021,Dan Williams,org:colorado-house-district-13,organization,advocacy,,False,False,False,Judy Amabile
2021,Dan Williams,org:colorado-working-families-party,organization,party,,False,False,False,Organizations
2021,Dan Williams,org:united-campus-workers-colorado,organization,labor,,False,False,False,Organizations
2021,David Takahashi,e00043,person,,former,True,True,False,350.org Founder Bill Mckibben endorses David Takahashi.
2021,David Takahashi,e00074,person,,,False,False,False,350.org Founder Bill Mckibben endorses David Takahashi.
2021,David Takahashi,e00085,person,,,False,False,False,350.org Founder Bill Mckibben endorses David Takahashi.
2021,David Takahashi,e00155,person,,,False,False,False,350.org Founder Bill Mckibben endorses David Takahashi.
2021,David Takahashi,e00198,person,,,False,False,False,350.org Founder Bill Mckibben endorses David Takahashi.
2021,David Takahashi,e00262,person,,,False,False,False,350.org Founder Bill Mckibben endorses David Takahashi.
2021,David Takahashi,e00285,person,,,False,False,False,350.org Founder Bill Mckibben endorses David Takahashi.
2021,David Takahashi,e00294,person,,,False,False,False,350.org Founder Bill Mckibben endorses David Takahashi.
2021,David Takahashi,e00351,person,,,False,False,False,350.org Founder Bill Mckibben endorses David Takahashi.
2021,David Takahashi,e00416,person,,,False,False,False,350.org Founder Bill Mckibben endorses David Takahashi.
2021,David Takahashi,e00450,person,,,False,False,False,350.org Founder Bill Mckibben endorses David Takahashi.
2021,David Takahashi,e00516,person,,,False,False,False,350.org Founder Bill Mckibben endorses David Takahashi.
2021,David Takahashi,e00530,person,,former,True,True,False,350.org Founder Bill Mckibben endorses David Takahashi.
2021,David Takahashi,e00627,person,,,False,False,False,350.org Founder Bill Mckibben endorses David Takahashi.
2021,David Takahashi,e00648,person,,,False,False,False,350.org Founder Bill Mckibben endorses David Takahashi.
2021,David Takahashi,e00658,person,,former,True,True,False,350.org Founder Bill Mckibben endorses David Takahashi.
2021,David Takahashi,e00737,person,,,False,False,False,350.org Founder Bill Mckibben endorses David Takahashi.
2021,David Takahashi,e00781,person,,,False,False,False,350.org Founder Bill Mckibben endorses David Takahashi.
2021,David Takahashi,e00793,person,,,False,False,False,350.org Founder Bill Mckibben endorses David Takahashi.
2021,David Takahashi,e00860,person,,,False,False,False,350.org Founder Bill Mckibben endorses David Takahashi.
2021,David Takahashi,e00969,person,,,False,False,False,350.org Founder Bill Mckibben endorses David Takahashi.
2021,David Takahashi,e00986,person,,,False,False,False,350.org Founder Bill Mckibben endorses David Takahashi.
2021,David Takahashi,e00993,person,,,False,False,False,350.org Founder Bill Mckibben endorses David Takahashi.
2021,David Takahashi,e01044,person,,,False,False,False,350.org Founder Bill Mckibben endorses David Takahashi.
2021,David Takahashi,e01092,person,,,False,False,False,350.org Founder Bill Mckibben endorses David Takahashi.
2021,David Takahashi,e01216,person,,,False,False,False,350.org Founder Bill Mckibben endorses David Takahashi.
2021,David Takahashi,e01237,person,,,False,False,False,350.org Founder Bill Mckibben endorses David Takahashi.
2021,David Takahashi,e01404,person,,,False,False,False,350.org Founder Bill Mckibben endorses David Takahashi.
2021,David Takahashi,e01509,person,,,False,False,False,350.org Founder Bill Mckibben endorses David Takahashi.
2021,David Takahashi,e01521,person,,,False,False,False,350.org Founder Bill Mckibben endorses David Takahashi.
2021,David Takahashi,e01594,person,,,False,False,False,350.org Founder Bill Mckibben endorses David Takahashi.
2021,David Takahashi,e01594,person,,,False,False,False,Endorse David
2021,David Takahashi,e01598,person,,,False,False,False,350.org Founder Bill Mckibben endorses David Takahashi.
2021,David Takahashi,e01633,person,,current,False,True,False,350.org Founder Bill Mckibben endorses David Takahashi.
2021,David Takahashi,e01670,person,,former,True,True,False,350.org Founder Bill Mckibben endorses David Takahashi.
2021,David Takahashi,e01707,person,,,False,False,False,350.org Founder Bill Mckibben endorses David Takahashi.
2021,David Takahashi,org:sierra-club-indian-peaks-group,organization,environmental,,False,False,False,350.org Founder Bill Mckibben endorses David Takahashi.
2021,Lauren Folkerts,e00043,person,,former,True,True,False,Add Your Name to the List of Endorsers
2021,Lauren Folkerts,e00165,person,,,False,False,False,Add Your Name to the List of Endorsers
2021,Lauren Folkerts,e00212,person,,,False,False,False,Add Your Name to the List of Endorsers
2021,Lauren Folkerts,e00216,person,,,False,False,False,Real Public Safety
2021,Lauren Folkerts,e00247,person,,,False,False,False,Add Your Name to the List of Endorsers
2021,Lauren Folkerts,e00275,person,,,False,False,False,Add Your Name to the List of Endorsers
2021,Lauren Folkerts,e00289,person,,,False,False,True,Add Your Name to the List of Endorsers
2021,Lauren Folkerts,e00348,person,,,False,False,False,Add Your Name to the List of Endorsers
2021,Lauren Folkerts,e00354,person,,,False,False,False,Add Your Name to the List of Endorsers
2021,Lauren Folkerts,e00366,person,,,False,False,False,Add Your Name to the List of Endorsers
2021,Lauren Folkerts,e00367,person,,,False,True,False,Add Your Name to the List of Endorsers
2021,Lauren Folkerts,e00393,person,,,False,False,False,Add Your Name to the List of Endorsers
2021,Lauren Folkerts,e00474,person,,,False,False,False,Add Your Name to the List of Endorsers
2021,Lauren Folkerts,e00534,person,,former,True,True,False,Add Your Name to the List of Endorsers
2021,Lauren Folkerts,e00545,person,,current,False,True,False,Add Your Name to the List of Endorsers
2021,Lauren Folkerts,e00549,person,,former,True,True,False,Add Your Name to the List of Endorsers
2021,Lauren Folkerts,e00567,person,,former,False,True,False,Add Your Name to the List of Endorsers
2021,Lauren Folkerts,e00645,person,,,False,False,False,Add Your Name to the List of Endorsers
2021,Lauren Folkerts,e00752,person,,former,True,True,False,Add Your Name to the List of Endorsers
2021,Lauren Folkerts,e00759,person,,,False,False,False,Add Your Name to the List of Endorsers
2021,Lauren Folkerts,e00800,person,,former,True,True,False,Add Your Name to the List of Endorsers
2021,Lauren Folkerts,e00820,person,,,False,False,True,Add Your Name to the List of Endorsers
2021,Lauren Folkerts,e00855,person,,,False,False,False,Add Your Name to the List of Endorsers
2021,Lauren Folkerts,e01009,person,,former,False,True,False,Add Your Name to the List of Endorsers
2021,Lauren Folkerts,e01069,person,,,False,False,False,Add Your Name to the List of Endorsers
2021,Lauren Folkerts,e01087,person,,,False,False,True,Add Your Name to the List of Endorsers
2021,Lauren Folkerts,e01090,person,,current,True,True,False,Add Your Name to the List of Endorsers
2021,Lauren Folkerts,e01097,person,,,False,False,False,Add Your Name to the List of Endorsers
2021,Lauren Folkerts,e01119,person,,former,False,False,False,Add Your Name to the List of Endorsers
2021,Lauren Folkerts,e01145,person,,,False,False,False,Add Your Name to the List of Endorsers
2021,Lauren Folkerts,e01216,person,,,False,False,False,Add Your Name to the List of Endorsers
2021,Lauren Folkerts,e01337,person,,,False,False,False,Voting Info
2021,Lauren Folkerts,e01365,person,,,False,False,True,Add Your Name to the List of Endorsers
2021,Lauren Folkerts,e01384,person,,,False,False,False,Add Your Name to the List of Endorsers
2021,Lauren Folkerts,e01402,person,,,False,False,False,Add Your Name to the List of Endorsers
2021,Lauren Folkerts,e01464,person,,,False,False,False,Add Your Name to the List of Endorsers
2021,Lauren Folkerts,e01472,person,,,False,False,True,Add Your Name to the List of Endorsers
2021,Lauren Folkerts,e01485,person,,,False,False,True,Add Your Name to the List of Endorsers
2021,Lauren Folkerts,e01496,person,,former,True,True,False,Add Your Name to the List of Endorsers
2021,Lauren Folkerts,e01508,person,,,False,False,False,Housing For All
2021,Lauren Folkerts,e01582,person,,,False,False,True,Add Your Name to the List of Endorsers
2021,Lauren Folkerts,e01669,person,,,False,False,False,Add Your Name to the List of Endorsers
2021,Lauren Folkerts,e01709,person,,,False,False,False,Add Your Name to the List of Endorsers
2021,Lauren Folkerts,e01753,person,,,False,False,False,Add Your Name to the List of Endorsers
2021,Lauren Folkerts,e01767,person,,,False,False,False,Effective Public Engagement and Efficient Governance
2021,Lauren Folkerts,e01800,person,,,False,False,False,Add Your Name to the List of Endorsers
2021,Lauren Folkerts,e01820,person,,,False,False,False,Add Your Name to the List of Endorsers
2021,Lauren Folkerts,e01836,person,,,False,False,False,Add Your Name to the List of Endorsers
2021,Lauren Folkerts,org:climate-action,organization,environmental,,False,False,False,Climate Action
2021,Lauren Folkerts,org:lauren-folkerts-for-city-council,organization,advocacy,,False,False,False,Effective Public Engagement and Efficient Governance
2021,Matt Benjamin,e00009,person,,,False,False,False,Notable Community Members
2021,Matt Benjamin,e00015,person,,,False,False,False,"If you would like to join them, click here ."
2021,Matt Benjamin,e00018,person,,,False,False,False,"If you would like to join them, click here ."
2021,Matt Benjamin,e00023,person,,,False,False,False,"If you would like to join them, click here ."
2021,Matt Benjamin,e00038,person,,,False,False,True,Notable Community Members
2021,Matt Benjamin,e00043,person,,former,True,True,False,Endorsements from Current & Former Elected Officials
2021,Matt Benjamin,e00045,person,,,False,False,True,Notable Community Members
2021,Matt Benjamin,e00083,person,,,False,False,False,"If you would like to join them, click here ."
2021,Matt Benjamin,e00109,person,,,False,False,False,"If you would like to join them, click here ."
2021,Matt Benjamin,e00133,person,,,False,False,False,"If you would like to join them, click here ."
2021,Matt Benjamin,e00147,person,,,False,False,False,"If you would like to join them, click here ."
2021,Matt Benjamin,e00153,person,,,False,False,False,"If you would like to join them, click here ."
2021,Matt Benjamin,e00159,person,,,False,False,False,Notable Community Members
2021,Matt Benjamin,e00183,person,,,False,False,False,"If you would like to join them, click here ."
2021,Matt Benjamin,e00204,person,,,False,False,False,"If you would like to join them, click here ."
2021,Matt Benjamin,e00210,person,,,False,False,False,"If you would like to join them, click here ."
2021,Matt Benjamin,e00225,person,,,False,False,True,Notable Community Members
2021,Matt Benjamin,e00232,person,,,False,False,True,Harmon Zuckerman - Former Chair of Planning Board
2021,Matt Benjamin,e00274,person,,current,True,True,False,Endorsements from Current & Former Elected Officials
2021,Matt Benjamin,e00289,person,,,False,False,True,Notable Community Members
2021,Matt Benjamin,e00300,person,,,False,False,False,"If you would like to join them, click here ."
2021,Matt Benjamin,e00331,person,,,False,False,False,Notable Community Members
2021,Matt Benjamin,e00338,person,,,False,False,False,"If you would like to join them, click here ."
2021,Matt Benjamin,e00389,person,,former,True,True,False,Endorsements from Current & Former Elected Officials
2021,Matt Benjamin,e00394,person,,,False,False,False,"If you would like to join them, click here ."
2021,Matt Benjamin,e00396,person,,,False,False,False,Notable Community Members
2021,Matt Benjamin,e00402,person,,,False,False,False,"If you would like to join them, click here ."
2021,Matt Benjamin,e00413,person,,,False,False,False,"If you would like to join them, click here ."
2021,Matt Benjamin,e00472,person,,,False,False,False,"If you would like to join them, click here ."
2021,Matt Benjamin,e00506,person,,,False,False,False,"If you would like to join them, click here ."
2021,Matt Benjamin,e00508,person,,,False,False,False,Notable Community Members
2021,Matt Benjamin,e00509,person,,current,True,True,False,Endorsements from Current & Former Elected Officials
2021,Matt Benjamin,e00534,person,,former,True,True,False,Endorsements from Current & Former Elected Officials
2021,Matt Benjamin,e00536,person,,,False,False,False,"If you would like to join them, click here ."
2021,Matt Benjamin,e00545,person,,current,False,True,False,Endorsements from Current & Former Elected Officials
2021,Matt Benjamin,e00600,person,,,False,False,False,"If you would like to join them, click here ."
2021,Matt Benjamin,e00611,person,,,False,False,False,"If you would like to join them, click here ."
2021,Matt Benjamin,e00616,person,,former,True,True,False,Endorsements from Current & Former Elected Officials
2021,Matt Benjamin,e00620,person,,,False,False,False,"If you would like to join them, click here ."
2021,Matt Benjamin,e00657,person,,,False,False,False,"If you would like to join them, click here ."
2021,Matt Benjamin,e00666,person,,,False,False,False,"If you would like to join them, click here ."
2021,Matt Benjamin,e00666,person,,,False,False,False,Notable Community Members
2021,Matt Benjamin,e00668,person,,,False,False,False,"If you would like to join them, click here ."
2021,Matt Benjamin,e00673,person,,,False,False,False,"If you would like to join them, click here ."
2021,Matt Benjamin,e00677,person,,,False,False,False,"If you would like to join them, click here ."
2021,Matt Benjamin,e00744,person,,,False,False,False,"If you would like to join them, click here ."
2021,Matt Benjamin,e00752,person,,former,True,True,False,Endorsements from Current & Former Elected Officials
2021,Matt Benjamin,e00770,person,,,False,False,False,Notable Community Members
2021,Matt Benjamin,e00800,person,,former,True,True,False,Endorsements from Current & Former Elected Officials
2021,Matt Benjamin,e00804,person,,,False,False,False,Notable Community Members
2021,Matt Benjamin,e00806,person,,current,True,True,False,Endorsements from Current & Former Elected Officials
2021,Matt Benjamin,e00822,person,,,False,False,False,"If you would like to join them, click here ."
2021,Matt Benjamin,e00828,person,,,False,False,False,Notable Community Members
2021,Matt Benjamin,e00837,person,,,False,False,False,"If you would like to join them, click here ."
2021,Matt Benjamin,e00839,person,,current,True,True,False,Bob Yates - Boulder City Council
2021,Matt Benjamin,e00840,person,,current,True,True,False,Endorsements from Current & Former Elected Officials
2021,Matt Benjamin,e00845,person,,,False,False,False,"If you would like to join them, click here ."
2021,Matt Benjamin,e00904,person,,,False,False,False,Notable Community Members
2021,Matt Benjamin,e00921,person,,,True,True,True,Notable Community Members
2021,Matt Benjamin,e00934,person,,,False,False,False,"If you would like to join them, click here ."
2021,Matt Benjamin,e00945,person,,,False,False,False,"If you would like to join them, click here ."
2021,Matt Benjamin,e00950,person,,,False,False,False,"If you would like to join them, click here ."
2021,Matt Benjamin,e00953,person,,,False,False,False,"If you would like to join them, click here ."
2021,Matt Benjamin,e00953,person,,,False,False,False,Notable Community Members
2021,Matt Benjamin,e00957,person,,,False,False,False,"If you would like to join them, click here ."
2021,Matt Benjamin,e00970,person,,,False,False,False,"If you would like to join them, click here ."
2021,Matt Benjamin,e00975,person,,,False,False,False,"If you would like to join them, click here ."
2021,Matt Benjamin,e01009,person,,former,False,True,False,Notable Community Members
2021,Matt Benjamin,e01064,person,,,False,False,False,"If you would like to join them, click here ."
2021,Matt Benjamin,e01087,person,,,False,False,True,Notable Community Members
2021,Matt Benjamin,e01090,person,,current,True,True,False,Endorsements from Current & Former Elected Officials
2021,Matt Benjamin,e01092,person,,,False,False,False,Notable Community Members
2021,Matt Benjamin,e01102,person,,,False,False,False,"If you would like to join them, click here ."
2021,Matt Benjamin,e01109,person,,,False,False,False,Notable Community Members
2021,Matt Benjamin,e01140,person,,,False,False,False,"If you would like to join them, click here ."
2021,Matt Benjamin,e01157,person,,,False,False,False,"If you would like to join them, click here ."
2021,Matt Benjamin,e01205,person,,former,False,True,False,Endorsements from Current & Former Elected Officials
2021,Matt Benjamin,e01206,person,,,True,True,False,Notable Community Members
2021,Matt Benjamin,e01216,person,,,False,False,False,Notable Community Members
2021,Matt Benjamin,e01231,person,,,False,False,True,Notable Community Members
2021,Matt Benjamin,e01264,person,,,False,False,False,"If you would like to join them, click here ."
2021,Matt Benjamin,e01292,person,,,False,False,False,"If you would like to join them, click here ."
2021,Matt Benjamin,e01312,person,,,False,False,False,"If you would like to join them, click here ."
2021,Matt Benjamin,e01315,person,,,False,False,True,Notable Community Members
2021,Matt Benjamin,e01320,person,,,False,False,False,"If you would like to join them, click here ."
2021,Matt Benjamin,e01346,person,,,False,False,False,Notable Community Members
2021,Matt Benjamin,e01351,person,,,False,False,False,"If you would like to join them, click here ."
2021,Matt Benjamin,e01369,person,,,False,False,False,"If you would like to join them, click here ."
2021,Matt Benjamin,e01380,person,,former,True,True,False,Endorsements from Current & Former Elected Officials
2021,Matt Benjamin,e01383,person,,,False,False,False,"If you would like to join them, click here ."
2021,Matt Benjamin,e01400,person,,,False,False,False,"If you would like to join them, click here ."
2021,Matt Benjamin,e01446,person,,,False,False,False,Notable Community Members
2021,Matt Benjamin,e01472,person,,,False,False,True,Notable Community Members
2021,Matt Benjamin,e01481,person,,,False,False,False,"If you would like to join them, click here ."
2021,Matt Benjamin,e01501,person,,,False,False,False,"If you would like to join them, click here ."
2021,Matt Benjamin,e01503,person,,,False,False,False,"If you would like to join them, click here ."
2021,Matt Benjamin,e01514,person,,,False,False,False,"If you would like to join them, click here ."
2021,Matt Benjamin,e01515,person,,,False,False,False,"If you would like to join them, click here ."
2021,Matt Benjamin,e01518,person,,,False,False,False,"If you would like to join them, click here ."
2021,Matt Benjamin,e01533,person,,,False,False,False,"If you would like to join them, click here ."
2021,Matt Benjamin,e01569,person,,,False,False,False,"If you would like to join them, click here ."
2021,Matt Benjamin,e01575,person,,,False,False,False,"If you would like to join them, click here ."
2021,Matt Benjamin,e01575,person,,,False,False,False,Notable Community Members
2021,Matt Benjamin,e01586,person,,,False,False,False,Notable Community Members
2021,Matt Benjamin,e01649,person,,current,False,True,False,Endorsements from Current & Former Elected Officials
2021,Matt Benjamin,e01705,person,,current,False,True,False,Endorsements from Current & Former Elected Officials
2021,Matt Benjamin,e01723,person,,,False,False,False,"If you would like to join them, click here ."
2021,Matt Benjamin,e01753,person,,,False,False,False,Notable Community Members
2021,Matt Benjamin,e01770,person,,former,True,True,False,Endorsements from Current & Former Elected Officials
2021,Matt Benjamin,e01772,person,,,False,False,False,"If you would like to join them, click here ."
2021,Matt Benjamin,e01806,person,,,False,False,False,Notable Community Members
2021,Matt Benjamin,e01845,person,,former,True,True,False,Endorsements from Current & Former Elected Officials
2021,Matt Benjamin,org:boulder-coalition,organization,coalition,,False,False,False,Boulder Coalition
2021,Matt Benjamin,org:for-boulder-city-council,organization,advocacy,,False,False,False,"If you would like to join them, click here ."
2021,Michael Christy,e00022,person,,,False,False,False,Community Endorsements
2021,Michael Christy,e00044,person,,,False,False,False,Community Endorsements
2021,Michael Christy,e00046,person,,,False,False,False,Community Endorsements
2021,Michael Christy,e00049,person,,current,True,True,False,Elected Official Endorsements
2021,Michael Christy,e00054,person,,,False,False,True,Community Endorsements
2021,Michael Christy,e00062,person,,,False,False,False,Community Endorsements
2021,Michael Christy,e00082,person,,,False,False,False,Community Endorsements
2021,Michael Christy,e00084,person,,,False,False,False,Community Endorsements
2021,Michael Christy,e00086,person,,,False,False,False,Community Endorsements
2021,Michael Christy,e00094,person,,,False,False,False,Community Endorsements
2021,Michael Christy,e00100,person,,,False,False,False,Community Endorsements
2021,Michael Christy,e00103,person,,,False,False,False,Community Endorsements
2021,Michael Christy,e00109,person,,,False,False,False,Community Endorsements
2021,Michael Christy,e00136,person,,former,False,True,False,Elected Official Endorsements
2021,Michael Christy,e00155,person,,,False,False,False,Community Endorsements
2021,Michael Christy,e00157,person,,,False,False,False,Community Endorsements
2021,Michael Christy,e00169,person,,,False,False,False,Community Endorsements
2021,Michael Christy,e00208,person,,,False,False,False,Community Endorsements
2021,Michael Christy,e00225,person,,,False,False,True,Community Endorsements
2021,Michael Christy,e00243,person,,,False,False,False,Community Endorsements
2021,Michael Christy,e00255,person,,,False,False,False,Community Endorsements
2021,Michael Christy,e00263,person,,,False,False,False,Community Endorsements
2021,Michael Christy,e00273,person,,,False,False,False,Community Endorsements
2021,Michael Christy,e00283,person,,,True,True,True,Community Endorsements
2021,Michael Christy,e00295,person,,current,True,True,False,Elected Official Endorsements
2021,Michael Christy,e00301,person,,former,True,True,False,Elected Official Endorsements
2021,Michael Christy,e00352,person,,,False,False,False,Community Endorsements
2021,Michael Christy,e00358,person,,,False,False,True,Community Endorsements
2021,Michael Christy,e00390,person,,,False,False,False,Community Endorsements
2021,Michael Christy,e00444,person,,,False,False,False,Community Endorsements
2021,Michael Christy,e00467,person,,,False,False,False,Community Endorsements
2021,Michael Christy,e00484,person,,,False,False,False,Community Endorsements
2021,Michael Christy,e00486,person,,,False,False,False,Community Endorsements
2021,Michael Christy,e00492,person,,current,True,True,False,Elected Official Endorsements
2021,Michael Christy,e00549,person,,former,True,True,False,Elected Official Endorsements
2021,Michael Christy,e00564,person,,,False,False,False,Community Endorsements
2021,Michael Christy,e00567,person,,former,False,True,False,Elected Official Endorsements
2021,Michael Christy,e00603,person,,,False,False,True,Community Endorsements
2021,Michael Christy,e00658,person,,former,True,True,False,Elected Official Endorsements
2021,Michael Christy,e00665,person,,,False,False,False,Community Endorsements
2021,Michael Christy,e00685,person,,,False,False,False,Community Endorsements
2021,Michael Christy,e00718,person,,,False,False,False,Community Endorsements
2021,Michael Christy,e00750,person,,,False,False,False,Community Endorsements
2021,Michael Christy,e00751,person,,,False,False,False,Community Endorsements
2021,Michael Christy,e00756,person,,,False,False,False,Community Endorsements
2021,Michael Christy,e00770,person,,,False,False,False,Community Endorsements
2021,Michael Christy,e00793,person,,,False,False,False,Community Endorsements
2021,Michael Christy,e00797,person,,,False,False,False,Community Endorsements
2021,Michael Christy,e00809,person,,former,True,True,False,Elected Official Endorsements
2021,Michael Christy,e00827,person,,,False,False,False,Community Endorsements
2021,Michael Christy,e00839,person,,current,True,True,False,Elected Official Endorsements
2021,Michael Christy,e00840,person,,current,True,True,False,Community Endorsements
2021,Michael Christy,e00851,person,,former,True,True,False,Elected Official Endorsements
2021,Michael Christy,e00869,person,,,False,False,False,Community Endorsements
2021,Michael Christy,e00921,person,,,True,True,True,Community Endorsements
2021,Michael Christy,e00943,person,,,False,False,False,Community Endorsements
2021,Michael Christy,e00955,person,,,False,False,False,Community Endorsements
2021,Michael Christy,e00978,person,,,False,False,False,Community Endorsements
2021,Michael Christy,e00982,person,,,False,False,False,Community Endorsements
2021,Michael Christy,e00987,person,,,False,False,True,Community Endorsements
2021,Michael Christy,e01004,person,,,False,False,False,Community Endorsements
2021,Michael Christy,e01078,person,,,False,False,False,Community Endorsements
2021,Michael Christy,e01082,person,,current,True,True,False,Elected Official Endorsements
2021,Michael Christy,e01090,person,,current,True,True,False,Elected Official Endorsements
2021,Michael Christy,e01094,person,,,False,False,False,Community Endorsements
2021,Michael Christy,e01101,person,,former,True,True,False,Elected Official Endorsements
2021,Michael Christy,e01116,person,,,False,False,False,Community Endorsements
2021,Michael Christy,e01134,person,,,False,False,False,Community Endorsements
2021,Michael Christy,e01136,person,,,False,False,False,Community Endorsements
2021,Michael Christy,e01141,person,,,False,False,True,Community Endorsements
2021,Michael Christy,e01144,person,,,False,False,False,Community Endorsements
2021,Michael Christy,e01169,person,,,False,False,False,Community Endorsements
2021,Michael Christy,e01175,person,,,False,False,False,Community Endorsements
2021,Michael Christy,e01210,person,,,False,False,False,Community Endorsements
2021,Michael Christy,e01226,person,,,False,False,False,Community Endorsements
2021,Michael Christy,e01227,person,,,False,False,False,Community Endorsements
2021,Michael Christy,e01258,person,,,False,False,False,Community Endorsements
2021,Michael Christy,e01269,person,,,False,False,True,Community Endorsements
2021,Michael Christy,e01288,person,,,False,False,False,Community Endorsements
2021,Michael Christy,e01298,person,,,False,False,False,Community Endorsements
2021,Michael Christy,e01308,person,,,False,False,False,Community Endorsements
2021,Michael Christy,e01313,person,,,False,False,False,Community Endorsements
2021,Michael Christy,e01335,person,,,False,False,False,Community Endorsements
2021,Michael Christy,e01338,person,,,False,False,True,Community Endorsements
2021,Michael Christy,e01380,person,,former,True,True,False,Elected Official Endorsements
2021,Michael Christy,e01382,person,,,False,False,False,Community Endorsements
2021,Michael Christy,e01390,person,,,False,False,False,Community Endorsements
2021,Michael Christy,e01398,person,,,False,False,True,Community Endorsements
2021,Michael Christy,e01404,person,,,False,False,False,Community Endorsements
2021,Michael Christy,e01451,person,,,False,False,False,Community Endorsements
2021,Michael Christy,e01454,person,,,False,False,True,Community Endorsements
2021,Michael Christy,e01459,person,,,False,False,False,Community Endorsements
2021,Michael Christy,e01460,person,,,False,False,False,Community Endorsements
2021,Michael Christy,e01472,person,,,False,False,True,Community Endorsements
2021,Michael Christy,e01475,person,,,False,False,False,Community Endorsements
2021,Michael Christy,e01520,person,,,False,False,False,Community Endorsements
2021,Michael Christy,e01521,person,,,False,False,False,Community Endorsements
2021,Michael Christy,e01541,person,,,False,False,False,Community Endorsements
2021,Michael Christy,e01543,person,,,False,False,False,Community Endorsements
2021,Michael Christy,e01547,person,,,False,False,False,Community Endorsements
2021,Michael Christy,e01563,person,,,False,False,False,Community Endorsements
2021,Michael Christy,e01576,person,,,False,False,False,Community Endorsements
2021,Michael Christy,e01590,person,,,False,False,False,Community Endorsements
2021,Michael Christy,e01619,person,,,False,False,False,Community Endorsements
2021,Michael Christy,e01623,person,,,False,False,False,Community Endorsements
2021,Michael Christy,e01631,person,,,False,False,False,Community Endorsements
2021,Michael Christy,e01641,person,,,False,False,False,Community Endorsements
2021,Michael Christy,e01659,person,,current,False,True,False,Elected Official Endorsements
2021,Michael Christy,e01670,person,,former,True,True,False,Elected Official Endorsements
2021,Michael Christy,e01680,person,,former,True,True,False,Elected Official Endorsements
2021,Michael Christy,e01698,person,,,False,False,False,Community Endorsements
2021,Michael Christy,e01713,person,,,False,False,False,Community Endorsements
2021,Michael Christy,e01738,person,,,False,False,False,Community Endorsements
2021,Michael Christy,e01747,person,,,False,False,False,Community Endorsements
2021,Michael Christy,e01763,person,,,False,False,False,Community Endorsements
2021,Michael Christy,e01765,person,,,False,False,False,Community Endorsements
2021,Michael Christy,e01773,person,,,False,False,False,Community Endorsements
2021,Michael Christy,e01784,person,,,False,False,True,Community Endorsements
2021,Michael Christy,e01794,person,,,False,False,False,Community Endorsements
2021,Michael Christy,e01809,person,,former,True,True,False,Elected Official Endorsements
2021,Michael Christy,e01845,person,,former,True,True,False,Elected Official Endorsements
2021,Michael Christy,org:current-council,organization,advocacy,,False,False,False,Elected Official Endorsements
2021,Michael Christy,org:neighborhood-association,organization,neighborhood,,False,False,False,100% Score
2021,Nicole Speer,e00043,person,,former,True,True,False,Ex alcalde de Boulder
2021,Nicole Speer,e00045,person,,,False,False,True,"Miembro, comisión de relaciones humanas"
2021,Nicole Speer,e00049,person,,current,True,True,False,"Miembro, Concejo Municipal de Boulder"
2021,Nicole Speer,e00104,person,,,False,False,True,"Miembro, junta de asesoría de transportación de Boulder"
2021,Nicole Speer,e00159,person,,,False,False,False,Bob Morehouse
2021,Nicole Speer,e00180,person,,,False,False,True,Eric Budd
2021,Nicole Speer,e00185,person,,,False,False,False,Elisabeth & Bal Patterson
2021,Nicole Speer,e00229,person,,,False,False,True,Defensor y residente de Boulder durante 26 años
2021,Nicole Speer,e00252,person,,current,False,True,False,"Ex miembro, junta de educación del distrito escolar de Boulder Valley"
2021,Nicole Speer,e00274,person,,current,True,True,False,"Candidata, Concejo Municipal de Longmont"
2021,Nicole Speer,e00289,person,,,False,False,True,"Líder por derechos civiles; Ex director, comisión de relaciones humanas"
2021,Nicole Speer,e00348,person,,,False,False,False,Regina Cowles
2021,Nicole Speer,e00367,person,,current,False,True,False,Cargos electos y candidatos(as/es)
2021,Nicole Speer,e00374,person,,,False,False,False,Claudia Hanson Thiem
2021,Nicole Speer,e00377,person,,,False,False,False,Claudia Hanson Thiem
2021,Nicole Speer,e00389,person,,former,True,True,False,"Ex miembro, Concejo Municipal de Boulder"
2021,Nicole Speer,e00495,person,,,True,True,False,Eric Budd
2021,Nicole Speer,e00509,person,,current,True,True,False,"Miembro, Concejo Municipal de Boulder"
2021,Nicole Speer,e00534,person,,former,True,True,False,"Ex miembro, Concejo Municipal de Boulder"
2021,Nicole Speer,e00545,person,,former,False,True,False,"Miembro, junta de educación del distrito escolar de Boulder Valley"
2021,Nicole Speer,e00567,person,,former,False,True,False,Ex comisionado del condado de Boulder
2021,Nicole Speer,e00616,person,,former,True,True,False,Alcalde de Boulder
2021,Nicole Speer,e00714,person,,,False,False,False,"Miembro, Concejo Municipal de Edgewater"
2021,Nicole Speer,e00752,person,,former,True,True,False,Ex alcalde de Boulder
2021,Nicole Speer,e00776,person,,,False,False,False,Elisabeth & Bal Patterson
2021,Nicole Speer,e00800,person,,former,True,True,False,"Ex miembro, Concejo Municipal de Boulder"
2021,Nicole Speer,e00887,person,,,False,False,False,Dr. Barbara Farhar
2021,Nicole Speer,e00896,person,,,False,False,True,"Candidata, junta de educación del distrito escolar de Boulder Valley"
2021,Nicole Speer,e00904,person,,,False,False,False,SarahDawn Haynes
2021,Nicole Speer,e01008,person,,current,False,False,False,"Miembro, Concejo Municipal de Erie"
2021,Nicole Speer,e01009,person,,former,False,True,False,Representante de la Cámara de Representantes de Colorado
2021,Nicole Speer,e01019,person,,,False,False,False,Louisa & Bob Matthias
2021,Nicole Speer,e01052,person,,current,False,False,False,"Miembro, Concejo Municipal de Lyons"
2021,Nicole Speer,e01082,person,,current,True,True,False,"Miembro, Concejo Municipal de Boulder"
2021,Nicole Speer,e01084,person,,,True,True,False,"Miembro, Concejo Municipal de Superior"
2021,Nicole Speer,e01087,person,,,False,False,True,"Director, junta de planificación urbana de Boulder"
2021,Nicole Speer,e01090,person,,current,True,True,False,"Miembro, Concejo Municipal de Boulder"
2021,Nicole Speer,e01185,person,,,True,True,True,"Miembro, Concejo Municipal de Longmont"
2021,Nicole Speer,e01202,person,,,False,False,False,SarahDawn Haynes
2021,Nicole Speer,e01216,person,,,False,False,False,Tom Volckhausen
2021,Nicole Speer,e01248,person,,,False,False,False,Dr. Barbara Farhar
2021,Nicole Speer,e01286,person,,former,False,False,False,Ex alcalde de Boulder
2021,Nicole Speer,e01308,person,,,False,False,False,Regina Cowles
2021,Nicole Speer,e01431,person,,,False,False,False,Alcalde de Boulder
2021,Nicole Speer,e01485,person,,,False,False,True,Jon Carroll
2021,Nicole Speer,e01498,person,,,False,False,False,"Ex miembro, comisión de la biblioteca de Boulder"
2021,Nicole Speer,e01582,person,,,False,False,True,Kurt Nordback
2021,Nicole Speer,e01649,person,,current,False,True,False,Ex comisionado del condado de Boulder
2021,Nicole Speer,e01716,person,,,False,False,False,Kurt Nordback
2021,Nicole Speer,e01753,person,,,False,False,False,Jill McIntyre
2021,Nicole Speer,org:colorado-working-families-party,organization,party,,False,False,False,Colorado Working Families Party
2021,Nicole Speer,org:south-boulder-creek-action-group,organization,advocacy,,False,False,False,South Boulder Creek Action Group
2021,Nicole Speer,org:south-boulder-creek-action-group,organization,advocacy,,False,False,False,South Boulder Creek Action Group
2021,Steve Rosenblum,e00049,person,,current,True,True,False,ELECTED OFFICIALS
2021,Steve Rosenblum,e00295,person,,current,True,True,False,ELECTED OFFICIALS
2021,Steve Rosenblum,e00301,person,,former,True,True,False,ELECTED OFFICIALS
2021,Steve Rosenblum,e00492,person,,current,True,True,False,ELECTED OFFICIALS
2021,Steve Rosenblum,e00530,person,,former,True,True,False,ELECTED OFFICIALS
2021,Steve Rosenblum,e00658,person,,former,True,True,False,ELECTED OFFICIALS
2021,Steve Rosenblum,e00726,person,,former,False,True,False,ELECTED OFFICIALS
2021,Steve Rosenblum,e00809,person,,former,True,True,False,ELECTED OFFICIALS
2021,Steve Rosenblum,e00839,person,,current,True,True,False,ELECTED OFFICIALS
2021,Steve Rosenblum,e00851,person,,former,True,True,False,ELECTED OFFICIALS
2021,Steve Rosenblum,e01101,person,,former,True,True,False,ELECTED OFFICIALS
2021,Steve Rosenblum,e01380,person,,former,True,True,False,ELECTED OFFICIALS
2021,Steve Rosenblum,e01659,person,,current,False,True,False,ELECTED OFFICIALS
2021,Steve Rosenblum,e01670,person,,former,True,True,False,ELECTED OFFICIALS
2021,Steve Rosenblum,e01809,person,,former,True,True,False,ELECTED OFFICIALS
2021,Steve Rosenblum,org:forward-boulder,organization,advocacy,,False,False,False,ORGANIZATIONS
2021,Steve Rosenblum,org:safer-boulder,organization,advocacy,,False,False,False,ORGANIZATIONS
2021,Tara Winer,e00031,person,,,False,False,False,Endorsers in Our Community
2021,Tara Winer,e00036,person,,,False,False,False,Endorsers in Our Community
2021,Tara Winer,e00044,person,,,False,False,False,Endorsers in Our Community
2021,Tara Winer,e00047,person,,,False,False,False,Endorsers in Our Community
2021,Tara Winer,e00049,person,,current,True,True,False,Endorsements by Elected Officials
2021,Tara Winer,e00049,person,,current,True,True,False,Awards
2021,Tara Winer,e00056,person,,former,True,True,False,Endorsements by Elected Officials
2021,Tara Winer,e00091,person,,,False,False,False,Endorsers in Our Community
2021,Tara Winer,e00094,person,,,False,False,False,Endorsers in Our Community
2021,Tara Winer,e00100,person,,,False,False,False,Endorsers in Our Community
2021,Tara Winer,e00105,person,,,False,False,False,Endorsers in Our Community
2021,Tara Winer,e00135,person,,,False,False,False,Endorsers in Our Community
2021,Tara Winer,e00150,person,,,False,False,False,Endorsers in Our Community
2021,Tara Winer,e00155,person,,,False,False,False,Endorsers in Our Community
2021,Tara Winer,e00171,person,,,False,False,False,Endorsers in Our Community
2021,Tara Winer,e00173,person,,,False,False,False,Endorsers in Our Community
2021,Tara Winer,e00177,person,,,False,False,False,Endorsers in Our Community
2021,Tara Winer,e00179,person,,,False,False,True,Endorsements by Board & Commission Members
2021,Tara Winer,e00184,person,,,False,False,False,Endorsers in Our Community
2021,Tara Winer,e00186,person,,,False,False,False,Endorsers in Our Community
2021,Tara Winer,e00208,person,,,False,False,False,Endorsers in Our Community
2021,Tara Winer,e00209,person,,,False,False,False,Endorsers in Our Community
2021,Tara Winer,e00225,person,,,False,False,True,Endorsements by Board & Commission Members
2021,Tara Winer,e00226,person,,,False,False,False,Endorsers in Our Community
2021,Tara Winer,e00230,person,,,False,False,False,Endorsers in Our Community
2021,Tara Winer,e00253,person,,,False,False,False,Endorsers in Our Community
2021,Tara Winer,e00263,person,,,False,False,False,Endorsers in Our Community
2021,Tara Winer,e00270,person,,,False,False,False,Endorsers in Our Community
2021,Tara Winer,e00282,person,,former,False,True,True,Endorsements by Board & Commission Members
2021,Tara Winer,e00283,person,,,True,True,True,Endorsements by Board & Commission Members
2021,Tara Winer,e00283,person,,,True,True,True,Endorsers in Our Community
2021,Tara Winer,e00288,person,,,False,False,False,Endorsers in Our Community
2021,Tara Winer,e00295,person,,current,True,True,False,Endorsements by Elected Officials
2021,Tara Winer,e00307,person,,,False,False,False,Endorsers in Our Community
2021,Tara Winer,e00320,person,,,False,False,False,Endorsers in Our Community
2021,Tara Winer,e00331,person,,,False,False,False,Endorsers in Our Community
2021,Tara Winer,e00332,person,,,False,False,False,Endorsers in Our Community
2021,Tara Winer,e00346,person,,,False,False,False,Endorsements by Board & Commission Members
2021,Tara Winer,e00353,person,,,False,False,False,Endorsers in Our Community
2021,Tara Winer,e00365,person,,,False,False,False,Endorsements by Board & Commission Members
2021,Tara Winer,e00421,person,,,False,False,False,Endorsers in Our Community
2021,Tara Winer,e00422,person,,,False,False,False,Endorsers in Our Community
2021,Tara Winer,e00437,person,,current,False,False,False,Endorsements by Elected Officials
2021,Tara Winer,e00437,person,,former,False,False,False,Endorsements by Elected Officials
2021,Tara Winer,e00459,person,,,False,False,False,Endorsers in Our Community
2021,Tara Winer,e00471,person,,,False,False,False,Endorsers in Our Community
2021,Tara Winer,e00484,person,,,False,False,False,Endorsers in Our Community
2021,Tara Winer,e00492,person,,current,True,True,False,Endorsements by Elected Officials
2021,Tara Winer,e00492,person,,current,True,True,False,Awards
2021,Tara Winer,e00530,person,,former,True,True,False,Endorsements by Elected Officials
2021,Tara Winer,e00550,person,,,False,False,False,Hear What People are Saying About Tara
2021,Tara Winer,e00556,person,,,False,False,False,Endorsers in Our Community
2021,Tara Winer,e00598,person,,,False,False,False,Endorsers in Our Community
2021,Tara Winer,e00658,person,,former,True,True,False,Endorsements by Elected Officials
2021,Tara Winer,e00658,person,,former,True,True,False,Awards
2021,Tara Winer,e00680,person,,,False,False,False,Endorsers in Our Community
2021,Tara Winer,e00687,person,,,False,False,False,Endorsers in Our Community
2021,Tara Winer,e00697,person,,,False,False,False,Endorsers in Our Community
2021,Tara Winer,e00716,person,,,False,False,False,Endorsers in Our Community
2021,Tara Winer,e00725,person,,,False,False,False,Endorsers in Our Community
2021,Tara Winer,e00736,person,,,False,False,False,Endorsers in Our Community
2021,Tara Winer,e00770,person,,,False,False,False,Endorsers in Our Community
2021,Tara Winer,e00785,person,,,False,False,False,Endorsers in Our Community
2021,Tara Winer,e00809,person,,former,True,True,False,Endorsements by Elected Officials
2021,Tara Winer,e00818,person,,,False,False,True,Endorsements by Board & Commission Members
2021,Tara Winer,e00839,person,,current,True,True,False,Endorsements by Elected Officials
2021,Tara Winer,e00839,person,,current,True,True,False,Awards
2021,Tara Winer,e00851,person,,former,True,True,False,Endorsements by Elected Officials
2021,Tara Winer,e00851,person,,former,True,True,False,Awards
2021,Tara Winer,e00898,person,,,False,False,False,Endorsers in Our Community
2021,Tara Winer,e00900,person,,,False,False,False,Endorsers in Our Community
2021,Tara Winer,e00942,person,,,False,False,False,Endorsers in Our Community
2021,Tara Winer,e00978,person,,,False,False,False,Endorsers in Our Community
2021,Tara Winer,e00979,person,,,False,False,False,Endorsers in Our Community
2021,Tara Winer,e00981,person,,,False,False,False,Endorsers in Our Community
2021,Tara Winer,e01035,person,,,False,False,False,Endorsers in Our Community
2021,Tara Winer,e01055,person,,,False,False,False,Endorsers in Our Community
2021,Tara Winer,e01082,person,,current,True,True,False,Endorsements by Elected Officials
2021,Tara Winer,e01082,person,,current,True,True,False,Awards
2021,Tara Winer,e01090,person,,current,True,True,False,Endorsements by Elected Officials
2021,Tara Winer,e01101,person,,former,True,True,False,Endorsements by Elected Officials
2021,Tara Winer,e01104,person,,,False,False,False,Endorsers in Our Community
2021,Tara Winer,e01105,person,,,False,False,True,Endorsements by Board & Commission Members
2021,Tara Winer,e01106,person,,,False,False,False,Endorsers in Our Community
2021,Tara Winer,e01134,person,,,False,False,False,Endorsers in Our Community
2021,Tara Winer,e01141,person,,,False,False,True,Endorsers in Our Community
2021,Tara Winer,e01145,person,,,False,False,False,Endorsers in Our Community
2021,Tara Winer,e01150,person,,,False,False,False,Endorsers in Our Community
2021,Tara Winer,e01188,person,,,False,False,False,Endorsers in Our Community
2021,Tara Winer,e01199,person,,,False,False,False,Endorsers in Our Community
2021,Tara Winer,e01218,person,,,False,False,False,Endorsers in Our Community
2021,Tara Winer,e01294,person,,,False,False,False,Endorsers in Our Community
2021,Tara Winer,e01313,person,,,False,False,False,Endorsers in Our Community
2021,Tara Winer,e01314,person,,,False,False,False,Endorsers in Our Community
2021,Tara Winer,e01325,person,,,False,False,False,Endorsers in Our Community
2021,Tara Winer,e01345,person,,,False,False,False,Endorsers in Our Community
2021,Tara Winer,e01350,person,,,False,False,False,Endorsers in Our Community
2021,Tara Winer,e01376,person,,,False,False,False,Endorsers in Our Community
2021,Tara Winer,e01380,person,,former,True,True,False,Endorsements by Elected Officials
2021,Tara Winer,e01382,person,,,False,False,False,Endorsers in Our Community
2021,Tara Winer,e01385,person,,current,False,False,False,Endorsements by Elected Officials
2021,Tara Winer,e01408,person,,,False,False,False,Endorsers in Our Community
2021,Tara Winer,e01412,person,,,False,False,False,Endorsers in Our Community
2021,Tara Winer,e01417,person,,,False,False,False,Endorsers in Our Community
2021,Tara Winer,e01426,person,,,False,False,False,Endorsers in Our Community
2021,Tara Winer,e01432,person,,,False,False,False,Endorsers in Our Community
2021,Tara Winer,e01442,person,,,False,True,True,Endorsements by Board & Commission Members
2021,Tara Winer,e01451,person,,,False,False,False,Endorsers in Our Community
2021,Tara Winer,e01454,person,,,False,False,True,Endorsers in Our Community
2021,Tara Winer,e01465,person,,,False,False,False,Endorsers in Our Community
2021,Tara Winer,e01473,person,,,False,False,False,Endorsers in Our Community
2021,Tara Winer,e01502,person,,,False,False,False,Endorsers in Our Community
2021,Tara Winer,e01513,person,,,False,False,False,Endorsers in Our Community
2021,Tara Winer,e01524,person,,,False,False,False,Endorsers in Our Community
2021,Tara Winer,e01532,person,,,False,False,False,Endorsers in Our Community
2021,Tara Winer,e01541,person,,,False,False,False,Endorsers in Our Community
2021,Tara Winer,e01549,person,,,False,False,False,Endorsers in Our Community
2021,Tara Winer,e01562,person,,,False,False,True,Endorsers in Our Community
2021,Tara Winer,e01590,person,,,False,False,False,Endorsers in Our Community
2021,Tara Winer,e01607,person,,,False,False,False,Endorsers in Our Community
2021,Tara Winer,e01611,person,,,False,False,False,Endorsers in Our Community
2021,Tara Winer,e01615,person,,,False,False,False,Endorsers in Our Community
2021,Tara Winer,e01644,person,,,False,False,False,Endorsers in Our Community
2021,Tara Winer,e01647,person,,,False,False,False,Endorsers in Our Community
2021,Tara Winer,e01655,person,,,False,False,False,Endorsers in Our Community
2021,Tara Winer,e01659,person,,current,False,True,False,Endorsements by Elected Officials
2021,Tara Winer,e01659,person,,current,False,True,False,Awards
2021,Tara Winer,e01670,person,,former,True,True,False,Endorsements by Elected Officials
2021,Tara Winer,e01670,person,,former,True,True,False,Awards
2021,Tara Winer,e01697,person,,,False,False,False,Endorsers in Our Community
2021,Tara Winer,e01698,person,,,False,False,False,Endorsers in Our Community
2021,Tara Winer,e01701,person,,,False,False,False,Endorsers in Our Community
2021,Tara Winer,e01714,person,,,False,False,False,Endorsers in Our Community
2021,Tara Winer,e01720,person,,,False,False,True,Endorsers in Our Community
2021,Tara Winer,e01724,person,,,False,False,False,Endorsers in Our Community
2021,Tara Winer,e01748,person,,,False,False,False,Endorsers in Our Community
2021,Tara Winer,e01765,person,,,False,False,False,Endorsers in Our Community
2021,Tara Winer,e01773,person,,,False,False,False,Endorsers in Our Community
2021,Tara Winer,e01807,person,,,False,False,False,Endorsers in Our Community
2021,Tara Winer,e01809,person,,former,True,True,False,Endorsements by Elected Officials
2021,Tara Winer,e01846,person,,,False,False,False,Endorsers in Our Community
2021,Tara Winer,org:boulder-daily-camera-editorial-board,organization,newspaper,,False,False,False,Endorsements by Organizations
2021,Tara Winer,org:boulder-library-commissioner-boulder-library-foundation-board,organization,advocacy,,False,False,False,Endorsements by Board & Commission Members
2021,Tara Winer,org:forward-boulder,organization,advocacy,,False,False,False,Endorsements by Organizations
2021,Tara Winer,org:moms-demand-action-gun-sense-candidate-distinction,organization,advocacy,,False,False,False,Awards
2021,Tara Winer,org:safer-boulder,organization,advocacy,,False,False,False,Endorsements by Organizations
2021,Tara Winer,org:south-east-boulder-neighborhood-association,organization,neighborhood,,False,False,False,Endorsements by Organizations
2021,Tara Winer,org:thinkboulder,organization,advocacy,,False,False,False,Endorsements by Organizations
2021,Tara Winer,org:together4boulder,organization,advocacy,,False,False,False,Endorsements by Organizations
2023,Aaron Brockett,e00181,person,,,False,False,False,Endorsements
2023,Aaron Brockett,e00304,person,,current,False,True,False,Endorsements
2023,Aaron Brockett,e00502,person,,current,False,True,False,Endorsements
2023,Aaron Brockett,e00527,person,,current,False,True,False,Endorsements
2023,Aaron Brockett,e00636,person,,,False,False,False,Help Power Our Campaign
2023,Aaron Brockett,e00992,person,,,False,False,False,Get Involved!
2023,Aaron Brockett,e01090,person,,current,True,True,False,Endorsements
2023,Aaron Brockett,e01299,person,,current,False,True,False,Endorsements
2023,Aaron Brockett,e01405,person,,current,False,True,False,Endorsements
2023,Aaron Brockett,e01597,person,,current,False,True,False,Endorsements
2023,Aaron Brockett,e01646,person,,current,False,True,False,Endorsements
2023,Aaron Brockett,e01649,person,,current,False,True,False,Endorsements
2023,Nicole Speer,e00130,person,,,False,False,False,Meet Nicole
2023,Nicole Speer,e00842,person,,,False,False,False,a city that works for everyone.”
2023,Nicole Speer,e00878,person,,,False,False,False,a city that works for everyone.”
2023,Nicole Speer,e01032,person,,,False,False,False,a city that works for everyone.”
2023,Nicole Speer,e01434,person,,,False,False,False,Mental Health and Addiction
2023,Nicole Speer,org:helped-seat-a-diverse-group-of-leaders-to-our-boards-and-commissions,organization,advocacy,,False,False,False,Endorse Nicole. Sign up for our newsletter. Get a yard sign.
2023,Paul Tweedlie,e00488,person,,,False,False,False,What's The Press Saying About Tweedlie?
2023,Paul Tweedlie,org:boulder-beat-https-boulderbeat-news-2023-10-02-paul-tweedlie,organization,newspaper,current,False,False,False,What's The Press Saying About Tweedlie?
2023,Ryan Schuchard,e00010,person,,current,True,True,False,Endorsements from current and former elected officials
2023,Ryan Schuchard,e00017,person,,,False,False,True,Endorsements from notable community members
2023,Ryan Schuchard,e00045,person,,,False,False,True,Endorsements from notable community members
2023,Ryan Schuchard,e00062,person,,,False,False,False,Endorsements from notable community members
2023,Ryan Schuchard,e00073,person,,,False,True,False,Endorsements from notable community members
2023,Ryan Schuchard,e00089,person,,,False,False,False,Endorsements from notable community members
2023,Ryan Schuchard,e00159,person,,,False,False,False,Endorsements from notable community members
2023,Ryan Schuchard,e00180,person,,,False,False,True,Endorsements from notable community members
2023,Ryan Schuchard,e00212,person,,,False,False,False,Endorsements from notable community members
2023,Ryan Schuchard,e00229,person,,,False,False,True,Endorsements from notable community members
2023,Ryan Schuchard,e00246,person,,,False,False,False,Endorsements from notable community members
2023,Ryan Schuchard,e00248,person,,,False,False,False,Endorsements from notable community members
2023,Ryan Schuchard,e00274,person,,current,True,True,False,Endorsements from current and former elected officials
2023,Ryan Schuchard,e00276,person,,,False,False,False,Endorsements from notable community members
2023,Ryan Schuchard,e00287,person,,,False,False,False,Endorsements from notable community members
2023,Ryan Schuchard,e00317,person,,,False,False,False,Endorsements from notable community members
2023,Ryan Schuchard,e00348,person,,,False,False,False,Endorsements from notable community members
2023,Ryan Schuchard,e00367,person,,current,False,True,False,Endorsements from notable community members
2023,Ryan Schuchard,e00369,person,,,False,False,False,Endorsements from notable community members
2023,Ryan Schuchard,e00377,person,,,False,False,False,Endorsements from notable community members
2023,Ryan Schuchard,e00441,person,,former,True,True,False,Endorsements from current and former elected officials
2023,Ryan Schuchard,e00454,person,,,False,False,True,Endorsements from notable community members
2023,Ryan Schuchard,e00495,person,,,True,True,False,Endorsements from notable community members
2023,Ryan Schuchard,e00509,person,,current,True,True,False,Endorsements from current and former elected officials
2023,Ryan Schuchard,e00516,person,,,False,False,False,Endorsements from notable community members
2023,Ryan Schuchard,e00534,person,,former,True,True,False,Endorsements from current and former elected officials
2023,Ryan Schuchard,e00551,person,,current,True,True,False,Endorsements from current and former elected officials
2023,Ryan Schuchard,e00567,person,,former,False,True,False,Endorsements from current and former elected officials
2023,Ryan Schuchard,e00584,person,,,False,False,True,Endorsements from notable community members
2023,Ryan Schuchard,e00628,person,,,False,False,False,Endorsements from notable community members
2023,Ryan Schuchard,e00656,person,,,False,False,False,Endorsements from notable community members
2023,Ryan Schuchard,e00800,person,,former,True,True,False,Endorsements from current and former elected officials
2023,Ryan Schuchard,e00828,person,,,False,False,False,Endorsements from notable community members
2023,Ryan Schuchard,e00831,person,,current,True,True,False,Endorsements from current and former elected officials
2023,Ryan Schuchard,e00876,person,,,False,False,False,Endorsements from notable community members
2023,Ryan Schuchard,e00889,person,,,False,False,False,Endorsements from notable community members
2023,Ryan Schuchard,e00921,person,,,True,True,True,Endorsements from notable community members
2023,Ryan Schuchard,e00951,person,,,False,False,False,Endorsements from notable community members
2023,Ryan Schuchard,e00955,person,,,False,False,False,Endorsements from notable community members
2023,Ryan Schuchard,e00999,person,,,False,False,False,Endorsements from notable community members
2023,Ryan Schuchard,e01002,person,,former,False,True,False,Endorsements from notable community members
2023,Ryan Schuchard,e01058,person,,,False,False,False,Endorsements from notable community members
2023,Ryan Schuchard,e01085,person,,,False,False,False,Endorsements from notable community members
2023,Ryan Schuchard,e01087,person,,,False,False,True,Endorsements from notable community members
2023,Ryan Schuchard,e01090,person,,current,True,True,False,Endorsements from current and former elected officials
2023,Ryan Schuchard,e01097,person,,,False,False,False,Endorsements from notable community members
2023,Ryan Schuchard,e01177,person,,,False,False,True,Endorsements from notable community members
2023,Ryan Schuchard,e01198,person,,,False,False,True,Endorsements from notable community members
2023,Ryan Schuchard,e01231,person,,,False,False,True,Endorsements from notable community members
2023,Ryan Schuchard,e01275,person,,,False,False,False,Endorsements from notable community members
2023,Ryan Schuchard,e01295,person,,,False,False,False,Endorsements from notable community members
2023,Ryan Schuchard,e01347,person,,,False,False,False,Endorsements from notable community members
2023,Ryan Schuchard,e01354,person,,,False,False,True,Endorsements from notable community members
2023,Ryan Schuchard,e01379,person,,,False,False,False,Endorsements from notable community members
2023,Ryan Schuchard,e01428,person,,,False,False,False,Endorsements from notable community members
2023,Ryan Schuchard,e01444,person,,,False,False,False,Endorsements from notable community members
2023,Ryan Schuchard,e01448,person,,,False,False,False,Endorsements from notable community members
2023,Ryan Schuchard,e01462,person,,,False,False,False,Endorsements from notable community members
2023,Ryan Schuchard,e01472,person,,,False,False,True,Endorsements from notable community members
2023,Ryan Schuchard,e01496,person,,former,True,True,False,Endorsements from current and former elected officials
2023,Ryan Schuchard,e01548,person,,,False,False,False,Endorsements from notable community members
2023,Ryan Schuchard,e01552,person,,,False,False,False,Endorsements from notable community members
2023,Ryan Schuchard,e01575,person,,,False,False,False,Endorsements from notable community members
2023,Ryan Schuchard,e01582,person,,,False,False,True,Endorsements from notable community members
2023,Ryan Schuchard,e01642,person,,,False,False,False,Endorsements from notable community members
2023,Ryan Schuchard,e01714,person,,,False,False,False,Endorsements from notable community members
2023,Ryan Schuchard,e01721,person,,,False,False,True,Endorsements from notable community members
2023,Ryan Schuchard,org:sierra-club,organization,environmental,,False,False,False,I’m grateful to have the support of some amazing people and organizations.
2023,Taishya Adams,e00560,person,,,False,False,False,Únete a nuestro equipo de campaña
2023,Taishya Adams,e01240,person,,,False,False,False,Únete a nuestro equipo de campaña
2023,Tara Winer,e00002,person,,,False,False,False,Endorsers in Our Community
2023,Tara Winer,e00017,person,,,False,False,True,Endorsers in Our Community
2023,Tara Winer,e00036,person,,,False,False,False,Endorsers in Our Community
2023,Tara Winer,e00037,person,,,False,False,False,Endorsers in Our Community
2023,Tara Winer,e00044,person,,,False,False,False,Endorsers in Our Community
2023,Tara Winer,e00045,person,,,False,False,True,Endorsers in Our Community
2023,Tara Winer,e00046,person,,,False,False,False,Endorsers in Our Community
2023,Tara Winer,e00049,person,,former,True,True,False,Endorsements by Former Elected Officials
2023,Tara Winer,e00050,person,,,False,False,False,Endorsers in Our Community
2023,Tara Winer,e00053,person,,,False,False,False,Endorsers in Our Community
2023,Tara Winer,e00054,person,,,False,False,True,Endorsements by Board & Commission Members
2023,Tara Winer,e00058,person,,,False,False,False,Endorsers in Our Community
2023,Tara Winer,e00077,person,,,False,False,False,Endorsers in Our Community
2023,Tara Winer,e00078,person,,,False,False,False,Endorsers in Our Community
2023,Tara Winer,e00089,person,,,False,False,False,Endorsers in Our Community
2023,Tara Winer,e00095,person,,,False,False,False,Endorsers in Our Community
2023,Tara Winer,e00103,person,,,False,False,False,Endorsers in Our Community
2023,Tara Winer,e00104,person,,,False,False,True,Endorsements by Board & Commission Members
2023,Tara Winer,e00105,person,,,False,False,False,Endorsers in Our Community
2023,Tara Winer,e00109,person,,,False,False,False,Endorsers in Our Community
2023,Tara Winer,e00111,person,,,False,False,False,Endorsers in Our Community
2023,Tara Winer,e00122,person,,,False,False,False,Endorsers in Our Community
2023,Tara Winer,e00127,person,,,False,False,False,Endorsements by Board & Commission Members
2023,Tara Winer,e00129,person,,,False,False,False,Endorsers in Our Community
2023,Tara Winer,e00155,person,,,False,False,False,Endorsers in Our Community
2023,Tara Winer,e00161,person,,,False,False,False,Endorsers in Our Community
2023,Tara Winer,e00166,person,,,False,False,False,Endorsers in Our Community
2023,Tara Winer,e00171,person,,,False,False,False,Endorsers in Our Community
2023,Tara Winer,e00172,person,,,False,False,False,Endorsers in Our Community
2023,Tara Winer,e00184,person,,,False,False,False,Endorsers in Our Community
2023,Tara Winer,e00190,person,,,False,False,False,Endorsements by Board & Commission Members
2023,Tara Winer,e00194,person,,,False,False,False,Endorsers in Our Community
2023,Tara Winer,e00226,person,,,False,False,False,Endorsers in Our Community
2023,Tara Winer,e00227,person,,,False,False,False,Endorsers in Our Community
2023,Tara Winer,e00229,person,,,False,False,True,Endorsements by Board & Commission Members
2023,Tara Winer,e00230,person,,,False,False,False,Endorsers in Our Community
2023,Tara Winer,e00234,person,,,False,False,False,Endorsers in Our Community
2023,Tara Winer,e00239,person,,,False,False,False,Endorsers in Our Community
2023,Tara Winer,e00257,person,,,False,False,False,Endorsers in Our Community
2023,Tara Winer,e00260,person,,,False,False,False,Endorsers in Our Community
2023,Tara Winer,e00272,person,,,False,False,False,Endorsers in Our Community
2023,Tara Winer,e00278,person,,,False,False,False,Endorsers in Our Community
2023,Tara Winer,e00282,person,,former,False,True,True,Endorsements by Board & Commission Members
2023,Tara Winer,e00288,person,,,False,False,False,Endorsers in Our Community
2023,Tara Winer,e00289,person,,,False,False,True,Endorsements by Board & Commission Members
2023,Tara Winer,e00295,person,,current,True,True,False,Endorsements by Elected Officials
2023,Tara Winer,e00322,person,,,False,False,False,Endorsers in Our Community
2023,Tara Winer,e00323,person,,,True,True,False,Endorsers in Our Community
2023,Tara Winer,e00326,person,,,False,False,False,Endorsers in Our Community
2023,Tara Winer,e00332,person,,,False,False,False,Endorsers in Our Community
2023,Tara Winer,e00340,person,,,False,False,False,Endorsers in Our Community
2023,Tara Winer,e00341,person,,,False,False,False,Endorsers in Our Community
2023,Tara Winer,e00344,person,,,False,False,False,Endorsers in Our Community
2023,Tara Winer,e00345,person,,,False,False,False,Endorsers in Our Community
2023,Tara Winer,e00346,person,,,False,False,False,Endorsements by Board & Commission Members
2023,Tara Winer,e00353,person,,,False,False,False,Endorsers in Our Community
2023,Tara Winer,e00356,person,,,False,False,False,Endorsers in Our Community
2023,Tara Winer,e00361,person,,,False,False,False,Endorsers in Our Community
2023,Tara Winer,e00365,person,,,False,False,False,Endorsements by Board & Commission Members
2023,Tara Winer,e00381,person,,,False,False,False,Endorsers in Our Community
2023,Tara Winer,e00382,person,,,False,False,False,Endorsers in Our Community
2023,Tara Winer,e00389,person,,former,True,True,False,Endorsements by Former Elected Officials
2023,Tara Winer,e00391,person,,,False,False,False,Endorsements by Board & Commission Members
2023,Tara Winer,e00398,person,,,False,False,False,Endorsers in Our Community
2023,Tara Winer,e00405,person,,,False,False,False,Endorsers in Our Community
2023,Tara Winer,e00407,person,,,False,False,False,Endorsers in Our Community
2023,Tara Winer,e00408,person,,,False,False,False,Endorsers in Our Community
2023,Tara Winer,e00417,person,,,False,False,False,Endorsers in Our Community
2023,Tara Winer,e00418,person,,,False,False,False,Endorsers in Our Community
2023,Tara Winer,e00425,person,,,False,False,False,Endorsers in Our Community
2023,Tara Winer,e00437,person,,former,False,False,False,Endorsements by Former Elected Officials
2023,Tara Winer,e00437,person,,former,False,False,False,Endorsements by Former Elected Officials
2023,Tara Winer,e00457,person,,,False,False,False,Endorsers in Our Community
2023,Tara Winer,e00461,person,,,False,False,False,Endorsers in Our Community
2023,Tara Winer,e00468,person,,,False,False,False,Endorsers in Our Community
2023,Tara Winer,e00469,person,,,False,False,False,Endorsements by Board & Commission Members
2023,Tara Winer,e00471,person,,,False,False,False,Endorsers in Our Community
2023,Tara Winer,e00484,person,,,False,False,False,Endorsers in Our Community
2023,Tara Winer,e00496,person,,,False,False,False,Endorsers in Our Community
2023,Tara Winer,e00509,person,,current,True,True,False,Endorsements by Elected Officials
2023,Tara Winer,e00515,person,,,False,False,False,Endorsers in Our Community
2023,Tara Winer,e00522,person,,,False,False,False,Endorsers in Our Community
2023,Tara Winer,e00526,person,,,False,False,False,Endorsers in Our Community
2023,Tara Winer,e00530,person,,former,True,True,False,Endorsements by Former Elected Officials
2023,Tara Winer,e00532,person,,,False,False,False,Endorsers in Our Community
2023,Tara Winer,e00538,person,,,False,False,False,Endorsers in Our Community
2023,Tara Winer,e00541,person,,,False,False,False,Endorsers in Our Community
2023,Tara Winer,e00545,person,,current,False,True,False,Endorsements by Elected Officials
2023,Tara Winer,e00546,person,,,False,False,False,Endorsers in Our Community
2023,Tara Winer,e00556,person,,,False,False,False,Endorsers in Our Community
2023,Tara Winer,e00559,person,,,False,False,False,Endorsers in Our Community
2023,Tara Winer,e00561,person,,,False,False,False,Endorsers in Our Community
2023,Tara Winer,e00585,person,,,False,False,False,Endorsers in Our Community
2023,Tara Winer,e00586,person,,,False,False,False,Endorsers in Our Community
2023,Tara Winer,e00588,person,,,False,False,False,Endorsers in Our Community
2023,Tara Winer,e00592,person,,,False,False,False,Endorsers in Our Community
2023,Tara Winer,e00594,person,,,False,False,False,Endorsers in Our Community
2023,Tara Winer,e00598,person,,,False,False,False,Endorsers in Our Community
2023,Tara Winer,e00610,person,,,False,False,False,Endorsers in Our Community
2023,Tara Winer,e00613,person,,,False,False,False,Endorsers in Our Community
2023,Tara Winer,e00614,person,,,False,False,False,Endorsers in Our Community
2023,Tara Winer,e00638,person,,,False,False,False,Endorsers in Our Community
2023,Tara Winer,e00643,person,,,False,False,False,Endorsers in Our Community
2023,Tara Winer,e00658,person,,former,True,True,False,Endorsements by Former Elected Officials
2023,Tara Winer,e00665,person,,,False,False,False,Endorsers in Our Community
2023,Tara Winer,e00671,person,,,False,False,True,Endorsements by Board & Commission Members
2023,Tara Winer,e00689,person,,,False,False,False,Endorsers in Our Community
2023,Tara Winer,e00697,person,,,False,False,False,Endorsers in Our Community
2023,Tara Winer,e00702,person,,,False,False,False,Endorsers in Our Community
2023,Tara Winer,e00705,person,,,False,False,False,Endorsers in Our Community
2023,Tara Winer,e00717,person,,,False,False,True,Endorsements by Board & Commission Members
2023,Tara Winer,e00735,person,,,False,False,False,Endorsers in Our Community
2023,Tara Winer,e00736,person,,,False,False,False,Endorsers in Our Community
2023,Tara Winer,e00752,person,,former,True,True,False,Endorsements by Former Elected Officials
2023,Tara Winer,e00765,person,,,False,False,False,Endorsers in Our Community
2023,Tara Winer,e00766,person,,,True,True,False,Endorsements by Board & Commission Members
2023,Tara Winer,e00768,person,,,False,False,False,Endorsers in Our Community
2023,Tara Winer,e00777,person,,,False,False,False,Endorsers in Our Community
2023,Tara Winer,e00783,person,,,False,False,False,Endorsements by Board & Commission Members
2023,Tara Winer,e00785,person,,,False,False,False,Endorsers in Our Community
2023,Tara Winer,e00793,person,,,False,False,False,Endorsers in Our Community
2023,Tara Winer,e00800,person,,former,True,True,False,Endorsements by Former Elected Officials
2023,Tara Winer,e00800,person,,former,True,True,False,Endorsers in Our Community
2023,Tara Winer,e00809,person,,former,True,True,False,Endorsements by Former Elected Officials
2023,Tara Winer,e00815,person,,,False,False,False,Endorsers in Our Community
2023,Tara Winer,e00821,person,,,False,False,False,Endorsers in Our Community
2023,Tara Winer,e00825,person,,,False,False,False,Endorsers in Our Community
2023,Tara Winer,e00831,person,,current,True,True,False,Endorsements by Elected Officials
2023,Tara Winer,e00835,person,,,False,False,False,Endorsers in Our Community
2023,Tara Winer,e00839,person,,current,True,True,False,Endorsements by Elected Officials
2023,Tara Winer,e00840,person,,former,True,True,False,Endorsements by Board & Commission Members
2023,Tara Winer,e00851,person,,former,True,True,False,Endorsements by Former Elected Officials
2023,Tara Winer,e00877,person,,,False,False,False,Endorsers in Our Community
2023,Tara Winer,e00882,person,,,False,False,False,Endorsers in Our Community
2023,Tara Winer,e00884,person,,,False,False,False,Endorsers in Our Community
2023,Tara Winer,e00901,person,,,False,False,False,Endorsers in Our Community
2023,Tara Winer,e00909,person,,,False,False,False,Endorsers in Our Community
2023,Tara Winer,e00910,person,,,False,False,False,Endorsers in Our Community
2023,Tara Winer,e00919,person,,,False,False,False,Endorsers in Our Community
2023,Tara Winer,e00921,person,,,True,True,True,Endorsements by Board & Commission Members
2023,Tara Winer,e00923,person,,,False,False,False,Endorsers in Our Community
2023,Tara Winer,e00927,person,,,False,False,False,Endorsers in Our Community
2023,Tara Winer,e00942,person,,,False,False,False,Endorsers in Our Community
2023,Tara Winer,e00964,person,,,False,False,False,Endorsers in Our Community
2023,Tara Winer,e00966,person,,,False,False,False,Endorsers in Our Community
2023,Tara Winer,e00976,person,,,False,False,False,Endorsers in Our Community
2023,Tara Winer,e00978,person,,,False,False,False,Endorsers in Our Community
2023,Tara Winer,e00984,person,,,False,False,False,Endorsers in Our Community
2023,Tara Winer,e01016,person,,,False,False,False,Endorsers in Our Community
2023,Tara Winer,e01017,person,,,False,False,False,Endorsers in Our Community
2023,Tara Winer,e01026,person,,,False,False,False,Endorsers in Our Community
2023,Tara Winer,e01041,person,,,False,False,False,Endorsers in Our Community
2023,Tara Winer,e01053,person,,,False,False,False,Endorsers in Our Community
2023,Tara Winer,e01056,person,,,False,False,False,Endorsers in Our Community
2023,Tara Winer,e01057,person,,,False,False,False,Endorsers in Our Community
2023,Tara Winer,e01076,person,,,False,False,False,Endorsers in Our Community
2023,Tara Winer,e01082,person,,former,True,True,False,Endorsements by Former Elected Officials
2023,Tara Winer,e01089,person,,,False,False,False,Endorsers in Our Community
2023,Tara Winer,e01090,person,,current,True,True,False,Endorsements by Elected Officials
2023,Tara Winer,e01094,person,,,False,False,False,Endorsements by Board & Commission Members
2023,Tara Winer,e01094,person,,,False,False,False,Endorsers in Our Community
2023,Tara Winer,e01101,person,,former,True,True,False,Endorsements by Former Elected Officials
2023,Tara Winer,e01104,person,,,False,False,False,Endorsers in Our Community
2023,Tara Winer,e01105,person,,,False,False,True,Endorsements by Board & Commission Members
2023,Tara Winer,e01107,person,,,False,False,False,Endorsers in Our Community
2023,Tara Winer,e01114,person,,,False,False,False,Endorsers in Our Community
2023,Tara Winer,e01133,person,,,False,False,True,Endorsements by Board & Commission Members
2023,Tara Winer,e01134,person,,,False,False,False,Endorsers in Our Community
2023,Tara Winer,e01135,person,,,False,False,False,Endorsers in Our Community
2023,Tara Winer,e01145,person,,,False,False,False,Endorsers in Our Community
2023,Tara Winer,e01153,person,,,False,False,False,Endorsers in Our Community
2023,Tara Winer,e01180,person,,,False,False,False,Endorsers in Our Community
2023,Tara Winer,e01187,person,,,False,False,False,Endorsers in Our Community
2023,Tara Winer,e01195,person,,,False,False,True,Endorsements by Board & Commission Members
2023,Tara Winer,e01206,person,,,True,True,False,Endorsers in Our Community
2023,Tara Winer,e01208,person,,,False,False,False,Endorsers in Our Community
2023,Tara Winer,e01209,person,,,False,False,False,Endorsers in Our Community
2023,Tara Winer,e01219,person,,,False,False,False,Endorsers in Our Community
2023,Tara Winer,e01228,person,,,False,False,False,Endorsers in Our Community
2023,Tara Winer,e01230,person,,,False,False,True,Endorsers in Our Community
2023,Tara Winer,e01254,person,,,False,False,False,Endorsers in Our Community
2023,Tara Winer,e01260,person,,,False,False,False,Endorsers in Our Community
2023,Tara Winer,e01274,person,,,False,False,False,Endorsers in Our Community
2023,Tara Winer,e01275,person,,,False,False,False,Endorsers in Our Community
2023,Tara Winer,e01277,person,,,False,False,False,Endorsers in Our Community
2023,Tara Winer,e01282,person,,,False,False,False,Endorsers in Our Community
2023,Tara Winer,e01284,person,,,False,False,False,Endorsers in Our Community
2023,Tara Winer,e01288,person,,,False,False,False,Endorsers in Our Community
2023,Tara Winer,e01313,person,,,False,False,False,Endorsers in Our Community
2023,Tara Winer,e01323,person,,,False,False,False,Endorsers in Our Community
2023,Tara Winer,e01349,person,,,False,False,False,Endorsers in Our Community
2023,Tara Winer,e01364,person,,,False,False,False,Endorsers in Our Community
2023,Tara Winer,e01372,person,,,False,False,False,Endorsers in Our Community
2023,Tara Winer,e01373,person,,,False,False,False,Endorsers in Our Community
2023,Tara Winer,e01377,person,,,False,False,False,Endorsers in Our Community
2023,Tara Winer,e01380,person,,former,True,True,False,Endorsements by Former Elected Officials
2023,Tara Winer,e01398,person,,,False,False,True,Endorsements by Board & Commission Members
2023,Tara Winer,e01417,person,,,False,False,False,Endorsers in Our Community
2023,Tara Winer,e01418,person,,,False,False,False,Endorsers in Our Community
2023,Tara Winer,e01426,person,,,False,False,False,Endorsers in Our Community
2023,Tara Winer,e01433,person,,current,False,True,False,Endorsements by Elected Officials
2023,Tara Winer,e01439,person,,,False,False,False,Endorsers in Our Community
2023,Tara Winer,e01442,person,,,False,True,True,Endorsements by Board & Commission Members
2023,Tara Winer,e01449,person,,,False,False,False,Endorsers in Our Community
2023,Tara Winer,e01454,person,,,False,False,True,Endorsements by Board & Commission Members
2023,Tara Winer,e01456,person,,,False,False,False,Endorsers in Our Community
2023,Tara Winer,e01468,person,,,False,False,False,Endorsers in Our Community
2023,Tara Winer,e01474,person,,,False,False,False,Endorsers in Our Community
2023,Tara Winer,e01476,person,,,False,False,False,Endorsers in Our Community
2023,Tara Winer,e01496,person,,former,True,True,False,Endorsements by Former Elected Officials
2023,Tara Winer,e01504,person,,,False,True,False,Endorsements by Elected Officials
2023,Tara Winer,e01512,person,,,False,False,False,Endorsers in Our Community
2023,Tara Winer,e01513,person,,,False,False,False,Endorsers in Our Community
2023,Tara Winer,e01532,person,,,False,False,False,Endorsers in Our Community
2023,Tara Winer,e01541,person,,,False,False,False,Endorsers in Our Community
2023,Tara Winer,e01545,person,,,False,False,False,Endorsers in Our Community
2023,Tara Winer,e01559,person,,,False,False,False,Endorsers in Our Community
2023,Tara Winer,e01562,person,,,False,False,True,Endorsements by Board & Commission Members
2023,Tara Winer,e01570,person,,,False,False,False,Endorsers in Our Community
2023,Tara Winer,e01575,person,,,False,False,False,Endorsers in Our Community
2023,Tara Winer,e01577,person,,,False,False,False,Endorsers in Our Community
2023,Tara Winer,e01584,person,,,False,False,False,Endorsers in Our Community
2023,Tara Winer,e01590,person,,,False,False,False,Endorsers in Our Community
2023,Tara Winer,e01607,person,,,False,False,False,Endorsers in Our Community
2023,Tara Winer,e01609,person,,,False,False,False,Endorsers in Our Community
2023,Tara Winer,e01615,person,,,False,False,False,Endorsers in Our Community
2023,Tara Winer,e01617,person,,,False,False,False,Endorsers in Our Community
2023,Tara Winer,e01622,person,,,False,False,False,Endorsers in Our Community
2023,Tara Winer,e01632,person,,,False,False,False,Endorsers in Our Community
2023,Tara Winer,e01641,person,,,False,False,False,Endorsers in Our Community
2023,Tara Winer,e01649,person,,current,False,True,False,Endorsements by Elected Officials
2023,Tara Winer,e01659,person,,former,False,True,False,Endorsements by Former Elected Officials
2023,Tara Winer,e01663,person,,,False,False,False,Endorsers in Our Community
2023,Tara Winer,e01665,person,,,False,False,False,Endorsers in Our Community
2023,Tara Winer,e01670,person,,former,True,True,False,Endorsements by Former Elected Officials
2023,Tara Winer,e01676,person,,,False,False,False,Endorsers in Our Community
2023,Tara Winer,e01704,person,,,False,False,False,Endorsers in Our Community
2023,Tara Winer,e01708,person,,,False,False,False,Endorsers in Our Community
2023,Tara Winer,e01715,person,,,False,False,False,Endorsers in Our Community
2023,Tara Winer,e01717,person,,,False,False,False,Endorsers in Our Community
2023,Tara Winer,e01718,person,,,False,False,False,Endorsers in Our Community
2023,Tara Winer,e01720,person,,,False,False,True,Endorsements by Board & Commission Members
2023,Tara Winer,e01731,person,,,False,False,False,Endorsers in Our Community
2023,Tara Winer,e01742,person,,,False,False,False,Endorsers in Our Community
2023,Tara Winer,e01765,person,,,False,False,False,Endorsers in Our Community
2023,Tara Winer,e01768,person,,,False,False,False,Endorsers in Our Community
2023,Tara Winer,e01773,person,,,False,False,False,Endorsers in Our Community
2023,Tara Winer,e01788,person,,,False,False,True,Endorsements by Board & Commission Members
2023,Tara Winer,e01797,person,,,False,False,False,Endorsers in Our Community
2023,Tara Winer,e01798,person,,,False,False,False,Endorsers in Our Community
2023,Tara Winer,e01808,person,,,False,False,False,Endorsers in Our Community
2023,Tara Winer,e01809,person,,former,True,True,False,Endorsements by Former Elected Officials
2023,Tara Winer,e01815,person,,,False,False,False,Endorsements by Board & Commission Members
2023,Tara Winer,e01830,person,,,False,False,False,Endorsers in Our Community
2023,Tara Winer,e01848,person,,,False,False,False,Endorsers in Our Community
2023,Terri Brncic,e00003,person,,,False,False,False,Endorsements from Community Members
2023,Terri Brncic,e00037,person,,,False,False,False,Endorsements from Community Members
2023,Terri Brncic,e00044,person,,,False,False,False,Endorsements from Community Leaders
2023,Terri Brncic,e00049,person,,former,True,True,False,Endorsements from Current and Former Elected Officials
2023,Terri Brncic,e00051,person,,,False,False,False,Endorsements from Community Members
2023,Terri Brncic,e00076,person,,,False,False,False,Endorsements from Community Members
2023,Terri Brncic,e00081,person,,,False,False,False,Endorsements from Community Members
2023,Terri Brncic,e00095,person,,,False,False,False,Endorsements from Community Members
2023,Terri Brncic,e00109,person,,,False,False,False,Endorsements from Community Members
2023,Terri Brncic,e00120,person,,,False,False,False,Former Landmarks Board
2023,Terri Brncic,e00129,person,,,False,False,False,Endorsements from Community Members
2023,Terri Brncic,e00140,person,,,False,False,False,Endorsements from Community Members
2023,Terri Brncic,e00141,person,,,False,False,False,Endorsements from Community Members
2023,Terri Brncic,e00155,person,,,False,False,False,Endorsements from Community Members
2023,Terri Brncic,e00194,person,,,False,False,False,Endorsements from Community Members
2023,Terri Brncic,e00202,person,,,False,False,False,Endorsements from Community Members
2023,Terri Brncic,e00214,person,,current,True,True,False,Endorsements from Current and Former Elected Officials
2023,Terri Brncic,e00227,person,,,False,False,False,Endorsements from Community Members
2023,Terri Brncic,e00228,person,,,False,False,False,Endorsements from Community Members
2023,Terri Brncic,e00234,person,,,False,False,False,Endorsements from Community Members
2023,Terri Brncic,e00272,person,,,False,False,False,Endorsements from Community Members
2023,Terri Brncic,e00278,person,,,False,False,False,Endorsements from Community Members
2023,Terri Brncic,e00295,person,,current,True,True,False,Endorsements from Current and Former Elected Officials
2023,Terri Brncic,e00301,person,,former,True,True,False,Endorsements from Current and Former Elected Officials
2023,Terri Brncic,e00311,person,,,False,False,False,Endorsements from Community Members
2023,Terri Brncic,e00316,person,,,False,False,False,Endorsements from Community Members
2023,Terri Brncic,e00330,person,,,False,False,False,Endorsements from Community Members
2023,Terri Brncic,e00334,person,,,False,False,False,Endorsements from Community Members
2023,Terri Brncic,e00358,person,,,False,False,True,Endorsements from Community Leaders
2023,Terri Brncic,e00358,person,,,False,False,True,Endorsements from Community Leaders
2023,Terri Brncic,e00390,person,,,False,False,False,Endorsements from Community Members
2023,Terri Brncic,e00408,person,,,False,False,False,Endorsements from Community Members
2023,Terri Brncic,e00425,person,,,False,False,False,Endorsements from Community Members
2023,Terri Brncic,e00427,person,,,False,False,False,Endorsements from Community Members
2023,Terri Brncic,e00439,person,,,False,False,False,Endorsements from Community Members
2023,Terri Brncic,e00443,person,,,False,False,False,Endorsements from Community Members
2023,Terri Brncic,e00446,person,,,False,False,False,Endorsements from Community Members
2023,Terri Brncic,e00446,person,,,False,False,False,Kerry White
2023,Terri Brncic,e00477,person,,,False,False,False,Endorsements from Community Members
2023,Terri Brncic,e00484,person,,,False,False,False,Endorsements from Community Members
2023,Terri Brncic,e00494,person,,,False,False,False,Endorsements from Community Members
2023,Terri Brncic,e00496,person,,,False,False,False,Endorsements from Community Members
2023,Terri Brncic,e00530,person,,current,True,True,False,Endorsements from Current and Former Elected Officials
2023,Terri Brncic,e00541,person,,,False,False,False,Endorsements from Community Members
2023,Terri Brncic,e00568,person,,,False,False,False,Endorsements from Community Members
2023,Terri Brncic,e00571,person,,,False,False,False,Endorsements from Community Members
2023,Terri Brncic,e00588,person,,,False,False,False,Endorsements from Community Members
2023,Terri Brncic,e00590,person,,,False,False,False,Endorsements from Community Members
2023,Terri Brncic,e00605,person,,,False,False,False,Endorsements from Community Members
2023,Terri Brncic,e00610,person,,,False,False,False,Endorsements from Community Members
2023,Terri Brncic,e00615,person,,,False,False,False,Endorsements from Community Members
2023,Terri Brncic,e00651,person,,,False,False,False,Endorsements from Community Leaders
2023,Terri Brncic,e00659,person,,,False,False,False,Endorsements from Community Leaders
2023,Terri Brncic,e00659,person,,,False,False,False,Former Landmarks Board
2023,Terri Brncic,e00662,person,,,False,False,False,Endorsements from Community Members
2023,Terri Brncic,e00665,person,,,False,False,False,Endorsements from Community Members
2023,Terri Brncic,e00679,person,,,False,False,False,Endorsements from Community Members
2023,Terri Brncic,e00715,person,,,False,False,False,Endorsements from Community Leaders
2023,Terri Brncic,e00717,person,,,False,False,True,Endorsements from Community Leaders
2023,Terri Brncic,e00724,person,,,False,False,False,Endorsements from Community Members
2023,Terri Brncic,e00724,person,,,False,False,False,Jason Mendelson
2023,Terri Brncic,e00734,person,,,False,False,False,Endorsements from Community Members
2023,Terri Brncic,e00736,person,,,False,False,False,Endorsements from Community Members
2023,Terri Brncic,e00736,person,,,False,False,False,Daphna Rubin
2023,Terri Brncic,e00745,person,,,False,False,False,Endorsements from Community Members
2023,Terri Brncic,e00747,person,,,False,False,False,Endorsements from Community Members
2023,Terri Brncic,e00773,person,,,False,False,False,Endorsements from Community Members
2023,Terri Brncic,e00777,person,,,False,False,False,Endorsements from Community Members
2023,Terri Brncic,e00790,person,,,False,False,False,Endorsements from Community Leaders
2023,Terri Brncic,e00805,person,,,False,False,False,Endorsements from Community Members
2023,Terri Brncic,e00809,person,,,True,True,False,Endorsements from Current and Former Elected Officials
2023,Terri Brncic,e00823,person,,,False,False,False,Endorsements from Community Members
2023,Terri Brncic,e00827,person,,,False,False,False,Endorsements from Community Members
2023,Terri Brncic,e00836,person,,,False,False,False,Endorsements from Community Members
2023,Terri Brncic,e00843,person,,,False,False,False,Endorsements from Community Members
2023,Terri Brncic,e00857,person,,,False,False,False,Endorsements from Community Members
2023,Terri Brncic,e00875,person,,,False,False,False,Endorsements from Community Members
2023,Terri Brncic,e00880,person,,,False,False,False,Endorsements from Community Members
2023,Terri Brncic,e00907,person,,,False,False,False,Endorsements from Community Members
2023,Terri Brncic,e00912,person,,,False,False,False,Endorsements from Community Members
2023,Terri Brncic,e00913,person,,,False,False,False,Endorsements from Community Members
2023,Terri Brncic,e00942,person,,,False,False,False,Endorsements from Community Members
2023,Terri Brncic,e00943,person,,,False,False,False,Endorsements from Community Members
2023,Terri Brncic,e00958,person,,,False,False,False,Endorsements from Community Members
2023,Terri Brncic,e00959,person,,,False,False,False,Endorsements from Community Members
2023,Terri Brncic,e00972,person,,,False,False,False,Endorsements from Community Members
2023,Terri Brncic,e00990,person,,,False,False,False,Endorsements from Community Members
2023,Terri Brncic,e00997,person,,,False,False,False,Endorsements from Community Members
2023,Terri Brncic,e01011,person,,,False,False,False,Endorsements from Community Members
2023,Terri Brncic,e01015,person,,,False,False,False,Endorsements from Community Members
2023,Terri Brncic,e01020,person,,,False,False,False,Endorsements from Community Members
2023,Terri Brncic,e01043,person,,,False,False,False,Endorsements from Community Members
2023,Terri Brncic,e01046,person,,,False,False,True,Endorsements from Community Leaders
2023,Terri Brncic,e01050,person,,,False,False,False,Endorsements from Community Members
2023,Terri Brncic,e01067,person,,,False,False,False,Endorsements from Community Members
2023,Terri Brncic,e01068,person,,,False,False,False,Endorsements from Community Members
2023,Terri Brncic,e01076,person,,,False,False,False,Endorsements from Community Members
2023,Terri Brncic,e01080,person,,,False,False,False,Endorsements from Community Members
2023,Terri Brncic,e01098,person,,,False,False,False,Endorsements from Community Members
2023,Terri Brncic,e01101,person,,former,True,True,False,Endorsements from Current and Former Elected Officials
2023,Terri Brncic,e01107,person,,,False,False,False,Endorsements from Community Members
2023,Terri Brncic,e01161,person,,,False,False,False,Endorsements from Community Members
2023,Terri Brncic,e01173,person,,,False,False,False,Endorsements from Community Members
2023,Terri Brncic,e01186,person,,,False,False,False,Endorsements from Community Members
2023,Terri Brncic,e01189,person,,,False,False,False,Endorsements from Community Members
2023,Terri Brncic,e01192,person,,,False,False,False,Endorsements from Community Members
2023,Terri Brncic,e01214,person,,,False,False,False,Endorsements from Community Members
2023,Terri Brncic,e01232,person,,,False,False,False,Endorsements from Community Members
2023,Terri Brncic,e01260,person,,,False,False,False,Endorsements from Community Members
2023,Terri Brncic,e01261,person,,,False,False,False,Endorsements from Community Members
2023,Terri Brncic,e01262,person,,,False,False,False,Endorsements from Community Members
2023,Terri Brncic,e01271,person,,,False,False,False,Endorsements from Community Members
2023,Terri Brncic,e01279,person,,,False,False,False,Endorsements from Community Members
2023,Terri Brncic,e01280,person,,,False,False,False,Endorsements from Community Members
2023,Terri Brncic,e01281,person,,,False,False,False,Endorsements from Community Members
2023,Terri Brncic,e01282,person,,,False,False,False,Endorsements from Community Members
2023,Terri Brncic,e01296,person,,,False,False,False,Endorsements from Community Leaders
2023,Terri Brncic,e01296,person,,,False,False,False,Former Landmarks Board
2023,Terri Brncic,e01301,person,,,False,False,False,Endorsements from Community Members
2023,Terri Brncic,e01316,person,,,False,False,False,Endorsements from Community Members
2023,Terri Brncic,e01321,person,,,False,False,False,Endorsements from Community Members
2023,Terri Brncic,e01323,person,,,False,False,False,Endorsements from Community Members
2023,Terri Brncic,e01331,person,,,False,False,False,Endorsements from Community Members
2023,Terri Brncic,e01359,person,,,False,False,False,Endorsements from Community Leaders
2023,Terri Brncic,e01359,person,,,False,False,False,Endorsements from Community Leaders
2023,Terri Brncic,e01364,person,,,False,False,False,Endorsements from Community Leaders
2023,Terri Brncic,e01367,person,,,False,False,False,Endorsements from Community Members
2023,Terri Brncic,e01372,person,,,False,False,False,Endorsements from Community Members
2023,Terri Brncic,e01391,person,,,False,False,False,Endorsements from Community Leaders
2023,Terri Brncic,e01398,person,,,False,False,True,Endorsements from Community Leaders
2023,Terri Brncic,e01439,person,,,False,False,False,Endorsements from Community Members
2023,Terri Brncic,e01445,person,,,False,False,False,Endorsements from Community Members
2023,Terri Brncic,e01461,person,,,False,False,False,Endorsements from Community Members
2023,Terri Brncic,e01474,person,,,False,False,False,Endorsements from Community Members
2023,Terri Brncic,e01477,person,,,False,False,False,Endorsements from Community Members
2023,Terri Brncic,e01521,person,,,False,False,False,Endorsements from Community Members
2023,Terri Brncic,e01526,person,,,False,False,False,Endorsements from Community Members
2023,Terri Brncic,e01543,person,,,False,False,False,Endorsements from Community Members
2023,Terri Brncic,e01559,person,,,False,False,False,Endorsements from Community Members
2023,Terri Brncic,e01562,person,,,False,False,True,Endorsements from Community Leaders
2023,Terri Brncic,e01577,person,,,False,False,False,Endorsements from Community Members
2023,Terri Brncic,e01581,person,,,False,False,False,Endorsements from Community Members
2023,Terri Brncic,e01583,person,,,False,False,False,Endorsements from Community Members
2023,Terri Brncic,e01606,person,,,False,False,False,Endorsements from Community Members
2023,Terri Brncic,e01609,person,,,False,False,False,Endorsements from Community Members
2023,Terri Brncic,e01619,person,,,False,False,False,Endorsements from Community Members
2023,Terri Brncic,e01630,person,,,False,False,False,Endorsements from Community Members
2023,Terri Brncic,e01641,person,,,False,False,False,Endorsements from Community Members
2023,Terri Brncic,e01652,person,,,False,False,False,Endorsements from Community Members
2023,Terri Brncic,e01654,person,,,False,False,False,Endorsements from Community Members
2023,Terri Brncic,e01659,person,,former,False,True,False,Endorsements from Current and Former Elected Officials
2023,Terri Brncic,e01664,person,,,False,False,False,Endorsements from Community Members
2023,Terri Brncic,e01670,person,,former,True,True,False,Endorsements from Current and Former Elected Officials
2023,Terri Brncic,e01672,person,,,False,False,False,Endorsements from Community Members
2023,Terri Brncic,e01676,person,,,False,False,False,Endorsements from Community Members
2023,Terri Brncic,e01688,person,,,False,False,False,Endorsements from Community Members
2023,Terri Brncic,e01689,person,,,False,False,False,Endorsements from Community Members
2023,Terri Brncic,e01693,person,,,False,False,False,Endorsements from Community Members
2023,Terri Brncic,e01696,person,,,False,False,False,Endorsements from Community Members
2023,Terri Brncic,e01765,person,,,False,False,False,Endorsements from Community Leaders
2023,Terri Brncic,e01773,person,,,False,False,False,Endorsements from Community Members
2023,Terri Brncic,e01774,person,,,False,False,False,Endorsements from Community Members
2023,Terri Brncic,e01782,person,,,False,False,False,Endorsements from Community Members
2023,Terri Brncic,e01783,person,,,False,False,False,Endorsements from Community Members
2023,Terri Brncic,e01799,person,,,False,False,False,Endorsements from Community Members
2023,Terri Brncic,e01801,person,,,False,False,False,Endorsements from Community Members
2023,Terri Brncic,e01809,person,,former,True,True,False,Endorsements from Current and Former Elected Officials
2023,Terri Brncic,e01826,person,,,False,False,False,Endorsements from Community Members
2023,Terri Brncic,e01830,person,,,False,False,False,Endorsements from Community Members
2023,Terri Brncic,e01837,person,,,False,False,False,Endorsements from Community Members
2023,Terri Brncic,e01842,person,,,False,False,False,Endorsements from Community Members
2023,Terri Brncic,e01848,person,,,False,False,False,Endorsements from Community Members
2023,Terri Brncic,org:former-boulder-housing-partners,organization,advocacy,current,False,False,False,Endorsements from Community Leaders
2025,Jennifer Robins,e00011,person,,,False,False,False,Katie Burgin
2025,Jennifer Robins,e00049,person,,former,True,True,False,Sam Weaver
2025,Jennifer Robins,e00079,person,,,False,False,False,Mark Crawford
2025,Jennifer Robins,e00109,person,,,False,False,False,Karen Sandburg
2025,Jennifer Robins,e00109,person,,,False,False,False,Karen Sandburg
2025,Jennifer Robins,e00139,person,,,False,False,False,Jennifer Gallagher
2025,Jennifer Robins,e00234,person,,,False,False,False,Tyler Larson
2025,Jennifer Robins,e00254,person,,,False,False,False,Stacy Farrell
2025,Jennifer Robins,e00272,person,,,False,False,False,Miriam Sproul
2025,Jennifer Robins,e00284,person,,,False,False,False,Cassie Goldfine
2025,Jennifer Robins,e00295,person,,current,True,True,False,Mark Wallach
2025,Jennifer Robins,e00296,person,,,False,False,False,Lisa Short
2025,Jennifer Robins,e00299,person,,,False,False,False,Lisa Chung
2025,Jennifer Robins,e00302,person,,,False,False,False,Matt Wade
2025,Jennifer Robins,e00316,person,,,False,False,False,Kate Lacroix
2025,Jennifer Robins,e00330,person,,,False,False,False,Ken Gross
2025,Jennifer Robins,e00431,person,,,False,False,False,Hernán Villanueva
2025,Jennifer Robins,e00484,person,,,False,False,False,Richard Monje
2025,Jennifer Robins,e00496,person,,,False,False,False,Nancy Kornblum
2025,Jennifer Robins,e00500,person,,,False,False,False,Ben Gottlieb
2025,Jennifer Robins,e00528,person,,,False,False,False,Jeff Goldfine
2025,Jennifer Robins,e00541,person,,,False,False,False,Hernán Villanueva
2025,Jennifer Robins,e00562,person,,,False,False,False,Michelene Polk
2025,Jennifer Robins,e00571,person,,,False,False,False,Connie Sluski
2025,Jennifer Robins,e00596,person,,,False,False,False,Rob Livingston
2025,Jennifer Robins,e00618,person,,,False,False,False,Kelly Nosik
2025,Jennifer Robins,e00687,person,,,False,False,False,Katy Yates
2025,Jennifer Robins,e00717,person,,,False,False,True,Hernán Villanueva
2025,Jennifer Robins,e00738,person,,,False,False,False,Clark Jackson
2025,Jennifer Robins,e00743,person,,,False,False,False,Michelle Simon Livingston
2025,Jennifer Robins,e00794,person,,,False,False,False,Mike Mullaney
2025,Jennifer Robins,e00795,person,,,False,False,False,Rene Steinkellner
2025,Jennifer Robins,e00814,person,,,False,False,False,Caroline Walker
2025,Jennifer Robins,e00893,person,,,False,False,False,Jenna Harrison
2025,Jennifer Robins,e00902,person,,,False,False,False,Thom Mruz
2025,Jennifer Robins,e00921,person,,,True,True,True,Bill Rigler
2025,Jennifer Robins,e00943,person,,,False,False,False,Brian Posen
2025,Jennifer Robins,e00979,person,,,False,False,False,Bob Baskerville
2025,Jennifer Robins,e00994,person,,,False,False,False,George Rosner
2025,Jennifer Robins,e01017,person,,,False,False,False,Jean Friedberg
2025,Jennifer Robins,e01022,person,,,False,False,False,Jamie Slade
2025,Jennifer Robins,e01073,person,,,False,False,False,David Mehrman
2025,Jennifer Robins,e01260,person,,,False,False,False,Leslie Chandler
2025,Jennifer Robins,e01313,person,,,False,False,False,Nancy Travis
2025,Jennifer Robins,e01338,person,,,False,False,True,Karen Hollweg
2025,Jennifer Robins,e01364,person,,,False,False,False,Stephen Tebo
2025,Jennifer Robins,e01371,person,,,False,False,False,Matt Johnson
2025,Jennifer Robins,e01380,person,,former,True,True,False,George Karakehian
2025,Jennifer Robins,e01386,person,,,False,False,False,Susan Tremko
2025,Jennifer Robins,e01398,person,,,False,False,True,John Spitzer
2025,Jennifer Robins,e01411,person,,,False,False,False,Bob Burgin
2025,Jennifer Robins,e01458,person,,,False,False,False,Bob Baber
2025,Jennifer Robins,e01470,person,,,False,False,False,Krissy Viox
2025,Jennifer Robins,e01554,person,,,False,False,False,Ben Meyers
2025,Jennifer Robins,e01562,person,,,False,False,True,Michael T. Christy
2025,Jennifer Robins,e01609,person,,,False,False,False,Marina Bernstein
2025,Jennifer Robins,e01641,person,,,False,False,False,Jeffrey Flynn
2025,Jennifer Robins,e01670,person,,former,True,True,False,Crystal Gray
2025,Jennifer Robins,e01690,person,,,False,False,False,Christopher Dilillo
2025,Jennifer Robins,e01757,person,,,False,False,False,Ryan Baehr
2025,Jennifer Robins,e01766,person,,,False,False,False,Abby Golec
2025,Jennifer Robins,e01769,person,,,False,False,False,Del Feltz
2025,Jennifer Robins,e01773,person,,,False,False,False,Lyra Mayfield
2025,Jennifer Robins,e01786,person,,,False,False,False,Aaron Hughes
2025,Jennifer Robins,e01821,person,,,False,False,False,Hernán Villanueva
2025,Jennifer Robins,e01830,person,,,False,False,False,Steve Lynton
2025,Jennifer Robins,e01840,person,,,False,False,False,Alex Burns
2025,Jennifer Robins,org:we-need-her-voice-on-council,organization,advocacy,,False,False,False,Hernán Villanueva
2025,Lauren Folkerts,e00303,person,,,False,False,False,Equitable Climate Adaptation & Community Resilience
2025,Lauren Folkerts,e00811,person,,,False,False,False,Upcoming Events
2025,Lauren Folkerts,e01337,person,,,False,False,False,Voting Info
2025,Mark Wallach,e00001,person,,,False,False,True,some of my enthusiastic supporters
2025,Mark Wallach,e00037,person,,,False,False,False,some of my enthusiastic supporters
2025,Mark Wallach,e00044,person,,,False,False,False,some of my enthusiastic supporters
2025,Mark Wallach,e00049,person,,former,True,True,False,some of my enthusiastic supporters
2025,Mark Wallach,e00054,person,,,False,False,True,some of my enthusiastic supporters
2025,Mark Wallach,e00058,person,,,False,False,False,some of my enthusiastic supporters
2025,Mark Wallach,e00058,person,,,False,False,False,some of my enthusiastic supporters
2025,Mark Wallach,e00080,person,,former,False,True,False,some of my enthusiastic supporters
2025,Mark Wallach,e00082,person,,,False,False,False,some of my enthusiastic supporters
2025,Mark Wallach,e00084,person,,,False,False,False,some of my enthusiastic supporters
2025,Mark Wallach,e00092,person,,,False,False,False,some of my enthusiastic supporters
2025,Mark Wallach,e00114,person,,,False,False,False,some of my enthusiastic supporters
2025,Mark Wallach,e00116,person,,,False,False,False,some of my enthusiastic supporters
2025,Mark Wallach,e00129,person,,,False,False,False,some of my enthusiastic supporters
2025,Mark Wallach,e00142,person,,,False,False,False,some of my enthusiastic supporters
2025,Mark Wallach,e00142,person,,,False,False,False,some of my enthusiastic supporters
2025,Mark Wallach,e00149,person,,,False,False,False,some of my enthusiastic supporters
2025,Mark Wallach,e00159,person,,,False,False,False,some of my enthusiastic supporters
2025,Mark Wallach,e00194,person,,,False,False,False,some of my enthusiastic supporters
2025,Mark Wallach,e00208,person,,,False,False,False,some of my enthusiastic supporters
2025,Mark Wallach,e00214,person,,current,True,True,False,some of my enthusiastic supporters
2025,Mark Wallach,e00214,person,,current,True,True,False,some of my enthusiastic supporters
2025,Mark Wallach,e00225,person,,,False,False,True,some of my enthusiastic supporters
2025,Mark Wallach,e00235,person,,,False,False,False,some of my enthusiastic supporters
2025,Mark Wallach,e00256,person,,,False,False,False,some of my enthusiastic supporters
2025,Mark Wallach,e00260,person,,,False,False,False,some of my enthusiastic supporters
2025,Mark Wallach,e00263,person,,,False,False,False,some of my enthusiastic supporters
2025,Mark Wallach,e00274,person,,current,True,True,False,some of my enthusiastic supporters
2025,Mark Wallach,e00279,person,,,False,False,False,some of my enthusiastic supporters
2025,Mark Wallach,e00282,person,,current,False,True,True,some of my enthusiastic supporters
2025,Mark Wallach,e00288,person,,,False,False,False,some of my enthusiastic supporters
2025,Mark Wallach,e00291,person,,,False,False,False,some of my enthusiastic supporters
2025,Mark Wallach,e00293,person,,,False,False,False,some of my enthusiastic supporters
2025,Mark Wallach,e00301,person,,former,True,True,False,some of my enthusiastic supporters
2025,Mark Wallach,e00306,person,,,False,False,False,some of my enthusiastic supporters
2025,Mark Wallach,e00316,person,,,False,False,False,some of my enthusiastic supporters
2025,Mark Wallach,e00323,person,,,True,True,False,some of my enthusiastic supporters
2025,Mark Wallach,e00325,person,,,False,False,False,some of my enthusiastic supporters
2025,Mark Wallach,e00330,person,,,False,False,False,some of my enthusiastic supporters
2025,Mark Wallach,e00342,person,,,False,False,False,some of my enthusiastic supporters
2025,Mark Wallach,e00353,person,,,False,False,False,some of my enthusiastic supporters
2025,Mark Wallach,e00357,person,,,False,False,False,some of my enthusiastic supporters
2025,Mark Wallach,e00361,person,,,False,False,False,some of my enthusiastic supporters
2025,Mark Wallach,e00365,person,,,False,False,False,some of my enthusiastic supporters
2025,Mark Wallach,e00378,person,,,False,False,False,some of my enthusiastic supporters
2025,Mark Wallach,e00379,person,,,False,False,False,some of my enthusiastic supporters
2025,Mark Wallach,e00389,person,,former,True,True,False,some of my enthusiastic supporters
2025,Mark Wallach,e00389,person,,former,True,True,False,some of my enthusiastic supporters
2025,Mark Wallach,e00400,person,,,False,False,False,some of my enthusiastic supporters
2025,Mark Wallach,e00403,person,,,False,False,False,some of my enthusiastic supporters
2025,Mark Wallach,e00408,person,,,False,False,False,some of my enthusiastic supporters
2025,Mark Wallach,e00409,person,,,False,False,False,some of my enthusiastic supporters
2025,Mark Wallach,e00414,person,,,False,False,False,some of my enthusiastic supporters
2025,Mark Wallach,e00431,person,,,False,False,False,some of my enthusiastic supporters
2025,Mark Wallach,e00441,person,,former,True,True,False,some of my enthusiastic supporters
2025,Mark Wallach,e00446,person,,,False,False,False,some of my enthusiastic supporters
2025,Mark Wallach,e00456,person,,,False,False,False,some of my enthusiastic supporters
2025,Mark Wallach,e00479,person,,,False,False,False,some of my enthusiastic supporters
2025,Mark Wallach,e00494,person,,,False,False,False,some of my enthusiastic supporters
2025,Mark Wallach,e00496,person,,,False,False,False,some of my enthusiastic supporters
2025,Mark Wallach,e00507,person,,,False,False,False,some of my enthusiastic supporters
2025,Mark Wallach,e00509,person,,former,True,True,False,some of my enthusiastic supporters
2025,Mark Wallach,e00509,person,,former,True,True,False,some of my enthusiastic supporters
2025,Mark Wallach,e00510,person,,,False,False,False,some of my enthusiastic supporters
2025,Mark Wallach,e00533,person,,current,False,True,False,some of my enthusiastic supporters
2025,Mark Wallach,e00537,person,,,False,True,False,some of my enthusiastic supporters
2025,Mark Wallach,e00551,person,,current,True,True,False,some of my enthusiastic supporters
2025,Mark Wallach,e00558,person,,,False,False,False,some of my enthusiastic supporters
2025,Mark Wallach,e00601,person,,,False,False,False,some of my enthusiastic supporters
2025,Mark Wallach,e00610,person,,,False,False,False,some of my enthusiastic supporters
2025,Mark Wallach,e00621,person,,,False,False,False,some of my enthusiastic supporters
2025,Mark Wallach,e00630,person,,,False,False,False,some of my enthusiastic supporters
2025,Mark Wallach,e00644,person,,,False,False,False,some of my enthusiastic supporters
2025,Mark Wallach,e00649,person,,,False,False,False,some of my enthusiastic supporters
2025,Mark Wallach,e00658,person,,former,True,True,False,some of my enthusiastic supporters
2025,Mark Wallach,e00663,person,,,False,False,False,some of my enthusiastic supporters
2025,Mark Wallach,e00665,person,,,False,False,False,some of my enthusiastic supporters
2025,Mark Wallach,e00671,person,,,False,False,True,some of my enthusiastic supporters
2025,Mark Wallach,e00703,person,,,False,False,False,some of my enthusiastic supporters
2025,Mark Wallach,e00711,person,,,False,False,False,some of my enthusiastic supporters
2025,Mark Wallach,e00712,person,,,False,False,False,some of my enthusiastic supporters
2025,Mark Wallach,e00717,person,,,False,False,True,some of my enthusiastic supporters
2025,Mark Wallach,e00717,person,,,False,False,True,some of my enthusiastic supporters
2025,Mark Wallach,e00725,person,,,False,False,False,some of my enthusiastic supporters
2025,Mark Wallach,e00726,person,,former,False,True,False,some of my enthusiastic supporters
2025,Mark Wallach,e00732,person,,,False,False,False,some of my enthusiastic supporters
2025,Mark Wallach,e00765,person,,,False,False,False,some of my enthusiastic supporters
2025,Mark Wallach,e00777,person,,,False,False,False,some of my enthusiastic supporters
2025,Mark Wallach,e00780,person,,,False,False,False,some of my enthusiastic supporters
2025,Mark Wallach,e00782,person,,,False,False,False,some of my enthusiastic supporters
2025,Mark Wallach,e00804,person,,,False,False,False,some of my enthusiastic supporters
2025,Mark Wallach,e00809,person,,former,True,True,False,some of my enthusiastic supporters
2025,Mark Wallach,e00827,person,,,False,False,False,some of my enthusiastic supporters
2025,Mark Wallach,e00831,person,,current,True,True,False,some of my enthusiastic supporters
2025,Mark Wallach,e00835,person,,,False,False,False,some of my enthusiastic supporters
2025,Mark Wallach,e00839,person,,former,True,True,False,some of my enthusiastic supporters
2025,Mark Wallach,e00839,person,,former,True,True,False,some of my enthusiastic supporters
2025,Mark Wallach,e00840,person,,current,True,True,False,some of my enthusiastic supporters
2025,Mark Wallach,e00850,person,,,False,False,False,some of my enthusiastic supporters
2025,Mark Wallach,e00851,person,,former,True,True,False,some of my enthusiastic supporters
2025,Mark Wallach,e00865,person,,,False,False,False,some of my enthusiastic supporters
2025,Mark Wallach,e00871,person,,,False,False,True,some of my enthusiastic supporters
2025,Mark Wallach,e00872,person,,,False,False,False,some of my enthusiastic supporters
2025,Mark Wallach,e00917,person,,,False,False,False,some of my enthusiastic supporters
2025,Mark Wallach,e00922,person,,,False,False,True,some of my enthusiastic supporters
2025,Mark Wallach,e00925,person,,,False,False,False,some of my enthusiastic supporters
2025,Mark Wallach,e00938,person,,,False,False,False,some of my enthusiastic supporters
2025,Mark Wallach,e00942,person,,,False,False,False,some of my enthusiastic supporters
2025,Mark Wallach,e00943,person,,,False,False,False,some of my enthusiastic supporters
2025,Mark Wallach,e00955,person,,,False,False,False,some of my enthusiastic supporters
2025,Mark Wallach,e00960,person,,,False,False,False,some of my enthusiastic supporters
2025,Mark Wallach,e00978,person,,,False,False,False,some of my enthusiastic supporters
2025,Mark Wallach,e00979,person,,,False,False,False,some of my enthusiastic supporters
2025,Mark Wallach,e00980,person,,current,False,True,False,some of my enthusiastic supporters
2025,Mark Wallach,e00987,person,,,False,False,True,some of my enthusiastic supporters
2025,Mark Wallach,e00991,person,,,False,False,False,some of my enthusiastic supporters
2025,Mark Wallach,e00995,person,,,False,False,False,some of my enthusiastic supporters
2025,Mark Wallach,e00997,person,,,False,False,False,some of my enthusiastic supporters
2025,Mark Wallach,e01046,person,,,False,False,True,some of my enthusiastic supporters
2025,Mark Wallach,e01087,person,,,False,False,True,some of my enthusiastic supporters
2025,Mark Wallach,e01101,person,,former,True,True,False,some of my enthusiastic supporters
2025,Mark Wallach,e01103,person,,,False,False,False,some of my enthusiastic supporters
2025,Mark Wallach,e01118,person,,,False,False,False,some of my enthusiastic supporters
2025,Mark Wallach,e01131,person,,,False,False,False,some of my enthusiastic supporters
2025,Mark Wallach,e01134,person,,,False,False,False,some of my enthusiastic supporters
2025,Mark Wallach,e01136,person,,,False,False,False,some of my enthusiastic supporters
2025,Mark Wallach,e01141,person,,,False,False,True,some of my enthusiastic supporters
2025,Mark Wallach,e01147,person,,,False,False,False,some of my enthusiastic supporters
2025,Mark Wallach,e01158,person,,former,False,False,False,some of my enthusiastic supporters
2025,Mark Wallach,e01165,person,,,False,False,False,some of my enthusiastic supporters
2025,Mark Wallach,e01187,person,,,False,False,False,some of my enthusiastic supporters
2025,Mark Wallach,e01196,person,,,False,False,False,some of my enthusiastic supporters
2025,Mark Wallach,e01252,person,,,False,False,True,some of my enthusiastic supporters
2025,Mark Wallach,e01260,person,,,False,False,False,some of my enthusiastic supporters
2025,Mark Wallach,e01273,person,,,False,False,False,some of my enthusiastic supporters
2025,Mark Wallach,e01273,person,,,False,False,False,some of my enthusiastic supporters
2025,Mark Wallach,e01283,person,,,False,False,False,some of my enthusiastic supporters
2025,Mark Wallach,e01288,person,,,False,False,False,some of my enthusiastic supporters
2025,Mark Wallach,e01316,person,,,False,False,False,some of my enthusiastic supporters
2025,Mark Wallach,e01319,person,,,False,False,False,some of my enthusiastic supporters
2025,Mark Wallach,e01326,person,,,False,False,False,some of my enthusiastic supporters
2025,Mark Wallach,e01329,person,,,False,False,False,some of my enthusiastic supporters
2025,Mark Wallach,e01338,person,,,False,False,True,some of my enthusiastic supporters
2025,Mark Wallach,e01339,person,,current,False,False,False,some of my enthusiastic supporters
2025,Mark Wallach,e01339,person,,current,False,False,False,some of my enthusiastic supporters
2025,Mark Wallach,e01346,person,,,False,False,False,some of my enthusiastic supporters
2025,Mark Wallach,e01349,person,,,False,False,False,some of my enthusiastic supporters
2025,Mark Wallach,e01359,person,,,False,False,False,some of my enthusiastic supporters
2025,Mark Wallach,e01372,person,,,False,False,False,some of my enthusiastic supporters
2025,Mark Wallach,e01373,person,,,False,False,False,some of my enthusiastic supporters
2025,Mark Wallach,e01378,person,,,False,False,False,some of my enthusiastic supporters
2025,Mark Wallach,e01380,person,,current,True,True,False,some of my enthusiastic supporters
2025,Mark Wallach,e01396,person,,,False,False,False,some of my enthusiastic supporters
2025,Mark Wallach,e01398,person,,,False,False,True,some of my enthusiastic supporters
2025,Mark Wallach,e01416,person,,,False,False,False,some of my enthusiastic supporters
2025,Mark Wallach,e01442,person,,,False,True,True,some of my enthusiastic supporters
2025,Mark Wallach,e01454,person,,,False,False,True,some of my enthusiastic supporters
2025,Mark Wallach,e01457,person,,,False,False,False,some of my enthusiastic supporters
2025,Mark Wallach,e01471,person,,,False,False,False,some of my enthusiastic supporters
2025,Mark Wallach,e01472,person,,,False,False,True,some of my enthusiastic supporters
2025,Mark Wallach,e01473,person,,,False,False,False,some of my enthusiastic supporters
2025,Mark Wallach,e01489,person,,,False,False,False,some of my enthusiastic supporters
2025,Mark Wallach,e01504,person,,,False,True,False,some of my enthusiastic supporters
2025,Mark Wallach,e01504,person,,former,False,True,False,some of my enthusiastic supporters
2025,Mark Wallach,e01507,person,,,False,False,False,some of my enthusiastic supporters
2025,Mark Wallach,e01516,person,,,False,False,False,some of my enthusiastic supporters
2025,Mark Wallach,e01520,person,,,False,False,False,some of my enthusiastic supporters
2025,Mark Wallach,e01522,person,,,False,False,False,some of my enthusiastic supporters
2025,Mark Wallach,e01529,person,,,False,False,False,some of my enthusiastic supporters
2025,Mark Wallach,e01543,person,,,False,False,False,some of my enthusiastic supporters
2025,Mark Wallach,e01546,person,,,False,False,False,some of my enthusiastic supporters
2025,Mark Wallach,e01562,person,,,False,False,True,some of my enthusiastic supporters
2025,Mark Wallach,e01574,person,,,True,True,False,some of my enthusiastic supporters
2025,Mark Wallach,e01576,person,,,False,False,False,some of my enthusiastic supporters
2025,Mark Wallach,e01577,person,,,False,False,False,some of my enthusiastic supporters
2025,Mark Wallach,e01623,person,,,False,False,False,some of my enthusiastic supporters
2025,Mark Wallach,e01628,person,,,False,False,False,some of my enthusiastic supporters
2025,Mark Wallach,e01649,person,,current,False,True,False,some of my enthusiastic supporters
2025,Mark Wallach,e01659,person,,former,False,True,False,some of my enthusiastic supporters
2025,Mark Wallach,e01670,person,,former,True,True,False,some of my enthusiastic supporters
2025,Mark Wallach,e01673,person,,,False,False,False,some of my enthusiastic supporters
2025,Mark Wallach,e01678,person,,,False,False,False,some of my enthusiastic supporters
2025,Mark Wallach,e01701,person,,,False,False,False,some of my enthusiastic supporters
2025,Mark Wallach,e01713,person,,,False,False,False,some of my enthusiastic supporters
2025,Mark Wallach,e01718,person,,,False,False,False,some of my enthusiastic supporters
2025,Mark Wallach,e01724,person,,,False,False,False,some of my enthusiastic supporters
2025,Mark Wallach,e01731,person,,,False,False,False,some of my enthusiastic supporters
2025,Mark Wallach,e01773,person,,,False,False,False,some of my enthusiastic supporters
2025,Mark Wallach,e01774,person,,,False,False,False,some of my enthusiastic supporters
2025,Mark Wallach,e01785,person,,,False,False,False,some of my enthusiastic supporters
2025,Mark Wallach,e01809,person,,former,True,True,False,some of my enthusiastic supporters
2025,Mark Wallach,e01845,person,,former,True,True,False,some of my enthusiastic supporters
2025,Matt Benjamin,e00009,person,,,False,False,False,Notable Community Members
2025,Matt Benjamin,e00009,person,,,False,False,False,Notable Community Members
2025,Matt Benjamin,e00010,person,,current,True,True,False,Endorsements from Current & Former Elected Officials
2025,Matt Benjamin,e00014,person,,,False,False,False,Notable Community Members
2025,Matt Benjamin,e00025,person,,,False,False,False,Notable Community Members
2025,Matt Benjamin,e00038,person,,,False,False,True,Notable Community Members
2025,Matt Benjamin,e00038,person,,,False,False,True,Notable Community Members
2025,Matt Benjamin,e00042,person,,,False,False,False,Notable Community Members
2025,Matt Benjamin,e00043,person,,former,True,True,False,Endorsements from Current & Former Elected Officials
2025,Matt Benjamin,e00043,person,,former,True,True,False,Endorsements from Current & Former Elected Officials
2025,Matt Benjamin,e00045,person,,,False,False,True,Notable Community Members
2025,Matt Benjamin,e00045,person,,,False,False,True,Notable Community Members
2025,Matt Benjamin,e00045,person,,,False,False,True,Notable Community Members
2025,Matt Benjamin,e00046,person,,,False,False,False,Notable Community Members
2025,Matt Benjamin,e00049,person,,former,True,True,False,Endorsements from Current & Former Elected Officials
2025,Matt Benjamin,e00071,person,,,False,False,False,Notable Community Members
2025,Matt Benjamin,e00083,person,,,False,False,False,Notable Community Members
2025,Matt Benjamin,e00089,person,,,False,False,False,Notable Community Members
2025,Matt Benjamin,e00101,person,,,False,False,False,Notable Community Members
2025,Matt Benjamin,e00112,person,,,False,False,False,Notable Community Members
2025,Matt Benjamin,e00124,person,,,False,False,False,Notable Community Members
2025,Matt Benjamin,e00151,person,,,False,False,False,Notable Community Members
2025,Matt Benjamin,e00158,person,,,False,False,False,Notable Community Members
2025,Matt Benjamin,e00159,person,,,False,False,False,Notable Community Members
2025,Matt Benjamin,e00159,person,,,False,False,False,Notable Community Members
2025,Matt Benjamin,e00159,person,,,False,False,False,Notable Community Members
2025,Matt Benjamin,e00162,person,,,False,False,False,Notable Community Members
2025,Matt Benjamin,e00178,person,,former,False,True,False,Endorsements from Current & Former Elected Officials
2025,Matt Benjamin,e00180,person,,,False,False,True,Notable Community Members
2025,Matt Benjamin,e00201,person,,,False,False,False,Notable Community Members
2025,Matt Benjamin,e00210,person,,,False,False,False,Notable Community Members
2025,Matt Benjamin,e00214,person,,current,True,True,False,Endorsements from Current & Former Elected Officials
2025,Matt Benjamin,e00221,person,,,False,False,False,Notable Community Members
2025,Matt Benjamin,e00224,person,,,False,False,False,Notable Community Members
2025,Matt Benjamin,e00232,person,,,False,False,True,Harmon Zuckerman - Former Chair of Planning Board
2025,Matt Benjamin,e00232,person,,,False,False,True,Harmon Zuckerman - Former Chair of Planning Board
2025,Matt Benjamin,e00232,person,,,False,False,True,Notable Community Members
2025,Matt Benjamin,e00258,person,,,False,False,False,Notable Community Members
2025,Matt Benjamin,e00274,person,,current,True,True,False,Endorsements from Current & Former Elected Officials
2025,Matt Benjamin,e00274,person,,current,True,True,False,Endorsements from Current & Former Elected Officials
2025,Matt Benjamin,e00274,person,,current,True,True,False,Endorsements from Current & Former Elected Officials
2025,Matt Benjamin,e00282,person,,current,False,True,True,Endorsements from Current & Former Elected Officials
2025,Matt Benjamin,e00289,person,,,False,False,True,Notable Community Members
2025,Matt Benjamin,e00289,person,,,False,False,True,Notable Community Members
2025,Matt Benjamin,e00289,person,,,False,False,True,Notable Community Members
2025,Matt Benjamin,e00295,person,,current,True,True,False,Endorsements from Current & Former Elected Officials
2025,Matt Benjamin,e00297,person,,,False,False,False,Notable Community Members
2025,Matt Benjamin,e00300,person,,,False,False,False,Notable Community Members
2025,Matt Benjamin,e00323,person,,current,True,True,False,Notable Community Members
2025,Matt Benjamin,e00330,person,,,False,False,False,Notable Community Members
2025,Matt Benjamin,e00331,person,,,False,False,False,Notable Community Members
2025,Matt Benjamin,e00331,person,,,False,False,False,Notable Community Members
2025,Matt Benjamin,e00348,person,,,False,False,False,Notable Community Members
2025,Matt Benjamin,e00357,person,,,False,False,False,Notable Community Members
2025,Matt Benjamin,e00367,person,,former,False,True,False,Endorsements from Current & Former Elected Officials
2025,Matt Benjamin,e00368,person,,,False,False,False,Notable Community Members
2025,Matt Benjamin,e00374,person,,,False,False,False,Notable Community Members
2025,Matt Benjamin,e00389,person,,former,True,True,False,Endorsements from Current & Former Elected Officials
2025,Matt Benjamin,e00389,person,,former,True,True,False,Endorsements from Current & Former Elected Officials
2025,Matt Benjamin,e00389,person,,former,True,True,False,Endorsements from Current & Former Elected Officials
2025,Matt Benjamin,e00396,person,,,False,False,False,Notable Community Members
2025,Matt Benjamin,e00396,person,,,False,False,False,Notable Community Members
2025,Matt Benjamin,e00396,person,,,False,False,False,Notable Community Members
2025,Matt Benjamin,e00406,person,,,False,False,False,Notable Community Members
2025,Matt Benjamin,e00438,person,,,False,False,False,Notable Community Members
2025,Matt Benjamin,e00495,person,,,True,True,False,Notable Community Members
2025,Matt Benjamin,e00508,person,,,False,False,False,Notable Community Members
2025,Matt Benjamin,e00508,person,,,False,False,False,Notable Community Members
2025,Matt Benjamin,e00509,person,,current,True,True,False,Endorsements from Current & Former Elected Officials
2025,Matt Benjamin,e00509,person,,current,True,True,False,Endorsements from Current & Former Elected Officials
2025,Matt Benjamin,e00509,person,,former,True,True,False,Endorsements from Current & Former Elected Officials
2025,Matt Benjamin,e00513,person,,,False,False,False,Notable Community Members
2025,Matt Benjamin,e00525,person,,,False,False,False,Notable Community Members
2025,Matt Benjamin,e00533,person,,current,False,True,False,Endorsements from Current & Former Elected Officials
2025,Matt Benjamin,e00534,person,,former,True,True,False,Endorsements from Current & Former Elected Officials
2025,Matt Benjamin,e00534,person,,former,True,True,False,Endorsements from Current & Former Elected Officials
2025,Matt Benjamin,e00537,person,,current,False,True,False,Endorsements from Current & Former Elected Officials
2025,Matt Benjamin,e00542,person,,current,False,True,False,Endorsements from Current & Former Elected Officials
2025,Matt Benjamin,e00545,person,,current,False,True,False,Endorsements from Current & Former Elected Officials
2025,Matt Benjamin,e00545,person,,current,False,True,False,Endorsements from Current & Former Elected Officials
2025,Matt Benjamin,e00545,person,,current,False,True,False,Endorsements from Current & Former Elected Officials
2025,Matt Benjamin,e00551,person,,current,True,True,False,Endorsements from Current & Former Elected Officials
2025,Matt Benjamin,e00572,person,,,False,False,False,Notable Community Members
2025,Matt Benjamin,e00583,person,,,False,False,False,Notable Community Members
2025,Matt Benjamin,e00616,person,,former,True,True,False,Endorsements from Current & Former Elected Officials
2025,Matt Benjamin,e00616,person,,former,True,True,False,Endorsements from Current & Former Elected Officials
2025,Matt Benjamin,e00616,person,,former,True,True,False,Endorsements from Current & Former Elected Officials
2025,Matt Benjamin,e00646,person,,,False,False,False,Notable Community Members
2025,Matt Benjamin,e00660,person,,,False,False,False,Notable Community Members
2025,Matt Benjamin,e00661,person,,,False,False,False,Notable Community Members
2025,Matt Benjamin,e00666,person,,,False,False,False,Notable Community Members
2025,Matt Benjamin,e00666,person,,,False,False,False,Notable Community Members
2025,Matt Benjamin,e00666,person,,,False,False,False,Notable Community Members
2025,Matt Benjamin,e00675,person,,,False,False,False,Notable Community Members
2025,Matt Benjamin,e00686,person,,,False,False,False,Notable Community Members
2025,Matt Benjamin,e00719,person,,,False,False,False,Notable Community Members
2025,Matt Benjamin,e00722,person,,,False,False,False,Notable Community Members
2025,Matt Benjamin,e00748,person,,,False,False,False,Notable Community Members
2025,Matt Benjamin,e00752,person,,former,True,True,False,Endorsements from Current & Former Elected Officials
2025,Matt Benjamin,e00752,person,,former,True,True,False,Endorsements from Current & Former Elected Officials
2025,Matt Benjamin,e00752,person,,former,True,True,False,Endorsements from Current & Former Elected Officials
2025,Matt Benjamin,e00763,person,,,False,False,False,Notable Community Members
2025,Matt Benjamin,e00770,person,,,False,False,False,Notable Community Members
2025,Matt Benjamin,e00770,person,,,False,False,False,Notable Community Members
2025,Matt Benjamin,e00776,person,,,False,False,False,Notable Community Members
2025,Matt Benjamin,e00800,person,,former,True,True,False,Endorsements from Current & Former Elected Officials
2025,Matt Benjamin,e00800,person,,former,True,True,False,Endorsements from Current & Former Elected Officials
2025,Matt Benjamin,e00800,person,,former,True,True,False,Endorsements from Current & Former Elected Officials
2025,Matt Benjamin,e00804,person,,,False,False,False,Notable Community Members
2025,Matt Benjamin,e00804,person,,,False,False,False,Notable Community Members
2025,Matt Benjamin,e00806,person,,current,True,True,False,Endorsements from Current & Former Elected Officials
2025,Matt Benjamin,e00806,person,,current,True,True,False,Endorsements from Current & Former Elected Officials
2025,Matt Benjamin,e00816,person,,,False,False,False,Notable Community Members
2025,Matt Benjamin,e00826,person,,,False,False,False,Notable Community Members
2025,Matt Benjamin,e00828,person,,,False,False,False,Notable Community Members
2025,Matt Benjamin,e00828,person,,,False,False,False,Notable Community Members
2025,Matt Benjamin,e00837,person,,,False,False,False,Notable Community Members
2025,Matt Benjamin,e00839,person,,current,True,True,False,Bob Yates - Boulder City Council
2025,Matt Benjamin,e00839,person,,current,True,True,False,Bob Yates - Boulder City Council
2025,Matt Benjamin,e00839,person,,former,True,True,False,Bob Yates - Former Boulder City Council
2025,Matt Benjamin,e00840,person,,current,True,True,False,Endorsements from Current & Former Elected Officials
2025,Matt Benjamin,e00840,person,,current,True,True,False,Endorsements from Current & Former Elected Officials
2025,Matt Benjamin,e00840,person,,former,True,True,False,Endorsements from Current & Former Elected Officials
2025,Matt Benjamin,e00856,person,,,False,False,False,Notable Community Members
2025,Matt Benjamin,e00858,person,,,False,False,False,Notable Community Members
2025,Matt Benjamin,e00862,person,,,False,False,False,Notable Community Members
2025,Matt Benjamin,e00871,person,,,False,False,True,Notable Community Members
2025,Matt Benjamin,e00872,person,,,False,False,False,Notable Community Members
2025,Matt Benjamin,e00879,person,,,False,False,False,Notable Community Members
2025,Matt Benjamin,e00889,person,,,False,False,False,Notable Community Members
2025,Matt Benjamin,e00892,person,,,False,False,False,Notable Community Members
2025,Matt Benjamin,e00901,person,,,False,False,False,Notable Community Members
2025,Matt Benjamin,e00904,person,,,False,False,False,Notable Community Members
2025,Matt Benjamin,e00904,person,,,False,False,False,Notable Community Members
2025,Matt Benjamin,e00904,person,,,False,False,False,Notable Community Members
2025,Matt Benjamin,e00920,person,,current,True,True,False,Endorsements from Current & Former Elected Officials
2025,Matt Benjamin,e00921,person,,,True,True,True,Notable Community Members
2025,Matt Benjamin,e00921,person,,,True,True,True,Notable Community Members
2025,Matt Benjamin,e00921,person,,,True,True,True,Notable Community Members
2025,Matt Benjamin,e00928,person,,,False,False,False,Endorsements from Current & Former Elected Officials
2025,Matt Benjamin,e00935,person,,,False,False,False,Notable Community Members
2025,Matt Benjamin,e00943,person,,,False,False,False,Notable Community Members
2025,Matt Benjamin,e00953,person,,,False,False,False,Notable Community Members
2025,Matt Benjamin,e00953,person,,,False,False,False,Notable Community Members
2025,Matt Benjamin,e00957,person,,,False,False,False,Notable Community Members
2025,Matt Benjamin,e00961,person,,,False,False,False,Notable Community Members
2025,Matt Benjamin,e00962,person,,,False,False,False,Notable Community Members
2025,Matt Benjamin,e00975,person,,,False,False,False,Notable Community Members
2025,Matt Benjamin,e00979,person,,,False,False,False,Notable Community Members
2025,Matt Benjamin,e01009,person,,current,False,True,False,Notable Community Members
2025,Matt Benjamin,e01009,person,,current,False,True,False,Notable Community Members
2025,Matt Benjamin,e01014,person,,,False,False,False,Notable Community Members
2025,Matt Benjamin,e01026,person,,,False,False,False,Notable Community Members
2025,Matt Benjamin,e01064,person,,,False,False,False,Notable Community Members
2025,Matt Benjamin,e01079,person,,,False,False,False,Notable Community Members
2025,Matt Benjamin,e01087,person,,,False,False,True,Notable Community Members
2025,Matt Benjamin,e01087,person,,,False,False,True,Notable Community Members
2025,Matt Benjamin,e01087,person,,,False,False,True,Notable Community Members
2025,Matt Benjamin,e01090,person,,current,True,True,False,Endorsements from Current & Former Elected Officials
2025,Matt Benjamin,e01090,person,,current,True,True,False,Endorsements from Current & Former Elected Officials
2025,Matt Benjamin,e01090,person,,current,True,True,False,Endorsements from Current & Former Elected Officials
2025,Matt Benjamin,e01092,person,,,False,False,False,Notable Community Members
2025,Matt Benjamin,e01092,person,,,False,False,False,Notable Community Members
2025,Matt Benjamin,e01109,person,,,False,False,False,Notable Community Members
2025,Matt Benjamin,e01109,person,,,False,False,False,Notable Community Members
2025,Matt Benjamin,e01121,person,,,False,False,False,Notable Community Members
2025,Matt Benjamin,e01122,person,,,False,False,False,Notable Community Members
2025,Matt Benjamin,e01124,person,,,False,False,False,Notable Community Members
2025,Matt Benjamin,e01137,person,,,False,False,False,Notable Community Members
2025,Matt Benjamin,e01153,person,,,False,False,False,Notable Community Members
2025,Matt Benjamin,e01164,person,,,False,False,False,Notable Community Members
2025,Matt Benjamin,e01178,person,,,False,False,False,Notable Community Members
2025,Matt Benjamin,e01185,person,,current,True,True,True,Endorsements from Current & Former Elected Officials
2025,Matt Benjamin,e01191,person,,,False,False,False,Notable Community Members
2025,Matt Benjamin,e01197,person,,,False,False,False,Notable Community Members
2025,Matt Benjamin,e01204,person,,,False,False,False,Notable Community Members
2025,Matt Benjamin,e01205,person,,former,False,True,False,Endorsements from Current & Former Elected Officials
2025,Matt Benjamin,e01205,person,,former,False,True,False,Endorsements from Current & Former Elected Officials
2025,Matt Benjamin,e01205,person,,former,False,True,False,Endorsements from Current & Former Elected Officials
2025,Matt Benjamin,e01206,person,,,True,True,False,Notable Community Members
2025,Matt Benjamin,e01206,person,,,True,True,False,Notable Community Members
2025,Matt Benjamin,e01216,person,,,False,False,False,Notable Community Members
2025,Matt Benjamin,e01216,person,,,False,False,False,Notable Community Members
2025,Matt Benjamin,e01220,person,,,False,False,False,Notable Community Members
2025,Matt Benjamin,e01230,person,,,False,False,True,Notable Community Members
2025,Matt Benjamin,e01231,person,,,False,False,True,Notable Community Members
2025,Matt Benjamin,e01231,person,,,False,False,True,Notable Community Members
2025,Matt Benjamin,e01243,person,,,False,False,False,Notable Community Members
2025,Matt Benjamin,e01259,person,,,False,False,False,Notable Community Members
2025,Matt Benjamin,e01263,person,,,False,False,False,Notable Community Members
2025,Matt Benjamin,e01270,person,,,False,False,False,Notable Community Members
2025,Matt Benjamin,e01273,person,,,False,False,False,Notable Community Members
2025,Matt Benjamin,e01275,person,,,False,False,False,Notable Community Members
2025,Matt Benjamin,e01304,person,,,False,False,False,Notable Community Members
2025,Matt Benjamin,e01307,person,,,False,False,False,Notable Community Members
2025,Matt Benjamin,e01310,person,,,False,False,False,Notable Community Members
2025,Matt Benjamin,e01315,person,,,False,False,True,Notable Community Members
2025,Matt Benjamin,e01315,person,,,False,False,True,Notable Community Members
2025,Matt Benjamin,e01332,person,,,False,False,False,Notable Community Members
2025,Matt Benjamin,e01346,person,,,False,False,False,Notable Community Members
2025,Matt Benjamin,e01346,person,,,False,False,False,Notable Community Members
2025,Matt Benjamin,e01346,person,,,False,False,False,Notable Community Members
2025,Matt Benjamin,e01348,person,,,False,False,False,Notable Community Members
2025,Matt Benjamin,e01351,person,,,False,False,False,Notable Community Members
2025,Matt Benjamin,e01365,person,,,False,False,True,Notable Community Members
2025,Matt Benjamin,e01380,person,,former,True,True,False,Endorsements from Current & Former Elected Officials
2025,Matt Benjamin,e01380,person,,former,True,True,False,Endorsements from Current & Former Elected Officials
2025,Matt Benjamin,e01380,person,,former,True,True,False,Endorsements from Current & Former Elected Officials
2025,Matt Benjamin,e01422,person,,,False,False,False,Notable Community Members
2025,Matt Benjamin,e01427,person,,,False,False,False,Notable Community Members
2025,Matt Benjamin,e01440,person,,,False,False,False,Notable Community Members
2025,Matt Benjamin,e01441,person,,,False,False,False,Notable Community Members
2025,Matt Benjamin,e01442,person,,current,False,True,True,Endorsements from Current & Former Elected Officials
2025,Matt Benjamin,e01446,person,,,False,False,False,Notable Community Members
2025,Matt Benjamin,e01446,person,,,False,False,False,Notable Community Members
2025,Matt Benjamin,e01452,person,,,False,False,False,Notable Community Members
2025,Matt Benjamin,e01467,person,,,False,False,False,Notable Community Members
2025,Matt Benjamin,e01472,person,,,False,False,True,Notable Community Members
2025,Matt Benjamin,e01472,person,,,False,False,True,Notable Community Members
2025,Matt Benjamin,e01485,person,,,False,False,True,Notable Community Members
2025,Matt Benjamin,e01489,person,,,False,False,False,Notable Community Members
2025,Matt Benjamin,e01491,person,,,False,False,False,Notable Community Members
2025,Matt Benjamin,e01499,person,,,False,False,False,Notable Community Members
2025,Matt Benjamin,e01503,person,,,False,False,False,Notable Community Members
2025,Matt Benjamin,e01518,person,,,False,False,False,Notable Community Members
2025,Matt Benjamin,e01519,person,,,False,False,False,Notable Community Members
2025,Matt Benjamin,e01521,person,,,False,False,False,Notable Community Members
2025,Matt Benjamin,e01533,person,,,False,False,False,Notable Community Members
2025,Matt Benjamin,e01541,person,,,False,False,False,Notable Community Members
2025,Matt Benjamin,e01542,person,,,False,False,False,Endorsements from Groups and Organizations
2025,Matt Benjamin,e01570,person,,,False,False,False,Notable Community Members
2025,Matt Benjamin,e01574,person,,current,True,True,False,Notable Community Members
2025,Matt Benjamin,e01575,person,,,False,False,False,Notable Community Members
2025,Matt Benjamin,e01575,person,,,False,False,False,Notable Community Members
2025,Matt Benjamin,e01575,person,,,False,False,False,Notable Community Members
2025,Matt Benjamin,e01586,person,,,False,False,False,Notable Community Members
2025,Matt Benjamin,e01586,person,,,False,False,False,Notable Community Members
2025,Matt Benjamin,e01591,person,,,False,False,False,Notable Community Members
2025,Matt Benjamin,e01595,person,,,False,False,False,Notable Community Members
2025,Matt Benjamin,e01599,person,,,False,False,False,Notable Community Members
2025,Matt Benjamin,e01600,person,,,False,False,False,Notable Community Members
2025,Matt Benjamin,e01605,person,,,False,False,False,Notable Community Members
2025,Matt Benjamin,e01613,person,,,False,False,False,Notable Community Members
2025,Matt Benjamin,e01637,person,,,False,False,False,Notable Community Members
2025,Matt Benjamin,e01649,person,,current,False,True,False,Endorsements from Current & Former Elected Officials
2025,Matt Benjamin,e01649,person,,current,False,True,False,Endorsements from Current & Former Elected Officials
2025,Matt Benjamin,e01649,person,,current,False,True,False,Endorsements from Current & Former Elected Officials
2025,Matt Benjamin,e01659,person,,former,False,True,False,Endorsements from Current & Former Elected Officials
2025,Matt Benjamin,e01675,person,,,False,False,False,Notable Community Members
2025,Matt Benjamin,e01705,person,,current,False,True,False,Endorsements from Current & Former Elected Officials
2025,Matt Benjamin,e01705,person,,current,False,True,False,Endorsements from Current & Former Elected Officials
2025,Matt Benjamin,e01708,person,,,False,False,False,Notable Community Members
2025,Matt Benjamin,e01717,person,,,False,False,False,Notable Community Members
2025,Matt Benjamin,e01721,person,,,False,False,True,Notable Community Members
2025,Matt Benjamin,e01725,person,,,False,False,False,Notable Community Members
2025,Matt Benjamin,e01730,person,,,False,False,False,Notable Community Members
2025,Matt Benjamin,e01752,person,,,False,False,False,Notable Community Members
2025,Matt Benjamin,e01753,person,,,False,False,False,Notable Community Members
2025,Matt Benjamin,e01753,person,,,False,False,False,Notable Community Members
2025,Matt Benjamin,e01753,person,,,False,False,False,Notable Community Members
2025,Matt Benjamin,e01756,person,,,False,False,False,Notable Community Members
2025,Matt Benjamin,e01758,person,,,False,False,True,Notable Community Members
2025,Matt Benjamin,e01768,person,,,False,False,False,Notable Community Members
2025,Matt Benjamin,e01770,person,,former,True,True,False,Endorsements from Current & Former Elected Officials
2025,Matt Benjamin,e01770,person,,former,True,True,False,Endorsements from Current & Former Elected Officials
2025,Matt Benjamin,e01772,person,,,False,False,False,Notable Community Members
2025,Matt Benjamin,e01779,person,,,False,False,False,Notable Community Members
2025,Matt Benjamin,e01790,person,,,False,False,False,Notable Community Members
2025,Matt Benjamin,e01795,person,,,False,False,False,Notable Community Members
2025,Matt Benjamin,e01806,person,,,False,False,False,Notable Community Members
2025,Matt Benjamin,e01806,person,,,False,False,False,Notable Community Members
2025,Matt Benjamin,e01806,person,,,False,False,False,Notable Community Members
2025,Matt Benjamin,e01810,person,,,False,False,False,Notable Community Members
2025,Matt Benjamin,e01812,person,,,False,False,False,Notable Community Members
2025,Matt Benjamin,e01817,person,,,False,False,False,Notable Community Members
2025,Matt Benjamin,e01828,person,,current,True,True,False,Endorsements from Current & Former Elected Officials
2025,Matt Benjamin,e01845,person,,former,True,True,False,Endorsements from Current & Former Elected Officials
2025,Matt Benjamin,e01845,person,,former,True,True,False,Endorsements from Current & Former Elected Officials
2025,Matt Benjamin,e01845,person,,former,True,True,False,Endorsements from Current & Former Elected Officials
2025,Matt Benjamin,org:boulder-coalition,organization,coalition,,False,False,False,Boulder Coalition
2025,Matt Benjamin,org:boulder-coalition,organization,coalition,,False,False,False,Boulder Coalition
2025,Nicole Speer,e00073,person,,,False,True,False,"Jovita Schiffer, Community Leader, Columnist"
2025,Nicole Speer,e00289,person,,,False,False,True,"Joni Teter, Community Advocate"
2025,Rachel Rose Isaacson,e00619,person,,,False,False,False,Renters Rights
2025,Rachel Rose Isaacson,e00654,person,,,False,False,False,Maintaining Equitable Standards
2025,Rachel Rose Isaacson,e00688,person,,,False,False,False,Building Partnerships
2025,Rachel Rose Isaacson,e00707,person,,,False,False,False,Cultivating Meaningful Jobs & Opportunities
2025,Rob Kaplan,e00008,person,,,False,False,False,Community Endorsers
2025,Rob Kaplan,e00044,person,,,False,False,False,Community Endorsers
2025,Rob Kaplan,e00049,person,,current,True,True,False,Rob's Endorsers
2025,Rob Kaplan,e00049,person,,former,True,True,False,Rob's Endorsers
2025,Rob Kaplan,e00052,person,,,False,False,False,Community Endorsers
2025,Rob Kaplan,e00054,person,,,False,False,True,Community Endorsers
2025,Rob Kaplan,e00059,person,,,False,False,False,Community Endorsers
2025,Rob Kaplan,e00061,person,,,False,False,False,Community Endorsers
2025,Rob Kaplan,e00061,person,,,False,False,False,Lisa Kaplan
2025,Rob Kaplan,e00068,person,,,False,False,False,Community Endorsers
2025,Rob Kaplan,e00078,person,,,False,False,False,Community Endorsers
2025,Rob Kaplan,e00080,person,,,False,True,False,Rob's Endorsers
2025,Rob Kaplan,e00109,person,,,False,False,False,Community Endorsers
2025,Rob Kaplan,e00162,person,,,False,False,False,Community Endorsers
2025,Rob Kaplan,e00208,person,,,False,False,False,Community Endorsers
2025,Rob Kaplan,e00214,person,,current,True,True,False,Rob's Endorsers
2025,Rob Kaplan,e00215,person,,,False,False,False,Community Endorsers
2025,Rob Kaplan,e00251,person,,,True,True,False,Rob's Endorsers
2025,Rob Kaplan,e00251,person,,current,True,True,False,Rob's Endorsers
2025,Rob Kaplan,e00264,person,,,False,False,False,Community Endorsers
2025,Rob Kaplan,e00282,person,,current,False,True,True,Rob's Endorsers
2025,Rob Kaplan,e00293,person,,,False,False,False,Community Endorsers
2025,Rob Kaplan,e00293,person,,,False,False,False,Sonja Seitamo
2025,Rob Kaplan,e00295,person,,current,True,True,False,Rob's Endorsers
2025,Rob Kaplan,e00312,person,,,False,False,False,Community Endorsers
2025,Rob Kaplan,e00330,person,,,False,False,False,Community Endorsers
2025,Rob Kaplan,e00392,person,,,False,False,False,Community Endorsers
2025,Rob Kaplan,e00408,person,,,False,False,False,Community Endorsers
2025,Rob Kaplan,e00429,person,,,False,False,False,Community Endorsers
2025,Rob Kaplan,e00431,person,,,False,False,False,Community Endorsers
2025,Rob Kaplan,e00446,person,,,False,False,False,Community Endorsers
2025,Rob Kaplan,e00451,person,,,False,False,False,Community Endorsers
2025,Rob Kaplan,e00478,person,,,False,False,False,Community Endorsers
2025,Rob Kaplan,e00478,person,,,False,False,False,Josh Temes
2025,Rob Kaplan,e00509,person,,former,True,True,False,Rob's Endorsers
2025,Rob Kaplan,e00509,person,,former,True,True,False,Rob's Endorsers
2025,Rob Kaplan,e00526,person,,,False,False,False,Community Endorsers
2025,Rob Kaplan,e00530,person,,former,True,True,False,Community Endorsers
2025,Rob Kaplan,e00545,person,,current,False,True,False,Rob's Endorsers
2025,Rob Kaplan,e00565,person,,current,True,True,False,Rob's Endorsers
2025,Rob Kaplan,e00565,person,,former,True,True,False,Rob's Endorsers
2025,Rob Kaplan,e00565,person,,,True,True,False,Community Endorsers
2025,Rob Kaplan,e00641,person,,,False,False,False,Community Endorsers
2025,Rob Kaplan,e00641,person,,,False,False,False,Sarabeth Mitton
2025,Rob Kaplan,e00658,person,,former,True,True,False,Rob's Endorsers
2025,Rob Kaplan,e00658,person,,former,True,True,False,Rob's Endorsers
2025,Rob Kaplan,e00658,person,,former,True,True,False,Community Endorsers
2025,Rob Kaplan,e00665,person,,,False,False,False,Community Endorsers
2025,Rob Kaplan,e00731,person,,,False,False,False,Community Endorsers
2025,Rob Kaplan,e00752,person,,former,True,True,False,Rob's Endorsers
2025,Rob Kaplan,e00752,person,,former,True,True,False,Rob's Endorsers
2025,Rob Kaplan,e00752,person,,former,True,True,False,Rob's Endorsers
2025,Rob Kaplan,e00839,person,,former,True,True,False,Rob's Endorsers
2025,Rob Kaplan,e00839,person,,former,True,True,False,Rob's Endorsers
2025,Rob Kaplan,e00840,person,,current,True,True,False,Rob's Endorsers
2025,Rob Kaplan,e00840,person,,former,True,True,False,Rob's Endorsers
2025,Rob Kaplan,e00942,person,,,False,False,False,Community Endorsers
2025,Rob Kaplan,e00978,person,,,False,False,False,Community Endorsers
2025,Rob Kaplan,e00979,person,,,False,False,False,Community Endorsers
2025,Rob Kaplan,e00997,person,,,False,False,False,Community Endorsers
2025,Rob Kaplan,e01056,person,,,False,False,False,Community Endorsers
2025,Rob Kaplan,e01090,person,,current,True,True,False,Rob's Endorsers
2025,Rob Kaplan,e01094,person,,,False,False,False,Community Endorsers
2025,Rob Kaplan,e01101,person,,former,True,True,False,Rob's Endorsers
2025,Rob Kaplan,e01101,person,,former,True,True,False,Rob's Endorsers
2025,Rob Kaplan,e01101,person,,former,True,True,False,Community Endorsers
2025,Rob Kaplan,e01155,person,,,False,False,False,Community Endorsers
2025,Rob Kaplan,e01288,person,,,False,False,False,Community Endorsers
2025,Rob Kaplan,e01318,person,,,False,False,False,Community Endorsers
2025,Rob Kaplan,e01333,person,,,False,False,False,Community Endorsers
2025,Rob Kaplan,e01338,person,,,False,False,True,Community Endorsers
2025,Rob Kaplan,e01338,person,,,False,False,True,Karen Hollweg
2025,Rob Kaplan,e01356,person,,,False,False,False,Community Endorsers
2025,Rob Kaplan,e01359,person,,,False,False,False,Community Endorsers
2025,Rob Kaplan,e01373,person,,,False,False,False,Community Endorsers
2025,Rob Kaplan,e01398,person,,,False,False,True,Community Endorsers
2025,Rob Kaplan,e01433,person,,current,False,True,False,Rob's Endorsers
2025,Rob Kaplan,e01473,person,,,False,False,False,Community Endorsers
2025,Rob Kaplan,e01504,person,,,False,True,False,Rob's Endorsers
2025,Rob Kaplan,e01520,person,,,False,False,False,Community Endorsers
2025,Rob Kaplan,e01521,person,,,False,False,False,Community Endorsers
2025,Rob Kaplan,e01522,person,,,False,False,False,Community Endorsers
2025,Rob Kaplan,e01543,person,,,False,False,False,Community Endorsers
2025,Rob Kaplan,e01562,person,,,False,False,True,Community Endorsers
2025,Rob Kaplan,e01592,person,,,False,False,False,Community Endorsers
2025,Rob Kaplan,e01649,person,,current,False,True,False,Rob's Endorsers
2025,Rob Kaplan,e01650,person,,,False,False,False,Community Endorsers
2025,Rob Kaplan,e01652,person,,,False,False,False,Community Endorsers
2025,Rob Kaplan,e01773,person,,,False,False,False,Community Endorsers
2025,Rob Kaplan,e01809,person,,former,True,True,False,Community Endorsers
2025,Rob Kaplan,org:colorado-state-board-of-education,organization,advocacy,,False,False,False,Rob's Endorsers
2025,Rob Kaplan,org:former-colorado-senate-president,organization,advocacy,,False,False,False,Rob's Endorsers
2025,Rob Kaplan,org:local-business-owner,organization,business,,False,False,False,Rob's Endorsers
2025,Rob Kaplan,org:local-business-ownerr,organization,business,,False,False,False,Rob's Endorsers
2026,Aquiles La Grave,e00035,person,,,False,False,False,The wall
2026,Aquiles La Grave,e00088,person,,,False,False,False,The wall
2026,Aquiles La Grave,e00102,person,,,False,False,False,The wall
2026,Aquiles La Grave,e00121,person,,,False,False,False,The wall
2026,Aquiles La Grave,e00126,person,,,False,False,False,The wall
2026,Aquiles La Grave,e00142,person,,,False,False,False,The wall
2026,Aquiles La Grave,e00162,person,,,False,False,False,The wall
2026,Aquiles La Grave,e00205,person,,,False,False,False,The wall
2026,Aquiles La Grave,e00277,person,,,False,False,False,The wall
2026,Aquiles La Grave,e00286,person,,,False,False,False,The wall
2026,Aquiles La Grave,e00301,person,,,True,True,False,The wall
2026,Aquiles La Grave,e00337,person,,,False,False,False,The wall
2026,Aquiles La Grave,e00412,person,,,False,False,False,The wall
2026,Aquiles La Grave,e00423,person,,,False,False,False,The wall
2026,Aquiles La Grave,e00435,person,,,False,False,False,The wall
2026,Aquiles La Grave,e00458,person,,,False,False,False,The wall
2026,Aquiles La Grave,e00493,person,,,False,False,False,The wall
2026,Aquiles La Grave,e00505,person,,,False,False,False,The wall
2026,Aquiles La Grave,e00514,person,,,False,False,False,The wall
2026,Aquiles La Grave,e00553,person,,,False,False,False,The wall
2026,Aquiles La Grave,e00554,person,,,False,False,False,The wall
2026,Aquiles La Grave,e00563,person,,,False,False,False,The wall
2026,Aquiles La Grave,e00565,person,,,True,True,False,The wall
2026,Aquiles La Grave,e00566,person,,,False,False,False,The wall
2026,Aquiles La Grave,e00578,person,,,False,False,False,The wall
2026,Aquiles La Grave,e00658,person,,former,True,True,False,The wall
2026,Aquiles La Grave,e00667,person,,,False,False,False,The wall
2026,Aquiles La Grave,e00674,person,,,False,False,False,The wall
2026,Aquiles La Grave,e00725,person,,,False,False,False,The wall
2026,Aquiles La Grave,e00752,person,,former,True,True,False,The wall
2026,Aquiles La Grave,e00762,person,,,False,False,False,The wall
2026,Aquiles La Grave,e00792,person,,,False,False,False,The wall
2026,Aquiles La Grave,e00796,person,,,False,False,False,The wall
2026,Aquiles La Grave,e00798,person,,,False,False,False,The wall
2026,Aquiles La Grave,e00852,person,,,False,False,False,The wall
2026,Aquiles La Grave,e00931,person,,,False,False,False,The wall
2026,Aquiles La Grave,e00942,person,,,False,False,False,The wall
2026,Aquiles La Grave,e01048,person,,,False,False,False,The wall
2026,Aquiles La Grave,e01056,person,,,False,False,False,The wall
2026,Aquiles La Grave,e01093,person,,,False,False,False,The wall
2026,Aquiles La Grave,e01130,person,,,False,False,False,The wall
2026,Aquiles La Grave,e01182,person,,,False,False,False,The wall
2026,Aquiles La Grave,e01260,person,,,False,False,False,The wall
2026,Aquiles La Grave,e01290,person,,,False,False,False,The wall
2026,Aquiles La Grave,e01322,person,,,False,False,False,The wall
2026,Aquiles La Grave,e01366,person,,,False,False,False,The wall
2026,Aquiles La Grave,e01520,person,,,False,False,False,The wall
2026,Aquiles La Grave,e01526,person,,,False,False,False,The wall
2026,Aquiles La Grave,e01534,person,,,False,False,False,The wall
2026,Aquiles La Grave,e01553,person,,,False,False,False,The wall
2026,Aquiles La Grave,e01581,person,,,False,False,False,The wall
2026,Aquiles La Grave,e01640,person,,,False,False,False,The wall
2026,Aquiles La Grave,e01670,person,,former,True,True,False,The wall
2026,Aquiles La Grave,e01677,person,,,False,False,False,The wall
2026,Aquiles La Grave,e01684,person,,,False,False,False,The wall
2026,Aquiles La Grave,e01692,person,,,False,False,False,The wall
2026,Aquiles La Grave,e01728,person,,,False,False,False,The wall
2026,Aquiles La Grave,e01732,person,,,False,False,False,The wall
2026,Aquiles La Grave,e01751,person,,,False,False,False,The wall
2026,Aquiles La Grave,e01754,person,,,False,False,False,The wall
2026,Aquiles La Grave,e01785,person,,,False,False,False,The wall
2026,Aquiles La Grave,e01801,person,,,False,False,False,The wall
2026,Aquiles La Grave,e01838,person,,,False,False,False,The wall
2026,Aquiles La Grave,org:carlos-lvarez-aranyos-business-owner,organization,business,,False,False,False,The wall
2026,Jamillah Richmond,e00019,person,,,False,False,False,Jamilah is a caring and dedicated person who has always shown a genuine commitment to helping people and being involved in our community. I appreciate the kindness and support she has shown me over the years.
2026,Jamillah Richmond,e00019,person,,,False,False,False,Jamilah is a caring and dedicated person who has always shown a genuine commitment to helping people and being involved in our community. I appreciate the kindness and support she has shown me over the years.”
2026,Jamillah Richmond,e00113,person,,,False,False,False,"Rinchen Indya Love , FLOWS Program Manager"
2026,Jamillah Richmond,e00167,person,,,False,False,False,"Leah Brenner-Clack, Street Wise Executive Director"
2026,Jamillah Richmond,e00212,person,,,False,False,False,Dan Williams
2026,Jamillah Richmond,e00212,person,,,False,False,False,Jamillah has that critical combination of a razor-sharp intellect and an uncompromising commitment to standing up for justice that makes her such a fantastic leader. I can’t wait to see her bring these qualities to Boulder City Council.
2026,Jamillah Richmond,e00237,person,,,False,False,False,Darren O’Connor
2026,Jamillah Richmond,e00367,person,,former,False,True,False,Lisa Sweeney-Miran
2026,Jamillah Richmond,e00367,person,,former,False,True,False,"Jamillah was an incredible force for good during her term on the executive leadership team of BVSD’s District Accountability Committee. Jamillah had a meaningul impact on improving the metrics around disproportinate discipline of Black and Latino children, on ensuring that our standards take into account the needs of our children and parents of color, and in keeping all of our children safe. I look forward to seeing her bring that same commitment and energy to Boulder’s City Council.”"
2026,Jamillah Richmond,e00401,person,,,False,False,False,Elicia Arwen
2026,Jamillah Richmond,e00401,person,,,False,False,False,"When I heard Jamillah Richmond is running for Boulder city council I felt very excited because I've rarely known someone as genuinely committed to community as she is. I've lived in Boulder since 1996 and all I've ever wanted for our community is for us, each of us, to have a voice in the way our city evolves. I've known Jamillah since early 2020 and while she's always dreaming up exciting new ways for our affordable housing community to become even better, she is also a great listener. I've personally experienced Jamillah's keen listening skills as she's assessed my family's needs so she can decide on the most effective action for us to take in tackling struggles we've encountered while trying to maintain services that help us stay in our community. When I'm outside speaking to Jamillah as a neighbor it's clear by the constant stream of hellos that she knows everyone, Tantra Lake owners and BHP renters alike. Jamillah tirelessly spearheaded the work of transforming an unused and overgrown lot into a Food Forest which will help reduce food insecurity for low income residents for decades to come. As one of one of the residents hired to steward the Food Forest, I have seen first hand Jamillah's deep sense of care for the land, flora and fauna affected by this project. I could go on and on about the positive ways Jamillah commits to community in a myriad of ways. I feel absolutely certain that Jamillah Richmond would enrich our community in so many ways if elected to city council."
2026,Jamillah Richmond,e00441,person,,former,True,True,False,Jill Adler Grano
2026,Jamillah Richmond,e00452,person,,,False,False,False,Lenora Cooper
2026,Jamillah Richmond,e00452,person,,,False,False,False,"Jamillah is one of the most dedicated, committed and powerful voices that I know. Boulder needs her on City Council to bring the perspective of people who are most often deliberately or un deliberately left out of the decision-making process."
2026,Jamillah Richmond,e00495,person,,,True,True,False,"Eric Budd, Boulder Progressives Executive Team"
2026,Jamillah Richmond,e00504,person,,,False,False,False,"Mary Faltinsky, Boulder Progressives Board Member"
2026,Jamillah Richmond,e00565,person,,former,True,True,False,Kubs Lalchandani
2026,Jamillah Richmond,e00633,person,,,False,False,True,Mike Mills
2026,Jamillah Richmond,e00633,person,,,False,False,True,"Having worked with Jamillah on the Boulder Progressives board, I know that her voice is needed on Boulder's City Council to speak for communities facing housing instability, economic strains, and injustice."
2026,Jamillah Richmond,e00640,person,,current,False,False,False,Jenn Kaaoush
2026,Jamillah Richmond,e01002,person,,former,False,True,False,"Adrian Fine, Former Mayor of Palo Alto"
2026,Jamillah Richmond,e01090,person,,current,True,True,False,Junie Joseph
2026,Jamillah Richmond,e01234,person,,,False,False,False,"Alex Mitter , SPAN Violence Prevention Educator"
2026,Jamillah Richmond,e01393,person,,,False,False,False,Joe Collins
2026,Jamillah Richmond,e01430,person,,,False,False,False,"Tangi Lancaster , Social Justice Advocate"
2026,Jamillah Richmond,e01462,person,,,False,False,False,"Jane Hummer, Boulder Progressives Executive Team"
2026,Jamillah Richmond,e01535,person,,,False,False,False,Sarah Fitzpatrick
2026,Jamillah Richmond,e01535,person,,,False,False,False,"I've gotten to firsthand experience and witness the community work Jamillah is currently doing from free after school art classes to supporting an multicultural summer camp program, both made accessible for minoritized communities. I have also seen the food forest that she led the creation of in South Boulder and it is truly inspiring. She tends to the Boulder community in creative and life-giving ways and always centers the needs of the most vulnerable in our community, human and the many other species."
2026,Jamillah Richmond,e01550,person,,,False,False,False,"From the first time I spoke to Jamillah, right after learning she was pushing for BVSD to release information about punishment meted out against Black and Brown children vs. white kids, I recognized a truth teller. Jamillah cuts through the noise on tough issues and dials straight in to the heart of the problem. Boulder will be lucky to have her authentic representation and a leader with whom what you see is what you get. This Boulder City Council election season, cut through the noise and choose a real community leader, choose Jamillah."
2026,Jamillah Richmond,e01582,person,,,False,False,True,"Kurt Nordback, Boulder Progressives Team Member"
2026,Jamillah Richmond,e01603,person,,,False,False,False,"Kieran Murphy, Boulder Progressives Board Member"
2026,Jamillah Richmond,e01624,person,,,False,False,False,"Kristen Eller, Boulder Progressives Board Member"
2026,Jamillah Richmond,e01823,person,,current,False,True,False,Dr. Joyce Brooks
2026,Jamillah Richmond,e01823,person,,current,False,True,False,"I endorse and support the election of Jamillah Richmond as a welcomed voice to the Boulder City Council. Ms. Richmond represents the voice of non- white young adults, whose interests are often overlooked or not solicited by the present city government. Her participation in citywide and Denver metro wide groups has been invaluable in helping to address issues that have been overlooked or misunderstood."
2026,Jamillah Richmond,org:boulder-progressives,organization,party,,False,False,False,Boulder Progressives enthusiastically supports Jamillah serving on Boulder’s City Council!
2026,Jill Grano,e00030,person,,,False,False,True,I am grateful to have endorsements from so many Boulder residents across the political spectrum . I would love to add your name to the list!
2026,Jill Grano,e00064,person,,,False,False,False,I am grateful to have endorsements from so many Boulder residents across the political spectrum . I would love to add your name to the list!
2026,Jill Grano,e00080,person,,current,False,True,False,I am grateful to have endorsements from so many Boulder residents across the political spectrum . I would love to add your name to the list!
2026,Jill Grano,e00087,person,,current,False,False,True,I am grateful to have endorsements from so many Boulder residents across the political spectrum . I would love to add your name to the list!
2026,Jill Grano,e00134,person,,,False,False,False,I am grateful to have endorsements from so many Boulder residents across the political spectrum . I would love to add your name to the list!
2026,Jill Grano,e00180,person,,,False,False,True,I am grateful to have endorsements from so many Boulder residents across the political spectrum . I would love to add your name to the list!
2026,Jill Grano,e00212,person,,,False,False,False,I am grateful to have endorsements from so many Boulder residents across the political spectrum . I would love to add your name to the list!
2026,Jill Grano,e00214,person,,current,True,True,False,I am grateful to have endorsements from so many Boulder residents across the political spectrum . I would love to add your name to the list!
2026,Jill Grano,e00229,person,,,False,False,True,I am grateful to have endorsements from so many Boulder residents across the political spectrum . I would love to add your name to the list!
2026,Jill Grano,e00232,person,,,False,False,True,I am grateful to have endorsements from so many Boulder residents across the political spectrum . I would love to add your name to the list!
2026,Jill Grano,e00274,person,,current,True,True,False,I am grateful to have endorsements from so many Boulder residents across the political spectrum . I would love to add your name to the list!
2026,Jill Grano,e00280,person,,,False,False,False,I am grateful to have endorsements from so many Boulder residents across the political spectrum . I would love to add your name to the list!
2026,Jill Grano,e00289,person,,,False,False,True,I am grateful to have endorsements from so many Boulder residents across the political spectrum . I would love to add your name to the list!
2026,Jill Grano,e00352,person,,,False,False,False,I am grateful to have endorsements from so many Boulder residents across the political spectrum . I would love to add your name to the list!
2026,Jill Grano,e00367,person,,former,False,True,False,I am grateful to have endorsements from so many Boulder residents across the political spectrum . I would love to add your name to the list!
2026,Jill Grano,e00376,person,,,False,False,False,I am grateful to have endorsements from so many Boulder residents across the political spectrum . I would love to add your name to the list!
2026,Jill Grano,e00386,person,,former,False,True,False,I am grateful to have endorsements from so many Boulder residents across the political spectrum . I would love to add your name to the list!
2026,Jill Grano,e00426,person,,,False,False,False,I am grateful to have endorsements from so many Boulder residents across the political spectrum . I would love to add your name to the list!
2026,Jill Grano,e00463,person,,,False,False,False,I am grateful to have endorsements from so many Boulder residents across the political spectrum . I would love to add your name to the list!
2026,Jill Grano,e00495,person,,,True,True,False,I am grateful to have endorsements from so many Boulder residents across the political spectrum . I would love to add your name to the list!
2026,Jill Grano,e00504,person,,,False,False,False,I am grateful to have endorsements from so many Boulder residents across the political spectrum . I would love to add your name to the list!
2026,Jill Grano,e00509,person,,former,True,True,False,I am grateful to have endorsements from so many Boulder residents across the political spectrum . I would love to add your name to the list!
2026,Jill Grano,e00533,person,,current,False,True,False,I am grateful to have endorsements from so many Boulder residents across the political spectrum . I would love to add your name to the list!
2026,Jill Grano,e00545,person,,current,False,True,False,I am grateful to have endorsements from so many Boulder residents across the political spectrum . I would love to add your name to the list!
2026,Jill Grano,e00607,person,,,False,False,False,I am grateful to have endorsements from so many Boulder residents across the political spectrum . I would love to add your name to the list!
2026,Jill Grano,e00633,person,,,False,False,True,I am grateful to have endorsements from so many Boulder residents across the political spectrum . I would love to add your name to the list!
2026,Jill Grano,e00640,person,,current,False,False,False,I am grateful to have endorsements from so many Boulder residents across the political spectrum . I would love to add your name to the list!
2026,Jill Grano,e00658,person,,former,True,True,False,I am grateful to have endorsements from so many Boulder residents across the political spectrum . I would love to add your name to the list!
2026,Jill Grano,e00704,person,,,False,False,False,I am grateful to have endorsements from so many Boulder residents across the political spectrum . I would love to add your name to the list!
2026,Jill Grano,e00708,person,,,False,False,False,I am grateful to have endorsements from so many Boulder residents across the political spectrum . I would love to add your name to the list!
2026,Jill Grano,e00746,person,,,False,False,False,I am grateful to have endorsements from so many Boulder residents across the political spectrum . I would love to add your name to the list!
2026,Jill Grano,e00752,person,,former,True,True,False,I am grateful to have endorsements from so many Boulder residents across the political spectrum . I would love to add your name to the list!
2026,Jill Grano,e00779,person,,,False,False,False,I am grateful to have endorsements from so many Boulder residents across the political spectrum . I would love to add your name to the list!
2026,Jill Grano,e00790,person,,,False,False,False,I am grateful to have endorsements from so many Boulder residents across the political spectrum . I would love to add your name to the list!
2026,Jill Grano,e00840,person,,current,True,True,False,I am grateful to have endorsements from so many Boulder residents across the political spectrum . I would love to add your name to the list!
2026,Jill Grano,e00868,person,,,False,False,False,I am grateful to have endorsements from so many Boulder residents across the political spectrum . I would love to add your name to the list!
2026,Jill Grano,e00920,person,,current,True,True,False,I am grateful to have endorsements from so many Boulder residents across the political spectrum . I would love to add your name to the list!
2026,Jill Grano,e00921,person,,,True,True,True,I am grateful to have endorsements from so many Boulder residents across the political spectrum . I would love to add your name to the list!
2026,Jill Grano,e00928,person,,,False,False,False,I am grateful to have endorsements from so many Boulder residents across the political spectrum . I would love to add your name to the list!
2026,Jill Grano,e00949,person,,current,False,False,True,I am grateful to have endorsements from so many Boulder residents across the political spectrum . I would love to add your name to the list!
2026,Jill Grano,e00955,person,,,False,False,False,I am grateful to have endorsements from so many Boulder residents across the political spectrum . I would love to add your name to the list!
2026,Jill Grano,e01002,person,,former,False,True,False,I am grateful to have endorsements from so many Boulder residents across the political spectrum . I would love to add your name to the list!
2026,Jill Grano,e01005,person,,,False,False,False,I am grateful to have endorsements from so many Boulder residents across the political spectrum . I would love to add your name to the list!
2026,Jill Grano,e01090,person,,current,True,True,False,I am grateful to have endorsements from so many Boulder residents across the political spectrum . I would love to add your name to the list!
2026,Jill Grano,e01095,person,,,False,False,False,I am grateful to have endorsements from so many Boulder residents across the political spectrum . I would love to add your name to the list!
2026,Jill Grano,e01185,person,,former,True,True,True,I am grateful to have endorsements from so many Boulder residents across the political spectrum . I would love to add your name to the list!
2026,Jill Grano,e01238,person,,,False,False,False,I am grateful to have endorsements from so many Boulder residents across the political spectrum . I would love to add your name to the list!
2026,Jill Grano,e01242,person,,,False,False,False,I am grateful to have endorsements from so many Boulder residents across the political spectrum . I would love to add your name to the list!
2026,Jill Grano,e01267,person,,,False,False,False,I am grateful to have endorsements from so many Boulder residents across the political spectrum . I would love to add your name to the list!
2026,Jill Grano,e01297,person,,,False,False,False,I am grateful to have endorsements from so many Boulder residents across the political spectrum . I would love to add your name to the list!
2026,Jill Grano,e01300,person,,,False,True,False,I am grateful to have endorsements from so many Boulder residents across the political spectrum . I would love to add your name to the list!
2026,Jill Grano,e01344,person,,,False,False,False,I am grateful to have endorsements from so many Boulder residents across the political spectrum . I would love to add your name to the list!
2026,Jill Grano,e01379,person,,,False,False,False,I am grateful to have endorsements from so many Boulder residents across the political spectrum . I would love to add your name to the list!
2026,Jill Grano,e01395,person,,,False,False,False,I am grateful to have endorsements from so many Boulder residents across the political spectrum . I would love to add your name to the list!
2026,Jill Grano,e01433,person,,former,False,True,False,I am grateful to have endorsements from so many Boulder residents across the political spectrum . I would love to add your name to the list!
2026,Jill Grano,e01462,person,,,False,False,False,I am grateful to have endorsements from so many Boulder residents across the political spectrum . I would love to add your name to the list!
2026,Jill Grano,e01466,person,,,False,False,False,I am grateful to have endorsements from so many Boulder residents across the political spectrum . I would love to add your name to the list!
2026,Jill Grano,e01504,person,,,False,True,False,I am grateful to have endorsements from so many Boulder residents across the political spectrum . I would love to add your name to the list!
2026,Jill Grano,e01521,person,,,False,False,False,I am grateful to have endorsements from so many Boulder residents across the political spectrum . I would love to add your name to the list!
2026,Jill Grano,e01582,person,,,False,False,True,I am grateful to have endorsements from so many Boulder residents across the political spectrum . I would love to add your name to the list!
2026,Jill Grano,e01587,person,,,False,False,False,I am grateful to have endorsements from so many Boulder residents across the political spectrum . I would love to add your name to the list!
2026,Jill Grano,e01602,person,,,False,False,False,I am grateful to have endorsements from so many Boulder residents across the political spectrum . I would love to add your name to the list!
2026,Jill Grano,e01603,person,,,False,False,False,I am grateful to have endorsements from so many Boulder residents across the political spectrum . I would love to add your name to the list!
2026,Jill Grano,e01618,person,,,False,False,False,I am grateful to have endorsements from so many Boulder residents across the political spectrum . I would love to add your name to the list!
2026,Jill Grano,e01624,person,,,False,False,False,I am grateful to have endorsements from so many Boulder residents across the political spectrum . I would love to add your name to the list!
2026,Jill Grano,e01649,person,,current,False,True,False,I am grateful to have endorsements from so many Boulder residents across the political spectrum . I would love to add your name to the list!
2026,Jill Grano,e01659,person,,former,False,True,False,I am grateful to have endorsements from so many Boulder residents across the political spectrum . I would love to add your name to the list!
2026,Jill Grano,e01660,person,,,False,False,False,I am grateful to have endorsements from so many Boulder residents across the political spectrum . I would love to add your name to the list!
2026,Jill Grano,e01682,person,,,False,False,False,I am grateful to have endorsements from so many Boulder residents across the political spectrum . I would love to add your name to the list!
2026,Jill Grano,e01703,person,,,False,False,False,I am grateful to have endorsements from so many Boulder residents across the political spectrum . I would love to add your name to the list!
2026,Jill Grano,e01717,person,,,False,False,False,I am grateful to have endorsements from so many Boulder residents across the political spectrum . I would love to add your name to the list!
2026,Jill Grano,e01718,person,,,False,False,False,I am grateful to have endorsements from so many Boulder residents across the political spectrum . I would love to add your name to the list!
2026,Jill Grano,e01733,person,,,False,False,False,I am grateful to have endorsements from so many Boulder residents across the political spectrum . I would love to add your name to the list!
2026,Jill Grano,e01780,person,,,False,False,False,I am grateful to have endorsements from so many Boulder residents across the political spectrum . I would love to add your name to the list!
2026,Jill Grano,e01806,person,,,False,False,False,I am grateful to have endorsements from so many Boulder residents across the political spectrum . I would love to add your name to the list!
2026,Jill Grano,e01811,person,,,False,False,True,I am grateful to have endorsements from so many Boulder residents across the political spectrum . I would love to add your name to the list!
2026,Jill Grano,e01814,person,,,False,False,False,I am grateful to have endorsements from so many Boulder residents across the political spectrum . I would love to add your name to the list!
2026,Jill Grano,e01827,person,,,False,False,False,I am grateful to have endorsements from so many Boulder residents across the political spectrum . I would love to add your name to the list!
2026,Jill Grano,e01832,person,,current,False,False,False,I am grateful to have endorsements from so many Boulder residents across the political spectrum . I would love to add your name to the list!
2026,Jill Grano,e01845,person,,former,True,True,False,I am grateful to have endorsements from so many Boulder residents across the political spectrum . I would love to add your name to the list!
2026,Jill Grano,e01847,person,,,False,False,False,I am grateful to have endorsements from so many Boulder residents across the political spectrum . I would love to add your name to the list!
2026,Rachel Rose Isaacson,org:mark-mcintyre-planning-board-member-chair-of-better-boulder,organization,advocacy,,False,False,False,“We need young and smart leadership to mix with and work with our experienced councilors.”
2026,Ryan Schuchard,e00010,person,,former,True,True,False,BOULDER CITY COUNCIL COLLEAGUES
2026,Ryan Schuchard,e00045,person,,,False,False,True,OTHER CURRENT AND FORMER ELECTED OFFICIALS
2026,Ryan Schuchard,e00062,person,,,False,False,False,OTHER CURRENT AND FORMER ELECTED OFFICIALS
2026,Ryan Schuchard,e00118,person,,,False,False,False,OTHER CURRENT AND FORMER ELECTED OFFICIALS
2026,Ryan Schuchard,e00158,person,,,False,False,False,OTHER CURRENT AND FORMER ELECTED OFFICIALS
2026,Ryan Schuchard,e00180,person,,,False,False,True,OTHER CURRENT AND FORMER ELECTED OFFICIALS
2026,Ryan Schuchard,e00212,person,,,False,False,False,OTHER CURRENT AND FORMER ELECTED OFFICIALS
2026,Ryan Schuchard,e00214,person,,former,True,True,False,BOULDER CITY COUNCIL COLLEAGUES
2026,Ryan Schuchard,e00242,person,,,False,False,False,OTHER CURRENT AND FORMER ELECTED OFFICIALS
2026,Ryan Schuchard,e00261,person,,,False,False,False,OTHER CURRENT AND FORMER ELECTED OFFICIALS
2026,Ryan Schuchard,e00274,person,,current,True,True,False,BOULDER CITY COUNCIL COLLEAGUES
2026,Ryan Schuchard,e00289,person,,,False,False,True,OTHER CURRENT AND FORMER ELECTED OFFICIALS
2026,Ryan Schuchard,e00295,person,,former,True,True,False,BOULDER CITY COUNCIL COLLEAGUES
2026,Ryan Schuchard,e00367,person,,former,False,True,False,BOULDER CITY COUNCIL COLLEAGUES
2026,Ryan Schuchard,e00441,person,,former,True,True,False,BOULDER CITY COUNCIL COLLEAGUES
2026,Ryan Schuchard,e00463,person,,,False,False,False,BOULDER CITY COUNCIL COLLEAGUES
2026,Ryan Schuchard,e00495,person,,,True,True,False,OTHER CURRENT AND FORMER ELECTED OFFICIALS
2026,Ryan Schuchard,e00504,person,,,False,False,False,OTHER CURRENT AND FORMER ELECTED OFFICIALS
2026,Ryan Schuchard,e00509,person,,former,True,True,False,BOULDER CITY COUNCIL COLLEAGUES
2026,Ryan Schuchard,e00516,person,,,False,False,False,OTHER CURRENT AND FORMER ELECTED OFFICIALS
2026,Ryan Schuchard,e00534,person,,former,True,True,False,BOULDER CITY COUNCIL COLLEAGUES
2026,Ryan Schuchard,e00545,person,,current,False,True,False,BOULDER CITY COUNCIL COLLEAGUES
2026,Ryan Schuchard,e00549,person,,former,True,True,False,BOULDER CITY COUNCIL COLLEAGUES
2026,Ryan Schuchard,e00551,person,,former,True,True,False,BOULDER CITY COUNCIL COLLEAGUES
2026,Ryan Schuchard,e00552,person,,,False,False,False,OTHER CURRENT AND FORMER ELECTED OFFICIALS
2026,Ryan Schuchard,e00567,person,,former,False,True,False,BOULDER CITY COUNCIL COLLEAGUES
2026,Ryan Schuchard,e00580,person,,,False,False,False,OTHER CURRENT AND FORMER ELECTED OFFICIALS
2026,Ryan Schuchard,e00584,person,,,False,False,True,OTHER CURRENT AND FORMER ELECTED OFFICIALS
2026,Ryan Schuchard,e00746,person,,,False,False,False,OTHER CURRENT AND FORMER ELECTED OFFICIALS
2026,Ryan Schuchard,e00826,person,,,False,False,False,OTHER CURRENT AND FORMER ELECTED OFFICIALS
2026,Ryan Schuchard,e00828,person,,,False,False,False,OTHER CURRENT AND FORMER ELECTED OFFICIALS
2026,Ryan Schuchard,e00831,person,,former,True,True,False,BOULDER CITY COUNCIL COLLEAGUES
2026,Ryan Schuchard,e00840,person,,current,True,True,False,BOULDER CITY COUNCIL COLLEAGUES
2026,Ryan Schuchard,e00849,person,,,False,False,True,OTHER CURRENT AND FORMER ELECTED OFFICIALS
2026,Ryan Schuchard,e00921,person,,,True,True,True,OTHER CURRENT AND FORMER ELECTED OFFICIALS
2026,Ryan Schuchard,e00955,person,,,False,False,False,OTHER CURRENT AND FORMER ELECTED OFFICIALS
2026,Ryan Schuchard,e00971,person,,,False,False,False,OTHER CURRENT AND FORMER ELECTED OFFICIALS
2026,Ryan Schuchard,e00999,person,,,False,False,False,OTHER CURRENT AND FORMER ELECTED OFFICIALS
2026,Ryan Schuchard,e01002,person,,former,False,True,False,OTHER CURRENT AND FORMER ELECTED OFFICIALS
2026,Ryan Schuchard,e01054,person,,,False,False,False,OTHER CURRENT AND FORMER ELECTED OFFICIALS
2026,Ryan Schuchard,e01059,person,,,False,False,False,OTHER CURRENT AND FORMER ELECTED OFFICIALS
2026,Ryan Schuchard,e01087,person,,,False,False,True,OTHER CURRENT AND FORMER ELECTED OFFICIALS
2026,Ryan Schuchard,e01090,person,,current,True,True,False,BOULDER CITY COUNCIL COLLEAGUES
2026,Ryan Schuchard,e01107,person,,,False,False,False,OTHER CURRENT AND FORMER ELECTED OFFICIALS
2026,Ryan Schuchard,e01126,person,,current,False,True,False,BOULDER CITY COUNCIL COLLEAGUES
2026,Ryan Schuchard,e01151,person,,,False,False,False,OTHER CURRENT AND FORMER ELECTED OFFICIALS
2026,Ryan Schuchard,e01154,person,,current,False,True,False,BOULDER CITY COUNCIL COLLEAGUES
2026,Ryan Schuchard,e01177,person,,,False,False,True,OTHER CURRENT AND FORMER ELECTED OFFICIALS
2026,Ryan Schuchard,e01183,person,,,False,False,False,OTHER CURRENT AND FORMER ELECTED OFFICIALS
2026,Ryan Schuchard,e01220,person,,,False,False,False,OTHER CURRENT AND FORMER ELECTED OFFICIALS
2026,Ryan Schuchard,e01273,person,,,False,False,False,OTHER CURRENT AND FORMER ELECTED OFFICIALS
2026,Ryan Schuchard,e01289,person,,,False,False,False,OTHER CURRENT AND FORMER ELECTED OFFICIALS
2026,Ryan Schuchard,e01354,person,,,False,False,True,OTHER CURRENT AND FORMER ELECTED OFFICIALS
2026,Ryan Schuchard,e01379,person,,,False,False,False,OTHER CURRENT AND FORMER ELECTED OFFICIALS
2026,Ryan Schuchard,e01433,person,,current,False,True,False,BOULDER CITY COUNCIL COLLEAGUES
2026,Ryan Schuchard,e01462,person,,,False,False,False,OTHER CURRENT AND FORMER ELECTED OFFICIALS
2026,Ryan Schuchard,e01574,person,,,True,True,False,BOULDER CITY COUNCIL COLLEAGUES
2026,Ryan Schuchard,e01582,person,,,False,False,True,OTHER CURRENT AND FORMER ELECTED OFFICIALS
2026,Ryan Schuchard,e01598,person,,,False,False,False,OTHER CURRENT AND FORMER ELECTED OFFICIALS
2026,Ryan Schuchard,e01603,person,,,False,False,False,OTHER CURRENT AND FORMER ELECTED OFFICIALS
2026,Ryan Schuchard,e01608,person,,,False,False,False,OTHER CURRENT AND FORMER ELECTED OFFICIALS
2026,Ryan Schuchard,e01624,person,,,False,False,False,OTHER CURRENT AND FORMER ELECTED OFFICIALS
2026,Ryan Schuchard,e01649,person,,current,False,True,False,BOULDER CITY COUNCIL COLLEAGUES
2026,Ryan Schuchard,e01700,person,,current,False,False,False,OTHER CURRENT AND FORMER ELECTED OFFICIALS
2026,Ryan Schuchard,e01714,person,,,False,False,False,OTHER CURRENT AND FORMER ELECTED OFFICIALS
2026,Ryan Schuchard,e01721,person,,,False,False,True,OTHER CURRENT AND FORMER ELECTED OFFICIALS
2026,Ryan Schuchard,e01806,person,,,False,False,False,OTHER CURRENT AND FORMER ELECTED OFFICIALS
2026,Ryan Schuchard,e01824,person,,,False,False,False,OTHER CURRENT AND FORMER ELECTED OFFICIALS
2026,Ryan Schuchard,e01849,person,,,False,False,False,OTHER CURRENT AND FORMER ELECTED OFFICIALS
2026,Sam Fuqua,e00005,person,,,False,False,False,Joni Teter
2026,Sam Fuqua,e00045,person,,,False,False,True,Joni Teter
2026,Sam Fuqua,e00080,person,,current,False,True,False,Kathy Gebhardt
2026,Sam Fuqua,e00096,person,,,False,False,False,Joni Teter
2026,Sam Fuqua,e00097,person,,,False,False,False,Joni Teter
2026,Sam Fuqua,e00099,person,,,False,False,False,Joni Teter
2026,Sam Fuqua,e00110,person,,former,True,True,False,Joni Teter
2026,Sam Fuqua,e00145,person,,,False,False,False,Joni Teter
2026,Sam Fuqua,e00155,person,,,False,False,False,Joni Teter
2026,Sam Fuqua,e00211,person,,,False,False,False,Joni Teter
2026,Sam Fuqua,e00274,person,,current,True,True,False,Aaron Brockett
2026,Sam Fuqua,e00289,person,,,False,False,True,Community Members and Community Leaders
2026,Sam Fuqua,e00289,person,,,False,False,True,Joni Teter
2026,Sam Fuqua,e00367,person,,former,False,True,False,Lisa Sweeney-Miran
2026,Sam Fuqua,e00377,person,,,False,False,False,Joni Teter
2026,Sam Fuqua,e00441,person,,former,True,True,False,Jill Adler Grano
2026,Sam Fuqua,e00481,person,,,False,False,False,Joni Teter
2026,Sam Fuqua,e00495,person,,,True,True,False,Joni Teter
2026,Sam Fuqua,e00545,person,,current,False,True,False,Lesley Smith
2026,Sam Fuqua,e00633,person,,,False,False,True,Joni Teter
2026,Sam Fuqua,e00784,person,,,False,False,False,Joni Teter
2026,Sam Fuqua,e00790,person,,,False,False,False,Joni Teter
2026,Sam Fuqua,e00840,person,,current,True,True,False,Tina Marquis
2026,Sam Fuqua,e00924,person,,,False,False,False,Joni Teter
2026,Sam Fuqua,e01002,person,,former,False,True,False,Adrian Fine
2026,Sam Fuqua,e01049,person,,,False,False,False,Joni Teter
2026,Sam Fuqua,e01081,person,,,False,False,False,Joni Teter
2026,Sam Fuqua,e01111,person,,,False,False,False,Joni Teter
2026,Sam Fuqua,e01126,person,,current,False,True,False,Claire Levy
2026,Sam Fuqua,e01205,person,,former,False,True,False,Laurie Albright
2026,Sam Fuqua,e01241,person,,,False,False,False,Joni Teter
2026,Sam Fuqua,e01365,person,,,False,False,True,Joni Teter
2026,Sam Fuqua,e01379,person,,,False,False,False,Joni Teter
2026,Sam Fuqua,e01555,person,,,False,False,False,Joni Teter
2026,Sam Fuqua,e01582,person,,,False,False,True,Joni Teter
2026,Sam Fuqua,e01603,person,,,False,False,False,Joni Teter
2026,Sam Fuqua,e01624,person,,,False,False,False,Joni Teter
2026,Sam Fuqua,e01691,person,,,False,False,False,Joni Teter
2026,Sam Fuqua,e01721,person,,,False,False,True,Joni Teter
2026,Sam Fuqua,org:boulder-progressives,organization,party,,False,False,False,Boulder Progressives
2026,Tina Marquis,e00044,person,,,False,False,False,Endorsements
2026,Tina Marquis,e00045,person,,,False,False,True,Endorsements
2026,Tina Marquis,e00049,person,,former,True,True,False,Endorsements
2026,Tina Marquis,e00052,person,,,False,False,False,Endorsements
2026,Tina Marquis,e00080,person,,current,False,True,False,Endorsements
2026,Tina Marquis,e00104,person,,,False,False,True,Endorsements
2026,Tina Marquis,e00211,person,,,False,False,False,Endorsements
2026,Tina Marquis,e00214,person,,current,True,True,False,Endorsements
2026,Tina Marquis,e00274,person,,current,True,True,False,Endorsements
2026,Tina Marquis,e00282,person,,current,False,True,True,Endorsements
2026,Tina Marquis,e00295,person,,former,True,True,False,Endorsements
2026,Tina Marquis,e00389,person,,former,True,True,False,Endorsements
2026,Tina Marquis,e00441,person,,former,True,True,False,Endorsements
2026,Tina Marquis,e00491,person,,,False,False,False,Endorsements
2026,Tina Marquis,e00509,person,,former,True,True,False,Endorsements
2026,Tina Marquis,e00518,person,,former,False,True,False,Endorsements
2026,Tina Marquis,e00533,person,,current,False,True,False,Endorsements
2026,Tina Marquis,e00537,person,,current,False,True,False,Endorsements
2026,Tina Marquis,e00544,person,,,False,False,False,Endorsements
2026,Tina Marquis,e00545,person,,current,False,True,False,Endorsements
2026,Tina Marquis,e00552,person,,,False,False,False,Endorsements
2026,Tina Marquis,e00726,person,,former,False,True,False,Endorsements
2026,Tina Marquis,e00731,person,,,False,False,False,Endorsements
2026,Tina Marquis,e00790,person,,,False,False,False,Endorsements
2026,Tina Marquis,e00826,person,,,False,False,False,Endorsements
2026,Tina Marquis,e00866,person,,,False,False,False,Endorsements
2026,Tina Marquis,e00920,person,,current,True,True,False,Endorsements
2026,Tina Marquis,e00938,person,,,False,False,False,Endorsements
2026,Tina Marquis,e00955,person,,,False,False,False,Endorsements
2026,Tina Marquis,e00978,person,,,False,False,False,Endorsements
2026,Tina Marquis,e01009,person,,current,False,True,False,Endorsements
2026,Tina Marquis,e01087,person,,,False,False,True,Endorsements
2026,Tina Marquis,e01126,person,,current,False,True,False,Endorsements
2026,Tina Marquis,e01143,person,,,False,False,False,Endorsements
2026,Tina Marquis,e01205,person,,former,False,True,False,Endorsements
2026,Tina Marquis,e01222,person,,former,False,True,False,Endorsements
2026,Tina Marquis,e01222,person,,former,False,True,False,Endorsements
2026,Tina Marquis,e01245,person,,,False,False,False,Endorsements
2026,Tina Marquis,e01433,person,,current,False,True,False,Endorsements
2026,Tina Marquis,e01442,person,,current,False,True,True,Endorsements
2026,Tina Marquis,e01504,person,,former,False,True,False,Endorsements
2026,Tina Marquis,e01530,person,,,False,False,True,Endorsements
2026,Tina Marquis,e01574,person,,current,True,True,False,Endorsements
2026,Tina Marquis,e01649,person,,current,False,True,False,Endorsements
2026,Tina Marquis,e01673,person,,,False,False,False,Endorsements
2026,Tina Marquis,e01773,person,,,False,False,False,Endorsements
2026,Tina Marquis,e01832,person,,current,False,False,False,Endorsements
2026,Tina Marquis,e01835,person,,current,False,True,False,Endorsements
2026,Tina Marquis,e01845,person,,former,True,True,False,Endorsements
