year,district_name,county_name,volumes,readings,agree,spread,chosen_volume,chosen_value
1985,JULESBURG RE-1,SEDGWICK,1986;1987,1986:383;1987:363,False,20,1986,383
1985,JOHNSTOWN-MILLIKEN RE-5J,Weld,1986;1987,1986:1183;1987:1163,False,20,1986,1183
1985,KIOWA C-2,Elbert,1986;1987,1986:208;1987:206,False,2,1986,208
1978,MAPLETON 1,Adams,1986;1987,1986:5436;1987:5436,True,0,1986,5436
1978,NORTHGLENN-THORNTON 12,Adams,1986;1987,1986:19203;1987:19203,True,0,1986,19203
1978,ADAMS COUNTY 14,Adams,1986;1987,1986:6101;1987:6101,True,0,1986,6101
1978,BRIGHTON 27J,Adams,1986;1987,1986:4188;1987:4188,True,0,1986,4188
1978,BENNETT 29J,Adams,1986;1987,1986:494;1987:494,True,0,1986,494
1978,STRASBURG 31J,Adams,1986;1987,1986:393;1987:393,True,0,1986,393
1978,WESTMINSTER 50,Adams,1986;1987,1986:14088;1987:14088,True,0,1986,14088
1978,ALAMOSA RE-11J,Alamosa,1986;1987,1986:2289;1987:2289,True,0,1986,2289
1978,SANGRE DE CRISTO RE-22J,Alamosa,1986;1987,1986:283;1987:283,True,0,1986,283
1978,ENGLEWOOD 1,Arapahoe,1986;1987,1986:4008;1987:4008,True,0,1986,4008
1978,SHERIDAN 2,Arapahoe,1986;1987,1986:1774;1987:1774,True,0,1986,1774
1978,CHERRY CREEK 5,Arapahoe,1986;1987,1986:19031;1987:19031,True,0,1986,19031
1978,LITTLETON 6,Arapahoe,1986;1987,1986:17448;1987:17448,True,0,1986,17448
1978,DEER TRAIL 26J,Arapahoe,1986;1987,1986:135;1987:135,True,0,1986,135
1978,ADAMS-ARAPAHOE 28J,Arapahoe,1986;1987,1986:21797;1987:21797,True,0,1986,21797
1978,BYERS 32J,Arapahoe,1986;1987,1986:357;1987:357,True,0,1986,357
1978,ARCHULETA COUNTY 50 JT,Archuleta,1986;1987,1986:918;1987:918,True,0,1986,918
1978,WALSH RE-1,Baca,1986;1987,1986:412;1987:412,True,0,1986,412
1978,PRITCHETT RE-3,Baca,1986;1987,1986:86;1987:86,True,0,1986,86
1978,SPRINGFIELD RE-4,Baca,1986;1987,1986:510;1987:510,True,0,1986,510
1978,VILAS RE-5,Baca,1986;1987,1986:93;1987:93,True,0,1986,93
1978,CAMPO RE-6,Baca,1986;1987,1986:125;1987:125,True,0,1986,125
1978,LAS ANIMAS RE-1,Bent,1986;1987,1986:1004;1987:1004,True,0,1986,1004
1978,MC CLAVE RE-2,Bent,1986;1987,1986:214;1987:214,True,0,1986,214
1978,ST. VRAIN VALLEY RE 1J,Boulder,1986;1987,1986:14865;1987:14865,True,0,1986,14865
1978,BOULDER VALLEY RE 2(J),Boulder,1986;1987,1986:22191;1987:22191,True,0,1986,22191
1978,BUENA VISTA R-31,Chaffee,1986;1987,1986:1230;1987:1230,True,0,1986,1230
1978,SALIDA R-32(J),Chaffee,1986;1987,1986:1469;1987:1469,True,0,1986,1469
1978,KIT CARSON R-1,Cheyenne,1986;1987,1986:123;1987:123,True,0,1986,123
1978,CHEYENNE COUNTY RE-5*,Cheyenne,1986;1987,1986:296;1987:296,True,0,1986,296
1978,ARAPAHOE R-3*,Cheyenne,1986;1987,1986:63;1987:63,True,0,1986,63
1978,CLEAR CREEK RE-1,Clear Creek,1986;1987,1986:1397;1987:1397,True,0,1986,1397
1978,NORTH CONEJOS RE-1J,Conejos,1986;1987,1986:1209;1987:1209,True,0,1986,1209
1978,SANFORD 6J,Conejos,1986;1987,1986:333;1987:333,True,0,1986,333
1978,SOUTH CONEJOS RE-10,Conejos,1986;1987,1986:727;1987:727,True,0,1986,727
1978,CENTENNIAL R-1,Costilla,1986;1987,1986:576;1987:576,True,0,1986,576
1978,SIERRA GRANDE R-30,Costilla,1986;1987,1986:293;1987:293,True,0,1986,293
1978,CROWLEY COUNTY RE-1-J,Crowley,1986;1987,1986:514;1987:514,True,0,1986,514
1978,CONSOLIDATED C-1,Custer,1986;1987,1986:278;1987:278,True,0,1986,278
1978,DELTA COUNTY 50(J),Delta,1986;1987,1986:4209;1987:4209,True,0,1986,4209
1978,DENVER COUNTY 1,Denver,1986;1987,1986:68830;1987:68830,True,0,1986,68830
1978,DOLores COUNTY RE NO.1,Dolores,1986;1987,1986:362;1987:362,True,0,1986,362
1978,DOUGLAS COUNTY RE 1(J),Douglas,1986;1987,1986:6063;1987:6063,True,0,1986,6063
1978,EAGLE COUNTY RE 50(J),Eagle,1986;1987,1986:1894;1987:1894,True,0,1986,1894
1978,ELIZABETH C-1,Elbert,1986;1987,1986:812;1987:812,True,0,1986,812
1978,KIOWA C-2,Elbert,1986;1987,1986:177;1987:177,True,0,1986,177
1978,BIG SANDY 100(J),Elbert,1986;1987,1986:278;1987:278,True,0,1986,278
1978,ELBERT 200,Elbert,1986;1987,1986:173;1987:173,True,0,1986,173
1978,AGATE,Elbert,1986;1987,1986:39;1987:39,True,0,1986,39
1978,CALHAN,El Paso,1986;1987,1986:282;1987:282,True,0,1986,282
1978,HARRISON,El Paso,1986;1987,1986:7091;1987:7091,True,0,1986,7091
1978,WIDEFIELD,El Paso,1986;1987,1986:7306;1987:7306,True,0,1986,7306
1978,FOUNTAIN,El Paso,1986;1987,1986:3351;1987:3351,True,0,1986,3351
1978,COLORADO SPRINGS,El Paso,1986;1987,1986:32897;1987:32897,True,0,1986,32897
1978,CHEYENNE MOUNTAIN,El Paso,1986;1987,1986:2022;1987:2022,True,0,1986,2022
1978,MANITOU SPRINGS,El Paso,1986;1987,1986:1187;1987:1187,True,0,1986,1187
1978,ACADEMY 20,El Paso,1986;1987,1986:4969;1987:4969,True,0,1986,4969
1978,ELLICOTT 22,El Paso,1986;1987,1986:393;1987:393,True,0,1986,393
1978,PEYTON 23 JT,El Paso,1986;1987,1986:217;1987:217,True,0,1986,217
1978,HANOVER 28,El Paso,1986;1987,1986:59;1987:59,True,0,1986,59
1978,LEWIS-PALMER 38,El Paso,1986;1987,1986:1220;1987:1220,True,0,1986,1220
1978,FALCON 49,El Paso,1986;1987,1986:1239;1987:1239,True,0,1986,1239
1978,EDISON 54 JT,El Paso,1986;1987,1986:21;1987:21,True,0,1986,21
1978,MIAMI/YODER 60 JT,El Paso,1986;1987,1986:127;1987:127,True,0,1986,127
1978,CANON CITY RE-1,Fremont,1986;1987,1986:3526;1987:3526,True,0,1986,3526
1978,FLORENCE RE-2(J),Fremont,1986;1987,1986:1638;1987:1638,True,0,1986,1638
1978,COTOPAXI RE-3,Fremont,1986;1987,1986:197;1987:197,True,0,1986,197
1978,ROARING FORK RE-1(J),Garfield,1986;1987,1986:3224;1987:3224,True,0,1986,3224
1978,GILPIN COUNTY RE-1,Gilpin,1986;1987,1986:132;1987:132,True,0,1986,132
1978,WEST GRAND 1(JT),Grand,1986;1987,1986:482;1987:482,True,0,1986,482
1978,EAST GRAND 2,Grand,1986;1987,1986:934;1987:934,True,0,1986,934
1978,GUNNISON WATERSHED RE1J,Gunnison,1986;1987,1986:1425;1987:1425,True,0,1986,1425
1978,HINSDALE COUNTY RE. 1,Hinsdale,1986;1987,1986:34;1987:34,True,0,1986,34
1978,HUERFANO RE-1,Huerfano,1986;1987,1986:1041;1987:1041,True,0,1986,1041
1978,LA VETA RE-2,Huerfano,1986;1987,1986:177;1987:177,True,0,1986,177
1978,NORTH PARK R-1,Jackson,1986;1987,1986:419;1987:419,True,0,1986,419
1978,JEFFERSON COUNTY R-1,Jefferson,1986;1987,1986:80917;1987:80917,True,0,1986,80917
1978,EADS RE-1,Kiowa,1986;1987,1986:319;1987:319,True,0,1986,319
1978,PLAINVIEW RE-2,Kiowa,1986;1987,1986:96;1987:96,True,0,1986,96
1978,ARRIBA-FLAGLER C-20*,Kit Carson,1986;1987,1986:191;1987:191,True,0,1986,191
1978,HI-PLAINS R-23**,Kit Carson,1986;1987,1986:65;1987:65,True,0,1986,65
1978,VONA R-3,Kit Carson,1986;1987,1986:75;1987:75,True,0,1986,75
1978,STRATTON R-4,Kit Carson,1986;1987,1986:272;1987:272,True,0,1986,272
1978,BETHUNE R-5,Kit Carson,1986;1987,1986:126;1987:126,True,0,1986,126
1978,BURLINGTON RE-6J,Kit Carson,1986;1987,1986:1047;1987:1047,True,0,1986,1047
1978,LAKE COUNTY R-1,Lake,1986;1987,1986:1994;1987:1994,True,0,1986,1994
1978,DURANGO 9-R,La Plata,1986;1987,1986:3770;1987:3770,True,0,1986,3770
1978,BAYFIELD 10 JT-R,La Plata,1986;1987,1986:516;1987:516,True,0,1986,516
1978,IGNACIO 11 JT,La Plata,1986;1987,1986:945;1987:945,True,0,1986,945
1978,POUDRE R-1,Larimer,1986;1987,1986:14501;1987:14501,True,0,1986,14501
1978,THOMPSON R-2J,Larimer,1986;1987,1986:10004;1987:10004,True,0,1986,10004
1978,PARK (ESTES PARK) R-3(J),Larimer,1986;1987,1986:1151;1987:1151,True,0,1986,1151
1978,TRINIDAD 1,Las Animas,1986;1987,1986:1858;1987:1858,True,0,1986,1858
1978,PRIMERO REORGANIZED 2,Las Animas,1986;1987,1986:220;1987:220,True,0,1986,220
1978,HOEHNE REORGANIZED 3,Las Animas,1986;1987,1986:324;1987:324,True,0,1986,324
1978,AGUILAR REORGANIZED 6,Las Animas,1986;1987,1986:221;1987:221,True,0,1986,221
1978,BRANSON REORGANIZED 82,Las Animas,1986;1987,1986:69;1987:69,True,0,1986,69
1978,KIM REORGANIZED 88,Las Animas,1986;1987,1986:110;1987:110,True,0,1986,110
1978,GENOA-HUGO C113*,Lincoln,1986;1987,1986:214;1987:214,True,0,1986,214
1978,LIMON RE-4J,Lincoln,1986;1987,1986:498;1987:498,True,0,1986,498
1978,GENOA RE 13*,Lincoln,1986;1987,1986:76;1987:76,True,0,1986,76
1978,KARVAL RE-23,Lincoln,1986;1987,1986:76;1987:76,True,0,1986,76
1978,ARRIBA RE 31*,Lincoln,1986;1987,1986:62;1987:62,True,0,1986,62
1978,VALLEY RE-1,Logan,1986;1987,1986:3379;1987:3379,True,0,1986,3379
1978,FRENCHMAN RE-3,Logan,1986;1987,1986:230;1987:230,True,0,1986,230
1978,BUFFALO RE-4(J),Logan,1986;1987,1986:285;1987:285,True,0,1986,285
1978,PLATEAU RE-5,Logan,1986;1987,1986:160;1987:160,True,0,1986,160
1978,DEBEQUE 49JT,Mesa,1986;1987,1986:126;1987:126,True,0,1986,126
1978,PLATEAU VALLEY 50,Mesa,1986;1987,1986:338;1987:338,True,0,1986,338
1978,MESA COUNTY VALLEY 51,Mesa,1986;1987,1986:14584;1987:14584,True,0,1986,14584
1978,CREEDE CONSOLIDATED 1,Mineral,1986;1987,1986:163;1987:163,True,0,1986,163
1978,MOFFAT COUNTY RE: NO 1,Moffat,1986;1987,1986:2757;1987:2757,True,0,1986,2757
1978,MONTEZUMA-CORTEZ RE-1,Montezuma,1986;1987,1986:2978;1987:2978,True,0,1986,2978
1978,MANCOS RE-6,Montezuma,1986;1987,1986:448;1987:448,True,0,1986,448
1978,MONTROSE COUNTY RE-1J,MONTROSE,1986;1987,1986:4387;1987:4387,True,0,1986,4387
1978,BRUSH RE-2(J),Morgan,1986;1987,1986:1483;1987:1483,True,0,1986,1483
1978,FORT MORGAN RE-3,Morgan,1986;1987,1986:2808;1987:2808,True,0,1986,2808
1978,WELDON VALLEY RE-20(J),Morgan,1986;1987,1986:176;1987:176,True,0,1986,176
1978,WIGGINS RE-50(J),Morgan,1986;1987,1986:440;1987:440,True,0,1986,440
1978,EAST OTERO R-1,Otero,1986;1987,1986:2628;1987:2628,True,0,1986,2628
1978,ROCKY FORD R-2,Otero,1986;1987,1986:1585;1987:1585,True,0,1986,1585
1978,MANZANOLA 3J,Otero,1986;1987,1986:278;1987:278,True,0,1986,278
1978,FOWLER R-4J,Otero,1986;1987,1986:497;1987:497,True,0,1986,497
1978,CHERAW 31,Otero,1986;1987,1986:193;1987:193,True,0,1986,193
1978,SWINK,Otero,1986;1987,1986:354;1987:354,True,0,1986,354
1978,OURAY,Ouray,1986;1987,1986:170;1987:170,True,0,1986,170
1978,PLATTE CANYON,Park,1986;1987,1986:781;1987:781,True,0,1986,781
1978,PARK COUNTY,Park,1986;1987,1986:282;1987:282,True,0,1986,282
1978,HOLYOKE,Phillips,1986;1987,1986:612;1987:612,True,0,1986,612
1978,HAXTUN,Phillips,1986;1987,1986:354;1987:354,True,0,1986,354
1978,ASPEN,Pitkin,1986;1987,1986:1108;1987:1108,True,0,1986,1108
1978,GRANADA RE-1,Prowers,1986;1987,1986:374;1987:374,True,0,1986,374
1978,LAMAR RE-2,Prowers,1986;1987,1986:2133;1987:2133,True,0,1986,2133
1978,HOLLY RE-3,Prowers,1986;1987,1986:413;1987:413,True,0,1986,413
1978,WILEY RE-13 JT,Prowers,1986;1987,1986:257;1987:257,True,0,1986,257
1978,PUEBLO CITY 60,Pueblo,1986;1987,1986:22263;1987:22263,True,0,1986,22263
1978,PUEBLO COUNTY RURAL 70,Pueblo,1986;1987,1986:4994;1987:4994,True,0,1986,4994
1978,MEEKER RE1,Rio Blanco,1986;1987,1986:859;1987:859,True,0,1986,859
1978,RANGELY RE-4,Rio Blanco,1986;1987,1986:568;1987:568,True,0,1986,568
1978,DEL NORTE,Rio Grande,1986;1987,1986:827;1987:827,True,0,1986,827
1978,MONTE VISTA,Rio Grande,1986;1987,1986:1511;1987:1511,True,0,1986,1511
1978,SARGENT,Rio Grande,1986;1987,1986:392;1987:392,True,0,1986,392
1978,HAYDEN,Routt,1986;1987,1986:537;1987:537,True,0,1986,537
1978,STEAMBOAT SPRINGS,Routt,1986;1987,1986:1447;1987:1447,True,0,1986,1447
1978,SOUTH ROUTT,Routt,1986;1987,1986:473;1987:473,True,0,1986,473
1978,MOUNTAIN VALLEY,Saguache,1986;1987,1986:247;1987:247,True,0,1986,247
1978,MOFFAT,Saguache,1986;1987,1986:86;1987:86,True,0,1986,86
1978,CENTER 26 JT.,SAGUACHE,1986;1987,1986:615;1987:615,True,0,1986,615
1978,SILVERTON 1,SAN JUAN,1986;1987,1986:171;1987:171,True,0,1986,171
1978,TELLURIDE R-1,SAN MIGUEL,1986;1987,1986:210;1987:210,True,0,1986,210
1978,NORWOOD R-2J,SAN MIGUEL,1986;1987,1986:332;1987:332,True,0,1986,332
1978,EGNAR 18,SAN MIGUEL,1986;1987,1986:50;1987:50,True,0,1986,50
1978,JULESBURG RE-1,SEDGWICK,1986;1987,1986:395;1987:395,True,0,1986,395
1978,PLATTE VALLEY RE-3,SEDGWICK,1986;1987,1986:292;1987:292,True,0,1986,292
1978,SUMMIT RE-1,SUMMIT,1986;1987,1986:1280;1987:1280,True,0,1986,1280
1978,WOODLAND PARK RE-2,Teller,1986;1987,1986:1639;1987:1639,True,0,1986,1639
1978,AKRON R-1,Washington,1986;1987,1986:516;1987:516,True,0,1986,516
1978,ARICKAREE R-2,Washington,1986;1987,1986:149;1987:149,True,0,1986,149
1978,OTIS R-3,Washington,1986;1987,1986:183;1987:183,True,0,1986,183
1978,LONE STAR 101,Washington,1986;1987,1986:64;1987:64,True,0,1986,64
1978,WOODLIN 104,Washington,1986;1987,1986:135;1987:135,True,0,1986,135
1978,GILCREST RE-1,Weld,1986;1987,1986:1790;1987:1790,True,0,1986,1790
1978,EATON RE-2,Weld,1986;1987,1986:1151;1987:1151,True,0,1986,1151
1978,KEENESBURG RE-3(J),Weld,1986;1987,1986:1412;1987:1412,True,0,1986,1412
1978,WINDSOR RE-4,Weld,1986;1987,1986:1346;1987:1346,True,0,1986,1346
1978,JOHNSTOWN-MILLIKEN RE-5J,Weld,1986;1987,1986:1198;1987:1198,True,0,1986,1198
1978,GREELEY 6,Weld,1986;1987,1986:10434;1987:10434,True,0,1986,10434
1978,PLATTE VALLEY RE-7,Weld,1986;1987,1986:872;1987:872,True,0,1986,872
1978,FORT LUPTON RE-8,Weld,1986;1987,1986:1937;1987:1937,True,0,1986,1937
1978,AULT-HIGHLAND RE-9,Weld,1986;1987,1986:851;1987:851,True,0,1986,851
1978,GARFIELD,Garfield,1987,1987:173,True,0,1987,1724
1979,MAPLETON 1,Adams,1986;1987,1986:5030;1987:5030,True,0,1986,5030
1979,NORTHGLENN-THORNTON 12,Adams,1986;1987,1986:18762;1987:18762,True,0,1986,18762
1979,ADAMS COUNTY 14,Adams,1986;1987,1986:6028;1987:6028,True,0,1986,6028
1979,BRIGHTON 27J,Adams,1986;1987,1986:4175;1987:4175,True,0,1986,4175
1979,BENNETT 29J,Adams,1986;1987,1986:549;1987:549,True,0,1986,549
1979,STRASBURG 31J,Adams,1986;1987,1986:430;1987:430,True,0,1986,430
1979,WESTMINSTER 50,Adams,1986;1987,1986:13249;1987:13249,True,0,1986,13249
1979,ALAMOSA RE-11J,Alamosa,1986;1987,1986:2268;1987:2268,True,0,1986,2268
1979,SANGRE DE CRISTO RE-22J,Alamosa,1986;1987,1986:291;1987:291,True,0,1986,291
1979,ENGLEWOOD 1,Arapahoe,1986;1987,1986:3734;1987:3734,True,0,1986,3734
1979,SHERIDAN 2,Arapahoe,1986;1987,1986:1665;1987:1665,True,0,1986,1665
1979,CHERRY CREEK 5,Arapahoe,1986;1987,1986:19999;1987:19999,True,0,1986,19999
1979,LITTLETON 6,Arapahoe,1986;1987,1986:17203;1987:17203,True,0,1986,17203
1979,DEER TRAIL 26J,Arapahoe,1986;1987,1986:130;1987:130,True,0,1986,130
1979,ADAMS-ARAPAHOE 28J,Arapahoe,1986;1987,1986:22500;1987:22500,True,0,1986,22500
1979,BYERS 32J,Arapahoe,1986;1987,1986:342;1987:342,True,0,1986,342
1979,ARCHULETA COUNTY 50 JT,Archuleta,1986;1987,1986:975;1987:975,True,0,1986,975
1979,WALSH RE-1,Baca,1986;1987,1986:418;1987:418,True,0,1986,418
1979,PRITCHETT RE-3,Baca,1986;1987,1986:85;1987:85,True,0,1986,85
1979,SPRINGFIELD RE-4,Baca,1986;1987,1986:496;1987:496,True,0,1986,496
1979,VILAS RE-5,Baca,1986;1987,1986:84;1987:84,True,0,1986,84
1979,CAMPO RE-6,Baca,1986;1987,1986:111;1987:111,True,0,1986,111
1979,LAS ANIMAS RE-1,Bent,1986;1987,1986:976;1987:976,True,0,1986,976
1979,MC CLAVE RE-2,Bent,1986;1987,1986:221;1987:221,True,0,1986,221
1979,ST. VRAIN VALLEY RE 1J,Boulder,1986;1987,1986:14595;1987:14595,True,0,1986,14595
1979,BOULDER VALLEY RE 2(J),Boulder,1986;1987,1986:21358;1987:21358,True,0,1986,21358
1979,BUENA VISTA R-31,Chaffee,1986;1987,1986:1217;1987:1217,True,0,1986,1217
1979,SALIDA R-32(J),Chaffee,1986;1987,1986:1416;1987:1416,True,0,1986,1416
1979,KIT CARSON R-1,Cheyenne,1986;1987,1986:119;1987:119,True,0,1986,119
1979,CHEYENNE COUNTY RE-5*,Cheyenne,1986;1987,1986:282;1987:282,True,0,1986,282
1979,ARAPAHOE R-3*,Cheyenne,1986;1987,1986:64;1987:64,True,0,1986,64
1979,CLEAR CREEK RE-1,Clear Creek,1986;1987,1986:1244;1987:1244,True,0,1986,1244
1979,NORTH CONEJOS RE-1J,Conejos,1986;1987,1986:1182;1987:1182,True,0,1986,1182
1979,SANFORD 6J,Conejos,1986;1987,1986:318;1987:318,True,0,1986,318
1979,SOUTH CONEJOS RE-10,Conejos,1986;1987,1986:678;1987:678,True,0,1986,678
1979,CENTENNIAL R-1,Costilla,1986;1987,1986:556;1987:556,True,0,1986,556
1979,SIERRA GRANDE R-30,Costilla,1986;1987,1986:258;1987:258,True,0,1986,258
1979,CROWLEY COUNTY RE-1-J,Crowley,1986;1987,1986:528;1987:528,True,0,1986,528
1979,CONSOLIDATED C-1,Custer,1986;1987,1986:279;1987:279,True,0,1986,279
1979,DELTA COUNTY 50(J),Delta,1986;1987,1986:4197;1987:4197,True,0,1986,4197
1979,DENVER COUNTY 1,Denver,1986;1987,1986:65128;1987:65128,True,0,1986,65128
1979,DOLores COUNTY RE NO.1,Dolores,1986;1987,1986:373;1987:373,True,0,1986,373
1979,DOUGLAS COUNTY RE 1(J),Douglas,1986;1987,1986:6498;1987:6498,True,0,1986,6498
1979,EAGLE COUNTY RE 50(J),Eagle,1986;1987,1986:1802;1987:1802,True,0,1986,1802
1979,ELIZABETH C-1,Elbert,1986;1987,1986:895;1987:895,True,0,1986,895
1979,KIOWA C-2,Elbert,1986;1987,1986:185;1987:185,True,0,1986,185
1979,BIG SANDY 100(J),Elbert,1986;1987,1986:291;1987:291,True,0,1986,291
1979,ELBERT 200,Elbert,1986;1987,1986:166;1987:166,True,0,1986,166
1979,AGATE,Elbert,1986;1987,1986:49;1987:49,True,0,1986,49
1979,CALHAN,El Paso,1986;1987,1986:313;1987:313,True,0,1986,313
1979,HARRISON,El Paso,1986;1987,1986:7020;1987:7020,True,0,1986,7020
1979,WIDEFIELD,El Paso,1986;1987,1986:6961;1987:6961,True,0,1986,6961
1979,FOUNTAIN,El Paso,1986;1987,1986:3310;1987:3310,True,0,1986,3310
1979,COLORADO SPRINGS,El Paso,1986;1987,1986:32033;1987:32033,True,0,1986,32033
1979,CHEYENNE MOUNTAIN,El Paso,1986;1987,1986:2018;1987:2018,True,0,1986,2018
1979,MANITOU SPRINGS,El Paso,1986;1987,1986:1166;1987:1166,True,0,1986,1166
1979,ACADEMY 20,El Paso,1986;1987,1986:5231;1987:5231,True,0,1986,5231
1979,ELLICOTT 22,El Paso,1986;1987,1986:409;1987:409,True,0,1986,409
1979,PEYTON 23 JT,El Paso,1986;1987,1986:210;1987:210,True,0,1986,210
1979,HANOVER 28,El Paso,1986;1987,1986:53;1987:53,True,0,1986,53
1979,LEWIS-PALMER 38,El Paso,1986;1987,1986:1302;1987:1302,True,0,1986,1302
1979,FALCON 49,El Paso,1986;1987,1986:1370;1987:1370,True,0,1986,1370
1979,EDISON 54 JT,El Paso,1986;1987,1986:27;1987:27,True,0,1986,27
1979,MIAMI/YODER 60 JT,El Paso,1986;1987,1986:148;1987:148,True,0,1986,148
1979,CANON CITY RE-1,Fremont,1986;1987,1986:3574;1987:3574,True,0,1986,3574
1979,FLORENCE RE-2(J),Fremont,1986;1987,1986:1598;1987:1598,True,0,1986,1598
1979,COTOPAXI RE-3,Fremont,1986;1987,1986:190;1987:190,True,0,1986,190
1979,ROARING FORK RE-1(J),Garfield,1986;1987,1986:3126;1987:3126,True,0,1986,3126
1979,GILPIN COUNTY RE-1,Gilpin,1986;1987,1986:267;1987:267,True,0,1986,267
1979,WEST GRAND 1(JT),Grand,1986;1987,1986:515;1987:515,True,0,1986,515
1979,EAST GRAND 2,Grand,1986;1987,1986:945;1987:945,True,0,1986,945
1979,GUNNISON WATERSHED RE1J,Gunnison,1986;1987,1986:1490;1987:1490,True,0,1986,1490
1979,HINSDALE COUNTY RE. 1,Hinsdale,1986;1987,1986:29;1987:29,True,0,1986,29
1979,HUERFANO RE-1,Huerfano,1986;1987,1986:1020;1987:1020,True,0,1986,1020
1979,LA VETA RE-2,Huerfano,1986;1987,1986:197;1987:197,True,0,1986,197
1979,NORTH PARK R-1,Jackson,1986;1987,1986:455;1987:455,True,0,1986,455
1979,JEFFERSON COUNTY R-1,Jefferson,1986;1987,1986:79190;1987:79190,True,0,1986,79190
1979,EADS RE-1,Kiowa,1986;1987,1986:301;1987:301,True,0,1986,301
1979,PLAINVIEW RE-2,Kiowa,1986;1987,1986:101;1987:101,True,0,1986,101
1979,ARRIBA-FLAGLER C-20*,Kit Carson,1986;1987,1986:181;1987:181,True,0,1986,181
1979,HI-PLAINS R-23**,Kit Carson,1986;1987,1986:58;1987:58,True,0,1986,58
1979,VONA R-3,Kit Carson,1986;1987,1986:68;1987:68,True,0,1986,68
1979,STRATTON R-4,Kit Carson,1986;1987,1986:282;1987:282,True,0,1986,282
1979,BETHUNE R-5,Kit Carson,1986;1987,1986:141;1987:141,True,0,1986,141
1979,BURLINGTON RE-6J,Kit Carson,1986;1987,1986:1036;1987:1036,True,0,1986,1036
1979,LAKE COUNTY R-1,Lake,1986;1987,1986:1931;1987:1931,True,0,1986,1931
1979,DURANGO 9-R,La Plata,1986;1987,1986:3753;1987:3753,True,0,1986,3753
1979,BAYFIELD 10 JT-R,La Plata,1986;1987,1986:521;1987:521,True,0,1986,521
1979,IGNACIO 11 JT,La Plata,1986;1987,1986:973;1987:973,True,0,1986,973
1979,POUDRE R-1,Larimer,1986;1987,1986:14751;1987:14751,True,0,1986,14751
1979,THOMPSON R-2J,Larimer,1986;1987,1986:10143;1987:10143,True,0,1986,10143
1979,PARK (ESTES PARK) R-3(J),Larimer,1986;1987,1986:1097;1987:1097,True,0,1986,1097
1979,TRINIDAD 1,Las Animas,1986;1987,1986:1831;1987:1831,True,0,1986,1831
1979,PRIMERO REORGANIZED 2,Las Animas,1986;1987,1986:243;1987:243,True,0,1986,243
1979,HOEHNE REORGANIZED 3,Las Animas,1986;1987,1986:339;1987:339,True,0,1986,339
1979,AGUILAR REORGANIZED 6,Las Animas,1986;1987,1986:211;1987:211,True,0,1986,211
1979,BRANSON REORGANIZED 82,Las Animas,1986;1987,1986:65;1987:65,True,0,1986,65
1979,KIM REORGANIZED 88,Las Animas,1986;1987,1986:105;1987:105,True,0,1986,105
1979,GENOA-HUGO C113*,Lincoln,1986;1987,1986:184;1987:184,True,0,1986,184
1979,LIMON RE-4J,Lincoln,1986;1987,1986:477;1987:477,True,0,1986,477
1979,GENOA RE 13*,Lincoln,1986;1987,1986:72;1987:72,True,0,1986,72
1979,KARVAL RE-23,Lincoln,1986;1987,1986:80;1987:80,True,0,1986,80
1979,ARRIBA RE 31*,Lincoln,1986;1987,1986:67;1987:67,True,0,1986,67
1979,VALLEY RE-1,Logan,1986;1987,1986:3299;1987:3299,True,0,1986,3299
1979,FRENCHMAN RE-3,Logan,1986;1987,1986:236;1987:236,True,0,1986,236
1979,BUFFALO RE-4(J),Logan,1986;1987,1986:272;1987:272,True,0,1986,272
1979,PLATEAU RE-5,Logan,1986;1987,1986:156;1987:156,True,0,1986,156
1979,DEBEQUE 49JT,Mesa,1986;1987,1986:118;1987:118,True,0,1986,118
1979,PLATEAU VALLEY 50,Mesa,1986;1987,1986:364;1987:364,True,0,1986,364
1979,MESA COUNTY VALLEY 51,Mesa,1986;1987,1986:15196;1987:15196,True,0,1986,15196
1979,CREEDE CONSOLIDATED 1,Mineral,1986;1987,1986:166;1987:166,True,0,1986,166
1979,MOFFAT COUNTY RE: NO 1,Moffat,1986;1987,1986:2860;1987:2860,True,0,1986,2860
1979,MONTEZUMA-CORTEZ RE-1,Montezuma,1986;1987,1986:2887;1987:2887,True,0,1986,2887
1979,MANCOS RE-6,Montezuma,1986;1987,1986:447;1987:447,True,0,1986,447
1979,MONTROSE COUNTY RE-1J,MONTROSE,1986;1987,1986:4502;1987:4502,True,0,1986,4502
1979,BRUSH RE-2(J),Morgan,1986;1987,1986:1471;1987:1471,True,0,1986,1471
1979,FORT MORGAN RE-3,Morgan,1986;1987,1986:2833;1987:2833,True,0,1986,2833
1979,WELDON VALLEY RE-20(J),Morgan,1986;1987,1986:171;1987:171,True,0,1986,171
1979,WIGGINS RE-50(J),Morgan,1986;1987,1986:460;1987:460,True,0,1986,460
1979,EAST OTERO R-1,Otero,1986;1987,1986:2596;1987:2596,True,0,1986,2596
1979,ROCKY FORD R-2,Otero,1986;1987,1986:1522;1987:1522,True,0,1986,1522
1979,MANZANOLA 3J,Otero,1986;1987,1986:303;1987:303,True,0,1986,303
1979,FOWLER R-4J,Otero,1986;1987,1986:480;1987:480,True,0,1986,480
1979,CHERAW 31,Otero,1986;1987,1986:184;1987:184,True,0,1986,184
1979,SWINK,Otero,1986;1987,1986:344;1987:344,True,0,1986,344
1979,OURAY,Ouray,1986;1987,1986:178;1987:178,True,0,1986,178
1979,PLATTE CANYON,Park,1986;1987,1986:903;1987:903,True,0,1986,903
1979,PARK COUNTY,Park,1986;1987,1986:334;1987:334,True,0,1986,334
1979,HOLYOKE,Phillips,1986;1987,1986:634;1987:634,True,0,1986,634
1979,HAXTUN,Phillips,1986;1987,1986:339;1987:339,True,0,1986,339
1979,ASPEN,Pitkin,1986;1987,1986:1012;1987:1012,True,0,1986,1012
1979,GRANADA RE-1,Prowers,1986;1987,1986:359;1987:359,True,0,1986,359
1979,LAMAR RE-2,Prowers,1986;1987,1986:2069;1987:2069,True,0,1986,2069
1979,HOLLY RE-3,Prowers,1986;1987,1986:396;1987:396,True,0,1986,396
1979,WILEY RE-13 JT,Prowers,1986;1987,1986:240;1987:240,True,0,1986,240
1979,PUEBLO CITY 60,Pueblo,1986;1987,1986:21513;1987:21513,True,0,1986,21513
1979,PUEBLO COUNTY RURAL 70,Pueblo,1986;1987,1986:5010;1987:5010,True,0,1986,5010
1979,MEEKER RE1,Rio Blanco,1986;1987,1986:853;1987:853,True,0,1986,853
1979,RANGELY RE-4,Rio Blanco,1986;1987,1986:539;1987:539,True,0,1986,539
1979,DEL NORTE,Rio Grande,1986;1987,1986:804;1987:804,True,0,1986,804
1979,MONTE VISTA,Rio Grande,1986;1987,1986:1414;1987:1414,True,0,1986,1414
1979,SARGENT,Rio Grande,1986;1987,1986:375;1987:375,True,0,1986,375
1979,HAYDEN,Routt,1986;1987,1986:583;1987:583,True,0,1986,583
1979,STEAMBOAT SPRINGS,Routt,1986;1987,1986:1442;1987:1442,True,0,1986,1442
1979,SOUTH ROUTT,Routt,1986;1987,1986:515;1987:515,True,0,1986,515
1979,MOUNTAIN VALLEY,Saguache,1986;1987,1986:268;1987:268,True,0,1986,268
1979,MOFFAT,Saguache,1986;1987,1986:76;1987:76,True,0,1986,76
1979,CENTER 26 JT.,SAGUACHE,1986;1987,1986:604;1987:604,True,0,1986,604
1979,SILVERTON 1,SAN JUAN,1986;1987,1986:161;1987:161,True,0,1986,161
1979,TELLURIDE R-1,SAN MIGUEL,1986;1987,1986:234;1987:234,True,0,1986,234
1979,NORWOOD R-2J,SAN MIGUEL,1986;1987,1986:335;1987:335,True,0,1986,335
1979,EGNAR 18,SAN MIGUEL,1986;1987,1986:72;1987:72,True,0,1986,72
1979,JULESBURG RE-1,SEDGWICK,1986;1987,1986:394;1987:394,True,0,1986,394
1979,PLATTE VALLEY RE-3,SEDGWICK,1986;1987,1986:281;1987:281,True,0,1986,281
1979,SUMMIT RE-1,SUMMIT,1986;1987,1986:1305;1987:1305,True,0,1986,1305
1979,WOODLAND PARK RE-2,Teller,1986;1987,1986:1733;1987:1733,True,0,1986,1733
1979,AKRON R-1,Washington,1986;1987,1986:517;1987:517,True,0,1986,517
1979,ARICKAREE R-2,Washington,1986;1987,1986:137;1987:137,True,0,1986,137
1979,OTIS R-3,Washington,1986;1987,1986:198;1987:198,True,0,1986,198
1979,LONE STAR 101,Washington,1986;1987,1986:73;1987:73,True,0,1986,73
1979,WOODLIN 104,Washington,1986;1987,1986:137;1987:137,True,0,1986,137
1979,GILCREST RE-1,Weld,1986;1987,1986:1792;1987:1792,True,0,1986,1792
1979,EATON RE-2,Weld,1986;1987,1986:1235;1987:1235,True,0,1986,1235
1979,KEENESBURG RE-3(J),Weld,1986;1987,1986:1307;1987:1307,True,0,1986,1307
1979,WINDSOR RE-4,Weld,1986;1987,1986:1410;1987:1410,True,0,1986,1410
1979,JOHNSTOWN-MILLIKEN RE-5J,Weld,1986;1987,1986:1118;1987:1118,True,0,1986,1118
1979,GREELEY 6,Weld,1986;1987,1986:10386;1987:10386,True,0,1986,10386
1979,PLATTE VALLEY RE-7,Weld,1986;1987,1986:877;1987:877,True,0,1986,877
1979,FORT LUPTON RE-8,Weld,1986;1987,1986:1934;1987:1934,True,0,1986,1934
1979,AULT-HIGHLAND RE-9,Weld,1986;1987,1986:824;1987:824,True,0,1986,824
1979,GARFIELD,Garfield,1987,1987:179,True,0,1987,1811
1980,MAPLETON 1,Adams,1986;1987,1986:4997;1987:4997,True,0,1986,4997
1980,NORTHGLENN-THORNTON 12,Adams,1986;1987,1986:18443;1987:18443,True,0,1986,18443
1980,ADAMS COUNTY 14,Adams,1986;1987,1986:5848;1987:5848,True,0,1986,5848
1980,BRIGHTON 27J,Adams,1986;1987,1986:4202;1987:4202,True,0,1986,4202
1980,BENNETT 29J,Adams,1986;1987,1986:573;1987:573,True,0,1986,573
1980,STRASBURG 31J,Adams,1986;1987,1986:422;1987:422,True,0,1986,422
1980,WESTMINSTER 50,Adams,1986;1987,1986:12577;1987:12577,True,0,1986,12577
1980,ALAMOSA RE-11J,Alamosa,1986;1987,1986:2356;1987:2356,True,0,1986,2356
1980,SANGRE DE CRISTO RE-22J,Alamosa,1986;1987,1986:293;1987:293,True,0,1986,293
1980,ENGLEWOOD 1,Arapahoe,1986;1987,1986:3726;1987:3726,True,0,1986,3726
1980,SHERIDAN 2,Arapahoe,1986;1987,1986:1636;1987:1636,True,0,1986,1636
1980,CHERRY CREEK 5,Arapahoe,1986;1987,1986:20877;1987:20877,True,0,1986,20877
1980,LITTLETON 6,Arapahoe,1986;1987,1986:16926;1987:16926,True,0,1986,16926
1980,DEER TRAIL 26J,Arapahoe,1986;1987,1986:159;1987:159,True,0,1986,159
1980,ADAMS-ARAPAHOE 28J,Arapahoe,1986;1987,1986:22922;1987:22922,True,0,1986,22922
1980,BYERS 32J,Arapahoe,1986;1987,1986:340;1987:340,True,0,1986,340
1980,ARCHULETA COUNTY 50 JT,Archuleta,1986;1987,1986:1023;1987:1023,True,0,1986,1023
1980,WALSH RE-1,Baca,1986;1987,1986:405;1987:405,True,0,1986,405
1980,PRITCHETT RE-3,Baca,1986;1987,1986:71;1987:71,True,0,1986,71
1980,SPRINGFIELD RE-4,Baca,1986;1987,1986:462;1987:462,True,0,1986,462
1980,VILAS RE-5,Baca,1986;1987,1986:76;1987:76,True,0,1986,76
1980,CAMPO RE-6,Baca,1986;1987,1986:127;1987:127,True,0,1986,127
1980,LAS ANIMAS RE-1,Bent,1986;1987,1986:951;1987:951,True,0,1986,951
1980,MC CLAVE RE-2,Bent,1986;1987,1986:211;1987:211,True,0,1986,211
1980,ST. VRAIN VALLEY RE 1J,Boulder,1986;1987,1986:14624;1987:14624,True,0,1986,14624
1980,BOULDER VALLEY RE 2(J),Boulder,1986;1987,1986:20817;1987:20817,True,0,1986,20817
1980,BUENA VISTA R-31,Chaffee,1986;1987,1986:1289;1987:1289,True,0,1986,1289
1980,SALIDA R-32(J),Chaffee,1986;1987,1986:1472;1987:1472,True,0,1986,1472
1980,KIT CARSON R-1,Cheyenne,1986;1987,1986:115;1987:115,True,0,1986,115
1980,CHEYENNE COUNTY RE-5*,Cheyenne,1986;1987,1986:317;1987:317,True,0,1986,317
1980,ARAPAHOE R-3*,Cheyenne,1986;1987,1986:57;1987:57,True,0,1986,57
1980,CLEAR CREEK RE-1,Clear Creek,1986;1987,1986:1299;1987:1299,True,0,1986,1299
1980,NORTH CONEJOS RE-1J,Conejos,1986;1987,1986:1201;1987:1201,True,0,1986,1201
1980,SANFORD 6J,Conejos,1986;1987,1986:306;1987:306,True,0,1986,306
1980,SOUTH CONEJOS RE-10,Conejos,1986;1987,1986:597;1987:597,True,0,1986,597
1980,CENTENNIAL R-1,Costilla,1986;1987,1986:518;1987:518,True,0,1986,518
1980,SIERRA GRANDE R-30,Costilla,1986;1987,1986:232;1987:232,True,0,1986,232
1980,CROWLEY COUNTY RE-1-J,Crowley,1986;1987,1986:535;1987:535,True,0,1986,535
1980,CONSOLIDATED C-1,Custer,1986;1987,1986:270;1987:270,True,0,1986,270
1980,DELTA COUNTY 50(J),Delta,1986;1987,1986:4362;1987:4362,True,0,1986,4362
1980,DENVER COUNTY 1,Denver,1986;1987,1986:64290;1987:64290,True,0,1986,64290
1980,DOLores COUNTY RE NO.1,Dolores,1986;1987,1986:372;1987:372,True,0,1986,372
1980,DOUGLAS COUNTY RE 1(J),Douglas,1986;1987,1986:6759;1987:6759,True,0,1986,6759
1980,EAGLE COUNTY RE 50(J),Eagle,1986;1987,1986:1801;1987:1801,True,0,1986,1801
1980,ELIZABETH C-1,Elbert,1986;1987,1986:957;1987:957,True,0,1986,957
1980,KIOWA C-2,Elbert,1986;1987,1986:179;1987:179,True,0,1986,179
1980,BIG SANDY 100(J),Elbert,1986;1987,1986:257;1987:257,True,0,1986,257
1980,ELBERT 200,Elbert,1986;1987,1986:158;1987:158,True,0,1986,158
1980,AGATE,Elbert,1986;1987,1986:40;1987:40,True,0,1986,40
1980,CALHAN,El Paso,1986;1987,1986:308;1987:308,True,0,1986,308
1980,HARRISON,El Paso,1986;1987,1986:7219;1987:7219,True,0,1986,7219
1980,WIDEFIELD,El Paso,1986;1987,1986:6680;1987:6680,True,0,1986,6680
1980,FOUNTAIN,El Paso,1986;1987,1986:3323;1987:3323,True,0,1986,3323
1980,COLORADO SPRINGS,El Paso,1986;1987,1986:30978;1987:30978,True,0,1986,30978
1980,CHEYENNE MOUNTAIN,El Paso,1986;1987,1986:2017;1987:2017,True,0,1986,2017
1980,MANITOU SPRINGS,El Paso,1986;1987,1986:1122;1987:1122,True,0,1986,1122
1980,ACADEMY 20,El Paso,1986;1987,1986:5270;1987:5270,True,0,1986,5270
1980,ELLICOTT 22,El Paso,1986;1987,1986:390;1987:390,True,0,1986,390
1980,PEYTON 23 JT,El Paso,1986;1987,1986:231;1987:231,True,0,1986,231
1980,HANOVER 28,El Paso,1986;1987,1986:66;1987:66,True,0,1986,66
1980,LEWIS-PALMER 38,El Paso,1986;1987,1986:1308;1987:1308,True,0,1986,1308
1980,FALCON 49,El Paso,1986;1987,1986:1363;1987:1363,True,0,1986,1363
1980,EDISON 54 JT,El Paso,1986;1987,1986:30;1987:30,True,0,1986,30
1980,MIAMI/YODER 60 JT,El Paso,1986;1987,1986:131;1987:131,True,0,1986,131
1980,CANON CITY RE-1,Fremont,1986;1987,1986:3504;1987:3504,True,0,1986,3504
1980,FLORENCE RE-2(J),Fremont,1986;1987,1986:1665;1987:1665,True,0,1986,1665
1980,COTOPAXI RE-3,Fremont,1986;1987,1986:214;1987:214,True,0,1986,214
1980,ROARING FORK RE-1(J),Garfield,1986;1987,1986:3138;1987:3138,True,0,1986,3138
1980,GILPIN COUNTY RE-1,Gilpin,1986;1987,1986:288;1987:288,True,0,1986,288
1980,WEST GRAND 1(JT),Grand,1986;1987,1986:542;1987:542,True,0,1986,542
1980,EAST GRAND 2,Grand,1986;1987,1986:940;1987:940,True,0,1986,940
1980,GUNNISON WATERSHED RE1J,Gunnison,1986;1987,1986:1503;1987:1503,True,0,1986,1503
1980,HINSDALE COUNTY RE. 1,Hinsdale,1986;1987,1986:30;1987:30,True,0,1986,30
1980,HUERFANO RE-1,Huerfano,1986;1987,1986:1037;1987:1037,True,0,1986,1037
1980,LA VETA RE-2,Huerfano,1986;1987,1986:212;1987:212,True,0,1986,212
1980,NORTH PARK R-1,Jackson,1986;1987,1986:441;1987:441,True,0,1986,441
1980,JEFFERSON COUNTY R-1,Jefferson,1986;1987,1986:78067;1987:78067,True,0,1986,78067
1980,EADS RE-1,Kiowa,1986;1987,1986:332;1987:332,True,0,1986,332
1980,PLAINVIEW RE-2,Kiowa,1986;1987,1986:84;1987:84,True,0,1986,84
1980,ARRIBA-FLAGLER C-20*,Kit Carson,1986;1987,1986:184;1987:184,True,0,1986,184
1980,HI-PLAINS R-23**,Kit Carson,1986;1987,1986:57;1987:57,True,0,1986,57
1980,VONA R-3,Kit Carson,1986;1987,1986:68;1987:68,True,0,1986,68
1980,STRATTON R-4,Kit Carson,1986;1987,1986:284;1987:284,True,0,1986,284
1980,BETHUNE R-5,Kit Carson,1986;1987,1986:126;1987:126,True,0,1986,126
1980,BURLINGTON RE-6J,Kit Carson,1986;1987,1986:1016;1987:1016,True,0,1986,1016
1980,LAKE COUNTY R-1,Lake,1986;1987,1986:1922;1987:1922,True,0,1986,1922
1980,DURANGO 9-R,La Plata,1986;1987,1986:3638;1987:3638,True,0,1986,3638
1980,BAYFIELD 10 JT-R,La Plata,1986;1987,1986:587;1987:587,True,0,1986,587
1980,IGNACIO 11 JT,La Plata,1986;1987,1986:940;1987:940,True,0,1986,940
1980,POUDRE R-1,Larimer,1986;1987,1986:14747;1987:14747,True,0,1986,14747
1980,THOMPSON R-2J,Larimer,1986;1987,1986:10205;1987:10205,True,0,1986,10205
1980,PARK (ESTES PARK) R-3(J),Larimer,1986;1987,1986:995;1987:995,True,0,1986,995
1980,TRINIDAD 1,Las Animas,1986;1987,1986:1816;1987:1816,True,0,1986,1816
1980,PRIMERO REORGANIZED 2,Las Animas,1986;1987,1986:232;1987:232,True,0,1986,232
1980,HOEHNE REORGANIZED 3,Las Animas,1986;1987,1986:316;1987:316,True,0,1986,316
1980,AGUILAR REORGANIZED 6,Las Animas,1986;1987,1986:213;1987:213,True,0,1986,213
1980,BRANSON REORGANIZED 82,Las Animas,1986;1987,1986:58;1987:58,True,0,1986,58
1980,KIM REORGANIZED 88,Las Animas,1986;1987,1986:107;1987:107,True,0,1986,107
1980,GENOA-HUGO C113*,Lincoln,1986;1987,1986:185;1987:185,True,0,1986,185
1980,LIMON RE-4J,Lincoln,1986;1987,1986:465;1987:465,True,0,1986,465
1980,GENOA RE 13*,Lincoln,1986;1987,1986:76;1987:76,True,0,1986,76
1980,KARVAL RE-23,Lincoln,1986;1987,1986:71;1987:71,True,0,1986,71
1980,ARRIBA RE 31*,Lincoln,1986;1987,1986:57;1987:57,True,0,1986,57
1980,VALLEY RE-1,Logan,1986;1987,1986:3264;1987:3264,True,0,1986,3264
1980,FRENCHMAN RE-3,Logan,1986;1987,1986:202;1987:202,True,0,1986,202
1980,BUFFALO RE-4(J),Logan,1986;1987,1986:251;1987:251,True,0,1986,251
1980,PLATEAU RE-5,Logan,1986;1987,1986:161;1987:161,True,0,1986,161
1980,DEBEQUE 49JT,Mesa,1986;1987,1986:130;1987:130,True,0,1986,130
1980,PLATEAU VALLEY 50,Mesa,1986;1987,1986:400;1987:400,True,0,1986,400
1980,MESA COUNTY VALLEY 51,Mesa,1986;1987,1986:15465;1987:15465,True,0,1986,15465
1980,CREEDE CONSOLIDATED 1,Mineral,1986;1987,1986:178;1987:178,True,0,1986,178
1980,MOFFAT COUNTY RE: NO 1,Moffat,1986;1987,1986:2866;1987:2866,True,0,1986,2866
1980,MONTEZUMA-CORTEZ RE-1,Montezuma,1986;1987,1986:2994;1987:2994,True,0,1986,2994
1980,MANCOS RE-6,Montezuma,1986;1987,1986:422;1987:422,True,0,1986,422
1980,MONTROSE COUNTY RE-1J,MONTROSE,1986;1987,1986:4493;1987:4493,True,0,1986,4493
1980,BRUSH RE-2(J),Morgan,1986;1987,1986:1378;1987:1378,True,0,1986,1378
1980,FORT MORGAN RE-3,Morgan,1986;1987,1986:2674;1987:2674,True,0,1986,2674
1980,WELDON VALLEY RE-20(J),Morgan,1986;1987,1986:148;1987:148,True,0,1986,148
1980,WIGGINS RE-50(J),Morgan,1986;1987,1986:456;1987:456,True,0,1986,456
1980,EAST OTERO R-1,Otero,1986;1987,1986:2438;1987:2438,True,0,1986,2438
1980,ROCKY FORD R-2,Otero,1986;1987,1986:1484;1987:1484,True,0,1986,1484
1980,MANZANOLA 3J,Otero,1986;1987,1986:299;1987:299,True,0,1986,299
1980,FOWLER R-4J,Otero,1986;1987,1986:492;1987:492,True,0,1986,492
1980,CHERAW 31,Otero,1986;1987,1986:180;1987:180,True,0,1986,180
1980,SWINK,Otero,1986;1987,1986:341;1987:341,True,0,1986,341
1980,OURAY,Ouray,1986;1987,1986:183;1987:183,True,0,1986,183
1980,PLATTE CANYON,Park,1986;1987,1986:987;1987:987,True,0,1986,987
1980,PARK COUNTY,Park,1986;1987,1986:383;1987:383,True,0,1986,383
1980,HOLYOKE,Phillips,1986;1987,1986:630;1987:630,True,0,1986,630
1980,HAXTUN,Phillips,1986;1987,1986:324;1987:324,True,0,1986,324
1980,ASPEN,Pitkin,1986;1987,1986:957;1987:957,True,0,1986,957
1980,GRANADA RE-1,Prowers,1986;1987,1986:334;1987:334,True,0,1986,334
1980,LAMAR RE-2,Prowers,1986;1987,1986:1990;1987:1990,True,0,1986,1990
1980,HOLLY RE-3,Prowers,1986;1987,1986:381;1987:381,True,0,1986,381
1980,WILEY RE-13 JT,Prowers,1986;1987,1986:242;1987:242,True,0,1986,242
1980,PUEBLO CITY 60,Pueblo,1986;1987,1986:20847;1987:20847,True,0,1986,20847
1980,PUEBLO COUNTY RURAL 70,Pueblo,1986;1987,1986:4775;1987:4775,True,0,1986,4775
1980,MEEKER RE1,Rio Blanco,1986;1987,1986:917;1987:917,True,0,1986,917
1980,RANGELY RE-4,Rio Blanco,1986;1987,1986:563;1987:563,True,0,1986,563
1980,DEL NORTE,Rio Grande,1986;1987,1986:763;1987:763,True,0,1986,763
1980,MONTE VISTA,Rio Grande,1986;1987,1986:1386;1987:1386,True,0,1986,1386
1980,SARGENT,Rio Grande,1986;1987,1986:399;1987:399,True,0,1986,399
1980,HAYDEN,Routt,1986;1987,1986:533;1987:533,True,0,1986,533
1980,STEAMBOAT SPRINGS,Routt,1986;1987,1986:1432;1987:1432,True,0,1986,1432
1980,SOUTH ROUTT,Routt,1986;1987,1986:539;1987:539,True,0,1986,539
1980,MOUNTAIN VALLEY,Saguache,1986;1987,1986:230;1987:230,True,0,1986,230
1980,MOFFAT,Saguache,1986;1987,1986:95;1987:95,True,0,1986,95
1980,CENTER 26 JT.,SAGUACHE,1986;1987,1986:582;1987:582,True,0,1986,582
1980,SILVERTON 1,SAN JUAN,1986;1987,1986:170;1987:170,True,0,1986,170
1980,TELLURIDE R-1,SAN MIGUEL,1986;1987,1986:213;1987:213,True,0,1986,213
1980,NORWOOD R-2J,SAN MIGUEL,1986;1987,1986:333;1987:333,True,0,1986,333
1980,EGNAR 18,SAN MIGUEL,1986;1987,1986:74;1987:74,True,0,1986,74
1980,JULESBURG RE-1,SEDGWICK,1986;1987,1986:375;1987:375,True,0,1986,375
1980,PLATTE VALLEY RE-3,SEDGWICK,1986;1987,1986:280;1987:280,True,0,1986,280
1980,SUMMIT RE-1,SUMMIT,1986;1987,1986:1335;1987:1335,True,0,1986,1335
1980,WOODLAND PARK RE-2,Teller,1986;1987,1986:1762;1987:1762,True,0,1986,1762
1980,AKRON R-1,Washington,1986;1987,1986:495;1987:495,True,0,1986,495
1980,ARICKAREE R-2,Washington,1986;1987,1986:130;1987:130,True,0,1986,130
1980,OTIS R-3,Washington,1986;1987,1986:193;1987:193,True,0,1986,193
1980,LONE STAR 101,Washington,1986;1987,1986:65;1987:65,True,0,1986,65
1980,WOODLIN 104,Washington,1986;1987,1986:114;1987:114,True,0,1986,114
1980,GILCREST RE-1,Weld,1986;1987,1986:1800;1987:1800,True,0,1986,1800
1980,EATON RE-2,Weld,1986;1987,1986:1187;1987:1187,True,0,1986,1187
1980,KEENESBURG RE-3(J),Weld,1986;1987,1986:1281;1987:1281,True,0,1986,1281
1980,WINDSOR RE-4,Weld,1986;1987,1986:1436;1987:1436,True,0,1986,1436
1980,JOHNSTOWN-MILLIKEN RE-5J,Weld,1986;1987,1986:1254;1987:1254,True,0,1986,1254
1980,GREELEY 6,Weld,1986;1987,1986:10158;1987:10158,True,0,1986,10158
1980,PLATTE VALLEY RE-7,Weld,1986;1987,1986:890;1987:890,True,0,1986,890
1980,FORT LUPTON RE-8,Weld,1986;1987,1986:1994;1987:1994,True,0,1986,1994
1980,AULT-HIGHLAND RE-9,Weld,1986;1987,1986:763;1987:763,True,0,1986,763
1980,GARFIELD,Garfield,1987,1987:203,True,0,1987,2064
1981,MAPLETON 1,Adams,1986;1987,1986:4864;1987:4864,True,0,1986,4864
1981,NORTHGLENN-THORNTON 12,Adams,1986;1987,1986:18470;1987:18470,True,0,1986,18470
1981,ADAMS COUNTY 14,Adams,1986;1987,1986:5910;1987:5910,True,0,1986,5910
1981,BRIGHTON 27J,Adams,1986;1987,1986:4114;1987:4114,True,0,1986,4114
1981,BENNETT 29J,Adams,1986;1987,1986:631;1987:631,True,0,1986,631
1981,STRASBURG 31J,Adams,1986;1987,1986:425;1987:425,True,0,1986,425
1981,WESTMINSTER 50,Adams,1986;1987,1986:12059;1987:12059,True,0,1986,12059
1981,ALAMOSA RE-11J,Alamosa,1986;1987,1986:2238;1987:2238,True,0,1986,2238
1981,SANGRE DE CRISTO RE-22J,Alamosa,1986;1987,1986:258;1987:258,True,0,1986,258
1981,ENGLEWOOD 1,Arapahoe,1986;1987,1986:3535;1987:3535,True,0,1986,3535
1981,SHERIDAN 2,Arapahoe,1986;1987,1986:1649;1987:1649,True,0,1986,1649
1981,CHERRY CREEK 5,Arapahoe,1986;1987,1986:21886;1987:21886,True,0,1986,21886
1981,LITTLETON 6,Arapahoe,1986;1987,1986:16919;1987:16919,True,0,1986,16919
1981,DEER TRAIL 26J,Arapahoe,1986;1987,1986:143;1987:143,True,0,1986,143
1981,ADAMS-ARAPAHOE 28J,Arapahoe,1986;1987,1986:23412;1987:23412,True,0,1986,23412
1981,BYERS 32J,Arapahoe,1986;1987,1986:366;1987:366,True,0,1986,366
1981,ARCHULETA COUNTY 50 JT,Archuleta,1986;1987,1986:1033;1987:1033,True,0,1986,1033
1981,WALSH RE-1,Baca,1986;1987,1986:372;1987:372,True,0,1986,372
1981,PRITCHETT RE-3,Baca,1986;1987,1986:73;1987:73,True,0,1986,73
1981,SPRINGFIELD RE-4,Baca,1986;1987,1986:450;1987:450,True,0,1986,450
1981,VILAS RE-5,Baca,1986;1987,1986:96;1987:96,True,0,1986,96
1981,CAMPO RE-6,Baca,1986;1987,1986:113;1987:113,True,0,1986,113
1981,LAS ANIMAS RE-1,Bent,1986;1987,1986:904;1987:904,True,0,1986,904
1981,MC CLAVE RE-2,Bent,1986;1987,1986:198;1987:198,True,0,1986,198
1981,ST. VRAIN VALLEY RE 1J,Boulder,1986;1987,1986:14579;1987:14579,True,0,1986,14579
1981,BOULDER VALLEY RE 2(J),Boulder,1986;1987,1986:20520;1987:20520,True,0,1986,20520
1981,BUENA VISTA R-31,Chaffee,1986;1987,1986:1239;1987:1239,True,0,1986,1239
1981,SALIDA R-32(J),Chaffee,1986;1987,1986:1381;1987:1381,True,0,1986,1381
1981,KIT CARSON R-1,Cheyenne,1986;1987,1986:113;1987:113,True,0,1986,113
1981,CHEYENNE COUNTY RE-5*,Cheyenne,1986;1987,1986:313;1987:313,True,0,1986,313
1981,ARAPAHOE R-3*,Cheyenne,1986;1987,1986:51;1987:51,True,0,1986,51
1981,CLEAR CREEK RE-1,Clear Creek,1986;1987,1986:1371;1987:1371,True,0,1986,1371
1981,NORTH CONEJOS RE-1J,Conejos,1986;1987,1986:1179;1987:1179,True,0,1986,1179
1981,SANFORD 6J,Conejos,1986;1987,1986:327;1987:327,True,0,1986,327
1981,SOUTH CONEJOS RE-10,Conejos,1986;1987,1986:586;1987:586,True,0,1986,586
1981,CENTENNIAL R-1,Costilla,1986;1987,1986:518;1987:518,True,0,1986,518
1981,SIERRA GRANDE R-30,Costilla,1986;1987,1986:260;1987:260,True,0,1986,260
1981,CROWLEY COUNTY RE-1-J,Crowley,1986;1987,1986:552;1987:552,True,0,1986,552
1981,CONSOLIDATED C-1,Custer,1986;1987,1986:298;1987:298,True,0,1986,298
1981,DELTA COUNTY 50(J),Delta,1986;1987,1986:4480;1987:4480,True,0,1986,4480
1981,DENVER COUNTY 1,Denver,1986;1987,1986:62438;1987:62438,True,0,1986,62438
1981,DOLores COUNTY RE NO.1,Dolores,1986;1987,1986:336;1987:336,True,0,1986,336
1981,DOUGLAS COUNTY RE 1(J),Douglas,1986;1987,1986:7065;1987:7065,True,0,1986,7065
1981,EAGLE COUNTY RE 50(J),Eagle,1986;1987,1986:2071;1987:2071,True,0,1986,2071
1981,ELIZABETH C-1,Elbert,1986;1987,1986:1001;1987:1001,True,0,1986,1001
1981,KIOWA C-2,Elbert,1986;1987,1986:160;1987:160,True,0,1986,160
1981,BIG SANDY 100(J),Elbert,1986;1987,1986:268;1987:268,True,0,1986,268
1981,ELBERT 200,Elbert,1986;1987,1986:138;1987:138,True,0,1986,138
1981,AGATE,Elbert,1986;1987,1986:42;1987:42,True,0,1986,42
1981,CALHAN,El Paso,1986;1987,1986:311;1987:311,True,0,1986,311
1981,HARRISON,El Paso,1986;1987,1986:7336;1987:7336,True,0,1986,7336
1981,WIDEFIELD,El Paso,1986;1987,1986:6618;1987:6618,True,0,1986,6618
1981,FOUNTAIN,El Paso,1986;1987,1986:3433;1987:3433,True,0,1986,3433
1981,COLORADO SPRINGS,El Paso,1986;1987,1986:30689;1987:30689,True,0,1986,30689
1981,CHEYENNE MOUNTAIN,El Paso,1986;1987,1986:2108;1987:2108,True,0,1986,2108
1981,MANITOU SPRINGS,El Paso,1986;1987,1986:1134;1987:1134,True,0,1986,1134
1981,ACADEMY 20,El Paso,1986;1987,1986:5448;1987:5448,True,0,1986,5448
1981,ELLICOTT 22,El Paso,1986;1987,1986:410;1987:410,True,0,1986,410
1981,PEYTON 23 JT,El Paso,1986;1987,1986:258;1987:258,True,0,1986,258
1981,HANOVER 28,El Paso,1986;1987,1986:64;1987:64,True,0,1986,64
1981,LEWIS-PALMER 38,El Paso,1986;1987,1986:1409;1987:1409,True,0,1986,1409
1981,FALCON 49,El Paso,1986;1987,1986:1462;1987:1462,True,0,1986,1462
1981,EDISON 54 JT,El Paso,1986;1987,1986:38;1987:38,True,0,1986,38
1981,MIAMI/YODER 60 JT,El Paso,1986;1987,1986:148;1987:148,True,0,1986,148
1981,CANON CITY RE-1,Fremont,1986;1987,1986:3448;1987:3448,True,0,1986,3448
1981,FLORENCE RE-2(J),Fremont,1986;1987,1986:1657;1987:1657,True,0,1986,1657
1981,COTOPAXI RE-3,Fremont,1986;1987,1986:225;1987:225,True,0,1986,225
1981,ROARING FORK RE-1(J),Garfield,1986;1987,1986:3147;1987:3147,True,0,1986,3147
1981,GILPIN COUNTY RE-1,Gilpin,1986;1987,1986:295;1987:295,True,0,1986,295
1981,WEST GRAND 1(JT),Grand,1986;1987,1986:543;1987:543,True,0,1986,543
1981,EAST GRAND 2,Grand,1986;1987,1986:1003;1987:1003,True,0,1986,1003
1981,GUNNISON WATERSHED RE1J,Gunnison,1986;1987,1986:1493;1987:1493,True,0,1986,1493
1981,HINSDALE COUNTY RE. 1,Hinsdale,1986;1987,1986:31;1987:31,True,0,1986,31
1981,HUERFANO RE-1,Huerfano,1986;1987,1986:1000;1987:1000,True,0,1986,1000
1981,LA VETA RE-2,Huerfano,1986;1987,1986:229;1987:229,True,0,1986,229
1981,NORTH PARK R-1,Jackson,1986;1987,1986:401;1987:401,True,0,1986,401
1981,JEFFERSON COUNTY R-1,Jefferson,1986;1987,1986:77274;1987:77274,True,0,1986,77274
1981,EADS RE-1,Kiowa,1986;1987,1986:283;1987:283,True,0,1986,283
1981,PLAINVIEW RE-2,Kiowa,1986;1987,1986:79;1987:79,True,0,1986,79
1981,ARRIBA-FLAGLER C-20*,Kit Carson,1986;1987,1986:204;1987:204,True,0,1986,204
1981,HI-PLAINS R-23**,Kit Carson,1986;1987,1986:55;1987:55,True,0,1986,55
1981,VONA R-3,Kit Carson,1986;1987,1986:72;1987:72,True,0,1986,72
1981,STRATTON R-4,Kit Carson,1986;1987,1986:263;1987:263,True,0,1986,263
1981,BETHUNE R-5,Kit Carson,1986;1987,1986:114;1987:114,True,0,1986,114
1981,BURLINGTON RE-6J,Kit Carson,1986;1987,1986:931;1987:931,True,0,1986,931
1981,LAKE COUNTY R-1,Lake,1986;1987,1986:1851;1987:1851,True,0,1986,1851
1981,DURANGO 9-R,La Plata,1986;1987,1986:3818;1987:3818,True,0,1986,3818
1981,BAYFIELD 10 JT-R,La Plata,1986;1987,1986:601;1987:601,True,0,1986,601
1981,IGNACIO 11 JT,La Plata,1986;1987,1986:823;1987:823,True,0,1986,823
1981,POUDRE R-1,Larimer,1986;1987,1986:14972;1987:14972,True,0,1986,14972
1981,THOMPSON R-2J,Larimer,1986;1987,1986:10144;1987:10144,True,0,1986,10144
1981,PARK (ESTES PARK) R-3(J),Larimer,1986;1987,1986:1003;1987:1003,True,0,1986,1003
1981,TRINIDAD 1,Las Animas,1986;1987,1986:1741;1987:1741,True,0,1986,1741
1981,PRIMERO REORGANIZED 2,Las Animas,1986;1987,1986:230;1987:230,True,0,1986,230
1981,HOEHNE REORGANIZED 3,Las Animas,1986;1987,1986:303;1987:303,True,0,1986,303
1981,AGUILAR REORGANIZED 6,Las Animas,1986;1987,1986:217;1987:217,True,0,1986,217
1981,BRANSON REORGANIZED 82,Las Animas,1986;1987,1986:58;1987:58,True,0,1986,58
1981,KIM REORGANIZED 88,Las Animas,1986;1987,1986:103;1987:103,True,0,1986,103
1981,GENOA-HUGO C113*,Lincoln,1986;1987,1986:170;1987:170,True,0,1986,170
1981,LIMON RE-4J,Lincoln,1986;1987,1986:451;1987:451,True,0,1986,451
1981,GENOA RE 13*,Lincoln,1986;1987,1986:64;1987:64,True,0,1986,64
1981,KARVAL RE-23,Lincoln,1986;1987,1986:63;1987:63,True,0,1986,63
1981,ARRIBA RE 31*,Lincoln,1986;1987,1986:43;1987:43,True,0,1986,43
1981,VALLEY RE-1,Logan,1986;1987,1986:3162;1987:3162,True,0,1986,3162
1981,FRENCHMAN RE-3,Logan,1986;1987,1986:194;1987:194,True,0,1986,194
1981,BUFFALO RE-4(J),Logan,1986;1987,1986:241;1987:241,True,0,1986,241
1981,PLATEAU RE-5,Logan,1986;1987,1986:149;1987:149,True,0,1986,149
1981,DEBEQUE 49JT,Mesa,1986;1987,1986:168;1987:168,True,0,1986,168
1981,PLATEAU VALLEY 50,Mesa,1986;1987,1986:417;1987:417,True,0,1986,417
1981,MESA COUNTY VALLEY 51,Mesa,1986;1987,1986:15826;1987:15826,True,0,1986,15826
1981,CREEDE CONSOLIDATED 1,Mineral,1986;1987,1986:166;1987:166,True,0,1986,166
1981,MOFFAT COUNTY RE: NO 1,Moffat,1986;1987,1986:3059;1987:3059,True,0,1986,3059
1981,MONTEZUMA-CORTEZ RE-1,Montezuma,1986;1987,1986:2983;1987:2983,True,0,1986,2983
1981,MANCOS RE-6,Montezuma,1986;1987,1986:472;1987:472,True,0,1986,472
1981,MONTROSE COUNTY RE-1J,MONTROSE,1986;1987,1986:4520;1987:4520,True,0,1986,4520
1981,BRUSH RE-2(J),Morgan,1986;1987,1986:1376;1987:1376,True,0,1986,1376
1981,FORT MORGAN RE-3,Morgan,1986;1987,1986:2606;1987:2606,True,0,1986,2606
1981,WELDON VALLEY RE-20(J),Morgan,1986;1987,1986:150;1987:150,True,0,1986,150
1981,WIGGINS RE-50(J),Morgan,1986;1987,1986:392;1987:392,True,0,1986,392
1981,EAST OTERO R-1,Otero,1986;1987,1986:2363;1987:2363,True,0,1986,2363
1981,ROCKY FORD R-2,Otero,1986;1987,1986:1450;1987:1450,True,0,1986,1450
1981,MANZANOLA 3J,Otero,1986;1987,1986:271;1987:271,True,0,1986,271
1981,FOWLER R-4J,Otero,1986;1987,1986:471;1987:471,True,0,1986,471
1981,CHERAW 31,Otero,1986;1987,1986:178;1987:178,True,0,1986,178
1981,SWINK,Otero,1986;1987,1986:299;1987:299,True,0,1986,299
1981,OURAY,Ouray,1986;1987,1986:207;1987:207,True,0,1986,207
1981,PLATTE CANYON,Park,1986;1987,1986:995;1987:995,True,0,1986,995
1981,PARK COUNTY,Park,1986;1987,1986:423;1987:423,True,0,1986,423
1981,HOLYOKE,Phillips,1986;1987,1986:609;1987:609,True,0,1986,609
1981,HAXTUN,Phillips,1986;1987,1986:336;1987:336,True,0,1986,336
1981,ASPEN,Pitkin,1986;1987,1986:928;1987:928,True,0,1986,928
1981,GRANADA RE-1,Prowers,1986;1987,1986:316;1987:316,True,0,1986,316
1981,LAMAR RE-2,Prowers,1986;1987,1986:2025;1987:2025,True,0,1986,2025
1981,HOLLY RE-3,Prowers,1986;1987,1986:333;1987:333,True,0,1986,333
1981,WILEY RE-13 JT,Prowers,1986;1987,1986:243;1987:243,True,0,1986,243
1981,PUEBLO CITY 60,Pueblo,1986;1987,1986:20110;1987:20110,True,0,1986,20110
1981,PUEBLO COUNTY RURAL 70,Pueblo,1986;1987,1986:4604;1987:4604,True,0,1986,4604
1981,MEEKER RE1,Rio Blanco,1986;1987,1986:974;1987:974,True,0,1986,974
1981,RANGELY RE-4,Rio Blanco,1986;1987,1986:633;1987:633,True,0,1986,633
1981,DEL NORTE,Rio Grande,1986;1987,1986:721;1987:721,True,0,1986,721
1981,MONTE VISTA,Rio Grande,1986;1987,1986:1404;1987:1404,True,0,1986,1404
1981,SARGENT,Rio Grande,1986;1987,1986:451;1987:451,True,0,1986,451
1981,HAYDEN,Routt,1986;1987,1986:554;1987:554,True,0,1986,554
1981,STEAMBOAT SPRINGS,Routt,1986;1987,1986:1432;1987:1432,True,0,1986,1432
1981,SOUTH ROUTT,Routt,1986;1987,1986:523;1987:523,True,0,1986,523
1981,MOUNTAIN VALLEY,Saguache,1986;1987,1986:243;1987:243,True,0,1986,243
1981,MOFFAT,Saguache,1986;1987,1986:121;1987:121,True,0,1986,121
1981,CENTER 26 JT.,SAGUACHE,1986;1987,1986:572;1987:572,True,0,1986,572
1981,SILVERTON 1,SAN JUAN,1986;1987,1986:179;1987:179,True,0,1986,179
1981,TELLURIDE R-1,SAN MIGUEL,1986;1987,1986:169;1987:169,True,0,1986,169
1981,NORWOOD R-2J,SAN MIGUEL,1986;1987,1986:324;1987:324,True,0,1986,324
1981,EGNAR 18,SAN MIGUEL,1986;1987,1986:64;1987:64,True,0,1986,64
1981,JULESBURG RE-1,SEDGWICK,1986;1987,1986:395;1987:395,True,0,1986,395
1981,PLATTE VALLEY RE-3,SEDGWICK,1986;1987,1986:266;1987:266,True,0,1986,266
1981,SUMMIT RE-1,SUMMIT,1986;1987,1986:1384;1987:1384,True,0,1986,1384
1981,WOODLAND PARK RE-2,Teller,1986;1987,1986:1726;1987:1726,True,0,1986,1726
1981,AKRON R-1,Washington,1986;1987,1986:488;1987:488,True,0,1986,488
1981,ARICKAREE R-2,Washington,1986;1987,1986:137;1987:137,True,0,1986,137
1981,OTIS R-3,Washington,1986;1987,1986:213;1987:213,True,0,1986,213
1981,LONE STAR 101,Washington,1986;1987,1986:65;1987:65,True,0,1986,65
1981,WOODLIN 104,Washington,1986;1987,1986:98;1987:98,True,0,1986,98
1981,GILCREST RE-1,Weld,1986;1987,1986:1714;1987:1714,True,0,1986,1714
1981,EATON RE-2,Weld,1986;1987,1986:1126;1987:1126,True,0,1986,1126
1981,KEENESBURG RE-3(J),Weld,1986;1987,1986:1284;1987:1284,True,0,1986,1284
1981,WINDSOR RE-4,Weld,1986;1987,1986:1418;1987:1418,True,0,1986,1418
1981,JOHNSTOWN-MILLIKEN RE-5J,Weld,1986;1987,1986:1204;1987:1204,True,0,1986,1204
1981,GREELEY 6,Weld,1986;1987,1986:10151;1987:10151,True,0,1986,10151
1981,PLATTE VALLEY RE-7,Weld,1986;1987,1986:850;1987:850,True,0,1986,850
1981,FORT LUPTON RE-8,Weld,1986;1987,1986:2034;1987:2034,True,0,1986,2034
1981,AULT-HIGHLAND RE-9,Weld,1986;1987,1986:722;1987:722,True,0,1986,722
1981,GARFIELD,Garfield,1987,1987:462,True,0,1987,2386
1982,MAPLETON 1,Adams,1986;1987,1986:4787;1987:4787,True,0,1986,4787
1982,NORTHGLENN-THORNTON 12,Adams,1986;1987,1986:18824;1987:18824,True,0,1986,18824
1982,ADAMS COUNTY 14,Adams,1986;1987,1986:5673;1987:5673,True,0,1986,5673
1982,BRIGHTON 27J,Adams,1986;1987,1986:4123;1987:4123,True,0,1986,4123
1982,BENNETT 29J,Adams,1986;1987,1986:660;1987:660,True,0,1986,660
1982,STRASBURG 31J,Adams,1986;1987,1986:425;1987:425,True,0,1986,425
1982,WESTMINSTER 50,Adams,1986;1987,1986:11791;1987:11791,True,0,1986,11791
1982,ALAMOSA RE-11J,Alamosa,1986;1987,1986:2261;1987:2261,True,0,1986,2261
1982,SANGRE DE CRISTO RE-22J,Alamosa,1986;1987,1986:269;1987:269,True,0,1986,269
1982,ENGLEWOOD 1,Arapahoe,1986;1987,1986:3557;1987:3557,True,0,1986,3557
1982,SHERIDAN 2,Arapahoe,1986;1987,1986:1604;1987:1604,True,0,1986,1604
1982,CHERRY CREEK 5,Arapahoe,1986;1987,1986:22668;1987:22668,True,0,1986,22668
1982,LITTLETON 6,Arapahoe,1986;1987,1986:16550;1987:16550,True,0,1986,16550
1982,DEER TRAIL 26J,Arapahoe,1986;1987,1986:143;1987:143,True,0,1986,143
1982,ADAMS-ARAPAHOE 28J,Arapahoe,1986;1987,1986:24214;1987:24214,True,0,1986,24214
1982,BYERS 32J,Arapahoe,1986;1987,1986:353;1987:353,True,0,1986,353
1982,ARCHULETA COUNTY 50 JT,Archuleta,1986;1987,1986:1037;1987:1037,True,0,1986,1037
1982,WALSH RE-1,Baca,1986;1987,1986:358;1987:358,True,0,1986,358
1982,PRITCHETT RE-3,Baca,1986;1987,1986:73;1987:73,True,0,1986,73
1982,SPRINGFIELD RE-4,Baca,1986;1987,1986:418;1987:418,True,0,1986,418
1982,VILAS RE-5,Baca,1986;1987,1986:95;1987:95,True,0,1986,95
1982,CAMPO RE-6,Baca,1986;1987,1986:100;1987:100,True,0,1986,100
1982,LAS ANIMAS RE-1,Bent,1986;1987,1986:923;1987:923,True,0,1986,923
1982,MC CLAVE RE-2,Bent,1986;1987,1986:179;1987:179,True,0,1986,179
1982,ST. VRAIN VALLEY RE 1J,Boulder,1986;1987,1986:14549;1987:14549,True,0,1986,14549
1982,BOULDER VALLEY RE 2(J),Boulder,1986;1987,1986:20322;1987:20322,True,0,1986,20322
1982,BUENA VISTA R-31,Chaffee,1986;1987,1986:1159;1987:1159,True,0,1986,1159
1982,SALIDA R-32(J),Chaffee,1986;1987,1986:1341;1987:1341,True,0,1986,1341
1982,KIT CARSON R-1,Cheyenne,1986;1987,1986:116;1987:116,True,0,1986,116
1982,CHEYENNE COUNTY RE-5*,Cheyenne,1986;1987,1986:303;1987:303,True,0,1986,303
1982,ARAPAHOE R-3*,Cheyenne,1986;1987,1986:22;1987:22,True,0,1986,22
1982,CLEAR CREEK RE-1,Clear Creek,1986;1987,1986:1456;1987:1456,True,0,1986,1456
1982,NORTH CONEJOS RE-1J,Conejos,1986;1987,1986:1139;1987:1139,True,0,1986,1139
1982,SANFORD 6J,Conejos,1986;1987,1986:320;1987:320,True,0,1986,320
1982,SOUTH CONEJOS RE-10,Conejos,1986;1987,1986:587;1987:587,True,0,1986,587
1982,CENTENNIAL R-1,Costilla,1986;1987,1986:496;1987:496,True,0,1986,496
1982,SIERRA GRANDE R-30,Costilla,1986;1987,1986:262;1987:262,True,0,1986,262
1982,CROWLEY COUNTY RE-1-J,Crowley,1986;1987,1986:567;1987:567,True,0,1986,567
1982,CONSOLIDATED C-1,Custer,1986;1987,1986:307;1987:307,True,0,1986,307
1982,DELTA COUNTY 50(J),Delta,1986;1987,1986:4398;1987:4398,True,0,1986,4398
1982,DENVER COUNTY 1,Denver,1986;1987,1986:62309;1987:62309,True,0,1986,62309
1982,DOLores COUNTY RE NO.1,Dolores,1986;1987,1986:403;1987:403,True,0,1986,403
1982,DOUGLAS COUNTY RE 1(J),Douglas,1986;1987,1986:7475;1987:7475,True,0,1986,7475
1982,EAGLE COUNTY RE 50(J),Eagle,1986;1987,1986:2097;1987:2097,True,0,1986,2097
1982,ELIZABETH C-1,Elbert,1986;1987,1986:1006;1987:1006,True,0,1986,1006
1982,KIOWA C-2,Elbert,1986;1987,1986:197;1987:197,True,0,1986,197
1982,BIG SANDY 100(J),Elbert,1986;1987,1986:276;1987:276,True,0,1986,276
1982,ELBERT 200,Elbert,1986;1987,1986:136;1987:136,True,0,1986,136
1982,AGATE,Elbert,1986;1987,1986:57;1987:57,True,0,1986,57
1982,CALHAN,El Paso,1986;1987,1986:329;1987:329,True,0,1986,329
1982,HARRISON,El Paso,1986;1987,1986:7524;1987:7524,True,0,1986,7524
1982,WIDEFIELD,El Paso,1986;1987,1986:6418;1987:6418,True,0,1986,6418
1982,FOUNTAIN,El Paso,1986;1987,1986:3563;1987:3563,True,0,1986,3563
1982,COLORADO SPRINGS,El Paso,1986;1987,1986:29843;1987:29843,True,0,1986,29843
1982,CHEYENNE MOUNTAIN,El Paso,1986;1987,1986:2173;1987:2173,True,0,1986,2173
1982,MANITOU SPRINGS,El Paso,1986;1987,1986:1161;1987:1161,True,0,1986,1161
1982,ACADEMY 20,El Paso,1986;1987,1986:5918;1987:5918,True,0,1986,5918
1982,ELLICOTT 22,El Paso,1986;1987,1986:460;1987:460,True,0,1986,460
1982,PEYTON 23 JT,El Paso,1986;1987,1986:262;1987:262,True,0,1986,262
1982,HANOVER 28,El Paso,1986;1987,1986:53;1987:53,True,0,1986,53
1982,LEWIS-PALMER 38,El Paso,1986;1987,1986:1474;1987:1474,True,0,1986,1474
1982,FALCON 49,El Paso,1986;1987,1986:1541;1987:1541,True,0,1986,1541
1982,EDISON 54 JT,El Paso,1986;1987,1986:37;1987:37,True,0,1986,37
1982,MIAMI/YODER 60 JT,El Paso,1986;1987,1986:145;1987:145,True,0,1986,145
1982,CANON CITY RE-1,Fremont,1986;1987,1986:3494;1987:3494,True,0,1986,3494
1982,FLORENCE RE-2(J),Fremont,1986;1987,1986:1661;1987:1661,True,0,1986,1661
1982,COTOPAXI RE-3,Fremont,1986;1987,1986:221;1987:221,True,0,1986,221
1982,ROARING FORK RE-1(J),Garfield,1986;1987,1986:3083;1987:3083,True,0,1986,3083
1982,GILPIN COUNTY RE-1,Gilpin,1986;1987,1986:348;1987:348,True,0,1986,348
1982,WEST GRAND 1(JT),Grand,1986;1987,1986:540;1987:540,True,0,1986,540
1982,EAST GRAND 2,Grand,1986;1987,1986:961;1987:961,True,0,1986,961
1982,GUNNISON WATERSHED RE1J,Gunnison,1986;1987,1986:1439;1987:1439,True,0,1986,1439
1982,HINSDALE COUNTY RE. 1,Hinsdale,1986;1987,1986:38;1987:38,True,0,1986,38
1982,HUERFANO RE-1,Huerfano,1986;1987,1986:976;1987:976,True,0,1986,976
1982,LA VETA RE-2,Huerfano,1986;1987,1986:220;1987:220,True,0,1986,220
1982,NORTH PARK R-1,Jackson,1986;1987,1986:365;1987:365,True,0,1986,365
1982,JEFFERSON COUNTY R-1,Jefferson,1986;1987,1986:76530;1987:76530,True,0,1986,76530
1982,EADS RE-1,Kiowa,1986;1987,1986:283;1987:283,True,0,1986,283
1982,PLAINVIEW RE-2,Kiowa,1986;1987,1986:82;1987:82,True,0,1986,82
1982,ARRIBA-FLAGLER C-20*,Kit Carson,1986;1987,1986:202;1987:202,True,0,1986,202
1982,HI-PLAINS R-23**,Kit Carson,1986;1987,1986:57;1987:57,True,0,1986,57
1982,VONA R-3,Kit Carson,1986;1987,1986:72;1987:72,True,0,1986,72
1982,STRATTON R-4,Kit Carson,1986;1987,1986:268;1987:268,True,0,1986,268
1982,BETHUNE R-5,Kit Carson,1986;1987,1986:100;1987:100,True,0,1986,100
1982,BURLINGTON RE-6J,Kit Carson,1986;1987,1986:969;1987:969,True,0,1986,969
1982,LAKE COUNTY R-1,Lake,1986;1987,1986:1634;1987:1634,True,0,1986,1634
1982,DURANGO 9-R,La Plata,1986;1987,1986:3784;1987:3784,True,0,1986,3784
1982,BAYFIELD 10 JT-R,La Plata,1986;1987,1986:572;1987:572,True,0,1986,572
1982,IGNACIO 11 JT,La Plata,1986;1987,1986:840;1987:840,True,0,1986,840
1982,POUDRE R-1,Larimer,1986;1987,1986:15234;1987:15234,True,0,1986,15234
1982,THOMPSON R-2J,Larimer,1986;1987,1986:10374;1987:10374,True,0,1986,10374
1982,PARK (ESTES PARK) R-3(J),Larimer,1986;1987,1986:991;1987:991,True,0,1986,991
1982,TRINIDAD 1,Las Animas,1986;1987,1986:1711;1987:1711,True,0,1986,1711
1982,PRIMERO REORGANIZED 2,Las Animas,1986;1987,1986:205;1987:205,True,0,1986,205
1982,HOEHNE REORGANIZED 3,Las Animas,1986;1987,1986:292;1987:292,True,0,1986,292
1982,AGUILAR REORGANIZED 6,Las Animas,1986;1987,1986:209;1987:209,True,0,1986,209
1982,BRANSON REORGANIZED 82,Las Animas,1986;1987,1986:51;1987:51,True,0,1986,51
1982,KIM REORGANIZED 88,Las Animas,1986;1987,1986:106;1987:106,True,0,1986,106
1982,GENOA-HUGO C113*,Lincoln,1986;1987,1986:166;1987:166,True,0,1986,166
1982,LIMON RE-4J,Lincoln,1986;1987,1986:425;1987:425,True,0,1986,425
1982,GENOA RE 13*,Lincoln,1986;1987,1986:56;1987:56,True,0,1986,56
1982,KARVAL RE-23,Lincoln,1986;1987,1986:70;1987:70,True,0,1986,70
1982,ARRIBA RE 31*,Lincoln,1986;1987,1986:35;1987:35,True,0,1986,35
1982,VALLEY RE-1,Logan,1986;1987,1986:3161;1987:3161,True,0,1986,3161
1982,FRENCHMAN RE-3,Logan,1986;1987,1986:202;1987:202,True,0,1986,202
1982,BUFFALO RE-4(J),Logan,1986;1987,1986:227;1987:227,True,0,1986,227
1982,PLATEAU RE-5,Logan,1986;1987,1986:134;1987:134,True,0,1986,134
1982,DEBEQUE 49JT,Mesa,1986;1987,1986:137;1987:137,True,0,1986,137
1982,PLATEAU VALLEY 50,Mesa,1986;1987,1986:415;1987:415,True,0,1986,415
1982,MESA COUNTY VALLEY 51,Mesa,1986;1987,1986:16516;1987:16516,True,0,1986,16516
1982,CREEDE CONSOLIDATED 1,Mineral,1986;1987,1986:170;1987:170,True,0,1986,170
1982,MOFFAT COUNTY RE: NO 1,Moffat,1986;1987,1986:3203;1987:3203,True,0,1986,3203
1982,MONTEZUMA-CORTEZ RE-1,Montezuma,1986;1987,1986:3088;1987:3088,True,0,1986,3088
1982,MANCOS RE-6,Montezuma,1986;1987,1986:468;1987:468,True,0,1986,468
1982,MONTROSE COUNTY RE-1J,MONTROSE,1986;1987,1986:4599;1987:4599,True,0,1986,4599
1982,BRUSH RE-2(J),Morgan,1986;1987,1986:1336;1987:1336,True,0,1986,1336
1982,FORT MORGAN RE-3,Morgan,1986;1987,1986:2582;1987:2582,True,0,1986,2582
1982,WELDON VALLEY RE-20(J),Morgan,1986;1987,1986:130;1987:130,True,0,1986,130
1982,WIGGINS RE-50(J),Morgan,1986;1987,1986:413;1987:413,True,0,1986,413
1982,EAST OTERO R-1,Otero,1986;1987,1986:2340;1987:2340,True,0,1986,2340
1982,ROCKY FORD R-2,Otero,1986;1987,1986:1350;1987:1350,True,0,1986,1350
1982,MANZANOLA 3J,Otero,1986;1987,1986:262;1987:262,True,0,1986,262
1982,FOWLER R-4J,Otero,1986;1987,1986:466;1987:466,True,0,1986,466
1982,CHERAW 31,Otero,1986;1987,1986:172;1987:172,True,0,1986,172
1982,SWINK,Otero,1986;1987,1986:327;1987:327,True,0,1986,327
1982,OURAY,Ouray,1986;1987,1986:175;1987:175,True,0,1986,175
1982,PLATTE CANYON,Park,1986;1987,1986:991;1987:991,True,0,1986,991
1982,PARK COUNTY,Park,1986;1987,1986:410;1987:410,True,0,1986,410
1982,HOLYOKE,Phillips,1986;1987,1986:623;1987:623,True,0,1986,623
1982,HAXTUN,Phillips,1986;1987,1986:324;1987:324,True,0,1986,324
1982,ASPEN,Pitkin,1986;1987,1986:934;1987:934,True,0,1986,934
1982,GRANADA RE-1,Prowers,1986;1987,1986:324;1987:324,True,0,1986,324
1982,LAMAR RE-2,Prowers,1986;1987,1986:2062;1987:2062,True,0,1986,2062
1982,HOLLY RE-3,Prowers,1986;1987,1986:359;1987:359,True,0,1986,359
1982,WILEY RE-13 JT,Prowers,1986;1987,1986:243;1987:243,True,0,1986,243
1982,PUEBLO CITY 60,Pueblo,1986;1987,1986:19449;1987:19449,True,0,1986,19449
1982,PUEBLO COUNTY RURAL 70,Pueblo,1986;1987,1986:4606;1987:4606,True,0,1986,4606
1982,MEEKER RE1,Rio Blanco,1986;1987,1986:932;1987:932,True,0,1986,932
1982,RANGELY RE-4,Rio Blanco,1986;1987,1986:697;1987:697,True,0,1986,697
1982,DEL NORTE,Rio Grande,1986;1987,1986:678;1987:678,True,0,1986,678
1982,MONTE VISTA,Rio Grande,1986;1987,1986:1389;1987:1389,True,0,1986,1389
1982,SARGENT,Rio Grande,1986;1987,1986:453;1987:453,True,0,1986,453
1982,HAYDEN,Routt,1986;1987,1986:554;1987:554,True,0,1986,554
1982,STEAMBOAT SPRINGS,Routt,1986;1987,1986:1428;1987:1428,True,0,1986,1428
1982,SOUTH ROUTT,Routt,1986;1987,1986:517;1987:517,True,0,1986,517
1982,MOUNTAIN VALLEY,Saguache,1986;1987,1986:217;1987:217,True,0,1986,217
1982,MOFFAT,Saguache,1986;1987,1986:120;1987:120,True,0,1986,120
1982,CENTER 26 JT.,SAGUACHE,1986;1987,1986:600;1987:600,True,0,1986,600
1982,SILVERTON 1,SAN JUAN,1986;1987,1986:182;1987:182,True,0,1986,182
1982,TELLURIDE R-1,SAN MIGUEL,1986;1987,1986:178;1987:178,True,0,1986,178
1982,NORWOOD R-2J,SAN MIGUEL,1986;1987,1986:325;1987:325,True,0,1986,325
1982,EGNAR 18,SAN MIGUEL,1986;1987,1986:60;1987:60,True,0,1986,60
1982,JULESBURG RE-1,SEDGWICK,1986;1987,1986:388;1987:388,True,0,1986,388
1982,PLATTE VALLEY RE-3,SEDGWICK,1986;1987,1986:242;1987:242,True,0,1986,242
1982,SUMMIT RE-1,SUMMIT,1986;1987,1986:1401;1987:1401,True,0,1986,1401
1982,WOODLAND PARK RE-2,Teller,1986;1987,1986:1856;1987:1856,True,0,1986,1856
1982,AKRON R-1,Washington,1986;1987,1986:512;1987:512,True,0,1986,512
1982,ARICKAREE R-2,Washington,1986;1987,1986:131;1987:131,True,0,1986,131
1982,OTIS R-3,Washington,1986;1987,1986:214;1987:214,True,0,1986,214
1982,LONE STAR 101,Washington,1986;1987,1986:55;1987:55,True,0,1986,55
1982,WOODLIN 104,Washington,1986;1987,1986:102;1987:102,True,0,1986,102
1982,GILCREST RE-1,Weld,1986;1987,1986:1751;1987:1751,True,0,1986,1751
1982,EATON RE-2,Weld,1986;1987,1986:1160;1987:1160,True,0,1986,1160
1982,KEENESBURG RE-3(J),Weld,1986;1987,1986:1212;1987:1212,True,0,1986,1212
1982,WINDSOR RE-4,Weld,1986;1987,1986:1432;1987:1432,True,0,1986,1432
1982,JOHNSTOWN-MILLIKEN RE-5J,Weld,1986;1987,1986:1207;1987:1207,True,0,1986,1207
1982,GREELEY 6,Weld,1986;1987,1986:10412;1987:10412,True,0,1986,10412
1982,PLATTE VALLEY RE-7,Weld,1986;1987,1986:847;1987:847,True,0,1986,847
1982,FORT LUPTON RE-8,Weld,1986;1987,1986:2090;1987:2090,True,0,1986,2090
1982,AULT-HIGHLAND RE-9,Weld,1986;1987,1986:805;1987:805,True,0,1986,805
1982,GARFIELD,Garfield,1987,1987:689,True,0,1987,2327
1983,MAPLETON 1,Adams,1986;1987,1986:4683;1987:4683,True,0,1986,4683
1983,NORTHGLENN-THORNTON 12,Adams,1986;1987,1986:19070;1987:19070,True,0,1986,19070
1983,ADAMS COUNTY 14,Adams,1986;1987,1986:5762;1987:5762,True,0,1986,5762
1983,BRIGHTON 27J,Adams,1986;1987,1986:4095;1987:4095,True,0,1986,4095
1983,BENNETT 29J,Adams,1986;1987,1986:738;1987:738,True,0,1986,738
1983,STRASBURG 31J,Adams,1986;1987,1986:456;1987:456,True,0,1986,456
1983,WESTMINSTER 50,Adams,1986;1987,1986:11328;1987:11328,True,0,1986,11328
1983,ALAMOSA RE-11J,Alamosa,1986;1987,1986:2266;1987:2266,True,0,1986,2266
1983,SANGRE DE CRISTO RE-22J,Alamosa,1986;1987,1986:260;1987:260,True,0,1986,260
1983,ENGLEWOOD 1,Arapahoe,1986;1987,1986:3425;1987:3425,True,0,1986,3425
1983,SHERIDAN 2,Arapahoe,1986;1987,1986:1558;1987:1558,True,0,1986,1558
1983,CHERRY CREEK 5,Arapahoe,1986;1987,1986:23433;1987:23433,True,0,1986,23433
1983,LITTLETON 6,Arapahoe,1986;1987,1986:16238;1987:16238,True,0,1986,16238
1983,DEER TRAIL 26J,Arapahoe,1986;1987,1986:143;1987:143,True,0,1986,143
1983,ADAMS-ARAPAHOE 28J,Arapahoe,1986;1987,1986:24573;1987:24573,True,0,1986,24573
1983,BYERS 32J,Arapahoe,1986;1987,1986:371;1987:371,True,0,1986,371
1983,ARCHULETA COUNTY 50 JT,Archuleta,1986;1987,1986:1056;1987:1056,True,0,1986,1056
1983,WALSH RE-1,Baca,1986;1987,1986:340;1987:340,True,0,1986,340
1983,PRITCHETT RE-3,Baca,1986;1987,1986:66;1987:66,True,0,1986,66
1983,SPRINGFIELD RE-4,Baca,1986;1987,1986:409;1987:409,True,0,1986,409
1983,VILAS RE-5,Baca,1986;1987,1986:74;1987:74,True,0,1986,74
1983,CAMPO RE-6,Baca,1986;1987,1986:93;1987:93,True,0,1986,93
1983,LAS ANIMAS RE-1,Bent,1986;1987,1986:888;1987:888,True,0,1986,888
1983,MC CLAVE RE-2,Bent,1986;1987,1986:172;1987:172,True,0,1986,172
1983,ST. VRAIN VALLEY RE 1J,Boulder,1986;1987,1986:14551;1987:14551,True,0,1986,14551
1983,BOULDER VALLEY RE 2(J),Boulder,1986;1987,1986:20251;1987:20251,True,0,1986,20251
1983,BUENA VISTA R-31,Chaffee,1986;1987,1986:1037;1987:1037,True,0,1986,1037
1983,SALIDA R-32(J),Chaffee,1986;1987,1986:1314;1987:1314,True,0,1986,1314
1983,KIT CARSON R-1,Cheyenne,1986;1987,1986:123;1987:123,True,0,1986,123
1983,CHEYENNE COUNTY RE-5*,Cheyenne,1986;1987,1986:313;1987:313,True,0,1986,313
1983,ARAPAHOE R-3*,Cheyenne,1986;1987,1986:30;1987:30,True,0,1986,30
1983,CLEAR CREEK RE-1,Clear Creek,1986;1987,1986:1455;1987:1455,True,0,1986,1455
1983,NORTH CONEJOS RE-1J,Conejos,1986;1987,1986:1151;1987:1151,True,0,1986,1151
1983,SANFORD 6J,Conejos,1986;1987,1986:334;1987:334,True,0,1986,334
1983,SOUTH CONEJOS RE-10,Conejos,1986;1987,1986:566;1987:566,True,0,1986,566
1983,CENTENNIAL R-1,Costilla,1986;1987,1986:495;1987:495,True,0,1986,495
1983,SIERRA GRANDE R-30,Costilla,1986;1987,1986:269;1987:269,True,0,1986,269
1983,CROWLEY COUNTY RE-1-J,Crowley,1986;1987,1986:546;1987:546,True,0,1986,546
1983,CONSOLIDATED C-1,Custer,1986;1987,1986:314;1987:314,True,0,1986,314
1983,DELTA COUNTY 50(J),Delta,1986;1987,1986:4384;1987:4384,True,0,1986,4384
1983,DENVER COUNTY 1,Denver,1986;1987,1986:60035;1987:60035,True,0,1986,60035
1983,DOLores COUNTY RE NO.1,Dolores,1986;1987,1986:402;1987:402,True,0,1986,402
1983,DOUGLAS COUNTY RE 1(J),Douglas,1986;1987,1986:7792;1987:7792,True,0,1986,7792
1983,EAGLE COUNTY RE 50(J),Eagle,1986;1987,1986:2070;1987:2070,True,0,1986,2070
1983,ELIZABETH C-1,Elbert,1986;1987,1986:1027;1987:1027,True,0,1986,1027
1983,KIOWA C-2,Elbert,1986;1987,1986:213;1987:213,True,0,1986,213
1983,BIG SANDY 100(J),Elbert,1986;1987,1986:302;1987:302,True,0,1986,302
1983,ELBERT 200,Elbert,1986;1987,1986:157;1987:157,True,0,1986,157
1983,AGATE,Elbert,1986;1987,1986:48;1987:48,True,0,1986,48
1983,CALHAN,El Paso,1986;1987,1986:347;1987:347,True,0,1986,347
1983,HARRISON,El Paso,1986;1987,1986:7633;1987:7633,True,0,1986,7633
1983,WIDEFIELD,El Paso,1986;1987,1986:6345;1987:6345,True,0,1986,6345
1983,FOUNTAIN,El Paso,1986;1987,1986:3484;1987:3484,True,0,1986,3484
1983,COLORADO SPRINGS,El Paso,1986;1987,1986:29656;1987:29656,True,0,1986,29656
1983,CHEYENNE MOUNTAIN,El Paso,1986;1987,1986:2196;1987:2196,True,0,1986,2196
1983,MANITOU SPRINGS,El Paso,1986;1987,1986:1148;1987:1148,True,0,1986,1148
1983,ACADEMY 20,El Paso,1986;1987,1986:6783;1987:6783,True,0,1986,6783
1983,ELLICOTT 22,El Paso,1986;1987,1986:445;1987:445,True,0,1986,445
1983,PEYTON 23 JT,El Paso,1986;1987,1986:255;1987:255,True,0,1986,255
1983,HANOVER 28,El Paso,1986;1987,1986:60;1987:60,True,0,1986,60
1983,LEWIS-PALMER 38,El Paso,1986;1987,1986:1478;1987:1478,True,0,1986,1478
1983,FALCON 49,El Paso,1986;1987,1986:1601;1987:1601,True,0,1986,1601
1983,EDISON 54 JT,El Paso,1986;1987,1986:40;1987:40,True,0,1986,40
1983,MIAMI/YODER 60 JT,El Paso,1986;1987,1986:159;1987:159,True,0,1986,159
1983,CANON CITY RE-1,Fremont,1986;1987,1986:3519;1987:3519,True,0,1986,3519
1983,FLORENCE RE-2(J),Fremont,1986;1987,1986:1723;1987:1723,True,0,1986,1723
1983,COTOPAXI RE-3,Fremont,1986;1987,1986:221;1987:221,True,0,1986,221
1983,ROARING FORK RE-1(J),Garfield,1986;1987,1986:2988;1987:2988,True,0,1986,2988
1983,GILPIN COUNTY RE-1,Gilpin,1986;1987,1986:328;1987:328,True,0,1986,328
1983,WEST GRAND 1(JT),Grand,1986;1987,1986:555;1987:555,True,0,1986,555
1983,EAST GRAND 2,Grand,1986;1987,1986:981;1987:981,True,0,1986,981
1983,GUNNISON WATERSHED RE1J,Gunnison,1986;1987,1986:1418;1987:1418,True,0,1986,1418
1983,HINSDALE COUNTY RE. 1,Hinsdale,1986;1987,1986:47;1987:47,True,0,1986,47
1983,HUERFANO RE-1,Huerfano,1986;1987,1986:986;1987:986,True,0,1986,986
1983,LA VETA RE-2,Huerfano,1986;1987,1986:219;1987:219,True,0,1986,219
1983,NORTH PARK R-1,Jackson,1986;1987,1986:344;1987:344,True,0,1986,344
1983,JEFFERSON COUNTY R-1,Jefferson,1986;1987,1986:75839;1987:75839,True,0,1986,75839
1983,EADS RE-1,Kiowa,1986;1987,1986:291;1987:291,True,0,1986,291
1983,PLAINVIEW RE-2,Kiowa,1986;1987,1986:84;1987:84,True,0,1986,84
1983,ARRIBA-FLAGLER C-20*,Kit Carson,1986;1987,1986:203;1987:203,True,0,1986,203
1983,HI-PLAINS R-23**,Kit Carson,1986;1987,1986:60;1987:60,True,0,1986,60
1983,VONA R-3,Kit Carson,1986;1987,1986:72;1987:72,True,0,1986,72
1983,STRATTON R-4,Kit Carson,1986;1987,1986:247;1987:247,True,0,1986,247
1983,BETHUNE R-5,Kit Carson,1986;1987,1986:115;1987:115,True,0,1986,115
1983,BURLINGTON RE-6J,Kit Carson,1986;1987,1986:890;1987:890,True,0,1986,890
1983,LAKE COUNTY R-1,Lake,1986;1987,1986:1430;1987:1430,True,0,1986,1430
1983,DURANGO 9-R,La Plata,1986;1987,1986:3792;1987:3792,True,0,1986,3792
1983,BAYFIELD 10 JT-R,La Plata,1986;1987,1986:598;1987:598,True,0,1986,598
1983,IGNACIO 11 JT,La Plata,1986;1987,1986:870;1987:870,True,0,1986,870
1983,POUDRE R-1,Larimer,1986;1987,1986:15725;1987:15725,True,0,1986,15725
1983,THOMPSON R-2J,Larimer,1986;1987,1986:10410;1987:10410,True,0,1986,10410
1983,PARK (ESTES PARK) R-3(J),Larimer,1986;1987,1986:1052;1987:1052,True,0,1986,1052
1983,TRINIDAD 1,Las Animas,1986;1987,1986:1650;1987:1650,True,0,1986,1650
1983,PRIMERO REORGANIZED 2,Las Animas,1986;1987,1986:203;1987:203,True,0,1986,203
1983,HOEHNE REORGANIZED 3,Las Animas,1986;1987,1986:276;1987:276,True,0,1986,276
1983,AGUILAR REORGANIZED 6,Las Animas,1986;1987,1986:196;1987:196,True,0,1986,196
1983,BRANSON REORGANIZED 82,Las Animas,1986;1987,1986:51;1987:51,True,0,1986,51
1983,KIM REORGANIZED 88,Las Animas,1986;1987,1986:94;1987:94,True,0,1986,94
1983,GENOA-HUGO C113*,Lincoln,1986;1987,1986:169;1987:169,True,0,1986,169
1983,LIMON RE-4J,Lincoln,1986;1987,1986:433;1987:433,True,0,1986,433
1983,GENOA RE 13*,Lincoln,1986;1987,1986:67;1987:67,True,0,1986,67
1983,KARVAL RE-23,Lincoln,1986;1987,1986:70;1987:70,True,0,1986,70
1983,ARRIBA RE 31*,Lincoln,1986;1987,1986:17;1987:17,True,0,1986,17
1983,VALLEY RE-1,Logan,1986;1987,1986:3117;1987:3117,True,0,1986,3117
1983,FRENCHMAN RE-3,Logan,1986;1987,1986:193;1987:193,True,0,1986,193
1983,BUFFALO RE-4(J),Logan,1986;1987,1986:231;1987:231,True,0,1986,231
1983,PLATEAU RE-5,Logan,1986;1987,1986:128;1987:128,True,0,1986,128
1983,DEBEQUE 49JT,Mesa,1986;1987,1986:126;1987:126,True,0,1986,126
1983,PLATEAU VALLEY 50,Mesa,1986;1987,1986:358;1987:358,True,0,1986,358
1983,MESA COUNTY VALLEY 51,Mesa,1986;1987,1986:16460;1987:16460,True,0,1986,16460
1983,CREEDE CONSOLIDATED 1,Mineral,1986;1987,1986:150;1987:150,True,0,1986,150
1983,MOFFAT COUNTY RE: NO 1,Moffat,1986;1987,1986:3046;1987:3046,True,0,1986,3046
1983,MONTEZUMA-CORTEZ RE-1,Montezuma,1986;1987,1986:3199;1987:3199,True,0,1986,3199
1983,MANCOS RE-6,Montezuma,1986;1987,1986:485;1987:485,True,0,1986,485
1983,MONTROSE COUNTY RE-1J,MONTROSE,1986;1987,1986:4465;1987:4465,True,0,1986,4465
1983,BRUSH RE-2(J),Morgan,1986;1987,1986:1323;1987:1323,True,0,1986,1323
1983,FORT MORGAN RE-3,Morgan,1986;1987,1986:2587;1987:2587,True,0,1986,2587
1983,WELDON VALLEY RE-20(J),Morgan,1986;1987,1986:137;1987:137,True,0,1986,137
1983,WIGGINS RE-50(J),Morgan,1986;1987,1986:417;1987:417,True,0,1986,417
1983,EAST OTERO R-1,Otero,1986;1987,1986:2212;1987:2212,True,0,1986,2212
1983,ROCKY FORD R-2,Otero,1986;1987,1986:1362;1987:1362,True,0,1986,1362
1983,MANZANOLA 3J,Otero,1986;1987,1986:257;1987:257,True,0,1986,257
1983,FOWLER R-4J,Otero,1986;1987,1986:452;1987:452,True,0,1986,452
1983,CHERAW 31,Otero,1986;1987,1986:162;1987:162,True,0,1986,162
1983,SWINK,Otero,1986;1987,1986:327;1987:327,True,0,1986,327
1983,OURAY,Ouray,1986;1987,1986:183;1987:183,True,0,1986,183
1983,PLATTE CANYON,Park,1986;1987,1986:1031;1987:1031,True,0,1986,1031
1983,PARK COUNTY,Park,1986;1987,1986:392;1987:392,True,0,1986,392
1983,HOLYOKE,Phillips,1986;1987,1986:581;1987:581,True,0,1986,581
1983,HAXTUN,Phillips,1986;1987,1986:306;1987:306,True,0,1986,306
1983,ASPEN,Pitkin,1986;1987,1986:893;1987:893,True,0,1986,893
1983,GRANADA RE-1,Prowers,1986;1987,1986:319;1987:319,True,0,1986,319
1983,LAMAR RE-2,Prowers,1986;1987,1986:2160;1987:2160,True,0,1986,2160
1983,HOLLY RE-3,Prowers,1986;1987,1986:377;1987:377,True,0,1986,377
1983,WILEY RE-13 JT,Prowers,1986;1987,1986:250;1987:250,True,0,1986,250
1983,PUEBLO CITY 60,Pueblo,1986;1987,1986:19080;1987:19080,True,0,1986,19080
1983,PUEBLO COUNTY RURAL 70,Pueblo,1986;1987,1986:4505;1987:4505,True,0,1986,4505
1983,MEEKER RE1,Rio Blanco,1986;1987,1986:851;1987:851,True,0,1986,851
1983,RANGELY RE-4,Rio Blanco,1986;1987,1986:724;1987:724,True,0,1986,724
1983,DEL NORTE,Rio Grande,1986;1987,1986:664;1987:664,True,0,1986,664
1983,MONTE VISTA,Rio Grande,1986;1987,1986:1373;1987:1373,True,0,1986,1373
1983,SARGENT,Rio Grande,1986;1987,1986:483;1987:483,True,0,1986,483
1983,HAYDEN,Routt,1986;1987,1986:515;1987:515,True,0,1986,515
1983,STEAMBOAT SPRINGS,Routt,1986;1987,1986:1448;1987:1448,True,0,1986,1448
1983,SOUTH ROUTT,Routt,1986;1987,1986:492;1987:492,True,0,1986,492
1983,MOUNTAIN VALLEY,Saguache,1986;1987,1986:188;1987:188,True,0,1986,188
1983,MOFFAT,Saguache,1986;1987,1986:122;1987:122,True,0,1986,122
1983,CENTER 26 JT.,SAGUACHE,1986;1987,1986:582;1987:582,True,0,1986,582
1983,SILVERTON 1,SAN JUAN,1986;1987,1986:182;1987:182,True,0,1986,182
1983,TELLURIDE R-1,SAN MIGUEL,1986;1987,1986:190;1987:190,True,0,1986,190
1983,NORWOOD R-2J,SAN MIGUEL,1986;1987,1986:309;1987:309,True,0,1986,309
1983,EGNAR 18,SAN MIGUEL,1986;1987,1986:60;1987:60,True,0,1986,60
1983,JULESBURG RE-1,SEDGWICK,1986;1987,1986:395;1987:395,True,0,1986,395
1983,PLATTE VALLEY RE-3,SEDGWICK,1986;1987,1986:216;1987:216,True,0,1986,216
1983,SUMMIT RE-1,SUMMIT,1986;1987,1986:1305;1987:1305,True,0,1986,1305
1983,WOODLAND PARK RE-2,Teller,1986;1987,1986:1860;1987:1860,True,0,1986,1860
1983,AKRON R-1,Washington,1986;1987,1986:485;1987:485,True,0,1986,485
1983,ARICKAREE R-2,Washington,1986;1987,1986:143;1987:143,True,0,1986,143
1983,OTIS R-3,Washington,1986;1987,1986:218;1987:218,True,0,1986,218
1983,LONE STAR 101,Washington,1986;1987,1986:57;1987:57,True,0,1986,57
1983,WOODLIN 104,Washington,1986;1987,1986:93;1987:93,True,0,1986,93
1983,GILCREST RE-1,Weld,1986;1987,1986:1759;1987:1759,True,0,1986,1759
1983,EATON RE-2,Weld,1986;1987,1986:1157;1987:1157,True,0,1986,1157
1983,KEENESBURG RE-3(J),Weld,1986;1987,1986:1171;1987:1171,True,0,1986,1171
1983,WINDSOR RE-4,Weld,1986;1987,1986:1467;1987:1467,True,0,1986,1467
1983,JOHNSTOWN-MILLIKEN RE-5J,Weld,1986;1987,1986:1228;1987:1228,True,0,1986,1228
1983,GREELEY 6,Weld,1986;1987,1986:10599;1987:10599,True,0,1986,10599
1983,PLATTE VALLEY RE-7,Weld,1986;1987,1986:846;1987:846,True,0,1986,846
1983,FORT LUPTON RE-8,Weld,1986;1987,1986:2136;1987:2136,True,0,1986,2136
1983,AULT-HIGHLAND RE-9,Weld,1986;1987,1986:755;1987:755,True,0,1986,755
1983,GARFIELD,Garfield,1987,1987:361,True,0,1987,2093
1984,MAPLETON 1,Adams,1986;1987,1986:4637;1987:4637,True,0,1986,4637
1984,NORTHGLENN-THORNTON 12,Adams,1986;1987,1986:19173;1987:19173,True,0,1986,19173
1984,ADAMS COUNTY 14,Adams,1986;1987,1986:5701;1987:5701,True,0,1986,5701
1984,BRIGHTON 27J,Adams,1986;1987,1986:4153;1987:4153,True,0,1986,4153
1984,BENNETT 29J,Adams,1986;1987,1986:774;1987:774,True,0,1986,774
1984,STRASBURG 31J,Adams,1986;1987,1986:436;1987:436,True,0,1986,436
1984,WESTMINSTER 50,Adams,1986;1987,1986:10930;1987:10930,True,0,1986,10930
1984,ALAMOSA RE-11J,Alamosa,1986;1987,1986:2279;1987:2279,True,0,1986,2279
1984,SANGRE DE CRISTO RE-22J,Alamosa,1986;1987,1986:237;1987:237,True,0,1986,237
1984,ENGLEWOOD 1,Arapahoe,1986;1987,1986:3473;1987:3473,True,0,1986,3473
1984,SHERIDAN 2,Arapahoe,1986;1987,1986:1541;1987:1541,True,0,1986,1541
1984,CHERRY CREEK 5,Arapahoe,1986;1987,1986:24652;1987:24652,True,0,1986,24652
1984,LITTLETON 6,Arapahoe,1986;1987,1986:16201;1987:16201,True,0,1986,16201
1984,DEER TRAIL 26J,Arapahoe,1986;1987,1986:159;1987:159,True,0,1986,159
1984,ADAMS-ARAPAHOE 28J,Arapahoe,1986;1987,1986:25268;1987:25268,True,0,1986,25268
1984,BYERS 32J,Arapahoe,1986;1987,1986:352;1987:352,True,0,1986,352
1984,ARCHULETA COUNTY 50 JT,Archuleta,1986;1987,1986:1039;1987:1039,True,0,1986,1039
1984,WALSH RE-1,Baca,1986;1987,1986:335;1987:335,True,0,1986,335
1984,PRITCHETT RE-3,Baca,1986;1987,1986:62;1987:62,True,0,1986,62
1984,SPRINGFIELD RE-4,Baca,1986;1987,1986:395;1987:395,True,0,1986,395
1984,VILAS RE-5,Baca,1986;1987,1986:74;1987:74,True,0,1986,74
1984,CAMPO RE-6,Baca,1986;1987,1986:82;1987:82,True,0,1986,82
1984,LAS ANIMAS RE-1,Bent,1986;1987,1986:921;1987:921,True,0,1986,921
1984,MC CLAVE RE-2,Bent,1986;1987,1986:163;1987:163,True,0,1986,163
1984,ST. VRAIN VALLEY RE 1J,Boulder,1986;1987,1986:14811;1987:14811,True,0,1986,14811
1984,BOULDER VALLEY RE 2(J),Boulder,1986;1987,1986:20311;1987:20311,True,0,1986,20311
1984,BUENA VISTA R-31,Chaffee,1986;1987,1986:1015;1987:1015,True,0,1986,1015
1984,SALIDA R-32(J),Chaffee,1986;1987,1986:1287;1987:1287,True,0,1986,1287
1984,KIT CARSON R-1,Cheyenne,1986;1987,1986:118;1987:118,True,0,1986,118
1984,CHEYENNE COUNTY RE-5*,Cheyenne,1986;1987,1986:324;1987:324,True,0,1986,324
1984,ARAPAHOE R-3*,Cheyenne,1986;1987,1986:25;1987:25,True,0,1986,25
1984,CLEAR CREEK RE-1,Clear Creek,1986;1987,1986:1437;1987:1437,True,0,1986,1437
1984,NORTH CONEJOS RE-1J,Conejos,1986;1987,1986:1083;1987:1083,True,0,1986,1083
1984,SANFORD 6J,Conejos,1986;1987,1986:309;1987:309,True,0,1986,309
1984,SOUTH CONEJOS RE-10,Conejos,1986;1987,1986:537;1987:537,True,0,1986,537
1984,CENTENNIAL R-1,Costilla,1986;1987,1986:472;1987:472,True,0,1986,472
1984,SIERRA GRANDE R-30,Costilla,1986;1987,1986:283;1987:283,True,0,1986,283
1984,CROWLEY COUNTY RE-1-J,Crowley,1986;1987,1986:527;1987:527,True,0,1986,527
1984,CONSOLIDATED C-1,Custer,1986;1987,1986:321;1987:321,True,0,1986,321
1984,DELTA COUNTY 50(J),Delta,1986;1987,1986:4410;1987:4410,True,0,1986,4410
1984,DENVER COUNTY 1,Denver,1986;1987,1986:59835;1987:59835,True,0,1986,59835
1984,DOLores COUNTY RE NO.1,Dolores,1986;1987,1986:375;1987:375,True,0,1986,375
1984,DOUGLAS COUNTY RE 1(J),Douglas,1986;1987,1986:8399;1987:8399,True,0,1986,8399
1984,EAGLE COUNTY RE 50(J),Eagle,1986;1987,1986:2085;1987:2085,True,0,1986,2085
1984,ELIZABETH C-1,Elbert,1986;1987,1986:1020;1987:1020,True,0,1986,1020
1984,KIOWA C-2,Elbert,1986;1987,1986:219;1987:219,True,0,1986,219
1984,BIG SANDY 100(J),Elbert,1986;1987,1986:297;1987:297,True,0,1986,297
1984,ELBERT 200,Elbert,1986;1987,1986:129;1987:129,True,0,1986,129
1984,AGATE,Elbert,1986;1987,1986:51;1987:51,True,0,1986,51
1984,CALHAN,El Paso,1986;1987,1986:356;1987:356,True,0,1986,356
1984,HARRISON,El Paso,1986;1987,1986:8375;1987:8375,True,0,1986,8375
1984,WIDEFIELD,El Paso,1986;1987,1986:6417;1987:6417,True,0,1986,6417
1984,FOUNTAIN,El Paso,1986;1987,1986:3601;1987:3601,True,0,1986,3601
1984,COLORADO SPRINGS,El Paso,1986;1987,1986:29856;1987:29856,True,0,1986,29856
1984,CHEYENNE MOUNTAIN,El Paso,1986;1987,1986:2260;1987:2260,True,0,1986,2260
1984,MANITOU SPRINGS,El Paso,1986;1987,1986:1135;1987:1135,True,0,1986,1135
1984,ACADEMY 20,El Paso,1986;1987,1986:7618;1987:7618,True,0,1986,7618
1984,ELLICOTT 22,El Paso,1986;1987,1986:471;1987:471,True,0,1986,471
1984,PEYTON 23 JT,El Paso,1986;1987,1986:263;1987:263,True,0,1986,263
1984,HANOVER 28,El Paso,1986;1987,1986:49;1987:49,True,0,1986,49
1984,LEWIS-PALMER 38,El Paso,1986;1987,1986:1643;1987:1643,True,0,1986,1643
1984,FALCON 49,El Paso,1986;1987,1986:1757;1987:1757,True,0,1986,1757
1984,EDISON 54 JT,El Paso,1986;1987,1986:39;1987:39,True,0,1986,39
1984,MIAMI/YODER 60 JT,El Paso,1986;1987,1986:161;1987:161,True,0,1986,161
1984,CANON CITY RE-1,Fremont,1986;1987,1986:3467;1987:3467,True,0,1986,3467
1984,FLORENCE RE-2(J),Fremont,1986;1987,1986:1732;1987:1732,True,0,1986,1732
1984,COTOPAXI RE-3,Fremont,1986;1987,1986:228;1987:228,True,0,1986,228
1984,ROARING FORK RE-1(J),Garfield,1986;1987,1986:2989;1987:2989,True,0,1986,2989
1984,GILPIN COUNTY RE-1,Gilpin,1986;1987,1986:333;1987:333,True,0,1986,333
1984,WEST GRAND 1(JT),Grand,1986;1987,1986:571;1987:571,True,0,1986,571
1984,EAST GRAND 2,Grand,1986;1987,1986:1070;1987:1070,True,0,1986,1070
1984,GUNNISON WATERSHED RE1J,Gunnison,1986;1987,1986:1381;1987:1381,True,0,1986,1381
1984,HINSDALE COUNTY RE. 1,Hinsdale,1986;1987,1986:44;1987:44,True,0,1986,44
1984,HUERFANO RE-1,Huerfano,1986;1987,1986:964;1987:964,True,0,1986,964
1984,LA VETA RE-2,Huerfano,1986;1987,1986:221;1987:221,True,0,1986,221
1984,NORTH PARK R-1,Jackson,1986;1987,1986:338;1987:338,True,0,1986,338
1984,JEFFERSON COUNTY R-1,Jefferson,1986;1987,1986:75643;1987:75643,True,0,1986,75643
1984,EADS RE-1,Kiowa,1986;1987,1986:293;1987:293,True,0,1986,293
1984,PLAINVIEW RE-2,Kiowa,1986;1987,1986:82;1987:82,True,0,1986,82
1984,ARRIBA-FLAGLER C-20*,Kit Carson,1986;1987,1986:223;1987:223,True,0,1986,223
1984,HI-PLAINS R-23**,Kit Carson,1986;1987,1986:58;1987:58,True,0,1986,58
1984,VONA R-3,Kit Carson,1986;1987,1986:65;1987:65,True,0,1986,65
1984,STRATTON R-4,Kit Carson,1986;1987,1986:260;1987:260,True,0,1986,260
1984,BETHUNE R-5,Kit Carson,1986;1987,1986:111;1987:111,True,0,1986,111
1984,BURLINGTON RE-6J,Kit Carson,1986;1987,1986:883;1987:883,True,0,1986,883
1984,LAKE COUNTY R-1,Lake,1986;1987,1986:1332;1987:1332,True,0,1986,1332
1984,DURANGO 9-R,La Plata,1986;1987,1986:3884;1987:3884,True,0,1986,3884
1984,BAYFIELD 10 JT-R,La Plata,1986;1987,1986:652;1987:652,True,0,1986,652
1984,IGNACIO 11 JT,La Plata,1986;1987,1986:881;1987:881,True,0,1986,881
1984,POUDRE R-1,Larimer,1986;1987,1986:16101;1987:16101,True,0,1986,16101
1984,THOMPSON R-2J,Larimer,1986;1987,1986:10669;1987:10669,True,0,1986,10669
1984,PARK (ESTES PARK) R-3(J),Larimer,1986;1987,1986:1099;1987:1099,True,0,1986,1099
1984,TRINIDAD 1,Las Animas,1986;1987,1986:1647;1987:1647,True,0,1986,1647
1984,PRIMERO REORGANIZED 2,Las Animas,1986;1987,1986:193;1987:193,True,0,1986,193
1984,HOEHNE REORGANIZED 3,Las Animas,1986;1987,1986:279;1987:279,True,0,1986,279
1984,AGUILAR REORGANIZED 6,Las Animas,1986;1987,1986:181;1987:181,True,0,1986,181
1984,BRANSON REORGANIZED 82,Las Animas,1986;1987,1986:59;1987:59,True,0,1986,59
1984,KIM REORGANIZED 88,Las Animas,1986;1987,1986:78;1987:78,True,0,1986,78
1984,GENOA-HUGO C113*,Lincoln,1986;1987,1986:165;1987:165,True,0,1986,165
1984,LIMON RE-4J,Lincoln,1986;1987,1986:425;1987:425,True,0,1986,425
1984,GENOA RE 13*,Lincoln,1986;1987,1986:61;1987:61,True,0,1986,61
1984,KARVAL RE-23,Lincoln,1986;1987,1986:62;1987:62,True,0,1986,62
1984,VALLEY RE-1,Logan,1986;1987,1986:3045;1987:3045,True,0,1986,3045
1984,FRENCHMAN RE-3,Logan,1986;1987,1986:177;1987:177,True,0,1986,177
1984,BUFFALO RE-4(J),Logan,1986;1987,1986:198;1987:198,True,0,1986,198
1984,PLATEAU RE-5,Logan,1986;1987,1986:122;1987:122,True,0,1986,122
1984,DEBEQUE 49JT,Mesa,1986;1987,1986:113;1987:113,True,0,1986,113
1984,PLATEAU VALLEY 50,Mesa,1986;1987,1986:359;1987:359,True,0,1986,359
1984,MESA COUNTY VALLEY 51,Mesa,1986;1987,1986:15581;1987:15581,True,0,1986,15581
1984,CREEDE CONSOLIDATED 1,Mineral,1986;1987,1986:136;1987:136,True,0,1986,136
1984,MOFFAT COUNTY RE: NO 1,Moffat,1986;1987,1986:2744;1987:2744,True,0,1986,2744
1984,MONTEZUMA-CORTEZ RE-1,Montezuma,1986;1987,1986:3242;1987:3242,True,0,1986,3242
1984,MANCOS RE-6,Montezuma,1986;1987,1986:522;1987:522,True,0,1986,522
1984,MONTROSE COUNTY RE-1J,MONTROSE,1986;1987,1986:4463;1987:4463,True,0,1986,4463
1984,BRUSH RE-2(J),Morgan,1986;1987,1986:1302;1987:1302,True,0,1986,1302
1984,FORT MORGAN RE-3,Morgan,1986;1987,1986:2627;1987:2627,True,0,1986,2627
1984,WELDON VALLEY RE-20(J),Morgan,1986;1987,1986:134;1987:134,True,0,1986,134
1984,WIGGINS RE-50(J),Morgan,1986;1987,1986:405;1987:405,True,0,1986,405
1984,EAST OTERO R-1,Otero,1986;1987,1986:2150;1987:2150,True,0,1986,2150
1984,ROCKY FORD R-2,Otero,1986;1987,1986:1337;1987:1337,True,0,1986,1337
1984,MANZANOLA 3J,Otero,1986;1987,1986:277;1987:277,True,0,1986,277
1984,FOWLER R-4J,Otero,1986;1987,1986:444;1987:444,True,0,1986,444
1984,CHERAW 31,Otero,1986;1987,1986:157;1987:157,True,0,1986,157
1984,SWINK,Otero,1986;1987,1986:333;1987:333,True,0,1986,333
1984,OURAY,Ouray,1986;1987,1986:166;1987:166,True,0,1986,166
1984,PLATTE CANYON,Park,1986;1987,1986:1037;1987:1037,True,0,1986,1037
1984,PARK COUNTY,Park,1986;1987,1986:389;1987:389,True,0,1986,389
1984,HOLYOKE,Phillips,1986;1987,1986:554;1987:554,True,0,1986,554
1984,HAXTUN,Phillips,1986;1987,1986:314;1987:314,True,0,1986,314
1984,ASPEN,Pitkin,1986;1987,1986:881;1987:881,True,0,1986,881
1984,GRANADA RE-1,Prowers,1986;1987,1986:277;1987:277,True,0,1986,277
1984,LAMAR RE-2,Prowers,1986;1987,1986:2167;1987:2167,True,0,1986,2167
1984,HOLLY RE-3,Prowers,1986;1987,1986:377;1987:377,True,0,1986,377
1984,WILEY RE-13 JT,Prowers,1986;1987,1986:269;1987:269,True,0,1986,269
1984,PUEBLO CITY 60,Pueblo,1986;1987,1986:18601;1987:18601,True,0,1986,18601
1984,PUEBLO COUNTY RURAL 70,Pueblo,1986;1987,1986:4334;1987:4334,True,0,1986,4334
1984,MEEKER RE1,Rio Blanco,1986;1987,1986:835;1987:835,True,0,1986,835
1984,RANGELY RE-4,Rio Blanco,1986;1987,1986:704;1987:704,True,0,1986,704
1984,DEL NORTE,Rio Grande,1986;1987,1986:656;1987:656,True,0,1986,656
1984,MONTE VISTA,Rio Grande,1986;1987,1986:1348;1987:1348,True,0,1986,1348
1984,SARGENT,Rio Grande,1986;1987,1986:452;1987:452,True,0,1986,452
1984,HAYDEN,Routt,1986;1987,1986:496;1987:496,True,0,1986,496
1984,STEAMBOAT SPRINGS,Routt,1986;1987,1986:1478;1987:1478,True,0,1986,1478
1984,SOUTH ROUTT,Routt,1986;1987,1986:472;1987:472,True,0,1986,472
1984,MOUNTAIN VALLEY,Saguache,1986;1987,1986:175;1987:175,True,0,1986,175
1984,MOFFAT,Saguache,1986;1987,1986:113;1987:113,True,0,1986,113
1984,CENTER 26 JT.,SAGUACHE,1986;1987,1986:599;1987:599,True,0,1986,599
1984,SILVERTON 1,SAN JUAN,1986;1987,1986:180;1987:180,True,0,1986,180
1984,TELLURIDE R-1,SAN MIGUEL,1986;1987,1986:202;1987:202,True,0,1986,202
1984,NORWOOD R-2J,SAN MIGUEL,1986;1987,1986:305;1987:305,True,0,1986,305
1984,EGNAR 18,SAN MIGUEL,1986;1987,1986:43;1987:43,True,0,1986,43
1984,JULESBURG RE-1,SEDGWICK,1986;1987,1986:386;1987:386,True,0,1986,386
1984,PLATTE VALLEY RE-3,SEDGWICK,1986;1987,1986:203;1987:203,True,0,1986,203
1984,SUMMIT RE-1,SUMMIT,1986;1987,1986:1385;1987:1385,True,0,1986,1385
1984,WOODLAND PARK RE-2,Teller,1986;1987,1986:1997;1987:1997,True,0,1986,1997
1984,AKRON R-1,Washington,1986;1987,1986:479;1987:479,True,0,1986,479
1984,ARICKAREE R-2,Washington,1986;1987,1986:148;1987:148,True,0,1986,148
1984,OTIS R-3,Washington,1986;1987,1986:209;1987:209,True,0,1986,209
1984,LONE STAR 101,Washington,1986;1987,1986:47;1987:47,True,0,1986,47
1984,WOODLIN 104,Washington,1986;1987,1986:103;1987:103,True,0,1986,103
1984,GILCREST RE-1,Weld,1986;1987,1986:1718;1987:1718,True,0,1986,1718
1984,EATON RE-2,Weld,1986;1987,1986:1168;1987:1168,True,0,1986,1168
1984,KEENESBURG RE-3(J),Weld,1986;1987,1986:1187;1987:1187,True,0,1986,1187
1984,WINDSOR RE-4,Weld,1986;1987,1986:1510;1987:1510,True,0,1986,1510
1984,JOHNSTOWN-MILLIKEN RE-5J,Weld,1986;1987,1986:1227;1987:1227,True,0,1986,1227
1984,GREELEY 6,Weld,1986;1987,1986:10706;1987:10706,True,0,1986,10706
1984,PLATTE VALLEY RE-7,Weld,1986;1987,1986:857;1987:857,True,0,1986,857
1984,FORT LUPTON RE-8,Weld,1986;1987,1986:2209;1987:2209,True,0,1986,2209
1984,AULT-HIGHLAND RE-9,Weld,1986;1987,1986:763;1987:763,True,0,1986,763
1984,GARFIELD,Garfield,1987,1987:522,True,0,1987,2126
1985,MAPLETON 1,Adams,1986;1987,1986:4813;1987:4813,True,0,1986,4813
1985,NORTHGLENN-THORNTON 12,Adams,1986;1987,1986:19577;1987:19577,True,0,1986,19577
1985,ADAMS COUNTY 14,Adams,1986;1987,1986:5738;1987:5738,True,0,1986,5738
1985,BRIGHTON 27J,Adams,1986;1987,1986:4056;1987:4056,True,0,1986,4056
1985,BENNETT 29J,Adams,1986;1987,1986:796;1987:796,True,0,1986,796
1985,STRASBURG 31J,Adams,1986;1987,1986:443;1987:443,True,0,1986,443
1985,WESTMINSTER 50,Adams,1986;1987,1986:10625;1987:10625,True,0,1986,10625
1985,ALAMOSA RE-11J,Alamosa,1986;1987,1986:2257;1987:2257,True,0,1986,2257
1985,SANGRE DE CRISTO RE-22J,Alamosa,1986;1987,1986:246;1987:246,True,0,1986,246
1985,ENGLEWOOD 1,Arapahoe,1986;1987,1986:3495;1987:3495,True,0,1986,3495
1985,SHERIDAN 2,Arapahoe,1986;1987,1986:1543;1987:1543,True,0,1986,1543
1985,CHERRY CREEK 5,Arapahoe,1986;1987,1986:25330;1987:25330,True,0,1986,25330
1985,LITTLETON 6,Arapahoe,1986;1987,1986:15959;1987:15959,True,0,1986,15959
1985,DEER TRAIL 26J,Arapahoe,1986;1987,1986:171;1987:171,True,0,1986,171
1985,ADAMS-ARAPAHOE 28J,Arapahoe,1986;1987,1986:25863;1987:25863,True,0,1986,25863
1985,BYERS 32J,Arapahoe,1986;1987,1986:340;1987:340,True,0,1986,340
1985,ARCHULETA COUNTY 50 JT,Archuleta,1986;1987,1986:1024;1987:1024,True,0,1986,1024
1985,WALSH RE-1,Baca,1986;1987,1986:322;1987:322,True,0,1986,322
1985,PRITCHETT RE-3,Baca,1986;1987,1986:50;1987:50,True,0,1986,50
1985,SPRINGFIELD RE-4,Baca,1986;1987,1986:373;1987:373,True,0,1986,373
1985,VILAS RE-5,Baca,1986;1987,1986:74;1987:74,True,0,1986,74
1985,CAMPO RE-6,Baca,1986;1987,1986:62;1987:62,True,0,1986,62
1985,LAS ANIMAS RE-1,Bent,1986;1987,1986:905;1987:905,True,0,1986,905
1985,MC CLAVE RE-2,Bent,1986;1987,1986:186;1987:186,True,0,1986,186
1985,ST. VRAIN VALLEY RE 1J,Boulder,1986;1987,1986:14828;1987:14828,True,0,1986,14828
1985,BOULDER VALLEY RE 2(J),Boulder,1986;1987,1986:20488;1987:20488,True,0,1986,20488
1985,BUENA VISTA R-31,Chaffee,1986;1987,1986:976;1987:976,True,0,1986,976
1985,SALIDA R-32(J),Chaffee,1986;1987,1986:1244;1987:1244,True,0,1986,1244
1985,KIT CARSON R-1,Cheyenne,1986;1987,1986:136;1987:136,True,0,1986,136
1985,CHEYENNE COUNTY RE-5*,Cheyenne,1986;1987,1986:365;1987:365,True,0,1986,365
1985,CLEAR CREEK RE-1,Clear Creek,1986;1987,1986:1432;1987:1432,True,0,1986,1432
1985,NORTH CONEJOS RE-1J,Conejos,1986;1987,1986:1110;1987:1110,True,0,1986,1110
1985,SANFORD 6J,Conejos,1986;1987,1986:332;1987:332,True,0,1986,332
1985,SOUTH CONEJOS RE-10,Conejos,1986;1987,1986:509;1987:509,True,0,1986,509
1985,CENTENNIAL R-1,Costilla,1986;1987,1986:439;1987:439,True,0,1986,439
1985,SIERRA GRANDE R-30,Costilla,1986;1987,1986:280;1987:280,True,0,1986,280
1985,CROWLEY COUNTY RE-1-J,Crowley,1986;1987,1986:525;1987:525,True,0,1986,525
1985,CONSOLIDATED C-1,Custer,1986;1987,1986:315;1987:315,True,0,1986,315
1985,DELTA COUNTY 50(J),Delta,1986;1987,1986:4232;1987:4232,True,0,1986,4232
1985,DENVER COUNTY 1,Denver,1986;1987,1986:60238;1987:60238,True,0,1986,60238
1985,DOLores COUNTY RE NO.1,Dolores,1986;1987,1986:363;1987:363,True,0,1986,363
1985,DOUGLAS COUNTY RE 1(J),Douglas,1986;1987,1986:8969;1987:8969,True,0,1986,8969
1985,EAGLE COUNTY RE 50(J),Eagle,1986;1987,1986:2175;1987:2175,True,0,1986,2175
1985,ELIZABETH C-1,Elbert,1986;1987,1986:1067;1987:1067,True,0,1986,1067
1985,BIG SANDY 100(J),Elbert,1986;1987,1986:282;1987:282,True,0,1986,282
1985,ELBERT 200,Elbert,1986;1987,1986:122;1987:122,True,0,1986,122
1985,AGATE,Elbert,1986;1987,1986:45;1987:45,True,0,1986,45
1985,CALHAN,El Paso,1986;1987,1986:375;1987:375,True,0,1986,375
1985,HARRISON,El Paso,1986;1987,1986:9029;1987:9029,True,0,1986,9029
1985,WIDEFIELD,El Paso,1986;1987,1986:6639;1987:6639,True,0,1986,6639
1985,FOUNTAIN,El Paso,1986;1987,1986:3460;1987:3460,True,0,1986,3460
1985,COLORADO SPRINGS,El Paso,1986;1987,1986:30240;1987:30240,True,0,1986,30240
1985,CHEYENNE MOUNTAIN,El Paso,1986;1987,1986:2260;1987:2260,True,0,1986,2260
1985,MANITOU SPRINGS,El Paso,1986;1987,1986:1173;1987:1173,True,0,1986,1173
1985,ACADEMY 20,El Paso,1986;1987,1986:8243;1987:8243,True,0,1986,8243
1985,ELLICOTT 22,El Paso,1986;1987,1986:480;1987:480,True,0,1986,480
1985,PEYTON 23 JT,El Paso,1986;1987,1986:274;1987:274,True,0,1986,274
1985,HANOVER 28,El Paso,1986;1987,1986:65;1987:65,True,0,1986,65
1985,LEWIS-PALMER 38,El Paso,1986;1987,1986:1850;1987:1850,True,0,1986,1850
1985,FALCON 49,El Paso,1986;1987,1986:1996;1987:1996,True,0,1986,1996
1985,EDISON 54 JT,El Paso,1986;1987,1986:32;1987:32,True,0,1986,32
1985,MIAMI/YODER 60 JT,El Paso,1986;1987,1986:158;1987:158,True,0,1986,158
1985,CANON CITY RE-1,Fremont,1986;1987,1986:3523;1987:3523,True,0,1986,3523
1985,FLORENCE RE-2(J),Fremont,1986;1987,1986:1760;1987:1760,True,0,1986,1760
1985,COTOPAXI RE-3,Fremont,1986;1987,1986:211;1987:211,True,0,1986,211
1985,ROARING FORK RE-1(J),Garfield,1986;1987,1986:3009;1987:3009,True,0,1986,3009
1985,GILPIN COUNTY RE-1,Gilpin,1986;1987,1986:343;1987:343,True,0,1986,343
1985,WEST GRAND 1(JT),Grand,1986;1987,1986:563;1987:563,True,0,1986,563
1985,EAST GRAND 2,Grand,1986;1987,1986:1060;1987:1060,True,0,1986,1060
1985,GUNNISON WATERSHED RE1J,Gunnison,1986;1987,1986:1397;1987:1397,True,0,1986,1397
1985,HINSDALE COUNTY RE. 1,Hinsdale,1986;1987,1986:43;1987:43,True,0,1986,43
1985,HUERFANO RE-1,Huerfano,1986;1987,1986:867;1987:867,True,0,1986,867
1985,LA VETA RE-2,Huerfano,1986;1987,1986:238;1987:238,True,0,1986,238
1985,NORTH PARK R-1,Jackson,1986;1987,1986:337;1987:337,True,0,1986,337
1985,JEFFERSON COUNTY R-1,Jefferson,1986;1987,1986:75939;1987:75939,True,0,1986,75939
1985,EADS RE-1,Kiowa,1986;1987,1986:274;1987:274,True,0,1986,274
1985,PLAINVIEW RE-2,Kiowa,1986;1987,1986:105;1987:105,True,0,1986,105
1985,ARRIBA-FLAGLER C-20*,Kit Carson,1986;1987,1986:217;1987:217,True,0,1986,217
1985,HI-PLAINS R-23**,Kit Carson,1986;1987,1986:125;1987:125,True,0,1986,125
1985,STRATTON R-4,Kit Carson,1986;1987,1986:264;1987:264,True,0,1986,264
1985,BETHUNE R-5,Kit Carson,1986;1987,1986:90;1987:90,True,0,1986,90
1985,BURLINGTON RE-6J,Kit Carson,1986;1987,1986:865;1987:865,True,0,1986,865
1985,LAKE COUNTY R-1,Lake,1986;1987,1986:1305;1987:1305,True,0,1986,1305
1985,DURANGO 9-R,La Plata,1986;1987,1986:3757;1987:3757,True,0,1986,3757
1985,BAYFIELD 10 JT-R,La Plata,1986;1987,1986:699;1987:699,True,0,1986,699
1985,IGNACIO 11 JT,La Plata,1986;1987,1986:861;1987:861,True,0,1986,861
1985,POUDRE R-1,Larimer,1986;1987,1986:16577;1987:16577,True,0,1986,16577
1985,THOMPSON R-2J,Larimer,1986;1987,1986:11058;1987:11058,True,0,1986,11058
1985,PARK (ESTES PARK) R-3(J),Larimer,1986;1987,1986:1144;1987:1144,True,0,1986,1144
1985,TRINIDAD 1,Las Animas,1986;1987,1986:1702;1987:1702,True,0,1986,1702
1985,PRIMERO REORGANIZED 2,Las Animas,1986;1987,1986:188;1987:188,True,0,1986,188
1985,HOEHNE REORGANIZED 3,Las Animas,1986;1987,1986:293;1987:293,True,0,1986,293
1985,AGUILAR REORGANIZED 6,Las Animas,1986;1987,1986:183;1987:183,True,0,1986,183
1985,BRANSON REORGANIZED 82,Las Animas,1986;1987,1986:56;1987:56,True,0,1986,56
1985,KIM REORGANIZED 88,Las Animas,1986;1987,1986:84;1987:84,True,0,1986,84
1985,GENOA-HUGO C113*,Lincoln,1986;1987,1986:212;1987:212,True,0,1986,212
1985,LIMON RE-4J,Lincoln,1986;1987,1986:436;1987:436,True,0,1986,436
1985,KARVAL RE-23,Lincoln,1986;1987,1986:60;1987:60,True,0,1986,60
1985,VALLEY RE-1,Logan,1986;1987,1986:2942;1987:2942,True,0,1986,2942
1985,FRENCHMAN RE-3,Logan,1986;1987,1986:167;1987:167,True,0,1986,167
1985,BUFFALO RE-4(J),Logan,1986;1987,1986:191;1987:191,True,0,1986,191
1985,PLATEAU RE-5,Logan,1986;1987,1986:128;1987:128,True,0,1986,128
1985,DEBEQUE 49JT,Mesa,1986;1987,1986:92;1987:92,True,0,1986,92
1985,PLATEAU VALLEY 50,Mesa,1986;1987,1986:344;1987:344,True,0,1986,344
1985,MESA COUNTY VALLEY 51,Mesa,1986;1987,1986:15410;1987:15410,True,0,1986,15410
1985,CREEDE CONSOLIDATED 1,Mineral,1986;1987,1986:106;1987:106,True,0,1986,106
1985,MOFFAT COUNTY RE: NO 1,Moffat,1986;1987,1986:2710;1987:2710,True,0,1986,2710
1985,MONTEZUMA-CORTEZ RE-1,Montezuma,1986;1987,1986:3269;1987:3269,True,0,1986,3269
1985,MANCOS RE-6,Montezuma,1986;1987,1986:494;1987:494,True,0,1986,494
1985,MONTROSE COUNTY RE-1J,MONTROSE,1986;1987,1986:4329;1987:4329,True,0,1986,4329
1985,BRUSH RE-2(J),Morgan,1986;1987,1986:1269;1987:1269,True,0,1986,1269
1985,FORT MORGAN RE-3,Morgan,1986;1987,1986:2595;1987:2595,True,0,1986,2595
1985,WELDON VALLEY RE-20(J),Morgan,1986;1987,1986:118;1987:118,True,0,1986,118
1985,WIGGINS RE-50(J),Morgan,1986;1987,1986:383;1987:383,True,0,1986,383
1985,EAST OTERO R-1,Otero,1986;1987,1986:2111;1987:2111,True,0,1986,2111
1985,ROCKY FORD R-2,Otero,1986;1987,1986:1350;1987:1350,True,0,1986,1350
1985,MANZANOLA 3J,Otero,1986;1987,1986:254;1987:254,True,0,1986,254
1985,FOWLER R-4J,Otero,1986;1987,1986:450;1987:450,True,0,1986,450
1985,CHERAW 31,Otero,1986;1987,1986:173;1987:173,True,0,1986,173
1985,SWINK,Otero,1986;1987,1986:318;1987:318,True,0,1986,318
1985,OURAY,Ouray,1986;1987,1986:157;1987:157,True,0,1986,157
1985,PLATTE CANYON,Park,1986;1987,1986:1119;1987:1119,True,0,1986,1119
1985,PARK COUNTY,Park,1986;1987,1986:356;1987:356,True,0,1986,356
1985,HOLYOKE,Phillips,1986;1987,1986:542;1987:542,True,0,1986,542
1985,HAXTUN,Phillips,1986;1987,1986:310;1987:310,True,0,1986,310
1985,ASPEN,Pitkin,1986;1987,1986:899;1987:899,True,0,1986,899
1985,GRANADA RE-1,Prowers,1986;1987,1986:268;1987:268,True,0,1986,268
1985,LAMAR RE-2,Prowers,1986;1987,1986:2155;1987:2155,True,0,1986,2155
1985,HOLLY RE-3,Prowers,1986;1987,1986:354;1987:354,True,0,1986,354
1985,WILEY RE-13 JT,Prowers,1986;1987,1986:296;1987:296,True,0,1986,296
1985,PUEBLO CITY 60,Pueblo,1986;1987,1986:18700;1987:18700,True,0,1986,18700
1985,PUEBLO COUNTY RURAL 70,Pueblo,1986;1987,1986:4306;1987:4306,True,0,1986,4306
1985,MEEKER RE1,Rio Blanco,1986;1987,1986:779;1987:779,True,0,1986,779
1985,RANGELY RE-4,Rio Blanco,1986;1987,1986:749;1987:749,True,0,1986,749
1985,DEL NORTE,Rio Grande,1986;1987,1986:697;1987:697,True,0,1986,697
1985,MONTE VISTA,Rio Grande,1986;1987,1986:1417;1987:1417,True,0,1986,1417
1985,SARGENT,Rio Grande,1986;1987,1986:479;1987:479,True,0,1986,479
1985,HAYDEN,Routt,1986;1987,1986:490;1987:490,True,0,1986,490
1985,STEAMBOAT SPRINGS,Routt,1986;1987,1986:1476;1987:1476,True,0,1986,1476
1985,SOUTH ROUTT,Routt,1986;1987,1986:411;1987:411,True,0,1986,411
1985,MOUNTAIN VALLEY,Saguache,1986;1987,1986:178;1987:178,True,0,1986,178
1985,MOFFAT,Saguache,1986;1987,1986:122;1987:122,True,0,1986,122
1985,CENTER 26 JT.,SAGUACHE,1986;1987,1986:587;1987:587,True,0,1986,587
1985,SILVERTON 1,SAN JUAN,1986;1987,1986:121;1987:121,True,0,1986,121
1985,TELLURIDE R-1,SAN MIGUEL,1986;1987,1986:259;1987:259,True,0,1986,259
1985,NORWOOD R-2J,SAN MIGUEL,1986;1987,1986:338;1987:338,True,0,1986,338
1985,EGNAR 18,SAN MIGUEL,1986;1987,1986:35;1987:35,True,0,1986,35
1985,PLATTE VALLEY RE-3,SEDGWICK,1986;1987,1986:204;1987:204,True,0,1986,204
1985,SUMMIT RE-1,SUMMIT,1986;1987,1986:1482;1987:1482,True,0,1986,1482
1985,WOODLAND PARK RE-2,Teller,1986;1987,1986:1990;1987:1990,True,0,1986,1990
1985,AKRON R-1,Washington,1986;1987,1986:462;1987:462,True,0,1986,462
1985,ARICKAREE R-2,Washington,1986;1987,1986:160;1987:160,True,0,1986,160
1985,OTIS R-3,Washington,1986;1987,1986:203;1987:203,True,0,1986,203
1985,LONE STAR 101,Washington,1986;1987,1986:56;1987:56,True,0,1986,56
1985,WOODLIN 104,Washington,1986;1987,1986:93;1987:93,True,0,1986,93
1985,GILCREST RE-1,Weld,1986;1987,1986:1689;1987:1689,True,0,1986,1689
1985,EATON RE-2,Weld,1986;1987,1986:1173;1987:1173,True,0,1986,1173
1985,KEENESBURG RE-3(J),Weld,1986;1987,1986:1189;1987:1189,True,0,1986,1189
1985,WINDSOR RE-4,Weld,1986;1987,1986:1533;1987:1533,True,0,1986,1533
1985,GREELEY 6,Weld,1986;1987,1986:10836;1987:10836,True,0,1986,10836
1985,PLATTE VALLEY RE-7,Weld,1986;1987,1986:851;1987:851,True,0,1986,851
1985,FORT LUPTON RE-8,Weld,1986;1987,1986:2186;1987:2186,True,0,1986,2186
1985,AULT-HIGHLAND RE-9,Weld,1986;1987,1986:776;1987:776,True,0,1986,776
1985,GARFIELD,Garfield,1987,1987:490,True,0,1987,2177
1986,MAPLETON 1,Adams,1986;1987,1986:4997;1987:4997,True,0,1986,4997
1986,NORTHGLENN-THORNTON 12,Adams,1986;1987,1986:20197;1987:20197,True,0,1986,20197
1986,ADAMS COUNTY 14,Adams,1986;1987,1986:5659;1987:5659,True,0,1986,5659
1986,BRIGHTON 27J,Adams,1986;1987,1986:4099;1987:4099,True,0,1986,4099
1986,BENNETT 29J,Adams,1986;1987,1986:790;1987:790,True,0,1986,790
1986,STRASBURG 31J,Adams,1986;1987,1986:438;1987:438,True,0,1986,438
1986,WESTMINSTER 50,Adams,1986;1987,1986:10822;1987:10822,True,0,1986,10822
1986,ALAMOSA RE-11J,Alamosa,1986;1987,1986:2260;1987:2260,True,0,1986,2260
1986,SANGRE DE CRISTO RE-22J,Alamosa,1986;1987,1986:268;1987:268,True,0,1986,268
1986,ENGLEWOOD 1,Arapahoe,1986;1987,1986:3589;1987:3589,True,0,1986,3589
1986,SHERIDAN 2,Arapahoe,1986;1987,1986:1545;1987:1545,True,0,1986,1545
1986,CHERRY CREEK 5,Arapahoe,1986;1987,1986:26459;1987:26459,True,0,1986,26459
1986,LITTLETON 6,Arapahoe,1986;1987,1986:15931;1987:15931,True,0,1986,15931
1986,DEER TRAIL 26J,Arapahoe,1986;1987,1986:185;1987:185,True,0,1986,185
1986,ADAMS-ARAPAHOE 28J,Arapahoe,1986;1987,1986:25840;1987:25840,True,0,1986,25840
1986,BYERS 32J,Arapahoe,1986;1987,1986:334;1987:334,True,0,1986,334
1986,ARCHULETA COUNTY 50 JT,Archuleta,1986;1987,1986:1034;1987:1034,True,0,1986,1034
1986,WALSH RE-1,Baca,1986;1987,1986:317;1987:317,True,0,1986,317
1986,PRITCHETT RE-3,Baca,1986;1987,1986:48;1987:48,True,0,1986,48
1986,SPRINGFIELD RE-4,Baca,1986;1987,1986:387;1987:387,True,0,1986,387
1986,VILAS RE-5,Baca,1986;1987,1986:62;1987:62,True,0,1986,62
1986,CAMPO RE-6,Baca,1986;1987,1986:69;1987:69,True,0,1986,69
1986,LAS ANIMAS RE-1,Bent,1986;1987,1986:882;1987:882,True,0,1986,882
1986,MC CLAVE RE-2,Bent,1986;1987,1986:190;1987:190,True,0,1986,190
1986,ST. VRAIN VALLEY RE 1J,Boulder,1986;1987,1986:14896;1987:14896,True,0,1986,14896
1986,BOULDER VALLEY RE 2(J),Boulder,1986;1987,1986:20751;1987:20751,True,0,1986,20751
1986,BUENA VISTA R-31,Chaffee,1986;1987,1986:919;1987:919,True,0,1986,919
1986,SALIDA R-32(J),Chaffee,1986;1987,1986:1277;1987:1277,True,0,1986,1277
1986,KIT CARSON R-1,Cheyenne,1986;1987,1986:134;1987:134,True,0,1986,134
1986,CHEYENNE COUNTY RE-5*,Cheyenne,1986;1987,1986:308;1987:308,True,0,1986,308
1986,CLEAR CREEK RE-1,Clear Creek,1986;1987,1986:1462;1987:1462,True,0,1986,1462
1986,NORTH CONEJOS RE-1J,Conejos,1986;1987,1986:1135;1987:1135,True,0,1986,1135
1986,SANFORD 6J,Conejos,1986;1987,1986:338;1987:338,True,0,1986,338
1986,SOUTH CONEJOS RE-10,Conejos,1986;1987,1986:507;1987:507,True,0,1986,507
1986,CENTENNIAL R-1,Costilla,1986;1987,1986:434;1987:434,True,0,1986,434
1986,SIERRA GRANDE R-30,Costilla,1986;1987,1986:269;1987:269,True,0,1986,269
1986,CROWLEY COUNTY RE-1-J,Crowley,1986;1987,1986:523;1987:523,True,0,1986,523
1986,CONSOLIDATED C-1,Custer,1986;1987,1986:309;1987:309,True,0,1986,309
1986,DELTA COUNTY 50(J),Delta,1986;1987,1986:3914;1987:3914,True,0,1986,3914
1986,DENVER COUNTY 1,Denver,1986;1987,1986:60315;1987:60315,True,0,1986,60315
1986,DOLores COUNTY RE NO.1,Dolores,1986;1987,1986:345;1987:345,True,0,1986,345
1986,DOUGLAS COUNTY RE 1(J),Douglas,1986;1987,1986:9693;1987:9693,True,0,1986,9693
1986,EAGLE COUNTY RE 50(J),Eagle,1986;1987,1986:2212;1987:2212,True,0,1986,2212
1986,ELIZABETH C-1,Elbert,1986;1987,1986:1189;1987:1189,True,0,1986,1189
1986,KIOWA C-2,Elbert,1986;1987,1986:209;1987:209,True,0,1986,209
1986,BIG SANDY 100(J),Elbert,1986;1987,1986:303;1987:303,True,0,1986,303
1986,ELBERT 200,Elbert,1986;1987,1986:125;1987:125,True,0,1986,125
1986,AGATE,Elbert,1986;1987,1986:43;1987:43,True,0,1986,43
1986,CALHAN,El Paso,1986;1987,1986:370;1987:370,True,0,1986,370
1986,HARRISON,El Paso,1986;1987,1986:9463;1987:9463,True,0,1986,9463
1986,WIDEFIELD,El Paso,1986;1987,1986:6903;1987:6903,True,0,1986,6903
1986,FOUNTAIN,El Paso,1986;1987,1986:3604;1987:3604,True,0,1986,3604
1986,COLORADO SPRINGS,El Paso,1986;1987,1986:31116;1987:31116,True,0,1986,31116
1986,CHEYENNE MOUNTAIN,El Paso,1986;1987,1986:2373;1987:2373,True,0,1986,2373
1986,MANITOU SPRINGS,El Paso,1986;1987,1986:1177;1987:1177,True,0,1986,1177
1986,ACADEMY 20,El Paso,1986;1987,1986:9153;1987:9153,True,0,1986,9153
1986,ELLICOTT 22,El Paso,1986;1987,1986:492;1987:492,True,0,1986,492
1986,PEYTON 23 JT,El Paso,1986;1987,1986:315;1987:315,True,0,1986,315
1986,HANOVER 28,El Paso,1986;1987,1986:64;1987:64,True,0,1986,64
1986,LEWIS-PALMER 38,El Paso,1986;1987,1986:2069;1987:2069,True,0,1986,2069
1986,FALCON 49,El Paso,1986;1987,1986:2318;1987:2318,True,0,1986,2318
1986,EDISON 54 JT,El Paso,1986;1987,1986:34;1987:34,True,0,1986,34
1986,MIAMI/YODER 60 JT,El Paso,1986;1987,1986:174;1987:174,True,0,1986,174
1986,CANON CITY RE-1,Fremont,1986;1987,1986:3652;1987:3652,True,0,1986,3652
1986,FLORENCE RE-2(J),Fremont,1986;1987,1986:1810;1987:1810,True,0,1986,1810
1986,COTOPAXI RE-3,Fremont,1986;1987,1986:232;1987:232,True,0,1986,232
1986,ROARING FORK RE-1(J),Garfield,1986;1987,1986:3010;1987:3010,True,0,1986,3010
1986,GILPIN COUNTY RE-1,Gilpin,1986;1987,1986:371;1987:371,True,0,1986,371
1986,WEST GRAND 1(JT),Grand,1986;1987,1986:548;1987:548,True,0,1986,548
1986,EAST GRAND 2,Grand,1986;1987,1986:1091;1987:1091,True,0,1986,1091
1986,GUNNISON WATERSHED RE1J,Gunnison,1986;1987,1986:1403;1987:1403,True,0,1986,1403
1986,HINSDALE COUNTY RE. 1,Hinsdale,1986;1987,1986:41;1987:41,True,0,1986,41
1986,HUERFANO RE-1,Huerfano,1986;1987,1986:862;1987:862,True,0,1986,862
1986,LA VETA RE-2,Huerfano,1986;1987,1986:214;1987:214,True,0,1986,214
1986,NORTH PARK R-1,Jackson,1986;1987,1986:326;1987:326,True,0,1986,326
1986,JEFFERSON COUNTY R-1,Jefferson,1986;1987,1986:75760;1987:75760,True,0,1986,75760
1986,EADS RE-1,Kiowa,1986;1987,1986:270;1987:270,True,0,1986,270
1986,PLAINVIEW RE-2,Kiowa,1986;1987,1986:96;1987:96,True,0,1986,96
1986,ARRIBA-FLAGLER C-20*,Kit Carson,1986;1987,1986:230;1987:230,True,0,1986,230
1986,HI-PLAINS R-23**,Kit Carson,1986;1987,1986:131;1987:131,True,0,1986,131
1986,STRATTON R-4,Kit Carson,1986;1987,1986:271;1987:271,True,0,1986,271
1986,BETHUNE R-5,Kit Carson,1986;1987,1986:90;1987:90,True,0,1986,90
1986,BURLINGTON RE-6J,Kit Carson,1986;1987,1986:873;1987:873,True,0,1986,873
1986,LAKE COUNTY R-1,Lake,1986;1987,1986:1212;1987:1212,True,0,1986,1212
1986,DURANGO 9-R,La Plata,1986;1987,1986:3767;1987:3767,True,0,1986,3767
1986,BAYFIELD 10 JT-R,La Plata,1986;1987,1986:716;1987:716,True,0,1986,716
1986,IGNACIO 11 JT,La Plata,1986;1987,1986:876;1987:876,True,0,1986,876
1986,POUDRE R-1,Larimer,1986;1987,1986:17064;1987:17064,True,0,1986,17064
1986,THOMPSON R-2J,Larimer,1986;1987,1986:11315;1987:11315,True,0,1986,11315
1986,PARK (ESTES PARK) R-3(J),Larimer,1986;1987,1986:1126;1987:1126,True,0,1986,1126
1986,TRINIDAD 1,Las Animas,1986;1987,1986:1656;1987:1656,True,0,1986,1656
1986,PRIMERO REORGANIZED 2,Las Animas,1986;1987,1986:173;1987:173,True,0,1986,173
1986,HOEHNE REORGANIZED 3,Las Animas,1986;1987,1986:297;1987:297,True,0,1986,297
1986,AGUILAR REORGANIZED 6,Las Animas,1986;1987,1986:186;1987:186,True,0,1986,186
1986,BRANSON REORGANIZED 82,Las Animas,1986;1987,1986:52;1987:52,True,0,1986,52
1986,KIM REORGANIZED 88,Las Animas,1986;1987,1986:83;1987:83,True,0,1986,83
1986,GENOA-HUGO C113*,Lincoln,1986;1987,1986:236;1987:236,True,0,1986,236
1986,LIMON RE-4J,Lincoln,1986;1987,1986:421;1987:421,True,0,1986,421
1986,KARVAL RE-23,Lincoln,1986;1987,1986:65;1987:65,True,0,1986,65
1986,VALLEY RE-1,Logan,1986;1987,1986:2901;1987:2901,True,0,1986,2901
1986,FRENCHMAN RE-3,Logan,1986;1987,1986:168;1987:168,True,0,1986,168
1986,BUFFALO RE-4(J),Logan,1986;1987,1986:204;1987:204,True,0,1986,204
1986,PLATEAU RE-5,Logan,1986;1987,1986:132;1987:132,True,0,1986,132
1986,DEBEQUE 49JT,Mesa,1986;1987,1986:88;1987:88,True,0,1986,88
1986,PLATEAU VALLEY 50,Mesa,1986;1987,1986:328;1987:328,True,0,1986,328
1986,MESA COUNTY VALLEY 51,Mesa,1986;1987,1986:15502;1987:15502,True,0,1986,15502
1986,CREEDE CONSOLIDATED 1,Mineral,1986;1987,1986:110;1987:110,True,0,1986,110
1986,MOFFAT COUNTY RE: NO 1,Moffat,1986;1987,1986:2558;1987:2558,True,0,1986,2558
1986,MONTEZUMA-CORTEZ RE-1,Montezuma,1986;1987,1986:3141;1987:3141,True,0,1986,3141
1986,MANCOS RE-6,Montezuma,1986;1987,1986:484;1987:484,True,0,1986,484
1986,MONTROSE COUNTY RE-1J,MONTROSE,1986;1987,1986:4352;1987:4352,True,0,1986,4352
1986,BRUSH RE-2(J),Morgan,1986;1987,1986:1271;1987:1271,True,0,1986,1271
1986,FORT MORGAN RE-3,Morgan,1986;1987,1986:2701;1987:2701,True,0,1986,2701
1986,WELDON VALLEY RE-20(J),Morgan,1986;1987,1986:124;1987:124,True,0,1986,124
1986,WIGGINS RE-50(J),Morgan,1986;1987,1986:400;1987:400,True,0,1986,400
1986,EAST OTERO R-1,Otero,1986;1987,1986:2037;1987:2037,True,0,1986,2037
1986,ROCKY FORD R-2,Otero,1986;1987,1986:1316;1987:1316,True,0,1986,1316
1986,MANZANOLA 3J,Otero,1986;1987,1986:272;1987:272,True,0,1986,272
1986,FOWLER R-4J,Otero,1986;1987,1986:441;1987:441,True,0,1986,441
1986,CHERAW 31,Otero,1986;1987,1986:189;1987:189,True,0,1986,189
1986,SWINK,Otero,1986;1987,1986:315;1987:315,True,0,1986,315
1986,OURAY,Ouray,1986;1987,1986:169;1987:169,True,0,1986,169
1986,PLATTE CANYON,Park,1986;1987,1986:1058;1987:1058,True,0,1986,1058
1986,PARK COUNTY,Park,1986;1987,1986:376;1987:376,True,0,1986,376
1986,HOLYOKE,Phillips,1986;1987,1986:511;1987:511,True,0,1986,511
1986,HAXTUN,Phillips,1986;1987,1986:299;1987:299,True,0,1986,299
1986,ASPEN,Pitkin,1986;1987,1986:946;1987:946,True,0,1986,946
1986,GRANADA RE-1,Prowers,1986;1987,1986:260;1987:260,True,0,1986,260
1986,LAMAR RE-2,Prowers,1986;1987,1986:2087;1987:2087,True,0,1986,2087
1986,HOLLY RE-3,Prowers,1986;1987,1986:351;1987:351,True,0,1986,351
1986,WILEY RE-13 JT,Prowers,1986;1987,1986:308;1987:308,True,0,1986,308
1986,PUEBLO CITY 60,Pueblo,1986;1987,1986:18876;1987:18876,True,0,1986,18876
1986,PUEBLO COUNTY RURAL 70,Pueblo,1986;1987,1986:4267;1987:4267,True,0,1986,4267
1986,MEEKER RE1,Rio Blanco,1986;1987,1986:780;1987:780,True,0,1986,780
1986,RANGELY RE-4,Rio Blanco,1986;1987,1986:800;1987:800,True,0,1986,800
1986,DEL NORTE,Rio Grande,1986;1987,1986:751;1987:751,True,0,1986,751
1986,MONTE VISTA,Rio Grande,1986;1987,1986:1374;1987:1374,True,0,1986,1374
1986,SARGENT,Rio Grande,1986;1987,1986:458;1987:458,True,0,1986,458
1986,HAYDEN,Routt,1986;1987,1986:479;1987:479,True,0,1986,479
1986,STEAMBOAT SPRINGS,Routt,1986;1987,1986:1522;1987:1522,True,0,1986,1522
1986,SOUTH ROUTT,Routt,1986;1987,1986:405;1987:405,True,0,1986,405
1986,MOUNTAIN VALLEY,Saguache,1986;1987,1986:174;1987:174,True,0,1986,174
1986,MOFFAT,Saguache,1986;1987,1986:123;1987:123,True,0,1986,123
1986,CENTER 26 JT.,SAGUACHE,1986;1987,1986:619;1987:619,True,0,1986,619
1986,SILVERTON 1,SAN JUAN,1986;1987,1986:195;1987:195,True,0,1986,195
1986,TELLURIDE R-1,SAN MIGUEL,1986;1987,1986:251;1987:251,True,0,1986,251
1986,NORWOOD R-2J,SAN MIGUEL,1986;1987,1986:327;1987:327,True,0,1986,327
1986,EGNAR 18,SAN MIGUEL,1986;1987,1986:39;1987:39,True,0,1986,39
1986,JULESBURG RE-1,SEDGWICK,1986;1987,1986:367;1987:367,True,0,1986,367
1986,PLATTE VALLEY RE-3,SEDGWICK,1986;1987,1986:181;1987:181,True,0,1986,181
1986,SUMMIT RE-1,SUMMIT,1986;1987,1986:1482;1987:1482,True,0,1986,1482
1986,WOODLAND PARK RE-2,Teller,1986;1987,1986:2109;1987:2109,True,0,1986,2109
1986,AKRON R-1,Washington,1986;1987,1986:480;1987:480,True,0,1986,480
1986,ARICKAREE R-2,Washington,1986;1987,1986:160;1987:160,True,0,1986,160
1986,OTIS R-3,Washington,1986;1987,1986:206;1987:206,True,0,1986,206
1986,LONE STAR 101,Washington,1986;1987,1986:58;1987:58,True,0,1986,58
1986,WOODLIN 104,Washington,1986;1987,1986:97;1987:97,True,0,1986,97
1986,GILCREST RE-1,Weld,1986;1987,1986:1660;1987:1660,True,0,1986,1660
1986,EATON RE-2,Weld,1986;1987,1986:1164;1987:1164,True,0,1986,1164
1986,KEENESBURG RE-3(J),Weld,1986;1987,1986:1257;1987:1257,True,0,1986,1257
1986,WINDSOR RE-4,Weld,1986;1987,1986:1583;1987:1583,True,0,1986,1583
1986,JOHNSTOWN-MILLIKEN RE-5J,Weld,1986;1987,1986:1227;1987:1227,True,0,1986,1227
1986,GREELEY 6,Weld,1986;1987,1986:11110;1987:11110,True,0,1986,11110
1986,PLATTE VALLEY RE-7,Weld,1986;1987,1986:866;1987:866,True,0,1986,866
1986,FORT LUPTON RE-8,Weld,1986;1987,1986:2239;1987:2239,True,0,1986,2239
1986,AULT-HIGHLAND RE-9,Weld,1986;1987,1986:725;1987:725,True,0,1986,725
1986,GARFIELD,Garfield,1987,1987:474,True,0,1987,2198
1987,GARFIELD,Garfield,1987,1987:432,True,0,1987,2193
