year,leaid,district_code,district_name,teacher_fte,teacher_fte_prek,teacher_fte_kindergarten,teacher_fte_elementary,teacher_fte_secondary,staff_total_fte,enrollment_reported,source
1987,0806480,0990,2IDEFIELD           3,354.0,,,,,,6972,ccd-lea-1987
1987,0801920,1040,ACADEMY             20,483.0,,,,,,9659,ccd-lea-1987
1987,0801950,0030,ADAMS COUNTY        14,307.0,,,,,,5797,ccd-lea-1987
1987,0802340,0180,ADAMS-ARAPAHOE      28J,1409.0,,,,,,25951,ccd-lea-1987
1987,0801980,0960,AGATE               300,9.0,,,,,,52,ccd-lea-1987
1987,0802010,1620,AGUILAR REORGANIZED 6,18.0,,,,,,182,ccd-lea-1987
1987,0802040,3030,AKRON               R-1,32.0,,,,,,459,ccd-lea-1987
1987,0802070,0100,ALAMOSA             RE-11J,127.0,,,,,,2308,ccd-lea-1987
1987,0802190,0220,ARCHULETA COUNTY    50 JT,61.0,,,,,,1086,ccd-lea-1987
1987,0802220,3040,ARICKAREE           R-2,18.0,,,,,,141,ccd-lea-1987
1987,0802260,1450,ARRIBA-FLAGLER      C-20,21.0,,,,,,229,ccd-lea-1987
1987,0802280,2640,ASPEN               1,76.0,,,,,,1000,ccd-lea-1987
1987,0802310,3145,AULT-HIGHLAND       RE-9,46.0,,,,,,758,ccd-lea-1987
1987,0802400,1530,BAYFIELD            10 JT-R,42.0,,,,,,738,ccd-lea-1987
1987,0802430,0050,BENNETT             29J,59.0,,,,,,790,ccd-lea-1987
1987,0802460,1490,BETHUNE             R-5,12.0,,,,,,101,ccd-lea-1987
1987,0806600,0940,BIG SANDY           100(J),19.0,,,,,,281,ccd-lea-1987
1987,0802490,0480,BOULDER VALLEY      RE 2(J),1147.0,,,,,,20835,ccd-lea-1987
1987,0802520,1750,BRANSON REORGANIZED 82,8.0,,,,,,59,ccd-lea-1987
1987,0802550,3146,BRIGGSDALE          RE-10(J),12.0,,,,,,82,ccd-lea-1987
1987,0802580,0040,BRIGHTON            27J,223.0,,,,,,4058,ccd-lea-1987
1987,0802610,2395,BRUSH               RE-2(J),77.0,,,,,,1240,ccd-lea-1987
1987,0802640,0490,BUENA VISTA         R-31,58.0,,,,,,864,ccd-lea-1987
1987,0805640,1860,BUFFALO             RE-4(J),17.0,,,,,,187,ccd-lea-1987
1987,0802670,1500,BURLINGTON          RE-6J,61.0,,,,,,847,ccd-lea-1987
1987,0802700,0190,BYERS               32J,26.0,,,,,,331,ccd-lea-1987
1987,0802730,0970,CALHAN              RJ-1,22.0,,,,,,374,ccd-lea-1987
1987,0802760,0270,CAMPO               RE-6,11.0,,,,,,71,ccd-lea-1987
1987,0802790,1140,CANON CITY          RE-1,190.0,,,,,,3581,ccd-lea-1987
1987,0806360,0640,CENTENNIAL          R-1,30.0,,,,,,425,ccd-lea-1987
1987,0802850,2810,CENTER              26 JT.,41.0,,,,,,602,ccd-lea-1987
1987,0802880,2560,CHERAW              31,16.0,,,,,,186,ccd-lea-1987
1987,0802910,0130,CHERRY CREEK        5,1430.0,,,,,,26739,ccd-lea-1987
1987,0800001,0520,CHEYENNE COUNTY     RE-5,24.0,,,,,,319,ccd-lea-1987
1987,0802940,1020,CHEYENNE MOUNTAIN   12,135.0,,,,,,2503,ccd-lea-1987
1987,0803000,0540,CLEAR CREEK         RE-1,81.0,,,,,,1445,ccd-lea-1987
1987,0803060,1010,COLORADO SPRINGS    11,1612.0,,,,,,30702,ccd-lea-1987
1987,0807200,0860,CONSOLIDATED        C-1,22.0,,,,,,308,ccd-lea-1987
1987,0803120,1160,COTOPAXI            RE-3,20.0,,,,,,241,ccd-lea-1987
1987,0803150,2010,CREEDE CONSOLIDATED 1,12.0,,,,,,107,ccd-lea-1987
1987,0803180,3010,CRIPPLE CREEK-VICTORRE-1,19.0,,,,,,309,ccd-lea-1987
1987,0803210,0770,CROWLEY COUNTY      RE-1-J,42.0,,,,,,547,ccd-lea-1987
1987,0803240,1980,DEBEQUE             49JT,10.0,,,,,,97,ccd-lea-1987
1987,0803270,0170,DEER TRAIL          26J,17.0,,,,,,173,ccd-lea-1987
1987,0803300,2730,DEL NORTE           C-7,45.0,,,,,,761,ccd-lea-1987
1987,0803330,0870,DELTA COUNTY        50(J),225.0,,,,,,3886,ccd-lea-1987
1987,0899060,9100,DELTA-MONTROSE BOCS,0.0,,,,,,0,ccd-lea-1987
1987,0803360,0880,DENVER COUNTY       1,3511.0,,,,,,59439,ccd-lea-1987
1987,0803390,2055,DOLORES             RE-4A,33.0,,,,,,521,ccd-lea-1987
1987,0803420,0890,DOLORES COUNTY      RE NO.1,29.0,,,,,,376,ccd-lea-1987
1987,0803450,0900,DOUGLAS COUNTY      RE 1(J),567.0,,,,,,10501,ccd-lea-1987
1987,0803480,1520,DURANGO             9-R,207.0,,,,,,3776,ccd-lea-1987
1987,0803510,1430,EADS                RE-1,25.0,,,,,,277,ccd-lea-1987
1987,0803540,0910,EAGLE COUNTY        RE 50(J),139.0,,,,,,2255,ccd-lea-1987
1987,0804320,1350,EAST GRAND          2,72.0,,,,,,1045,ccd-lea-1987
1987,0805130,2520,EAST OTERO          R-1,128.0,,,,,,2014,ccd-lea-1987
1987,0803570,3430,EAST YUMA COUNTY    RJ-2,69.0,,,,,,941,ccd-lea-1987
1987,0803600,3085,EATON               RE-2,65.0,,,,,,1147,ccd-lea-1987
1987,0803630,1120,EDISON              54 JT,6.0,,,,,,41,ccd-lea-1987
1987,0803690,0950,ELBERT              200,15.0,,,,,,120,ccd-lea-1987
1987,0803720,0920,ELIZABETH           C-1,75.0,,,,,,1266,ccd-lea-1987
1987,0803750,1050,ELLICOTT            22,32.0,,,,,,531,ccd-lea-1987
1987,0803780,0120,ENGLEWOOD           1,172.0,,,,,,3808,ccd-lea-1987
1987,0803870,1110,FALCON              49,136.0,,,,,,2448,ccd-lea-1987
1987,0803960,1150,FLORENCE            RE-2(J),104.0,,,,,,1746,ccd-lea-1987
1987,0804020,3140,FORT LUPTON         RE-8,105.0,,,,,,2219,ccd-lea-1987
1987,0804050,2405,FORT MORGAN         RE-3,156.0,,,,,,2639,ccd-lea-1987
1987,0804080,1000,FOUNTAIN            8,206.0,,,,,,3690,ccd-lea-1987
1987,0804110,2540,FOWLER              R-4J,33.0,,,,,,457,ccd-lea-1987
1987,0803930,1850,FRENCHMAN           RE-3,17.0,,,,,,158,ccd-lea-1987
1987,0804380,1220,GARFIELD            16,33.0,,,,,,432,ccd-lea-1987
1987,0806240,1195,GARFIELD            RE-2,116.0,,,,,,2193,ccd-lea-1987
1987,0800003,1780,GENOA-HUGO          C113,20.0,,,,,,222,ccd-lea-1987
1987,0804200,3080,GILCREST            RE-1,97.0,,,,,,1738,ccd-lea-1987
1987,0804230,1330,GILPIN COUNTY       RE-1,28.0,,,,,,344,ccd-lea-1987
1987,0804290,2650,GRANADA             RE-1,21.0,,,,,,262,ccd-lea-1987
1987,0804410,3120,GREELEY             6,596.0,,,,,,11309,ccd-lea-1987
1987,0804440,3148,GROVER              RE-12,17.0,,,,,,103,ccd-lea-1987
1987,0804470,1360,GUNNISON WATERSHED  RE1J,83.0,,,,,,1427,ccd-lea-1987
1987,0804500,1070,HANOVER             28,6.0,,,,,,56,ccd-lea-1987
1987,0804530,0980,HARRISON            2,565.0,,,,,,9685,ccd-lea-1987
1987,0804560,2630,HAXTUN              RE-2J,23.0,,,,,,272,ccd-lea-1987
1987,0804590,2760,HAYDEN              RE-1,39.0,,,,,,444,ccd-lea-1987
1987,0800002,1460,HI-PLAINS           R-23,14.0,,,,,,123,ccd-lea-1987
1987,0804620,1380,HINSDALE COUNTY     RE. 1,3.0,,,,,,38,ccd-lea-1987
1987,0804650,1600,HOEHNE REORGANIZED  3,20.0,,,,,,302,ccd-lea-1987
1987,0804680,2670,HOLLY               RE-3,28.0,,,,,,366,ccd-lea-1987
1987,0804710,2620,HOLYOKE             RE-1J,41.0,,,,,,529,ccd-lea-1987
1987,0807080,1390,HUERFANO            RE-1,57.0,,,,,,864,ccd-lea-1987
1987,0804770,1540,IGNACIO             11 JT,62.0,,,,,,906,ccd-lea-1987
1987,0804800,1420,JEFFERSON COUNTY    R-1,3555.0,,,,,,75337,ccd-lea-1987
1987,0804830,3110,JOHNSTOWN-MILLIKEN  RE-5J,63.0,,,,,,1203,ccd-lea-1987
1987,0804860,2862,JULESBURG           RE-1,28.0,,,,,,355,ccd-lea-1987
1987,0804890,1810,KARVAL              RE-23,9.0,,,,,,59,ccd-lea-1987
1987,0804920,3090,KEENESBURG          RE-3(J),65.0,,,,,,1169,ccd-lea-1987
1987,0804980,1760,KIM REORGANIZED     88,11.0,,,,,,75,ccd-lea-1987
1987,0805010,0930,KIOWA               C-2,14.0,,,,,,201,ccd-lea-1987
1987,0805040,0510,KIT CARSON          R-1,18.0,,,,,,151,ccd-lea-1987
1987,0805160,1400,LA VETA             RE-2,19.0,,,,,,234,ccd-lea-1987
1987,0805190,1510,LAKE COUNTY         R-1,73.0,,,,,,1117,ccd-lea-1987
1987,0805220,2660,LAMAR               RE-2,118.0,,,,,,2132,ccd-lea-1987
1987,0899460,9110,LARIMER COUNTY BOCS,0.0,,,,,,0,ccd-lea-1987
1987,0805250,0290,LAS ANIMAS          RE-1,57.0,,,,,,846,ccd-lea-1987
1987,0805820,1080,LEWIS-PALMER        38,104.0,,,,,,2114,ccd-lea-1987
1987,0805280,1790,LIMON               RE-4J,28.0,,,,,,443,ccd-lea-1987
1987,0805310,0140,LITTLETON           6,830.0,,,,,,15609,ccd-lea-1987
1987,0805340,3060,LONE STAR           101,8.0,,,,,,57,ccd-lea-1987
1987,0805460,2070,MANCOS              RE-6,32.0,,,,,,486,ccd-lea-1987
1987,0805490,1030,MANITOU SPRINGS     14,58.0,,,,,,1161,ccd-lea-1987
1987,0805520,2535,MANZANOLA           3J,19.0,,,,,,264,ccd-lea-1987
1987,0805550,0010,MAPLETON            1,244.0,,,,,,4895,ccd-lea-1987
1987,0805580,0310,MC CLAVE            RE-2,16.0,,,,,,181,ccd-lea-1987
1987,0805610,2710,MEEKER              RE1,42.0,,,,,,748,ccd-lea-1987
1987,0804350,2000,MESA COUNTY VALLEY  51,860.0,,,,,,15833,ccd-lea-1987
1987,0805670,1130,MIAMI/YODER         60 JT,13.0,,,,,,150,ccd-lea-1987
1987,0805700,2800,MOFFAT              2,13.0,,,,,,124,ccd-lea-1987
1987,0805730,2020,MOFFAT COUNTY       RE:NO 1,141.0,,,,,,2549,ccd-lea-1987
1987,0805760,2740,MONTE VISTA         C-8,83.0,,,,,,1389,ccd-lea-1987
1987,0899480,9105,MONTEZUMA CO BOCS,0.0,,,,,,0,ccd-lea-1987
1987,0803090,2035,MONTEZUMA-CORTEZ    RE-1,185.0,,,,,,3126,ccd-lea-1987
1987,0805790,2180,MONTROSE COUNTY     RE-1J,252.0,,,,,,4307,ccd-lea-1987
1987,0806300,2790,MOUNTAIN VALLEY     RE 1,19.0,,,,,,182,ccd-lea-1987
1987,0805100,0550,NORTH CONEJOS       RE-1J,73.0,,,,,,1169,ccd-lea-1987
1987,0807050,1410,NORTH PARK          R-1,24.0,,,,,,310,ccd-lea-1987
1987,0806900,0020,NORTHGLENN-THORNTON 12,1094.0,,,,,,20602,ccd-lea-1987
1987,0805880,2840,NORWOOD             R-2J,25.0,,,,,,295,ccd-lea-1987
1987,0805940,3050,OTIS                R-3,19.0,,,,,,212,ccd-lea-1987
1987,0805970,2580,OURAY               R-1,16.0,,,,,,171,ccd-lea-1987
1987,0803810,1570,PARK (ESTES PARK)   R-3(J),61.0,,,,,,1116,ccd-lea-1987
1987,0803840,2610,PARK COUNTY         RE-2,32.0,,,,,,372,ccd-lea-1987
1987,0806060,1060,PEYTON              23 JT,20.0,,,,,,310,ccd-lea-1987
1987,0806930,1440,PLAINVIEW           RE-2,15.0,,,,,,97,ccd-lea-1987
1987,0806030,1870,PLATEAU             RE-5,17.0,,,,,,131,ccd-lea-1987
1987,0803030,1990,PLATEAU VALLEY      50,27.0,,,,,,458,ccd-lea-1987
1987,0802370,2600,PLATTE CANYON       1,52.0,,,,,,1091,ccd-lea-1987
1987,0806000,2865,PLATTE VALLEY       RE-3,19.0,,,,,,171,ccd-lea-1987
1987,0804950,3130,PLATTE VALLEY       RE-7,49.0,,,,,,836,ccd-lea-1987
1987,0803990,1550,POUDRE              R-1,853.0,,,,,,17427,ccd-lea-1987
1987,0806720,3147,PRAIRIE             RE-11(J),15.0,,,,,,97,ccd-lea-1987
1987,0807260,1590,PRIMERO REORGANIZED 2,15.0,,,,,,183,ccd-lea-1987
1987,0806090,0240,PRITCHETT           RE-3,9.0,,,,,,72,ccd-lea-1987
1987,0806120,2690,PUEBLO CITY         60,974.0,,,,,,18692,ccd-lea-1987
1987,0806150,2700,PUEBLO COUNTY RURAL 70,226.0,,,,,,4230,ccd-lea-1987
1987,0806180,2720,RANGELY             RE-4,59.0,,,,,,718,ccd-lea-1987
1987,0806210,2590,RIDGWAY             R-2,17.0,,,,,,215,ccd-lea-1987
1987,0804260,1180,ROARING FORK        RE-1(J),173.0,,,,,,3110,ccd-lea-1987
1987,0806270,2530,ROCKY FORD          R-2,83.0,,,,,,1301,ccd-lea-1987
1987,0806330,0500,SALIDA              R-32(J),76.0,,,,,,1243,ccd-lea-1987
1987,0806390,0560,SANFORD             6J,18.0,,,,,,331,ccd-lea-1987
1987,0806420,0110,SANGRE DE CRISTO    RE-22J,19.0,,,,,,281,ccd-lea-1987
1987,0806450,2750,SARGENT             RE-33J,34.0,,,,,,448,ccd-lea-1987
1987,0806540,0123,SHERIDAN            2,85.0,,,,,,1529,ccd-lea-1987
1987,0804140,0740,SIERRA GRANDE       R-30,19.0,,,,,,286,ccd-lea-1987
1987,0806570,2820,SILVERTON           1,17.0,,,,,,188,ccd-lea-1987
1987,0802130,0580,SOUTH CONEJOS       RE-10,39.0,,,,,,504,ccd-lea-1987
1987,0805910,2780,SOUTH ROUTT         RE 3(J),35.0,,,,,,384,ccd-lea-1987
1987,0899380,9070,SOUTHEAST METRO BOCS,0.0,,,,,,0,ccd-lea-1987
1987,0899420,9080,SOUTHWEST BOCS,0.0,,,,,,40,ccd-lea-1987
1987,0806630,0250,SPRINGFIELD         RE-4,33.0,,,,,,376,ccd-lea-1987
1987,0805370,0470,ST. VRAIN VALLEY    RE 1J,783.0,,,,,,15081,ccd-lea-1987
1987,0806660,2770,STEAMBOAT SPRINGS   RE-2,99.0,,,,,,1520,ccd-lea-1987
1987,0806750,0060,STRASBURG           31J,32.0,,,,,,432,ccd-lea-1987
1987,0806780,1480,STRATTON            R-4,22.0,,,,,,258,ccd-lea-1987
1987,0806810,3000,SUMMIT              RE-1,93.0,,,,,,1503,ccd-lea-1987
1987,0806840,2570,SWINK               33,24.0,,,,,,321,ccd-lea-1987
1987,0806870,2830,TELLURIDE           R-1,26.0,,,,,,253,ccd-lea-1987
1987,0805400,1560,THOMPSON            R-2J,637.0,,,,,,11525,ccd-lea-1987
1987,0806960,1580,TRINIDAD            1,93.0,,,,,,1686,ccd-lea-1987
1987,0806690,1828,VALLEY              RE-1,178.0,,,,,,2795,ccd-lea-1987
1987,0806990,0260,VILAS               RE-5,13.0,,,,,,65,ccd-lea-1987
1987,0807110,0230,WALSH               RE-1,23.0,,,,,,309,ccd-lea-1987
1987,0807140,2505,WELDON VALLEY       RE-20(J),14.0,,,,,,115,ccd-lea-1987
1987,0805850,2190,WEST END            RE-2,23.0,,,,,,396,ccd-lea-1987
1987,0805070,1340,WEST GRAND          1(JT),40.0,,,,,,586,ccd-lea-1987
1987,0807170,3420,WEST YUMA COUNTY    RJ-1,75.0,,,,,,983,ccd-lea-1987
1987,0807230,0070,WESTMINSTER         50,622.0,,,,,,10886,ccd-lea-1987
1987,0807290,2515,WIGGINS             RE-50(J),30.0,,,,,,392,ccd-lea-1987
1987,0807320,2680,WILEY               RE-13 JT,21.0,,,,,,305,ccd-lea-1987
1987,0807350,3100,WINDSOR             RE-4,104.0,,,,,,1613,ccd-lea-1987
1987,0807380,3020,WOODLAND PARK       RE-2,106.0,,,,,,2199,ccd-lea-1987
1987,0807410,3070,WOODLIN             R-104,13.0,,,,,,107,ccd-lea-1987
1988,0801920,0001,ACADEMY             20,544.0,,,,,,10102,ccd-lea-1988
1988,0801950,0000,ADAMS COUNTY        14,306.0,,,,,,5744,ccd-lea-1988
1988,0802340,0000,ADAMS-ARAPAHOE      28J,1348.0,,,,,,25732,ccd-lea-1988
1988,0801980,0000,AGATE               300,9.0,,,,,,53,ccd-lea-1988
1988,0802010,0001,AGUILAR REORGANIZED 6,18.0,,,,,,167,ccd-lea-1988
1988,0802040,0003,AKRON               R-1,32.0,,,,,,466,ccd-lea-1988
1988,0802070,0000,ALAMOSA             RE-11J,131.0,,,,,,2305,ccd-lea-1988
1988,0802190,0000,ARCHULETA COUNTY    50 JT,61.0,,,,,,1030,ccd-lea-1988
1988,0802220,0003,ARICKAREE           R-2,17.0,,,,,,133,ccd-lea-1988
1988,0802260,0001,ARRIBA-FLAGLER      C-20,20.0,,,,,,238,ccd-lea-1988
1988,0802280,0002,ASPEN               1,84.0,,,,,,1018,ccd-lea-1988
1988,0802310,0003,AULT-HIGHLAND       RE-9,48.0,,,,,,748,ccd-lea-1988
1988,0802400,0001,BAYFIELD            10 JT-R,44.0,,,,,,753,ccd-lea-1988
1988,0802430,0000,BENNETT             29J,54.0,,,,,,808,ccd-lea-1988
1988,0802460,0001,BETHUNE             R-5,11.0,,,,,,99,ccd-lea-1988
1988,0806600,0000,BIG SANDY           100(J),19.0,,,,,,264,ccd-lea-1988
1988,0802490,0000,BOULDER VALLEY      RE 2(J),1142.0,,,,,,20825,ccd-lea-1988
1988,0802520,0001,BRANSON REORGANIZED 82,8.0,,,,,,42,ccd-lea-1988
1988,0802550,0003,BRIGGSDALE          RE-10(J),12.0,,,,,,85,ccd-lea-1988
1988,0802580,0000,BRIGHTON            27J,220.0,,,,,,4019,ccd-lea-1988
1988,0802610,0002,BRUSH               RE-2(J),80.0,,,,,,1258,ccd-lea-1988
1988,0802640,0000,BUENA VISTA         R-31,54.0,,,,,,857,ccd-lea-1988
1988,0805640,0001,BUFFALO             RE-4(J),17.0,,,,,,200,ccd-lea-1988
1988,0802670,0001,BURLINGTON          RE-6J,59.0,,,,,,841,ccd-lea-1988
1988,0802700,0000,BYERS               32J,25.0,,,,,,321,ccd-lea-1988
1988,0802730,0000,CALHAN              RJ-1,22.0,,,,,,319,ccd-lea-1988
1988,0802760,0000,CAMPO               RE-6,10.0,,,,,,76,ccd-lea-1988
1988,0802790,0001,CANON CITY          RE-1,188.0,,,,,,3441,ccd-lea-1988
1988,0806360,0000,CENTENNIAL          R-1,29.0,,,,,,387,ccd-lea-1988
1988,0802850,0002,CENTER              26 JT.,41.0,,,,,,612,ccd-lea-1988
1988,0802880,0002,CHERAW              31,16.0,,,,,,179,ccd-lea-1988
1988,0802910,0000,CHERRY CREEK        5,1448.0,,,,,,27193,ccd-lea-1988
1988,0800001,0000,CHEYENNE COUNTY     RE-5,26.0,,,,,,365,ccd-lea-1988
1988,0802940,0001,CHEYENNE MOUNTAIN   12,125.0,,,,,,2388,ccd-lea-1988
1988,0803000,0000,CLEAR CREEK         RE-1,78.0,,,,,,1401,ccd-lea-1988
1988,0803060,0001,COLORADO SPRINGS    11,1575.0,,,,,,30297,ccd-lea-1988
1988,0807200,0000,CONSOLIDATED        C-1,23.0,,,,,,331,ccd-lea-1988
1988,0803120,0001,COTOPAXI            RE-3,22.0,,,,,,235,ccd-lea-1988
1988,0803150,0002,CREEDE CONSOLIDATED 1,10.0,,,,,,95,ccd-lea-1988
1988,0803180,0003,CRIPPLE CREEK-VICTORRE-1,19.0,,,,,,318,ccd-lea-1988
1988,0803210,0000,CROWLEY COUNTY      RE-1-J,43.0,,,,,,558,ccd-lea-1988
1988,0803240,0001,DEBEQUE             49JT,10.0,,,,,,98,ccd-lea-1988
1988,0803270,0000,DEER TRAIL          26J,17.0,,,,,,170,ccd-lea-1988
1988,0803300,0002,DEL NORTE           C-7,44.0,,,,,,702,ccd-lea-1988
1988,0803330,0000,DELTA COUNTY        50(J),222.0,,,,,,3800,ccd-lea-1988
1988,0803360,0000,DENVER COUNTY       1,3485.0,,,,,,58664,ccd-lea-1988
1988,0803390,0002,DOLORES             RE-4A,35.0,,,,,,525,ccd-lea-1988
1988,0803420,0000,DOLORES COUNTY      RE NO.2,29.0,,,,,,357,ccd-lea-1988
1988,0803450,0000,DOUGLAS COUNTY      RE 1(J),636.0,,,,,,11136,ccd-lea-1988
1988,0803480,0001,DURANGO             9-R,208.0,,,,,,3772,ccd-lea-1988
1988,0803510,0001,EADS                RE-1,25.0,,,,,,298,ccd-lea-1988
1988,0803540,0000,EAGLE COUNTY        RE 50(J),150.0,,,,,,2363,ccd-lea-1988
1988,0804320,0001,EAST GRAND          2,71.0,,,,,,1016,ccd-lea-1988
1988,0805130,0002,EAST OTERO          R-1,126.0,,,,,,1977,ccd-lea-1988
1988,0803570,0003,EAST YUMA COUNTY    RJ-2,68.0,,,,,,941,ccd-lea-1988
1988,0803600,0003,EATON               RE-2,66.0,,,,,,1121,ccd-lea-1988
1988,0803630,0001,EDISON              54 JT,6.0,,,,,,34,ccd-lea-1988
1988,0803690,0000,ELBERT              200,11.0,,,,,,128,ccd-lea-1988
1988,0803720,0000,ELIZABETH           C-1,79.0,,,,,,1246,ccd-lea-1988
1988,0803750,0001,ELLICOTT            22,33.0,,,,,,485,ccd-lea-1988
1988,0803780,0000,ENGLEWOOD           1,195.0,,,,,,3876,ccd-lea-1988
1988,0803870,0001,FALCON              49,137.0,,,,,,2439,ccd-lea-1988
1988,0803960,0001,FLORENCE            RE-2(J),107.0,,,,,,1670,ccd-lea-1988
1988,0804020,0003,FORT LUPTON         RE-8,108.0,,,,,,2224,ccd-lea-1988
1988,0804050,0002,FORT MORGAN         RE-3,157.0,,,,,,2723,ccd-lea-1988
1988,0804080,0001,FOUNTAIN            8,211.0,,,,,,3615,ccd-lea-1988
1988,0804110,0002,FOWLER              R-4J,34.0,,,,,,461,ccd-lea-1988
1988,0803930,0001,FRENCHMAN           RE-3,18.0,,,,,,152,ccd-lea-1988
1988,0806240,0001,GARFIELD            RE-2,116.0,,,,,,2325,ccd-lea-1988
1988,0804380,0001,GARFIELD CO.        16,33.0,,,,,,436,ccd-lea-1988
1988,0800003,0001,GENOA-HUGO          C113,22.0,,,,,,217,ccd-lea-1988
1988,0804200,0003,GILCREST            RE-1,102.0,,,,,,1699,ccd-lea-1988
1988,0804230,0001,GILPIN COUNTY       RE-1,24.0,,,,,,311,ccd-lea-1988
1988,0804290,0002,GRANADA             RE-1,21.0,,,,,,251,ccd-lea-1988
1988,0804410,0003,GREELEY             6,591.0,,,,,,11345,ccd-lea-1988
1988,0804440,0003,GROVER              RE-12,17.0,,,,,,82,ccd-lea-1988
1988,0804470,0001,GUNNISON WATERSHED  RE1J,81.0,,,,,,1412,ccd-lea-1988
1988,0804500,0001,HANOVER             28,6.0,,,,,,60,ccd-lea-1988
1988,0804530,0000,HARRISON            2,575.0,,,,,,9596,ccd-lea-1988
1988,0804560,0002,HAXTUN              RE-2J,24.0,,,,,,298,ccd-lea-1988
1988,0804590,0002,HAYDEN              RE-1,35.0,,,,,,458,ccd-lea-1988
1988,0800002,0001,HI-PLAINS           R-23,14.0,,,,,,126,ccd-lea-1988
1988,0804620,0001,HINSDALE COUNTY     RE. 1,4.0,,,,,,32,ccd-lea-1988
1988,0804650,0001,HOEHNE REORGANIZED  3,20.0,,,,,,298,ccd-lea-1988
1988,0804680,0002,HOLLY               RE-3,25.0,,,,,,349,ccd-lea-1988
1988,0804710,0002,HOLYOKE             RE-1J,40.0,,,,,,532,ccd-lea-1988
1988,0807080,0001,HUERFANO            RE-1,58.0,,,,,,839,ccd-lea-1988
1988,0804770,0001,IGNACIO             11 JT,62.0,,,,,,941,ccd-lea-1988
1988,0804800,0001,JEFFERSON COUNTY    R-1,3664.0,,,,,,75316,ccd-lea-1988
1988,0804830,0003,JOHNSTOWN-MILLIKEN  RE-5J,64.0,,,,,,1151,ccd-lea-1988
1988,0804860,0002,JULESBURG           RE-1,27.0,,,,,,355,ccd-lea-1988
1988,0804890,0001,KARVAL              RE-23,9.0,,,,,,59,ccd-lea-1988
1988,0804920,0003,KEENESBURG          RE-3(J),65.0,,,,,,1168,ccd-lea-1988
1988,0804980,0001,KIM REORGANIZED     88,11.0,,,,,,75,ccd-lea-1988
1988,0805010,0000,KIOWA               C-2,11.0,,,,,,187,ccd-lea-1988
1988,0805040,0000,KIT CARSON          R-1,17.0,,,,,,145,ccd-lea-1988
1988,0805160,0001,LA VETA             RE-2,20.0,,,,,,233,ccd-lea-1988
1988,0805190,0001,LAKE COUNTY         R-1,72.0,,,,,,1155,ccd-lea-1988
1988,0805220,0002,LAMAR               RE-2,116.0,,,,,,2037,ccd-lea-1988
1988,0805250,0000,LAS ANIMAS          RE-1,58.0,,,,,,777,ccd-lea-1988
1988,0805820,0001,LEWIS-PALMER        38,109.0,,,,,,2218,ccd-lea-1988
1988,0805280,0001,LIMON               RE-4J,29.0,,,,,,446,ccd-lea-1988
1988,0805310,0000,LITTLETON           6,815.0,,,,,,15450,ccd-lea-1988
1988,0805340,0003,LONE STAR           101,9.0,,,,,,55,ccd-lea-1988
1988,0805460,0002,MANCOS              RE-6,33.0,,,,,,482,ccd-lea-1988
1988,0805490,0001,MANITOU SPRINGS     14,59.0,,,,,,1111,ccd-lea-1988
1988,0805520,0002,MANZANOLA           3J,19.0,,,,,,292,ccd-lea-1988
1988,0805550,0000,MAPLETON            1,232.0,,,,,,4823,ccd-lea-1988
1988,0805580,0000,MC CLAVE            RE-2,18.0,,,,,,161,ccd-lea-1988
1988,0805610,0002,MEEKER              RE1,42.0,,,,,,726,ccd-lea-1988
1988,0804350,0002,MESA COUNTY VALLEY  51,872.0,,,,,,16112,ccd-lea-1988
1988,0805670,0001,MIAMI/YODER         60 JT,13.0,,,,,,149,ccd-lea-1988
1988,0805700,0002,MOFFAT              2,12.0,,,,,,124,ccd-lea-1988
1988,0805730,0002,MOFFAT COUNTY       RE:NO 1,141.0,,,,,,2584,ccd-lea-1988
1988,0805760,0002,MONTE VISTA         C-8,84.0,,,,,,1353,ccd-lea-1988
1988,0803090,0002,MONTEZUMA-CORTEZ    RE-1,188.0,,,,,,3143,ccd-lea-1988
1988,0805790,0002,MONTROSE COUNTY     RE-1J,264.0,,,,,,4386,ccd-lea-1988
1988,0806300,0002,MOUNTAIN VALLEY     RE 1,20.0,,,,,,203,ccd-lea-1988
1988,0805100,0000,NORTH CONEJOS       RE-1J,69.0,,,,,,1152,ccd-lea-1988
1988,0807050,0001,NORTH PARK          R-1,25.0,,,,,,313,ccd-lea-1988
1988,0806900,0000,NORTHGLENN-THORNTON 12,1099.0,,,,,,20672,ccd-lea-1988
1988,0805880,0002,NORWOOD             R-2J,25.0,,,,,,272,ccd-lea-1988
1988,0805940,0003,OTIS                R-3,20.0,,,,,,198,ccd-lea-1988
1988,0805970,0002,OURAY               R-1,15.0,,,,,,183,ccd-lea-1988
1988,0803810,0001,PARK (ESTES PARK)   R-3(J),62.0,,,,,,1126,ccd-lea-1988
1988,0803840,0002,PARK COUNTY         RE-2,32.0,,,,,,389,ccd-lea-1988
1988,0806060,0001,PEYTON              23 JT,22.0,,,,,,306,ccd-lea-1988
1988,0899240,0009,PIKES PEAK BOCES,55.0,,,,,,41,ccd-lea-1988
1988,0806930,0001,PLAINVIEW           RE-2,15.0,,,,,,83,ccd-lea-1988
1988,0806030,0001,PLATEAU             RE-5,18.0,,,,,,128,ccd-lea-1988
1988,0803030,0001,PLATEAU VALLEY      50,28.0,,,,,,471,ccd-lea-1988
1988,0802370,0002,PLATTE CANYON       1,61.0,,,,,,1091,ccd-lea-1988
1988,0806000,0002,PLATTE VALLEY       RE-3,19.0,,,,,,181,ccd-lea-1988
1988,0804950,0003,PLATTE VALLEY       RE-7,50.0,,,,,,783,ccd-lea-1988
1988,0803990,0001,POUDRE              R-1,899.0,,,,,,17597,ccd-lea-1988
1988,0806720,0003,PRAIRIE             RE-11(J),16.0,,,,,,97,ccd-lea-1988
1988,0807260,0001,PRIMERO REORGANIZED 2,16.0,,,,,,181,ccd-lea-1988
1988,0806090,0000,PRITCHETT           RE-3,10.0,,,,,,70,ccd-lea-1988
1988,0806120,0002,PUEBLO CITY         60,971.0,,,,,,18542,ccd-lea-1988
1988,0806150,0002,PUEBLO COUNTY RURAL 70,230.0,,,,,,4192,ccd-lea-1988
1988,0806180,0002,RANGELY             RE-4,51.0,,,,,,726,ccd-lea-1988
1988,0806210,0002,RIDGWAY             R-2,21.0,,,,,,217,ccd-lea-1988
1988,0804260,0001,ROARING FORK        RE-1(J),183.0,,,,,,3306,ccd-lea-1988
1988,0806270,0002,ROCKY FORD          R-2,84.0,,,,,,1301,ccd-lea-1988
1988,0806330,0000,SALIDA              R-32(J),74.0,,,,,,1247,ccd-lea-1988
1988,0806390,0000,SANFORD             6J,18.0,,,,,,344,ccd-lea-1988
1988,0806420,0000,SANGRE DE CRISTO    RE-22J,19.0,,,,,,286,ccd-lea-1988
1988,0806450,0002,SARGENT             RE-33J,33.0,,,,,,445,ccd-lea-1988
1988,0806540,0000,SHERIDAN            2,87.0,,,,,,1553,ccd-lea-1988
1988,0804140,0000,SIERRA GRANDE       R-30,21.0,,,,,,284,ccd-lea-1988
1988,0806570,0002,SILVERTON           1,16.0,,,,,,157,ccd-lea-1988
1988,0802130,0000,SOUTH CONEJOS       RE-10,39.0,,,,,,478,ccd-lea-1988
1988,0805910,0002,SOUTH ROUTT         RE 3(J),30.0,,,,,,353,ccd-lea-1988
1988,0899400,0009,SOUTHEASTERN BOCES,14.0,,,,,,27,ccd-lea-1988
1988,0899420,0009,SOUTHWEST BOCS,1.0,,,,,,64,ccd-lea-1988
1988,0806630,0000,SPRINGFIELD         RE-4,35.0,,,,,,342,ccd-lea-1988
1988,0805370,0000,ST. VRAIN VALLEY    RE 1J,779.0,,,,,,14959,ccd-lea-1988
1988,0806660,0002,STEAMBOAT SPRINGS   RE-2,101.0,,,,,,1530,ccd-lea-1988
1988,0806750,0000,STRASBURG           31J,30.0,,,,,,418,ccd-lea-1988
1988,0806780,0001,STRATTON            R-4,22.0,,,,,,260,ccd-lea-1988
1988,0806810,0003,SUMMIT              RE-1,101.0,,,,,,1536,ccd-lea-1988
1988,0806840,0002,SWINK               33,24.0,,,,,,318,ccd-lea-1988
1988,0806870,0002,TELLURIDE           R-1,28.0,,,,,,277,ccd-lea-1988
1988,0805400,0001,THOMPSON            R-2J,657.0,,,,,,11762,ccd-lea-1988
1988,0806960,0001,TRINIDAD            1,93.0,,,,,,1690,ccd-lea-1988
1988,0806690,0001,VALLEY              RE-1,178.0,,,,,,2793,ccd-lea-1988
1988,0806990,0000,VILAS               RE-5,13.0,,,,,,72,ccd-lea-1988
1988,0807110,0000,WALSH               RE-1,22.0,,,,,,320,ccd-lea-1988
1988,0899440,0009,WELD BOCES,0.0,,,,,,237,ccd-lea-1988
1988,0807140,0002,WELDON VALLEY       RE-20(J),15.0,,,,,,123,ccd-lea-1988
1988,0805850,0002,WEST END            RE-2,25.0,,,,,,378,ccd-lea-1988
1988,0805070,0001,WEST GRAND          1(JT),40.0,,,,,,535,ccd-lea-1988
1988,0807170,0003,WEST YUMA COUNTY    RJ-1,76.0,,,,,,1003,ccd-lea-1988
1988,0807230,0000,WESTMINSTER         50,564.0,,,,,,10760,ccd-lea-1988
1988,0806480,0000,WIDEFIELD           3,361.0,,,,,,6964,ccd-lea-1988
1988,0807290,0002,WIGGINS             RE-50(J),31.0,,,,,,410,ccd-lea-1988
1988,0807320,0002,WILEY               RE-13 JT,23.0,,,,,,293,ccd-lea-1988
1988,0807350,0003,WINDSOR             RE-4,103.0,,,,,,1625,ccd-lea-1988
1988,0807380,0003,WOODLAND PARK       RE-2,109.0,,,,,,2136,ccd-lea-1988
1988,0807410,0003,WOODLIN             R-104,16.0,,,,,,105,ccd-lea-1988
1989,0801920,1040,ACADEMY             20,564.0,,,,,,10375,ccd-lea-1989
1989,0801950,0030,ADAMS COUNTY        14,307.0,,,,,,5981,ccd-lea-1989
1989,0802340,0180,ADAMS-ARAPAHOE      28J,1386.0,,,,,,25345,ccd-lea-1989
1989,0801980,0960,AGATE               300,8.0,,,,,,48,ccd-lea-1989
1989,0802010,1620,AGUILAR REORGANIZED 6,18.0,,,,,,176,ccd-lea-1989
1989,0802040,3030,AKRON               R-1,34.0,,,,,,439,ccd-lea-1989
1989,0802070,0100,ALAMOSA             RE-11J,138.0,,,,,,2369,ccd-lea-1989
1989,0802190,0220,ARCHULETA COUNTY    50 JT,60.0,,,,,,1010,ccd-lea-1989
1989,0802220,3040,ARICKAREE           R-2,17.0,,,,,,129,ccd-lea-1989
1989,0899040,9020,ARKANSAS VALLEY BOCS,3.0,,,,,,22,ccd-lea-1989
1989,0802260,1450,ARRIBA-FLAGLER      C-20,20.0,,,,,,245,ccd-lea-1989
1989,0802280,2640,ASPEN               1,83.0,,,,,,986,ccd-lea-1989
1989,0802310,3145,AULT-HIGHLAND       RE-9,46.0,,,,,,773,ccd-lea-1989
1989,0802400,1530,BAYFIELD            10 JT-R,44.0,,,,,,752,ccd-lea-1989
1989,0802430,0050,BENNETT             29J,54.0,,,,,,810,ccd-lea-1989
1989,0802460,1490,BETHUNE             R-5,12.0,,,,,,96,ccd-lea-1989
1989,0806600,0940,BIG SANDY           100J,19.0,,,,,,253,ccd-lea-1989
1989,0802490,0480,BOULDER VALLEY      RE 2,1170.0,,,,,,21013,ccd-lea-1989
1989,0802520,1750,BRANSON REORGANIZED 82,8.0,,,,,,36,ccd-lea-1989
1989,0802550,3146,BRIGGSDALE          RE-10,12.0,,,,,,77,ccd-lea-1989
1989,0802580,0040,BRIGHTON            27J,219.0,,,,,,3925,ccd-lea-1989
1989,0802610,2395,BRUSH               RE-2(J),81.0,,,,,,1261,ccd-lea-1989
1989,0802640,0490,BUENA VISTA         R-31,56.0,,,,,,858,ccd-lea-1989
1989,0805640,1860,BUFFALO             RE-4,17.0,,,,,,211,ccd-lea-1989
1989,0802670,1500,BURLINGTON          RE-6J,58.0,,,,,,853,ccd-lea-1989
1989,0802700,0190,BYERS               32J,25.0,,,,,,339,ccd-lea-1989
1989,0802730,0970,CALHAN              RJ-1,21.0,,,,,,300,ccd-lea-1989
1989,0802760,0270,CAMPO               RE-6,10.0,,,,,,72,ccd-lea-1989
1989,0802790,1140,CANON CITY          RE-1,187.0,,,,,,3346,ccd-lea-1989
1989,0806360,0640,CENTENNIAL          R-1,29.0,,,,,,379,ccd-lea-1989
1989,0802850,2810,CENTER              26 JT.,42.0,,,,,,621,ccd-lea-1989
1989,0802880,2560,CHERAW              31,18.0,,,,,,190,ccd-lea-1989
1989,0802910,0130,CHERRY CREEK        5,1503.0,,,,,,28027,ccd-lea-1989
1989,0800001,0520,CHEYENNE COUNTY     RE-5,28.0,,,,,,375,ccd-lea-1989
1989,0802940,1020,CHEYENNE MOUNTAIN   12,130.0,,,,,,2409,ccd-lea-1989
1989,0803000,0540,CLEAR CREEK         RE-1,79.0,,,,,,1408,ccd-lea-1989
1989,0803060,1010,COLORADO SPRINGS    11,1654.0,,,,,,29931,ccd-lea-1989
1989,0807200,0860,CONSOLIDATED        C-1,25.0,,,,,,319,ccd-lea-1989
1989,0803120,1160,COTOPAXI            RE-3,21.0,,,,,,232,ccd-lea-1989
1989,0803150,2010,CREEDE CONSOLIDATED 1,10.0,,,,,,102,ccd-lea-1989
1989,0803180,3010,CRIPPLE CREEK-VICTORRE-1,19.0,,,,,,312,ccd-lea-1989
1989,0803210,0770,CROWLEY COUNTY      RE-1-J,42.0,,,,,,533,ccd-lea-1989
1989,0803240,1980,DEBEQUE             49JT,11.0,,,,,,110,ccd-lea-1989
1989,0803270,0170,DEER TRAIL          26J,17.0,,,,,,181,ccd-lea-1989
1989,0803300,2730,DEL NORTE           C-7,45.0,,,,,,636,ccd-lea-1989
1989,0803330,0870,DELTA COUNTY        50(J),223.0,,,,,,3781,ccd-lea-1989
1989,0803360,0880,DENVER COUNTY       1,3641.0,,,,,,58299,ccd-lea-1989
1989,0803390,2055,DOLORES             RE-4A,35.0,,,,,,528,ccd-lea-1989
1989,0803420,0890,DOLORES COUNTY      RE NO.2,27.0,,,,,,342,ccd-lea-1989
1989,0803450,0900,DOUGLAS COUNTY      RE 1,709.0,,,,,,12001,ccd-lea-1989
1989,0803480,1520,DURANGO             9-R,206.0,,,,,,3898,ccd-lea-1989
1989,0803510,1430,EADS                RE-1,25.0,,,,,,298,ccd-lea-1989
1989,0803540,0910,EAGLE COUNTY        RE 50,156.0,,,,,,2539,ccd-lea-1989
1989,0804320,1350,EAST GRAND          2,71.0,,,,,,1014,ccd-lea-1989
1989,0805130,2520,EAST OTERO          R-1,123.0,,,,,,1936,ccd-lea-1989
1989,0803570,3430,EAST YUMA COUNTY    RJ-2,70.0,,,,,,955,ccd-lea-1989
1989,0803600,3085,EATON               RE-2,65.0,,,,,,1124,ccd-lea-1989
1989,0803630,1120,EDISON              54 JT,5.0,,,,,,39,ccd-lea-1989
1989,0803690,0950,ELBERT              200,14.0,,,,,,133,ccd-lea-1989
1989,0803720,0920,ELIZABETH           C-1,81.0,,,,,,1330,ccd-lea-1989
1989,0803750,1050,ELLICOTT            22,34.0,,,,,,466,ccd-lea-1989
1989,0803780,0120,ENGLEWOOD           1,202.0,,,,,,4039,ccd-lea-1989
1989,0803870,1110,FALCON              49,138.0,,,,,,2460,ccd-lea-1989
1989,0803960,1150,FLORENCE            RE-2,102.0,,,,,,1672,ccd-lea-1989
1989,0804020,3140,FORT LUPTON         RE-8,111.0,,,,,,2268,ccd-lea-1989
1989,0804050,2405,FORT MORGAN         RE-3,158.0,,,,,,2692,ccd-lea-1989
1989,0804080,1000,FOUNTAIN            8,217.0,,,,,,3522,ccd-lea-1989
1989,0804110,2540,FOWLER              R-4J,34.0,,,,,,455,ccd-lea-1989
1989,0803930,1850,FRENCHMAN           RE-3,19.0,,,,,,157,ccd-lea-1989
1989,0804380,1220,GARFIELD            16,32.0,,,,,,426,ccd-lea-1989
1989,0806240,1195,GARFIELD            RE-2,119.0,,,,,,2392,ccd-lea-1989
1989,0800003,1780,GENOA-HUGO          C113,22.0,,,,,,227,ccd-lea-1989
1989,0804200,3080,GILCREST            RE-1,101.0,,,,,,1709,ccd-lea-1989
1989,0804230,1330,GILPIN COUNTY       RE-1,25.0,,,,,,337,ccd-lea-1989
1989,0804290,2650,GRANADA             RE-1,21.0,,,,,,259,ccd-lea-1989
1989,0804410,3120,GREELEY             6,614.0,,,,,,11333,ccd-lea-1989
1989,0804470,1360,GUNNISON WATERSHED  RE1J,88.0,,,,,,1388,ccd-lea-1989
1989,0804500,1070,HANOVER             28,6.0,,,,,,70,ccd-lea-1989
1989,0804530,0980,HARRISON            2,581.0,,,,,,9791,ccd-lea-1989
1989,0804560,2630,HAXTUN              RE-2J,24.0,,,,,,293,ccd-lea-1989
1989,0804590,2760,HAYDEN              RE-1,41.0,,,,,,494,ccd-lea-1989
1989,0800002,1460,HI-PLAINS           R-23,14.0,,,,,,122,ccd-lea-1989
1989,0804620,1380,HINSDALE COUNTY     RE. 1,3.0,,,,,,36,ccd-lea-1989
1989,0804650,1600,HOEHNE REORGANIZED  3,20.0,,,,,,294,ccd-lea-1989
1989,0804680,2670,HOLLY               RE-3,27.0,,,,,,369,ccd-lea-1989
1989,0804710,2620,HOLYOKE             RE-1J,40.0,,,,,,544,ccd-lea-1989
1989,0807080,1390,HUERFANO            RE-1,57.0,,,,,,816,ccd-lea-1989
1989,0804770,1540,IGNACIO             11 JT,66.0,,,,,,968,ccd-lea-1989
1989,0804800,1420,JEFFERSON COUNTY    R-1,3565.0,,,,,,75164,ccd-lea-1989
1989,0804830,3110,JOHNSTOWN-MILLIKEN  RE-5J,65.0,,,,,,1158,ccd-lea-1989
1989,0804860,2862,JULESBURG           RE-1,27.0,,,,,,357,ccd-lea-1989
1989,0804890,1810,KARVAL              RE-23,9.0,,,,,,74,ccd-lea-1989
1989,0804920,3090,KEENESBURG          RE-3,66.0,,,,,,1153,ccd-lea-1989
1989,0804980,1760,KIM REORGANIZED     88,9.0,,,,,,67,ccd-lea-1989
1989,0805010,0930,KIOWA               C-2,14.0,,,,,,212,ccd-lea-1989
1989,0805040,0510,KIT CARSON          R-1,18.0,,,,,,141,ccd-lea-1989
1989,0805160,1400,LA VETA             RE-2,20.0,,,,,,233,ccd-lea-1989
1989,0805190,1510,LAKE COUNTY         R-1,72.0,,,,,,1159,ccd-lea-1989
1989,0805220,2660,LAMAR               RE-2,119.0,,,,,,2086,ccd-lea-1989
1989,0805250,0290,LAS ANIMAS          RE-1,54.0,,,,,,755,ccd-lea-1989
1989,0805820,1080,LEWIS-PALMER        38,114.0,,,,,,2313,ccd-lea-1989
1989,0805280,1790,LIMON               RE-4J,30.0,,,,,,436,ccd-lea-1989
1989,0805310,0140,LITTLETON           6,791.0,,,,,,15356,ccd-lea-1989
1989,0805340,3060,LONE STAR           101,9.0,,,,,,58,ccd-lea-1989
1989,0805460,2070,MANCOS              RE-6,33.0,,,,,,473,ccd-lea-1989
1989,0805490,1030,MANITOU SPRINGS     14,61.0,,,,,,1113,ccd-lea-1989
1989,0805520,2535,MANZANOLA           3J,19.0,,,,,,275,ccd-lea-1989
1989,0805550,0010,MAPLETON            1,236.0,,,,,,4727,ccd-lea-1989
1989,0805580,0310,MC CLAVE            RE-2,18.0,,,,,,168,ccd-lea-1989
1989,0805610,2710,MEEKER              RE1,44.0,,,,,,682,ccd-lea-1989
1989,0804350,2000,MESA COUNTY VALLEY  51,886.0,,,,,,16286,ccd-lea-1989
1989,0805670,1130,MIAMI/YODER         60 JT,14.0,,,,,,182,ccd-lea-1989
1989,0805700,2800,MOFFAT              2,16.0,,,,,,127,ccd-lea-1989
1989,0805730,2020,MOFFAT COUNTY       RE:NO 1,142.0,,,,,,2613,ccd-lea-1989
1989,0805760,2740,MONTE VISTA         C-8,86.0,,,,,,1383,ccd-lea-1989
1989,0803090,2035,MONTEZUMA-CORTEZ    RE-1,187.0,,,,,,3168,ccd-lea-1989
1989,0805790,2180,MONTROSE COUNTY     RE-1J,258.0,,,,,,4356,ccd-lea-1989
1989,0899160,9030,MOUNTAIN BOCES,6.0,,,,,,28,ccd-lea-1989
1989,0806300,2790,MOUNTAIN VALLEY     RE 1,20.0,,,,,,208,ccd-lea-1989
1989,0805100,0550,NORTH CONEJOS       RE-1J,74.0,,,,,,1152,ccd-lea-1989
1989,0807050,1410,NORTH PARK          R-1,23.0,,,,,,302,ccd-lea-1989
1989,0806900,0020,NORTHGLENN-THORNTON 12,1120.0,,,,,,20692,ccd-lea-1989
1989,0805880,2840,NORWOOD             R-2J,24.0,,,,,,284,ccd-lea-1989
1989,0805940,3050,OTIS                R-3,19.0,,,,,,197,ccd-lea-1989
1989,0805970,2580,OURAY               R-1,17.0,,,,,,186,ccd-lea-1989
1989,0803810,1570,PARK (ESTES PARK)   R-3,65.0,,,,,,1137,ccd-lea-1989
1989,0803840,2610,PARK COUNTY         RE-2,31.0,,,,,,391,ccd-lea-1989
1989,0804440,3148,PAWNEE              RE-12,17.0,,,,,,81,ccd-lea-1989
1989,0806060,1060,PEYTON              23 JT,21.0,,,,,,303,ccd-lea-1989
1989,0899240,9045,PIKES PEAK BOCES,59.0,,,,,,32,ccd-lea-1989
1989,0806930,1440,PLAINVIEW           RE-2,15.0,,,,,,93,ccd-lea-1989
1989,0806030,1870,PLATEAU             RE-5,18.0,,,,,,132,ccd-lea-1989
1989,0803030,1990,PLATEAU VALLEY      50,30.0,,,,,,511,ccd-lea-1989
1989,0802370,2600,PLATTE CANYON       1,64.0,,,,,,1098,ccd-lea-1989
1989,0806000,2865,PLATTE VALLEY       RE-3,19.0,,,,,,183,ccd-lea-1989
1989,0804950,3130,PLATTE VALLEY       RE-7,49.0,,,,,,850,ccd-lea-1989
1989,0803990,1550,POUDRE              R-1,935.0,,,,,,17965,ccd-lea-1989
1989,0806720,3147,PRAIRIE             RE-11,16.0,,,,,,106,ccd-lea-1989
1989,0807260,1590,PRIMERO REORGANIZED 2,16.0,,,,,,171,ccd-lea-1989
1989,0806090,0240,PRITCHETT           RE-3,10.0,,,,,,89,ccd-lea-1989
1989,0806120,2690,PUEBLO CITY         60,984.0,,,,,,18403,ccd-lea-1989
1989,0806150,2700,PUEBLO COUNTY RURAL 70,228.0,,,,,,4135,ccd-lea-1989
1989,0806180,2720,RANGELY             RE-4,49.0,,,,,,702,ccd-lea-1989
1989,0806210,2590,RIDGWAY             R-2,19.0,,,,,,207,ccd-lea-1989
1989,0804260,1180,ROARING FORK        RE-1,191.0,,,,,,3495,ccd-lea-1989
1989,0806270,2530,ROCKY FORD          R-2,84.0,,,,,,1309,ccd-lea-1989
1989,0806330,0500,SALIDA              R-32,72.0,,,,,,1241,ccd-lea-1989
1989,0806390,0560,SANFORD             6J,20.0,,,,,,348,ccd-lea-1989
1989,0806420,0110,SANGRE DE CRISTO    RE-22J,20.0,,,,,,282,ccd-lea-1989
1989,0806450,2750,SARGENT             RE-33J,33.0,,,,,,406,ccd-lea-1989
1989,0806540,0123,SHERIDAN            2,87.0,,,,,,1524,ccd-lea-1989
1989,0804140,0740,SIERRA GRANDE       R-30,22.0,,,,,,309,ccd-lea-1989
1989,0806570,2820,SILVERTON           1,15.0,,,,,,160,ccd-lea-1989
1989,0802130,0580,SOUTH CONEJOS       RE-10,37.0,,,,,,467,ccd-lea-1989
1989,0805910,2780,SOUTH ROUTT         RE 3,31.0,,,,,,365,ccd-lea-1989
1989,0899400,9075,SOUTHEASTERN BOCES,15.0,,,,,,0,ccd-lea-1989
1989,0899420,9080,SOUTHWEST BOCS,1.0,,,,,,74,ccd-lea-1989
1989,0806630,0250,SPRINGFIELD         RE-4,31.0,,,,,,356,ccd-lea-1989
1989,0805370,0470,ST. VRAIN VALLEY    RE 1J,793.0,,,,,,14929,ccd-lea-1989
1989,0806660,2770,STEAMBOAT SPRINGS   RE-2,108.0,,,,,,1600,ccd-lea-1989
1989,0806750,0060,STRASBURG           31J,33.0,,,,,,437,ccd-lea-1989
1989,0806780,1480,STRATTON            R-4,22.0,,,,,,274,ccd-lea-1989
1989,0806810,3000,SUMMIT              RE-1,102.0,,,,,,1630,ccd-lea-1989
1989,0806840,2570,SWINK               33,24.0,,,,,,327,ccd-lea-1989
1989,0806870,2830,TELLURIDE           R-1,27.0,,,,,,294,ccd-lea-1989
1989,0805400,1560,THOMPSON            R-2J,650.0,,,,,,11783,ccd-lea-1989
1989,0806960,1580,TRINIDAD            1,95.0,,,,,,1646,ccd-lea-1989
1989,0806690,1828,VALLEY              RE-1,180.0,,,,,,2725,ccd-lea-1989
1989,0806990,0260,VILAS               RE-5,13.0,,,,,,60,ccd-lea-1989
1989,0807110,0230,WALSH               RE-1,22.0,,,,,,284,ccd-lea-1989
1989,0899440,9085,WELD BOCES,86.0,,,,,,225,ccd-lea-1989
1989,0807140,2505,WELDON VALLEY       RE-20(J),15.0,,,,,,144,ccd-lea-1989
1989,0805850,2190,WEST END            RE-2,27.0,,,,,,412,ccd-lea-1989
1989,0805070,1340,WEST GRAND          1,40.0,,,,,,515,ccd-lea-1989
1989,0807170,3420,WEST YUMA COUNTY    RJ-1,78.0,,,,,,1013,ccd-lea-1989
1989,0807230,0070,WESTMINSTER         50,595.0,,,,,,10924,ccd-lea-1989
1989,0806480,0990,WIDEFIELD           3,365.0,,,,,,6893,ccd-lea-1989
1989,0807290,2515,WIGGINS             RE-50(J),32.0,,,,,,408,ccd-lea-1989
1989,0807320,2680,WILEY               RE-13 JT,19.0,,,,,,288,ccd-lea-1989
1989,0807350,3100,WINDSOR             RE-4,103.0,,,,,,1697,ccd-lea-1989
1989,0807380,3020,WOODLAND PARK       RE-2,108.0,,,,,,2212,ccd-lea-1989
1989,0807410,3070,WOODLIN             R-104,16.0,,,,,,105,ccd-lea-1989
1990,0801920,1040,ACADEMY 20,578.0,,,,,,10986,ccd-lea-1990
1990,0801950,0030,ADAMS COUNTY 14,305.0,,,,,,6039,ccd-lea-1990
1990,0800007,9120,ADAMS COUNTY BOCES,0.0,,,,,,0,ccd-lea-1990
1990,0802340,0180,ADAMS-ARAPAHOE 28J,1380.0,,,,,,25897,ccd-lea-1990
1990,0801980,0960,AGATE 300,7.0,,,,,,60,ccd-lea-1990
1990,0802010,1620,AGUILAR REORGANIZED 6,18.0,,,,,,166,ccd-lea-1990
1990,0802040,3030,AKRON R-1,35.0,,,,,,447,ccd-lea-1990
1990,0802070,0100,ALAMOSA RE-11J,137.0,,,,,,2453,ccd-lea-1990
1990,0802190,0220,ARCHULETA COUNTY 50 JT,64.0,,,,,,1117,ccd-lea-1990
1990,0802220,3040,ARICKAREE R-2,16.0,,,,,,141,ccd-lea-1990
1990,0899040,9020,ARKANSAS VALLEY BOCS,5.0,,,,,,47,ccd-lea-1990
1990,0802260,1450,ARRIBA-FLAGLER C-20,19.0,,,,,,248,ccd-lea-1990
1990,0802280,2640,ASPEN 1,81.0,,,,,,988,ccd-lea-1990
1990,0802310,3145,AULT-HIGHLAND RE-9,43.0,,,,,,799,ccd-lea-1990
1990,0802400,1530,BAYFIELD 10 JT-R,47.0,,,,,,818,ccd-lea-1990
1990,0802430,0050,BENNETT 29J,52.0,,,,,,811,ccd-lea-1990
1990,0802460,1490,BETHUNE R-5,13.0,,,,,,86,ccd-lea-1990
1990,0806600,0940,BIG SANDY 100J,20.0,,,,,,276,ccd-lea-1990
1990,0802490,0480,BOULDER VALLEY RE 2,1157.0,,,,,,21502,ccd-lea-1990
1990,0802520,1750,BRANSON REORGANIZED 82,8.0,,,,,,46,ccd-lea-1990
1990,0802550,3146,BRIGGSDALE RE-10,12.0,,,,,,71,ccd-lea-1990
1990,0802580,0040,BRIGHTON 27J,220.0,,,,,,3953,ccd-lea-1990
1990,0802610,2395,BRUSH RE-2(J),85.0,,,,,,1366,ccd-lea-1990
1990,0802640,0490,BUENA VISTA R-31,59.0,,,,,,865,ccd-lea-1990
1990,0805640,1860,BUFFALO RE-4,19.0,,,,,,213,ccd-lea-1990
1990,0802670,1500,BURLINGTON RE-6J,60.0,,,,,,846,ccd-lea-1990
1990,0802700,0190,BYERS 32J,26.0,,,,,,345,ccd-lea-1990
1990,0802730,0970,CALHAN RJ-1,22.0,,,,,,312,ccd-lea-1990
1990,0802760,0270,CAMPO RE-6,9.0,,,,,,72,ccd-lea-1990
1990,0802790,1140,CANON CITY RE-1,187.0,,,,,,3439,ccd-lea-1990
1990,0806360,0640,CENTENNIAL R-1,28.0,,,,,,365,ccd-lea-1990
1990,0802850,2810,CENTER 26 JT,45.0,,,,,,648,ccd-lea-1990
1990,0802880,2560,CHERAW 31,19.0,,,,,,198,ccd-lea-1990
1990,0802910,0130,CHERRY CREEK 5,1649.0,,,,,,29210,ccd-lea-1990
1990,0800001,0520,CHEYENNE COUNTY RE-5,31.0,,,,,,403,ccd-lea-1990
1990,0802940,1020,CHEYENNE MOUNTAIN 12,132.0,,,,,,2549,ccd-lea-1990
1990,0803000,0540,CLEAR CREEK RE-1,81.0,,,,,,1392,ccd-lea-1990
1990,0803060,1010,COLORADO SPRINGS 11,1592.0,,,,,,30009,ccd-lea-1990
1990,0807200,0860,CONSOLIDATED C-1,25.0,,,,,,343,ccd-lea-1990
1990,0803120,1160,COTOPAXI RE-3,20.0,,,,,,235,ccd-lea-1990
1990,0803150,2010,CREEDE CONSOLIDATED 1,10.0,,,,,,88,ccd-lea-1990
1990,0803180,3010,CRIPPLE CREEK-VICTOR RE-1,19.0,,,,,,365,ccd-lea-1990
1990,0803210,0770,CROWLEY COUNTY RE-1-J,40.0,,,,,,556,ccd-lea-1990
1990,0803240,1980,DE BEQUE 49JT,12.0,,,,,,127,ccd-lea-1990
1990,0803270,0170,DEER TRAIL 26J,19.0,,,,,,174,ccd-lea-1990
1990,0803300,2730,DEL NORTE C-7,47.0,,,,,,652,ccd-lea-1990
1990,0803330,0870,DELTA COUNTY 50(J),230.0,,,,,,3923,ccd-lea-1990
1990,0899060,9100,DELTA-MONTROSE AREA VOC TECH,0.0,,,,,,0,ccd-lea-1990
1990,0803360,0880,DENVER COUNTY 1,3673.0,,,,,,59013,ccd-lea-1990
1990,0803420,0890,DOLORES COUNTY RE NO.2,19.0,,,,,,322,ccd-lea-1990
1990,0803390,2055,DOLORES RE-4A,33.0,,,,,,589,ccd-lea-1990
1990,0803450,0900,DOUGLAS COUNTY RE 1,764.0,,,,,,13125,ccd-lea-1990
1990,0803480,1520,DURANGO 9-R,223.0,,,,,,4107,ccd-lea-1990
1990,0803510,1430,EADS RE-1,24.0,,,,,,314,ccd-lea-1990
1990,0803540,0910,EAGLE COUNTY RE 50,166.0,,,,,,2701,ccd-lea-1990
1990,0899080,9025,EAST CENTRAL BOCES,0.0,,,,,,0,ccd-lea-1990
1990,0804320,1350,EAST GRAND 2,72.0,,,,,,1061,ccd-lea-1990
1990,0805130,2520,EAST OTERO R-1,121.0,,,,,,1944,ccd-lea-1990
1990,0803570,3430,EAST YUMA COUNTY RJ-2,73.0,,,,,,953,ccd-lea-1990
1990,0803600,3085,EATON RE-2,65.0,,,,,,1184,ccd-lea-1990
1990,0803630,1120,EDISON 54 JT,5.0,,,,,,33,ccd-lea-1990
1990,0803690,0950,ELBERT 200,15.0,,,,,,141,ccd-lea-1990
1990,0803720,0920,ELIZABETH C-1,84.0,,,,,,1409,ccd-lea-1990
1990,0803750,1050,ELLICOTT 22,32.0,,,,,,469,ccd-lea-1990
1990,0803780,0120,ENGLEWOOD 1,213.0,,,,,,4153,ccd-lea-1990
1990,0803870,1110,FALCON 49,140.0,,,,,,2488,ccd-lea-1990
1990,0803960,1150,FLORENCE RE-2,106.0,,,,,,1615,ccd-lea-1990
1990,0804020,3140,FORT LUPTON RE-8,112.0,,,,,,2320,ccd-lea-1990
1990,0804050,2405,FORT MORGAN RE-3,164.0,,,,,,2808,ccd-lea-1990
1990,0804080,1000,FOUNTAIN 8,225.0,,,,,,3625,ccd-lea-1990
1990,0804110,2540,FOWLER R-4J,34.0,,,,,,439,ccd-lea-1990
1990,0803930,1850,FRENCHMAN RE-3,19.0,,,,,,160,ccd-lea-1990
1990,0804380,1220,GARFIELD 16,31.0,,,,,,405,ccd-lea-1990
1990,0806240,1195,GARFIELD RE-2,124.0,,,,,,2563,ccd-lea-1990
1990,0800003,1780,GENOA-HUGO C113,22.0,,,,,,233,ccd-lea-1990
1990,0804230,1330,GILPIN COUNTY RE-1,26.0,,,,,,345,ccd-lea-1990
1990,0804290,2650,GRANADA RE-1,23.0,,,,,,245,ccd-lea-1990
1990,0804410,3120,GREELEY 6,629.0,,,,,,11657,ccd-lea-1990
1990,0804470,1360,GUNNISON WATERSHED RE1J,90.0,,,,,,1407,ccd-lea-1990
1990,0804500,1070,HANOVER 28,5.0,,,,,,63,ccd-lea-1990
1990,0804530,0980,HARRISON 2,593.0,,,,,,9666,ccd-lea-1990
1990,0804560,2630,HAXTUN RE-2J,26.0,,,,,,305,ccd-lea-1990
1990,0804590,2760,HAYDEN RE-1,39.0,,,,,,509,ccd-lea-1990
1990,0800002,1460,HI-PLAINS R-23,16.0,,,,,,122,ccd-lea-1990
1990,0804620,1380,HINSDALE COUNTY RE. 1,3.0,,,,,,33,ccd-lea-1990
1990,0804650,1600,HOEHNE REORGANIZED 3,21.0,,,,,,268,ccd-lea-1990
1990,0804680,2670,HOLLY RE-3,29.0,,,,,,359,ccd-lea-1990
1990,0804710,2620,HOLYOKE RE-1J,40.0,,,,,,572,ccd-lea-1990
1990,0807080,1390,HUERFANO RE-1,53.0,,,,,,807,ccd-lea-1990
1990,0804770,1540,IGNACIO 11 JT,65.0,,,,,,964,ccd-lea-1990
1990,0804800,1420,JEFFERSON COUNTY R-1,3578.0,,,,,,76275,ccd-lea-1990
1990,0804830,3110,JOHNSTOWN-MILLIKEN RE-5J,69.0,,,,,,1216,ccd-lea-1990
1990,0804860,2862,JULESBURG RE-1,27.0,,,,,,355,ccd-lea-1990
1990,0804890,1810,KARVAL RE-23,10.0,,,,,,90,ccd-lea-1990
1990,0804980,1760,KIM REORGANIZED 88,9.0,,,,,,66,ccd-lea-1990
1990,0805010,0930,KIOWA C-2,16.0,,,,,,207,ccd-lea-1990
1990,0805040,0510,KIT CARSON R-1,18.0,,,,,,140,ccd-lea-1990
1990,0805160,1400,LA VETA RE-2,20.0,,,,,,227,ccd-lea-1990
1990,0805190,1510,LAKE COUNTY R-1,73.0,,,,,,1148,ccd-lea-1990
1990,0805220,2660,LAMAR RE-2,117.0,,,,,,2079,ccd-lea-1990
1990,0805250,0290,LAS ANIMAS RE-1,52.0,,,,,,744,ccd-lea-1990
1990,0805820,1080,LEWIS-PALMER 38,118.0,,,,,,2417,ccd-lea-1990
1990,0805280,1790,LIMON RE-4J,31.0,,,,,,430,ccd-lea-1990
1990,0805310,0140,LITTLETON 6,805.0,,,,,,15524,ccd-lea-1990
1990,0805340,3060,LONE STAR 101,9.0,,,,,,58,ccd-lea-1990
1990,0805460,2070,MANCOS RE-6,34.0,,,,,,442,ccd-lea-1990
1990,0805490,1030,MANITOU SPRINGS 14,60.0,,,,,,1127,ccd-lea-1990
1990,0805520,2535,MANZANOLA 3J,20.0,,,,,,290,ccd-lea-1990
1990,0805550,0010,MAPLETON 1,233.0,,,,,,4660,ccd-lea-1990
1990,0805580,0310,MC CLAVE RE-2,18.0,,,,,,162,ccd-lea-1990
1990,0805610,2710,MEEKER RE1,47.0,,,,,,723,ccd-lea-1990
1990,0804350,2000,MESA COUNTY VALLEY 51,908.0,,,,,,17024,ccd-lea-1990
1990,0805670,1130,MIAMI/YODER 60 JT,13.0,,,,,,184,ccd-lea-1990
1990,0805700,2800,MOFFAT 2,17.0,,,,,,126,ccd-lea-1990
1990,0805730,2020,MOFFAT COUNTY RE:NO 1,142.0,,,,,,2656,ccd-lea-1990
1990,0805760,2740,MONTE VISTA C-8,85.0,,,,,,1360,ccd-lea-1990
1990,0803090,2035,MONTEZUMA-CORTEZ RE-1,185.0,,,,,,3257,ccd-lea-1990
1990,0805790,2180,MONTROSE COUNTY RE-1J,250.0,,,,,,4488,ccd-lea-1990
1990,0899160,9030,MOUNTAIN BOCES,8.0,,,,,,42,ccd-lea-1990
1990,0806300,2790,MOUNTAIN VALLEY RE 1,20.0,,,,,,212,ccd-lea-1990
1990,0805100,0550,NORTH CONEJOS RE-1J,74.0,,,,,,1171,ccd-lea-1990
1990,0807050,1410,NORTH PARK R-1,23.0,,,,,,298,ccd-lea-1990
1990,0899180,9040,NORTHEAST BOCES,0.0,,,,,,0,ccd-lea-1990
1990,0899200,9035,NORTHERN COLO BOCES,0.0,,,,,,0,ccd-lea-1990
1990,0806900,0020,NORTHGLENN-THORNTON 12,1135.0,,,,,,20838,ccd-lea-1990
1990,0899220,9095,NORTHWEST COLO BOCES,0.0,,,,,,0,ccd-lea-1990
1990,0805880,2840,NORWOOD R-2J,23.0,,,,,,292,ccd-lea-1990
1990,0805940,3050,OTIS R-3,19.0,,,,,,202,ccd-lea-1990
1990,0805970,2580,OURAY R-1,18.0,,,,,,195,ccd-lea-1990
1990,0803810,1570,PARK (ESTES PARK) R-3,68.0,,,,,,1149,ccd-lea-1990
1990,0803840,2610,PARK COUNTY RE-2,30.0,,,,,,380,ccd-lea-1990
1990,0804440,3148,PAWNEE RE-12,16.0,,,,,,80,ccd-lea-1990
1990,0806060,1060,PEYTON 23 JT,21.0,,,,,,320,ccd-lea-1990
1990,0899240,9045,PIKES PEAK BOCES,51.0,,,,,,44,ccd-lea-1990
1990,0806930,1440,PLAINVIEW RE-2,14.0,,,,,,98,ccd-lea-1990
1990,0806030,1870,PLATEAU RE-5,18.0,,,,,,146,ccd-lea-1990
1990,0803030,1990,PLATEAU VALLEY 50,30.0,,,,,,499,ccd-lea-1990
1990,0802370,2600,PLATTE CANYON 1,64.0,,,,,,1152,ccd-lea-1990
1990,0806000,2865,PLATTE VALLEY RE-3,19.0,,,,,,174,ccd-lea-1990
1990,0804950,3130,PLATTE VALLEY RE-7,51.0,,,,,,911,ccd-lea-1990
1990,0803990,1550,POUDRE R-1,932.0,,,,,,18589,ccd-lea-1990
1990,0806720,3147,PRAIRIE RE-11,16.0,,,,,,99,ccd-lea-1990
1990,0807260,1590,PRIMERO REORGANIZED 2,16.0,,,,,,159,ccd-lea-1990
1990,0806090,0240,PRITCHETT RE-3,12.0,,,,,,100,ccd-lea-1990
1990,0806120,2690,PUEBLO CITY 60,996.0,,,,,,18364,ccd-lea-1990
1990,0806150,2700,PUEBLO COUNTY RURAL 70,230.0,,,,,,4129,ccd-lea-1990
1990,0806180,2720,RANGELY RE-4,46.0,,,,,,714,ccd-lea-1990
1990,0806210,2590,RIDGWAY R-2,20.0,,,,,,212,ccd-lea-1990
1990,0899280,9125,RIO BLANCO BOCES,0.0,,,,,,0,ccd-lea-1990
1990,0804260,1180,ROARING FORK RE-1,206.0,,,,,,3712,ccd-lea-1990
1990,0806270,2530,ROCKY FORD R-2,85.0,,,,,,1267,ccd-lea-1990
1990,0899360,9065,S PLATTE VALLEY BOCES,0.0,,,,,,0,ccd-lea-1990
1990,0806330,0500,SALIDA R-32,75.0,,,,,,1278,ccd-lea-1990
1990,0806154,9105,SAN JUAN BASIN AVTS,12.0,,,,,,0,ccd-lea-1990
1990,0899300,9050,SAN JUAN BOCS,0.0,,,,,,0,ccd-lea-1990
1990,0899320,9055,SAN LUIS VALLEY BOCS,0.0,,,,,,0,ccd-lea-1990
1990,0806390,0560,SANFORD 6J,21.0,,,,,,332,ccd-lea-1990
1990,0806420,0110,SANGRE DE CRISTO RE-22J,21.0,,,,,,295,ccd-lea-1990
1990,0806450,2750,SARGENT RE-33J,32.0,,,,,,436,ccd-lea-1990
1990,0806540,0123,SHERIDAN 2,84.0,,,,,,1598,ccd-lea-1990
1990,0804140,0740,SIERRA GRANDE R-30,22.0,,,,,,322,ccd-lea-1990
1990,0806570,2820,SILVERTON 1,16.0,,,,,,159,ccd-lea-1990
1990,0899340,9060,SOUTH CENTRAL BOCES,0.0,,,,,,0,ccd-lea-1990
1990,0802130,0580,SOUTH CONEJOS RE-10,34.0,,,,,,449,ccd-lea-1990
1990,0805910,2780,SOUTH ROUTT RE 3,32.0,,,,,,376,ccd-lea-1990
1990,0899380,9070,SOUTHEAST METRO BOCS,0.0,,,,,,0,ccd-lea-1990
1990,0899400,9075,SOUTHEASTERN BOCES,4.0,,,,,,0,ccd-lea-1990
1990,0899420,9080,SOUTHWEST BOCS,1.0,,,,,,65,ccd-lea-1990
1990,0806630,0250,SPRINGFIELD RE-4,27.0,,,,,,327,ccd-lea-1990
1990,0805370,0470,ST. VRAIN VALLEY RE 1J,802.0,,,,,,15070,ccd-lea-1990
1990,0806660,2770,STEAMBOAT SPRINGS RE-2,114.0,,,,,,1666,ccd-lea-1990
1990,0806750,0060,STRASBURG 31J,32.0,,,,,,410,ccd-lea-1990
1990,0806780,1480,STRATTON R-4,24.0,,,,,,296,ccd-lea-1990
1990,0806810,3000,SUMMIT RE-1,105.0,,,,,,1725,ccd-lea-1990
1990,0806840,2570,SWINK 33,25.0,,,,,,347,ccd-lea-1990
1990,0806870,2830,TELLURIDE R-1,29.0,,,,,,338,ccd-lea-1990
1990,0805400,1560,THOMPSON R-2J,639.0,,,,,,12019,ccd-lea-1990
1990,0806960,1580,TRINIDAD 1,96.0,,,,,,1599,ccd-lea-1990
1990,0806690,1828,VALLEY RE-1,180.0,,,,,,2736,ccd-lea-1990
1990,0806990,0260,VILAS RE-5,11.0,,,,,,64,ccd-lea-1990
1990,0807110,0230,WALSH RE-1,23.0,,,,,,293,ccd-lea-1990
1990,0899440,9085,WELD BOCES,90.0,,,,,,30,ccd-lea-1990
1990,0804200,3080,WELD RE-1 (GILCREST),98.0,,,,,,1722,ccd-lea-1990
1990,0804920,3090,WELD RE-3 (KEENESBURG),66.0,,,,,,1246,ccd-lea-1990
1990,0807140,2505,WELDON VALLEY       RE-20(J),19.0,,,,,,146,ccd-lea-1990
1990,0800006,9090,WEST CENTRAL BOCES,0.0,,,,,,0,ccd-lea-1990
1990,0805850,2190,WEST END RE-2,25.0,,,,,,411,ccd-lea-1990
1990,0805070,1340,WEST GRAND 1-JT,39.0,,,,,,508,ccd-lea-1990
1990,0807170,3420,WEST YUMA COUNTY RJ-1,80.0,,,,,,990,ccd-lea-1990
1990,0807230,0070,WESTMINSTER 50,616.0,,,,,,10990,ccd-lea-1990
1990,0806480,0990,WIDEFIELD 3,391.0,,,,,,6933,ccd-lea-1990
1990,0807290,2515,WIGGINS             RE-50(J),32.0,,,,,,439,ccd-lea-1990
1990,0807320,2680,WILEY               RE-13 JT,21.0,,,,,,297,ccd-lea-1990
1990,0807350,3100,WINDSOR RE-4,108.0,,,,,,1711,ccd-lea-1990
1990,0807380,3020,WOODLAND PARK RE-2,121.0,,,,,,2323,ccd-lea-1990
1990,0807410,3070,WOODLIN R-104,16.0,,,,,,102,ccd-lea-1990
1991,0801920,1040,ACADEMY 20,612.0,,,,,,11655,ccd-lea-1991
1991,0801950,0030,ADAMS COUNTY 14,316.0,,,,,,6061,ccd-lea-1991
1991,0800007,9120,ADAMS COUNTY BOCES,0.0,,,,,,0,ccd-lea-1991
1991,0802340,0180,ADAMS-ARAPAHOE 28J,1439.0,,,,,,26759,ccd-lea-1991
1991,0801980,0960,AGATE 300,10.0,,,,,,66,ccd-lea-1991
1991,0802010,1620,AGUILAR REORGANIZED 6,19.0,,,,,,164,ccd-lea-1991
1991,0802040,3030,AKRON R-1,32.0,,,,,,438,ccd-lea-1991
1991,0802070,0100,ALAMOSA RE-11J,138.0,,,,,,2550,ccd-lea-1991
1991,0802190,0220,ARCHULETA COUNTY 50 JT,67.0,,,,,,1162,ccd-lea-1991
1991,0802220,3040,ARICKAREE R-2,15.0,,,,,,142,ccd-lea-1991
1991,0899040,9020,ARKANSAS VALLEY BOCS,4.0,,,,,,49,ccd-lea-1991
1991,0802260,1450,ARRIBA-FLAGLER C-20,21.0,,,,,,249,ccd-lea-1991
1991,0802280,2640,ASPEN 1,80.0,,,,,,1080,ccd-lea-1991
1991,0802310,3145,AULT-HIGHLAND RE-9,48.0,,,,,,824,ccd-lea-1991
1991,0802400,1530,BAYFIELD 10 JT-R,52.0,,,,,,826,ccd-lea-1991
1991,0802430,0050,BENNETT 29J,53.0,,,,,,874,ccd-lea-1991
1991,0802460,1490,BETHUNE R-5,12.0,,,,,,89,ccd-lea-1991
1991,0806600,0940,BIG SANDY 100J,22.0,,,,,,297,ccd-lea-1991
1991,0802490,0480,BOULDER VALLEY RE 2,1246.0,,,,,,22534,ccd-lea-1991
1991,0802520,1750,BRANSON REORGANIZED 82,8.0,,,,,,38,ccd-lea-1991
1991,0802550,3146,BRIGGSDALE RE-10,12.0,,,,,,71,ccd-lea-1991
1991,0802580,0040,BRIGHTON 27J,214.0,,,,,,4093,ccd-lea-1991
1991,0802610,2395,BRUSH RE-2(J),88.0,,,,,,1354,ccd-lea-1991
1991,0802640,0490,BUENA VISTA R-31,59.0,,,,,,867,ccd-lea-1991
1991,0805640,1860,BUFFALO RE-4,18.0,,,,,,239,ccd-lea-1991
1991,0802670,1500,BURLINGTON RE-6J,60.0,,,,,,885,ccd-lea-1991
1991,0802700,0190,BYERS 32J,26.0,,,,,,369,ccd-lea-1991
1991,0802730,0970,CALHAN RJ-1,22.0,,,,,,355,ccd-lea-1991
1991,0802760,0270,CAMPO RE-6,11.0,,,,,,79,ccd-lea-1991
1991,0802790,1140,CANON CITY RE-1,192.0,,,,,,3464,ccd-lea-1991
1991,0806360,0640,CENTENNIAL R-1,29.0,,,,,,353,ccd-lea-1991
1991,0802850,2810,CENTER 26 JT,48.0,,,,,,662,ccd-lea-1991
1991,0802880,2560,CHERAW 31,22.0,,,,,,198,ccd-lea-1991
1991,0802910,0130,CHERRY CREEK 5,1696.0,,,,,,30675,ccd-lea-1991
1991,0800001,0520,CHEYENNE COUNTY RE-5,30.0,,,,,,369,ccd-lea-1991
1991,0802940,1020,CHEYENNE MOUNTAIN 12,134.0,,,,,,2543,ccd-lea-1991
1991,0803000,0540,CLEAR CREEK RE-1,80.0,,,,,,1443,ccd-lea-1991
1991,0803060,1010,COLORADO SPRINGS 11,1642.0,,,,,,30602,ccd-lea-1991
1991,0807200,0860,CONSOLIDATED C-1,26.0,,,,,,369,ccd-lea-1991
1991,0803120,1160,COTOPAXI RE-3,20.0,,,,,,256,ccd-lea-1991
1991,0803150,2010,CREEDE CONSOLIDATED 1,11.0,,,,,,92,ccd-lea-1991
1991,0803180,3010,CRIPPLE CREEK-VICTOR RE-1,20.0,,,,,,353,ccd-lea-1991
1991,0803210,0770,CROWLEY COUNTY RE-1-J,37.0,,,,,,583,ccd-lea-1991
1991,0803240,1980,DE BEQUE 49JT,13.0,,,,,,115,ccd-lea-1991
1991,0803270,0170,DEER TRAIL 26J,19.0,,,,,,161,ccd-lea-1991
1991,0803300,2730,DEL NORTE C-7,47.0,,,,,,686,ccd-lea-1991
1991,0803330,0870,DELTA COUNTY 50(J),232.0,,,,,,4065,ccd-lea-1991
1991,0899060,9100,DELTA-MONTROSE AREA VOC/TECH,0.0,,,,,,0,ccd-lea-1991
1991,0803360,0880,DENVER COUNTY 1,3707.0,,,,,,60552,ccd-lea-1991
1991,0803420,0890,DOLORES COUNTY RE 2,24.0,,,,,,305,ccd-lea-1991
1991,0803390,2055,DOLORES RE-4A,37.0,,,,,,601,ccd-lea-1991
1991,0803450,0900,DOUGLAS COUNTY RE 1,817.0,,,,,,14720,ccd-lea-1991
1991,0803480,1520,DURANGO 9-R,244.0,,,,,,4200,ccd-lea-1991
1991,0803510,1430,EADS RE-1,25.0,,,,,,308,ccd-lea-1991
1991,0803540,0910,EAGLE COUNTY RE 50,175.0,,,,,,2897,ccd-lea-1991
1991,0899080,9025,EAST CENTRAL BOCES,2.0,,,,,,0,ccd-lea-1991
1991,0804320,1350,EAST GRAND 2,70.0,,,,,,1061,ccd-lea-1991
1991,0805130,2520,EAST OTERO R-1,125.0,,,,,,1935,ccd-lea-1991
1991,0803570,3430,EAST YUMA COUNTY RJ-2,72.0,,,,,,916,ccd-lea-1991
1991,0803600,3085,EATON RE-2,68.0,,,,,,1210,ccd-lea-1991
1991,0803630,1120,EDISON 54 JT,3.0,,,,,,32,ccd-lea-1991
1991,0803690,0950,ELBERT 200,15.0,,,,,,153,ccd-lea-1991
1991,0803720,0920,ELIZABETH C-1,85.0,,,,,,1466,ccd-lea-1991
1991,0803750,1050,ELLICOTT 22,34.0,,,,,,484,ccd-lea-1991
1991,0803780,0120,ENGLEWOOD 1,208.0,,,,,,4369,ccd-lea-1991
1991,0803870,1110,FALCON 49,141.0,,,,,,2587,ccd-lea-1991
1991,0803960,1150,FLORENCE RE-2,101.0,,,,,,1627,ccd-lea-1991
1991,0804020,3140,FORT LUPTON RE-8,113.0,,,,,,2384,ccd-lea-1991
1991,0804050,2405,FORT MORGAN RE-3,163.0,,,,,,2885,ccd-lea-1991
1991,0804080,1000,FOUNTAIN 8,225.0,,,,,,3922,ccd-lea-1991
1991,0804110,2540,FOWLER R-4J,33.0,,,,,,446,ccd-lea-1991
1991,0803930,1850,FRENCHMAN RE-3,19.0,,,,,,184,ccd-lea-1991
1991,0804380,1220,GARFIELD 16,29.0,,,,,,409,ccd-lea-1991
1991,0806240,1195,GARFIELD RE-2,133.0,,,,,,2568,ccd-lea-1991
1991,0800003,1780,GENOA-HUGO C113,24.0,,,,,,255,ccd-lea-1991
1991,0804230,1330,GILPIN COUNTY RE-1,30.0,,,,,,351,ccd-lea-1991
1991,0804290,2650,GRANADA RE-1,21.0,,,,,,255,ccd-lea-1991
1991,0804410,3120,GREELEY 6,644.0,,,,,,12126,ccd-lea-1991
1991,0804470,1360,GUNNISON WATERSHED RE1J,94.0,,,,,,1497,ccd-lea-1991
1991,0804500,1070,HANOVER 28,6.0,,,,,,78,ccd-lea-1991
1991,0804530,0980,HARRISON 2,593.0,,,,,,10161,ccd-lea-1991
1991,0804560,2630,HAXTUN RE-2J,26.0,,,,,,300,ccd-lea-1991
1991,0804590,2760,HAYDEN RE-1,40.0,,,,,,489,ccd-lea-1991
1991,0800002,1460,HI-PLAINS R-23,16.0,,,,,,117,ccd-lea-1991
1991,0804620,1380,HINSDALE COUNTY REGION 1,4.0,,,,,,44,ccd-lea-1991
1991,0804650,1600,HOEHNE REORGANIZED 3,21.0,,,,,,289,ccd-lea-1991
1991,0804680,2670,HOLLY RE-3,30.0,,,,,,347,ccd-lea-1991
1991,0804710,2620,HOLYOKE RE-1J,41.0,,,,,,597,ccd-lea-1991
1991,0807080,1390,HUERFANO RE-1,52.0,,,,,,775,ccd-lea-1991
1991,0804770,1540,IGNACIO 11 JT,65.0,,,,,,992,ccd-lea-1991
1991,0804800,1420,JEFFERSON COUNTY R-1,3704.0,,,,,,79244,ccd-lea-1991
1991,0804830,3110,JOHNSTOWN-MILLIKEN RE-5J,67.0,,,,,,1202,ccd-lea-1991
1991,0804860,2862,JULESBURG RE-1,27.0,,,,,,348,ccd-lea-1991
1991,0804890,1810,KARVAL RE-23,9.0,,,,,,82,ccd-lea-1991
1991,0804980,1760,KIM REORGANIZED 88,10.0,,,,,,62,ccd-lea-1991
1991,0805010,0930,KIOWA C-2,16.0,,,,,,210,ccd-lea-1991
1991,0805040,0510,KIT CARSON R-1,18.0,,,,,,137,ccd-lea-1991
1991,0805160,1400,LA VETA RE-2,20.0,,,,,,257,ccd-lea-1991
1991,0805190,1510,LAKE COUNTY R-1,70.0,,,,,,1157,ccd-lea-1991
1991,0805220,2660,LAMAR RE-2,117.0,,,,,,2020,ccd-lea-1991
1991,0805250,0290,LAS ANIMAS RE-1,51.0,,,,,,787,ccd-lea-1991
1991,0805820,1080,LEWIS-PALMER 38,120.0,,,,,,2609,ccd-lea-1991
1991,0805280,1790,LIMON RE-4J,30.0,,,,,,508,ccd-lea-1991
1991,0805310,0140,LITTLETON 6,827.0,,,,,,15796,ccd-lea-1991
1991,0805340,3060,LONE STAR 101,10.0,,,,,,60,ccd-lea-1991
1991,0805460,2070,MANCOS RE-6,35.0,,,,,,487,ccd-lea-1991
1991,0805490,1030,MANITOU SPRINGS 14,62.0,,,,,,1231,ccd-lea-1991
1991,0805520,2535,MANZANOLA 3J,17.0,,,,,,266,ccd-lea-1991
1991,0805550,0010,MAPLETON 1,229.0,,,,,,4918,ccd-lea-1991
1991,0805580,0310,MCCLAVE RE-2,18.0,,,,,,199,ccd-lea-1991
1991,0805610,2710,MEEKER RE1,42.0,,,,,,782,ccd-lea-1991
1991,0804350,2000,MESA COUNTY VALLEY 51,940.0,,,,,,17489,ccd-lea-1991
1991,0805670,1130,MIAMI/YODER 60 JT,15.0,,,,,,172,ccd-lea-1991
1991,0805700,2800,MOFFAT 2,16.0,,,,,,95,ccd-lea-1991
1991,0805730,2020,MOFFAT COUNTY RE:NO 1,145.0,,,,,,2675,ccd-lea-1991
1991,0805760,2740,MONTE VISTA C-8,84.0,,,,,,1411,ccd-lea-1991
1991,0803090,2035,MONTEZUMA-CORTEZ RE-1,193.0,,,,,,3254,ccd-lea-1991
1991,0805790,2180,MONTROSE COUNTY RE-1J,264.0,,,,,,4607,ccd-lea-1991
1991,0899160,9030,MOUNTAIN BOCES,12.0,,,,,,57,ccd-lea-1991
1991,0806300,2790,MOUNTAIN VALLEY RE 1,20.0,,,,,,208,ccd-lea-1991
1991,0805100,0550,NORTH CONEJOS RE-1J,74.0,,,,,,1180,ccd-lea-1991
1991,0807050,1410,NORTH PARK R-1,25.0,,,,,,306,ccd-lea-1991
1991,0899180,9040,NORTHEAST BOCES,5.0,,,,,,0,ccd-lea-1991
1991,0899200,9035,NORTHERN COLORADO BOCES,1.0,,,,,,0,ccd-lea-1991
1991,0806900,0020,NORTHGLENN-THORNTON 12,1144.0,,,,,,21450,ccd-lea-1991
1991,0899220,9095,NORTHWEST COLO BOCES,0.0,,,,,,0,ccd-lea-1991
1991,0805880,2840,NORWOOD R-2J,24.0,,,,,,314,ccd-lea-1991
1991,0805940,3050,OTIS R-3,19.0,,,,,,201,ccd-lea-1991
1991,0805970,2580,OURAY R-1,19.0,,,,,,194,ccd-lea-1991
1991,0803810,1570,PARK (ESTES PARK) R-3,70.0,,,,,,1217,ccd-lea-1991
1991,0803840,2610,PARK COUNTY RE-2,32.0,,,,,,419,ccd-lea-1991
1991,0804440,3148,PAWNEE RE-12,16.0,,,,,,80,ccd-lea-1991
1991,0806060,1060,PEYTON 23 JT,22.0,,,,,,316,ccd-lea-1991
1991,0899240,9045,PIKES PEAK BOCES,53.0,,,,,,0,ccd-lea-1991
1991,0806930,1440,PLAINVIEW RE-2,15.0,,,,,,111,ccd-lea-1991
1991,0806030,1870,PLATEAU RE-5,18.0,,,,,,140,ccd-lea-1991
1991,0803030,1990,PLATEAU VALLEY 50,29.0,,,,,,502,ccd-lea-1991
1991,0802370,2600,PLATTE CANYON 1,66.0,,,,,,1214,ccd-lea-1991
1991,0806000,2865,PLATTE VALLEY RE-3,19.0,,,,,,172,ccd-lea-1991
1991,0804950,3130,PLATTE VALLEY RE-7,52.0,,,,,,938,ccd-lea-1991
1991,0803990,1550,POUDRE R-1,981.0,,,,,,19420,ccd-lea-1991
1991,0806720,3147,PRAIRIE RE-11,16.0,,,,,,107,ccd-lea-1991
1991,0807260,1590,PRIMERO REORGANIZED 2,17.0,,,,,,170,ccd-lea-1991
1991,0806090,0240,PRITCHETT RE-3,10.0,,,,,,88,ccd-lea-1991
1991,0806120,2690,PUEBLO CITY 60,962.0,,,,,,18339,ccd-lea-1991
1991,0806150,2700,PUEBLO COUNTY RURAL 70,225.0,,,,,,4239,ccd-lea-1991
1991,0806180,2720,RANGELY RE-4,43.0,,,,,,697,ccd-lea-1991
1991,0806210,2590,RIDGWAY R-2,20.0,,,,,,228,ccd-lea-1991
1991,0899280,9125,RIO BLANCO BOCES,7.0,,,,,,0,ccd-lea-1991
1991,0804260,1180,ROARING FORK RE-1,213.0,,,,,,3889,ccd-lea-1991
1991,0806270,2530,ROCKY FORD R-2,84.0,,,,,,1221,ccd-lea-1991
1991,0805370,0470,SAINT VRAIN VALLEY REGION 1J,790.0,,,,,,15651,ccd-lea-1991
1991,0806330,0500,SALIDA R-32,74.0,,,,,,1300,ccd-lea-1991
1991,0806154,9105,SAN JUAN BASIN ADULT VOC/TECH,0.0,,,,,,0,ccd-lea-1991
1991,0899300,9050,SAN JUAN BOCS,0.0,,,,,,0,ccd-lea-1991
1991,0899320,9055,SAN LUIS VALLEY BOCS,14.0,,,,,,0,ccd-lea-1991
1991,0806390,0560,SANFORD 6J,19.0,,,,,,315,ccd-lea-1991
1991,0806420,0110,SANGRE DE CRISTO RE-22J,21.0,,,,,,297,ccd-lea-1991
1991,0806450,2750,SARGENT RE-33J,33.0,,,,,,465,ccd-lea-1991
1991,0806540,0123,SHERIDAN 2,87.0,,,,,,1646,ccd-lea-1991
1991,0804140,0740,SIERRA GRANDE R-30,21.0,,,,,,322,ccd-lea-1991
1991,0806570,2820,SILVERTON 1,11.0,,,,,,119,ccd-lea-1991
1991,0899340,9060,SOUTH CENTRAL BOCES,3.0,,,,,,0,ccd-lea-1991
1991,0802130,0580,SOUTH CONEJOS RE-10,31.0,,,,,,455,ccd-lea-1991
1991,0899360,9065,SOUTH PLATTE VALLEY BOCES,1.0,,,,,,0,ccd-lea-1991
1991,0805910,2780,SOUTH ROUTT RE 3,32.0,,,,,,353,ccd-lea-1991
1991,0899380,9070,SOUTHEAST METRO BOCES,37.0,,,,,,0,ccd-lea-1991
1991,0899400,9075,SOUTHEASTERN BOCES,16.0,,,,,,0,ccd-lea-1991
1991,0899420,9080,SOUTHWEST BOCS,1.0,,,,,,74,ccd-lea-1991
1991,0806630,0250,SPRINGFIELD RE-4,26.0,,,,,,336,ccd-lea-1991
1991,0806660,2770,STEAMBOAT SPRINGS RE-2,112.0,,,,,,1690,ccd-lea-1991
1991,0806750,0060,STRASBURG 31J,26.0,,,,,,420,ccd-lea-1991
1991,0806780,1480,STRATTON R-4,23.0,,,,,,296,ccd-lea-1991
1991,0806810,3000,SUMMIT RE-1,113.0,,,,,,1738,ccd-lea-1991
1991,0806840,2570,SWINK 33,26.0,,,,,,363,ccd-lea-1991
1991,0806870,2830,TELLURIDE R-1,29.0,,,,,,351,ccd-lea-1991
1991,0805400,1560,THOMPSON R-2J,642.0,,,,,,12265,ccd-lea-1991
1991,0806960,1580,TRINIDAD 1,96.0,,,,,,1597,ccd-lea-1991
1991,0806690,1828,VALLEY RE-1,182.0,,,,,,2711,ccd-lea-1991
1991,0806990,0260,VILAS RE-5,11.0,,,,,,80,ccd-lea-1991
1991,0807110,0230,WALSH RE-1,22.0,,,,,,268,ccd-lea-1991
1991,0899440,9085,WELD BOCES,90.0,,,,,,43,ccd-lea-1991
1991,0804200,3080,WELD RE-1 (GILCREST),100.0,,,,,,1660,ccd-lea-1991
1991,0804920,3090,WELD RE-3 (KEENESBURG),68.0,,,,,,1193,ccd-lea-1991
1991,0807140,2505,WELDON VALLEY RE-20(J),15.0,,,,,,133,ccd-lea-1991
1991,0800006,9090,WEST CENTRAL BOCES,0.0,,,,,,0,ccd-lea-1991
1991,0805850,2190,WEST END RE-2,25.0,,,,,,439,ccd-lea-1991
1991,0805070,1340,WEST GRAND 1-JT,37.0,,,,,,534,ccd-lea-1991
1991,0807170,3420,WEST YUMA COUNTY RJ-1,81.0,,,,,,956,ccd-lea-1991
1991,0807230,0070,WESTMINSTER 50,628.0,,,,,,10917,ccd-lea-1991
1991,0806480,0990,WIDEFIELD 3,400.0,,,,,,7383,ccd-lea-1991
1991,0807290,2515,WIGGINS RE-50(J),32.0,,,,,,469,ccd-lea-1991
1991,0807320,2680,WILEY RE-13 JT,21.0,,,,,,323,ccd-lea-1991
1991,0807350,3100,WINDSOR RE-4,108.0,,,,,,1827,ccd-lea-1991
1991,0807380,3020,WOODLAND PARK RE-2,128.0,,,,,,2400,ccd-lea-1991
1991,0807410,3070,WOODLIN R-104,15.0,,,,,,107,ccd-lea-1991
1992,0801920,1040,ACADEMY             20,648.0,0.0,21.0,274.0,352.0,,12318,ccd-lea-1992
1992,0801950,0030,ADAMS COUNTY        14,311.0,5.0,11.0,144.0,149.0,,6112,ccd-lea-1992
1992,0800007,9120,ADAMS COUNTY BOCES,0.0,0.0,0.0,0.0,0.0,,0,ccd-lea-1992
1992,0802340,0180,ADAMS-ARAPAHOE      28J,1471.0,5.0,57.0,663.0,745.0,,27307,ccd-lea-1992
1992,0801980,0960,AGATE               300,10.0,0.0,0.0,4.0,5.0,,67,ccd-lea-1992
1992,0802010,1620,AGUILAR REORGANIZED 6,19.0,0.0,0.0,11.0,7.0,,151,ccd-lea-1992
1992,0802040,3030,AKRON               R-1,32.0,0.0,1.0,14.0,16.0,,485,ccd-lea-1992
1992,0802070,0100,ALAMOSA             RE-11J,141.0,1.0,4.0,63.0,72.0,,2500,ccd-lea-1992
1992,0802190,0220,ARCHULETA COUNTY    50 JT,65.0,0.0,2.0,29.0,34.0,,1248,ccd-lea-1992
1992,0802220,3040,ARICKAREE           R-2,16.0,0.0,0.0,8.0,7.0,,138,ccd-lea-1992
1992,0899040,9020,ARKANSAS VALLEY BOCS,3.0,0.0,0.0,0.0,3.0,,46,ccd-lea-1992
1992,0802260,1450,ARRIBA-FLAGLER      C-20,20.0,0.0,0.0,7.0,12.0,,250,ccd-lea-1992
1992,0802280,2640,ASPEN               1,77.0,0.0,2.0,28.0,46.0,,1125,ccd-lea-1992
1992,0802310,3145,AULT-HIGHLAND       RE-9,46.0,0.0,1.0,18.0,26.0,,833,ccd-lea-1992
1992,0802400,1530,BAYFIELD            10 JT-R,52.0,0.0,1.0,21.0,28.0,,883,ccd-lea-1992
1992,0802430,0050,BENNETT             29J,53.0,0.0,1.0,24.0,27.0,,899,ccd-lea-1992
1992,0802460,1490,BETHUNE             R-5,12.0,0.0,0.0,4.0,7.0,,99,ccd-lea-1992
1992,0806600,0940,BIG SANDY           100J,21.0,0.0,0.0,7.0,13.0,,305,ccd-lea-1992
1992,0802490,0480,BOULDER VALLEY      RE 2,1338.0,1.0,45.0,606.0,684.0,,23587,ccd-lea-1992
1992,0802520,1750,BRANSON REORGANIZED 82,8.0,0.0,0.0,3.0,4.0,,41,ccd-lea-1992
1992,0802550,3146,BRIGGSDALE          RE-10,11.0,0.0,0.0,6.0,5.0,,73,ccd-lea-1992
1992,0802580,0040,BRIGHTON            27J,217.0,1.0,8.0,92.0,114.0,,4194,ccd-lea-1992
1992,0802610,2395,BRUSH               RE-2(J),89.0,0.0,2.0,38.0,47.0,,1418,ccd-lea-1992
1992,0802640,0490,BUENA VISTA         R-31,58.0,0.0,1.0,20.0,35.0,,871,ccd-lea-1992
1992,0805640,1860,BUFFALO             RE-4,15.0,0.0,0.0,8.0,7.0,,256,ccd-lea-1992
1992,0802670,1500,BURLINGTON          RE-6J,59.0,0.0,1.0,24.0,33.0,,873,ccd-lea-1992
1992,0802700,0190,BYERS               32J,25.0,0.0,0.0,10.0,13.0,,387,ccd-lea-1992
1992,0802730,0970,CALHAN              RJ-1,21.0,0.0,0.0,8.0,12.0,,376,ccd-lea-1992
1992,0802760,0270,CAMPO               RE-6,11.0,0.0,0.0,5.0,5.0,,82,ccd-lea-1992
1992,0802790,1140,CANON CITY          RE-1,194.0,0.0,6.0,109.0,78.0,,3663,ccd-lea-1992
1992,0806360,0640,CENTENNIAL          R-1,27.0,0.0,0.0,13.0,13.0,,369,ccd-lea-1992
1992,0802850,2810,CENTER              26 JT.,48.0,0.0,1.0,28.0,18.0,,662,ccd-lea-1992
1992,0802880,2560,CHERAW              31,21.0,0.0,0.0,9.0,11.0,,195,ccd-lea-1992
1992,0802910,0130,CHERRY CREEK        5,1783.0,2.0,58.0,797.0,924.0,,31962,ccd-lea-1992
1992,0800001,0520,CHEYENNE COUNTY     RE-5,25.0,0.0,0.0,10.0,13.0,,387,ccd-lea-1992
1992,0802940,1020,CHEYENNE MOUNTAIN   12,134.0,0.0,4.0,58.0,72.0,,2699,ccd-lea-1992
1992,0803000,0540,CLEAR CREEK         RE-1,75.0,0.0,2.0,38.0,34.0,,1400,ccd-lea-1992
1992,0803060,1010,COLORADO SPRINGS    11,1534.0,9.0,65.0,826.0,633.0,,32024,ccd-lea-1992
1992,0807200,0860,CONSOLIDATED        C-1,25.0,0.0,0.0,13.0,11.0,,346,ccd-lea-1992
1992,0803120,1160,COTOPAXI            RE-3,19.0,0.0,0.0,8.0,10.0,,257,ccd-lea-1992
1992,0803150,2010,CREEDE CONSOLIDATED 1,11.0,0.0,0.0,4.0,6.0,,94,ccd-lea-1992
1992,0803180,3010,CRIPPLE CREEK-VICTOR RE-1,22.0,0.0,0.0,11.0,10.0,,443,ccd-lea-1992
1992,0803210,0770,CROWLEY COUNTY      RE-1-J,36.0,0.0,1.0,17.0,17.0,,591,ccd-lea-1992
1992,0803240,1980,DE BEQUE            49JT,14.0,0.0,0.0,7.0,6.0,,122,ccd-lea-1992
1992,0803270,0170,DEER TRAIL          26J,19.0,0.0,0.0,8.0,10.0,,180,ccd-lea-1992
1992,0803300,2730,DEL NORTE           C-7,48.0,0.0,1.0,21.0,25.0,,727,ccd-lea-1992
1992,0803330,0870,DELTA COUNTY        50(J),230.0,0.0,7.0,83.0,139.0,,4271,ccd-lea-1992
1992,0803360,0880,DENVER COUNTY       1,3615.0,72.0,138.0,1690.0,1715.0,,62935,ccd-lea-1992
1992,0803390,2055,DOLORES             RE-4A,36.0,1.0,1.0,13.0,20.0,,629,ccd-lea-1992
1992,0803420,0890,DOLORES COUNTY      RE NO.2,23.0,0.0,0.0,5.0,16.0,,330,ccd-lea-1992
1992,0803450,0900,DOUGLAS COUNTY      RE 1,873.0,1.0,33.0,468.0,370.0,,16373,ccd-lea-1992
1992,0803480,1520,DURANGO             9-R,254.0,0.0,7.0,115.0,131.0,,4335,ccd-lea-1992
1992,0803510,1430,EADS                RE-1,21.0,0.0,0.0,11.0,9.0,,309,ccd-lea-1992
1992,0803540,0910,EAGLE COUNTY        RE 50,180.0,0.0,7.0,85.0,87.0,,3094,ccd-lea-1992
1992,0899080,9025,EAST CENTRAL BOCES,2.0,0.0,0.0,1.0,0.0,,0,ccd-lea-1992
1992,0804320,1350,EAST GRAND          2,69.0,0.0,1.0,31.0,35.0,,1065,ccd-lea-1992
1992,0805130,2520,EAST OTERO          R-1,123.0,0.0,3.0,57.0,62.0,,1897,ccd-lea-1992
1992,0803570,3430,EAST YUMA COUNTY    RJ-2,72.0,0.0,1.0,27.0,43.0,,935,ccd-lea-1992
1992,0803600,3085,EATON               RE-2,69.0,0.0,2.0,22.0,45.0,,1213,ccd-lea-1992
1992,0803630,1120,EDISON              54 JT,4.0,0.0,0.0,2.0,1.0,,33,ccd-lea-1992
1992,0803690,0950,ELBERT              200,15.0,0.0,0.0,8.0,6.0,,165,ccd-lea-1992
1992,0803720,0920,ELIZABETH           C-1,91.0,0.0,2.0,31.0,56.0,,1530,ccd-lea-1992
1992,0803750,1050,ELLICOTT            22,34.0,0.0,0.0,13.0,19.0,,530,ccd-lea-1992
1992,0803780,0120,ENGLEWOOD           1,219.0,1.0,7.0,92.0,118.0,,4476,ccd-lea-1992
1992,0803870,1110,FALCON              49,141.0,0.0,5.0,62.0,72.0,,2682,ccd-lea-1992
1992,0803960,1150,FLORENCE            RE-2,96.0,0.0,3.0,45.0,48.0,,1757,ccd-lea-1992
1992,0804020,3140,FORT LUPTON         RE-8,116.0,4.0,4.0,37.0,70.0,,2490,ccd-lea-1992
1992,0804050,2405,FORT MORGAN         RE-3,170.0,0.0,5.0,81.0,82.0,,2905,ccd-lea-1992
1992,0804080,1000,FOUNTAIN            8,233.0,1.0,12.0,126.0,92.0,,4044,ccd-lea-1992
1992,0804110,2540,FOWLER              R-4J,32.0,0.0,0.0,15.0,15.0,,463,ccd-lea-1992
1992,0803930,1850,FRENCHMAN           RE-3,18.0,0.0,0.0,9.0,9.0,,176,ccd-lea-1992
1992,0804380,1220,GARFIELD            16,31.0,0.0,0.0,13.0,16.0,,480,ccd-lea-1992
1992,0806240,1195,GARFIELD            RE-2,136.0,0.0,5.0,72.0,58.0,,2687,ccd-lea-1992
1992,0804740,1780,GENOA-HUGO          C113,22.0,0.0,0.0,8.0,13.0,,257,ccd-lea-1992
1992,0804200,3080,GILCREST            RE-1,97.0,0.0,3.0,40.0,53.0,,1752,ccd-lea-1992
1992,0804230,1330,GILPIN COUNTY       RE-1,28.0,0.0,0.0,15.0,11.0,,349,ccd-lea-1992
1992,0804290,2650,GRANADA             RE-1,21.0,0.0,0.0,10.0,9.0,,274,ccd-lea-1992
1992,0804410,3120,GREELEY             6,653.0,1.0,27.0,335.0,289.0,,12563,ccd-lea-1992
1992,0804470,1360,GUNNISON WATERSHED  RE1J,94.0,0.0,3.0,47.0,43.0,,1552,ccd-lea-1992
1992,0804500,1070,HANOVER             28,7.0,0.0,0.0,2.0,4.0,,84,ccd-lea-1992
1992,0804530,0980,HARRISON            2,599.0,0.0,24.0,307.0,268.0,,10497,ccd-lea-1992
1992,0804560,2630,HAXTUN              RE-2J,25.0,0.0,0.0,10.0,14.0,,304,ccd-lea-1992
1992,0804590,2760,HAYDEN              RE-1,38.0,0.0,1.0,15.0,21.0,,491,ccd-lea-1992
1992,0806510,1460,HI-PLAINS           R-23,16.0,0.0,0.0,8.0,7.0,,126,ccd-lea-1992
1992,0804620,1380,HINSDALE COUNTY     RE. 1,4.0,0.0,0.0,4.0,0.0,,31,ccd-lea-1992
1992,0804650,1600,HOEHNE REORGANIZED  3,20.0,0.0,0.0,10.0,9.0,,319,ccd-lea-1992
1992,0804680,2670,HOLLY               RE-3,24.0,0.0,0.0,9.0,12.0,,359,ccd-lea-1992
1992,0804710,2620,HOLYOKE             RE-1J,39.0,0.0,1.0,18.0,19.0,,611,ccd-lea-1992
1992,0807080,1390,HUERFANO            RE-1,51.0,0.0,1.0,24.0,24.0,,803,ccd-lea-1992
1992,0804770,1540,IGNACIO             11 JT,66.0,0.0,1.0,35.0,28.0,,1004,ccd-lea-1992
1992,0804800,1420,JEFFERSON COUNTY    R-1,3841.0,10.0,151.0,2012.0,1666.0,,81311,ccd-lea-1992
1992,0804830,3110,JOHNSTOWN-MILLIKEN  RE-5J,63.0,0.0,2.0,22.0,38.0,,1204,ccd-lea-1992
1992,0804860,2862,JULESBURG           RE-1,26.0,0.0,0.0,10.0,15.0,,341,ccd-lea-1992
1992,0804890,1810,KARVAL              RE-23,10.0,0.0,0.0,4.0,5.0,,91,ccd-lea-1992
1992,0804920,3090,KEENESBURG          RE-3(J),67.0,0.0,1.0,33.0,31.0,,1244,ccd-lea-1992
1992,0804980,1760,KIM REORGANIZED     88,9.0,0.0,0.0,3.0,6.0,,77,ccd-lea-1992
1992,0805010,0930,KIOWA               C-2,17.0,0.0,0.0,7.0,8.0,,222,ccd-lea-1992
1992,0805040,0510,KIT CARSON          R-1,18.0,0.0,0.0,7.0,10.0,,126,ccd-lea-1992
1992,0805160,1400,LA VETA             RE-2,19.0,0.0,0.0,8.0,10.0,,265,ccd-lea-1992
1992,0805190,1510,LAKE COUNTY         R-1,65.0,0.0,2.0,17.0,45.0,,1118,ccd-lea-1992
1992,0805220,2660,LAMAR               RE-2,115.0,0.0,4.0,53.0,57.0,,2064,ccd-lea-1992
1992,0805250,0290,LAS ANIMAS          RE-1,53.0,0.0,1.0,24.0,27.0,,769,ccd-lea-1992
1992,0805820,1080,LEWIS-PALMER        38,129.0,0.0,4.0,56.0,68.0,,2820,ccd-lea-1992
1992,0805280,1790,LIMON               RE-4J,31.0,0.0,1.0,16.0,12.0,,535,ccd-lea-1992
1992,0805310,0140,LITTLETON           6,808.0,0.0,28.0,335.0,444.0,,15901,ccd-lea-1992
1992,0805340,3060,LONE STAR           101,9.0,0.0,0.0,6.0,3.0,,66,ccd-lea-1992
1992,0805460,2070,MANCOS              RE-6,36.0,0.0,1.0,20.0,14.0,,534,ccd-lea-1992
1992,0805490,1030,MANITOU SPRINGS     14,65.0,0.0,1.0,26.0,37.0,,1309,ccd-lea-1992
1992,0805520,2535,MANZANOLA           3J,18.0,0.0,0.0,8.0,8.0,,256,ccd-lea-1992
1992,0805550,0010,MAPLETON            1,226.0,1.0,10.0,109.0,105.0,,4941,ccd-lea-1992
1992,0805580,0310,MC CLAVE            RE-2,20.0,0.0,0.0,10.0,10.0,,207,ccd-lea-1992
1992,0805610,2710,MEEKER              RE1,43.0,0.0,1.0,14.0,27.0,,776,ccd-lea-1992
1992,0804350,2000,MESA COUNTY VALLEY  51,974.0,7.0,31.0,425.0,510.0,,17888,ccd-lea-1992
1992,0805670,1130,MIAMI/YODER         60 JT,15.0,0.0,0.0,7.0,6.0,,207,ccd-lea-1992
1992,0805700,2800,MOFFAT              2,16.0,0.0,0.0,7.0,8.0,,119,ccd-lea-1992
1992,0805730,2020,MOFFAT COUNTY       RE:NO 1,145.0,0.0,4.0,59.0,80.0,,2762,ccd-lea-1992
1992,0805760,2740,MONTE VISTA         C-8,85.0,0.0,2.0,39.0,42.0,,1388,ccd-lea-1992
1992,0803090,2035,MONTEZUMA-CORTEZ    RE-1,191.0,1.0,5.0,105.0,78.0,,3271,ccd-lea-1992
1992,0805790,2180,MONTROSE COUNTY     RE-1J,256.0,1.0,7.0,113.0,134.0,,4731,ccd-lea-1992
1992,0899160,9030,MOUNTAIN BOCES,15.0,0.0,0.0,9.0,6.0,,73,ccd-lea-1992
1992,0806300,2790,MOUNTAIN VALLEY     RE 1,21.0,0.0,0.0,8.0,12.0,,199,ccd-lea-1992
1992,0805100,0550,NORTH CONEJOS       RE-1J,73.0,0.0,2.0,33.0,37.0,,1200,ccd-lea-1992
1992,0807050,1410,NORTH PARK          R-1,24.0,0.0,0.0,11.0,12.0,,336,ccd-lea-1992
1992,0899180,9040,NORTHEAST BOCES,4.0,0.0,0.0,2.0,1.0,,0,ccd-lea-1992
1992,0899200,9035,NORTHERN COLO BOCES,0.0,0.0,0.0,0.0,0.0,,0,ccd-lea-1992
1992,0806900,0020,NORTHGLENN-THORNTON 12,1165.0,5.0,42.0,622.0,494.0,,22163,ccd-lea-1992
1992,0899220,9095,NORTHWEST COLO BOCES,3.0,0.0,0.0,1.0,2.0,,0,ccd-lea-1992
1992,0805880,2840,NORWOOD             R-2J,24.0,0.0,0.0,10.0,12.0,,303,ccd-lea-1992
1992,0805940,3050,OTIS                R-3,18.0,0.0,0.0,9.0,8.0,,188,ccd-lea-1992
1992,0805970,2580,OURAY               R-1,18.0,0.0,0.0,6.0,12.0,,194,ccd-lea-1992
1992,0803810,1570,PARK (ESTES PARK)   R-3,71.0,0.0,2.0,31.0,37.0,,1238,ccd-lea-1992
1992,0803840,2610,PARK COUNTY         RE-2,33.0,0.0,1.0,22.0,9.0,,437,ccd-lea-1992
1992,0804440,3148,PAWNEE              RE-12,15.0,0.0,0.0,6.0,8.0,,97,ccd-lea-1992
1992,0806060,1060,PEYTON              23 JT,23.0,0.0,0.0,9.0,12.0,,348,ccd-lea-1992
1992,0899240,9045,PIKES PEAK BOCES,12.0,0.0,0.0,7.0,4.0,,44,ccd-lea-1992
1992,0806930,1440,PLAINVIEW           RE-2,14.0,0.0,0.0,6.0,8.0,,101,ccd-lea-1992
1992,0806030,1870,PLATEAU             RE-5,18.0,0.0,0.0,8.0,8.0,,152,ccd-lea-1992
1992,0803030,1990,PLATEAU VALLEY      50,30.0,0.0,0.0,7.0,21.0,,549,ccd-lea-1992
1992,0802370,2600,PLATTE CANYON       1,72.0,0.0,1.0,30.0,39.0,,1260,ccd-lea-1992
1992,0806000,2865,PLATTE VALLEY       RE-3,19.0,0.0,0.0,9.0,9.0,,165,ccd-lea-1992
1992,0804950,3130,PLATTE VALLEY       RE-7,52.0,0.0,1.0,21.0,28.0,,936,ccd-lea-1992
1992,0803990,1550,POUDRE              R-1,1041.0,0.0,38.0,564.0,437.0,,19988,ccd-lea-1992
1992,0806720,3147,PRAIRIE             RE-11,16.0,0.0,0.0,8.0,7.0,,121,ccd-lea-1992
1992,0807260,1590,PRIMERO REORGANIZED 2,17.0,0.0,0.0,6.0,10.0,,168,ccd-lea-1992
1992,0806090,0240,PRITCHETT           RE-3,9.0,0.0,0.0,4.0,4.0,,100,ccd-lea-1992
1992,0806120,2690,PUEBLO CITY         60,952.0,7.0,33.0,456.0,455.0,,18297,ccd-lea-1992
1992,0806150,2700,PUEBLO COUNTY RURAL 70,227.0,1.0,7.0,97.0,121.0,,4406,ccd-lea-1992
1992,0806180,2720,RANGELY             RE-4,43.0,1.0,1.0,15.0,25.0,,794,ccd-lea-1992
1992,0806210,2590,RIDGWAY             R-2,21.0,0.0,0.0,9.0,10.0,,231,ccd-lea-1992
1992,0899280,9125,RIO BLANCO BOCES,7.0,0.0,0.0,4.0,2.0,,0,ccd-lea-1992
1992,0804260,1180,ROARING FORK        RE-1,222.0,0.0,7.0,94.0,119.0,,4013,ccd-lea-1992
1992,0806270,2530,ROCKY FORD          R-2,81.0,0.0,2.0,40.0,38.0,,1212,ccd-lea-1992
1992,0899360,9065,S PLATTE VALLEY BOCES,1.0,0.0,0.0,0.0,0.0,,0,ccd-lea-1992
1992,0806330,0500,SALIDA              R-32,75.0,0.0,1.0,33.0,39.0,,1329,ccd-lea-1992
1992,0899300,9050,SAN JUAN BOCS,0.0,0.0,0.0,0.0,0.0,,0,ccd-lea-1992
1992,0899320,9055,SAN LUIS VALLEY BOCS,12.0,0.0,0.0,8.0,4.0,,0,ccd-lea-1992
1992,0806390,0560,SANFORD             6J,19.0,0.0,0.0,10.0,7.0,,307,ccd-lea-1992
1992,0806420,0110,SANGRE DE CRISTO    RE-22J,21.0,0.0,0.0,9.0,11.0,,282,ccd-lea-1992
1992,0806450,2750,SARGENT             RE-33J,32.0,0.0,0.0,17.0,14.0,,447,ccd-lea-1992
1992,0806540,0123,SHERIDAN            2,89.0,1.0,3.0,42.0,42.0,,1824,ccd-lea-1992
1992,0804140,0740,SIERRA GRANDE       R-30,21.0,0.0,0.0,12.0,7.0,,303,ccd-lea-1992
1992,0806570,2820,SILVERTON           1,9.0,0.0,0.0,4.0,4.0,,124,ccd-lea-1992
1992,0899340,9060,SOUTH CENTRAL BOCES,2.0,0.0,0.0,1.0,0.0,,0,ccd-lea-1992
1992,0802130,0580,SOUTH CONEJOS       RE-10,32.0,0.0,0.0,17.0,13.0,,430,ccd-lea-1992
1992,0805910,2780,SOUTH ROUTT         RE 3,31.0,0.0,0.0,13.0,16.0,,383,ccd-lea-1992
1992,0899400,9075,SOUTHEASTERN BOCES,18.0,1.0,0.0,10.0,6.0,,58,ccd-lea-1992
1992,0899420,9080,SOUTHWEST BOCS,2.0,0.0,0.0,0.0,2.0,,56,ccd-lea-1992
1992,0806630,0250,SPRINGFIELD         RE-4,26.0,0.0,0.0,14.0,11.0,,351,ccd-lea-1992
1992,0805370,0470,ST. VRAIN VALLEY    RE 1J,819.0,5.0,31.0,363.0,418.0,,16099,ccd-lea-1992
1992,0806660,2770,STEAMBOAT SPRINGS   RE-2,112.0,0.0,3.0,46.0,61.0,,1760,ccd-lea-1992
1992,0806750,0060,STRASBURG           31J,25.0,0.0,0.0,11.0,12.0,,443,ccd-lea-1992
1992,0806780,1480,STRATTON            R-4,22.0,0.0,0.0,9.0,11.0,,278,ccd-lea-1992
1992,0806810,3000,SUMMIT              RE-1,120.0,0.0,4.0,57.0,58.0,,1891,ccd-lea-1992
1992,0806840,2570,SWINK               33,25.0,0.0,0.0,13.0,11.0,,333,ccd-lea-1992
1992,0806870,2830,TELLURIDE           R-1,27.0,0.0,0.0,15.0,10.0,,404,ccd-lea-1992
1992,0805400,1560,THOMPSON            R-2J,625.0,0.0,22.0,290.0,313.0,,12559,ccd-lea-1992
1992,0806960,1580,TRINIDAD            1,97.0,0.0,2.0,44.0,49.0,,1578,ccd-lea-1992
1992,0806690,1828,VALLEY              RE-1,168.0,0.0,4.0,74.0,88.0,,2734,ccd-lea-1992
1992,0806990,0260,VILAS               RE-5,11.0,0.0,0.0,4.0,6.0,,80,ccd-lea-1992
1992,0807110,0230,WALSH               RE-1,21.0,0.0,0.0,9.0,11.0,,279,ccd-lea-1992
1992,0899440,9085,WELD BOCES,90.0,0.0,0.0,65.0,24.0,,36,ccd-lea-1992
1992,0807140,2505,WELDON VALLEY       RE-20(J),15.0,0.0,0.0,8.0,6.0,,125,ccd-lea-1992
1992,0800006,9090,WEST CENTRAL BOCES,0.0,0.0,0.0,0.0,0.0,,0,ccd-lea-1992
1992,0805850,2190,WEST END            RE-2,30.0,1.0,0.0,14.0,13.0,,500,ccd-lea-1992
1992,0805070,1340,WEST GRAND          1-JT.,37.0,0.0,0.0,14.0,21.0,,500,ccd-lea-1992
1992,0807170,3420,WEST YUMA COUNTY    RJ-1,79.0,0.0,1.0,33.0,44.0,,974,ccd-lea-1992
1992,0807230,0070,WESTMINSTER         50,613.0,0.0,21.0,278.0,313.0,,11063,ccd-lea-1992
1992,0806480,0990,WIDEFIELD           3,403.0,2.0,14.0,204.0,182.0,,7716,ccd-lea-1992
1992,0807290,2515,WIGGINS             RE-50(J),34.0,0.0,1.0,16.0,16.0,,503,ccd-lea-1992
1992,0807320,2680,WILEY               RE-13 JT,21.0,0.0,0.0,10.0,10.0,,323,ccd-lea-1992
1992,0807350,3100,WINDSOR             RE-4,111.0,1.0,2.0,50.0,56.0,,1828,ccd-lea-1992
1992,0807380,3020,WOODLAND PARK       RE-2,131.0,0.0,4.0,55.0,71.0,,2532,ccd-lea-1992
1992,0807410,3070,WOODLIN             R-104,15.0,0.0,0.0,7.0,7.0,,122,ccd-lea-1992
1993,0801920,1040,ACADEMY             20,669.0,1.0,21.0,285.0,360.0,,13137,ccd-lea-1993
1993,0801950,0030,ADAMS COUNTY        14,315.0,6.0,13.0,146.0,148.0,,6346,ccd-lea-1993
1993,0802340,0180,ADAMS-ARAPAHOE      28J,1472.0,5.0,56.0,671.0,738.0,,27430,ccd-lea-1993
1993,0801980,0960,AGATE               300,9.0,,0.0,4.0,5.0,,74,ccd-lea-1993
1993,0802010,1620,AGUILAR REORGANIZED 6,19.0,,0.0,11.0,7.0,,178,ccd-lea-1993
1993,0802040,3030,AKRON               R-1,33.0,0.0,0.0,16.0,16.0,,493,ccd-lea-1993
1993,0802070,0100,ALAMOSA             RE-11J,141.0,1.0,4.0,66.0,69.0,,2493,ccd-lea-1993
1993,0802190,0220,ARCHULETA COUNTY    50 JT,65.0,,1.0,27.0,36.0,,1276,ccd-lea-1993
1993,0802220,3040,ARICKAREE           R-2,17.0,,0.0,9.0,7.0,,137,ccd-lea-1993
1993,0899040,9020,ARKANSAS VALLEY BOCES,4.0,,,1.0,3.0,,41,ccd-lea-1993
1993,0802260,1450,ARRIBA-FLAGLER      C-20,21.0,0.0,0.0,8.0,12.0,,267,ccd-lea-1993
1993,0802280,2640,ASPEN               1,81.0,,2.0,28.0,50.0,,1160,ccd-lea-1993
1993,0802310,3145,AULT-HIGHLAND       RE-9,46.0,,1.0,19.0,25.0,,843,ccd-lea-1993
1993,0802400,1530,BAYFIELD            10 JT-R,55.0,,1.0,22.0,31.0,,871,ccd-lea-1993
1993,0802430,0050,BENNETT             29J,55.0,0.0,1.0,23.0,30.0,,961,ccd-lea-1993
1993,0802460,1490,BETHUNE             R-5,12.0,,0.0,4.0,7.0,,115,ccd-lea-1993
1993,0806600,0940,BIG SANDY           100J,18.0,,0.0,6.0,11.0,,319,ccd-lea-1993
1993,0802490,0480,BOULDER VALLEY      RE 2,1353.0,1.0,45.0,622.0,683.0,,24085,ccd-lea-1993
1993,0802520,1750,BRANSON REORGANIZED 82,7.0,,0.0,3.0,4.0,,55,ccd-lea-1993
1993,0802550,3146,BRIGGSDALE          RE-10,11.0,,0.0,6.0,4.0,,71,ccd-lea-1993
1993,0802580,0040,BRIGHTON            27J,218.0,1.0,7.0,94.0,115.0,,4182,ccd-lea-1993
1993,0802610,2395,BRUSH               RE-2(J),91.0,0.0,2.0,40.0,48.0,,1422,ccd-lea-1993
1993,0802640,0490,BUENA VISTA         R-31,59.0,0.0,1.0,21.0,35.0,,894,ccd-lea-1993
1993,0805640,1860,BUFFALO             RE-4,17.0,,0.0,9.0,7.0,,273,ccd-lea-1993
1993,0802670,1500,BURLINGTON          RE-6J,56.0,0.0,1.0,23.0,30.0,,873,ccd-lea-1993
1993,0802700,0190,BYERS               32J,22.0,0.0,0.0,9.0,12.0,,400,ccd-lea-1993
1993,0802730,0970,CALHAN              RJ-1,22.0,0.0,0.0,9.0,12.0,,432,ccd-lea-1993
1993,0802760,0270,CAMPO               RE-6,11.0,,,5.0,5.0,,79,ccd-lea-1993
1993,0802790,1140,CANON CITY          RE-1,206.0,,6.0,112.0,87.0,,3801,ccd-lea-1993
1993,0806360,0640,CENTENNIAL          R-1,25.0,,0.0,10.0,14.0,,377,ccd-lea-1993
1993,0802850,2810,CENTER              26 JT.,51.0,0.0,1.0,26.0,22.0,,698,ccd-lea-1993
1993,0802880,2560,CHERAW              31,21.0,,0.0,9.0,11.0,,219,ccd-lea-1993
1993,0802910,0130,CHERRY CREEK        5,1833.0,3.0,59.0,829.0,940.0,,33343,ccd-lea-1993
1993,0800001,0520,CHEYENNE COUNTY     RE-5,22.0,,0.0,10.0,10.0,,373,ccd-lea-1993
1993,0802940,1020,CHEYENNE MOUNTAIN   12,138.0,0.0,4.0,61.0,72.0,,2847,ccd-lea-1993
1993,0803000,0540,CLEAR CREEK         RE-1,68.0,0.0,2.0,34.0,31.0,,1414,ccd-lea-1993
1993,0803060,1010,COLORADO SPRINGS    11,1512.0,,64.0,740.0,707.0,,31799,ccd-lea-1993
1993,0807200,0860,CONSOLIDATED        C-1,25.0,0.0,0.0,13.0,10.0,,412,ccd-lea-1993
1993,0803120,1160,COTOPAXI            RE-3,19.0,,0.0,8.0,10.0,,283,ccd-lea-1993
1993,0803150,2010,CREEDE CONSOLIDATED 1,11.0,,0.0,4.0,6.0,,103,ccd-lea-1993
1993,0803180,3010,CRIPPLE CREEK-VICTOR RE-1,25.0,0.0,0.0,13.0,11.0,,448,ccd-lea-1993
1993,0803210,0770,CROWLEY COUNTY      RE-1-J,34.0,,1.0,18.0,15.0,,603,ccd-lea-1993
1993,0803240,1980,DE BEQUE            49JT,14.0,0.0,0.0,7.0,6.0,,140,ccd-lea-1993
1993,0803270,0170,DEER TRAIL          26J,17.0,0.0,0.0,8.0,9.0,,168,ccd-lea-1993
1993,0803300,2730,DEL NORTE           C-7,47.0,,1.0,21.0,24.0,,730,ccd-lea-1993
1993,0803330,0870,DELTA COUNTY        50(J),234.0,0.0,7.0,85.0,140.0,,4389,ccd-lea-1993
1993,0803360,0880,DENVER COUNTY       1,3582.0,63.0,140.0,1692.0,1686.0,,62673,ccd-lea-1993
1993,0803390,2055,DOLORES             RE-4A,41.0,1.0,0.0,15.0,23.0,,642,ccd-lea-1993
1993,0803420,0890,DOLORES COUNTY      RE NO.2,22.0,0.0,0.0,6.0,15.0,,311,ccd-lea-1993
1993,0803450,0900,DOUGLAS COUNTY      RE 1,930.0,0.0,37.0,502.0,389.0,,17803,ccd-lea-1993
1993,0803480,1520,DURANGO             9-R,257.0,0.0,7.0,113.0,135.0,,4468,ccd-lea-1993
1993,0803510,1430,EADS                RE-1,17.0,,0.0,9.0,6.0,,295,ccd-lea-1993
1993,0803540,0910,EAGLE COUNTY        RE 50,203.0,0.0,7.0,102.0,93.0,,3260,ccd-lea-1993
1993,0899080,9025,EAST CENTRAL BOCES,3.0,,,1.0,1.0,,0,ccd-lea-1993
1993,0804320,1350,EAST GRAND          2,69.0,0.0,2.0,32.0,35.0,,1073,ccd-lea-1993
1993,0805130,2520,EAST OTERO          R-1,123.0,,3.0,59.0,59.0,,1910,ccd-lea-1993
1993,0803570,3430,EAST YUMA COUNTY    RJ-2,69.0,0.0,1.0,26.0,40.0,,920,ccd-lea-1993
1993,0803600,3085,EATON               RE-2,64.0,,2.0,20.0,42.0,,1271,ccd-lea-1993
1993,0803630,1120,EDISON              54 JT,4.0,,,3.0,1.0,,35,ccd-lea-1993
1993,0803690,0950,ELBERT              200,15.0,,0.0,8.0,6.0,,188,ccd-lea-1993
1993,0803720,0920,ELIZABETH           C-1,92.0,0.0,2.0,33.0,56.0,,1647,ccd-lea-1993
1993,0803750,1050,ELLICOTT            22,34.0,0.0,0.0,15.0,17.0,,528,ccd-lea-1993
1993,0803780,0120,ENGLEWOOD           1,218.0,1.0,6.0,95.0,114.0,,4533,ccd-lea-1993
1993,0800004,9130,EXPEDITIONARY BOCES,11.0,,0.0,7.0,3.0,,216,ccd-lea-1993
1993,0803870,1110,FALCON              49,151.0,0.0,5.0,69.0,76.0,,2879,ccd-lea-1993
1993,0803960,1150,FLORENCE            RE-2,101.0,,3.0,41.0,56.0,,1813,ccd-lea-1993
1993,0804020,3140,FORT LUPTON         RE-8,118.0,4.0,4.0,38.0,71.0,,2545,ccd-lea-1993
1993,0804050,2405,FORT MORGAN         RE-3,168.0,0.0,5.0,79.0,82.0,,2888,ccd-lea-1993
1993,0804080,1000,FOUNTAIN            8,233.0,1.0,10.0,124.0,97.0,,4152,ccd-lea-1993
1993,0804110,2540,FOWLER              R-4J,33.0,,0.0,16.0,16.0,,458,ccd-lea-1993
1993,0803930,1850,FRENCHMAN           RE-3,18.0,,0.0,9.0,9.0,,168,ccd-lea-1993
1993,0804380,1220,GARFIELD            16,32.0,,1.0,14.0,16.0,,493,ccd-lea-1993
1993,0806240,1195,GARFIELD            RE-2,140.0,0.0,6.0,73.0,61.0,,2866,ccd-lea-1993
1993,0804740,1780,GENOA-HUGO          C113,22.0,0.0,0.0,8.0,13.0,,249,ccd-lea-1993
1993,0804200,3080,GILCREST            RE-1,100.0,,3.0,38.0,57.0,,1813,ccd-lea-1993
1993,0804230,1330,GILPIN COUNTY       RE-1,26.0,0.0,0.0,14.0,10.0,,342,ccd-lea-1993
1993,0804290,2650,GRANADA             RE-1,21.0,,0.0,11.0,9.0,,284,ccd-lea-1993
1993,0804410,3120,GREELEY             6,677.0,0.0,28.0,360.0,288.0,,12738,ccd-lea-1993
1993,0804470,1360,GUNNISON WATERSHED  RE1J,103.0,0.0,2.0,51.0,49.0,,1630,ccd-lea-1993
1993,0804500,1070,HANOVER             28,9.0,,0.0,4.0,4.0,,104,ccd-lea-1993
1993,0804530,0980,HARRISON            2,608.0,,25.0,317.0,265.0,,10704,ccd-lea-1993
1993,0804560,2630,HAXTUN              RE-2J,24.0,,0.0,10.0,13.0,,311,ccd-lea-1993
1993,0804590,2760,HAYDEN              RE-1,32.0,,0.0,14.0,17.0,,484,ccd-lea-1993
1993,0806510,1460,HI-PLAINS           R-23,15.0,,0.0,8.0,7.0,,118,ccd-lea-1993
1993,0804620,1380,HINSDALE COUNTY     RE. 1,4.0,0.0,0.0,4.0,0.0,,35,ccd-lea-1993
1993,0804650,1600,HOEHNE REORGANIZED  3,22.0,,0.0,11.0,10.0,,325,ccd-lea-1993
1993,0804680,2670,HOLLY               RE-3,24.0,0.0,0.0,10.0,13.0,,367,ccd-lea-1993
1993,0804710,2620,HOLYOKE             RE-1J,39.0,,0.0,18.0,20.0,,619,ccd-lea-1993
1993,0807080,1390,HUERFANO            RE-1,52.0,1.0,1.0,27.0,23.0,,816,ccd-lea-1993
1993,0804770,1540,IGNACIO             11 JT,68.0,,2.0,36.0,29.0,,1011,ccd-lea-1993
1993,0804800,1420,JEFFERSON COUNTY    R-1,3820.0,10.0,148.0,2007.0,1653.0,,82760,ccd-lea-1993
1993,0804830,3110,JOHNSTOWN-MILLIKEN  RE-5J,63.0,,1.0,25.0,37.0,,1236,ccd-lea-1993
1993,0804860,2862,JULESBURG           RE-1,25.0,0.0,0.0,12.0,12.0,,347,ccd-lea-1993
1993,0804890,1810,KARVAL              RE-23,10.0,,0.0,4.0,5.0,,93,ccd-lea-1993
1993,0804920,3090,KEENESBURG          RE-3(J),67.0,0.0,2.0,34.0,31.0,,1334,ccd-lea-1993
1993,0804980,1760,KIM REORGANIZED     88,10.0,0.0,0.0,3.0,6.0,,82,ccd-lea-1993
1993,0805010,0930,KIOWA               C-2,17.0,,0.0,8.0,9.0,,250,ccd-lea-1993
1993,0805040,0510,KIT CARSON          R-1,18.0,,0.0,8.0,9.0,,133,ccd-lea-1993
1993,0805160,1400,LA VETA             RE-2,19.0,,0.0,7.0,11.0,,285,ccd-lea-1993
1993,0805190,1510,LAKE COUNTY         R-1,64.0,,2.0,22.0,38.0,,1100,ccd-lea-1993
1993,0805220,2660,LAMAR               RE-2,124.0,0.0,3.0,60.0,59.0,,2093,ccd-lea-1993
1993,0805250,0290,LAS ANIMAS          RE-1,50.0,,1.0,23.0,26.0,,774,ccd-lea-1993
1993,0805820,1080,LEWIS-PALMER        38,142.0,0.0,5.0,60.0,76.0,,3086,ccd-lea-1993
1993,0805280,1790,LIMON               RE-4J,29.0,0.0,1.0,15.0,11.0,,535,ccd-lea-1993
1993,0805310,0140,LITTLETON           6,851.0,,26.0,366.0,458.0,,15770,ccd-lea-1993
1993,0805340,3060,LONE STAR           101,9.0,,0.0,5.0,3.0,,73,ccd-lea-1993
1993,0805460,2070,MANCOS              RE-6,33.0,,0.0,20.0,12.0,,535,ccd-lea-1993
1993,0805490,1030,MANITOU SPRINGS     14,69.0,0.0,2.0,29.0,37.0,,1311,ccd-lea-1993
1993,0805520,2535,MANZANOLA           3J,16.0,,0.0,8.0,7.0,,267,ccd-lea-1993
1993,0805550,0010,MAPLETON            1,215.0,1.0,9.0,108.0,95.0,,4836,ccd-lea-1993
1993,0805580,0310,MC CLAVE            RE-2,20.0,0.0,0.0,10.0,9.0,,238,ccd-lea-1993
1993,0805610,2710,MEEKER              RE1,43.0,0.0,1.0,16.0,26.0,,743,ccd-lea-1993
1993,0804350,2000,MESA COUNTY VALLEY  51,996.0,5.0,32.0,451.0,507.0,,18063,ccd-lea-1993
1993,0805670,1130,MIAMI/YODER         60 JT,15.0,0.0,0.0,8.0,6.0,,209,ccd-lea-1993
1993,0805700,2800,MOFFAT              2,17.0,,0.0,7.0,9.0,,142,ccd-lea-1993
1993,0805730,2020,MOFFAT COUNTY       RE:NO 1,146.0,0.0,4.0,58.0,82.0,,2764,ccd-lea-1993
1993,0805760,2740,MONTE VISTA         C-8,81.0,0.0,2.0,39.0,38.0,,1412,ccd-lea-1993
1993,0803090,2035,MONTEZUMA-CORTEZ    RE-1,190.0,1.0,6.0,102.0,81.0,,3408,ccd-lea-1993
1993,0805790,2180,MONTROSE COUNTY     RE-1J,251.0,1.0,8.0,107.0,133.0,,4889,ccd-lea-1993
1993,0899160,9030,MOUNTAIN BOCES,14.0,,,8.0,6.0,,70,ccd-lea-1993
1993,0806300,2790,MOUNTAIN VALLEY     RE 1,19.0,,0.0,8.0,10.0,,200,ccd-lea-1993
1993,0805100,0550,NORTH CONEJOS       RE-1J,72.0,,2.0,32.0,37.0,,1201,ccd-lea-1993
1993,0807050,1410,NORTH PARK          R-1,22.0,0.0,0.0,12.0,9.0,,333,ccd-lea-1993
1993,0899180,9040,NORTHEAST BOCES,5.0,,,3.0,1.0,,0,ccd-lea-1993
1993,0899200,9035,NORTHERN COLO BOCES,1.0,,,0.0,0.0,,0,ccd-lea-1993
1993,0806900,0020,NORTHGLENN-THORNTON 12,1169.0,6.0,41.0,627.0,493.0,,22791,ccd-lea-1993
1993,0899220,9095,NORTHWEST COLO BOCES,2.0,,,1.0,0.0,,0,ccd-lea-1993
1993,0805880,2840,NORWOOD             R-2J,24.0,,0.0,9.0,13.0,,320,ccd-lea-1993
1993,0805940,3050,OTIS                R-3,19.0,0.0,0.0,10.0,8.0,,190,ccd-lea-1993
1993,0805970,2580,OURAY               R-1,18.0,,0.0,7.0,10.0,,200,ccd-lea-1993
1993,0803810,1570,PARK (ESTES PARK)   R-3,70.0,0.0,1.0,29.0,38.0,,1290,ccd-lea-1993
1993,0803840,2610,PARK COUNTY         RE-2,35.0,0.0,1.0,21.0,12.0,,456,ccd-lea-1993
1993,0804440,3148,PAWNEE              RE-12,14.0,,,8.0,6.0,,98,ccd-lea-1993
1993,0806060,1060,PEYTON              23 JT,23.0,,0.0,9.0,12.0,,352,ccd-lea-1993
1993,0899240,9045,PIKES PEAK BOCES,11.0,,,7.0,4.0,,44,ccd-lea-1993
1993,0806930,1440,PLAINVIEW           RE-2,15.0,0.0,0.0,6.0,8.0,,97,ccd-lea-1993
1993,0806030,1870,PLATEAU             RE-5,18.0,,0.0,9.0,8.0,,148,ccd-lea-1993
1993,0803030,1990,PLATEAU VALLEY      50,31.0,0.0,0.0,9.0,20.0,,526,ccd-lea-1993
1993,0802370,2600,PLATTE CANYON       1,77.0,0.0,2.0,30.0,45.0,,1355,ccd-lea-1993
1993,0806000,2865,PLATTE VALLEY       RE-3,18.0,,0.0,8.0,9.0,,152,ccd-lea-1993
1993,0804950,3130,PLATTE VALLEY       RE-7,58.0,0.0,1.0,25.0,30.0,,954,ccd-lea-1993
1993,0803990,1550,POUDRE              R-1,1013.0,,38.0,548.0,426.0,,20485,ccd-lea-1993
1993,0806720,3147,PRAIRIE             RE-11,14.0,,0.0,8.0,6.0,,125,ccd-lea-1993
1993,0807260,1590,PRIMERO REORGANIZED 2,15.0,,0.0,7.0,7.0,,166,ccd-lea-1993
1993,0806090,0240,PRITCHETT           RE-3,11.0,0.0,0.0,5.0,6.0,,94,ccd-lea-1993
1993,0806120,2690,PUEBLO CITY         60,942.0,7.0,32.0,461.0,440.0,,18037,ccd-lea-1993
1993,0806150,2700,PUEBLO COUNTY RURAL 70,229.0,0.0,8.0,101.0,119.0,,4557,ccd-lea-1993
1993,0806180,2720,RANGELY             RE-4,40.0,1.0,1.0,15.0,22.0,,816,ccd-lea-1993
1993,0806210,2590,RIDGWAY             R-2,20.0,0.0,0.0,9.0,10.0,,264,ccd-lea-1993
1993,0899280,9125,RIO BLANCO BOCES,8.0,,,5.0,3.0,,0,ccd-lea-1993
1993,0804260,1180,ROARING FORK        RE-1,236.0,0.0,8.0,94.0,132.0,,4298,ccd-lea-1993
1993,0806270,2530,ROCKY FORD          R-2,76.0,,2.0,36.0,38.0,,1214,ccd-lea-1993
1993,0899360,9065,S PLATTE VALLEY BOCES,3.0,,,0.0,2.0,,61,ccd-lea-1993
1993,0806330,0500,SALIDA              R-32,80.0,,1.0,37.0,41.0,,1358,ccd-lea-1993
1993,0899320,9055,SAN LUIS VALLEY BOCES,12.0,,,8.0,4.0,,0,ccd-lea-1993
1993,0806390,0560,SANFORD             6J,19.0,,0.0,10.0,8.0,,342,ccd-lea-1993
1993,0806420,0110,SANGRE DE CRISTO    RE-22J,21.0,,0.0,10.0,10.0,,311,ccd-lea-1993
1993,0806450,2750,SARGENT             RE-33J,32.0,,0.0,17.0,14.0,,450,ccd-lea-1993
1993,0806540,0123,SHERIDAN            2,92.0,1.0,3.0,41.0,45.0,,1928,ccd-lea-1993
1993,0804140,0740,SIERRA GRANDE       R-30,23.0,,0.0,10.0,12.0,,313,ccd-lea-1993
1993,0806570,2820,SILVERTON           1,9.0,,0.0,5.0,4.0,,111,ccd-lea-1993
1993,0899340,9060,SOUTH CENTRAL BOCES,1.0,,,0.0,0.0,,0,ccd-lea-1993
1993,0802130,0580,SOUTH CONEJOS       RE-10,30.0,,0.0,17.0,11.0,,435,ccd-lea-1993
1993,0805910,2780,SOUTH ROUTT         RE 3,29.0,,0.0,14.0,14.0,,418,ccd-lea-1993
1993,0899400,9075,SOUTHEASTERN BOCES,3.0,1.0,,0.0,1.0,,63,ccd-lea-1993
1993,0899420,9080,SOUTHWEST BOCES,2.0,,,,2.0,,81,ccd-lea-1993
1993,0806630,0250,SPRINGFIELD         RE-4,28.0,,0.0,13.0,13.0,,346,ccd-lea-1993
1993,0805370,0470,ST. VRAIN VALLEY    RE 1J,824.0,3.0,30.0,370.0,419.0,,16192,ccd-lea-1993
1993,0806660,2770,STEAMBOAT SPRINGS   RE-2,105.0,0.0,3.0,44.0,56.0,,1805,ccd-lea-1993
1993,0806750,0060,STRASBURG           31J,26.0,0.0,0.0,12.0,12.0,,473,ccd-lea-1993
1993,0806780,1480,STRATTON            R-4,20.0,0.0,0.0,8.0,10.0,,304,ccd-lea-1993
1993,0806810,3000,SUMMIT              RE-1,125.0,0.0,4.0,59.0,60.0,,2030,ccd-lea-1993
1993,0806840,2570,SWINK               33,26.0,,0.0,14.0,11.0,,356,ccd-lea-1993
1993,0806870,2830,TELLURIDE           R-1,31.0,,1.0,16.0,13.0,,442,ccd-lea-1993
1993,0805400,1560,THOMPSON            R-2J,642.0,,23.0,288.0,330.0,,12837,ccd-lea-1993
1993,0806960,1580,TRINIDAD            1,91.0,1.0,2.0,40.0,47.0,,1578,ccd-lea-1993
1993,0806690,1828,VALLEY              RE-1,167.0,0.0,4.0,75.0,86.0,,2715,ccd-lea-1993
1993,0806990,0260,VILAS               RE-5,11.0,0.0,0.0,4.0,6.0,,82,ccd-lea-1993
1993,0807110,0230,WALSH               RE-1,22.0,0.0,,10.0,11.0,,271,ccd-lea-1993
1993,0899440,9085,WELD BOCES,66.0,,,48.0,18.0,,65,ccd-lea-1993
1993,0807140,2505,WELDON VALLEY       RE-20(J),15.0,,0.0,8.0,7.0,,116,ccd-lea-1993
1993,0805850,2190,WEST END            RE-2,31.0,0.0,1.0,16.0,13.0,,543,ccd-lea-1993
1993,0805070,1340,WEST GRAND          1-JT.,34.0,,0.0,14.0,20.0,,513,ccd-lea-1993
1993,0807170,3420,WEST YUMA COUNTY    RJ-1,75.0,,1.0,32.0,40.0,,957,ccd-lea-1993
1993,0807230,0070,WESTMINSTER         50,621.0,7.0,23.0,272.0,317.0,,11335,ccd-lea-1993
1993,0806480,0990,WIDEFIELD           3,418.0,2.0,13.0,215.0,187.0,,7996,ccd-lea-1993
1993,0807290,2515,WIGGINS             RE-50(J),33.0,,0.0,17.0,15.0,,536,ccd-lea-1993
1993,0807320,2680,WILEY               RE-13 JT,20.0,,0.0,9.0,10.0,,329,ccd-lea-1993
1993,0807350,3100,WINDSOR             RE-4,109.0,1.0,2.0,49.0,56.0,,1864,ccd-lea-1993
1993,0807380,3020,WOODLAND PARK       RE-2,138.0,0.0,4.0,64.0,69.0,,2743,ccd-lea-1993
1993,0807410,3070,WOODLIN             R-104,14.0,,,6.0,7.0,,123,ccd-lea-1993
1994,0801920,1040,ACADEMY             20,731.0,0.0,22.0,305.0,403.0,,13529,ccd-lea-1994
1994,0801950,0030,ADAMS COUNTY        14,311.0,7.0,12.0,147.0,144.0,,6280,ccd-lea-1994
1994,0800009,9120,ADAMS COUNTY BOCES,0.0,0.0,0.0,0.0,0.0,,0,ccd-lea-1994
1994,0802340,0180,ADAMS-ARAPAHOE      28J,1492.0,7.0,57.0,674.0,752.0,,27421,ccd-lea-1994
1994,0801980,0960,AGATE               300,11.0,0.0,0.0,5.0,5.0,,78,ccd-lea-1994
1994,0802010,1620,AGUILAR REORGANIZED 6,20.0,0.0,0.0,11.0,7.0,,178,ccd-lea-1994
1994,0802040,3030,AKRON               R-1,32.0,0.0,0.0,18.0,13.0,,489,ccd-lea-1994
1994,0802070,0100,ALAMOSA             RE-11J,144.0,1.0,4.0,69.0,69.0,,2490,ccd-lea-1994
1994,0802190,0220,ARCHULETA COUNTY    50 JT,65.0,0.0,2.0,25.0,37.0,,1331,ccd-lea-1994
1994,0802220,3040,ARICKAREE           R-2,17.0,0.0,0.0,9.0,7.0,,138,ccd-lea-1994
1994,0899040,9020,ARKANSAS VALLEY BOCES,5.0,0.0,0.0,1.0,3.0,,41,ccd-lea-1994
1994,0802260,1450,ARRIBA-FLAGLER      C-20,21.0,0.0,0.0,8.0,12.0,,250,ccd-lea-1994
1994,0802280,2640,ASPEN               1,82.0,0.0,2.0,30.0,50.0,,1197,ccd-lea-1994
1994,0802310,3145,AULT-HIGHLAND       RE-9,63.0,0.0,1.0,27.0,33.0,,863,ccd-lea-1994
1994,0802400,1530,BAYFIELD            10 JT-R,59.0,0.0,1.0,23.0,35.0,,938,ccd-lea-1994
1994,0802430,0050,BENNETT             29J,58.0,0.0,1.0,23.0,32.0,,1023,ccd-lea-1994
1994,0802460,1490,BETHUNE             R-5,11.0,0.0,0.0,5.0,6.0,,124,ccd-lea-1994
1994,0806600,0940,BIG SANDY           100J,20.0,0.0,0.0,7.0,12.0,,339,ccd-lea-1994
1994,0802490,0480,BOULDER VALLEY      RE 2,1417.0,2.0,46.0,647.0,720.0,,24658,ccd-lea-1994
1994,0802520,1750,BRANSON REORGANIZED 82,6.0,0.0,0.0,3.0,3.0,,56,ccd-lea-1994
1994,0802550,3146,BRIGGSDALE          RE-10,11.0,0.0,0.0,5.0,5.0,,89,ccd-lea-1994
1994,0802580,0040,BRIGHTON            27J,214.0,3.0,8.0,90.0,112.0,,4304,ccd-lea-1994
1994,0802610,2395,BRUSH               RE-2(J),92.0,0.0,2.0,42.0,47.0,,1490,ccd-lea-1994
1994,0802640,0490,BUENA VISTA         R-31,59.0,0.0,1.0,21.0,36.0,,859,ccd-lea-1994
1994,0805640,1860,BUFFALO             RE-4,19.0,0.0,0.0,9.0,9.0,,278,ccd-lea-1994
1994,0802670,1500,BURLINGTON          RE-6J,57.0,0.0,1.0,23.0,31.0,,841,ccd-lea-1994
1994,0802700,0190,BYERS               32J,25.0,1.0,0.0,13.0,10.0,,419,ccd-lea-1994
1994,0802730,0970,CALHAN              RJ-1,26.0,0.0,1.0,10.0,14.0,,479,ccd-lea-1994
1994,0802760,0270,CAMPO               RE-6,12.0,0.0,0.0,4.0,7.0,,92,ccd-lea-1994
1994,0802790,1140,CANON CITY          RE-1,210.0,0.0,7.0,110.0,92.0,,3935,ccd-lea-1994
1994,0806360,0640,CENTENNIAL          R-1,25.0,0.0,0.0,9.0,14.0,,388,ccd-lea-1994
1994,0802850,2810,CENTER              26 JT.,52.0,0.0,1.0,27.0,22.0,,746,ccd-lea-1994
1994,0802880,2560,CHERAW              31,20.0,0.0,0.0,9.0,10.0,,254,ccd-lea-1994
1994,0802910,0130,CHERRY CREEK        5,1910.0,10.0,61.0,877.0,961.0,,34714,ccd-lea-1994
1994,0800001,0520,CHEYENNE COUNTY     RE-5,29.0,0.0,0.0,10.0,17.0,,366,ccd-lea-1994
1994,0802940,1020,CHEYENNE MOUNTAIN   12,151.0,0.0,4.0,69.0,77.0,,2907,ccd-lea-1994
1994,0803000,0540,CLEAR CREEK         RE-1,72.0,0.0,2.0,38.0,32.0,,1393,ccd-lea-1994
1994,0803060,1010,COLORADO SPRINGS    11,1619.0,9.0,65.0,790.0,754.0,,32539,ccd-lea-1994
1994,0807200,0860,CONSOLIDATED        C-1,27.0,0.0,0.0,15.0,11.0,,410,ccd-lea-1994
1994,0803120,1160,COTOPAXI            RE-3,20.0,0.0,0.0,8.0,10.0,,302,ccd-lea-1994
1994,0803150,2010,CREEDE CONSOLIDATED 1,12.0,0.0,0.0,6.0,5.0,,116,ccd-lea-1994
1994,0803180,3010,CRIPPLE CREEK-VICTOR RE-1,28.0,0.0,0.0,13.0,12.0,,498,ccd-lea-1994
1994,0803210,0770,CROWLEY COUNTY      RE-1-J,37.0,0.0,1.0,18.0,17.0,,614,ccd-lea-1994
1994,0803240,1980,DE BEQUE            49JT,14.0,0.0,0.0,7.0,7.0,,157,ccd-lea-1994
1994,0803270,0170,DEER TRAIL          26J,17.0,0.0,0.0,7.0,9.0,,182,ccd-lea-1994
1994,0803300,2730,DEL NORTE           C-7,49.0,0.0,1.0,21.0,27.0,,753,ccd-lea-1994
1994,0803330,0870,DELTA COUNTY        50(J),249.0,0.0,7.0,88.0,152.0,,4564,ccd-lea-1994
1994,0803360,0880,DENVER COUNTY       1,3509.0,67.0,140.0,1681.0,1620.0,,62773,ccd-lea-1994
1994,0803390,2055,DOLORES             RE-4A,40.0,0.0,1.0,16.0,22.0,,646,ccd-lea-1994
1994,0803420,0890,DOLORES COUNTY      RE NO.2,22.0,0.0,0.0,7.0,14.0,,332,ccd-lea-1994
1994,0803450,0900,DOUGLAS COUNTY      RE 1,1042.0,8.0,42.0,568.0,423.0,,20041,ccd-lea-1994
1994,0803480,1520,DURANGO             9-R,269.0,0.0,6.0,119.0,143.0,,4612,ccd-lea-1994
1994,0803510,1430,EADS                RE-1,19.0,0.0,0.0,10.0,8.0,,307,ccd-lea-1994
1994,0803540,0910,EAGLE COUNTY        RE 50,215.0,0.0,8.0,104.0,102.0,,3515,ccd-lea-1994
1994,0899080,9025,EAST CENTRAL BOCES,5.0,0.0,0.0,3.0,1.0,,0,ccd-lea-1994
1994,0804320,1350,EAST GRAND          2,68.0,0.0,1.0,29.0,36.0,,1093,ccd-lea-1994
1994,0805130,2520,EAST OTERO          R-1,127.0,0.0,4.0,57.0,65.0,,1929,ccd-lea-1994
1994,0803570,3430,EAST YUMA COUNTY    RJ-2,67.0,0.0,1.0,24.0,40.0,,939,ccd-lea-1994
1994,0803600,3085,EATON               RE-2,73.0,0.0,1.0,28.0,43.0,,1289,ccd-lea-1994
1994,0803630,1120,EDISON              54 JT,5.0,0.0,0.0,3.0,1.0,,36,ccd-lea-1994
1994,0803690,0950,ELBERT              200,17.0,0.0,0.0,8.0,8.0,,212,ccd-lea-1994
1994,0803720,0920,ELIZABETH           C-1,104.0,0.0,3.0,38.0,62.0,,1832,ccd-lea-1994
1994,0803750,1050,ELLICOTT            22,35.0,0.0,1.0,15.0,17.0,,604,ccd-lea-1994
1994,0803780,0120,ENGLEWOOD           1,226.0,4.0,7.0,89.0,125.0,,4650,ccd-lea-1994
1994,0800004,9130,EXPEDITIONARY BOCES,13.0,0.0,0.0,8.0,4.0,,237,ccd-lea-1994
1994,0803870,1110,FALCON              49,181.0,1.0,6.0,86.0,87.0,,3269,ccd-lea-1994
1994,0803960,1150,FLORENCE            RE-2,114.0,0.0,3.0,48.0,62.0,,1855,ccd-lea-1994
1994,0804020,3140,FORT LUPTON         RE-8,141.0,4.0,4.0,53.0,78.0,,2583,ccd-lea-1994
1994,0804050,2405,FORT MORGAN         RE-3,179.0,0.0,6.0,84.0,89.0,,2963,ccd-lea-1994
1994,0804080,1000,FOUNTAIN            8,256.0,2.0,12.0,139.0,102.0,,4437,ccd-lea-1994
1994,0804110,2540,FOWLER              R-4J,35.0,0.0,0.0,17.0,17.0,,462,ccd-lea-1994
1994,0803930,1850,FRENCHMAN           RE-3,19.0,0.0,0.0,9.0,9.0,,185,ccd-lea-1994
1994,0804380,1220,GARFIELD            16,33.0,0.0,1.0,13.0,17.0,,600,ccd-lea-1994
1994,0806240,1195,GARFIELD            RE-2,152.0,1.0,6.0,73.0,72.0,,3012,ccd-lea-1994
1994,0804740,1780,GENOA-HUGO          C113,21.0,0.0,0.0,8.0,12.0,,256,ccd-lea-1994
1994,0804200,3080,GILCREST            RE-1,126.0,0.0,3.0,55.0,66.0,,1866,ccd-lea-1994
1994,0804230,1330,GILPIN COUNTY       RE-1,27.0,0.0,0.0,14.0,12.0,,349,ccd-lea-1994
1994,0804290,2650,GRANADA             RE-1,22.0,0.0,0.0,11.0,10.0,,316,ccd-lea-1994
1994,0804410,3120,GREELEY             6,714.0,0.0,30.0,376.0,307.0,,12931,ccd-lea-1994
1994,0804470,1360,GUNNISON WATERSHED  RE1J,114.0,0.0,3.0,58.0,52.0,,1676,ccd-lea-1994
1994,0804500,1070,HANOVER             28,9.0,0.0,0.0,4.0,4.0,,130,ccd-lea-1994
1994,0804530,0980,HARRISON            2,636.0,0.0,24.0,335.0,277.0,,10753,ccd-lea-1994
1994,0804560,2630,HAXTUN              RE-2J,23.0,0.0,0.0,10.0,12.0,,310,ccd-lea-1994
1994,0804590,2760,HAYDEN              RE-1,33.0,1.0,0.0,13.0,17.0,,520,ccd-lea-1994
1994,0806510,1460,HI-PLAINS           R-23,15.0,0.0,0.0,8.0,7.0,,135,ccd-lea-1994
1994,0804620,1380,HINSDALE COUNTY     RE. 1,4.0,0.0,0.0,4.0,0.0,,38,ccd-lea-1994
1994,0804650,1600,HOEHNE REORGANIZED  3,23.0,0.0,0.0,12.0,10.0,,324,ccd-lea-1994
1994,0804680,2670,HOLLY               RE-3,28.0,0.0,0.0,12.0,14.0,,375,ccd-lea-1994
1994,0804710,2620,HOLYOKE             RE-1J,40.0,0.0,1.0,18.0,20.0,,642,ccd-lea-1994
1994,0807080,1390,HUERFANO            RE-1,56.0,0.0,1.0,26.0,28.0,,866,ccd-lea-1994
1994,0804770,1540,IGNACIO             11 JT,70.0,0.0,2.0,39.0,29.0,,1040,ccd-lea-1994
1994,0804800,1420,JEFFERSON COUNTY    R-1,3934.0,16.0,148.0,2037.0,1732.0,,84018,ccd-lea-1994
1994,0804830,3110,JOHNSTOWN-MILLIKEN  RE-5J,78.0,0.0,1.0,35.0,40.0,,1230,ccd-lea-1994
1994,0804860,2862,JULESBURG           RE-1,26.0,0.0,0.0,12.0,13.0,,336,ccd-lea-1994
1994,0804890,1810,KARVAL              RE-23,12.0,0.0,0.0,5.0,6.0,,83,ccd-lea-1994
1994,0804920,3090,KEENESBURG          RE-3(J),81.0,0.0,2.0,44.0,35.0,,1343,ccd-lea-1994
1994,0804980,1760,KIM REORGANIZED     88,11.0,0.0,0.0,4.0,6.0,,90,ccd-lea-1994
1994,0805010,0930,KIOWA               C-2,18.0,0.0,0.0,9.0,8.0,,273,ccd-lea-1994
1994,0805040,0510,KIT CARSON          R-1,16.0,0.0,0.0,8.0,6.0,,145,ccd-lea-1994
1994,0805160,1400,LA VETA             RE-2,20.0,0.0,0.0,8.0,12.0,,273,ccd-lea-1994
1994,0805190,1510,LAKE COUNTY         R-1,69.0,0.0,2.0,29.0,37.0,,1176,ccd-lea-1994
1994,0805220,2660,LAMAR               RE-2,126.0,0.0,3.0,62.0,60.0,,2016,ccd-lea-1994
1994,0805250,0290,LAS ANIMAS          RE-1,51.0,0.0,1.0,22.0,27.0,,738,ccd-lea-1994
1994,0805820,1080,LEWIS-PALMER        38,158.0,0.0,5.0,67.0,85.0,,3375,ccd-lea-1994
1994,0805280,1790,LIMON               RE-4J,30.0,0.0,1.0,13.0,14.0,,601,ccd-lea-1994
1994,0805310,0140,LITTLETON           6,869.0,1.0,28.0,375.0,463.0,,15751,ccd-lea-1994
1994,0805340,3060,LONE STAR           101,9.0,0.0,0.0,5.0,3.0,,74,ccd-lea-1994
1994,0805460,2070,MANCOS              RE-6,35.0,0.0,1.0,19.0,14.0,,576,ccd-lea-1994
1994,0805490,1030,MANITOU SPRINGS     14,72.0,0.0,1.0,29.0,40.0,,1368,ccd-lea-1994
1994,0805520,2535,MANZANOLA           3J,17.0,0.0,0.0,7.0,9.0,,289,ccd-lea-1994
1994,0805550,0010,MAPLETON            1,232.0,3.0,9.0,116.0,103.0,,4898,ccd-lea-1994
1994,0805580,0310,MC CLAVE            RE-2,22.0,0.0,0.0,10.0,10.0,,284,ccd-lea-1994
1994,0805610,2710,MEEKER              RE1,42.0,0.0,1.0,14.0,26.0,,806,ccd-lea-1994
1994,0804350,2000,MESA COUNTY VALLEY  51,1020.0,5.0,32.0,461.0,520.0,,18381,ccd-lea-1994
1994,0805670,1130,MIAMI/YODER         60 JT,14.0,0.0,0.0,6.0,6.0,,234,ccd-lea-1994
1994,0805700,2800,MOFFAT              2,17.0,0.0,0.0,7.0,9.0,,170,ccd-lea-1994
1994,0805730,2020,MOFFAT COUNTY       RE:NO 1,146.0,1.0,4.0,56.0,83.0,,2847,ccd-lea-1994
1994,0805760,2740,MONTE VISTA         C-8,84.0,0.0,2.0,40.0,40.0,,1424,ccd-lea-1994
1994,0803090,2035,MONTEZUMA-CORTEZ    RE-1,199.0,1.0,6.0,108.0,83.0,,3392,ccd-lea-1994
1994,0805790,2180,MONTROSE COUNTY     RE-1J,267.0,1.0,8.0,115.0,141.0,,5078,ccd-lea-1994
1994,0899160,9030,MOUNTAIN BOCES,10.0,0.0,0.0,6.0,4.0,,72,ccd-lea-1994
1994,0806300,2790,MOUNTAIN VALLEY     RE 1,18.0,0.0,0.0,9.0,8.0,,200,ccd-lea-1994
1994,0805100,0550,NORTH CONEJOS       RE-1J,73.0,0.0,1.0,35.0,35.0,,1214,ccd-lea-1994
1994,0807050,1410,NORTH PARK          R-1,23.0,0.0,0.0,11.0,11.0,,325,ccd-lea-1994
1994,0899180,9040,NORTHEAST BOCES,4.0,0.0,0.0,2.0,1.0,,0,ccd-lea-1994
1994,0899200,9035,NORTHERN COLO BOCES,0.0,0.0,0.0,0.0,0.0,,0,ccd-lea-1994
1994,0806900,0020,NORTHGLENN-THORNTON 12,1212.0,5.0,43.0,577.0,585.0,,23373,ccd-lea-1994
1994,0899220,9095,NORTHWEST COLO BOCES,2.0,0.0,0.0,1.0,0.0,,0,ccd-lea-1994
1994,0805880,2840,NORWOOD             R-2J,23.0,0.0,0.0,8.0,13.0,,337,ccd-lea-1994
1994,0805940,3050,OTIS                R-3,20.0,0.0,0.0,9.0,9.0,,199,ccd-lea-1994
1994,0805970,2580,OURAY               R-1,20.0,0.0,0.0,8.0,11.0,,235,ccd-lea-1994
1994,0803810,1570,PARK (ESTES PARK)   R-3,70.0,0.0,2.0,30.0,37.0,,1399,ccd-lea-1994
1994,0803840,2610,PARK COUNTY         RE-2,35.0,0.0,1.0,21.0,12.0,,535,ccd-lea-1994
1994,0804440,3148,PAWNEE              RE-12,14.0,0.0,0.0,8.0,5.0,,115,ccd-lea-1994
1994,0806060,1060,PEYTON              23 JT,25.0,0.0,0.0,10.0,13.0,,396,ccd-lea-1994
1994,0899240,9045,PIKES PEAK BOCES,9.0,0.0,0.0,6.0,3.0,,47,ccd-lea-1994
1994,0806930,1440,PLAINVIEW           RE-2,13.0,0.0,0.0,5.0,7.0,,85,ccd-lea-1994
1994,0806030,1870,PLATEAU             RE-5,18.0,0.0,0.0,9.0,8.0,,145,ccd-lea-1994
1994,0803030,1990,PLATEAU VALLEY      50,36.0,0.0,0.0,10.0,24.0,,565,ccd-lea-1994
1994,0802370,2600,PLATTE CANYON       1,82.0,1.0,2.0,29.0,49.0,,1510,ccd-lea-1994
1994,0806000,2865,PLATTE VALLEY       RE-3,19.0,0.0,0.0,9.0,9.0,,162,ccd-lea-1994
1994,0804950,3130,PLATTE VALLEY       RE-7,59.0,0.0,1.0,26.0,30.0,,975,ccd-lea-1994
1994,0803990,1550,POUDRE              R-1,996.0,8.0,39.0,547.0,401.0,,21183,ccd-lea-1994
1994,0806720,3147,PRAIRIE             RE-11,15.0,0.0,0.0,8.0,6.0,,128,ccd-lea-1994
1994,0807260,1590,PRIMERO REORGANIZED 2,15.0,0.0,0.0,7.0,7.0,,180,ccd-lea-1994
1994,0806090,0240,PRITCHETT           RE-3,10.0,0.0,0.0,4.0,5.0,,94,ccd-lea-1994
1994,0806120,2690,PUEBLO CITY         60,946.0,8.0,32.0,458.0,448.0,,18001,ccd-lea-1994
1994,0806150,2700,PUEBLO COUNTY RURAL 70,253.0,1.0,7.0,111.0,133.0,,4749,ccd-lea-1994
1994,0806180,2720,RANGELY             RE-4,43.0,1.0,1.0,17.0,24.0,,811,ccd-lea-1994
1994,0806210,2590,RIDGWAY             R-2,21.0,0.0,0.0,9.0,11.0,,274,ccd-lea-1994
1994,0899280,9125,RIO BLANCO BOCES,9.0,0.0,0.0,6.0,3.0,,0,ccd-lea-1994
1994,0804260,1180,ROARING FORK        RE-1,262.0,0.0,9.0,104.0,149.0,,4443,ccd-lea-1994
1994,0806270,2530,ROCKY FORD          R-2,76.0,0.0,2.0,36.0,38.0,,1219,ccd-lea-1994
1994,0899360,9065,S PLATTE VALLEY BOCES,5.0,0.0,0.0,0.0,4.0,,33,ccd-lea-1994
1994,0806330,0500,SALIDA              R-32,83.0,0.0,1.0,38.0,43.0,,1347,ccd-lea-1994
1994,0899300,9050,SAN JUAN BOCES,0.0,0.0,0.0,0.0,0.0,,0,ccd-lea-1994
1994,0899320,9055,SAN LUIS VALLEY BOCES,11.0,0.0,0.0,7.0,4.0,,0,ccd-lea-1994
1994,0806390,0560,SANFORD             6J,21.0,0.0,0.0,11.0,9.0,,342,ccd-lea-1994
1994,0806420,0110,SANGRE DE CRISTO    RE-22J,21.0,0.0,0.0,9.0,11.0,,323,ccd-lea-1994
1994,0806450,2750,SARGENT             RE-33J,32.0,0.0,0.0,17.0,14.0,,403,ccd-lea-1994
1994,0806540,0123,SHERIDAN            2,106.0,0.0,3.0,47.0,54.0,,1983,ccd-lea-1994
1994,0804140,0740,SIERRA GRANDE       R-30,23.0,0.0,0.0,11.0,10.0,,326,ccd-lea-1994
1994,0806570,2820,SILVERTON           1,10.0,0.0,0.0,5.0,4.0,,93,ccd-lea-1994
1994,0899340,9060,SOUTH CENTRAL BOCES,1.0,0.0,0.0,1.0,0.0,,0,ccd-lea-1994
1994,0802130,0580,SOUTH CONEJOS       RE-10,33.0,0.0,1.0,20.0,12.0,,446,ccd-lea-1994
1994,0805910,2780,SOUTH ROUTT         RE 3,33.0,0.0,0.0,16.0,16.0,,437,ccd-lea-1994
1994,0899400,9075,SOUTHEASTERN BOCES,3.0,3.0,0.0,1.0,1.0,,124,ccd-lea-1994
1994,0899420,9080,SOUTHWEST BOCES,2.0,0.0,0.0,0.0,2.0,,92,ccd-lea-1994
1994,0806630,0250,SPRINGFIELD         RE-4,27.0,1.0,0.0,12.0,13.0,,389,ccd-lea-1994
1994,0805370,0470,ST. VRAIN VALLEY    RE 1J,871.0,0.0,31.0,385.0,454.0,,16482,ccd-lea-1994
1994,0806660,2770,STEAMBOAT SPRINGS   RE-2,109.0,0.0,3.0,50.0,55.0,,1899,ccd-lea-1994
1994,0806750,0060,STRASBURG           31J,26.0,0.0,0.0,12.0,12.0,,475,ccd-lea-1994
1994,0806780,1480,STRATTON            R-4,22.0,0.0,0.0,8.0,12.0,,308,ccd-lea-1994
1994,0806810,3000,SUMMIT              RE-1,139.0,0.0,5.0,68.0,64.0,,2157,ccd-lea-1994
1994,0806840,2570,SWINK               33,26.0,0.0,0.0,13.0,12.0,,358,ccd-lea-1994
1994,0806870,2830,TELLURIDE           R-1,32.0,0.0,0.0,17.0,13.0,,449,ccd-lea-1994
1994,0805400,1560,THOMPSON            R-2J,672.0,0.0,23.0,306.0,342.0,,13137,ccd-lea-1994
1994,0806960,1580,TRINIDAD            1,93.0,1.0,3.0,42.0,47.0,,1653,ccd-lea-1994
1994,0806690,1828,VALLEY              RE-1,171.0,0.0,4.0,77.0,89.0,,2764,ccd-lea-1994
1994,0806990,0260,VILAS               RE-5,11.0,0.0,0.0,4.0,6.0,,71,ccd-lea-1994
1994,0807110,0230,WALSH               RE-1,22.0,0.0,0.0,11.0,11.0,,282,ccd-lea-1994
1994,0899440,9085,WELD BOCES,8.0,0.0,0.0,2.0,5.0,,70,ccd-lea-1994
1994,0807140,2505,WELDON VALLEY       RE-20(J),14.0,0.0,0.0,7.0,6.0,,112,ccd-lea-1994
1994,0800008,9090,WEST CENTRAL BOCES,0.0,0.0,0.0,0.0,0.0,,0,ccd-lea-1994
1994,0805850,2190,WEST END            RE-2,36.0,1.0,1.0,18.0,15.0,,614,ccd-lea-1994
1994,0805070,1340,WEST GRAND          1-JT.,37.0,0.0,1.0,15.0,21.0,,539,ccd-lea-1994
1994,0807170,3420,WEST YUMA COUNTY    RJ-1,81.0,0.0,1.0,35.0,44.0,,971,ccd-lea-1994
1994,0807230,0070,WESTMINSTER         50,631.0,7.0,23.0,271.0,329.0,,11441,ccd-lea-1994
1994,0806480,0990,WIDEFIELD           3,427.0,2.0,15.0,215.0,194.0,,8279,ccd-lea-1994
1994,0807290,2515,WIGGINS             RE-50(J),35.0,0.0,1.0,18.0,15.0,,584,ccd-lea-1994
1994,0807320,2680,WILEY               RE-13 JT,21.0,0.0,0.0,9.0,11.0,,341,ccd-lea-1994
1994,0807350,3100,WINDSOR             RE-4,112.0,1.0,2.0,49.0,58.0,,1890,ccd-lea-1994
1994,0807380,3020,WOODLAND PARK       RE-2,149.0,1.0,4.0,69.0,74.0,,2894,ccd-lea-1994
1994,0807410,3070,WOODLIN             R-104,14.0,0.0,0.0,7.0,7.0,,121,ccd-lea-1994
1995,0801920,1040,ACADEMY             20,767.0,0.0,24.0,317.0,426.0,,14049,ccd-lea-1995
1995,0801950,0030,ADAMS COUNTY        14,322.0,8.0,12.0,147.0,153.0,,6157,ccd-lea-1995
1995,0800009,9120,ADAMS COUNTY BOCES,0.0,0.0,0.0,0.0,0.0,,0,ccd-lea-1995
1995,0802340,0180,ADAMS-ARAPAHOE      28J,1480.0,12.0,58.0,666.0,742.0,,27825,ccd-lea-1995
1995,0801980,0960,AGATE               300,12.0,0.0,0.0,5.0,6.0,,91,ccd-lea-1995
1995,0802010,1620,AGUILAR REORGANIZED 6,20.0,0.0,0.0,11.0,8.0,,176,ccd-lea-1995
1995,0802040,3030,AKRON               R-1,34.0,0.0,0.0,17.0,15.0,,500,ccd-lea-1995
1995,0802070,0100,ALAMOSA             RE-11J,145.0,1.0,3.0,68.0,72.0,,2500,ccd-lea-1995
1995,0802190,0220,ARCHULETA COUNTY    50 JT,71.0,0.0,2.0,36.0,33.0,,1479,ccd-lea-1995
1995,0802220,3040,ARICKAREE           R-2,18.0,0.0,0.0,10.0,7.0,,148,ccd-lea-1995
1995,0899040,9020,ARKANSAS VALLEY BOCES,6.0,0.0,0.0,2.0,3.0,,23,ccd-lea-1995
1995,0802260,1450,ARRIBA-FLAGLER      C-20,22.0,0.0,0.0,9.0,12.0,,248,ccd-lea-1995
1995,0802280,2640,ASPEN               1,85.0,0.0,2.0,29.0,53.0,,1224,ccd-lea-1995
1995,0802310,3145,AULT-HIGHLAND       RE-9,64.0,0.0,1.0,28.0,34.0,,884,ccd-lea-1995
1995,0802400,1530,BAYFIELD            10 JT-R,64.0,0.0,2.0,24.0,37.0,,1027,ccd-lea-1995
1995,0802430,0050,BENNETT             29J,61.0,0.0,1.0,24.0,34.0,,1067,ccd-lea-1995
1995,0802460,1490,BETHUNE             R-5,15.0,0.0,0.0,8.0,6.0,,141,ccd-lea-1995
1995,0806600,0940,BIG SANDY           100J,23.0,0.0,0.0,7.0,15.0,,339,ccd-lea-1995
1995,0802490,0480,BOULDER VALLEY      RE 2,1352.0,5.0,46.0,629.0,671.0,,25230,ccd-lea-1995
1995,0802520,1750,BRANSON REORGANIZED 82,7.0,0.0,0.0,3.0,3.0,,57,ccd-lea-1995
1995,0802550,3146,BRIGGSDALE          RE-10,12.0,0.0,0.0,6.0,5.0,,102,ccd-lea-1995
1995,0802580,0040,BRIGHTON            27J,220.0,4.0,9.0,90.0,116.0,,4468,ccd-lea-1995
1995,0802610,2395,BRUSH               RE-2(J),94.0,1.0,3.0,39.0,50.0,,1544,ccd-lea-1995
1995,0802640,0490,BUENA VISTA         R-31,61.0,0.0,1.0,23.0,37.0,,879,ccd-lea-1995
1995,0805640,1860,BUFFALO             RE-4,18.0,0.0,0.0,9.0,8.0,,274,ccd-lea-1995
1995,0802670,1500,BURLINGTON          RE-6J,58.0,0.0,1.0,23.0,32.0,,849,ccd-lea-1995
1995,0802700,0190,BYERS               32J,28.0,0.0,1.0,13.0,12.0,,413,ccd-lea-1995
1995,0802730,0970,CALHAN              RJ-1,31.0,0.0,0.0,13.0,16.0,,511,ccd-lea-1995
1995,0802760,0270,CAMPO               RE-6,12.0,0.0,0.0,5.0,6.0,,96,ccd-lea-1995
1995,0802790,1140,CANON CITY          RE-1,226.0,0.0,6.0,123.0,97.0,,4011,ccd-lea-1995
1995,0806360,0640,CENTENNIAL          R-1,26.0,0.0,0.0,12.0,13.0,,393,ccd-lea-1995
1995,0802850,2810,CENTER              26 JT,53.0,0.0,1.0,27.0,23.0,,743,ccd-lea-1995
1995,0802880,2560,CHERAW              31,20.0,0.0,0.0,9.0,10.0,,234,ccd-lea-1995
1995,0802910,0130,CHERRY CREEK        5,1920.0,5.0,62.0,855.0,997.0,,35761,ccd-lea-1995
1995,0800001,0520,CHEYENNE COUNTY     RE-5,30.0,0.0,0.0,12.0,16.0,,347,ccd-lea-1995
1995,0802940,1020,CHEYENNE MOUNTAIN   12,163.0,0.0,5.0,76.0,80.0,,3301,ccd-lea-1995
1995,0803000,0540,CLEAR CREEK         RE-1,74.0,0.0,2.0,37.0,34.0,,1385,ccd-lea-1995
1995,0803060,1010,COLORADO SPRINGS    11,1690.0,11.0,66.0,793.0,819.0,,32960,ccd-lea-1995
1995,0807200,0860,CONSOLIDATED        C-1,28.0,0.0,0.0,16.0,11.0,,425,ccd-lea-1995
1995,0803120,1160,COTOPAXI            RE-3,21.0,0.0,0.0,9.0,12.0,,302,ccd-lea-1995
1995,0803150,2010,CREEDE CONSOLIDATED 1,14.0,0.0,0.0,7.0,6.0,,129,ccd-lea-1995
1995,0803180,3010,CRIPPLE CREEK-VICTOR RE-1,31.0,0.0,0.0,16.0,13.0,,536,ccd-lea-1995
1995,0803210,0770,CROWLEY COUNTY      RE-1-J,38.0,0.0,1.0,20.0,17.0,,644,ccd-lea-1995
1995,0803240,1980,DE BEQUE            49JT,17.0,0.0,0.0,9.0,7.0,,165,ccd-lea-1995
1995,0803270,0170,DEER TRAIL          26J,18.0,0.0,0.0,7.0,10.0,,211,ccd-lea-1995
1995,0803300,2730,DEL NORTE           C-7,53.0,0.0,1.0,21.0,30.0,,814,ccd-lea-1995
1995,0803330,0870,DELTA COUNTY        50(J),263.0,1.0,8.0,95.0,157.0,,4758,ccd-lea-1995
1995,0803360,0880,DENVER COUNTY       1,3270.0,75.0,147.0,1533.0,1514.0,,64322,ccd-lea-1995
1995,0803390,2055,DOLORES             RE-4A,38.0,0.0,1.0,16.0,20.0,,678,ccd-lea-1995
1995,0803420,0890,DOLORES COUNTY      RE NO.2,22.0,0.0,0.0,9.0,12.0,,347,ccd-lea-1995
1995,0803450,0900,DOUGLAS COUNTY      RE 1,1213.0,3.0,46.0,671.0,491.0,,22032,ccd-lea-1995
1995,0803480,1520,DURANGO             9-R,294.0,0.0,7.0,125.0,161.0,,4735,ccd-lea-1995
1995,0803510,1430,EADS                RE-1,22.0,0.0,0.0,10.0,11.0,,306,ccd-lea-1995
1995,0803540,0910,EAGLE COUNTY        RE 50,237.0,0.0,9.0,113.0,113.0,,3865,ccd-lea-1995
1995,0899080,9025,EAST CENTRAL BOCES,4.0,0.0,0.0,2.0,1.0,,0,ccd-lea-1995
1995,0804320,1350,EAST GRAND          2,74.0,0.0,2.0,34.0,38.0,,1193,ccd-lea-1995
1995,0805130,2520,EAST OTERO          R-1,129.0,0.0,4.0,60.0,64.0,,1965,ccd-lea-1995
1995,0803570,3430,EAST YUMA COUNTY    RJ-2,71.0,1.0,1.0,27.0,42.0,,968,ccd-lea-1995
1995,0803600,3085,EATON               RE-2,77.0,0.0,2.0,29.0,45.0,,1351,ccd-lea-1995
1995,0803630,1120,EDISON              54 JT,5.0,0.0,0.0,2.0,2.0,,49,ccd-lea-1995
1995,0803690,0950,ELBERT              200,18.0,0.0,0.0,7.0,9.0,,248,ccd-lea-1995
1995,0803720,0920,ELIZABETH           C-1,112.0,0.0,3.0,42.0,66.0,,2105,ccd-lea-1995
1995,0803750,1050,ELLICOTT            22,34.0,0.0,1.0,15.0,17.0,,662,ccd-lea-1995
1995,0803780,0120,ENGLEWOOD           1,222.0,5.0,7.0,86.0,124.0,,4704,ccd-lea-1995
1995,0800004,9130,EXPEDITIONARY BOCES,13.0,0.0,0.0,8.0,4.0,,290,ccd-lea-1995
1995,0803870,1110,FALCON              49,203.0,1.0,7.0,96.0,97.0,,3621,ccd-lea-1995
1995,0803960,1150,FLORENCE            RE-2,120.0,0.0,3.0,55.0,61.0,,2019,ccd-lea-1995
1995,0804020,3140,FORT LUPTON         RE-8,141.0,3.0,5.0,56.0,76.0,,2576,ccd-lea-1995
1995,0804050,2405,FORT MORGAN         RE-3,185.0,0.0,6.0,86.0,92.0,,2938,ccd-lea-1995
1995,0804080,1000,FOUNTAIN            8,264.0,2.0,13.0,141.0,107.0,,4449,ccd-lea-1995
1995,0804110,2540,FOWLER              R-4J,34.0,0.0,0.0,17.0,16.0,,460,ccd-lea-1995
1995,0803930,1850,FRENCHMAN           RE-3,20.0,0.0,0.0,9.0,10.0,,199,ccd-lea-1995
1995,0804380,1220,GARFIELD            16,41.0,0.0,1.0,18.0,19.0,,648,ccd-lea-1995
1995,0806240,1195,GARFIELD            RE-2,160.0,1.0,6.0,77.0,75.0,,3139,ccd-lea-1995
1995,0804740,1780,GENOA-HUGO          C113,22.0,0.0,0.0,8.0,13.0,,261,ccd-lea-1995
1995,0804200,3080,GILCREST            RE-1,122.0,1.0,3.0,51.0,66.0,,1913,ccd-lea-1995
1995,0804230,1330,GILPIN COUNTY       RE-1,30.0,0.0,0.0,16.0,13.0,,364,ccd-lea-1995
1995,0804290,2650,GRANADA             RE-1,24.0,0.0,0.0,12.0,11.0,,331,ccd-lea-1995
1995,0804410,3120,GREELEY             6,625.0,0.0,29.0,369.0,226.0,,13223,ccd-lea-1995
1995,0804470,1360,GUNNISON WATERSHED  RE1J,115.0,0.0,2.0,58.0,53.0,,1703,ccd-lea-1995
1995,0804500,1070,HANOVER             28,10.0,0.0,0.0,5.0,4.0,,149,ccd-lea-1995
1995,0804530,0980,HARRISON            2,642.0,0.0,24.0,341.0,276.0,,10686,ccd-lea-1995
1995,0804560,2630,HAXTUN              RE-2J,23.0,0.0,0.0,11.0,12.0,,316,ccd-lea-1995
1995,0804590,2760,HAYDEN              RE-1,37.0,0.0,1.0,14.0,21.0,,521,ccd-lea-1995
1995,0806510,1460,HI-PLAINS           R-23,17.0,0.0,0.0,9.0,7.0,,120,ccd-lea-1995
1995,0804620,1380,HINSDALE COUNTY     RE 1,4.0,0.0,0.0,4.0,0.0,,39,ccd-lea-1995
1995,0804650,1600,HOEHNE REORGANIZED  3,22.0,0.0,0.0,10.0,10.0,,346,ccd-lea-1995
1995,0804680,2670,HOLLY               RE-3,24.0,0.0,0.0,12.0,11.0,,360,ccd-lea-1995
1995,0804710,2620,HOLYOKE             RE-1J,41.0,0.0,1.0,18.0,21.0,,671,ccd-lea-1995
1995,0807080,1390,HUERFANO            RE-1,55.0,0.0,1.0,27.0,26.0,,901,ccd-lea-1995
1995,0804770,1540,IGNACIO             11 JT,71.0,0.0,2.0,39.0,30.0,,1062,ccd-lea-1995
1995,0804800,1420,JEFFERSON COUNTY    R-1,4004.0,19.0,151.0,2060.0,1773.0,,85495,ccd-lea-1995
1995,0804830,3110,JOHNSTOWN-MILLIKEN  RE-5J,80.0,0.0,2.0,35.0,42.0,,1231,ccd-lea-1995
1995,0804860,2862,JULESBURG           RE-1,25.0,0.0,0.0,13.0,11.0,,340,ccd-lea-1995
1995,0804890,1810,KARVAL              RE-23,11.0,0.0,0.0,4.0,6.0,,88,ccd-lea-1995
1995,0804920,3090,KEENESBURG          RE-3(J),84.0,0.0,2.0,45.0,36.0,,1372,ccd-lea-1995
1995,0804980,1760,KIM REORGANIZED     88,11.0,0.0,0.0,5.0,6.0,,74,ccd-lea-1995
1995,0805010,0930,KIOWA               C-2,21.0,0.0,0.0,9.0,11.0,,273,ccd-lea-1995
1995,0805040,0510,KIT CARSON          R-1,17.0,0.0,0.0,8.0,7.0,,151,ccd-lea-1995
1995,0805160,1400,LA VETA             RE-2,23.0,0.0,0.0,11.0,11.0,,265,ccd-lea-1995
1995,0805190,1510,LAKE COUNTY         R-1,75.0,0.0,2.0,30.0,42.0,,1230,ccd-lea-1995
1995,0805220,2660,LAMAR               RE-2,127.0,0.0,3.0,61.0,62.0,,2031,ccd-lea-1995
1995,0805250,0290,LAS ANIMAS          RE-1,49.0,0.0,1.0,23.0,24.0,,739,ccd-lea-1995
1995,0805820,1080,LEWIS-PALMER        38,169.0,0.0,5.0,69.0,93.0,,3515,ccd-lea-1995
1995,0805280,1790,LIMON               RE-4J,30.0,0.0,1.0,13.0,14.0,,603,ccd-lea-1995
1995,0805310,0140,LITTLETON           6,832.0,3.0,26.0,357.0,444.0,,15863,ccd-lea-1995
1995,0805340,3060,LONE STAR           101,9.0,0.0,0.0,5.0,3.0,,64,ccd-lea-1995
1995,0805460,2070,MANCOS              RE-6,37.0,0.0,0.0,20.0,16.0,,563,ccd-lea-1995
1995,0805490,1030,MANITOU SPRINGS     14,74.0,0.0,2.0,28.0,43.0,,1323,ccd-lea-1995
1995,0805520,2535,MANZANOLA           3J,18.0,0.0,0.0,8.0,9.0,,282,ccd-lea-1995
1995,0805550,0010,MAPLETON            1,244.0,4.0,11.0,122.0,106.0,,4991,ccd-lea-1995
1995,0805580,0310,MC CLAVE            RE-2,22.0,0.0,0.0,10.0,11.0,,299,ccd-lea-1995
1995,0805610,2710,MEEKER              RE1,43.0,0.0,1.0,14.0,27.0,,800,ccd-lea-1995
1995,0804350,2000,MESA COUNTY VALLEY  51,1033.0,6.0,33.0,467.0,526.0,,18643,ccd-lea-1995
1995,0805670,1130,MIAMI/YODER         60 JT,15.0,0.0,0.0,7.0,6.0,,245,ccd-lea-1995
1995,0805700,2800,MOFFAT              2,20.0,0.0,0.0,9.0,10.0,,177,ccd-lea-1995
1995,0805730,2020,MOFFAT COUNTY       RE:NO 1,150.0,1.0,4.0,56.0,88.0,,2815,ccd-lea-1995
1995,0805760,2740,MONTE VISTA         C-8,90.0,0.0,2.0,42.0,44.0,,1461,ccd-lea-1995
1995,0803090,2035,MONTEZUMA-CORTEZ    RE-1,198.0,1.0,6.0,107.0,83.0,,3492,ccd-lea-1995
1995,0805790,2180,MONTROSE COUNTY     RE-1J,285.0,2.0,9.0,121.0,153.0,,5165,ccd-lea-1995
1995,0899160,9030,MOUNTAIN BOCES,18.0,0.0,0.0,9.0,8.0,,86,ccd-lea-1995
1995,0806300,2790,MOUNTAIN VALLEY     RE 1,19.0,0.0,0.0,8.0,10.0,,203,ccd-lea-1995
1995,0805100,0550,NORTH CONEJOS       RE-1J,72.0,0.0,2.0,33.0,36.0,,1240,ccd-lea-1995
1995,0807050,1410,NORTH PARK          R-1,23.0,0.0,0.0,11.0,11.0,,327,ccd-lea-1995
1995,0899180,9040,NORTHEAST BOCES,3.0,0.0,0.0,1.0,1.0,,0,ccd-lea-1995
1995,0899200,9035,NORTHERN COLO BOCES,0.0,0.0,0.0,0.0,0.0,,0,ccd-lea-1995
1995,0806900,0020,NORTHGLENN-THORNTON 12,1237.0,8.0,47.0,636.0,545.0,,24603,ccd-lea-1995
1995,0899220,9095,NORTHWEST COLO BOCES,2.0,0.0,0.0,1.0,0.0,,0,ccd-lea-1995
1995,0805880,2840,NORWOOD             R-2J,23.0,0.0,0.0,10.0,12.0,,342,ccd-lea-1995
1995,0805940,3050,OTIS                R-3,19.0,0.0,0.0,9.0,8.0,,213,ccd-lea-1995
1995,0805970,2580,OURAY               R-1,23.0,0.0,0.0,8.0,13.0,,224,ccd-lea-1995
1995,0803810,1570,PARK (ESTES PARK)   R-3,74.0,0.0,1.0,36.0,36.0,,1390,ccd-lea-1995
1995,0803840,2610,PARK COUNTY         RE-2,35.0,1.0,1.0,19.0,13.0,,548,ccd-lea-1995
1995,0804440,3148,PAWNEE              RE-12,16.0,0.0,0.0,8.0,7.0,,124,ccd-lea-1995
1995,0806060,1060,PEYTON              23 JT,27.0,0.0,0.0,11.0,15.0,,467,ccd-lea-1995
1995,0899240,9045,PIKES PEAK BOCES,7.0,0.0,0.0,4.0,2.0,,0,ccd-lea-1995
1995,0806930,1440,PLAINVIEW           RE-2,12.0,0.0,0.0,5.0,6.0,,83,ccd-lea-1995
1995,0806030,1870,PLATEAU             RE-5,18.0,0.0,0.0,8.0,8.0,,160,ccd-lea-1995
1995,0803030,1990,PLATEAU VALLEY      50,39.0,0.0,0.0,11.0,26.0,,582,ccd-lea-1995
1995,0802370,2600,PLATTE CANYON       1,88.0,1.0,2.0,31.0,54.0,,1588,ccd-lea-1995
1995,0806000,2865,PLATTE VALLEY       RE-3,19.0,0.0,0.0,9.0,9.0,,157,ccd-lea-1995
1995,0804950,3130,PLATTE VALLEY       RE-7,60.0,0.0,1.0,26.0,31.0,,981,ccd-lea-1995
1995,0803990,1550,POUDRE              R-1,1003.0,0.0,40.0,549.0,413.0,,21283,ccd-lea-1995
1995,0806720,3147,PRAIRIE             RE-11,16.0,0.0,0.0,9.0,6.0,,138,ccd-lea-1995
1995,0807260,1590,PRIMERO REORGANIZED 2,18.0,0.0,0.0,8.0,9.0,,192,ccd-lea-1995
1995,0806090,0240,PRITCHETT           RE-3,11.0,0.0,0.0,5.0,5.0,,108,ccd-lea-1995
1995,0806120,2690,PUEBLO CITY         60,947.0,8.0,33.0,455.0,449.0,,17817,ccd-lea-1995
1995,0806150,2700,PUEBLO COUNTY RURAL 70,260.0,2.0,9.0,108.0,140.0,,5160,ccd-lea-1995
1995,0806180,2720,RANGELY             RE-4,45.0,1.0,1.0,16.0,26.0,,838,ccd-lea-1995
1995,0806210,2590,RIDGWAY             R-2,21.0,0.0,0.0,9.0,11.0,,297,ccd-lea-1995
1995,0899280,9125,RIO BLANCO BOCES,9.0,0.0,0.0,6.0,2.0,,0,ccd-lea-1995
1995,0804260,1180,ROARING FORK        RE-1,279.0,1.0,9.0,116.0,152.0,,4688,ccd-lea-1995
1995,0806270,2530,ROCKY FORD          R-2,86.0,0.0,2.0,40.0,43.0,,1170,ccd-lea-1995
1995,0806330,0500,SALIDA              R-32,87.0,0.0,1.0,40.0,45.0,,1353,ccd-lea-1995
1995,0899300,9050,SAN JUAN BOCES,0.0,0.0,0.0,0.0,0.0,,0,ccd-lea-1995
1995,0899320,9055,SAN LUIS VALLEY BOCES,11.0,0.0,0.0,7.0,4.0,,0,ccd-lea-1995
1995,0806390,0560,SANFORD             6J,20.0,0.0,0.0,10.0,10.0,,339,ccd-lea-1995
1995,0806420,0110,SANGRE DE CRISTO    RE-22J,21.0,0.0,0.0,9.0,11.0,,325,ccd-lea-1995
1995,0806450,2750,SARGENT             RE-33J,27.0,0.0,0.0,15.0,10.0,,427,ccd-lea-1995
1995,0806540,0123,SHERIDAN            2,110.0,0.0,3.0,48.0,57.0,,1974,ccd-lea-1995
1995,0804140,0740,SIERRA GRANDE       R-30,23.0,0.0,0.0,12.0,10.0,,351,ccd-lea-1995
1995,0806570,2820,SILVERTON           1,11.0,0.0,0.0,6.0,4.0,,114,ccd-lea-1995
1995,0899340,9060,SOUTH CENTRAL BOCES,1.0,0.0,0.0,1.0,0.0,,0,ccd-lea-1995
1995,0802130,0580,SOUTH CONEJOS       RE-10,34.0,0.0,0.0,20.0,12.0,,462,ccd-lea-1995
1995,0899360,9065,SOUTH PLATTE VALLEY BOCES,5.0,0.0,0.0,0.0,4.0,,64,ccd-lea-1995
1995,0805910,2780,SOUTH ROUTT         RE 3,34.0,0.0,1.0,16.0,16.0,,447,ccd-lea-1995
1995,0899400,9075,SOUTHEASTERN BOCES,4.0,0.0,0.0,2.0,1.0,,0,ccd-lea-1995
1995,0899420,9080,SOUTHWEST BOCES,4.0,0.0,0.0,0.0,4.0,,91,ccd-lea-1995
1995,0806630,0250,SPRINGFIELD         RE-4,30.0,0.0,0.0,14.0,15.0,,355,ccd-lea-1995
1995,0805370,0470,ST VRAIN VALLEY     RE 1J,883.0,0.0,32.0,396.0,454.0,,16790,ccd-lea-1995
1995,0806660,2770,STEAMBOAT SPRINGS   RE-2,114.0,0.0,3.0,51.0,59.0,,1926,ccd-lea-1995
1995,0806750,0060,STRASBURG           31J,27.0,0.0,0.0,13.0,13.0,,482,ccd-lea-1995
1995,0806780,1480,STRATTON            R-4,22.0,0.0,0.0,8.0,12.0,,322,ccd-lea-1995
1995,0806810,3000,SUMMIT              RE-1,149.0,0.0,5.0,70.0,73.0,,2274,ccd-lea-1995
1995,0806840,2570,SWINK               33,26.0,0.0,0.0,13.0,12.0,,371,ccd-lea-1995
1995,0806870,2830,TELLURIDE           R-1,35.0,0.0,1.0,17.0,16.0,,508,ccd-lea-1995
1995,0805400,1560,THOMPSON            R-2J,691.0,0.0,24.0,310.0,355.0,,13405,ccd-lea-1995
1995,0806960,1580,TRINIDAD            1,96.0,1.0,2.0,43.0,48.0,,1661,ccd-lea-1995
1995,0806690,1828,VALLEY              RE-1,175.0,0.0,5.0,78.0,91.0,,2855,ccd-lea-1995
1995,0806990,0260,VILAS               RE-5,11.0,0.0,0.0,4.0,6.0,,84,ccd-lea-1995
1995,0807110,0230,WALSH               RE-1,22.0,0.0,0.0,10.0,11.0,,287,ccd-lea-1995
1995,0899440,9085,WELD BOCES,11.0,0.0,0.0,4.0,6.0,,46,ccd-lea-1995
1995,0807140,2505,WELDON VALLEY       RE-20(J),16.0,0.0,0.0,7.0,8.0,,136,ccd-lea-1995
1995,0800008,9090,WEST CENTRAL BOCES,0.0,0.0,0.0,0.0,0.0,,0,ccd-lea-1995
1995,0805850,2190,WEST END            RE-2,41.0,0.0,0.0,22.0,17.0,,586,ccd-lea-1995
1995,0805070,1340,WEST GRAND          1-JT.,40.0,0.0,1.0,16.0,22.0,,565,ccd-lea-1995
1995,0807170,3420,WEST YUMA COUNTY    RJ-1,82.0,0.0,1.0,37.0,44.0,,956,ccd-lea-1995
1995,0807230,0070,WESTMINSTER         50,640.0,7.0,22.0,277.0,333.0,,11406,ccd-lea-1995
1995,0806480,0990,WIDEFIELD           3,441.0,2.0,14.0,220.0,203.0,,8353,ccd-lea-1995
1995,0807290,2515,WIGGINS             RE-50(J),37.0,0.0,0.0,19.0,17.0,,547,ccd-lea-1995
1995,0807320,2680,WILEY               RE-13 JT,22.0,0.0,0.0,8.0,13.0,,358,ccd-lea-1995
1995,0807350,3100,WINDSOR             RE-4,124.0,1.0,3.0,53.0,66.0,,2006,ccd-lea-1995
1995,0807380,3020,WOODLAND PARK       RE-2,155.0,1.0,4.0,68.0,80.0,,3064,ccd-lea-1995
1995,0807410,3070,WOODLIN             R-104,14.0,0.0,0.0,6.0,7.0,,135,ccd-lea-1995
1996,0801920,1040,ACADEMY             20,804.0,2.0,25.0,322.0,454.0,,14715,ccd-lea-1996
1996,0801950,0030,ADAMS COUNTY        14,293.0,8.0,13.0,133.0,138.0,,6162,ccd-lea-1996
1996,0800009,9120,ADAMS COUNTY BOCES,0.0,0.0,0.0,0.0,0.0,,0,ccd-lea-1996
1996,0802340,0180,ADAMS-ARAPAHOE      28J,1502.0,13.0,60.0,681.0,747.0,,28492,ccd-lea-1996
1996,0801980,0960,AGATE               300,13.0,0.0,0.0,5.0,7.0,,111,ccd-lea-1996
1996,0802010,1620,AGUILAR REORGANIZED 6,19.0,0.0,0.0,8.0,11.0,,183,ccd-lea-1996
1996,0802040,3030,AKRON               R-1,35.0,0.0,0.0,19.0,15.0,,497,ccd-lea-1996
1996,0802070,0100,ALAMOSA             RE-11J,146.0,1.0,4.0,69.0,71.0,,2474,ccd-lea-1996
1996,0802190,0220,ARCHULETA COUNTY    50 JT,79.0,0.0,2.0,40.0,36.0,,1483,ccd-lea-1996
1996,0802220,3040,ARICKAREE           R-2,17.0,0.0,0.0,10.0,6.0,,147,ccd-lea-1996
1996,0899040,9020,ARKANSAS VALLEY BOCES,6.0,0.0,0.0,2.0,3.0,,19,ccd-lea-1996
1996,0802260,1450,ARRIBA-FLAGLER      C-20,21.0,0.0,0.0,7.0,13.0,,265,ccd-lea-1996
1996,0802280,2640,ASPEN               1,84.0,0.0,2.0,30.0,51.0,,1245,ccd-lea-1996
1996,0802310,3145,AULT-HIGHLAND       RE-9,54.0,0.0,1.0,22.0,29.0,,860,ccd-lea-1996
1996,0802400,1530,BAYFIELD            10 JT-R,65.0,0.0,2.0,24.0,38.0,,1066,ccd-lea-1996
1996,0802430,0050,BENNETT             29J,60.0,0.0,1.0,22.0,35.0,,1055,ccd-lea-1996
1996,0802460,1490,BETHUNE             R-5,15.0,0.0,0.0,7.0,7.0,,155,ccd-lea-1996
1996,0806600,0940,BIG SANDY           100J,24.0,0.0,0.0,9.0,14.0,,355,ccd-lea-1996
1996,0802490,0480,BOULDER VALLEY      RE 2,1372.0,5.0,45.0,638.0,684.0,,25648,ccd-lea-1996
1996,0802520,1750,BRANSON REORGANIZED 82,7.0,0.0,0.0,3.0,4.0,,50,ccd-lea-1996
1996,0802550,3146,BRIGGSDALE          RE-10,13.0,0.0,0.0,6.0,6.0,,120,ccd-lea-1996
1996,0802580,0040,BRIGHTON            27J,232.0,2.0,9.0,100.0,120.0,,4562,ccd-lea-1996
1996,0802610,2395,BRUSH               RE-2(J),90.0,1.0,3.0,40.0,46.0,,1568,ccd-lea-1996
1996,0802640,0490,BUENA VISTA         R-31,61.0,0.0,1.0,23.0,37.0,,945,ccd-lea-1996
1996,0805640,1860,BUFFALO             RE-4,17.0,0.0,0.0,9.0,7.0,,277,ccd-lea-1996
1996,0802670,1500,BURLINGTON          RE-6J,57.0,0.0,1.0,21.0,33.0,,859,ccd-lea-1996
1996,0802700,0190,BYERS               32J,29.0,0.0,0.0,15.0,12.0,,420,ccd-lea-1996
1996,0802730,0970,CALHAN RJ-1,32.0,0.0,0.0,14.0,16.0,,500,ccd-lea-1996
1996,0802760,0270,CAMPO               RE-6,12.0,0.0,0.0,5.0,7.0,,91,ccd-lea-1996
1996,0802790,1140,CANON CITY          RE-1,231.0,0.0,7.0,125.0,99.0,,4100,ccd-lea-1996
1996,0806360,0640,CENTENNIAL          R-1,22.0,0.0,0.0,11.0,9.0,,400,ccd-lea-1996
1996,0802850,2810,CENTER              26 JT,54.0,0.0,1.0,28.0,23.0,,766,ccd-lea-1996
1996,0802880,2560,CHERAW              31,20.0,0.0,0.0,10.0,9.0,,256,ccd-lea-1996
1996,0802910,0130,CHERRY CREEK        5,2018.0,5.0,64.0,897.0,1051.0,,37128,ccd-lea-1996
1996,0800001,0520,CHEYENNE COUNTY     RE-5,31.0,0.0,0.0,13.0,16.0,,352,ccd-lea-1996
1996,0802940,1020,CHEYENNE MOUNTAIN   12,173.0,0.0,5.0,81.0,85.0,,3458,ccd-lea-1996
1996,0803000,0540,CLEAR CREEK         RE-1,76.0,0.0,2.0,41.0,32.0,,1449,ccd-lea-1996
1996,0803060,1010,COLORADO SPRINGS    11,1695.0,13.0,64.0,802.0,816.0,,33175,ccd-lea-1996
1996,0807200,0860,CONSOLIDATED        C-1,28.0,0.0,0.0,15.0,11.0,,448,ccd-lea-1996
1996,0803120,1160,COTOPAXI            RE-3,22.0,0.0,0.0,9.0,13.0,,319,ccd-lea-1996
1996,0803150,2010,CREEDE CONSOLIDATED 1,14.0,0.0,0.0,7.0,6.0,,150,ccd-lea-1996
1996,0803180,3010,CRIPPLE CREEK-VICTOR RE-1,32.0,0.0,1.0,16.0,14.0,,627,ccd-lea-1996
1996,0803210,0770,CROWLEY COUNTY      RE-1-J,45.0,0.0,1.0,21.0,23.0,,642,ccd-lea-1996
1996,0803240,1980,DE BEQUE            49JT,18.0,0.0,0.0,8.0,8.0,,168,ccd-lea-1996
1996,0803270,0170,DEER TRAIL          26J,19.0,0.0,0.0,8.0,10.0,,195,ccd-lea-1996
1996,0803300,2730,DEL NORTE           C-7,51.0,0.0,1.0,23.0,26.0,,779,ccd-lea-1996
1996,0803330,0870,DELTA COUNTY        50(J),269.0,0.0,7.0,98.0,163.0,,4676,ccd-lea-1996
1996,0803360,0880,DENVER COUNTY       1,3197.0,79.0,148.0,1500.0,1469.0,,66331,ccd-lea-1996
1996,0803390,2055,DOLORES             RE-4A,41.0,0.0,1.0,17.0,22.0,,678,ccd-lea-1996
1996,0803420,0890,DOLORES COUNTY      RE NO.2,22.0,0.0,0.0,7.0,13.0,,382,ccd-lea-1996
1996,0803450,0900,DOUGLAS COUNTY      RE 1,1329.0,3.0,51.0,726.0,548.0,,24495,ccd-lea-1996
1996,0803480,1520,DURANGO             9-R,307.0,0.0,7.0,133.0,166.0,,4729,ccd-lea-1996
1996,0803510,1430,EADS                RE-1,23.0,0.0,0.0,11.0,11.0,,296,ccd-lea-1996
1996,0803540,0910,EAGLE COUNTY        RE 50,270.0,0.0,8.0,132.0,129.0,,3954,ccd-lea-1996
1996,0899080,9025,EAST CENTRAL BOCES,4.0,0.0,0.0,2.0,1.0,,0,ccd-lea-1996
1996,0804320,1350,EAST GRAND          2,82.0,0.0,2.0,37.0,42.0,,1274,ccd-lea-1996
1996,0805130,2520,EAST OTERO          R-1,129.0,0.0,3.0,63.0,61.0,,1963,ccd-lea-1996
1996,0803570,3430,EAST YUMA COUNTY    RJ-2,73.0,1.0,1.0,28.0,42.0,,984,ccd-lea-1996
1996,0803600,3085,EATON               RE-2,78.0,0.0,2.0,29.0,47.0,,1355,ccd-lea-1996
1996,0803630,1120,EDISON              54 JT,6.0,0.0,0.0,2.0,4.0,,47,ccd-lea-1996
1996,0803690,0950,ELBERT              200,23.0,0.0,0.0,10.0,11.0,,279,ccd-lea-1996
1996,0803720,0920,ELIZABETH           C-1,135.0,0.0,3.0,60.0,70.0,,2339,ccd-lea-1996
1996,0803750,1050,ELLICOTT            22,40.0,0.0,1.0,18.0,20.0,,658,ccd-lea-1996
1996,0803780,0120,ENGLEWOOD           1,226.0,4.0,6.0,93.0,121.0,,4588,ccd-lea-1996
1996,0800004,9130,EXPEDITIONARY BOCES,13.0,0.0,0.0,7.0,4.0,,322,ccd-lea-1996
1996,0803870,1110,FALCON              49,232.0,1.0,8.0,111.0,111.0,,3998,ccd-lea-1996
1996,0803960,1150,FLORENCE            RE-2,120.0,0.0,3.0,53.0,63.0,,1972,ccd-lea-1996
1996,0804050,2405,FORT MORGAN         RE-3,189.0,2.0,5.0,87.0,94.0,,3077,ccd-lea-1996
1996,0804080,1000,FOUNTAIN            8,272.0,2.0,12.0,149.0,107.0,,4712,ccd-lea-1996
1996,0804110,2540,FOWLER              R-4J,34.0,0.0,0.0,17.0,16.0,,417,ccd-lea-1996
1996,0803930,1850,FRENCHMAN           RE-3,20.0,0.0,0.0,9.0,9.0,,235,ccd-lea-1996
1996,0804380,1220,GARFIELD            16,43.0,0.0,1.0,19.0,21.0,,676,ccd-lea-1996
1996,0806240,1195,GARFIELD RE-2,167.0,1.0,6.0,80.0,79.0,,3235,ccd-lea-1996
1996,0804740,1780,GENOA-HUGO          C113,23.0,0.0,0.0,7.0,14.0,,277,ccd-lea-1996
1996,0804200,3080,GILCREST            RE-1,122.0,1.0,3.0,53.0,65.0,,1970,ccd-lea-1996
1996,0804230,1330,GILPIN COUNTY       RE-1,32.0,0.0,0.0,16.0,15.0,,373,ccd-lea-1996
1996,0804290,2650,GRANADA             RE-1,24.0,0.0,0.0,12.0,11.0,,285,ccd-lea-1996
1996,0804410,3120,GREELEY             6,736.0,0.0,30.0,381.0,324.0,,13662,ccd-lea-1996
1996,0804470,1360,GUNNISON WATERSHED  RE1J,115.0,0.0,3.0,56.0,55.0,,1645,ccd-lea-1996
1996,0804500,1070,HANOVER             28,15.0,0.0,0.0,9.0,5.0,,157,ccd-lea-1996
1996,0804530,0980,HARRISON            2,658.0,0.0,23.0,345.0,288.0,,10590,ccd-lea-1996
1996,0804560,2630,HAXTUN              RE-2J,26.0,0.0,0.0,11.0,14.0,,333,ccd-lea-1996
1996,0804590,2760,HAYDEN              RE-1,38.0,0.0,0.0,15.0,21.0,,535,ccd-lea-1996
1996,0806510,1460,HI-PLAINS           R-23,16.0,0.0,0.0,8.0,7.0,,113,ccd-lea-1996
1996,0804620,1380,HINSDALE COUNTY     RE 1,4.0,0.0,0.0,3.0,0.0,,37,ccd-lea-1996
1996,0804650,1600,HOEHNE REORGANIZED  3,22.0,0.0,0.0,10.0,10.0,,343,ccd-lea-1996
1996,0804680,2670,HOLLY               RE-3,25.0,0.0,0.0,12.0,12.0,,363,ccd-lea-1996
1996,0804710,2620,HOLYOKE             RE-1J,41.0,0.0,1.0,19.0,21.0,,658,ccd-lea-1996
1996,0807080,1390,HUERFANO            RE-1,57.0,1.0,1.0,29.0,25.0,,924,ccd-lea-1996
1996,0804770,1540,IGNACIO             11 JT,71.0,0.0,2.0,40.0,28.0,,1105,ccd-lea-1996
1996,0804800,1420,JEFFERSON COUNTY    R-1,4134.0,21.0,150.0,2096.0,1865.0,,86670,ccd-lea-1996
1996,0804830,3110,JOHNSTOWN-MILLIKEN  RE-5J,84.0,0.0,2.0,35.0,46.0,,1280,ccd-lea-1996
1996,0804860,2862,JULESBURG           RE-1,25.0,0.0,0.0,13.0,11.0,,335,ccd-lea-1996
1996,0804890,1810,KARVAL              RE-23,10.0,0.0,0.0,4.0,5.0,,100,ccd-lea-1996
1996,0804920,3090,KEENESBURG          RE-3(J),84.0,0.0,2.0,45.0,35.0,,1434,ccd-lea-1996
1996,0804980,1760,KIM REORGANIZED     88,11.0,0.0,0.0,5.0,6.0,,84,ccd-lea-1996
1996,0805010,0930,KIOWA               C-2,24.0,0.0,0.0,11.0,12.0,,333,ccd-lea-1996
1996,0805040,0510,KIT CARSON          R-1,17.0,0.0,0.0,8.0,7.0,,141,ccd-lea-1996
1996,0805160,1400,LA VETA RE-2,22.0,0.0,0.0,10.0,10.0,,304,ccd-lea-1996
1996,0805190,1510,LAKE COUNTY         R-1,71.0,3.0,3.0,24.0,40.0,,1338,ccd-lea-1996
1996,0805220,2660,LAMAR               RE-2,127.0,0.0,4.0,61.0,61.0,,2001,ccd-lea-1996
1996,0805250,0290,LAS ANIMAS          RE-1,53.0,0.0,1.0,23.0,27.0,,724,ccd-lea-1996
1996,0805820,1080,LEWIS-PALMER        38,177.0,0.0,6.0,76.0,94.0,,3787,ccd-lea-1996
1996,0805280,1790,LIMON               RE-4J,31.0,0.0,0.0,14.0,15.0,,619,ccd-lea-1996
1996,0805310,0140,LITTLETON           6,855.0,3.0,27.0,366.0,457.0,,16044,ccd-lea-1996
1996,0805340,3060,LONE STAR           101,9.0,0.0,0.0,6.0,3.0,,81,ccd-lea-1996
1996,0805460,2070,MANCOS              RE-6,37.0,0.0,0.0,18.0,18.0,,544,ccd-lea-1996
1996,0805490,1030,MANITOU SPRINGS     14,75.0,0.0,2.0,28.0,44.0,,1399,ccd-lea-1996
1996,0805520,2535,MANZANOLA           3J,21.0,0.0,0.0,9.0,11.0,,275,ccd-lea-1996
1996,0805550,0010,MAPLETON            1,244.0,5.0,10.0,122.0,105.0,,5154,ccd-lea-1996
1996,0805580,0310,MC CLAVE            RE-2,24.0,0.0,0.0,12.0,11.0,,293,ccd-lea-1996
1996,0805610,2710,MEEKER              RE1,47.0,1.0,1.0,16.0,29.0,,782,ccd-lea-1996
1996,0804350,2000,MESA COUNTY VALLEY  51,1039.0,7.0,34.0,459.0,538.0,,19049,ccd-lea-1996
1996,0805670,1130,MIAMI/YODER         60 JT,17.0,0.0,0.0,8.0,8.0,,287,ccd-lea-1996
1996,0805700,2800,MOFFAT              2,23.0,0.0,0.0,12.0,10.0,,206,ccd-lea-1996
1996,0805730,2020,MOFFAT COUNTY       RE:NO 1,148.0,2.0,5.0,52.0,88.0,,2830,ccd-lea-1996
1996,0805760,2740,MONTE VISTA         C-8,90.0,0.0,2.0,40.0,46.0,,1474,ccd-lea-1996
1996,0803090,2035,MONTEZUMA-CORTEZ    RE-1,200.0,2.0,6.0,94.0,97.0,,3541,ccd-lea-1996
1996,0805790,2180,MONTROSE COUNTY     RE-1J,289.0,2.0,10.0,118.0,158.0,,5326,ccd-lea-1996
1996,0899160,9030,MOUNTAIN BOCES,18.0,0.0,0.0,8.0,9.0,,100,ccd-lea-1996
1996,0806300,2790,MOUNTAIN VALLEY     RE 1,18.0,0.0,0.0,8.0,9.0,,194,ccd-lea-1996
1996,0805100,0550,NORTH CONEJOS       RE-1J,73.0,0.0,2.0,32.0,38.0,,1226,ccd-lea-1996
1996,0807050,1410,NORTH PARK          R-1,23.0,0.0,0.0,9.0,12.0,,316,ccd-lea-1996
1996,0899180,9040,NORTHEAST BOCES,5.0,0.0,0.0,3.0,1.0,,0,ccd-lea-1996
1996,0899200,9035,NORTHERN COLO BOCES,0.0,0.0,0.0,0.0,0.0,,0,ccd-lea-1996
1996,0806900,0020,NORTHGLENN-THORNTON 12,1290.0,12.0,48.0,611.0,618.0,,25604,ccd-lea-1996
1996,0899220,9095,NORTHWEST COLO BOCES,3.0,0.0,0.0,2.0,1.0,,0,ccd-lea-1996
1996,0805880,2840,NORWOOD             R-2J,24.0,0.0,0.0,9.0,13.0,,349,ccd-lea-1996
1996,0805940,3050,OTIS                R-3,20.0,0.0,0.0,9.0,9.0,,207,ccd-lea-1996
1996,0805970,2580,OURAY               R-1,22.0,0.0,0.0,7.0,13.0,,253,ccd-lea-1996
1996,0803810,1570,PARK (ESTES PARK)   R-3,77.0,0.0,1.0,31.0,42.0,,1349,ccd-lea-1996
1996,0803840,2610,PARK COUNTY         RE-2,40.0,1.0,1.0,22.0,16.0,,600,ccd-lea-1996
1996,0804440,3148,PAWNEE              RE-12,16.0,0.0,0.0,8.0,7.0,,148,ccd-lea-1996
1996,0806060,1060,PEYTON              23 JT,35.0,0.0,0.0,13.0,21.0,,543,ccd-lea-1996
1996,0899240,9045,PIKES PEAK BOCES,13.0,0.0,0.0,5.0,8.0,,31,ccd-lea-1996
1996,0806930,1440,PLAINVIEW           RE-2,12.0,0.0,0.0,3.0,8.0,,83,ccd-lea-1996
1996,0806030,1870,PLATEAU             RE-5,17.0,0.0,0.0,7.0,9.0,,147,ccd-lea-1996
1996,0803030,1990,PLATEAU VALLEY      50,42.0,0.0,0.0,13.0,27.0,,565,ccd-lea-1996
1996,0802370,2600,PLATTE CANYON       1,88.0,1.0,2.0,34.0,49.0,,1640,ccd-lea-1996
1996,0806000,2865,PLATTE VALLEY       RE-3,19.0,0.0,0.0,9.0,9.0,,153,ccd-lea-1996
1996,0804950,3130,PLATTE VALLEY       RE-7,62.0,1.0,1.0,26.0,32.0,,1019,ccd-lea-1996
1996,0803990,1550,POUDRE              R-1,1101.0,6.0,39.0,588.0,465.0,,21922,ccd-lea-1996
1996,0806720,3147,PRAIRIE             RE-11,15.0,0.0,0.0,8.0,6.0,,133,ccd-lea-1996
1996,0807260,1590,PRIMERO REORGANIZED 2,19.0,0.0,0.0,9.0,9.0,,203,ccd-lea-1996
1996,0806090,0240,PRITCHETT           RE-3,12.0,0.0,0.0,5.0,6.0,,93,ccd-lea-1996
1996,0806120,2690,PUEBLO CITY         60,931.0,10.0,35.0,461.0,424.0,,18100,ccd-lea-1996
1996,0806150,2700,PUEBLO COUNTY RURAL 70,290.0,2.0,10.0,125.0,152.0,,5524,ccd-lea-1996
1996,0806180,2720,RANGELY             RE-4,44.0,1.0,1.0,15.0,27.0,,841,ccd-lea-1996
1996,0806210,2590,RIDGWAY             R-2,24.0,0.0,0.0,9.0,13.0,,311,ccd-lea-1996
1996,0899280,9125,RIO BLANCO BOCES,11.0,0.0,0.0,7.0,3.0,,0,ccd-lea-1996
1996,0804260,1180,ROARING FORK        RE-1,270.0,1.0,9.0,108.0,151.0,,4729,ccd-lea-1996
1996,0806270,2530,ROCKY FORD          R-2,89.0,0.0,2.0,41.0,45.0,,1149,ccd-lea-1996
1996,0806330,0500,SALIDA              R-32,88.0,0.0,1.0,40.0,46.0,,1320,ccd-lea-1996
1996,0899300,9050,SAN JUAN BOCES,0.0,0.0,0.0,0.0,0.0,,0,ccd-lea-1996
1996,0899320,9055,SAN LUIS VALLEY BOCES,9.0,0.0,0.0,6.0,3.0,,0,ccd-lea-1996
1996,0806390,0560,SANFORD             6J,20.0,0.0,0.0,10.0,10.0,,353,ccd-lea-1996
1996,0806420,0110,SANGRE DE CRISTO    RE-22J,22.0,0.0,0.0,9.0,12.0,,323,ccd-lea-1996
1996,0806450,2750,SARGENT             RE-33J,33.0,0.0,0.0,16.0,16.0,,446,ccd-lea-1996
1996,0806540,0123,SHERIDAN            2,118.0,0.0,3.0,52.0,62.0,,2008,ccd-lea-1996
1996,0804140,0740,SIERRA GRANDE       R-30,22.0,0.0,0.0,12.0,9.0,,370,ccd-lea-1996
1996,0806570,2820,SILVERTON           1,12.0,0.0,0.0,6.0,5.0,,109,ccd-lea-1996
1996,0899340,9060,SOUTH CENTRAL BOCES,1.0,0.0,0.0,0.0,0.0,,0,ccd-lea-1996
1996,0802130,0580,SOUTH CONEJOS       RE-10,34.0,0.0,0.0,18.0,15.0,,479,ccd-lea-1996
1996,0899360,9065,SOUTH PLATTE VALLEY BOCES,6.0,0.0,0.0,2.0,4.0,,57,ccd-lea-1996
1996,0805910,2780,SOUTH ROUTT         RE 3,33.0,0.0,0.0,16.0,17.0,,451,ccd-lea-1996
1996,0899400,9075,SOUTHEASTERN BOCES,4.0,2.0,0.0,0.0,1.0,,111,ccd-lea-1996
1996,0899420,9080,SOUTHWEST BOCES,5.0,0.0,0.0,0.0,5.0,,90,ccd-lea-1996
1996,0806630,0250,SPRINGFIELD         RE-4,32.0,0.0,0.0,16.0,15.0,,330,ccd-lea-1996
1996,0805370,0470,ST VRAIN VALLEY     RE 1J,885.0,11.0,31.0,380.0,461.0,,17459,ccd-lea-1996
1996,0806660,2770,STEAMBOAT SPRINGS   RE-2,118.0,0.0,3.0,53.0,60.0,,1984,ccd-lea-1996
1996,0806750,0060,STRASBURG           31J,27.0,0.0,1.0,13.0,12.0,,501,ccd-lea-1996
1996,0806780,1480,STRATTON            R-4,21.0,0.0,0.0,8.0,11.0,,322,ccd-lea-1996
1996,0806810,3000,SUMMIT              RE-1,164.0,1.0,5.0,80.0,78.0,,2380,ccd-lea-1996
1996,0806840,2570,SWINK               33,26.0,0.0,0.0,13.0,12.0,,367,ccd-lea-1996
1996,0806870,2830,TELLURIDE           R-1,35.0,0.0,1.0,16.0,18.0,,491,ccd-lea-1996
1996,0805400,1560,THOMPSON            R-2J,716.0,0.0,25.0,321.0,370.0,,13787,ccd-lea-1996
1996,0806960,1580,TRINIDAD            1,95.0,2.0,3.0,42.0,48.0,,1603,ccd-lea-1996
1996,0806690,1828,VALLEY              RE-1,179.0,0.0,4.0,76.0,98.0,,2813,ccd-lea-1996
1996,0806990,0260,VILAS               RE-5,11.0,0.0,0.0,4.0,6.0,,91,ccd-lea-1996
1996,0807110,0230,WALSH               RE-1,21.0,1.0,0.0,9.0,10.0,,271,ccd-lea-1996
1996,0899440,9085,WELD BOCES,10.0,0.0,0.0,3.0,7.0,,74,ccd-lea-1996
1996,0804020,3140,WELD COUNTY RE-8,155.0,4.0,5.0,58.0,87.0,,2655,ccd-lea-1996
1996,0807140,2505,WELDON VALLEY       RE-20(J),15.0,0.0,0.0,7.0,7.0,,144,ccd-lea-1996
1996,0800008,9090,WEST CENTRAL BOCES,0.0,0.0,0.0,0.0,0.0,,0,ccd-lea-1996
1996,0805850,2190,WEST END            RE-2,42.0,0.0,0.0,17.0,22.0,,581,ccd-lea-1996
1996,0805070,1340,WEST GRAND          1-JT.,42.0,0.0,0.0,17.0,24.0,,573,ccd-lea-1996
1996,0807170,3420,WEST YUMA COUNTY    RJ-1,83.0,0.0,2.0,36.0,44.0,,1038,ccd-lea-1996
1996,0807230,0070,WESTMINSTER         50,638.0,6.0,21.0,277.0,332.0,,11360,ccd-lea-1996
1996,0806480,0990,WIDEFIELD           3,446.0,3.0,14.0,221.0,207.0,,8370,ccd-lea-1996
1996,0807290,2515,WIGGINS             RE-50(J),37.0,0.0,1.0,18.0,17.0,,570,ccd-lea-1996
1996,0807320,2680,WILEY               RE-13 JT,24.0,0.0,0.0,8.0,14.0,,337,ccd-lea-1996
1996,0807350,3100,WINDSOR             RE-4,128.0,1.0,3.0,54.0,67.0,,2116,ccd-lea-1996
1996,0807380,3020,WOODLAND PARK       RE-2,169.0,1.0,5.0,74.0,88.0,,3227,ccd-lea-1996
1996,0807410,3070,WOODLIN             R-104,14.0,0.0,0.0,7.0,7.0,,132,ccd-lea-1996
1997,0801920,1040,ACADEMY             20,871.0,1.0,25.0,368.0,475.0,,15283,ccd-lea-1997
1997,0801950,0030,ADAMS COUNTY        14,354.0,8.0,12.0,174.0,159.0,,6035,ccd-lea-1997
1997,0800009,9120,ADAMS COUNTY BOCES,0.0,0.0,0.0,0.0,0.0,,0,ccd-lea-1997
1997,0802340,0180,ADAMS-ARAPAHOE      28J,1530.0,13.0,61.0,688.0,767.0,,28600,ccd-lea-1997
1997,0801980,0960,AGATE               300,15.0,0.0,0.0,6.0,8.0,,76,ccd-lea-1997
1997,0802010,1620,AGUILAR REORGANIZED 6,19.0,0.0,0.0,7.0,10.0,,206,ccd-lea-1997
1997,0802040,3030,AKRON               R-1,36.0,0.0,0.0,19.0,16.0,,501,ccd-lea-1997
1997,0802070,0100,ALAMOSA             RE-11J,145.0,1.0,4.0,68.0,72.0,,2523,ccd-lea-1997
1997,0802190,0220,ARCHULETA COUNTY    50 JT,80.0,0.0,2.0,40.0,37.0,,1510,ccd-lea-1997
1997,0802220,3040,ARICKAREE           R-2,17.0,0.0,0.0,10.0,6.0,,136,ccd-lea-1997
1997,0899040,9020,ARKANSAS VALLEY BOCES,6.0,0.0,0.0,2.0,3.0,,43,ccd-lea-1997
1997,0802260,1450,ARRIBA-FLAGLER      C-20,22.0,0.0,0.0,7.0,13.0,,248,ccd-lea-1997
1997,0802280,2640,ASPEN               1,86.0,0.0,2.0,29.0,54.0,,1290,ccd-lea-1997
1997,0802310,3145,AULT-HIGHLAND       RE-9,63.0,0.0,1.0,27.0,33.0,,899,ccd-lea-1997
1997,0802400,1530,BAYFIELD            10 JT-R,66.0,0.0,1.0,25.0,39.0,,1067,ccd-lea-1997
1997,0802430,0050,BENNETT             29J,62.0,0.0,1.0,24.0,35.0,,1036,ccd-lea-1997
1997,0802460,1490,BETHUNE             R-5,15.0,0.0,0.0,8.0,6.0,,160,ccd-lea-1997
1997,0806600,0940,BIG SANDY           100J,26.0,0.0,0.0,9.0,16.0,,338,ccd-lea-1997
1997,0802490,0480,BOULDER VALLEY      RE 2,1430.0,5.0,47.0,641.0,735.0,,26192,ccd-lea-1997
1997,0802520,1750,BRANSON REORGANIZED 82,7.0,0.0,0.0,2.0,4.0,,55,ccd-lea-1997
1997,0802550,3146,BRIGGSDALE          RE-10,14.0,0.0,0.0,7.0,6.0,,135,ccd-lea-1997
1997,0802580,0040,BRIGHTON            27J,237.0,4.0,9.0,98.0,125.0,,4772,ccd-lea-1997
1997,0802610,2395,BRUSH               RE-2(J),98.0,1.0,2.0,44.0,50.0,,1575,ccd-lea-1997
1997,0802640,0490,BUENA VISTA         R-31,63.0,0.0,1.0,23.0,38.0,,917,ccd-lea-1997
1997,0805640,1860,BUFFALO             RE-4,20.0,0.0,0.0,10.0,9.0,,277,ccd-lea-1997
1997,0802670,1500,BURLINGTON          RE-6J,57.0,0.0,1.0,21.0,33.0,,886,ccd-lea-1997
1997,0802700,0190,BYERS               32J,32.0,0.0,1.0,16.0,14.0,,490,ccd-lea-1997
1997,0802730,0970,CALHAN RJ-1,33.0,0.0,1.0,13.0,17.0,,548,ccd-lea-1997
1997,0802760,0270,CAMPO               RE-6,13.0,0.0,0.0,5.0,7.0,,90,ccd-lea-1997
1997,0802790,1140,CANON CITY          RE-1,233.0,0.0,6.0,125.0,101.0,,4172,ccd-lea-1997
1997,0806360,0640,CENTENNIAL          R-1,28.0,0.0,0.0,12.0,14.0,,390,ccd-lea-1997
1997,0802850,2810,CENTER              26 JT,54.0,0.0,1.0,25.0,26.0,,742,ccd-lea-1997
1997,0802880,2560,CHERAW              31,21.0,0.0,0.0,11.0,9.0,,232,ccd-lea-1997
1997,0802910,0130,CHERRY CREEK        5,2184.0,5.0,68.0,960.0,1150.0,,38622,ccd-lea-1997
1997,0800001,0520,CHEYENNE COUNTY     RE-5,32.0,0.0,0.0,12.0,19.0,,357,ccd-lea-1997
1997,0802940,1020,CHEYENNE MOUNTAIN   12,186.0,0.0,5.0,91.0,89.0,,3617,ccd-lea-1997
1997,0803000,0540,CLEAR CREEK         RE-1,83.0,0.0,2.0,44.0,36.0,,1426,ccd-lea-1997
1997,0803060,1010,COLORADO SPRINGS    11,1743.0,11.0,60.0,839.0,833.0,,32815,ccd-lea-1997
1997,0807200,0860,CONSOLIDATED        C-1,31.0,0.0,0.0,17.0,13.0,,430,ccd-lea-1997
1997,0803120,1160,COTOPAXI            RE-3,25.0,0.0,0.0,10.0,14.0,,328,ccd-lea-1997
1997,0803150,2010,CREEDE CONSOLIDATED 1,15.0,0.0,0.0,6.0,8.0,,147,ccd-lea-1997
1997,0803180,3010,CRIPPLE CREEK-VICTOR RE-1,35.0,0.0,1.0,17.0,15.0,,657,ccd-lea-1997
1997,0803210,0770,CROWLEY COUNTY      RE-1-J,44.0,0.0,0.0,20.0,23.0,,637,ccd-lea-1997
1997,0803240,1980,DE BEQUE            49JT,18.0,0.0,0.0,8.0,8.0,,177,ccd-lea-1997
1997,0803270,0170,DEER TRAIL          26J,19.0,0.0,0.0,8.0,10.0,,209,ccd-lea-1997
1997,0803300,2730,DEL NORTE           C-7,53.0,0.0,1.0,22.0,29.0,,799,ccd-lea-1997
1997,0803330,0870,DELTA COUNTY        50(J),264.0,0.0,8.0,90.0,164.0,,4678,ccd-lea-1997
1997,0803360,0880,DENVER COUNTY       1,3520.0,79.0,149.0,1679.0,1612.0,,67858,ccd-lea-1997
1997,0803390,2055,DOLORES             RE-4A,42.0,0.0,1.0,18.0,22.0,,672,ccd-lea-1997
1997,0803420,0890,DOLORES COUNTY      RE NO.2,23.0,0.0,0.0,7.0,14.0,,361,ccd-lea-1997
1997,0803450,0900,DOUGLAS COUNTY      RE 1,1477.0,5.0,59.0,807.0,605.0,,27275,ccd-lea-1997
1997,0803480,1520,DURANGO             9-R,291.0,0.0,7.0,133.0,150.0,,4785,ccd-lea-1997
1997,0803510,1430,EADS                RE-1,25.0,0.0,0.0,12.0,12.0,,288,ccd-lea-1997
1997,0803540,0910,EAGLE COUNTY        RE 50,269.0,0.0,8.0,132.0,126.0,,4200,ccd-lea-1997
1997,0899080,9025,EAST CENTRAL BOCES,5.0,0.0,0.0,3.0,1.0,,0,ccd-lea-1997
1997,0804320,1350,EAST GRAND          2,85.0,0.0,1.0,39.0,44.0,,1243,ccd-lea-1997
1997,0805130,2520,EAST OTERO          R-1,130.0,0.0,3.0,63.0,64.0,,1927,ccd-lea-1997
1997,0803570,3430,EAST YUMA COUNTY    RJ-2,72.0,1.0,1.0,28.0,41.0,,1017,ccd-lea-1997
1997,0803600,3085,EATON               RE-2,81.0,0.0,2.0,29.0,49.0,,1354,ccd-lea-1997
1997,0803630,1120,EDISON              54 JT,6.0,0.0,0.0,2.0,3.0,,54,ccd-lea-1997
1997,0803690,0950,ELBERT              200,22.0,0.0,0.0,9.0,11.0,,267,ccd-lea-1997
1997,0803720,0920,ELIZABETH           C-1,144.0,0.0,4.0,63.0,75.0,,2465,ccd-lea-1997
1997,0803750,1050,ELLICOTT            22,47.0,0.0,1.0,23.0,22.0,,711,ccd-lea-1997
1997,0803780,0120,ENGLEWOOD           1,225.0,4.0,6.0,90.0,124.0,,4581,ccd-lea-1997
1997,0800004,9130,EXPEDITIONARY BOCES,16.0,0.0,0.0,6.0,8.0,,313,ccd-lea-1997
1997,0803870,1110,FALCON              49,253.0,0.0,9.0,122.0,122.0,,4563,ccd-lea-1997
1997,0803960,1150,FLORENCE            RE-2,118.0,0.0,3.0,46.0,68.0,,2026,ccd-lea-1997
1997,0804050,2405,FORT MORGAN         RE-3,194.0,2.0,6.0,103.0,82.0,,3160,ccd-lea-1997
1997,0804080,1000,FOUNTAIN            8,281.0,3.0,12.0,150.0,116.0,,4741,ccd-lea-1997
1997,0804110,2540,FOWLER              R-4J,32.0,0.0,0.0,16.0,15.0,,389,ccd-lea-1997
1997,0803930,1850,FRENCHMAN           RE-3,21.0,0.0,0.0,9.0,10.0,,233,ccd-lea-1997
1997,0804380,1220,GARFIELD            16,45.0,0.0,1.0,19.0,22.0,,747,ccd-lea-1997
1997,0806240,1195,GARFIELD RE-2,174.0,1.0,6.0,83.0,83.0,,3338,ccd-lea-1997
1997,0804740,1780,GENOA-HUGO          C113,23.0,0.0,0.0,7.0,15.0,,288,ccd-lea-1997
1997,0804200,3080,GILCREST            RE-1,122.0,2.0,3.0,48.0,68.0,,2028,ccd-lea-1997
1997,0804230,1330,GILPIN COUNTY       RE-1,32.0,0.0,0.0,14.0,16.0,,341,ccd-lea-1997
1997,0804290,2650,GRANADA             RE-1,26.0,0.0,0.0,12.0,12.0,,298,ccd-lea-1997
1997,0804410,3120,GREELEY             6,761.0,4.0,32.0,383.0,341.0,,14199,ccd-lea-1997
1997,0804470,1360,GUNNISON WATERSHED  RE1J,118.0,0.0,2.0,57.0,58.0,,1679,ccd-lea-1997
1997,0804500,1070,HANOVER             28,16.0,0.0,0.0,7.0,7.0,,173,ccd-lea-1997
1997,0804530,0980,HARRISON            2,686.0,0.0,24.0,363.0,298.0,,10457,ccd-lea-1997
1997,0804560,2630,HAXTUN              RE-2J,25.0,0.0,0.0,12.0,13.0,,320,ccd-lea-1997
1997,0804590,2760,HAYDEN              RE-1,37.0,0.0,0.0,14.0,20.0,,536,ccd-lea-1997
1997,0806510,1460,HI-PLAINS           R-23,17.0,0.0,0.0,9.0,7.0,,121,ccd-lea-1997
1997,0804620,1380,HINSDALE COUNTY     RE 1,3.0,0.0,0.0,2.0,0.0,,45,ccd-lea-1997
1997,0804650,1600,HOEHNE REORGANIZED  3,22.0,0.0,0.0,12.0,9.0,,333,ccd-lea-1997
1997,0804680,2670,HOLLY               RE-3,26.0,0.0,0.0,13.0,11.0,,361,ccd-lea-1997
1997,0804710,2620,HOLYOKE             RE-1J,44.0,0.0,1.0,21.0,21.0,,649,ccd-lea-1997
1997,0807080,1390,HUERFANO            RE-1,56.0,1.0,1.0,26.0,27.0,,947,ccd-lea-1997
1997,0804770,1540,IGNACIO             11 JT,74.0,0.0,2.0,38.0,33.0,,1078,ccd-lea-1997
1997,0804800,1420,JEFFERSON COUNTY    R-1,4178.0,24.0,150.0,2098.0,1905.0,,88006,ccd-lea-1997
1997,0804830,3110,JOHNSTOWN-MILLIKEN  RE-5J,84.0,0.0,2.0,35.0,45.0,,1368,ccd-lea-1997
1997,0804860,2862,JULESBURG           RE-1,26.0,1.0,0.0,11.0,12.0,,349,ccd-lea-1997
1997,0804890,1810,KARVAL              RE-23,10.0,0.0,0.0,4.0,5.0,,98,ccd-lea-1997
1997,0804920,3090,KEENESBURG          RE-3(J),88.0,0.0,2.0,47.0,38.0,,1441,ccd-lea-1997
1997,0804980,1760,KIM REORGANIZED     88,11.0,0.0,0.0,5.0,6.0,,81,ccd-lea-1997
1997,0805010,0930,KIOWA               C-2,26.0,0.0,0.0,13.0,12.0,,340,ccd-lea-1997
1997,0805040,0510,KIT CARSON          R-1,17.0,0.0,0.0,9.0,7.0,,138,ccd-lea-1997
1997,0805160,1400,LA VETA RE-2,23.0,0.0,0.0,11.0,10.0,,328,ccd-lea-1997
1997,0805190,1510,LAKE COUNTY         R-1,75.0,3.0,2.0,26.0,43.0,,1369,ccd-lea-1997
1997,0805220,2660,LAMAR               RE-2,127.0,0.0,3.0,64.0,58.0,,1973,ccd-lea-1997
1997,0805250,0290,LAS ANIMAS          RE-1,54.0,0.0,1.0,24.0,27.0,,700,ccd-lea-1997
1997,0805820,1080,LEWIS-PALMER        38,189.0,0.0,6.0,79.0,103.0,,3948,ccd-lea-1997
1997,0805280,1790,LIMON               RE-4J,33.0,0.0,0.0,16.0,15.0,,595,ccd-lea-1997
1997,0805310,0140,LITTLETON           6,870.0,4.0,25.0,377.0,463.0,,16107,ccd-lea-1997
1997,0805340,3060,LONE STAR           101,9.0,0.0,0.0,6.0,3.0,,84,ccd-lea-1997
1997,0805460,2070,MANCOS              RE-6,36.0,0.0,0.0,16.0,19.0,,524,ccd-lea-1997
1997,0805490,1030,MANITOU SPRINGS     14,76.0,0.0,2.0,28.0,45.0,,1392,ccd-lea-1997
1997,0805520,2535,MANZANOLA           3J,21.0,0.0,0.0,8.0,11.0,,261,ccd-lea-1997
1997,0805550,0010,MAPLETON            1,251.0,5.0,9.0,126.0,109.0,,5094,ccd-lea-1997
1997,0805580,0310,MC CLAVE            RE-2,25.0,0.0,0.0,12.0,11.0,,285,ccd-lea-1997
1997,0805610,2710,MEEKER              RE1,47.0,0.0,1.0,16.0,28.0,,751,ccd-lea-1997
1997,0804350,2000,MESA COUNTY VALLEY  51,1040.0,7.0,33.0,460.0,539.0,,18995,ccd-lea-1997
1997,0805670,1130,MIAMI/YODER         60 JT,24.0,0.0,0.0,11.0,13.0,,327,ccd-lea-1997
1997,0805700,2800,MOFFAT              2,24.0,0.0,0.0,12.0,11.0,,214,ccd-lea-1997
1997,0805730,2020,MOFFAT COUNTY       RE:NO 1,147.0,2.0,4.0,52.0,88.0,,2832,ccd-lea-1997
1997,0805760,2740,MONTE VISTA         C-8,91.0,1.0,2.0,39.0,48.0,,1459,ccd-lea-1997
1997,0803090,2035,MONTEZUMA-CORTEZ    RE-1,201.0,1.0,6.0,93.0,100.0,,3436,ccd-lea-1997
1997,0805790,2180,MONTROSE COUNTY     RE-1J,302.0,2.0,9.0,123.0,167.0,,5266,ccd-lea-1997
1997,0899160,9030,MOUNTAIN BOCES,19.0,0.0,0.0,8.0,11.0,,107,ccd-lea-1997
1997,0806300,2790,MOUNTAIN VALLEY     RE 1,19.0,0.0,0.0,8.0,9.0,,188,ccd-lea-1997
1997,0805100,0550,NORTH CONEJOS       RE-1J,74.0,0.0,1.0,32.0,39.0,,1225,ccd-lea-1997
1997,0807050,1410,NORTH PARK          R-1,24.0,0.0,0.0,10.0,12.0,,327,ccd-lea-1997
1997,0899180,9040,NORTHEAST BOCES,2.0,0.0,0.0,1.0,1.0,,0,ccd-lea-1997
1997,0899200,9035,NORTHERN COLO BOCES,0.0,0.0,0.0,0.0,0.0,,0,ccd-lea-1997
1997,0806900,0020,NORTHGLENN-THORNTON 12,1352.0,10.0,51.0,652.0,638.0,,26723,ccd-lea-1997
1997,0899220,9095,NORTHWEST COLO BOCES,3.0,0.0,0.0,2.0,1.0,,0,ccd-lea-1997
1997,0805880,2840,NORWOOD             R-2J,26.0,0.0,0.0,9.0,15.0,,337,ccd-lea-1997
1997,0805940,3050,OTIS                R-3,19.0,0.0,0.0,9.0,9.0,,208,ccd-lea-1997
1997,0805970,2580,OURAY               R-1,23.0,0.0,0.0,8.0,13.0,,269,ccd-lea-1997
1997,0803810,1570,PARK (ESTES PARK)   R-3,79.0,0.0,2.0,31.0,45.0,,1353,ccd-lea-1997
1997,0803840,2610,PARK COUNTY         RE-2,42.0,0.0,1.0,24.0,17.0,,613,ccd-lea-1997
1997,0804440,3148,PAWNEE              RE-12,16.0,0.0,0.0,8.0,7.0,,143,ccd-lea-1997
1997,0806060,1060,PEYTON              23 JT,36.0,0.0,1.0,12.0,21.0,,619,ccd-lea-1997
1997,0899240,9045,PIKES PEAK BOCES,13.0,0.0,0.0,5.0,7.0,,24,ccd-lea-1997
1997,0806930,1440,PLAINVIEW           RE-2,12.0,0.0,0.0,3.0,8.0,,92,ccd-lea-1997
1997,0806030,1870,PLATEAU             RE-5,17.0,0.0,0.0,7.0,9.0,,149,ccd-lea-1997
1997,0803030,1990,PLATEAU VALLEY      50,44.0,0.0,0.0,14.0,29.0,,578,ccd-lea-1997
1997,0802370,2600,PLATTE CANYON       1,94.0,0.0,2.0,38.0,53.0,,1613,ccd-lea-1997
1997,0806000,2865,PLATTE VALLEY       RE-3,18.0,0.0,0.0,9.0,8.0,,148,ccd-lea-1997
1997,0804950,3130,PLATTE VALLEY       RE-7,64.0,1.0,1.0,28.0,32.0,,1038,ccd-lea-1997
1997,0803990,1550,POUDRE              R-1,1184.0,8.0,40.0,638.0,495.0,,22823,ccd-lea-1997
1997,0806720,3147,PRAIRIE             RE-11,17.0,0.0,0.0,10.0,6.0,,137,ccd-lea-1997
1997,0807260,1590,PRIMERO REORGANIZED 2,18.0,0.0,0.0,9.0,8.0,,197,ccd-lea-1997
1997,0806090,0240,PRITCHETT           RE-3,12.0,0.0,0.0,5.0,6.0,,104,ccd-lea-1997
1997,0806120,2690,PUEBLO CITY         60,936.0,10.0,34.0,448.0,443.0,,17970,ccd-lea-1997
1997,0806150,2700,PUEBLO COUNTY RURAL 70,306.0,2.0,11.0,125.0,165.0,,6087,ccd-lea-1997
1997,0806180,2720,RANGELY             RE-4,43.0,0.0,1.0,14.0,27.0,,765,ccd-lea-1997
1997,0806210,2590,RIDGWAY             R-2,23.0,0.0,0.0,9.0,13.0,,324,ccd-lea-1997
1997,0899280,9125,RIO BLANCO BOCES,12.0,0.0,0.0,8.0,3.0,,0,ccd-lea-1997
1997,0804260,1180,ROARING FORK        RE-1,268.0,1.0,9.0,109.0,148.0,,4862,ccd-lea-1997
1997,0806270,2530,ROCKY FORD          R-2,94.0,0.0,2.0,45.0,46.0,,1112,ccd-lea-1997
1997,0806330,0500,SALIDA              R-32,88.0,0.0,1.0,40.0,46.0,,1289,ccd-lea-1997
1997,0899300,9050,SAN JUAN BOCES,0.0,0.0,0.0,0.0,0.0,,0,ccd-lea-1997
1997,0899320,9055,SAN LUIS VALLEY BOCES,8.0,0.0,0.0,5.0,3.0,,0,ccd-lea-1997
1997,0806390,0560,SANFORD             6J,21.0,0.0,0.0,9.0,11.0,,351,ccd-lea-1997
1997,0806420,0110,SANGRE DE CRISTO    RE-22J,23.0,0.0,0.0,10.0,12.0,,299,ccd-lea-1997
1997,0806450,2750,SARGENT             RE-33J,32.0,0.0,0.0,16.0,15.0,,414,ccd-lea-1997
1997,0806540,0123,SHERIDAN            2,133.0,0.0,4.0,60.0,68.0,,2136,ccd-lea-1997
1997,0804140,0740,SIERRA GRANDE       R-30,23.0,0.0,0.0,12.0,10.0,,363,ccd-lea-1997
1997,0806570,2820,SILVERTON           1,11.0,0.0,0.0,6.0,4.0,,102,ccd-lea-1997
1997,0899340,9060,SOUTH CENTRAL BOCES,1.0,0.0,0.0,0.0,0.0,,0,ccd-lea-1997
1997,0802130,0580,SOUTH CONEJOS       RE-10,35.0,0.0,1.0,18.0,15.0,,475,ccd-lea-1997
1997,0899360,9065,SOUTH PLATTE VALLEY BOCES,1.0,0.0,0.0,1.0,0.0,,0,ccd-lea-1997
1997,0805910,2780,SOUTH ROUTT         RE 3,34.0,0.0,1.0,16.0,16.0,,483,ccd-lea-1997
1997,0899400,9075,SOUTHEASTERN BOCES,4.0,2.0,0.0,1.0,1.0,,107,ccd-lea-1997
1997,0899420,9080,SOUTHWEST BOCES,5.0,0.0,0.0,0.0,5.0,,115,ccd-lea-1997
1997,0806630,0250,SPRINGFIELD         RE-4,31.0,0.0,0.0,14.0,16.0,,351,ccd-lea-1997
1997,0805370,0470,ST VRAIN VALLEY     RE 1J,873.0,11.0,33.0,378.0,450.0,,17873,ccd-lea-1997
1997,0806660,2770,STEAMBOAT SPRINGS   RE-2,121.0,0.0,3.0,54.0,63.0,,1959,ccd-lea-1997
1997,0806750,0060,STRASBURG           31J,29.0,0.0,0.0,14.0,13.0,,528,ccd-lea-1997
1997,0806780,1480,STRATTON            R-4,21.0,0.0,0.0,8.0,11.0,,344,ccd-lea-1997
1997,0806810,3000,SUMMIT              RE-1,159.0,1.0,4.0,77.0,76.0,,2435,ccd-lea-1997
1997,0806840,2570,SWINK               33,28.0,0.0,0.0,15.0,12.0,,341,ccd-lea-1997
1997,0806870,2830,TELLURIDE           R-1,36.0,0.0,0.0,16.0,19.0,,496,ccd-lea-1997
1997,0805400,1560,THOMPSON            R-2J,726.0,0.0,24.0,318.0,382.0,,14021,ccd-lea-1997
1997,0806960,1580,TRINIDAD            1,95.0,0.0,3.0,42.0,50.0,,1560,ccd-lea-1997
1997,0806690,1828,VALLEY              RE-1,186.0,0.0,5.0,82.0,97.0,,2731,ccd-lea-1997
1997,0806990,0260,VILAS               RE-5,12.0,0.0,0.0,4.0,7.0,,91,ccd-lea-1997
1997,0807110,0230,WALSH               RE-1,22.0,0.0,0.0,9.0,11.0,,275,ccd-lea-1997
1997,0899440,9085,WELD BOCES,12.0,0.0,0.0,4.0,8.0,,98,ccd-lea-1997
1997,0804020,3140,WELD COUNTY RE-8,151.0,4.0,5.0,60.0,81.0,,2662,ccd-lea-1997
1997,0807140,2505,WELDON VALLEY       RE-20(J),17.0,0.0,0.0,8.0,8.0,,157,ccd-lea-1997
1997,0800008,9090,WEST CENTRAL BOCES,0.0,0.0,0.0,0.0,0.0,,0,ccd-lea-1997
1997,0805850,2190,WEST END            RE-2,38.0,1.0,0.0,15.0,21.0,,547,ccd-lea-1997
1997,0805070,1340,WEST GRAND          1-JT.,40.0,0.0,0.0,15.0,23.0,,554,ccd-lea-1997
1997,0807170,3420,WEST YUMA COUNTY    RJ-1,85.0,0.0,2.0,38.0,43.0,,1023,ccd-lea-1997
1997,0807230,0070,WESTMINSTER         50,649.0,7.0,22.0,280.0,339.0,,11453,ccd-lea-1997
1997,0806480,0990,WIDEFIELD           3,457.0,3.0,14.0,218.0,221.0,,8381,ccd-lea-1997
1997,0807290,2515,WIGGINS             RE-50(J),38.0,0.0,0.0,20.0,16.0,,569,ccd-lea-1997
1997,0807320,2680,WILEY               RE-13 JT,24.0,0.0,0.0,11.0,12.0,,350,ccd-lea-1997
1997,0807350,3100,WINDSOR             RE-4,132.0,1.0,3.0,58.0,68.0,,2204,ccd-lea-1997
1997,0807380,3020,WOODLAND PARK       RE-2,179.0,2.0,4.0,77.0,94.0,,3255,ccd-lea-1997
1997,0807410,3070,WOODLIN             R-104,15.0,0.0,0.0,7.0,8.0,,135,ccd-lea-1997
1998,0801920,1040,ACADEMY             20,974.0,1.0,25.0,452.0,494.0,,15821,ccd-lea-1998
1998,0801950,0030,ADAMS COUNTY        14,355.0,8.0,12.0,177.0,157.0,,6102,ccd-lea-1998
1998,0800009,9120,ADAMS COUNTY BOCES,0.0,0.0,0.0,0.0,0.0,,0,ccd-lea-1998
1998,0802340,0180,ADAMS-ARAPAHOE      28J,1546.0,15.0,59.0,698.0,773.0,,29027,ccd-lea-1998
1998,0801980,0960,AGATE               300,12.0,0.0,0.0,11.0,0.0,,80,ccd-lea-1998
1998,0802010,1620,AGUILAR REORGANIZED 6,19.0,0.0,0.0,10.0,8.0,,169,ccd-lea-1998
1998,0802040,3030,AKRON               R-1,36.0,0.0,0.0,22.0,13.0,,462,ccd-lea-1998
1998,0802070,0100,ALAMOSA             RE-11J,154.0,1.0,4.0,73.0,75.0,,2503,ccd-lea-1998
1998,0802190,0220,ARCHULETA COUNTY    50 JT,83.0,0.0,2.0,44.0,37.0,,1552,ccd-lea-1998
1998,0802220,3040,ARICKAREE           R-2,18.0,0.0,0.0,8.0,9.0,,131,ccd-lea-1998
1998,0899040,9020,ARKANSAS VALLEY BOCES,6.0,0.0,0.0,6.0,0.0,,33,ccd-lea-1998
1998,0802260,1450,ARRIBA-FLAGLER      C-20,22.0,0.0,0.0,10.0,11.0,,261,ccd-lea-1998
1998,0802280,2640,ASPEN               1,96.0,0.0,1.0,36.0,58.0,,1289,ccd-lea-1998
1998,0802310,3145,AULT-HIGHLAND       RE-9,67.0,0.0,1.0,24.0,41.0,,889,ccd-lea-1998
1998,0802400,1530,BAYFIELD            10 JT-R,67.0,0.0,1.0,25.0,40.0,,1050,ccd-lea-1998
1998,0802430,0050,BENNETT             29J,64.0,0.0,1.0,25.0,37.0,,995,ccd-lea-1998
1998,0802460,1490,BETHUNE             R-5,16.0,0.0,0.0,11.0,5.0,,163,ccd-lea-1998
1998,0806600,0940,BIG SANDY           100J,26.0,0.0,0.0,7.0,18.0,,371,ccd-lea-1998
1998,0802490,0480,BOULDER VALLEY      RE 2,1483.0,5.0,46.0,739.0,693.0,,26880,ccd-lea-1998
1998,0802520,1750,BRANSON REORGANIZED 82,7.0,0.0,0.0,3.0,4.0,,53,ccd-lea-1998
1998,0802550,3146,BRIGGSDALE          RE-10,16.0,0.0,0.0,8.0,8.0,,135,ccd-lea-1998
1998,0802580,0040,BRIGHTON            27J,266.0,4.0,9.0,105.0,147.0,,4980,ccd-lea-1998
1998,0802610,2395,BRUSH               RE-2(J),97.0,1.0,2.0,40.0,53.0,,1568,ccd-lea-1998
1998,0802640,0490,BUENA VISTA         R-31,65.0,0.0,1.0,24.0,39.0,,902,ccd-lea-1998
1998,0805640,1860,BUFFALO             RE-4,23.0,0.0,0.0,8.0,14.0,,266,ccd-lea-1998
1998,0802670,1500,BURLINGTON          RE-6J,58.0,0.0,1.0,19.0,36.0,,880,ccd-lea-1998
1998,0802700,0190,BYERS               32J,44.0,0.0,0.0,29.0,14.0,,478,ccd-lea-1998
1998,0802730,0970,CALHAN RJ-1,35.0,0.0,0.0,13.0,20.0,,578,ccd-lea-1998
1998,0802760,0270,CAMPO               RE-6,12.0,0.0,0.0,4.0,7.0,,86,ccd-lea-1998
1998,0802790,1140,CANON CITY          RE-1,236.0,0.0,7.0,126.0,102.0,,4310,ccd-lea-1998
1998,0806360,0640,CENTENNIAL          R-1,27.0,0.0,0.0,12.0,13.0,,353,ccd-lea-1998
1998,0899200,9035,CENTENNIAL BOCS,7.0,0.0,0.0,7.0,0.0,,132,ccd-lea-1998
1998,0802850,2810,CENTER              26 JT,55.0,0.0,1.0,26.0,26.0,,729,ccd-lea-1998
1998,0802880,2560,CHERAW              31,21.0,0.0,0.0,8.0,12.0,,232,ccd-lea-1998
1998,0802910,0130,CHERRY CREEK        5,2254.0,7.0,67.0,1026.0,1153.0,,40089,ccd-lea-1998
1998,0800001,0520,CHEYENNE COUNTY     RE-5,33.0,0.0,0.0,10.0,21.0,,329,ccd-lea-1998
1998,0802940,1020,CHEYENNE MOUNTAIN   12,209.0,0.0,6.0,108.0,93.0,,3843,ccd-lea-1998
1998,0803000,0540,CLEAR CREEK         RE-1,86.0,1.0,2.0,46.0,36.0,,1438,ccd-lea-1998
1998,0803060,1010,COLORADO SPRINGS    11,1781.0,11.0,58.0,852.0,858.0,,32589,ccd-lea-1998
1998,0807200,0860,CONSOLIDATED        C-1,29.0,0.0,0.0,14.0,14.0,,423,ccd-lea-1998
1998,0803120,1160,COTOPAXI            RE-3,25.0,0.0,0.0,9.0,15.0,,335,ccd-lea-1998
1998,0803150,2010,CREEDE CONSOLIDATED 1,19.0,0.0,0.0,10.0,8.0,,158,ccd-lea-1998
1998,0803180,3010,CRIPPLE CREEK-VICTOR RE-1,33.0,0.0,1.0,16.0,15.0,,605,ccd-lea-1998
1998,0803210,0770,CROWLEY COUNTY      RE-1-J,46.0,0.0,1.0,19.0,25.0,,616,ccd-lea-1998
1998,0803240,1980,DE BEQUE            49JT,18.0,0.0,0.0,17.0,0.0,,174,ccd-lea-1998
1998,0803270,0170,DEER TRAIL          26J,19.0,0.0,0.0,9.0,10.0,,186,ccd-lea-1998
1998,0803300,2730,DEL NORTE           C-7,65.0,0.0,1.0,35.0,28.0,,730,ccd-lea-1998
1998,0803330,0870,DELTA COUNTY        50(J),276.0,0.0,7.0,115.0,153.0,,4665,ccd-lea-1998
1998,0803360,0880,DENVER COUNTY       1,3387.0,76.0,145.0,1613.0,1551.0,,68790,ccd-lea-1998
1998,0803390,2055,DOLORES             RE-4A,46.0,0.0,1.0,20.0,23.0,,638,ccd-lea-1998
1998,0803420,0890,DOLORES COUNTY      RE NO.2,24.0,0.0,0.0,8.0,14.0,,344,ccd-lea-1998
1998,0803450,0900,DOUGLAS COUNTY      RE 1,1716.0,4.0,63.0,947.0,701.0,,29847,ccd-lea-1998
1998,0803480,1520,DURANGO             9-R,311.0,0.0,7.0,130.0,173.0,,4826,ccd-lea-1998
1998,0803510,1430,EADS                RE-1,22.0,0.0,0.0,8.0,13.0,,307,ccd-lea-1998
1998,0803540,0910,EAGLE COUNTY        RE 50,318.0,0.0,9.0,149.0,159.0,,4344,ccd-lea-1998
1998,0899080,9025,EAST CENTRAL BOCES,3.0,0.0,0.0,3.0,0.0,,0,ccd-lea-1998
1998,0804320,1350,EAST GRAND          2,89.0,0.0,1.0,37.0,49.0,,1267,ccd-lea-1998
1998,0805130,2520,EAST OTERO          R-1,131.0,0.0,3.0,55.0,72.0,,1903,ccd-lea-1998
1998,0803570,3430,EAST YUMA COUNTY    RJ-2,77.0,1.0,1.0,30.0,44.0,,1006,ccd-lea-1998
1998,0803600,3085,EATON               RE-2,84.0,0.0,2.0,27.0,54.0,,1343,ccd-lea-1998
1998,0803630,1120,EDISON              54 JT,7.0,0.0,0.0,3.0,3.0,,65,ccd-lea-1998
1998,0803690,0950,ELBERT              200,21.0,0.0,0.0,8.0,11.0,,278,ccd-lea-1998
1998,0803720,0920,ELIZABETH           C-1,147.0,0.0,3.0,60.0,82.0,,2514,ccd-lea-1998
1998,0803750,1050,ELLICOTT            22,59.0,0.0,1.0,31.0,27.0,,794,ccd-lea-1998
1998,0803780,0120,ENGLEWOOD           1,229.0,4.0,6.0,82.0,136.0,,4568,ccd-lea-1998
1998,0800004,9130,EXPEDITIONARY BOCES,16.0,0.0,0.0,15.0,0.0,,319,ccd-lea-1998
1998,0803870,1110,FALCON              49,286.0,1.0,9.0,129.0,146.0,,5089,ccd-lea-1998
1998,0803960,1150,FLORENCE            RE-2,119.0,0.0,3.0,58.0,57.0,,1964,ccd-lea-1998
1998,0804050,2405,FORT MORGAN         RE-3,200.0,2.0,6.0,105.0,86.0,,3172,ccd-lea-1998
1998,0804080,1000,FOUNTAIN            8,282.0,2.0,12.0,147.0,119.0,,4747,ccd-lea-1998
1998,0804110,2540,FOWLER              R-4J,31.0,0.0,0.0,14.0,16.0,,386,ccd-lea-1998
1998,0803930,1850,FRENCHMAN           RE-3,21.0,0.0,0.0,20.0,0.0,,229,ccd-lea-1998
1998,0800015,9160,FRONT RANGE BOCES,0.0,0.0,0.0,0.0,0.0,,0,ccd-lea-1998
1998,0804380,1220,GARFIELD            16,41.0,0.0,1.0,20.0,19.0,,746,ccd-lea-1998
1998,0806240,1195,GARFIELD RE-2,174.0,2.0,6.0,166.0,0.0,,3491,ccd-lea-1998
1998,0804740,1780,GENOA-HUGO          C113,25.0,0.0,0.0,10.0,13.0,,308,ccd-lea-1998
1998,0804200,3080,GILCREST            RE-1,129.0,1.0,3.0,51.0,72.0,,1959,ccd-lea-1998
1998,0804230,1330,GILPIN COUNTY       RE-1,31.0,0.0,0.0,13.0,16.0,,384,ccd-lea-1998
1998,0804290,2650,GRANADA             RE-1,26.0,0.0,0.0,13.0,12.0,,309,ccd-lea-1998
1998,0800011,9135,GRAND VALLEY BOCES,0.0,0.0,0.0,0.0,0.0,,0,ccd-lea-1998
1998,0804410,3120,GREELEY             6,821.0,6.0,31.0,424.0,358.0,,14584,ccd-lea-1998
1998,0804470,1360,GUNNISON WATERSHED  RE1J,132.0,0.0,3.0,49.0,79.0,,1672,ccd-lea-1998
1998,0804500,1070,HANOVER             28,18.0,0.0,0.0,10.0,7.0,,194,ccd-lea-1998
1998,0804530,0980,HARRISON            2,649.0,0.0,23.0,340.0,285.0,,10450,ccd-lea-1998
1998,0804560,2630,HAXTUN              RE-2J,25.0,0.0,0.0,13.0,11.0,,310,ccd-lea-1998
1998,0804590,2760,HAYDEN              RE-1,30.0,1.0,1.0,11.0,16.0,,580,ccd-lea-1998
1998,0806510,1460,HI-PLAINS           R-23,17.0,0.0,0.0,17.0,0.0,,120,ccd-lea-1998
1998,0804620,1380,HINSDALE COUNTY     RE 1,5.0,0.0,0.0,2.0,2.0,,66,ccd-lea-1998
1998,0804650,1600,HOEHNE REORGANIZED  3,24.0,0.0,0.0,11.0,12.0,,342,ccd-lea-1998
1998,0804680,2670,HOLLY               RE-3,26.0,0.0,0.0,12.0,12.0,,365,ccd-lea-1998
1998,0804710,2620,HOLYOKE             RE-1J,44.0,0.0,1.0,25.0,18.0,,655,ccd-lea-1998
1998,0807080,1390,HUERFANO            RE-1,60.0,1.0,1.0,27.0,30.0,,885,ccd-lea-1998
1998,0804770,1540,IGNACIO             11 JT,73.0,0.0,2.0,37.0,33.0,,1101,ccd-lea-1998
1998,0804800,1420,JEFFERSON COUNTY    R-1,4282.0,25.0,148.0,2091.0,2017.0,,88654,ccd-lea-1998
1998,0804830,3110,JOHNSTOWN-MILLIKEN  RE-5J,93.0,0.0,2.0,41.0,49.0,,1441,ccd-lea-1998
1998,0804860,2862,JULESBURG           RE-1,24.0,1.0,0.0,11.0,10.0,,356,ccd-lea-1998
1998,0804890,1810,KARVAL              RE-23,13.0,0.0,0.0,5.0,8.0,,97,ccd-lea-1998
1998,0804920,3090,KEENESBURG          RE-3(J),90.0,0.0,3.0,46.0,40.0,,1509,ccd-lea-1998
1998,0804980,1760,KIM REORGANIZED     88,11.0,0.0,0.0,6.0,5.0,,86,ccd-lea-1998
1998,0805010,0930,KIOWA               C-2,28.0,0.0,0.0,12.0,14.0,,349,ccd-lea-1998
1998,0805040,0510,KIT CARSON          R-1,17.0,0.0,0.0,8.0,8.0,,134,ccd-lea-1998
1998,0805160,1400,LA VETA RE-2,26.0,0.0,0.0,10.0,15.0,,332,ccd-lea-1998
1998,0805190,1510,LAKE COUNTY         R-1,81.0,2.0,2.0,24.0,51.0,,1331,ccd-lea-1998
1998,0805220,2660,LAMAR               RE-2,127.0,0.0,3.0,123.0,0.0,,1915,ccd-lea-1998
1998,0800010,9110,LARIMER BOCES,0.0,0.0,0.0,0.0,0.0,,0,ccd-lea-1998
1998,0805250,0290,LAS ANIMAS          RE-1,54.0,0.0,1.0,23.0,29.0,,745,ccd-lea-1998
1998,0805820,1080,LEWIS-PALMER        38,204.0,0.0,6.0,78.0,119.0,,4105,ccd-lea-1998
1998,0805280,1790,LIMON               RE-4J,34.0,0.0,0.0,16.0,16.0,,648,ccd-lea-1998
1998,0805310,0140,LITTLETON           6,915.0,8.0,26.0,410.0,470.0,,16399,ccd-lea-1998
1998,0805340,3060,LONE STAR           101,10.0,0.0,0.0,4.0,5.0,,93,ccd-lea-1998
1998,0805460,2070,MANCOS              RE-6,37.0,0.0,1.0,15.0,21.0,,551,ccd-lea-1998
1998,0805490,1030,MANITOU SPRINGS     14,81.0,0.0,1.0,32.0,46.0,,1394,ccd-lea-1998
1998,0805520,2535,MANZANOLA           3J,22.0,0.0,0.0,10.0,11.0,,282,ccd-lea-1998
1998,0805550,0010,MAPLETON            1,251.0,4.0,10.0,121.0,114.0,,4939,ccd-lea-1998
1998,0805580,0310,MC CLAVE            RE-2,26.0,0.0,0.0,9.0,15.0,,290,ccd-lea-1998
1998,0805610,2710,MEEKER              RE1,46.0,0.0,1.0,14.0,30.0,,751,ccd-lea-1998
1998,0804350,2000,MESA COUNTY VALLEY  51,1052.0,8.0,33.0,452.0,558.0,,19146,ccd-lea-1998
1998,0805670,1130,MIAMI/YODER         60 JT,24.0,0.0,0.0,11.0,12.0,,324,ccd-lea-1998
1998,0805700,2800,MOFFAT              2,25.0,0.0,0.0,8.0,17.0,,196,ccd-lea-1998
1998,0805730,2020,MOFFAT COUNTY       RE:NO 1,156.0,2.0,4.0,56.0,93.0,,2697,ccd-lea-1998
1998,0805760,2740,MONTE VISTA         C-8,92.0,1.0,2.0,40.0,49.0,,1443,ccd-lea-1998
1998,0803090,2035,MONTEZUMA-CORTEZ    RE-1,212.0,1.0,7.0,96.0,106.0,,3513,ccd-lea-1998
1998,0805790,2180,MONTROSE COUNTY     RE-1J,310.0,2.0,9.0,128.0,170.0,,5338,ccd-lea-1998
1998,0899160,9030,MOUNTAIN BOCES,13.0,0.0,0.0,4.0,9.0,,107,ccd-lea-1998
1998,0806300,2790,MOUNTAIN VALLEY     RE 1,19.0,0.0,0.0,18.0,0.0,,190,ccd-lea-1998
1998,0800012,9140,MT EVANS BOCES,0.0,0.0,0.0,0.0,0.0,,0,ccd-lea-1998
1998,0805100,0550,NORTH CONEJOS       RE-1J,73.0,0.0,2.0,30.0,41.0,,1209,ccd-lea-1998
1998,0807050,1410,NORTH PARK          R-1,25.0,0.0,0.0,11.0,14.0,,306,ccd-lea-1998
1998,0899180,9040,NORTHEAST BOCES,0.0,0.0,0.0,0.0,0.0,,0,ccd-lea-1998
1998,0806900,0020,NORTHGLENN-THORNTON 12,1459.0,13.0,50.0,638.0,757.0,,27955,ccd-lea-1998
1998,0899220,9095,NORTHWEST COLO BOCES,3.0,0.0,0.0,3.0,0.0,,0,ccd-lea-1998
1998,0805880,2840,NORWOOD             R-2J,26.0,0.0,0.0,25.0,0.0,,324,ccd-lea-1998
1998,0805940,3050,OTIS                R-3,20.0,0.0,0.0,8.0,11.0,,211,ccd-lea-1998
1998,0805970,2580,OURAY               R-1,23.0,0.0,0.0,7.0,15.0,,262,ccd-lea-1998
1998,0803810,1570,PARK (ESTES PARK)   R-3,93.0,0.0,2.0,39.0,50.0,,1344,ccd-lea-1998
1998,0803840,2610,PARK COUNTY         RE-2,49.0,1.0,1.0,30.0,16.0,,625,ccd-lea-1998
1998,0804440,3148,PAWNEE              RE-12,15.0,0.0,0.0,11.0,4.0,,139,ccd-lea-1998
1998,0806060,1060,PEYTON              23 JT,40.0,0.0,1.0,15.0,23.0,,687,ccd-lea-1998
1998,0899240,9045,PIKES PEAK BOCES,82.0,0.0,0.0,75.0,6.0,,0,ccd-lea-1998
1998,0806930,1440,PLAINVIEW           RE-2,12.0,0.0,0.0,4.0,7.0,,87,ccd-lea-1998
1998,0806030,1870,PLATEAU             RE-5,16.0,0.0,0.0,7.0,8.0,,163,ccd-lea-1998
1998,0803030,1990,PLATEAU VALLEY      50,40.0,0.0,0.0,11.0,27.0,,557,ccd-lea-1998
1998,0802370,2600,PLATTE CANYON       1,94.0,1.0,2.0,90.0,0.0,,1584,ccd-lea-1998
1998,0806000,2865,PLATTE VALLEY       RE-3,19.0,0.0,0.0,9.0,9.0,,139,ccd-lea-1998
1998,0804950,3130,PLATTE VALLEY       RE-7,67.0,1.0,1.0,27.0,37.0,,1077,ccd-lea-1998
1998,0803990,1550,POUDRE              R-1,1248.0,4.0,40.0,674.0,529.0,,23178,ccd-lea-1998
1998,0806720,3147,PRAIRIE             RE-11,19.0,0.0,0.0,11.0,8.0,,130,ccd-lea-1998
1998,0807260,1590,PRIMERO REORGANIZED 2,17.0,0.0,0.0,9.0,7.0,,186,ccd-lea-1998
1998,0806090,0240,PRITCHETT           RE-3,11.0,0.0,0.0,8.0,2.0,,103,ccd-lea-1998
1998,0806120,2690,PUEBLO CITY         60,1062.0,10.0,35.0,488.0,528.0,,17789,ccd-lea-1998
1998,0806150,2700,PUEBLO COUNTY RURAL 70,342.0,2.0,10.0,145.0,183.0,,6456,ccd-lea-1998
1998,0806180,2720,RANGELY             RE-4,43.0,0.0,1.0,15.0,26.0,,746,ccd-lea-1998
1998,0806210,2590,RIDGWAY             R-2,22.0,0.0,0.0,5.0,16.0,,297,ccd-lea-1998
1998,0899280,9125,RIO BLANCO BOCES,0.0,0.0,0.0,0.0,0.0,,0,ccd-lea-1998
1998,0804260,1180,ROARING FORK        RE-1,310.0,2.0,9.0,134.0,164.0,,4909,ccd-lea-1998
1998,0806270,2530,ROCKY FORD          R-2,91.0,0.0,2.0,41.0,47.0,,1098,ccd-lea-1998
1998,0806330,0500,SALIDA              R-32,94.0,0.0,1.0,41.0,51.0,,1297,ccd-lea-1998
1998,0899300,9050,SAN JUAN BOCES,0.0,0.0,0.0,0.0,0.0,,0,ccd-lea-1998
1998,0899320,9055,SAN LUIS VALLEY BOCES,11.0,0.0,0.0,11.0,0.0,,0,ccd-lea-1998
1998,0806390,0560,SANFORD             6J,22.0,0.0,0.0,8.0,13.0,,361,ccd-lea-1998
1998,0806420,0110,SANGRE DE CRISTO    RE-22J,24.0,0.0,0.0,12.0,10.0,,321,ccd-lea-1998
1998,0800014,9150,SANTA FE TRAIL BOCES,0.0,0.0,0.0,0.0,0.0,,0,ccd-lea-1998
1998,0806450,2750,SARGENT             RE-33J,31.0,0.0,0.0,16.0,13.0,,415,ccd-lea-1998
1998,0806540,0123,SHERIDAN            2,131.0,0.0,3.0,63.0,63.0,,2102,ccd-lea-1998
1998,0804140,0740,SIERRA GRANDE       R-30,23.0,0.0,0.0,10.0,12.0,,317,ccd-lea-1998
1998,0806570,2820,SILVERTON           1,10.0,0.0,0.0,5.0,5.0,,86,ccd-lea-1998
1998,0899340,9060,SOUTH CENTRAL BOCES,47.0,0.0,0.0,47.0,0.0,,0,ccd-lea-1998
1998,0802130,0580,SOUTH CONEJOS       RE-10,31.0,0.0,0.0,18.0,11.0,,444,ccd-lea-1998
1998,0899360,9065,SOUTH PLATTE VALLEY BOCES,1.0,0.0,0.0,1.0,0.0,,0,ccd-lea-1998
1998,0805910,2780,SOUTH ROUTT         RE 3,36.0,0.0,0.0,16.0,19.0,,460,ccd-lea-1998
1998,0899400,9075,SOUTHEASTERN BOCES,5.0,0.0,0.0,5.0,0.0,,0,ccd-lea-1998
1998,0899420,9080,SOUTHWEST BOCES,8.0,0.0,0.0,0.0,8.0,,142,ccd-lea-1998
1998,0806630,0250,SPRINGFIELD         RE-4,27.0,0.0,0.0,12.0,14.0,,388,ccd-lea-1998
1998,0805370,0470,ST VRAIN VALLEY     RE 1J,917.0,13.0,31.0,435.0,437.0,,18397,ccd-lea-1998
1998,0806660,2770,STEAMBOAT SPRINGS   RE-2,126.0,0.0,2.0,54.0,68.0,,1922,ccd-lea-1998
1998,0806750,0060,STRASBURG           31J,31.0,0.0,1.0,17.0,12.0,,592,ccd-lea-1998
1998,0806780,1480,STRATTON            R-4,21.0,0.0,0.0,9.0,11.0,,303,ccd-lea-1998
1998,0806810,3000,SUMMIT              RE-1,168.0,1.0,4.0,74.0,88.0,,2526,ccd-lea-1998
1998,0806840,2570,SWINK               33,30.0,0.0,0.0,13.0,15.0,,358,ccd-lea-1998
1998,0806870,2830,TELLURIDE           R-1,39.0,0.0,0.0,16.0,21.0,,493,ccd-lea-1998
1998,0805400,1560,THOMPSON            R-2J,745.0,0.0,23.0,351.0,370.0,,14161,ccd-lea-1998
1998,0806960,1580,TRINIDAD            1,97.0,0.0,2.0,41.0,53.0,,1515,ccd-lea-1998
1998,0800013,9145,UNCOMPAHGRE BOCS,0.0,0.0,0.0,0.0,0.0,,0,ccd-lea-1998
1998,0806690,1828,VALLEY              RE-1,169.0,0.0,5.0,73.0,90.0,,2743,ccd-lea-1998
1998,0806990,0260,VILAS               RE-5,12.0,0.0,0.0,4.0,8.0,,79,ccd-lea-1998
1998,0807110,0230,WALSH               RE-1,23.0,0.0,0.0,10.0,11.0,,252,ccd-lea-1998
1998,0804020,3140,WELD COUNTY RE-8,162.0,3.0,4.0,53.0,99.0,,2635,ccd-lea-1998
1998,0807140,2505,WELDON VALLEY       RE-20(J),18.0,0.0,0.0,9.0,8.0,,159,ccd-lea-1998
1998,0800008,9090,WEST CENTRAL BOCES,0.0,0.0,0.0,0.0,0.0,,0,ccd-lea-1998
1998,0805850,2190,WEST END            RE-2,35.0,0.0,0.0,13.0,20.0,,544,ccd-lea-1998
1998,0805070,1340,WEST GRAND          1-JT.,46.0,0.0,0.0,17.0,28.0,,526,ccd-lea-1998
1998,0807170,3420,WEST YUMA COUNTY    RJ-1,80.0,1.0,1.0,24.0,52.0,,1083,ccd-lea-1998
1998,0807230,0070,WESTMINSTER         50,688.0,7.0,21.0,285.0,373.0,,11504,ccd-lea-1998
1998,0806480,0990,WIDEFIELD           3,476.0,2.0,13.0,234.0,225.0,,8437,ccd-lea-1998
1998,0807290,2515,WIGGINS             RE-50(J),40.0,1.0,0.0,19.0,19.0,,619,ccd-lea-1998
1998,0807320,2680,WILEY               RE-13 JT,26.0,0.0,0.0,14.0,11.0,,369,ccd-lea-1998
1998,0807350,3100,WINDSOR             RE-4,142.0,1.0,3.0,61.0,75.0,,2362,ccd-lea-1998
1998,0807380,3020,WOODLAND PARK       RE-2,175.0,2.0,4.0,76.0,91.0,,3281,ccd-lea-1998
1998,0807410,3070,WOODLIN             R-104,15.0,0.0,0.0,5.0,9.0,,125,ccd-lea-1998
1999,0801920,1040,ACADEMY             20,971.0,1.0,28.0,438.0,502.0,,16775,ccd-lea-1999
1999,0801950,0030,ADAMS COUNTY        14,358.0,7.0,11.0,177.0,161.0,,6073,ccd-lea-1999
1999,0800009,9120,ADAMS COUNTY BOCES,0.0,0.0,0.0,0.0,0.0,,0,ccd-lea-1999
1999,0802340,0180,ADAMS-ARAPAHOE      28J,1552.0,18.0,62.0,713.0,759.0,,29639,ccd-lea-1999
1999,0801980,0960,AGATE               300,13.0,0.0,0.0,6.0,7.0,,100,ccd-lea-1999
1999,0802010,1620,AGUILAR REORGANIZED 6,17.0,0.0,0.0,10.0,6.0,,171,ccd-lea-1999
1999,0802040,3030,AKRON               R-1,35.0,0.0,0.0,22.0,12.0,,460,ccd-lea-1999
1999,0802070,0100,ALAMOSA             RE-11J,152.0,0.0,3.0,73.0,75.0,,2401,ccd-lea-1999
1999,0802190,0220,ARCHULETA COUNTY    50 JT,84.0,0.0,2.0,43.0,38.0,,1525,ccd-lea-1999
1999,0802220,3040,ARICKAREE           R-2,17.0,0.0,0.0,8.0,8.0,,117,ccd-lea-1999
1999,0802260,1450,ARRIBA-FLAGLER      C-20,22.0,0.0,0.0,10.0,11.0,,254,ccd-lea-1999
1999,0802280,2640,ASPEN               1,97.0,0.0,2.0,32.0,62.0,,1268,ccd-lea-1999
1999,0802310,3145,AULT-HIGHLAND       RE-9,68.0,0.0,1.0,27.0,39.0,,884,ccd-lea-1999
1999,0802400,1530,BAYFIELD            10 JT-R,66.0,0.0,1.0,25.0,39.0,,1047,ccd-lea-1999
1999,0802430,0050,BENNETT             29J,65.0,0.0,1.0,25.0,38.0,,958,ccd-lea-1999
1999,0802460,1490,BETHUNE             R-5,17.0,0.0,0.0,8.0,8.0,,171,ccd-lea-1999
1999,0806600,0940,BIG SANDY           100J,33.0,0.0,0.0,12.0,20.0,,365,ccd-lea-1999
1999,0802490,0480,BOULDER VALLEY      RE 2,1617.0,5.0,44.0,755.0,811.0,,26974,ccd-lea-1999
1999,0802520,1750,BRANSON REORGANIZED 82,7.0,0.0,0.0,2.0,5.0,,48,ccd-lea-1999
1999,0802550,3146,BRIGGSDALE          RE-10,16.0,0.0,0.0,9.0,7.0,,138,ccd-lea-1999
1999,0802580,0040,BRIGHTON            27J,283.0,4.0,8.0,115.0,155.0,,5308,ccd-lea-1999
1999,0802610,2395,BRUSH               RE-2(J),96.0,1.0,2.0,43.0,49.0,,1566,ccd-lea-1999
1999,0802640,0490,BUENA VISTA         R-31,66.0,0.0,1.0,25.0,40.0,,1021,ccd-lea-1999
1999,0805640,1860,BUFFALO             RE-4,23.0,0.0,0.0,8.0,14.0,,284,ccd-lea-1999
1999,0802670,1500,BURLINGTON          RE-6J,60.0,0.0,1.0,20.0,37.0,,900,ccd-lea-1999
1999,0802700,0190,BYERS               32J,34.0,1.0,1.0,16.0,15.0,,491,ccd-lea-1999
1999,0802730,0970,CALHAN RJ-1,35.0,0.0,0.0,14.0,19.0,,593,ccd-lea-1999
1999,0802760,0270,CAMPO               RE-6,12.0,0.0,0.0,4.0,7.0,,91,ccd-lea-1999
1999,0802790,1140,CANON CITY          RE-1,237.0,0.0,6.0,127.0,102.0,,4233,ccd-lea-1999
1999,0806360,0640,CENTENNIAL          R-1,29.0,0.0,0.0,13.0,14.0,,328,ccd-lea-1999
1999,0899200,9035,CENTENNIAL BOCS,16.0,0.0,0.0,11.0,5.0,,120,ccd-lea-1999
1999,0802850,2810,CENTER              26 JT,51.0,0.0,1.0,25.0,25.0,,682,ccd-lea-1999
1999,0802880,2560,CHERAW              31,19.0,0.0,0.0,8.0,10.0,,229,ccd-lea-1999
1999,0802910,0130,CHERRY CREEK        5,2385.0,7.0,65.0,1044.0,1268.0,,41052,ccd-lea-1999
1999,0800001,0520,CHEYENNE COUNTY     RE-5,32.0,0.0,0.0,10.0,21.0,,312,ccd-lea-1999
1999,0802940,1020,CHEYENNE MOUNTAIN   12,200.0,0.0,5.0,104.0,89.0,,3952,ccd-lea-1999
1999,0803000,0540,CLEAR CREEK         RE-1,88.0,1.0,2.0,43.0,40.0,,1390,ccd-lea-1999
1999,0803060,1010,COLORADO SPRINGS    11,1761.0,0.0,55.0,828.0,877.0,,31586,ccd-lea-1999
1999,0807200,0860,CONSOLIDATED        C-1,29.0,0.0,0.0,12.0,15.0,,433,ccd-lea-1999
1999,0803120,1160,COTOPAXI            RE-3,28.0,0.0,0.0,11.0,16.0,,362,ccd-lea-1999
1999,0803150,2010,CREEDE CONSOLIDATED 1,18.0,0.0,0.0,8.0,8.0,,153,ccd-lea-1999
1999,0803180,3010,CRIPPLE CREEK-VICTOR RE-1,36.0,0.0,1.0,17.0,16.0,,596,ccd-lea-1999
1999,0803210,0770,CROWLEY COUNTY      RE-1-J,45.0,0.0,0.0,19.0,25.0,,637,ccd-lea-1999
1999,0803240,1980,DE BEQUE            49JT,20.0,0.0,0.0,10.0,9.0,,169,ccd-lea-1999
1999,0803270,0170,DEER TRAIL          26J,20.0,0.0,0.0,8.0,10.0,,204,ccd-lea-1999
1999,0803300,2730,DEL NORTE           C-7,53.0,0.0,1.0,22.0,29.0,,727,ccd-lea-1999
1999,0803330,0870,DELTA COUNTY        50(J),287.0,0.0,8.0,120.0,158.0,,4595,ccd-lea-1999
1999,0803360,0880,DENVER COUNTY       1,4010.0,72.0,144.0,1997.0,1795.0,,69693,ccd-lea-1999
1999,0803390,2055,DOLORES             RE-4A,44.0,0.0,0.0,19.0,23.0,,656,ccd-lea-1999
1999,0803420,0890,DOLORES COUNTY      RE NO.2,25.0,0.0,0.0,8.0,16.0,,339,ccd-lea-1999
1999,0803450,0900,DOUGLAS COUNTY      RE 1,1851.0,5.0,65.0,1006.0,773.0,,32446,ccd-lea-1999
1999,0803480,1520,DURANGO             9-R,318.0,0.0,7.0,141.0,169.0,,4850,ccd-lea-1999
1999,0803510,1430,EADS                RE-1,25.0,0.0,0.0,10.0,14.0,,277,ccd-lea-1999
1999,0803540,0910,EAGLE COUNTY        RE 50,331.0,1.0,9.0,158.0,162.0,,4493,ccd-lea-1999
1999,0899080,9025,EAST CENTRAL BOCES,4.0,0.0,0.0,4.0,0.0,,0,ccd-lea-1999
1999,0804320,1350,EAST GRAND          2,90.0,0.0,2.0,39.0,48.0,,1285,ccd-lea-1999
1999,0805130,2520,EAST OTERO          R-1,127.0,0.0,3.0,54.0,69.0,,1749,ccd-lea-1999
1999,0803570,3430,EAST YUMA COUNTY    RJ-2,78.0,1.0,1.0,30.0,45.0,,964,ccd-lea-1999
1999,0803600,3085,EATON               RE-2,84.0,0.0,2.0,27.0,55.0,,1383,ccd-lea-1999
1999,0803630,1120,EDISON              54 JT,9.0,0.0,0.0,3.0,5.0,,82,ccd-lea-1999
1999,0803690,0950,ELBERT              200,21.0,0.0,0.0,9.0,11.0,,284,ccd-lea-1999
1999,0803720,0920,ELIZABETH           C-1,156.0,0.0,4.0,65.0,85.0,,2664,ccd-lea-1999
1999,0803750,1050,ELLICOTT            22,61.0,0.0,2.0,32.0,26.0,,876,ccd-lea-1999
1999,0803780,0120,ENGLEWOOD           1,237.0,4.0,5.0,87.0,140.0,,4378,ccd-lea-1999
1999,0800004,9130,EXPEDITIONARY BOCES,16.0,0.0,0.0,0.0,15.0,,315,ccd-lea-1999
1999,0803870,1110,FALCON              49,299.0,1.0,10.0,142.0,144.0,,5457,ccd-lea-1999
1999,0803960,1150,FLORENCE            RE-2,120.0,0.0,3.0,65.0,51.0,,1903,ccd-lea-1999
1999,0804050,2405,FORT MORGAN         RE-3,203.0,2.0,7.0,106.0,86.0,,3222,ccd-lea-1999
1999,0804080,1000,FOUNTAIN            8,280.0,3.0,12.0,143.0,122.0,,4926,ccd-lea-1999
1999,0804110,2540,FOWLER              R-4J,31.0,0.0,0.0,16.0,14.0,,392,ccd-lea-1999
1999,0803930,1850,FRENCHMAN           RE-3,22.0,0.0,0.0,10.0,12.0,,219,ccd-lea-1999
1999,0800015,9160,"FRONT RANGE BOCES,TCHR LDRSHIP",0.0,0.0,0.0,0.0,0.0,,0,ccd-lea-1999
1999,0804380,1220,GARFIELD            16,43.0,0.0,1.0,21.0,19.0,,791,ccd-lea-1999
1999,0806240,1195,GARFIELD RE-2,195.0,3.0,6.0,81.0,103.0,,3481,ccd-lea-1999
1999,0804740,1780,GENOA-HUGO          C113,26.0,0.0,0.0,10.0,15.0,,289,ccd-lea-1999
1999,0804200,3080,GILCREST            RE-1,134.0,1.0,3.0,53.0,75.0,,1937,ccd-lea-1999
1999,0804230,1330,GILPIN COUNTY       RE-1,32.0,0.0,0.0,12.0,17.0,,420,ccd-lea-1999
1999,0804290,2650,GRANADA             RE-1,27.0,0.0,0.0,15.0,11.0,,312,ccd-lea-1999
1999,0800011,9135,GRAND VALLEY BOCES,0.0,0.0,0.0,0.0,0.0,,0,ccd-lea-1999
1999,0804410,3120,GREELEY             6,873.0,5.0,30.0,423.0,414.0,,15335,ccd-lea-1999
1999,0804470,1360,GUNNISON WATERSHED  RE1J,124.0,1.0,2.0,42.0,78.0,,1725,ccd-lea-1999
1999,0804500,1070,HANOVER             28,19.0,0.0,0.0,12.0,7.0,,209,ccd-lea-1999
1999,0804530,0980,HARRISON            2,693.0,0.0,23.0,357.0,312.0,,10449,ccd-lea-1999
1999,0804560,2630,HAXTUN              RE-2J,24.0,0.0,0.0,12.0,11.0,,295,ccd-lea-1999
1999,0804590,2760,HAYDEN              RE-1,38.0,0.0,0.0,14.0,21.0,,553,ccd-lea-1999
1999,0806510,1460,HI-PLAINS           R-23,17.0,0.0,0.0,17.0,0.0,,125,ccd-lea-1999
1999,0804620,1380,HINSDALE COUNTY     RE 1,5.0,0.0,0.0,2.0,3.0,,70,ccd-lea-1999
1999,0804650,1600,HOEHNE REORGANIZED  3,25.0,0.0,0.0,11.0,13.0,,337,ccd-lea-1999
1999,0804680,2670,HOLLY               RE-3,28.0,0.0,0.0,13.0,13.0,,362,ccd-lea-1999
1999,0804710,2620,HOLYOKE             RE-1J,45.0,0.0,1.0,20.0,23.0,,663,ccd-lea-1999
1999,0807080,1390,HUERFANO            RE-1,57.0,1.0,1.0,25.0,29.0,,822,ccd-lea-1999
1999,0804770,1540,IGNACIO             11 JT,75.0,0.0,1.0,39.0,33.0,,1028,ccd-lea-1999
1999,0804800,1420,JEFFERSON COUNTY    R-1,4323.0,26.0,144.0,2112.0,2039.0,,88579,ccd-lea-1999
1999,0804830,3110,JOHNSTOWN-MILLIKEN  RE-5J,98.0,0.0,2.0,47.0,48.0,,1618,ccd-lea-1999
1999,0804860,2862,JULESBURG           RE-1,25.0,0.0,0.0,12.0,11.0,,359,ccd-lea-1999
1999,0804890,1810,KARVAL              RE-23,13.0,0.0,0.0,5.0,7.0,,86,ccd-lea-1999
1999,0804920,3090,KEENESBURG          RE-3(J),98.0,0.0,2.0,48.0,46.0,,1601,ccd-lea-1999
1999,0804980,1760,KIM REORGANIZED     88,12.0,0.0,0.0,5.0,6.0,,78,ccd-lea-1999
1999,0805010,0930,KIOWA               C-2,32.0,0.0,0.0,13.0,18.0,,396,ccd-lea-1999
1999,0805040,0510,KIT CARSON          R-1,15.0,0.0,0.0,8.0,6.0,,123,ccd-lea-1999
1999,0805160,1400,LA VETA RE-2,25.0,0.0,0.0,9.0,15.0,,327,ccd-lea-1999
1999,0805190,1510,LAKE COUNTY         R-1,78.0,2.0,2.0,21.0,51.0,,1321,ccd-lea-1999
1999,0805220,2660,LAMAR               RE-2,128.0,0.0,4.0,59.0,64.0,,1953,ccd-lea-1999
1999,0800010,9110,LARIMER BOCES,0.0,0.0,0.0,0.0,0.0,,0,ccd-lea-1999
1999,0805250,0290,LAS ANIMAS          RE-1,55.0,0.0,1.0,24.0,29.0,,716,ccd-lea-1999
1999,0805820,1080,LEWIS-PALMER        38,212.0,0.0,6.0,82.0,123.0,,4333,ccd-lea-1999
1999,0805280,1790,LIMON               RE-4J,38.0,0.0,1.0,18.0,18.0,,663,ccd-lea-1999
1999,0805310,0140,LITTLETON           6,947.0,5.0,25.0,435.0,480.0,,16373,ccd-lea-1999
1999,0805340,3060,LONE STAR           101,12.0,0.0,0.0,4.0,7.0,,99,ccd-lea-1999
1999,0805460,2070,MANCOS              RE-6,37.0,0.0,0.0,15.0,22.0,,507,ccd-lea-1999
1999,0805490,1030,MANITOU SPRINGS     14,80.0,0.0,1.0,33.0,45.0,,1363,ccd-lea-1999
1999,0805520,2535,MANZANOLA           3J,23.0,0.0,0.0,9.0,12.0,,275,ccd-lea-1999
1999,0805550,0010,MAPLETON            1,261.0,5.0,10.0,130.0,115.0,,5208,ccd-lea-1999
1999,0805580,0310,MC CLAVE            RE-2,26.0,0.0,0.0,10.0,15.0,,256,ccd-lea-1999
1999,0805610,2710,MEEKER              RE1,48.0,1.0,0.0,15.0,31.0,,706,ccd-lea-1999
1999,0804350,2000,MESA COUNTY VALLEY  51,1090.0,8.0,33.0,473.0,574.0,,19324,ccd-lea-1999
1999,0805670,1130,MIAMI/YODER         60 JT,27.0,0.0,0.0,12.0,14.0,,340,ccd-lea-1999
1999,0805700,2800,MOFFAT              2,26.0,0.0,0.0,9.0,17.0,,217,ccd-lea-1999
1999,0805730,2020,MOFFAT COUNTY       RE:NO 1,153.0,3.0,3.0,53.0,92.0,,2631,ccd-lea-1999
1999,0805760,2740,MONTE VISTA         C-8,96.0,0.0,2.0,42.0,50.0,,1414,ccd-lea-1999
1999,0803090,2035,MONTEZUMA-CORTEZ    RE-1,225.0,1.0,6.0,97.0,120.0,,3474,ccd-lea-1999
1999,0805790,2180,MONTROSE COUNTY     RE-1J,315.0,2.0,9.0,133.0,170.0,,5344,ccd-lea-1999
1999,0899160,9030,MOUNTAIN BOCES,14.0,0.0,0.0,4.0,10.0,,117,ccd-lea-1999
1999,0806300,2790,MOUNTAIN VALLEY     RE 1,25.0,0.0,0.0,10.0,15.0,,188,ccd-lea-1999
1999,0800012,9140,MT EVANS BOCES,0.0,0.0,0.0,0.0,0.0,,0,ccd-lea-1999
1999,0805100,0550,NORTH CONEJOS       RE-1J,75.0,0.0,1.0,31.0,42.0,,1168,ccd-lea-1999
1999,0807050,1410,NORTH PARK          R-1,25.0,0.0,0.0,10.0,14.0,,309,ccd-lea-1999
1999,0899180,9040,NORTHEAST BOCES,0.0,0.0,0.0,0.0,0.0,,0,ccd-lea-1999
1999,0806900,0020,NORTHGLENN-THORNTON 12,1498.0,15.0,49.0,667.0,765.0,,28947,ccd-lea-1999
1999,0899220,9095,NORTHWEST COLO BOCES,3.0,0.0,0.0,3.0,0.0,,0,ccd-lea-1999
1999,0805880,2840,NORWOOD             R-2J,25.0,0.0,0.0,11.0,13.0,,316,ccd-lea-1999
1999,0805940,3050,OTIS                R-3,20.0,0.0,0.0,8.0,11.0,,211,ccd-lea-1999
1999,0805970,2580,OURAY               R-1,22.0,0.0,0.0,7.0,14.0,,256,ccd-lea-1999
1999,0803810,1570,PARK (ESTES PARK)   R-3,94.0,0.0,2.0,42.0,48.0,,1366,ccd-lea-1999
1999,0803840,2610,PARK COUNTY         RE-2,45.0,1.0,1.0,26.0,16.0,,633,ccd-lea-1999
1999,0804440,3148,PAWNEE              RE-12,17.0,0.0,0.0,9.0,7.0,,133,ccd-lea-1999
1999,0806060,1060,PEYTON              23 JT,45.0,0.0,1.0,20.0,24.0,,665,ccd-lea-1999
1999,0899240,9045,PIKES PEAK BOCES,77.0,0.0,0.0,71.0,5.0,,51,ccd-lea-1999
1999,0806930,1440,PLAINVIEW           RE-2,11.0,0.0,0.0,4.0,6.0,,76,ccd-lea-1999
1999,0806030,1870,PLATEAU             RE-5,17.0,0.0,0.0,8.0,9.0,,167,ccd-lea-1999
1999,0803030,1990,PLATEAU VALLEY      50,39.0,0.0,0.0,12.0,26.0,,540,ccd-lea-1999
1999,0802370,2600,PLATTE CANYON       1,90.0,1.0,2.0,33.0,52.0,,1589,ccd-lea-1999
1999,0806000,2865,PLATTE VALLEY       RE-3,19.0,0.0,0.0,8.0,10.0,,156,ccd-lea-1999
1999,0804950,3130,PLATTE VALLEY       RE-7,71.0,1.0,2.0,29.0,38.0,,1094,ccd-lea-1999
1999,0803990,1550,POUDRE              R-1,1281.0,2.0,41.0,696.0,541.0,,23434,ccd-lea-1999
1999,0806720,3147,PRAIRIE             RE-11,18.0,0.0,0.0,9.0,8.0,,121,ccd-lea-1999
1999,0807260,1590,PRIMERO REORGANIZED 2,18.0,0.0,0.0,9.0,8.0,,177,ccd-lea-1999
1999,0806090,0240,PRITCHETT           RE-3,10.0,0.0,0.0,8.0,2.0,,91,ccd-lea-1999
1999,0806120,2690,PUEBLO CITY         60,989.0,9.0,32.0,477.0,470.0,,17564,ccd-lea-1999
1999,0806150,2700,PUEBLO COUNTY RURAL 70,351.0,3.0,11.0,147.0,189.0,,6845,ccd-lea-1999
1999,0806180,2720,RANGELY             RE-4,47.0,0.0,0.0,18.0,27.0,,713,ccd-lea-1999
1999,0806210,2590,RIDGWAY             R-2,21.0,0.0,0.0,5.0,15.0,,310,ccd-lea-1999
1999,0899280,9125,RIO BLANCO BOCES,0.0,0.0,0.0,0.0,0.0,,0,ccd-lea-1999
1999,0804260,1180,ROARING FORK        RE-1,295.0,1.0,8.0,126.0,158.0,,4844,ccd-lea-1999
1999,0806270,2530,ROCKY FORD          R-2,84.0,0.0,1.0,39.0,43.0,,1063,ccd-lea-1999
1999,0806330,0500,SALIDA              R-32,83.0,0.0,1.0,38.0,43.0,,1261,ccd-lea-1999
1999,0899300,9050,SAN JUAN BOCES,0.0,0.0,0.0,0.0,0.0,,0,ccd-lea-1999
1999,0899320,9055,SAN LUIS VALLEY BOCES,13.0,0.0,0.0,13.0,0.0,,0,ccd-lea-1999
1999,0806390,0560,SANFORD             6J,23.0,0.0,0.0,9.0,12.0,,384,ccd-lea-1999
1999,0806420,0110,SANGRE DE CRISTO    RE-22J,25.0,0.0,0.0,13.0,12.0,,328,ccd-lea-1999
1999,0800014,9150,SANTA FE TRAIL BOCES,4.0,0.0,0.0,2.0,1.0,,70,ccd-lea-1999
1999,0806450,2750,SARGENT             RE-33J,30.0,0.0,0.0,15.0,15.0,,414,ccd-lea-1999
1999,0806540,0123,SHERIDAN            2,127.0,0.0,3.0,56.0,66.0,,1969,ccd-lea-1999
1999,0804140,0740,SIERRA GRANDE       R-30,21.0,0.0,0.0,12.0,9.0,,309,ccd-lea-1999
1999,0806570,2820,SILVERTON           1,10.0,0.0,0.0,0.0,10.0,,84,ccd-lea-1999
1999,0899340,9060,SOUTH CENTRAL BOCES,1.0,0.0,0.0,1.0,0.0,,0,ccd-lea-1999
1999,0802130,0580,SOUTH CONEJOS       RE-10,35.0,0.0,0.0,20.0,14.0,,425,ccd-lea-1999
1999,0899360,9065,SOUTH PLATTE VALLEY BOCES,0.0,0.0,0.0,0.0,0.0,,0,ccd-lea-1999
1999,0805910,2780,SOUTH ROUTT         RE 3,36.0,0.0,0.0,15.0,20.0,,457,ccd-lea-1999
1999,0899400,9075,SOUTHEASTERN BOCES,3.0,0.0,0.0,3.0,0.0,,0,ccd-lea-1999
1999,0899420,9080,SOUTHWEST BOCES,0.0,0.0,0.0,0.0,0.0,,0,ccd-lea-1999
1999,0806630,0250,SPRINGFIELD         RE-4,33.0,0.0,0.0,16.0,15.0,,374,ccd-lea-1999
1999,0805370,0470,ST VRAIN VALLEY     RE 1J,945.0,13.0,31.0,405.0,495.0,,18750,ccd-lea-1999
1999,0806660,2770,STEAMBOAT SPRINGS   RE-2,127.0,0.0,2.0,54.0,69.0,,1944,ccd-lea-1999
1999,0806750,0060,STRASBURG           31J,35.0,0.0,1.0,18.0,15.0,,696,ccd-lea-1999
1999,0806780,1480,STRATTON            R-4,24.0,0.0,0.0,9.0,13.0,,281,ccd-lea-1999
1999,0806810,3000,SUMMIT              RE-1,175.0,1.0,5.0,80.0,87.0,,2622,ccd-lea-1999
1999,0806840,2570,SWINK               33,29.0,0.0,0.0,13.0,15.0,,348,ccd-lea-1999
1999,0806870,2830,TELLURIDE           R-1,40.0,0.0,0.0,15.0,23.0,,530,ccd-lea-1999
1999,0805400,1560,THOMPSON            R-2J,711.0,0.0,23.0,313.0,374.0,,14186,ccd-lea-1999
1999,0806960,1580,TRINIDAD            1,101.0,2.0,3.0,42.0,53.0,,1664,ccd-lea-1999
1999,0800013,9145,UNCOMPAHGRE BOCS,0.0,0.0,0.0,0.0,0.0,,0,ccd-lea-1999
1999,0806690,1828,VALLEY              RE-1,164.0,1.0,4.0,70.0,88.0,,2759,ccd-lea-1999
1999,0806990,0260,VILAS               RE-5,12.0,0.0,0.0,4.0,8.0,,93,ccd-lea-1999
1999,0807110,0230,WALSH               RE-1,23.0,1.0,0.0,10.0,11.0,,249,ccd-lea-1999
1999,0804020,3140,WELD COUNTY RE-8,161.0,4.0,4.0,54.0,98.0,,2642,ccd-lea-1999
1999,0807140,2505,WELDON VALLEY       RE-20(J),19.0,0.0,0.0,9.0,9.0,,180,ccd-lea-1999
1999,0800008,9090,WEST CENTRAL BOCES,0.0,0.0,0.0,0.0,0.0,,0,ccd-lea-1999
1999,0805850,2190,WEST END            RE-2,36.0,0.0,0.0,12.0,22.0,,498,ccd-lea-1999
1999,0805070,1340,WEST GRAND          1-JT.,44.0,0.0,0.0,16.0,28.0,,518,ccd-lea-1999
1999,0807170,3420,WEST YUMA COUNTY    RJ-1,72.0,1.0,1.0,22.0,46.0,,1077,ccd-lea-1999
1999,0807230,0070,WESTMINSTER         50,678.0,7.0,21.0,288.0,361.0,,11439,ccd-lea-1999
1999,0806480,0990,WIDEFIELD           3,488.0,2.0,12.0,244.0,227.0,,8468,ccd-lea-1999
1999,0807290,2515,WIGGINS             RE-50(J),41.0,0.0,1.0,20.0,19.0,,602,ccd-lea-1999
1999,0807320,2680,WILEY               RE-13 JT,27.0,0.0,0.0,13.0,12.0,,343,ccd-lea-1999
1999,0807350,3100,WINDSOR             RE-4,149.0,1.0,4.0,62.0,80.0,,2479,ccd-lea-1999
1999,0807380,3020,WOODLAND PARK       RE-2,180.0,2.0,4.0,74.0,98.0,,3262,ccd-lea-1999
1999,0807410,3070,WOODLIN             R-104,13.0,0.0,0.0,4.0,8.0,,138,ccd-lea-1999
2000,0801920,1040,ACADEMY             20,1050.0,5.0,67.0,405.0,571.0,,17628,ccd-lea-2000
2000,0801950,0030,ADAMS COUNTY        14,356.0,16.0,22.0,157.0,160.0,,6450,ccd-lea-2000
2000,0800009,9120,ADAMS COUNTY BOCES,0.0,0.0,0.0,0.0,0.0,,0,ccd-lea-2000
2000,0802340,0180,ADAMS-ARAPAHOE      28J,1607.0,6.0,98.0,734.0,768.0,,30453,ccd-lea-2000
2000,0801980,0960,AGATE               300,12.0,0.0,0.0,6.0,5.0,,108,ccd-lea-2000
2000,0802010,1620,AGUILAR REORGANIZED 6,18.0,1.0,1.0,8.0,7.0,,149,ccd-lea-2000
2000,0802040,3030,AKRON               R-1,33.0,1.0,1.0,20.0,10.0,,460,ccd-lea-2000
2000,0802070,0100,ALAMOSA             RE-11J,150.0,0.0,8.0,65.0,77.0,,2429,ccd-lea-2000
2000,0802190,0220,ARCHULETA COUNTY    50 JT,87.0,0.0,4.0,43.0,39.0,,1558,ccd-lea-2000
2000,0802220,3040,ARICKAREE           R-2,15.0,0.0,0.0,6.0,7.0,,97,ccd-lea-2000
2000,0802260,1450,ARRIBA-FLAGLER      C-20,21.0,0.0,1.0,8.0,11.0,,244,ccd-lea-2000
2000,0802280,2640,ASPEN               1,100.0,0.0,7.0,28.0,64.0,,1236,ccd-lea-2000
2000,0802310,3145,AULT-HIGHLAND       RE-9,72.0,0.0,5.0,26.0,40.0,,920,ccd-lea-2000
2000,0802400,1530,BAYFIELD            10 JT-R,66.0,0.0,3.0,24.0,39.0,,1089,ccd-lea-2000
2000,0802430,0050,BENNETT             29J,61.0,1.0,3.0,21.0,36.0,,998,ccd-lea-2000
2000,0802460,1490,BETHUNE             R-5,18.0,0.0,0.0,7.0,8.0,,164,ccd-lea-2000
2000,0806600,0940,BIG SANDY           100J,26.0,0.0,1.0,9.0,16.0,,377,ccd-lea-2000
2000,0802490,0480,BOULDER VALLEY      RE 2,1589.0,6.0,83.0,709.0,790.0,,27508,ccd-lea-2000
2000,0802520,1750,BRANSON REORGANIZED 82,6.0,0.0,0.0,2.0,4.0,,42,ccd-lea-2000
2000,0802550,3146,BRIGGSDALE          RE-10,17.0,0.0,1.0,6.0,9.0,,142,ccd-lea-2000
2000,0802580,0040,BRIGHTON            27J,302.0,3.0,15.0,122.0,162.0,,5796,ccd-lea-2000
2000,0802610,2395,BRUSH               RE-2(J),100.0,2.0,6.0,39.0,52.0,,1522,ccd-lea-2000
2000,0802640,0490,BUENA VISTA         R-31,69.0,1.0,2.0,23.0,42.0,,1047,ccd-lea-2000
2000,0805640,1860,BUFFALO             RE-4,21.0,0.0,1.0,8.0,11.0,,300,ccd-lea-2000
2000,0802670,1500,BURLINGTON          RE-6J,57.0,1.0,2.0,16.0,35.0,,875,ccd-lea-2000
2000,0802700,0190,BYERS               32J,29.0,0.0,1.0,15.0,12.0,,514,ccd-lea-2000
2000,0802730,0970,CALHAN RJ-1,34.0,1.0,1.0,14.0,17.0,,632,ccd-lea-2000
2000,0802760,0270,CAMPO               RE-6,11.0,0.0,0.0,3.0,6.0,,87,ccd-lea-2000
2000,0802790,1140,CANON CITY          RE-1,240.0,0.0,12.0,123.0,104.0,,4239,ccd-lea-2000
2000,0806360,0640,CENTENNIAL          R-1,25.0,1.0,1.0,11.0,12.0,,333,ccd-lea-2000
2000,0899200,9035,CENTENNIAL BOCS,15.0,1.0,1.0,5.0,7.0,,118,ccd-lea-2000
2000,0802850,2810,CENTER              26 JT,49.0,0.0,5.0,19.0,24.0,,690,ccd-lea-2000
2000,0802880,2560,CHERAW              31,20.0,1.0,0.0,7.0,11.0,,227,ccd-lea-2000
2000,0802910,0130,CHERRY CREEK        5,2412.0,11.0,111.0,1041.0,1247.0,,42320,ccd-lea-2000
2000,0800001,0520,CHEYENNE COUNTY     RE-5,32.0,0.0,1.0,11.0,18.0,,343,ccd-lea-2000
2000,0802940,1020,CHEYENNE MOUNTAIN   12,236.0,0.0,10.0,122.0,102.0,,4041,ccd-lea-2000
2000,0803000,0540,CLEAR CREEK         RE-1,87.0,0.0,4.0,40.0,40.0,,1327,ccd-lea-2000
2000,0803060,1010,COLORADO SPRINGS    11,1756.0,21.0,96.0,747.0,891.0,,32699,ccd-lea-2000
2000,0807200,0860,CONSOLIDATED        C-1,32.0,1.0,1.0,11.0,18.0,,471,ccd-lea-2000
2000,0803120,1160,COTOPAXI            RE-3,29.0,0.0,0.0,11.0,16.0,,366,ccd-lea-2000
2000,0803150,2010,CREEDE CONSOLIDATED 1,18.0,0.0,1.0,7.0,8.0,,163,ccd-lea-2000
2000,0803180,3010,CRIPPLE CREEK-VICTOR RE-1,35.0,0.0,2.0,16.0,16.0,,687,ccd-lea-2000
2000,0803210,0770,CROWLEY COUNTY      RE-1-J,44.0,0.0,2.0,18.0,23.0,,610,ccd-lea-2000
2000,0803240,1980,DE BEQUE            49JT,20.0,1.0,1.0,7.0,11.0,,177,ccd-lea-2000
2000,0803270,0170,DEER TRAIL          26J,19.0,0.0,0.0,7.0,11.0,,182,ccd-lea-2000
2000,0803300,2730,DEL NORTE           C-7,52.0,0.0,3.0,20.0,28.0,,720,ccd-lea-2000
2000,0803330,0870,DELTA COUNTY        50(J),280.0,2.0,20.0,123.0,133.0,,4799,ccd-lea-2000
2000,0803360,0880,DENVER COUNTY       1,4178.0,102.0,297.0,1918.0,1860.0,,70847,ccd-lea-2000
2000,0803390,2055,DOLORES             RE-4A,48.0,0.0,2.0,18.0,26.0,,693,ccd-lea-2000
2000,0803420,0890,DOLORES COUNTY      RE NO.2,26.0,0.0,0.0,8.0,17.0,,332,ccd-lea-2000
2000,0803450,0900,DOUGLAS COUNTY      RE 1,2040.0,2.0,113.0,1077.0,847.0,,34918,ccd-lea-2000
2000,0803480,1520,DURANGO             9-R,315.0,1.0,21.0,124.0,168.0,,5077,ccd-lea-2000
2000,0803510,1430,EADS                RE-1,24.0,1.0,1.0,10.0,12.0,,275,ccd-lea-2000
2000,0803540,0910,EAGLE COUNTY        RE 50,323.0,3.0,23.0,132.0,163.0,,4649,ccd-lea-2000
2000,0899080,9025,EAST CENTRAL BOCES,3.0,0.0,0.0,2.0,0.0,,0,ccd-lea-2000
2000,0804320,1350,EAST GRAND          2,100.0,1.0,5.0,43.0,50.0,,1345,ccd-lea-2000
2000,0805130,2520,EAST OTERO          R-1,118.0,0.0,6.0,51.0,61.0,,1775,ccd-lea-2000
2000,0803570,3430,EAST YUMA COUNTY    RJ-2,71.0,4.0,2.0,23.0,40.0,,926,ccd-lea-2000
2000,0803600,3085,EATON               RE-2,88.0,0.0,3.0,28.0,56.0,,1406,ccd-lea-2000
2000,0803630,1120,EDISON              54 JT,10.0,0.0,0.0,4.0,5.0,,86,ccd-lea-2000
2000,0803690,0950,ELBERT              200,21.0,0.0,1.0,8.0,11.0,,290,ccd-lea-2000
2000,0803720,0920,ELIZABETH           C-1,171.0,2.0,7.0,72.0,89.0,,2813,ccd-lea-2000
2000,0803750,1050,ELLICOTT            22,59.0,0.0,4.0,29.0,26.0,,916,ccd-lea-2000
2000,0803780,0120,ENGLEWOOD           1,247.0,1.0,11.0,93.0,141.0,,4413,ccd-lea-2000
2000,0800004,9130,EXPEDITIONARY BOCES,19.0,0.0,1.0,0.0,18.0,,317,ccd-lea-2000
2000,0803870,1110,FALCON              49,337.0,2.0,21.0,145.0,168.0,,6026,ccd-lea-2000
2000,0803960,1150,FLORENCE            RE-2,118.0,0.0,5.0,45.0,67.0,,1863,ccd-lea-2000
2000,0804050,2405,FORT MORGAN         RE-3,197.0,2.0,13.0,100.0,82.0,,3194,ccd-lea-2000
2000,0804080,1000,FOUNTAIN            8,289.0,2.0,24.0,136.0,126.0,,5125,ccd-lea-2000
2000,0804110,2540,FOWLER              R-4J,32.0,0.0,1.0,15.0,14.0,,362,ccd-lea-2000
2000,0803930,1850,FRENCHMAN           RE-3,19.0,0.0,1.0,10.0,8.0,,225,ccd-lea-2000
2000,0800015,9160,"FRONT RANGE BOCES,TCHR LDRSHIP",0.0,0.0,0.0,0.0,0.0,,0,ccd-lea-2000
2000,0804380,1220,GARFIELD            16,53.0,0.0,3.0,24.0,25.0,,906,ccd-lea-2000
2000,0806240,1195,GARFIELD RE-2,192.0,4.0,9.0,79.0,99.0,,3568,ccd-lea-2000
2000,0804740,1780,GENOA-HUGO          C113,26.0,1.0,1.0,9.0,14.0,,273,ccd-lea-2000
2000,0804200,3080,GILCREST            RE-1,131.0,0.0,5.0,52.0,73.0,,1946,ccd-lea-2000
2000,0804230,1330,GILPIN COUNTY       RE-1,30.0,1.0,1.0,9.0,18.0,,444,ccd-lea-2000
2000,0804290,2650,GRANADA             RE-1,24.0,0.0,1.0,11.0,12.0,,316,ccd-lea-2000
2000,0800011,9135,GRAND VALLEY BOCES,0.0,0.0,0.0,0.0,0.0,,0,ccd-lea-2000
2000,0804410,3120,GREELEY             6,936.0,10.0,55.0,445.0,425.0,,15998,ccd-lea-2000
2000,0804470,1360,GUNNISON WATERSHED  RE1J,122.0,3.0,3.0,61.0,53.0,,1684,ccd-lea-2000
2000,0804500,1070,HANOVER             28,22.0,0.0,1.0,12.0,8.0,,281,ccd-lea-2000
2000,0804530,0980,HARRISON            2,673.0,5.0,46.0,323.0,296.0,,10882,ccd-lea-2000
2000,0804560,2630,HAXTUN              RE-2J,23.0,0.0,1.0,12.0,9.0,,293,ccd-lea-2000
2000,0804590,2760,HAYDEN              RE-1,37.0,0.0,1.0,13.0,21.0,,511,ccd-lea-2000
2000,0806510,1460,HI-PLAINS           R-23,16.0,0.0,1.0,8.0,5.0,,121,ccd-lea-2000
2000,0804620,1380,HINSDALE COUNTY     RE 1,7.0,0.0,0.0,2.0,3.0,,63,ccd-lea-2000
2000,0804650,1600,HOEHNE REORGANIZED  3,25.0,0.0,1.0,13.0,10.0,,344,ccd-lea-2000
2000,0804680,2670,HOLLY               RE-3,28.0,0.0,0.0,12.0,14.0,,374,ccd-lea-2000
2000,0804710,2620,HOLYOKE             RE-1J,45.0,0.0,2.0,19.0,23.0,,673,ccd-lea-2000
2000,0807080,1390,HUERFANO            RE-1,58.0,3.0,1.0,23.0,30.0,,795,ccd-lea-2000
2000,0804770,1540,IGNACIO             11 JT,68.0,0.0,4.0,30.0,33.0,,935,ccd-lea-2000
2000,0804800,1420,JEFFERSON COUNTY    R-1,4548.0,2.0,160.0,2283.0,2102.0,,87703,ccd-lea-2000
2000,0804830,3110,JOHNSTOWN-MILLIKEN  RE-5J,109.0,0.0,5.0,48.0,55.0,,1713,ccd-lea-2000
2000,0804860,2862,JULESBURG           RE-1,23.0,1.0,1.0,12.0,9.0,,331,ccd-lea-2000
2000,0804890,1810,KARVAL              RE-23,14.0,0.0,0.0,5.0,8.0,,72,ccd-lea-2000
2000,0804920,3090,KEENESBURG          RE-3(J),104.0,0.0,6.0,54.0,43.0,,1610,ccd-lea-2000
2000,0804980,1760,KIM REORGANIZED     88,10.0,0.0,0.0,3.0,6.0,,73,ccd-lea-2000
2000,0805010,0930,KIOWA               C-2,32.0,1.0,1.0,12.0,18.0,,440,ccd-lea-2000
2000,0805040,0510,KIT CARSON          R-1,17.0,0.0,1.0,8.0,8.0,,129,ccd-lea-2000
2000,0805160,1400,LA VETA RE-2,21.0,1.0,1.0,9.0,9.0,,330,ccd-lea-2000
2000,0805190,1510,LAKE COUNTY         R-1,80.0,1.0,4.0,22.0,52.0,,1278,ccd-lea-2000
2000,0805220,2660,LAMAR               RE-2,117.0,0.0,6.0,54.0,56.0,,1927,ccd-lea-2000
2000,0800010,9110,LARIMER BOCES,0.0,0.0,0.0,0.0,0.0,,0,ccd-lea-2000
2000,0805250,0290,LAS ANIMAS          RE-1,57.0,1.0,4.0,21.0,31.0,,703,ccd-lea-2000
2000,0805820,1080,LEWIS-PALMER        38,243.0,0.0,11.0,116.0,115.0,,4610,ccd-lea-2000
2000,0805280,1790,LIMON               RE-4J,40.0,1.0,1.0,17.0,20.0,,656,ccd-lea-2000
2000,0805310,0140,LITTLETON           6,926.0,6.0,46.0,380.0,494.0,,16516,ccd-lea-2000
2000,0805340,3060,LONE STAR           101,13.0,0.0,1.0,5.0,7.0,,99,ccd-lea-2000
2000,0805460,2070,MANCOS              RE-6,35.0,0.0,1.0,13.0,20.0,,480,ccd-lea-2000
2000,0805490,1030,MANITOU SPRINGS     14,80.0,1.0,3.0,30.0,45.0,,1379,ccd-lea-2000
2000,0805520,2535,MANZANOLA           3J,22.0,0.0,1.0,9.0,11.0,,254,ccd-lea-2000
2000,0805550,0010,MAPLETON            1,271.0,5.0,14.0,127.0,123.0,,5360,ccd-lea-2000
2000,0805580,0310,MC CLAVE            RE-2,22.0,0.0,1.0,8.0,11.0,,271,ccd-lea-2000
2000,0805610,2710,MEEKER              RE1,44.0,0.0,1.0,14.0,28.0,,687,ccd-lea-2000
2000,0804350,2000,MESA COUNTY VALLEY  51,1120.0,17.0,63.0,450.0,589.0,,19688,ccd-lea-2000
2000,0805670,1130,MIAMI/YODER         60 JT,27.0,0.0,1.0,9.0,16.0,,357,ccd-lea-2000
2000,0805700,2800,MOFFAT              2,25.0,0.0,1.0,6.0,16.0,,203,ccd-lea-2000
2000,0805730,2020,MOFFAT COUNTY       RE:NO 1,150.0,1.0,7.0,73.0,69.0,,2575,ccd-lea-2000
2000,0805760,2740,MONTE VISTA         C-8,96.0,3.0,4.0,38.0,50.0,,1420,ccd-lea-2000
2000,0803090,2035,MONTEZUMA-CORTEZ    RE-1,223.0,0.0,9.0,93.0,120.0,,3448,ccd-lea-2000
2000,0805790,2180,MONTROSE COUNTY     RE-1J,319.0,2.0,16.0,143.0,157.0,,5397,ccd-lea-2000
2000,0899160,9030,MOUNTAIN BOCES,20.0,0.0,0.0,9.0,9.0,,128,ccd-lea-2000
2000,0806300,2790,MOUNTAIN VALLEY     RE 1,21.0,0.0,1.0,7.0,12.0,,194,ccd-lea-2000
2000,0800012,9140,MT EVANS BOCES,0.0,0.0,0.0,0.0,0.0,,0,ccd-lea-2000
2000,0805100,0550,NORTH CONEJOS       RE-1J,76.0,0.0,3.0,29.0,43.0,,1190,ccd-lea-2000
2000,0807050,1410,NORTH PARK          R-1,23.0,0.0,0.0,11.0,11.0,,304,ccd-lea-2000
2000,0899180,9040,NORTHEAST BOCES,0.0,0.0,0.0,0.0,0.0,,0,ccd-lea-2000
2000,0806900,0020,NORTHGLENN-THORNTON 12,1515.0,7.0,91.0,632.0,783.0,,30079,ccd-lea-2000
2000,0899220,9095,NORTHWEST COLO BOCES,3.0,0.0,0.0,3.0,0.0,,0,ccd-lea-2000
2000,0805880,2840,NORWOOD             R-2J,24.0,0.0,1.0,8.0,13.0,,299,ccd-lea-2000
2000,0805940,3050,OTIS                R-3,20.0,0.0,1.0,8.0,10.0,,200,ccd-lea-2000
2000,0805970,2580,OURAY               R-1,22.0,0.0,0.0,6.0,14.0,,258,ccd-lea-2000
2000,0803810,1570,PARK (ESTES PARK)   R-3,95.0,1.0,6.0,37.0,49.0,,1354,ccd-lea-2000
2000,0803840,2610,PARK COUNTY         RE-2,46.0,2.0,3.0,22.0,17.0,,630,ccd-lea-2000
2000,0804440,3148,PAWNEE              RE-12,16.0,0.0,1.0,7.0,7.0,,135,ccd-lea-2000
2000,0806060,1060,PEYTON              23 JT,49.0,0.0,1.0,21.0,26.0,,711,ccd-lea-2000
2000,0899240,9045,PIKES PEAK BOCES,84.0,7.0,4.0,61.0,10.0,,65,ccd-lea-2000
2000,0806930,1440,PLAINVIEW           RE-2,11.0,0.0,1.0,3.0,6.0,,87,ccd-lea-2000
2000,0806030,1870,PLATEAU             RE-5,18.0,0.0,1.0,6.0,10.0,,181,ccd-lea-2000
2000,0803030,1990,PLATEAU VALLEY      50,40.0,0.0,1.0,11.0,27.0,,546,ccd-lea-2000
2000,0802370,2600,PLATTE CANYON       1,99.0,3.0,5.0,32.0,57.0,,1594,ccd-lea-2000
2000,0806000,2865,PLATTE VALLEY       RE-3,18.0,0.0,1.0,8.0,9.0,,150,ccd-lea-2000
2000,0804950,3130,PLATTE VALLEY       RE-7,76.0,1.0,3.0,28.0,43.0,,1114,ccd-lea-2000
2000,0803990,1550,POUDRE              R-1,1294.0,10.0,78.0,632.0,574.0,,24052,ccd-lea-2000
2000,0806720,3147,PRAIRIE             RE-11,18.0,0.0,0.0,7.0,9.0,,124,ccd-lea-2000
2000,0807260,1590,PRIMERO REORGANIZED 2,18.0,0.0,2.0,6.0,9.0,,189,ccd-lea-2000
2000,0806090,0240,PRITCHETT           RE-3,10.0,0.0,0.0,7.0,2.0,,80,ccd-lea-2000
2000,0806120,2690,PUEBLO CITY         60,981.0,32.0,37.0,436.0,474.0,,17636,ccd-lea-2000
2000,0806150,2700,PUEBLO COUNTY RURAL 70,372.0,5.0,19.0,153.0,194.0,,7222,ccd-lea-2000
2000,0806180,2720,RANGELY             RE-4,39.0,0.0,0.0,14.0,25.0,,643,ccd-lea-2000
2000,0806210,2590,RIDGWAY             R-2,22.0,0.0,1.0,7.0,13.0,,316,ccd-lea-2000
2000,0899280,9125,RIO BLANCO BOCES,8.0,2.0,1.0,4.0,0.0,,0,ccd-lea-2000
2000,0804260,1180,ROARING FORK        RE-1,327.0,3.0,23.0,133.0,167.0,,4998,ccd-lea-2000
2000,0806270,2530,ROCKY FORD          R-2,78.0,0.0,6.0,32.0,39.0,,1003,ccd-lea-2000
2000,0806330,0500,SALIDA              R-32,78.0,0.0,2.0,24.0,51.0,,1223,ccd-lea-2000
2000,0899300,9050,SAN JUAN BOCS,1.0,0.0,0.0,0.0,0.0,,0,ccd-lea-2000
2000,0899320,9055,SAN LUIS VALLEY BOCES,11.0,3.0,0.0,7.0,0.0,,0,ccd-lea-2000
2000,0806390,0560,SANFORD             6J,22.0,1.0,1.0,8.0,11.0,,378,ccd-lea-2000
2000,0806420,0110,SANGRE DE CRISTO    RE-22J,25.0,0.0,1.0,10.0,13.0,,331,ccd-lea-2000
2000,0800014,9150,SANTA FE TRAIL BOCES,4.0,0.0,0.0,0.0,3.0,,0,ccd-lea-2000
2000,0806450,2750,SARGENT             RE-33J,28.0,0.0,1.0,12.0,14.0,,388,ccd-lea-2000
2000,0806540,0123,SHERIDAN            2,123.0,1.0,7.0,47.0,66.0,,2087,ccd-lea-2000
2000,0804140,0740,SIERRA GRANDE       R-30,23.0,0.0,1.0,10.0,11.0,,298,ccd-lea-2000
2000,0806570,2820,SILVERTON           1,10.0,0.0,0.0,2.0,7.0,,79,ccd-lea-2000
2000,0899340,9060,SOUTH CENTRAL BOCES,1.0,0.0,0.0,1.0,0.0,,0,ccd-lea-2000
2000,0802130,0580,SOUTH CONEJOS       RE-10,33.0,0.0,2.0,16.0,14.0,,391,ccd-lea-2000
2000,0899360,9065,SOUTH PLATTE VALLEY BOCES,3.0,0.0,0.0,3.0,0.0,,0,ccd-lea-2000
2000,0805910,2780,SOUTH ROUTT         RE 3,36.0,0.0,2.0,15.0,17.0,,432,ccd-lea-2000
2000,0899400,9075,SOUTHEASTERN BOCES,10.0,2.0,0.0,8.0,0.0,,146,ccd-lea-2000
2000,0899420,9080,SOUTHWEST BOCES,7.0,0.0,0.0,0.0,7.0,,38,ccd-lea-2000
2000,0806630,0250,SPRINGFIELD         RE-4,33.0,2.0,2.0,14.0,14.0,,364,ccd-lea-2000
2000,0805370,0470,ST VRAIN VALLEY     RE 1J,1057.0,0.0,57.0,466.0,534.0,,19620,ccd-lea-2000
2000,0806660,2770,STEAMBOAT SPRINGS   RE-2,126.0,0.0,5.0,49.0,71.0,,1947,ccd-lea-2000
2000,0806750,0060,STRASBURG           31J,36.0,0.0,2.0,19.0,15.0,,749,ccd-lea-2000
2000,0806780,1480,STRATTON            R-4,22.0,1.0,1.0,7.0,12.0,,278,ccd-lea-2000
2000,0806810,3000,SUMMIT              RE-1,188.0,2.0,9.0,80.0,95.0,,2748,ccd-lea-2000
2000,0806840,2570,SWINK               33,28.0,0.0,1.0,12.0,14.0,,357,ccd-lea-2000
2000,0806870,2830,TELLURIDE           R-1,45.0,0.0,3.0,16.0,25.0,,533,ccd-lea-2000
2000,0805400,1560,THOMPSON            R-2J,810.0,10.0,31.0,335.0,432.0,,14766,ccd-lea-2000
2000,0806960,1580,TRINIDAD            1,95.0,0.0,4.0,40.0,51.0,,1577,ccd-lea-2000
2000,0800013,9145,UNCOMPAHGRE BOCS,0.0,0.0,0.0,0.0,0.0,,0,ccd-lea-2000
2000,0806690,1828,VALLEY              RE-1,162.0,0.0,6.0,70.0,85.0,,2784,ccd-lea-2000
2000,0806990,0260,VILAS               RE-5,14.0,0.0,0.0,4.0,9.0,,149,ccd-lea-2000
2000,0807110,0230,WALSH               RE-1,19.0,0.0,1.0,8.0,9.0,,238,ccd-lea-2000
2000,0804020,3140,WELD COUNTY RE-8,168.0,6.0,8.0,51.0,101.0,,2684,ccd-lea-2000
2000,0807140,2505,WELDON VALLEY       RE-20(J),19.0,1.0,1.0,7.0,8.0,,196,ccd-lea-2000
2000,0800008,9090,WEST CENTRAL BOCES,0.0,0.0,0.0,0.0,0.0,,0,ccd-lea-2000
2000,0805850,2190,WEST END            RE-2,34.0,2.0,1.0,7.0,21.0,,448,ccd-lea-2000
2000,0805070,1340,WEST GRAND          1-JT.,41.0,0.0,1.0,15.0,24.0,,547,ccd-lea-2000
2000,0807170,3420,WEST YUMA COUNTY    RJ-1,76.0,1.0,3.0,22.0,49.0,,1029,ccd-lea-2000
2000,0807230,0070,WESTMINSTER         50,677.0,1.0,32.0,279.0,363.0,,11231,ccd-lea-2000
2000,0806480,0990,WIDEFIELD           3,484.0,8.0,22.0,225.0,227.0,,8639,ccd-lea-2000
2000,0807290,2515,WIGGINS             RE-50(J),40.0,0.0,2.0,18.0,19.0,,594,ccd-lea-2000
2000,0807320,2680,WILEY               RE-13 JT,27.0,1.0,1.0,12.0,13.0,,324,ccd-lea-2000
2000,0807350,3100,WINDSOR             RE-4,158.0,5.0,7.0,62.0,83.0,,2619,ccd-lea-2000
2000,0807380,3020,WOODLAND PARK       RE-2,184.0,1.0,9.0,69.0,104.0,,3353,ccd-lea-2000
2000,0807410,3070,WOODLIN             R-104,13.0,0.0,0.0,4.0,8.0,,135,ccd-lea-2000
2001,0801920,1040,ACADEMY             20,1115.0,6.0,70.0,409.0,629.0,,18137,ccd-lea-2001
2001,0801950,0030,ADAMS COUNTY        14,378.0,17.0,25.0,167.0,167.0,,6587,ccd-lea-2001
2001,0800009,9120,ADAMS COUNTY BOCES,0.0,0.0,0.0,0.0,0.0,,,ccd-lea-2001
2001,0802340,0180,ADAMS-ARAPAHOE      28J,1678.0,4.0,107.0,775.0,790.0,,31528,ccd-lea-2001
2001,0801980,0960,AGATE               300,16.0,0.0,1.0,7.0,8.0,,132,ccd-lea-2001
2001,0802010,1620,AGUILAR REORGANIZED 6,16.0,0.0,1.0,7.0,7.0,,172,ccd-lea-2001
2001,0802040,3030,AKRON               R-1,34.0,0.0,2.0,20.0,12.0,,466,ccd-lea-2001
2001,0802070,0100,ALAMOSA             RE-11J,148.0,0.0,8.0,62.0,78.0,,2448,ccd-lea-2001
2001,0802190,0220,ARCHULETA COUNTY    50 JT,90.0,0.0,4.0,45.0,40.0,,1565,ccd-lea-2001
2001,0802220,3040,ARICKAREE           R-2,16.0,0.0,0.0,7.0,7.0,,98,ccd-lea-2001
2001,0802260,1450,ARRIBA-FLAGLER      C-20,20.0,0.0,1.0,8.0,9.0,,247,ccd-lea-2001
2001,0802280,2640,ASPEN               1,112.0,1.0,8.0,38.0,64.0,,1411,ccd-lea-2001
2001,0802310,3145,AULT-HIGHLAND       RE-9,67.0,0.0,5.0,24.0,37.0,,933,ccd-lea-2001
2001,0802400,1530,BAYFIELD            10 JT-R,67.0,0.0,3.0,24.0,40.0,,1113,ccd-lea-2001
2001,0802430,0050,BENNETT             29J,65.0,1.0,2.0,25.0,37.0,,1002,ccd-lea-2001
2001,0802460,1490,BETHUNE             R-5,17.0,0.0,0.0,7.0,9.0,,137,ccd-lea-2001
2001,0806600,0940,BIG SANDY           100J,29.0,0.0,0.0,9.0,18.0,,373,ccd-lea-2001
2001,0802490,0480,BOULDER VALLEY      RE 2,1705.0,6.0,89.0,800.0,808.0,,27963,ccd-lea-2001
2001,0802520,1750,BRANSON REORGANIZED 82,8.0,0.0,0.0,2.0,6.0,,152,ccd-lea-2001
2001,0802550,3146,BRIGGSDALE          RE-10,17.0,0.0,1.0,7.0,8.0,,142,ccd-lea-2001
2001,0802580,0040,BRIGHTON            27J,366.0,3.0,22.0,174.0,166.0,,6575,ccd-lea-2001
2001,0802610,2395,BRUSH               RE-2(J),106.0,2.0,7.0,40.0,56.0,,1582,ccd-lea-2001
2001,0802640,0490,BUENA VISTA         R-31,70.0,1.0,2.0,24.0,43.0,,1043,ccd-lea-2001
2001,0805640,1860,BUFFALO             RE-4,21.0,0.0,1.0,9.0,11.0,,302,ccd-lea-2001
2001,0802670,1500,BURLINGTON          RE-6J,57.0,1.0,3.0,16.0,35.0,,864,ccd-lea-2001
2001,0802700,0190,BYERS               32J,36.0,0.0,2.0,17.0,16.0,,532,ccd-lea-2001
2001,0802730,0970,CALHAN RJ-1,41.0,1.0,2.0,18.0,19.0,,720,ccd-lea-2001
2001,0802760,0270,CAMPO               RE-6,10.0,0.0,0.0,3.0,5.0,,90,ccd-lea-2001
2001,0802790,1140,CANON CITY          RE-1,245.0,0.0,11.0,128.0,106.0,,4312,ccd-lea-2001
2001,0806360,0640,CENTENNIAL          R-1,23.0,0.0,2.0,8.0,12.0,,330,ccd-lea-2001
2001,0899200,9035,CENTENNIAL BOCS,28.0,0.0,0.0,20.0,7.0,,119,ccd-lea-2001
2001,0802850,2810,CENTER              26 JT,52.0,0.0,5.0,20.0,26.0,,650,ccd-lea-2001
2001,0802880,2560,CHERAW              31,18.0,1.0,0.0,5.0,11.0,,228,ccd-lea-2001
2001,0802910,0130,CHERRY CREEK        5,2578.0,2.0,201.0,1049.0,1324.0,,44228,ccd-lea-2001
2001,0800001,0520,CHEYENNE COUNTY     RE-5,31.0,1.0,1.0,10.0,18.0,,306,ccd-lea-2001
2001,0802940,1020,CHEYENNE MOUNTAIN   12,238.0,0.0,9.0,122.0,106.0,,4191,ccd-lea-2001
2001,0803000,0540,CLEAR CREEK         RE-1,84.0,1.0,4.0,38.0,40.0,,1285,ccd-lea-2001
2001,0803060,1010,COLORADO SPRINGS    11,1938.0,21.0,110.0,820.0,985.0,,32808,ccd-lea-2001
2001,0807200,0860,CONSOLIDATED        C-1,34.0,1.0,1.0,11.0,20.0,,473,ccd-lea-2001
2001,0803120,1160,COTOPAXI            RE-3,29.0,0.0,0.0,11.0,16.0,,365,ccd-lea-2001
2001,0803150,2010,CREEDE CONSOLIDATED 1,17.0,0.0,1.0,7.0,8.0,,155,ccd-lea-2001
2001,0803180,3010,CRIPPLE CREEK-VICTOR RE-1,37.0,2.0,2.0,15.0,16.0,,645,ccd-lea-2001
2001,0803210,0770,CROWLEY COUNTY      RE-1-J,43.0,0.0,2.0,14.0,26.0,,594,ccd-lea-2001
2001,0803240,1980,DE BEQUE            49JT,21.0,1.0,1.0,7.0,11.0,,200,ccd-lea-2001
2001,0803270,0170,DEER TRAIL          26J,19.0,0.0,0.0,7.0,11.0,,191,ccd-lea-2001
2001,0803300,2730,DEL NORTE           C-7,58.0,0.0,4.0,22.0,31.0,,708,ccd-lea-2001
2001,0803330,0870,DELTA COUNTY        50(J),286.0,1.0,22.0,109.0,153.0,,5002,ccd-lea-2001
2001,0803360,0880,DENVER COUNTY       1,4376.0,226.0,301.0,1924.0,1922.0,,72361,ccd-lea-2001
2001,0803390,2055,DOLORES             RE-4A,47.0,0.0,3.0,19.0,25.0,,711,ccd-lea-2001
2001,0803420,0890,DOLORES COUNTY      RE NO.2,26.0,0.0,1.0,9.0,16.0,,340,ccd-lea-2001
2001,0803450,0900,DOUGLAS COUNTY      RE 1,2206.0,2.0,137.0,1151.0,914.0,,38054,ccd-lea-2001
2001,0803480,1520,DURANGO             9-R,309.0,1.0,21.0,125.0,160.0,,4747,ccd-lea-2001
2001,0803510,1430,EADS                RE-1,21.0,0.0,1.0,9.0,10.0,,252,ccd-lea-2001
2001,0803540,0910,EAGLE COUNTY        RE 50,342.0,4.0,26.0,140.0,171.0,,4912,ccd-lea-2001
2001,0899080,9025,EAST CENTRAL BOCES,10.0,2.0,0.0,8.0,0.0,,,ccd-lea-2001
2001,0804320,1350,EAST GRAND          2,101.0,1.0,7.0,43.0,49.0,,1374,ccd-lea-2001
2001,0805130,2520,EAST OTERO          R-1,121.0,1.0,7.0,52.0,61.0,,1816,ccd-lea-2001
2001,0803600,3085,EATON               RE-2,92.0,0.0,4.0,29.0,58.0,,1465,ccd-lea-2001
2001,0803630,1120,EDISON              54 JT,11.0,0.0,0.0,5.0,4.0,,94,ccd-lea-2001
2001,0803690,0950,ELBERT              200,23.0,0.0,1.0,9.0,12.0,,292,ccd-lea-2001
2001,0803720,0920,ELIZABETH           C-1,177.0,3.0,8.0,75.0,89.0,,2938,ccd-lea-2001
2001,0803750,1050,ELLICOTT            22,64.0,0.0,4.0,22.0,37.0,,960,ccd-lea-2001
2001,0803780,0120,ENGLEWOOD           1,254.0,2.0,11.0,94.0,146.0,,4327,ccd-lea-2001
2001,0800004,9130,EXPEDITIONARY BOCES,18.0,0.0,1.0,0.0,17.0,,316,ccd-lea-2001
2001,0803870,1110,FALCON              49,395.0,1.0,26.0,165.0,202.0,,6915,ccd-lea-2001
2001,0803960,1150,FLORENCE            RE-2,114.0,0.0,5.0,42.0,66.0,,1959,ccd-lea-2001
2001,0804050,2405,FORT MORGAN         RE-3,201.0,4.0,10.0,103.0,83.0,,3350,ccd-lea-2001
2001,0804080,1000,FOUNTAIN            8,304.0,2.0,24.0,143.0,133.0,,5195,ccd-lea-2001
2001,0804110,2540,FOWLER              R-4J,32.0,0.0,1.0,15.0,14.0,,369,ccd-lea-2001
2001,0803930,1850,FRENCHMAN           RE-3,20.0,1.0,1.0,8.0,10.0,,209,ccd-lea-2001
2001,0800015,9160,"FRONT RANGE BOCES,TCHR LDRSHIP",0.0,0.0,0.0,0.0,0.0,,,ccd-lea-2001
2001,0804380,1220,GARFIELD            16,49.0,0.0,3.0,23.0,22.0,,955,ccd-lea-2001
2001,0806240,1195,GARFIELD RE-2,208.0,4.0,12.0,87.0,105.0,,3652,ccd-lea-2001
2001,0804740,1780,GENOA-HUGO          C113,22.0,1.0,1.0,7.0,13.0,,244,ccd-lea-2001
2001,0804230,1330,GILPIN COUNTY       RE-1,32.0,1.0,1.0,11.0,17.0,,466,ccd-lea-2001
2001,0804290,2650,GRANADA             RE-1,27.0,0.0,1.0,11.0,14.0,,319,ccd-lea-2001
2001,0800011,9135,GRAND VALLEY BOCES,0.0,0.0,0.0,0.0,0.0,,,ccd-lea-2001
2001,0804410,3120,GREELEY             6,955.0,12.0,62.0,442.0,437.0,,16527,ccd-lea-2001
2001,0804470,1360,GUNNISON WATERSHED  RE1J,120.0,3.0,4.0,60.0,52.0,,1658,ccd-lea-2001
2001,0804500,1070,HANOVER             28,28.0,0.0,1.0,15.0,12.0,,334,ccd-lea-2001
2001,0804530,0980,HARRISON            2,721.0,7.0,53.0,334.0,326.0,,11053,ccd-lea-2001
2001,0804560,2630,HAXTUN              RE-2J,21.0,0.0,1.0,10.0,9.0,,299,ccd-lea-2001
2001,0804590,2760,HAYDEN              RE-1,35.0,0.0,1.0,13.0,20.0,,498,ccd-lea-2001
2001,0806510,1460,HI-PLAINS           R-23,15.0,0.0,1.0,6.0,7.0,,130,ccd-lea-2001
2001,0804620,1380,HINSDALE COUNTY     RE 1,8.0,0.0,0.0,3.0,4.0,,83,ccd-lea-2001
2001,0804650,1600,HOEHNE REORGANIZED  3,24.0,0.0,1.0,9.0,13.0,,365,ccd-lea-2001
2001,0804680,2670,HOLLY               RE-3,29.0,0.0,0.0,13.0,14.0,,362,ccd-lea-2001
2001,0804710,2620,HOLYOKE             RE-1J,45.0,0.0,2.0,19.0,23.0,,691,ccd-lea-2001
2001,0807080,1390,HUERFANO            RE-1,54.0,3.0,1.0,21.0,28.0,,848,ccd-lea-2001
2001,0800018,3220,IDALIA              RJ-3,16.0,1.0,0.0,6.0,8.0,,158,ccd-lea-2001
2001,0804770,1540,IGNACIO             11 JT,67.0,0.0,4.0,32.0,30.0,,889,ccd-lea-2001
2001,0804800,1420,JEFFERSON COUNTY    R-1,4723.0,22.0,265.0,2264.0,2171.0,,88460,ccd-lea-2001
2001,0804830,3110,JOHNSTOWN-MILLIKEN  RE-5J,109.0,1.0,4.0,49.0,53.0,,1743,ccd-lea-2001
2001,0804860,2862,JULESBURG           RE-1,26.0,1.0,1.0,11.0,12.0,,338,ccd-lea-2001
2001,0804890,1810,KARVAL              RE-23,13.0,0.0,0.0,5.0,7.0,,80,ccd-lea-2001
2001,0804920,3090,KEENESBURG          RE-3(J),106.0,0.0,6.0,55.0,44.0,,1694,ccd-lea-2001
2001,0804980,1760,KIM REORGANIZED     88,10.0,0.0,0.0,3.0,6.0,,61,ccd-lea-2001
2001,0805010,0930,KIOWA               C-2,33.0,0.0,1.0,13.0,18.0,,476,ccd-lea-2001
2001,0805040,0510,KIT CARSON          R-1,17.0,0.0,1.0,7.0,8.0,,113,ccd-lea-2001
2001,0805160,1400,LA VETA RE-2,23.0,0.0,1.0,12.0,10.0,,293,ccd-lea-2001
2001,0805190,1510,LAKE COUNTY         R-1,79.0,0.0,5.0,22.0,50.0,,1301,ccd-lea-2001
2001,0805220,2660,LAMAR               RE-2,122.0,0.0,7.0,56.0,58.0,,1837,ccd-lea-2001
2001,0800010,9110,LARIMER BOCES,0.0,0.0,0.0,0.0,0.0,,,ccd-lea-2001
2001,0805250,0290,LAS ANIMAS          RE-1,55.0,1.0,4.0,20.0,30.0,,663,ccd-lea-2001
2001,0805820,1080,LEWIS-PALMER        38,269.0,0.0,12.0,127.0,129.0,,4889,ccd-lea-2001
2001,0800019,3230,LIBERTY             J-4,14.0,0.0,1.0,5.0,7.0,,101,ccd-lea-2001
2001,0805280,1790,LIMON               RE-4J,41.0,1.0,1.0,14.0,23.0,,660,ccd-lea-2001
2001,0805310,0140,LITTLETON           6,926.0,5.0,50.0,386.0,485.0,,16590,ccd-lea-2001
2001,0805340,3060,LONE STAR           101,15.0,0.0,1.0,7.0,7.0,,102,ccd-lea-2001
2001,0805460,2070,MANCOS              RE-6,36.0,0.0,1.0,13.0,21.0,,473,ccd-lea-2001
2001,0805490,1030,MANITOU SPRINGS     14,83.0,1.0,4.0,30.0,47.0,,1356,ccd-lea-2001
2001,0805520,2535,MANZANOLA           3J,22.0,0.0,1.0,9.0,11.0,,224,ccd-lea-2001
2001,0805550,0010,MAPLETON            1,297.0,5.0,17.0,136.0,137.0,,5551,ccd-lea-2001
2001,0805580,0310,MC CLAVE            RE-2,22.0,0.0,1.0,9.0,11.0,,272,ccd-lea-2001
2001,0805610,2710,MEEKER              RE1,41.0,0.0,1.0,14.0,26.0,,662,ccd-lea-2001
2001,0804350,2000,MESA COUNTY VALLEY  51,1153.0,16.0,65.0,465.0,606.0,,20040,ccd-lea-2001
2001,0805670,1130,MIAMI/YODER         60 JT,27.0,0.0,1.0,9.0,16.0,,342,ccd-lea-2001
2001,0805700,2800,MOFFAT              2,24.0,0.0,1.0,6.0,15.0,,202,ccd-lea-2001
2001,0805730,2020,MOFFAT COUNTY       RE:NO 1,145.0,1.0,5.0,71.0,67.0,,2548,ccd-lea-2001
2001,0805760,2740,MONTE VISTA         C-8,98.0,2.0,7.0,36.0,52.0,,1409,ccd-lea-2001
2001,0803090,2035,MONTEZUMA-CORTEZ    RE-1,222.0,0.0,9.0,93.0,119.0,,3350,ccd-lea-2001
2001,0805790,2180,MONTROSE COUNTY     RE-1J,324.0,2.0,17.0,135.0,169.0,,5577,ccd-lea-2001
2001,0899160,9030,MOUNTAIN BOCES,29.0,0.0,0.0,16.0,11.0,,126,ccd-lea-2001
2001,0806300,2790,MOUNTAIN VALLEY     RE 1,20.0,0.0,1.0,6.0,12.0,,175,ccd-lea-2001
2001,0800012,9140,MT EVANS BOCES,0.0,0.0,0.0,0.0,0.0,,,ccd-lea-2001
2001,0805100,0550,NORTH CONEJOS       RE-1J,77.0,0.0,4.0,28.0,44.0,,1184,ccd-lea-2001
2001,0807050,1410,NORTH PARK          R-1,25.0,0.0,1.0,9.0,13.0,,301,ccd-lea-2001
2001,0899180,9040,NORTHEAST BOCES,3.0,1.0,0.0,2.0,0.0,,,ccd-lea-2001
2001,0806900,0020,NORTHGLENN-THORNTON 12,1672.0,7.0,100.0,681.0,882.0,,31544,ccd-lea-2001
2001,0899220,9095,NORTHWEST COLO BOCES,1.0,0.0,0.0,1.0,0.0,,,ccd-lea-2001
2001,0805880,2840,NORWOOD             R-2J,25.0,1.0,1.0,8.0,14.0,,326,ccd-lea-2001
2001,0805940,3050,OTIS                R-3,19.0,0.0,1.0,8.0,9.0,,169,ccd-lea-2001
2001,0805970,2580,OURAY               R-1,22.0,0.0,0.0,5.0,15.0,,250,ccd-lea-2001
2001,0803810,1570,PARK (ESTES PARK)   R-3,96.0,1.0,7.0,36.0,50.0,,1393,ccd-lea-2001
2001,0803840,2610,PARK COUNTY         RE-2,46.0,3.0,4.0,21.0,16.0,,649,ccd-lea-2001
2001,0804440,3148,PAWNEE              RE-12,17.0,0.0,1.0,7.0,8.0,,128,ccd-lea-2001
2001,0806060,1060,PEYTON              23 JT,50.0,1.0,2.0,19.0,27.0,,716,ccd-lea-2001
2001,0899240,9045,PIKES PEAK BOCES,78.0,5.0,5.0,52.0,14.0,,57,ccd-lea-2001
2001,0806930,1440,PLAINVIEW           RE-2,11.0,0.0,1.0,3.0,6.0,,66,ccd-lea-2001
2001,0806030,1870,PLATEAU             RE-5,17.0,0.0,1.0,7.0,8.0,,162,ccd-lea-2001
2001,0803030,1990,PLATEAU VALLEY      50,40.0,0.0,1.0,11.0,27.0,,526,ccd-lea-2001
2001,0802370,2600,PLATTE CANYON       1,97.0,1.0,4.0,33.0,57.0,,1557,ccd-lea-2001
2001,0806000,2865,PLATTE VALLEY       RE-3,18.0,0.0,1.0,8.0,8.0,,126,ccd-lea-2001
2001,0804950,3130,PLATTE VALLEY       RE-7,76.0,1.0,2.0,29.0,43.0,,1091,ccd-lea-2001
2001,0803990,1550,POUDRE              R-1,1417.0,19.0,82.0,660.0,654.0,,24412,ccd-lea-2001
2001,0806720,3147,PRAIRIE             RE-11,17.0,0.0,0.0,7.0,8.0,,109,ccd-lea-2001
2001,0807260,1590,PRIMERO REORGANIZED 2,16.0,0.0,2.0,5.0,8.0,,172,ccd-lea-2001
2001,0806090,0240,PRITCHETT           RE-3,11.0,0.0,0.0,8.0,1.0,,74,ccd-lea-2001
2001,0806120,2690,PUEBLO CITY         60,1049.0,39.0,60.0,425.0,524.0,,17738,ccd-lea-2001
2001,0806150,2700,PUEBLO COUNTY RURAL 70,408.0,5.0,19.0,175.0,207.0,,7554,ccd-lea-2001
2001,0806180,2720,RANGELY             RE-4,33.0,0.0,0.0,11.0,21.0,,594,ccd-lea-2001
2001,0806210,2590,RIDGWAY             R-2,24.0,0.0,1.0,9.0,13.0,,316,ccd-lea-2001
2001,0899280,9125,RIO BLANCO BOCES,6.0,2.0,1.0,2.0,0.0,,,ccd-lea-2001
2001,0804260,1180,ROARING FORK        RE-1,333.0,3.0,25.0,134.0,170.0,,4942,ccd-lea-2001
2001,0806270,2530,ROCKY FORD          R-2,75.0,0.0,6.0,32.0,36.0,,961,ccd-lea-2001
2001,0806330,0500,SALIDA              R-32,79.0,0.0,2.0,25.0,51.0,,1176,ccd-lea-2001
2001,0899300,9050,SAN JUAN BOCS,1.0,0.0,0.0,1.0,0.0,,,ccd-lea-2001
2001,0899320,9055,SAN LUIS VALLEY BOCES,10.0,2.0,0.0,7.0,0.0,,,ccd-lea-2001
2001,0806390,0560,SANFORD             6J,22.0,1.0,1.0,8.0,11.0,,350,ccd-lea-2001
2001,0806420,0110,SANGRE DE CRISTO    RE-22J,24.0,0.0,1.0,10.0,12.0,,322,ccd-lea-2001
2001,0800014,9150,SANTA FE TRAIL BOCES,7.0,1.0,0.0,2.0,3.0,,0,ccd-lea-2001
2001,0806450,2750,SARGENT             RE-33J,31.0,0.0,1.0,15.0,13.0,,413,ccd-lea-2001
2001,0806540,0123,SHERIDAN            2,131.0,2.0,10.0,49.0,68.0,,1990,ccd-lea-2001
2001,0804140,0740,SIERRA GRANDE       R-30,24.0,0.0,1.0,10.0,12.0,,289,ccd-lea-2001
2001,0806570,2820,SILVERTON           1,11.0,0.0,0.0,2.0,8.0,,77,ccd-lea-2001
2001,0899340,9060,SOUTH CENTRAL BOCES,7.0,0.0,0.0,7.0,0.0,,,ccd-lea-2001
2001,0802130,0580,SOUTH CONEJOS       RE-10,31.0,0.0,3.0,14.0,14.0,,369,ccd-lea-2001
2001,0899360,9065,SOUTH PLATTE VALLEY BOCES,3.0,0.0,0.0,3.0,0.0,,,ccd-lea-2001
2001,0805910,2780,SOUTH ROUTT         RE 3,36.0,0.0,2.0,13.0,19.0,,430,ccd-lea-2001
2001,0899400,9075,SOUTHEASTERN BOCES,8.0,2.0,0.0,5.0,0.0,,147,ccd-lea-2001
2001,0899420,9080,SOUTHWEST BOCES,9.0,0.0,0.0,0.0,9.0,,61,ccd-lea-2001
2001,0806630,0250,SPRINGFIELD         RE-4,32.0,2.0,2.0,13.0,14.0,,384,ccd-lea-2001
2001,0805370,0470,ST VRAIN VALLEY     RE 1J,1157.0,3.0,71.0,490.0,592.0,,20736,ccd-lea-2001
2001,0806660,2770,STEAMBOAT SPRINGS   RE-2,130.0,0.0,5.0,49.0,75.0,,1911,ccd-lea-2001
2001,0806750,0060,STRASBURG           31J,40.0,0.0,2.0,20.0,18.0,,798,ccd-lea-2001
2001,0806780,1480,STRATTON            R-4,21.0,0.0,1.0,6.0,13.0,,290,ccd-lea-2001
2001,0806810,3000,SUMMIT              RE-1,199.0,3.0,12.0,83.0,100.0,,2770,ccd-lea-2001
2001,0806840,2570,SWINK               33,29.0,0.0,1.0,13.0,14.0,,386,ccd-lea-2001
2001,0806870,2830,TELLURIDE           R-1,48.0,0.0,4.0,18.0,26.0,,547,ccd-lea-2001
2001,0805400,1560,THOMPSON            R-2J,857.0,13.0,34.0,354.0,454.0,,14806,ccd-lea-2001
2001,0806960,1580,TRINIDAD            1,98.0,0.0,6.0,39.0,52.0,,1456,ccd-lea-2001
2001,0800013,9145,UNCOMPAHGRE BOCS,0.0,0.0,0.0,0.0,0.0,,,ccd-lea-2001
2001,0806690,1828,VALLEY              RE-1,170.0,0.0,6.0,72.0,91.0,,2840,ccd-lea-2001
2001,0806990,0260,VILAS               RE-5,18.0,0.0,0.0,4.0,13.0,,168,ccd-lea-2001
2001,0807110,0230,WALSH               RE-1,22.0,1.0,1.0,8.0,11.0,,253,ccd-lea-2001
2001,0804200,3080,WELD COUNTY RE-1,132.0,0.0,5.0,57.0,69.0,,2020,ccd-lea-2001
2001,0804020,3140,WELD COUNTY RE-8,174.0,10.0,7.0,52.0,104.0,,2673,ccd-lea-2001
2001,0807140,2505,WELDON VALLEY       RE-20(J),18.0,0.0,1.0,6.0,10.0,,203,ccd-lea-2001
2001,0800008,9090,WEST CENTRAL BOCES,0.0,0.0,0.0,0.0,0.0,,,ccd-lea-2001
2001,0805850,2190,WEST END            RE-2,29.0,1.0,1.0,8.0,18.0,,431,ccd-lea-2001
2001,0805070,1340,WEST GRAND          1-JT.,41.0,0.0,1.0,15.0,25.0,,528,ccd-lea-2001
2001,0807230,0070,WESTMINSTER         50,666.0,1.0,52.0,273.0,338.0,,11283,ccd-lea-2001
2001,0806480,0990,WIDEFIELD           3,496.0,6.0,23.0,234.0,233.0,,8671,ccd-lea-2001
2001,0807290,2515,WIGGINS             RE-50(J),39.0,0.0,3.0,16.0,19.0,,613,ccd-lea-2001
2001,0807320,2680,WILEY               RE-13 JT,25.0,1.0,1.0,10.0,12.0,,346,ccd-lea-2001
2001,0807350,3100,WINDSOR             RE-4,175.0,3.0,9.0,75.0,86.0,,2806,ccd-lea-2001
2001,0807380,3020,WOODLAND PARK       RE-2,189.0,2.0,10.0,70.0,107.0,,3360,ccd-lea-2001
2001,0807410,3070,WOODLIN             R-104,12.0,0.0,1.0,3.0,7.0,,124,ccd-lea-2001
2001,0800017,3210,WRAY                RD-2,60.0,3.0,3.0,16.0,37.0,,781,ccd-lea-2001
2001,0800016,3200,YUMA                1,63.0,1.0,3.0,15.0,43.0,,921,ccd-lea-2001
2002,0801920,1040,ACADEMY 20,1167.0,8.0,69.0,520.0,568.0,,18698,ccd-lea-2002
2002,0801950,0030,ADAMS COUNTY 14,375.0,13.0,29.0,170.0,162.0,,6698,ccd-lea-2002
2002,0800009,9120,ADAMS COUNTY BOCES,0.0,0.0,0.0,0.0,0.0,,,ccd-lea-2002
2002,0802340,0180,ADAMS-ARAPAHOE 28J,1740.0,3.0,114.0,813.0,809.0,,32253,ccd-lea-2002
2002,0801980,0960,AGATE 300,17.0,1.0,0.0,6.0,9.0,,112,ccd-lea-2002
2002,0802010,1620,AGUILAR REORGANIZED 6,15.0,0.0,1.0,7.0,6.0,,159,ccd-lea-2002
2002,0802040,3030,AKRON R-1,35.0,0.0,2.0,21.0,12.0,,460,ccd-lea-2002
2002,0802070,0100,ALAMOSA RE-11J,146.0,0.0,9.0,58.0,79.0,,2280,ccd-lea-2002
2002,0802190,0220,ARCHULETA COUNTY 50 JT,92.0,0.0,3.0,47.0,41.0,,1588,ccd-lea-2002
2002,0802220,3040,ARICKAREE R-2,16.0,0.0,0.0,6.0,7.0,,97,ccd-lea-2002
2002,0802260,1450,ARRIBA-FLAGLER C-20,20.0,0.0,1.0,8.0,9.0,,260,ccd-lea-2002
2002,0802280,2640,ASPEN 1,123.0,3.0,9.0,37.0,72.0,,1542,ccd-lea-2002
2002,0802310,3145,AULT-HIGHLAND RE-9,70.0,0.0,5.0,25.0,39.0,,926,ccd-lea-2002
2002,0802400,1530,BAYFIELD 10 JT-R,68.0,0.0,3.0,23.0,41.0,,1175,ccd-lea-2002
2002,0802430,0050,BENNETT 29J,62.0,1.0,2.0,22.0,36.0,,1035,ccd-lea-2002
2002,0802460,1490,BETHUNE R-5,17.0,0.0,0.0,6.0,9.0,,117,ccd-lea-2002
2002,0806600,0940,BIG SANDY 100J,27.0,0.0,0.0,8.0,17.0,,366,ccd-lea-2002
2002,0802490,0480,BOULDER VALLEY RE 2,1712.0,2.0,113.0,793.0,803.0,,27764,ccd-lea-2002
2002,0802520,1750,BRANSON REORGANIZED 82,38.0,0.0,0.0,3.0,35.0,,739,ccd-lea-2002
2002,0802550,3146,BRIGGSDALE RE-10,16.0,0.0,1.0,7.0,7.0,,138,ccd-lea-2002
2002,0802580,0040,BRIGHTON 27J,414.0,4.0,24.0,203.0,181.0,,7277,ccd-lea-2002
2002,0802610,2395,BRUSH RE-2(J),109.0,2.0,5.0,43.0,58.0,,1531,ccd-lea-2002
2002,0802640,0490,BUENA VISTA R-31,72.0,1.0,2.0,24.0,44.0,,993,ccd-lea-2002
2002,0805640,1860,BUFFALO RE-4,22.0,0.0,1.0,7.0,14.0,,301,ccd-lea-2002
2002,0802670,1500,BURLINGTON RE-6J,57.0,0.0,2.0,18.0,35.0,,874,ccd-lea-2002
2002,0802700,0190,BYERS 32J,36.0,0.0,2.0,18.0,16.0,,554,ccd-lea-2002
2002,0802730,0970,CALHAN RJ-1,44.0,1.0,1.0,21.0,20.0,,730,ccd-lea-2002
2002,0802760,0270,CAMPO RE-6,10.0,0.0,0.0,3.0,5.0,,77,ccd-lea-2002
2002,0802790,1140,CANON CITY RE-1,249.0,0.0,10.0,132.0,107.0,,4215,ccd-lea-2002
2002,0899200,9035,CENTENNIAL BOCES,36.0,2.0,0.0,26.0,8.0,,122,ccd-lea-2002
2002,0806360,0640,CENTENNIAL R-1,25.0,0.0,1.0,11.0,12.0,,296,ccd-lea-2002
2002,0802850,2810,CENTER 26 JT,54.0,0.0,5.0,19.0,28.0,,666,ccd-lea-2002
2002,0802880,2560,CHERAW 31,18.0,0.0,0.0,6.0,11.0,,236,ccd-lea-2002
2002,0802910,0130,CHERRY CREEK 5,2715.0,27.0,142.0,1191.0,1353.0,,45738,ccd-lea-2002
2002,0800001,0520,CHEYENNE COUNTY RE-5,31.0,2.0,0.0,8.0,20.0,,280,ccd-lea-2002
2002,0802940,1020,CHEYENNE MOUNTAIN 12,271.0,2.0,13.0,136.0,118.0,,4342,ccd-lea-2002
2002,0803000,0540,CLEAR CREEK RE-1,81.0,2.0,4.0,37.0,37.0,,1235,ccd-lea-2002
2002,0803060,1010,COLORADO SPRINGS 11,1917.0,20.0,122.0,783.0,991.0,,32368,ccd-lea-2002
2002,0803120,1160,COTOPAXI RE-3,28.0,0.0,1.0,11.0,15.0,,374,ccd-lea-2002
2002,0803150,2010,CREEDE CONSOLIDATED 1,18.0,0.0,1.0,8.0,8.0,,159,ccd-lea-2002
2002,0803180,3010,CRIPPLE CREEK-VICTOR RE-1,38.0,1.0,2.0,15.0,18.0,,627,ccd-lea-2002
2002,0803210,0770,CROWLEY COUNTY RE-1-J,42.0,0.0,2.0,15.0,24.0,,598,ccd-lea-2002
2002,0807200,0860,CUSTER COUNTY SCHOOL DISTRICT C-1,37.0,1.0,2.0,13.0,20.0,,517,ccd-lea-2002
2002,0803240,1980,DE BEQUE 49JT,22.0,1.0,1.0,7.0,12.0,,205,ccd-lea-2002
2002,0803270,0170,DEER TRAIL 26J,20.0,0.0,0.0,7.0,12.0,,196,ccd-lea-2002
2002,0803300,2730,DEL NORTE C-7,58.0,0.0,4.0,22.0,32.0,,699,ccd-lea-2002
2002,0803330,0870,DELTA COUNTY 50(J),283.0,1.0,20.0,104.0,157.0,,5116,ccd-lea-2002
2002,0803360,0880,DENVER COUNTY 1,4471.0,218.0,309.0,1933.0,2009.0,,71972,ccd-lea-2002
2002,0803420,0890,DOLORES COUNTY RE NO.2,26.0,0.0,1.0,8.0,16.0,,283,ccd-lea-2002
2002,0803390,2055,DOLORES RE-4A,50.0,0.0,2.0,20.0,27.0,,797,ccd-lea-2002
2002,0803450,0900,DOUGLAS COUNTY RE 1,2301.0,5.0,140.0,1199.0,957.0,,40511,ccd-lea-2002
2002,0803480,1520,DURANGO 9-R,317.0,2.0,24.0,131.0,159.0,,4761,ccd-lea-2002
2002,0803510,1430,EADS RE-1,21.0,0.0,1.0,9.0,9.0,,221,ccd-lea-2002
2002,0803540,0910,EAGLE COUNTY RE 50,345.0,4.0,29.0,139.0,172.0,,4958,ccd-lea-2002
2002,0899080,9025,EAST CENTRAL BOCES,11.0,2.0,0.0,7.0,1.0,,10,ccd-lea-2002
2002,0804320,1350,EAST GRAND 2,102.0,2.0,6.0,43.0,50.0,,1349,ccd-lea-2002
2002,0805130,2520,EAST OTERO R-1,119.0,1.0,7.0,45.0,64.0,,1820,ccd-lea-2002
2002,0803600,3085,EATON RE-2,94.0,0.0,4.0,29.0,59.0,,1533,ccd-lea-2002
2002,0803630,1120,EDISON 54 JT,11.0,0.0,0.0,5.0,5.0,,101,ccd-lea-2002
2002,0803690,0950,ELBERT 200,22.0,0.0,1.0,9.0,12.0,,287,ccd-lea-2002
2002,0803720,0920,ELIZABETH C-1,173.0,3.0,7.0,73.0,88.0,,2904,ccd-lea-2002
2002,0803750,1050,ELLICOTT 22,65.0,0.0,4.0,21.0,40.0,,946,ccd-lea-2002
2002,0803780,0120,ENGLEWOOD 1,235.0,2.0,13.0,86.0,133.0,,4200,ccd-lea-2002
2002,0800004,9130,EXPEDITIONARY BOCES,21.0,0.0,1.0,0.0,19.0,,323,ccd-lea-2002
2002,0803870,1110,FALCON 49,468.0,1.0,33.0,201.0,231.0,,7854,ccd-lea-2002
2002,0803960,1150,FLORENCE RE-2,117.0,0.0,6.0,42.0,69.0,,1915,ccd-lea-2002
2002,0804050,2405,FORT MORGAN RE-3,201.0,3.0,10.0,103.0,84.0,,3309,ccd-lea-2002
2002,0804080,1000,FOUNTAIN 8,320.0,2.0,25.0,147.0,144.0,,5545,ccd-lea-2002
2002,0804110,2540,FOWLER R-4J,32.0,0.0,2.0,15.0,15.0,,358,ccd-lea-2002
2002,0803930,1850,FRENCHMAN RE-3,20.0,1.0,1.0,8.0,10.0,,225,ccd-lea-2002
2002,0800015,9160,FRONT RANGE BOCES,0.0,0.0,0.0,0.0,0.0,,,ccd-lea-2002
2002,0804380,1220,GARFIELD 16,60.0,0.0,2.0,30.0,26.0,,974,ccd-lea-2002
2002,0806240,1195,GARFIELD RE-2,215.0,7.0,12.0,86.0,108.0,,3695,ccd-lea-2002
2002,0804740,1780,GENOA-HUGO C113,21.0,1.0,1.0,6.0,12.0,,222,ccd-lea-2002
2002,0804230,1330,GILPIN COUNTY RE-1,32.0,2.0,1.0,13.0,15.0,,454,ccd-lea-2002
2002,0804290,2650,GRANADA RE-1,26.0,0.0,1.0,10.0,14.0,,306,ccd-lea-2002
2002,0800011,9135,GRAND VALLEY BOCES,0.0,0.0,0.0,0.0,0.0,,,ccd-lea-2002
2002,0804410,3120,GREELEY 6,1019.0,12.0,64.0,465.0,476.0,,17131,ccd-lea-2002
2002,0804470,1360,GUNNISON WATERSHED RE1J,124.0,3.0,6.0,58.0,56.0,,1644,ccd-lea-2002
2002,0804500,1070,HANOVER 28,31.0,0.0,2.0,16.0,13.0,,332,ccd-lea-2002
2002,0804530,0980,HARRISON 2,719.0,8.0,46.0,327.0,336.0,,10810,ccd-lea-2002
2002,0804560,2630,HAXTUN RE-2J,21.0,0.0,1.0,10.0,10.0,,299,ccd-lea-2002
2002,0804590,2760,HAYDEN RE-1,36.0,0.0,1.0,14.0,20.0,,503,ccd-lea-2002
2002,0806510,1460,HI-PLAINS R-23,14.0,0.0,1.0,6.0,6.0,,116,ccd-lea-2002
2002,0804620,1380,HINSDALE COUNTY RE 1,9.0,0.0,0.0,3.0,5.0,,81,ccd-lea-2002
2002,0804650,1600,HOEHNE REORGANIZED 3,24.0,0.0,1.0,9.0,13.0,,358,ccd-lea-2002
2002,0804680,2670,HOLLY RE-3,28.0,0.0,0.0,13.0,14.0,,345,ccd-lea-2002
2002,0804710,2620,HOLYOKE RE-1J,46.0,0.0,2.0,20.0,23.0,,671,ccd-lea-2002
2002,0807080,1390,HUERFANO RE-1,54.0,2.0,3.0,21.0,27.0,,830,ccd-lea-2002
2002,0800018,3220,IDALIA RJ-3,15.0,1.0,0.0,6.0,7.0,,148,ccd-lea-2002
2002,0804770,1540,IGNACIO 11 JT,67.0,0.0,4.0,30.0,32.0,,847,ccd-lea-2002
2002,0804800,1420,JEFFERSON COUNTY R-1,4857.0,26.0,269.0,2304.0,2256.0,,87925,ccd-lea-2002
2002,0804830,3110,JOHNSTOWN-MILLIKEN RE-5J,123.0,1.0,5.0,60.0,56.0,,1916,ccd-lea-2002
2002,0804860,2862,JULESBURG RE-1,25.0,1.0,1.0,11.0,11.0,,352,ccd-lea-2002
2002,0804890,1810,KARVAL RE-23,12.0,0.0,0.0,4.0,6.0,,79,ccd-lea-2002
2002,0804920,3090,KEENESBURG RE-3(J),122.0,3.0,7.0,63.0,48.0,,1925,ccd-lea-2002
2002,0804980,1760,KIM REORGANIZED 88,10.0,0.0,0.0,3.0,6.0,,64,ccd-lea-2002
2002,0805010,0930,KIOWA C-2,31.0,0.0,1.0,13.0,17.0,,484,ccd-lea-2002
2002,0805040,0510,KIT CARSON R-1,16.0,0.0,1.0,6.0,9.0,,121,ccd-lea-2002
2002,0805160,1400,LA VETA RE-2,24.0,0.0,1.0,13.0,10.0,,289,ccd-lea-2002
2002,0805190,1510,LAKE COUNTY R-1,80.0,0.0,5.0,21.0,53.0,,1270,ccd-lea-2002
2002,0805220,2660,LAMAR RE-2,120.0,0.0,7.0,54.0,59.0,,1832,ccd-lea-2002
2002,0800010,9110,LARIMER BOCES,0.0,0.0,0.0,0.0,0.0,,,ccd-lea-2002
2002,0805250,0290,LAS ANIMAS RE-1,53.0,1.0,4.0,20.0,28.0,,634,ccd-lea-2002
2002,0805820,1080,LEWIS-PALMER 38,280.0,0.0,14.0,124.0,141.0,,5179,ccd-lea-2002
2002,0800019,3230,LIBERTY J-4,14.0,0.0,1.0,5.0,7.0,,96,ccd-lea-2002
2002,0805280,1790,LIMON RE-4J,43.0,1.0,1.0,16.0,24.0,,654,ccd-lea-2002
2002,0805310,0140,LITTLETON 6,975.0,5.0,57.0,417.0,495.0,,16408,ccd-lea-2002
2002,0805340,3060,LONE STAR 101,15.0,0.0,1.0,7.0,6.0,,103,ccd-lea-2002
2002,0805460,2070,MANCOS RE-6,35.0,0.0,1.0,12.0,21.0,,461,ccd-lea-2002
2002,0805490,1030,MANITOU SPRINGS 14,88.0,1.0,4.0,31.0,51.0,,1363,ccd-lea-2002
2002,0805520,2535,MANZANOLA 3J,22.0,0.0,1.0,9.0,11.0,,195,ccd-lea-2002
2002,0805550,0010,MAPLETON 1,278.0,6.0,15.0,126.0,130.0,,5623,ccd-lea-2002
2002,0805580,0310,MC CLAVE RE-2,23.0,0.0,1.0,8.0,12.0,,268,ccd-lea-2002
2002,0805610,2710,MEEKER RE1,40.0,0.0,1.0,14.0,24.0,,624,ccd-lea-2002
2002,0804350,2000,MESA COUNTY VALLEY 51,1164.0,19.0,66.0,468.0,609.0,,20084,ccd-lea-2002
2002,0805670,1130,MIAMI/YODER 60 JT,26.0,0.0,2.0,7.0,15.0,,399,ccd-lea-2002
2002,0805700,2800,MOFFAT 2,25.0,0.0,2.0,6.0,16.0,,204,ccd-lea-2002
2002,0805730,2020,MOFFAT COUNTY RE:NO 1,149.0,1.0,8.0,70.0,70.0,,2585,ccd-lea-2002
2002,0805760,2740,MONTE VISTA C-8,97.0,2.0,6.0,35.0,52.0,,1382,ccd-lea-2002
2002,0803090,2035,MONTEZUMA-CORTEZ RE-1,218.0,0.0,9.0,92.0,117.0,,3380,ccd-lea-2002
2002,0805790,2180,MONTROSE COUNTY RE-1J,328.0,2.0,19.0,137.0,169.0,,5581,ccd-lea-2002
2002,0899160,9030,MOUNTAIN BOCES,29.0,0.0,0.0,17.0,10.0,,124,ccd-lea-2002
2002,0806300,2790,MOUNTAIN VALLEY RE 1,18.0,0.0,1.0,6.0,10.0,,168,ccd-lea-2002
2002,0800012,9140,MT EVANS BOCES,0.0,0.0,0.0,0.0,0.0,,,ccd-lea-2002
2002,0805100,0550,NORTH CONEJOS RE-1J,78.0,0.0,4.0,30.0,44.0,,1221,ccd-lea-2002
2002,0807050,1410,NORTH PARK R-1,25.0,0.0,0.0,10.0,13.0,,289,ccd-lea-2002
2002,0899180,9040,NORTHEAST BOCES,3.0,1.0,0.0,1.0,0.0,,,ccd-lea-2002
2002,0806900,0020,NORTHGLENN-THORNTON 12,1725.0,2.0,109.0,661.0,952.0,,33522,ccd-lea-2002
2002,0899220,9095,NORTHWEST COLO BOCES,0.0,0.0,0.0,0.0,0.0,,,ccd-lea-2002
2002,0805880,2840,NORWOOD R-2J,23.0,1.0,1.0,7.0,13.0,,317,ccd-lea-2002
2002,0805940,3050,OTIS R-3,19.0,0.0,1.0,8.0,9.0,,182,ccd-lea-2002
2002,0805970,2580,OURAY R-1,22.0,0.0,0.0,5.0,15.0,,244,ccd-lea-2002
2002,0803810,1570,PARK (ESTES PARK) R-3,89.0,0.0,7.0,35.0,45.0,,1411,ccd-lea-2002
2002,0803840,2610,PARK COUNTY RE-2,49.0,3.0,4.0,24.0,17.0,,652,ccd-lea-2002
2002,0804440,3148,PAWNEE RE-12,17.0,0.0,1.0,7.0,9.0,,128,ccd-lea-2002
2002,0806060,1060,PEYTON 23 JT,52.0,1.0,2.0,22.0,27.0,,686,ccd-lea-2002
2002,0899240,9045,PIKES PEAK BOCES,66.0,3.0,3.0,46.0,13.0,,35,ccd-lea-2002
2002,0806930,1440,PLAINVIEW RE-2,8.0,0.0,0.0,3.0,4.0,,59,ccd-lea-2002
2002,0806030,1870,PLATEAU RE-5,17.0,0.0,1.0,7.0,8.0,,158,ccd-lea-2002
2002,0803030,1990,PLATEAU VALLEY 50,39.0,1.0,1.0,11.0,26.0,,471,ccd-lea-2002
2002,0802370,2600,PLATTE CANYON 1,88.0,0.0,4.0,29.0,54.0,,1464,ccd-lea-2002
2002,0806000,2865,PLATTE VALLEY RE-3,15.0,0.0,1.0,5.0,8.0,,109,ccd-lea-2002
2002,0804950,3130,PLATTE VALLEY RE-7,76.0,1.0,2.0,30.0,42.0,,1129,ccd-lea-2002
2002,0803990,1550,POUDRE R-1,1459.0,22.0,108.0,637.0,691.0,,24538,ccd-lea-2002
2002,0806720,3147,PRAIRIE RE-11,16.0,0.0,0.0,7.0,7.0,,111,ccd-lea-2002
2002,0807260,1590,PRIMERO REORGANIZED 2,19.0,0.0,1.0,9.0,8.0,,205,ccd-lea-2002
2002,0806090,0240,PRITCHETT RE-3,11.0,1.0,0.0,2.0,7.0,,65,ccd-lea-2002
2002,0806120,2690,PUEBLO CITY 60,1114.0,41.0,72.0,443.0,557.0,,17875,ccd-lea-2002
2002,0806150,2700,PUEBLO COUNTY RURAL 70,425.0,8.0,22.0,178.0,216.0,,7827,ccd-lea-2002
2002,0806180,2720,RANGELY RE-4,33.0,0.0,0.0,10.0,22.0,,564,ccd-lea-2002
2002,0806210,2590,RIDGWAY R-2,1.0,0.0,0.0,0.0,0.0,,329,ccd-lea-2002
2002,0899280,9125,RIO BLANCO BOCES,6.0,2.0,1.0,2.0,0.0,,,ccd-lea-2002
2002,0804260,1180,ROARING FORK RE-1,341.0,3.0,22.0,140.0,174.0,,4864,ccd-lea-2002
2002,0806270,2530,ROCKY FORD R-2,74.0,0.0,5.0,32.0,36.0,,885,ccd-lea-2002
2002,0806330,0500,SALIDA R-32,83.0,0.0,3.0,24.0,55.0,,1120,ccd-lea-2002
2002,0899300,9050,SAN JUAN BOCS,2.0,0.0,0.0,1.0,0.0,,,ccd-lea-2002
2002,0899320,9055,SAN LUIS VALLEY BOCES,16.0,4.0,0.0,11.0,0.0,,,ccd-lea-2002
2002,0806390,0560,SANFORD 6J,24.0,1.0,2.0,9.0,11.0,,412,ccd-lea-2002
2002,0806420,0110,SANGRE DE CRISTO RE-22J,27.0,1.0,1.0,9.0,16.0,,321,ccd-lea-2002
2002,0800014,9150,SANTA FE TRAIL BOCES,7.0,1.0,0.0,2.0,3.0,,0,ccd-lea-2002
2002,0806450,2750,SARGENT RE-33J,31.0,0.0,2.0,14.0,15.0,,403,ccd-lea-2002
2002,0806540,0123,SHERIDAN 2,126.0,5.0,5.0,47.0,67.0,,1936,ccd-lea-2002
2002,0804140,0740,SIERRA GRANDE R-30,23.0,0.0,1.0,10.0,11.0,,316,ccd-lea-2002
2002,0806570,2820,SILVERTON 1,6.0,0.0,0.0,2.0,3.0,,76,ccd-lea-2002
2002,0899340,9060,SOUTH CENTRAL BOCES,8.0,1.0,0.0,6.0,0.0,,,ccd-lea-2002
2002,0802130,0580,SOUTH CONEJOS RE-10,31.0,0.0,1.0,16.0,14.0,,340,ccd-lea-2002
2002,0899360,9065,SOUTH PLATTE VALLEY BOCES,1.0,0.0,0.0,0.0,0.0,,,ccd-lea-2002
2002,0805910,2780,SOUTH ROUTT RE 3,34.0,0.0,2.0,13.0,18.0,,452,ccd-lea-2002
2002,0899400,9075,SOUTHEASTERN BOCES,6.0,1.0,0.0,4.0,0.0,,139,ccd-lea-2002
2002,0899420,9080,SOUTHWEST BOCES,5.0,0.0,0.0,0.0,5.0,,60,ccd-lea-2002
2002,0806630,0250,SPRINGFIELD RE-4,32.0,2.0,2.0,14.0,14.0,,366,ccd-lea-2002
2002,0805370,0470,ST VRAIN VALLEY RE 1J,1244.0,8.0,81.0,529.0,624.0,,21335,ccd-lea-2002
2002,0806660,2770,STEAMBOAT SPRINGS RE-2,137.0,0.0,5.0,54.0,77.0,,1933,ccd-lea-2002
2002,0806750,0060,STRASBURG 31J,41.0,0.0,2.0,20.0,18.0,,823,ccd-lea-2002
2002,0806780,1480,STRATTON R-4,19.0,0.0,1.0,7.0,10.0,,290,ccd-lea-2002
2002,0806810,3000,SUMMIT RE-1,212.0,3.0,15.0,88.0,105.0,,2775,ccd-lea-2002
2002,0806840,2570,SWINK 33,29.0,0.0,1.0,13.0,15.0,,386,ccd-lea-2002
2002,0806870,2830,TELLURIDE R-1,51.0,0.0,3.0,20.0,26.0,,563,ccd-lea-2002
2002,0805400,1560,THOMPSON R-2J,864.0,14.0,34.0,358.0,457.0,,14974,ccd-lea-2002
2002,0806960,1580,TRINIDAD 1,99.0,0.0,6.0,38.0,55.0,,1466,ccd-lea-2002
2002,0800013,9145,UNCOMPAHGRE BOCS,0.0,0.0,0.0,0.0,0.0,,,ccd-lea-2002
2002,0806690,1828,VALLEY RE-1,171.0,0.0,6.0,72.0,92.0,,2860,ccd-lea-2002
2002,0806990,0260,VILAS RE-5,20.0,0.0,0.0,3.0,15.0,,258,ccd-lea-2002
2002,0807110,0230,WALSH RE-1,18.0,1.0,1.0,7.0,8.0,,225,ccd-lea-2002
2002,0804200,3080,WELD COUNTY RE-1,146.0,0.0,12.0,58.0,76.0,,1916,ccd-lea-2002
2002,0804020,3140,WELD COUNTY S/D RE-8,177.0,10.0,7.0,52.0,107.0,,2622,ccd-lea-2002
2002,0807140,2505,WELDON VALLEY RE-20(J),18.0,0.0,1.0,6.0,10.0,,205,ccd-lea-2002
2002,0800008,9090,WEST CENTRAL BOCES,0.0,0.0,0.0,0.0,0.0,,,ccd-lea-2002
2002,0805850,2190,WEST END RE-2,26.0,1.0,2.0,7.0,15.0,,416,ccd-lea-2002
2002,0805070,1340,WEST GRAND 1-JT.,43.0,0.0,1.0,16.0,25.0,,517,ccd-lea-2002
2002,0807230,0070,WESTMINSTER 50,655.0,5.0,52.0,262.0,334.0,,11012,ccd-lea-2002
2002,0806480,0990,WIDEFIELD 3,493.0,6.0,27.0,233.0,227.0,,8606,ccd-lea-2002
2002,0807290,2515,WIGGINS RE-50(J),40.0,0.0,2.0,18.0,19.0,,620,ccd-lea-2002
2002,0807320,2680,WILEY RE-13 JT,26.0,1.0,1.0,12.0,12.0,,307,ccd-lea-2002
2002,0807350,3100,WINDSOR RE-4,183.0,3.0,10.0,78.0,92.0,,2943,ccd-lea-2002
2002,0807380,3020,WOODLAND PARK RE-2,190.0,1.0,11.0,69.0,107.0,,3276,ccd-lea-2002
2002,0807410,3070,WOODLIN R-104,13.0,0.0,1.0,3.0,8.0,,117,ccd-lea-2002
2002,0800017,3210,WRAY RD-2,57.0,3.0,3.0,15.0,36.0,,756,ccd-lea-2002
2002,0800016,3200,YUMA 1,67.0,1.0,3.0,15.0,47.0,,927,ccd-lea-2002
2003,0801920,1040,ACADEMY 20,1165.0,9.0,71.0,392.0,692.0,,19083,ccd-lea-2003
2003,0806900,0020,ADAMS 12 FIVE STAR SCHOOLS,1767.0,3.0,107.0,666.0,989.0,,34869,ccd-lea-2003
2003,0801950,0030,ADAMS COUNTY 14,366.0,16.0,24.0,159.0,166.0,,6528,ccd-lea-2003
2003,0800009,9120,ADAMS COUNTY BOCES,0.0,0.0,0.0,0.0,0.0,,,ccd-lea-2003
2003,0802340,0180,ADAMS-ARAPAHOE 28J,1739.0,3.0,113.0,784.0,837.0,,32530,ccd-lea-2003
2003,0801980,0960,AGATE 300,17.0,1.0,1.0,6.0,8.0,,90,ccd-lea-2003
2003,0802010,1620,AGUILAR REORGANIZED 6,18.0,1.0,1.0,8.0,7.0,,170,ccd-lea-2003
2003,0802040,3030,AKRON R-1,37.0,0.0,1.0,23.0,12.0,,458,ccd-lea-2003
2003,0802070,0100,ALAMOSA RE-11J,142.0,0.0,7.0,56.0,78.0,,2454,ccd-lea-2003
2003,0802190,0220,ARCHULETA COUNTY 50 JT,92.0,0.0,4.0,45.0,42.0,,1553,ccd-lea-2003
2003,0802220,3040,ARICKAREE R-2,16.0,0.0,0.0,6.0,7.0,,101,ccd-lea-2003
2003,0802260,1450,ARRIBA-FLAGLER C-20,20.0,0.0,1.0,7.0,10.0,,228,ccd-lea-2003
2003,0802280,2640,ASPEN 1,130.0,3.0,8.0,46.0,71.0,,1554,ccd-lea-2003
2003,0802310,3145,AULT-HIGHLAND RE-9,64.0,0.0,5.0,22.0,36.0,,909,ccd-lea-2003
2003,0802400,1530,BAYFIELD 10 JT-R,71.0,0.0,3.0,25.0,43.0,,1190,ccd-lea-2003
2003,0802430,0050,BENNETT 29J,62.0,1.0,2.0,23.0,36.0,,1067,ccd-lea-2003
2003,0802460,1490,BETHUNE R-5,16.0,0.0,0.0,5.0,9.0,,107,ccd-lea-2003
2003,0806600,0940,BIG SANDY 100J,28.0,0.0,0.0,11.0,16.0,,357,ccd-lea-2003
2003,0802490,0480,BOULDER VALLEY RE 2,1629.0,7.0,98.0,723.0,800.0,,27804,ccd-lea-2003
2003,0802520,1750,BRANSON REORGANIZED 82,55.0,0.0,0.0,2.0,52.0,,1041,ccd-lea-2003
2003,0802550,3146,BRIGGSDALE RE-10,16.0,0.0,1.0,7.0,7.0,,147,ccd-lea-2003
2003,0802580,0040,BRIGHTON 27J,481.0,4.0,33.0,254.0,189.0,,8261,ccd-lea-2003
2003,0802610,2395,BRUSH RE-2(J),110.0,2.0,5.0,44.0,57.0,,1588,ccd-lea-2003
2003,0802640,0490,BUENA VISTA R-31,71.0,1.0,2.0,23.0,44.0,,980,ccd-lea-2003
2003,0805640,1860,BUFFALO RE-4,23.0,0.0,1.0,9.0,12.0,,309,ccd-lea-2003
2003,0802670,1500,BURLINGTON RE-6J,55.0,0.0,3.0,16.0,34.0,,823,ccd-lea-2003
2003,0802700,0190,BYERS 32J,35.0,0.0,2.0,17.0,16.0,,577,ccd-lea-2003
2003,0802730,0970,CALHAN RJ-1,42.0,1.0,1.0,18.0,20.0,,685,ccd-lea-2003
2003,0802760,0270,CAMPO RE-6,9.0,0.0,0.0,3.0,5.0,,72,ccd-lea-2003
2003,0802790,1140,CANON CITY RE-1,248.0,1.0,12.0,127.0,107.0,,4114,ccd-lea-2003
2003,0899200,9035,CENTENNIAL BOCES,16.0,1.0,1.0,6.0,7.0,,123,ccd-lea-2003
2003,0806360,0640,CENTENNIAL R-1,21.0,0.0,1.0,7.0,12.0,,177,ccd-lea-2003
2003,0802850,2810,CENTER 26 JT,56.0,1.0,5.0,20.0,27.0,,700,ccd-lea-2003
2003,0802880,2560,CHERAW 31,19.0,0.0,1.0,7.0,10.0,,227,ccd-lea-2003
2003,0802910,0130,CHERRY CREEK 5,2737.0,30.0,143.0,1184.0,1380.0,,46594,ccd-lea-2003
2003,0800001,0520,CHEYENNE COUNTY RE-5,26.0,1.0,0.0,8.0,16.0,,276,ccd-lea-2003
2003,0802940,1020,CHEYENNE MOUNTAIN 12,267.0,2.0,12.0,129.0,122.0,,4506,ccd-lea-2003
2003,0803000,0540,CLEAR CREEK RE-1,77.0,0.0,4.0,35.0,36.0,,1216,ccd-lea-2003
2003,0803060,1010,COLORADO SPRINGS 11,1917.0,20.0,121.0,772.0,1003.0,,31840,ccd-lea-2003
2003,0803120,1160,COTOPAXI RE-3,25.0,0.0,0.0,9.0,15.0,,350,ccd-lea-2003
2003,0803150,2010,CREEDE CONSOLIDATED 1,17.0,0.0,0.0,8.0,7.0,,177,ccd-lea-2003
2003,0803180,3010,CRIPPLE CREEK-VICTOR RE-1,39.0,1.0,2.0,17.0,17.0,,619,ccd-lea-2003
2003,0803210,0770,CROWLEY COUNTY RE-1-J,40.0,0.0,2.0,14.0,23.0,,603,ccd-lea-2003
2003,0807200,0860,CUSTER COUNTY SCHOOL DISTRICT C-1,37.0,1.0,2.0,14.0,20.0,,493,ccd-lea-2003
2003,0803240,1980,DE BEQUE 49JT,21.0,1.0,1.0,8.0,10.0,,202,ccd-lea-2003
2003,0803270,0170,DEER TRAIL 26J,20.0,0.0,1.0,7.0,12.0,,201,ccd-lea-2003
2003,0803300,2730,DEL NORTE C-7,51.0,0.0,4.0,18.0,29.0,,666,ccd-lea-2003
2003,0803330,0870,DELTA COUNTY 50(J),279.0,2.0,20.0,113.0,143.0,,5087,ccd-lea-2003
2003,0803360,0880,DENVER COUNTY 1,4217.0,176.0,297.0,1890.0,1852.0,,72100,ccd-lea-2003
2003,0803420,0890,DOLORES COUNTY RE NO.2,26.0,0.0,1.0,8.0,17.0,,280,ccd-lea-2003
2003,0803390,2055,DOLORES RE-4A,54.0,0.0,3.0,21.0,29.0,,781,ccd-lea-2003
2003,0803450,0900,DOUGLAS COUNTY RE 1,2351.0,8.0,142.0,1192.0,1007.0,,41924,ccd-lea-2003
2003,0803480,1520,DURANGO 9-R,322.0,2.0,23.0,124.0,171.0,,4618,ccd-lea-2003
2003,0803510,1430,EADS RE-1,20.0,0.0,1.0,7.0,10.0,,210,ccd-lea-2003
2003,0803540,0910,EAGLE COUNTY RE 50,341.0,3.0,29.0,154.0,154.0,,5067,ccd-lea-2003
2003,0899080,9025,EAST CENTRAL BOCES,2.0,1.0,0.0,1.0,0.0,,0,ccd-lea-2003
2003,0804320,1350,EAST GRAND 2,96.0,2.0,8.0,38.0,48.0,,1338,ccd-lea-2003
2003,0805130,2520,EAST OTERO R-1,113.0,1.0,8.0,40.0,63.0,,1604,ccd-lea-2003
2003,0803600,3085,EATON RE-2,96.0,0.0,4.0,35.0,56.0,,1563,ccd-lea-2003
2003,0803630,1120,EDISON 54 JT,10.0,0.0,0.0,3.0,6.0,,119,ccd-lea-2003
2003,0803690,0950,ELBERT 200,21.0,0.0,1.0,9.0,11.0,,304,ccd-lea-2003
2003,0803720,0920,ELIZABETH C-1,163.0,0.0,7.0,71.0,84.0,,2867,ccd-lea-2003
2003,0803750,1050,ELLICOTT 22,63.0,0.0,5.0,19.0,38.0,,907,ccd-lea-2003
2003,0803780,0120,ENGLEWOOD 1,225.0,2.0,15.0,78.0,129.0,,4084,ccd-lea-2003
2003,0800004,9130,EXPEDITIONARY BOCES,18.0,0.0,0.0,0.0,18.0,,333,ccd-lea-2003
2003,0803870,1110,FALCON 49,497.0,1.0,31.0,214.0,249.0,,8660,ccd-lea-2003
2003,0803960,1150,FLORENCE RE-2,114.0,0.0,5.0,43.0,66.0,,1844,ccd-lea-2003
2003,0804050,2405,FORT MORGAN RE-3,204.0,12.0,9.0,100.0,81.0,,3294,ccd-lea-2003
2003,0804080,1000,FOUNTAIN 8,245.0,2.0,12.0,111.0,119.0,,5879,ccd-lea-2003
2003,0804110,2540,FOWLER R-4J,32.0,0.0,2.0,14.0,15.0,,356,ccd-lea-2003
2003,0803930,1850,FRENCHMAN RE-3,20.0,1.0,1.0,8.0,10.0,,219,ccd-lea-2003
2003,0800015,9160,FRONT RANGE BOCES,0.0,0.0,0.0,0.0,0.0,,,ccd-lea-2003
2003,0804380,1220,GARFIELD 16,60.0,1.0,2.0,28.0,28.0,,996,ccd-lea-2003
2003,0806240,1195,GARFIELD RE-2,212.0,4.0,11.0,81.0,114.0,,3810,ccd-lea-2003
2003,0804740,1780,GENOA-HUGO C113,20.0,0.0,1.0,6.0,12.0,,199,ccd-lea-2003
2003,0804230,1330,GILPIN COUNTY RE-1,29.0,1.0,1.0,12.0,14.0,,421,ccd-lea-2003
2003,0804290,2650,GRANADA RE-1,24.0,0.0,1.0,9.0,13.0,,304,ccd-lea-2003
2003,0800011,9135,GRAND VALLEY BOCES,0.0,0.0,0.0,0.0,0.0,,,ccd-lea-2003
2003,0804410,3120,GREELEY 6,1055.0,13.0,68.0,434.0,538.0,,17598,ccd-lea-2003
2003,0804470,1360,GUNNISON WATERSHED RE1J,120.0,3.0,6.0,56.0,54.0,,1641,ccd-lea-2003
2003,0804500,1070,HANOVER 28,30.0,0.0,2.0,15.0,12.0,,315,ccd-lea-2003
2003,0804530,0980,HARRISON 2,750.0,4.0,49.0,335.0,361.0,,10943,ccd-lea-2003
2003,0804560,2630,HAXTUN RE-2J,21.0,0.0,1.0,11.0,9.0,,280,ccd-lea-2003
2003,0804590,2760,HAYDEN RE-1,38.0,0.0,1.0,14.0,22.0,,499,ccd-lea-2003
2003,0806510,1460,HI-PLAINS R-23,16.0,0.0,0.0,7.0,7.0,,122,ccd-lea-2003
2003,0804620,1380,HINSDALE COUNTY RE 1,10.0,0.0,0.0,0.0,9.0,,85,ccd-lea-2003
2003,0804650,1600,HOEHNE REORGANIZED 3,23.0,0.0,1.0,10.0,12.0,,362,ccd-lea-2003
2003,0804680,2670,HOLLY RE-3,30.0,0.0,1.0,14.0,14.0,,362,ccd-lea-2003
2003,0804710,2620,HOLYOKE RE-1J,48.0,0.0,2.0,21.0,24.0,,664,ccd-lea-2003
2003,0807080,1390,HUERFANO RE-1,51.0,2.0,3.0,20.0,25.0,,737,ccd-lea-2003
2003,0800018,3220,IDALIA RJ-3,15.0,1.0,0.0,6.0,7.0,,140,ccd-lea-2003
2003,0804770,1540,IGNACIO 11 JT,62.0,0.0,4.0,27.0,30.0,,764,ccd-lea-2003
2003,0804800,1420,JEFFERSON COUNTY R-1,4764.0,27.0,266.0,2226.0,2243.0,,87172,ccd-lea-2003
2003,0804830,3110,JOHNSTOWN-MILLIKEN RE-5J,127.0,2.0,6.0,60.0,58.0,,2126,ccd-lea-2003
2003,0804860,2862,JULESBURG RE-1,24.0,1.0,1.0,12.0,10.0,,364,ccd-lea-2003
2003,0804890,1810,KARVAL RE-23,15.0,0.0,0.0,4.0,10.0,,128,ccd-lea-2003
2003,0804920,3090,KEENESBURG RE-3(J),128.0,4.0,8.0,60.0,55.0,,1916,ccd-lea-2003
2003,0804980,1760,KIM REORGANIZED 88,10.0,0.0,0.0,3.0,6.0,,55,ccd-lea-2003
2003,0805010,0930,KIOWA C-2,31.0,0.0,1.0,13.0,16.0,,440,ccd-lea-2003
2003,0805040,0510,KIT CARSON R-1,17.0,0.0,2.0,6.0,8.0,,99,ccd-lea-2003
2003,0805160,1400,LA VETA RE-2,21.0,0.0,1.0,11.0,8.0,,252,ccd-lea-2003
2003,0805190,1510,LAKE COUNTY R-1,84.0,1.0,6.0,22.0,54.0,,1205,ccd-lea-2003
2003,0805220,2660,LAMAR RE-2,121.0,3.0,9.0,50.0,57.0,,1846,ccd-lea-2003
2003,0800010,9110,LARIMER BOCES,0.0,0.0,0.0,0.0,0.0,,,ccd-lea-2003
2003,0805250,0290,LAS ANIMAS RE-1,47.0,1.0,3.0,20.0,22.0,,586,ccd-lea-2003
2003,0805820,1080,LEWIS-PALMER 38,327.0,1.0,16.0,144.0,164.0,,5370,ccd-lea-2003
2003,0800019,3230,LIBERTY J-4,14.0,0.0,1.0,4.0,8.0,,90,ccd-lea-2003
2003,0805280,1790,LIMON RE-4J,41.0,1.0,1.0,16.0,23.0,,626,ccd-lea-2003
2003,0805310,0140,LITTLETON 6,945.0,6.0,56.0,392.0,490.0,,16458,ccd-lea-2003
2003,0805340,3060,LONE STAR 101,14.0,0.0,1.0,6.0,6.0,,101,ccd-lea-2003
2003,0805460,2070,MANCOS RE-6,31.0,0.0,1.0,11.0,18.0,,417,ccd-lea-2003
2003,0805490,1030,MANITOU SPRINGS 14,85.0,1.0,4.0,30.0,50.0,,1304,ccd-lea-2003
2003,0805520,2535,MANZANOLA 3J,21.0,0.0,1.0,9.0,10.0,,193,ccd-lea-2003
2003,0805550,0010,MAPLETON 1,286.0,6.0,17.0,125.0,136.0,,5716,ccd-lea-2003
2003,0805580,0310,MC CLAVE RE-2,23.0,0.0,1.0,9.0,11.0,,273,ccd-lea-2003
2003,0805610,2710,MEEKER RE1,36.0,0.0,1.0,13.0,21.0,,624,ccd-lea-2003
2003,0804350,2000,MESA COUNTY VALLEY 51,1154.0,19.0,69.0,468.0,597.0,,20167,ccd-lea-2003
2003,0805670,1130,MIAMI/YODER 60 JT,26.0,1.0,1.0,8.0,15.0,,381,ccd-lea-2003
2003,0805700,2800,MOFFAT 2,22.0,0.0,1.0,5.0,14.0,,205,ccd-lea-2003
2003,0805730,2020,MOFFAT COUNTY RE:NO 1,146.0,1.0,7.0,69.0,68.0,,2507,ccd-lea-2003
2003,0805760,2740,MONTE VISTA C-8,96.0,2.0,6.0,34.0,52.0,,1326,ccd-lea-2003
2003,0803090,2035,MONTEZUMA-CORTEZ RE-1,211.0,0.0,9.0,87.0,114.0,,3346,ccd-lea-2003
2003,0805790,2180,MONTROSE COUNTY RE-1J,335.0,3.0,20.0,140.0,171.0,,5610,ccd-lea-2003
2003,0899160,9030,MOUNTAIN BOCES,19.0,0.0,0.0,8.0,9.0,,137,ccd-lea-2003
2003,0806300,2790,MOUNTAIN VALLEY RE 1,16.0,0.0,1.0,5.0,9.0,,150,ccd-lea-2003
2003,0800012,9140,MT EVANS BOCES,0.0,0.0,0.0,0.0,0.0,,,ccd-lea-2003
2003,0805100,0550,NORTH CONEJOS RE-1J,78.0,0.0,5.0,29.0,43.0,,1197,ccd-lea-2003
2003,0807050,1410,NORTH PARK R-1,23.0,0.0,1.0,9.0,12.0,,279,ccd-lea-2003
2003,0899180,9040,NORTHEAST BOCES,2.0,1.0,0.0,0.0,0.0,,,ccd-lea-2003
2003,0899220,9095,NORTHWEST COLO BOCES,0.0,0.0,0.0,0.0,0.0,,,ccd-lea-2003
2003,0805880,2840,NORWOOD R-2J,23.0,1.0,1.0,8.0,13.0,,304,ccd-lea-2003
2003,0805940,3050,OTIS R-3,18.0,0.0,1.0,7.0,9.0,,179,ccd-lea-2003
2003,0805970,2580,OURAY R-1,23.0,0.0,0.0,8.0,13.0,,264,ccd-lea-2003
2003,0803810,1570,PARK (ESTES PARK) R-3,95.0,2.0,6.0,38.0,48.0,,1361,ccd-lea-2003
2003,0803840,2610,PARK COUNTY RE-2,49.0,2.0,4.0,23.0,18.0,,626,ccd-lea-2003
2003,0804440,3148,PAWNEE RE-12,18.0,0.0,1.0,7.0,9.0,,115,ccd-lea-2003
2003,0806060,1060,PEYTON 23 JT,42.0,1.0,1.0,16.0,24.0,,693,ccd-lea-2003
2003,0899240,9045,PIKES PEAK BOCES,32.0,0.0,2.0,29.0,0.0,,0,ccd-lea-2003
2003,0806930,1440,PLAINVIEW RE-2,8.0,0.0,0.0,3.0,4.0,,62,ccd-lea-2003
2003,0806030,1870,PLATEAU RE-5,17.0,0.0,1.0,7.0,8.0,,153,ccd-lea-2003
2003,0803030,1990,PLATEAU VALLEY 50,37.0,0.0,0.0,11.0,25.0,,497,ccd-lea-2003
2003,0802370,2600,PLATTE CANYON 1,78.0,0.0,3.0,27.0,47.0,,1421,ccd-lea-2003
2003,0806000,2865,PLATTE VALLEY RE-3,15.0,0.0,1.0,5.0,8.0,,110,ccd-lea-2003
2003,0804950,3130,PLATTE VALLEY RE-7,76.0,1.0,3.0,28.0,43.0,,1141,ccd-lea-2003
2003,0803990,1550,POUDRE R-1,1434.0,22.0,99.0,660.0,653.0,,24891,ccd-lea-2003
2003,0806720,3147,PRAIRIE RE-11,17.0,0.0,0.0,6.0,9.0,,122,ccd-lea-2003
2003,0807260,1590,PRIMERO REORGANIZED 2,18.0,1.0,1.0,6.0,9.0,,215,ccd-lea-2003
2003,0806090,0240,PRITCHETT RE-3,12.0,0.0,0.0,3.0,6.0,,73,ccd-lea-2003
2003,0806120,2690,PUEBLO CITY 60,1104.0,39.0,71.0,481.0,511.0,,17693,ccd-lea-2003
2003,0806150,2700,PUEBLO COUNTY RURAL 70,429.0,7.0,20.0,179.0,222.0,,8045,ccd-lea-2003
2003,0806180,2720,RANGELY RE-4,29.0,0.0,0.0,10.0,18.0,,582,ccd-lea-2003
2003,0806210,2590,RIDGWAY R-2,24.0,0.0,1.0,9.0,13.0,,308,ccd-lea-2003
2003,0899280,9125,RIO BLANCO BOCES,6.0,2.0,1.0,2.0,0.0,,,ccd-lea-2003
2003,0804260,1180,ROARING FORK RE-1,333.0,5.0,22.0,137.0,167.0,,4882,ccd-lea-2003
2003,0806270,2530,ROCKY FORD R-2,68.0,0.0,5.0,27.0,35.0,,837,ccd-lea-2003
2003,0806330,0500,SALIDA R-32,78.0,0.0,3.0,21.0,53.0,,1171,ccd-lea-2003
2003,0899300,9050,SAN JUAN BOCS,2.0,1.0,0.0,0.0,0.0,,,ccd-lea-2003
2003,0899320,9055,SAN LUIS VALLEY BOCES,9.0,4.0,0.0,4.0,0.0,,,ccd-lea-2003
2003,0806390,0560,SANFORD 6J,24.0,1.0,1.0,10.0,11.0,,384,ccd-lea-2003
2003,0806420,0110,SANGRE DE CRISTO RE-22J,27.0,1.0,1.0,9.0,15.0,,335,ccd-lea-2003
2003,0800014,9150,SANTA FE TRAIL BOCES,2.0,1.0,0.0,1.0,0.0,,0,ccd-lea-2003
2003,0806450,2750,SARGENT RE-33J,28.0,0.0,1.0,14.0,12.0,,403,ccd-lea-2003
2003,0806540,0123,SHERIDAN 2,122.0,1.0,0.0,52.0,69.0,,1861,ccd-lea-2003
2003,0804140,0740,SIERRA GRANDE R-30,23.0,0.0,1.0,10.0,11.0,,287,ccd-lea-2003
2003,0806570,2820,SILVERTON 1,6.0,0.0,0.0,2.0,3.0,,66,ccd-lea-2003
2003,0899340,9060,SOUTH CENTRAL BOCES,6.0,2.0,0.0,4.0,0.0,,,ccd-lea-2003
2003,0802130,0580,SOUTH CONEJOS RE-10,31.0,0.0,1.0,16.0,13.0,,321,ccd-lea-2003
2003,0899360,9065,SOUTH PLATTE VALLEY BOCES,0.0,0.0,0.0,0.0,0.0,,,ccd-lea-2003
2003,0805910,2780,SOUTH ROUTT RE 3,31.0,0.0,2.0,13.0,15.0,,435,ccd-lea-2003
2003,0899420,9080,SOUTHWEST BOCES,0.0,0.0,0.0,0.0,0.0,,0,ccd-lea-2003
2003,0806630,0250,SPRINGFIELD RE-4,31.0,2.0,2.0,12.0,14.0,,342,ccd-lea-2003
2003,0805370,0470,ST VRAIN VALLEY RE 1J,1217.0,15.0,72.0,518.0,611.0,,21596,ccd-lea-2003
2003,0806660,2770,STEAMBOAT SPRINGS RE-2,134.0,0.0,5.0,54.0,75.0,,1912,ccd-lea-2003
2003,0806750,0060,STRASBURG 31J,43.0,0.0,2.0,20.0,19.0,,890,ccd-lea-2003
2003,0806780,1480,STRATTON R-4,21.0,0.0,1.0,8.0,11.0,,277,ccd-lea-2003
2003,0806810,3000,SUMMIT RE-1,215.0,5.0,16.0,89.0,103.0,,2829,ccd-lea-2003
2003,0806840,2570,SWINK 33,30.0,0.0,1.0,13.0,15.0,,396,ccd-lea-2003
2003,0806870,2830,TELLURIDE R-1,50.0,0.0,4.0,21.0,24.0,,565,ccd-lea-2003
2003,0805400,1560,THOMPSON R-2J,863.0,12.0,39.0,342.0,468.0,,14966,ccd-lea-2003
2003,0806960,1580,TRINIDAD 1,95.0,0.0,7.0,35.0,53.0,,1519,ccd-lea-2003
2003,0800013,9145,UNCOMPAHGRE BOCS,0.0,0.0,0.0,0.0,0.0,,,ccd-lea-2003
2003,0806690,1828,VALLEY RE-1,171.0,0.0,5.0,75.0,90.0,,2751,ccd-lea-2003
2003,0806990,0260,VILAS RE-5,25.0,0.0,0.0,3.0,20.0,,385,ccd-lea-2003
2003,0807110,0230,WALSH RE-1,20.0,0.0,1.0,8.0,9.0,,231,ccd-lea-2003
2003,0804200,3080,WELD COUNTY RE-1,149.0,0.0,11.0,59.0,78.0,,2001,ccd-lea-2003
2003,0804020,3140,WELD COUNTY S/D RE-8,156.0,8.0,7.0,51.0,87.0,,2586,ccd-lea-2003
2003,0807140,2505,WELDON VALLEY RE-20(J),18.0,0.0,1.0,7.0,9.0,,210,ccd-lea-2003
2003,0805850,2190,WEST END RE-2,33.0,1.0,1.0,12.0,17.0,,407,ccd-lea-2003
2003,0805070,1340,WEST GRAND 1-JT.,43.0,0.0,1.0,16.0,25.0,,511,ccd-lea-2003
2003,0807230,0070,WESTMINSTER 50,671.0,4.0,53.0,272.0,340.0,,10467,ccd-lea-2003
2003,0806480,0990,WIDEFIELD 3,480.0,6.0,26.0,225.0,222.0,,8475,ccd-lea-2003
2003,0807290,2515,WIGGINS RE-50(J),42.0,0.0,3.0,18.0,20.0,,613,ccd-lea-2003
2003,0807320,2680,WILEY RE-13 JT,29.0,0.0,1.0,11.0,15.0,,313,ccd-lea-2003
2003,0807350,3100,WINDSOR RE-4,191.0,3.0,11.0,83.0,93.0,,2989,ccd-lea-2003
2003,0807380,3020,WOODLAND PARK RE-2,188.0,1.0,9.0,70.0,107.0,,3116,ccd-lea-2003
2003,0807410,3070,WOODLIN R-104,13.0,0.0,0.0,4.0,8.0,,116,ccd-lea-2003
2003,0800017,3210,WRAY RD-2,48.0,1.0,3.0,13.0,30.0,,723,ccd-lea-2003
2003,0800016,3200,YUMA 1,64.0,1.0,3.0,15.0,44.0,,924,ccd-lea-2003
2004,0801920,1040,ACADEMY 20,1203.0,9.0,81.0,386.0,726.0,,19825,ccd-lea-2004
2004,0806900,0020,ADAMS 12 FIVE STAR SCHOOLS,1844.0,9.0,126.0,725.0,982.0,,36353,ccd-lea-2004
2004,0801950,0030,ADAMS COUNTY 14,375.0,28.0,27.0,144.0,175.0,,6636,ccd-lea-2004
2004,0800009,9120,ADAMS COUNTY BOCES,0.0,0.0,0.0,0.0,0.0,,,ccd-lea-2004
2004,0802340,0180,ADAMS-ARAPAHOE 28J,1749.0,3.0,121.0,769.0,855.0,,32251,ccd-lea-2004
2004,0801980,0960,AGATE 300,15.0,0.0,0.0,5.0,8.0,,91,ccd-lea-2004
2004,0802010,1620,AGUILAR REORGANIZED 6,16.0,1.0,1.0,8.0,6.0,,151,ccd-lea-2004
2004,0802040,3030,AKRON R-1,35.0,0.0,2.0,20.0,12.0,,423,ccd-lea-2004
2004,0802070,0100,ALAMOSA RE-11J,142.0,0.0,7.0,57.0,78.0,,2252,ccd-lea-2004
2004,0802190,0220,ARCHULETA COUNTY 50 JT,99.0,0.0,5.0,48.0,46.0,,1577,ccd-lea-2004
2004,0802220,3040,ARICKAREE R-2,15.0,0.0,0.0,5.0,8.0,,98,ccd-lea-2004
2004,0802260,1450,ARRIBA-FLAGLER C-20,19.0,0.0,1.0,6.0,10.0,,226,ccd-lea-2004
2004,0802280,2640,ASPEN 1,127.0,4.0,8.0,43.0,71.0,,1604,ccd-lea-2004
2004,0802310,3145,AULT-HIGHLAND RE-9,65.0,0.0,5.0,22.0,37.0,,869,ccd-lea-2004
2004,0802400,1530,BAYFIELD 10 JT-R,75.0,0.0,5.0,26.0,44.0,,1233,ccd-lea-2004
2004,0802430,0050,BENNETT 29J,62.0,1.0,3.0,25.0,32.0,,1133,ccd-lea-2004
2004,0802460,1490,BETHUNE R-5,14.0,0.0,0.0,4.0,9.0,,112,ccd-lea-2004
2004,0806600,0940,BIG SANDY 100J,27.0,0.0,0.0,10.0,15.0,,331,ccd-lea-2004
2004,0802490,0480,BOULDER VALLEY RE 2,1676.0,3.0,98.0,746.0,828.0,,27926,ccd-lea-2004
2004,0802520,1750,BRANSON REORGANIZED 82,52.0,0.0,1.0,2.0,49.0,,979,ccd-lea-2004
2004,0802550,3146,BRIGGSDALE RE-10,16.0,0.0,0.0,7.0,8.0,,141,ccd-lea-2004
2004,0802580,0040,BRIGHTON 27J,521.0,5.0,31.0,285.0,199.0,,9256,ccd-lea-2004
2004,0802610,2395,BRUSH RE-2(J),106.0,3.0,5.0,39.0,57.0,,1537,ccd-lea-2004
2004,0802640,0490,BUENA VISTA R-31,70.0,1.0,2.0,23.0,43.0,,968,ccd-lea-2004
2004,0805640,1860,BUFFALO RE-4,23.0,0.0,1.0,9.0,12.0,,306,ccd-lea-2004
2004,0802670,1500,BURLINGTON RE-6J,54.0,0.0,2.0,15.0,35.0,,826,ccd-lea-2004
2004,0802700,0190,BYERS 32J,35.0,0.0,2.0,17.0,15.0,,535,ccd-lea-2004
2004,0802730,0970,CALHAN RJ-1,42.0,1.0,2.0,17.0,21.0,,720,ccd-lea-2004
2004,0802760,0270,CAMPO RE-6,10.0,0.0,0.0,3.0,5.0,,75,ccd-lea-2004
2004,0802790,1140,CANON CITY RE-1,243.0,1.0,12.0,123.0,106.0,,4025,ccd-lea-2004
2004,0899200,9035,CENTENNIAL BOCES,21.0,1.0,1.0,10.0,7.0,,123,ccd-lea-2004
2004,0806360,0640,CENTENNIAL R-1,23.0,0.0,1.0,8.0,13.0,,263,ccd-lea-2004
2004,0802850,2810,CENTER 26 JT,56.0,1.0,5.0,21.0,28.0,,673,ccd-lea-2004
2004,0802880,2560,CHERAW 31,19.0,0.0,1.0,7.0,11.0,,220,ccd-lea-2004
2004,0802910,0130,CHERRY CREEK 5,2804.0,31.0,149.0,1181.0,1441.0,,47818,ccd-lea-2004
2004,0800001,0520,CHEYENNE COUNTY RE-5,27.0,2.0,1.0,7.0,16.0,,261,ccd-lea-2004
2004,0802940,1020,CHEYENNE MOUNTAIN 12,242.0,3.0,11.0,115.0,112.0,,4475,ccd-lea-2004
2004,0803000,0540,CLEAR CREEK RE-1,71.0,0.0,3.0,33.0,33.0,,1154,ccd-lea-2004
2004,0803060,1010,COLORADO SPRINGS 11,1896.0,21.0,122.0,762.0,989.0,,31420,ccd-lea-2004
2004,0803120,1160,COTOPAXI RE-3,25.0,0.0,1.0,9.0,15.0,,361,ccd-lea-2004
2004,0803150,2010,CREEDE CONSOLIDATED 1,18.0,1.0,0.0,8.0,7.0,,158,ccd-lea-2004
2004,0803180,3010,CRIPPLE CREEK-VICTOR RE-1,40.0,1.0,2.0,17.0,18.0,,596,ccd-lea-2004
2004,0803210,0770,CROWLEY COUNTY RE-1-J,41.0,0.0,2.0,13.0,25.0,,579,ccd-lea-2004
2004,0807200,0860,CUSTER COUNTY SCHOOL DISTRICT C-1,38.0,1.0,2.0,14.0,20.0,,527,ccd-lea-2004
2004,0803240,1980,DE BEQUE 49JT,21.0,1.0,1.0,8.0,10.0,,201,ccd-lea-2004
2004,0803270,0170,DEER TRAIL 26J,21.0,1.0,0.0,8.0,12.0,,230,ccd-lea-2004
2004,0803300,2730,DEL NORTE C-7,49.0,0.0,3.0,17.0,28.0,,661,ccd-lea-2004
2004,0803330,0870,DELTA COUNTY 50(J),287.0,1.0,20.0,116.0,149.0,,5141,ccd-lea-2004
2004,0803360,0880,DENVER COUNTY 1,4044.0,191.0,302.0,1803.0,1748.0,,72410,ccd-lea-2004
2004,0803420,0890,DOLORES COUNTY RE NO.2,25.0,1.0,1.0,10.0,12.0,,270,ccd-lea-2004
2004,0803390,2055,DOLORES RE-4A,50.0,0.0,2.0,18.0,29.0,,742,ccd-lea-2004
2004,0803450,0900,DOUGLAS COUNTY RE 1,2460.0,6.0,148.0,1237.0,1067.0,,44761,ccd-lea-2004
2004,0803480,1520,DURANGO 9-R,318.0,0.0,23.0,121.0,172.0,,4604,ccd-lea-2004
2004,0803510,1430,EADS RE-1,21.0,0.0,1.0,7.0,11.0,,205,ccd-lea-2004
2004,0803540,0910,EAGLE COUNTY RE 50,364.0,4.0,26.0,169.0,163.0,,5157,ccd-lea-2004
2004,0899080,9025,EAST CENTRAL BOCES,3.0,1.0,0.0,1.0,0.0,,0,ccd-lea-2004
2004,0804320,1350,EAST GRAND 2,97.0,2.0,8.0,39.0,47.0,,1304,ccd-lea-2004
2004,0805130,2520,EAST OTERO R-1,112.0,1.0,8.0,41.0,61.0,,1561,ccd-lea-2004
2004,0803600,3085,EATON RE-2,96.0,0.0,4.0,34.0,57.0,,1593,ccd-lea-2004
2004,0803630,1120,EDISON 54 JT,10.0,0.0,1.0,3.0,5.0,,129,ccd-lea-2004
2004,0803690,0950,ELBERT 200,21.0,0.0,1.0,9.0,11.0,,300,ccd-lea-2004
2004,0803720,0920,ELIZABETH C-1,163.0,0.0,6.0,51.0,104.0,,2841,ccd-lea-2004
2004,0803750,1050,ELLICOTT 22,60.0,0.0,5.0,17.0,37.0,,966,ccd-lea-2004
2004,0803780,0120,ENGLEWOOD 1,216.0,1.0,14.0,75.0,126.0,,3883,ccd-lea-2004
2004,0800004,9130,EXPEDITIONARY BOCES,21.0,0.0,1.0,0.0,19.0,,334,ccd-lea-2004
2004,0803870,1110,FALCON 49,540.0,4.0,35.0,244.0,255.0,,10072,ccd-lea-2004
2004,0803960,1150,FLORENCE RE-2,115.0,0.0,6.0,40.0,68.0,,1832,ccd-lea-2004
2004,0804050,2405,FORT MORGAN RE-3,206.0,12.0,11.0,100.0,81.0,,3267,ccd-lea-2004
2004,0804080,1000,FOUNTAIN 8,352.0,3.0,23.0,168.0,157.0,,5963,ccd-lea-2004
2004,0804110,2540,FOWLER R-4J,32.0,0.0,2.0,14.0,15.0,,380,ccd-lea-2004
2004,0803930,1850,FRENCHMAN RE-3,20.0,1.0,1.0,9.0,9.0,,215,ccd-lea-2004
2004,0800015,9160,FRONT RANGE BOCES,0.0,0.0,0.0,0.0,0.0,,,ccd-lea-2004
2004,0804380,1220,GARFIELD 16,61.0,1.0,2.0,27.0,30.0,,1000,ccd-lea-2004
2004,0806240,1195,GARFIELD RE-2,209.0,6.0,12.0,78.0,112.0,,3879,ccd-lea-2004
2004,0804740,1780,GENOA-HUGO C113,21.0,0.0,1.0,6.0,12.0,,203,ccd-lea-2004
2004,0804230,1330,GILPIN COUNTY RE-1,32.0,2.0,1.0,13.0,15.0,,388,ccd-lea-2004
2004,0804290,2650,GRANADA RE-1,26.0,0.0,1.0,10.0,14.0,,284,ccd-lea-2004
2004,0800011,9135,GRAND VALLEY BOCES,0.0,0.0,0.0,0.0,0.0,,,ccd-lea-2004
2004,0804410,3120,GREELEY 6,1074.0,13.0,64.0,421.0,575.0,,17978,ccd-lea-2004
2004,0804470,1360,GUNNISON WATERSHED RE1J,118.0,3.0,6.0,31.0,77.0,,1604,ccd-lea-2004
2004,0804500,1070,HANOVER 28,25.0,0.0,1.0,11.0,11.0,,305,ccd-lea-2004
2004,0804530,0980,HARRISON 2,768.0,5.0,57.0,338.0,366.0,,10705,ccd-lea-2004
2004,0804560,2630,HAXTUN RE-2J,22.0,0.0,1.0,12.0,8.0,,307,ccd-lea-2004
2004,0804590,2760,HAYDEN RE-1,37.0,0.0,1.0,13.0,21.0,,488,ccd-lea-2004
2004,0806510,1460,HI-PLAINS R-23,15.0,0.0,1.0,6.0,7.0,,125,ccd-lea-2004
2004,0804620,1380,HINSDALE COUNTY RE 1,10.0,0.0,0.0,0.0,9.0,,83,ccd-lea-2004
2004,0804650,1600,HOEHNE REORGANIZED 3,24.0,0.0,1.0,10.0,12.0,,358,ccd-lea-2004
2004,0804680,2670,HOLLY RE-3,28.0,0.0,1.0,13.0,13.0,,340,ccd-lea-2004
2004,0804710,2620,HOLYOKE RE-1J,50.0,0.0,3.0,22.0,24.0,,641,ccd-lea-2004
2004,0807080,1390,HUERFANO RE-1,49.0,1.0,2.0,26.0,19.0,,716,ccd-lea-2004
2004,0800018,3220,IDALIA RJ-3,15.0,1.0,0.0,6.0,7.0,,148,ccd-lea-2004
2004,0804770,1540,IGNACIO 11 JT,61.0,0.0,4.0,26.0,30.0,,738,ccd-lea-2004
2004,0804800,1420,JEFFERSON COUNTY R-1,4640.0,12.0,208.0,2143.0,2276.0,,86868,ccd-lea-2004
2004,0804830,3110,JOHNSTOWN-MILLIKEN RE-5J,146.0,1.0,7.0,69.0,68.0,,2368,ccd-lea-2004
2004,0804860,2862,JULESBURG RE-1,23.0,1.0,1.0,12.0,9.0,,318,ccd-lea-2004
2004,0804890,1810,KARVAL RE-23,14.0,0.0,0.0,3.0,10.0,,167,ccd-lea-2004
2004,0804920,3090,KEENESBURG RE-3(J),133.0,3.0,9.0,63.0,57.0,,1936,ccd-lea-2004
2004,0804980,1760,KIM REORGANIZED 88,9.0,0.0,0.0,2.0,6.0,,63,ccd-lea-2004
2004,0805010,0930,KIOWA C-2,31.0,0.0,1.0,13.0,16.0,,422,ccd-lea-2004
2004,0805040,0510,KIT CARSON R-1,17.0,0.0,2.0,6.0,8.0,,111,ccd-lea-2004
2004,0805160,1400,LA VETA RE-2,21.0,0.0,1.0,10.0,10.0,,258,ccd-lea-2004
2004,0805190,1510,LAKE COUNTY R-1,80.0,0.0,6.0,25.0,47.0,,1210,ccd-lea-2004
2004,0805220,2660,LAMAR RE-2,117.0,4.0,8.0,48.0,56.0,,1799,ccd-lea-2004
2004,0800010,9110,LARIMER BOCES,0.0,0.0,0.0,0.0,0.0,,,ccd-lea-2004
2004,0805250,0290,LAS ANIMAS RE-1,46.0,1.0,4.0,17.0,24.0,,605,ccd-lea-2004
2004,0805820,1080,LEWIS-PALMER 38,335.0,2.0,19.0,95.0,218.0,,5610,ccd-lea-2004
2004,0800019,3230,LIBERTY J-4,13.0,0.0,1.0,4.0,8.0,,92,ccd-lea-2004
2004,0805280,1790,LIMON RE-4J,40.0,0.0,2.0,17.0,20.0,,572,ccd-lea-2004
2004,0805310,0140,LITTLETON 6,946.0,4.0,58.0,389.0,493.0,,16245,ccd-lea-2004
2004,0805340,3060,LONE STAR 101,15.0,0.0,1.0,7.0,7.0,,109,ccd-lea-2004
2004,0805460,2070,MANCOS RE-6,35.0,0.0,2.0,13.0,19.0,,430,ccd-lea-2004
2004,0805490,1030,MANITOU SPRINGS 14,92.0,1.0,4.0,32.0,55.0,,1331,ccd-lea-2004
2004,0805520,2535,MANZANOLA 3J,21.0,0.0,1.0,9.0,10.0,,204,ccd-lea-2004
2004,0805550,0010,MAPLETON 1,284.0,6.0,19.0,120.0,139.0,,5703,ccd-lea-2004
2004,0805580,0310,MC CLAVE RE-2,23.0,1.0,1.0,10.0,10.0,,272,ccd-lea-2004
2004,0805610,2710,MEEKER RE1,36.0,0.0,1.0,14.0,21.0,,637,ccd-lea-2004
2004,0804350,2000,MESA COUNTY VALLEY 51,1154.0,17.0,69.0,470.0,596.0,,20120,ccd-lea-2004
2004,0805670,1130,MIAMI/YODER 60 JT,27.0,1.0,1.0,9.0,15.0,,402,ccd-lea-2004
2004,0805700,2800,MOFFAT 2,21.0,0.0,1.0,5.0,14.0,,209,ccd-lea-2004
2004,0805730,2020,MOFFAT COUNTY RE:NO 1,145.0,0.0,5.0,71.0,68.0,,2402,ccd-lea-2004
2004,0805760,2740,MONTE VISTA C-8,88.0,2.0,6.0,29.0,49.0,,1291,ccd-lea-2004
2004,0803090,2035,MONTEZUMA-CORTEZ RE-1,205.0,0.0,8.0,86.0,110.0,,3363,ccd-lea-2004
2004,0805790,2180,MONTROSE COUNTY RE-1J,351.0,3.0,18.0,151.0,178.0,,5796,ccd-lea-2004
2004,0899160,9030,MOUNTAIN BOCES,17.0,0.0,0.0,6.0,10.0,,131,ccd-lea-2004
2004,0806300,2790,MOUNTAIN VALLEY RE 1,17.0,0.0,1.0,5.0,11.0,,152,ccd-lea-2004
2004,0800012,9140,MT EVANS BOCES,0.0,0.0,0.0,0.0,0.0,,,ccd-lea-2004
2004,0805100,0550,NORTH CONEJOS RE-1J,77.0,0.0,5.0,28.0,43.0,,1208,ccd-lea-2004
2004,0807050,1410,NORTH PARK R-1,20.0,0.0,1.0,9.0,9.0,,263,ccd-lea-2004
2004,0899180,9040,NORTHEAST BOCES,1.0,1.0,0.0,0.0,0.0,,,ccd-lea-2004
2004,0899220,9095,NORTHWEST COLO BOCES,1.0,1.0,0.0,0.0,0.0,,,ccd-lea-2004
2004,0805880,2840,NORWOOD R-2J,22.0,0.0,1.0,9.0,12.0,,292,ccd-lea-2004
2004,0805940,3050,OTIS R-3,19.0,0.0,1.0,8.0,9.0,,189,ccd-lea-2004
2004,0805970,2580,OURAY R-1,24.0,0.0,1.0,8.0,13.0,,278,ccd-lea-2004
2004,0803810,1570,PARK (ESTES PARK) R-3,95.0,2.0,5.0,36.0,51.0,,1260,ccd-lea-2004
2004,0803840,2610,PARK COUNTY RE-2,48.0,1.0,4.0,23.0,19.0,,632,ccd-lea-2004
2004,0804440,3148,PAWNEE RE-12,17.0,0.0,1.0,7.0,9.0,,122,ccd-lea-2004
2004,0806060,1060,PEYTON 23 JT,49.0,1.0,2.0,17.0,28.0,,629,ccd-lea-2004
2004,0899240,9045,PIKES PEAK BOCES,28.0,0.0,1.0,26.0,0.0,,0,ccd-lea-2004
2004,0806930,1440,PLAINVIEW RE-2,8.0,0.0,0.0,3.0,4.0,,58,ccd-lea-2004
2004,0806030,1870,PLATEAU RE-5,17.0,0.0,1.0,7.0,9.0,,165,ccd-lea-2004
2004,0803030,1990,PLATEAU VALLEY 50,37.0,0.0,0.0,11.0,25.0,,485,ccd-lea-2004
2004,0802370,2600,PLATTE CANYON 1,76.0,0.0,3.0,24.0,48.0,,1378,ccd-lea-2004
2004,0806000,2865,PLATTE VALLEY RE-3,14.0,0.0,1.0,5.0,7.0,,116,ccd-lea-2004
2004,0804950,3130,PLATTE VALLEY RE-7,76.0,1.0,4.0,27.0,43.0,,1141,ccd-lea-2004
2004,0803990,1550,POUDRE R-1,1489.0,23.0,93.0,679.0,693.0,,25000,ccd-lea-2004
2004,0806720,3147,PRAIRIE RE-11,16.0,0.0,0.0,6.0,8.0,,138,ccd-lea-2004
2004,0807260,1590,PRIMERO REORGANIZED 2,17.0,0.0,1.0,6.0,9.0,,246,ccd-lea-2004
2004,0806090,0240,PRITCHETT RE-3,11.0,0.0,0.0,3.0,7.0,,77,ccd-lea-2004
2004,0806120,2690,PUEBLO CITY 60,1096.0,35.0,52.0,488.0,519.0,,17600,ccd-lea-2004
2004,0806150,2700,PUEBLO COUNTY RURAL 70,433.0,6.0,22.0,175.0,229.0,,8185,ccd-lea-2004
2004,0806180,2720,RANGELY RE-4,29.0,0.0,0.0,10.0,18.0,,517,ccd-lea-2004
2004,0806210,2590,RIDGWAY R-2,26.0,1.0,1.0,8.0,15.0,,317,ccd-lea-2004
2004,0899280,9125,RIO BLANCO BOCES,6.0,2.0,1.0,2.0,0.0,,,ccd-lea-2004
2004,0804260,1180,ROARING FORK RE-1,341.0,6.0,27.0,133.0,173.0,,4993,ccd-lea-2004
2004,0806270,2530,ROCKY FORD R-2,65.0,0.0,5.0,25.0,34.0,,843,ccd-lea-2004
2004,0806330,0500,SALIDA R-32,79.0,0.0,3.0,24.0,51.0,,1184,ccd-lea-2004
2004,0899300,9050,SAN JUAN BOCS,0.0,0.0,0.0,0.0,0.0,,,ccd-lea-2004
2004,0899320,9055,SAN LUIS VALLEY BOCES,10.0,5.0,0.0,4.0,0.0,,,ccd-lea-2004
2004,0806390,0560,SANFORD 6J,24.0,1.0,2.0,8.0,11.0,,360,ccd-lea-2004
2004,0806420,0110,SANGRE DE CRISTO RE-22J,24.0,0.0,1.0,8.0,14.0,,336,ccd-lea-2004
2004,0800014,9150,SANTA FE TRAIL BOCES,2.0,1.0,0.0,1.0,0.0,,0,ccd-lea-2004
2004,0806450,2750,SARGENT RE-33J,30.0,0.0,2.0,13.0,14.0,,419,ccd-lea-2004
2004,0806540,0123,SHERIDAN 2,117.0,1.0,8.0,46.0,61.0,,1749,ccd-lea-2004
2004,0804140,0740,SIERRA GRANDE R-30,23.0,0.0,1.0,10.0,11.0,,294,ccd-lea-2004
2004,0806570,2820,SILVERTON 1,6.0,0.0,0.0,2.0,3.0,,54,ccd-lea-2004
2004,0899340,9060,SOUTH CENTRAL BOCES,3.0,1.0,0.0,1.0,0.0,,,ccd-lea-2004
2004,0802130,0580,SOUTH CONEJOS RE-10,31.0,0.0,2.0,13.0,15.0,,309,ccd-lea-2004
2004,0899360,9065,SOUTH PLATTE VALLEY BOCES,0.0,0.0,0.0,0.0,0.0,,,ccd-lea-2004
2004,0805910,2780,SOUTH ROUTT RE 3,33.0,0.0,2.0,14.0,16.0,,436,ccd-lea-2004
2004,0899400,9075,SOUTHEASTERN BOCES,1.0,0.0,0.0,0.0,0.0,,0,ccd-lea-2004
2004,0899420,9080,SOUTHWEST BOCES,2.0,0.0,0.0,2.0,0.0,,0,ccd-lea-2004
2004,0806630,0250,SPRINGFIELD RE-4,28.0,1.0,1.0,11.0,15.0,,341,ccd-lea-2004
2004,0805370,0470,ST VRAIN VALLEY RE 1J,1222.0,12.0,74.0,506.0,628.0,,22180,ccd-lea-2004
2004,0806660,2770,STEAMBOAT SPRINGS RE-2,130.0,0.0,4.0,53.0,72.0,,1930,ccd-lea-2004
2004,0806750,0060,STRASBURG 31J,49.0,1.0,2.0,23.0,22.0,,932,ccd-lea-2004
2004,0806780,1480,STRATTON R-4,20.0,0.0,1.0,8.0,10.0,,273,ccd-lea-2004
2004,0806810,3000,SUMMIT RE-1,211.0,5.0,17.0,87.0,100.0,,2909,ccd-lea-2004
2004,0806840,2570,SWINK 33,31.0,0.0,1.0,14.0,15.0,,390,ccd-lea-2004
2004,0806870,2830,TELLURIDE R-1,51.0,0.0,4.0,23.0,23.0,,561,ccd-lea-2004
2004,0805400,1560,THOMPSON R-2J,837.0,12.0,43.0,325.0,455.0,,14961,ccd-lea-2004
2004,0806960,1580,TRINIDAD 1,93.0,0.0,9.0,33.0,50.0,,1522,ccd-lea-2004
2004,0800013,9145,UNCOMPAHGRE BOCS,0.0,0.0,0.0,0.0,0.0,,,ccd-lea-2004
2004,0806690,1828,VALLEY RE-1,171.0,0.0,6.0,73.0,91.0,,2631,ccd-lea-2004
2004,0806990,0260,VILAS RE-5,14.0,0.0,0.0,4.0,8.0,,448,ccd-lea-2004
2004,0807110,0230,WALSH RE-1,20.0,0.0,1.0,9.0,8.0,,204,ccd-lea-2004
2004,0804200,3080,WELD COUNTY RE-1,146.0,0.0,11.0,58.0,76.0,,2021,ccd-lea-2004
2004,0804020,3140,WELD COUNTY S/D RE-8,150.0,13.0,6.0,47.0,83.0,,2565,ccd-lea-2004
2004,0807140,2505,WELDON VALLEY RE-20(J),18.0,0.0,1.0,7.0,9.0,,215,ccd-lea-2004
2004,0805850,2190,WEST END RE-2,28.0,1.0,1.0,12.0,13.0,,402,ccd-lea-2004
2004,0805070,1340,WEST GRAND 1-JT.,40.0,0.0,2.0,14.0,23.0,,520,ccd-lea-2004
2004,0807230,0070,WESTMINSTER 50,657.0,5.0,40.0,279.0,331.0,,10667,ccd-lea-2004
2004,0806480,0990,WIDEFIELD 3,483.0,6.0,33.0,221.0,222.0,,8508,ccd-lea-2004
2004,0807290,2515,WIGGINS RE-50(J),42.0,0.0,3.0,18.0,20.0,,620,ccd-lea-2004
2004,0807320,2680,WILEY RE-13 JT,27.0,1.0,1.0,10.0,14.0,,310,ccd-lea-2004
2004,0807350,3100,WINDSOR RE-4,194.0,4.0,11.0,84.0,93.0,,3149,ccd-lea-2004
2004,0807380,3020,WOODLAND PARK RE-2,195.0,3.0,8.0,71.0,112.0,,3101,ccd-lea-2004
2004,0807410,3070,WOODLIN R-104,13.0,0.0,1.0,4.0,8.0,,119,ccd-lea-2004
2004,0800017,3210,WRAY RD-2,50.0,1.0,3.0,14.0,30.0,,701,ccd-lea-2004
2004,0800016,3200,YUMA 1,63.0,1.0,3.0,15.0,44.0,,928,ccd-lea-2004
2005,0801920,1040,ACADEMY 20,1258.0,10.0,78.0,398.0,770.0,,20517,ccd-lea-2005
2005,0806900,0020,ADAMS 12 FIVE STAR SCHOOLS,1943.0,6.0,133.0,763.0,1040.0,,37591,ccd-lea-2005
2005,0801950,0030,ADAMS COUNTY 14,411.0,17.0,29.0,183.0,180.0,,6868,ccd-lea-2005
2005,0800009,9120,ADAMS COUNTY BOCES,0.0,0.0,0.0,0.0,0.0,,,ccd-lea-2005
2005,0802340,0180,ADAMS-ARAPAHOE 28J,1737.0,4.0,120.0,765.0,846.0,,33301,ccd-lea-2005
2005,0801980,0960,AGATE 300,14.0,0.0,0.0,5.0,8.0,,74,ccd-lea-2005
2005,0802010,1620,AGUILAR REORGANIZED 6,16.0,1.0,1.0,9.0,4.0,,164,ccd-lea-2005
2005,0802040,3030,AKRON R-1,35.0,0.0,2.0,21.0,11.0,,434,ccd-lea-2005
2005,0802070,0100,ALAMOSA RE-11J,135.0,0.0,7.0,54.0,73.0,,2265,ccd-lea-2005
2005,0802190,0220,ARCHULETA COUNTY 50 JT,99.0,0.0,5.0,48.0,46.0,,1690,ccd-lea-2005
2005,0802220,3040,ARICKAREE R-2,16.0,0.0,0.0,6.0,8.0,,104,ccd-lea-2005
2005,0802260,1450,ARRIBA-FLAGLER C-20,19.0,0.0,1.0,6.0,11.0,,209,ccd-lea-2005
2005,0802280,2640,ASPEN 1,130.0,1.0,9.0,45.0,73.0,,1612,ccd-lea-2005
2005,0802310,3145,AULT-HIGHLAND RE-9,62.0,0.0,4.0,20.0,37.0,,833,ccd-lea-2005
2005,0802400,1530,BAYFIELD 10 JT-R,80.0,0.0,6.0,30.0,43.0,,1192,ccd-lea-2005
2005,0802430,0050,BENNETT 29J,61.0,0.0,4.0,24.0,33.0,,1126,ccd-lea-2005
2005,0802460,1490,BETHUNE R-5,14.0,0.0,1.0,4.0,8.0,,119,ccd-lea-2005
2005,0806600,0940,BIG SANDY 100J,26.0,0.0,1.0,9.0,15.0,,335,ccd-lea-2005
2005,0802490,0480,BOULDER VALLEY RE 2,1674.0,7.0,101.0,721.0,844.0,,27933,ccd-lea-2005
2005,0802520,1750,BRANSON REORGANIZED 82,58.0,0.0,1.0,2.0,54.0,,1130,ccd-lea-2005
2005,0802550,3146,BRIGGSDALE RE-10,15.0,0.0,1.0,5.0,8.0,,142,ccd-lea-2005
2005,0802580,0040,BRIGHTON 27J,549.0,20.0,40.0,288.0,199.0,,10450,ccd-lea-2005
2005,0802610,2395,BRUSH RE-2(J),106.0,3.0,6.0,39.0,57.0,,1514,ccd-lea-2005
2005,0802640,0490,BUENA VISTA R-31,69.0,1.0,2.0,22.0,43.0,,986,ccd-lea-2005
2005,0805640,1860,BUFFALO RE-4,23.0,0.0,1.0,9.0,12.0,,302,ccd-lea-2005
2005,0802670,1500,BURLINGTON RE-6J,52.0,0.0,2.0,14.0,34.0,,793,ccd-lea-2005
2005,0802700,0190,BYERS 32J,34.0,0.0,2.0,16.0,16.0,,547,ccd-lea-2005
2005,0802730,0970,CALHAN RJ-1,43.0,1.0,2.0,18.0,21.0,,711,ccd-lea-2005
2005,0802760,0270,CAMPO RE-6,9.0,0.0,0.0,3.0,4.0,,52,ccd-lea-2005
2005,0802790,1140,CANON CITY RE-1,240.0,1.0,13.0,123.0,102.0,,4020,ccd-lea-2005
2005,0899200,9035,CENTENNIAL BOCES,20.0,2.0,0.0,9.0,7.0,,125,ccd-lea-2005
2005,0806360,0640,CENTENNIAL R-1,23.0,1.0,1.0,7.0,13.0,,253,ccd-lea-2005
2005,0802850,2810,CENTER 26 JT,56.0,1.0,2.0,22.0,30.0,,654,ccd-lea-2005
2005,0800020,8001,CHARTER SCHOOL INSTITUTE,21.0,0.0,4.0,17.0,0.0,,377,ccd-lea-2005
2005,0802880,2560,CHERAW 31,20.0,0.0,1.0,7.0,11.0,,218,ccd-lea-2005
2005,0802910,0130,CHERRY CREEK 5,2878.0,26.0,155.0,1241.0,1455.0,,48573,ccd-lea-2005
2005,0800001,0520,CHEYENNE COUNTY RE-5,26.0,2.0,1.0,7.0,15.0,,247,ccd-lea-2005
2005,0802940,1020,CHEYENNE MOUNTAIN 12,266.0,3.0,10.0,130.0,122.0,,4563,ccd-lea-2005
2005,0803000,0540,CLEAR CREEK RE-1,60.0,0.0,3.0,26.0,30.0,,1076,ccd-lea-2005
2005,0803060,1010,COLORADO SPRINGS 11,1888.0,23.0,133.0,767.0,964.0,,30959,ccd-lea-2005
2005,0803120,1160,COTOPAXI RE-3,26.0,1.0,1.0,9.0,14.0,,324,ccd-lea-2005
2005,0803150,2010,CREEDE CONSOLIDATED 1,20.0,1.0,1.0,8.0,9.0,,149,ccd-lea-2005
2005,0803180,3010,CRIPPLE CREEK-VICTOR RE-1,39.0,1.0,2.0,16.0,18.0,,579,ccd-lea-2005
2005,0803210,0770,CROWLEY COUNTY RE-1-J,41.0,0.0,2.0,14.0,24.0,,568,ccd-lea-2005
2005,0807200,0860,CUSTER COUNTY SCHOOL DISTRICT C-1,39.0,1.0,2.0,15.0,20.0,,522,ccd-lea-2005
2005,0803240,1980,DE BEQUE 49JT,21.0,1.0,1.0,8.0,11.0,,194,ccd-lea-2005
2005,0803270,0170,DEER TRAIL 26J,21.0,1.0,0.0,8.0,11.0,,214,ccd-lea-2005
2005,0803300,2730,DEL NORTE C-7,50.0,0.0,3.0,18.0,28.0,,613,ccd-lea-2005
2005,0803330,0870,DELTA COUNTY 50(J),281.0,1.0,20.0,114.0,145.0,,5248,ccd-lea-2005
2005,0803360,0880,DENVER COUNTY 1,3973.0,191.0,315.0,1789.0,1677.0,,72312,ccd-lea-2005
2005,0803420,0890,DOLORES COUNTY RE NO.2,24.0,1.0,1.0,9.0,12.0,,290,ccd-lea-2005
2005,0803390,2055,DOLORES RE-4A,52.0,0.0,2.0,21.0,28.0,,765,ccd-lea-2005
2005,0803450,0900,DOUGLAS COUNTY RE 1,2600.0,2.0,155.0,1322.0,1119.0,,48041,ccd-lea-2005
2005,0803480,1520,DURANGO 9-R,320.0,3.0,23.0,121.0,172.0,,4658,ccd-lea-2005
2005,0803510,1430,EADS RE-1,19.0,0.0,1.0,7.0,10.0,,200,ccd-lea-2005
2005,0803540,0910,EAGLE COUNTY RE 50,380.0,5.0,38.0,170.0,165.0,,5365,ccd-lea-2005
2005,0899080,9025,EAST CENTRAL BOCES,3.0,1.0,0.0,1.0,0.0,,0,ccd-lea-2005
2005,0804320,1350,EAST GRAND 2,96.0,2.0,8.0,38.0,47.0,,1338,ccd-lea-2005
2005,0805130,2520,EAST OTERO R-1,108.0,1.0,9.0,40.0,57.0,,1558,ccd-lea-2005
2005,0803600,3085,EATON RE-2,97.0,0.0,5.0,34.0,57.0,,1643,ccd-lea-2005
2005,0803630,1120,EDISON 54 JT,10.0,0.0,1.0,3.0,5.0,,161,ccd-lea-2005
2005,0803690,0950,ELBERT 200,20.0,0.0,1.0,8.0,10.0,,299,ccd-lea-2005
2005,0803720,0920,ELIZABETH C-1,169.0,0.0,6.0,51.0,112.0,,2891,ccd-lea-2005
2005,0803750,1050,ELLICOTT 22,64.0,1.0,5.0,20.0,37.0,,982,ccd-lea-2005
2005,0803780,0120,ENGLEWOOD 1,217.0,0.0,14.0,74.0,127.0,,3733,ccd-lea-2005
2005,0800004,9130,EXPEDITIONARY BOCES,21.0,0.0,1.0,0.0,20.0,,335,ccd-lea-2005
2005,0803870,1110,FALCON 49,585.0,5.0,33.0,266.0,280.0,,10680,ccd-lea-2005
2005,0803960,1150,FLORENCE RE-2,114.0,0.0,8.0,38.0,67.0,,1769,ccd-lea-2005
2005,0804050,2405,FORT MORGAN RE-3,208.0,11.0,11.0,105.0,80.0,,3249,ccd-lea-2005
2005,0804080,1000,FOUNTAIN 8,355.0,4.0,30.0,164.0,156.0,,6166,ccd-lea-2005
2005,0804110,2540,FOWLER R-4J,31.0,0.0,2.0,13.0,15.0,,375,ccd-lea-2005
2005,0803930,1850,FRENCHMAN RE-3,20.0,1.0,1.0,8.0,9.0,,202,ccd-lea-2005
2005,0800015,9160,FRONT RANGE BOCES,0.0,0.0,0.0,0.0,0.0,,,ccd-lea-2005
2005,0804380,1220,GARFIELD 16,64.0,1.0,3.0,28.0,32.0,,1033,ccd-lea-2005
2005,0806240,1195,GARFIELD RE-2,232.0,5.0,12.0,86.0,128.0,,4024,ccd-lea-2005
2005,0804740,1780,GENOA-HUGO C113,18.0,0.0,1.0,6.0,10.0,,186,ccd-lea-2005
2005,0804230,1330,GILPIN COUNTY RE-1,33.0,2.0,1.0,13.0,16.0,,362,ccd-lea-2005
2005,0804290,2650,GRANADA RE-1,26.0,0.0,1.0,10.0,14.0,,301,ccd-lea-2005
2005,0800011,9135,GRAND VALLEY BOCES,0.0,0.0,0.0,0.0,0.0,,,ccd-lea-2005
2005,0804410,3120,GREELEY 6,1063.0,15.0,70.0,423.0,553.0,,18173,ccd-lea-2005
2005,0804470,1360,GUNNISON WATERSHED RE1J,123.0,3.0,7.0,33.0,78.0,,1577,ccd-lea-2005
2005,0804500,1070,HANOVER 28,25.0,0.0,1.0,11.0,12.0,,301,ccd-lea-2005
2005,0804530,0980,HARRISON 2,766.0,7.0,63.0,335.0,360.0,,11218,ccd-lea-2005
2005,0804560,2630,HAXTUN RE-2J,22.0,0.0,1.0,13.0,7.0,,334,ccd-lea-2005
2005,0804590,2760,HAYDEN RE-1,37.0,0.0,1.0,11.0,24.0,,455,ccd-lea-2005
2005,0806510,1460,HI-PLAINS R-23,16.0,0.0,0.0,6.0,8.0,,130,ccd-lea-2005
2005,0804620,1380,HINSDALE COUNTY RE 1,10.0,0.0,0.0,0.0,9.0,,95,ccd-lea-2005
2005,0804650,1600,HOEHNE REORGANIZED 3,23.0,0.0,1.0,9.0,12.0,,359,ccd-lea-2005
2005,0804680,2670,HOLLY RE-3,27.0,0.0,1.0,13.0,12.0,,306,ccd-lea-2005
2005,0804710,2620,HOLYOKE RE-1J,49.0,0.0,3.0,21.0,24.0,,610,ccd-lea-2005
2005,0807080,1390,HUERFANO RE-1,51.0,1.0,2.0,27.0,19.0,,747,ccd-lea-2005
2005,0800018,3220,IDALIA RJ-3,15.0,1.0,0.0,6.0,6.0,,158,ccd-lea-2005
2005,0804770,1540,IGNACIO 11 JT,63.0,0.0,4.0,26.0,32.0,,751,ccd-lea-2005
2005,0804800,1420,JEFFERSON COUNTY R-1,4784.0,6.0,252.0,2205.0,2320.0,,86332,ccd-lea-2005
2005,0804830,3110,JOHNSTOWN-MILLIKEN RE-5J,161.0,4.0,9.0,81.0,67.0,,2540,ccd-lea-2005
2005,0804860,2862,JULESBURG RE-1,21.0,1.0,1.0,11.0,8.0,,313,ccd-lea-2005
2005,0804890,1810,KARVAL RE-23,16.0,0.0,0.0,2.0,12.0,,228,ccd-lea-2005
2005,0804920,3090,KEENESBURG RE-3(J),136.0,2.0,9.0,65.0,59.0,,2024,ccd-lea-2005
2005,0804980,1760,KIM REORGANIZED 88,10.0,0.0,0.0,3.0,6.0,,65,ccd-lea-2005
2005,0805010,0930,KIOWA C-2,31.0,0.0,0.0,13.0,17.0,,415,ccd-lea-2005
2005,0805040,0510,KIT CARSON R-1,16.0,0.0,1.0,6.0,8.0,,94,ccd-lea-2005
2005,0805160,1400,LA VETA RE-2,21.0,0.0,1.0,8.0,11.0,,247,ccd-lea-2005
2005,0805190,1510,LAKE COUNTY R-1,75.0,0.0,5.0,23.0,46.0,,1210,ccd-lea-2005
2005,0805220,2660,LAMAR RE-2,115.0,3.0,9.0,49.0,53.0,,1778,ccd-lea-2005
2005,0800010,9110,LARIMER BOCES,0.0,0.0,0.0,0.0,0.0,,,ccd-lea-2005
2005,0805250,0290,LAS ANIMAS RE-1,42.0,0.0,3.0,19.0,19.0,,591,ccd-lea-2005
2005,0805820,1080,LEWIS-PALMER 38,365.0,3.0,18.0,109.0,234.0,,5842,ccd-lea-2005
2005,0800019,3230,LIBERTY J-4,13.0,0.0,1.0,4.0,8.0,,89,ccd-lea-2005
2005,0805280,1790,LIMON RE-4J,39.0,0.0,2.0,15.0,22.0,,542,ccd-lea-2005
2005,0805310,0140,LITTLETON 6,895.0,5.0,58.0,364.0,466.0,,16132,ccd-lea-2005
2005,0805340,3060,LONE STAR 101,15.0,0.0,1.0,7.0,7.0,,121,ccd-lea-2005
2005,0805460,2070,MANCOS RE-6,36.0,0.0,2.0,15.0,19.0,,414,ccd-lea-2005
2005,0805490,1030,MANITOU SPRINGS 14,91.0,1.0,4.0,31.0,54.0,,1356,ccd-lea-2005
2005,0805520,2535,MANZANOLA 3J,21.0,0.0,1.0,10.0,9.0,,210,ccd-lea-2005
2005,0805550,0010,MAPLETON 1,286.0,6.0,18.0,124.0,137.0,,5554,ccd-lea-2005
2005,0805580,0310,MC CLAVE RE-2,21.0,0.0,1.0,8.0,11.0,,285,ccd-lea-2005
2005,0805610,2710,MEEKER RE1,36.0,0.0,1.0,14.0,21.0,,648,ccd-lea-2005
2005,0804350,2000,MESA COUNTY VALLEY 51,1145.0,21.0,69.0,459.0,595.0,,20571,ccd-lea-2005
2005,0805670,1130,MIAMI/YODER 60 JT,26.0,1.0,2.0,9.0,13.0,,379,ccd-lea-2005
2005,0805700,2800,MOFFAT 2,23.0,0.0,1.0,5.0,15.0,,229,ccd-lea-2005
2005,0805730,2020,MOFFAT COUNTY RE:NO 1,148.0,0.0,6.0,73.0,67.0,,2400,ccd-lea-2005
2005,0805760,2740,MONTE VISTA C-8,88.0,2.0,6.0,30.0,48.0,,1249,ccd-lea-2005
2005,0803090,2035,MONTEZUMA-CORTEZ RE-1,212.0,0.0,9.0,91.0,112.0,,3253,ccd-lea-2005
2005,0805790,2180,MONTROSE COUNTY RE-1J,366.0,5.0,22.0,160.0,178.0,,5922,ccd-lea-2005
2005,0899160,9030,MOUNTAIN BOCES,19.0,0.0,0.0,8.0,9.0,,147,ccd-lea-2005
2005,0806300,2790,MOUNTAIN VALLEY RE 1,18.0,0.0,1.0,6.0,10.0,,126,ccd-lea-2005
2005,0800012,9140,MT EVANS BOCES,0.0,0.0,0.0,0.0,0.0,,,ccd-lea-2005
2005,0805100,0550,NORTH CONEJOS RE-1J,79.0,0.0,5.0,29.0,44.0,,1196,ccd-lea-2005
2005,0807050,1410,NORTH PARK R-1,19.0,0.0,0.0,7.0,10.0,,245,ccd-lea-2005
2005,0899180,9040,NORTHEAST BOCES,1.0,1.0,0.0,0.0,0.0,,,ccd-lea-2005
2005,0899220,9095,NORTHWEST COLO BOCES,0.0,0.0,0.0,0.0,0.0,,0,ccd-lea-2005
2005,0805880,2840,NORWOOD R-2J,23.0,0.0,1.0,8.0,13.0,,284,ccd-lea-2005
2005,0805940,3050,OTIS R-3,18.0,0.0,1.0,8.0,9.0,,188,ccd-lea-2005
2005,0805970,2580,OURAY R-1,24.0,0.0,1.0,8.0,13.0,,280,ccd-lea-2005
2005,0803810,1570,PARK (ESTES PARK) R-3,83.0,1.0,3.0,31.0,46.0,,1265,ccd-lea-2005
2005,0803840,2610,PARK COUNTY RE-2,50.0,1.0,5.0,23.0,19.0,,678,ccd-lea-2005
2005,0804440,3148,PAWNEE RE-12,17.0,0.0,0.0,7.0,9.0,,125,ccd-lea-2005
2005,0806060,1060,PEYTON 23 JT,43.0,1.0,2.0,14.0,25.0,,677,ccd-lea-2005
2005,0899240,9045,PIKES PEAK BOCES,26.0,0.0,1.0,24.0,0.0,,0,ccd-lea-2005
2005,0806930,1440,PLAINVIEW RE-2,8.0,0.0,0.0,3.0,4.0,,57,ccd-lea-2005
2005,0806030,1870,PLATEAU RE-5,18.0,0.0,1.0,7.0,8.0,,166,ccd-lea-2005
2005,0803030,1990,PLATEAU VALLEY 50,35.0,0.0,0.0,9.0,25.0,,470,ccd-lea-2005
2005,0802370,2600,PLATTE CANYON 1,74.0,0.0,3.0,23.0,47.0,,1343,ccd-lea-2005
2005,0806000,2865,PLATTE VALLEY RE-3,15.0,0.0,1.0,6.0,8.0,,114,ccd-lea-2005
2005,0804950,3130,PLATTE VALLEY RE-7,74.0,1.0,2.0,28.0,41.0,,1159,ccd-lea-2005
2005,0803990,1550,POUDRE R-1,1498.0,25.0,93.0,683.0,696.0,,25215,ccd-lea-2005
2005,0806720,3147,PRAIRIE RE-11,16.0,0.0,1.0,6.0,8.0,,158,ccd-lea-2005
2005,0807260,1590,PRIMERO REORGANIZED 2,17.0,0.0,1.0,6.0,9.0,,240,ccd-lea-2005
2005,0806090,0240,PRITCHETT RE-3,10.0,0.0,0.0,3.0,7.0,,77,ccd-lea-2005
2005,0806120,2690,PUEBLO CITY 60,1077.0,39.0,55.0,502.0,481.0,,17730,ccd-lea-2005
2005,0806150,2700,PUEBLO COUNTY RURAL 70,444.0,1.0,26.0,177.0,238.0,,8535,ccd-lea-2005
2005,0806180,2720,RANGELY RE-4,28.0,0.0,1.0,10.0,16.0,,490,ccd-lea-2005
2005,0806210,2590,RIDGWAY R-2,27.0,1.0,1.0,8.0,15.0,,329,ccd-lea-2005
2005,0899280,9125,RIO BLANCO BOCES,5.0,2.0,0.0,2.0,0.0,,,ccd-lea-2005
2005,0804260,1180,ROARING FORK RE-1,343.0,11.0,24.0,130.0,176.0,,4969,ccd-lea-2005
2005,0806270,2530,ROCKY FORD R-2,65.0,0.0,5.0,25.0,34.0,,843,ccd-lea-2005
2005,0806330,0500,SALIDA R-32,76.0,0.0,4.0,21.0,50.0,,1116,ccd-lea-2005
2005,0899300,9050,SAN JUAN BOCS,3.0,3.0,0.0,0.0,0.0,,,ccd-lea-2005
2005,0899320,9055,SAN LUIS VALLEY BOCES,11.0,5.0,0.0,4.0,0.0,,,ccd-lea-2005
2005,0806390,0560,SANFORD 6J,20.0,1.0,1.0,7.0,11.0,,371,ccd-lea-2005
2005,0806420,0110,SANGRE DE CRISTO RE-22J,24.0,0.0,1.0,8.0,14.0,,328,ccd-lea-2005
2005,0800014,9150,SANTA FE TRAIL BOCES,2.0,1.0,0.0,1.0,0.0,,0,ccd-lea-2005
2005,0806450,2750,SARGENT RE-33J,31.0,0.0,2.0,14.0,15.0,,426,ccd-lea-2005
2005,0806540,0123,SHERIDAN 2,106.0,1.0,11.0,35.0,58.0,,1770,ccd-lea-2005
2005,0804140,0740,SIERRA GRANDE R-30,23.0,0.0,1.0,10.0,11.0,,297,ccd-lea-2005
2005,0806570,2820,SILVERTON 1,9.0,0.0,0.0,3.0,5.0,,82,ccd-lea-2005
2005,0899340,9060,SOUTH CENTRAL BOCES,3.0,0.0,0.0,3.0,0.0,,,ccd-lea-2005
2005,0802130,0580,SOUTH CONEJOS RE-10,28.0,0.0,1.0,12.0,14.0,,302,ccd-lea-2005
2005,0805910,2780,SOUTH ROUTT RE 3,33.0,1.0,2.0,12.0,17.0,,448,ccd-lea-2005
2005,0899400,9075,SOUTHEASTERN BOCES,1.0,1.0,0.0,0.0,0.0,,0,ccd-lea-2005
2005,0899420,9080,SOUTHWEST BOCES,3.0,0.0,0.0,3.0,0.0,,0,ccd-lea-2005
2005,0806630,0250,SPRINGFIELD RE-4,27.0,1.0,2.0,10.0,14.0,,330,ccd-lea-2005
2005,0805370,0470,ST VRAIN VALLEY RE 1J,1299.0,1.0,85.0,583.0,628.0,,23260,ccd-lea-2005
2005,0806660,2770,STEAMBOAT SPRINGS RE-2,139.0,0.0,6.0,55.0,77.0,,1979,ccd-lea-2005
2005,0806750,0060,STRASBURG 31J,48.0,0.0,2.0,22.0,23.0,,977,ccd-lea-2005
2005,0806780,1480,STRATTON R-4,20.0,0.0,1.0,8.0,10.0,,270,ccd-lea-2005
2005,0806810,3000,SUMMIT RE-1,214.0,5.0,18.0,88.0,101.0,,2917,ccd-lea-2005
2005,0806840,2570,SWINK 33,31.0,0.0,1.0,14.0,15.0,,373,ccd-lea-2005
2005,0806870,2830,TELLURIDE R-1,52.0,0.0,4.0,27.0,20.0,,616,ccd-lea-2005
2005,0805400,1560,THOMPSON R-2J,831.0,14.0,50.0,326.0,439.0,,15051,ccd-lea-2005
2005,0806960,1580,TRINIDAD 1,86.0,0.0,8.0,32.0,46.0,,1528,ccd-lea-2005
2005,0800013,9145,UNCOMPAHGRE BOCS,0.0,0.0,0.0,0.0,0.0,,,ccd-lea-2005
2005,0800022,9165,UTE PASS BOCES,0.0,0.0,0.0,0.0,0.0,,,ccd-lea-2005
2005,0806690,1828,VALLEY RE-1,155.0,0.0,8.0,62.0,85.0,,2513,ccd-lea-2005
2005,0806990,0260,VILAS RE-5,14.0,0.0,0.0,3.0,9.0,,2044,ccd-lea-2005
2005,0807110,0230,WALSH RE-1,18.0,0.0,1.0,9.0,7.0,,170,ccd-lea-2005
2005,0804200,3080,WELD COUNTY RE-1,144.0,0.0,12.0,55.0,76.0,,1981,ccd-lea-2005
2005,0804020,3140,WELD COUNTY S/D RE-8,151.0,10.0,8.0,54.0,78.0,,2531,ccd-lea-2005
2005,0807140,2505,WELDON VALLEY RE-20(J),18.0,0.0,1.0,7.0,9.0,,206,ccd-lea-2005
2005,0805850,2190,WEST END RE-2,31.0,1.0,1.0,13.0,14.0,,381,ccd-lea-2005
2005,0805070,1340,WEST GRAND 1-JT.,38.0,0.0,2.0,14.0,21.0,,512,ccd-lea-2005
2005,0807230,0070,WESTMINSTER 50,667.0,6.0,47.0,288.0,324.0,,10762,ccd-lea-2005
2005,0806480,0990,WIDEFIELD 3,508.0,7.0,34.0,236.0,229.0,,8551,ccd-lea-2005
2005,0807290,2515,WIGGINS RE-50(J),41.0,0.0,2.0,18.0,19.0,,613,ccd-lea-2005
2005,0807320,2680,WILEY RE-13 JT,24.0,1.0,0.0,10.0,13.0,,285,ccd-lea-2005
2005,0807350,3100,WINDSOR RE-4,208.0,4.0,11.0,92.0,100.0,,3371,ccd-lea-2005
2005,0807380,3020,WOODLAND PARK RE-2,186.0,3.0,10.0,63.0,108.0,,3035,ccd-lea-2005
2005,0807410,3070,WOODLIN R-104,13.0,0.0,1.0,4.0,7.0,,114,ccd-lea-2005
2005,0800017,3210,WRAY RD-2,49.0,1.0,3.0,14.0,29.0,,685,ccd-lea-2005
2005,0800016,3200,YUMA 1,69.0,1.0,4.0,19.0,43.0,,890,ccd-lea-2005
2006,0801920,1040,"ACADEMY, SCHOOL DISTRICT NO. 20, IN THE COUNTY OF EL PASO AN",1283.0,14.0,80.0,519.0,668.0,,21204,ccd-lea-2006
2006,0800009,9120,ADAMS COUNTY BOCES,0.0,0.0,0.0,0.0,0.0,,,ccd-lea-2006
2006,0801980,0960,AGATE SCHOOL DISTRICT NO. 300,10.0,0.0,0.0,4.0,6.0,,61,ccd-lea-2006
2006,0802010,1620,AGUILAR REORGANIZED SCHOOL DISTRICT NO. 6,15.0,1.0,1.0,5.0,7.0,,161,ccd-lea-2006
2006,0802040,3030,AKRON SCHOOL DISTRICT NO. R-1,34.0,0.0,1.0,12.0,20.0,,448,ccd-lea-2006
2006,0802070,0100,"ALAMOSA SCHOOL DISTRICT, NO. RE-11J",141.0,0.0,8.0,55.0,78.0,,2148,ccd-lea-2006
2006,0802190,0220,ARCHULETA COUNTY SCHOOL DISTRICT NO. 50 JT,105.0,0.0,6.0,52.0,46.0,,1689,ccd-lea-2006
2006,0802220,3040,ARICKAREE SCHOOL DISTRICT NO. R-2,13.0,1.0,1.0,4.0,6.0,,116,ccd-lea-2006
2006,0802260,1450,ARRIBA-FLAGLER CONSOLIDATED SCHOOL DISTRICT NO. 20,19.0,0.0,1.0,6.0,10.0,,186,ccd-lea-2006
2006,0802280,2640,"ASPEN SCHOOL DISTRICT NO. 1, IN THE COUNTY OF PITKIN AND STA",133.0,0.0,10.0,58.0,64.0,,1605,ccd-lea-2006
2006,0802340,0180,"AURORA, JOINT DISTRICT NO. 28 OF THE COUNTIES OF ADAMS AND A",1832.0,6.0,132.0,793.0,900.0,,33831,ccd-lea-2006
2006,0802400,1530,BAYFIELD SCHOOL DISTRICT NO. 10JT-R,83.0,0.0,6.0,31.0,46.0,,1311,ccd-lea-2006
2006,0802430,0050,BENNETT SCHOOL DISTRICT NO. 29J,63.0,0.0,4.0,22.0,36.0,,1173,ccd-lea-2006
2006,0802460,1490,BETHUNE SCHOOL DISTRICT NO. R- 5,14.0,0.0,1.0,4.0,8.0,,128,ccd-lea-2006
2006,0806600,0940,BIG SANDY SCHOOL DISTRICT NO. 100J,29.0,0.0,1.0,10.0,18.0,,331,ccd-lea-2006
2006,0802490,0480,BOULDER VALLEY SCHOOL DISTRICT NO. RE2,1709.0,8.0,103.0,672.0,926.0,,28171,ccd-lea-2006
2006,0802520,1750,BRANSON REORGANIZED SCHOOL DISTRICT NO. 82,57.0,0.0,2.0,9.0,45.0,,916,ccd-lea-2006
2006,0802580,0040,BRIGHTON SCHOOL DISTRICT NO. 27J,634.0,18.0,51.0,280.0,283.0,,11569,ccd-lea-2006
2006,0802640,0490,BUENA VISTA SCHOOL DISTRICT NO. R-31,72.0,1.0,2.0,23.0,45.0,,988,ccd-lea-2006
2006,0802670,1500,BURLINGTON PUBLIC SCHOOL DISTRICT NO. RE-6J,51.0,0.0,3.0,21.0,25.0,,765,ccd-lea-2006
2006,0802700,0190,BYERS SCHOOL DISTRICT NO. 32J,33.0,0.0,2.0,16.0,15.0,,543,ccd-lea-2006
2006,0802730,0970,CALHAN DISTRICT NO. RJ1,39.0,2.0,1.0,16.0,20.0,,667,ccd-lea-2006
2006,0802760,0270,CAMPO SCHOOL DISTRICT NO. RE-6,7.0,0.0,0.0,3.0,3.0,,64,ccd-lea-2006
2006,0899200,9035,CENTENNIAL BOCES,18.0,2.0,0.0,4.0,10.0,,119,ccd-lea-2006
2006,0806360,0640,CENTENNIAL SCHOOL DISTRICT NO. R-1,24.0,1.0,1.0,8.0,14.0,,237,ccd-lea-2006
2006,0802850,2810,"CENTER CONSOLIDATED SCHOOL DISTRICT NO. 26 JT., OF THE COUNT",53.0,1.0,4.0,21.0,27.0,,624,ccd-lea-2006
2006,0800020,8001,CHARTER SCHOOL INSTITUTE,167.0,1.0,20.0,107.0,37.0,,2735,ccd-lea-2006
2006,0802880,2560,"CHERAW, SCHOOL DISTRICT NO. 31, IN THE COUNTY OF OTERO AND S",20.0,0.0,1.0,7.0,12.0,,198,ccd-lea-2006
2006,0802910,0130,"CHERRY CREEK, SCHOOL DISTRICT NO. 5, IN THE COUNTY OF ARAPAH",2978.0,32.0,162.0,1223.0,1560.0,,49684,ccd-lea-2006
2006,0800001,0520,CHEYENNE COUNTY SCHOOL DISTRICT NO. RE-5,23.0,2.0,1.0,7.0,12.0,,236,ccd-lea-2006
2006,0802940,1020,"CHEYENNE MOUNTAIN SCHOOL DISTRICT NO. 12, IN THE COUNTY OF E",302.0,3.0,15.0,142.0,141.0,,4786,ccd-lea-2006
2006,0802550,3146,"CHOOL DISTRICT NO. RE-10, IN THE COUNTY OF WELD AND STATE OF",17.0,0.0,2.0,4.0,10.0,,145,ccd-lea-2006
2006,0803000,0540,CLEAR CREEK SCHOOL DISTRICT NO. RE-1,62.0,0.0,4.0,27.0,30.0,,1060,ccd-lea-2006
2006,0803060,1010,"COLORADO SPRINGS, SCHOOL DISTRICT NO. 11, IN THE COUNTY OF E",1879.0,25.0,142.0,768.0,943.0,,30029,ccd-lea-2006
2006,0803150,2010,"CREEDE CONSOLIDATED SCHOOL DISTRICT NO. 1, IN THE COUNTY OF",20.0,1.0,1.0,8.0,8.0,,136,ccd-lea-2006
2006,0803180,3010,CRIPPLE CREEK-VICTOR SCHOOL DISTRICT NO. RE-1,38.0,1.0,2.0,16.0,17.0,,564,ccd-lea-2006
2006,0803210,0770,CROWLEY COUNTY SCHOOL DISTRICT NO. RE-1-J,37.0,0.0,2.0,14.0,21.0,,515,ccd-lea-2006
2006,0807200,0860,CUSTER COUNTY SCHOOL DISTRICT CONSOLIDATE 1,39.0,1.0,2.0,15.0,20.0,,522,ccd-lea-2006
2006,0803240,1980,"DE BEQUE, JOINT DISTRICT NO. 49 OF THE COUNTIES OF MESA AND",21.0,1.0,1.0,8.0,9.0,,178,ccd-lea-2006
2006,0803270,0170,DEER TRAIL SCHOOL DISTRICT NO. 26J,20.0,1.0,0.0,7.0,11.0,,204,ccd-lea-2006
2006,0803300,2730,DEL NORTE CONSOLIDATED SCHOOL DISTRICT NO. C-7,51.0,0.0,4.0,17.0,29.0,,622,ccd-lea-2006
2006,0803330,0870,DELTA COUNTY JOINT DISTRICT NO. 50,285.0,1.0,22.0,111.0,150.0,,5348,ccd-lea-2006
2006,0803420,0890,DOLORES COUNTY SCHOOL DISTRICT RE-2J,25.0,1.0,1.0,10.0,12.0,,300,ccd-lea-2006
2006,0803390,2055,DOLORES SCHOOL DISTRICT NO. RE-4A,56.0,0.0,2.0,22.0,31.0,,756,ccd-lea-2006
2006,0803450,0900,"DOUGLAS COUNTY SCHOOL DISTRICT, NO. RE 1",2812.0,4.0,163.0,1387.0,1257.0,,50370,ccd-lea-2006
2006,0803480,1520,DURANGO SCHOOL DISTRICT NO. 9-R,321.0,3.0,23.0,119.0,173.0,,4768,ccd-lea-2006
2006,0803540,0910,EAGLE COUNTY SCHOOL DISTRICT NO. RE 50,388.0,5.0,39.0,169.0,173.0,,5426,ccd-lea-2006
2006,0899080,9025,EAST CENTRAL BOCES,6.0,1.0,0.0,1.0,2.0,,,ccd-lea-2006
2006,0804320,1350,EAST GRAND SCHOOL DISTRICT NO. 2,99.0,2.0,8.0,40.0,48.0,,1338,ccd-lea-2006
2006,0805130,2520,EAST OTERO SCHOOL DISTRICT NO. R1,100.0,0.0,7.0,36.0,57.0,,1458,ccd-lea-2006
2006,0803630,1120,"EDISON, JOINT DISTRICT NO. 54 OF THE COUNTIES OF EL PASO AND",10.0,0.0,1.0,3.0,6.0,,155,ccd-lea-2006
2006,0803690,0950,ELBERT SCHOOL DISTRICT NO. 200,21.0,1.0,1.0,8.0,10.0,,265,ccd-lea-2006
2006,0803750,1050,"ELLICOTT, SCHOOL DISTRICT NO. 22, IN THE COUNTY OF EL PASO A",64.0,2.0,5.0,31.0,25.0,,976,ccd-lea-2006
2006,0803780,0120,"ENGLEWOOD, SCHOOL DISTRICT NO. 1, IN THE COUNTY OF ARAPAHOE",205.0,0.0,14.0,76.0,113.0,,3495,ccd-lea-2006
2006,0800004,9130,EXPEDITIONARY BOCES,20.0,0.0,1.0,7.0,11.0,,336,ccd-lea-2006
2006,0803870,1110,"FALCON, SCHOOL DISTRICT NO. 49, IN THE COUNTY OF EL PASO AND",667.0,6.0,50.0,309.0,301.0,,12256,ccd-lea-2006
2006,0804080,1000,"FOUNTAIN, SCHOOL DISTRICT NO. 8, IN THE COUNTY OF EL PASO AN",362.0,4.0,31.0,165.0,160.0,,6152,ccd-lea-2006
2006,0804110,2540,FOWLER SCHOOL DISTRICT NO. R4J,31.0,0.0,2.0,14.0,15.0,,396,ccd-lea-2006
2006,0802790,1140,FREMONT RE-1,245.0,1.0,14.0,106.0,123.0,,3878,ccd-lea-2006
2006,0803960,1150,FREMONT RE-2,108.0,0.0,7.0,45.0,55.0,,1739,ccd-lea-2006
2006,0803120,1160,FREMONT RE-3,26.0,1.0,1.0,9.0,14.0,,316,ccd-lea-2006
2006,0800015,9160,FRONT RANGE BOCES,0.0,0.0,0.0,0.0,0.0,,,ccd-lea-2006
2006,0806240,1195,GARFIELD SCHOOL DISTRICT NO. RE-2,248.0,6.0,13.0,126.0,102.0,,4270,ccd-lea-2006
2006,0804740,1780,GENOA-HUGO SCHOOL DISTRICT NO. C-113,19.0,1.0,1.0,6.0,11.0,,208,ccd-lea-2006
2006,0804230,1330,GILPIN COUNTY SCHOOL DISTRICT NO. RE-1,31.0,2.0,1.0,13.0,14.0,,414,ccd-lea-2006
2006,0804290,2650,GRANADA SCHOOL DISTRICT NO. RE-1,25.0,0.0,1.0,9.0,14.0,,263,ccd-lea-2006
2006,0800011,9135,GRAND VALLEY BOCES,0.0,0.0,0.0,0.0,0.0,,,ccd-lea-2006
2006,0804380,1220,"GRAND VALLEY, SCHOOL DISTRICT NO. 16, IN THE COUNTY OF GARFI",66.0,0.0,3.0,30.0,32.0,,1174,ccd-lea-2006
2006,0804410,3120,"GREELEY,SCHOOL DISTRICT NO. 6, IN THE COUNTY OF WELD AND STA",1073.0,19.0,80.0,455.0,517.0,,18069,ccd-lea-2006
2006,0804470,1360,GUNNISON WATERSHED SCHOOL DISTRICT RE1J,128.0,3.0,8.0,50.0,66.0,,1721,ccd-lea-2006
2006,0804500,1070,"HANOVER, SCHOOL DISTRICT NO. 28, IN THE COUNTY OF EL PASO AN",24.0,0.0,1.0,10.0,12.0,,301,ccd-lea-2006
2006,0804530,0980,"HARRISON, SCHOOL DISTRICT NO. 2, IN THE COUNTY OF EL PASO AN",771.0,7.0,64.0,340.0,358.0,,11165,ccd-lea-2006
2006,0804560,2630,"HAXTUN SCHOOL DISTRICT, NO. RE-2J",22.0,0.0,1.0,9.0,12.0,,310,ccd-lea-2006
2006,0804590,2760,HAYDEN SCHOOL DISTRICT NO. RE 1,35.0,0.0,2.0,11.0,21.0,,448,ccd-lea-2006
2006,0806510,1460,HI-PLAINS R-23,15.0,0.0,1.0,6.0,7.0,,112,ccd-lea-2006
2006,0804620,1380,HINSDALE COUNTY SCHOOL DISTRICT NO. RE-1,10.0,0.0,0.0,3.0,6.0,,91,ccd-lea-2006
2006,0804650,1600,HOEHNE REORGANIZED SCHOOL DISTRICT NO. 3,24.0,0.0,1.0,11.0,11.0,,360,ccd-lea-2006
2006,0804680,2670,HOLLY SCHOOL DISTRICT NO. RE-3,26.0,0.0,2.0,12.0,12.0,,318,ccd-lea-2006
2006,0804710,2620,HOLYOKE SCHOOL DISTRICT NO. RE-1J,47.0,0.0,3.0,20.0,23.0,,574,ccd-lea-2006
2006,0807080,1390,HUERFANO SCHOOL DISTRICT RE-1,51.0,2.0,2.0,23.0,23.0,,700,ccd-lea-2006
2006,0800018,3220,IDALIA RJ-3 SCHOOL DISTRICT,17.0,1.0,1.0,7.0,7.0,,162,ccd-lea-2006
2006,0804770,1540,IGNACIO SCHOOL DISTRICT NO. 11JT,63.0,0.0,4.0,27.0,31.0,,791,ccd-lea-2006
2006,0804800,1420,JEFFERSON COUNTY SCHOOL DISTRICT NO. R-1,4809.0,29.0,237.0,2219.0,2323.0,,86154,ccd-lea-2006
2006,0804860,2862,JULESBURG SCHOOL DISTRICT NO. RE1,20.0,1.0,1.0,10.0,7.0,,288,ccd-lea-2006
2006,0804890,1810,KARVAL SCHOOL DISTRICT NO. RE 23,18.0,0.0,0.0,4.0,11.0,,220,ccd-lea-2006
2006,0804980,1760,KIM REORGANIZED SCHOOL DISTRICT NO. 88,11.0,0.0,0.0,3.0,6.0,,62,ccd-lea-2006
2006,0803510,1430,KIOWA COUNTY SCHOOL DISTRICT NO. RE-1,18.0,1.0,1.0,7.0,9.0,,177,ccd-lea-2006
2006,0806930,1440,KIOWA COUNTY SCHOOL DISTRICT NO. RE-2,8.0,0.0,0.0,2.0,5.0,,66,ccd-lea-2006
2006,0805040,0510,KIT CARSON SCHOOL DISTRICT NO. R-1,15.0,0.0,1.0,5.0,8.0,,109,ccd-lea-2006
2006,0805160,1400,LA VETA SCHOOL DISTRICT RE-2,23.0,0.0,1.0,7.0,13.0,,293,ccd-lea-2006
2006,0805190,1510,LAKE COUNTY SCHOOL DISTRICT NO. R-1,69.0,0.0,4.0,33.0,31.0,,1189,ccd-lea-2006
2006,0805220,2660,LAMAR SCHOOL DISTRICT NO. RE-2,111.0,4.0,9.0,55.0,42.0,,1720,ccd-lea-2006
2006,0800010,9110,LARIMER BOCES,0.0,0.0,0.0,0.0,0.0,,,ccd-lea-2006
2006,0805250,0290,LAS ANIMAS SCHOOL DISTRICT NO. RE-1,41.0,1.0,3.0,17.0,20.0,,553,ccd-lea-2006
2006,0805820,1080,"LEWIS-PALMER CONSOLIDATED, SCHOOL DISTRICT NO. 38, IN THE CO",389.0,4.0,23.0,142.0,219.0,,5977,ccd-lea-2006
2006,0800019,3230,LIBERTY J-4 SCHOOL DISTRICT,14.0,1.0,1.0,4.0,7.0,,94,ccd-lea-2006
2006,0805280,1790,"LIMON SCHOOL DISTRICT, NO. RE 4J",35.0,0.0,1.0,13.0,20.0,,524,ccd-lea-2006
2006,0805310,0140,"LITTLETON, SCHOOL DISTRICT NO. 6, IN THE COUNTY OF ARAPAHOE",904.0,5.0,58.0,340.0,499.0,,15989,ccd-lea-2006
2006,0805340,3060,LONE STAR SCHOOL DISTRICT NO. 101,14.0,0.0,0.0,6.0,7.0,,106,ccd-lea-2006
2006,0805460,2070,MANCOS SCHOOL DISTRICT RE-6,34.0,0.0,2.0,13.0,17.0,,422,ccd-lea-2006
2006,0805490,1030,"MANITOU SPRINGS, SCHOOL DISTRICT NO. 14, IN THE COUNTY OF EL",91.0,2.0,4.0,31.0,53.0,,1361,ccd-lea-2006
2006,0805520,2535,"MANZANOLA, JOINT DISTRICT NO. 3J, OF THE COUNTIES OF OTERO A",22.0,0.0,1.0,9.0,11.0,,211,ccd-lea-2006
2006,0805550,0010,"MAPLETON, SCHOOL DISTRICT NO. 1, IN THE COUNTY OF ADAMS & ST",286.0,8.0,15.0,111.0,150.0,,5595,ccd-lea-2006
2006,0805580,0310,MCCLAVE SCHOOL DISTRICT NO. RE-2,22.0,1.0,1.0,9.0,10.0,,266,ccd-lea-2006
2006,0805610,2710,MEEKER SCHOOL DISTRICT RE1,39.0,0.0,1.0,16.0,21.0,,678,ccd-lea-2006
2006,0804350,2000,MESA COUNTY VALLEY SCHOOL DISTRICT NO. 51,1205.0,23.0,74.0,473.0,634.0,,21173,ccd-lea-2006
2006,0805670,1130,"MIAMI-YODER, JOINT DISTRICT NO. 60 OF THE COUNTIES OF EL PAS",23.0,0.0,1.0,8.0,11.0,,366,ccd-lea-2006
2006,0805730,2020,MOFFAT COUNTY SCHOOL DISTRICT RE: NO. 1,141.0,1.0,8.0,67.0,64.0,,2395,ccd-lea-2006
2006,0805700,2800,"MOFFAT, SCHOOL DISTRICT NO. 2, IN THE COUNTY OF SAGUACHE AND",24.0,0.0,1.0,8.0,13.0,,220,ccd-lea-2006
2006,0805760,2740,MONTE VISTA SCHOOL DISTRICT NO. C-8,86.0,2.0,7.0,30.0,47.0,,1186,ccd-lea-2006
2006,0803090,2035,MONTEZUMA-CORTEZ SCHOOL DISTRICT NO. RE-1,212.0,0.0,8.0,89.0,114.0,,3067,ccd-lea-2006
2006,0805790,2180,MONTROSE COUNTY SCHOOL DISTRICT RE-1J,368.0,4.0,22.0,157.0,185.0,,6174,ccd-lea-2006
2006,0899160,9030,MOUNTAIN BOCES,24.0,0.0,1.0,6.0,15.0,,156,ccd-lea-2006
2006,0806300,2790,MOUNTAIN VALLEY SCHOOL DISTRICT NO. RE 1,19.0,1.0,1.0,6.0,10.0,,129,ccd-lea-2006
2006,0800012,9140,MT EVANS BOCES,0.0,0.0,0.0,0.0,0.0,,,ccd-lea-2006
2006,0805100,0550,NORTH CONEJOS SCHOOL DISTRICT NO. RE1J,78.0,0.0,5.0,29.0,43.0,,1205,ccd-lea-2006
2006,0807050,1410,NORTH PARK SCHOOL DISTRICT R-1,19.0,0.0,0.0,7.0,11.0,,248,ccd-lea-2006
2006,0899180,9040,NORTHEAST BOCES,3.0,2.0,0.0,0.0,0.0,,,ccd-lea-2006
2006,0806900,0020,"NORTHGLENN-THORNTON, SCHOOL DISTRICT NO. 12, IN THE COUNTY O",1943.0,9.0,139.0,810.0,983.0,,37341,ccd-lea-2006
2006,0899220,9095,NORTHWEST COLO BOCES,4.0,0.0,0.0,0.0,4.0,,12,ccd-lea-2006
2006,0805880,2840,NORWOOD SCHOOL DISTRICT NO. R-2J,23.0,1.0,1.0,8.0,12.0,,276,ccd-lea-2006
2006,0805940,3050,OTIS SCHOOL DISTRICT NO. R-3,19.0,0.0,1.0,8.0,9.0,,214,ccd-lea-2006
2006,0805970,2580,"OURAY, SCHOOL DISTRICT NO. R-1, OF  THE COUNTY OF OURAY AND",22.0,0.0,1.0,8.0,12.0,,285,ccd-lea-2006
2006,0803840,2610,PARK COUNTY SCHOOL DISTRICT NO. RE-2,51.0,1.0,4.0,22.0,22.0,,672,ccd-lea-2006
2006,0803810,1570,PARK SCHOOL DISTRICT R-3,81.0,1.0,3.0,31.0,45.0,,1272,ccd-lea-2006
2006,0806060,1060,"PEYTON, SCHOOL DISTRICT NO. 23, IN THE COUNTY OF EL PASO AND",42.0,1.0,1.0,13.0,26.0,,680,ccd-lea-2006
2006,0899240,9045,PIKES PEAK BOCES,23.0,0.0,1.0,7.0,14.0,,,ccd-lea-2006
2006,0803030,1990,"PLATEAU VALLEY, SCHOOL DISTRICT NO. 50 IN THE COUNTY OF MESA",32.0,0.0,0.0,7.0,23.0,,485,ccd-lea-2006
2006,0802370,2600,"PLATTE CANYON, SCHOOL DISTRICT NO. 1, OF  THE COUNTY OF PARK",74.0,1.0,3.0,22.0,46.0,,1345,ccd-lea-2006
2006,0806000,2865,PLATTE VALLEY SCHOOL DISTRICT NO. RE3,15.0,0.0,1.0,6.0,8.0,,106,ccd-lea-2006
2006,0803990,1550,POUDRE SCHOOL DISTRICT R-1,1468.0,22.0,92.0,670.0,683.0,,25430,ccd-lea-2006
2006,0807260,1590,PRIMERO REORGANIZED SCHOOL DISTRICT NO. 2,20.0,0.0,1.0,7.0,11.0,,234,ccd-lea-2006
2006,0806090,0240,PRITCHETT SCHOOL DISTRICT NO. RE-3,10.0,0.0,0.0,3.0,6.0,,71,ccd-lea-2006
2006,0806150,2700,PUEBLO COUNTY RURAL SCHOOL DISTRICT NO. 70,468.0,2.0,25.0,186.0,253.0,,8771,ccd-lea-2006
2006,0806120,2690,"PUEBLO, SCHOOL DISTRICT NO. 60, IN THE COUNTY OF PUEBLO AND",1110.0,45.0,63.0,469.0,532.0,,17915,ccd-lea-2006
2006,0806180,2720,RANGELY SCHOOL DISTRICT RE4,29.0,0.0,1.0,12.0,16.0,,478,ccd-lea-2006
2006,0806210,2590,"RIDGWAY, SCHOOL DISTRICT NO. R-2,  OF  THE COUNTY OF OURAY A",29.0,1.0,2.0,7.0,18.0,,332,ccd-lea-2006
2006,0899280,9125,RIO BLANCO BOCES,8.0,2.0,0.0,2.0,3.0,,,ccd-lea-2006
2006,0804260,1180,ROARING FORK SCHOOL DISTRICT NO. RE-1,347.0,22.0,32.0,129.0,163.0,,5040,ccd-lea-2006
2006,0806270,2530,ROCKY FORD SCHOOL DISTRICT NO. R2,65.0,0.0,6.0,24.0,34.0,,840,ccd-lea-2006
2006,0806330,0500,SALIDA SCHOOL DISTRICT NO. R-32,77.0,0.0,3.0,33.0,40.0,,1124,ccd-lea-2006
2006,0899300,9050,SAN JUAN BOCS,3.0,3.0,0.0,0.0,0.0,,,ccd-lea-2006
2006,0899320,9055,SAN LUIS VALLEY BOCES,17.0,6.0,0.0,4.0,6.0,,,ccd-lea-2006
2006,0806390,0560,"SANFORD, SCHOOL DISTRICT NO. 6, IN THE COUNTY OF CONEJOS AND",22.0,1.0,2.0,7.0,12.0,,335,ccd-lea-2006
2006,0806420,0110,"SANGRE DE CRISTO SCHOOL DISTRICT, NO. RE-22J",25.0,0.0,1.0,8.0,15.0,,335,ccd-lea-2006
2006,0800014,9150,SANTA FE TRAIL BOCES,5.0,1.0,0.0,2.0,1.0,,,ccd-lea-2006
2006,0806450,2750,SARGENT SCHOOL DISTRICT NO. RE-33J,31.0,0.0,2.0,14.0,15.0,,464,ccd-lea-2006
2006,0801950,0030,SCHOOL DISTRICT N. 14 IN THE COUNTY OF ADAMS & STATE OF COLO,371.0,12.0,29.0,157.0,171.0,,6838,ccd-lea-2006
2006,0803360,0880,SCHOOL DISTRICT NO. 1 IN THE COUNTY OF DENVER AND STATE OF C,4106.0,199.0,356.0,1720.0,1829.0,,72561,ccd-lea-2006
2006,0806480,0990,SCHOOL DISTRICT NO. 3 IN THE COUNTY OF EL PASO AND STATE OF,514.0,9.0,35.0,238.0,231.0,,8533,ccd-lea-2006
2006,0803720,0920,"SCHOOL DISTRICT NO. C-1, IN THE COUNTY OF ELBERT AND STATE O",175.0,0.0,6.0,67.0,100.0,,3017,ccd-lea-2006
2006,0805010,0930,SCHOOL DISTRICT NO. C-2 IN THE COUNTY OF ELBERT AND STATE OF,33.0,1.0,1.0,13.0,18.0,,383,ccd-lea-2006
2006,0806780,1480,SCHOOL DISTRICT NO. R-4 IN THE COUNTY OF KIT CARSON AND STAT,21.0,0.0,1.0,8.0,11.0,,250,ccd-lea-2006
2006,0806690,1828,"SCHOOL DISTRICT NO. RE-1, VALLEY",157.0,1.0,7.0,66.0,82.0,,2496,ccd-lea-2006
2006,0806720,3147,SCHOOL DISTRICT NO. RE-11 IN THE COUNTY OF WELD AND STATE OF,17.0,0.0,1.0,6.0,8.0,,150,ccd-lea-2006
2006,0804440,3148,SCHOOL DISTRICT NO. RE-12 IN THE COUNTY OF WELD AND STATE OF,17.0,0.0,1.0,7.0,9.0,,109,ccd-lea-2006
2006,0802610,2395,"SCHOOL DISTRICT NO. RE-2, BRUSH",104.0,4.0,5.0,39.0,55.0,,1577,ccd-lea-2006
2006,0807140,2505,"SCHOOL DISTRICT NO. RE-20, WELDON VALLEY",18.0,0.0,1.0,7.0,9.0,,207,ccd-lea-2006
2006,0803930,1850,SCHOOL DISTRICT NO. RE-3 FRENCHMAN,20.0,1.0,1.0,8.0,9.0,,211,ccd-lea-2006
2006,0804050,2405,"SCHOOL DISTRICT NO. RE-3, FORT MORGAN",212.0,10.0,13.0,106.0,82.0,,3277,ccd-lea-2006
2006,0805640,1860,SCHOOL DISTRICT NO. RE-4 BUFFALO,24.0,0.0,1.0,10.0,12.0,,297,ccd-lea-2006
2006,0806030,1870,SCHOOL DISTRICT NO. RE-5 PLATEAU,18.0,0.0,1.0,7.0,8.0,,167,ccd-lea-2006
2006,0807290,2515,"SCHOOL DISTRICT NO. RE-50, WIGGINS",40.0,0.0,2.0,17.0,19.0,,604,ccd-lea-2006
2006,0806540,0123,SHERIDAN SCHOOL DISTRICT NO. 2,104.0,0.0,10.0,37.0,55.0,,1613,ccd-lea-2006
2006,0804140,0740,SIERRA GRANDE SCHOOL DISTRICT NO. R-30,23.0,0.0,1.0,10.0,11.0,,298,ccd-lea-2006
2006,0806570,2820,"SILVERTON, SCHOOL DISTRICT NO. 1, IN THE COUNTY OF SAN JUAN",8.0,0.0,0.0,3.0,5.0,,66,ccd-lea-2006
2006,0899340,9060,SOUTH CENTRAL BOCES,5.0,0.0,0.0,0.0,3.0,,,ccd-lea-2006
2006,0802130,0580,SOUTH CONEJOS SCHOOL DISTRICT NO. RE10,27.0,0.0,0.0,12.0,15.0,,290,ccd-lea-2006
2006,0805910,2780,SOUTH ROUTT SCHOOL DISTRICT NO. RE 3,30.0,0.0,2.0,12.0,15.0,,457,ccd-lea-2006
2006,0899400,9075,SOUTHEASTERN BOCES,1.0,1.0,0.0,0.0,0.0,,,ccd-lea-2006
2006,0899420,9080,SOUTHWEST BOCES,5.0,0.0,0.0,0.0,5.0,,,ccd-lea-2006
2006,0806630,0250,SPRINGFIELD SCHOOL DISTRICT NO. RE-4,27.0,1.0,2.0,10.0,13.0,,294,ccd-lea-2006
2006,0805370,0470,ST. VRAIN VALLEY SCHOOL DISTRICT NO. RE1J,1247.0,1.0,81.0,548.0,615.0,,24011,ccd-lea-2006
2006,0806660,2770,STEAMBOAT SPRINGS SCHOOL DISTRICT NO. RE 2,147.0,0.0,6.0,60.0,80.0,,2087,ccd-lea-2006
2006,0806750,0060,STRASBURG SCHOOL DISTRICT 31J,55.0,0.0,3.0,24.0,27.0,,958,ccd-lea-2006
2006,0806810,3000,SUMMIT SCHOOL DISTRICT NO. RE 1,205.0,6.0,20.0,80.0,99.0,,2998,ccd-lea-2006
2006,0806840,2570,"SWINK, SCHOOL DISTRICT NO. 33, IN THE COUNTY OF OTERO AND ST",30.0,0.0,1.0,13.0,15.0,,382,ccd-lea-2006
2006,0806870,2830,TELLURIDE SCHOOL DISTRICT NO. R-1,57.0,0.0,5.0,29.0,22.0,,653,ccd-lea-2006
2006,0805400,1560,THOMPSON SCHOOL DISTRICT R-2J,821.0,13.0,48.0,323.0,437.0,,15310,ccd-lea-2006
2006,0806960,1580,"TRINIDAD, SCHOOL DISTRICT 1, IN THE COUNTY OF LAS ANIMAS AND",87.0,0.0,5.0,34.0,45.0,,1553,ccd-lea-2006
2006,0800013,9145,UNCOMPAHGRE BOCS,2.0,2.0,0.0,0.0,0.0,,,ccd-lea-2006
2006,0800022,9165,UTE PASS BOCES,0.0,0.0,0.0,0.0,0.0,,,ccd-lea-2006
2006,0806990,0260,VILAS SCHOOL DISTRICT RE-5,55.0,0.0,2.0,15.0,37.0,,4424,ccd-lea-2006
2006,0807110,0230,WALSH SCHOOL DISTRICT NO. RE-1,18.0,0.0,1.0,9.0,7.0,,156,ccd-lea-2006
2006,0804200,3080,WELD COUNTY REORGANIZED SCHOOL DISTRICT NO. RE-1,152.0,0.0,13.0,58.0,80.0,,1868,ccd-lea-2006
2006,0804920,3090,WELD COUNTY REORGANIZED SCHOOL DISTRICT NO. RE-3,143.0,3.0,9.0,65.0,66.0,,2088,ccd-lea-2006
2006,0807350,3100,WELD COUNTY REORGANIZED SCHOOL DISTRICT NO. RE-4,222.0,5.0,12.0,93.0,111.0,,3689,ccd-lea-2006
2006,0804020,3140,WELD COUNTY REORGANIZED SCHOOL DISTRICT NO. RE-8,150.0,8.0,7.0,58.0,76.0,,2506,ccd-lea-2006
2006,0803600,3085,WELD COUNTY SCHOOL DISTRICT NO. RE-2,97.0,0.0,4.0,36.0,56.0,,1708,ccd-lea-2006
2006,0804830,3110,WELD COUNTY SCHOOL DISTRICT NO. RE-5J,159.0,3.0,10.0,75.0,70.0,,2757,ccd-lea-2006
2006,0804950,3130,WELD COUNTY SCHOOL DISTRICT NO. RE-7,79.0,0.0,5.0,29.0,44.0,,1145,ccd-lea-2006
2006,0802310,3145,WELD COUNTY SCHOOL DISTRICT NO. RE-9,60.0,0.0,4.0,20.0,35.0,,853,ccd-lea-2006
2006,0805850,2190,WEST END SCHOOL DISTRICT NO. RE-2,29.0,1.0,1.0,11.0,15.0,,353,ccd-lea-2006
2006,0805070,1340,WEST GRAND SCHOOL DISTRICT NO. 1,38.0,0.0,2.0,14.0,21.0,,482,ccd-lea-2006
2006,0807230,0070,"WESTMINSTER, SCHOOL DISTRICT NO. 50, IN THE COUNTY OF ADAMS",665.0,7.0,48.0,275.0,333.0,,10683,ccd-lea-2006
2006,0807320,2680,WILEY SCHOOL DISTRICT NO. RE-13 JT,25.0,1.0,1.0,9.0,13.0,,292,ccd-lea-2006
2006,0807380,3020,WOODLAND PARK SCHOOL DISTRICT NO. RE-2,189.0,3.0,10.0,67.0,107.0,,2988,ccd-lea-2006
2006,0807410,3070,WOODLIN SCHOOL DISTRICT NO. R-104,14.0,0.0,1.0,4.0,8.0,,98,ccd-lea-2006
2006,0800017,3210,WRAY RD-2 SCHOOL DISTRICT,53.0,1.0,4.0,24.0,22.0,,688,ccd-lea-2006
2006,0800016,3200,YUMA 1 SCHOOL DISTRICT,64.0,1.0,4.0,29.0,29.0,,866,ccd-lea-2006
2007,0801920,1040,"ACADEMY, SCHOOL DISTRICT NO. 20, IN THE COUNTY OF EL PASO AN",1312.0,14.0,78.0,600.0,618.0,,21423,ccd-lea-2007
2007,0801980,0960,AGATE SCHOOL DISTRICT NO. 300,10.0,,0.0,4.0,5.0,,64,ccd-lea-2007
2007,0802010,1620,AGUILAR REORGANIZED SCHOOL DISTRICT NO. 6,15.0,2.0,0.0,5.0,7.0,,154,ccd-lea-2007
2007,0802040,3030,AKRON SCHOOL DISTRICT NO. R-1,34.0,0.0,1.0,15.0,17.0,,401,ccd-lea-2007
2007,0802070,0100,"ALAMOSA SCHOOL DISTRICT, NO. RE-11J",136.0,,9.0,64.0,62.0,,2147,ccd-lea-2007
2007,0802190,0220,ARCHULETA COUNTY SCHOOL DISTRICT NO. 50 JT,101.0,,6.0,49.0,46.0,,1545,ccd-lea-2007
2007,0802220,3040,ARICKAREE SCHOOL DISTRICT NO. R-2,14.0,1.0,1.0,5.0,6.0,,112,ccd-lea-2007
2007,0802260,1450,ARRIBA-FLAGLER CONSOLIDATED SCHOOL DISTRICT NO. 20,16.0,0.0,1.0,6.0,7.0,,172,ccd-lea-2007
2007,0802280,2640,"ASPEN SCHOOL DISTRICT NO. 1, IN THE COUNTY OF PITKIN AND STA",135.0,1.0,10.0,62.0,61.0,,1633,ccd-lea-2007
2007,0802340,0180,"AURORA, JOINT DISTRICT NO. 28 OF THE COUNTIES OF ADAMS AND A",1886.0,7.0,132.0,985.0,761.0,,33563,ccd-lea-2007
2007,0802400,1530,BAYFIELD SCHOOL DISTRICT NO. 10JT-R,85.0,,6.0,40.0,38.0,,1358,ccd-lea-2007
2007,0802430,0050,BENNETT SCHOOL DISTRICT NO. 29J,68.0,,5.0,30.0,33.0,,1152,ccd-lea-2007
2007,0802460,1490,BETHUNE SCHOOL DISTRICT NO. R- 5,13.0,0.0,1.0,4.0,7.0,,124,ccd-lea-2007
2007,0806600,0940,BIG SANDY SCHOOL DISTRICT NO. 100J,29.0,,1.0,12.0,16.0,,344,ccd-lea-2007
2007,0802490,0480,BOULDER VALLEY SCHOOL DISTRICT NO. RE2,1748.0,20.0,102.0,821.0,804.0,,28543,ccd-lea-2007
2007,0802520,1750,BRANSON REORGANIZED SCHOOL DISTRICT NO. 82,45.0,0.0,1.0,10.0,33.0,,653,ccd-lea-2007
2007,0802580,0040,BRIGHTON SCHOOL DISTRICT NO. 27J,664.0,7.0,45.0,340.0,271.0,,12608,ccd-lea-2007
2007,0802640,0490,BUENA VISTA SCHOOL DISTRICT NO. R-31,71.0,,2.0,27.0,41.0,,1012,ccd-lea-2007
2007,0802670,1500,BURLINGTON PUBLIC SCHOOL DISTRICT NO. RE-6J,54.0,0.0,4.0,23.0,26.0,,776,ccd-lea-2007
2007,0802700,0190,BYERS SCHOOL DISTRICT NO. 32J,33.0,,2.0,16.0,15.0,,540,ccd-lea-2007
2007,0802730,0970,CALHAN DISTRICT NO. RJ1,45.0,2.0,2.0,21.0,18.0,,648,ccd-lea-2007
2007,0802760,0270,CAMPO SCHOOL DISTRICT NO. RE-6,10.0,0.0,0.0,3.0,5.0,,48,ccd-lea-2007
2007,0899200,9035,CENTENNIAL BOCES,19.0,2.0,0.0,2.0,14.0,,128,ccd-lea-2007
2007,0806360,0640,CENTENNIAL SCHOOL DISTRICT NO. R-1,26.0,1.0,1.0,9.0,14.0,,217,ccd-lea-2007
2007,0802850,2810,"CENTER CONSOLIDATED SCHOOL DISTRICT NO. 26 JT., OF THE COUNT",39.0,1.0,2.0,18.0,17.0,,602,ccd-lea-2007
2007,0800020,8001,CHARTER SCHOOL INSTITUTE,271.0,0.0,33.0,160.0,77.0,,4421,ccd-lea-2007
2007,0802880,2560,"CHERAW, SCHOOL DISTRICT NO. 31, IN THE COUNTY OF OTERO AND S",21.0,,1.0,8.0,11.0,,197,ccd-lea-2007
2007,0802910,0130,"CHERRY CREEK, SCHOOL DISTRICT NO. 5, IN THE COUNTY OF ARAPAH",2941.0,29.0,157.0,1448.0,1307.0,,50601,ccd-lea-2007
2007,0800001,0520,CHEYENNE COUNTY SCHOOL DISTRICT NO. RE-5,21.0,1.0,1.0,9.0,9.0,,219,ccd-lea-2007
2007,0802940,1020,"CHEYENNE MOUNTAIN SCHOOL DISTRICT NO. 12, IN THE COUNTY OF E",310.0,3.0,17.0,147.0,142.0,,4851,ccd-lea-2007
2007,0802550,3146,"CHOOL DISTRICT NO. RE-10, IN THE COUNTY OF WELD AND STATE OF",18.0,,2.0,6.0,9.0,,134,ccd-lea-2007
2007,0803000,0540,CLEAR CREEK SCHOOL DISTRICT NO. RE-1,64.0,,5.0,29.0,29.0,,1044,ccd-lea-2007
2007,0803060,1010,"COLORADO SPRINGS, SCHOOL DISTRICT NO. 11, IN THE COUNTY OF E",1861.0,29.0,157.0,917.0,757.0,,29496,ccd-lea-2007
2007,0803150,2010,"CREEDE CONSOLIDATED SCHOOL DISTRICT NO. 1, IN THE COUNTY OF",18.0,1.0,1.0,7.0,8.0,,123,ccd-lea-2007
2007,0803180,3010,CRIPPLE CREEK-VICTOR SCHOOL DISTRICT NO. RE-1,37.0,1.0,1.0,15.0,18.0,,513,ccd-lea-2007
2007,0803210,0770,CROWLEY COUNTY SCHOOL DISTRICT NO. RE-1-J,34.0,,2.0,15.0,16.0,,503,ccd-lea-2007
2007,0807200,0860,CUSTER COUNTY SCHOOL DISTRICT CONSOLIDATE 1,39.0,1.0,2.0,17.0,18.0,,519,ccd-lea-2007
2007,0803240,1980,"DE BEQUE, JOINT DISTRICT NO. 49 OF THE COUNTIES OF MESA AND",22.0,1.0,1.0,8.0,10.0,,155,ccd-lea-2007
2007,0803270,0170,DEER TRAIL SCHOOL DISTRICT NO. 26J,20.0,1.0,1.0,9.0,9.0,,177,ccd-lea-2007
2007,0803300,2730,DEL NORTE CONSOLIDATED SCHOOL DISTRICT NO. C-7,50.0,,4.0,23.0,22.0,,591,ccd-lea-2007
2007,0803330,0870,DELTA COUNTY JOINT DISTRICT NO. 50,296.0,1.0,23.0,136.0,134.0,,5438,ccd-lea-2007
2007,0803420,0890,DOLORES COUNTY SCHOOL DISTRICT RE-2J,26.0,1.0,1.0,11.0,12.0,,293,ccd-lea-2007
2007,0803390,2055,DOLORES SCHOOL DISTRICT NO. RE-4A,52.0,,3.0,23.0,26.0,,734,ccd-lea-2007
2007,0803450,0900,"DOUGLAS COUNTY SCHOOL DISTRICT, NO. RE 1",2951.0,21.0,183.0,1481.0,1264.0,,52983,ccd-lea-2007
2007,0803480,1520,DURANGO SCHOOL DISTRICT NO. 9-R,333.0,5.0,24.0,147.0,155.0,,4820,ccd-lea-2007
2007,0803540,0910,EAGLE COUNTY SCHOOL DISTRICT NO. RE 50,395.0,5.0,38.0,202.0,149.0,,5679,ccd-lea-2007
2007,0899080,9025,EAST CENTRAL BOCES,3.0,2.0,0.0,0.0,1.0,,,ccd-lea-2007
2007,0804320,1350,EAST GRAND SCHOOL DISTRICT NO. 2,104.0,4.0,11.0,47.0,42.0,,1415,ccd-lea-2007
2007,0805130,2520,EAST OTERO SCHOOL DISTRICT NO. R1,94.0,,7.0,41.0,45.0,,1382,ccd-lea-2007
2007,0803630,1120,"EDISON, JOINT DISTRICT NO. 54 OF THE COUNTIES OF EL PASO AND",12.0,0.0,1.0,4.0,6.0,,165,ccd-lea-2007
2007,0803690,0950,ELBERT SCHOOL DISTRICT NO. 200,21.0,1.0,1.0,8.0,10.0,,252,ccd-lea-2007
2007,0803750,1050,"ELLICOTT, SCHOOL DISTRICT NO. 22, IN THE COUNTY OF EL PASO A",67.0,2.0,5.0,31.0,28.0,,955,ccd-lea-2007
2007,0803780,0120,"ENGLEWOOD, SCHOOL DISTRICT NO. 1, IN THE COUNTY OF ARAPAHOE",197.0,1.0,15.0,86.0,94.0,,3427,ccd-lea-2007
2007,0800004,9130,EXPEDITIONARY BOCES,20.0,,1.0,8.0,11.0,,343,ccd-lea-2007
2007,0803870,1110,"FALCON, SCHOOL DISTRICT NO. 49, IN THE COUNTY OF EL PASO AND",742.0,5.0,51.0,378.0,307.0,,12783,ccd-lea-2007
2007,0804080,1000,"FOUNTAIN, SCHOOL DISTRICT NO. 8, IN THE COUNTY OF EL PASO AN",381.0,9.0,29.0,199.0,142.0,,6584,ccd-lea-2007
2007,0804110,2540,FOWLER SCHOOL DISTRICT NO. R4J,32.0,,2.0,14.0,15.0,,388,ccd-lea-2007
2007,0802790,1140,FREMONT RE-1,245.0,,14.0,125.0,105.0,,3800,ccd-lea-2007
2007,0803960,1150,FREMONT RE-2,111.0,,8.0,55.0,47.0,,1701,ccd-lea-2007
2007,0803120,1160,FREMONT RE-3,22.0,,1.0,9.0,11.0,,273,ccd-lea-2007
2007,0806240,1195,GARFIELD SCHOOL DISTRICT NO. RE-2,216.0,5.0,14.0,111.0,85.0,,4403,ccd-lea-2007
2007,0804740,1780,GENOA-HUGO SCHOOL DISTRICT NO. C-113,18.0,,1.0,7.0,9.0,,208,ccd-lea-2007
2007,0804230,1330,GILPIN COUNTY SCHOOL DISTRICT NO. RE-1,33.0,4.0,1.0,12.0,14.0,,367,ccd-lea-2007
2007,0804290,2650,GRANADA SCHOOL DISTRICT NO. RE-1,25.0,,1.0,9.0,14.0,,261,ccd-lea-2007
2007,0804380,1220,"GRAND VALLEY, SCHOOL DISTRICT NO. 16, IN THE COUNTY OF GARFI",74.0,0.0,3.0,32.0,37.0,,1307,ccd-lea-2007
2007,0804410,3120,"GREELEY,SCHOOL DISTRICT NO. 6, IN THE COUNTY OF WELD AND STA",1076.0,13.0,80.0,533.0,449.0,,18397,ccd-lea-2007
2007,0804470,1360,GUNNISON WATERSHED SCHOOL DISTRICT RE1J,133.0,3.0,10.0,61.0,58.0,,1759,ccd-lea-2007
2007,0804500,1070,"HANOVER, SCHOOL DISTRICT NO. 28, IN THE COUNTY OF EL PASO AN",28.0,1.0,1.0,15.0,10.0,,301,ccd-lea-2007
2007,0804530,0980,"HARRISON, SCHOOL DISTRICT NO. 2, IN THE COUNTY OF EL PASO AN",752.0,4.0,62.0,389.0,296.0,,11167,ccd-lea-2007
2007,0804560,2630,"HAXTUN SCHOOL DISTRICT, NO. RE-2J",21.0,,1.0,9.0,10.0,,313,ccd-lea-2007
2007,0804590,2760,HAYDEN SCHOOL DISTRICT NO. RE 1,36.0,0.0,2.0,14.0,19.0,,459,ccd-lea-2007
2007,0806510,1460,HI-PLAINS R-23,14.0,0.0,0.0,5.0,7.0,,114,ccd-lea-2007
2007,0804620,1380,HINSDALE COUNTY SCHOOL DISTRICT NO. RE-1,10.0,0.0,0.0,4.0,5.0,,96,ccd-lea-2007
2007,0804650,1600,HOEHNE REORGANIZED SCHOOL DISTRICT NO. 3,26.0,,1.0,11.0,13.0,,337,ccd-lea-2007
2007,0804680,2670,HOLLY SCHOOL DISTRICT NO. RE-3,25.0,,1.0,12.0,12.0,,304,ccd-lea-2007
2007,0804710,2620,HOLYOKE SCHOOL DISTRICT NO. RE-1J,47.0,,4.0,19.0,23.0,,556,ccd-lea-2007
2007,0807080,1390,HUERFANO SCHOOL DISTRICT RE-1,46.0,1.0,2.0,24.0,18.0,,702,ccd-lea-2007
2007,0800018,3220,IDALIA RJ-3 SCHOOL DISTRICT,14.0,1.0,0.0,7.0,5.0,,157,ccd-lea-2007
2007,0804770,1540,IGNACIO SCHOOL DISTRICT NO. 11JT,62.0,,4.0,27.0,30.0,,811,ccd-lea-2007
2007,0804800,1420,JEFFERSON COUNTY SCHOOL DISTRICT NO. R-1,4889.0,13.0,247.0,2364.0,2264.0,,86168,ccd-lea-2007
2007,0804860,2862,JULESBURG SCHOOL DISTRICT NO. RE1,18.0,,1.0,9.0,8.0,,284,ccd-lea-2007
2007,0804890,1810,KARVAL SCHOOL DISTRICT NO. RE 23,17.0,0.0,0.0,4.0,12.0,,222,ccd-lea-2007
2007,0804980,1760,KIM REORGANIZED SCHOOL DISTRICT NO. 88,11.0,0.0,0.0,3.0,7.0,,63,ccd-lea-2007
2007,0803510,1430,KIOWA COUNTY SCHOOL DISTRICT NO. RE-1,20.0,0.0,1.0,8.0,9.0,,192,ccd-lea-2007
2007,0806930,1440,KIOWA COUNTY SCHOOL DISTRICT NO. RE-2,8.0,0.0,0.0,2.0,4.0,,61,ccd-lea-2007
2007,0805040,0510,KIT CARSON SCHOOL DISTRICT NO. R-1,15.0,,0.0,7.0,7.0,,101,ccd-lea-2007
2007,0805160,1400,LA VETA SCHOOL DISTRICT RE-2,23.0,0.0,1.0,8.0,13.0,,289,ccd-lea-2007
2007,0805190,1510,LAKE COUNTY SCHOOL DISTRICT NO. R-1,74.0,0.0,4.0,35.0,33.0,,1218,ccd-lea-2007
2007,0805220,2660,LAMAR SCHOOL DISTRICT NO. RE-2,116.0,3.0,9.0,55.0,47.0,,1676,ccd-lea-2007
2007,0805250,0290,LAS ANIMAS SCHOOL DISTRICT NO. RE-1,42.0,0.0,3.0,19.0,17.0,,544,ccd-lea-2007
2007,0805820,1080,"LEWIS-PALMER CONSOLIDATED, SCHOOL DISTRICT NO. 38, IN THE CO",411.0,3.0,24.0,185.0,197.0,,5865,ccd-lea-2007
2007,0800019,3230,LIBERTY J-4 SCHOOL DISTRICT,10.0,0.0,0.0,3.0,6.0,,99,ccd-lea-2007
2007,0805280,1790,"LIMON SCHOOL DISTRICT, NO. RE 4J",37.0,,2.0,16.0,18.0,,507,ccd-lea-2007
2007,0805310,0140,"LITTLETON, SCHOOL DISTRICT NO. 6, IN THE COUNTY OF ARAPAHOE",899.0,5.0,59.0,404.0,430.0,,15937,ccd-lea-2007
2007,0805340,3060,LONE STAR SCHOOL DISTRICT NO. 101,13.0,,1.0,5.0,7.0,,93,ccd-lea-2007
2007,0805460,2070,MANCOS SCHOOL DISTRICT RE-6,30.0,,2.0,14.0,13.0,,404,ccd-lea-2007
2007,0805490,1030,"MANITOU SPRINGS, SCHOOL DISTRICT NO. 14, IN THE COUNTY OF EL",93.0,1.0,4.0,40.0,46.0,,1378,ccd-lea-2007
2007,0805520,2535,"MANZANOLA, JOINT DISTRICT NO. 3J, OF THE COUNTIES OF OTERO A",20.0,,1.0,8.0,10.0,,219,ccd-lea-2007
2007,0805550,0010,"MAPLETON, SCHOOL DISTRICT NO. 1, IN THE COUNTY OF ADAMS & ST",295.0,10.0,18.0,141.0,125.0,,5493,ccd-lea-2007
2007,0805580,0310,MCCLAVE SCHOOL DISTRICT NO. RE-2,21.0,1.0,1.0,8.0,10.0,,266,ccd-lea-2007
2007,0805610,2710,MEEKER SCHOOL DISTRICT RE1,40.0,,1.0,19.0,19.0,,690,ccd-lea-2007
2007,0804350,2000,MESA COUNTY VALLEY SCHOOL DISTRICT NO. 51,1247.0,16.0,77.0,597.0,556.0,,21281,ccd-lea-2007
2007,0805670,1130,"MIAMI-YODER, JOINT DISTRICT NO. 60 OF THE COUNTIES OF EL PAS",25.0,1.0,1.0,10.0,12.0,,338,ccd-lea-2007
2007,0805730,2020,MOFFAT COUNTY SCHOOL DISTRICT RE: NO. 1,142.0,1.0,9.0,68.0,63.0,,2414,ccd-lea-2007
2007,0805700,2800,"MOFFAT, SCHOOL DISTRICT NO. 2, IN THE COUNTY OF SAGUACHE AND",24.0,0.0,1.0,10.0,11.0,,216,ccd-lea-2007
2007,0805760,2740,MONTE VISTA SCHOOL DISTRICT NO. C-8,85.0,1.0,7.0,36.0,40.0,,1200,ccd-lea-2007
2007,0803090,2035,MONTEZUMA-CORTEZ SCHOOL DISTRICT NO. RE-1,190.0,,10.0,93.0,87.0,,3028,ccd-lea-2007
2007,0805790,2180,MONTROSE COUNTY SCHOOL DISTRICT RE-1J,383.0,4.0,24.0,189.0,165.0,,6368,ccd-lea-2007
2007,0899160,9030,MOUNTAIN BOCES,20.0,1.0,0.0,6.0,12.0,,139,ccd-lea-2007
2007,0806300,2790,MOUNTAIN VALLEY SCHOOL DISTRICT NO. RE 1,17.0,1.0,1.0,8.0,6.0,,138,ccd-lea-2007
2007,0805100,0550,NORTH CONEJOS SCHOOL DISTRICT NO. RE1J,78.0,,5.0,35.0,36.0,,1130,ccd-lea-2007
2007,0807050,1410,NORTH PARK SCHOOL DISTRICT R-1,20.0,0.0,0.0,8.0,10.0,,218,ccd-lea-2007
2007,0899180,9040,NORTHEAST BOCES,3.0,2.0,,0.0,0.0,,,ccd-lea-2007
2007,0806900,0020,"NORTHGLENN-THORNTON, SCHOOL DISTRICT NO. 12, IN THE COUNTY O",1996.0,12.0,141.0,963.0,879.0,,38815,ccd-lea-2007
2007,0899220,9095,NORTHWEST COLO BOCES,9.0,4.0,0.0,1.0,4.0,,12,ccd-lea-2007
2007,0805880,2840,NORWOOD SCHOOL DISTRICT NO. R-2J,22.0,1.0,1.0,10.0,9.0,,296,ccd-lea-2007
2007,0805940,3050,OTIS SCHOOL DISTRICT NO. R-3,19.0,0.0,1.0,8.0,9.0,,202,ccd-lea-2007
2007,0805970,2580,"OURAY, SCHOOL DISTRICT NO. R-1, OF  THE COUNTY OF OURAY AND",25.0,0.0,1.0,8.0,14.0,,272,ccd-lea-2007
2007,0803840,2610,PARK COUNTY SCHOOL DISTRICT NO. RE-2,49.0,1.0,4.0,24.0,19.0,,628,ccd-lea-2007
2007,0803810,1570,PARK SCHOOL DISTRICT R-3,84.0,1.0,6.0,36.0,41.0,,1206,ccd-lea-2007
2007,0806060,1060,"PEYTON, SCHOOL DISTRICT NO. 23, IN THE COUNTY OF EL PASO AND",45.0,2.0,2.0,17.0,23.0,,689,ccd-lea-2007
2007,0899240,9045,PIKES PEAK BOCES,11.0,0.0,0.0,2.0,8.0,,,ccd-lea-2007
2007,0803030,1990,"PLATEAU VALLEY, SCHOOL DISTRICT NO. 50 IN THE COUNTY OF MESA",32.0,0.0,0.0,10.0,21.0,,479,ccd-lea-2007
2007,0802370,2600,"PLATTE CANYON, SCHOOL DISTRICT NO. 1, OF  THE COUNTY OF PARK",76.0,1.0,3.0,29.0,41.0,,1282,ccd-lea-2007
2007,0806000,2865,PLATTE VALLEY SCHOOL DISTRICT NO. RE3,17.0,,1.0,7.0,8.0,,106,ccd-lea-2007
2007,0803990,1550,POUDRE SCHOOL DISTRICT R-1,1481.0,28.0,101.0,680.0,670.0,,25599,ccd-lea-2007
2007,0807260,1590,PRIMERO REORGANIZED SCHOOL DISTRICT NO. 2,18.0,,1.0,8.0,8.0,,233,ccd-lea-2007
2007,0806090,0240,PRITCHETT SCHOOL DISTRICT NO. RE-3,11.0,0.0,0.0,4.0,6.0,,70,ccd-lea-2007
2007,0806150,2700,PUEBLO COUNTY RURAL SCHOOL DISTRICT NO. 70,464.0,3.0,28.0,227.0,204.0,,8798,ccd-lea-2007
2007,0806120,2690,"PUEBLO, SCHOOL DISTRICT NO. 60, IN THE COUNTY OF PUEBLO AND",1077.0,51.0,69.0,519.0,436.0,,18289,ccd-lea-2007
2007,0806180,2720,RANGELY SCHOOL DISTRICT RE4,31.0,,1.0,15.0,15.0,,495,ccd-lea-2007
2007,0806210,2590,"RIDGWAY, SCHOOL DISTRICT NO. R-2,  OF  THE COUNTY OF OURAY A",33.0,1.0,2.0,15.0,14.0,,348,ccd-lea-2007
2007,0899280,9125,RIO BLANCO BOCES,8.0,2.0,0.0,3.0,3.0,,,ccd-lea-2007
2007,0804260,1180,ROARING FORK SCHOOL DISTRICT NO. RE-1,366.0,15.0,30.0,163.0,156.0,,5149,ccd-lea-2007
2007,0806270,2530,ROCKY FORD SCHOOL DISTRICT NO. R2,62.0,,5.0,28.0,28.0,,850,ccd-lea-2007
2007,0806330,0500,SALIDA SCHOOL DISTRICT NO. R-32,79.0,,3.0,36.0,39.0,,1051,ccd-lea-2007
2007,0899300,9050,SAN JUAN BOCES,2.0,1.0,0.0,0.0,0.0,,,ccd-lea-2007
2007,0899320,9055,SAN LUIS VALLEY BOCES,18.0,6.0,0.0,5.0,5.0,,,ccd-lea-2007
2007,0806390,0560,"SANFORD, SCHOOL DISTRICT NO. 6, IN THE COUNTY OF CONEJOS AND",25.0,1.0,2.0,9.0,12.0,,354,ccd-lea-2007
2007,0806420,0110,"SANGRE DE CRISTO SCHOOL DISTRICT, NO. RE-22J",29.0,1.0,2.0,10.0,15.0,,330,ccd-lea-2007
2007,0800014,9150,SANTA FE TRAIL BOCES,5.0,1.0,0.0,2.0,2.0,,,ccd-lea-2007
2007,0806450,2750,SARGENT SCHOOL DISTRICT NO. RE-33J,31.0,,2.0,13.0,15.0,,471,ccd-lea-2007
2007,0801950,0030,SCHOOL DISTRICT N. 14 IN THE COUNTY OF ADAMS & STATE OF COLO,401.0,11.0,31.0,210.0,147.0,,6731,ccd-lea-2007
2007,0803360,0880,SCHOOL DISTRICT NO. 1 IN THE COUNTY OF DENVER AND STATE OF C,4141.0,171.0,342.0,2029.0,1599.0,,73053,ccd-lea-2007
2007,0806480,0990,SCHOOL DISTRICT NO. 3 IN THE COUNTY OF EL PASO AND STATE OF,520.0,8.0,36.0,241.0,234.0,,8481,ccd-lea-2007
2007,0803720,0920,"SCHOOL DISTRICT NO. C-1, IN THE COUNTY OF ELBERT AND STATE O",174.0,,7.0,80.0,86.0,,2963,ccd-lea-2007
2007,0805010,0930,SCHOOL DISTRICT NO. C-2 IN THE COUNTY OF ELBERT AND STATE OF,33.0,1.0,1.0,15.0,15.0,,368,ccd-lea-2007
2007,0806780,1480,SCHOOL DISTRICT NO. R-4 IN THE COUNTY OF KIT CARSON AND STAT,20.0,,1.0,8.0,10.0,,234,ccd-lea-2007
2007,0806690,1828,"SCHOOL DISTRICT NO. RE-1, VALLEY",154.0,1.0,7.0,74.0,70.0,,2501,ccd-lea-2007
2007,0806720,3147,SCHOOL DISTRICT NO. RE-11 IN THE COUNTY OF WELD AND STATE OF,17.0,0.0,1.0,7.0,8.0,,166,ccd-lea-2007
2007,0804440,3148,SCHOOL DISTRICT NO. RE-12 IN THE COUNTY OF WELD AND STATE OF,17.0,,1.0,7.0,8.0,,123,ccd-lea-2007
2007,0802610,2395,"SCHOOL DISTRICT NO. RE-2, BRUSH",105.0,4.0,5.0,48.0,47.0,,1552,ccd-lea-2007
2007,0807140,2505,"SCHOOL DISTRICT NO. RE-20, WELDON VALLEY",18.0,,1.0,7.0,9.0,,225,ccd-lea-2007
2007,0803930,1850,SCHOOL DISTRICT NO. RE-3 FRENCHMAN,20.0,1.0,1.0,8.0,9.0,,204,ccd-lea-2007
2007,0804050,2405,"SCHOOL DISTRICT NO. RE-3, FORT MORGAN",217.0,11.0,15.0,105.0,84.0,,3117,ccd-lea-2007
2007,0805640,1860,SCHOOL DISTRICT NO. RE-4 BUFFALO,24.0,,1.0,10.0,13.0,,321,ccd-lea-2007
2007,0806030,1870,SCHOOL DISTRICT NO. RE-5 PLATEAU,18.0,0.0,1.0,7.0,9.0,,158,ccd-lea-2007
2007,0807290,2515,"SCHOOL DISTRICT NO. RE-50, WIGGINS",37.0,0.0,2.0,17.0,16.0,,586,ccd-lea-2007
2007,0806540,0123,SHERIDAN SCHOOL DISTRICT NO. 2,100.0,0.0,11.0,43.0,44.0,,1519,ccd-lea-2007
2007,0804140,0740,SIERRA GRANDE SCHOOL DISTRICT NO. R-30,22.0,,1.0,9.0,11.0,,250,ccd-lea-2007
2007,0806570,2820,"SILVERTON, SCHOOL DISTRICT NO. 1, IN THE COUNTY OF SAN JUAN",10.0,,0.0,4.0,5.0,,64,ccd-lea-2007
2007,0899340,9060,SOUTH CENTRAL BOCES,5.0,1.0,0.0,0.0,3.0,,,ccd-lea-2007
2007,0802130,0580,SOUTH CONEJOS SCHOOL DISTRICT NO. RE10,26.0,,1.0,10.0,14.0,,279,ccd-lea-2007
2007,0805910,2780,SOUTH ROUTT SCHOOL DISTRICT NO. RE 3,33.0,,2.0,14.0,16.0,,431,ccd-lea-2007
2007,0899400,9075,SOUTHEASTERN BOCES,1.0,1.0,0.0,0.0,0.0,,,ccd-lea-2007
2007,0899420,9080,SOUTHWEST BOCES,6.0,0.0,0.0,0.0,5.0,,,ccd-lea-2007
2007,0806630,0250,SPRINGFIELD SCHOOL DISTRICT NO. RE-4,27.0,1.0,2.0,10.0,13.0,,305,ccd-lea-2007
2007,0805370,0470,ST. VRAIN VALLEY SCHOOL DISTRICT NO. RE1J,1357.0,10.0,95.0,687.0,563.0,,24582,ccd-lea-2007
2007,0806660,2770,STEAMBOAT SPRINGS SCHOOL DISTRICT NO. RE 2,142.0,,7.0,69.0,65.0,,2077,ccd-lea-2007
2007,0806750,0060,STRASBURG SCHOOL DISTRICT 31J,59.0,,5.0,24.0,29.0,,1006,ccd-lea-2007
2007,0806810,3000,SUMMIT SCHOOL DISTRICT NO. RE 1,211.0,7.0,21.0,102.0,80.0,,3060,ccd-lea-2007
2007,0806840,2570,"SWINK, SCHOOL DISTRICT NO. 33, IN THE COUNTY OF OTERO AND ST",30.0,,1.0,13.0,15.0,,369,ccd-lea-2007
2007,0806870,2830,TELLURIDE SCHOOL DISTRICT NO. R-1,60.0,,5.0,31.0,23.0,,715,ccd-lea-2007
2007,0805400,1560,THOMPSON SCHOOL DISTRICT R-2J,882.0,14.0,48.0,417.0,403.0,,15304,ccd-lea-2007
2007,0806960,1580,"TRINIDAD, SCHOOL DISTRICT 1, IN THE COUNTY OF LAS ANIMAS AND",87.0,,6.0,43.0,37.0,,1493,ccd-lea-2007
2007,0800013,9145,UNCOMPAHGRE BOCS,2.0,2.0,0.0,0.0,0.0,,,ccd-lea-2007
2007,0806990,0260,VILAS SCHOOL DISTRICT RE-5,61.0,0.0,3.0,22.0,35.0,,3789,ccd-lea-2007
2007,0807110,0230,WALSH SCHOOL DISTRICT NO. RE-1,19.0,0.0,1.0,9.0,7.0,,156,ccd-lea-2007
2007,0804200,3080,WELD COUNTY REORGANIZED SCHOOL DISTRICT NO. RE-1,156.0,,14.0,72.0,69.0,,1804,ccd-lea-2007
2007,0804920,3090,WELD COUNTY REORGANIZED SCHOOL DISTRICT NO. RE-3,149.0,3.0,9.0,66.0,71.0,,2105,ccd-lea-2007
2007,0807350,3100,WELD COUNTY REORGANIZED SCHOOL DISTRICT NO. RE-4,238.0,5.0,11.0,120.0,101.0,,3867,ccd-lea-2007
2007,0804020,3140,WELD COUNTY REORGANIZED SCHOOL DISTRICT NO. RE-8,150.0,6.0,8.0,70.0,64.0,,2433,ccd-lea-2007
2007,0803600,3085,WELD COUNTY SCHOOL DISTRICT NO. RE-2,99.0,,5.0,45.0,48.0,,1748,ccd-lea-2007
2007,0804830,3110,WELD COUNTY SCHOOL DISTRICT NO. RE-5J,163.0,4.0,7.0,88.0,62.0,,2900,ccd-lea-2007
2007,0804950,3130,WELD COUNTY SCHOOL DISTRICT NO. RE-7,81.0,0.0,4.0,37.0,38.0,,1126,ccd-lea-2007
2007,0802310,3145,WELD COUNTY SCHOOL DISTRICT NO. RE-9,60.0,,4.0,28.0,28.0,,832,ccd-lea-2007
2007,0805850,2190,WEST END SCHOOL DISTRICT NO. RE-2,27.0,1.0,1.0,12.0,12.0,,335,ccd-lea-2007
2007,0805070,1340,WEST GRAND SCHOOL DISTRICT NO. 1,36.0,,2.0,16.0,17.0,,480,ccd-lea-2007
2007,0807230,0070,"WESTMINSTER, SCHOOL DISTRICT NO. 50, IN THE COUNTY OF ADAMS",565.0,12.0,42.0,287.0,222.0,,9969,ccd-lea-2007
2007,0807320,2680,WILEY SCHOOL DISTRICT NO. RE-13 JT,27.0,2.0,1.0,9.0,14.0,,284,ccd-lea-2007
2007,0807380,3020,WOODLAND PARK SCHOOL DISTRICT NO. RE-2,179.0,5.0,11.0,74.0,89.0,,2989,ccd-lea-2007
2007,0807410,3070,WOODLIN SCHOOL DISTRICT NO. R-104,12.0,0.0,1.0,3.0,6.0,,101,ccd-lea-2007
2007,0800017,3210,WRAY RD-2 SCHOOL DISTRICT,51.0,1.0,4.0,24.0,21.0,,678,ccd-lea-2007
2007,0800016,3200,YUMA 1 SCHOOL DISTRICT,65.0,1.0,5.0,29.0,28.0,,826,ccd-lea-2007
2008,0801920,1040,"ACADEMY, SCHOOL DISTRICT NO. 20, IN THE COUNTY OF EL PASO AN",1335.0,15.0,79.0,601.0,639.0,,21917,ccd-lea-2008
2008,0800258,01010,ADAMS 1 MAPLETON,0.0,0.0,0.0,0.0,0.0,,,ccd-lea-2008
2008,0806900,0020,ADAMS 12 FIVE STAR SCHOOLS,2048.0,11.0,141.0,977.0,918.0,,40818,ccd-lea-2008
2008,0800268,01020,ADAMS 12 NORTHGLENN,0.0,0.0,0.0,0.0,0.0,,,ccd-lea-2008
2008,0800272,01030,ADAMS 14 COMMERCE CITY,0.0,0.0,0.0,0.0,0.0,,,ccd-lea-2008
2008,0800237,01040,ADAMS 27J BRIGHTON,0.0,0.0,0.0,0.0,0.0,,,ccd-lea-2008
2008,0800257,01070,ADAMS 50 WESTMINSTER,0.0,0.0,0.0,0.0,0.0,,,ccd-lea-2008
2008,0800009,9120,ADAMS COUNTY BOCES,0.0,0.0,0.0,0.0,0.0,,,ccd-lea-2008
2008,0800255,03060,ADAMS-ARAP 28J AURORA,0.0,0.0,0.0,0.0,0.0,,,ccd-lea-2008
2008,0801980,0960,AGATE SCHOOL DISTRICT NO. 300,10.0,0.0,0.0,4.0,5.0,,56,ccd-lea-2008
2008,0802010,1620,AGUILAR REORGANIZED SCHOOL DISTRICT NO. 6,15.0,1.0,1.0,6.0,7.0,,135,ccd-lea-2008
2008,0802040,3030,AKRON SCHOOL DISTRICT NO. R-1,29.0,0.0,1.0,11.0,16.0,,391,ccd-lea-2008
2008,0802070,0100,"ALAMOSA SCHOOL DISTRICT, NO. RE-11J",131.0,0.0,9.0,69.0,53.0,,2119,ccd-lea-2008
2008,0800273,03010,ARAPAHOE 1 ENGLEWOOD,0.0,0.0,0.0,0.0,0.0,,,ccd-lea-2008
2008,0800228,03020,ARAPAHOE 2 SHERIDAN,0.0,0.0,0.0,0.0,0.0,,,ccd-lea-2008
2008,0800247,03030,ARAPAHOE 5 CHERRY CREEK,0.0,0.0,0.0,0.0,0.0,,,ccd-lea-2008
2008,0800224,03040,ARAPAHOE 6 LITTLETON,0.0,0.0,0.0,0.0,0.0,,,ccd-lea-2008
2008,0802190,0220,ARCHULETA COUNTY SCHOOL DISTRICT NO. 50 JT,100.0,0.0,6.0,47.0,46.0,,1525,ccd-lea-2008
2008,0802220,3040,ARICKAREE SCHOOL DISTRICT NO. R-2,14.0,1.0,1.0,5.0,6.0,,123,ccd-lea-2008
2008,0802260,1450,ARRIBA-FLAGLER CONSOLIDATED SCHOOL DISTRICT NO. 20,17.0,0.0,1.0,7.0,8.0,,181,ccd-lea-2008
2008,0802280,2640,"ASPEN SCHOOL DISTRICT NO. 1, IN THE COUNTY OF PITKIN AND STA",136.0,0.0,10.0,62.0,63.0,,1656,ccd-lea-2008
2008,0802340,0180,"AURORA, JOINT DISTRICT NO. 28 OF THE COUNTIES OF ADAMS AND A",1864.0,11.0,140.0,956.0,755.0,,35523,ccd-lea-2008
2008,0802400,1530,BAYFIELD SCHOOL DISTRICT NO. 10JT-R,86.0,0.0,5.0,42.0,38.0,,1345,ccd-lea-2008
2008,0802430,0050,BENNETT SCHOOL DISTRICT NO. 29J,67.0,0.0,5.0,30.0,31.0,,1139,ccd-lea-2008
2008,0802460,1490,BETHUNE SCHOOL DISTRICT NO. R- 5,14.0,0.0,1.0,5.0,7.0,,129,ccd-lea-2008
2008,0806600,0940,BIG SANDY SCHOOL DISTRICT NO. 100J,29.0,0.0,1.0,11.0,16.0,,305,ccd-lea-2008
2008,0800263,07010,BOULDER RE-1J ST VRAIN,0.0,0.0,0.0,0.0,0.0,,,ccd-lea-2008
2008,0800227,07020,BOULDER RE-2 BOULDER,0.0,0.0,0.0,0.0,0.0,,,ccd-lea-2008
2008,0802490,0480,BOULDER VALLEY SCHOOL DISTRICT NO. RE2,1743.0,22.0,107.0,833.0,779.0,,28875,ccd-lea-2008
2008,0802520,1750,BRANSON REORGANIZED SCHOOL DISTRICT NO. 82,30.0,0.0,0.0,9.0,19.0,,513,ccd-lea-2008
2008,0802580,0040,BRIGHTON SCHOOL DISTRICT NO. 27J,744.0,26.0,53.0,365.0,298.0,,13742,ccd-lea-2008
2008,0802640,0490,BUENA VISTA SCHOOL DISTRICT NO. R-31,71.0,1.0,3.0,25.0,40.0,,992,ccd-lea-2008
2008,0802670,1500,BURLINGTON PUBLIC SCHOOL DISTRICT NO. RE-6J,54.0,0.0,4.0,23.0,26.0,,799,ccd-lea-2008
2008,0802700,0190,BYERS SCHOOL DISTRICT NO. 32J,33.0,0.0,2.0,16.0,15.0,,523,ccd-lea-2008
2008,0802730,0970,CALHAN DISTRICT NO. RJ1,44.0,2.0,2.0,22.0,17.0,,627,ccd-lea-2008
2008,0802760,0270,CAMPO SCHOOL DISTRICT NO. RE-6,9.0,0.0,0.0,3.0,5.0,,54,ccd-lea-2008
2008,0800226,64203,CENTENNIAL BOCES,0.0,0.0,0.0,0.0,0.0,,,ccd-lea-2008
2008,0899200,9035,CENTENNIAL BOCES,22.0,3.0,0.0,4.0,14.0,,135,ccd-lea-2008
2008,0806360,0640,CENTENNIAL SCHOOL DISTRICT NO. R-1,25.0,0.0,1.0,9.0,14.0,,217,ccd-lea-2008
2008,0802850,2810,"CENTER CONSOLIDATED SCHOOL DISTRICT NO. 26 JT., OF THE COUNT",41.0,0.0,4.0,20.0,17.0,,576,ccd-lea-2008
2008,0800020,8001,CHARTER SCHOOL INSTITUTE,323.0,0.0,35.0,170.0,117.0,,5728,ccd-lea-2008
2008,0800266,80010,CHARTER SCHOOL INSTITUTE,0.0,0.0,0.0,0.0,0.0,,,ccd-lea-2008
2008,0802880,2560,"CHERAW, SCHOOL DISTRICT NO. 31, IN THE COUNTY OF OTERO AND S",19.0,0.0,1.0,9.0,9.0,,208,ccd-lea-2008
2008,0802910,0130,"CHERRY CREEK, SCHOOL DISTRICT NO. 5, IN THE COUNTY OF ARAPAH",2949.0,25.0,174.0,1452.0,1297.0,,51199,ccd-lea-2008
2008,0800001,0520,CHEYENNE COUNTY SCHOOL DISTRICT NO. RE-5,21.0,1.0,1.0,8.0,10.0,,201,ccd-lea-2008
2008,0802940,1020,"CHEYENNE MOUNTAIN SCHOOL DISTRICT NO. 12, IN THE COUNTY OF E",291.0,3.0,18.0,145.0,124.0,,4643,ccd-lea-2008
2008,0802550,3146,"CHOOL DISTRICT NO. RE-10, IN THE COUNTY OF WELD AND STATE OF",17.0,0.0,0.0,7.0,9.0,,151,ccd-lea-2008
2008,0803000,0540,CLEAR CREEK SCHOOL DISTRICT NO. RE-1,63.0,0.0,4.0,32.0,27.0,,994,ccd-lea-2008
2008,0800244,66090,"CMHI, FORT LOGAN",0.0,0.0,0.0,0.0,0.0,,,ccd-lea-2008
2008,0800259,66060,"CMHI, PUEBLO",0.0,0.0,0.0,0.0,0.0,,,ccd-lea-2008
2008,0800023,9000,COLORADO SCHOOL FOR THE DEAF AND BLIND,0.0,0.0,0.0,0.0,0.0,,0,ccd-lea-2008
2008,0803060,1010,"COLORADO SPRINGS, SCHOOL DISTRICT NO. 11, IN THE COUNTY OF E",1835.0,26.0,151.0,914.0,743.0,,29323,ccd-lea-2008
2008,0803150,2010,"CREEDE CONSOLIDATED SCHOOL DISTRICT NO. 1, IN THE COUNTY OF",18.0,0.0,1.0,7.0,8.0,,115,ccd-lea-2008
2008,0803180,3010,CRIPPLE CREEK-VICTOR SCHOOL DISTRICT NO. RE-1,38.0,1.0,2.0,16.0,19.0,,459,ccd-lea-2008
2008,0803210,0770,CROWLEY COUNTY SCHOOL DISTRICT NO. RE-1-J,34.0,0.0,2.0,15.0,16.0,,486,ccd-lea-2008
2008,0800280,66050,CSDB,0.0,0.0,0.0,0.0,0.0,,,ccd-lea-2008
2008,0807200,0860,CUSTER COUNTY SCHOOL DISTRICT CONSOLIDATE 1,38.0,1.0,2.0,17.0,18.0,,514,ccd-lea-2008
2008,0803240,1980,"DE BEQUE, JOINT DISTRICT NO. 49 OF THE COUNTIES OF MESA AND",23.0,1.0,1.0,9.0,11.0,,164,ccd-lea-2008
2008,0803270,0170,DEER TRAIL SCHOOL DISTRICT NO. 26J,20.0,1.0,1.0,7.0,10.0,,172,ccd-lea-2008
2008,0803300,2730,DEL NORTE CONSOLIDATED SCHOOL DISTRICT NO. C-7,49.0,0.0,4.0,21.0,24.0,,565,ccd-lea-2008
2008,0800239,15010,DELTA 50J,0.0,0.0,0.0,0.0,0.0,,,ccd-lea-2008
2008,0803330,0870,DELTA COUNTY JOINT DISTRICT NO. 50,294.0,1.0,22.0,131.0,138.0,,5510,ccd-lea-2008
2008,0800004,9130,DENVER 1,22.0,0.0,1.0,8.0,11.0,,347,ccd-lea-2008
2008,0800245,16010,DENVER 1,0.0,0.0,0.0,0.0,0.0,,,ccd-lea-2008
2008,0800230,66070,DEPARTMENT OF CORRECTIONS,0.0,0.0,0.0,0.0,0.0,,,ccd-lea-2008
2008,0800232,66080,DIVISION OF YOUTH SERVICES,0.0,0.0,0.0,0.0,0.0,,,ccd-lea-2008
2008,0803420,0890,DOLORES COUNTY SCHOOL DISTRICT RE-2J,25.0,1.0,1.0,11.0,11.0,,293,ccd-lea-2008
2008,0803390,2055,DOLORES SCHOOL DISTRICT NO. RE-4A,50.0,0.0,2.0,22.0,25.0,,735,ccd-lea-2008
2008,0803450,0900,"DOUGLAS COUNTY SCHOOL DISTRICT, NO. RE 1",3132.0,22.0,191.0,1567.0,1351.0,,58723,ccd-lea-2008
2008,0800260,18010,DOUGLAS RE-1,0.0,0.0,0.0,0.0,0.0,,,ccd-lea-2008
2008,0803480,1520,DURANGO SCHOOL DISTRICT NO. 9-R,327.0,7.0,24.0,151.0,144.0,,4858,ccd-lea-2008
2008,0803540,0910,EAGLE COUNTY SCHOOL DISTRICT NO. RE 50,450.0,3.0,48.0,232.0,165.0,,6007,ccd-lea-2008
2008,0800234,64043,EAST CENTRAL BOCES,0.0,0.0,0.0,0.0,0.0,,,ccd-lea-2008
2008,0899080,9025,EAST CENTRAL BOCES,4.0,1.0,0.0,0.0,1.0,,,ccd-lea-2008
2008,0804320,1350,EAST GRAND SCHOOL DISTRICT NO. 2,112.0,5.0,10.0,52.0,44.0,,1464,ccd-lea-2008
2008,0805130,2520,EAST OTERO SCHOOL DISTRICT NO. R1,90.0,0.0,7.0,38.0,44.0,,1354,ccd-lea-2008
2008,0803630,1120,"EDISON, JOINT DISTRICT NO. 54 OF THE COUNTIES OF EL PASO AND",11.0,0.0,1.0,5.0,5.0,,199,ccd-lea-2008
2008,0800279,21050,EL PASO 11 COLO SPRINGS,0.0,0.0,0.0,0.0,0.0,,,ccd-lea-2008
2008,0800264,21060,"EL PASO 12, CHEYENNE MOUNTAIN",0.0,0.0,0.0,0.0,0.0,,,ccd-lea-2008
2008,0800236,21020,EL PASO 2 HARRISON,0.0,0.0,0.0,0.0,0.0,,,ccd-lea-2008
2008,0800225,21080,EL PASO 20 ACADEMY,0.0,0.0,0.0,0.0,0.0,,,ccd-lea-2008
2008,0800223,21030,EL PASO 3 WIDEFIELD,0.0,0.0,0.0,0.0,0.0,,,ccd-lea-2008
2008,0800231,21085,"EL PASO 38, LEWIS PALMER",0.0,0.0,0.0,0.0,0.0,,,ccd-lea-2008
2008,0800242,21090,EL PASO 49 FALCON,0.0,0.0,0.0,0.0,0.0,,,ccd-lea-2008
2008,0800220,21040,EL PASO 8 FOUNTAIN,0.0,0.0,0.0,0.0,0.0,,,ccd-lea-2008
2008,0803690,0950,ELBERT SCHOOL DISTRICT NO. 200,21.0,1.0,1.0,8.0,10.0,,274,ccd-lea-2008
2008,0803750,1050,"ELLICOTT, SCHOOL DISTRICT NO. 22, IN THE COUNTY OF EL PASO A",65.0,3.0,5.0,28.0,28.0,,869,ccd-lea-2008
2008,0803780,0120,"ENGLEWOOD, SCHOOL DISTRICT NO. 1, IN THE COUNTY OF ARAPAHOE",197.0,2.0,16.0,88.0,90.0,,3298,ccd-lea-2008
2008,0803870,1110,"FALCON, SCHOOL DISTRICT NO. 49, IN THE COUNTY OF EL PASO AND",804.0,9.0,61.0,407.0,325.0,,13616,ccd-lea-2008
2008,0800265,21490,FORT LUPTON/KEENESBURG,0.0,0.0,0.0,0.0,0.0,,,ccd-lea-2008
2008,0804080,1000,"FOUNTAIN, SCHOOL DISTRICT NO. 8, IN THE COUNTY OF EL PASO AN",405.0,10.0,31.0,213.0,149.0,,6835,ccd-lea-2008
2008,0804110,2540,FOWLER SCHOOL DISTRICT NO. R4J,33.0,0.0,2.0,15.0,15.0,,408,ccd-lea-2008
2008,0802790,1140,FREMONT RE-1,244.0,4.0,18.0,119.0,101.0,,3810,ccd-lea-2008
2008,0800233,22010,FREMONT RE-1 CANON CITY,0.0,0.0,0.0,0.0,0.0,,,ccd-lea-2008
2008,0803960,1150,FREMONT RE-2,112.0,4.0,6.0,51.0,50.0,,1631,ccd-lea-2008
2008,0803120,1160,FREMONT RE-3,22.0,0.0,1.0,8.0,12.0,,235,ccd-lea-2008
2008,0800015,9160,FRONT RANGE BOCES,0.0,0.0,0.0,0.0,0.0,,,ccd-lea-2008
2008,0806240,1195,GARFIELD SCHOOL DISTRICT NO. RE-2,280.0,10.0,24.0,137.0,108.0,,4848,ccd-lea-2008
2008,0804740,1780,GENOA-HUGO SCHOOL DISTRICT NO. C-113,17.0,0.0,1.0,7.0,8.0,,182,ccd-lea-2008
2008,0804230,1330,GILPIN COUNTY SCHOOL DISTRICT NO. RE-1,31.0,3.0,1.0,12.0,13.0,,357,ccd-lea-2008
2008,0804290,2650,GRANADA SCHOOL DISTRICT NO. RE-1,25.0,0.0,1.0,9.0,14.0,,251,ccd-lea-2008
2008,0800011,9135,GRAND VALLEY BOCES,0.0,0.0,0.0,0.0,0.0,,,ccd-lea-2008
2008,0804380,1220,"GRAND VALLEY, SCHOOL DISTRICT NO. 16, IN THE COUNTY OF GARFI",85.0,0.0,4.0,38.0,41.0,,1419,ccd-lea-2008
2008,0804410,3120,"GREELEY,SCHOOL DISTRICT NO. 6, IN THE COUNTY OF WELD AND STA",1057.0,23.0,83.0,525.0,425.0,,18920,ccd-lea-2008
2008,0800240,26011,GUNNISON RE-1J,0.0,0.0,0.0,0.0,0.0,,,ccd-lea-2008
2008,0804470,1360,GUNNISON WATERSHED SCHOOL DISTRICT RE1J,136.0,3.0,9.0,64.0,59.0,,1839,ccd-lea-2008
2008,0804500,1070,"HANOVER, SCHOOL DISTRICT NO. 28, IN THE COUNTY OF EL PASO AN",26.0,1.0,2.0,12.0,10.0,,263,ccd-lea-2008
2008,0804530,0980,"HARRISON, SCHOOL DISTRICT NO. 2, IN THE COUNTY OF EL PASO AN",779.0,3.0,72.0,391.0,312.0,,10921,ccd-lea-2008
2008,0804560,2630,"HAXTUN SCHOOL DISTRICT, NO. RE-2J",22.0,0.0,1.0,9.0,11.0,,291,ccd-lea-2008
2008,0804590,2760,HAYDEN SCHOOL DISTRICT NO. RE 1,36.0,0.0,2.0,15.0,18.0,,465,ccd-lea-2008
2008,0806510,1460,HI-PLAINS R-23,14.0,0.0,0.0,5.0,7.0,,124,ccd-lea-2008
2008,0804620,1380,HINSDALE COUNTY SCHOOL DISTRICT NO. RE-1,10.0,0.0,0.0,4.0,5.0,,103,ccd-lea-2008
2008,0804650,1600,HOEHNE REORGANIZED SCHOOL DISTRICT NO. 3,23.0,0.0,1.0,10.0,11.0,,335,ccd-lea-2008
2008,0804680,2670,HOLLY SCHOOL DISTRICT NO. RE-3,25.0,0.0,2.0,11.0,11.0,,299,ccd-lea-2008
2008,0804710,2620,HOLYOKE SCHOOL DISTRICT NO. RE-1J,48.0,0.0,5.0,20.0,22.0,,608,ccd-lea-2008
2008,0807080,1390,HUERFANO SCHOOL DISTRICT RE-1,49.0,3.0,1.0,23.0,21.0,,691,ccd-lea-2008
2008,0800018,3220,IDALIA RJ-3 SCHOOL DISTRICT,18.0,1.0,0.0,9.0,7.0,,160,ccd-lea-2008
2008,0804770,1540,IGNACIO SCHOOL DISTRICT NO. 11JT,65.0,0.0,5.0,28.0,31.0,,813,ccd-lea-2008
2008,0804800,1420,JEFFERSON COUNTY SCHOOL DISTRICT NO. R-1,4959.0,28.0,278.0,2374.0,2277.0,,85946,ccd-lea-2008
2008,0800222,30011,JEFFERSON R-1,0.0,0.0,0.0,0.0,0.0,,,ccd-lea-2008
2008,0804860,2862,JULESBURG SCHOOL DISTRICT NO. RE1,20.0,0.0,1.0,9.0,9.0,,811,ccd-lea-2008
2008,0804890,1810,KARVAL SCHOOL DISTRICT NO. RE 23,17.0,0.0,0.0,4.0,11.0,,257,ccd-lea-2008
2008,0804980,1760,KIM REORGANIZED SCHOOL DISTRICT NO. 88,9.0,0.0,0.0,3.0,5.0,,63,ccd-lea-2008
2008,0803510,1430,KIOWA COUNTY SCHOOL DISTRICT NO. RE-1,21.0,0.0,1.0,8.0,10.0,,202,ccd-lea-2008
2008,0806930,1440,KIOWA COUNTY SCHOOL DISTRICT NO. RE-2,10.0,1.0,1.0,3.0,4.0,,79,ccd-lea-2008
2008,0805040,0510,KIT CARSON SCHOOL DISTRICT NO. R-1,16.0,0.0,1.0,7.0,7.0,,103,ccd-lea-2008
2008,0805160,1400,LA VETA SCHOOL DISTRICT RE-2,24.0,1.0,1.0,8.0,14.0,,257,ccd-lea-2008
2008,0805190,1510,LAKE COUNTY SCHOOL DISTRICT NO. R-1,78.0,0.0,8.0,37.0,32.0,,1256,ccd-lea-2008
2008,0805220,2660,LAMAR SCHOOL DISTRICT NO. RE-2,118.0,3.0,9.0,57.0,47.0,,1686,ccd-lea-2008
2008,0800010,9110,LARIMER BOCES,0.0,0.0,0.0,0.0,0.0,,,ccd-lea-2008
2008,0800249,35010,LARIMER R-1 POUDRE,0.0,0.0,0.0,0.0,0.0,,,ccd-lea-2008
2008,0800251,35020,LARIMER R-2J THOMPSON,0.0,0.0,0.0,0.0,0.0,,,ccd-lea-2008
2008,0800267,35030,LARIMER R-3 PARK,0.0,0.0,0.0,0.0,0.0,,,ccd-lea-2008
2008,0805250,0290,LAS ANIMAS SCHOOL DISTRICT NO. RE-1,42.0,0.0,4.0,18.0,17.0,,594,ccd-lea-2008
2008,0805820,1080,"LEWIS-PALMER CONSOLIDATED, SCHOOL DISTRICT NO. 38, IN THE CO",330.0,3.0,18.0,140.0,168.0,,5817,ccd-lea-2008
2008,0800019,3230,LIBERTY J-4 SCHOOL DISTRICT,14.0,0.0,1.0,4.0,8.0,,88,ccd-lea-2008
2008,0805280,1790,"LIMON SCHOOL DISTRICT, NO. RE 4J",38.0,0.0,3.0,16.0,18.0,,494,ccd-lea-2008
2008,0805310,0140,"LITTLETON, SCHOOL DISTRICT NO. 6, IN THE COUNTY OF ARAPAHOE",917.0,3.0,62.0,420.0,430.0,,15869,ccd-lea-2008
2008,0800235,38010,LOGAN RE-1 VALLEY,0.0,0.0,0.0,0.0,0.0,,,ccd-lea-2008
2008,0805340,3060,LONE STAR SCHOOL DISTRICT NO. 101,15.0,0.0,1.0,5.0,8.0,,100,ccd-lea-2008
2008,0805460,2070,MANCOS SCHOOL DISTRICT RE-6,29.0,0.0,2.0,13.0,13.0,,368,ccd-lea-2008
2008,0805490,1030,"MANITOU SPRINGS, SCHOOL DISTRICT NO. 14, IN THE COUNTY OF EL",94.0,1.0,5.0,41.0,46.0,,1376,ccd-lea-2008
2008,0805520,2535,"MANZANOLA, JOINT DISTRICT NO. 3J, OF THE COUNTIES OF OTERO A",23.0,0.0,1.0,10.0,11.0,,169,ccd-lea-2008
2008,0805550,0010,"MAPLETON, SCHOOL DISTRICT NO. 1, IN THE COUNTY OF ADAMS & ST",300.0,11.0,18.0,152.0,117.0,,5794,ccd-lea-2008
2008,0805580,0310,MCCLAVE SCHOOL DISTRICT NO. RE-2,23.0,1.0,1.0,10.0,10.0,,280,ccd-lea-2008
2008,0805610,2710,MEEKER SCHOOL DISTRICT RE1,42.0,0.0,1.0,21.0,19.0,,725,ccd-lea-2008
2008,0800246,39031,MESA 51 GRAND JUNCTION,0.0,0.0,0.0,0.0,0.0,,,ccd-lea-2008
2008,0804350,2000,MESA COUNTY VALLEY SCHOOL DISTRICT NO. 51,1269.0,73.0,82.0,547.0,566.0,,22171,ccd-lea-2008
2008,0805670,1130,"MIAMI-YODER, JOINT DISTRICT NO. 60 OF THE COUNTIES OF EL PAS",21.0,0.0,1.0,9.0,10.0,,335,ccd-lea-2008
2008,0805730,2020,MOFFAT COUNTY SCHOOL DISTRICT RE: NO. 1,140.0,1.0,7.0,67.0,63.0,,2386,ccd-lea-2008
2008,0800254,41010,MOFFAT RE-1 CRAIG,0.0,0.0,0.0,0.0,0.0,,,ccd-lea-2008
2008,0805700,2800,"MOFFAT, SCHOOL DISTRICT NO. 2, IN THE COUNTY OF SAGUACHE AND",24.0,0.0,1.0,10.0,11.0,,210,ccd-lea-2008
2008,0805760,2740,MONTE VISTA SCHOOL DISTRICT NO. C-8,83.0,1.0,7.0,35.0,39.0,,1166,ccd-lea-2008
2008,0803090,2035,MONTEZUMA-CORTEZ SCHOOL DISTRICT NO. RE-1,198.0,0.0,8.0,98.0,90.0,,3085,ccd-lea-2008
2008,0805790,2180,MONTROSE COUNTY SCHOOL DISTRICT RE-1J,391.0,5.0,24.0,194.0,167.0,,6512,ccd-lea-2008
2008,0800269,43010,MONTROSE RE-1J,0.0,0.0,0.0,0.0,0.0,,,ccd-lea-2008
2008,0800243,44020,"MORGAN RE-3, FORT MORGAN",0.0,0.0,0.0,0.0,0.0,,,ccd-lea-2008
2008,0800238,64053,"MOUNT EVANS BOCES, IDAHO SPRIN",0.0,0.0,0.0,0.0,0.0,,,ccd-lea-2008
2008,0800274,64093,MOUNTAIN BOCES,0.0,0.0,0.0,0.0,0.0,,,ccd-lea-2008
2008,0899160,9030,MOUNTAIN BOCES,20.0,1.0,0.0,5.0,13.0,,154,ccd-lea-2008
2008,0806300,2790,MOUNTAIN VALLEY SCHOOL DISTRICT NO. RE 1,17.0,1.0,1.0,8.0,7.0,,127,ccd-lea-2008
2008,0800012,9140,MT EVANS BOCES,0.0,0.0,0.0,0.0,0.0,,,ccd-lea-2008
2008,0805100,0550,NORTH CONEJOS SCHOOL DISTRICT NO. RE1J,77.0,0.0,5.0,33.0,37.0,,1075,ccd-lea-2008
2008,0807050,1410,NORTH PARK SCHOOL DISTRICT R-1,22.0,1.0,1.0,10.0,10.0,,232,ccd-lea-2008
2008,0800229,64103,NORTHEAST BOCES,0.0,0.0,0.0,0.0,0.0,,,ccd-lea-2008
2008,0899180,9040,NORTHEAST BOCES,4.0,2.0,0.0,0.0,1.0,,,ccd-lea-2008
2008,0800248,64123,NORTHWEST BOCES,0.0,0.0,0.0,0.0,0.0,,,ccd-lea-2008
2008,0899220,9095,NORTHWEST COLO BOCES,4.0,3.0,0.0,0.0,0.0,,11,ccd-lea-2008
2008,0805880,2840,NORWOOD SCHOOL DISTRICT NO. R-2J,24.0,1.0,1.0,10.0,11.0,,300,ccd-lea-2008
2008,0805940,3050,OTIS SCHOOL DISTRICT NO. R-3,20.0,1.0,1.0,8.0,9.0,,192,ccd-lea-2008
2008,0805970,2580,"OURAY, SCHOOL DISTRICT NO. R-1, OF  THE COUNTY OF OURAY AND",25.0,0.0,1.0,8.0,14.0,,252,ccd-lea-2008
2008,0803840,2610,PARK COUNTY SCHOOL DISTRICT NO. RE-2,48.0,1.0,4.0,22.0,20.0,,598,ccd-lea-2008
2008,0803810,1570,PARK SCHOOL DISTRICT R-3,84.0,1.0,5.0,35.0,42.0,,1186,ccd-lea-2008
2008,0806060,1060,"PEYTON, SCHOOL DISTRICT NO. 23, IN THE COUNTY OF EL PASO AND",44.0,1.0,2.0,17.0,23.0,,652,ccd-lea-2008
2008,0800276,64133,PIKES PEAK BOCES,0.0,0.0,0.0,0.0,0.0,,,ccd-lea-2008
2008,0899240,9045,PIKES PEAK BOCES,9.0,0.0,0.0,3.0,5.0,,,ccd-lea-2008
2008,0803030,1990,"PLATEAU VALLEY, SCHOOL DISTRICT NO. 50 IN THE COUNTY OF MESA",35.0,0.0,1.0,12.0,21.0,,510,ccd-lea-2008
2008,0802370,2600,"PLATTE CANYON, SCHOOL DISTRICT NO. 1, OF  THE COUNTY OF PARK",78.0,1.0,5.0,30.0,40.0,,1301,ccd-lea-2008
2008,0806000,2865,PLATTE VALLEY SCHOOL DISTRICT NO. RE3,16.0,0.0,1.0,7.0,7.0,,108,ccd-lea-2008
2008,0803990,1550,POUDRE SCHOOL DISTRICT R-1,1531.0,33.0,102.0,703.0,690.0,,25960,ccd-lea-2008
2008,0807260,1590,PRIMERO REORGANIZED SCHOOL DISTRICT NO. 2,23.0,0.0,1.0,10.0,11.0,,213,ccd-lea-2008
2008,0806090,0240,PRITCHETT SCHOOL DISTRICT NO. RE-3,12.0,0.0,0.0,5.0,6.0,,72,ccd-lea-2008
2008,0800221,51010,PUEBLO 60 URBAN,0.0,0.0,0.0,0.0,0.0,,,ccd-lea-2008
2008,0800278,51020,PUEBLO 70 RURAL,0.0,0.0,0.0,0.0,0.0,,,ccd-lea-2008
2008,0806150,2700,PUEBLO COUNTY SCHOOL DISTRICT 70,488.0,4.0,25.0,237.0,221.0,,8901,ccd-lea-2008
2008,0806120,2690,"PUEBLO, SCHOOL DISTRICT NO. 60, IN THE COUNTY OF PUEBLO AND",1119.0,60.0,77.0,530.0,450.0,,18524,ccd-lea-2008
2008,0806180,2720,RANGELY SCHOOL DISTRICT RE4,31.0,0.0,1.0,16.0,14.0,,517,ccd-lea-2008
2008,0806210,2590,"RIDGWAY, SCHOOL DISTRICT NO. R-2,  OF  THE COUNTY OF OURAY A",38.0,2.0,2.0,15.0,17.0,,380,ccd-lea-2008
2008,0800277,64213,RIO BLANCO BOCES,0.0,0.0,0.0,0.0,0.0,,,ccd-lea-2008
2008,0899280,9125,RIO BLANCO BOCES,8.0,2.0,0.0,3.0,2.0,,,ccd-lea-2008
2008,0804260,1180,ROARING FORK SCHOOL DISTRICT NO. RE-1,379.0,12.0,30.0,174.0,161.0,,5311,ccd-lea-2008
2008,0806270,2530,ROCKY FORD SCHOOL DISTRICT NO. R2,63.0,0.0,5.0,29.0,28.0,,859,ccd-lea-2008
2008,0806330,0500,SALIDA SCHOOL DISTRICT NO. R-32,79.0,0.0,4.0,39.0,36.0,,1030,ccd-lea-2008
2008,0899300,9050,SAN JUAN BOCES,3.0,2.0,0.0,0.0,0.0,,,ccd-lea-2008
2008,0800253,64143,SAN JUAN BOCS,0.0,0.0,0.0,0.0,0.0,,,ccd-lea-2008
2008,0899320,9055,SAN LUIS VALLEY BOCES,14.0,4.0,0.0,5.0,4.0,,,ccd-lea-2008
2008,0800261,64153,SAN LUIS VALLEY BOCS,0.0,0.0,0.0,0.0,0.0,,,ccd-lea-2008
2008,0806390,0560,"SANFORD, SCHOOL DISTRICT NO. 6, IN THE COUNTY OF CONEJOS AND",24.0,1.0,1.0,10.0,11.0,,346,ccd-lea-2008
2008,0806420,0110,"SANGRE DE CRISTO SCHOOL DISTRICT, NO. RE-22J",28.0,1.0,1.0,10.0,15.0,,317,ccd-lea-2008
2008,0800014,9150,SANTA FE TRAIL BOCES,6.0,1.0,0.0,3.0,1.0,,,ccd-lea-2008
2008,0800271,64160,SANTA FE TRAIL BOCES,0.0,0.0,0.0,0.0,0.0,,,ccd-lea-2008
2008,0806450,2750,SARGENT SCHOOL DISTRICT NO. RE-33J,33.0,0.0,2.0,14.0,16.0,,466,ccd-lea-2008
2008,0801950,0030,SCHOOL DISTRICT N. 14 IN THE COUNTY OF ADAMS & STATE OF COLO,400.0,15.0,37.0,205.0,141.0,,7058,ccd-lea-2008
2008,0803360,0880,SCHOOL DISTRICT NO. 1 IN THE COUNTY OF DENVER AND STATE OF C,4355.0,259.0,369.0,2092.0,1633.0,,74189,ccd-lea-2008
2008,0806480,0990,SCHOOL DISTRICT NO. 3 IN THE COUNTY OF EL PASO AND STATE OF,524.0,10.0,40.0,239.0,234.0,,8504,ccd-lea-2008
2008,0803720,0920,"SCHOOL DISTRICT NO. C-1, IN THE COUNTY OF ELBERT AND STATE O",173.0,0.0,7.0,81.0,84.0,,2817,ccd-lea-2008
2008,0805010,0930,SCHOOL DISTRICT NO. C-2 IN THE COUNTY OF ELBERT AND STATE OF,33.0,1.0,1.0,15.0,15.0,,376,ccd-lea-2008
2008,0806780,1480,SCHOOL DISTRICT NO. R-4 IN THE COUNTY OF KIT CARSON AND STAT,20.0,0.0,1.0,8.0,10.0,,207,ccd-lea-2008
2008,0806690,1828,"SCHOOL DISTRICT NO. RE-1, VALLEY",154.0,0.0,7.0,74.0,72.0,,2479,ccd-lea-2008
2008,0806720,3147,SCHOOL DISTRICT NO. RE-11 IN THE COUNTY OF WELD AND STATE OF,17.0,0.0,1.0,6.0,8.0,,158,ccd-lea-2008
2008,0804440,3148,SCHOOL DISTRICT NO. RE-12 IN THE COUNTY OF WELD AND STATE OF,17.0,0.0,1.0,6.0,9.0,,106,ccd-lea-2008
2008,0802610,2395,"SCHOOL DISTRICT NO. RE-2, BRUSH",107.0,4.0,9.0,47.0,46.0,,1530,ccd-lea-2008
2008,0807140,2505,"SCHOOL DISTRICT NO. RE-20, WELDON VALLEY",18.0,0.0,1.0,7.0,9.0,,221,ccd-lea-2008
2008,0803930,1850,SCHOOL DISTRICT NO. RE-3 FRENCHMAN,20.0,1.0,1.0,8.0,9.0,,199,ccd-lea-2008
2008,0804050,2405,"SCHOOL DISTRICT NO. RE-3, FORT MORGAN",213.0,11.0,16.0,101.0,84.0,,3223,ccd-lea-2008
2008,0805640,1860,SCHOOL DISTRICT NO. RE-4 BUFFALO,24.0,0.0,1.0,10.0,12.0,,294,ccd-lea-2008
2008,0806030,1870,SCHOOL DISTRICT NO. RE-5 PLATEAU,18.0,0.0,1.0,7.0,8.0,,164,ccd-lea-2008
2008,0807290,2515,"SCHOOL DISTRICT NO. RE-50, WIGGINS",38.0,0.0,2.0,17.0,18.0,,563,ccd-lea-2008
2008,0806540,0123,SHERIDAN SCHOOL DISTRICT NO. 2,95.0,1.0,9.0,44.0,40.0,,1640,ccd-lea-2008
2008,0804140,0740,SIERRA GRANDE SCHOOL DISTRICT NO. R-30,23.0,0.0,2.0,9.0,11.0,,240,ccd-lea-2008
2008,0806570,2820,"SILVERTON, SCHOOL DISTRICT NO. 1, IN THE COUNTY OF SAN JUAN",7.0,0.0,1.0,3.0,2.0,,64,ccd-lea-2008
2008,0800241,64163,SOUTH CENTRAL BOCES,0.0,0.0,0.0,0.0,0.0,,,ccd-lea-2008
2008,0899340,9060,SOUTH CENTRAL BOCES,6.0,2.0,0.0,0.0,2.0,,,ccd-lea-2008
2008,0802130,0580,SOUTH CONEJOS SCHOOL DISTRICT NO. RE10,26.0,0.0,1.0,10.0,14.0,,268,ccd-lea-2008
2008,0805910,2780,SOUTH ROUTT SCHOOL DISTRICT NO. RE 3,33.0,0.0,3.0,14.0,15.0,,442,ccd-lea-2008
2008,0800256,64193,SOUTHEASTERN BOCES,0.0,0.0,0.0,0.0,0.0,,,ccd-lea-2008
2008,0899400,9075,SOUTHEASTERN BOCES,1.0,0.0,0.0,0.0,0.0,,,ccd-lea-2008
2008,0899420,9080,SOUTHWEST BOCES,6.0,0.0,0.0,0.0,5.0,,,ccd-lea-2008
2008,0800252,64083,SOUTHWEST BOCS,0.0,0.0,0.0,0.0,0.0,,,ccd-lea-2008
2008,0806630,0250,SPRINGFIELD SCHOOL DISTRICT NO. RE-4,27.0,1.0,1.0,11.0,13.0,,304,ccd-lea-2008
2008,0805370,0470,ST. VRAIN VALLEY SCHOOL DISTRICT NO. RE1J,1358.0,20.0,104.0,684.0,548.0,,25751,ccd-lea-2008
2008,0806660,2770,STEAMBOAT SPRINGS SCHOOL DISTRICT NO. RE 2,151.0,0.0,9.0,71.0,70.0,,2142,ccd-lea-2008
2008,0806750,0060,STRASBURG SCHOOL DISTRICT 31J,60.0,0.0,5.0,25.0,29.0,,1009,ccd-lea-2008
2008,0806810,3000,SUMMIT SCHOOL DISTRICT NO. RE 1,205.0,5.0,18.0,105.0,75.0,,3067,ccd-lea-2008
2008,0806840,2570,"SWINK, SCHOOL DISTRICT NO. 33, IN THE COUNTY OF OTERO AND ST",30.0,0.0,1.0,13.0,15.0,,374,ccd-lea-2008
2008,0806870,2830,TELLURIDE SCHOOL DISTRICT NO. R-1,62.0,0.0,5.0,32.0,24.0,,710,ccd-lea-2008
2008,0805400,1560,THOMPSON SCHOOL DISTRICT R-2J,898.0,15.0,51.0,428.0,403.0,,15332,ccd-lea-2008
2008,0806960,1580,"TRINIDAD, SCHOOL DISTRICT 1, IN THE COUNTY OF LAS ANIMAS AND",89.0,0.0,7.0,44.0,36.0,,1540,ccd-lea-2008
2008,0800262,64200,"UNCOMPAHGRE BOCES, RIDGWAY",0.0,0.0,0.0,0.0,0.0,,,ccd-lea-2008
2008,0800013,9145,UNCOMPAHGRE BOCS,2.0,1.0,0.0,0.0,0.0,,,ccd-lea-2008
2008,0800022,9165,UTE PASS BOCES,0.0,0.0,0.0,0.0,0.0,,,ccd-lea-2008
2008,0800275,64205,UTE PASS BOCES,0.0,0.0,0.0,0.0,0.0,,,ccd-lea-2008
2008,0806990,0260,VILAS SCHOOL DISTRICT RE-5,32.0,0.0,1.0,7.0,23.0,,487,ccd-lea-2008
2008,0807110,0230,WALSH SCHOOL DISTRICT NO. RE-1,18.0,0.0,1.0,8.0,9.0,,155,ccd-lea-2008
2008,0800270,62060,WELD 6 GREELEY,0.0,0.0,0.0,0.0,0.0,,,ccd-lea-2008
2008,0804200,3080,WELD COUNTY REORGANIZED SCHOOL DISTRICT NO. RE-1,146.0,0.0,11.0,69.0,65.0,,1769,ccd-lea-2008
2008,0804920,3090,WELD COUNTY REORGANIZED SCHOOL DISTRICT NO. RE-3,151.0,3.0,8.0,67.0,72.0,,2157,ccd-lea-2008
2008,0807350,3100,WELD COUNTY REORGANIZED SCHOOL DISTRICT NO. RE-4,253.0,5.0,17.0,126.0,104.0,,3965,ccd-lea-2008
2008,0804020,3140,WELD COUNTY REORGANIZED SCHOOL DISTRICT NO. RE-8,146.0,6.0,11.0,69.0,59.0,,2428,ccd-lea-2008
2008,0803600,3085,WELD COUNTY SCHOOL DISTRICT NO. RE-2,109.0,0.0,9.0,48.0,51.0,,1696,ccd-lea-2008
2008,0804830,3110,WELD COUNTY SCHOOL DISTRICT NO. RE-5J,173.0,4.0,7.0,94.0,67.0,,3055,ccd-lea-2008
2008,0804950,3130,WELD COUNTY SCHOOL DISTRICT NO. RE-7,81.0,0.0,4.0,37.0,38.0,,1137,ccd-lea-2008
2008,0802310,3145,WELD COUNTY SCHOOL DISTRICT NO. RE-9,58.0,0.0,4.0,26.0,27.0,,842,ccd-lea-2008
2008,0800250,62040,WELD RE-4 WINDSOR,0.0,0.0,0.0,0.0,0.0,,,ccd-lea-2008
2008,0805850,2190,WEST END SCHOOL DISTRICT NO. RE-2,27.0,0.0,1.0,12.0,13.0,,345,ccd-lea-2008
2008,0805070,1340,WEST GRAND SCHOOL DISTRICT NO. 1,35.0,0.0,2.0,15.0,17.0,,457,ccd-lea-2008
2008,0807230,0070,"WESTMINSTER, SCHOOL DISTRICT NO. 50, IN THE COUNTY OF ADAMS",534.0,22.0,39.0,264.0,208.0,,9724,ccd-lea-2008
2008,0807320,2680,WILEY SCHOOL DISTRICT NO. RE-13 JT,26.0,2.0,1.0,8.0,14.0,,255,ccd-lea-2008
2008,0807380,3020,WOODLAND PARK SCHOOL DISTRICT NO. RE-2,191.0,6.0,11.0,81.0,91.0,,2883,ccd-lea-2008
2008,0807410,3070,WOODLIN SCHOOL DISTRICT NO. R-104,13.0,0.0,1.0,4.0,7.0,,99,ccd-lea-2008
2008,0800017,3210,WRAY RD-2 SCHOOL DISTRICT,49.0,1.0,4.0,23.0,20.0,,697,ccd-lea-2008
2008,0800016,3200,YUMA 1 SCHOOL DISTRICT,65.0,1.0,5.0,29.0,29.0,,836,ccd-lea-2008
2009,0801920,1040,"ACADEMY, SCHOOL DISTRICT NO. 20, IN THE COUNTY OF EL PASO AN",1376.0,15.0,82.0,621.0,655.0,,22620,ccd-lea-2009
2009,0800258,01010,ADAMS 1 MAPLETON,0.0,0.0,0.0,0.0,0.0,,0,ccd-lea-2009
2009,0806900,0020,ADAMS 12 FIVE STAR SCHOOLS,2078.0,11.0,138.0,984.0,943.0,,41949,ccd-lea-2009
2009,0800268,01020,ADAMS 12 NORTHGLENN,0.0,0.0,0.0,0.0,0.0,,0,ccd-lea-2009
2009,0800272,01030,ADAMS 14 COMMERCE CITY,0.0,0.0,0.0,0.0,0.0,,0,ccd-lea-2009
2009,0800237,01040,ADAMS 27J BRIGHTON,0.0,0.0,0.0,0.0,0.0,,0,ccd-lea-2009
2009,0800257,01070,ADAMS 50 WESTMINSTER,0.0,0.0,0.0,0.0,0.0,,0,ccd-lea-2009
2009,0800009,9120,ADAMS COUNTY BOCES,0.0,0.0,0.0,0.0,0.0,,,ccd-lea-2009
2009,0800255,03060,ADAMS-ARAP 28J AURORA,0.0,0.0,0.0,0.0,0.0,,0,ccd-lea-2009
2009,0801980,0960,AGATE SCHOOL DISTRICT NO. 300,8.0,0.0,0.0,3.0,5.0,,45,ccd-lea-2009
2009,0802010,1620,AGUILAR REORGANIZED SCHOOL DISTRICT NO. 6,15.0,1.0,0.0,7.0,6.0,,133,ccd-lea-2009
2009,0802040,3030,AKRON SCHOOL DISTRICT NO. R-1,29.0,0.0,1.0,12.0,16.0,,384,ccd-lea-2009
2009,0802070,0100,"ALAMOSA SCHOOL DISTRICT, NO. RE-11J",134.0,0.0,10.0,68.0,54.0,,2046,ccd-lea-2009
2009,0800273,03010,ARAPAHOE 1 ENGLEWOOD,0.0,0.0,0.0,0.0,0.0,,0,ccd-lea-2009
2009,0800228,03020,ARAPAHOE 2 SHERIDAN,0.0,0.0,0.0,0.0,0.0,,0,ccd-lea-2009
2009,0800247,03030,ARAPAHOE 5 CHERRY CREEK,0.0,0.0,0.0,0.0,0.0,,0,ccd-lea-2009
2009,0800224,03040,ARAPAHOE 6 LITTLETON,0.0,0.0,0.0,0.0,0.0,,0,ccd-lea-2009
2009,0802190,0220,ARCHULETA COUNTY SCHOOL DISTRICT NO. 50 JT,96.0,0.0,6.0,46.0,44.0,,1517,ccd-lea-2009
2009,0802220,3040,ARICKAREE SCHOOL DISTRICT NO. R-2,13.0,1.0,1.0,4.0,6.0,,113,ccd-lea-2009
2009,0802260,1450,ARRIBA-FLAGLER CONSOLIDATED SCHOOL DISTRICT NO. 20,17.0,0.0,1.0,7.0,8.0,,165,ccd-lea-2009
2009,0802280,2640,"ASPEN SCHOOL DISTRICT NO. 1, IN THE COUNTY OF PITKIN AND STA",136.0,1.0,9.0,61.0,64.0,,1698,ccd-lea-2009
2009,0802340,0180,"AURORA, JOINT DISTRICT NO. 28 OF THE COUNTIES OF ADAMS AND A",1907.0,11.0,170.0,967.0,758.0,,36967,ccd-lea-2009
2009,0802400,1530,BAYFIELD SCHOOL DISTRICT NO. 10JT-R,90.0,0.0,8.0,40.0,41.0,,1406,ccd-lea-2009
2009,0802430,0050,BENNETT SCHOOL DISTRICT NO. 29J,63.0,0.0,6.0,28.0,28.0,,1127,ccd-lea-2009
2009,0802460,1490,BETHUNE SCHOOL DISTRICT NO. R- 5,14.0,0.0,1.0,5.0,7.0,,126,ccd-lea-2009
2009,0806600,0940,BIG SANDY SCHOOL DISTRICT NO. 100J,27.0,0.0,1.0,11.0,14.0,,319,ccd-lea-2009
2009,0800263,07010,BOULDER RE-1J ST VRAIN,0.0,0.0,0.0,0.0,0.0,,0,ccd-lea-2009
2009,0800227,07020,BOULDER RE-2 BOULDER,0.0,0.0,0.0,0.0,0.0,,0,ccd-lea-2009
2009,0802490,0480,BOULDER VALLEY SCHOOL DISTRICT NO. RE2,1716.0,25.0,105.0,835.0,750.0,,29011,ccd-lea-2009
2009,0802520,1750,BRANSON REORGANIZED SCHOOL DISTRICT NO. 82,28.0,0.0,1.0,9.0,17.0,,493,ccd-lea-2009
2009,0802580,0040,BRIGHTON SCHOOL DISTRICT NO. 27J,763.0,35.0,62.0,370.0,295.0,,14485,ccd-lea-2009
2009,0802640,0490,BUENA VISTA SCHOOL DISTRICT NO. R-31,71.0,1.0,3.0,27.0,39.0,,969,ccd-lea-2009
2009,0802670,1500,BURLINGTON PUBLIC SCHOOL DISTRICT NO. RE-6J,51.0,0.0,3.0,21.0,26.0,,819,ccd-lea-2009
2009,0802700,0190,BYERS SCHOOL DISTRICT NO. 32J,34.0,0.0,2.0,15.0,16.0,,480,ccd-lea-2009
2009,0802730,0970,CALHAN DISTRICT NO. RJ1,43.0,2.0,2.0,24.0,14.0,,639,ccd-lea-2009
2009,0802760,0270,CAMPO SCHOOL DISTRICT NO. RE-6,8.0,0.0,0.0,3.0,4.0,,49,ccd-lea-2009
2009,0800226,64203,CENTENNIAL BOCES,0.0,0.0,0.0,0.0,0.0,,0,ccd-lea-2009
2009,0899200,9035,CENTENNIAL BOCES,13.0,3.0,0.0,4.0,5.0,,,ccd-lea-2009
2009,0806360,0640,CENTENNIAL SCHOOL DISTRICT NO. R-1,18.0,1.0,0.0,6.0,10.0,,220,ccd-lea-2009
2009,0802850,2810,"CENTER CONSOLIDATED SCHOOL DISTRICT NO. 26 JT., OF THE COUNT",43.0,0.0,4.0,20.0,19.0,,605,ccd-lea-2009
2009,0800020,8001,CHARTER SCHOOL INSTITUTE,372.0,0.0,37.0,186.0,147.0,,6581,ccd-lea-2009
2009,0800266,80010,CHARTER SCHOOL INSTITUTE,0.0,0.0,0.0,0.0,0.0,,0,ccd-lea-2009
2009,0802880,2560,"CHERAW, SCHOOL DISTRICT NO. 31, IN THE COUNTY OF OTERO AND S",21.0,0.0,1.0,9.0,9.0,,210,ccd-lea-2009
2009,0802910,0130,"CHERRY CREEK, SCHOOL DISTRICT NO. 5, IN THE COUNTY OF ARAPAH",2958.0,20.0,167.0,1456.0,1314.0,,51786,ccd-lea-2009
2009,0800001,0520,CHEYENNE COUNTY SCHOOL DISTRICT NO. RE-5,21.0,1.0,1.0,10.0,8.0,,189,ccd-lea-2009
2009,0802940,1020,"CHEYENNE MOUNTAIN SCHOOL DISTRICT NO. 12, IN THE COUNTY OF E",282.0,3.0,19.0,133.0,126.0,,4578,ccd-lea-2009
2009,0802550,3146,"CHOOL DISTRICT NO. RE-10, IN THE COUNTY OF WELD AND STATE OF",17.0,0.0,0.0,6.0,9.0,,161,ccd-lea-2009
2009,0803000,0540,CLEAR CREEK SCHOOL DISTRICT NO. RE-1,63.0,0.0,6.0,32.0,24.0,,974,ccd-lea-2009
2009,0800244,66090,"CMHI, FORT LOGAN",0.0,0.0,0.0,0.0,0.0,,,ccd-lea-2009
2009,0800259,66060,"CMHI, PUEBLO",0.0,0.0,0.0,0.0,0.0,,,ccd-lea-2009
2009,0800023,9000,COLORADO SCHOOL FOR THE DEAF AND BLIND,0.0,0.0,0.0,0.0,0.0,,0,ccd-lea-2009
2009,0803060,1010,"COLORADO SPRINGS, SCHOOL DISTRICT NO. 11, IN THE COUNTY OF E",1732.0,22.0,156.0,860.0,693.0,,29673,ccd-lea-2009
2009,0803150,2010,CREED SCHOOL DISTRICT,18.0,0.0,1.0,7.0,8.0,,101,ccd-lea-2009
2009,0803180,3010,CRIPPLE CREEK-VICTOR SCHOOL DISTRICT NO. RE-1,37.0,2.0,1.0,14.0,19.0,,469,ccd-lea-2009
2009,0803210,0770,CROWLEY COUNTY SCHOOL DISTRICT NO. RE-1-J,33.0,0.0,2.0,14.0,16.0,,495,ccd-lea-2009
2009,0800280,66050,CSDB,0.0,0.0,0.0,0.0,0.0,,,ccd-lea-2009
2009,0807200,0860,CUSTER COUNTY SCHOOL DISTRICT CONSOLIDATE 1,39.0,1.0,2.0,17.0,18.0,,489,ccd-lea-2009
2009,0803240,1980,"DE BEQUE, JOINT DISTRICT NO. 49 OF THE COUNTIES OF MESA AND",22.0,1.0,1.0,9.0,9.0,,160,ccd-lea-2009
2009,0803270,0170,DEER TRAIL SCHOOL DISTRICT NO. 26J,20.0,1.0,1.0,7.0,10.0,,165,ccd-lea-2009
2009,0803300,2730,DEL NORTE CONSOLIDATED SCHOOL DISTRICT NO. C-7,48.0,0.0,3.0,21.0,23.0,,597,ccd-lea-2009
2009,0800239,15010,DELTA 50J,0.0,0.0,0.0,0.0,0.0,,0,ccd-lea-2009
2009,0803330,0870,DELTA COUNTY JOINT DISTRICT NO. 50,299.0,1.0,21.0,136.0,139.0,,5337,ccd-lea-2009
2009,0800004,9130,DENVER 1,22.0,0.0,1.0,9.0,11.0,,351,ccd-lea-2009
2009,0800245,16010,DENVER 1,0.0,0.0,0.0,0.0,0.0,,0,ccd-lea-2009
2009,0800230,66070,DEPARTMENT OF CORRECTIONS,0.0,0.0,0.0,0.0,0.0,,,ccd-lea-2009
2009,0800232,66080,DIVISION OF YOUTH SERVICES,0.0,0.0,0.0,0.0,0.0,,,ccd-lea-2009
2009,0803420,0890,DOLORES COUNTY SCHOOL DISTRICT RE-2J,24.0,1.0,1.0,10.0,11.0,,291,ccd-lea-2009
2009,0803390,2055,DOLORES SCHOOL DISTRICT NO. RE-4A,51.0,0.0,3.0,23.0,25.0,,710,ccd-lea-2009
2009,0803450,0900,"DOUGLAS COUNTY SCHOOL DISTRICT, NO. RE 1",3089.0,21.0,185.0,1541.0,1339.0,,59932,ccd-lea-2009
2009,0800260,18010,DOUGLAS RE-1,0.0,0.0,0.0,0.0,0.0,,0,ccd-lea-2009
2009,0803480,1520,DURANGO SCHOOL DISTRICT NO. 9-R,303.0,7.0,20.0,146.0,128.0,,4699,ccd-lea-2009
2009,0803540,0910,EAGLE COUNTY SCHOOL DISTRICT NO. RE 50,464.0,5.0,46.0,243.0,168.0,,6244,ccd-lea-2009
2009,0800234,64043,EAST CENTRAL BOCES,0.0,0.0,0.0,0.0,0.0,,0,ccd-lea-2009
2009,0899080,9025,EAST CENTRAL BOCES,6.0,1.0,0.0,1.0,2.0,,,ccd-lea-2009
2009,0804320,1350,EAST GRAND SCHOOL DISTRICT NO. 2,108.0,3.0,10.0,50.0,43.0,,1438,ccd-lea-2009
2009,0805130,2520,EAST OTERO SCHOOL DISTRICT NO. R1,89.0,0.0,6.0,41.0,41.0,,1318,ccd-lea-2009
2009,0803630,1120,"EDISON, JOINT DISTRICT NO. 54 OF THE COUNTIES OF EL PASO AND",12.0,0.0,0.0,5.0,6.0,,305,ccd-lea-2009
2009,0800279,21050,EL PASO 11 COLO SPRINGS,0.0,0.0,0.0,0.0,0.0,,0,ccd-lea-2009
2009,0800264,21060,"EL PASO 12, CHEYENNE MOUNTAIN",0.0,0.0,0.0,0.0,0.0,,0,ccd-lea-2009
2009,0800236,21020,EL PASO 2 HARRISON,0.0,0.0,0.0,0.0,0.0,,0,ccd-lea-2009
2009,0800225,21080,EL PASO 20 ACADEMY,0.0,0.0,0.0,0.0,0.0,,0,ccd-lea-2009
2009,0800223,21030,EL PASO 3 WIDEFIELD,0.0,0.0,0.0,0.0,0.0,,0,ccd-lea-2009
2009,0800231,21085,"EL PASO 38, LEWIS PALMER",0.0,0.0,0.0,0.0,0.0,,0,ccd-lea-2009
2009,0800242,21090,EL PASO 49 FALCON,0.0,0.0,0.0,0.0,0.0,,0,ccd-lea-2009
2009,0800220,21040,EL PASO 8 FOUNTAIN,0.0,0.0,0.0,0.0,0.0,,0,ccd-lea-2009
2009,0803690,0950,ELBERT SCHOOL DISTRICT NO. 200,22.0,1.0,1.0,9.0,11.0,,239,ccd-lea-2009
2009,0803750,1050,"ELLICOTT, SCHOOL DISTRICT NO. 22, IN THE COUNTY OF EL PASO A",62.0,3.0,5.0,28.0,25.0,,896,ccd-lea-2009
2009,0803780,0120,"ENGLEWOOD, SCHOOL DISTRICT NO. 1, IN THE COUNTY OF ARAPAHOE",188.0,0.0,16.0,83.0,89.0,,3124,ccd-lea-2009
2009,0803870,1110,"FALCON, SCHOOL DISTRICT NO. 49, IN THE COUNTY OF EL PASO AND",849.0,11.0,65.0,431.0,340.0,,14398,ccd-lea-2009
2009,0800265,21490,FORT LUPTON/KEENESBURG,0.0,0.0,0.0,0.0,0.0,,0,ccd-lea-2009
2009,0804080,1000,"FOUNTAIN, SCHOOL DISTRICT NO. 8, IN THE COUNTY OF EL PASO AN",445.0,6.0,33.0,242.0,163.0,,7365,ccd-lea-2009
2009,0804110,2540,FOWLER SCHOOL DISTRICT NO. R4J,34.0,0.0,2.0,16.0,15.0,,402,ccd-lea-2009
2009,0802790,1140,FREMONT RE-1,232.0,4.0,19.0,114.0,94.0,,3699,ccd-lea-2009
2009,0800233,22010,FREMONT RE-1 CANON CITY,0.0,0.0,0.0,0.0,0.0,,0,ccd-lea-2009
2009,0803960,1150,FREMONT RE-2,107.0,0.0,8.0,46.0,52.0,,1623,ccd-lea-2009
2009,0803120,1160,FREMONT RE-3,21.0,0.0,1.0,8.0,11.0,,224,ccd-lea-2009
2009,0800015,9160,FRONT RANGE BOCES,0.0,0.0,0.0,0.0,0.0,,,ccd-lea-2009
2009,0806240,1195,GARFIELD SCHOOL DISTRICT NO. RE-2,281.0,7.0,24.0,138.0,111.0,,4935,ccd-lea-2009
2009,0804740,1780,GENOA-HUGO SCHOOL DISTRICT NO. C-113,18.0,0.0,1.0,7.0,9.0,,190,ccd-lea-2009
2009,0804230,1330,GILPIN COUNTY SCHOOL DISTRICT NO. RE-1,31.0,2.0,3.0,12.0,13.0,,361,ccd-lea-2009
2009,0804290,2650,GRANADA SCHOOL DISTRICT NO. RE-1,22.0,0.0,1.0,9.0,12.0,,243,ccd-lea-2009
2009,0800011,9135,GRAND VALLEY BOCES,0.0,0.0,0.0,0.0,0.0,,,ccd-lea-2009
2009,0804380,1220,"GRAND VALLEY, SCHOOL DISTRICT NO. 16, IN THE COUNTY OF GARFI",86.0,0.0,4.0,39.0,42.0,,1229,ccd-lea-2009
2009,0804410,3120,"GREELEY,SCHOOL DISTRICT NO. 6, IN THE COUNTY OF WELD AND STA",1104.0,26.0,77.0,549.0,450.0,,19151,ccd-lea-2009
2009,0800240,26011,GUNNISON RE-1J,0.0,0.0,0.0,0.0,0.0,,0,ccd-lea-2009
2009,0804470,1360,GUNNISON WATERSHED SCHOOL DISTRICT RE1J,141.0,3.0,11.0,66.0,60.0,,1818,ccd-lea-2009
2009,0804500,1070,"HANOVER, SCHOOL DISTRICT NO. 28, IN THE COUNTY OF EL PASO AN",25.0,1.0,2.0,11.0,10.0,,266,ccd-lea-2009
2009,0804530,0980,"HARRISON, SCHOOL DISTRICT NO. 2, IN THE COUNTY OF EL PASO AN",814.0,3.0,74.0,419.0,316.0,,11309,ccd-lea-2009
2009,0804560,2630,"HAXTUN SCHOOL DISTRICT, NO. RE-2J",23.0,0.0,1.0,10.0,11.0,,317,ccd-lea-2009
2009,0804590,2760,HAYDEN SCHOOL DISTRICT NO. RE 1,32.0,0.0,2.0,12.0,16.0,,438,ccd-lea-2009
2009,0806510,1460,HI-PLAINS R-23,15.0,0.0,1.0,5.0,7.0,,122,ccd-lea-2009
2009,0804620,1380,HINSDALE COUNTY SCHOOL DISTRICT NO. RE-1,10.0,0.0,0.0,4.0,5.0,,93,ccd-lea-2009
2009,0804650,1600,HOEHNE REORGANIZED SCHOOL DISTRICT NO. 3,22.0,0.0,1.0,9.0,10.0,,329,ccd-lea-2009
2009,0804680,2670,HOLLY SCHOOL DISTRICT NO. RE-3,26.0,0.0,1.0,12.0,11.0,,291,ccd-lea-2009
2009,0804710,2620,HOLYOKE SCHOOL DISTRICT NO. RE-1J,46.0,0.0,5.0,20.0,20.0,,631,ccd-lea-2009
2009,0807080,1390,HUERFANO SCHOOL DISTRICT RE-1,47.0,3.0,1.0,25.0,17.0,,620,ccd-lea-2009
2009,0800018,3220,IDALIA RJ-3 SCHOOL DISTRICT,15.0,1.0,1.0,7.0,5.0,,162,ccd-lea-2009
2009,0804770,1540,IGNACIO SCHOOL DISTRICT NO. 11JT,63.0,0.0,4.0,29.0,29.0,,797,ccd-lea-2009
2009,0804800,1420,JEFFERSON COUNTY SCHOOL DISTRICT NO. R-1,4891.0,37.0,302.0,2303.0,2247.0,,86282,ccd-lea-2009
2009,0800222,30011,JEFFERSON R-1,0.0,0.0,0.0,0.0,0.0,,0,ccd-lea-2009
2009,0804860,2862,JULESBURG SCHOOL DISTRICT NO. RE1,41.0,0.0,1.0,10.0,28.0,,1237,ccd-lea-2009
2009,0804890,1810,KARVAL SCHOOL DISTRICT NO. RE 23,18.0,0.0,0.0,5.0,12.0,,273,ccd-lea-2009
2009,0804980,1760,KIM REORGANIZED SCHOOL DISTRICT NO. 88,11.0,0.0,0.0,4.0,6.0,,61,ccd-lea-2009
2009,0803510,1430,KIOWA COUNTY SCHOOL DISTRICT NO. RE-1,18.0,0.0,1.0,8.0,9.0,,189,ccd-lea-2009
2009,0806930,1440,KIOWA COUNTY SCHOOL DISTRICT NO. RE-2,11.0,1.0,1.0,4.0,4.0,,83,ccd-lea-2009
2009,0805040,0510,KIT CARSON SCHOOL DISTRICT NO. R-1,16.0,0.0,1.0,7.0,7.0,,96,ccd-lea-2009
2009,0805160,1400,LA VETA SCHOOL DISTRICT RE-2,22.0,0.0,1.0,8.0,12.0,,254,ccd-lea-2009
2009,0805190,1510,LAKE COUNTY SCHOOL DISTRICT NO. R-1,78.0,0.0,8.0,34.0,34.0,,1208,ccd-lea-2009
2009,0805220,2660,LAMAR SCHOOL DISTRICT NO. RE-2,119.0,3.0,9.0,57.0,48.0,,1718,ccd-lea-2009
2009,0800010,9110,LARIMER BOCES,0.0,0.0,0.0,0.0,0.0,,,ccd-lea-2009
2009,0800249,35010,LARIMER R-1 POUDRE,0.0,0.0,0.0,0.0,0.0,,0,ccd-lea-2009
2009,0800251,35020,LARIMER R-2J THOMPSON,0.0,0.0,0.0,0.0,0.0,,0,ccd-lea-2009
2009,0800267,35030,LARIMER R-3 PARK,0.0,0.0,0.0,0.0,0.0,,0,ccd-lea-2009
2009,0805250,0290,LAS ANIMAS SCHOOL DISTRICT NO. RE-1,43.0,0.0,3.0,21.0,17.0,,592,ccd-lea-2009
2009,0805820,1080,"LEWIS-PALMER CONSOLIDATED, SCHOOL DISTRICT NO. 38, IN THE CO",322.0,3.0,17.0,135.0,166.0,,5950,ccd-lea-2009
2009,0800019,3230,LIBERTY J-4 SCHOOL DISTRICT,13.0,0.0,1.0,4.0,7.0,,89,ccd-lea-2009
2009,0805280,1790,"LIMON SCHOOL DISTRICT, NO. RE 4J",37.0,0.0,3.0,16.0,18.0,,448,ccd-lea-2009
2009,0805310,0140,"LITTLETON, SCHOOL DISTRICT NO. 6, IN THE COUNTY OF ARAPAHOE",886.0,3.0,59.0,405.0,417.0,,15753,ccd-lea-2009
2009,0800235,38010,LOGAN RE-1 VALLEY,0.0,0.0,0.0,0.0,0.0,,0,ccd-lea-2009
2009,0805340,3060,LONE STAR SCHOOL DISTRICT NO. 101,14.0,0.0,1.0,5.0,7.0,,118,ccd-lea-2009
2009,0805460,2070,MANCOS SCHOOL DISTRICT RE-6,30.0,0.0,1.0,16.0,12.0,,373,ccd-lea-2009
2009,0805490,1030,"MANITOU SPRINGS, SCHOOL DISTRICT NO. 14, IN THE COUNTY OF EL",95.0,1.0,5.0,40.0,48.0,,1405,ccd-lea-2009
2009,0805520,2535,"MANZANOLA, JOINT DISTRICT NO. 3J, OF THE COUNTIES OF OTERO A",21.0,0.0,1.0,9.0,11.0,,177,ccd-lea-2009
2009,0805550,0010,"MAPLETON, SCHOOL DISTRICT NO. 1, IN THE COUNTY OF ADAMS & ST",323.0,11.0,16.0,167.0,127.0,,5775,ccd-lea-2009
2009,0805580,0310,MCCLAVE SCHOOL DISTRICT NO. RE-2,21.0,1.0,1.0,9.0,9.0,,259,ccd-lea-2009
2009,0805610,2710,MEEKER SCHOOL DISTRICT RE1,42.0,0.0,1.0,20.0,19.0,,707,ccd-lea-2009
2009,0800246,39031,MESA 51 GRAND JUNCTION,0.0,0.0,0.0,0.0,0.0,,0,ccd-lea-2009
2009,0804350,2000,MESA COUNTY VALLEY SCHOOL DISTRICT NO. 51,1279.0,80.0,82.0,557.0,559.0,,22050,ccd-lea-2009
2009,0805670,1130,"MIAMI-YODER, JOINT DISTRICT NO. 60 OF THE COUNTIES OF EL PAS",24.0,0.0,1.0,10.0,12.0,,329,ccd-lea-2009
2009,0805730,2020,MOFFAT COUNTY SCHOOL DISTRICT RE: NO. 1,144.0,0.0,13.0,69.0,60.0,,2536,ccd-lea-2009
2009,0800254,41010,MOFFAT RE-1 CRAIG,0.0,0.0,0.0,0.0,0.0,,0,ccd-lea-2009
2009,0805700,2800,"MOFFAT, SCHOOL DISTRICT NO. 2, IN THE COUNTY OF SAGUACHE AND",27.0,0.0,1.0,11.0,13.0,,223,ccd-lea-2009
2009,0805760,2740,MONTE VISTA SCHOOL DISTRICT NO. C-8,80.0,1.0,6.0,34.0,37.0,,1181,ccd-lea-2009
2009,0803090,2035,MONTEZUMA-CORTEZ SCHOOL DISTRICT NO. RE-1,195.0,0.0,4.0,99.0,91.0,,2946,ccd-lea-2009
2009,0805790,2180,MONTROSE COUNTY SCHOOL DISTRICT RE-1J,382.0,4.0,24.0,188.0,165.0,,6521,ccd-lea-2009
2009,0800269,43010,MONTROSE RE-1J,0.0,0.0,0.0,0.0,0.0,,0,ccd-lea-2009
2009,0800243,44020,"MORGAN RE-3, FORT MORGAN",0.0,0.0,0.0,0.0,0.0,,0,ccd-lea-2009
2009,0800238,64053,"MOUNT EVANS BOCES, IDAHO SPRIN",0.0,0.0,0.0,0.0,0.0,,0,ccd-lea-2009
2009,0800274,64093,MOUNTAIN BOCES,0.0,0.0,0.0,0.0,0.0,,0,ccd-lea-2009
2009,0899160,9030,MOUNTAIN BOCES,21.0,0.0,1.0,6.0,13.0,,168,ccd-lea-2009
2009,0806300,2790,MOUNTAIN VALLEY SCHOOL DISTRICT NO. RE 1,17.0,1.0,1.0,8.0,6.0,,128,ccd-lea-2009
2009,0800012,9140,MT EVANS BOCES,0.0,0.0,0.0,0.0,0.0,,,ccd-lea-2009
2009,0805100,0550,NORTH CONEJOS SCHOOL DISTRICT NO. RE1J,75.0,0.0,5.0,31.0,38.0,,1051,ccd-lea-2009
2009,0807050,1410,NORTH PARK SCHOOL DISTRICT R-1,20.0,1.0,1.0,8.0,9.0,,230,ccd-lea-2009
2009,0800229,64103,NORTHEAST BOCES,0.0,0.0,0.0,0.0,0.0,,0,ccd-lea-2009
2009,0899180,9040,NORTHEAST BOCES,5.0,2.0,0.0,0.0,2.0,,,ccd-lea-2009
2009,0800248,64123,NORTHWEST BOCES,0.0,0.0,0.0,0.0,0.0,,0,ccd-lea-2009
2009,0899220,9095,NORTHWEST COLO BOCES,5.0,4.0,0.0,0.0,0.0,,26,ccd-lea-2009
2009,0805880,2840,NORWOOD SCHOOL DISTRICT NO. R-2J,24.0,1.0,2.0,10.0,11.0,,274,ccd-lea-2009
2009,0805940,3050,OTIS SCHOOL DISTRICT NO. R-3,20.0,0.0,1.0,8.0,9.0,,201,ccd-lea-2009
2009,0805970,2580,"OURAY, SCHOOL DISTRICT NO. R-1, OF  THE COUNTY OF OURAY AND",28.0,1.0,1.0,9.0,16.0,,230,ccd-lea-2009
2009,0803840,2610,PARK COUNTY SCHOOL DISTRICT NO. RE-2,48.0,2.0,3.0,22.0,19.0,,605,ccd-lea-2009
2009,0803810,1570,PARK SCHOOL DISTRICT R-3,87.0,1.0,6.0,36.0,42.0,,1210,ccd-lea-2009
2009,0806060,1060,"PEYTON, SCHOOL DISTRICT NO. 23, IN THE COUNTY OF EL PASO AND",41.0,2.0,2.0,15.0,21.0,,694,ccd-lea-2009
2009,0800276,64133,PIKES PEAK BOCES,0.0,0.0,0.0,0.0,0.0,,0,ccd-lea-2009
2009,0899240,9045,PIKES PEAK BOCES,9.0,0.0,0.0,4.0,4.0,,,ccd-lea-2009
2009,0803030,1990,"PLATEAU VALLEY, SCHOOL DISTRICT NO. 50 IN THE COUNTY OF MESA",35.0,1.0,1.0,12.0,20.0,,489,ccd-lea-2009
2009,0802370,2600,"PLATTE CANYON, SCHOOL DISTRICT NO. 1, OF  THE COUNTY OF PARK",74.0,1.0,5.0,31.0,37.0,,1248,ccd-lea-2009
2009,0806000,2865,PLATTE VALLEY SCHOOL DISTRICT NO. RE3,16.0,0.0,1.0,7.0,7.0,,115,ccd-lea-2009
2009,0803990,1550,POUDRE SCHOOL DISTRICT R-1,1556.0,34.0,112.0,727.0,681.0,,26520,ccd-lea-2009
2009,0807260,1590,PRIMERO REORGANIZED SCHOOL DISTRICT NO. 2,22.0,1.0,1.0,10.0,10.0,,231,ccd-lea-2009
2009,0806090,0240,PRITCHETT SCHOOL DISTRICT NO. RE-3,11.0,0.0,0.0,4.0,5.0,,72,ccd-lea-2009
2009,0800221,51010,PUEBLO 60 URBAN,0.0,0.0,0.0,0.0,0.0,,0,ccd-lea-2009
2009,0800278,51020,PUEBLO 70 RURAL,0.0,0.0,0.0,0.0,0.0,,0,ccd-lea-2009
2009,0806150,2700,PUEBLO COUNTY SCHOOL DISTRICT 70,485.0,6.0,25.0,238.0,215.0,,8929,ccd-lea-2009
2009,0806120,2690,"PUEBLO, SCHOOL DISTRICT NO. 60, IN THE COUNTY OF PUEBLO AND",1058.0,60.0,69.0,513.0,416.0,,18325,ccd-lea-2009
2009,0806180,2720,RANGELY SCHOOL DISTRICT RE4,31.0,0.0,1.0,16.0,13.0,,505,ccd-lea-2009
2009,0806210,2590,"RIDGWAY, SCHOOL DISTRICT NO. R-2,  OF  THE COUNTY OF OURAY A",34.0,1.0,2.0,13.0,17.0,,380,ccd-lea-2009
2009,0800277,64213,RIO BLANCO BOCES,0.0,0.0,0.0,0.0,0.0,,0,ccd-lea-2009
2009,0899280,9125,RIO BLANCO BOCES,8.0,1.0,0.0,4.0,2.0,,,ccd-lea-2009
2009,0804260,1180,ROARING FORK SCHOOL DISTRICT NO. RE-1,378.0,5.0,32.0,179.0,160.0,,5344,ccd-lea-2009
2009,0806270,2530,ROCKY FORD SCHOOL DISTRICT NO. R2,64.0,0.0,5.0,30.0,28.0,,878,ccd-lea-2009
2009,0806330,0500,SALIDA SCHOOL DISTRICT NO. R-32,85.0,0.0,4.0,39.0,40.0,,1085,ccd-lea-2009
2009,0899300,9050,SAN JUAN BOCES,2.0,2.0,0.0,0.0,0.0,,,ccd-lea-2009
2009,0800253,64143,SAN JUAN BOCS,0.0,0.0,0.0,0.0,0.0,,0,ccd-lea-2009
2009,0899320,9055,SAN LUIS VALLEY BOCES,17.0,4.0,0.0,5.0,6.0,,,ccd-lea-2009
2009,0800261,64153,SAN LUIS VALLEY BOCS,0.0,0.0,0.0,0.0,0.0,,0,ccd-lea-2009
2009,0806390,0560,"SANFORD, SCHOOL DISTRICT NO. 6, IN THE COUNTY OF CONEJOS AND",25.0,1.0,3.0,9.0,11.0,,340,ccd-lea-2009
2009,0806420,0110,"SANGRE DE CRISTO SCHOOL DISTRICT, NO. RE-22J",29.0,1.0,0.0,12.0,15.0,,323,ccd-lea-2009
2009,0800014,9150,SANTA FE TRAIL BOCES,5.0,1.0,0.0,2.0,2.0,,,ccd-lea-2009
2009,0800271,64160,SANTA FE TRAIL BOCES,0.0,0.0,0.0,0.0,0.0,,0,ccd-lea-2009
2009,0806450,2750,SARGENT SCHOOL DISTRICT NO. RE-33J,32.0,0.0,2.0,14.0,15.0,,484,ccd-lea-2009
2009,0801950,0030,SCHOOL DISTRICT N. 14 IN THE COUNTY OF ADAMS & STATE OF COLO,386.0,17.0,41.0,194.0,132.0,,7422,ccd-lea-2009
2009,0803360,0880,SCHOOL DISTRICT NO. 1 IN THE COUNTY OF DENVER AND STATE OF C,4573.0,285.0,382.0,2207.0,1696.0,,77267,ccd-lea-2009
2009,0806480,0990,SCHOOL DISTRICT NO. 3 IN THE COUNTY OF EL PASO AND STATE OF,501.0,15.0,37.0,232.0,215.0,,8851,ccd-lea-2009
2009,0803720,0920,"SCHOOL DISTRICT NO. C-1, IN THE COUNTY OF ELBERT AND STATE O",161.0,0.0,5.0,74.0,79.0,,2737,ccd-lea-2009
2009,0805010,0930,SCHOOL DISTRICT NO. C-2 IN THE COUNTY OF ELBERT AND STATE OF,30.0,1.0,2.0,12.0,15.0,,383,ccd-lea-2009
2009,0806780,1480,SCHOOL DISTRICT NO. R-4 IN THE COUNTY OF KIT CARSON AND STAT,19.0,0.0,1.0,8.0,9.0,,209,ccd-lea-2009
2009,0806690,1828,"SCHOOL DISTRICT NO. RE-1, VALLEY",154.0,1.0,7.0,75.0,70.0,,2502,ccd-lea-2009
2009,0806720,3147,SCHOOL DISTRICT NO. RE-11 IN THE COUNTY OF WELD AND STATE OF,17.0,0.0,1.0,7.0,7.0,,167,ccd-lea-2009
2009,0804440,3148,SCHOOL DISTRICT NO. RE-12 IN THE COUNTY OF WELD AND STATE OF,13.0,0.0,1.0,4.0,7.0,,92,ccd-lea-2009
2009,0802610,2395,"SCHOOL DISTRICT NO. RE-2, BRUSH",105.0,4.0,9.0,47.0,45.0,,1486,ccd-lea-2009
2009,0807140,2505,"SCHOOL DISTRICT NO. RE-20, WELDON VALLEY",17.0,0.0,1.0,7.0,8.0,,211,ccd-lea-2009
2009,0803930,1850,SCHOOL DISTRICT NO. RE-3 FRENCHMAN,20.0,1.0,1.0,8.0,9.0,,188,ccd-lea-2009
2009,0804050,2405,"SCHOOL DISTRICT NO. RE-3, FORT MORGAN",210.0,11.0,16.0,97.0,85.0,,3232,ccd-lea-2009
2009,0805640,1860,SCHOOL DISTRICT NO. RE-4 BUFFALO,25.0,0.0,1.0,10.0,13.0,,306,ccd-lea-2009
2009,0806030,1870,SCHOOL DISTRICT NO. RE-5 PLATEAU,19.0,0.0,1.0,8.0,8.0,,163,ccd-lea-2009
2009,0807290,2515,"SCHOOL DISTRICT NO. RE-50, WIGGINS",36.0,0.0,2.0,15.0,18.0,,566,ccd-lea-2009
2009,0806540,0123,SHERIDAN SCHOOL DISTRICT NO. 2,98.0,10.0,6.0,36.0,44.0,,1595,ccd-lea-2009
2009,0804140,0740,SIERRA GRANDE SCHOOL DISTRICT NO. R-30,22.0,0.0,1.0,10.0,11.0,,252,ccd-lea-2009
2009,0806570,2820,"SILVERTON, SCHOOL DISTRICT NO. 1, IN THE COUNTY OF SAN JUAN",7.0,0.0,0.0,4.0,3.0,,66,ccd-lea-2009
2009,0800241,64163,SOUTH CENTRAL BOCES,0.0,0.0,0.0,0.0,0.0,,0,ccd-lea-2009
2009,0899340,9060,SOUTH CENTRAL BOCES,6.0,3.0,0.0,0.0,3.0,,,ccd-lea-2009
2009,0802130,0580,SOUTH CONEJOS SCHOOL DISTRICT NO. RE10,24.0,0.0,1.0,10.0,12.0,,280,ccd-lea-2009
2009,0805910,2780,SOUTH ROUTT SCHOOL DISTRICT NO. RE 3,34.0,0.0,2.0,15.0,16.0,,435,ccd-lea-2009
2009,0800256,64193,SOUTHEASTERN BOCES,0.0,0.0,0.0,0.0,0.0,,0,ccd-lea-2009
2009,0899400,9075,SOUTHEASTERN BOCES,1.0,1.0,0.0,0.0,0.0,,,ccd-lea-2009
2009,0899420,9080,SOUTHWEST BOCES,6.0,1.0,0.0,0.0,3.0,,,ccd-lea-2009
2009,0800252,64083,SOUTHWEST BOCS,0.0,0.0,0.0,0.0,0.0,,0,ccd-lea-2009
2009,0806630,0250,SPRINGFIELD SCHOOL DISTRICT NO. RE-4,29.0,1.0,2.0,11.0,13.0,,300,ccd-lea-2009
2009,0805370,0470,ST. VRAIN VALLEY SCHOOL DISTRICT NO. RE1J,1551.0,56.0,102.0,781.0,611.0,,26724,ccd-lea-2009
2009,0806660,2770,STEAMBOAT SPRINGS SCHOOL DISTRICT NO. RE 2,162.0,0.0,11.0,79.0,70.0,,2152,ccd-lea-2009
2009,0806750,0060,STRASBURG SCHOOL DISTRICT 31J,59.0,0.0,5.0,25.0,28.0,,1041,ccd-lea-2009
2009,0806810,3000,SUMMIT SCHOOL DISTRICT NO. RE 1,205.0,6.0,14.0,110.0,74.0,,3089,ccd-lea-2009
2009,0806840,2570,"SWINK, SCHOOL DISTRICT NO. 33, IN THE COUNTY OF OTERO AND ST",30.0,0.0,1.0,14.0,15.0,,378,ccd-lea-2009
2009,0806870,2830,TELLURIDE SCHOOL DISTRICT NO. R-1,60.0,1.0,5.0,29.0,23.0,,699,ccd-lea-2009
2009,0805400,1560,THOMPSON SCHOOL DISTRICT R-2J,895.0,17.0,48.0,443.0,386.0,,15225,ccd-lea-2009
2009,0806960,1580,"TRINIDAD, SCHOOL DISTRICT 1, IN THE COUNTY OF LAS ANIMAS AND",91.0,0.0,8.0,45.0,37.0,,1401,ccd-lea-2009
2009,0800262,64200,"UNCOMPAHGRE BOCES, RIDGWAY",0.0,0.0,0.0,0.0,0.0,,0,ccd-lea-2009
2009,0800013,9145,UNCOMPAHGRE BOCS,0.0,0.0,0.0,0.0,0.0,,,ccd-lea-2009
2009,0800022,9165,UTE PASS BOCES,0.0,0.0,0.0,0.0,0.0,,,ccd-lea-2009
2009,0800275,64205,UTE PASS BOCES,0.0,0.0,0.0,0.0,0.0,,0,ccd-lea-2009
2009,0806990,0260,VILAS SCHOOL DISTRICT RE-5,27.0,0.0,0.0,5.0,21.0,,415,ccd-lea-2009
2009,0807110,0230,WALSH SCHOOL DISTRICT NO. RE-1,18.0,0.0,1.0,7.0,9.0,,167,ccd-lea-2009
2009,0800270,62060,WELD 6 GREELEY,0.0,0.0,0.0,0.0,0.0,,0,ccd-lea-2009
2009,0804200,3080,WELD COUNTY REORGANIZED SCHOOL DISTRICT NO. RE-1,141.0,0.0,11.0,66.0,63.0,,1784,ccd-lea-2009
2009,0804920,3090,WELD COUNTY REORGANIZED SCHOOL DISTRICT NO. RE-3,144.0,3.0,7.0,64.0,68.0,,2149,ccd-lea-2009
2009,0807350,3100,WELD COUNTY REORGANIZED SCHOOL DISTRICT NO. RE-4,257.0,4.0,17.0,130.0,105.0,,4082,ccd-lea-2009
2009,0804020,3140,WELD COUNTY REORGANIZED SCHOOL DISTRICT NO. RE-8,143.0,6.0,12.0,65.0,59.0,,2423,ccd-lea-2009
2009,0803600,3085,WELD COUNTY SCHOOL DISTRICT NO. RE-2,111.0,0.0,11.0,48.0,51.0,,1705,ccd-lea-2009
2009,0804830,3110,WELD COUNTY SCHOOL DISTRICT NO. RE-5J,177.0,5.0,6.0,97.0,68.0,,3136,ccd-lea-2009
2009,0804950,3130,WELD COUNTY SCHOOL DISTRICT NO. RE-7,81.0,0.0,5.0,37.0,39.0,,1122,ccd-lea-2009
2009,0802310,3145,WELD COUNTY SCHOOL DISTRICT NO. RE-9,58.0,0.0,3.0,25.0,29.0,,816,ccd-lea-2009
2009,0800250,62040,WELD RE-4 WINDSOR,0.0,0.0,0.0,0.0,0.0,,0,ccd-lea-2009
2009,0805850,2190,WEST END SCHOOL DISTRICT NO. RE-2,27.0,0.0,1.0,12.0,13.0,,346,ccd-lea-2009
2009,0805070,1340,WEST GRAND SCHOOL DISTRICT NO. 1,37.0,0.0,2.0,17.0,16.0,,451,ccd-lea-2009
2009,0807230,0070,"WESTMINSTER, SCHOOL DISTRICT NO. 50, IN THE COUNTY OF ADAMS",548.0,22.0,51.0,280.0,194.0,,9862,ccd-lea-2009
2009,0807320,2680,WILEY SCHOOL DISTRICT NO. RE-13 JT,21.0,1.0,1.0,7.0,11.0,,236,ccd-lea-2009
2009,0807380,3020,WOODLAND PARK SCHOOL DISTRICT NO. RE-2,181.0,4.0,10.0,77.0,89.0,,2797,ccd-lea-2009
2009,0807410,3070,WOODLIN SCHOOL DISTRICT NO. R-104,13.0,0.0,1.0,4.0,7.0,,105,ccd-lea-2009
2009,0800017,3210,WRAY RD-2 SCHOOL DISTRICT,47.0,1.0,3.0,21.0,20.0,,702,ccd-lea-2009
2009,0800016,3200,YUMA 1 SCHOOL DISTRICT,65.0,1.0,5.0,29.0,28.0,,823,ccd-lea-2009
2010,0801920,1040,"ACADEMY, SCHOOL DISTRICT NO. 20, IN THE COUNTY OF EL PASO AN",1412.0,16.0,86.0,633.0,675.0,,23119,ccd-lea-2010
2010,0800258,01010,ADAMS 1 MAPLETON,0.0,0.0,0.0,0.0,0.0,,0,ccd-lea-2010
2010,0806900,0020,ADAMS 12 FIVE STAR SCHOOLS,2069.0,12.0,148.0,1017.0,891.0,,41957,ccd-lea-2010
2010,0800268,01020,ADAMS 12 NORTHGLENN,0.0,0.0,0.0,0.0,0.0,,0,ccd-lea-2010
2010,0800272,01030,ADAMS 14 COMMERCE CITY,0.0,0.0,0.0,0.0,0.0,,0,ccd-lea-2010
2010,0800237,01040,ADAMS 27J BRIGHTON,0.0,0.0,0.0,0.0,0.0,,0,ccd-lea-2010
2010,0800257,01070,ADAMS 50 WESTMINSTER,0.0,0.0,0.0,0.0,0.0,,0,ccd-lea-2010
2010,0800009,9120,ADAMS COUNTY BOCES,0.0,0.0,0.0,0.0,0.0,,,ccd-lea-2010
2010,0800255,03060,ADAMS-ARAP 28J AURORA,0.0,0.0,0.0,0.0,0.0,,0,ccd-lea-2010
2010,0801980,0960,AGATE SCHOOL DISTRICT NO. 300,8.0,0.0,0.0,3.0,4.0,,33,ccd-lea-2010
2010,0802010,1620,AGUILAR REORGANIZED SCHOOL DISTRICT NO. 6,15.0,1.0,0.0,6.0,7.0,,112,ccd-lea-2010
2010,0802040,3030,AKRON SCHOOL DISTRICT NO. R-1,30.0,0.0,1.0,12.0,16.0,,381,ccd-lea-2010
2010,0802070,0100,"ALAMOSA SCHOOL DISTRICT, NO. RE-11J",125.0,0.0,10.0,64.0,49.0,,2081,ccd-lea-2010
2010,0800273,03010,ARAPAHOE 1 ENGLEWOOD,0.0,0.0,0.0,0.0,0.0,,0,ccd-lea-2010
2010,0800228,03020,ARAPAHOE 2 SHERIDAN,0.0,0.0,0.0,0.0,0.0,,0,ccd-lea-2010
2010,0800247,03030,ARAPAHOE 5 CHERRY CREEK,0.0,0.0,0.0,0.0,0.0,,0,ccd-lea-2010
2010,0800224,03040,ARAPAHOE 6 LITTLETON,0.0,0.0,0.0,0.0,0.0,,0,ccd-lea-2010
2010,0802190,0220,ARCHULETA COUNTY SCHOOL DISTRICT NO. 50 JT,87.0,0.0,5.0,42.0,39.0,,1492,ccd-lea-2010
2010,0802220,3040,ARICKAREE SCHOOL DISTRICT NO. R-2,13.0,1.0,1.0,4.0,6.0,,111,ccd-lea-2010
2010,0802260,1450,ARRIBA-FLAGLER CONSOLIDATED SCHOOL DISTRICT NO. 20,16.0,0.0,1.0,6.0,7.0,,170,ccd-lea-2010
2010,0802280,2640,"ASPEN SCHOOL DISTRICT NO. 1, IN THE COUNTY OF PITKIN AND STA",137.0,1.0,10.0,61.0,64.0,,1727,ccd-lea-2010
2010,0802340,0180,"AURORA, JOINT DISTRICT NO. 28 OF THE COUNTIES OF ADAMS AND A",1940.0,15.0,222.0,955.0,747.0,,38605,ccd-lea-2010
2010,0802400,1530,BAYFIELD SCHOOL DISTRICT NO. 10JT-R,88.0,0.0,9.0,36.0,42.0,,1405,ccd-lea-2010
2010,0802430,0050,BENNETT SCHOOL DISTRICT NO. 29J,62.0,0.0,4.0,29.0,28.0,,1150,ccd-lea-2010
2010,0802460,1490,BETHUNE SCHOOL DISTRICT NO. R- 5,15.0,0.0,1.0,6.0,6.0,,130,ccd-lea-2010
2010,0806600,0940,BIG SANDY SCHOOL DISTRICT NO. 100J,27.0,0.0,1.0,12.0,14.0,,331,ccd-lea-2010
2010,0800263,07010,BOULDER RE-1J ST VRAIN,0.0,0.0,0.0,0.0,0.0,,0,ccd-lea-2010
2010,0800227,07020,BOULDER RE-2 BOULDER,0.0,0.0,0.0,0.0,0.0,,0,ccd-lea-2010
2010,0802490,0480,BOULDER VALLEY SCHOOL DISTRICT NO. RE2,1687.0,25.0,99.0,819.0,743.0,,29526,ccd-lea-2010
2010,0802520,1750,BRANSON REORGANIZED SCHOOL DISTRICT NO. 82,28.0,0.0,1.0,8.0,18.0,,470,ccd-lea-2010
2010,0802580,0040,BRIGHTON SCHOOL DISTRICT NO. 27J,718.0,34.0,57.0,362.0,262.0,,15089,ccd-lea-2010
2010,0802640,0490,BUENA VISTA SCHOOL DISTRICT NO. R-31,70.0,1.0,3.0,27.0,38.0,,985,ccd-lea-2010
2010,0802670,1500,BURLINGTON PUBLIC SCHOOL DISTRICT NO. RE-6J,50.0,0.0,3.0,20.0,25.0,,830,ccd-lea-2010
2010,0802700,0190,BYERS SCHOOL DISTRICT NO. 32J,31.0,0.0,2.0,14.0,14.0,,473,ccd-lea-2010
2010,0802730,0970,CALHAN DISTRICT NO. RJ1,42.0,2.0,3.0,19.0,17.0,,620,ccd-lea-2010
2010,0802760,0270,CAMPO SCHOOL DISTRICT NO. RE-6,8.0,0.0,0.0,3.0,4.0,,58,ccd-lea-2010
2010,0800226,64203,CENTENNIAL BOCES,0.0,0.0,0.0,0.0,0.0,,0,ccd-lea-2010
2010,0899200,9035,CENTENNIAL BOCES,4.0,2.0,0.0,0.0,1.0,,,ccd-lea-2010
2010,0806360,0640,CENTENNIAL SCHOOL DISTRICT NO. R-1,19.0,0.0,1.0,7.0,11.0,,248,ccd-lea-2010
2010,0802850,2810,"CENTER CONSOLIDATED SCHOOL DISTRICT NO. 26 JT., OF THE COUNT",38.0,0.0,3.0,16.0,17.0,,580,ccd-lea-2010
2010,0800020,8001,CHARTER SCHOOL INSTITUTE,427.0,0.0,30.0,169.0,227.0,,7981,ccd-lea-2010
2010,0800266,80010,CHARTER SCHOOL INSTITUTE,0.0,0.0,0.0,0.0,0.0,,0,ccd-lea-2010
2010,0802880,2560,"CHERAW, SCHOOL DISTRICT NO. 31, IN THE COUNTY OF OTERO AND S",18.0,0.0,1.0,9.0,8.0,,219,ccd-lea-2010
2010,0802910,0130,"CHERRY CREEK, SCHOOL DISTRICT NO. 5, IN THE COUNTY OF ARAPAH",2962.0,26.0,169.0,1484.0,1280.0,,52232,ccd-lea-2010
2010,0800001,0520,CHEYENNE COUNTY SCHOOL DISTRICT NO. RE-5,19.0,0.0,1.0,9.0,8.0,,206,ccd-lea-2010
2010,0802940,1020,"CHEYENNE MOUNTAIN SCHOOL DISTRICT NO. 12, IN THE COUNTY OF E",295.0,4.0,21.0,142.0,126.0,,4561,ccd-lea-2010
2010,0802550,3146,"CHOOL DISTRICT NO. RE-10, IN THE COUNTY OF WELD AND STATE OF",16.0,0.0,1.0,7.0,8.0,,157,ccd-lea-2010
2010,0803000,0540,CLEAR CREEK SCHOOL DISTRICT NO. RE-1,62.0,0.0,5.0,32.0,23.0,,989,ccd-lea-2010
2010,0800259,66060,CMHI PUEBLO,0.0,0.0,0.0,0.0,0.0,,,ccd-lea-2010
2010,0800023,9000,COLORADO SCHOOL FOR THE DEAF AND BLIND,0.0,0.0,0.0,0.0,0.0,,0,ccd-lea-2010
2010,0803060,1010,"COLORADO SPRINGS, SCHOOL DISTRICT NO. 11, IN THE COUNTY OF E",1845.0,26.0,164.0,908.0,746.0,,29498,ccd-lea-2010
2010,0803150,2010,CREED SCHOOL DISTRICT,17.0,0.0,1.0,7.0,8.0,,92,ccd-lea-2010
2010,0803180,3010,CRIPPLE CREEK-VICTOR SCHOOL DISTRICT NO. RE-1,34.0,1.0,2.0,13.0,17.0,,441,ccd-lea-2010
2010,0803210,0770,CROWLEY COUNTY SCHOOL DISTRICT NO. RE-1-J,29.0,0.0,2.0,12.0,15.0,,493,ccd-lea-2010
2010,0800280,66050,CSDB,0.0,0.0,0.0,0.0,0.0,,,ccd-lea-2010
2010,0807200,0860,CUSTER COUNTY SCHOOL DISTRICT CONSOLIDATE 1,37.0,1.0,2.0,14.0,18.0,,454,ccd-lea-2010
2010,0803240,1980,"DE BEQUE, JOINT DISTRICT NO. 49 OF THE COUNTIES OF MESA AND",19.0,1.0,1.0,8.0,7.0,,136,ccd-lea-2010
2010,0803270,0170,DEER TRAIL SCHOOL DISTRICT NO. 26J,20.0,1.0,1.0,7.0,10.0,,167,ccd-lea-2010
2010,0803300,2730,DEL NORTE CONSOLIDATED SCHOOL DISTRICT NO. C-7,49.0,0.0,3.0,22.0,24.0,,567,ccd-lea-2010
2010,0800239,15010,DELTA 50J,0.0,0.0,0.0,0.0,0.0,,0,ccd-lea-2010
2010,0803330,0870,DELTA COUNTY JOINT DISTRICT NO. 50,280.0,1.0,20.0,128.0,130.0,,5301,ccd-lea-2010
2010,0800004,9130,DENVER 1,23.0,0.0,1.0,9.0,12.0,,361,ccd-lea-2010
2010,0800245,16010,DENVER 1,0.0,0.0,0.0,0.0,0.0,,0,ccd-lea-2010
2010,0800230,66070,DEPARTMENT OF CORRECTIONS,0.0,0.0,0.0,0.0,0.0,,,ccd-lea-2010
2010,0800232,66080,DIVISION OF YOUTH SERVICES,0.0,0.0,0.0,0.0,0.0,,,ccd-lea-2010
2010,0803420,0890,DOLORES COUNTY SCHOOL DISTRICT RE-2J,22.0,1.0,1.0,10.0,9.0,,309,ccd-lea-2010
2010,0803390,2055,DOLORES SCHOOL DISTRICT NO. RE-4A,50.0,0.0,3.0,23.0,24.0,,689,ccd-lea-2010
2010,0803450,0900,"DOUGLAS COUNTY SCHOOL DISTRICT, NO. RE 1",2949.0,24.0,185.0,1480.0,1257.0,,61465,ccd-lea-2010
2010,0800260,18010,DOUGLAS RE-1,0.0,0.0,0.0,0.0,0.0,,0,ccd-lea-2010
2010,0803480,1520,DURANGO SCHOOL DISTRICT NO. 9-R,289.0,8.0,24.0,140.0,116.0,,4688,ccd-lea-2010
2010,0803540,0910,EAGLE COUNTY SCHOOL DISTRICT NO. RE 50,435.0,5.0,38.0,228.0,161.0,,6181,ccd-lea-2010
2010,0800234,64043,EAST CENTRAL BOCES,0.0,0.0,0.0,0.0,0.0,,0,ccd-lea-2010
2010,0899080,9025,EAST CENTRAL BOCES,6.0,1.0,0.0,1.0,3.0,,,ccd-lea-2010
2010,0804320,1350,EAST GRAND SCHOOL DISTRICT NO. 2,98.0,2.0,9.0,45.0,40.0,,1325,ccd-lea-2010
2010,0805130,2520,EAST OTERO SCHOOL DISTRICT NO. R1,84.0,0.0,7.0,42.0,34.0,,1309,ccd-lea-2010
2010,0803630,1120,"EDISON, JOINT DISTRICT NO. 54 OF THE COUNTIES OF EL PASO AND",14.0,0.0,0.0,6.0,7.0,,214,ccd-lea-2010
2010,0800279,21050,EL PASO 11 COLO SPRINGS,0.0,0.0,0.0,0.0,0.0,,0,ccd-lea-2010
2010,0800264,21060,"EL PASO 12, CHEYENNE MOUNTAIN",0.0,0.0,0.0,0.0,0.0,,0,ccd-lea-2010
2010,0800236,21020,EL PASO 2 HARRISON,0.0,0.0,0.0,0.0,0.0,,0,ccd-lea-2010
2010,0800225,21080,EL PASO 20 ACADEMY,0.0,0.0,0.0,0.0,0.0,,0,ccd-lea-2010
2010,0800223,21030,EL PASO 3 WIDEFIELD,0.0,0.0,0.0,0.0,0.0,,0,ccd-lea-2010
2010,0800231,21085,"EL PASO 38, LEWIS PALMER",0.0,0.0,0.0,0.0,0.0,,0,ccd-lea-2010
2010,0800242,21090,EL PASO 49 FALCON,0.0,0.0,0.0,0.0,0.0,,0,ccd-lea-2010
2010,0800220,21040,EL PASO 8 FOUNTAIN,0.0,0.0,0.0,0.0,0.0,,0,ccd-lea-2010
2010,0803690,0950,ELBERT SCHOOL DISTRICT NO. 200,22.0,1.0,1.0,8.0,11.0,,230,ccd-lea-2010
2010,0803750,1050,"ELLICOTT, SCHOOL DISTRICT NO. 22, IN THE COUNTY OF EL PASO A",60.0,3.0,5.0,26.0,24.0,,1003,ccd-lea-2010
2010,0803780,0120,"ENGLEWOOD, SCHOOL DISTRICT NO. 1, IN THE COUNTY OF ARAPAHOE",171.0,1.0,14.0,77.0,77.0,,2992,ccd-lea-2010
2010,0803870,1110,"FALCON, SCHOOL DISTRICT NO. 49, IN THE COUNTY OF EL PASO AND",817.0,12.0,64.0,414.0,326.0,,14708,ccd-lea-2010
2010,0800265,21490,FORT LUPTON/KEENESBURG,0.0,0.0,0.0,0.0,0.0,,0,ccd-lea-2010
2010,0804080,1000,"FOUNTAIN, SCHOOL DISTRICT NO. 8, IN THE COUNTY OF EL PASO AN",458.0,11.0,38.0,240.0,168.0,,7536,ccd-lea-2010
2010,0804110,2540,FOWLER SCHOOL DISTRICT NO. R4J,34.0,0.0,2.0,16.0,15.0,,421,ccd-lea-2010
2010,0802790,1140,FREMONT RE-1,220.0,4.0,17.0,110.0,88.0,,3702,ccd-lea-2010
2010,0800233,22010,FREMONT RE-1 CANON CITY,0.0,0.0,0.0,0.0,0.0,,0,ccd-lea-2010
2010,0803960,1150,FREMONT RE-2,89.0,0.0,7.0,41.0,40.0,,1600,ccd-lea-2010
2010,0803120,1160,FREMONT RE-3,19.0,0.0,1.0,8.0,10.0,,222,ccd-lea-2010
2010,0800015,9160,FRONT RANGE BOCES,0.0,0.0,0.0,0.0,0.0,,,ccd-lea-2010
2010,0806240,1195,GARFIELD SCHOOL DISTRICT NO. RE-2,277.0,5.0,21.0,142.0,106.0,,4980,ccd-lea-2010
2010,0804740,1780,GENOA-HUGO SCHOOL DISTRICT NO. C-113,14.0,0.0,1.0,7.0,6.0,,178,ccd-lea-2010
2010,0804230,1330,GILPIN COUNTY SCHOOL DISTRICT NO. RE-1,29.0,1.0,2.0,13.0,12.0,,386,ccd-lea-2010
2010,0804290,2650,GRANADA SCHOOL DISTRICT NO. RE-1,23.0,0.0,1.0,9.0,12.0,,244,ccd-lea-2010
2010,0800011,9135,GRAND VALLEY BOCES,0.0,0.0,0.0,0.0,0.0,,,ccd-lea-2010
2010,0804380,1220,"GRAND VALLEY, SCHOOL DISTRICT NO. 16, IN THE COUNTY OF GARFI",66.0,0.0,3.0,31.0,31.0,,1133,ccd-lea-2010
2010,0804410,3120,"GREELEY,SCHOOL DISTRICT NO. 6, IN THE COUNTY OF WELD AND STA",1043.0,23.0,81.0,523.0,415.0,,19623,ccd-lea-2010
2010,0800240,26011,GUNNISON RE-1J,0.0,0.0,0.0,0.0,0.0,,0,ccd-lea-2010
2010,0804470,1360,GUNNISON WATERSHED SCHOOL DISTRICT RE1J,140.0,3.0,10.0,69.0,56.0,,1864,ccd-lea-2010
2010,0804500,1070,"HANOVER, SCHOOL DISTRICT NO. 28, IN THE COUNTY OF EL PASO AN",19.0,0.0,1.0,8.0,9.0,,223,ccd-lea-2010
2010,0804530,0980,"HARRISON, SCHOOL DISTRICT NO. 2, IN THE COUNTY OF EL PASO AN",755.0,1.0,71.0,390.0,292.0,,11147,ccd-lea-2010
2010,0804560,2630,"HAXTUN SCHOOL DISTRICT, NO. RE-2J",22.0,0.0,1.0,9.0,11.0,,323,ccd-lea-2010
2010,0804590,2760,HAYDEN SCHOOL DISTRICT NO. RE 1,32.0,0.0,2.0,14.0,15.0,,420,ccd-lea-2010
2010,0806510,1460,HI-PLAINS R-23,14.0,0.0,1.0,5.0,7.0,,107,ccd-lea-2010
2010,0804620,1380,HINSDALE COUNTY SCHOOL DISTRICT NO. RE-1,0.0,0.0,0.0,0.0,0.0,,96,ccd-lea-2010
2010,0804650,1600,HOEHNE REORGANIZED SCHOOL DISTRICT NO. 3,21.0,0.0,1.0,9.0,10.0,,334,ccd-lea-2010
2010,0804680,2670,HOLLY SCHOOL DISTRICT NO. RE-3,24.0,0.0,1.0,11.0,10.0,,292,ccd-lea-2010
2010,0804710,2620,HOLYOKE SCHOOL DISTRICT NO. RE-1J,47.0,0.0,5.0,20.0,21.0,,614,ccd-lea-2010
2010,0807080,1390,HUERFANO SCHOOL DISTRICT RE-1,43.0,2.0,2.0,23.0,15.0,,575,ccd-lea-2010
2010,0800018,3220,IDALIA RJ-3 SCHOOL DISTRICT,14.0,1.0,0.0,6.0,6.0,,157,ccd-lea-2010
2010,0804770,1540,IGNACIO SCHOOL DISTRICT NO. 11JT,65.0,0.0,4.0,29.0,30.0,,751,ccd-lea-2010
2010,0804800,1420,JEFFERSON COUNTY SCHOOL DISTRICT NO. R-1,4869.0,37.0,304.0,2267.0,2260.0,,85979,ccd-lea-2010
2010,0800222,30011,JEFFERSON R-1,0.0,0.0,0.0,0.0,0.0,,0,ccd-lea-2010
2010,0804860,2862,JULESBURG SCHOOL DISTRICT NO. RE1,44.0,0.0,1.0,11.0,31.0,,1787,ccd-lea-2010
2010,0804890,1810,KARVAL SCHOOL DISTRICT NO. RE 23,18.0,0.0,0.0,5.0,12.0,,235,ccd-lea-2010
2010,0804980,1760,KIM REORGANIZED SCHOOL DISTRICT NO. 88,11.0,0.0,0.0,4.0,6.0,,58,ccd-lea-2010
2010,0803510,1430,KIOWA COUNTY SCHOOL DISTRICT NO. RE-1,18.0,0.0,1.0,8.0,9.0,,187,ccd-lea-2010
2010,0806930,1440,KIOWA COUNTY SCHOOL DISTRICT NO. RE-2,11.0,1.0,0.0,4.0,5.0,,85,ccd-lea-2010
2010,0805040,0510,KIT CARSON SCHOOL DISTRICT NO. R-1,15.0,0.0,1.0,7.0,7.0,,109,ccd-lea-2010
2010,0805160,1400,LA VETA SCHOOL DISTRICT RE-2,21.0,0.0,1.0,6.0,12.0,,223,ccd-lea-2010
2010,0805190,1510,LAKE COUNTY SCHOOL DISTRICT NO. R-1,73.0,0.0,6.0,34.0,31.0,,1188,ccd-lea-2010
2010,0805220,2660,LAMAR SCHOOL DISTRICT NO. RE-2,118.0,3.0,9.0,58.0,46.0,,1666,ccd-lea-2010
2010,0800249,35010,LARIMER R-1 POUDRE,0.0,0.0,0.0,0.0,0.0,,0,ccd-lea-2010
2010,0800251,35020,LARIMER R-2J THOMPSON,0.0,0.0,0.0,0.0,0.0,,0,ccd-lea-2010
2010,0800267,35030,LARIMER R-3 PARK,0.0,0.0,0.0,0.0,0.0,,0,ccd-lea-2010
2010,0805250,0290,LAS ANIMAS SCHOOL DISTRICT NO. RE-1,37.0,0.0,4.0,17.0,15.0,,547,ccd-lea-2010
2010,0805820,1080,"LEWIS-PALMER CONSOLIDATED, SCHOOL DISTRICT NO. 38, IN THE CO",299.0,3.0,16.0,127.0,151.0,,5977,ccd-lea-2010
2010,0800019,3230,LIBERTY J-4 SCHOOL DISTRICT,13.0,0.0,1.0,4.0,7.0,,86,ccd-lea-2010
2010,0805280,1790,"LIMON SCHOOL DISTRICT, NO. RE 4J",32.0,0.0,1.0,14.0,16.0,,435,ccd-lea-2010
2010,0805310,0140,"LITTLETON, SCHOOL DISTRICT NO. 6, IN THE COUNTY OF ARAPAHOE",831.0,3.0,57.0,379.0,391.0,,15733,ccd-lea-2010
2010,0800235,38010,LOGAN RE-1 VALLEY,0.0,0.0,0.0,0.0,0.0,,0,ccd-lea-2010
2010,0805340,3060,LONE STAR SCHOOL DISTRICT NO. 101,14.0,0.0,0.0,6.0,8.0,,104,ccd-lea-2010
2010,0805460,2070,MANCOS SCHOOL DISTRICT RE-6,31.0,0.0,1.0,15.0,13.0,,369,ccd-lea-2010
2010,0805490,1030,"MANITOU SPRINGS, SCHOOL DISTRICT NO. 14, IN THE COUNTY OF EL",94.0,1.0,6.0,39.0,46.0,,1418,ccd-lea-2010
2010,0805520,2535,"MANZANOLA, JOINT DISTRICT NO. 3J, OF THE COUNTIES OF OTERO A",21.0,0.0,1.0,9.0,10.0,,173,ccd-lea-2010
2010,0805550,0010,"MAPLETON, SCHOOL DISTRICT NO. 1, IN THE COUNTY OF ADAMS & ST",362.0,11.0,18.0,175.0,156.0,,7634,ccd-lea-2010
2010,0805580,0310,MCCLAVE SCHOOL DISTRICT NO. RE-2,21.0,1.0,1.0,8.0,10.0,,305,ccd-lea-2010
2010,0805610,2710,MEEKER SCHOOL DISTRICT RE1,42.0,0.0,2.0,20.0,19.0,,667,ccd-lea-2010
2010,0800246,39031,MESA 51 GRAND JUNCTION,0.0,0.0,0.0,0.0,0.0,,0,ccd-lea-2010
2010,0804350,2000,MESA COUNTY VALLEY SCHOOL DISTRICT NO. 51,1305.0,33.0,94.0,610.0,567.0,,22109,ccd-lea-2010
2010,0805670,1130,"MIAMI-YODER, JOINT DISTRICT NO. 60 OF THE COUNTIES OF EL PAS",26.0,0.0,1.0,11.0,13.0,,320,ccd-lea-2010
2010,0805730,2020,MOFFAT COUNTY SCHOOL DISTRICT RE: NO. 1,145.0,1.0,12.0,73.0,58.0,,2402,ccd-lea-2010
2010,0800254,41010,MOFFAT RE-1 CRAIG,0.0,0.0,0.0,0.0,0.0,,0,ccd-lea-2010
2010,0805700,2800,"MOFFAT, SCHOOL DISTRICT NO. 2, IN THE COUNTY OF SAGUACHE AND",23.0,0.0,1.0,8.0,13.0,,206,ccd-lea-2010
2010,0805760,2740,MONTE VISTA SCHOOL DISTRICT NO. C-8,76.0,1.0,6.0,34.0,33.0,,1172,ccd-lea-2010
2010,0803090,2035,MONTEZUMA-CORTEZ SCHOOL DISTRICT NO. RE-1,184.0,1.0,9.0,84.0,89.0,,2929,ccd-lea-2010
2010,0805790,2180,MONTROSE COUNTY SCHOOL DISTRICT RE-1J,375.0,10.0,21.0,185.0,158.0,,6415,ccd-lea-2010
2010,0800269,43010,MONTROSE RE-1J,0.0,0.0,0.0,0.0,0.0,,0,ccd-lea-2010
2010,0800243,44020,"MORGAN RE-3, FORT MORGAN",0.0,0.0,0.0,0.0,0.0,,0,ccd-lea-2010
2010,0800238,64053,"MOUNT EVANS BOCES, IDAHO SPRIN",0.0,0.0,0.0,0.0,0.0,,0,ccd-lea-2010
2010,0800274,64093,MOUNTAIN BOCES,0.0,0.0,0.0,0.0,0.0,,0,ccd-lea-2010
2010,0899160,9030,MOUNTAIN BOCES,20.0,0.0,0.0,7.0,11.0,,142,ccd-lea-2010
2010,0806300,2790,MOUNTAIN VALLEY SCHOOL DISTRICT NO. RE 1,17.0,1.0,1.0,8.0,7.0,,120,ccd-lea-2010
2010,0800012,9140,MT EVANS BOCES,0.0,0.0,0.0,0.0,0.0,,,ccd-lea-2010
2010,0805100,0550,NORTH CONEJOS SCHOOL DISTRICT NO. RE1J,72.0,0.0,5.0,29.0,37.0,,1030,ccd-lea-2010
2010,0807050,1410,NORTH PARK SCHOOL DISTRICT R-1,20.0,0.0,1.0,8.0,9.0,,211,ccd-lea-2010
2010,0800229,64103,NORTHEAST BOCES,0.0,0.0,0.0,0.0,0.0,,0,ccd-lea-2010
2010,0899180,9040,NORTHEAST BOCES,7.0,2.0,0.0,0.0,4.0,,,ccd-lea-2010
2010,0800248,64123,NORTHWEST BOCES,0.0,0.0,0.0,0.0,0.0,,0,ccd-lea-2010
2010,0899220,9095,NORTHWEST COLO BOCES,1.0,1.0,0.0,0.0,0.0,,,ccd-lea-2010
2010,0805880,2840,NORWOOD SCHOOL DISTRICT NO. R-2J,24.0,1.0,1.0,9.0,11.0,,257,ccd-lea-2010
2010,0805940,3050,OTIS SCHOOL DISTRICT NO. R-3,20.0,0.0,1.0,8.0,9.0,,209,ccd-lea-2010
2010,0805970,2580,"OURAY, SCHOOL DISTRICT NO. R-1, OF  THE COUNTY OF OURAY AND",26.0,1.0,1.0,9.0,13.0,,216,ccd-lea-2010
2010,0803840,2610,PARK COUNTY SCHOOL DISTRICT NO. RE-2,49.0,2.0,4.0,22.0,19.0,,601,ccd-lea-2010
2010,0803810,1570,PARK SCHOOL DISTRICT R-3,76.0,1.0,5.0,33.0,36.0,,1159,ccd-lea-2010
2010,0806060,1060,"PEYTON, SCHOOL DISTRICT NO. 23, IN THE COUNTY OF EL PASO AND",42.0,2.0,2.0,17.0,20.0,,694,ccd-lea-2010
2010,0800276,64133,PIKES PEAK BOCES,0.0,0.0,0.0,0.0,0.0,,0,ccd-lea-2010
2010,0899240,9045,PIKES PEAK BOCES,28.0,4.0,0.0,9.0,13.0,,,ccd-lea-2010
2010,0803030,1990,"PLATEAU VALLEY, SCHOOL DISTRICT NO. 50 IN THE COUNTY OF MESA",34.0,1.0,1.0,12.0,19.0,,471,ccd-lea-2010
2010,0802370,2600,"PLATTE CANYON, SCHOOL DISTRICT NO. 1, OF  THE COUNTY OF PARK",72.0,0.0,4.0,30.0,35.0,,1209,ccd-lea-2010
2010,0806000,2865,PLATTE VALLEY SCHOOL DISTRICT NO. RE3,16.0,0.0,1.0,7.0,7.0,,120,ccd-lea-2010
2010,0803990,1550,POUDRE SCHOOL DISTRICT R-1,1495.0,30.0,110.0,699.0,655.0,,26923,ccd-lea-2010
2010,0807260,1590,PRIMERO REORGANIZED SCHOOL DISTRICT NO. 2,20.0,0.0,1.0,7.0,11.0,,221,ccd-lea-2010
2010,0806090,0240,PRITCHETT SCHOOL DISTRICT NO. RE-3,9.0,0.0,0.0,4.0,4.0,,66,ccd-lea-2010
2010,0800221,51010,PUEBLO 60 URBAN,0.0,0.0,0.0,0.0,0.0,,0,ccd-lea-2010
2010,0800278,51020,PUEBLO 70 RURAL,0.0,0.0,0.0,0.0,0.0,,0,ccd-lea-2010
2010,0806150,2700,PUEBLO COUNTY SCHOOL DISTRICT 70,469.0,6.0,30.0,228.0,204.0,,8836,ccd-lea-2010
2010,0806120,2690,"PUEBLO, SCHOOL DISTRICT NO. 60, IN THE COUNTY OF PUEBLO AND",1043.0,60.0,75.0,513.0,393.0,,18443,ccd-lea-2010
2010,0806180,2720,RANGELY SCHOOL DISTRICT RE4,30.0,0.0,1.0,15.0,14.0,,480,ccd-lea-2010
2010,0806210,2590,"RIDGWAY, SCHOOL DISTRICT NO. R-2,  OF  THE COUNTY OF OURAY A",31.0,1.0,2.0,12.0,15.0,,350,ccd-lea-2010
2010,0800277,64213,RIO BLANCO BOCES,0.0,0.0,0.0,0.0,0.0,,0,ccd-lea-2010
2010,0899280,9125,RIO BLANCO BOCES,8.0,2.0,0.0,2.0,3.0,,,ccd-lea-2010
2010,0804260,1180,ROARING FORK SCHOOL DISTRICT NO. RE-1,373.0,1.0,30.0,189.0,151.0,,5212,ccd-lea-2010
2010,0806270,2530,ROCKY FORD SCHOOL DISTRICT NO. R2,58.0,0.0,5.0,27.0,26.0,,862,ccd-lea-2010
2010,0806330,0500,SALIDA SCHOOL DISTRICT NO. R-32,83.0,1.0,4.0,38.0,39.0,,1071,ccd-lea-2010
2010,0800253,64143,SAN JUAN BOCES,0.0,0.0,0.0,0.0,0.0,,0,ccd-lea-2010
2010,0899300,9050,SAN JUAN BOCES,5.0,4.0,0.0,0.0,0.0,,,ccd-lea-2010
2010,0899320,9055,SAN LUIS VALLEY BOCES,14.0,5.0,0.0,3.0,5.0,,,ccd-lea-2010
2010,0800261,64153,SAN LUIS VALLEY BOCS,0.0,0.0,0.0,0.0,0.0,,0,ccd-lea-2010
2010,0806390,0560,"SANFORD, SCHOOL DISTRICT NO. 6, IN THE COUNTY OF CONEJOS AND",22.0,1.0,2.0,8.0,10.0,,346,ccd-lea-2010
2010,0806420,0110,"SANGRE DE CRISTO SCHOOL DISTRICT, NO. RE-22J",28.0,1.0,2.0,10.0,14.0,,312,ccd-lea-2010
2010,0800014,9150,SANTA FE TRAIL BOCES,6.0,1.0,0.0,2.0,2.0,,,ccd-lea-2010
2010,0800271,64160,SANTA FE TRAIL BOCES,0.0,0.0,0.0,0.0,0.0,,0,ccd-lea-2010
2010,0806450,2750,SARGENT SCHOOL DISTRICT NO. RE-33J,33.0,0.0,2.0,15.0,14.0,,478,ccd-lea-2010
2010,0801950,0030,SCHOOL DISTRICT N. 14 IN THE COUNTY OF ADAMS & STATE OF COLO,379.0,17.0,39.0,183.0,139.0,,7549,ccd-lea-2010
2010,0803360,0880,SCHOOL DISTRICT NO. 1 IN THE COUNTY OF DENVER AND STATE OF C,4681.0,291.0,406.0,2284.0,1699.0,,78339,ccd-lea-2010
2010,0806480,0990,SCHOOL DISTRICT NO. 3 IN THE COUNTY OF EL PASO AND STATE OF,523.0,17.0,44.0,243.0,217.0,,8963,ccd-lea-2010
2010,0803720,0920,"SCHOOL DISTRICT NO. C-1, IN THE COUNTY OF ELBERT AND STATE O",157.0,0.0,10.0,72.0,73.0,,2636,ccd-lea-2010
2010,0805010,0930,SCHOOL DISTRICT NO. C-2 IN THE COUNTY OF ELBERT AND STATE OF,30.0,1.0,2.0,12.0,14.0,,371,ccd-lea-2010
2010,0806780,1480,SCHOOL DISTRICT NO. R-4 IN THE COUNTY OF KIT CARSON AND STAT,17.0,0.0,1.0,7.0,8.0,,215,ccd-lea-2010
2010,0806690,1828,"SCHOOL DISTRICT NO. RE-1, VALLEY",148.0,0.0,6.0,69.0,70.0,,2436,ccd-lea-2010
2010,0806720,3147,SCHOOL DISTRICT NO. RE-11 IN THE COUNTY OF WELD AND STATE OF,16.0,0.0,1.0,7.0,7.0,,174,ccd-lea-2010
2010,0804440,3148,SCHOOL DISTRICT NO. RE-12 IN THE COUNTY OF WELD AND STATE OF,13.0,0.0,1.0,4.0,7.0,,75,ccd-lea-2010
2010,0802610,2395,"SCHOOL DISTRICT NO. RE-2, BRUSH",99.0,4.0,9.0,46.0,38.0,,1510,ccd-lea-2010
2010,0807140,2505,"SCHOOL DISTRICT NO. RE-20, WELDON VALLEY",17.0,0.0,1.0,7.0,8.0,,222,ccd-lea-2010
2010,0803930,1850,SCHOOL DISTRICT NO. RE-3 FRENCHMAN,20.0,1.0,1.0,8.0,9.0,,200,ccd-lea-2010
2010,0804050,2405,"SCHOOL DISTRICT NO. RE-3, FORT MORGAN",203.0,11.0,13.0,94.0,83.0,,3204,ccd-lea-2010
2010,0805640,1860,SCHOOL DISTRICT NO. RE-4 BUFFALO,23.0,0.0,1.0,8.0,13.0,,311,ccd-lea-2010
2010,0806030,1870,SCHOOL DISTRICT NO. RE-5 PLATEAU,20.0,0.0,1.0,8.0,9.0,,176,ccd-lea-2010
2010,0807290,2515,"SCHOOL DISTRICT NO. RE-50, WIGGINS",35.0,0.0,2.0,15.0,17.0,,547,ccd-lea-2010
2010,0806540,0123,SHERIDAN SCHOOL DISTRICT NO. 2,104.0,10.0,8.0,42.0,43.0,,1653,ccd-lea-2010
2010,0804140,0740,SIERRA GRANDE SCHOOL DISTRICT NO. R-30,20.0,0.0,1.0,9.0,10.0,,260,ccd-lea-2010
2010,0806570,2820,"SILVERTON, SCHOOL DISTRICT NO. 1, IN THE COUNTY OF SAN JUAN",6.0,0.0,0.0,3.0,2.0,,65,ccd-lea-2010
2010,0800241,64163,SOUTH CENTRAL BOCES,0.0,0.0,0.0,0.0,0.0,,0,ccd-lea-2010
2010,0899340,9060,SOUTH CENTRAL BOCES,6.0,3.0,0.0,0.0,2.0,,,ccd-lea-2010
2010,0802130,0580,SOUTH CONEJOS SCHOOL DISTRICT NO. RE10,24.0,0.0,1.0,10.0,13.0,,237,ccd-lea-2010
2010,0805910,2780,SOUTH ROUTT SCHOOL DISTRICT NO. RE 3,33.0,0.0,2.0,16.0,13.0,,409,ccd-lea-2010
2010,0800256,64193,SOUTHEASTERN BOCES,0.0,0.0,0.0,0.0,0.0,,0,ccd-lea-2010
2010,0899400,9075,SOUTHEASTERN BOCES,1.0,0.0,0.0,0.0,0.0,,,ccd-lea-2010
2010,0806630,0250,SPRINGFIELD SCHOOL DISTRICT NO. RE-4,27.0,1.0,1.0,11.0,13.0,,292,ccd-lea-2010
2010,0805370,0470,ST. VRAIN VALLEY SCHOOL DISTRICT NO. RE1J,1575.0,57.0,116.0,788.0,612.0,,27379,ccd-lea-2010
2010,0806660,2770,STEAMBOAT SPRINGS SCHOOL DISTRICT NO. RE 2,155.0,0.0,9.0,78.0,67.0,,2233,ccd-lea-2010
2010,0806750,0060,STRASBURG SCHOOL DISTRICT 31J,59.0,1.0,4.0,25.0,28.0,,1026,ccd-lea-2010
2010,0806810,3000,SUMMIT SCHOOL DISTRICT NO. RE 1,200.0,3.0,17.0,106.0,73.0,,3124,ccd-lea-2010
2010,0806840,2570,"SWINK, SCHOOL DISTRICT NO. 33, IN THE COUNTY OF OTERO AND ST",30.0,0.0,1.0,15.0,14.0,,374,ccd-lea-2010
2010,0806870,2830,TELLURIDE SCHOOL DISTRICT NO. R-1,60.0,0.0,4.0,31.0,24.0,,697,ccd-lea-2010
2010,0805400,1560,THOMPSON SCHOOL DISTRICT R-2J,891.0,15.0,52.0,442.0,380.0,,15310,ccd-lea-2010
2010,0806960,1580,"TRINIDAD, SCHOOL DISTRICT 1, IN THE COUNTY OF LAS ANIMAS AND",87.0,0.0,7.0,43.0,37.0,,1352,ccd-lea-2010
2010,0800262,64200,"UNCOMPAHGRE BOCES, RIDGWAY",0.0,0.0,0.0,0.0,0.0,,0,ccd-lea-2010
2010,0800013,9145,UNCOMPAHGRE BOCS,2.0,1.0,0.0,0.0,0.0,,,ccd-lea-2010
2010,0800022,9165,UTE PASS BOCES,0.0,0.0,0.0,0.0,0.0,,,ccd-lea-2010
2010,0800275,64205,UTE PASS BOCES,0.0,0.0,0.0,0.0,0.0,,0,ccd-lea-2010
2010,0806990,0260,VILAS SCHOOL DISTRICT RE-5,12.0,0.0,0.0,3.0,7.0,,354,ccd-lea-2010
2010,0807110,0230,WALSH SCHOOL DISTRICT NO. RE-1,17.0,0.0,1.0,7.0,8.0,,178,ccd-lea-2010
2010,0800270,62060,WELD 6 GREELEY,0.0,0.0,0.0,0.0,0.0,,0,ccd-lea-2010
2010,0804200,3080,WELD COUNTY REORGANIZED SCHOOL DISTRICT NO. RE-1,126.0,0.0,9.0,62.0,54.0,,1986,ccd-lea-2010
2010,0804920,3090,WELD COUNTY REORGANIZED SCHOOL DISTRICT NO. RE-3,143.0,3.0,8.0,64.0,66.0,,2276,ccd-lea-2010
2010,0807350,3100,WELD COUNTY REORGANIZED SCHOOL DISTRICT NO. RE-4,270.0,5.0,17.0,141.0,106.0,,4364,ccd-lea-2010
2010,0804020,3140,WELD COUNTY REORGANIZED SCHOOL DISTRICT NO. RE-8,138.0,5.0,12.0,65.0,55.0,,2403,ccd-lea-2010
2010,0803600,3085,WELD COUNTY SCHOOL DISTRICT NO. RE-2,108.0,0.0,8.0,50.0,49.0,,1749,ccd-lea-2010
2010,0804830,3110,WELD COUNTY SCHOOL DISTRICT NO. RE-5J,177.0,5.0,14.0,88.0,69.0,,3138,ccd-lea-2010
2010,0804950,3130,WELD COUNTY SCHOOL DISTRICT NO. RE-7,81.0,0.0,4.0,37.0,39.0,,1057,ccd-lea-2010
2010,0802310,3145,WELD COUNTY SCHOOL DISTRICT NO. RE-9,57.0,0.0,4.0,25.0,27.0,,846,ccd-lea-2010
2010,0800250,62040,WELD RE-4 WINDSOR,0.0,0.0,0.0,0.0,0.0,,0,ccd-lea-2010
2010,0800281,62050,"WELD RE-5J, JOHNSTOWN-MILLIKEN",0.0,0.0,0.0,0.0,0.0,,0,ccd-lea-2010
2010,0805850,2190,WEST END SCHOOL DISTRICT NO. RE-2,25.0,0.0,1.0,10.0,12.0,,347,ccd-lea-2010
2010,0805070,1340,WEST GRAND SCHOOL DISTRICT NO. 1,36.0,0.0,2.0,17.0,16.0,,429,ccd-lea-2010
2010,0807230,0070,"WESTMINSTER, SCHOOL DISTRICT NO. 50, IN THE COUNTY OF ADAMS",533.0,15.0,48.0,276.0,193.0,,10049,ccd-lea-2010
2010,0807320,2680,WILEY SCHOOL DISTRICT NO. RE-13 JT,21.0,1.0,1.0,8.0,11.0,,237,ccd-lea-2010
2010,0807380,3020,WOODLAND PARK SCHOOL DISTRICT NO. RE-2,166.0,3.0,11.0,69.0,81.0,,2752,ccd-lea-2010
2010,0807410,3070,WOODLIN SCHOOL DISTRICT NO. R-104,11.0,0.0,1.0,3.0,6.0,,113,ccd-lea-2010
2010,0800017,3210,WRAY RD-2 SCHOOL DISTRICT,46.0,1.0,3.0,21.0,20.0,,714,ccd-lea-2010
2010,0800016,3200,YUMA 1 SCHOOL DISTRICT,66.0,1.0,5.0,30.0,29.0,,849,ccd-lea-2010
2011,0801920,1040,"ACADEMY, SCHOOL DISTRICT NO. 20, IN THE COUNTY OF EL PASO AN",1419.0,17.0,85.0,634.0,682.0,,23657,ccd-lea-2011
2011,0800258,01010,ADAMS 1 MAPLETON,0.0,0.0,0.0,0.0,0.0,,0,ccd-lea-2011
2011,0806900,0020,ADAMS 12 FIVE STAR SCHOOLS,2108.0,16.0,149.0,1020.0,922.0,,42990,ccd-lea-2011
2011,0800268,01020,ADAMS 12 NORTHGLENN,0.0,0.0,0.0,0.0,0.0,,0,ccd-lea-2011
2011,0800272,01030,ADAMS 14 COMMERCE CITY,0.0,0.0,0.0,0.0,0.0,,0,ccd-lea-2011
2011,0800237,01040,ADAMS 27J BRIGHTON,0.0,0.0,0.0,0.0,0.0,,0,ccd-lea-2011
2011,0800257,01070,ADAMS 50 WESTMINSTER,0.0,0.0,0.0,0.0,0.0,,0,ccd-lea-2011
2011,0800009,9120,ADAMS COUNTY BOCES,0.0,0.0,0.0,0.0,0.0,,,ccd-lea-2011
2011,0800255,03060,ADAMS-ARAP 28J AURORA,0.0,0.0,0.0,0.0,0.0,,0,ccd-lea-2011
2011,0801980,0960,AGATE SCHOOL DISTRICT NO. 300,1.0,0.0,0.0,1.0,0.0,,9,ccd-lea-2011
2011,0802010,1620,AGUILAR REORGANIZED SCHOOL DISTRICT NO. 6,13.0,1.0,1.0,3.0,7.0,,94,ccd-lea-2011
2011,0802040,3030,AKRON SCHOOL DISTRICT NO. R-1,26.0,0.0,1.0,10.0,14.0,,359,ccd-lea-2011
2011,0802070,0100,"ALAMOSA SCHOOL DISTRICT, NO. RE-11J",116.0,0.0,12.0,57.0,46.0,,2098,ccd-lea-2011
2011,0800273,03010,ARAPAHOE 1 ENGLEWOOD,0.0,0.0,0.0,0.0,0.0,,0,ccd-lea-2011
2011,0800228,03020,ARAPAHOE 2 SHERIDAN,0.0,0.0,0.0,0.0,0.0,,0,ccd-lea-2011
2011,0800247,03030,ARAPAHOE 5 CHERRY CREEK,0.0,0.0,0.0,0.0,0.0,,0,ccd-lea-2011
2011,0800224,03040,ARAPAHOE 6 LITTLETON,0.0,0.0,0.0,0.0,0.0,,0,ccd-lea-2011
2011,0802190,0220,ARCHULETA COUNTY SCHOOL DISTRICT NO. 50 JT,84.0,0.0,5.0,40.0,38.0,,1405,ccd-lea-2011
2011,0802220,3040,ARICKAREE SCHOOL DISTRICT NO. R-2,14.0,0.0,1.0,5.0,7.0,,104,ccd-lea-2011
2011,0802260,1450,ARRIBA-FLAGLER CONSOLIDATED SCHOOL DISTRICT NO. 20,15.0,0.0,1.0,7.0,6.0,,167,ccd-lea-2011
2011,0802280,2640,"ASPEN SCHOOL DISTRICT NO. 1, IN THE COUNTY OF PITKIN AND STA",138.0,1.0,9.0,62.0,64.0,,1712,ccd-lea-2011
2011,0802340,0180,"AURORA, JOINT DISTRICT NO. 28 OF THE COUNTIES OF ADAMS AND A",1976.0,15.0,241.0,968.0,751.0,,39696,ccd-lea-2011
2011,0802400,1530,BAYFIELD SCHOOL DISTRICT NO. 10JT-R,85.0,0.0,8.0,38.0,38.0,,1362,ccd-lea-2011
2011,0802430,0050,BENNETT SCHOOL DISTRICT NO. 29J,64.0,0.0,4.0,31.0,28.0,,1085,ccd-lea-2011
2011,0802460,1490,BETHUNE SCHOOL DISTRICT NO. R- 5,15.0,0.0,1.0,7.0,6.0,,133,ccd-lea-2011
2011,0806600,0940,BIG SANDY SCHOOL DISTRICT NO. 100J,27.0,0.0,1.0,11.0,14.0,,330,ccd-lea-2011
2011,0800263,07010,BOULDER RE-1J ST VRAIN,0.0,0.0,0.0,0.0,0.0,,0,ccd-lea-2011
2011,0800227,07020,BOULDER RE-2 BOULDER,0.0,0.0,0.0,0.0,0.0,,0,ccd-lea-2011
2011,0802490,0480,BOULDER VALLEY SCHOOL DISTRICT NO. RE2,1707.0,30.0,110.0,826.0,739.0,,29780,ccd-lea-2011
2011,0802520,1750,BRANSON REORGANIZED SCHOOL DISTRICT NO. 82,27.0,0.0,1.0,9.0,16.0,,438,ccd-lea-2011
2011,0802580,0040,BRIGHTON SCHOOL DISTRICT NO. 27J,767.0,29.0,68.0,390.0,278.0,,15671,ccd-lea-2011
2011,0802640,0490,BUENA VISTA SCHOOL DISTRICT NO. R-31,70.0,1.0,3.0,28.0,36.0,,1013,ccd-lea-2011
2011,0802670,1500,BURLINGTON PUBLIC SCHOOL DISTRICT NO. RE-6J,48.0,0.0,3.0,19.0,24.0,,832,ccd-lea-2011
2011,0802700,0190,BYERS SCHOOL DISTRICT NO. 32J,31.0,0.0,2.0,14.0,14.0,,494,ccd-lea-2011
2011,0802730,0970,CALHAN DISTRICT NO. RJ1,36.0,1.0,2.0,14.0,17.0,,526,ccd-lea-2011
2011,0802760,0270,CAMPO SCHOOL DISTRICT NO. RE-6,9.0,0.0,0.0,3.0,4.0,,57,ccd-lea-2011
2011,0800226,64203,CENTENNIAL BOCES,0.0,0.0,0.0,0.0,0.0,,0,ccd-lea-2011
2011,0899200,9035,CENTENNIAL BOCES,8.0,2.0,0.0,0.0,5.0,,90,ccd-lea-2011
2011,0806360,0640,CENTENNIAL SCHOOL DISTRICT NO. R-1,15.0,0.0,1.0,5.0,8.0,,248,ccd-lea-2011
2011,0802850,2810,"CENTER CONSOLIDATED SCHOOL DISTRICT NO. 26 JT., OF THE COUNT",42.0,0.0,3.0,18.0,20.0,,612,ccd-lea-2011
2011,0800266,80010,CHARTER SCHOOL INSTITUTE,0.0,0.0,0.0,0.0,0.0,,0,ccd-lea-2011
2011,0802880,2560,"CHERAW, SCHOOL DISTRICT NO. 31, IN THE COUNTY OF OTERO AND S",20.0,0.0,0.0,10.0,9.0,,219,ccd-lea-2011
2011,0802910,0130,"CHERRY CREEK, SCHOOL DISTRICT NO. 5, IN THE COUNTY OF ARAPAH",2894.0,23.0,173.0,1427.0,1270.0,,52655,ccd-lea-2011
2011,0800001,0520,CHEYENNE COUNTY SCHOOL DISTRICT NO. RE-5,18.0,0.0,1.0,9.0,7.0,,206,ccd-lea-2011
2011,0802940,1020,"CHEYENNE MOUNTAIN SCHOOL DISTRICT NO. 12, IN THE COUNTY OF E",291.0,5.0,21.0,143.0,121.0,,4612,ccd-lea-2011
2011,0802550,3146,"CHOOL DISTRICT NO. RE-10, IN THE COUNTY OF WELD AND STATE OF",15.0,0.0,1.0,6.0,7.0,,156,ccd-lea-2011
2011,0803000,0540,CLEAR CREEK SCHOOL DISTRICT NO. RE-1,58.0,0.0,6.0,29.0,22.0,,993,ccd-lea-2011
2011,0800259,66060,CMHI PUEBLO,0.0,0.0,0.0,0.0,0.0,,,ccd-lea-2011
2011,0800023,9000,COLORADO SCHOOL FOR THE DEAF AND BLIND,36.0,2.0,1.0,11.0,21.0,,0,ccd-lea-2011
2011,0803060,1010,"COLORADO SPRINGS, SCHOOL DISTRICT NO. 11, IN THE COUNTY OF E",1792.0,24.0,163.0,880.0,723.0,,29543,ccd-lea-2011
2011,0803150,2010,CREEDE SCHOOL DISTRICT,12.0,0.0,1.0,5.0,5.0,,81,ccd-lea-2011
2011,0803180,3010,CRIPPLE CREEK-VICTOR SCHOOL DISTRICT NO. RE-1,27.0,1.0,1.0,10.0,14.0,,404,ccd-lea-2011
2011,0803210,0770,CROWLEY COUNTY SCHOOL DISTRICT NO. RE-1-J,29.0,0.0,2.0,12.0,13.0,,479,ccd-lea-2011
2011,0800280,66050,CSDB,0.0,0.0,0.0,0.0,0.0,,,ccd-lea-2011
2011,0807200,0860,CUSTER COUNTY SCHOOL DISTRICT CONSOLIDATE 1,31.0,1.0,1.0,12.0,15.0,,443,ccd-lea-2011
2011,0803240,1980,"DE BEQUE, JOINT DISTRICT NO. 49 OF THE COUNTIES OF MESA AND",16.0,1.0,1.0,7.0,6.0,,125,ccd-lea-2011
2011,0803270,0170,DEER TRAIL SCHOOL DISTRICT NO. 26J,19.0,1.0,1.0,8.0,8.0,,178,ccd-lea-2011
2011,0803300,2730,DEL NORTE CONSOLIDATED SCHOOL DISTRICT NO. C-7,43.0,0.0,3.0,17.0,22.0,,522,ccd-lea-2011
2011,0800239,15010,DELTA 50J,0.0,0.0,0.0,0.0,0.0,,0,ccd-lea-2011
2011,0803330,0870,DELTA COUNTY JOINT DISTRICT NO. 50,277.0,2.0,22.0,124.0,128.0,,5284,ccd-lea-2011
2011,0800004,9130,DENVER 1,22.0,0.0,1.0,9.0,11.0,,362,ccd-lea-2011
2011,0800245,16010,DENVER 1,0.0,0.0,0.0,0.0,0.0,,0,ccd-lea-2011
2011,0800230,66070,DEPARTMENT OF CORRECTIONS,0.0,0.0,0.0,0.0,0.0,,,ccd-lea-2011
2011,0800232,66080,DIVISION OF YOUTH SERVICES,0.0,0.0,0.0,0.0,0.0,,,ccd-lea-2011
2011,0803420,0890,DOLORES COUNTY SCHOOL DISTRICT RE-2J,21.0,1.0,1.0,10.0,8.0,,293,ccd-lea-2011
2011,0803390,2055,DOLORES SCHOOL DISTRICT NO. RE-4A,47.0,0.0,2.0,22.0,22.0,,722,ccd-lea-2011
2011,0803450,0900,"DOUGLAS COUNTY SCHOOL DISTRICT, NO. RE 1",2976.0,33.0,199.0,1513.0,1229.0,,63114,ccd-lea-2011
2011,0800260,18010,DOUGLAS RE-1,0.0,0.0,0.0,0.0,0.0,,0,ccd-lea-2011
2011,0803480,1520,DURANGO SCHOOL DISTRICT NO. 9-R,282.0,7.0,25.0,135.0,113.0,,4559,ccd-lea-2011
2011,0803540,0910,EAGLE COUNTY SCHOOL DISTRICT NO. RE 50,428.0,6.0,38.0,223.0,160.0,,6344,ccd-lea-2011
2011,0800234,64043,EAST CENTRAL BOCES,0.0,0.0,0.0,0.0,0.0,,0,ccd-lea-2011
2011,0899080,9025,EAST CENTRAL BOCES,6.0,1.0,0.0,1.0,3.0,,,ccd-lea-2011
2011,0804320,1350,EAST GRAND SCHOOL DISTRICT NO. 2,97.0,3.0,9.0,45.0,38.0,,1273,ccd-lea-2011
2011,0805130,2520,EAST OTERO SCHOOL DISTRICT NO. R1,78.0,0.0,6.0,41.0,30.0,,1293,ccd-lea-2011
2011,0803630,1120,"EDISON, JOINT DISTRICT NO. 54 OF THE COUNTIES OF EL PASO AND",12.0,0.0,0.0,5.0,6.0,,190,ccd-lea-2011
2011,0800279,21050,EL PASO 11 COLO SPRINGS,0.0,0.0,0.0,0.0,0.0,,0,ccd-lea-2011
2011,0800264,21060,"EL PASO 12, CHEYENNE MOUNTAIN",0.0,0.0,0.0,0.0,0.0,,0,ccd-lea-2011
2011,0800236,21020,EL PASO 2 HARRISON,0.0,0.0,0.0,0.0,0.0,,0,ccd-lea-2011
2011,0800225,21080,EL PASO 20 ACADEMY,0.0,0.0,0.0,0.0,0.0,,0,ccd-lea-2011
2011,0800223,21030,EL PASO 3 WIDEFIELD,0.0,0.0,0.0,0.0,0.0,,0,ccd-lea-2011
2011,0800231,21085,"EL PASO 38, LEWIS PALMER",0.0,0.0,0.0,0.0,0.0,,0,ccd-lea-2011
2011,0800242,21090,EL PASO 49 FALCON,0.0,0.0,0.0,0.0,0.0,,0,ccd-lea-2011
2011,0800220,21040,EL PASO 8 FOUNTAIN,0.0,0.0,0.0,0.0,0.0,,0,ccd-lea-2011
2011,0803690,0950,ELBERT SCHOOL DISTRICT NO. 200,22.0,1.0,1.0,8.0,11.0,,199,ccd-lea-2011
2011,0803750,1050,"ELLICOTT, SCHOOL DISTRICT NO. 22, IN THE COUNTY OF EL PASO A",56.0,3.0,4.0,25.0,23.0,,1003,ccd-lea-2011
2011,0803780,0120,"ENGLEWOOD, SCHOOL DISTRICT NO. 1, IN THE COUNTY OF ARAPAHOE",163.0,2.0,14.0,72.0,74.0,,2954,ccd-lea-2011
2011,0803870,1110,"FALCON, SCHOOL DISTRICT NO. 49, IN THE COUNTY OF EL PASO AND",784.0,14.0,63.0,399.0,305.0,,15063,ccd-lea-2011
2011,0800265,21490,FORT LUPTON/KEENESBURG,0.0,0.0,0.0,0.0,0.0,,0,ccd-lea-2011
2011,0804080,1000,"FOUNTAIN, SCHOOL DISTRICT NO. 8, IN THE COUNTY OF EL PASO AN",461.0,11.0,39.0,243.0,166.0,,7702,ccd-lea-2011
2011,0804110,2540,FOWLER SCHOOL DISTRICT NO. R4J,34.0,0.0,2.0,16.0,15.0,,407,ccd-lea-2011
2011,0802790,1140,FREMONT RE-1,218.0,4.0,18.0,108.0,86.0,,3738,ccd-lea-2011
2011,0800233,22010,FREMONT RE-1 CANON CITY,0.0,0.0,0.0,0.0,0.0,,0,ccd-lea-2011
2011,0803960,1150,FREMONT RE-2,98.0,0.0,8.0,43.0,47.0,,1580,ccd-lea-2011
2011,0803120,1160,FREMONT RE-3,19.0,0.0,1.0,8.0,9.0,,205,ccd-lea-2011
2011,0800015,9160,FRONT RANGE BOCES,0.0,0.0,0.0,0.0,0.0,,,ccd-lea-2011
2011,0806240,1195,GARFIELD SCHOOL DISTRICT NO. RE-2,275.0,5.0,19.0,144.0,105.0,,4717,ccd-lea-2011
2011,0804740,1780,GENOA-HUGO SCHOOL DISTRICT NO. C-113,16.0,0.0,1.0,7.0,8.0,,185,ccd-lea-2011
2011,0804230,1330,GILPIN COUNTY SCHOOL DISTRICT NO. RE-1,30.0,2.0,2.0,12.0,12.0,,380,ccd-lea-2011
2011,0804290,2650,GRANADA SCHOOL DISTRICT NO. RE-1,23.0,0.0,1.0,8.0,13.0,,247,ccd-lea-2011
2011,0800011,9135,GRAND VALLEY BOCES,0.0,0.0,0.0,0.0,0.0,,,ccd-lea-2011
2011,0804380,1220,"GRAND VALLEY, SCHOOL DISTRICT NO. 16, IN THE COUNTY OF GARFI",66.0,0.0,3.0,28.0,33.0,,1176,ccd-lea-2011
2011,0804410,3120,"GREELEY,SCHOOL DISTRICT NO. 6, IN THE COUNTY OF WELD AND STA",1100.0,23.0,84.0,553.0,439.0,,19840,ccd-lea-2011
2011,0800240,26011,GUNNISON RE-1J,0.0,0.0,0.0,0.0,0.0,,0,ccd-lea-2011
2011,0804470,1360,GUNNISON WATERSHED SCHOOL DISTRICT RE1J,133.0,3.0,10.0,65.0,53.0,,1846,ccd-lea-2011
2011,0804500,1070,"HANOVER, SCHOOL DISTRICT NO. 28, IN THE COUNTY OF EL PASO AN",17.0,0.0,1.0,8.0,8.0,,208,ccd-lea-2011
2011,0804530,0980,"HARRISON, SCHOOL DISTRICT NO. 2, IN THE COUNTY OF EL PASO AN",694.0,0.0,62.0,379.0,252.0,,11108,ccd-lea-2011
2011,0804560,2630,"HAXTUN SCHOOL DISTRICT, NO. RE-2J",24.0,0.0,1.0,11.0,11.0,,323,ccd-lea-2011
2011,0804590,2760,HAYDEN SCHOOL DISTRICT NO. RE 1,33.0,0.0,3.0,12.0,16.0,,389,ccd-lea-2011
2011,0806510,1460,HI-PLAINS R-23,15.0,1.0,1.0,5.0,7.0,,129,ccd-lea-2011
2011,0804620,1380,HINSDALE COUNTY SCHOOL DISTRICT NO. RE-1,10.0,0.0,0.0,4.0,5.0,,91,ccd-lea-2011
2011,0804650,1600,HOEHNE REORGANIZED SCHOOL DISTRICT NO. 3,20.0,0.0,1.0,9.0,10.0,,351,ccd-lea-2011
2011,0804680,2670,HOLLY SCHOOL DISTRICT NO. RE-3,21.0,0.0,1.0,10.0,9.0,,294,ccd-lea-2011
2011,0804710,2620,HOLYOKE SCHOOL DISTRICT NO. RE-1J,44.0,0.0,4.0,20.0,19.0,,633,ccd-lea-2011
2011,0807080,1390,HUERFANO SCHOOL DISTRICT RE-1,40.0,2.0,3.0,19.0,15.0,,554,ccd-lea-2011
2011,0800018,3220,IDALIA RJ-3 SCHOOL DISTRICT,13.0,0.0,0.0,6.0,5.0,,161,ccd-lea-2011
2011,0804770,1540,IGNACIO SCHOOL DISTRICT NO. 11JT,61.0,0.0,4.0,27.0,30.0,,759,ccd-lea-2011
2011,0804800,1420,JEFFERSON COUNTY SCHOOL DISTRICT NO. R-1,4729.0,40.0,305.0,2193.0,2189.0,,85793,ccd-lea-2011
2011,0800222,30011,JEFFERSON R-1,0.0,0.0,0.0,0.0,0.0,,0,ccd-lea-2011
2011,0804860,2862,JULESBURG SCHOOL DISTRICT NO. RE1,26.0,0.0,1.0,11.0,13.0,,888,ccd-lea-2011
2011,0804890,1810,KARVAL SCHOOL DISTRICT NO. RE 23,17.0,0.0,0.0,5.0,10.0,,194,ccd-lea-2011
2011,0804980,1760,KIM REORGANIZED SCHOOL DISTRICT NO. 88,10.0,0.0,0.0,3.0,6.0,,57,ccd-lea-2011
2011,0803510,1430,KIOWA COUNTY SCHOOL DISTRICT NO. RE-1,18.0,0.0,1.0,7.0,9.0,,185,ccd-lea-2011
2011,0806930,1440,KIOWA COUNTY SCHOOL DISTRICT NO. RE-2,10.0,1.0,0.0,4.0,4.0,,90,ccd-lea-2011
2011,0805040,0510,KIT CARSON SCHOOL DISTRICT NO. R-1,15.0,0.0,1.0,7.0,6.0,,120,ccd-lea-2011
2011,0805160,1400,LA VETA SCHOOL DISTRICT RE-2,20.0,0.0,1.0,7.0,10.0,,225,ccd-lea-2011
2011,0805190,1510,LAKE COUNTY SCHOOL DISTRICT NO. R-1,68.0,0.0,6.0,32.0,29.0,,1224,ccd-lea-2011
2011,0805220,2660,LAMAR SCHOOL DISTRICT NO. RE-2,106.0,3.0,8.0,50.0,43.0,,1667,ccd-lea-2011
2011,0800249,35010,LARIMER R-1 POUDRE,0.0,0.0,0.0,0.0,0.0,,0,ccd-lea-2011
2011,0800251,35020,LARIMER R-2J THOMPSON,0.0,0.0,0.0,0.0,0.0,,0,ccd-lea-2011
2011,0800267,35030,LARIMER R-3 PARK,0.0,0.0,0.0,0.0,0.0,,0,ccd-lea-2011
2011,0805250,0290,LAS ANIMAS SCHOOL DISTRICT NO. RE-1,32.0,0.0,4.0,14.0,13.0,,539,ccd-lea-2011
2011,0805820,1080,"LEWIS-PALMER CONSOLIDATED, SCHOOL DISTRICT NO. 38, IN THE CO",307.0,2.0,19.0,136.0,147.0,,6076,ccd-lea-2011
2011,0800019,3230,LIBERTY J-4 SCHOOL DISTRICT,13.0,0.0,0.0,5.0,8.0,,83,ccd-lea-2011
2011,0805280,1790,"LIMON SCHOOL DISTRICT, NO. RE 4J",28.0,0.0,2.0,13.0,12.0,,451,ccd-lea-2011
2011,0805310,0140,"LITTLETON, SCHOOL DISTRICT NO. 6, IN THE COUNTY OF ARAPAHOE",821.0,4.0,54.0,377.0,384.0,,15571,ccd-lea-2011
2011,0800235,38010,LOGAN RE-1 VALLEY,0.0,0.0,0.0,0.0,0.0,,0,ccd-lea-2011
2011,0805340,3060,LONE STAR SCHOOL DISTRICT NO. 101,16.0,0.0,1.0,6.0,8.0,,112,ccd-lea-2011
2011,0805460,2070,MANCOS SCHOOL DISTRICT RE-6,29.0,0.0,2.0,14.0,12.0,,374,ccd-lea-2011
2011,0805490,1030,"MANITOU SPRINGS, SCHOOL DISTRICT NO. 14, IN THE COUNTY OF EL",94.0,1.0,5.0,41.0,46.0,,1510,ccd-lea-2011
2011,0805520,2535,"MANZANOLA, JOINT DISTRICT NO. 3J, OF THE COUNTIES OF OTERO A",19.0,0.0,1.0,8.0,8.0,,163,ccd-lea-2011
2011,0805550,0010,"MAPLETON, SCHOOL DISTRICT NO. 1, IN THE COUNTY OF ADAMS & ST",371.0,13.0,20.0,180.0,157.0,,7760,ccd-lea-2011
2011,0805580,0310,MCCLAVE SCHOOL DISTRICT NO. RE-2,19.0,1.0,1.0,8.0,9.0,,293,ccd-lea-2011
2011,0805610,2710,MEEKER SCHOOL DISTRICT RE1,36.0,0.0,2.0,17.0,17.0,,715,ccd-lea-2011
2011,0800246,39031,MESA 51 GRAND JUNCTION,0.0,0.0,0.0,0.0,0.0,,0,ccd-lea-2011
2011,0804350,2000,MESA COUNTY VALLEY SCHOOL DISTRICT NO. 51,1251.0,79.0,81.0,543.0,547.0,,21925,ccd-lea-2011
2011,0805670,1130,"MIAMI-YODER, JOINT DISTRICT NO. 60 OF THE COUNTIES OF EL PAS",21.0,0.0,1.0,10.0,9.0,,316,ccd-lea-2011
2011,0805730,2020,MOFFAT COUNTY SCHOOL DISTRICT RE: NO. 1,131.0,1.0,11.0,64.0,54.0,,2299,ccd-lea-2011
2011,0800254,41010,MOFFAT RE-1 CRAIG,0.0,0.0,0.0,0.0,0.0,,0,ccd-lea-2011
2011,0805700,2800,"MOFFAT, SCHOOL DISTRICT NO. 2, IN THE COUNTY OF SAGUACHE AND",22.0,1.0,1.0,8.0,11.0,,216,ccd-lea-2011
2011,0805760,2740,MONTE VISTA SCHOOL DISTRICT NO. C-8,75.0,1.0,6.0,33.0,34.0,,1198,ccd-lea-2011
2011,0803090,2035,MONTEZUMA-CORTEZ SCHOOL DISTRICT NO. RE-1,176.0,2.0,11.0,83.0,79.0,,2830,ccd-lea-2011
2011,0805790,2180,MONTROSE COUNTY SCHOOL DISTRICT RE-1J,339.0,10.0,20.0,164.0,143.0,,6294,ccd-lea-2011
2011,0800269,43010,MONTROSE RE-1J,0.0,0.0,0.0,0.0,0.0,,0,ccd-lea-2011
2011,0800243,44020,"MORGAN RE-3, FORT MORGAN",0.0,0.0,0.0,0.0,0.0,,0,ccd-lea-2011
2011,0800238,64053,"MOUNT EVANS BOCES, IDAHO SPRIN",0.0,0.0,0.0,0.0,0.0,,0,ccd-lea-2011
2011,0800274,64093,MOUNTAIN BOCES,0.0,0.0,0.0,0.0,0.0,,0,ccd-lea-2011
2011,0899160,9030,MOUNTAIN BOCES,14.0,0.0,0.0,3.0,10.0,,136,ccd-lea-2011
2011,0806300,2790,MOUNTAIN VALLEY SCHOOL DISTRICT NO. RE 1,14.0,0.0,1.0,7.0,5.0,,121,ccd-lea-2011
2011,0800012,9140,MT EVANS BOCES,0.0,0.0,0.0,0.0,0.0,,,ccd-lea-2011
2011,0805100,0550,NORTH CONEJOS SCHOOL DISTRICT NO. RE1J,70.0,0.0,5.0,29.0,36.0,,992,ccd-lea-2011
2011,0807050,1410,NORTH PARK SCHOOL DISTRICT R-1,22.0,1.0,1.0,8.0,10.0,,196,ccd-lea-2011
2011,0800229,64103,NORTHEAST BOCES,0.0,0.0,0.0,0.0,0.0,,0,ccd-lea-2011
2011,0899180,9040,NORTHEAST BOCES,5.0,2.0,0.0,0.0,2.0,,,ccd-lea-2011
2011,0800248,64123,NORTHWEST BOCES,0.0,0.0,0.0,0.0,0.0,,0,ccd-lea-2011
2011,0899220,9095,NORTHWEST COLO BOCES,1.0,1.0,0.0,0.0,0.0,,,ccd-lea-2011
2011,0805880,2840,NORWOOD SCHOOL DISTRICT NO. R-2J,22.0,1.0,1.0,9.0,10.0,,280,ccd-lea-2011
2011,0805940,3050,OTIS SCHOOL DISTRICT NO. R-3,18.0,0.0,1.0,8.0,8.0,,191,ccd-lea-2011
2011,0805970,2580,"OURAY, SCHOOL DISTRICT NO. R-1, OF  THE COUNTY OF OURAY AND",22.0,1.0,1.0,8.0,11.0,,194,ccd-lea-2011
2011,0803840,2610,PARK COUNTY SCHOOL DISTRICT NO. RE-2,45.0,2.0,3.0,21.0,17.0,,571,ccd-lea-2011
2011,0803810,1570,PARK SCHOOL DISTRICT R-3,82.0,1.0,6.0,37.0,37.0,,1175,ccd-lea-2011
2011,0806060,1060,"PEYTON, SCHOOL DISTRICT NO. 23, IN THE COUNTY OF EL PASO AND",40.0,2.0,1.0,17.0,20.0,,654,ccd-lea-2011
2011,0800276,64133,PIKES PEAK BOCES,0.0,0.0,0.0,0.0,0.0,,0,ccd-lea-2011
2011,0899240,9045,PIKES PEAK BOCES,15.0,1.0,0.0,6.0,7.0,,,ccd-lea-2011
2011,0803030,1990,"PLATEAU VALLEY, SCHOOL DISTRICT NO. 50 IN THE COUNTY OF MESA",32.0,1.0,1.0,12.0,16.0,,489,ccd-lea-2011
2011,0802370,2600,"PLATTE CANYON, SCHOOL DISTRICT NO. 1, OF  THE COUNTY OF PARK",68.0,0.0,4.0,31.0,32.0,,1092,ccd-lea-2011
2011,0806000,2865,PLATTE VALLEY SCHOOL DISTRICT NO. RE3,14.0,0.0,1.0,7.0,5.0,,121,ccd-lea-2011
2011,0803990,1550,POUDRE SCHOOL DISTRICT R-1,1551.0,28.0,113.0,744.0,665.0,,27510,ccd-lea-2011
2011,0807260,1590,PRIMERO REORGANIZED SCHOOL DISTRICT NO. 2,20.0,0.0,1.0,7.0,10.0,,189,ccd-lea-2011
2011,0806090,0240,PRITCHETT SCHOOL DISTRICT NO. RE-3,11.0,0.0,0.0,5.0,5.0,,76,ccd-lea-2011
2011,0800221,51010,PUEBLO 60 URBAN,0.0,0.0,0.0,0.0,0.0,,0,ccd-lea-2011
2011,0800278,51020,PUEBLO 70 RURAL,0.0,0.0,0.0,0.0,0.0,,0,ccd-lea-2011
2011,0806150,2700,PUEBLO COUNTY SCHOOL DISTRICT 70,462.0,4.0,27.0,229.0,201.0,,8971,ccd-lea-2011
2011,0806120,2690,"PUEBLO, SCHOOL DISTRICT NO. 60, IN THE COUNTY OF PUEBLO AND",1041.0,62.0,75.0,512.0,391.0,,17902,ccd-lea-2011
2011,0806180,2720,RANGELY SCHOOL DISTRICT RE4,30.0,0.0,1.0,14.0,14.0,,525,ccd-lea-2011
2011,0806210,2590,"RIDGWAY, SCHOOL DISTRICT NO. R-2,  OF  THE COUNTY OF OURAY A",28.0,1.0,2.0,12.0,13.0,,366,ccd-lea-2011
2011,0800277,64213,RIO BLANCO BOCES,0.0,0.0,0.0,0.0,0.0,,0,ccd-lea-2011
2011,0899280,9125,RIO BLANCO BOCES,8.0,1.0,0.0,2.0,3.0,,,ccd-lea-2011
2011,0804260,1180,ROARING FORK SCHOOL DISTRICT NO. RE-1,357.0,2.0,25.0,183.0,145.0,,5382,ccd-lea-2011
2011,0806270,2530,ROCKY FORD SCHOOL DISTRICT NO. R2,57.0,0.0,4.0,26.0,26.0,,877,ccd-lea-2011
2011,0806330,0500,SALIDA SCHOOL DISTRICT NO. R-32,87.0,6.0,4.0,36.0,39.0,,1102,ccd-lea-2011
2011,0800253,64143,SAN JUAN BOCES,0.0,0.0,0.0,0.0,0.0,,0,ccd-lea-2011
2011,0899300,9050,SAN JUAN BOCES,5.0,3.0,0.0,0.0,1.0,,51,ccd-lea-2011
2011,0800261,64153,SAN LUIS VALLEY BOCES,0.0,0.0,0.0,0.0,0.0,,0,ccd-lea-2011
2011,0899320,9055,SAN LUIS VALLEY BOCES,14.0,4.0,0.0,3.0,5.0,,,ccd-lea-2011
2011,0806390,0560,"SANFORD, SCHOOL DISTRICT NO. 6, IN THE COUNTY OF CONEJOS AND",23.0,1.0,2.0,8.0,11.0,,354,ccd-lea-2011
2011,0806420,0110,"SANGRE DE CRISTO SCHOOL DISTRICT, NO. RE-22J",27.0,1.0,2.0,9.0,14.0,,310,ccd-lea-2011
2011,0800014,9150,SANTA FE TRAIL BOCES,4.0,1.0,0.0,1.0,1.0,,,ccd-lea-2011
2011,0800271,64160,SANTA FE TRAIL BOCES,0.0,0.0,0.0,0.0,0.0,,0,ccd-lea-2011
2011,0806450,2750,SARGENT SCHOOL DISTRICT NO. RE-33J,34.0,0.0,2.0,16.0,14.0,,453,ccd-lea-2011
2011,0801950,0030,SCHOOL DISTRICT N. 14 IN THE COUNTY OF ADAMS & STATE OF COLO,364.0,19.0,34.0,172.0,137.0,,7321,ccd-lea-2011
2011,0803360,0880,SCHOOL DISTRICT NO. 1 IN THE COUNTY OF DENVER AND STATE OF C,4588.0,233.0,302.0,2238.0,1814.0,,80890,ccd-lea-2011
2011,0806480,0990,SCHOOL DISTRICT NO. 3 IN THE COUNTY OF EL PASO AND STATE OF,514.0,16.0,45.0,235.0,217.0,,9184,ccd-lea-2011
2011,0803720,0920,"SCHOOL DISTRICT NO. C-1, IN THE COUNTY OF ELBERT AND STATE O",154.0,0.0,10.0,69.0,72.0,,2656,ccd-lea-2011
2011,0805010,0930,SCHOOL DISTRICT NO. C-2 IN THE COUNTY OF ELBERT AND STATE OF,30.0,1.0,2.0,12.0,14.0,,393,ccd-lea-2011
2011,0806780,1480,SCHOOL DISTRICT NO. R-4 IN THE COUNTY OF KIT CARSON AND STAT,16.0,0.0,1.0,7.0,7.0,,174,ccd-lea-2011
2011,0806690,1828,"SCHOOL DISTRICT NO. RE-1, VALLEY",146.0,1.0,6.0,68.0,70.0,,2350,ccd-lea-2011
2011,0806720,3147,SCHOOL DISTRICT NO. RE-11 IN THE COUNTY OF WELD AND STATE OF,17.0,0.0,1.0,7.0,8.0,,171,ccd-lea-2011
2011,0804440,3148,SCHOOL DISTRICT NO. RE-12 IN THE COUNTY OF WELD AND STATE OF,13.0,0.0,0.0,5.0,7.0,,91,ccd-lea-2011
2011,0802610,2395,"SCHOOL DISTRICT NO. RE-2, BRUSH",96.0,3.0,7.0,46.0,38.0,,1501,ccd-lea-2011
2011,0807140,2505,"SCHOOL DISTRICT NO. RE-20, WELDON VALLEY",17.0,0.0,1.0,7.0,8.0,,212,ccd-lea-2011
2011,0803930,1850,SCHOOL DISTRICT NO. RE-3 FRENCHMAN,19.0,0.0,1.0,8.0,9.0,,185,ccd-lea-2011
2011,0804050,2405,"SCHOOL DISTRICT NO. RE-3, FORT MORGAN",199.0,11.0,14.0,91.0,82.0,,3194,ccd-lea-2011
2011,0805640,1860,SCHOOL DISTRICT NO. RE-4 BUFFALO,23.0,0.0,1.0,8.0,13.0,,309,ccd-lea-2011
2011,0806030,1870,SCHOOL DISTRICT NO. RE-5 PLATEAU,18.0,1.0,1.0,7.0,8.0,,182,ccd-lea-2011
2011,0807290,2515,"SCHOOL DISTRICT NO. RE-50, WIGGINS",34.0,0.0,2.0,15.0,15.0,,537,ccd-lea-2011
2011,0806540,0123,SHERIDAN SCHOOL DISTRICT NO. 2,96.0,10.0,8.0,36.0,41.0,,1641,ccd-lea-2011
2011,0804140,0740,SIERRA GRANDE SCHOOL DISTRICT NO. R-30,22.0,0.0,1.0,8.0,12.0,,268,ccd-lea-2011
2011,0806570,2820,"SILVERTON, SCHOOL DISTRICT NO. 1, IN THE COUNTY OF SAN JUAN",8.0,0.0,0.0,4.0,3.0,,65,ccd-lea-2011
2011,0800241,64163,SOUTH CENTRAL BOCES,0.0,0.0,0.0,0.0,0.0,,0,ccd-lea-2011
2011,0899340,9060,SOUTH CENTRAL BOCES,6.0,2.0,0.0,0.0,2.0,,,ccd-lea-2011
2011,0802130,0580,SOUTH CONEJOS SCHOOL DISTRICT NO. RE10,20.0,0.0,1.0,8.0,11.0,,224,ccd-lea-2011
2011,0805910,2780,SOUTH ROUTT SCHOOL DISTRICT NO. RE 3,36.0,0.0,2.0,17.0,15.0,,390,ccd-lea-2011
2011,0800256,64193,SOUTHEASTERN BOCES,0.0,0.0,0.0,0.0,0.0,,0,ccd-lea-2011
2011,0899400,9075,SOUTHEASTERN BOCES,1.0,1.0,0.0,0.0,0.0,,,ccd-lea-2011
2011,0806630,0250,SPRINGFIELD SCHOOL DISTRICT NO. RE-4,26.0,1.0,1.0,10.0,13.0,,300,ccd-lea-2011
2011,0805370,0470,ST. VRAIN VALLEY SCHOOL DISTRICT NO. RE1J,1561.0,51.0,122.0,779.0,608.0,,28109,ccd-lea-2011
2011,0800020,8001,STATE CHARTER SCHOOL INSTITUTE,527.0,0.0,37.0,203.0,286.0,,10506,ccd-lea-2011
2011,0806660,2770,STEAMBOAT SPRINGS SCHOOL DISTRICT NO. RE 2,158.0,0.0,11.0,81.0,66.0,,2282,ccd-lea-2011
2011,0806750,0060,STRASBURG SCHOOL DISTRICT 31J,56.0,1.0,3.0,24.0,27.0,,1022,ccd-lea-2011
2011,0806810,3000,SUMMIT SCHOOL DISTRICT NO. RE 1,205.0,5.0,18.0,110.0,72.0,,3151,ccd-lea-2011
2011,0806840,2570,"SWINK, SCHOOL DISTRICT NO. 33, IN THE COUNTY OF OTERO AND ST",29.0,0.0,1.0,14.0,13.0,,355,ccd-lea-2011
2011,0806870,2830,TELLURIDE SCHOOL DISTRICT NO. R-1,62.0,0.0,5.0,31.0,24.0,,752,ccd-lea-2011
2011,0805400,1560,THOMPSON SCHOOL DISTRICT R-2J,838.0,19.0,59.0,429.0,331.0,,15655,ccd-lea-2011
2011,0806960,1580,"TRINIDAD, SCHOOL DISTRICT 1, IN THE COUNTY OF LAS ANIMAS AND",79.0,0.0,7.0,37.0,33.0,,1365,ccd-lea-2011
2011,0800013,9145,UNCOMPAHGRE BOCS,0.0,0.0,0.0,0.0,0.0,,,ccd-lea-2011
2011,0800262,64200,UNCOMPAHGRE BOCS,0.0,0.0,0.0,0.0,0.0,,0,ccd-lea-2011
2011,0800022,9165,UTE PASS BOCES,1.0,0.0,0.0,0.0,0.0,,,ccd-lea-2011
2011,0800275,64205,UTE PASS BOCES,0.0,0.0,0.0,0.0,0.0,,0,ccd-lea-2011
2011,0806990,0260,VILAS SCHOOL DISTRICT RE-5,23.0,0.0,0.0,6.0,16.0,,289,ccd-lea-2011
2011,0807110,0230,WALSH SCHOOL DISTRICT NO. RE-1,16.0,0.0,1.0,7.0,7.0,,161,ccd-lea-2011
2011,0800270,62060,WELD 6 GREELEY,0.0,0.0,0.0,0.0,0.0,,0,ccd-lea-2011
2011,0804200,3080,WELD COUNTY REORGANIZED SCHOOL DISTRICT NO. RE-1,120.0,0.0,10.0,59.0,50.0,,1895,ccd-lea-2011
2011,0804920,3090,WELD COUNTY REORGANIZED SCHOOL DISTRICT NO. RE-3,138.0,4.0,8.0,62.0,63.0,,2276,ccd-lea-2011
2011,0807350,3100,WELD COUNTY REORGANIZED SCHOOL DISTRICT NO. RE-4,275.0,4.0,19.0,141.0,110.0,,4582,ccd-lea-2011
2011,0804020,3140,WELD COUNTY REORGANIZED SCHOOL DISTRICT NO. RE-8,132.0,6.0,11.0,65.0,49.0,,2470,ccd-lea-2011
2011,0803600,3085,WELD COUNTY SCHOOL DISTRICT NO. RE-2,107.0,0.0,8.0,50.0,47.0,,1768,ccd-lea-2011
2011,0804830,3110,WELD COUNTY SCHOOL DISTRICT NO. RE-5J,171.0,4.0,14.0,85.0,67.0,,3271,ccd-lea-2011
2011,0804950,3130,WELD COUNTY SCHOOL DISTRICT NO. RE-7,76.0,0.0,5.0,34.0,36.0,,1086,ccd-lea-2011
2011,0802310,3145,WELD COUNTY SCHOOL DISTRICT NO. RE-9,57.0,0.0,4.0,25.0,28.0,,795,ccd-lea-2011
2011,0800250,62040,WELD RE-4 WINDSOR,0.0,0.0,0.0,0.0,0.0,,0,ccd-lea-2011
2011,0800281,62050,"WELD RE-5J, JOHNSTOWN-MILLIKEN",0.0,0.0,0.0,0.0,0.0,,0,ccd-lea-2011
2011,0805850,2190,WEST END SCHOOL DISTRICT NO. RE-2,20.0,0.0,1.0,9.0,9.0,,338,ccd-lea-2011
2011,0805070,1340,WEST GRAND SCHOOL DISTRICT NO. 1,35.0,0.0,2.0,16.0,16.0,,423,ccd-lea-2011
2011,0807230,0070,"WESTMINSTER, SCHOOL DISTRICT NO. 50, IN THE COUNTY OF ADAMS",542.0,16.0,49.0,279.0,197.0,,10124,ccd-lea-2011
2011,0807320,2680,WILEY SCHOOL DISTRICT NO. RE-13 JT,20.0,1.0,1.0,8.0,10.0,,235,ccd-lea-2011
2011,0807380,3020,WOODLAND PARK SCHOOL DISTRICT NO. RE-2,158.0,2.0,12.0,68.0,74.0,,2753,ccd-lea-2011
2011,0807410,3070,WOODLIN SCHOOL DISTRICT NO. R-104,12.0,0.0,1.0,3.0,7.0,,105,ccd-lea-2011
2011,0800017,3210,WRAY RD-2 SCHOOL DISTRICT,46.0,1.0,3.0,21.0,21.0,,728,ccd-lea-2011
2011,0800016,3200,YUMA 1 SCHOOL DISTRICT,63.0,1.0,7.0,27.0,27.0,,829,ccd-lea-2011
2012,0801920,1040,"ACADEMY, SCHOOL DISTRICT NO. 20, IN THE COUNTY OF EL PASO AN",1439.0,16.0,88.0,639.0,695.0,,23973,ccd-lea-2012
2012,0800258,01010,ADAMS 1 MAPLETON,0.0,0.0,0.0,0.0,0.0,,,ccd-lea-2012
2012,0806900,0020,ADAMS 12 FIVE STAR SCHOOLS,2085.0,14.0,143.0,1014.0,912.0,,43268,ccd-lea-2012
2012,0800268,01020,ADAMS 12 NORTHGLENN,0.0,0.0,0.0,0.0,0.0,,,ccd-lea-2012
2012,0800272,01030,ADAMS 14 COMMERCE CITY,0.0,0.0,0.0,0.0,0.0,,,ccd-lea-2012
2012,0800237,01040,ADAMS 27J BRIGHTON,0.0,0.0,0.0,0.0,0.0,,,ccd-lea-2012
2012,0800257,01070,ADAMS 50 WESTMINSTER,0.0,0.0,0.0,0.0,0.0,,,ccd-lea-2012
2012,0800009,9120,ADAMS COUNTY BOCES,0.0,0.0,0.0,0.0,0.0,,,ccd-lea-2012
2012,0800255,03060,ADAMS-ARAP 28J AURORA,0.0,0.0,0.0,0.0,0.0,,,ccd-lea-2012
2012,0801980,0960,AGATE SCHOOL DISTRICT NO. 300,2.0,0.0,0.0,1.0,0.0,,10,ccd-lea-2012
2012,0802010,1620,AGUILAR REORGANIZED SCHOOL DISTRICT NO. 6,14.0,1.0,1.0,4.0,7.0,,97,ccd-lea-2012
2012,0802040,3030,AKRON SCHOOL DISTRICT NO. R-1,27.0,0.0,1.0,11.0,14.0,,354,ccd-lea-2012
2012,0802070,0100,"ALAMOSA SCHOOL DISTRICT, NO. RE-11J",119.0,0.0,14.0,57.0,47.0,,2072,ccd-lea-2012
2012,0800273,03010,ARAPAHOE 1 ENGLEWOOD,0.0,0.0,0.0,0.0,0.0,,,ccd-lea-2012
2012,0800228,03020,ARAPAHOE 2 SHERIDAN,0.0,0.0,0.0,0.0,0.0,,,ccd-lea-2012
2012,0800247,03030,ARAPAHOE 5 CHERRY CREEK,0.0,0.0,0.0,0.0,0.0,,,ccd-lea-2012
2012,0800224,03040,ARAPAHOE 6 LITTLETON,0.0,0.0,0.0,0.0,0.0,,,ccd-lea-2012
2012,0802190,0220,ARCHULETA COUNTY SCHOOL DISTRICT NO. 50 JT,84.0,0.0,6.0,39.0,38.0,,1371,ccd-lea-2012
2012,0802220,3040,ARICKAREE SCHOOL DISTRICT NO. R-2,14.0,0.0,1.0,5.0,7.0,,108,ccd-lea-2012
2012,0802260,1450,ARRIBA-FLAGLER CONSOLIDATED SCHOOL DISTRICT NO. 20,16.0,0.0,1.0,7.0,7.0,,176,ccd-lea-2012
2012,0802280,2640,"ASPEN SCHOOL DISTRICT NO. 1, IN THE COUNTY OF PITKIN AND STA",137.0,1.0,9.0,64.0,62.0,,1732,ccd-lea-2012
2012,0802340,0180,"AURORA, JOINT DISTRICT NO. 28 OF THE COUNTIES OF ADAMS AND A",2011.0,13.0,233.0,975.0,788.0,,39835,ccd-lea-2012
2012,0802400,1530,BAYFIELD SCHOOL DISTRICT NO. 10JT-R,84.0,0.0,7.0,41.0,35.0,,1402,ccd-lea-2012
2012,0802430,0050,BENNETT SCHOOL DISTRICT NO. 29J,63.0,0.0,4.0,31.0,27.0,,1044,ccd-lea-2012
2012,0802460,1490,BETHUNE SCHOOL DISTRICT NO. R- 5,15.0,0.0,0.0,7.0,6.0,,133,ccd-lea-2012
2012,0806600,0940,BIG SANDY SCHOOL DISTRICT NO. 100J,28.0,0.0,1.0,12.0,14.0,,300,ccd-lea-2012
2012,0800263,07010,BOULDER RE-1J ST VRAIN,0.0,0.0,0.0,0.0,0.0,,,ccd-lea-2012
2012,0800227,07020,BOULDER RE-2 BOULDER,0.0,0.0,0.0,0.0,0.0,,,ccd-lea-2012
2012,0802490,0480,BOULDER VALLEY SCHOOL DISTRICT NO. RE2,1711.0,33.0,108.0,816.0,752.0,,30041,ccd-lea-2012
2012,0802520,1750,BRANSON REORGANIZED SCHOOL DISTRICT NO. 82,26.0,0.0,1.0,9.0,16.0,,452,ccd-lea-2012
2012,0802580,0040,BRIGHTON SCHOOL DISTRICT NO. 27J,743.0,29.0,59.0,374.0,279.0,,16184,ccd-lea-2012
2012,0802640,0490,BUENA VISTA SCHOOL DISTRICT NO. R-31,68.0,1.0,3.0,27.0,36.0,,994,ccd-lea-2012
2012,0802670,1500,BURLINGTON PUBLIC SCHOOL DISTRICT NO. RE-6J,48.0,0.0,3.0,21.0,23.0,,814,ccd-lea-2012
2012,0802700,0190,BYERS SCHOOL DISTRICT NO. 32J,36.0,0.0,2.0,17.0,16.0,,563,ccd-lea-2012
2012,0802730,0970,CALHAN DISTRICT NO. RJ1,31.0,1.0,1.0,11.0,16.0,,510,ccd-lea-2012
2012,0802760,0270,CAMPO SCHOOL DISTRICT NO. RE-6,8.0,0.0,0.0,3.0,3.0,,49,ccd-lea-2012
2012,0800226,64203,CENTENNIAL BOCES,0.0,0.0,0.0,0.0,0.0,,,ccd-lea-2012
2012,0899200,9035,CENTENNIAL BOCES,12.0,2.0,0.0,1.0,8.0,,183,ccd-lea-2012
2012,0806360,0640,CENTENNIAL SCHOOL DISTRICT NO. R-1,15.0,0.0,1.0,6.0,7.0,,190,ccd-lea-2012
2012,0802850,2810,"CENTER CONSOLIDATED SCHOOL DISTRICT NO. 26 JT., OF THE COUNT",43.0,0.0,2.0,20.0,20.0,,623,ccd-lea-2012
2012,0800266,80010,CHARTER SCHOOL INSTITUTE,0.0,0.0,0.0,0.0,0.0,,,ccd-lea-2012
2012,0802880,2560,"CHERAW, SCHOOL DISTRICT NO. 31, IN THE COUNTY OF OTERO AND S",19.0,0.0,0.0,10.0,8.0,,222,ccd-lea-2012
2012,0802910,0130,"CHERRY CREEK, SCHOOL DISTRICT NO. 5, IN THE COUNTY OF ARAPAH",2927.0,25.0,171.0,1452.0,1278.0,,53422,ccd-lea-2012
2012,0800001,0520,CHEYENNE COUNTY SCHOOL DISTRICT NO. RE-5,19.0,0.0,1.0,9.0,8.0,,203,ccd-lea-2012
2012,0802940,1020,"CHEYENNE MOUNTAIN SCHOOL DISTRICT NO. 12, IN THE COUNTY OF E",300.0,6.0,24.0,147.0,122.0,,4651,ccd-lea-2012
2012,0802550,3146,"CHOOL DISTRICT NO. RE-10, IN THE COUNTY OF WELD AND STATE OF",17.0,0.0,1.0,8.0,7.0,,162,ccd-lea-2012
2012,0803000,0540,CLEAR CREEK SCHOOL DISTRICT NO. RE-1,65.0,0.0,7.0,34.0,23.0,,959,ccd-lea-2012
2012,0800259,66060,CMHI PUEBLO,0.0,0.0,0.0,0.0,0.0,,,ccd-lea-2012
2012,0800023,9000,COLORADO SCHOOL FOR THE DEAF AND BLIND,35.0,2.0,1.0,10.0,21.0,,,ccd-lea-2012
2012,0803060,1010,"COLORADO SPRINGS, SCHOOL DISTRICT NO. 11, IN THE COUNTY OF E",1705.0,24.0,156.0,844.0,680.0,,29032,ccd-lea-2012
2012,0803150,2010,CREEDE SCHOOL DISTRICT,13.0,0.0,1.0,6.0,6.0,,78,ccd-lea-2012
2012,0803180,3010,CRIPPLE CREEK-VICTOR SCHOOL DISTRICT NO. RE-1,25.0,1.0,1.0,10.0,13.0,,377,ccd-lea-2012
2012,0803210,0770,CROWLEY COUNTY SCHOOL DISTRICT NO. RE-1-J,29.0,0.0,2.0,12.0,14.0,,446,ccd-lea-2012
2012,0800280,66050,CSDB,0.0,0.0,0.0,0.0,0.0,,,ccd-lea-2012
2012,0807200,0860,CUSTER COUNTY SCHOOL DISTRICT CONSOLIDATE 1,30.0,1.0,1.0,11.0,16.0,,414,ccd-lea-2012
2012,0803240,1980,"DE BEQUE, JOINT DISTRICT NO. 49 OF THE COUNTIES OF MESA AND",17.0,1.0,1.0,8.0,7.0,,135,ccd-lea-2012
2012,0803270,0170,DEER TRAIL SCHOOL DISTRICT NO. 26J,18.0,1.0,1.0,7.0,8.0,,185,ccd-lea-2012
2012,0803300,2730,DEL NORTE CONSOLIDATED SCHOOL DISTRICT NO. C-7,36.0,0.0,2.0,14.0,18.0,,475,ccd-lea-2012
2012,0800239,15010,DELTA 50J,0.0,0.0,0.0,0.0,0.0,,,ccd-lea-2012
2012,0803330,0870,DELTA COUNTY JOINT DISTRICT NO. 50,273.0,3.0,21.0,124.0,123.0,,5355,ccd-lea-2012
2012,0800004,9130,DENVER 1,25.0,0.0,1.0,10.0,12.0,,387,ccd-lea-2012
2012,0800245,16010,DENVER 1,0.0,0.0,0.0,0.0,0.0,,,ccd-lea-2012
2012,0800230,66070,DEPARTMENT OF CORRECTIONS,0.0,0.0,0.0,0.0,0.0,,,ccd-lea-2012
2012,0800232,66080,DIVISION OF YOUTH SERVICES,0.0,0.0,0.0,0.0,0.0,,,ccd-lea-2012
2012,0803420,0890,DOLORES COUNTY SCHOOL DISTRICT RE-2J,21.0,1.0,1.0,10.0,8.0,,288,ccd-lea-2012
2012,0803390,2055,DOLORES SCHOOL DISTRICT NO. RE-4A,50.0,0.0,2.0,22.0,24.0,,784,ccd-lea-2012
2012,0803450,0900,"DOUGLAS COUNTY SCHOOL DISTRICT, NO. RE 1",3102.0,31.0,218.0,1587.0,1265.0,,64657,ccd-lea-2012
2012,0800260,18010,DOUGLAS RE-1,0.0,0.0,0.0,0.0,0.0,,,ccd-lea-2012
2012,0803480,1520,DURANGO SCHOOL DISTRICT NO. 9-R,287.0,8.0,27.0,141.0,110.0,,4590,ccd-lea-2012
2012,0803540,0910,EAGLE COUNTY SCHOOL DISTRICT NO. RE 50,402.0,10.0,35.0,207.0,148.0,,6408,ccd-lea-2012
2012,0800234,64043,EAST CENTRAL BOCES,0.0,0.0,0.0,0.0,0.0,,,ccd-lea-2012
2012,0899080,9025,EAST CENTRAL BOCES,8.0,2.0,0.0,2.0,3.0,,,ccd-lea-2012
2012,0804320,1350,EAST GRAND SCHOOL DISTRICT NO. 2,100.0,3.0,8.0,48.0,39.0,,1245,ccd-lea-2012
2012,0805130,2520,EAST OTERO SCHOOL DISTRICT NO. R1,75.0,0.0,7.0,38.0,29.0,,1307,ccd-lea-2012
2012,0803630,1120,"EDISON, JOINT DISTRICT NO. 54 OF THE COUNTIES OF EL PASO AND",11.0,0.0,0.0,5.0,5.0,,185,ccd-lea-2012
2012,0800279,21050,EL PASO 11 COLO SPRINGS,0.0,0.0,0.0,0.0,0.0,,,ccd-lea-2012
2012,0800264,21060,"EL PASO 12, CHEYENNE MOUNTAIN",0.0,0.0,0.0,0.0,0.0,,,ccd-lea-2012
2012,0800236,21020,EL PASO 2 HARRISON,0.0,0.0,0.0,0.0,0.0,,,ccd-lea-2012
2012,0800225,21080,EL PASO 20 ACADEMY,0.0,0.0,0.0,0.0,0.0,,,ccd-lea-2012
2012,0800223,21030,EL PASO 3 WIDEFIELD,0.0,0.0,0.0,0.0,0.0,,,ccd-lea-2012
2012,0800231,21085,"EL PASO 38, LEWIS PALMER",0.0,0.0,0.0,0.0,0.0,,,ccd-lea-2012
2012,0800242,21090,EL PASO 49 FALCON,0.0,0.0,0.0,0.0,0.0,,,ccd-lea-2012
2012,0800220,21040,EL PASO 8 FOUNTAIN,0.0,0.0,0.0,0.0,0.0,,,ccd-lea-2012
2012,0803690,0950,ELBERT SCHOOL DISTRICT NO. 200,22.0,1.0,1.0,8.0,10.0,,209,ccd-lea-2012
2012,0803750,1050,"ELLICOTT, SCHOOL DISTRICT NO. 22, IN THE COUNTY OF EL PASO A",61.0,3.0,4.0,27.0,25.0,,1027,ccd-lea-2012
2012,0803780,0120,"ENGLEWOOD, SCHOOL DISTRICT NO. 1, IN THE COUNTY OF ARAPAHOE",170.0,2.0,15.0,72.0,79.0,,2981,ccd-lea-2012
2012,0803810,1570,ESTES PARK SCHOOL DISTRICT R-3,78.0,1.0,5.0,36.0,35.0,,1139,ccd-lea-2012
2012,0803870,1110,"FALCON, SCHOOL DISTRICT NO. 49, IN THE COUNTY OF EL PASO AND",817.0,11.0,70.0,412.0,322.0,,15478,ccd-lea-2012
2012,0800265,21490,FORT LUPTON/KEENESBURG,0.0,0.0,0.0,0.0,0.0,,,ccd-lea-2012
2012,0804080,1000,"FOUNTAIN, SCHOOL DISTRICT NO. 8, IN THE COUNTY OF EL PASO AN",476.0,13.0,41.0,250.0,170.0,,7840,ccd-lea-2012
2012,0804110,2540,FOWLER SCHOOL DISTRICT NO. R4J,34.0,0.0,2.0,16.0,15.0,,409,ccd-lea-2012
2012,0802790,1140,FREMONT RE-1,223.0,4.0,19.0,110.0,90.0,,3622,ccd-lea-2012
2012,0800233,22010,FREMONT RE-1 CANON CITY,0.0,0.0,0.0,0.0,0.0,,,ccd-lea-2012
2012,0803960,1150,FREMONT RE-2,99.0,0.0,8.0,44.0,45.0,,1536,ccd-lea-2012
2012,0803120,1160,FREMONT RE-3,18.0,0.0,1.0,7.0,9.0,,220,ccd-lea-2012
2012,0800015,9160,FRONT RANGE BOCES,0.0,0.0,0.0,0.0,0.0,,,ccd-lea-2012
2012,0806240,1195,GARFIELD SCHOOL DISTRICT NO. RE-2,282.0,5.0,23.0,144.0,109.0,,4730,ccd-lea-2012
2012,0804740,1780,GENOA-HUGO SCHOOL DISTRICT NO. C-113,16.0,0.0,1.0,7.0,7.0,,176,ccd-lea-2012
2012,0804230,1330,GILPIN COUNTY SCHOOL DISTRICT NO. RE-1,32.0,3.0,1.0,13.0,13.0,,373,ccd-lea-2012
2012,0804290,2650,GRANADA SCHOOL DISTRICT NO. RE-1,21.0,0.0,1.0,8.0,12.0,,218,ccd-lea-2012
2012,0800011,9135,GRAND VALLEY BOCES,0.0,0.0,0.0,0.0,0.0,,,ccd-lea-2012
2012,0804380,1220,"GRAND VALLEY, SCHOOL DISTRICT NO. 16, IN THE COUNTY OF GARFI",69.0,1.0,4.0,29.0,35.0,,1126,ccd-lea-2012
2012,0804410,3120,"GREELEY,SCHOOL DISTRICT NO. 6, IN THE COUNTY OF WELD AND STA",1116.0,8.0,85.0,572.0,449.0,,19821,ccd-lea-2012
2012,0800240,26011,GUNNISON RE-1J,0.0,0.0,0.0,0.0,0.0,,,ccd-lea-2012
2012,0804470,1360,GUNNISON WATERSHED SCHOOL DISTRICT RE1J,131.0,5.0,10.0,65.0,50.0,,1846,ccd-lea-2012
2012,0804500,1070,"HANOVER, SCHOOL DISTRICT NO. 28, IN THE COUNTY OF EL PASO AN",17.0,0.0,1.0,7.0,8.0,,227,ccd-lea-2012
2012,0804530,0980,"HARRISON, SCHOOL DISTRICT NO. 2, IN THE COUNTY OF EL PASO AN",694.0,0.0,66.0,373.0,254.0,,10775,ccd-lea-2012
2012,0804560,2630,"HAXTUN SCHOOL DISTRICT, NO. RE-2J",23.0,0.0,1.0,11.0,11.0,,331,ccd-lea-2012
2012,0804590,2760,HAYDEN SCHOOL DISTRICT NO. RE 1,34.0,0.0,3.0,12.0,18.0,,406,ccd-lea-2012
2012,0806510,1460,HI-PLAINS R-23,16.0,1.0,1.0,6.0,7.0,,131,ccd-lea-2012
2012,0804620,1380,HINSDALE COUNTY SCHOOL DISTRICT NO. RE-1,10.0,0.0,0.0,4.0,4.0,,81,ccd-lea-2012
2012,0804650,1600,HOEHNE REORGANIZED SCHOOL DISTRICT NO. 3,19.0,0.0,2.0,8.0,8.0,,385,ccd-lea-2012
2012,0804680,2670,HOLLY SCHOOL DISTRICT NO. RE-3,22.0,0.0,0.0,11.0,9.0,,292,ccd-lea-2012
2012,0804710,2620,HOLYOKE SCHOOL DISTRICT NO. RE-1J,42.0,0.0,3.0,19.0,19.0,,630,ccd-lea-2012
2012,0807080,1390,HUERFANO SCHOOL DISTRICT RE-1,41.0,2.0,3.0,21.0,15.0,,520,ccd-lea-2012
2012,0800018,3220,IDALIA RJ-3 SCHOOL DISTRICT,14.0,0.0,0.0,7.0,5.0,,186,ccd-lea-2012
2012,0804770,1540,IGNACIO SCHOOL DISTRICT NO. 11JT,62.0,0.0,4.0,26.0,31.0,,718,ccd-lea-2012
2012,0804800,1420,JEFFERSON COUNTY SCHOOL DISTRICT NO. R-1,4785.0,48.0,288.0,2107.0,2340.0,,85542,ccd-lea-2012
2012,0800222,30011,JEFFERSON R-1,0.0,0.0,0.0,0.0,0.0,,,ccd-lea-2012
2012,0804860,2862,JULESBURG SCHOOL DISTRICT NO. RE1,34.0,0.0,1.0,9.0,23.0,,1154,ccd-lea-2012
2012,0804890,1810,KARVAL SCHOOL DISTRICT NO. RE 23,14.0,0.0,0.0,4.0,8.0,,122,ccd-lea-2012
2012,0804980,1760,KIM REORGANIZED SCHOOL DISTRICT NO. 88,10.0,0.0,0.0,3.0,6.0,,51,ccd-lea-2012
2012,0803510,1430,KIOWA COUNTY SCHOOL DISTRICT NO. RE-1,19.0,0.0,1.0,8.0,9.0,,180,ccd-lea-2012
2012,0806930,1440,KIOWA COUNTY SCHOOL DISTRICT NO. RE-2,8.0,1.0,1.0,3.0,2.0,,80,ccd-lea-2012
2012,0805040,0510,KIT CARSON SCHOOL DISTRICT NO. R-1,15.0,0.0,1.0,7.0,7.0,,110,ccd-lea-2012
2012,0805160,1400,LA VETA SCHOOL DISTRICT RE-2,21.0,0.0,1.0,8.0,10.0,,226,ccd-lea-2012
2012,0805190,1510,LAKE COUNTY SCHOOL DISTRICT NO. R-1,68.0,0.0,5.0,34.0,28.0,,1167,ccd-lea-2012
2012,0805220,2660,LAMAR SCHOOL DISTRICT NO. RE-2,104.0,3.0,8.0,50.0,41.0,,1672,ccd-lea-2012
2012,0800249,35010,LARIMER R-1 POUDRE,0.0,0.0,0.0,0.0,0.0,,,ccd-lea-2012
2012,0800251,35020,LARIMER R-2J THOMPSON,0.0,0.0,0.0,0.0,0.0,,,ccd-lea-2012
2012,0800267,35030,LARIMER R-3 PARK,0.0,0.0,0.0,0.0,0.0,,,ccd-lea-2012
2012,0805250,0290,LAS ANIMAS SCHOOL DISTRICT NO. RE-1,32.0,1.0,3.0,13.0,14.0,,523,ccd-lea-2012
2012,0805820,1080,"LEWIS-PALMER CONSOLIDATED, SCHOOL DISTRICT NO. 38, IN THE CO",316.0,2.0,20.0,142.0,150.0,,6153,ccd-lea-2012
2012,0800019,3230,LIBERTY J-4 SCHOOL DISTRICT,13.0,0.0,0.0,5.0,8.0,,80,ccd-lea-2012
2012,0805280,1790,"LIMON SCHOOL DISTRICT, NO. RE 4J",28.0,0.0,1.0,14.0,12.0,,447,ccd-lea-2012
2012,0805310,0140,"LITTLETON, SCHOOL DISTRICT NO. 6, IN THE COUNTY OF ARAPAHOE",828.0,4.0,58.0,380.0,385.0,,15754,ccd-lea-2012
2012,0800235,38010,LOGAN RE-1 VALLEY,0.0,0.0,0.0,0.0,0.0,,,ccd-lea-2012
2012,0805340,3060,LONE STAR SCHOOL DISTRICT NO. 101,16.0,0.0,1.0,7.0,7.0,,116,ccd-lea-2012
2012,0805460,2070,MANCOS SCHOOL DISTRICT RE-6,27.0,0.0,3.0,12.0,11.0,,396,ccd-lea-2012
2012,0805490,1030,"MANITOU SPRINGS, SCHOOL DISTRICT NO. 14, IN THE COUNTY OF EL",96.0,1.0,5.0,39.0,49.0,,1500,ccd-lea-2012
2012,0805520,2535,"MANZANOLA, JOINT DISTRICT NO. 3J, OF THE COUNTIES OF OTERO A",18.0,0.0,1.0,8.0,9.0,,131,ccd-lea-2012
2012,0805550,0010,"MAPLETON, SCHOOL DISTRICT NO. 1, IN THE COUNTY OF ADAMS & ST",398.0,15.0,26.0,188.0,168.0,,8051,ccd-lea-2012
2012,0805580,0310,MCCLAVE SCHOOL DISTRICT NO. RE-2,20.0,1.0,1.0,7.0,10.0,,272,ccd-lea-2012
2012,0805610,2710,MEEKER SCHOOL DISTRICT RE1,37.0,0.0,1.0,17.0,18.0,,699,ccd-lea-2012
2012,0800246,39031,MESA 51 GRAND JUNCTION,0.0,0.0,0.0,0.0,0.0,,,ccd-lea-2012
2012,0804350,2000,MESA COUNTY VALLEY SCHOOL DISTRICT NO. 51,1227.0,77.0,82.0,528.0,538.0,,21746,ccd-lea-2012
2012,0805670,1130,"MIAMI-YODER, JOINT DISTRICT NO. 60 OF THE COUNTIES OF EL PAS",22.0,0.0,1.0,10.0,10.0,,268,ccd-lea-2012
2012,0805730,2020,MOFFAT COUNTY SCHOOL DISTRICT RE: NO. 1,133.0,1.0,13.0,66.0,52.0,,2280,ccd-lea-2012
2012,0800254,41010,MOFFAT RE-1 CRAIG,0.0,0.0,0.0,0.0,0.0,,,ccd-lea-2012
2012,0805700,2800,"MOFFAT, SCHOOL DISTRICT NO. 2, IN THE COUNTY OF SAGUACHE AND",22.0,1.0,1.0,8.0,11.0,,210,ccd-lea-2012
2012,0805760,2740,MONTE VISTA SCHOOL DISTRICT NO. C-8,73.0,2.0,5.0,33.0,32.0,,1139,ccd-lea-2012
2012,0803090,2035,MONTEZUMA-CORTEZ SCHOOL DISTRICT NO. RE-1,167.0,2.0,10.0,78.0,76.0,,2753,ccd-lea-2012
2012,0805790,2180,MONTROSE COUNTY SCHOOL DISTRICT RE-1J,345.0,9.0,22.0,166.0,146.0,,6183,ccd-lea-2012
2012,0800269,43010,MONTROSE RE-1J,0.0,0.0,0.0,0.0,0.0,,,ccd-lea-2012
2012,0800243,44020,"MORGAN RE-3, FORT MORGAN",0.0,0.0,0.0,0.0,0.0,,,ccd-lea-2012
2012,0800238,64053,"MOUNT EVANS BOCES, IDAHO SPRIN",0.0,0.0,0.0,0.0,0.0,,,ccd-lea-2012
2012,0800274,64093,MOUNTAIN BOCES,0.0,0.0,0.0,0.0,0.0,,,ccd-lea-2012
2012,0899160,9030,MOUNTAIN BOCES,14.0,1.0,0.0,3.0,9.0,,143,ccd-lea-2012
2012,0806300,2790,MOUNTAIN VALLEY SCHOOL DISTRICT NO. RE 1,12.0,0.0,1.0,4.0,6.0,,120,ccd-lea-2012
2012,0800012,9140,MT EVANS BOCES,0.0,0.0,0.0,0.0,0.0,,,ccd-lea-2012
2012,0805100,0550,NORTH CONEJOS SCHOOL DISTRICT NO. RE1J,69.0,0.0,4.0,29.0,35.0,,1033,ccd-lea-2012
2012,0807050,1410,NORTH PARK SCHOOL DISTRICT R-1,22.0,1.0,1.0,8.0,10.0,,206,ccd-lea-2012
2012,0800229,64103,NORTHEAST BOCES,0.0,0.0,0.0,0.0,0.0,,,ccd-lea-2012
2012,0899180,9040,NORTHEAST BOCES,5.0,2.0,0.0,0.0,3.0,,,ccd-lea-2012
2012,0800248,64123,NORTHWEST BOCES,0.0,0.0,0.0,0.0,0.0,,,ccd-lea-2012
2012,0899220,9095,NORTHWEST COLO BOCES,0.0,0.0,0.0,0.0,0.0,,,ccd-lea-2012
2012,0805880,2840,NORWOOD SCHOOL DISTRICT NO. R-2J,23.0,1.0,1.0,10.0,10.0,,275,ccd-lea-2012
2012,0805940,3050,OTIS SCHOOL DISTRICT NO. R-3,19.0,1.0,1.0,8.0,8.0,,200,ccd-lea-2012
2012,0805970,2580,"OURAY, SCHOOL DISTRICT NO. R-1, OF  THE COUNTY OF OURAY AND",21.0,1.0,1.0,7.0,11.0,,184,ccd-lea-2012
2012,0803840,2610,PARK COUNTY SCHOOL DISTRICT NO. RE-2,45.0,2.0,4.0,23.0,15.0,,581,ccd-lea-2012
2012,0806060,1060,"PEYTON, SCHOOL DISTRICT NO. 23, IN THE COUNTY OF EL PASO AND",39.0,1.0,1.0,17.0,19.0,,656,ccd-lea-2012
2012,0800276,64133,PIKES PEAK BOCES,0.0,0.0,0.0,0.0,0.0,,,ccd-lea-2012
2012,0899240,9045,PIKES PEAK BOCES,17.0,1.0,0.0,6.0,8.0,,,ccd-lea-2012
2012,0803030,1990,"PLATEAU VALLEY, SCHOOL DISTRICT NO. 50 IN THE COUNTY OF MESA",32.0,1.0,1.0,12.0,17.0,,508,ccd-lea-2012
2012,0802370,2600,"PLATTE CANYON, SCHOOL DISTRICT NO. 1, OF  THE COUNTY OF PARK",63.0,0.0,3.0,29.0,29.0,,1089,ccd-lea-2012
2012,0806000,2865,PLATTE VALLEY SCHOOL DISTRICT NO. RE3,13.0,0.0,1.0,6.0,5.0,,114,ccd-lea-2012
2012,0803990,1550,POUDRE SCHOOL DISTRICT R-1,1620.0,27.0,120.0,774.0,697.0,,27909,ccd-lea-2012
2012,0807260,1590,PRIMERO REORGANIZED SCHOOL DISTRICT NO. 2,21.0,0.0,1.0,8.0,10.0,,198,ccd-lea-2012
2012,0806090,0240,PRITCHETT SCHOOL DISTRICT NO. RE-3,8.0,0.0,0.0,4.0,4.0,,47,ccd-lea-2012
2012,0800221,51010,PUEBLO 60 URBAN,0.0,0.0,0.0,0.0,0.0,,,ccd-lea-2012
2012,0800278,51020,PUEBLO 70 RURAL,0.0,0.0,0.0,0.0,0.0,,,ccd-lea-2012
2012,0806150,2700,PUEBLO COUNTY SCHOOL DISTRICT 70,475.0,4.0,32.0,225.0,213.0,,9107,ccd-lea-2012
2012,0806120,2690,"PUEBLO, SCHOOL DISTRICT NO. 60, IN THE COUNTY OF PUEBLO AND",1036.0,59.0,77.0,497.0,401.0,,17711,ccd-lea-2012
2012,0806180,2720,RANGELY SCHOOL DISTRICT RE4,30.0,0.0,1.0,16.0,13.0,,561,ccd-lea-2012
2012,0806210,2590,"RIDGWAY, SCHOOL DISTRICT NO. R-2,  OF  THE COUNTY OF OURAY A",28.0,0.0,1.0,12.0,14.0,,336,ccd-lea-2012
2012,0800277,64213,RIO BLANCO BOCES,0.0,0.0,0.0,0.0,0.0,,,ccd-lea-2012
2012,0899280,9125,RIO BLANCO BOCES,8.0,1.0,0.0,3.0,4.0,,,ccd-lea-2012
2012,0804260,1180,ROARING FORK SCHOOL DISTRICT NO. RE-1,374.0,2.0,32.0,192.0,146.0,,5436,ccd-lea-2012
2012,0806270,2530,ROCKY FORD SCHOOL DISTRICT NO. R2,57.0,0.0,5.0,27.0,25.0,,825,ccd-lea-2012
2012,0806330,0500,SALIDA SCHOOL DISTRICT NO. R-32,86.0,4.0,4.0,37.0,40.0,,1156,ccd-lea-2012
2012,0800253,64143,SAN JUAN BOCES,0.0,0.0,0.0,0.0,0.0,,,ccd-lea-2012
2012,0899300,9050,SAN JUAN BOCES,5.0,3.0,0.0,0.0,1.0,,29,ccd-lea-2012
2012,0800261,64153,SAN LUIS VALLEY BOCES,0.0,0.0,0.0,0.0,0.0,,,ccd-lea-2012
2012,0899320,9055,SAN LUIS VALLEY BOCES,13.0,4.0,1.0,3.0,4.0,,,ccd-lea-2012
2012,0806390,0560,"SANFORD, SCHOOL DISTRICT NO. 6, IN THE COUNTY OF CONEJOS AND",23.0,1.0,2.0,9.0,11.0,,360,ccd-lea-2012
2012,0806420,0110,"SANGRE DE CRISTO SCHOOL DISTRICT, NO. RE-22J",27.0,1.0,2.0,9.0,14.0,,316,ccd-lea-2012
2012,0800014,9150,SANTA FE TRAIL BOCES,4.0,1.0,0.0,1.0,1.0,,,ccd-lea-2012
2012,0800271,64160,SANTA FE TRAIL BOCES,0.0,0.0,0.0,0.0,0.0,,,ccd-lea-2012
2012,0806450,2750,SARGENT SCHOOL DISTRICT NO. RE-33J,34.0,0.0,2.0,17.0,14.0,,449,ccd-lea-2012
2012,0801950,0030,SCHOOL DISTRICT N. 14 IN THE COUNTY OF ADAMS & STATE OF COLO,423.0,19.0,42.0,218.0,142.0,,7500,ccd-lea-2012
2012,0803360,0880,SCHOOL DISTRICT NO. 1 IN THE COUNTY OF DENVER AND STATE OF C,4940.0,248.0,391.0,2361.0,1938.0,,83377,ccd-lea-2012
2012,0806480,0990,SCHOOL DISTRICT NO. 3 IN THE COUNTY OF EL PASO AND STATE OF,523.0,18.0,45.0,242.0,217.0,,9297,ccd-lea-2012
2012,0803720,0920,"SCHOOL DISTRICT NO. C-1, IN THE COUNTY OF ELBERT AND STATE O",155.0,0.0,9.0,71.0,72.0,,2703,ccd-lea-2012
2012,0805010,0930,SCHOOL DISTRICT NO. C-2 IN THE COUNTY OF ELBERT AND STATE OF,28.0,0.0,1.0,13.0,14.0,,383,ccd-lea-2012
2012,0806780,1480,SCHOOL DISTRICT NO. R-4 IN THE COUNTY OF KIT CARSON AND STAT,16.0,0.0,1.0,7.0,7.0,,186,ccd-lea-2012
2012,0806690,1828,"SCHOOL DISTRICT NO. RE-1, VALLEY",138.0,1.0,7.0,61.0,67.0,,2315,ccd-lea-2012
2012,0806720,3147,SCHOOL DISTRICT NO. RE-11 IN THE COUNTY OF WELD AND STATE OF,16.0,0.0,1.0,7.0,7.0,,181,ccd-lea-2012
2012,0804440,3148,SCHOOL DISTRICT NO. RE-12 IN THE COUNTY OF WELD AND STATE OF,12.0,0.0,0.0,4.0,7.0,,88,ccd-lea-2012
2012,0802610,2395,"SCHOOL DISTRICT NO. RE-2, BRUSH",100.0,3.0,7.0,47.0,40.0,,1547,ccd-lea-2012
2012,0807140,2505,"SCHOOL DISTRICT NO. RE-20, WELDON VALLEY",16.0,0.0,1.0,7.0,8.0,,210,ccd-lea-2012
2012,0803930,1850,SCHOOL DISTRICT NO. RE-3 FRENCHMAN,18.0,0.0,1.0,8.0,9.0,,202,ccd-lea-2012
2012,0804050,2405,"SCHOOL DISTRICT NO. RE-3, FORT MORGAN",201.0,11.0,13.0,93.0,83.0,,3153,ccd-lea-2012
2012,0805640,1860,SCHOOL DISTRICT NO. RE-4 BUFFALO,23.0,0.0,1.0,8.0,13.0,,319,ccd-lea-2012
2012,0806030,1870,SCHOOL DISTRICT NO. RE-5 PLATEAU,18.0,0.0,1.0,8.0,8.0,,197,ccd-lea-2012
2012,0807290,2515,"SCHOOL DISTRICT NO. RE-50, WIGGINS",33.0,0.0,2.0,16.0,15.0,,550,ccd-lea-2012
2012,0806540,0123,SHERIDAN SCHOOL DISTRICT NO. 2,96.0,9.0,8.0,35.0,44.0,,1584,ccd-lea-2012
2012,0804140,0740,SIERRA GRANDE SCHOOL DISTRICT NO. R-30,20.0,0.0,1.0,9.0,10.0,,270,ccd-lea-2012
2012,0806570,2820,"SILVERTON, SCHOOL DISTRICT NO. 1, IN THE COUNTY OF SAN JUAN",10.0,0.0,0.0,4.0,5.0,,62,ccd-lea-2012
2012,0800241,64163,SOUTH CENTRAL BOCES,0.0,0.0,0.0,0.0,0.0,,,ccd-lea-2012
2012,0899340,9060,SOUTH CENTRAL BOCES,6.0,2.0,0.0,0.0,3.0,,,ccd-lea-2012
2012,0802130,0580,SOUTH CONEJOS SCHOOL DISTRICT NO. RE10,19.0,0.0,1.0,7.0,9.0,,208,ccd-lea-2012
2012,0805910,2780,SOUTH ROUTT SCHOOL DISTRICT NO. RE 3,38.0,0.0,2.0,17.0,17.0,,419,ccd-lea-2012
2012,0800256,64193,SOUTHEASTERN BOCES,0.0,0.0,0.0,0.0,0.0,,,ccd-lea-2012
2012,0899400,9075,SOUTHEASTERN BOCES,1.0,1.0,0.0,0.0,0.0,,,ccd-lea-2012
2012,0806630,0250,SPRINGFIELD SCHOOL DISTRICT NO. RE-4,26.0,1.0,2.0,9.0,13.0,,312,ccd-lea-2012
2012,0805370,0470,ST. VRAIN VALLEY SCHOOL DISTRICT NO. RE1J,1642.0,33.0,124.0,814.0,670.0,,29382,ccd-lea-2012
2012,0800020,8001,STATE CHARTER SCHOOL INSTITUTE,558.0,1.0,36.0,210.0,310.0,,11756,ccd-lea-2012
2012,0806660,2770,STEAMBOAT SPRINGS SCHOOL DISTRICT NO. RE 2,157.0,0.0,11.0,79.0,65.0,,2320,ccd-lea-2012
2012,0806750,0060,STRASBURG SCHOOL DISTRICT 31J,56.0,1.0,3.0,24.0,27.0,,1001,ccd-lea-2012
2012,0806810,3000,SUMMIT SCHOOL DISTRICT NO. RE 1,213.0,8.0,17.0,115.0,71.0,,3156,ccd-lea-2012
2012,0806840,2570,"SWINK, SCHOOL DISTRICT NO. 33, IN THE COUNTY OF OTERO AND ST",29.0,0.0,1.0,14.0,13.0,,346,ccd-lea-2012
2012,0806870,2830,TELLURIDE SCHOOL DISTRICT NO. R-1,64.0,0.0,5.0,34.0,23.0,,806,ccd-lea-2012
2012,0805400,1560,THOMPSON SCHOOL DISTRICT R-2J,849.0,20.0,67.0,420.0,340.0,,16042,ccd-lea-2012
2012,0806960,1580,"TRINIDAD, SCHOOL DISTRICT 1, IN THE COUNTY OF LAS ANIMAS AND",69.0,0.0,7.0,31.0,30.0,,1198,ccd-lea-2012
2012,0800013,9145,UNCOMPAHGRE BOCS,1.0,1.0,0.0,0.0,0.0,,,ccd-lea-2012
2012,0800262,64200,UNCOMPAHGRE BOCS,0.0,0.0,0.0,0.0,0.0,,,ccd-lea-2012
2012,0800022,9165,UTE PASS BOCES,1.0,0.0,0.0,0.0,0.0,,,ccd-lea-2012
2012,0800275,64205,UTE PASS BOCES,0.0,0.0,0.0,0.0,0.0,,,ccd-lea-2012
2012,0806990,0260,VILAS SCHOOL DISTRICT RE-5,17.0,0.0,0.0,6.0,9.0,,216,ccd-lea-2012
2012,0807110,0230,WALSH SCHOOL DISTRICT NO. RE-1,16.0,0.0,1.0,7.0,7.0,,158,ccd-lea-2012
2012,0800270,62060,WELD 6 GREELEY,0.0,0.0,0.0,0.0,0.0,,,ccd-lea-2012
2012,0804200,3080,WELD COUNTY REORGANIZED SCHOOL DISTRICT NO. RE-1,118.0,0.0,11.0,56.0,50.0,,1933,ccd-lea-2012
2012,0804920,3090,WELD COUNTY REORGANIZED SCHOOL DISTRICT NO. RE-3,137.0,5.0,8.0,65.0,57.0,,2313,ccd-lea-2012
2012,0807350,3100,WELD COUNTY REORGANIZED SCHOOL DISTRICT NO. RE-4,281.0,7.0,17.0,141.0,114.0,,4739,ccd-lea-2012
2012,0804020,3140,WELD COUNTY REORGANIZED SCHOOL DISTRICT NO. RE-8,140.0,6.0,11.0,68.0,53.0,,2411,ccd-lea-2012
2012,0803600,3085,WELD COUNTY SCHOOL DISTRICT NO. RE-2,107.0,0.0,8.0,50.0,47.0,,1804,ccd-lea-2012
2012,0804830,3110,WELD COUNTY SCHOOL DISTRICT NO. RE-5J,177.0,3.0,15.0,90.0,67.0,,3363,ccd-lea-2012
2012,0804950,3130,WELD COUNTY SCHOOL DISTRICT NO. RE-7,77.0,0.0,6.0,33.0,37.0,,1047,ccd-lea-2012
2012,0802310,3145,WELD COUNTY SCHOOL DISTRICT NO. RE-9,58.0,0.0,3.0,27.0,28.0,,770,ccd-lea-2012
2012,0800250,62040,WELD RE-4 WINDSOR,0.0,0.0,0.0,0.0,0.0,,,ccd-lea-2012
2012,0800281,62050,"WELD RE-5J, JOHNSTOWN-MILLIKEN",0.0,0.0,0.0,0.0,0.0,,,ccd-lea-2012
2012,0805850,2190,WEST END SCHOOL DISTRICT NO. RE-2,23.0,0.0,1.0,9.0,11.0,,293,ccd-lea-2012
2012,0805070,1340,WEST GRAND SCHOOL DISTRICT NO. 1,36.0,0.0,2.0,16.0,17.0,,434,ccd-lea-2012
2012,0807230,0070,"WESTMINSTER, SCHOOL DISTRICT NO. 50, IN THE COUNTY OF ADAMS",541.0,14.0,47.0,284.0,193.0,,10069,ccd-lea-2012
2012,0807320,2680,WILEY SCHOOL DISTRICT NO. RE-13 JT,21.0,1.0,1.0,7.0,11.0,,242,ccd-lea-2012
2012,0807380,3020,WOODLAND PARK SCHOOL DISTRICT NO. RE-2,155.0,3.0,10.0,67.0,73.0,,2617,ccd-lea-2012
2012,0807410,3070,WOODLIN SCHOOL DISTRICT NO. R-104,10.0,0.0,1.0,3.0,5.0,,93,ccd-lea-2012
2012,0800017,3210,WRAY RD-2 SCHOOL DISTRICT,48.0,1.0,3.0,22.0,21.0,,741,ccd-lea-2012
2012,0800016,3200,YUMA 1 SCHOOL DISTRICT,66.0,1.0,7.0,28.0,30.0,,816,ccd-lea-2012
2013,0801920,1040,"ACADEMY, SCHOOL DISTRICT NO. 20, IN THE COUNTY OF EL PASO AN",1463.0,15.0,90.0,648.0,708.0,,24481,ccd-lea-2013
2013,0800258,01010,ADAMS 1 MAPLETON,0.0,0.0,0.0,0.0,0.0,,,ccd-lea-2013
2013,0806900,0020,ADAMS 12 FIVE STAR SCHOOLS,2092.0,13.0,148.0,1040.0,889.0,,42230,ccd-lea-2013
2013,0800268,01020,ADAMS 12 NORTHGLENN,0.0,0.0,0.0,0.0,0.0,,,ccd-lea-2013
2013,0800272,01030,ADAMS 14 COMMERCE CITY,0.0,0.0,0.0,0.0,0.0,,,ccd-lea-2013
2013,0800237,01040,ADAMS 27J BRIGHTON,0.0,0.0,0.0,0.0,0.0,,,ccd-lea-2013
2013,0800257,01070,ADAMS 50 WESTMINSTER,0.0,0.0,0.0,0.0,0.0,,,ccd-lea-2013
2013,0800009,9120,ADAMS COUNTY BOCES,0.0,0.0,0.0,0.0,0.0,,,ccd-lea-2013
2013,0800255,03060,ADAMS-ARAP 28J AURORA,0.0,0.0,0.0,0.0,0.0,,,ccd-lea-2013
2013,0801980,0960,AGATE SCHOOL DISTRICT NO. 300,2.0,0.0,0.0,1.0,0.0,,12,ccd-lea-2013
2013,0802010,1620,AGUILAR REORGANIZED SCHOOL DISTRICT NO. 6,17.0,1.0,1.0,5.0,9.0,,107,ccd-lea-2013
2013,0802040,3030,AKRON SCHOOL DISTRICT NO. R-1,31.0,0.0,1.0,12.0,17.0,,358,ccd-lea-2013
2013,0802070,0100,"ALAMOSA SCHOOL DISTRICT, NO. RE-11J",118.0,0.0,13.0,53.0,50.0,,2046,ccd-lea-2013
2013,0800273,03010,ARAPAHOE 1 ENGLEWOOD,0.0,0.0,0.0,0.0,0.0,,,ccd-lea-2013
2013,0800228,03020,ARAPAHOE 2 SHERIDAN,0.0,0.0,0.0,0.0,0.0,,,ccd-lea-2013
2013,0800247,03030,ARAPAHOE 5 CHERRY CREEK,0.0,0.0,0.0,0.0,0.0,,,ccd-lea-2013
2013,0800224,03040,ARAPAHOE 6 LITTLETON,0.0,0.0,0.0,0.0,0.0,,,ccd-lea-2013
2013,0802190,0220,ARCHULETA COUNTY SCHOOL DISTRICT NO. 50 JT,85.0,0.0,6.0,41.0,37.0,,1323,ccd-lea-2013
2013,0802220,3040,ARICKAREE SCHOOL DISTRICT NO. R-2,16.0,0.0,1.0,6.0,7.0,,114,ccd-lea-2013
2013,0802260,1450,ARRIBA-FLAGLER CONSOLIDATED SCHOOL DISTRICT NO. 20,18.0,0.0,1.0,7.0,8.0,,187,ccd-lea-2013
2013,0802280,2640,"ASPEN SCHOOL DISTRICT NO. 1, IN THE COUNTY OF PITKIN AND STA",131.0,1.0,9.0,61.0,59.0,,1728,ccd-lea-2013
2013,0802340,0180,"AURORA, JOINT DISTRICT NO. 28 OF THE COUNTIES OF ADAMS AND A",2082.0,17.0,227.0,1020.0,818.0,,40877,ccd-lea-2013
2013,0802400,1530,BAYFIELD SCHOOL DISTRICT NO. 10JT-R,85.0,0.0,6.0,46.0,32.0,,1340,ccd-lea-2013
2013,0802430,0050,BENNETT SCHOOL DISTRICT NO. 29J,52.0,0.0,2.0,26.0,24.0,,1013,ccd-lea-2013
2013,0802460,1490,BETHUNE SCHOOL DISTRICT NO. R- 5,14.0,0.0,1.0,6.0,6.0,,132,ccd-lea-2013
2013,0806600,0940,BIG SANDY SCHOOL DISTRICT NO. 100J,27.0,0.0,0.0,13.0,12.0,,318,ccd-lea-2013
2013,0800263,07010,BOULDER RE-1J ST VRAIN,0.0,0.0,0.0,0.0,0.0,,,ccd-lea-2013
2013,0800227,07020,BOULDER RE-2 BOULDER,0.0,0.0,0.0,0.0,0.0,,,ccd-lea-2013
2013,0802490,0480,BOULDER VALLEY SCHOOL DISTRICT NO. RE2,1688.0,36.0,106.0,807.0,737.0,,30546,ccd-lea-2013
2013,0802520,1750,BRANSON REORGANIZED SCHOOL DISTRICT NO. 82,29.0,0.0,1.0,10.0,16.0,,480,ccd-lea-2013
2013,0802640,0490,BUENA VISTA SCHOOL DISTRICT NO. R-31,61.0,0.0,3.0,24.0,33.0,,968,ccd-lea-2013
2013,0802670,1500,BURLINGTON PUBLIC SCHOOL DISTRICT NO. RE-6J,52.0,0.0,3.0,24.0,23.0,,828,ccd-lea-2013
2013,0802700,0190,BYERS SCHOOL DISTRICT NO. 32J,36.0,0.0,2.0,17.0,16.0,,647,ccd-lea-2013
2013,0802730,0970,CALHAN DISTRICT NO. RJ1,30.0,1.0,2.0,14.0,12.0,,472,ccd-lea-2013
2013,0802760,0270,CAMPO SCHOOL DISTRICT NO. RE-6,9.0,0.0,0.0,4.0,3.0,,44,ccd-lea-2013
2013,0800226,64203,CENTENNIAL BOCES,0.0,0.0,0.0,0.0,0.0,,,ccd-lea-2013
2013,0899200,9035,CENTENNIAL BOCES,13.0,2.0,0.0,1.0,8.0,,185,ccd-lea-2013
2013,0806360,0640,CENTENNIAL SCHOOL DISTRICT NO. R-1,24.0,0.0,1.0,9.0,13.0,,208,ccd-lea-2013
2013,0802850,2810,"CENTER CONSOLIDATED SCHOOL DISTRICT NO. 26 JT., OF THE COUNT",41.0,0.0,2.0,17.0,20.0,,657,ccd-lea-2013
2013,0800266,80010,CHARTER SCHOOL INSTITUTE,0.0,0.0,0.0,0.0,0.0,,,ccd-lea-2013
2013,0802880,2560,"CHERAW, SCHOOL DISTRICT NO. 31, IN THE COUNTY OF OTERO AND S",18.0,0.0,1.0,9.0,7.0,,231,ccd-lea-2013
2013,0802910,0130,"CHERRY CREEK, SCHOOL DISTRICT NO. 5, IN THE COUNTY OF ARAPAH",2982.0,23.0,183.0,1468.0,1307.0,,54228,ccd-lea-2013
2013,0800001,0520,CHEYENNE COUNTY SCHOOL DISTRICT NO. RE-5,17.0,0.0,1.0,8.0,7.0,,179,ccd-lea-2013
2013,0802940,1020,"CHEYENNE MOUNTAIN SCHOOL DISTRICT NO. 12, IN THE COUNTY OF E",344.0,6.0,25.0,152.0,161.0,,5127,ccd-lea-2013
2013,0802550,3146,"CHOOL DISTRICT NO. RE-10, IN THE COUNTY OF WELD AND STATE OF",16.0,0.0,1.0,7.0,8.0,,162,ccd-lea-2013
2013,0803000,0540,CLEAR CREEK SCHOOL DISTRICT NO. RE-1,68.0,1.0,6.0,36.0,24.0,,930,ccd-lea-2013
2013,0800259,66060,CMHI PUEBLO,0.0,0.0,0.0,0.0,0.0,,,ccd-lea-2013
2013,0800282,9170,COLORADO DIGITAL BOCES,13.0,0.0,0.0,3.0,9.0,,358,ccd-lea-2013
2013,0800023,9000,COLORADO SCHOOL FOR THE DEAF AND BLIND,36.0,2.0,1.0,11.0,21.0,,,ccd-lea-2013
2013,0803060,1010,"COLORADO SPRINGS, SCHOOL DISTRICT NO. 11, IN THE COUNTY OF E",1686.0,26.0,147.0,857.0,655.0,,28448,ccd-lea-2013
2013,0803150,2010,CREEDE SCHOOL DISTRICT,15.0,0.0,1.0,8.0,5.0,,80,ccd-lea-2013
2013,0803180,3010,CRIPPLE CREEK-VICTOR SCHOOL DISTRICT NO. RE-1,25.0,1.0,1.0,9.0,13.0,,379,ccd-lea-2013
2013,0803210,0770,CROWLEY COUNTY SCHOOL DISTRICT NO. RE-1-J,30.0,0.0,2.0,13.0,14.0,,448,ccd-lea-2013
2013,0800280,66050,CSDB,0.0,0.0,0.0,0.0,0.0,,,ccd-lea-2013
2013,0807200,0860,CUSTER COUNTY SCHOOL DISTRICT CONSOLIDATE 1,30.0,1.0,1.0,11.0,15.0,,411,ccd-lea-2013
2013,0803240,1980,"DE BEQUE, JOINT DISTRICT NO. 49 OF THE COUNTIES OF MESA AND",17.0,1.0,1.0,8.0,6.0,,146,ccd-lea-2013
2013,0803270,0170,DEER TRAIL SCHOOL DISTRICT NO. 26J,18.0,1.0,1.0,8.0,8.0,,176,ccd-lea-2013
2013,0803300,2730,DEL NORTE CONSOLIDATED SCHOOL DISTRICT NO. C-7,41.0,0.0,2.0,18.0,19.0,,443,ccd-lea-2013
2013,0800239,15010,DELTA 50J,0.0,0.0,0.0,0.0,0.0,,,ccd-lea-2013
2013,0803330,0870,DELTA COUNTY JOINT DISTRICT NO. 50,292.0,2.0,23.0,135.0,131.0,,5062,ccd-lea-2013
2013,0800004,9130,DENVER 1,29.0,0.0,1.0,13.0,14.0,,387,ccd-lea-2013
2013,0800245,16010,DENVER 1,0.0,0.0,0.0,0.0,0.0,,,ccd-lea-2013
2013,0800230,66070,DEPARTMENT OF CORRECTIONS,0.0,0.0,0.0,0.0,0.0,,,ccd-lea-2013
2013,0800232,66080,DIVISION OF YOUTH SERVICES,0.0,0.0,0.0,0.0,0.0,,,ccd-lea-2013
2013,0803420,0890,DOLORES COUNTY SCHOOL DISTRICT RE-2J,20.0,1.0,1.0,9.0,8.0,,293,ccd-lea-2013
2013,0803390,2055,DOLORES SCHOOL DISTRICT NO. RE-4A,49.0,0.0,4.0,21.0,23.0,,775,ccd-lea-2013
2013,0803450,0900,"DOUGLAS COUNTY SCHOOL DISTRICT, NO. RE 1",3271.0,34.0,217.0,1633.0,1385.0,,66230,ccd-lea-2013
2013,0800260,18010,DOUGLAS RE-1,0.0,0.0,0.0,0.0,0.0,,,ccd-lea-2013
2013,0803480,1520,DURANGO SCHOOL DISTRICT NO. 9-R,292.0,7.0,26.0,148.0,110.0,,4670,ccd-lea-2013
2013,0803540,0910,EAGLE COUNTY SCHOOL DISTRICT NO. RE 50,418.0,12.0,37.0,210.0,157.0,,6520,ccd-lea-2013
2013,0800283,19010,EAGLE COUNTY SCHOOL DISTRICT RE-50J,0.0,0.0,0.0,0.0,0.0,,,ccd-lea-2013
2013,0800234,64043,EAST CENTRAL BOCES,0.0,0.0,0.0,0.0,0.0,,,ccd-lea-2013
2013,0899080,9025,EAST CENTRAL BOCES,7.0,2.0,0.0,2.0,2.0,,,ccd-lea-2013
2013,0804320,1350,EAST GRAND SCHOOL DISTRICT NO. 2,98.0,2.0,8.0,49.0,37.0,,1264,ccd-lea-2013
2013,0805130,2520,EAST OTERO SCHOOL DISTRICT NO. R1,75.0,0.0,7.0,37.0,30.0,,1309,ccd-lea-2013
2013,0803630,1120,"EDISON, JOINT DISTRICT NO. 54 OF THE COUNTIES OF EL PASO AND",11.0,0.0,0.0,4.0,5.0,,191,ccd-lea-2013
2013,0800279,21050,EL PASO 11 COLO SPRINGS,0.0,0.0,0.0,0.0,0.0,,,ccd-lea-2013
2013,0800264,21060,"EL PASO 12, CHEYENNE MOUNTAIN",0.0,0.0,0.0,0.0,0.0,,,ccd-lea-2013
2013,0800236,21020,EL PASO 2 HARRISON,0.0,0.0,0.0,0.0,0.0,,,ccd-lea-2013
2013,0800225,21080,EL PASO 20 ACADEMY,0.0,0.0,0.0,0.0,0.0,,,ccd-lea-2013
2013,0800223,21030,EL PASO 3 WIDEFIELD,0.0,0.0,0.0,0.0,0.0,,,ccd-lea-2013
2013,0800231,21085,"EL PASO 38, LEWIS PALMER",0.0,0.0,0.0,0.0,0.0,,,ccd-lea-2013
2013,0800242,21090,EL PASO 49 FALCON,0.0,0.0,0.0,0.0,0.0,,,ccd-lea-2013
2013,0800220,21040,EL PASO 8 FOUNTAIN,0.0,0.0,0.0,0.0,0.0,,,ccd-lea-2013
2013,0803690,0950,ELBERT SCHOOL DISTRICT NO. 200,20.0,2.0,1.0,7.0,9.0,,198,ccd-lea-2013
2013,0803750,1050,"ELLICOTT, SCHOOL DISTRICT NO. 22, IN THE COUNTY OF EL PASO A",63.0,3.0,6.0,30.0,23.0,,955,ccd-lea-2013
2013,0803780,0120,"ENGLEWOOD, SCHOOL DISTRICT NO. 1, IN THE COUNTY OF ARAPAHOE",187.0,3.0,15.0,81.0,87.0,,2835,ccd-lea-2013
2013,0803810,1570,ESTES PARK SCHOOL DISTRICT R-3,81.0,1.0,5.0,37.0,36.0,,1096,ccd-lea-2013
2013,0803870,1110,"FALCON, SCHOOL DISTRICT NO. 49, IN THE COUNTY OF EL PASO AND",913.0,9.0,74.0,423.0,406.0,,18880,ccd-lea-2013
2013,0800265,21490,FORT LUPTON/KEENESBURG,0.0,0.0,0.0,0.0,0.0,,,ccd-lea-2013
2013,0804080,1000,"FOUNTAIN, SCHOOL DISTRICT NO. 8, IN THE COUNTY OF EL PASO AN",499.0,13.0,51.0,260.0,174.0,,8089,ccd-lea-2013
2013,0804110,2540,FOWLER SCHOOL DISTRICT NO. R4J,33.0,0.0,2.0,16.0,14.0,,409,ccd-lea-2013
2013,0802790,1140,FREMONT RE-1,226.0,3.0,18.0,114.0,90.0,,3650,ccd-lea-2013
2013,0800233,22010,FREMONT RE-1 CANON CITY,0.0,0.0,0.0,0.0,0.0,,,ccd-lea-2013
2013,0803960,1150,FREMONT RE-2,87.0,0.0,7.0,39.0,40.0,,1450,ccd-lea-2013
2013,0803120,1160,FREMONT RE-3,17.0,0.0,1.0,7.0,9.0,,211,ccd-lea-2013
2013,0800015,9160,FRONT RANGE BOCES,0.0,0.0,0.0,0.0,0.0,,,ccd-lea-2013
2013,0806240,1195,GARFIELD SCHOOL DISTRICT NO. RE-2,283.0,6.0,22.0,143.0,111.0,,4818,ccd-lea-2013
2013,0804740,1780,GENOA-HUGO SCHOOL DISTRICT NO. C-113,18.0,0.0,1.0,8.0,8.0,,178,ccd-lea-2013
2013,0804230,1330,GILPIN COUNTY SCHOOL DISTRICT NO. RE-1,34.0,3.0,1.0,16.0,12.0,,421,ccd-lea-2013
2013,0804290,2650,GRANADA SCHOOL DISTRICT NO. RE-1,19.0,1.0,1.0,8.0,8.0,,202,ccd-lea-2013
2013,0800011,9135,GRAND VALLEY BOCES,0.0,0.0,0.0,0.0,0.0,,,ccd-lea-2013
2013,0804380,1220,"GRAND VALLEY, SCHOOL DISTRICT NO. 16, IN THE COUNTY OF GARFI",58.0,0.0,4.0,23.0,30.0,,1050,ccd-lea-2013
2013,0804410,3120,"GREELEY,SCHOOL DISTRICT NO. 6, IN THE COUNTY OF WELD AND STA",1141.0,9.0,86.0,576.0,469.0,,20461,ccd-lea-2013
2013,0800240,26011,GUNNISON RE-1J,0.0,0.0,0.0,0.0,0.0,,,ccd-lea-2013
2013,0804470,1360,GUNNISON WATERSHED SCHOOL DISTRICT RE1J,134.0,2.0,11.0,61.0,58.0,,1934,ccd-lea-2013
2013,0804500,1070,"HANOVER, SCHOOL DISTRICT NO. 28, IN THE COUNTY OF EL PASO AN",16.0,0.0,1.0,7.0,7.0,,251,ccd-lea-2013
2013,0804530,0980,"HARRISON, SCHOOL DISTRICT NO. 2, IN THE COUNTY OF EL PASO AN",688.0,0.0,75.0,370.0,241.0,,11179,ccd-lea-2013
2013,0804560,2630,"HAXTUN SCHOOL DISTRICT, NO. RE-2J",24.0,0.0,2.0,10.0,11.0,,326,ccd-lea-2013
2013,0804590,2760,HAYDEN SCHOOL DISTRICT NO. RE 1,36.0,0.0,2.0,14.0,19.0,,415,ccd-lea-2013
2013,0806510,1460,HI-PLAINS R-23,16.0,1.0,1.0,6.0,7.0,,121,ccd-lea-2013
2013,0804620,1380,HINSDALE COUNTY SCHOOL DISTRICT NO. RE-1,9.0,0.0,0.0,4.0,4.0,,80,ccd-lea-2013
2013,0804650,1600,HOEHNE REORGANIZED SCHOOL DISTRICT NO. 3,23.0,0.0,1.0,11.0,10.0,,359,ccd-lea-2013
2013,0804680,2670,HOLLY SCHOOL DISTRICT NO. RE-3,23.0,0.0,1.0,11.0,10.0,,299,ccd-lea-2013
2013,0804710,2620,HOLYOKE SCHOOL DISTRICT NO. RE-1J,43.0,0.0,5.0,18.0,19.0,,568,ccd-lea-2013
2013,0807080,1390,HUERFANO SCHOOL DISTRICT RE-1,42.0,2.0,3.0,21.0,15.0,,511,ccd-lea-2013
2013,0800018,3220,IDALIA RJ-3 SCHOOL DISTRICT,15.0,0.0,0.0,7.0,6.0,,182,ccd-lea-2013
2013,0804770,1540,IGNACIO SCHOOL DISTRICT NO. 11JT,63.0,0.0,4.0,28.0,30.0,,763,ccd-lea-2013
2013,0804800,1420,JEFFERSON COUNTY SCHOOL DISTRICT NO. R-1,4779.0,26.0,291.0,2089.0,2372.0,,86011,ccd-lea-2013
2013,0800222,30011,JEFFERSON R-1,0.0,0.0,0.0,0.0,0.0,,,ccd-lea-2013
2013,0804860,2862,JULESBURG SCHOOL DISTRICT NO. RE1,41.0,1.0,0.0,13.0,25.0,,955,ccd-lea-2013
2013,0804890,1810,KARVAL SCHOOL DISTRICT NO. RE 23,13.0,0.0,0.0,4.0,7.0,,100,ccd-lea-2013
2013,0804980,1760,KIM REORGANIZED SCHOOL DISTRICT NO. 88,9.0,0.0,0.0,5.0,3.0,,46,ccd-lea-2013
2013,0803510,1430,KIOWA COUNTY SCHOOL DISTRICT NO. RE-1,20.0,0.0,1.0,7.0,10.0,,181,ccd-lea-2013
2013,0806930,1440,KIOWA COUNTY SCHOOL DISTRICT NO. RE-2,10.0,0.0,0.0,4.0,4.0,,72,ccd-lea-2013
2013,0805040,0510,KIT CARSON SCHOOL DISTRICT NO. R-1,14.0,0.0,1.0,6.0,6.0,,114,ccd-lea-2013
2013,0805160,1400,LA VETA SCHOOL DISTRICT RE-2,19.0,0.0,1.0,8.0,9.0,,191,ccd-lea-2013
2013,0805190,1510,LAKE COUNTY SCHOOL DISTRICT NO. R-1,58.0,0.0,5.0,28.0,25.0,,1110,ccd-lea-2013
2013,0805220,2660,LAMAR SCHOOL DISTRICT NO. RE-2,104.0,3.0,8.0,51.0,40.0,,1664,ccd-lea-2013
2013,0800249,35010,LARIMER R-1 POUDRE,0.0,0.0,0.0,0.0,0.0,,,ccd-lea-2013
2013,0800251,35020,LARIMER R-2J THOMPSON,0.0,0.0,0.0,0.0,0.0,,,ccd-lea-2013
2013,0800267,35030,LARIMER R-3 PARK,0.0,0.0,0.0,0.0,0.0,,,ccd-lea-2013
2013,0805250,0290,LAS ANIMAS SCHOOL DISTRICT NO. RE-1,29.0,0.0,3.0,13.0,12.0,,492,ccd-lea-2013
2013,0805820,1080,"LEWIS-PALMER CONSOLIDATED, SCHOOL DISTRICT NO. 38, IN THE CO",349.0,2.0,22.0,165.0,158.0,,6275,ccd-lea-2013
2013,0800019,3230,LIBERTY J-4 SCHOOL DISTRICT,10.0,0.0,0.0,4.0,5.0,,69,ccd-lea-2013
2013,0805280,1790,"LIMON SCHOOL DISTRICT, NO. RE 4J",30.0,0.0,1.0,15.0,13.0,,473,ccd-lea-2013
2013,0805310,0140,"LITTLETON, SCHOOL DISTRICT NO. 6, IN THE COUNTY OF ARAPAHOE",842.0,4.0,62.0,387.0,388.0,,15830,ccd-lea-2013
2013,0800235,38010,LOGAN RE-1 VALLEY,0.0,0.0,0.0,0.0,0.0,,,ccd-lea-2013
2013,0805340,3060,LONE STAR SCHOOL DISTRICT NO. 101,19.0,0.0,1.0,8.0,9.0,,121,ccd-lea-2013
2013,0805460,2070,MANCOS SCHOOL DISTRICT RE-6,32.0,1.0,2.0,15.0,12.0,,416,ccd-lea-2013
2013,0805490,1030,"MANITOU SPRINGS, SCHOOL DISTRICT NO. 14, IN THE COUNTY OF EL",90.0,1.0,5.0,38.0,44.0,,1480,ccd-lea-2013
2013,0805520,2535,"MANZANOLA, JOINT DISTRICT NO. 3J, OF THE COUNTIES OF OTERO A",17.0,0.0,1.0,8.0,7.0,,137,ccd-lea-2013
2013,0805550,0010,"MAPLETON, SCHOOL DISTRICT NO. 1, IN THE COUNTY OF ADAMS & ST",411.0,10.0,33.0,204.0,163.0,,8408,ccd-lea-2013
2013,0805580,0310,MCCLAVE SCHOOL DISTRICT NO. RE-2,21.0,1.0,1.0,9.0,10.0,,266,ccd-lea-2013
2013,0805610,2710,MEEKER SCHOOL DISTRICT RE1,39.0,0.0,2.0,17.0,18.0,,710,ccd-lea-2013
2013,0800246,39031,MESA 51 GRAND JUNCTION,0.0,0.0,0.0,0.0,0.0,,,ccd-lea-2013
2013,0804350,2000,MESA COUNTY VALLEY SCHOOL DISTRICT NO. 51,1262.0,12.0,92.0,625.0,532.0,,21906,ccd-lea-2013
2013,0805670,1130,"MIAMI-YODER, JOINT DISTRICT NO. 60 OF THE COUNTIES OF EL PAS",22.0,0.0,1.0,9.0,11.0,,307,ccd-lea-2013
2013,0805730,2020,MOFFAT COUNTY SCHOOL DISTRICT RE: NO. 1,137.0,0.0,11.0,70.0,55.0,,2241,ccd-lea-2013
2013,0800254,41010,MOFFAT RE-1 CRAIG,0.0,0.0,0.0,0.0,0.0,,,ccd-lea-2013
2013,0805700,2800,"MOFFAT, SCHOOL DISTRICT NO. 2, IN THE COUNTY OF SAGUACHE AND",19.0,1.0,1.0,8.0,8.0,,189,ccd-lea-2013
2013,0805760,2740,MONTE VISTA SCHOOL DISTRICT NO. C-8,72.0,2.0,6.0,33.0,30.0,,1128,ccd-lea-2013
2013,0803090,2035,MONTEZUMA-CORTEZ SCHOOL DISTRICT NO. RE-1,166.0,1.0,12.0,79.0,73.0,,2837,ccd-lea-2013
2013,0805790,2180,MONTROSE COUNTY SCHOOL DISTRICT RE-1J,348.0,5.0,22.0,168.0,150.0,,6200,ccd-lea-2013
2013,0800269,43010,MONTROSE RE-1J,0.0,0.0,0.0,0.0,0.0,,,ccd-lea-2013
2013,0800243,44020,"MORGAN RE-3, FORT MORGAN",0.0,0.0,0.0,0.0,0.0,,,ccd-lea-2013
2013,0800238,64053,"MOUNT EVANS BOCES, IDAHO SPRIN",0.0,0.0,0.0,0.0,0.0,,,ccd-lea-2013
2013,0800274,64093,MOUNTAIN BOCES,0.0,0.0,0.0,0.0,0.0,,,ccd-lea-2013
2013,0806300,2790,MOUNTAIN VALLEY SCHOOL DISTRICT NO. RE 1,14.0,0.0,1.0,7.0,5.0,,135,ccd-lea-2013
2013,0800012,9140,MT EVANS BOCES,0.0,0.0,0.0,0.0,0.0,,,ccd-lea-2013
2013,0805100,0550,NORTH CONEJOS SCHOOL DISTRICT NO. RE1J,71.0,0.0,5.0,31.0,34.0,,1005,ccd-lea-2013
2013,0807050,1410,NORTH PARK SCHOOL DISTRICT R-1,18.0,0.0,1.0,7.0,10.0,,213,ccd-lea-2013
2013,0800229,64103,NORTHEAST BOCES,0.0,0.0,0.0,0.0,0.0,,,ccd-lea-2013
2013,0899180,9040,NORTHEAST BOCES,2.0,2.0,0.0,0.0,0.0,,,ccd-lea-2013
2013,0800248,64123,NORTHWEST BOCES,0.0,0.0,0.0,0.0,0.0,,,ccd-lea-2013
2013,0899220,9095,NORTHWEST COLO BOCES,3.0,3.0,0.0,0.0,0.0,,,ccd-lea-2013
2013,0805880,2840,NORWOOD SCHOOL DISTRICT NO. R-2J,22.0,1.0,1.0,9.0,10.0,,272,ccd-lea-2013
2013,0805940,3050,OTIS SCHOOL DISTRICT NO. R-3,21.0,1.0,1.0,9.0,9.0,,205,ccd-lea-2013
2013,0805970,2580,"OURAY, SCHOOL DISTRICT NO. R-1, OF  THE COUNTY OF OURAY AND",27.0,1.0,1.0,9.0,14.0,,197,ccd-lea-2013
2013,0803840,2610,PARK COUNTY SCHOOL DISTRICT NO. RE-2,42.0,1.0,4.0,22.0,14.0,,590,ccd-lea-2013
2013,0806060,1060,"PEYTON, SCHOOL DISTRICT NO. 23, IN THE COUNTY OF EL PASO AND",38.0,1.0,2.0,15.0,19.0,,606,ccd-lea-2013
2013,0800276,64133,PIKES PEAK BOCES,0.0,0.0,0.0,0.0,0.0,,,ccd-lea-2013
2013,0899240,9045,PIKES PEAK BOCES,22.0,0.0,0.0,8.0,12.0,,,ccd-lea-2013
2013,0803030,1990,"PLATEAU VALLEY, SCHOOL DISTRICT NO. 50 IN THE COUNTY OF MESA",35.0,1.0,1.0,12.0,19.0,,450,ccd-lea-2013
2013,0802370,2600,"PLATTE CANYON, SCHOOL DISTRICT NO. 1, OF  THE COUNTY OF PARK",62.0,0.0,5.0,28.0,28.0,,1031,ccd-lea-2013
2013,0806000,2865,PLATTE VALLEY SCHOOL DISTRICT NO. RE3,15.0,0.0,1.0,7.0,6.0,,109,ccd-lea-2013
2013,0803990,1550,POUDRE SCHOOL DISTRICT R-1,1625.0,27.0,117.0,762.0,717.0,,28439,ccd-lea-2013
2013,0807260,1590,PRIMERO REORGANIZED SCHOOL DISTRICT NO. 2,20.0,0.0,1.0,7.0,11.0,,196,ccd-lea-2013
2013,0806090,0240,PRITCHETT SCHOOL DISTRICT NO. RE-3,11.0,0.0,0.0,5.0,6.0,,53,ccd-lea-2013
2013,0800221,51010,PUEBLO 60 URBAN,0.0,0.0,0.0,0.0,0.0,,,ccd-lea-2013
2013,0800278,51020,PUEBLO 70 RURAL,0.0,0.0,0.0,0.0,0.0,,,ccd-lea-2013
2013,0806150,2700,PUEBLO COUNTY SCHOOL DISTRICT 70,503.0,5.0,41.0,232.0,224.0,,9257,ccd-lea-2013
2013,0806120,2690,"PUEBLO, SCHOOL DISTRICT NO. 60, IN THE COUNTY OF PUEBLO AND",1048.0,57.0,95.0,486.0,408.0,,18012,ccd-lea-2013
2013,0806180,2720,RANGELY SCHOOL DISTRICT RE4,31.0,0.0,1.0,16.0,13.0,,555,ccd-lea-2013
2013,0806210,2590,"RIDGWAY, SCHOOL DISTRICT NO. R-2,  OF  THE COUNTY OF OURAY A",31.0,1.0,2.0,13.0,14.0,,343,ccd-lea-2013
2013,0800277,64213,RIO BLANCO BOCES,0.0,0.0,0.0,0.0,0.0,,,ccd-lea-2013
2013,0899280,9125,RIO BLANCO BOCES,6.0,1.0,0.0,2.0,2.0,,,ccd-lea-2013
2013,0804260,1180,ROARING FORK SCHOOL DISTRICT NO. RE-1,347.0,0.0,30.0,184.0,132.0,,5628,ccd-lea-2013
2013,0806270,2530,ROCKY FORD SCHOOL DISTRICT NO. R2,58.0,0.0,4.0,27.0,26.0,,805,ccd-lea-2013
2013,0806330,0500,SALIDA SCHOOL DISTRICT NO. R-32,80.0,4.0,5.0,33.0,37.0,,1176,ccd-lea-2013
2013,0800253,64143,SAN JUAN BOCES,0.0,0.0,0.0,0.0,0.0,,,ccd-lea-2013
2013,0899300,9050,SAN JUAN BOCES,5.0,3.0,0.0,0.0,1.0,,48,ccd-lea-2013
2013,0800261,64153,SAN LUIS VALLEY BOCES,0.0,0.0,0.0,0.0,0.0,,,ccd-lea-2013
2013,0899320,9055,SAN LUIS VALLEY BOCES,14.0,5.0,0.0,4.0,4.0,,,ccd-lea-2013
2013,0806390,0560,"SANFORD, SCHOOL DISTRICT NO. 6, IN THE COUNTY OF CONEJOS AND",25.0,1.0,2.0,9.0,11.0,,395,ccd-lea-2013
2013,0806420,0110,"SANGRE DE CRISTO SCHOOL DISTRICT, NO. RE-22J",26.0,1.0,1.0,10.0,13.0,,324,ccd-lea-2013
2013,0800014,9150,SANTA FE TRAIL BOCES,6.0,1.0,0.0,2.0,2.0,,,ccd-lea-2013
2013,0800271,64160,SANTA FE TRAIL BOCES,0.0,0.0,0.0,0.0,0.0,,,ccd-lea-2013
2013,0806450,2750,SARGENT SCHOOL DISTRICT NO. RE-33J,33.0,0.0,2.0,16.0,14.0,,447,ccd-lea-2013
2013,0802580,0040,SCHOOL DISTRICT 27J,802.0,20.0,65.0,403.0,313.0,,16717,ccd-lea-2013
2013,0801950,0030,SCHOOL DISTRICT N. 14 IN THE COUNTY OF ADAMS & STATE OF COLO,436.0,21.0,42.0,219.0,152.0,,7598,ccd-lea-2013
2013,0803360,0880,SCHOOL DISTRICT NO. 1 IN THE COUNTY OF DENVER AND STATE OF C,5356.0,285.0,452.0,2565.0,2052.0,,86046,ccd-lea-2013
2013,0806480,0990,SCHOOL DISTRICT NO. 3 IN THE COUNTY OF EL PASO AND STATE OF,534.0,18.0,45.0,251.0,219.0,,9364,ccd-lea-2013
2013,0803720,0920,"SCHOOL DISTRICT NO. C-1, IN THE COUNTY OF ELBERT AND STATE O",145.0,1.0,10.0,64.0,70.0,,2621,ccd-lea-2013
2013,0805010,0930,SCHOOL DISTRICT NO. C-2 IN THE COUNTY OF ELBERT AND STATE OF,28.0,0.0,1.0,12.0,14.0,,344,ccd-lea-2013
2013,0806780,1480,SCHOOL DISTRICT NO. R-4 IN THE COUNTY OF KIT CARSON AND STAT,17.0,0.0,1.0,8.0,7.0,,186,ccd-lea-2013
2013,0806690,1828,"SCHOOL DISTRICT NO. RE-1, VALLEY",138.0,0.0,8.0,65.0,63.0,,2305,ccd-lea-2013
2013,0806720,3147,SCHOOL DISTRICT NO. RE-11 IN THE COUNTY OF WELD AND STATE OF,17.0,1.0,1.0,7.0,7.0,,196,ccd-lea-2013
2013,0804440,3148,SCHOOL DISTRICT NO. RE-12 IN THE COUNTY OF WELD AND STATE OF,16.0,0.0,0.0,6.0,9.0,,88,ccd-lea-2013
2013,0802610,2395,"SCHOOL DISTRICT NO. RE-2, BRUSH",97.0,3.0,7.0,45.0,40.0,,1564,ccd-lea-2013
2013,0807140,2505,"SCHOOL DISTRICT NO. RE-20, WELDON VALLEY",16.0,0.0,1.0,7.0,8.0,,221,ccd-lea-2013
2013,0803930,1850,SCHOOL DISTRICT NO. RE-3 FRENCHMAN,20.0,0.0,1.0,8.0,9.0,,203,ccd-lea-2013
2013,0804050,2405,"SCHOOL DISTRICT NO. RE-3, FORT MORGAN",205.0,12.0,14.0,94.0,84.0,,3205,ccd-lea-2013
2013,0805640,1860,SCHOOL DISTRICT NO. RE-4 BUFFALO,24.0,0.0,1.0,8.0,13.0,,318,ccd-lea-2013
2013,0806030,1870,SCHOOL DISTRICT NO. RE-5 PLATEAU,19.0,0.0,1.0,9.0,8.0,,196,ccd-lea-2013
2013,0807290,2515,"SCHOOL DISTRICT NO. RE-50, WIGGINS",32.0,0.0,2.0,14.0,15.0,,563,ccd-lea-2013
2013,0806540,0123,SHERIDAN SCHOOL DISTRICT NO. 2,86.0,1.0,7.0,36.0,41.0,,1583,ccd-lea-2013
2013,0804140,0740,SIERRA GRANDE SCHOOL DISTRICT NO. R-30,22.0,0.0,1.0,10.0,11.0,,256,ccd-lea-2013
2013,0806570,2820,"SILVERTON, SCHOOL DISTRICT NO. 1, IN THE COUNTY OF SAN JUAN",12.0,0.0,0.0,5.0,5.0,,64,ccd-lea-2013
2013,0800241,64163,SOUTH CENTRAL BOCES,0.0,0.0,0.0,0.0,0.0,,,ccd-lea-2013
2013,0899340,9060,SOUTH CENTRAL BOCES,8.0,4.0,0.0,0.0,4.0,,,ccd-lea-2013
2013,0802130,0580,SOUTH CONEJOS SCHOOL DISTRICT NO. RE10,22.0,0.0,1.0,9.0,11.0,,215,ccd-lea-2013
2013,0805910,2780,SOUTH ROUTT SCHOOL DISTRICT NO. RE 3,37.0,0.0,2.0,17.0,16.0,,407,ccd-lea-2013
2013,0800256,64193,SOUTHEASTERN BOCES,0.0,0.0,0.0,0.0,0.0,,,ccd-lea-2013
2013,0899400,9075,SOUTHEASTERN BOCES,1.0,1.0,0.0,0.0,0.0,,,ccd-lea-2013
2013,0806630,0250,SPRINGFIELD SCHOOL DISTRICT NO. RE-4,31.0,1.0,3.0,12.0,15.0,,299,ccd-lea-2013
2013,0805370,0470,ST. VRAIN VALLEY SCHOOL DISTRICT NO. RE1J,1616.0,39.0,108.0,820.0,648.0,,30195,ccd-lea-2013
2013,0800020,8001,STATE CHARTER SCHOOL INSTITUTE,571.0,3.0,52.0,260.0,254.0,,10475,ccd-lea-2013
2013,0806660,2770,STEAMBOAT SPRINGS SCHOOL DISTRICT NO. RE 2,159.0,0.0,12.0,78.0,68.0,,2401,ccd-lea-2013
2013,0806750,0060,STRASBURG SCHOOL DISTRICT 31J,57.0,1.0,3.0,24.0,28.0,,1072,ccd-lea-2013
2013,0806810,3000,SUMMIT SCHOOL DISTRICT NO. RE 1,191.0,0.0,15.0,106.0,68.0,,3287,ccd-lea-2013
2013,0806840,2570,"SWINK, SCHOOL DISTRICT NO. 33, IN THE COUNTY OF OTERO AND ST",28.0,0.0,1.0,13.0,13.0,,336,ccd-lea-2013
2013,0806870,2830,TELLURIDE SCHOOL DISTRICT NO. R-1,70.0,0.0,6.0,34.0,27.0,,842,ccd-lea-2013
2013,0805400,1560,THOMPSON SCHOOL DISTRICT R-2J,867.0,13.0,60.0,443.0,349.0,,16210,ccd-lea-2013
2013,0806960,1580,"TRINIDAD, SCHOOL DISTRICT 1, IN THE COUNTY OF LAS ANIMAS AND",57.0,0.0,5.0,29.0,22.0,,1019,ccd-lea-2013
2013,0800013,9145,UNCOMPAHGRE BOCS,1.0,1.0,0.0,0.0,0.0,,,ccd-lea-2013
2013,0800262,64200,UNCOMPAHGRE BOCS,0.0,0.0,0.0,0.0,0.0,,,ccd-lea-2013
2013,0800022,9165,UTE PASS BOCES,1.0,0.0,0.0,0.0,0.0,,,ccd-lea-2013
2013,0800275,64205,UTE PASS BOCES,0.0,0.0,0.0,0.0,0.0,,,ccd-lea-2013
2013,0806990,0260,VILAS SCHOOL DISTRICT RE-5,10.0,0.0,0.0,4.0,4.0,,127,ccd-lea-2013
2013,0807110,0230,WALSH SCHOOL DISTRICT NO. RE-1,14.0,0.0,1.0,5.0,6.0,,156,ccd-lea-2013
2013,0800270,62060,WELD 6 GREELEY,0.0,0.0,0.0,0.0,0.0,,,ccd-lea-2013
2013,0804200,3080,WELD COUNTY REORGANIZED SCHOOL DISTRICT NO. RE-1,126.0,0.0,10.0,61.0,55.0,,1922,ccd-lea-2013
2013,0804920,3090,WELD COUNTY REORGANIZED SCHOOL DISTRICT NO. RE-3,140.0,4.0,10.0,69.0,56.0,,2306,ccd-lea-2013
2013,0807350,3100,WELD COUNTY REORGANIZED SCHOOL DISTRICT NO. RE-4,286.0,6.0,17.0,143.0,118.0,,4821,ccd-lea-2013
2013,0804020,3140,WELD COUNTY REORGANIZED SCHOOL DISTRICT NO. RE-8,142.0,6.0,11.0,68.0,55.0,,2415,ccd-lea-2013
2013,0803600,3085,WELD COUNTY SCHOOL DISTRICT NO. RE-2,109.0,0.0,9.0,51.0,48.0,,1837,ccd-lea-2013
2013,0804830,3110,WELD COUNTY SCHOOL DISTRICT NO. RE-5J,180.0,3.0,12.0,95.0,69.0,,3548,ccd-lea-2013
2013,0804950,3130,WELD COUNTY SCHOOL DISTRICT NO. RE-7,79.0,0.0,6.0,33.0,40.0,,1094,ccd-lea-2013
2013,0802310,3145,WELD COUNTY SCHOOL DISTRICT NO. RE-9,59.0,0.0,4.0,26.0,29.0,,765,ccd-lea-2013
2013,0800250,62040,WELD RE-4 WINDSOR,0.0,0.0,0.0,0.0,0.0,,,ccd-lea-2013
2013,0800281,62050,"WELD RE-5J, JOHNSTOWN-MILLIKEN",0.0,0.0,0.0,0.0,0.0,,,ccd-lea-2013
2013,0805850,2190,WEST END SCHOOL DISTRICT NO. RE-2,23.0,0.0,1.0,11.0,9.0,,258,ccd-lea-2013
2013,0805070,1340,WEST GRAND SCHOOL DISTRICT NO. 1,36.0,0.0,2.0,17.0,16.0,,440,ccd-lea-2013
2013,0807230,0070,"WESTMINSTER, SCHOOL DISTRICT NO. 50, IN THE COUNTY OF ADAMS",540.0,13.0,50.0,282.0,194.0,,10101,ccd-lea-2013
2013,0807320,2680,WILEY SCHOOL DISTRICT NO. RE-13 JT,21.0,0.0,1.0,8.0,10.0,,226,ccd-lea-2013
2013,0807380,3020,WOODLAND PARK SCHOOL DISTRICT NO. RE-2,148.0,3.0,11.0,64.0,68.0,,2586,ccd-lea-2013
2013,0807410,3070,WOODLIN SCHOOL DISTRICT NO. R-104,10.0,0.0,1.0,4.0,5.0,,90,ccd-lea-2013
2013,0800017,3210,WRAY RD-2 SCHOOL DISTRICT,45.0,0.0,3.0,22.0,18.0,,724,ccd-lea-2013
2013,0800016,3200,YUMA 1 SCHOOL DISTRICT,64.0,1.0,4.0,29.0,28.0,,813,ccd-lea-2013
2014,0800009,9120,ADAMS COUNTY BOCES,0.0,0.0,,,,,,ccd-lea-2014
2014,0801920,1040,"Academy, School District No. 20, in the county of El Paso an",1500.0,16.0,92.0,665.0,726.0,3023.0,24578,ccd-lea-2014
2014,0806900,0020,Adams 12 Five Star Schools,2000.0,11.0,143.0,1008.0,837.0,4258.0,38701,ccd-lea-2014
2014,0801980,0960,Agate School District No. 300,2.0,0.0,0.0,1.0,0.0,7.0,10,ccd-lea-2014
2014,0802010,1620,Aguilar Reorganized School District No. 6,17.0,1.0,1.0,5.0,9.0,29.0,130,ccd-lea-2014
2014,0802040,3030,Akron School District No. R-1,31.0,0.0,1.0,11.0,17.0,65.0,357,ccd-lea-2014
2014,0802070,0100,"Alamosa School District, No. Re-11J",118.0,0.0,13.0,57.0,48.0,245.0,2136,ccd-lea-2014
2014,0802190,0220,Archuleta County School District No. 50 Jt,84.0,0.0,6.0,40.0,36.0,169.0,1326,ccd-lea-2014
2014,0802220,3040,Arickaree School District No. R-2,14.0,0.0,1.0,4.0,7.0,28.0,107,ccd-lea-2014
2014,0802260,1450,Arriba-Flagler Consolidated School District No. 20,17.0,0.0,1.0,7.0,7.0,34.0,195,ccd-lea-2014
2014,0802280,2640,"Aspen School District No. 1, in the county of Pitkin and Sta",136.0,0.0,10.0,61.0,64.0,222.0,1756,ccd-lea-2014
2014,0802340,0180,"Aurora, Joint District No. 28 of the counties of Adams and A",2240.0,17.0,264.0,1098.0,859.0,4860.0,41729,ccd-lea-2014
2014,0802400,1530,Bayfield School District No. 10Jt-R,88.0,0.0,9.0,41.0,37.0,159.0,1325,ccd-lea-2014
2014,0802430,0050,Bennett School District No. 29J,52.0,0.0,4.0,24.0,23.0,116.0,1079,ccd-lea-2014
2014,0802460,1490,Bethune School District No. R- 5,12.0,0.0,0.0,4.0,6.0,23.0,117,ccd-lea-2014
2014,0806600,0940,Big Sandy School District No. 100J,26.0,0.0,1.0,12.0,12.0,57.0,295,ccd-lea-2014
2014,0802490,0480,Boulder Valley School District No. Re2,1679.0,34.0,105.0,792.0,746.0,3647.0,30908,ccd-lea-2014
2014,0802520,1750,Branson Reorganized School District No. 82,25.0,0.0,1.0,10.0,13.0,40.0,450,ccd-lea-2014
2014,0802640,0490,Buena Vista School District No. R-31,64.0,0.0,3.0,28.0,32.0,138.0,950,ccd-lea-2014
2014,0802670,1500,Burlington Public School District No. RE-6J,52.0,0.0,3.0,24.0,24.0,99.0,784,ccd-lea-2014
2014,0802700,0190,Byers School District No. 32J,70.0,0.0,4.0,27.0,38.0,128.0,2142,ccd-lea-2014
2014,0899200,9035,CENTENNIAL BOCES,14.0,1.0,0.0,1.0,11.0,96.0,165,ccd-lea-2014
2014,0800282,9170,COLORADO DIGITAL BOCES,38.0,0.0,1.0,11.0,25.0,44.0,1698,ccd-lea-2014
2014,0802730,0970,Calhan District No. RJ1,31.0,1.0,1.0,16.0,12.0,74.0,463,ccd-lea-2014
2014,0802760,0270,Campo School District No. Re-6,9.0,0.0,0.0,4.0,4.0,20.0,44,ccd-lea-2014
2014,0806360,0640,Centennial School District No. R-1,20.0,0.0,1.0,8.0,11.0,45.0,221,ccd-lea-2014
2014,0802850,2810,"Center Consolidated School District No. 26 Jt., of the count",44.0,0.0,3.0,19.0,21.0,106.0,649,ccd-lea-2014
2014,0802880,2560,"Cheraw, School District No. 31, in the county of Otero and S",17.0,0.0,1.0,8.0,7.0,33.0,229,ccd-lea-2014
2014,0802910,0130,"Cherry Creek, School District No. 5, in the county of Arapah",3037.0,25.0,184.0,1481.0,1345.0,6715.0,54535,ccd-lea-2014
2014,0800001,0520,Cheyenne County School District No. Re-5,17.0,0.0,1.0,8.0,8.0,38.0,182,ccd-lea-2014
2014,0802940,1020,"Cheyenne Mountain School District No. 12, in the county of E",349.0,6.0,24.0,154.0,164.0,582.0,5148,ccd-lea-2014
2014,0803000,0540,Clear Creek School District No. Re-1,61.0,0.0,4.0,33.0,23.0,149.0,890,ccd-lea-2014
2014,0800023,9000,Colorado School for the Deaf and Blind,39.0,1.0,2.0,11.0,23.0,87.0,214,ccd-lea-2014
2014,0803060,1010,"Colorado Springs, School District No. 11, in the county of E",1727.0,27.0,147.0,874.0,679.0,3759.0,28332,ccd-lea-2014
2014,0803150,2010,Creede School District,12.0,0.0,0.0,5.0,5.0,23.0,77,ccd-lea-2014
2014,0803180,3010,Cripple Creek-Victor School District No. Re-1,29.0,1.0,2.0,10.0,15.0,81.0,384,ccd-lea-2014
2014,0803210,0770,Crowley County School District No. Re-1-J,30.0,0.0,2.0,14.0,14.0,66.0,437,ccd-lea-2014
2014,0807200,0860,Custer County School District Consolidate 1,31.0,1.0,2.0,11.0,15.0,60.0,397,ccd-lea-2014
2014,0800004,9130,DENVER 1,32.0,0.0,2.0,13.0,16.0,43.0,392,ccd-lea-2014
2014,0803240,1980,"De Beque, Joint District No. 49 of the counties of Mesa and",15.0,0.0,1.0,7.0,6.0,30.0,151,ccd-lea-2014
2014,0803270,0170,Deer Trail School District No. 26J,18.0,1.0,1.0,8.0,8.0,35.0,184,ccd-lea-2014
2014,0803300,2730,Del Norte Consolidated School District No. C-7,39.0,0.0,1.0,18.0,19.0,75.0,417,ccd-lea-2014
2014,0803330,0870,Delta County Joint District No. 50,283.0,2.0,23.0,127.0,129.0,640.0,5075,ccd-lea-2014
2014,0803420,0890,Dolores County School District RE-2J,24.0,1.0,1.0,10.0,10.0,52.0,269,ccd-lea-2014
2014,0803390,2055,Dolores School District No. Re-4A,52.0,0.0,3.0,24.0,23.0,107.0,796,ccd-lea-2014
2014,0803450,0900,"Douglas County School District, No. Re 1",3390.0,42.0,227.0,1630.0,1491.0,6919.0,66702,ccd-lea-2014
2014,0803480,1520,Durango School District No. 9-R,283.0,8.0,25.0,144.0,105.0,584.0,4564,ccd-lea-2014
2014,0899080,9025,EAST CENTRAL BOCES,7.0,2.0,0.0,1.0,2.0,58.0,,ccd-lea-2014
2014,0803540,0910,Eagle County School District No. Re 50,432.0,15.0,36.0,217.0,162.0,861.0,6713,ccd-lea-2014
2014,0804320,1350,East Grand School District No. 2,94.0,1.0,8.0,47.0,35.0,181.0,1299,ccd-lea-2014
2014,0805130,2520,East Otero School District No. R1,76.0,0.0,8.0,41.0,26.0,145.0,1309,ccd-lea-2014
2014,0803630,1120,"Edison, Joint District No. 54 of the counties of El Paso and",11.0,0.0,0.0,5.0,5.0,34.0,217,ccd-lea-2014
2014,0803690,0950,Elbert School District No. 200,19.0,1.0,1.0,7.0,9.0,40.0,221,ccd-lea-2014
2014,0803750,1050,"Ellicott, School District No. 22, in the county of El Paso a",71.0,4.0,5.0,35.0,27.0,146.0,1072,ccd-lea-2014
2014,0803780,0120,"Englewood, School District No. 1, in the county of Arapahoe",186.0,3.0,14.0,81.0,87.0,419.0,2866,ccd-lea-2014
2014,0803810,1570,Estes Park School District R-3,81.0,1.0,5.0,36.0,38.0,146.0,1127,ccd-lea-2014
2014,0800015,9160,FRONT RANGE BOCES,0.0,0.0,,,,,,ccd-lea-2014
2014,0803870,1110,"Falcon, School District No. 49, in the county of El Paso and",919.0,11.0,73.0,437.0,395.0,1874.0,19552,ccd-lea-2014
2014,0804080,1000,"Fountain, School District No. 8, in the county of El Paso an",506.0,13.0,51.0,265.0,176.0,996.0,8120,ccd-lea-2014
2014,0804110,2540,Fowler School District No. R4J,34.0,0.0,2.0,16.0,15.0,63.0,402,ccd-lea-2014
2014,0802790,1140,Fremont Re-1,228.0,3.0,19.0,114.0,89.0,497.0,3603,ccd-lea-2014
2014,0803960,1150,Fremont Re-2,97.0,0.0,7.0,44.0,44.0,208.0,1373,ccd-lea-2014
2014,0803120,1160,Fremont Re-3,18.0,0.0,1.0,7.0,9.0,43.0,221,ccd-lea-2014
2014,0800011,9135,GRAND VALLEY BOCES,0.0,0.0,0.0,0.0,0.0,10.0,,ccd-lea-2014
2014,0806240,1195,Garfield School District No. Re-2,287.0,5.0,22.0,142.0,116.0,671.0,4828,ccd-lea-2014
2014,0804740,1780,Genoa-Hugo School District No. C-113,18.0,0.0,1.0,8.0,8.0,37.0,171,ccd-lea-2014
2014,0804230,1330,Gilpin County School District No. Re-1,35.0,2.0,1.0,19.0,12.0,65.0,429,ccd-lea-2014
2014,0804290,2650,Granada School District No. Re-1,20.0,0.0,1.0,8.0,10.0,39.0,202,ccd-lea-2014
2014,0804380,1220,"Grand Valley, School District No. 16, in the county of Garfi",58.0,0.0,3.0,24.0,30.0,135.0,1038,ccd-lea-2014
2014,0804410,3120,"Greeley,School District No. 6, in the county of Weld and Sta",1154.0,8.0,90.0,577.0,478.0,2263.0,21236,ccd-lea-2014
2014,0804470,1360,Gunnison Watershed School District Re1J,128.0,2.0,10.0,59.0,56.0,229.0,1929,ccd-lea-2014
2014,0804500,1070,"Hanover, School District No. 28, in the county of El Paso an",17.0,0.0,1.0,6.0,8.0,50.0,260,ccd-lea-2014
2014,0804530,0980,"Harrison, School District No. 2, in the county of El Paso an",679.0,0.0,74.0,373.0,231.0,1423.0,11441,ccd-lea-2014
2014,0804560,2630,"Haxtun School District, No. Re-2J",25.0,0.0,1.0,12.0,11.0,50.0,330,ccd-lea-2014
2014,0804590,2760,Hayden School District No. Re 1,37.0,0.0,3.0,15.0,19.0,68.0,414,ccd-lea-2014
2014,0806510,1460,Hi-Plains R-23,17.0,1.0,1.0,6.0,8.0,31.0,111,ccd-lea-2014
2014,0804620,1380,Hinsdale County School District No. Re-1,11.0,0.0,0.0,4.0,5.0,24.0,96,ccd-lea-2014
2014,0804650,1600,Hoehne Reorganized School District No. 3,22.0,0.0,1.0,11.0,9.0,40.0,363,ccd-lea-2014
2014,0804680,2670,Holly School District No. Re-3,24.0,1.0,1.0,10.0,11.0,51.0,302,ccd-lea-2014
2014,0804710,2620,Holyoke School District No. Re-1J,44.0,0.0,5.0,19.0,19.0,83.0,593,ccd-lea-2014
2014,0807080,1390,Huerfano School District Re-1,44.0,2.0,4.0,21.0,15.0,92.0,537,ccd-lea-2014
2014,0800018,3220,Idalia RJ-3 School District,16.0,0.0,0.0,7.0,7.0,32.0,201,ccd-lea-2014
2014,0804770,1540,Ignacio School District No. 11Jt,66.0,0.0,4.0,29.0,32.0,137.0,791,ccd-lea-2014
2014,0804800,1420,Jefferson County School District No. R-1,4724.0,32.0,307.0,2212.0,2171.0,10466.0,86581,ccd-lea-2014
2014,0804860,2862,Julesburg School District No. Re1,38.0,1.0,1.0,11.0,24.0,67.0,794,ccd-lea-2014
2014,0804890,1810,Karval School District No. Re 23,6.0,0.0,0.0,2.0,2.0,13.0,45,ccd-lea-2014
2014,0804980,1760,Kim Reorganized School District No. 88,11.0,0.0,0.0,3.0,6.0,14.0,48,ccd-lea-2014
2014,0803510,1430,Kiowa County School District No. Re-1,20.0,1.0,1.0,8.0,10.0,38.0,175,ccd-lea-2014
2014,0806930,1440,Kiowa County School District No. Re-2,10.0,1.0,0.0,4.0,4.0,18.0,66,ccd-lea-2014
2014,0805040,0510,Kit Carson School District No. R-1,17.0,0.0,1.0,7.0,8.0,29.0,108,ccd-lea-2014
2014,0805160,1400,La Veta School District Re-2,19.0,0.0,1.0,8.0,9.0,40.0,215,ccd-lea-2014
2014,0805190,1510,Lake County School District No. R-1,56.0,1.0,3.0,24.0,27.0,152.0,1093,ccd-lea-2014
2014,0805220,2660,Lamar School District No. Re-2,102.0,3.0,8.0,50.0,40.0,190.0,1606,ccd-lea-2014
2014,0805250,0290,Las Animas School District No. Re-1,34.0,1.0,3.0,14.0,14.0,78.0,501,ccd-lea-2014
2014,0805820,1080,"Lewis-Palmer Consolidated, School District No. 38, in the co",348.0,1.0,21.0,161.0,163.0,721.0,6207,ccd-lea-2014
2014,0800019,3230,Liberty J-4 School District,4.0,0.0,0.0,2.0,1.0,17.0,80,ccd-lea-2014
2014,0805280,1790,"Limon School District, No. Re 4J",31.0,0.0,2.0,15.0,13.0,62.0,476,ccd-lea-2014
2014,0805310,0140,"Littleton, School District No. 6, in the county of Arapahoe",841.0,4.0,61.0,389.0,385.0,1868.0,15691,ccd-lea-2014
2014,0805340,3060,Lone Star School District No. 101,17.0,0.0,1.0,7.0,8.0,30.0,106,ccd-lea-2014
2014,0899160,9030,MOUNTAIN BOCES,104.0,11.0,4.0,38.0,50.0,347.0,123,ccd-lea-2014
2014,0800012,9140,MT EVANS BOCES,0.0,0.0,0.0,0.0,0.0,10.0,,ccd-lea-2014
2014,0805460,2070,Mancos School District Re-6,35.0,2.0,2.0,16.0,13.0,73.0,455,ccd-lea-2014
2014,0805490,1030,"Manitou Springs, School District No. 14, in the county of El",98.0,1.0,6.0,42.0,48.0,200.0,1458,ccd-lea-2014
2014,0805520,2535,"Manzanola, Joint District No. 3J, of the counties of Otero a",17.0,0.0,1.0,8.0,7.0,35.0,147,ccd-lea-2014
2014,0805550,0010,"Mapleton, School District No. 1, in the county of Adams & St",416.0,10.0,30.0,207.0,168.0,819.0,8670,ccd-lea-2014
2014,0805580,0310,McClave School District No. Re-2,22.0,1.0,1.0,8.0,11.0,43.0,279,ccd-lea-2014
2014,0805610,2710,Meeker School District Re1,38.0,0.0,2.0,19.0,17.0,71.0,697,ccd-lea-2014
2014,0804350,2000,Mesa County Valley School District No. 51,1289.0,75.0,83.0,590.0,538.0,2673.0,21746,ccd-lea-2014
2014,0805670,1130,"Miami-Yoder, Joint District No. 60 of the counties of El Pas",25.0,0.0,1.0,9.0,13.0,52.0,278,ccd-lea-2014
2014,0805730,2020,Moffat County School District RE: No. 1,133.0,1.0,11.0,70.0,51.0,299.0,2175,ccd-lea-2014
2014,0805700,2800,"Moffat, School District No. 2, in the county of Saguache and",23.0,1.0,1.0,9.0,11.0,50.0,196,ccd-lea-2014
2014,0805760,2740,Monte Vista School District No. C-8,74.0,2.0,6.0,34.0,30.0,142.0,1130,ccd-lea-2014
2014,0803090,2035,Montezuma-Cortez School District No. Re-1,168.0,0.0,10.0,74.0,82.0,348.0,2787,ccd-lea-2014
2014,0805790,2180,Montrose County School District Re-1J,367.0,11.0,27.0,172.0,156.0,721.0,6087,ccd-lea-2014
2014,0806300,2790,Mountain Valley School District No. Re 1,15.0,0.0,1.0,7.0,6.0,31.0,138,ccd-lea-2014
2014,0899180,9040,NORTHEAST BOCES,2.0,2.0,0.0,0.0,0.0,48.0,,ccd-lea-2014
2014,0899220,9095,NORTHWEST COLO BOCES,4.0,4.0,0.0,0.0,0.0,41.0,,ccd-lea-2014
2014,0805100,0550,North Conejos School District No. Re1J,71.0,0.0,4.0,31.0,34.0,123.0,964,ccd-lea-2014
2014,0807050,1410,North Park School District R-1,19.0,0.0,1.0,8.0,9.0,38.0,190,ccd-lea-2014
2014,0805880,2840,Norwood School District No. R-2J,21.0,0.0,2.0,8.0,10.0,48.0,287,ccd-lea-2014
2014,0805940,3050,Otis School District No. R-3,19.0,0.0,1.0,8.0,9.0,37.0,226,ccd-lea-2014
2014,0805970,2580,"Ouray, School District No. R-1, of  the county of Ouray and",29.0,1.0,1.0,10.0,15.0,47.0,191,ccd-lea-2014
2014,0899240,9045,PIKES PEAK BOCES,23.0,0.0,0.0,7.0,14.0,123.0,,ccd-lea-2014
2014,0803840,2610,Park County School District No. Re-2,45.0,0.0,4.0,23.0,16.0,102.0,651,ccd-lea-2014
2014,0806060,1060,"Peyton, School District No. 23, in the county of El Paso and",46.0,1.0,2.0,15.0,27.0,91.0,622,ccd-lea-2014
2014,0803030,1990,"Plateau Valley, School District No. 50 in the county of Mesa",32.0,1.0,1.0,12.0,17.0,59.0,459,ccd-lea-2014
2014,0802370,2600,"Platte Canyon, School District No. 1, of  the county of Park",64.0,0.0,3.0,31.0,29.0,153.0,1017,ccd-lea-2014
2014,0803990,1550,Poudre School District R-1,1676.0,31.0,122.0,779.0,742.0,3532.0,29053,ccd-lea-2014
2014,0807260,1590,Primero Reorganized School District No. 2,19.0,0.0,1.0,7.0,9.0,37.0,197,ccd-lea-2014
2014,0806090,0240,Pritchett School District No. Re-3,12.0,0.0,0.0,4.0,7.0,20.0,37,ccd-lea-2014
2014,0806150,2700,Pueblo County School District 70,498.0,5.0,40.0,238.0,214.0,966.0,9310,ccd-lea-2014
2014,0806120,2690,"Pueblo, School District No. 60, in the county of Pueblo and",1022.0,29.0,84.0,504.0,403.0,2043.0,17979,ccd-lea-2014
2014,0899280,9125,RIO BLANCO BOCES,8.0,2.0,0.0,2.0,3.0,35.0,,ccd-lea-2014
2014,0806180,2720,Rangely School District RE4,32.0,0.0,2.0,18.0,12.0,63.0,542,ccd-lea-2014
2014,0806000,2865,Revere School District,15.0,0.0,0.0,8.0,6.0,27.0,106,ccd-lea-2014
2014,0806210,2590,"Ridgway, School District No. R-2,  of  the county of Ouray a",31.0,1.0,1.0,13.0,14.0,68.0,356,ccd-lea-2014
2014,0804260,1180,Roaring Fork School District No. Re-1,355.0,0.0,29.0,190.0,136.0,600.0,5613,ccd-lea-2014
2014,0806270,2530,Rocky Ford School District No. R2,59.0,0.0,5.0,27.0,26.0,117.0,809,ccd-lea-2014
2014,0899300,9050,SAN JUAN BOCES,7.0,4.0,0.0,0.0,2.0,82.0,46,ccd-lea-2014
2014,0899320,9055,SAN LUIS VALLEY BOCES,13.0,5.0,0.0,3.0,4.0,101.0,,ccd-lea-2014
2014,0800014,9150,SANTA FE TRAIL BOCES,4.0,1.0,0.0,2.0,0.0,37.0,,ccd-lea-2014
2014,0899340,9060,SOUTH CENTRAL BOCES,6.0,2.0,0.0,0.0,2.0,38.0,,ccd-lea-2014
2014,0899400,9075,SOUTHEASTERN BOCES,1.0,1.0,0.0,0.0,0.0,33.0,,ccd-lea-2014
2014,0806330,0500,Salida School District No. R-32,73.0,0.0,5.0,31.0,36.0,131.0,1194,ccd-lea-2014
2014,0806390,0560,"Sanford, School District No. 6, in the county of Conejos and",26.0,1.0,2.0,11.0,11.0,51.0,391,ccd-lea-2014
2014,0806420,0110,"Sangre de Cristo School District, No. Re-22J",27.0,1.0,1.0,9.0,14.0,53.0,337,ccd-lea-2014
2014,0806450,2750,Sargent School District No. Re-33J,32.0,0.0,2.0,15.0,14.0,61.0,424,ccd-lea-2014
2014,0802580,0040,School District 27J,821.0,22.0,71.0,416.0,310.0,1657.0,17129,ccd-lea-2014
2014,0801950,0030,School District N. 14 in the county of Adams & State of Colo,401.0,18.0,35.0,198.0,148.0,875.0,7584,ccd-lea-2014
2014,0803360,0880,School District No. 1 in the county of Denver and State of C,5856.0,299.0,412.0,2795.0,2349.0,13213.0,88839,ccd-lea-2014
2014,0806480,0990,School District No. 3 in the county of El Paso and State of,522.0,17.0,45.0,242.0,216.0,1081.0,9283,ccd-lea-2014
2014,0803720,0920,"School District No. C-1, in the county of Elbert and State o",150.0,0.0,10.0,66.0,73.0,335.0,2545,ccd-lea-2014
2014,0805010,0930,School District No. C-2 in the county of Elbert and State of,28.0,0.0,1.0,12.0,14.0,47.0,287,ccd-lea-2014
2014,0806780,1480,School District No. R-4 in the county of Kit Carson and Stat,17.0,0.0,1.0,8.0,7.0,38.0,212,ccd-lea-2014
2014,0806690,1828,"School District No. Re-1, Valley",145.0,0.0,10.0,65.0,68.0,339.0,2272,ccd-lea-2014
2014,0806720,3147,School District No. Re-11 in the county of Weld and State of,17.0,1.0,1.0,7.0,7.0,32.0,190,ccd-lea-2014
2014,0804440,3148,School District No. Re-12 in the county of Weld and State of,19.0,0.0,0.0,7.0,10.0,33.0,81,ccd-lea-2014
2014,0802610,2395,"School District No. Re-2, Brush",87.0,1.0,7.0,41.0,37.0,175.0,1518,ccd-lea-2014
2014,0807140,2505,"School District No. Re-20, Weldon Valley",17.0,0.0,1.0,7.0,9.0,39.0,244,ccd-lea-2014
2014,0803930,1850,School District No. Re-3 Frenchman,18.0,0.0,1.0,8.0,9.0,34.0,198,ccd-lea-2014
2014,0804050,2405,"School District No. Re-3, Fort Morgan",205.0,5.0,16.0,96.0,86.0,495.0,3200,ccd-lea-2014
2014,0805640,1860,School District No. Re-4 Buffalo,22.0,0.0,1.0,9.0,12.0,44.0,315,ccd-lea-2014
2014,0806030,1870,School District No. Re-5 Plateau,18.0,0.0,1.0,8.0,8.0,37.0,177,ccd-lea-2014
2014,0807290,2515,"School District No. Re-50, Wiggins",32.0,0.0,2.0,15.0,14.0,70.0,575,ccd-lea-2014
2014,0806540,0123,Sheridan School District No. 2,86.0,1.0,6.0,33.0,45.0,233.0,1536,ccd-lea-2014
2014,0804140,0740,Sierra Grande School District No. R-30,21.0,0.0,1.0,9.0,11.0,43.0,254,ccd-lea-2014
2014,0806570,2820,"Silverton, School District No. 1, in the county of San Juan",12.0,0.0,0.0,6.0,5.0,18.0,62,ccd-lea-2014
2014,0802130,0580,South Conejos School District No. Re10,22.0,0.0,1.0,9.0,11.0,44.0,218,ccd-lea-2014
2014,0805910,2780,South Routt School District No. Re 3,34.0,0.0,2.0,14.0,17.0,64.0,391,ccd-lea-2014
2014,0806630,0250,Springfield School District No. Re-4,34.0,1.0,3.0,13.0,15.0,61.0,299,ccd-lea-2014
2014,0805370,0470,St. Vrain Valley School District No. Re1J,1690.0,41.0,112.0,845.0,691.0,3349.0,31076,ccd-lea-2014
2014,0800020,8001,State Charter School Institute,740.0,7.0,64.0,322.0,346.0,1274.0,14048,ccd-lea-2014
2014,0806660,2770,Steamboat Springs School District No. Re 2,165.0,0.0,13.0,80.0,71.0,298.0,2468,ccd-lea-2014
2014,0806750,0060,Strasburg School District 31J,59.0,1.0,3.0,25.0,29.0,121.0,1042,ccd-lea-2014
2014,0806810,3000,Summit School District No. Re 1,205.0,3.0,15.0,115.0,70.0,380.0,3345,ccd-lea-2014
2014,0806840,2570,"Swink, School District No. 33, in the county of Otero and St",29.0,0.0,2.0,13.0,13.0,47.0,351,ccd-lea-2014
2014,0806870,2830,Telluride School District No. R-1,70.0,0.0,6.0,35.0,27.0,127.0,898,ccd-lea-2014
2014,0805400,1560,Thompson School District R-2J,860.0,13.0,55.0,436.0,354.0,1867.0,16133,ccd-lea-2014
2014,0806960,1580,"Trinidad, School District 1, in the county of Las Animas and",62.0,0.0,4.0,31.0,25.0,131.0,1025,ccd-lea-2014
2014,0800013,9145,UNCOMPAHGRE BOCS,1.0,1.0,0.0,0.0,0.0,12.0,,ccd-lea-2014
2014,0800022,9165,UTE PASS BOCES,1.0,0.0,0.0,0.0,0.0,9.0,,ccd-lea-2014
2014,0806990,0260,Vilas School District Re-5,10.0,0.0,0.0,4.0,4.0,26.0,104,ccd-lea-2014
2014,0807110,0230,Walsh School District No. Re-1,16.0,0.0,1.0,6.0,8.0,36.0,156,ccd-lea-2014
2014,0804200,3080,Weld County Reorganized School District No. Re-1,136.0,1.0,12.0,64.0,58.0,265.0,1990,ccd-lea-2014
2014,0807350,3100,Weld County Reorganized School District No. Re-4,301.0,6.0,21.0,152.0,121.0,572.0,5102,ccd-lea-2014
2014,0804020,3140,Weld County Reorganized School District No. Re-8,140.0,6.0,11.0,69.0,53.0,299.0,2333,ccd-lea-2014
2014,0803600,3085,Weld County School District No. Re-2,112.0,0.0,9.0,54.0,48.0,217.0,1904,ccd-lea-2014
2014,0804830,3110,Weld County School District No. Re-5J,189.0,4.0,14.0,97.0,73.0,321.0,3732,ccd-lea-2014
2014,0804950,3130,Weld County School District No. Re-7,79.0,0.0,5.0,33.0,40.0,145.0,1129,ccd-lea-2014
2014,0802310,3145,Weld County School District No. Re-9,58.0,0.0,4.0,26.0,27.0,116.0,761,ccd-lea-2014
2014,0804920,3090,Weld County School District RE-3J,138.0,3.0,9.0,69.0,55.0,293.0,2386,ccd-lea-2014
2014,0805850,2190,West End School District No. Re-2,24.0,0.0,1.0,10.0,12.0,60.0,274,ccd-lea-2014
2014,0805070,1340,West Grand School District No. 1,38.0,0.0,2.0,17.0,18.0,72.0,422,ccd-lea-2014
2014,0807230,0070,"Westminster, School District No. 50, in the County of Adams",535.0,14.0,50.0,281.0,189.0,1116.0,10161,ccd-lea-2014
2014,0807320,2680,Wiley School District No. Re-13 Jt,28.0,1.0,1.0,9.0,16.0,45.0,250,ccd-lea-2014
2014,0807380,3020,Woodland Park School District No. Re-2,143.0,3.0,9.0,64.0,66.0,293.0,2495,ccd-lea-2014
2014,0807410,3070,Woodlin School District No. R-104,11.0,0.0,1.0,4.0,5.0,26.0,102,ccd-lea-2014
2014,0800017,3210,Wray RD-2 School District,49.0,0.0,4.0,23.0,21.0,104.0,693,ccd-lea-2014
2014,0800016,3200,Yuma 1 School District,64.0,1.0,5.0,30.0,27.0,145.0,824,ccd-lea-2014
2014,0802550,3146,"chool District No. Re-10, in the county of Weld and State of",17.0,0.0,0.0,7.0,8.0,30.0,177,ccd-lea-2014
2015,0800009,9120,ADAMS COUNTY BOCES,0.0,0.0,0.0,0.0,0.0,0.0,,ccd-lea-2015
2015,0801920,1040,Academy School District No. 20 in the county of El Paso an,1484.0,16.0,93.0,656.0,718.0,3062.0,25063,ccd-lea-2015
2015,0806900,0020,Adams 12 Five Star Schools,2063.0,13.0,145.0,1029.0,874.0,4415.0,39287,ccd-lea-2015
2015,0801980,0960,Agate School District No. 300,2.0,0.0,0.0,2.0,0.0,7.0,3,ccd-lea-2015
2015,0802010,1620,Aguilar Reorganized School District No. 6,13.0,1.0,1.0,2.0,8.0,25.0,124,ccd-lea-2015
2015,0802040,3030,Akron School District No. R-1,35.0,0.0,3.0,13.0,18.0,67.0,351,ccd-lea-2015
2015,0802070,0100,Alamosa School District No. Re-11J,129.0,0.0,13.0,62.0,52.0,279.0,2237,ccd-lea-2015
2015,0802190,0220,Archuleta County School District No. 50 Jt,84.0,0.0,7.0,39.0,37.0,174.0,1372,ccd-lea-2015
2015,0802220,3040,Arickaree School District No. R-2,14.0,0.0,1.0,5.0,7.0,25.0,103,ccd-lea-2015
2015,0802260,1450,Arriba-Flagler Consolidated School District No. 20,17.0,0.0,1.0,7.0,7.0,34.0,184,ccd-lea-2015
2015,0802280,2640,Aspen School District No. 1 in the county of Pitkin and Sta,145.0,1.0,11.0,65.0,67.0,272.0,1727,ccd-lea-2015
2015,0802340,0180,Aurora Joint District No. 28 of the counties of Adams and A,2284.0,16.0,201.0,1173.0,891.0,5122.0,42249,ccd-lea-2015
2015,0802400,1530,Bayfield School District No. 10Jt-R,93.0,0.0,7.0,47.0,39.0,177.0,1357,ccd-lea-2015
2015,0802430,0050,Bennett School District No. 29J,54.0,0.0,3.0,27.0,23.0,125.0,1100,ccd-lea-2015
2015,0802460,1490,Bethune School District No. R- 5,14.0,0.0,1.0,5.0,6.0,27.0,113,ccd-lea-2015
2015,0806600,0940,Big Sandy School District No. 100J,26.0,0.0,0.0,12.0,12.0,53.0,301,ccd-lea-2015
2015,0802490,0480,Boulder Valley School District No. Re2,1679.0,35.0,101.0,787.0,755.0,3667.0,31247,ccd-lea-2015
2015,0802520,1750,Branson Reorganized School District No. 82,29.0,0.0,1.0,10.0,17.0,44.0,464,ccd-lea-2015
2015,0802640,0490,Buena Vista School District No. R-31,68.0,0.0,3.0,31.0,33.0,160.0,1016,ccd-lea-2015
2015,0802670,1500,Burlington Public School District No. RE-6J,50.0,0.0,3.0,23.0,23.0,100.0,778,ccd-lea-2015
2015,0802700,0190,Byers School District No. 32J,73.0,0.0,3.0,29.0,40.0,128.0,3035,ccd-lea-2015
2015,0899200,9035,CENTENNIAL BOCES,15.0,2.0,0.0,0.0,12.0,98.0,172,ccd-lea-2015
2015,0800282,9170,COLORADO DIGITAL BOCES,78.0,0.0,1.0,11.0,66.0,106.0,2395,ccd-lea-2015
2015,0800023,9000,COLORADO SCHOOL FOR THE DEAF AND BLIND,36.0,2.0,1.0,11.0,22.0,85.0,206,ccd-lea-2015
2015,0802730,0970,Calhan District No. RJ1,29.0,1.0,1.0,13.0,13.0,72.0,460,ccd-lea-2015
2015,0802760,0270,Campo School District No. Re-6,9.0,0.0,0.0,4.0,4.0,20.0,37,ccd-lea-2015
2015,0806360,0640,Centennial School District No. R-1,20.0,0.0,1.0,8.0,10.0,45.0,229,ccd-lea-2015
2015,0802850,2810,Center Consolidated School District No. 26 Jt. of the count,48.0,0.0,4.0,22.0,20.0,114.0,648,ccd-lea-2015
2015,0802880,2560,Cheraw School District No. 31 in the county of Otero and S,19.0,0.0,1.0,8.0,9.0,35.0,213,ccd-lea-2015
2015,0802910,0130,Cherry Creek School District No. 5 in the county of Arapah,3023.0,26.0,183.0,1467.0,1344.0,6734.0,54730,ccd-lea-2015
2015,0800001,0520,Cheyenne County School District No. Re-5,18.0,0.0,1.0,8.0,8.0,37.0,183,ccd-lea-2015
2015,0802940,1020,Cheyenne Mountain School District No. 12 in the county of E,350.0,6.0,24.0,150.0,169.0,601.0,5104,ccd-lea-2015
2015,0803000,0540,Clear Creek School District No. Re-1,66.0,1.0,5.0,33.0,24.0,161.0,896,ccd-lea-2015
2015,0803060,1010,Colorado Springs School District No. 11 in the county of E,1638.0,27.0,142.0,811.0,657.0,3748.0,27937,ccd-lea-2015
2015,0803150,2010,Creede School District,11.0,0.0,0.0,4.0,5.0,21.0,84,ccd-lea-2015
2015,0803180,3010,Cripple Creek-Victor School District No. Re-1,27.0,0.0,2.0,9.0,15.0,84.0,357,ccd-lea-2015
2015,0803210,0770,Crowley County School District No. Re-1-J,29.0,0.0,1.0,13.0,15.0,66.0,445,ccd-lea-2015
2015,0807200,0860,Custer County School District Consolidate 1,32.0,1.0,1.0,12.0,16.0,63.0,393,ccd-lea-2015
2015,0800004,9130,DENVER 1,33.0,0.0,2.0,13.0,17.0,45.0,397,ccd-lea-2015
2015,0803240,1980,De Beque Joint District No. 49 of the counties of Mesa and,17.0,0.0,1.0,8.0,7.0,33.0,149,ccd-lea-2015
2015,0803270,0170,Deer Trail School District No. 26J,12.0,1.0,1.0,4.0,5.0,21.0,189,ccd-lea-2015
2015,0803300,2730,Del Norte Consolidated School District No. C-7,37.0,0.0,4.0,15.0,17.0,73.0,426,ccd-lea-2015
2015,0803330,0870,Delta County Joint District No. 50,284.0,2.0,24.0,128.0,129.0,637.0,4984,ccd-lea-2015
2015,0803420,0890,Dolores County School District RE-2J,22.0,1.0,2.0,9.0,8.0,48.0,283,ccd-lea-2015
2015,0803390,2055,Dolores School District No. Re-4A,53.0,0.0,3.0,23.0,25.0,108.0,790,ccd-lea-2015
2015,0803450,0900,Douglas County School District No. Re 1,3373.0,36.0,226.0,1578.0,1532.0,7454.0,66896,ccd-lea-2015
2015,0803480,1520,Durango School District No. 9-R,291.0,8.0,25.0,148.0,110.0,597.0,4697,ccd-lea-2015
2015,0899080,9025,EAST CENTRAL BOCES,10.0,2.0,0.0,3.0,3.0,69.0,,ccd-lea-2015
2015,0803540,0910,Eagle County School District No. Re 50,453.0,15.0,40.0,225.0,171.0,878.0,6804,ccd-lea-2015
2015,0804320,1350,East Grand School District No. 2,97.0,2.0,6.0,50.0,38.0,189.0,1304,ccd-lea-2015
2015,0805130,2520,East Otero School District No. R1,78.0,0.0,6.0,42.0,29.0,159.0,1290,ccd-lea-2015
2015,0803630,1120,Edison Joint District No. 54 of the counties of El Paso and,12.0,0.0,0.0,6.0,5.0,32.0,216,ccd-lea-2015
2015,0803690,0950,Elbert School District No. 200,20.0,1.0,1.0,7.0,10.0,42.0,213,ccd-lea-2015
2015,0803750,1050,Ellicott School District No. 22 in the county of El Paso a,76.0,4.0,5.0,33.0,33.0,154.0,1050,ccd-lea-2015
2015,0803780,0120,Englewood School District No. 1 in the county of Arapahoe,180.0,3.0,13.0,76.0,86.0,431.0,2854,ccd-lea-2015
2015,0803810,1570,Estes Park School District R-3,81.0,1.0,6.0,35.0,38.0,151.0,1143,ccd-lea-2015
2015,0800015,9160,FRONT RANGE BOCES,0.0,0.0,0.0,0.0,0.0,0.0,,ccd-lea-2015
2015,0803870,1110,Falcon School District No. 49 in the county of El Paso and,932.0,11.0,75.0,449.0,395.0,1941.0,20561,ccd-lea-2015
2015,0804080,1000,Fountain School District No. 8 in the county of El Paso an,506.0,13.0,50.0,263.0,178.0,1025.0,8055,ccd-lea-2015
2015,0804110,2540,Fowler School District No. R4J,41.0,0.0,3.0,19.0,19.0,68.0,387,ccd-lea-2015
2015,0802790,1140,Fremont Re-1,227.0,3.0,21.0,111.0,91.0,498.0,3672,ccd-lea-2015
2015,0803960,1150,Fremont Re-2,94.0,1.0,8.0,46.0,38.0,203.0,1306,ccd-lea-2015
2015,0803120,1160,Fremont Re-3,19.0,0.0,1.0,8.0,10.0,43.0,203,ccd-lea-2015
2015,0800011,9135,GRAND VALLEY BOCES,0.0,0.0,0.0,0.0,0.0,10.0,,ccd-lea-2015
2015,0806240,1195,Garfield School District No. Re-2,285.0,6.0,19.0,139.0,120.0,681.0,4847,ccd-lea-2015
2015,0804740,1780,Genoa-Hugo School District No. C-113,18.0,0.0,1.0,9.0,7.0,36.0,180,ccd-lea-2015
2015,0804230,1330,Gilpin County School District No. Re-1,34.0,3.0,1.0,17.0,12.0,65.0,458,ccd-lea-2015
2015,0804290,2650,Granada School District No. Re-1,19.0,0.0,1.0,8.0,9.0,37.0,214,ccd-lea-2015
2015,0804380,1220,Grand Valley School District No. 16 in the county of Garfi,67.0,0.0,4.0,30.0,32.0,154.0,1128,ccd-lea-2015
2015,0804410,3120,GreeleySchool District No. 6 in the county of Weld and Sta,1205.0,9.0,181.0,544.0,469.0,2270.0,21587,ccd-lea-2015
2015,0804470,1360,Gunnison Watershed School District Re1J,128.0,1.0,9.0,56.0,60.0,254.0,1987,ccd-lea-2015
2015,0804500,1070,Hanover School District No. 28 in the county of El Paso an,20.0,0.0,1.0,9.0,9.0,45.0,259,ccd-lea-2015
2015,0804530,0980,Harrison School District No. 2 in the county of El Paso an,731.0,0.0,80.0,376.0,273.0,1536.0,11777,ccd-lea-2015
2015,0804560,2630,Haxtun School District No. Re-2J,25.0,0.0,1.0,12.0,11.0,52.0,336,ccd-lea-2015
2015,0804590,2760,Hayden School District No. Re 1,37.0,1.0,3.0,13.0,19.0,69.0,403,ccd-lea-2015
2015,0806510,1460,Hi-Plains R-23,16.0,1.0,1.0,6.0,7.0,30.0,123,ccd-lea-2015
2015,0804620,1380,Hinsdale County School District No. Re-1,14.0,1.0,1.0,5.0,5.0,23.0,109,ccd-lea-2015
2015,0804650,1600,Hoehne Reorganized School District No. 3,21.0,0.0,1.0,11.0,8.0,39.0,359,ccd-lea-2015
2015,0804680,2670,Holly School District No. Re-3,23.0,1.0,1.0,10.0,10.0,50.0,293,ccd-lea-2015
2015,0804710,2620,Holyoke School District No. Re-1J,44.0,0.0,5.0,19.0,20.0,83.0,594,ccd-lea-2015
2015,0807080,1390,Huerfano School District Re-1,39.0,1.0,4.0,17.0,15.0,86.0,548,ccd-lea-2015
2015,0800018,3220,Idalia RJ-3 School District,15.0,0.0,0.0,7.0,6.0,32.0,218,ccd-lea-2015
2015,0804770,1540,Ignacio School District No. 11Jt,66.0,0.0,5.0,28.0,32.0,139.0,857,ccd-lea-2015
2015,0804800,1420,Jefferson County School District No. R-1,4787.0,43.0,319.0,2223.0,2201.0,10691.0,86731,ccd-lea-2015
2015,0804860,2862,Julesburg School District No. Re1,36.0,1.0,0.0,13.0,21.0,66.0,659,ccd-lea-2015
2015,0804890,1810,Karval School District No. Re 23,8.0,0.0,0.0,3.0,3.0,14.0,43,ccd-lea-2015
2015,0804980,1760,Kim Reorganized School District No. 88,9.0,0.0,0.0,3.0,5.0,13.0,49,ccd-lea-2015
2015,0803510,1430,Kiowa County School District No. Re-1,18.0,0.0,1.0,7.0,9.0,35.0,171,ccd-lea-2015
2015,0806930,1440,Kiowa County School District No. Re-2,10.0,0.0,0.0,4.0,4.0,18.0,62,ccd-lea-2015
2015,0805040,0510,Kit Carson School District No. R-1,15.0,0.0,1.0,7.0,7.0,27.0,128,ccd-lea-2015
2015,0805160,1400,La Veta School District Re-2,21.0,0.0,1.0,8.0,11.0,41.0,219,ccd-lea-2015
2015,0805190,1510,Lake County School District No. R-1,62.0,0.0,5.0,26.0,29.0,171.0,1074,ccd-lea-2015
2015,0805220,2660,Lamar School District No. Re-2,105.0,3.0,9.0,52.0,40.0,197.0,1578,ccd-lea-2015
2015,0805250,0290,Las Animas School District No. Re-1,32.0,1.0,4.0,13.0,13.0,82.0,533,ccd-lea-2015
2015,0805820,1080,Lewis-Palmer Consolidated School District No. 38 in the co,353.0,2.0,21.0,165.0,164.0,726.0,6343,ccd-lea-2015
2015,0800019,3230,Liberty J-4 School District,6.0,0.0,0.0,1.0,3.0,16.0,77,ccd-lea-2015
2015,0805280,1790,Limon School District No. Re 4J,32.0,0.0,2.0,16.0,13.0,65.0,491,ccd-lea-2015
2015,0805310,0140,Littleton School District No. 6 in the county of Arapahoe,843.0,4.0,61.0,385.0,392.0,1864.0,15780,ccd-lea-2015
2015,0805340,3060,Lone Star School District No. 101,17.0,0.0,1.0,7.0,8.0,32.0,103,ccd-lea-2015
2015,0899160,9030,MOUNTAIN BOCES,12.0,0.0,0.0,1.0,10.0,93.0,160,ccd-lea-2015
2015,0800012,9140,MT EVANS BOCES,0.0,0.0,0.0,0.0,0.0,12.0,,ccd-lea-2015
2015,0805460,2070,Mancos School District Re-6,36.0,3.0,2.0,16.0,13.0,75.0,496,ccd-lea-2015
2015,0805490,1030,Manitou Springs School District No. 14 in the county of El,101.0,1.0,6.0,43.0,50.0,208.0,1492,ccd-lea-2015
2015,0805520,2535,Manzanola Joint District No. 3J of the counties of Otero a,16.0,0.0,1.0,7.0,7.0,33.0,133,ccd-lea-2015
2015,0805550,0010,Mapleton School District No. 1 in the county of Adams & St,422.0,12.0,33.0,211.0,164.0,830.0,8738,ccd-lea-2015
2015,0805580,0310,McClave School District No. Re-2,21.0,1.0,1.0,8.0,10.0,43.0,262,ccd-lea-2015
2015,0805610,2710,Meeker School District Re1,42.0,0.0,1.0,21.0,18.0,78.0,707,ccd-lea-2015
2015,0804350,2000,Mesa County Valley School District No. 51,1276.0,76.0,84.0,586.0,529.0,2684.0,21904,ccd-lea-2015
2015,0805670,1130,Miami-Yoder Joint District No. 60 of the counties of El Pas,21.0,0.0,1.0,8.0,11.0,49.0,291,ccd-lea-2015
2015,0805730,2020,Moffat County School District RE: No. 1,129.0,1.0,11.0,63.0,53.0,299.0,2200,ccd-lea-2015
2015,0805700,2800,Moffat School District No. 2 in the county of Saguache and,25.0,1.0,1.0,10.0,11.0,54.0,210,ccd-lea-2015
2015,0805760,2740,Monte Vista School District No. C-8,82.0,2.0,8.0,35.0,35.0,158.0,1187,ccd-lea-2015
2015,0803090,2035,Montezuma-Cortez School District No. Re-1,163.0,0.0,13.0,71.0,77.0,361.0,2782,ccd-lea-2015
2015,0805790,2180,Montrose County School District Re-1J,356.0,7.0,25.0,168.0,154.0,722.0,6162,ccd-lea-2015
2015,0806300,2790,Mountain Valley School District No. Re 1,17.0,0.0,1.0,8.0,7.0,38.0,134,ccd-lea-2015
2015,0899180,9040,NORTHEAST BOCES,2.0,2.0,0.0,0.0,0.0,47.0,,ccd-lea-2015
2015,0899220,9095,NORTHWEST COLO BOCES,0.0,0.0,0.0,0.0,0.0,30.0,,ccd-lea-2015
2015,0805100,0550,North Conejos School District No. Re1J,73.0,0.0,4.0,32.0,36.0,129.0,977,ccd-lea-2015
2015,0807050,1410,North Park School District R-1,22.0,1.0,1.0,9.0,9.0,42.0,197,ccd-lea-2015
2015,0805880,2840,Norwood School District No. R-2J,23.0,0.0,1.0,10.0,10.0,47.0,267,ccd-lea-2015
2015,0805940,3050,Otis School District No. R-3,24.0,0.0,1.0,10.0,12.0,46.0,239,ccd-lea-2015
2015,0805970,2580,Ouray School District No. R-1 of  the county of Ouray and,25.0,1.0,1.0,9.0,13.0,40.0,188,ccd-lea-2015
2015,0899240,9045,PIKES PEAK BOCES,18.0,0.0,0.0,8.0,10.0,115.0,,ccd-lea-2015
2015,0803840,2610,Park County School District No. Re-2,44.0,1.0,4.0,24.0,14.0,101.0,617,ccd-lea-2015
2015,0806060,1060,Peyton School District No. 23 in the county of El Paso and,43.0,1.0,2.0,15.0,24.0,84.0,664,ccd-lea-2015
2015,0803030,1990,Plateau Valley School District No. 50 in the county of Mesa,31.0,1.0,1.0,13.0,15.0,59.0,452,ccd-lea-2015
2015,0802370,2600,Platte Canyon School District No. 1 of  the county of Park,63.0,0.0,3.0,30.0,29.0,150.0,1055,ccd-lea-2015
2015,0803990,1550,Poudre School District R-1,1714.0,30.0,127.0,821.0,735.0,3667.0,29527,ccd-lea-2015
2015,0807260,1590,Primero Reorganized School District No. 2,18.0,0.0,1.0,7.0,9.0,38.0,203,ccd-lea-2015
2015,0806090,0240,Pritchett School District No. Re-3,10.0,0.0,0.0,3.0,5.0,17.0,50,ccd-lea-2015
2015,0806150,2700,Pueblo County School District 70,485.0,5.0,37.0,233.0,209.0,958.0,9582,ccd-lea-2015
2015,0806120,2690,Pueblo School District No. 60 in the county of Pueblo and,1039.0,22.0,91.0,510.0,415.0,2132.0,17678,ccd-lea-2015
2015,0899280,9125,RIO BLANCO BOCES,1.0,0.0,0.0,0.0,0.0,28.0,,ccd-lea-2015
2015,0806180,2720,Rangely School District RE4,37.0,0.0,1.0,20.0,14.0,71.0,546,ccd-lea-2015
2015,0806000,2865,Revere School District,16.0,0.0,0.0,8.0,7.0,30.0,132,ccd-lea-2015
2015,0806210,2590,Ridgway School District No. R-2  of  the county of Ouray a,29.0,0.0,1.0,13.0,14.0,63.0,356,ccd-lea-2015
2015,0804260,1180,Roaring Fork School District No. Re-1,379.0,2.0,30.0,189.0,157.0,686.0,5601,ccd-lea-2015
2015,0806270,2530,Rocky Ford School District No. R2,59.0,0.0,5.0,27.0,26.0,125.0,822,ccd-lea-2015
2015,0899300,9050,SAN JUAN BOCES,4.0,3.0,0.0,0.0,0.0,76.0,29,ccd-lea-2015
2015,0899320,9055,SAN LUIS VALLEY BOCES,0.0,0.0,0.0,0.0,0.0,41.0,,ccd-lea-2015
2015,0800014,9150,SANTA FE TRAIL BOCES,0.0,0.0,0.0,0.0,0.0,12.0,,ccd-lea-2015
2015,0899340,9060,SOUTH CENTRAL BOCES,6.0,4.0,0.0,0.0,2.0,46.0,,ccd-lea-2015
2015,0899400,9075,SOUTHEASTERN BOCES,0.0,0.0,0.0,0.0,0.0,30.0,,ccd-lea-2015
2015,0806330,0500,Salida School District No. R-32,86.0,4.0,6.0,35.0,40.0,170.0,1197,ccd-lea-2015
2015,0806390,0560,Sanford School District No. 6 in the county of Conejos and,27.0,1.0,2.0,10.0,12.0,56.0,372,ccd-lea-2015
2015,0806420,0110,Sangre de Cristo School District No. Re-22J,26.0,1.0,1.0,9.0,14.0,52.0,307,ccd-lea-2015
2015,0806450,2750,Sargent School District No. Re-33J,32.0,0.0,2.0,15.0,14.0,60.0,406,ccd-lea-2015
2015,0802580,0040,School District 27J,824.0,17.0,64.0,414.0,328.0,1582.0,17069,ccd-lea-2015
2015,0801950,0030,School District N. 14 in the county of Adams & State of Colo,386.0,18.0,33.0,190.0,143.0,892.0,7577,ccd-lea-2015
2015,0803360,0880,School District No. 1 in the county of Denver and State of C,5987.0,333.0,508.0,2777.0,2367.0,14068.0,90235,ccd-lea-2015
2015,0806480,0990,School District No. 3 in the county of El Paso and State of,526.0,20.0,40.0,243.0,221.0,1075.0,9435,ccd-lea-2015
2015,0803720,0920,School District No. C-1 in the county of Elbert and State o,146.0,0.0,9.0,64.0,71.0,325.0,2481,ccd-lea-2015
2015,0805010,0930,School District No. C-2 in the county of Elbert and State of,21.0,0.0,1.0,7.0,12.0,40.0,286,ccd-lea-2015
2015,0806780,1480,School District No. R-4 in the county of Kit Carson and Stat,18.0,0.0,1.0,9.0,7.0,40.0,217,ccd-lea-2015
2015,0806690,1828,School District No. Re-1 Valley,148.0,0.0,13.0,69.0,64.0,356.0,2295,ccd-lea-2015
2015,0806720,3147,School District No. Re-11 in the county of Weld and State of,15.0,1.0,1.0,7.0,5.0,29.0,207,ccd-lea-2015
2015,0804440,3148,School District No. Re-12 in the county of Weld and State of,19.0,0.0,0.0,6.0,11.0,34.0,87,ccd-lea-2015
2015,0802610,2395,School District No. Re-2 Brush,91.0,2.0,7.0,41.0,40.0,191.0,1484,ccd-lea-2015
2015,0807140,2505,School District No. Re-20 Weldon Valley,17.0,0.0,1.0,7.0,8.0,36.0,247,ccd-lea-2015
2015,0804050,2405,School District No. Re-3 Fort Morgan,201.0,5.0,16.0,95.0,83.0,494.0,3142,ccd-lea-2015
2015,0803930,1850,School District No. Re-3 Frenchman,19.0,0.0,1.0,8.0,9.0,34.0,205,ccd-lea-2015
2015,0805640,1860,School District No. Re-4 Buffalo,21.0,0.0,1.0,8.0,11.0,43.0,309,ccd-lea-2015
2015,0806030,1870,School District No. Re-5 Plateau,18.0,0.0,1.0,8.0,8.0,39.0,172,ccd-lea-2015
2015,0807290,2515,School District No. Re-50 Wiggins,36.0,0.0,2.0,18.0,15.0,74.0,558,ccd-lea-2015
2015,0806540,0123,Sheridan School District No. 2,95.0,10.0,8.0,35.0,41.0,229.0,1538,ccd-lea-2015
2015,0804140,0740,Sierra Grande School District No. R-30,20.0,0.0,1.0,9.0,9.0,46.0,290,ccd-lea-2015
2015,0806570,2820,Silverton School District No. 1 in the county of San Juan,12.0,0.0,0.0,5.0,5.0,16.0,74,ccd-lea-2015
2015,0802130,0580,South Conejos School District No. Re10,21.0,0.0,1.0,9.0,9.0,46.0,216,ccd-lea-2015
2015,0805910,2780,South Routt School District No. Re 3,32.0,0.0,2.0,12.0,16.0,70.0,348,ccd-lea-2015
2015,0806630,0250,Springfield School District No. Re-4,32.0,1.0,1.0,13.0,16.0,61.0,307,ccd-lea-2015
2015,0805370,0470,St. Vrain Valley School District No. Re1J,1708.0,46.0,118.0,844.0,699.0,3529.0,31776,ccd-lea-2015
2015,0800020,8001,State Charter School Institute,792.0,7.0,71.0,368.0,345.0,1428.0,15075,ccd-lea-2015
2015,0806660,2770,Steamboat Springs School District No. Re 2,171.0,1.0,14.0,81.0,74.0,317.0,2563,ccd-lea-2015
2015,0806750,0060,Strasburg School District 31J,54.0,1.0,3.0,23.0,26.0,119.0,1036,ccd-lea-2015
2015,0806810,3000,Summit School District No. Re 1,221.0,6.0,17.0,115.0,82.0,437.0,3506,ccd-lea-2015
2015,0806840,2570,Swink School District No. 33 in the county of Otero and St,27.0,0.0,2.0,12.0,12.0,57.0,381,ccd-lea-2015
2015,0806870,2830,Telluride School District No. R-1,73.0,1.0,5.0,38.0,29.0,140.0,935,ccd-lea-2015
2015,0805400,1560,Thompson School District R-2J,868.0,22.0,54.0,369.0,421.0,1985.0,16043,ccd-lea-2015
2015,0806960,1580,Trinidad School District 1 in the county of Las Animas and,55.0,0.0,4.0,28.0,21.0,118.0,1040,ccd-lea-2015
2015,0800013,9145,UNCOMPAHGRE BOCES,0.0,0.0,0.0,0.0,0.0,11.0,,ccd-lea-2015
2015,0800022,9165,UTE PASS BOCES,1.0,0.0,0.0,0.0,1.0,13.0,,ccd-lea-2015
2015,0806990,0260,Vilas School District Re-5,8.0,0.0,0.0,4.0,2.0,22.0,52,ccd-lea-2015
2015,0807110,0230,Walsh School District No. Re-1,13.0,0.0,1.0,6.0,4.0,31.0,176,ccd-lea-2015
2015,0804200,3080,Weld County Reorganized School District No. Re-1,135.0,2.0,13.0,64.0,54.0,265.0,1985,ccd-lea-2015
2015,0807350,3100,Weld County Reorganized School District No. Re-4,311.0,5.0,22.0,156.0,127.0,622.0,5524,ccd-lea-2015
2015,0804020,3140,Weld County Reorganized School District No. Re-8,143.0,6.0,11.0,70.0,55.0,307.0,2354,ccd-lea-2015
2015,0803600,3085,Weld County School District No. Re-2,115.0,0.0,9.0,55.0,50.0,225.0,1918,ccd-lea-2015
2015,0804830,3110,Weld County School District No. Re-5J,192.0,5.0,11.0,100.0,75.0,336.0,3787,ccd-lea-2015
2015,0804950,3130,Weld County School District No. Re-7,80.0,0.0,5.0,34.0,40.0,148.0,1110,ccd-lea-2015
2015,0802310,3145,Weld County School District No. Re-9,59.0,0.0,4.0,25.0,29.0,117.0,829,ccd-lea-2015
2015,0804920,3090,Weld County School District RE-3J,139.0,4.0,10.0,69.0,55.0,275.0,2341,ccd-lea-2015
2015,0805850,2190,West End School District No. Re-2,23.0,0.0,1.0,9.0,12.0,60.0,295,ccd-lea-2015
2015,0805070,1340,West Grand School District No. 1,36.0,0.0,2.0,16.0,17.0,71.0,441,ccd-lea-2015
2015,0807230,0070,Westminster Public Schools,493.0,11.0,44.0,254.0,182.0,1052.0,9504,ccd-lea-2015
2015,0807320,2680,Wiley School District No. Re-13 Jt,23.0,1.0,1.0,8.0,11.0,40.0,262,ccd-lea-2015
2015,0807380,3020,Woodland Park School District No. Re-2,148.0,3.0,12.0,64.0,67.0,300.0,2498,ccd-lea-2015
2015,0807410,3070,Woodlin School District No. R-104,11.0,0.0,1.0,4.0,5.0,27.0,110,ccd-lea-2015
2015,0800017,3210,Wray RD-2 School District,49.0,0.0,4.0,23.0,21.0,107.0,689,ccd-lea-2015
2015,0800016,3200,Yuma 1 School District,66.0,1.0,5.0,28.0,31.0,139.0,821,ccd-lea-2015
2015,0802550,3146,chool District No. Re-10 in the county of Weld and State of,18.0,0.0,1.0,8.0,8.0,30.0,173,ccd-lea-2015
2016,0800009,CO9120,ADAMS COUNTY BOCES,0.0,0.0,0.0,0.0,0.0,3.0,,ccd-lea-2016
2016,0801920,CO1040,Academy School District No. 20 in the county of El Paso an,1498.0,16.0,92.0,660.0,728.0,3059.0,25591,ccd-lea-2016
2016,0806900,CO0020,Adams 12 Five Star Schools,1980.0,11.0,125.0,956.0,886.0,4217.0,38818,ccd-lea-2016
2016,0801980,CO0960,Agate School District No. 300,2.0,0.0,0.0,1.0,0.0,6.0,5,ccd-lea-2016
2016,0802010,CO1620,Aguilar Reorganized School District No. 6,7.0,0.0,1.0,1.0,4.0,19.0,124,ccd-lea-2016
2016,0802040,CO3030,Akron School District No. R-1,28.0,0.0,2.0,11.0,13.0,57.0,378,ccd-lea-2016
2016,0802070,CO0100,Alamosa School District No. Re-11J,132.0,1.0,15.0,63.0,52.0,283.0,2339,ccd-lea-2016
2016,0802190,CO0220,Archuleta County School District No. 50 Jt,88.0,0.0,7.0,43.0,37.0,177.0,1568,ccd-lea-2016
2016,0802220,CO3040,Arickaree School District No. R-2,13.0,0.0,1.0,4.0,6.0,23.0,97,ccd-lea-2016
2016,0802260,CO1450,Arriba-Flagler Consolidated School District No. 20,17.0,0.0,1.0,7.0,8.0,33.0,198,ccd-lea-2016
2016,0802280,CO2640,Aspen School District No. 1 in the county of Pitkin and Sta,138.0,1.0,10.0,60.0,66.0,263.0,1698,ccd-lea-2016
2016,0802340,CO0180,Aurora Joint District No. 28 of the counties of Adams and A,2280.0,16.0,194.0,1140.0,929.0,5075.0,41797,ccd-lea-2016
2016,0802400,CO1530,Bayfield School District No. 10Jt-R,94.0,0.0,6.0,48.0,39.0,190.0,1381,ccd-lea-2016
2016,0802430,CO0050,Bennett School District No. 29J,56.0,0.0,3.0,24.0,28.0,125.0,1089,ccd-lea-2016
2016,0802460,CO1490,Bethune School District No. R- 5,13.0,0.0,1.0,4.0,6.0,29.0,110,ccd-lea-2016
2016,0806600,CO0940,Big Sandy School District No. 100J,25.0,0.0,0.0,11.0,13.0,49.0,306,ccd-lea-2016
2016,0802490,CO0480,Boulder Valley School District No. Re2,1696.0,33.0,104.0,784.0,773.0,3597.0,31189,ccd-lea-2016
2016,0802520,CO1750,Branson Reorganized School District No. 82,28.0,0.0,1.0,10.0,16.0,42.0,471,ccd-lea-2016
2016,0802640,CO0490,Buena Vista School District No. R-31,74.0,0.0,3.0,32.0,38.0,160.0,998,ccd-lea-2016
2016,0802670,CO1500,Burlington Public School District No. RE-6J,51.0,0.0,3.0,22.0,24.0,99.0,775,ccd-lea-2016
2016,0802700,CO0190,Byers School District No. 32J,73.0,0.0,4.0,30.0,39.0,194.0,3019,ccd-lea-2016
2016,0899200,CO9035,CENTENNIAL BOCES,13.0,1.0,0.0,0.0,11.0,99.0,160,ccd-lea-2016
2016,0800287,CO8102,CMHI PUEBLO,0.0,0.0,0.0,0.0,0.0,0.0,,ccd-lea-2016
2016,0800282,CO9170,COLORADO DIGITAL BOCES,66.0,0.0,1.0,14.0,49.0,95.0,2136,ccd-lea-2016
2016,0800023,CO9000,COLORADO SCHOOL FOR THE DEAF AND BLIND,36.0,2.0,1.0,12.0,20.0,80.0,203,ccd-lea-2016
2016,0800280,CO66050,CSDB,0.0,,,,,,,ccd-lea-2016
2016,0802730,CO0970,Calhan District No. RJ1,28.0,1.0,1.0,13.0,12.0,63.0,442,ccd-lea-2016
2016,0802760,CO0270,Campo School District No. Re-6,9.0,0.0,0.0,3.0,4.0,17.0,39,ccd-lea-2016
2016,0806360,CO0640,Centennial School District No. R-1,17.0,0.0,1.0,8.0,8.0,44.0,215,ccd-lea-2016
2016,0802850,CO2810,Center Consolidated School District No. 26 Jt. of the count,45.0,0.0,4.0,20.0,19.0,111.0,635,ccd-lea-2016
2016,0802880,CO2560,Cheraw School District No. 31 in the county of Otero and S,17.0,0.0,1.0,6.0,9.0,30.0,216,ccd-lea-2016
2016,0802910,CO0130,Cherry Creek School District No. 5 in the county of Arapah,3057.0,23.0,237.0,1417.0,1379.0,6575.0,54852,ccd-lea-2016
2016,0800001,CO0520,Cheyenne County School District No. Re-5,18.0,1.0,1.0,8.0,8.0,36.0,194,ccd-lea-2016
2016,0802940,CO1020,Cheyenne Mountain School District No. 12 in the county of E,353.0,6.0,26.0,150.0,169.0,603.0,5224,ccd-lea-2016
2016,0803000,CO0540,Clear Creek School District No. Re-1,62.0,1.0,5.0,31.0,23.0,147.0,858,ccd-lea-2016
2016,0803060,CO1010,Colorado Springs School District No. 11 in the county of E,1653.0,28.0,141.0,816.0,667.0,3636.0,27911,ccd-lea-2016
2016,0803150,CO2010,Creede School District,11.0,0.0,0.0,4.0,6.0,18.0,81,ccd-lea-2016
2016,0803180,CO3010,Cripple Creek-Victor School District No. Re-1,29.0,0.0,2.0,11.0,16.0,91.0,374,ccd-lea-2016
2016,0803210,CO0770,Crowley County School District No. Re-1-J,31.0,0.0,2.0,14.0,14.0,64.0,437,ccd-lea-2016
2016,0807200,CO0860,Custer County School District Consolidate 1,28.0,1.0,1.0,12.0,13.0,57.0,373,ccd-lea-2016
2016,0800004,CO9130,DENVER 1,26.0,0.0,1.0,11.0,13.0,40.0,393,ccd-lea-2016
2016,0800285,CO8103,DEPARTMENT OF CORRECTIONS,5.0,0.0,0.0,0.0,5.0,5.0,,ccd-lea-2016
2016,0800232,CO66080,DIVISION OF YOUTH SERVICES,0.0,,,,,,,ccd-lea-2016
2016,0800286,CO8104,DIVISION OF YOUTH SERVICES,35.0,0.0,0.0,0.0,35.0,47.0,0,ccd-lea-2016
2016,0803240,CO1980,De Beque Joint District No. 49 of the counties of Mesa and,17.0,0.0,1.0,8.0,7.0,34.0,190,ccd-lea-2016
2016,0803270,CO0170,Deer Trail School District No. 26J,18.0,1.0,1.0,7.0,8.0,32.0,196,ccd-lea-2016
2016,0803300,CO2730,Del Norte Consolidated School District No. C-7,35.0,0.0,3.0,13.0,18.0,69.0,440,ccd-lea-2016
2016,0803330,CO0870,Delta County Joint District No. 50,275.0,1.0,22.0,127.0,124.0,643.0,5011,ccd-lea-2016
2016,0803420,CO0890,Dolores County School District RE-2J,21.0,1.0,1.0,9.0,9.0,48.0,273,ccd-lea-2016
2016,0803390,CO2055,Dolores School District No. Re-4A,52.0,0.0,3.0,23.0,25.0,105.0,733,ccd-lea-2016
2016,0803450,CO0900,Douglas County School District No. Re 1,3424.0,44.0,218.0,1604.0,1557.0,7623.0,67470,ccd-lea-2016
2016,0803480,CO1520,Durango School District No. 9-R,354.0,9.0,26.0,168.0,150.0,690.0,5053,ccd-lea-2016
2016,0899080,CO9025,EAST CENTRAL BOCES,7.0,1.0,0.0,2.0,2.0,62.0,,ccd-lea-2016
2016,0803540,CO0910,Eagle County School District No. Re 50,451.0,15.0,36.0,220.0,179.0,870.0,6901,ccd-lea-2016
2016,0804320,CO1350,East Grand School District No. 2,91.0,2.0,7.0,46.0,35.0,183.0,1243,ccd-lea-2016
2016,0805130,CO2520,East Otero School District No. R1,81.0,0.0,8.0,41.0,32.0,173.0,1355,ccd-lea-2016
2016,0803630,CO1120,Edison Joint District No. 54 of the counties of El Paso and,13.0,0.0,0.0,6.0,6.0,30.0,231,ccd-lea-2016
2016,0803690,CO0950,Elbert School District No. 200,21.0,2.0,1.0,8.0,9.0,44.0,213,ccd-lea-2016
2016,0803750,CO1050,Ellicott School District No. 22 in the county of El Paso a,74.0,4.0,5.0,33.0,31.0,147.0,1043,ccd-lea-2016
2016,0803780,CO0120,Englewood School District No. 1 in the county of Arapahoe,180.0,3.0,12.0,80.0,84.0,415.0,2775,ccd-lea-2016
2016,0803810,CO1570,Estes Park School District R-3,78.0,1.0,5.0,34.0,37.0,149.0,1153,ccd-lea-2016
2016,0800015,CO9160,FRONT RANGE BOCES,0.0,0.0,0.0,0.0,0.0,0.0,,ccd-lea-2016
2016,0803870,CO1110,Falcon School District No. 49 in the county of El Paso and,1037.0,11.0,78.0,454.0,493.0,2122.0,20834,ccd-lea-2016
2016,0804080,CO1000,Fountain School District No. 8 in the county of El Paso an,494.0,12.0,49.0,251.0,181.0,986.0,8185,ccd-lea-2016
2016,0804110,CO2540,Fowler School District No. R4J,33.0,0.0,2.0,15.0,15.0,58.0,396,ccd-lea-2016
2016,0802790,CO1140,Fremont Re-1,228.0,3.0,21.0,113.0,90.0,508.0,3626,ccd-lea-2016
2016,0803960,CO1150,Fremont Re-2,90.0,1.0,8.0,46.0,34.0,203.0,1318,ccd-lea-2016
2016,0803120,CO1160,Fremont Re-3,19.0,0.0,1.0,7.0,10.0,42.0,200,ccd-lea-2016
2016,0800011,CO9135,GRAND VALLEY BOCES,0.0,0.0,0.0,0.0,0.0,10.0,,ccd-lea-2016
2016,0806240,CO1195,Garfield School District No. Re-2,279.0,6.0,21.0,137.0,114.0,669.0,4898,ccd-lea-2016
2016,0804740,CO1780,Genoa-Hugo School District No. C-113,18.0,0.0,1.0,9.0,7.0,34.0,187,ccd-lea-2016
2016,0804230,CO1330,Gilpin County School District No. Re-1,35.0,2.0,1.0,17.0,14.0,66.0,435,ccd-lea-2016
2016,0804290,CO2650,Granada School District No. Re-1,18.0,0.0,1.0,7.0,9.0,37.0,217,ccd-lea-2016
2016,0804380,CO1220,Grand Valley School District No. 16 in the county of Garfi,74.0,0.0,5.0,34.0,34.0,175.0,1180,ccd-lea-2016
2016,0804410,CO3120,GreeleySchool District No. 6 in the county of Weld and Sta,1206.0,11.0,103.0,603.0,488.0,2381.0,22033,ccd-lea-2016
2016,0804470,CO1360,Gunnison Watershed School District Re1J,131.0,0.0,10.0,57.0,62.0,255.0,2053,ccd-lea-2016
2016,0804500,CO1070,Hanover School District No. 28 in the county of El Paso an,19.0,0.0,2.0,7.0,9.0,49.0,270,ccd-lea-2016
2016,0804530,CO0980,Harrison School District No. 2 in the county of El Paso an,746.0,0.0,74.0,401.0,271.0,1534.0,11746,ccd-lea-2016
2016,0804560,CO2630,Haxtun School District No. Re-2J,24.0,0.0,1.0,11.0,11.0,52.0,329,ccd-lea-2016
2016,0804590,CO2760,Hayden School District No. Re 1,34.0,1.0,2.0,12.0,18.0,68.0,416,ccd-lea-2016
2016,0806510,CO1460,Hi-Plains R-23,16.0,1.0,1.0,6.0,7.0,29.0,104,ccd-lea-2016
2016,0804620,CO1380,Hinsdale County School District No. Re-1,10.0,0.0,0.0,4.0,5.0,21.0,111,ccd-lea-2016
2016,0804650,CO1600,Hoehne Reorganized School District No. 3,16.0,0.0,1.0,8.0,6.0,35.0,354,ccd-lea-2016
2016,0804680,CO2670,Holly School District No. Re-3,22.0,1.0,1.0,9.0,10.0,46.0,308,ccd-lea-2016
2016,0804710,CO2620,Holyoke School District No. Re-1J,47.0,0.0,5.0,21.0,20.0,84.0,581,ccd-lea-2016
2016,0807080,CO1390,Huerfano School District Re-1,36.0,1.0,3.0,16.0,15.0,83.0,562,ccd-lea-2016
2016,0800018,CO3220,Idalia RJ-3 School District,16.0,0.0,1.0,7.0,6.0,33.0,226,ccd-lea-2016
2016,0804770,CO1540,Ignacio School District No. 11Jt,68.0,0.0,5.0,29.0,33.0,143.0,869,ccd-lea-2016
2016,0804800,CO1420,Jefferson County School District No. R-1,4735.0,45.0,304.0,2188.0,2197.0,10508.0,86371,ccd-lea-2016
2016,0804860,CO2862,Julesburg School District No. Re1,36.0,1.0,1.0,12.0,20.0,65.0,633,ccd-lea-2016
2016,0804890,CO1810,Karval School District No. Re 23,6.0,0.0,0.0,2.0,3.0,13.0,47,ccd-lea-2016
2016,0804980,CO1760,Kim Reorganized School District No. 88,8.0,0.0,0.0,3.0,4.0,12.0,54,ccd-lea-2016
2016,0803510,CO1430,Kiowa County School District No. Re-1,17.0,0.0,1.0,6.0,9.0,34.0,192,ccd-lea-2016
2016,0806930,CO1440,Kiowa County School District No. Re-2,8.0,1.0,0.0,3.0,3.0,15.0,63,ccd-lea-2016
2016,0805040,CO0510,Kit Carson School District No. R-1,16.0,0.0,1.0,7.0,6.0,26.0,126,ccd-lea-2016
2016,0805160,CO1400,La Veta School District Re-2,20.0,0.0,1.0,9.0,9.0,38.0,220,ccd-lea-2016
2016,0805190,CO1510,Lake County School District No. R-1,57.0,1.0,5.0,24.0,27.0,165.0,1033,ccd-lea-2016
2016,0805220,CO2660,Lamar School District No. Re-2,105.0,3.0,8.0,52.0,41.0,192.0,1577,ccd-lea-2016
2016,0805250,CO0290,Las Animas School District No. Re-1,40.0,1.0,3.0,13.0,22.0,129.0,1175,ccd-lea-2016
2016,0805820,CO1080,Lewis-Palmer Consolidated School District No. 38 in the co,346.0,2.0,20.0,158.0,164.0,722.0,6577,ccd-lea-2016
2016,0800019,CO3230,Liberty J-4 School District,9.0,0.0,0.0,3.0,5.0,16.0,80,ccd-lea-2016
2016,0805280,CO1790,Limon School District No. Re 4J,33.0,0.0,2.0,17.0,13.0,67.0,479,ccd-lea-2016
2016,0805310,CO0140,Littleton School District No. 6 in the county of Arapahoe,839.0,4.0,58.0,387.0,389.0,1854.0,15517,ccd-lea-2016
2016,0805340,CO3060,Lone Star School District No. 101,14.0,0.0,1.0,6.0,6.0,25.0,115,ccd-lea-2016
2016,0899160,CO9030,MOUNTAIN BOCES,9.0,0.0,0.0,0.0,9.0,33.0,163,ccd-lea-2016
2016,0800012,CO9140,MT EVANS BOCES,0.0,0.0,0.0,0.0,0.0,12.0,,ccd-lea-2016
2016,0805460,CO2070,Mancos School District Re-6,32.0,2.0,2.0,15.0,11.0,68.0,501,ccd-lea-2016
2016,0805490,CO1030,Manitou Springs School District No. 14 in the county of El,103.0,1.0,6.0,46.0,48.0,215.0,1488,ccd-lea-2016
2016,0805520,CO2535,Manzanola Joint District No. 3J of the counties of Otero a,16.0,0.0,1.0,6.0,8.0,35.0,129,ccd-lea-2016
2016,0805550,CO0010,Mapleton School District No. 1 in the county of Adams & St,373.0,15.0,26.0,190.0,141.0,754.0,8822,ccd-lea-2016
2016,0805580,CO0310,McClave School District No. Re-2,20.0,0.0,1.0,8.0,9.0,39.0,272,ccd-lea-2016
2016,0805610,CO2710,Meeker School District Re1,43.0,0.0,4.0,21.0,17.0,87.0,745,ccd-lea-2016
2016,0804350,CO2000,Mesa County Valley School District No. 51,1283.0,74.0,86.0,582.0,540.0,2634.0,22105,ccd-lea-2016
2016,0805670,CO1130,Miami-Yoder Joint District No. 60 of the counties of El Pas,21.0,0.0,1.0,7.0,12.0,49.0,300,ccd-lea-2016
2016,0805730,CO2020,Moffat County School District RE: No. 1,130.0,0.0,11.0,63.0,54.0,286.0,2219,ccd-lea-2016
2016,0805700,CO2800,Moffat School District No. 2 in the county of Saguache and,20.0,1.0,1.0,8.0,10.0,44.0,201,ccd-lea-2016
2016,0805760,CO2740,Monte Vista School District No. C-8,78.0,2.0,5.0,36.0,33.0,158.0,1173,ccd-lea-2016
2016,0803090,CO2035,Montezuma-Cortez School District No. Re-1,168.0,0.0,11.0,78.0,78.0,381.0,2822,ccd-lea-2016
2016,0805790,CO2180,Montrose County School District Re-1J,344.0,7.0,24.0,157.0,155.0,689.0,6252,ccd-lea-2016
2016,0806300,CO2790,Mountain Valley School District No. Re 1,15.0,0.0,0.0,7.0,7.0,32.0,132,ccd-lea-2016
2016,0899180,CO9040,NORTHEAST BOCES,2.0,2.0,0.0,0.0,0.0,43.0,,ccd-lea-2016
2016,0899220,CO9095,NORTHWEST COLO BOCES,0.0,0.0,0.0,0.0,0.0,32.0,,ccd-lea-2016
2016,0805100,CO0550,North Conejos School District No. Re1J,72.0,0.0,4.0,32.0,35.0,127.0,963,ccd-lea-2016
2016,0807050,CO1410,North Park School District R-1,19.0,1.0,1.0,8.0,8.0,37.0,192,ccd-lea-2016
2016,0805880,CO2840,Norwood School District No. R-2J,20.0,0.0,1.0,9.0,9.0,44.0,243,ccd-lea-2016
2016,0805940,CO3050,Otis School District No. R-3,19.0,0.0,1.0,8.0,9.0,39.0,242,ccd-lea-2016
2016,0805970,CO2580,Ouray School District No. R-1 of  the county of Ouray and,24.0,2.0,1.0,8.0,13.0,38.0,189,ccd-lea-2016
2016,0899240,CO9045,PIKES PEAK BOCES,19.0,1.0,0.0,5.0,12.0,104.0,,ccd-lea-2016
2016,0803840,CO2610,Park County School District No. Re-2,46.0,1.0,4.0,25.0,14.0,107.0,684,ccd-lea-2016
2016,0806060,CO1060,Peyton School District No. 23 in the county of El Paso and,47.0,1.0,1.0,13.0,31.0,97.0,652,ccd-lea-2016
2016,0803030,CO1990,Plateau Valley School District No. 50 in the county of Mesa,28.0,1.0,1.0,10.0,14.0,55.0,437,ccd-lea-2016
2016,0802370,CO2600,Platte Canyon School District No. 1 of  the county of Park,62.0,0.0,4.0,28.0,29.0,143.0,989,ccd-lea-2016
2016,0803990,CO1550,Poudre School District R-1,1738.0,32.0,126.0,827.0,751.0,3511.0,29682,ccd-lea-2016
2016,0807260,CO1590,Primero Reorganized School District No. 2,20.0,0.0,1.0,6.0,11.0,37.0,198,ccd-lea-2016
2016,0806090,CO0240,Pritchett School District No. Re-3,7.0,0.0,0.0,2.0,3.0,15.0,45,ccd-lea-2016
2016,0806150,CO2700,Pueblo County School District 70,484.0,4.0,35.0,236.0,207.0,911.0,9648,ccd-lea-2016
2016,0806120,CO2690,Pueblo School District No. 60 in the county of Pueblo and,1010.0,19.0,85.0,495.0,410.0,2084.0,17319,ccd-lea-2016
2016,0899280,CO9125,RIO BLANCO BOCES,0.0,0.0,0.0,0.0,0.0,13.0,,ccd-lea-2016
2016,0806180,CO2720,Rangely School District RE4,35.0,0.0,2.0,19.0,13.0,74.0,536,ccd-lea-2016
2016,0806000,CO2865,Revere School District,16.0,0.0,0.0,8.0,8.0,28.0,119,ccd-lea-2016
2016,0806210,CO2590,Ridgway School District No. R-2  of  the county of Ouray a,29.0,0.0,1.0,12.0,14.0,58.0,334,ccd-lea-2016
2016,0804260,CO1180,Roaring Fork School District No. Re-1,374.0,3.0,30.0,183.0,157.0,690.0,5589,ccd-lea-2016
2016,0806270,CO2530,Rocky Ford School District No. R2,59.0,0.0,4.0,27.0,26.0,125.0,837,ccd-lea-2016
2016,0899300,CO9050,SAN JUAN BOCES,4.0,3.0,0.0,0.0,0.0,82.0,45,ccd-lea-2016
2016,0899320,CO9055,SAN LUIS VALLEY BOCES,0.0,0.0,0.0,0.0,0.0,24.0,,ccd-lea-2016
2016,0800014,CO9150,SANTA FE TRAIL BOCES,0.0,0.0,0.0,0.0,0.0,9.0,,ccd-lea-2016
2016,0899340,CO9060,SOUTH CENTRAL BOCES,3.0,2.0,0.0,0.0,1.0,41.0,,ccd-lea-2016
2016,0899400,CO9075,SOUTHEASTERN BOCES,0.0,0.0,0.0,0.0,0.0,26.0,,ccd-lea-2016
2016,0806330,CO0500,Salida School District No. R-32,89.0,4.0,6.0,35.0,42.0,172.0,1229,ccd-lea-2016
2016,0806390,CO0560,Sanford School District No. 6 in the county of Conejos and,26.0,1.0,2.0,10.0,12.0,53.0,393,ccd-lea-2016
2016,0806420,CO0110,Sangre de Cristo School District No. Re-22J,24.0,0.0,1.0,9.0,12.0,46.0,297,ccd-lea-2016
2016,0806450,CO2750,Sargent School District No. Re-33J,25.0,0.0,2.0,10.0,12.0,53.0,376,ccd-lea-2016
2016,0802580,CO0040,School District 27J,829.0,21.0,67.0,408.0,331.0,1578.0,17138,ccd-lea-2016
2016,0801950,CO0030,School District N. 14 in the county of Adams & State of Colo,379.0,19.0,33.0,182.0,144.0,846.0,7467,ccd-lea-2016
2016,0803360,CO0880,School District No. 1 in the county of Denver and State of C,5980.0,315.0,470.0,2775.0,2418.0,14006.0,91138,ccd-lea-2016
2016,0806480,CO0990,School District No. 3 in the county of El Paso and State of,528.0,17.0,41.0,246.0,223.0,1068.0,9634,ccd-lea-2016
2016,0803720,CO0920,School District No. C-1 in the county of Elbert and State o,146.0,0.0,10.0,65.0,70.0,324.0,2535,ccd-lea-2016
2016,0805010,CO0930,School District No. C-2 in the county of Elbert and State of,20.0,0.0,0.0,8.0,11.0,39.0,277,ccd-lea-2016
2016,0806780,CO1480,School District No. R-4 in the county of Kit Carson and Stat,18.0,0.0,1.0,9.0,7.0,39.0,213,ccd-lea-2016
2016,0806690,CO1828,School District No. Re-1 Valley,139.0,0.0,13.0,64.0,61.0,335.0,2284,ccd-lea-2016
2016,0806720,CO3147,School District No. Re-11 in the county of Weld and State of,18.0,0.0,1.0,7.0,8.0,30.0,217,ccd-lea-2016
2016,0804440,CO3148,School District No. Re-12 in the county of Weld and State of,13.0,0.0,0.0,6.0,6.0,24.0,77,ccd-lea-2016
2016,0802610,CO2395,School District No. Re-2 Brush,94.0,0.0,9.0,42.0,41.0,183.0,1543,ccd-lea-2016
2016,0807140,CO2505,School District No. Re-20 Weldon Valley,18.0,0.0,1.0,8.0,8.0,34.0,230,ccd-lea-2016
2016,0804050,CO2405,School District No. Re-3 Fort Morgan,196.0,4.0,15.0,90.0,85.0,492.0,3213,ccd-lea-2016
2016,0803930,CO1850,School District No. Re-3 Frenchman,19.0,0.0,1.0,8.0,9.0,36.0,203,ccd-lea-2016
2016,0805640,CO1860,School District No. Re-4 Buffalo,22.0,0.0,1.0,9.0,11.0,42.0,306,ccd-lea-2016
2016,0806030,CO1870,School District No. Re-5 Plateau,17.0,0.0,1.0,8.0,7.0,36.0,160,ccd-lea-2016
2016,0807290,CO2515,School District No. Re-50 Wiggins,34.0,0.0,2.0,17.0,13.0,70.0,573,ccd-lea-2016
2016,0806540,CO0123,Sheridan School District No. 2,101.0,12.0,9.0,38.0,42.0,228.0,1511,ccd-lea-2016
2016,0804140,CO0740,Sierra Grande School District No. R-30,22.0,0.0,1.0,10.0,10.0,47.0,267,ccd-lea-2016
2016,0806570,CO2820,Silverton School District No. 1 in the county of San Juan,10.0,0.0,0.0,4.0,5.0,15.0,80,ccd-lea-2016
2016,0802130,CO0580,South Conejos School District No. Re10,20.0,0.0,1.0,9.0,9.0,39.0,212,ccd-lea-2016
2016,0805910,CO2780,South Routt School District No. Re 3,30.0,0.0,2.0,13.0,14.0,69.0,353,ccd-lea-2016
2016,0806630,CO0250,Springfield School District No. Re-4,25.0,1.0,1.0,11.0,12.0,55.0,322,ccd-lea-2016
2016,0805370,CO0470,St. Vrain Valley School District No. Re1J,1774.0,53.0,117.0,871.0,732.0,3608.0,32171,ccd-lea-2016
2016,0800020,CO8001,State Charter School Institute,873.0,8.0,74.0,416.0,373.0,1615.0,16427,ccd-lea-2016
2016,0806660,CO2770,Steamboat Springs School District No. Re 2,164.0,1.0,13.0,75.0,74.0,311.0,2580,ccd-lea-2016
2016,0806750,CO0060,Strasburg School District 31J,56.0,1.0,3.0,24.0,27.0,116.0,972,ccd-lea-2016
2016,0806810,CO3000,Summit School District No. Re 1,248.0,10.0,21.0,124.0,93.0,485.0,3557,ccd-lea-2016
2016,0806840,CO2570,Swink School District No. 33 in the county of Otero and St,26.0,0.0,2.0,11.0,12.0,50.0,366,ccd-lea-2016
2016,0806870,CO2830,Telluride School District No. R-1,77.0,1.0,5.0,37.0,32.0,134.0,900,ccd-lea-2016
2016,0805400,CO1560,Thompson School District R-2J,901.0,23.0,55.0,434.0,387.0,2017.0,16280,ccd-lea-2016
2016,0806960,CO1580,Trinidad School District 1 in the county of Las Animas and,65.0,0.0,4.0,31.0,29.0,134.0,1040,ccd-lea-2016
2016,0800013,CO9145,UNCOMPAHGRE BOCES,0.0,0.0,0.0,0.0,0.0,8.0,,ccd-lea-2016
2016,0800022,CO9165,UTE PASS BOCES,1.0,0.0,0.0,0.0,1.0,13.0,,ccd-lea-2016
2016,0806990,CO0260,Vilas School District Re-5,6.0,0.0,0.0,2.0,3.0,16.0,42,ccd-lea-2016
2016,0807110,CO0230,Walsh School District No. Re-1,16.0,0.0,1.0,6.0,7.0,33.0,167,ccd-lea-2016
2016,0804200,CO3080,Weld County Reorganized School District No. Re-1,133.0,1.0,14.0,61.0,56.0,272.0,2004,ccd-lea-2016
2016,0807350,CO3100,Weld County Reorganized School District No. Re-4,334.0,5.0,22.0,172.0,135.0,642.0,6034,ccd-lea-2016
2016,0804020,CO3140,Weld County Reorganized School District No. Re-8,139.0,6.0,11.0,65.0,56.0,303.0,2388,ccd-lea-2016
2016,0803600,CO3085,Weld County School District No. Re-2,116.0,0.0,9.0,55.0,51.0,208.0,1878,ccd-lea-2016
2016,0804830,CO3110,Weld County School District No. Re-5J,189.0,1.0,12.0,98.0,77.0,334.0,3830,ccd-lea-2016
2016,0804950,CO3130,Weld County School District No. Re-7,80.0,0.0,5.0,33.0,40.0,147.0,1108,ccd-lea-2016
2016,0802310,CO3145,Weld County School District No. Re-9,59.0,0.0,4.0,26.0,28.0,113.0,853,ccd-lea-2016
2016,0804920,CO3090,Weld County School District RE-3J,142.0,3.0,10.0,69.0,59.0,273.0,2352,ccd-lea-2016
2016,0805850,CO2190,West End School District No. Re-2,20.0,0.0,1.0,8.0,10.0,58.0,299,ccd-lea-2016
2016,0805070,CO1340,West Grand School District No. 1,36.0,0.0,3.0,15.0,17.0,71.0,423,ccd-lea-2016
2016,0807230,CO0070,Westminster Public Schools,496.0,17.0,44.0,250.0,184.0,1046.0,9638,ccd-lea-2016
2016,0807320,CO2680,Wiley School District No. Re-13 Jt,22.0,0.0,1.0,8.0,10.0,40.0,268,ccd-lea-2016
2016,0807380,CO3020,Woodland Park School District No. Re-2,139.0,2.0,12.0,61.0,63.0,296.0,2480,ccd-lea-2016
2016,0807410,CO3070,Woodlin School District No. R-104,12.0,0.0,1.0,4.0,6.0,29.0,113,ccd-lea-2016
2016,0800017,CO3210,Wray RD-2 School District,49.0,0.0,3.0,23.0,21.0,105.0,675,ccd-lea-2016
2016,0800016,CO3200,Yuma 1 School District,65.0,1.0,5.0,26.0,32.0,135.0,807,ccd-lea-2016
2016,0802550,CO3146,chool District No. Re-10 in the county of Weld and State of,18.0,0.0,1.0,8.0,9.0,32.0,181,ccd-lea-2016
2017,0800009,CO9120,ADAMS COUNTY BOCES,0.0,0.0,0.0,0.0,0.0,3.0,,ccd-lea-2017
2017,0801920,CO1040,Academy School District No. 20 in the county of El Paso an,1531.0,16.0,94.0,675.0,744.0,3149.0,25831,ccd-lea-2017
2017,0806900,CO0020,Adams 12 Five Star Schools,1970.0,13.0,124.0,943.0,888.0,4234.0,38870,ccd-lea-2017
2017,0801980,CO0960,Agate School District No. 300,2.0,0.0,0.0,2.0,0.0,5.0,4,ccd-lea-2017
2017,0802010,CO1620,Aguilar Reorganized School District No. 6,11.0,0.0,1.0,4.0,6.0,24.0,123,ccd-lea-2017
2017,0802040,CO3030,Akron School District No. R-1,32.0,0.0,2.0,14.0,14.0,65.0,372,ccd-lea-2017
2017,0802070,CO0100,Alamosa School District No. Re-11J,135.0,1.0,12.0,65.0,55.0,289.0,2336,ccd-lea-2017
2017,0802190,CO0220,Archuleta County School District No. 50 Jt,99.0,0.0,9.0,49.0,40.0,202.0,1660,ccd-lea-2017
2017,0802220,CO3040,Arickaree School District No. R-2,13.0,0.0,1.0,4.0,6.0,23.0,101,ccd-lea-2017
2017,0802260,CO1450,Arriba-Flagler Consolidated School District No. 20,16.0,0.0,1.0,7.0,7.0,34.0,178,ccd-lea-2017
2017,0802280,CO2640,Aspen School District No. 1 in the county of Pitkin and Sta,141.0,2.0,9.0,63.0,65.0,267.0,1678,ccd-lea-2017
2017,0802340,CO0180,Aurora Joint District No. 28 of the counties of Adams and A,2165.0,20.0,170.0,1050.0,923.0,4997.0,40920,ccd-lea-2017
2017,0802400,CO1530,Bayfield School District No. 10Jt-R,76.0,0.0,4.0,37.0,34.0,144.0,1377,ccd-lea-2017
2017,0802430,CO0050,Bennett School District No. 29J,62.0,0.0,4.0,28.0,28.0,125.0,1126,ccd-lea-2017
2017,0802460,CO1490,Bethune School District No. R- 5,13.0,0.0,1.0,4.0,7.0,28.0,112,ccd-lea-2017
2017,0806600,CO0940,Big Sandy School District No. 100J,26.0,0.0,1.0,12.0,12.0,52.0,323,ccd-lea-2017
2017,0802490,CO0480,Boulder Valley School District No. Re2,1716.0,35.0,101.0,795.0,785.0,3674.0,31282,ccd-lea-2017
2017,0802520,CO1750,Branson Reorganized School District No. 82,31.0,0.0,1.0,10.0,19.0,46.0,462,ccd-lea-2017
2017,0802640,CO0490,Buena Vista School District No. R-31,74.0,0.0,4.0,33.0,36.0,166.0,1059,ccd-lea-2017
2017,0802670,CO1500,Burlington Public School District No. RE-6J,50.0,0.0,3.0,22.0,23.0,100.0,781,ccd-lea-2017
2017,0802700,CO0190,Byers School District No. 32J,80.0,0.0,4.0,34.0,41.0,193.0,2872,ccd-lea-2017
2017,0899200,CO9035,CENTENNIAL BOCES,19.0,2.0,0.0,1.0,16.0,113.0,170,ccd-lea-2017
2017,0800287,CO8102,CMHI PUEBLO,0.0,0.0,0.0,0.0,0.0,0.0,,ccd-lea-2017
2017,0800282,CO9170,COLORADO DIGITAL BOCES,61.0,0.0,1.0,18.0,41.0,107.0,2246,ccd-lea-2017
2017,0800292,CO9175,COLORADO RIVER BOCES,14.0,0.0,0.0,1.0,12.0,34.0,153,ccd-lea-2017
2017,0800023,CO9000,COLORADO SCHOOL FOR THE DEAF AND BLIND,36.0,2.0,1.0,10.0,23.0,85.0,196,ccd-lea-2017
2017,0802730,CO0970,Calhan District No. RJ1,28.0,1.0,1.0,12.0,13.0,64.0,458,ccd-lea-2017
2017,0802760,CO0270,Campo School District No. Re-6,8.0,0.0,0.0,3.0,4.0,20.0,41,ccd-lea-2017
2017,0806360,CO0640,Centennial School District No. R-1,20.0,0.0,1.0,8.0,10.0,47.0,210,ccd-lea-2017
2017,0802850,CO2810,Center Consolidated School District No. 26 Jt. of the count,46.0,0.0,3.0,22.0,19.0,122.0,626,ccd-lea-2017
2017,0802880,CO2560,Cheraw School District No. 31 in the county of Otero and S,18.0,0.0,1.0,8.0,8.0,33.0,207,ccd-lea-2017
2017,0802910,CO0130,Cherry Creek School District No. 5 in the county of Arapah,3082.0,23.0,238.0,1421.0,1398.0,6676.0,55699,ccd-lea-2017
2017,0800001,CO0520,Cheyenne County School District No. Re-5,17.0,0.0,1.0,8.0,7.0,40.0,179,ccd-lea-2017
2017,0802940,CO1020,Cheyenne Mountain School District No. 12 in the county of E,353.0,5.0,29.0,146.0,171.0,609.0,5220,ccd-lea-2017
2017,0803000,CO0540,Clear Creek School District No. Re-1,57.0,0.0,4.0,29.0,22.0,141.0,808,ccd-lea-2017
2017,0803060,CO1010,Colorado Springs School District No. 11 in the county of E,1636.0,29.0,141.0,798.0,667.0,3619.0,27427,ccd-lea-2017
2017,0803150,CO2010,Creede School District,10.0,0.0,0.0,4.0,5.0,21.0,80,ccd-lea-2017
2017,0803180,CO3010,Cripple Creek-Victor School District No. Re-1,28.0,0.0,2.0,14.0,11.0,86.0,367,ccd-lea-2017
2017,0803210,CO0770,Crowley County School District No. Re-1-J,31.0,0.0,2.0,14.0,14.0,60.0,440,ccd-lea-2017
2017,0807200,CO0860,Custer County School District Consolidate 1,25.0,0.0,1.0,11.0,12.0,57.0,397,ccd-lea-2017
2017,0800004,CO9130,DENVER 1,30.0,0.0,1.0,13.0,14.0,42.0,389,ccd-lea-2017
2017,0800285,CO8103,DEPARTMENT OF CORRECTIONS,0.0,0.0,0.0,0.0,0.0,0.0,0,ccd-lea-2017
2017,0800286,CO8104,DIVISION OF YOUTH SERVICES,0.0,0.0,0.0,0.0,0.0,0.0,0,ccd-lea-2017
2017,0803240,CO1980,De Beque Joint District No. 49 of the counties of Mesa and,18.0,0.0,1.0,9.0,7.0,31.0,165,ccd-lea-2017
2017,0803270,CO0170,Deer Trail School District No. 26J,17.0,1.0,1.0,7.0,8.0,33.0,205,ccd-lea-2017
2017,0803300,CO2730,Del Norte Consolidated School District No. C-7,28.0,0.0,1.0,10.0,16.0,67.0,411,ccd-lea-2017
2017,0803330,CO0870,Delta County Joint District No. 50,282.0,1.0,21.0,126.0,132.0,672.0,5058,ccd-lea-2017
2017,0803420,CO0890,Dolores County School District RE-2J,19.0,1.0,1.0,8.0,8.0,45.0,250,ccd-lea-2017
2017,0803390,CO2055,Dolores School District No. Re-4A,51.0,0.0,4.0,23.0,22.0,105.0,749,ccd-lea-2017
2017,0803450,CO0900,Douglas County School District No. Re 1,3528.0,40.0,238.0,1643.0,1606.0,7847.0,67597,ccd-lea-2017
2017,0803480,CO1520,Durango School District No. 9-R,383.0,11.0,29.0,176.0,166.0,802.0,5251,ccd-lea-2017
2017,0899080,CO9025,EAST CENTRAL BOCES,2.0,1.0,0.0,0.0,0.0,63.0,,ccd-lea-2017
2017,0803540,CO0910,Eagle County School District No. Re 50,469.0,15.0,41.0,226.0,186.0,912.0,6931,ccd-lea-2017
2017,0804320,CO1350,East Grand School District No. 2,93.0,2.0,8.0,45.0,37.0,187.0,1301,ccd-lea-2017
2017,0805130,CO2520,East Otero School District No. R1,90.0,0.0,10.0,46.0,33.0,182.0,1423,ccd-lea-2017
2017,0803630,CO1120,Edison Joint District No. 54 of the counties of El Paso and,14.0,0.0,0.0,6.0,7.0,36.0,228,ccd-lea-2017
2017,0803690,CO0950,Elbert School District No. 200,20.0,1.0,1.0,8.0,10.0,41.0,226,ccd-lea-2017
2017,0803750,CO1050,Ellicott School District No. 22 in the county of El Paso a,67.0,4.0,5.0,29.0,28.0,137.0,1055,ccd-lea-2017
2017,0803780,CO0120,Englewood School District No. 1 in the county of Arapahoe,184.0,3.0,10.0,87.0,82.0,428.0,2759,ccd-lea-2017
2017,0803810,CO1570,Estes Park School District R-3,76.0,1.0,5.0,34.0,35.0,156.0,1141,ccd-lea-2017
2017,0800015,CO9160,FRONT RANGE BOCES,0.0,0.0,0.0,0.0,0.0,0.0,,ccd-lea-2017
2017,0803870,CO1110,Falcon School District No. 49 in the county of El Paso and,1050.0,12.0,75.0,493.0,469.0,2255.0,21448,ccd-lea-2017
2017,0804080,CO1000,Fountain School District No. 8 in the county of El Paso an,500.0,12.0,49.0,249.0,189.0,1018.0,8338,ccd-lea-2017
2017,0804110,CO2540,Fowler School District No. R4J,34.0,0.0,2.0,15.0,16.0,59.0,383,ccd-lea-2017
2017,0802790,CO1140,Fremont Re-1,227.0,4.0,20.0,109.0,92.0,512.0,3555,ccd-lea-2017
2017,0803960,CO1150,Fremont Re-2,94.0,1.0,9.0,47.0,36.0,212.0,1346,ccd-lea-2017
2017,0803120,CO1160,Fremont Re-3,19.0,0.0,1.0,8.0,10.0,42.0,212,ccd-lea-2017
2017,0800011,CO9135,GRAND VALLEY BOCES,0.0,0.0,0.0,0.0,0.0,10.0,,ccd-lea-2017
2017,0806240,CO1195,Garfield School District No. Re-2,284.0,6.0,17.0,139.0,120.0,701.0,4813,ccd-lea-2017
2017,0804740,CO1780,Genoa-Hugo School District No. C-113,18.0,0.0,1.0,8.0,7.0,34.0,190,ccd-lea-2017
2017,0804230,CO1330,Gilpin County School District No. Re-1,34.0,1.0,2.0,16.0,14.0,64.0,488,ccd-lea-2017
2017,0804290,CO2650,Granada School District No. Re-1,16.0,0.0,1.0,6.0,8.0,37.0,204,ccd-lea-2017
2017,0804380,CO1220,Grand Valley School District No. 16 in the county of Garfi,76.0,1.0,5.0,33.0,36.0,172.0,1180,ccd-lea-2017
2017,0804410,CO3120,GreeleySchool District No. 6 in the county of Weld and Sta,1221.0,19.0,99.0,604.0,497.0,2394.0,22407,ccd-lea-2017
2017,0804470,CO1360,Gunnison Watershed School District Re1J,137.0,0.0,10.0,62.0,63.0,259.0,2073,ccd-lea-2017
2017,0804500,CO1070,Hanover School District No. 28 in the county of El Paso an,20.0,0.0,2.0,8.0,9.0,52.0,275,ccd-lea-2017
2017,0804530,CO0980,Harrison School District No. 2 in the county of El Paso an,733.0,0.0,69.0,379.0,284.0,1533.0,11771,ccd-lea-2017
2017,0804560,CO2630,Haxtun School District No. Re-2J,24.0,0.0,1.0,11.0,11.0,50.0,350,ccd-lea-2017
2017,0804590,CO2760,Hayden School District No. Re 1,33.0,1.0,3.0,13.0,16.0,65.0,443,ccd-lea-2017
2017,0806510,CO1460,Hi-Plains R-23,13.0,1.0,1.0,5.0,6.0,27.0,107,ccd-lea-2017
2017,0804620,CO1380,Hinsdale County School District No. Re-1,12.0,0.0,0.0,5.0,6.0,23.0,96,ccd-lea-2017
2017,0804650,CO1600,Hoehne Reorganized School District No. 3,21.0,0.0,1.0,10.0,10.0,43.0,359,ccd-lea-2017
2017,0804680,CO2670,Holly School District No. Re-3,23.0,1.0,1.0,9.0,10.0,48.0,308,ccd-lea-2017
2017,0804710,CO2620,Holyoke School District No. Re-1J,47.0,0.0,3.0,23.0,20.0,83.0,583,ccd-lea-2017
2017,0807080,CO1390,Huerfano School District Re-1,28.0,0.0,2.0,11.0,14.0,66.0,553,ccd-lea-2017
2017,0800018,CO3220,Idalia RJ-3 School District,16.0,0.0,1.0,7.0,6.0,33.0,216,ccd-lea-2017
2017,0804770,CO1540,Ignacio School District No. 11Jt,67.0,0.0,5.0,29.0,31.0,144.0,786,ccd-lea-2017
2017,0804800,CO1420,Jefferson County School District No. R-1,4694.0,48.0,257.0,2190.0,2198.0,10522.0,86146,ccd-lea-2017
2017,0804860,CO2862,Julesburg School District No. Re1,34.0,1.0,1.0,10.0,21.0,56.0,520,ccd-lea-2017
2017,0804890,CO1810,Karval School District No. Re 23,6.0,0.0,0.0,3.0,2.0,14.0,42,ccd-lea-2017
2017,0804980,CO1760,Kim Reorganized School District No. 88,9.0,0.0,0.0,3.0,5.0,18.0,57,ccd-lea-2017
2017,0803510,CO1430,Kiowa County School District No. Re-1,17.0,0.0,1.0,7.0,9.0,36.0,184,ccd-lea-2017
2017,0806930,CO1440,Kiowa County School District No. Re-2,8.0,1.0,0.0,3.0,3.0,16.0,49,ccd-lea-2017
2017,0805040,CO0510,Kit Carson School District No. R-1,15.0,0.0,0.0,6.0,6.0,25.0,109,ccd-lea-2017
2017,0805160,CO1400,La Veta School District Re-2,20.0,0.0,1.0,9.0,9.0,40.0,227,ccd-lea-2017
2017,0805190,CO1510,Lake County School District No. R-1,61.0,1.0,4.0,26.0,29.0,160.0,1036,ccd-lea-2017
2017,0805220,CO2660,Lamar School District No. Re-2,104.0,3.0,9.0,49.0,41.0,192.0,1566,ccd-lea-2017
2017,0805250,CO0290,Las Animas School District No. Re-1,42.0,1.0,3.0,14.0,23.0,156.0,1719,ccd-lea-2017
2017,0805820,CO1080,Lewis-Palmer Consolidated School District No. 38 in the co,368.0,3.0,24.0,169.0,171.0,751.0,6703,ccd-lea-2017
2017,0800019,CO3230,Liberty J-4 School District,10.0,0.0,0.0,4.0,5.0,17.0,72,ccd-lea-2017
2017,0805280,CO1790,Limon School District No. Re 4J,33.0,0.0,2.0,17.0,14.0,70.0,476,ccd-lea-2017
2017,0805310,CO0140,Littleton School District No. 6 in the county of Arapahoe,836.0,5.0,58.0,381.0,389.0,1837.0,15643,ccd-lea-2017
2017,0805340,CO3060,Lone Star School District No. 101,17.0,0.0,1.0,8.0,8.0,30.0,119,ccd-lea-2017
2017,0899160,CO9030,MOUNTAIN BOCES,0.0,0.0,0.0,0.0,0.0,7.0,,ccd-lea-2017
2017,0800012,CO9140,MT EVANS BOCES,0.0,0.0,0.0,0.0,0.0,12.0,,ccd-lea-2017
2017,0805460,CO2070,Mancos School District Re-6,31.0,0.0,2.0,16.0,12.0,72.0,500,ccd-lea-2017
2017,0805490,CO1030,Manitou Springs School District No. 14 in the county of El,99.0,1.0,6.0,41.0,50.0,217.0,1400,ccd-lea-2017
2017,0805520,CO2535,Manzanola Joint District No. 3J of the counties of Otero a,16.0,0.0,1.0,7.0,7.0,34.0,140,ccd-lea-2017
2017,0805550,CO0010,Mapleton School District No. 1 in the county of Adams & St,414.0,12.0,27.0,202.0,172.0,818.0,8938,ccd-lea-2017
2017,0805580,CO0310,McClave School District No. Re-2,20.0,0.0,1.0,8.0,9.0,41.0,256,ccd-lea-2017
2017,0805610,CO2710,Meeker School District Re1,46.0,2.0,4.0,22.0,17.0,87.0,742,ccd-lea-2017
2017,0804350,CO2000,Mesa County Valley School District No. 51,1280.0,74.0,85.0,584.0,536.0,2726.0,22084,ccd-lea-2017
2017,0805670,CO1130,Miami-Yoder Joint District No. 60 of the counties of El Pas,21.0,0.0,1.0,8.0,11.0,59.0,303,ccd-lea-2017
2017,0805730,CO2020,Moffat County School District RE: No. 1,126.0,1.0,10.0,62.0,52.0,282.0,2248,ccd-lea-2017
2017,0805700,CO2800,Moffat School District No. 2 in the county of Saguache and,22.0,1.0,1.0,8.0,10.0,45.0,232,ccd-lea-2017
2017,0805760,CO2740,Monte Vista School District No. C-8,80.0,2.0,6.0,36.0,35.0,159.0,1153,ccd-lea-2017
2017,0803090,CO2035,Montezuma-Cortez School District No. Re-1,177.0,0.0,11.0,85.0,79.0,408.0,2784,ccd-lea-2017
2017,0805790,CO2180,Montrose County School District Re-1J,335.0,5.0,25.0,155.0,148.0,706.0,6260,ccd-lea-2017
2017,0806300,CO2790,Mountain Valley School District No. Re 1,14.0,0.0,1.0,5.0,7.0,31.0,125,ccd-lea-2017
2017,0899180,CO9040,NORTHEAST BOCES,2.0,2.0,0.0,0.0,0.0,41.0,,ccd-lea-2017
2017,0899220,CO9095,NORTHWEST COLO BOCES,0.0,0.0,0.0,0.0,0.0,28.0,,ccd-lea-2017
2017,0805100,CO0550,North Conejos School District No. Re1J,72.0,0.0,4.0,32.0,35.0,128.0,1028,ccd-lea-2017
2017,0807050,CO1410,North Park School District R-1,19.0,1.0,1.0,8.0,8.0,36.0,186,ccd-lea-2017
2017,0805880,CO2840,Norwood School District No. R-2J,18.0,0.0,1.0,8.0,9.0,40.0,239,ccd-lea-2017
2017,0805940,CO3050,Otis School District No. R-3,18.0,0.0,1.0,8.0,8.0,40.0,243,ccd-lea-2017
2017,0805970,CO2580,Ouray School District No. R-1 of  the county of Ouray and,22.0,2.0,1.0,8.0,10.0,36.0,171,ccd-lea-2017
2017,0899240,CO9045,PIKES PEAK BOCES,19.0,0.0,0.0,10.0,8.0,99.0,,ccd-lea-2017
2017,0803840,CO2610,Park County School District No. Re-2,44.0,1.0,3.0,24.0,14.0,111.0,730,ccd-lea-2017
2017,0806060,CO1060,Peyton School District No. 23 in the county of El Paso and,39.0,1.0,2.0,12.0,23.0,90.0,624,ccd-lea-2017
2017,0803030,CO1990,Plateau Valley School District No. 50 in the county of Mesa,27.0,1.0,0.0,11.0,14.0,54.0,451,ccd-lea-2017
2017,0802370,CO2600,Platte Canyon School District No. 1 of  the county of Park,57.0,0.0,4.0,26.0,26.0,131.0,928,ccd-lea-2017
2017,0803990,CO1550,Poudre School District R-1,1743.0,35.0,132.0,830.0,745.0,3590.0,30019,ccd-lea-2017
2017,0807260,CO1590,Primero Reorganized School District No. 2,20.0,0.0,1.0,6.0,11.0,46.0,192,ccd-lea-2017
2017,0806090,CO0240,Pritchett School District No. Re-3,7.0,0.0,0.0,2.0,3.0,16.0,42,ccd-lea-2017
2017,0806150,CO2700,Pueblo County School District 70,507.0,5.0,37.0,237.0,227.0,940.0,9861,ccd-lea-2017
2017,0806120,CO2690,Pueblo School District No. 60 in the county of Pueblo and,1003.0,20.0,85.0,494.0,403.0,2109.0,16934,ccd-lea-2017
2017,0899280,CO9125,RIO BLANCO BOCES,0.0,0.0,0.0,0.0,0.0,14.0,,ccd-lea-2017
2017,0806180,CO2720,Rangely School District RE4,34.0,0.0,2.0,16.0,14.0,73.0,512,ccd-lea-2017
2017,0806000,CO2865,Revere School District,14.0,0.0,0.0,7.0,7.0,29.0,117,ccd-lea-2017
2017,0806210,CO2590,Ridgway School District No. R-2  of  the county of Ouray a,30.0,0.0,2.0,13.0,14.0,70.0,355,ccd-lea-2017
2017,0804260,CO1180,Roaring Fork School District No. Re-1,380.0,2.0,29.0,182.0,165.0,711.0,5637,ccd-lea-2017
2017,0806270,CO2530,Rocky Ford School District No. R2,60.0,0.0,5.0,28.0,26.0,119.0,796,ccd-lea-2017
2017,0899300,CO9050,SAN JUAN BOCES,4.0,1.0,0.0,0.0,3.0,55.0,61,ccd-lea-2017
2017,0899320,CO9055,SAN LUIS VALLEY BOCES,0.0,0.0,0.0,0.0,0.0,29.0,,ccd-lea-2017
2017,0800014,CO9150,SANTA FE TRAIL BOCES,1.0,0.0,0.0,0.0,0.0,13.0,,ccd-lea-2017
2017,0899340,CO9060,SOUTH CENTRAL BOCES,4.0,4.0,0.0,0.0,0.0,48.0,,ccd-lea-2017
2017,0899400,CO9075,SOUTHEASTERN BOCES,0.0,0.0,0.0,0.0,0.0,21.0,,ccd-lea-2017
2017,0806330,CO0500,Salida School District No. R-32,92.0,4.0,6.0,36.0,44.0,176.0,1255,ccd-lea-2017
2017,0806390,CO0560,Sanford School District No. 6 in the county of Conejos and,25.0,0.0,2.0,10.0,12.0,54.0,369,ccd-lea-2017
2017,0806420,CO0110,Sangre de Cristo School District No. Re-22J,26.0,1.0,1.0,10.0,12.0,49.0,310,ccd-lea-2017
2017,0806450,CO2750,Sargent School District No. Re-33J,29.0,0.0,1.0,13.0,13.0,57.0,370,ccd-lea-2017
2017,0802580,CO0040,School District 27J,793.0,25.0,62.0,386.0,320.0,1487.0,17909,ccd-lea-2017
2017,0801950,CO0030,School District N. 14 in the county of Adams & State of Colo,376.0,23.0,30.0,177.0,145.0,824.0,7400,ccd-lea-2017
2017,0803360,CO0880,School District No. 1 in the county of Denver and State of C,6081.0,465.0,431.0,2612.0,2572.0,14445.0,91822,ccd-lea-2017
2017,0806480,CO0990,School District No. 3 in the county of El Paso and State of,548.0,19.0,46.0,253.0,230.0,1131.0,9695,ccd-lea-2017
2017,0803720,CO0920,School District No. C-1 in the county of Elbert and State o,143.0,0.0,10.0,63.0,69.0,305.0,2476,ccd-lea-2017
2017,0805010,CO0930,School District No. C-2 in the county of Elbert and State of,22.0,0.0,1.0,8.0,12.0,42.0,263,ccd-lea-2017
2017,0806780,CO1480,School District No. R-4 in the county of Kit Carson and Stat,17.0,0.0,1.0,8.0,7.0,41.0,228,ccd-lea-2017
2017,0806690,CO1828,School District No. Re-1 Valley,139.0,0.0,11.0,63.0,64.0,335.0,2291,ccd-lea-2017
2017,0806720,CO3147,School District No. Re-11 in the county of Weld and State of,17.0,0.0,1.0,7.0,8.0,32.0,205,ccd-lea-2017
2017,0804440,CO3148,School District No. Re-12 in the county of Weld and State of,16.0,0.0,1.0,7.0,7.0,28.0,88,ccd-lea-2017
2017,0802610,CO2395,School District No. Re-2 Brush,97.0,0.0,8.0,46.0,41.0,200.0,1506,ccd-lea-2017
2017,0807140,CO2505,School District No. Re-20 Weldon Valley,17.0,0.0,1.0,7.0,8.0,36.0,234,ccd-lea-2017
2017,0804050,CO2405,School District No. Re-3 Fort Morgan,200.0,6.0,15.0,95.0,84.0,499.0,3284,ccd-lea-2017
2017,0803930,CO1850,School District No. Re-3 Frenchman,20.0,0.0,1.0,9.0,9.0,38.0,192,ccd-lea-2017
2017,0805640,CO1860,School District No. Re-4 Buffalo,21.0,0.0,1.0,8.0,11.0,43.0,301,ccd-lea-2017
2017,0806030,CO1870,School District No. Re-5 Plateau,16.0,0.0,1.0,7.0,7.0,35.0,170,ccd-lea-2017
2017,0807290,CO2515,School District No. Re-50 Wiggins,35.0,0.0,2.0,17.0,15.0,73.0,606,ccd-lea-2017
2017,0806540,CO0123,Sheridan School District No. 2,99.0,12.0,9.0,36.0,41.0,226.0,1402,ccd-lea-2017
2017,0804140,CO0740,Sierra Grande School District No. R-30,21.0,2.0,1.0,9.0,9.0,51.0,288,ccd-lea-2017
2017,0806570,CO2820,Silverton School District No. 1 in the county of San Juan,10.0,0.0,0.0,4.0,5.0,18.0,68,ccd-lea-2017
2017,0802130,CO0580,South Conejos School District No. Re10,18.0,0.0,1.0,7.0,9.0,41.0,181,ccd-lea-2017
2017,0805910,CO2780,South Routt School District No. Re 3,30.0,2.0,2.0,12.0,13.0,74.0,359,ccd-lea-2017
2017,0806630,CO0250,Springfield School District No. Re-4,28.0,1.0,2.0,12.0,11.0,55.0,341,ccd-lea-2017
2017,0805370,CO0470,St. Vrain Valley School District No. Re1J,1786.0,60.0,118.0,875.0,732.0,3711.0,32421,ccd-lea-2017
2017,0800020,CO8001,State Charter School Institute,913.0,8.0,75.0,424.0,405.0,1702.0,17555,ccd-lea-2017
2017,0806660,CO2770,Steamboat Springs School District No. Re 2,163.0,1.0,11.0,75.0,73.0,309.0,2659,ccd-lea-2017
2017,0806750,CO0060,Strasburg School District 31J,64.0,1.0,5.0,27.0,30.0,122.0,1018,ccd-lea-2017
2017,0806810,CO3000,Summit School District No. Re 1,248.0,9.0,20.0,125.0,93.0,464.0,3592,ccd-lea-2017
2017,0806840,CO2570,Swink School District No. 33 in the county of Otero and St,28.0,0.0,2.0,13.0,12.0,51.0,372,ccd-lea-2017
2017,0806870,CO2830,Telluride School District No. R-1,75.0,1.0,5.0,36.0,30.0,130.0,902,ccd-lea-2017
2017,0805400,CO1560,Thompson School District R-2J,910.0,25.0,56.0,381.0,447.0,2024.0,16278,ccd-lea-2017
2017,0806960,CO1580,Trinidad School District 1 in the county of Las Animas and,57.0,0.0,4.0,28.0,24.0,136.0,982,ccd-lea-2017
2017,0800013,CO9145,UNCOMPAHGRE BOCES,0.0,0.0,0.0,0.0,0.0,11.0,,ccd-lea-2017
2017,0800022,CO9165,UTE PASS BOCES,1.0,0.0,0.0,0.0,1.0,15.0,,ccd-lea-2017
2017,0806990,CO0260,Vilas School District Re-5,7.0,0.0,0.0,3.0,3.0,15.0,45,ccd-lea-2017
2017,0807110,CO0230,Walsh School District No. Re-1,15.0,0.0,1.0,6.0,7.0,34.0,168,ccd-lea-2017
2017,0804200,CO3080,Weld County Reorganized School District No. Re-1,139.0,1.0,14.0,65.0,57.0,283.0,1938,ccd-lea-2017
2017,0807350,CO3100,Weld County Reorganized School District No. Re-4,351.0,6.0,25.0,173.0,146.0,689.0,6300,ccd-lea-2017
2017,0804020,CO3140,Weld County Reorganized School District No. Re-8,141.0,6.0,11.0,64.0,58.0,298.0,2428,ccd-lea-2017
2017,0803600,CO3085,Weld County School District No. Re-2,115.0,0.0,9.0,54.0,50.0,217.0,1913,ccd-lea-2017
2017,0804830,CO3110,Weld County School District No. Re-5J,194.0,1.0,11.0,103.0,78.0,351.0,3891,ccd-lea-2017
2017,0804950,CO3130,Weld County School District No. Re-7,81.0,0.0,5.0,33.0,41.0,143.0,1095,ccd-lea-2017
2017,0802310,CO3145,Weld County School District No. Re-9,62.0,0.0,4.0,26.0,31.0,121.0,912,ccd-lea-2017
2017,0804920,CO3090,Weld County School District RE-3J,146.0,4.0,12.0,71.0,57.0,297.0,2475,ccd-lea-2017
2017,0805850,CO2190,West End School District No. Re-2,24.0,1.0,1.0,10.0,11.0,70.0,317,ccd-lea-2017
2017,0805070,CO1340,West Grand School District No. 1,38.0,0.0,2.0,16.0,18.0,75.0,406,ccd-lea-2017
2017,0807230,CO0070,Westminster Public Schools,521.0,20.0,45.0,257.0,198.0,1075.0,9441,ccd-lea-2017
2017,0807320,CO2680,Wiley School District No. Re-13 Jt,22.0,0.0,1.0,8.0,11.0,41.0,249,ccd-lea-2017
2017,0807380,CO3020,Woodland Park School District No. Re-2,142.0,3.0,11.0,60.0,67.0,307.0,2502,ccd-lea-2017
2017,0807410,CO3070,Woodlin School District No. R-104,11.0,0.0,1.0,3.0,6.0,27.0,106,ccd-lea-2017
2017,0800017,CO3210,Wray RD-2 School District,53.0,0.0,4.0,25.0,23.0,111.0,722,ccd-lea-2017
2017,0800016,CO3200,Yuma 1 School District,64.0,1.0,5.0,28.0,29.0,134.0,831,ccd-lea-2017
2017,0802550,CO3146,chool District No. Re-10 in the county of Weld and State of,18.0,0.0,1.0,8.0,9.0,32.0,176,ccd-lea-2017
2018,0800009,CO9120,ADAMS COUNTY BOCES,0.0,0.0,0.0,0.0,0.0,3.0,,ccd-lea-2018
2018,0801920,CO1040,Academy School District No. 20 in the county of El Paso an,1575.0,17.0,110.0,708.0,739.0,3254.0,26178,ccd-lea-2018
2018,0806900,CO0020,Adams 12 Five Star Schools,1999.0,15.0,123.0,959.0,901.0,4378.0,39282,ccd-lea-2018
2018,0801980,CO0960,Agate School District No. 300,5.0,0.0,0.0,2.0,2.0,12.0,47,ccd-lea-2018
2018,0802010,CO1620,Aguilar Reorganized School District No. 6,10.0,0.0,1.0,4.0,4.0,25.0,116,ccd-lea-2018
2018,0802040,CO3030,Akron School District No. R-1,33.0,0.0,2.0,15.0,14.0,67.0,379,ccd-lea-2018
2018,0802070,CO0100,Alamosa School District No. Re-11J,130.0,1.0,11.0,63.0,53.0,281.0,2333,ccd-lea-2018
2018,0802190,CO0220,Archuleta County School District No. 50 Jt,101.0,0.0,8.0,48.0,43.0,208.0,1706,ccd-lea-2018
2018,0802220,CO3040,Arickaree School District No. R-2,13.0,1.0,1.0,4.0,6.0,22.0,117,ccd-lea-2018
2018,0802260,CO1450,Arriba-Flagler Consolidated School District No. 20,16.0,1.0,1.0,7.0,7.0,36.0,159,ccd-lea-2018
2018,0802280,CO2640,Aspen School District No. 1 in the county of Pitkin and Sta,143.0,0.0,10.0,66.0,65.0,275.0,1670,ccd-lea-2018
2018,0802340,CO0180,Aurora Joint District No. 28 of the counties of Adams and A,2208.0,21.0,167.0,1089.0,929.0,5093.0,39892,ccd-lea-2018
2018,0802400,CO1530,Bayfield School District No. 10Jt-R,97.0,0.0,5.0,48.0,43.0,189.0,1371,ccd-lea-2018
2018,0802430,CO0050,Bennett School District No. 29J,61.0,1.0,4.0,27.0,28.0,127.0,1105,ccd-lea-2018
2018,0802460,CO1490,Bethune School District No. R- 5,12.0,0.0,0.0,4.0,5.0,24.0,105,ccd-lea-2018
2018,0806600,CO0940,Big Sandy School District No. 100J,27.0,0.0,1.0,13.0,13.0,52.0,321,ccd-lea-2018
2018,0802490,CO0480,Boulder Valley School District No. Re2,1718.0,32.0,118.0,773.0,793.0,3680.0,31169,ccd-lea-2018
2018,0802520,CO1750,Branson Reorganized School District No. 82,32.0,0.0,1.0,10.0,20.0,49.0,468,ccd-lea-2018
2018,0802640,CO0490,Buena Vista School District No. R-31,74.0,0.0,4.0,30.0,39.0,169.0,1089,ccd-lea-2018
2018,0802670,CO1500,Burlington Public School District No. RE-6J,51.0,0.0,3.0,23.0,24.0,99.0,788,ccd-lea-2018
2018,0802700,CO0190,Byers School District No. 32J,71.0,0.0,3.0,25.0,42.0,154.0,2916,ccd-lea-2018
2018,0899200,CO9035,CENTENNIAL BOCES,19.0,2.0,0.0,2.0,13.0,106.0,142,ccd-lea-2018
2018,0800287,CO8102,CMHI PUEBLO,1.0,0.0,0.0,0.0,1.0,1.0,,ccd-lea-2018
2018,0800292,CO9175,COLORADO RIVER BOCES,11.0,0.0,0.0,0.0,10.0,34.0,124,ccd-lea-2018
2018,0800023,CO9000,COLORADO SCHOOL FOR THE DEAF AND BLIND,36.0,1.0,0.0,12.0,21.0,78.0,212,ccd-lea-2018
2018,0802730,CO0970,Calhan District No. RJ1,30.0,1.0,1.0,12.0,15.0,62.0,467,ccd-lea-2018
2018,0802760,CO0270,Campo School District No. Re-6,9.0,0.0,0.0,3.0,4.0,19.0,46,ccd-lea-2018
2018,0806360,CO0640,Centennial School District No. R-1,13.0,0.0,1.0,7.0,4.0,33.0,217,ccd-lea-2018
2018,0802850,CO2810,Center Consolidated School District No. 26 Jt. of the count,48.0,0.0,3.0,23.0,20.0,118.0,639,ccd-lea-2018
2018,0802880,CO2560,Cheraw School District No. 31 in the county of Otero and S,19.0,0.0,1.0,8.0,10.0,33.0,225,ccd-lea-2018
2018,0802910,CO0130,Cherry Creek School District No. 5 in the county of Arapah,3149.0,23.0,244.0,1499.0,1381.0,7019.0,55839,ccd-lea-2018
2018,0800001,CO0520,Cheyenne County School District No. Re-5,16.0,0.0,1.0,8.0,7.0,37.0,182,ccd-lea-2018
2018,0802940,CO1020,Cheyenne Mountain School District No. 12 in the county of E,362.0,6.0,28.0,156.0,170.0,648.0,5274,ccd-lea-2018
2018,0803000,CO0540,Clear Creek School District No. Re-1,59.0,0.0,4.0,32.0,22.0,143.0,760,ccd-lea-2018
2018,0803060,CO1010,Colorado Springs School District No. 11 in the county of E,1611.0,32.0,124.0,809.0,644.0,3593.0,26395,ccd-lea-2018
2018,0803150,CO2010,Creede School District,14.0,0.0,1.0,6.0,7.0,28.0,95,ccd-lea-2018
2018,0803180,CO3010,Cripple Creek-Victor School District No. Re-1,29.0,0.0,1.0,12.0,15.0,82.0,372,ccd-lea-2018
2018,0803210,CO0770,Crowley County School District No. Re-1-J,24.0,0.0,1.0,10.0,13.0,63.0,437,ccd-lea-2018
2018,0807200,CO0860,Custer County School District Consolidate 1,24.0,0.0,1.0,11.0,10.0,54.0,389,ccd-lea-2018
2018,0800004,CO9130,DENVER 1,24.0,0.0,1.0,10.0,12.0,37.0,379,ccd-lea-2018
2018,0800285,CO8103,DEPARTMENT OF CORRECTIONS,3.0,0.0,0.0,0.0,3.0,3.0,0,ccd-lea-2018
2018,0800286,CO8104,DIVISION OF YOUTH SERVICES,0.0,0.0,0.0,0.0,0.0,0.0,0,ccd-lea-2018
2018,0803240,CO1980,De Beque Joint District No. 49 of the counties of Mesa and,15.0,0.0,1.0,7.0,6.0,28.0,184,ccd-lea-2018
2018,0803270,CO0170,Deer Trail School District No. 26J,18.0,1.0,1.0,7.0,8.0,34.0,210,ccd-lea-2018
2018,0803300,CO2730,Del Norte Consolidated School District No. C-7,36.0,0.0,2.0,16.0,17.0,72.0,412,ccd-lea-2018
2018,0803330,CO0870,Delta County Joint District No. 50,284.0,2.0,23.0,129.0,129.0,687.0,4998,ccd-lea-2018
2018,0803420,CO0890,Dolores County School District RE-2J,16.0,0.0,1.0,7.0,6.0,43.0,238,ccd-lea-2018
2018,0803390,CO2055,Dolores School District No. Re-4A,54.0,2.0,4.0,24.0,23.0,106.0,718,ccd-lea-2018
2018,0803450,CO0900,Douglas County School District No. Re 1,3617.0,41.0,242.0,1681.0,1651.0,7898.0,67591,ccd-lea-2018
2018,0803480,CO1520,Durango School District No. 9-R,392.0,10.0,29.0,182.0,170.0,832.0,5419,ccd-lea-2018
2018,0899080,CO9025,EAST CENTRAL BOCES,2.0,2.0,0.0,0.0,0.0,61.0,,ccd-lea-2018
2018,0800282,CO9170,EDUCATION REENVISIONED BOCES,71.0,0.0,1.0,19.0,51.0,119.0,2475,ccd-lea-2018
2018,0803720,CO0920,ELIZABETH SCHOOL DISTRICT,145.0,0.0,9.0,65.0,68.0,334.0,2404,ccd-lea-2018
2018,0803540,CO0910,Eagle County School District No. Re 50,473.0,16.0,37.0,220.0,200.0,944.0,6874,ccd-lea-2018
2018,0804320,CO1350,East Grand School District No. 2,98.0,1.0,7.0,48.0,40.0,192.0,1358,ccd-lea-2018
2018,0805130,CO2520,East Otero School District No. R1,90.0,0.0,9.0,48.0,31.0,189.0,1400,ccd-lea-2018
2018,0803630,CO1120,Edison Joint District No. 54 of the counties of El Paso and,14.0,0.0,1.0,6.0,6.0,33.0,232,ccd-lea-2018
2018,0803870,CO1110,El Paso County Colorado School District 49,1133.0,12.0,82.0,521.0,516.0,2390.0,22397,ccd-lea-2018
2018,0803690,CO0950,Elbert School District No. 200,21.0,1.0,1.0,8.0,10.0,42.0,244,ccd-lea-2018
2018,0803750,CO1050,Ellicott School District No. 22 in the county of El Paso a,71.0,4.0,4.0,29.0,32.0,146.0,1116,ccd-lea-2018
2018,0803780,CO0120,Englewood School District No. 1 in the county of Arapahoe,181.0,3.0,14.0,76.0,86.0,433.0,2633,ccd-lea-2018
2018,0803810,CO1570,Estes Park School District R-3,79.0,1.0,5.0,36.0,36.0,163.0,1129,ccd-lea-2018
2018,0800015,CO9160,FRONT RANGE BOCES,0.0,0.0,0.0,0.0,0.0,0.0,,ccd-lea-2018
2018,0804080,CO1000,Fountain School District No. 8 in the county of El Paso an,504.0,15.0,47.0,247.0,193.0,1015.0,8298,ccd-lea-2018
2018,0804110,CO2540,Fowler School District No. R4J,34.0,0.0,2.0,15.0,16.0,61.0,387,ccd-lea-2018
2018,0802790,CO1140,Fremont Re-1,227.0,2.0,20.0,108.0,95.0,521.0,3503,ccd-lea-2018
2018,0803960,CO1150,Fremont Re-2,94.0,1.0,8.0,47.0,37.0,205.0,1339,ccd-lea-2018
2018,0803120,CO1160,Fremont Re-3,19.0,0.0,1.0,8.0,10.0,41.0,221,ccd-lea-2018
2018,0800011,CO9135,GRAND VALLEY BOCES,0.0,0.0,0.0,0.0,0.0,7.0,,ccd-lea-2018
2018,0806240,CO1195,Garfield School District No. Re-2,283.0,4.0,20.0,135.0,123.0,702.0,4789,ccd-lea-2018
2018,0804740,CO1780,Genoa-Hugo School District No. C-113,17.0,0.0,1.0,8.0,7.0,33.0,214,ccd-lea-2018
2018,0804230,CO1330,Gilpin County School District No. Re-1,34.0,2.0,2.0,14.0,15.0,64.0,486,ccd-lea-2018
2018,0804290,CO2650,Granada School District No. Re-1,17.0,0.0,1.0,7.0,8.0,36.0,208,ccd-lea-2018
2018,0804380,CO1220,Grand Valley School District No. 16 in the county of Garfi,74.0,0.0,6.0,34.0,33.0,176.0,1253,ccd-lea-2018
2018,0804410,CO3120,GreeleySchool District No. 6 in the county of Weld and Sta,1241.0,15.0,93.0,614.0,518.0,2465.0,22612,ccd-lea-2018
2018,0804470,CO1360,Gunnison Watershed School District Re1J,140.0,1.0,10.0,65.0,63.0,265.0,2075,ccd-lea-2018
2018,0804500,CO1070,Hanover School District No. 28 in the county of El Paso an,18.0,0.0,1.0,8.0,7.0,53.0,248,ccd-lea-2018
2018,0804530,CO0980,Harrison School District No. 2 in the county of El Paso an,760.0,0.0,71.0,389.0,299.0,1641.0,11735,ccd-lea-2018
2018,0804560,CO2630,Haxtun School District No. Re-2J,24.0,0.0,1.0,12.0,10.0,47.0,357,ccd-lea-2018
2018,0804590,CO2760,Hayden School District No. Re 1,25.0,1.0,2.0,10.0,10.0,50.0,435,ccd-lea-2018
2018,0806510,CO1460,Hi-Plains R-23,14.0,1.0,1.0,6.0,6.0,28.0,133,ccd-lea-2018
2018,0804620,CO1380,Hinsdale County School District No. Re-1,10.0,0.0,0.0,4.0,4.0,20.0,80,ccd-lea-2018
2018,0804650,CO1600,Hoehne Reorganized School District No. 3,19.0,0.0,2.0,8.0,8.0,40.0,371,ccd-lea-2018
2018,0804680,CO2670,Holly School District No. Re-3,24.0,1.0,1.0,9.0,12.0,46.0,308,ccd-lea-2018
2018,0804710,CO2620,Holyoke School District No. Re-1J,44.0,0.0,2.0,21.0,20.0,78.0,577,ccd-lea-2018
2018,0807080,CO1390,Huerfano School District Re-1,24.0,1.0,2.0,10.0,10.0,55.0,524,ccd-lea-2018
2018,0800018,CO3220,Idalia RJ-3 School District,17.0,0.0,1.0,7.0,8.0,35.0,204,ccd-lea-2018
2018,0804770,CO1540,Ignacio School District No. 11Jt,67.0,0.0,5.0,28.0,33.0,143.0,730,ccd-lea-2018
2018,0804800,CO1420,Jefferson County School District No. R-1,4684.0,50.0,294.0,2176.0,2162.0,10622.0,84646,ccd-lea-2018
2018,0804860,CO2862,Julesburg School District No. Re1,32.0,0.0,1.0,8.0,22.0,57.0,548,ccd-lea-2018
2018,0804890,CO1810,Karval School District No. Re 23,5.0,0.0,0.0,3.0,2.0,16.0,45,ccd-lea-2018
2018,0804980,CO1760,Kim Reorganized School District No. 88,7.0,0.0,0.0,3.0,3.0,16.0,46,ccd-lea-2018
2018,0803510,CO1430,Kiowa County School District No. Re-1,17.0,0.0,1.0,7.0,8.0,34.0,208,ccd-lea-2018
2018,0806930,CO1440,Kiowa County School District No. Re-2,7.0,1.0,0.0,2.0,3.0,13.0,54,ccd-lea-2018
2018,0805040,CO0510,Kit Carson School District No. R-1,16.0,0.0,1.0,7.0,6.0,25.0,108,ccd-lea-2018
2018,0805160,CO1400,La Veta School District Re-2,23.0,1.0,1.0,9.0,11.0,41.0,215,ccd-lea-2018
2018,0805190,CO1510,Lake County School District No. R-1,60.0,0.0,4.0,26.0,28.0,160.0,1081,ccd-lea-2018
2018,0805220,CO2660,Lamar School District No. Re-2,105.0,3.0,8.0,52.0,40.0,199.0,1590,ccd-lea-2018
2018,0805250,CO0290,Las Animas School District No. Re-1,38.0,1.0,3.0,13.0,20.0,183.0,2309,ccd-lea-2018
2018,0805820,CO1080,Lewis-Palmer Consolidated School District No. 38 in the co,368.0,2.0,26.0,168.0,171.0,761.0,6895,ccd-lea-2018
2018,0800019,CO3230,Liberty J-4 School District,10.0,0.0,0.0,4.0,5.0,16.0,65,ccd-lea-2018
2018,0805280,CO1790,Limon School District No. Re 4J,31.0,0.0,2.0,15.0,12.0,67.0,469,ccd-lea-2018
2018,0805310,CO0140,Littleton School District No. 6 in the county of Arapahoe,846.0,5.0,61.0,380.0,397.0,1884.0,15436,ccd-lea-2018
2018,0805340,CO3060,Lone Star School District No. 101,12.0,0.0,1.0,5.0,6.0,22.0,121,ccd-lea-2018
2018,0899160,CO9030,MOUNTAIN BOCES,0.0,0.0,0.0,0.0,0.0,7.0,,ccd-lea-2018
2018,0800012,CO9140,MT EVANS BOCES,0.0,0.0,0.0,0.0,0.0,11.0,,ccd-lea-2018
2018,0805460,CO2070,Mancos School District Re-6,35.0,0.0,3.0,18.0,13.0,69.0,497,ccd-lea-2018
2018,0805490,CO1030,Manitou Springs School District No. 14 in the county of El,97.0,0.0,6.0,44.0,46.0,215.0,1494,ccd-lea-2018
2018,0805520,CO2535,Manzanola Joint District No. 3J of the counties of Otero a,14.0,0.0,1.0,6.0,7.0,37.0,141,ccd-lea-2018
2018,0805550,CO0010,Mapleton School District No. 1 in the county of Adams & St,451.0,16.0,33.0,180.0,221.0,927.0,8934,ccd-lea-2018
2018,0805580,CO0310,McClave School District No. Re-2,21.0,0.0,1.0,9.0,10.0,41.0,260,ccd-lea-2018
2018,0805610,CO2710,Meeker School District Re1,47.0,1.0,4.0,22.0,19.0,96.0,758,ccd-lea-2018
2018,0804350,CO2000,Mesa County Valley School District No. 51,1297.0,74.0,86.0,587.0,549.0,2718.0,22082,ccd-lea-2018
2018,0805670,CO1130,Miami-Yoder Joint District No. 60 of the counties of El Pas,21.0,0.0,1.0,8.0,12.0,62.0,305,ccd-lea-2018
2018,0805730,CO2020,Moffat County School District RE: No. 1,126.0,1.0,11.0,61.0,53.0,293.0,2307,ccd-lea-2018
2018,0805700,CO2800,Moffat School District No. 2 in the county of Saguache and,20.0,0.0,1.0,10.0,9.0,50.0,223,ccd-lea-2018
2018,0805760,CO2740,Monte Vista School District No. C-8,79.0,1.0,7.0,36.0,33.0,163.0,1157,ccd-lea-2018
2018,0803090,CO2035,Montezuma-Cortez School District No. Re-1,172.0,0.0,10.0,85.0,75.0,398.0,2778,ccd-lea-2018
2018,0805790,CO2180,Montrose County School District Re-1J,346.0,7.0,26.0,160.0,152.0,728.0,6154,ccd-lea-2018
2018,0806300,CO2790,Mountain Valley School District No. Re 1,14.0,0.0,1.0,6.0,7.0,32.0,137,ccd-lea-2018
2018,0899180,CO9040,NORTHEAST BOCES,2.0,1.0,0.0,0.0,0.0,43.0,,ccd-lea-2018
2018,0899220,CO9095,NORTHWEST COLO BOCES,0.0,0.0,0.0,0.0,0.0,28.0,,ccd-lea-2018
2018,0805100,CO0550,North Conejos School District No. Re1J,72.0,0.0,3.0,33.0,34.0,127.0,1025,ccd-lea-2018
2018,0807050,CO1410,North Park School District R-1,15.0,0.0,1.0,7.0,5.0,28.0,184,ccd-lea-2018
2018,0805880,CO2840,Norwood School District No. R-2J,19.0,0.0,1.0,7.0,10.0,41.0,203,ccd-lea-2018
2018,0805940,CO3050,Otis School District No. R-3,18.0,0.0,1.0,8.0,8.0,39.0,227,ccd-lea-2018
2018,0805970,CO2580,Ouray School District No. R-1 of  the county of Ouray and,25.0,2.0,1.0,8.0,12.0,42.0,180,ccd-lea-2018
2018,0899240,CO9045,PIKES PEAK BOCES,15.0,0.0,0.0,6.0,8.0,107.0,,ccd-lea-2018
2018,0803840,CO2610,Park County School District No. Re-2,48.0,1.0,4.0,27.0,15.0,108.0,693,ccd-lea-2018
2018,0806060,CO1060,Peyton School District No. 23 in the county of El Paso and,43.0,1.0,2.0,14.0,25.0,93.0,593,ccd-lea-2018
2018,0803030,CO1990,Plateau Valley School District No. 50 in the county of Mesa,31.0,1.0,2.0,10.0,17.0,59.0,442,ccd-lea-2018
2018,0802370,CO2600,Platte Canyon School District No. 1 of  the county of Park,59.0,0.0,4.0,29.0,25.0,133.0,917,ccd-lea-2018
2018,0803990,CO1550,Poudre School District R-1,1777.0,34.0,130.0,830.0,782.0,3690.0,30463,ccd-lea-2018
2018,0807260,CO1590,Primero Reorganized School District No. 2,19.0,0.0,1.0,6.0,10.0,45.0,186,ccd-lea-2018
2018,0806090,CO0240,Pritchett School District No. Re-3,7.0,0.0,0.0,3.0,3.0,15.0,57,ccd-lea-2018
2018,0806150,CO2700,Pueblo County School District 70,514.0,4.0,38.0,246.0,224.0,980.0,10033,ccd-lea-2018
2018,0806120,CO2690,Pueblo School District No. 60 in the county of Pueblo and,934.0,18.0,82.0,470.0,363.0,2052.0,16416,ccd-lea-2018
2018,0899280,CO9125,RIO BLANCO BOCES,0.0,0.0,0.0,0.0,0.0,12.0,,ccd-lea-2018
2018,0806180,CO2720,Rangely School District RE4,37.0,0.0,2.0,19.0,15.0,75.0,509,ccd-lea-2018
2018,0806000,CO2865,Revere School District,15.0,0.0,1.0,7.0,7.0,29.0,136,ccd-lea-2018
2018,0806210,CO2590,Ridgway School District No. R-2  of  the county of Ouray a,28.0,0.0,1.0,12.0,13.0,64.0,360,ccd-lea-2018
2018,0804260,CO1180,Roaring Fork School District No. Re-1,385.0,2.0,29.0,184.0,168.0,728.0,5687,ccd-lea-2018
2018,0806270,CO2530,Rocky Ford School District No. R2,53.0,0.0,4.0,24.0,24.0,122.0,764,ccd-lea-2018
2018,0899300,CO9050,SAN JUAN BOCES,7.0,3.0,0.0,0.0,3.0,60.0,50,ccd-lea-2018
2018,0899320,CO9055,SAN LUIS VALLEY BOCES,0.0,0.0,0.0,0.0,0.0,23.0,,ccd-lea-2018
2018,0800014,CO9150,SANTA FE TRAIL BOCES,0.0,0.0,0.0,0.0,0.0,11.0,,ccd-lea-2018
2018,0899340,CO9060,SOUTH CENTRAL BOCES,3.0,2.0,0.0,0.0,0.0,38.0,,ccd-lea-2018
2018,0899400,CO9075,SOUTHEASTERN BOCES,1.0,1.0,0.0,0.0,0.0,30.0,,ccd-lea-2018
2018,0806330,CO0500,Salida School District No. R-32,94.0,4.0,6.0,36.0,47.0,198.0,1265,ccd-lea-2018
2018,0806390,CO0560,Sanford School District No. 6 in the county of Conejos and,24.0,0.0,2.0,10.0,12.0,53.0,357,ccd-lea-2018
2018,0806420,CO0110,Sangre de Cristo School District No. Re-22J,27.0,1.0,2.0,10.0,13.0,49.0,310,ccd-lea-2018
2018,0806450,CO2750,Sargent School District No. Re-33J,29.0,0.0,2.0,13.0,13.0,60.0,347,ccd-lea-2018
2018,0802580,CO0040,School District 27J,847.0,31.0,67.0,406.0,342.0,1566.0,18741,ccd-lea-2018
2018,0801950,CO0030,School District N. 14 in the county of Adams & State of Colo,371.0,22.0,27.0,177.0,144.0,847.0,7060,ccd-lea-2018
2018,0803360,CO0880,School District No. 1 in the county of Denver and State of C,6155.0,380.0,438.0,2753.0,2582.0,14612.0,92039,ccd-lea-2018
2018,0806480,CO0990,School District No. 3 in the county of El Paso and State of,567.0,19.0,45.0,263.0,238.0,1161.0,9592,ccd-lea-2018
2018,0805010,CO0930,School District No. C-2 in the county of Elbert and State of,25.0,1.0,1.0,9.0,13.0,46.0,259,ccd-lea-2018
2018,0806780,CO1480,School District No. R-4 in the county of Kit Carson and Stat,18.0,0.0,1.0,8.0,7.0,41.0,243,ccd-lea-2018
2018,0806690,CO1828,School District No. Re-1 Valley,137.0,0.0,10.0,65.0,60.0,335.0,2301,ccd-lea-2018
2018,0802550,CO3146,School District No. Re-10 in the county of Weld and State o,18.0,0.0,1.0,8.0,9.0,31.0,181,ccd-lea-2018
2018,0806720,CO3147,School District No. Re-11 in the county of Weld and State of,17.0,0.0,1.0,7.0,8.0,30.0,202,ccd-lea-2018
2018,0804440,CO3148,School District No. Re-12 in the county of Weld and State of,13.0,1.0,0.0,5.0,6.0,22.0,80,ccd-lea-2018
2018,0802610,CO2395,School District No. Re-2 Brush,98.0,0.0,8.0,46.0,43.0,199.0,1478,ccd-lea-2018
2018,0807140,CO2505,School District No. Re-20 Weldon Valley,17.0,0.0,1.0,7.0,8.0,33.0,211,ccd-lea-2018
2018,0804050,CO2405,School District No. Re-3 Fort Morgan,199.0,8.0,16.0,95.0,80.0,483.0,3375,ccd-lea-2018
2018,0803930,CO1850,School District No. Re-3 Frenchman,19.0,0.0,1.0,8.0,9.0,35.0,202,ccd-lea-2018
2018,0805640,CO1860,School District No. Re-4 Buffalo,20.0,0.0,1.0,8.0,10.0,43.0,303,ccd-lea-2018
2018,0806030,CO1870,School District No. Re-5 Plateau,16.0,0.0,1.0,7.0,8.0,36.0,170,ccd-lea-2018
2018,0807290,CO2515,School District No. Re-50 Wiggins,38.0,0.0,3.0,17.0,16.0,80.0,670,ccd-lea-2018
2018,0806540,CO0123,Sheridan School District No. 2,86.0,11.0,5.0,30.0,39.0,211.0,1420,ccd-lea-2018
2018,0804140,CO0740,Sierra Grande School District No. R-30,23.0,2.0,1.0,9.0,10.0,54.0,293,ccd-lea-2018
2018,0806570,CO2820,Silverton School District No. 1 in the county of San Juan,11.0,0.0,0.0,4.0,6.0,19.0,69,ccd-lea-2018
2018,0802130,CO0580,South Conejos School District No. Re10,15.0,0.0,1.0,6.0,7.0,38.0,167,ccd-lea-2018
2018,0805910,CO2780,South Routt School District No. Re 3,31.0,2.0,1.0,13.0,14.0,69.0,346,ccd-lea-2018
2018,0806630,CO0250,Springfield School District No. Re-4,28.0,1.0,2.0,12.0,11.0,56.0,315,ccd-lea-2018
2018,0805370,CO0470,St. Vrain Valley School District No. Re1J,1818.0,56.0,118.0,904.0,738.0,3706.0,32639,ccd-lea-2018
2018,0800020,CO8001,State Charter School Institute,997.0,10.0,84.0,469.0,433.0,1894.0,18268,ccd-lea-2018
2018,0806660,CO2770,Steamboat Springs School District No. Re 2,177.0,1.0,12.0,83.0,79.0,334.0,2674,ccd-lea-2018
2018,0806750,CO0060,Strasburg School District 31J,65.0,1.0,5.0,27.0,31.0,125.0,1065,ccd-lea-2018
2018,0806810,CO3000,Summit School District No. Re 1,255.0,10.0,18.0,129.0,96.0,475.0,3577,ccd-lea-2018
2018,0806840,CO2570,Swink School District No. 33 in the county of Otero and St,27.0,0.0,2.0,11.0,13.0,53.0,344,ccd-lea-2018
2018,0806870,CO2830,Telluride School District No. R-1,76.0,1.0,5.0,36.0,32.0,138.0,911,ccd-lea-2018
2018,0805400,CO1560,Thompson School District R-2J,910.0,26.0,58.0,380.0,445.0,2045.0,16181,ccd-lea-2018
2018,0806960,CO1580,Trinidad School District 1 in the county of Las Animas and,48.0,0.0,3.0,24.0,21.0,106.0,937,ccd-lea-2018
2018,0800013,CO9145,UNCOMPAHGRE BOCES,0.0,0.0,0.0,0.0,0.0,12.0,,ccd-lea-2018
2018,0800022,CO9165,UTE PASS BOCES,1.0,0.0,0.0,0.0,1.0,12.0,,ccd-lea-2018
2018,0806990,CO0260,Vilas School District Re-5,6.0,0.0,0.0,3.0,3.0,15.0,44,ccd-lea-2018
2018,0807110,CO0230,Walsh School District No. Re-1,18.0,0.0,1.0,8.0,7.0,36.0,176,ccd-lea-2018
2018,0804200,CO3080,Weld County Reorganized School District No. Re-1,147.0,5.0,13.0,66.0,62.0,284.0,1948,ccd-lea-2018
2018,0807350,CO3100,Weld County Reorganized School District No. Re-4,374.0,7.0,25.0,187.0,153.0,734.0,6785,ccd-lea-2018
2018,0804020,CO3140,Weld County Reorganized School District No. Re-8,149.0,8.0,11.0,66.0,63.0,315.0,2509,ccd-lea-2018
2018,0803600,CO3085,Weld County School District No. Re-2,116.0,0.0,9.0,54.0,52.0,211.0,1915,ccd-lea-2018
2018,0804830,CO3110,Weld County School District No. Re-5J,201.0,1.0,11.0,109.0,79.0,350.0,3986,ccd-lea-2018
2018,0804950,CO3130,Weld County School District No. Re-7,81.0,0.0,5.0,35.0,40.0,153.0,1092,ccd-lea-2018
2018,0802310,CO3145,Weld County School District No. Re-9,63.0,0.0,4.0,27.0,32.0,125.0,935,ccd-lea-2018
2018,0804920,CO3090,Weld County School District RE-3J,157.0,6.0,14.0,76.0,61.0,309.0,2551,ccd-lea-2018
2018,0805850,CO2190,West End School District No. Re-2,24.0,1.0,1.0,10.0,10.0,68.0,285,ccd-lea-2018
2018,0805070,CO1340,West Grand School District No. 1,40.0,0.0,2.0,17.0,20.0,74.0,408,ccd-lea-2018
2018,0807230,CO0070,Westminster Public Schools,514.0,21.0,44.0,253.0,195.0,1077.0,9277,ccd-lea-2018
2018,0807320,CO2680,Wiley School District No. Re-13 Jt,21.0,0.0,1.0,8.0,11.0,42.0,237,ccd-lea-2018
2018,0807380,CO3020,Woodland Park School District No. Re-2,147.0,3.0,12.0,63.0,68.0,312.0,2380,ccd-lea-2018
2018,0807410,CO3070,Woodlin School District No. R-104,11.0,0.0,0.0,5.0,4.0,27.0,108,ccd-lea-2018
2018,0800017,CO3210,Wray RD-2 School District,52.0,0.0,4.0,24.0,23.0,110.0,731,ccd-lea-2018
2018,0800016,CO3200,Yuma 1 School District,64.0,1.0,5.0,28.0,30.0,135.0,865,ccd-lea-2018
2019,0801920,CO1040,Academy School District No. 20 in the county of El Paso an,1606.0,17.0,114.0,716.0,757.0,3313.0,26603,ccd-lea-2019
2019,0806900,CO0020,Adams 12 Five Star Schools,2075.0,18.0,117.0,1003.0,937.0,4534.0,38707,ccd-lea-2019
2019,0800009,CO9120,Adams County BOCES,0.0,0.0,0.0,0.0,0.0,3.0,,ccd-lea-2019
2019,0801980,CO0960,Agate School District No. 300,7.0,0.0,1.0,3.0,2.0,12.0,44,ccd-lea-2019
2019,0802010,CO1620,Aguilar Reorganized School District No. 6,9.0,0.0,1.0,4.0,3.0,24.0,121,ccd-lea-2019
2019,0802040,CO3030,Akron School District No. R-1,35.0,0.0,3.0,17.0,14.0,70.0,371,ccd-lea-2019
2019,0802070,CO0100,Alamosa School District No. Re-11J,133.0,1.0,13.0,66.0,52.0,288.0,2298,ccd-lea-2019
2019,0802190,CO0220,Archuleta County School District No. 50 Jt,105.0,0.0,9.0,51.0,44.0,214.0,1742,ccd-lea-2019
2019,0802220,CO3040,Arickaree School District No. R-2,14.0,1.0,1.0,5.0,6.0,22.0,114,ccd-lea-2019
2019,0802260,CO1450,Arriba-Flagler Consolidated School District No. 20,16.0,1.0,1.0,8.0,5.0,34.0,152,ccd-lea-2019
2019,0802280,CO2640,Aspen School District No. 1 in the county of Pitkin and Sta,131.0,0.0,7.0,54.0,68.0,282.0,1653,ccd-lea-2019
2019,0802340,CO0180,Aurora Joint District No. 28 of the counties of Adams and A,2260.0,22.0,166.0,1112.0,959.0,5363.0,40088,ccd-lea-2019
2019,0802400,CO1530,Bayfield School District No. 10Jt-R,101.0,0.0,6.0,47.0,47.0,189.0,1363,ccd-lea-2019
2019,0802430,CO0050,Bennett School District No. 29J,62.0,1.0,4.0,26.0,30.0,127.0,1117,ccd-lea-2019
2019,0802460,CO1490,Bethune School District No. R- 5,13.0,0.0,1.0,5.0,6.0,25.0,118,ccd-lea-2019
2019,0806600,CO0940,Big Sandy School District No. 100J,28.0,0.0,2.0,12.0,13.0,51.0,335,ccd-lea-2019
2019,0802490,CO0480,Boulder Valley School District No. Re2,1755.0,36.0,111.0,801.0,805.0,3712.0,31000,ccd-lea-2019
2019,0802520,CO1750,Branson Reorganized School District No. 82,32.0,0.0,1.0,10.0,20.0,51.0,431,ccd-lea-2019
2019,0802640,CO0490,Buena Vista School District No. R-31,73.0,1.0,4.0,28.0,39.0,171.0,1077,ccd-lea-2019
2019,0802670,CO1500,Burlington Public School District No. RE-6J,48.0,0.0,3.0,22.0,21.0,93.0,778,ccd-lea-2019
2019,0802700,CO0190,Byers School District No. 32J,67.0,0.0,2.0,23.0,41.0,119.0,2344,ccd-lea-2019
2019,0800287,CO8102,CMHI Pueblo,0.0,0.0,0.0,0.0,0.0,0.0,,ccd-lea-2019
2019,0802730,CO0970,Calhan District No. RJ1,32.0,1.0,2.0,12.0,16.0,67.0,471,ccd-lea-2019
2019,0802760,CO0270,Campo School District No. Re-6,8.0,0.0,0.0,3.0,3.0,18.0,42,ccd-lea-2019
2019,0899200,CO9035,Centennial BOCES,17.0,2.0,0.0,1.0,13.0,104.0,139,ccd-lea-2019
2019,0806360,CO0640,Centennial School District No. R-1,11.0,0.0,1.0,5.0,5.0,29.0,219,ccd-lea-2019
2019,0802850,CO2810,Center Consolidated School District No. 26 Jt. of the count,43.0,1.0,2.0,18.0,20.0,113.0,606,ccd-lea-2019
2019,0802880,CO2560,Cheraw School District No. 31 in the county of Otero and S,20.0,0.0,1.0,9.0,9.0,33.0,224,ccd-lea-2019
2019,0802910,CO0130,Cherry Creek School District No. 5 in the county of Arapah,3234.0,24.0,251.0,1530.0,1428.0,7141.0,56228,ccd-lea-2019
2019,0800001,CO0520,Cheyenne County School District No. Re-5,16.0,0.0,1.0,8.0,7.0,37.0,197,ccd-lea-2019
2019,0802940,CO1020,Cheyenne Mountain School District No. 12 in the county of E,361.0,6.0,28.0,156.0,169.0,658.0,5309,ccd-lea-2019
2019,0803000,CO0540,Clear Creek School District No. Re-1,59.0,0.0,6.0,30.0,22.0,146.0,717,ccd-lea-2019
2019,0800292,CO9175,Colorado River BOCES,11.0,0.0,0.0,1.0,10.0,35.0,168,ccd-lea-2019
2019,0800023,CO9000,Colorado School for the Deaf and Blind,32.0,2.0,1.0,11.0,17.0,77.0,189,ccd-lea-2019
2019,0803060,CO1010,Colorado Springs School District No. 11 in the county of E,1572.0,35.0,131.0,790.0,614.0,3576.0,26040,ccd-lea-2019
2019,0803150,CO2010,Creede School District,13.0,0.0,1.0,6.0,5.0,26.0,81,ccd-lea-2019
2019,0803180,CO3010,Cripple Creek-Victor School District No. Re-1,27.0,0.0,2.0,11.0,13.0,92.0,367,ccd-lea-2019
2019,0803210,CO0770,Crowley County School District No. Re-1-J,23.0,0.0,1.0,9.0,12.0,59.0,425,ccd-lea-2019
2019,0807200,CO0860,Custer County School District Consolidate 1,28.0,1.0,2.0,12.0,12.0,64.0,395,ccd-lea-2019
2019,0800004,CO9130,DENVER 1,21.0,0.0,1.0,9.0,10.0,34.0,368,ccd-lea-2019
2019,0803240,CO1980,De Beque Joint District No. 49 of the counties of Mesa and,14.0,0.0,1.0,6.0,6.0,28.0,164,ccd-lea-2019
2019,0803270,CO0170,Deer Trail School District No. 26J,18.0,1.0,1.0,7.0,8.0,38.0,253,ccd-lea-2019
2019,0803330,CO0870,Delta County Joint District No. 50,274.0,1.0,18.0,128.0,125.0,715.0,5032,ccd-lea-2019
2019,0800285,CO8103,Department of Corrections,0.0,0.0,0.0,0.0,0.0,0.0,0,ccd-lea-2019
2019,0800286,CO8104,Division of Youth Services,28.0,0.0,0.0,0.0,28.0,41.0,0,ccd-lea-2019
2019,0803420,CO0890,Dolores County School District RE-2J,19.0,0.0,1.0,8.0,9.0,46.0,232,ccd-lea-2019
2019,0803390,CO2055,Dolores School District No. Re-4A,52.0,2.0,3.0,22.0,23.0,102.0,692,ccd-lea-2019
2019,0803450,CO0900,Douglas County School District No. Re 1,3680.0,41.0,273.0,1694.0,1670.0,8232.0,67305,ccd-lea-2019
2019,0803480,CO1520,Durango School District No. 9-R,392.0,14.0,31.0,170.0,176.0,830.0,5545,ccd-lea-2019
2019,0800282,CO9170,EDUCATION REENVISIONED BOCES,88.0,0.0,1.0,23.0,63.0,149.0,2836,ccd-lea-2019
2019,0803720,CO0920,ELIZABETH SCHOOL DISTRICT,149.0,0.0,10.0,67.0,71.0,341.0,2373,ccd-lea-2019
2019,0803540,CO0910,Eagle County School District No. Re 50,487.0,14.0,40.0,225.0,206.0,965.0,6812,ccd-lea-2019
2019,0899080,CO9025,East Central BOCES,3.0,3.0,0.0,0.0,0.0,51.0,,ccd-lea-2019
2019,0804320,CO1350,East Grand School District No. 2,101.0,1.0,7.0,47.0,44.0,202.0,1354,ccd-lea-2019
2019,0805130,CO2520,East Otero School District No. R1,92.0,0.0,11.0,45.0,35.0,199.0,1422,ccd-lea-2019
2019,0803630,CO1120,Edison Joint District No. 54 of the counties of El Paso and,15.0,0.0,0.0,8.0,6.0,34.0,243,ccd-lea-2019
2019,0803870,CO1110,El Paso County Colorado School District 49,1188.0,16.0,84.0,525.0,562.0,2548.0,23890,ccd-lea-2019
2019,0803690,CO0950,Elbert School District No. 200,21.0,1.0,1.0,8.0,10.0,46.0,254,ccd-lea-2019
2019,0803750,CO1050,Ellicott School District No. 22 in the county of El Paso a,70.0,4.0,5.0,28.0,32.0,149.0,1142,ccd-lea-2019
2019,0803780,CO0120,Englewood School District No. 1 in the county of Arapahoe,182.0,2.0,14.0,78.0,87.0,428.0,2634,ccd-lea-2019
2019,0803810,CO1570,Estes Park School District R-3,76.0,1.0,5.0,34.0,36.0,166.0,1151,ccd-lea-2019
2019,0804080,CO1000,Fountain School District No. 8 in the county of El Paso an,506.0,17.0,44.0,244.0,200.0,1049.0,8529,ccd-lea-2019
2019,0804110,CO2540,Fowler School District No. R4J,35.0,0.0,2.0,15.0,17.0,61.0,359,ccd-lea-2019
2019,0802790,CO1140,Fremont Re-1,234.0,4.0,20.0,110.0,99.0,528.0,3482,ccd-lea-2019
2019,0803960,CO1150,Fremont Re-2,92.0,0.0,6.0,48.0,36.0,198.0,1398,ccd-lea-2019
2019,0803120,CO1160,Fremont Re-3,18.0,0.0,1.0,7.0,9.0,42.0,229,ccd-lea-2019
2019,0800015,CO9160,Front Range BOCES,0.0,0.0,0.0,0.0,0.0,0.0,,ccd-lea-2019
2019,0806240,CO1195,Garfield School District No. Re-2,286.0,6.0,17.0,138.0,123.0,684.0,4802,ccd-lea-2019
2019,0804740,CO1780,Genoa-Hugo School District No. C-113,16.0,0.0,1.0,7.0,7.0,35.0,220,ccd-lea-2019
2019,0804230,CO1330,Gilpin County School District No. Re-1,37.0,3.0,2.0,16.0,14.0,63.0,498,ccd-lea-2019
2019,0804290,CO2650,Granada School District No. Re-1,16.0,0.0,1.0,7.0,7.0,35.0,197,ccd-lea-2019
2019,0800011,CO9135,Grand Valley BOCES,0.0,0.0,0.0,0.0,0.0,6.0,,ccd-lea-2019
2019,0804380,CO1220,Grand Valley School District No. 16 in the county of Garfi,74.0,0.0,6.0,35.0,33.0,182.0,1341,ccd-lea-2019
2019,0804410,CO3120,GreeleySchool District No. 6 in the county of Weld and Sta,1236.0,14.0,102.0,599.0,520.0,2502.0,22544,ccd-lea-2019
2019,0804470,CO1360,Gunnison Watershed School District Re1J,143.0,0.0,10.0,64.0,68.0,279.0,2111,ccd-lea-2019
2019,0804500,CO1070,Hanover School District No. 28 in the county of El Paso an,19.0,0.0,1.0,8.0,9.0,53.0,258,ccd-lea-2019
2019,0804530,CO0980,Harrison School District No. 2 in the county of El Paso an,760.0,0.0,68.0,392.0,299.0,1677.0,11543,ccd-lea-2019
2019,0804560,CO2630,Haxtun School District No. Re-2J,26.0,0.0,2.0,12.0,11.0,50.0,345,ccd-lea-2019
2019,0804590,CO2760,Hayden School District No. Re 1,25.0,2.0,2.0,9.0,11.0,31.0,420,ccd-lea-2019
2019,0806510,CO1460,Hi-Plains R-23,15.0,1.0,1.0,6.0,6.0,32.0,130,ccd-lea-2019
2019,0804620,CO1380,Hinsdale County School District No. Re-1,11.0,0.0,0.0,4.0,5.0,21.0,87,ccd-lea-2019
2019,0804650,CO1600,Hoehne Reorganized School District No. 3,19.0,0.0,1.0,9.0,8.0,38.0,365,ccd-lea-2019
2019,0804680,CO2670,Holly School District No. Re-3,22.0,1.0,1.0,9.0,10.0,43.0,304,ccd-lea-2019
2019,0804710,CO2620,Holyoke School District No. Re-1J,40.0,0.0,2.0,17.0,19.0,77.0,587,ccd-lea-2019
2019,0807080,CO1390,Huerfano School District Re-1,23.0,1.0,2.0,10.0,9.0,53.0,541,ccd-lea-2019
2019,0800018,CO3220,Idalia RJ-3 School District,17.0,0.0,1.0,7.0,8.0,35.0,200,ccd-lea-2019
2019,0804770,CO1540,Ignacio School District No. 11Jt,62.0,0.0,4.0,26.0,31.0,136.0,725,ccd-lea-2019
2019,0804800,CO1420,Jefferson County School District No. R-1,4726.0,92.0,346.0,2145.0,2142.0,10669.0,84078,ccd-lea-2019
2019,0804860,CO2862,Julesburg School District No. Re1,39.0,0.0,1.0,8.0,29.0,63.0,829,ccd-lea-2019
2019,0804890,CO1810,Karval School District No. Re 23,6.0,1.0,0.0,3.0,1.0,15.0,55,ccd-lea-2019
2019,0804980,CO1760,Kim Reorganized School District No. 88,8.0,0.0,0.0,2.0,4.0,16.0,48,ccd-lea-2019
2019,0803510,CO1430,Kiowa County School District No. Re-1,17.0,0.0,1.0,7.0,8.0,34.0,203,ccd-lea-2019
2019,0806930,CO1440,Kiowa County School District No. Re-2,7.0,0.0,0.0,3.0,3.0,16.0,57,ccd-lea-2019
2019,0805040,CO0510,Kit Carson School District No. R-1,16.0,0.0,1.0,7.0,6.0,25.0,109,ccd-lea-2019
2019,0805160,CO1400,La Veta School District Re-2,22.0,1.0,1.0,8.0,11.0,41.0,212,ccd-lea-2019
2019,0805190,CO1510,Lake County School District No. R-1,61.0,0.0,3.0,26.0,30.0,167.0,1102,ccd-lea-2019
2019,0805220,CO2660,Lamar School District No. Re-2,105.0,3.0,8.0,52.0,40.0,203.0,1588,ccd-lea-2019
2019,0805250,CO0290,Las Animas School District No. Re-1,39.0,0.0,3.0,13.0,22.0,203.0,2406,ccd-lea-2019
2019,0805820,CO1080,Lewis-Palmer Consolidated School District No. 38 in the co,383.0,2.0,28.0,172.0,179.0,785.0,6756,ccd-lea-2019
2019,0800019,CO3230,Liberty J-4 School District,10.0,0.0,0.0,4.0,5.0,17.0,68,ccd-lea-2019
2019,0805280,CO1790,Limon School District No. Re 4J,32.0,0.0,2.0,16.0,13.0,73.0,450,ccd-lea-2019
2019,0805310,CO0140,Littleton School District No. 6 in the county of Arapahoe,838.0,4.0,62.0,376.0,395.0,1865.0,14988,ccd-lea-2019
2019,0805340,CO3060,Lone Star School District No. 101,13.0,0.0,1.0,6.0,6.0,23.0,130,ccd-lea-2019
2019,0805460,CO2070,Mancos School District Re-6,34.0,0.0,3.0,17.0,13.0,74.0,507,ccd-lea-2019
2019,0805490,CO1030,Manitou Springs School District No. 14 in the county of El,103.0,1.0,6.0,46.0,49.0,217.0,1441,ccd-lea-2019
2019,0805520,CO2535,Manzanola Joint District No. 3J of the counties of Otero a,15.0,0.0,1.0,6.0,7.0,33.0,169,ccd-lea-2019
2019,0805550,CO0010,Mapleton School District No. 1 in the county of Adams & St,437.0,20.0,28.0,180.0,208.0,923.0,9149,ccd-lea-2019
2019,0805580,CO0310,McClave School District No. Re-2,20.0,1.0,1.0,8.0,9.0,42.0,229,ccd-lea-2019
2019,0805610,CO2710,Meeker School District Re1,48.0,2.0,4.0,21.0,19.0,95.0,760,ccd-lea-2019
2019,0804350,CO2000,Mesa County Valley School District No. 51,1313.0,73.0,89.0,600.0,549.0,2826.0,22046,ccd-lea-2019
2019,0805670,CO1130,Miami-Yoder Joint District No. 60 of the counties of El Pas,21.0,0.0,1.0,8.0,11.0,60.0,288,ccd-lea-2019
2019,0805730,CO2020,Moffat County School District RE: No. 1,126.0,1.0,13.0,57.0,54.0,303.0,2202,ccd-lea-2019
2019,0805700,CO2800,Moffat School District No. 2 in the county of Saguache and,25.0,1.0,1.0,11.0,10.0,61.0,227,ccd-lea-2019
2019,0805760,CO2740,Monte Vista School District No. C-8,76.0,2.0,6.0,35.0,31.0,163.0,1168,ccd-lea-2019
2019,0803090,CO2035,Montezuma-Cortez School District No. Re-1,178.0,0.0,13.0,86.0,78.0,407.0,2779,ccd-lea-2019
2019,0805790,CO2180,Montrose County School District Re-1J,348.0,7.0,26.0,162.0,151.0,731.0,6215,ccd-lea-2019
2019,0899160,CO9030,Mountain BOCES,0.0,0.0,0.0,0.0,0.0,7.0,,ccd-lea-2019
2019,0806300,CO2790,Mountain Valley School District No. Re 1,14.0,0.0,1.0,5.0,6.0,34.0,170,ccd-lea-2019
2019,0800012,CO9140,Mt Evans BOCES,0.0,0.0,0.0,0.0,0.0,13.0,,ccd-lea-2019
2019,0805100,CO0550,North Conejos School District No. Re1J,73.0,0.0,3.0,33.0,36.0,125.0,1067,ccd-lea-2019
2019,0807050,CO1410,North Park School District R-1,17.0,1.0,1.0,8.0,7.0,32.0,179,ccd-lea-2019
2019,0899180,CO9040,Northeast BOCES,2.0,1.0,0.0,0.0,0.0,44.0,,ccd-lea-2019
2019,0899220,CO9095,Northwest Colo BOCES,0.0,0.0,0.0,0.0,0.0,28.0,,ccd-lea-2019
2019,0805880,CO2840,Norwood School District No. R-2J,19.0,0.0,1.0,8.0,9.0,43.0,199,ccd-lea-2019
2019,0805940,CO3050,Otis School District No. R-3,19.0,0.0,1.0,9.0,8.0,40.0,216,ccd-lea-2019
2019,0805970,CO2580,Ouray School District No. R-1 of  the county of Ouray and,21.0,1.0,1.0,8.0,11.0,43.0,170,ccd-lea-2019
2019,0803840,CO2610,Park County School District No. Re-2,51.0,0.0,4.0,28.0,17.0,114.0,687,ccd-lea-2019
2019,0806060,CO1060,Peyton School District No. 23 in the county of El Paso and,42.0,1.0,2.0,15.0,24.0,88.0,626,ccd-lea-2019
2019,0899240,CO9045,Pikes Peak BOCES,14.0,0.0,0.0,5.0,8.0,85.0,,ccd-lea-2019
2019,0803030,CO1990,Plateau Valley School District No. 50 in the county of Mesa,31.0,1.0,2.0,10.0,17.0,60.0,394,ccd-lea-2019
2019,0802370,CO2600,Platte Canyon School District No. 1 of  the county of Park,57.0,0.0,4.0,26.0,26.0,131.0,889,ccd-lea-2019
2019,0803990,CO1550,Poudre School District R-1,1803.0,34.0,138.0,843.0,787.0,3807.0,30754,ccd-lea-2019
2019,0807260,CO1590,Primero Reorganized School District No. 2,19.0,0.0,1.0,7.0,10.0,43.0,200,ccd-lea-2019
2019,0806090,CO0240,Pritchett School District No. Re-3,7.0,0.0,0.0,3.0,3.0,14.0,60,ccd-lea-2019
2019,0806150,CO2700,Pueblo County School District 70,542.0,5.0,38.0,260.0,238.0,1049.0,10555,ccd-lea-2019
2019,0806120,CO2690,Pueblo School District No. 60 in the county of Pueblo and,898.0,20.0,78.0,453.0,345.0,1968.0,16065,ccd-lea-2019
2019,0806180,CO2720,Rangely School District RE4,35.0,0.0,2.0,17.0,14.0,80.0,518,ccd-lea-2019
2019,0806000,CO2865,Revere School District,16.0,0.0,1.0,7.0,8.0,29.0,139,ccd-lea-2019
2019,0806210,CO2590,Ridgway School District No. R-2  of  the county of Ouray a,31.0,0.0,2.0,14.0,14.0,68.0,354,ccd-lea-2019
2019,0899280,CO9125,Rio Blanco BOCES,0.0,0.0,0.0,0.0,0.0,12.0,,ccd-lea-2019
2019,0804260,CO1180,Roaring Fork School District No. Re-1,373.0,1.0,28.0,179.0,164.0,715.0,5647,ccd-lea-2019
2019,0806270,CO2530,Rocky Ford School District No. R2,53.0,0.0,4.0,24.0,24.0,119.0,743,ccd-lea-2019
2019,0806330,CO0500,Salida School District No. R-32,100.0,7.0,6.0,37.0,48.0,219.0,1331,ccd-lea-2019
2019,0899300,CO9050,San Juan boces,7.0,3.0,0.0,1.0,2.0,71.0,61,ccd-lea-2019
2019,0899320,CO9055,San Luis Valley BOCES,0.0,0.0,0.0,0.0,0.0,20.0,,ccd-lea-2019
2019,0806390,CO0560,Sanford School District No. 6 in the county of Conejos and,25.0,0.0,2.0,10.0,11.0,56.0,353,ccd-lea-2019
2019,0806420,CO0110,Sangre de Cristo School District No. Re-22J,26.0,1.0,2.0,10.0,11.0,48.0,285,ccd-lea-2019
2019,0800014,CO9150,Santa Fe Trail BOCES,3.0,0.0,0.0,1.0,1.0,15.0,,ccd-lea-2019
2019,0806450,CO2750,Sargent School District No. Re-33J,28.0,0.0,1.0,13.0,13.0,58.0,354,ccd-lea-2019
2019,0802580,CO0040,School District 27J,906.0,30.0,67.0,420.0,388.0,1776.0,19275,ccd-lea-2019
2019,0801950,CO0030,School District N. 14 in the county of Adams & State of Colo,358.0,20.0,27.0,163.0,146.0,828.0,6610,ccd-lea-2019
2019,0803360,CO0880,School District No. 1 in the county of Denver and State of C,6149.0,425.0,421.0,2673.0,2628.0,14293.0,92143,ccd-lea-2019
2019,0806480,CO0990,School District No. 3 in the county of El Paso and State of,592.0,20.0,47.0,273.0,249.0,1210.0,9669,ccd-lea-2019
2019,0805010,CO0930,School District No. C-2 in the county of Elbert and State of,20.0,0.0,1.0,8.0,10.0,49.0,252,ccd-lea-2019
2019,0806780,CO1480,School District No. R-4 in the county of Kit Carson and Stat,17.0,0.0,1.0,7.0,8.0,40.0,239,ccd-lea-2019
2019,0806690,CO1828,School District No. Re-1 Valley,140.0,0.0,10.0,68.0,61.0,336.0,2258,ccd-lea-2019
2019,0802550,CO3146,School District No. Re-10 in the county of Weld and State o,17.0,0.0,1.0,9.0,7.0,31.0,184,ccd-lea-2019
2019,0806720,CO3147,School District No. Re-11 in the county of Weld and State of,17.0,0.0,1.0,7.0,8.0,30.0,222,ccd-lea-2019
2019,0804440,CO3148,School District No. Re-12 in the county of Weld and State of,12.0,1.0,0.0,5.0,5.0,23.0,82,ccd-lea-2019
2019,0802610,CO2395,School District No. Re-2 Brush,98.0,0.0,8.0,47.0,42.0,201.0,1429,ccd-lea-2019
2019,0807140,CO2505,School District No. Re-20 Weldon Valley,18.0,0.0,1.0,8.0,8.0,34.0,214,ccd-lea-2019
2019,0804050,CO2405,School District No. Re-3 Fort Morgan,209.0,7.0,16.0,97.0,87.0,494.0,3473,ccd-lea-2019
2019,0803930,CO1850,School District No. Re-3 Frenchman,20.0,0.0,1.0,8.0,9.0,37.0,207,ccd-lea-2019
2019,0805640,CO1860,School District No. Re-4 Buffalo,23.0,0.0,1.0,9.0,12.0,45.0,302,ccd-lea-2019
2019,0806030,CO1870,School District No. Re-5 Plateau,17.0,0.0,1.0,8.0,8.0,35.0,165,ccd-lea-2019
2019,0807290,CO2515,School District No. Re-50 Wiggins,44.0,0.0,3.0,20.0,19.0,88.0,715,ccd-lea-2019
2019,0806540,CO0123,Sheridan School District No. 2,89.0,10.0,4.0,33.0,41.0,234.0,1359,ccd-lea-2019
2019,0804140,CO0740,Sierra Grande School District No. R-30,20.0,0.0,1.0,8.0,10.0,52.0,269,ccd-lea-2019
2019,0806570,CO2820,Silverton School District No. 1 in the county of San Juan,13.0,0.0,1.0,4.0,6.0,18.0,81,ccd-lea-2019
2019,0899340,CO9060,South Central BOCES,3.0,2.0,0.0,0.0,0.0,28.0,,ccd-lea-2019
2019,0802130,CO0580,South Conejos School District No. Re10,10.0,0.0,0.0,4.0,5.0,32.0,150,ccd-lea-2019
2019,0805910,CO2780,South Routt School District No. Re 3,31.0,1.0,3.0,12.0,14.0,74.0,325,ccd-lea-2019
2019,0899400,CO9075,Southeastern BOCES,0.0,0.0,0.0,0.0,0.0,29.0,,ccd-lea-2019
2019,0806630,CO0250,Springfield School District No. Re-4,28.0,1.0,1.0,13.0,11.0,60.0,309,ccd-lea-2019
2019,0805370,CO0470,St. Vrain Valley School District No. Re1J,1864.0,60.0,138.0,878.0,787.0,3839.0,32855,ccd-lea-2019
2019,0800020,CO8001,State Charter School Institute,1051.0,9.0,81.0,495.0,465.0,2001.0,18275,ccd-lea-2019
2019,0806660,CO2770,Steamboat Springs School District No. Re 2,176.0,2.0,12.0,81.0,81.0,334.0,2653,ccd-lea-2019
2019,0806750,CO0060,Strasburg School District 31J,69.0,2.0,4.0,32.0,30.0,143.0,1080,ccd-lea-2019
2019,0806810,CO3000,Summit School District No. Re 1,258.0,9.0,18.0,131.0,99.0,481.0,3582,ccd-lea-2019
2019,0806840,CO2570,Swink School District No. 33 in the county of Otero and St,26.0,0.0,2.0,11.0,12.0,54.0,321,ccd-lea-2019
2019,0806870,CO2830,Telluride School District No. R-1,85.0,3.0,7.0,37.0,36.0,144.0,885,ccd-lea-2019
2019,0805400,CO1560,Thompson School District R-2J,922.0,26.0,74.0,433.0,388.0,2085.0,16163,ccd-lea-2019
2019,0806960,CO1580,Trinidad School District 1 in the county of Las Animas and,51.0,0.0,4.0,21.0,25.0,109.0,881,ccd-lea-2019
2019,0800013,CO9145,Uncompahgre BOCES,0.0,0.0,0.0,0.0,0.0,9.0,,ccd-lea-2019
2019,0803300,CO2730,Upper Rio Grande School District C-7,36.0,0.0,2.0,16.0,17.0,76.0,421,ccd-lea-2019
2019,0800022,CO9165,Ute Pass BOCES,2.0,0.0,0.0,0.0,1.0,13.0,,ccd-lea-2019
2019,0806990,CO0260,Vilas School District Re-5,7.0,0.0,0.0,2.0,3.0,19.0,,ccd-lea-2019
2019,0807110,CO0230,Walsh School District No. Re-1,18.0,0.0,1.0,8.0,7.0,36.0,154,ccd-lea-2019
2019,0804200,CO3080,Weld County Reorganized School District No. Re-1,144.0,5.0,15.0,65.0,59.0,296.0,1953,ccd-lea-2019
2019,0807350,CO3100,Weld County Reorganized School District No. Re-4,409.0,9.0,27.0,198.0,174.0,832.0,7313,ccd-lea-2019
2019,0803600,CO3085,Weld County School District No. Re-2,117.0,0.0,9.0,54.0,54.0,220.0,1968,ccd-lea-2019
2019,0804830,CO3110,Weld County School District No. Re-5J,216.0,2.0,17.0,116.0,80.0,368.0,3969,ccd-lea-2019
2019,0804950,CO3130,Weld County School District No. Re-7,82.0,0.0,6.0,35.0,40.0,156.0,1093,ccd-lea-2019
2019,0802310,CO3145,Weld County School District No. Re-9,63.0,0.0,4.0,26.0,33.0,128.0,943,ccd-lea-2019
2019,0804920,CO3090,Weld County School District RE-3J,167.0,5.0,14.0,82.0,65.0,322.0,2697,ccd-lea-2019
2019,0804020,CO3140,Weld re-8 schools,148.0,7.0,12.0,64.0,64.0,333.0,2452,ccd-lea-2019
2019,0805850,CO2190,West End School District No. Re-2,23.0,1.0,1.0,9.0,10.0,63.0,272,ccd-lea-2019
2019,0805070,CO1340,West Grand School District No. 1,38.0,0.0,2.0,15.0,20.0,80.0,434,ccd-lea-2019
2019,0807230,CO0070,Westminster Public Schools,516.0,27.0,44.0,243.0,201.0,1105.0,9090,ccd-lea-2019
2019,0807320,CO2680,Wiley School District No. Re-13 Jt,22.0,1.0,1.0,8.0,11.0,43.0,238,ccd-lea-2019
2019,0807380,CO3020,Woodland Park School District No. Re-2,146.0,1.0,13.0,61.0,68.0,312.0,2284,ccd-lea-2019
2019,0807410,CO3070,Woodlin School District No. R-104,8.0,0.0,0.0,3.0,5.0,23.0,85,ccd-lea-2019
2019,0800017,CO3210,Wray RD-2 School District,53.0,0.0,4.0,25.0,23.0,109.0,759,ccd-lea-2019
2019,0800016,CO3200,Yuma 1 School District,62.0,1.0,5.0,27.0,28.0,129.0,903,ccd-lea-2019
2020,0801920,CO1040,Academy School District No. 20 in the county of El Paso an,1606.0,14.0,111.0,721.0,758.0,3307.0,25711,ccd-lea-2020
2020,0806900,CO0020,Adams 12 Five Star Schools,2053.0,17.0,106.0,1003.0,926.0,4374.0,36654,ccd-lea-2020
2020,0800009,CO9120,Adams County BOCES,0.0,0.0,0.0,0.0,0.0,3.0,,ccd-lea-2020
2020,0801980,CO0960,Agate School District No. 300,10.0,0.0,1.0,5.0,3.0,20.0,73,ccd-lea-2020
2020,0802010,CO1620,Aguilar Reorganized School District No. 6,8.0,0.0,1.0,4.0,2.0,20.0,100,ccd-lea-2020
2020,0802040,CO3030,Akron School District No. R-1,37.0,0.0,2.0,17.0,16.0,71.0,392,ccd-lea-2020
2020,0802070,CO0100,Alamosa School District No. Re-11J,133.0,0.0,9.0,70.0,54.0,260.0,2176,ccd-lea-2020
2020,0802190,CO0220,Archuleta County School District No. 50 Jt,110.0,0.0,9.0,54.0,46.0,219.0,1599,ccd-lea-2020
2020,0802220,CO3040,Arickaree School District No. R-2,15.0,2.0,1.0,4.0,6.0,24.0,98,ccd-lea-2020
2020,0802260,CO1450,Arriba-Flagler Consolidated School District No. 20,16.0,0.0,1.0,9.0,6.0,36.0,155,ccd-lea-2020
2020,0802280,CO2640,Aspen School District No. 1 in the county of Pitkin and Sta,132.0,0.0,8.0,52.0,70.0,279.0,1594,ccd-lea-2020
2020,0802340,CO0180,Aurora Joint District No. 28 of the counties of Adams and A,2403.0,30.0,173.0,1146.0,1052.0,5563.0,37907,ccd-lea-2020
2020,0802400,CO1530,Bayfield School District No. 10Jt-R,109.0,0.0,7.0,52.0,49.0,212.0,1314,ccd-lea-2020
2020,0802430,CO0050,Bennett School District No. 29J,67.0,1.0,6.0,30.0,29.0,131.0,1175,ccd-lea-2020
2020,0802460,CO1490,Bethune School District No. R- 5,13.0,0.0,1.0,5.0,6.0,26.0,105,ccd-lea-2020
2020,0806600,CO0940,Big Sandy School District No. 100J,27.0,0.0,2.0,12.0,12.0,47.0,298,ccd-lea-2020
2020,0802490,CO0480,Boulder Valley School District No. Re2,1717.0,34.0,117.0,772.0,791.0,3621.0,29240,ccd-lea-2020
2020,0802520,CO1750,Branson Reorganized School District No. 82,34.0,0.0,1.0,14.0,18.0,53.0,594,ccd-lea-2020
2020,0802640,CO0490,Buena Vista School District No. R-31,75.0,0.0,5.0,31.0,38.0,179.0,962,ccd-lea-2020
2020,0802670,CO1500,Burlington Public School District No. RE-6J,47.0,0.0,3.0,23.0,19.0,95.0,747,ccd-lea-2020
2020,0802700,CO0190,Byers School District No. 32J,113.0,0.0,5.0,36.0,71.0,183.0,5359,ccd-lea-2020
2020,0800287,CO8102,CMHI Pueblo,0.0,0.0,0.0,0.0,0.0,0.0,,ccd-lea-2020
2020,0802730,CO0970,Calhan District No. RJ1,33.0,1.0,2.0,12.0,17.0,71.0,453,ccd-lea-2020
2020,0802760,CO0270,Campo School District No. Re-6,7.0,0.0,0.0,3.0,3.0,18.0,51,ccd-lea-2020
2020,0899200,CO9035,Centennial BOCES,16.0,2.0,0.0,1.0,11.0,100.0,125,ccd-lea-2020
2020,0806360,CO0640,Centennial School District No. R-1,17.0,0.0,0.0,7.0,8.0,39.0,224,ccd-lea-2020
2020,0802850,CO2810,Center Consolidated School District No. 26 Jt. of the count,43.0,1.0,3.0,19.0,19.0,127.0,595,ccd-lea-2020
2020,0802880,CO2560,Cheraw School District No. 31 in the county of Otero and S,21.0,0.0,1.0,10.0,9.0,32.0,219,ccd-lea-2020
2020,0802910,CO0130,Cherry Creek School District No. 5 in the county of Arapah,3367.0,23.0,257.0,1584.0,1502.0,7024.0,54184,ccd-lea-2020
2020,0800001,CO0520,Cheyenne County School District No. Re-5,16.0,0.0,1.0,8.0,6.0,39.0,173,ccd-lea-2020
2020,0802940,CO1020,Cheyenne Mountain School District No. 12 in the county of E,359.0,5.0,28.0,156.0,170.0,653.0,5270,ccd-lea-2020
2020,0803000,CO0540,Clear Creek School District No. Re-1,53.0,0.0,4.0,25.0,22.0,134.0,682,ccd-lea-2020
2020,0800292,CO9175,Colorado River BOCES,11.0,0.0,0.0,1.0,9.0,41.0,132,ccd-lea-2020
2020,0800023,CO9000,Colorado School for the Deaf and Blind,30.0,1.0,1.0,9.0,17.0,72.0,162,ccd-lea-2020
2020,0803060,CO1010,Colorado Springs School District No. 11 in the county of E,1518.0,42.0,123.0,761.0,591.0,3421.0,23885,ccd-lea-2020
2020,0803150,CO2010,Creede School District,12.0,0.0,1.0,6.0,4.0,23.0,81,ccd-lea-2020
2020,0803180,CO3010,Cripple Creek-Victor School District No. Re-1,31.0,0.0,4.0,13.0,13.0,96.0,336,ccd-lea-2020
2020,0803210,CO0770,Crowley County School District No. Re-1-J,26.0,0.0,1.0,12.0,12.0,58.0,395,ccd-lea-2020
2020,0807200,CO0860,Custer County School District Consolidate 1,26.0,1.0,2.0,12.0,11.0,60.0,343,ccd-lea-2020
2020,0800004,CO9130,DENVER 1,21.0,0.0,1.0,9.0,10.0,29.0,388,ccd-lea-2020
2020,0803240,CO1980,De Beque Joint District No. 49 of the counties of Mesa and,15.0,0.0,1.0,5.0,7.0,24.0,171,ccd-lea-2020
2020,0803270,CO0170,Deer Trail School District No. 26J,21.0,1.0,1.0,8.0,10.0,42.0,254,ccd-lea-2020
2020,0803330,CO0870,Delta County Joint District No. 50,275.0,0.0,19.0,132.0,123.0,703.0,4793,ccd-lea-2020
2020,0800285,CO8103,Department of Corrections,0.0,0.0,0.0,0.0,0.0,0.0,0,ccd-lea-2020
2020,0800286,CO8104,Division of Youth Services,38.0,0.0,0.0,0.0,38.0,50.0,0,ccd-lea-2020
2020,0803420,CO0890,Dolores County School District RE-2J,20.0,1.0,1.0,8.0,9.0,50.0,231,ccd-lea-2020
2020,0803390,CO2055,Dolores School District No. Re-4A,51.0,2.0,3.0,24.0,21.0,101.0,669,ccd-lea-2020
2020,0803450,CO0900,Douglas County School District No. Re 1,3664.0,36.0,273.0,1692.0,1662.0,7725.0,62979,ccd-lea-2020
2020,0803480,CO1520,Durango School District No. 9-R,381.0,10.0,31.0,167.0,171.0,756.0,6931,ccd-lea-2020
2020,0800282,CO9170,EDUCATION REENVISIONED BOCES,150.0,0.0,9.0,59.0,82.0,235.0,5123,ccd-lea-2020
2020,0803720,CO0920,ELIZABETH SCHOOL DISTRICT,145.0,0.0,9.0,67.0,67.0,328.0,2212,ccd-lea-2020
2020,0803540,CO0910,Eagle County School District No. Re 50,489.0,16.0,41.0,218.0,212.0,956.0,6699,ccd-lea-2020
2020,0899080,CO9025,East Central BOCES,3.0,3.0,0.0,0.0,0.0,52.0,,ccd-lea-2020
2020,0804320,CO1350,East Grand School District No. 2,104.0,1.0,7.0,49.0,45.0,207.0,1271,ccd-lea-2020
2020,0805130,CO2520,East Otero School District No. R1,92.0,0.0,8.0,47.0,35.0,213.0,1378,ccd-lea-2020
2020,0803630,CO1120,Edison Joint District No. 54 of the counties of El Paso and,14.0,0.0,0.0,7.0,6.0,33.0,191,ccd-lea-2020
2020,0803870,CO1110,El Paso County Colorado School District 49,1210.0,17.0,84.0,523.0,584.0,2553.0,23984,ccd-lea-2020
2020,0803690,CO0950,Elbert School District No. 200,22.0,1.0,1.0,9.0,11.0,46.0,270,ccd-lea-2020
2020,0803750,CO1050,Ellicott School District No. 22 in the county of El Paso a,70.0,4.0,4.0,29.0,32.0,152.0,1021,ccd-lea-2020
2020,0803780,CO0120,Englewood School District No. 1 in the county of Arapahoe,187.0,2.0,16.0,81.0,86.0,435.0,2460,ccd-lea-2020
2020,0803810,CO1570,Estes Park School District R-3,79.0,1.0,6.0,35.0,35.0,164.0,1021,ccd-lea-2020
2020,0804080,CO1000,Fountain School District No. 8 in the county of El Paso an,514.0,17.0,47.0,250.0,199.0,1041.0,8227,ccd-lea-2020
2020,0804110,CO2540,Fowler School District No. R4J,34.0,0.0,2.0,15.0,16.0,57.0,368,ccd-lea-2020
2020,0802790,CO1140,Fremont Re-1,235.0,6.0,20.0,110.0,98.0,512.0,3275,ccd-lea-2020
2020,0803960,CO1150,Fremont Re-2,80.0,0.0,5.0,40.0,34.0,188.0,1368,ccd-lea-2020
2020,0803120,CO1160,Fremont Re-3,18.0,0.0,1.0,8.0,8.0,42.0,187,ccd-lea-2020
2020,0800015,CO9160,Front Range BOCES,0.0,0.0,0.0,0.0,0.0,0.0,,ccd-lea-2020
2020,0806240,CO1195,Garfield School District No. Re-2,279.0,7.0,3.0,151.0,117.0,692.0,4526,ccd-lea-2020
2020,0804740,CO1780,Genoa-Hugo School District No. C-113,18.0,0.0,2.0,7.0,7.0,34.0,222,ccd-lea-2020
2020,0804230,CO1330,Gilpin County School District No. Re-1,31.0,2.0,2.0,12.0,13.0,51.0,429,ccd-lea-2020
2020,0804290,CO2650,Granada School District No. Re-1,17.0,0.0,1.0,7.0,8.0,36.0,189,ccd-lea-2020
2020,0800011,CO9135,Grand Valley BOCES,0.0,0.0,0.0,0.0,0.0,6.0,,ccd-lea-2020
2020,0804380,CO1220,Grand Valley School District No. 16 in the county of Garfi,69.0,0.0,4.0,32.0,32.0,168.0,1159,ccd-lea-2020
2020,0804410,CO3120,GreeleySchool District No. 6 in the county of Weld and Sta,1223.0,13.0,98.0,589.0,522.0,2449.0,21903,ccd-lea-2020
2020,0804470,CO1360,Gunnison Watershed School District Re1J,143.0,0.0,11.0,64.0,66.0,277.0,2074,ccd-lea-2020
2020,0804500,CO1070,Hanover School District No. 28 in the county of El Paso an,21.0,0.0,1.0,5.0,15.0,53.0,263,ccd-lea-2020
2020,0804530,CO0980,Harrison School District No. 2 in the county of El Paso an,739.0,0.0,66.0,377.0,295.0,1622.0,11177,ccd-lea-2020
2020,0804560,CO2630,Haxtun School District No. Re-2J,26.0,0.0,2.0,12.0,11.0,48.0,340,ccd-lea-2020
2020,0804590,CO2760,Hayden School District No. Re 1,32.0,1.0,3.0,10.0,16.0,35.0,384,ccd-lea-2020
2020,0806510,CO1460,Hi-Plains R-23,14.0,1.0,1.0,6.0,6.0,29.0,151,ccd-lea-2020
2020,0804620,CO1380,Hinsdale County School District No. Re-1,10.0,0.0,0.0,4.0,4.0,23.0,65,ccd-lea-2020
2020,0804650,CO1600,Hoehne Reorganized School District No. 3,19.0,0.0,1.0,8.0,8.0,38.0,330,ccd-lea-2020
2020,0804680,CO2670,Holly School District No. Re-3,19.0,1.0,1.0,7.0,9.0,43.0,278,ccd-lea-2020
2020,0804710,CO2620,Holyoke School District No. Re-1J,38.0,0.0,3.0,15.0,19.0,79.0,584,ccd-lea-2020
2020,0807080,CO1390,Huerfano School District Re-1,24.0,0.0,2.0,12.0,9.0,50.0,542,ccd-lea-2020
2020,0800018,CO3220,Idalia RJ-3 School District,17.0,0.0,1.0,7.0,7.0,35.0,197,ccd-lea-2020
2020,0804770,CO1540,Ignacio School District No. 11Jt,67.0,0.0,4.0,27.0,34.0,137.0,659,ccd-lea-2020
2020,0804800,CO1420,Jefferson County School District No. R-1,4700.0,97.0,344.0,2127.0,2130.0,10496.0,80099,ccd-lea-2020
2020,0804860,CO2862,Julesburg School District No. Re1,54.0,1.0,1.0,9.0,42.0,81.0,1021,ccd-lea-2020
2020,0804890,CO1810,Karval School District No. Re 23,7.0,1.0,1.0,2.0,2.0,16.0,50,ccd-lea-2020
2020,0804980,CO1760,Kim Reorganized School District No. 88,6.0,0.0,0.0,2.0,3.0,14.0,44,ccd-lea-2020
2020,0803510,CO1430,Kiowa County School District No. Re-1,17.0,0.0,1.0,7.0,9.0,38.0,215,ccd-lea-2020
2020,0806930,CO1440,Kiowa County School District No. Re-2,6.0,0.0,0.0,2.0,2.0,17.0,44,ccd-lea-2020
2020,0805040,CO0510,Kit Carson School District No. R-1,15.0,0.0,1.0,6.0,7.0,25.0,97,ccd-lea-2020
2020,0805160,CO1400,La Veta School District Re-2,23.0,1.0,1.0,8.0,12.0,40.0,206,ccd-lea-2020
2020,0805190,CO1510,Lake County School District No. R-1,56.0,0.0,3.0,23.0,28.0,174.0,998,ccd-lea-2020
2020,0805220,CO2660,Lamar School District No. Re-2,100.0,3.0,8.0,49.0,39.0,195.0,1539,ccd-lea-2020
2020,0805250,CO0290,Las Animas School District No. Re-1,37.0,0.0,3.0,12.0,21.0,215.0,2305,ccd-lea-2020
2020,0805820,CO1080,Lewis-Palmer Consolidated School District No. 38 in the co,378.0,2.0,27.0,172.0,176.0,777.0,6494,ccd-lea-2020
2020,0800019,CO3230,Liberty J-4 School District,10.0,0.0,0.0,4.0,5.0,16.0,65,ccd-lea-2020
2020,0805280,CO1790,Limon School District No. Re 4J,34.0,0.0,2.0,16.0,14.0,73.0,431,ccd-lea-2020
2020,0805310,CO0140,Littleton School District No. 6 in the county of Arapahoe,848.0,5.0,64.0,385.0,393.0,1849.0,14132,ccd-lea-2020
2020,0805340,CO3060,Lone Star School District No. 101,13.0,0.0,1.0,6.0,6.0,23.0,141,ccd-lea-2020
2020,0805460,CO2070,Mancos School District Re-6,32.0,0.0,3.0,16.0,13.0,71.0,465,ccd-lea-2020
2020,0805490,CO1030,Manitou Springs School District No. 14 in the county of El,103.0,1.0,6.0,46.0,49.0,208.0,1345,ccd-lea-2020
2020,0805520,CO2535,Manzanola Joint District No. 3J of the counties of Otero a,13.0,0.0,1.0,6.0,6.0,33.0,167,ccd-lea-2020
2020,0805550,CO0010,Mapleton School District No. 1 in the county of Adams & St,492.0,20.0,34.0,213.0,224.0,963.0,9140,ccd-lea-2020
2020,0805580,CO0310,McClave School District No. Re-2,21.0,0.0,1.0,8.0,10.0,41.0,214,ccd-lea-2020
2020,0805610,CO2710,Meeker School District Re1,47.0,2.0,4.0,20.0,20.0,92.0,681,ccd-lea-2020
2020,0804350,CO2000,Mesa County Valley School District No. 51,1325.0,73.0,90.0,609.0,552.0,2820.0,21084,ccd-lea-2020
2020,0805670,CO1130,Miami-Yoder Joint District No. 60 of the counties of El Pas,22.0,0.0,1.0,8.0,12.0,60.0,249,ccd-lea-2020
2020,0805730,CO2020,Moffat County School District RE: No. 1,121.0,1.0,11.0,55.0,51.0,292.0,2068,ccd-lea-2020
2020,0805700,CO2800,Moffat School District No. 2 in the county of Saguache and,23.0,0.0,1.0,10.0,11.0,60.0,227,ccd-lea-2020
2020,0805760,CO2740,Monte Vista School District No. C-8,80.0,1.0,6.0,39.0,33.0,161.0,1164,ccd-lea-2020
2020,0803090,CO2035,Montezuma-Cortez School District No. Re-1,169.0,0.0,11.0,86.0,70.0,396.0,2607,ccd-lea-2020
2020,0805790,CO2180,Montrose County School District Re-1J,330.0,7.0,25.0,152.0,144.0,701.0,5836,ccd-lea-2020
2020,0899160,CO9030,Mountain BOCES,0.0,0.0,0.0,0.0,0.0,7.0,,ccd-lea-2020
2020,0806300,CO2790,Mountain Valley School District No. Re 1,12.0,0.0,0.0,5.0,6.0,31.0,173,ccd-lea-2020
2020,0800012,CO9140,Mt Evans BOCES,0.0,0.0,0.0,0.0,0.0,12.0,,ccd-lea-2020
2020,0805100,CO0550,North Conejos School District No. Re1J,70.0,0.0,3.0,32.0,35.0,118.0,991,ccd-lea-2020
2020,0807050,CO1410,North Park School District R-1,18.0,0.0,1.0,8.0,7.0,34.0,158,ccd-lea-2020
2020,0899180,CO9040,Northeast BOCES,3.0,2.0,0.0,0.0,0.0,42.0,,ccd-lea-2020
2020,0899220,CO9095,Northwest Colo BOCES,0.0,0.0,0.0,0.0,0.0,28.0,,ccd-lea-2020
2020,0805880,CO2840,Norwood School District No. R-2J,20.0,0.0,1.0,8.0,9.0,43.0,181,ccd-lea-2020
2020,0805940,CO3050,Otis School District No. R-3,19.0,0.0,1.0,10.0,7.0,41.0,224,ccd-lea-2020
2020,0805970,CO2580,Ouray School District No. R-1 of  the county of Ouray and,22.0,1.0,1.0,9.0,10.0,42.0,187,ccd-lea-2020
2020,0803840,CO2610,Park County School District No. Re-2,46.0,0.0,4.0,24.0,16.0,107.0,615,ccd-lea-2020
2020,0806060,CO1060,Peyton School District No. 23 in the county of El Paso and,44.0,0.0,1.0,14.0,28.0,103.0,611,ccd-lea-2020
2020,0899240,CO9045,Pikes Peak BOCES,15.0,2.0,0.0,5.0,8.0,84.0,,ccd-lea-2020
2020,0803030,CO1990,Plateau Valley School District No. 50 in the county of Mesa,24.0,1.0,1.0,7.0,14.0,49.0,356,ccd-lea-2020
2020,0802370,CO2600,Platte Canyon School District No. 1 of  the county of Park,57.0,0.0,3.0,27.0,27.0,128.0,763,ccd-lea-2020
2020,0803990,CO1550,Poudre School District R-1,1866.0,37.0,132.0,874.0,821.0,3715.0,29418,ccd-lea-2020
2020,0807260,CO1590,Primero Reorganized School District No. 2,19.0,0.0,1.0,6.0,10.0,44.0,221,ccd-lea-2020
2020,0806090,CO0240,Pritchett School District No. Re-3,8.0,0.0,0.0,3.0,3.0,14.0,60,ccd-lea-2020
2020,0806150,CO2700,Pueblo County School District 70,520.0,4.0,38.0,244.0,231.0,987.0,10320,ccd-lea-2020
2020,0806120,CO2690,Pueblo School District No. 60 in the county of Pueblo and,920.0,20.0,78.0,466.0,355.0,1966.0,15219,ccd-lea-2020
2020,0806180,CO2720,Rangely School District RE4,34.0,1.0,2.0,16.0,14.0,83.0,493,ccd-lea-2020
2020,0806000,CO2865,Revere School District,16.0,0.0,1.0,8.0,7.0,27.0,123,ccd-lea-2020
2020,0806210,CO2590,Ridgway School District No. R-2  of  the county of Ouray a,31.0,1.0,1.0,12.0,15.0,69.0,334,ccd-lea-2020
2020,0899280,CO9125,Rio Blanco BOCES,0.0,0.0,0.0,0.0,0.0,11.0,,ccd-lea-2020
2020,0804260,CO1180,Roaring Fork School District No. Re-1,366.0,2.0,29.0,172.0,161.0,674.0,5292,ccd-lea-2020
2020,0806270,CO2530,Rocky Ford School District No. R2,50.0,0.0,3.0,23.0,23.0,115.0,719,ccd-lea-2020
2020,0806330,CO0500,Salida School District No. R-32,100.0,6.0,7.0,39.0,46.0,222.0,1244,ccd-lea-2020
2020,0899300,CO9050,San Juan boces,7.0,2.0,0.0,0.0,4.0,43.0,74,ccd-lea-2020
2020,0899320,CO9055,San Luis Valley BOCES,0.0,0.0,0.0,0.0,0.0,26.0,,ccd-lea-2020
2020,0806390,CO0560,Sanford School District No. 6 in the county of Conejos and,24.0,0.0,2.0,10.0,10.0,53.0,358,ccd-lea-2020
2020,0806420,CO0110,Sangre de Cristo School District No. Re-22J,28.0,1.0,2.0,10.0,13.0,49.0,240,ccd-lea-2020
2020,0800014,CO9150,Santa Fe Trail BOCES,3.0,0.0,0.0,1.0,1.0,15.0,,ccd-lea-2020
2020,0806450,CO2750,Sargent School District No. Re-33J,29.0,0.0,2.0,12.0,14.0,57.0,330,ccd-lea-2020
2020,0802580,CO0040,School District 27J,959.0,33.0,67.0,444.0,414.0,1825.0,19203,ccd-lea-2020
2020,0801950,CO0030,School District N. 14 in the county of Adams & State of Colo,353.0,21.0,26.0,153.0,151.0,805.0,6066,ccd-lea-2020
2020,0803360,CO0880,School District No. 1 in the county of Denver and State of C,6120.0,540.0,408.0,2491.0,2680.0,13951.0,89081,ccd-lea-2020
2020,0806480,CO0990,School District No. 3 in the county of El Paso and State of,595.0,19.0,45.0,275.0,254.0,1231.0,9169,ccd-lea-2020
2020,0805010,CO0930,School District No. C-2 in the county of Elbert and State of,20.0,0.0,1.0,9.0,9.0,48.0,257,ccd-lea-2020
2020,0806780,CO1480,School District No. R-4 in the county of Kit Carson and Stat,18.0,0.0,1.0,8.0,8.0,39.0,223,ccd-lea-2020
2020,0806690,CO1828,School District No. Re-1 Valley,141.0,0.0,10.0,67.0,62.0,331.0,2104,ccd-lea-2020
2020,0802550,CO3146,School District No. Re-10 in the county of Weld and State o,19.0,0.0,1.0,10.0,7.0,34.0,175,ccd-lea-2020
2020,0806720,CO3147,School District No. Re-11 in the county of Weld and State of,17.0,0.0,1.0,7.0,8.0,31.0,211,ccd-lea-2020
2020,0804440,CO3148,School District No. Re-12 in the county of Weld and State of,12.0,0.0,0.0,6.0,5.0,21.0,61,ccd-lea-2020
2020,0802610,CO2395,School District No. Re-2 Brush,100.0,0.0,8.0,46.0,45.0,207.0,1329,ccd-lea-2020
2020,0807140,CO2505,School District No. Re-20 Weldon Valley,19.0,0.0,1.0,7.0,9.0,37.0,213,ccd-lea-2020
2020,0804050,CO2405,School District No. Re-3 Fort Morgan,207.0,7.0,15.0,98.0,86.0,479.0,3339,ccd-lea-2020
2020,0803930,CO1850,School District No. Re-3 Frenchman,20.0,1.0,1.0,8.0,9.0,37.0,193,ccd-lea-2020
2020,0805640,CO1860,School District No. Re-4 Buffalo,22.0,0.0,1.0,9.0,11.0,45.0,308,ccd-lea-2020
2020,0806030,CO1870,School District No. Re-5 Plateau,17.0,0.0,1.0,8.0,8.0,36.0,155,ccd-lea-2020
2020,0807290,CO2515,School District No. Re-50 Wiggins,39.0,0.0,3.0,17.0,17.0,86.0,744,ccd-lea-2020
2020,0806540,CO0123,Sheridan School District No. 2,85.0,10.0,4.0,30.0,39.0,235.0,1246,ccd-lea-2020
2020,0804140,CO0740,Sierra Grande School District No. R-30,22.0,2.0,1.0,8.0,10.0,52.0,261,ccd-lea-2020
2020,0806570,CO2820,Silverton School District No. 1 in the county of San Juan,13.0,0.0,1.0,4.0,6.0,19.0,83,ccd-lea-2020
2020,0899340,CO9060,South Central BOCES,2.0,2.0,0.0,0.0,0.0,31.0,,ccd-lea-2020
2020,0802130,CO0580,South Conejos School District No. Re10,14.0,0.0,0.0,6.0,7.0,35.0,156,ccd-lea-2020
2020,0805910,CO2780,South Routt School District No. Re 3,30.0,1.0,3.0,12.0,12.0,63.0,307,ccd-lea-2020
2020,0899400,CO9075,Southeastern BOCES,1.0,0.0,0.0,0.0,0.0,32.0,,ccd-lea-2020
2020,0806630,CO0250,Springfield School District No. Re-4,28.0,1.0,1.0,14.0,11.0,59.0,297,ccd-lea-2020
2020,0805370,CO0470,St. Vrain Valley School District No. Re1J,1918.0,50.0,129.0,914.0,823.0,3850.0,31312,ccd-lea-2020
2020,0800020,CO8001,State Charter School Institute,1087.0,7.0,87.0,503.0,488.0,2028.0,20749,ccd-lea-2020
2020,0806660,CO2770,Steamboat Springs School District No. Re 2,169.0,0.0,10.0,80.0,77.0,320.0,2567,ccd-lea-2020
2020,0806750,CO0060,Strasburg School District 31J,67.0,2.0,5.0,29.0,31.0,139.0,1072,ccd-lea-2020
2020,0806810,CO3000,Summit School District No. Re 1,259.0,10.0,20.0,129.0,99.0,468.0,3454,ccd-lea-2020
2020,0806840,CO2570,Swink School District No. 33 in the county of Otero and St,28.0,0.0,2.0,11.0,14.0,57.0,313,ccd-lea-2020
2020,0806870,CO2830,Telluride School District No. R-1,106.0,3.0,10.0,43.0,49.0,165.0,867,ccd-lea-2020
2020,0805400,CO1560,Thompson School District R-2J,913.0,29.0,61.0,395.0,426.0,2045.0,14965,ccd-lea-2020
2020,0806960,CO1580,Trinidad School District 1 in the county of Las Animas and,49.0,0.0,4.0,20.0,24.0,102.0,774,ccd-lea-2020
2020,0800013,CO9145,Uncompahgre BOCES,0.0,0.0,0.0,0.0,0.0,10.0,,ccd-lea-2020
2020,0803300,CO2730,Upper Rio Grande School District C-7,32.0,0.0,2.0,15.0,13.0,71.0,382,ccd-lea-2020
2020,0800022,CO9165,Ute Pass BOCES,0.0,0.0,0.0,0.0,0.0,13.0,,ccd-lea-2020
2020,0806990,CO0260,Vilas School District Re-5,8.0,0.0,0.0,2.0,5.0,23.0,208,ccd-lea-2020
2020,0807110,CO0230,Walsh School District No. Re-1,18.0,0.0,1.0,8.0,8.0,36.0,150,ccd-lea-2020
2020,0804200,CO3080,Weld County Reorganized School District No. Re-1,146.0,5.0,11.0,68.0,61.0,300.0,1887,ccd-lea-2020
2020,0807350,CO3100,Weld County Reorganized School District No. Re-4,430.0,9.0,26.0,212.0,183.0,838.0,7477,ccd-lea-2020
2020,0803600,CO3085,Weld County School District No. Re-2,121.0,0.0,9.0,56.0,56.0,224.0,1942,ccd-lea-2020
2020,0804830,CO3110,Weld County School District No. Re-5J,207.0,2.0,19.0,108.0,77.0,342.0,3738,ccd-lea-2020
2020,0804950,CO3130,Weld County School District No. Re-7,79.0,0.0,5.0,33.0,40.0,152.0,1030,ccd-lea-2020
2020,0802310,CO3145,Weld County School District No. Re-9,63.0,0.0,4.0,26.0,33.0,132.0,901,ccd-lea-2020
2020,0804920,CO3090,Weld County School District RE-3J,169.0,5.0,14.0,83.0,66.0,312.0,2569,ccd-lea-2020
2020,0804020,CO3140,Weld re-8 schools,143.0,5.0,11.0,63.0,63.0,302.0,2236,ccd-lea-2020
2020,0805850,CO2190,West End School District No. Re-2,20.0,0.0,1.0,8.0,8.0,60.0,266,ccd-lea-2020
2020,0805070,CO1340,West Grand School District No. 1,38.0,0.0,2.0,15.0,20.0,70.0,399,ccd-lea-2020
2020,0807230,CO0070,Westminster Public Schools,504.0,27.0,37.0,220.0,218.0,1055.0,8373,ccd-lea-2020
2020,0807320,CO2680,Wiley School District No. Re-13 Jt,18.0,1.0,1.0,6.0,9.0,40.0,263,ccd-lea-2020
2020,0807380,CO3020,Woodland Park School District No. Re-2,141.0,2.0,12.0,60.0,66.0,305.0,2055,ccd-lea-2020
2020,0807410,CO3070,Woodlin School District No. R-104,10.0,0.0,0.0,4.0,5.0,22.0,78,ccd-lea-2020
2020,0800017,CO3210,Wray RD-2 School District,52.0,0.0,4.0,23.0,24.0,109.0,747,ccd-lea-2020
2020,0800016,CO3200,Yuma 1 School District,63.0,1.0,6.0,26.0,29.0,126.0,906,ccd-lea-2020
2021,0801920,CO1040,Academy School District No. 20 in the county of El Paso an,1597.0,16.0,111.0,713.0,756.0,3171.0,26050,ccd-lea-2021
2021,0806900,CO0020,Adams 12 Five Star Schools,2070.0,16.0,150.0,969.0,934.0,4459.0,36078,ccd-lea-2021
2021,0800009,CO9120,Adams County BOCES,0.0,0.0,0.0,0.0,0.0,3.0,,ccd-lea-2021
2021,0801980,CO0960,Agate School District No. 300,10.0,0.0,1.0,5.0,4.0,20.0,84,ccd-lea-2021
2021,0802010,CO1620,Aguilar Reorganized School District No. 6,9.0,0.0,1.0,5.0,2.0,20.0,114,ccd-lea-2021
2021,0802040,CO3030,Akron School District No. R-1,35.0,1.0,2.0,15.0,15.0,71.0,411,ccd-lea-2021
2021,0802070,CO0100,Alamosa School District No. Re-11J,133.0,0.0,10.0,65.0,57.0,276.0,2188,ccd-lea-2021
2021,0802190,CO0220,Archuleta County School District No. 50 Jt,110.0,0.0,9.0,53.0,47.0,225.0,1712,ccd-lea-2021
2021,0802220,CO3040,Arickaree School District No. R-2,11.0,1.0,1.0,3.0,5.0,23.0,101,ccd-lea-2021
2021,0802260,CO1450,Arriba-Flagler Consolidated School District No. 20,17.0,0.0,1.0,9.0,6.0,36.0,139,ccd-lea-2021
2021,0802280,CO2640,Aspen School District No. 1 in the county of Pitkin and Sta,131.0,0.0,8.0,52.0,70.0,271.0,1652,ccd-lea-2021
2021,0802340,CO0180,Aurora Joint District No. 28 of the counties of Adams and A,2416.0,26.0,167.0,1131.0,1090.0,5494.0,38451,ccd-lea-2021
2021,0802400,CO1530,Bayfield School District No. 10Jt-R,100.0,0.0,9.0,45.0,44.0,191.0,1311,ccd-lea-2021
2021,0802430,CO0050,Bennett School District No. 29J,64.0,1.0,6.0,30.0,26.0,131.0,1249,ccd-lea-2021
2021,0802460,CO1490,Bethune School District No. R- 5,13.0,0.0,0.0,5.0,7.0,27.0,108,ccd-lea-2021
2021,0806600,CO0940,Big Sandy School District No. 100J,27.0,0.0,2.0,12.0,12.0,50.0,325,ccd-lea-2021
2021,0802490,CO0480,Boulder Valley School District No. Re2,1712.0,35.0,124.0,753.0,799.0,3690.0,29008,ccd-lea-2021
2021,0802520,CO1750,Branson Reorganized School District No. 82,34.0,0.0,0.0,13.0,20.0,53.0,502,ccd-lea-2021
2021,0802640,CO0490,Buena Vista School District No. R-31,74.0,0.0,5.0,30.0,38.0,171.0,1051,ccd-lea-2021
2021,0802670,CO1500,Burlington Public School District No. RE-6J,49.0,0.0,4.0,22.0,22.0,95.0,749,ccd-lea-2021
2021,0802700,CO0190,Byers School District No. 32J,122.0,0.0,6.0,36.0,80.0,193.0,5352,ccd-lea-2021
2021,0800287,CO8102,CMHI Pueblo,0.0,0.0,0.0,0.0,0.0,0.0,,ccd-lea-2021
2021,0802730,CO0970,Calhan District No. RJ1,32.0,1.0,2.0,12.0,17.0,72.0,446,ccd-lea-2021
2021,0802760,CO0270,Campo School District No. Re-6,7.0,0.0,0.0,2.0,3.0,16.0,51,ccd-lea-2021
2021,0899200,CO9035,Centennial BOCES,16.0,2.0,0.0,2.0,10.0,102.0,129,ccd-lea-2021
2021,0806360,CO0640,Centennial School District No. R-1,16.0,1.0,1.0,7.0,6.0,40.0,203,ccd-lea-2021
2021,0802850,CO2810,Center Consolidated School District No. 26 Jt. of the count,45.0,0.0,4.0,21.0,17.0,114.0,617,ccd-lea-2021
2021,0802880,CO2560,Cheraw School District No. 31 in the county of Otero and S,19.0,0.0,1.0,8.0,9.0,34.0,231,ccd-lea-2021
2021,0802910,CO0130,Cherry Creek School District No. 5 in the county of Arapah,3194.0,25.0,237.0,1489.0,1441.0,7028.0,53587,ccd-lea-2021
2021,0800001,CO0520,Cheyenne County School District No. Re-5,16.0,0.0,1.0,8.0,6.0,36.0,188,ccd-lea-2021
2021,0802940,CO1020,Cheyenne Mountain School District No. 12 in the county of E,251.0,6.0,15.0,108.0,121.0,456.0,3663,ccd-lea-2021
2021,0803000,CO0540,Clear Creek School District No. Re-1,52.0,0.0,4.0,26.0,20.0,125.0,696,ccd-lea-2021
2021,0800292,CO9175,Colorado River BOCES,9.0,0.0,0.0,0.0,8.0,45.0,169,ccd-lea-2021
2021,0800023,CO9000,Colorado School for the Deaf and Blind,33.0,1.0,0.0,11.0,20.0,76.0,162,ccd-lea-2021
2021,0803060,CO1010,Colorado Springs School District No. 11 in the county of E,1462.0,42.0,116.0,740.0,563.0,3351.0,23359,ccd-lea-2021
2021,0803150,CO2010,Creede School District,14.0,0.0,1.0,7.0,6.0,25.0,78,ccd-lea-2021
2021,0803180,CO3010,Cripple Creek-Victor School District No. Re-1,27.0,0.0,2.0,11.0,13.0,95.0,351,ccd-lea-2021
2021,0803210,CO0770,Crowley County School District No. Re-1-J,25.0,0.0,1.0,11.0,12.0,55.0,403,ccd-lea-2021
2021,0807200,CO0860,Custer County School District Consolidate 1,28.0,0.0,1.0,13.0,13.0,64.0,361,ccd-lea-2021
2021,0800004,CO9130,DENVER 1,22.0,0.0,1.0,9.0,11.0,32.0,393,ccd-lea-2021
2021,0803240,CO1980,De Beque Joint District No. 49 of the counties of Mesa and,9.0,0.0,0.0,4.0,4.0,15.0,170,ccd-lea-2021
2021,0803270,CO0170,Deer Trail School District No. 26J,17.0,1.0,1.0,6.0,9.0,35.0,295,ccd-lea-2021
2021,0803330,CO0870,Delta County Joint District No. 50,273.0,1.0,20.0,133.0,117.0,724.0,4610,ccd-lea-2021
2021,0800285,CO8103,Department of Corrections,0.0,0.0,0.0,0.0,0.0,0.0,0,ccd-lea-2021
2021,0800286,CO8104,Division of Youth Services,31.0,0.0,0.0,0.0,31.0,41.0,0,ccd-lea-2021
2021,0803420,CO0890,Dolores County School District RE-2J,21.0,1.0,1.0,8.0,10.0,51.0,254,ccd-lea-2021
2021,0803390,CO2055,Dolores School District No. Re-4A,54.0,3.0,4.0,23.0,23.0,110.0,726,ccd-lea-2021
2021,0803450,CO0900,Douglas County School District No. Re 1,3609.0,38.0,273.0,1641.0,1656.0,7807.0,63596,ccd-lea-2021
2021,0803480,CO1520,Durango School District No. 9-R,371.0,11.0,27.0,164.0,168.0,759.0,5794,ccd-lea-2021
2021,0800282,CO9170,EDUCATION REENVISIONED BOCES,209.0,0.0,11.0,75.0,122.0,329.0,4014,ccd-lea-2021
2021,0803720,CO0920,ELIZABETH SCHOOL DISTRICT,149.0,2.0,12.0,68.0,67.0,343.0,2330,ccd-lea-2021
2021,0803540,CO0910,Eagle County School District No. Re 50,522.0,16.0,43.0,238.0,224.0,1003.0,6687,ccd-lea-2021
2021,0899080,CO9025,East Central BOCES,3.0,3.0,0.0,0.0,0.0,55.0,,ccd-lea-2021
2021,0804320,CO1350,East Grand School District No. 2,103.0,1.0,7.0,48.0,45.0,200.0,1286,ccd-lea-2021
2021,0805130,CO2520,East Otero School District No. R1,95.0,0.0,9.0,50.0,35.0,231.0,1358,ccd-lea-2021
2021,0803630,CO1120,Edison Joint District No. 54 of the counties of El Paso and,12.0,0.0,0.0,5.0,6.0,28.0,112,ccd-lea-2021
2021,0803870,CO1110,El Paso County Colorado School District 49,1192.0,16.0,90.0,517.0,567.0,2557.0,24766,ccd-lea-2021
2021,0803690,CO0950,Elbert School District No. 200,22.0,1.0,1.0,8.0,10.0,48.0,281,ccd-lea-2021
2021,0803750,CO1050,Ellicott School District No. 22 in the county of El Paso a,49.0,3.0,3.0,20.0,21.0,111.0,1001,ccd-lea-2021
2021,0803780,CO0120,Englewood School District No. 1 in the county of Arapahoe,182.0,3.0,14.0,79.0,85.0,423.0,2440,ccd-lea-2021
2021,0803810,CO1570,Estes Park School District R-3,83.0,2.0,6.0,34.0,39.0,166.0,1058,ccd-lea-2021
2021,0804080,CO1000,Fountain School District No. 8 in the county of El Paso an,523.0,16.0,48.0,251.0,206.0,1080.0,8302,ccd-lea-2021
2021,0804110,CO2540,Fowler School District No. R4J,35.0,0.0,2.0,15.0,17.0,59.0,366,ccd-lea-2021
2021,0802790,CO1140,Fremont Re-1,221.0,7.0,17.0,102.0,92.0,500.0,3321,ccd-lea-2021
2021,0803960,CO1150,Fremont Re-2,79.0,0.0,7.0,37.0,33.0,198.0,1425,ccd-lea-2021
2021,0803120,CO1160,Fremont Re-3,19.0,0.0,1.0,8.0,9.0,42.0,208,ccd-lea-2021
2021,0800015,CO9160,Front Range BOCES,0.0,0.0,0.0,0.0,0.0,0.0,,ccd-lea-2021
2021,0806240,CO1195,Garfield School District No. Re-2,298.0,8.0,21.0,142.0,125.0,757.0,4613,ccd-lea-2021
2021,0804740,CO1780,Genoa-Hugo School District No. C-113,19.0,1.0,2.0,8.0,7.0,33.0,213,ccd-lea-2021
2021,0804230,CO1330,Gilpin County School District No. Re-1,32.0,3.0,1.0,12.0,14.0,54.0,437,ccd-lea-2021
2021,0804290,CO2650,Granada School District No. Re-1,19.0,1.0,1.0,8.0,8.0,37.0,196,ccd-lea-2021
2021,0800011,CO9135,Grand Valley BOCES,0.0,0.0,0.0,0.0,0.0,6.0,,ccd-lea-2021
2021,0804380,CO1220,Grand Valley School District No. 16 in the county of Garfi,72.0,0.0,6.0,32.0,33.0,168.0,1225,ccd-lea-2021
2021,0804410,CO3120,GreeleySchool District No. 6 in the county of Weld and Sta,1249.0,14.0,107.0,595.0,531.0,2486.0,21997,ccd-lea-2021
2021,0804470,CO1360,Gunnison Watershed School District Re1J,144.0,0.0,11.0,62.0,70.0,273.0,2080,ccd-lea-2021
2021,0804500,CO1070,Hanover School District No. 28 in the county of El Paso an,20.0,0.0,0.0,10.0,9.0,64.0,283,ccd-lea-2021
2021,0804530,CO0980,Harrison School District No. 2 in the county of El Paso an,837.0,0.0,71.0,423.0,342.0,1765.0,13002,ccd-lea-2021
2021,0804560,CO2630,Haxtun School District No. Re-2J,28.0,0.0,2.0,14.0,12.0,54.0,339,ccd-lea-2021
2021,0804590,CO2760,Hayden School District No. Re 1,31.0,1.0,2.0,13.0,13.0,62.0,435,ccd-lea-2021
2021,0806510,CO1460,Hi-Plains R-23,18.0,1.0,1.0,8.0,7.0,33.0,153,ccd-lea-2021
2021,0804620,CO1380,Hinsdale County School District No. Re-1,11.0,0.0,1.0,4.0,4.0,21.0,77,ccd-lea-2021
2021,0804650,CO1600,Hoehne Reorganized School District No. 3,17.0,0.0,1.0,7.0,8.0,36.0,314,ccd-lea-2021
2021,0804680,CO2670,Holly School District No. Re-3,17.0,1.0,1.0,7.0,7.0,42.0,275,ccd-lea-2021
2021,0804710,CO2620,Holyoke School District No. Re-1J,43.0,0.0,3.0,18.0,21.0,82.0,576,ccd-lea-2021
2021,0807080,CO1390,Huerfano School District Re-1,23.0,0.0,2.0,10.0,9.0,55.0,512,ccd-lea-2021
2021,0800018,CO3220,Idalia RJ-3 School District,17.0,0.0,1.0,7.0,7.0,36.0,186,ccd-lea-2021
2021,0804770,CO1540,Ignacio School District No. 11Jt,67.0,0.0,4.0,27.0,34.0,139.0,640,ccd-lea-2021
2021,0804800,CO1420,Jefferson County School District No. R-1,4722.0,108.0,347.0,2108.0,2158.0,10457.0,76904,ccd-lea-2021
2021,0804860,CO2862,Julesburg School District No. Re1,48.0,0.0,1.0,9.0,36.0,78.0,775,ccd-lea-2021
2021,0804890,CO1810,Karval School District No. Re 23,8.0,1.0,0.0,3.0,3.0,17.0,43,ccd-lea-2021
2021,0804980,CO1760,Kim Reorganized School District No. 88,7.0,0.0,0.0,3.0,3.0,15.0,32,ccd-lea-2021
2021,0803510,CO1430,Kiowa County School District No. Re-1,17.0,0.0,1.0,7.0,8.0,40.0,219,ccd-lea-2021
2021,0806930,CO1440,Kiowa County School District No. Re-2,6.0,0.0,0.0,2.0,3.0,16.0,38,ccd-lea-2021
2021,0805040,CO0510,Kit Carson School District No. R-1,16.0,1.0,1.0,6.0,7.0,28.0,99,ccd-lea-2021
2021,0805160,CO1400,La Veta School District Re-2,21.0,1.0,1.0,9.0,9.0,48.0,207,ccd-lea-2021
2021,0805190,CO1510,Lake County School District No. R-1,54.0,0.0,4.0,24.0,25.0,166.0,1007,ccd-lea-2021
2021,0805220,CO2660,Lamar School District No. Re-2,95.0,3.0,7.0,46.0,38.0,198.0,1573,ccd-lea-2021
2021,0805250,CO0290,Las Animas School District No. Re-1,43.0,0.0,1.0,15.0,26.0,143.0,826,ccd-lea-2021
2021,0805820,CO1080,Lewis-Palmer Consolidated School District No. 38 in the co,364.0,2.0,28.0,167.0,167.0,777.0,6526,ccd-lea-2021
2021,0800019,CO3230,Liberty J-4 School District,9.0,0.0,0.0,4.0,4.0,16.0,64,ccd-lea-2021
2021,0805280,CO1790,Limon School District No. Re 4J,34.0,0.0,2.0,16.0,15.0,74.0,448,ccd-lea-2021
2021,0805310,CO0140,Littleton School District No. 6 in the county of Arapahoe,798.0,5.0,63.0,360.0,369.0,1786.0,13698,ccd-lea-2021
2021,0805340,CO3060,Lone Star School District No. 101,12.0,0.0,1.0,5.0,6.0,21.0,125,ccd-lea-2021
2021,0805460,CO2070,Mancos School District Re-6,34.0,0.0,3.0,18.0,12.0,74.0,485,ccd-lea-2021
2021,0805490,CO1030,Manitou Springs School District No. 14 in the county of El,104.0,1.0,6.0,45.0,50.0,217.0,1329,ccd-lea-2021
2021,0805520,CO2535,Manzanola Joint District No. 3J of the counties of Otero a,14.0,0.0,1.0,5.0,7.0,35.0,150,ccd-lea-2021
2021,0805550,CO0010,Mapleton School District No. 1 in the county of Adams & St,454.0,24.0,32.0,186.0,212.0,946.0,9002,ccd-lea-2021
2021,0805580,CO0310,McClave School District No. Re-2,19.0,0.0,1.0,8.0,9.0,44.0,237,ccd-lea-2021
2021,0805610,CO2710,Meeker School District Re1,49.0,2.0,4.0,22.0,20.0,94.0,718,ccd-lea-2021
2021,0804350,CO2000,Mesa County Valley School District No. 51,1303.0,24.0,98.0,643.0,537.0,2826.0,21327,ccd-lea-2021
2021,0805670,CO1130,Miami-Yoder Joint District No. 60 of the counties of El Pas,22.0,0.0,1.0,9.0,10.0,59.0,313,ccd-lea-2021
2021,0805730,CO2020,Moffat County School District RE: No. 1,120.0,0.0,9.0,57.0,52.0,298.0,2090,ccd-lea-2021
2021,0805700,CO2800,Moffat School District No. 2 in the county of Saguache and,23.0,0.0,1.0,10.0,10.0,60.0,217,ccd-lea-2021
2021,0805760,CO2740,Monte Vista School District No. C-8,82.0,1.0,5.0,39.0,36.0,173.0,1074,ccd-lea-2021
2021,0803090,CO2035,Montezuma-Cortez School District No. Re-1,158.0,0.0,10.0,79.0,68.0,401.0,2607,ccd-lea-2021
2021,0805790,CO2180,Montrose County School District Re-1J,341.0,6.0,26.0,156.0,152.0,712.0,6055,ccd-lea-2021
2021,0899160,CO9030,Mountain BOCES,0.0,0.0,0.0,0.0,0.0,7.0,,ccd-lea-2021
2021,0806300,CO2790,Mountain Valley School District No. Re 1,14.0,0.0,1.0,6.0,6.0,39.0,185,ccd-lea-2021
2021,0800012,CO9140,Mt Evans BOCES,1.0,1.0,0.0,0.0,0.0,13.0,,ccd-lea-2021
2021,0805100,CO0550,North Conejos School District No. Re1J,72.0,0.0,3.0,33.0,35.0,126.0,1005,ccd-lea-2021
2021,0807050,CO1410,North Park School District R-1,16.0,1.0,1.0,7.0,6.0,35.0,172,ccd-lea-2021
2021,0899180,CO9040,Northeast BOCES,2.0,2.0,0.0,0.0,0.0,46.0,,ccd-lea-2021
2021,0899220,CO9095,Northwest Colo BOCES,0.0,0.0,0.0,0.0,0.0,26.0,,ccd-lea-2021
2021,0805880,CO2840,Norwood School District No. R-2J,17.0,0.0,1.0,7.0,7.0,40.0,199,ccd-lea-2021
2021,0805940,CO3050,Otis School District No. R-3,18.0,0.0,1.0,9.0,8.0,39.0,211,ccd-lea-2021
2021,0805970,CO2580,Ouray School District No. R-1 of  the county of Ouray and,23.0,1.0,1.0,9.0,10.0,40.0,189,ccd-lea-2021
2021,0803840,CO2610,Park County School District No. Re-2,48.0,0.0,3.0,27.0,17.0,113.0,596,ccd-lea-2021
2021,0806060,CO1060,Peyton School District No. 23 in the county of El Paso and,47.0,0.0,1.0,15.0,30.0,103.0,609,ccd-lea-2021
2021,0899240,CO9045,Pikes Peak BOCES,5.0,0.0,0.0,2.0,3.0,71.0,,ccd-lea-2021
2021,0803030,CO1990,Plateau Valley School District No. 50 in the county of Mesa,26.0,0.0,1.0,8.0,16.0,53.0,305,ccd-lea-2021
2021,0802370,CO2600,Platte Canyon School District No. 1 of  the county of Park,55.0,0.0,4.0,25.0,25.0,120.0,837,ccd-lea-2021
2021,0803990,CO1550,Poudre School District R-1,1807.0,38.0,132.0,814.0,821.0,3903.0,29907,ccd-lea-2021
2021,0807260,CO1590,Primero Reorganized School District No. 2,17.0,0.0,1.0,5.0,9.0,36.0,228,ccd-lea-2021
2021,0806090,CO0240,Pritchett School District No. Re-3,8.0,0.0,0.0,3.0,3.0,14.0,66,ccd-lea-2021
2021,0806150,CO2700,Pueblo County School District 70,533.0,1.0,38.0,255.0,237.0,1073.0,10232,ccd-lea-2021
2021,0806120,CO2690,Pueblo School District No. 60 in the county of Pueblo and,879.0,18.0,73.0,445.0,342.0,1905.0,15143,ccd-lea-2021
2021,0806180,CO2720,Rangely School District RE4,33.0,0.0,2.0,15.0,14.0,84.0,494,ccd-lea-2021
2021,0806000,CO2865,Revere School District,16.0,0.0,1.0,7.0,7.0,26.0,133,ccd-lea-2021
2021,0806210,CO2590,Ridgway School District No. R-2  of  the county of Ouray a,32.0,1.0,0.0,14.0,16.0,64.0,335,ccd-lea-2021
2021,0899280,CO9125,Rio Blanco BOCES,0.0,0.0,0.0,0.0,0.0,11.0,,ccd-lea-2021
2021,0804260,CO1180,Roaring Fork School District No. Re-1,347.0,2.0,27.0,162.0,155.0,649.0,5306,ccd-lea-2021
2021,0806270,CO2530,Rocky Ford School District No. R2,52.0,0.0,4.0,24.0,23.0,126.0,676,ccd-lea-2021
2021,0806330,CO0500,Salida School District No. R-32,96.0,6.0,6.0,37.0,46.0,216.0,1312,ccd-lea-2021
2021,0899300,CO9050,San Juan boces,6.0,1.0,0.0,0.0,4.0,50.0,49,ccd-lea-2021
2021,0899320,CO9055,San Luis Valley BOCES,0.0,0.0,0.0,0.0,0.0,24.0,,ccd-lea-2021
2021,0806390,CO0560,Sanford School District No. 6 in the county of Conejos and,24.0,0.0,2.0,10.0,10.0,59.0,369,ccd-lea-2021
2021,0806420,CO0110,Sangre de Cristo School District No. Re-22J,25.0,1.0,2.0,10.0,12.0,46.0,246,ccd-lea-2021
2021,0800014,CO9150,Santa Fe Trail BOCES,3.0,0.0,0.0,1.0,1.0,17.0,,ccd-lea-2021
2021,0806450,CO2750,Sargent School District No. Re-33J,26.0,0.0,1.0,12.0,12.0,51.0,330,ccd-lea-2021
2021,0802580,CO0040,School District 27J,961.0,30.0,71.0,443.0,414.0,1797.0,20357,ccd-lea-2021
2021,0801950,CO0030,School District N. 14 in the county of Adams & State of Colo,336.0,21.0,23.0,150.0,141.0,779.0,6114,ccd-lea-2021
2021,0803360,CO0880,School District No. 1 in the county of Denver and State of C,6140.0,585.0,390.0,2439.0,2725.0,13950.0,88911,ccd-lea-2021
2021,0806480,CO0990,School District No. 3 in the county of El Paso and State of,585.0,20.0,48.0,269.0,245.0,1193.0,9369,ccd-lea-2021
2021,0805010,CO0930,School District No. C-2 in the county of Elbert and State of,19.0,0.0,1.0,8.0,9.0,46.0,276,ccd-lea-2021
2021,0806780,CO1480,School District No. R-4 in the county of Kit Carson and Stat,14.0,0.0,1.0,6.0,7.0,40.0,231,ccd-lea-2021
2021,0806690,CO1828,School District No. Re-1 Valley,102.0,0.0,7.0,45.0,48.0,261.0,1996,ccd-lea-2021
2021,0802550,CO3146,School District No. Re-10 in the county of Weld and State o,20.0,0.0,1.0,10.0,7.0,38.0,186,ccd-lea-2021
2021,0806720,CO3147,School District No. Re-11 in the county of Weld and State of,16.0,0.0,1.0,6.0,8.0,29.0,191,ccd-lea-2021
2021,0804440,CO3148,School District No. Re-12 in the county of Weld and State of,12.0,1.0,0.0,5.0,5.0,21.0,70,ccd-lea-2021
2021,0802610,CO2395,School District No. Re-2 Brush,97.0,0.0,8.0,44.0,44.0,208.0,1394,ccd-lea-2021
2021,0807140,CO2505,School District No. Re-20 Weldon Valley,18.0,0.0,1.0,8.0,8.0,38.0,225,ccd-lea-2021
2021,0804050,CO2405,School District No. Re-3 Fort Morgan,202.0,6.0,13.0,98.0,83.0,508.0,3381,ccd-lea-2021
2021,0803930,CO1850,School District No. Re-3 Frenchman,20.0,1.0,1.0,8.0,9.0,34.0,217,ccd-lea-2021
2021,0805640,CO1860,School District No. Re-4 Buffalo,22.0,0.0,1.0,9.0,11.0,45.0,305,ccd-lea-2021
2021,0806030,CO1870,School District No. Re-5 Plateau,17.0,1.0,1.0,8.0,6.0,33.0,158,ccd-lea-2021
2021,0807290,CO2515,School District No. Re-50 Wiggins,40.0,0.0,3.0,19.0,17.0,94.0,819,ccd-lea-2021
2021,0806540,CO0123,Sheridan School District No. 2,83.0,9.0,4.0,27.0,41.0,230.0,1177,ccd-lea-2021
2021,0804140,CO0740,Sierra Grande School District No. R-30,18.0,0.0,1.0,8.0,8.0,50.0,259,ccd-lea-2021
2021,0806570,CO2820,Silverton School District No. 1 in the county of San Juan,11.0,0.0,0.0,4.0,6.0,18.0,86,ccd-lea-2021
2021,0899340,CO9060,South Central BOCES,2.0,2.0,0.0,0.0,0.0,26.0,,ccd-lea-2021
2021,0802130,CO0580,South Conejos School District No. Re10,17.0,0.0,1.0,7.0,8.0,48.0,149,ccd-lea-2021
2021,0805910,CO2780,South Routt School District No. Re 3,31.0,2.0,2.0,12.0,14.0,66.0,335,ccd-lea-2021
2021,0899400,CO9075,Southeastern BOCES,0.0,0.0,0.0,0.0,0.0,31.0,,ccd-lea-2021
2021,0806630,CO0250,Springfield School District No. Re-4,29.0,1.0,2.0,14.0,11.0,58.0,278,ccd-lea-2021
2021,0805370,CO0470,St. Vrain Valley School District No. Re1J,1875.0,61.0,134.0,867.0,812.0,3808.0,32384,ccd-lea-2021
2021,0800020,CO8001,State Charter School Institute,1169.0,9.0,95.0,543.0,521.0,2241.0,19614,ccd-lea-2021
2021,0806660,CO2770,Steamboat Springs School District No. Re 2,198.0,3.0,14.0,93.0,87.0,360.0,2640,ccd-lea-2021
2021,0806750,CO0060,Strasburg School District 31J,68.0,2.0,5.0,30.0,29.0,150.0,1171,ccd-lea-2021
2021,0806810,CO3000,Summit School District No. Re 1,264.0,12.0,19.0,130.0,102.0,486.0,3620,ccd-lea-2021
2021,0806840,CO2570,Swink School District No. 33 in the county of Otero and St,30.0,0.0,2.0,13.0,14.0,60.0,311,ccd-lea-2021
2021,0806870,CO2830,Telluride School District No. R-1,81.0,3.0,8.0,30.0,38.0,136.0,876,ccd-lea-2021
2021,0805400,CO1560,Thompson School District R-2J,923.0,30.0,60.0,404.0,428.0,2112.0,15280,ccd-lea-2021
2021,0806960,CO1580,Trinidad School District 1 in the county of Las Animas and,44.0,0.0,6.0,18.0,19.0,92.0,789,ccd-lea-2021
2021,0800013,CO9145,Uncompahgre BOCES,0.0,0.0,0.0,0.0,0.0,11.0,,ccd-lea-2021
2021,0803300,CO2730,Upper Rio Grande School District C-7,35.0,0.0,1.0,16.0,16.0,76.0,403,ccd-lea-2021
2021,0800022,CO9165,Ute Pass BOCES,1.0,1.0,0.0,0.0,0.0,16.0,,ccd-lea-2021
2021,0806990,CO0260,Vilas School District Re-5,10.0,0.0,0.0,3.0,5.0,24.0,84,ccd-lea-2021
2021,0807110,CO0230,Walsh School District No. Re-1,19.0,0.0,1.0,8.0,8.0,37.0,161,ccd-lea-2021
2021,0804200,CO3080,Weld County Reorganized School District No. Re-1,151.0,6.0,11.0,69.0,64.0,316.0,1892,ccd-lea-2021
2021,0807350,CO3100,Weld County Reorganized School District No. Re-4,456.0,8.0,30.0,222.0,194.0,894.0,8104,ccd-lea-2021
2021,0803600,CO3085,Weld County School District No. Re-2,115.0,0.0,8.0,54.0,51.0,220.0,1994,ccd-lea-2021
2021,0804830,CO3110,Weld County School District No. Re-5J,223.0,2.0,17.0,112.0,91.0,407.0,3783,ccd-lea-2021
2021,0804950,CO3130,Weld County School District No. Re-7,81.0,0.0,5.0,35.0,40.0,154.0,1078,ccd-lea-2021
2021,0802310,CO3145,Weld County School District No. Re-9,68.0,0.0,5.0,28.0,35.0,136.0,1013,ccd-lea-2021
2021,0804920,CO3090,Weld County School District RE-3J,177.0,4.0,16.0,89.0,66.0,330.0,2693,ccd-lea-2021
2021,0804020,CO3140,Weld re-8 schools,134.0,4.0,10.0,59.0,59.0,301.0,2482,ccd-lea-2021
2021,0805850,CO2190,West End School District No. Re-2,18.0,0.0,1.0,7.0,8.0,60.0,272,ccd-lea-2021
2021,0805070,CO1340,West Grand School District No. 1,35.0,0.0,1.0,16.0,17.0,75.0,393,ccd-lea-2021
2021,0807230,CO0070,Westminster Public Schools,483.0,22.0,33.0,215.0,211.0,1032.0,8320,ccd-lea-2021
2021,0807320,CO2680,Wiley School District No. Re-13 Jt,21.0,1.0,1.0,8.0,10.0,54.0,262,ccd-lea-2021
2021,0807380,CO3020,Woodland Park School District No. Re-2,130.0,1.0,11.0,56.0,60.0,287.0,1804,ccd-lea-2021
2021,0807410,CO3070,Woodlin School District No. R-104,10.0,0.0,0.0,4.0,5.0,25.0,72,ccd-lea-2021
2021,0800017,CO3210,Wray RD-2 School District,51.0,0.0,3.0,21.0,26.0,112.0,745,ccd-lea-2021
2021,0800016,CO3200,Yuma 1 School District,60.0,1.0,6.0,27.0,26.0,128.0,876,ccd-lea-2021
2022,0801920,CO1040,Academy School District No. 20 in the county of El Paso an,1612.0,16.0,111.0,716.0,768.0,3254.0,25719,ccd-lea-2022
2022,0806900,CO0020,Adams 12 Five Star Schools,2015.0,18.0,154.0,935.0,907.0,4513.0,35747,ccd-lea-2022
2022,0800009,CO9120,Adams County BOCES,0.0,0.0,0.0,0.0,0.0,3.0,,ccd-lea-2022
2022,0801980,CO0960,Agate School District No. 300,11.0,1.0,1.0,4.0,4.0,18.0,81,ccd-lea-2022
2022,0802010,CO1620,Aguilar Reorganized School District No. 6,11.0,0.0,1.0,5.0,5.0,23.0,119,ccd-lea-2022
2022,0802040,CO3030,Akron School District No. R-1,35.0,1.0,2.0,15.0,15.0,74.0,427,ccd-lea-2022
2022,0802070,CO0100,Alamosa School District No. Re-11J,135.0,0.0,10.0,64.0,60.0,277.0,2116,ccd-lea-2022
2022,0802190,CO0220,Archuleta County School District No. 50 Jt,112.0,0.0,8.0,51.0,52.0,223.0,1678,ccd-lea-2022
2022,0802220,CO3040,Arickaree School District No. R-2,12.0,1.0,1.0,3.0,6.0,23.0,101,ccd-lea-2022
2022,0802260,CO1450,Arriba-Flagler Consolidated School District No. 20,19.0,0.0,1.0,10.0,6.0,40.0,172,ccd-lea-2022
2022,0802280,CO2640,Aspen School District No. 1 in the county of Pitkin and Sta,134.0,0.0,8.0,54.0,71.0,272.0,1572,ccd-lea-2022
2022,0802340,CO0180,Aurora Joint District No. 28 of the counties of Adams and A,2360.0,23.0,168.0,1234.0,934.0,5378.0,38135,ccd-lea-2022
2022,0802400,CO1530,Bayfield School District No. 10Jt-R,105.0,0.0,9.0,46.0,48.0,203.0,1279,ccd-lea-2022
2022,0802430,CO0050,Bennett School District No. 29J,71.0,1.0,6.0,32.0,31.0,154.0,1296,ccd-lea-2022
2022,0802460,CO1490,Bethune School District No. R- 5,14.0,0.0,0.0,6.0,7.0,30.0,108,ccd-lea-2022
2022,0806600,CO0940,Big Sandy School District No. 100J,30.0,0.0,2.0,13.0,14.0,56.0,361,ccd-lea-2022
2022,0802490,CO0480,Boulder Valley School District No. Re2,1683.0,34.0,115.0,740.0,793.0,3793.0,28485,ccd-lea-2022
2022,0802520,CO1750,Branson Reorganized School District No. 82,31.0,0.0,0.0,12.0,18.0,52.0,442,ccd-lea-2022
2022,0802640,CO0490,Buena Vista School District No. R-31,71.0,1.0,5.0,27.0,36.0,172.0,1032,ccd-lea-2022
2022,0802670,CO1500,Burlington Public School District No. RE-6J,44.0,0.0,3.0,23.0,17.0,97.0,762,ccd-lea-2022
2022,0802700,CO0190,Byers School District No. 32J,135.0,0.0,5.0,38.0,92.0,204.0,5671,ccd-lea-2022
2022,0800287,CO8102,CMHI Pueblo,0.0,0.0,0.0,0.0,0.0,0.0,,ccd-lea-2022
2022,0802730,CO0970,Calhan District No. RJ1,33.0,1.0,1.0,13.0,17.0,70.0,424,ccd-lea-2022
2022,0802760,CO0270,Campo School District No. Re-6,5.0,0.0,0.0,2.0,2.0,12.0,33,ccd-lea-2022
2022,0899200,CO9035,Centennial BOCES,14.0,2.0,0.0,2.0,9.0,106.0,134,ccd-lea-2022
2022,0806360,CO0640,Centennial School District No. R-1,16.0,1.0,1.0,6.0,7.0,43.0,193,ccd-lea-2022
2022,0802850,CO2810,Center Consolidated School District No. 26 Jt. of the count,44.0,1.0,4.0,19.0,19.0,130.0,607,ccd-lea-2022
2022,0802880,CO2560,Cheraw School District No. 31 in the county of Otero and S,19.0,0.0,1.0,7.0,9.0,33.0,227,ccd-lea-2022
2022,0802910,CO0130,Cherry Creek School District No. 5 in the county of Arapah,3176.0,29.0,244.0,1449.0,1453.0,7089.0,52392,ccd-lea-2022
2022,0800001,CO0520,Cheyenne County School District No. Re-5,16.0,0.0,1.0,8.0,6.0,36.0,178,ccd-lea-2022
2022,0802940,CO1020,Cheyenne Mountain School District No. 12 in the county of E,251.0,7.0,16.0,105.0,122.0,464.0,3737,ccd-lea-2022
2022,0803000,CO0540,Clear Creek School District No. Re-1,54.0,1.0,4.0,26.0,21.0,127.0,680,ccd-lea-2022
2022,0800292,CO9175,Colorado River BOCES,10.0,0.0,0.0,0.0,10.0,55.0,169,ccd-lea-2022
2022,0800023,CO9000,Colorado School for the Deaf and Blind,28.0,1.0,0.0,10.0,16.0,65.0,166,ccd-lea-2022
2022,0803060,CO1010,Colorado Springs School District No. 11 in the county of E,1438.0,41.0,118.0,720.0,557.0,3368.0,22725,ccd-lea-2022
2022,0803150,CO2010,Creede School District,13.0,0.0,1.0,5.0,5.0,27.0,86,ccd-lea-2022
2022,0803180,CO3010,Cripple Creek-Victor School District No. Re-1,21.0,0.0,3.0,9.0,8.0,90.0,313,ccd-lea-2022
2022,0803210,CO0770,Crowley County School District No. Re-1-J,17.0,0.0,1.0,10.0,5.0,40.0,379,ccd-lea-2022
2022,0807200,CO0860,Custer County School District Consolidate 1,29.0,0.0,1.0,13.0,13.0,64.0,354,ccd-lea-2022
2022,0800004,CO9130,DENVER 1,22.0,0.0,3.0,7.0,11.0,35.0,390,ccd-lea-2022
2022,0803240,CO1980,De Beque Joint District No. 49 of the counties of Mesa and,5.0,0.0,0.0,3.0,1.0,9.0,170,ccd-lea-2022
2022,0803270,CO0170,Deer Trail School District No. 26J,14.0,0.0,0.0,6.0,7.0,35.0,325,ccd-lea-2022
2022,0803330,CO0870,Delta County Joint District No. 50,269.0,1.0,20.0,125.0,121.0,703.0,4592,ccd-lea-2022
2022,0800285,CO8103,Department of Corrections,0.0,0.0,0.0,0.0,0.0,0.0,0,ccd-lea-2022
2022,0800286,CO8104,Division of Youth Services,18.0,0.0,0.0,0.0,18.0,30.0,0,ccd-lea-2022
2022,0803420,CO0890,Dolores County School District RE-2J,21.0,1.0,1.0,8.0,10.0,53.0,263,ccd-lea-2022
2022,0803390,CO2055,Dolores School District No. Re-4A,49.0,2.0,2.0,22.0,22.0,115.0,683,ccd-lea-2022
2022,0803450,CO0900,Douglas County School District No. Re 1,3538.0,39.0,266.0,1617.0,1615.0,7661.0,62341,ccd-lea-2022
2022,0803480,CO1520,Durango School District No. 9-R,389.0,13.0,27.0,173.0,174.0,801.0,5452,ccd-lea-2022
2022,0800282,CO9170,EDUCATION REENVISIONED BOCES,199.0,0.0,8.0,65.0,125.0,303.0,3937,ccd-lea-2022
2022,0803720,CO0920,ELIZABETH SCHOOL DISTRICT,149.0,2.0,11.0,68.0,68.0,349.0,2379,ccd-lea-2022
2022,0803540,CO0910,Eagle County School District No. Re 50,514.0,13.0,42.0,230.0,227.0,996.0,6620,ccd-lea-2022
2022,0899080,CO9025,East Central BOCES,12.0,3.0,0.0,4.0,3.0,92.0,,ccd-lea-2022
2022,0804320,CO1350,East Grand School District No. 2,103.0,2.0,7.0,46.0,47.0,213.0,1283,ccd-lea-2022
2022,0805130,CO2520,East Otero School District No. R1,92.0,0.0,9.0,49.0,33.0,219.0,1355,ccd-lea-2022
2022,0803630,CO1120,Edison Joint District No. 54 of the counties of El Paso and,10.0,0.0,1.0,5.0,3.0,21.0,73,ccd-lea-2022
2022,0803870,CO1110,El Paso County Colorado School District 49,1261.0,16.0,90.0,532.0,622.0,2763.0,24517,ccd-lea-2022
2022,0803690,CO0950,Elbert School District No. 200,22.0,1.0,1.0,8.0,11.0,43.0,281,ccd-lea-2022
2022,0803750,CO1050,Ellicott School District No. 22 in the county of El Paso a,67.0,3.0,5.0,29.0,30.0,167.0,981,ccd-lea-2022
2022,0803780,CO0120,Englewood School District No. 1 in the county of Arapahoe,180.0,2.0,14.0,78.0,84.0,416.0,2441,ccd-lea-2022
2022,0803810,CO1570,Estes Park School District R-3,75.0,3.0,5.0,30.0,37.0,167.0,1014,ccd-lea-2022
2022,0804080,CO1000,Fountain School District No. 8 in the county of El Paso an,509.0,19.0,40.0,239.0,211.0,1093.0,8201,ccd-lea-2022
2022,0804110,CO2540,Fowler School District No. R4J,33.0,0.0,2.0,15.0,15.0,58.0,347,ccd-lea-2022
2022,0802790,CO1140,Fremont Re-1,222.0,7.0,18.0,105.0,90.0,506.0,3305,ccd-lea-2022
2022,0803960,CO1150,Fremont Re-2,78.0,0.0,7.0,38.0,32.0,206.0,1390,ccd-lea-2022
2022,0803120,CO1160,Fremont Re-3,17.0,0.0,0.0,8.0,8.0,41.0,190,ccd-lea-2022
2022,0800015,CO9160,Front Range BOCES,0.0,0.0,0.0,0.0,0.0,0.0,,ccd-lea-2022
2022,0806240,CO1195,Garfield School District No. Re-2,292.0,6.0,21.0,140.0,123.0,784.0,4662,ccd-lea-2022
2022,0804740,CO1780,Genoa-Hugo School District No. C-113,17.0,1.0,2.0,7.0,6.0,34.0,224,ccd-lea-2022
2022,0804230,CO1330,Gilpin County School District No. Re-1,32.0,2.0,2.0,12.0,14.0,58.0,408,ccd-lea-2022
2022,0804290,CO2650,Granada School District No. Re-1,20.0,1.0,1.0,8.0,10.0,39.0,213,ccd-lea-2022
2022,0800011,CO9135,Grand Valley BOCES,0.0,0.0,0.0,0.0,0.0,5.0,,ccd-lea-2022
2022,0804380,CO1220,Grand Valley School District No. 16 in the county of Garfi,75.0,0.0,6.0,33.0,34.0,176.0,1198,ccd-lea-2022
2022,0804410,CO3120,GreeleySchool District No. 6 in the county of Weld and Sta,1261.0,16.0,103.0,598.0,543.0,2579.0,22200,ccd-lea-2022
2022,0804470,CO1360,Gunnison Watershed School District Re1J,142.0,1.0,10.0,64.0,65.0,268.0,2061,ccd-lea-2022
2022,0804500,CO1070,Hanover School District No. 28 in the county of El Paso an,17.0,0.0,1.0,7.0,9.0,57.0,287,ccd-lea-2022
2022,0804530,CO0980,Harrison School District No. 2 in the county of El Paso an,808.0,0.0,68.0,414.0,326.0,1793.0,12267,ccd-lea-2022
2022,0804560,CO2630,Haxtun School District No. Re-2J,25.0,0.0,1.0,11.0,12.0,49.0,334,ccd-lea-2022
2022,0804590,CO2760,Hayden School District No. Re 1,32.0,0.0,3.0,14.0,13.0,65.0,454,ccd-lea-2022
2022,0806510,CO1460,Hi-Plains R-23,18.0,1.0,1.0,9.0,7.0,31.0,129,ccd-lea-2022
2022,0804620,CO1380,Hinsdale County School District No. Re-1,11.0,1.0,0.0,4.0,4.0,23.0,81,ccd-lea-2022
2022,0804650,CO1600,Hoehne Reorganized School District No. 3,18.0,0.0,1.0,7.0,9.0,38.0,319,ccd-lea-2022
2022,0804680,CO2670,Holly School District No. Re-3,17.0,1.0,1.0,8.0,6.0,43.0,273,ccd-lea-2022
2022,0804710,CO2620,Holyoke School District No. Re-1J,42.0,0.0,3.0,18.0,20.0,86.0,552,ccd-lea-2022
2022,0807080,CO1390,Huerfano School District Re-1,35.0,0.0,3.0,15.0,15.0,76.0,491,ccd-lea-2022
2022,0800018,CO3220,Idalia RJ-3 School District,16.0,1.0,1.0,7.0,7.0,35.0,172,ccd-lea-2022
2022,0804770,CO1540,Ignacio School District No. 11Jt,60.0,0.0,4.0,23.0,31.0,132.0,641,ccd-lea-2022
2022,0804800,CO1420,Jefferson County School District No. R-1,4550.0,103.0,331.0,2027.0,2088.0,10325.0,75327,ccd-lea-2022
2022,0804860,CO2862,Julesburg School District No. Re1,38.0,0.0,1.0,8.0,28.0,67.0,607,ccd-lea-2022
2022,0804890,CO1810,Karval School District No. Re 23,8.0,1.0,0.0,3.0,4.0,17.0,40,ccd-lea-2022
2022,0804980,CO1760,Kim Reorganized School District No. 88,4.0,0.0,0.0,1.0,2.0,13.0,33,ccd-lea-2022
2022,0803510,CO1430,Kiowa County School District No. Re-1,17.0,0.0,1.0,7.0,9.0,40.0,211,ccd-lea-2022
2022,0806930,CO1440,Kiowa County School District No. Re-2,5.0,1.0,0.0,1.0,2.0,14.0,43,ccd-lea-2022
2022,0805040,CO0510,Kit Carson School District No. R-1,15.0,1.0,1.0,6.0,7.0,26.0,100,ccd-lea-2022
2022,0805160,CO1400,La Veta School District Re-2,22.0,1.0,1.0,8.0,11.0,48.0,238,ccd-lea-2022
2022,0805190,CO1510,Lake County School District No. R-1,65.0,0.0,3.0,28.0,32.0,178.0,979,ccd-lea-2022
2022,0805220,CO2660,Lamar School District No. Re-2,95.0,3.0,6.0,46.0,38.0,203.0,1522,ccd-lea-2022
2022,0805250,CO0290,Las Animas School District No. Re-1,40.0,0.0,1.0,14.0,23.0,145.0,822,ccd-lea-2022
2022,0805820,CO1080,Lewis-Palmer Consolidated School District No. 38 in the co,376.0,3.0,28.0,173.0,171.0,777.0,6496,ccd-lea-2022
2022,0800019,CO3230,Liberty J-4 School District,9.0,0.0,0.0,3.0,4.0,15.0,68,ccd-lea-2022
2022,0805280,CO1790,Limon School District No. Re 4J,31.0,0.0,2.0,15.0,13.0,58.0,457,ccd-lea-2022
2022,0805310,CO0140,Littleton School District No. 6 in the county of Arapahoe,791.0,5.0,56.0,357.0,371.0,1741.0,13450,ccd-lea-2022
2022,0805340,CO3060,Lone Star School District No. 101,12.0,0.0,1.0,5.0,6.0,21.0,124,ccd-lea-2022
2022,0805460,CO2070,Mancos School District Re-6,33.0,1.0,2.0,16.0,13.0,79.0,509,ccd-lea-2022
2022,0805490,CO1030,Manitou Springs School District No. 14 in the county of El,102.0,1.0,7.0,43.0,49.0,217.0,1317,ccd-lea-2022
2022,0805520,CO2535,Manzanola Joint District No. 3J of the counties of Otero a,13.0,0.0,0.0,7.0,6.0,31.0,163,ccd-lea-2022
2022,0805550,CO0010,Mapleton School District No. 1 in the county of Adams & St,403.0,23.0,32.0,167.0,179.0,893.0,7088,ccd-lea-2022
2022,0805580,CO0310,McClave School District No. Re-2,19.0,0.0,1.0,8.0,9.0,44.0,258,ccd-lea-2022
2022,0805610,CO2710,Meeker School District Re1,47.0,2.0,4.0,21.0,20.0,96.0,712,ccd-lea-2022
2022,0804350,CO2000,Mesa County Valley School District No. 51,1293.0,13.0,99.0,636.0,543.0,2827.0,20762,ccd-lea-2022
2022,0805670,CO1130,Miami-Yoder Joint District No. 60 of the counties of El Pas,19.0,0.0,1.0,8.0,9.0,58.0,340,ccd-lea-2022
2022,0805730,CO2020,Moffat County School District RE: No. 1,126.0,1.0,10.0,64.0,50.0,307.0,2092,ccd-lea-2022
2022,0805700,CO2800,Moffat School District No. 2 in the county of Saguache and,23.0,0.0,1.0,10.0,11.0,59.0,179,ccd-lea-2022
2022,0805760,CO2740,Monte Vista School District No. C-8,80.0,1.0,5.0,40.0,32.0,168.0,1033,ccd-lea-2022
2022,0803090,CO2035,Montezuma-Cortez School District No. Re-1,147.0,0.0,9.0,69.0,67.0,367.0,2449,ccd-lea-2022
2022,0805790,CO2180,Montrose County School District Re-1J,339.0,8.0,25.0,152.0,153.0,721.0,6029,ccd-lea-2022
2022,0899160,CO9030,Mountain BOCES,0.0,0.0,0.0,0.0,0.0,10.0,,ccd-lea-2022
2022,0806300,CO2790,Mountain Valley School District No. Re 1,14.0,0.0,0.0,7.0,6.0,41.0,221,ccd-lea-2022
2022,0800012,CO9140,Mt Evans BOCES,0.0,0.0,0.0,0.0,0.0,11.0,,ccd-lea-2022
2022,0805100,CO0550,North Conejos School District No. Re1J,70.0,0.0,3.0,32.0,34.0,123.0,988,ccd-lea-2022
2022,0807050,CO1410,North Park School District R-1,12.0,0.0,1.0,5.0,5.0,35.0,186,ccd-lea-2022
2022,0899180,CO9040,Northeast BOCES,1.0,1.0,0.0,0.0,0.0,47.0,,ccd-lea-2022
2022,0899220,CO9095,Northwest Colo BOCES,0.0,0.0,0.0,0.0,0.0,23.0,,ccd-lea-2022
2022,0805880,CO2840,Norwood School District No. R-2J,17.0,0.0,0.0,8.0,8.0,43.0,189,ccd-lea-2022
2022,0805940,CO3050,Otis School District No. R-3,17.0,0.0,1.0,8.0,7.0,41.0,201,ccd-lea-2022
2022,0805970,CO2580,Ouray School District No. R-1 of  the county of Ouray and,20.0,0.0,1.0,9.0,9.0,40.0,177,ccd-lea-2022
2022,0803840,CO2610,Park County School District No. Re-2,43.0,0.0,4.0,23.0,15.0,121.0,595,ccd-lea-2022
2022,0806060,CO1060,Peyton School District No. 23 in the county of El Paso and,46.0,0.0,3.0,16.0,26.0,105.0,600,ccd-lea-2022
2022,0899240,CO9045,Pikes Peak BOCES,6.0,0.0,0.0,3.0,2.0,84.0,,ccd-lea-2022
2022,0803030,CO1990,Plateau Valley School District No. 50 in the county of Mesa,24.0,0.0,1.0,8.0,14.0,51.0,314,ccd-lea-2022
2022,0802370,CO2600,Platte Canyon School District No. 1 of  the county of Park,54.0,0.0,3.0,24.0,25.0,121.0,797,ccd-lea-2022
2022,0803990,CO1550,Poudre School District R-1,1850.0,36.0,130.0,849.0,833.0,4050.0,29995,ccd-lea-2022
2022,0807260,CO1590,Primero Reorganized School District No. 2,17.0,0.0,1.0,5.0,9.0,40.0,258,ccd-lea-2022
2022,0806090,CO0240,Pritchett School District No. Re-3,8.0,0.0,0.0,3.0,3.0,13.0,59,ccd-lea-2022
2022,0806150,CO2700,Pueblo County School District 70,567.0,4.0,41.0,267.0,253.0,1140.0,10501,ccd-lea-2022
2022,0806120,CO2690,Pueblo School District No. 60 in the county of Pueblo and,862.0,13.0,71.0,437.0,341.0,1907.0,15025,ccd-lea-2022
2022,0806180,CO2720,Rangely School District RE4,35.0,1.0,3.0,15.0,15.0,95.0,488,ccd-lea-2022
2022,0806000,CO2865,Revere School District,14.0,0.0,1.0,7.0,6.0,25.0,113,ccd-lea-2022
2022,0806210,CO2590,Ridgway School District No. R-2  of  the county of Ouray a,31.0,1.0,1.0,12.0,16.0,63.0,332,ccd-lea-2022
2022,0899280,CO9125,Rio Blanco BOCES,0.0,0.0,0.0,0.0,0.0,11.0,,ccd-lea-2022
2022,0804260,CO1180,Roaring Fork School District No. Re-1,396.0,3.0,32.0,184.0,175.0,763.0,5771,ccd-lea-2022
2022,0806270,CO2530,Rocky Ford School District No. R2,52.0,0.0,4.0,24.0,23.0,126.0,632,ccd-lea-2022
2022,0806330,CO0500,Salida School District No. R-32,98.0,7.0,7.0,38.0,45.0,216.0,1327,ccd-lea-2022
2022,0899300,CO9050,San Juan boces,8.0,1.0,0.0,0.0,5.0,42.0,40,ccd-lea-2022
2022,0899320,CO9055,San Luis Valley BOCES,0.0,0.0,0.0,0.0,0.0,31.0,,ccd-lea-2022
2022,0806390,CO0560,Sanford School District No. 6 in the county of Conejos and,23.0,0.0,2.0,10.0,9.0,56.0,384,ccd-lea-2022
2022,0806420,CO0110,Sangre de Cristo School District No. Re-22J,22.0,1.0,2.0,9.0,9.0,37.0,259,ccd-lea-2022
2022,0800014,CO9150,Santa Fe Trail BOCES,1.0,1.0,0.0,0.0,0.0,12.0,,ccd-lea-2022
2022,0806450,CO2750,Sargent School District No. Re-33J,27.0,0.0,2.0,12.0,12.0,49.0,322,ccd-lea-2022
2022,0802580,CO0040,School District 27J,1159.0,35.0,80.0,525.0,518.0,2170.0,22713,ccd-lea-2022
2022,0801950,CO0030,School District N. 14 in the county of Adams & State of Colo,329.0,21.0,25.0,149.0,132.0,805.0,5692,ccd-lea-2022
2022,0803360,CO0880,School District No. 1 in the county of Denver and State of C,5947.0,579.0,374.0,2345.0,2647.0,13989.0,87883,ccd-lea-2022
2022,0806480,CO0990,School District No. 3 in the county of El Paso and State of,583.0,20.0,49.0,267.0,246.0,1229.0,9612,ccd-lea-2022
2022,0805010,CO0930,School District No. C-2 in the county of Elbert and State of,17.0,0.0,1.0,7.0,7.0,44.0,309,ccd-lea-2022
2022,0806780,CO1480,School District No. R-4 in the county of Kit Carson and Stat,16.0,0.0,1.0,8.0,6.0,39.0,221,ccd-lea-2022
2022,0806690,CO1828,School District No. Re-1 Valley,100.0,0.0,6.0,43.0,49.0,240.0,1972,ccd-lea-2022
2022,0802550,CO3146,School District No. Re-10 in the county of Weld and State o,19.0,0.0,1.0,10.0,7.0,36.0,177,ccd-lea-2022
2022,0806720,CO3147,School District No. Re-11 in the county of Weld and State of,16.0,0.0,1.0,6.0,8.0,27.0,189,ccd-lea-2022
2022,0804440,CO3148,School District No. Re-12 in the county of Weld and State of,10.0,0.0,0.0,4.0,5.0,21.0,65,ccd-lea-2022
2022,0802610,CO2395,School District No. Re-2 Brush,96.0,0.0,8.0,44.0,42.0,208.0,1366,ccd-lea-2022
2022,0807140,CO2505,School District No. Re-20 Weldon Valley,19.0,1.0,1.0,8.0,8.0,41.0,235,ccd-lea-2022
2022,0804050,CO2405,School District No. Re-3 Fort Morgan,213.0,8.0,16.0,101.0,88.0,514.0,3423,ccd-lea-2022
2022,0803930,CO1850,School District No. Re-3 Frenchman,21.0,1.0,1.0,9.0,9.0,37.0,221,ccd-lea-2022
2022,0805640,CO1860,School District No. Re-4 Buffalo,23.0,0.0,1.0,9.0,12.0,44.0,314,ccd-lea-2022
2022,0806030,CO1870,School District No. Re-5 Plateau,14.0,0.0,1.0,7.0,5.0,37.0,178,ccd-lea-2022
2022,0807290,CO2515,School District No. Re-50 Wiggins,46.0,0.0,4.0,23.0,19.0,109.0,862,ccd-lea-2022
2022,0806540,CO0123,Sheridan School District No. 2,75.0,10.0,3.0,25.0,36.0,208.0,1125,ccd-lea-2022
2022,0804140,CO0740,Sierra Grande School District No. R-30,19.0,0.0,1.0,8.0,8.0,49.0,289,ccd-lea-2022
2022,0806570,CO2820,Silverton School District No. 1 in the county of San Juan,10.0,0.0,0.0,3.0,6.0,19.0,87,ccd-lea-2022
2022,0899340,CO9060,South Central BOCES,4.0,3.0,0.0,0.0,0.0,40.0,,ccd-lea-2022
2022,0802130,CO0580,South Conejos School District No. Re10,17.0,0.0,1.0,7.0,8.0,51.0,174,ccd-lea-2022
2022,0805910,CO2780,South Routt School District No. Re 3,31.0,2.0,2.0,12.0,14.0,70.0,350,ccd-lea-2022
2022,0899400,CO9075,Southeastern BOCES,0.0,0.0,0.0,0.0,0.0,33.0,,ccd-lea-2022
2022,0806630,CO0250,Springfield School District No. Re-4,22.0,2.0,1.0,11.0,7.0,54.0,304,ccd-lea-2022
2022,0805370,CO0470,St. Vrain Valley School District No. Re1J,1931.0,69.0,135.0,896.0,829.0,3882.0,31894,ccd-lea-2022
2022,0800020,CO8001,State Charter School Institute,1130.0,12.0,89.0,520.0,507.0,2223.0,19239,ccd-lea-2022
2022,0806660,CO2770,Steamboat Springs School District No. Re 2,190.0,2.0,14.0,89.0,84.0,375.0,2664,ccd-lea-2022
2022,0806750,CO0060,Strasburg School District 31J,68.0,3.0,4.0,29.0,31.0,166.0,1209,ccd-lea-2022
2022,0806810,CO3000,Summit School District No. Re 1,275.0,10.0,16.0,132.0,116.0,506.0,3633,ccd-lea-2022
2022,0806840,CO2570,Swink School District No. 33 in the county of Otero and St,30.0,0.0,2.0,13.0,13.0,60.0,314,ccd-lea-2022
2022,0806870,CO2830,Telluride School District No. R-1,68.0,2.0,9.0,25.0,31.0,151.0,895,ccd-lea-2022
2022,0805400,CO1560,Thompson School District R-2J,918.0,24.0,64.0,398.0,430.0,2076.0,15083,ccd-lea-2022
2022,0806960,CO1580,Trinidad School District 1 in the county of Las Animas and,46.0,0.0,3.0,20.0,22.0,100.0,796,ccd-lea-2022
2022,0800013,CO9145,Uncompahgre BOCES,0.0,0.0,0.0,0.0,0.0,10.0,,ccd-lea-2022
2022,0803300,CO2730,Upper Rio Grande School District C-7,33.0,0.0,1.0,16.0,15.0,77.0,386,ccd-lea-2022
2022,0800022,CO9165,Ute Pass BOCES,2.0,0.0,0.0,0.0,1.0,17.0,,ccd-lea-2022
2022,0806990,CO0260,Vilas School District Re-5,8.0,0.0,0.0,3.0,4.0,23.0,69,ccd-lea-2022
2022,0807110,CO0230,Walsh School District No. Re-1,16.0,0.0,2.0,7.0,6.0,33.0,183,ccd-lea-2022
2022,0804200,CO3080,Weld County Reorganized School District No. Re-1,146.0,5.0,11.0,70.0,59.0,312.0,1837,ccd-lea-2022
2022,0807350,CO3100,Weld County Reorganized School District No. Re-4,475.0,10.0,31.0,231.0,201.0,962.0,8227,ccd-lea-2022
2022,0803600,CO3085,Weld County School District No. Re-2,123.0,0.0,9.0,58.0,54.0,235.0,1977,ccd-lea-2022
2022,0804830,CO3110,Weld County School District No. Re-5J,223.0,2.0,18.0,111.0,92.0,403.0,3869,ccd-lea-2022
2022,0804950,CO3130,Weld County School District No. Re-7,80.0,0.0,5.0,35.0,39.0,156.0,1094,ccd-lea-2022
2022,0802310,CO3145,Weld County School District No. Re-9,67.0,0.0,4.0,29.0,34.0,133.0,993,ccd-lea-2022
2022,0804920,CO3090,Weld County School District RE-3J,179.0,6.0,16.0,87.0,70.0,344.0,2785,ccd-lea-2022
2022,0804020,CO3140,Weld re-8 schools,139.0,5.0,10.0,62.0,61.0,309.0,2522,ccd-lea-2022
2022,0805850,CO2190,West End School District No. Re-2,19.0,0.0,1.0,9.0,8.0,64.0,260,ccd-lea-2022
2022,0805070,CO1340,West Grand School District No. 1,36.0,0.0,2.0,16.0,17.0,78.0,391,ccd-lea-2022
2022,0807230,CO0070,Westminster Public Schools,472.0,25.0,38.0,216.0,192.0,1026.0,8004,ccd-lea-2022
2022,0807320,CO2680,Wiley School District No. Re-13 Jt,22.0,1.0,1.0,9.0,10.0,52.0,266,ccd-lea-2022
2022,0807380,CO3020,Woodland Park School District No. Re-2,150.0,1.0,15.0,69.0,64.0,348.0,2010,ccd-lea-2022
2022,0807410,CO3070,Woodlin School District No. R-104,9.0,0.0,0.0,3.0,4.0,24.0,82,ccd-lea-2022
2022,0800017,CO3210,Wray RD-2 School District,48.0,0.0,3.0,22.0,22.0,112.0,724,ccd-lea-2022
2022,0800016,CO3200,Yuma 1 School District,60.0,1.0,6.0,28.0,24.0,130.0,886,ccd-lea-2022
2023,0801920,CO1040,Academy School District No. 20 in the county of El Paso an,1632.0,17.0,111.0,717.0,785.0,3410.0,25674,ccd-lea-2023
2023,0806900,CO0020,Adams 12 Five Star Schools,2028.0,18.0,153.0,935.0,921.0,4678.0,34998,ccd-lea-2023
2023,0800009,CO9120,Adams County BOCES,0.0,0.0,0.0,0.0,0.0,3.0,,ccd-lea-2023
2023,0801980,CO0960,Agate School District No. 300,8.0,1.0,1.0,2.0,3.0,18.0,75,ccd-lea-2023
2023,0802010,CO1620,Aguilar Reorganized School District No. 6,13.0,0.0,1.0,6.0,6.0,27.0,117,ccd-lea-2023
2023,0802040,CO3030,Akron School District No. R-1,36.0,1.0,2.0,15.0,16.0,73.0,415,ccd-lea-2023
2023,0802070,CO0100,Alamosa School District No. Re-11J,140.0,1.0,11.0,62.0,64.0,324.0,2056,ccd-lea-2023
2023,0802190,CO0220,Archuleta County School District No. 50 Jt,110.0,0.0,7.0,49.0,53.0,230.0,1604,ccd-lea-2023
2023,0802220,CO3040,Arickaree School District No. R-2,12.0,1.0,1.0,3.0,6.0,22.0,92,ccd-lea-2023
2023,0802260,CO1450,Arriba-Flagler Consolidated School District No. 20,17.0,0.0,1.0,10.0,6.0,41.0,175,ccd-lea-2023
2023,0802280,CO2640,Aspen School District No. 1 in the county of Pitkin and Sta,137.0,0.0,7.0,56.0,72.0,292.0,1554,ccd-lea-2023
2023,0802340,CO0180,Aurora Joint District No. 28 of the counties of Adams and A,2332.0,22.0,174.0,1146.0,987.0,5408.0,38178,ccd-lea-2023
2023,0802400,CO1530,Bayfield School District No. 10Jt-R,102.0,0.0,7.0,45.0,49.0,188.0,1253,ccd-lea-2023
2023,0802430,CO0050,Bennett School District No. 29J,94.0,0.0,10.0,47.0,36.0,184.0,1645,ccd-lea-2023
2023,0802460,CO1490,Bethune School District No. R- 5,13.0,0.0,0.0,6.0,6.0,29.0,110,ccd-lea-2023
2023,0806600,CO0940,Big Sandy School District No. 100J,30.0,0.0,2.0,14.0,14.0,62.0,328,ccd-lea-2023
2023,0802490,CO0480,Boulder Valley School District No. Re2,1649.0,35.0,107.0,733.0,773.0,3834.0,28357,ccd-lea-2023
2023,0802520,CO1750,Branson Reorganized School District No. 82,31.0,0.0,1.0,13.0,16.0,52.0,404,ccd-lea-2023
2023,0802640,CO0490,Buena Vista School District No. R-31,74.0,1.0,5.0,31.0,36.0,169.0,985,ccd-lea-2023
2023,0802670,CO1500,Burlington Public School District No. RE-6J,45.0,0.0,2.0,22.0,19.0,101.0,768,ccd-lea-2023
2023,0802700,CO0190,Byers School District No. 32J,135.0,0.0,5.0,39.0,90.0,230.0,6456,ccd-lea-2023
2023,0800287,CO8102,CMHI Pueblo,0.0,0.0,0.0,0.0,0.0,0.0,,ccd-lea-2023
2023,0802730,CO0970,Calhan District No. RJ1,37.0,1.0,2.0,14.0,19.0,81.0,436,ccd-lea-2023
2023,0802760,CO0270,Campo School District No. Re-6,4.0,0.0,0.0,2.0,2.0,14.0,31,ccd-lea-2023
2023,0899200,CO9035,Centennial BOCES,11.0,1.0,0.0,1.0,8.0,104.0,141,ccd-lea-2023
2023,0806360,CO0640,Centennial School District No. R-1,11.0,1.0,0.0,4.0,5.0,32.0,186,ccd-lea-2023
2023,0802850,CO2810,Center Consolidated School District No. 26 Jt. of the count,39.0,1.0,2.0,18.0,17.0,104.0,606,ccd-lea-2023
2023,0802880,CO2560,Cheraw School District No. 31 in the county of Otero and S,19.0,0.0,1.0,7.0,9.0,37.0,221,ccd-lea-2023
2023,0802910,CO0130,Cherry Creek School District No. 5 in the county of Arapah,3220.0,37.0,247.0,1454.0,1482.0,7440.0,51808,ccd-lea-2023
2023,0800001,CO0520,Cheyenne County School District No. Re-5,15.0,0.0,1.0,8.0,5.0,34.0,169,ccd-lea-2023
2023,0802940,CO1020,Cheyenne Mountain School District No. 12 in the county of E,250.0,6.0,16.0,107.0,120.0,477.0,3763,ccd-lea-2023
2023,0803000,CO0540,Clear Creek School District No. Re-1,50.0,3.0,3.0,22.0,21.0,129.0,652,ccd-lea-2023
2023,0800292,CO9175,Colorado River BOCES,16.0,0.0,0.0,0.0,16.0,54.0,165,ccd-lea-2023
2023,0800023,CO9000,Colorado School for the Deaf and Blind,34.0,3.0,2.0,10.0,18.0,165.0,160,ccd-lea-2023
2023,0803060,CO1010,Colorado Springs School District No. 11 in the county of E,1457.0,44.0,121.0,747.0,544.0,3578.0,22740,ccd-lea-2023
2023,0803150,CO2010,Creede School District,13.0,0.0,1.0,5.0,6.0,26.0,95,ccd-lea-2023
2023,0803180,CO3010,Cripple Creek-Victor School District No. Re-1,18.0,0.0,2.0,7.0,8.0,82.0,284,ccd-lea-2023
2023,0803210,CO0770,Crowley County School District No. Re-1-J,20.0,0.0,1.0,8.0,10.0,66.0,343,ccd-lea-2023
2023,0807200,CO0860,Custer County School District Consolidate 1,32.0,0.0,1.0,15.0,14.0,68.0,345,ccd-lea-2023
2023,0800004,CO9130,DENVER 1,25.0,0.0,3.0,9.0,12.0,38.0,379,ccd-lea-2023
2023,0803240,CO1980,De Beque Joint District No. 49 of the counties of Mesa and,15.0,0.0,1.0,9.0,4.0,31.0,166,ccd-lea-2023
2023,0803270,CO0170,Deer Trail School District No. 26J,27.0,1.0,2.0,13.0,10.0,54.0,361,ccd-lea-2023
2023,0803330,CO0870,Delta County Joint District No. 50,250.0,2.0,21.0,109.0,118.0,720.0,4489,ccd-lea-2023
2023,0800285,CO8103,Department of Corrections,0.0,0.0,0.0,0.0,0.0,0.0,0,ccd-lea-2023
2023,0800286,CO8104,Division of Youth Services,24.0,0.0,0.0,0.0,24.0,41.0,0,ccd-lea-2023
2023,0803420,CO0890,Dolores County School District RE-2J,20.0,1.0,1.0,8.0,9.0,56.0,252,ccd-lea-2023
2023,0803390,CO2055,Dolores School District No. Re-4A,49.0,3.0,2.0,22.0,21.0,109.0,680,ccd-lea-2023
2023,0803450,CO0900,Douglas County School District No. Re 1,3588.0,40.0,274.0,1664.0,1609.0,7955.0,61409,ccd-lea-2023
2023,0803480,CO1520,Durango School District No. 9-R,397.0,13.0,27.0,175.0,180.0,844.0,5146,ccd-lea-2023
2023,0800282,CO9170,EDUCATION REENVISIONED BOCES,229.0,0.0,10.0,72.0,146.0,349.0,4113,ccd-lea-2023
2023,0803720,CO0920,ELIZABETH SCHOOL DISTRICT,143.0,0.0,10.0,65.0,66.0,362.0,2346,ccd-lea-2023
2023,0803540,CO0910,Eagle County School District No. Re 50,500.0,16.0,36.0,223.0,224.0,1011.0,6492,ccd-lea-2023
2023,0899080,CO9025,East Central BOCES,12.0,3.0,0.0,4.0,4.0,88.0,,ccd-lea-2023
2023,0804320,CO1350,East Grand School District No. 2,103.0,1.0,8.0,48.0,45.0,203.0,1286,ccd-lea-2023
2023,0805130,CO2520,East Otero School District No. R1,92.0,0.0,9.0,50.0,31.0,219.0,1326,ccd-lea-2023
2023,0803630,CO1120,Edison Joint District No. 54 of the counties of El Paso and,8.0,0.0,1.0,5.0,2.0,20.0,46,ccd-lea-2023
2023,0803870,CO1110,El Paso County Colorado School District 49,1364.0,20.0,106.0,547.0,689.0,3000.0,24867,ccd-lea-2023
2023,0803690,CO0950,Elbert School District No. 200,21.0,1.0,1.0,8.0,10.0,50.0,279,ccd-lea-2023
2023,0803750,CO1050,Ellicott School District No. 22 in the county of El Paso a,64.0,2.0,5.0,26.0,29.0,191.0,990,ccd-lea-2023
2023,0803780,CO0120,Englewood School District No. 1 in the county of Arapahoe,164.0,2.0,14.0,70.0,76.0,391.0,2368,ccd-lea-2023
2023,0803810,CO1570,Estes Park School District R-3,74.0,4.0,5.0,31.0,33.0,157.0,971,ccd-lea-2023
2023,0804080,CO1000,Fountain School District No. 8 in the county of El Paso an,482.0,16.0,39.0,225.0,200.0,1055.0,7885,ccd-lea-2023
2023,0804110,CO2540,Fowler School District No. R4J,34.0,0.0,2.0,15.0,16.0,59.0,355,ccd-lea-2023
2023,0802790,CO1140,Fremont Re-1,218.0,6.0,20.0,103.0,88.0,499.0,3177,ccd-lea-2023
2023,0803960,CO1150,Fremont Re-2,82.0,2.0,7.0,37.0,35.0,216.0,1376,ccd-lea-2023
2023,0803120,CO1160,Fremont Re-3,16.0,0.0,0.0,8.0,8.0,40.0,167,ccd-lea-2023
2023,0800015,CO9160,Front Range BOCES,0.0,0.0,0.0,0.0,0.0,0.0,,ccd-lea-2023
2023,0806240,CO1195,Garfield School District No. Re-2,292.0,5.0,22.0,148.0,116.0,731.0,4786,ccd-lea-2023
2023,0804740,CO1780,Genoa-Hugo School District No. C-113,18.0,1.0,2.0,7.0,7.0,37.0,229,ccd-lea-2023
2023,0804230,CO1330,Gilpin County School District No. Re-1,30.0,1.0,2.0,12.0,14.0,57.0,390,ccd-lea-2023
2023,0804290,CO2650,Granada School District No. Re-1,21.0,1.0,1.0,8.0,10.0,41.0,202,ccd-lea-2023
2023,0800011,CO9135,Grand Valley BOCES,0.0,0.0,0.0,0.0,0.0,5.0,,ccd-lea-2023
2023,0804380,CO1220,Grand Valley School District No. 16 in the county of Garfi,78.0,0.0,8.0,35.0,33.0,187.0,1171,ccd-lea-2023
2023,0804410,CO3120,GreeleySchool District No. 6 in the county of Weld and Sta,1271.0,24.0,98.0,599.0,549.0,2757.0,22505,ccd-lea-2023
2023,0804470,CO1360,Gunnison Watershed School District Re1J,145.0,0.0,10.0,64.0,69.0,297.0,2065,ccd-lea-2023
2023,0804500,CO1070,Hanover School District No. 28 in the county of El Paso an,20.0,0.0,1.0,9.0,10.0,61.0,271,ccd-lea-2023
2023,0804530,CO0980,Harrison School District No. 2 in the county of El Paso an,776.0,0.0,63.0,402.0,310.0,1802.0,12024,ccd-lea-2023
2023,0804560,CO2630,Haxtun School District No. Re-2J,24.0,0.0,1.0,12.0,10.0,48.0,307,ccd-lea-2023
2023,0804590,CO2760,Hayden School District No. Re 1,34.0,1.0,3.0,16.0,13.0,68.0,446,ccd-lea-2023
2023,0806510,CO1460,Hi-Plains R-23,12.0,1.0,1.0,6.0,3.0,23.0,117,ccd-lea-2023
2023,0804620,CO1380,Hinsdale County School District No. Re-1,11.0,0.0,1.0,5.0,4.0,22.0,76,ccd-lea-2023
2023,0804650,CO1600,Hoehne Reorganized School District No. 3,17.0,0.0,1.0,8.0,7.0,40.0,293,ccd-lea-2023
2023,0804680,CO2670,Holly School District No. Re-3,18.0,1.0,1.0,7.0,8.0,47.0,267,ccd-lea-2023
2023,0804710,CO2620,Holyoke School District No. Re-1J,41.0,0.0,2.0,20.0,17.0,85.0,531,ccd-lea-2023
2023,0807080,CO1390,Huerfano School District Re-1,13.0,0.0,0.0,6.0,5.0,43.0,478,ccd-lea-2023
2023,0800018,CO3220,Idalia RJ-3 School District,17.0,1.0,1.0,7.0,7.0,34.0,164,ccd-lea-2023
2023,0804770,CO1540,Ignacio School District No. 11Jt,61.0,2.0,4.0,24.0,30.0,135.0,691,ccd-lea-2023
2023,0804800,CO1420,Jefferson County School District No. R-1,4448.0,128.0,318.0,1962.0,2039.0,10331.0,74251,ccd-lea-2023
2023,0804860,CO2862,Julesburg School District No. Re1,41.0,0.0,1.0,11.0,27.0,70.0,797,ccd-lea-2023
2023,0804890,CO1810,Karval School District No. Re 23,7.0,1.0,0.0,2.0,3.0,17.0,35,ccd-lea-2023
2023,0804980,CO1760,Kim Reorganized School District No. 88,7.0,0.0,0.0,2.0,4.0,15.0,26,ccd-lea-2023
2023,0803510,CO1430,Kiowa County School District No. Re-1,17.0,0.0,1.0,7.0,9.0,32.0,217,ccd-lea-2023
2023,0806930,CO1440,Kiowa County School District No. Re-2,6.0,0.0,0.0,3.0,3.0,14.0,30,ccd-lea-2023
2023,0805040,CO0510,Kit Carson School District No. R-1,16.0,1.0,1.0,7.0,6.0,26.0,107,ccd-lea-2023
2023,0805160,CO1400,La Veta School District Re-2,26.0,0.0,1.0,14.0,10.0,48.0,218,ccd-lea-2023
2023,0805190,CO1510,Lake County School District No. R-1,65.0,0.0,4.0,28.0,31.0,178.0,975,ccd-lea-2023
2023,0805220,CO2660,Lamar School District No. Re-2,97.0,3.0,7.0,47.0,38.0,213.0,1463,ccd-lea-2023
2023,0805250,CO0290,Las Animas School District No. Re-1,36.0,0.0,1.0,11.0,23.0,143.0,956,ccd-lea-2023
2023,0805820,CO1080,Lewis-Palmer Consolidated School District No. 38 in the co,372.0,8.0,28.0,152.0,183.0,850.0,6405,ccd-lea-2023
2023,0800019,CO3230,Liberty J-4 School District,11.0,1.0,0.0,3.0,5.0,17.0,64,ccd-lea-2023
2023,0805280,CO1790,Limon School District No. Re 4J,29.0,0.0,2.0,12.0,14.0,66.0,469,ccd-lea-2023
2023,0805310,CO0140,Littleton School District No. 6 in the county of Arapahoe,767.0,5.0,46.0,362.0,353.0,1809.0,13251,ccd-lea-2023
2023,0805340,CO3060,Lone Star School District No. 101,12.0,0.0,1.0,5.0,5.0,26.0,125,ccd-lea-2023
2023,0805460,CO2070,Mancos School District Re-6,35.0,0.0,3.0,18.0,14.0,87.0,521,ccd-lea-2023
2023,0805490,CO1030,Manitou Springs School District No. 14 in the county of El,100.0,3.0,5.0,43.0,49.0,209.0,1238,ccd-lea-2023
2023,0805520,CO2535,Manzanola Joint District No. 3J of the counties of Otero a,13.0,0.0,1.0,6.0,5.0,30.0,180,ccd-lea-2023
2023,0805550,CO0010,Mapleton School District No. 1 in the county of Adams & St,397.0,25.0,32.0,171.0,169.0,878.0,7016,ccd-lea-2023
2023,0805580,CO0310,McClave School District No. Re-2,18.0,0.0,1.0,9.0,8.0,45.0,231,ccd-lea-2023
2023,0805610,CO2710,Meeker School District Re1,44.0,2.0,4.0,17.0,20.0,93.0,720,ccd-lea-2023
2023,0804350,CO2000,Mesa County Valley School District No. 51,1271.0,72.0,87.0,572.0,539.0,2785.0,20078,ccd-lea-2023
2023,0805670,CO1130,Miami-Yoder Joint District No. 60 of the counties of El Pas,23.0,0.0,1.0,8.0,13.0,63.0,406,ccd-lea-2023
2023,0805730,CO2020,Moffat County School District RE: No. 1,132.0,1.0,10.0,72.0,47.0,328.0,1915,ccd-lea-2023
2023,0805700,CO2800,Moffat School District No. 2 in the county of Saguache and,20.0,0.0,1.0,9.0,9.0,53.0,189,ccd-lea-2023
2023,0805760,CO2740,Monte Vista School District No. C-8,74.0,1.0,4.0,34.0,33.0,174.0,1009,ccd-lea-2023
2023,0803090,CO2035,Montezuma-Cortez School District No. Re-1,164.0,0.0,11.0,75.0,77.0,377.0,2505,ccd-lea-2023
2023,0805790,CO2180,Montrose County School District Re-1J,332.0,7.0,22.0,150.0,152.0,746.0,6029,ccd-lea-2023
2023,0899160,CO9030,Mountain BOCES,0.0,0.0,0.0,0.0,0.0,11.0,,ccd-lea-2023
2023,0806300,CO2790,Mountain Valley School District No. Re 1,13.0,0.0,0.0,7.0,6.0,41.0,147,ccd-lea-2023
2023,0800012,CO9140,Mt Evans BOCES,4.0,0.0,0.0,2.0,0.0,20.0,,ccd-lea-2023
2023,0805100,CO0550,North Conejos School District No. Re1J,73.0,0.0,3.0,34.0,35.0,130.0,955,ccd-lea-2023
2023,0807050,CO1410,North Park School District R-1,13.0,0.0,1.0,5.0,6.0,35.0,155,ccd-lea-2023
2023,0899180,CO9040,Northeast BOCES,3.0,2.0,0.0,0.0,0.0,45.0,,ccd-lea-2023
2023,0899220,CO9095,Northwest Colorado BOCES,0.0,0.0,0.0,0.0,0.0,24.0,,ccd-lea-2023
2023,0805880,CO2840,Norwood School District No. R-2J,19.0,0.0,1.0,8.0,9.0,48.0,193,ccd-lea-2023
2023,0805940,CO3050,Otis School District No. R-3,19.0,0.0,1.0,9.0,8.0,39.0,198,ccd-lea-2023
2023,0805970,CO2580,Ouray School District No. R-1 of  the county of Ouray and,20.0,0.0,1.0,9.0,9.0,40.0,169,ccd-lea-2023
2023,0803840,CO2610,Park County School District No. Re-2,49.0,0.0,4.0,22.0,22.0,130.0,576,ccd-lea-2023
2023,0806060,CO1060,Peyton School District No. 23 in the county of El Paso and,42.0,0.0,2.0,16.0,23.0,95.0,605,ccd-lea-2023
2023,0899240,CO9045,Pikes Peak BOCES,4.0,0.0,0.0,1.0,2.0,73.0,,ccd-lea-2023
2023,0803030,CO1990,Plateau Valley School District No. 50 in the county of Mesa,22.0,0.0,1.0,8.0,11.0,52.0,309,ccd-lea-2023
2023,0802370,CO2600,Platte Canyon School District No. 1 of  the county of Park,55.0,0.0,3.0,25.0,26.0,127.0,740,ccd-lea-2023
2023,0803990,CO1550,Poudre School District R-1,1886.0,46.0,127.0,858.0,852.0,4316.0,29772,ccd-lea-2023
2023,0807260,CO1590,Primero Reorganized School District No. 2,16.0,0.0,1.0,6.0,7.0,37.0,251,ccd-lea-2023
2023,0806090,CO0240,Pritchett School District No. Re-3,9.0,0.0,0.0,4.0,3.0,16.0,61,ccd-lea-2023
2023,0806150,CO2700,Pueblo County School District 70,582.0,4.0,44.0,272.0,261.0,1219.0,10644,ccd-lea-2023
2023,0806120,CO2690,Pueblo School District No. 60 in the county of Pueblo and,835.0,12.0,74.0,421.0,328.0,1910.0,14567,ccd-lea-2023
2023,0806180,CO2720,Rangely School District RE4,36.0,1.0,3.0,13.0,17.0,90.0,502,ccd-lea-2023
2023,0806000,CO2865,Revere School District,15.0,0.0,1.0,7.0,7.0,27.0,145,ccd-lea-2023
2023,0806210,CO2590,Ridgway School District No. R-2  of  the county of Ouray a,30.0,1.0,1.0,11.0,16.0,62.0,330,ccd-lea-2023
2023,0899280,CO9125,Rio Blanco BOCES,0.0,0.0,0.0,0.0,0.0,12.0,,ccd-lea-2023
2023,0804260,CO1180,Roaring Fork School District No. Re-1,399.0,4.0,31.0,191.0,172.0,776.0,5841,ccd-lea-2023
2023,0806270,CO2530,Rocky Ford School District No. R2,53.0,0.0,4.0,23.0,25.0,122.0,616,ccd-lea-2023
2023,0806330,CO0500,Salida School District No. R-32,90.0,9.0,6.0,36.0,37.0,194.0,1322,ccd-lea-2023
2023,0899300,CO9050,San Juan BOCES,8.0,2.0,0.0,1.0,4.0,80.0,45,ccd-lea-2023
2023,0899320,CO9055,San Luis Valley BOCES,0.0,0.0,0.0,0.0,0.0,41.0,,ccd-lea-2023
2023,0806390,CO0560,Sanford School District No. 6 in the county of Conejos and,25.0,0.0,2.0,11.0,11.0,59.0,399,ccd-lea-2023
2023,0806420,CO0110,Sangre de Cristo School District No. Re-22J,26.0,1.0,2.0,9.0,13.0,48.0,277,ccd-lea-2023
2023,0800014,CO9150,Santa Fe Trail BOCES,0.0,0.0,0.0,0.0,0.0,15.0,,ccd-lea-2023
2023,0806450,CO2750,Sargent School District No. Re-33J,28.0,0.0,1.0,13.0,13.0,51.0,297,ccd-lea-2023
2023,0802580,CO0040,School District 27J,1222.0,34.0,87.0,561.0,539.0,2290.0,23139,ccd-lea-2023
2023,0801950,CO0030,School District N. 14 in the county of Adams & State of Colo,336.0,31.0,24.0,151.0,128.0,771.0,5484,ccd-lea-2023
2023,0803360,CO0880,School District No. 1 in the county of Denver and State of C,5954.0,564.0,380.0,2316.0,2693.0,14465.0,88258,ccd-lea-2023
2023,0806480,CO0990,School District No. 3 in the county of El Paso and State of,601.0,19.0,47.0,273.0,259.0,1297.0,9377,ccd-lea-2023
2023,0805010,CO0930,School District No. C-2 in the county of Elbert and State of,19.0,0.0,1.0,9.0,9.0,53.0,342,ccd-lea-2023
2023,0806780,CO1480,School District No. R-4 in the county of Kit Carson and Stat,14.0,0.0,1.0,6.0,7.0,35.0,219,ccd-lea-2023
2023,0806690,CO1828,School District No. Re-1 Valley,117.0,4.0,9.0,52.0,51.0,313.0,1887,ccd-lea-2023
2023,0802550,CO3146,School District No. Re-10 in the county of Weld and State o,21.0,0.0,1.0,10.0,9.0,38.0,172,ccd-lea-2023
2023,0806720,CO3147,School District No. Re-11 in the county of Weld and State of,18.0,0.0,1.0,7.0,8.0,27.0,178,ccd-lea-2023
2023,0804440,CO3148,School District No. Re-12 in the county of Weld and State of,13.0,0.0,0.0,5.0,6.0,23.0,68,ccd-lea-2023
2023,0802610,CO2395,School District No. Re-2 Brush,87.0,0.0,8.0,37.0,40.0,184.0,1429,ccd-lea-2023
2023,0807140,CO2505,School District No. Re-20 Weldon Valley,18.0,0.0,1.0,7.0,8.0,38.0,209,ccd-lea-2023
2023,0804050,CO2405,School District No. Re-3 Fort Morgan,225.0,11.0,16.0,107.0,90.0,551.0,3427,ccd-lea-2023
2023,0803930,CO1850,School District No. Re-3 Frenchman,21.0,1.0,1.0,9.0,9.0,37.0,221,ccd-lea-2023
2023,0805640,CO1860,School District No. Re-4 Buffalo,23.0,0.0,1.0,9.0,12.0,44.0,322,ccd-lea-2023
2023,0806030,CO1870,School District No. Re-5 Plateau,16.0,0.0,1.0,7.0,8.0,40.0,200,ccd-lea-2023
2023,0807290,CO2515,School District No. Re-50 Wiggins,54.0,0.0,4.0,26.0,23.0,121.0,880,ccd-lea-2023
2023,0806540,CO0123,Sheridan School District No. 2,70.0,9.0,3.0,22.0,35.0,213.0,1058,ccd-lea-2023
2023,0804140,CO0740,Sierra Grande School District No. R-30,19.0,0.0,1.0,9.0,8.0,50.0,302,ccd-lea-2023
2023,0806570,CO2820,Silverton School District No. 1 in the county of San Juan,9.0,0.0,0.0,4.0,4.0,21.0,75,ccd-lea-2023
2023,0899340,CO9060,South Central BOCES,3.0,2.0,0.0,0.0,0.0,42.0,,ccd-lea-2023
2023,0802130,CO0580,South Conejos School District No. Re10,17.0,1.0,1.0,8.0,7.0,50.0,182,ccd-lea-2023
2023,0805910,CO2780,South Routt School District No. Re 3,24.0,1.0,1.0,10.0,10.0,62.0,338,ccd-lea-2023
2023,0899400,CO9075,Southeastern BOCES,0.0,0.0,0.0,0.0,0.0,34.0,,ccd-lea-2023
2023,0806630,CO0250,Springfield School District No. Re-4,30.0,1.0,1.0,15.0,12.0,62.0,305,ccd-lea-2023
2023,0805370,CO0470,St. Vrain Valley School District No. Re1J,1954.0,67.0,135.0,906.0,844.0,4060.0,31757,ccd-lea-2023
2023,0800020,CO8001,State Charter School Institute,1163.0,20.0,85.0,526.0,531.0,2346.0,19593,ccd-lea-2023
2023,0806660,CO2770,Steamboat Springs School District No. Re 2,189.0,1.0,14.0,88.0,85.0,382.0,2572,ccd-lea-2023
2023,0806750,CO0060,Strasburg School District 31J,72.0,4.0,4.0,31.0,31.0,166.0,1187,ccd-lea-2023
2023,0806810,CO3000,Summit School District No. Re 1,274.0,10.0,17.0,126.0,119.0,488.0,3570,ccd-lea-2023
2023,0806840,CO2570,Swink School District No. 33 in the county of Otero and St,26.0,0.0,2.0,12.0,11.0,55.0,302,ccd-lea-2023
2023,0806870,CO2830,Telluride School District No. R-1,53.0,1.0,9.0,19.0,23.0,106.0,801,ccd-lea-2023
2023,0805400,CO1560,Thompson School District R-2J,915.0,28.0,61.0,401.0,423.0,2153.0,14907,ccd-lea-2023
2023,0806960,CO1580,Trinidad School District 1 in the county of Las Animas and,50.0,0.0,3.0,21.0,26.0,113.0,744,ccd-lea-2023
2023,0800013,CO9145,Uncompahgre BOCES,0.0,0.0,0.0,0.0,0.0,11.0,,ccd-lea-2023
2023,0803300,CO2730,Upper Rio Grande School District C-7,36.0,0.0,2.0,17.0,15.0,71.0,371,ccd-lea-2023
2023,0800022,CO9165,Ute Pass BOCES,2.0,0.0,0.0,0.0,1.0,21.0,,ccd-lea-2023
2023,0806990,CO0260,Vilas School District Re-5,10.0,0.0,0.0,3.0,5.0,19.0,58,ccd-lea-2023
2023,0807110,CO0230,Walsh School District No. Re-1,18.0,0.0,2.0,8.0,6.0,36.0,182,ccd-lea-2023
2023,0804200,CO3080,Weld County Reorganized School District No. Re-1,153.0,5.0,11.0,72.0,63.0,318.0,1768,ccd-lea-2023
2023,0807350,CO3100,Weld County Reorganized School District No. Re-4,503.0,9.0,39.0,243.0,211.0,1040.0,8458,ccd-lea-2023
2023,0803600,CO3085,Weld County School District No. Re-2,129.0,0.0,10.0,62.0,56.0,245.0,2007,ccd-lea-2023
2023,0804830,CO3110,Weld County School District No. Re-5J,227.0,3.0,15.0,111.0,97.0,423.0,3976,ccd-lea-2023
2023,0804950,CO3130,Weld County School District No. Re-7,82.0,3.0,5.0,33.0,39.0,163.0,1177,ccd-lea-2023
2023,0802310,CO3145,Weld County School District No. Re-9,68.0,0.0,4.0,29.0,34.0,139.0,960,ccd-lea-2023
2023,0804920,CO3090,Weld County School District RE-3J,175.0,8.0,14.0,85.0,68.0,336.0,2715,ccd-lea-2023
2023,0804020,CO3140,Weld re-8 schools,140.0,1.0,10.0,68.0,60.0,327.0,2497,ccd-lea-2023
2023,0805850,CO2190,West End School District No. Re-2,18.0,0.0,1.0,8.0,8.0,58.0,256,ccd-lea-2023
2023,0805070,CO1340,West Grand School District No. 1,30.0,0.0,2.0,13.0,14.0,70.0,409,ccd-lea-2023
2023,0807230,CO0070,Westminster Public Schools,444.0,24.0,36.0,205.0,178.0,986.0,7631,ccd-lea-2023
2023,0807320,CO2680,Wiley School District No. Re-13 Jt,26.0,1.0,1.0,12.0,11.0,58.0,266,ccd-lea-2023
2023,0807380,CO3020,Woodland Park School District No. Re-2,135.0,2.0,11.0,62.0,59.0,321.0,1903,ccd-lea-2023
2023,0807410,CO3070,Woodlin School District No. R-104,9.0,0.0,0.0,4.0,4.0,26.0,76,ccd-lea-2023
2023,0800017,CO3210,Wray RD-2 School District,49.0,0.0,5.0,22.0,20.0,113.0,733,ccd-lea-2023
2023,0800016,CO3200,Yuma 1 School District,59.0,1.0,5.0,28.0,24.0,124.0,843,ccd-lea-2023
2024,0801920,CO1040,Academy School District No. 20 in the county of El Paso an,1570.0,17.0,99.0,691.0,762.0,3474.0,25607,ccd-lea-2024
2024,0806900,CO0020,Adams 12 Five Star Schools,1997.0,18.0,149.0,925.0,903.0,4630.0,34466,ccd-lea-2024
2024,0800009,CO9120,Adams County BOCES,0.0,0.0,0.0,0.0,0.0,3.0,,ccd-lea-2024
2024,0801980,CO0960,Agate School District No. 300,8.0,1.0,1.0,2.0,4.0,14.0,85,ccd-lea-2024
2024,0802010,CO1620,Aguilar Reorganized School District No. 6,11.0,0.0,1.0,6.0,4.0,25.0,127,ccd-lea-2024
2024,0802040,CO3030,Akron School District No. R-1,36.0,1.0,2.0,16.0,16.0,72.0,411,ccd-lea-2024
2024,0802070,CO0100,Alamosa School District No. Re-11J,139.0,0.0,11.0,64.0,63.0,313.0,2038,ccd-lea-2024
2024,0802190,CO0220,Archuleta County School District No. 50 Jt,112.0,0.0,8.0,50.0,53.0,218.0,1588,ccd-lea-2024
2024,0802220,CO3040,Arickaree School District No. R-2,9.0,0.0,1.0,2.0,4.0,19.0,82,ccd-lea-2024
2024,0802260,CO1450,Arriba-Flagler Consolidated School District No. 20,16.0,0.0,1.0,8.0,6.0,42.0,186,ccd-lea-2024
2024,0802280,CO2640,Aspen School District No. 1 in the county of Pitkin and Sta,127.0,0.0,8.0,49.0,69.0,285.0,1584,ccd-lea-2024
2024,0802340,CO0180,Aurora Joint District No. 28 of the counties of Adams and A,2338.0,28.0,192.0,1133.0,983.0,5563.0,38702,ccd-lea-2024
2024,0802400,CO1530,Bayfield School District No. 10Jt-R,99.0,0.0,7.0,43.0,48.0,191.0,1183,ccd-lea-2024
2024,0802430,CO0050,Bennett School District No. 29J,91.0,0.0,9.0,46.0,35.0,193.0,1793,ccd-lea-2024
2024,0802460,CO1490,Bethune School District No. R- 5,12.0,0.0,1.0,4.0,6.0,28.0,99,ccd-lea-2024
2024,0806600,CO0940,Big Sandy School District No. 100J,31.0,0.0,2.0,14.0,14.0,60.0,329,ccd-lea-2024
2024,0800012,CO9140,Blue Sky BOCES,3.0,0.0,0.0,1.0,1.0,25.0,,ccd-lea-2024
2024,0802490,CO0480,Boulder Valley School District No. Re2,1591.0,33.0,105.0,705.0,746.0,3779.0,27988,ccd-lea-2024
2024,0802520,CO1750,Branson Reorganized School District No. 82,35.0,0.0,1.0,14.0,20.0,59.0,465,ccd-lea-2024
2024,0802640,CO0490,Buena Vista School District No. R-31,73.0,1.0,4.0,30.0,36.0,173.0,925,ccd-lea-2024
2024,0802670,CO1500,Burlington Public School District No. RE-6J,45.0,0.0,3.0,21.0,19.0,98.0,742,ccd-lea-2024
2024,0802700,CO0190,Byers School District No. 32J,166.0,0.0,5.0,42.0,118.0,260.0,6853,ccd-lea-2024
2024,0802730,CO0970,Calhan District No. RJ1,37.0,1.0,2.0,14.0,19.0,81.0,414,ccd-lea-2024
2024,0802760,CO0270,Campo School District No. Re-6,5.0,0.0,0.0,3.0,2.0,16.0,47,ccd-lea-2024
2024,0899200,CO9035,Centennial BOCES,12.0,2.0,0.0,2.0,7.0,102.0,122,ccd-lea-2024
2024,0806360,CO0640,Centennial School District No. R-1,15.0,1.0,1.0,6.0,6.0,43.0,186,ccd-lea-2024
2024,0802850,CO2810,Center Consolidated School District No. 26 Jt. of the count,45.0,0.0,3.0,22.0,19.0,140.0,628,ccd-lea-2024
2024,0802880,CO2560,Cheraw School District No. 31 in the county of Otero and S,13.0,0.0,1.0,6.0,5.0,28.0,209,ccd-lea-2024
2024,0802910,CO0130,Cherry Creek School District No. 5 in the county of Arapah,3212.0,38.0,253.0,1503.0,1417.0,7965.0,51980,ccd-lea-2024
2024,0800001,CO0520,Cheyenne County School District No. Re-5,16.0,0.0,1.0,9.0,5.0,36.0,174,ccd-lea-2024
2024,0802940,CO1020,Cheyenne Mountain School District No. 12 in the county of E,248.0,6.0,14.0,104.0,123.0,488.0,3745,ccd-lea-2024
2024,0803000,CO0540,Clear Creek School District No. Re-1,50.0,3.0,4.0,23.0,18.0,127.0,634,ccd-lea-2024
2024,0800287,CO8102,Colorado Mental Health Hospital in Pueblo,0.0,0.0,0.0,0.0,0.0,0.0,,ccd-lea-2024
2024,0800292,CO9175,Colorado River BOCES,12.0,0.0,0.0,0.0,11.0,55.0,181,ccd-lea-2024
2024,0800023,CO9000,Colorado School for the Deaf and Blind,30.0,3.0,1.0,9.0,16.0,156.0,167,ccd-lea-2024
2024,0803060,CO1010,Colorado Springs School District No. 11 in the county of E,1491.0,53.0,136.0,773.0,528.0,3773.0,22227,ccd-lea-2024
2024,0803150,CO2010,Creede School District,15.0,0.0,0.0,7.0,7.0,31.0,92,ccd-lea-2024
2024,0803180,CO3010,Cripple Creek-Victor School District No. Re-1,18.0,0.0,1.0,6.0,11.0,71.0,298,ccd-lea-2024
2024,0803210,CO0770,Crowley County School District No. Re-1-J,21.0,0.0,1.0,10.0,9.0,62.0,330,ccd-lea-2024
2024,0807200,CO0860,Custer County School District Consolidate 1,29.0,0.0,1.0,15.0,12.0,66.0,313,ccd-lea-2024
2024,0800004,CO9130,DENVER 1,23.0,0.0,3.0,8.0,11.0,34.0,382,ccd-lea-2024
2024,0803240,CO1980,De Beque Joint District No. 49 of the counties of Mesa and,13.0,0.0,1.0,8.0,4.0,26.0,179,ccd-lea-2024
2024,0803270,CO0170,Deer Trail School District No. 26J,28.0,1.0,1.0,13.0,11.0,56.0,327,ccd-lea-2024
2024,0803330,CO0870,Delta County Joint District No. 50,263.0,2.0,19.0,118.0,122.0,707.0,4396,ccd-lea-2024
2024,0800285,CO8103,Department of Corrections,0.0,0.0,0.0,0.0,0.0,0.0,0,ccd-lea-2024
2024,0800286,CO8104,Division of Youth Services,21.0,0.0,0.0,0.0,21.0,32.0,0,ccd-lea-2024
2024,0803420,CO0890,Dolores County School District RE-2J,20.0,1.0,1.0,8.0,9.0,49.0,262,ccd-lea-2024
2024,0803390,CO2055,Dolores School District No. Re-4A,52.0,4.0,2.0,18.0,27.0,117.0,668,ccd-lea-2024
2024,0803450,CO0900,Douglas County School District No. Re 1,3515.0,48.0,279.0,1687.0,1500.0,8148.0,61243,ccd-lea-2024
2024,0803480,CO1520,Durango School District No. 9-R,340.0,15.0,27.0,157.0,140.0,793.0,4337,ccd-lea-2024
2024,0800282,CO9170,EDUCATION REENVISIONED BOCES,243.0,0.0,10.0,78.0,154.0,389.0,5083,ccd-lea-2024
2024,0803720,CO0920,ELIZABETH SCHOOL DISTRICT,143.0,1.0,11.0,67.0,63.0,362.0,2282,ccd-lea-2024
2024,0803540,CO0910,Eagle County School District No. Re 50,499.0,17.0,39.0,224.0,218.0,1021.0,6309,ccd-lea-2024
2024,0899080,CO9025,East Central BOCES,12.0,2.0,1.0,5.0,2.0,93.0,,ccd-lea-2024
2024,0804320,CO1350,East Grand School District No. 2,102.0,2.0,8.0,50.0,41.0,206.0,1300,ccd-lea-2024
2024,0805130,CO2520,East Otero School District No. R1,90.0,0.0,7.0,45.0,37.0,207.0,1284,ccd-lea-2024
2024,0803630,CO1120,Edison Joint District No. 54 of the counties of El Paso and,8.0,0.0,0.0,3.0,3.0,19.0,56,ccd-lea-2024
2024,0803870,CO1110,El Paso County Colorado School District 49,1380.0,22.0,92.0,555.0,709.0,3183.0,25689,ccd-lea-2024
2024,0803690,CO0950,Elbert School District No. 200,23.0,1.0,1.0,10.0,10.0,47.0,277,ccd-lea-2024
2024,0803750,CO1050,Ellicott School District No. 22 in the county of El Paso a,71.0,5.0,5.0,30.0,30.0,180.0,1009,ccd-lea-2024
2024,0803780,CO0120,Englewood School District No. 1 in the county of Arapahoe,165.0,2.0,13.0,73.0,76.0,401.0,2406,ccd-lea-2024
2024,0803810,CO1570,Estes Park School District R-3,69.0,3.0,5.0,31.0,28.0,162.0,882,ccd-lea-2024
2024,0804080,CO1000,Fountain School District No. 8 in the county of El Paso an,484.0,23.0,41.0,223.0,195.0,1091.0,7955,ccd-lea-2024
2024,0804110,CO2540,Fowler School District No. R4J,34.0,0.0,2.0,15.0,16.0,63.0,342,ccd-lea-2024
2024,0802790,CO1140,Fremont Re-1,210.0,6.0,20.0,105.0,77.0,507.0,3191,ccd-lea-2024
2024,0803960,CO1150,Fremont Re-2,85.0,2.0,7.0,35.0,39.0,224.0,1294,ccd-lea-2024
2024,0803120,CO1160,Fremont Re-3,16.0,0.0,0.0,8.0,7.0,42.0,155,ccd-lea-2024
2024,0800015,CO9160,Front Range BOCES,0.0,0.0,0.0,0.0,0.0,0.0,,ccd-lea-2024
2024,0806240,CO1195,Garfield School District No. Re-2,268.0,7.0,19.0,127.0,114.0,674.0,4695,ccd-lea-2024
2024,0804740,CO1780,Genoa-Hugo School District No. C-113,17.0,1.0,2.0,7.0,6.0,39.0,220,ccd-lea-2024
2024,0804230,CO1330,Gilpin County School District No. Re-1,28.0,1.0,2.0,11.0,14.0,51.0,392,ccd-lea-2024
2024,0804290,CO2650,Granada School District No. Re-1,21.0,1.0,1.0,9.0,10.0,41.0,210,ccd-lea-2024
2024,0800011,CO9135,Grand Valley BOCES,0.0,0.0,0.0,0.0,0.0,4.0,,ccd-lea-2024
2024,0804380,CO1220,Grand Valley School District No. 16 in the county of Garfi,79.0,0.0,7.0,39.0,32.0,195.0,1212,ccd-lea-2024
2024,0804410,CO3120,GreeleySchool District No. 6 in the county of Weld and Sta,1238.0,16.0,97.0,585.0,539.0,2725.0,22917,ccd-lea-2024
2024,0804470,CO1360,Gunnison Watershed School District Re1J,142.0,0.0,8.0,64.0,68.0,290.0,2095,ccd-lea-2024
2024,0804500,CO1070,Hanover School District No. 28 in the county of El Paso an,19.0,0.0,1.0,8.0,9.0,56.0,264,ccd-lea-2024
2024,0804530,CO0980,Harrison School District No. 2 in the county of El Paso an,827.0,0.0,70.0,412.0,345.0,2020.0,11938,ccd-lea-2024
2024,0804560,CO2630,Haxtun School District No. Re-2J,24.0,1.0,1.0,10.0,11.0,54.0,297,ccd-lea-2024
2024,0804590,CO2760,Hayden School District No. Re 1,33.0,0.0,2.0,16.0,13.0,70.0,444,ccd-lea-2024
2024,0806510,CO1460,Hi-Plains R-23,14.0,1.0,1.0,6.0,5.0,28.0,96,ccd-lea-2024
2024,0804620,CO1380,Hinsdale County School District No. Re-1,10.0,0.0,0.0,4.0,5.0,22.0,75,ccd-lea-2024
2024,0804650,CO1600,Hoehne Reorganized School District No. 3,16.0,0.0,1.0,8.0,7.0,37.0,271,ccd-lea-2024
2024,0804680,CO2670,Holly School District No. Re-3,20.0,1.0,1.0,7.0,10.0,50.0,276,ccd-lea-2024
2024,0804710,CO2620,Holyoke School District No. Re-1J,44.0,0.0,3.0,20.0,19.0,88.0,512,ccd-lea-2024
2024,0807080,CO1390,Huerfano School District Re-1,30.0,2.0,2.0,15.0,10.0,82.0,442,ccd-lea-2024
2024,0800018,CO3220,Idalia RJ-3 School District,15.0,1.0,1.0,6.0,7.0,33.0,150,ccd-lea-2024
2024,0804770,CO1540,Ignacio School District No. 11Jt,61.0,2.0,3.0,25.0,30.0,138.0,633,ccd-lea-2024
2024,0804800,CO1420,Jefferson County School District No. R-1,4414.0,157.0,319.0,1955.0,1981.0,10448.0,73532,ccd-lea-2024
2024,0804860,CO2862,Julesburg School District No. Re1,29.0,1.0,1.0,10.0,17.0,56.0,668,ccd-lea-2024
2024,0804890,CO1810,Karval School District No. Re 23,5.0,1.0,0.0,1.0,2.0,16.0,29,ccd-lea-2024
2024,0804980,CO1760,Kim Reorganized School District No. 88,7.0,0.0,0.0,2.0,4.0,10.0,25,ccd-lea-2024
2024,0803510,CO1430,Kiowa County School District No. Re-1,18.0,0.0,1.0,7.0,9.0,29.0,211,ccd-lea-2024
2024,0806930,CO1440,Kiowa County School District No. Re-2,7.0,0.0,0.0,3.0,3.0,17.0,32,ccd-lea-2024
2024,0805040,CO0510,Kit Carson School District No. R-1,15.0,1.0,1.0,7.0,6.0,28.0,109,ccd-lea-2024
2024,0805160,CO1400,La Veta School District Re-2,16.0,0.0,1.0,9.0,6.0,41.0,238,ccd-lea-2024
2024,0805190,CO1510,Lake County School District No. R-1,59.0,0.0,4.0,25.0,28.0,159.0,931,ccd-lea-2024
2024,0805220,CO2660,Lamar School District No. Re-2,92.0,2.0,7.0,45.0,38.0,204.0,1397,ccd-lea-2024
2024,0805250,CO0290,Las Animas School District No. Re-1,37.0,0.0,1.0,9.0,26.0,135.0,906,ccd-lea-2024
2024,0805820,CO1080,Lewis-Palmer Consolidated School District No. 38 in the co,369.0,11.0,19.0,169.0,169.0,848.0,6332,ccd-lea-2024
2024,0800019,CO3230,Liberty J-4 School District,10.0,1.0,0.0,3.0,5.0,17.0,76,ccd-lea-2024
2024,0805280,CO1790,Limon School District No. Re 4J,31.0,0.0,3.0,14.0,13.0,66.0,451,ccd-lea-2024
2024,0805310,CO0140,Littleton School District No. 6 in the county of Arapahoe,766.0,5.0,52.0,338.0,369.0,1859.0,13109,ccd-lea-2024
2024,0805340,CO3060,Lone Star School District No. 101,11.0,0.0,1.0,5.0,4.0,25.0,119,ccd-lea-2024
2024,0805460,CO2070,Mancos School District Re-6,34.0,0.0,2.0,17.0,14.0,86.0,511,ccd-lea-2024
2024,0805490,CO1030,Manitou Springs School District No. 14 in the county of El,93.0,2.0,5.0,42.0,43.0,196.0,1147,ccd-lea-2024
2024,0805520,CO2535,Manzanola Joint District No. 3J of the counties of Otero a,14.0,0.0,1.0,6.0,6.0,33.0,174,ccd-lea-2024
2024,0805550,CO0010,Mapleton School District No. 1 in the county of Adams & St,404.0,25.0,31.0,183.0,163.0,914.0,7095,ccd-lea-2024
2024,0805580,CO0310,McClave School District No. Re-2,19.0,0.0,1.0,9.0,9.0,43.0,231,ccd-lea-2024
2024,0805610,CO2710,Meeker School District Re1,48.0,2.0,2.0,21.0,21.0,95.0,672,ccd-lea-2024
2024,0804350,CO2000,Mesa County Valley School District No. 51,1260.0,21.0,95.0,582.0,561.0,2763.0,19753,ccd-lea-2024
2024,0805670,CO1130,Miami-Yoder Joint District No. 60 of the counties of El Pas,20.0,0.0,1.0,7.0,11.0,66.0,398,ccd-lea-2024
2024,0805730,CO2020,Moffat County School District RE: No. 1,134.0,1.0,12.0,67.0,53.0,343.0,1821,ccd-lea-2024
2024,0805700,CO2800,Moffat School District No. 2 in the county of Saguache and,17.0,0.0,1.0,8.0,8.0,41.0,199,ccd-lea-2024
2024,0805760,CO2740,Monte Vista School District No. C-8,77.0,0.0,5.0,37.0,35.0,174.0,975,ccd-lea-2024
2024,0803090,CO2035,Montezuma-Cortez School District No. Re-1,150.0,0.0,11.0,76.0,62.0,347.0,2380,ccd-lea-2024
2024,0805790,CO2180,Montrose County School District Re-1J,352.0,7.0,24.0,154.0,166.0,784.0,5977,ccd-lea-2024
2024,0899160,CO9030,Mountain BOCES,0.0,0.0,0.0,0.0,0.0,14.0,,ccd-lea-2024
2024,0806300,CO2790,Mountain Valley School District No. Re 1,12.0,0.0,0.0,6.0,5.0,35.0,105,ccd-lea-2024
2024,0805100,CO0550,North Conejos School District No. Re1J,67.0,0.0,3.0,32.0,30.0,124.0,927,ccd-lea-2024
2024,0807050,CO1410,North Park School District R-1,12.0,0.0,1.0,5.0,6.0,37.0,144,ccd-lea-2024
2024,0899180,CO9040,Northeast BOCES,2.0,1.0,0.0,0.0,0.0,47.0,,ccd-lea-2024
2024,0899220,CO9095,Northwest Colorado BOCES,0.0,0.0,0.0,0.0,0.0,21.0,,ccd-lea-2024
2024,0805880,CO2840,Norwood School District No. R-2J,16.0,0.0,1.0,6.0,8.0,45.0,191,ccd-lea-2024
2024,0805940,CO3050,Otis School District No. R-3,17.0,0.0,1.0,10.0,5.0,41.0,192,ccd-lea-2024
2024,0805970,CO2580,Ouray School District No. R-1 of  the county of Ouray and,21.0,0.0,1.0,9.0,10.0,42.0,180,ccd-lea-2024
2024,0803840,CO2610,Park County School District No. Re-2,34.0,0.0,3.0,18.0,13.0,84.0,576,ccd-lea-2024
2024,0806060,CO1060,Peyton School District No. 23 in the county of El Paso and,41.0,0.0,2.0,17.0,22.0,103.0,596,ccd-lea-2024
2024,0899240,CO9045,Pikes Peak BOCES,6.0,1.0,0.0,2.0,2.0,117.0,,ccd-lea-2024
2024,0803030,CO1990,Plateau Valley School District No. 50 in the county of Mesa,23.0,0.0,1.0,9.0,13.0,56.0,303,ccd-lea-2024
2024,0802370,CO2600,Platte Canyon School District No. 1 of  the county of Park,53.0,0.0,3.0,24.0,24.0,117.0,688,ccd-lea-2024
2024,0803990,CO1550,Poudre School District R-1,1874.0,47.0,124.0,854.0,847.0,4374.0,29381,ccd-lea-2024
2024,0807260,CO1590,Primero Reorganized School District No. 2,15.0,0.0,1.0,5.0,8.0,29.0,213,ccd-lea-2024
2024,0806090,CO0240,Pritchett School District No. Re-3,9.0,0.0,0.0,4.0,4.0,16.0,64,ccd-lea-2024
2024,0806150,CO2700,Pueblo County School District 70,563.0,5.0,43.0,261.0,253.0,1150.0,10386,ccd-lea-2024
2024,0806120,CO2690,Pueblo School District No. 60 in the county of Pueblo and,845.0,12.0,72.0,426.0,334.0,1897.0,14104,ccd-lea-2024
2024,0806180,CO2720,Rangely School District RE4,38.0,2.0,3.0,16.0,16.0,90.0,485,ccd-lea-2024
2024,0806000,CO2865,Revere School District,15.0,0.0,1.0,7.0,7.0,28.0,144,ccd-lea-2024
2024,0806210,CO2590,Ridgway School District No. R-2  of  the county of Ouray a,30.0,1.0,1.0,11.0,16.0,66.0,320,ccd-lea-2024
2024,0899280,CO9125,Rio Blanco BOCES,0.0,0.0,0.0,0.0,0.0,11.0,,ccd-lea-2024
2024,0804260,CO1180,Roaring Fork School District No. Re-1,410.0,2.0,30.0,196.0,179.0,825.0,5839,ccd-lea-2024
2024,0806270,CO2530,Rocky Ford School District No. R2,51.0,0.0,4.0,22.0,24.0,120.0,576,ccd-lea-2024
2024,0806330,CO0500,Salida School District No. R-32,101.0,11.0,6.0,39.0,44.0,221.0,1351,ccd-lea-2024
2024,0899300,CO9050,San Juan BOCES,5.0,2.0,0.0,0.0,2.0,72.0,48,ccd-lea-2024
2024,0899320,CO9055,San Luis Valley BOCES,1.0,0.0,0.0,0.0,0.0,51.0,,ccd-lea-2024
2024,0806390,CO0560,Sanford School District No. 6 in the county of Conejos and,24.0,0.0,2.0,10.0,11.0,57.0,384,ccd-lea-2024
2024,0806420,CO0110,Sangre de Cristo School District No. Re-22J,24.0,1.0,1.0,8.0,13.0,46.0,256,ccd-lea-2024
2024,0800014,CO9150,Santa Fe Trail BOCES,0.0,0.0,0.0,0.0,0.0,13.0,,ccd-lea-2024
2024,0806450,CO2750,Sargent School District No. Re-33J,24.0,0.0,1.0,10.0,13.0,50.0,293,ccd-lea-2024
2024,0802580,CO0040,School District 27J,1231.0,36.0,83.0,547.0,563.0,2470.0,24046,ccd-lea-2024
2024,0801950,CO0030,School District N. 14 in the county of Adams & State of Colo,318.0,16.0,21.0,141.0,139.0,758.0,5221,ccd-lea-2024
2024,0803360,CO0880,School District No. 1 in the county of Denver and State of C,6006.0,516.0,395.0,2411.0,2683.0,15012.0,90471,ccd-lea-2024
2024,0806480,CO0990,School District No. 3 in the county of El Paso and State of,577.0,18.0,41.0,263.0,254.0,1290.0,9290,ccd-lea-2024
2024,0805010,CO0930,School District No. C-2 in the county of Elbert and State of,25.0,2.0,1.0,11.0,9.0,56.0,292,ccd-lea-2024
2024,0806780,CO1480,School District No. R-4 in the county of Kit Carson and Stat,17.0,0.0,1.0,8.0,7.0,36.0,219,ccd-lea-2024
2024,0806690,CO1828,School District No. Re-1 Valley,130.0,5.0,10.0,56.0,57.0,351.0,1910,ccd-lea-2024
2024,0802550,CO3146,School District No. Re-10 in the county of Weld and State o,20.0,1.0,1.0,8.0,9.0,34.0,172,ccd-lea-2024
2024,0806720,CO3147,School District No. Re-11 in the county of Weld and State of,16.0,0.0,1.0,6.0,8.0,27.0,163,ccd-lea-2024
2024,0804440,CO3148,School District No. Re-12 in the county of Weld and State of,10.0,0.0,1.0,4.0,3.0,21.0,61,ccd-lea-2024
2024,0802610,CO2395,School District No. Re-2 Brush,83.0,0.0,8.0,33.0,40.0,190.0,1420,ccd-lea-2024
2024,0807140,CO2505,School District No. Re-20 Weldon Valley,18.0,0.0,1.0,8.0,9.0,39.0,215,ccd-lea-2024
2024,0804050,CO2405,School District No. Re-3 Fort Morgan,229.0,10.0,16.0,110.0,93.0,579.0,3451,ccd-lea-2024
2024,0803930,CO1850,School District No. Re-3 Frenchman,18.0,1.0,1.0,9.0,6.0,39.0,221,ccd-lea-2024
2024,0805640,CO1860,School District No. Re-4 Buffalo,20.0,0.0,1.0,9.0,9.0,44.0,314,ccd-lea-2024
2024,0806030,CO1870,School District No. Re-5 Plateau,16.0,0.0,1.0,7.0,7.0,41.0,204,ccd-lea-2024
2024,0807290,CO2515,School District No. Re-50 Wiggins,56.0,0.0,4.0,27.0,24.0,126.0,913,ccd-lea-2024
2024,0806540,CO0123,Sheridan School District No. 2,68.0,9.0,4.0,21.0,33.0,186.0,1018,ccd-lea-2024
2024,0804140,CO0740,Sierra Grande School District No. R-30,14.0,1.0,1.0,6.0,5.0,37.0,307,ccd-lea-2024
2024,0806570,CO2820,Silverton School District No. 1 in the county of San Juan,7.0,0.0,0.0,3.0,2.0,17.0,72,ccd-lea-2024
2024,0899340,CO9060,South Central BOCES,2.0,2.0,0.0,0.0,0.0,38.0,,ccd-lea-2024
2024,0802130,CO0580,South Conejos School District No. Re10,17.0,0.0,1.0,8.0,7.0,42.0,196,ccd-lea-2024
2024,0805910,CO2780,South Routt School District No. Re 3,26.0,1.0,1.0,10.0,12.0,64.0,326,ccd-lea-2024
2024,0899400,CO9075,Southeastern BOCES,0.0,0.0,0.0,0.0,0.0,29.0,,ccd-lea-2024
2024,0806630,CO0250,Springfield School District No. Re-4,29.0,1.0,2.0,14.0,11.0,60.0,284,ccd-lea-2024
2024,0805370,CO0470,St. Vrain Valley School District No. Re1J,1956.0,65.0,132.0,919.0,839.0,4156.0,31607,ccd-lea-2024
2024,0800020,CO8001,State Charter School Institute,1171.0,18.0,93.0,545.0,515.0,2489.0,19960,ccd-lea-2024
2024,0806660,CO2770,Steamboat Springs School District No. Re 2,194.0,1.0,13.0,92.0,88.0,407.0,2509,ccd-lea-2024
2024,0806750,CO0060,Strasburg School District 31J,66.0,3.0,4.0,30.0,28.0,154.0,1180,ccd-lea-2024
2024,0806810,CO3000,Summit School District No. Re 1,273.0,14.0,21.0,123.0,114.0,506.0,3473,ccd-lea-2024
2024,0806840,CO2570,Swink School District No. 33 in the county of Otero and St,24.0,0.0,2.0,13.0,8.0,53.0,290,ccd-lea-2024
2024,0806870,CO2830,Telluride School District No. R-1,64.0,0.0,10.0,24.0,28.0,134.0,802,ccd-lea-2024
2024,0805400,CO1560,Thompson School District R-2J,933.0,31.0,60.0,403.0,437.0,2226.0,14580,ccd-lea-2024
2024,0806960,CO1580,Trinidad School District 1 in the county of Las Animas and,43.0,0.0,2.0,21.0,20.0,94.0,769,ccd-lea-2024
2024,0800013,CO9145,Uncompahgre BOCES,0.0,0.0,0.0,0.0,0.0,9.0,,ccd-lea-2024
2024,0803300,CO2730,Upper Rio Grande School District C-7,35.0,0.0,2.0,17.0,14.0,74.0,360,ccd-lea-2024
2024,0800022,CO9165,Ute Pass BOCES,2.0,0.0,0.0,0.0,1.0,17.0,,ccd-lea-2024
2024,0806990,CO0260,Vilas School District Re-5,8.0,0.0,0.0,3.0,4.0,16.0,53,ccd-lea-2024
2024,0807110,CO0230,Walsh School District No. Re-1,16.0,0.0,2.0,7.0,5.0,32.0,177,ccd-lea-2024
2024,0804200,CO3080,Weld County Reorganized School District No. Re-1,128.0,3.0,9.0,62.0,53.0,266.0,1727,ccd-lea-2024
2024,0807350,CO3100,Weld County Reorganized School District No. Re-4,518.0,12.0,45.0,241.0,219.0,1127.0,8728,ccd-lea-2024
2024,0803600,CO3085,Weld County School District No. Re-2,127.0,0.0,10.0,64.0,52.0,254.0,2000,ccd-lea-2024
2024,0804830,CO3110,Weld County School District No. Re-5J,234.0,3.0,15.0,112.0,102.0,476.0,4055,ccd-lea-2024
2024,0804950,CO3130,Weld County School District No. Re-7,83.0,3.0,5.0,34.0,39.0,165.0,1195,ccd-lea-2024
2024,0802310,CO3145,Weld County School District No. Re-9,64.0,0.0,4.0,27.0,32.0,138.0,976,ccd-lea-2024
2024,0804920,CO3090,Weld County School District RE-3J,172.0,8.0,14.0,82.0,67.0,337.0,2666,ccd-lea-2024
2024,0804020,CO3140,Weld re-8 schools,148.0,1.0,12.0,71.0,63.0,340.0,2503,ccd-lea-2024
2024,0805850,CO2190,West End School District No. Re-2,18.0,0.0,1.0,7.0,9.0,55.0,260,ccd-lea-2024
2024,0805070,CO1340,West Grand School District No. 1,32.0,0.0,1.0,14.0,16.0,78.0,385,ccd-lea-2024
2024,0807230,CO0070,Westminster Public Schools,428.0,20.0,35.0,200.0,171.0,977.0,7724,ccd-lea-2024
2024,0807320,CO2680,Wiley School District No. Re-13 Jt,24.0,0.0,1.0,13.0,9.0,52.0,270,ccd-lea-2024
2024,0807380,CO3020,Woodland Park School District No. Re-2,123.0,1.0,10.0,48.0,62.0,302.0,1744,ccd-lea-2024
2024,0807410,CO3070,Woodlin School District No. R-104,8.0,0.0,0.0,4.0,3.0,25.0,74,ccd-lea-2024
2024,0800017,CO3210,Wray RD-2 School District,48.0,0.0,5.0,21.0,21.0,114.0,731,ccd-lea-2024
2024,0800016,CO3200,Yuma 1 School District,61.0,1.0,5.0,28.0,26.0,130.0,802,ccd-lea-2024
