{
"type": "FeatureCollection",
"name": "Subcommunities",
"crs": { "type": "name", "properties": { "name": "urn:ogc:def:crs:OGC:1.3:CRS84" } },
"features": [
{ "type": "Feature", "properties": { "OBJECTID": 4, "SUBCOMMUNITY": "Gunbarrel", "SHAPESTArea": 124427492.53722365, "SHAPESTLength": 66869.438871748032 }, "geometry": { "type": "Polygon", "coordinates": [ [ [ -105.206907010804258, 40.094406191413299 ], [ -105.207153573445723, 40.072799945682519 ], [ -105.223088647998338, 40.058313147976662 ], [ -105.220801444086788, 40.05828464610569 ], [ -105.220686790877053, 40.054661411447583 ], [ -105.197434518723938, 40.054622345359164 ], [ -105.197437781526503, 40.057067974752741 ], [ -105.195164255873607, 40.057116184389706 ], [ -105.195175499219232, 40.057467606310098 ], [ -105.19245685822554, 40.057498839047824 ], [ -105.192466658558715, 40.055691497047889 ], [ -105.189614702751243, 40.05441181490464 ], [ -105.188662956062885, 40.05334993270813 ], [ -105.188356777687972, 40.050997527633719 ], [ -105.186192929225072, 40.050999898672572 ], [ -105.185500626987903, 40.051282766340165 ], [ -105.184200493012654, 40.0519765543457 ], [ -105.18314186942591, 40.052436902961752 ], [ -105.18212420602201, 40.052728869045886 ], [ -105.181095507909276, 40.052875278391845 ], [ -105.178406662149712, 40.052837963817254 ], [ -105.178315384559994, 40.052897780117235 ], [ -105.17832532381864, 40.054645261738216 ], [ -105.175723384323206, 40.054654309749502 ], [ -105.174748809293831, 40.054886280165363 ], [ -105.174438099506872, 40.055095245758935 ], [ -105.173711266736319, 40.055584061174585 ], [ -105.171594944986836, 40.056557738154709 ], [ -105.170247921616564, 40.05718906923515 ], [ -105.169448527847635, 40.057601996688064 ], [ -105.16898060165407, 40.058284913236484 ], [ -105.159515475433295, 40.058252551710488 ], [ -105.159560708008556, 40.061844813116338 ], [ -105.169014286319992, 40.061868148756602 ], [ -105.169048540948253, 40.065481257166951 ], [ -105.173764748407748, 40.065492625966172 ], [ -105.173726364178478, 40.061892912376635 ], [ -105.178327469236876, 40.061878012257139 ], [ -105.17836304224555, 40.069169196639322 ], [ -105.178649394624316, 40.072723515631765 ], [ -105.18809697609305, 40.072935095135939 ], [ -105.187849120568558, 40.094367978272352 ], [ -105.206907010804258, 40.094406191413299 ] ] ] } },
{ "type": "Feature", "properties": { "OBJECTID": 9, "SUBCOMMUNITY": "Central Boulder", "SHAPESTArea": 78398417.469789147, "SHAPESTLength": 47120.259909433255 }, "geometry": { "type": "Polygon", "coordinates": [ [ [ -105.263130738217939, 40.029173741235141 ], [ -105.263131502038675, 40.02923242470218 ], [ -105.263147874107915, 40.030489402793116 ], [ -105.263177935564485, 40.032797374210688 ], [ -105.263203688641354, 40.034774413008826 ], [ -105.263225343468932, 40.036436718022394 ], [ -105.282066711694029, 40.036417269546874 ], [ -105.282077967060872, 40.040425530760231 ], [ -105.282078569341721, 40.040639928723856 ], [ -105.282078810639746, 40.040725714207575 ], [ -105.282079348643094, 40.040917338229576 ], [ -105.283419231307121, 40.040912503925291 ], [ -105.283620938303926, 40.04091111983665 ], [ -105.285523100296103, 40.040903418086643 ], [ -105.285618625219939, 40.040903600134207 ], [ -105.288966906177464, 40.040916838924943 ], [ -105.291886607814178, 40.040917148544494 ], [ -105.29188664179587, 40.040917148605793 ], [ -105.29211918347292, 40.04091716976037 ], [ -105.29268726876245, 40.040924778415587 ], [ -105.293143159056669, 40.040933834954224 ], [ -105.293393295399653, 40.040951190152676 ], [ -105.293877831199339, 40.040952614349884 ], [ -105.294110476445212, 40.040953298155706 ], [ -105.293692368608575, 40.0390521919498 ], [ -105.29322701753722, 40.039016364119874 ], [ -105.293240535889126, 40.037306807745225 ], [ -105.293239278879639, 40.034974445338584 ], [ -105.293486380508853, 40.035044546882588 ], [ -105.293544506456385, 40.035014110802322 ], [ -105.293695120567477, 40.034809520338882 ], [ -105.29372131347553, 40.034710054423549 ], [ -105.293718000783485, 40.034624604789087 ], [ -105.293686598526349, 40.034538284428955 ], [ -105.293435595666892, 40.034125237822643 ], [ -105.293346736438593, 40.034068657487033 ], [ -105.293309205910262, 40.034008607892623 ], [ -105.293300182087691, 40.033957477162502 ], [ -105.293336264452918, 40.033835490290407 ], [ -105.293352864068254, 40.033708143866754 ], [ -105.293283077572099, 40.033638894881868 ], [ -105.293712072848152, 40.033633239394973 ], [ -105.293730226107002, 40.032944992756889 ], [ -105.293273115074342, 40.032943831341562 ], [ -105.29327322378623, 40.032792859243848 ], [ -105.293670900158702, 40.032782576992439 ], [ -105.293661812768306, 40.031950426204304 ], [ -105.293302258746579, 40.031950058100023 ], [ -105.293301586467038, 40.031673715045962 ], [ -105.293664441987133, 40.031671718550363 ], [ -105.293663041560393, 40.031544483960303 ], [ -105.293205937835722, 40.031544009470586 ], [ -105.293207481634141, 40.031035122602169 ], [ -105.293659228670364, 40.031034483313469 ], [ -105.293653772558102, 40.030478649231831 ], [ -105.293211515942303, 40.030478834466258 ], [ -105.293212418987096, 40.02995482628107 ], [ -105.293212566357425, 40.029653273643753 ], [ -105.293647338839065, 40.029653633429646 ], [ -105.29364389307581, 40.029317341693201 ], [ -105.293240137666956, 40.029316017955402 ], [ -105.293255246393258, 40.027355210089134 ], [ -105.293623921819261, 40.027362390108934 ], [ -105.293624526189348, 40.027162754880649 ], [ -105.293197803253534, 40.027162676905398 ], [ -105.293197529918189, 40.026958502623636 ], [ -105.293625144521343, 40.026958506542933 ], [ -105.293623085931188, 40.025574317825651 ], [ -105.292742878187383, 40.025574379659147 ], [ -105.292744982632158, 40.025458264394757 ], [ -105.296252449053938, 40.025457861232127 ], [ -105.296291617352352, 40.022208657549101 ], [ -105.296465804134243, 40.022169426503439 ], [ -105.296505545376874, 40.021714824798238 ], [ -105.300150230310777, 40.021635157623876 ], [ -105.299900251467278, 40.021369394356761 ], [ -105.299726553979554, 40.0211573003917 ], [ -105.299390736684614, 40.02074724589135 ], [ -105.29927071484299, 40.020643158727445 ], [ -105.299173388666603, 40.020579693375083 ], [ -105.299167670136057, 40.020575964631107 ], [ -105.299163006220681, 40.020572923118458 ], [ -105.299132727606789, 40.020553178563809 ], [ -105.298979590513099, 40.020479093531925 ], [ -105.298870555550394, 40.020439318043358 ], [ -105.298640275162811, 40.020384286368213 ], [ -105.298247739906159, 40.020349319820738 ], [ -105.298204925825061, 40.020345505417808 ], [ -105.29817706955302, 40.020344550621424 ], [ -105.298089609623972, 40.020341553288908 ], [ -105.297913757423999, 40.02033552526845 ], [ -105.297865616289172, 40.02033387557632 ], [ -105.297526140399754, 40.020342009224045 ], [ -105.297188494300912, 40.020369801791993 ], [ -105.296472143362976, 40.020476068588202 ], [ -105.296238621732513, 40.020519192820558 ], [ -105.296234539863647, 40.020399057716403 ], [ -105.296222324312325, 40.018814451828383 ], [ -105.29622231838988, 40.018813689867265 ], [ -105.295511652694813, 40.018861502186567 ], [ -105.295505951667622, 40.018842679282557 ], [ -105.295439176256664, 40.018622198609066 ], [ -105.295403755567591, 40.018549099294454 ], [ -105.295323851207712, 40.01838419243763 ], [ -105.295271899435022, 40.018146640904099 ], [ -105.295178577003256, 40.017717539276539 ], [ -105.294411153701461, 40.017349004510486 ], [ -105.294066216659445, 40.017479472562307 ], [ -105.294065300508521, 40.017476799595386 ], [ -105.294064044349881, 40.017474227794949 ], [ -105.294062798733734, 40.017471656013313 ], [ -105.294061567190596, 40.017469078852876 ], [ -105.294060343855364, 40.017466499005124 ], [ -105.29405913457677, 40.017463919182461 ], [ -105.294057931171508, 40.017461333966352 ], [ -105.294056743013343, 40.01745874247294 ], [ -105.294055870275315, 40.017456821627086 ], [ -105.294055565394984, 40.017456151898919 ], [ -105.294054394813116, 40.017453558635573 ], [ -105.294053239467445, 40.017450962697396 ], [ -105.294052093511993, 40.017448360471469 ], [ -105.294050959267693, 40.017445759167103 ], [ -105.294049835584929, 40.017443151576977 ], [ -105.294048725958817, 40.017440544011976 ], [ -105.294047623374695, 40.017437931956266 ], [ -105.294046534849912, 40.017435319025026 ], [ -105.294045453369861, 40.017432700702415 ], [ -105.294044387115079, 40.017430083307659 ], [ -105.294043331421861, 40.017427459627193 ], [ -105.294042285099735, 40.017424835963432 ], [ -105.294041250507817, 40.017422206916748 ], [ -105.294040227629779, 40.017419577890898 ], [ -105.294039214139218, 40.017416943477961 ], [ -105.294038211191108, 40.017414309083804 ], [ -105.294037223479179, 40.017411672014916 ], [ -105.29403624631793, 40.017409032262918 ], [ -105.294035275021784, 40.017406389819406 ], [ -105.294033742844107, 40.017402126103001 ], [ -105.294032664879182, 40.017399507786536 ], [ -105.294031544701127, 40.017396903805107 ], [ -105.294030381160368, 40.017394306951431 ], [ -105.29402917189239, 40.017391724426474 ], [ -105.294027915728478, 40.017389155327557 ], [ -105.294026616188305, 40.017386597859591 ], [ -105.294025274440472, 40.017384052925387 ], [ -105.294023885785833, 40.017381525019708 ], [ -105.294022458443166, 40.017379007852746 ], [ -105.29402098419375, 40.017376507714381 ], [ -105.294019467728518, 40.017374022811666 ], [ -105.294017906707438, 40.017371552239723 ], [ -105.294016308145231, 40.017369100514408 ], [ -105.294014662684447, 40.017366663115737 ], [ -105.294012977350633, 40.017364240956873 ], [ -105.294011253301591, 40.017361838543174 ], [ -105.294009482337628, 40.017359455859996 ], [ -105.294007675014768, 40.017357088422905 ], [ -105.294005825462577, 40.017354740724649 ], [ -105.294003933680997, 40.017352412765291 ], [ -105.294002005532391, 40.017350102753959 ], [ -105.294000033983053, 40.017347812479393 ], [ -105.29399802371843, 40.017345541949965 ], [ -105.293995977067809, 40.017343295673065 ], [ -105.293993891712773, 40.017341065538709 ], [ -105.293991767628967, 40.017338859652732 ], [ -105.293989603650402, 40.017336676211748 ], [ -105.293987403293897, 40.017334514321369 ], [ -105.293985167728152, 40.017332374884319 ], [ -105.293982892270364, 40.017330256991556 ], [ -105.293980581597893, 40.017328163353461 ], [ -105.293978234536667, 40.017326094868508 ], [ -105.293975855772104, 40.017324051545131 ], [ -105.293973438289655, 40.017322028867518 ], [ -105.293970987932539, 40.017320031349335 ], [ -105.293968501178483, 40.017318061686268 ], [ -105.293965982723876, 40.0173161162841 ], [ -105.293963432557831, 40.017314198745375 ], [ -105.29396084600576, 40.017312305459257 ], [ -105.29395822775308, 40.017310436433924 ], [ -105.293955576609434, 40.017308597971954 ], [ -105.293952897279397, 40.017306783777173 ], [ -105.293950185066493, 40.017304997443702 ], [ -105.293947441134065, 40.017303241675641 ], [ -105.293944669009718, 40.017301511976044 ], [ -105.293941867513993, 40.017299811044715 ], [ -105.293939034301332, 40.01729813977812 ], [ -105.29393617640828, 40.017296495486967 ], [ -105.293933289138295, 40.017294881765316 ], [ -105.293930372502416, 40.017293295010703 ], [ -105.293927428824205, 40.017291741531785 ], [ -105.293924459283318, 40.017290218628673 ], [ -105.293921463893255, 40.017288721798202 ], [ -105.293918444972348, 40.017287259150358 ], [ -105.293915400191452, 40.01728582617767 ], [ -105.293912329539637, 40.017284426482789 ], [ -105.293909235370549, 40.017283056467264 ], [ -105.293906125499973, 40.0172818431369 ], [ -105.293989566875112, 40.017146481155685 ], [ -105.294013210647392, 40.016706606661423 ], [ -105.294018775177662, 40.01660485473117 ], [ -105.294017990916416, 40.016595752250772 ], [ -105.294027893559189, 40.016412781042135 ], [ -105.294049400816647, 40.016015381005168 ], [ -105.294050109954824, 40.016015227359553 ], [ -105.294072070239835, 40.015736125946866 ], [ -105.294096914813309, 40.015420365961482 ], [ -105.294105802102365, 40.015307408639735 ], [ -105.294105360954603, 40.015307259244693 ], [ -105.29409791117034, 40.015103234924553 ], [ -105.294095505341616, 40.014973258544593 ], [ -105.294100234861901, 40.014970665007112 ], [ -105.294254366099253, 40.014890338100592 ], [ -105.294427119621488, 40.014751904441852 ], [ -105.294698009658234, 40.01453483017297 ], [ -105.294750364273881, 40.014491843409495 ], [ -105.294818654027736, 40.014428496029922 ], [ -105.294870433794927, 40.014365119244481 ], [ -105.294909424035879, 40.014295395318129 ], [ -105.294910555625023, 40.014134150120441 ], [ -105.294885462173269, 40.014043445928351 ], [ -105.294828661626227, 40.013926445748055 ], [ -105.294895845116827, 40.013914851381905 ], [ -105.295135883111783, 40.013826185607485 ], [ -105.295589952247227, 40.013727544110807 ], [ -105.295972588142916, 40.013627364052205 ], [ -105.296613079145885, 40.013484097583031 ], [ -105.297001012091073, 40.013425320995516 ], [ -105.297414358941325, 40.013404607846581 ], [ -105.29789516886612, 40.013424143588409 ], [ -105.298156668734507, 40.013453510677856 ], [ -105.298436105564818, 40.013502177960525 ], [ -105.298843619489105, 40.013606849876211 ], [ -105.299105013778615, 40.01369707253636 ], [ -105.300001515421542, 40.014053721522217 ], [ -105.300213734589022, 40.014111192450997 ], [ -105.300455623621048, 40.014159154817477 ], [ -105.300607531149623, 40.014173143484761 ], [ -105.300760450404724, 40.014169619636597 ], [ -105.300984382170185, 40.014131765543546 ], [ -105.301005016932464, 40.01409503026467 ], [ -105.301008965187279, 40.013771242158171 ], [ -105.30125036578923, 40.013628907923106 ], [ -105.30137613812883, 40.013348848248015 ], [ -105.301450907054885, 40.01280611574434 ], [ -105.301209619212173, 40.013033050577157 ], [ -105.301209169249773, 40.01303271025597 ], [ -105.300945333884869, 40.013279058831323 ], [ -105.300907089567829, 40.013309047546045 ], [ -105.300834050956539, 40.013343557775791 ], [ -105.300861181396527, 40.01333619496949 ], [ -105.300869939239007, 40.013333817962263 ], [ -105.300878442701475, 40.013331510766037 ], [ -105.300864219887572, 40.01333616148824 ], [ -105.300743279033682, 40.013406757288529 ], [ -105.300670031888174, 40.013427193477391 ], [ -105.30062668237457, 40.013439289042665 ], [ -105.300609015754532, 40.013443570817216 ], [ -105.300596518666083, 40.013447678695471 ], [ -105.300583929535051, 40.013451617991471 ], [ -105.300571257745148, 40.013455384218084 ], [ -105.300558498584948, 40.013458986373685 ], [ -105.30054566028268, 40.013462414565304 ], [ -105.300532748700178, 40.013465667001739 ], [ -105.300519761479237, 40.013468749082818 ], [ -105.300506708011383, 40.013471653619511 ], [ -105.300493590628847, 40.013474384218519 ], [ -105.300480412851016, 40.013476939084498 ], [ -105.300467178199668, 40.01347931552165 ], [ -105.300453893702866, 40.01348151354204 ], [ -105.300440560534682, 40.013483532247101 ], [ -105.300427184546464, 40.013485373448219 ], [ -105.300413766914915, 40.013487035346131 ], [ -105.300400313499338, 40.013488517050277 ], [ -105.300371972560029, 40.013491221285783 ], [ -105.300345972472968, 40.013493334236507 ], [ -105.30031992539179, 40.01349509494532 ], [ -105.300293841845487, 40.013496507933681 ], [ -105.300267733552857, 40.01349757142065 ], [ -105.300241600519641, 40.013498283604825 ], [ -105.300215459144525, 40.013498644514691 ], [ -105.300189314121155, 40.013498651456302 ], [ -105.300146623901284, 40.013497968642639 ], [ -105.300120071551092, 40.013497076913374 ], [ -105.300093541322909, 40.013495831260343 ], [ -105.30006704494626, 40.013494226300111 ], [ -105.300040588264736, 40.013492266545946 ], [ -105.300014179472797, 40.013489953813469 ], [ -105.299987829117939, 40.013487286319695 ], [ -105.299961543054437, 40.013484264975489 ], [ -105.299935329476568, 40.013480891596352 ], [ -105.299909200092642, 40.013477168003988 ], [ -105.299883149049066, 40.013473093287601 ], [ -105.29985720328115, 40.013468669295399 ], [ -105.299831359264715, 40.013463899623829 ], [ -105.299805625212628, 40.013458779784031 ], [ -105.299780015154482, 40.013453318806903 ], [ -105.299754530267279, 40.013447514893237 ], [ -105.299729182261757, 40.013441368964187 ], [ -105.299703978155662, 40.013434884634584 ], [ -105.299678924982445, 40.01342806011548 ], [ -105.299654029743834, 40.013420904425629 ], [ -105.299629299478539, 40.013413413974696 ], [ -105.299604744712909, 40.013405594185031 ], [ -105.299239856623473, 40.013274112926631 ], [ -105.298433327229986, 40.012978362393234 ], [ -105.298303723574691, 40.012932228691987 ], [ -105.298300028531671, 40.012931289154558 ], [ -105.298020292858453, 40.012860168673477 ], [ -105.297970172361403, 40.012919941773056 ], [ -105.297953854340903, 40.012916559159194 ], [ -105.297823813590625, 40.012889601721675 ], [ -105.297004438663777, 40.012719739620046 ], [ -105.296958337471082, 40.012714160885103 ], [ -105.296657685241684, 40.012677777118299 ], [ -105.296269239827652, 40.012598524108085 ], [ -105.295854148861281, 40.012614113457957 ], [ -105.295548810693489, 40.012625579121384 ], [ -105.295020337333725, 40.01269176114522 ], [ -105.294272325431706, 40.01280711666876 ], [ -105.29379309382692, 40.012883274562178 ], [ -105.293428691031409, 40.012937212689472 ], [ -105.291597911833122, 40.012938956122525 ], [ -105.284610469872902, 40.012942091227174 ], [ -105.284029440413349, 40.01305567644242 ], [ -105.28355300193985, 40.013148812147449 ], [ -105.283139296961423, 40.013229682611787 ], [ -105.282659780606124, 40.013323415880912 ], [ -105.281859676585157, 40.013479810176477 ], [ -105.281194751571007, 40.013609777277139 ], [ -105.280027733571245, 40.01383787363649 ], [ -105.279252270784369, 40.013989431534952 ], [ -105.278664162905855, 40.014104369499236 ], [ -105.276061766299307, 40.014576739584008 ], [ -105.265860473661022, 40.014609933267401 ], [ -105.263137125038696, 40.014618641961086 ], [ -105.263028720645991, 40.014620126898457 ], [ -105.262978923546029, 40.017214991160039 ], [ -105.262976221320685, 40.017355790815749 ], [ -105.262976573788137, 40.017460616607018 ], [ -105.263035312955424, 40.019298481187676 ], [ -105.263045802258702, 40.019626647062417 ], [ -105.263076618441247, 40.020022199105021 ], [ -105.263091530379313, 40.021354919313239 ], [ -105.263115848570649, 40.021594642523254 ], [ -105.26314734469031, 40.021905117625259 ], [ -105.263160947143461, 40.021970032088738 ], [ -105.26325532038426, 40.022420392120416 ], [ -105.263417258893156, 40.022919690650667 ], [ -105.263576956382252, 40.023257852411845 ], [ -105.263687008923938, 40.023592581625216 ], [ -105.263766905458098, 40.023917948836008 ], [ -105.263772884395394, 40.024182106768606 ], [ -105.263764174794957, 40.024254302242134 ], [ -105.263757848546447, 40.024306737805944 ], [ -105.263718469703818, 40.024476038106855 ], [ -105.263585994004131, 40.024787946751374 ], [ -105.263370092372725, 40.025090984726475 ], [ -105.263202371860999, 40.025316954331039 ], [ -105.263097250918122, 40.025513214607926 ], [ -105.262998227257384, 40.025820656476732 ], [ -105.262975983313495, 40.026096638699244 ], [ -105.262971093276434, 40.02615730100716 ], [ -105.262976765857573, 40.026311961649235 ], [ -105.262977697929585, 40.026568517604602 ], [ -105.262999183490948, 40.026923184066185 ], [ -105.263090271410761, 40.027365511537099 ], [ -105.263130738217939, 40.029173741235141 ] ] ] } },
{ "type": "Feature", "properties": { "OBJECTID": 16, "SUBCOMMUNITY": "South Boulder", "SHAPESTArea": 108971839.60396695, "SHAPESTLength": 59632.62336062688 }, "geometry": { "type": "Polygon", "coordinates": [ [ [ -105.22698511486108, 39.983011771567014 ], [ -105.239688767676853, 39.989206372638378 ], [ -105.241232594885915, 39.990107512162105 ], [ -105.242861287243656, 39.991058140017245 ], [ -105.2443810265233, 39.991945130391031 ], [ -105.246642412957002, 39.993264899510478 ], [ -105.247687063677176, 39.993874536871886 ], [ -105.248931023809064, 39.994600460866351 ], [ -105.251232562952936, 39.995943467142062 ], [ -105.254110298558771, 39.997622559229306 ], [ -105.258147868008678, 39.999999344694196 ], [ -105.258458776247465, 40.00037343169592 ], [ -105.258676227256331, 40.000391682134882 ], [ -105.258683105395875, 40.000392259438939 ], [ -105.25920862594333, 40.000414172219223 ], [ -105.260196219174745, 40.000455345827341 ], [ -105.260759911220489, 40.000436911393209 ], [ -105.262623911291058, 40.000258903131908 ], [ -105.26376171725579, 40.000083928349063 ], [ -105.263762455046248, 40.000083927158741 ], [ -105.26374410482029, 40.000057344602673 ], [ -105.26111073828416, 39.996625787303415 ], [ -105.261288918359469, 39.996631910629397 ], [ -105.261348770714079, 39.99663396733758 ], [ -105.261341348168941, 39.996623082883815 ], [ -105.264165459091572, 39.996589922884404 ], [ -105.264856355786932, 39.996581800619893 ], [ -105.264870566803637, 39.996581633259957 ], [ -105.264871520908983, 39.996348365005694 ], [ -105.264871074280947, 39.996285322840613 ], [ -105.264871517219433, 39.996266896369598 ], [ -105.264873107286661, 39.996200714175622 ], [ -105.264872279297322, 39.99595855372705 ], [ -105.264878074747756, 39.995604588817962 ], [ -105.264876983400015, 39.995383790425031 ], [ -105.264877572285798, 39.995211953191969 ], [ -105.2648789704118, 39.995145052778781 ], [ -105.264877573419966, 39.994315222630128 ], [ -105.264875589608209, 39.993136266230003 ], [ -105.264875235577392, 39.992925785379256 ], [ -105.26487536772602, 39.992919381098403 ], [ -105.270769202428667, 39.992856043307285 ], [ -105.273686818928098, 39.992858431009125 ], [ -105.273686623633239, 39.992917287447064 ], [ -105.2737668101379, 39.9929166045168 ], [ -105.274039254756005, 39.992914289150782 ], [ -105.274282717132976, 39.99291221992204 ], [ -105.274430876586834, 39.992910960776086 ], [ -105.275018043449364, 39.992905966552101 ], [ -105.276255935166191, 39.992895435022675 ], [ -105.27699564682564, 39.992896197245273 ], [ -105.277345721019756, 39.992896556838026 ], [ -105.277482661465456, 39.992896697837502 ], [ -105.277491831268179, 39.992896706529159 ], [ -105.277491184619606, 39.992885664168135 ], [ -105.277489160248479, 39.992851137306182 ], [ -105.277403525846111, 39.989297509980467 ], [ -105.277412301995739, 39.986802681868816 ], [ -105.277412321044707, 39.986797203226388 ], [ -105.277415564331889, 39.985875423240124 ], [ -105.277415941885934, 39.98576797321612 ], [ -105.277416182169873, 39.985699719399051 ], [ -105.27741618954478, 39.985697818132152 ], [ -105.277207976145633, 39.985682116496399 ], [ -105.27704734218797, 39.985682934450161 ], [ -105.277045034420553, 39.985682946198487 ], [ -105.27227874807987, 39.985707197506038 ], [ -105.272013687142419, 39.985708540645838 ], [ -105.27173762243487, 39.985709937943383 ], [ -105.271461369202626, 39.985711336908032 ], [ -105.271191268843026, 39.985712703291462 ], [ -105.270418095739487, 39.985716613205547 ], [ -105.270159854017862, 39.985718557393639 ], [ -105.269958021395809, 39.985720076795438 ], [ -105.269694486130803, 39.985722060714643 ], [ -105.269295501979812, 39.985725063672369 ], [ -105.268209260024733, 39.985733231356733 ], [ -105.26738945112956, 39.985739390493634 ], [ -105.267389523104569, 39.985725494440402 ], [ -105.26738944586387, 39.985684283035965 ], [ -105.267384567509708, 39.985175642953116 ], [ -105.267387875510607, 39.984838709349148 ], [ -105.267387266267349, 39.984507850851323 ], [ -105.267387704262617, 39.984397950256074 ], [ -105.267387604833218, 39.98439174364443 ], [ -105.267386768001273, 39.984339810210109 ], [ -105.267385571161654, 39.984260576306454 ], [ -105.267385159683514, 39.984234978871413 ], [ -105.267384455356208, 39.984191227250435 ], [ -105.267380410431358, 39.983851602032345 ], [ -105.267380421694043, 39.983843149411001 ], [ -105.267381016257374, 39.983526659654984 ], [ -105.267379748057962, 39.983172064833312 ], [ -105.267379171678954, 39.982893383982422 ], [ -105.267379130009473, 39.982874017119258 ], [ -105.267378129518718, 39.982669236830603 ], [ -105.26738102079176, 39.982425298517896 ], [ -105.267382316020004, 39.982116543156778 ], [ -105.267378390210098, 39.981719024020677 ], [ -105.267379714573224, 39.981403097684343 ], [ -105.267379733130355, 39.981399715762755 ], [ -105.267383010751118, 39.980663420783692 ], [ -105.267383251442524, 39.980609659375133 ], [ -105.267383266420651, 39.98060526691124 ], [ -105.267386192360519, 39.979949081728833 ], [ -105.267387412147173, 39.979678223907378 ], [ -105.26738861821039, 39.979404177732697 ], [ -105.26738866757421, 39.979392790850703 ], [ -105.267388660735875, 39.979387242801877 ], [ -105.267388090425271, 39.978909016332842 ], [ -105.267390264365858, 39.978649133092439 ], [ -105.267389981158118, 39.978635024659475 ], [ -105.267389570958031, 39.978614898693507 ], [ -105.267386435321441, 39.977489908341546 ], [ -105.267387507130977, 39.977250762231158 ], [ -105.267389521931975, 39.976991528903739 ], [ -105.267391385989754, 39.976735987051939 ], [ -105.267388866250215, 39.97666915785021 ], [ -105.268905119079761, 39.976664063244499 ], [ -105.26888710443086, 39.975976070621108 ], [ -105.268557625972704, 39.975977469295088 ], [ -105.267523189329992, 39.975981854200597 ], [ -105.267501179140908, 39.975981947604524 ], [ -105.267495803526415, 39.974604473543558 ], [ -105.267495198689772, 39.974449440703332 ], [ -105.267716880329118, 39.974209997205776 ], [ -105.268265702904145, 39.973908220552097 ], [ -105.268641769143741, 39.973933271238984 ], [ -105.268988394774269, 39.973790776708185 ], [ -105.269008354113481, 39.97375310086413 ], [ -105.269161267807775, 39.973464443631798 ], [ -105.269454626143286, 39.973203522791721 ], [ -105.269502908255376, 39.973201918022468 ], [ -105.269954065573771, 39.973188461154535 ], [ -105.270292617856285, 39.973057449762102 ], [ -105.270997236773297, 39.97334561523158 ], [ -105.271502287189705, 39.973296106161591 ], [ -105.271841339988768, 39.973078753488522 ], [ -105.271844009901045, 39.973077438413036 ], [ -105.271343758576947, 39.972901663141208 ], [ -105.270385940520683, 39.972567589068738 ], [ -105.270015398070356, 39.972416550668754 ], [ -105.269885810882457, 39.97237218150363 ], [ -105.269662592339998, 39.972295584284176 ], [ -105.269545903700333, 39.97224696960425 ], [ -105.269506435902343, 39.97223052576841 ], [ -105.269191792883063, 39.971996359700093 ], [ -105.269191692501039, 39.971996273936767 ], [ -105.268945399868372, 39.971767571424934 ], [ -105.268905641049415, 39.971738329382745 ], [ -105.26881844354223, 39.971673870213998 ], [ -105.268648436634862, 39.971508298396635 ], [ -105.268558687203523, 39.971420883399112 ], [ -105.268558556134153, 39.971420872328025 ], [ -105.268525246444668, 39.971420283953265 ], [ -105.267346261224006, 39.971399874390123 ], [ -105.266721451134757, 39.971389054563005 ], [ -105.266689773322042, 39.971367232399913 ], [ -105.266537992110344, 39.971261676216372 ], [ -105.266135363935277, 39.970909877981335 ], [ -105.26579008587629, 39.970639490773927 ], [ -105.265479512240432, 39.970415797394153 ], [ -105.265452400159418, 39.970394765947248 ], [ -105.265136777202542, 39.970148095535194 ], [ -105.264769399508481, 39.969853952232953 ], [ -105.264389551611188, 39.969557723353184 ], [ -105.264005291154291, 39.969248102225521 ], [ -105.26392170063589, 39.969181694085862 ], [ -105.263692426319182, 39.968999316017182 ], [ -105.263527004988006, 39.968867806077121 ], [ -105.263362172309186, 39.968736518666937 ], [ -105.263116667405669, 39.96854144739158 ], [ -105.262495789006465, 39.968047416107545 ], [ -105.262473473610527, 39.968029661417006 ], [ -105.262168906903057, 39.967787375551659 ], [ -105.262068430647375, 39.96770744748104 ], [ -105.262015478003335, 39.967665173928651 ], [ -105.261798600819461, 39.967496090616514 ], [ -105.261502369207065, 39.96726494420048 ], [ -105.261139410147777, 39.96726392859776 ], [ -105.260789568179135, 39.967262865225585 ], [ -105.260675590193017, 39.967262628588344 ], [ -105.260459830393458, 39.967262024512976 ], [ -105.260308212460714, 39.967261599390298 ], [ -105.260089375389512, 39.967260984618399 ], [ -105.260082890896086, 39.964452018610572 ], [ -105.26008289129193, 39.964451906029339 ], [ -105.25832070075019, 39.964433290084024 ], [ -105.251820085247843, 39.964349421584707 ], [ -105.250707023303349, 39.96435252033644 ], [ -105.250326483589845, 39.964352256712885 ], [ -105.248892207752121, 39.964351165926452 ], [ -105.24888165827754, 39.964351157349171 ], [ -105.248881605112601, 39.964351291431171 ], [ -105.248881570867397, 39.964351373316305 ], [ -105.248881251631516, 39.964351290660922 ], [ -105.248302351200437, 39.965702443939691 ], [ -105.248255608602165, 39.965811538354572 ], [ -105.248175023010262, 39.965999622044713 ], [ -105.248143699408928, 39.966078188122808 ], [ -105.247889004770926, 39.966717007354106 ], [ -105.247898163319192, 39.966769798660195 ], [ -105.247683206992718, 39.967298407227815 ], [ -105.247009751330083, 39.968922243824693 ], [ -105.246997921288596, 39.968950765061557 ], [ -105.246963893312937, 39.969032807706185 ], [ -105.246949738774006, 39.969066937625797 ], [ -105.246923407905484, 39.969129515059024 ], [ -105.246845039759634, 39.969315759006925 ], [ -105.246769066265927, 39.969496297999562 ], [ -105.246755340817302, 39.969528935548844 ], [ -105.246688049240419, 39.96968890455765 ], [ -105.246614925945849, 39.969862638945585 ], [ -105.24653203523593, 39.970059628367387 ], [ -105.246458953471262, 39.970233313207714 ], [ -105.246381779151207, 39.970416715181663 ], [ -105.246313092194967, 39.970580002512797 ], [ -105.246253137140101, 39.970582548176665 ], [ -105.246106436314193, 39.970588777366984 ], [ -105.246110611698498, 39.970587542758771 ], [ -105.246112869714125, 39.970586924478788 ], [ -105.246115136970303, 39.970586339543466 ], [ -105.246117419353439, 39.970585778959077 ], [ -105.246119715649385, 39.97058525443159 ], [ -105.246122022379879, 39.970584756946764 ], [ -105.246124336009814, 39.97058429280132 ], [ -105.246126663576021, 39.97058385840819 ], [ -105.246129002723947, 39.970583457364846 ], [ -105.246131347614096, 39.97058308605574 ], [ -105.246133700574219, 39.970582748088653 ], [ -105.245978461335397, 39.970575187272409 ], [ -105.244747707561089, 39.970573900060415 ], [ -105.24333297277964, 39.970572402674321 ], [ -105.241291512482391, 39.970570212314655 ], [ -105.241276852197146, 39.970570184808977 ], [ -105.241276474153068, 39.970570170450451 ], [ -105.240041146714645, 39.970566780921338 ], [ -105.238590745825292, 39.97056274191673 ], [ -105.237403956520751, 39.970559423395386 ], [ -105.237339290669581, 39.97055924181219 ], [ -105.237339311441687, 39.97055931931601 ], [ -105.237359334587168, 39.970659586411251 ], [ -105.237374163815517, 39.970724294552475 ], [ -105.237390467633006, 39.970788797098976 ], [ -105.237390770105307, 39.97078989388725 ], [ -105.237408223917157, 39.970853064278138 ], [ -105.237414563255498, 39.97087267790949 ], [ -105.237414969303472, 39.970873932548528 ], [ -105.237420707555458, 39.970907383398192 ], [ -105.237430734647802, 39.970965830032945 ], [ -105.237493282337311, 39.971468256059524 ], [ -105.23660602537808, 39.971457066677836 ], [ -105.236552083161257, 39.971456722726018 ], [ -105.236443266187479, 39.971455924535498 ], [ -105.236415860894141, 39.971455724962304 ], [ -105.2354581523837, 39.971454636684619 ], [ -105.235443220505402, 39.971454563681732 ], [ -105.234434139647632, 39.97144972201562 ], [ -105.234432408364782, 39.971449713523086 ], [ -105.234356173354755, 39.971449348696488 ], [ -105.234355763231832, 39.971420893306536 ], [ -105.234350218939014, 39.971036760378688 ], [ -105.235443958449437, 39.971036937213455 ], [ -105.235443983078824, 39.970639343298963 ], [ -105.235443986192905, 39.970623144095569 ], [ -105.235437135063322, 39.970220966252334 ], [ -105.236440052774512, 39.970221733030485 ], [ -105.236439749568802, 39.970196588705228 ], [ -105.236445573309993, 39.969582312736897 ], [ -105.236446011809718, 39.969536068620435 ], [ -105.236451094405027, 39.968999994947481 ], [ -105.236451622596562, 39.968944468865239 ], [ -105.235343789807274, 39.968942029219754 ], [ -105.234084506046599, 39.968939237681347 ], [ -105.234084397185867, 39.96893923743017 ], [ -105.234084288328646, 39.968939236278366 ], [ -105.23353677150034, 39.968933794422469 ], [ -105.233534259569169, 39.969496349673641 ], [ -105.23352526843118, 39.971445075332952 ], [ -105.23172958724264, 39.971435819924615 ], [ -105.231726159944273, 39.969113400855456 ], [ -105.231735614208404, 39.967815168219538 ], [ -105.229040496330811, 39.967804017580995 ], [ -105.22904195197799, 39.969391676662781 ], [ -105.228408125195074, 39.970755637363062 ], [ -105.227099642669145, 39.971457123119592 ], [ -105.226221695561023, 39.972056274397261 ], [ -105.225443212632825, 39.973376454292719 ], [ -105.224968377299106, 39.975082155766735 ], [ -105.224806954879483, 39.975440831631417 ], [ -105.224440814848776, 39.976976832673614 ], [ -105.224703898078545, 39.978059767558683 ], [ -105.225578221542705, 39.978726513445324 ], [ -105.228139745291514, 39.97871262042888 ], [ -105.228633589700664, 39.978868822202386 ], [ -105.228972006795175, 39.9792707950146 ], [ -105.22898445069896, 39.98309728559029 ], [ -105.228983626548768, 39.983375153087593 ], [ -105.228697989559336, 39.983362070135165 ], [ -105.228128816966446, 39.983240270020339 ], [ -105.227047946613325, 39.982734165284228 ], [ -105.227010610914206, 39.982716682502435 ], [ -105.227004863040747, 39.982783204846648 ], [ -105.22698511486108, 39.983011771567014 ] ] ] } },
{ "type": "Feature", "properties": { "OBJECTID": 18, "SUBCOMMUNITY": "Southeast Boulder", "SHAPESTArea": 109388656.45480864, "SHAPESTLength": 75086.990145161762 }, "geometry": { "type": "Polygon", "coordinates": [ [ [ -105.196864258774397, 40.014664771113054 ], [ -105.197143705635852, 40.014665898894165 ], [ -105.197279238077257, 40.014666446576221 ], [ -105.197340788691989, 40.014666692787301 ], [ -105.198005323944656, 40.01466937335762 ], [ -105.199288638103184, 40.014683831810892 ], [ -105.200133595097071, 40.014683668628656 ], [ -105.200610011044233, 40.01468357344293 ], [ -105.200687913601101, 40.014683557697069 ], [ -105.201149858758328, 40.014683465053942 ], [ -105.202758279983755, 40.014683126681561 ], [ -105.203910711150201, 40.014682871383592 ], [ -105.205449195281304, 40.014650977651556 ], [ -105.206562572963364, 40.01463146261321 ], [ -105.206660560427295, 40.014631720900674 ], [ -105.208352162172645, 40.014645788721467 ], [ -105.209099390748761, 40.014634430063637 ], [ -105.20964406255024, 40.014645346003775 ], [ -105.209793204561961, 40.014651454965474 ], [ -105.209980066917737, 40.014657658599525 ], [ -105.210145821775484, 40.014659992812149 ], [ -105.210398167135665, 40.014662552368641 ], [ -105.210628239815449, 40.014666956768899 ], [ -105.210954791525353, 40.01467351374729 ], [ -105.211413878541975, 40.014677526642259 ], [ -105.213093826036015, 40.014678243526127 ], [ -105.214179132785375, 40.014675497594666 ], [ -105.214794454604657, 40.014673937120946 ], [ -105.215225744919152, 40.014672842249794 ], [ -105.215742468676268, 40.014661237699016 ], [ -105.216983288521476, 40.01459715562649 ], [ -105.218172113301762, 40.014586455388013 ], [ -105.218308746421755, 40.014587639423318 ], [ -105.21891425969099, 40.014592883381709 ], [ -105.219068127324007, 40.014594215699979 ], [ -105.220454210706208, 40.0145876280422 ], [ -105.220995117102149, 40.014584991255774 ], [ -105.221682804655302, 40.014581636280255 ], [ -105.222398992580537, 40.014578137760537 ], [ -105.22296477037797, 40.014575370570626 ], [ -105.223161287629438, 40.01457440863863 ], [ -105.223599398508085, 40.014572263075202 ], [ -105.224103583597056, 40.014569792989178 ], [ -105.225410582269916, 40.014604918873076 ], [ -105.225856204503074, 40.014618056797666 ], [ -105.22684908544835, 40.014606053622259 ], [ -105.226893311540593, 40.014605518900687 ], [ -105.228145135636211, 40.014610527391433 ], [ -105.229152916626077, 40.014611493598764 ], [ -105.230057356195275, 40.014613032350823 ], [ -105.230668982400843, 40.014620944366065 ], [ -105.231972121287313, 40.014637791870854 ], [ -105.233079630733684, 40.014651573647228 ], [ -105.234791634611042, 40.014672857335491 ], [ -105.236170167982337, 40.014667794481866 ], [ -105.23798086057063, 40.014661120157015 ], [ -105.238730995348078, 40.014645841114763 ], [ -105.239987988981696, 40.014566563160088 ], [ -105.2406218377008, 40.014537392616283 ], [ -105.240692311253554, 40.014697556558552 ], [ -105.240698604473891, 40.014697352750588 ], [ -105.240696577825446, 40.014693408738808 ], [ -105.240708910062423, 40.01469300685519 ], [ -105.240706003220126, 40.014687350525016 ], [ -105.240638134364787, 40.014533125949207 ], [ -105.240635495910254, 40.014527125270753 ], [ -105.240624278382541, 40.014527641334446 ], [ -105.240458136426582, 40.01400927151581 ], [ -105.240331625769102, 40.013260055168843 ], [ -105.240311635521024, 40.012781051954647 ], [ -105.240389502465788, 40.011148559567687 ], [ -105.24036910129459, 40.010661255817595 ], [ -105.240297117042005, 40.009981377110378 ], [ -105.239987589557799, 40.009218318104431 ], [ -105.239836125099117, 40.008786690562182 ], [ -105.239698744529733, 40.008395191676854 ], [ -105.239334251947369, 40.007951280199201 ], [ -105.23944090573103, 40.007831523586823 ], [ -105.239497654829933, 40.007767803581885 ], [ -105.239514185898329, 40.007736722450332 ], [ -105.239488341816653, 40.007706040050628 ], [ -105.239489613262435, 40.007373234375258 ], [ -105.239707520308414, 40.007371683774061 ], [ -105.239781044183246, 40.007371160713937 ], [ -105.239775248401969, 40.007299503357203 ], [ -105.239764630038621, 40.007168187541282 ], [ -105.239758279653969, 40.007089643434945 ], [ -105.239752885572244, 40.007022915357226 ], [ -105.23975099547485, 40.006999531028526 ], [ -105.239714132595623, 40.006543637011156 ], [ -105.239606063691028, 40.005206954641196 ], [ -105.240033214376169, 40.005000581684683 ], [ -105.239692931428365, 40.004596942622697 ], [ -105.239782121882129, 40.004523238095921 ], [ -105.23986080999083, 40.004458211922675 ], [ -105.239880775272837, 40.004443362853536 ], [ -105.240167195513934, 40.004230330339638 ], [ -105.240141059945856, 40.00403853127802 ], [ -105.23995175285927, 40.003834273950716 ], [ -105.239788559853579, 40.003568993803434 ], [ -105.239731323501829, 40.003366749813367 ], [ -105.239822374728746, 40.002892378297837 ], [ -105.240331392614408, 40.002333505490711 ], [ -105.241842336570855, 40.001362009838481 ], [ -105.242028471983801, 40.001225166784209 ], [ -105.242320860498069, 40.00107208977559 ], [ -105.242571870776445, 40.001005736382439 ], [ -105.243199595541867, 40.000905219964295 ], [ -105.2438064734351, 40.000415179545229 ], [ -105.244899972657009, 40.00032495379623 ], [ -105.245199517990557, 40.000164335149719 ], [ -105.246511454635694, 40.000096178824961 ], [ -105.253042721849738, 40.000057905971602 ], [ -105.254804932157654, 40.000075927855939 ], [ -105.258458776247465, 40.00037343169592 ], [ -105.258147868008678, 39.999999344694196 ], [ -105.254110298558771, 39.997622559229306 ], [ -105.251232562952936, 39.995943467142062 ], [ -105.248931023809064, 39.994600460866351 ], [ -105.247687063677176, 39.993874536871886 ], [ -105.246642412957002, 39.993264899510478 ], [ -105.2443810265233, 39.991945130391031 ], [ -105.242861287243656, 39.991058140017245 ], [ -105.241232594885915, 39.990107512162105 ], [ -105.239688767676853, 39.989206372638378 ], [ -105.22698511486108, 39.983011771567014 ], [ -105.225863184011928, 39.982502488988935 ], [ -105.215429877578742, 39.97776556385913 ], [ -105.215258053493741, 39.977687129135518 ], [ -105.21493050334189, 39.977741863897982 ], [ -105.214921234177112, 39.977737542138364 ], [ -105.214533195203742, 39.977808255110773 ], [ -105.213039463067517, 39.978080445949203 ], [ -105.213039812595937, 39.979269808138937 ], [ -105.212999711861912, 39.979269708298489 ], [ -105.21294435896435, 39.979269570461227 ], [ -105.212837302316345, 39.981791560087572 ], [ -105.212830336939874, 39.983446147603068 ], [ -105.212824311487594, 39.984586219335583 ], [ -105.21279140305289, 39.985934889785725 ], [ -105.21284175418225, 39.986144881606641 ], [ -105.2163350377444, 39.986017392803227 ], [ -105.216500718242784, 39.986009647641673 ], [ -105.216672099274447, 39.98600563776359 ], [ -105.21713780301954, 39.985994741465049 ], [ -105.217733835962321, 39.985982479157329 ], [ -105.223008655593205, 39.985933503821045 ], [ -105.223834902054435, 39.985913524610858 ], [ -105.2244544568496, 39.985916232090858 ], [ -105.224529012770986, 39.985916557985462 ], [ -105.224657085673087, 39.985919815413276 ], [ -105.224655845251931, 39.985960545506821 ], [ -105.224629350148376, 39.986830623703185 ], [ -105.220813915403639, 39.986841074422131 ], [ -105.220792606577206, 39.989702999388662 ], [ -105.217911591728026, 39.990442820198808 ], [ -105.217884870252718, 39.993255309953639 ], [ -105.22427837230002, 39.993183963597424 ], [ -105.224283332516208, 39.998935535956832 ], [ -105.220128198950661, 39.998942514751761 ], [ -105.220126029466527, 40.000108661004184 ], [ -105.212797730470058, 40.000090237230623 ], [ -105.211364320110661, 40.000117950191957 ], [ -105.209366464103567, 40.000112145312855 ], [ -105.208902613740761, 40.000110667146608 ], [ -105.208735561607924, 40.000110245271856 ], [ -105.208624751336927, 40.000317550071046 ], [ -105.208431623578306, 40.000678854979135 ], [ -105.207982456369862, 40.001519141678436 ], [ -105.207787960594317, 40.001882990872119 ], [ -105.207605072752941, 40.002225119251726 ], [ -105.207432956127718, 40.002547096393442 ], [ -105.207391909101048, 40.002565645698951 ], [ -105.206736094011177, 40.002861899998123 ], [ -105.206733476115232, 40.00286308220425 ], [ -105.206729406077898, 40.00286452010549 ], [ -105.2065281594423, 40.002935637155218 ], [ -105.206543286410408, 40.003410424333381 ], [ -105.206547817979597, 40.003552670877625 ], [ -105.206496944616063, 40.003552879140379 ], [ -105.206488470468429, 40.00357893062597 ], [ -105.206471624240137, 40.003630715923805 ], [ -105.206327964983899, 40.003631491259902 ], [ -105.204376961833944, 40.003642000647439 ], [ -105.204045118292896, 40.003627093768969 ], [ -105.203798068875003, 40.003600544864256 ], [ -105.203544117953811, 40.003560278724699 ], [ -105.203295161669985, 40.003504542619012 ], [ -105.202835294708422, 40.003361979868735 ], [ -105.201867490900483, 40.003050647001061 ], [ -105.201735423488913, 40.003009138313963 ], [ -105.20081242734048, 40.002719042720258 ], [ -105.200810147937787, 40.002718326188933 ], [ -105.199846294492943, 40.002415378844226 ], [ -105.199038918639843, 40.00215659748585 ], [ -105.198795108235743, 40.002069182716895 ], [ -105.198562076401672, 40.001965851309535 ], [ -105.198341643560667, 40.001847310601974 ], [ -105.1978255297484, 40.001499536542859 ], [ -105.19774452080425, 40.001444949852662 ], [ -105.197006216877469, 40.000909069379965 ], [ -105.196946189622793, 40.000949886038264 ], [ -105.196859662834228, 40.000884710522804 ], [ -105.196856916422419, 40.000882640801393 ], [ -105.19682581880447, 40.000859212248891 ], [ -105.196824755467375, 40.000858415975522 ], [ -105.196812944808315, 40.000866332303005 ], [ -105.196727158629074, 40.000923821593048 ], [ -105.196629150486714, 40.000989503447713 ], [ -105.196510978759875, 40.001068699620447 ], [ -105.196413631521011, 40.001133935405967 ], [ -105.19641005598632, 40.001136333443469 ], [ -105.196137988583928, 40.001134441415878 ], [ -105.196135740127005, 40.001134424682498 ], [ -105.196130864948955, 40.00113439021878 ], [ -105.19612862234743, 40.001134373500683 ], [ -105.195418140632, 40.001129306061287 ], [ -105.195340277394081, 40.001129487633634 ], [ -105.195334294154463, 40.001129496141886 ], [ -105.19533204911464, 40.001129501017587 ], [ -105.195279819753438, 40.001129544029645 ], [ -105.195277574709564, 40.001129549804972 ], [ -105.194673425888894, 40.001130081619088 ], [ -105.194029570978913, 40.001438003086903 ], [ -105.193928463575403, 40.001486347618069 ], [ -105.19392829925323, 40.001486429141551 ], [ -105.193715549617835, 40.001592026257548 ], [ -105.193157503563228, 40.001868978370617 ], [ -105.193157459748889, 40.001875852956871 ], [ -105.192113883450759, 40.002354499347931 ], [ -105.191776774862916, 40.002738162354042 ], [ -105.191764047046348, 40.002752647796008 ], [ -105.191210238514415, 40.003654680964061 ], [ -105.191303113650733, 40.00738634668307 ], [ -105.192424956304095, 40.007384540346976 ], [ -105.192422916574799, 40.007224212918942 ], [ -105.192407166002525, 40.005986498874528 ], [ -105.192392290066081, 40.005525265236614 ], [ -105.192394283757835, 40.005083292957494 ], [ -105.192394486389873, 40.004642688479755 ], [ -105.192392687056085, 40.004580987897555 ], [ -105.192381720544049, 40.00419174048627 ], [ -105.192390518893603, 40.003893556102703 ], [ -105.192394769097334, 40.003749702171483 ], [ -105.197949125367174, 40.003748185739568 ], [ -105.198006947054949, 40.004589563416424 ], [ -105.19800786177538, 40.004597488874218 ], [ -105.198031741303936, 40.004900195808396 ], [ -105.198017033014168, 40.0049537714793 ], [ -105.197742408315136, 40.005946040222113 ], [ -105.197747365162755, 40.005935918145553 ], [ -105.197390488366707, 40.007221298309034 ], [ -105.197389573069628, 40.007226443149214 ], [ -105.197388668431969, 40.007229185971035 ], [ -105.197387749609064, 40.007234333503938 ], [ -105.197386848496819, 40.007237073632979 ], [ -105.197385943858947, 40.007239816454792 ], [ -105.197385040743796, 40.007242216131097 ], [ -105.197385028561243, 40.007244961294973 ], [ -105.1973841239232, 40.007247704116701 ], [ -105.19738321928503, 40.007250446938485 ], [ -105.197382312656075, 40.00725284660556 ], [ -105.197381411531424, 40.007255589436504 ], [ -105.197380506893055, 40.00725833225821 ], [ -105.197379602254657, 40.007261075079974 ], [ -105.19737869913898, 40.007263474756229 ], [ -105.19737779450044, 40.007266217577914 ], [ -105.197376893387371, 40.007268957706913 ], [ -105.19737597456303, 40.007274105239681 ], [ -105.197375069920199, 40.00727684896205 ], [ -105.197374166804209, 40.00727924863822 ], [ -105.197372369709285, 40.007281989117743 ], [ -105.197371468583867, 40.007284731948644 ], [ -105.197370561969976, 40.007287128013004 ], [ -105.197369657314795, 40.007289874437227 ], [ -105.197368752675501, 40.007292617258869 ], [ -105.197367849559072, 40.007295016935011 ], [ -105.197366944919622, 40.007297759756646 ], [ -105.197366040280158, 40.007300502578275 ], [ -105.197365137163544, 40.007302902254352 ], [ -105.197364232523881, 40.007305645075974 ], [ -105.197362436950812, 40.007308042409868 ], [ -105.197361532311021, 40.007310785231461 ], [ -105.197360629194037, 40.00731318490751 ], [ -105.197359724554133, 40.00731592772906 ], [ -105.197357927457659, 40.007318668208363 ], [ -105.197357024340519, 40.007321067884412 ], [ -105.197356119700288, 40.007323810705941 ], [ -105.197355216583006, 40.007326210382018 ], [ -105.197353419486092, 40.007328950861172 ], [ -105.197352516368596, 40.007331350537214 ], [ -105.197351611728109, 40.007334093358729 ], [ -105.197349816153832, 40.007336490692353 ], [ -105.197348913036166, 40.007338890368374 ], [ -105.197348008383386, 40.007341635891791 ], [ -105.197346212820776, 40.007344030523427 ], [ -105.197345308179862, 40.007346773344878 ], [ -105.197344405061841, 40.007349173020863 ], [ -105.19734260796389, 40.007351913499868 ], [ -105.197341704845769, 40.007354313175803 ], [ -105.19733990927061, 40.007356710509292 ], [ -105.197339004629285, 40.007359453330672 ], [ -105.197337209053885, 40.007361850664161 ], [ -105.197336304412318, 40.007364593485541 ], [ -105.197334505323155, 40.007366990809707 ], [ -105.1973336057181, 40.007369390494837 ], [ -105.197331808631162, 40.007372128271754 ], [ -105.197330905500408, 40.0073745306495 ], [ -105.197329106410734, 40.007376927973624 ], [ -105.197328206805352, 40.00737932765864 ], [ -105.197264557461054, 40.007443329526588 ], [ -105.195935317359371, 40.007925751642262 ], [ -105.195935184791409, 40.007925800828701 ], [ -105.195274706194297, 40.008163859398266 ], [ -105.195274556032956, 40.008163913941424 ], [ -105.194751711065805, 40.008353964379978 ], [ -105.19430265960095, 40.008513388594537 ], [ -105.194265208624827, 40.008526861273673 ], [ -105.194260080897081, 40.008528701225949 ], [ -105.194186917380449, 40.008555042312089 ], [ -105.193825159368643, 40.008685242024626 ], [ -105.193802149479737, 40.008693523693772 ], [ -105.193403945219586, 40.008836836109673 ], [ -105.193389405349862, 40.008842059976658 ], [ -105.193389169552233, 40.008842144011261 ], [ -105.192967461920645, 40.008993652332364 ], [ -105.192942449128793, 40.009002684146807 ], [ -105.192673971861694, 40.0090995494879 ], [ -105.192658950846365, 40.009104955714243 ], [ -105.192658950424189, 40.009105049381198 ], [ -105.192539394052019, 40.009121185639337 ], [ -105.192433644164311, 40.009158642872819 ], [ -105.192432372793093, 40.009268607630574 ], [ -105.192423767164286, 40.010012373293321 ], [ -105.192422977845666, 40.010787949254969 ], [ -105.192830969407453, 40.010790598460048 ], [ -105.193385117859989, 40.010788744368675 ], [ -105.193499362348874, 40.010788359070048 ], [ -105.194092891019366, 40.010786849414671 ], [ -105.194239258224627, 40.010787923890462 ], [ -105.194359591470644, 40.010782206697179 ], [ -105.1951143402718, 40.010789351852935 ], [ -105.195132582116599, 40.010789526171891 ], [ -105.195685866476325, 40.010790987559531 ], [ -105.195696666524654, 40.01079105208543 ], [ -105.196137438478559, 40.010793747267442 ], [ -105.196273386809111, 40.01079149531175 ], [ -105.195749960912124, 40.011661460918845 ], [ -105.195650222751979, 40.011791442276753 ], [ -105.195626498400685, 40.011822361274078 ], [ -105.195485260746395, 40.011974374637234 ], [ -105.195165392842426, 40.012251508438652 ], [ -105.195057224221031, 40.012361798505147 ], [ -105.19494371782973, 40.012523877289645 ], [ -105.19481843966841, 40.012795512833073 ], [ -105.194640249975478, 40.013123092792419 ], [ -105.194483386023848, 40.0134713179268 ], [ -105.194350821982553, 40.013734889899958 ], [ -105.194281495402279, 40.013908449560226 ], [ -105.194235070921067, 40.014086325491981 ], [ -105.194212054648048, 40.014266706947708 ], [ -105.194218470799157, 40.014403662136559 ], [ -105.194221829567113, 40.014475367624151 ], [ -105.194227242969774, 40.01451962661735 ], [ -105.194239501536714, 40.014619818175376 ], [ -105.194243733125447, 40.014654401907983 ], [ -105.19557146845986, 40.014659662594504 ], [ -105.196616540580436, 40.014663792775352 ], [ -105.196864258774397, 40.014664771113054 ] ] ] } },
{ "type": "Feature", "properties": { "OBJECTID": 20, "SUBCOMMUNITY": "Central Boulder - University Hill", "SHAPESTArea": 40267752.22701145, "SHAPESTLength": 38330.446976815685 }, "geometry": { "type": "Polygon", "coordinates": [ [ [ -105.263728807334118, 40.000088989235934 ], [ -105.264428571624833, 40.001048867493992 ], [ -105.264992851191636, 40.001866262085436 ], [ -105.265162907845621, 40.002112631884451 ], [ -105.265379927506061, 40.002353351727109 ], [ -105.265847014993327, 40.002717472458173 ], [ -105.266187266317132, 40.0028854024807 ], [ -105.26773926366765, 40.003392189691894 ], [ -105.2697919953374, 40.004484086852671 ], [ -105.274651632577374, 40.007229119716783 ], [ -105.275797749344804, 40.008747497579421 ], [ -105.27697560560928, 40.010499013877855 ], [ -105.278321844953879, 40.012756692655024 ], [ -105.278615483883314, 40.013912727250037 ], [ -105.278664162905855, 40.014104369499236 ], [ -105.279252267267495, 40.013989432428851 ], [ -105.280027733571245, 40.01383787363649 ], [ -105.281194751571007, 40.013609777277139 ], [ -105.281859676585157, 40.013479810176477 ], [ -105.282659780606124, 40.013323415880912 ], [ -105.283139296961423, 40.013229682611787 ], [ -105.28355300193985, 40.013148812147449 ], [ -105.284029440413349, 40.01305567644242 ], [ -105.284610469872902, 40.012942091227174 ], [ -105.291597911833122, 40.012938956122525 ], [ -105.293428691031409, 40.012937212689472 ], [ -105.29379309382692, 40.012883274562178 ], [ -105.294272325431706, 40.01280711666876 ], [ -105.295020337333725, 40.01269176114522 ], [ -105.295548810693489, 40.012625579121384 ], [ -105.295854148861281, 40.012614113457957 ], [ -105.296269239827652, 40.012598524108085 ], [ -105.296657685241684, 40.012677777118299 ], [ -105.296958337471082, 40.012714160885103 ], [ -105.297004438663777, 40.012719739620046 ], [ -105.297823813590625, 40.012889601721675 ], [ -105.297953854340903, 40.012916559159194 ], [ -105.297970172361403, 40.012919941773056 ], [ -105.298020292858453, 40.012860168673477 ], [ -105.298300028531671, 40.012931289154558 ], [ -105.298303723574691, 40.012932228691987 ], [ -105.298433327229986, 40.012978362393234 ], [ -105.299239856623473, 40.013274112926631 ], [ -105.299604744712909, 40.013405594185031 ], [ -105.299629299478539, 40.013413413974696 ], [ -105.299654029743834, 40.013420904425629 ], [ -105.299678924982445, 40.01342806011548 ], [ -105.299703978155662, 40.013434884634584 ], [ -105.299729182261757, 40.013441368964187 ], [ -105.299754530267279, 40.013447514893237 ], [ -105.299780015154482, 40.013453318806903 ], [ -105.299805625212628, 40.013458779784031 ], [ -105.299831359264715, 40.013463899623829 ], [ -105.29985720328115, 40.013468669295399 ], [ -105.299883149049066, 40.013473093287601 ], [ -105.299909200092642, 40.013477168003988 ], [ -105.299935329476568, 40.013480891596352 ], [ -105.299961543054437, 40.013484264975489 ], [ -105.299987829117939, 40.013487286319695 ], [ -105.300014179472797, 40.013489953813469 ], [ -105.300040588264736, 40.013492266545946 ], [ -105.30006704494626, 40.013494226300111 ], [ -105.300093541322909, 40.013495831260343 ], [ -105.300120071551092, 40.013497076913374 ], [ -105.300146623901284, 40.013497968642639 ], [ -105.300189314121155, 40.013498651456302 ], [ -105.300215459144525, 40.013498644514691 ], [ -105.300241600519641, 40.013498283604825 ], [ -105.300267733552857, 40.01349757142065 ], [ -105.300293841845487, 40.013496507933681 ], [ -105.30031992539179, 40.01349509494532 ], [ -105.300345972472968, 40.013493334236507 ], [ -105.300371972560029, 40.013491221285783 ], [ -105.300400313499338, 40.013488517050277 ], [ -105.300413766914915, 40.013487035346131 ], [ -105.300427184546464, 40.013485373448219 ], [ -105.300440560534682, 40.013483532247101 ], [ -105.300453893702866, 40.01348151354204 ], [ -105.300467178199668, 40.01347931552165 ], [ -105.300480412851016, 40.013476939084498 ], [ -105.300493590628847, 40.013474384218519 ], [ -105.300506708011383, 40.013471653619511 ], [ -105.300519761479237, 40.013468749082818 ], [ -105.300532748700178, 40.013465667001739 ], [ -105.30054566028268, 40.013462414565304 ], [ -105.300558498584948, 40.013458986373685 ], [ -105.300571257745148, 40.013455384218084 ], [ -105.300583929535051, 40.013451617991471 ], [ -105.300596518666083, 40.013447678695471 ], [ -105.300609015754532, 40.013443570817216 ], [ -105.30062668237457, 40.013439289042665 ], [ -105.300670031888174, 40.013427193477391 ], [ -105.300743279033682, 40.013406757288529 ], [ -105.300864219887572, 40.01333616148824 ], [ -105.300878442701475, 40.013331510766037 ], [ -105.300869939239007, 40.013333817962263 ], [ -105.300861181396527, 40.01333619496949 ], [ -105.300834050956539, 40.013343557775791 ], [ -105.300907089567829, 40.013309047546045 ], [ -105.300945333884869, 40.013279058831323 ], [ -105.301209169249773, 40.01303271025597 ], [ -105.301194415209423, 40.013021534759332 ], [ -105.301175180262661, 40.013006966887893 ], [ -105.301136502364002, 40.012977672262004 ], [ -105.301174703415782, 40.013006205916099 ], [ -105.301167710408052, 40.012995057306142 ], [ -105.301137066888103, 40.012946362993702 ], [ -105.301125535225225, 40.012931145517797 ], [ -105.301089866508605, 40.012908266000601 ], [ -105.301056246783375, 40.012898514297852 ], [ -105.301031408227956, 40.012894027632456 ], [ -105.301019145876126, 40.012888784499033 ], [ -105.300968251629428, 40.01286702610215 ], [ -105.300934229809201, 40.012858204943207 ], [ -105.300855968184578, 40.01281553566497 ], [ -105.300816991211022, 40.012801294801328 ], [ -105.300806928966679, 40.012787107474324 ], [ -105.300781789802286, 40.012751228033792 ], [ -105.300754353281505, 40.0127179087728 ], [ -105.300732388021046, 40.01267454588892 ], [ -105.30071810308452, 40.012650399960734 ], [ -105.300720574007428, 40.012634550065073 ], [ -105.300568021538695, 40.012619970496651 ], [ -105.300469312949232, 40.01261053475249 ], [ -105.300296060113027, 40.012595166962491 ], [ -105.299550365621982, 40.012538052656552 ], [ -105.299504678194452, 40.012534735393075 ], [ -105.299384424037967, 40.01252600609795 ], [ -105.299359853029344, 40.012524222392202 ], [ -105.299359971205902, 40.012523468752576 ], [ -105.299361841752486, 40.012511534773566 ], [ -105.299396991729694, 40.012287259872849 ], [ -105.299413506615068, 40.012181888968151 ], [ -105.299490992860186, 40.011687473316989 ], [ -105.299490395689347, 40.011687410133689 ], [ -105.299149343987082, 40.01165112742234 ], [ -105.298700178224962, 40.011603341948295 ], [ -105.298633555226587, 40.011729548307741 ], [ -105.298633187730459, 40.011730243869629 ], [ -105.298628021544474, 40.011740034837239 ], [ -105.298579663685899, 40.011831643008641 ], [ -105.298537683916365, 40.011825548823651 ], [ -105.298112430690381, 40.011762259391432 ], [ -105.298076151592525, 40.011758563545818 ], [ -105.298074862562359, 40.011758374853898 ], [ -105.297530106199659, 40.011702919481394 ], [ -105.297529935358142, 40.011703652311766 ], [ -105.297419716145356, 40.01217708343745 ], [ -105.297415297889458, 40.012188558982054 ], [ -105.297414654553762, 40.012190234864896 ], [ -105.297406389989334, 40.012189017976524 ], [ -105.296909970819939, 40.012107751760404 ], [ -105.296909806823436, 40.012107756875515 ], [ -105.296910269665204, 40.012218592761073 ], [ -105.29691112047702, 40.012422932260243 ], [ -105.29691081728356, 40.012422874084621 ], [ -105.296786195965453, 40.012398785486162 ], [ -105.296688405448108, 40.012379884977086 ], [ -105.296521080668512, 40.012355928848322 ], [ -105.296521080969541, 40.012355827975881 ], [ -105.296521000335716, 40.012323580908649 ], [ -105.296520642158114, 40.012181024261217 ], [ -105.296520171044506, 40.01199310339819 ], [ -105.296520171509485, 40.011992947586293 ], [ -105.296506230218085, 40.011993136440935 ], [ -105.29625787353946, 40.011993669729861 ], [ -105.295806624340685, 40.012001629542588 ], [ -105.295779098023914, 40.012001940159699 ], [ -105.295807649068749, 40.012153828851872 ], [ -105.295807822011085, 40.01215474782262 ], [ -105.295549165355297, 40.012110417009247 ], [ -105.295481200769075, 40.012098768156761 ], [ -105.295399880946192, 40.012084830431839 ], [ -105.294963573221366, 40.012113830157944 ], [ -105.294804746649334, 40.012124386101732 ], [ -105.294804436032322, 40.012147813296437 ], [ -105.294683619529408, 40.012156273335115 ], [ -105.294225471029222, 40.012129001005654 ], [ -105.294067856657406, 40.012164744818108 ], [ -105.293931414961392, 40.012140642830637 ], [ -105.293799183236885, 40.012084701170579 ], [ -105.293698682040002, 40.011971087963857 ], [ -105.293698190609788, 40.011970531382694 ], [ -105.293700337253696, 40.01184637319907 ], [ -105.293702765765403, 40.01162595207493 ], [ -105.293544706774924, 40.011670730614611 ], [ -105.293098772473414, 40.011672079461448 ], [ -105.293098411713402, 40.011672080615504 ], [ -105.292470072890268, 40.011673010462317 ], [ -105.292465605450076, 40.011651509272433 ], [ -105.292462047270377, 40.011634899356316 ], [ -105.292235266904086, 40.011618916036198 ], [ -105.292221226194471, 40.011617926141248 ], [ -105.292221162634931, 40.011592659145897 ], [ -105.292219198861019, 40.010818764358518 ], [ -105.292219198970798, 40.010818728332623 ], [ -105.291509650862963, 40.010819239087986 ], [ -105.291507204833181, 40.01103541899603 ], [ -105.290962704042784, 40.010766090398057 ], [ -105.290499736771523, 40.010530042344357 ], [ -105.290392291425022, 40.010479830301648 ], [ -105.29014454777338, 40.010386454977947 ], [ -105.290144692692422, 40.010339367364658 ], [ -105.290681975965882, 40.010341030154578 ], [ -105.290682773208303, 40.009207953053775 ], [ -105.290059819584286, 40.009207164660658 ], [ -105.29006066888526, 40.00893169281332 ], [ -105.291419030410822, 40.008932785198731 ], [ -105.291419022200415, 40.008932023232425 ], [ -105.291423643297762, 40.008008274333847 ], [ -105.291424636761136, 40.007786101498155 ], [ -105.291426682466678, 40.00738111801472 ], [ -105.291426924717499, 40.007333316346269 ], [ -105.291427747833538, 40.007249921959591 ], [ -105.29143035224331, 40.006653838204855 ], [ -105.291430761707346, 40.006568979504713 ], [ -105.291432067786872, 40.006001045045778 ], [ -105.291431998837922, 40.005861229481148 ], [ -105.289296391567703, 40.005855263715397 ], [ -105.289283127929806, 40.00557022357679 ], [ -105.2892763034598, 40.005423545290625 ], [ -105.289269350859087, 40.004496686616477 ], [ -105.289280783781962, 40.004496302216481 ], [ -105.289281054139948, 40.004463765744099 ], [ -105.289812228962631, 40.004464735211741 ], [ -105.290197648602629, 40.004465436223427 ], [ -105.29020045936339, 40.004107613966163 ], [ -105.28981349153004, 40.004107164122033 ], [ -105.28928818354818, 40.004106551226798 ], [ -105.289275018611718, 40.004106536175073 ], [ -105.289271210836858, 40.003675350889957 ], [ -105.289603060016915, 40.003671094260511 ], [ -105.290072002235945, 40.003663218948411 ], [ -105.290141803203568, 40.003662699338754 ], [ -105.290750153574834, 40.003653911264315 ], [ -105.290753622672611, 40.003653861719286 ], [ -105.290811660468663, 40.003653765279317 ], [ -105.290811261837447, 40.003553499429835 ], [ -105.290807834536125, 40.002691613875363 ], [ -105.291299950699582, 40.002682395822404 ], [ -105.291291199124885, 40.002161110250341 ], [ -105.29127867141176, 40.001963350216592 ], [ -105.291272518209112, 40.001866206405843 ], [ -105.291142997856781, 40.001529461961852 ], [ -105.291104079263349, 40.001464518356016 ], [ -105.291008241544333, 40.001345208165212 ], [ -105.290961535572634, 40.00130042771417 ], [ -105.290934117338793, 40.001274141092537 ], [ -105.290690131042169, 40.001125266389607 ], [ -105.290594748924789, 40.001045235037154 ], [ -105.290502733453593, 40.000926100682989 ], [ -105.29047733456818, 40.00087693023567 ], [ -105.290426926069642, 40.00073350516098 ], [ -105.290417426598935, 40.000679996332408 ], [ -105.290420845019199, 40.000534812834864 ], [ -105.290523851074397, 40.000213810163842 ], [ -105.290615090451681, 39.999994206725027 ], [ -105.290625014974566, 39.99997031872276 ], [ -105.290670160477504, 39.999863071711971 ], [ -105.290712685673952, 39.999725443612007 ], [ -105.290715791123205, 39.999706448178273 ], [ -105.290757592669536, 39.999450791807298 ], [ -105.290747783691103, 39.999363781757921 ], [ -105.290710155624296, 39.999299362723214 ], [ -105.290638390487558, 39.999244589830475 ], [ -105.290622806069607, 39.999232688225639 ], [ -105.290611544691942, 39.999229363280037 ], [ -105.290507934227804, 39.999198769034741 ], [ -105.290385057076932, 39.999203321870105 ], [ -105.290334440601526, 39.99922247858904 ], [ -105.290089380805696, 39.999315227746642 ], [ -105.289953321039476, 39.999383902413648 ], [ -105.28973173173776, 39.99949574777655 ], [ -105.289722226525527, 39.999500545331507 ], [ -105.289558756621147, 39.99956665311678 ], [ -105.289467443048721, 39.999593144839501 ], [ -105.289449671212864, 39.999598301048124 ], [ -105.289447352741021, 39.999598973204563 ], [ -105.289386018673767, 39.999616767061838 ], [ -105.289308287642569, 39.999629836722754 ], [ -105.289065099842688, 39.999670727539367 ], [ -105.289035930140258, 39.999676915695048 ], [ -105.289018353551555, 39.999680644659826 ], [ -105.288847255050868, 39.999716942082905 ], [ -105.288764515391264, 39.999741632334143 ], [ -105.288722698357603, 39.999754110815346 ], [ -105.288636497199903, 39.999779833084467 ], [ -105.28805024195394, 39.999999634782917 ], [ -105.287907382489735, 40.000037198600381 ], [ -105.287882578385378, 40.000040736668545 ], [ -105.287773002587926, 40.00005636490404 ], [ -105.28664774089745, 40.000061786145807 ], [ -105.286423888164762, 40.000062282271529 ], [ -105.285419259576969, 40.000064502341509 ], [ -105.285189732834993, 40.000064645965303 ], [ -105.28483988004065, 40.000064863673842 ], [ -105.284251354773801, 40.000065812021901 ], [ -105.283673754607307, 40.000066008706533 ], [ -105.283241105715803, 40.000065895068794 ], [ -105.28323903087049, 39.999961522611621 ], [ -105.283139417732912, 39.99883069883245 ], [ -105.283125184363158, 39.998669103919873 ], [ -105.283083872455663, 39.998200121023167 ], [ -105.283078737726626, 39.998141838209982 ], [ -105.282602372319758, 39.992734159846727 ], [ -105.278711115084604, 39.992859299365023 ], [ -105.278566223511845, 39.99286395584479 ], [ -105.277491184619606, 39.992885664168135 ], [ -105.277491831268179, 39.992896706529159 ], [ -105.277482661465456, 39.992896697837502 ], [ -105.277345721019756, 39.992896556838026 ], [ -105.27699564682564, 39.992896197245273 ], [ -105.276255935166191, 39.992895435022675 ], [ -105.275018043449364, 39.992905966552101 ], [ -105.274430876586834, 39.992910960776086 ], [ -105.274282717132976, 39.99291221992204 ], [ -105.274039254756005, 39.992914289150782 ], [ -105.2737668101379, 39.9929166045168 ], [ -105.273686623633239, 39.992917287447064 ], [ -105.273686818928098, 39.992858431009125 ], [ -105.270769202428667, 39.992856043307285 ], [ -105.26487536772602, 39.992919381098403 ], [ -105.264875235577392, 39.992925785379256 ], [ -105.264875589608209, 39.993136266230003 ], [ -105.264877573419966, 39.994315222630128 ], [ -105.2648789704118, 39.995145052778781 ], [ -105.264877572285798, 39.995211953191969 ], [ -105.264876983400015, 39.995383790425031 ], [ -105.264878074747756, 39.995604588817962 ], [ -105.264872279297322, 39.99595855372705 ], [ -105.264873107286661, 39.996200714175622 ], [ -105.264871517219433, 39.996266896369598 ], [ -105.264871074280947, 39.996285322840613 ], [ -105.264871520908983, 39.996348365005694 ], [ -105.264870566803637, 39.996581633259957 ], [ -105.264856355786932, 39.996581800619893 ], [ -105.264165459091572, 39.996589922884404 ], [ -105.261341348168941, 39.996623082883815 ], [ -105.261348770714079, 39.99663396733758 ], [ -105.261288918359469, 39.996631910629397 ], [ -105.26111073828416, 39.996625787303415 ], [ -105.262978161144929, 39.999059281526478 ], [ -105.26374410482029, 40.000057344602673 ], [ -105.263762455046248, 40.000083927158741 ], [ -105.26376171725579, 40.000083928349063 ], [ -105.263728807334118, 40.000088989235934 ] ] ] } },
{ "type": "Feature", "properties": { "OBJECTID": 22, "SUBCOMMUNITY": "Colorado University", "SHAPESTArea": 43502346.282542631, "SHAPESTLength": 31987.513428683091 }, "geometry": { "type": "Polygon", "coordinates": [ [ [ -105.240638134364787, 40.014533125949207 ], [ -105.240745827439383, 40.014532144109403 ], [ -105.240829207371334, 40.01453138313228 ], [ -105.240962811435537, 40.01452921551536 ], [ -105.241022531117281, 40.014528246339424 ], [ -105.242623095476603, 40.014502266480903 ], [ -105.244024269409806, 40.014506078541444 ], [ -105.246628428699708, 40.014516132649156 ], [ -105.246632435790573, 40.014516147757298 ], [ -105.246664528818613, 40.014516271399224 ], [ -105.246667750982311, 40.014516321708619 ], [ -105.246668131902183, 40.014413799461721 ], [ -105.246670710817881, 40.013719691975048 ], [ -105.246670998415283, 40.013642285114649 ], [ -105.246671385087609, 40.01353821194742 ], [ -105.247751464558277, 40.01364216678742 ], [ -105.251404559444481, 40.013615093713028 ], [ -105.25171043609113, 40.013611262011686 ], [ -105.252448961371158, 40.013602008523499 ], [ -105.2535481052509, 40.013601377019349 ], [ -105.253726998112626, 40.01360127283052 ], [ -105.253767730588891, 40.012373682179472 ], [ -105.253516410888722, 40.011776064860307 ], [ -105.253507902039203, 40.011049482971352 ], [ -105.253651048790985, 40.01097811311292 ], [ -105.254700119019645, 40.01097916864699 ], [ -105.256121513437478, 40.010980583831113 ], [ -105.256121517183956, 40.010984448539432 ], [ -105.256523870629735, 40.010988405991171 ], [ -105.257052988528798, 40.01098956064444 ], [ -105.257325088102135, 40.010989496803774 ], [ -105.257590139373121, 40.010989637264487 ], [ -105.257664720360822, 40.010989657116184 ], [ -105.257664720556633, 40.010988942899097 ], [ -105.257989153349072, 40.010985746906428 ], [ -105.258266595185987, 40.010983013514803 ], [ -105.258366585640303, 40.010984743374117 ], [ -105.258517954519263, 40.010987363413271 ], [ -105.259053304235621, 40.010996626009458 ], [ -105.260358772418883, 40.011000191963689 ], [ -105.262823218436466, 40.011004674473625 ], [ -105.262869714324509, 40.011004759284361 ], [ -105.262898913725607, 40.011004912991083 ], [ -105.263064529279418, 40.011005780266231 ], [ -105.263064525502003, 40.011006867345941 ], [ -105.263078394340951, 40.011006939972056 ], [ -105.263366885222695, 40.011069524217085 ], [ -105.263350664266852, 40.011132274509755 ], [ -105.263257680763047, 40.011491986157097 ], [ -105.263172673892655, 40.011788988166877 ], [ -105.263087461718357, 40.01222711920181 ], [ -105.263060660020358, 40.012484993845909 ], [ -105.26302922420966, 40.013505618631704 ], [ -105.263019633483609, 40.013817004821632 ], [ -105.263028720645991, 40.014620126898457 ], [ -105.263137125038696, 40.014618641961086 ], [ -105.265860473661022, 40.014609933267401 ], [ -105.276061766299307, 40.014576739584008 ], [ -105.278664162905855, 40.014104369499236 ], [ -105.278615483883314, 40.013912727250037 ], [ -105.278321844953879, 40.012756692655024 ], [ -105.27697560560928, 40.010499013877855 ], [ -105.275797749344804, 40.008747497579421 ], [ -105.274651632577374, 40.007229119716783 ], [ -105.2697919953374, 40.004484086852671 ], [ -105.26773926366765, 40.003392189691894 ], [ -105.266187266317132, 40.0028854024807 ], [ -105.265847014993327, 40.002717472458173 ], [ -105.265379927506061, 40.002353351727109 ], [ -105.265162907845621, 40.002112631884451 ], [ -105.264992851191636, 40.001866262085436 ], [ -105.264428571624833, 40.001048867493992 ], [ -105.263728807334118, 40.000088989235934 ], [ -105.262623911291058, 40.000258903131908 ], [ -105.260759911220489, 40.000436911393209 ], [ -105.260196219174745, 40.000455345827341 ], [ -105.259208629456595, 40.000414172226563 ], [ -105.258683105395875, 40.000392259438939 ], [ -105.258676227256331, 40.000391682134882 ], [ -105.258458776247465, 40.00037343169592 ], [ -105.254804932157654, 40.000075927855939 ], [ -105.253042721849738, 40.000057905971602 ], [ -105.246511454635694, 40.000096178824961 ], [ -105.245199517990557, 40.000164335149719 ], [ -105.244899972657009, 40.00032495379623 ], [ -105.2438064734351, 40.000415179545229 ], [ -105.243199595541867, 40.000905219964295 ], [ -105.242571870776445, 40.001005736382439 ], [ -105.242320860498069, 40.00107208977559 ], [ -105.242028471983801, 40.001225166784209 ], [ -105.241842336570855, 40.001362009838481 ], [ -105.240331392614408, 40.002333505490711 ], [ -105.239822374728746, 40.002892378297837 ], [ -105.239731323501829, 40.003366749813367 ], [ -105.239788559853579, 40.003568993803434 ], [ -105.23995175285927, 40.003834273950716 ], [ -105.240141059945856, 40.00403853127802 ], [ -105.240167195513934, 40.004230330339638 ], [ -105.239880775272837, 40.004443362853536 ], [ -105.23986080999083, 40.004458211922675 ], [ -105.239782121882129, 40.004523238095921 ], [ -105.239692931428365, 40.004596942622697 ], [ -105.240033214376169, 40.005000581684683 ], [ -105.239606063691028, 40.005206954641196 ], [ -105.239714132595623, 40.006543637011156 ], [ -105.23975099547485, 40.006999531028526 ], [ -105.239752885572244, 40.007022915357226 ], [ -105.239758279653969, 40.007089643434945 ], [ -105.239764630038621, 40.007168187541282 ], [ -105.239775248401969, 40.007299503357203 ], [ -105.239781044183246, 40.007371160713937 ], [ -105.239707520308414, 40.007371683774061 ], [ -105.239489613262435, 40.007373234375258 ], [ -105.239488341816653, 40.007706040050628 ], [ -105.239514185898329, 40.007736722450332 ], [ -105.239497654829933, 40.007767803581885 ], [ -105.23944090573103, 40.007831523586823 ], [ -105.239334251947369, 40.007951280199201 ], [ -105.239698744529733, 40.008395191676854 ], [ -105.239836125099117, 40.008786690562182 ], [ -105.239987589557799, 40.009218318104431 ], [ -105.240297117042005, 40.009981377110378 ], [ -105.24036910129459, 40.010661255817595 ], [ -105.240389502465788, 40.011148559567687 ], [ -105.240311635521024, 40.012781051954647 ], [ -105.240331625769102, 40.013260055168843 ], [ -105.240458136426582, 40.01400927151581 ], [ -105.240624278382541, 40.014527641334446 ], [ -105.240635495910254, 40.014527125270753 ], [ -105.240638134364787, 40.014533125949207 ] ] ] } },
{ "type": "Feature", "properties": { "OBJECTID": 24, "SUBCOMMUNITY": "East Boulder", "SHAPESTArea": 70234967.708138064, "SHAPESTLength": 47767.641356696557 }, "geometry": { "type": "Polygon", "coordinates": [ [ [ -105.240698604473891, 40.014697352750588 ], [ -105.240692311253554, 40.014697556558552 ], [ -105.2406218377008, 40.014537392616283 ], [ -105.239987988981696, 40.014566563160088 ], [ -105.238735453377956, 40.014645559402808 ], [ -105.238730995348078, 40.014645841114763 ], [ -105.23798086057063, 40.014661120157015 ], [ -105.236170167982337, 40.014667794481866 ], [ -105.234791634611042, 40.014672857335491 ], [ -105.233079630733684, 40.014651573647228 ], [ -105.231972121287313, 40.014637791870854 ], [ -105.230668982400843, 40.014620944366065 ], [ -105.230057356195275, 40.014613032350823 ], [ -105.229152916626077, 40.014611493598764 ], [ -105.228145135636211, 40.014610527391433 ], [ -105.226893311540593, 40.014605518900687 ], [ -105.22684908544835, 40.014606053622259 ], [ -105.225856204503074, 40.014618056797666 ], [ -105.225410582269916, 40.014604918873076 ], [ -105.224103583597056, 40.014569792989178 ], [ -105.223599398508085, 40.014572263075202 ], [ -105.223161287629438, 40.01457440863863 ], [ -105.22296477037797, 40.014575370570626 ], [ -105.222398992580537, 40.014578137760537 ], [ -105.221682804655302, 40.014581636280255 ], [ -105.220995117102149, 40.014584991255774 ], [ -105.220454210706208, 40.0145876280422 ], [ -105.219068127324007, 40.014594215699979 ], [ -105.21891425969099, 40.014592883381709 ], [ -105.218308746421755, 40.014587639423318 ], [ -105.218172113301762, 40.014586455388013 ], [ -105.216983288521476, 40.01459715562649 ], [ -105.215742468676268, 40.014661237699016 ], [ -105.215225744919152, 40.014672842249794 ], [ -105.214794454604657, 40.014673937120946 ], [ -105.214179132785375, 40.014675497594666 ], [ -105.213093826036015, 40.014678243526127 ], [ -105.211413878541975, 40.014677526642259 ], [ -105.210954791525353, 40.01467351374729 ], [ -105.210628239815449, 40.014666956768899 ], [ -105.210398167135665, 40.014662552368641 ], [ -105.210145821775484, 40.014659992812149 ], [ -105.209980066917737, 40.014657658599525 ], [ -105.209793204561961, 40.014651454965474 ], [ -105.20964406255024, 40.014645346003775 ], [ -105.209099390748761, 40.014634430063637 ], [ -105.208352162172645, 40.014645788721467 ], [ -105.206660560427295, 40.014631720900674 ], [ -105.206562572963364, 40.01463146261321 ], [ -105.205449195281304, 40.014650977651556 ], [ -105.203910711150201, 40.014682871383592 ], [ -105.202758279983755, 40.014683126681561 ], [ -105.201149858758328, 40.014683465053942 ], [ -105.200687913601101, 40.014683557697069 ], [ -105.200610011044233, 40.01468357344293 ], [ -105.200133595097071, 40.014683668628656 ], [ -105.199288638103184, 40.014683831810892 ], [ -105.198005323944656, 40.01466937335762 ], [ -105.197340788691989, 40.014666692787301 ], [ -105.197279238077257, 40.014666446576221 ], [ -105.197143705635852, 40.014665898894165 ], [ -105.196864258774397, 40.014664771113054 ], [ -105.197211020286204, 40.016395681781205 ], [ -105.199594737908882, 40.01619739680104 ], [ -105.20048481037081, 40.016199855024205 ], [ -105.200901962529144, 40.016341724252989 ], [ -105.201528683177841, 40.016725792547099 ], [ -105.202128930602328, 40.017352498997695 ], [ -105.202098258560099, 40.018074831390607 ], [ -105.200445829990414, 40.019113037201492 ], [ -105.20103909474841, 40.020827618635131 ], [ -105.202557181696434, 40.020868920778831 ], [ -105.203157308719213, 40.020732866882383 ], [ -105.203576407566771, 40.02065369925576 ], [ -105.204650273249612, 40.020696782750292 ], [ -105.205643881453739, 40.021018391917778 ], [ -105.206143200828421, 40.020278334768754 ], [ -105.206417345360293, 40.02011543285375 ], [ -105.206532700002867, 40.020046887695806 ], [ -105.206662642088787, 40.019969672909049 ], [ -105.206662966581177, 40.019969943930349 ], [ -105.206667498092159, 40.020116601628949 ], [ -105.206672629911722, 40.020282743783739 ], [ -105.206706825155564, 40.020508535358168 ], [ -105.2067647101956, 40.020689252713055 ], [ -105.206863714756466, 40.020865565880896 ], [ -105.206980496985935, 40.021005813336181 ], [ -105.207109002808707, 40.021150608118454 ], [ -105.207331262213941, 40.021336279065224 ], [ -105.207817088920649, 40.021662600684252 ], [ -105.208074760801622, 40.02180774223033 ], [ -105.208116943042455, 40.021825221685674 ], [ -105.208414653995561, 40.021948590525426 ], [ -105.20871952749674, 40.022044200541124 ], [ -105.208937789565013, 40.022098288163562 ], [ -105.209334269288973, 40.022196539635083 ], [ -105.20964028608573, 40.022272370849031 ], [ -105.21000371104202, 40.022404249135427 ], [ -105.2103084248008, 40.022535970717911 ], [ -105.210554387529641, 40.022676561405774 ], [ -105.210718274778699, 40.022789848696959 ], [ -105.210928701454108, 40.022998051523558 ], [ -105.211121232089837, 40.0232694043466 ], [ -105.211202556122359, 40.023463723007474 ], [ -105.211248490623518, 40.023694059285674 ], [ -105.211253447356043, 40.023796091340564 ], [ -105.211266491871584, 40.024679871508553 ], [ -105.211270077401949, 40.024922845062939 ], [ -105.211270136206139, 40.025404918655298 ], [ -105.211301141192635, 40.027719694017776 ], [ -105.211280204689288, 40.028997258438189 ], [ -105.211296173403198, 40.029075829884157 ], [ -105.211320594630266, 40.029125482721398 ], [ -105.211355283243705, 40.029171374003127 ], [ -105.211373094592759, 40.029186399121386 ], [ -105.211426288218547, 40.029231266707754 ], [ -105.211542066903334, 40.029285626955094 ], [ -105.211676516041024, 40.029308469495128 ], [ -105.212619490453676, 40.029292114301413 ], [ -105.214213069292697, 40.029305224118765 ], [ -105.215411222021444, 40.029291898093739 ], [ -105.215971660443429, 40.029279840798928 ], [ -105.215987489545043, 40.029349085883617 ], [ -105.216028384719735, 40.029349483782546 ], [ -105.216013934401161, 40.029676241719571 ], [ -105.216031969684394, 40.029757317788274 ], [ -105.216055739711337, 40.029809493435565 ], [ -105.216128780917018, 40.029896140310349 ], [ -105.216133729929197, 40.029902010330467 ], [ -105.216245361712197, 40.029971193878573 ], [ -105.216267260671742, 40.029977548707883 ], [ -105.216379524222731, 40.030010122173159 ], [ -105.216963995756984, 40.02960130174629 ], [ -105.217133560775338, 40.029501167985302 ], [ -105.217254754683339, 40.029443438806048 ], [ -105.217446840651689, 40.029371234066872 ], [ -105.217604977017004, 40.029328993454072 ], [ -105.217607190365996, 40.029327529008462 ], [ -105.217610480223357, 40.029327523552666 ], [ -105.2176488103091, 40.029317285101662 ], [ -105.21784412920384, 40.02928100201742 ], [ -105.218070074551832, 40.029257732229176 ], [ -105.21822560844754, 40.029252835347627 ], [ -105.218473772465572, 40.029252627099602 ], [ -105.218894638889026, 40.02925148383671 ], [ -105.219428335353342, 40.029249516541121 ], [ -105.22026588263526, 40.029246785355816 ], [ -105.220935560497409, 40.029244939927857 ], [ -105.224025987041884, 40.029239122943622 ], [ -105.224038396952693, 40.029317739913466 ], [ -105.224039034460901, 40.029317700008662 ], [ -105.224039075288815, 40.02931803334755 ], [ -105.224064040102519, 40.02952369477719 ], [ -105.224112181458409, 40.029927123618847 ], [ -105.224116603097983, 40.029964176201638 ], [ -105.224000311132386, 40.030130197961526 ], [ -105.223895578945118, 40.030279714908353 ], [ -105.223894347051484, 40.030283317268797 ], [ -105.223743268653919, 40.030833300609736 ], [ -105.223715951169368, 40.030932742790171 ], [ -105.223302735010606, 40.031651906247255 ], [ -105.222748754479554, 40.03196115952381 ], [ -105.222746800791967, 40.032227175801395 ], [ -105.222742683822929, 40.032787681929783 ], [ -105.222729081279454, 40.034639112198001 ], [ -105.222729194964714, 40.034639104365411 ], [ -105.222729961273231, 40.034660124708957 ], [ -105.22272398626248, 40.036435997492063 ], [ -105.222723893924979, 40.036464168739741 ], [ -105.222725253007511, 40.036499911648079 ], [ -105.222719758757293, 40.036499929064611 ], [ -105.221587007056129, 40.03649975692106 ], [ -105.220887660911302, 40.036499756639472 ], [ -105.220768994150106, 40.036499751375672 ], [ -105.220768578515759, 40.036516833022468 ], [ -105.220766598344014, 40.036598339871972 ], [ -105.220724363932831, 40.038336144077178 ], [ -105.220553392534782, 40.038335677827625 ], [ -105.21984063541332, 40.038333731179677 ], [ -105.219646551208214, 40.038331289969349 ], [ -105.2184774088702, 40.038325622039544 ], [ -105.218423314664477, 40.039880047149317 ], [ -105.218417513488532, 40.040046752500288 ], [ -105.218399840690068, 40.040139220633286 ], [ -105.220651288850917, 40.040138191456535 ], [ -105.221017430136513, 40.040134730892078 ], [ -105.225461927813612, 40.040155277522366 ], [ -105.226762738601224, 40.040156500423024 ], [ -105.227088288149716, 40.040156804451819 ], [ -105.229390047960607, 40.040158927354241 ], [ -105.23124789677378, 40.040154208732744 ], [ -105.233665880034181, 40.040148022976155 ], [ -105.233674337342237, 40.040084900593627 ], [ -105.233771241278248, 40.039537362097697 ], [ -105.233786432703312, 40.039449302718495 ], [ -105.234615522254941, 40.038581684261317 ], [ -105.234824564679315, 40.038362848406919 ], [ -105.234806727927449, 40.035529967027756 ], [ -105.234805130725249, 40.035276138302585 ], [ -105.234797774007433, 40.034107897760329 ], [ -105.234794292604192, 40.033555090824464 ], [ -105.234793661542056, 40.033454991907178 ], [ -105.234793604475072, 40.033445869080573 ], [ -105.234793522566207, 40.033432892310636 ], [ -105.234725950453111, 40.03343377989664 ], [ -105.234556383468643, 40.033403477412392 ], [ -105.234556953206024, 40.033358266936133 ], [ -105.234557028251345, 40.033358251797736 ], [ -105.234608765677905, 40.029238397062748 ], [ -105.234614744300615, 40.029238399109389 ], [ -105.244425651514405, 40.029239513632547 ], [ -105.24469297315369, 40.029241151266739 ], [ -105.244693074580582, 40.02923221342823 ], [ -105.244693093752133, 40.029230535557353 ], [ -105.244763623159471, 40.022998176649615 ], [ -105.244763562635924, 40.02299775861318 ], [ -105.244763658965283, 40.02298923865996 ], [ -105.244760223142961, 40.022877182762073 ], [ -105.244456222085446, 40.020864287441512 ], [ -105.243867780543496, 40.019530424110116 ], [ -105.243866495618875, 40.01952820745349 ], [ -105.243862542913661, 40.019521432975971 ], [ -105.243424853623083, 40.018823449847638 ], [ -105.242560255893665, 40.017547991743335 ], [ -105.242502586522036, 40.017461322911672 ], [ -105.241764214693461, 40.01635161903971 ], [ -105.241538902779922, 40.016012988627232 ], [ -105.241020017747644, 40.015233124823027 ], [ -105.240844302271583, 40.014969026196631 ], [ -105.240754271361212, 40.014793760378218 ], [ -105.240704642313133, 40.014697156474078 ], [ -105.240698604473891, 40.014697352750588 ] ] ] } },
{ "type": "Feature", "properties": { "OBJECTID": 26, "SUBCOMMUNITY": "North Boulder", "SHAPESTArea": 80301052.474507019, "SHAPESTLength": 42908.11739494904 }, "geometry": { "type": "Polygon", "coordinates": [ [ [ -105.260119003184386, 40.051034843070092 ], [ -105.260487045479508, 40.051460784018666 ], [ -105.260760720480036, 40.051743340335896 ], [ -105.261054548446666, 40.052013633064014 ], [ -105.261493324857199, 40.052370124076269 ], [ -105.261906238249381, 40.052677119838002 ], [ -105.262336530368032, 40.052969627844142 ], [ -105.263669790405629, 40.053800768101148 ], [ -105.265022304914197, 40.054645622771012 ], [ -105.265068823284054, 40.054674679630615 ], [ -105.265113092650964, 40.05470269344606 ], [ -105.266049266292981, 40.055274876625589 ], [ -105.267140173454536, 40.055954263294652 ], [ -105.267449599088536, 40.056146961260808 ], [ -105.269614566701421, 40.057495159578629 ], [ -105.270480833900251, 40.058010154988942 ], [ -105.271391922262907, 40.058578214134805 ], [ -105.273072025341733, 40.059640172865301 ], [ -105.275394048782886, 40.061087274230502 ], [ -105.275735888390784, 40.061300301732658 ], [ -105.276746165149163, 40.06192987291422 ], [ -105.277729410222037, 40.06253798553896 ], [ -105.277980775554525, 40.062693445517759 ], [ -105.279457795529908, 40.063606902711449 ], [ -105.279975502893336, 40.063936947592438 ], [ -105.280522984011398, 40.064397702678093 ], [ -105.28106327207044, 40.064875483519252 ], [ -105.281403300328137, 40.0652439818736 ], [ -105.281739056495184, 40.065665755177683 ], [ -105.28204278189817, 40.066101577420078 ], [ -105.28231934012318, 40.066568559500816 ], [ -105.282536688570218, 40.067010272483031 ], [ -105.282739027566038, 40.067507641938207 ], [ -105.283120097991983, 40.06760275628934 ], [ -105.283238314549848, 40.067632262887471 ], [ -105.283238425778208, 40.067632305426748 ], [ -105.284538447370664, 40.067909917729793 ], [ -105.290584591396225, 40.069200836563056 ], [ -105.291477753952833, 40.069404483861675 ], [ -105.291479375864228, 40.068894875178628 ], [ -105.291485917363502, 40.065386745792807 ], [ -105.291064752189698, 40.065395644441388 ], [ -105.291061252780551, 40.065484440938718 ], [ -105.290976693392622, 40.065483508764871 ], [ -105.288407397505068, 40.065477946075511 ], [ -105.288388170414578, 40.064866688895549 ], [ -105.288386602150297, 40.06481682532867 ], [ -105.288345487387602, 40.063584388018498 ], [ -105.288343838117953, 40.063504775035476 ], [ -105.288349194925132, 40.063444608911141 ], [ -105.288359194717984, 40.06338503826364 ], [ -105.288373777443056, 40.063326420842763 ], [ -105.288388388130684, 40.063280973647821 ], [ -105.28840561533093, 40.063236452379947 ], [ -105.288439517593261, 40.063165178921921 ], [ -105.288479651903444, 40.063097219328355 ], [ -105.288548987834403, 40.063002535309302 ], [ -105.288612417783852, 40.062915915628672 ], [ -105.28914344605451, 40.063177392816215 ], [ -105.290436416711415, 40.063814030063845 ], [ -105.290757496289501, 40.063968344903181 ], [ -105.290940183370893, 40.064025059153089 ], [ -105.291130886493917, 40.064063699936526 ], [ -105.291386384582111, 40.0640840735485 ], [ -105.29138869260666, 40.063983774518661 ], [ -105.291388758494406, 40.06394655902254 ], [ -105.291396009548791, 40.063711899666039 ], [ -105.291404938524309, 40.063455991678765 ], [ -105.291407751091725, 40.063399158757662 ], [ -105.291484989160963, 40.063437900046253 ], [ -105.2914946157712, 40.062260612862097 ], [ -105.291481770353045, 40.061903565186604 ], [ -105.291470833906715, 40.061599561833994 ], [ -105.291412687776074, 40.059983246864718 ], [ -105.291403249977179, 40.058741198853447 ], [ -105.291399825996919, 40.058290666470555 ], [ -105.291398930450512, 40.058172769242375 ], [ -105.292002510815578, 40.058181540338815 ], [ -105.292129472679491, 40.058183385767727 ], [ -105.292148704010685, 40.058152351684839 ], [ -105.292151592271381, 40.058152273126787 ], [ -105.292159646555859, 40.058134693491823 ], [ -105.292303758979457, 40.057902140176402 ], [ -105.292036642557974, 40.056927873058108 ], [ -105.292055895896127, 40.056555386535891 ], [ -105.292500237353892, 40.056050467517231 ], [ -105.292975831825856, 40.055510029974862 ], [ -105.293000925001294, 40.055481552388869 ], [ -105.293168757627015, 40.054574928404044 ], [ -105.293220317209148, 40.054406577215268 ], [ -105.293271114270965, 40.05424069330941 ], [ -105.293388343580887, 40.053857869591646 ], [ -105.293566577044345, 40.053618506459962 ], [ -105.293429801895968, 40.053521659135228 ], [ -105.293343480070519, 40.053185055059942 ], [ -105.293255217830222, 40.052840871181211 ], [ -105.292303631266009, 40.05256183127095 ], [ -105.291784291696104, 40.052405781266231 ], [ -105.291605486663556, 40.052358117736112 ], [ -105.29146173700272, 40.052317780110691 ], [ -105.291508152288785, 40.052119372932026 ], [ -105.292414710275551, 40.04824394954008 ], [ -105.29398495738711, 40.048245385897225 ], [ -105.293986402093026, 40.047476730337145 ], [ -105.294152158238262, 40.04729481154201 ], [ -105.2944932287309, 40.047272779037272 ], [ -105.29444222321608, 40.047010447348498 ], [ -105.294498260901563, 40.046788531082065 ], [ -105.294270295852343, 40.046577165096089 ], [ -105.294162166923002, 40.046307525304719 ], [ -105.294251013324867, 40.045865366389648 ], [ -105.294212108560671, 40.04544185268692 ], [ -105.294153272442031, 40.044817640727082 ], [ -105.294153009559636, 40.044816992691842 ], [ -105.294037550286262, 40.044532279003263 ], [ -105.293931306654926, 40.044270285195445 ], [ -105.293804223412437, 40.043956899060476 ], [ -105.293802109292571, 40.043957712170325 ], [ -105.293792139454453, 40.043930923475344 ], [ -105.293760507823166, 40.043941413530703 ], [ -105.293718851551205, 40.043955229762616 ], [ -105.293598628118048, 40.043647817945462 ], [ -105.293839161261218, 40.043423283101937 ], [ -105.293950382127562, 40.043319458678319 ], [ -105.293960937304107, 40.043309605519518 ], [ -105.293960387998382, 40.043308349034433 ], [ -105.293904608874016, 40.043185107330189 ], [ -105.294223449223111, 40.043019081669897 ], [ -105.294758945924087, 40.042741153282485 ], [ -105.295317186849957, 40.042752312424888 ], [ -105.295351713668907, 40.0427530032268 ], [ -105.295387159291806, 40.042753662323797 ], [ -105.295353382390772, 40.042699522070123 ], [ -105.295118482623991, 40.04232300601182 ], [ -105.29511830419564, 40.042322720189354 ], [ -105.295080237355961, 40.041740605673077 ], [ -105.295118372459413, 40.041587830612656 ], [ -105.294993290227268, 40.04145831038597 ], [ -105.29485387484236, 40.041345209481072 ], [ -105.294717325511755, 40.041263048988895 ], [ -105.29456751059044, 40.041197227700358 ], [ -105.294223323287227, 40.041088398663582 ], [ -105.294028740950409, 40.041040790794455 ], [ -105.293759528360994, 40.040988249651242 ], [ -105.293557844673401, 40.040962605923966 ], [ -105.293393295399653, 40.040951190152676 ], [ -105.293143159056669, 40.040933834954224 ], [ -105.29268726876245, 40.040924778415587 ], [ -105.29211918347292, 40.04091716976037 ], [ -105.29188664179587, 40.040917148605793 ], [ -105.291886607814178, 40.040917148544494 ], [ -105.288966906177464, 40.040916838924943 ], [ -105.285618625219939, 40.040903600134207 ], [ -105.285523100296103, 40.040903418086643 ], [ -105.283620938303926, 40.04091111983665 ], [ -105.283419231307121, 40.040912503925291 ], [ -105.282079348643094, 40.040917338229576 ], [ -105.282078810639746, 40.040725714207575 ], [ -105.282078569341721, 40.040639928723856 ], [ -105.282077967060872, 40.040425530760231 ], [ -105.282066711694029, 40.036417269546874 ], [ -105.263225343478325, 40.036436715320463 ], [ -105.258447861918128, 40.036466508861949 ], [ -105.258394147171359, 40.043608499853555 ], [ -105.258372022631121, 40.045831368695993 ], [ -105.258361590253926, 40.046879522370809 ], [ -105.258366318326267, 40.047307361315809 ], [ -105.25853526599785, 40.048520400190405 ], [ -105.259313510830268, 40.049853765270122 ], [ -105.259414204697521, 40.050026280189535 ], [ -105.260083564526326, 40.050984132220478 ], [ -105.260119003184386, 40.051034843070092 ] ] ] } },
{ "type": "Feature", "properties": { "OBJECTID": 28, "SUBCOMMUNITY": "Palo Park", "SHAPESTArea": 52099850.077818274, "SHAPESTLength": 41922.869977207018 }, "geometry": { "type": "Polygon", "coordinates": [ [ [ -105.244693093752133, 40.029230535557353 ], [ -105.244693074580582, 40.02923221342823 ], [ -105.24469297315369, 40.029241151266739 ], [ -105.244425651514405, 40.029239513632547 ], [ -105.234614744300615, 40.029238399109389 ], [ -105.234608765677905, 40.029238397062748 ], [ -105.234557028251345, 40.033358251797736 ], [ -105.234556953206024, 40.033358266936133 ], [ -105.234556383468643, 40.033403477412392 ], [ -105.234725950453111, 40.03343377989664 ], [ -105.234793522566207, 40.033432892310636 ], [ -105.234793604475072, 40.033445869080573 ], [ -105.234793661542056, 40.033454991907178 ], [ -105.234794292604192, 40.033555090824464 ], [ -105.234797774007433, 40.034107897760329 ], [ -105.234805130725249, 40.035276138302585 ], [ -105.234806727927449, 40.035529967027756 ], [ -105.234824564679315, 40.038362848406919 ], [ -105.234615522254941, 40.038581684261317 ], [ -105.233786432703312, 40.039449302718495 ], [ -105.233771241278248, 40.039537362097697 ], [ -105.233674337342237, 40.040084900593627 ], [ -105.233677469128722, 40.040082897571267 ], [ -105.233669029442595, 40.040146009186884 ], [ -105.23367367307597, 40.040146041522306 ], [ -105.233950813609241, 40.040147946376095 ], [ -105.234015888948875, 40.040148393641054 ], [ -105.23635418089377, 40.040138651590681 ], [ -105.237954165487949, 40.040134236929632 ], [ -105.242025528027582, 40.040139600227825 ], [ -105.242357723240715, 40.040140031841808 ], [ -105.241878379836464, 40.040908107570829 ], [ -105.241022986170265, 40.042310592398671 ], [ -105.240572370428836, 40.043049386591328 ], [ -105.240272919133488, 40.04347954239816 ], [ -105.239039793911942, 40.045552030195061 ], [ -105.23892461321978, 40.045745610179232 ], [ -105.238554266207146, 40.046335925670483 ], [ -105.238387258337966, 40.046555161551325 ], [ -105.238198610273798, 40.046763751943104 ], [ -105.237989431739877, 40.046960464470096 ], [ -105.236974118100648, 40.047845727554318 ], [ -105.236652497623496, 40.048103203887372 ], [ -105.238492868176408, 40.046800299332425 ], [ -105.239330719028032, 40.046179559901027 ], [ -105.242077412588372, 40.043997956167523 ], [ -105.243688248125679, 40.042726928201269 ], [ -105.243959624391692, 40.042471240011089 ], [ -105.244124377651474, 40.042271096516018 ], [ -105.244198469936734, 40.042167237541832 ], [ -105.244177618410873, 40.043712956970289 ], [ -105.244177237620505, 40.043977676928499 ], [ -105.244202848298087, 40.044976460647838 ], [ -105.244205025758632, 40.045190919179433 ], [ -105.244227876629097, 40.047444245611089 ], [ -105.24422232289281, 40.049095407348545 ], [ -105.244224763746672, 40.049562289536958 ], [ -105.244231297379187, 40.050812535707792 ], [ -105.244231762047605, 40.050901375867781 ], [ -105.244243901757628, 40.051073923916654 ], [ -105.244278213164591, 40.05122140199645 ], [ -105.244282232451795, 40.052330273790702 ], [ -105.244277486934337, 40.053423395288753 ], [ -105.244295301554985, 40.054714855275726 ], [ -105.244295308886421, 40.05471540018447 ], [ -105.244440933601098, 40.054714745583254 ], [ -105.245128616907436, 40.054713180903782 ], [ -105.247162203881601, 40.054706330735684 ], [ -105.247401209844384, 40.054705697738498 ], [ -105.247658764215387, 40.054705094902054 ], [ -105.248103661967903, 40.054704049487292 ], [ -105.248999300605476, 40.054702105822578 ], [ -105.25069212004118, 40.05469794893677 ], [ -105.251596421650305, 40.054695802986018 ], [ -105.252164320039199, 40.054694448226975 ], [ -105.252483354781646, 40.054693686548212 ], [ -105.252518989438798, 40.054693601762096 ], [ -105.252527482414521, 40.055285991789191 ], [ -105.252528252950754, 40.05533974684262 ], [ -105.252539212576721, 40.055339778451575 ], [ -105.252975689519715, 40.055341048679452 ], [ -105.252992121234996, 40.055341125283292 ], [ -105.25306499698894, 40.055341582971423 ], [ -105.253138987324448, 40.055341725069027 ], [ -105.253150733354019, 40.055341766408063 ], [ -105.253811616543089, 40.055343864552185 ], [ -105.253810537696822, 40.055003723368401 ], [ -105.253809527723746, 40.054686045391875 ], [ -105.25479866830517, 40.054672251419646 ], [ -105.255111959953013, 40.054667901900949 ], [ -105.25509569630195, 40.053931068484978 ], [ -105.255245107418844, 40.053883674538469 ], [ -105.255511703892893, 40.053799193262336 ], [ -105.255623559702514, 40.053773353727394 ], [ -105.25565215653036, 40.053519142293936 ], [ -105.255536963104092, 40.053266684290158 ], [ -105.255713697970677, 40.053043326664636 ], [ -105.256014225827371, 40.052915625481639 ], [ -105.256194348733175, 40.052743059152824 ], [ -105.256284342534727, 40.05255074372937 ], [ -105.256195638519898, 40.052132945382247 ], [ -105.256339155300111, 40.051845410217751 ], [ -105.256344120197994, 40.051835466732463 ], [ -105.256343958652167, 40.051816731097283 ], [ -105.256332812651436, 40.051166587788636 ], [ -105.256332651768119, 40.051146684912624 ], [ -105.256333241592245, 40.051034499546624 ], [ -105.256333243653017, 40.051034250971959 ], [ -105.256681452266335, 40.051032564824091 ], [ -105.257231001916452, 40.051030938450388 ], [ -105.258400698125413, 40.051028625465371 ], [ -105.258498944649077, 40.051028430344374 ], [ -105.258511998565709, 40.051106980722423 ], [ -105.258498557117633, 40.051107027344692 ], [ -105.258494229831811, 40.051985791992124 ], [ -105.258498352645191, 40.052256366268331 ], [ -105.258499183749393, 40.052310885167188 ], [ -105.259317868366509, 40.052296933422561 ], [ -105.260195526996085, 40.052281981641748 ], [ -105.260196665379254, 40.052263888177137 ], [ -105.26024754325978, 40.051457198307716 ], [ -105.260119003184386, 40.051034843070092 ], [ -105.260083564526326, 40.050984132220478 ], [ -105.259414204697521, 40.050026280189535 ], [ -105.259313510830268, 40.049853765270122 ], [ -105.25853526599785, 40.048520400190405 ], [ -105.258366318326267, 40.047307361315809 ], [ -105.258361590253926, 40.046879522370809 ], [ -105.258372022631121, 40.045831368695993 ], [ -105.258394147171359, 40.043608499853555 ], [ -105.258447861918128, 40.036466508861949 ], [ -105.263225343468932, 40.036436718022394 ], [ -105.263203688641354, 40.034774413008826 ], [ -105.263177935564485, 40.032797374210688 ], [ -105.263131502038675, 40.02923242470218 ], [ -105.263130738217939, 40.029173741235141 ], [ -105.261921966372427, 40.029177745504668 ], [ -105.261076442622041, 40.029177594133536 ], [ -105.259746961733541, 40.029159636051588 ], [ -105.258401747924594, 40.02910308633993 ], [ -105.257701067698676, 40.029087327825543 ], [ -105.255213904880563, 40.029113097713243 ], [ -105.254047991168861, 40.029189855991376 ], [ -105.25404715797022, 40.029189910955836 ], [ -105.24476845267003, 40.029230261907671 ], [ -105.244693093752133, 40.029230535557353 ] ] ] } },
{ "type": "Feature", "properties": { "OBJECTID": 30, "SUBCOMMUNITY": "Crossroads", "SHAPESTArea": 32977927.753287174, "SHAPESTLength": 25182.494270304127 }, "geometry": { "type": "Polygon", "coordinates": [ [ [ -105.263028720645991, 40.014620126898457 ], [ -105.263019633493016, 40.013817002119673 ], [ -105.26302922420966, 40.013505618631704 ], [ -105.263060660020358, 40.012484993845909 ], [ -105.263087461718357, 40.01222711920181 ], [ -105.263172673892655, 40.011788988166877 ], [ -105.263257680763047, 40.011491986157097 ], [ -105.263350664266852, 40.011132274509755 ], [ -105.263366885222695, 40.011069524217085 ], [ -105.263078394340951, 40.011006939972056 ], [ -105.263064525502003, 40.011006867345941 ], [ -105.263064529279418, 40.011005780266231 ], [ -105.262898913725607, 40.011004912991083 ], [ -105.262869714324509, 40.011004759284361 ], [ -105.262823218436466, 40.011004674473625 ], [ -105.260358772418883, 40.011000191963689 ], [ -105.259053304235621, 40.010996626009458 ], [ -105.258517954519263, 40.010987363413271 ], [ -105.258366585640303, 40.010984743374117 ], [ -105.258266595185987, 40.010983013514803 ], [ -105.257989153349072, 40.010985746906428 ], [ -105.257664720556633, 40.010988942899097 ], [ -105.257664720360822, 40.010989657116184 ], [ -105.257590139373121, 40.010989637264487 ], [ -105.257325088102135, 40.010989496803774 ], [ -105.257052988528798, 40.01098956064444 ], [ -105.256523870629735, 40.010988405991171 ], [ -105.256121517183956, 40.010984448539432 ], [ -105.256121513437478, 40.010980583831113 ], [ -105.254700119019645, 40.01097916864699 ], [ -105.253651048790985, 40.01097811311292 ], [ -105.253507902039203, 40.011049482971352 ], [ -105.253516410888722, 40.011776064860307 ], [ -105.253767730588891, 40.012373682179472 ], [ -105.253726998112626, 40.01360127283052 ], [ -105.2535481052509, 40.013601377019349 ], [ -105.252448961371158, 40.013602008523499 ], [ -105.25171043609113, 40.013611262011686 ], [ -105.251404559444481, 40.013615093713028 ], [ -105.247751464558277, 40.01364216678742 ], [ -105.246671385087609, 40.01353821194742 ], [ -105.246670998415283, 40.013642285114649 ], [ -105.246670710817881, 40.013719691975048 ], [ -105.246668131902183, 40.014413799461721 ], [ -105.246667750982311, 40.014516321708619 ], [ -105.246664528818613, 40.014516271399224 ], [ -105.246632435790573, 40.014516147757298 ], [ -105.246628428699708, 40.014516132649156 ], [ -105.244024269409806, 40.014506078541444 ], [ -105.242623095476603, 40.014502266480903 ], [ -105.241022531117281, 40.014528246339424 ], [ -105.240962811435537, 40.01452921551536 ], [ -105.240829207371334, 40.01453138313228 ], [ -105.240745827439383, 40.014532144109403 ], [ -105.240638134364787, 40.014533125949207 ], [ -105.240706003220126, 40.014687350525016 ], [ -105.240708910062423, 40.01469300685519 ], [ -105.240696577825446, 40.014693408738808 ], [ -105.240698604473891, 40.014697352750588 ], [ -105.240704642313133, 40.014697156474078 ], [ -105.240754271361212, 40.014793760378218 ], [ -105.240844302271583, 40.014969026196631 ], [ -105.241020017747644, 40.015233124823027 ], [ -105.241538902779922, 40.016012988627232 ], [ -105.241764214693461, 40.01635161903971 ], [ -105.242502586522036, 40.017461322911672 ], [ -105.242560255893665, 40.017547991743335 ], [ -105.243424853623083, 40.018823449847638 ], [ -105.243862542913661, 40.019521432975971 ], [ -105.243866495618875, 40.01952820745349 ], [ -105.243867780543496, 40.019530424110116 ], [ -105.244456222085446, 40.020864287441512 ], [ -105.244760223142961, 40.022877182762073 ], [ -105.244763658965283, 40.02298923865996 ], [ -105.244763562635924, 40.02299775861318 ], [ -105.244763623159471, 40.022998176649615 ], [ -105.244693093752133, 40.029230535557353 ], [ -105.24476845267003, 40.029230261907671 ], [ -105.25404715797022, 40.029189910955836 ], [ -105.254047991168861, 40.029189855991376 ], [ -105.255213904880563, 40.029113097713243 ], [ -105.257701067698676, 40.029087327825543 ], [ -105.258401747924594, 40.02910308633993 ], [ -105.259746961733541, 40.029159636051588 ], [ -105.261076442622041, 40.029177594133536 ], [ -105.261921966372427, 40.029177745504668 ], [ -105.263130738217939, 40.029173741235141 ], [ -105.263090271410761, 40.027365511537099 ], [ -105.262999183490948, 40.026923184066185 ], [ -105.262977697929585, 40.026568517604602 ], [ -105.262976765857573, 40.026311961649235 ], [ -105.262971093276434, 40.02615730100716 ], [ -105.262975983313495, 40.026096638699244 ], [ -105.262998227257384, 40.025820656476732 ], [ -105.263097250918122, 40.025513214607926 ], [ -105.263202371860999, 40.025316954331039 ], [ -105.263370092372725, 40.025090984726475 ], [ -105.263585994004131, 40.024787946751374 ], [ -105.263718469703818, 40.024476038106855 ], [ -105.263757848546447, 40.024306737805944 ], [ -105.263764174794957, 40.024254302242134 ], [ -105.263772884395394, 40.024182106768606 ], [ -105.263766905458098, 40.023917948836008 ], [ -105.263687008923938, 40.023592581625216 ], [ -105.263576956382252, 40.023257852411845 ], [ -105.263417258893156, 40.022919690650667 ], [ -105.26325532038426, 40.022420392120416 ], [ -105.263160947143461, 40.021970032088738 ], [ -105.26314734469031, 40.021905117625259 ], [ -105.263115848570649, 40.021594642523254 ], [ -105.263091530379313, 40.021354919313239 ], [ -105.263076618441247, 40.020022199105021 ], [ -105.263045802258702, 40.019626647062417 ], [ -105.263035312955424, 40.019298481187676 ], [ -105.262976573788137, 40.017460616607018 ], [ -105.262976221320685, 40.017355790815749 ], [ -105.262978923546029, 40.017214991160039 ], [ -105.263028720645991, 40.014620126898457 ] ] ] } }
]
}
