{"type": "FeatureCollection", "crs": {"type": "name", "properties": {"name": "EPSG:4326"}}, "features": [{"type": "Feature", "id": 1, "geometry": {"type": "Polygon", "coordinates": [[[-105.2554123272, 39.9859324981483], [-105.255412356845, 39.9859243811299], [-105.255412366726, 39.9859216527433], [-105.255425372535, 39.9822943164042], [-105.25461503825, 39.9822710970374], [-105.25489855374, 39.9819819621547], [-105.25525459741, 39.9816503936924], [-105.255570489081, 39.9812787788773], [-105.256000577286, 39.980993046395], [-105.256286930554, 39.9809351803005], [-105.256728649247, 39.9808546126305], [-105.256725788113, 39.9808464943204], [-105.256736111553, 39.9808444086429], [-105.256601883486, 39.980494793115], [-105.256157503983, 39.9792334088306], [-105.25609709767, 39.9790294753862], [-105.25607246317, 39.9788144490545], [-105.256074456532, 39.9782567964281], [-105.256066814564, 39.9768707991877], [-105.256067575437, 39.9751258326682], [-105.256556215832, 39.97512953213], [-105.258707490495, 39.9750889199593], [-105.260095163928, 39.9750918167482], [-105.264739101807, 39.9751013896433], [-105.264926498461, 39.9750101779203], [-105.26507175694, 39.9749453835021], [-105.265547430155, 39.9749033111208], [-105.265685698843, 39.9750423613578], [-105.265820132624, 39.9751983948135], [-105.26603572919, 39.9751815600062], [-105.267370135222, 39.9751096098307], [-105.267400646501, 39.9805217804016], [-105.267298911397, 39.9857142310295], [-105.267327759894, 39.9857142888461], [-105.264442724239, 39.9857528133041], [-105.263796628937, 39.9857724888448], [-105.25979829588, 39.9858306041339], [-105.259624655128, 39.9858316338191], [-105.25962440899, 39.9859015092073], [-105.25961758359, 39.9859426132748], [-105.259047965462, 39.9859444248569], [-105.255470416758, 39.9859307622779], [-105.255439207489, 39.9859364083304], [-105.255412295759, 39.9859412766135], [-105.2554123272, 39.9859324981483]]]}, "properties": {"OBJECTID_1": 1, "OBJECTID": 1, "SchName": "Bear Creek", "SchCode": 119, "SchType": "Elementary", "SchType2": "Neighborhood", "StdtPop": 169, "Shape_Leng": 14979.9654122, "State_CD": 652, "Key_ID": 1, "Yld": 0.18, "BVSD_Neigh": "Boulder", "Capacity": 475, "Enroll": 378, "Perc_Cap": 0.8, "SHAPE__Area": 2005090.640625, "SHAPE__Length": 5962.862775261864}}, {"type": "Feature", "id": 2, "geometry": {"type": "Polygon", "coordinates": [[[-105.05301083902, 39.9766652375469], [-105.053024204155, 39.9439688991706], [-105.053024204155, 39.943968842696], [-105.05302754499, 39.9434587972734], [-105.053029550928, 39.9431524385724], [-105.061224004509, 39.943243730679], [-105.061969219919, 39.9432241482696], [-105.063303361847, 39.9432292131257], [-105.071910278687, 39.9432615175873], [-105.071909548357, 39.9432203754543], [-105.071910536504, 39.9432203788979], [-105.090577361919, 39.9432882309998], [-105.090663972089, 39.9432885388579], [-105.090664023293, 39.9432799711727], [-105.09067030611, 39.9422323135658], [-105.090670386959, 39.934361242503], [-105.090680747229, 39.9326334112255], [-105.090722156869, 39.9314022870233], [-105.090708854616, 39.9288920292311], [-105.090707600568, 39.9286553656261], [-105.090755386449, 39.9286555357765], [-105.091072034502, 39.9286566600089], [-105.09344246306, 39.9286650517971], [-105.103896898233, 39.9286675186327], [-105.115007885996, 39.928675178842], [-105.116468920347, 39.9286709457498], [-105.116468649954, 39.9286761067468], [-105.116484850172, 39.9286894742232], [-105.118576288952, 39.93041510361], [-105.119123260552, 39.9307670714033], [-105.119310650917, 39.9309125797723], [-105.119524524515, 39.9310252754419], [-105.120114724843, 39.9314050492727], [-105.122489852488, 39.9326694052279], [-105.125482293413, 39.9340036428497], [-105.127640366525, 39.9349137737371], [-105.128065500522, 39.9351043279103], [-105.128065965849, 39.9351045386841], [-105.128078568314, 39.9351102488607], [-105.128072128292, 39.9352462514901], [-105.128069855554, 39.9352942478561], [-105.127914008632, 39.9385848285047], [-105.12782054252, 39.943284551854], [-105.127691313578, 39.9445326710634], [-105.127670622682, 39.9452856914113], [-105.127565474878, 39.9457480069377], [-105.127506753805, 39.9463151118931], [-105.127399242533, 39.9464788870391], [-105.127354169564, 39.9466770568726], [-105.126464287664, 39.9480326023394], [-105.126247226843, 39.9482337317116], [-105.126232760374, 39.9482557684866], [-105.125994881995, 39.9484675536597], [-105.125222495243, 39.9491832328114], [-105.125119683957, 39.9492467369943], [-105.124888462094, 39.9494525897493], [-105.122427750155, 39.9509317380108], [-105.122168559247, 39.9510875324496], [-105.121547396685, 39.9514805469533], [-105.121089882915, 39.9517358886871], [-105.119966930419, 39.9524108343169], [-105.117357037956, 39.9539465832456], [-105.114377993607, 39.9550234420732], [-105.111846105453, 39.9558729326395], [-105.109463787693, 39.9565512776253], [-105.109463254992, 39.9566443366668], [-105.109385040477, 39.956573757925], [-105.109295089472, 39.9566016759858], [-105.108222622296, 39.9569054948686], [-105.106791995917, 39.9573767970046], [-105.104285401627, 39.9578665221316], [-105.103377530065, 39.9580959442303], [-105.099102749462, 39.958280473584], [-105.09582120283, 39.9584018910367], [-105.092927760741, 39.9585910288297], [-105.09029391021, 39.9586813549328], [-105.087745386155, 39.9589380290069], [-105.085844569879, 39.9591637554478], [-105.084141671324, 39.9595168980925], [-105.083490590372, 39.9596708916819], [-105.08147722597, 39.9603439123161], [-105.079485917005, 39.9612336143265], [-105.078719007281, 39.9616174267683], [-105.076909583805, 39.9628040113501], [-105.074843030155, 39.9644665414767], [-105.074499236811, 39.9647698978547], [-105.072849345146, 39.9662587137774], [-105.072831055447, 39.9662744698545], [-105.07189531545, 39.9671324659049], [-105.071128950104, 39.9678098420452], [-105.070156930746, 39.9687402370535], [-105.068811384706, 39.9698647056014], [-105.067962778597, 39.9704250352335], [-105.067413946586, 39.9708514114063], [-105.066114350271, 39.9714322201572], [-105.065171547719, 39.9719106968296], [-105.062184059206, 39.973194983692], [-105.06181814395, 39.9733520822174], [-105.061083878105, 39.9736801793426], [-105.060073951638, 39.9741008881798], [-105.053010640493, 39.9771519016568], [-105.05301083902, 39.9766652375469]]]}, "properties": {"OBJECTID_1": 2, "OBJECTID": 2, "SchName": "Aspen Creek (K-5)", "SchCode": 505, "SchType": "Elementary", "SchType2": "Neighborhood", "StdtPop": 470, "Shape_Leng": 68349.6525217, "State_CD": 441, "Key_ID": 2, "Yld": 0.1, "BVSD_Neigh": " ", "Capacity": 475, "Enroll": 481, "Perc_Cap": 1.01, "SHAPE__Area": 29911746.08203125, "SHAPE__Length": 27185.778158866364}}, {"type": "Feature", "id": 3, "geometry": {"type": "Polygon", "coordinates": [[[-105.255276353707, 39.9859658706265], [-105.255075667378, 39.9857426451509], [-105.254744878046, 39.9853746998785], [-105.254691368099, 39.9853151786983], [-105.254676980682, 39.9853241836926], [-105.254560526682, 39.9853776210101], [-105.254382294641, 39.985423501481], [-105.254380957948, 39.9854239557566], [-105.254379850325, 39.9854241532976], [-105.254379571848, 39.9854242028549], [-105.254309118776, 39.9854483324542], [-105.253763102085, 39.9854233892887], [-105.253625976952, 39.9854171251036], [-105.253620882606, 39.9854168917712], [-105.253616822221, 39.9854167066194], [-105.253613305317, 39.9854160837112], [-105.253604805458, 39.9854145797836], [-105.25314821246, 39.9853337255576], [-105.253011595773, 39.985282764701], [-105.252851537549, 39.9852119532822], [-105.252712420851, 39.9851177871075], [-105.252454537889, 39.9849124347404], [-105.252426965898, 39.9848772170988], [-105.25204920905, 39.9843506979085], [-105.251690513554, 39.9845992671829], [-105.251634529647, 39.9846380620849], [-105.251595490661, 39.9846604539943], [-105.251348775555, 39.9848019622668], [-105.250685262818, 39.9852235745121], [-105.249905112825, 39.9855352077511], [-105.24801947089, 39.9835301283368], [-105.246877248633, 39.9822544291711], [-105.245733534275, 39.9809796912026], [-105.243821601346, 39.9788264926506], [-105.242815309463, 39.9776811293163], [-105.24139156957, 39.9761894981528], [-105.241172341114, 39.9759555844335], [-105.240872991021, 39.9756237698843], [-105.239283240666, 39.9739327237756], [-105.237556250193, 39.9721176551393], [-105.237327818498, 39.9717990791228], [-105.237323707807, 39.9717937176021], [-105.237308189411, 39.9717704650645], [-105.237119349165, 39.9714672072178], [-105.236990322344, 39.9711664215904], [-105.236985820886, 39.9711533536224], [-105.236946539355, 39.9709450898602], [-105.236947779929, 39.9706231735491], [-105.238779150146, 39.9706273393321], [-105.240973318465, 39.9706052815393], [-105.241918542875, 39.9706026792149], [-105.246308291665, 39.9705875919278], [-105.246694507948, 39.9708864524627], [-105.246698704877, 39.9708816374939], [-105.246701262381, 39.9708835644453], [-105.246803210386, 39.9707617705481], [-105.246888999495, 39.9706633704873], [-105.246913942117, 39.9705922189716], [-105.247031901694, 39.9702950817142], [-105.247728750013, 39.9705162062614], [-105.247772615646, 39.9704994515374], [-105.24777981205, 39.9704996973128], [-105.248128039478, 39.9703676304002], [-105.248283173138, 39.9703257376397], [-105.24886504788, 39.9701779131518], [-105.249090762172, 39.9701249472394], [-105.249213531328, 39.9701302875491], [-105.249419130544, 39.9701439209303], [-105.25042244002, 39.9704695288858], [-105.250504650242, 39.9704974144237], [-105.251923115228, 39.9709723287572], [-105.252008911525, 39.9710206201845], [-105.252211749319, 39.9712224337284], [-105.252219894344, 39.9721412779342], [-105.252115585566, 39.9724060999621], [-105.251896222364, 39.9727325184315], [-105.25093984537, 39.9736316123631], [-105.249729937751, 39.97476868979], [-105.249750754411, 39.974782782788], [-105.249714154351, 39.9748168663254], [-105.249906259973, 39.974888065762], [-105.250004857262, 39.9749548187374], [-105.250371904396, 39.9750704673835], [-105.250408676034, 39.9750742714851], [-105.250455569888, 39.9750916508436], [-105.250579292157, 39.9750919186314], [-105.250808110128, 39.9751155858327], [-105.253638051208, 39.9751074083268], [-105.256057192709, 39.9751257541906], [-105.256066814564, 39.9768707991877], [-105.256065991707, 39.9787579640373], [-105.25607246317, 39.9788144490545], [-105.256071996944, 39.9789447353749], [-105.25609709767, 39.9790294753862], [-105.256121674678, 39.979243999228], [-105.256601883486, 39.980494793115], [-105.256725788113, 39.9808464943204], [-105.256286930554, 39.9809351803005], [-105.256007002935, 39.980986237326], [-105.255631199923, 39.9812073582589], [-105.255570489081, 39.9812787788773], [-105.255563127387, 39.9812836702075], [-105.255194199181, 39.9816804553106], [-105.25489855374, 39.9819819621547], [-105.25458887841, 39.9822703467598], [-105.25461503825, 39.9822710970374], [-105.254606329981, 39.9822799764689], [-105.255410155074, 39.9823081896504], [-105.255417077492, 39.9835804249002], [-105.255412366726, 39.9859216527433], [-105.255412295759, 39.9859412766135], [-105.255319008412, 39.9859567817452], [-105.255310749301, 39.9859596484769], [-105.255301702368, 39.9859612852327], [-105.255295364754, 39.9859624319253], [-105.255276353707, 39.9859658706265]]]}, "properties": {"OBJECTID_1": 3, "OBJECTID": 3, "SchName": "BC-Mesa", "SchCode": 1, "SchType": "Elementary", "SchType2": "Dual", "StdtPop": 134, "Shape_Leng": 21038.3223551, "State_CD": 0, "Key_ID": 3, "Yld": 0.15, "BVSD_Neigh": "Boulder", "Capacity": 0, "Enroll": 0, "Perc_Cap": 0, "SHAPE__Area": 2728257.0390625, "SHAPE__Length": 8373.672205958312}}, {"type": "Feature", "id": 4, "geometry": {"type": "Polygon", "coordinates": [[[-105.053024412564, 39.9434588799197], [-105.053031894632, 39.925139174351], [-105.053570430154, 39.9251299788693], [-105.055459746198, 39.9250976968491], [-105.057251501609, 39.925104598975], [-105.058139385656, 39.92511310969], [-105.061861476882, 39.9251574971093], [-105.063507119516, 39.9251637461491], [-105.064174176107, 39.9250154327413], [-105.065066835598, 39.9248076498624], [-105.065079664438, 39.9248053068909], [-105.066630762982, 39.9245643152093], [-105.066722605838, 39.9245440640352], [-105.06739091468, 39.9244242040495], [-105.06819121119, 39.9242933949796], [-105.068645871013, 39.924313528424], [-105.069017963086, 39.924352313447], [-105.070049889293, 39.9246594093963], [-105.070387957674, 39.9247911340129], [-105.070874471757, 39.925010425094], [-105.070977122245, 39.9250206932161], [-105.071115944296, 39.9250747818413], [-105.071381705483, 39.9250611601423], [-105.071814270343, 39.9251044260602], [-105.071863827702, 39.9251046099975], [-105.071863739667, 39.9251187035866], [-105.071848784515, 39.9275034124188], [-105.071840520014, 39.9288211993522], [-105.071840004381, 39.9289034774863], [-105.071816265501, 39.9326882494795], [-105.071833321814, 39.9384890201232], [-105.071835423871, 39.9389073109781], [-105.071835476872, 39.9389179930294], [-105.071856368092, 39.9430763836482], [-105.071909548357, 39.9432203754543], [-105.071910278687, 39.9432615175873], [-105.063303361847, 39.9432292131257], [-105.061969219919, 39.9432241482696], [-105.061224004509, 39.943243730679], [-105.053029550928, 39.9431524385724], [-105.05302754499, 39.9434587972734], [-105.053024412564, 39.9434588799197]]]}, "properties": {"OBJECTID_1": 4, "OBJECTID": 4, "SchName": "Birch", "SchCode": 120, "SchType": "Elementary", "SchType2": "Neighborhood", "StdtPop": 447, "Shape_Leng": 24078.3086971, "State_CD": 872, "Key_ID": 4, "Yld": 0, "BVSD_Neigh": " ", "Capacity": 436, "Enroll": 376, "Perc_Cap": 0.86, "SHAPE__Area": 5559032.81640625, "SHAPE__Length": 9579.709761178794}}, {"type": "Feature", "id": 5, "geometry": {"type": "Polygon", "coordinates": [[[-105.142073223598, 40.0001055110963], [-105.138976180146, 39.9962113618153], [-105.137598187857, 39.9944626030897], [-105.137069809586, 39.9938140732491], [-105.136620951083, 39.9932495975587], [-105.134463204059, 39.9906050893661], [-105.13360676464, 39.9895462726652], [-105.133107110001, 39.988942953438], [-105.132525681722, 39.9882302783212], [-105.132149257973, 39.9870513235117], [-105.132135695209, 39.9870088435506], [-105.132134950506, 39.9870065109685], [-105.13304155185, 39.9870074263814], [-105.133204922162, 39.9870075901921], [-105.133355767265, 39.9870103460666], [-105.133932588085, 39.9870099035023], [-105.138008261597, 39.987022773655], [-105.144367768769, 39.9870425679023], [-105.146472128017, 39.9870166692976], [-105.146761252588, 39.9870153312808], [-105.146764304165, 39.981799279556], [-105.146764303267, 39.9817989236879], [-105.146750268887, 39.9799742735507], [-105.14675026709, 39.979973917673], [-105.146824414932, 39.9799671718309], [-105.148713880097, 39.9789088476345], [-105.150410522784, 39.977984288001], [-105.152107118759, 39.9773953432408], [-105.153575074629, 39.9768720926583], [-105.153845789127, 39.9767769526293], [-105.15619628317, 39.9760016832559], [-105.157342740983, 39.975639731698], [-105.158066966359, 39.9754208713428], [-105.158153537901, 39.9753837440132], [-105.158209459824, 39.9753660873047], [-105.159541674865, 39.9748678150243], [-105.160104168455, 39.9745375571868], [-105.160571516981, 39.9742938720522], [-105.161891112489, 39.974000504794], [-105.163029867249, 39.9735016236353], [-105.163758320995, 39.9728799952485], [-105.16430468174, 39.972477364557], [-105.165303127738, 39.9733594434698], [-105.165481538543, 39.9736790462122], [-105.165574473751, 39.9738780080743], [-105.165805175489, 39.9743405612726], [-105.165809645505, 39.975257448435], [-105.165813307039, 39.9755150591427], [-105.165798155155, 39.9759463579191], [-105.165820634596, 39.9766725323574], [-105.16581669189, 39.9774772697143], [-105.165828703264, 39.9786837178024], [-105.165832485172, 39.9786837288162], [-105.165836266181, 39.97868373983], [-105.165836581489, 39.9786837405184], [-105.165841214999, 39.9786837522206], [-105.165841666852, 39.9786837535973], [-105.165848536269, 39.9786837687413], [-105.165852896691, 39.9786837811319], [-105.165855920421, 39.978683790769], [-105.165850293374, 39.9786933886305], [-105.165830130687, 39.9787233152537], [-105.16583040108, 39.9787308129119], [-105.165887281506, 39.9803082559223], [-105.165901085018, 39.9806910354493], [-105.165957794764, 39.9822636575872], [-105.165989463072, 39.9831418340694], [-105.166005851937, 39.9841706248275], [-105.1660213344, 39.9851424991161], [-105.166038599122, 39.9862262106368], [-105.166047537359, 39.9867872747379], [-105.166048099704, 39.9868911640301], [-105.166049624145, 39.9871720848683], [-105.166053002709, 39.9877953631203], [-105.166062850041, 39.9896116747319], [-105.166066515168, 39.9902876656301], [-105.166067563502, 39.9904809892061], [-105.165898483497, 39.9906280932332], [-105.165721686066, 39.990811959401], [-105.165359198781, 39.9912807710498], [-105.164949200499, 39.9918434006572], [-105.164756233393, 39.9921374635042], [-105.163980573179, 39.9933713025137], [-105.16394951842, 39.9934215656794], [-105.162664597882, 39.9958549925654], [-105.16227629571, 39.9971270188864], [-105.1619698624, 39.9984119025957], [-105.161888883769, 39.998707241229], [-105.161733291969, 39.9994087112123], [-105.161632307856, 40.0001242535027], [-105.160191402954, 40.0001353946209], [-105.152798951783, 40.0001922727875], [-105.152679454291, 40.0001152951892], [-105.15197742449, 40.0001160631626], [-105.15194266957, 40.000116101699], [-105.151346627497, 40.0001168380176], [-105.15134656192, 40.0001168373294], [-105.150335729952, 40.0001238653872], [-105.149326308338, 40.0001317550057], [-105.148428401788, 40.0001387644819], [-105.148337395263, 40.0001394739625], [-105.147915502388, 40.0001427646863], [-105.147376227553, 40.0001469692704], [-105.14733682475, 40.0001472761844], [-105.146726522821, 40.0001520305983], [-105.14662421549, 40.0001528274736], [-105.146128119077, 40.0001566893595], [-105.146052846545, 40.0001572749733], [-105.145768295297, 40.0001607803984], [-105.145504209468, 40.0001625097138], [-105.145312770396, 40.0001630327061], [-105.144980102687, 40.0001656187654], [-105.14471800483, 40.0001676556828], [-105.143232753695, 40.0001630698661], [-105.142120068045, 40.0001644083135], [-105.142116251103, 40.0001596098589], [-105.142073223598, 40.0001055110963]]]}, "properties": {"OBJECTID_1": 5, "OBJECTID": 5, "SchName": "Coal Creek", "SchCode": 158, "SchType": "Elementary", "SchType2": "Neighborhood", "StdtPop": 418, "Shape_Leng": 33863.2789905, "State_CD": 1725, "Key_ID": 5, "Yld": 0.22, "BVSD_Neigh": " ", "Capacity": 496, "Enroll": 467, "Perc_Cap": 0.94, "SHAPE__Area": 9167483.48828125, "SHAPE__Length": 13481.308734056509}}, {"type": "Feature", "id": 6, "geometry": {"type": "Polygon", "coordinates": [[[-105.253661505322, 40.0233406308864], [-105.253645332053, 40.0233937846161], [-105.253604362588, 40.0254341574719], [-105.253630906907, 40.0274997630593], [-105.253631751323, 40.027565437627], [-105.253771631589, 40.0277006242004], [-105.253886973475, 40.0276994548212], [-105.253888587748, 40.0276994390001], [-105.253890202918, 40.0276994087338], [-105.255984613325, 40.0276581647122], [-105.255986765689, 40.0276581220643], [-105.255987177117, 40.0276537506464], [-105.25600709636, 40.027442031296], [-105.256007187988, 40.0274410283775], [-105.25601886968, 40.0273277143088], [-105.258155638348, 40.0273571044046], [-105.258335407406, 40.0273560994212], [-105.258353886649, 40.0272449100566], [-105.258364567618, 40.0271709001932], [-105.258365351847, 40.0271654666642], [-105.258367103562, 40.0271653882463], [-105.259439395567, 40.0271177280821], [-105.260406194816, 40.0270941139807], [-105.260560854165, 40.0271539640077], [-105.260835443096, 40.0272435171102], [-105.261153656912, 40.0273833653518], [-105.26125024467, 40.0274207430056], [-105.261414789081, 40.0274369004527], [-105.26151893706, 40.0274471277454], [-105.261738452976, 40.0274475810535], [-105.261948613836, 40.027581348094], [-105.262558096502, 40.0274924647348], [-105.262771648503, 40.0274607806421], [-105.262826848181, 40.0274545306314], [-105.263072223899, 40.0273693960177], [-105.263188074231, 40.0273682844141], [-105.265388376247, 40.0273471522479], [-105.267844801425, 40.0273521221356], [-105.268006428108, 40.0273421844235], [-105.268349605207, 40.027342819331], [-105.268463947268, 40.0272816294904], [-105.268595130046, 40.0272566974779], [-105.26880188719, 40.0272195274726], [-105.269143655732, 40.0272198418314], [-105.269154333107, 40.027542588594], [-105.269157176275, 40.0275423505903], [-105.269218611159, 40.0275372273211], [-105.269458501764, 40.0275101829468], [-105.269506844601, 40.027496276235], [-105.269531841122, 40.0273825151403], [-105.269583685592, 40.0273830757572], [-105.269834347896, 40.0273879789185], [-105.270371865626, 40.027222293418], [-105.270334392404, 40.0271448606602], [-105.270366433513, 40.0270910371099], [-105.270371261059, 40.0270829291111], [-105.270374229991, 40.0270779420069], [-105.270498492148, 40.0271154402063], [-105.27101301121, 40.0268915836366], [-105.271352271655, 40.0267403451607], [-105.272621246199, 40.0261746276602], [-105.272630000281, 40.0260224954053], [-105.272615360437, 40.0255208415703], [-105.272708417816, 40.0255203098296], [-105.274799794612, 40.0255083336259], [-105.27663889573, 40.0255014161807], [-105.278404071789, 40.0254985222175], [-105.28204352789, 40.0255425342462], [-105.282055514111, 40.0260877820515], [-105.282053520749, 40.0267112925483], [-105.282095632872, 40.0292157790291], [-105.282070435128, 40.0308810100311], [-105.282072750086, 40.031039333673], [-105.282070409077, 40.0311940678245], [-105.28207238537, 40.0313291811747], [-105.280128069074, 40.0313422850912], [-105.279611332072, 40.0316997890351], [-105.279550000494, 40.0318516692644], [-105.279527636037, 40.0318994877606], [-105.279486170702, 40.0319570912546], [-105.279482479524, 40.0319597132521], [-105.279436632207, 40.0319922770491], [-105.279386125329, 40.0320212455609], [-105.279145669683, 40.0321591580968], [-105.278706831887, 40.0324108500774], [-105.278526933472, 40.0326937619664], [-105.27832501645, 40.0330112980675], [-105.278296626094, 40.0330559442304], [-105.278243526678, 40.0331219030189], [-105.278094250932, 40.0333206312025], [-105.277728756985, 40.0338071949345], [-105.277699050597, 40.0338478182741], [-105.277695826544, 40.0338522264367], [-105.277516403337, 40.0340011848849], [-105.277155928278, 40.0342952669877], [-105.277121678211, 40.0343306035805], [-105.276587870524, 40.034948049396], [-105.276587587554, 40.0349486938618], [-105.276564277171, 40.0350020029301], [-105.276543534173, 40.0350636844972], [-105.276518137003, 40.0351217626487], [-105.276334556393, 40.0356676491861], [-105.276252522241, 40.0360910829355], [-105.276201214066, 40.0363559135671], [-105.275698672241, 40.0363717305086], [-105.275305476048, 40.0363541721008], [-105.275304921788, 40.0365223162464], [-105.275309449297, 40.0365650838449], [-105.275374064217, 40.0366683561155], [-105.275472614793, 40.0368181798278], [-105.275565819496, 40.0369088557624], [-105.27519463562, 40.037235576031], [-105.275130473451, 40.0373030500685], [-105.275100578417, 40.0373387537491], [-105.275031085645, 40.0374217513915], [-105.274972960154, 40.0375003313776], [-105.274910183187, 40.0375753066674], [-105.274820399269, 40.0376966856905], [-105.274791731334, 40.0379739359667], [-105.274787345759, 40.0380649748803], [-105.274779916691, 40.0381368188434], [-105.274781415979, 40.038188092388], [-105.274778582693, 40.0382469017227], [-105.274794888912, 40.0388049895225], [-105.274684218266, 40.0389137879683], [-105.274655981521, 40.0389497212041], [-105.274627053972, 40.0389851860588], [-105.274167198294, 40.0396419744204], [-105.274210638126, 40.0398870515421], [-105.274210908519, 40.0398885769656], [-105.274210984876, 40.0398890129974], [-105.274211098962, 40.039889667045], [-105.274244811836, 40.0400842084587], [-105.274244845972, 40.0400844024029], [-105.274244872023, 40.0400845970348], [-105.274250859294, 40.0401352680258], [-105.273755721385, 40.0401260825059], [-105.272763144081, 40.0401075464036], [-105.272761171381, 40.0401948040022], [-105.272720297137, 40.0420026022684], [-105.272718618186, 40.0425059250226], [-105.272768168358, 40.0435814885941], [-105.272773234857, 40.0436914443972], [-105.272714656615, 40.0436938183684], [-105.272714121219, 40.0436938403751], [-105.272713968506, 40.0436938431259], [-105.272713739435, 40.0436938458767], [-105.269128656561, 40.0437397208579], [-105.263208487548, 40.043779722782], [-105.261726472145, 40.0437766714215], [-105.259487350332, 40.0437720252657], [-105.259487900999, 40.043616026758], [-105.258476639636, 40.0436091070229], [-105.258485432346, 40.0401189836029], [-105.256907224445, 40.0401063373477], [-105.255648378406, 40.0401082417138], [-105.244142777807, 40.0401250130626], [-105.241520312523, 40.0399867803273], [-105.240104917978, 40.0399713754968], [-105.239649466739, 40.0399664154693], [-105.234399574776, 40.0399091089695], [-105.233969646471, 40.0399044054671], [-105.228189438572, 40.0398410102847], [-105.227887419584, 40.0398376905262], [-105.224440150851, 40.0397997350911], [-105.224435352051, 40.0397996821345], [-105.224430552352, 40.0397996291779], [-105.224033245468, 40.0397952482219], [-105.220957546886, 40.0397612858313], [-105.220942559394, 40.0387875809848], [-105.220895625115, 40.0357382796638], [-105.220885124708, 40.0350559983772], [-105.220884042238, 40.0349922148967], [-105.220883378383, 40.034953116397], [-105.22088127363, 40.0348291367398], [-105.220879659358, 40.034727458754], [-105.220879047605, 40.0346779488774], [-105.220878083713, 40.0345985340882], [-105.220877277025, 40.0345461133436], [-105.220874372772, 40.0343574113976], [-105.220873554407, 40.0343041644155], [-105.220871399349, 40.0341641535972], [-105.22085788689, 40.0332861215266], [-105.220857270646, 40.0332459855127], [-105.220857165543, 40.0332391101209], [-105.220857116135, 40.0332359324186], [-105.220857114339, 40.0332358113633], [-105.220857105356, 40.0332352239698], [-105.22085691132, 40.0332227016202], [-105.220856508874, 40.0331930279207], [-105.220856352568, 40.0331799745702], [-105.22085628699, 40.0331748764858], [-105.22085621243, 40.033169406293], [-105.220856122599, 40.0331623314272], [-105.220856048937, 40.033156643196], [-105.220855968089, 40.0331500422336], [-105.220855672543, 40.0331246845448], [-105.22085546593, 40.0331067841444], [-105.22085530064, 40.0330924480009], [-105.220855257521, 40.0330888073917], [-105.22085523147, 40.0330864440564], [-105.220855065282, 40.0330701159935], [-105.220854652955, 40.0330300142433], [-105.220854649362, 40.0330297714441], [-105.220854340341, 40.0329990308568], [-105.22085401066, 40.0329305607281], [-105.220854042999, 40.0328496472116], [-105.220854064558, 40.032795485629], [-105.220854088813, 40.0327363778942], [-105.220854109474, 40.0326864903347], [-105.22085413283, 40.0326260268113], [-105.220856101039, 40.0324911265036], [-105.220858803172, 40.0323058160334], [-105.220861983208, 40.0320878890491], [-105.220863616345, 40.0319758888833], [-105.220868725064, 40.0316257145342], [-105.220879202115, 40.030907387242], [-105.220903598562, 40.0292347823939], [-105.2209041645, 40.0291959619264], [-105.221779481116, 40.0291876567634], [-105.223926857989, 40.0291776257704], [-105.223926891227, 40.0291776649781], [-105.224190684205, 40.0295561480473], [-105.224128088697, 40.0299846080089], [-105.223852520603, 40.0302446316211], [-105.223688223229, 40.0309393937052], [-105.223383364666, 40.0316266850632], [-105.223248195165, 40.0319314180973], [-105.222697486573, 40.0323397401799], [-105.222689810469, 40.0342265718727], [-105.222350179918, 40.0343498888952], [-105.222623599243, 40.0346236436209], [-105.222931336906, 40.0344009410634], [-105.223303163975, 40.0343025246918], [-105.223481506509, 40.0341291635721], [-105.223710819451, 40.0340519326161], [-105.224176858234, 40.0338949723242], [-105.225033643504, 40.033673574914], [-105.225938918935, 40.0334561908569], [-105.225987931916, 40.0292814718924], [-105.225887021465, 40.029260713136], [-105.22550579173, 40.0291853675812], [-105.225364778688, 40.0291574977459], [-105.225364702331, 40.029157482613], [-105.225382002087, 40.0290928895124], [-105.225390745389, 40.028777113973], [-105.225400105835, 40.0284390763615], [-105.225401854855, 40.028375879631], [-105.225403646994, 40.0283111709169], [-105.225405272046, 40.0282524919629], [-105.225407972382, 40.0281549547537], [-105.225426234233, 40.0277992358231], [-105.225442535062, 40.0274817009085], [-105.225509866488, 40.0274724545271], [-105.22571366548, 40.0274444698051], [-105.226054731538, 40.0273976339079], [-105.226151758572, 40.027384309802], [-105.226542072072, 40.0273307099998], [-105.226937197846, 40.0272764477322], [-105.22876813238, 40.0270249878805], [-105.228899431939, 40.0270084636972], [-105.229013164942, 40.0269941537871], [-105.229111583466, 40.0269817816247], [-105.229208895266, 40.0269695628567], [-105.229278675499, 40.026960805487], [-105.23816869191, 40.0256578193358], [-105.241810576157, 40.0250738353952], [-105.24446570688, 40.0247204495773], [-105.244462967916, 40.0245864540468], [-105.244877312248, 40.0245574583009], [-105.248718644947, 40.0240973356923], [-105.249280725312, 40.0241201679937], [-105.249378538371, 40.0241292304706], [-105.250305514405, 40.0239758464777], [-105.25100608624, 40.0238710292064], [-105.251797684364, 40.0237525863422], [-105.253646331878, 40.0233439844677], [-105.253661505322, 40.0233406308864]], [[-105.236455443864, 40.0296094014876], [-105.234786998396, 40.0298028111398], [-105.234803583092, 40.0310355602017], [-105.234815564822, 40.0334517008191], [-105.234807507832, 40.035522635422], [-105.235771816052, 40.0349824557493], [-105.236264051505, 40.0348685296881], [-105.237140720086, 40.0348705304922], [-105.238015998074, 40.035234116677], [-105.238591302538, 40.0357613776822], [-105.238790686311, 40.0359008645664], [-105.239486976776, 40.0363879766228], [-105.239476525776, 40.0335280658124], [-105.237167234759, 40.0335392633814], [-105.237108288209, 40.0321913661932], [-105.237112852549, 40.0310079738233], [-105.237096479854, 40.0297094809741], [-105.236455443864, 40.0296094014876]]]}, "properties": {"OBJECTID_1": 6, "OBJECTID": 6, "SchName": "Columbine", "SchCode": 124, "SchType": "Elementary", "SchType2": "Neighborhood", "StdtPop": 568, "Shape_Leng": 60262.8263245, "State_CD": 1842, "Key_ID": 6, "Yld": 0.1, "BVSD_Neigh": "Boulder", "Capacity": 579, "Enroll": 398, "Perc_Cap": 0.69, "SHAPE__Area": 13152229.12109375, "SHAPE__Length": 23994.02037703415}}, {"type": "Feature", "id": 7, "geometry": {"type": "Polygon", "coordinates": [[[-105.270485736071, 39.9898566115433], [-105.269854409073, 39.9892946496982], [-105.263489277549, 39.9892817668967], [-105.263020339903, 39.9892808040245], [-105.258143383531, 39.9892706756272], [-105.25762755203, 39.9892695923098], [-105.257064826675, 39.9892684078185], [-105.256334882624, 39.9892668668098], [-105.25589394816, 39.9890208018903], [-105.255232348835, 39.9886515885973], [-105.255165736062, 39.988614412707], [-105.254445364459, 39.9882123902327], [-105.254762567671, 39.9878485803227], [-105.255033700783, 39.9874126220179], [-105.254366898415, 39.9872144525385], [-105.254354217797, 39.9872048668864], [-105.254341482381, 39.9871952406245], [-105.254339313848, 39.9871945881365], [-105.254331717694, 39.987192303052], [-105.254240119179, 39.9871186193584], [-105.253970780003, 39.9869150205519], [-105.253977581148, 39.9869117271258], [-105.253980921982, 39.9869101096647], [-105.253977778777, 39.9869075809191], [-105.253971752878, 39.9869027333533], [-105.254373809155, 39.9867022552686], [-105.254637199688, 39.9865709182753], [-105.25462588361, 39.9858417606614], [-105.254625721015, 39.9858312821017], [-105.254593413106, 39.9858263387869], [-105.254544805266, 39.9858189011005], [-105.254554167508, 39.9855138430653], [-105.254560526682, 39.9853776210101], [-105.254691368099, 39.9853151786983], [-105.255276353707, 39.9859658706265], [-105.255291459777, 39.9859631381117], [-105.255293673226, 39.9859655753497], [-105.255310749301, 39.9859596484769], [-105.255412295759, 39.9859412766135], [-105.255470416758, 39.9859307622779], [-105.259047965462, 39.9859444248569], [-105.259616923329, 39.9859465881557], [-105.2596174183, 39.9859436044139], [-105.25961758359, 39.9859426132748], [-105.259619213134, 39.9859426077685], [-105.259624264361, 39.9859425919378], [-105.25962440899, 39.9859015092073], [-105.25963579334, 39.9858329642878], [-105.25979829588, 39.9858306041339], [-105.262394224031, 39.9858151843218], [-105.263796628937, 39.9857724888448], [-105.26733823964, 39.985720895774], [-105.26742996302, 39.9857209556555], [-105.267430301685, 39.9857810470769], [-105.272491872628, 39.9857261963206], [-105.273341112948, 39.9857328328439], [-105.276018471584, 39.9857537156562], [-105.276909506921, 39.9857435571393], [-105.27692010794, 39.985743436688], [-105.276935430504, 39.9857432467191], [-105.27693910102, 39.9857432006035], [-105.27695114114, 39.9857430636332], [-105.276953616897, 39.9857430354131], [-105.276965984901, 39.9857428977545], [-105.276978987117, 39.9857427518364], [-105.276989164131, 39.9857426368914], [-105.276991756669, 39.9857426079831], [-105.277031767631, 39.9857421454502], [-105.277044600065, 39.9857419974672], [-105.277048867063, 39.9857419485983], [-105.277049928871, 39.9857419362091], [-105.277052846599, 39.9857422659014], [-105.277053012788, 39.985760486394], [-105.277053017279, 39.9857609296546], [-105.277053050517, 39.9857645129074], [-105.277118195443, 39.9868482820128], [-105.27727006732, 39.9892716846127], [-105.277271119247, 39.989288462953], [-105.277265628744, 39.9892884271636], [-105.27718626708, 39.9892879151001], [-105.27465927205, 39.9892715689855], [-105.272615269707, 39.9892583062614], [-105.272454586256, 39.9892198168166], [-105.27230655288, 39.9892295267607], [-105.272144595617, 39.9892401493333], [-105.272003481964, 39.9892494057125], [-105.271975007167, 39.9892512729559], [-105.271949301875, 39.9892529598756], [-105.271940524436, 39.989253535259], [-105.271939328778, 39.9892536130321], [-105.271935182155, 39.9892538800761], [-105.27193461981, 39.9892539158655], [-105.271927694697, 39.9892542930308], [-105.271927339863, 39.989254312302], [-105.271913159058, 39.9892550838389], [-105.271835667686, 39.9892592994172], [-105.271732663262, 39.9892649032109], [-105.271732599482, 39.9892649073404], [-105.271537686625, 39.9892755113245], [-105.271516724438, 39.989276651079], [-105.271512015469, 39.9892793001819], [-105.271507305602, 39.9892819492849], [-105.271384162746, 39.9893512223607], [-105.270547381161, 39.9899114830719], [-105.270485736071, 39.9898566115433]]]}, "properties": {"OBJECTID_1": 7, "OBJECTID": 7, "SchName": "BC-Creekside", "SchCode": 2, "SchType": "Elementary", "SchType2": "Dual", "StdtPop": 45, "Shape_Leng": 15875.5250384, "State_CD": 0, "Key_ID": 7, "Yld": 0.12, "BVSD_Neigh": "Boulder", "Capacity": 0, "Enroll": 0, "Perc_Cap": 0, "SHAPE__Area": 1267705.125, "SHAPE__Length": 6311.683770793507}}, {"type": "Feature", "id": 8, "geometry": {"type": "MultiPolygon", "coordinates": [[[[-105.271070158435, 40.0115720163247], [-105.272553642584, 40.0118642266674], [-105.272561333061, 40.0126069749294], [-105.272554584018, 40.0145891406346], [-105.268053833104, 40.0146141261245], [-105.267950427133, 40.0140598019346], [-105.267951251786, 40.013817437714], [-105.267951890489, 40.0136298019493], [-105.267290986459, 40.013628469958], [-105.267272332044, 40.0131358818146], [-105.267373981808, 40.0131439054687], [-105.26745529641, 40.013151888529], [-105.267459269658, 40.0119869765864], [-105.26994014608, 40.0119919524092], [-105.269931376726, 40.0115775680612], [-105.271070158435, 40.0115720163247]]], [[[-105.231903547369, 39.9714470009034], [-105.233931156356, 39.9714516994865], [-105.235086174216, 39.9714503212355], [-105.237109702157, 39.9715128739759], [-105.237316194298, 39.9717834076196], [-105.23732027265, 39.9717892365876], [-105.237329861267, 39.9718029377928], [-105.237541230362, 39.9721050052305], [-105.23927330979, 39.973931272603], [-105.240866254554, 39.9756227882329], [-105.241172341114, 39.9759555844335], [-105.241383861126, 39.9761854979223], [-105.242816345221, 39.9776883069949], [-105.243821601346, 39.9788264926506], [-105.245726531907, 39.9809831404797], [-105.246873575422, 39.9822604733811], [-105.247921822222, 39.9834228997285], [-105.24801947089, 39.9835301283368], [-105.248750845957, 39.9843469404398], [-105.249903049394, 39.9855361273135], [-105.249906594147, 39.9855397856023], [-105.249908659373, 39.9855389782321], [-105.250728847279, 39.9852184907406], [-105.251595490661, 39.9846604539943], [-105.251690513554, 39.9845992671829], [-105.25205283465, 39.9843659604288], [-105.252226349637, 39.9846073843587], [-105.252426965898, 39.9848772170988], [-105.252452743954, 39.9849110078915], [-105.252453234434, 39.9849114607939], [-105.252455194558, 39.9849132737799], [-105.252516512661, 39.9849700097567], [-105.252712420851, 39.9851177871075], [-105.252845034645, 39.9852150809103], [-105.253011595773, 39.985282764701], [-105.253151252359, 39.985339810793], [-105.253545693617, 39.985407471058], [-105.253604805458, 39.9854145797836], [-105.253625976952, 39.9854171251036], [-105.253632736775, 39.9854179372934], [-105.253638817471, 39.9854186682641], [-105.253763102085, 39.9854233892887], [-105.254309118776, 39.9854483324542], [-105.254379571848, 39.9854242028549], [-105.254380115328, 39.9854240624424], [-105.254382294641, 39.985423501481], [-105.254560526682, 39.9853776210101], [-105.254554167508, 39.9855138430653], [-105.254544913064, 39.9858153921861], [-105.254544805266, 39.9858189011005], [-105.254565197023, 39.9858220211295], [-105.254625721015, 39.9858312821017], [-105.25462588361, 39.9858417606614], [-105.254637199688, 39.9865709182753], [-105.254373809155, 39.9867022552686], [-105.253977778777, 39.9869075809191], [-105.253974485553, 39.9869092878568], [-105.253977581148, 39.9869117271258], [-105.254240119179, 39.9871186193584], [-105.254339313848, 39.9871945881365], [-105.254351750125, 39.9872041125333], [-105.254354217797, 39.9872048668864], [-105.255033700783, 39.9874126220179], [-105.254762567671, 39.9878485803227], [-105.254445364459, 39.9882123902327], [-105.255165736062, 39.988614412707], [-105.255232348835, 39.9886515885973], [-105.25589394816, 39.9890208018903], [-105.256334882624, 39.9892668668098], [-105.257064826675, 39.9892684078185], [-105.25762755203, 39.9892695923098], [-105.258143383531, 39.9892706756272], [-105.263020339903, 39.9892808040245], [-105.263489277549, 39.9892817668967], [-105.269854409073, 39.9892946496982], [-105.270485736071, 39.9898566115433], [-105.270547381161, 39.9899114830719], [-105.271384162746, 39.9893512223607], [-105.271507305602, 39.9892819492849], [-105.271512015469, 39.9892793001819], [-105.271516724438, 39.989276651079], [-105.271537686625, 39.9892755113245], [-105.271732599482, 39.9892649073404], [-105.271732663262, 39.9892649032109], [-105.271835667686, 39.9892592994172], [-105.271913159058, 39.9892550838389], [-105.271927339863, 39.989254312302], [-105.271927694697, 39.9892542930308], [-105.27193461981, 39.9892539158655], [-105.271935182155, 39.9892538800761], [-105.271939328778, 39.9892536130321], [-105.271940524436, 39.989253535259], [-105.271949301875, 39.9892529598756], [-105.271975007167, 39.9892512729559], [-105.272003481964, 39.9892494057125], [-105.272144595617, 39.9892401493333], [-105.27230655288, 39.9892295267607], [-105.272454586256, 39.9892198168166], [-105.272615269707, 39.9892583062614], [-105.27465927205, 39.9892715689855], [-105.27718626708, 39.9892879151001], [-105.277269157327, 39.9892943716422], [-105.277273877075, 39.9892947398599], [-105.277274560693, 39.9893034765976], [-105.27731322059, 39.9897973076262], [-105.277496074462, 39.9940526159786], [-105.277796598654, 39.9940378793498], [-105.277809806584, 39.9966371228944], [-105.27767982665, 39.9966368723957], [-105.277721418648, 39.997118281773], [-105.277784364498, 39.9979253582647], [-105.277714920235, 39.9979252247597], [-105.277708423619, 39.998161846216], [-105.27757299181, 39.9983229124243], [-105.277359956341, 39.9983716173792], [-105.277286648423, 39.998376173725], [-105.276872958964, 39.99828854126], [-105.276749150456, 39.9982608335994], [-105.276733073308, 39.9989313698691], [-105.276747742796, 39.9990121329907], [-105.276790816116, 39.9990899706546], [-105.276787580384, 40.0000785556313], [-105.276391078391, 40.0000777869693], [-105.276119983008, 40.0000692415388], [-105.274956970142, 40.0000669775295], [-105.273742269113, 40.0000646006636], [-105.272475878125, 40.0000621081887], [-105.271235265191, 40.0000795300498], [-105.269994652258, 40.0000969381435], [-105.268558224559, 40.0001067614619], [-105.267731695446, 40.0001050995836], [-105.264596739496, 40.000124120002], [-105.263618608001, 40.0001277713162], [-105.263120997927, 40.0001729963972], [-105.261491560003, 40.000314515887], [-105.260242413973, 40.0004054192596], [-105.260090101922, 40.0004165025276], [-105.259859068705, 40.0004333132254], [-105.258686743005, 40.0003247596315], [-105.258421762454, 40.0002984834535], [-105.258418215007, 40.0002981324989], [-105.258408834799, 40.0002972021249], [-105.258391473059, 40.0003381605885], [-105.258424533757, 40.000478033006], [-105.258454398248, 40.0006043783047], [-105.258550113742, 40.0009441365354], [-105.258620647661, 40.0014447482317], [-105.258731070373, 40.002002910724], [-105.258690133247, 40.0081636534465], [-105.258690020957, 40.0081805255391], [-105.258690063178, 40.0081974361592], [-105.258701743972, 40.0129273689909], [-105.25859879704, 40.01355252508], [-105.258445746574, 40.0145486076503], [-105.25841167078, 40.014770376045], [-105.258385022257, 40.0222906264227], [-105.253661974242, 40.023339207592], [-105.253646357929, 40.0233426705518], [-105.251797684364, 40.0237525863422], [-105.25100608624, 40.0238710292064], [-105.250305514405, 40.0239758464777], [-105.249378538371, 40.0241292304706], [-105.249280725312, 40.0241201679937], [-105.248718644947, 40.0240973356923], [-105.244877312248, 40.0245574583009], [-105.244462967916, 40.0245864540468], [-105.244460023239, 40.0244424588953], [-105.24445721241, 40.0243051643172], [-105.244457209716, 40.0243050129782], [-105.244457206122, 40.0243048616393], [-105.244394976229, 40.021260643289], [-105.244332723878, 40.0182152743611], [-105.244309823127, 40.0170948632861], [-105.244268200586, 40.0150585025004], [-105.244258265219, 40.0145723705745], [-105.241961348496, 40.0145786121334], [-105.240607596346, 40.0145814769757], [-105.240607404107, 40.0145805736284], [-105.240394879779, 40.0135820910489], [-105.240380186934, 40.0131615331487], [-105.240397696895, 40.0128420765818], [-105.240391857846, 40.0105324768596], [-105.240373080362, 40.010209364093], [-105.240181016062, 40.0094594959027], [-105.239748688357, 40.008593403011], [-105.237348499512, 40.0057107112197], [-105.234451911523, 40.0022513751631], [-105.232797638775, 40.0000736298632], [-105.236455909192, 40.0000181106925], [-105.243439166072, 40.0000978003935], [-105.245756906642, 40.0000871602414], [-105.246766510613, 39.9999858922252], [-105.24911209177, 39.9999910196275], [-105.25477804205, 40.000003209507], [-105.255904719859, 40.0001227395767], [-105.258274553732, 40.0001889951409], [-105.257976878996, 39.9998969625979], [-105.257552725062, 39.9996496525697], [-105.256631021241, 39.9991122263883], [-105.25418739975, 39.9976873238585], [-105.253094167118, 39.9970498114216], [-105.24587753691, 39.9927502210168], [-105.236836569395, 39.9875508793739], [-105.234928002454, 39.9867152996149], [-105.234814355689, 39.9866638166933], [-105.234334929314, 39.9864342543834], [-105.233657794524, 39.9861398641363], [-105.232884988258, 39.9857770460312], [-105.232476044598, 39.9855850506288], [-105.232398996994, 39.9855488766039], [-105.231912339181, 39.9853203918626], [-105.23110038703, 39.984939173182], [-105.231024385065, 39.9849034895741], [-105.230201880404, 39.9845173045085], [-105.229876763933, 39.9843646526456], [-105.229294861344, 39.9840914272674], [-105.228733866144, 39.9838280133787], [-105.228635096378, 39.9837816369394], [-105.227840896734, 39.983408714213], [-105.227462104128, 39.9832308453981], [-105.227240244507, 39.9831229479619], [-105.226926150365, 39.9829680160175], [-105.226913341287, 39.9829626980489], [-105.226900533108, 39.9829573807682], [-105.226696808676, 39.9828728018771], [-105.225811421047, 39.9824963506504], [-105.225700106309, 39.9824360126723], [-105.228298059263, 39.9776656622322], [-105.229599253681, 39.9752960276654], [-105.23169238848, 39.9714484431791], [-105.231903547369, 39.9714470009034]]]]}, "properties": {"OBJECTID_1": 8, "OBJECTID": 8, "SchName": "Creekside", "SchCode": 164, "SchType": "Elementary", "SchType2": "Neighborhood", "StdtPop": 531, "Shape_Leng": 77235.2634108, "State_CD": 5606, "Key_ID": 8, "Yld": 0.09, "BVSD_Neigh": "Boulder", "Capacity": 484, "Enroll": 314, "Perc_Cap": 0.65, "SHAPE__Area": 16623619.49609375, "SHAPE__Length": 30770.456694581648}}, {"type": "Feature", "id": 9, "geometry": {"type": "Polygon", "coordinates": [[[-105.197369241897, 40.0873361403194], [-105.197405070304, 40.0826299996517], [-105.197504932421, 40.0825565997648], [-105.201443969483, 40.0791350271369], [-105.204582124334, 40.076377876904], [-105.205224594035, 40.0758506063004], [-105.206886789925, 40.0744863985428], [-105.206860752256, 40.0744394726027], [-105.206843919624, 40.0711545936275], [-105.206804683908, 40.0672308109681], [-105.206839954461, 40.0621586567886], [-105.206839859239, 40.0617982860559], [-105.206847071813, 40.0611352270338], [-105.206878285574, 40.056645667921], [-105.206876779099, 40.0541720590022], [-105.206852444636, 40.0510083089058], [-105.206868549633, 40.0472643437869], [-105.20689932322, 40.0452323357632], [-105.206904014222, 40.0441416611765], [-105.206884797461, 40.0437087966662], [-105.206849983253, 40.0429245311774], [-105.206813270904, 40.0420974994424], [-105.206772494576, 40.0411789099917], [-105.206740709486, 40.0404628345758], [-105.206727985749, 40.0401763250013], [-105.206726280746, 40.0401281567444], [-105.206726021133, 40.0401207903089], [-105.206726152287, 40.040120776554], [-105.206726283441, 40.0401207621113], [-105.206904117528, 40.040101417907], [-105.207086002119, 40.0400982384613], [-105.207520059081, 40.0400949489761], [-105.21157348851, 40.040017869203], [-105.214094328284, 40.0399490189197], [-105.215253780228, 40.0399173330484], [-105.22083508136, 40.0397646392933], [-105.220957546886, 40.0397612858313], [-105.224033245468, 40.0397952482219], [-105.224430552352, 40.0397996291779], [-105.224435352051, 40.0397996821345], [-105.224440150851, 40.0397997350911], [-105.227887419584, 40.0398376905262], [-105.228189438572, 40.0398410102847], [-105.233969646471, 40.0399044054671], [-105.234399574776, 40.0399091089695], [-105.239649466739, 40.0399664154693], [-105.240104917978, 40.0399713754968], [-105.241520312523, 40.0399867803273], [-105.244142777807, 40.0401250130626], [-105.255648378406, 40.0401082417138], [-105.256907224445, 40.0401063373477], [-105.258485432346, 40.0401189836029], [-105.258476639636, 40.0436091070229], [-105.259487900999, 40.043616026758], [-105.259487350332, 40.0437720252657], [-105.261726472145, 40.0437766714215], [-105.263208487548, 40.043779722782], [-105.269128656561, 40.0437397208579], [-105.272713739435, 40.0436938458767], [-105.272713968506, 40.0436938431259], [-105.272714121219, 40.0436938403751], [-105.272714656615, 40.0436938183684], [-105.272773234857, 40.0436914443972], [-105.272768168358, 40.0435814885941], [-105.272718618186, 40.0425059250226], [-105.272720297137, 40.0420026022684], [-105.272761171381, 40.0401948040022], [-105.272763144081, 40.0401075464036], [-105.273755721385, 40.0401260825059], [-105.274250859294, 40.0401352680258], [-105.274253046692, 40.0401353031008], [-105.274263346775, 40.0401353285473], [-105.275297362464, 40.0401378993373], [-105.275636229448, 40.0399565593737], [-105.275874041351, 40.0396450211517], [-105.276309023578, 40.039107970407], [-105.276412451108, 40.039100065349], [-105.277431843123, 40.0391020364554], [-105.282041290187, 40.0390594919054], [-105.282055300312, 40.0412837116708], [-105.282051867849, 40.0414745628676], [-105.282053093151, 40.0416690117299], [-105.282017740852, 40.0436347929768], [-105.282083739177, 40.0508134025844], [-105.282087203979, 40.0511901688928], [-105.282086010118, 40.0515633285648], [-105.282076796997, 40.054444263367], [-105.282105040029, 40.0551094275894], [-105.282108513814, 40.055191242942], [-105.282107328937, 40.0552694627773], [-105.281946534094, 40.0658906265874], [-105.283465640935, 40.0695347698647], [-105.283485122699, 40.0695852917858], [-105.283827284702, 40.0706684277452], [-105.28384214643, 40.0707154731479], [-105.283852349495, 40.0707589211666], [-105.284502417147, 40.073527117319], [-105.284513295745, 40.0735734382819], [-105.284519514782, 40.0736161620128], [-105.284638442742, 40.0744426628197], [-105.283435264404, 40.0766053928148], [-105.282426657562, 40.0791719626339], [-105.282395831873, 40.0792504010092], [-105.282360346623, 40.0793252423952], [-105.282080330969, 40.079915809007], [-105.282100204398, 40.0842178693554], [-105.282101946231, 40.0845948468316], [-105.282085928372, 40.0866442856372], [-105.282081296658, 40.0872367949037], [-105.281880735194, 40.0873466665223], [-105.28187963925, 40.0873472671949], [-105.279469147627, 40.087350945455], [-105.263493594853, 40.0873541824886], [-105.206813629331, 40.0871937402073], [-105.206848122842, 40.0945139372756], [-105.197342930243, 40.0945603827748], [-105.197369241897, 40.0873361403194]]]}, "properties": {"OBJECTID_1": 9, "OBJECTID": 9, "SchName": "Crest View", "SchCode": 127, "SchType": "Elementary", "SchType2": "Neighborhood", "StdtPop": 724, "Shape_Leng": 88948.3955718, "State_CD": 1996, "Key_ID": 9, "Yld": 0.17, "BVSD_Neigh": "Boulder", "Capacity": 685, "Enroll": 625, "Perc_Cap": 0.91, "SHAPE__Area": 59598340.30859375, "SHAPE__Length": 35443.91876903862}}, {"type": "Feature", "id": 10, "geometry": {"type": "Polygon", "coordinates": [[[-105.131462219257, 40.0871880915358], [-105.131398666146, 40.0835606658548], [-105.121825846576, 40.0836909914286], [-105.121773237639, 40.0801257707759], [-105.112997676477, 40.080191232438], [-105.113072004881, 40.0798522187179], [-105.112231143147, 40.0798622140739], [-105.11192264461, 40.0795308062755], [-105.112255788427, 40.0730504766647], [-105.112255796512, 40.0730501205849], [-105.112241259974, 40.0713518848953], [-105.112241257279, 40.0713515288066], [-105.11223785985, 40.0709546379822], [-105.112237854461, 40.0709542825789], [-105.112231586915, 40.0706602733704], [-105.112231579728, 40.0706599172782], [-105.112220451399, 40.0701378798971], [-105.112220451399, 40.0701375244896], [-105.112235579926, 40.0694111239525], [-105.112235583519, 40.0694107678537], [-105.112259784133, 40.0618551169503], [-105.112259785032, 40.0618547614995], [-105.112263795111, 40.0611500832435], [-105.112263793314, 40.0611497277891], [-105.112226320092, 40.0575032032071], [-105.112226318296, 40.0575028470461], [-105.112288679343, 40.0465431788108], [-105.112288678444, 40.0465428232802], [-105.112259569436, 40.0401531390716], [-105.112259568538, 40.0401527835076], [-105.112259321501, 40.0400988622461], [-105.112259322399, 40.0400985066819], [-105.112355959564, 40.0401001964717], [-105.112429846895, 40.0401009516158], [-105.11688013944, 40.0401646863024], [-105.117522910975, 40.0401529038629], [-105.121624549392, 40.0401945777344], [-105.131144167138, 40.0401980006371], [-105.131144247986, 40.0401980006371], [-105.131144330631, 40.0401980013248], [-105.131144493226, 40.0401980006371], [-105.131144820213, 40.0401980006371], [-105.131145474186, 40.0401980013248], [-105.131146780337, 40.0401980020125], [-105.131149394434, 40.0401980020125], [-105.131154621731, 40.040198003388], [-105.131165070036, 40.040198006139], [-105.131162306818, 40.0401036269444], [-105.131162302327, 40.0401032713801], [-105.13122722986, 40.0401034350635], [-105.131226973841, 40.040096282514], [-105.131226961264, 40.0400959269498], [-105.131226839093, 40.040092528113], [-105.131226826517, 40.0400921725488], [-105.13122677172, 40.0400906512563], [-105.131226760042, 40.0400902950043], [-105.131226738482, 40.0400897124841], [-105.131226725906, 40.040089356232], [-105.131226722312, 40.0400892427541], [-105.131226714227, 40.0400890089207], [-105.131226709736, 40.0400888899408], [-105.131226707939, 40.0400888335457], [-105.131226706143, 40.0400887737118], [-105.131226701651, 40.0400886533564], [-105.131226698058, 40.040088535752], [-105.131226695363, 40.0400884772936], [-105.131226693566, 40.0400884181475], [-105.131066665885, 40.0356017059277], [-105.131066658698, 40.03560135034], [-105.131082301062, 40.0327112724814], [-105.131082302859, 40.0327109168787], [-105.131026619888, 40.0318528585196], [-105.13100803105, 40.0292630594075], [-105.131008028355, 40.0292627037868], [-105.131004691113, 40.0285418849368], [-105.131004690215, 40.0285415293123], [-105.131031062057, 40.023669311347], [-105.131031063854, 40.0236689550092], [-105.131079663609, 40.0146881392893], [-105.131079660015, 40.0146877835926], [-105.131050529447, 40.0136766961466], [-105.131050523159, 40.0136763404446], [-105.131042154454, 40.0127667328469], [-105.131042152657, 40.0127663771402], [-105.131068308005, 40.0079323806119], [-105.13106830531, 40.00793202488], [-105.131054522459, 40.007139836251], [-105.131054517967, 40.007139480515], [-105.131069407543, 40.0043874791406], [-105.131069405746, 40.0043871233902], [-105.13102736549, 40.0002119125142], [-105.131027361896, 40.000211556742], [-105.13102649053, 40.0001250104657], [-105.131026489632, 40.0001246546931], [-105.131083223632, 40.0001248363643], [-105.13386573636, 40.0001441781422], [-105.133866718219, 40.0001441788304], [-105.133867178156, 40.0001441795185], [-105.133867243733, 40.0001441795185], [-105.137748963789, 40.0001459714559], [-105.138152018094, 40.0001472369599], [-105.138347085461, 40.0001478487235], [-105.139680921063, 40.000172543596], [-105.14062348646, 40.0001899840089], [-105.141961034799, 40.0001839943727], [-105.141962366102, 40.0001839881793], [-105.142061276903, 40.000183543636], [-105.142065761293, 40.0001835229916], [-105.14207733878, 40.0001794484696], [-105.142087959562, 40.0001757104516], [-105.1420920451, 40.000174272223], [-105.142119845263, 40.0001644867624], [-105.142120068045, 40.0001644083135], [-105.143232753695, 40.0001630698661], [-105.14471800483, 40.0001676556828], [-105.144980102687, 40.0001656187654], [-105.145312770396, 40.0001630327061], [-105.145504209468, 40.0001625097138], [-105.145768295297, 40.0001607803984], [-105.146052846545, 40.0001572749733], [-105.146128119077, 40.0001566893595], [-105.14662421549, 40.0001528274736], [-105.146726522821, 40.0001520305983], [-105.14733682475, 40.0001472761844], [-105.147376227553, 40.0001469692704], [-105.147915502388, 40.0001427646863], [-105.148337395263, 40.0001394739625], [-105.148428401788, 40.0001387644819], [-105.149326308338, 40.0001317550057], [-105.150335729952, 40.0001238653872], [-105.15134656192, 40.0001168373294], [-105.151346627497, 40.0001168380176], [-105.15194266957, 40.000116101699], [-105.15197742449, 40.0001160631626], [-105.152679454291, 40.0001152951892], [-105.152798951783, 40.0001922727875], [-105.160191402954, 40.0001353946209], [-105.161632307856, 40.0001242535027], [-105.161733291969, 39.9994087112123], [-105.161888883769, 39.998707241229], [-105.1619698624, 39.9984119025957], [-105.16227629571, 39.9971270188864], [-105.162664597882, 39.9958549925654], [-105.16394951842, 39.9934215656794], [-105.163980573179, 39.9933713025137], [-105.164756233393, 39.9921374635042], [-105.164949200499, 39.9918434006572], [-105.165359198781, 39.9912807710498], [-105.165721686066, 39.990811959401], [-105.165898483497, 39.9906280932332], [-105.166067563502, 39.9904809892061], [-105.166066515168, 39.9902876656301], [-105.166062850041, 39.9896116747319], [-105.166053002709, 39.9877953631203], [-105.166049624145, 39.9871720848683], [-105.166048099704, 39.9868911640301], [-105.166047537359, 39.9867872747379], [-105.166038599122, 39.9862262106368], [-105.1660213344, 39.9851424991161], [-105.166005851937, 39.9841706248275], [-105.165989463072, 39.9831418340694], [-105.165957794764, 39.9822636575872], [-105.165901085018, 39.9806910354493], [-105.165887281506, 39.9803082559223], [-105.16583040108, 39.9787308129119], [-105.165830130687, 39.9787233152537], [-105.165850293374, 39.9786933886305], [-105.165855920421, 39.978683790769], [-105.16586567882, 39.9786838217454], [-105.165873000987, 39.9786838444614], [-105.165879787759, 39.9786838658007], [-105.165881789206, 39.978683871996], [-105.165886521531, 39.9786838857632], [-105.166039244112, 39.9786843283814], [-105.166307382241, 39.9786851048563], [-105.169117320535, 39.9786932055256], [-105.171823484549, 39.9787009420495], [-105.175309371856, 39.9786832393893], [-105.175312876184, 39.9741816049366], [-105.17532183598, 39.9722990418383], [-105.18268502992, 39.9723085986024], [-105.182689980536, 39.9723086047982], [-105.182690022757, 39.9723063109547], [-105.182692902755, 39.9721489621907], [-105.182731128766, 39.970060035284], [-105.182770102174, 39.968158933138], [-105.184418994913, 39.9681127174935], [-105.184403599585, 39.9673025844194], [-105.184411936849, 39.9655000218364], [-105.184800669314, 39.9656413887131], [-105.18530750778, 39.9658257028606], [-105.186196905489, 39.9661491282157], [-105.187325401488, 39.9665594865759], [-105.192441111198, 39.9684195275694], [-105.193909375191, 39.9689533191961], [-105.195312243627, 39.9695072687987], [-105.197626237324, 39.9704209341522], [-105.203639178052, 39.9727947746648], [-105.20378327501, 39.9730028806499], [-105.203893236885, 39.9731616855212], [-105.204038176463, 39.9733710054464], [-105.204686306449, 39.9743070075721], [-105.204866946873, 39.9745678752676], [-105.205348856192, 39.9752638044202], [-105.206037640334, 39.9762584540776], [-105.206560527203, 39.9770135131158], [-105.206770811133, 39.9773171621338], [-105.207334026969, 39.9781304297505], [-105.207799303082, 39.9788022574582], [-105.208182730096, 39.9793558904444], [-105.208182751656, 39.9793559221088], [-105.208182773215, 39.9793559530849], [-105.208313566124, 39.9795448016218], [-105.209139276872, 39.9807370057988], [-105.209263181499, 39.9809159012283], [-105.209829050958, 39.9817329008362], [-105.210284624368, 39.9823906395571], [-105.211198544287, 39.9837100771445], [-105.21175629028, 39.9845152733191], [-105.211933849483, 39.9847739125546], [-105.212101806593, 39.9850231197202], [-105.21238059425, 39.9854246474943], [-105.212676409473, 39.9858676603998], [-105.212848883313, 39.9860925435564], [-105.212739231356, 39.986125807895], [-105.212803933412, 39.9899871349019], [-105.212986979525, 39.9915935507846], [-105.212606323813, 39.9927963147025], [-105.212139991281, 39.9956406619607], [-105.21211464801, 39.995739929652], [-105.212693876315, 39.9963807644914], [-105.212783923439, 39.998555551474], [-105.212779447134, 39.9986828066402], [-105.212793733042, 39.9987924907414], [-105.212844795978, 40.0000256638182], [-105.212625249519, 40.0010188925743], [-105.212504420724, 40.0013206994221], [-105.212502739976, 40.001719442174], [-105.212398912695, 40.0071857172414], [-105.212479081046, 40.0073308628036], [-105.21247853487, 40.0074603997829], [-105.212765670571, 40.0078497303437], [-105.212894016469, 40.0080820967984], [-105.213124714614, 40.0089232464566], [-105.212997440406, 40.0095928502877], [-105.21297620064, 40.0146389113966], [-105.212976197046, 40.0146396331106], [-105.214905581545, 40.0146394225821], [-105.215585201974, 40.0146382811869], [-105.21746944074, 40.0146350241859], [-105.219080125434, 40.0146348487454], [-105.220544301194, 40.0146346031287], [-105.225912398872, 40.0146209428492], [-105.227049242017, 40.0146180181524], [-105.22791514339, 40.0146157828336], [-105.234463866303, 40.0145986653389], [-105.23462587477, 40.0145982380895], [-105.238577589756, 40.0145877226617], [-105.239334556028, 40.0145856930546], [-105.239998808977, 40.0145839090643], [-105.240007687027, 40.0145838849842], [-105.240016565975, 40.0145838609042], [-105.240494865863, 40.0145825729636], [-105.240607596346, 40.0145814769757], [-105.241961348496, 40.0145786121334], [-105.244258265219, 40.0145723705745], [-105.244268200586, 40.0150585025004], [-105.244309823127, 40.0170948632861], [-105.244332723878, 40.0182152743611], [-105.244394976229, 40.021260643289], [-105.244457206122, 40.0243048616393], [-105.244457209716, 40.0243050129782], [-105.24445721241, 40.0243051643172], [-105.244460023239, 40.0244424588953], [-105.244462967916, 40.0245864540468], [-105.24446570688, 40.0247204495773], [-105.241810576157, 40.0250738353952], [-105.23816869191, 40.0256578193358], [-105.229278675499, 40.026960805487], [-105.229208895266, 40.0269695628567], [-105.229111583466, 40.0269817816247], [-105.229013164942, 40.0269941537871], [-105.228899431939, 40.0270084636972], [-105.22876813238, 40.0270249878805], [-105.226937197846, 40.0272764477322], [-105.226542072072, 40.0273307099998], [-105.226151758572, 40.027384309802], [-105.226054731538, 40.0273976339079], [-105.22571366548, 40.0274444698051], [-105.225509866488, 40.0274724545271], [-105.225442535062, 40.0274817009085], [-105.225426234233, 40.0277992358231], [-105.225407972382, 40.0281549547537], [-105.225405272046, 40.0282524919629], [-105.225403646994, 40.0283111709169], [-105.225401854855, 40.028375879631], [-105.225400105835, 40.0284390763615], [-105.225390745389, 40.028777113973], [-105.225382002087, 40.0290928895124], [-105.225359964616, 40.029157549335], [-105.225355226003, 40.0291576153692], [-105.224934805467, 40.0291635178569], [-105.224811030197, 40.0291652464376], [-105.224365779328, 40.0291714804709], [-105.223934608653, 40.0291775157135], [-105.223929641868, 40.0291775851869], [-105.223929117252, 40.029177589314], [-105.221779481116, 40.0291876567634], [-105.2209041645, 40.0291959619264], [-105.220903598562, 40.0292347823939], [-105.220879202115, 40.030907387242], [-105.220868725064, 40.0316257145342], [-105.220863616345, 40.0319758888833], [-105.220861983208, 40.0320878890491], [-105.220858803172, 40.0323058160334], [-105.220856101039, 40.0324911265036], [-105.22085413283, 40.0326260268113], [-105.220854109474, 40.0326864903347], [-105.220854088813, 40.0327363778942], [-105.220854064558, 40.032795485629], [-105.220854042999, 40.0328496472116], [-105.22085401066, 40.0329305607281], [-105.220854340341, 40.0329990308568], [-105.220854649362, 40.0330297714441], [-105.220854652955, 40.0330300142433], [-105.220855032044, 40.0330696620349], [-105.22085523147, 40.0330864440564], [-105.220855257521, 40.0330888073917], [-105.22085530064, 40.0330924480009], [-105.22085546593, 40.0331067841444], [-105.220855672543, 40.0331246845448], [-105.220855968089, 40.0331500422336], [-105.220856048937, 40.033156643196], [-105.220856122599, 40.0331623314272], [-105.22085621243, 40.033169406293], [-105.22085628699, 40.0331748764858], [-105.220856352568, 40.0331799745702], [-105.220856508874, 40.0331930279207], [-105.22085691132, 40.0332227016202], [-105.220857105356, 40.0332352239698], [-105.220857114339, 40.0332358113633], [-105.220857116135, 40.0332359324186], [-105.220857165543, 40.0332391101209], [-105.220857270646, 40.0332459855127], [-105.22085788689, 40.0332861215266], [-105.220871399349, 40.0341641535972], [-105.220873554407, 40.0343041644155], [-105.220874372772, 40.0343574113976], [-105.220877277025, 40.0345461133436], [-105.220878083713, 40.0345985340882], [-105.220879047605, 40.0346779488774], [-105.220879659358, 40.034727458754], [-105.22088127363, 40.0348291367398], [-105.220883378383, 40.034953116397], [-105.220884042238, 40.0349922148967], [-105.220885124708, 40.0350559983772], [-105.220895625115, 40.0357382796638], [-105.220942559394, 40.0387875809848], [-105.220957546886, 40.0397612858313], [-105.22083508136, 40.0397646392933], [-105.215253780228, 40.0399173330484], [-105.214094328284, 40.0399490189197], [-105.21157348851, 40.040017869203], [-105.207520059081, 40.0400949489761], [-105.207086002119, 40.0400982384613], [-105.206904117528, 40.040101417907], [-105.206726283441, 40.0401207621113], [-105.206726152287, 40.040120776554], [-105.206471633516, 40.0401090738853], [-105.201283620205, 40.0400957570767], [-105.196606750986, 40.0401083441878], [-105.193856204807, 40.0400901801509], [-105.186436087323, 40.0400945205109], [-105.180106990819, 40.0400605410757], [-105.178367891056, 40.0400772649818], [-105.168974124587, 40.0400506939345], [-105.168908547571, 40.0400903135734], [-105.168893514265, 40.0418088750962], [-105.168870645853, 40.0436299487511], [-105.16883554059, 40.0436750005875], [-105.168835404046, 40.0436750026507], [-105.166594384093, 40.0436924677081], [-105.159416941093, 40.0436878731248], [-105.155985302147, 40.0437013811026], [-105.150100506993, 40.0436195244493], [-105.150058766773, 40.0437400977221], [-105.15009503805, 40.0509468528664], [-105.150085896793, 40.0581905767895], [-105.15006508193, 40.0622435630258], [-105.150121289517, 40.0666294612623], [-105.150128429327, 40.0726713200898], [-105.150128429327, 40.0726715318141], [-105.150131252732, 40.0726754823965], [-105.150178857154, 40.0727420909563], [-105.150178857154, 40.0727424594112], [-105.15016031952, 40.078589820689], [-105.15006438304, 40.0829766610134], [-105.15005188478, 40.0854092920051], [-105.150046017883, 40.0865511391324], [-105.149978320843, 40.0871466883193], [-105.131462219257, 40.0871880915358]]]}, "properties": {"OBJECTID_1": 10, "OBJECTID": 10, "SchName": "Douglass", "SchCode": 130, "SchType": "Elementary", "SchType2": "Neighborhood", "StdtPop": 429, "Shape_Leng": 156975.634352, "State_CD": 2240, "Key_ID": 10, "Yld": 0.18, "BVSD_Neigh": " ", "Capacity": 491, "Enroll": 433, "Perc_Cap": 0.88, "SHAPE__Area": 109587485.07421875, "SHAPE__Length": 62533.770477973856}}, {"type": "Feature", "id": 11, "geometry": {"type": "Polygon", "coordinates": [[[-105.212844795978, 40.0000256638182], [-105.212793733042, 39.9987924907414], [-105.212779447134, 39.9986828066402], [-105.212783923439, 39.998555551474], [-105.212693876315, 39.9963807644914], [-105.21211464801, 39.995739929652], [-105.212139991281, 39.9956406619607], [-105.212606323813, 39.9927963147025], [-105.212986979525, 39.9915935507846], [-105.212803933412, 39.9899871349019], [-105.212739231356, 39.986125807895], [-105.212848883313, 39.9860925435564], [-105.213016196331, 39.9860868321293], [-105.214078262813, 39.9860505737104], [-105.215401349174, 39.9860053895223], [-105.220852900342, 39.9858190566545], [-105.22453469045, 39.9859454077365], [-105.225412947252, 39.9859755300995], [-105.226567333596, 39.9860151123125], [-105.226572108142, 39.9860152761256], [-105.226576881789, 39.9860154392504], [-105.227214344281, 39.9860372924654], [-105.227217217093, 39.9857140823581], [-105.227220751065, 39.9853164788921], [-105.227220778913, 39.985313382242], [-105.227220806761, 39.9853102862802], [-105.227226528131, 39.984666429161], [-105.227230006408, 39.9842751134853], [-105.227233707467, 39.9838586233119], [-105.227237690597, 39.98341041229], [-105.227240244507, 39.9831229479619], [-105.227462104128, 39.9832308453981], [-105.227840896734, 39.983408714213], [-105.228635096378, 39.9837816369394], [-105.228733866144, 39.9838280133787], [-105.229294861344, 39.9840914272674], [-105.229876763933, 39.9843646526456], [-105.230201880404, 39.9845173045085], [-105.231024385065, 39.9849034895741], [-105.23110038703, 39.984939173182], [-105.231912339181, 39.9853203918626], [-105.232398996994, 39.9855488766039], [-105.232476044598, 39.9855850506288], [-105.232884988258, 39.9857770460312], [-105.233657794524, 39.9861398641363], [-105.234334929314, 39.9864342543834], [-105.234814355689, 39.9866638166933], [-105.234928002454, 39.9867152996149], [-105.236836569395, 39.9875508793739], [-105.24587753691, 39.9927502210168], [-105.253094167118, 39.9970498114216], [-105.25418739975, 39.9976873238585], [-105.256631021241, 39.9991122263883], [-105.257552725062, 39.9996496525697], [-105.257976878996, 39.9998969625979], [-105.258274553732, 40.0001889951409], [-105.255904719859, 40.0001227395767], [-105.25477804205, 40.000003209507], [-105.24911209177, 39.9999910196275], [-105.246766510613, 39.9999858922252], [-105.245756906642, 40.0000871602414], [-105.243439166072, 40.0000978003935], [-105.236455909192, 40.0000181106925], [-105.232797638775, 40.0000736298632], [-105.234451911523, 40.0022513751631], [-105.237348499512, 40.0057107112197], [-105.239748688357, 40.008593403011], [-105.240181016062, 40.0094594959027], [-105.240373080362, 40.010209364093], [-105.240391857846, 40.0105324768596], [-105.240397696895, 40.0128420765818], [-105.240380186934, 40.0131615331487], [-105.240394879779, 40.0135820910489], [-105.240607404107, 40.0145805736284], [-105.240607596346, 40.0145814769757], [-105.240494865863, 40.0145825729636], [-105.240016565975, 40.0145838609042], [-105.240007687027, 40.0145838849842], [-105.239998808977, 40.0145839090643], [-105.239334556028, 40.0145856930546], [-105.238577589756, 40.0145877226617], [-105.23462587477, 40.0145982380895], [-105.234463866303, 40.0145986653389], [-105.22791514339, 40.0146157828336], [-105.227049242017, 40.0146180181524], [-105.225912398872, 40.0146209428492], [-105.220544301194, 40.0146346031287], [-105.219080121841, 40.0146327847397], [-105.217469434452, 40.0146305425413], [-105.215585201075, 40.0146371329118], [-105.214905581545, 40.0146394225821], [-105.212976185368, 40.0146424057581], [-105.21297619525, 40.0146400293997], [-105.212976196148, 40.0146399592235], [-105.212976197046, 40.0146396331106], [-105.21297620064, 40.0146389113966], [-105.212997440406, 40.0095928502877], [-105.213124714614, 40.0089232464566], [-105.212894016469, 40.0080820967984], [-105.212765670571, 40.0078497303437], [-105.21247853487, 40.0074603997829], [-105.212479081046, 40.0073308628036], [-105.212398912695, 40.0071857172414], [-105.212502739976, 40.001719442174], [-105.212504420724, 40.0013206994221], [-105.212625249519, 40.0010188925743], [-105.212844795978, 40.0000256638182]]]}, "properties": {"OBJECTID_1": 11, "OBJECTID": 11, "SchName": "Eisenhower", "SchCode": 132, "SchType": "Elementary", "SchType2": "Neighborhood", "StdtPop": 483, "Shape_Leng": 47110.6786017, "State_CD": 2552, "Key_ID": 11, "Yld": 0.16, "BVSD_Neigh": "Boulder", "Capacity": 613, "Enroll": 453, "Perc_Cap": 0.74, "SHAPE__Area": 13707668.1640625, "SHAPE__Length": 18750.546385437}}, {"type": "Feature", "id": 12, "geometry": {"type": "Polygon", "coordinates": [[[-105.156038265918, 39.9293280073901], [-105.153002936727, 39.9292491382551], [-105.151688807467, 39.9292800543717], [-105.150421593622, 39.9289971548518], [-105.150420706984, 39.9289971417634], [-105.150285108089, 39.928965374771], [-105.149383406156, 39.9289830489726], [-105.147465170648, 39.9289569616648], [-105.147290106965, 39.9289545795701], [-105.146993720414, 39.928970071451], [-105.147025764218, 39.9289307234857], [-105.147070802153, 39.9288383479862], [-105.147126086273, 39.926587089775], [-105.147105314528, 39.9214488762477], [-105.146936632478, 39.9142793765881], [-105.146935497905, 39.914231120199], [-105.147108746991, 39.9142314826198], [-105.216840239155, 39.9141945556454], [-105.217428682379, 39.9141940643788], [-105.217356577306, 39.9173791532403], [-105.217387513488, 39.9206741735179], [-105.217389422408, 39.9208775397061], [-105.217404321865, 39.9284848761175], [-105.217404455714, 39.9285533993224], [-105.21710510562, 39.9285556450351], [-105.204522122263, 39.9286493166767], [-105.195158176268, 39.9286555915748], [-105.189668526651, 39.9287057004968], [-105.180417654295, 39.9287005801452], [-105.167699249909, 39.9287254055459], [-105.165811542747, 39.9287199442066], [-105.164916588959, 39.928726292118], [-105.162203362391, 39.9287183667005], [-105.160932997255, 39.9290634600914], [-105.159844201402, 39.9293393102227], [-105.156038265918, 39.9293280073901]]]}, "properties": {"OBJECTID_1": 12, "OBJECTID": 12, "SchName": "Eldorado (K-5)", "SchCode": 506, "SchType": "Elementary", "SchType2": "Neighborhood", "StdtPop": 472, "Shape_Leng": 50180.874324, "State_CD": 2589, "Key_ID": 12, "Yld": 0.4, "BVSD_Neigh": " ", "Capacity": 470, "Enroll": 516, "Perc_Cap": 1.1, "SHAPE__Area": 16553762.40625, "SHAPE__Length": 19933.366675458572}}, {"type": "Feature", "id": 13, "geometry": {"type": "Polygon", "coordinates": [[[-105.118576288952, 39.93041510361], [-105.116484850172, 39.9286894742232], [-105.116468649954, 39.9286761067468], [-105.116468920347, 39.9286709457498], [-105.115007885996, 39.928675178842], [-105.103896898233, 39.9286675186327], [-105.09344246306, 39.9286650517971], [-105.091072034502, 39.9286566600089], [-105.090755386449, 39.9286555357765], [-105.090736109502, 39.925687295304], [-105.090736101417, 39.9256860711327], [-105.090746590146, 39.9239363765307], [-105.090752084242, 39.923019749175], [-105.090743885319, 39.9221018577551], [-105.08871354186, 39.9220946246382], [-105.087698123093, 39.9221321343244], [-105.086147902204, 39.9222499935294], [-105.085511226636, 39.9223211856958], [-105.0850746499, 39.9223775237469], [-105.083427599606, 39.9226129207576], [-105.082234842623, 39.9227974969107], [-105.081991082974, 39.9228528383824], [-105.081269708852, 39.9230877797581], [-105.079584508006, 39.9234759769591], [-105.079193614195, 39.9235824067533], [-105.078869863163, 39.923653827633], [-105.077934304626, 39.923890135825], [-105.076717066755, 39.9243080185088], [-105.076521687672, 39.9243783969982], [-105.076035042435, 39.9245581777181], [-105.076008899663, 39.9245631075517], [-105.075970931469, 39.9245767837735], [-105.074715353502, 39.9248070312242], [-105.074323168812, 39.9248809811778], [-105.074165329427, 39.9248983898274], [-105.073578212116, 39.9249902994325], [-105.072519545757, 39.9251070459607], [-105.072037728067, 39.925105256878], [-105.071863739667, 39.9251187035866], [-105.071863827702, 39.9251046099975], [-105.071814270343, 39.9251044260602], [-105.071381705483, 39.9250611601423], [-105.071115944296, 39.9250747818413], [-105.070977122245, 39.9250206932161], [-105.070874471757, 39.925010425094], [-105.070387957674, 39.9247911340129], [-105.070049889293, 39.9246594093963], [-105.069017963086, 39.924352313447], [-105.068645871013, 39.924313528424], [-105.06819121119, 39.9242933949796], [-105.06739091468, 39.9244242040495], [-105.066722605838, 39.9245440640352], [-105.066630762982, 39.9245643152093], [-105.065079664438, 39.9248053068909], [-105.065066835598, 39.9248076498624], [-105.064174176107, 39.9250154327413], [-105.063507119516, 39.9251637461491], [-105.061861476882, 39.9251574971093], [-105.058139385656, 39.92511310969], [-105.057251501609, 39.925104598975], [-105.055459746198, 39.9250976968491], [-105.053570430154, 39.9251299788693], [-105.053041907254, 39.9251581247001], [-105.053036251461, 39.9144697863202], [-105.090214032913, 39.9143328184478], [-105.11166178014, 39.9144071448896], [-105.132217396984, 39.9141993628917], [-105.146910232788, 39.914231067145], [-105.146936632478, 39.9142793765881], [-105.147105314528, 39.9214488762477], [-105.147126086273, 39.926587089775], [-105.147070802153, 39.9288383479862], [-105.147025764218, 39.9289307234857], [-105.146993720414, 39.928970071451], [-105.14698646023, 39.928978986049], [-105.14327898639, 39.9289191801716], [-105.142461020916, 39.9289166444586], [-105.137617140512, 39.9289015059535], [-105.137557522022, 39.9289013185821], [-105.137557237256, 39.9289549143584], [-105.137533227085, 39.9334772050172], [-105.137574568453, 39.9394298527442], [-105.137575337411, 39.9395404860225], [-105.137505523042, 39.9395081508762], [-105.133720889309, 39.9377551101512], [-105.128179820125, 39.9352940866767], [-105.128072128292, 39.9352462514901], [-105.128078568314, 39.9351102488607], [-105.128065965849, 39.9351045386841], [-105.128065500522, 39.9351043279103], [-105.127640366525, 39.9349137737371], [-105.125482293413, 39.9340036428497], [-105.122489852488, 39.9326694052279], [-105.120114724843, 39.9314050492727], [-105.119524524515, 39.9310252754419], [-105.119310650917, 39.9309125797723], [-105.119123260552, 39.9307670714033], [-105.118576288952, 39.93041510361]]]}, "properties": {"OBJECTID_1": 13, "OBJECTID": 13, "SchName": "Emerald", "SchCode": 134, "SchType": "Elementary", "SchType2": "Neighborhood", "StdtPop": 364, "Shape_Leng": 69747.6902676, "State_CD": 2702, "Key_ID": 13, "Yld": 0, "BVSD_Neigh": " ", "Capacity": 454, "Enroll": 304, "Perc_Cap": 0.67, "SHAPE__Area": 21052559.15625, "SHAPE__Length": 27711.578538384743}}, {"type": "Feature", "id": 14, "geometry": {"type": "Polygon", "coordinates": [[[-105.146817040662, 39.9724360004247], [-105.146817134087, 39.9724126668712], [-105.146817135883, 39.9724123109543], [-105.146817227512, 39.9723894221169], [-105.146817229308, 39.9723890661998], [-105.146817343394, 39.9723603677118], [-105.146817345191, 39.9723600117946], [-105.14681740448, 39.9723451713527], [-105.146817406276, 39.9723448154353], [-105.14681745209, 39.9723322082511], [-105.146817453887, 39.9723318523337], [-105.146817461972, 39.9723293140989], [-105.146817463769, 39.97232895887], [-105.146817545515, 39.9723095754823], [-105.146817547312, 39.9723092202532], [-105.146817584143, 39.9723000290448], [-105.146817586838, 39.9722996731272], [-105.146817605702, 39.9722950833742], [-105.146817607499, 39.9722947274566], [-105.146817762009, 39.9722557720268], [-105.146817763806, 39.972255416109], [-105.146817859027, 39.9722313444977], [-105.146817860824, 39.9722309885798], [-105.146817901248, 39.9722209079102], [-105.146817903943, 39.9722205519923], [-105.14681797491, 39.9722027526501], [-105.146817976707, 39.9722023967321], [-105.14681804947, 39.9721839323621], [-105.146818051267, 39.9721835771324], [-105.146818077318, 39.9721770473765], [-105.146818079115, 39.9721766914583], [-105.146818121335, 39.9721660304344], [-105.146818123132, 39.9721656745161], [-105.146820328496, 39.971614569731], [-105.146820330293, 39.9716142138099], [-105.146824255032, 39.9706332702886], [-105.146824257727, 39.9706329150509], [-105.146827106285, 39.9699209990063], [-105.14682710898, 39.9699206430764], [-105.146829831773, 39.9692400300626], [-105.14682983357, 39.9692396741291], [-105.146831556539, 39.9688092555712], [-105.146831559234, 39.9688089003239], [-105.146838309175, 39.9682404589789], [-105.146838313666, 39.9682401037287], [-105.146846687761, 39.9675349105219], [-105.146846691355, 39.9675345545795], [-105.146857834057, 39.9653816856241], [-105.146857835854, 39.9653813296706], [-105.146857922092, 39.9653646893557], [-105.146857923889, 39.965364333402], [-105.14685829669, 39.9652922028329], [-105.146858298486, 39.9652918468789], [-105.146865812894, 39.965291801438], [-105.146872728125, 39.96529176839], [-105.146873326403, 39.965291765636], [-105.146879386438, 39.9652917126216], [-105.14689096662, 39.9652916107237], [-105.147080179667, 39.9652899452444], [-105.149546105427, 39.965268203816], [-105.152840801598, 39.9652390720261], [-105.15651117861, 39.9652500701182], [-105.157283846535, 39.9651780881446], [-105.158104634515, 39.9651713725129], [-105.159294565398, 39.9650604983991], [-105.161677820102, 39.9641523307614], [-105.163285405608, 39.9641570387964], [-105.1633986113, 39.9641608545217], [-105.163398628368, 39.96415736997], [-105.163461832933, 39.9641575544908], [-105.163467848951, 39.9629378582477], [-105.164062963064, 39.9623471836917], [-105.164333457474, 39.9619907782502], [-105.164663543425, 39.9616442865561], [-105.164938948026, 39.9611618498343], [-105.165448939579, 39.9603843053381], [-105.165650742515, 39.9593257853185], [-105.165889281155, 39.9583373618116], [-105.174754939747, 39.961469101473], [-105.174967187394, 39.9615472015587], [-105.17673746768, 39.9622189037804], [-105.184343001931, 39.9651935628742], [-105.184520308707, 39.9652629009939], [-105.184467929739, 39.9654171143547], [-105.184411936849, 39.9655000218364], [-105.184403599585, 39.9673025844194], [-105.184418994913, 39.9681127174935], [-105.182770102174, 39.968158933138], [-105.182731128766, 39.970060035284], [-105.182692902755, 39.9721489621907], [-105.182690022757, 39.9723063109547], [-105.182689980536, 39.9723086047982], [-105.18268502992, 39.9723085986024], [-105.17532183598, 39.9722990418383], [-105.175312876184, 39.9741816049366], [-105.175309371856, 39.9786832393893], [-105.171823484549, 39.9787009420495], [-105.169117320535, 39.9786932055256], [-105.166307382241, 39.9786851048563], [-105.166039244112, 39.9786843283814], [-105.165886521531, 39.9786838857632], [-105.165881789206, 39.978683871996], [-105.165879787759, 39.9786838658007], [-105.165873000987, 39.9786838444614], [-105.16586567882, 39.9786838217454], [-105.165855920421, 39.978683790769], [-105.165852896691, 39.9786837811319], [-105.165848536269, 39.9786837687413], [-105.165841666852, 39.9786837535973], [-105.165841214999, 39.9786837522206], [-105.165836581489, 39.9786837405184], [-105.165836266181, 39.97868373983], [-105.165832485172, 39.9786837288162], [-105.165828703264, 39.9786837178024], [-105.16581669189, 39.9774772697143], [-105.165820634596, 39.9766725323574], [-105.165798155155, 39.9759463579191], [-105.165813307039, 39.9755150591427], [-105.165809645505, 39.975257448435], [-105.165805175489, 39.9743405612726], [-105.165574473751, 39.9738780080743], [-105.165481538543, 39.9736790462122], [-105.165303127738, 39.9733594434698], [-105.16430468174, 39.972477364557], [-105.163758320995, 39.9728799952485], [-105.163029867249, 39.9735016236353], [-105.161891112489, 39.974000504794], [-105.160571516981, 39.9742938720522], [-105.160104168455, 39.9745375571868], [-105.159541674865, 39.9748678150243], [-105.158209459824, 39.9753660873047], [-105.158153537901, 39.9753837440132], [-105.158066966359, 39.9754208713428], [-105.157342740983, 39.975639731698], [-105.15619628317, 39.9760016832559], [-105.153845789127, 39.9767769526293], [-105.153575074629, 39.9768720926583], [-105.152107118759, 39.9773953432408], [-105.150410522784, 39.977984288001], [-105.148713880097, 39.9789088476345], [-105.146824414932, 39.9799671718309], [-105.14675026709, 39.979973917673], [-105.14674993112, 39.9799302713738], [-105.146749929324, 39.979929915496], [-105.146749943697, 39.9799270553948], [-105.146749946392, 39.979926699517], [-105.146749960765, 39.979923838039], [-105.146749962561, 39.9799234821611], [-105.146758547761, 39.9782655421495], [-105.146758546862, 39.978265186263], [-105.146756089072, 39.9777032681189], [-105.146756087275, 39.9777029136062], [-105.146827881531, 39.9776824516834], [-105.146840511844, 39.9769727850398], [-105.146840518132, 39.976972429835], [-105.146853180784, 39.9762558588523], [-105.146853187072, 39.9762555139696], [-105.146800459559, 39.9760554321333], [-105.146756193276, 39.9759518891468], [-105.146758618728, 39.9754834741442], [-105.146758620524, 39.9754831182433], [-105.146705358513, 39.9753864425311], [-105.146589006022, 39.9752962107793], [-105.146533659021, 39.9752661497944], [-105.146533557511, 39.9752660947225], [-105.146680072734, 39.9748409384028], [-105.146782398031, 39.9745968839879], [-105.146817517667, 39.9744905920499], [-105.146810242212, 39.9741669170287], [-105.146810238619, 39.9741665611209], [-105.146810622199, 39.9740924813118], [-105.146810623996, 39.9740921254036], [-105.14678148714, 39.9738423062983], [-105.146781451207, 39.9738419999545], [-105.147093224103, 39.973434531916], [-105.147203418642, 39.9732773771298], [-105.147435520854, 39.9729372768096], [-105.147437884321, 39.9724798580386], [-105.147437886118, 39.972479502122], [-105.146819053787, 39.9724743967494], [-105.146816887948, 39.9724743788503], [-105.14681689244, 39.9724731238483], [-105.146816894237, 39.9724727679316], [-105.146816951729, 39.9724582600243], [-105.146816953525, 39.972457904796], [-105.146817038865, 39.9724363563416], [-105.146817040662, 39.9724360004247]]]}, "properties": {"OBJECTID_1": 14, "OBJECTID": 14, "SchName": "Fireside", "SchCode": 156, "SchType": "Elementary", "SchType2": "Neighborhood", "StdtPop": 313, "Shape_Leng": 36590.7837909, "State_CD": 2940, "Key_ID": 14, "Yld": 0.24, "BVSD_Neigh": " ", "Capacity": 475, "Enroll": 448, "Perc_Cap": 0.94, "SHAPE__Area": 7563347.7578125, "SHAPE__Length": 14559.68012503504}}, {"type": "Feature", "id": 15, "geometry": {"type": "Polygon", "coordinates": [[[-105.351710506644, 40.0644997918731], [-105.347071922724, 40.0574901008801], [-105.343206535837, 40.0575573554773], [-105.342951853572, 40.0575617820465], [-105.340859902753, 40.0575981214324], [-105.340461172039, 40.0576050438728], [-105.339519749299, 40.0576213818746], [-105.339356719448, 40.0576242098432], [-105.338427460796, 40.0576403285061], [-105.338232831807, 40.0576437030907], [-105.337595965796, 40.0576547440591], [-105.336392279011, 40.05645535838], [-105.336106831244, 40.0561735324489], [-105.333765373355, 40.0538616645939], [-105.325629513286, 40.0457285975594], [-105.325479653636, 40.0455837826153], [-105.323531235632, 40.0436368272215], [-105.322270462707, 40.0424441511554], [-105.319802142936, 40.0401089899804], [-105.31594675879, 40.0364611649029], [-105.313067826289, 40.0340687611667], [-105.30372513623, 40.0267859701535], [-105.300816565613, 40.0246404797523], [-105.300709234005, 40.0245613573286], [-105.300441354591, 40.0246190708928], [-105.299500137565, 40.0248357360561], [-105.297995673263, 40.0251606107535], [-105.297398433737, 40.0252320349367], [-105.297203652932, 40.0252594812569], [-105.297004213464, 40.0252833312534], [-105.296134970357, 40.0254058100818], [-105.294882834734, 40.0254501633653], [-105.294809063286, 40.0254527759824], [-105.29272182952, 40.0255266797108], [-105.29267354687, 40.025510944865], [-105.292623826916, 40.0254949362343], [-105.292623805356, 40.0254942951186], [-105.292593073991, 40.0245936212931], [-105.292392908684, 40.0245932608327], [-105.291780306169, 40.0245921567508], [-105.291592048032, 40.0245918169274], [-105.291540362564, 40.0245917233728], [-105.291482805707, 40.0204640661811], [-105.292529197486, 40.0205132843681], [-105.293184442129, 40.0205440986886], [-105.293272063802, 40.0205482194631], [-105.292704893582, 40.0200416340694], [-105.292152279664, 40.0195480396486], [-105.292053121826, 40.0189262984707], [-105.292052088764, 40.0189198192758], [-105.292049158459, 40.0188453628387], [-105.292049828602, 40.0186257087214], [-105.292050388253, 40.0184423116488], [-105.29215770459, 40.0184055984649], [-105.292155980723, 40.0183340591248], [-105.292157707285, 40.0177675357907], [-105.29236880419, 40.0175790729362], [-105.292416350221, 40.0174522485762], [-105.292439552807, 40.0173903577627], [-105.292522195118, 40.0173081530591], [-105.292740697735, 40.017118645963], [-105.293031389866, 40.0167375380425], [-105.293609875264, 40.0169293894528], [-105.293610549001, 40.0167067729137], [-105.294024570837, 40.0166955636377], [-105.294031433966, 40.0166953771949], [-105.294031522001, 40.0166917976289], [-105.294049408356, 40.0159648391282], [-105.294059490149, 40.0154239053292], [-105.294069411143, 40.0153763119541], [-105.294132418977, 40.0151016798431], [-105.29419751719, 40.0150556899659], [-105.294941289008, 40.0145298815879], [-105.29499062628, 40.0144744711816], [-105.295064867547, 40.0143909371811], [-105.295293430396, 40.0141337696041], [-105.295290345581, 40.0135945736591], [-105.294015783517, 40.0136361172116], [-105.292804373915, 40.0136782985255], [-105.292337587734, 40.0136673488206], [-105.29214923707, 40.0136900415059], [-105.291427331145, 40.0137770143531], [-105.290330275282, 40.0134770988797], [-105.29032952968, 40.0134768945397], [-105.290322547974, 40.0134779410083], [-105.290057082333, 40.0135177240061], [-105.289216002309, 40.0136420760832], [-105.287223000918, 40.0137388896129], [-105.285285240527, 40.0138134465669], [-105.283656445796, 40.0138832066375], [-105.283506512484, 40.0138896271418], [-105.283090549388, 40.014207907819], [-105.283078704203, 40.0142169709243], [-105.280847002474, 40.0146685821592], [-105.280696825719, 40.0146978868922], [-105.279015248677, 40.0150259994197], [-105.278998497792, 40.0149801044353], [-105.2786667805, 40.0140712558861], [-105.278590145223, 40.0138425149917], [-105.278277635709, 40.0129097157937], [-105.277675742909, 40.0119212333568], [-105.276848583179, 40.0104550024549], [-105.273355041327, 40.0105266181709], [-105.272081656055, 40.0105283472237], [-105.271898588384, 40.0103557719812], [-105.26954620698, 40.0081381172056], [-105.269468573675, 40.0081611020935], [-105.269243035453, 40.0082278776042], [-105.266704971382, 40.0082442178056], [-105.266050484917, 40.0082484218908], [-105.264779119957, 40.008213777744], [-105.263910671859, 40.008190105495], [-105.262913354146, 40.0081573789619], [-105.261279810023, 40.0081037564867], [-105.260717931779, 40.008264457274], [-105.259595308066, 40.0082621219775], [-105.259410537189, 40.0082617366604], [-105.259069079465, 40.0082610238239], [-105.258758903773, 40.0081813243848], [-105.258690133247, 40.0081636534465], [-105.258689978737, 40.0081636135386], [-105.258731070373, 40.002002910724], [-105.258620647661, 40.0014447482317], [-105.258550113742, 40.0009441365354], [-105.258454398248, 40.0006043783047], [-105.258424533757, 40.000478033006], [-105.258391473059, 40.0003381605885], [-105.258418215007, 40.0002981324989], [-105.258418837539, 40.0002972007486], [-105.258421747183, 40.0002974994042], [-105.258686743005, 40.0003247596315], [-105.259859068705, 40.0004333132254], [-105.260090101922, 40.0004165025276], [-105.260242413973, 40.0004054192596], [-105.261491560003, 40.000314515887], [-105.263120997927, 40.0001729963972], [-105.263618608001, 40.0001277713162], [-105.264596739496, 40.000124120002], [-105.267731695446, 40.0001050995836], [-105.268558224559, 40.0001067614619], [-105.269994652258, 40.0000969381435], [-105.271235265191, 40.0000795300498], [-105.272475878125, 40.0000621081887], [-105.273742269113, 40.0000646006636], [-105.274956970142, 40.0000669775295], [-105.276119983008, 40.0000692415388], [-105.276391078391, 40.0000777869693], [-105.276787580384, 40.0000785556313], [-105.276790816116, 39.9990899706546], [-105.276747742796, 39.9990121329907], [-105.276733073308, 39.9989313698691], [-105.276749295085, 39.9982610778987], [-105.276872958964, 39.99828854126], [-105.277286648423, 39.998376173725], [-105.277359956341, 39.9983716173792], [-105.27757299181, 39.9983229124243], [-105.277708423619, 39.998161846216], [-105.277714920235, 39.9979252247597], [-105.277784364498, 39.9979253582647], [-105.277721418648, 39.997118281773], [-105.27767982665, 39.9966368723957], [-105.277809806584, 39.9966371228944], [-105.277796598654, 39.9940378793498], [-105.277496074462, 39.9940526159786], [-105.27731322059, 39.9897973076262], [-105.277274852645, 39.9893039680132], [-105.277274560693, 39.9893034765976], [-105.277269157327, 39.9892943716422], [-105.277265628744, 39.9892884271636], [-105.277271119247, 39.989288462953], [-105.27727006732, 39.9892716846127], [-105.277118195443, 39.9868482820128], [-105.277053050517, 39.9857645129074], [-105.277053017279, 39.9857609296546], [-105.277053193349, 39.9857604877705], [-105.277052846599, 39.9857422659014], [-105.277103153154, 39.9857476166918], [-105.277112061746, 39.9857485644713], [-105.277154709264, 39.9857489450973], [-105.277300438461, 39.9857502459712], [-105.277672833266, 39.9857535704264], [-105.278185253863, 39.9857581427565], [-105.279687105864, 39.9857715321178], [-105.280991217112, 39.9857831422398], [-105.282260523134, 39.9857944281741], [-105.284130851488, 39.983939283115], [-105.286177639506, 39.981908960485], [-105.289295134004, 39.9788162415514], [-105.290505016469, 39.9776158769077], [-105.291636294551, 39.9764934468382], [-105.292667394309, 39.9754765888026], [-105.292740424647, 39.9754048757464], [-105.292999236467, 39.975150731405], [-105.293118794146, 39.9750333288491], [-105.294917016529, 39.9733041758864], [-105.296678420562, 39.9716103152], [-105.298248023501, 39.9701008067212], [-105.300463003989, 39.9679704793022], [-105.302477193044, 39.9660331174747], [-105.3026806381, 39.9658374251537], [-105.30285550056, 39.9656692245835], [-105.303069004052, 39.9654638516371], [-105.303084349972, 39.9654490909406], [-105.303085016522, 39.9654484499494], [-105.303085490832, 39.965447988656], [-105.303085693852, 39.9654477910572], [-105.303086858068, 39.9654466309389], [-105.303087839927, 39.9654456525839], [-105.303088891854, 39.9654446026251], [-105.303089965341, 39.9654435326999], [-105.303090975945, 39.965442524051], [-105.303091629021, 39.9654418741093], [-105.303092496793, 39.9654410086678], [-105.303100780158, 39.9654327494502], [-105.303107690898, 39.9654258596536], [-105.303125522456, 39.9654080798856], [-105.303137265234, 39.9653963712889], [-105.303144262211, 39.9653893954264], [-105.303149413151, 39.9653842606073], [-105.303159355705, 39.9653743469215], [-105.303171090397, 39.965362646581], [-105.303172014764, 39.9653617260587], [-105.303181980674, 39.9653517889607], [-105.303202045444, 39.9653317825687], [-105.303202202649, 39.9653316262795], [-105.303228711035, 39.9653051954981], [-105.303333342307, 39.9652008713022], [-105.303409191558, 39.9651252464193], [-105.303562168363, 39.9649727164768], [-105.303716203383, 39.964819132783], [-105.305566864022, 39.9629738177185], [-105.307505182267, 39.9610409585083], [-105.309460501129, 39.959091001386], [-105.311359002447, 39.9571975686604], [-105.313631644894, 39.9549308139576], [-105.314263542323, 39.9543099456332], [-105.316781968324, 39.9518648059689], [-105.318695714052, 39.9500065961167], [-105.320521408713, 39.9482337585697], [-105.324657160653, 39.9442172943649], [-105.32465719928, 39.9442172557971], [-105.325082970182, 39.9438037302543], [-105.32570140995, 39.9432030658192], [-105.325825642462, 39.9430824023962], [-105.325830403533, 39.9430777790005], [-105.325832424743, 39.9430757941015], [-105.325833731791, 39.943074511011], [-105.325838565626, 39.9430696878851], [-105.325844370539, 39.9430638957259], [-105.325866389145, 39.9430419233959], [-105.325886825818, 39.943021528924], [-105.325926212451, 39.9429822262277], [-105.326099414825, 39.9428093894158], [-105.326295808105, 39.942613409552], [-105.326893156328, 39.9420173092346], [-105.327303274086, 39.9416080398796], [-105.327678813893, 39.941233272648], [-105.328165355824, 39.9407477220697], [-105.328776151826, 39.9401381589878], [-105.331958335804, 39.9369621697175], [-105.33258969065, 39.9363319980517], [-105.333402217723, 39.9355209718718], [-105.334056353845, 39.9348680246762], [-105.334235321606, 39.9346893793223], [-105.3347395325, 39.9341860708841], [-105.335151840351, 39.9337744939956], [-105.335909914246, 39.9330063705518], [-105.335910624813, 39.9330067211632], [-105.33591104792, 39.9330069284993], [-105.335912249866, 39.9330075257098], [-105.335912390003, 39.933007595281], [-105.335913131113, 39.9330079520919], [-105.335913745561, 39.9330082475975], [-105.335913814731, 39.933008280661], [-105.335914283652, 39.933008507973], [-105.335914385161, 39.9330085575683], [-105.335915248442, 39.9330089784398], [-105.335916522253, 39.9330095625627], [-105.335922079232, 39.9330121139671], [-105.335922784409, 39.933012427382], [-105.335923324297, 39.9330126794916], [-105.335923588401, 39.9330128027911], [-105.335924086966, 39.933013057656], [-105.335924802025, 39.9330134034457], [-105.335927170883, 39.9330145785795], [-105.335929517282, 39.9330157447586], [-105.335935960898, 39.933018956745], [-105.335941578961, 39.9330217581921], [-105.336647620639, 39.9333738475907], [-105.340058884895, 39.9350748677994], [-105.343381800742, 39.9368097071408], [-105.344414979201, 39.9373490746123], [-105.351589124486, 39.9410443623519], [-105.356234023563, 39.944823002926], [-105.367600411345, 39.954068555151], [-105.37017186849, 39.9561691361898], [-105.370171876575, 39.9561705546871], [-105.370171882863, 39.9561719724959], [-105.370171884659, 39.9561722561953], [-105.370171884659, 39.9561723126598], [-105.370171897236, 39.9561748088018], [-105.370174169075, 39.9566174411743], [-105.370221266847, 39.9657896429927], [-105.37019742017, 39.9783248478167], [-105.370205564296, 39.9854591428313], [-105.370593256511, 39.9857285378942], [-105.395218638648, 40.0017313668141], [-105.397857468541, 40.0033539565554], [-105.400407843125, 40.0050104502882], [-105.406267934609, 40.0086129687626], [-105.406471683295, 40.0087382118704], [-105.406617407102, 40.0087393678134], [-105.406674548039, 40.008774491272], [-105.406853959567, 40.0088724697112], [-105.406854037721, 40.0088724697112], [-105.406857496235, 40.0088724724635], [-105.420414715094, 40.0088826261642], [-105.425284126516, 40.0088858834397], [-105.425749272374, 40.0088894957539], [-105.425816863413, 40.008920267847], [-105.43152722101, 40.0115197320046], [-105.432443438819, 40.01193676768], [-105.43327109442, 40.0123877844134], [-105.439814396898, 40.0159530236125], [-105.444655475457, 40.0185965260684], [-105.446229851145, 40.0194561367153], [-105.447715690677, 40.020349725118], [-105.449339267094, 40.0213261009721], [-105.46678816024, 40.0212137260977], [-105.469830565461, 40.0211938626425], [-105.475310492612, 40.0267974364144], [-105.477463031204, 40.0289939929234], [-105.478701673234, 40.0302578822568], [-105.486864513304, 40.0386390422083], [-105.489284359083, 40.0411080705758], [-105.489214212338, 40.0411135408195], [-105.489195103375, 40.0411150304533], [-105.489192959995, 40.0411151982607], [-105.489176999627, 40.0411160297321], [-105.469077090042, 40.0421619268643], [-105.467025892194, 40.0422687014859], [-105.45779203932, 40.042911388911], [-105.453525710067, 40.0431912024133], [-105.449253557036, 40.04350500832], [-105.439676375247, 40.0441700778027], [-105.415198388682, 40.0459628018066], [-105.411329719351, 40.0462728367692], [-105.411171006803, 40.0462964077832], [-105.410939116594, 40.0463338596567], [-105.410315256392, 40.0464347735145], [-105.409628847395, 40.0465458009351], [-105.409345191768, 40.0465916801863], [-105.405718445929, 40.0471784128189], [-105.400287795863, 40.0480545557901], [-105.39353396691, 40.056011195288], [-105.392309950352, 40.0574530752417], [-105.386100902007, 40.0632713363295], [-105.383517124468, 40.065772302078], [-105.383510892855, 40.0658268870796], [-105.383518224904, 40.066722936823], [-105.38352605462, 40.0734883303195], [-105.383516861262, 40.0736570908984], [-105.383516727413, 40.0736595428775], [-105.382692402765, 40.0738225116463], [-105.381001812926, 40.0741487484084], [-105.378856705198, 40.0745684807097], [-105.377235250602, 40.0748857193466], [-105.376461266645, 40.0750371411105], [-105.373555479009, 40.0756055739398], [-105.371970404385, 40.0759156135875], [-105.371626446649, 40.0759830335273], [-105.363032071188, 40.0776671898973], [-105.362764574456, 40.0777195967285], [-105.362736320644, 40.0777643710178], [-105.362696967248, 40.0777243711694], [-105.362628846203, 40.077655127309], [-105.362568715673, 40.0775940066798], [-105.356518104992, 40.0714430971466], [-105.353598412334, 40.0672265651445], [-105.352616815138, 40.0658088398934], [-105.351710506644, 40.0644997918731]]]}, "properties": {"OBJECTID_1": 15, "OBJECTID": 15, "SchName": "Flatirons", "SchCode": 136, "SchType": "Elementary", "SchType2": "Neighborhood", "StdtPop": 304, "Shape_Leng": 193832.58826, "State_CD": 2970, "Key_ID": 15, "Yld": 0.1, "BVSD_Neigh": "Boulder", "Capacity": 337, "Enroll": 292, "Perc_Cap": 0.87, "SHAPE__Area": 207994803.3984375, "SHAPE__Length": 77166.36340322765}}, {"type": "Feature", "id": 16, "geometry": {"type": "Polygon", "coordinates": [[[-105.282204202359, 40.1018247868694], [-105.282074508089, 40.0873502073288], [-105.282074506293, 40.0873499832793], [-105.282074504496, 40.0873497578553], [-105.282074500903, 40.0873493083818], [-105.282074492818, 40.0873484087476], [-105.281880735194, 40.0873466665223], [-105.282081296658, 40.0872367949037], [-105.282085928372, 40.0866442856372], [-105.282101946231, 40.0845948468316], [-105.282100204398, 40.0842178693554], [-105.282080330969, 40.079915809007], [-105.282360346623, 40.0793252423952], [-105.282395831873, 40.0792504010092], [-105.282426657562, 40.0791719626339], [-105.283435264404, 40.0766053928148], [-105.284638442742, 40.0744426628197], [-105.284519514782, 40.0736161620128], [-105.284513295745, 40.0735734382819], [-105.284502417147, 40.073527117319], [-105.283852349495, 40.0707589211666], [-105.28384214643, 40.0707154731479], [-105.283827284702, 40.0706684277452], [-105.283485122699, 40.0695852917858], [-105.283465640935, 40.0695347698647], [-105.281946534094, 40.0658906265874], [-105.282107328937, 40.0552694627773], [-105.282108513814, 40.055191242942], [-105.282105040029, 40.0551094275894], [-105.282076796997, 40.054444263367], [-105.282086010118, 40.0515633285648], [-105.282087203979, 40.0511901688928], [-105.282083739177, 40.0508134025844], [-105.282017740852, 40.0436347929768], [-105.282053093151, 40.0416690117299], [-105.282051867849, 40.0414745628676], [-105.282055300312, 40.0412837116708], [-105.282041290187, 40.0390594919054], [-105.277431843123, 40.0391020364554], [-105.276412451108, 40.039100065349], [-105.276309023578, 40.039107970407], [-105.275874041351, 40.0396450211517], [-105.275636229448, 40.0399565593737], [-105.275297362464, 40.0401378993373], [-105.274263431217, 40.0401355610051], [-105.274263361148, 40.0401353677488], [-105.274263346775, 40.0401353285473], [-105.274244872023, 40.0400845970348], [-105.274244845972, 40.0400844024029], [-105.274244811836, 40.0400842084587], [-105.274211098962, 40.039889667045], [-105.274210984876, 40.0398890129974], [-105.274210908519, 40.0398885769656], [-105.274210638126, 40.0398870515421], [-105.274167198294, 40.0396419744204], [-105.274627053972, 40.0389851860588], [-105.274655981521, 40.0389497212041], [-105.274684218266, 40.0389137879683], [-105.274794888912, 40.0388049895225], [-105.274778582693, 40.0382469017227], [-105.274781415979, 40.038188092388], [-105.274779916691, 40.0381368188434], [-105.274787345759, 40.0380649748803], [-105.274791731334, 40.0379739359667], [-105.274820399269, 40.0376966856905], [-105.274910183187, 40.0375753066674], [-105.274972960154, 40.0375003313776], [-105.275031085645, 40.0374217513915], [-105.275100578417, 40.0373387537491], [-105.275130473451, 40.0373030500685], [-105.275191293887, 40.0372395671836], [-105.275565819496, 40.0369088557624], [-105.275474394356, 40.0368199701145], [-105.275472303976, 40.0368179370421], [-105.275471764987, 40.0368171165226], [-105.275374064217, 40.0366683561155], [-105.275309449297, 40.0365650838449], [-105.275304921788, 40.0365223162464], [-105.275305476048, 40.0363541721008], [-105.275698672241, 40.0363717305086], [-105.276201214066, 40.0363559135671], [-105.276252522241, 40.0360910829355], [-105.276334556393, 40.0356676491861], [-105.276518137003, 40.0351217626487], [-105.276543534173, 40.0350636844972], [-105.276564277171, 40.0350020029301], [-105.276587587554, 40.0349486938618], [-105.276587870524, 40.034948049396], [-105.276588152595, 40.0349474042423], [-105.277121678211, 40.0343306035805], [-105.277155928278, 40.0342952669877], [-105.277516403337, 40.0340011848849], [-105.277692604287, 40.0338566332234], [-105.277695826544, 40.0338522264367], [-105.277699050597, 40.0338478182741], [-105.277728756985, 40.0338071949345], [-105.278094250932, 40.0333206312025], [-105.278243526678, 40.0331219030189], [-105.278296626094, 40.0330559442304], [-105.27832501645, 40.0330112980675], [-105.278526933472, 40.0326937619664], [-105.278706831887, 40.0324108500774], [-105.279145669683, 40.0321591580968], [-105.279386125329, 40.0320212455609], [-105.279436632207, 40.0319922770491], [-105.279482479524, 40.0319597132521], [-105.279486170702, 40.0319570912546], [-105.279489862778, 40.031954469257], [-105.279527636037, 40.0318994877606], [-105.279550000494, 40.0318516692644], [-105.279611332072, 40.0316997890351], [-105.280128069074, 40.0313422850912], [-105.28207238537, 40.0313291811747], [-105.282070409077, 40.0311940678245], [-105.282072750086, 40.031039333673], [-105.282070435128, 40.0308810100311], [-105.282095632872, 40.0292157790291], [-105.282053520749, 40.0267112925483], [-105.282055514111, 40.0260877820515], [-105.282060352437, 40.0255453896856], [-105.282060363217, 40.0255441941295], [-105.282061919099, 40.0255441961931], [-105.285568010415, 40.0255483758244], [-105.285620237568, 40.0255464194598], [-105.28591103031, 40.0255442333393], [-105.286359586081, 40.0255372285355], [-105.286812848125, 40.0255338179668], [-105.287651698531, 40.0255207088071], [-105.287760280594, 40.0255190110892], [-105.287855923324, 40.0255175162995], [-105.287953961861, 40.0255123144584], [-105.288039737496, 40.0255128076772], [-105.288730287726, 40.0255038444407], [-105.28940216827, 40.0255181505361], [-105.290232810769, 40.0255358328026], [-105.291363751084, 40.0255598966368], [-105.291559098726, 40.0255573046605], [-105.292443490123, 40.0255412017995], [-105.292607747072, 40.0255378586445], [-105.292623849374, 40.02549557735], [-105.29267354687, 40.025510944865], [-105.29272182952, 40.0255266797108], [-105.294809063286, 40.0254527759824], [-105.294882834734, 40.0254501633653], [-105.296134970357, 40.0254058100818], [-105.297004213464, 40.0252833312534], [-105.297203652932, 40.0252594812569], [-105.297398433737, 40.0252320349367], [-105.297995673263, 40.0251606107535], [-105.299500137565, 40.0248357360561], [-105.300441354591, 40.0246190708928], [-105.300709234005, 40.0245613573286], [-105.300816565613, 40.0246404797523], [-105.30372513623, 40.0267859701535], [-105.313067826289, 40.0340687611667], [-105.31594675879, 40.0364611649029], [-105.319802142936, 40.0401089899804], [-105.322270462707, 40.0424441511554], [-105.323531235632, 40.0436368272215], [-105.325479653636, 40.0455837826153], [-105.325629513286, 40.0457285975594], [-105.333765373355, 40.0538616645939], [-105.336106831244, 40.0561735324489], [-105.336392279011, 40.05645535838], [-105.337595965796, 40.0576547440591], [-105.338232831807, 40.0576437030907], [-105.338427460796, 40.0576403285061], [-105.339356719448, 40.0576242098432], [-105.339519749299, 40.0576213818746], [-105.340461172039, 40.0576050438728], [-105.340859902753, 40.0575981214324], [-105.342951853572, 40.0575617820465], [-105.343206535837, 40.0575573554773], [-105.347071922724, 40.0574901008801], [-105.351710506644, 40.0644997918731], [-105.352616815138, 40.0658088398934], [-105.353598412334, 40.0672265651445], [-105.356518104992, 40.0714430971466], [-105.362568715673, 40.0775940066798], [-105.362628846203, 40.077655127309], [-105.362696967248, 40.0777243711694], [-105.362736320644, 40.0777643710178], [-105.356775599882, 40.0872094285154], [-105.3536442866, 40.08716315669], [-105.350938639118, 40.0871418561211], [-105.348019213259, 40.0899029777671], [-105.34713120255, 40.0907479344813], [-105.345117434804, 40.0926471142266], [-105.342618563331, 40.0950099947619], [-105.33781667737, 40.0995497691408], [-105.334926259908, 40.1018381465841], [-105.334858690429, 40.1018378105815], [-105.334672457993, 40.1019830831392], [-105.328911565669, 40.1019894864154], [-105.328592069957, 40.1018439706302], [-105.319568094076, 40.1018725521493], [-105.313775342102, 40.1019871776905], [-105.311946589576, 40.1020076085289], [-105.311946505134, 40.102007609216], [-105.311946420693, 40.1020076105902], [-105.309521482363, 40.1020293194659], [-105.306534348685, 40.1020559920884], [-105.305744269613, 40.102063034379], [-105.306067069329, 40.1092518483205], [-105.301193814914, 40.1141724641021], [-105.301353079027, 40.1092843903006], [-105.301224749299, 40.1019133733486], [-105.282205769919, 40.10182599964], [-105.28220421224, 40.1018259920816], [-105.282204202359, 40.1018247868694]]]}, "properties": {"OBJECTID_1": 16, "OBJECTID": 16, "SchName": "Foothill", "SchCode": 138, "SchType": "Elementary", "SchType2": "Neighborhood", "StdtPop": 597, "Shape_Leng": 99909.6502, "State_CD": 3022, "Key_ID": 16, "Yld": 0.16, "BVSD_Neigh": "Boulder", "Capacity": 644, "Enroll": 583, "Perc_Cap": 0.91, "SHAPE__Area": 71248563.17578125, "SHAPE__Length": 39832.967711242854}}, {"type": "Feature", "id": 17, "geometry": {"type": "Polygon", "coordinates": [[[-105.489174213951, 40.041115168688], [-105.489194108042, 40.0411141308961], [-105.489195103375, 40.0411150304533], [-105.489199276948, 40.0411188033669], [-105.489206201162, 40.0411250610661], [-105.489238527038, 40.0411542787849], [-105.489369947869, 40.0412730593705], [-105.489591461638, 40.0414732671818], [-105.49025230009, 40.0421199130838], [-105.490668752768, 40.0425274142332], [-105.491410560868, 40.0432532596293], [-105.492155511275, 40.043982161028], [-105.492403470548, 40.0442247729495], [-105.493807568778, 40.0455908919523], [-105.495123138037, 40.0469910304083], [-105.499087857934, 40.0512101783302], [-105.499187043619, 40.0513287495463], [-105.499187328385, 40.0513290912994], [-105.499187613151, 40.0513294316772], [-105.499187897917, 40.051329772055], [-105.499188182683, 40.0513301124327], [-105.499189321747, 40.0513314739437], [-105.499216564056, 40.0513640408675], [-105.499050713495, 40.0514373334077], [-105.492146617954, 40.0544880442477], [-105.491361213715, 40.0548350468881], [-105.478894468762, 40.0573269493332], [-105.467083429288, 40.0594339495857], [-105.46682873804, 40.0594832503469], [-105.462380278058, 40.0606211216656], [-105.459008621421, 40.061464726389], [-105.447358714556, 40.0644246921945], [-105.429887645598, 40.0679094889848], [-105.42726471319, 40.0682502904371], [-105.41106150217, 40.0705196649032], [-105.401795699814, 40.071537962268], [-105.391993856559, 40.0726559982617], [-105.383842996422, 40.0736272925054], [-105.383589787395, 40.0736574565987], [-105.383516727413, 40.0736595428775], [-105.383516861262, 40.0736570908984], [-105.38352605462, 40.0734883303195], [-105.383518224904, 40.066722936823], [-105.383510892855, 40.0658268870796], [-105.383517124468, 40.065772302078], [-105.386100902007, 40.0632713363295], [-105.392309950352, 40.0574530752417], [-105.39353396691, 40.056011195288], [-105.400287795863, 40.0480545557901], [-105.405718445929, 40.0471784128189], [-105.409345191768, 40.0465916801863], [-105.409628847395, 40.0465458009351], [-105.410315256392, 40.0464347735145], [-105.410939116594, 40.0463338596567], [-105.411171006803, 40.0462964077832], [-105.411329719351, 40.0462728367692], [-105.415198388682, 40.0459628018066], [-105.439676375247, 40.0441700778027], [-105.449253557036, 40.04350500832], [-105.453525710067, 40.0431912024133], [-105.45779203932, 40.042911388911], [-105.467025892194, 40.0422687014859], [-105.469077090042, 40.0421619268643], [-105.489174213951, 40.041115168688]]]}, "properties": {"OBJECTID_1": 17, "OBJECTID": 17, "SchName": "Gold Hill", "SchCode": 141, "SchType": "Elementary", "SchType2": "Neighborhood", "StdtPop": 14, "Shape_Leng": 74126.6125771, "State_CD": 3488, "Key_ID": 17, "Yld": 0.08, "BVSD_Neigh": " ", "Capacity": 37, "Enroll": 26, "Perc_Cap": 0.7, "SHAPE__Area": 34613594.30078125, "SHAPE__Length": 29499.866034764505}}, {"type": "Feature", "id": 18, "geometry": {"type": "Polygon", "coordinates": [[[-105.197853455395, 40.0737187814837], [-105.197859598973, 40.0728143699379], [-105.193856530896, 40.0728038222405], [-105.188537569268, 40.0727945077645], [-105.188085446287, 40.0727916474295], [-105.182979756385, 40.0727826532874], [-105.180759622263, 40.0727765339155], [-105.17849895346, 40.0727735354093], [-105.1759525117, 40.0727680539581], [-105.159642382297, 40.072740309862], [-105.150177660598, 40.07273127928], [-105.150131252732, 40.0726754823965], [-105.150130102888, 40.072674100002], [-105.150125135205, 40.0726681263527], [-105.150125135205, 40.0726680947315], [-105.150121289517, 40.0666294612623], [-105.15006508193, 40.0622435630258], [-105.150085896793, 40.0581905767895], [-105.15009503805, 40.0509468528664], [-105.150058766773, 40.0437400977221], [-105.150100506993, 40.0436195244493], [-105.155985302147, 40.0437013811026], [-105.159416941093, 40.0436878731248], [-105.166594384093, 40.0436924677081], [-105.168835404046, 40.0436750026507], [-105.16883554059, 40.0436750005875], [-105.168835955612, 40.043674997149], [-105.16885568531, 40.0436748431022], [-105.168870645853, 40.0436299487511], [-105.168893514265, 40.0418088750962], [-105.168908547571, 40.0400903135734], [-105.168974124587, 40.0400506939345], [-105.178367891056, 40.0400772649818], [-105.180106990819, 40.0400605410757], [-105.186436087323, 40.0400945205109], [-105.193856204807, 40.0400901801509], [-105.196606750986, 40.0401083441878], [-105.201283620205, 40.0400957570767], [-105.206471633516, 40.0401090738853], [-105.206726021133, 40.0401207903089], [-105.206726280746, 40.0401281567444], [-105.206727985749, 40.0401763250013], [-105.206740709486, 40.0404628345758], [-105.206772494576, 40.0411789099917], [-105.206813270904, 40.0420974994424], [-105.206849983253, 40.0429245311774], [-105.206884797461, 40.0437087966662], [-105.206904014222, 40.0441416611765], [-105.20689932322, 40.0452323357632], [-105.206868549633, 40.0472643437869], [-105.206852444636, 40.0510083089058], [-105.206876779099, 40.0541720590022], [-105.206878285574, 40.056645667921], [-105.206847071813, 40.0611352270338], [-105.206839859239, 40.0617982860559], [-105.206839954461, 40.0621586567886], [-105.206804683908, 40.0672308109681], [-105.206843919624, 40.0711545936275], [-105.206860752256, 40.0744394726027], [-105.206886789925, 40.0744863985428], [-105.205224594035, 40.0758506063004], [-105.204582124334, 40.076377876904], [-105.201443969483, 40.0791350271369], [-105.197504932421, 40.0825565997648], [-105.197405070304, 40.0826299996517], [-105.197446533843, 40.0771829930808], [-105.197411292934, 40.0770340547534], [-105.19746259572, 40.0762475318328], [-105.197188061586, 40.0761124587005], [-105.197345693461, 40.0756770422036], [-105.197375915482, 40.0755951998961], [-105.197453315225, 40.0754561338057], [-105.197745968378, 40.0750327253002], [-105.19780533534, 40.0749507736102], [-105.198012831798, 40.0748120478391], [-105.19760625969, 40.074634030202], [-105.197378667021, 40.0744958035241], [-105.197847766364, 40.0740399030921], [-105.197853455395, 40.0737187814837]]]}, "properties": {"OBJECTID_1": 18, "OBJECTID": 18, "SchName": "Heatherwood", "SchCode": 144, "SchType": "Elementary", "SchType2": "Neighborhood", "StdtPop": 393, "Shape_Leng": 61431.8732552, "State_CD": 3882, "Key_ID": 18, "Yld": 0.15, "BVSD_Neigh": "Boulder", "Capacity": 552, "Enroll": 364, "Perc_Cap": 0.66, "SHAPE__Area": 29803903.34765625, "SHAPE__Length": 24478.383674565284}}, {"type": "Feature", "id": 19, "geometry": {"type": "Polygon", "coordinates": [[[-105.356554354709, 40.1306571579198], [-105.356701399937, 40.1235502056329], [-105.347583440515, 40.123633280968], [-105.338347744298, 40.123862807462], [-105.32855675359, 40.1238058813259], [-105.328654981671, 40.1162629212073], [-105.328560412428, 40.1066209798836], [-105.328589805304, 40.1054348068525], [-105.32859847764, 40.1019898258529], [-105.328911565669, 40.1019894864154], [-105.334672457993, 40.1019830831392], [-105.334858690429, 40.1018378105815], [-105.334926259908, 40.1018381465841], [-105.33781667737, 40.0995497691408], [-105.342618563331, 40.0950099947619], [-105.345117434804, 40.0926471142266], [-105.34713120255, 40.0907479344813], [-105.348019213259, 40.0899029777671], [-105.350938639118, 40.0871418561211], [-105.3536442866, 40.08716315669], [-105.356775599882, 40.0872094285154], [-105.362736320644, 40.0777643710178], [-105.362764574456, 40.0777195967285], [-105.363032071188, 40.0776671898973], [-105.371626446649, 40.0759830335273], [-105.371970404385, 40.0759156135875], [-105.373555479009, 40.0756055739398], [-105.376461266645, 40.0750371411105], [-105.377235250602, 40.0748857193466], [-105.378856705198, 40.0745684807097], [-105.381001812926, 40.0741487484084], [-105.382692402765, 40.0738225116463], [-105.383516727413, 40.0736595428775], [-105.383589787395, 40.0736574565987], [-105.383842996422, 40.0736272925054], [-105.391993856559, 40.0726559982617], [-105.401795699814, 40.071537962268], [-105.41106150217, 40.0705196649032], [-105.42726471319, 40.0682502904371], [-105.429887645598, 40.0679094889848], [-105.447358714556, 40.0644246921945], [-105.459008621421, 40.061464726389], [-105.462380278058, 40.0606211216656], [-105.46682873804, 40.0594832503469], [-105.467083429288, 40.0594339495857], [-105.478894468762, 40.0573269493332], [-105.491361213715, 40.0548350468881], [-105.492146617954, 40.0544880442477], [-105.499050713495, 40.0514373334077], [-105.499216564056, 40.0513640408675], [-105.503992624351, 40.0570730177605], [-105.504101322297, 40.0571782501785], [-105.50674733961, 40.0597397945548], [-105.512609308573, 40.0654137159332], [-105.512976913561, 40.0657694875098], [-105.512294748205, 40.0657436029636], [-105.504731554249, 40.0654563526589], [-105.494644845336, 40.0653660433152], [-105.493839740144, 40.0655935533883], [-105.493729359653, 40.0656266098624], [-105.492059929631, 40.0661265545079], [-105.492059893698, 40.0661265655076], [-105.492059856867, 40.0661265758198], [-105.489446166327, 40.0668897548618], [-105.489363216792, 40.0669142248372], [-105.489343153819, 40.0669201433058], [-105.489323092642, 40.0669260610864], [-105.489232298119, 40.0669528450869], [-105.485587520398, 40.0680279630862], [-105.476075946167, 40.0711353737189], [-105.467328795124, 40.0729714269113], [-105.467139297312, 40.0730111944563], [-105.46694593315, 40.0731046853189], [-105.457645807066, 40.0776005655336], [-105.448928300427, 40.0818119650132], [-105.448738161218, 40.0819038072769], [-105.448577978128, 40.0819811799045], [-105.4481389975, 40.0821843940655], [-105.448126821734, 40.0821900300932], [-105.44812413128, 40.0821912755177], [-105.448117337322, 40.0821944200085], [-105.448048982715, 40.0822260635437], [-105.447891972475, 40.0822917060134], [-105.445893014355, 40.0831273974069], [-105.444362849253, 40.0837670540847], [-105.444346323845, 40.0837739621819], [-105.444329793945, 40.0837808620306], [-105.443683660016, 40.0840505782821], [-105.439224616982, 40.085911745726], [-105.435689475047, 40.0871407990992], [-105.433312538196, 40.0916951047325], [-105.432119950994, 40.0941167533294], [-105.428653611027, 40.1010083289943], [-105.428310471657, 40.101606029498], [-105.428222051382, 40.1017600434404], [-105.427501623185, 40.1030148830302], [-105.425448154396, 40.1063140901583], [-105.422565984367, 40.1110498289902], [-105.421576123569, 40.1126761170701], [-105.420511740331, 40.1146050128013], [-105.419790448854, 40.1158532203486], [-105.419363635008, 40.1165918034553], [-105.418992560727, 40.11723391958], [-105.416364209681, 40.1217816987496], [-105.414551707679, 40.1249092386488], [-105.414472175335, 40.1250473629496], [-105.414472155572, 40.1250473979808], [-105.414472134911, 40.1250474330121], [-105.413336703918, 40.1270192958274], [-105.410832211685, 40.1319747003867], [-105.408292797446, 40.1378627280643], [-105.407536107855, 40.1397888057774], [-105.406768103982, 40.1415692271133], [-105.406690621594, 40.1417488468895], [-105.406257579728, 40.1427526918597], [-105.406168312342, 40.1429716375687], [-105.40613358527, 40.1430960542381], [-105.406132499207, 40.1430999437361], [-105.40613206532, 40.1431014984364], [-105.39231565106, 40.1434475193341], [-105.374912116547, 40.1450651651282], [-105.356748405183, 40.14514538846], [-105.356623481866, 40.1354629202071], [-105.356588019074, 40.1334858587486], [-105.356554354709, 40.1306571579198]]]}, "properties": {"OBJECTID_1": 19, "OBJECTID": 19, "SchName": "Jamestown", "SchCode": 147, "SchType": "Elementary", "SchType2": "Neighborhood", "StdtPop": 22, "Shape_Leng": 143397.808227, "State_CD": 4386, "Key_ID": 19, "Yld": 0.06, "BVSD_Neigh": " ", "Capacity": 19, "Enroll": 21, "Perc_Cap": 1.11, "SHAPE__Area": 107100501.07421875, "SHAPE__Length": 57140.39470202757}}, {"type": "Feature", "id": 20, "geometry": {"type": "Polygon", "coordinates": [[[-105.08871354186, 39.9220946246382], [-105.090743885319, 39.9221018577551], [-105.090752084242, 39.923019749175], [-105.090746590146, 39.9239363765307], [-105.090736101417, 39.9256860711327], [-105.090736109502, 39.925687295304], [-105.090755386449, 39.9286555357765], [-105.090707600568, 39.9286553656261], [-105.090708854616, 39.9288920292311], [-105.090722156869, 39.9314022870233], [-105.090680747229, 39.9326334112255], [-105.090670386959, 39.934361242503], [-105.09067030611, 39.9422323135658], [-105.090664023293, 39.9432799711727], [-105.090663972089, 39.9432885388579], [-105.090577361919, 39.9432882309998], [-105.071910536504, 39.9432203788979], [-105.071909548357, 39.9432203754543], [-105.071856368092, 39.9430763836482], [-105.071835476872, 39.9389179930294], [-105.071835423871, 39.9389073109781], [-105.071833321814, 39.9384890201232], [-105.071816265501, 39.9326882494795], [-105.071840004381, 39.9289034774863], [-105.071840520014, 39.9288211993522], [-105.071848784515, 39.9275034124188], [-105.071863739667, 39.9251187035866], [-105.072037728067, 39.925105256878], [-105.072519545757, 39.9251070459607], [-105.073578212116, 39.9249902994325], [-105.074165329427, 39.9248983898274], [-105.074323168812, 39.9248809811778], [-105.074715353502, 39.9248070312242], [-105.075970931469, 39.9245767837735], [-105.076008899663, 39.9245631075517], [-105.076035042435, 39.9245581777181], [-105.076521687672, 39.9243783969982], [-105.076717066755, 39.9243080185088], [-105.077934304626, 39.923890135825], [-105.078869863163, 39.923653827633], [-105.079193614195, 39.9235824067533], [-105.079584508006, 39.9234759769591], [-105.081269708852, 39.9230877797581], [-105.081991082974, 39.9228528383824], [-105.082234842623, 39.9227974969107], [-105.083427599606, 39.9226129207576], [-105.0850746499, 39.9223775237469], [-105.085511226636, 39.9223211856958], [-105.086147902204, 39.9222499935294], [-105.087698123093, 39.9221321343244], [-105.08871354186, 39.9220946246382]]]}, "properties": {"OBJECTID_1": 20, "OBJECTID": 20, "SchName": "Kohl", "SchCode": 150, "SchType": "Elementary", "SchType2": "Neighborhood", "StdtPop": 352, "Shape_Leng": 25041.433383, "State_CD": 4792, "Key_ID": 20, "Yld": 0, "BVSD_Neigh": " ", "Capacity": 521, "Enroll": 449, "Perc_Cap": 0.86, "SHAPE__Area": 6078277.37890625, "SHAPE__Length": 9963.526059154306}}, {"type": "Feature", "id": 21, "geometry": {"type": "Polygon", "coordinates": [[[-105.102821569024, 40.0147418776801], [-105.102922495644, 40.0147376554188], [-105.102923027447, 40.0150001279389], [-105.102917650131, 40.016592713819], [-105.102928904225, 40.0195088806996], [-105.102892966224, 40.0200391320046], [-105.102819030385, 40.0212000526885], [-105.102784889014, 40.0217361224369], [-105.102709136781, 40.0229709310633], [-105.102663146632, 40.0284378994284], [-105.10267203097, 40.0290311241297], [-105.102734351593, 40.0300721502599], [-105.102803798551, 40.0309756881304], [-105.102879908313, 40.0319659167656], [-105.102967046692, 40.0329305813626], [-105.103049413221, 40.033897791648], [-105.103109155679, 40.0349139573487], [-105.103081257599, 40.0358924983189], [-105.103033986452, 40.0365989804248], [-105.102954190902, 40.0375213806166], [-105.102906167865, 40.0381910195133], [-105.102866390465, 40.038745673791], [-105.102764344543, 40.0400457882447], [-105.107512244451, 40.0401092100588], [-105.109501927465, 40.0401226217736], [-105.111495128282, 40.0401360293592], [-105.112259514639, 40.0401411619983], [-105.112259568538, 40.0401527835076], [-105.112259569436, 40.0401531390716], [-105.112288678444, 40.0465428232802], [-105.112288679343, 40.0465431788108], [-105.112226318296, 40.0575028470461], [-105.112226320092, 40.0575032032071], [-105.112263793314, 40.0611497277891], [-105.112263795111, 40.0611500832435], [-105.112259785032, 40.0618547614995], [-105.112259784133, 40.0618551169503], [-105.112235583519, 40.0694107678537], [-105.112235579926, 40.0694111239525], [-105.112220451399, 40.0701375244896], [-105.112220451399, 40.0701378798971], [-105.112231579728, 40.0706599172782], [-105.112231586915, 40.0706602733704], [-105.112237854461, 40.0709542825789], [-105.11223785985, 40.0709546379822], [-105.112241257279, 40.0713515288066], [-105.112241259974, 40.0713518848953], [-105.112255796512, 40.0730501205849], [-105.112255788427, 40.0730504766647], [-105.11192264461, 40.0795308062755], [-105.111922626644, 40.079531161634], [-105.111905406838, 40.0798660845073], [-105.111905405042, 40.0798664405515], [-105.102855333102, 40.07997360425], [-105.102296872049, 40.0801385326397], [-105.093290436673, 40.0800626590728], [-105.083948803032, 40.0803408243927], [-105.082131394432, 40.0803565060321], [-105.079814449769, 40.0803647802176], [-105.079814451566, 40.0803644248633], [-105.079806868887, 40.0792468487839], [-105.074398506921, 40.0792381593031], [-105.074398509616, 40.0792378032556], [-105.074428171987, 40.0770792412293], [-105.074428176479, 40.077078885858], [-105.074477935959, 40.0733382304379], [-105.07447794045, 40.0733378743597], [-105.074460452947, 40.0697997455531], [-105.074460452048, 40.0697993894563], [-105.074470305669, 40.0661092780692], [-105.083989759023, 40.0659567653557], [-105.090821785423, 40.0658236909591], [-105.090821788118, 40.065823335529], [-105.090835729073, 40.063501969189], [-105.09083573087, 40.0635016137468], [-105.090997371926, 40.0585548341228], [-105.090997382705, 40.0585544786548], [-105.091031993895, 40.0549861164826], [-105.09103199659, 40.054985760996], [-105.09114453663, 40.0516204499233], [-105.093428480782, 40.0513649120966], [-105.093428404425, 40.0513645648427], [-105.093197304734, 40.050309667378], [-105.093197383786, 40.0503096591263], [-105.093949766853, 40.0502312066763], [-105.09394943268, 40.050230885547], [-105.093333224328, 40.0496409878098], [-105.0933334525, 40.0496408489047], [-105.093730448567, 40.0493990566842], [-105.0937302177, 40.0493988435122], [-105.093389321422, 40.0490835539583], [-105.093376855501, 40.0489618451892], [-105.093231920415, 40.0489309178651], [-105.093193432995, 40.0487482844239], [-105.093193434792, 40.0487479289048], [-105.093211407385, 40.0457371358975], [-105.093211409182, 40.0457367803627], [-105.093235609796, 40.043891966954], [-105.074527383724, 40.0442908749808], [-105.07452738552, 40.0442905194384], [-105.074515030092, 40.0399311567612], [-105.074515029194, 40.0399308011961], [-105.074533444657, 40.0369808398745], [-105.074533446454, 40.036980484294], [-105.074541646275, 40.0335539612196], [-105.074541647174, 40.0335536056213], [-105.074526192558, 40.0296910266459], [-105.05549580098, 40.0295077356677], [-105.055495803675, 40.0295073800482], [-105.055327131506, 40.0149257958809], [-105.055327127913, 40.0149254401854], [-105.055325425605, 40.0147782440188], [-105.055471880641, 40.0147689952279], [-105.055525855915, 40.0147689615158], [-105.055525593607, 40.0148093306251], [-105.055525590912, 40.0148096870092], [-105.058287189961, 40.0148290363229], [-105.074489844925, 40.0149412276965], [-105.093222186271, 40.0147087738237], [-105.102796577892, 40.0147421473764], [-105.102821567227, 40.0147422333765], [-105.102821569024, 40.0147418776801]]]}, "properties": {"OBJECTID_1": 21, "OBJECTID": 21, "SchName": "Meadowlark", "SchCode": 153, "SchType": "Elementary", "SchType2": "Neighborhood", "StdtPop": 0, "Shape_Leng": 90148.1018175, "State_CD": 2639, "Key_ID": 21, "Yld": 0, "BVSD_Neigh": "Erie", "Capacity": 0, "Enroll": 0, "Perc_Cap": 0, "SHAPE__Area": 34412831.93359375, "SHAPE__Length": 35919.011186557924}}, {"type": "Feature", "id": 22, "geometry": {"type": "Polygon", "coordinates": [[[-105.139680919266, 40.0001728993684], [-105.138347083665, 40.000148204496], [-105.138152016297, 40.0001475927324], [-105.137748961992, 40.0001463272283], [-105.137270275828, 40.0001464999535], [-105.133864219106, 40.0001476753101], [-105.133866977832, 40.0001455730181], [-105.13386717636, 40.000144535291], [-105.133867243733, 40.0001441795185], [-105.133869176908, 40.0001340720003], [-105.133875695083, 40.0000999852648], [-105.133876154122, 40.0000975863793], [-105.13388724113, 40.0000396153531], [-105.133889162626, 40.0000394109729], [-105.133889242576, 40.0000394020269], [-105.133891244921, 40.0000391887007], [-105.134014795612, 40.0000260140861], [-105.134255090459, 39.9998427273733], [-105.13425782493, 39.9998386259931], [-105.134258049509, 39.9998382894873], [-105.134297925725, 39.9997784698656], [-105.134301370764, 39.9997784808761], [-105.1343014579, 39.9997784808761], [-105.134324918302, 39.99974597396], [-105.134326388845, 39.9997439425353], [-105.134336286482, 39.9997302785876], [-105.134351400637, 39.999709413123], [-105.134354856456, 39.9997046407863], [-105.134360965898, 39.9996962061017], [-105.134361408768, 39.9996955950222], [-105.134362800258, 39.999683045184], [-105.134364167494, 39.9996705875559], [-105.134364232173, 39.9996699902393], [-105.134364611262, 39.9996665364005], [-105.134364674144, 39.9996659583521], [-105.13436494813, 39.9996634727442], [-105.13436732058, 39.9996419727821], [-105.134368417423, 39.9996320014439], [-105.134369569064, 39.999621499538], [-105.134370038883, 39.9996172625784], [-105.134370414378, 39.9996138245644], [-105.134370532956, 39.999612736594], [-105.134370709026, 39.9996111221863], [-105.134370718907, 39.9996110361671], [-105.134370757535, 39.9996106831444], [-105.134370830298, 39.9995970398146], [-105.134370832095, 39.9995966840393], [-105.134371596561, 39.9994540537559], [-105.134371589375, 39.9994536979799], [-105.134371391745, 39.9994442172686], [-105.134371384559, 39.9994438614925], [-105.134371332457, 39.9994413545436], [-105.13437132527, 39.9994409987675], [-105.134371301914, 39.9994398832681], [-105.134371293829, 39.9994395274919], [-105.134371248913, 39.9994373591152], [-105.134371240828, 39.999437003339], [-105.134371227354, 39.999436311055], [-105.134371219269, 39.9994359552788], [-105.134371120454, 39.9994312324701], [-105.134371113268, 39.9994308766938], [-105.134371067454, 39.9994286752854], [-105.134371060267, 39.9994283195092], [-105.134371038707, 39.9994272831475], [-105.134371031521, 39.9994269273712], [-105.134370868028, 39.9994190617568], [-105.134370859943, 39.9994187059805], [-105.134370821315, 39.9994168149297], [-105.13437081323, 39.9994164591534], [-105.134370804247, 39.999415996713], [-105.134370797061, 39.9994156409368], [-105.134370740467, 39.9994129901624], [-105.13437073328, 39.9994126343861], [-105.134370698246, 39.9994109415239], [-105.134370690161, 39.9994105857476], [-105.134370625482, 39.9994070211027], [-105.134370619194, 39.9994066694553], [-105.134371855276, 39.9994059523973], [-105.134411162858, 39.9993835006349], [-105.134424630401, 39.9993756866271], [-105.134460067142, 39.9993551252192], [-105.136081532518, 39.9982342951236], [-105.136138667167, 39.9981947998188], [-105.136171592219, 39.998203420494], [-105.136187911014, 39.9982076933262], [-105.136204228911, 39.9982119654698], [-105.136261345593, 39.9982269186587], [-105.137225125604, 39.998601339826], [-105.13729448812, 39.9986282862399], [-105.137294494409, 39.9986279304595], [-105.137295728694, 39.9985602922356], [-105.13729573588, 39.9985599364549], [-105.137317011579, 39.9973945146769], [-105.137317018766, 39.9973941588901], [-105.137334566457, 39.9964328856074], [-105.137334566457, 39.9964325298156], [-105.137334227792, 39.9954917181733], [-105.137334227792, 39.9954913623766], [-105.137333860381, 39.9944701293017], [-105.137333860381, 39.9944697734996], [-105.137333837923, 39.9944066141299], [-105.137190403023, 39.9942210288611], [-105.137150466621, 39.9941693547688], [-105.137133600751, 39.9941693403164], [-105.13711673578, 39.9941693258641], [-105.131264436283, 39.9941673913108], [-105.131195740316, 39.9941673672235], [-105.131189028105, 39.9941673644707], [-105.130949000057, 39.994167292897], [-105.130932291393, 39.9941672880796], [-105.130582670678, 39.9941671827838], [-105.130490739787, 39.9941671552554], [-105.130064863782, 39.9941670251841], [-105.128287856013, 39.994166823539], [-105.128284256463, 39.9941668207862], [-105.128264489934, 39.9941668145923], [-105.128185393273, 39.9941667891287], [-105.128068704812, 39.9941667512772], [-105.128068706609, 39.9941664931991], [-105.128024820314, 39.9941663817094], [-105.128017539469, 39.994166380333], [-105.127964218168, 39.9941663631277], [-105.127958918108, 39.9941663610631], [-105.127954056426, 39.9941663589985], [-105.127951044375, 39.9941663583103], [-105.127950491911, 39.9941663583103], [-105.127944845999, 39.9941663562456], [-105.127944843304, 39.9941667120493], [-105.127944784016, 39.9941722383611], [-105.127944779524, 39.9941725941647], [-105.127926092769, 39.9958475903803], [-105.127926088278, 39.9958479461753], [-105.127924814467, 39.9974762017705], [-105.127924813569, 39.9974765575569], [-105.127924787517, 39.9975098067173], [-105.127924787517, 39.9975101625035], [-105.127898667204, 39.9975100936861], [-105.124767337753, 39.9975017881072], [-105.124767337753, 39.9975014323209], [-105.124769115519, 39.9941754564223], [-105.124676435433, 39.9941743071148], [-105.122740429451, 39.9941502810762], [-105.122659204682, 39.9941492721627], [-105.122443079007, 39.9941465874617], [-105.122406106147, 39.9941461291149], [-105.122394594237, 39.9941459859675], [-105.122385436811, 39.9941458724132], [-105.122385430522, 39.9941455166094], [-105.122385390098, 39.9941431333436], [-105.12238538381, 39.9941427775398], [-105.122384147728, 39.9940703504434], [-105.12238414144, 39.9940699946393], [-105.122383671621, 39.9940424160268], [-105.122383665333, 39.9940420602225], [-105.122383633892, 39.9940402233914], [-105.122383627604, 39.994039867587], [-105.122381869601, 39.9939369299508], [-105.122381864211, 39.993936574146], [-105.122381423138, 39.9939106981132], [-105.12238141685, 39.9939103423082], [-105.122381318035, 39.9939045916185], [-105.122381311747, 39.9939042358135], [-105.122361619778, 39.9927506091743], [-105.122361615286, 39.9927502533633], [-105.122358312181, 39.9924360308987], [-105.122358307689, 39.9924356750861], [-105.122358256485, 39.9924307584018], [-105.122266249237, 39.9924300144298], [-105.122254952024, 39.992429923584], [-105.12126167134, 39.9924218885483], [-105.118526408199, 39.9924128700368], [-105.118526404606, 39.9924125142241], [-105.118526278842, 39.9923997194153], [-105.118526275248, 39.9923993636025], [-105.118526148586, 39.9923865674148], [-105.118526144993, 39.9923862116019], [-105.118542794368, 39.9915566449069], [-105.118553023484, 39.9905695215899], [-105.118559238029, 39.9888838951253], [-105.118570189391, 39.9868923877946], [-105.117371886209, 39.9868990131922], [-105.117380748988, 39.9851846594904], [-105.117384156298, 39.9851846705031], [-105.117384959392, 39.9851846732563], [-105.117392710056, 39.9849043100295], [-105.117392719937, 39.9849039541776], [-105.1174035644, 39.9845116266767], [-105.117403566196, 39.9845112708227], [-105.117396534184, 39.9841394024388], [-105.117396530591, 39.984139046583], [-105.117402189079, 39.9832871002612], [-105.117402190875, 39.9832867444009], [-105.11740230047, 39.983270322512], [-105.117402303165, 39.9832699666515], [-105.117402303165, 39.9832698888716], [-105.117402304962, 39.9832695330112], [-105.117402402878, 39.9832547617051], [-105.117402405573, 39.9832544065329], [-105.117402425336, 39.983251447453], [-105.117402427132, 39.9832510915926], [-105.117304552089, 39.9832515624022], [-105.117303990642, 39.9832515651554], [-105.114153554923, 39.983266647582], [-105.114052705558, 39.9832668719737], [-105.113993617073, 39.9800578124906], [-105.113993610785, 39.9800574566134], [-105.1139510522, 39.9777459011778], [-105.113951045912, 39.9777455452887], [-105.113941600127, 39.9772324592366], [-105.113941599228, 39.9772321033448], [-105.113950037104, 39.9766985574157], [-105.113950042494, 39.9766982015211], [-105.113963801989, 39.9758281320352], [-105.113963813667, 39.9758277761361], [-105.114078523139, 39.9734518566182], [-105.114078541105, 39.9734515013951], [-105.114086063597, 39.9732956759839], [-105.114086073479, 39.9732953200715], [-105.114086086055, 39.9732952250698], [-105.114086928675, 39.973289372824], [-105.11408701671, 39.9732887566894], [-105.114112235115, 39.9731127925504], [-105.114122821761, 39.9730401084054], [-105.114174721926, 39.9726838124052], [-105.114173994291, 39.9726900571049], [-105.114179548574, 39.9726519245681], [-105.114185590643, 39.9726104476398], [-105.114187572326, 39.9725968457297], [-105.114191402743, 39.972570549935], [-105.114192607383, 39.9725622805639], [-105.114194113858, 39.9725519376529], [-105.114194636678, 39.9725483530187], [-105.114195162192, 39.9725447449779], [-105.114195225972, 39.9725443078274], [-105.114195278075, 39.9725439525995], [-105.114196290476, 39.9725439677449], [-105.114196548293, 39.972543971187], [-105.114213798641, 39.9725441983676], [-105.114231109176, 39.9725444269251], [-105.114234864134, 39.9725444764918], [-105.114245791241, 39.9725446196844], [-105.114258824, 39.9725447917909], [-105.11426658724, 39.9725448943664], [-105.114272770344, 39.9725449749122], [-105.114290372832, 39.9725452069118], [-105.11430502166, 39.9725454003595], [-105.114337098702, 39.9725458223647], [-105.114370053398, 39.9725462560731], [-105.114409823612, 39.9725467792768], [-105.114430509118, 39.9725470512052], [-105.114451162285, 39.9725470023269], [-105.124446460432, 39.9725230409665], [-105.128785342119, 39.972537097941], [-105.128906360459, 39.9725374875902], [-105.128907032399, 39.9725378455718], [-105.12890703689, 39.9725374896554], [-105.128908210988, 39.9724772365096], [-105.128908218175, 39.972476880593], [-105.128908981743, 39.9724375514511], [-105.128908988031, 39.9724372072375], [-105.128828512456, 39.9721441941241], [-105.128765929525, 39.9718307208987], [-105.128472812841, 39.9703625145431], [-105.127291801331, 39.9688143171559], [-105.126726356775, 39.967490564359], [-105.126484407231, 39.9669241237976], [-105.125897553128, 39.9654922356234], [-105.125883479222, 39.9654140746367], [-105.125835269336, 39.9651463386371], [-105.125835201064, 39.9651463283097], [-105.12583254744, 39.9651315950846], [-105.125829895614, 39.9651168611679], [-105.125829962089, 39.9651168625449], [-105.125830117497, 39.9651165079669], [-105.126057586199, 39.9651191490562], [-105.127192708172, 39.9651323214529], [-105.12798081095, 39.9651557821102], [-105.131703501353, 39.9651677399852], [-105.132709818388, 39.9651748618324], [-105.142323901173, 39.9652420938508], [-105.142328885924, 39.9652424835416], [-105.142330060022, 39.9652421220793], [-105.146862869115, 39.9652191929735], [-105.146874186091, 39.965219135828], [-105.146874182497, 39.9652194910939], [-105.146873326403, 39.965291751866], [-105.146872728125, 39.96529176839], [-105.146865812894, 39.965291801438], [-105.146858298486, 39.9652918468789], [-105.14685829669, 39.9652922028329], [-105.146857923889, 39.965364333402], [-105.146857922092, 39.9653646893557], [-105.146857835854, 39.9653813296706], [-105.146857834057, 39.9653816856241], [-105.146846691355, 39.9675345545795], [-105.146846687761, 39.9675349105219], [-105.146838313666, 39.9682401037287], [-105.146838309175, 39.9682404589789], [-105.146831559234, 39.9688089003239], [-105.146831556539, 39.9688092555712], [-105.14682983357, 39.9692396741291], [-105.146829831773, 39.9692400300626], [-105.14682710898, 39.9699206430764], [-105.146827106285, 39.9699209990063], [-105.146824257727, 39.9706329150509], [-105.146824255032, 39.9706332702886], [-105.146820330293, 39.9716142138099], [-105.146820328496, 39.971614569731], [-105.146818123132, 39.9721656745161], [-105.146818121335, 39.9721660304344], [-105.146818079115, 39.9721766914583], [-105.146818077318, 39.9721770473765], [-105.146818051267, 39.9721835771324], [-105.14681804947, 39.9721839323621], [-105.146817976707, 39.9722023967321], [-105.14681797491, 39.9722027526501], [-105.146817903943, 39.9722205519923], [-105.146817901248, 39.9722209079102], [-105.146817860824, 39.9722309885798], [-105.146817859027, 39.9722313444977], [-105.146817763806, 39.972255416109], [-105.146817762009, 39.9722557720268], [-105.146817607499, 39.9722947274566], [-105.146817605702, 39.9722950833742], [-105.146817586838, 39.9722996731272], [-105.146817584143, 39.9723000290448], [-105.146817547312, 39.9723092202532], [-105.146817545515, 39.9723095754823], [-105.146817463769, 39.97232895887], [-105.146817461972, 39.9723293140989], [-105.146817453887, 39.9723318523337], [-105.14681745209, 39.9723322082511], [-105.146817406276, 39.9723448154353], [-105.14681740448, 39.9723451713527], [-105.146817345191, 39.9723600117946], [-105.146817343394, 39.9723603677118], [-105.146817229308, 39.9723890661998], [-105.146817227512, 39.9723894221169], [-105.146817135883, 39.9724123109543], [-105.146817134087, 39.9724126668712], [-105.146817040662, 39.9724360004247], [-105.146817038865, 39.9724363563416], [-105.146816953525, 39.972457904796], [-105.146816951729, 39.9724582600243], [-105.146816894237, 39.9724727679316], [-105.14681689244, 39.9724731238483], [-105.146816887948, 39.9724743788503], [-105.146816886152, 39.9724747347669], [-105.14681905199, 39.972474752666], [-105.147437884321, 39.9724798580386], [-105.147435520854, 39.9729372768096], [-105.147435519057, 39.9729376327238], [-105.147203416846, 39.9732777330422], [-105.147093222306, 39.9734348871393], [-105.14678148714, 39.9738423062983], [-105.14678144941, 39.9738423551756], [-105.146810622199, 39.9740924813118], [-105.146810238619, 39.9741665611209], [-105.146810242212, 39.9741669170287], [-105.146817517667, 39.9744905920499], [-105.146817520362, 39.9744909479561], [-105.146782396235, 39.9745972398934], [-105.146680070039, 39.9748412936187], [-105.146533659021, 39.9752661497944], [-105.146533555715, 39.9752664506246], [-105.146589004226, 39.9752965666813], [-105.146705356716, 39.9753867984326], [-105.146758618728, 39.9754834741442], [-105.146756193276, 39.9759518891468], [-105.14675619148, 39.9759522450454], [-105.146800457762, 39.9760557880313], [-105.146853180784, 39.9762558588523], [-105.146840518132, 39.976972429835], [-105.146840511844, 39.9769727850398], [-105.146827881531, 39.9776824516834], [-105.146827877938, 39.9776828075729], [-105.146756089072, 39.9777032681189], [-105.146758546862, 39.978265186263], [-105.146758547761, 39.9782655421495], [-105.146749962561, 39.9799234821611], [-105.146749960765, 39.979923838039], [-105.146749946392, 39.979926699517], [-105.146749943697, 39.9799270553948], [-105.146749929324, 39.979929915496], [-105.14674993112, 39.9799302713738], [-105.14675026709, 39.979973917673], [-105.146750268887, 39.9799742735507], [-105.146764303267, 39.9817989236879], [-105.146764304165, 39.981799279556], [-105.146761252588, 39.9870153312808], [-105.14676125169, 39.9870156871217], [-105.146472126221, 39.9870170251385], [-105.144367766972, 39.9870429237431], [-105.138008258902, 39.9870231294959], [-105.133932586289, 39.9870102593433], [-105.133355765468, 39.9870107019075], [-105.133204920366, 39.9870079460331], [-105.13304155185, 39.9870074263814], [-105.132134204006, 39.9870045342273], [-105.132134947811, 39.9870068668095], [-105.132135693412, 39.9870091987033], [-105.132149256176, 39.9870516793523], [-105.132525679925, 39.9882306341558], [-105.133107108204, 39.9889433092689], [-105.133606762843, 39.9895466284929], [-105.134463202262, 39.9906054451884], [-105.136620949287, 39.9932499533672], [-105.13706980779, 39.9938144290547], [-105.13759818606, 39.9944629588918], [-105.13897617835, 39.9962117176084], [-105.142073220903, 40.0001058668691], [-105.142116249307, 40.0001599656314], [-105.142119845263, 40.0001644867624], [-105.142120066248, 40.0001647640859], [-105.142092043303, 40.0001746279954], [-105.14209096263, 40.0001750078529], [-105.142087957765, 40.000176066224], [-105.142077336984, 40.000179804242], [-105.142065759496, 40.0001838787639], [-105.142061275106, 40.0001838994083], [-105.142060428893, 40.000183902849], [-105.141962364305, 40.0001843439516], [-105.141961033002, 40.0001843494568], [-105.140670360551, 40.0001901298962], [-105.140623484663, 40.0001903397812], [-105.139680919266, 40.0001728993684]]]}, "properties": {"OBJECTID_1": 22, "OBJECTID": 22, "SchName": "Louisville", "SchCode": 157, "SchType": "Elementary", "SchType2": "Neighborhood", "StdtPop": 376, "Shape_Leng": 52880.3946499, "State_CD": 5302, "Key_ID": 22, "Yld": 0.15, "BVSD_Neigh": " ", "Capacity": 572, "Enroll": 522, "Perc_Cap": 0.91, "SHAPE__Area": 11992043.19140625, "SHAPE__Length": 21049.47359125366}}, {"type": "Feature", "id": 23, "geometry": {"type": "Polygon", "coordinates": [[[-105.114196290476, 39.9725439677449], [-105.114142163387, 39.9724836953289], [-105.110716963565, 39.9724721772615], [-105.109372765897, 39.9724524187217], [-105.109372190077, 39.9723200361512], [-105.109340673583, 39.9650735826789], [-105.109388158529, 39.9621130160408], [-105.109456258912, 39.9578668395642], [-105.109463254992, 39.9566443366668], [-105.109463787693, 39.9565512776253], [-105.111846105453, 39.9558729326395], [-105.114377993607, 39.9550234420732], [-105.117357037956, 39.9539465832456], [-105.119966930419, 39.9524108343169], [-105.121089882915, 39.9517358886871], [-105.121547396685, 39.9514805469533], [-105.122168559247, 39.9510875324496], [-105.122427750155, 39.9509317380108], [-105.124888462094, 39.9494525897493], [-105.125119683957, 39.9492467369943], [-105.125222495243, 39.9491832328114], [-105.125994881995, 39.9484675536597], [-105.126232760374, 39.9482557684866], [-105.126247226843, 39.9482337317116], [-105.126464287664, 39.9480326023394], [-105.127354169564, 39.9466770568726], [-105.127399242533, 39.9464788870391], [-105.127506753805, 39.9463151118931], [-105.127565474878, 39.9457480069377], [-105.127670622682, 39.9452856914113], [-105.127691313578, 39.9445326710634], [-105.12782054252, 39.943284551854], [-105.127914008632, 39.9385848285047], [-105.128069855554, 39.9352942478561], [-105.128072128292, 39.9352462514901], [-105.128179820125, 39.9352940866767], [-105.133720889309, 39.9377551101512], [-105.137505523042, 39.9395081508762], [-105.137575337411, 39.9395404860225], [-105.137574568453, 39.9394298527442], [-105.137533227085, 39.9334772050172], [-105.137557237256, 39.9289549143584], [-105.137557522022, 39.9289013185821], [-105.137617140512, 39.9289015059535], [-105.142461020916, 39.9289166444586], [-105.14327898639, 39.9289191801716], [-105.14698646023, 39.928978986049], [-105.146993720414, 39.928970071451], [-105.147290106965, 39.9289545795701], [-105.147289630858, 39.929046781319], [-105.147287901601, 39.9293814691934], [-105.14738268105, 39.9296157785261], [-105.147284783549, 39.9299849814387], [-105.147284315527, 39.9300755058189], [-105.147244808519, 39.9301357350196], [-105.147197840104, 39.9303128650759], [-105.14682976979, 39.9308553966424], [-105.146609426525, 39.9312746268933], [-105.146277482858, 39.931705121199], [-105.145827521224, 39.9324364991617], [-105.145558456033, 39.9333513328026], [-105.14555262417, 39.9344745531118], [-105.145918197169, 39.9356196670275], [-105.146581886874, 39.9365940968573], [-105.14501793793, 39.9372756815758], [-105.145007527354, 39.9392776319103], [-105.146199487532, 39.9393180063797], [-105.146607540961, 39.9393107702604], [-105.146629132868, 39.9393325564457], [-105.146864899307, 39.9393405398677], [-105.147159169428, 39.939913436637], [-105.147036964413, 39.9439010298372], [-105.147027683918, 39.9456955730572], [-105.148797032651, 39.946854865171], [-105.149060249809, 39.9470273205633], [-105.149631814587, 39.9470204344216], [-105.151525551241, 39.9469976011308], [-105.155520406021, 39.9469742740463], [-105.164141529718, 39.946885329822], [-105.163853847842, 39.9449397108071], [-105.163141899742, 39.9431624732512], [-105.171037910528, 39.9431648961748], [-105.176123905765, 39.9432016773567], [-105.190020350035, 39.9431827078976], [-105.198789066035, 39.9432059680916], [-105.201111242485, 39.943184518547], [-105.203383168976, 39.9432027056179], [-105.203495996477, 39.9432036078431], [-105.203496258785, 39.9432658737469], [-105.203497307119, 39.9435152928629], [-105.203518826261, 39.9499951830696], [-105.20351417209, 39.9503109394362], [-105.203494196253, 39.9549088509478], [-105.203470015402, 39.9572237946247], [-105.194086352285, 39.9575190710076], [-105.194052638512, 39.9607812014515], [-105.194063492856, 39.9621398632404], [-105.194077418539, 39.9630448849019], [-105.194072568535, 39.9641736105542], [-105.194067127439, 39.9656625021152], [-105.194067339442, 39.9664004735889], [-105.19405964088, 39.968295791242], [-105.194042239615, 39.9690057841278], [-105.189630016773, 39.9673974718847], [-105.186839789313, 39.9663829047516], [-105.185460560043, 39.9658813606701], [-105.184411936849, 39.9655000218364], [-105.184467929739, 39.9654171143547], [-105.184501269813, 39.9653189558369], [-105.184520308707, 39.9652629009939], [-105.17673746768, 39.9622189037804], [-105.174967187394, 39.9615472015587], [-105.174754939747, 39.961469101473], [-105.165889281155, 39.9583373618116], [-105.165650742515, 39.9593257853185], [-105.165448939579, 39.9603843053381], [-105.164938948026, 39.9611618498343], [-105.164663543425, 39.9616442865561], [-105.164333457474, 39.9619907782502], [-105.164062963064, 39.9623471836917], [-105.163467848951, 39.9629378582477], [-105.163461832933, 39.9641575544908], [-105.163398628368, 39.96415736997], [-105.1633986113, 39.9641608545217], [-105.163285405608, 39.9641570387964], [-105.161677820102, 39.9641523307614], [-105.159294565398, 39.9650604983991], [-105.158104634515, 39.9651713725129], [-105.157283846535, 39.9651780881446], [-105.15651117861, 39.9652500701182], [-105.152840801598, 39.9652390720261], [-105.149546077579, 39.9652737131874], [-105.149546105427, 39.965268203816], [-105.147080179667, 39.9652899452444], [-105.14689096662, 39.9652916107237], [-105.146879386438, 39.9652917126216], [-105.146873326403, 39.965291751866], [-105.146874182497, 39.9652194910939], [-105.146874186091, 39.965219135828], [-105.146862869115, 39.9652191929735], [-105.142330060022, 39.9652421220793], [-105.142328887721, 39.9652421282758], [-105.142323901173, 39.9652420938508], [-105.132709818388, 39.9651748618324], [-105.131703501353, 39.9651677399852], [-105.12798081095, 39.9651557821102], [-105.127192708172, 39.9651323214529], [-105.126057586199, 39.9651191490562], [-105.125830117497, 39.9651165079669], [-105.12582989741, 39.9651165059015], [-105.125829962089, 39.9651168625449], [-105.125832550135, 39.9651312391297], [-105.12583520286, 39.9651459730434], [-105.125835269336, 39.9651463386371], [-105.125883479222, 39.9654140746367], [-105.125897553128, 39.9654922356234], [-105.126484407231, 39.9669241237976], [-105.126726356775, 39.967490564359], [-105.127291801331, 39.9688143171559], [-105.128472812841, 39.9703625145431], [-105.128765929525, 39.9718307208987], [-105.128828512456, 39.9721441941241], [-105.128908988031, 39.9724372072375], [-105.128908981743, 39.9724375514511], [-105.128908218175, 39.972476880593], [-105.128908210988, 39.9724772365096], [-105.12890703689, 39.9725374896554], [-105.128906360459, 39.9725374875902], [-105.128785342119, 39.972537097941], [-105.124446460432, 39.9725230409665], [-105.114451162285, 39.9725470023269], [-105.114430509118, 39.9725470512052], [-105.114409823612, 39.9725467792768], [-105.114370053398, 39.9725462560731], [-105.114337098702, 39.9725458223647], [-105.11430502166, 39.9725454003595], [-105.114290372832, 39.9725452069118], [-105.114272770344, 39.9725449749122], [-105.11426658724, 39.9725448943664], [-105.114258824, 39.9725447917909], [-105.114245791241, 39.9725446196844], [-105.114234864134, 39.9725444764918], [-105.114231109176, 39.9725444269251], [-105.114213798641, 39.9725441983676], [-105.114196548293, 39.972543971187], [-105.114196290476, 39.9725439677449]]]}, "properties": {"OBJECTID_1": 23, "OBJECTID": 24, "SchName": "Monarch (K-5)", "SchCode": 502, "SchType": "Elementary", "SchType2": "Neighborhood", "StdtPop": 336, "Shape_Leng": 92811.8945461, "State_CD": 6000, "Key_ID": 24, "Yld": 0.23, "BVSD_Neigh": " ", "Capacity": 423, "Enroll": 369, "Perc_Cap": 0.87, "SHAPE__Area": 32612388.2890625, "SHAPE__Length": 36916.490433929735}}, {"type": "Feature", "id": 24, "geometry": {"type": "Polygon", "coordinates": [[[-105.420540228604, 40.1436609046587], [-105.41073186358, 40.143019920567], [-105.406196335287, 40.1431255022094], [-105.40613358527, 40.1430960542381], [-105.406168312342, 40.1429716375687], [-105.406257579728, 40.1427526918597], [-105.406690621594, 40.1417488468895], [-105.406768103982, 40.1415692271133], [-105.407536107855, 40.1397888057774], [-105.408292797446, 40.1378627280643], [-105.410832211685, 40.1319747003867], [-105.413336703918, 40.1270192958274], [-105.414472134911, 40.1250474330121], [-105.414472155572, 40.1250473979808], [-105.414472175335, 40.1250473629496], [-105.414551707679, 40.1249092386488], [-105.416364209681, 40.1217816987496], [-105.418992560727, 40.11723391958], [-105.419363635008, 40.1165918034553], [-105.419790448854, 40.1158532203486], [-105.420511740331, 40.1146050128013], [-105.421576123569, 40.1126761170701], [-105.422565984367, 40.1110498289902], [-105.425448154396, 40.1063140901583], [-105.427501623185, 40.1030148830302], [-105.428222051382, 40.1017600434404], [-105.428310471657, 40.101606029498], [-105.428653611027, 40.1010083289943], [-105.432119950994, 40.0941167533294], [-105.433312538196, 40.0916951047325], [-105.435689475047, 40.0871407990992], [-105.439224616982, 40.085911745726], [-105.443683660016, 40.0840505782821], [-105.444329793945, 40.0837808620306], [-105.444346323845, 40.0837739621819], [-105.444362849253, 40.0837670540847], [-105.445893014355, 40.0831273974069], [-105.447891972475, 40.0822917060134], [-105.448048982715, 40.0822260635437], [-105.448117337322, 40.0821944200085], [-105.44812413128, 40.0821912755177], [-105.448126821734, 40.0821900300932], [-105.4481389975, 40.0821843940655], [-105.448577978128, 40.0819811799045], [-105.448738161218, 40.0819038072769], [-105.448928300427, 40.0818119650132], [-105.457645807066, 40.0776005655336], [-105.46694593315, 40.0731046853189], [-105.467139297312, 40.0730111944563], [-105.467328795124, 40.0729714269113], [-105.476075946167, 40.0711353737189], [-105.485587520398, 40.0680279630862], [-105.489232298119, 40.0669528450869], [-105.489323092642, 40.0669260610864], [-105.489343153819, 40.0669201433058], [-105.489363216792, 40.0669142248372], [-105.489446166327, 40.0668897548618], [-105.492059856867, 40.0661265758198], [-105.492059893698, 40.0661265655076], [-105.492059929631, 40.0661265545079], [-105.493729359653, 40.0656266098624], [-105.493839740144, 40.0655935533883], [-105.494644556078, 40.0653618111252], [-105.494649817511, 40.0653618606245], [-105.494661840562, 40.0653619740604], [-105.494667852088, 40.0653620311221], [-105.494673863614, 40.0653620874963], [-105.504731554249, 40.0654563526589], [-105.512294748205, 40.0657436029636], [-105.512976913561, 40.0657694875098], [-105.512609308573, 40.0654137159332], [-105.50674733961, 40.0597397945548], [-105.504101322297, 40.0571782501785], [-105.503992624351, 40.0570730177605], [-105.499216564056, 40.0513640408675], [-105.499189321747, 40.0513314739437], [-105.499188182683, 40.0513301124327], [-105.499187897917, 40.051329772055], [-105.499187613151, 40.0513294316772], [-105.499187328385, 40.0513290912994], [-105.499187043619, 40.0513287495463], [-105.499087857934, 40.0512101783302], [-105.495123138037, 40.0469910304083], [-105.493807568778, 40.0455908919523], [-105.492403470548, 40.0442247729495], [-105.492155511275, 40.043982161028], [-105.491410560868, 40.0432532596293], [-105.490668752768, 40.0425274142332], [-105.49025230009, 40.0421199130838], [-105.489591461638, 40.0414732671818], [-105.489221783339, 40.0411207592848], [-105.48921768253, 40.0411168501998], [-105.489214212338, 40.0411135408195], [-105.489212417504, 40.0411118290473], [-105.489221607269, 40.0411113490083], [-105.489284359083, 40.0411080705758], [-105.486864513304, 40.0386390422083], [-105.478701673234, 40.0302578822568], [-105.477463031204, 40.0289939929234], [-105.475310492612, 40.0267974364144], [-105.469830565461, 40.0211938626425], [-105.46678816024, 40.0212137260977], [-105.449339267094, 40.0213261009721], [-105.447715690677, 40.020349725118], [-105.446229851145, 40.0194561367153], [-105.444655475457, 40.0185965260684], [-105.439814396898, 40.0159530236125], [-105.43327109442, 40.0123877844134], [-105.432443438819, 40.01193676768], [-105.43152722101, 40.0115197320046], [-105.425816863413, 40.008920267847], [-105.425749272374, 40.0088894957539], [-105.425284126516, 40.0088858834397], [-105.420414715094, 40.0088826261642], [-105.406857496235, 40.0088724724635], [-105.406854037721, 40.0088724697112], [-105.406853959567, 40.0088724697112], [-105.406853566105, 40.0088724690232], [-105.406851600592, 40.008872467647], [-105.406849636874, 40.0088724662709], [-105.406674548039, 40.008774491272], [-105.406617407102, 40.0087393678134], [-105.406471683295, 40.0087382118704], [-105.406267934609, 40.0086129687626], [-105.400407843125, 40.0050104502882], [-105.397857468541, 40.0033539565554], [-105.395218638648, 40.0017313668141], [-105.370593256511, 39.9857285378942], [-105.370205564296, 39.9854591428313], [-105.37019742017, 39.9783248478167], [-105.370221266847, 39.9657896429927], [-105.370174169075, 39.9566174411743], [-105.370171897236, 39.9561748088018], [-105.370171884659, 39.9561723126598], [-105.370171884659, 39.9561722561953], [-105.370171882863, 39.9561719724959], [-105.370171876575, 39.9561705546871], [-105.37017186849, 39.9561691361898], [-105.367600411345, 39.954068555151], [-105.356234023563, 39.944823002926], [-105.351589124486, 39.9410443623519], [-105.344414979201, 39.9373490746123], [-105.343381800742, 39.9368097071408], [-105.340058884895, 39.9350748677994], [-105.336647620639, 39.9333738475907], [-105.335941578961, 39.9330217581921], [-105.335935960898, 39.933018956745], [-105.335929517282, 39.9330157447586], [-105.335927170883, 39.9330145785795], [-105.335924802025, 39.9330134034457], [-105.335924086966, 39.933013057656], [-105.335923588401, 39.9330128027911], [-105.335923324297, 39.9330126794916], [-105.335922784409, 39.933012427382], [-105.335922079232, 39.9330121139671], [-105.335916522253, 39.9330095625627], [-105.335915248442, 39.9330089784398], [-105.335914385161, 39.9330085575683], [-105.335914283652, 39.933008507973], [-105.335913814731, 39.933008280661], [-105.335913745561, 39.9330082475975], [-105.335913131113, 39.9330079520919], [-105.335912390003, 39.933007595281], [-105.335912249866, 39.9330075257098], [-105.33591104792, 39.9330069284993], [-105.335910624813, 39.9330067211632], [-105.335909914246, 39.9330063705518], [-105.335908588333, 39.9330058360242], [-105.335908199362, 39.9330056789723], [-105.335441432944, 39.9328175029829], [-105.332672489268, 39.931783508074], [-105.331262078577, 39.9312567858948], [-105.324204662176, 39.9284647872986], [-105.324202225047, 39.9284082358846], [-105.324199192335, 39.9283378429383], [-105.324107640532, 39.9283013561817], [-105.32394565632, 39.9245414482466], [-105.323950737192, 39.9225708754255], [-105.323930745185, 39.9221067808762], [-105.323958811249, 39.9194393611855], [-105.323942762847, 39.914009008218], [-105.327898511268, 39.9140149881813], [-105.332546266089, 39.9140117015786], [-105.3360354044, 39.9139964454014], [-105.34193408122, 39.913943859726], [-105.346476613677, 39.9138891731991], [-105.351348321193, 39.9138245937212], [-105.360896595196, 39.9136935907695], [-105.368109649211, 39.9135509858515], [-105.370124167948, 39.9135127204328], [-105.393481614892, 39.9132528090935], [-105.396496761634, 39.9132048641086], [-105.39853271058, 39.9132141466307], [-105.398075011757, 39.8545669107192], [-105.537397648695, 39.8535158326399], [-105.537767219197, 39.8824046002687], [-105.700838907457, 39.8789651292159], [-105.69872361661, 39.8814216345448], [-105.698376198564, 39.8836025314875], [-105.698024806371, 39.8844207479493], [-105.699796823999, 39.8855078339261], [-105.699803200241, 39.8876881197799], [-105.700167365579, 39.8912304669444], [-105.697701800941, 39.8950502444677], [-105.695228171228, 39.8961446141553], [-105.69240139671, 39.897512057031], [-105.691345240244, 39.8994215751073], [-105.690645921558, 39.9024206384309], [-105.688174163934, 39.904332461253], [-105.688535557072, 39.9070572368792], [-105.688895469785, 39.9092369392513], [-105.688903763032, 39.9122348274134], [-105.686430113556, 39.9136015412885], [-105.68608362347, 39.9163274667815], [-105.68325656149, 39.9179672176709], [-105.682559613459, 39.9220563701935], [-105.681148106822, 39.9236938165692], [-105.680095544516, 39.9272384371618], [-105.676913890544, 39.9288785846413], [-105.678332724738, 39.9299665421782], [-105.675816332523, 39.9327255804661], [-105.675369255379, 39.9330000092607], [-105.675172694114, 39.9333855823344], [-105.675344193281, 39.9334968480767], [-105.675726230602, 39.93353682162], [-105.67634512312, 39.9334953195869], [-105.677082201591, 39.9333218292302], [-105.678398787743, 39.9331575776118], [-105.679478947193, 39.9332370098326], [-105.680124843069, 39.9334489165769], [-105.680731123241, 39.9336203256925], [-105.681350364305, 39.9337106014237], [-105.681745469418, 39.9337099787331], [-105.682219838279, 39.9338004775226], [-105.683050376573, 39.9341033251962], [-105.683472503908, 39.9343561232633], [-105.683749763531, 39.9346091504585], [-105.684344618929, 39.9354193030248], [-105.685176643935, 39.936259486955], [-105.686471023733, 39.9375957181691], [-105.686814162205, 39.9378486314483], [-105.6870780531, 39.938020561967], [-105.68744731458, 39.9381923219269], [-105.687855979763, 39.9383234598437], [-105.689385058801, 39.9387670624935], [-105.690097345567, 39.9391410236052], [-105.690335445829, 39.9395056272643], [-105.690521117717, 39.9399615654144], [-105.690745738759, 39.940214663489], [-105.690956877885, 39.9403562562021], [-105.691682674414, 39.9408417124451], [-105.692183878647, 39.9410842082018], [-105.693318099609, 39.941599387958], [-105.693701201434, 39.9419941567678], [-105.693926878894, 39.9426122428477], [-105.693732293024, 39.9436670035726], [-105.693510524133, 39.9444277841817], [-105.693195853272, 39.9449453898602], [-105.692867547782, 39.9453007966782], [-105.69259227164, 39.9457777806312], [-105.69208002801, 39.9463058510758], [-105.691948730248, 39.9464581513134], [-105.6918834371, 39.9466610366448], [-105.691975958184, 39.9467724088984], [-105.692108113837, 39.9469242700943], [-105.692610365506, 39.9475216189312], [-105.69294146296, 39.9481496690526], [-105.69302141841, 39.9484739754932], [-105.693588088268, 39.9485541350743], [-105.693878557617, 39.9487868389122], [-105.694076902937, 39.9490501123883], [-105.69438132941, 39.9495565371737], [-105.694461350437, 39.9499011212529], [-105.694344782351, 39.9506008928122], [-105.694056466264, 39.9511285947896], [-105.693636208323, 39.9515855469767], [-105.693162991103, 39.9519513376337], [-105.692321560735, 39.952550932259], [-105.691703673432, 39.9530082061715], [-105.691006478363, 39.953374360386], [-105.690348318687, 39.9535680851902], [-105.689453021743, 39.9537621985134], [-105.688992941485, 39.9541279492967], [-105.688783950231, 39.9547771725888], [-105.688653020778, 39.9550714114832], [-105.688627316385, 39.9553046447177], [-105.688695682669, 39.956206884047], [-105.688604721959, 39.9566632762269], [-105.688079135652, 39.9571710741394], [-105.687553039103, 39.957496372051], [-105.686526987877, 39.9580759474208], [-105.685790714297, 39.9586347679414], [-105.685540968275, 39.9588480847073], [-105.68522515296, 39.9589905360527], [-105.685488929769, 39.959091499216], [-105.686649416572, 39.9594850378527], [-105.687519840065, 39.9597979252701], [-105.688113030884, 39.9599084849865], [-105.688429628632, 39.9600499102463], [-105.688549214159, 39.960414709568], [-105.688523816091, 39.9607594696061], [-105.688446780165, 39.9614895868403], [-105.688422080088, 39.9620878130435], [-105.688608024166, 39.9626248640176], [-105.688530147417, 39.9630508192704], [-105.688675725697, 39.9632837726041], [-105.689032373034, 39.963607628602], [-105.689283756685, 39.9639823496838], [-105.689404732805, 39.9648439450805], [-105.688701232461, 39.9670148836518], [-105.688792943265, 39.9675519964411], [-105.689004977113, 39.967987615371], [-105.68954753529, 39.9688181030172], [-105.689997584061, 39.9695473521094], [-105.690182854402, 39.9698309321523], [-105.690407319137, 39.9699927811541], [-105.689975238468, 39.9709870923918], [-105.689726560543, 39.9715958263858], [-105.689491364534, 39.9723160652966], [-105.689009157873, 39.9742533585157], [-105.688747281001, 39.9748621122965], [-105.688512063432, 39.9755823484542], [-105.688157453474, 39.9760188944112], [-105.687855022158, 39.9762627172683], [-105.687330531797, 39.9772267525759], [-105.686646799779, 39.9777956313378], [-105.686174801573, 39.9786886051881], [-105.685543293115, 39.9790850336462], [-105.685017674469, 39.979653647754], [-105.684965700642, 39.9799274780427], [-105.685111165734, 39.9801097423109], [-105.685428512676, 39.9804945040097], [-105.685521621258, 39.9808086554387], [-105.685431186062, 39.9814779574668], [-105.685314059224, 39.98202563743], [-105.685079578273, 39.9830398883988], [-105.685185814836, 39.9833337420384], [-105.685516301435, 39.9836982051109], [-105.686190325359, 39.9843764144342], [-105.686626290343, 39.9847508427039], [-105.68723399165, 39.9852669317865], [-105.687419097599, 39.9854795446085], [-105.687419571011, 39.9856519032821], [-105.68735433805, 39.9858953393621], [-105.687236217675, 39.9860780282162], [-105.686933904039, 39.9863826810844], [-105.686381854263, 39.9869412048317], [-105.686237671965, 39.9872354615411], [-105.686159280481, 39.9874890557433], [-105.686068233532, 39.9879353080304], [-105.686243263977, 39.9892834772164], [-105.686112754038, 39.9897602094437], [-105.68570544082, 39.9902373863931], [-105.68494289062, 39.9909584618813], [-105.683995729442, 39.9916595503424], [-105.683194335191, 39.9926544224438], [-105.682918500296, 39.9930198543561], [-105.682827127259, 39.9933545774808], [-105.68282821422, 39.9937601249955], [-105.682869390298, 39.9943683835989], [-105.682910023793, 39.9947738679729], [-105.683305863728, 39.994915181869], [-105.684281385618, 39.9949339043658], [-105.685296784621, 39.9950742186657], [-105.686258879392, 39.9950016975855], [-105.687398386042, 39.9951736475305], [-105.68912136913, 39.9957168869033], [-105.690098006727, 39.9961309690676], [-105.690639610893, 39.9965356240372], [-105.691182728721, 39.9974776269806], [-105.691382400852, 39.9981667294556], [-105.691174491169, 39.9992417782736], [-105.691070675567, 39.9998299965783], [-105.690545171906, 40.0004797451098], [-105.690295825634, 40.0008857058619], [-105.690204448105, 40.0012102954616], [-105.690152676398, 40.0015550981387], [-105.690206200718, 40.0018388935449], [-105.690286545139, 40.0022848662834], [-105.690313846737, 40.0026193981152], [-105.690340921061, 40.0028728216597], [-105.690777282202, 40.0033384815213], [-105.690909940911, 40.003632285686], [-105.690687038347, 40.0040686193858], [-105.690174568342, 40.0046777887363], [-105.689912076124, 40.0051040475053], [-105.689623974734, 40.0058040927923], [-105.689334966046, 40.0061797013336], [-105.689045533353, 40.0064032274541], [-105.688216774622, 40.007073738809], [-105.689261122733, 40.0080757624443], [-105.689538899785, 40.0083997453915], [-105.689711316133, 40.0087644552136], [-105.689765605817, 40.0093219950349], [-105.689687681458, 40.0097479495853], [-105.689452127919, 40.0103870759599], [-105.689282188227, 40.0109145682375], [-105.68928286376, 40.0111578963856], [-105.689442043432, 40.0115023515927], [-105.689627960559, 40.0119785654361], [-105.689523718257, 40.0124248400307], [-105.689459001827, 40.0128609111265], [-105.689566374758, 40.0135400280138], [-105.689514956988, 40.0140166328767], [-105.689212924525, 40.0144632312669], [-105.688726735632, 40.0150723512036], [-105.688226707294, 40.0154483009029], [-105.687871021154, 40.0155705442053], [-105.687436022757, 40.0156219461686], [-105.687132745229, 40.0156224387708], [-105.686908332596, 40.015531554284], [-105.686644142563, 40.0153596232708], [-105.68635355284, 40.0151775975414], [-105.686049695, 40.0149651748676], [-105.685561183962, 40.0147327719884], [-105.684703886652, 40.0146530381377], [-105.683991552276, 40.014542650922], [-105.683212881808, 40.0142802846593], [-105.682606012341, 40.0141595815567], [-105.681669963324, 40.0142117537736], [-105.680799570374, 40.0141624278404], [-105.680351202351, 40.0141428526715], [-105.679718556625, 40.0142452273303], [-105.678756609178, 40.0144799126014], [-105.67783400255, 40.0146334204535], [-105.676925524625, 40.0151518912373], [-105.675635237552, 40.015904127555], [-105.675161086084, 40.0161177616032], [-105.674554916405, 40.0162707621659], [-105.673460803423, 40.0164042153847], [-105.672182131566, 40.0165582121919], [-105.67110116992, 40.0166814854782], [-105.669941390989, 40.0169265295249], [-105.669479796172, 40.0168967923221], [-105.668833068456, 40.0166544120332], [-105.668120613706, 40.016493233587], [-105.66717103606, 40.0164236426764], [-105.666248104243, 40.0164655312505], [-105.663321092111, 40.0166015165505], [-105.662266028895, 40.0165320358276], [-105.661541101037, 40.0166648555925], [-105.661001328536, 40.0170306041289], [-105.660527865177, 40.0175584764203], [-105.660213034416, 40.0182584847929], [-105.660068532318, 40.0184918752757], [-105.659739128188, 40.0186038576789], [-105.659067773159, 40.0191015818553], [-105.658330001189, 40.0193966190964], [-105.657552641363, 40.0196815676364], [-105.65627387159, 40.0198353871241], [-105.65527215842, 40.0200496541599], [-105.654112424405, 40.0203655093102], [-105.652807715778, 40.0207220987224], [-105.652293808468, 40.0208951361894], [-105.65191188164, 40.021118691169], [-105.651951849484, 40.0213011351381], [-105.652123552569, 40.0214225733929], [-105.652519733864, 40.0216755171242], [-105.652757693091, 40.0219388091115], [-105.652811123986, 40.0222428981879], [-105.652785227353, 40.0224558464821], [-105.652680999424, 40.0230237500653], [-105.652524066438, 40.0236120021593], [-105.652486046142, 40.0243014833405], [-105.652131426302, 40.024950828353], [-105.651684552178, 40.0256307088668], [-105.651316506118, 40.0261786813698], [-105.650552495257, 40.02658522945], [-105.650196884575, 40.0267986051213], [-105.649736946251, 40.0275494666235], [-105.649751071361, 40.0279752730156], [-105.64948739157, 40.0280161694726], [-105.649237988705, 40.0285538434114], [-105.648843218663, 40.0289598999634], [-105.648211378727, 40.0295183423441], [-105.647185025667, 40.0306146345719], [-105.646144928383, 40.0314676068571], [-105.645171268701, 40.0325638141051], [-105.642604297743, 40.0335286016175], [-105.640791197462, 40.034269301706], [-105.640679394938, 40.0353169614396], [-105.64077306407, 40.0359657215201], [-105.640641875902, 40.0363105976002], [-105.640602995918, 40.0366452212642], [-105.639412084973, 40.0384556590451], [-105.638881176149, 40.0398511937648], [-105.638990773308, 40.0412459551079], [-105.63899244687, 40.042066478912], [-105.638649347923, 40.0423860744261], [-105.638412566387, 40.0427107967615], [-105.638347433139, 40.0431164217321], [-105.638559648447, 40.0436839325524], [-105.638507810265, 40.0441402355653], [-105.638113029444, 40.0446172256566], [-105.637520286884, 40.0450538962934], [-105.637375689564, 40.0453075349913], [-105.637376138722, 40.045530584973], [-105.637429519311, 40.0458346816587], [-105.637522271262, 40.0460373448649], [-105.639109418299, 40.0470715420476], [-105.64078831387, 40.0475994335739], [-105.641378383044, 40.0479995852114], [-105.642091124357, 40.0481710667539], [-105.642499944049, 40.0483927512979], [-105.642963625653, 40.0490317756165], [-105.643162576437, 40.0495384620334], [-105.645203179555, 40.0509205005977], [-105.64570504944, 40.0531266754949], [-105.645901620587, 40.0533573069369], [-105.646192265107, 40.0535394350124], [-105.647101776993, 40.0538857390618], [-105.648172544557, 40.0541249512921], [-105.648476281124, 40.0542563632254], [-105.648678099331, 40.0544370531885], [-105.648860863372, 40.0551582082209], [-105.6492662515, 40.0558542133495], [-105.65034910949, 40.0570978096084], [-105.650726572589, 40.0575992022903], [-105.650912681956, 40.0582275566482], [-105.650979237238, 40.0584910746882], [-105.650847989781, 40.0588055444723], [-105.650264207916, 40.0594150068907], [-105.649781453282, 40.0598106599873], [-105.64945241297, 40.0601862166725], [-105.649242231448, 40.0606123122393], [-105.649150556577, 40.0609267289191], [-105.648887702338, 40.0614035850422], [-105.648533341213, 40.0622759659175], [-105.648349561177, 40.0627121645417], [-105.648284202452, 40.062996129787], [-105.647876385279, 40.0635644169813], [-105.6476130729, 40.0638384985315], [-105.647534932047, 40.0643151142751], [-105.647469438574, 40.064538248492], [-105.647218964917, 40.0646500934192], [-105.646929079473, 40.0648430970552], [-105.646732237933, 40.0653502791625], [-105.646455696064, 40.0656142350845], [-105.64591517347, 40.0658481090685], [-105.645032009171, 40.0662953223279], [-105.644267253607, 40.0665801636096], [-105.643660928519, 40.0669053564143], [-105.642948816027, 40.0671292906148], [-105.642066060462, 40.0677893922579], [-105.641644080451, 40.0679318515157], [-105.641169020786, 40.067932433798], [-105.638963860681, 40.0672456823479], [-105.639572495337, 40.0680357616702], [-105.640248087719, 40.0692921339189], [-105.640790040432, 40.0702169604369], [-105.641044047163, 40.0713087527853], [-105.640953663171, 40.0722720344214], [-105.640915036512, 40.0727384586512], [-105.641104220813, 40.073098577662], [-105.640955782297, 40.0732960337763], [-105.640163826644, 40.0732361665089], [-105.63912183122, 40.0735213087224], [-105.638737987387, 40.0743954288947], [-105.637316061192, 40.0746387216842], [-105.636933600765, 40.0747709773568], [-105.636524602308, 40.0748322936778], [-105.635799043832, 40.0749852292002], [-105.635311119394, 40.0751784358915], [-105.635087565551, 40.0755842436341], [-105.634930238205, 40.0761116365919], [-105.634694805041, 40.0771866052151], [-105.634682529562, 40.0776529964738], [-105.634709747617, 40.0780686496791], [-105.634830898908, 40.0792648662903], [-105.634726234398, 40.0797313642874], [-105.634581552636, 40.0799849990177], [-105.634213274811, 40.0806342996774], [-105.633778476739, 40.0810200728548], [-105.633119237288, 40.0813756859346], [-105.632538906749, 40.081589264725], [-105.63342320562, 40.0815781080407], [-105.63391161964, 40.0816079586279], [-105.634241788236, 40.0817089611514], [-105.634612337003, 40.082205321596], [-105.635180674134, 40.0826000642852], [-105.635593875808, 40.0830190035725], [-105.635962954032, 40.08437340378], [-105.636029883013, 40.0848397025128], [-105.635766157408, 40.0849718139727], [-105.635436191831, 40.0849823412285], [-105.63507998916, 40.0850740053308], [-105.634842760263, 40.0852567778351], [-105.634856481131, 40.0855203652015], [-105.635253735014, 40.0861586351441], [-105.635400039133, 40.0867160866397], [-105.635255425643, 40.0870102760099], [-105.635322050095, 40.0873244952416], [-105.635150713522, 40.0874564974148], [-105.634886895391, 40.0875480537211], [-105.63430681728, 40.0879137210321], [-105.633963957285, 40.0880864752708], [-105.63368733367, 40.0883808161006], [-105.63360876971, 40.0887053426369], [-105.633636243785, 40.0892527957953], [-105.633821804281, 40.0896378480114], [-105.633941370944, 40.0897992521708], [-105.634232095414, 40.0901848565852], [-105.634312295206, 40.0906916946626], [-105.634529386569, 40.0911473152326], [-105.634459283841, 40.0915938600025], [-105.634513287861, 40.0922021136768], [-105.634461045438, 40.092486054931], [-105.634382661141, 40.0929018299291], [-105.634608158938, 40.0934490521062], [-105.634768056364, 40.0941991224456], [-105.634650568403, 40.0948684078474], [-105.634651771247, 40.0954767229649], [-105.634440948328, 40.0956797401616], [-105.63392598999, 40.0956296457884], [-105.633424253056, 40.0955896729287], [-105.632896569183, 40.0957829139212], [-105.632382321412, 40.0960978018247], [-105.632066092873, 40.0964124608155], [-105.631926739019, 40.0968196840133], [-105.631896101078, 40.0972541592492], [-105.631989082998, 40.0975480721846], [-105.632155657601, 40.097720869312], [-105.633125850685, 40.0982666083331], [-105.633643622546, 40.0986874865519], [-105.633813988938, 40.0990971781198], [-105.633906962774, 40.0993809518024], [-105.634105495841, 40.0996341862422], [-105.634687156784, 40.100018775686], [-105.635123598774, 40.1004035326785], [-105.635506933262, 40.1006362716007], [-105.635811136054, 40.1009096563098], [-105.635945270696, 40.1011747895662], [-105.636049956766, 40.1014974136014], [-105.636063645294, 40.1017407236057], [-105.636514141426, 40.1025411409285], [-105.63638312843, 40.1030482250415], [-105.636159510806, 40.1034641725589], [-105.636121644122, 40.1043361362712], [-105.636083027345, 40.104832972774], [-105.636362773504, 40.106069550835], [-105.636562126734, 40.1067181856294], [-105.636629406955, 40.1073466989994], [-105.636445468816, 40.1078031534568], [-105.636234754593, 40.1080771435223], [-105.635720266074, 40.108310936934], [-105.635628323504, 40.1085543709742], [-105.635972438445, 40.10895950982], [-105.635986512351, 40.1093954527015], [-105.635696850587, 40.1098114747721], [-105.635565492638, 40.1101563419312], [-105.635462038159, 40.1112514304757], [-105.635199557619, 40.1120628250685], [-105.634910923528, 40.1130060513006], [-105.634515758228, 40.1135033019476], [-105.634106784025, 40.1136964109964], [-105.63342014506, 40.1137073446362], [-105.632852092695, 40.1135863366593], [-105.632244741732, 40.1136275877635], [-105.631716523361, 40.113618052849], [-105.630977394037, 40.1138013882937], [-105.630251602898, 40.1140556730634], [-105.629882363875, 40.1143196923027], [-105.629777284343, 40.1146138289828], [-105.629870802558, 40.1151814841034], [-105.629897889458, 40.1155363038458], [-105.62970021518, 40.1157494367575], [-105.629357935497, 40.1163074413801], [-105.629095169294, 40.1170174368529], [-105.628686600231, 40.117443712646], [-105.628238197174, 40.1177585071667], [-105.627842957313, 40.1182557361166], [-105.627552997309, 40.1185602136519], [-105.627038268042, 40.118722997301], [-105.626510143096, 40.1187844086735], [-105.62681455879, 40.1191490631873], [-105.627541842929, 40.1196551916076], [-105.627978484344, 40.1201008060197], [-105.628145704836, 40.1205502725794], [-105.628204708878, 40.1210130261716], [-105.628020524601, 40.1213883579668], [-105.627717345887, 40.1216928510119], [-105.627480102617, 40.121946577345], [-105.62753345985, 40.1222303985898], [-105.627864236606, 40.1225544669409], [-105.62826093533, 40.1228176295777], [-105.628591927682, 40.1232532198562], [-105.628698368161, 40.1236687827942], [-105.628553800486, 40.1240440703916], [-105.628356650824, 40.124551218814], [-105.628199330665, 40.125169845196], [-105.62693806726, 40.1251857411176], [-105.623379146022, 40.1252241799437], [-105.618069386735, 40.1251806437352], [-105.606183177136, 40.1253848148628], [-105.592395112809, 40.1256399904751], [-105.580257843851, 40.1258721100319], [-105.569784574599, 40.1260512671329], [-105.557264130156, 40.1262710620584], [-105.552456689013, 40.1263645924168], [-105.543171939392, 40.1265306516216], [-105.531668265679, 40.1266661790023], [-105.523109823727, 40.1267797324561], [-105.511672089949, 40.126811870412], [-105.504156989098, 40.1268428008361], [-105.499745664572, 40.126457610239], [-105.495268346211, 40.1261634952558], [-105.490592931365, 40.1260415464429], [-105.486009975618, 40.1259701132036], [-105.479525138194, 40.1259894213483], [-105.477319517253, 40.1259484559291], [-105.476778017291, 40.1259382097623], [-105.476210081707, 40.125988786673], [-105.471693662377, 40.1262203431745], [-105.446994427047, 40.1271247319894], [-105.446345096912, 40.1298618415669], [-105.446130893632, 40.1334913421779], [-105.445917207782, 40.1364415587313], [-105.445869700378, 40.138349768956], [-105.445808181951, 40.1406490001695], [-105.445740151636, 40.1431329096944], [-105.445712903937, 40.1441670277417], [-105.43000335759, 40.1437016080702], [-105.420540228604, 40.1436609046587]]]}, "properties": {"OBJECTID_1": 24, "OBJECTID": 25, "SchName": "Nederland", "SchCode": 169, "SchType": "Elementary", "SchType2": "Neighborhood", "StdtPop": 320, "Shape_Leng": 460069.889045, "State_CD": 6208, "Key_ID": 25, "Yld": 0.07, "BVSD_Neigh": " ", "Capacity": 405, "Enroll": 265, "Perc_Cap": 0.61, "SHAPE__Area": 1079340308.859375, "SHAPE__Length": 183074.22010454928}}, {"type": "Feature", "id": 25, "geometry": {"type": "Polygon", "coordinates": [[[-105.108557559149, 39.990576781192], [-105.102520832829, 39.9905137180178], [-105.099019943657, 39.9905015945806], [-105.097933120504, 39.9903099483211], [-105.097619271601, 39.9902333050836], [-105.096667999733, 39.9902428159799], [-105.095217464891, 39.9902126569567], [-105.095217463094, 39.9902130127809], [-105.095217199888, 39.9902573084113], [-105.095157353225, 39.9902579058103], [-105.09515735053, 39.9902582616343], [-105.095157120562, 39.9902969927569], [-105.0905586563, 39.9902601866628], [-105.090535733091, 39.9902600029006], [-105.09048135627, 39.9902595665517], [-105.090494036889, 39.9881475615308], [-105.090471890722, 39.9870255453593], [-105.090469794054, 39.9869193140504], [-105.090066405576, 39.9869127492236], [-105.088094766122, 39.986877632414], [-105.080580768402, 39.9868091304591], [-105.079855509066, 39.9868034204685], [-105.079140569576, 39.986802151964], [-105.073040247924, 39.9867309263971], [-105.071814295496, 39.9867186488014], [-105.061795616897, 39.986614558956], [-105.060247417218, 39.9867059368966], [-105.053006558548, 39.987133029171], [-105.053006738211, 39.9866924967855], [-105.053010640493, 39.9771519016568], [-105.060073951638, 39.9741008881798], [-105.061083878105, 39.9736801793426], [-105.06181814395, 39.9733520822174], [-105.062184059206, 39.973194983692], [-105.065171547719, 39.9719106968296], [-105.066114350271, 39.9714322201572], [-105.067413946586, 39.9708514114063], [-105.067962778597, 39.9704250352335], [-105.068811384706, 39.9698647056014], [-105.070156930746, 39.9687402370535], [-105.071128950104, 39.9678098420452], [-105.07189531545, 39.9671324659049], [-105.072831055447, 39.9662744698545], [-105.072849345146, 39.9662587137774], [-105.074499236811, 39.9647698978547], [-105.074843030155, 39.9644665414767], [-105.076909583805, 39.9628040113501], [-105.078719007281, 39.9616174267683], [-105.079485917005, 39.9612336143265], [-105.08147722597, 39.9603439123161], [-105.083490590372, 39.9596708916819], [-105.084141671324, 39.9595168980925], [-105.085844569879, 39.9591637554478], [-105.087745386155, 39.9589380290069], [-105.09029391021, 39.9586813549328], [-105.092927760741, 39.9585910288297], [-105.09582120283, 39.9584018910367], [-105.099102749462, 39.958280473584], [-105.103377530065, 39.9580959442303], [-105.104285401627, 39.9578665221316], [-105.106791995917, 39.9573767970046], [-105.108222622296, 39.9569054948686], [-105.109295089472, 39.9566016759858], [-105.109385040477, 39.956573757925], [-105.109463254992, 39.9566443366668], [-105.109456258912, 39.9578668395642], [-105.109388158529, 39.9621130160408], [-105.109340673583, 39.9650735826789], [-105.109372190077, 39.9723200361512], [-105.109372765897, 39.9724524187217], [-105.110716963565, 39.9724721772615], [-105.114142163387, 39.9724836953289], [-105.114196290476, 39.9725439677449], [-105.114195278075, 39.9725439525995], [-105.114195225972, 39.9725443078274], [-105.114195162192, 39.9725447449779], [-105.114194636678, 39.9725483530187], [-105.114194113858, 39.9725519376529], [-105.114192607383, 39.9725622805639], [-105.114191402743, 39.972570549935], [-105.114187572326, 39.9725968457297], [-105.114185590643, 39.9726104476398], [-105.114179548574, 39.9726519245681], [-105.114173994291, 39.9726900571049], [-105.114174721926, 39.9726838124052], [-105.114122821761, 39.9730401084054], [-105.114112235115, 39.9731127925504], [-105.114086855912, 39.9732889831791], [-105.114086086055, 39.9732952250698], [-105.114086073479, 39.9732953200715], [-105.114086063597, 39.9732956759839], [-105.114078541105, 39.9734515013951], [-105.114078523139, 39.9734518566182], [-105.113963813667, 39.9758277761361], [-105.113963801989, 39.9758281320352], [-105.113950042494, 39.9766982015211], [-105.113950037104, 39.9766985574157], [-105.113941599228, 39.9772321033448], [-105.113941600127, 39.9772324592366], [-105.113951045912, 39.9777455452887], [-105.1139510522, 39.9777459011778], [-105.113993610785, 39.9800574566134], [-105.113993617073, 39.9800578124906], [-105.114052705558, 39.9832668719737], [-105.114153554923, 39.983266647582], [-105.117303990642, 39.9832515651554], [-105.117304552089, 39.9832515624022], [-105.117402427132, 39.9832510915926], [-105.117402425336, 39.983251447453], [-105.117402405573, 39.9832544065329], [-105.117402402878, 39.9832547617051], [-105.117402304962, 39.9832695330112], [-105.117402303165, 39.9832698888716], [-105.117402303165, 39.9832699666515], [-105.11740230047, 39.983270322512], [-105.117402190875, 39.9832867444009], [-105.117402189079, 39.9832871002612], [-105.117396530591, 39.984139046583], [-105.117396534184, 39.9841394024388], [-105.117403566196, 39.9845112708227], [-105.1174035644, 39.9845116266767], [-105.117392719937, 39.9849039541776], [-105.117392710056, 39.9849043100295], [-105.117384959392, 39.9851846732563], [-105.117384156298, 39.9851846705031], [-105.117380748988, 39.9851846594904], [-105.117371886209, 39.9868990131922], [-105.118570189391, 39.9868923877946], [-105.118559238029, 39.9888838951253], [-105.118551995812, 39.9906532925897], [-105.116103761472, 39.9906447446034], [-105.115058954321, 39.9906208109244], [-105.115007908454, 39.9906197056046], [-105.114783814723, 39.9906182203742], [-105.108557559149, 39.990576781192]]]}, "properties": {"OBJECTID_1": 25, "OBJECTID": 26, "SchName": "Ryan", "SchCode": 154, "SchType": "Elementary", "SchType2": "Neighborhood", "StdtPop": 516, "Shape_Leng": 56498.6313567, "State_CD": 7528, "Key_ID": 26, "Yld": 0.24, "BVSD_Neigh": " ", "Capacity": 512, "Enroll": 422, "Perc_Cap": 0.82, "SHAPE__Area": 23622951.41015625, "SHAPE__Length": 22475.868448445144}}, {"type": "Feature", "id": 26, "geometry": {"type": "Polygon", "coordinates": [[[-105.055525855915, 40.0147689615158], [-105.05552585861, 40.0147686058195], [-105.055471882437, 40.0147686395315], [-105.055325422012, 40.0147778883226], [-105.055159764589, 40.0004507955486], [-105.053001098588, 40.0004770317556], [-105.053006558548, 39.987133029171], [-105.060247417218, 39.9867059368966], [-105.061795616897, 39.986614558956], [-105.071814295496, 39.9867186488014], [-105.073040247924, 39.9867309263971], [-105.079168647318, 39.9868013363493], [-105.079855509066, 39.9868034204685], [-105.080580768402, 39.9868091304591], [-105.088094766122, 39.986877632414], [-105.090066405576, 39.9869127492236], [-105.090469794054, 39.9869193140504], [-105.090471890722, 39.9870255453593], [-105.090494036889, 39.9881475615308], [-105.09048135627, 39.9902595665517], [-105.090481354473, 39.9902599223757], [-105.090481328422, 39.9902642080933], [-105.090481326626, 39.9902645639173], [-105.090478894886, 39.9906696356207], [-105.090478895785, 39.9906699914426], [-105.090491214382, 39.9922739322296], [-105.090491214382, 39.9922742880431], [-105.090479248822, 39.9942670424104], [-105.090479249721, 39.9942673982135], [-105.090489118612, 39.9972143975281], [-105.090489116816, 39.9972147533159], [-105.090460924987, 39.9990819811328], [-105.090460928581, 39.9990823369108], [-105.090497844847, 40.0001879016745], [-105.090497856525, 40.0001882574468], [-105.090499185134, 40.000228019976], [-105.090499196812, 40.0002283757481], [-105.090499467205, 40.0002364525304], [-105.095048103714, 40.0002525180096], [-105.096922416096, 40.0002479968844], [-105.100424177533, 40.0001965743974], [-105.102692206233, 40.0002244636316], [-105.10282264251, 40.0002260656381], [-105.102822641612, 40.0002264214102], [-105.102822741325, 40.0002795614887], [-105.102822741325, 40.0002799172605], [-105.102823053939, 40.0004464636764], [-105.102823047651, 40.0004468194473], [-105.102729469249, 40.0037598004424], [-105.102729469249, 40.003760156196], [-105.102794209035, 40.0060403896912], [-105.102794215323, 40.006040745433], [-105.102847082076, 40.0103612646446], [-105.102847083873, 40.0103616203639], [-105.102822171793, 40.0146383933312], [-105.102822169997, 40.0146387490282], [-105.102821764856, 40.0147081910866], [-105.10282176306, 40.0147085467833], [-105.102821569024, 40.0147418776801], [-105.102796579689, 40.01474179168], [-105.093222188067, 40.014708418127], [-105.07448984762, 40.014940872001], [-105.058287191758, 40.0148286806269], [-105.055525593607, 40.0148093306251], [-105.055525855915, 40.0147689615158]]]}, "properties": {"OBJECTID_1": 26, "OBJECTID": 27, "SchName": "Sanchez", "SchCode": 131, "SchType": "Elementary", "SchType2": "Neighborhood", "StdtPop": 510, "Shape_Leng": 48102.256352, "State_CD": 7592, "Key_ID": 27, "Yld": 0.16, "BVSD_Neigh": " ", "Capacity": 301, "Enroll": 284, "Perc_Cap": 0.94, "SHAPE__Area": 19386681.20703125, "SHAPE__Length": 19145.699382463303}}, {"type": "Feature", "id": 27, "geometry": {"type": "Polygon", "coordinates": [[[-105.147036964413, 39.9439010298372], [-105.147159169428, 39.939913436637], [-105.146864899307, 39.9393405398677], [-105.146629132868, 39.9393325564457], [-105.146607540961, 39.9393107702604], [-105.146199487532, 39.9393180063797], [-105.145007527354, 39.9392776319103], [-105.14501793793, 39.9372756815758], [-105.146581886874, 39.9365940968573], [-105.145918197169, 39.9356196670275], [-105.14555262417, 39.9344745531118], [-105.145558456033, 39.9333513328026], [-105.145827521224, 39.9324364991617], [-105.146277482858, 39.931705121199], [-105.146609426525, 39.9312746268933], [-105.14682976979, 39.9308553966424], [-105.147197840104, 39.9303128650759], [-105.147244808519, 39.9301357350196], [-105.147284315527, 39.9300755058189], [-105.147284783549, 39.9299849814387], [-105.14738268105, 39.9296157785261], [-105.147287901601, 39.9293814691934], [-105.147289630858, 39.929046781319], [-105.147290106965, 39.9289545795701], [-105.147465170648, 39.9289569616648], [-105.149383406156, 39.9289830489726], [-105.150285108089, 39.928965374771], [-105.150420706984, 39.9289971417634], [-105.150421593622, 39.9289971548518], [-105.151688807467, 39.9292800543717], [-105.153002936727, 39.9292491382551], [-105.156038265918, 39.9293280073901], [-105.159844201402, 39.9293393102227], [-105.160932997255, 39.9290634600914], [-105.162203362391, 39.9287183667005], [-105.164916588959, 39.928726292118], [-105.165811542747, 39.9287199442066], [-105.167699249909, 39.9287254055459], [-105.180417654295, 39.9287005801452], [-105.189668526651, 39.9287057004968], [-105.195158176268, 39.9286555915748], [-105.204522122263, 39.9286493166767], [-105.21710510562, 39.9285556450351], [-105.217404455714, 39.9285533993224], [-105.217420052264, 39.9285532829036], [-105.217435648814, 39.928553165107], [-105.217496299469, 39.9285891089009], [-105.217497049562, 39.928649842283], [-105.217531148712, 39.9360009059163], [-105.20353896649, 39.9359657450408], [-105.203465578623, 39.9359655563112], [-105.203465785236, 39.9360145130402], [-105.203495783576, 39.9431529048372], [-105.203495996477, 39.9432036078431], [-105.203383168976, 39.9432027056179], [-105.201111242485, 39.943184518547], [-105.198789066035, 39.9432059680916], [-105.190020350035, 39.9431827078976], [-105.176123905765, 39.9432016773567], [-105.171037910528, 39.9431648961748], [-105.163141899742, 39.9431624732512], [-105.163853847842, 39.9449397108071], [-105.164141529718, 39.946885329822], [-105.155520406021, 39.9469742740463], [-105.151525551241, 39.9469976011308], [-105.149631814587, 39.9470204344216], [-105.149060249809, 39.9470273205633], [-105.148797032651, 39.946854865171], [-105.147027683918, 39.9456955730572], [-105.147036964413, 39.9439010298372]]]}, "properties": {"OBJECTID_1": 27, "OBJECTID": 28, "SchName": "Superior", "SchCode": 185, "SchType": "Elementary", "SchType2": "Neighborhood", "StdtPop": 700, "Shape_Leng": 53753.3409316, "State_CD": 8418, "Key_ID": 28, "Yld": 0.46, "BVSD_Neigh": " ", "Capacity": 521, "Enroll": 573, "Perc_Cap": 1.1, "SHAPE__Area": 15947536.63671875, "SHAPE__Length": 21359.296894197498}}, {"type": "Feature", "id": 28, "geometry": {"type": "MultiPolygon", "coordinates": [[[[-105.236455443864, 40.0296094014876], [-105.237096479854, 40.0297094809741], [-105.237112852549, 40.0310079738233], [-105.237108288209, 40.0321913661932], [-105.237167234759, 40.0335392633814], [-105.239476525776, 40.0335280658124], [-105.239486976776, 40.0363879766228], [-105.238790686311, 40.0359008645664], [-105.238591302538, 40.0357613776822], [-105.238015998074, 40.035234116677], [-105.237140720086, 40.0348705304922], [-105.236264051505, 40.0348685296881], [-105.235771816052, 40.0349824557493], [-105.234807507832, 40.035522635422], [-105.234815564822, 40.0334517008191], [-105.234803583092, 40.0310355602017], [-105.234786998396, 40.0298028111398], [-105.236455443864, 40.0296094014876]]], [[[-105.225364702331, 40.029157482613], [-105.225364778688, 40.0291574977459], [-105.22550579173, 40.0291853675812], [-105.225887021465, 40.029260713136], [-105.225987931916, 40.0292814718924], [-105.225938918935, 40.0334561908569], [-105.225033643504, 40.033673574914], [-105.224176858234, 40.0338949723242], [-105.223710819451, 40.0340519326161], [-105.223481506509, 40.0341291635721], [-105.223303163975, 40.0343025246918], [-105.222931336906, 40.0344009410634], [-105.222623599243, 40.0346236436209], [-105.222350179918, 40.0343498888952], [-105.222689810469, 40.0342265718727], [-105.222697486573, 40.0323397401799], [-105.223248195165, 40.0319314180973], [-105.223383364666, 40.0316266850632], [-105.223688223229, 40.0309393937052], [-105.223852520603, 40.0302446316211], [-105.224128088697, 40.0299846080089], [-105.224190684205, 40.0295561480473], [-105.223926891227, 40.0291776649781], [-105.223926857989, 40.0291776257704], [-105.223927986273, 40.0291776099497], [-105.223929117252, 40.029177589314], [-105.223929641868, 40.0291775851869], [-105.223934608653, 40.0291775157135], [-105.224365779328, 40.0291714804709], [-105.224811030197, 40.0291652464376], [-105.224934805467, 40.0291635178569], [-105.225355226003, 40.0291576153692], [-105.225355908723, 40.0291576463227], [-105.225364702331, 40.029157482613]]], [[[-105.261279810023, 40.0081037564867], [-105.262913354146, 40.0081573789619], [-105.263910671859, 40.008190105495], [-105.264779119957, 40.008213777744], [-105.266050484917, 40.0082484218908], [-105.266704971382, 40.0082442178056], [-105.269243035453, 40.0082278776042], [-105.269468573675, 40.0081611020935], [-105.26954620698, 40.0081381172056], [-105.271898588384, 40.0103557719812], [-105.272081656055, 40.0105283472237], [-105.273355041327, 40.0105266181709], [-105.276848583179, 40.0104550024549], [-105.277675742909, 40.0119212333568], [-105.278277635709, 40.0129097157937], [-105.278590145223, 40.0138425149917], [-105.2786667805, 40.0140712558861], [-105.278998497792, 40.0149801044353], [-105.279015248677, 40.0150259994197], [-105.280696825719, 40.0146978868922], [-105.280847002474, 40.0146685821592], [-105.283050440509, 40.0142385983937], [-105.283067398905, 40.0142256219129], [-105.283078166112, 40.014217382352], [-105.283078704203, 40.0142169709243], [-105.283090549388, 40.014207907819], [-105.283506512484, 40.0138896271418], [-105.283656445796, 40.0138832066375], [-105.285285240527, 40.0138134465669], [-105.287223000918, 40.0137388896129], [-105.289216002309, 40.0136420760832], [-105.290057082333, 40.0135177240061], [-105.290321617319, 40.0134776795632], [-105.290322314412, 40.013477874959], [-105.290322547974, 40.0134779410083], [-105.290323788547, 40.0134782905193], [-105.290330275282, 40.0134770988797], [-105.290333504726, 40.013476505812], [-105.290352903844, 40.0134729432775], [-105.291427331145, 40.0137770143531], [-105.29214923707, 40.0136900415059], [-105.292337587734, 40.0136673488206], [-105.292804373915, 40.0136782985255], [-105.294015783517, 40.0136361172116], [-105.295283127618, 40.0135919750362], [-105.295292870746, 40.01359328914], [-105.295295037482, 40.013598455425], [-105.295293430396, 40.0141337696041], [-105.295064867547, 40.0143909371811], [-105.29499062628, 40.0144744711816], [-105.29494323925, 40.0145277873068], [-105.294940673662, 40.0145306741673], [-105.294939952315, 40.0145311839775], [-105.29419751719, 40.0150556899659], [-105.294132418977, 40.0151016798431], [-105.294069561161, 40.0153718881497], [-105.294069411143, 40.0153763119541], [-105.294069260226, 40.0153807350702], [-105.294059490149, 40.0154239053292], [-105.294049408356, 40.0159648391282], [-105.294055659732, 40.0166918409717], [-105.294034947277, 40.0166918038207], [-105.294031522001, 40.0166917976289], [-105.294024700194, 40.0166917852452], [-105.294024570837, 40.0166955636377], [-105.294024513345, 40.0166972829026], [-105.294024164798, 40.0167075124932], [-105.293610549001, 40.0167067729137], [-105.293609875264, 40.0169293894528], [-105.293031389866, 40.0167375380425], [-105.292740697735, 40.017118645963], [-105.292522195118, 40.0173081530591], [-105.292439552807, 40.0173903577627], [-105.292416350221, 40.0174522485762], [-105.29236880419, 40.0175790729362], [-105.292157707285, 40.0177675357907], [-105.292155980723, 40.0183340591248], [-105.29215770459, 40.0184055984649], [-105.292050388253, 40.0184423116488], [-105.292049828602, 40.0186257087214], [-105.292049158459, 40.0188453628387], [-105.292048990474, 40.0189003940705], [-105.292051056599, 40.01891334352], [-105.292052088764, 40.0189198192758], [-105.292053121826, 40.0189262984707], [-105.292152279664, 40.0195480396486], [-105.292704893582, 40.0200416340694], [-105.293272063802, 40.0205482194631], [-105.293184442129, 40.0205440986886], [-105.292529197486, 40.0205132843681], [-105.291482805707, 40.0204640661811], [-105.291540362564, 40.0245917233728], [-105.291592048032, 40.0245918169274], [-105.291780306169, 40.0245921567508], [-105.292392908684, 40.0245932608327], [-105.292593073991, 40.0245936212931], [-105.292623805356, 40.0254942951186], [-105.292623826916, 40.0254949362343], [-105.292623849374, 40.02549557735], [-105.292623936511, 40.0254981431887], [-105.292625292967, 40.0255378902875], [-105.292607747072, 40.0255378586445], [-105.292590201178, 40.0255378270015], [-105.292443490123, 40.0255412017995], [-105.291559098726, 40.0255573046605], [-105.291363751084, 40.0255598966368], [-105.290232810769, 40.0255358328026], [-105.28940216827, 40.0255181505361], [-105.288730287726, 40.0255038444407], [-105.288039732106, 40.0255146422858], [-105.288039737496, 40.0255128076772], [-105.288039743784, 40.0255109730685], [-105.287953961861, 40.0255123144584], [-105.287855923324, 40.0255175162995], [-105.287760280594, 40.0255190110892], [-105.287651698531, 40.0255207088071], [-105.286812848125, 40.0255338179668], [-105.286359586081, 40.0255372285355], [-105.28591103031, 40.0255442333393], [-105.285620237568, 40.0255464194598], [-105.285568010415, 40.0255483758244], [-105.282061927184, 40.0255418043929], [-105.282061919099, 40.0255441961931], [-105.282061915506, 40.0255453931251], [-105.282060352437, 40.0255453896856], [-105.28205724786, 40.0255453841825], [-105.282057259538, 40.0255417961382], [-105.282035045997, 40.0255418043929], [-105.282034471974, 40.0255418002655], [-105.282030072924, 40.0255418009534], [-105.282030072026, 40.0255417479857], [-105.282030030703, 40.0255390170546], [-105.282005286609, 40.0255387418978], [-105.278404071789, 40.0254985222175], [-105.27663889573, 40.0255014161807], [-105.274799794612, 40.0255083336259], [-105.272708417816, 40.0255203098296], [-105.272615360437, 40.0255208415703], [-105.272630000281, 40.0260224954053], [-105.272621246199, 40.0261746276602], [-105.271352271655, 40.0267403451607], [-105.27101301121, 40.0268915836366], [-105.270512931668, 40.0271288310887], [-105.270498492148, 40.0271154402063], [-105.270484053527, 40.0271020493212], [-105.270385743698, 40.0270586030453], [-105.270379346795, 40.0270693463021], [-105.270378019085, 40.0270715763979], [-105.270376088606, 40.0270748204235], [-105.270374229991, 40.0270779420069], [-105.270371261059, 40.0270829291111], [-105.270366433513, 40.0270910371099], [-105.270334392404, 40.0271448606602], [-105.270371865626, 40.027222293418], [-105.269855689172, 40.0273798289947], [-105.269834347896, 40.0273879789185], [-105.269813006619, 40.0273961288413], [-105.269587376769, 40.0273832862464], [-105.26958521183, 40.0273831631171], [-105.269583685592, 40.0273830757572], [-105.269574778796, 40.0273825687945], [-105.269552156522, 40.0273825240827], [-105.269536969604, 40.0273824938163], [-105.269522098893, 40.0273824635498], [-105.269507229978, 40.0273824339713], [-105.269506844601, 40.027496276235], [-105.26945852512, 40.0275031418875], [-105.269458501764, 40.0275101829468], [-105.269458477509, 40.0275172233174], [-105.269218611159, 40.0275372273211], [-105.269157176275, 40.0275423505903], [-105.269154333107, 40.027542588594], [-105.26915352103, 40.0275426560054], [-105.269152303813, 40.0275427571225], [-105.269149866683, 40.0275429600447], [-105.269142558889, 40.0275435694991], [-105.269143655732, 40.0272198418314], [-105.268814891202, 40.027219183535], [-105.26880188719, 40.0272195274726], [-105.26878888228, 40.0272198720979], [-105.268595130046, 40.0272566974779], [-105.268463947268, 40.0272816294904], [-105.268349605207, 40.027342819331], [-105.268021940216, 40.027342160348], [-105.268006428108, 40.0273421844235], [-105.267990917796, 40.0273422071234], [-105.267844801425, 40.0273521221356], [-105.265388376247, 40.0273471522479], [-105.263188074231, 40.0273682844141], [-105.263072223899, 40.0273693960177], [-105.262826848181, 40.0274545306314], [-105.262771648503, 40.0274607806421], [-105.262558096502, 40.0274924647348], [-105.261954610989, 40.0275820001961], [-105.26194853209, 40.0275829019954], [-105.261942696634, 40.0275791427783], [-105.261738452976, 40.0274475810535], [-105.26151893706, 40.0274471277454], [-105.261414789081, 40.0274369004527], [-105.26125024467, 40.0274207430056], [-105.261153656912, 40.0273833653518], [-105.260835443096, 40.0272435171102], [-105.260560854165, 40.0271539640077], [-105.260406194816, 40.0270941139807], [-105.259439395567, 40.0271177280821], [-105.25837068784, 40.0271438226555], [-105.258368824734, 40.0271550309029], [-105.258368460018, 40.0271572279778], [-105.258367711722, 40.027161729436], [-105.25836755272, 40.027162686271], [-105.258367103562, 40.0271653882463], [-105.258366191772, 40.027170878869], [-105.258364632297, 40.0271708995053], [-105.258364567618, 40.0271709001932], [-105.258363712422, 40.027170911887], [-105.258363345909, 40.0271709167022], [-105.258361802604, 40.0271709373385], [-105.258345429011, 40.0271711547071], [-105.258353886649, 40.0272449100566], [-105.258335407406, 40.0273560994212], [-105.258155638348, 40.0273571044046], [-105.25601886968, 40.0273277143088], [-105.256007780876, 40.0274346744961], [-105.256007442212, 40.027437937077], [-105.256007105343, 40.0274411982821], [-105.25600709636, 40.027442031296], [-105.256007093665, 40.0274426923418], [-105.256006346267, 40.0276532354313], [-105.255991900459, 40.0276536233903], [-105.25598959628, 40.0276536852986], [-105.255988247011, 40.0276537224437], [-105.255987252576, 40.0276537485827], [-105.255987177117, 40.0276537506464], [-105.255985065178, 40.0276538070518], [-105.255984613325, 40.0276581647122], [-105.255984505527, 40.0276592033969], [-105.25598438695, 40.0276603528286], [-105.255984224355, 40.0276619232371], [-105.255983656619, 40.0276674014382], [-105.255982521149, 40.0276783454573], [-105.253890202918, 40.0276994087338], [-105.253888587748, 40.0276994390001], [-105.253886973475, 40.0276994548212], [-105.253771631589, 40.0277006242004], [-105.253631751323, 40.027565437627], [-105.253630906907, 40.0274997630593], [-105.253604362588, 40.0254341574719], [-105.253645332053, 40.0233937846161], [-105.253646331878, 40.0233439844677], [-105.253646357929, 40.0233426705518], [-105.253646365116, 40.0233423444805], [-105.253654112187, 40.0233406253831], [-105.253661861055, 40.0233389055977], [-105.253668834676, 40.0233373577908], [-105.253671448774, 40.0233367778791], [-105.253685104963, 40.0233337469291], [-105.258385022257, 40.0222906264227], [-105.25841167078, 40.014770376045], [-105.258445746574, 40.0145486076503], [-105.25859879704, 40.01355252508], [-105.258701743972, 40.0129273689909], [-105.258690063178, 40.0081974361592], [-105.258690020957, 40.0081805255391], [-105.258689978737, 40.0081636135386], [-105.258690133247, 40.0081636534465], [-105.258758903773, 40.0081813243848], [-105.259069079465, 40.0082610238239], [-105.259410537189, 40.0082617366604], [-105.259595308066, 40.0082621219775], [-105.260717931779, 40.008264457274], [-105.261279810023, 40.0081037564867]]], [[[-105.271070158435, 40.0115720163247], [-105.269931376726, 40.0115775680612], [-105.26994014608, 40.0119919524092], [-105.267459269658, 40.0119869765864], [-105.26745529641, 40.013151888529], [-105.267373981808, 40.0131439054687], [-105.267272332044, 40.0131358818146], [-105.267289892311, 40.0135995947735], [-105.267951890489, 40.0136298019493], [-105.267951251786, 40.013817437714], [-105.267950427133, 40.0140598019346], [-105.268053833104, 40.0146141261245], [-105.272554584018, 40.0145891406346], [-105.272561333061, 40.0126069749294], [-105.272553642584, 40.0118642266674], [-105.271070158435, 40.0115720163247]]]]}, "properties": {"OBJECTID_1": 28, "OBJECTID": 29, "SchName": "Whittier", "SchCode": 196, "SchType": "Elementary", "SchType2": "Neighborhood", "StdtPop": 354, "Shape_Leng": 55499.4987848, "State_CD": 9544, "Key_ID": 29, "Yld": 0.09, "BVSD_Neigh": "Boulder", "Capacity": 371, "Enroll": 394, "Perc_Cap": 1.06, "SHAPE__Area": 8928080.734375, "SHAPE__Length": 22120.08697669648}}, {"type": "Feature", "id": 29, "geometry": {"type": "Polygon", "coordinates": [[[-105.267327759894, 39.9857142888461], [-105.267298911397, 39.9857142310295], [-105.267400646501, 39.9805217804016], [-105.267370135222, 39.9751096098307], [-105.26603572919, 39.9751815600062], [-105.265820132624, 39.9751983948135], [-105.265685698843, 39.9750423613578], [-105.265547430155, 39.9749033111208], [-105.26507175694, 39.9749453835021], [-105.264926498461, 39.9750101779203], [-105.264739101807, 39.9751013896433], [-105.260095163928, 39.9750918167482], [-105.258707490495, 39.9750889199593], [-105.256556215832, 39.97512953213], [-105.256067575437, 39.9751258326682], [-105.256057192709, 39.9751257541906], [-105.253638051208, 39.9751074083268], [-105.250808110128, 39.9751155858327], [-105.250579292157, 39.9750919186314], [-105.250455569888, 39.9750916508436], [-105.250408676034, 39.9750742714851], [-105.250371904396, 39.9750704673835], [-105.250004857262, 39.9749548187374], [-105.249906259973, 39.974888065762], [-105.249714154351, 39.9748168663254], [-105.249750754411, 39.974782782788], [-105.249729937751, 39.97476868979], [-105.25093984537, 39.9736316123631], [-105.251896222364, 39.9727325184315], [-105.252115585566, 39.9724060999621], [-105.252219894344, 39.9721412779342], [-105.252211749319, 39.9712224337284], [-105.252008911525, 39.9710206201845], [-105.251923115228, 39.9709723287572], [-105.250504650242, 39.9704974144237], [-105.25042244002, 39.9704695288858], [-105.249419130544, 39.9701439209303], [-105.249213531328, 39.9701302875491], [-105.249090762172, 39.9701249472394], [-105.24886504788, 39.9701779131518], [-105.248283173138, 39.9703257376397], [-105.248128039478, 39.9703676304002], [-105.24777981205, 39.9704996973128], [-105.247772615646, 39.9704994515374], [-105.247728750013, 39.9705162062614], [-105.247031901694, 39.9702950817142], [-105.246913942117, 39.9705922189716], [-105.246888999495, 39.9706633704873], [-105.246803210386, 39.9707617705481], [-105.246701262381, 39.9708835644453], [-105.246698704877, 39.9708816374939], [-105.246694507948, 39.9708864524627], [-105.246308291665, 39.9705875919278], [-105.241918542875, 39.9706026792149], [-105.240973318465, 39.9706052815393], [-105.238779150146, 39.9706273393321], [-105.236947779929, 39.9706231735491], [-105.236946539355, 39.9709450898602], [-105.236985820886, 39.9711533536224], [-105.236990322344, 39.9711664215904], [-105.237119349165, 39.9714672072178], [-105.237109702157, 39.9715128739759], [-105.235086174216, 39.9714503212355], [-105.233931156356, 39.9714516994865], [-105.231903547369, 39.9714470009034], [-105.23169238848, 39.9714484431791], [-105.229599253681, 39.9752960276654], [-105.228298059263, 39.9776656622322], [-105.225700106309, 39.9824360126723], [-105.225811421047, 39.9824963506504], [-105.226696808676, 39.9828728018771], [-105.226900533108, 39.9829573807682], [-105.226913341287, 39.9829626980489], [-105.227240244507, 39.9831229479619], [-105.227237690597, 39.98341041229], [-105.227233707467, 39.9838586233119], [-105.227230006408, 39.9842751134853], [-105.227226528131, 39.984666429161], [-105.227220806761, 39.9853102862802], [-105.227220778913, 39.985313382242], [-105.227220751065, 39.9853164788921], [-105.227217217093, 39.9857140823581], [-105.227214344281, 39.9860372924654], [-105.226576881789, 39.9860154392504], [-105.226572108142, 39.9860152761256], [-105.226567333596, 39.9860151123125], [-105.225412947252, 39.9859755300995], [-105.22453469045, 39.9859454077365], [-105.220852900342, 39.9858190566545], [-105.215401349174, 39.9860053895223], [-105.214078262813, 39.9860505737104], [-105.213016196331, 39.9860868321293], [-105.212848883313, 39.9860925435564], [-105.212676409473, 39.9858676603998], [-105.21238059425, 39.9854246474943], [-105.212101806593, 39.9850231197202], [-105.211933849483, 39.9847739125546], [-105.21175629028, 39.9845152733191], [-105.211198544287, 39.9837100771445], [-105.210284624368, 39.9823906395571], [-105.209829050958, 39.9817329008362], [-105.209263181499, 39.9809159012283], [-105.209139276872, 39.9807370057988], [-105.208313566124, 39.9795448016218], [-105.208182773215, 39.9793559530849], [-105.208182751656, 39.9793559221088], [-105.208182730096, 39.9793558904444], [-105.207799303082, 39.9788022574582], [-105.207334026969, 39.9781304297505], [-105.206770811133, 39.9773171621338], [-105.206560527203, 39.9770135131158], [-105.206037640334, 39.9762584540776], [-105.205348856192, 39.9752638044202], [-105.204866946873, 39.9745678752676], [-105.204686306449, 39.9743070075721], [-105.204038176463, 39.9733710054464], [-105.203893236885, 39.9731616855212], [-105.20378327501, 39.9730028806499], [-105.203639178052, 39.9727947746648], [-105.197626237324, 39.9704209341522], [-105.195312243627, 39.9695072687987], [-105.194042239615, 39.9690057841278], [-105.19405964088, 39.968295791242], [-105.19406824674, 39.9646294028897], [-105.194063492856, 39.9621398632404], [-105.194055509528, 39.960503357338], [-105.194086348692, 39.9575190648104], [-105.203470015402, 39.9572237946247], [-105.203494196253, 39.9549088509478], [-105.20351417209, 39.9503109394362], [-105.203518826261, 39.9499951830696], [-105.203497307119, 39.9435152928629], [-105.203496258785, 39.9432658737469], [-105.203495996477, 39.9432036078431], [-105.203495783576, 39.9431529048372], [-105.203465785236, 39.9360145130402], [-105.203465578623, 39.9359655563112], [-105.20353896649, 39.9359657450408], [-105.217531148712, 39.9360009059163], [-105.217497049562, 39.928649842283], [-105.217496299469, 39.9285891089009], [-105.217420052264, 39.9285532829036], [-105.217404321865, 39.9284848761175], [-105.217389422408, 39.9208775397061], [-105.217387513488, 39.9206741735179], [-105.217356577306, 39.9173791532403], [-105.217428682379, 39.9141940643788], [-105.26015951654, 39.914150351287], [-105.276507948311, 39.9139411532714], [-105.295640131587, 39.9139421110036], [-105.30479116069, 39.9141099392348], [-105.314073573793, 39.9140847461129], [-105.322697793983, 39.9140070982676], [-105.323345985054, 39.9140080945838], [-105.323876454602, 39.9140089069328], [-105.323942762847, 39.914009008218], [-105.323958811249, 39.9194393611855], [-105.323930745185, 39.9221067808762], [-105.323950737192, 39.9225708754255], [-105.32394565632, 39.9245414482466], [-105.324107640532, 39.9283013561817], [-105.324199192335, 39.9283378429383], [-105.324202225047, 39.9284082358846], [-105.324204662176, 39.9284647872986], [-105.331262078577, 39.9312567858948], [-105.332672489268, 39.931783508074], [-105.335441432944, 39.9328175029829], [-105.335908199362, 39.9330056789723], [-105.335908588333, 39.9330058360242], [-105.335909914246, 39.9330063705518], [-105.335151840351, 39.9337744939956], [-105.3347395325, 39.9341860708841], [-105.334235321606, 39.9346893793223], [-105.334056353845, 39.9348680246762], [-105.333402217723, 39.9355209718718], [-105.33258969065, 39.9363319980517], [-105.331958335804, 39.9369621697175], [-105.328776151826, 39.9401381589878], [-105.328165355824, 39.9407477220697], [-105.327678813893, 39.941233272648], [-105.327303274086, 39.9416080398796], [-105.326893156328, 39.9420173092346], [-105.326295808105, 39.942613409552], [-105.326099414825, 39.9428093894158], [-105.325926212451, 39.9429822262277], [-105.325886825818, 39.943021528924], [-105.325866389145, 39.9430419233959], [-105.325844370539, 39.9430638957259], [-105.325838565626, 39.9430696878851], [-105.325833731791, 39.943074511011], [-105.325832424743, 39.9430757941015], [-105.325830403533, 39.9430777790005], [-105.325825642462, 39.9430824023962], [-105.32570140995, 39.9432030658192], [-105.325082970182, 39.9438037302543], [-105.32465719928, 39.9442172557971], [-105.324657160653, 39.9442172943649], [-105.320521408713, 39.9482337585697], [-105.318695714052, 39.9500065961167], [-105.316781968324, 39.9518648059689], [-105.314263542323, 39.9543099456332], [-105.313631644894, 39.9549308139576], [-105.311359002447, 39.9571975686604], [-105.309460501129, 39.959091001386], [-105.307505182267, 39.9610409585083], [-105.305566864022, 39.9629738177185], [-105.303716203383, 39.964819132783], [-105.303562168363, 39.9649727164768], [-105.303409191558, 39.9651252464193], [-105.303333342307, 39.9652008713022], [-105.303228711035, 39.9653051954981], [-105.303202202649, 39.9653316262795], [-105.303202045444, 39.9653317825687], [-105.303181980674, 39.9653517889607], [-105.303172014764, 39.9653617260587], [-105.303171090397, 39.965362646581], [-105.303159355705, 39.9653743469215], [-105.303149413151, 39.9653842606073], [-105.303144262211, 39.9653893954264], [-105.303137265234, 39.9653963712889], [-105.303125522456, 39.9654080798856], [-105.303107690898, 39.9654258596536], [-105.303100780158, 39.9654327494502], [-105.303092496793, 39.9654410086678], [-105.303091629021, 39.9654418741093], [-105.303090975945, 39.965442524051], [-105.303089965341, 39.9654435326999], [-105.303088891854, 39.9654446026251], [-105.303087839927, 39.9654456525839], [-105.303086858068, 39.9654466309389], [-105.303085693852, 39.9654477910572], [-105.303085490832, 39.965447988656], [-105.303085016522, 39.9654484499494], [-105.303084349972, 39.9654490909406], [-105.303069004052, 39.9654638516371], [-105.30285550056, 39.9656692245835], [-105.3026806381, 39.9658374251537], [-105.302477193044, 39.9660331174747], [-105.300463003989, 39.9679704793022], [-105.298248023501, 39.9701008067212], [-105.296678420562, 39.9716103152], [-105.294917016529, 39.9733041758864], [-105.293118794146, 39.9750333288491], [-105.292999236467, 39.975150731405], [-105.292740424647, 39.9754048757464], [-105.292667394309, 39.9754765888026], [-105.291636294551, 39.9764934468382], [-105.290505016469, 39.9776158769077], [-105.289295134004, 39.9788162415514], [-105.286177639506, 39.981908960485], [-105.284130851488, 39.983939283115], [-105.282260523134, 39.9857944281741], [-105.280991217112, 39.9857831422398], [-105.279687105864, 39.9857715321178], [-105.278185253863, 39.9857581427565], [-105.277672833266, 39.9857535704264], [-105.277300438461, 39.9857502459712], [-105.277154709264, 39.9857489450973], [-105.277112061746, 39.9857485644713], [-105.277103153154, 39.9857476166918], [-105.277052846599, 39.9857422659014], [-105.277049928871, 39.9857419362091], [-105.277048867063, 39.9857419485983], [-105.277044600065, 39.9857419974672], [-105.277031767631, 39.9857421454502], [-105.276991756669, 39.9857426079831], [-105.276989164131, 39.9857426368914], [-105.276978987117, 39.9857427518364], [-105.276965984901, 39.9857428977545], [-105.276953616897, 39.9857430354131], [-105.27695114114, 39.9857430636332], [-105.27693910102, 39.9857432006035], [-105.276935430504, 39.9857432467191], [-105.27692010794, 39.985743436688], [-105.276909506921, 39.9857435571393], [-105.276018471584, 39.9857537156562], [-105.273341112948, 39.9857328328439], [-105.272491872628, 39.9857261963206], [-105.267430301685, 39.9857810470769], [-105.26742996302, 39.9857209556555], [-105.267312555009, 39.985717120485], [-105.267327759894, 39.9857142888461]]]}, "properties": {"OBJECTID_1": 29, "OBJECTID": 30, "SchName": "Mesa", "SchCode": 166, "SchType": "Elementary", "SchType2": "Neighborhood", "StdtPop": 258, "Shape_Leng": 129305.262387, "State_CD": 5838, "Key_ID": 23, "Yld": 0.17, "BVSD_Neigh": "Boulder", "Capacity": 485, "Enroll": 371, "Perc_Cap": 0.76, "SHAPE__Area": 115289727.44140625, "SHAPE__Length": 51430.49116902849}}, {"type": "Feature", "id": 30, "geometry": {"type": "Polygon", "coordinates": [[[-105.112259514639, 40.0401411619983], [-105.111495128282, 40.0401360293592], [-105.109501927465, 40.0401226217736], [-105.107512244451, 40.0401092100588], [-105.102764344543, 40.0400457882447], [-105.102866390465, 40.038745673791], [-105.102906167865, 40.0381910195133], [-105.102954190902, 40.0375213806166], [-105.103033986452, 40.0365989804248], [-105.103081257599, 40.0358924983189], [-105.103109155679, 40.0349139573487], [-105.103049413221, 40.033897791648], [-105.102967046692, 40.0329305813626], [-105.102879908313, 40.0319659167656], [-105.102803798551, 40.0309756881304], [-105.102734351593, 40.0300721502599], [-105.10267203097, 40.0290311241297], [-105.102663146632, 40.0284378994284], [-105.102709136781, 40.0229709310633], [-105.102784889014, 40.0217361224369], [-105.102819030385, 40.0212000526885], [-105.102892966224, 40.0200391320046], [-105.102928904225, 40.0195088806996], [-105.102917650131, 40.016592713819], [-105.102923027447, 40.0150001279389], [-105.102922495644, 40.0147376554188], [-105.102821569024, 40.0147418776801], [-105.10282176306, 40.0147085467833], [-105.102821764856, 40.0147081910866], [-105.102822169997, 40.0146387490282], [-105.102822171793, 40.0146383933312], [-105.102847083873, 40.0103616203639], [-105.102847082076, 40.0103612646446], [-105.102794215323, 40.006040745433], [-105.102794209035, 40.0060403896912], [-105.102729469249, 40.003760156196], [-105.102729469249, 40.0037598004424], [-105.102823047651, 40.0004468194473], [-105.102823053939, 40.0004464636764], [-105.102822741325, 40.0002799172605], [-105.102822741325, 40.0002795614887], [-105.102822641612, 40.0002264214102], [-105.102692204436, 40.0002248194036], [-105.100424175736, 40.0001969301696], [-105.096922413401, 40.0002483526563], [-105.095048101917, 40.0002528737815], [-105.090499471696, 40.0002368083025], [-105.090499467205, 40.0002364525304], [-105.090499196812, 40.0002283757481], [-105.090499185134, 40.000228019976], [-105.090497856525, 40.0001882574468], [-105.090497844847, 40.0001879016745], [-105.090460928581, 39.9990823369108], [-105.090460924987, 39.9990819811328], [-105.090489116816, 39.9972147533159], [-105.090489118612, 39.9972143975281], [-105.090479249721, 39.9942673982135], [-105.090479248822, 39.9942670424104], [-105.090491214382, 39.9922742880431], [-105.090491214382, 39.9922739322296], [-105.090478895785, 39.9906699914426], [-105.090478894886, 39.9906696356207], [-105.090481326626, 39.9902645639173], [-105.090481328422, 39.9902642080933], [-105.090481354473, 39.9902599223757], [-105.090535731294, 39.9902603587247], [-105.090558654504, 39.9902605424868], [-105.095157118765, 39.9902973485807], [-105.095157120562, 39.9902969927569], [-105.09515735053, 39.9902582616343], [-105.095217198091, 39.9902576635471], [-105.095217199888, 39.9902573084113], [-105.095217463094, 39.9902130127809], [-105.096667997936, 39.990243171804], [-105.097619268906, 39.9902336609077], [-105.097933117809, 39.9903103041448], [-105.09901994186, 39.9905019504033], [-105.102520831033, 39.9905140738405], [-105.108557556454, 39.9905771370144], [-105.114783812926, 39.9906185761963], [-105.115007905759, 39.9906200614268], [-105.115058952525, 39.9906211667465], [-105.116103756082, 39.9906451004254], [-105.116161106327, 39.9906450295363], [-105.116165745227, 39.9906450233421], [-105.116166551914, 39.9906450219657], [-105.116172408031, 39.9906450157715], [-105.116176308516, 39.9906450102655], [-105.116184295437, 39.9906450013183], [-105.116188215685, 39.9906449958124], [-105.116492285528, 39.990646104573], [-105.117087988037, 39.9906481871984], [-105.117859703748, 39.9906505100207], [-105.118551995812, 39.9906532925897], [-105.118542794368, 39.9915566449069], [-105.118526144993, 39.9923862116019], [-105.118526148586, 39.9923865674148], [-105.118526275248, 39.9923993636025], [-105.118526278842, 39.9923997194153], [-105.118526404606, 39.9924125142241], [-105.118526408199, 39.9924128700368], [-105.12126167134, 39.9924218885483], [-105.122254952024, 39.992429923584], [-105.122266249237, 39.9924300144298], [-105.122358256485, 39.9924307584018], [-105.122358307689, 39.9924356750861], [-105.122358312181, 39.9924360308987], [-105.122361615286, 39.9927502533633], [-105.122361619778, 39.9927506091743], [-105.122381311747, 39.9939042358135], [-105.122381318035, 39.9939045916185], [-105.12238141685, 39.9939103423082], [-105.122381423138, 39.9939106981132], [-105.122381864211, 39.993936574146], [-105.122381869601, 39.9939369299508], [-105.122383627604, 39.994039867587], [-105.122383633892, 39.9940402233914], [-105.122383665333, 39.9940420602225], [-105.122383671621, 39.9940424160268], [-105.12238414144, 39.9940699946393], [-105.122384147728, 39.9940703504434], [-105.12238538381, 39.9941427775398], [-105.122385390098, 39.9941431333436], [-105.122385430522, 39.9941455166094], [-105.122385436811, 39.9941458724132], [-105.122394594237, 39.9941459859675], [-105.122406106147, 39.9941461291149], [-105.122443079007, 39.9941465874617], [-105.122659204682, 39.9941492721627], [-105.122740429451, 39.9941502810762], [-105.124676435433, 39.9941743071148], [-105.124769115519, 39.9941754564223], [-105.124767337753, 39.9975014323209], [-105.124767337753, 39.9975017881072], [-105.127898667204, 39.9975100936861], [-105.127924787517, 39.9975101625035], [-105.127924787517, 39.9975098067173], [-105.127924813569, 39.9974765575569], [-105.127924814467, 39.9974762017705], [-105.127926088278, 39.9958479461753], [-105.127926092769, 39.9958475903803], [-105.127944779524, 39.9941725941647], [-105.127944784016, 39.9941722383611], [-105.127944843304, 39.9941667120493], [-105.127944845999, 39.9941663562456], [-105.127950491911, 39.9941663583103], [-105.127951044375, 39.9941663583103], [-105.127954056426, 39.9941663589985], [-105.127958918108, 39.9941663610631], [-105.127964218168, 39.9941663631277], [-105.128017539469, 39.994166380333], [-105.128024820314, 39.9941663817094], [-105.128068706609, 39.9941664931991], [-105.128185393273, 39.9941667891287], [-105.128264489934, 39.9941668145923], [-105.128284256463, 39.9941668207862], [-105.128287856013, 39.994166823539], [-105.130064863782, 39.9941670251841], [-105.130490739787, 39.9941671552554], [-105.130582670678, 39.9941671827838], [-105.130932291393, 39.9941672880796], [-105.130949000057, 39.994167292897], [-105.131189028105, 39.9941673644707], [-105.131195740316, 39.9941673672235], [-105.131264436283, 39.9941673913108], [-105.13711673578, 39.9941693258641], [-105.137133600751, 39.9941693403164], [-105.137150466621, 39.9941693547688], [-105.137190403023, 39.9942210288611], [-105.137333837923, 39.9944066141299], [-105.137333860381, 39.9944697734996], [-105.137333860381, 39.9944701293017], [-105.137334227792, 39.9954913623766], [-105.137334227792, 39.9954917181733], [-105.137334566457, 39.9964325298156], [-105.137334566457, 39.9964328856074], [-105.137317018766, 39.9973941588901], [-105.137317011579, 39.9973945146769], [-105.13729573588, 39.9985599364549], [-105.137295728694, 39.9985602922356], [-105.137294494409, 39.9986279304595], [-105.13729448812, 39.9986282862399], [-105.137225125604, 39.998601339826], [-105.136261345593, 39.9982269186587], [-105.136204228911, 39.9982119654698], [-105.136187911014, 39.9982076933262], [-105.136171592219, 39.998203420494], [-105.136138667167, 39.9981947998188], [-105.136081532518, 39.9982342951236], [-105.134460067142, 39.9993551252192], [-105.134424630401, 39.9993756866271], [-105.134411162858, 39.9993835006349], [-105.134371855276, 39.9994059523973], [-105.134370619194, 39.9994066694553], [-105.134370625482, 39.9994070211027], [-105.134370690161, 39.9994105857476], [-105.134370698246, 39.9994109415239], [-105.13437073328, 39.9994126343861], [-105.134370740467, 39.9994129901624], [-105.134370797061, 39.9994156409368], [-105.134370804247, 39.999415996713], [-105.13437081323, 39.9994164591534], [-105.134370821315, 39.9994168149297], [-105.134370859943, 39.9994187059805], [-105.134370868028, 39.9994190617568], [-105.134371031521, 39.9994269273712], [-105.134371038707, 39.9994272831475], [-105.134371060267, 39.9994283195092], [-105.134371067454, 39.9994286752854], [-105.134371113268, 39.9994308766938], [-105.134371120454, 39.9994312324701], [-105.134371219269, 39.9994359552788], [-105.134371227354, 39.999436311055], [-105.134371240828, 39.999437003339], [-105.134371248913, 39.9994373591152], [-105.134371293829, 39.9994395274919], [-105.134371301914, 39.9994398832681], [-105.13437132527, 39.9994409987675], [-105.134371332457, 39.9994413545436], [-105.134371384559, 39.9994438614925], [-105.134371391745, 39.9994442172686], [-105.134371589375, 39.9994536979799], [-105.134371596561, 39.9994540537559], [-105.134370832095, 39.9995966840393], [-105.134370830298, 39.9995970398146], [-105.134370757535, 39.9996106831444], [-105.134370718907, 39.9996110361671], [-105.134370709026, 39.9996111221863], [-105.134370532956, 39.999612736594], [-105.134370414378, 39.9996138245644], [-105.134370038883, 39.9996172625784], [-105.134369569064, 39.999621499538], [-105.134368417423, 39.9996320014439], [-105.13436732058, 39.9996419727821], [-105.13436494813, 39.9996634727442], [-105.134364674144, 39.9996659583521], [-105.134364611262, 39.9996665364005], [-105.134364232173, 39.9996699902393], [-105.134364167494, 39.9996705875559], [-105.134362800258, 39.999683045184], [-105.134361408768, 39.9996955950222], [-105.134360965898, 39.9996962061017], [-105.134354856456, 39.9997046407863], [-105.134351400637, 39.999709413123], [-105.134336286482, 39.9997302785876], [-105.134326388845, 39.9997439425353], [-105.134324918302, 39.99974597396], [-105.1343014579, 39.9997784808761], [-105.134279246157, 39.9998092591404], [-105.134255090459, 39.9998427273733], [-105.134014795612, 40.0000260140861], [-105.133891244921, 40.0000391887007], [-105.133889242576, 40.0000394020269], [-105.133889162626, 40.0000394109729], [-105.13388724113, 40.0000396153531], [-105.133876154122, 40.0000975863793], [-105.133875695083, 40.0000999852648], [-105.133869176908, 40.0001340720003], [-105.133867243733, 40.0001441795185], [-105.13386717636, 40.000144535291], [-105.133866807152, 40.0001445346029], [-105.133866716422, 40.0001445346029], [-105.133865734563, 40.0001445339147], [-105.131083221836, 40.0001251921368], [-105.13102649053, 40.0001250104657], [-105.131027361896, 40.000211556742], [-105.13102736549, 40.0002119125142], [-105.131069405746, 40.0043871233902], [-105.131069407543, 40.0043874791406], [-105.131054517967, 40.007139480515], [-105.131054522459, 40.007139836251], [-105.13106830531, 40.00793202488], [-105.131068308005, 40.0079323806119], [-105.131042152657, 40.0127663771402], [-105.131042154454, 40.0127667328469], [-105.131050523159, 40.0136763404446], [-105.131050529447, 40.0136766961466], [-105.131079660015, 40.0146877835926], [-105.131079663609, 40.0146881392893], [-105.131031063854, 40.0236689550092], [-105.131031062057, 40.023669311347], [-105.131004690215, 40.0285415293123], [-105.131004691113, 40.0285418849368], [-105.131008028355, 40.0292627037868], [-105.13100803105, 40.0292630594075], [-105.131026619888, 40.0318528585196], [-105.131026620786, 40.0318532141268], [-105.131082301062, 40.0327112724814], [-105.131066658698, 40.03560135034], [-105.131066665885, 40.0356017059277], [-105.131226693566, 40.0400884181475], [-105.131226695363, 40.0400884772936], [-105.131226698058, 40.040088535752], [-105.131226701651, 40.0400886533564], [-105.131226706143, 40.0400887737118], [-105.131226707939, 40.0400888335457], [-105.131226709736, 40.0400888899408], [-105.131226714227, 40.0400890089207], [-105.131226722312, 40.0400892427541], [-105.131226725906, 40.040089356232], [-105.131226738482, 40.0400897124841], [-105.131226760042, 40.0400902950043], [-105.13122677172, 40.0400906512563], [-105.131226826517, 40.0400921725488], [-105.131226839093, 40.040092528113], [-105.131226961264, 40.0400959269498], [-105.131226973841, 40.040096282514], [-105.13122722986, 40.0401034350635], [-105.13122723525, 40.0401037913154], [-105.131162306818, 40.0401036269444], [-105.131165070036, 40.040198006139], [-105.131165074528, 40.0401983617028], [-105.131154619934, 40.0401983589517], [-105.131149392638, 40.0401983575763], [-105.13114677854, 40.0401983575763], [-105.13114547239, 40.0401983568885], [-105.131144818416, 40.0401983568885], [-105.13114449143, 40.0401983562008], [-105.131144327936, 40.0401983568885], [-105.131144246189, 40.0401983568885], [-105.131144165341, 40.0401983562008], [-105.121624547595, 40.0401949332981], [-105.11752290828, 40.0401532594269], [-105.116880137643, 40.0401650418663], [-105.112429845098, 40.0401013078679], [-105.112355957768, 40.0401005527237], [-105.112259321501, 40.0400988622461], [-105.112259514639, 40.0401411619983]]]}, "properties": {"OBJECTID_1": 30, "OBJECTID": 33, "SchName": "Lafayette", "SchCode": 153, "SchType": "Elementary", "SchType2": "Neighborhood", "StdtPop": 1061, "Shape_Leng": 64819.9705441, "State_CD": 4874, "Key_ID": 21, "Yld": 0.22, "BVSD_Neigh": " ", "Capacity": 623, "Enroll": 589, "Perc_Cap": 0.95, "SHAPE__Area": 24353125.74609375, "SHAPE__Length": 25821.573229391845}}]}